#t_ns,in_ts
7465093169994,14841846959697
7465126453394,14841861804037
7465159742594,14841874254028
7465193037794,14841884688896
7465226321594,14841893340987
7465259611794,14841902659103
7465292898794,14841910016677
7465326188294,14841918310613
7465359478694,14841925904760
7465392767994,14841932659262
7465426056294,14841940620432
7465459346694,14841947743109
7465492636594,14841955942110
7465525926094,14841964349390
7465559214494,14841971997311
7465592503494,14841979627671
7465625799994,14841986828107
7465659082094,14841994444433
7465692371694,14842002803940
7465725667494,14842010805197
7465758950894,14842018521871
7465792239894,14842026999325
7465825536094,14842035137620
7465858822394,14842042701038
7465892129894,14842049482926
7465925404594,14842055569101
7465958686294,14842064396698
7465991989594,14842071508237
7466025264894,14842080941194
7466058554294,14842090784016
7466091845194,14842097969660
7466125134394,14842105695732
7466158422994,14842114216349
7466191713994,14842122456491
7466225003394,14842131248529
7466258291294,14842139692071
7466291581494,14842148632891
7466324869494,14842157788775
7466358195394,14842166102080
7466391448094,14842174974840
7466424737994,14842184755737
7466458034094,14842194067132
7466491318694,14842203038693
7466524605794,14842215441672
7466557902394,14842226047892
7466591185594,14842235519373
7466624474194,14842245857768
7466657770694,14842257085280
7466691054094,14842267507742
7466724343894,14842278404446
7466757633294,14842290641744
7466790921094,14842300338120
7466824211194,14842309532879
7466857501194,14842319203397
7466890789594,14842328881555
7466924079694,14842338392488
7466957369294,14842347988418
7466990657294,14842359722608
7467023947494,14842371529117
7467057237294,14842382036781
7467090530894,14842392476947
7467123815894,14842403024561
7467157104094,14842412900086
7467190400694,14842422804837
7467223705794,14842434954584
7467256971994,14842445488400
7467290268294,14842455574209
7467323577194,14842466515157
7467356840694,14842477797101
7467390137194,14842488631410
7467423431594,14842498812585
7467456709994,14842509762382
7467489999494,14842520202653
7467523287594,14842532136627
7467556578294,14842542924952
7467589866294,14842553139121
7467623155794,14842563884050
7467656445894,14842574029043
7467689735094,14842586062846
7467723023194,14842596266491
7467756314194,14842607864632
7467789603994,14842619655107
7467822899794,14842629938579
7467856199994,14842640315737
7467889470894,14842650321445
7467922768194,14842663174772
7467956049894,14842673776316
7467989338794,14842684576655
7468022634994,14842694457627
7468055918494,14842704383687
7468089206994,14842714573725
7468122503794,14842725655873
7468155786794,14842735949923
7468189076194,14842745949348
7468222365494,14842757435877
7468255653694,14842767946103
7468288944194,14842777835921
7468322232594,14842787708313
7468355521594,14842798727209
7468388812394,14842810988002
7468422102794,14842821869714
7468455390194,14842834173374
7468488680894,14842847583236
7468521971194,14842860449929
7468555287194,14842871266435
7468588548294,14842881916130
7468621836894,14842892998647
7468655154194,14842904490430
7468688416094,14842915593410
7468721705794,14842925614993
7468755001294,14842934960518
7468788284494,14842944410027
7468821573094,14842953410941
7468854871494,14842963900341
7468888154394,14842974726503
7468921441294,14842985268382
7468954732294,14842994215878
7468988020194,14843003248887
7469021310294,14843011689938
7469054599194,14843020106838
7469087888494,14843029253895
7469121178694,14843039427730
7469154469294,14843049297215
7469187756594,14843058622745
7469221046894,14843068051143
7469254337494,14843077499759
7469287628494,14843086615990
7469320915094,14843096993654
7469354203194,14843106468039
7469387502394,14843115723526
7469420783694,14843124095687
7469454071994,14843135391365
7469487367794,14843145931846
7469520653194,14843155802021
7469553939694,14843166872269
7469587236294,14843176706208
7469620519794,14843186353087
7469653807894,14843197131287
7469687098394,14843205804839
7469720403594,14843214803966
7469753676794,14843224369209
7469786966494,14843236052719
7469820255194,14843246279261
7469853545394,14843256706166
7469886833494,14843266166468
7469920122994,14843274519180
7469953413294,14843283973458
7469986737294,14843293106117
7470019993894,14843303473159
7470053281394,14843315159288
7470086571094,14843326236432
7470119866994,14843335989935
7470153150094,14843346867763
7470186438294,14843357765844
7470219735494,14843367205554
7470253016694,14843377927693
7470286306294,14843389307663
7470319602794,14843401503336
7470352887394,14843412040279
7470386174294,14843421644561
7470419464394,14843431714956
7470452755094,14843442152168
7470486044294,14843452428195
7470519333094,14843462690505
7470552621094,14843472643055
7470585912794,14843483077163
7470619200394,14843492435374
7470652489394,14843501808258
7470685780094,14843510805033
7470719068994,14843520709223
7470752361194,14843530077507
7470785648094,14843540601574
7470818937594,14843550202843
7470852237994,14843558665221
7470885515594,14843568825154
7470918804594,14843577664798
7470952101294,14843587420402
7470985383294,14843596467104
7471018672494,14843605712948
7471051969194,14843616025300
7471085252094,14843624117993
7471118540694,14843634373757
7471151831394,14843643138085
7471185121394,14843654029241
7471218408894,14843662466525
7471251699594,14843673215885
7471284987594,14843682136894
7471318301294,14843691774275
7471351566294,14843701985175
7471384855594,14843711833410
7471418146594,14843722577034
7471451435394,14843733606420
7471484726894,14843744973783
7471518014394,14843755769415
7471551305294,14843765114867
7471584597694,14843773811598
7471617882694,14843782646994
7471651170894,14843793490683
7471684466794,14843803528309
7471717750494,14843813517132
7471751038594,14843825264866
7471784335794,14843834638198
7471817619394,14843843152975
7471850906994,14843852524649
7471884197694,14843861614985
7471917487594,14843869181537
7471950775094,14843878755928
7471984065694,14843886744021
7472017376094,14843893581259
7472050644294,14843900636172
7472083934294,14843907416149
7472117222094,14843917824093
7472150512194,14843929515939
7472183814994,14843942365043
7472217093394,14843955083392
7472250380794,14843965971029
7472283669794,14843975401257
7472316964994,14843987317857
7472350248994,14843999992789
7472383538494,14844010906794
7472416833794,14844022434778
7472450116794,14844034245865
7472483405694,14844044656514
7472516702294,14844054612639
7472549983894,14844064048174
7472583273594,14844073907000
7472616564094,14844083658256
7472649903394,14844094000319
7472683141694,14844103612816
7472716431894,14844113390545
7472749721594,14844122748756
7472783010494,14844132461572
7472816303294,14844143103741
7472849588394,14844151042103
7472882879694,14844160056132
7472916167694,14844170368168
7472949459594,14844180172612
7472982747694,14844189932410
7473016036994,14844200698096
7473049330394,14844211111349
7473082615294,14844227315502
7473115904994,14844241776548
7473149200694,14844254735885
7473182483094,14844267184377
7473215771994,14844278420241
7473249069694,14844288858490
7473282350094,14844299684261
7473315639694,14844311019051
7473348930194,14844322145345
7473382219494,14844333323855
7473415507894,14844344087956
7473448798194,14844354887514
7473482092894,14844363195942
7473515398494,14844372764728
7473548666894,14844381403129
7473581962994,14844390584917
7473615255094,14844400506452
7473648533494,14844411660637
7473681825894,14844421723894
7473715113794,14844432356404
7473748403094,14844442518605
7473781696794,14844451536555
7473814981694,14844460672982
7473848271794,14844468771439
7473881564894,14844476557004
7473914849294,14844485436359
7473948138094,14844493745233
7473981468294,14844503512434
7474014716994,14844511687912
7474048006394,14844522015561
7474081296694,14844530902616
7474114587194,14844539960276
7474147874594,14844547471062
7474181164794,14844556936767
7474214453994,14844568225731
7474247742394,14844582074925
7474281032794,14844593793719
7474314348494,14844604344810
7474347612394,14844613841923
7474380901094,14844624257154
7474414192394,14844634952677
7474447480294,14844646526992
7474480769294,14844656911298
7474514063394,14844667322496
7474547348294,14844676883244
7474580637594,14844685585853
7474613931494,14844694362745
7474647217594,14844702662834
7474680504494,14844712757330
7474713801094,14844721864647
7474747084494,14844732845958
7474780373194,14844742935208
7474813663494,14844751414712
7474846973694,14844760904725
7474880241194,14844770368823
7474913531494,14844780646002
7474946843694,14844789758907
7474980108894,14844799148032
7475013399394,14844807940483
7475046714594,14844816745770
7475079978194,14844826692923
7475113267794,14844836076924
7475146558894,14844845918296
7475179846694,14844855001616
7475213134294,14844863470656
7475246429794,14844872662823
7475279714094,14844881957985
7475313043694,14844891394495
7475346297794,14844898930162
7475379582194,14844909573648
7475412872094,14844918681378
7475446167894,14844930111268
7475479466794,14844940077140
7475512739094,14844949617781
7475546030594,14844959030546
7475579317794,14844968327536
7475612607394,14844979656768
7475645897594,14844988133477
7475679186794,14844999065576
7475712475594,14845009345036
7475745765894,14845019962513
7475779055494,14845030941787
7475812344794,14845041034150
7475845634094,14845051505973
7475878924794,14845061746974
7475912212894,14845071011717
7475945500694,14845081118797
7475978796094,14845090369993
7476012080794,14845099360292
7476045371494,14845109104063
7476078664394,14845119433287
7476111948894,14845130219286
7476145239794,14845141381447
7476178555694,14845152291735
7476211816994,14845162097259
7476245105594,14845171594260
7476278419594,14845180723977
7476311684594,14845191877461
7476344973794,14845202256551
7476378264194,14845212575646
7476411553194,14845221381752
7476444841794,14845229829615
7476478132294,14845238039455
7476511422694,14845246173944
7476544709594,14845255674074
7476578000194,14845264493750
7476611291094,14845272861112
7476644579194,14845281489453
7476677867294,14845289550646
7476711162394,14845296516442
7476744447594,14845304832026
7476777737294,14845315297667
7476811030594,14845323624418
7476844314994,14845334342818
7476877605894,14845343115225
7476910899894,14845351113918
7476944183594,14845359218674
7476977471894,14845366386753
7477010762494,14845374729622
7477044051994,14845382765191
7477077340094,14845391395686
7477110630294,14845400375463
7477143918994,14845408498014
7477177208194,14845416186357
7477210498494,14845423873279
7477243788594,14845432652272
7477277076294,14845441335299
7477310366894,14845450287558
7477343686894,14845460694866
7477376948794,14845468684226
7477410234694,14845477177163
7477443528994,14845487842872
7477476813894,14845497633569
7477510101894,14845508131211
7477543397994,14845518039372
7477576681894,14845528018649
7477610001994,14845536132893
7477643265394,14845544230245
7477676550094,14845551487868
7477709839594,14845559687103
7477743128994,14845568381064
7477776418094,14845577821275
7477809708194,14845585517536
7477842997394,14845592400723
7477876285394,14845600310350
7477909574794,14845608293053
7477942864994,14845616892527
7477976155094,14845625975310
7478009442394,14845635035546
7478042733194,14845641802544
7478076026794,14845647725513
7478109312594,14845655365388
7478142601294,14845663346797
7478175896094,14845672092992
7478209180494,14845680107883
7478242468694,14845688065650
7478275763694,14845697385252
7478309047894,14845704491446
7478342337394,14845712022149
7478375632594,14845719544561
7478408916494,14845728713636
7478442206194,14845738749112
7478475495494,14845746886094
7478508784594,14845756477274
7478542072994,14845764165655
7478575363794,14845773398111
7478608651794,14845781511722
7478641940994,14845790123953
7478675231094,14845799060785
7478708520494,14845809054414
7478741809194,14845817260315
7478775099494,14845826109490
7478808392494,14845834525093
7478841677494,14845842124613
7478874968094,14845850693302
7478908262594,14845860982160
7478941566694,14845870979405
7478974834394,14845879993390
7479008129894,14845887469394
7479041414694,14845895370930
7479074703894,14845904129865
7479107998594,14845913605893
7479141318594,14845923173451
7479174573094,14845932426891
7479207860394,14845940847267
7479241150694,14845949529827
7479274443094,14845957639494
7479307728994,14845966346371
7479341018994,14845977404499
7479374307594,14845986176725
7479407597894,14845995548873
7479440887794,14846006629915
7479474175494,14846016522200
7479507466294,14846024121572
7479540758894,14846032104116
7479574043694,14846041566414
7479607333994,14846050119941
7479640660994,14846059134596
7479673912694,14846067147820
7479707201894,14846075395220
7479740496394,14846083687824
7479773780994,14846093682152
7479807079194,14846103156321
7479840364794,14846113063837
7479873649094,14846123118385
7479906938794,14846132384400
7479940226994,14846141824141
7479973517794,14846151439121
7480006806994,14846161263965
7480040111994,14846170872261
7480073385794,14846178546784
7480106673494,14846189394108
7480139963894,14846198969744
7480173252694,14846205674225
7480206541794,14846216550108
7480239832394,14846226301079
7480273172794,14846236097937
7480306410094,14846245353273
7480339700194,14846254030991
7480373023894,14846262841357
7480406278994,14846272468962
7480439568594,14846281308467
7480472862794,14846290352716
7480506148294,14846299417625
7480539435894,14846309120386
7480572730794,14846317722156
7480606015494,14846326445171
7480639304594,14846335544298
7480672593094,14846344962200
7480705883794,14846354853497
7480739173194,14846365067857
7480772462894,14846373123214
7480805751794,14846381473475
7480839039994,14846389920720
7480872331494,14846398475817
7480905619194,14846406333251
7480938908194,14846414320516
7480972198394,14846425288183
7481005489794,14846435269025
7481038776094,14846446087665
7481072066694,14846454849316
7481105362594,14846463949287
7481138661894,14846471786630
7481171937794,14846479051397
7481205229694,14846486480061
7481238522794,14846496798898
7481271802394,14846506637068
7481305097894,14846514434199
7481338381894,14846523133900
7481371671294,14846530026655
7481404959494,14846539468626
7481438250294,14846549541377
7481471540594,14846558954393
7481504827494,14846566866786
7481538118194,14846575496861
7481571407194,14846584626425
7481604730794,14846593483912
7481637985294,14846602516540
7481671274794,14846610367642
7481704565394,14846619138159
7481737857994,14846629222342
7481771142994,14846637777866
7481804433794,14846646560544
7481837728494,14846655707644
7481871011194,14846665347960
7481904301594,14846675063539
7481937636894,14846683173159
7481970882094,14846691633022
7482004170094,14846701586809
7482037463894,14846711142106
7482070748194,14846720028889
7482104037994,14846729934730
7482137325894,14846739196878
7482170616394,14846747966275
7482203906994,14846756096252
7482237193894,14846763692224
7482270484594,14846770992981
7482303772894,14846777739217
7482337063194,14846785097302
7482370353194,14846794792295
7482403641394,14846802836754
7482436931294,14846812935152
7482470243894,14846823164869
7482503508994,14846831652367
7482536799994,14846839365327
7482570099394,14846846429488
7482603377394,14846855159462
7482636667694,14846862453726
7482669991894,14846870989480
7482703249894,14846877780025
7482736536594,14846886958917
7482769830494,14846895884123
7482803114894,14846904068498
7482836403294,14846913171662
7482869692694,14846924731453
7482902982794,14846933518869
7482936328894,14846940627767
7482969560394,14846948121367
7483002850994,14846955951668
7483036140694,14846964959185
7483069429894,14846973971260
7483102719094,14846982347121
7483136007694,14846991764594
7483169298894,14846998358155
7483202587194,14847004529735
7483235875894,14847012442694
7483269166294,14847019361515
7483302460994,14847028063081
7483335744294,14847040226897
7483369034394,14847051692952
7483402329894,14847060978003
7483435613894,14847070751146
7483468902694,14847078878758
7483502197494,14847086395208
7483535481994,14847095046373
7483568769794,14847102767308
7483602058894,14847111341049
7483635349594,14847117823272
7483668639694,14847124921002
7483701926994,14847132135214
7483735217494,14847139383354
7483768508194,14847148918785
7483801824194,14847156695865
7483835085494,14847163857013
7483868374094,14847171681239
7483901678394,14847179081094
7483934953894,14847186569095
7483968242194,14847194098562
7484001532494,14847204464317
7484034828094,14847216325407
7484068110194,14847226950860
7484101400594,14847240334302
7484134697294,14847253014066
7484167978194,14847263129646
7484201269094,14847280931978
7484234563594,14847292299829
7484267847594,14847302538419
7484301135794,14847313883139
7484334425394,14847323422323
7484367715594,14847332111750
7484401006194,14847341430569
7484434293394,14847351219102
7484467584494,14847361930506
7484500874294,14847369726088
7484534162094,14847380553059
7484567451994,14847388494043
7484600743794,14847397072615
7484634030294,14847405196597
7484667320894,14847413741819
7484700608794,14847422461127
7484733899094,14847432279993
7484767194994,14847443118946
7484800476194,14847453042031
7484833767294,14847462497050
7484867063594,14847471019520
7484900345794,14847480093669
7484933635194,14847490245621
7484966981694,14847500273228
7485000213394,14847509978886
7485033503594,14847518715757
7485066792094,14847525908137
7485100082294,14847536289800
7485133370694,14847545932963
7485166659694,14847557962935
7485199950294,14847568878684
7485233265894,14847578959830
7485266527594,14847589630660
7485299818594,14847599130845
7485333107894,14847609171831
7485366396794,14847619150718
7485399687394,14847629839544
7485432975294,14847640139589
7485466265594,14847648891999
7485499559594,14847657238577
7485532843094,14847664776004
7485566133794,14847672686438
7485599429394,14847681036139
7485632710994,14847691033623
7485666001594,14847700489775
7485699298994,14847710778582
7485732581094,14847719138963
7485765869794,14847728155217
7485799158194,14847737124840
7485832449294,14847746270561
7485865736994,14847756341921
7485899026394,14847765251635
7485932316594,14847774278494
7485965605794,14847783143978
7485998894094,14847791841828
7486032184894,14847800278666
7486065474594,14847808585111
7486098763694,14847818270604
7486132053194,14847829875300
7486165341394,14847841521668
7486198631694,14847852717325
7486231925794,14847863355350
7486265209294,14847873769866
7486298499994,14847884055493
7486331795094,14847893918534
7486365077694,14847903339291
7486398368094,14847912849411
7486431664994,14847921770241
7486464945094,14847932051448
7486498248994,14847942145788
7486531524694,14847951722081
7486564848394,14847961844652
7486598103394,14847970820377
7486631393194,14847979171063
7486664683094,14847987430083
7486697972194,14847995804285
7486731260794,14848004552267
7486764551394,14848011517740
7486797841694,14848020460449
7486831128894,14848029712796
7486864419194,14848039121899
7486897708094,14848047344885
7486930997994,14848056207149
7486964291694,14848064761136
7486997575294,14848073721037
7487030866294,14848083405138
7487064162794,14848092128706
7487097443494,14848102103632
7487130733994,14848111630347
7487164031294,14848120534195
7487197311994,14848130132828
7487230602694,14848139025656
7487263891194,14848149362460
7487297180694,14848158979095
7487330471294,14848168932980
7487363759194,14848178096042
7487397049494,14848187312916
7487430340294,14848197373189
7487463627294,14848206386255
7487496917094,14848216381795
7487530206494,14848224958749
7487563495394,14848233350984
7487596786094,14848241448706
7487630075594,14848248878097
7487663363994,14848256413385
7487696660094,14848264805900
7487729942394,14848274048946
7487763232794,14848282313465
7487796527194,14848290695242
7487829811094,14848299270663
7487863100694,14848307186995
7487896429394,14848315025429
7487929678494,14848324183749
7487962968894,14848333566081
7487996296294,14848343302950
7488029559094,14848352614510
7488062837094,14848360934143
7488096125294,14848370686532
7488129416294,14848380021816
7488162704494,14848389516620
7488195993894,14848399933708
7488229283894,14848409522582
7488262573094,14848418942735
7488295861894,14848428390928
7488329152194,14848438790324
7488362441694,14848447877006
7488395731994,14848456179847
7488429025994,14848466768155
7488462308494,14848477162124
7488495599894,14848486494198
7488528893194,14848496357634
7488562176194,14848505602551
7488595466894,14848515138465
7488628762894,14848524893137
7488662044494,14848534202475
7488695335294,14848542588930
7488728631594,14848550958837
7488761922594,14848560011857
7488795202994,14848565644560
7488828491994,14848573820506
7488861781994,14848582808731
7488895070394,14848589403244
7488928360194,14848598429568
7488961650294,14848607057171
7488994939594,14848615254603
7489028228194,14848624409246
7489061518694,14848633991268
7489094808794,14848644361872
7489128095894,14848654694482
7489161395194,14848665384940
7489194675094,14848676096441
7489227985394,14848687103129
7489261259194,14848697019052
7489294543494,14848706300217
7489327833194,14848716477581
7489361130894,14848726462432
7489394410894,14848736023149
7489427701394,14848747131106
7489460994194,14848755390129
7489494279894,14848762136556
7489527570094,14848768785633
7489560859494,14848777132808
7489594147694,14848787210592
7489627437994,14848796157510
7489660726294,14848804932469
7489694016694,14848813946059
7489727306594,14848822152874
7489760594194,14848832252120
7489793885094,14848841259298
7489827175194,14848850214095
7489860462494,14848858987343
7489893758494,14848869449059
7489927053194,14848877780059
7489960331794,14848886892981
7489993626594,14848895275864
7490026909594,14848903357748
7490060200194,14848913240014
7490093510394,14848924134694
7490126777394,14848934881382
7490160068094,14848945978997
7490193363994,14848955536438
7490226644994,14848964511748
7490259935894,14848974605708
7490293225794,14848984068729
7490326514794,14848993702507
7490359804694,14849003135091
7490393092894,14849013962717
7490426383194,14849025668391
7490459671494,14849035072358
7490492960894,14849045102639
7490526251194,14849055483801
7490559591494,14849065597549
7490592828294,14849076195710
7490626124594,14849085971440
7490659408794,14849096357727
7490692698494,14849105802350
7490725993194,14849115396305
7490759275694,14849127341203
7490792567594,14849137506382
7490825860694,14849147502298
7490859144394,14849157358557
7490892434294,14849165841311
7490925729794,14849174716688
7490959011994,14849184020523
7490992302694,14849194384492
7491025592294,14849204224877
7491058885094,14849214684318
7491092170594,14849225038191
7491125459194,14849234433798
7491158749994,14849241846401
7491192037894,14849250672371
7491225327394,14849261166399
7491258617694,14849271136752
7491291907994,14849280703704
7491325195394,14849288968153
7491358490794,14849297544315
7491391776194,14849305307206
7491425086494,14849315114456
7491458359794,14849324736158
7491491643494,14849332624215
7491524942094,14849341945664
7491558226794,14849351209514
7491591510794,14849360638095
7491624800894,14849369891500
7491658096994,14849379649795
7491691378494,14849389106788
7491724669194,14849398267991
7491757959094,14849406410564
7491791246494,14849415126053
7491824536994,14849420563853
7491857825594,14849426578078
7491891148794,14849434111817
7491924404694,14849442939050
7491957693494,14849449942355
7491990983994,14849458480545
7492024273394,14849465648661
7492057561694,14849471957631
7492090856894,14849478716835
7492124142494,14849489108938
7492157429394,14849497762134
7492190726294,14849506985730
7492224009094,14849514844051
7492257298594,14849522559498
7492290594694,14849529323783
7492323876894,14849538494986
7492357167494,14849549045752
7492390463894,14849559683850
7492423744694,14849572991949
7492457035494,14849582632737
7492490325394,14849594993679
7492523613194,14849603784286
7492556903694,14849612123389
7492590193194,14849620554616
7492623482194,14849631768900
7492656771294,14849640203180
7492690060194,14849649417872
7492723350494,14849659364020
7492756660994,14849669634576
7492789928094,14849679037712
7492823223194,14849686057649
7492856523794,14849696178976
7492889796394,14849706063956
7492923092794,14849715988046
7492956379594,14849726517724
7492989665394,14849735758370
7493022960894,14849747107365
7493056243394,14849758086028
7493089533894,14849769439719
7493122825594,14849780148619
7493156111494,14849789907056
7493189401494,14849799115959
7493222731794,14849807562445
7493255979294,14849817285388
7493289269894,14849825357076
7493322560094,14849836326786
7493355849494,14849845858505
7493389137694,14849855634988
7493422426394,14849866112243
7493455717994,14849876649214
7493489005194,14849884108684
7493522294494,14849893892767
7493555589394,14849905597862
7493588873894,14849916880168
7493622163094,14849927480290
7493655458794,14849935869394
7493688742694,14849943849321
7493722038794,14849951881468
7493755327794,14849962604937
7493788615394,14849972897565
7493821900294,14849982358966
7493855191494,14849995398109
7493888477494,14850005257909
7493921768094,14850015660662
7493955057094,14850025043394
7493988345794,14850035164097
7494021636294,14850046704189
7494054927094,14850056215268
7494088239094,14850068245876
7494121504094,14850078733361
7494154792894,14850089204482
7494188105394,14850098336289
7494221371294,14850104906517
7494254660894,14850113235351
7494287955794,14850122961487
7494321240794,14850133150476
7494354529294,14850142639145
7494387825494,14850151577739
7494421111194,14850162507074
7494454397394,14850170956812
7494487694194,14850182502008
7494520975794,14850192391910
7494554300194,14850201524716
7494587561294,14850209543943
7494620844094,14850217935345
7494654134794,14850226899557
7494687427094,14850237778765
7494720712394,14850247779444
7494754002894,14850258051246
7494787293094,14850267297765
7494820580194,14850276018580
7494853887794,14850284971071
7494887159094,14850293583780
7494920449394,14850300468928
7494953738294,14850308658238
7494987027294,14850316292171
7495020322894,14850324873730
7495053606694,14850333801850
7495086895594,14850341949550
7495120191894,14850351390809
7495153475394,14850360650260
7495186763594,14850369296470
7495220059994,14850378826191
7495253343794,14850389168394
7495286632794,14850398074345
7495319928794,14850406986125
7495353210594,14850418034623
7495386501394,14850426635051
7495419788994,14850435987389
7495453078594,14850446397812
7495486369294,14850458062533
7495519687594,14850466936012
7495552947094,14850475668544
7495586237694,14850483983970
7495619526894,14850493036181
7495652815994,14850502238664
7495686105294,14850511751531
7495719393894,14850521720875
7495752689494,14850530546032
7495785972594,14850538669635
7495819262194,14850546933646
7495852558294,14850555155128
7495885842894,14850563086700
7495919129894,14850569694388
7495952426394,14850578291992
7495985710194,14850587545623
7496018999694,14850595849605
7496052294494,14850602552281
7496085576894,14850610327505
7496118868294,14850620029983
7496152155494,14850626982905
7496185444994,14850634776290
7496218735694,14850642258573
7496252024794,14850649534191
7496285313394,14850656975890
7496318603894,14850665236882
7496351893394,14850674669040
7496385186294,14850682583233
7496418471494,14850691158191
7496451760194,14850700656070
7496485055894,14850709453955
7496518338994,14850717506747
7496551628194,14850727155779
7496584924194,14850736405133
7496618208094,14850745312534
7496651496194,14850754716146
7496684792694,14850763634133
7496718076794,14850772679728
7496751401794,14850781951653
7496784661294,14850791380885
7496817943494,14850800822087
7496851271494,14850808969847
7496884521794,14850816796392
7496917811494,14850825047597
7496951101994,14850832089842
7496984392394,14850841159659
7497017679594,14850849950197
7497050970294,14850859063077
7497084259494,14850867893766
7497117547794,14850877410839
7497150837694,14850886474756
7497184128094,14850895790160
7497217420694,14850904807099
7497250706294,14850913920273
7497283994394,14850923797165
7497317290894,14850933575531
7497350574894,14850944081234
7497383862594,14850953678383
7497417159194,14850961677635
7497450443194,14850969176958
7497483730894,14850977970265
7497517027594,14850987592363
7497550320894,14850995906510
7497583600194,14851004138315
7497616889894,14851016606566
7497650177794,14851027757493
7497683468694,14851036636979
7497716761494,14851045056918
7497750046194,14851054995254
7497783336494,14851063440242
7497816625394,14851072600471
7497849913994,14851080167692
7497883204594,14851088908193
7497916493694,14851097555206
7497949787694,14851105925062
7497983072194,14851113988110
7498016361194,14851122036988
7498049657194,14851130288742
7498082939994,14851137853210
7498116229194,14851146021724
7498149525794,14851153537642
7498182831994,14851161133023
7498216096794,14851169797293
7498249394094,14851178620818
7498282677494,14851186783333
7498315966594,14851194397352
7498349256294,14851201353076
7498382544494,14851209415802
7498415835394,14851218940703
7498449123094,14851227393775
7498482412094,14851235381023
7498515702794,14851243100355
7498548991894,14851251143221
7498582280594,14851259919658
7498615571094,14851266828508
7498648863894,14851274172053
7498682154894,14851282674777
7498715438794,14851289882862
7498748727494,14851298182185
7498782025194,14851306798508
7498815305894,14851314304328
7498848595894,14851322113481
7498881891794,14851330429169
7498915176194,14851340375266
7498948463994,14851348967148
7498981760394,14851356080247
7499015044994,14851363924094
7499048344294,14851371938382
7499081622894,14851380648307
7499114926794,14851388512553
7499148203094,14851397689427
7499181489294,14851405575880
7499214778794,14851413585286
7499248069094,14851422661772
7499281358294,14851430359165
7499314646994,14851438896949
7499347937394,14851448751615
7499381227194,14851456831661
7499414518894,14851465339262
7499447805694,14851474644912
7499481093594,14851482662588
7499514421694,14851490765108
7499547672694,14851499455211
7499580962194,14851507174749
7499614258594,14851515696117
7499647541994,14851524112673
7499680830294,14851532390006
7499714126894,14851540738685
7499747410694,14851548997734
7499780698494,14851556596905
7499813988694,14851565762720
7499847276894,14851575589896
7499880567394,14851584568442
7499913856694,14851592934209
7499947145294,14851601618455
7499980435694,14851610128894
7500013725694,14851618988450
7500047013294,14851626835639
7500080304294,14851636036669
7500113594194,14851643525419
7500146886894,14851652151168
7500180171894,14851659678112
7500213460494,14851668142503
7500246756394,14851675824514
7500280039994,14851683405296
7500313328594,14851692186938
7500346624994,14851700602108
7500379927194,14851725139860
7500413196294,14851735124715
7500446492994,14851744290312
7500479780294,14851752764756
7500513064894,14851760835427
7500546361594,14851771221279
7500579660194,14851779949092
7500612933494,14851789817934
7500646223494,14851798178373
7500679511394,14851805556863
7500712802294,14851813748238
7500746089994,14851825249177
7500779379794,14851837747892
7500812669994,14851848545699
7500845996494,14851859171696
7500879250594,14851873389499
7500912538294,14851885701463
7500945828094,14851895974021
7500979123794,14851906020282
7501012406394,14851916357539
7501045694994,14851927084494
7501078992594,14851936582124
7501112273194,14851945882400
7501145563194,14851956494705
7501178859794,14851966990090
7501212142294,14851976409391
7501245430894,14851986683818
7501278721594,14851996088910
7501312010894,14852005489563
7501345301194,14852012945025
7501378589794,14852022306412
7501411877894,14852033469267
7501445168994,14852042544263
7501478456294,14852055186222
7501511746294,14852064528380
7501545036494,14852074529570
7501578325594,14852084392963
7501611616894,14852094826231
7501644905094,14852104639555
7501678195394,14852114683116
7501711510894,14852126780188
7501744772994,14852139738875
7501778061194,14852150881603
7501811378794,14852161556752
7501844639494,14852172871218
7501877929194,14852183434298
7501911226294,14852193717116
7501944508894,14852205083182
7501977797194,14852215742992
7502011087494,14852226776581
7502044377994,14852238132507
7502077665894,14852250429753
7502110956194,14852261969592
7502144244194,14852272998336
7502177534394,14852285853282
7502210823394,14852295347867
7502244112794,14852307040609
7502277403194,14852316702811
7502310692494,14852325142411
7502343983994,14852334833045
7502377270794,14852343931035
7502410561894,14852355662512
7502443871294,14852370156201
7502477139494,14852382160518
7502510427694,14852394158442
7502543723394,14852404059956
7502577220094,14852413691897
7502610295694,14852423649139
7502643592294,14852433434999
7502676875994,14852441622471
7502710164094,14852451602026
7502743454194,14852460483074
7502776743694,14852468311388
7502810031694,14852476070301
7502843322494,14852483835478
7502876611994,14852492560880
7502909900794,14852501407445
7502943190894,14852510277126
7502976479194,14852519013034
7503009769394,14852527208873
7503043087094,14852535387363
7503076349594,14852542743880
7503109637494,14852551684693
7503142943394,14852559487843
7503176220994,14852568118595
7503209505594,14852576871600
7503242794994,14852585132003
7503276090994,14852593459632
7503309373894,14852601426221
7503342661894,14852611097749
7503375959594,14852619926760
7503409242194,14852628744532
7503442530394,14852637933915
7503475820694,14852645113058
7503509109494,14852655799780
7503542397994,14852663750885
7503575688394,14852673246911
7503608979394,14852681918906
7503642268394,14852689965403
7503675557094,14852697325792
7503708845294,14852705273597
7503742136594,14852712820629
7503775424294,14852720121877
7503808715994,14852728778705
7503842003594,14852737477882
7503875292994,14852746015939
7503908587194,14852754536519
7503941872094,14852762778948
7503975165494,14852771082575
7504008457494,14852779536309
7504041740194,14852788879802
7504075028794,14852797496898
7504108326094,14852805855072
7504141608994,14852812022556
7504174896594,14852820411202
7504208187194,14852829256678
7504241476294,14852837799894
7504274764594,14852847268586
7504308055494,14852856156103
7504341348394,14852865307000
7504374632694,14852874100039
7504407923294,14852881031638
7504441211794,14852889790237
7504474536794,14852898793661
7504507789794,14852908376631
7504541082294,14852917434725
7504574370594,14852926238502
7504607660694,14852932825516
7504640953794,14852941874818
7504674238394,14852950542090
7504707528094,14852960244707
7504740821994,14852972845732
7504774106494,14852986911484
7504807395594,14853000365471
7504840691294,14853012673341
7504873973194,14853022776691
7504907262994,14853031692334
7504940553094,14853040473977
7504973843294,14853051009970
7505007130994,14853059667897
7505040421494,14853069180503
7505073711694,14853082154906
7505106999194,14853095463638
7505140289594,14853107268424
7505173604994,14853120835766
7505206868294,14853132831769
7505240158194,14853143961051
7505273448294,14853153472120
7505306736894,14853163216401
7505340026094,14853173339584
7505373319594,14853183157730
7505406604894,14853194183637
7505439894494,14853206224344
7505473191194,14853217656463
7505506473294,14853226593888
7505539760894,14853235158788
7505573058194,14853244743440
7505606341494,14853254124136
7505639629194,14853263901091
7505672919994,14853271923128
7505706207894,14853282116875
7505739497394,14853293397567
7505772787694,14853304589081
7505806112694,14853313775393
7505839364994,14853323765683
7505872655794,14853333704520
7505905970994,14853345815333
7505939234494,14853356632150
7505972523994,14853367077285
7506005814294,14853377840916
7506039104094,14853388735418
7506072390994,14853400978209
7506105686494,14853413083155
7506138970894,14853423986946
7506172260394,14853434828122
7506205554394,14853446915571
7506238840394,14853457048756
7506272128194,14853468040733
7506305425494,14853479049649
7506338707494,14853490727157
7506371995994,14853502670514
7506405287094,14853515556842
7506438574394,14853526852111
7506471863994,14853537646055
7506505154494,14853547488915
7506538444594,14853558566515
7506571731994,14853568450326
7506605022494,14853580141543
7506638314694,14853590856558
7506671600594,14853602983008
7506704890494,14853613851768
7506738181594,14853626274013
7506771469194,14853636794533
7506804757594,14853647499684
7506838052794,14853659196214
7506871339594,14853670914218
7506904626794,14853681947643
7506937921194,14853693974061
7506971205294,14853705878452
7507004495894,14853717594082
7507037789594,14853727036684
7507071073794,14853739792123
7507104362394,14853750405929
7507137688794,14853761747716
7507170940894,14853772694706
7507204229794,14853780211288
7507237520294,14853790106649
7507270809894,14853800341784
7507304098294,14853811688901
7507337388894,14853822422519
7507370695294,14853833631939
7507403966694,14853844905918
7507437257094,14853853929068
7507470547294,14853864000091
7507503835194,14853873904761
7507537124694,14853886380278
7507570418694,14853898086339
7507603703694,14853909422937
7507636993994,14853920735736
7507670287494,14853931991835
7507703571694,14853942802813
7507736862294,14853954461012
7507770155794,14853966340105
7507803440094,14853978129153
7507836728294,14853989502418
7507870018694,14854000668128
7507903308794,14854011407728
7507936596594,14854022414358
7507969887094,14854033061428
7508003186694,14854045560196
7508036464494,14854056680668
7508069755094,14854070117438
7508103044694,14854081991657
7508136342894,14854092998771
7508169622794,14854103515913
7508202943294,14854114321153
7508236201594,14854126549437
7508269490994,14854137463000
7508302785294,14854149971629
7508336070294,14854161128148
7508369358894,14854171571675
7508402653394,14854183555752
7508435938294,14854194336799
7508469261694,14854206772524
7508502522294,14854218337613
7508535806494,14854230912392
7508569101194,14854242202823
7508602385494,14854254029452
7508635675094,14854265465544
7508668962994,14854276749789
7508702254694,14854289321547
7508735541794,14854301366762
7508768831194,14854312476962
7508802121494,14854323800298
7508835410994,14854334694090
7508868699294,14854345831035
7508901989394,14854356643310
7508935281294,14854369135715
7508968569194,14854379851434
7509001857794,14854391536337
7509035152394,14854402507809
7509068437394,14854413913807
7509101725094,14854424404671
7509135020094,14854434515899
7509168304694,14854445794438
7509201594094,14854458052774
7509234888594,14854469351575
7509268176294,14854479849292
7509301462694,14854492249501
7509334769094,14854503170928
7509368040794,14854513811120
7509401329194,14854526781062
7509434619694,14854538201619
7509467907894,14854550553714
7509501197594,14854562879860
7509534487994,14854573721205
7509567777394,14854584993372
7509601065394,14854598783464
7509634356194,14854612650385
7509667648994,14854625636780
7509700933894,14854637723331
7509734224394,14854649772147
7509767518694,14854661045252
7509800832494,14854671618720
7509834091094,14854683023934
7509867386394,14854695902832
7509900671094,14854706423084
7509933960894,14854717179729
7509967254694,14854727773965
7510000539394,14854737560752
7510033829894,14854748416348
7510067116994,14854759590428
7510100406694,14854770802207
7510133695694,14854781096285
7510166986094,14854791960240
7510200275394,14854800549191
7510233564094,14854810509051
7510266854594,14854820687546
7510300143894,14854830145302
7510333431394,14854841048066
7510366722294,14854849809482
7510400013794,14854857112844
7510433299694,14854866126134
7510466590494,14854872529841
7510499885894,14854880989582
7510533169294,14854887775838
7510566459194,14854899581531
7510599752794,14854907179068
7510633037494,14854918340190
7510666345094,14854929278659
7510699621494,14854939481078
7510732905394,14854952246927
7510766200894,14854962876447
7510799483294,14854975651720
7510832773694,14854987015976
7510866063294,14854997724676
7510899352394,14855008243779
7510932642394,14855019194140
7510965929994,14855029294592
7510999220794,14855038340977
7511032508794,14855049160264
7511065798394,14855058258203
7511099089194,14855064654518
7511132428894,14855073623396
7511165669594,14855082093263
7511198956994,14855090038772
7511232251894,14855098472658
7511265535894,14855108470627
7511298825094,14855118152038
7511332119094,14855127836886
7511365404694,14855137322617
7511398692194,14855147499044
7511431987894,14855157316155
7511465272294,14855166686845
7511498561094,14855177058833
7511531850294,14855186225454
7511565143394,14855195572576
7511598429894,14855204377203
7511631720094,14855214657322
7511665008194,14855223757169
7511698296594,14855232442160
7511731587894,14855245169817
7511764875094,14855255467459
7511798164894,14855267125840
7511831455394,14855277332377
7511864745394,14855287447892
7511898032994,14855297275582
7511931323294,14855307044217
7511964620794,14855318044744
7511997923594,14855327668669
7512031191894,14855337548027
7512064485794,14855348274948
7512097787594,14855357645804
7512131058594,14855366854602
7512164353994,14855376646729
7512197638694,14855387222728
7512230928494,14855397281294
7512264215994,14855407223369
7512297506794,14855417234212
7512330796694,14855427276098
7512364084194,14855437297629
7512397373994,14855449126179
7512430663294,14855460166268
7512463992494,14855470447920
7512497241794,14855481023361
7512530531294,14855490815279
7512563821294,14855500983070
7512597112894,14855511292509
7512630399194,14855521811496
7512663689694,14855533166688
7512696986494,14855542937708
7512730267494,14855554170186
7512763557794,14855563268544
7512796852794,14855572941876
7512830136694,14855582966821
7512863426294,14855592308174
7512896720394,14855602663447
7512930004794,14855612420748
7512963294294,14855621326034
7512996582194,14855631776432
7513029872994,14855642628491
7513063166094,14855654069113
7513096450494,14855664485425
7513129740694,14855675456373
7513163029294,14855686370484
7513196319594,14855697470793
7513229608994,14855706914351
7513262897594,14855716037243
7513296188294,14855725276724
7513329499594,14855734242100
7513362765594,14855745142189
7513396055994,14855758724649
7513429364894,14855770350132
7513462638394,14855780450128
7513495924094,14855788089167
7513529247794,14855797901292
7513562503194,14855805131136
7513595792594,14855815307336
7513629086394,14855824746786
7513662371694,14855834751580
7513695659494,14855844685872
7513728948994,14855855110879
7513762239294,14855864584284
7513795561694,14855874221536
7513828816394,14855883440544
7513862107794,14855890131410
7513895397094,14855899583844
7513928686494,14855907744539
7513961975194,14855915872131
7513995263694,14855923653717
7514028555694,14855931389067
7514061843294,14855941104678
7514095131994,14855948745538
7514128422494,14855956467129
7514161719194,14855965443952
7514195000194,14855973976945
7514228290494,14855982475861
7514261587794,14855989488739
7514294869794,14855999295655
7514328158594,14856008059877
7514361453894,14856020607447
7514394737694,14856034753333
7514428025894,14856047989677
7514461315294,14856059508030
7514494605694,14856070881995
7514527894794,14856083862565
7514561183394,14856094517565
7514594477094,14856103932125
7514627764394,14856113133979
7514661051694,14856122299554
7514694341794,14856131716892
7514727630894,14856143176651
7514760946694,14856154134388
7514794209394,14856164623589
7514827498594,14856174691831
7514860788994,14856183877488
7514894085394,14856194061897
7514927366594,14856203633249
7514960657194,14856213423048
7514993953894,14856223383964
7515027234894,14856233741173
7515060525394,14856245501379
7515093820694,14856255146739
7515127103694,14856265071390
7515160392294,14856275362330
7515193681894,14856285699634
7515226971894,14856296177927
7515260262094,14856306879889
7515293549994,14856316445459
7515326840294,14856327187496
7515360130494,14856334257359
7515393418494,14856344376207
7515426708594,14856352903524
7515459996794,14856365023488
7515493286794,14856377589931
7515526576894,14856389202337
7515559864994,14856399642147
7515593154894,14856409435750
7515626451194,14856419901719
7515659733394,14856430224700
7515693023294,14856440932898
7515726335494,14856453006766
7515759601294,14856463577993
7515792891094,14856472849358
7515826218194,14856482184591
7515859470294,14856492003605
7515892760294,14856501461179
7515926048294,14856512239666
7515959338694,14856521528667
7515992627194,14856532519726
7516025915994,14856543088843
7516059206794,14856554733610
7516092528394,14856565360274
7516125786394,14856574775973
7516159075194,14856585614409
7516192364894,14856596200457
7516225653494,14856607192396
7516258943294,14856617867680
7516292231294,14856629125207
7516325522994,14856639408054
7516358815394,14856646801835
7516392099094,14856658580779
7516425390494,14856668169053
7516458684394,14856679132022
7516491967594,14856688433208
7516525257894,14856697687332
7516558553494,14856705585492
7516591837494,14856713673312
7516625126394,14856723439270
7516658414194,14856732346481
7516691705894,14856741784191
7516724992994,14856750364317
7516758282394,14856761021151
7516791573294,14856767783647
7516824862194,14856777776092
7516858150894,14856796025017
7516891440494,14856809210727
7516924731994,14856822098915
7516958022194,14856833649903
7516991309694,14856844452953
7517024597494,14856854616035
7517057887994,14856866523985
7517091181794,14856878251583
7517124465794,14856888524495
7517157755894,14856897653002
7517191051794,14856906349094
7517224334094,14856915329685
7517257646894,14856923234515
7517290921094,14856930683937
7517324202394,14856939615359
7517357492094,14856948659727
7517390780794,14856957664368
7517424092294,14856963803101
7517457359694,14856969383648
7517490648894,14856977613846
7517523939694,14856984112151
7517557228294,14856994164976
7517590517394,14857003921684
7517623807494,14857013161950
7517657097694,14857021333310
7517690385194,14857030889016
7517723676094,14857042250705
7517756964294,14857052623931
7517790254294,14857064195821
7517823548894,14857074458714
7517856832094,14857085888946
7517890122594,14857096551351
7517923419094,14857106400913
7517956700294,14857116129971
7517989990294,14857126530137
7518023286994,14857137156525
7518056568494,14857147727273
7518089858894,14857156734194
7518123186194,14857165414072
7518156437694,14857173714169
7518189727394,14857182241720
7518223015594,14857191040764
7518256305694,14857200554779
7518289603094,14857210546243
7518322883494,14857220526300
7518356173894,14857229612138
7518389464494,14857239556585
7518422751394,14857248718104
7518456042094,14857257965893
7518489330194,14857268217139
7518522620994,14857277471360
7518555915594,14857287947936
7518589199094,14857297591983
7518622488994,14857306576391
7518655783394,14857314872338
7518689066194,14857323546287
7518722356894,14857333078597
7518755679694,14857339739344
7518788937694,14857346639273
7518822224694,14857355346386
7518855552694,14857363896595
7518888803894,14857372810504
7518922093794,14857381483308
7518955381694,14857391002644
7518988672794,14857399517714
7519021960794,14857409160892
7519055249794,14857415888376
7519088540694,14857422565416
7519121829294,14857429290368
7519155117594,14857437741757
7519188408794,14857446726975
7519221697894,14857455806144
7519254987994,14857464529801
7519288281794,14857471761302
7519321564894,14857479148168
7519354856494,14857486757317
7519388149194,14857494473900
7519421433294,14857501919566
7519454723494,14857510014859
7519488018994,14857518533361
7519521301294,14857526817623
7519554591794,14857535078914
7519587888794,14857542559639
7519621184994,14857550290269
7519654459294,14857559607805
7519687747894,14857565765136
7519721040594,14857575532986
7519754326994,14857582368151
7519787616494,14857591063187
7519820906894,14857599184545
7519854196894,14857608019729
7519887484494,14857618247477
7519920774894,14857627582572
7519954064894,14857636619366
7519987353194,14857645691631
7520020647794,14857653785559
7520053931494,14857663687249
7520087252794,14857673202303
7520120516094,14857683356392
7520154029994,14857692967351
7520187089894,14857703109143
7520220385994,14857712357048
7520253667794,14857721381592
7520286957994,14857728527644
7520320255094,14857738256689
7520353535494,14857749227006
7520386825794,14857757523367
7520420114394,14857766360842
7520453404994,14857777636101
7520486694394,14857785313029
7520519982694,14857793134763
7520553273394,14857801862264
7520586563294,14857814402375
7520619851194,14857822041991
7520653141394,14857833370021
7520686447494,14857843716596
7520719718994,14857853644633
7520753014294,14857860742512
7520786297794,14857869939418
7520819587994,14857880657616
7520852883594,14857890119703
7520886165894,14857900515530
7520919456094,14857910379638
7520952772494,14857919627520
7520986034294,14857928954877
7521019324394,14857939162010
7521052622294,14857950913960
7521085902394,14857962043711
7521119192394,14857970424165
7521152482094,14857980279601
7521185771194,14857987097618
7521219060694,14857996888846
7521252348694,14858006836480
7521285640094,14858017503129
7521318928094,14858028193524
7521352217194,14858035900326
7521385507694,14858043885180
7521418827994,14858052770062
7521452084794,14858061758863
7521485380594,14858070801517
7521518665494,14858080249206
7521551954694,14858089713592
7521585249494,14858097220575
7521618532294,14858104187891
7521651823794,14858114581116
7521685117294,14858123620723
7521718402194,14858133896727
7521751690794,14858145344427
7521784987394,14858153291437
7521818268294,14858163725719
7521851558794,14858170625170
7521884850094,14858177692235
7521918137794,14858187626664
7521951427094,14858197337700
7521984715794,14858205151415
7522018006694,14858214939875
7522051293894,14858225698874
7522084583194,14858231981115
7522117873694,14858240769665
7522151163094,14858250021555
7522184452194,14858255906025
7522217760394,14858266704607
7522251034194,14858273414450
7522284342694,14858282847908
7522317615794,14858290922171
7522350898394,14858298728889
7522384202594,14858307804679
7522417483394,14858316225304
7522450766594,14858325953963
7522484056794,14858334860941
7522517353294,14858341257218
7522550634694,14858347512736
7522583925494,14858353869367
7522617215694,14858360965886
7522650503194,14858370284404
7522683792994,14858379817006
7522717081894,14858389549748
7522750406294,14858398894468
7522783660594,14858409199827
7522816949794,14858418903474
7522850240594,14858427440946
7522883531294,14858436893644
7522916818294,14858448018203
7522950113094,14858458308678
7522983399294,14858468616985
7523016686094,14858479350674
7523049982294,14858490774220
7523083264994,14858500977433
7523116555494,14858510327873
7523149850794,14858520779982
7523183132894,14858530746832
7523216423394,14858539593997
7523249720094,14858551119425
7523283001194,14858558743808
7523316291894,14858566765483
7523349581894,14858575738614
7523382869194,14858585702893
7523416159794,14858595383711
7523449448894,14858605339922
7523482738194,14858615198906
7523516027794,14858624610411
7523549316494,14858635396593
7523582606794,14858645155618
7523615916794,14858656134936
7523649184394,14858666091661
7523682478994,14858676054752
7523715784094,14858688039416
7523749053394,14858698750890
7523782348494,14858709857708
7523815632694,14858720495138
7523848921994,14858732629650
7523882217294,14858743395390
7523915499694,14858755410124
7523948790094,14858765606975
7523982084394,14858777284658
7524015367694,14858787533762
7524048658194,14858797119992
7524081947094,14858806783432
7524115238994,14858815797822
7524148525794,14858825350581
7524181815894,14858834174506
7524215106494,14858845948810
7524248394194,14858857292309
7524281682494,14858868126319
7524314974194,14858880081547
7524348261694,14858896553714
7524381550494,14858913827525
7524414845294,14858928501526
7524448130494,14858941831127
7524481418994,14858953676505
7524514715294,14858966718388
7524547998894,14858978717664
7524581288394,14858988622102
7524614583194,14859000057443
7524647866294,14859010847280
7524681156394,14859018020451
7524714450894,14859027925278
7524747734894,14859038628001
7524781024694,14859049341027
7524814313894,14859058776899
7524847602494,14859069100030
7524880892394,14859078671943
7524914182294,14859088158033
7524947470194,14859096624390
7524980760994,14859103723278
7525014049094,14859114401548
7525047373894,14859123350186
7525080628094,14859134104980
7525113917394,14859145303390
7525147211294,14859155564807
7525180496894,14859165898858
7525213785494,14859175668492
7525247086794,14859185049900
7525280366194,14859194509651
7525313653694,14859204096163
7525346949494,14859213862703
7525380232194,14859224473699
7525413522694,14859232195555
7525446817394,14859240609178
7525480100294,14859252915147
7525513390994,14859263640277
7525546681494,14859275065519
7525579968494,14859285474431
7525613259194,14859296216140
7525646548494,14859306443463
7525679836994,14859316600182
7525713127494,14859327054883
7525746416694,14859341360377
7525779705594,14859354982900
7525812995494,14859365573004
7525846283494,14859374405859
7525879577994,14859383018551
7525912863594,14859392228381
7525946151994,14859402335183
7525979447394,14859410039866
7526012747194,14859419610940
7526046019494,14859429392475
7526079315594,14859437888758
7526112604194,14859445766154
7526145888794,14859453922927
7526179184294,14859463551471
7526212466894,14859471760219
7526245757494,14859480699126
7526279045694,14859488161087
7526312334694,14859495454748
7526345625294,14859502218784
7526378950394,14859515371097
7526412203194,14859527967675
7526445493194,14859539162424
7526478782994,14859551457187
7526512071994,14859562228490
7526545361794,14859573754956
7526578649894,14859583765719
7526611945094,14859594202140
7526645228894,14859605297344
7526678517894,14859615959184
7526711813894,14859626190984
7526745098094,14859635656417
7526778386894,14859644950033
7526811682894,14859656099184
7526844966294,14859667668505
7526878256294,14859680005481
7526911550594,14859691239017
7526944832994,14859702111766
7526978124694,14859714628879
7527011411794,14859724771944
7527044701094,14859735739106
7527077991894,14859745367397
7527111280594,14859755556658
7527144569394,14859765617474
7527177860194,14859773543078
7527211149794,14859782977511
7527244445794,14859792064682
7527277727994,14859799657342
7527311016294,14859807924434
7527344310994,14859817640068
7527377595194,14859828568532
7527410884694,14859837910581
7527444180694,14859850112965
7527477465794,14859858150396
7527510752594,14859868938049
7527544049294,14859878653080
7527577333694,14859890549266
7527610620894,14859901305195
7527643917494,14859912317821
7527677210394,14859922169143
7527710528094,14859933754393
7527743778494,14859944043408
7527777067694,14859954526053
7527810358294,14859965112010
7527843647394,14859975928448
7527876936094,14859985944452
7527910239294,14859996323284
7527943516294,14860006636842
7527976804094,14860017409121
7528010094494,14860027753604
7528043382894,14860040125093
7528076676494,14860050636821
7528109962594,14860061738604
7528143250594,14860071794560
7528176546994,14860079143374
7528209832094,14860087934621
7528243118894,14860096596686
7528276415294,14860107523007
7528309699794,14860117548117
7528342986694,14860128992005
7528376283294,14860140675024
7528409576694,14860150446910
7528442856194,14860160297422
7528476145394,14860171338820
7528509433694,14860181510289
7528542724694,14860191720747
7528576021194,14860202568883
7528609302194,14860211544440
7528642592694,14860222277218
7528675881794,14860232465294
7528709170394,14860244484455
7528742461294,14860255896542
7528775750394,14860266484429
7528809042794,14860276650881
7528842328994,14860288435486
7528875616894,14860300469769
7528908913494,14860312168518
7528942196094,14860324068683
7528975485694,14860337375221
7529008781494,14860349817995
7529042111494,14860362432220
7529075353394,14860371726153
7529108650694,14860382039290
7529141933594,14860391637079
7529175222494,14860400647681
7529208512094,14860411244196
7529241800794,14860420015222
7529275092094,14860430748557
7529308379094,14860439830516
7529341668394,14860448904517
7529374959194,14860457599536
7529408249594,14860465987235
7529441536794,14860475804471
7529474827194,14860483879611
7529508117794,14860493112292
7529541410694,14860499554804
7529574695494,14860509506230
7529607983894,14860518471296
7529641280794,14860526704970
7529674562694,14860535689931
7529707851794,14860545122320
7529741148394,14860555171355
7529774431494,14860565352623
7529807719994,14860575111541
7529841016894,14860584459430
7529874300594,14860594037184
7529907601694,14860605448719
7529940878694,14860616152885
7529974166894,14860626584717
7530007456994,14860637684526
7530040745394,14860647823170
7530074035194,14860657651529
7530107325694,14860667025862
7530140614994,14860678149809
7530173903394,14860687391026
7530207196694,14860696158184
7530240483994,14860706387036
7530273774394,14860715647198
7530307061594,14860724400846
7530340350594,14860733121025
7530373695794,14860745444923
7530406928894,14860756465678
7530440218194,14860767601076
7530473514294,14860778990612
7530506797794,14860789049260
7530540086594,14860798809558
7530573382794,14860806146656
7530606667094,14860816600484
7530639954294,14860825898678
7530673244794,14860836796560
7530706549094,14860846336843
7530739823594,14860854173597
7530773112694,14860860862895
7530806401094,14860868310764
7530839692294,14860877587366
7530872982094,14860886021511
7530906269494,14860895508858
7530939560494,14860905420696
7530972850194,14860913644646
7531006140694,14860921765108
7531039428194,14860929698631
7531072716394,14860938137370
7531106011994,14860945439687
7531139296194,14860955419476
7531172584294,14860963917216
7531205880794,14860972655835
7531239182194,14860981861970
7531272452994,14860990677507
7531305749394,14861001091323
7531339063594,14861010392815
7531372320994,14861019884258
7531405611294,14861029490504
7531438901294,14861038591324
7531472190094,14861048023060
7531505479794,14861057215623
7531538767694,14861067493880
7531572058594,14861077045530
7531605346394,14861088122662
7531638635894,14861095495063
7531671926594,14861103490153
7531705252994,14861110934372
7531738507994,14861118723190
7531771794794,14861128598814
7531805083994,14861137439550
7531838379794,14861146361512
7531871661994,14861155242478
7531904950994,14861163412150
7531938248994,14861172303814
7531971529994,14861180459650
7532004819094,14861190147809
7532038115694,14861203420651
7532071398394,14861215233138
7532104690194,14861225876977
7532137977394,14861237505466
7532171266894,14861246139729
7532204556794,14861256076648
7532237845994,14861266894517
7532271134194,14861276098036
7532304425694,14861286274751
7532337712494,14861295667298
7532371002694,14861305536968
7532404292594,14861315708143
7532437582094,14861325410482
7532470873394,14861333912529
7532504160294,14861341656715
7532537455494,14861350188253
7532570767094,14861359230610
7532604029394,14861367415768
7532637317494,14861374454839
7532670619094,14861382110610
7532703896194,14861390996161
7532737185794,14861397594647
7532770481894,14861406980536
7532803764994,14861414979432
7532837053594,14861423681261
7532870343894,14861432007564
7532903634294,14861440666756
7532936921794,14861449824481
7532970212294,14861458487174
7533003500994,14861467125359
7533036840694,14861475664340
7533070079594,14861482201460
7533103368794,14861489127624
7533136659194,14861497284347
7533169949994,14861507697311
7533203239694,14861516988236
7533236526994,14861527549001
7533269816894,14861537705614
7533303110494,14861547263691
7533336393694,14861553454807
7533369685194,14861562336263
7533402978994,14861571496429
7533436263494,14861581546348
7533469551794,14861591225026
7533502848794,14861602118557
7533536132494,14861611382912
7533569420294,14861620978843
7533602710494,14861630654299
7533636000594,14861641310379
7533669287794,14861651115879
7533702578794,14861661983762
7533735887094,14861671658580
7533769157394,14861681559963
7533802446894,14861692106755
7533835734894,14861702093991
7533869025594,14861713502022
7533902342794,14861722554376
7533935605194,14861729923198
7533968893994,14861738211607
7534002202294,14861749968213
7534035477294,14861762157984
7534068761294,14861773869737
7534102050894,14861785657282
7534135347294,14861795699859
7534168629994,14861806178266
7534201918394,14861816453578
7534235215294,14861826310940
7534268496994,14861838955556
7534301786394,14861848594356
7534335076894,14861858750072
7534368365894,14861870451762
7534401654694,14861881318689
7534434944994,14861891982074
7534468234894,14861902611514
7534501528594,14861912167592
7534534813194,14861918872292
7534568101194,14861930137319
7534601392694,14861940521931
7534634680494,14861951228488
7534667971794,14861960701316
7534701260294,14861969591462
7534734549194,14861978572552
7534767843194,14861988225549
7534801127994,14861998957528
7534834417594,14862009115461
7534867713594,14862020571710
7534900996194,14862029484806
7534934284794,14862037509533
7534967582094,14862045625063
7535000864894,14862053764899
7535034152794,14862063357047
7535067443194,14862073298143
7535100733794,14862082779747
7535134021294,14862092864882
7535167311494,14862100018406
7535200601394,14862108854207
7535233911594,14862117753451
7535267179594,14862127789406
7535300493994,14862136744344
7535333781294,14862145610634
7535367046294,14862156931449
7535400338394,14862165716311
7535433626694,14862174257707
7535466915694,14862183913667
7535500209694,14862194140095
7535533496594,14862203670537
7535566785394,14862213494707
7535600077694,14862222302677
7535633362794,14862231206325
7535666651394,14862240018786
7535699947894,14862249071851
7535733230194,14862259280859
7535766519394,14862268077350
7535799809694,14862276022395
7535833100094,14862285547162
7535866387494,14862293939613
7535899677794,14862301301247
7535932967994,14862308351927
7535966255494,14862317885391
7535999546094,14862325878486
7536032860294,14862333582787
7536066124494,14862341639981
7536099414094,14862351486350
7536132703894,14862358980533
7536165992894,14862368375128
7536199282394,14862379194262
7536232576394,14862389748776
7536265860994,14862433043019
7536299154494,14862448385867
7536332444594,14862461063830
7536365728994,14862473735885
7536399018094,14862487786494
7536432314094,14862502435318
7536465597394,14862514873601
7536498885694,14862529544307
7536532175894,14862541944788
7536565464394,14862554177750
7536598753794,14862566145057
7536632044294,14862577742283
7536665373394,14862587499853
7536698621394,14862598981672
7536731911794,14862609152960
7536765226294,14862621429812
7536798490494,14862632314869
7536831780294,14862642414583
7536865070194,14862652777018
7536898360194,14862663725450
7536931647394,14862674012060
7536964942494,14862684020409
7536998227094,14862694296658
7537031517694,14862707018975
7537064820994,14862717145016
7537098095294,14862728021360
7537131385794,14862738762457
7537164682094,14862749132456
7537197963894,14862759388819
7537231251694,14862769394401
7537264542994,14862780195072
7537297830994,14862790314035
7537331120094,14862800655642
7537364410294,14862813816998
7537397699894,14862824329927
7537430988194,14862835262053
7537464278294,14862845699732
7537497568394,14862855952560
7537530857594,14862865807119
7537564146794,14862875749181
7537597436494,14862887225006
7537630725694,14862901324276
7537664014094,14862914681221
7537697308794,14862928836980
7537730593994,14862939912210
7537763883294,14862950927330
7537797177194,14862962303171
7537830461994,14862973961195
7537863752494,14862984251680
7537897045794,14862995232073
7537930330294,14863005397748
7537963618094,14863014922959
7537996944894,14863024048870
7538030196994,14863036017576
7538063486694,14863048080229
7538096776894,14863064119961
7538130065894,14863079030582
7538163354194,14863092470332
7538196648494,14863104464404
7538229935594,14863116030416
7538263222994,14863126901437
7538296512794,14863138823015
7538329803494,14863149259709
7538363091494,14863161182741
7538396381094,14863169948757
7538429676594,14863179498261
7538462960294,14863189126695
7538496249994,14863197609395
7538529543894,14863207365783
7538562827994,14863216304373
7538596118094,14863226286985
7538629412294,14863235143954
7538662696394,14863243592934
7538695984794,14863251746865
7538729274894,14863259220254
7538762565194,14863267985188
7538795852494,14863276684069
7538829143494,14863284540824
7538862442394,14863291181287
7538895721494,14863299664812
7538929011494,14863308203537
7538962300994,14863315842642
7538995588594,14863324464727
7539028879794,14863333748568
7539062170594,14863343252302
7539095458094,14863349425414
7539128747494,14863357671755
7539162041894,14863363129529
7539195326594,14863371962116
7539228615294,14863381100711
7539261911594,14863390247620
7539295194794,14863399303150
7539328529294,14863408352296
7539361778594,14863415544677
7539395062894,14863422127213
7539428352394,14863428269661
7539461641194,14863439083124
7539494931394,14863444684570
7539528219194,14863454103114
7539561510894,14863462349584
7539594798294,14863468091571
7539628087594,14863474667379
7539661377994,14863480610363
7539694666694,14863491655001
7539727955694,14863497150703
7539761245394,14863504285293
7539794537294,14863510419472
7539827825294,14863517486077
7539861114194,14863526896169
7539894408194,14863533028643
7539927693794,14863543606897
7539960981094,14863552722418
7539994275994,14863561218627
7540027560794,14863572754278
7540060849994,14863581590551
7540094165294,14863590532205
7540127429194,14863601307835
7540160718594,14863609886800
7540194024094,14863618926598
7540227297094,14863628219441
7540260585394,14863638727706
7540293876394,14863647451817
7540327164294,14863656162890
7540360453594,14863663756371
7540393744394,14863674299979
7540427032994,14863683976123
7540460321794,14863690117474
7540493612394,14863699696509
7540526904194,14863708557572
7540560189894,14863717976619
7540593479994,14863726761946
7540626774894,14863733677677
7540660087594,14863740479408
7540693347694,14863748023749
7540726642694,14863757943157
7540759927594,14863767839709
7540793217994,14863776545886
7540826511094,14863786600844
7540859795994,14863794090604
7540893084594,14863800560295
7540926373494,14863811175010
7540959663794,14863817462915
7540992953394,14863826801621
7541026242194,14863835412142
7541059531794,14863842185158
7541092819994,14863854150408
7541126110694,14863860637593
7541159400594,14863868726901
7541192688194,14863875973592
7541225978294,14863885964005
7541259270194,14863893105336
7541292555894,14863903604209
7541325846294,14863913301069
7541359170694,14863923467889
7541392425394,14863933333613
7541425715394,14863942089765
7541459008894,14863948762372
7541492293694,14863959965989
7541525599294,14863966675165
7541558877494,14863977999803
7541592161594,14863984764251
7541625458794,14863995857877
7541658739294,14864006791791
7541692029994,14864019182420
7541725319494,14864025766814
7541758609094,14864032880674
7541791898794,14864040575943
7541825186594,14864047592717
7541858476994,14864055821753
7541891765394,14864068270089
7541925054694,14864075639241
7541958345394,14864082793903
7541991688294,14864089971502
7542024922694,14864104033290
7542058212994,14864112826658
7542091508494,14864122310114
7542124792094,14864131420197
7542158081494,14864139501594
7542191375394,14864147659133
7542224660994,14864158737803
7542257948294,14864171105602
7542291243894,14864182382571
7542324528194,14864194446906
7542357817494,14864204292549
7542391106094,14864212501450
7542424396594,14864219676913
7542457685994,14864228429172
7542490975594,14864239818094
7542524264394,14864248096319
7542557552794,14864256890053
7542590844294,14864266157026
7542624131994,14864274090547
7542657421194,14864282245700
7542690711394,14864290627098
7542724002794,14864300977991
7542757288994,14864310223528
7542790579694,14864319297401
7542823876494,14864326453080
7542857180294,14864334645502
7542890447694,14864343023013
7542923742194,14864351537026
7542957042994,14864359375701
7542990314894,14864369347816
7543023610594,14864380256186
7543056894494,14864395073429
7543090183994,14864405276531
7543123472394,14864416532411
7543156762694,14864427688860
7543190053194,14864439346985
7543223341794,14864450127149
7543256630794,14864460504773
7543289919094,14864471170207
7543323248394,14864480583248
7543356497994,14864491924349
7543389787494,14864500844225
7543423077894,14864510604816
7543456368394,14864520832029
7543489655594,14864531487517
7543522945794,14864540572884
7543556242694,14864550954879
7543589523894,14864562109796
7543622813394,14864571742828
7543656108494,14864582518291
7543689392794,14864597373504
7543722682194,14864610699368
7543755976994,14864624538446
7543789261194,14864636247555
7543822550994,14864644602523
7543855838794,14864655504265
7543889132394,14864664390262
7543922418794,14864676466108
7543955706894,14864688437542
7543988997194,14864698439760
7544022285894,14864709891301
7544055575594,14864719657379
7544088865194,14864728619327
7544122153494,14864738350755
7544155443994,14864749403075
7544188754994,14864759775757
7544222021894,14864768139375
7544255312394,14864776531813
7544288618494,14864784488292
7544321889694,14864793912096
7544355180294,14864804970898
7544388504994,14864814345582
7544421758894,14864825719424
7544455048094,14864835932282
7544488343194,14864844575850
7544521629194,14864853448877
7544554915594,14864862640597
7544588204694,14864873367194
7544621495694,14864882120091
7544654817794,14864891994932
7544688072994,14864902836499
7544721363994,14864910332723
7544754654194,14864916983603
7544787942394,14864926147986
7544821231394,14864936903367
7544854520094,14864951202931
7544887811694,14864964955892
7544921099194,14864977998181
7544954388094,14864989967561
7544987678794,14865000541604
7545020991894,14865007006530
7545054256494,14865015804212
7545087546794,14865024602628
7545120842294,14865034190335
7545154125694,14865040151061
7545187414494,14865047881675
7545220709894,14865057580122
7545253994294,14865065531312
7545287282194,14865075117991
7545320571194,14865086904939
7545353861794,14865101485873
7545387151194,14865113904519
7545420439394,14865125706369
7545453730094,14865136321403
7545487020294,14865146849562
7545520323194,14865157164058
7545553598094,14865165204234
7545586886294,14865173665351
7545620201194,14865181329529
7545653465494,14865189148932
7545686754694,14865197341974
7545720045194,14865205864237
7545753341094,14865214120691
7545786625794,14865222715293
7545819912994,14865231180623
7545853209894,14865240086131
7545886490594,14865249185523
7545919780994,14865259839156
7545953075994,14865267395014
7545986360194,14865277934191
7546019648494,14865287407953
7546052937894,14865296703170
7546086228294,14865306432477
7546119518594,14865316257391
7546152805694,14865324848598
7546186096094,14865332797616
7546219387094,14865341991601
7546252674494,14865351884855
7546285964494,14865362880854
7546319252994,14865373300650
7546352543294,14865383633800
7546385832494,14865392639732
7546419121194,14865401877900
7546452411594,14865413885260
7546485707194,14865425057125
7546518989394,14865433250975
7546552279394,14865443522715
7546585575294,14865452160564
7546618857094,14865462130166
7546652147594,14865470891332
7546685443994,14865482131409
7546718726294,14865490732474
7546752014994,14865501214122
7546785304494,14865509096565
7546818594794,14865516821174
7546851883094,14865524131763
7546885172494,14865530641859
7546918462894,14865540785008
7546951782994,14865549221931
7546985040494,14865559842450
7547018330794,14865570105368
7547051620994,14865579330395
7547084910094,14865589653372
7547118198794,14865600030431
7547151487394,14865610806138
7547184777994,14865620025275
7547218071094,14865631335381
7547251355494,14865641884540
7547284646094,14865652618024
7547317949394,14865663845975
7547351223694,14865673861913
7547384514094,14865684833977
7547417810094,14865695288103
7547451093794,14865705631923
7547484381694,14865715133701
7547517674294,14865724190630
7547550961594,14865731737162
7547584249194,14865740114698
7547617538394,14865749153824
7547650829394,14865758794961
7547684132394,14865768384141
7547717407194,14865776517285
7547750697494,14865784638778
7547783987094,14865791030425
7547817275994,14865799869086
7547850565194,14865809642413
7547883853894,14865818537180
7547917144894,14865827660090
7547950437894,14865835386014
7547983721294,14865843392709
7548017012494,14865849327804
7548050307594,14865857992211
7548083589894,14865867752991
7548116880494,14865876388240
7548150177094,14865885447688
7548183458294,14865894038752
7548216748694,14865902088673
7548250040594,14865908441604
7548283346894,14865915615140
7548316615594,14865924201235
7548349905394,14865933830986
7548383195694,14865942483364
7548416485794,14865951191344
7548449794894,14865959263336
7548483063194,14865965292079
7548516352894,14865973538325
7548549641694,14865984461484
7548582932194,14865993536333
7548616221294,14866002405672
7548649510094,14866010872895
7548682804494,14866020695647
7548716088094,14866028991217
7548749378594,14866037856808
7548782675094,14866045523898
7548815956494,14866052551557
7548849246994,14866060240584
7548882543694,14866070248658
7548915824394,14866076325190
7548949114794,14866086180793
7548982441894,14866095456778
7549015693794,14866105109383
7549048983494,14866113648400
7549082271894,14866122916818
7549115561794,14866131166906
7549148858494,14866138587500
7549182139694,14866146789647
7549215444194,14866155734097
7549248719194,14866165547398
7549282007994,14866174977723
7549315297594,14866187361588
7549348587794,14866204036009
7549381876494,14866217668617
7549415170894,14866230315839
7549448454794,14866242355038
7549481744894,14866254603117
7549515039394,14866266186721
7549548322794,14866279145486
7549581613294,14866290413505
7549614934794,14866301214314
7549648190494,14866311677636
7549681480994,14866322988403
7549714807794,14866332532138
7549748061594,14866342710365
7549781349494,14866356367798
7549814637794,14866371634454
7549847929094,14866384453955
7549881216594,14866396038990
7549914506294,14866405018411
7549947796794,14866416702536
7549981085194,14866426609352
7550014374594,14866437983415
7550047664494,14866448701810
7550080954094,14866458464985
7550114244094,14866467601808
7550147537194,14866476817778
7550180821194,14866486423482
7550214112694,14866495389822
7550247405394,14866505223360
7550280689394,14866515271465
7550313979994,14866524661188
7550347279694,14866534923748
7550380557694,14866544735599
7550413847994,14866555656554
7550447145394,14866565043466
7550480440094,14866573696424
7550513715994,14866580167719
7550547004294,14866586081463
7550580295594,14866592645215
7550613583394,14866599406887
7550646872494,14866609459305
7550680162594,14866618911252
7550713451694,14866628522045
7550746740494,14866638073509
7550780030494,14866646954522
7550813320994,14866655370934
7550846608794,14866660981610
7550879903594,14866671296764
7550913187594,14866680555447
7550946504094,14866688555388
7550979771794,14866700012119
7551013055394,14866708250304
7551046345794,14866718335712
7551079642294,14866727295745
7551112923494,14866736991871
7551146214394,14866745840625
7551179511294,14866753061276
7551212792294,14866763104883
7551246082394,14866770085551
7551279370794,14866779651844
7551312660894,14866789379079
7551345949794,14866801486585
7551379238694,14866811108414
7551412529294,14866822016118
7551445818894,14866831237890
7551479106794,14866841761178
7551512404794,14866852703290
7551545687794,14866862359852
7551578975094,14866872415380
7551612269194,14866881216312
7551645553794,14866890699371
7551678843994,14866898994315
7551712139194,14866906199129
7551745422094,14866915993037
7551778712594,14866925728980
7551812028194,14866936300949
7551845289594,14866945794998
7551878583694,14866956312714
7551911877694,14866965339768
7551945158294,14866974618460
7551978448794,14866984084997
7552011738094,14866993008743
7552045027294,14867004823816
7552078316694,14867015211296
7552111605394,14867025729317
7552144895394,14867036458531
7552178183694,14867045802362
7552211473494,14867054305852
7552244763694,14867063677095
7552278085494,14867070634691
7552311341094,14867079835117
7552344636394,14867090835002
7552377922394,14867103882439
7552411210594,14867113731631
7552444505794,14867126112491
7552477788394,14867137822951
7552511079794,14867149061248
7552544372894,14867163345988
7552577656194,14867175879820
7552610946394,14867187526852
7552644242294,14867198200158
7552677524794,14867210993038
7552710815594,14867222463007
7552744104594,14867233100960
7552777393994,14867245037275
7552810683394,14867255960724
7552843971294,14867266274190
7552877262294,14867277402511
7552910550394,14867288835965
7552943839694,14867298895247
7552977130294,14867309821779
7553010419194,14867322899129
7553043707694,14867333890359
7553077001994,14867343786927
7553110288594,14867355929367
7553143598394,14867366639265
7553176871694,14867378105889
7553210154794,14867389353814
7553243458194,14867398719956
7553276739694,14867407387731
7553310022694,14867418507554
7553343312994,14867430861173
7553376609794,14867441132250
7553409896494,14867450468382
7553443181594,14867464498695
7553476471694,14867476039416
7553509759494,14867485688952
7553543049694,14867498138786
7553576337794,14867509234599
7553609661194,14867520488967
7553642916294,14867531859859
7553676205894,14867544945416
7553709496194,14867556325049
7553742789594,14867568963186
7553776077194,14867582757824
7553809368294,14867592562495
7553842654894,14867602466279
7553875941994,14867612057325
7553909238094,14867623364607
7553942520994,14867635953581
7553975811194,14867647173458
7554009106894,14867660594816
7554042389094,14867670353684
7554075679794,14867680740308
7554108976394,14867691754247
7554142256794,14867703043538
7554175547594,14867715522663
7554208837194,14867727339244
7554242125594,14867738048679
7554275416094,14867749738384
7554308705494,14867761335700
7554341994294,14867774723217
7554375284294,14867785778039
7554408572094,14867797877778
7554441862494,14867810575442
7554475173494,14867821591102
7554508440694,14867833512477
7554541734794,14867845566735
7554575041194,14867858683461
7554608308494,14867871767838
7554641604294,14867884238779
7554674888594,14867893830592
7554708177994,14867904227985
7554741472894,14867915477097
7554774755494,14867925561671
7554808045894,14867936863943
7554841340994,14867949524162
7554874623694,14867961759844
7554907913894,14867973569016
7554941203094,14867986077153
7554974491994,14867997915552
7555007782194,14868012031887
7555041071394,14868023575045
7555074363494,14868035594596
7555107650494,14868047790294
7555140938794,14868060794797
7555174229594,14868073074788
7555207517194,14868084570160
7555240806794,14868094813193
7555274100494,14868106070706
7555307386694,14868118446495
7555340675094,14868131980642
7555373970894,14868143682649
7555407255094,14868154250390
7555440544794,14868165340865
7555473839394,14868177256426
7555507122194,14868189141022
7555540412494,14868200183321
7555573706694,14868211974185
7555606989994,14868223908314
7555640280294,14868234926441
7555673576794,14868247522261
7555706857894,14868260807715
7555740148994,14868273000085
7555773438994,14868284662394
7555806726794,14868297189184
7555840017294,14868308995203
7555873304894,14868320445352
7555906628894,14868332239717
7555939883994,14868344298021
7555973173094,14868356075451
7556006467694,14868370747988
7556039753894,14868384012386
7556073041694,14868396795350
7556106337494,14868409046027
7556139621294,14868420972884
7556172909494,14868433321243
7556206205894,14868445019933
7556239493994,14868457916227
7556272778394,14868469927426
7556306072994,14868480560598
7556339356194,14868491205128
7556372646894,14868502216596
7556405936894,14868511102409
7556439229194,14868527567726
7556472514794,14868544415376
7556505805494,14868559588128
7556539092594,14868573612431
7556572382894,14868587132844
7556605671394,14868599946542
7556638961994,14868612326508
7556672251794,14868625611399
7556705539894,14868638353230
7556738833694,14868650733345
7556772119094,14868662877430
7556805407794,14868674276261
7556838703594,14868686450655
7556871987994,14868697614915
7556905276094,14868708937020
7556938571694,14868721384508
7556971859494,14868736174865
7557005145094,14868749219854
7557038441194,14868760390642
7557071723094,14868773040676
7557105013294,14868784913997
7557138301294,14868795358649
7557171590694,14868808009545
7557204881294,14868820242539
7557238204394,14868832735081
7557271458694,14868845419803
7557304749594,14868857396463
7557338039194,14868870714700
7557371328494,14868882812466
7557404617594,14868895583138
7557437906194,14868909045798
7557471200294,14868922685036
7557504484994,14868934972274
7557537773794,14868946579666
7557571083794,14868958677521
7557604353994,14868971463764
7557637642194,14868984244205
7557670938094,14868998409113
7557704222494,14869011129440
7557737512494,14869022823381
7557770807194,14869034667267
7557804089194,14869045723755
7557837380894,14869057319149
7557870668194,14869071768311
7557903957394,14869081776546
7557937247694,14869095147731
7557970537894,14869107475822
7558003825394,14869121114289
7558037115994,14869132647601
7558070406694,14869145610922
7558103702594,14869161365328
7558136983594,14869175068180
7558170272294,14869188935140
7558203566994,14869200802993
7558236850894,14869212234714
7558270140494,14869222026211
7558303436594,14869231378257
7558336722794,14869242896975
7558370008894,14869254833792
7558403305094,14869267497798
7558436589194,14869278810802
7558469876594,14869289803241
7558503172394,14869297497420
7558536455694,14869308278647
7558569765894,14869321989427
7558603034394,14869334904670
7558636323694,14869347632112
7558669614194,14869360452771
7558702903294,14869371666724
7558736191794,14869381915061
7558769482794,14869391654856
7558802773094,14869402266442
7558836060194,14869412625514
7558869350494,14869424544875
7558902638694,14869439091287
7558935931894,14869452649867
7558969217894,14869466119941
7559002506894,14869480933112
7559035803194,14869496949109
7559069087194,14869510629846
7559102374794,14869523279913
7559135671494,14869534524652
7559168955994,14869545115330
7559202243194,14869556362486
7559235539194,14869566853321
7559268831494,14869577867122
7559302111994,14869589860964
7559335401194,14869602966693
7559368690094,14869612520752
7559401980294,14869624291544
7559435285794,14869634800959
7559468571894,14869642297154
7559501848694,14869653796704
7559535138094,14869663106499
7559568426794,14869675789555
7559601716994,14869687022387
7559635006094,14869698645786
7559668298994,14869712174442
7559701584794,14869724654120
7559734873294,14869737588377
7559768169894,14869748768656
7559801452194,14869761673793
7559834741194,14869773165415
7559868037594,14869781180542
7559901351294,14869792419488
7559934609094,14869805056265
7559967906994,14869819371887
7560001190594,14869833901631
7560034478794,14869847989613
7560067767994,14869861297713
7560101056094,14869872890565
7560134347794,14869886109666
7560167635294,14869897098305
7560200924794,14869909109394
7560234214994,14869920874100
7560267504294,14869932489125
7560300792794,14869944297636
7560334083494,14869957363766
7560367372394,14869969117615
7560400666294,14869980394698
7560433951294,14869993584604
7560467239594,14870005665495
7560500537794,14870017767072
7560533818494,14870029439433
7560567107794,14870041615943
7560600407594,14870053108373
7560633686794,14870061386174
7560666975594,14870074023482
7560700273094,14870086613199
7560733555994,14870099184790
7560766861794,14870110172045
7560800134494,14870121698155
7560833422494,14870132193497
7560866716994,14870143480126
7560900002094,14870157125523
7560933290994,14870170140848
7560966581294,14870182709235
7560999870694,14870196224826
7561033158794,14870208484949
7561066449894,14870217278185
7561099739894,14870228794089
7561133030994,14870241108870
7561166317494,14870252790688
7561199606294,14870265068475
7561232951894,14870277553407
7561266185194,14870289619089
7561299474394,14870301151517
7561332770294,14870314446494
7561366057294,14870327445926
7561399342294,14870341872179
7561432638894,14870353314564
7561465923294,14870367311521
7561499210494,14870380682087
7561532500894,14870392939366
7561565804394,14870405394657
7561599079194,14870417616139
7561632368494,14870430105510
7561665657394,14870445599019
7561698948094,14870458468494
7561732238194,14870471191096
7561765525594,14870483282391
7561798816194,14870495247666
7561832105394,14870509292521
7561865397694,14870521880862
7561898684294,14870534143494
7561931973694,14870545378684
7561965268594,14870555869001
7561998552794,14870569391766
7562031840694,14870579953137
7562065137294,14870591675696
7562098443694,14870602884865
7562131708494,14870613888280
7562165005594,14870623045810
7562198305194,14870633187981
7562231576694,14870643106037
7562264867294,14870654639570
7562298170794,14870665320191
7562331446094,14870674860470
7562364734894,14870687306137
7562398023994,14870700216201
7562431314594,14870711211686
7562464602494,14870723808293
7562497892194,14870734085238
7562531181994,14870745790373
7562564529494,14870756820688
7562597762294,14870768535101
7562631050494,14870779174709
7562664340094,14870790114766
7562697637894,14870799922009
7562730918694,14870809242813
7562764207094,14870819611755
7562797504794,14870829232044
7562830785594,14870839459191
7562864074694,14870849013604
7562897371594,14870858047303
7562930654194,14870866784754
7562963943194,14870874360483
7562997233294,14870883755322
7563030523394,14870892368692
7563063812594,14870901162942
7563097100994,14870909488975
7563130390294,14870917570944
7563163681894,14870925414767
7563196968794,14870934040516
7563230258194,14870943411459
7563263564594,14870953483303
7563296838194,14870962306220
7563330127794,14870971537494
7563363416994,14870980797116
7563396710094,14870989871798
7563430024194,14870999226287
7563463285194,14871009524031
7563496573494,14871018692221
7563529881194,14871028926794
7563563153894,14871037984014
7563596441594,14871048560858
7563629738094,14871055510245
7563663023394,14871069404345
7563696309994,14871082396558
7563729600294,14871092687555
7563762891594,14871102828045
7563796177794,14871113090718
7563829468394,14871122554254
7563862777094,14871137678826
7563896080294,14871151292699
7563929335994,14871165026152
7563962625094,14871177342551
7563995915194,14871187738225
7564029205894,14871198091009
7564062494894,14871208414137
7564095783694,14871218512298
7564129073894,14871228334399
7564162366594,14871239411911
7564195650994,14871248574727
7564228939694,14871257901396
7564262236194,14871267152401
7564295519794,14871278977095
7564328808094,14871288848319
7564362104694,14871298120909
7564395391094,14871308427940
7564428675894,14871315436657
7564461966694,14871325254725
7564495256394,14871335933479
7564528544394,14871345181624
7564561834694,14871354874385
7564595142994,14871361456805
7564628413494,14871373025301
7564661702294,14871383578080
7564694991394,14871393616019
7564728281394,14871403545851
7564761569694,14871412348824
7564794860794,14871429014161
7564828149794,14871444031883
7564861459694,14871460925013
7564894732994,14871468500983
7564928017794,14871476696167
7564961307394,14871484616333
7564994602394,14871493578532
7565027886694,14871501937425
7565061174294,14871510464865
7565094471594,14871519996253
7565127753294,14871529749647
7565161042294,14871540922279
7565194333194,14871551594264
7565227621494,14871561927374
7565260910194,14871573122145
7565294200594,14871583127123
7565327490594,14871597354695
7565360780494,14871608393920
7565394068594,14871620217733
7565427357594,14871629115059
7565460648794,14871643650520
7565493936494,14871656060736
7565527227294,14871667448510
7565560521194,14871678750409
7565593806194,14871690824125
7565627098994,14871703132617
7565660384294,14871715904754
7565693674694,14871727341440
7565726969494,14871738731367
7565760252194,14871750345691
7565793541094,14871761937468
7565826837994,14871774288775
7565860119694,14871785516431
7565893409094,14871796857181
7565926720694,14871807862369
7565959987694,14871818522291
7565993276994,14871832547502
7566026567594,14871844151525
7566059857594,14871857343853
7566093144894,14871869392884
7566126435194,14871880240996
7566159723794,14871891480749
7566193045494,14871903312299
7566226302794,14871915065564
7566259593194,14871927339543
7566292882294,14871939129223
7566326171794,14871951907025
7566359465794,14871962853427
7566392750694,14871973589849
7566426041494,14871984458273
7566459334294,14871994716612
7566492618494,14872005169753
7566525907394,14872015458380
7566559203294,14872027230197
7566592486694,14872038905339
7566625775594,14872049520973
7566659065894,14872062437689
7566692367594,14872073121704
7566725643194,14872084570327
7566758933994,14872095616572
7566792223894,14872106919491
7566825511794,14872117795402
7566858801494,14872128465754
7566892115194,14872138882531
7566925380894,14872149191998
7566958670094,14872160340836
7566991959394,14872171554120
7567025279194,14872180948967
7567058538194,14872190361617
7567091831994,14872199145129
7567125116794,14872207732074
7567158406594,14872217083479
7567191700694,14872227323014
7567224985594,14872237064404
7567258274894,14872247499744
7567291570194,14872257208354
7567324853794,14872266835070
7567358141894,14872275115553
7567391432194,14872284399866
7567424720494,14872294931241
7567458009494,14872304679007
7567491300394,14872315201443
7567524611594,14872325145775
7567557877894,14872334941158
7567591168094,14872345075391
7567624460294,14872353963886
7567657747394,14872364298232
7567691036294,14872373518095
7567724326494,14872383238085
7567757615994,14872391631646
7567790903694,14872400142356
7567824198894,14872409254456
7567857485094,14872418511876
7567890772594,14872428026591
7567924066994,14872437675653
7567957351294,14872447228026
7567990640894,14872457495113
7568023938194,14872466644298
7568057219394,14872475421139
7568090507994,14872484842568
7568123802594,14872495744614
7568157086794,14872505755311
7568190375994,14872515678486
7568223667594,14872526084683
7568256955894,14872536122329
7568290243894,14872545643889
7568323534794,14872556454849
7568356824394,14872566037487
7568390119694,14872575707496
7568423403194,14872584548622
7568456692094,14872593399545
7568489981494,14872602928302
7568523269994,14872612186700
7568556564894,14872621279743
7568589849794,14872631912737
7568623139094,14872641054346
7568656432694,14872652523726
7568689717294,14872662891953
7568723008194,14872674493192
7568756301894,14872685037396
7568789585994,14872695116239
7568822874594,14872706898212
7568856190694,14872718396444
7568889453094,14872730568900
7568922742494,14872742280687
7568956032994,14872753541662
7568989321994,14872764015860
7569022610694,14872773108372
7569055901194,14872784338493
7569089190994,14872793754300
7569122478894,14872803695963
7569155768894,14872812539425
7569189058594,14872821120920
7569222347894,14872829420147
7569255636994,14872838196764
7569288931394,14872848535429
7569322216194,14872858258517
7569355509794,14872867968480
7569388799794,14872878797074
7569422085394,14872888891635
7569455373894,14872898556529
7569488668594,14872908791500
7569521952494,14872920038569
7569555242094,14872929066656
7569588530894,14872938520106
7569621820894,14872948836279
7569655109294,14872958336405
7569688399394,14872967480130
7569721701494,14872977022108
7569754977594,14872986883742
7569788267294,14872995594557
7569821557994,14873004436198
7569854844994,14873013786064
7569888135494,14873022428796
7569921453294,14873031267541
7569954714394,14873039500799
7569988004494,14873049313933
7570021297994,14873057975765
7570054582294,14873067527981
7570087870594,14873076834715
7570121166094,14873085830430
7570154450094,14873094332805
7570187764494,14873102895952
7570221034294,14873112584137
7570254318594,14873123578532
7570287608294,14873133022892
7570320897594,14873144592064
7570354186994,14873155681867
7570387475694,14873166903204
7570420766994,14873176757076
7570454053594,14873188340517
7570487343894,14873199303666
7570520633494,14873209973904
7570553922994,14873221222052
7570587211394,14873232086838
7570620502494,14873243338606
7570653792094,14873252762343
7570687081294,14873262249850
7570720370094,14873271021149
7570753663994,14873280729632
7570786949594,14873290146812
7570820236694,14873299729584
7570853532694,14873307459386
7570886816294,14873315483968
7570920106594,14873324815957
7570953400994,14873334143507
7570986684794,14873345248748
7571019975194,14873354472212
7571053289294,14873363793564
7571086553294,14873372866233
7571119841694,14873381445605
7571153135494,14873390854958
7571186420494,14873400696810
7571219709994,14873410564089
7571253003294,14873420072052
7571286290694,14873429080716
7571319578194,14873438051577
7571352868694,14873447120606
7571386158694,14873456544662
7571419446194,14873465551436
7571452736694,14873474493666
7571486060494,14873483961155
7571519366294,14873492675076
7571552604194,14873501950104
7571585899394,14873511571344
7571619183094,14873519205668
7571652472894,14873529133743
7571685767694,14873539125314
7571719051094,14873548787670
7571752342094,14873557782781
7571785629394,14873566196377
7571818919594,14873574617223
7571852207794,14873584659905
7571885498094,14873593943029
7571918787794,14873603305667
7571952076194,14873611596932
7571985366894,14873619792553
7572018659894,14873627624139
7572051944694,14873635440269
7572085235294,14873644301572
7572118525694,14873652340474
7572151812294,14873660575993
7572185102894,14873669745342
7572218426194,14873678360980
7572251681394,14873687988494
7572284971494,14873696632470
7572318265294,14873707929148
7572351550094,14873718014035
7572384860294,14873728276440
7572418133994,14873737385849
7572451418294,14873747447750
7572484719794,14873756735677
7572517996394,14873766047290
7572551285994,14873775870333
7572584575394,14873786160126
7572617865094,14873795644393
7572651154494,14873805262571
7572684442594,14873814638797
7572717732994,14873823090288
7572751021694,14873830684625
7572784311194,14873840240713
7572817601194,14873851941769
7572850924094,14873866661929
7572884179094,14873887738836
7572917469694,14873903217286
7572950764994,14873916025253
7572984048094,14873931802295
7573017337294,14873948519748
7573050631094,14873964324146
7573083917394,14873979564256
7573117204794,14873995049474
7573150500094,14874010210729
7573183784194,14874025703968
7573217074694,14874040481686
7573250361894,14874057175216
7573283652694,14874073408921
7573316943594,14874088262502
7573350231694,14874100720526
7573383520794,14874111484416
7573416809094,14874125752898
7573450100094,14874139707193
7573483387594,14874154658872
7573516676894,14874169416429
7573549967894,14874184512395
7573583257294,14874195588962
7573616545294,14874210521507
7573649835694,14874224990970
7573683132494,14874239233301
7573716435994,14874255695467
7573749703794,14874270437056
7573782998594,14874285296511
7573816305894,14874299641691
7573849570794,14874309918683
7573882866594,14874322740435
7573916155894,14874336365225
7573949439394,14874350848393
7573982728394,14874367404138
7574016018894,14874382806709
7574049308994,14874397047987
7574082596894,14874411574818
7574115886794,14874424473669
7574149175394,14874438404609
7574182465894,14874454183815
7574215754794,14874468508393
7574249043694,14874483822195
7574282333994,14874498343476
7574315624494,14874513110052
7574348911894,14874528583696
7574382202394,14874543863046
7574415498994,14874559145848
7574448780094,14874571871721
7574482070494,14874585980767
7574515365094,14874600138122
7574548648194,14874615599038
7574581938094,14874629814228
7574615233094,14874644765646
7574648517194,14874661328691
7574681817894,14874676171078
7574715094594,14874690493705
7574748384894,14874707777761
7574781675094,14874727031169
7574814963194,14874747207108
7574848252594,14874768310615
7574881541594,14874789332779
7574914832194,14874809600074
7574948121794,14874823912016
7574981409794,14874842496593
7575014700294,14874866441029
7575047988794,14874887072451
7575081277994,14874900164055
7575114568694,14874914031188
7575147879594,14874928376896
7575181146094,14874943045564
7575214436894,14874957332403
7575247732494,14874971534664
7575281014894,14874984923165
7575314305394,14874998482683
7575347598794,14875012069326
7575380883994,14875025146775
7575414172294,14875038135797
7575447461094,14875050389499
7575480751394,14875062239776
7575514040494,14875074623742
7575547329994,14875086294395
7575580619194,14875099721034
7575613909194,14875110599748
7575647203394,14875122865386
7575680487794,14875134135955
7575713776194,14875145464861
7575747067794,14875156822481
7575780355094,14875168464590
7575813664894,14875179062792
7575846935094,14875190128583
7575880228894,14875201682019
7575913512394,14875210170880
7575946803294,14875220796614
7575980098694,14875231854023
7576013381894,14875242960877
7576046671194,14875254755298
7576079965794,14875265716879
7576113250394,14875277034997
7576146538694,14875287272054
7576179831194,14875298188678
7576213117994,14875307840278
7576246406794,14875317431225
7576279695794,14875328307105
7576312985794,14875338962199
7576346276794,14875350219971
7576379564294,14875361061246
7576412853994,14875371549892
7576446143294,14875381539761
7576479462294,14875392335537
7576512721694,14875402518162
7576546010694,14875413911300
7576579301194,14875423503955
7576612596994,14875435191737
7576645879694,14875444319088
7576679169794,14875455593889
7576712466094,14875466565976
7576745747094,14875478791186
7576779037594,14875492536043
7576812332394,14875505364430
7576845616394,14875517537028
7576878905594,14875529901957
7576912197494,14875542660253
7576945484594,14875555885067
7576978774794,14875569351697
7577012062394,14875582044380
7577045352694,14875595367551
7577078641694,14875608268334
7577111930394,14875620754570
7577145220894,14875633255907
7577178510494,14875645837361
7577211799094,14875659973121
7577245089194,14875673851476
7577278377194,14875687407137
7577311667694,14875700940621
7577344972994,14875714064834
7577378245494,14875726441371
7577411535594,14875737933317
7577444831894,14875752781260
7577478113294,14875767092590
7577511404094,14875780061349
7577544727994,14875794532858
7577577982294,14875808337920
7577611272894,14875822723721
7577644563594,14875838128896
7577677850894,14875854261940
7577711142394,14875867897462
7577744428194,14875881455028
7577777718994,14875894314570
7577811056994,14875906644540
7577844296894,14875919016393
7577877586894,14875931220012
7577910876194,14875944042441
7577944165994,14875956916895
7577977454894,14875970839065
7578010743794,14875982150798
7578044039694,14875992847614
7578077326694,14876002297942
7578110611994,14876012335808
7578143901394,14876024131062
7578177197494,14876035383033
7578210479394,14876046675255
7578243770794,14876057439009
7578277066294,14876067558770
7578310349994,14876079092109
7578343638294,14876089364282
7578376929694,14876101079241
7578410217994,14876109678655
7578443505694,14876121004608
7578476794894,14876131687888
7578510085694,14876141153589
7578543374494,14876151165663
7578576662894,14876160892855
7578609953994,14876171979492
7578643243094,14876182732457
7578676535094,14876193278552
7578709821394,14876202074133
7578743109894,14876210960103
7578776400894,14876220944566
7578809692894,14876229661375
7578842978194,14876239701146
7578876268194,14876247871665
7578909564994,14876258319844
7578942846194,14876268842866
7578976136294,14876279293542
7579009433894,14876288942024
7579042714094,14876298552963
7579076005194,14876309082651
7579109331694,14876319362308
7579142605594,14876329512128
7579175871894,14876339894053
7579209161594,14876349807407
7579242451594,14876359513087
7579275746694,14876369043951
7579309030894,14876380959787
7579342319894,14876392162196
7579375610394,14876402859488
7579408897494,14876413619177
7579442187294,14876424031162
7579475476594,14876435546496
7579508766394,14876446143948
7579542059994,14876457943726
7579575344594,14876469703469
7579608651394,14876480823793
7579641931194,14876491984565
7579675212694,14876502632093
7579708502794,14876513387591
7579741799994,14876523955616
7579775081094,14876535338352
7579808371194,14876546344799
7579841698594,14876557386809
7579874950094,14876565460754
7579908239194,14876575502814
7579941527694,14876586649910
7579974818094,14876597146374
7580008115594,14876607474309
7580041395794,14876617047068
7580074685894,14876627784568
7580107989694,14876638170802
7580141264094,14876648042267
7580174555994,14876658195272
7580207842894,14876668555220
7580241133094,14876679650563
7580274426094,14876689864985
7580307710594,14876699878631
7580341001294,14876710034488
7580374295594,14876719122362
7580407578894,14876728691130
7580440868894,14876739394069
7580474196394,14876748527071
7580507446694,14876758019930
7580540737594,14876767727286
7580574064294,14876778133467
7580607316294,14876786752212
7580640606294,14876796986945
7580673893994,14876807577515
7580707185594,14876818494962
7580740473194,14876828868581
7580773763994,14876839792834
7580807052794,14876850600792
7580840342994,14876861757583
7580873630294,14876870056519
7580906920594,14876879957617
7580940211494,14876891905417
7580973500694,14876901854764
7581006792694,14876912714329
7581040077194,14876924459380
7581073368894,14876935029004
7581106661594,14876945177157
7581139945694,14876954989488
7581173235494,14876965628291
7581206530894,14876976423817
7581239813994,14876987337602
7581273104394,14876997614633
7581306400594,14877005976212
7581339696994,14877015957070
7581372971994,14877024586014
7581406260394,14877036494881
7581439552794,14877047570222
7581472839094,14877058554218
7581506152094,14877069268829
7581539418994,14877080482415
7581572708394,14877091303296
7581605996894,14877102330349
7581639287494,14877114756450
7581672577694,14877126478039
7581705864994,14877137653824
7581739159094,14877149368945
7581772443894,14877161255298
7581805758894,14877173250067
7581839028394,14877184583422
7581872311694,14877196991864
7581905601894,14877208689778
7581938898294,14877220890458
7581972180094,14877232489616
7582005470794,14877243481087
7582038767194,14877254462312
7582072047894,14877265705062
7582105338294,14877278344299
7582138627094,14877290156717
7582171917094,14877302759518
7582205207394,14877314796941
7582238494994,14877326226089
7582271785594,14877337356514
7582305074994,14877348785487
7582338363094,14877362548504
7582371653694,14877375600943
7582404942994,14877387985196
7582438231494,14877400313020
7582471525094,14877412691231
7582504810294,14877424141276
7582538100294,14877435966536
7582571394994,14877449389805
7582604678194,14877462265978
7582637968894,14877485117267
7582671282894,14877503825036
7582704546694,14877521239718
7582737836694,14877537451405
7582771134494,14877553100327
7582804414394,14877570657189
7582837704794,14877587932484
7582870994894,14877610831288
7582904283594,14877625292850
7582937573794,14877637366850
7582970861594,14877645452049
7583004152194,14877651999740
7583037440294,14877660078464
7583070729594,14877671760264
7583104019994,14877678996555
7583137308994,14877691007363
7583170597994,14877698950723
7583203893094,14877708550397
7583237177594,14877716887427
7583270466794,14877725378628
7583303761494,14877739466222
7583337044894,14877748086970
7583370336394,14877757179962
7583403642194,14877765944121
7583436912694,14877774476950
7583470203294,14877784066295
7583503498294,14877794356144
7583536780994,14877804476394
7583570071094,14877814305126
7583603360694,14877824541755
7583636650794,14877836646323
7583669939294,14877847013930
7583703227694,14877856633890
7583736519094,14877867081742
7583769806894,14877876677909
7583803096194,14877887693235
7583836386194,14877898780364
7583869675794,14877908865971
7583902963594,14877918796769
7583936257694,14877929120195
7583969544694,14877942387461
7584002854794,14877957625009
7584036128094,14877974298836
7584069410694,14877982248457
7584102711694,14877989361520
7584135995794,14877998927807
7584169279194,14878005922865
7584202569394,14878015137514
7584235864994,14878027841846
7584269147194,14878037515070
7584302437394,14878046411639
7584335728094,14878053629312
7584369015394,14878062956175
7584402305894,14878072486980
7584435594194,14878083719059
7584468917994,14878092377453
7584502172994,14878102374528
7584535462494,14878111786070
7584568752594,14878120779444
7584602043294,14878130927024
7584635330194,14878142061304
7584668623794,14878152057156
7584701910294,14878161671830
7584735198694,14878172230088
7584768494394,14878182298942
7584801778794,14878192494492
7584835067694,14878202242657
7584868362694,14878212336379
7584901645694,14878222380160
7584934935494,14878232335557
7584968232094,14878243656499
7585001513794,14878252896209
7585034804094,14878262065655
7585068094094,14878270282257
7585101381694,14878279659121
7585134672094,14878288741792
7585167961694,14878299351380
7585201251194,14878313254521
7585234540794,14878325626042
7585267828794,14878336814692
7585301122094,14878348583751
7585334429294,14878358559130
7585367696794,14878369418952
7585400990094,14878379463794
7585434296394,14878390058833
7585467564794,14878398552531
7585500860594,14878407205044
7585534144694,14878415765043
7585567434594,14878424818806
7585600729994,14878433828611
7585634011494,14878444453060
7585667302194,14878454236295
7585700597194,14878464112046
7585733880094,14878474331881
7585767170194,14878483699314
7585800460194,14878492068500
7585833748294,14878501497811
7585867038894,14878510807192
7585900328194,14878520583258
7585933621594,14878529589743
7585966906894,14878540419166
7586000195494,14878550248708
7586033486394,14878560007555
7586066777194,14878570455412
7586100063294,14878579215888
7586133356194,14878592700314
7586166642694,14878605225629
7586199931494,14878617377253
7586233227194,14878629304889
7586266511894,14878641237765
7586299800994,14878655722153
7586333096194,14878668290385
7586366378194,14878679981789
7586399669394,14878689186194
7586432978994,14878700234240
7586466246394,14878710747933
7586499536294,14878721508804
7586532827194,14878733284141
7586566114494,14878746731317
7586599405194,14878759724259
7586632696194,14878771690134
7586666005394,14878781324455
7586699273294,14878789559527
7586732561694,14878799286627
7586765879894,14878809788513
7586799140394,14878820059249
7586832429894,14878835434549
7586865722694,14878847896674
7586899009494,14878859689051
7586932297694,14878870342615
7586965594294,14878881874392
7586998878994,14878892542080
7587032165694,14878902432754
7587065461794,14878912413497
7587098744294,14878922091670
7587132068994,14878931331611
7587165329594,14878940775315
7587198616294,14878950469869
7587231902994,14878960634629
7587265193594,14878970201107
7587298480894,14878979673039
7587331771694,14878988396930
7587365061694,14878997042720
7587398348894,14879005667296
7587431639694,14879014211269
7587464927794,14879024534099
7587498217994,14879032940392
7587531508194,14879041936905
7587564795894,14879050264645
7587598089194,14879058467769
7587631375594,14879069298758
7587664664494,14879078964649
7587697960494,14879087683638
7587731243894,14879097365568
7587764532594,14879106550388
7587797828294,14879114935537
7587831114594,14879123039269
7587864401194,14879131932749
7587897696994,14879139714772
7587930979394,14879148756527
7587964269794,14879158044852
7587997558294,14879165981858
7588030847194,14879174789301
7588064137894,14879184074975
7588097453094,14879192712077
7588130714794,14879201580551
7588164006194,14879211078643
7588197295294,14879220491544
7588230584694,14879228676337
7588263874194,14879236470382
7588297162094,14879248979866
7588330459494,14879257390340
7588363741294,14879264941284
7588397030694,14879275230355
7588430326894,14879283346441
7588463610894,14879291208815
7588496898294,14879300776720
7588530195094,14879309058862
7588563479594,14879317391792
7588596768594,14879326619648
7588630063094,14879336425854
7588663345594,14879345521502
7588696637094,14879352651360
7588729924294,14879360942766
7588763214394,14879369139599
7588796503794,14879376856909
7588829793594,14879385538485
7588863081994,14879394440650
7588896372394,14879403290640
7588929661994,14879412339349
7588962952094,14879419824432
7588996240694,14879426585691
7589029528794,14879435169552
7589062822094,14879443136995
7589096107894,14879452683431
7589129396794,14879461838137
7589162692694,14879469989634
7589195976194,14879477906178
7589229264994,14879485625145
7589262561294,14879494007398
7589295845994,14879507293291
7589329133194,14879518782397
7589362429294,14879529467166
7589395711994,14879539702078
7589429034894,14879549661202
7589462290494,14879558201301
7589495580194,14879568221479
7589528869994,14879578863892
7589562159594,14879589281413
7589595448294,14879600390936
7589628738494,14879612023181
7589662029294,14879621539090
7589695316294,14879631588134
7589728606494,14879641566263
7589761895394,14879650616559
7589795187194,14879660291545
7589828474694,14879672567952
7589861766994,14879693445919
7589895059694,14879706449758
7589928343894,14879719448792
7589961631394,14879731976141
7589994927594,14879741754867
7590028211494,14879751166360
7590061499594,14879760100128
7590094795894,14879769602968
7590128087494,14879778504814
7590161368294,14879787748784
7590194658494,14879795674959
7590227946694,14879804436604
7590261236494,14879814164978
7590294525894,14879821930383
7590327814894,14879830836420
7590361105194,14879839046521
7590394394494,14879847405303
7590427682694,14879855756738
7590460973494,14879863928806
7590494262594,14879871591381
7590527553994,14879879533405
7590560841394,14879888456665
7590594130094,14879896649599
7590627425894,14879905048082
7590660708094,14879913108177
7590693997794,14879921120665
7590727294194,14879929665326
7590760614894,14879938003823
7590793865994,14879947502370
7590827162094,14879954632818
7590860446094,14879962117235
7590893735094,14879969443202
7590927025294,14879976779231
7590960312894,14879984831872
7590993604394,14879993227529
7591026891694,14880001823536
7591060180994,14880009324889
7591093471594,14880017241646
7591126760794,14880025475417
7591160049094,14880033434668
7591193339894,14880043529705
7591226629294,14880052840734
7591259923194,14880062371645
7591293207994,14880070732455
7591326496094,14880078291368
7591359793794,14880085819107
7591393074894,14880092975708
7591426364494,14880100913186
7591459660294,14880107774690
7591492944094,14880115098680
7591526232794,14880122656555
7591559528594,14880139375320
7591592811994,14880152352754
7591626106794,14880169894937
7591659390594,14880192957541
7591692679494,14880214344292
7591725969494,14880228726712
7591759261194,14880242742316
7591792547194,14880255159883
7591825838094,14880268866823
7591859127294,14880282481117
7591892415794,14880299099305
7591925705894,14880315849026
7591958996194,14880331063558
7591992284894,14880342342691
7592025573994,14880354274673
7592058862394,14880366797539
7592092182894,14880379702937
7592125441094,14880391584288
7592158730794,14880403788765
7592192026694,14880415579820
7592225311694,14880426448727
7592258598894,14880436290896
7592291895494,14880446073342
7592325178594,14880455033565
7592358466694,14880464015059
7592391756794,14880473482654
7592425059794,14880482854568
7592458335994,14880492803694
7592491625094,14880501167048
7592524914094,14880509453360
7592558204094,14880518621989
7592591493694,14880528108277
7592624782194,14880538106859
7592658072394,14880546380728
7592691363094,14880554392724
7592724650694,14880562212248
7592757940594,14880569114047
7592791229794,14880575219575
7592824524594,14880582138310
7592857808794,14880587811209
7592891096894,14880593650228
7592924393294,14880599550686
7592957686694,14880605649469
7592990964894,14880618411073
7593024261694,14880625084197
7593057544494,14880634457981
7593090832994,14880643382700
7593124123394,14880658013352
7593157425894,14880666405657
7593190702294,14880672622699
7593223994294,14880679526327
7593257280394,14880686248389
7593290570794,14880693744459
7593323858694,14880701035117
7593357148494,14880708182401
7593390438894,14880715311120
7593423757194,14880722609888
7593457016994,14880729827213
7593490307194,14880737744565
7593523596294,14880746706801
7593556893994,14880755457106
7593590175494,14880763965469
7593623463394,14880774106622
7593656763994,14880782853396
7593690041694,14880791035438
7593723331594,14880799146576
7593756628194,14880808738052
7593789911094,14880818226400
7593823199794,14880827567304
7593856489694,14880837579536
7593889779494,14880846598476
7593923069694,14880856216789
7593956358394,14880865556661
7593989646894,14880874744161
7594022937794,14880883639572
7594056225194,14880893392837
7594089514694,14880902149370
7594122805194,14880911361071
7594156095394,14880920374765
7594189383794,14880928894831
7594222673994,14880937673995
7594255964194,14880946734247
7594289275194,14880955782538
7594322542094,14880963949327
7594355829694,14880972865446
7594389126094,14880981581630
7594422420094,14880991224278
7594455697694,14881002038824
7594488994694,14881012191808
7594522277594,14881022458743
7594555566094,14881033124233
7594588855894,14881042819012
7594622146694,14881052605959
7594655433794,14881062284176
7594688724894,14881072738072
7594722013394,14881082334858
7594755332694,14881091889961
7594788591494,14881100632944
7594821881294,14881110518863
7594855171894,14881119611030
7594888460994,14881128180702
7594921750294,14881138485793
7594955039494,14881148476073
7594988329994,14881157681033
7595021624594,14881166663606
7595054907694,14881175852639
7595088196394,14881184968671
7595121492194,14881194047218
7595154775794,14881204304995
7595188064494,14881213811127
7595221361194,14881222716802
7595254644294,14881233272835
7595287932294,14881242891564
7595321222394,14881252482912
7595354512794,14881262017078
7595387800194,14881273582096
7595421090694,14881284535531
7595454397894,14881295290340
7595487669394,14881307307084
7595520959494,14881317046418
7595554250794,14881327030536
7595587537694,14881336463946
7595620855394,14881348165727
7595654115894,14881359334197
7595687406194,14881370280116
7595720705094,14881382202300
7595753988794,14881392123450
7595787273994,14881401704416
7595820563794,14881411249463
7595853859394,14881422377829
7595887142694,14881433012301
7595920430894,14881443170914
7595953727794,14881457779152
7595987009094,14881469430820
7596020298394,14881481092356
7596053589194,14881492788152
7596086911494,14881504659314
7596120166594,14881516274365
7596153456994,14881526635233
7596186747894,14881537439084
7596220036094,14881547716580
7596253325594,14881558148107
7596286614094,14881568562953
7596319905094,14881578468533
7596353192494,14881588372482
7596386482494,14881598209072
7596419772394,14881608986801
7596453061694,14881618620782
7596486355694,14881628005678
7596519640794,14881637721298
7596552930294,14881648677071
7596586226594,14881658515194
7596619508894,14881670044935
7596652797094,14881680666556
7596686094594,14881690433659
7596719379394,14881700815748
7596752665394,14881710933145
7596785955394,14881721743056
7596819244594,14881731998500
7596852533494,14881742732552
7596885823394,14881753051621
7596919114294,14881762801306
7596952424094,14881772968442
7596985691694,14881781910791
7597018980194,14881792792669
7597052288594,14881802629153
7597085562094,14881812715373
7597118849594,14881823796293
7597152138594,14881833478549
7597185428094,14881844085078
7597218722194,14881854533427
7597252007194,14881865659987
7597285296894,14881877105486
7597318590394,14881887978644
7597351875194,14881899162627
7597385163594,14881909550768
7597418493594,14881920537614
7597451741794,14881930292832
7597485031594,14881941984009
7597518325394,14881951982865
7597551612294,14881962372483
7597584899794,14881972742572
7597618189694,14881983592735
7597651480494,14881994246606
7597684767994,14882003749167
7597718058094,14882014992257
7597751370094,14882026661263
7597784636694,14882036575061
7597817926994,14882046809759
7597851223994,14882055989520
7597884505194,14882065231198
7597917795294,14882075122132
7597951088694,14882086258592
7597984373294,14882096175917
7598017662894,14882106194029
7598050956694,14882115514275
7598084241594,14882125853565
7598117531294,14882135617571
7598150826594,14882145136553
7598184109594,14882156305887
7598217398394,14882165110771
7598250691594,14882176254545
7598283976794,14882187457987
7598317266194,14882199303430
7598350556294,14882209871032
7598383876094,14882221901971
7598417134394,14882234618228
7598450424394,14882246627447
7598483737194,14882257684680
7598517003394,14882268147851
7598550293094,14882279635957
7598583581194,14882290729437
7598616875694,14882301360226
7598650159694,14882312393834
7598683454794,14882323191329
7598716739494,14882334238474
7598750028994,14882345136976
7598783322694,14882354566497
7598816607994,14882365173589
7598849897694,14882375189005
7598883194394,14882385771423
7598916475794,14882396244855
7598949764494,14882405801531
7598983065394,14882415307662
7599016343194,14882425273554
7599049632694,14882435342661
7599082922494,14882445363232
7599116212094,14882455840986
7599149500794,14882466238026
7599182790894,14882476631233
7599216080694,14882485990631
7599249369894,14882495389829
7599282659194,14882504191100
7599315947794,14882513966344
7599349238294,14882523669750
7599382526194,14882533085810
7599415820794,14882542297130
7599449106094,14882551833350
7599482395494,14882560793186
7599515689594,14882568232106
7599548974494,14882577216692
7599582264494,14882587789363
7599615581094,14882595552974
7599648841994,14882604775478
7599682130794,14882614094014
7599715450994,14882623542711
7599748709494,14882633445124
7599781998794,14882643951189
7599815288894,14882654903005
7599848579794,14882665134841
7599881867194,14882675630443
7599915157594,14882685740296
7599948447094,14882696249313
7599981735094,14882706760289
7600015025594,14882717136504
7600048343594,14882728120193
7600081604194,14882738588753
7600114892694,14882749888101
7600148187894,14882760552668
7600181472594,14882771474230
7600214762794,14882781887619
7600248056394,14882792029328
7600281340694,14882803603950
7600314630494,14882814262581
7600347924494,14882822430209
7600381209094,14882832721875
7600414497694,14882844826482
7600447794094,14882852499097
7600481077094,14882862996425
7600514365194,14882872194201
7600547655494,14882879835480
7600580947494,14882892121924
7600614233394,14882904445331
7600647523794,14882915305617
7600680813394,14882926893498
7600714100994,14882938237807
7600747391994,14882949623573
7600780709494,14882960870578
7600813970694,14882971641968
7600847260494,14882981371856
7600880556394,14882991919128
7600913839194,14883001986849
7600947127294,14883012537759
7600980422594,14883022579634
7601013706794,14883033495488
7601047025994,14883043908277
7601080290394,14883053441357
7601113575294,14883063962007
7601146864694,14883073962957
7601180160794,14883080960909
7601213443594,14883091524215
7601246732094,14883101591041
7601280023394,14883111728990
7601313310894,14883120643234
7601346600194,14883129092106
7601379890494,14883137775745
7601413179694,14883147919037
7601446468194,14883159444763
7601479758394,14883170572539
7601513048094,14883181623254
7601546337994,14883191868458
7601579626394,14883202333770
7601612919394,14883212892587
7601646206094,14883221929020
7601679493394,14883233042639
7601712788894,14883242394465
7601746073294,14883252913387
7601779363694,14883263639625
7601812657494,14883273335889
7601845941194,14883282360592
7601879232694,14883291936842
7601912529994,14883302827363
7601945809794,14883313368992
7601979098294,14883322113327
7602012396994,14883330466933
7602045676794,14883338983486
7602078966094,14883348154350
7602112256794,14883356020288
7602145545394,14883365090285
7602178834594,14883374924008
7602212124494,14883385112993
7602245415194,14883395687728
7602278701894,14883407044468
7602311993294,14883416961944
7602345286394,14883427252712
7602378593694,14883439476357
7602411859794,14883450924936
7602445155094,14883462247106
7602478439794,14883471802729
7602511729594,14883481827564
7602545023994,14883491364309
7602578309594,14883500944309
7602611597994,14883511356198
7602644889094,14883521191945
7602678176394,14883531834347
7602711464494,14883541334640
7602744754794,14883551492214
7602778045994,14883561060147
7602811333194,14883570022029
7602844623194,14883580388973
7602877912694,14883588358618
7602911200694,14883597516483
7602944490994,14883606922324
7602977781394,14883615529988
7603011068894,14883625238970
7603044359094,14883643570481
7603077681994,14883656728686
7603110938094,14883666095465
7603144228094,14883675216398
7603177521494,14883683735266
7603210806194,14883692329907
7603244103894,14883700046834
7603277389894,14883708393009
7603310674694,14883717743649
7603343963594,14883726264557
7603377258594,14883736241271
7603410542894,14883745179590
7603443831694,14883754611984
7603477121494,14883761791880
7603510410794,14883768815521
7603543699294,14883779280729
7603576989394,14883788107060
7603610277794,14883796644105
7603643567494,14883806292678
7603676857594,14883814194966
7603710178194,14883821085461
7603743435294,14883830801560
7603776725794,14883841588010
7603810021494,14883848639789
7603843304094,14883858386020
7603876594094,14883867869056
7603909891994,14883877787881
7603943173894,14883885661534
7603976461394,14883895576603
7604009756094,14883905418756
7604043042294,14883912156731
7604076330194,14883919103865
7604109624594,14883929560911
7604142908894,14883936714083
7604176198294,14883946737921
7604209488694,14883954775657
7604242776694,14883966869226
7604276065194,14883978204750
7604309356794,14883987786054
7604342644294,14883997602444
7604375933394,14884007505518
7604409223794,14884017738266
7604442513094,14884027362971
7604475801994,14884039682949
7604509091694,14884048757751
7604542386794,14884057126747
7604575684894,14884067791622
7604608960494,14884081103924
7604642254894,14884094714062
7604675550894,14884108268367
7604708827394,14884120312310
7604742122594,14884132565409
7604775407494,14884144465181
7604808696194,14884156192763
7604841991094,14884168112166
7604875274694,14884179881907
7604908566094,14884191487382
7604941853494,14884206150745
7604975143594,14884217693021
7605008431594,14884230014821
7605041758994,14884239327359
7605075010494,14884250766140
7605108300194,14884262714831
7605141590194,14884274328929
7605174879594,14884287439176
7605208167894,14884299582699
7605241458594,14884311564473
7605274753494,14884325309400
7605308036394,14884336076689
7605341326394,14884347267747
7605374620694,14884358195199
7605407905294,14884369788877
7605441197294,14884381091645
7605474489294,14884392626845
7605507773494,14884403617070
7605541063294,14884414499632
7605574357394,14884425570776
7605607641294,14884437919936
7605640931194,14884449388820
7605674219594,14884459715150
7605707509694,14884470713464
7605740799294,14884481703053
7605774088194,14884492453586
7605807381694,14884503377740
7605840666694,14884514083860
7605873956794,14884525456129
7605907265694,14884536434151
7605940534294,14884549578171
7605973824994,14884560653978
7606007120194,14884571125175
7606040402494,14884582054624
7606073692894,14884592089430
7606107016494,14884602775674
7606140271694,14884612115683
7606173560894,14884622607816
7606206855394,14884632063829
7606240140094,14884641419833
7606273428194,14884652596585
7606306724194,14884661868907
7606340007694,14884672738392
7606373327294,14884682354004
7606406585594,14884693076256
7606439876494,14884702412191
7606473165894,14884712372015
7606506455294,14884721876600
7606539744194,14884730900505
7606573032494,14884741116726
7606606323794,14884755124323
7606639611694,14884766958894
7606672900594,14884777665777
7606706191594,14884787866386
7606739484194,14884798363571
7606772768994,14884808080752
7606806059394,14884818673844
7606839355194,14884828830974
7606872638894,14884839515405
7606905927594,14884849773384
7606939222094,14884860333469
7606972506894,14884869130962
7607005794694,14884875987067
7607039090394,14884886232234
7607072380894,14884895945110
7607105663494,14884903706551
7607138952094,14884914657998
7607172242694,14884920920903
7607205532394,14884930820195
7607238849194,14884939778800
7607272110794,14884951788372
7607305399194,14884960823105
7607338703194,14884970214118
7607371977894,14884980172863
7607405267194,14884989512129
7607438557294,14884995767287
7607471852294,14885005433044
7607505135294,14885015781769
7607538425594,14885025588862
7607571722094,14885035446053
7607605003494,14885047205186
7607638294094,14885054216190
7607671618194,14885061620608
7607704907494,14885068868575
7607738161194,14885158626096
7607771456594,14885177187535
7607804740794,14885192630881
7607838030394,14885203099843
7607871318394,14885214825053
7607904608994,14885226747095
7607937899394,14885240830538
7607971186994,14885252524105
7608004478794,14885261688726
7608037765494,14885273832418
7608071055494,14885284686367
7608104345394,14885292415072
7608137633394,14885301518680
7608170923794,14885312077570
7608204218194,14885324109408
7608237501594,14885334712519
7608270792494,14885346902706
7608304088394,14885357063589
7608337369794,14885366168409
7608370660194,14885373417242
7608403983994,14885382859606
7608437238994,14885394131740
7608470539094,14885403824531
7608503823094,14885413581927
7608537107194,14885422938687
7608570417794,14885432524274
7608603684894,14885443726866
7608636975394,14885453846967
7608670279994,14885463469620
7608703553494,14885472456857
7608736844294,14885481876176
7608770133094,14885491187828
7608803422194,14885499976698
7608836711894,14885509678406
7608870000294,14885520919644
7608903290294,14885531759086
7608936582094,14885543895247
7608969867894,14885555091954
7609003158594,14885565535888
7609036485094,14885575303874
7609069735994,14885585227267
7609103026794,14885594536657
7609136322394,14885604602451
7609169609194,14885615423642
7609202894894,14885622459264
7609236189494,14885632534887
7609269474794,14885643869648
7609302761994,14885654265605
7609336051194,14885664211286
7609369341594,14885674812943
7609402632394,14885685189136
7609435919894,14885694483723
7609469209594,14885704338862
7609502500794,14885713659992
7609535789294,14885723913655
7609569078194,14885733380394
7609602366494,14885746168396
7609635657694,14885755933767
7609668948694,14885765568014
7609702234894,14885775053541
7609735524894,14885784350076
7609768820094,14885793433963
7609802102794,14885802669819
7609835393194,14885812669188
7609868689894,14885821568887
7609901992794,14885832432939
7609935260994,14885842541492
7609968555894,14885850094849
7610001868194,14885857530457
7610035128094,14885866326942
7610068417594,14885874583300
7610101708494,14885882112780
7610134997694,14885890490957
7610168285894,14885898240710
7610201575594,14885906008632
7610234866394,14885913452970
7610268154194,14885923620326
7610301444294,14885932955418
7610334732994,14885941062529
7610368023094,14885950894254
7610401314594,14885958684346
7610434601194,14885966793209
7610467891494,14885974962652
7610501187394,14885983145487
7610534469194,14885992370537
7610567759694,14886000365397
7610601056394,14886011043527
7610634337594,14886020024554
7610667627494,14886027995920
7610700922494,14886037357991
7610734206294,14886046319143
7610767505494,14886055276721
7610800784294,14886064625809
7610834074594,14886073416197
7610867363994,14886082320373
7610900652494,14886092933544
7610933942594,14886103603753
7610967232594,14886112566234
7611000520794,14886123289062
7611033810694,14886132757589
7611067099294,14886142501258
7611100389594,14886152096358
7611133685294,14886160581195
7611166966994,14886169089101
7611200258094,14886177219497
7611233573694,14886185585246
7611266835994,14886194611348
7611300125994,14886203814930
7611333436994,14886213568966
7611366703294,14886221322748
7611399993894,14886228910150
7611433290194,14886236554785
7611466572294,14886246589638
7611499862394,14886254968572
7611533150394,14886263564943
7611566440994,14886271637875
7611599728894,14886280698636
7611633018694,14886288756832
7611666309294,14886296753373
7611699598094,14886305501389
7611732886494,14886314471161
7611766176994,14886323662610
7611799466394,14886332433749
7611832760494,14886342100274
7611866048394,14886350108539
7611899333694,14886357071871
7611932624894,14886367231302
7611965918194,14886376017448
7611999201494,14886385326360
7612032492194,14886393315179
7612065787494,14886400931892
7612099070494,14886408380462
7612132359994,14886416521141
7612165657094,14886425548337
7612198938994,14886435532711
7612232228594,14886444129482
7612265516794,14886452221207
7612298809294,14886459865121
7612332095694,14886469593812
7612365385194,14886477198962
7612398675694,14886486109909
7612431964794,14886493552352
7612465253394,14886501794057
7612498543194,14886509741007
7612531834094,14886516557502
7612565121294,14886524118067
7612598413894,14886534985365
7612631700294,14886542358625
7612665014694,14886550473534
7612698284494,14886559222363
7612731568494,14886567007172
7612764858794,14886574601088
7612798154994,14886582501334
7612831436094,14886590518144
7612864726794,14886598299302
7612898023394,14886606318868
7612931304594,14886616980404
7612964595194,14886626329753
7612997883094,14886635458091
7613031176394,14886644794087
7613064461894,14886652702825
7613097751794,14886662528207
7613131042094,14886671125090
7613164331794,14886679641798
7613197619694,14886688128680
7613230909294,14886696855605
7613264199594,14886708072020
7613297487694,14886720190300
7613330780494,14886732197162
7613364067894,14886741032866
7613397356994,14886750971328
7613430652094,14886760020954
7613463934594,14886769519930
7613497225194,14886778625072
7613530520494,14886787516591
7613563803094,14886797638355
7613597092994,14886809625818
7613630389094,14886819718204
7613663670794,14886828844803
7613696961394,14886837664303
7613730250794,14886845047519
7613763539594,14886857843660
7613796832594,14886873249895
7613830117694,14886885908287
7613863408794,14886903448275
7613896696694,14886918773050
7613929986594,14886932248643
7613963276294,14886944626842
7613996598694,14886953044842
7614029853494,14886964855803
7614063146994,14886976005290
7614096434094,14886988739473
7614129723194,14887000065709
7614163035594,14887012010836
7614196300794,14887024132903
7614229592794,14887036870170
7614262885294,14887048498757
7614296169294,14887060813075
7614329459294,14887070632753
7614362754594,14887082649727
7614396037094,14887093919796
7614429327794,14887106144681
7614462617094,14887118129301
7614495906994,14887129211455
7614529196194,14887140968761
7614562484194,14887152170161
7614595775194,14887165774527
7614629062594,14887178615152
7614662352594,14887188381514
7614695642294,14887200501225
7614728931494,14887209811516
7614762220294,14887219765494
7614795513194,14887230482196
7614828800494,14887241074019
7614862089294,14887251944427
7614895384994,14887261971032
7614928670694,14887273049388
7614961957694,14887283532674
7614995251794,14887292513052
7615028535494,14887300902388
7615061825994,14887310097155
7615095123894,14887318291380
7615128403694,14887325558513
7615161694194,14887333053342
7615194984694,14887343911220
7615228271994,14887352492187
7615261562194,14887365268369
7615294852094,14887376794206
7615328162694,14887385646066
7615361429494,14887393848596
7615394718894,14887402380333
7615428009194,14887415609993
7615461297994,14887423843579
7615494587094,14887432331812
7615527879194,14887442484308
7615561167594,14887451246987
7615594454794,14887462811827
7615627751094,14887471838711
7615661035594,14887481337194
7615694323594,14887490445362
7615727619194,14887498852578
7615760902294,14887508130045
7615794192494,14887517311346
7615827488994,14887529245917
7615860769994,14887538775473
7615894060594,14887548591878
7615927350694,14887559229751
7615960638594,14887569528095
7615993928394,14887578026732
7616027216794,14887586551397
7616060507194,14887595333775
7616093796594,14887604103118
7616127085194,14887615423667
7616160375294,14887625544758
7616193667894,14887635180411
7616226953194,14887645295527
7616260245494,14887655765829
7616293532894,14887663640900
7616326820794,14887673033273
7616360117394,14887683886012
7616393399994,14887692453095
7616426690494,14887701666796
7616459985994,14887711071483
7616493268094,14887719706535
7616526558694,14887727992441
7616559853594,14887736248877
7616593136994,14887748932340
7616626426794,14887757941401
7616659757894,14887768988831
7616693004094,14887781299640
7616726295094,14887789812031
7616759584094,14887798301632
7616792873894,14887807568803
7616826179194,14887817470684
7616859451594,14887825250061
7616892742494,14887833527892
7616926030294,14887844489531
7616959319294,14887854278458
7616992611694,14887863244180
7617025900294,14887871324191
7617059187594,14887881359081
7617092483294,14887889709140
7617125768794,14887898067516
7617159057394,14887906925273
7617192351794,14887915400829
7617225640194,14887923361424
7617258926194,14887934622231
7617292219594,14887943743814
7617325502994,14887952942053
7617358792894,14887965195592
7617392082094,14887977046799
7617425370794,14887986503559
7617458661294,14887993831565
7617491950394,14888002271594
7617525251694,14888013647694
7617558528894,14888021805832
7617591817694,14888033301390
7617625108394,14888041373197
7617658396494,14888049878801
7617691686094,14888058430609
7617724978094,14888068543223
7617758265694,14888078474287
7617791554194,14888086410646
7617824851694,14888095720478
7617858134594,14888104569748
7617891421894,14888113316921
7617924718394,14888124444182
7617958000694,14888133579504
7617991312594,14888143009532
7618024585694,14888151166157
7618057869194,14888159390188
7618091159294,14888167387246
7618124448694,14888175570966
7618157737494,14888183505620
7618191027994,14888191304276
7618224318294,14888202856429
7618257605594,14888213438303
7618290896094,14888222367924
7618324184194,14888232408522
7618357473794,14888240851001
7618390763294,14888248633333
7618424052494,14888257346509
7618457344494,14888268534315
7618490632594,14888278137176
7618523920594,14888287537915
7618557216494,14888298588622
7618590501194,14888310387058
7618623788594,14888319618960
7618657084494,14888327517346
7618690370594,14888335918733
7618723675694,14888343970376
7618756953694,14888355798108
7618790235294,14888364308162
7618823525594,14888374306245
7618856834094,14888382621754
7618890103394,14888390315065
7618923393894,14888404841221
7618956683594,14888417700289
7618989972394,14888430417484
7619023261994,14888443571516
7619056551894,14888451713487
7619089840694,14888462351436
7619123130294,14888471621886
7619156418594,14888485191447
7619189711594,14888497558067
7619222997294,14888508202005
7619256286994,14888519394581
7619289583294,14888530253120
7619322897194,14888538425600
7619356155094,14888548971107
7619389451194,14888557971299
7619422734794,14888566296117
7619456023994,14888575538895
7619489319794,14888587529182
7619522601394,14888599037564
7619555893294,14888610212294
7619589180894,14888622559844
7619622470194,14888635695982
7619655760694,14888644788632
7619689049794,14888653096923
7619722338094,14888665523873
7619755628494,14888677877484
7619788918094,14888689427094
7619822208894,14888701096019
7619855500094,14888712866980
7619888785094,14888722149496
7619922078694,14888733115412
7619955363794,14888741409572
7619988652994,14888752260838
7620021949194,14888763450821
7620055232694,14888775556232
7620088521494,14888788084071
7620121817594,14888799278014
7620155101494,14888811578104
7620188407194,14888821974000
7620221686194,14888833185420
7620254974194,14888843465595
7620288263194,14888850493706
7620321547094,14888865941528
7620354836594,14888879680905
7620388126694,14888889299084
7620421416094,14888898115381
7620454704894,14888906152474
7620487994894,14888914503133
7620521285194,14888922371315
7620554572794,14888935207558
7620587863194,14888946517535
7620621152894,14888954746946
7620654493894,14888966116295
7620687730694,14888978117932
7620721019494,14888989658251
7620754315794,14889001124630
7620787600494,14889013338086
7620820887694,14889024226307
7620854183894,14889036105547
7620887467394,14889047541012
7620920756194,14889060015426
7620954052294,14889070691591
7620987336094,14889081958364
7621020624494,14889093428224
7621053914394,14889101577761
7621087202594,14889109331122
7621120493194,14889120405771
7621153783294,14889131734162
7621187071194,14889143286671
7621220361194,14889154577271
7621253651594,14889165822196
7621286938894,14889174092203
7621320229394,14889182191374
7621353517694,14889194067459
7621386809694,14889206454713
7621420097694,14889217178661
7621453385894,14889228094364
7621486682494,14889240110772
7621519987094,14889249412241
7621553253894,14889261063669
7621586550294,14889272761962
7621619848594,14889280247706
7621653122094,14889290965715
7621686418994,14889301188000
7621719709294,14889314079306
