#t_ns,out_ts
7669821982615,50981721750475
7669855271515,50981730829739
7669888561715,50981740981009
7669921856015,50981750213561
7669955139515,50981763663711
7669988430115,50981775426718
7670021726915,50981785523383
7670055008015,50981795416795
7670088298215,50981804374518
7670121622415,50981813223516
7670154876515,50981822523968
7670188166415,50981831404126
7670221460715,50981840437208
7670254745415,50981849269085
7670288047815,50981858317926
7670321322715,50981866369373
7670354628015,50981876322897
7670387903615,50981886079676
7670421190915,50981895481556
7670454481015,50981904605677
7670487771015,50981913521086
7670521060215,50981923302623
7670554349315,50981932137378
7670587637915,50981940391930
7670620928215,50981950434704
7670654220015,50981960226618
7670687506015,50981969648276
7670720796515,50981979607961
7670754141715,50981990116455
7670787374215,50981998492999
7670820664715,50982008107633
7670853960315,50982017265432
7670887243115,50982026029377
7670920532215,50982034746835
7670953827315,50982043391225
7670987112615,50982052820207
7671020399815,50982063193335
7671053689215,50982072431993
7671086979515,50982083060505
7671120274415,50982092634121
7671153557315,50982101736186
7671186847315,50982111698779
7671220137315,50982123644355
7671253426915,50982134820411
7671286714915,50982144934274
7671320004315,50982155815836
7671353295315,50982165920881
7671386585715,50982176742519
7671419872315,50982186772744
7671453162315,50982198417701
7671486460915,50982210252282
7671519740215,50982222048646
7671553030915,50982234507466
7671586333215,50982245396376
7671619631815,50982256358957
7671652899215,50982267140878
7671686193715,50982278838908
7671719494615,50982290916355
7671752766215,50982302887277
7671786055115,50982314767189
7671819346015,50982327099162
7671852635315,50982339048175
7671885924015,50982350933721
7671919213615,50982362780670
7671952504315,50982374772650
7671985791615,50982386958709
7672019082515,50982399464359
7672052370415,50982411321517
7672085717815,50982423551666
7672118952315,50982435895802
7672152238415,50982448801053
7672185529115,50982461011353
7672218826115,50982473057455
7672252119915,50982485105736
7672285397215,50982497107966
7672318692515,50982508922062
7672351975515,50982520561661
7672385265715,50982531852482
7672418592115,50982543484832
7672451844315,50982554750309
7672485134015,50982566775348
7672518422015,50982579496430
7672551712215,50982591401742
7672585002615,50982603068796
7672618289915,50982615989400
7672651580115,50982627978659
7672684870015,50982640226611
7672718158315,50982653078996
7672751448615,50982665842190
7672784736915,50982678742484
7672818027515,50982690818531
7672851321015,50982703670501
7672884605215,50982716084062
7672917895515,50982728382529
7672951211815,50982739443512
7672984473615,50982750871254
7673017763615,50982762814942
7673051070315,50982773285480
7673084341115,50982784135928
7673117631515,50982794603015
7673150958915,50982805268066
7673184210515,50982815336868
7673217499915,50982824907539
7673250788415,50982834386832
7673284078915,50982843430032
7673317367115,50982853808068
7673350656415,50982863805934
7673383950615,50982872843681
7673417269415,50982882017303
7673450524415,50982891095760
7673483814615,50982900714778
7673517104415,50982910380319
7673550396615,50982920621239
7673583685615,50982930847212
7673616971815,50982941159519
7673650262715,50982951676655
7673683555915,50982962201869
7673716839315,50982972896016
7673750130015,50982982201525
7673783425015,50982992729073
7673816707815,50983003107295
7673849998015,50983014663864
7673883294215,50983025159144
7673916576715,50983036129522
7673949866515,50983045814501
7673983154815,50983055008938
7674016445515,50983066296244
7674049733215,50983076911018
7674083022715,50983086345281
7674116313515,50983095316605
7674149619715,50983105280273
7674182890715,50983115737567
7674216181115,50983125919568
7674249472015,50983135835375
7674282759015,50983145647731
7674316052015,50983155789827
7674349337615,50983166203977
7674382650115,50983176785945
7674415922015,50983186766860
7674449206215,50983195883052
7674482496615,50983206118429
7674515792215,50983216253880
7674549074215,50983226567485
7674582364615,50983236639399
7674615662015,50983246969373
7674648942215,50983257885394
7674682232715,50983268136140
7674715521515,50983278732789
7674748810815,50983288692330
7674782099715,50983299329126
7674815389615,50983309816237
7674848679815,50983319876103
7674881969915,50983330141123
7674915257415,50983340526680
7674948547415,50983350551969
7674981838015,50983359749594
7675015125715,50983369159107
7675048417915,50983380307581
7675081704315,50983390163155
7675114994815,50983400288080
7675148289515,50983410781989
7675181572415,50983421543032
7675214863215,50983432287809
7675248157815,50983443183559
7675281444415,50983454498186
7675314730615,50983465298398
7675348027515,50983476182647
7675381308615,50983487188384
7675414599515,50983498126187
7675447888715,50983507461518
7675481177815,50983518524700
7675514467915,50983528588833
7675547755815,50983538735195
7675581046215,50983549576281
7675614334515,50983559853585
7675647623915,50983570179470
7675680914315,50983580304646
7675714237515,50983590292136
7675747491815,50983599894298
7675780784515,50983608786296
7675814072015,50983617619526
7675847361115,50983626589765
7675880656715,50983636471611
7675913939015,50983647220723
7675947234415,50983656906154
7675980522715,50983668187034
7676013806615,50983677767481
7676047097315,50983687350246
7676080394215,50983696823005
7676113675015,50983707643022
7676146965515,50983717729405
7676180256215,50983727969250
7676213544815,50983738127407
7676246833715,50983748346950
7676280122115,50983758322756
7676313412815,50983767704062
7676346701015,50983778409080
7676379989915,50983788853873
7676413280515,50983798900226
7676446569715,50983808278342
7676479858115,50983817773827
7676513151015,50983827036927
7676546438315,50983836120606
7676579732015,50983846157608
7676613022915,50983856970294
7676646305315,50983868172097
7676679595315,50983878972098
7676712889315,50983889641723
7676746173315,50983899926781
7676779463815,50983909288196
7676812759915,50983918994277
7676846041415,50983929102348
7676879331515,50983939337853
7676912622115,50983949117596
7676945909815,50983959685762
7676979199915,50983969495203
7677012488315,50983979782344
7677045804515,50983989917839
7677079067515,50983999461163
7677112356415,50984008930938
7677145647115,50984018858713
7677178939815,50984027445194
7677212224715,50984036833153
7677245517115,50984046038752
7677278805715,50984056878240
7677312092815,50984066552588
7677345388615,50984077212997
7677378671815,50984087276316
7677411961815,50984096475961
7677445256915,50984105927068
7677478540115,50984115626473
7677511830315,50984126846043
7677545127715,50984137662722
7677578408115,50984147950303
7677611697715,50984158507140
7677644988715,50984167505880
7677678276115,50984177397544
7677711566415,50984187587292
7677744855915,50984197896390
7677778144815,50984209462523
7677811434815,50984219490194
7677844722515,50984229050227
7677878013815,50984239989363
7677911316515,50984250615959
7677944591315,50984261360820
7677977883515,50984272846090
7678011178215,50984282314319
7678044459415,50984291926444
7678077755015,50984302336386
7678111039415,50984313429869
7678144328515,50984322942861
7678177623315,50984333828428
7678210905715,50984345578553
7678244196715,50984356117903
7678277490815,50984367360698
7678310774615,50984378801985
7678344064415,50984390264346
7678377409915,50984401399944
7678410643715,50984413040620
7678443932615,50984424830783
7678477222115,50984436916987
7678510511615,50984448081515
7678543801015,50984459149197
7678577089315,50984468756088
7678610381015,50984479487255
7678643668315,50984491108960
7678676958015,50984501789006
7678710249315,50984512941777
7678743536815,50984522651383
7678776825315,50984534226644
7678810121715,50984545953735
7678843405515,50984557415204
7678876695315,50984568272358
7678909990015,50984580916140
7678943272315,50984592877418
7678976563415,50984604712146
7679009857215,50984617016453
7679043140715,50984627939691
7679076444815,50984638952860
7679109720615,50984650383581
7679143008815,50984661563938
7679176298715,50984672457696
7679209594215,50984683450911
7679242899315,50984694698090
7679276167515,50984704133324
7679309455815,50984715577115
7679342757815,50984726633809
7679376034415,50984737905455
7679409324015,50984749603253
7679442615715,50984759450137
7679475903815,50984770481248
7679509191915,50984780466782
7679542488615,50984791231699
7679575772515,50984802254536
7679609060215,50984814052124
7679642356015,50984825516797
7679675638715,50984837677339
7679708986815,50984848592623
7679742224215,50984859983916
7679775507215,50984872073859
7679808797415,50984883914677
7679842101815,50984896468942
7679875375315,50984907950090
7679908665615,50984920289985
7679941955215,50984931998405
7679975243415,50984944183863
7680008533315,50984956127812
7680041823615,50984968059349
7680075112415,50984979010423
7680108402515,50984989468955
7680141690215,50985001582034
7680174982215,50985013832138
7680208270515,50985025819431
7680241558515,50985037495511
7680274854115,50985049060445
7680308138915,50985060886862
7680341426315,50985072326990
7680374722815,50985083941401
7680408008815,50985095653548
7680441295215,50985106922129
7680474591315,50985119085243
7680507873415,50985130240960
7680541163715,50985143941239
7680574480815,50985157331582
7680607741815,50985171581330
7680641031815,50985185265203
7680674340715,50985198142803
7680707609615,50985209779170
7680740899615,50985220647831
7680774189715,50985232325307
7680807478115,50985244925511
7680840767915,50985257082960
7680874056715,50985268281802
7680907348715,50985285888352
7680940635715,50985297386914
7680973941315,50985308754973
7681007220815,50985321275912
7681040537615,50985333137049
7681073792415,50985345113419
7681107089315,50985357029334
7681140372715,50985368401554
7681173663315,50985379458258
7681206958115,50985389964148
7681240239515,50985401371421
7681273531515,50985412683902
7681306818315,50985423691999
7681340107915,50985434910942
7681373398415,50985446017074
7681406687715,50985457184084
7681439976015,50985469119817
7681473265915,50985480873414
7681506556115,50985492577433
7681539844815,50985503490123
7681573134715,50985514724502
7681606423015,50985525402532
7681639715115,50985536710346
7681673001715,50985548094562
7681706290915,50985560512715
7681739590815,50985570548068
7681772871815,50985582298234
7681806158915,50985593472133
7681839455715,50985604208646
7681872740015,50985614230494
7681906027015,50985625182852
7681939324015,50985636859950
7681972615815,50985648596503
7682005925715,50985659791960
7682039184715,50985671387990
7682072474315,50985682462842
7682105764715,50985691667670
7682139054215,50985702094793
7682172342515,50985711420056
7682205632415,50985722549065
7682238923615,50985733672999
7682272210515,50985744643536
7682305500715,50985753236176
7682338789615,50985763396307
7682372080315,50985773591621
7682405369015,50985784064168
7682438657415,50985795152021
7682471954215,50985806951433
7682505240915,50985817263844
7682538525615,50985828023890
7682571821515,50985838415304
7682605106115,50985847677145
7682638393715,50985859448305
7682671690315,50985868494008
7682704980715,50985877723568
7682738263015,50985888999076
7682771552515,50985897897157
7682804840715,50985906452786
7682838131115,50985914984200
7682871420115,50985927051487
7682904708915,50985937243960
7682937998915,50985948874324
7682971288515,50985960100441
7683004577515,50985969377409
7683037867115,50985980205074
7683071157215,50985989395908
7683104447515,50986002169435
7683137735415,50986014340640
7683171023815,50986024645312
7683204320515,50986033759435
7683237603015,50986044662658
7683270892315,50986055849396
7683304188215,50986066487180
7683337508815,50986078535737
7683370759915,50986090627785
7683404056715,50986103359335
7683437340315,50986112874740
7683470629415,50986124323315
7683503918715,50986135726339
7683537206815,50986147142348
7683570498315,50986158672922
7683603785515,50986169585120
7683637075415,50986178232275
7683670365715,50986189023197
7683703656415,50986198962553
7683736943515,50986207736229
7683770234015,50986218148851
7683803524115,50986229341568
7683836816715,50986239349849
7683870102015,50986250831374
7683903390215,50986262542146
7683936688515,50986271435764
7683969969115,50986280461414
7684003258115,50986291724427
7684036554615,50986303528733
7684069838415,50986312787637
7684103126315,50986322197278
7684136423315,50986334095083
7684169707115,50986343026462
7684203003715,50986351703304
7684236284915,50986361282839
7684269573715,50986370967813
7684302863415,50986380345334
7684336152515,50986390278098
7684369441315,50986402648937
7684402732115,50986411984651
7684436023115,50986423100647
7684469309515,50986434606834
7684502600215,50986446782625
7684535890515,50986458160617
7684569178515,50986468845554
7684602468315,50986478547032
7684635756915,50986487739677
7684669080515,50986496853089
7684702334615,50986506199466
7684735624615,50986519159855
7684768921215,50986529770077
7684802204815,50986539835117
7684835493015,50986551679136
7684868789015,50986561669118
7684902075215,50986571612546
7684935361315,50986581257481
7684968655015,50986591975846
7685001953315,50986601719321
7685035229815,50986611996521
7685068519415,50986623211645
7685101807715,50986633802560
7685135098315,50986643250068
7685168391915,50986653401000
7685201675815,50986666904851
7685234966515,50986677348091
7685268256615,50986687085371
7685301544715,50986699771685
7685334835015,50986710269861
7685368123215,50986722989154
7685401419015,50986735619129
7685434703115,50986748981264
7685467990915,50986763217234
7685501287615,50986777804587
7685534588515,50986791501098
7685567859215,50986805591004
7685601155915,50986817781727
7685634449415,50986831488777
7685667727415,50986844989823
7685701021315,50986859625169
7685734307315,50986874402131
7685767596215,50986884970772
7685800886715,50986898067859
7685834174215,50986910535572
7685867464715,50986921803231
7685900753115,50986933972428
7685934054215,50986945393922
7685967333015,50986955230707
7686000658515,50986965854071
7686033910715,50986974707072
7686067200715,50986983259311
7686100490915,50986991562458
7686133786415,50987003118368
7686167069015,50987012101644
7686200357715,50987023260622
7686233655015,50987034576420
7686266936015,50987043424009
7686300225515,50987053827459
7686333522315,50987064828887
7686366805115,50987076828615
7686400094115,50987088846062
7686433387315,50987101373450
7686466673815,50987111231110
7686499963715,50987122998322
7686533252415,50987134482523
7686566540515,50987145709418
7686599832115,50987158671039
7686633119715,50987168851921
7686666408815,50987180271610
7686699702615,50987192152975
7686732988115,50987201737560
7686766276915,50987211048317
7686799567515,50987219648467
7686832859915,50987231161353
7686866174415,50987242727242
7686899435715,50987252063743
7686932724115,50987263304024
7686966028915,50987272656336
7686999302515,50987281647706
7687032592215,50987290525025
7687065888915,50987302710708
7687099171615,50987314726134
7687132460515,50987324475102
7687165753615,50987334446464
7687199041015,50987344355354
7687232328215,50987354150934
7687265618915,50987363919914
7687298907215,50987376172449
7687332228815,50987386653893
7687365485915,50987399166442
7687398775315,50987410950272
7687432065615,50987421384569
7687465356215,50987430801437
7687498643315,50987440167155
7687531933815,50987452722571
7687565223315,50987465496776
7687598516515,50987478052533
7687631801515,50987488281421
7687665091415,50987498757990
7687698386115,50987508154411
7687731670615,50987517188525
7687764958315,50987529720961
7687798255215,50987539126127
7687831538415,50987549146685
7687864826815,50987558951566
7687898119915,50987568712685
7687931406615,50987578500304
7687964694415,50987588574877
7687997985615,50987599072420
7688031291615,50987611666578
7688064563715,50987622121657
7688097853615,50987632253111
7688131141615,50987645523045
7688164432015,50987656111697
7688197748515,50987666183183
7688231015015,50987677876777
7688264300315,50987690428053
7688297608615,50987701646933
7688330882415,50987714589309
7688364168215,50987726068381
7688397458015,50987737115627
7688430753415,50987748051993
7688464036315,50987761895481
7688497324515,50987773432592
7688530621815,50987784886818
7688563903215,50987797062267
7688597196215,50987807568080
7688630489815,50987819922221
7688663772215,50987830013026
7688697060615,50987842595853
7688730350915,50987852353160
7688763640815,50987865948472
7688796930715,50987876177903
7688830219315,50987889039988
7688863508015,50987900143818
7688896799015,50987912641197
7688930086615,50987925055738
7688963376115,50987935806586
7688996666615,50987945908857
7689029955615,50987959145343
7689063249015,50987969065732
7689096534315,50987978966140
7689129824215,50987988703311
7689163119215,50988002762799
7689196402415,50988013048088
7689229691015,50988027076076
7689262988215,50988037348055
7689296270115,50988046990566
7689329559115,50988056320847
7689362855815,50988065883388
7689396140415,50988075637270
7689429428015,50988085804160
7689462718015,50988099057880
7689496008215,50988108631184
7689529295615,50988120706985
7689562586015,50988131023543
7689595897515,50988140506900
7689629196815,50988154288883
7689662452915,50988164067919
7689695743015,50988173800026
7689729033315,50988186123068
7689762321915,50988198194820
7689795616115,50988208269787
7689828901515,50988220929150
7689862191415,50988233914650
7689895484315,50988244717070
7689928768915,50988258745385
7689962057415,50988268947683
7689995353715,50988282107737
7690028637215,50988292955654
7690061925815,50988302740089
7690095222515,50988315512385
7690128506115,50988328403709
7690161793615,50988342568889
7690195084215,50988355872874
7690228374615,50988368775486
7690261661615,50988380838410
7690294951715,50988393206766
7690328263615,50988406048135
7690361531415,50988417695835
7690394820615,50988428667038
7690428108915,50988441885655
7690461399515,50988456004820
7690494694315,50988469175122
7690527982015,50988481715148
7690561267015,50988493574666
7690594557215,50988504737453
7690627850815,50988516376928
7690661135515,50988526994168
7690694425215,50988537945561
7690727720515,50988549978283
7690761003515,50988560819621
7690794291815,50988572275227
7690827589215,50988583291424
7690860871015,50988594315802
7690894160215,50988604559579
7690927450715,50988614693469
7690960763015,50988625450119
7690994028315,50988635347345
7691027318415,50988646319526
7691060608015,50988657468198
7691093897215,50988668840051
7691127187115,50988679162220
7691160475215,50988691022734
7691193766315,50988702564046
7691227054115,50988712980912
7691260354815,50988725181817
7691293633515,50988735582551
7691326924315,50988745795513
7691360217115,50988755910282
7691393502215,50988766067545
7691426792615,50988777052552
7691460088115,50988786845407
7691493369915,50988796653658
7691526658115,50988806214814
7691559956015,50988816123729
7691593239215,50988825452171
7691626526515,50988835743714
7691659816515,50988844850789
7691693106415,50988854899099
7691726394915,50988865637740
7691759684515,50988876478927
7691792974815,50988886764676
7691826276715,50988897205034
7691859553415,50988907104232
7691892841515,50988916418644
7691926141915,50988924522412
7691959420315,50988932931172
7691992714015,50988941787717
7692026000215,50988951091555
7692059289315,50988959983177
7692092583915,50988968697630
7692125868315,50988977004505
7692159158715,50988986125167
7692192452415,50988995240122
7692225736815,50989004104790
7692259024915,50989013504317
7692292371915,50989023516876
7692325604915,50989033247103
7692358892915,50989042297559
7692392202515,50989050941382
7692425473815,50989060760675
7692458760815,50989070712482
7692492051615,50989080465451
7692525341815,50989089832963
7692558629715,50989098697129
7692591919415,50989107187790
7692625207915,50989115962442
7692658498015,50989125615239
7692691787615,50989134755204
7692725080415,50989144353830
7692758366715,50989154146978
7692791656415,50989164389101
7692824950015,50989173580009
7692858234215,50989182402985
7692891524815,50989191462284
7692924818815,50989200526479
7692958102815,50989209243261
7692991391315,50989217952820
7693024687215,50989226082162
7693057970915,50989234876497
7693091259215,50989243282954
7693124550415,50989252590747
7693157868215,50989261847304
7693191127615,50989271144716
7693224417915,50989279714613
7693257719215,50989288317140
7693290995515,50989296899282
7693324286015,50989305686909
7693357575915,50989314875227
7693390864515,50989323755503
7693424153915,50989332879781
7693457446815,50989341593118
7693490733215,50989350105299
7693524021315,50989358644109
7693557316415,50989367115076
7693590601015,50989376984552
7693623921615,50989387403922
7693657184915,50989396567757
7693690469415,50989406058552
7693723758915,50989416202878
7693757054815,50989425287575
7693790337415,50989434497048
7693823626015,50989444891027
7693856917415,50989454921778
7693890204315,50989463995424
7693923494115,50989473687867
7693956784415,50989482550477
7693990073415,50989491825683
7694023362115,50989501778056
7694056652515,50989511564938
7694089942315,50989521736149
7694123231515,50989531737718
7694156520115,50989541725543
7694189813115,50989551396420
7694223099915,50989560767915
7694256388015,50989569373487
7694289685815,50989578708942
7694322967315,50989587951426
7694356256615,50989596413740
7694389551015,50989604511679
7694422835715,50989612772751
7694456126215,50989621036842
7694489442415,50989629266944
7694522703515,50989638189418
7694555991915,50989647432697
7694589300015,50989657567236
7694622570715,50989667294380
7694655860215,50989676268930
7694689150115,50989685477810
7694722439215,50989695009590
7694755728115,50989704777286
7694789018715,50989714702392
7694822308915,50989724538169
7694855596315,50989734053424
7694888886415,50989742828501
7694922179215,50989752071789
7694955498915,50989761814121
7694988753915,50989772175371
7695022049315,50989781089142
7695055342915,50989790253306
7695088624015,50989799183117
7695121917715,50989808845134
7695155202015,50989818204285
7695188491415,50989827391936
7695221785815,50989837323697
7695255069915,50989846742370
7695288359415,50989855751106
7695321648115,50989864844286
7695354938715,50989873953084
7695388226515,50989882712734
7695421517115,50989891251198
7695454806215,50989901530564
7695488094815,50989911824371
7695521384915,50989921589614
7695554674515,50989931608516
7695587962415,50989941690817
7695621252515,50989951778389
7695654573915,50989961357655
7695687831815,50989972879336
7695721120915,50989983190827
7695754415315,50989993344333
7695787699915,50990003194810
7695820988515,50990013985495
7695854283715,50990022624368
7695887568515,50990031039666
7695920887115,50990040388080
7695954152115,50990048862217
7695987436815,50990059197779
7696020725915,50990070317094
7696054015415,50990081053636
7696087304415,50990092390656
7696120593115,50990103730391
7696153883715,50990113140968
7696187174515,50990124722426
7696220461315,50990134010200
7696253751715,50990144770710
7696287040315,50990155423546
7696320329215,50990165082316
7696353619715,50990174620768
7696386913015,50990186074015
7696420199015,50990195075446
7696453487415,50990205425769
7696486781815,50990216202460
7696520067415,50990225623386
7696553354615,50990235692577
7696586650115,50990245907030
7696619934515,50990256548338
7696653223915,50990266534611
7696686518715,50990276074733
7696719803015,50990284286185
7696753092315,50990294765900
7696786381015,50990304050588
7696819670915,50990312447195
7696852959415,50990321634808
7696886249515,50990331815622
7696919538315,50990342876112
7696952846215,50990352583466
7696986118215,50990362870663
7697019408215,50990372833261
7697052695715,50990383088161
7697085985915,50990394007844
7697119280615,50990404223891
7697152563915,50990414816905
7697185854415,50990424364049
7697219177515,50990433575274
7697252470415,50990443565752
7697285721715,50990452950502
7697319016615,50990463858014
7697352300615,50990474507107
7697385590315,50990484647037
7697418885115,50990495364994
7697452168415,50990506998784
7697485459115,50990518152149
7697518747215,50990528661518
7697552037615,50990538812640
7697585325715,50990548756877
7697618615715,50990558399174
7697651904815,50990568410428
7697685193815,50990578423693
7697718484115,50990587751574
7697751774215,50990596760424
7697785062015,50990606402985
7697818352415,50990615589133
7697851646415,50990624737701
7697884930315,50990633435616
7697918220915,50990642840657
7697951543715,50990652397729
7697984798915,50990662329429
7698018088315,50990671914188
7698051383315,50990682242005
7698084669215,50990693806055
7698117964915,50990703594679
7698151251015,50990714116828
7698184535315,50990725388425
7698217824015,50990736028646
7698251113615,50990746794180
7698284405015,50990757298670
7698317693515,50990766273913
7698350982015,50990774485328
7698384272115,50990784453348
7698417560015,50990794985357
7698450850615,50990803123815
7698484138715,50990812324992
7698517428315,50990822489115
7698550718915,50990831531013
7698584044015,50990841781376
7698617296515,50990851139979
7698650587015,50990860601397
7698683910615,50990869529871
7698717165815,50990879507939
7698750454415,50990889315322
7698783749215,50990899434840
7698817034715,50990909963646
7698850325415,50990919978314
7698883617615,50990930902525
7698916901315,50990940776921
7698950192215,50990951628480
7698983479515,50990962905729
7699016770415,50990974021221
7699050060515,50990985316898
7699083349715,50990995862638
7699116638015,50991005173330
7699149926415,50991015551492
7699183217815,50991026191227
7699216505615,50991036606633
7699249794815,50991045377977
7699283085115,50991052808131
7699316377215,50991060927936
7699349662715,50991068919340
7699382953415,50991076969430
7699416249215,50991085511676
7699449550615,50991094723568
7699482820615,50991103385090
7699516115115,50991113117982
7699549411315,50991120746157
7699582688615,50991129146684
7699615991415,50991137778041
7699649267815,50991147210501
7699682557715,50991157226594
7699715846515,50991166902035
7699749136315,50991177277249
7699782426715,50991186590483
7699815713515,50991195635220
7699849004415,50991204868088
7699882293115,50991213432241
7699915640115,50991223298911
7699948871615,50991233515792
7699982160815,50991242265125
7700015451415,50991250585394
7700048744415,50991260417752
7700082029215,50991270291288
7700115319815,50991281118162
7700148616515,50991291649585
7700181897215,50991300768636
7700215187815,50991310032476
7700248482015,50991319872799
7700281766415,50991330518402
7700315055315,50991340806908
7700348350615,50991350937502
7700381634515,50991360408258
7700414924215,50991370325250
7700448212515,50991379852809
7700481502515,50991389500029
7700514792515,50991399410752
7700548081015,50991409189704
7700581370915,50991420022272
7700614659215,50991429830829
7700647949615,50991439847325
7700681238915,50991449362363
7700714527515,50991457776047
7700747821015,50991466961383
7700781130815,50991476176860
7700814395515,50991486707000
7700847686015,50991498010675
7700881005415,50991508517129
7700914263215,50991518531173
7700947553915,50991528306089
7700980850215,50991536854190
7701014132715,50991545219590
7701047422715,50991555171756
7701080716815,50991563558356
7701114001315,50991572255167
7701147289515,50991580781743
7701180578815,50991590690634
7701213869115,50991600408308
7701247192315,50991610053263
7701280446715,50991620627790
7701313737415,50991630633810
7701347026615,50991639826659
7701380316315,50991649254173
7701413605415,50991660446698
7701446893615,50991670415049
7701480185415,50991680106580
7701513475215,50991689896143
7701546761815,50991699781925
7701580052415,50991709516979
7701613347115,50991719692634
7701646630215,50991728632209
7701679920615,50991737902548
7701713216015,50991746375411
7701746499215,50991755737485
7701779789215,50991765525002
7701813083215,50991774546077
7701846367815,50991783259076
7701879655615,50991793111221
7701912944815,50991803437347
7701946235215,50991812703310
7701979524615,50991821961859
7702012813215,50991831127909
7702046103515,50991839758862
7702079394015,50991849143267
7702112681315,50991858350921
7702145971815,50991867192957
7702179259615,50991876242979
7702212573415,50991887274521
7702245841215,50991896607612
7702279144815,50991907206281
7702312418815,50991917059587
7702345714715,50991925893317
7702378996715,50991935778560
7702412286915,50991945277459
7702445583415,50991956272697
7702478864715,50991965982333
7702512155315,50991975591348
7702545449515,50991985461502
7702578733515,50991994836213
7702612022015,50992003512642
7702645311615,50992012152103
7702678601515,50992021507107
7702711892115,50992030808321
7702745179415,50992040173548
7702778469815,50992049410924
7702811759615,50992058544628
7702845047715,50992067756869
7702878338215,50992077013144
7702911627815,50992087413382
7702944916715,50992097584926
7702978208515,50992107585611
7703011494615,50992117583062
7703044785115,50992127290044
7703078080815,50992136855925
7703111362915,50992145537134
7703144653515,50992155587377
7703177948615,50992165725804
7703211230715,50992175037355
7703244521515,50992184114213
7703277847315,50992193349454
7703311100515,50992202391908
7703344389115,50992211369624
7703377678015,50992220150359
7703410968315,50992229180869
7703444256515,50992237385021
7703477546015,50992246008349
7703510836315,50992254629893
7703544144815,50992263135060
7703577413715,50992272212398
7703610704515,50992282449071
7703643994215,50992293824845
7703677283515,50992303930081
7703710574915,50992313648912
7703743861015,50992322976198
7703777152515,50992331956113
7703810448515,50992341141334
7703843729315,50992351850594
7703877019815,50992362895007
7703910314515,50992372977651
7703943597015,50992382764825
7703976888215,50992392384000
7704010183915,50992402612780
7704043466715,50992412531739
7704076755415,50992422835029
7704110043815,50992432965772
7704143336015,50992443429695
7704176622815,50992453200179
7704209912015,50992463410422
7704243202615,50992472975379
7704276492015,50992483398272
7704309780815,50992494880627
7704343070815,50992504212816
7704376360215,50992514060938
7704409657515,50992523521520
7704442941215,50992533391129
7704476227315,50992542449773
7704509517815,50992551385523
7704542811715,50992562297024
7704576099015,50992571240623
7704609386315,50992580918865
7704642683415,50992590086940
7704675963715,50992599350983
7704709254315,50992609847116
7704742549915,50992620341842
7704775831915,50992631940773
7704809122615,50992643495966
7704842412115,50992654341262
7704875729215,50992665311659
7704908989615,50992675554529
7704942278415,50992685962531
7704975568915,50992696888398
7705008858415,50992708318242
7705042147015,50992719446435
7705075436915,50992729705050
7705108727815,50992738664760
7705142014515,50992747821400
7705175307315,50992756623874
7705208594215,50992767543333
7705241883915,50992777873968
7705275178915,50992789265909
7705308461915,50992798519722
7705341752815,50992808981619
7705375049215,50992820008990
7705408330315,50992829714900
7705441621115,50992839185353
7705474917415,50992850811744
7705508197815,50992862326492
7705541488215,50992871992327
7705574778115,50992881370526
7705608067215,50992892538714
7705641356815,50992903787631
7705674645315,50992915151798
7705707935615,50992926918060
7705741242215,50992936733079
7705774513015,50992948229632
7705807803715,50992958123216
7705841101715,50992967380826
7705874381915,50992977861717
7705907674515,50992987440207
7705940961615,50992997552759
7705974250715,50993009764452
7706007545515,50993022635306
7706040828215,50993035523512
7706074118815,50993047339379
7706107412915,50993057481737
7706140696415,50993070608109
7706173986615,50993081874751
7706207314715,50993095622255
7706240564215,50993110324501
7706273854915,50993124228352
7706307144815,50993135310726
7706340435615,50993145982915
7706373723215,50993157551069
7706407010915,50993172419440
7706440302915,50993183479084
7706473607515,50993197640774
7706506879715,50993209794593
7706540170415,50993222058976
7706573460115,50993235019438
7706606747415,50993247686979
7706640038915,50993261303547
7706673329315,50993275363103
7706706617815,50993288858329
7706739911715,50993301554380
7706773194715,50993314397080
7706806486015,50993327292226
7706839779015,50993337871117
7706873063015,50993350686284
7706906353515,50993361336646
7706939648715,50993374028676
7706972931015,50993384764920
7707006221715,50993394793858
7707039515715,50993405909870
7707072821615,50993415556107
7707106089815,50993427539668
7707139377615,50993437867244
7707172691415,50993447527195
7707205956115,50993456694839
7707239245915,50993466653039
7707272536415,50993476879671
7707305825615,50993486386145
7707339114315,50993497159686
7707372406715,50993508246163
7707405694815,50993519008054
7707438982015,50993529163096
7707472278415,50993537650762
7707505561115,50993546966667
7707538890915,50993556940410
7707572145815,50993567975594
7707605428915,50993578260415
7707638719515,50993587258934
7707672015515,50993597337652
7707705297215,50993607357530
7707738587615,50993617239558
7707771881815,50993628190135
7707805165415,50993640240424
7707838455615,50993651575798
7707871744115,50993662572968
7707905034415,50993674204442
7707938323515,50993686331310
7707971612415,50993698109129
7708004902815,50993709842525
7708038192815,50993720738521
7708071480515,50993731646371
7708104771715,50993742083966
7708138060515,50993752129181
7708171348515,50993761953841
7708204644615,50993772742800
7708237927515,50993781784974
7708271217815,50993791768627
7708304512315,50993803836117
7708337795215,50993813759335
7708371089215,50993824811141
7708404403815,50993835952371
7708437663715,50993846918391
7708470954115,50993859022851
7708504281815,50993869942780
7708537531215,50993881037903
7708570822215,50993891251232
7708604111915,50993900144776
7708637400215,50993911482895
7708670690815,50993921051125
7708703978715,50993930960153
7708737269015,50993942445074
7708770557115,50993952621678
7708803847115,50993962215728
7708837137715,50993973169927
7708870426315,50993984068261
7708903715015,50993994447474
7708937010915,50994006146248
7708970295115,50994016681021
7709003585115,50994026840484
7709036879615,50994037945695
7709070162015,50994049636951
7709103453215,50994060581164
7709136747015,50994070116495
7709170030315,50994078984229
7709203320215,50994089147471
7709236609615,50994098526789
7709269898015,50994107595682
7709303188515,50994116233189
7709336478515,50994124768183
7709369769215,50994134284637
7709403056915,50994142805968
7709436344815,50994152794980
7709469635515,50994161579289
7709502923715,50994171030114
7709536213015,50994179900325
7709569504215,50994190267346
7709602792515,50994199662429
7709636081415,50994209106478
7709669377415,50994219465093
7709702661715,50994229526634
7709735949015,50994238677154
7709769245915,50994249195934
7709802528515,50994258891212
7709835850615,50994267599744
7709869113415,50994276821229
7709902417115,50994287770701
7709935687315,50994297268121
7709968976315,50994307515525
7710002264115,50994317587206
7710035555015,50994327610149
7710068845415,50994337932261
7710102132515,50994347795600
7710135423215,50994358350791
7710168711715,50994369372933
7710202001715,50994379640448
7710235290715,50994389142417
7710268580115,50994400655057
7710301871015,50994412357615
7710335160115,50994422494912
7710368447715,50994434475701
7710401743915,50994445418596
7710435027615,50994457420225
7710468315515,50994467427037
7710501612015,50994479802077
7710534896115,50994491986029
7710568184915,50994503779929
7710601481115,50994513187884
7710634762615,50994522012773
7710668053115,50994531817017
7710701356715,50994541682066
7710734631415,50994552492416
7710767921415,50994562351820
7710801229115,50994571895790
7710834499115,50994583317939
7710867789515,50994593178874
7710901079115,50994603550659
7710934367915,50994615685414
7710967657215,50994625513703
7711000945815,50994635262218
7711034237715,50994644215555
7711067524915,50994653714464
7711100814315,50994665317296
7711134110015,50994675204498
7711167444615,50994684366644
7711200682015,50994695690252
7711233978415,50994706164149
7711267262115,50994718064890
7711300551715,50994730426027
7711333846915,50994741876830
7711367129015,50994752720266
7711400420215,50994763189563
7711433716215,50994773149832
7711466997115,50994783938988
7711500287715,50994795418168
7711533576815,50994805027451
7711566865415,50994814497152
7711600155415,50994823991006
7711633445415,50994832977475
7711666734815,50994841505206
7711700023715,50994850740621
7711733312315,50994860690971
7711766605615,50994871854403
7711799891315,50994883067297
7711833180415,50994893260379
7711866476615,50994903025591
7711899759915,50994914492410
7711933048415,50994924121629
7711966344515,50994932849850
7711999630115,50994944407396
7712032936115,50994954381742
7712066213615,50994966032277
7712099495615,50994975671652
7712132791715,50994985328679
7712166074215,50994995991167
7712199363615,50995006068948
7712232653615,50995016444652
7712265944615,50995026261224
7712299232115,50995036465513
7712332522415,50995046745296
7712365812315,50995056834399
7712399099815,50995066749406
7712432389915,50995076159046
7712465680115,50995086158262
7712498999915,50995095534721
7712532257615,50995105765684
7712565546615,50995116057848
7712598842715,50995125471180
7712632127115,50995134504509
7712665415415,50995143521933
7712698710815,50995153197218
7712731995515,50995162929942
7712765283115,50995172633226
7712798579815,50995182011020
7712831869615,50995191989339
7712865152015,50995201542809
7712898441515,50995210678641
7712931730115,50995220723965
7712965020615,50995229804585
7712998310315,50995240086172
7713031598115,50995250983291
7713064888515,50995261954249
7713098178115,50995272610759
7713131466415,50995281281293
7713164756315,50995292459087
7713198045915,50995303115750
7713231336015,50995312345528
7713264625115,50995323927258
7713297913515,50995334975712
7713331224415,50995345660016
7713364514115,50995356292030
7713397781515,50995368009770
7713431077615,50995379455238
7713464381915,50995391194432
7713497649415,50995403726040
7713530945915,50995414347647
7713564237615,50995424291147
7713597518715,50995436791549
7713630811815,50995450369362
7713664096415,50995463999920
7713697386915,50995475328291
7713730675115,50995488207686
7713763964515,50995501979043
7713797254915,50995514973412
7713830544215,50995528193054
7713863832115,50995542280639
7713897122915,50995553367440
7713930412615,50995563966395
7713963706715,50995574536212
7713996990415,50995584117118
7714030279415,50995596852630
7714063576915,50995608284588
7714096858115,50995619380564
7714130147715,50995632843334
7714163444315,50995646688877
7714196728215,50995660751463
7714230016215,50995674857315
7714263312415,50995688974782
7714296597015,50995703140880
7714329886315,50995714320681
7714363178115,50995725234145
7714396462615,50995736788736
7714429753815,50995750241845
7714463045015,50995761503685
7714496330915,50995772370172
7714529621415,50995783141982
7714562910615,50995796076437
7714596199015,50995807490442
7714629489215,50995819515537
7714662780115,50995828554814
7714696066915,50995837828332
7714729357215,50995849633198
7714762645915,50995862052325
7714795960815,50995873953210
7714829224815,50995885401973
7714862513815,50995896029970
7714895810615,50995904933098
7714929093715,50995913794149
7714962382115,50995923841219
7714995678815,50995932316339
7715028962815,50995943027358
7715062250315,50995953019836
7715095544215,50995963193744
7715128829415,50995972824435
7715162119115,50995982779045
7715195407715,50995992186074
7715228697215,50996001025310
7715261987215,50996011377096
7715295277615,50996021494139
7715328565315,50996031153480
7715361855815,50996040247592
7715395146115,50996049645276
7715428434015,50996060043679
7715461723515,50996069360540
7715495012515,50996079547433
7715528308215,50996088877565
7715561591515,50996098448392
7715594880515,50996108011697
7715628176615,50996118509180
7715661460415,50996127031658
7715694748315,50996135747948
7715728045215,50996147021490
7715761328415,50996158342951
7715794616715,50996168055434
7715827913715,50996178105009
7715861207715,50996187663530
7715894485515,50996195811428
7715927775315,50996204800872
7715961063415,50996214930065
7715994354215,50996225601615
7716027642115,50996235302819
7716060931915,50996245398815
7716094222415,50996255381030
7716127545815,50996264942698
7716160799315,50996272991107
7716194090115,50996281758271
7716227380115,50996290037726
7716260675715,50996297947931
7716293957915,50996306222657
7716327247315,50996313865000
7716360546915,50996321629797
7716393825815,50996329962219
7716427114815,50996338324266
7716460411415,50996348312913
7716493694515,50996357140088
7716526983115,50996365346457
7716560279815,50996374539157
7716593562915,50996384317440
7716626853215,50996393351291
7716660141515,50996404402777
7716693429815,50996415088762
7716726721615,50996425560156
7716760008715,50996435860724
7716793298215,50996445105593
7716826588915,50996453689479
7716859877815,50996464312612
7716893166315,50996473507318
7716926456115,50996484098085
7716959746415,50996493359811
7716993050015,50996502574758
7717026324415,50996511593607
7717059613215,50996520717834
7717092910215,50996531276632
7717126191915,50996543275628
7717159481315,50996555160030
7717192777615,50996565373517
7717226060915,50996576146091
7717259349315,50996587777272
7717292642915,50996597575614
7717325930115,50996607727751
7717359217615,50996620043905
7717392508215,50996630929977
7717425796215,50996641074480
7717459111815,50996652297131
7717492375115,50996662605708
7717525665015,50996672460666
7717558955515,50996682144912
7717592244415,50996694443416
7717625532715,50996704673590
7717658822715,50996714631346
7717692113415,50996724871495
7717725406615,50996735942392
7717758691715,50996746571424
7717791979115,50996756059723
7717825275415,50996767048317
7717858559515,50996777908895
7717891847615,50996788825033
7717925144515,50996798488484
7717958428015,50996809400299
7717991715815,50996818793138
7718025012515,50996828454936
7718058296115,50996839236440
7718091583815,50996849218706
7718124874515,50996858928501
7718158164015,50996867854355
7718191453015,50996876901063
7718224742815,50996885677582
7718258034415,50996895289345
7718291321515,50996905891711
7718324634615,50996914781102
7718357899115,50996924314481
7718391189015,50996933252702
7718424483615,50996941643497
7718457772415,50996950089302
7718491057715,50996958786013
7718524347115,50996967707729
7718557643115,50996976758627
7718590925915,50996985151487
7718624214415,50996993677181
7718657511715,50997001647634
7718690792915,50997009965485
7718724082215,50997018412490
7718757378915,50997028511327
7718790711615,50997038769586
7718823950115,50997049793420
7718857240715,50997059130869
7718890530215,50997068699269
7718923819515,50997078532772
7718957109115,50997087913419
7718990397415,50997098697365
7719023688915,50997108432967
7719056975815,50997117792168
7719090265215,50997126779634
7719123555915,50997135563303
7719156845315,50997144205083
7719190138115,50997152787275
7719223423115,50997162809070
7719256713715,50997173030381
7719290009915,50997182774583
7719323291915,50997193410995
7719356580315,50997204050129
7719389878515,50997214140396
7719423160815,50997223629142
7719456448815,50997234428577
7719489744915,50997245122325
7719523028215,50997256742922
7719556316715,50997267462893
7719589606815,50997277460373
7719622898015,50997288181590
7719656206615,50997298618523
7719689475515,50997309407281
7719722763415,50997319906880
7719756067915,50997329785205
7719789342015,50997339612595
7719822631615,50997349211899
7719855921915,50997358586596
7719889212615,50997367669876
7719922504715,50997376826087
7719955789815,50997386277040
7719989080415,50997394888375
7720022373515,50997403463384
7720055658015,50997412020477
7720088947815,50997420352729
7720122277215,50997428243421
7720155539115,50997438235060
7720188815315,50997448296621
7720222111615,50997456886450
7720255399315,50997466621210
7720288682915,50997476305809
7720321973715,50997486552443
7720355422415,50997496177129
7720388550815,50997506617336
7720421841815,50997516812091
7720455153015,50997525641553
7720488420115,50997534547713
7720521710115,50997543404394
7720554998215,50997553700786
7720588288415,50997564553818
7720621578715,50997575505598
7720654870915,50997584619797
7720688156015,50997594288859
7720721446615,50997603079219
7720754740115,50997612814022
7720788025015,50997621982185
7720821314715,50997631094125
7720854610215,50997640569883
7720887892915,50997650301860
7720921181215,50997659750027
7720954478715,50997669027684
7720987760215,50997677487720
7721021049215,50997687437162
7721054339515,50997697213205
7721087661815,50997708818696
7721120917415,50997718405000
7721154207715,50997727700766
7721187497315,50997738607341
7721220786815,50997750424234
7721254076615,50997759903200
7721287364515,50997768961715
7721320655815,50997777833487
7721353942515,50997787127908
7721387237515,50997796023270
7721420523515,50997804814100
7721453812115,50997815280729
7721487106115,50997827452884
7721520390915,50997836943482
7721553680815,50997846585941
7721586977615,50997856733940
7721620259315,50997867219716
7721653547315,50997877055053
7721686845615,50997890137865
7721720126215,50997900808009
7721753416015,50997912605202
7721786706615,50997922375458
7721819996515,50997934464555
7721853284215,50997945850115
7721886574315,50997957014348
7721919864915,50997968918040
7721953152715,50997980223449
7721986442715,50997991562538
7722019730915,50998002705317
7722053025215,50998014910413
7722086309315,50998025958900
7722119603515,50998038532041
7722152889415,50998048897793
7722186178215,50998061062675
7722219473115,50998072620801
7722252757215,50998084403699
7722286047515,50998096181469
7722319341715,50998105662194
7722352625515,50998114866601
7722385914315,50998124110058
7722419245715,50998134981027
7722452492815,50998145906863
7722485782215,50998157179907
7722519072215,50998168607628
7722552361615,50998179222821
7722585650515,50998190468293
7722618940915,50998201159746
7722652231215,50998212920822
7722685518415,50998224773582
7722718808715,50998237166178
7722752097415,50998247467775
7722785387415,50998258197756
7722818683115,50998268802474
7722851969715,50998278538883
7722885255715,50998288307401
7722918546015,50998297765091
7722951840715,50998308373911
7722985124015,50998318521254
7723018414515,50998327837644
7723051707715,50998338135468
7723084992215,50998348917114
7723118280515,50998359232860
7723151577115,50998368847952
7723184860415,50998378050498
7723218148615,50998387963255
7723251439115,50998396785788
7723284737115,50998406033707
7723318016515,50998415682771
7723351307315,50998425696460
7723384596115,50998435205568
7723417884615,50998446347472
7723451175115,50998457108055
7723484492115,50998468144138
7723517753715,50998478274480
7723551043815,50998486874836
7723584336715,50998496357086
7723617622215,50998506814458
7723650910315,50998517311735
7723684205715,50998528130688
7723717489815,50998539053601
7723750801015,50998549348775
7723784073915,50998557940956
7723817358715,50998567125415
7723850649115,50998576078449
7723883944015,50998586927923
7723917226715,50998597766862
7723950518015,50998606956553
7723983806415,50998616895201
7724017094015,50998626829785
7724050383015,50998635485892
7724083673415,50998645905526
7724116962315,50998656648889
7724150251215,50998665537585
7724183541415,50998674293086
7724216831115,50998683057075
7724250120915,50998693990466
7724283409615,50998703943585
7724316702415,50998713322468
7724349991115,50998724896108
7724383276615,50998736416270
7724416571715,50998748180388
7724449858315,50998760128894
7724483146115,50998771944707
7724516440615,50998782415566
7724549724915,50998792078029
7724583014715,50998803163703
7724616327615,50998813344754
7724649592715,50998822226991
7724682881315,50998830395780
7724716179115,50998839251046
7724749460215,50998847479085
7724782749415,50998855910450
7724816039715,50998864211662
7724849328715,50998872987881
7724882617715,50998881732678
7724915907715,50998889846034
7724949197815,50998897851726
7724982486015,50998905552873
7725015776515,50998914422179
7725049069215,50998924037893
7725082388715,50998932923356
7725115643415,50998942841939
7725148938315,50998952211758
7725182222615,50998960858386
7725215512615,50998969495707
7725248806615,50998978992703
7725282091315,50998989989504
7725315381515,50998999390479
7725348674615,50999009371658
7725381959115,50999018946140
7725415247715,50999028756641
7725448538015,50999038354715
7725481827315,50999047589719
7725515115815,50999056522132
7725548406115,50999065635512
7725581695215,50999074615510
7725614984015,50999083761954
7725648274115,50999092667950
7725681563415,50999103281945
7725714851915,50999112465509
7725748142615,50999124093574
7725781436515,50999133435290
7725814720915,50999143031948
7725848013315,50999151922986
7725881305015,50999160185810
7725914590615,50999170439910
7725947900415,50999180946693
7725981173315,50999191682944
7726014457715,50999200730366
7726047761515,50999209367157
7726081041615,50999221320516
7726114325515,50999230547756
7726147615015,50999240782997
7726180904515,50999251354383
7726214194515,50999260638064
7726247482015,50999269530857
7726280773015,50999278914174
7726314060815,50999289451881
7726347350715,50999300624919
7726380640415,50999312785758
7726413929915,50999322649434
7726447217815,50999331891022
7726480509015,50999343807553
7726513802415,50999355607418
7726547088715,50999367388809
7726580376415,50999378549091
7726613671015,50999388099630
7726646956715,50999398659153
7726680244315,50999410948126
7726713539115,50999423359131
7726746824015,50999435148289
7726780112815,50999445324906
7726813407815,50999454891405
7726846691915,50999465476372
7726879981515,50999476538627
7726913271215,50999488216859
7726946559915,50999500011910
7726979848415,50999509698104
7727013140115,50999519089235
7727046427815,50999529079812
7727079716515,50999539937250
7727113006915,50999549955790
7727146296415,50999560602811
7727179584515,50999570953247
7727212875315,50999582514690
7727246170815,50999593874022
7727279452815,50999603704813
7727312742815,50999614168310
7727346037615,50999624028780
7727379359415,50999634971770
7727412610515,50999645948655
7727445905715,50999655970991
7727479190715,50999665712219
7727512480615,50999674828808
7727545773915,50999683449564
7727579058415,50999692531493
7727612347915,50999701707145
7727645636115,50999710377788
7727678926715,50999720332821
7727712216215,50999729566159
7727745508515,50999738843637
7727778793415,50999748233159
7727812083015,50999757909228
7727845373515,50999766850966
7727878663715,50999777031261
7727911951215,50999786606953
7727945241415,50999795900727
7727978536215,50999805257798
7728011818715,50999815076317
7728045109415,50999824661261
7728078433115,50999836842769
7728111688315,50999849157961
7728144978115,50999859712366
7728178272315,50999869600193
7728211556315,50999879460619
7728244845715,50999889733796
7728278140415,50999901659778
7728311424715,50999915115904
7728344713815,50999925240889
7728378001815,50999934559165
7728411292615,50999944815462
7728444581315,50999954718048
7728477871815,50999965049414
7728511161415,50999974457124
7728544449715,50999983850884
7728577739915,50999995772766
7728611027815,51000008180811
7728644317315,51000017865860
7728677607915,51000029874433
7728710937315,51000040560870
7728744185815,51000052651929
7728777475815,51000065585774
7728810800215,51000078058451
7728844054515,51000090954517
7728877344515,51000103529941
7728910638215,51000115055477
7728943924115,51000127260377
7728977211515,51000136517911
7729010506815,51000146509909
7729043791415,51000156135398
7729077080315,51000169168333
7729110368215,51000182704961
7729143659315,51000194092217
7729176948815,51000207280755
7729210238515,51000220575016
7729243527315,51000233722639
7729276816115,51000247070985
7729310107315,51000259355731
7729343394015,51000269198250
7729376684115,51000279548054
7729409974715,51000289828241
7729443268115,51000299914321
7729476551915,51000310511391
7729509841815,51000319926411
7729543139315,51000329755796
7729576424615,51000339549468
7729609710315,51000349269462
7729643022215,51000358488435
7729676289315,51000368102002
7729709577715,51000377713433
7729742873115,51000387909365
7729776157615,51000397249948
7729809446715,51000406090550
7729842735115,51000415070414
7729876025615,51000430906838
7729909315815,51000440589006
7729942603415,51000451898698
7729975893615,51000461573486
7730009181915,51000471908602
7730042514315,51000481386570
7730075761115,51000491670945
7730109050315,51000500872998
7730142340615,51000511302295
7730175633815,51000520320771
7730208918315,51000529305667
7730242209015,51000537573550
7730275505715,51000546483792
7730308786415,51000554915810
7730342076815,51000562892051
7730375371215,51000572187618
7730408664115,51000581355823
7730441944915,51000591253005
7730475239715,51000600160577
7730508524115,51000610238554
7730541814115,51000619404618
7730575101115,51000628152467
7730608392115,51000637445849
7730641682215,51000647339324
7730674969315,51000656473981
7730708259915,51000666208893
7730741548415,51000675459399
7730774838115,51000684297201
7730808128515,51000693376387
7730841416415,51000702223405
7730874707215,51000713214550
7730908015115,51000722577751
7730941284815,51000731543410
7730974575215,51000740744941
7731007871115,51000750099801
7731041152615,51000758596114
7731074442915,51000767512171
7731107767215,51000776715205
7731141021815,51000786156092
7731174311215,51000795388436
7731207605615,51000804713142
7731240890015,51000814368817
7731274178615,51000823575082
7731307468015,51000834689484
7731340758215,51000846489720
7731374075615,51000857482049
7731407335815,51000866922688
7731440626315,51000876394823
7731473917315,51000886343776
7731507205115,51000896398985
7731540497515,51000906111560
7731573783415,51000915043828
7731607074215,51000924127402
7731640364415,51000934319925
7731673651115,51000944473590
7731706941515,51000954080381
7731740236615,51000963258960
7731773519615,51000973014999
7731806809715,51000982859976
7731840105315,51000992522591
7731873389215,51001001852347
7731906677815,51001010690842
7731939972315,51001020076473
7731973257315,51001028737609
7732006545115,51001037960586
7732039834315,51001047749724
7732073123415,51001057350285
7732106414215,51001066654933
7732139702415,51001075853421
7732172992815,51001084935261
7732206282515,51001095426777
7732239598915,51001104725216
7732272860915,51001114164194
7732306149415,51001123551233
7732339447615,51001133102950
7732372731115,51001142525476
7732406017615,51001152116620
7732439307715,51001160630638
7732472603515,51001169446544
7732505885415,51001178612698
7732539175815,51001188644767
7732572472715,51001198228956
7732605754115,51001207687365
7732639044215,51001216660690
7732672342615,51001225520448
7732705658115,51001234442839
7732738911215,51001244787626
7732772200315,51001254186655
7732805490715,51001263145477
7732838780215,51001272898944
7732872068615,51001281651418
7732905359315,51001290390309
7732938649415,51001299190590
7732971936715,51001308991033
7733005227415,51001318524636
7733038515815,51001327738516
7733071806115,51001336597306
7733105097815,51001345213466
7733138383615,51001354205402
7733171674215,51001363189609
7733204970515,51001372402163
7733238251915,51001381407206
7733271542515,51001391630621
7733304837715,51001400274547
7733338120415,51001409381528
7733371410815,51001418301760
7733404706515,51001427131658
7733437991515,51001436805076
7733471278215,51001446994830
7733504566515,51001457224709
7733537872815,51001466847496
7733571169015,51001475701332
7733604435215,51001485113318
7733637725415,51001494770041
7733671033215,51001504336912
7733704303115,51001514274797
7733737593615,51001523043717
7733770882815,51001531855154
7733804172415,51001540488198
7733837464215,51001549486147
7733870750115,51001557613620
7733904040515,51001566848509
7733937334715,51001575718938
7733970618415,51001584236532
7734003908815,51001593342148
7734037237915,51001602304618
7734070486415,51001611191185
7734103776915,51001620862816
7734137072415,51001630906012
7734170356615,51001641738317
7734203645215,51001651474360
7734236933315,51001660626108
7734270224315,51001669686017
7734303512215,51001678872200
7734336801415,51001688138017
7734370091515,51001697900371
7734403381215,51001707490308
7734436669415,51001716983995
7734469960415,51001726340923
7734503249415,51001735629999
7734536539315,51001744631124
7734569845615,51001753452890
7734603116215,51001763400263
7734636407415,51001772644857
7734669700815,51001781812789
7734702984715,51001791104328
7734736275215,51001799911608
7734769570815,51001808529469
7734802852915,51001816994004
7734836143215,51001826963842
7734869440215,51001836317116
7734902720915,51001845839884
7734936011515,51001855280646
7734969299815,51001864961598
7735002627715,51001874410453
7735035878415,51001882966202
7735069167915,51001892041065
7735102457515,51001902764052
7735135748515,51001912963264
7735169036015,51001921832027
7735202326315,51001931480859
7735235615715,51001940656191
7735268903815,51001950045011
7735302196515,51001960237854
7735335497215,51001969394566
7735368773315,51001979373325
7735402066915,51001988764788
7735435351315,51001999225583
7735468641715,51002008976091
7735501938215,51002018580669
7735535219215,51002028506413
7735568509315,51002037962640
7735601807015,51002046474236
7735635087115,51002054974264
7735668377415,51002064369084
7735701666115,51002074006180
7735734956115,51002083037802
7735768246115,51002092449224
7735801534215,51002101864848
7735834824615,51002111527134
7735868113315,51002121228217
7735901402215,51002131652074
7735934692415,51002142416398
7735967982115,51002152066895
7736001270115,51002162315851
7736034562815,51002173444721
7736067849515,51002183675082
7736101155315,51002192685863
7736134435015,51002201869306
7736167717215,51002210773634
7736201007915,51002219579139
7736234302015,51002228722683
7736267585615,51002237972471
7736300875715,51002247587346
7736334203315,51002258062184
7736367453215,51002268139031
7736400744415,51002276552011
7736434033515,51002285269291
7736467322715,51002295344311
7736500611915,51002305537984
7736533901015,51002314767017
7736567192015,51002324325386
7736600479015,51002334235927
7736633768315,51002343845028
7736667059215,51002352715390
7736700348215,51002362516744
7736733636715,51002371740459
7736766928815,51002381470672
7736800216815,51002391621567
7736833506715,51002401707436
7736866807415,51002411254126
7736900083515,51002419798249
7736933374615,51002430051570
7736966668415,51002439458290
7736999951915,51002449198790
7737033242215,51002459214874
7737066539115,51002468544147
7737099819815,51002477390596
7737133110315,51002485998873
7737166401115,51002495221079
7737199699115,51002504908303
7737232978215,51002514266701
7737266266715,51002523332977
7737299557215,51002531998248
7737332845315,51002540891396
7737366135015,51002549972814
7737399425315,51002560540340
7737432715015,51002570679288
7737466003215,51002580551327
7737499296115,51002590325531
7737532583815,51002599806045
7737565870715,51002608407045
7737599167315,51002616839346
7737632449915,51002627352976
7737665763515,51002638297111
7737699034615,51002647918437
7737732317915,51002657755352
7737765608615,51002667265419
7737798905115,51002676559045
7737832186615,51002685815239
7737865476815,51002695416333
7737898771315,51002705677269
7737932054515,51002715147519
7737965344615,51002724076131
7737998636915,51002733433935
7738031923515,51002743013790
7738065212415,51002752261539
7738098501515,51002761565796
7738131792315,51002771122701
7738165081915,51002779560696
7738198369315,51002788328850
7738231661815,51002797420017
7738264950315,51002806831901
7738298237515,51002816278475
7738331533515,51002827216741
7738364816715,51002836479236
7738398106315,51002845246470
7738431402115,51002854424023
7738464684815,51002863263945
7738497975015,51002871919680
7738531290015,51002880702048
7738564552515,51002890656823
7738597843115,51002899780078
7738631133115,51002908212623
7738664420715,51002917780668
7738697711215,51002927375191
7738731000615,51002937736059
7738764290115,51002947230614
7738797578915,51002958842037
7738830867715,51002969967323
7738864158115,51002979540459
7738897446515,51002990639336
7738930735715,51003001940902
7738964027815,51003012744586
7738997348015,51003022452335
7739030603915,51003032224888
7739063900015,51003041374903
7739097185415,51003051547442
7739130473515,51003061651026
7739163768915,51003071536694
7739197052815,51003081497391
7739230342415,51003090912097
7739263636015,51003101247457
7739296918915,51003110198926
7739330209415,51003119550500
7739363498615,51003128775092
7739396786815,51003137866527
7739430077315,51003146870968
7739463367415,51003156180370
7739496657315,51003165891159
7739529945515,51003175270115
7739563233915,51003184718333
7739596525015,51003193682777
7739629812915,51003202231080
7739663102315,51003210921228
7739696393915,51003219517529
7739729681715,51003229101097
7739762970315,51003239732613
7739796266415,51003249149364
7739829551415,51003258603193
7739862860815,51003267529791
7739896137615,51003276623507
7739929418715,51003285814505
7739962724915,51003295772050
7739996001815,51003304306239
7740029285315,51003312921967
7740062576015,51003321952328
7740095864515,51003331245733
7740129153415,51003340586356
7740162444015,51003349785277
7740195734015,51003359291559
7740229021315,51003368773136
7740262312115,51003377907337
7740295600215,51003386953156
7740328890115,51003395858900
7740362178915,51003404817796
7740395468215,51003413976097
7740428760015,51003424639969
7740462049115,51003435479852
7740495336615,51003445857248
7740528632515,51003455730803
7740561917115,51003464937371
7740595204215,51003474898213
7740628501015,51003484878268
7740661790715,51003494736170
7740695073215,51003505143286
7740728369415,51003515115513
7740761651515,51003524821777
7740794942315,51003534240515
7740828231815,51003543720359
7740861519815,51003553061135
7740894810615,51003563534391
7740928099715,51003573798387
7740961387915,51003583837477
7740994678015,51003593541640
7741027968015,51003602895033
7741061257015,51003612667939
7741094546515,51003621289497
7741127834515,51003631330514
7741161126715,51003640805191
7741194413815,51003650191190
7741227702915,51003659144268
7741260999115,51003667466643
7741294312615,51003676919720
7741327570915,51003686136983
7741360867615,51003696027661
7741394150815,51003705383816
7741427442015,51003715581871
7741460736215,51003725554552
7741494019415,51003735128362
7741527308615,51003744765486
7741560597215,51003754298891
7741593886215,51003763666437
7741627176615,51003772913709
7741660465615,51003782855126
7741693754215,51003792967515
7741727045115,51003803176137
7741760334215,51003811910345
7741793624215,51003821915060
7741826912615,51003833388773
7741860201215,51003843830784
7741893494315,51003855190978
7741926780315,51003866311276
7741960069415,51003876561833
7741993365115,51003886221205
7742026649115,51003895843510
7742059937215,51003906398279
7742093234215,51003916560847
7742126517315,51003926356456
7742159805915,51003936743830
7742193102615,51003946956532
7742226384215,51003957139196
7742259674515,51003967190644
7742292963415,51003977419576
7742326252615,51003987180595
7742359542715,51003997668929
7742392832315,51004009088773
7742426120515,51004019785586
7742459411215,51004029570012
7742492701715,51004039308284
7742525989115,51004050233367
7742559278915,51004060394038
7742592567715,51004069276868
7742625883615,51004079062078
7742659146215,51004089739229
7742692435815,51004100729832
7742725731615,51004110826457
7742759016715,51004120826943
7742792303415,51004130366579
7742825599615,51004139867749
7742858883715,51004151590018
7742892171915,51004163174719
7742925468715,51004173617974
7742958759515,51004183879239
7742992040915,51004196494988
7743025330015,51004208466362
7743058618815,51004220495330
7743091909515,51004232909810
7743125199715,51004245175918
7743158486915,51004255612026
7743191777515,51004266036703
7743225067915,51004280133494
7743258354915,51004293610134
7743291645815,51004305459650
7743324937415,51004315634031
7743358225215,51004325780184
7743391513815,51004335817411
7743424802015,51004345509773
7743458098315,51004355230497
7743491391415,51004364773663
7743524670115,51004375734828
7743557966115,51004386700366
7743591249615,51004396124057
7743624538515,51004406089954
7743657835115,51004415747862
7743691126415,51004427674574
7743724406915,51004439470255
7743757697215,51004450857294
7743790985015,51004460678404
7743824275315,51004469418454
7743857563815,51004480386643
7743890853715,51004489640806
7743924143815,51004501301856
7743957461015,51004512675809
7743990721215,51004525389624
7744024012015,51004535669952
7744057301715,51004544953309
7744090592315,51004554722767
7744123879515,51004565165239
7744157168515,51004576207571
7744190466115,51004588238260
7744223747015,51004599949027
7744257036415,51004612481469
7744290332615,51004622168897
7744323615915,51004632941598
7744356904415,51004642615187
7744390201515,51004653692151
7744423486215,51004664489476
7744456774315,51004674886204
7744490063215,51004684426998
7744523351515,51004695570648
7744556642915,51004705214749
7744589930315,51004716407799
7744623219815,51004726523075
7744656510215,51004735787979
7744689800115,51004745652356
7744723088015,51004756293502
7744756378315,51004767072135
7744789668615,51004777353356
7744822980415,51004788447372
7744856258815,51004799743737
7744889534815,51004809871681
7744922831215,51004819532832
7744956113315,51004829904101
7744989403115,51004840401351
7745022698815,51004849760154
7745055982515,51004859633624
7745089270915,51004868830581
7745122567515,51004877486227
7745155851615,51004888013069
7745189138915,51004898988956
7745222433215,51004909969950
7745255717915,51004919310422
7745289065015,51004927930181
7745322296815,51004939492339
7745355585815,51004950141129
7745388876515,51004960923680
7745422165815,51004972138214
7745455453815,51004982845531
7745488744915,51004993530963
7745522034615,51005003549007
7745555322515,51005014379564
7745588612615,51005025281641
7745621901115,51005034688068
7745655197215,51005045097033
7745688480415,51005056087221
7745721769315,51005065468322
7745755065215,51005074316185
7745788349615,51005084375476
7745821637215,51005095026529
7745854933815,51005105777560
7745888219915,51005114750025
7745921505615,51005123619445
7745954795815,51005133138003
7745988112315,51005142424228
7746021373915,51005152810472
7746054664015,51005163526251
7746087952515,51005172646895
7746121242915,51005181289114
7746154558815,51005191256670
7746187820515,51005200585551
7746221111015,51005209829190
7746254414315,51005220178116
7746287688615,51005231155073
7746320979015,51005241697735
7746354268715,51005251221735
7746387564615,51005260776988
7746420846715,51005269813613
7746454135515,51005279257876
7746487432615,51005289805152
7746520714215,51005298803207
7746554003515,51005308546738
7746587300215,51005317190244
7746620620615,51005325464818
7746653871415,51005334139611
7746687165815,51005342703168
7746720452915,51005354427873
7746753752215,51005363680669
7746787030415,51005372166378
7746820318615,51005381655345
7746853610415,51005392804082
7746886897515,51005402643593
7746920187115,51005411467957
7746953477015,51005422738315
7746986766615,51005436386611
7747020054915,51005447586759
7747053345415,51005457631289
7747086635215,51005467675447
7747119931015,51005478179325
7747153213615,51005487475038
7747186502215,51005498219051
7747219799315,51005506985434
7747253080215,51005515877326
7747286370215,51005524802021
7747319666415,51005533758293
7747352951315,51005543083168
7747386237515,51005551775631
7747419535215,51005562691399
7747452819315,51005571468000
7747486106615,51005580454011
7747519398315,51005589686811
7747552685015,51005600140725
7747586000115,51005608574168
7747619264015,51005617502956
7747652553215,51005627639069
7747685843715,51005635694630
7747719133315,51005644224206
7747752421615,51005652357239
7747785711715,51005660127515
7747819002015,51005668030178
7747852296615,51005676374233
7747885583615,51005686143352
7747918868715,51005695441416
7747952164615,51005703453031
7747985447015,51005711992431
7748018736315,51005721884117
7748052032815,51005731782226
7748085317615,51005740601563
7748118604715,51005750264433
7748151898415,51005758537899
7748185185015,51005766576157
7748218472515,51005774858628
7748251763015,51005783030892
7748285069615,51005791406394
7748318341115,51005799304662
7748351631115,51005808393503
7748384919515,51005816447758
7748418210315,51005824234658
7748451498915,51005832232028
7748484787815,51005841510784
7748518078315,51005850350311
7748551367515,51005857459668
7748584663115,51005866773948
7748617946715,51005874346499
7748651235915,51005882511747
7748684531215,51005890867233
7748717814715,51005900236069
7748751102815,51005909275741
7748784399515,51005918111888
7748817681215,51005927888885
7748850970715,51005937411894
7748884264515,51005946092165
7748917585115,51005955541204
7748950839115,51005964652920
7748984129615,51005973947720
7749017419115,51005983311256
7749050708115,51005992959692
7749083997515,51006001501137
7749117286115,51006011743344
7749150581815,51006020899568
7749183864515,51006030274820
7749217154215,51006038149229
7749250444515,51006045944881
7749283733815,51006055563437
7749317027615,51006064667908
7749350312415,51006073842930
7749383602015,51006082177968
7749416899215,51006090386005
7749450180915,51006098471996
7749483469515,51006105857847
7749516767515,51006113317416
7749550047715,51006120504773
7749583337515,51006128038469
7749616633815,51006135142965
7749649916715,51006142115846
7749683205415,51006149241505
7749716495715,51006156390577
7749749785315,51006164842001
7749783081315,51006173987997
7749816363815,51006183634588
7749849652415,51006193250387
7749882942515,51006202982613
7749916231415,51006211782624
7749949520615,51006221228289
7749982810915,51006231058184
7750016099915,51006240765718
7750049393915,51006251110179
7750082679215,51006259317241
7750115969215,51006266999327
7750149262415,51006276542338
7750182547115,51006285185911
7750215835615,51006292963608
7750249154915,51006301228324
7750282414615,51006310815489
7750315703515,51006319380880
7750349000115,51006327594032
7750382284515,51006337532422
7750415571915,51006346801093
7750448862115,51006357564733
7750482151815,51006368223730
7750515439815,51006378504334
7750548730515,51006387884070
7750582042515,51006397912508
7750615308715,51006406876595
7750648598515,51006414647372
7750681887315,51006423500748
7750715177115,51006432312649
7750748467615,51006440094382
7750781760015,51006447755291
7750815045515,51006455310355
7750848335415,51006462456765
7750881628515,51006470721018
7750914913615,51006480174203
7750948202515,51006489466105
7750981498615,51006498682013
7751014782015,51006507338321
7751048070215,51006516224752
7751081366815,51006524021414
7751114661315,51006531788706
7751147938215,51006540114634
7751181228315,51006549961960
7751214519215,51006559584020
7751247806215,51006569645992
7751281096515,51006579202867
7751314408615,51006588488585
7751347675315,51006597786003
7751380965315,51006607560579
7751414253615,51006616276105
7751447543815,51006625192205
7751480831915,51006633626182
7751514126115,51006641137000
7751547411315,51006648332679
7751580725715,51006655270232
7751613994815,51006662786674
7751647280315,51006670989479
7751680572615,51006679808852
7751713865715,51006688153893
7751747148215,51006695809325
7751780436815,51006703451080
7751813733715,51006712177530
7751847016915,51006722736466
7751880304415,51006731362434
7751913594915,51006740916685
7751946884315,51006750158847
7751980172815,51006758913449
7752013462815,51006767097773
7752046752815,51006774563143
7752080042515,51006783952209
7752113330615,51006793490030
7752146619615,51006802133556
7752179911015,51006810208697
7752213198115,51006817388633
7752246492415,51006826030898
7752279778515,51006833735440
7752313068715,51006843090238
7752346361215,51006852160686
7752379646215,51006860246488
7752412937015,51006867727001
7752446250515,51006876954767
7752479514115,51006885024073
7752512803115,51006893176162
7752546100615,51006901682493
7752579383715,51006911961227
7752612671015,51006921886189
7752645961115,51006931833481
7752679250715,51006939975815
7752712539315,51006947657701
7752745829515,51006955770556
7752779119715,51006965328403
7752812406815,51006973793449
7752845697515,51006981637241
7752878986115,51006989161878
7752912309015,51006996669981
7752945565015,51007003756147
7752978858815,51007011583259
7753012144515,51007019010244
7753045434015,51007026931342
7753078727915,51007034113618
7753112012315,51007041325501
7753145303015,51007049469385
7753178596615,51007057026563
7753211880315,51007064154171
7753245169315,51007073522622
7753278465715,51007081921995
7753311749015,51007089938216
7753345037015,51007097725153
7753378327615,51007105721284
7753411617415,51007114090939
7753444905515,51007121572643
7753478195815,51007129501403
7753511485715,51007137447854
7753544773515,51007146355852
7753578086915,51007155555007
7753611381215,51007164833876
7753644642715,51007172738604
7753677932215,51007181499965
7753711224915,51007191358944
7753744510515,51007200935629
7753777821415,51007208652337
7753811094815,51007216181819
7753844379015,51007223630242
7753877684215,51007231019643
7753910962715,51007237935822
7753944247415,51007245886945
7753977536615,51007254756304
7754010832515,51007263559462
7754044115615,51007271444549
7754077403815,51007279286575
7754110694015,51007287118501
7754143982515,51007294759602
7754177271915,51007304207778
7754210562715,51007312637190
7754243887115,51007320862221
7754277139815,51007329685925
7754310430315,51007338379871
7754343731915,51007345818597
7754377009815,51007354042336
7754410298315,51007363548592
7754443591615,51007372660428
7754476878015,51007381713421
7754510165615,51007390148176
7754543460615,51007398227716
7754576747115,51007406646627
7754610034615,51007414870666
7754643329515,51007424476318
7754676613715,51007433083738
7754709903315,51007440610714
7754743199515,51007447747159
7754776481215,51007455285430
7754809770015,51007462291002
7754843061115,51007469412435
7754876349015,51007477407100
7754909638215,51007484375770
7754942928915,51007492480799
7754976217615,51007500583265
7755009506215,51007507887529
7755042796715,51007515028202
7755076087115,51007522097293
7755109374215,51007530783285
7755142664115,51007538832091
7755175958015,51007547010839
7755209271315,51007555214885
7755242531915,51007563159749
7755275827515,51007570724285
7755309111215,51007578237447
7755342401315,51007588232038
7755375695615,51007597251351
7755408980015,51007605116227
7755442270015,51007613506417
7755475580215,51007621557006
7755508847915,51007629797313
7755542136515,51007638390731
7755575426415,51007648101963
7755608715315,51007656198517
7755642004315,51007665027506
7755675295515,51007673480704
7755708585115,51007680794215
7755741872315,51007687861360
7755775162915,51007694593462
7755808453115,51007703167510
7755841740615,51007711323635
7755875030615,51007718156159
7755908352815,51007725448345
7755941609815,51007732204692
7755974899315,51007738838227
7756008193215,51007746289454
7756041478015,51007754890494
7756074767415,51007763661668
7756108061915,51007771316926
7756141347915,51007779257519
7756174635515,51007787527319
7756207929915,51007796080473
7756241214515,51007803704403
7756274504215,51007812400555
7756307793215,51007820707326
7756341082915,51007828971288
7756374370815,51007838054829
7756407661515,51007847366976
7756440949015,51007857207422
7756474238715,51007866693444
7756507529215,51007876132869
7756540839415,51007884099247
7756574106715,51007892962809
7756607397515,51007901875030
7756640719615,51007910816076
7756673976215,51007919699379
7756707265415,51007928785845
7756740560015,51007938214606
7756773845615,51007947455424
7756807132415,51007956734892
7756840427815,51007965784141
7756873712715,51007974676488
7756907001715,51007983542524
7756940296115,51007991864796
7756973580615,51008001688286
7757006869915,51008010667975
7757040160615,51008020146056
7757073449115,51008028653513
7757106736515,51008037046919
7757140028515,51008044743047
7757173315615,51008052674519
7757206605415,51008060737136
7757239895715,51008068437911
7757273184915,51008076786857
7757306473315,51008084626234
7757339763715,51008092351370
7757373061115,51008099938802
7757406345615,51008107195878
7757439631515,51008115104943
7757472925815,51008122540801
7757506210815,51008130172665
7757539499315,51008138934120
7757572794515,51008146836877
7757606079115,51008155825817
7757639368415,51008163609450
7757672662715,51008173600914
7757705947315,51008182880619
7757739237215,51008192096860
7757772524715,51008200357883
7757805815415,51008208262426
7757839103615,51008215611927
7757872420115,51008222543026
7757905682215,51008230650636
7757938971315,51008239893175
7757972262115,51008249086328
7758005552115,51008258400087
7758038839715,51008267488234
7758072130015,51008276486557
7758105423715,51008284354232
7758138708115,51008292802293
7758171997915,51008301079629
7758205322415,51008308808699
7758238577015,51008316948780
7758271866115,51008324990324
7758305161115,51008332767795
7758338445315,51008341066161
7758371735415,51008350833094
7758405029415,51008359815713
7758438313715,51008368756441
7758471603915,51008378441547
7758504890915,51008387073878
7758538181715,51008395084675
7758571469715,51008403406671
7758604760415,51008411636863
7758638049915,51008420949546
7758671337915,51008430065771
7758704628815,51008438957399
7758737935415,51008447931894
7758771205715,51008456726550
7758804496715,51008464614658
7758837790215,51008474814620
7758871074415,51008484666460
7758904366115,51008495046953
7758937688115,51008505402026
7758970943215,51008514871428
7759004232215,51008524590554
7759037527015,51008532643813
7759070811515,51008540917969
7759104100215,51008548619143
7759137395115,51008556502818
7759170679915,51008564195811
7759203994215,51008571587399
7759237256815,51008579307008
7759270548015,51008586607856
7759303837215,51008594389354
7759337126715,51008602098103
7759370416515,51008609769672
7759403704015,51008617804854
7759436996215,51008625547671
7759470283215,51008633125460
7759503572615,51008640369142
7759536863115,51008650112518
7759570155215,51008657979534
7759603440515,51008667282079
7759636731015,51008675438747
7759670034415,51008683168762
7759703310515,51008692114208
7759736599415,51008701376848
7759769893415,51008709209590
7759803178515,51008717090902
7759836466015,51008725796276
7759869761815,51008734885164
7759903046215,51008743905257
7759936336915,51008753523649
7759969623815,51008763313350
7760002914715,51008774102139
7760036208715,51008785017114
7760069520415,51008795685940
7760102782015,51008804493413
7760136070615,51008813209209
7760169373615,51008823200287
7760202649615,51008831960213
7760235938915,51008843430695
7760269229415,51008853252380
7760302523015,51008863539690
7760335806715,51008872983425
7760369097715,51008883332985
7760402393715,51008891935114
7760435675015,51008901301900
7760468965715,51008911967894
7760502260315,51008920533513
7760535577815,51008929044687
7760568832915,51008937829565
7760602128115,51008948087545
7760635412715,51008956178090
7760668701715,51008963665621
7760701990015,51008973359165
7760735280715,51008983922887
7760768571115,51008993254867
7760801858315,51009002024908
7760835148315,51009010351154
7760868437115,51009017894690
7760901727315,51009026835876
7760935017315,51009035725854
7760968305315,51009043882481
7761001596015,51009053808900
7761034889515,51009063570382
7761068173615,51009071996896
7761101463415,51009079751736
7761134760115,51009087924475
7761168041815,51009095802125
7761201331915,51009104867222
7761234656315,51009113138045
7761267910615,51009121087740
7761301200515,51009129563228
7761334495015,51009137538090
7761367778515,51009144756070
7761401089915,51009152951392
7761434356515,51009160776123
7761467647215,51009168636415
7761500953715,51009176963645
7761534225115,51009184885390
7761567516315,51009195004297
7761600804715,51009204376584
7761634094115,51009214431763
7761667382915,51009222573280
7761700671315,51009232358066
7761733962215,51009240998146
7761767253015,51009249085723
7761800539915,51009257106380
7761833830015,51009265026866
7761867160415,51009274105124
7761900407515,51009284647885
7761933698715,51009295388928
7761966994815,51009306097414
7762000278415,51009315295345
7762033566615,51009323595878
7762066861215,51009332778641
7762100145615,51009341595080
7762133433315,51009350511026
7762166723015,51009359624942
7762200013315,51009367839314
7762233302715,51009376115025
7762266591315,51009384699076
7762299881615,51009393124590
7762333171215,51009403745055
7762366460215,51009414316986
7762399750215,51009423431613
7762433038015,51009432504735
7762466328715,51009441689955
7762499619315,51009450524739
7762532906315,51009458707419
7762566196815,51009468924405
7762599492015,51009477928840
7762632774015,51009486526223
7762666064815,51009495702930
7762699361115,51009506308269
7762732642715,51009516152183
7762765933115,51009525084282
7762799227715,51009536703569
7762832541915,51009546316788
7762865800315,51009555207344
7762899088915,51009564874441
7762932379715,51009574867940
7762965668615,51009584390019
7762998957215,51009595429044
7763032247915,51009605348623
7763065537915,51009614597020
7763098825415,51009623071186
7763132116215,51009631501561
7763165404515,51009643281313
7763198694415,51009652762156
7763231986115,51009663843095
7763265272515,51009675691089
7763298562715,51009685036462
7763331860415,51009693467426
7763365140615,51009704992998
7763398431115,51009714857858
7763431728015,51009723343260
7763465011915,51009733638464
7763498298415,51009744119162
7763531594015,51009754727321
7763564879215,51009763057861
7763598167315,51009772042695
7763631455615,51009780793484
7763664746215,51009791747771
7763698035515,51009802070692
7763731323515,51009811766198
7763764614115,51009823023273
7763797903715,51009831948718
7763831191815,51009843112253
7763864482715,51009854127579
7763897771815,51009863409229
7763931060915,51009871379782
7763964353215,51009882034767
7763997638815,51009890739248
7764030929215,51009900625872
7764064223415,51009909649444
7764097506815,51009918118264
7764130797515,51009928782280
7764164120915,51009936859144
7764197374915,51009945970797
7764230665615,51009954435242
7764263992015,51009963375753
7764297245215,51009972247807
7764330534215,51009981187819
7764363822115,51009991372200
7764397112915,51009999555870
7764430400915,51010010494767
7764463690115,51010019290864
7764496980615,51010029196048
7764530269215,51010037699635
7764563558115,51010045481824
7764596848515,51010053446371
7764630137515,51010061600646
7764663427915,51010070429740
7764696719515,51010080561369
7764730005315,51010090893251
7764763296615,51010098829938
7764796589415,51010108207389
7764829873515,51010116376290
7764863163915,51010126863288
7764896458715,51010137199641
7764929741615,51010145873083
7764963031715,51010156085682
7764996328215,51010164091165
7765029613515,51010172353470
7765062900215,51010180811376
7765096188515,51010188415595
7765129486015,51010198913511
7765162767315,51010208921468
7765196056615,51010218948575
7765229347115,51010229427705
7765262635715,51010240320329
7765295924715,51010250955564
7765329215015,51010261349313
7765362521315,51010272506717
7765395792615,51010283106165
7765429085515,51010294005029
7765462371515,51010304943547
7765495703315,51010315800276
7765528956215,51010326495089
7765562239515,51010335066887
7765595529815,51010345395753
7765628827315,51010356755247
7765662107815,51010367739105
7765695397815,51010378900040
7765728694015,51010388811490
7765761976315,51010398584068
7765795265815,51010408674929
7765828556015,51010418844516
7765861845115,51010429441612
7765895134015,51010443634249
7765928422715,51010454782945
7765961713215,51010465756550
7765995003515,51010476515400
7766028291015,51010486596434
7766061581215,51010496926777
7766094871615,51010507673352
7766128158715,51010518651640
7766161451615,51010528995200
7766194738115,51010539111607
7766228028215,51010549286472
7766261323515,51010559896130
7766294606015,51010570076449
7766327896515,51010580427763
7766361201515,51010590973486
7766394474115,51010601328486
7766427764615,51010611879005
7766461060715,51010621921695
7766494343615,51010632593263
7766527632115,51010643390243
7766560922515,51010654988072
7766594211315,51010665724075
7766627501315,51010676615943
7766660789515,51010686247842
7766694079715,51010694661694
7766727367715,51010702577802
7766760657215,51010711025643
7766793948015,51010718929519
7766827264415,51010726565545
7766860525315,51010735891555
7766893833015,51010744177168
7766927105415,51010751878707
7766960394315,51010761419552
7766993689515,51010769759451
7767026972415,51010777544535
7767060264215,51010785436169
7767093557115,51010793739766
7767126840215,51010801912661
7767160131215,51010810460409
7767193426415,51010819519038
7767226708915,51010828090950
7767259999215,51010836419322
7767293288615,51010844549476
7767326578315,51010852283558
7767359866915,51010860208436
7767393155615,51010868878664
7767426446715,51010876876694
7767459734215,51010885529023
7767493023815,51010895921545
7767526314015,51010904601221
7767559604715,51010915436544
7767592891715,51010925158211
7767626184015,51010935030152
7767659472715,51010944170566
7767692779515,51010953364851
7767726055815,51010963139086
7767759339115,51010973186473
7767792640215,51010983041635
7767825923415,51010991342982
7767859206915,51011000715871
7767892497815,51011010185035
7767925793215,51011020445086
7767959075115,51011029708009
7767992365515,51011040046670
7768025659815,51011048615204
7768058943015,51011058231680
7768092233615,51011066827507
7768125521715,51011075960345
7768158861815,51011086247482
7768192100715,51011096286927
7768225390015,51011106250899
7768258680215,51011116382091
7768291969915,51011125671519
7768325258315,51011135628440
7768358550515,51011143730759
7768391838815,51011152921064
7768425126115,51011163142963
7768458422615,51011171895327
7768491705415,51011181650296
7768524995215,51011191713969
7768558290515,51011200399319
7768591573215,51011208727984
7768624863915,51011219235846
7768658160315,51011229965955
7768691441315,51011239114797
7768724732115,51011248817926
7768758022115,51011257370114
7768791312615,51011267016825
7768824600115,51011275238647
7768857888715,51011283380106
7768891178715,51011291185698
7768924468515,51011299167089
7768957756515,51011308449621
7768991047015,51011317394003
7769024357815,51011325597056
7769057624415,51011334743457
7769090916815,51011343606841
7769124217215,51011352218943
7769157492315,51011360625147
7769190788915,51011370367138
7769224072615,51011379268589
7769257362115,51011387320005
7769290656615,51011395683687
7769323940015,51011404261994
7769357230115,51011412186114
7769390525015,51011419969924
7769423807815,51011428278926
7769457098415,51011436851851
7769490428615,51011445212310
7769523675715,51011453772376
7769556969615,51011464614799
7769590257015,51011474341907
7769623545415,51011482972848
7769656834515,51011493252760
7769690122915,51011503560868
7769723414015,51011512592101
7769756701515,51011521719328
7769789990915,51011533574303
7769823282615,51011544654855
7769856570615,51011554819323
7769889859015,51011565402318
7769923154615,51011575512508
7769956438915,51011585314156
7769989728815,51011594353619
7770023023515,51011604455388
7770056305915,51011614279214
7770089596515,51011624213580
7770122891315,51011634111741
7770156174315,51011642302117
7770189464715,51011651801687
7770222754115,51011659813297
7770256042415,51011669882298
7770289332415,51011677873343
7770322623015,51011686034290
7770355933115,51011694101211
7770389200415,51011703202687
7770422489315,51011712484359
7770455798415,51011720468242
7770489068315,51011728410303
7770522357515,51011736587324
7770555649115,51011744940010
7770588937115,51011753088054
7770622225415,51011760727709
7770655521415,51011768424552
7770688806415,51011776339087
7770722093515,51011786165979
7770755389415,51011795305964
7770788674115,51011805044960
7770821996115,51011813588874
7770855257115,51011823764493
7770888540615,51011833809211
7770921831315,51011842335283
7770955120415,51011850594717
7770988408415,51011861288924
7771021699415,51011869863513
7771054989715,51011878535603
7771088278115,51011888269023
7771121567315,51011896541039
7771154855615,51011905350577
7771188145815,51011914392744
7771221436115,51011922059926
7771254724015,51011929737611
7771288015215,51011937261856
7771321304015,51011944816792
7771354591815,51011952338251
7771387887715,51011959907913
7771421172115,51011968635969
7771454463315,51011977283893
7771487756015,51011985954453
7771521040115,51011994849471
7771554328915,51012003638297
7771587624915,51012012406293
7771620907115,51012020997306
7771654197415,51012030573866
7771687485915,51012040070059
7771720775215,51012047730767
7771754065715,51012056694557
7771787382215,51012064548803
7771820643215,51012072420804
7771853933415,51012080451721
7771887223515,51012089948139
7771920512315,51012098092496
7771953801615,51012106025088
7771987090515,51012114103999
7772020381915,51012121529429
7772053668915,51012128981122
7772086958715,51012136858643
7772120254315,51012146460625
7772153537715,51012156867861
7772186825715,51012165131064
7772220122115,51012174732355
7772253406015,51012182947865
7772286696515,51012191777313
7772319990815,51012199867909
7772353273515,51012210562651
7772386564615,51012220836035
7772419852015,51012229569200
7772453141215,51012240079193
7772486431715,51012250026829
7772519721215,51012258377496
7772553009715,51012266813173
7772586299715,51012274987381
7772619589615,51012283016377
7772652880715,51012291442303
7772686168115,51012300896544
7772719456215,51012309536516
7772752748615,51012318481120
7772786035215,51012326549007
7772819324515,51012335018308
7772852620815,51012343226442
7772885904015,51012351656981
7772919192615,51012359793055
7772952488515,51012367600917
7772985776515,51012375563256
7773019060715,51012383023665
7773052358315,51012391073836
7773085639615,51012398688449
7773118963215,51012406964171
7773152218215,51012414718115
7773185507815,51012422288544
7773218798015,51012430170683
7773252088615,51012437666332
7773285376215,51012446455676
7773318666415,51012456085779
7773351955615,51012464251842
7773385244215,51012471833853
7773418534315,51012479282687
7773451823715,51012486989922
7773485113515,51012494402921
7773518402415,51012502934885
7773551690715,51012510608155
7773584987315,51012518542884
7773618271215,51012526555691
7773651558815,51012534547985
7773684855615,51012543511559
7773718139515,51012552308147
7773751427115,51012562164917
7773784723815,51012571309557
7773818013515,51012580719204
7773851296115,51012589924377
7773884589715,51012598179340
7773917874115,51012605455245
7773951164515,51012613743841
7773984456615,51012622102875
7774017741915,51012629781451
7774051032815,51012637959119
7774084321915,51012645988568
7774117610315,51012653112002
7774150900515,51012660158268
7774184189915,51012667652694
7774217481115,51012675572257
7774250768715,51012682911401
7774284057015,51012690307168
7774317354315,51012697887399
7774350636415,51012705143154
7774383925415,51012712175460
7774417221615,51012719620652
7774450527215,51012729129677
7774483793215,51012738617693
7774517090515,51012748121573
7774550373415,51012757411402
7774583662815,51012766177412
7774616959015,51012775209289
7774650240515,51012783924443
7774683531415,51012793226684
7774716819715,51012801909698
7774750108515,51012811054552
7774783399215,51012818991393
7774816688015,51012826865867
7774849976715,51012834718431
7774883280615,51012842554123
7774916556515,51012852300181
7774949847915,51012861120861
7774983135215,51012871027103
7775016423815,51012879699640
7775049721515,51012890157535
7775083003215,51012900180099
7775116291515,51012908861894
7775149588115,51012918841639
7775182872715,51012927900444
7775216160015,51012937678683
7775249456815,51012947310281
7775282741215,51012956346899
7775316039215,51012965564174
7775349326415,51012974645949
7775382619515,51012983409104
7775415898115,51012992701200
7775449185215,51013001276154
7775482475215,51013010084486
7775515765515,51013018294142
7775549054815,51013026467813
7775582343815,51013035253851
7775615633515,51013043822586
7775648943515,51013053509538
7775682210915,51013063178783
7775715501715,51013071498715
7775748790115,51013078852877
7775782114915,51013086690483
7775815369015,51013095027754
7775848658015,51013103039325
7775881954215,51013111597234
7775915237715,51013119972760
7775948526315,51013127863591
7775981822915,51013135641415
7776015107015,51013142948588
7776048394115,51013150753880
7776081688315,51013159757402
7776114973515,51013167880421
7776148263715,51013175948016
7776181552615,51013183639332
7776214841115,51013191406897
7776248131615,51013198956825
7776281421715,51013206434914
7776314709215,51013214108663
7776348000215,51013222252213
7776381290415,51013230303826
7776414580315,51013237954425
7776447868015,51013245727602
7776481156315,51013253670575
7776514452215,51013261695293
7776547736115,51013270139784
7776581024415,51013278424133
7776614320815,51013287295559
7776647620815,51013296389665
7776680892815,51013305395907
7776714189615,51013314706089
7776747482115,51013322929104
7776780760415,51013331596591
7776814054415,51013340892791
7776847353215,51013350393657
7776880630115,51013359653751
7776913919315,51013369253670
7776947207415,51013378608473
7776980498515,51013387497280
7777013786715,51013395561647
7777047075615,51013403402516
7777080366515,51013410247320
7777113692215,51013417485574
7777146943415,51013424673681
7777180234315,51013431568790
7777213524815,51013438081296
7777246819815,51013445680098
7777280102415,51013453562327
7777313391015,51013461581855
7777346688715,51013468717118
7777379969815,51013475995276
7777413259515,51013483567348
7777446555615,51013491136016
7777479840515,51013500498839
7777513127315,51013510020925
7777546427215,51013517856060
7777579707015,51013526757826
7777612996815,51013536107404
7777646285815,51013545125704
7777679574215,51013552887294
7777712865415,51013561845173
7777746152415,51013571380022
7777779442315,51013580715091
7777812732515,51013590197711
7777846021615,51013599824260
7777879310215,51013609331330
7777912601115,51013617602061
7777945890715,51013628434302
7777979206615,51013637604990
7778012469215,51013646528125
7778045757015,51013655320790
7778079058515,51013664407362
7778112336015,51013673385648
7778145625315,51013681655318
7778178921915,51013689194333
7778212205115,51013697308784
7778245493515,51013704872510
7778278790615,51013712790481
7778312075615,51013720688290
7778345361715,51013728883244
7778378652315,51013737015531
7778411940115,51013745710317
7778445285015,51013754320737
7778478519215,51013763070228
7778511808515,51013771613787
7778545099115,51013780314029
7778578388715,51013789313931
7778611676915,51013797655308
7778644967715,51013808027525
7778678257315,51013817266316
7778711550315,51013827390907
7778744835515,51013836582277
7778778124015,51013845470648
7778811419515,51013854193543
7778844703315,51013862149944
7778877991715,51013870847568
7778911288515,51013879611562
7778944572515,51013888643305
7778977859915,51013898167829
7779011156515,51013906755706
7779044439815,51013915217369
7779077727915,51013923422686
7779111018315,51013933464531
7779144308415,51013943683672
7779177597715,51013952237955
7779210887015,51013960407162
7779244175315,51013968814584
7779277465415,51013977220928
7779310782715,51013984978608
7779344043215,51013994564186
7779377333615,51014003472574
7779410639215,51014012171241
7779443919715,51014020703538
7779477201815,51014029189729
7779510491415,51014038756903
7779543787115,51014046670494
7779577070315,51014055473700
7779610358115,51014063815029
7779643655115,51014072573654
7779676936515,51014082826532
7779710226115,51014091673250
7779743522615,51014101546339
7779776805815,51014109350339
7779810094215,51014120073968
7779843384915,51014128820756
7779876674615,51014138829941
7779909964215,51014149424719
7779943253015,51014159403620
7779976541015,51014169583058
7780009832715,51014178959420
7780043119815,51014190293918
7780076409815,51014201152209
7780109700015,51014211998535
7780142989015,51014222964241
7780176282315,51014233880364
7780209568415,51014244357272
7780242857315,51014254984945
7780276154915,51014266183688
7780309436015,51014277243172
7780342724115,51014287586526
7780376021715,51014296485360
7780409302515,51014307476808
7780442592815,51014318709378
7780475889315,51014327127292
7780509172015,51014335785845
7780542460415,51014344617860
7780575751415,51014353283132
7780609041715,51014363053839
7780642329315,51014372820663
7780675619115,51014384079605
7780708907415,51014396562503
7780742222215,51014406227088
7780775486615,51014416078559
7780808776315,51014428420219
7780842066315,51014437900472
7780875356515,51014448086528
7780908648515,51014459336671
7780941934815,51014470581550
7780975224215,51014481386378
7781008518315,51014491648706
7781041802615,51014500412593
7781075091915,51014509330455
7781108387615,51014518055265
7781141669715,51014528465519
7781174959015,51014539130004
7781208256015,51014550738068
7781241541415,51014560811908
7781274827115,51014569809853
7781308118015,51014581638817
7781341411415,51014591113774
7781374694615,51014600490881
7781407985615,51014608647541
7781441296615,51014620094895
7781474564215,51014628911610
7781507854015,51014637353848
7781541142315,51014645720563
7781574432815,51014655352782
7781607722215,51014664538042
7781641014915,51014673464792
7781674300715,51014684148334
7781707590415,51014694351963
7781740884315,51014703212923
7781774168715,51014712241034
7781807458115,51014721228706
7781840754215,51014731222582
7781874037315,51014740880166
7781907325615,51014751519333
7781940622115,51014761573732
7781973905515,51014770414333
7782007193715,51014779396714
7782040484415,51014789987605
7782073810315,51014800762786
7782107061115,51014811475263
7782140351715,51014824343056
7782173663015,51014836343299
7782206930615,51014848450622
7782240220115,51014860652234
7782273509015,51014870667320
7782306801915,51014882543049
7782340087115,51014893565385
7782373380715,51014902262046
7782406667215,51014911064498
7782439955915,51014920601653
7782473250315,51014929280197
7782506535315,51014937028780
7782539824515,51014944205646
7782573121715,51014952174040
7782606403715,51014961516511
7782639691515,51014971301936
7782672990315,51014979771057
7782706271815,51014988505343
7782739559615,51014998570301
7782772850115,51015007265791
7782806140715,51015015222122
7782839428515,51015023842521
7782872722215,51015032493577
7782906009115,51015042299414
7782939296915,51015051926778
7782972586215,51015060147467
7783005874715,51015067968223
7783039165515,51015076547665
7783072453215,51015087445985
7783105747115,51015098011510
7783139033315,51015107566750
7783172322615,51015116630463
7783205616615,51015124617238
7783238905215,51015132433955
7783272191815,51015140308048
7783305485815,51015148962470
7783338770315,51015157564789
7783372058515,51015167283893
7783405387215,51015175481236
7783438638615,51015184774040
7783471926215,51015193571679
7783505216815,51015201662382
7783538505815,51015211748512
7783571794715,51015220877109
7783605084815,51015229458946
7783638374615,51015238599778
7783671662315,51015246900944
7783704952715,51015255145656
7783738241415,51015263529972
7783771531315,51015273241367
7783804820515,51015282576016
7783838113415,51015291861899
7783871399715,51015301184443
7783904690115,51015309203454
7783937985115,51015316518738
7783971268015,51015324405525
7784004558415,51015334364025
7784037851715,51015342649532
7784071136315,51015350847051
7784104424515,51015360389903
7784137721415,51015368998208
7784171004415,51015376585577
7784204292615,51015384477026
7784237583215,51015394777849
7784270880815,51015402664811
7784304160615,51015410681599
7784337450915,51015420649786
7784370740115,51015430392207
7784404028815,51015439814893
7784437318715,51015449477856
7784470636215,51015460317254
7784503898215,51015469730851
7784537187015,51015479686729
7784570479815,51015488457463
7784603766315,51015497668017
7784637054415,51015506103864
7784670350415,51015513676221
7784703634315,51015524815524
7784736944515,51015535738672
7784770217715,51015545473034
7784803503015,51015554496209
7784836793315,51015565584301
7784870088115,51015575753445
7784903370715,51015584932602
7784936659115,51015594992935
7784969950715,51015604781693
7785003238115,51015612495283
7785036527315,51015620953531
7785069817515,51015628214545
7785103106615,51015635536221
7785136399015,51015643254767
7785169685715,51015651463430
7785202975015,51015660334551
7785236265115,51015668870487
7785269553815,51015676908531
7785302845915,51015684794019
7785336133615,51015693278355
7785369420815,51015700475047
7785402716415,51015708297593
7785436000715,51015716724853
7785469289915,51015725282459
7785502584515,51015732513214
7785535868615,51015740384152
7785569158615,51015748348476
7785602469115,51015755968913
7785635736915,51015764949595
7785669025215,51015773751908
7785702316215,51015781543003
7785735604415,51015789623715
7785768893815,51015798388665
7785802184015,51015806476199
7785835473015,51015814836730
7785868761415,51015824310665
7785902057515,51015833788199
7785935342015,51015843245273
7785968629715,51015851343586
7786001919815,51015858794006
7786035212415,51015867378928
7786068548415,51015874837225
7786101787315,51015884654058
7786135082415,51015892714764
7786168367215,51015900886868
7786201656515,51015909226980
7786234950515,51015919657477
7786268236515,51015928018762
7786301525815,51015936752815
7786334819415,51015945820907
7786368103415,51015954716768
7786401391715,51015963193730
7786434682215,51015971839036
7786467971915,51015982544573
7786501259615,51015990822570
7786534550115,51016001180754
7786567839715,51016012351846
7786601127615,51016022943078
7786634418815,51016032734901
7786667707915,51016042707833
7786700996015,51016050650397
7786734286615,51016061089155
7786767580015,51016071302994
7786800865015,51016080064001
7786834154115,51016090531256
7786867448815,51016100601156
7786900733415,51016111200833
7786934044015,51016120094276
7786967317015,51016128085250
7787000601715,51016135218344
7787033904915,51016143337850
7787067185615,51016151801462
7787100469815,51016159748853
7787133758915,51016167460844
7787167048015,51016175293613
7787200338015,51016183004583
7787233626115,51016190353055
7787266916715,51016200337833
7787300204915,51016210155060
7787333494815,51016219631593
7787366784515,51016229346375
7787400127415,51016238812878
7787433362115,51016246934018
7787466653315,51016256087481
7787499946215,51016265451271
7787533231915,51016274025972
7787566520915,51016282411148
7787599814715,51016290591971
7787633101015,51016299242140
7787666388115,51016307913105
7787699683315,51016316128360
7787732968215,51016326319471
7787766257415,51016335664015
7787799552315,51016345698990
7787832836015,51016355689876
7787866125615,51016365333382
7787899415515,51016375300955
7787932704315,51016384851983
7787965992115,51016394971535
7787999283715,51016404232842
7788032571015,51016413994925
7788065860915,51016422218540
7788099151015,51016430282139
7788132440015,51016438226426
7788165728715,51016446285047
7788199019315,51016454731372
7788232313415,51016463491329
7788265619115,51016472029572
7788298886915,51016483121709
7788332182315,51016493751429
7788365485715,51016504625680
7788398754215,51016515009652
7788432049615,51016525563329
7788465334415,51016536064865
7788498624615,51016546341996
7788531918315,51016556728345
7788565202615,51016565700581
7788598492315,51016575041309
7788631780215,51016585138290
7788665070615,51016594648724
7788698359415,51016605738670
7788731649515,51016615332558
7788764937915,51016624906793
7788798227215,51016633362631
7788831517715,51016641526532
7788864807815,51016652551208
7788898095115,51016663957714
7788931388815,51016674404896
7788964680315,51016685562577
7788997962915,51016694656876
7789031254015,51016703601546
7789064548215,51016712481810
7789097832315,51016720563161
7789131121915,51016732264819
7789164416215,51016741284641
7789197700515,51016749872110
7789230990515,51016758425541
7789264284615,51016767089120
7789297569015,51016775308907
7789330860015,51016783111472
7789364146615,51016791700893
7789397437515,51016800088036
7789430726515,51016807685046
7789464015315,51016816638196
7789497305315,51016824605455
7789530593515,51016832427878
7789563883415,51016840371889
7789597172215,51016849777202
7789630461315,51016857954784
7789663751915,51016866199065
7789697070115,51016875437185
7789730329615,51016883885951
7789763620115,51016892152866
7789796943815,51016900226725
7789830198715,51016908448978
7789863488315,51016917980036
7789896782215,51016927519166
7789930069415,51016936766381
7789963355115,51016944983736
7789996650715,51016953332746
7790029935515,51016962194275
7790063224415,51016971486036
7790096512515,51016980981037
7790129803415,51016989087928
7790163093015,51016996655803
7790196382915,51017005109778
7790229671315,51017013450565
7790262959515,51017020883906
7790296251215,51017030032383
7790329538315,51017040111079
7790362827815,51017048475633
7790396118315,51017056594700
7790429411415,51017065049269
7790462696215,51017073543456
7790495986415,51017083530817
7790529283315,51017094041123
7790562565115,51017104011332
7790595854715,51017113606204
7790629149315,51017121983142
7790662433515,51017129625842
7790695721615,51017137857469
7790729017515,51017145870635
7790762301515,51017155107947
7790795590915,51017163659697
7790828882215,51017172013407
7790862170415,51017180021977
7790895460215,51017187408863
7790928747515,51017195986864
7790962037815,51017205299075
7790995326315,51017213542438
7791028649415,51017223285134
7791061904915,51017232979330
7791095194115,51017241284297
7791128484615,51017250758658
7791161777815,51017260569443
7791195062515,51017270176023
7791228354215,51017280521367
7791261650115,51017290312897
7791294930515,51017299795820
7791328221015,51017308342676
7791361515315,51017315814291
7791394799315,51017323617239
7791428088415,51017331906017
7791461383615,51017341195782
7791494668115,51017349086949
7791527958215,51017356513401
7791561245715,51017365151259
7791594544215,51017373220764
7791627826615,51017381234078
7791661114115,51017389224752
7791694403915,51017397146748
7791727692715,51017404479949
7791760982715,51017412318245
7791794272215,51017419560374
7791827560515,51017427476107
7791860851215,51017436262200
7791894147915,51017444447710
7791927429015,51017454048063
7791960719215,51017463312779
7791994015115,51017472935463
7792027297015,51017482343469
7792060587215,51017491343174
7792093911515,51017499276782
7792127165915,51017507600393
7792160455015,51017516836349
7792193749715,51017525093846
7792227034515,51017532700870
7792260322415,51017540198670
7792293611815,51017548224776
7792326902415,51017556281466
7792360212415,51017564283329
7792393479815,51017573212733
7792426770815,51017582475546
7792460060115,51017591226352
7792493349315,51017598977460
7792526638815,51017606668754
7792559927615,51017615191692
7792593218615,51017622940682
7792626508115,51017630951693
7792659795215,51017639991333
7792693086015,51017648536968
7792726383515,51017655789650
7792759663915,51017663177282
7792792953715,51017670893301
7792826249315,51017678369355
7792859533315,51017687200512
7792892821815,51017695227123
7792926116415,51017702751191
7792959401815,51017710468371
7792992688715,51017718557374
7793025978415,51017727508224
7793059269015,51017736123484
7793092558315,51017746107897
7793125846615,51017756459900
7793159137115,51017767020574
7793192427615,51017775821593
7793225723915,51017785426472
7793259004715,51017795353664
7793292293815,51017804769793
7793325583815,51017815165292
7793358874115,51017825274638
7793392161615,51017833779093
7793425452115,51017842693447
7793458747715,51017852932214
7793492029715,51017861494124
7793525319815,51017871597257
7793558616815,51017881209287
7793591898515,51017889720608
7793625188315,51017897609270
7793658482815,51017906208937
7793691796115,51017913682387
7793725055515,51017921880521
7793758345015,51017930183241
7793791635315,51017939333792
7793824924915,51017948282684
7793858214115,51017958115756
7793891503515,51017967437093
7793924793615,51017976368991
7793958081015,51017985137172
7793991371415,51017994895103
7794024659615,51018005249952
7794057950415,51018015060239
7794091240615,51018024703419
7794124528115,51018033810473
7794157818215,51018043113714
7794191114815,51018052810179
7794224396515,51018061939828
7794257686615,51018071623590
7794290982715,51018079766349
7794324264315,51018089008974
7794357554615,51018098376854
7794390850815,51018106546521
7794424135015,51018114973789
7794457423115,51018122941182
7794490711315,51018131802345
7794524001415,51018139815535
7794557305315,51018149088142
7794590579315,51018157394499
7794623870115,51018167209634
7794657163715,51018176779904
7794690447615,51018185287467
7794723737615,51018193770697
7794757027015,51018202290239
7794790316615,51018210631856
7794823608015,51018221134764
7794856894215,51018230867974
7794890184915,51018240041963
7794923479115,51018249898403
7794956762415,51018260759714
7794990052915,51018269037338
7795023397915,51018279159599
7795056630615,51018287559712
7795089920315,51018296560118
7795123217215,51018305740525
7795156501815,51018314932018
7795189789415,51018323636420
7795223077215,51018334199494
7795256368815,51018342125973
7795289656915,51018349627352
7795322945615,51018357727709
7795356235915,51018365168415
7795389528815,51018372967538
7795422814315,51018381248732
7795456104215,51018390144588
7795489393515,51018397852355
7795522683515,51018405661091
7795555974115,51018413487491
7795589260615,51018421880319
7795622551815,51018429496637
7795655844615,51018439179008
7795689129315,51018447598254
7795722419115,51018456009154
7795755714615,51018464051340
7795788996815,51018472595714
7795822288115,51018480925138
7795855585015,51018490161065
7795888887615,51018499765205
7795922155215,51018508157227
7795955444315,51018516617739
7795988741215,51018526023229
7796022022915,51018534493706
7796055311915,51018542451183
7796088602415,51018550329842
7796121892815,51018560124598
7796155200715,51018568248368
7796188470215,51018576724668
7796221760815,51018584783627
7796255048915,51018593729121
7796288340015,51018601460599
7796321627215,51018609519381
7796354974515,51018619571859
7796388211815,51018628055285
7796421495315,51018636437574
7796454785415,51018646469645
7796488081815,51018656309998
7796521363415,51018664784688
7796554654115,51018672331422
7796587950315,51018679794468
7796621231615,51018687580185
7796654521615,51018696108758
7796687810215,51018704334296
7796721100615,51018712115724
7796754389715,51018719375694
7796787678215,51018727555565
7796820968815,51018736841204
7796854259215,51018745340172
7796887546415,51018754740205
7796920837315,51018763970999
7796954126815,51018771799640
7796987414715,51018779374552
7797020706515,51018786630443
7797053993315,51018795686071
7797087283715,51018805215477
7797120579215,51018814422075
7797153861715,51018823997146
7797187152315,51018832953984
7797220468415,51018840757832
7797253730015,51018848712388
7797287024015,51018856989197
7797320323115,51018865868913
7797353598315,51018874327178
7797386887915,51018884140977
7797420177815,51018894222121
7797453466915,51018903856740
7797486756015,51018912879213
7797520045115,51018922651827
7797553335215,51018932180268
7797586623915,51018940833523
7797619913015,51018948828372
7797653203815,51018956419057
7797686523615,51018963889697
7797719780415,51018971355085
7797753072415,51018979452494
7797786361415,51018990156759
7797819651215,51018999718676
7797852945415,51019008782009
7797886228015,51019016752134
7797919519715,51019025293040
7797952812915,51019033827479
7797986096515,51019043300216
7798019386215,51019052957969
7798052683315,51019061628530
7798085964115,51019069940082
7798119255115,51019078601351
7798152548515,51019087529336
7798185833615,51019096332164
7798219123015,51019105820728
7798252411415,51019115800859
7798285702115,51019125349033
7798318990215,51019133698431
7798352279415,51019141683605
7798385569915,51019149648181
7798418858715,51019157590309
7798452147715,51019166702678
7798485438715,51019176005234
7798518728415,51019184808197
7798552038215,51019193550136
7798585311715,51019201758389
7798618594715,51019209603493
7798651904315,51019217759117
7798685178515,51019227877674
7798718462815,51019238108803
7798751753015,51019247201269
7798785049215,51019255805572
7798818330515,51019265678330
7798851621415,51019275086221
7798884918715,51019283279309
7798918198815,51019292909483
7798951488815,51019301425088
7798984777815,51019308691574
7799018067215,51019317724447
7799051356515,51019326473620
7799084645915,51019336101802
7799117936415,51019344375915
7799151226815,51019354770713
7799184517515,51019365362212
7799217805215,51019375797063
7799251095015,51019385280920
7799284381715,51019396236219
7799317678215,51019405227111
7799350960615,51019414157284
7799384251115,51019424792825
7799417546815,51019434315740
7799450937515,51019443223480
7799484119215,51019451754234
7799517415615,51019462112073
7799550697315,51019471211134
7799583987815,51019480418614
7799617277215,51019490940313
7799650565715,51019500586129
7799683855615,51019509948355
7799717145115,51019519240015
7799750434215,51019528479978
7799783723615,51019536201724
7799817012515,51019544754641
7799850302615,51019554976538
7799883590815,51019563474450
7799916880615,51019571587056
7799950173615,51019580055940
7799983486015,51019588163071
7800016748215,51019596056114
7800050044615,51019603844652
7800083328415,51019613365113
7800116617715,51019623570903
7800149912415,51019633240700
7800183195315,51019643596711
7800216486015,51019653575028
7800249780515,51019663795406
7800283063315,51019672441279
7800316353615,51019681129393
7800349642415,51019691158841
7800382931515,51019700013795
7800416222015,51019709607724
7800449511915,51019720112306
7800482801015,51019730204747
7800516089715,51019740076155
7800549378615,51019751870021
7800582669415,51019762785049
7800615957115,51019773925469
7800649246615,51019783898857
7800682537715,51019793847327
7800715826015,51019802761770
7800749114615,51019812878545
7800782410915,51019824382683
7800815695015,51019835347828
7800848983615,51019845919810
7800882278615,51019856632644
7800915561715,51019865593629
7800948852315,51019874447636
7800982146715,51019884160346
7801015430115,51019895236768
7801048720615,51019905311465
7801082036515,51019913861419
7801115297715,51019924005112
7801148588915,51019934915817
7801181878815,51019943172209
7801215166015,51019954189062
7801248456215,51019963780494
7801281745315,51019975062460
7801315072415,51019984201870
7801348323615,51019995413158
7801381613515,51020006698544
7801414903715,51020015417074
7801448192415,51020025502433
7801481480915,51020035908923
7801514777015,51020047122285
7801548061915,51020055849987
7801581349115,51020064883890
7801614645715,51020075413601
7801647928015,51020084194427
7801681218115,51020093119255
7801714513315,51020104010803
7801747796415,51020115540799
7801781086615,51020126643548
7801814383615,51020135570517
7801847664615,51020146645870
7801880954915,51020157114383
7801914244015,51020167634187
7801947532715,51020178387600
7801980823015,51020189924887
7802014112715,51020199574767
7802047401315,51020208635919
7802080691615,51020219928980
7802113979515,51020231340374
7802147269815,51020242362897
7802180559115,51020254107272
7802213847615,51020264980359
7802247143615,51020275709859
7802280427115,51020285729014
7802313715915,51020295038803
7802347011515,51020305146805
7802380295815,51020314868626
7802413584415,51020325971703
7802446880915,51020335508573
7802480162515,51020345991779
7802513452915,51020355116511
7802546741315,51020365444064
7802580030515,51020375161789
7802613321315,51020383345757
7802646647815,51020393667768
7802679898315,51020402688392
7802713189215,51020411960689
7802746478515,51020421525943
7802779768015,51020431725675
7802813057215,51020442197981
7802846345915,51020455376169
7802879638215,51020467285107
7802912924415,51020476917632
7802946214115,51020486425906
7802979510115,51020495168454
7803012795915,51020506519542
7803046082215,51020517273317
7803079378215,51020525993678
7803112661915,51020537124497
7803145952115,51020548390504
7803179247015,51020559336647
7803212530615,51020570003447
7803245820515,51020580394660
7803279107915,51020591618368
7803312397115,51020602017155
7803345687315,51020613662367
7803378976515,51020625257508
7803412265615,51020636936858
7803445555815,51020646079303
7803478853315,51020656500480
7803512146515,51020666858260
7803545423715,51020677184980
7803578711815,51020688318559
7803612003215,51020699866202
7803645290715,51020711216967
7803678579915,51020722191561
7803711876315,51020732985892
7803745160915,51020742158102
7803778448115,51020752323381
7803811744815,51020762812416
7803845029515,51020772913018
7803878316815,51020781982296
7803911613115,51020791638454
7803944904015,51020803669870
7803978223315,51020815119957
7804011474115,51020824839885
7804044763815,51020836689724
7804078054115,51020848164549
7804111343415,51020859015942
7804144646615,51020869843627
7804177922015,51020879980642
7804211212115,51020891220656
7804244499815,51020902732324
7804277790015,51020914019339
7804311078315,51020923516831
7804344368915,51020935628099
7804377657515,51020947188048
7804410946815,51020958546303
7804444242615,51020967558556
7804477526915,51020976213768
7804510815015,51020984813697
7804544110515,51020993788553
7804577395515,51021002441906
7804610682815,51021013212062
7804643979615,51021022105752
7804677269315,51021030870291
7804710552215,51021040275590
7804743844615,51021050100768
7804777129915,51021060283624
7804810420315,51021071097285
7804843728515,51021079726813
7804876997615,51021088191567
7804910288415,51021096214072
7804943578015,51021104121576
7804976866415,51021112302746
7805010157015,51021120436368
7805043446215,51021129951124
7805076735415,51021138525173
7805110024515,51021148182093
7805143313415,51021157549454
7805176609515,51021167551560
7805209892015,51021178143412
7805243181215,51021187340688
7805276495815,51021196156514
7805309810915,51021204665962
7805343049115,51021213693723
7805376346015,51021221942799
7805409631015,51021230445945
7805442918615,51021241014237
7805476214015,51021251226818
7805509496615,51021261109502
7805542787615,51021271233069
7805576075215,51021280034184
7805609364115,51021289177502
7805642654615,51021299301397
7805675944715,51021310290747
7805709232615,51021319149125
7805742522715,51021327961940
7805775813215,51021337275277
7805809103215,51021346207757
7805842391015,51021354189998
7805875679415,51021362790451
7805908976815,51021374032723
7805942258115,51021384824057
7805975547815,51021394817034
7806008843615,51021404085890
7806042129215,51021413942579
7806075415915,51021423656946
7806108712615,51021433276182
7806141996415,51021442934989
7806175303215,51021452605958
7806208580615,51021461492277
7806241862615,51021469628643
7806275159315,51021477914720
7806308441115,51021486423216
7806341730715,51021495568530
7806375021015,51021505512261
7806408310815,51021515235667
7806441599115,51021524008622
7806474889315,51021532949718
7806508179415,51021543528282
7806541467215,51021553249947
7806574757315,51021563247161
7806608045915,51021573801933
7806641390715,51021584471578
7806674624515,51021594508759
7806707913715,51021603953756
7806741210115,51021613133049
7806774494015,51021622663077
7806807783315,51021632035220
7806841078915,51021641904957
7806874362815,51021651556382
7806907650315,51021661389046
7806940943315,51021671084051
7806974241215,51021680567854
7807007519315,51021689410388
7807040808815,51021697492202
7807074097315,51021708134021
7807107387715,51021717137843
7807140677615,51021726444997
7807173968715,51021734856091
7807207255815,51021743389466
7807240545915,51021752292273
7807273833615,51021761109876
7807307124015,51021771585003
7807340413415,51021781541072
7807373707415,51021791893392
7807406992415,51021801950661
7807440280115,51021811503117
7807473576715,51021819724888
7807506881415,51021828214831
7807540148715,51021838667986
7807573445115,51021846765842
7807606745615,51021856940502
7807640016315,51021867143335
7807673313215,51021877415294
7807706596715,51021887503383
7807739885815,51021897573439
7807773175315,51021906555941
7807806463715,51021916618428
7807839754215,51021926055283
7807873042515,51021934615259
7807906331715,51021942943711
7807939622815,51021950549836
7807972968615,51021958510284
7808006199915,51021966354639
7808039490615,51021974137678
7808072780015,51021982160743
7808106076115,51021989724980
7808139358215,51021997347206
7808172647015,51022005318298
7808205944815,51022012414453
7808239224815,51022020971836
7808272514915,51022028927781
7808305811115,51022036967901
7808339093715,51022045360879
7808372382715,51022053509859
7808405679715,51022061619512
7808438962515,51022070034718
7808472252715,51022079706809
7808505541215,51022090395928
7808538829815,51022099493860
7808572120815,51022107837421
7808605408615,51022115846190
7808638698215,51022123033842
7808671988315,51022130340325
7808705277615,51022138638172
7808738566315,51022146460654
7808771856715,51022153815354
7808805147215,51022161285682
7808838461515,51022168502169
7808871724515,51022175374273
7808905013315,51022182639805
7808938321315,51022190144810
7808971592015,51022197228800
7809004880815,51022204499998
7809038177715,51022212208440
7809071477115,51022220098581
7809104749415,51022227964056
7809138046115,51022235308745
7809171330115,51022244088671
7809204617515,51022253475950
7809237908015,51022263217074
7809271196315,51022271710429
7809304519815,51022280244298
7809337775215,51022288798110
7809371064015,51022297990818
7809404355015,51022307238120
7809437645115,51022316358837
7809470932515,51022325286578
7809504222815,51022334468732
7809537512415,51022343169797
7809570806515,51022351794970
7809604091415,51022359904625
7809637380715,51022368303936
7809670675815,51022377993317
7809703959315,51022386351029
7809737247615,51022395091348
7809770544215,51022403369377
7809803827315,51022411687909
7809837130515,51022421655608
7809870412515,51022431964672
7809903695715,51022440564133
7809936983615,51022451480545
7809970274315,51022460177158
7810003579915,51022469369486
7810036852815,51022478157735
7810070141815,51022487073723
7810103430715,51022495635637
7810136721215,51022504329489
7810170009215,51022513403936
7810203298915,51022522534541
7810236588715,51022531402936
7810269897315,51022540728878
7810303170215,51022551274587
7810336457615,51022561839145
7810369746915,51022570674456
7810403042715,51022579879085
7810436325615,51022590572282
7810469613915,51022600147328
7810502910915,51022608453433
7810536192315,51022616107642
7810569481815,51022626533909
7810602778515,51022635337022
7810636061315,51022643960998
7810669349615,51022654806248
7810702640615,51022663393521
7810735930215,51022673010742
7810769220115,51022682853801
7810802508515,51022691616146
7810835797115,51022701858070
7810869088515,51022709734078
7810902375815,51022717640767
7810935665415,51022725610800
7810968974615,51022733757243
7811002245215,51022741127048
7811035537515,51022749079712
7811068823715,51022756889512
7811102113515,51022765588850
7811135409015,51022774461276
7811168691715,51022783416139
7811201980115,51022792755303
7811235277015,51022801478279
7811268558515,51022811521289
7811301848415,51022821864266
7811335144915,51022831773231
7811368429215,51022840863438
7811401716815,51022849067909
7811435007115,51022857324251
7811468298815,51022864647587
7811501584715,51022873549548
7811534875315,51022883418428
7811568185615,51022892982366
7811601483915,51022902853856
7811634742115,51022912376018
7811668031915,51022921433448
7811701322215,51022931019361
7811734611515,51022940588758
7811767903515,51022949981273
7811801189815,51022958944508
7811834481015,51022966926653
7811867773415,51022974301123
7811901058215,51022981990382
7811934347115,51022990149998
7811967642515,51022999474234
7812000926315,51023010284943
7812034214715,51023019649927
7812067511515,51023029247088
7812100797015,51023038627308
7812134083115,51023047685538
7812167373015,51023056509875
7812200663515,51023066478206
7812233951215,51023076880184
7812267241815,51023086447743
7812300552415,51023095683277
7812333820115,51023104629002
7812367109115,51023113428696
7812400398115,51023122226324
7812433688515,51023131079975
7812466977615,51023140094375
7812500269715,51023148778429
7812533556115,51023157028442
7812566846115,51023164701400
7812600140315,51023172082741
7812633424415,51023179132327
7812666714215,51023188862844
7812700009615,51023198867849
7812733293015,51023207267382
7812766581015,51023216851800
7812799878215,51023225574793
7812833160015,51023234512704
7812866453015,51023242241287
7812899740015,51023251340638
7812933049515,51023259662564
7812966317015,51023268937203
7812999607615,51023276968701
7813032897415,51023284451341
7813066186715,51023292913127
7813099476215,51023301129899
7813132764615,51023309156039
7813166055615,51023317420302
7813199342915,51023325310780
7813232635715,51023332601171
7813265922315,51023340665536
7813299213415,51023348424131
7813332506415,51023355653221
7813365791315,51023364623403
7813399081615,51023374537590
7813432376615,51023383762328
7813465658915,51023392301616
7813498947615,51023400646847
7813532245515,51023408503210
7813565528015,51023416196414
7813598815615,51023423819639
7813632106015,51023431639062
7813665395415,51023439285343
7813698683715,51023446881716
7813731974015,51023454472363
7813765263615,51023462401619
7813798561115,51023470508057
7813831842615,51023480144228
7813865130415,51023489323458
7813898422615,51023498042813
7813931709315,51023505821859
7813965001815,51023513658308
7813998289215,51023521178367
7814031578715,51023529209017
7814064872415,51023538237332
7814098157115,51023546888600
7814131448015,51023555333953
7814164740915,51023563879957
7814198026115,51023571800401
7814231313615,51023579758446
7814264638115,51023587610527
7814297894515,51023597292763
7814331181915,51023606852873
7814364472715,51023616476850
7814397761515,51023625916654
7814431050315,51023635428645
7814464340615,51023645165933
7814497630715,51023654692773
7814530918515,51023665014833
7814564208515,51023673753935
7814597496815,51023683570914
7814630787315,51023693762702
7814664076315,51023703823633
7814697368515,51023713928714
7814730655815,51023724013810
7814763948715,51023735734461
7814797238715,51023746841751
7814830523515,51023757423875
7814863814215,51023766695931
7814897107615,51023775160642
7814930391915,51023782950199
7814963680515,51023791635953
7814996977115,51023802687275
7815030260415,51023811673313
7815063548315,51023820674775
7815096838815,51023830773302
7815130143915,51023841169816
7815163416215,51023850530710
7815196707015,51023860810697
7815229998115,51023871732151
7815263284115,51023881497237
7815296575115,51023892161900
7815329865015,51023903811535
7815363153415,51023914486749
7815396443415,51023925612003
7815429735815,51023936349079
7815463021915,51023949035455
7815496310115,51023960433292
7815529605515,51023970097552
7815562889615,51023982017987
7815596207915,51023994430549
7815629473415,51024005871547
7815662758115,51024016430493
7815696048315,51024027556467
7815729344015,51024038345528
7815762626415,51024050180965
7815795914715,51024062288293
7815829206515,51024073781477
7815862493315,51024084714136
7815895782515,51024094719108
7815929073015,51024105434913
7815962362315,51024117043624
7815995651015,51024127810426
7816028941115,51024138646741
7816062230915,51024150724390
7816095520615,51024161660733
7816128810215,51024172140795
7816162100515,51024181667572
7816195389215,51024192994402
7816228676915,51024203418274
7816261971815,51024213881522
7816295256715,51024224081198
7816328545415,51024232898184
7816361839515,51024241980284
7816395124215,51024253125388
7816428415015,51024264724513
7816461730415,51024274804943
7816494992515,51024285814398
7816528281415,51024294369858
7816561583215,51024305210745
7816594859815,51024315345499
7816628149315,51024326626846
7816661442615,51024337207408
7816694728615,51024347971697
7816728017315,51024358608661
7816761307915,51024369198283
7816794597815,51024379777336
7816827885915,51024389726756
7816861176415,51024400232467
7816894467415,51024410187486
7816927787415,51024420050506
7816961042815,51024429566444
7816994338215,51024439449077
7817027622715,51024449506073
7817060913015,51024458235811
7817094205915,51024468136783
7817127490715,51024478606938
7817160780215,51024489019280
7817194075015,51024499297854
7817227359015,51024507652156
7817260648815,51024515926254
7817293937615,51024524583425
7817327227715,51024534610524
7817360515415,51024545578639
7817393806515,51024554731700
7817427095515,51024564684319
7817460383815,51024575180716
7817493673915,51024585316951
7817526963815,51024595631934
7817560251615,51024606749233
7817593542315,51024617133500
7817626862715,51024624982148
7817660120715,51024633193582
7817693410615,51024641164808
7817726704415,51024649486829
7817759989315,51024657727795
7817793300115,51024666472981
7817826572615,51024674790326
7817859857415,51024682925242
7817893164015,51024690793605
7817926441615,51024698590127
7817959725515,51024706653627
7817993014615,51024714635410
7818026304115,51024724510560
7818059594015,51024734548037
7818092881715,51024743113089
7818126172615,51024751646100
7818159460515,51024759973788
7818192768115,51024768163043
7818226041115,51024776137311
7818259329315,51024787036557
7818292618315,51024796489890
7818325908915,51024806951464
7818359200615,51024815295310
7818392488415,51024825319284
7818425776915,51024835634569
7818459070915,51024845525466
7818492356715,51024856045230
7818525643415,51024866255992
7818558938415,51024875981733
7818592223915,51024884748000
7818625513015,51024893894744
7818658807315,51024903908434
7818692091215,51024912110033
7818725381215,51024920755383
7818758670615,51024930438154
7818791960115,51024941036624
7818825248315,51024951038004
7818858539015,51024960820898
7818891827215,51024970421657
7818925116115,51024979567416
7818958406615,51024988555416
7818991697215,51024997815875
7819024984315,51025006510487
7819058275115,51025015982389
7819091568515,51025026243960
7819124853115,51025036048851
7819158143115,51025046981704
7819191467015,51025058033315
7819224748915,51025066358298
7819258010315,51025075223773
7819291305915,51025083786099
7819324589915,51025094607412
7819357879315,51025103418600
7819391174015,51025112947935
7819424457815,51025122875146
7819457748415,51025132482997
7819491035415,51025144312498
7819524326315,51025154299726
7819557614315,51025165366968
7819590904715,51025176591052
7819624193215,51025187355578
7819657483015,51025197022552
7819690773515,51025206723063
7819724063515,51025216820913
7819757351015,51025226593414
7819790641515,51025236856812
7819823934615,51025245337021
7819857218915,51025253294683
7819890509615,51025262009642
7819923833115,51025270686872
7819957087915,51025280392401
7819990377315,51025289555851
7820023671815,51025298303507
7820056956015,51025306836739
7820090245915,51025315354849
7820123540915,51025323993468
7820156824715,51025332313920
7820190113815,51025340531496
7820223402315,51025349201372
7820256692015,51025357553013
7820289981215,51025365701702
7820323271715,51025374059887
7820356561415,51025382714626
7820389849215,51025391612007
7820423140115,51025401081705
7820456427915,51025409381145
7820489717715,51025418512379
7820523008115,51025428407511
7820556336415,51025437678692
7820589585315,51025447686165
7820622875915,51025466540212
7820656200015,51025475403023
7820689454315,51025484699589
7820722744015,51025493075362
7820756038115,51025500948486
7820789323515,51025509285330
7820822611215,51025518487374
7820855909715,51025528049403
7820889190415,51025538588409
7820922481415,51025547272264
7820955768215,51025557016722
7820989059115,51025566840610
7821022349415,51025575530856
7821055638815,51025584114463
7821088926615,51025591918497
7821122215615,51025600187959
7821155506915,51025608075625
7821188794215,51025617107619
7821222083715,51025626890601
7821255374215,51025636183909
7821288665115,51025645245393
7821321952015,51025655677126
7821355242315,51025665408461
7821388538215,51025674095730
7821421823515,51025682302946
7821455110415,51025690258969
7821488404315,51025698233258
7821521689515,51025707124425
7821554977815,51025716232173
7821588273115,51025724209437
7821621557515,51025732876542
7821654846315,51025740914079
7821688134915,51025748780360
7821721425215,51025756988487
7821754715915,51025767215137
7821788003015,51025777567840
7821821293215,51025787658229
7821854581515,51025796351115
7821887913515,51025804418793
7821921160515,51025813199899
7821954450115,51025821402331
7821987740615,51025832385999
7822021032315,51025842500840
7822054318315,51025853686400
7822087608715,51025862524444
7822120905015,51025873228617
7822154186315,51025882229461
7822187477015,51025890492467
7822220771115,51025900810939
7822254055215,51025909160355
7822287344815,51025916429574
7822320639715,51025925142231
7822353923615,51025933017503
7822387230315,51025940388998
7822420501415,51025948655807
7822453791815,51025957799905
7822487082315,51025966113002
7822520369015,51025974228355
7822553659715,51025981990508
7822586948515,51025990443951
7822620238415,51025998514290
7822653528215,51026007582226
7822686816415,51026016243500
7822720106615,51026024648741
7822753411815,51026032986545
7822786684715,51026040768834
7822819975015,51026048672360
7822853270915,51026056612880
7822886552315,51026064410902
7822919843415,51026072377643
7822953139015,51026080845155
7822986421715,51026089993846
7823019711715,51026097996497
7823053005915,51026105962318
7823086290215,51026113804580
7823119578615,51026121803030
7823152868015,51026130012821
7823186158615,51026138463515
7823219471815,51026147167771
7823252735815,51026156226950
7823286026115,51026163987264
7823319315815,51026171837500
7823352605015,51026179225581
7823385895015,51026187519335
7823419182615,51026197826575
7823452474415,51026207699126
7823485762915,51026215945041
7823519050815,51026224580806
7823552341615,51026232856607
7823585635715,51026240747820
7823618919215,51026249238494
7823652209315,51026257678874
7823685505215,51026265784070
7823718789215,51026274514939
7823752077415,51026282577502
7823785372015,51026290900182
7823818657015,51026298703809
7823851945115,51026308007112
7823885234215,51026318381865
7823918524515,51026327341433
7823951813215,51026337065689
7823985102915,51026345706201
7824018392815,51026355279148
7824051682615,51026363414179
7824084996515,51026371946643
7824118260415,51026380350785
7824151548915,51026389011458
7824184843915,51026399474291
7824218128615,51026408167337
7824251417615,51026417136908
7824284711615,51026425242106
7824318003415,51026435507507
7824351285315,51026445946846
7824384576215,51026455863898
7824417872415,51026465182884
7824451153615,51026473977485
7824484444215,51026482214283
7824517738915,51026489889680
7824551074315,51026497838199
7824584311415,51026505478635
7824617600615,51026513743857
7824650891015,51026522215444
7824684181015,51026530427136
7824717468415,51026538642644
7824750759215,51026547097059
7824784048015,51026555341779
7824817337015,51026562921765
7824850627215,51026571174608
7824883916715,51026579866321
7824917205715,51026587897478
7824950495715,51026595923487
7824983783715,51026604544215
7825017074215,51026614261413
7825050369915,51026623998111
7825083651715,51026633495281
7825116942515,51026643047995
7825150238815,51026651290172
7825183519515,51026658515034
7825216810215,51026667361028
7825250137215,51026677421178
7825283388815,51026686232995
7825316679015,51026695141536
7825349967015,51026704197212
7825383257315,51026713458168
7825416571215,51026722805258
7825449834815,51026731725332
7825483125315,51026741517088
7825516427915,51026751497176
7825549702515,51026761536406
7825582993515,51026771185243
7825616283115,51026781085422
7825649572115,51026790802458
7825682862515,51026799436489
7825716150015,51026807595427
7825749440315,51026816810786
7825782735015,51026826159258
7825816018215,51026835937274
7825849308215,51026845111868
7825882634515,51026853839626
7825915885815,51026862857282
7825949176415,51026873068375
7825982472315,51026882788364
7826015756615,51026891152420
7826049045015,51026900238487
7826082333515,51026909848055
7826115624415,51026918107549
7826148911715,51026925920697
7826182204615,51026935557667
7826215491815,51026945063106
7826248781215,51026954777108
7826282069715,51026964558726
7826315360215,51026974191358
7826348649615,51026983269786
7826381939015,51026992669116
7826415229015,51027003059137
7826448516715,51027012835239
7826481807315,51027022942035
7826515100615,51027032159340
7826548384815,51027040474633
7826581674615,51027048545408
7826614971515,51027056188771
7826648252515,51027063675904
7826681542915,51027071803757
7826714839915,51027079609550
7826748143315,51027087662763
7826781411215,51027095470982
7826814699615,51027103956563
7826848017615,51027111355933
7826881278015,51027121082149
7826914567815,51027130706805
7826947858315,51027140674515
7826981147515,51027149290437
7827014435815,51027158217675
7827047726415,51027166327533
7827081016815,51027174644914
7827114303815,51027184319577
7827147595015,51027192889711
7827180882615,51027201298080
7827214173015,51027209969826
7827247466815,51027219287725
7827280750715,51027228523803
7827314041215,51027237621199
7827347338315,51027248231079
7827380619115,51027258726722
7827413909615,51027269017550
7827447206515,51027277932033
7827480486815,51027285963955
7827513777515,51027293707826
7827547065815,51027301009179
7827580356115,51027309529435
7827613646015,51027318573688
7827646934215,51027326929611
7827680224615,51027335488273
7827713513815,51027343469318
7827746802515,51027350403945
7827780092915,51027357171250
7827813382315,51027366095393
7827846670315,51027375576250
7827879961615,51027385243976
7827913249315,51027393481002
7827946539315,51027401388622
7827979834215,51027408890683
7828013117215,51027416470287
7828046407915,51027425166129
7828079726815,51027433934796
7828112985615,51027442770524
7828146274915,51027451544399
7828179598815,51027460390663
7828212853115,51027468544617
7828246144315,51027477278872
7828279437015,51027485190105
7828312722815,51027492525571
7828346012015,51027500497333
7828379300515,51027507549597
7828412592315,51027515216571
7828445879315,51027522644781
7828479168815,51027530275794
7828512458915,51027539193726
7828545749615,51027547172575
7828579036615,51027555945298
7828612327815,51027563866082
7828645617815,51027571462470
7828678906615,51027578912769
7828712201215,51027586531525
7828745484115,51027595421531
7828778775115,51027604997874
7828812068015,51027614218897
7828845351815,51027622590517
7828878641715,51027630580051
7828911937615,51027638546535
7828945220015,51027646527243
7828978510415,51027654843505
7829011803415,51027662912736
7829045093615,51027671089841
7829078378815,51027678782770
7829111667315,51027687178443
7829144956815,51027694848914
7829178245615,51027702826643
7829211535115,51027711083699
7829244825515,51027719505922
7829278114315,51027728177331
7829311403515,51027736050136
7829344693715,51027743748482
7829377983915,51027751291032
7829411271115,51027759158838
7829444567515,51027766843384
7829477850315,51027774430688
7829511178715,51027781953851
7829544434315,51027789316226
7829577718315,51027796946075
7829611022115,51027803813398
7829644305115,51027811203175
7829677586215,51027819075182
7829710876615,51027826714793
7829744173915,51027834518147
7829777454615,51027842304011
7829810745015,51027849851649
7829844033115,51027857138495
7829877323615,51027865078059
7829910613215,51027873491139
7829943901115,51027882571936
7829977191815,51027890798963
7830010481715,51027898517373
7830043769215,51027907098989
7830077060015,51027915266686
7830110350215,51027922586181
7830143637615,51027930945777
7830176933615,51027938554282
7830210216415,51027947072760
7830243506815,51027955291135
7830276801615,51027965534777
7830310084415,51027975104492
7830343374615,51027983444886
7830376679015,51027992708585
7830409952915,51028001940952
7830443242615,51028011070898
7830476539515,51028020373988
7830509822115,51028028450012
7830543111115,51028037088014
7830576401015,51028045057720
7830609690015,51028053398506
7830642979315,51028061621365
7830676267715,51028069874735
7830709558715,51028078076063
7830742850015,51028087596728
7830776135915,51028097016871
7830809426315,51028105077442
7830842748315,51028114737529
7830876003715,51028124246934
7830909299715,51028134265616
7830942584015,51028143777156
7830975873315,51028152891812
7831009168015,51028160954424
7831042450815,51028169197025
7831075742415,51028178420337
7831109035715,51028186617234
7831142319515,51028194460071
7831175608915,51028202710261
7831208902015,51028210374675
7831242187115,51028217405453
7831275477415,51028225291576
7831308767415,51028234464916
7831342056915,51028243059628
7831375345615,51028251643998
7831408634215,51028260427187
7831441925315,51028268740202
7831475213015,51028277531656
7831508503415,51028285811145
7831541792915,51028296150073
7831575081615,51028304489924
7831608370215,51028314399870
7831641666315,51028322753629
7831674950015,51028330986807
7831708255515,51028339145094
7831741534915,51028347446495
7831774817215,51028355791396
7831808111315,51028364205400
7831841402215,51028372611498
7831874685215,51028381099028
7831907976115,51028392191502
7831941272315,51028403319144
7831974553415,51028412302243
7832007843715,51028421628821
7832041134215,51028432869861
7832074421815,51028441524792
7832107712515,51028450188617
7832141000615,51028461748758
7832174341115,51028473225602
7832207579315,51028484571882
7832240868415,51028496251160
7832274158815,51028507662128
7832307449615,51028518654131
7832340736715,51028527821819
7832374032515,51028538891409
7832407316315,51028550671131
7832440605315,51028559579566
7832473901015,51028569475253
7832507185015,51028578788915
7832540474215,51028590566494
7832573769515,51028599840278
7832607052115,51028610413067
7832640346115,51028620140270
7832673638615,51028630010029
7832706919615,51028640656221
7832740210115,51028650250015
7832773500715,51028660314701
7832806787615,51028669669399
7832840079015,51028679297049
7832873368015,51028688363141
7832906657315,51028697343899
7832939946415,51028710150450
7832973235015,51028719954478
7833006525415,51028731867386
7833039836315,51028741877549
7833073103215,51028751250585
7833106398715,51028760625822
7833139698815,51028768847478
7833172971315,51028777958758
7833206267115,51028788968769
7833239550615,51028797954849
7833272841015,51028806636714
7833306136515,51028816354059
7833339418815,51028826127546
7833372708815,51028836249293
7833406000815,51028846770715
7833439286515,51028857378644
7833472576515,51028865765057
7833505905715,51028873621944
7833539154215,51028881682283
7833572444615,51028889086993
7833605734415,51028896406463
7833639023615,51028904541029
7833672312715,51028912961027
7833705601215,51028921051604
7833738893015,51028928931185
7833772180015,51028936346017
7833805469515,51028944005034
7833838765015,51028951778076
7833872049215,51028960282934
7833905337315,51028969032921
7833938633515,51028977390219
7833971917515,51028986226821
7834005207215,51028994591176
7834038502315,51029004152347
7834071786515,51029012399434
7834105075815,51029021699142
7834138366715,51029031243452
7834171653115,51029039448035
7834204943015,51029048504784
7834238233715,51029059109077
7834271521215,51029067891916
7834304811015,51029077687248
7834338101615,51029086720779
7834371411115,51029095471101
7834404679315,51029103457016
7834437967815,51029113460733
7834471274715,51029121973589
7834504546215,51029129967221
7834537839215,51029140145598
7834571130915,51029151139646
7834604415115,51029159823420
7834637703915,51029168465479
7834671000115,51029176547596
7834704284815,51029183865667
7834737571515,51029191356699
7834770868815,51029198705672
7834804150515,51029206713529
7834837474615,51029214321945
7834870732915,51029222288556
7834904019015,51029229485603
7834937309715,51029237522771
7834970598915,51029245151291
7835003887115,51029252863495
7835037177415,51029260835926
7835070467915,51029268629917
7835103755815,51029276417961
7835137045915,51029284381009
7835170334215,51029293394111
7835203624315,51029301386207
7835236913915,51029309108627
7835270202015,51029318995901
7835303497515,51029327607388
7835336782515,51029336228276
7835370070415,51029344652596
7835403367115,51029353112726
7835436650415,51029361336251
7835469938815,51029369387558
7835503235015,51029378344631
7835536523615,51029387054411
7835569807915,51029395717219
7835603103415,51029404368833
7835636385215,51029413934747
7835669676015,51029422461136
7835702992915,51029430658377
7835736253415,51029439867485
7835769544315,51029448304816
7835802870515,51029456607511
7835836121415,51029464780952
7835869411415,51029475280658
7835902701515,51029483371263
7835935990115,51029493952372
7835969280415,51029504583188
7836002569015,51029512712684
7836035864115,51029521086074
7836069147715,51029531254130
7836102437015,51029541932006
7836135732915,51029552057979
7836169017615,51029562186745
7836202304615,51029573365418
7836235601615,51029584513590
7836268887315,51029595559604
7836302174615,51029606892823
7836335469515,51029616650345
7836368751915,51029626403189
7836402043215,51029636191792
7836435330515,51029645552314
7836468620215,51029654439661
7836501910115,51029664308856
7836535199515,51029674497609
7836568488015,51029683605686
7836601778215,51029693021836
7836635068215,51029702513468
7836668357515,51029712150072
7836701646715,51029724932144
7836734934615,51029735053736
7836768230515,51029746722922
7836801513515,51029757204499
7836834803215,51029766363576
7836868099315,51029774804235
7836901383015,51029787277614
7836934671215,51029797947413
7836967967315,51029807842066
7837001251715,51029820710366
7837034539015,51029833322831
7837067836115,51029844239711
7837101118115,51029853068749
7837134438215,51029864867948
7837167696915,51029874884197
7837200985615,51029885772284
7837234276815,51029897513921
7837267566015,51029906881532
7837300854415,51029916600178
7837334144715,51029927463843
7837367435315,51029939025027
7837400722715,51029947661676
7837434013015,51029956818223
7837467301415,51029967903247
7837500595115,51029978102200
7837533881215,51029986934764
7837567169515,51029995331052
7837600466015,51030003350452
7837633750515,51030011241178
7837667037315,51030019773631
7837700334115,51030028458551
7837733618615,51030037595348
7837766905615,51030045932953
7837800202415,51030054334840
7837833496015,51030062780781
7837866774715,51030071149209
7837900064515,51030080784753
7837933352615,51030089439226
7837966646015,51030097576793
7837999932015,51030105998853
7838033220215,51030114487669
7838066511215,51030122970611
7838099800415,51030131622134
7838133088715,51030140217374
7838166378815,51030148726978
7838199669015,51030157421941
7838232962815,51030165762748
7838266247415,51030176147897
7838299535815,51030185728370
7838332832415,51030195987695
7838366114315,51030206500344
7838399404115,51030216459566
7838432700515,51030225757393
7838466003715,51030234537575
7838499271915,51030243569409
7838532568615,51030252082918
7838565852015,51030260380481
7838599141115,51030267883064
7838632431415,51030274527468
7838665719215,51030281671559
7838699010015,51030288232360
7838732297615,51030295432755
7838765587515,51030304461818
7838798877415,51030312403053
7838832166415,51030320421879
7838865455115,51030327673721
7838898745515,51030335179588
7838932035415,51030342530136
7838965329915,51030350701732
7838998613415,51030358926438
7839031901715,51030366642426
7839065199315,51030374551521
7839098481115,51030383333832
7839131769915,51030391966335
7839165066615,51030400286575
7839198350315,51030409630551
7839231638415,51030419858712
7839264934615,51030429355112
7839298218615,51030438906275
7839331511515,51030448321921
7839364797215,51030457949245
7839398085315,51030472081768
7839431375815,51030480387960
7839464664415,51030491608836
7839497955515,51030500117060
7839531244115,51030507958610
7839564533515,51030517419709
7839597821815,51030527655624
7839631112015,51030536171969
7839664402215,51030544172126
7839697694915,51030552254741
7839730979815,51030562072960
7839764268515,51030571089359
7839797588115,51030581004511
7839830847215,51030590442815
7839864151715,51030599563579
7839897432815,51030608609862
7839930717415,51030618390540
7839964004815,51030628068594
7839997301215,51030637422250
7840030584915,51030648255731
7840063873015,51030657195879
7840097163415,51030666745341
7840130467515,51030676242786
7840163741715,51030685771508
7840197031615,51030695284328
7840230319615,51030703937802
7840263612015,51030714080360
7840296900915,51030723337599
7840330188015,51030731888238
7840363478615,51030741562340
7840396768515,51030751192108
7840430059415,51030761688586
7840463345915,51030771188238
7840496635015,51030782041368
7840529930615,51030792832718
7840563214715,51030802161223
7840596502815,51030811652153
7840629799815,51030821623785
7840663094515,51030831022428
7840696371115,51030840820590
7840729667915,51030850134340
7840762951915,51030860955785
7840796239215,51030870110169
7840829529715,51030879620724
7840862834715,51030888641318
7840896108315,51030897383707
7840929398215,51030906421874
7840962686315,51030915244671
7840995976715,51030924119001
7841029265215,51030932315222
7841062554515,51030940411976
7841095844615,51030949479255
7841129164615,51030957415880
7841162425315,51030965752752
7841195713215,51030973937904
7841229002315,51030982617330
7841262297715,51030992075206
7841295580615,51031000968160
7841328869415,51031009356188
7841362166915,51031017696048
7841395449615,51031026321429
7841428737515,51031034979014
7841462034315,51031043460921
7841495317215,51031052282297
7841528605215,51031060754540
7841561895915,51031071220905
7841595185815,51031079572488
7841628475815,51031089468802
7841661764115,51031098939589
7841695052415,51031109415152
7841728343815,51031118008946
7841761646215,51031126139873
7841794921015,51031134325213
7841828211215,51031143050364
7841861501815,51031151926781
7841894792115,51031160227914
7841928078715,51031169084051
7841961369815,51031177500092
7841994683315,51031185860168
7842027947315,51031194856355
7842061235615,51031203560267
7842094532715,51031212564539
7842127814115,51031221500822
7842161103815,51031231458872
7842194400815,51031241595308
7842227683715,51031252701531
7842260972015,51031264485721
7842294262215,51031273573577
7842327552715,51031282818048
7842360839715,51031292422067
7842394130715,51031301416421
7842427419115,51031310300609
7842460758715,51031319176860
7842493997615,51031328740215
7842527286815,51031337781578
7842560577015,51031346828580
7842593867415,51031356079468
7842627158415,51031364453126
7842660445015,51031373360560
7842693736015,51031382062176
7842727029615,51031390892422
7842760313615,51031399511838
7842793602015,51031410711313
7842826898015,51031420587014
7842860181815,51031429250444
7842893470315,51031437777838
7842926767015,51031446163969
7842960050615,51031455358367
7842993338415,51031464515966
7843026628715,51031472944181
7843059918915,51031481986626
7843093206215,51031492076624
7843126497015,51031501083905
7843159806215,51031509765845
7843193075415,51031519112327
7843226364715,51031528232321
7843259653415,51031539165172
7843292944015,51031548627719
7843326261015,51031557404499
7843359524315,51031565720761
7843392811515,51031574374990
7843426114315,51031585066581
7843459395215,51031593974633
7843492680315,51031602678606
7843525969515,51031612742285
7843559265715,51031621294519
7843592548615,51031629210154
7843625836415,51031637239230
7843659133815,51031648121207
7843692415215,51031656762401
7843725704715,51031667563204
7843758995115,51031676035257
7843792286015,51031684047684
7843825573215,51031694815862
7843858863515,51031703530988
7843892153315,51031711988390
7843925441815,51031720042436
7843958731115,51031728433535
7843992019915,51031737099628
7844025311515,51031745687658
7844058598615,51031754178005
7844091890915,51031762518272
7844125177715,51031771081252
7844158467415,51031779436865
7844191761515,51031788395872
7844225046315,51031797913507
7844258336115,51031806138703
7844291632615,51031814178747
7844324914315,51031822832853
7844358202915,51031831817849
7844391500915,51031840380331
7844424785315,51031849166279
7844458071515,51031857606305
7844491361515,51031865827275
7844524651015,51031874212028
7844557939015,51031882721459
7844591229615,51031891318987
7844624520115,51031900509131
7844657829915,51031909625255
7844691097515,51031918850797
7844724386415,51031929643200
7844757694315,51031939204938
7844790964715,51031949382000
7844824257315,51031958139719
7844857544215,51031966825412
7844890833815,51031975420423
7844924127815,51031983714351
7844957412715,51031992018554
7844990702815,51032000219009
7845023996215,51032008166110
7845057280715,51032016486037
7845090569415,51032024906263
7845123899615,51032033503116
7845157147815,51032041822388
7845190437615,51032050206656
7845223727615,51032058200605
7845257018215,51032066143033
7845290305515,51032074308629
7845323596115,51032084701649
7845356886315,51032095704895
7845390173415,51032106092736
7845423464215,51032114668290
7845456778815,51032123435876
7845490042815,51032131754724
7845523332315,51032140423867
7845556622915,51032148708638
7845589910715,51032157476299
7845623200615,51032166523246
7845656494515,51032174926394
7845689779015,51032182850286
7845723068615,51032191213046
7845756362215,51032200235878
7845789647715,51032208390550
7845822937315,51032216459442
7845856232915,51032224611257
7845889515815,51032232621761
7845922803815,51032241272956
7845956094315,51032249722398
7845989404615,51032258667508
7846022671915,51032267173585
7846055962515,51032275310748
7846089281715,51032283517397
7846122540215,51032291539195
7846155830515,51032300022356
7846189146215,51032308455477
7846222408615,51032316971747
7846255699215,51032325273633
7846288989515,51032333776889
7846322296115,51032342173693
7846355565715,51032350375109
7846388861015,51032359674887
7846422145815,51032367947740
7846455474315,51032376689694
7846488729015,51032385323060
7846522013715,51032393572414
7846555303515,51032401432521
7846588603415,51032409406088
7846621881715,51032417118343
7846655170115,51032426674803
7846688461415,51032435578377
7846721748915,51032443806204
7846755039115,51032452231055
7846788328815,51032461780968
7846821617815,51032471563724
7846854906715,51032479743852
7846888196715,51032489179190
7846921486615,51032499257449
7846954775815,51032509072530
7846988065115,51032519098805
7847021355415,51032527480132
7847054644715,51032535392223
7847087932215,51032543028668
7847121227215,51032551591104
7847154511815,51032559954333
7847187801515,51032567911863
7847221095615,51032577815371
7847254380215,51032586117669
7847287670715,51032593944763
7847320987015,51032602086252
7847354248915,51032610109342
7847387536615,51032618581933
7847420856215,51032627066276
7847454115615,51032635806026
7847487405015,51032644770606
7847520695115,51032653500998
7847553985815,51032661710009
7847587272715,51032671545601
7847620565315,51032680501413
7847653852515,51032690981853
7847687141615,51032701819366
7847720431015,51032712188284
7847753751815,51032720511221
7847787010215,51032728543163
7847820298615,51032736616398
7847853594615,51032745131996
7847886878715,51032754951594
7847920168315,51032765574821
7847953463615,51032773920910
7847986746815,51032781637629
7848020037015,51032790057109
7848053329815,51032799046597
7848086614615,51032809194729
7848119903215,51032819158056
7848153192915,51032828933026
7848186483115,51032839576068
7848219786815,51032849862401
7848253061115,51032858213984
7848286352515,51032866047004
7848319639415,51032874372975
7848352929715,51032882504978
7848386219215,51032890714246
7848419507515,51032898755131
7848452797315,51032906786538
7848486117315,51032915070348
7848519376315,51032923206470
7848552665815,51032931790344
7848585960215,51032940078413
7848619245015,51032949262251
7848652533215,51032958071516
7848685828315,51032966186477
7848719112815,51032974228236
7848752434815,51032982571739
7848785696315,51032991171856
7848818981115,51032999543072
7848852270415,51033007955774
7848885559515,51033015534237
7848918849115,51033023556641
7848952137315,51033031631149
7848985429115,51033039560518
7849018715915,51033048598330
7849052005915,51033057128020
7849085296415,51033065591932
7849118585515,51033074125576
7849151873515,51033081768239
7849185163615,51033090284028
7849218455415,51033098034759
7849251744015,51033106591950
7849285032515,51033115019058
7849318326315,51033124557203
7849351611815,51033133071691
7849384899215,51033141177847
7849418194415,51033149106601
7849451479215,51033157205642
7849484769815,51033165461147
7849518063315,51033174907074
7849551347515,51033185331331
7849584638115,51033195638578
7849617931215,51033206143356
7849651215715,51033216375643
7849684503415,51033224535387
