#t_ns,out_ts
7465093169994,31270412285518
7465126453394,31270447574962
7465159742594,31270489700499
7465193037794,31270532441870
7465226321594,31270575313310
7465259611794,31270617866753
7465292898794,31270659557645
7465326188294,31270701460705
7465359478694,31270745831397
7465392767994,31270787626751
7465426056294,31270831049811
7465459346694,31270873256642
7465492636594,31270915190957
7465525926094,31270957854196
7465559214494,31271001822521
7465592503494,31271044087711
7465625799994,31271086475740
7465659082094,31271129874922
7465692371694,31271172335674
7465725667494,31271214821271
7465758950894,31271256791184
7465792239894,31271298917848
7465825536094,31271341874547
7465858822394,31271386030590
7465892129894,31271428454039
7465925404594,31271469471238
7465958686294,31271514460032
7465991989594,31271556188275
7466025264894,31271598997473
7466058554294,31271641393267
7466091845194,31271683710952
7466125134394,31271726457673
7466158422994,31271769296303
7466191713994,31271812975311
7466225003394,31271871323162
7466258291294,31271899031512
7466291581494,31271941079717
7466324869494,31271983824995
7466358195394,31272026810999
7466391448094,31272071283742
7466424737994,31272114101957
7466458034094,31272156979675
7466491318694,31272201251221
7466524605794,31272240627656
7466557902394,31272281421100
7466591185594,31272324166400
7466624474194,31272363495861
7466657770694,31272405828230
7466691054094,31272448798830
7466724343894,31272490447002
7466757633294,31272538287316
7466790921094,31272579309130
7466824211194,31272622002606
7466857501194,31272663053207
7466890789594,31272704568925
7466924079694,31272744688280
7466957369294,31272786889692
7466990657294,31272828005949
7467023947494,31272872757615
7467057237294,31272913924482
7467090530894,31272953586095
7467123815894,31273000545467
7467157104094,31273038679975
7467190400694,31273079469153
7467223705794,31273116545874
7467256971994,31273157388666
7467290268294,31273197718412
7467323577194,31273236637795
7467356840694,31273270620429
7467390137194,31273309568929
7467423431594,31273346823668
7467456709994,31273382914335
7467489999494,31273425999834
7467523287594,31273464162418
7467556578294,31273506899721
7467589866294,31273542807967
7467623155794,31273583721467
7467656445894,31273619132593
7467689735094,31273661749082
7467723023194,31273702664484
7467756314194,31273741549605
7467789603994,31273785594411
7467822899794,31273829976262
7467856199994,31273868873707
7467889470894,31273903251368
7467922768194,31273943437276
7467956049894,31273985157320
7467989338794,31274019096165
7468022634994,31274059894764
7468055918494,31274102016107
7468089206994,31274144228215
7468122503794,31274183361308
7468155786794,31274213805135
7468189076194,31274256774626
7468222365494,31274292197023
7468255653694,31274330534673
7468288944194,31274368651678
7468322232594,31274401774107
7468355521594,31274448945921
7468388812394,31274480963264
7468422102794,31274519644996
7468455390194,31274565365946
7468488680894,31274605092431
7468521971194,31274639241612
7468555287194,31274673721433
7468588548294,31274712360610
7468621836894,31274749940991
7468655154194,31274785880283
7468688416094,31274825030471
7468721705794,31274864346864
7468755001294,31274899487518
7468788284494,31274939650317
7468821573094,31274977632464
7468854871494,31275014619812
7468888154394,31275055560532
7468921441294,31275091042077
7468954732294,31275130155072
7468988020194,31275171251194
7469021310294,31275207058552
7469054599194,31275249632709
7469087888494,31275280646675
7469121178694,31275321385712
7469154469294,31275361864345
7469187756594,31275399826119
7469221046894,31275436490512
7469254337494,31275475923101
7469287628494,31275513864175
7469320915094,31275552279671
7469354203194,31275590634911
7469387502394,31275625746183
7469420783694,31275664744061
7469454071994,31275702539050
7469487367794,31275742692749
7469520653194,31275780213537
7469553939694,31275815014499
7469587236294,31275858956084
7469620519794,31275894214743
7469653807894,31275929900088
7469687098394,31275970476516
7469720403594,31276005898259
7469753676794,31276042115939
7469786966494,31276083373085
7469820255194,31276120183450
7469853545394,31276152466410
7469886833494,31276195861742
7469920122994,31276228453137
7469953413294,31276269444310
7469986737294,31276307550077
7470019993894,31276343722170
7470053281394,31276382121076
7470086571094,31276418697260
7470119866994,31276459407791
7470153150094,31276497519074
7470186438294,31276530283562
7470219735494,31276570607354
7470253016694,31276607642819
7470286306294,31276647485303
7470319602794,31276679074758
7470352887394,31276718896017
7470386174294,31276756390530
7470419464394,31276795969712
7470452755094,31276829950053
7470486044294,31276869296212
7470519333094,31276906299534
7470552621094,31276946349230
7470585912794,31276982944413
7470619200394,31277019665971
7470652489394,31277059227708
7470685780094,31277089630273
7470719068994,31277132836091
7470752361194,31277171444552
7470785648094,31277206776050
7470818937594,31277245054254
7470852237994,31277283605405
7470885515594,31277319914804
7470918804594,31277358774511
7470952101294,31277398202852
7470985383294,31277433284335
7471018672494,31277480286280
7471051969194,31277519171736
7471085252094,31277546640745
7471118540694,31277587625957
7471151831394,31277626067774
7471185121394,31277663910325
7471218408894,31277700748230
7471251699594,31277740671697
7471284987594,31277776126004
7471318301294,31277814854937
7471351566294,31277849634438
7471384855594,31277887349323
7471418146594,31277924830718
7471451435394,31277961759459
7471484726894,31278000472027
7471518014394,31278039136079
7471551305294,31278074493836
7471584597694,31278115422219
7471617882694,31278159436135
7471651170894,31278195700700
7471684466794,31278229787489
7471717750494,31278266372683
7471751038594,31278302641028
7471784335794,31278344004969
7471817619394,31278380766616
7471850906994,31278417515543
7471884197694,31278457630144
7471917487594,31278494123830
7471950775094,31278532246612
7471984065694,31278571547375
7472017376094,31278609678052
7472050644294,31278649796965
7472083934294,31278687511863
7472117222094,31278724943141
7472150512194,31278765921618
7472183814994,31278803496944
7472217093394,31278841991664
7472250380794,31278882532034
7472283669794,31278918373460
7472316964994,31278956934916
7472350248994,31278993776513
7472383538494,31279033191758
7472416833794,31279068715346
7472450116794,31279108641165
7472483405694,31279144030980
7472516702294,31279182710843
7472549983894,31279221277970
7472583273594,31279260176540
7472616564094,31279325216663
7472649903394,31279360165413
7472683141694,31279395227426
7472716431894,31279446368887
7472749721594,31279486122403
7472783010494,31279525885343
7472816303294,31279563126952
7472849588394,31279602167572
7472882879694,31279639299016
7472916167694,31279676991944
7472949459594,31279715902852
7472982747694,31279759388207
7473016036994,31279798017479
7473049330394,31279838075990
7473082615294,31279881363171
7473115904994,31279919058466
7473149200694,31279960100203
7473182483094,31280000004532
7473215771994,31280043177420
7473249069694,31280087143711
7473282350094,31280128084828
7473315639694,31280166393203
7473348930194,31280209382255
7473382219494,31280248333050
7473415507894,31280292867137
7473448798194,31280334395359
7473482092894,31280375701465
7473515398494,31280412576412
7473548666894,31280453697627
7473581962994,31280494200774
7473615255094,31280532921416
7473648533494,31280573071008
7473681825894,31280614805038
7473715113794,31280652489183
7473748403094,31280687914148
7473781696794,31280729304128
7473814981694,31280766109248
7473848271794,31280805789261
7473881564894,31280844433461
7473914849294,31280883275719
7473948138094,31280922899719
7473981468294,31280965245345
7474014716994,31280995659026
7474048006394,31281038610891
7474081296694,31281079897926
7474114587194,31281116111818
7474147874594,31281155656825
7474181164794,31281192029071
7474214453994,31281232986221
7474247742394,31281271358328
7474281032794,31281312621393
7474314348494,31281348714942
7474347612394,31281388478807
7474380901094,31281429422227
7474414192394,31281468917477
7474447480294,31281509418289
7474480769294,31281554910548
7474514063394,31281585045981
7474547348294,31281624890828
7474580637594,31281666217666
7474613931494,31281703028851
7474647217594,31281745031123
7474680504494,31281781476457
7474713801094,31281824536043
7474747084494,31281862340084
7474780373194,31281901570113
7474813663494,31281944070400
7474846973694,31281982969460
7474880241194,31282016004848
7474913531494,31282058743067
7474946843694,31282095433908
7474980108894,31282133691359
7475013399394,31282169066733
7475046714594,31282209183145
7475079978194,31282247619033
7475113267794,31282286506483
7475146558894,31282320896614
7475179846694,31282374473981
7475213134294,31282416573259
7475246429794,31282445270494
7475279714094,31282485551292
7475313043694,31282532040375
7475346297794,31282564384735
7475379582194,31282602580115
7475412872094,31282637158200
7475446167894,31282673296002
7475479466794,31282713367294
7475512739094,31282747780290
7475546030594,31282785859432
7475579317794,31282822509349
7475612607394,31282859855605
7475645897594,31282904581437
7475679186794,31282937841422
7475712475594,31282973488990
7475745765894,31283015132568
7475779055494,31283047576517
7475812344794,31283084937234
7475845634094,31283120840604
7475878924794,31283157188256
7475912212894,31283197266714
7475945500694,31283231418122
7475978796094,31283268227368
7476012080794,31283303846626
7476045371494,31283340527883
7476078664394,31283376067595
7476111948894,31283414567767
7476145239794,31283452518207
7476178555694,31283492716681
7476211816994,31283528563371
7476245105594,31283572513128
7476278419594,31283616226056
7476311684594,31283650753770
7476344973794,31283696124901
7476378264194,31283735908087
7476411553194,31283769901024
7476444841794,31283803960234
7476478132294,31283844214580
7476511422694,31283882914238
7476544709594,31283919428799
7476578000194,31283959448278
7476611291094,31283996603509
7476644579194,31284034607881
7476677867294,31284074077795
7476711162394,31284108037729
7476744447594,31284149808799
7476777737294,31284189268522
7476811030594,31284224205324
7476844314994,31284264512132
7476877605894,31284300179407
7476910899894,31284340530541
7476944183594,31284378407636
7476977471894,31284417107433
7477010762494,31284450555345
7477044051994,31284488055705
7477077340094,31284526681206
7477110630294,31284571526744
7477143918994,31284601696417
7477177208194,31284641459987
7477210498494,31284676343176
7477243788594,31284713233746
7477277076294,31284752480036
7477310366894,31284797549453
7477343686894,31284828971655
7477376948794,31284866651354
7477410234694,31284906035822
7477443528994,31284944855928
7477476813894,31284983443186
7477510101894,31285016309406
7477543397994,31285057745368
7477576681894,31285100255586
7477610001994,31285140328778
7477643265394,31285177966832
7477676550094,31285216493196
7477709839594,31285254972534
7477743128994,31285292157265
7477776418094,31285329532750
7477809708194,31285365610132
7477842997394,31285407198224
7477876285394,31285458967900
7477909574794,31285501206110
7477942864994,31285532929659
7477976155094,31285568284039
7478009442394,31285605092209
7478042733194,31285641664684
7478076026794,31285677849606
7478109312594,31285714909256
7478142601294,31285750922559
7478175896094,31285788981836
7478209180494,31285842820934
7478242468694,31285890207350
7478275763694,31285925733278
7478309047894,31285959408121
7478342337394,31286003720153
7478375632594,31286035816785
7478408916494,31286073530385
7478442206194,31286108948108
7478475495494,31286144297416
7478508784594,31286183484929
7478542072994,31286219437178
7478575363794,31286258011114
7478608651794,31286294241098
7478641940994,31286331731981
7478675231094,31286366961119
7478708520494,31286405213418
7478741809194,31286443884364
7478775099494,31286489138427
7478808392494,31286521464919
7478841677494,31286569296209
7478874968094,31286603698467
7478908262594,31286651701191
7478941566694,31286694815708
7478974834394,31286726187741
7479008129894,31286761515437
7479041414694,31286799837494
7479074703894,31286834704507
7479107998594,31286870612547
7479141318594,31286906843237
7479174573094,31286946154107
7479207860394,31286980850857
7479241150694,31287019837287
7479274443094,31287055883381
7479307728994,31287103716629
7479341018994,31287135261290
7479374307594,31287173995040
7479407597894,31287210314395
7479440887794,31287244623021
7479474175494,31287280190684
7479507466294,31287317803176
7479540758894,31287356388518
7479574043694,31287389109563
7479607333994,31287426365583
7479640660994,31287461741266
7479673912694,31287498917261
7479707201894,31287551646050
7479740496394,31287584100216
7479773780994,31287619526203
7479807079194,31287657558760
7479840364794,31287693025501
7479873649094,31287728165374
7479906938794,31287776410418
7479940226994,31287808828003
7479973517794,31287844011606
7480006806994,31287879742035
7480040111994,31287915992263
7480073385794,31287954150525
7480106673494,31287989073350
7480139963894,31288025176642
7480173252694,31288062009100
7480206541794,31288098884713
7480239832394,31288163973240
7480273172794,31288195419838
7480306410094,31288246950755
7480339700194,31288281373360
7480373023894,31288314818753
7480406278994,31288351039257
7480439568594,31288385594059
7480472862794,31288428910014
7480506148294,31288469802763
7480539435894,31288495349995
7480572730794,31288552580084
7480606015494,31288579822035
7480639304594,31288622776817
7480672593094,31288667498492
7480705883794,31288698699347
7480739173194,31288736992403
7480772462894,31288774463844
7480805751794,31288812978221
7480839039994,31288850197960
7480872331494,31288888411200
7480905619194,31288925510775
7480938908194,31288962065258
7480972198394,31289002352931
7481005489794,31289039661316
7481038776094,31289077644748
7481072066694,31289115141249
7481105362594,31289150273761
7481138661894,31289190587381
7481171937794,31289225964445
7481205229694,31289269766951
7481238522794,31289308508376
7481271802394,31289340862097
7481305097894,31289386904171
7481338381894,31289418276129
7481371671294,31289465335134
7481404959494,31289496954472
7481438250294,31289534646729
7481471540594,31289569934472
7481504827494,31289607701335
7481538118194,31289645989131
7481571407194,31289681666200
7481604730794,31289721192144
7481637985294,31289756387319
7481671274794,31289793157883
7481704565394,31289830349256
7481737857994,31289867641814
7481771142994,31289903923855
7481804433794,31289939033309
7481837728494,31289976749531
7481871011194,31290016090136
7481904301594,31290054062608
7481937636894,31290086626900
7481970882094,31290129294648
7482004170094,31290164013675
7482037463894,31290204790929
7482070748194,31290239024287
7482104037994,31290289122887
7482137325894,31290321071682
7482170616394,31290370763039
7482203906994,31290403965334
7482237193894,31290440173103
7482270484594,31290476628406
7482303772894,31290513168546
7482337063194,31290550792222
7482370353194,31290588154207
7482403641394,31290625980918
7482436931294,31290663200656
7482470243894,31290701235935
7482503508994,31290738625171
7482536799994,31290774509837
7482570099394,31290814748127
7482603377394,31290851598652
7482636667694,31290891681200
7482669991894,31290924515492
7482703249894,31290967031060
7482736536594,31291004090470
7482769830494,31291041926984
7482803114894,31291077529919
7482836403294,31291117454070
7482869692694,31291155937807
7482902982794,31291195161860
7482936328894,31291234918539
7482969560394,31291270149627
7483002850994,31291311444489
7483036140694,31291351866735
7483069429894,31291390542599
7483102719094,31291431633102
7483136007694,31291474350719
7483169298894,31291516782247
7483202587194,31291562610665
7483235875894,31291603609622
7483269166294,31291644495802
7483302460994,31291685605204
7483335744294,31291728978604
7483369034394,31291769595597
7483402329894,31291813524595
7483435613894,31291855811663
7483468902694,31291898038158
7483502197494,31291939665401
7483535481994,31291982690107
7483568769794,31292024772750
7483602058894,31292068328130
7483635349594,31292107779518
7483668639694,31292148611064
7483701926994,31292190983828
7483735217494,31292248321675
7483768508194,31292282821709
7483801824194,31292319868628
7483835085494,31292364359261
7483868374094,31292401653115
7483901678394,31292439730594
7483934953894,31292478723917
7483968242194,31292523353889
7484001532494,31292561883588
7484034828094,31292599558875
7484068110194,31292640493647
7484101400594,31292683743043
7484134697294,31292722229447
7484167978194,31292761981110
7484201269094,31292803785059
7484234563594,31292842969568
7484267847594,31292880904169
7484301135794,31292923449973
7484334425394,31292963056080
7484367715594,31293007162699
7484401006194,31293047737634
7484434293394,31293088850401
7484467584494,31293125326785
7484500874294,31293161125296
7484534162094,31293205535383
7484567451994,31293243652309
7484600743794,31293284118232
7484634030294,31293321470025
7484667320894,31293362126762
7484700608794,31293402943493
7484733899094,31293439745637
7484767194994,31293478798334
7484800476194,31293517925694
7484833767294,31293552954594
7484867063594,31293595708433
7484900345794,31293632983688
7484933635194,31293671432193
7484966981694,31293711441496
7485000213394,31293751570061
7485033503594,31293793674080
7485066792094,31293836461724
7485100082294,31293878444769
7485133370694,31293920711558
7485166659694,31293964234901
7485199950294,31294006684053
7485233265894,31294046993817
7485266527594,31294086225732
7485299818594,31294126777407
7485333107894,31294167346599
7485366396794,31294209661772
7485399687394,31294251040313
7485432975294,31294290745559
7485466265594,31294333180714
7485499559594,31294377978175
7485532843094,31294417026242
7485566133794,31294461265593
7485599429394,31294500743597
7485632710994,31294541913338
7485666001594,31294584094699
7485699298994,31294624219376
7485732581094,31294665589747
7485765869794,31294704656255
7485799158194,31294745933947
7485832449294,31294788760327
7485865736994,31294834231611
7485899026394,31294873992229
7485932316594,31294916217817
7485965605794,31294955949941
7485998894094,31294998267399
7486032184894,31295041875125
7486065474594,31295083087115
7486098763694,31295122509656
7486132053194,31295166425306
7486165341394,31295222939847
7486198631694,31295258471114
7486231925794,31295296099442
7486265209294,31295337480931
7486298499994,31295378748495
7486331795094,31295418483988
7486365077694,31295460500959
7486398368094,31295505662967
7486431664994,31295543884167
7486464945094,31295584463915
7486498248994,31295625573174
7486531524694,31295666102037
7486564848394,31295705856294
7486598103394,31295748570997
7486631393194,31295789583825
7486664683094,31295834217359
7486697972194,31295872216389
7486731260794,31295911541728
7486764551394,31295944814294
7486797841694,31295984823520
7486831128894,31296021982840
7486864419194,31296056994122
7486897708094,31296098760509
7486930997994,31296131570877
7486964291694,31296176494771
7486997575294,31296209086806
7487030866294,31296245903422
7487064162794,31296284307144
7487097443494,31296324418335
7487130733994,31296364485999
7487164031294,31296401388334
7487197311994,31296437909132
7487230602694,31296477628389
7487263891194,31296519681792
7487297180694,31296562456241
7487330471294,31296603850155
7487363759194,31296644857838
7487397049494,31296686228764
7487430340294,31296738944455
7487463627294,31296777693815
7487496917094,31296819294429
7487530206494,31296859986926
7487563495394,31296904663368
7487596786094,31296941062569
7487630075594,31296977091451
7487663363994,31297016870095
7487696660094,31297053857932
7487729942394,31297089693664
7487763232794,31297126862053
7487796527194,31297162163147
7487829811094,31297217924348
7487863100694,31297252890564
7487896429394,31297299153268
7487929678494,31297337870906
7487962968894,31297371845632
7487996296294,31297406714747
7488029559094,31297453031970
7488062837094,31297489866807
7488096125294,31297526309130
7488129416294,31297561880162
7488162704494,31297597293896
7488195993894,31297633784062
7488229283894,31297670901600
7488262573094,31297715395714
7488295861894,31297751529812
7488329152194,31297784193236
7488362441694,31297822500417
7488395731994,31297857280430
7488429025994,31297895480448
7488462308494,31297930740218
7488495599894,31297968496057
7488528893194,31298010658248
7488562176194,31298044611238
7488595466894,31298079841946
7488628762894,31298122315375
7488662044494,31298153400202
7488695335294,31298190556988
7488728631594,31298233191734
7488761922594,31298268424064
7488795202994,31298303754970
7488828491994,31298338219140
7488861781994,31298375467989
7488895070394,31298411891798
7488928360194,31298446603548
7488961650294,31298485061006
7488994939594,31298520588440
7489028228194,31298555668206
7489061518694,31298593097370
7489094808794,31298628814663
7489128095894,31298664586230
7489161395194,31298703318623
7489194675094,31298737220788
7489227985394,31298778189548
7489261259194,31298811437805
7489294543494,31298847295240
7489327833194,31298885557493
7489361130894,31298920476441
7489394410894,31298957853839
7489427701394,31298994597830
7489460994194,31299028604825
7489494279894,31299064686770
7489527570094,31299101165414
7489560859494,31299137190794
7489594147694,31299174319644
7489627437994,31299209540844
7489660726294,31299246651676
7489694016694,31299284135752
7489727306594,31299318036199
7489760594194,31299358851634
7489793885094,31299396315644
7489827175194,31299432327572
7489860462494,31299466268321
7489893758494,31299503470272
7489927053194,31299538562246
7489960331794,31299574108119
7489993626594,31299608995378
7490026909594,31299646742949
7490060200194,31299684265478
7490093510394,31299720848338
7490126777394,31299758108892
7490160068094,31299794835378
7490193363994,31299830621443
7490226644994,31299865547355
7490259935894,31299902024544
7490293225794,31299938142647
7490326514794,31299980875675
7490359804694,31300014208410
7490393092894,31300052179138
7490426383194,31300087145891
7490459671494,31300127486685
7490492960894,31300171108775
7490526251194,31300205781724
7490559591494,31300241836804
7490592828294,31300278152989
7490626124594,31300314308926
7490659408794,31300362080969
7490692698494,31300405038022
7490725993194,31300437667476
7490759275694,31300473588349
7490792567594,31300511360266
7490825860694,31300548307854
7490859144394,31300587084766
7490892434294,31300625060097
7490925729794,31300671047866
7490959011994,31300705768325
7490992302694,31300742313548
7491025592294,31300779323065
7491058885094,31300815546104
7491092170594,31300850446421
7491125459194,31300886911019
7491158749994,31300924199258
7491192037894,31300960734524
7491225327394,31301005156708
7491258617694,31301037979887
7491291907994,31301072841212
7491325195394,31301114040423
7491358490794,31301167477661
7491391776194,31301201231143
7491425086494,31301238660968
7491458359794,31301271401500
7491491643494,31301309945543
7491524942094,31301349084821
7491558226794,31301385279380
7491591510794,31301425156337
7491624800894,31301457948814
7491658096994,31301497548161
7491691378494,31301534008456
7491724669194,31301570527996
7491757959094,31301608934198
7491791246494,31301652942795
7491824536994,31301684755237
7491857825594,31301721955370
7491891148794,31301759212330
7491924404694,31301795285092
7491957693494,31301831236000
7491990983994,31301867310858
7492024273394,31301903314000
7492057561694,31301941563089
7492090856894,31301976675039
7492124142494,31302014731469
7492157429394,31302060091795
7492190726294,31302095175275
7492224009094,31302127764723
7492257298594,31302163779089
7492290594694,31302202512240
7492323876894,31302259444786
7492357167494,31302293465771
7492390463894,31302329782578
7492423744694,31302367178887
7492457035494,31302402259684
7492490325394,31302440556712
7492523613194,31302474456889
7492556903694,31302511839816
7492590193194,31302546339448
7492623482194,31302594277740
7492656771294,31302626559662
7492690060194,31302662934196
7492723350494,31302699939052
7492756660994,31302735998318
7492789928094,31302772580428
7492823223194,31302807359386
7492856523794,31302863203719
7492889796394,31302896522180
7492923092794,31302934357853
7492956379594,31302972371377
7492989665394,31303004567723
7493022960894,31303044923428
7493056243394,31303078090226
7493089533894,31303128698497
7493122825594,31303163329197
7493156111494,31303199526150
7493189401494,31303233937914
7493222731794,31303271500587
7493255979294,31303306149940
7493289269894,31303342879615
7493322560094,31303378854045
7493355849494,31303416677336
7493389137694,31303452873435
7493422426394,31303494857368
7493455717994,31303521109027
7493489005194,31303566179077
7493522294494,31303601657697
7493555589394,31303638073806
7493588873894,31303673207729
7493622163094,31303710489603
7493655458794,31303747268979
7493688742694,31303784155063
7493722038794,31303821583088
7493755327794,31303857739043
7493788615394,31303892872784
7493821900294,31303930887297
7493855191494,31303970362433
7493888477494,31304015483112
7493921768094,31304046751500
7493955057094,31304087069912
7493988345794,31304117327913
7494021636294,31304162119020
7494054927094,31304194929803
7494088239094,31304231294193
7494121504094,31304265178890
7494154792894,31304304070375
7494188105394,31304338600604
7494221371294,31304377947398
7494254660894,31304407739868
7494287955794,31304452821539
7494321240794,31304489585383
7494354529294,31304532667537
7494387825494,31304565415881
7494421111194,31304603179197
7494454397394,31304642353050
7494487694194,31304679958862
7494520975794,31304721239029
7494554300194,31304763874552
7494587561294,31304806996418
7494620844094,31304850657859
7494654134794,31304891492868
7494687427094,31304932761490
7494720712394,31304974597752
7494754002894,31305015369040
7494787293094,31305056557127
7494820580194,31305097525558
7494853887794,31305143505520
7494887159094,31305185227337
7494920449394,31305225056284
7494953738294,31305266849785
7494987027294,31305309894283
7495020322894,31305352494928
7495053606694,31305395165324
7495086895594,31305435993200
7495120191894,31305479751151
7495153475394,31305522067716
7495186763594,31305563815027
7495220059994,31305605061816
7495253343794,31305648442871
7495286632794,31305690159380
7495319928794,31305736567069
7495353210594,31305777479053
7495386501394,31305814530406
7495419788994,31305849258032
7495453078594,31305892516017
7495486369294,31305933104028
7495519687594,31305974780800
7495552947094,31306016621632
7495586237694,31306057811839
7495619526894,31306100833304
7495652815994,31306142496382
7495686105294,31306184238336
7495719393894,31306227459879
7495752689494,31306271364406
7495785972594,31306313361960
7495819262194,31306355254854
7495852558294,31306404895719
7495885842894,31306441296004
7495919129894,31306481679176
7495952426394,31306524423864
7495985710194,31306555268214
7496018999694,31306601078873
7496052294494,31306638196226
7496085576894,31306680070153
7496118868294,31306721868202
7496152155494,31306764490602
7496185444994,31306807274819
7496218735694,31306850625003
7496252024794,31306891367890
7496285313394,31306934079426
7496318603894,31306977526152
7496351893394,31307019312983
7496385186294,31307059801084
7496418471494,31307101847383
7496451760194,31307143377150
7496485055894,31307187116095
7496518338994,31307229116475
7496551628194,31307274265690
7496584924194,31307310663191
7496618208094,31307362380111
7496651496194,31307397187030
7496684792694,31307434861316
7496718076794,31307471594410
7496751401794,31307512201067
7496784661294,31307552107775
7496817943494,31307597615982
7496851271494,31307639865985
7496884521794,31307681675143
7496917811494,31307721991000
7496951101994,31307765248064
7496984392394,31307807237515
7497017679594,31307848554569
7497050970294,31307891282510
7497084259494,31307933914626
7497117547794,31307976349499
7497150837694,31308018381897
7497184128094,31308059956411
7497217420694,31308103231412
7497250706294,31308146337557
7497283994394,31308188759635
7497317290894,31308230505329
7497350574894,31308271976061
7497383862594,31308316442927
7497417159194,31308359836911
7497450443194,31308399735330
7497483730894,31308444494841
7497517027594,31308490181681
7497550320894,31308532905387
7497583600194,31308572308752
7497616889894,31308612216118
7497650177794,31308655867632
7497683468694,31308695586251
7497716761494,31308733906843
7497750046194,31308776088175
7497783336494,31308817518047
7497816625394,31308858670229
7497849913994,31308897423704
7497883204594,31308941889777
7497916493694,31308983620138
7497949787694,31309024132004
7497983072194,31309063805204
7498016361194,31309106406304
7498049657194,31309147370669
7498082939994,31309188846364
7498116229194,31309236505268
7498149525794,31309272624489
7498182831994,31309320394059
7498216096794,31309355035948
7498249394094,31309399183586
7498282677494,31309436768900
7498315966594,31309475292828
7498349256294,31309515065983
7498382544494,31309553637978
7498415835394,31309595387577
7498449123094,31309631642240
7498482412094,31309674888403
7498515702794,31309715316953
7498548991894,31309758448031
7498582280594,31309799756754
7498615571094,31309840945639
7498648863894,31309883528603
7498682154894,31309923767721
7498715438794,31309964970047
7498748727494,31310004579835
7498782025194,31310047207688
7498815305894,31310085672933
7498848595894,31310127886438
7498881891794,31310168690999
7498915176194,31310210472248
7498948463994,31310250358473
7498981760394,31310296983621
7499015044994,31310337691539
7499048344294,31310374960435
7499081622894,31310416453472
7499114926794,31310458131714
7499148203094,31310500303426
7499181489294,31310543459404
7499214778794,31310580741660
7499248069094,31310623331542
7499281358294,31310665471759
7499314646994,31310708707026
7499347937394,31310750739461
7499381227194,31310791724490
7499414518894,31310833384589
7499447805694,31310875602203
7499481093594,31310916858680
7499514421694,31310960834525
7499547672694,31310999079478
7499580962194,31311042053752
7499614258594,31311084376562
7499647541994,31311125048187
7499680830294,31311165044126
7499714126894,31311210490768
7499747410694,31311249340037
7499780698494,31311288992998
7499813988694,31311330129199
7499847276894,31311370234830
7499880567394,31311417504373
7499913856694,31311456497323
7499947145294,31311496660749
7499980435694,31311537253161
7500013725694,31311578316138
7500047013294,31311618760522
7500080304294,31311660522591
7500113594194,31311701688960
7500146886894,31311741869331
7500180171894,31311784080231
7500213460494,31311822632340
7500246756394,31311859892615
7500280039994,31311902678752
7500313328594,31311963539736
7500346624994,31312005386103
7500379927194,31312047384131
7500413196294,31312086347462
7500446492994,31312121983202
7500479780294,31312160248197
7500513064894,31312192604658
7500546361594,31312230459864
7500579660194,31312265841787
7500612933494,31312301865714
7500646223494,31312338271458
7500679511394,31312376366511
7500712802294,31312410308354
7500746089994,31312444466205
7500779379794,31312483435161
7500812669994,31312530235715
7500845996494,31312563385982
7500879250594,31312597039274
7500912538294,31312636777452
7500945828094,31312674714034
7500979123794,31312711396279
7501012406394,31312748268420
7501045694994,31312782136871
7501078992594,31312817655789
7501112273194,31312856691402
7501145563194,31312889927797
7501178859794,31312929443012
7501212142294,31312964409917
7501245430894,31312998852266
7501278721594,31313034932123
7501312010894,31313071504798
7501345301194,31313108819138
7501378589794,31313145345484
7501411877894,31313180197908
7501445168994,31313217689416
7501478456294,31313254408247
7501511746294,31313286947409
7501545036494,31313329964999
7501578325594,31313363253212
7501611616894,31313399126513
7501644905094,31313434943035
7501678195394,31313470998698
7501711510894,31313509133470
7501744772994,31313543245212
7501778061194,31313581030348
7501811378794,31313614742599
7501844639494,31313654545087
7501877929194,31313689651055
7501911226294,31313726496641
7501944508894,31313762297900
7501977797194,31313800308837
7502011087494,31313836859192
7502044377994,31313869279094
7502077665894,31313910469391
7502110956194,31313943252684
7502144244194,31313977721039
7502177534394,31314016717467
7502210823394,31314054171792
7502244112794,31314091055298
7502277403194,31314128913727
7502310692494,31314170099081
7502343983994,31314211617164
7502377270794,31314253656785
7502410561894,31314297622969
7502443871294,31314338955778
7502477139494,31314382615584
7502510427694,31314423037232
7502543723394,31314464052967
7502577220094,31314503081751
7502610295694,31314545890447
7502643592294,31314587875226
7502676875994,31314627170475
7502710164094,31314671011275
7502743454194,31314714007007
7502776743694,31314755232257
7502810031694,31314796128309
7502843322494,31314839821471
7502876611994,31314881577722
7502909900794,31314921063487
7502943190894,31314968770102
7502976479194,31315011018691
7503009769394,31315051054954
7503043087094,31315091039765
7503076349594,31315134656238
7503109637494,31315174693414
7503142943394,31315217864610
7503176220994,31315259822899
7503209505594,31315300105295
7503242794994,31315344651811
7503276090994,31315382568873
7503309373894,31315427147068
7503342661894,31315468717930
7503375959594,31315511372830
7503409242194,31315549264262
7503442530394,31315589784441
7503475820694,31315633712042
7503509109494,31315674486179
7503542397994,31315717700004
7503575688394,31315764203284
7503608979394,31315804218950
7503642268394,31315845876498
7503675557094,31315894032692
7503708845294,31315929436633
7503742136594,31315967381578
7503775424294,31316009298364
7503808715994,31316052638046
7503842003594,31316095999068
7503875292994,31316137897442
7503908587194,31316180307670
7503941872094,31316222655769
7503975165494,31316263902672
7504008457494,31316308458512
7504041740194,31316348793700
7504075028794,31316389872704
7504108326094,31316433463052
7504141608994,31316475163031
7504174896594,31316517137603
7504208187194,31316559778038
7504241476294,31316602260349
7504274764594,31316647731967
7504308055494,31316686472284
7504341348394,31316727531824
7504374632694,31316762183773
7504407923294,31316800620353
7504441211794,31316840473972
7504474536794,31316880370508
7504507789794,31316917460157
7504541082294,31316954435538
7504574370594,31316990100785
7504607660694,31317034733550
7504640953794,31317070124643
7504674238394,31317107321681
7504707528094,31317149684109
7504740821994,31317185801808
7504774106494,31317227772685
7504807395594,31317262621834
7504840691294,31317300039613
7504873973194,31317336743595
7504907262994,31317376223148
7504940553094,31317419444686
7504973843294,31317453252958
7505007130994,31317521290094
7505040421494,31317557512369
7505073711694,31317593512308
7505106999194,31317629565013
7505140289594,31317668085224
7505173604994,31317715860216
7505206868294,31317750212484
7505240158194,31317783816785
7505273448294,31317820838667
7505306736894,31317859689942
7505340026094,31317906735787
7505373319594,31317940344705
7505406604894,31317977933721
7505439894494,31318024775541
7505473191194,31318061503858
7505506473294,31318094917075
7505539760894,31318140679150
7505573058194,31318173015961
7505606341494,31318211764949
7505639629194,31318251360931
7505672919994,31318287459240
7505706207894,31318320483691
7505739497394,31318358031562
7505772787694,31318394611082
7505806112694,31318441882395
7505839364994,31318476405841
7505872655794,31318511856306
7505905970994,31318548110405
7505939234494,31318584530864
7505972523994,31318623341504
7506005814294,31318660048970
7506039104094,31318697819327
7506072390994,31318733645686
7506105686494,31318771878264
7506138970894,31318810261448
7506172260394,31318847918980
7506205554394,31318891118104
7506238840394,31318922829948
7506272128194,31318960202470
7506305425494,31318997126001
7506338707494,31319034039061
7506371995994,31319072243358
7506405287094,31319108026932
7506438574394,31319155084851
7506471863994,31319187623503
7506505154494,31319226135731
7506538444594,31319262849996
7506571731994,31319298475611
7506605022494,31319349701749
7506638314694,31319383303694
7506671600594,31319420237657
7506704890494,31319458830057
7506738181594,31319492623715
7506771469194,31319540467496
7506804757594,31319573351760
7506838052794,31319609536244
7506871339594,31319645819923
7506904626794,31319682930765
7506937921194,31319721819988
7506971205294,31319773391042
7507004495894,31319809529771
7507037789594,31319841884629
7507071073794,31319881555991
7507104362394,31319920097519
7507137688794,31319961529688
7507170940894,31319997629690
7507204229794,31320031171391
7507237520294,31320073834466
7507270809894,31320111806718
7507304098294,31320148488962
7507337388894,31320182652210
7507370695294,31320220636383
7507403966694,31320256734528
7507437257094,31320292169057
7507470547294,31320327238033
7507503835194,31320363781481
7507537124694,31320399579760
7507570418694,31320437143999
7507603703694,31320472825618
7507636993994,31320521746351
7507670287494,31320557448405
7507703571694,31320588302707
7507736862294,31320624553424
7507770155794,31320668515667
7507803440094,31320712424727
7507836728294,31320745893508
7507870018694,31320783469249
7507903308794,31320819402149
7507936596594,31320857929750
7507969887094,31320893350056
7508003186694,31320930889359
7508036464494,31320965124165
7508069755094,31321000979498
7508103044694,31321036422419
7508136342894,31321072762419
7508169622794,31321110156429
7508202943294,31321146381418
7508236201594,31321194462929
7508269490994,31321229726062
7508302785294,31321264513928
7508336070294,31321301364470
7508369358894,31321337302101
7508402653394,31321379994397
7508435938294,31321413949103
7508469261694,31321445544828
7508502522294,31321492175212
7508535806494,31321529087186
7508569101194,31321562022571
7508602385494,31321600064051
7508635675094,31321636142214
7508668962994,31321673501881
7508702254694,31321711027685
7508735541794,31321745499583
7508768831194,31321795473859
7508802121494,31321829991368
7508835410994,31321866179331
7508868699294,31321903528857
7508901989394,31321937437950
7508935281294,31321974791907
7508968569194,31322022518014
7509001857794,31322057504193
7509035152394,31322092804137
7509068437394,31322128434371
7509101725094,31322166493608
7509135020094,31322202930313
7509168304694,31322235988349
7509201594094,31322274765267
7509234888594,31322314028362
7509268176294,31322349864021
7509301462694,31322383829548
7509334769094,31322420116138
7509368040794,31322455307311
7509401329194,31322492295623
7509434619694,31322533752970
7509467907894,31322566921865
7509501197594,31322605488738
7509534487994,31322650965157
7509567777394,31322684660578
7509601065394,31322722179152
7509634356194,31322757169697
7509667648994,31322798515629
7509700933894,31322829950074
7509734224394,31322868851555
7509767518694,31322919221968
7509800832494,31322953079406
7509834091094,31322988154898
7509867386394,31323026948909
7509900671094,31323062023205
7509933960894,31323107222222
7509967254694,31323141310812
7510000539394,31323175589794
7510033829894,31323240295565
7510067116994,31323272451930
7510100406694,31323311971751
7510133695694,31323348236318
7510166986094,31323384698404
7510200275394,31323425529085
7510233564094,31323461262540
7510266854594,31323504174128
7510300143894,31323534785690
7510333431394,31323582452798
7510366722294,31323616693614
7510400013794,31323652985217
7510433299694,31323691483929
7510466590494,31323729845675
7510499885894,31323767159024
7510533169294,31323805188393
7510566459194,31323838101072
7510599752794,31323878837511
7510633037494,31323916567589
7510666345094,31323955357838
7510699621494,31323989652961
7510732905394,31324034408147
7510766200894,31324077127666
7510799483294,31324111628896
7510832773694,31324150983209
7510866063294,31324184528683
7510899352394,31324220658475
7510932642394,31324265657701
7510965929994,31324308577558
7510999220794,31324345707194
7511032508794,31324381186066
7511065798394,31324416358843
7511099089194,31324460290667
7511132428894,31324496683744
7511165669594,31324530742824
7511198956994,31324567511292
7511232251894,31324604384152
7511265535894,31324644187865
7511298825094,31324680194767
7511332119094,31324721256329
7511365404694,31324754573873
7511398692194,31324794217677
7511431987894,31324838619053
7511465272294,31324874084704
7511498561094,31324911450331
7511531850294,31324947465616
7511565143394,31324981696921
7511598429894,31325024612163
7511631720094,31325056043586
7511665008194,31325096384696
7511698296594,31325134482636
7511731587894,31325170451147
7511764875094,31325207265552
7511798164894,31325244585887
7511831455394,31325283854538
7511864745394,31325321029477
7511898032994,31325359291884
7511931323294,31325395840969
7511964620794,31325432927115
7511997923594,31325471460485
7512031191894,31325509464149
7512064485794,31325547837073
7512097787594,31325583054713
7512131058594,31325641820233
7512164353994,31325675557705
7512197638694,31325712625617
7512230928494,31325750341839
7512264215994,31325787732642
7512297506794,31325823767784
7512330796694,31325860761509
7512364084194,31325897649214
7512397373994,31325936651738
7512430663294,31325972065305
7512463992494,31326013205426
7512497241794,31326048139852
7512530531294,31326089160151
7512563821294,31326127566254
7512597112894,31326174127007
7512630399194,31326209376214
7512663689694,31326243351332
7512696986494,31326281863392
7512730267494,31326320640471
7512763557794,31326373285438
7512796852794,31326412640435
7512830136694,31326448597894
7512863426294,31326479327311
7512896720394,31326518835785
7512930004794,31326554004877
7512963294294,31326591492304
7512996582194,31326627611269
7513029872994,31326663685386
7513063166094,31326699349893
7513096450494,31326735253750
7513129740694,31326772453107
7513163029294,31326808393892
7513196319594,31326840653369
7513229608994,31326889656249
7513262897594,31326923841620
7513296188294,31326957996806
7513329499594,31327000815271
7513362765594,31327037142708
7513396055994,31327073350366
7513429364894,31327115095120
7513462638394,31327145865847
7513495924094,31327186119428
7513529247794,31327231202041
7513562503194,31327264566934
7513595792594,31327301686053
7513629086394,31327339615314
7513662371694,31327375168300
7513695659494,31327420463608
7513728948994,31327456760093
7513762239294,31327495698789
7513795561694,31327541302280
7513828816394,31327585445642
7513862107794,31327618883603
7513895397094,31327657443138
7513928686494,31327691951256
7513961975194,31327738875096
7513995263694,31327773656660
7514028555694,31327808618991
7514061843294,31327843880136
7514095131994,31327885051690
7514128422494,31327928950421
7514161719194,31327962460819
7514195000194,31327998947349
7514228290494,31328038982242
7514261587794,31328074896056
7514294869794,31328112600007
7514328158594,31328154882406
7514361453894,31328187960730
7514394737694,31328227703876
7514428025894,31328264321699
7514461315294,31328300893566
7514494605694,31328337500943
7514527894794,31328372274502
7514561183394,31328410549955
7514594477094,31328446798433
7514627764394,31328486695532
7514661051694,31328523074609
7514694341794,31328558554839
7514727630894,31328596556094
7514760946694,31328637073888
7514794209394,31328672566234
7514827498594,31328709654570
7514860788994,31328750927110
7514894085394,31328782503929
7514927366594,31328825698571
7514960657194,31328859872706
7514993953894,31328898358236
7515027234894,31328931790924
7515060525394,31328965377110
7515093820694,31329004310754
7515127103694,31329037772208
7515160392294,31329083712242
7515193681894,31329120695121
7515226971894,31329154871597
7515260262094,31329194307286
7515293549994,31329227601804
7515326840294,31329268520399
7515360130494,31329303549255
7515393418494,31329339309923
7515426708594,31329375568532
7515459996794,31329416431902
7515493286794,31329456283884
7515526576894,31329490950404
7515559864994,31329528358978
7515593154894,31329563563119
7515626451194,31329602544759
7515659733394,31329641511995
7515693023294,31329678281955
7515726335494,31329718223150
7515759601294,31329754089595
7515792891094,31329793837058
7515826218194,31329830203083
7515859470294,31329866933530
7515892760294,31329905551287
7515926048294,31329943821414
7515959338694,31329986080323
7515992627194,31330012650115
7516025915994,31330059359328
7516059206794,31330095960751
7516092528394,31330133606196
7516125786394,31330167443343
7516159075194,31330205612910
7516192364894,31330241866592
7516225653494,31330277012740
7516258943294,31330320409429
7516292231294,31330354467547
7516325522994,31330391013992
7516358815394,31330436143042
7516392099094,31330477038510
7516425390494,31330517835222
7516458684394,31330551660409
7516491967594,31330588773101
7516525257894,31330624504357
7516558553494,31330663990765
7516591837494,31330699888292
7516625126394,31330742040893
7516658414194,31330774484393
7516691705894,31330809695846
7516724992994,31330847711645
7516758282394,31330895675270
7516791573294,31330927629427
7516824862194,31330966768488
7516858150894,31331014861059
7516891440494,31331047489462
7516924731994,31331082869564
7516958022194,31331120544062
7516991309694,31331161313195
7517024597494,31331196825326
7517057887994,31331231068794
7517091181794,31331269703260
7517124465794,31331302133699
7517157755894,31331350625144
7517191051794,31331386172997
7517224334094,31331418099929
7517257646894,31331457477449
7517290921094,31331491782773
7517324202394,31331529665809
7517357492094,31331565997037
7517390780794,31331601501666
7517424092294,31331638503585
7517457359694,31331676736051
7517490648894,31331710120717
7517523939694,31331747806824
7517557228294,31331787838260
7517590517394,31331823024262
7517623807494,31331857942640
7517657097694,31331892443037
7517690385194,31331928254560
7517723676094,31331968096260
7517756964294,31332001440330
7517790254294,31332040616497
7517823548894,31332076402857
7517856832094,31332115447175
7517890122594,31332153828438
7517923419094,31332201598483
7517956700294,31332238612370
7517989990294,31332271781226
7518023286994,31332309942767
7518056568494,31332347954936
7518089858894,31332385364022
7518123186194,31332426059693
7518156437694,31332461603373
7518189727394,31332502397503
7518223015594,31332540752854
7518256305694,31332580352070
7518289603094,31332617798896
7518322883494,31332658140208
7518356173894,31332694022660
7518389464494,31332735324241
7518422751394,31332775557901
7518456042094,31332808479049
7518489330194,31332851392639
7518522620994,31332887947924
7518555915594,31332922348543
7518589199094,31332961165929
7518622488994,31332998364029
7518655783394,31333031785308
7518689066194,31333070537006
7518722356894,31333105861564
7518755679694,31333145994796
7518788937694,31333184191774
7518822224694,31333226174194
7518855552694,31333271955266
7518888803894,31333314238549
7518922093794,31333355303932
7518955381694,31333392090686
7518988672794,31333432320359
7519021960794,31333469581167
7519055249794,31333509285410
7519088540694,31333546020833
7519121829294,31333584685400
7519155117594,31333621151096
7519188408794,31333660304602
7519221697894,31333703259099
7519254987994,31333741624212
7519288281794,31333775980439
7519321564894,31333813097024
7519354856494,31333850183570
7519388149194,31333887710754
7519421433294,31333923834110
7519454723494,31333963821538
7519488018994,31334007309692
7519521301294,31334048613826
7519554591794,31334080948797
7519587888794,31334126737215
7519621184994,31334160403994
7519654459294,31334199581961
7519687747894,31334235722285
7519721040594,31334278875419
7519754326994,31334311425149
7519787616494,31334352807820
7519820906894,31334386152473
7519854196894,31334423917461
7519887484494,31334460801357
7519920774894,31334495323863
7519954064894,31334535535776
7519987353194,31334572439751
7520020647794,31334605427066
7520053931494,31334649325992
7520087252794,31334684806939
7520120516094,31334721698004
7520154029994,31334766831063
7520187089894,31334804041123
7520220385994,31334838610964
7520253667794,31334903186215
7520286957994,31334941859305
7520320255094,31334975076355
7520353535494,31335015420395
7520386825794,31335050098529
7520420114394,31335085795581
7520453404994,31335122191085
7520486694394,31335158521605
7520519982694,31335197564047
7520553273394,31335229421511
7520586563294,31335272005257
7520619851194,31335307800482
7520653141394,31335346110300
7520686447494,31335382894934
7520719718994,31335427021430
7520753014294,31335459712790
7520786297794,31335498021695
7520819587994,31335534197058
7520852883594,31335576240044
7520886165894,31335616220085
7520919456094,31335650097166
7520952772494,31335689801995
7520986034294,31335725503556
7521019324394,31335765922281
7521052622294,31335802653377
7521085902394,31335845035776
7521119192394,31335882601932
7521152482094,31335922045157
7521185771194,31335962889791
7521219060694,31336000791123
7521252348694,31336042174222
7521285640094,31336081099520
7521318928094,31336120345550
7521352217194,31336160106995
7521385507694,31336201805756
7521418827994,31336240867117
7521452084794,31336279420510
7521485380594,31336312786123
7521518665494,31336361460676
7521551954694,31336395852638
7521585249494,31336434994058
7521618532294,31336469241084
7521651823794,31336506755649
7521685117294,31336546930640
7521718402194,31336584693965
7521751690794,31336628447864
7521784987394,31336664781759
7521818268294,31336705862634
7521851558794,31336740344923
7521884850094,31336781048913
7521918137794,31336823348970
7521951427094,31336865515551
7521984715794,31336907777562
7522018006694,31336952185640
7522051293894,31336992389259
7522084583194,31337032031633
7522117873694,31337075391637
7522151163094,31337115268352
7522184452194,31337158353552
7522217760394,31337197914158
7522251034194,31337239576903
7522284342694,31337281203828
7522317615794,31337319046957
7522350898394,31337361027008
7522384202594,31337401466207
7522417483394,31337440325954
7522450766594,31337479267671
7522484056794,31337521398311
7522517353294,31337561069655
7522550634694,31337599832651
7522583925494,31337638349554
7522617215694,31337677554783
7522650503194,31337714888525
7522683792994,31337752957149
7522717081894,31337792753929
7522750406294,31337833525439
7522783660594,31337871207545
7522816949794,31337915416088
7522850240594,31337949876618
7522883531294,31337989915624
7522916818294,31338023882001
7522950113094,31338063553043
7522983399294,31338102518756
7523016686094,31338140388149
7523049982294,31338177056067
7523083264994,31338236437480
7523116555494,31338274130824
7523149850794,31338308415898
7523183132894,31338346706811
7523216423394,31338384831974
7523249720094,31338425939288
7523283001194,31338458680975
7523316291894,31338499988547
7523349581894,31338538791887
7523382869194,31338583063256
7523416159794,31338620550554
7523449448894,31338659652271
7523482738194,31338694478852
7523516027794,31338733636033
7523549316494,31338772716424
7523582606794,31338814821017
7523615916794,31338851542134
7523649184394,31338894766478
7523682478994,31338935007677
7523715784094,31338967372113
7523749053394,31339006781256
7523782348494,31339044231272
7523815632694,31339084879508
7523848921994,31339124659866
7523882217294,31339162068752
7523915499694,31339200597404
7523948790094,31339239530571
7523982084394,31339280642709
7524015367694,31339320785179
7524048658194,31339354390321
7524081947094,31339396676947
7524115238994,31339434949604
7524148525794,31339476222496
7524181815894,31339517846194
7524215106494,31339556141172
7524248394194,31339592923972
7524281682494,31339631708047
7524314974194,31339671619193
7524348261694,31339707269946
7524381550494,31339747660714
7524414845294,31339781813902
7524448130494,31339823401661
7524481418994,31339861164307
7524514715294,31339899409281
7524547998894,31339937034112
7524581288394,31339977583610
7524614583194,31340015887827
7524647866294,31340054155250
7524681156394,31340099170680
7524714450894,31340131070927
7524747734894,31340174954954
7524781024694,31340212873725
7524814313894,31340248961092
7524847602494,31340288785467
7524880892394,31340327544965
7524914182294,31340366612210
7524947470194,31340408362257
7524980760994,31340447288211
7525014049094,31340487532422
7525047373894,31340526236834
7525080628094,31340562321815
7525113917394,31340605643131
7525147211294,31340641512756
7525180496894,31340683239028
7525213785494,31340730167961
7525247086794,31340769464408
7525280366194,31340813262576
7525313653694,31340846763825
7525346949494,31340884081262
7525380232194,31340929128320
7525413522694,31340964775529
7525446817394,31341007269359
7525480100294,31341044124727
7525513390994,31341077728659
7525546681494,31341115948170
7525579968494,31341153467149
7525613259194,31341189221045
7525646548494,31341225656980
7525679836994,31341271378904
7525713127494,31341307012487
7525746416694,31341378329812
7525779705594,31341420143656
7525812995494,31341453898833
7525846283494,31341492112587
7525879577994,31341528422241
7525912863594,31341564281331
7525946151994,31341615531713
7525979447394,31341649963194
7526012747194,31341686287297
7526046019494,31341732459160
7526079315594,31341766079218
7526112604194,31341814285777
7526145888794,31341848089090
7526179184294,31341884946787
7526212466894,31341922346528
7526245757494,31341955619577
7526279045694,31341996944540
7526312334694,31342031257458
7526345625294,31342069106353
7526378950394,31342106720089
7526412203194,31342143503818
7526445493194,31342179430764
7526478782994,31342214087325
7526512071994,31342250395378
7526545361794,31342286737158
7526578649894,31342323581883
7526611945094,31342358577197
7526645228894,31342393921854
7526678517894,31342429781962
7526711813894,31342465831407
7526745098094,31342503524544
7526778386894,31342541412416
7526811682894,31342576582850
7526844966294,31342610690251
7526878256294,31342649128677
7526911550594,31342691203755
7526944832994,31342727684435
7526978124694,31342762817108
7527011411794,31342797004302
7527044701094,31342834322839
7527077991894,31342870606709
7527111280594,31342907416862
7527144569394,31342942363977
7527177860194,31342978923898
7527211149794,31343016115969
7527244445794,31343050010093
7527277727994,31343088075538
7527311016294,31343124355610
7527344310994,31343162881179
7527377595194,31343195537695
7527410884694,31343232251929
7527444180694,31343274374748
7527477465794,31343311234994
7527510752594,31343347303160
7527544049294,31343381061510
7527577333694,31343418865705
7527610620894,31343454865064
7527643917494,31343489698709
7527677210394,31343526507943
7527710528094,31343562881267
7527743778494,31343598392129
7527777067694,31343635885237
7527810358294,31343669919099
7527843647394,31343707755482
7527876936094,31343755748855
7527910239294,31343818196693
7527943516294,31343860966261
7527976804094,31343897605263
7528010094494,31343933145070
7528043382894,31343969799182
7528076676494,31344003502214
7528109962594,31344041008759
7528143250594,31344078737195
7528176546994,31344116392061
7528209832094,31344162523028
7528243118894,31344201194034
7528276415294,31344234118593
7528309699794,31344281672326
7528342986694,31344317213951
7528376283294,31344358748518
7528409576694,31344393582570
7528442856194,31344429505534
7528476145394,31344467252235
7528509433694,31344505143118
7528542724694,31344555280397
7528576021194,31344587791065
7528609302194,31344624814772
7528642592694,31344659817912
7528675881794,31344697280457
7528709170394,31344733273909
7528742461294,31344769114673
7528775750394,31344806095048
7528809042794,31344843068436
7528842328994,31344878908427
7528875616894,31344915112781
7528908913494,31344953244780
7528942196094,31344991520508
7528975485694,31345040900012
7529008781494,31345078877543
7529042111494,31345110325746
7529075353394,31345158422408
7529108650694,31345200279863
7529141933594,31345238371579
7529175222494,31345269962663
7529208512094,31345307544794
7529241800794,31345345784969
7529275092094,31345387432704
7529308379094,31345423720615
7529341668394,31345465472556
7529374959194,31345505381510
7529408249594,31345541095464
7529441536794,31345577617330
7529474827194,31345613190537
7529508117794,31345654628014
7529541410694,31345693221443
7529574695494,31345730839167
7529607983894,31345777960863
7529641280794,31345815506555
7529674562694,31345844945361
7529707851794,31345895639912
7529741148394,31345926919442
7529774431494,31345973822497
7529807719994,31346008898555
7529841016894,31346044754043
7529874300594,31346081420739
7529907601694,31346120195270
7529940878694,31346157264538
7529974166894,31346197515255
7530007456994,31346245293289
7530040745394,31346286006544
7530074035194,31346318934812
7530107325694,31346354403379
7530140614994,31346394149044
7530173903394,31346430778149
7530207196694,31346466359346
7530240483994,31346502675256
7530273774394,31346548618629
7530307061594,31346584210206
7530340350594,31346618086659
7530373695794,31346655111117
7530406928894,31346695175337
7530440218194,31346724414106
7530473514294,31346773041461
7530506797794,31346801910618
7530540086594,31346846274387
7530573382794,31346882963471
7530606667094,31346922679924
7530639954294,31346965365208
7530673244794,31347005666761
7530706549094,31347049714013
7530739823594,31347092166859
7530773112694,31347135768050
7530806401094,31347179637070
7530839692294,31347217133145
7530872982094,31347256751104
7530906269494,31347300024984
7530939560494,31347340459657
7530972850194,31347380449595
7531006140694,31347417563047
7531039428194,31347459375657
7531072716394,31347500757904
7531106011994,31347538604168
7531139296194,31347580340410
7531172584294,31347620998149
7531205880794,31347664895992
7531239182194,31347702871165
7531272452994,31347742159451
7531305749394,31347782837928
7531339063594,31347824779622
7531372320994,31347865190226
7531405611294,31347905745432
7531438901294,31347947288543
7531472190094,31347987503618
7531505479794,31348026202006
7531538767694,31348065481964
7531572058594,31348102232670
7531605346394,31348140367160
7531638635894,31348178123026
7531671926594,31348212952341
7531705252994,31348263824208
7531738507994,31348301727683
7531771794794,31348340748656
7531805083994,31348383186137
7531838379794,31348425480875
7531871661994,31348468631046
7531904950994,31348530565829
7531938248994,31348588448001
7531971529994,31348641120375
7532004819094,31348691074502
7532038115694,31348743742225
7532071398394,31348799049323
7532104690194,31348853174502
7532137977394,31348898212753
7532171266894,31348942933550
7532204556794,31348988610928
7532237845994,31349027337410
7532271134194,31349065334601
7532304425694,31349102513658
7532337712494,31349144614315
7532371002694,31349185731306
7532404292594,31349229959584
7532437582094,31349270209858
7532470873394,31349319430867
7532504160294,31349357685426
7532537455494,31349400541408
7532570767094,31349441549773
7532604029394,31349486849774
7532637317494,31349522708088
7532670619094,31349560319355
7532703896194,31349598892803
7532737185794,31349643081183
7532770481894,31349681948788
7532803764994,31349721293672
7532837053594,31349761431157
7532870343894,31349805075786
7532903634294,31349841766028
7532936921794,31349878714840
7532970212294,31349917982927
7533003500994,31349958224052
7533036840694,31349996276369
7533070079594,31350036603255
7533103368794,31350072436070
7533136659194,31350110075710
7533169949994,31350147097088
7533203239694,31350192299024
7533236526994,31350227630136
7533269816894,31350264055539
7533303110494,31350313296950
7533336393694,31350346330720
7533369685194,31350384351537
7533402978994,31350422890858
7533436263494,31350460857068
7533469551794,31350499075670
7533502848794,31350535032049
7533536132494,31350578597548
7533569420294,31350611445329
7533602710494,31350650806673
7533636000594,31350686559486
7533669287794,31350724907682
7533702578794,31350772904417
7533735887094,31350808739107
7533769157394,31350849397126
7533802446894,31350884269316
7533835734894,31350919556177
7533869025594,31350960304822
7533902342794,31350998854066
7533935605194,31351039714582
7533968893994,31351078089219
7534002202294,31351118530493
7534035477294,31351156168619
7534068761294,31351196129037
7534102050894,31351245753480
7534135347294,31351280053354
7534168629994,31351321925755
7534201918394,31351361961608
7534235215294,31351400280228
7534268496994,31351457197245
7534301786394,31351488672035
7534335076894,31351529902613
7534368365894,31351571194754
7534401654694,31351613254490
7534434944994,31351657549321
7534468234894,31351700251775
7534501528594,31351741245449
7534534813194,31351782119457
7534568101194,31351824215843
7534601392694,31351871233907
7534634680494,31351911814037
7534667971794,31351952025699
7534701260294,31351993714098
7534734549194,31352035684076
7534767843194,31352077814078
7534801127994,31352117737509
7534834417594,31352159172303
7534867713594,31352199346974
7534900996194,31352242121836
7534934284794,31352285384321
7534967582094,31352327758633
7535000864894,31352373518243
7535034152794,31352409976019
7535067443194,31352450174570
7535100733794,31352491605327
7535134021294,31352532852712
7535167311494,31352575250450
7535200601394,31352617521445
7535233911594,31352659988453
7535267179594,31352702162857
7535300493994,31352745745372
7535333781294,31352787987207
7535367046294,31352843604294
7535400338394,31352882600290
7535433626694,31352923539060
7535466915694,31352965641920
7535500209694,31353020668129
7535533496594,31353067980781
7535566785394,31353109572946
7535600077694,31353152317962
7535633362794,31353191386418
7535666651394,31353226243233
7535699947894,31353264721740
7535733230194,31353300030642
7535766519394,31353335986250
7535799809694,31353371908860
7535833100094,31353409499875
7535866387494,31353447923709
7535899677794,31353479464222
7535932967994,31353527100616
7535966255494,31353561487094
7535999546094,31353596646308
7536032860294,31353656926599
7536066124494,31353690755319
7536099414094,31353726287284
7536132703894,31353765783240
7536165992894,31353801046428
7536199282394,31353837241832
7536232576394,31353872983487
7536265860994,31353909848552
7536299154494,31353951882712
7536332444594,31353995096134
7536365728994,31354028669200
7536399018094,31354063855492
7536432314094,31354103266191
7536465597394,31354138297506
7536498885694,31354175562545
7536532175894,31354213315120
7536565464394,31354252352133
7536598753794,31354286647148
7536632044294,31354325178883
7536665373394,31354363271495
7536698621394,31354397756589
7536731911794,31354437017659
7536765226294,31354468972688
7536798490494,31354507376651
7536831780294,31354546361194
7536865070194,31354578587500
7536898360194,31354618027840
7536931647394,31354655793357
7536964942494,31354692703013
7536998227094,31354729069294
7537031517694,31354765983824
7537064820994,31354802716647
7537098095294,31354877940458
7537131385794,31354912544280
7537164682094,31354946846378
7537197963894,31354987861315
7537231251694,31355022297102
7537264542994,31355059286497
7537297830994,31355093428557
7537331120094,31355130726683
7537364410294,31355168343103
7537397699894,31355207005540
7537430988194,31355243136339
7537464278294,31355281771797
7537497568394,31355317567732
7537530857594,31355354757006
7537564146794,31355392077493
7537597436494,31355428948216
7537630725694,31355463661584
7537664014094,31355500877684
7537697308794,31355538219691
7537730593994,31355575052782
7537763883294,31355613947997
7537797177194,31355650211098
7537830461994,31355687080918
7537863752494,31355737714401
7537897045794,31355770848644
7537930330294,31355810677342
7537963618094,31355843530511
7537996944894,31355883265600
7538030196994,31355925950765
7538063486694,31355960705307
7538096776894,31355995989058
7538130065894,31356038436703
7538163354194,31356073231451
7538196648494,31356113072330
7538229935594,31356153130574
7538263222994,31356189089994
7538296512794,31356231636875
7538329803494,31356272375058
7538363091494,31356313234520
7538396381094,31356357046348
7538429676594,31356406284364
7538462960294,31356447351308
7538496249994,31356488696005
7538529543894,31356528565770
7538562827994,31356565095488
7538596118094,31356603512482
7538629412294,31356641479916
7538662696394,31356681625228
7538695984794,31356736763265
7538729274894,31356768911188
7538762565194,31356807653918
7538795852494,31356847021560
7538829143494,31356881012833
7538862442394,31356916837045
7538895721494,31356953347416
7538929011494,31356989767747
7538962300994,31357028549373
7538995588594,31357067675454
7539028879794,31357103199568
7539062170594,31357141477965
7539095458094,31357178541942
7539128747494,31357216312683
7539162041894,31357253471858
7539195326594,31357286501377
7539228615294,31357333404626
7539261911594,31357365531236
7539295194794,31357406597995
7539328529294,31357441252206
7539361778594,31357476671767
7539395062894,31357513590439
7539428352394,31357558481446
7539461641194,31357592099072
7539494931394,31357633633182
7539528219194,31357668263604
7539561510894,31357706192876
7539594798294,31357744114807
7539628087594,31357778235130
7539661377994,31357817428736
7539694666694,31357850617718
7539727955694,31357887706644
7539761245394,31357926026070
7539794537294,31357965543451
7539827825294,31357995026676
7539861114194,31358041038235
7539894408194,31358076682967
7539927693794,31358113011438
7539960981094,31358159112899
7539994275994,31358196983511
7540027560794,31358229900572
7540060849994,31358268044160
7540094165294,31358306146091
7540127429194,31358359727104
7540160718594,31358401248156
7540194024094,31358437188163
7540227297094,31358475468542
7540260585394,31358512872669
7540293876394,31358554698114
7540327164294,31358596134988
7540360453594,31358633594518
7540393744394,31358673684380
7540427032994,31358717489930
7540460321794,31358747423292
7540493612394,31358793562898
7540526904194,31358829173065
7540560189894,31358866816550
7540593479994,31358906115592
7540626774894,31358943397674
7540660087594,31358981611635
7540693347694,31359021259163
7540726642694,31359060378416
7540759927594,31359097183969
7540793217994,31359140574335
7540826511094,31359179634387
7540859795994,31359218627320
7540893084594,31359254468290
7540926373494,31359291356943
7540959663794,31359330058270
7540992953394,31359369341013
7541026242194,31359407293547
7541059531794,31359450155794
7541092819994,31359488749721
7541126110694,31359529239595
7541159400594,31359567361015
7541192688194,31359607759014
7541225978294,31359647768470
7541259270194,31359685144760
7541292555894,31359722121755
7541325846294,31359772320121
7541359170694,31359812457822
7541392425394,31359857064323
7541425715394,31359898571908
7541459008894,31359934422320
7541492293694,31359970726276
7541525599294,31360007614546
7541558877494,31360043319465
7541592161594,31360078443514
7541625458794,31360118493795
7541658739294,31360153858087
7541692029994,31360193855466
7541725319494,31360222072202
7541758609094,31360260049077
7541791898794,31360299454620
7541825186594,31360344939485
7541858476994,31360379991880
7541891765394,31360421465256
7541925054694,31360456463335
7541958345394,31360499416383
7541991688294,31360536958520
7542024922694,31360575363300
7542058212994,31360615754347
7542091508494,31360656579318
7542124792094,31360700893138
7542158081494,31360741414484
7542191375394,31360781601351
7542224660994,31360819639142
7542257948294,31360864231823
7542291243894,31360907711608
7542324528194,31360950640409
7542357817494,31360990638359
7542391106094,31361032042490
7542424396594,31361064596678
7542457685994,31361108801506
7542490975594,31361145487632
7542524264394,31361185012671
7542557552794,31361221732724
7542590844294,31361259792303
7542624131994,31361299517642
7542657421194,31361337809239
7542690711394,31361375081556
7542724002794,31361413826035
7542757288994,31361451859612
7542790579694,31361491225746
7542823876494,31361528273736
7542857180294,31361573083293
7542890447694,31361619192482
7542923742194,31361656965411
7542957042994,31361690224863
7542990314894,31361727015099
7543023610594,31361767323964
7543056894494,31361804768185
7543090183994,31361839302110
7543123472394,31361874971181
7543156762694,31361909530448
7543190053194,31361945212185
7543223341794,31361984225694
7543256630794,31362022775382
7543289919094,31362058233788
7543323248394,31362096869159
7543356497994,31362131380969
7543389787494,31362168712337
7543423077894,31362206374359
7543456368394,31362238319418
7543489655594,31362280789069
7543522945794,31362313066770
7543556242694,31362354573552
7543589523894,31362392189003
7543622813394,31362429476608
7543656108494,31362469759923
7543689392794,31362509393514
7543722682194,31362547936127
7543755976994,31362583484838
7543789261194,31362623630826
7543822550994,31362667736228
7543855838794,31362706634787
7543889132394,31362750505053
7543922418794,31362807020083
7543955706894,31362845379040
7543988997194,31362880910240
7544022285894,31362924474389
7544055575594,31362969636587
7544088865194,31363011039602
7544122153494,31363059595712
7544155443994,31363096688617
7544188754994,31363136410269
7544222021894,31363172407887
7544255312394,31363216539903
7544288618494,31363251883595
7544321889694,31363296638244
7544355180294,31363335211370
7544388504994,31363378580372
7544421758894,31363417601677
7544455048094,31363457325658
7544488343194,31363490451924
7544521629194,31363536418645
7544554915594,31363572999852
7544588204694,31363612902966
7544621495694,31363648854974
7544654817794,31363686926402
7544688072994,31363723947347
7544721363994,31363758678052
7544754654194,31363799972916
7544787942394,31363835829813
7544821231394,31363873094468
7544854520094,31363918771111
7544887811694,31363953915348
7544921099194,31363999181260
7544954388094,31364034166984
7544987678794,31364076850745
7545020991894,31364111027609
7545054256494,31364157438399
7545087546794,31364191228430
7545120842294,31364227532976
7545154125694,31364264175420
7545187414494,31364303008477
7545220709894,31364339651094
7545253994294,31364374803560
7545287282194,31364412346958
7545320571194,31364450261970
7545353861794,31364487531301
7545387151194,31364522695142
7545420439394,31364558811516
7545453730094,31364594566036
7545487020294,31364633578050
7545520323194,31364670492104
7545553598094,31364723767582
7545586886294,31364760777346
7545620201194,31364798726414
7545653465494,31364837154340
7545686754694,31364877509226
7545720045194,31364914006119
7545753341094,31364947106218
7545786625794,31364987887471
7545819912994,31365024201454
7545853209894,31365057777532
7545886490594,31365096647463
7545919780994,31365130050921
7545953075994,31365168691869
7545986360194,31365199728021
7546019648494,31365235783595
7546052937894,31365283037881
7546086228294,31365320425953
7546119518594,31365356960443
7546152805694,31365390042544
7546186096094,31365426966565
7546219387094,31365463922517
7546252674494,31365501397424
7546285964494,31365547642378
7546319252994,31365595742240
7546352543294,31365636271347
7546385832494,31365668900587
7546419121194,31365715400208
7546452411594,31365750754607
7546485707194,31365793963304
7546518989394,31365839096728
7546552279394,31365879066596
7546585575294,31365913781900
7546618857094,31365953425102
7546652147594,31365993622825
7546685443994,31366032374964
7546718726294,31366064288272
7546752014994,31366105133421
7546785304494,31366142934511
7546818594794,31366182814831
7546851883094,31366222136569
7546885172494,31366264772053
7546918462894,31366303591147
7546951782994,31366338336161
7546985040494,31366380671394
7547018330794,31366423634238
7547051620994,31366452520289
7547084910094,31366488241073
7547118198794,31366536766134
7547151487394,31366575144516
7547184777994,31366611391104
7547218071094,31366647258020
7547251355494,31366690410169
7547284646094,31366729481871
7547317949394,31366767198280
7547351223694,31366807680850
7547384514094,31366852683724
7547417810094,31366893968268
7547451093794,31366933931611
7547484381694,31366975808535
7547517674294,31367016140338
7547550961594,31367054050580
7547584249194,31367095889912
7547617538394,31367135339475
7547650829394,31367174324576
7547684132394,31367212484146
7547717407194,31367252952701
7547750697494,31367289628603
7547783987094,31367330019131
7547817275994,31367365655178
7547850565194,31367405864887
7547883853894,31367442596103
7547917144894,31367476865045
7547950437894,31367524228471
7547983721294,31367560503163
7548017012494,31367595204308
7548050307594,31367632974986
7548083589894,31367670244548
7548116880494,31367708035463
7548150177094,31367746139743
7548183458294,31367780215625
7548216748694,31367818031712
7548250040594,31367856977264
7548283346894,31367895058558
7548316615594,31367934510425
7548349905394,31367970725976
7548383195694,31368011178164
7548416485794,31368040785347
7548449794894,31368082825913
7548483063194,31368122175489
7548516352894,31368160584556
7548549641694,31368195677598
7548582932194,31368233774011
7548616221294,31368267188397
7548649510094,31368306291256
7548682804494,31368339165495
7548716088094,31368380386334
7548749378594,31368416144594
7548782675094,31368454527312
7548815956494,31368491548859
7548849246994,31368530211366
7548882543694,31368565558746
7548915824394,31368605223648
7548949114794,31368636728161
7548982441894,31368679538885
7549015693794,31368712447026
7549048983494,31368752303140
7549082271894,31368789111397
7549115561794,31368822622075
7549148858494,31368857812262
7549182139694,31368906550614
7549215444194,31368946748446
7549248719194,31368981350239
7549282007994,31369017218740
7549315297594,31369062678576
7549348587794,31369096483138
7549381876494,31369131804021
7549415170894,31369172338710
7549448454794,31369217268772
7549481744894,31369249384635
7549515039394,31369288968576
7549548322794,31369325863487
7549581613294,31369366573116
7549614934794,31369402564643
7549648190494,31369437752054
7549681480994,31369486285074
7549714807794,31369523581165
7549748061594,31369567073034
7549781349494,31369602581303
7549814637794,31369637012294
7549847929094,31369673152891
7549881216594,31369711052122
7549914506294,31369746633652
7549947796794,31369784635982
7549981085194,31369822980913
7550014374594,31369858093918
7550047664494,31369891360988
7550080954094,31369934014249
7550114244094,31369969552613
7550147537194,31370000558178
7550180821194,31370038660583
7550214112694,31370076080692
7550247405394,31370112268152
7550280689394,31370147991375
7550313979994,31370186063992
7550347279694,31370224449999
7550380557694,31370258859890
7550413847994,31370297109097
7550447145394,31370331182189
7550480440094,31370372108052
7550513715994,31370409723274
7550547004294,31370443588246
7550580295594,31370480438872
7550613583394,31370519623930
7550646872494,31370554756181
7550680162594,31370593264830
7550713451694,31370626011078
7550746740494,31370663730278
7550780030494,31370699237231
7550813320994,31370737783471
7550846608794,31370771349176
7550879903594,31370809063665
7550913187594,31370846656956
7550946504094,31370881332446
7550979771794,31370921361966
7551013055394,31370962239358
7551046345794,31370997012529
7551079642294,31371029395780
7551112923494,31371067732568
7551146214394,31371105529122
7551179511294,31371144573596
7551212792294,31371181245534
7551246082394,31371216206121
7551279370794,31371251114105
7551312660894,31371288991004
7551345949794,31371328652328
7551379238694,31371363320103
7551412529294,31371401680264
7551445818894,31371439062700
7551479106794,31371477041053
7551512404794,31371511285882
7551545687794,31371552900048
7551578975094,31371589881134
7551612269194,31371625359644
7551645553794,31371662822700
7551678843994,31371707574733
7551712139194,31371744680044
7551745422094,31371778582638
7551778712594,31371828726290
7551812028194,31371866173311
7551845289594,31371898201115
7551878583694,31371944072100
7551911877694,31371978934501
7551945158294,31372015803546
7551978448794,31372054578734
7552011738094,31372093472618
7552045027294,31372134163597
7552078316694,31372171426652
7552111605394,31372206835910
7552144895394,31372243343685
7552178183694,31372279968560
7552211473494,31372314537111
7552244763694,31372349823718
7552278085494,31372388372234
7552311341094,31372424246164
7552344636394,31372460388219
7552377922394,31372509235774
7552411210594,31372547852852
7552444505794,31372582707583
7552477788394,31372616609101
7552511079794,31372659162874
7552544372894,31372698505859
7552577656194,31372737784944
7552610946394,31372774960430
7552644242294,31372823371963
7552677524794,31372859549796
7552710815594,31372895250187
7552744104594,31372930534663
7552777393994,31372967241076
7552810683394,31373003434387
7552843971294,31373039072885
7552877262294,31373076441985
7552910550394,31373112677277
7552943839694,31373162824098
7552977130294,31373198431979
7553010419194,31373233411688
7553043707694,31373271671851
7553077001994,31373311119877
7553110288594,31373352061425
7553143598394,31373388758773
7553176871694,31373422317615
7553210154794,31373458907488
7553243458194,31373495134286
7553276739694,31373532534020
7553310022694,31373567755195
7553343312994,31373603795873
7553376609794,31373640944602
7553409896494,31373684949967
7553443181594,31373720111949
7553476471694,31373760680120
7553509759494,31373795654166
7553543049694,31373831810900
7553576337794,31373871853921
7553609661194,31373911289312
7553642916294,31373951841038
7553676205894,31373987118471
7553709496194,31374022096461
7553742789594,31374070232910
7553776077194,31374105461346
7553809368294,31374139030456
7553842654894,31374190445624
7553875941994,31374225790906
7553909238094,31374259492054
7553942520994,31374296709171
7553975811194,31374332891400
7554009106894,31374372926096
7554042389094,31374407319940
7554075679794,31374444911063
7554108976394,31374485184771
7554142256794,31374523722383
7554175547594,31374560063977
7554208837194,31374595907464
7554242125594,31374630356469
7554275416094,31374667407772
7554308705494,31374702790574
7554341994294,31374740455736
7554375284294,31374777757714
7554408572094,31374810917426
7554441862494,31374847475270
7554475173494,31374887382294
7554508440694,31374924238739
7554541734794,31374964281485
7554575041194,31375000495156
7554608308494,31375035924300
7554641604294,31375078060542
7554674888594,31375119847502
7554708177994,31375160305049
7554741472894,31375199637689
7554774755494,31375238080808
7554808045894,31375272715345
7554841340994,31375314246520
7554874623694,31375349417393
7554907913894,31375398837169
7554941203094,31375436477287
7554974491994,31375471722249
7555007782194,31375506804868
7555041071394,31375546571406
7555074363494,31375593901884
7555107650494,31375628267816
7555140938794,31375664831319
7555174229594,31375705724425
7555207517194,31375743486749
7555240806794,31375792525124
7555274100494,31375830082785
7555307386694,31375862915654
7555340675094,31375902224853
7555373970894,31375936998494
7555407255094,31375978695427
7555440544794,31376021076579
7555473839394,31376055694610
7555507122194,31376090912036
7555540412494,31376128482596
7555573706694,31376166283272
7555606989994,31376204680857
7555640280294,31376237611933
7555673576794,31376273953389
7555706857894,31376316390077
7555740148994,31376353277143
7555773438994,31376406452541
7555806726794,31376444316397
7555840017294,31376487504020
7555873304894,31376522131343
7555906628894,31376557707494
7555939883994,31376594915909
7555973173094,31376630727128
7556006467694,31376679799172
7556039753894,31376713802344
7556073041694,31376749485159
7556106337494,31376797793029
7556139621294,31376837378918
7556172909494,31376869802121
7556206205894,31376918223114
7556239493994,31376958098255
7556272778394,31376994791002
7556306072994,31377028623387
7556339356194,31377064909406
7556372646894,31377101036396
7556405936894,31377139912615
7556439229194,31377176360288
7556472514794,31377212052177
7556505805494,31377248585049
7556539092594,31377284508234
7556572382894,31377322627805
7556605671394,31377359389302
7556638961994,31377394666958
7556672251794,31377442193283
7556705539894,31377477718621
7556738833694,31377512563643
7556772119094,31377551206903
7556805407794,31377589762252
7556838703594,31377628580730
7556871987994,31377663266154
7556905276094,31377699006971
7556938571694,31377736215289
7556971859494,31377771312862
7557005145094,31377810168886
7557038441194,31377844875275
7557071723094,31377882758562
7557105013294,31377918657656
7557138301294,31377956953545
7557171590694,31377995227879
7557204881294,31378031747510
7557238204394,31378066546212
7557271458694,31378102289675
7557304749594,31378153603909
7557338039194,31378192259192
7557371328494,31378234485569
7557404617594,31378267806358
7557437906194,31378303319831
7557471200294,31378340050860
7557504484994,31378392905648
7557537773794,31378427498571
7557571083794,31378462861393
7557604353994,31378498128022
7557637642194,31378536599895
7557670938094,31378569269554
7557704222494,31378608574358
7557737512494,31378648256722
7557770807194,31378681984344
7557804089194,31378716791695
7557837380894,31378759385679
7557870668194,31378798967124
7557903957394,31378837893671
7557937247694,31378879891030
7557970537894,31378917616724
7558003825394,31378951903341
7558037115994,31378989486888
7558070406694,31379025240928
7558103702594,31379060588222
7558136983594,31379097050386
7558170272294,31379132522266
7558203566994,31379169445083
7558236850894,31379205285616
7558270140494,31379245873388
7558303436594,31379281969259
7558336722794,31379318847994
7558370008894,31379359037841
7558403305094,31379399743263
7558436589194,31379452860209
7558469876594,31379502920987
7558503172394,31379547544850
7558536455694,31379583493006
7558569765894,31379628698551
7558603034394,31379671271199
7558636323694,31379704844239
7558669614194,31379742743839
7558702903294,31379780018288
7558736191794,31379814435820
7558769482794,31379852480538
7558802773094,31379903100431
7558836060194,31379937264365
7558869350494,31379973316504
7558902638694,31380011787885
7558935931894,31380062627678
7558969217894,31380106654803
7559002506894,31380142998489
7559035803194,31380177061299
7559069087194,31380214196808
7559102374794,31380252511180
7559135671494,31380287387607
7559168955994,31380325704090
7559202243194,31380361504357
7559235539194,31380398003132
7559268831494,31380433271588
7559302111994,31380472786900
7559335401194,31380520352151
7559368690094,31380569797880
7559401980294,31380606282219
7559435285794,31380644735791
7559468571894,31380685216660
7559501848694,31380725624335
7559535138094,31380767092891
7559568426794,31380803184924
7559601716994,31380840278477
7559635006094,31380874929216
7559668298994,31380910702036
7559701584794,31380948630268
7559734873294,31380991460345
7559768169894,31381025900173
7559801452194,31381063513814
7559834741194,31381100916051
7559868037594,31381142520139
7559901351294,31381176829611
7559934609094,31381213658029
7559967906994,31381249796144
7560001190594,31381290979480
7560034478794,31381329247169
7560067767994,31381384198088
7560101056094,31381424496726
7560134347794,31381457780745
7560167635294,31381496339878
7560200924794,31381531014020
7560234214994,31381566780138
7560267504294,31381602734508
7560300792794,31381640197553
7560334083494,31381677353890
7560367372394,31381713706983
7560400666294,31381752311142
7560433951294,31381789406058
7560467239594,31381825558150
7560500537794,31381865005043
7560533818494,31381906419401
7560567107794,31381947006252
7560600407594,31381984751342
7560633686794,31382019544452
7560666975594,31382055375934
7560700273094,31382089579368
7560733555994,31382128452942
7560766861794,31382165232116
7560800134494,31382201960714
7560833422494,31382235843305
7560866716994,31382274463076
7560900002094,31382309569251
7560933290994,31382348898039
7560966581294,31382384071302
7560999870694,31382420038448
7561033158794,31382460431315
7561066449894,31382500317230
7561099739894,31382553305333
7561133030994,31382599559341
7561166317494,31382639255069
7561199606294,31382675388577
7561232951894,31382710142107
7561266185194,31382746534172
7561299474394,31382782121423
7561332770294,31382834617945
7561366057294,31382871938354
7561399342294,31382908887332
7561432638894,31382944760484
7561465923294,31382982464429
7561499210494,31383019592210
7561532500894,31383055071494
7561565804394,31383096601566
7561599079194,31383138169854
7561632368494,31383179795614
7561665657394,31383218399415
7561698948094,31383267794438
7561732238194,31383306181827
7561765525594,31383341341806
7561798816194,31383373990151
7561832105394,31383415331472
7561865397694,31383448438774
7561898684294,31383485909252
7561931973694,31383528857999
7561965268594,31383574159630
7561998552794,31383626554993
7562031840694,31383680136093
7562065137294,31383733303636
7562098443694,31383780199824
7562131708494,31383826996931
7562165005594,31383876151035
7562198305194,31383925842456
7562231576694,31383975226324
7562264867294,31384025787355
7562298170794,31384076456997
7562331446094,31384122799756
7562364734894,31384171728034
7562398023994,31384220052984
7562431314594,31384266775298
7562464602494,31384311603263
7562497892194,31384355989575
7562531181994,31384403822473
7562564529494,31384456399612
7562597762294,31384509923856
7562631050494,31384562031523
7562664340094,31384610721336
7562697637894,31384662710098
7562730918694,31384715569457
7562764207094,31384770171277
7562797504794,31384818418871
7562830785594,31384863239118
7562864074694,31384906696182
7562897371594,31384948743504
7562930654194,31384990263457
7562963943194,31385031365777
7562997233294,31385072013788
7563030523394,31385114701431
7563063812594,31385159928861
7563097100994,31385203191106
7563130390294,31385246862931
7563163681894,31385291907964
7563196968794,31385334293424
7563230258194,31385377450492
7563263564594,31385424439602
7563296838194,31385476363599
7563330127794,31385526224365
7563363416994,31385580632338
7563396710094,31385636464797
7563430024194,31385694818933
7563463285194,31385752965228
7563496573494,31385806600526
7563529881194,31385861450632
7563563153894,31385919294399
7563596441594,31385974977726
7563629738094,31386032452958
7563663023394,31386092175267
7563696309994,31386151513708
7563729600294,31386209845572
7563762891594,31386266728158
7563796177794,31386320727057
7563829468394,31386374245991
7563862777094,31386427806866
7563896080294,31386479574714
7563929335994,31386527542449
7563962625094,31386577042039
7563995915194,31386622123076
7564029205894,31386666230180
7564062494894,31386709181149
7564095783694,31386753018934
7564129073894,31386796255064
7564162366594,31386841240290
7564195650994,31386883983385
7564228939694,31386926419157
7564262236194,31386968156670
7564295519794,31387011447686
7564328808094,31387053966958
7564362104694,31387096522400
7564395391094,31387141153491
7564428675894,31387185676946
7564461966694,31387230352729
7564495256394,31387276790943
7564528544394,31387325773600
7564561834694,31387374763531
7564595142994,31387426090841
7564628413494,31387475914663
7564661702294,31387518915767
7564694991394,31387563239205
7564728281394,31387606915587
7564761569694,31387657132157
7564794860794,31387709753527
7564828149794,31387761479313
7564861459694,31387809022256
7564894732994,31387858250873
7564928017794,31387907767627
7564961307394,31387954339146
7564994602394,31388000661457
7565027886694,31388046728420
7565061174294,31388092527543
7565094471594,31388137369789
7565127753294,31388183375040
7565161042294,31388227673638
7565194333194,31388279186064
7565227621494,31388336356762
7565260910194,31388390683732
7565294200594,31388437125218
7565327490594,31388482672543
7565360780494,31388528678379
7565394068594,31388590093217
7565427357594,31388653679168
7565460648794,31388710060849
7565493936494,31388771509898
7565527227294,31388823371971
7565560521194,31388870145424
7565593806194,31388914937284
7565627098994,31388965906835
7565660384294,31389025384852
7565693674694,31389074230452
7565726969494,31389120112663
7565760252194,31389162089576
7565793541094,31389205344405
7565826837994,31389248183449
7565860119694,31389291801562
7565893409094,31389335094734
7565926720694,31389378547425
7565959987694,31389422408805
7565993276994,31389466272840
7566026567594,31389510466051
7566059857594,31389555297748
7566093144894,31389599242336
7566126435194,31389656151748
7566159723794,31389714212342
7566193045494,31389770427029
7566226302794,31389823581665
7566259593194,31389879142584
7566292882294,31389934870775
7566326171794,31389997883583
7566359465794,31390061305196
7566392750694,31390116963239
7566426041494,31390174224034
7566459334294,31390232093207
7566492618494,31390292550650
7566525907394,31390345356863
7566559203294,31390394895270
7566592486694,31390439549760
7566625775594,31390480593348
7566659065894,31390524143450
7566692367594,31390568999638
7566725643194,31390610781688
7566758933994,31390659216059
7566792223894,31390712083771
7566825511794,31390766547736
7566858801494,31390824629513
7566892115194,31390879297622
7566925380894,31390929709002
7566958670094,31390981719873
7566991959394,31391032801129
7567025279194,31391082782886
7567058538194,31391131222007
7567091831994,31391178897506
7567125116794,31391224255937
7567158406594,31391262079685
7567191700694,31391301620742
7567224985594,31391342769872
7567258274894,31391380612483
7567291570194,31391421785150
7567324853794,31391462855562
7567358141894,31391502820040
7567391432194,31391542796167
7567424720494,31391585055864
7567458009494,31391623153551
7567491300394,31391665220827
7567524611594,31391704940533
7567557877894,31391742777820
7567591168094,31391784764697
7567624460294,31391822415078
7567657747394,31391866967413
7567691036294,31391903711328
7567724326494,31391946402691
7567757615994,31391984778712
7567790903694,31392020200682
7567824198894,31392065521475
7567857485094,31392106936090
7567890772594,31392142936312
7567924066994,31392177539192
7567957351294,31392215620681
7567990640894,31392255332023
7568023938194,31392291155623
7568057219394,31392331246240
7568090507994,31392368621974
7568123802594,31392407519836
7568157086794,31392442294256
7568190375994,31392487492112
7568223667594,31392521267715
7568256955894,31392556358911
7568290243894,31392597988414
7568323534794,31392632196452
7568356824394,31392677403316
7568390119694,31392720336289
7568423403194,31392757304362
7568456692094,31392790224261
7568489981494,31392828534102
7568523269994,31392864860057
7568556564894,31392903842089
7568589849794,31392938517703
7568623139094,31392979478748
7568656432694,31393015648639
7568689717294,31393055696231
7568723008194,31393103958226
7568756301894,31393144733081
7568789585994,31393182600328
7568822874594,31393219797844
7568856190694,31393268132922
7568889453094,31393313136499
7568922742494,31393352717630
7568956032994,31393388334083
7568989321994,31393429203765
7569022610694,31393469519577
7569055901194,31393510372314
7569089190994,31393549969584
7569122478894,31393585045542
7569155768894,31393619415253
7569189058594,31393656737751
7569222347894,31393694134513
7569255636994,31393727625141
7569288931394,31393765160227
7569322216194,31393803213642
7569355509794,31393837961126
7569388799794,31393882348830
7569422085394,31393935679421
7569455373894,31393973725569
7569488668594,31394010414953
7569521952494,31394047622166
7569555242094,31394083585183
7569588530894,31394130942421
7569621820894,31394170147485
7569655109294,31394202896225
7569688399394,31394241637202
7569721701494,31394280065223
7569754977594,31394318069329
7569788267294,31394356329528
7569821557994,31394396347458
7569854844994,31394433838520
7569888135494,31394471806640
7569921453294,31394507511084
7569954714394,31394549281800
7569988004494,31394586462030
7570021297994,31394624042640
7570054582294,31394664081008
7570087870594,31394697603065
7570121166094,31394737318150
7570154450094,31394778271846
7570187764494,31394815710433
7570221034294,31394854987527
7570254318594,31394889279460
7570287608294,31394932270856
7570320897594,31394967489232
7570354186994,31395011570592
7570387475694,31395056064687
7570420766994,31395095336561
7570454053594,31395144135953
7570487343894,31395185639267
7570520633494,31395226274010
7570553922994,31395260021169
7570587211394,31395303631551
7570620502494,31395349127051
7570653792094,31395384486764
7570687081294,31395425350147
7570720370094,31395467134225
7570753663994,31395508475391
7570786949594,31395550819872
7570820236694,31395592435809
7570853532694,31395635590373
7570886816294,31395677010608
7570920106594,31395718935666
7570953400994,31395761533504
7570986684794,31395801762032
7571019975194,31395848020818
7571053289294,31395886794898
7571086553294,31395926447419
7571119841694,31395971477794
7571153135494,31396011982180
7571186420494,31396056138981
7571219709994,31396096953862
7571253003294,31396136971386
7571286290694,31396177387121
7571319578194,31396217379928
7571352868694,31396258588201
7571386158694,31396299322476
7571419446194,31396342382742
7571452736694,31396384931532
7571486060494,31396427062798
7571519366294,31396470247978
7571552604194,31396511664637
7571585899394,31396553180351
7571619183094,31396597149538
7571652472894,31396640872216
7571685767694,31396677972306
7571719051094,31396721220482
7571752342094,31396762647601
7571785629394,31396798772036
7571818919594,31396846691458
7571852207794,31396885446363
7571885498094,31396920979206
7571918787794,31396956626506
7571952076194,31396990772073
7571985366894,31397035355475
7572018659894,31397071207188
7572051944694,31397113237468
7572085235294,31397146763843
7572118525694,31397185268068
7572151812294,31397220347290
7572185102894,31397258143773
7572218426194,31397293231633
7572251681394,31397331258516
7572284971494,31397368881098
7572318265294,31397413996301
7572351550094,31397448351983
7572384860294,31397498991545
7572418133994,31397537108107
7572451418294,31397574301385
7572484719794,31397609911112
7572517996394,31397647203738
7572551285994,31397685659672
7572584575394,31397726586062
7572617865094,31397765100485
7572651154494,31397798156023
7572684442594,31397837609039
7572717732994,31397870527854
7572751021694,31397906783516
7572784311194,31397941259505
7572817601194,31397976589596
7572850924094,31398016909860
7572884179094,31398046800420
7572917469694,31398090223227
7572950764994,31398127207144
7572984048094,31398167152845
7573017337294,31398207035479
7573050631094,31398245819852
7573083917394,31398284456943
7573117204794,31398322008018
7573150500094,31398362617659
7573183784194,31398405527178
7573217074694,31398443826766
7573250361894,31398487072458
7573283652694,31398525049459
7573316943594,31398564073432
7573350231694,31398606456440
7573383520794,31398646258899
7573416809094,31398685901398
7573450100094,31398726646012
7573483387594,31398764441135
7573516676894,31398805054604
7573549967894,31398846772125
7573583257294,31398886859028
7573616545294,31398926605735
7573649835694,31398969109023
7573683132494,31399007703478
7573716435994,31399047894205
7573749703794,31399087709729
7573782998594,31399125986388
7573816305894,31399165723732
7573849570794,31399206554244
7573882866594,31399248277510
7573916155894,31399289327840
7573949439394,31399330012879
7573982728394,31399371381190
7574016018894,31399407629386
7574049308994,31399446925521
7574082596894,31399485999617
7574115886794,31399524091614
7574149175394,31399559614270
7574182465894,31399599925341
7574215754794,31399642134232
7574249043694,31399677692787
7574282333994,31399717613333
7574315624494,31399758233925
7574348911894,31399795973350
7574382202394,31399837176213
7574415498994,31399876290276
7574448780094,31399920078106
7574482070494,31399959538445
7574515365094,31400000883788
7574548648194,31400038192030
7574581938094,31400076828046
7574615233094,31400125355895
7574648517194,31400164039359
7574681817894,31400197113024
7574715094594,31400234995366
7574748384894,31400272711797
7574781675094,31400308868606
7574814963194,31400353261895
7574848252594,31400389051653
7574881541594,31400429564641
7574914832194,31400466210775
7574948121794,31400502787952
7574981409794,31400539091208
7575014700294,31400581739071
7575047988794,31400627699787
7575081277994,31400665894391
7575114568694,31400709314336
7575147879594,31400750848640
7575181146094,31400796653568
7575214436894,31400838401048
7575247732494,31400880455895
7575281014894,31400922547548
7575314305394,31400962558006
7575347598794,31401008981211
7575380883994,31401049444113
7575414172294,31401092752235
7575447461094,31401132402044
7575480751394,31401175018647
7575514040494,31401216196808
7575547329994,31401259881964
7575580619194,31401301529744
7575613909194,31401343713699
7575647203394,31401386207912
7575680487794,31401429729702
7575713776194,31401471166170
7575747067794,31401510636158
7575780355094,31401554626564
7575813664894,31401595675447
7575846935094,31401639451505
7575880228894,31401677324565
7575913512394,31401731481687
7575946803294,31401773431556
7575980098694,31401815186834
7576013381894,31401854035150
7576046671194,31401899293273
7576079965794,31401936826848
7576113250394,31401978190110
7576146538694,31402018623768
7576179831194,31402061406910
7576213117994,31402102988621
7576246406794,31402147914772
7576279695794,31402187882516
7576312985794,31402232465092
7576346276794,31402272101574
7576379564294,31402310970136
7576412853994,31402350989839
7576446143294,31402387131103
7576479462294,31402431565253
7576512721694,31402470290788
7576546010694,31402502274120
7576579301194,31402545477189
7576612596994,31402579515230
7576645879694,31402622420602
7576679169794,31402659363576
7576712466094,31402696493559
7576745747094,31402736662284
7576779037594,31402777395837
7576812332394,31402817342376
7576845616394,31402856271028
7576878905594,31402898760141
7576912197494,31402938740258
7576945484594,31402979333065
7576978774794,31403018265460
7577012062394,31403063419525
7577045352694,31403106736871
7577078641694,31403148327286
7577111930394,31403188257424
7577145220894,31403229270836
7577178510494,31403269307775
7577211799094,31403310692830
7577245089194,31403353927042
7577278377194,31403390247791
7577311667694,31403430440330
7577344972994,31403472699662
7577378245494,31403512126685
7577411535594,31403554039094
7577444831894,31403594486299
7577478113294,31403643794734
7577511404094,31403690891603
7577544727994,31403737272015
7577577982294,31403775010010
7577611272894,31403813995317
7577644563594,31403852074890
7577677850894,31403892979997
7577711142394,31403925410496
7577744428194,31403970518810
7577777718994,31404011079593
7577811056994,31404052869377
7577844296894,31404093787779
7577877586894,31404136138316
7577910876194,31404180293571
7577944165994,31404226394550
7577977454894,31404267837984
7578010743794,31404307313470
7578044039694,31404345345224
7578077326694,31404387366995
7578110611994,31404424507003
7578143901394,31404476800940
7578177197494,31404519210061
7578210479394,31404553597286
7578243770794,31404588669174
7578277066294,31404624640065
7578310349994,31404667945638
7578343638294,31404706177841
7578376929694,31404749401709
7578410217994,31404791843965
7578443505694,31404834141393
7578476794894,31404876972833
7578510085694,31404920758115
7578543374494,31404965998572
7578576662894,31405009629149
7578609953994,31405049640113
7578643243094,31405089651972
7578676535094,31405128914044
7578709821394,31405173028161
7578743109894,31405221036054
7578776400894,31405255814661
7578809692894,31405296231883
7578842978194,31405333601766
7578876268194,31405375177453
7578909564994,31405419426957
7578942846194,31405454806909
7578976136294,31405497351113
7579009433894,31405540905089
7579042714094,31405574404962
7579076005194,31405617390253
7579109331694,31405660414704
7579142605594,31405701162121
7579175871894,31405745488027
7579209161594,31405782975202
7579242451594,31405825203389
7579275746694,31405863037349
7579309030894,31405903414107
7579342319894,31405947083281
7579375610394,31405986844248
7579408897494,31406028341305
7579442187294,31406068615874
7579475476594,31406109998247
7579508766394,31406143481326
7579542059994,31406178964492
7579575344594,31406220322266
7579608651394,31406261622041
7579641931194,31406303359489
7579675212694,31406343285634
7579708502794,31406383932718
7579741799994,31406428506670
7579775081094,31406470005541
7579808371194,31406512468826
7579841698594,31406559845753
7579874950094,31406597467436
7579908239194,31406639221145
7579941527694,31406680790561
7579974818094,31406722390692
7580008115594,31406764466889
7580041395794,31406807223652
7580074685894,31406849697732
7580107989694,31406892388930
7580141264094,31406938656452
7580174555994,31406979558923
7580207842894,31407022522531
7580241133094,31407062113348
7580274426094,31407103353969
7580307710594,31407146672256
7580341001294,31407200913528
7580374295594,31407240263970
7580407578894,31407279729064
7580440868894,31407320259345
7580474196394,31407355797068
7580507446694,31407394034377
7580540737594,31407440707156
7580574064294,31407479028650
7580607316294,31407519380736
7580640606294,31407557626384
7580673893994,31407601596134
7580707185594,31407636762021
7580740473194,31407678634128
7580773763994,31407726203871
7580807052794,31407764176903
7580840342994,31407798357923
7580873630294,31407840369624
7580906920594,31407882856622
7580940211494,31407923017992
7580973500694,31407966618557
7581006792694,31408006879741
7581040077194,31408050382717
7581073368894,31408092960196
7581106661594,31408133674554
7581139945694,31408177226626
7581173235494,31408217387450
7581206530894,31408257473362
7581239813994,31408298275623
7581273104394,31408338434466
7581306400594,31408377866919
7581339696994,31408421570485
7581372971994,31408458543139
7581406260394,31408501309354
7581439552794,31408542921419
7581472839094,31408579592937
7581506152094,31408618626930
7581539418994,31408657342707
7581572708394,31408697394588
7581605996894,31408742554188
7581639287494,31408780126339
7581672577694,31408822970619
7581705864994,31408861876875
7581739159094,31408900826733
7581772443894,31408947962566
7581805758894,31408985790532
7581839028394,31409030204159
7581872311694,31409069904245
7581905601894,31409105850241
7581938898294,31409142043117
7581972180094,31409174005089
7582005470794,31409213616546
7582038767194,31409248294330
7582072047894,31409287646134
7582105338294,31409328240552
7582138627094,31409368197033
7582171917094,31409398165492
7582205207394,31409438423520
7582238494994,31409476593549
7582271785594,31409514187904
7582305074994,31409551529192
7582338363094,31409586566097
7582371653694,31409619959257
7582404942994,31409659671117
7582438231494,31409698019803
7582471525094,31409737445023
7582504810294,31409772312400
7582538100294,31409825127873
7582571394994,31409867779696
7582604678194,31409905209310
7582637968894,31409939335660
7582671282894,31409977213033
7582704546694,31410024278801
7582737836694,31410061103578
7582771134494,31410095819719
7582804414394,31410133279866
7582837704794,31410167800520
7582870994894,31410204039218
7582904283594,31410240504851
7582937573794,31410277175884
7582970861594,31410317716617
7583004152194,31410351214427
7583037440294,31410387319338
7583070729594,31410425702198
7583104019994,31410464924983
7583137308994,31410503040245
7583170597994,31410540039833
7583203893094,31410576107871
7583237177594,31410612340901
7583270466794,31410645341240
7583303761494,31410680819531
7583337044894,31410722931888
7583370336394,31410768939457
7583403642194,31410805507462
7583436912694,31410843628997
7583470203294,31410881776598
7583503498294,31410916234319
7583536780994,31410951353335
7583570071094,31410987115132
7583603360694,31411024415028
7583636650794,31411059615059
7583669939294,31411109241024
7583703227694,31411151354872
7583736519094,31411183680242
7583769806894,31411221535666
7583803096194,31411263506352
7583836386194,31411305528558
7583869675794,31411341911723
7583902963594,31411377614917
7583936257694,31411424928310
7583969544694,31411459713207
7584002854794,31411494437977
7584036128094,31411532038935
7584069410694,31411583367422
7584102711694,31411619292336
7584135995794,31411652124674
7584169279194,31411688416468
7584202569394,31411723221495
7584235864994,31411760430922
7584269147194,31411824715417
7584302437394,31411859890826
7584335728094,31411892090705
7584369015394,31411936889907
7584402305894,31411971012210
7584435594194,31412011811577
7584468917994,31412045080235
7584502172994,31412081208753
7584535462494,31412117595294
7584568752594,31412161241664
7584602043294,31412195488149
7584635330194,31412235153699
7584668623794,31412265443164
7584701910294,31412306477541
7584735198694,31412344555307
7584768494394,31412382412830
7584801778794,31412415454025
7584835067694,31412455046814
7584868362694,31412490675372
7584901645694,31412527393416
7584934935494,31412565685505
7584968232094,31412602465714
7585001513794,31412638607289
7585034804094,31412672906373
7585068094094,31412708408852
7585101381694,31412754280451
7585134672094,31412793244494
7585167961694,31412828820937
7585201251194,31412873176104
7585234540794,31412912163845
7585267828794,31412941839891
7585301122094,31412983666306
7585334429294,31413023357870
7585367696794,31413062192227
7585400990094,31413103390454
7585434296394,31413142744629
7585467564794,31413177497909
7585500860594,31413220178948
7585534144694,31413260432821
7585567434594,31413297064106
7585600729994,31413340218999
7585634011494,31413374398578
7585667302194,31413413970207
7585700597194,31413455201406
7585733880094,31413491645063
7585767170194,31413536320919
7585800460194,31413571688901
7585833748294,31413607234300
7585867038894,31413655398569
7585900328194,31413689303876
7585933621594,31413727685195
7585966906894,31413768126330
7586000195494,31413801669636
7586033486394,31413849539015
7586066777194,31413883938256
7586100063294,31413921349271
7586133356194,31413972050832
7586166642694,31414009764250
7586199931494,31414044966209
7586233227194,31414080192857
7586266511894,31414120133496
7586299800994,31414153806814
7586333096194,31414194488519
7586366378194,31414235343098
7586399669394,31414270743561
7586432978994,31414305536929
7586466246394,31414345552798
7586499536294,31414379506639
7586532827194,31414419603404
7586566114494,31414457538697
7586599405194,31414509464393
7586632696194,31414555896379
7586666005394,31414599598768
7586699273294,31414642952510
7586732561694,31414687565525
7586765879894,31414731657022
7586799140394,31414776086003
7586832429894,31414820853844
7586865722694,31414867407095
7586899009494,31414912395643
7586932297694,31414956233321
7586965594294,31415000199299
7586998878994,31415042756657
7587032165694,31415090613380
7587065461794,31415140721231
7587098744294,31415188606585
7587132068994,31415231169824
7587165329594,31415279186249
7587198616294,31415332283990
7587231902994,31415384169829
7587265193594,31415431262594
7587298480894,31415476814732
7587331771694,31415520193266
7587365061694,31415566065170
7587398348894,31415612443603
7587431639694,31415658860401
7587464927794,31415702858008
7587498217994,31415745130143
7587531508194,31415795229534
7587564795894,31415844153958
7587598089194,31415889757634
7587631375594,31415931489609
7587664664494,31415976586630
7587697960494,31416023634489
7587731243894,31416076045143
7587764532594,31416127459468
7587797828294,31416173147989
7587831114594,31416216924669
7587864401194,31416260218984
7587897696994,31416303840842
7587930979394,31416346513813
7587964269794,31416390406984
7587997558294,31416445198271
7588030847194,31416499312172
7588064137894,31416551756680
7588097453094,31416605044311
7588130714794,31416662016891
7588164006194,31416716580693
7588197295294,31416769770834
7588230584694,31416823059164
7588263874194,31416876794271
7588297162094,31416934371143
7588330459494,31416989578940
7588363741294,31417042292558
7588397030694,31417092822437
7588430326894,31417143077345
7588463610894,31417194912785
7588496898294,31417250585565
7588530195094,31417304744561
7588563479594,31417358349536
7588596768594,31417414644362
7588630063094,31417472573853
7588663345594,31417535604153
7588696637094,31417587496209
7588729924294,31417643291192
7588763214394,31417691056197
7588796503794,31417736410177
7588829793594,31417784331440
7588863081994,31417828186181
7588896372394,31417873441496
7588929661994,31417919197317
7588962952094,31417965842531
7588996240694,31418015231817
7589029528794,31418060604760
7589062822094,31418106066273
7589096107894,31418148511866
7589129396794,31418188378743
7589162692694,31418229521726
7589195976194,31418275433169
7589229264994,31418328936842
7589262561294,31418379927694
7589295845994,31418427682454
7589329133194,31418475011222
7589362429294,31418519977354
7589395711994,31418565565146
7589429034894,31418609998038
7589462290494,31418651674022
7589495580194,31418698084041
7589528869994,31418746509093
7589562159594,31418792855720
7589595448294,31418838215788
7589628738494,31418885311569
7589662029294,31418933526007
7589695316294,31418988825703
7589728606494,31419045171906
7589761895394,31419092748126
7589795187194,31419136024556
7589828474694,31419180784179
7589861766994,31419227272438
7589895059694,31419264442430
7589928343894,31419302091879
7589961631394,31419354635398
7589994927594,31419401274972
7590028211494,31419448056818
7590061499594,31419487178291
7590094795894,31419526297707
7590128087494,31419568193721
7590161368294,31419610770439
7590194658494,31419650437527
7590227946694,31419692308357
7590261236494,31419731165761
7590294525894,31419771376935
7590327814894,31419810082903
7590361105194,31419853976409
7590394394494,31419890084641
7590427682694,31419943848809
7590460973494,31419994746187
7590494262594,31420038166664
7590527553994,31420072042831
7590560841394,31420114494764
7590594130094,31420155866556
7590627425894,31420202796887
7590660708094,31420242892054
7590693997794,31420282345779
7590727294194,31420326871520
7590760614894,31420368383297
7590793865994,31420407719455
7590827162094,31420447204771
7590860446094,31420489382355
7590893735094,31420530691799
7590927025294,31420570532768
7590960312894,31420613745938
7590993604394,31420655393908
7591026891694,31420716088886
7591060180994,31420759580015
7591093471594,31420799590624
7591126760794,31420840624594
7591160049094,31420878398310
7591193339894,31420914862871
7591226629294,31420956899184
7591259923194,31421002986464
7591293207994,31421048710970
7591326496094,31421100896127
7591359793794,31421153980125
7591393074894,31421200318543
7591426364494,31421243752376
7591459660294,31421285018659
7591492944094,31421331271700
7591526232794,31421374970278
7591559528594,31421421959087
7591592811994,31421468809489
7591626106794,31421515319175
7591659390594,31421560754007
7591692679494,31421607542373
7591725969494,31421656766907
7591759261194,31421702269180
7591792547194,31421758106526
7591825838094,31421827361440
7591859127294,31421888248325
7591892415794,31421938778830
7591925705894,31421994201148
7591958996194,31422041961307
7591992284894,31422085377892
7592025573994,31422123931775
7592058862394,31422161602441
7592092182894,31422200698830
7592125441094,31422240140673
7592158730794,31422278550523
7592192026694,31422321986799
7592225311694,31422364894084
7592258598894,31422408227071
7592291895494,31422449495585
7592325178594,31422494318823
7592358466694,31422539995343
7592391756794,31422582269599
7592425059794,31422625208461
7592458335994,31422670051203
7592491625094,31422716651928
7592524914094,31422763927450
7592558204094,31422811173484
7592591493694,31422857653102
7592624782194,31422903894078
7592658072394,31422947465303
7592691363094,31422991352501
7592724650694,31423034702259
7592757940594,31423076767704
7592791229794,31423117905112
7592824524594,31423155787256
7592857808794,31423195615900
7592891096894,31423234460740
7592924393294,31423278125937
7592957686694,31423319265125
7592990964894,31423361658817
7593024261694,31423403824280
7593057544494,31423447135795
7593090832994,31423487418924
7593124123394,31423530897657
7593157425894,31423573620177
7593190702294,31423618901576
7593223994294,31423665158818
7593257280394,31423711343748
7593290570794,31423761280304
7593323858694,31423815954156
7593357148494,31423869625815
7593390438894,31423920917843
7593423757194,31423972276697
7593457016994,31424022540012
7593490307194,31424071967870
7593523596294,31424118867185
7593556893994,31424159282378
7593590175494,31424199536651
7593623463394,31424240628595
7593656763994,31424281282199
7593690041694,31424322256473
7593723331594,31424368472962
7593756628194,31424410692137
7593789911094,31424453525334
7593823199794,31424495712276
7593856489694,31424537253222
7593889779494,31424580766956
7593923069694,31424621762516
7593956358394,31424661249257
7593989646894,31424706038171
7594022937794,31424742255128
7594056225194,31424777473787
7594089514694,31424818171000
7594122805194,31424855906258
7594156095394,31424895867087
7594189383794,31424938367725
7594222673994,31424978691378
7594255964194,31425025119696
7594289275194,31425072041528
7594322542094,31425117229915
7594355829694,31425161683572
7594389126094,31425206227410
7594422420094,31425251378314
7594455697694,31425300571528
7594488994694,31425350946203
7594522277594,31425404945772
7594555566094,31425454556997
7594588855894,31425498877516
7594622146694,31425547269184
7594655433794,31425601934339
7594688724894,31425655246500
7594722013394,31425704188724
7594755332694,31425751351584
7594788591494,31425798096007
7594821881294,31425843959029
7594855171894,31425897101054
7594888460994,31425950213950
7594921750294,31426003157636
7594955039494,31426049230699
7594988329994,31426091732420
7595021624594,31426134128857
7595054907694,31426175553960
7595088196394,31426217813559
7595121492194,31426254768043
7595154775794,31426302151491
7595188064494,31426349016609
7595221361194,31426394130387
7595254644294,31426435045234
7595287932294,31426478940297
7595321222394,31426521295500
7595354512794,31426564248886
7595387800194,31426605831730
7595421090694,31426644664422
7595454397894,31426682752160
7595487669394,31426726078709
7595520959494,31426768278455
7595554250794,31426810108678
7595587537694,31426853022194
7595620855394,31426897273609
7595654115894,31426940598974
7595687406194,31426986470294
7595720705094,31427031972261
7595753988794,31427076753058
7595787273994,31427120966138
7595820563794,31427169225715
7595853859394,31427218331823
7595887142694,31427262789284
7595920430894,31427303507553
7595953727794,31427343640374
7595987009094,31427381403877
7596020298394,31427418931556
7596053589194,31427461114754
7596086911494,31427501929834
7596120166594,31427541707776
7596153456994,31427582371673
7596186747894,31427623826411
7596220036094,31427663191901
7596253325594,31427704056661
7596286614094,31427742833396
7596319905094,31427779311299
7596353192494,31427820352240
7596386482494,31427858655533
7596419772394,31427915445827
7596453061694,31427953456936
7596486355694,31427998332061
7596519640794,31428038668762
7596552930294,31428075131909
7596586226594,31428109572765
7596619508894,31428145316512
7596652797094,31428182699106
7596686094594,31428218234172
7596719379394,31428258735866
7596752665394,31428295755757
7596785955394,31428335409342
7596819244594,31428372962653
7596852533494,31428411903558
7596885823394,31428452474276
7596919114294,31428490716764
7596952424094,31428530784190
7596985691694,31428566656236
7597018980194,31428606966779
7597052288594,31428644537453
7597085562094,31428685239408
7597118849594,31428731291342
7597152138594,31428769460580
7597185428094,31428810367767
7597218722194,31428852151070
7597252007194,31428891826967
7597285296894,31428930660181
7597318590394,31428966776926
7597351875194,31429006921014
7597385163594,31429049856052
7597418493594,31429089953828
7597451741794,31429127011738
7597485031594,31429167884212
7597518325394,31429205704415
7597551612294,31429244326842
7597584899794,31429284593602
7597618189694,31429326799222
7597651480494,31429382397903
7597684767994,31429416037592
7597718058094,31429453286583
7597751370094,31429498379908
7597784636694,31429536352563
7597817926994,31429573084356
7597851223994,31429611843994
7597884505194,31429651145900
7597917795294,31429690859855
7597951088694,31429740890091
7597984373294,31429783762124
7598017662894,31429821655257
7598050956694,31429857521534
7598084241594,31429890948219
7598117531294,31429929586641
7598150826594,31429973236419
7598184109594,31430009836052
7598217398394,31430044357535
7598250691594,31430085103655
7598283976794,31430119787009
7598317266194,31430158098874
7598350556294,31430196075164
7598383876094,31430233531947
7598417134394,31430264088187
7598450424394,31430309077921
7598483737194,31430349090152
7598517003394,31430390407833
7598550293094,31430427658665
7598583581194,31430467818676
7598616875694,31430508755672
7598650159694,31430561209701
7598683454794,31430606497373
7598716739494,31430656239448
7598750028994,31430701534341
7598783322694,31430742243396
7598816607994,31430786030080
7598849897694,31430821733082
7598883194394,31430863678523
7598916475794,31430902212009
7598949764494,31430947319422
7598983065394,31430992186793
7599016343194,31431032743616
7599049632694,31431071449751
7599082922494,31431111535135
7599116212094,31431153403460
7599149500794,31431194849797
7599182790894,31431237791328
7599216080694,31431278459045
7599249369894,31431322781034
7599282659194,31431361203578
7599315947794,31431403626200
7599349238294,31431444915449
7599382526194,31431485227053
7599415820794,31431525180902
7599449106094,31431569724042
7599482395494,31431614863742
7599515689594,31431655410695
7599548974494,31431697668509
7599582264494,31431733466851
7599615581094,31431773890812
7599648841994,31431812545668
7599682130794,31431853106621
7599715450994,31431891196962
7599748709494,31431930830024
7599781998794,31431973414708
7599815288894,31432010745523
7599848579794,31432057395906
7599881867194,31432095784981
7599915157594,31432132437419
7599948447094,31432176148326
7599981735094,31432216100313
7600015025594,31432251917281
7600048343594,31432289054119
7600081604194,31432327045239
7600114892694,31432366307831
7600148187894,31432404413522
7600181472594,31432442494842
7600214762794,31432485569666
7600248056394,31432525227852
7600281340694,31432562701375
7600314630494,31432605958470
7600347924494,31432642561595
7600381209094,31432679066391
7600414497694,31432716867629
7600447794094,31432759256771
7600481077094,31432794024881
7600514365194,31432835885521
7600547655494,31432867313440
7600580947494,31432913014477
7600614233394,31432950507989
7600647523794,31432991629979
7600680813394,31433034216556
7600714100994,31433073169288
7600747391994,31433103593456
7600780709494,31433147114182
7600813970694,31433187657447
7600847260494,31433228285087
7600880556394,31433269776134
7600913839194,31433309949508
7600947127294,31433357354821
7600980422594,31433391514633
7601013706794,31433430294974
7601047025994,31433473341202
7601080290394,31433515110328
7601113575294,31433554155259
7601146864694,31433592650796
7601180160794,31433633161790
7601213443594,31433673189337
7601246732094,31433711407774
7601280023394,31433755091720
7601313310894,31433790444934
7601346600194,31433832200715
7601379890494,31433866436601
7601413179694,31433906689501
7601446468194,31433941295562
7601479758394,31433985115597
7601513048094,31434019596506
7601546337994,31434056730468
7601579626394,31434094242799
7601612919394,31434134061562
7601646206094,31434173538765
7601679493394,31434210612721
7601712788894,31434249246946
7601746073294,31434289629327
7601779363694,31434329855359
7601812657494,31434363602485
7601845941194,31434401854833
7601879232694,31434442723755
7601912529994,31434479966822
7601945809794,31434516894312
7601979098294,31434553949307
7602012396994,31434590857346
7602045676794,31434626922033
7602078966094,31434664261269
7602112256794,31434703966486
7602145545394,31434738527661
7602178834594,31434778916654
7602212124494,31434819926430
7602245415194,31434856431437
7602278701894,31434900959409
7602311993294,31434942745880
7602345286394,31434983137840
7602378593694,31435019957347
7602411859794,31435061475431
7602445155094,31435101618808
7602478439794,31435144077773
7602511729594,31435184653123
7602545023994,31435225571157
7602578309594,31435260160482
7602611597994,31435303185439
7602644889094,31435342484685
7602678176394,31435385477324
7602711464494,31435425540632
7602744754794,31435467198993
7602778045994,31435508303651
7602811333194,31435547638050
7602844623194,31435589339272
7602877912694,31435630072539
7602911200694,31435672145792
7602944490994,31435714037289
7602977781394,31435752786498
7603011068894,31435797593899
7603044359094,31435836852855
7603077681994,31435881313982
7603110938094,31435923031163
7603144228094,31435961992449
7603177521494,31435997278472
7603210806194,31436037939090
7603244103894,31436076642762
7603277389894,31436122043169
7603310674694,31436161193298
7603343963594,31436195576167
7603377258594,31436239721406
7603410542894,31436280149372
7603443831694,31436312722236
7603477121494,31436351574757
7603510410794,31436391205976
7603543699294,31436422962009
7603576989394,31436464710940
7603610277794,31436509553133
7603643567494,31436543803371
7603676857594,31436588935087
7603710178194,31436624665026
7603743435294,31436671897194
7603776725794,31436708631380
7603810021494,31436742958040
7603843304094,31436782858910
7603876594094,31436821883592
7603909891994,31436858826622
7603943173894,31436892527812
7603976461394,31436929411515
7604009756094,31436967207210
7604043042294,31437002461450
7604076330194,31437040367897
7604109624594,31437078137980
7604142908894,31437113356698
7604176198294,31437153199422
7604209488694,31437187135739
7604242776694,31437239703036
7604276065194,31437280204122
7604309356794,31437316163808
7604342644294,31437349123230
7604375933394,31437386858006
7604409223794,31437428641788
7604442513094,31437470557899
7604475801994,31437511886138
7604509091694,31437550326788
7604542386794,31437588358985
7604575684894,31437626539267
7604608960494,31437660841149
7604642254894,31437699110780
7604675550894,31437734395618
7604708827394,31437769501659
7604742122594,31437806204662
7604775407494,31437855701571
7604808696194,31437897688322
7604841991094,31437941403161
7604875274694,31437978930220
7604908566094,31438016073887
7604941853494,31438053995072
7604975143594,31438089802011
7605008431594,31438138275470
7605041758994,31438192431186
7605075010494,31438239062932
7605108300194,31438280725217
7605141590194,31438321074109
7605174879594,31438362375298
7605208167894,31438404031305
7605241458594,31438443953614
7605274753494,31438484620995
7605308036394,31438518159588
7605341326394,31438559981171
7605374620694,31438596641799
7605407905294,31438630940643
7605441197294,31438673366023
7605474489294,31438707825200
7605507773494,31438744201159
7605541063294,31438780119055
7605574357394,31438818452358
7605607641294,31438860781203
7605640931194,31438892959171
7605674219594,31438930385806
7605707509694,31438968340330
7605740799294,31439021069870
7605774088194,31439067954608
7605807381694,31439102931473
7605840666694,31439137288696
7605873956794,31439184573626
7605907265694,31439215034351
7605940534294,31439250736416
7605973824994,31439294068774
7606007120194,31439328800678
7606040402494,31439368572413
7606073692894,31439407087423
7606107016494,31439443175847
7606140271694,31439478050070
7606173560894,31439516827230
7606206855394,31439551121515
7606240140094,31439586748820
7606273428194,31439626656947
7606306724194,31439667571847
7606340007694,31439717278653
7606373327294,31439765316245
7606406585594,31439810905425
7606439876494,31439855871238
7606473165894,31439899819409
7606506455294,31439947677807
7606539744194,31439996236833
7606573032494,31440043149428
7606606323794,31440088548942
7606639611694,31440133006985
7606672900594,31440180702812
7606706191594,31440227797685
7606739484194,31440274985390
7606772768994,31440327433113
7606806059394,31440372041464
7606839355194,31440417746352
7606872638894,31440461445247
7606905927594,31440505970275
7606939222094,31440554271498
7606972506894,31440599535348
7607005794694,31440644674141
7607039090394,31440689716010
7607072380894,31440736892755
7607105663494,31440783123105
7607138952094,31440829418842
7607172242694,31440878686455
7607205532394,31440924527625
7607238849194,31440969213220
7607272110794,31441009154350
7607305399194,31441051878460
7607338703194,31441100744441
7607371977894,31441152393748
7607405267194,31441205097245
7607438557294,31441251072754
7607471852294,31441303355335
7607505135294,31441352579283
7607538425594,31441401644173
7607571722094,31441449555342
7607605003494,31441496087940
7607638294094,31441543563138
7607671618194,31441593365079
7607704907494,31441639622553
7607738161194,31441685581346
7607771456594,31441732182116
7607804740794,31441779593746
7607838030394,31441823032392
7607871318394,31441864414609
7607904608994,31441910631516
7607937899394,31441956272258
7607971186994,31442000289513
7608004478794,31442042803177
7608037765494,31442087965330
7608071055494,31442134108172
7608104345394,31442181126647
7608137633394,31442227211940
7608170923794,31442274154838
7608204218194,31442322585191
7608237501594,31442371787994
7608270792494,31442420441638
7608304088394,31442464358396
7608337369794,31442506420670
7608370660194,31442547725875
7608403983994,31442589142651
7608437238994,31442632905337
7608470539094,31442679108542
7608503823094,31442722873618
7608537107194,31442768209230
7608570417794,31442815719581
7608603684894,31442861291356
7608636975394,31442909067887
7608670279994,31442956800298
7608703553494,31443003108449
7608736844294,31443049772801
7608770133094,31443096192032
7608803422194,31443140747771
7608836711894,31443184234102
7608870000294,31443233781462
7608903290294,31443285855647
7608936582094,31443333660680
7608969867894,31443377594887
7609003158594,31443426162541
7609036485094,31443472618331
7609069735994,31443517608549
7609103026794,31443563793012
7609136322394,31443607996524
7609169609194,31443653350818
7609202894894,31443697363147
7609236189494,31443740321597
7609269474794,31443782315010
7609302761994,31443824359359
7609336051194,31443865796092
7609369341594,31443908896617
7609402632394,31443955848914
7609435919894,31444003309934
7609469209594,31444051555230
7609502500794,31444099436633
7609535789294,31444146451003
7609569078194,31444190318194
7609602366494,31444233149320
7609635657694,31444276064713
7609668948694,31444319008200
7609702234894,31444363744968
7609735524894,31444405889593
7609768820094,31444449139656
7609802102794,31444494587715
7609835393194,31444541350798
7609868689894,31444587344048
7609901992794,31444632013921
7609935260994,31444675669269
7609968555894,31444719073971
7610001868194,31444761355883
7610035128094,31444802744276
7610068417594,31444841905089
7610101708494,31444882908424
7610134997694,31444934462830
7610168285894,31444991469492
7610201575594,31445090134905
7610234866394,31445132562624
7610268154194,31445174982556
7610301444294,31445241857582
7610334732994,31445313376640
7610368023094,31445381699693
7610401314594,31445429662314
7610434601194,31445468532043
7610467891494,31445516651784
7610501187394,31445553856891
7610534469194,31445591756040
7610567759694,31445636972757
7610601056394,31445688206756
7610634337594,31445742225163
7610667627494,31445783559808
7610700922494,31445828698328
7610734206294,31445876942954
7610767505494,31445924105197
7610800784294,31445971969449
7610834074594,31446015189332
7610867363994,31446054805717
7610900652494,31446092283577
7610933942594,31446142052734
7610967232594,31446180409393
7611000520794,31446218482612
7611033810694,31446255530312
7611067099294,31446293616329
7611100389594,31446334581760
7611133685294,31446375960638
7611166966994,31446416599329
7611200258094,31446460055893
7611233573694,31446508556076
7611266835994,31446555034929
7611300125994,31446600189997
7611333436994,31446646680934
7611366703294,31446691499595
7611399993894,31446736341890
7611433290194,31446781300526
7611466572294,31446826131313
7611499862394,31446869837872
7611533150394,31446915989695
7611566440994,31446967755185
7611599728894,31447014222626
7611633018694,31447064944266
7611666309294,31447115308770
7611699598094,31447165944689
7611732886494,31447215662783
7611766176994,31447264012706
7611799466394,31447311152849
7611832760494,31447355393654
7611866048394,31447399384287
7611899333694,31447443505660
7611932624894,31447487266018
7611965918194,31447534470822
7611999201494,31447577446953
7612032492194,31447621962647
7612065787494,31447686681836
7612099070494,31447738091621
7612132359994,31447824461671
7612165657094,31447873120523
7612198938994,31447915441465
7612232228594,31447956198455
7612265516794,31448002761302
7612298809294,31448053035888
7612332095694,31448106944596
7612365385194,31448152050729
7612398675694,31448192533742
7612431964794,31448231663261
7612465253394,31448271906158
7612498543194,31448312216234
7612531834094,31448358481278
7612565121294,31448405605311
7612598413894,31448453075164
7612631700294,31448498922114
7612665014694,31448539465992
7612698284494,31448581172573
7612731568494,31448624137770
7612764858794,31448666059483
7612798154994,31448706858837
7612831436094,31448748020186
7612864726794,31448785108117
7612898023394,31448825439952
7612931304594,31448865423080
7612964595194,31448905361910
7612997883094,31448943612659
7613031176394,31448983419097
7613064461894,31449022063090
7613097751794,31449068136139
7613131042094,31449107056085
7613164331794,31449143729007
7613197619694,31449179667222
7613230909294,31449222874170
7613264199594,31449259904865
7613297487694,31449296788114
7613330780494,31449335600945
7613364067894,31449371375720
7613397356994,31449410274666
7613430652094,31449446951765
7613463934594,31449483307665
7613497225194,31449526412071
7613530520494,31449577055048
7613563803094,31449619071584
7613597092994,31449659429942
7613630389094,31449698802183
7613663670794,31449736862917
7613696961394,31449772993074
7613730250794,31449810977449
7613763539594,31449847309400
7613796832594,31449888226892
7613830117694,31449924153162
7613863408794,31449962745095
7613896696694,31449998440742
7613929986594,31450041020495
7613963276294,31450078043431
7613996598694,31450115987686
7614029853494,31450162854883
7614063146994,31450196004350
7614096434094,31450234631636
7614129723194,31450276549291
7614163035594,31450315751196
7614196300794,31450361351797
7614229592794,31450400226620
7614262885294,31450435711467
7614296169294,31450470771437
7614329459294,31450508769594
7614362754594,31450547176225
7614396037094,31450584583596
7614429327794,31450631678315
7614462617094,31450667470325
7614495906994,31450704856112
7614529196194,31450740657986
7614562484194,31450780836668
7614595775194,31450817455895
7614629062594,31450858880412
7614662352594,31450898934713
7614695642294,31450937493750
7614728931494,31450974215099
7614762220294,31451011899609
7614795513194,31451051754972
7614828800494,31451085400735
7614862089294,31451124015180
7614895384994,31451162733321
7614928670694,31451199979505
7614961957694,31451245773396
7614995251794,31451280457659
7615028535494,31451317221869
7615061825994,31451354882987
7615095123894,31451400013015
7615128403694,31451430271104
7615161694194,31451475372665
7615194984694,31451514216085
7615228271994,31451551680795
7615261562194,31451590439857
7615294852094,31451628374655
7615328162694,31451663733617
7615361429494,31451697812013
7615394718894,31451737470229
7615428009194,31451776129655
7615461297994,31451813810434
7615494587094,31451848964820
7615527879194,31451889312877
7615561167594,31451927174871
7615594454794,31451964076751
7615627751094,31452007886673
7615661035594,31452043652459
7615694323594,31452084521919
7615727619194,31452124550153
7615760902294,31452163643804
7615794192494,31452200835904
7615827488994,31452249429901
7615860769994,31452289336738
7615894060594,31452324554564
7615927350694,31452364387359
7615960638594,31452397991339
7615993928394,31452437086188
7616027216794,31452474632149
7616060507194,31452510756774
7616093796594,31452547464781
7616127085194,31452587292505
7616160375294,31452633349180
7616193667894,31452664017280
7616226953194,31452709186966
7616260245494,31452746501684
7616293532894,31452786320020
7616326820794,31452827750752
7616360117394,31452864336313
7616393399994,31452901239146
7616426690494,31452936620416
7616459985994,31452974226666
7616493268094,31453014202889
7616526558694,31453049720039
7616559853594,31453087635658
7616593136994,31453125022097
7616626426794,31453163686623
7616659757894,31453199763114
7616693004094,31453255324072
7616726295094,31453288378760
7616759584094,31453330202278
7616792873894,31453367555783
7616826179194,31453405529206
7616859451594,31453445337109
7616892742494,31453482175297
7616926030294,31453520594681
7616959319294,31453553440878
7616992611694,31453593592531
7617025900294,31453632948825
7617059187594,31453670982798
7617092483294,31453710435917
7617125768794,31453747985173
7617159057394,31453787404366
7617192351794,31453827328635
7617225640194,31453889045416
7617258926194,31453922721035
7617292219594,31453970608614
7617325502994,31454011421328
7617358792894,31454046523087
7617392082094,31454085588810
7617425370794,31454120498001
7617458661294,31454160227233
7617491950394,31454197236281
7617525251694,31454238532341
7617558528894,31454276142612
7617591817694,31454316256135
7617625108394,31454354537261
7617658396494,31454393012050
7617691686094,31454432956541
7617724978094,31454471998890
7617758265694,31454545253687
7617791554194,31454581690901
7617824851694,31454620162444
7617858134594,31454661343939
7617891421894,31454697156502
7617924718394,31454736877423
7617958000694,31454771175851
7617991312594,31454811261559
7618024585694,31454847650729
7618057869194,31454889238812
7618091159294,31454926067066
7618124448694,31454967058069
7618157737494,31455007394834
7618191027994,31455040568387
7618224318294,31455079709355
7618257605594,31455119051249
7618290896094,31455175749434
7618324184194,31455207174807
7618357473794,31455248513245
7618390763294,31455290603184
7618424052494,31455333501611
7618457344494,31455371169180
7618490632594,31455406627808
7618523920594,31455440578570
7618557216494,31455481373685
7618590501194,31455517719995
7618623788594,31455553741150
7618657084494,31455592368743
7618690370594,31455630335755
7618723675694,31455669319257
7618756953694,31455707270487
7618790235294,31455743829279
7618823525594,31455782692927
7618856834094,31455814990147
7618890103394,31455861382565
7618923393894,31455899636635
7618956683594,31455936262530
7618989972394,31455976461750
7619023261994,31456023565644
7619056551894,31456060899712
7619089840694,31456096202191
7619123130294,31456134157824
7619156418594,31456170688179
7619189711594,31456207839976
7619222997294,31456249652313
7619256286994,31456285535970
7619289583294,31456321047651
7619322897194,31456359805323
7619356155094,31456401307004
7619389451194,31456435237604
7619422734794,31456475749299
7619456023994,31456514908999
7619489319794,31456553860811
7619522601394,31456601717551
7619555893294,31456640865551
7619589180894,31456673721680
7619622470194,31456713369961
7619655760694,31456750160464
7619689049794,31456786810960
7619722338094,31456827603155
7619755628494,31456865176788
7619788918094,31456900618974
7619822208894,31456938860307
7619855500094,31456976216831
7619888785094,31457019276883
7619922078694,31457054456399
7619955363794,31457101308363
7619988652994,31457140448642
7620021949194,31457184446580
7620055232694,31457228963410
7620088521494,31457262972477
7620121817594,31457309941342
7620155101494,31457346796702
7620188407194,31457381769508
7620221686194,31457422710152
7620254974194,31457461677555
7620288263194,31457500142013
7620321547094,31457540036228
7620354836594,31457578541471
7620388126694,31457619717545
7620421416094,31457674458696
7620454704894,31457709385649
7620487994894,31457749443933
7620521285194,31457788334794
7620554572794,31457826688579
7620587863194,31457865528972
7620621152894,31457901815786
7620654493894,31457943055893
7620687730694,31457980112852
7620721019494,31458018479293
7620754315794,31458057873871
7620787600494,31458097654038
7620820887694,31458136766950
7620854183894,31458175364985
7620887467394,31458214388166
7620920756194,31458254909263
7620954052294,31458292973796
7620987336094,31458331996063
7621020624494,31458368440886
7621053914394,31458413523725
7621087202594,31458447735809
7621120493194,31458487173090
7621153783294,31458526193849
7621187071194,31458564032353
7621220361194,31458600720745
7621253651594,31458641775370
7621286938894,31458676938410
7621320229394,31458718594203
7621353517694,31458758326312
7621386809694,31458796614498
7621420097694,31458835623360
7621453385894,31458882880980
7621486682494,31458921387923
7621519987094,31458957187477
7621553253894,31458997218153
7621586550294,31459034447077
7621619848594,31459074766821
7621653122094,31459111792501
7621686418994,31459145756458
7621719709294,31459185306481
