#t_ns,in_ts
9901891573408,14391808941384
9901910079408,14391834615418
9901928586408,14391859283082
9901947094408,14391883036316
9901965601408,14391900695442
9901984107408,14391920605594
9902002614408,14391942977298
9902021121408,14391956011930
9902039629408,14391975866594
9902058135408,14391990332049
9902076642408,14392008307029
9902095151408,14392023485754
9902113658408,14392037554246
9902132163408,14392063455307
9902150671408,14392086091681
9902169177408,14392105414404
9902187684408,14392125977055
9902206191408,14392155470463
9902224698408,14392175519924
9902243205408,14392196958069
9902261712408,14392213633037
9902280218408,14392234100575
9902298728408,14392266271161
9902317235408,14392282696878
9902335740408,14392297036036
9902354247408,14392312248103
9902372755408,14392330009598
9902391261408,14392343867303
9902409768408,14392358843932
9902428276408,14392378420071
9902446784408,14392393823882
9902465290408,14392416744394
9902483797408,14392432732453
9902502302408,14392446129901
9902520809408,14392460720216
9902539316408,14392475316787
9902557825408,14392490012940
9902576333408,14392505992422
9902594840408,14392522029043
9902613345408,14392541577934
9902631852408,14392556237529
9902650365408,14392570742309
9902668868408,14392588912923
9902687372408,14392607588077
9902705880408,14392623505046
9902724386408,14392640864150
9902742894408,14392654845931
9902761402408,14392670140361
9902779909408,14392685383543
9902798416408,14392699878903
9902816924408,14392715677021
9902835429408,14392733743140
9902853936408,14392749481128
9902872443408,14392766915969
9902890949408,14392782602427
9902909457408,14392798077828
9902927966408,14392814715845
9902946473408,14392832011726
9902964977408,14392854924584
9902983488408,14392871567358
9903001994408,14392885599942
9903020501408,14392901587900
9903039005408,14392918078008
9903057513408,14392934088993
9903076019408,14392950272423
9903094527408,14392967597023
9903113035408,14392989627289
9903131541408,14393005037010
9903150049408,14393018489018
9903168555408,14393034017902
9903187062408,14393051024424
9903205568408,14393069566476
9903224075408,14393086216239
9903242582408,14393103573183
9903261091408,14393119278771
9903279598408,14393138588788
9903298105408,14393159105665
9903316610408,14393174201331
9903335116408,14393190506189
9903353627408,14393206705219
9903372132408,14393227135305
9903390640408,14393248076738
9903409145408,14393265960201
9903427653408,14393282750947
9903446160408,14393298372287
9903464667408,14393316444984
9903483174408,14393332251685
9903501682408,14393349656625
9903520188408,14393367049657
9903538695408,14393384701376
9903557202408,14393402005364
9903575708408,14393423049087
9903594216408,14393441670328
9903612723408,14393458855873
9903631230408,14393479670859
9903649739408,14393497274401
9903668242408,14393513371745
9903686750408,14393530223031
9903705259408,14393548222844
9903723765408,14393566635261
9903742271408,14393594572517
9903760779408,14393614815372
9903779286408,14393632537969
9903797793408,14393650529059
9903816300408,14393667917223
9903834808408,14393683297018
9903853316408,14393707435590
9903871820408,14393723884131
9903890327408,14393740280417
9903908834408,14393758495246
9903927342408,14393776241725
9903945850408,14393797585745
9903964355408,14393817406518
9903982865408,14393835895761
9904001371408,14393863727139
9904019876408,14393883181325
9904038382408,14393900292291
9904056893408,14393916750858
9904075403408,14393935034797
9904093905408,14393951486319
9904112412408,14393968586887
9904130918408,14393988627714
9904149425408,14394007973823
9904167933408,14394025807185
9904186441408,14394043346709
9904204949408,14394058999463
9904223454408,14394077342005
9904241962408,14394097693302
9904260467408,14394114860261
9904278975408,14394133464623
9904297482408,14394150125168
9904315989408,14394169663410
9904334497408,14394189120720
9904353002408,14394206036622
9904371508408,14394225971892
9904390015408,14394244946314
9904408525408,14394264294178
9904427030408,14394281595266
9904445538408,14394299628777
9904464044408,14394317826611
9904482552408,14394335202945
9904501059408,14394355164313
9904519567408,14394375489062
9904538073408,14394394560451
9904556579408,14394416028121
9904575087408,14394433244553
9904593594408,14394451703356
9904612101408,14394469811717
9904630607408,14394487669143
9904649115408,14394505229948
9904667622408,14394525352352
9904686130408,14394544013621
9904704635408,14394563011511
9904723141408,14394581090909
9904741648408,14394600606727
9904760156408,14394621339841
9904778665408,14394641868943
9904797169408,14394661210839
9904815677408,14394681827470
9904834186408,14394701194601
9904852691408,14394719777228
9904871198408,14394738455689
9904889707408,14394758513176
9904908212408,14394777472414
9904926719408,14394797606749
9904945226408,14394818213134
9904963734408,14394838130979
9904982240408,14394862803536
9905000747408,14394881862358
9905019255408,14394903351555
9905037765408,14394922760842
9905056268408,14394943622011
9905074774408,14394964254655
9905093282408,14394986114911
9905111789408,14395004754436
9905130295408,14395023782413
9905148804408,14395044576217
9905167310408,14395065177522
9905185817408,14395084160027
9905204325408,14395103244604
9905222833408,14395121161923
9905241340408,14395141005184
9905259846408,14395161536375
9905278352408,14395182146538
9905296860408,14395200495623
9905315365408,14395218395240
9905333873408,14395237660054
9905352380408,14395255774759
9905370889408,14395274395214
9905389394408,14395293401165
9905407901408,14395312604238
9905426406408,14395330536076
9905444915408,14395350542443
9905463430408,14395372048497
9905481931408,14395393430168
9905500452408,14395412278905
9905518944408,14395429387750
9905537450408,14395447113373
9905555957408,14395466773915
9905574465408,14395489705375
9905592972408,14395509231640
9905611482408,14395528784701
9905629984408,14395547775150
9905648491408,14395565697143
9905666999408,14395587583895
9905685506408,14395607803143
9905704013408,14395627135670
9905722522408,14395646942484
9905741026408,14395665805122
9905759534408,14395684567236
9905778041408,14395703716787
9905796548408,14395724292610
9905815054408,14395745127752
9905833561408,14395762710749
9905852070408,14395784874879
9905870577408,14395804063929
9905889083408,14395821658572
9905907591408,14395840899858
9905926100408,14395860896464
9905944604408,14395880395964
9905963112408,14395900989408
9905981617408,14395919748010
9906000125408,14395944940868
9906018632408,14395965479129
9906037138408,14395984244568
9906055646408,14396011765202
9906074155408,14396034431126
9906092661408,14396055979352
9906111166408,14396074678508
9906129672408,14396091484679
9906148181408,14396109504747
9906166687408,14396129045246
9906185194408,14396148168042
9906203702408,14396167994995
9906222208408,14396187776645
9906240716408,14396206792782
9906259224408,14396225575065
9906277732408,14396244095678
9906296236408,14396262286618
9906314743408,14396282228275
9906333251408,14396302122507
9906351757408,14396322885266
9906370265408,14396340165907
9906388772408,14396358368780
9906407280408,14396377356481
9906425787408,14396395798835
9906444293408,14396415591906
9906462800408,14396434372534
9906481306408,14396453428410
9906499813408,14396471979105
9906518319408,14396491189494
9906536829408,14396512940254
9906555333408,14396531099090
9906573843408,14396550458725
9906592348408,14396569053541
9906610857408,14396589634741
9906629364408,14396608307697
9906647869408,14396627067539
9906666376408,14396647136927
9906684884408,14396667005343
9906703392408,14396686458217
9906721897408,14396706265447
9906740405408,14396725424111
9906758913408,14396742462330
9906777418408,14396761581030
9906795925408,14396779655412
9906814432408,14396796881720
9906832939408,14396816462325
9906851447408,14396834413212
9906869954408,14396853039625
9906888468408,14396869776007
9906906967408,14396888113269
9906925474408,14396905773337
9906943982408,14396920982953
9906962490408,14396939878835
9906980996408,14396961564887
9906999503408,14396980840581
9907018009408,14397001427660
9907036516408,14397023579117
9907055022408,14397041203967
9907073531408,14397059411140
9907092038408,14397081886750
9907110546408,14397101302288
9907129051408,14397123304461
9907147558408,14397146169167
9907166066408,14397167339321
9907184571408,14397187593505
9907203079408,14397206835625
9907221585408,14397225977093
9907240093408,14397243311597
9907258601408,14397261043806
9907277106408,14397278561716
9907295615408,14397296218005
9907314123408,14397313162353
9907332629408,14397330451132
9907351135408,14397348578726
9907369644408,14397366625883
9907388149408,14397386831984
9907406656408,14397405688702
9907425163408,14397423895958
9907443672408,14397442597920
9907462179408,14397464752832
9907480684408,14397485785746
9907499191408,14397507074853
9907517698408,14397525182944
9907536206408,14397545624802
9907554712408,14397570866725
9907573217408,14397590879495
9907591726408,14397611047010
9907610233408,14397632096134
9907628740408,14397652523019
9907647249408,14397673467804
9907665756408,14397691216502
9907684262408,14397709435902
9907702769408,14397728915698
9907721274408,14397748513687
9907739783408,14397768863226
9907758288408,14397788158669
9907776797408,14397806455460
9907795305408,14397825293503
9907813813408,14397845515183
9907832316408,14397864679513
9907850824408,14397882736378
9907869331408,14397905069778
9907887837408,14397924857368
9907906343408,14397945733388
9907924852408,14397964500320
9907943360408,14397982592658
9907961865408,14398003005492
9907980373408,14398022912947
9907998881408,14398042220713
9908017388408,14398061748370
9908035895408,14398081787190
9908054399408,14398100255014
9908072909408,14398123747221
9908091414408,14398143207429
9908109922408,14398162713833
9908128431408,14398182762181
9908146939408,14398203976331
9908165442408,14398224115531
9908183950408,14398242755170
9908202457408,14398262907285
9908220963408,14398281909879
9908239470408,14398299973497
9908257977408,14398319193607
9908276483408,14398339026867
9908294992408,14398356193500
9908313504408,14398373074473
9908332007408,14398394368771
9908350514408,14398412327882
9908369020408,14398430350987
9908387526408,14398451950769
9908406034408,14398471654017
9908424542408,14398492423425
9908443048408,14398511213839
9908461554408,14398528457625
9908480062408,14398544297538
9908498572408,14398561479356
9908517075408,14398579917585
9908535583408,14398599043544
9908554090408,14398617866045
9908572596408,14398636188222
9908591102408,14398651303123
9908609611408,14398667970834
9908628116408,14398685981535
9908646624408,14398708446750
9908665131408,14398726093735
9908683639408,14398747946517
9908702148408,14398765181772
9908720653408,14398780765235
9908739159408,14398797256119
9908757667408,14398812887768
9908776173408,14398828821799
9908794681408,14398845037641
9908813188408,14398863393739
9908831696408,14398877370166
9908850203408,14398893027358
9908868709408,14398909941692
9908887217408,14398926680053
9908905722408,14398944540050
9908924229408,14398961060657
9908942736408,14398979607306
9908961245408,14398995210241
9908979749408,14399012250375
9908998258408,14399031966062
9909016765408,14399048629531
9909035273408,14399065485228
9909053780408,14399082624849
9909072285408,14399098775909
9909090792408,14399113695999
9909109299408,14399129255000
9909127806408,14399148600077
9909146313408,14399165473539
9909164822408,14399182748683
9909183372408,14399198336047
9909201837408,14399215683676
9909220343408,14399231648945
9909238849408,14399247363086
9909257354408,14399264553428
9909275862408,14399281697693
9909294370408,14399299304374
9909312876408,14399317778196
9909331382408,14399335185498
9909349891408,14399357412923
9909368399408,14399374732977
9909386906408,14399391165518
9909405413408,14399413319419
9909423919408,14399432517174
9909442425408,14399459946369
9909460932408,14399479515272
9909479439408,14399497604294
9909497949408,14399518628399
9909516454408,14399535771579
9909534962408,14399552524388
9909553468408,14399570021324
9909571974408,14399586057721
9909590480408,14399608292393
9909608988408,14399629236285
9909627496408,14399647571376
9909646002408,14399668763045
9909664509408,14399685757468
9909683016408,14399705129350
9909701533408,14399721671810
9909720034408,14399743601461
9909738539408,14399766302335
9909757043408,14399782330181
9909775551408,14399804839924
9909794058408,14399827872693
9909812564408,14399846426497
9909831073408,14399865786642
9909849578408,14399882844321
9909868087408,14399904774619
9909886601408,14399926372228
9909905101408,14399942037303
9909923607408,14399955702424
9909942114408,14399971261246
9909960621408,14399985710502
9909979127408,14400007669706
9909997636408,14400030389655
9910016141408,14400046754279
9910034649408,14400063675423
9910053156408,14400079245747
9910071665408,14400097368917
9910090171408,14400119581429
9910108677408,14400137356431
9910127183408,14400158494898
9910145691408,14400174861084
9910164198408,14400189793865
9910182705408,14400204919823
9910238227408,14400220770511
9910256733408,14400234418705
9910275239408,14400249946974
9910293748408,14400272468279
9910312254408,14400288058617
9910330761408,14400310271702
9910349268408,14400326263443
9910367774408,14400341213485
9910386282408,14400357484661
9910404789408,14400373513894
9910423296408,14400387890999
9910441806408,14400407192823
9910460309408,14400421794615
9910478817408,14400437710078
9910497324408,14400452294813
9910515830408,14400468121625
9910534338408,14400483625021
9910552846408,14400497595550
9910571355408,14400513041131
9910589862408,14400527953930
9910608367408,14400543372962
9910626873408,14400559787950
9910645379408,14400577091017
9910663888408,14400599226202
9910682394408,14400621700086
9910700902408,14400640442285
9910719407408,14400663459001
9910737915408,14400681220707
9910756422408,14400698903939
9910774930408,14400721836151
9910793439408,14400739957139
9910811944408,14400757820682
9910830449408,14400780865049
9910848957408,14400797827677
9910867463408,14400814865134
9910885971408,14400836029542
9910904478408,14400855520769
9910922987408,14400878144046
9910941491408,14400897784727
9910960000408,14400916261274
9910978507408,14400932506950
9910997012408,14400955051834
9911015520408,14400973773898
9911034026408,14400991680204
9911052535408,14401008459609
9911071040408,14401025395613
9911089546408,14401039788052
9911108057408,14401056751917
9911126568408,14401073129781
9911145069408,14401092126476
9911163576408,14401109642270
9911182082408,14401130410066
9911200590408,14401151527653
9911219096408,14401167676189
9911237603408,14401185069214
9911256113408,14401201265289
9911274620408,14401218157839
9911293129408,14401235818202
9911311631408,14401253144220
9911330138408,14401269156625
9911348646408,14401286146509
9911367152408,14401302786273
9911385659408,14401320812543
9911404168408,14401337836501
9911422673408,14401355436526
9911441180408,14401373634873
9911459688408,14401391233269
9911478196408,14401408369295
9911496702408,14401426063455
9911515209408,14401443076380
9911533715408,14401461066952
9911552222408,14401479672513
9911570729408,14401501544127
9911589236408,14401520881234
9911607744408,14401538178738
9911626252408,14401559341341
9911644760408,14401576098756
9911663264408,14401596201074
9911681771408,14401619414662
9911700278408,14401638149600
9911718785408,14401656985542
9911737292408,14401674759718
9911755800408,14401693101491
9911774305408,14401709644872
9911792812408,14401730486951
9911811322408,14401755010461
9911829830408,14401771621425
9911848335408,14401788239568
9911866841408,14401805675121
9911885347408,14401822722996
9911903855408,14401841147810
9911922361408,14401865679733
9911940869408,14401885425897
9911959377408,14401903085771
9911977886408,14401918893179
9911996390408,14401934961134
9912014897408,14401953842639
9912033404408,14401971984512
9912051911408,14401991044009
9912070417408,14402008348853
9912088925408,14402025042553
9912107433408,14402039957031
9912125939408,14402057857858
9912144445408,14402073346545
9912162954408,14402089386027
9912181462408,14402109891656
9912199968408,14402126392362
9912218474408,14402144548149
9912236981408,14402162105108
9912255488408,14402179677563
9912273995408,14402198613343
9912292502408,14402216989552
9912311012408,14402240203936
9912329516408,14402259337620
9912348024408,14402275501046
9912366530408,14402293317059
9912385038408,14402315102484
9912403544408,14402330757095
9912422051408,14402348062978
9912440560408,14402365018949
9912459066408,14402383155669
9912477571408,14402399890791
9912496080408,14402418820041
9912514592408,14402439108550
9912533096408,14402458218750
9912551600408,14402478118368
9912570106408,14402499345704
9912588613408,14402519335640
9912607121408,14402540107661
9912625627408,14402557623457
9912644136408,14402576048451
9912662643408,14402596915664
9912681149408,14402618434172
9912699656408,14402639182453
9912718162408,14402660948771
9912736670408,14402687054743
9912755176408,14402706713601
9912773684408,14402726222134
9912792192408,14402747297528
9912810699408,14402767758256
9912829204408,14402788672866
9912847711408,14402809989586
9912866220408,14402832723424
9912884725408,14402855715330
9912903232408,14402876476358
9912921740408,14402897923725
9912940246408,14402918229187
9912958753408,14402940153912
9912977260408,14402961683592
9912995768408,14402982642066
9913014277408,14403004907972
9913032782408,14403027915665
9913051289408,14403049625282
9913069797408,14403069309966
9913088303408,14403092009985
9913106809408,14403113882360
9913125317408,14403140682810
9913143825408,14403161485723
9913162333408,14403181434716
9913180837408,14403200978886
9913199343408,14403220312065
9913217854408,14403240722870
9913236359408,14403262219172
9913254865408,14403286823188
9913273372408,14403307783584
9913291880408,14403328047668
9913310390408,14403353390852
9913328894408,14403376753277
9913347402408,14403399448344
9913365910408,14403417482097
9913384415408,14403439022895
9913402921408,14403457220249
9913421428408,14403480719222
9913439938408,14403500553290
9913458443408,14403519495512
9913476951408,14403542754899
9913495457408,14403563593650
9913513963408,14403587918996
9913532469408,14403611022552
9913550977408,14403630969155
9913569487408,14403650859334
9913587993408,14403671219792
9913606498408,14403698367101
9913625006408,14403718644900
9913643513408,14403741427402
9913662020408,14403759550147
9913680527408,14403778197864
9913699036408,14403796110292
9913717540408,14403814746763
9913736047408,14403836227226
9913754554408,14403856974676
9913773062408,14403879041031
9913791568408,14403899033201
9913810075408,14403918351904
9913828583408,14403940684465
9913847092408,14403966616397
9913865596408,14403988869554
9913884105408,14404012224205
9913902610408,14404039227915
9913921117408,14404058389714
9913939634408,14404079006470
9913958132408,14404103542999
9913976640408,14404126321435
9913995145408,14404153137063
9914013651408,14404176611672
9914032160408,14404204680265
9914050667408,14404225024667
9914069175408,14404244807860
9914087679408,14404266442522
9914106187408,14404292864806
9914124694408,14404315974604
9914143200408,14404343141590
9914161708408,14404369746838
9914180217408,14404389447998
9914198724408,14404408733135
9914217230408,14404427807130
9914235736408,14404446047065
9914254242408,14404466392342
9914272749408,14404484669695
9914291256408,14404503883458
9914309764408,14404519378144
9914328270408,14404536851517
9914346778408,14404555251018
9914365284408,14404572258970
9914383793408,14404590499706
9914402302408,14404611526769
9914420805408,14404633281360
9914439312408,14404649227034
9914457820408,14404664352361
9914476327408,14404681412296
9914494833408,14404697022261
9914513341408,14404715667232
9914531849408,14404738271868
9914550357408,14404756495251
9914568863408,14404771454764
9914587367408,14404794546687
9914605875408,14404812452286
9914624383408,14404830650961
9914642889408,14404850961168
9914661396408,14404871568511
9914679904408,14404888639460
9914698412408,14404911082565
9914716918408,14404934203654
9914735426408,14404960225258
9914753934408,14404982761614
9914772438408,14405012659369
9914790945408,14405034936355
9914809452408,14405057130982
9914827959408,14405079648281
9914846466408,14405096614097
9914864975408,14405113702906
9914883488408,14405129837498
9914901988408,14405151547630
9914920495408,14405167468118
9914939000408,14405186736247
9914957507408,14405205620013
9914976015408,14405221439366
9914994522408,14405238165769
9915013029408,14405256588144
9915031537408,14405277098638
9915050044408,14405293894956
9915068551408,14405311349909
9915087058408,14405331962288
9915105565408,14405350599087
9915124073408,14405366863684
9915142578408,14405382880391
9915161087408,14405402234987
9915179593408,14405419402064
9915198099408,14405439625597
9915216608408,14405459005665
9915235116408,14405476830685
9915253619408,14405493702531
9915272128408,14405514500185
9915290633408,14405532649422
9915309140408,14405551910676
9915327657408,14405570316766
9915346156408,14405590055041
9915364663408,14405606977936
9915383171408,14405623044541
9915401677408,14405638545246
9915420185408,14405654220168
9915438693408,14405669939451
9915457199408,14405689514371
9915475704408,14405705357071
9915494212408,14405722225392
9915512718408,14405740433325
9915531226408,14405758672918
9915549732408,14405779736411
9915568240408,14405800608602
9915586749408,14405822268815
9915605252408,14405842908551
9915623760408,14405863340009
9915642266408,14405887407007
9915660776408,14405905334379
9915679280408,14405924049279
9915697788408,14405943470855
9915716294408,14405962035365
9915734802408,14405981557025
9915753309408,14405999738747
9915771817408,14406018161509
9915790326408,14406036743137
9915808830408,14406053922139
9915827337408,14406073606868
9915845844408,14406093653911
9915864351408,14406110973930
9915882858408,14406130234099
9915901365408,14406153085431
9915919874408,14406173210672
9915938381408,14406192192932
9915956886408,14406211393610
9915975394408,14406232880343
9915993900408,14406250878236
9916012405408,14406269604272
9916030914408,14406286057422
9916049421408,14406303155644
9916067930408,14406322055110
9916086434408,14406340891198
9916104943408,14406359955126
9916123450408,14406380048345
9916141958408,14406397973684
9916160463408,14406415400024
9916178969408,14406433339834
9916197476408,14406460380679
9916215984408,14406477417502
9916234491408,14406496070405
9916252999408,14406512948168
9916271507408,14406531080571
9916290013408,14406549436259
9916308520408,14406568473282
9916327026408,14406588655931
9916345532408,14406607969483
9916364039408,14406628104784
9916382545408,14406650324007
9916401054408,14406668551682
9916419561408,14406686141423
9916438068408,14406708972730
9916456576408,14406730094060
9916475084408,14406749097930
9916493590408,14406772139854
9916512097408,14406792264031
9916530602408,14406813465898
9916549109408,14406832343019
9916567616408,14406855703651
9916586124408,14406878718527
9916604631408,14406906442650
9916623139408,14406927639787
9916641645408,14406946770288
9916660153408,14406968401405
9916678657408,14406990776406
9916697165408,14407011323965
9916715671408,14407032882825
9916734179408,14407051669803
9916752692408,14407074669895
9916771193408,14407099606528
9916789700408,14407121899893
9916808208408,14407140092187
9916826717408,14407157142476
9916845222408,14407177321183
9916863728408,14407196044961
9916882236408,14407214603718
9916900743408,14407231723808
9916919249408,14407247391276
9916937757408,14407267324276
9916956265408,14407285028493
9916974772408,14407304817776
9916993278408,14407323564361
9917011785408,14407340212041
9917030291408,14407359103570
9917048798408,14407378685575
9917067304408,14407396493584
9917085812408,14407416023379
9917104318408,14407435864495
9917122826408,14407455887126
9917141333408,14407476866410
9917159843408,14407495152775
9917178349408,14407511919412
9917196855408,14407528611316
9917215362408,14407544393488
9917233868408,14407565171147
9917252375408,14407580828066
9917270883408,14407599031500
9917289389408,14407615821124
9917307898408,14407637754401
9917326406408,14407660162179
9917344911408,14407677494349
9917363417408,14407695142380
9917381924408,14407717783118
9917400430408,14407737692605
9917418937408,14407760713489
9917437444408,14407778578780
9917455953408,14407798622682
9917474460408,14407815253151
9917492966408,14407839124777
9917511475408,14407859502449
9917529983408,14407876927569
9917548486408,14407895290882
9917566994408,14407910256498
9917585501408,14407927774640
9917604008408,14407949639902
9917622515408,14407969345845
9917641023408,14407992302548
9917659531408,14408016664248
9917678038408,14408046217481
9917696544408,14408067509739
9917715050408,14408088481921
9917733557408,14408109435139
9917752065408,14408130534855
9917770571408,14408149688663
9917789079408,14408171731138
9917807585408,14408191763300
9917826093408,14408208618396
9917844601408,14408226813873
9917863107408,14408248996467
9917881615408,14408265531344
9917900121408,14408280026296
9917918628408,14408300560937
9917937134408,14408319213021
9917955642408,14408336960194
9917974149408,14408353981421
9917992657408,14408370741184
9918011164408,14408389951535
9918029669408,14408408124020
9918048176408,14408430064220
9918066683408,14408448930197
9918085190408,14408465735197
9918103697408,14408482092201
9918122203408,14408503862105
9918140710408,14408522503962
9918159219408,14408541866016
9918177735408,14408565393065
9918196233408,14408584858411
9918214740408,14408604413724
9918233247408,14408624765878
9918251753408,14408646021281
9918270260408,14408664696592
9918288766408,14408684381029
9918307274408,14408704245779
9918325781408,14408725326353
9918344290408,14408741558072
9918362797408,14408764903706
9918381301408,14408785694714
9918399809408,14408806728915
9918418315408,14408831272113
9918436823408,14408853234968
9918455329408,14408872756517
9918473836408,14408892224998
9918492343408,14408915011969
9918510854408,14408934989769
9918529357408,14408959393884
9918547869408,14408982648356
9918566373408,14409004385966
9918584878408,14409025413625
9918603386408,14409048057341
9918621893408,14409070654639
9918640399408,14409092302443
9918658906408,14409112483578
9918677415408,14409135834185
9918695922408,14409159316769
9918714430408,14409177714764
9918732935408,14409197266613
9918751443408,14409213150831
9918769948408,14409229316404
9918788455408,14409250136091
9918806962408,14409266093830
9918825469408,14409288879396
9918843976408,14409306567445
9918862484408,14409321431047
9918880990408,14409339852869
9918899499408,14409357794828
9918918006408,14409379112378
9918936513408,14409400524937
9918955020408,14409422302494
9918973525408,14409444484117
9918992033408,14409464092175
9919010539408,14409484407330
9919029048408,14409503195753
9919047556408,14409523703083
9919066065408,14409542461706
9919084566408,14409562721467
9919103074408,14409580811285
9919121582408,14409603114711
9919140089408,14409627779397
9919158596408,14409648602569
9919177102408,14409673016011
9919195609408,14409695436778
9919214117408,14409719716015
9919232623408,14409743881969
9919251132408,14409766605680
9919269639408,14409784156798
9919288144408,14409805165833
9919306651408,14409825247757
9919325158408,14409844247787
9919343666408,14409866903708
9919362172408,14409884238865
9919380680408,14409901281566
9919399189408,14409917251203
9919417692408,14409932796430
9919436201408,14409949979928
9919454708408,14409969604895
9919473215408,14409990161896
9919491721408,14410006884977
9919510229408,14410030364085
9919528734408,14410053418354
9919547241408,14410070618832
9919565761408,14410092802454
9919584257408,14410112470007
9919602765408,14410131727471
9919621270408,14410147653990
9919639776408,14410162994911
9919658284408,14410181760278
9919676791408,14410200927526
9919695299408,14410219655321
9919713806408,14410242304529
9919732314408,14410261533559
9919750821408,14410282224063
9919769327408,14410301051205
9919787834408,14410320222361
9919806340408,14410339774300
9919824849408,14410360306967
9919843354408,14410379248822
9919861862408,14410399425758
9919880367408,14410420268973
9919898875408,14410442079883
9919917382408,14410462254466
9919935891408,14410481038455
9919954397408,14410502923904
9919972903408,14410524439347
9919991411408,14410545324835
9920009917408,14410565389696
9920028425408,14410585373254
9920046931408,14410605753133
9920065438408,14410625324451
9920083947408,14410648120727
9920102454408,14410670099645
9920120959408,14410692693928
9920139466408,14410711442524
9920157973408,14410731514913
9920176480408,14410752045575
9920194987408,14410772701678
9920213494408,14410793434278
9920232000408,14410811993182
9920250507408,14410832990265
9920269016408,14410856554780
9920287523408,14410878865621
9920306031408,14410899925709
9920324536408,14410923988975
9920343044408,14410943127755
9920361549408,14410965697925
9920380056408,14410984693591
9920398563408,14411004404880
9920417071408,14411027509778
9920435578408,14411043759176
9920454088408,14411068157200
9920472592408,14411086126506
9920491099408,14411103422737
9920509605408,14411121789856
9920528113408,14411139960028
9920546619408,14411156441028
9920565128408,14411170631224
9920583632408,14411189518175
9920602140408,14411209452003
9920620648408,14411227230271
9920639156408,14411250934046
9920657663408,14411267954047
9920676170408,14411282237939
9920694675408,14411298535884
9920713183408,14411313277443
9920731689408,14411331643881
9920750197408,14411350035039
9920768704408,14411369729092
9920787213408,14411389665599
9920805717408,14411406983762
9920824225408,14411431105421
9920842732408,14411446152050
9920861239408,14411466029418
9920879745408,14411483256093
9920898252408,14411500860901
9920916760408,14411515640661
9920935266408,14411531140744
9920953772408,14411547159887
9920972282408,14411564474384
9920990788408,14411582842868
9921009294408,14411602459769
9921027801408,14411617626299
9921046309408,14411633069617
9921064816408,14411648849631
9921083324408,14411664320178
9921101829408,14411681023267
9921120338408,14411698901904
9921138845408,14411715573230
9921157350408,14411742098657
9921175858408,14411759407314
9921194367408,14411780203119
9921212871408,14411796962590
9921231377408,14411815642703
9921249885408,14411832847254
9921268393408,14411849017366
9921286899408,14411864973730
9921305406408,14411882012519
9921323914408,14411898068476
9921342423408,14411914873536
9921360927408,14411932737958
9921379434408,14411955337156
9921397941408,14411979226019
9921416448408,14411994780538
9921434955408,14412014300823
9921453462408,14412029995135
9921471971408,14412050788935
9921490480408,14412072157439
9921508984408,14412092776739
9921527490408,14412113708917
9921545997408,14412136272426
9921564503408,14412155576840
9921583010408,14412178758115
9921601518408,14412195567066
9921620026408,14412215640152
9921638532408,14412235015850
9921657038408,14412252023266
9921675546408,14412274041341
9921694056408,14412296920191
9921712559408,14412314027285
9921731066408,14412330116616
9921749573408,14412353521709
9921768081408,14412376291483
9921786589408,14412399665422
9921805096408,14412415279606
9921823603408,14412431659436
9921842111408,14412454615443
9921860615408,14412471242092
9921879123408,14412489833206
9921897629408,14412511206672
9921916139408,14412526783659
9921934643408,14412545997372
9921953153408,14412562972244
9921971659408,14412579397192
9921990164408,14412601737574
9922008672408,14412618327011
9922027181408,14412641048001
9922045690408,14412657817358
9922064193408,14412692748705
9922082699408,14412710921794
9922101207408,14412726319299
9922119714408,14412746990930
9922138220408,14412765233904
9922156727408,14412783930444
9922175237408,14412805786948
9922193741408,14412825647243
9922212248408,14412846673885
9922230755408,14412864554684
9922249262408,14412883560270
9922267769408,14412898632872
9922286276408,14412917344953
9922304784408,14412936966941
9922323293408,14412951925186
9922341798408,14412972205057
9922360304408,14412986333523
9922378827408,14413009513963
9922397318408,14413024636938
9922415829408,14413047906403
9922434332408,14413064955207
9922452839408,14413084258258
9922471346408,14413106499284
9922489853408,14413127820909
9922508362408,14413144791413
9922526871408,14413165250809
9922545374408,14413184024169
9922563883408,14413202510021
9922582389408,14413219051420
9922600895408,14413237013340
9922619402408,14413251761284
9922656418408,14413274059525
9922674925408,14413290533526
9922693429408,14413311462007
9922711937408,14413334125762
9922730445408,14413352327505
9922748951408,14413371943836
9922767459408,14413394183358
9922785966408,14413417039045
9922804473408,14413435324204
9922822979408,14413455999398
9922841487408,14413480042255
9922859995408,14413503482080
9922878503408,14413526783787
9922897008408,14413549773339
9922915514408,14413573955836
9922934021408,14413593634171
9922952529408,14413615454339
9922971036408,14413634536858
9922989542408,14413652223301
9923008052408,14413668173981
9923026559408,14413684139033
9923045063408,14413701009564
9923063569408,14413720381412
9923082081408,14413738679364
9923100583408,14413755913419
9923119091408,14413775659187
9923137598408,14413794474234
9923156105408,14413813680619
9923174612408,14413832612230
9923193119408,14413850333073
9923211627408,14413867803101
9923230135408,14413886570583
9923248640408,14413906375589
9923267147408,14413924393810
9923285654408,14413941576233
9923304161408,14413960135605
9923322668408,14413978221643
9923341176408,14413998162137
9923359685408,14414015947738
9923378189408,14414035230592
9923396695408,14414053731225
9923415202408,14414071967214
9923433712408,14414093622003
9923452217408,14414110943798
9923470723408,14414129814886
9923489232408,14414147505755
9923507739408,14414167161358
9923526246408,14414184663695
9923544752408,14414201972276
9923563260408,14414220753249
9923581769408,14414238951528
9923600273408,14414258774870
9923618781408,14414277994999
9923637287408,14414296868778
9923655793408,14414314351790
9923674303408,14414331970024
9923692808408,14414349593667
9923711317408,14414366816363
9923729821408,14414386503431
9923748328408,14414405793570
9923766836408,14414422832318
9923785343408,14414440176493
9923803852408,14414457435220
9923822356408,14414473486916
9923840863408,14414488266604
9923859370408,14414511055286
9923877878408,14414525748221
9923896386408,14414540956960
9923914893408,14414558324255
9923933399408,14414572602187
9923951905408,14414591493358
9923970413408,14414608347750
9923988919408,14414630109946
9924007425408,14414647902064
9924025934408,14414665940103
9924044442408,14414681594408
9924062949408,14414697531138
9924081455408,14414712629173
9924099960408,14414727896091
9924118468408,14414746597071
9924136977408,14414763664872
9924155491408,14414780191146
9924173989408,14414801672533
9924192495408,14414819066680
9924211003408,14414836619440
9924229510408,14414854280582
9924248018408,14414869827859
9924266527408,14414886265912
9924285031408,14414906066143
9924303538408,14414922268727
9924322045408,14414938646001
9924340553408,14414955080937
9924359059408,14414974056777
9924377566408,14414992692208
9924396075408,14415009127931
9924414582408,14415025229866
9924433088408,14415041342869
9924451594408,14415058125268
9924470101408,14415074835391
9924488607408,14415089159524
9924507115408,14415107497483
9924525624408,14415124154871
9924544129408,14415145253780
9924562637408,14415162901050
9924581144408,14415181104823
9924599651408,14415197663524
9924618161408,14415214491747
9924636664408,14415234148584
9924655171408,14415256630180
9924673677408,14415278439465
9924692185408,14415300100259
9924710693408,14415319893416
9924729200408,14415342225015
9924747708408,14415363404146
9924766213408,14415384740749
9924784721408,14415404218253
9924803228408,14415421871318
9924821734408,14415440750128
9924840241408,14415458006547
9924858748408,14415477057039
9924877256408,14415496712837
9924895763408,14415514756407
9924914269408,14415535617549
9924932777408,14415553602872
9924951285408,14415575938334
9924969790408,14415594340276
9924988297408,14415612698858
9925006803408,14415629975667
9925025311408,14415648988445
9925043819408,14415666632773
9925062325408,14415685359529
9925080833408,14415702600794
9925099341408,14415722704174
9925117845408,14415738079600
9925136353408,14415754076878
9925154859408,14415772265316
9925173366408,14415789966548
9925191880408,14415807559375
9925210381408,14415824224463
9925228899408,14415840991509
9925247395408,14415857106925
9925265902408,14415875900481
9925284411408,14415897046785
9925302917408,14415912078852
9925321422408,14415927643356
9925339929408,14415941493256
9925358437408,14415959396248
9925376944408,14415976651030
9925395452408,14415995939355
9925413959408,14416013586259
9925432467408,14416031292847
9925450975408,14416047835418
9925469478408,14416066925974
9925487985408,14416082016305
9925506491408,14416098688426
9925524998408,14416112977475
9925543506408,14416129159772
9925562014408,14416151770591
9925580520408,14416168078654
9925599027408,14416190904054
9925617535408,14416212906884
9925636043408,14416228572699
9925654550408,14416244278718
9925673055408,14416263401669
9925691563408,14416280154619
9925710069408,14416299794296
9925728576408,14416319161101
9925747083408,14416338055870
9925765591408,14416356333359
9925784101408,14416374848746
9925802607408,14416393919308
9925821112408,14416411818734
9925839618408,14416432787365
9925858125408,14416449888281
9925876631408,14416466708690
9925895140408,14416483547680
9925913647408,14416505855281
9925932154408,14416525394333
9925950661408,14416545205005
9925969167408,14416564155205
9925987676408,14416586662191
9926006184408,14416604505731
9926024688408,14416633892955
9926043195408,14416653076217
9926061703408,14416676606397
9926080210408,14416694537717
9926098716408,14416713858635
9926117225408,14416733178476
9926135733408,14416754255237
9926154237408,14416771586011
9926172743408,14416789580746
9926191252408,14416809321474
9926209757408,14416830828938
9926228265408,14416856119241
9926246772408,14416874360812
9926265280408,14416897716692
9926283786408,14416921425332
9926302294408,14416939609881
9926320801408,14416960604446
9926339309408,14416983017648
9926357813408,14417001460078
9926376321408,14417023727630
9926394828408,14417045594755
9926413335408,14417064837890
9926431841408,14417087080674
9926450350408,14417108346761
9926468857408,14417131488186
9926487365408,14417151526215
9926505870408,14417172827980
9926524378408,14417193709886
9926542883408,14417211708523
9926561390408,14417231058305
9926579897408,14417251384413
9926598404408,14417271991855
9926616917408,14417292692995
9926635419408,14417311814627
9926653925408,14417330888383
9926672433408,14417350932593
9926690941408,14417367248799
9926709447408,14417383720345
9926727954408,14417402605527
9926746461408,14417419819254
9926764967408,14417439802232
9926783475408,14417458446459
9926801982408,14417476341813
9926820489408,14417492809611
9926838997408,14417512630474
9926857501408,14417530515627
9926876009408,14417547811752
9926894517408,14417569038719
9926913023408,14417587615421
9926931530408,14417603061396
9926950038408,14417622260025
9926968545408,14417639706501
9926987051408,14417657970125
9927005558408,14417674555517
9927024066408,14417689231649
9927042576408,14417705361456
9927061080408,14417728554473
9927079586408,14417752067302
9927098093408,14417778326062
9927116601408,14417798588836
9927135108408,14417823293235
9927153614408,14417846113001
9927172123408,14417867222665
9927190631408,14417888995920
9927209136408,14417911783905
9927227643408,14417934134030
9927246150408,14417955898090
9927264655408,14417975248569
9927283163408,14417994042824
9927301669408,14418016110168
9927320178408,14418039490153
9927338685408,14418060479275
9927357191408,14418080479495
9927375699408,14418097609019
9927394209408,14418116220889
9927412711408,14418136423908
9927431219408,14418153693953
9927449727408,14418171452283
9927468234408,14418188494403
9927486740408,14418208140350
9927505248408,14418227966443
9927523755408,14418245352183
9927542261408,14418263543377
9927560769408,14418281136091
9927579275408,14418298724064
9927597782408,14418316276862
9927616290408,14418336574867
9927634796408,14418354191701
9927653303408,14418373121690
9927671811408,14418392208189
9927690317408,14418411754917
9927708825408,14418427089419
9927727334408,14418445474075
9927745841408,14418464146462
9927764347408,14418480531672
9927782854408,14418498140891
9927801360408,14418517056334
9927819866408,14418532258387
9927838373408,14418552651683
9927856880408,14418573655380
9927875389408,14418596325285
9927893893408,14418613025565
9927912401408,14418631778148
9927930909408,14418649737771
9927949415408,14418666465595
9927967922408,14418687034379
9927986428408,14418705567481
9928004934408,14418726150757
9928023444408,14418744033014
9928041949408,14418761817002
9928060459408,14418780788576
9928078965408,14418798741757
9928097471408,14418815461552
9928115978408,14418832406735
9928134484408,14418852979248
9928152992408,14418872634731
9928171498408,14418891830665
9928190006408,14418911793325
9928208513408,14418931853899
9928227022408,14418950344780
9928245527408,14418970084984
9928264034408,14418988261642
9928282541408,14419006432854
9928301049408,14419025125597
9928319554408,14419043166871
9928338062408,14419060763876
9928356568408,14419078601828
9928375075408,14419094658964
9928393583408,14419113115738
9928412090408,14419131722669
9928430598408,14419151795253
9928449105408,14419170292209
9928467610408,14419190729205
9928486117408,14419211118400
9928504624408,14419233435932
9928523131408,14419252141227
9928541638408,14419272933539
9928560148408,14419295011635
9928578654408,14419317698485
9928597159408,14419336403700
9928615667408,14419363896104
9928634174408,14419386148089
9928652680408,14419409408783
9928671188408,14419442412077
9928689693408,14419468865463
9928708201408,14419490833010
9928726709408,14419511542611
9928745216408,14419534095909
9928763723408,14419555951006
9928782233408,14419577203306
9928800737408,14419600846574
9928819243408,14419619862201
9928837749408,14419637586444
9928856258408,14419655390336
9928874765408,14419677113527
9928893272408,14419695047187
9928911779408,14419717452638
9928930288408,14419736388804
9928948792408,14419756692079
9928967300408,14419774676090
9928985807408,14419796674301
9929004313408,14419815846996
9929022820408,14419835734214
9929041327408,14419855557443
9929059833408,14419874833224
9929078341408,14419894728624
9929096848408,14419913470173
9929115357408,14419932215591
9929133866408,14419950433144
9929152369408,14419968298953
9929170877408,14419989199837
9929189383408,14420008896345
9929207890408,14420030582554
9929226397408,14420048673370
9929244905408,14420070918144
9929263413408,14420089166045
9929281917408,14420111849931
9929300425408,14420133863693
9929318932408,14420155133091
9929337440408,14420175497205
9929355945408,14420194878306
9929374454408,14420210796558
9929392959408,14420231883823
9929411466408,14420251676509
9929429973408,14420270941351
9929448482408,14420292719812
9929466990408,14420313378572
9929485498408,14420333021644
9929504001408,14420352705959
9929522509408,14420370979240
9929541015408,14420391467642
9929559523408,14420412445570
9929578030408,14420432734810
9929596539408,14420453606964
9929615046408,14420473551206
9929633550408,14420492590318
9929652057408,14420513201427
9929670565408,14420533452858
9929689072408,14420553731165
9929707578408,14420572663057
9929726086408,14420594420610
9929744593408,14420612595623
9929763099408,14420634606916
9929781606408,14420657631136
9929800116408,14420677616501
9929818624408,14420699094401
9929837127408,14420718047873
9929855635408,14420740617247
9929874142408,14420759944968
9929892647408,14420778849806
9929911157408,14420799745996
9929929662408,14420815666707
9929948170408,14420835400083
9929966679408,14420854613701
9929985184408,14420873265533
9930003691408,14420892908894
9930022197408,14420910844917
9930040704408,14420928629128
9930059211408,14420946137976
9930077719408,14420965416190
9930096225408,14420984828941
9930114731408,14421004420251
9930133241408,14421024428495
9930151748408,14421043006743
9930170255408,14421059652303
9930188762408,14421077268818
9930207267408,14421097570195
9930225773408,14421116681437
9930244282408,14421137299807
9930262789408,14421156322255
9930281296408,14421178109467
9930299805408,14421197210421
9930318312408,14421216571178
9930336816408,14421238038098
9930355323408,14421264947275
9930373830408,14421287539781
9930392338408,14421306746204
9930410845408,14421326944615
9930429352408,14421348862553
9930447858408,14421367687705
9930466365408,14421390450153
9930484872408,14421420200825
9930503381408,14421445336503
9930521888408,14421466328025
9930540393408,14421486772474
9930558900408,14421506849211
9930577407408,14421526184185
9930595914408,14421548882495
9930614421408,14421568370446
9930632929408,14421588388212
9930651438408,14421610728586
9930669942408,14421626966250
9930688449408,14421643854798
9930706955408,14421660792352
9930725463408,14421678469369
9930743972408,14421695289082
9930762477408,14421712077228
9930780984408,14421730293095
9930799502408,14421747151489
9930817997408,14421762924079
9930836506408,14421788981111
9930855015408,14421812398870
9930873522408,14421842724241
9930892026408,14421870897198
9930910535408,14421897438921
9930929040408,14421921704461
9930947547408,14421945573763
9930966054408,14421969722700
9930984562408,14421993401968
9931003070408,14422016170994
9931021575408,14422043301266
9931040081408,14422066895809
9931058588408,14422088980548
9931077097408,14422111222430
9931095602408,14422132108465
9931114110408,14422157137271
9931132619408,14422181521316
9931151123408,14422205374554
9931169630408,14422225925256
9931188138408,14422246850705
9931206646408,14422270527415
9931225151408,14422291843718
9931243659408,14422315973001
9931262166408,14422339549782
9931280672408,14422361944219
9931299180408,14422383409928
9931317687408,14422403654987
9931336194408,14422423279715
9931354703408,14422442418376
9931373208408,14422465363033
9931391714408,14422487607228
9931410222408,14422513165715
9931428728408,14422536760823
9931447236408,14422557833423
9931465744408,14422579544298
9931484251408,14422601281298
9931502755408,14422624698027
9931521263408,14422646869104
9931539771408,14422669669245
9931558279408,14422692811023
9931576784408,14422715781503
9931595291408,14422737371380
9931613797408,14422759285439
9931632312408,14422782953211
9931650813408,14422807091344
9931669321408,14422830829198
9931687828408,14422852116370
9931706337408,14422875647530
9931724840408,14422899480035
9931743347408,14422922169162
9931761854408,14422944765013
9931780363408,14422965729989
9931798869408,14422989169260
9931817376408,14423007569550
9931835883408,14423026113557
9931854389408,14423045585580
9931872896408,14423065938672
9931891404408,14423088225764
9931909913408,14423107833913
9931928418408,14423126716918
9931946924408,14423148419474
9931965431408,14423168409911
9931983938408,14423188574040
9932002448408,14423209314997
9932020952408,14423231038954
9932039463408,14423250544569
9932057965408,14423272831121
9932076474408,14423294019341
9932094980408,14423315780622
9932113488408,14423336465265
9932131995408,14423357292371
9932150501408,14423379458114
9932169010408,14423400319425
9932187519408,14423419624965
9932206021408,14423439962837
9932224528408,14423460565790
9932243041408,14423481312302
9932261545408,14423501068436
9932280053408,14423520393034
9932298558408,14423539312564
9932317063408,14423559962755
9932335571408,14423578449651
9932354078408,14423596412962
9932372586408,14423616140434
9932391094408,14423636223502
9932409599408,14423655819518
9932428106408,14423675128642
9932446613408,14423695619869
9932465119408,14423714222069
9932483627408,14423732342033
9932502134408,14423750988735
9932520641408,14423770085505
9932539150408,14423791506843
9932557653408,14423810345213
9932576161408,14423830362547
9932594670408,14423853022010
9932613176408,14423872767877
9932631683408,14423892187703
9932650189408,14423911457597
9932668696408,14423933217948
9932687204408,14423954144913
9932705710408,14423972378082
9932724220408,14423992157280
9932742726408,14424012061093
9932761232408,14424028703747
9932779738408,14424046888909
9932798246408,14424067873538
9932816753408,14424086753449
9932835260408,14424106260348
9932853767408,14424125785789
9932872275408,14424143871902
9932890783408,14424161981818
9932909287408,14424181032030
9932927795408,14424201873662
9932946304408,14424221520016
9932964809408,14424236615525
9932983316408,14424255652653
9933001822408,14424273147731
9933020330408,14424291470348
9933038836408,14424305972833
9933057344408,14424326901132
9933075851408,14424347250620
9933094361408,14424368379780
9933112863408,14424388501859
9933131371408,14424405667546
9933149878408,14424426257232
9933168388408,14424444858817
9933186892408,14424466776199
9933205400408,14424483636203
9933223909408,14424500466207
9933242413408,14424517523225
9933260919408,14424538585441
9933279426408,14424555617822
9933297936408,14424576992401
9933316441408,14424595765560
9933334950408,14424613020414
9933353455408,14424629723432
9933371962408,14424650568637
9933390470408,14424671614271
9933408976408,14424690132929
9933427489408,14424712555451
9933445992408,14424736777608
9933464497408,14424757632500
9933483005408,14424778910726
9933501512408,14424800014123
9933520017408,14424815547212
9933538525408,14424830468950
9933557033408,14424850819066
9933575541408,14424873964900
9933594046408,14424890710407
9933612552408,14424911991595
9933631059408,14424929262441
9933649571408,14424948461043
9933668075408,14424967217217
9933686581408,14424985417058
9933705088408,14425006107389
9933723596408,14425025474979
9933742102408,14425045702794
9933760612408,14425063118953
9933779117408,14425080724029
9933797624408,14425100853039
9933816130408,14425119664745
9933834636408,14425139356809
9933853143408,14425159277348
9933871649408,14425178671514
9933890158408,14425196936335
9933908666408,14425215214986
9933927174408,14425231481372
9933945677408,14425250018838
9933964186408,14425269022103
9933982692408,14425286937645
9934001203408,14425304875766
9934019707408,14425323119998
9934038215408,14425342072896
9934056720408,14425360572777
9934075227408,14425377966583
9934093735408,14425396186841
9934112242408,14425414850995
9934130750408,14425433295797
9934149257408,14425450832130
9934167763408,14425469899188
9934186269408,14425488824368
9934204776408,14425507101791
9934223283408,14425525438534
9934241791408,14425544604154
9934260299408,14425563421471
9934278807408,14425584223162
9934297312408,14425602649778
9934315817408,14425619870081
9934334324408,14425637064945
9934352831408,14425656124942
9934371339408,14425673200758
9934389846408,14425691599741
9934408354408,14425708585430
9934426860408,14425726340067
9934445368408,14425742797361
9934463879408,14425760478416
9934482383408,14425779024146
9934500888408,14425797388897
9934519395408,14425816121984
9934537902408,14425834220896
9934556409408,14425852042480
9934574915408,14425869600497
9934593423408,14425886193592
9934611931408,14425903966948
9934630439408,14425921383005
9934648944408,14425939038798
9934667452408,14425955648117
9934685958408,14425972657093
9934704464408,14425988744284
9934722972408,14426004123547
9934741479408,14426021520291
9934759986408,14426038188806
9934778493408,14426055420520
9934797000408,14426071909278
9934815509408,14426088443480
9934834017408,14426103446456
9934852521408,14426120538902
9934871028408,14426138947904
9934889535408,14426156174672
9934908043408,14426172390503
9934926550408,14426188129011
9934945057408,14426205213237
9934963566408,14426221924099
9934982070408,14426237352383
9935000577408,14426253140771
9935019084408,14426271076813
9935037591408,14426286681411
9935056104408,14426302979668
9935074605408,14426321263330
9935093112408,14426339324396
9935111621408,14426354755229
9935130126408,14426374328734
9935148635408,14426397809943
9935167142408,14426417305676
9935185647408,14426432822116
9935204153408,14426451214418
9935222662408,14426470170868
9935241168408,14426487283695
9935259676408,14426506857043
9935278182408,14426529547425
9935296689408,14426549360688
9935315198408,14426566310434
9935333703408,14426584375916
9935352210408,14426602707109
9935370717408,14426620008124
9935389223408,14426638852798
9935407730408,14426656178291
9935426238408,14426672954197
9935444744408,14426687372059
9935463251408,14426709457239
9935481758408,14426729631086
9935500266408,14426747606067
9935518775408,14426764977962
9935537280408,14426782208371
9935555786408,14426801715451
9935574293408,14426819209882
9935592801408,14426835489160
9935611308408,14426852866030
9935629816408,14426869805483
9935648323408,14426891023805
9935666831408,14426908555020
9935685336408,14426926405875
9935703842408,14426945106187
9935722348408,14426962572112
9935740855408,14426979759384
9935759362408,14426996481868
9935777870408,14427015605476
9935796377408,14427034408312
9935814885408,14427051487567
9935833393408,14427068009764
9935851898408,14427082520390
9935870407408,14427098726518
9935888912408,14427114614224
9935907419408,14427132453018
9935925926408,14427150705424
9935944433408,14427168264370
9935962939408,14427185674473
9935981449408,14427203672924
9935999956408,14427222846105
9936018463408,14427238975826
9936036968408,14427258045100
9936055475408,14427277114290
9936073981408,14427295823243
9936092488408,14427313616129
9936110996408,14427331056647
9936129502408,14427349759077
9936148010408,14427367998652
9936166519408,14427386796648
9936185024408,14427409530845
9936203533408,14427431546878
9936222041408,14427452852924
9936240545408,14427472370533
9936259051408,14427493716374
9936277560408,14427511492650
9936296066408,14427532809468
9936314574408,14427551660005
9936333081408,14427572068914
9936351589408,14427595236022
9936370093408,14427616682662
9936388600408,14427640953189
9936407107408,14427663517454
9936425614408,14427688173682
9936444121408,14427711600723
9936462629408,14427734215372
9936481140408,14427754726989
9936499644408,14427777355596
9936518149408,14427798890050
9936536657408,14427819143379
9936555165408,14427842980820
9936573671408,14427869643505
9936592177408,14427891832719
9936610685408,14427913943401
9936629192408,14427936283073
9936647699408,14427954477970
9936666206408,14427975489202
9936684715408,14427999941944
9936703221408,14428019383514
9936721726408,14428043440216
9936740234408,14428065588716
9936758740408,14428083808262
9936777247408,14428104869095
9936795754408,14428121789748
9936814261408,14428141680823
9936832770408,14428165253323
9936851276408,14428184688065
9936869782408,14428208343132
9936888291408,14428226415827
9936906798408,14428244813273
9936925302408,14428265728642
9936943810408,14428295628703
9936962318408,14428317434681
9936980824408,14428344177725
9936999332408,14428369701548
9937017839408,14428394439911
9937036347408,14428420155296
9937054854408,14428442252576
9937073359408,14428468417379
9937091867408,14428494798734
9937110374408,14428517544103
9937128880408,14428545091577
9937147386408,14428568253833
9937165893408,14428589856901
9937184401408,14428613045004
9937202907408,14428638702465
9937221415408,14428662019079
9937239923408,14428687908386
9937258431408,14428709016715
9937276936408,14428727811219
9937295443408,14428749399413
9937313950408,14428771471180
9937332457408,14428794420625
9937350963408,14428814629510
9937369472408,14428837974031
9937387979408,14428854889760
9937406487408,14428872200142
9937424992408,14428895280490
9937443499408,14428912336396
9937462005408,14428934774981
9937480513408,14428958475304
9937499019408,14428986581337
9937517528408,14429005630304
9937536034408,14429027570462
9937554540408,14429043746558
9937573049408,14429061630049
9937591557408,14429083417381
9937610065408,14429106146978
9937628568408,14429125402065
9937647081408,14429141389963
9937665583408,14429156402123
9937684090408,14429173908930
9937702597408,14429196084595
9937721103408,14429214014963
9937739612408,14429234306960
9937758120408,14429253125713
9937776625408,14429268687787
9937795132408,14429291057482
9937813640408,14429308992363
9937832146408,14429325972414
9937850652408,14429349310785
9937869162408,14429372263057
9937887667408,14429393428940
9937906179408,14429414600459
9937924681408,14429432918716
9937943189408,14429453195133
9937961699408,14429471258308
9937980201408,14429489402424
9937998708408,14429506642835
9938017216408,14429523149012
9938035723408,14429537198549
9938054229408,14429559616311
9938072737408,14429575496740
9938091245408,14429587631032
9938109750408,14429600217922
9938128257408,14429622957731
9938146764408,14429646038574
9938165271408,14429669242488
9938183777408,14429684567580
9938202284408,14429697896623
9938220791408,14429711281436
9938239299408,14429728970131
9938257807408,14429746883051
9938276315408,14429768994447
9938294823408,14429783582660
9938313328408,14429796542391
9938331835408,14429809922936
9938350341408,14429825862623
9938368848408,14429844085503
9938387355408,14429862856602
9938405862408,14429878183960
9938424370408,14429900701473
9938442879408,14429916333635
9938461383408,14429933328303
9938479890408,14429948443183
9938498397408,14429963497660
9938516905408,14429979608398
9938535410408,14429994606659
9938553916408,14430008785483
9938572424408,14430022882915
9938590932408,14430036463348
9938609439408,14430050983401
9938627947408,14430071045706
9938646455408,14430094493928
9938664962408,14430111281910
9938683467408,14430124704763
9938701974408,14430138691249
9938720481408,14430153008623
9938738987408,14430166237684
9938757495408,14430180088216
9938776005408,14430193824841
9938794511408,14430206733512
9938813015408,14430225815849
9938831524408,14430252501997
9938850029408,14430272794698
9938868537408,14430291521657
9938887043408,14430311183776
9938905550408,14430327997981
9938924057408,14430350312842
9938942565408,14430367591645
9938961072408,14430386096832
9938979580408,14430403274884
9938998088408,14430420172757
9939016593408,14430440602068
9939035098408,14430454996655
9939053606408,14430474972385
9939072113408,14430493149007
9939090621408,14430511280883
9939109128408,14430528077079
9939127637408,14430544496217
9939146143408,14430567469761
9939164668408,14430586095930
9939183156408,14430603819804
9939201662408,14430621328114
9939220169408,14430638728095
9939238677408,14430656099801
9939257185408,14430673768857
9939275691408,14430691216376
9939294202408,14430709415756
9939312705408,14430727824331
9939331213408,14430744950894
9939349722408,14430767561132
9939368226408,14430786317867
9939386733408,14430804326839
9939405240408,14430820392395
9939423746408,14430841388944
9939442254408,14430863126444
9939460763408,14430884873031
9939479270408,14430907124594
9939497775408,14430929389843
9939516281408,14430949831020
9939534788408,14430973648308
9939553296408,14430993201384
9939571803408,14431013193430
9939590309408,14431035163023
9939608815408,14431055464043
9939627322408,14431073983974
9939645830408,14431091694490
9939664338408,14431111458904
9939682847408,14431134053427
9939701351408,14431152971921
9939719858408,14431213260205
9939738365408,14431237396730
9939756871408,14431258539152
9939775379408,14431280943257
9939793887408,14431301602688
9939812395408,14431321149943
9939830903408,14431344023146
9939849408408,14431362648793
9939867914408,14431380483508
9939886421408,14431397420756
9939904928408,14431414708606
9939923435408,14431437148581
9939941942408,14431456142050
9939960448408,14431473374210
9939978956408,14431491500671
9939997464408,14431508393566
9940015971408,14431525670810
9940034480408,14431543397269
9940052983408,14431565922027
9940071499408,14431585944349
9940089997408,14431606306906
9940108505408,14431626485118
9940127012408,14431645941265
9940145519408,14431665656043
9940164027408,14431686125249
9940182536408,14431708348681
9940201039408,14431725883013
9940219546408,14431747049870
9940238053408,14431765449835
9940256561408,14431780584277
9940275066408,14431800714677
9940293576408,14431820929519
9940312081408,14431842171441
9940330589408,14431862199775
9940349097408,14431882533505
9940367604408,14431902181404
9940386111408,14431922127561
9940404617408,14431940440185
9940423123408,14431960216575
9940441631408,14431981057045
9940460138408,14432000993196
9940478646408,14432021613822
9940497152408,14432037457649
9940515661408,14432057763183
9940534167408,14432076418493
9940552672408,14432095419038
9940571179408,14432114783054
9940589686408,14432134385629
9940608193408,14432153474024
9940626701408,14432171818862
9940645208408,14432191649685
9940663715408,14432210490364
9940682221408,14432230634373
9940700729408,14432251632455
9940719236408,14432272143626
9940737746408,14432291158811
9940756250408,14432309414490
9940774756408,14432327866192
9940793263408,14432343782109
9940811771408,14432362463153
9940830277408,14432381765929
9940848785408,14432399870742
9940867294408,14432418365977
9940885798408,14432433768897
9940904305408,14432449219013
9940922812408,14432462486649
9940941319408,14432482597755
9940959827408,14432502484356
9940978333408,14432520572762
9940996842408,14432539448408
9941015346408,14432556808474
9941033853408,14432577680583
9941052362408,14432595456435
9941070869408,14432612118059
9941089375408,14432630961310
9941107881408,14432648539986
9941126390408,14432665948303
9941144895408,14432681747102
9941163403408,14432697524982
9941181910408,14432714022679
9941200418408,14432730412715
9941218926408,14432747123796
9941237431408,14432762905501
9941255938408,14432778365699
9941274445408,14432793974727
9941292951408,14432808838213
9941348475408,14432824609294
9941366979408,14432839377386
9941385486408,14432855134480
9941403995408,14432870042937
9941422502408,14432893609914
9941441007408,14432911459922
9941459515408,14432932611278
9941478022408,14432951283491
9941496529408,14432968362485
9941515036408,14432988543342
9941533543408,14433006778698
9941552050408,14433024573311
9941570560408,14433043531775
9941589063408,14433060598908
9941607571408,14433077456870
9941626077408,14433094158014
9941644585408,14433113757239
9941663091408,14433131591281
9941681601408,14433144678205
9941700107408,14433160198145
9941718612408,14433174752674
9941737118408,14433191887529
9941755629408,14433206483200
9941774134408,14433225750833
9941792641408,14433240931424
9941811148408,14433259330051
9941829655408,14433272938178
9941848163408,14433289800857
9941866669408,14433303029180
9941885175408,14433317317194
9941903684408,14433333083409
9941922191408,14433348961287
9941940696408,14433367259961
9941959205408,14433385702437
9941977710408,14433407059024
9941996218408,14433428488103
9942014726408,14433453231736
9942033232408,14433476833651
9942051740408,14433499771756
9942070244408,14433524972616
9942088751408,14433546231979
9942107272408,14433569678221
9942125768408,14433591905249
9942144278408,14433612043264
9942162781408,14433643955180
9942181287408,14433667678043
9942199796408,14433693439713
9942218301408,14433716607748
9942236808408,14433738914918
9942255316408,14433762033794
9942273825408,14433784173327
9942292330408,14433806609143
9942310837408,14433826148133
9942329343408,14433846670790
9942347850408,14433869073255
9942366358408,14433885369598
9942384865408,14433905507537
9942403372408,14433926898117
9942421877408,14433949815841
9942440385408,14433967827344
9942458893408,14433990664105
9942477399408,14434010882722
9942495905408,14434030498530
9942514413408,14434047532300
9942532920408,14434071104098
9942551427408,14434093958552
9942569933408,14434115902879
9942588442408,14434133454224
9942606949408,14434153186770
9942625455408,14434172069083
9942643961408,14434191343474
9942662470408,14434211290554
9942680976408,14434231943730
9942699500408,14434252262752
9942717989408,14434273878780
9942736498408,14434293667255
9942755005408,14434314218364
9942773510408,14434334329903
9942792016408,14434354631735
9942810526408,14434377556765
9942829031408,14434398928191
9942847538408,14434419714032
9942866046408,14434441981697
9942884552408,14434461720238
9942903059408,14434482098145
9942921568408,14434501835535
9942940074408,14434521662075
9942958583408,14434542423048
9942977088408,14434557906559
9942995596408,14434576914836
9943014101408,14434592320438
9943032608408,14434606610891
9943051115408,14434624046525
9943069622408,14434643879251
9943088130408,14434665778451
9943106639408,14434685063140
9943125142408,14434705285582
9943143650408,14434729238954
9943162158408,14434748334006
9943180680408,14434772717958
9943199170408,14434795658478
9943217678408,14434816573877
9943236184408,14434838316471
9943254692408,14434859942015
9943273199408,14434883050529
9943291708408,14434904925773
9943310217408,14434929764368
9943328721408,14434953535743
9943347227408,14434978473024
9943365736408,14435007215232
9943384241408,14435031972118
9943402749408,14435060503172
9943421255408,14435086696183
9943439764408,14435113497649
9943458269408,14435141877129
9943476775408,14435166242725
9943495282408,14435192242409
9943513793408,14435214612671
9943532303408,14435236936444
9943550804408,14435260194784
9943569311408,14435286037507
9943587818408,14435309627477
9943606324408,14435330675252
9943624834408,14435352355199
9943643340408,14435375875698
9943661849408,14435399353855
9943680353408,14435418945194
9943698861408,14435435499696
9943717366408,14435457615770
9943735874408,14435477397725
9943754381408,14435495405679
9943772888408,14435513944144
9943791396408,14435533376729
9943809902408,14435550626033
9943828408408,14435571034291
9943846915408,14435591530679
9943865426408,14435610940979
9943883930408,14435629804176
9943902437408,14435650028803
9943920942408,14435668685650
9943939450408,14435688490761
9943957956408,14435707885237
9943976466408,14435726955596
9943994973408,14435750316093
9944013478408,14435779943355
9944031985408,14435800713240
9944050492408,14435819826955
9944069000408,14435842889978
9944087507408,14435865045105
9944106014408,14435888899094
9944124522408,14435906472086
9944143029408,14435929262995
9944161534408,14435950888279
9944180041408,14435971057523
9944198549408,14435990228474
9944217054408,14436008752057
9944235563408,14436034276976
9944254070408,14436055150256
9944272576408,14436077076686
9944291083408,14436095125155
9944309591408,14436112590673
9944328098408,14436129508749
9944346607408,14436148521253
9944365111408,14436168047013
9944383619408,14436186467159
9944402124408,14436205155027
9944420632408,14436226293237
9944439138408,14436244618276
9944457646408,14436270821948
9944476154408,14436290381561
9944494662408,14436310372839
9944513166408,14436331902229
9944531675408,14436352698001
9944550179408,14436376339499
9944568688408,14436402355097
9944587195408,14436426117002
9944605702408,14436450238622
9944624208408,14436476928750
9944642715408,14436502017738
9944661222408,14436528055947
9944679732408,14436552789100
9944698239408,14436577181878
9944716744408,14436601375376
9944735250408,14436625056556
9944753758408,14436654034712
9944772266408,14436678707280
9944790772408,14436703192776
9944809279408,14436725671387
9944827788408,14436749615497
9944846322408,14436769294328
9944864801408,14436791844185
9944883306408,14436817388232
9944901813408,14436840529335
9944920321408,14436863514153
9944938827408,14436888126243
9944957338408,14436908633316
9944975842408,14436929950581
9944994348408,14436948712497
9945012857408,14436972797917
9945031365408,14436995811418
9945049872408,14437018503216
9945068376408,14437041921687
9945086884408,14437063371382
9945105390408,14437086482773
9945123898408,14437110590712
9945142404408,14437133830298
9945160911408,14437164499227
9945179420408,14437192896108
9945197926408,14437218518190
9945216433408,14437244129143
9945234938408,14437270708961
9945253446408,14437294987698
9945271952408,14437322395431
9945290461408,14437346557022
9945308967408,14437375887424
9945327474408,14437400226180
9945345981408,14437421987135
9945364489408,14437443751605
9945382996408,14437462565433
9945401505408,14437486049225
9945420008408,14437508289555
9945438516408,14437534388306
9945457023408,14437559333595
9945475530408,14437587131861
9945494037408,14437615215823
9945512545408,14437640335117
9945531053408,14437667080534
9945549559408,14437692456525
9945568065408,14437718217743
9945586571408,14437742319501
9945605078408,14437766428023
9945623586408,14437789688058
9945642093408,14437812376135
9945660599408,14437836750396
9945679107408,14437864123243
9945697614408,14437890221155
9945716122408,14437913948813
9945734630408,14437938625748
9945753134408,14437965465058
9945771643408,14437992604096
9945790148408,14438020410269
9945808656408,14438047589452
9945827163408,14438072552406
9945845670408,14438098872412
9945864179408,14438125441708
9945882686408,14438147404107
9945901190408,14438169344937
9945919697408,14438195784915
9945938204408,14438220668297
9945956711408,14438249535430
9945975218408,14438276943104
9945993727408,14438301021719
9946012232408,14438325743024
9946030740408,14438347015337
9946049248408,14438368511420
9946067755408,14438387292913
9946086262408,14438409034143
9946104767408,14438427292595
9946123274408,14438446789600
9946141781408,14438466128394
9946160289408,14438485929681
9946178795408,14438505631218
9946197304408,14438525010652
9946215812408,14438543918849
9946234319408,14438564199973
9946252823408,14438583670362
9946271330408,14438604352619
9946289837408,14438624026485
9946308344408,14438643952238
9946326851408,14438663472239
9946345363408,14438683597855
9946363867408,14438702746968
9946382373408,14438720766011
9946400880408,14438739772736
9946419387408,14438763550679
9946437895408,14438786798058
9946474965408,14438817460217
9946493414408,14438841968600
9946511923408,14438865732716
9946530429408,14438886836566
9946548937408,14438908817125
9946567444408,14438930201974
9946585948408,14438952364769
9946604457408,14438973620183
9946622963408,14438996462184
9946641469408,14439016390967
9946659976408,14439036173220
9946678483408,14439055186353
9946696995408,14439073904615
9946715498408,14439096845768
9946734006408,14439118189212
9946752513408,14439139896227
9946771020408,14439161410691
9946789526408,14439179632283
9946808033408,14439202680055
9946826541408,14439222610256
9946845047408,14439244631135
9946863554408,14439265423077
9946882062408,14439286382804
9946900570408,14439307286219
9946919077408,14439327411179
9946937581408,14439352219570
9946956089408,14439371804334
9946974596408,14439395912702
9946993102408,14439417325065
9947011609408,14439437425139
9947030116408,14439457779521
9947048624408,14439477871346
9947067130408,14439498210121
9947085638408,14439519039264
9947104145408,14439539011133
9947122653408,14439557791732
9947141158408,14439579233686
9947159666408,14439598920754
9947178172408,14439618385969
9947196680408,14439644697812
9947215185408,14439663726960
9947233695408,14439684947033
9947252202408,14439703821969
9947270709408,14439726732041
9947289214408,14439755453028
9947307723408,14439789980377
9947326229408,14439814431143
9947344735408,14439843738471
9947363243408,14439874576093
9947381749408,14439899273951
9947400258408,14439923229620
9947418764408,14439945906389
9947437270408,14439968783877
9947455779408,14439998992585
9947474286408,14440019766722
9947492791408,14440042194189
9947511298408,14440063641492
9947529806408,14440083862441
9947548313408,14440105235892
9947566819408,14440124369528
9947585326408,14440153485641
9947603835408,14440177133787
9947622341408,14440211800584
9947640847408,14440243378738
9947659353408,14440270199762
9947677862408,14440297572603
9947696369408,14440321191732
9947714874408,14440344943322
9947733381408,14440370886060
9947751889408,14440395961161
9947770408408,14440416277124
9947788904408,14440440812624
9947807412408,14440465820910
9947825920408,14440489264607
9947844424408,14440511039195
9947862932408,14440532778732
9947881437408,14440556313972
9947899946408,14440582131880
9947918453408,14440607231320
9947936960408,14440630648545
9947955468408,14440653637021
9947973975408,14440674699809
9947992480408,14440696221548
9948010986408,14440718689589
9948029494408,14440739040242
9948048000408,14440758330274
9948066508408,14440777616874
9948085014408,14440802769027
9948103522408,14440820936194
9948122028408,14440834763091
9948140536408,14440855144841
9948159044408,14440870996505
9948177553408,14440886983426
9948196057408,14440909065471
9948214563408,14440923906615
9948233070408,14440943391003
9948251577408,14440958355664
9948270085408,14440972646607
9948288593408,14440994546358
9948307100408,14441016561579
9948325605408,14441032360521
9948344113408,14441053956463
9948362619408,14441075405268
9948381126408,14441092591020
9948399633408,14441114327650
9948418139408,14441131442765
9948436648408,14441147468186
9948455154408,14441168091090
9948473661408,14441182850524
9948492170408,14441201296548
9948510677408,14441216555511
9948529183408,14441230482764
9948547690408,14441243655663
9948566197408,14441258264876
9948584703408,14441272055950
9948603210408,14441285080531
9948621717408,14441298641296
9948640224408,14441312399271
9948658733408,14441328515181
9948677239408,14441343987463
9948695747408,14441359810078
9948714252408,14441377486363
9948732760408,14441391226867
9948751265408,14441411357924
9948769772408,14441426488701
9948788279408,14441448385258
9948806787408,14441462168144
9948825293408,14441474880683
9948843803408,14441489632780
9948862310408,14441504601863
9948880816408,14441521153954
9948899322408,14441537989903
9948917829408,14441554318678
9948936335408,14441569482683
9948954843408,14441585658879
9948973350408,14441607381697
9948991859408,14441623699262
9949010366408,14441639131445
9949028871408,14441660612732
9949047379408,14441682227640
9949065886408,14441700180749
9949084391408,14441715647930
9949102899408,14441731786195
9949121405408,14441749537507
9949139912408,14441764347659
9949158422408,14441779861394
9949176927408,14441796108004
9949195435408,14441817215181
9949213944408,14441832774953
9949232448408,14441847688127
9949250955408,14441862895131
9949269461408,14441881136044
9949287970408,14441897377562
9949306475408,14441914639459
9949324983408,14441931446247
9949343491408,14441946648562
9949361999408,14441963517194
9949380504408,14441980311048
9949399012408,14441997423859
9949417517408,14442014145281
9949436024408,14442032358789
9949454532408,14442047888753
9949473037408,14442063823698
9949491545408,14442079610106
9949510052408,14442097371516
9949528560408,14442112792962
9949547069408,14442125959571
9949565577408,14442142718757
9949584080408,14442158684409
9949602588408,14442173490510
9949621094408,14442186830331
9949639601408,14442201803351
9949658108408,14442216055840
9949676616408,14442231324872
9949695123408,14442246068727
9949713630408,14442260415551
9949732138408,14442274538023
9949750643408,14442289880384
9949769149408,14442305373730
9949787657408,14442321162750
9949806165408,14442335861738
9949824670408,14442351834231
9949843177408,14442367345132
9949861686408,14442385139999
9949880193408,14442400258909
9949898700408,14442414400847
9949917208408,14442436087940
9949935713408,14442451856319
9949954220408,14442468687733
9949972726408,14442484572933
9949991233408,14442506258634
9950009741408,14442520235383
9950028249408,14442535153025
9950046757408,14442552689063
9950065262408,14442567783126
9950083769408,14442582332863
9950102275408,14442604065400
9950120783408,14442619386333
9950139289408,14442638171564
9950157798408,14442655014064
9950176303408,14442674038568
9950194811408,14442696557324
9950213318408,14442713738986
9950231826408,14442730397737
9950250333408,14442747569322
9950268839408,14442763501022
9950287347408,14442778005856
9950305853408,14442792194000
9950324361408,14442807614406
9950342867408,14442824431992
9950361373408,14442838520450
9950379882408,14442853648494
9950398389408,14442871477227
9950416894408,14442885702000
9950435401408,14442899352787
9950453908408,14442919813727
9950472416408,14442941535401
9950490923408,14442957985692
9950509429408,14442978131505
9950527937408,14442994377587
9950546445408,14443009435054
9950564951408,14443030762312
9950583463408,14443045871287
9950601966408,14443060795223
9950620471408,14443078774471
9950638978408,14443094319345
9950657485408,14443109052125
9950675993408,14443124550754
9950694499408,14443139910401
9950713008408,14443154456090
9950731515408,14443178264294
9950750022408,14443201214509
9950768528408,14443221914755
9950787036408,14443245101722
9950805541408,14443262441992
9950824048408,14443283362040
9950842555408,14443305609907
9950861063408,14443327457827
9950879568408,14443344801775
9950898077408,14443363076676
9950916583408,14443381552762
9950935091408,14443403573335
9950953599408,14443422532457
9950972104408,14443439447375
9950990610408,14443455300974
9951009119408,14443472020285
9951027626408,14443489478739
9951046132408,14443506958918
9951064639408,14443523931753
9951083147408,14443540761421
9951101653408,14443558771058
9951120160408,14443573942882
9951138666408,14443590884516
9951157173408,14443608585477
9951175682408,14443625787787
9951194188408,14443643147327
9951212696408,14443661273830
9951231201408,14443675254854
9951249708408,14443694403813
9951268216408,14443712277846
9951286724408,14443730544768
9951305231408,14443746768689
9951323737408,14443761172216
9951342245408,14443778410836
9951360750408,14443792355766
9951379257408,14443811019632
9951397764408,14443825924542
9951416271408,14443844843681
9951434781408,14443862823204
9951453285408,14443879756588
9951471793408,14443896722643
9951490300408,14443914520056
9951508807408,14443934364152
9951527314408,14443952894896
9951545821408,14443970010401
9951564329408,14443986623607
9951582835408,14444002786167
9951601342408,14444020750402
9951619850408,14444039372617
9951638356408,14444059994073
9951656862408,14444079018265
9951675369408,14444094278415
9951693875408,14444111329350
9951712382408,14444129312802
9951730890408,14444145614334
9951749396408,14444165071453
9951767905408,14444186153790
9951786413408,14444205238912
9951804918408,14444225837624
9951823425408,14444246431157
9951841933408,14444262245659
9951860439408,14444279140728
9951878947408,14444300017622
9951897454408,14444321958094
9951915961408,14444338227118
9951934468408,14444359504220
9951952974408,14444376548962
9951971492408,14444397767050
9951989990408,14444419753288
9952008505408,14444440971470
9952027003408,14444462718044
9952045509408,14444481495436
9952064017408,14444501971996
9952082523408,14444522623089
9952101030408,14444542019808
9952119539408,14444561543582
9952138047408,14444580555082
9952156551408,14444597865635
9952175057408,14444618320893
9952193565408,14444638404025
9952212072408,14444655179345
9952230579408,14444673064219
9952249086408,14444692198242
9952267595408,14444711553962
9952286100408,14444732872423
9952304606408,14444751949889
9952323114408,14444773985392
9952341622408,14444792142005
9952360128408,14444813481921
9952378636408,14444833861849
9952397142408,14444854583236
9952415648408,14444877496855
9952434155408,14444899860298
9952452663408,14444919175792
9952471170408,14444939273930
9952489677408,14444960586042
9952508183408,14444980696793
9952526692408,14445002732809
9952545196408,14445024330857
9952563705408,14445043369219
9952582211408,14445064435839
9952600719408,14445084871383
9952619227408,14445105829377
9952637732408,14445126175037
9952656238408,14445146301288
9952674748408,14445167221344
9952693256408,14445187067202
9952711761408,14445208304695
9952730266408,14445226188292
9952748774408,14445247848909
9952767280408,14445268716413
9952785788408,14445290544335
9952804296408,14445311684256
9952822805408,14445332830207
9952841309408,14445354586549
9952859816408,14445380792351
9952878323408,14445403259703
9952896830408,14445424022369
9952915337408,14445446459678
9952933844408,14445466153124
9952952353408,14445484795924
9952970861408,14445501787826
9952989365408,14445523771153
9953007872408,14445545790059
9953026380408,14445566891059
9953044886408,14445584566620
9953063394408,14445604893801
9953081900408,14445639898975
9953100406408,14445672211889
9953118913408,14445697966894
9953137422408,14445724030339
9953155930408,14445748698940
9953174439408,14445774461208
9953192942408,14445801575231
9953211449408,14445827015294
9953229957408,14445850944602
9953248462408,14445876162349
9953266969408,14445900096696
9953285476408,14445927212772
9953303986408,14445948770088
9953322492408,14445972768136
9953340998408,14445994828883
9953359504408,14446017851762
9953378014408,14446040536108
9953396522408,14446062396022
9953415026408,14446095073561
9953433532408,14446123884507
9953452039408,14446153260925
9953470546408,14446180453313
9953489054408,14446208107599
9953507561408,14446230738947
9953526071408,14446252197017
9953544575408,14446271428830
9953563084408,14446287186434
9953581588408,14446308772214
9953600094408,14446329050535
9953618602408,14446350827791
9953637109408,14446365093873
9953655618408,14446386973419
9953674125408,14446408342984
9953692630408,14446424527268
9953711136408,14446445908771
9953729648408,14446463265057
9953748153408,14446483392733
9953766658408,14446501829337
9953785166408,14446517558314
9953803673408,14446537037551
9953822179408,14446558293162
9953840686408,14446583261202
9953859195408,14446602606740
9953877703408,14446626083188
9953896207408,14446645208221
9953914714408,14446663942449
9953933220408,14446684742347
9953951729408,14446706937829
9953970234408,14446728910540
9953988743408,14446750356442
9954007251408,14446766377652
9954025758408,14446787805046
9954044262408,14446809468723
9954062770408,14446831600943
9954081278408,14446853269793
9954099783408,14446876070463
9954118291408,14446898578854
9954136798408,14446923517489
9954155304408,14446945986694
9954173812408,14446967304038
9954192319408,14446996582424
9954210828408,14447024505438
9954229332408,14447051843714
9954247839408,14447072807909
9954266346408,14447097968304
9954284855408,14447123325847
9954303360408,14447146621433
9954321868408,14447169287767
9954340377408,14447192940356
9954358883408,14447218842655
9954377387408,14447243185981
9954395895408,14447272964791
9954414402408,14447301811509
9954432913408,14447329041818
9954451416408,14447357458895
9954469923408,14447383943991
9954488430408,14447412436948
9954506937408,14447439913840
9954525445408,14447467044368
9954543952408,14447494261266
9954562460408,14447518187380
9954580966408,14447546406425
9954599472408,14447570697428
9954617979408,14447594374254
9954636486408,14447619648776
9954654993408,14447643744149
9954673501408,14447666426611
9954692009408,14447688599323
9954710518408,14447712237681
9954729023408,14447737781152
9954747528408,14447766421013
9954766036408,14447795811831
9954784552408,14447819883219
9954803049408,14447840317697
9954821557408,14447854603653
9954840064408,14447869410730
9954858570408,14447891807769
9954877078408,14447908718633
9954895585408,14447925588949
9954914093408,14447946341695
9954932598408,14447963061079
9954951108408,14447980670214
9954969612408,14447995949466
9954988119408,14448014104674
9955006629408,14448031960905
9955025134408,14448049198248
9955043641408,14448065475974
9955062149408,14448080443647
9955080654408,14448097367438
9955099159408,14448111077677
9955117667408,14448124458047
9955154682408,14448139272599
9955173188408,14448153632725
9955191696408,14448166517870
9955210202408,14448177580332
9955228710408,14448187614067
9955247220408,14448200191990
9955265726408,14448210570761
9955284231408,14448223017583
9955302737408,14448235862355
9955321244408,14448248910003
9955339752408,14448263905169
9955358258408,14448283741493
9955376766408,14448299098663
9955395275408,14448321189642
9955413780408,14448335559361
9955432287408,14448351413508
9955450793408,14448366909885
9955469299408,14448383816336
9955487807408,14448395744282
9955506313408,14448410887234
9955524821408,14448426380010
9955543328408,14448442578963
9955561835408,14448458906151
9955580345408,14448475235500
9955598852408,14448490952116
9955617358408,14448505027285
9955635863408,14448519660399
9955654369408,14448534757087
9955672879408,14448549655008
9955691383408,14448563800036
9955709891408,14448578115678
9955728398408,14448591468765
9955746906408,14448609934955
9955765411408,14448622660338
9955783919408,14448635857411
9955802425408,14448649361676
9955820933408,14448661529631
9955839438408,14448675574251
9955857947408,14448694790943
9955876454408,14448708709684
9955894961408,14448722999611
9955913467408,14448736387150
9955931976408,14448750892884
9955950484408,14448764198858
9955968989408,14448777473073
9955987498408,14448792115741
9956006003408,14448809441592
9956024510408,14448821980703
9956043018408,14448834593616
9956061524408,14448849501094
9956080032408,14448867949614
9956098540408,14448881553567
9956117045408,14448897761223
9956135552408,14448916083325
9956154058408,14448928223918
9956172566408,14448941982403
9956191073408,14448963831039
9956209593408,14448977545743
9956228086408,14448990187795
9956246593408,14449003021708
9956265101408,14449017050805
9956283609408,14449039880731
9956302116408,14449052791664
9956320621408,14449070645437
9956339128408,14449089613936
9956357637408,14449106772710
9956376142408,14449122441303
9956394649408,14449134308290
9956413157408,14449148972887
9956431665408,14449161870923
9956450173408,14449178651576
9956468679408,14449194841285
9956487186408,14449208505569
9956505690408,14449228611756
9956524197408,14449244727188
9956542705408,14449261468645
9956561212408,14449277733427
9956579720408,14449292908972
9956598226408,14449309705784
9956616734408,14449324865590
9956635241408,14449339688655
9956653749408,14449355375887
9956672254408,14449371098905
9956690762408,14449384345315
9956709268408,14449399420660
9956727776408,14449420635560
9956746281408,14449437222393
9956764790408,14449453334255
9956783298408,14449474626166
9956801806408,14449488837465
9956820310408,14449506947871
9956838818408,14449522649944
9956857324408,14449537222355
9956875831408,14449553278565
9956894337408,14449566771289
9956912845408,14449580547830
9956931352408,14449593395046
9956949859408,14449604854767
9956968366408,14449618608821
9956986874408,14449640049523
9957005382408,14449657085671
9957023887408,14449670950601
9957042393408,14449683131166
9957060902408,14449701821062
9957079409408,14449715576580
9957097915408,14449730497580
9957116422408,14449744766205
9957134931408,14449756696003
9957153435408,14449770785804
9957171943408,14449783740736
9957190449408,14449796785262
9957208956408,14449809386216
9957227464408,14449828323280
9957245971408,14449841534859
9957264479408,14449855935688
9957282984408,14449869399384
9957301492408,14449883550061
9957320000408,14449898255420
9957338508408,14449913480455
9957357012408,14449929021388
9957375519408,14449943571198
9957394027408,14449964818047
9957412534408,14449979381658
9957431042408,14449992988304
9957449547408,14450012010999
9957468055408,14450026763566
9957486562408,14450048305597
9957505068408,14450062861242
9957523575408,14450075053535
9957542082408,14450086778743
9957560589408,14450100501033
9957579095408,14450112216267
9957597605408,14450125616536
9957616110408,14450139586549
9957634623408,14450153792634
9957653124408,14450167674684
9957671631408,14450180601599
9957690141408,14450194237379
9957708646408,14450212107379
9957727153408,14450225053288
9957745659408,14450238875805
9957764166408,14450253106676
9957782673408,14450266956312
9957801181408,14450288628995
9957819689408,14450302315612
9957838196408,14450319812721
9957856701408,14450332206747
9957875207408,14450345960157
9957893717408,14450359103440
9957912222408,14450372014372
9957930728408,14450387186283
9957949234408,14450400559247
9957967743408,14450416409221
9957986250408,14450428431595
9958004757408,14450442884006
9958023264408,14450462791683
9958041774408,14450477909588
9958060277408,14450492361234
9958078787408,14450505855944
9958097292408,14450522839488
9958115799408,14450536644550
9958134305408,14450552551968
9958152813408,14450566624027
9958171321408,14450578995642
9958189831408,14450599629739
9958208333408,14450618766260
9958226840408,14450639441748
9958245347408,14450654449877
9958263854408,14450671123273
9958282360408,14450692621114
9958300867408,14450711485633
9958319376408,14450729273528
9958337883408,14450747799288
9958356389408,14450769634026
9958374899408,14450785375513
9958393407408,14450800746549
9958411911408,14450816345772
9958430417408,14450831306220
9958448925408,14450845259833
9958467431408,14450859568506
9958485938408,14450874575893
9958504446408,14450886337876
9958522955408,14450902117723
9958541460408,14450919828181
9958559966408,14450935962169
9958578472408,14450952063454
9958596980408,14450968966347
9958615489408,14450987292001
9958633993408,14451001656840
9958652500408,14451017805607
9958671008408,14451034147868
9958689514408,14451055011961
9958708022408,14451070466577
9958726530408,14451085457758
9958745036408,14451101357030
9958763542408,14451114480547
9958782050408,14451129930456
9958800556408,14451144864892
9958819064408,14451159471303
9958837571408,14451172901627
9958856078408,14451186541753
9958874588408,14451199652828
9958893093408,14451212212112
9958911599408,14451226464811
9958930106408,14451240298642
9958948613408,14451253968490
9958967119408,14451266162474
9958985626408,14451284565023
9959004133408,14451297778541
9959022649408,14451310326906
9959041147408,14451324671098
9959059657408,14451338819985
9959078164408,14451351715034
9959096668408,14451365170428
9959115175408,14451377585467
9959133682408,14451390198007
9959152189408,14451402961786
9959170696408,14451417809965
9959189203408,14451432653223
9959207711408,14451446595370
9959226219408,14451460656144
9959244724408,14451473413115
9959263231408,14451490142894
9959281739408,14451506972278
9959300244408,14451522219965
9959318751408,14451537138608
9959337258408,14451551893018
9959355766408,14451566552995
9959374273408,14451581449732
9959392781408,14451595647294
9959411288408,14451610998578
9959429797408,14451625526630
9959448301408,14451640305858
9959466808408,14451654852800
9959485314408,14451667055150
9959503822408,14451688370417
9959522329408,14451703733036
9959540836408,14451719015243
9959559345408,14451732692495
9959577852408,14451747532501
9959596357408,14451762067828
9959614864408,14451781409986
9959633373408,14451794107360
9959651878408,14451808313163
9959670383408,14451820735636
9959688892408,14451832809462
9959707399408,14451846936772
9959725906408,14451860536270
9959744413408,14451874558034
9959762921408,14451889566729
9959781428408,14451903903675
9959799933408,14451922648208
9959818440408,14451936065215
9959836949408,14451949840431
9959855454408,14451970421025
9959873961408,14451982148326
9959892469408,14451994082517
9959910977408,14452005039541
9959929485408,14452016954649
9959947989408,14452032696902
9959966497408,14452054542416
9959985002408,14452071378535
9960003510408,14452083974006
9960022019408,14452102368678
9960040524408,14452114690312
9960059033408,14452129716638
9960077538408,14452146414774
9960096047408,14452160971210
9960114553408,14452179206488
9960133062408,14452190968653
9960151567408,14452203912032
9960170073408,14452215550498
9960188580408,14452236832912
9960207088408,14452255929639
9960225593408,14452271903718
9960244103408,14452294487116
9960262611408,14452310827914
9960281116408,14452325579366
9960299622408,14452346528728
9960318130408,14452361263907
9960336635408,14452378721976
9960355143408,14452402235767
9960373650408,14452419139400
9960392157408,14452439317251
9960410663408,14452454649219
9960429172408,14452469814396
9960447679408,14452485409690
9960466188408,14452501817159
9960484692408,14452524651711
9960503200408,14452539635183
9960521706408,14452554141977
9960540213408,14452572619516
9960558720408,14452587224715
9960577228408,14452601877252
9960595735408,14452616135402
9960614243408,14452633073943
9960632748408,14452648456551
9960651254408,14452667367419
9960669762408,14452681781205
9960688268408,14452695290581
9960706777408,14452711473114
9960725283408,14452726391791
9960743789408,14452742568293
9960762296408,14452762453389
9960780804408,14452779554523
9960799312408,14452796271433
9960817820408,14452812597012
9960836327408,14452829631491
9960854831408,14452848470538
9960873338408,14452867240812
9960891845408,14452885573965
9960910352408,14452901653483
9960928860408,14452916502399
9960947368408,14452934653974
9960965876408,14452949648014
9960984381408,14452965126043
9961002888408,14452981254436
9961021395408,14453002064943
9961039902408,14453019250893
9961058409408,14453036387567
9961076915408,14453055324493
9961095422408,14453072658548
9961113930408,14453090198599
9961132436408,14453106426237
9961150945408,14453122991370
9961169452408,14453139324330
9961187958408,14453155751942
9961206464408,14453176618919
9961224971408,14453194695175
9961243481408,14453213322342
9961261985408,14453234406696
9961280493408,14453251951643
9961299001408,14453273163524
9961317508408,14453290164203
9961336013408,14453307236058
9961354520408,14453323931732
9961373027408,14453342563177
9961391534408,14453358295332
9961410041408,14453375224689
9961428549408,14453392108403
9961447054408,14453411504173
9961465561408,14453429382609
9961484070408,14453446914459
9961502577408,14453464842303
9961521085408,14453482008216
9961539590408,14453500945603
9961558097408,14453517519753
9961576605408,14453533117049
9961595111408,14453549757435
9961613617408,14453565072707
9961632125408,14453583616078
9961650633408,14453604286888
9961669140408,14453625295234
9961687645408,14453642391680
9961706153408,14453659254083
9961724660408,14453676627498
9961743167408,14453692371765
9961761674408,14453709890509
9961780183408,14453723721081
9961798688408,14453745573011
9961817195408,14453763321911
9961835724408,14453777345240
9961854210408,14453794505218
9961872716408,14453814502531
9961891222408,14453832071984
9961909729408,14453849416439
9961928236408,14453871682978
9961946744408,14453893026174
9961965251408,14453910293597
9961983758408,14453931476375
9962002266408,14453955156108
9962020773408,14453973981372
9962039278408,14453996488346
9962057785408,14454011491603
9962076293408,14454027730231
9962094799408,14454043390750
9962113305408,14454059058960
9962131815408,14454072727429
9962150318408,14454087151346
9962168827408,14454102889629
9962187337408,14454116368177
9962205843408,14454130911272
9962224349408,14454145227135
9962242855408,14454159948693
9962261361408,14454175194271
9962279869408,14454191903437
9962298376408,14454207647554
9962316883408,14454223558993
9962335395408,14454238586507
9962353899408,14454253926322
9962372404408,14454269201541
9962390911408,14454283547141
9962409418408,14454297070384
9962427924408,14454311658993
9962446431408,14454324919732
9962464940408,14454339378294
9962483447408,14454352261531
9962501954408,14454367340649
9962520460408,14454379698561
9962538968408,14454394276806
9962557475408,14454408726456
9962575981408,14454423589956
9962594488408,14454437947638
9962612995408,14454451512564
9962631502408,14454467883022
9962650009408,14454480620416
9962668516408,14454496220910
9962687025408,14454518230137
9962705532408,14454539043316
9962724037408,14454554677283
9962742543408,14454570081686
9962761050408,14454585029905
9962779556408,14454603746810
9962798064408,14454619821289
9962816573408,14454634718355
9962835080408,14454648969268
9962853585408,14454667622108
9962872091408,14454681497435
9962890601408,14454694664354
9962909109408,14454705952354
9962927614408,14454722826830
9962946120408,14454736129505
9962964628408,14454749670994
9962983134408,14454762258368
9963001641408,14454775586508
9963020149408,14454788724036
9963038656408,14454801658885
9963057164408,14454818814873
9963075670408,14454831344588
9963094177408,14454845795333
9963112683408,14454858710795
9963131191408,14454877812918
9963149696408,14454891919097
9963168205408,14454911386490
9963186714408,14454926938111
9963205221408,14454952132120
9963223723408,14454976169342
9963242235408,14454991411471
9963260749408,14455006127269
9963279246408,14455024555886
9963297753408,14455038498293
9963316261408,14455053688836
9963334767408,14455075565391
9963353275408,14455088614289
9963371781408,14455103216228
9963390289408,14455116861267
9963408794408,14455130179588
9963427303408,14455142193336
9963445808408,14455155578616
9963464317408,14455171336443
9963482822408,14455186327473
9963501330408,14455199569917
9963519839408,14455213015224
9963538345408,14455231264048
9963556850408,14455244006433
9963575357408,14455264762620
9963593866408,14455280613327
9963612371408,14455307382906
9963630878408,14455325659262
9963649385408,14455343216437
9963667893408,14455356777274
9963686399408,14455373268046
9963704906408,14455395826322
9963723415408,14455413853177
9963741922408,14455431789600
9963760427408,14455449018222
9963778934408,14455465668560
9963797441408,14455483130944
9963815948408,14455504883400
9963834456408,14455520170448
9963852963408,14455536655625
9963871470408,14455551958391
9963889980408,14455566961509
9963908482408,14455578675262
9963926989408,14455596055323
9963945498408,14455610310186
9963964004408,14455624645240
9963982512408,14455643143794
9964001018408,14455660987241
9964019525408,14455673273118
9964038032408,14455686055335
9964056539408,14455697777520
9964075048408,14455712630548
9964093554408,14455728954859
9964112059408,14455744762307
9964130567408,14455759961112
9964149074408,14455775313663
9964167580408,14455790756938
9964186088408,14455805728408
9964204596408,14455825954457
9964223103408,14455841617622
9964241608408,14455854403100
9964260116408,14455868746640
9964278622408,14455879801067
9964297133408,14455893576657
9964315637408,14455911140989
9964334143408,14455924785377
9964352650408,14455944859241
9964371159408,14455960646119
9964389664408,14455975738808
9964408172408,14455991384091
9964426681408,14456006906451
9964445188408,14456026257291
9964463692408,14456044630910
9964482199408,14456065274131
9964500707408,14456082536136
9964519213408,14456098602813
9964537721408,14456114486441
9964556228408,14456130664831
9964574736408,14456148102650
9964593242408,14456161981026
9964611749408,14456176180149
9964630255408,14456189729522
9964648773408,14456203857969
9964667270408,14456215786570
9964685777408,14456230247903
9964704283408,14456243115428
9964722790408,14456256941298
9964741298408,14456277128100
9964759805408,14456291380615
9964778313408,14456310924368
9964796819408,14456328270257
9964815325408,14456342611688
9964833832408,14456357424468
9964852340408,14456370676715
9964870846408,14456391131609
9964889353408,14456407726494
9964907861408,14456422952811
9964926370408,14456437467548
9964944873408,14456451079701
9964963381408,14456472553563
9964981887408,14456487452189
9965000399408,14456502504148
9965018903408,14456518170470
9965037409408,14456532996246
9965055915408,14456552033542
9965074423408,14456567230701
9965092930408,14456581989818
9965111438408,14456601471975
9965129945408,14456617591831
9965148451408,14456639590961
9965166958408,14456655526801
9965185465408,14456669892856
9965203972408,14456684266385
9965222479408,14456698227187
9965240986408,14456711742385
9965259493408,14456726790709
9965278001408,14456741132651
9965296506408,14456757670410
9965315013408,14456771867471
9965333519408,14456785867604
9965352028408,14456799769170
9965370535408,14456813852773
9965389041408,14456827664458
9965407548408,14456841319516
9965426056408,14456857634347
9965444563408,14456872238853
9965463070408,14456887208278
9965481578408,14456908837360
9965500084408,14456923709141
9965518590408,14456939661823
9965537098408,14456961313696
9965555604408,14456976488655
9965574112408,14456991371783
9965592619408,14457006536083
9965611127408,14457027390338
9965629638408,14457040774334
9965648140408,14457057183840
9965666645408,14457075378737
9965685153408,14457091078289
9965703659408,14457105953281
9965722167408,14457121412373
9965740673408,14457143525775
9965759181408,14457158164018
9965777687408,14457173248453
9965796196408,14457193283640
9965814703408,14457207703713
9965833212408,14457220192072
9965851716408,14457232749106
9965870224408,14457244481587
9965888729408,14457253945345
9965907238408,14457267454382
9965925744408,14457284367772
9965944252408,14457303666362
9965962759408,14457316975181
9965981265408,14457336529002
9965999771408,14457356018656
9966018278408,14457369266163
9966036785408,14457390011092
9966055293408,14457404756663
9966073807408,14457426311553
9966092307408,14457441601330
9966110814408,14457456478104
9966129321408,14457468992475
9966147829408,14457482664475
9966166336408,14457498174371
9966184844408,14457513707337
9966203349408,14457527925329
9966221855408,14457542628820
9966240363408,14457558028912
9966258869408,14457572214729
9966277378408,14457587779323
9966295885408,14457603794545
9966314392408,14457619265151
9966332897408,14457633664640
9966351404408,14457647263668
9966369911408,14457667006475
9966388418408,14457688939012
9966406925408,14457706109497
9966425431408,14457725092626
9966443941408,14457745195307
9966462446408,14457766995984
9966480954408,14457784709364
9966499461408,14457801027960
9966517970408,14457816646144
9966536474408,14457831796425
9966554981408,14457847092389
9966573488408,14457873404483
9966591995408,14457895247539
9966610501408,14457912966498
9966629010408,14457931972200
9966647517408,14457948719194
9966666025408,14457964257490
9966684530408,14457980022455
9966703037408,14458003004313
9966721544408,14458020814985
9966740050408,14458036530461
9966758557408,14458050875222
9966777065408,14458066540754
9966795571408,14458083032623
9966814079408,14458102545297
9966832585408,14458119631354
9966851094408,14458143803727
9966869601408,14458164740263
9966888106408,14458182784713
9966906613408,14458201335629
9966925122408,14458218938058
9966943628408,14458236986986
9966962136408,14458254196599
9966980643408,14458274371353
9966999150408,14458290189913
9967017658408,14458304975206
9967036164408,14458320258522
9967054670408,14458336315086
9967073176408,14458353562531
9967091683408,14458369808528
9967110190408,14458386288359
9967128697408,14458400066812
9967147204408,14458415581416
9967165710408,14458431318324
9967184219408,14458447863817
9967202726408,14458463516541
9967221236408,14458479435518
9967239739408,14458498146835
9967258246408,14458512142803
9967276754408,14458527023201
9967295261408,14458542697173
9967313766408,14458558196996
9967332275408,14458573847396
9967350782408,14458589589562
9967369288408,14458606393640
9967387795408,14458621253622
9967406302408,14458636034837
9967424808408,14458650779591
9967443315408,14458665768028
9967461825408,14458682558791
9967480332408,14458698707583
9967498845408,14458719156028
9967517344408,14458735724160
9967535851408,14458752865110
9967554360408,14458769386449
9967572868408,14458787441719
9967591371408,14458806707345
9967609879408,14458824692265
9967628386408,14458843498117
9967646893408,14458861023033
9967665399408,14458876645606
9967683907408,14458892395520
9967702415408,14458908906275
9967720921408,14458926591230
9967739427408,14458943971871
9967757935408,14458965160147
9967776441408,14458982352743
9967794950408,14458999227031
9967813455408,14459016460044
9967831962408,14459034332128
9967850469408,14459052965448
9967868978408,14459073581575
9967887485408,14459092403762
9967905992408,14459110059288
9967924497408,14459129181005
9967943005408,14459146344806
9967961512408,14459163731453
9967980019408,14459182553028
9967998526408,14459199352639
9968017032408,14459214562292
9968035539408,14459232199609
9968054048408,14459247397374
9968072552408,14459264225057
9968091060408,14459280182326
9968109567408,14459298178341
9968128074408,14459315809098
9968146581408,14459331854443
9968165088408,14459345788822
9968183595408,14459361425816
9968202102408,14459376793928
9968220609408,14459391198123
9968239117408,14459406702183
9968257624408,14459422236046
9968276131408,14459436610457
9968294637408,14459449483164
9968313144408,14459464600661
9968331650408,14459478605860
9968350159408,14459494277534
9968368666408,14459510691835
9968387173408,14459529332451
9968405681408,14459546984685
9968424185408,14459564515463
9968442692408,14459581248735
9968461201408,14459597861608
9968479706408,14459614935167
9968498213408,14459633431816
9968516721408,14459649959424
9968535228408,14459666698869
9968553735408,14459683726869
9968572242408,14459700809348
9968590750408,14459717527776
9968609258408,14459733589677
9968627763408,14459751118996
9968646270408,14459768737769
9968664777408,14459786522846
9968683283408,14459802480345
9968701791408,14459818949232
9968720298408,14459836603883
9968738805408,14459851079717
9968757314408,14459869065251
9968775818408,14459887305993
9968794327408,14459901651785
9968812833408,14459918584312
9968831340408,14459936049524
9968849845408,14459956147294
9968868353408,14459974246906
9968886867408,14459993478244
9968905367408,14460012579267
9968923874408,14460031563688
9968942383408,14460050495037
9968960890408,14460069145151
9968979395408,14460087753499
9968997902408,14460105585740
9969016410408,14460125487421
9969034916408,14460143473074
9969053423408,14460162292475
9969071930408,14460180419365
9969090440408,14460200611018
9969108944408,14460218556866
9969127452408,14460236241706
9969145958408,14460254405352
9969164465408,14460272649107
9969182971408,14460300936545
9969201478408,14460320682708
9969219985408,14460341334607
9969238493408,14460359723172
9969257000408,14460377203999
9969275507408,14460396011554
9969294017408,14460414990302
9969312522408,14460437424745
9969331028408,14460455390672
9969349534408,14460473192291
9969368042408,14460490320095
9969386549408,14460508915218
9969405055408,14460528425565
9969423563408,14460546253534
9969442073408,14460565190361
9969460578408,14460582129038
9969479084408,14460597882068
9969497591408,14460614970740
9969516099408,14460632192479
9969534604408,14460650184355
9969553111408,14460666800533
9969571618408,14460685440384
9969590125408,14460703896328
9969608632408,14460721256389
9969627141408,14460738264418
9969645649408,14460755996891
9969664153408,14460773322497
9969682660408,14460789885456
9969701167408,14460806549010
9969719673408,14460825097091
9969738182408,14460842723841
9969756689408,14460858890309
9969775196408,14460874872097
9969793705408,14460892179947
9969812209408,14460909494820
9969830716408,14460927134835
9969849223408,14460945211740
9969867729408,14460963192970
9969886236408,14460978978403
9969904743408,14460995798877
9969923251408,14461014021299
9969941758408,14461032063384
9969960267408,14461047969763
9969978773408,14461066568208
9969997281408,14461082083972
9970015786408,14461097858392
9970034293408,14461113819692
9970052799408,14461132486222
9970071308408,14461148874627
9970089814408,14461164744206
9970108322408,14461180633332
9970126829408,14461199509408
9970145338408,14461221201592
9970163842408,14461243168931
9970182349408,14461263785061
9970200855408,14461290263931
9970219364408,14461310266043
9970237870408,14461327244560
9970256376408,14461344153438
9970274882408,14461363759215
9970293391408,14461382517180
9970311897408,14461402645388
9970330406408,14461420822933
9970348914408,14461437546385
9970367419408,14461453544768
9970385925408,14461468562585
9970404433408,14461482821101
9970422939408,14461496852955
9970441450408,14461513361598
9970459956408,14461528986867
9970478462408,14461544297746
9970496969408,14461559758635
9970515474408,14461576762647
9970533982408,14461591714014
9970552487408,14461606692636
9970570996408,14461624278627
9970589502408,14461642303096
9970608008408,14461660252114
9970626517408,14461676045636
9970645024408,14461693133405
9970663530408,14461709313621
9970682039408,14461725713692
9970700546408,14461743495124
9970719052408,14461760373872
9970737558408,14461777338408
9970756066408,14461793320816
9970774572408,14461807938347
9970793079408,14461826412335
9970811587408,14461845540891
9970830096408,14461863701116
9970848600408,14461880155838
9970867108408,14461898337400
9970885613408,14461917276324
9970904121408,14461936618492
9970922627408,14461955188841
9970941135408,14461973774807
9970959643408,14461992738020
9970978148408,14462010634857
9970996655408,14462035189795
9971015164408,14462052913608
9971033670408,14462069080667
9971052176408,14462086120095
9971070684408,14462104158908
9971089192408,14462122062146
9971107698408,14462139434220
9971126205408,14462156066545
9971144712408,14462174058899
9971163219408,14462192406505
9971181726408,14462209431948
9971200232408,14462226660997
9971218739408,14462244182008
9971237248408,14462261317260
9971255753408,14462279904635
9971274262408,14462295568278
9971292768408,14462312100376
9971311274408,14462329586187
9971329780408,14462345416847
9971348288408,14462363278883
9971366796408,14462379660263
9971385305408,14462397159534
9971403808408,14462412876060
9971422317408,14462429565652
9971440823408,14462448587676
9971459330408,14462466679232
9971477838408,14462485107015
9971496345408,14462501485877
9971514852408,14462519603126
9971533360408,14462535760298
9971551865408,14462554029008
9971570373408,14462569389076
9971588878408,14462586380125
9971607386408,14462603136940
9971625892408,14462620692649
9971644403408,14462636501408
9971662907408,14462651121797
9971681413408,14462663448057
9971699927408,14462678476277
9971718430408,14462693176662
9971736937408,14462710155817
9971755443408,14462726396238
9971773949408,14462742166778
9971792457408,14462758217610
9971810962408,14462776525993
9971829470408,14462793302991
9971847976408,14462809756162
9971866486408,14462827378686
9971884993408,14462841702308
9971903497408,14462859710407
9971922006408,14462876528900
9971940511408,14462893499112
9971959019408,14462907179956
9971977528408,14462923779964
9971996033408,14462944227285
9972014540408,14462966639622
9972033046408,14462985667749
9972051555408,14463008902335
9972070063408,14463026791220
9972088569408,14463043812888
9972107074408,14463059351614
9972125580408,14463078418926
9972144088408,14463092690407
9972162595408,14463111857868
9972181103408,14463128560667
9972199609408,14463144070355
9972218117408,14463159345246
9972236623408,14463174365311
9972255134408,14463190992181
9972273637408,14463206286315
9972292144408,14463220710614
9972310651408,14463235727793
9972329158408,14463250368528
9972347665408,14463264897631
9972366172408,14463280575058
9972384679408,14463296864734
9972403187408,14463311379356
9972421694408,14463326932736
9972440202408,14463341453165
9972458708408,14463357081623
9972477214408,14463372287208
9972495721408,14463387986261
9972514228408,14463404286230
9972532733408,14463419353531
9972551243408,14463435221827
9972569750408,14463449648356
9972588255408,14463464908167
9972606763408,14463478660542
9972625270408,14463494125281
9972643776408,14463511869756
9972662284408,14463527921392
9972680791408,14463544949311
9972699299408,14463560686622
9972717807408,14463575895093
9972736312408,14463594452985
9972754819408,14463610841321
9972773327408,14463630200829
9972791834408,14463646654948
9972810340408,14463664618806
9972828847408,14463687303668
9972847354408,14463703501804
9972865860408,14463720695055
9972884368408,14463737600689
9972902875408,14463756333188
9972921383408,14463775393634
9972939888408,14463789179964
9972958395408,14463806602171
9972976901408,14463910066909
9972995409408,14463934855517
9973013916408,14463960367647
9973032424408,14463978385166
9973050932408,14463999719053
9973069438408,14464015632396
9973087942408,14464036405356
9973106452408,14464054243300
9973124966408,14464071907976
9973143465408,14464089757952
9973161972408,14464108052362
9973180480408,14464125059605
9973198985408,14464139590361
9973217493408,14464154568223
9973236002408,14464171731432
9973254508408,14464189342506
9973273016408,14464206342955
9973291520408,14464226175633
9973310028408,14464244321513
9973328534408,14464260900113
9973347042408,14464278565946
9973365548408,14464294989238
9973384056408,14464312042063
9973402565408,14464328808199
9973421069408,14464346076927
9973439575408,14464362511377
9973458085408,14464377871473
9973476592408,14464394100861
9973495098408,14464409298843
9973513605408,14464424771060
9973532111408,14464441537004
9973550619408,14464459328684
9973569126408,14464475969052
9973587632408,14464490324827
9973606141408,14464506332215
9973624650408,14464522701680
9973643153408,14464538322603
9973661659408,14464554995874
9973680168408,14464569688085
9973698674408,14464585519671
9973717181408,14464601447513
9973735690408,14464614150102
9973754198408,14464628351276
9973772701408,14464642420770
9973791209408,14464656841211
9973809717408,14464670899589
9973828225408,14464685812734
9973846729408,14464699178720
9973865239408,14464711480924
9973883744408,14464723447805
9973902251408,14464739293508
9973920757408,14464753853290
9973939267408,14464769666189
9973957773408,14464783692014
9973976280408,14464800394386
9973994786408,14464814332837
9974013293408,14464827760700
9974031799408,14464841196772
9974050308408,14464854516280
9974068814408,14464870607508
9974087323408,14464885118026
9974105829408,14464899202602
9974124334408,14464911392859
9974142841408,14464924644944
9974161350408,14464940931482
9974179857408,14464953718677
9974198363408,14464966604864
9974216870408,14464980960585
9974235377408,14464995870099
9974253884408,14465008329364
9974272391408,14465022525398
9974290899408,14465037518922
9974309407408,14465051966940
9974327911408,14465073521558
9974346419408,14465091652727
9974364924408,14465107966760
9974383434408,14465124326855
9974401940408,14465141301251
9974420447408,14465157189361
9974438954408,14465173362177
9974457463408,14465191467504
9974475966408,14465213058525
9974494478408,14465235326359
9974512988408,14465252275934
9974531499408,14465271263665
9974550001408,14465289339847
9974568503408,14465307323358
9974587009408,14465326636008
9974605516408,14465345104478
9974624024408,14465360632012
9974642533408,14465378636998
9974661039408,14465400648241
9974679545408,14465419038145
9974698051408,14465442583035
9974716558408,14465461461605
9974735065408,14465484908070
9974753572408,14465508635424
9974772079408,14465532373836
9974790587408,14465546124653
9974809095408,14465562959725
9974827599408,14465576772373
9974846107408,14465589202067
9974864617408,14465607967202
9974883121408,14465622351054
9974901627408,14465637409048
9974920136408,14465657065444
9974938641408,14465676565608
9974957149408,14465696691883
9974975656408,14465718591936
9974994164408,14465737552130
9975012673408,14465756563638
9975031178408,14465773243913
9975049683408,14465788552021
9975068191408,14465805300120
9975086698408,14465822297908
9975105204408,14465839689820
9975123711408,14465860333335
9975142221408,14465879950822
9975160725408,14465893808861
9975179232408,14465910412397
9975197739408,14465925771669
9975216248408,14465941906301
9975234754408,14465957144109
9975253260408,14465973847006
9975271767408,14465990236360
9975290274408,14466007971211
9975308781408,14466025070100
9975327289408,14466043485361
9975345796408,14466058853458
9975364303408,14466075631623
9975382809408,14466090725364
9975401316408,14466106897777
9975419823408,14466122593392
9975438332408,14466139338790
9975456836408,14466155759876
9975475344408,14466171382923
9975493853408,14466190971596
9975512357408,14466208669033
9975530865408,14466225674865
9975549371408,14466242435824
9975567881408,14466259902227
9975586386408,14466277960854
9975604894408,14466294699829
9975623400408,14466313193781
9975641907408,14466331193449
9975660414408,14466346663255
9975678921408,14466362045027
9975697431408,14466378962403
9975715935408,14466396403668
9975734442408,14466412153236
9975752949408,14466429255491
9975771458408,14466450211692
9975789962408,14466471374502
9975808470408,14466489927150
9975826977408,14466510130263
9975845486408,14466527113640
9975863990408,14466542392844
9975882496408,14466564019733
9975901004408,14466583394642
9975919512408,14466604764308
9975938023408,14466626923618
9975956525408,14466647397315
9975975032408,14466666862136
9975993539408,14466681540412
9976012046408,14466700848775
9976030555408,14466715633960
9976049062408,14466734140336
9976067567408,14466752281447
9976086075408,14466766908136
9976104582408,14466782940623
9976123088408,14466805049172
9976141595408,14466821621085
9976160103408,14466845073973
9976178610408,14466861713289
9976197119408,14466882471922
9976215623408,14466899807779
9976234130408,14466919921885
9976252636408,14466941841933
9976271144408,14466963442874
9976289651408,14466982814149
9976308159408,14466999398303
9976326665408,14467017341680
9976345173408,14467038118782
9976363680408,14467059947190
9976382187408,14467079450857
9976400695408,14467096112970
9976419200408,14467115347504
9976437707408,14467137164479
9976456215408,14467155242715
9976474720408,14467171162114
9976493228408,14467189608133
9976511736408,14467205621239
9976530244408,14467223114595
9976548751408,14467242947476
9976567257408,14467261257259
9976585763408,14467278956427
9976604269408,14467295394972
9976622775408,14467310937521
9976641284408,14467326290188
9976659790408,14467342434865
9976678298408,14467358098734
9976696804408,14467374100917
9976715311408,14467389065780
9976733820408,14467404138995
9976752328408,14467418942168
9976770831408,14467428188811
9976789340408,14467442171068
9976807846408,14467465121511
9976826353408,14467483037990
9976844860408,14467498624026
9976863369408,14467513279750
9976881876408,14467527896346
9976900381408,14467545514206
9976918889408,14467560665847
9976937395408,14467573342062
9976955901408,14467589021693
9976974409408,14467606940684
9976992915408,14467620950588
9977011423408,14467634501876
9977029930408,14467647970868
9977048437408,14467666524852
9977066945408,14467681478458
9977085452408,14467694613894
9977103958408,14467716432528
9977122466408,14467731326332
9977140971408,14467745891233
9977159483408,14467767700768
9977177987408,14467782787716
9977196494408,14467805160304
9977215000408,14467826942704
9977233509408,14467849770364
9977252014408,14467872122919
9977270521408,14467888669115
9977289027408,14467904456325
9977307534408,14467926818425
9977326053408,14467945811078
9977344550408,14467959809707
9977363067408,14467979176337
9977381563408,14467995164468
9977400070408,14468011521456
9977418578408,14468027682316
9977437086408,14468044066201
9977455591408,14468065394610
9977474098408,14468082888714
9977492605408,14468096101125
9977511113408,14468108385362
9977529619408,14468121228951
9977548126408,14468135686620
9977566633408,14468161490297
9977585141408,14468179696783
9977603646408,14468198132722
9977622153408,14468215544352
9977640659408,14468230554427
9977659168408,14468247054919
9977677673408,14468260137322
9977696182408,14468277991401
9977714687408,14468294795012
9977733196408,14468311929032
9977751702408,14468328310427
9977770210408,14468346386640
9977788719408,14468362826544
9977807222408,14468383993928
9977825730408,14468402716195
9977844239408,14468420028688
9977862744408,14468438130829
9977881251408,14468454827268
9977899759408,14468471504588
9977918267408,14468488632280
9977936773408,14468505148463
9977955280408,14468522672794
9977973786408,14468539262546
9977992292408,14468556299730
9978010799408,14468571282222
9978029308408,14468586913177
9978047814408,14468606683611
9978066321408,14468622559469
9978084828408,14468639692603
9978103336408,14468656713474
9978121843408,14468672815921
9978140351408,14468688549442
9978158856408,14468702860351
9978177363408,14468718046399
9978195869408,14468730375112
9978214376408,14468748060265
9978232884408,14468765083743
9978251392408,14468778203246
9978269899408,14468791168643
9978288405408,14468807204472
9978306911408,14468818485878
9978325419408,14468832448291
9978343926408,14468845523959
9978362433408,14468857357217
9978380938408,14468871018927
9978399447408,14468882331631
9978417952408,14468898012044
9978436461408,14468910610441
9978454968408,14468925869633
9978473476408,14468945141059
9978491985408,14468960728752
9978510488408,14468978624510
9978528995408,14468995024889
9978547503408,14469009609018
9978566010408,14469024889104
9978584517408,14469040874092
9978603024408,14469057657829
9978621532408,14469073635849
9978640037408,14469091878820
9978658544408,14469109538289
9978677051408,14469124157137
9978695558408,14469140160904
9978714064408,14469154090093
9978732571408,14469169671963
9978751086408,14469185435059
9978769586408,14469200661150
9978788099408,14469218157649
9978806601408,14469236151037
9978825109408,14469252643661
9978862120408,14469266825264
9978880628408,14469283546278
9978899134408,14469300888188
9978917641408,14469317198742
9978936149408,14469333765513
9978954656408,14469352473704
9978973165408,14469367112959
9978991670408,14469386225657
9979010177408,14469405440618
9979028685408,14469419844611
9979047189408,14469440307376
9979065696408,14469457870478
9979121218408,14469477620698
9979139725408,14469495976487
9979158234408,14469513970055
9979176740408,14469530540006
9979195245408,14469549312466
9979213752408,14469572833535
9979232260408,14469591392273
9979250768408,14469608845211
9979269273408,14469630317991
9979287780408,14469651944180
9979306288408,14469673496614
9979324796408,14469693575184
9979343301408,14469713414509
9979361808408,14469732109159
9979380315408,14469751020091
9979398822408,14469769758333
9979417329408,14469785717709
9979435837408,14469806749625
9979454343408,14469827082254
9979472849408,14469843347119
9979491357408,14469857661931
9979509864408,14469876416900
9979528373408,14469891847714
9979546877408,14469909815736
9979565385408,14469932026013
9979583893408,14469949887149
9979602400408,14469968774755
9979620905408,14469987602069
9979639414408,14470008707344
9979657921408,14470028959120
9979676429408,14470047491864
9979694934408,14470069293150
9979713442408,14470091243818
9979731949408,14470109849611
9979750455408,14470127967228
9979768960408,14470145656265
9979787468408,14470165401837
9979805975408,14470185649947
9979824482408,14470210595831
9979842989408,14470231840313
9979861498408,14470255756796
9979880005408,14470274474463
9979898510408,14470297628151
9979917017408,14470316873804
9979935524408,14470334602597
9979954031408,14470354024577
9979972539408,14470379181143
9979991045408,14470401454587
9980009554408,14470419706693
9980028059408,14470434655418
9980046566408,14470449732567
9980065073408,14470465845553
9980083581408,14470481764197
9980102086408,14470496140837
9980120594408,14470512934432
9980139100408,14470534033755
9980157608408,14470554117928
9980176115408,14470573302945
9980194623408,14470591751798
9980213132408,14470609838973
9980231637408,14470627351569
9980250144408,14470643690430
9980268650408,14470660266909
9980287157408,14470679952960
9980305664408,14470695031161
9980324171408,14470713472230
9980342679408,14470731884010
9980361187408,14470747867279
9980379691408,14470767000043
9980398199408,14470781732267
9980416705408,14470801259262
9980435214408,14470816676781
9980453718408,14470831767697
9980472226408,14470847904055
9980490732408,14470865323395
9980509241408,14470882743665
9980527750408,14470903663201
9980546256408,14470920210499
9980564765408,14470936208659
9980583270408,14470953997325
9980601775408,14470970749588
9980620282408,14470987522368
9980638789408,14471001673314
9980657296408,14471018841137
9980675803408,14471035005691
9980694312408,14471048204260
9980712819408,14471061440017
9980731324408,14471077463309
9980749831408,14471095801975
9980768339408,14471111602221
9980786845408,14471126822792
9980805352408,14471147853617
9980823858408,14471163435408
9980842365408,14471179703289
9980860874408,14471196939339
9980879380408,14471214595083
9980897888408,14471232247778
9980916397408,14471247061756
9980934901408,14471271010028
9980953408408,14471289793641
9980971914408,14471307793500
9980990422408,14471327871262
9981008928408,14471346526229
9981027437408,14471367551931
9981045945408,14471386942648
9981064452408,14471406657049
9981082957408,14471426566011
9981101465408,14471445749931
9981119971408,14471468546142
9981138477408,14471488294647
9981156985408,14471507810065
9981175491408,14471527065459
9981193997408,14471547598523
9981212506408,14471567241833
9981231012408,14471587105136
9981249521408,14471609130059
9981268030408,14471628599689
9981286533408,14471648810624
9981305040408,14471670303534
9981323547408,14471689966694
9981342055408,14471710290506
9981360562408,14471728956392
9981379070408,14471749730929
9981397577408,14471769927775
9981416082408,14471789748977
9981434590408,14471808830568
9981453096408,14471827443076
9981471603408,14471845993982
9981490109408,14471869984838
9981508617408,14471892638396
9981527123408,14471914757316
9981545631408,14471939214152
9981564143408,14471959607855
9981582646408,14471980466874
9981601154408,14472000816157
9981619662408,14472020472385
9981638166408,14472044377835
9981656674408,14472066284168
9981675180408,14472090970356
9981693687408,14472111395696
9981712194408,14472132237876
9981730703408,14472152332819
9981749211408,14472172752683
9981767716408,14472194609679
9981786222408,14472215307120
9981804728408,14472239053830
9981823236408,14472259249513
9981841742408,14472278044945
9981860250408,14472297593244
9981878756408,14472316106489
9981897263408,14472335367274
9981915770408,14472355232758
9981934280408,14472375034016
9981952787408,14472393906719
9981971294408,14472412935680
9981989798408,14472433344208
9982008306408,14472452486009
9982026812408,14472472533647
9982045320408,14472492940057
9982063826408,14472509595213
9982082335408,14472526307486
9982100844408,14472541833595
9982119347408,14472557061723
9982137854408,14472573287351
9982156362408,14472590136548
9982174868408,14472605473876
9982193375408,14472620645570
9982211883408,14472636296500
9982230389408,14472649440427
9982248895408,14472663907813
9982267404408,14472678708724
9982304420408,14472695317742
9982322924408,14472709852824
9982341431408,14472723432103
9982359937408,14472737735394
9982378445408,14472753144645
9982396952408,14472767254471
9982415459408,14472780585950
9982433968408,14472797142013
9982452475408,14472810247822
9982470979408,14472825339121
9982489487408,14472839206646
9982507993408,14472853881167
9982526501408,14472868239538
9982545008408,14472883996070
9982563515408,14472899285588
9982582020408,14472913662911
9982600529408,14472928365446
9982619036408,14472944081805
9982637546408,14472958947368
9982656051408,14472974411050
9982674557408,14472994923443
9982693064408,14473019371248
9982711572408,14473032303026
9982730077408,14473047435163
9982748586408,14473067207666
9982767092408,14473079620803
9982785600408,14473100750872
9982804109408,14473117833242
9982822612408,14473131227443
9982841119408,14473146882129
9982859627408,14473164426903
9982878133408,14473180226699
9982896641408,14473196056284
9982915148408,14473211907306
9982933654408,14473226724206
9982952160408,14473243560741
9982970669408,14473259898017
9982989181408,14473276114416
9983007684408,14473297190151
9983026189408,14473314747527
9983044697408,14473333535143
9983063203408,14473349087767
9983081710408,14473367031062
9983100218408,14473382254975
9983118725408,14473397947211
9983137233408,14473413755859
9983155738408,14473429622994
9983174245408,14473447156394
9983192752408,14473463630493
9983211259408,14473480896458
9983229765408,14473498693551
9983248274408,14473513243528
9983266781408,14473526679759
9983285286408,14473538887744
9983303793408,14473559392837
9983322301408,14473575089726
9983340809408,14473592498695
9983359315408,14473613054071
9983377823408,14473630193455
9983396329408,14473644232408
9983414835408,14473660218886
9983433344408,14473670836323
9983451849408,14473687205521
9983470358408,14473704764095
9983488865408,14473721921163
9983507371408,14473738846969
9983525877408,14473751374673
9983544385408,14473767798950
9983562892408,14473783734933
9983581400408,14473800228922
9983599906408,14473819798514
9983618414408,14473834806338
9983636919408,14473853095550
9983655426408,14473867808346
9983673934408,14473883597344
9983692443408,14473898294957
9983710947408,14473914210610
9983729455408,14473932222400
9983747963408,14473946295452
9983766469408,14473963313863
9983784976408,14473982874152
9983803487408,14473997762036
9983821990408,14474014055052
9983840500408,14474027247549
9983859002408,14474044807451
9983877510408,14474061554491
9983896016408,14474077696227
9983914524408,14474096744517
9983933031408,14474114391961
9983951540408,14474131410794
9983970047408,14474149706249
9983988552408,14474166088760
9984007058408,14474187279137
9984025568408,14474205588302
9984044075408,14474220741837
9984062580408,14474238040946
9984081087408,14474256477427
9984099595408,14474276128821
9984155115408,14474294984856
9984173623408,14474313967725
9984192132408,14474331408750
9984210635408,14474349371571
9984229142408,14474367369857
9984247649408,14474385530527
9984266156408,14474402789717
9984284664408,14474421089678
9984303170408,14474439392632
9984321679408,14474459654288
9984340185408,14474486239843
9984358691408,14474505300847
9984377204408,14474523305453
9984395709408,14474541570781
9984414212408,14474561182874
9984432721408,14474580486358
9984451226408,14474598035698
9984469733408,14474615436478
9984488240408,14474630004804
9984506749408,14474649894252
9984525256408,14474667839913
9984543761408,14474688358842
9984562269408,14474705475788
9984580775408,14474722942889
9984599282408,14474740126332
9984617790408,14474756783479
9984636296408,14474770416437
9984654803408,14474786430685
9984673312408,14474803826825
9984691816408,14474824024834
9984710323408,14474843232843
9984728833408,14474860348642
9984747340408,14474877691861
9984765845408,14474895301384
9984784352408,14474913608211
9984802859408,14474932801987
9984821366408,14474948862591
9984839872408,14474964801705
9984858380408,14474981606921
9984876888408,14475001949457
9984895393408,14475019993040
9984913900408,14475037792078
9984932407408,14475055998362
9984950914408,14475075539405
9984969422408,14475095142623
9984987928408,14475112981904
9985006436408,14475131156617
9985024944408,14475148778512
9985043449408,14475163900681
9985061955408,14475182284548
9985080466408,14475206834591
9985098970408,14475226495167
9985117478408,14475244686408
9985135984408,14475261810715
9985154491408,14475279147991
9985172997408,14475295818380
9985191505408,14475317198649
9985210013408,14475339527924
9985228521408,14475358034680
9985247025408,14475379225033
9985265533408,14475397722156
9985284041408,14475415540536
9985302547408,14475433708380
9985321053408,14475453868959
9985339561408,14475472345080
9985358069408,14475489963795
9985376577408,14475507512170
9985395081408,14475526341439
9985413588408,14475544396212
9985432097408,14475563948268
9985450604408,14475584563001
9985469109408,14475603832590
9985487616408,14475625348748
9985506123408,14475650898706
9985524631408,14475671922623
9985543137408,14475689743574
9985561646408,14475704060839
9985580154408,14475721706534
9985598658408,14475737178339
9985617166408,14475754925467
9985635673408,14475771825232
9985654179408,14475789117813
9985672687408,14475806770009
9985691193408,14475822990512
9985709702408,14475843587555
9985728209408,14475861926421
9985746714408,14475881423231
9985765220408,14475897452247
9985783732408,14475914205581
9985802237408,14475933093183
9985820742408,14475950916780
9985839249408,14475970586816
9985857756408,14475988787897
9985876263408,14476007774677
9985894771408,14476025542427
9985913279408,14476043317168
9985931787408,14476061293880
9985950292408,14476079284832
9985968800408,14476102979184
9985987305408,14476122653561
9986005812408,14476141405428
9986024319408,14476160269242
9986042827408,14476177313682
9986061336408,14476195875849
9986079839408,14476214606351
9986098347408,14476234257637
9986116854408,14476249845547
9986135363408,14476263660763
9986153868408,14476287345180
9986172375408,14476309882321
9986190881408,14476328529545
9986209389408,14476346646103
9986227897408,14476366692524
9986246404408,14476385168446
9986264911408,14476404338856
9986283418408,14476421961721
9986301924408,14476439460994
9986320430408,14476457530048
9986338937408,14476475046506
9986357444408,14476495893854
9986375951408,14476512540262
9986394460408,14476529642497
9986412967408,14476546613715
9986431472408,14476564690379
9986449980408,14476582876734
9986468486408,14476600519851
9986486992408,14476618787565
9986505501408,14476638029296
9986524007408,14476655048223
9986542514408,14476674981417
9986561021408,14476693124595
9986579529408,14476710344952
9986598037408,14476727858809
9986616546408,14476746803786
9986635050408,14476772232001
9986653556408,14476792757440
9986672063408,14476811682427
9986690570408,14476830017625
9986709076408,14476845796701
9986727584408,14476864867995
9986746093408,14476890819481
9986764600408,14476912369595
9986783105408,14476931706591
9986801611408,14476950068909
9986820117408,14476966614126
9986838625408,14476985288828
9986857133408,14477002614141
9986875640408,14477021331583
9986894147408,14477038152786
9986912654408,14477056636322
9986931161408,14477074021613
9986949669408,14477091938186
9986968177408,14477109834832
9986986681408,14477127865421
9987005188408,14477147362912
9987023695408,14477164688971
9987042202408,14477181959265
9987060709408,14477199913691
9987079217408,14477217795250
9987097726408,14477238164463
9987116234408,14477256448477
9987134738408,14477272494865
9987153244408,14477296109796
9987171751408,14477316042578
9987190264408,14477331775455
9987208765408,14477348755278
9987227272408,14477365221792
9987245780408,14477385793074
9987264286408,14477405068869
9987282795408,14477424023156
9987301302408,14477441963254
9987319810408,14477466623555
9987338314408,14477484906865
9987356821408,14477503021946
9987375328408,14477521128930
9987393835408,14477539999294
9987412343408,14477557029755
9987430851408,14477574808277
9987449358408,14477591549905
9987467866408,14477610279638
9987486370408,14477627617760
9987504876408,14477644822999
9987523384408,14477664206618
9987541891408,14477682079279
9987560398408,14477699449996
9987578905408,14477717362755
9987597413408,14477735413843
9987615919408,14477752941256
9987634428408,14477770850536
9987652934408,14477791722950
9987671442408,14477809061325
9987689948408,14477826785623
9987708455408,14477843077087
9987726960408,14477860703447
9987745468408,14477876545565
9987763975408,14477892744281
9987782484408,14477910619167
9987800991408,14477928278552
9987819496408,14477946155924
9987838003408,14477966151508
9987856511408,14477984220904
9987875017408,14478002385063
9987893524408,14478019845510
9987912031408,14478037757938
9987930538408,14478055566943
9987949046408,14478082043263
9987967552408,14478102186020
9987986059408,14478120354268
9988004568408,14478137935346
9988023072408,14478159187406
9988041580408,14478178200284
9988060087408,14478197194864
9988078595408,14478216029420
9988097100408,14478234129997
9988115609408,14478249591558
9988134116408,14478267055739
9988152624408,14478284163280
9988171129408,14478302659991
9988189636408,14478321328052
9988208142408,14478342663338
9988226649408,14478358150146
9988245156408,14478373772232
9988263663408,14478387715120
9988282172408,14478403966054
9988300678408,14478420207352
9988319184408,14478436724015
9988337692408,14478453998139
9988356200408,14478480024262
9988374707408,14478500263039
9988393211408,14478522240439
9988411720408,14478541664121
9988430226408,14478558492903
9988448734408,14478582034319
9988467242408,14478600385893
9988485749408,14478620264570
9988504257408,14478637974549
9988522761408,14478656460647
9988541268408,14478673804207
9988559775408,14478692885818
9988578281408,14478710232208
9988596790408,14478728651057
9988615300408,14478746154537
9988633805408,14478763074017
9988652309408,14478780584688
9988670818408,14478797136455
9988689325408,14478819768127
9988707834408,14478838276291
9988726337408,14478857257306
9988744845408,14478873812847
9988763352408,14478894325403
9988781858408,14478912274227
9988800366408,14478930338174
9988818873408,14478948808449
9988837381408,14478967326766
9988855889408,14478985603981
9988874394408,14479001097259
9988892900408,14479017940711
9988911407408,14479036178770
9988929913408,14479053828082
9988948421408,14479073821169
9988966928408,14479092178063
9988985435408,14479109330086
9989003942408,14479126774200
9989022451408,14479143682953
9989040958408,14479162097166
9989059466408,14479183572269
9989077970408,14479204719799
9989096477408,14479222662898
9989114984408,14479241053061
9989133491408,14479260851145
9989151997408,14479280030227
9989170506408,14479296860155
9989189013408,14479313440107
9989207519408,14479332919972
