#t_ns,in_ts
7669821982615,65562797899847
7669855271515,65562838234636
7669888561715,65562875338099
7669921856015,65562918811123
7669955139515,65562962206547
7669988430115,65563005853549
7670021726915,65563047165729
7670055008015,65563090378611
7670088298215,65563133300992
7670121622415,65563176908338
7670154876515,65563220111278
7670188166415,65563263442792
7670221460715,65563306287541
7670254745415,65563349939534
7670288047815,65563394154299
7670321322715,65563437924661
7670354628015,65563480660955
7670387903615,65563524645111
7670421190915,65563568526781
7670454481015,65563613286595
7670487771015,65563657057701
7670521060215,65563698154287
7670554349315,65563736166208
7670587637915,65563776989708
7670620928215,65563817072631
7670654220015,65563856522966
7670687506015,65563895712017
7670720796515,65563934852633
7670754141715,65563972458588
7670787374215,65564011912624
7670820664715,65564049051807
7670853960315,65564085860964
7670887243115,65564125753931
7670920532215,65564163231359
7670953827315,65564200520294
7670987112615,65564238474925
7671020399815,65564277775965
7671053689215,65564314984757
7671086979515,65564353563766
7671120274415,65564392070136
7671153557315,65564428964379
7671186847315,65564465851672
7671220137315,65564504647797
7671253426915,65564541797043
7671286714915,65564581289131
7671320004315,65564620666648
7671353295315,65564659506772
7671386585715,65564697962885
7671419872315,65564734735463
7671453162315,65564771393260
7671486460915,65564808314789
7671519740215,65564849283635
7671553030915,65564889174393
7671586333215,65564929890683
7671619631815,65564969345614
7671652899215,65565009264942
7671686193715,65565049547392
7671719494615,65565088127099
7671752766215,65565128610773
7671786055115,65565166017095
7671819346015,65565204777055
7671852635315,65565244831928
7671885924015,65565285394965
7671919213615,65565325315453
7671952504315,65565366258754
7671985791615,65565404123649
7672019082515,65565446182909
7672052370415,65565485569124
7672085717815,65565526410293
7672118952315,65565567175322
7672152238415,65565607922620
7672185529115,65565648608367
7672218826115,65565690174773
7672252119915,65565727562567
7672285397215,65565769208964
7672318692515,65565809860820
7672351975515,65565850918230
7672385265715,65565891745824
7672418592115,65565933170468
7672451844315,65565974271121
7672485134015,65566015546361
7672518422015,65566052664317
7672551712215,65566092187288
7672585002615,65566132190049
7672618289915,65566173468059
7672651580115,65566214670473
7672684870015,65566255674439
7672718158315,65566297361066
7672751448615,65566338928718
7672784736915,65566375874640
7672818027515,65566413457522
7672851321015,65566456827239
7672884605215,65566499301382
7672917895515,65566542365686
7672951211815,65566585412292
7672984473615,65566628525483
7673017763615,65566671592983
7673051070315,65566709007720
7673084341115,65566745910577
7673117631515,65566789688456
7673150958915,65566832893820
7673184210515,65566875907208
7673217499915,65566918958089
7673250788415,65566962082309
7673284078915,65567004813218
7673317367115,65567041719546
7673350656415,65567078680344
7673383950615,65567122089811
7673417269415,65567164603622
7673450524415,65567207112037
7673483814615,65567249923070
7673517104415,65567292829196
7673550396615,65567335776138
7673583685615,65567372665162
7673616971815,65567409663639
7673650262715,65567449885131
7673683555915,65567489076688
7673716839315,65567529464368
7673750130015,65567570256378
7673783425015,65567611619779
7673816707815,65567653172964
7673849998015,65567690921901
7673883294215,65567727677353
7673916576715,65567764451637
7673949866515,65567801293467
7673983154815,65567838175748
7674016445515,65567880648419
7674049733215,65567921682518
7674083022715,65567963533267
7674116313515,65568005585548
7674149619715,65568047782143
7674182890715,65568089775223
7674216181115,65568131760808
7674249472015,65568173919675
7674282759015,65568216310778
7674316052015,65568253757065
7674349337615,65568290681386
7674382650115,65568333228772
7674415922015,65568373756246
7674449206215,65568415535455
7674482496615,65568457020992
7674515792215,65568498620312
7674549074215,65568540278421
7674582364615,65568581869660
7674615662015,65568623252053
7674648942215,65568665127802
7674682232715,65568707026396
7674715521515,65568749011426
7674748810815,65568791369549
7674782099715,65568833209865
7674815389615,65568875121545
7674848679815,65568914219622
7674881969915,65568951204910
7674915257415,65568994600334
7674948547415,65569035977775
7674981838015,65569078017646
7675015125715,65569119761284
7675048417915,65569161246404
7675081704315,65569202611086
7675114994815,65569244462938
7675148289515,65569286367878
7675181572415,65569328218885
7675214863215,65569369890445
7675248157815,65569411882696
7675281444415,65569449787627
7675314730615,65569486729249
7675348027515,65569524623456
7675381308615,65569567243817
7675414599515,65569608669515
7675447888715,65569650952644
7675481177815,65569687921577
7675514467915,65569724845285
7675547755815,65569768120158
7675581046215,65569809532960
7675614334515,65569847477007
7675647623915,65569884185980
7675680914315,65569921028375
7675714237515,65569957728437
7675747491815,65569994717629
7675780784515,65570031440449
7675814072015,65570068261975
7675847361115,65570105027432
7675880656715,65570141843833
7675913939015,65570178655939
7675947234415,65570215487276
7675980522715,65570252656584
7676013806615,65570289379514
7676047097315,65570326076946
7676080394215,65570364137451
7676113675015,65570401615481
7676146965515,65570439567131
7676180256215,65570477466331
7676213544815,65570514262560
7676246833715,65570550827389
7676280122115,65570587663777
7676313412815,65570624443400
7676346701015,65570661201978
7676379989915,65570697776630
7676413280515,65570734458282
7676446569715,65570773992834
7676479858115,65570813937229
7676513151015,65570855956461
7676546438315,65570892785620
7676579732015,65570929530756
7676613022915,65570966613255
7676646305315,65571003901468
7676679595315,65571046242874
7676712889315,65571088269347
7676746173315,65571125521046
7676779463815,65571162407284
7676812759915,65571199722131
7676846041415,65571242467704
7676879331515,65571279841062
7676912622115,65571316755039
7676945909815,65571358259913
7676979199915,65571400249248
7677012488315,65571442609065
7677045804515,65571485032775
7677079067515,65571527248494
7677112356415,65571564175509
7677145647115,65571601025381
7677178939815,65571639881927
7677212224715,65571681736121
7677245517115,65571724217077
7677278805715,65571766533398
7677312092815,65571805178066
7677345388615,65571841989690
7677378671815,65571879137918
7677411961815,65571916036949
7677445256915,65571952895269
7677478540115,65571990031604
7677511830315,65572033037010
7677545127715,65572073869628
7677578408115,65572115349667
7677611697715,65572156584896
7677644988715,65572198034301
7677678276115,65572236271780
7677711566415,65572273151231
7677744855915,65572309976882
7677778144815,65572352334760
7677811434815,65572391654876
7677844722515,65572432327538
7677878013815,65572472555026
7677911316515,65572513222551
7677944591315,65572553635454
7677977883515,65572593801253
7678011178215,65572634422387
7678044459415,65572674569367
7678077755015,65572714961655
7678111039415,65572755472978
7678144328515,65572795857449
7678177623315,65572835825652
7678210905715,65572872600144
7678244196715,65572909390797
7678277490815,65572946501411
7678310774615,65572988125587
7678344064415,65573026624115
7678377409915,65573065791292
7678410643715,65573105128037
7678443932615,65573144778130
7678477222115,65573183863747
7678510511615,65573223357669
7678543801015,65573262861678
7678577089315,65573302062451
7678610381015,65573341033403
7678643668315,65573380210736
7678676958015,65573419656343
7678710249315,65573458710002
7678743536815,65573496477228
7678776825315,65573533312324
7678810121715,65573570296378
7678843405515,65573608673107
7678876695315,65573647427304
7678909990015,65573686275829
7678943272315,65573725116742
7678976563415,65573764157422
7679009857215,65573802458190
7679043140715,65573841192350
7679076444815,65573879657724
7679109720615,65573918625182
7679143008815,65573957141607
7679176298715,65573995666741
7679209594215,65574034464290
7679242899315,65574072974269
7679276167515,65574109981897
7679309455815,65574147107635
7679342757815,65574184117692
7679376034415,65574223453961
7679409324015,65574261420837
7679442615715,65574299634598
7679475903815,65574338054724
7679509191915,65574376538812
7679542488615,65574414823814
7679575772515,65574453482049
7679609060215,65574491904936
7679642356015,65574530341364
7679675638715,65574568484744
7679708986815,65574607159499
7679742224215,65574645488482
7679775507215,65574684258421
7679808797415,65574721453072
7679842101815,65574758327747
7679875375315,65574795179035
7679908665615,65574832915110
7679941955215,65574870977215
7679975243415,65574908794637
7680008533315,65574946831273
7680041823615,65574984816003
7680075112415,65575022936847
7680108402515,65575061008720
7680141690215,65575098835540
7680174982215,65575137241639
7680208270515,65575175253535
7680241558515,65575213385038
7680274854115,65575251701732
7680308138915,65575290245975
7680341426315,65575327450792
7680374722815,65575364516917
7680408008815,65575401440216
7680441295215,65575438470249
7680474591315,65575476537848
7680507873415,65575515068190
7680541163715,65575553664847
7680574480815,65575592559028
7680607741815,65575631056873
7680641031815,65575669679777
7680674340715,65575708397316
7680707609615,65575745202473
7680740899615,65575782094275
7680774189715,65575819060213
7680807478115,65575855973095
7680840767915,65575892827800
7680874056715,65575929658316
7680907348715,65575966632366
7680940635715,65576005273326
7680973941315,65576043267170
7681007220815,65576081459802
7681040537615,65576119646360
7681073792415,65576157590692
7681107089315,65576195966015
7681140372715,65576234165066
7681173663315,65576272421019
7681206958115,65576310919058
7681240239515,65576349295709
7681273531515,65576387517407
7681306818315,65576426435144
7681340107915,65576465037999
7681373398415,65576501993423
7681406687715,65576539013791
7681439976015,65576575979312
7681473265915,65576615089272
7681506556115,65576652917218
7681539844815,65576690998576
7681573134715,65576729417211
7681606423015,65576767692890
7681639715115,65576805900537
7681673001715,65576844060652
7681706290915,65576882410330
7681739590815,65576920795935
7681772871815,65576958729818
7681806158915,65576996954777
7681839455715,65577035417383
7681872740015,65577073987207
7681906027015,65577110918231
7681939324015,65577147866735
7681972615815,65577184786129
7682005925715,65577221741532
7682039184715,65577261388560
7682072474315,65577300598941
7682105764715,65577339543850
7682139054215,65577378673881
7682172342515,65577417570504
7682205632415,65577456145492
7682238923615,65577495272679
7682272210515,65577534310995
7682305500715,65577572974802
7682338789615,65577611691878
7682372080315,65577650543493
7682405369015,65577689681954
7682438657415,65577726794334
7682471954215,65577763811014
7682505240915,65577800920164
7682538525615,65577841735872
7682571821515,65577880728064
7682605106115,65577920418063
7682638393715,65577959984729
7682671690315,65577999523486
7682704980715,65578038896889
7682738263015,65578078675205
7682771552515,65578117222686
7682804840715,65578157403760
7682838131115,65578196573177
7682871420115,65578236414152
7682904708915,65578275948640
7682937998915,65578315697608
7682971288515,65578352879299
7683004577515,65578389862424
7683037867115,65578426965669
7683071157215,65578466434934
7683104447515,65578505243880
7683137735415,65578545225560
7683171023815,65578585146640
7683204320515,65578624845261
7683237603015,65578664583507
7683270892315,65578704223812
7683304188215,65578744038916
7683337508815,65578783916404
7683370759915,65578822998202
7683404056715,65578862571280
7683437340315,65578901467243
7683470629415,65578941044385
7683503918715,65578978019992
7683537206815,65579015003232
7683570498315,65579052021070
7683603785515,65579092823460
7683637075415,65579131704744
7683670365715,65579171219675
7683703656415,65579210780515
7683736943515,65579250594729
7683770234015,65579289734918
7683803524115,65579329268156
7683836816715,65579368761831
7683870102015,65579408292707
7683903390215,65579447344552
7683936688515,65579486676288
7683969969115,65579525876048
7684003258115,65579565400961
7684036554615,65579602491840
7684069838415,65579639515107
7684103126315,65579676598047
7684136423315,65579713775708
7684169707115,65579753287815
7684203003715,65579791856100
7684236284915,65579831039055
7684269573715,65579869934048
7684302863415,65579908942753
7684336152515,65579947843384
7684369441315,65579987052280
7684402732115,65580026368596
7684436023115,65580065479111
7684469309515,65580104712125
7684502600215,65580144130072
7684535890515,65580183183511
7684569178515,65580220630419
7684602468315,65580257686425
7684635756915,65580294777207
7684669080515,65580334367369
7684702334615,65580372776997
7684735624615,65580411637358
7684768921215,65580450435013
7684802204815,65580489579331
7684835493015,65580528365047
7684868789015,65580567683077
7684902075215,65580606551710
7684935361315,65580645396709
7684968655015,65580684591836
7685001953315,65580723706682
7685035229815,65580762724799
7685068519415,65580801867208
7685101807715,65580838914832
7685135098315,65580875935630
7685168391915,65580912961447
7685201675815,65580950754330
7685234966515,65580989755442
7685268256615,65581028425506
7685301544715,65581067266565
7685334835015,65581105950066
7685368123215,65581144295626
7685401419015,65581183052078
7685434703115,65581221908999
7685467990915,65581260727375
7685501287615,65581299098143
7685534588515,65581337799623
7685567859215,65581376528568
7685601155915,65581414757051
7685634449415,65581451760926
7685667727415,65581488711539
7685701021315,65581525730598
7685734307315,65581562818859
7685767596215,65581602014756
7685800886715,65581640098355
7685834174215,65581678825732
7685867464715,65581717673066
7685900753115,65581756502645
7685934054215,65581795297966
7685967333015,65581834050126
7686000658515,65581872941964
7686033910715,65581911782672
7686067200715,65581949321823
7686100490915,65581986289581
7686133786415,65582023288817
7686167069015,65582060226546
7686200357715,65582100106731
7686233655015,65582137927107
7686266936015,65582175926404
7686300225515,65582214522399
7686333522315,65582252705853
7686366805115,65582290816858
7686400094115,65582329304543
7686433387315,65582367433979
7686466673815,65582405662452
7686499963715,65582443700980
7686533252415,65582481843117
7686566540515,65582520085404
7686599832115,65582557095866
7686633119715,65582594036492
7686666408815,65582631145925
7686699702615,65582668211621
7686732988115,65582705173716
7686766276915,65582742391627
7686799567515,65582782501873
7686832859915,65582821445850
7686866174415,65582858539467
7686899435715,65582895592224
7686932724115,65582932756763
7686966028915,65582969858429
7686999302515,65583006968955
7687032592215,65583046539746
7687065888915,65583085304149
7687099171615,65583124038667
7687132460515,65583162927760
7687165753615,65583201850638
7687199041015,65583240913833
7687232328215,65583279795004
7687265618915,65583318720069
7687298907215,65583357437861
7687332228815,65583396093772
7687365485915,65583434766900
7687398775315,65583471770123
7687432065615,65583508904689
7687465356215,65583546084316
7687498643315,65583583041954
7687531933815,65583622977199
7687565223315,65583661921563
7687598516515,65583701061528
7687631801515,65583740312499
7687665091415,65583779300172
7687698386115,65583818398567
7687731670615,65583857686840
7687764958315,65583896796937
7687798255215,65583935718709
7687831538415,65583974253016
7687864826815,65584012878297
7687898119915,65584051672502
7687931406615,65584089095774
7687964694415,65584126148277
7687997985615,65584163153599
7688031291615,65584200249598
7688064563715,65584239906869
7688097853615,65584278303985
7688131141615,65584317579629
7688164432015,65584356374880
7688197748515,65584395604741
7688231015015,65584434519823
7688264300315,65584473997732
7688297608615,65584513117517
7688330882415,65584552356578
7688364168215,65584589448095
7688397458015,65584626455645
7688430753415,65584663485422
7688464036315,65584700410381
7688497324515,65584737238196
7688530621815,65584774333315
7688563903215,65584811443510
7688597196215,65584848545229
7688630489815,65584885642675
7688663772215,65584922767536
7688697060615,65584959830796
7688730350915,65584997015063
7688763640815,65585034099692
7688796930715,65585071178880
7688830219315,65585108288395
7688863508015,65585145401391
7688896799015,65585182249600
7688930086615,65585219085299
7688963376115,65585256060744
7688996666615,65585292965512
7689029955615,65585330103406
7689063249015,65585367217303
7689096534315,65585404322661
7689129824215,65585441358397
7689163119215,65585478442361
7689196402415,65585515504943
7689229691015,65585552576818
7689262988215,65585589643022
7689296270115,65585626764098
7689329559115,65585663849094
7689362855815,65585700947683
7689396140415,65585737933432
7689429428015,65585774742994
7689462718015,65585811614506
7689496008215,65585848443536
7689529295615,65585885393254
7689562586015,65585922580817
7689595897515,65585959671797
7689629196815,65585996754830
7689662452915,65586033737077
7689695743015,65586070720965
7689729033315,65586107770265
7689762321915,65586144827064
7689795616115,65586181919409
7689828901515,65586219015418
7689862191415,65586256104967
7689895484315,65586293223927
7689928768915,65586330281927
7689962057415,65586367242888
7689995353715,65586404165778
7690028637215,65586440954026
7690061925815,65586477837926
7690095222515,65586514631073
7690128506115,65586551663623
7690161793615,65586588672313
7690195084215,65586625755677
7690228374615,65586662744850
7690261661615,65586699775419
7690294951715,65586736770777
7690328263615,65586773913218
7690361531415,65586810916326
7690394820615,65586847955251
7690428108915,65586884910432
7690461399515,65586921908682
7690494694315,65586958591981
7690527982015,65586995415467
7690561267015,65587032230835
7690594557215,65587069054693
7690627850815,65587105700085
7690661135515,65587142565138
7690694425215,65587179494987
7690727720515,65587216441796
7690761003515,65587253435428
7690794291815,65587290383181
7690827589215,65587327393208
7690860871015,65587364334181
7690894160215,65587401205013
7690927450715,65587438165493
7690960763015,65587475144772
7690994028315,65587512125875
7691027318415,65587548809257
7691060608015,65587585542830
7691093897215,65587622237346
7691127187115,65587659012361
7691160475215,65587695704536
7691193766315,65587732583306
7691227054115,65587769495335
7691260354815,65587806413502
7691293633515,65587843367740
7691326924315,65587880045368
7691360217115,65587916732599
7691393502215,65587953487928
7691426792615,65587990189286
7691460088115,65588028648003
7691493369915,65588065296187
7691526658115,65588101901155
7691559956015,65588138508731
7691593239215,65588175125416
7691626526515,65588211834957
7691659816515,65588248533924
7691693106415,65588285237308
7691726394915,65588321912461
7691759684515,65588359050778
7691792974815,65588395957833
7691826276715,65588432642110
7691859553415,65588469355699
7691892841515,65588505913083
7691926141915,65588542576776
7691959420315,65588579105103
7691992714015,65588615824848
7692026000215,65588652576231
7692059289315,65588689176356
7692092583915,65588725772559
7692125868315,65588762425318
7692159158715,65588802284185
7692192452415,65588840997498
7692225736815,65588880212588
7692259024915,65588919385190
7692292371915,65588958216557
7692325604915,65588997365279
7692358892915,65589036799157
7692392202515,65589073534789
7692425473815,65589110232171
7692458760815,65589146952326
7692492051615,65589183726924
7692525341815,65589220581542
7692558629715,65589257287953
7692591919415,65589294087852
7692625207915,65589330984953
7692658498015,65589368105138
7692691787615,65589405142312
7692725080415,65589442177508
7692758366715,65589479171128
7692791656415,65589516079193
7692824950015,65589552985325
7692858234215,65589589637566
7692891524815,65589626303356
7692924818815,65589663182207
7692958102815,65589700013485
7692991391315,65589736803175
7693024687215,65589780186968
7693057970915,65589822509612
7693091259215,65589864791865
7693124550415,65589907292778
7693157868215,65589949456598
7693191127615,65589991729878
7693224417915,65590034070739
7693257719215,65590076529691
7693290995515,65590113471119
7693324286015,65590150339018
7693357575915,65590187379844
7693390864515,65590226750462
7693424153915,65590268903520
7693457446815,65590311496507
7693490733215,65590353659109
7693524021315,65590391009595
7693557316415,65590427963479
7693590601015,65590464800743
7693623921615,65590501944352
7693657184915,65590543211361
7693690469415,65590581697728
7693723758915,65590620394474
7693757054815,65590659009436
7693790337415,65590697712967
7693823626015,65590736960215
7693856917415,65590776223828
7693890204315,65590815489705
7693923494115,65590854901174
7693956784415,65590893778640
7693990073415,65590932778929
7694023362115,65590972136726
7694056652515,65591009335610
7694089942315,65591046311939
7694123231515,65591083157392
7694156520115,65591120022029
7694189813115,65591156771820
7694223099915,65591193614764
7694256388015,65591230417017
7694289685815,65591267295068
7694322967315,65591304164248
7694356256615,65591340970120
7694389551015,65591377814369
7694422835715,65591414598428
7694456126215,65591451456543
7694489442415,65591488448316
7694522703515,65591525232564
7694555991915,65591562088646
7694589300015,65591605462405
7694622570715,65591646944475
7694655860215,65591688875974
7694689150115,65591730931731
7694722439215,65591772353728
7694755728115,65591814521956
7694789018715,65591856612840
7694822308915,65591898582131
7694855596315,65591940567040
7694888886415,65591982794822
7694922179215,65592024848628
7694955498915,65592066523833
7694988753915,65592103618679
7695022049315,65592140497358
7695055342915,65592177393298
7695088624015,65592214392540
7695121917715,65592257184999
7695155202015,65592296674894
7695188491415,65592333606744
7695221785815,65592370356703
7695255069915,65592407179621
7695288359415,65592444124533
7695321648115,65592480969380
7695354938715,65592517831542
7695388226515,65592555778002
7695421517115,65592593822523
7695454806215,65592630717327
7695488094815,65592667718490
7695521384915,65592704650738
7695554674515,65592741721593
7695587962415,65592781070437
7695621252515,65592819242111
7695654573915,65592858196953
7695687831815,65592896796496
7695721120915,65592935420443
7695754415315,65592974170383
7695787699915,65593012926728
7695820988515,65593051610747
7695854283715,65593090456860
7695887568515,65593129211265
7695920887115,65593168261009
7695954152115,65593205205204
7695987436815,65593242086794
7696020725915,65593279049475
7696054015415,65593316362715
7696087304415,65593355629933
7696120593115,65593394346257
7696153883715,65593433421012
7696187174515,65593470481466
7696220461315,65593507385794
7696253751715,65593544270583
7696287040315,65593581166090
7696320329215,65593621198643
7696353619715,65593659849904
7696386913015,65593699281513
7696420199015,65593738996647
7696453487415,65593776298450
7696486781815,65593813150680
7696520067415,65593850021897
7696553354615,65593886936721
7696586650115,65593923834585
7696619934515,65593960755487
7696653223915,65593997775024
7696686518715,65594034721994
7696719803015,65594071612875
7696753092315,65594108509344
7696786381015,65594145481119
7696819670915,65594182469274
7696852959415,65594219518831
7696886249515,65594256484492
7696919538315,65594293445312
7696952846215,65594330377509
7696986118215,65594373946984
7697019408215,65594414675446
7697052695715,65594456707028
7697085985915,65594498407394
7697119280615,65594540168649
7697152563915,65594581238497
7697185854415,65594618436407
7697219177515,65594655361913
7697252470415,65594692253423
7697285721715,65594729052027
7697319016615,65594767604746
7697352300615,65594804834953
7697385590315,65594841691263
7697418885115,65594878688604
7697452168415,65594915751734
7697485459115,65594952562334
7697518747215,65594989539565
7697552037615,65595026321079
7697585325715,65595063215306
7697618615715,65595100199631
7697651904815,65595138541590
7697685193815,65595177150653
7697718484115,65595216575576
7697751774215,65595256357699
7697785062015,65595293314235
7697818352415,65595330204553
7697851646415,65595367069622
7697884930315,65595403926784
7697918220915,65595442914359
7697951543715,65595479951930
7697984798915,65595516760440
7698018088315,65595553600808
7698051383315,65595590435547
7698084669215,65595631496472
7698117964915,65595670618376
7698151251015,65595707708659
7698184535315,65595744628077
7698217824015,65595781541022
7698251113615,65595818504742
7698284405015,65595857590982
7698317693515,65595896959359
7698350982015,65595937154408
7698384272115,65595976413837
7698417560015,65596015302194
7698450850615,65596054521605
7698484138715,65596093706863
7698517428315,65596132810492
7698550718915,65596172015171
7698584044015,65596208988583
7698617296515,65596245851423
7698650587015,65596282676253
7698683910615,65596319668195
7698717165815,65596356442095
7698750454415,65596397366198
7698783749215,65596436482703
7698817034715,65596475770135
7698850325415,65596514852278
7698883617615,65596554463573
7698916901315,65596593979819
7698950192215,65596633970783
7698983479515,65596673492497
7699016770415,65596713710059
7699050060515,65596753853733
7699083349715,65596793791384
7699116638015,65596831177596
7699149926415,65596868069709
7699183217815,65596905038627
7699216505615,65596942023283
7699249794815,65596978857098
7699283085115,65597015361893
7699316377215,65597051928339
7699349662715,65597088790872
7699382953415,65597125437011
7699416249215,65597162059026
7699449550615,65597198772334
7699482820615,65597237475873
7699516115115,65597275795168
7699549411315,65597314209406
7699582688615,65597353373296
7699615991415,65597392662776
7699649267815,65597431492845
7699682557715,65597470665226
7699715846515,65597509594597
7699749136315,65597548727253
7699782426715,65597587755092
7699815713515,65597627086867
7699849004415,65597665795946
7699882293115,65597704992387
7699915640115,65597742302340
7699948871615,65597779009851
7699982160815,65597815844927
7700015451415,65597852660153
7700048744415,65597892451970
7700082029215,65597929866971
7700115319815,65597968342757
7700148616515,65598006851609
7700181897215,65598045032811
7700215187815,65598083277574
7700248482015,65598122372309
7700281766415,65598160949432
7700315055315,65598199451729
7700348350615,65598238242692
7700381634515,65598276760717
7700414924215,65598315442908
7700448212515,65598352382237
7700481502515,65598389076603
7700514792515,65598425818680
7700548081015,65598462386076
7700581370915,65598501085561
7700614659215,65598538028356
7700647949615,65598575258506
7700681238915,65598612208446
7700714527515,65598649178460
7700747821015,65598686114905
7700781130815,65598723192272
7700814395515,65598760178514
7700847686015,65598797198657
7700881005415,65598833863061
7700914263215,65598870510251
7700947553915,65598907111332
7700980850215,65598943779357
7701014132715,65598980402882
7701047422715,65599017074755
7701080716815,65599053683327
7701114001315,65599090316127
7701147289515,65599127074792
7701180578815,65599163896008
7701213869115,65599200525115
7701247192315,65599237196474
7701280446715,65599273909111
7701313737415,65599310539869
7701347026615,65599347139884
7701380316315,65599383849889
7701413605415,65599420531059
7701446893615,65599457155154
7701480185415,65599497413691
7701513475215,65599536917604
7701546761815,65599576365322
7701580052415,65599615937703
7701613347115,65599655218878
7701646630215,65599693637689
7701679920615,65599732091654
7701713216015,65599771126088
7701746499215,65599810200769
7701779789215,65599849476376
7701813083215,65599888715317
7701846367815,65599927815076
7701879655615,65599967179183
7701912944815,65600003937675
7701946235215,65600040748723
7701979524615,65600077467786
7702012813215,65600114194673
7702046103515,65600151414932
7702079394015,65600189047557
7702112681315,65600226641916
7702145971815,65600264006052
7702179259615,65600301217803
7702212573415,65600338733294
7702245841215,65600376095816
7702279144815,65600414358126
7702312418815,65600451641874
7702345714715,65600489760964
7702378996715,65600528430577
7702412286915,65600570496014
7702445583415,65600609487717
7702478864715,65600646456831
7702512155315,65600683357686
7702545449515,65600720236321
7702578733515,65600763732367
7702612022015,65600803608985
7702645311615,65600840337995
7702678601515,65600877097409
7702711892115,65600913780462
7702745179415,65600953223375
7702778469815,65600990090669
7702811759615,65601026966028
7702845047715,65601063651957
7702878338215,65601100355580
7702911627815,65601137370366
7702944916715,65601174118801
7702978208515,65601210862914
7703011494615,65601247476026
7703044785115,65601284048456
7703078080815,65601321368101
7703111362915,65601358013086
7703144653515,65601394824531
7703177948615,65601431496967
7703211230715,65601468187336
7703244521515,65601505046468
7703277847315,65601541825224
7703311100515,65601578452284
7703344389115,65601615196973
7703377678015,65601651952923
7703410968315,65601692483486
7703444256515,65601729884918
7703477546015,65601766805798
7703510836315,65601803534093
7703544144815,65601840212275
7703577413715,65601879081178
7703610704515,65601917276682
7703643994215,65601954407830
7703677283515,65601991522457
7703710574915,65602028680067
7703743861015,65602065270527
7703777152515,65602102029381
7703810448515,65602138600775
7703843729315,65602175157970
7703877019815,65602211737098
7703910314515,65602248410154
7703943597015,65602285254716
7703976888215,65602321956623
7704010183915,65602358674357
7704043466715,65602395420879
7704076755415,65602432350650
7704110043815,65602469010997
7704143336015,65602505705073
7704176622815,65602542418623
7704209912015,65602580359159
7704243202615,65602616992480
7704276492015,65602653637759
7704309780815,65602690343314
7704343070815,65602727071768
7704376360215,65602763809086
7704409657515,65602800783006
7704442941215,65602837541842
7704476227315,65602874292656
7704509517815,65602911025982
7704542811715,65602947825699
7704576099015,65602984902491
7704609386315,65603022035587
7704642683415,65603059062708
7704675963715,65603096076469
7704709254315,65603133177879
7704742549915,65603170270129
7704775831915,65603207372058
7704809122615,65603244467061
7704842412115,65603281561668
7704875729215,65603318631419
7704908989615,65603355651221
7704942278415,65603392597113
7704975568915,65603429374361
7705008858415,65603466451399
7705042147015,65603503207329
7705075436915,65603539976195
7705108727815,65603576744090
7705142014515,65603614326099
7705175307315,65603651120816
7705208594215,65603687928974
7705241883915,65603724733045
7705275178915,65603761585884
7705308461915,65603798733539
7705341752815,65603835852877
7705375049215,65603873035831
7705408330315,65603910138547
7705441621115,65603947279426
7705474917415,65603984444874
7705508197815,65604021553545
7705541488215,65604058630018
7705574778115,65604095712206
7705608067215,65604132688092
7705641356815,65604169732741
7705674645315,65604206803217
7705707935615,65604243589790
7705741242215,65604280380122
7705774513015,65604317155520
7705807803715,65604354043239
7705841101715,65604391249991
7705874381915,65604428330878
7705907674515,65604465455628
7705940961615,65604502529854
7705974250715,65604539529199
7706007545515,65604576609610
7706040828215,65604613690465
7706074118815,65604650693671
7706107412915,65604687716722
7706140696415,65604724788139
7706173986615,65604761784683
7706207314715,65604798870081
7706240564215,65604835720557
7706273854915,65604872625123
7706307144815,65604909410562
7706340435615,65604946233817
7706373723215,65604982998057
7706407010915,65605019976145
7706440302915,65605056963375
7706473607515,65605093982175
7706506879715,65605130888910
7706540170415,65605167897164
7706573460115,65605204968114
7706606747415,65605241985855
7706640038915,65605278965883
7706673329315,65605316067904
7706706617815,65605353072914
7706739911715,65605390110273
7706773194715,65605426953631
7706806486015,65605464025490
7706839779015,65605500855348
7706873063015,65605537575689
7706906353515,65605574361529
7706939648715,65605611219416
7706972931015,65605647907669
7707006221715,65605684747974
7707039515715,65605721459132
7707072821615,65605758214690
7707106089815,65605794879144
7707139377615,65605831613026
7707172691415,65605868360478
7707205956115,65605905166767
7707239245915,65605941850048
7707272536415,65605978532596
7707305825615,65606015158942
7707339114315,65606053115562
7707372406715,65606093602449
7707405694815,65606134964665
7707438982015,65606172222327
7707472278415,65606209077450
7707505561115,65606245985989
7707538890915,65606282861416
7707572145815,65606319862245
7707605428915,65606356661373
7707638719515,65606393434613
7707672015515,65606430249107
7707705297215,65606467029384
7707738587615,65606503863377
7707771881815,65606540700382
7707805165415,65606577435672
7707838455615,65606614203070
7707871744115,65606650904701
7707905034415,65606687750964
7707938323515,65606727825790
7707971612415,65606765656489
7708004902815,65606802529400
7708038192815,65606839440000
7708071480515,65606876274786
7708104771715,65606913243911
7708138060515,65606950179219
7708171348515,65606987035400
7708204644615,65607023893787
7708237927515,65607060673426
7708271217815,65607097626530
7708304512315,65607138642226
7708337795215,65607178419617
7708371089215,65607219012585
7708404403815,65607259390339
7708437663715,65607298759216
7708470954115,65607338667805
7708504281815,65607378341023
7708537531215,65607417878274
7708570822215,65607457866545
7708604111915,65607497735924
7708637400215,65607537858025
7708670690815,65607576031285
7708703978715,65607612951505
7708737269015,65607649808239
7708770557115,65607686707005
7708803847115,65607723445855
7708837137715,65607763365437
7708870426315,65607802887184
7708903715015,65607842712893
7708937010915,65607882945545
7708970295115,65607922736757
7709003585115,65607962403595
7709036879615,65608002050899
7709070162015,65608041532718
7709103453215,65608080872531
7709136747015,65608120340212
7709170030315,65608160104586
7709203320215,65608196923457
7709236609615,65608233622098
7709269898015,65608270360243
7709303188515,65608307197173
7709336478515,65608344053645
7709369769215,65608382583899
7709403056915,65608424265620
7709436344815,65608465655842
7709469635515,65608507215980
7709502923715,65608549180183
7709536213015,65608590759892
7709569504215,65608632471702
7709602792515,65608673931655
7709636081415,65608715959210
7709669377415,65608757408399
7709702661715,65608798775122
7709735949015,65608836339431
7709769245915,65608873170048
7709802528515,65608910016188
7709835850615,65608947095364
7709869113415,65608986148691
7709902417115,65609024941030
7709935687315,65609065686283
7709968976315,65609106615087
7710002264115,65609147477373
7710035555015,65609188119213
7710068845415,65609228157245
7710102132515,65609268355093
7710135423215,65609308598528
7710168711715,65609348626265
7710202001715,65609389574573
7710235290715,65609429414160
7710268580115,65609467269786
7710301871015,65609504116559
7710335160115,65609540954955
7710368447715,65609577811045
7710401743915,65609615695815
7710435027615,65609654527464
7710468315515,65609694037207
7710501612015,65609733408103
7710534896115,65609773019899
7710568184915,65609812794062
7710601481115,65609852789134
7710634762615,65609892720009
7710668053115,65609932355393
7710701356715,65609972088340
7710734631415,65610011871925
7710767921415,65610052482859
7710801229115,65610089442832
7710834499115,65610126268231
7710867789515,65610163142287
7710901079115,65610200055049
7710934367915,65610236979303
7710967657215,65610279514990
7711000945815,65610319181048
7711034237715,65610360161931
7711067524915,65610400990787
7711100814315,65610439456890
7711134110015,65610476434598
7711167444615,65610513390404
7711200682015,65610550270438
7711233978415,65610590379747
7711267262115,65610629974162
7711300551715,65610670741745
7711333846915,65610707875204
7711367129015,65610744797672
7711400420215,65610781674453
7711433716215,65610818868441
7711466997115,65610855791860
7711500287715,65610892635341
7711533576815,65610929445709
7711566865415,65610966240907
7711600155415,65611009225441
7711633445415,65611049262565
7711666734815,65611090851466
7711700023715,65611131638506
7711733312315,65611172735786
7711766605615,65611213666003
7711799891315,65611254354054
7711833180415,65611295307842
7711866476615,65611335628192
7711899759915,65611376223295
7711933048415,65611413864454
7711966344515,65611450853385
7711999630115,65611487724325
7712032936115,65611524629529
7712066213615,65611561654420
7712099495615,65611598643859
7712132791715,65611635699226
7712166074215,65611672789555
7712199363615,65611709718751
7712232653615,65611746815300
7712265944615,65611783763853
7712299232115,65611820732952
7712332522415,65611857674823
7712365812315,65611900845187
7712399099815,65611941892924
7712432389915,65611983719974
7712465680115,65612024460577
7712498999915,65612065499471
7712532257615,65612106490133
7712565546615,65612147857962
7712598842715,65612189162391
7712632127115,65612230027563
7712665415415,65612270917576
7712698710815,65612310535178
7712731995515,65612350926317
7712765283115,65612388636644
7712798579815,65612425558767
7712831869615,65612462476997
7712865152015,65612499463948
7712898441515,65612536472733
7712931730115,65612577064879
7712965020615,65612615571932
7712998310315,65612654613493
7713031598115,65612693084772
7713064888515,65612731971066
7713098178115,65612771010465
7713131466415,65612810182760
7713164756315,65612849466376
7713198045915,65612889010225
7713231336015,65612928964336
7713264625115,65612968694463
7713297913515,65613006154861
7713331224415,65613043046220
7713364514115,65613079920342
7713397781515,65613116854708
7713431077615,65613154026470
7713464381915,65613193561796
7713497649415,65613232140744
7713530945915,65613271426198
7713564237615,65613310559602
7713597518715,65613349771766
7713630811815,65613389029803
7713664096415,65613427800758
7713697386915,65613467130719
7713730675115,65613506354208
7713763964515,65613545264164
7713797254915,65613584219843
7713830544215,65613621342991
7713863832115,65613658323678
7713897122915,65613695456194
7713930412615,65613732552723
7713963706715,65613769639518
7713996990415,65613809391266
7714030279415,65613847371049
7714063576915,65613886082007
7714096858115,65613924491841
7714130147715,65613962739006
7714163444315,65614000389609
7714196728215,65614038702606
7714230016215,65614076913478
7714263312415,65614115132025
7714296597015,65614153628622
7714329886315,65614191836780
7714363178115,65614228836137
7714396462615,65614265814383
7714429753815,65614302713154
7714463045015,65614339547544
7714496330915,65614376652171
7714529621415,65614413496879
7714562910615,65614452080777
7714596199015,65614490445119
7714629489215,65614528515690
7714662780115,65614566541450
7714696066915,65614604784760
7714729357215,65614642928110
7714762645915,65614680899416
7714795960815,65614718887278
7714829224815,65614755791692
7714862513815,65614792583949
7714895810615,65614829422433
7714929093715,65614866403357
7714962382115,65614903282536
7714995678815,65614944856272
7715028962815,65614984490262
7715062250315,65615024887560
7715095544215,65615064767983
7715128829415,65615105128622
7715162119115,65615144833152
7715195407715,65615184128563
7715228697215,65615223269189
7715261987215,65615262264882
7715295277615,65615299951536
7715328565315,65615336822916
7715361855815,65615373614136
7715395146115,65615410586073
7715428434015,65615447435903
7715461723515,65615484374738
7715495012515,65615521368331
7715528308215,65615558271235
7715561591515,65615594954137
7715594880515,65615631692556
7715628176615,65615668421881
7715661460415,65615705121103
7715694748315,65615741839061
7715728045215,65615778462638
7715761328415,65615815115460
7715794616715,65615851800718
7715827913715,65615888565040
7715861207715,65615926211989
7715894485515,65615963629457
7715927775315,65616001849468
7715961063415,65616040203670
7715994354215,65616077125903
7716027642115,65616113918019
7716060931915,65616150743250
7716094222415,65616187527463
7716127545815,65616224314712
7716160799315,65616263442122
7716194090115,65616301622344
7716227380115,65616339468739
7716260675715,65616377936862
7716293957915,65616415950645
7716327247315,65616452724150
7716360546915,65616489517647
7716393825815,65616526306479
7716427114815,65616563098772
7716460411415,65616600233851
7716493694515,65616637840817
7716526983115,65616679944221
7716560279815,65616717437860
7716593562915,65616754346453
7716626853215,65616791355374
7716660141515,65616828399291
7716693429815,65616865589819
7716726721615,65616903400192
7716760008715,65616940499267
7716793298215,65616977473364
7716826588915,65617014502342
7716859877815,65617051563518
7716893166315,65617093886609
7716926456115,65617134344108
7716959746415,65617175578054
7716993050015,65617217015247
7717026324415,65617254378369
7717059613215,65617291276894
7717092910215,65617328353936
7717126191915,65617365394052
7717159481315,65617402367673
7717192777615,65617444447999
7717226060915,65617483631517
7717259349315,65617523569178
7717292642915,65617562891090
7717325930115,65617602626151
7717359217615,65617641873192
7717392508215,65617681005959
7717425796215,65617720329918
7717459111815,65617759920294
7717492375115,65617798856626
7717525665015,65617838294794
7717558955515,65617875190578
7717592244415,65617912055771
7717625532715,65617948792118
7717658822715,65617985475329
7717692113415,65618022157804
7717725406615,65618058988509
7717758691715,65618098734238
7717791979115,65618137488686
7717825275415,65618174227367
7717858559515,65618211060176
7717891847615,65618247827805
7717925144515,65618284558778
7717958428015,65618321352043
7717991715815,65618358054406
7718025012515,65618397420042
7718058296115,65618436279499
7718091583815,65618475656692
7718124874515,65618514529801
7718158164015,65618553491717
7718191453015,65618590373878
7718224742815,65618627203919
7718258034415,65618664044085
7718291321515,65618700925635
7718324634615,65618738034792
7718357899115,65618774869911
7718391189015,65618811785345
7718424483615,65618848639499
7718457772415,65618885514112
7718491057715,65618922401846
7718524347115,65618959287744
7718557643115,65619001944728
7718590925915,65619042165761
7718624214415,65619083340616
7718657511715,65619123468109
7718690792915,65619163913701
7718724082215,65619204532759
7718757378915,65619244781183
7718790711615,65619285508608
7718823950115,65619325769392
7718857240715,65619366708256
7718890530215,65619403759088
7718923819515,65619440659846
7718957109115,65619477618705
7718990397415,65619514579039
7719023688915,65619551274962
7719056975815,65619588142655
7719090265215,65619624877526
7719123555915,65619661364789
7719156845315,65619697820439
7719190138115,65619734286670
7719223423115,65619770767742
7719256713715,65619807211243
7719290009915,65619843759717
7719323291915,65619880188765
7719356580315,65619916629246
7719389878515,65619953021103
7719423160815,65619989532728
7719456448815,65620026185746
7719489744915,65620062728003
7719523028215,65620099406343
7719556316715,65620136036785
7719589606815,65620173035923
7719622898015,65620209937906
7719656206615,65620246844941
7719689475515,65620283713162
7719722763415,65620320649575
7719756067915,65620361402325
7719789342015,65620399623744
7719822631615,65620436646469
7719855921915,65620473544281
7719889212615,65620510682315
7719922504715,65620547564797
7719955789815,65620584517678
7719989080415,65620628236802
7720022373515,65620669997380
7720055658015,65620710929703
7720088947815,65620751754334
7720122277215,65620792740189
7720155539115,65620833045164
7720188815315,65620873745925
7720222111615,65620914294609
7720255399315,65620954946708
7720288682915,65620996061562
7720321973715,65621033364904
7720355422415,65621070518761
7720388550815,65621107293965
7720421841815,65621144357872
7720455153015,65621181523309
7720488420115,65621222961439
7720521710115,65621263083073
7720554998215,65621303771133
7720588288415,65621340974151
7720621578715,65621377869934
7720654870915,65621414871084
7720688156015,65621451756368
7720721446615,65621488800218
7720754740115,65621525875656
7720788025015,65621562777062
7720821314715,65621599663001
7720854610215,65621636627311
7720887892915,65621673588285
7720921181215,65621710550540
7720954478715,65621747498429
7720987760215,65621784484617
7721021049215,65621821465647
7721054339515,65621858427428
7721087661815,65621899666915
7721120917415,65621938037615
7721154207715,65621976894849
7721187497315,65622016286584
7721220786815,65622055401063
7721254076615,65622094102710
7721287364515,65622133500622
7721320655815,65622170446365
7721353942515,65622207402048
7721387237515,65622244448077
7721420523515,65622281358287
7721453812115,65622318505445
7721487106115,65622355413899
7721520390915,65622396119233
7721553680815,65622435375159
7721586977615,65622474238072
7721620259315,65622513187595
7721653547315,65622552223967
7721686845615,65622591570758
7721720126215,65622631126956
7721753416015,65622668369757
7721786706615,65622705212381
7721819996515,65622742141275
7721853284215,65622779015681
7721886574315,65622816086387
7721919864915,65622853135686
7721953152715,65622890114738
7721986442715,65622926920582
7722019730915,65622963764845
7722053025215,65623000752992
7722086309315,65623037699421
7722119603515,65623074566637
7722152889415,65623111576666
7722186178215,65623148495367
7722219473115,65623185365356
7722252757215,65623225332311
7722286047515,65623263177778
7722319341715,65623301712619
7722352625515,65623340411415
7722385914315,65623379291278
7722419245715,65623418086093
7722452492815,65623457307346
7722485782215,65623496335819
7722519072215,65623535057882
7722552361615,65623574609344
7722585650515,65623613682917
7722618940915,65623650717950
7722652231215,65623687562389
7722685518415,65623724476049
7722718808715,65623761349521
7722752097415,65623798226438
7722785387415,65623835190248
7722818683115,65623874341133
7722851969715,65623912843763
7722885255715,65623951138349
7722918546015,65623989153820
7722951840715,65624027668524
7722985124015,65624065928798
7723018414515,65624104251440
7723051707715,65624142935914
7723084992215,65624181679974
7723118280515,65624220544201
7723151577115,65624257895307
7723184860415,65624294806805
7723218148615,65624331735761
7723251439115,65624368655243
7723284737115,65624405747743
7723318016515,65624442597079
7723351307315,65624480468400
7723384596115,65624517871291
7723417884615,65624554898264
7723451175115,65624591745763
7723484492115,65624628625991
7723517753715,65624665551527
7723551043815,65624707315199
7723584336715,65624747242246
7723617622215,65624787810170
7723650910315,65624828248511
7723684205715,65624869378471
7723717489815,65624910044464
7723750801015,65624950726962
7723784073915,65624987810529
7723817358715,65625024595825
7723850649115,65625061485776
7723883944015,65625098269951
7723917226715,65625135023115
7723950518015,65625172023654
7723983806415,65625212227059
7724017094015,65625251594629
7724050383015,65625291249791
7724083673415,65625331260672
7724116962315,65625369063489
7724150251215,65625406120647
7724183541415,65625442977266
7724216831115,65625479886256
7724250120915,65625516951345
7724283409615,65625553884684
7724316702415,65625593458786
7724349991115,65625633014334
7724383276615,65625672598614
7724416571715,65625712159801
7724449858315,65625751980797
7724483146115,65625789281620
7724516440615,65625826045993
7724549724915,65625862863609
7724583014715,65625899725393
7724616327615,65625936544852
7724649592715,65625973421421
7724682881315,65626010279293
7724716179115,65626047120469
7724749460215,65626083894847
7724782749415,65626120710436
7724816039715,65626158822127
7724849328715,65626200336099
7724882617715,65626242262844
7724915907715,65626284172377
7724949197815,65626325958276
7724982486015,65626367154517
7725015776515,65626404325431
7725049069215,65626441073183
7725082388715,65626477932677
7725115643415,65626514710485
7725148938315,65626551714530
7725182222615,65626593636222
7725215512615,65626633410237
7725248806615,65626674674694
7725282091315,65626715047381
7725315381515,65626755893399
7725348674615,65626796406792
7725381959115,65626837229337
7725415247715,65626878519374
7725448538015,65626919503672
7725481827315,65626960559333
7725515115815,65627001499851
7725548406115,65627038488441
7725581695215,65627075316016
7725614984015,65627112259565
7725648274115,65627149070129
7725681563415,65627185836717
7725714851915,65627227729327
7725748142615,65627267252840
7725781436515,65627307864384
7725814720915,65627348150095
7725848013315,65627388654440
7725881305015,65627429341017
7725914590615,65627469780167
7725947900415,65627509929950
7725981173315,65627550586750
7726014457715,65627590436254
7726047761515,65627631579237
7726081041615,65627668499781
7726114325515,65627705520510
7726147615015,65627742497326
7726180904515,65627779522639
7726214194515,65627816538392
7726247482015,65627858390485
7726280773015,65627898151047
7726314060815,65627938500891
7726347350715,65627978702305
7726380640415,65628019066052
7726413929915,65628059610797
7726447217815,65628099861842
7726480509015,65628140159980
7726513802415,65628180686724
7726547088715,65628220876021
7726580376415,65628261223242
7726613671015,65628298494040
7726646956715,65628335415867
7726680244315,65628372317601
7726713539115,65628409480175
7726746824015,65628446486014
7726780112815,65628488452955
7726813407815,65628528013734
7726846691915,65628565258666
7726879981515,65628602139861
7726913271215,65628639257043
7726946559915,65628676189731
7726979848415,65628713093924
7727013140115,65628755354531
7727046427815,65628795998541
7727079716515,65628833685356
7727113006915,65628870603602
7727146296415,65628907642512
7727179584515,65628944592590
7727212875315,65628981453623
7727246170815,65629018395202
7727279452815,65629055261281
7727312742815,65629092110007
7727346037615,65629128909331
7727379359415,65629165821751
7727412610515,65629202503721
7727445905715,65629239248909
7727479190715,65629276020586
7727512480615,65629312968946
7727545773915,65629349716422
7727579058415,65629386451451
7727612347915,65629423208550
7727645636115,65629463907979
7727678926715,65629502956299
7727712216215,65629539943209
7727745508515,65629576626971
7727778793415,65629613384430
7727812083015,65629650108911
7727845373515,65629687041722
7727878663715,65629725949611
7727911951215,65629763477157
7727945241415,65629801100907
7727978536215,65629838558699
7728011818715,65629876111592
7728045109415,65629913534589
7728078433115,65629950539442
7728111688315,65629987336612
7728144978115,65630024348695
7728178272315,65630061103033
7728211556315,65630097853165
7728244845715,65630134614401
7728278140415,65630171330928
7728311424715,65630208321311
7728344713815,65630245320532
7728378001815,65630282351827
7728411292615,65630319388383
7728444581315,65630356403080
7728477871815,65630393387800
7728511161415,65630430358484
7728544449715,65630467253135
7728577739915,65630504280394
7728611027815,65630541286170
7728644317315,65630578264877
7728677607915,65630615305645
7728710937315,65630652120077
7728744185815,65630688850893
7728777475815,65630725650603
7728810800215,65630762480205
7728844054515,65630799463273
7728877344515,65630836498821
7728910638215,65630873434026
7728943924115,65630910474308
7728977211515,65630947509564
7729010506815,65630984566367
7729043791415,65631021600293
7729077080315,65631058655790
7729110368215,65631095429962
7729143659315,65631132222762
7729176948815,65631168962764
7729210238515,65631205671825
7729243527315,65631242375770
7729276816115,65631279397678
7729310107315,65631316649085
7729343394015,65631353587953
7729376684115,65631390305706
7729409974715,65631427006473
7729443268115,65631463937315
7729476551915,65631500907575
7729509841815,65631537946219
7729543139315,65631574711617
7729576424615,65631611482230
7729609710315,65631648154161
7729643022215,65631685105094
7729676289315,65631721745023
7729709577715,65631758409895
7729742873115,65631795007546
7729776157615,65631831595792
7729809446715,65631868152798
7729842735115,65631905052203
7729876025615,65631941954444
7729909315815,65631978822565
7729942603415,65632015653401
7729975893615,65632052529567
7730009181915,65632089389122
7730042514315,65632126285366
7730075761115,65632163145307
7730109050315,65632200043118
7730142340615,65632236957979
7730175633815,65632273836900
7730208918315,65632310443253
7730242209015,65632347213294
7730275505715,65632383894852
7730308786415,65632420504614
7730342076815,65632457097571
7730375371215,65632493720444
7730408664115,65632531330044
7730441944915,65632568392325
7730475239715,65632605449304
7730508524115,65632642802855
7730541814115,65632680022194
7730575101115,65632717596065
7730608392115,65632754905831
7730641682215,65632792795549
7730674969315,65632830391168
7730708259915,65632868066535
7730741548415,65632905021429
7730774838115,65632941890018
7730808128515,65632978859890
7730841416415,65633015633465
7730874707215,65633052360981
7730908015115,65633089267581
7730941284815,65633127586655
7730974575215,65633164609875
7731007871115,65633201865325
7731041152615,65633239025511
7731074442915,65633276542808
7731107767215,65633313878549
7731141021815,65633351461019
7731174311215,65633388880370
7731207605615,65633426538472
7731240890015,65633463840419
7731274178615,65633500547615
7731307468015,65633537262178
7731340758215,65633574009438
7731374075615,65633610747019
7731407335815,65633647486615
7731440626315,65633684373744
7731473917315,65633721059389
7731507205115,65633757841929
7731540497515,65633794609345
7731573783415,65633834605168
7731607074215,65633872161700
7731640364415,65633908950413
7731673651115,65633945811798
7731706941515,65633982502924
7731740236615,65634019231218
7731773519615,65634056098520
7731806809715,65634092879170
7731840105315,65634129739899
7731873389215,65634173259502
7731906677815,65634215533385
7731939972315,65634258217808
7731973257315,65634300804069
7732006545115,65634343245598
7732039834315,65634382082241
7732073123415,65634418858135
7732106414215,65634455650695
7732139702415,65634492685710
7732172992815,65634536318955
7732206282515,65634578765000
7732239598915,65634621394793
7732272860915,65634658869662
7732306149415,65634695619256
7732339447615,65634732469314
7732372731115,65634769275190
7732406017615,65634812598042
7732439307715,65634854788848
7732472603515,65634897263089
7732505885415,65634939583613
7732539175815,65634981893737
7732572472715,65635024236049
7732605754115,65635066616382
7732639044215,65635108742875
7732672342615,65635150872156
7732705658115,65635192882428
7732738911215,65635234826333
7732772200315,65635277140278
7732805490715,65635315479969
7732838780215,65635352317364
7732872068615,65635389129317
7732905359315,65635425991134
7732938649415,65635462753359
7732971936715,65635499633585
7733005227415,65635536546804
7733038515815,65635573394271
7733071806115,65635610268522
7733105097815,65635647129454
7733138383615,65635684054479
7733171674215,65635720999237
7733204970515,65635757863138
7733238251915,65635794675091
7733271542515,65635831551626
7733304837715,65635868473559
7733338120415,65635905313301
7733371410815,65635942090265
7733404706515,65635978993969
7733437991515,65636015996776
7733471278215,65636052812532
7733504566515,65636089713443
7733537872815,65636126639019
7733571169015,65636169593251
7733604435215,65636211072680
7733637725415,65636253303342
7733671033215,65636295385890
7733704303115,65636337309848
7733737593615,65636379549960
7733770882815,65636421630979
7733804172415,65636458440640
7733837464215,65636495263023
7733870750115,65636532062321
7733904040515,65636568914788
7733937334715,65636605893703
7733970618415,65636642789965
7734003908815,65636679713416
7734037237915,65636716612734
7734070486415,65636759503800
7734103776915,65636799530552
7734137072415,65636840132684
7734170356615,65636881374440
7734203645215,65636918669710
7734236933315,65636955564891
7734270224315,65636992416909
7734303512215,65637029257816
7734336801415,65637066207756
7734370091515,65637103125394
7734403381215,65637140054022
7734436669415,65637176977262
7734469960415,65637220419499
7734503249415,65637262109146
7734536539315,65637304158911
7734569845615,65637345947514
7734603116215,65637387885306
7734636407415,65637429565534
7734669700815,65637471797142
7734702984715,65637513648331
7734736275215,65637555556757
7734769570815,65637593637005
7734802852915,65637630487560
7734836143215,65637667530371
7734869440215,65637704561348
7734902720915,65637746517050
7734936011515,65637786091966
7734969299815,65637827007678
7735002627715,65637867561995
7735035878415,65637908179900
7735069167915,65637948826696
7735102457515,65637989240584
7735135748515,65638026696294
7735169036015,65638063569067
7735202326315,65638100456190
7735235615715,65638137138504
7735268903815,65638173956869
7735302196515,65638210787406
7735335497215,65638247616771
7735368773315,65638284450552
7735402066915,65638327584322
7735435351315,65638369380759
7735468641715,65638411260925
7735501938215,65638453141199
7735535219215,65638490520322
7735568509315,65638527276076
7735601807015,65638564138046
7735635087115,65638600907551
7735668377415,65638642879956
7735701666115,65638680936568
7735734956115,65638717934505
7735768246115,65638754912074
7735801534215,65638791888511
7735834824615,65638828825224
7735868113315,65638865787089
7735901402215,65638905039699
7735934692415,65638943216825
7735967982115,65638981621093
7736001270115,65639020312271
7736034562815,65639059172373
7736067849515,65639096073103
7736101155315,65639132976418
7736134435015,65639169777886
7736167717215,65639206656239
7736201007915,65639243553601
7736234302015,65639280511760
7736267585615,65639317566445
7736300875715,65639354409841
7736334203315,65639391373332
7736367453215,65639428189497
7736400744415,65639471084481
7736434033515,65639511977914
7736467322715,65639553345916
7736500611915,65639593800115
7736533901015,65639633438055
7736567192015,65639673299594
7736600479015,65639713079112
7736633768315,65639752166514
7736667059215,65639791608737
7736700348215,65639830769162
7736733636715,65639870134631
7736766928815,65639909569927
7736800216815,65639947534867
7736833506715,65639984529609
7736866807415,65640021422132
7736900083515,65640058251863
7736933374615,65640095240126
7736966668415,65640132134867
7736999951915,65640169029438
7737033242215,65640205884746
7737066539115,65640242769502
7737099819815,65640279641487
7737133110315,65640316786795
7737166401115,65640353776321
7737199699115,65640390674817
7737232978215,65640427528477
7737266266715,65640464460886
7737299557215,65640504943783
7737332845315,65640545454947
7737366135015,65640585444878
7737399425315,65640624866543
7737432715015,65640664138152
7737466003215,65640703096280
7737499296115,65640742702617
7737532583815,65640781493549
7737565870715,65640820564745
7737599167315,65640859694127
7737632449915,65640899931707
7737665763515,65640939209276
7737699034615,65640976412946
7737732317915,65641013426946
7737765608615,65641050302012
7737798905115,65641087145007
7737832186615,65641123969985
7737865476815,65641161984257
7737898771315,65641203331326
7737932054515,65641243744530
7737965344615,65641280759803
7737998636915,65641317693045
7738031923515,65641354606774
7738065212415,65641391514966
7738098501515,65641428553448
7738131792315,65641470233214
7738165081915,65641510348178
7738198369315,65641551398527
7738231661815,65641591919577
7738264950315,65641631085385
7738298237515,65641670687403
7738331533515,65641710469323
7738364816715,65641748070706
7738398106315,65641784891447
7738431402115,65641821818618
7738464684815,65641858869435
7738497975015,65641896003606
7738531290015,65641936422317
7738564552515,65641974748116
7738597843115,65642013769042
7738631133115,65642052407598
7738664420715,65642091339146
7738697711215,65642130372083
7738731000615,65642169634558
7738764290115,65642206752696
7738797578915,65642243624113
7738830867715,65642280501188
7738864158115,65642317334306
7738897446515,65642354354315
7738930735715,65642396287690
7738964027815,65642435672099
7738997348015,65642472640466
7739030603915,65642509402098
7739063900015,65642546254893
7739097185415,65642583062966
7739130473515,65642619953578
7739163768915,65642657096434
7739197052815,65642694062843
7739230342415,65642730957395
7739263636015,65642767857709
7739296918915,65642806336072
7739330209415,65642846568647
7739363498615,65642883637135
7739396786815,65642920415755
7739430077315,65642957234376
7739463367415,65642994048038
7739496657315,65643030894153
7739529945515,65643067805649
7739563233915,65643104671250
7739596525015,65643141671963
7739629812915,65643178522823
7739663102315,65643215367641
7739696393915,65643252381955
7739729681715,65643289293557
7739762970315,65643326227970
7739796266415,65643363165433
7739829551415,65643400117167
7739862860815,65643442139872
7739896137615,65643480993307
7739929418715,65643517858230
7739962724915,65643554653824
7739996001815,65643591429930
7740029285315,65643628319981
7740062576015,65643665229919
7740095864515,65643702122421
7740129153415,65643739104546
7740162444015,65643776160021
7740195734015,65643813130644
7740229021315,65643850030079
7740262312115,65643887027467
7740295600215,65643923878486
7740328890115,65643960710081
7740362178915,65643997968465
7740395468215,65644034857926
7740428760015,65644071859291
7740462049115,65644108854960
7740495336615,65644145782630
7740528632515,65644182706307
7740561917115,65644219694836
7740595204215,65644256559914
7740628501015,65644293453512
7740661790715,65644330374177
7740695073215,65644367287066
7740728369415,65644408366400
7740761651515,65644447834648
7740794942315,65644487738467
7740828231815,65644524691509
7740861519815,65644561678123
7740894810615,65644598564423
7740928099715,65644635500529
7740961387915,65644672406501
7740994678015,65644709388700
7741027968015,65644746305620
7741061257015,65644783276357
7741094546515,65644820322881
7741127834515,65644857299411
7741161126715,65644894253304
7741194413815,65644931148752
7741227702915,65644968184363
7741260999115,65645005131146
7741294312615,65645044389466
7741327570915,65645082138601
7741360867615,65645119046620
7741394150815,65645156063368
7741427442015,65645192941248
7741460736215,65645229868208
7741494019415,65645266795021
7741527308615,65645303851704
7741560597215,65645340836425
7741593886215,65645377794997
7741627176615,65645414717643
7741660465615,65645451699531
7741693754215,65645494136190
7741727045115,65645533299486
7741760334215,65645573862466
7741793624215,65645613200454
7741826912615,65645652174445
7741860201215,65645691173747
7741893494315,65645729981895
7741926780315,65645768474226
7741960069415,65645807186825
7741993365115,65645847343513
7742026649115,65645887592733
7742059937215,65645925007397
7742093234215,65645961963210
7742126517315,65645998897475
7742159805915,65646035861753
7742193102615,65646072804808
7742226384215,65646114110234
7742259674515,65646152390909
7742292963415,65646191057068
7742326252615,65646230140289
7742359542715,65646269058820
7742392832315,65646307907869
7742426120515,65646346629150
7742459411215,65646385476741
7742492701715,65646424903871
7742525989115,65646464244125
7742559278915,65646503655055
7742592567715,65646541148694
7742625883615,65646578261806
7742659146215,65646615422273
7742692435815,65646652216226
7742725731615,65646688979657
7742759016715,65646725779939
7742792303415,65646763103310
7742825599615,65646800363643
7742858883715,65646837798829
7742892171915,65646874689761
7742925468715,65646911687124
7742958759515,65646948694018
7742992040915,65646985733580
7743025330015,65647022743407
7743058618815,65647059754260
7743091909515,65647096736985
7743125199715,65647133607482
7743158486915,65647170572708
7743191777515,65647207274155
7743225067915,65647243962969
7743258354915,65647280677330
7743291645815,65647317325531
7743324937415,65647354178187
7743358225215,65647391199040
7743391513815,65647428392721
7743424802015,65647465050160
7743458098315,65647501716375
7743491391415,65647538377714
7743524670115,65647574981444
7743557966115,65647611843602
7743591249615,65647648775487
7743624538515,65647685927749
7743657835115,65647725115007
7743691126415,65647761819799
7743724406915,65647798727383
7743757697215,65647835615007
7743790985015,65647872533794
7743824275315,65647909492063
7743857563815,65647946228000
7743890853715,65647982860077
7743924143815,65648019624032
7743957461015,65648056392809
7743990721215,65648093025722
7744024012015,65648129744174
7744057301715,65648166420920
7744090592315,65648203115537
7744123879515,65648239915570
7744157168515,65648279315943
7744190466115,65648316379864
7744223747015,65648353550094
7744257036415,65648390185089
7744290332615,65648426753944
7744323615915,65648463745237
7744356904415,65648500657591
7744390201515,65648537760713
7744423486215,65648575038038
7744456774315,65648611918729
7744490063215,65648648839039
7744523351515,65648685704262
7744556642915,65648723321919
7744589930315,65648759982785
7744623219815,65648796690120
7744656510215,65648833447572
7744689800115,65648870286903
7744723088015,65648907112535
7744756378315,65648943874526
7744789668615,65648982589126
7744822980415,65649019502164
7744856258815,65649056411385
7744889534815,65649093248764
7744922831215,65649130004217
7744956113315,65649166633399
7744989403115,65649203990460
7745022698815,65649241163069
7745055982515,65649277988522
7745089270915,65649314627870
7745122567515,65649351247381
7745155851615,65649387820417
7745189138915,65649424382704
7745222433215,65649461035438
7745255717915,65649497978871
7745289065015,65649537971647
7745322296815,65649576231073
7745355585815,65649613177811
7745388876515,65649650083388
7745422165815,65649687041946
7745455453815,65649723989866
7745488744915,65649760885609
7745522034615,65649797862092
7745555322515,65649834995726
7745588612615,65649871646653
7745621901115,65649908329725
7745655197215,65649944979590
7745688480415,65649981983853
7745721769315,65650018960478
7745755065215,65650055926761
7745788349615,65650092969136
7745821637215,65650130052413
7745854933815,65650166991320
7745888219915,65650203832783
7745921505615,65650240755868
7745954795815,65650279899808
7745988112315,65650316540128
7746021373915,65650353251009
7746054664015,65650389895031
7746087952515,65650426702124
7746121242915,65650463404090
7746154558815,65650500719467
7746187820515,65650537596337
7746221111015,65650574826539
7746254414315,65650612116434
7746287688615,65650649057227
7746320979015,65650686402142
7746354268715,65650723156204
7746387564615,65650760129952
7746420846715,65650797496906
7746454135515,65650834263813
7746487432615,65650871215186
7746520714215,65650907950061
7746554003515,65650945054506
7746587300215,65650982008012
7746620620615,65651018972484
7746653871415,65651055954677
7746687165815,65651092961203
7746720452915,65651129901938
7746753752215,65651166888558
7746787030415,65651203830330
7746820318615,65651240821608
7746853610415,65651277808277
7746886897515,65651314541645
7746920187115,65651351422706
7746953477015,65651388451106
7746986766615,65651425455694
7747020054915,65651462660840
7747053345415,65651499669067
7747086635215,65651539628391
7747119931015,65651576510397
7747153213615,65651613586814
7747186502215,65651650551485
7747219799315,65651687854951
7747253080215,65651728537907
7747286370215,65651765575918
7747319666415,65651802522872
7747352951315,65651839544084
7747386237515,65651877003765
7747419535215,65651913672133
7747452819315,65651950294305
7747486106615,65651987131851
7747519398315,65652023759066
7747552685015,65652060360146
7747586000115,65652097266705
7747619264015,65652134155420
7747652553215,65652174136326
7747685843715,65652211331707
7747719133315,65652248202400
7747752421615,65652285113202
7747785711715,65652321958021
7747819002015,65652359098869
7747852296615,65652395756998
7747885583615,65652432456540
7747918868715,65652469190243
7747952164615,65652505937733
7747985447015,65652542608982
7748018736315,65652579256841
7748052032815,65652616143820
7748085317615,65652653564181
7748118604715,65652690390076
7748151898415,65652727267146
7748185185015,65652763957734
7748218472515,65652800852525
7748251763015,65652837856357
7748285069615,65652874699282
7748318341115,65652911597794
7748351631115,65652948491447
7748384919515,65652985245299
7748418210315,65653022310594
7748451498915,65653059217165
7748484787815,65653096284085
7748518078315,65653133032336
7748551367515,65653169693903
7748584663115,65653206586668
7748617946715,65653243453105
7748651235915,65653280299491
7748684531215,65653317190525
7748717814715,65653353907196
7748751102815,65653390858170
7748784399515,65653427742893
7748817681215,65653464596993
7748850970715,65653501464656
7748884264515,65653538381693
7748917585115,65653575178037
7748950839115,65653611786818
7748984129615,65653648450244
7749017419115,65653685503551
7749050708115,65653722586757
7749083997515,65653761072679
7749117286115,65653798230684
7749150581815,65653835281835
7749183864515,65653872451577
7749217154215,65653909513990
7749250444515,65653946669100
7749283733815,65653983368769
7749317027615,65654020065028
7749350312415,65654056796838
7749383602015,65654093640284
7749416899215,65654133339476
7749450180915,65654172569443
7749483469515,65654211701337
7749516767515,65654251842740
7749550047715,65654290599295
7749583337515,65654329336184
7749616633815,65654368508663
7749649916715,65654406351122
7749683205415,65654443361063
7749716495715,65654480345610
7749749785315,65654517335409
7749783081315,65654554429660
7749816363815,65654591560332
7749849652415,65654628970543
7749882942515,65654667252681
7749916231415,65654705489042
7749949520615,65654743106341
7749982810915,65654780034610
7750016099915,65654816881729
7750049393915,65654853852881
7750082679215,65654890873353
7750115969215,65654927855014
7750149262415,65654964855231
7750182547115,65655001735471
7750215835615,65655038639448
7750249154915,65655075552502
7750282414615,65655112425113
7750315703515,65655151471699
7750349000115,65655190464904
7750382284515,65655228977243
7750415571915,65655266453216
7750448862115,65655305173638
7750482151815,65655342088769
7750515439815,65655381472315
7750548730515,65655418448432
7750582042515,65655455384496
7750615308715,65655492238394
7750648598515,65655529101045
7750681887315,65655566107462
7750715177115,65655605356605
7750748467615,65655643170959
7750781760015,65655682938910
7750815045515,65655722061484
7750848335415,65655759199825
7750881628515,65655798120003
7750914913615,65655835010760
7750948202515,65655872601663
7750981498615,65655910754930
7751014782015,65655947740056
7751048070215,65655986232611
7751081366815,65656023161374
7751114661315,65656060065128
7751147938215,65656096952264
7751181228315,65656133915376
7751214519215,65656170804685
7751247806215,65656207672351
7751281096515,65656247995139
7751314408615,65656285802493
7751347675315,65656322570129
7751380965315,65656359388793
7751414253615,65656396408744
7751447543815,65656433510032
7751480831915,65656470327217
7751514126115,65656507154590
7751547411315,65656543962969
7751580725715,65656580887361
7751613994815,65656617847278
7751647280315,65656655274427
7751680572615,65656698318048
7751713865715,65656737839389
7751747148215,65656778831205
7751780436815,65656819605056
7751813733715,65656860199182
7751847016915,65656900856690
7751880304415,65656941350170
7751913594915,65656979669325
7751946884315,65657021808365
7751980172815,65657058699536
7752013462815,65657095660034
7752046752815,65657132943650
7752080042515,65657169848868
7752113330615,65657206786901
7752146619615,65657244011924
7752179911015,65657281277454
7752213198115,65657318642681
7752246492415,65657356013439
7752279778515,65657393357496
7752313068715,65657430629128
7752346361215,65657467908782
7752379646215,65657505196506
7752412937015,65657542511991
7752446250515,65657579544291
7752479514115,65657616587268
7752512803115,65657656403413
7752546100615,65657693380686
7752579383715,65657730455223
7752612671015,65657767360405
7752645961115,65657804446793
7752679250715,65657841398053
7752712539315,65657878502694
7752745829515,65657918444193
7752779119715,65657955449519
7752812406815,65657992425544
7752845697515,65658029390090
7752878986115,65658066498628
7752912309015,65658103956720
7752945565015,65658140742519
7752978858815,65658177908308
7753012144515,65658215065832
7753045434015,65658252267419
7753078727915,65658289494860
7753112012315,65658327913672
7753145303015,65658366255174
7753178596615,65658404726961
7753211880315,65658442847276
7753245169315,65658480846686
7753278465715,65658519232024
7753311749015,65658556006839
7753345037015,65658592902128
7753378327615,65658629661008
7753411617415,65658666423496
7753444905515,65658703254326
7753478195815,65658740043107
7753511485715,65658776820843
7753544773515,65658813580552
7753578086915,65658850368303
7753611381215,65658887159324
7753644642715,65658923882711
7753677932215,65658961234090
7753711224915,65658999024404
7753744510515,65659040837922
7753777821415,65659082039325
7753811094815,65659124154973
7753844379015,65659164968507
7753877684215,65659206066313
7753910962715,65659242972555
7753944247415,65659279806065
7753977536615,65659316625701
7754010832515,65659353459643
7754044115615,65659390282088
7754077403815,65659427151386
7754110694015,65659469285647
7754143982515,65659509328451
7754177271915,65659550021130
7754210562715,65659590627891
7754243887115,65659631413438
7754277139815,65659672556650
7754310430315,65659713514634
7754343731915,65659750728564
7754377009815,65659787614354
7754410298315,65659824530311
7754443591615,65659861652801
7754476878015,65659898688301
7754510165615,65659935735770
7754543460615,65659976084776
7754576747115,65660013545502
7754610034615,65660050252174
7754643329515,65660086933325
7754676613715,65660123627328
7754709903315,65660160281162
7754743199515,65660196933159
7754776481215,65660234493263
7754809770015,65660271274678
7754843061115,65660307902514
7754876349015,65660344687120
7754909638215,65660381469153
7754942928915,65660418135899
7754976217615,65660457224757
7755009506215,65660495286930
7755042796715,65660533340104
7755076087115,65660571729050
7755109374215,65660609963829
7755142664115,65660648336212
7755175958015,65660686876946
7755209271315,65660725099299
7755242531915,65660762938914
7755275827515,65660799979579
7755309111215,65660837050556
7755342401315,65660873741040
7755375695615,65660910465017
7755408980015,65660947231019
7755442270015,65660983976653
7755475580215,65661020767440
7755508847915,65661057480877
7755542136515,65661094163395
7755575426415,65661130889664
7755608715315,65661167570004
7755642004315,65661204300113
7755675295515,65661243605407
7755708585115,65661281262427
7755741872315,65661319696202
7755775162915,65661356293054
7755808453115,65661393060167
7755841740615,65661429665910
7755875030615,65661466453272
7755908352815,65661503114441
7755941609815,65661541265230
7755974899315,65661579574337
7756008193215,65661617488457
7756041478015,65661655407159
7756074767415,65661693364501
7756108061915,65661731365949
7756141347915,65661769489265
7756174635515,65661807607140
7756207929915,65661845642746
7756241214515,65661883447971
7756274504215,65661921931607
7756307793215,65661959643812
7756341082915,65661996613291
7756374370815,65662034056429
7756407661515,65662070769863
7756440949015,65662107514346
7756474238715,65662144228330
7756507529215,65662181032653
7756540839415,65662217871924
7756574106715,65662254952297
7756607397515,65662292020925
7756640719615,65662333941217
7756673976215,65662374594216
7756707265415,65662414750854
7756740560015,65662455167046
7756773845615,65662495724250
7756807132415,65662535915102
7756840427815,65662573316274
7756873712715,65662610276352
7756907001715,65662647187200
7756940296115,65662684146756
7756973580615,65662721146380
7757006869915,65662758162506
7757040160615,65662799944581
7757073449115,65662839716290
7757106736515,65662880284532
7757140028515,65662920509498
7757173315615,65662960918756
7757206605415,65663001147090
7757239895715,65663038609672
7757273184915,65663075537302
7757306473315,65663112479495
7757339763715,65663149408949
7757373061115,65663186400109
7757406345615,65663223352057
7757439631515,65663265005122
7757472925815,65663304859873
7757506210815,65663344922547
7757539499315,65663383577112
7757572794515,65663423390933
7757606079115,65663460362781
7757639368415,65663497253021
7757672662715,65663534131894
7757705947315,65663570956991
7757739237215,65663608106354
7757772524715,65663644860729
7757805815415,65663684215155
7757839103615,65663721203298
7757872420115,65663761245110
7757905682215,65663801164381
7757938971315,65663838477348
7757972262115,65663875546766
7758005552115,65663913371973
7758038839715,65663955806971
7758072130015,65663997660360
7758105423715,65664035927058
7758138708115,65664073624336
7758171997915,65664110386385
7758205322415,65664147172808
7758238577015,65664183948385
7758271866115,65664220844925
7758305161115,65664257993391
7758338445315,65664294987819
7758371735415,65664332005575
7758405029415,65664370587860
7758438313715,65664407510651
7758471603915,65664444377870
7758504890915,65664481243586
7758538181715,65664518047622
7758571469715,65664554852881
7758604760415,65664591851418
7758638049915,65664628689044
7758671337915,65664665540336
7758704628815,65664702392769
7758737935415,65664739316053
7758771205715,65664776249931
7758804496715,65664813574505
7758837790215,65664850709785
7758871074415,65664887551725
7758904366115,65664925194782
7758937688115,65664962221170
7758970943215,65664999078608
7759004232215,65665036299674
7759037527015,65665073451371
7759070811515,65665110685123
7759104100215,65665147883544
7759137395115,65665185167463
7759170679915,65665222395966
7759203994215,65665259566447
7759237256815,65665296641339
7759270548015,65665333732202
7759303837215,65665370732901
7759337126715,65665407833907
7759370416515,65665446570169
7759403704015,65665489005776
7759436996215,65665530144532
7759470283215,65665571970763
7759503572615,65665609129634
7759536863115,65665646208883
7759570155215,65665683167764
7759603440515,65665720138532
7759636731015,65665757272827
7759670034415,65665797790499
7759703310515,65665834626961
7759736599415,65665871576534
7759769893415,65665908539289
7759803178515,65665946172336
7759836466015,65665982965639
7759869761815,65666019779731
7759903046215,65666056640539
7759936336915,65666093488471
7759969623815,65666130268005
7760002914715,65666167352082
7760036208715,65666204177355
7760069520415,65666241485578
7760102782015,65666278701664
7760136070615,65666315760161
7760169373615,65666352880944
7760202649615,65666394667940
7760235938915,65666434473096
7760269229415,65666474058164
7760302523015,65666514461288
7760335806715,65666554513456
7760369097715,65666593291844
7760402393715,65666634100591
7760435675015,65666674985899
7760468965715,65666714804507
7760502260315,65666752651063
7760535577815,65666789922644
7760568832915,65666826957936
7760602128115,65666864094648
7760635412715,65666901200180
7760668701715,65666938214585
7760701990015,65666975396713
7760735280715,65667012377735
7760768571115,65667053895379
7760801858315,65667095093836
7760835148315,65667132282405
7760868437115,65667169188705
7760901727315,65667206048310
7760935017315,65667243093052
7760968305315,65667279987952
7761001596015,65667316850032
7761034889515,65667353644955
7761068173615,65667390500986
7761101463415,65667427610890
7761134760115,65667464972758
7761168041815,65667502395908
7761201331915,65667539083774
7761234656315,65667575966319
7761267910615,65667612829646
7761301200515,65667649606528
7761334495015,65667686483116
7761367778515,65667723544202
7761401089915,65667760452925
7761434356515,65667797340126
7761467647215,65667834075472
7761500953715,65667870996992
7761534225115,65667907648171
7761567516315,65667944496290
7761600804715,65667981091190
7761634094115,65668018154224
7761667382915,65668054940994
7761700671315,65668091595451
7761733962215,65668128291925
7761767253015,65668164953922
7761800539915,65668202028238
7761833830015,65668240267339
7761867160415,65668278395670
7761900407515,65668316561563
7761933698715,65668354721580
7761966994815,65668391488192
7762000278415,65668428495993
7762033566615,65668465218521
7762066861215,65668501957735
7762100145615,65668538690239
7762133433315,65668575436111
7762166723015,65668612153396
7762200013315,65668648909927
7762233302715,65668685642576
7762266591315,65668722323324
7762299881615,65668759020200
7762333171215,65668795698310
7762366460215,65668832381361
7762399750215,65668869271549
7762433038015,65668905992544
7762466328715,65668942696853
7762499619315,65668979465811
7762532906315,65669016150039
7762566196815,65669053116050
7762599492015,65669089828179
7762632774015,65669126528035
7762666064815,65669163279634
7762699361115,65669200005090
7762732642715,65669236706577
7762765933115,65669273381190
7762799227715,65669310214200
7762832541915,65669347104401
7762865800315,65669383892291
7762899088915,65669420757790
7762932379715,65669457774106
7762965668615,65669494761849
7762998957215,65669531853012
7763032247915,65669568898995
7763065537915,65669606390057
7763098825415,65669643458627
7763132116215,65669680722396
7763165404515,65669717757815
7763198694415,65669754835714
7763231986115,65669791761599
7763265272515,65669828790093
7763298562715,65669865693031
7763331860415,65669903908436
7763365140615,65669941920593
7763398431115,65669979199287
7763431728015,65670016960977
7763465011915,65670054810918
7763498298415,65670092428226
7763531594015,65670130039757
7763564879215,65670167796029
7763598167315,65670205248231
7763631455615,65670242740132
7763664746215,65670279685617
7763698035515,65670316600803
7763731323515,65670353508157
7763764614115,65670390508213
7763797903715,65670427346905
7763831191815,65670464673097
7763864482715,65670501609773
7763897771815,65670540078777
7763931060915,65670577607327
7763964353215,65670615500597
7763997638815,65670653447350
7764030929215,65670691116931
7764064223415,65670727995236
7764097506815,65670764925902
7764130797515,65670801785981
7764164120915,65670838798915
7764197374915,65670875600605
7764230665615,65670912521231
7764263992015,65670949404250
7764297245215,65670988091397
7764330534215,65671026417658
7764363822115,65671064820572
7764397112915,65671103269238
7764430400915,65671140918877
7764463690115,65671177895366
7764496980615,65671214801296
7764530269215,65671251683451
7764563558115,65671288326951
7764596848515,65671324990205
7764630137515,65671361692900
7764663427915,65671398441541
7764696719515,65671435063541
7764730005315,65671472192787
7764763296615,65671509141204
7764796589415,65671546109701
7764829873515,65671582708746
7764863163915,65671619241204
7764896458715,65671655836419
7764929741615,65671692448767
7764963031715,65671729048663
7764996328215,65671765702013
7765029613515,65671802361965
7765062900215,65671839059738
7765096188515,65671875710487
7765129486015,65671912404917
7765162767315,65671949115095
7765196056615,65671987027751
7765229347115,65672024102142
7765262635715,65672061343189
7765295924715,65672098839621
7765329215015,65672136309618
7765362521315,65672173643989
7765395792615,65672210995690
7765429085515,65672247749113
7765462371515,65672284869414
7765495703315,65672321829683
7765528956215,65672358734484
7765562239515,65672395543741
7765595529815,65672432444575
7765628827315,65672469757502
7765662107815,65672509792387
7765695397815,65672550143278
7765728694015,65672590728482
7765761976315,65672631355873
7765795265815,65672668390751
7765828556015,65672705285495
7765861845115,65672742115481
7765895134015,65672778985401
7765928422715,65672815837098
7765961713215,65672852754230
7765995003515,65672894657973
7766028291015,65672934277576
7766061581215,65672974813998
7766094871615,65673014744407
7766128158715,65673054908758
7766161451615,65673094227747
7766194738115,65673134139971
7766228028215,65673174271338
7766261323515,65673214155714
7766294606015,65673254078587
7766327896515,65673291842675
7766361201515,65673328735942
7766394474115,65673365517014
7766427764615,65673402398527
7766461060715,65673439312042
7766494343615,65673476135618
7766527632115,65673517632297
7766560922515,65673557003882
7766594211315,65673597153795
7766627501315,65673637092978
7766660789515,65673676902267
7766694079715,65673714592840
7766727367715,65673751340737
7766760657215,65673788157787
7766793948015,65673824942009
7766827264415,65673861886800
7766860525315,65673898731932
7766893833015,65673941123432
7766927105415,65673977759541
7766960394315,65674014438748
7766993689515,65674051132140
7767026972415,65674087824155
7767060264215,65674124495270
7767093557115,65674161301654
7767126840215,65674199620981
7767160131215,65674236876996
7767193426415,65674274466414
7767226708915,65674311761921
7767259999215,65674349480204
7767293288615,65674390947142
7767326578315,65674431792173
7767359866915,65674471520209
7767393155615,65674510533471
7767426446715,65674551507933
7767459734215,65674588460428
7767493023815,65674625751025
7767526314015,65674662658072
7767559604715,65674699641016
7767592891715,65674736715411
7767626184015,65674773401660
7767659472715,65674812362134
7767692779515,65674849916415
7767726055815,65674886817760
7767759339115,65674924895462
7767792640215,65674962512580
7767825923415,65675000270516
7767859206915,65675038049940
7767892497815,65675075976178
7767925793215,65675114031266
7767959075115,65675152055550
7767992365515,65675188835424
7768025659815,65675225538459
7768058943015,65675262224563
7768092233615,65675298915929
7768125521715,65675335996697
7768158861815,65675373364765
7768192100715,65675412182699
7768225390015,65675453166562
7768258680215,65675494049604
7768291969915,65675531699585
7768325258315,65675568569959
7768358550515,65675605438789
7768391838815,65675642341258
7768425126115,65675679332654
7768458422615,65675716224792
7768491705415,65675758509109
7768524995215,65675796245718
7768558290515,65675833222222
7768591573215,65675870126066
7768624863915,65675907080266
7768658160315,65675944055016
7768691441315,65675981089545
7768724732115,65676023575005
7768758022115,65676063761145
7768791312615,65676104672818
7768824600115,65676145244874
7768857888715,65676185686860
7768891178715,65676226070078
7768924468515,65676266781143
7768957756515,65676307028283
7768991047015,65676347111806
7769024357815,65676387322669
7769057624415,65676424358774
7769090916815,65676461340325
7769124217215,65676498279795
7769157492315,65676535115891
7769190788915,65676572014267
7769224072615,65676609031017
7769257362115,65676648791173
7769290656615,65676686437569
7769323940015,65676724743351
7769357230115,65676762770733
7769390525015,65676801036844
7769423807815,65676839134307
7769457098415,65676877147481
7769490428615,65676915501012
7769523675715,65676953251315
7769556969615,65676991570468
7769590257015,65677028633209
7769623545415,65677065497340
7769656834515,65677102471827
7769690122915,65677139345488
7769723414015,65677176302210
7769756701515,65677213399059
7769789990915,65677250540575
7769823282615,65677289073523
7769856570615,65677326315794
7769889859015,65677363881471
7769923154615,65677401305935
7769956438915,65677438887928
7769989728815,65677475892704
7770023023515,65677514527255
7770056305915,65677551898465
7770089596515,65677589396795
7770122891315,65677626760710
7770156174315,65677663614237
7770189464715,65677700468932
7770222754115,65677737358642
7770256042415,65677774291216
7770289332415,65677811139626
7770322623015,65677851953885
7770355933115,65677890215845
7770389200415,65677927057965
7770422489315,65677963821014
7770455798415,65678000710325
7770489068315,65678037524191
7770522357515,65678074250104
7770555649115,65678114210248
7770588937115,65678152097781
7770622225415,65678189668192
7770655521415,65678227650162
7770688806415,65678265428690
7770722093515,65678303381943
7770755389415,65678341763653
7770788674115,65678379975112
7770821996115,65678418144922
7770855257115,65678456167886
7770888540615,65678493240834
7770921831315,65678530097057
7770955120415,65678566832983
7770988408415,65678604002629
7771021699415,65678640784097
7771054989715,65678677581279
7771088278115,65678714363550
7771121567315,65678753161555
7771154855615,65678790634924
7771188145815,65678827333111
7771221436115,65678864077307
7771254724015,65678900978838
7771288015215,65678937982722
7771321304015,65678974783624
7771354591815,65679011512556
7771387887715,65679048498448
7771421172115,65679085264689
7771454463315,65679121979556
7771487756015,65679158748743
7771521040115,65679195538111
7771554328915,65679232253418
7771587624915,65679268986704
7771620907115,65679305743137
7771654197415,65679342552359
7771687485915,65679379259036
7771720775215,65679416092017
7771754065715,65679452934827
7771787382215,65679489688763
7771820643215,65679526584487
7771853933415,65679563364716
7771887223515,65679600132702
7771920512315,65679636855907
7771953801615,65679673616823
7771987090515,65679710375870
7772020381915,65679747135501
7772053668915,65679783997114
7772086958715,65679820770155
7772120254315,65679857536010
7772153537715,65679894347355
7772186825715,65679931351946
7772220122115,65679968174769
7772253406015,65680005015500
7772286696515,65680041904363
7772319990815,65680078811346
7772353273515,65680115744755
7772386564615,65680152734956
7772419852015,65680189529444
7772453141215,65680226335484
7772486431715,65680263129565
7772519721215,65680299947393
7772553009715,65680336841917
7772586299715,65680373737292
7772619589615,65680410559888
7772652880715,65680447451104
7772686168115,65680484238071
7772719456215,65680521087398
7772752748615,65680557869221
7772786035215,65680594975807
7772819324515,65680631832179
7772852620815,65680668690365
7772885904015,65680705452627
7772919192615,65680742200710
7772952488515,65680778973078
7772985776515,65680815727634
7773019060715,65680852440275
7773052358315,65680889050295
7773085639615,65680925931795
7773118963215,65680962774530
7773152218215,65680999591907
7773185507815,65681036247663
7773218798015,65681072935582
7773252088615,65681109808120
7773285376215,65681147065543
7773318666415,65681183828532
7773351955615,65681220509908
7773385244215,65681259279599
7773418534315,65681296073626
7773451823715,65681332815515
7773485113515,65681371976362
7773518402415,65681408701236
7773551690715,65681445434964
7773584987315,65681482214480
7773618271215,65681521522356
7773651558815,65681559751342
7773684855615,65681596685463
7773718139515,65681633412105
7773751427115,65681670165569
7773784723815,65681706897603
7773818013515,65681743512390
7773851296115,65681780231818
7773884589715,65681824349952
7773917874115,65681862357252
7773951164515,65681899140470
7773984456615,65681936078211
7774017741915,65681972882151
7774051032815,65682009729116
7774084321915,65682046618254
7774117610315,65682083621098
7774150900515,65682127365668
7774184189915,65682165677662
7774217481115,65682202621800
7774250768715,65682245525805
7774284057015,65682284099311
7774317354315,65682320866754
7774350636415,65682357661077
7774383925415,65682394473297
7774417221615,65682431591348
7774450527215,65682474615160
7774483793215,65682513107731
7774517090515,65682549869649
7774550373415,65682586657754
7774583662815,65682623586921
7774616959015,65682661410829
7774650240515,65682698245486
7774683531415,65682735015309
7774716819715,65682771816397
7774750108515,65682808624569
7774783399215,65682845500774
7774816688015,65682882317281
7774849976715,65682919261204
7774883280615,65682956603434
7774916556515,65682993395712
7774949847915,65683030174722
7774983135215,65683067119042
7775016423815,65683104122827
7775049721515,65683141090488
7775083003215,65683178055318
7775116291515,65683215020578
7775149588115,65683252039404
7775182872715,65683288920135
7775216160015,65683332512602
7775249456815,65683374714844
7775282741215,65683412282312
7775316039215,65683449170991
7775349326415,65683485902353
7775382619515,65683522673604
7775415898115,65683559405498
7775449185215,65683596279909
7775482475215,65683633059347
7775515765515,65683669837714
7775549054815,65683706718904
7775582343815,65683743533838
7775615633515,65683780390068
7775648943515,65683817193587
7775682210915,65683853985135
7775715501715,65683890805821
7775748790115,65683927580279
7775782114915,65683964567361
7775815369015,65684001925337
7775848658015,65684038737852
7775881954215,65684075510639
7775915237715,65684112275476
7775948526315,65684151034248
7775981822915,65684187921024
7776015107015,65684224767091
7776048394115,65684268349853
7776081688315,65684305716855
7776114973515,65684342614020
7776148263715,65684379568864
7776181552615,65684416678381
7776214841115,65684453363981
7776248131615,65684490097323
7776281421715,65684526938492
7776314709215,65684567030200
7776348000215,65684603881079
7776381290415,65684640612975
7776414580315,65684677703068
7776447868015,65684721341164
7776481156315,65684762948921
7776514452215,65684801941200
7776547736115,65684838755095
7776581024415,65684875541863
7776614320815,65684912372038
7776647620815,65684949361744
7776680892815,65684986289919
7776714189615,65685023146068
7776747482115,65685060542455
7776780760415,65685102986358
7776814054415,65685145345256
7776847353215,65685185090441
7776880630115,65685221905363
7776913919315,65685258700857
7776947207415,65685299286626
7776980498515,65685342249621
7777013786715,65685384975153
7777047075615,65685424733510
7777080366515,65685461484801
7777113692215,65685498603450
7777146943415,65685535581598
7777180234315,65685572779731
7777213524815,65685609794817
7777246819815,65685646924374
7777280102415,65685683820723
7777313391015,65685720663192
7777346688715,65685758414503
7777379969815,65685795570631
7777413259515,65685832959367
7777446555615,65685869823903
7777479840515,65685906839815
7777513127315,65685943964810
7777546427215,65685981052932
7777579707015,65686020738152
7777612996815,65686057593715
7777646285815,65686094430191
7777679574215,65686131219272
7777712865415,65686168038460
7777746152415,65686205035467
7777779442315,65686242137380
7777812732515,65686279221060
7777846021615,65686316235733
7777879310215,65686353528900
7777912601115,65686390540008
7777945890715,65686427618892
7777979206615,65686464726158
7778012469215,65686501619894
7778045757015,65686538640184
7778079058515,65686575621024
7778112336015,65686612320682
7778145625315,65686649551724
7778178921915,65686686480812
7778212205115,65686723574432
7778245493515,65686760711104
7778278790615,65686799740332
7778312075615,65686840009154
7778345361715,65686882815679
7778378652315,65686924826165
7778411940115,65686962713457
7778445285015,65687000086529
7778478519215,65687037261295
7778511808515,65687074334780
7778545099115,65687112998735
7778578388715,65687153616655
7778611676915,65687194433944
7778644967715,65687231683279
7778678257315,65687268559696
7778711550315,65687307050239
7778744835515,65687346603133
7778778124015,65687387233918
7778811419515,65687431906895
7778844703315,65687472104363
7778877991715,65687512100663
7778911288515,65687555322031
7778944572515,65687592580318
7778977859915,65687633940714
7779011156515,65687671014983
7779044439815,65687712026896
7779077727915,65687748969965
7779111018315,65687790501712
7779144308415,65687829391477
7779177597715,65687866277471
7779210887015,65687902990238
7779244175315,65687946550589
7779277465415,65687987172490
7779310782715,65688028489983
7779344043215,65688068617972
7779377333615,65688108832403
7779410639215,65688149297427
7779443919715,65688192468182
7779477201815,65688229784642
7779510491415,65688267032252
7779543787115,65688304200701
7779577070315,65688341912180
7779610358115,65688380683898
7779643655115,65688421561462
7779676936515,65688459992742
7779710226115,65688497308685
7779743522615,65688534253517
7779776805815,65688578596900
7779810094215,65688622399634
7779843384915,65688666234003
7779876674615,65688709895510
7779909964215,65688753194255
7779943253015,65688791025049
7779976541015,65688828518396
7780009832715,65688870838531
7780043119815,65688917099698
7780076409815,65688960703359
7780109700015,65688997966536
7780142989015,65689038540477
7780176282315,65689080263416
7780209568415,65689123283204
7780242857315,65689160425017
7780276154915,65689197472843
7780309436015,65689241497929
7780342724115,65689280306259
7780376021715,65689321066629
7780409302515,65689364773629
7780442592815,65689408664129
7780475889315,65689451803621
7780509172015,65689494919805
7780542460415,65689537766677
7780575751415,65689574660096
7780609041715,65689612836033
7780642329315,65689649801316
7780675619115,65689686686980
7780708907415,65689724989988
7780742222215,65689763465175
7780775486615,65689800503952
7780808776315,65689837404961
7780842066315,65689878174429
7780875356515,65689918208388
7780908648515,65689957464287
7780941934815,65689997889012
7780975224215,65690037127815
7781008518315,65690073939958
7781041802615,65690110804274
7781075091915,65690147548143
7781108387615,65690184449322
7781141669715,65690221125053
7781174959015,65690257864969
7781208256015,65690294497895
7781241541415,65690331412139
7781274827115,65690368052261
7781308118015,65690405122006
7781341411415,65690442062325
7781374694615,65690479198228
7781407985615,65690515958607
7781441296615,65690552771789
7781474564215,65690589482031
7781507854015,65690626363199
7781541142315,65690663205980
7781574432815,65690700443742
7781607722215,65690740063096
7781641014915,65690777563887
7781674300715,65690814473332
7781707590415,65690851342702
7781740884315,65690888229073
7781774168715,65690924948865
7781807458115,65690964127072
7781840754215,65691003453848
7781874037315,65691040437662
7781907325615,65691077372344
7781940622115,65691114227775
7781973905515,65691151104157
7782007193715,65691187782098
7782040484415,65691224485258
7782073810315,65691261355160
7782107061115,65691298204866
7782140351715,65691334953248
7782173663015,65691371826800
7782206930615,65691408451946
7782240220115,65691445371337
7782273509015,65691482294776
7782306801915,65691519113341
7782340087115,65691555844082
7782373380715,65691596485528
7782406667215,65691634725801
7782439955915,65691671585042
7782473250315,65691708264553
7782506535315,65691745050943
7782539824515,65691781920363
7782573121715,65691818794491
7782606403715,65691855584959
7782639691515,65691892463503
7782672990315,65691929165938
7782706271815,65691966770233
7782739559615,65692003734879
7782772850115,65692040528865
7782806140715,65692078440185
7782839428515,65692118467407
7782872722215,65692155874033
7782906009115,65692192785652
7782939296915,65692229503383
7782972586215,65692268339348
7783005874715,65692307354200
7783039165515,65692346447081
7783072453215,65692385930819
7783105747115,65692425204868
7783139033315,65692464974667
7783172322615,65692504210805
7783205616615,65692544254380
7783238905215,65692583590783
7783272191815,65692623251198
7783305485815,65692660035855
7783338770315,65692696853391
7783372058515,65692733482697
7783405387215,65692770238458
7783438638615,65692807032596
7783471926215,65692843897165
7783505216815,65692880697658
7783538505815,65692921379260
7783571794715,65692961156299
7783605084815,65692998195639
7783638374615,65693035072930
7783671662315,65693071753623
7783704952715,65693108530572
7783738241415,65693145282076
7783771531315,65693182184696
7783804820515,65693218970506
7783838113415,65693255729020
7783871399715,65693292368669
7783904690115,65693329063199
7783937985115,65693365654217
7783971268015,65693402347648
7784004558415,65693439133729
7784037851715,65693475826040
7784071136315,65693512777457
7784104424515,65693549673199
7784137721415,65693586616743
7784171004415,65693623366799
7784204292615,65693660319799
7784237583215,65693697301824
7784270880815,65693734487729
7784304160615,65693771371031
7784337450915,65693808315890
7784370740115,65693845087183
7784404028815,65693881986990
7784437318715,65693918729313
7784470636215,65693958482564
7784503898215,65693996898261
7784537187015,65694033680422
7784570479815,65694070531458
7784603766315,65694107307506
7784637054415,65694144149888
7784670350415,65694181097245
7784703634315,65694217976670
7784736944515,65694254823134
7784770217715,65694291671149
7784803503015,65694328755659
7784836793315,65694365867922
7784870088115,65694402771514
7784903370715,65694439869748
7784936659115,65694476852987
7784969950715,65694513822787
7785003238115,65694550888651
7785036527315,65694587678170
7785069817515,65694624752707
7785103106615,65694661773219
7785136399015,65694698883723
7785169685715,65694736240064
7785202975015,65694773172871
7785236265115,65694810359979
7785269553815,65694847340377
7785302845915,65694884384920
7785336133615,65694921384476
7785369420815,65694958281446
7785402716415,65694995185898
7785436000715,65695036591988
7785469289915,65695077814808
7785502584515,65695115051960
7785535868615,65695152156916
7785569158615,65695190268073
7785602469115,65695230635612
7785635736915,65695271697940
7785669025215,65695312238273
7785702316215,65695354641289
7785735604415,65695391969688
7785768893815,65695428869532
7785802184015,65695465748986
7785835473015,65695508230527
7785868761415,65695551391837
7785902057515,65695593886507
7785935342015,65695630946306
7785968629715,65695668561388
7786001919815,65695705669816
7786035212415,65695742772975
7786068548415,65695779729940
7786101787315,65695816406853
7786135082415,65695853306511
7786168367215,65695890164141
7786201656515,65695926979978
7786234950515,65695963968716
7786268236515,65696000830380
7786301525815,65696037826430
7786334819415,65696074830225
7786368103415,65696112195052
7786401391715,65696149218079
7786434682215,65696186207406
7786467971915,65696223347018
7786501259615,65696260428563
7786534550115,65696297339855
7786567839715,65696334208237
7786601127615,65696371148082
7786634418815,65696408308027
7786667707915,65696445260335
7786700996015,65696482190958
7786734286615,65696519078959
7786767580015,65696555930397
7786800865015,65696592775222
7786834154115,65696629615096
7786867448815,65696666491404
7786900733415,65696703272530
7786934044015,65696740034583
7786967317015,65696777030875
7787000601715,65696813787829
7787033904915,65696850636841
7787067185615,65696891249769
7787100469815,65696928083788
7787133758915,65696965020329
7787167048015,65697005042520
7787200338015,65697041997414
7787233626115,65697078854803
7787266916715,65697120167545
7787300204915,65697163726133
7787333494815,65697206906740
7787366784515,65697245767302
7787400127415,65697282682678
7787433362115,65697319719387
7787466653315,65697363171434
7787499946215,65697404630053
7787533231915,65697448114956
7787566520915,65697486048173
7787599814715,65697522935053
7787633101015,65697560312372
7787666388115,65697597298145
7787699683315,65697634297513
7787732968215,65697678228978
7787766257415,65697715994006
7787799552315,65697752915946
7787832836015,65697791998813
7787866125615,65697828990503
7787899415515,65697865940348
7787932704315,65697902987235
7787965992115,65697939920354
7787999283715,65697983929143
7788032571015,65698023051906
7788065860915,65698060071843
7788099151015,65698097848309
7788132440015,65698134852749
7788165728715,65698171763945
7788199019315,65698208846625
7788232313415,65698245945921
7788265619115,65698282956334
7788298886915,65698319863354
7788332182315,65698357004116
7788365485715,65698394052099
7788398754215,65698436449743
7788432049615,65698474264159
7788465334415,65698511233465
7788498624615,65698548167351
7788531918315,65698585161145
7788565202615,65698622253164
7788598492315,65698659329533
7788631780215,65698696373655
7788665070615,65698733276344
7788698359415,65698770261225
7788731649515,65698813958411
7788764937915,65698853610480
7788798227215,65698890441140
7788831517715,65698927212050
7788864807815,65698964097947
7788898095115,65699000866694
7788931388815,65699037706271
7788964680315,65699074603159
7788997962915,65699111439249
7789031254015,65699148389838
7789064548215,65699185212967
7789097832315,65699222012347
7789131121915,65699258881776
7789164416215,65699295694757
7789197700515,65699332564898
7789230990515,65699369536084
7789264284615,65699406493982
7789297569015,65699443421848
7789330860015,65699481591355
7789364146615,65699524916494
7789397437515,65699568355396
7789430726515,65699610879100
7789464015315,65699653705458
7789497305315,65699696590733
7789530593515,65699739448851
7789563883415,65699777675402
7789597172215,65699814559220
7789630461315,65699851442975
7789663751915,65699888411699
7789697070115,65699925288049
7789730329615,65699962518291
7789763620115,65699999657075
7789796943815,65700036516509
7789830198715,65700073370392
7789863488315,65700110248169
7789896782215,65700147100706
7789930069415,65700188111778
7789963355115,65700227100448
7789996650715,65700263851122
7790029935515,65700300636630
7790063224415,65700337470585
7790096512515,65700374306423
7790129803415,65700411158640
7790163093015,65700448107579
7790196382915,65700484910215
7790229671315,65700521708774
7790262959515,65700558486209
7790296251215,65700595313144
7790329538315,65700633720550
7790362827815,65700670591059
7790396118315,65700707474992
7790429411415,65700744345947
7790462696215,65700781290288
7790495986415,65700818142335
7790529283315,65700855056215
7790562565115,65700892083624
7790595854715,65700928983400
7790629149315,65700968324485
7790662433515,65701005363794
7790695721615,65701042318811
7790729017515,65701079309189
7790762301515,65701122633965
7790795590915,65701160335180
7790828882215,65701197221833
7790862170415,65701234177035
7790895460215,65701271081893
7790928747515,65701307997806
7790962037815,65701349197514
7790995326315,65701387554884
7791028649415,65701424547918
7791061904915,65701461455568
7791095194115,65701498401651
7791128484615,65701535361695
7791161777815,65701579536539
7791195062515,65701617459573
7791228354215,65701654348487
7791261650115,65701691436479
7791294930515,65701728446169
7791328221015,65701765350619
7791361515315,65701808686365
7791394799315,65701851956793
7791428088415,65701890412104
7791461383615,65701927372724
7791494668115,65701964361635
7791527958215,65702008416399
7791561245715,65702051504697
7791594544215,65702094963973
7791627826615,65702138409093
7791661114115,65702181105963
7791694403915,65702218120883
7791727692715,65702255063167
7791760982715,65702292079570
7791794272215,65702334907576
7791827560515,65702377939553
7791860851215,65702415071877
7791894147915,65702452324151
7791927429015,65702489402633
7791960719215,65702530097482
7791994015115,65702569850934
7792027297015,65702609611489
7792060587215,65702649332273
7792093911515,65702688902488
7792127165915,65702727481173
7792160455015,65702767235662
7792193749715,65702807956887
7792227034515,65702849081003
7792260322415,65702889439718
7792293611815,65702928426127
7792326902415,65702968866556
7792360212415,65703008612938
7792393479815,65703045467316
7792426770815,65703082441846
7792460060115,65703119233108
7792493349315,65703158888995
7792526638815,65703197159681
7792559927615,65703236271362
7792593218615,65703276361105
7792626508115,65703316251811
7792659795215,65703353040934
7792693086015,65703389992088
7792726383515,65703427391361
7792759663915,65703470892358
7792792953715,65703513799289
7792826249315,65703556996577
7792859533315,65703600113920
7792892821815,65703643320890
7792926116415,65703686693954
7792959401815,65703730231185
7792992688715,65703773700718
7793025978415,65703817160083
7793059269015,65703860401447
7793092558315,65703903636481
7793125846615,65703947049791
7793159137115,65703989919357
7793192427615,65704027264637
7793225723915,65704064555438
7793259004715,65704105122957
7793292293815,65704148765311
7793325583815,65704186344074
7793358874115,65704223374605
7793392161615,65704264413887
7793425452115,65704308431397
7793458747715,65704351948795
7793492029715,65704395325410
7793525319815,65704433986277
7793558616815,65704470912700
7793591898515,65704510776027
7793625188315,65704554559236
7793658482815,65704597834757
7793691796115,65704634977568
7793725055515,65704672025951
7793758345015,65704709626682
7793791635315,65704746730145
7793824924915,65704786274929
7793858214115,65704829869873
7793891503515,65704866964578
7793924793615,65704903946524
7793958081015,65704941506159
7793991371415,65704984559988
7794024659615,65705028046614
7794057950415,65705071122692
7794091240615,65705114166668
7794124528115,65705157080019
7794157818215,65705200504861
7794191114815,65705237792744
7794224396515,65705274806851
7794257686615,65705311789833
7794290982715,65705348732736
7794324264315,65705385664769
7794357554615,65705422852828
7794390850815,65705459744299
7794424135015,65705498679658
7794457423115,65705540434667
7794490711315,65705582212451
7794524001415,65705620177657
7794557305315,65705657050518
7794590579315,65705694067227
7794623870115,65705732049295
7794657163715,65705768953167
7794690447615,65705805740511
7794723737615,65705842613819
7794757027015,65705879578202
7794790316615,65705916407531
7794823608015,65705953345123
7794856894215,65705990152098
7794890184915,65706026927970
7794923479115,65706063771875
7794956762415,65706106536441
7794990052915,65706147129926
7795023397915,65706188858934
7795056630615,65706228654071
7795089920315,65706265694929
7795123217215,65706302416158
7795156501815,65706339082197
7795189789415,65706375756297
7795223077215,65706412407595
7795256368815,65706449233981
7795289656915,65706486048380
7795322945615,65706522738022
7795356235915,65706559467165
7795389528815,65706596208852
7795422814315,65706632860658
7795456104215,65706669898539
7795489393515,65706709949232
7795522683515,65706753563789
7795555974115,65706793128860
7795589260615,65706830078467
7795622551815,65706867101439
7795655844615,65706903993502
7795689129315,65706940855386
7795722419115,65706981826868
7795755714615,65707024127941
7795788996815,65707062866863
7795822288115,65707099841713
7795855585015,65707136759298
7795888887615,65707180313512
7795922155215,65707222108054
7795955444315,65707259190349
7795988741215,65707296147741
7796022022915,65707333089658
7796055311915,65707370187251
7796088602415,65707407082933
7796121892815,65707444313611
7796155200715,65707481392133
7796188470215,65707518418942
7796221760815,65707555346617
7796255048915,65707592242990
7796288340015,65707629128526
7796321627215,65707665953782
7796354974515,65707703010318
7796388211815,65707739920306
7796421495315,65707776916388
7796454785415,65707814011647
7796488081815,65707850989729
7796521363415,65707888022362
7796554654115,65707925285803
7796587950315,65707962383966
7796621231615,65707999339072
7796654521615,65708036306189
7796687810215,65708073037673
7796721100615,65708110101974
7796754389715,65708147269342
7796787678215,65708184412572
7796820968815,65708221377848
7796854259215,65708258067279
7796887546415,65708295981429
7796920837315,65708332750823
7796954126815,65708369420565
7796987414715,65708406193458
7797020706515,65708446924108
7797053993315,65708484635594
7797087283715,65708521334641
7797120579215,65708558215466
7797153861715,65708594947984
7797187152315,65708631628403
7797220468415,65708668433609
7797253730015,65708705225245
7797287024015,65708741954361
7797320323115,65708778746458
7797353598315,65708815617370
7797386887915,65708852321026
7797420177815,65708889164926
7797453466915,65708926130428
7797486756015,65708962869839
7797520045115,65709000063108
7797553335215,65709044491125
7797586623915,65709087330026
7797619913015,65709130177658
7797653203815,65709167923667
7797686523615,65709205100262
7797719780415,65709242044629
7797753072415,65709278823771
7797786361415,65709315669022
7797819651215,65709352515795
7797852945415,65709389516706
7797886228015,65709426400467
7797919519715,65709463480573
7797952812915,65709500574006
7797986096515,65709537674793
7798019386215,65709576231190
7798052683315,65709613375140
7798085964115,65709650429201
7798119255115,65709687494685
7798152548515,65709730806378
7798185833615,65709769630086
7798219123015,65709808858253
7798252411415,65709845791522
7798285702115,65709882696952
7798318990215,65709919773088
7798352279415,65709956754771
7798385569915,65709993545340
7798418858715,65710030337038
7798452147715,65710067251323
7798485438715,65710103938202
7798518728415,65710140655919
7798552038215,65710177576324
7798585311715,65710214471722
7798618594715,65710252110445
7798651904315,65710289173975
7798685178515,65710326056880
7798718462815,65710363017269
7798751753015,65710399956333
7798785049215,65710436836449
7798818330515,65710473773119
7798851621415,65710510681298
7798884918715,65710547607144
7798918198815,65710584670229
7798951488815,65710621857442
7798984777815,65710658740249
7799018067215,65710695873483
7799051356515,65710733011743
7799084645915,65710770095333
7799117936415,65710807054132
7799151226815,65710843966148
7799184517515,65710881079176
7799217805215,65710918091647
7799251095015,65710955097127
7799284381715,65710991967709
7799317678215,65711028937395
7799350960615,65711065868475
7799384251115,65711102852412
7799417546815,65711139931654
7799450937515,65711177062007
7799484119215,65711213888191
7799517415615,65711250774019
7799550697315,65711287706567
7799583987815,65711324583412
7799617277215,65711361473808
7799650565715,65711398527947
7799683855615,65711435336810
7799717145115,65711472408762
7799750434215,65711509437106
7799783723615,65711546321541
7799817012515,65711583290434
7799850302615,65711620169898
7799883590815,65711657206876
7799916880615,65711694040386
7799950173615,65711737480755
7799983486015,65711779056503
7800016748215,65711815888678
7800050044615,65711852958031
7800083328415,65711889887401
7800116617715,65711927609826
7800149912415,65711964697890
7800183195315,65712001711233
7800216486015,65712038723187
7800249780515,65712075787092
7800283063315,65712112734655
7800316353615,65712149682124
7800349642415,65712186788520
7800382931515,65712223685899
7800416222015,65712260643541
7800449511915,65712297705822
7800482801015,65712334651250
7800516089715,65712371590193
7800549378615,65712408704372
7800582669415,65712445678755
7800615957115,65712482586636
7800649246615,65712519553256
7800682537715,65712556512871
7800715826015,65712593515038
7800749114615,65712630648930
7800782410915,65712667725645
7800815695015,65712704672130
7800848983615,65712741657205
7800882278615,65712778575752
7800915561715,65712815624359
7800948852315,65712859565440
7800982146715,65712899621219
7801015430115,65712936594776
7801048720615,65712973538693
7801082036515,65713017384328
7801115297715,65713056807255
7801148588915,65713093782084
7801181878815,65713130910328
7801215166015,65713173722831
7801248456215,65713212249137
7801281745315,65713249160254
7801315072415,65713286228626
7801348323615,65713325035705
7801381613515,65713362068537
7801414903715,65713398966741
7801448192415,65713436130070
7801481480915,65713473256389
7801514777015,65713510284986
7801548061915,65713547220052
7801581349115,65713584303216
7801614645715,65713621181099
7801647928015,65713658257552
7801681218115,65713695463381
7801714513315,65713732401586
7801747796415,65713769338218
7801781086615,65713812890563
7801814383615,65713852727286
7801847664615,65713889715482
7801880954915,65713926695715
7801914244015,65713963745919
7801947532715,65714000634080
7801980823015,65714037550652
7802014112715,65714074529417
7802047401315,65714111474247
7802080691615,65714148456806
7802113979515,65714185459165
7802147269815,65714222382386
7802180559115,65714259266385
7802213847615,65714302056524
7802247143615,65714342087400
7802280427115,65714379026663
7802313715915,65714415920832
7802347011515,65714453011868
7802380295815,65714490075742
7802413584415,65714526977167
7802446880915,65714564018185
7802480162515,65714601076061
7802513452915,65714638115633
7802546741315,65714675139975
7802580030515,65714712216672
7802613321315,65714748993412
7802646647815,65714785845419
7802679898315,65714822638741
7802713189215,65714859420350
7802746478515,65714896178190
7802779768015,65714932993991
7802813057215,65714969755080
7802846345915,65715006522808
7802879638215,65715043448000
7802912924415,65715080200905
7802946214115,65715116995189
7802979510115,65715153847590
7803012795915,65715190610688
7803046082215,65715227432884
7803079378215,65715264343962
7803112661915,65715301141395
7803145952115,65715338004877
7803179247015,65715374932726
7803212530615,65715411643702
7803245820515,65715448402578
7803279107915,65715485299806
7803312397115,65715521978353
7803345687315,65715558668519
7803378976515,65715595589251
7803412265615,65715632220889
7803445555815,65715668939966
7803478853315,65715705835703
7803512146515,65715742484893
7803545423715,65715779246994
7803578711815,65715816014357
7803612003215,65715852681163
7803645290715,65715889468012
7803678579915,65715926374615
7803711876315,65715963122898
7803745160915,65715999965572
7803778448115,65716036746986
7803811744815,65716073457673
7803845029515,65716110335448
7803878316815,65716147121595
7803911613115,65716183856496
7803944904015,65716220595957
7803978223315,65716257745271
7804011474115,65716294442180
7804044763815,65716331302396
7804078054115,65716368343619
7804111343415,65716405089337
7804144646615,65716441999280
7804177922015,65716478965213
7804211212115,65716515693439
7804244499815,65716552486630
7804277790015,65716589347011
7804311078315,65716626077222
7804344368915,65716663004353
7804377657515,65716699959145
7804410946815,65716736666905
7804444242615,65716773366112
7804477526915,65716810187980
7804510815015,65716846878944
7804544110515,65716883698411
7804577395515,65716920591909
7804610682815,65716957265916
7804643979615,65716994176427
7804677269315,65717030905098
7804710552215,65717067610391
7804743844615,65717104392484
7804777129915,65717141322310
7804810420315,65717178015969
7804843728515,65717214803552
7804876997615,65717251674342
7804910288415,65717288377112
7804943578015,65717325201129
7804976866415,65717364589941
7805010157015,65717403471853
7805043446215,65717440427475
7805076735415,65717477294515
7805110024515,65717514093737
7805143313415,65717554063147
7805176609515,65717596942005
7805209892015,65717633919748
7805243181215,65717670741115
7805276495815,65717708337569
7805309810915,65717751629451
7805343049115,65717790501709
7805376346015,65717827406738
7805409631015,65717864198273
7805442918615,65717906531895
7805476214015,65717945686619
7805509496615,65717982537122
7805542787615,65718019442687
7805576075215,65718059188657
7805609364115,65718096405134
7805642654615,65718133308662
7805675944715,65718170227914
7805709232615,65718207218658
7805742522715,65718244100289
7805775813215,65718281054698
7805809103215,65718318040340
7805842391015,65718354918227
7805875679415,65718391805424
7805908976815,65718428760547
7805942258115,65718465701314
7805975547815,65718502691006
7806008843615,65718546355864
7806042129215,65718584372912
7806075415915,65718621186928
7806108712615,65718657990006
7806141996415,65718701902109
7806175303215,65718744709956
7806208580615,65718784020492
7806241862615,65718821029455
7806275159315,65718857854114
7806308441115,65718897544355
7806341730715,65718934384561
7806375021015,65718971377581
7806408310815,65719008306634
7806441599115,65719046953372
7806474889315,65719083868538
7806508179415,65719120730125
7806541467215,65719157585400
7806574757315,65719194453885
7806608045915,65719231338844
7806641390715,65719268245166
7806674624515,65719305155364
7806707913715,65719341986469
7806741210115,65719378986706
7806774494015,65719416035032
7806807783315,65719452967391
7806841078915,65719489997751
7806874362815,65719526973045
7806907650315,65719563862805
7806940943315,65719600818154
7806974241215,65719644788211
7807007519315,65719683684806
7807040808815,65719720380182
7807074097315,65719757080787
7807107387715,65719793784060
7807140677615,65719830808552
7807173968715,65719867692563
7807207255815,65719904662506
7807240545915,65719941709647
7807273833615,65719978590181
7807307124015,65720015349909
7807340413415,65720052211712
7807373707415,65720088917194
7807406992415,65720125608795
7807440280115,65720162449571
7807473576715,65720199374411
7807506881415,65720236069763
7807540148715,65720272878477
7807573445115,65720309648332
7807606745615,65720346348797
7807640016315,65720383215209
7807673313215,65720420522308
7807706596715,65720457334363
7807739885815,65720494238174
7807773175315,65720531073415
7807806463715,65720567858364
7807839754215,65720604819332
7807873042515,65720641714857
7807906331715,65720678383233
7807939622815,65720715243715
7807972968615,65720752264551
7808006199915,65720789005993
7808039490615,65720825785306
7808072780015,65720869120475
7808106076115,65720906324999
7808139358215,65720943173383
7808172647015,65720980029661
7808205944815,65721023627560
7808239224815,65721066533246
7808272514915,65721109238807
7808305811115,65721152058906
7808339093715,65721189668308
7808372382715,65721226477639
7808405679715,65721264697934
7808438962515,65721311994761
7808472252715,65721349312191
7808505541215,65721386408457
7808538829815,65721423290596
7808572120815,65721460005673
7808605408615,65721496629091
7808638698215,65721533387482
7808671988315,65721570821490
7808705277615,65721607560450
7808738566315,65721644547531
7808771856715,65721681292085
7808805147215,65721718080435
7808838461515,65721755158137
7808871724515,65721792232779
7808905013315,65721829080118
7808938321315,65721866157567
7808971592015,65721903284993
7809004880815,65721942358500
7809038177715,65721981296150
7809071477115,65722021128793
7809104749415,65722060082663
7809138046115,65722098452956
7809171330115,65722136232850
7809204617515,65722175087115
7809237908015,65722211769484
7809271196315,65722248534094
7809304519815,65722285538222
7809337775215,65722322651454
7809371064015,65722362198768
7809404355015,65722401221247
7809437645115,65722440216559
7809470932515,65722479263517
7809504222815,65722518529648
7809537512415,65722556628950
7809570806515,65722594392780
7809604091415,65722633249221
7809637380715,65722671345096
7809670675815,65722710425987
7809703959315,65722749244985
7809737247615,65722787393846
7809770544215,65722824266841
7809803827315,65722860919095
7809837130515,65722898104393
7809870412515,65722941990869
7809903695715,65722985295794
7809936983615,65723028656132
7809970274315,65723071748683
7810003579915,65723114881767
7810036852815,65723158181064
7810070141815,65723201464259
7810103430715,65723244808702
7810136721215,65723288057354
7810170009215,65723331668218
7810203298915,65723374756400
7810236588715,65723418149329
7810269897315,65723461774165
7810303170215,65723499857456
7810336457615,65723536716532
7810369746915,65723573579254
7810403042715,65723616955314
7810436325615,65723659555250
7810469613915,65723701806091
7810502910915,65723744215581
7810536192315,65723786812407
7810569481815,65723829270331
7810602778515,65723871864415
7810636061315,65723914570494
7810669349615,65723956620449
7810702640615,65724001390288
7810735930215,65724044256937
7810769220115,65724087279276
7810802508515,65724130349126
7810835797115,65724167336531
7810869088515,65724204286070
7810902375815,65724241237494
7810935665415,65724278365884
7810968974615,65724315327619
7811002245215,65724352187287
7811035537515,65724389149316
7811068823715,65724426104397
7811102113515,65724462985716
7811135409015,65724507179654
7811168691715,65724546435006
7811201980115,65724583384434
7811235277015,65724620359236
7811268558515,65724663607079
7811301848415,65724707005956
7811335144915,65724749826564
7811368429215,65724792866000
7811401716815,65724835803572
7811435007115,65724878699796
7811468298815,65724921632556
7811501584715,65724961965498
7811534875315,65724998957737
7811568185615,65725035888524
7811601483915,65725072859020
7811634742115,65725110098151
7811668031915,65725146992370
7811701322215,65725183985050
7811734611515,65725228137180
7811767903515,65725267931017
7811801189815,65725304913343
7811834481015,65725341884174
7811867773415,65725378936621
7811901058215,65725415871133
7811934347115,65725452816397
7811967642515,65725489729051
7812000926315,65725526675441
7812034214715,65725563500435
7812067511515,65725600489826
7812100797015,65725637318149
7812134083115,65725674162351
7812167373015,65725711007966
7812200663515,65725754931036
7812233951215,65725797670835
7812267241815,65725837087371
7812300552415,65725874037608
7812333820115,65725910849079
7812367109115,65725954511756
7812400398115,65725997354939
7812433688515,65726040656287
7812466977615,65726083649905
7812500269715,65726126785721
7812533556115,65726164648144
7812566846115,65726201393480
7812600140315,65726238266186
7812633424415,65726275126828
7812666714215,65726311954980
7812700009615,65726348768821
7812733293015,65726385667431
7812766581015,65726422338076
7812799878215,65726459063577
7812833160015,65726495886288
7812866453015,65726532543542
7812899740015,65726569327406
7812933049515,65726606220097
7812966317015,65726642903106
7812999607615,65726679574405
7813032897415,65726716476966
7813066186715,65726753306916
7813099476215,65726789988110
7813132764615,65726830242291
7813166055615,65726869507029
7813199342915,65726906372123
7813232635715,65726943284783
7813265922315,65726980137028
7813299213415,65727020553656
7813332506415,65727059808648
7813365791315,65727100204676
7813399081615,65727137400847
7813432376615,65727174355601
7813465658915,65727212754942
7813498947615,65727256745139
7813532245515,65727299307348
7813565528015,65727340659977
7813598815615,65727383761949
7813632106015,65727425917262
7813665395415,65727469159764
7813698683715,65727512258474
7813731974015,65727555283210
7813765263615,65727598501597
7813798561115,65727640953722
7813831842615,65727683262082
7813865130415,65727723487954
7813898422615,65727763897524
7813931709315,65727801103801
7813965001815,65727838078818
7813998289215,65727878269040
7814031578715,65727916453828
7814064872415,65727959342496
7814098157115,65728000926874
7814131448015,65728043590136
7814164740915,65728081316784
7814198026115,65728118185571
7814231313615,65728155166293
7814264638115,65728199617990
7814297894515,65728242702931
7814331181915,65728285972707
7814364472715,65728326416055
7814397761515,65728366537823
7814431050315,65728407104810
7814464340615,65728447556255
7814497630715,65728487513205
7814530918515,65728526292876
7814564208515,65728563248677
7814597496815,65728600174517
7814630787315,65728636992144
7814664076315,65728673791932
7814697368515,65728710465076
7814730655815,65728747186234
7814763948715,65728787659937
7814797238715,65728827110234
7814830523515,65728866672160
7814863814215,65728906189431
7814897107615,65728946265513
7814930391915,65728985452623
7814963680515,65729024683443
7814996977115,65729064388922
7815030260415,65729103493844
7815063548315,65729142643622
7815096838815,65729182624829
7815130143915,65729222438478
7815163416215,65729263023916
7815196707015,65729301371389
7815229998115,65729338157780
7815263284115,65729374895849
7815296575115,65729415643415
7815329865015,65729454059444
7815363153415,65729490823328
7815396443415,65729527594654
7815429735815,65729568514646
7815463021915,65729607680179
7815496310115,65729645319185
7815529605515,65729682127774
7815562889615,65729718927055
7815596207915,65729762454502
7815629473415,65729805118206
7815662758115,65729847911185
7815696048315,65729890573879
7815729344015,65729933754677
7815762626415,65729970749508
7815795914715,65730007603415
7815829206515,65730044426075
7815862493315,65730089130312
7815895782515,65730132399762
7815929073015,65730175130099
7815962362315,65730218155703
7815995651015,65730261072649
7816028941115,65730304087755
7816062230915,65730346835507
7816095520615,65730389549917
7816128810215,65730432229823
7816162100515,65730474698370
7816195389215,65730517397425
7816228676915,65730560129715
7816261971815,65730602979418
7816295256715,65730641251941
7816328545415,65730678080534
7816361839515,65730714810173
7816395124215,65730759436299
7816428415015,65730802974093
7816461730415,65730845783966
7816494992515,65730888975766
7816528281415,65730931580230
7816561583215,65730974407735
7816594859815,65731017058248
7816628149315,65731059841989
7816661442615,65731102656685
7816694728615,65731145299554
7816728017315,65731187989463
7816761307915,65731231142438
7816794597815,65731273876512
7816827885915,65731311759029
7816861176415,65731348501158
7816894467415,65731385294409
7816927787415,65731427221236
7816961042815,65731469619812
7816994338215,65731512144495
7817027622715,65731554147608
7817060913015,65731596759333
7817094205915,65731639674340
7817127490715,65731682328913
7817160780215,65731724996069
7817194075015,65731766973922
7817227359015,65731804552278
7817260648815,65731841385523
7817293937615,65731878267499
7817327227715,65731919743059
7817360515415,65731961382875
7817393806515,65732003521298
7817427095515,65732045414222
7817460383815,65732087231077
7817493673915,65732129117046
7817526963815,65732171215628
7817560251615,65732213622300
7817593542315,65732256179628
7817626862715,65732295397006
7817660120715,65732332285921
7817693410615,65732369287250
7817726704415,65732406216466
7817759989315,65732443217479
7817793300115,65732487280649
7817826572615,65732530065814
7817859857415,65732573083742
7817893164015,65732616231753
7817926441615,65732654122742
7817959725515,65732691091881
7817993014615,65732727771516
7818026304115,65732768572547
7818059594015,65732808106725
7818092881715,65732847963701
7818126172615,65732887087027
7818159460515,65732926107327
7818192768115,65732965588648
7818226041115,65733005436434
7818259329315,65733045041148
7818292618315,65733084375777
7818325908915,65733123714620
7818359200615,65733163508138
7818392488415,65733203509771
7818425776915,65733240325999
7818459070915,65733277200335
7818492356715,65733314201093
7818525643415,65733357908817
7818558938415,65733397040282
7818592223915,65733433945616
7818625513015,65733470943695
7818658807315,65733507927865
7818692091215,65733544888414
7818725381215,65733581976850
7818758670615,65733618870884
7818791960115,65733655953202
7818825248315,65733693056437
7818858539015,65733730244993
7818891827215,65733767214818
7818925116115,65733808932153
7818958406615,65733849016185
7818991697215,65733885890266
7819024984315,65733922857673
7819058275115,65733959876091
7819091568515,65733996828505
7819124853115,65734033728457
7819158143115,65734070803592
7819191467015,65734107707871
7819224748915,65734144734366
7819258010315,65734181664057
7819291305915,65734218603122
7819324589915,65734255536907
7819357879315,65734292467834
7819391174015,65734329430643
7819424457815,65734366476522
7819457748415,65734403425382
7819491035415,65734440388050
7819524326315,65734477282840
7819557614315,65734514221211
7819590904715,65734551110940
7819624193215,65734588034358
7819657483015,65734624914431
7819690773515,65734661794457
7819724063515,65734700559826
7819757351015,65734737745442
7819790641515,65734774575388
7819823934615,65734811595392
7819857218915,65734848511687
7819890509615,65734885339368
7819923833115,65734922313104
7819957087915,65734959194697
7819990377315,65734996086770
7820023671815,65735034812548
7820056956015,65735071903527
7820090245915,65735108764679
7820123540915,65735146091782
7820156824715,65735189702778
7820190113815,65735232848677
7820223402315,65735270704805
7820256692015,65735307522247
7820289981215,65735345004091
7820323271715,65735388588049
7820356561415,65735431785349
7820389849215,65735474631419
7820423140115,65735517564273
7820456427915,65735560600645
7820489717715,65735603177016
7820523008115,65735645765288
7820556336415,65735689328524
7820589585315,65735732390638
7820622875915,65735775116693
7820656200015,65735818286902
7820689454315,65735861430650
7820722744015,65735904640406
7820756038115,65735944322274
7820789323515,65735981241723
7820822611215,65736018337870
7820855909715,65736061942794
7820889190415,65736105354344
7820922481415,65736147938983
7820955768215,65736191093944
7820989059115,65736234388705
7821022349415,65736277871814
7821055638815,65736321051265
7821088926615,65736364029324
7821122215615,65736406720598
7821155506915,65736449659242
7821188794215,65736486694612
7821222083715,65736523572173
7821255374215,65736562460406
7821288665115,65736599504098
7821321952015,65736636327638
7821355242315,65736673248625
7821388538215,65736716730046
7821421823515,65736755017236
7821455110415,65736791600187
7821488404315,65736828267649
7821521689515,65736867691031
7821554977815,65736906365861
7821588273115,65736945784327
7821621557515,65736982692781
7821654846315,65737019651878
7821688134915,65737056642179
7821721425215,65737095978935
7821754715915,65737135192577
7821788003015,65737174019516
7821821293215,65737213960363
7821854581515,65737252954848
7821887913515,65737292360260
7821921160515,65737331325085
7821954450115,65737370101536
7821987740615,65737409473313
7822021032315,65737448918118
7822054318315,65737487722960
7822087608715,65737526274863
7822120905015,65737565195679
7822154186315,65737602114353
7822187477015,65737638838923
7822220771115,65737675466304
7822254055215,65737712243036
7822287344815,65737748854128
7822320639715,65737787441249
7822353923615,65737824309456
7822387230315,65737861078403
7822420501415,65737904422334
7822453791815,65737947040444
7822487082315,65737991010274
7822520369015,65738030766518
7822553659715,65738073398219
7822586948515,65738115925510
7822620238415,65738158320091
7822653528215,65738201656128
7822686816415,65738244517650
7822720106615,65738286858190
7822753411815,65738330035220
7822786684715,65738372324581
7822819975015,65738414535767
7822853270915,65738456825706
7822886552315,65738493998859
7822919843415,65738531028176
7822953139015,65738574888908
7822986421715,65738618122555
7823019711715,65738661471065
7823053005915,65738704368242
7823086290215,65738747816122
7823119578615,65738791624836
7823152868015,65738835245566
7823186158615,65738878735674
7823219471815,65738922525037
7823252735815,65738966119576
7823286026115,65739009326773
7823319315815,65739052690242
7823352605015,65739090462773
7823385895015,65739127377774
7823419182615,65739166688204
7823452474415,65739203654553
7823485762915,65739240570269
7823519050815,65739277482555
7823552341615,65739321027237
7823585635715,65739364261838
7823618919215,65739406897233
7823652209315,65739444862186
7823685505215,65739481888709
7823718789215,65739518975018
7823752077415,65739555976348
7823785372015,65739592969722
7823818657015,65739630009546
7823851945115,65739666923407
7823885234215,65739703794145
7823918524515,65739740723098
7823951813215,65739777754502
7823985102915,65739814740564
7824018392815,65739851744722
7824051682615,65739888797510
7824084996515,65739925862365
7824118260415,65739962747893
7824151548915,65740005550131
7824184843915,65740045911627
7824218128615,65740087612356
7824251417615,65740125304325
7824284711615,65740162172137
7824318003415,65740199026688
7824351285315,65740235880023
7824384576215,65740272718924
7824417872415,65740309557177
7824451153615,65740346460570
7824484444215,65740383442570
7824517738915,65740420248418
7824551074315,65740457227432
7824584311415,65740493974164
7824617600615,65740530974256
7824650891015,65740567843102
7824684181015,65740604702189
7824717468415,65740647316365
7824750759215,65740686183511
7824784048015,65740723034647
7824817337015,65740759824578
7824850627215,65740803813379
7824883916715,65740846496339
7824917205715,65740889549420
7824950495715,65740932265864
7824983783715,65740971380893
7825017074215,65741008273543
7825050369915,65741045181896
7825083651715,65741082139220
7825116942515,65741118949575
7825150238815,65741155745605
7825183519515,65741192757644
7825216810215,65741229497069
7825250137215,65741266311983
7825283388815,65741303183956
7825316679015,65741339967295
7825349967015,65741376859663
7825383257315,65741413773814
7825416571215,65741450555097
7825449834815,65741487420284
7825483125315,65741530465670
7825516427915,65741569041179
7825549702515,65741605886065
7825582993515,65741642756475
7825616283115,65741679992180
7825649572115,65741717080724
7825682862515,65741753910506
7825716150015,65741790727764
7825749440315,65741830867592
7825782735015,65741869127681
7825816018215,65741906002407
7825849308215,65741942863563
7825882634515,65741979680184
7825915885815,65742016487777
7825949176415,65742053322263
7825982472315,65742090348849
7826015756615,65742127287776
7826049045015,65742164128224
7826082333515,65742200972735
7826115624415,65742237852537
7826148911715,65742274710459
7826182204615,65742311504021
7826215491815,65742348317651
7826248781215,65742385208845
7826282069715,65742422070623
7826315360215,65742458892225
7826348649615,65742495835622
7826381939015,65742538673049
7826415229015,65742578253913
7826448516715,65742615170560
7826481807315,65742652009494
7826515100615,65742689193909
7826548384815,65742726113072
7826581674615,65742763028381
7826614971515,65742800169358
7826648252515,65742838371632
7826681542915,65742875331529
7826714839915,65742912035619
7826748143315,65742948725798
7826781411215,65742989275776
7826814699615,65743027931433
7826848017615,65743064966648
7826881278015,65743101617835
7826914567815,65743138325425
7826947858315,65743175114688
7826981147515,65743211708854
7827014435815,65743248296772
7827047726415,65743285133830
7827081016815,65743321730960
7827114303815,65743358409498
7827147595015,65743395236045
7827180882615,65743431827616
7827214173015,65743468476750
7827247466815,65743507098383
7827280750715,65743544833847
7827314041215,65743581708840
7827347338315,65743618369862
7827380619115,65743655034251
7827413909615,65743691856430
7827447206515,65743728526834
7827480486815,65743765232315
7827513777515,65743802103934
7827547065815,65743838781503
7827580356115,65743875463154
7827613646015,65743912293177
7827646934215,65743948960418
7827680224615,65743986210419
7827713513815,65744023067253
7827746802515,65744059773735
7827780092915,65744096438822
7827813382315,65744133232402
7827846670315,65744169835733
7827879961615,65744206453560
7827913249315,65744243239204
7827946539315,65744279835483
7827979834215,65744316448066
7828013117215,65744353248192
7828046407915,65744389894309
7828079726815,65744427048731
7828112985615,65744465153448
7828146274915,65744503194290
7828179598815,65744541812348
7828212853115,65744580364116
7828246144315,65744618262271
7828279437015,65744655923931
7828312722815,65744693874051
7828346012015,65744735090231
7828379300515,65744773253962
7828412592315,65744816180780
7828445879315,65744855087218
7828479168815,65744898204397
7828512458915,65744941847203
7828545749615,65744978800840
7828579036615,65745015662902
7828612327815,65745052822148
7828645617815,65745094446448
7828678906615,65745138399412
7828712201215,65745182400958
7828745484115,65745226155527
7828778775115,65745269945637
7828812068015,65745311289996
7828845351815,65745355202270
7828878641715,65745399014074
7828911937615,65745442890092
7828945220015,65745486625378
7828978510415,65745530321087
7829011803415,65745573732952
7829045093615,65745616622250
7829078378815,65745653666135
7829111667315,65745690534303
7829144956815,65745734274076
7829178245615,65745777739656
7829211535115,65745816604663
7829244825515,65745853702050
7829278114315,65745891369600
7829311403515,65745928598436
7829344693715,65745968041329
7829377983915,65746006485665
7829411271115,65746044961097
7829444567515,65746082899160
7829477850315,65746122505248
7829511178715,65746164770272
7829544434315,65746201565844
7829577718315,65746238329137
7829611022115,65746274951297
7829644305115,65746311843488
7829677586215,65746351333433
7829710876615,65746388546023
7829744173915,65746425228088
7829777454615,65746462224023
7829810745015,65746501436491
7829844033115,65746538465576
7829877323615,65746575436916
7829910613215,65746615015658
7829943901115,65746654425568
7829977191815,65746691417071
7830010481715,65746728588286
7830043769215,65746766968792
7830077060015,65746806499598
7830110350215,65746845287300
7830143637615,65746882223543
7830176933615,65746919027640
7830210216415,65746956266884
7830243506815,65746994189333
7830276801615,65747031488247
7830310084415,65747068727765
7830343374615,65747105722200
7830376679015,65747142881814
7830409952915,65747180353413
7830443242615,65747217302443
7830476539515,65747254169814
7830509822115,65747293068501
7830543111115,65747330249011
7830576401015,65747367619183
7830609690015,65747407053830
7830642979315,65747445571026
7830676267715,65747482333969
7830709558715,65747519274241
7830742850015,65747556056791
7830776135915,65747592937697
7830809426315,65747629657888
7830842748315,65747666669921
7830876003715,65747703505194
7830909299715,65747740449035
7830942584015,65747777182251
7830975873315,65747818293890
7831009168015,65747858055943
7831042450815,65747897389981
7831075742415,65747937337942
7831109035715,65747975671424
7831142319515,65748013905001
7831175608915,65748050859901
7831208902015,65748089828536
7831242187115,65748127612030
7831275477415,65748164370055
7831308767415,65748201147324
7831342056915,65748237977405
7831375345615,65748274730117
7831408634215,65748311498856
7831441925315,65748348328832
7831475213015,65748385143075
7831508503415,65748421901081
7831541792915,65748458840739
7831575081615,65748495636366
7831608370215,65748532403375
7831641666315,65748569266035
7831674950015,65748606061645
7831708255515,65748642875063
7831741534915,65748679769803
7831774817215,65748716557282
7831808111315,65748753370413
7831841402215,65748790276094
7831874685215,65748826993330
7831907976115,65748863778101
7831941272315,65748900556087
7831974553415,65748937291689
7832007843715,65748974055569
7832041134215,65749010753881
7832074421815,65749047457527
7832107712515,65749084264921
7832141000615,65749121057976
7832174341115,65749157837875
7832207579315,65749194620945
7832240868415,65749231534321
7832274158815,65749268350365
7832307449615,65749305209818
7832340736715,65749342212400
7832374032515,65749378951413
7832407316315,65749415794075
7832440605315,65749452728338
7832473901015,65749489501574
7832507185015,65749526229348
7832540474215,65749563137812
7832573769515,65749599873411
7832607052115,65749636604634
7832640346115,65749673415238
7832673638615,65749710167814
7832706919615,65749746847139
7832740210115,65749783631028
7832773500715,65749820360696
7832806787615,65749857048292
7832840079015,65749893804383
7832873368015,65749930468497
7832906657315,65749967149249
7832939946415,65750004018919
7832973235015,65750040697221
7833006525415,65750077423999
7833039836315,65750114206320
7833073103215,65750150830006
7833106398715,65750187477822
7833139698815,65750224459179
7833172971315,65750261208015
7833206267115,65750298183742
7833239550615,65750335050704
7833272841015,65750371835141
7833306136515,65750408632083
7833339418815,65750445558416
7833372708815,65750482254854
7833406000815,65750518937288
7833439286515,65750555722734
7833472576515,65750592268469
7833505905715,65750628945206
7833539154215,65750665780612
7833572444615,65750702470433
7833605734415,65750739184350
7833639023615,65750776006630
7833672312715,65750812636186
7833705601215,65750849393777
7833738893015,65750886291670
7833772180015,65750922957073
7833805469515,65750959748490
7833838765015,65750996614358
7833872049215,65751033519826
7833905337315,65751070337300
7833938633515,65751107273253
7833971917515,65751144142967
7834005207215,65751180893876
7834038502315,65751217760549
7834071786515,65751254538503
7834105075815,65751291428813
7834138366715,65751330836176
7834171653115,65751367954926
7834204943015,65751404784704
7834238233715,65751441775297
7834271521215,65751478693123
7834304811015,65751515635069
7834338101615,65751552679003
7834371411115,65751589651597
7834404679315,65751626455597
7834437967815,65751663648054
7834471274715,65751700580653
7834504546215,65751737385561
7834537839215,65751774189097
7834571130915,65751811109781
7834604415115,65751847943900
7834637703915,65751884748165
7834671000115,65751921567100
7834704284815,65751958392962
7834737571515,65751995324506
7834770868815,65752032258681
7834804150515,65752069147015
7834837474615,65752106118549
7834870732915,65752142954666
7834904019015,65752179824645
7834937309715,65752216758153
7834970598915,65752260149390
7835003887115,65752298515049
7835037177415,65752335302393
7835070467915,65752372191645
7835103755815,65752415936770
7835137045915,65752459046105
7835170334215,65752498397370
7835203624315,65752535301656
7835236913915,65752572094142
7835270202015,65752615601278
7835303497515,65752658662619
7835336782515,65752701585784
7835370070415,65752739745242
7835403367115,65752776639316
7835436650415,65752813491797
7835469938815,65752850505913
7835503235015,65752887393704
7835536523615,65752924877223
7835569807915,65752968229221
7835603103415,65753007530642
7835636385215,65753044503406
7835669676015,65753081522714
7835702992915,65753118547829
7835736253415,65753155341842
7835769544315,65753192274546
7835802870515,65753235690287
7835836121415,65753277884227
7835869411415,65753320585379
7835902701515,65753358323246
7835935990115,65753395186301
7835969280415,65753432047676
7836002569015,65753476226664
7836035864115,65753514421239
7836069147715,65753551353454
7836102437015,65753588372312
7836135732915,65753625316963
7836169017615,65753662194818
7836202304615,65753699076249
7836235601615,65753736100217
7836268887315,65753772978345
7836302174615,65753809843547
7836335469515,65753846680637
7836368751915,65753883552247
7836402043215,65753920430942
7836435330515,65753957331201
7836468620215,65753994251079
7836501910115,65754031197190
7836535199515,65754068409067
7836568488015,65754105259385
7836601778215,65754142108746
7836635068215,65754178901445
7836668357515,65754215585118
7836701646715,65754252250503
7836734934615,65754288978603
7836768230515,65754325703195
7836801513515,65754362338889
7836834803215,65754399421726
7836868099315,65754436097624
7836901383015,65754472828851
7836934671215,65754509567818
7836967967315,65754546265336
7837001251715,65754583003650
7837034539015,65754619787048
7837067836115,65754656464675
7837101118115,65754693136509
7837134438215,65754730073970
7837167696915,65754766742703
7837200985615,65754803444702
7837234276815,65754840348249
7837267566015,65754877026637
7837300854415,65754913775151
7837334144715,65754950632744
7837367435315,65754987405437
7837400722715,65755024189522
7837434013015,65755061023556
7837467301415,65755097666222
7837500595115,65755134292028
7837533881215,65755171203332
7837567169515,65755207908143
7837600466015,65755244563642
7837633750515,65755281451982
7837667037315,65755318106994
7837700334115,65755354888253
7837733618615,65755391728795
7837766905615,65755428348309
7837800202415,65755465155706
7837833496015,65755502048275
7837866774715,65755538671243
7837900064515,65755575425474
7837933352615,65755612094052
7837966646015,65755648829757
7837999932015,65755685473439
7838033220215,65755722224029
7838066511215,65755759054949
7838099800415,65755795729927
7838133088715,65755832363310
7838166378815,65755869016773
7838199669015,65755905828079
7838232962815,65755942506279
7838266247415,65755979248172
7838299535815,65756016844513
7838332832415,65756053534079
7838366114315,65756090203608
7838399404115,65756127064355
7838432700515,65756164135301
7838466003715,65756203667586
7838499271915,65756240427056
7838532568615,65756276960152
7838565852015,65756313486102
7838599141115,65756350175007
7838632431415,65756386777412
7838665719215,65756423365154
7838699010015,65756460707538
7838732297615,65756500103767
7838765587515,65756539174358
7838798877415,65756578301134
7838832166415,65756617367680
7838865455115,65756656431717
7838898745515,65756695822007
7838932035415,65756734866295
7838965329915,65756774021457
7838998613415,65756813133034
7839031901715,65756852276313
7839065199315,65756891125328
7839098481115,65756930105613
7839131769915,65756969134328
7839165066615,65757007268557
7839198350315,65757044011189
7839231638415,65757080619380
7839264934615,65757117924599
7839298218615,65757160974180
7839331511515,65757204671176
7839364797215,65757248296939
7839398085315,65757291237091
7839431375815,65757329234736
7839464664415,65757372784850
7839497955515,65757416392299
7839531244115,65757458404428
7839564533515,65757500957440
7839597821815,65757543484947
7839631112015,65757581218585
7839664402215,65757618291664
7839697694915,65757662251021
7839730979815,65757699506450
7839764268515,65757736457664
7839797588115,65757773369077
7839830847215,65757810328226
7839864151715,65757850501280
7839897432815,65757888984105
7839930717415,65757926703993
7839964004815,65757970090224
7839997301215,65758010779220
7840030584915,65758050397504
7840063873015,65758088846135
7840097163415,65758127203325
7840130467515,65758166386172
7840163741715,65758205483560
7840197031615,65758243602542
7840230319615,65758281424782
7840263612015,65758318409402
7840296900915,65758355164138
7840330188015,65758391942480
7840363478615,65758431433605
7840396768515,65758469530795
7840430059415,65758508511072
7840463345915,65758547130832
7840496635015,65758586101174
7840529930615,65758624826629
7840563214715,65758663115547
7840596502815,65758704558824
7840629799815,65758745771951
7840663094515,65758782589695
7840696371115,65758819447007
7840729667915,65758860493581
7840762951915,65758901697075
7840796239215,65758938890653
7840829529715,65758975886653
7840862834715,65759016729300
7840896108315,65759060323250
7840929398215,65759102945719
7840962686315,65759144774681
7840995976715,65759187586196
7841029265215,65759230432455
7841062554515,65759272791971
7841095844615,65759315935179
7841129164615,65759359757081
7841162425315,65759403252894
7841195713215,65759446711703
7841229002315,65759490109098
7841262297715,65759530505534
7841295580615,65759574908417
7841328869415,65759611814962
7841362166915,65759649162647
7841395449615,65759692906618
7841428737515,65759736397840
7841462034315,65759777817495
7841495317215,65759815040487
7841528605215,65759858933422
7841561895915,65759902908964
7841595185815,65759946696206
7841628475815,65759990824039
7841661764115,65760031321276
7841695052415,65760076168116
7841728343815,65760117266795
7841761646215,65760160194384
7841794921015,65760203343288
7841828211215,65760246911877
7841861501815,65760283783110
7841894792115,65760321045117
7841928078715,65760359365048
7841961369815,65760400989893
7841994683315,65760444392344
7842027947315,65760487440033
7842061235615,65760530279388
7842094532715,65760573790426
7842127814115,65760617382285
7842161103815,65760660991626
7842194400815,65760704243715
7842227683715,65760747577882
7842260972015,65760790961283
7842294262215,65760834160797
7842327552715,65760877545155
7842360839715,65760921372534
7842394130715,65760958631630
7842427419115,65760995991520
7842460758715,65761038632419
7842493997615,65761082617074
7842527286815,65761126495462
7842560577015,65761170570088
7842593867415,65761214577895
7842627158415,65761258546325
7842660445015,65761302637390
7842693736015,65761346650898
7842727029615,65761389775919
7842760313615,65761432673426
7842793602015,65761474880466
7842826898015,65761513969840
7842860181815,65761557839830
7842893470315,65761599335545
7842926767015,65761636342246
7842960050615,65761673109745
7842993338415,65761717371106
7843026628715,65761760219918
7843059918915,65761803456518
7843093206215,65761846624648
7843126497015,65761889680035
7843159806215,65761932944113
7843193075415,65761976236709
7843226364715,65762019445690
7843259653415,65762062251533
7843292944015,65762105429015
7843326261015,65762148614953
7843359524315,65762191973872
7843392811515,65762235456256
7843426114315,65762278687873
7843459395215,65762316015926
7843492680315,65762352787169
7843525969515,65762389588856
7843559265715,65762431324120
7843592548615,65762473545134
7843625836415,65762516095370
7843659133815,65762558769511
7843692415215,65762601511564
7843725704715,65762644159616
7843758995115,65762686827096
7843792286015,65762729495115
7843825573215,65762771728873
7843858863515,65762813908324
7843892153315,65762856506574
7843925441815,65762899426660
7843958731115,65762941778956
7843992019915,65762978585488
7844025311515,65763015334055
7844058598615,65763052354150
7844091890915,65763089579349
7844125177715,65763132825644
7844158467415,65763174591626
7844191761515,65763216765449
7844225046315,65763258717579
7844258336115,65763300792621
7844291632615,65763342562293
7844324914315,65763384787262
7844358202915,65763426551445
7844391500915,65763468602871
7844424785315,65763511111495
7844458071515,65763553465402
7844491361515,65763595790053
7844524651015,65763633081670
7844557939015,65763670134033
7844591229615,65763707158108
7844624520115,65763750370531
7844657829915,65763792343664
7844691097515,65763834243979
7844724386415,65763876034134
7844757694315,65763917678216
7844790964715,65763959927033
7844824257315,65764001822032
7844857544215,65764043634296
7844890833815,65764085701293
7844924127815,65764123714921
7844957412715,65764160620820
7844990702815,65764197561404
7845023996215,65764240852469
7845057280715,65764282025497
7845090569415,65764323619176
7845123899615,65764365111498
7845157147815,65764406694070
7845190437615,65764448485698
7845223727615,65764489804458
7845257018215,65764531776789
7845290305515,65764573712458
7845323596115,65764610885353
7845356886315,65764647870388
7845390173415,65764684774163
7845423464215,65764728057489
7845456778815,65764768237668
7845490042815,65764810233496
7845523332315,65764851946544
7845556622915,65764893399736
7845589910715,65764935032169
7845623200615,65764976961153
7845656494515,65765018466220
7845689779015,65765056643636
7845723068615,65765093455680
7845756362215,65765130281295
7845789647715,65765167906080
7845822937315,65765209266145
7845856232915,65765250615513
7845889515815,65765291842098
7845922803815,65765329285064
7845956094315,65765366105848
7845989404615,65765402985507
7846022671915,65765440205293
7846055962515,65765482797483
7846089281715,65765523736245
7846122540215,65765565204569
7846155830515,65765606284176
7846189146215,65765647804477
7846222408615,65765685856637
7846255699215,65765722702220
7846288989515,65765759533114
7846322296115,65765801340369
7846355565715,65765842895032
7846388861015,65765884204624
7846422145815,65765925672123
7846455474315,65765967447018
7846488729015,65766008525481
7846522013715,65766050305059
7846555303515,65766087902544
7846588603415,65766124884176
7846621881715,65766161783935
7846655170115,65766200744835
7846688461415,65766240623451
7846721748915,65766282262114
7846755039115,65766323639893
7846788328815,65766364981545
7846821617815,65766406004837
7846854906715,65766447520073
7846888196715,65766488802440
7846921486615,65766530202557
7846954775815,65766571764730
7846988065115,65766608593428
7847021355415,65766645435814
7847054644715,65766682257218
7847087932215,65766719341805
7847121227215,65766762625149
7847154511815,65766803355068
7847187801515,65766845282829
7847221095615,65766886698104
7847254380215,65766928177848
7847287670715,65766969536217
7847320987015,65767007687910
7847354248915,65767044597430
7847387536615,65767081463600
7847420856215,65767122711814
7847454115615,65767163540468
7847487405015,65767204803651
7847520695115,65767245928833
7847553985815,65767287217766
7847587272715,65767328673130
7847620565315,65767370071195
7847653852515,65767411092709
7847687141615,65767452388981
7847720431015,65767490597954
7847753751815,65767527555571
7847787010215,65767564600004
7847820298615,65767604210980
7847853594615,65767646312138
7847886878715,65767687166367
7847920168315,65767728728826
7847953463615,65767769392027
7847986746815,65767810922969
7848020037015,65767851971578
7848053329815,65767893530284
7848086614615,65767934929889
7848119903215,65767976197466
7848153192915,65768017916052
7848186483115,65768055150671
7848219786815,65768092105364
7848253061115,65768128961168
7848286352515,65768165934362
7848319639415,65768207721932
7848352929715,65768248372666
7848386219215,65768289483392
7848419507515,65768330470791
7848452797315,65768371685325
7848486117315,65768413096230
7848519376315,65768453789426
7848552665815,65768494548094
7848585960215,65768535588151
7848619245015,65768573034415
7848652533215,65768609923805
7848685828315,65768646813193
7848719112815,65768684108432
7848752434815,65768725212129
7848785696315,65768766031983
7848818981115,65768806858678
7848852270415,65768847944170
7848885559515,65768889141029
7848918849115,65768930424831
7848952137315,65768971387906
7848985429115,65769012571572
7849018715915,65769053718210
7849052005915,65769090853139
7849085296415,65769127660948
7849118585515,65769164596534
7849151873515,65769201385239
7849185163615,65769244102333
7849218455415,65769284621295
7849251744015,65769326144524
7849285032515,65769366708706
7849318326315,65769408216773
7849351611815,65769449155783
7849384899215,65769490683351
7849418194415,65769528703832
7849451479215,65769565647465
7849484769815,65769602429304
7849518063315,65769642731677
7849551347515,65769682628982
7849584638115,65769723992025
7849617931215,65769764778492
7849651215715,65769806261125
7849684503415,65769847646841
