#t_ns,out_ts
7669821982615,65562806956552
7669855271515,65562847089220
7669888561715,65562885162404
7669921856015,65562930537215
7669955139515,65562975375497
7669988430115,65563018493614
7670021726915,65563058613555
7670055008015,65563103038035
7670088298215,65563145797380
7670121622415,65563190112927
7670154876515,65563232505837
7670188166415,65563277038483
7670221460715,65563318387227
7670254745415,65563362207293
7670288047815,65563404767401
7670321322715,65563449809171
7670354628015,65563493848917
7670387903615,65563535990848
7670421190915,65563581362639
7670454481015,65563624642464
7670487771015,65563668995644
7670521060215,65563707210850
7670554349315,65563747593244
7670587637915,65563786374292
7670620928215,65563832254316
7670654220015,65563870381268
7670687506015,65563910367621
7670720796515,65563960973457
7670754141715,65563982521562
7670787374215,65564042286143
7670820664715,65564056684601
7670853960315,65564101696657
7670887243115,65564141173694
7670920532215,65564173209351
7670953827315,65564214245266
7670987112615,65564256943671
7671020399815,65564290565290
7671053689215,65564333465101
7671086979515,65564380194463
7671120274415,65564400757892
7671153557315,65564447446647
7671186847315,65564486549462
7671220137315,65564514898258
7671253426915,65564562534914
7671286714915,65564608549984
7671320004315,65564633834456
7671353295315,65564676424681
7671386585715,65564718733509
7671419872315,65564742649280
7671453162315,65564788689154
7671486460915,65564820386812
7671519740215,65564869877335
7671553030915,65564908477270
7671586333215,65564948352077
7671619631815,65564990872382
7671652899215,65565028875211
7671686193715,65565070439575
7671719494615,65565103412024
7671752766215,65565153753087
7671786055115,65565184656440
7671819346015,65565226592906
7671852635315,65565263722787
7671885924015,65565306622060
7671919213615,65565343733779
7671952504315,65565386965864
7671985791615,65565418320352
7672019082515,65565469007321
7672052370415,65565503715971
7672085717815,65565545652380
7672118952315,65565587034321
7672152238415,65565627995390
7672185529115,65565667038873
7672218826115,65565710644825
7672252119915,65565742334083
7672285397215,65565790272903
7672318692515,65565828861353
7672351975515,65565871180716
7672385265715,65565910344146
7672418592115,65565952367863
7672451844315,65565993821589
7672485134015,65566034615882
7672518422015,65566066510438
7672551712215,65566115133657
7672585002615,65566150509396
7672618289915,65566192726767
7672651580115,65566234903090
7672684870015,65566274070560
7672718158315,65566316636913
7672751448615,65566357435902
7672784736915,65566388172164
7672818027515,65566426269096
7672851321015,65566477613959
7672884605215,65566516554568
7672917895515,65566561809780
7672951211815,65566603953484
7672984473615,65566646803584
7673017763615,65566690085890
7673051070315,65566719414633
7673084341115,65566755458467
7673117631515,65566809908848
7673150958915,65566852368136
7673184210515,65566894889239
7673217499915,65566935291305
7673250788415,65566980195990
7673284078915,65567021551438
7673317367115,65567052895313
7673350656415,65567089461127
7673383950615,65567141374497
7673417269415,65567182221081
7673450524415,65567224921749
7673483814615,65567267883836
7673517104415,65567310571990
7673550396615,65567354911049
7673583685615,65567388273538
7673616971815,65567426615671
7673650262715,65567471160670
7673683555915,65567507422445
7673716839315,65567547867969
7673750130015,65567588444575
7673783425015,65567629605970
7673816707815,65567671056163
7673849998015,65567703653462
7673883294215,65567739250673
7673916576715,65567773810471
7673949866515,65567813637886
7673983154815,65567852913195
7674016445515,65567902449444
7674049733215,65567938528744
7674083022715,65567981479142
7674116313515,65568023177169
7674149619715,65568066266729
7674182890715,65568107732675
7674216181115,65568150468973
7674249472015,65568191779084
7674282759015,65568235360696
7674316052015,65568268859963
7674349337615,65568303270966
7674382650115,65568355091424
7674415922015,65568390455686
7674449206215,65568434577572
7674482496615,65568475500509
7674515792215,65568517589500
7674549074215,65568559400819
7674582364615,65568600949969
7674615662015,65568640912367
7674648942215,65568683920856
7674682232715,65568725135278
7674715521515,65568767294260
7674748810815,65568810278068
7674782099715,65568852206624
7674815389615,65568895773648
7674848679815,65568928045178
7674881969915,65568963178713
7674915257415,65569017246338
7674948547415,65569053713265
7674981838015,65569097695964
7675015125715,65569139092673
7675048417915,65569180812587
7675081704315,65569221253104
7675114994815,65569264409959
7675148289515,65569305160628
7675181572415,65569347633234
7675214863215,65569389097846
7675248157815,65569430081407
7675281444415,65569463843056
7675314730615,65569498831634
7675348027515,65569539158635
7675381308615,65569588717407
7675414599515,65569625764638
7675447888715,65569670072377
7675481177815,65569700961958
7675514467915,65569736780695
7675547755815,65569791219221
7675581046215,65569828064569
7675614334515,65569862032060
7675647623915,65569896482764
7675680914315,65569935212368
7675714237515,65569971727100
7675747491815,65570006844823
7675780784515,65570043564073
7675814072015,65570082090214
7675847361115,65570117303505
7675880656715,65570157401220
7675913939015,65570194967992
7675947234415,65570234746796
7675980522715,65570273468425
7676013806615,65570309236204
7676047097315,65570345481570
7676080394215,65570386060780
7676113675015,65570421778229
7676146965515,65570460086013
7676180256215,65570497531870
7676213544815,65570534274554
7676246833715,65570567785044
7676280122115,65570605776733
7676313412815,65570641205694
7676346701015,65570677102061
7676379989915,65570715486985
7676413280515,65570750216624
7676446569715,65570799987578
7676479858115,65570829535575
7676513151015,65570873463978
7676546438315,65570905756525
7676579732015,65570941369425
7676613022915,65570980458675
7676646305315,65571018832907
7676679595315,65571064742442
7676712889315,65571105646633
7676746173315,65571138494266
7676779463815,65571174541292
7676812759915,65571216007303
7676846041415,65571261098285
7676879331515,65571292256418
7676912622115,65571328276924
7676945909815,65571379076697
7676979199915,65571417942438
7677012488315,65571461041023
7677045804515,65571504185353
7677079067515,65571544242347
7677112356415,65571576182846
7677145647115,65571613111151
7677178939815,65571661184811
7677212224715,65571700052098
7677245517115,65571743349068
7677278805715,65571786055180
7677312092815,65571818367242
7677345388615,65571854938819
7677378671815,65571896440982
7677411961815,65571929579445
7677445256915,65571966657330
7677478540115,65572003833128
7677511830315,65572054870859
7677545127715,65572092758724
7677578408115,65572135699786
7677611697715,65572175146164
7677644988715,65572217888772
7677678276115,65572250793139
7677711566415,65572287204778
7677744855915,65572324672278
7677778144815,65572376226236
7677811434815,65572409751010
7677844722515,65572452850208
7677878013815,65572491715501
7677911316515,65572533557877
7677944591315,65572574413249
7677977883515,65572613251919
7678011178215,65572654595646
7678044459415,65572693339331
7678077755015,65572734595773
7678111039415,65572775352349
7678144328515,65572816413119
7678177623315,65572854995612
7678210905715,65572888908592
7678244196715,65572925490876
7678277490815,65572962913376
7678310774615,65573011799524
7678344064415,65573045579439
7678377409915,65573085558169
7678410643715,65573124356328
7678443932615,65573165184938
7678477222115,65573202978033
7678510511615,65573243488073
7678543801015,65573282846820
7678577089315,65573322768728
7678610381015,65573360619244
7678643668315,65573399687984
7678676958015,65573440114786
7678710249315,65573478622790
7678743536815,65573515265147
7678776825315,65573550336026
7678810121715,65573589632922
7678843405515,65573628895624
7678876695315,65573667493042
7678909990015,65573706402845
7678943272315,65573744613381
7678976563415,65573785331502
7679009857215,65573822157559
7679043140715,65573861668056
7679076444815,65573899103842
7679109720615,65573939653440
7679143008815,65573977638420
7679176298715,65574015261982
7679209594215,65574055118998
7679242899315,65574092372663
7679276167515,65574130611928
7679309455815,65574165502609
7679342757815,65574202133539
7679376034415,65574245768963
7679409324015,65574282069947
7679442615715,65574320118673
7679475903815,65574358886479
7679509191915,65574397382133
7679542488615,65574434788926
7679575772515,65574474407706
7679609060215,65574512593447
7679642356015,65574551191994
7679675638715,65574588041521
7679708986815,65574627977513
7679742224215,65574664841379
7679775507215,65574705209529
7679808797415,65574740792395
7679842101815,65574776525937
7679875375315,65574815628992
7679908665615,65574854025433
7679941955215,65574892090191
7679975243415,65574929715912
7680008533315,65574967408347
7680041823615,65575005742031
7680075112415,65575043833218
7680108402515,65575082003473
7680141690215,65575118801444
7680174982215,65575158872228
7680208270515,65575195884873
7680241558515,65575233894021
7680274854115,65575272063659
7680308138915,65575311447313
7680341426315,65575346424180
7680374722815,65575382382451
7680408008815,65575421014167
7680441295215,65575459705888
7680474591315,65575496297040
7680507873415,65575535038905
7680541163715,65575572963837
7680574480815,65575612719010
7680607741815,65575651244725
7680641031815,65575689740654
7680674340715,65575728114051
7680707609615,65575764232078
7680740899615,65575798963049
7680774189715,65575837977585
7680807478115,65575872808238
7680840767915,65575911006126
7680874056715,65575948335944
7680907348715,65575985689303
7680940635715,65576026827125
7680973941315,65576064216028
7681007220815,65576102134149
7681040537615,65576140944917
7681073792415,65576177468131
7681107089315,65576216892340
7681140372715,65576254684915
7681173663315,65576292513746
7681206958115,65576331364982
7681240239515,65576370255817
7681273531515,65576406545297
7681306818315,65576446775410
7681340107915,65576485653861
7681373398415,65576523115699
7681406687715,65576557690468
7681439976015,65576594625301
7681473265915,65576637403600
7681506556115,65576673389153
7681539844815,65576711396386
7681573134715,65576750194161
7681606423015,65576788523261
7681639715115,65576826732960
7681673001715,65576864395949
7681706290915,65576902880850
7681739590815,65576941903814
7681772871815,65576979530486
7681806158915,65577017105245
7681839455715,65577055180424
7681872740015,65577093714897
7681906027015,65577129842516
7681939324015,65577164756965
7681972615815,65577204205674
7682005925715,65577239770672
7682039184715,65577281156596
7682072474315,65577320729629
7682105764715,65577358628733
7682139054215,65577398882161
7682172342515,65577437970194
7682205632415,65577475429434
7682238923615,65577514920723
7682272210515,65577554089677
7682305500715,65577593483463
7682338789615,65577630626852
7682372080315,65577670408831
7682405369015,65577709396091
7682438657415,65577746740607
7682471954215,65577780446391
7682505240915,65577817345842
7682538525615,65577862773233
7682571821515,65577899386333
7682605106115,65577939103531
7682638393715,65577979257435
7682671690315,65578019049848
7682704980715,65578057611353
7682738263015,65578106326863
7682771552515,65578134506880
7682804840715,65578178206867
7682838131115,65578214962356
7682871420115,65578255913988
7682904708915,65578294989671
7682937998915,65578335522445
7682971288515,65578370379271
7683004577515,65578406760487
7683037867115,65578443881293
7683071157215,65578489223401
7683104447515,65578522970335
7683137735415,65578564095019
7683171023815,65578604734685
7683204320515,65578644112039
7683237603015,65578684166294
7683270892315,65578723391520
7683304188215,65578763413723
7683337508815,65578803892456
7683370759915,65578842178599
7683404056715,65578883112150
7683437340315,65578919785435
7683470629415,65578960121281
7683503918715,65578996409117
7683537206815,65579031113884
7683570498315,65579067783854
7683603785515,65579114718369
7683637075415,65579150680860
7683670365715,65579190409471
7683703656415,65579230082010
7683736943515,65579271477188
7683770234015,65579309089354
7683803524115,65579348712842
7683836816715,65579388285830
7683870102015,65579428597182
7683903390215,65579466775003
7683936688515,65579506536823
7683969969115,65579545423911
7684003258115,65579585885433
7684036554615,65579621348464
7684069838415,65579656732771
7684103126315,65579696527482
7684136423315,65579731575101
7684169707115,65579775012933
7684203003715,65579810858275
7684236284915,65579851835031
7684269573715,65579889775361
7684302863415,65579929399088
7684336152515,65579967375784
7684369441315,65580006608093
7684402732115,65580045948425
7684436023115,65580085196004
7684469309515,65580124115648
7684502600215,65580164510958
7684535890515,65580203754231
7684569178515,65580240838050
7684602468315,65580275868841
7684635756915,65580312194059
7684669080515,65580356201549
7684702334615,65580392970564
7684735624615,65580431801654
7684768921215,65580470019794
7684802204815,65580509933596
7684835493015,65580547582860
7684868789015,65580588643830
7684902075215,65580627307003
7684935361315,65580664799725
7684968655015,65580705074815
7685001953315,65580744074162
7685035229815,65580782676971
7685068519415,65580822049696
7685101807715,65580858604287
7685135098315,65580894305876
7685168391915,65580931782033
7685201675815,65580970081123
7685234966515,65581010939529
7685268256615,65581048466196
7685301544715,65581087504153
7685334835015,65581126943382
7685368123215,65581164272727
7685401419015,65581202893573
7685434703115,65581242221357
7685467990915,65581281998683
7685501287615,65581318856192
7685534588515,65581358019052
7685567859215,65581397975960
7685601155915,65581435021147
7685634449415,65581470826860
7685667727415,65581507596009
7685701021315,65581544216992
7685734307315,65581581491980
7685767596215,65581623961679
7685800886715,65581659920652
7685834174215,65581698603147
7685867464715,65581737464223
7685900753115,65581776608136
7685934054215,65581815223649
7685967333015,65581853897959
7686000658515,65581892976616
7686033910715,65581932114326
7686067200715,65581968225493
7686100490915,65582004285902
7686133786415,65582042697389
7686167069015,65582077407013
7686200357715,65582122783721
7686233655015,65582158803088
7686266936015,65582195617210
7686300225515,65582236042432
7686333522315,65582273846916
7686366805115,65582310973475
7686400094115,65582350093418
7686433387315,65582388139340
7686466673815,65582426963551
7686499963715,65582464296051
7686533252415,65582502228746
7686566540515,65582541032394
7686599832115,65582577869129
7686633119715,65582613117469
7686666408815,65582649769769
7686699702615,65582686390032
7686732988115,65582723519768
7686766276915,65582759373210
7686799567515,65582803013694
7686832859915,65582840573515
7686866174415,65582877623012
7686899435715,65582913066709
7686932724115,65582950197928
7686966028915,65582987323460
7686999302515,65583025546992
7687032592215,65583067418929
7687065888915,65583105463068
7687099171615,65583143900807
7687132460515,65583182810995
7687165753615,65583221687092
7687199041015,65583261086919
7687232328215,65583299963575
7687265618915,65583339173992
7687298907215,65583378011777
7687332228815,65583416731864
7687365485915,65583454875749
7687398775315,65583490866112
7687432065615,65583526127193
7687465356215,65583563644072
7687498643315,65583600492481
7687531933815,65583643079145
7687565223315,65583681746951
7687598516515,65583720527969
7687631801515,65583760274690
7687665091415,65583798870574
7687698386115,65583837635070
7687731670615,65583877309518
7687764958315,65583916737654
7687798255215,65583956913562
7687831538415,65583994719846
7687864826815,65584032578938
7687898119915,65584072739853
7687931406615,65584108457619
7687964694415,65584143645728
7687997985615,65584181464522
7688031291615,65584217881734
7688064563715,65584262401013
7688097853615,65584297134536
7688131141615,65584338360023
7688164432015,65584375689599
7688197748515,65584416060119
7688231015015,65584453605888
7688264300315,65584493863357
7688297608615,65584532605755
7688330882415,65584571344680
7688364168215,65584607848271
7688397458015,65584643363749
7688430753415,65584686103449
7688464036315,65584722721917
7688497324515,65584760208927
7688530621815,65584797234419
7688563903215,65584836699128
7688597196215,65584872758238
7688630489815,65584908413841
7688663772215,65584946119765
7688697060615,65584982637695
7688730350915,65585020180161
7688763640815,65585058210613
7688796930715,65585095490570
7688830219315,65585132499139
7688863508015,65585170808849
7688896799015,65585207272652
7688930086615,65585242255603
7688963376115,65585280199114
7688996666615,65585315927658
7689029955615,65585355687911
7689063249015,65585391848401
7689096534315,65585430419903
7689129824215,65585466602265
7689163119215,65585503997063
7689196402415,65585541605326
7689229691015,65585578120178
7689262988215,65585615583040
7689296270115,65585652319823
7689329559115,65585689820874
7689362855815,65585725044880
7689396140415,65585764151508
7689429428015,65585799430862
7689462718015,65585834996349
7689496008215,65585871172182
7689529295615,65585907585933
7689562586015,65585947314857
7689595897515,65585984703554
7689629196815,65586022133405
7689662452915,65586058119045
7689695743015,65586095978498
7689729033315,65586133240529
7689762321915,65586169255643
7689795616115,65586206264249
7689828901515,65586243429810
7689862191415,65586281143971
7689895484315,65586319152863
7689928768915,65586356327084
7689962057415,65586391644615
7689995353715,65586427218734
7690028637215,65586465741267
7690061925815,65586502971822
7690095222515,65586539368115
7690128506115,65586578043631
7690161793615,65586615234993
7690195084215,65586653045331
7690228374615,65586688201126
7690261661615,65586725654754
7690294951715,65586762198583
7690328263615,65586800200532
7690361531415,65586837148778
7690394820615,65586873765502
7690428108915,65586910229800
7690461399515,65586946190514
7690494694315,65586982300238
7690527982015,65587017119175
7690561267015,65587053981868
7690594557215,65587092171701
7690627850815,65587130269017
7690661135515,65587168126835
7690694425215,65587205271982
7690727720515,65587242394648
7690761003515,65587279174467
7690794291815,65587316569717
7690827589215,65587353705805
7690860871015,65587392266067
7690894160215,65587425278947
7690927450715,65587462627992
7690960763015,65587498630653
7690994028315,65587536188880
7691027318415,65587574592987
7691060608015,65587608579134
7691093897215,65587645060808
7691127187115,65587683210513
7691160475215,65587718741430
7691193766315,65587758818941
7691227054115,65587795164897
7691260354815,65587831397573
7691293633515,65587865543783
7691326924315,65587900251910
7691360217115,65587933903504
7691393502215,65587970595857
7691426792615,65588007169054
7691460088115,65588051632008
7691493369915,65588087309407
7691526658115,65588119713827
7691559956015,65588157599211
7691593239215,65588192262628
7691626526515,65588233382008
7691659816515,65588267775785
7691693106415,65588305497004
7691726394915,65588343532581
7691759684515,65588382220944
7691792974815,65588416690638
7691826276715,65588451050121
7691859553415,65588482742019
7691892841515,65588519052819
7691926141915,65588555647421
7691959420315,65588592298700
7691992714015,65588631111750
7692026000215,65588668504925
7692059289315,65588702891868
7692092583915,65588738146972
7692125868315,65588775018595
7692159158715,65588824428151
7692192452415,65588858883238
7692225736815,65588899513975
7692259024915,65588939029228
7692292371915,65588976595573
7692325604915,65589016574972
7692358892915,65589057235997
7692392202515,65589090342932
7692425473815,65589127613481
7692458760815,65589164788398
7692492051615,65589201255782
7692525341815,65589244219696
7692558629715,65589279383071
7692591919415,65589315919305
7692625207915,65589353378037
7692658498015,65589394489894
7692691787615,65589429497626
7692725080415,65589465821818
7692758366715,65589502879782
7692791656415,65589538161149
7692824950015,65589574251461
7692858234215,65589605135491
7692891524815,65589636514578
7692924818815,65589673573817
7692958102815,65589709721731
7692991391315,65589748281143
7693024687215,65589800355720
7693057970915,65589840422772
7693091259215,65589881921272
7693124550415,65589925877053
7693157868215,65589967618232
7693191127615,65590010070908
7693224417915,65590052355835
7693257719215,65590094693391
7693290995515,65590125420092
7693324286015,65590161741402
7693357575915,65590198852155
7693390864515,65590245814727
7693424153915,65590286892907
7693457446815,65590330653357
7693490733215,65590374173155
7693524021315,65590406099547
7693557316415,65590442929246
7693590601015,65590481499591
7693623921615,65590517713117
7693657184915,65590566075967
7693690469415,65590601738780
7693723758915,65590640963132
7693757054815,65590678830570
7693790337415,65590716848443
7693823626015,65590756178255
7693856917415,65590795706061
7693890204315,65590834859696
7693923494115,65590875649865
7693956784415,65590913724040
7693990073415,65590951943911
7694023362115,65590992996009
7694056652515,65591028495465
7694089942315,65591063746446
7694123231515,65591100583553
7694156520115,65591135673561
7694189813115,65591170392803
7694223099915,65591208411722
7694256388015,65591242984457
7694289685815,65591278937365
7694322967315,65591314997422
7694356256615,65591351163763
7694389551015,65591388530025
7694422835715,65591424339675
7694456126215,65591462266871
7694489442415,65591499346952
7694522703515,65591536602062
7694555991915,65591572776386
7694589300015,65591626214058
7694622570715,65591664555821
7694655860215,65591707670678
7694689150115,65591750642210
7694722439215,65591790778283
7694755728115,65591833467524
7694789018715,65591876388120
7694822308915,65591916710459
7694855596315,65591958044430
7694888886415,65592001073217
7694922179215,65592044534433
7694955498915,65592084966809
7694988753915,65592117672525
7695022049315,65592152124413
7695055342915,65592190120846
7695088624015,65592225543020
7695121917715,65592278675810
7695155202015,65592309480002
7695188491415,65592347158085
7695221785815,65592384573140
7695255069915,65592419783975
7695288359415,65592456823337
7695321648115,65592494701263
7695354938715,65592532084761
7695388226515,65592580085917
7695421517115,65592611559066
7695454806215,65592648039561
7695488094815,65592686204885
7695521384915,65592722917143
7695554674515,65592759973800
7695587962415,65592803249344
7695621252515,65592838440766
7695654573915,65592878810584
7695687831815,65592917445212
7695721120915,65592955719010
7695754415315,65592994099766
7695787699915,65593033068297
7695820988515,65593071514750
7695854283715,65593110908335
7695887568515,65593148579795
7695920887115,65593188695392
7695954152115,65593223323857
7695987436815,65593257376895
7696020725915,65593295783967
7696054015415,65593331812642
7696087304415,65593377687148
7696120593115,65593413991722
7696153883715,65593452572397
7696187174515,65593489343766
7696220461315,65593522906730
7696253751715,65593560370442
7696287040315,65593596420529
7696320329215,65593644020683
7696353619715,65593678704186
7696386913015,65593718199069
7696420199015,65593757722857
7696453487415,65593793866706
7696486781815,65593828169891
7696520067415,65593864716956
7696553354615,65593900652636
7696586650115,65593939040031
7696619934515,65593974944642
7696653223915,65594011545250
7696686518715,65594048660629
7696719803015,65594085260618
7696753092315,65594121152621
7696786381015,65594157411011
7696819670915,65594195034847
7696852959415,65594232476536
7696886249515,65594268502403
7696919538315,65594306275880
7696952846215,65594342375280
7696986118215,65594397522322
7697019408215,65594432183140
7697052695715,65594475655820
7697085985915,65594518204507
7697119280615,65594560313477
7697152563915,65594601276053
7697185854415,65594633451477
7697219177515,65594670073198
7697252470415,65594707505918
7697285721715,65594743898336
7697319016615,65594792083240
7697352300615,65594821878153
7697385590315,65594858284158
7697418885115,65594894145805
7697452168415,65594930905324
7697485459115,65594965609035
7697518747215,65595003609675
7697552037615,65595040043423
7697585325715,65595078388394
7697618615715,65595115624414
7697651904815,65595161614948
7697685193815,65595195879546
7697718484115,65595235120816
7697751774215,65595272213695
7697785062015,65595307713290
7697818352415,65595343369729
7697851646415,65595381323439
7697884930315,65595416937899
7697918220915,65595460145682
7697951543715,65595496146988
7697984798915,65595531902866
7698018088315,65595570321220
7698051383315,65595605618855
7698084669215,65595652505737
7698117964915,65595688965049
7698151251015,65595724568128
7698184535315,65595759192100
7698217824015,65595796550364
7698251113615,65595832837183
7698284405015,65595879723202
7698317693515,65595914992588
7698350982015,65595957920716
7698384272115,65595996696375
7698417560015,65596034331360
7698450850615,65596074222939
7698484138715,65596113198285
7698517428315,65596152154571
7698550718915,65596190063406
7698584044015,65596224418734
7698617296515,65596260963192
7698650587015,65596298754666
7698683910615,65596335351233
7698717165815,65596372469424
7698750454415,65596419688221
7698783749215,65596455445716
7698817034715,65596495534887
7698850325415,65596533420780
7698883617615,65596573794055
7698916901315,65596612108561
7698950192215,65596653642401
7698983479515,65596692247526
7699016770415,65596732207793
7699050060515,65596773180142
7699083349715,65596812476047
7699116638015,65596849379067
7699149926415,65596882848968
7699183217815,65596919226259
7699216505615,65596953691108
7699249794815,65596991413753
7699283085115,65597026997026
7699316377215,65597063365252
7699349662715,65597102143933
7699382953415,65597139857647
7699416249215,65597177234911
7699449550615,65597214305691
7699482820615,65597258632009
7699516115115,65597295662466
7699549411315,65597332498486
7699582688615,65597372518537
7699615991415,65597413172329
7699649267815,65597449078036
7699682557715,65597491016978
7699715846515,65597528643140
7699749136315,65597567570854
7699782426715,65597606856312
7699815713515,65597646977854
7699849004415,65597685106877
7699882293115,65597724493198
7699915640115,65597762544801
7699948871615,65597794760601
7699982160815,65597832185068
7700015451415,65597869359928
7700048744415,65597916870501
7700082029215,65597948564337
7700115319815,65597988840011
7700148616515,65598027795490
7700181897215,65598065201173
7700215187815,65598101644288
7700248482015,65598143727141
7700281766415,65598181577304
7700315055315,65598218954593
7700348350615,65598259373542
7700381634515,65598297102539
7700414924215,65598336756442
7700448212515,65598372215929
7700481502515,65598406349941
7700514792515,65598443210014
7700548081015,65598480622347
7700581370915,65598526994529
7700614659215,65598559203462
7700647949615,65598599177729
7700681238915,65598636586618
7700714527515,65598673607664
7700747821015,65598710353076
7700781130815,65598748363194
7700814395515,65598784560865
7700847686015,65598820957136
7700881005415,65598856893645
7700914263215,65598889524838
7700947553915,65598923829850
7700980850215,65598959644291
7701014132715,65598993545006
7701047422715,65599031277017
7701080716815,65599065335278
7701114001315,65599101975837
7701147289515,65599137895373
7701180578815,65599176090027
7701213869115,65599211806421
7701247192315,65599248685077
7701280446715,65599285569532
7701313737415,65599320787686
7701347026615,65599357611654
7701380316315,65599395133783
7701413605415,65599431570352
7701446893615,65599467634316
7701480185415,65599517403206
7701513475215,65599555632932
7701546761815,65599595422859
7701580052415,65599634583806
7701613347115,65599674774711
7701646630215,65599712166599
7701679920615,65599751731728
7701713216015,65599790049333
7701746499215,65599829115848
7701779789215,65599868375696
7701813083215,65599909097864
7701846367815,65599947391256
7701879655615,65599988301823
7701912944815,65600022022781
7701946235215,65600056100895
7701979524615,65600094788213
7702012813215,65600131436930
7702046103515,65600173420924
7702079394015,65600210595079
7702112681315,65600248994974
7702145971815,65600286906142
7702179259615,65600322516549
7702212573415,65600360553202
7702245841215,65600396018441
7702279144815,65600437134886
7702312418815,65600471168453
7702345714715,65600509868428
7702378996715,65600547805293
7702412286915,65600590723040
7702445583415,65600622669904
7702478864715,65600658532870
7702512155315,65600695428437
7702545449515,65600731758051
7702578733515,65600785589373
7702612022015,65600821740403
7702645311615,65600856253472
7702678601515,65600893468940
7702711892115,65600929918627
7702745179415,65600976917683
7702778469815,65601009543508
7702811759615,65601044541060
7702845047715,65601079764318
7702878338215,65601116107518
7702911627815,65601155227548
7702944916715,65601192199534
7702978208515,65601226667462
7703011494615,65601263549874
7703044785115,65601300053221
7703078080815,65601342834631
7703111362915,65601377487204
7703144653515,65601413570931
7703177948615,65601448445958
7703211230715,65601483699998
7703244521515,65601521720786
7703277847315,65601558285205
7703311100515,65601592191612
7703344389115,65601628986188
7703377678015,65601665805357
7703410968315,65601714677893
7703444256515,65601743175848
7703477546015,65601780183130
7703510836315,65601818593116
7703544144815,65601857095870
7703577413715,65601899860810
7703610704515,65601940659348
7703643994215,65601976561131
7703677283515,65602013244946
7703710574915,65602052112803
7703743861015,65602088358490
7703777152515,65602123142735
7703810448515,65602157651129
7703843729315,65602195287945
7703877019815,65602230558167
7703910314515,65602269880070
7703943597015,65602304317908
7703976888215,65602338620378
7704010183915,65602375357063
7704043466715,65602410964771
7704076755415,65602451919540
7704110043815,65602487043340
7704143336015,65602524497417
7704176622815,65602562299395
7704209912015,65602605912698
7704243202615,65602642102899
7704276492015,65602678204212
7704309780815,65602712679790
7704343070815,65602751995405
7704376360215,65602787244415
7704409657515,65602824400257
7704442941215,65602861372615
7704476227315,65602895561191
7704509517815,65602932179435
7704542811715,65602970125338
7704576099015,65603010154088
7704609386315,65603046029366
7704642683415,65603083291762
7704675963715,65603121878735
7704709254315,65603159110473
7704742549915,65603195610933
7704775831915,65603232961447
7704809122615,65603270566872
7704842412115,65603306027531
7704875729215,65603344139775
7704908989615,65603381024218
7704942278415,65603417844077
7704975568915,65603450972466
7705008858415,65603486896301
7705042147015,65603523762991
7705075436915,65603561074395
7705108727815,65603597133795
7705142014515,65603639295243
7705175307315,65603674480942
7705208594215,65603709275449
7705241883915,65603746177089
7705275178915,65603782833566
7705308461915,65603823969721
7705341752815,65603859088743
7705375049215,65603897173963
7705408330315,65603934646666
7705441621115,65603971610273
7705474917415,65604008031090
7705508197815,65604045484813
7705541488215,65604082567019
7705574778115,65604118798126
7705608067215,65604155865294
7705641356815,65604193539854
7705674645315,65604231011963
7705707935615,65604266783380
7705741242215,65604302483748
7705774513015,65604338558752
7705807803715,65604374895432
7705841101715,65604416996106
7705874381915,65604453435019
7705907674515,65604489763094
7705940961615,65604526848214
7705974250715,65604564045897
7706007545515,65604602159875
7706040828215,65604638627984
7706074118815,65604675293727
7706107412915,65604712627599
7706140696415,65604748671120
7706173986615,65604786135896
7706207314715,65604823799535
7706240564215,65604859353017
7706273854915,65604894350144
7706307144815,65604932593290
7706340435615,65604969660898
7706373723215,65605007200506
7706407010915,65605046166373
7706440302915,65605083136674
7706473607515,65605118942568
7706506879715,65605155990529
7706540170415,65605194073735
7706573460115,65605230056868
7706606747415,65605267119686
7706640038915,65605303936678
7706673329315,65605341205710
7706706617815,65605378818022
7706739911715,65605414972682
7706773194715,65605449210633
7706806486015,65605482999707
7706839779015,65605520423608
7706873063015,65605556894697
7706906353515,65605593254825
7706939648715,65605631235446
7706972931015,65605666363640
7707006221715,65605703356630
7707039515715,65605740483806
7707072821615,65605778838931
7707106089815,65605812434675
7707139377615,65605848846823
7707172691415,65605885480999
7707205956115,65605925353194
7707239245915,65605958356005
7707272536415,65605995281630
7707305825615,65606031801350
7707339114315,65606069577461
7707372406715,65606111569617
7707405694815,65606155191916
7707438982015,65606187466348
7707472278415,65606223178692
7707505561115,65606260400047
7707538890915,65606297024094
7707572145815,65606335207775
7707605428915,65606372571037
7707638719515,65606408356605
7707672015515,65606446164246
7707705297215,65606483338944
7707738587615,65606519576932
7707771881815,65606557980119
7707805165415,65606593464463
7707838455615,65606630833887
7707871744115,65606667032342
7707905034415,65606706617031
7707938323515,65606749545396
7707971612415,65606783341837
7708004902815,65606818801393
7708038192815,65606855024256
7708071480515,65606891690741
7708104771715,65606927835093
7708138060515,65606965642654
7708171348515,65607001508596
7708204644615,65607039020227
7708237927515,65607075116976
7708271217815,65607115025052
7708304512315,65607159310760
7708337795215,65607196522039
7708371089215,65607238672057
7708404403815,65607280439764
7708437663715,65607318088304
7708470954115,65607359333503
7708504281815,65607398844458
7708537531215,65607437045052
7708570822215,65607478094683
7708604111915,65607517429706
7708637400215,65607557940046
7708670690815,65607592627147
7708703978715,65607629381239
7708737269015,65607665554830
7708770557115,65607702771083
7708803847115,65607738562442
7708837137715,65607786183498
7708870426315,65607822853831
7708903715015,65607861547144
7708937010915,65607903076410
7708970295115,65607942588822
7709003585115,65607982211808
7709036879615,65608021948294
7709070162015,65608061697432
7709103453215,65608100582472
7709136747015,65608139417410
7709170030315,65608179136406
7709203320215,65608212697706
7709236609615,65608247006949
7709269898015,65608283479526
7709303188515,65608320394693
7709336478515,65608356637031
7709369769215,65608397482568
7709403056915,65608443760158
7709436344815,65608483486965
7709469635515,65608524098789
7709502923715,65608568288151
7709536213015,65608608261778
7709569504215,65608651025309
7709602792515,65608691151701
7709636081415,65608734952388
7709669377415,65608776080522
7709702661715,65608816848507
7709735949015,65608851483018
7709769245915,65608887444970
7709802528515,65608925224486
7709835850615,65608961191629
7709869113415,65609010570868
7709902417115,65609042286983
7709935687315,65609085271651
7709968976315,65609126172989
7710002264115,65609167099209
7710035555015,65609208504174
7710068845415,65609248170370
7710102132515,65609287934803
7710135423215,65609328571658
7710168711715,65609367012720
7710202001715,65609410322250
7710235290715,65609449275545
7710268580115,65609484882295
7710301871015,65609519372643
7710335160115,65609556460214
7710368447715,65609592580208
7710401743915,65609638556501
7710435027615,65609673739527
7710468315515,65609714106115
7710501612015,65609752684209
7710534896115,65609792443358
7710568184915,65609832012598
7710601481115,65609871933534
7710634762615,65609912667305
7710668053115,65609952258971
7710701356715,65609991774477
7710734631415,65610030065436
7710767921415,65610073444604
7710801229115,65610104360674
7710834499115,65610140359361
7710867789515,65610177805922
7710901079115,65610213967122
7710934367915,65610249768102
7710967657215,65610303205551
7711000945815,65610336876301
7711034237715,65610379536421
7711067524915,65610420309991
7711100814315,65610455961713
7711134110015,65610490088994
7711167444615,65610527560976
7711200682015,65610563672321
7711233978415,65610613684098
7711267262115,65610648108312
7711300551715,65610690391916
7711333846915,65610721945010
7711367129015,65610757847990
7711400420215,65610795084209
7711433716215,65610831303626
7711466997115,65610869754791
7711500287715,65610906069889
7711533576815,65610943093608
7711566865415,65610979496044
7711600155415,65611031964658
7711633445415,65611066138448
7711666734815,65611111276590
7711700023715,65611150999011
7711733312315,65611191771030
7711766605615,65611233247032
7711799891315,65611272989739
7711833180415,65611315504530
7711866476615,65611354158581
7711899759915,65611396445265
7711933048415,65611428784182
7711966344515,65611464652212
7711999630115,65611501843791
7712032936115,65611538212301
7712066213615,65611574496825
7712099495615,65611612714835
7712132791715,65611648231929
7712166074215,65611685863285
7712199363615,65611721339101
7712232653615,65611760265294
7712265944615,65611795993193
7712299232115,65611832964815
7712332522415,65611869515291
7712365812315,65611923552452
7712399099815,65611959919135
7712432389915,65612004365334
7712465680115,65612043568462
7712498999915,65612084799368
7712532257615,65612125125444
7712565546615,65612166026921
7712598842715,65612208197828
7712632127115,65612248767679
7712665415415,65612292308654
7712698710815,65612328530735
7712731995515,65612372364174
7712765283115,65612407031333
7712798579815,65612442416483
7712831869615,65612480168366
7712865152015,65612517474016
7712898441515,65612553187992
7712931730115,65612599398837
7712965020615,65612635292769
7712998310315,65612676183488
7713031598115,65612712849794
7713064888515,65612751786794
7713098178115,65612790652931
7713131466415,65612829757541
7713164756315,65612868735526
7713198045915,65612907403664
7713231336015,65612948590706
7713264625115,65612987499061
7713297913515,65613022664538
7713331224415,65613060031013
7713364514115,65613096839276
7713397781515,65613133946856
7713431077615,65613170642792
7713464381915,65613215165606
7713497649415,65613251263936
7713530945915,65613291276599
7713564237615,65613329684181
7713597518715,65613369185329
7713630811815,65613409876700
7713664096415,65613446767140
7713697386915,65613487191604
7713730675115,65613526758348
7713763964515,65613565185939
7713797254915,65613604949668
7713830544215,65613641201897
7713863832115,65613676108604
7713897122915,65613714239756
7713930412615,65613751512246
7713963706715,65613787555532
7713996990415,65613832887760
7714030279415,65613867206748
7714063576915,65613906498694
7714096858115,65613945795758
7714130147715,65613985102703
7714163444315,65614020609488
7714196728215,65614060146413
7714230016215,65614097797266
7714263312415,65614135533030
7714296597015,65614174816250
7714329886315,65614212434476
7714363178115,65614247536711
7714396462615,65614283499126
7714429753815,65614320396542
7714463045015,65614357677971
7714496330915,65614394547780
7714529621415,65614433920150
7714562910615,65614473285688
7714596199015,65614511662107
7714629489215,65614549768546
7714662780115,65614586861205
7714696066915,65614625942496
7714729357215,65614664120056
7714762645915,65614701938137
7714795960815,65614738730566
7714829224815,65614774062934
7714862513815,65614808922615
7714895810615,65614845183423
7714929093715,65614882691064
7714962382115,65614917784335
7714995678815,65614966440145
7715028962815,65615003359566
7715062250315,65615045158748
7715095544215,65615083385995
7715128829415,65615125411254
7715162119115,65615164787557
7715195407715,65615204173697
7715228697215,65615244185403
7715261987215,65615282626430
7715295277615,65615318918439
7715328565315,65615353404289
7715361855815,65615390604703
7715395146115,65615427374151
7715428434015,65615463282728
7715461723515,65615500804489
7715495012515,65615539347666
7715528308215,65615579885119
7715561591515,65615615687077
7715594880515,65615653463891
7715628176615,65615691044837
7715661460415,65615730079436
7715694748315,65615766119943
7715728045215,65615798808304
7715761328415,65615834712128
7715794616715,65615870776761
7715827913715,65615908990696
7715861207715,65615947621334
7715894485515,65615982813441
7715927775315,65616022015946
7715961063415,65616059644181
7715994354215,65616097929337
7716027642115,65616130075739
7716060931915,65616168309643
7716094222415,65616204365620
7716127545815,65616241135740
7716160799315,65616288999040
7716194090115,65616322478351
7716227380115,65616358989802
7716260675715,65616399025277
7716293957915,65616436614323
7716327247315,65616472946454
7716360546915,65616506808529
7716393825815,65616543195059
7716427114815,65616579382256
7716460411415,65616622660138
7716493694515,65616659045297
7716526983115,65616699896864
7716560279815,65616731874262
7716593562915,65616767530720
7716626853215,65616805134163
7716660141515,65616841694365
7716693429815,65616883398679
7716726721615,65616918581658
7716760008715,65616954011688
7716793298215,65616991781132
7716826588915,65617028146711
7716859877815,65617066082795
7716893166315,65617115380777
7716926456115,65617152929024
7716959746415,65617194905205
7716993050015,65617236486807
7717026324415,65617268676793
7717059613215,65617304621035
7717092910215,65617342317861
7717126191915,65617379393408
7717159481315,65617417743052
7717192777615,65617467980685
7717226060915,65617502741406
7717259349315,65617544745272
7717292642915,65617582421177
7717325930115,65617623871783
7717359217615,65617664148339
7717392508215,65617701251284
7717425796215,65617740241728
7717459111815,65617782055219
7717492375115,65617818496661
7717525665015,65617858685041
7717558955515,65617891708226
7717592244415,65617929582736
7717625532715,65617965557028
7717658822715,65618002669807
7717692113415,65618038221372
7717725406615,65618077981360
7717758691715,65618121061019
7717791979115,65618157632148
7717825275415,65618191953473
7717858559515,65618228994228
7717891847615,65618265401041
7717925144515,65618302670186
7717958428015,65618338064371
7717991715815,65618377042092
7718025012515,65618418495862
7718058296115,65618455549104
7718091583815,65618496207102
7718124874515,65618534906840
7718158164015,65618573680584
7718191453015,65618605878832
7718224742815,65618643041572
7718258034415,65618678640413
7718291321515,65618715417775
7718324634615,65618751688194
7718357899115,65618787045346
7718391189015,65618825708364
7718424483615,65618861360364
7718457772415,65618898443338
7718491057715,65618934907038
7718524347115,65618972548742
7718557643115,65619023767667
7718590925915,65619060223822
7718624214415,65619103722427
7718657511715,65619142314501
7718690792915,65619182818991
7718724082215,65619223803194
7718757378915,65619262788088
7718790711615,65619305538482
7718823950115,65619343910073
7718857240715,65619385677962
7718890530215,65619416940090
7718923819515,65619452356317
7718957109115,65619492270606
7718990397415,65619529430965
7719023688915,65619566584342
7719056975815,65619603910378
7719090265215,65619642342260
7719123555915,65619677080132
7719156845315,65619714737834
7719190138115,65619752059119
7719223423115,65619792123475
7719256713715,65619827371210
7719290009915,65619862116094
7719323291915,65619898050844
7719356580315,65619935839729
7719389878515,65619970941548
7719423160815,65620012934741
7719456448815,65620046654616
7719489744915,65620082138569
7719523028215,65620119609364
7719556316715,65620156554645
7719589606815,65620196935095
7719622898015,65620232899180
7719656206615,65620269558703
7719689475515,65620306129752
7719722763415,65620343605215
7719756067915,65620382420808
7719789342015,65620413371489
7719822631615,65620449781290
7719855921915,65620485298395
7719889212615,65620522733894
7719922504715,65620559459175
7719955789815,65620595545925
7719989080415,65620648674374
7720022373515,65620689438696
7720055658015,65620729611989
7720088947815,65620770366662
7720122277215,65620812356960
7720155539115,65620851416651
7720188815315,65620892199723
7720222111615,65620933505358
7720255399315,65620972597023
7720288682915,65621014703276
7720321973715,65621049208019
7720355422415,65621085431664
7720388550815,65621122406364
7720421841815,65621160079796
7720455153015,65621195841188
7720488420115,65621243976282
7720521710115,65621281269692
7720554998215,65621322014415
7720588288415,65621356011138
7720621578715,65621390248828
7720654870915,65621427543679
7720688156015,65621463721546
7720721446615,65621504697233
7720754740115,65621539706800
7720788025015,65621576205271
7720821314715,65621615166597
7720854610215,65621651802457
7720887892915,65621689682611
7720921181215,65621727787671
7720954478715,65621763035218
7720987760215,65621801134421
7721021049215,65621838056637
7721054339515,65621874416449
7721087661815,65621922729483
7721120917415,65621958255585
7721154207715,65621996007869
7721187497315,65622036527667
7721220786815,65622076429603
7721254076615,65622113510723
7721287364515,65622153366190
7721320655815,65622187613691
7721353942515,65622224645918
7721387237515,65622261404581
7721420523515,65622298622551
7721453812115,65622335851899
7721487106115,65622371483785
7721520390915,65622417216351
7721553680815,65622455863979
7721586977615,65622494360164
7721620259315,65622533273711
7721653547315,65622571303826
7721686845615,65622610775098
7721720126215,65622649672889
7721753416015,65622684637582
7721786706615,65622719630201
7721819996515,65622756123594
7721853284215,65622792965721
7721886574315,65622829319700
7721919864915,65622868266498
7721953152715,65622905374282
7721986442715,65622943155823
7722019730915,65622979696059
7722053025215,65623017051683
7722086309315,65623055670932
7722119603515,65623090903529
7722152889415,65623129501773
7722186178215,65623166672128
7722219473115,65623201738697
7722252757215,65623248899095
7722286047515,65623282974208
7722319341715,65623321889996
7722352625515,65623359733040
7722385914315,65623399891058
7722419245715,65623437360520
7722452492815,65623477498845
7722485782215,65623516687761
7722519072215,65623553593298
7722552361615,65623594473326
7722585650515,65623633821237
7722618940915,65623670060198
7722652231215,65623704653478
7722685518415,65623741803814
7722718808715,65623779311409
7722752097415,65623816416899
7722785387415,65623853091352
7722818683115,65623895649221
7722851969715,65623932901802
7722885255715,65623971976466
7722918546015,65624009427007
7722951840715,65624048246536
7722985124015,65624086663487
7723018414515,65624123941402
7723051707715,65624162703793
7723084992215,65624201431050
7723118280515,65624240683915
7723151577115,65624273844760
7723184860415,65624310567628
7723218148615,65624346054062
7723251439115,65624383535583
7723284737115,65624419741407
7723318016515,65624456074280
7723351307315,65624501121336
7723384596115,65624534067628
7723417884615,65624569079914
7723451175115,65624606558816
7723484492115,65624643412538
7723517753715,65624678911203
7723551043815,65624729037285
7723584336715,65624765578103
7723617622215,65624806896695
7723650910315,65624845889841
7723684205715,65624888392635
7723717489815,65624929527144
7723750801015,65624971234734
7723784073915,65625005450794
7723817358715,65625040656647
7723850649115,65625077835219
7723883944015,65625115266014
7723917226715,65625151132702
7723950518015,65625189415306
7723983806415,65625232873727
7724017094015,65625271139467
7724050383015,65625310339037
7724083673415,65625351296869
7724116962315,65625386548556
7724150251215,65625422632829
7724183541415,65625459659713
7724216831115,65625495788099
7724250120915,65625532617149
7724283409615,65625573196743
7724316702415,65625613058697
7724349991115,65625652694452
7724383276615,65625692186949
7724416571715,65625731231985
7724449858315,65625771829069
7724483146115,65625806422758
7724516440615,65625840372891
7724549724915,65625876475390
7724583014715,65625912665423
7724616327615,65625947979990
7724649592715,65625986477928
7724682881315,65626021800078
7724716179115,65626058280416
7724749460215,65626095339922
7724782749415,65626131859325
7724816039715,65626178430737
7724849328715,65626217399937
7724882617715,65626260504282
7724915907715,65626302771450
7724949197815,65626345142425
7724982486015,65626385852608
7725015776515,65626419101021
7725049069215,65626454763997
7725082388715,65626491948475
7725115643415,65626528447244
7725148938315,65626567153137
7725182222615,65626616394778
7725215512615,65626651053115
7725248806615,65626695165964
7725282091315,65626733694390
7725315381515,65626775333282
7725348674615,65626815522949
7725381959115,65626855520014
7725415247715,65626897703725
7725448538015,65626937733913
7725481827315,65626979707702
7725515115815,65627020804460
7725548406115,65627054478723
7725581695215,65627089547468
7725614984015,65627127546793
7725648274115,65627163165610
7725681563415,65627200270046
7725714851915,65627250442883
7725748142615,65627285048545
7725781436515,65627327410251
7725814720915,65627366232824
7725848013315,65627406686286
7725881305015,65627448608436
7725914590615,65627489541028
7725947900415,65627528279868
7725981173315,65627571090571
7726014457715,65627607811703
7726047761515,65627650610374
7726081041615,65627685243011
7726114325515,65627720325786
7726147615015,65627758241288
7726180904515,65627794314882
7726214194515,65627830622998
7726247482015,65627879725301
7726280773015,65627916780121
7726314060815,65627957341575
7726347350715,65627997495496
7726380640415,65628037972227
7726413929915,65628079218275
7726447217815,65628119438986
7726480509015,65628159455069
7726513802415,65628200722988
7726547088715,65628239530160
7726580376415,65628281830251
7726613671015,65628315714528
7726646956715,65628350577899
7726680244315,65628388056352
7726713539115,65628424894224
7726746824015,65628461240106
7726780112815,65628511426489
7726813407815,65628545726882
7726846691915,65628580686626
7726879981515,65628615857551
7726913271215,65628653200517
7726946559915,65628690092206
7726979848415,65628727884858
7727013140115,65628777115407
7727046427815,65628815594868
7727079716515,65628848082673
7727113006915,65628883527245
7727146296415,65628920527610
7727179584515,65628958269217
7727212875315,65628992660944
7727246170815,65629030811218
7727279452815,65629066398816
7727312742815,65629104750914
7727346037615,65629140894521
7727379359415,65629178845827
7727412610515,65629213788040
7727445905715,65629250773986
7727479190715,65629286681082
7727512480615,65629325808526
7727545773915,65629362699087
7727579058415,65629399142346
7727612347915,65629436299207
7727645636115,65629485021630
7727678926715,65629522080806
7727712216215,65629556519273
7727745508515,65629592500352
7727778793415,65629629762510
7727812083015,65629666594857
7727845373515,65629705594381
7727878663715,65629748739901
7727911951215,65629784374028
7727945241415,65629822830879
7727978536215,65629859810327
7728011818715,65629898453617
7728045109415,65629935993433
7728078433115,65629974278252
7728111688315,65630008993829
7728144978115,65630046412902
7728178272315,65630083788900
7728211556315,65630119742054
7728244845715,65630158726573
7728278140415,65630195229181
7728311424715,65630234929858
7728344713815,65630271065543
7728378001815,65630307548134
7728411292615,65630345180000
7728444581315,65630382751260
7728477871815,65630419394741
7728511161415,65630455905617
7728544449715,65630493437794
7728577739915,65630528553004
7728611027815,65630568079590
7728644317315,65630603036240
7728677607915,65630639357890
7728710937315,65630676553468
7728744185815,65630712735339
7728777475815,65630750813685
7728810800215,65630785662899
7728844054515,65630825023927
7728877344515,65630860845782
7728910638215,65630898614260
7728943924115,65630936516139
7728977211515,65630971639727
7729010506815,65631008454119
7729043791415,65631045604424
7729077080315,65631083040989
7729110368215,65631119908741
7729143659315,65631155916077
7729176948815,65631189381808
7729210238515,65631226812960
7729243527315,65631263704851
7729276816115,65631301642245
7729310107315,65631337148594
7729343394015,65631372335097
7729376684115,65631405789879
7729409974715,65631438529925
7729443268115,65631475447487
7729476551915,65631512174151
7729509841815,65631552667557
7729543139315,65631588445574
7729576424615,65631625275622
7729609710315,65631661926661
7729643022215,65631702027232
7729676289315,65631739031136
7729709577715,65631776847468
7729742873115,65631813364075
7729776157615,65631850691104
7729809446715,65631888067440
7729842735115,65631928482684
7729876025615,65631967260012
7729909315815,65632004285170
7729942603415,65632039237559
7729975893615,65632076295428
7730009181915,65632114374163
7730042514315,65632152313675
7730075761115,65632188926785
7730109050315,65632225258418
7730142340615,65632260817010
7730175633815,65632297480360
7730208918315,65632333763840
7730242209015,65632370231464
7730275505715,65632404470685
7730308786415,65632442513610
7730342076815,65632478729144
7730375371215,65632513558536
7730408664115,65632554175180
7730441944915,65632590515687
7730475239715,65632626363656
7730508524115,65632664309494
7730541814115,65632700772798
7730575101115,65632739074269
7730608392115,65632774644702
7730641682215,65632814298163
7730674969315,65632851359000
7730708259915,65632889242395
7730741548415,65632926024653
7730774838115,65632958945358
7730808128515,65632995712445
7730841416415,65633033563832
7730874707215,65633070272060
7730908015115,65633108381792
7730941284815,65633151775377
7730974575215,65633185990313
7731007871115,65633223765495
7731041152615,65633260117516
7731074442915,65633298013451
7731107767215,65633334573591
7731141021815,65633373029563
7731174311215,65633409429025
7731207605615,65633448672771
7731240890015,65633484226406
7731274178615,65633521388333
7731307468015,65633555288934
7731340758215,65633590666442
7731374075615,65633626380036
7731407335815,65633665689382
7731440626315,65633701326528
7731473917315,65633733697222
7731507205115,65633770534072
7731540497515,65633805933052
7731573783415,65633856542109
7731607074215,65633884744337
7731640364415,65633920478503
7731673651115,65633959498965
7731706941515,65633995352504
7731740236615,65634030210147
7731773519615,65634067306493
7731806809715,65634103315066
7731840105315,65634140423952
7731873389215,65634192799232
7731906677815,65634232349063
7731939972315,65634275810964
7731973257315,65634319027676
7732006545115,65634360922849
7732039834315,65634393733749
7732073123415,65634429682819
7732106414215,65634466454396
7732139702415,65634503007773
7732172992815,65634556577880
7732206282515,65634595840412
7732239598915,65634640292344
7732272860915,65634670818551
7732306149415,65634706470111
7732339447615,65634743727916
7732372731115,65634779288376
7732406017615,65634834119377
7732439307715,65634873274520
7732472603515,65634915663249
7732505885415,65634958507010
7732539175815,65635000902882
7732572472715,65635043371908
7732605754115,65635085829837
7732639044215,65635127325336
7732672342615,65635171144148
7732705658115,65635213065104
7732738911215,65635253862408
7732772200315,65635296381481
7732805490715,65635326887177
7732838780215,65635363352841
7732872068615,65635400397312
7732905359315,65635436045295
7732938649415,65635472252557
7732971936715,65635509577390
7733005227415,65635546168153
7733038515815,65635582281865
7733071806115,65635620587910
7733105097815,65635658771112
7733138383615,65635696203433
7733171674215,65635733354714
7733204970515,65635769124291
7733238251915,65635805239046
7733271542515,65635841493891
7733304837715,65635879025003
7733338120415,65635915690799
7733371410815,65635951843648
7733404706515,65635991587359
7733437991515,65636026706637
7733471278215,65636064318965
7733504566515,65636100991612
7733537872815,65636140607421
7733571169015,65636190903715
7733604435215,65636228952174
7733637725415,65636272513252
7733671033215,65636314451591
7733704303115,65636355176873
7733737593615,65636398824993
7733770882815,65636440485847
7733804172415,65636469918682
7733837464215,65636506267159
7733870750115,65636543929107
7733904040515,65636581257172
7733937334715,65636619836410
7733970618415,65636656791651
7734003908815,65636693508056
7734037237915,65636730238384
7734070486415,65636781538329
7734103776915,65636817778958
7734137072415,65636858698944
7734170356615,65636899720349
7734203645215,65636931894998
7734236933315,65636966883993
7734270224315,65637003597841
7734303512215,65637039937342
7734336801415,65637077864206
7734370091515,65637114364818
7734403381215,65637151260093
7734436669415,65637189910981
7734469960415,65637242103025
7734503249415,65637281206317
7734536539315,65637323878731
7734569845615,65637364456488
7734603116215,65637407799913
7734636407415,65637447420613
7734669700815,65637491532320
7734702984715,65637531899684
7734736275215,65637574662542
7734769570815,65637607439350
7734802852915,65637643340519
7734836143215,65637681892306
7734869440215,65637718629309
7734902720915,65637768706819
7734936011515,65637804455300
7734969299815,65637846270624
7735002627715,65637887139994
7735035878415,65637928035202
7735069167915,65637969985987
7735102457515,65638007960068
7735135748515,65638040334070
7735169036015,65638075206138
7735202326315,65638114065341
7735235615715,65638147261659
7735268903815,65638185714826
7735302196515,65638222389470
7735335497215,65638258715535
7735368773315,65638297997313
7735402066915,65638348974247
7735435351315,65638387548971
7735468641715,65638431116498
7735501938215,65638472120477
7735535219215,65638503311254
7735568509315,65638539812319
7735601807015,65638578135858
7735635087115,65638615582069
7735668377415,65638666265390
7735701666115,65638699234068
7735734956115,65638736185878
7735768246115,65638772139862
7735801534215,65638809695188
7735834824615,65638845967648
7735868113315,65638884957164
7735901402215,65638927219162
7735934692415,65638963689013
7735967982115,65639001795854
7736001270115,65639040358249
7736034562815,65639078172817
7736067849515,65639110428321
7736101155315,65639146316654
7736134435015,65639181861292
7736167717215,65639218821151
7736201007915,65639255867581
7736234302015,65639294035880
7736267585615,65639329616280
7736300875715,65639365665704
7736334203315,65639402792526
7736367453215,65639439342451
7736400744415,65639493394890
7736434033515,65639531019420
7736467322715,65639574248319
7736500611915,65639614666407
7736533901015,65639653256823
7736567192015,65639693874275
7736600479015,65639734589940
7736633768315,65639771806886
7736667059215,65639812040483
7736700348215,65639850633479
7736733636715,65639889917077
7736766928815,65639930150967
7736800216815,65639964982010
7736833506715,65640001911216
7736866807415,65640038222067
7736900083515,65640075249669
7736933374615,65640110465810
7736966668415,65640146940178
7736999951915,65640182620802
7737033242215,65640217886594
7737066539115,65640255357377
7737099819815,65640292168921
7737133110315,65640335213278
7737166401115,65640367490709
7737199699115,65640403192097
7737232978215,65640440978468
7737266266715,65640477345163
7737299557215,65640527697960
7737332845315,65640565610125
7737366135015,65640606210402
7737399425315,65640645904436
7737432715015,65640685090060
7737466003215,65640723144637
7737499296115,65640764704861
7737532583815,65640801666205
7737565870715,65640840937858
7737599167315,65640879632469
7737632449915,65640919880129
7737665763515,65640960421741
7737699034615,65640993983940
7737732317915,65641031741708
7737765608615,65641068634025
7737798905115,65641104600855
7737832186615,65641139818692
7737865476815,65641177275372
7737898771315,65641223841948
7737932054515,65641262498342
7737965344615,65641294728870
7737998636915,65641330225794
7738031923515,65641368113014
7738065212415,65641404885912
7738098501515,65641445999113
7738131792315,65641492496426
7738165081915,65641527870714
7738198369315,65641570711377
7738231661815,65641613735287
7738264950315,65641650866207
7738298237515,65641690754519
7738331533515,65641731162547
7738364816715,65641764968430
7738398106315,65641802030960
7738431402115,65641838690640
7738464684815,65641876188712
7738497975015,65641912062374
7738531290015,65641959879574
7738564552515,65641994290200
7738597843115,65642034737775
7738631133115,65642072400403
7738664420715,65642111979282
7738697711215,65642150517741
7738731000615,65642188122310
7738764290115,65642222658557
7738797578915,65642258256451
7738830867715,65642295254765
7738864158115,65642333136584
7738897446515,65642369050539
7738930735715,65642418522557
7738964027815,65642453414260
7738997348015,65642487653584
7739030603915,65642522515314
7739063900015,65642559957451
7739097185415,65642596021155
7739130473515,65642636326009
7739163768915,65642670987919
7739197052815,65642707325233
7739230342415,65642744433681
7739263636015,65642780864393
7739296918915,65642828463650
7739330209415,65642866742984
7739363498615,65642898883943
7739396786815,65642934503641
7739430077315,65642972849954
7739463367415,65643011327168
7739496657315,65643045699951
7739529945515,65643084468689
7739563233915,65643119303376
7739596525015,65643155277981
7739629812915,65643192126377
7739663102315,65643227888579
7739696393915,65643266077442
7739729681715,65643301709764
7739762970315,65643338474687
7739796266415,65643375134069
7739829551415,65643416289885
7739862860815,65643463687241
7739896137615,65643496025593
7739929418715,65643531989978
7739962724915,65643569699931
7739996001815,65643606264814
7740029285315,65643642134677
7740062576015,65643680265229
7740095864515,65643716092549
7740129153415,65643754048192
7740162444015,65643792965028
7740195734015,65643826162507
7740229021315,65643864243428
7740262312115,65643900293777
7740295600215,65643938357429
7740328890115,65643974757129
7740362178915,65644018739255
7740395468215,65644050657862
7740428760015,65644086955504
7740462049115,65644124202868
7740495336615,65644161023008
7740528632515,65644196689561
7740561917115,65644233875908
7740595204215,65644270138544
7740628501015,65644307760718
7740661790715,65644345082076
7740695073215,65644383650920
7740728369415,65644429696232
7740761651515,65644466906356
7740794942315,65644506064791
7740828231815,65644540594804
7740861519815,65644577313309
7740894810615,65644614145554
7740928099715,65644651387498
7740961387915,65644687470350
7740994678015,65644725619030
7741027968015,65644760519991
7741061257015,65644798061032
7741094546515,65644833579898
7741127834515,65644871538742
7741161126715,65644909075654
7741194413815,65644945010477
7741227702915,65644982952257
7741260999115,65645018982389
7741294312615,65645067976808
7741327570915,65645097788368
7741360867615,65645134427877
7741394150815,65645170393882
7741427442015,65645207387481
7741460736215,65645243118993
7741494019415,65645281237468
7741527308615,65645318602440
7741560597215,65645354324131
7741593886215,65645392159120
7741627176615,65645428143424
7741660465615,65645465910401
7741693754215,65645522937720
7741727045115,65645551798442
7741760334215,65645595768605
7741793624215,65645634570426
7741826912615,65645673118201
7741860201215,65645711630439
7741893494315,65645751545177
7741926780315,65645789830299
7741960069415,65645826050857
7741993365115,65645866659374
7742026649115,65645907095881
7742059937215,65645941038927
7742093234215,65645977020913
7742126517315,65646014304900
7742159805915,65646052004150
7742193102615,65646088330887
7742226384215,65646137512853
7742259674515,65646172568566
7742292963415,65646210938938
7742326252615,65646250876954
7742359542715,65646289565768
7742392832315,65646328744220
7742426120515,65646366765623
7742459411215,65646404990879
7742492701715,65646445864368
7742525989115,65646483795532
7742559278915,65646524020039
7742592567715,65646558226671
7742625883615,65646596649463
7742659146215,65646636942516
7742692435815,65646671247112
7742725731615,65646712968066
7742759016715,65646744666418
7742792303415,65646782739634
7742825599615,65646820764971
7742858883715,65646865220704
7742892171915,65646901767945
7742925468715,65646938199785
7742958759515,65646975286104
7742992040915,65647010710291
7743025330015,65647048932303
7743058618815,65647086460994
7743091909515,65647123702695
7743125199715,65647159872105
7743158486915,65647195726449
7743191777515,65647234394425
7743225067915,65647270413645
7743258354915,65647304812670
7743291645815,65647340544297
7743324937415,65647374879138
7743358225215,65647411885841
7743391513815,65647454429855
7743424802015,65647488266500
7743458098315,65647524811575
7743491391415,65647563102651
7743524670115,65647598925527
7743557966115,65647633247789
7743591249615,65647669683631
7743624538515,65647706285791
7743657835115,65647756681666
7743691126415,65647787217300
7743724406915,65647826474711
7743757697215,65647862639408
7743790985015,65647899021522
7743824275315,65647935935454
7743857563815,65647972874826
7743890853715,65648007938199
7743924143815,65648045515767
7743957461015,65648082204097
7743990721215,65648117065995
7744024012015,65648152734398
7744057301715,65648191512091
7744090592315,65648227710009
7744123879515,65648262879053
7744157168515,65648300521619
7744190466115,65648337811455
7744223747015,65648379305399
7744257036415,65648411896991
7744290332615,65648443482946
7744323615915,65648478937142
7744356904415,65648514435830
7744390201515,65648554451649
7744423486215,65648589254187
7744456774315,65648625720766
7744490063215,65648663289134
7744523351515,65648707337454
7744556642915,65648747742304
7744589930315,65648783823714
7744623219815,65648820357846
7744656510215,65648850081003
7744689800115,65648886854099
7744723088015,65648923203103
7744756378315,65648959176821
7744789668615,65649001175528
7744822980415,65649036567187
7744856258815,65649071613138
7744889534815,65649111954598
7744922831215,65649150794097
7744956113315,65649184922606
7744989403115,65649227207910
7745022698815,65649262137638
7745055982515,65649295849392
7745089270915,65649333976178
7745122567515,65649368585104
7745155851615,65649404998047
7745189138915,65649442717142
7745222433215,65649478828930
7745255717915,65649513376941
7745289065015,65649563469082
7745322296815,65649601766563
7745355585815,65649635794869
7745388876515,65649674944338
7745422165815,65649710858954
7745455453815,65649750280505
7745488744915,65649783724944
7745522034615,65649819646058
7745555322515,65649858723528
7745588612615,65649896847662
7745621901115,65649931278947
7745655197215,65649960211808
7745688480415,65649998185407
7745721769315,65650035026717
7745755065215,65650070867842
7745788349615,65650109129255
7745821637215,65650146178081
7745854933815,65650181926972
7745888219915,65650218870728
7745921505615,65650255376299
7745954795815,65650302813523
7745988112315,65650339374484
7746021373915,65650371493294
7746054664015,65650407722929
7746087952515,65650445172803
7746121242915,65650481665592
7746154558815,65650522457243
7746187820515,65650556466236
7746221111015,65650598256689
7746254414315,65650635616526
7746287688615,65650669761071
7746320979015,65650706900031
7746354268715,65650744333916
7746387564615,65650780699407
7746420846715,65650815089401
7746454135515,65650850469634
7746487432615,65650892022938
7746520714215,65650928608406
7746554003515,65650970033198
7746587300215,65651005436417
7746620620615,65651043093804
7746653871415,65651078829241
7746687165815,65651117596464
7746720452915,65651152553669
7746753752215,65651190167965
7746787030415,65651227217657
7746820318615,65651264487784
7746853610415,65651300288176
7746886897515,65651338151471
7746920187115,65651367856287
7746953477015,65651409124141
7746986766615,65651443119798
7747020054915,65651479925023
7747053345415,65651516075310
7747086635215,65651566698623
7747119931015,65651598083400
7747153213615,65651637599456
7747186502215,65651672014551
7747219799315,65651708130132
7747253080215,65651751661642
7747286370215,65651788382850
7747319666415,65651826050798
7747352951315,65651864878861
7747386237515,65651900787565
7747419535215,65651938169569
7747452819315,65651974914146
7747486106615,65652007983533
7747519398315,65652043105919
7747552685015,65652076964602
7747586000115,65652113984913
7747619264015,65652151024865
7747652553215,65652195602059
7747685843715,65652234808462
7747719133315,65652272893673
7747752421615,65652310152375
7747785711715,65652343831205
7747819002015,65652382204116
7747852296615,65652419486364
7747885583615,65652456700767
7747918868715,65652491292689
7747952164615,65652526447587
7747985447015,65652563223521
7748018736315,65652600128181
7748052032815,65652639762995
7748085317615,65652678492829
7748118604715,65652712661070
7748151898415,65652750412475
7748185185015,65652784914385
7748218472515,65652822841860
7748251763015,65652859654263
7748285069615,65652895453882
7748318341115,65652935569942
7748351631115,65652971749882
7748384919515,65653001839585
7748418210315,65653039635488
7748451498915,65653075497194
7748484787815,65653118115383
7748518078315,65653156435682
7748551367515,65653192300899
7748584663115,65653233399309
7748617946715,65653268578780
7748651235915,65653303170086
7748684531215,65653340362830
7748717814715,65653377391640
7748751102815,65653415984596
7748784399515,65653449903697
7748817681215,65653485572629
7748850970715,65653521391432
7748884264515,65653560281733
7748917585115,65653597011864
7748950839115,65653633799225
7748984129615,65653664426482
7749017419115,65653700862115
7749050708115,65653738103401
7749083997515,65653775383456
7749117286115,65653814180933
7749150581815,65653854262578
7749183864515,65653888624580
7749217154215,65653928866320
7749250444515,65653968201077
7749283733815,65654002638165
7749317027615,65654039291520
7749350312415,65654075878615
7749383602015,65654115622178
7749416899215,65654153156418
7749450180915,65654192418611
7749483469515,65654231345291
7749516767515,65654271847765
7749550047715,65654310658561
7749583337515,65654348719374
7749616633815,65654388607352
7749649916715,65654426785750
7749683205415,65654463039518
7749716495715,65654498245423
7749749785315,65654535671441
7749783081315,65654573270714
7749816363815,65654609568638
7749849652415,65654647446788
7749882942515,65654689575480
7749916231415,65654725844537
7749949520615,65654759710602
7749982810915,65654797325810
7750016099915,65654832457892
7750049393915,65654870064725
7750082679215,65654907315239
7750115969215,65654943159615
7750149262415,65654983479013
7750182547115,65655018351042
7750215835615,65655055719062
7750249154915,65655092872765
7750282414615,65655128677694
7750315703515,65655172174442
7750349000115,65655210724336
7750382284515,65655247032294
7750415571915,65655289971122
7750448862115,65655325050075
7750482151815,65655358704185
7750515439815,65655400014431
7750548730515,65655434183911
7750582042515,65655469820476
7750615308715,65655507233358
7750648598515,65655544428827
7750681887315,65655580504910
7750715177115,65655628335889
7750748467615,65655661321618
7750781760015,65655702459579
7750815045515,65655750360259
7750848335415,65655777553414
7750881628515,65655821987371
7750914913615,65655852916546
7750948202515,65655890891062
7750981498615,65655928558950
7751014782015,65655966531221
7751048070215,65656005449190
7751081366815,65656042728711
7751114661315,65656078121056
7751147938215,65656114325157
7751181228315,65656152283353
7751214519215,65656187726535
7751247806215,65656223790944
7751281096515,65656269238565
7751314408615,65656303755212
7751347675315,65656336879677
7751380965315,65656373299893
7751414253615,65656410125465
7751447543815,65656446942789
7751480831915,65656482358652
7751514126115,65656519528950
7751547411315,65656556645066
7751580725715,65656594208659
7751613994815,65656633356204
7751647280315,65656667949971
7751680572615,65656722029228
7751713865715,65656754848973
7751747148215,65656797993425
7751780436815,65656839045955
7751813733715,65656879685819
7751847016915,65656920641325
7751880304415,65656963739159
7751913594915,65656998616488
7751946884315,65657049683148
7751980172815,65657075154446
7752013462815,65657114653536
7752046752815,65657150634939
7752080042515,65657188536861
7752113330615,65657225788615
7752146619615,65657262192404
7752179911015,65657297940887
7752213198115,65657335513546
7752246492415,65657373911152
7752279778515,65657410947449
7752313068715,65657447537937
7752346361215,65657485106413
7752379646215,65657522313739
7752412937015,65657560238078
7752446250515,65657597375164
7752479514115,65657636802599
7752512803115,65657674415872
7752546100615,65657711195229
7752579383715,65657749162639
7752612671015,65657786368335
7752645961115,65657823184451
7752679250715,65657861883919
7752712539315,65657895870801
7752745829515,65657936540299
7752779119715,65657971389629
7752812406815,65658007092140
7752845697515,65658043242466
7752878986115,65658079505800
7752912309015,65658116892395
7752945565015,65658157042401
7752978858815,65658199640528
7753012144515,65658233976084
7753045434015,65658271482760
7753078727915,65658308409318
7753112012315,65658347810950
7753145303015,65658389507775
7753178596615,65658425552350
7753211880315,65658463262729
7753245169315,65658500498624
7753278465715,65658541440874
7753311749015,65658572873586
7753345037015,65658610744155
7753378327615,65658647240133
7753411617415,65658684599621
7753444905515,65658722278386
7753478195815,65658757998039
7753511485715,65658797605300
7753544773515,65658832207155
7753578086915,65658868158077
7753611381215,65658905176064
7753644642715,65658941405324
7753677932215,65658981997815
7753711224915,65659017265334
7753744510515,65659060185104
7753777821415,65659100531638
7753811094815,65659143883737
7753844379015,65659183104523
7753877684215,65659225126416
7753910962715,65659256464350
7753944247415,65659293263846
7753977536615,65659331304709
7754010832515,65659367982730
7754044115615,65659404610992
7754077403815,65659441485528
7754110694015,65659491053679
7754143982515,65659527453244
7754177271915,65659570182443
7754210562715,65659610566690
7754243887115,65659649700021
7754277139815,65659691739366
7754310430315,65659734512687
7754343731915,65659766198213
7754377009815,65659802672651
7754410298315,65659839909389
7754443591615,65659877056876
7754476878015,65659914597046
7754510165615,65659950367664
7754543460615,65660000648806
7754576747115,65660035740669
7754610034615,65660070914735
7754643329515,65660104947849
7754676613715,65660140677224
7754709903315,65660177051422
7754743199515,65660212514317
7754776481215,65660253719838
7754809770015,65660287424311
7754843061115,65660323723627
7754876349015,65660361091791
7754909638215,65660397991780
7754942928915,65660435669350
7754976217615,65660478646628
7755009506215,65660515650906
7755042796715,65660552691127
7755076087115,65660592075269
7755109374215,65660633901090
7755142664115,65660668432201
7755175958015,65660708291027
7755209271315,65660746477380
7755242531915,65660783960991
7755275827515,65660816826167
7755309111215,65660854585199
7755342401315,65660892206861
7755375695615,65660929485811
7755408980015,65660965762801
7755442270015,65661003162571
7755475580215,65661042207392
7755508847915,65661077898808
7755542136515,65661112798554
7755575426415,65661149158683
7755608715315,65661186462153
7755642004315,65661221108503
7755675295515,65661266592132
7755708585115,65661300046359
7755741872315,65661338075828
7755775162915,65661371167186
7755808453115,65661408420091
7755841740615,65661446096756
7755875030615,65661483707387
7755908352815,65661519061670
7755941609815,65661561840088
7755974899315,65661600843782
7756008193215,65661638052925
7756041478015,65661676028960
7756074767415,65661713918803
7756108061915,65661751557699
7756141347915,65661789961315
7756174635515,65661828393782
7756207929915,65661866474347
7756241214515,65661902571283
7756274504215,65661942185877
7756307793215,65661980714261
7756341082915,65662016023464
7756374370815,65662053135129
7756407661515,65662089448083
7756440949015,65662126947686
7756474238715,65662162420371
7756507529215,65662200194853
7756540839415,65662233971514
7756574106715,65662268552144
7756607397515,65662306609094
7756640719615,65662353945897
7756673976215,65662394487707
7756707265415,65662434157399
7756740560015,65662474383419
7756773845615,65662515404003
7756807132415,65662555440368
7756840427815,65662589067339
7756873712715,65662625327614
7756907001715,65662662469012
7756940296115,65662699749424
7756973580615,65662736028061
7757006869915,65662773146008
7757040160615,65662822500561
7757073449115,65662858715461
7757106736515,65662900566830
7757140028515,65662935486133
7757173315615,65662980739378
7757206605415,65663020311400
7757239895715,65663054694187
7757273184915,65663090319069
7757306473315,65663128048286
7757339763715,65663164715021
7757373061115,65663200582198
7757406345615,65663238998234
7757439631515,65663286119626
7757472925815,65663323313481
7757506210815,65663364020684
7757539499315,65663400806513
7757572794515,65663442421232
7757606079115,65663475215003
7757639368415,65663511625504
7757672662715,65663548493190
7757705947315,65663586080905
7757739237215,65663626416123
7757772524715,65663664031601
7757805815415,65663706011958
7757839103615,65663736803859
7757872420115,65663781019108
7757905682215,65663819562867
7757938971315,65663853450089
7757972262115,65663891648007
7758005552115,65663928237631
7758038839715,65663980168987
7758072130015,65664016975766
7758105423715,65664059393705
7758138708115,65664088805777
7758171997915,65664134511343
7758205322415,65664168903680
7758238577015,65664204287823
7758271866115,65664238888411
7758305161115,65664272742334
7758338445315,65664309389455
7758371735415,65664349527323
7758405029415,65664392065663
7758438313715,65664430986238
7758471603915,65664465713902
7758504890915,65664503978967
7758538181715,65664545574098
7758571469715,65664578060848
7758604760415,65664615797974
7758638049915,65664651694769
7758671337915,65664687658098
7758704628815,65664725624715
7758737935415,65664762385110
7758771205715,65664794845331
7758804496715,65664833644489
7758837790215,65664867373655
7758871074415,65664909213314
7758904366115,65664950698583
7758937688115,65664984036800
7758970943215,65665017475267
7759004232215,65665051346775
7759037527015,65665087262447
7759070811515,65665125181570
7759104100215,65665162170712
7759137395115,65665199777167
7759170679915,65665239859820
7759203994215,65665274149896
7759237256815,65665309646229
7759270548015,65665347277007
7759303837215,65665383954141
7759337126715,65665421375118
7759370416515,65665463285105
7759403704015,65665508878770
7759436996215,65665547667890
7759470283215,65665590469734
7759503572615,65665624755092
7759536863115,65665660696472
7759570155215,65665698514465
7759603440515,65665735532496
7759636731015,65665772331166
7759670034415,65665815527569
7759703310515,65665848771200
7759736599415,65665891299057
7759769893415,65665929132858
7759803178515,65665972487907
7759836466015,65666001515744
7759869761815,65666039578206
7759903046215,65666076232198
7759936336915,65666113876170
7759969623815,65666150304732
7760002914715,65666186979490
7760036208715,65666218671702
7760069520415,65666256871535
7760102782015,65666294015325
7760136070615,65666330566246
7760169373615,65666367084259
7760202649615,65666417632499
7760235938915,65666453051355
7760269229415,65666493511245
7760302523015,65666534843399
7760335806715,65666572783747
7760369097715,65666610093980
7760402393715,65666657536366
7760435675015,65666692532918
7760468965715,65666732942027
7760502260315,65666770513124
7760535577815,65666805835104
7760568832915,65666845424697
7760602128115,65666878425107
7760635412715,65666915938977
7760668701715,65666953617825
7760701990015,65666989866118
7760735280715,65667027479348
7760768571115,65667073110873
7760801858315,65667113524256
7760835148315,65667147647202
7760868437115,65667182543903
7760901727315,65667219381228
7760935017315,65667255425220
7760968305315,65667292492757
7761001596015,65667330107675
7761034889515,65667366648321
7761068173615,65667402860989
7761101463415,65667441237805
7761134760115,65667481212074
7761168041815,65667519457205
7761201331915,65667555252216
7761234656315,65667594143126
7761267910615,65667630620768
7761301200515,65667667662456
7761334495015,65667704326373
7761367778515,65667740100029
7761401089915,65667774748526
7761434356515,65667813187777
7761467647215,65667851580771
7761500953715,65667886667405
7761534225115,65667922983766
7761567516315,65667960023450
7761600804715,65667996158460
7761634094115,65668035710565
7761667382915,65668072430445
7761700671315,65668107340151
7761733962215,65668144465730
7761767253015,65668180767961
7761800539915,65668223587349
7761833830015,65668261260537
7761867160415,65668298934810
7761900407515,65668337681375
7761933698715,65668376084254
7761966994815,65668410094884
7762000278415,65668446334513
7762033566615,65668483622561
7762066861215,65668520797381
7762100145615,65668558017601
7762133433315,65668598183840
7762166723015,65668635773876
7762200013315,65668669741433
7762233302715,65668706101522
7762266591315,65668742853713
7762299881615,65668779790297
7762333171215,65668817185734
7762366460215,65668855560486
7762399750215,65668892287086
7762433038015,65668927860778
7762466328715,65668964923158
7762499619315,65669002126522
7762532906315,65669038583947
7762566196815,65669079524054
7762599492015,65669115240722
7762632774015,65669152276993
7762666064815,65669187077842
7762699361115,65669223888979
7762732642715,65669260998980
7762765933115,65669297836243
7762799227715,65669338185413
7762832541915,65669375452877
7762865800315,65669412296786
7762899088915,65669444362905
7762932379715,65669484276242
7762965668615,65669519043892
7762998957215,65669555088600
7763032247915,65669591086879
7763065537915,65669629364131
7763098825415,65669674514218
7763132116215,65669703431080
7763165404515,65669738748441
7763198694415,65669775831270
7763231986115,65669811144420
7763265272515,65669849172292
7763298562715,65669885470196
7763331860415,65669924294038
7763365140615,65669964784687
7763398431115,65670000357083
7763431728015,65670038313320
7763465011915,65670076811874
7763498298415,65670114196125
7763531594015,65670151162989
7763564879215,65670189745686
7763598167315,65670226789089
7763631455615,65670275083199
7763664746215,65670306417683
7763698035515,65670337242819
7763731323515,65670374058801
7763764614115,65670410512203
7763797903715,65670447335646
7763831191815,65670484483824
7763864482715,65670520648976
7763897771815,65670562650670
7763931060915,65670598884483
7763964353215,65670636696746
7763997638815,65670674753445
7764030929215,65670709906189
7764064223415,65670747476852
7764097506815,65670783304238
7764130797515,65670820495830
7764164120915,65670857879465
7764197374915,65670894787689
7764230665615,65670932167552
7764263992015,65670968918170
7764297245215,65671008952564
7764330534215,65671047039038
7764363822115,65671085513978
7764397112915,65671122972297
7764430400915,65671161396062
7764463690115,65671196854440
7764496980615,65671231305686
7764530269215,65671276308659
7764563558115,65671311146593
7764596848515,65671347311973
7764630137515,65671385354511
7764663427915,65671420496133
7764696719515,65671457149142
7764730005315,65671497585007
7764763296615,65671528635090
7764796589415,65671571832533
7764829873515,65671604587251
7764863163915,65671639684784
7764896458715,65671675116715
7764929741615,65671714075527
7764963031715,65671747020922
7764996328215,65671784799772
7765029613515,65671819518277
7765062900215,65671855319927
7765096188515,65671893311078
7765129486015,65671929915624
7765162767315,65671969245679
7765196056615,65672010718001
7765229347115,65672045357506
7765262635715,65672082650788
7765295924715,65672120321956
7765329215015,65672158230288
7765362521315,65672195528625
7765395792615,65672232856630
7765429085515,65672264635552
7765462371515,65672299167686
7765495703315,65672337091838
7765528956215,65672374004989
7765562239515,65672411096415
7765595529815,65672446137195
7765628827315,65672494936785
7765662107815,65672529054573
7765695397815,65672569259525
7765728694015,65672609920869
7765761976315,65672650364594
7765795265815,65672684119412
7765828556015,65672719700278
7765861845115,65672756761584
7765895134015,65672794426131
7765928422715,65672830647213
7765961713215,65672867561081
7765995003515,65672916618579
7766028291015,65672952140595
7766061581215,65672994743503
7766094871615,65673034475850
7766128158715,65673081447030
7766161451615,65673119448357
7766194738115,65673153257391
7766228028215,65673194446014
7766261323515,65673233495390
7766294606015,65673273441328
7766327896515,65673308190437
7766361201515,65673343740269
7766394474115,65673380919302
7766427764615,65673418100449
7766461060715,65673454363649
7766494343615,65673491401054
7766527632115,65673539878865
7766560922515,65673575486921
7766594211315,65673616897760
7766627501315,65673656906724
7766660789515,65673696287264
7766694079715,65673729841584
7766727367715,65673765360496
7766760657215,65673802919331
7766793948015,65673839436668
7766827264415,65673875632214
7766860525315,65673912447197
7766893833015,65673971921456
7766927105415,65673995234742
7766960394315,65674032038741
7766993689515,65674067510230
7767026972415,65674104759778
7767060264215,65674141589112
7767093557115,65674181036378
7767126840215,65674221651904
7767160131215,65674257845486
7767193426415,65674295802366
7767226708915,65674332026940
7767259999215,65674369731279
7767293288615,65674411110232
7767326578315,65674450968860
7767359866915,65674490673543
7767393155615,65674527139940
7767426446715,65674570452979
7767459734215,65674603922841
7767493023815,65674640838712
7767526314015,65674677327240
7767559604715,65674714967788
7767592891715,65674756153171
7767626184015,65674791269925
7767659472715,65674835493536
7767692779515,65674871081233
7767726055815,65674905874373
7767759339115,65674946648871
7767792640215,65674983183849
7767825923415,65675021217580
7767859206915,65675058639172
7767892497815,65675096960216
7767925793215,65675135043651
7767959075115,65675174450892
7767992365515,65675209482806
7768025659815,65675243215606
7768058943015,65675280241182
7768092233615,65675313519900
7768125521715,65675350321757
7768158861815,65675387373123
7768192100715,65675429601569
7768225390015,65675473039300
7768258680215,65675514880841
7768291969915,65675546659932
7768325258315,65675582512344
7768358550515,65675620125277
7768391838815,65675656700256
7768425126115,65675693183472
7768458422615,65675730976250
7768491705415,65675781546466
7768524995215,65675810982185
7768558290515,65675846775527
7768591573215,65675884471081
7768624863915,65675921061334
7768658160315,65675958283648
7768691441315,65675994970581
7768724732115,65676046368719
7768758022115,65676082540466
7768791312615,65676125608885
7768824600115,65676164416705
7768857888715,65676205700154
7768891178715,65676245598769
7768924468515,65676286924259
7768957756515,65676326945925
7768991047015,65676366333438
7769024357815,65676408174499
7769057624415,65676443164057
7769090916815,65676478651351
7769124217215,65676515435228
7769157492315,65676553581691
7769190788915,65676590248093
7769224072615,65676626918134
7769257362115,65676672740816
7769290656615,65676706490873
7769323940015,65676746399958
7769357230115,65676783701202
7769390525015,65676822492358
7769423807815,65676860654355
7769457098415,65676897894220
7769490428615,65676936941569
7769523675715,65676973660288
7769556969615,65677012784027
7769590257015,65677048486017
7769623545415,65677085442244
7769656834515,65677122324101
7769690122915,65677160249251
7769723414015,65677197249333
7769756701515,65677232946410
7769789990915,65677270094195
7769823282615,65677312209194
7769856570615,65677347843376
7769889859015,65677385737212
7769923154615,65677422781019
7769956438915,65677459572501
7769989728815,65677496937647
7770023023515,65677538005604
7770056305915,65677573612786
7770089596515,65677609928922
7770122891315,65677646635252
7770156174315,65677680788605
7770189464715,65677716690374
7770222754115,65677753325406
7770256042415,65677788999488
7770289332415,65677824525190
7770322623015,65677873931550
7770355933115,65677905128139
7770389200415,65677941240136
7770422489315,65677978520796
7770455798415,65678016920938
7770489068315,65678054565593
7770522357515,65678092096992
7770555649115,65678137305538
7770588937115,65678175366425
7770622225415,65678210640059
7770655521415,65678249364847
7770688806415,65678286821095
7770722093515,65678324019767
7770755389415,65678362848408
7770788674115,65678401355633
7770821996115,65678439785255
7770855257115,65678476766400
7770888540615,65678510316408
7770921831315,65678548146336
7770955120415,65678582789838
7770988408415,65678619234070
7771021699415,65678655481360
7771054989715,65678691612903
7771088278115,65678726762803
7771121567315,65678776294758
7771154855615,65678805642862
7771188145815,65678840981964
7771221436115,65678879067586
7771254724015,65678916077440
7771288015215,65678954375202
7771321304015,65678991840923
7771354591815,65679026284551
7771387887715,65679064484391
7771421172115,65679100162849
7771454463315,65679135253990
7771487756015,65679170973012
7771521040115,65679207318727
7771554328915,65679243366308
7771587624915,65679279747975
7771620907115,65679315581273
7771654197415,65679353579159
7771687485915,65679389669243
7771720775215,65679426497820
7771754065715,65679462324411
7771787382215,65679499228494
7771820643215,65679537413535
7771853933415,65679574102078
7771887223515,65679611410902
7771920512315,65679646947262
7771953801615,65679684070889
7771987090515,65679723068280
7772020381915,65679760185325
7772053668915,65679797722573
7772086958715,65679834567828
7772120254315,65679871100239
7772153537715,65679909240419
7772186825715,65679946164855
7772220122115,65679982123140
7772253406015,65680018925581
7772286696515,65680055561080
7772319990815,65680092243890
7772353273515,65680129134420
7772386564615,65680166918961
7772419852015,65680202772766
7772453141215,65680239767110
7772486431715,65680276027554
7772519721215,65680312270936
7772553009715,65680350324274
7772586299715,65680386935783
7772619589615,65680422748268
7772652880715,65680458903855
7772686168115,65680496110104
7772719456215,65680531536559
7772752748615,65680568351793
7772786035215,65680607163595
7772819324515,65680643543677
7772852620815,65680680113833
7772885904015,65680715742782
7772919192615,65680752326331
7772952488515,65680789738018
7772985776515,65680825243217
7773019060715,65680862580520
7773052358315,65680898677628
7773085639615,65680936219892
7773118963215,65680974080913
7773152218215,65681009581963
7773185507815,65681046552868
7773218798015,65681083806165
7773252088615,65681119811676
7773285376215,65681159406981
7773318666415,65681195620198
7773351955615,65681231014868
7773385244215,65681272604494
7773418534315,65681307242348
7773451823715,65681342276231
7773485113515,65681392027408
7773518402415,65681420290040
7773551690715,65681455838759
7773584987315,65681492297495
7773618271215,65681545161090
7773651558815,65681574084228
7773684855615,65681610210436
7773718139515,65681648355757
7773751427115,65681683923088
7773784723815,65681720156595
7773818013515,65681755574447
7773851296115,65681790828530
7773884589715,65681842610407
7773917874115,65681871804206
7773951164515,65681907363241
7773984456615,65681944479008
7774017741915,65681979991820
7774051032815,65682018179321
7774084321915,65682055285848
7774117610315,65682092260752
7774150900515,65682145458886
7774184189915,65682175571100
7774217481115,65682211573385
7774250768715,65682265064102
7774284057015,65682294804685
7774317354315,65682330609997
7774350636415,65682367488370
7774383925415,65682402824886
7774417221615,65682445023265
7774450527215,65682492425184
7774483793215,65682524612137
7774517090515,65682560391820
7774550373415,65682596469918
7774583662815,65682632703065
7774616959015,65682676231666
7774650240515,65682708022057
7774683531415,65682744686241
7774716819715,65682782240878
7774750108515,65682818053511
7774783399215,65682855486348
7774816688015,65682891625954
7774849976715,65682928365359
7774883280615,65682971709700
7774916556515,65683003286781
7774949847915,65683040766061
7774983135215,65683076812202
7775016423815,65683113688967
7775049721515,65683151777211
7775083003215,65683188454793
7775116291515,65683227691894
7775149588115,65683263651064
7775182872715,65683299928456
7775216160015,65683354355633
7775249456815,65683392321049
7775282741215,65683422781937
7775316039215,65683460188481
7775349326415,65683495695839
7775382619515,65683532923392
7775415898115,65683568885948
7775449185215,65683606944305
7775482475215,65683640320112
7775515765515,65683679160861
7775549054815,65683719164848
7775582343815,65683752869487
7775615633515,65683789408951
7775648943515,65683826050292
7775682210915,65683863735697
7775715501715,65683899437738
7775748790115,65683936993338
7775782114915,65683973155747
7775815369015,65684012887156
7775848658015,65684047514333
7775881954215,65684084476357
7775915237715,65684120689367
7775948526315,65684166778791
7775981822915,65684196969739
7776015107015,65684232893463
7776048394115,65684286068550
7776081688315,65684315145207
7776114973515,65684350918154
7776148263715,65684389458738
7776181552615,65684427863168
7776214841115,65684463236357
7776248131615,65684499609622
7776281421715,65684536908356
7776314709215,65684583314426
7776348000215,65684615593490
7776381290415,65684651497044
7776414580315,65684687927357
7776447868015,65684741121834
7776481156315,65684781821533
7776514452215,65684813561660
7776547736115,65684850391088
7776581024415,65684887050309
7776614320815,65684923750048
7776647620815,65684961658811
7776680892815,65684997682385
7776714189615,65685034474441
7776747482115,65685079153021
7776780760415,65685122503553
7776814054415,65685165650333
7776847353215,65685197727162
7776880630115,65685232777935
7776913919315,65685270144531
7776947207415,65685316341226
7776980498515,65685361292517
7777013786715,65685404148385
7777047075615,65685435952908
7777080366515,65685471053089
7777113692215,65685507889237
7777146943415,65685544480928
7777180234315,65685584589016
7777213524815,65685620045130
7777246819815,65685655017614
7777280102415,65685694296116
7777313391015,65685730305094
7777346688715,65685771694284
7777379969815,65685804988522
7777413259515,65685845405136
7777446555615,65685883613736
7777479840515,65685916790105
7777513127315,65685954134312
7777546427215,65685991822190
7777579707015,65686036990362
7777612996815,65686066986494
7777646285815,65686105892732
7777679574215,65686143036016
7777712865415,65686181940421
7777746152415,65686216059375
7777779442315,65686253167595
7777812732515,65686291963980
7777846021615,65686328769041
7777879310215,65686369314067
7777912601115,65686405199616
7777945890715,65686442148897
7777979206615,65686480111406
7778012469215,65686512698307
7778045757015,65686547509354
7778079058515,65686586460865
7778112336015,65686622279157
7778145625315,65686658512870
7778178921915,65686699531585
7778212205115,65686735297371
7778245493515,65686771120711
7778278790615,65686811674769
7778312075615,65686851692439
7778345361715,65686893716756
7778378652315,65686938544514
7778411940115,65686971129893
7778445285015,65687009342017
7778478519215,65687050481061
7778511808515,65687085648099
7778545099115,65687125920600
7778578388715,65687168224315
7778611676915,65687205285044
7778644967715,65687241788850
7778678257315,65687278475221
7778711550315,65687324242250
7778744835515,65687358800231
7778778124015,65687397878300
7778811419515,65687444428687
7778844703315,65687483632441
7778877991715,65687529851470
7778911288515,65687570085939
7778944572515,65687604888053
7778977859915,65687646855917
7779011156515,65687682930248
7779044439815,65687721744711
7779077727915,65687759162535
7779111018315,65687803997763
7779144308415,65687842244644
7779177597715,65687877230924
7779210887015,65687911431375
7779244175315,65687968200019
7779277465415,65688006616145
7779310782715,65688051195074
7779344043215,65688086654368
7779377333615,65688128596612
7779410639215,65688169938967
7779443919715,65688206308141
7779477201815,65688240784821
7779510491415,65688278844605
7779543787115,65688314179277
7779577070315,65688355608229
7779610358115,65688393275905
7779643655115,65688436695473
7779676936515,65688472965880
7779710226115,65688507742780
7779743522615,65688542430824
7779776805815,65688598058073
7779810094215,65688639857103
7779843384915,65688683507157
7779876674615,65688725955736
7779909964215,65688766040665
7779943253015,65688802035448
7779976541015,65688840629496
7780009832715,65688887666636
7780043119815,65688932705149
7780076409815,65688978914138
7780109700015,65689008649827
7780142989015,65689048755845
7780176282315,65689094423541
7780209568415,65689138823229
7780242857315,65689171034267
7780276154915,65689205805930
7780309436015,65689260881390
7780342724115,65689295820314
7780376021715,65689334387769
7780409302515,65689381058081
7780442592815,65689427398636
7780475889315,65689465903686
7780509172015,65689510225134
7780542460415,65689550262090
7780575751415,65689586258613
7780609041715,65689624695232
7780642329315,65689661207651
7780675619115,65689695861530
7780708907415,65689740783029
7780742222215,65689779338792
7780775486615,65689812565579
7780808776315,65689846729145
7780842066315,65689895634169
7780875356515,65689935910639
7780908648515,65689977075084
7780941934815,65690017060868
7780975224215,65690057611174
7781008518315,65690083636974
7781041802615,65690120918699
7781075091915,65690156662383
7781108387615,65690197996671
7781141669715,65690232170351
7781174959015,65690270435248
7781208256015,65690305817139
7781241541415,65690344323230
7781274827115,65690380439377
7781308118015,65690417799454
7781341411415,65690453313916
7781374694615,65690491253535
7781407985615,65690527770191
7781441296615,65690563533077
7781474564215,65690598100402
7781507854015,65690636613595
7781541142315,65690672977035
7781574432815,65690713890640
7781607722215,65690757944315
7781641014915,65690788614824
7781674300715,65690824167195
7781707590415,65690861344380
7781740884315,65690898336684
7781774168715,65690934080582
7781807458115,65690981305222
7781840754215,65691021794958
7781874037315,65691051706884
7781907325615,65691088527659
7781940622115,65691124024647
7781973905515,65691162344650
7782007193715,65691198453194
7782040484415,65691236807016
7782073810315,65691272317079
7782107061115,65691308928972
7782140351715,65691345464918
7782173663015,65691383873409
7782206930615,65691419865375
7782240220115,65691459892506
7782273509015,65691494171523
7782306801915,65691530133607
7782340087115,65691565710830
7782373380715,65691618865233
7782406667215,65691646481556
7782439955915,65691682410767
7782473250315,65691718662015
7782506535315,65691753935436
7782539824515,65691794047962
7782573121715,65691830194891
7782606403715,65691864582043
7782639691515,65691903735721
7782672990315,65691939633607
7782706271815,65691979190832
7782739559615,65692014631523
7782772850115,65692050714795
7782806140715,65692090457866
7782839428515,65692138045006
7782872722215,65692172947885
7782906009115,65692203332925
7782939296915,65692240719227
7782972586215,65692281905549
7783005874715,65692325313291
7783039165515,65692364138966
7783072453215,65692405380289
7783105747115,65692442875402
7783139033315,65692484431384
7783172322615,65692521846642
7783205616615,65692563454648
7783238905215,65692603127236
7783272191815,65692643123322
7783305485815,65692670091549
7783338770315,65692706819065
7783372058515,65692744233935
7783405387215,65692780258405
7783438638615,65692818590780
7783471926215,65692854962806
7783505216815,65692890044531
7783538505815,65692943549055
7783571794715,65692980492040
7783605084815,65693008900528
7783638374615,65693046276941
7783671662315,65693082098430
7783704952715,65693120715474
7783738241415,65693156182721
7783771531315,65693193761361
7783804820515,65693231592474
7783838113415,65693266649872
7783871399715,65693301593634
7783904690115,65693341945100
7783937985115,65693376059243
7783971268015,65693412443789
7784004558415,65693450316498
7784037851715,65693485562184
7784071136315,65693523470273
7784104424515,65693558378134
7784137721415,65693597195154
7784171004415,65693633241737
7784204292615,65693671522049
7784237583215,65693705706122
7784270880815,65693745830065
7784304160615,65693780300265
7784337450915,65693820709224
7784370740115,65693854217352
7784404028815,65693893393111
7784437318715,65693930090457
7784470636215,65693980671889
7784503898215,65694008806773
7784537187015,65694045086766
7784570479815,65694080975674
7784603766315,65694118844155
7784637054415,65694154522179
7784670350415,65694195079612
7784703634315,65694229800193
7784736944515,65694265936709
7784770217715,65694303021737
7784803503015,65694340805143
7784836793315,65694377690835
7784870088115,65694413652217
7784903370715,65694453116428
7784936659115,65694487823841
7784969950715,65694523907050
7785003238115,65694560272496
7785036527315,65694595660316
7785069817515,65694632294462
7785103106615,65694671714843
7785136399015,65694709409257
7785169685715,65694746092215
7785202975015,65694782909834
7785236265115,65694821567605
7785269553815,65694857314872
7785302845915,65694893051568
7785336133615,65694929844270
7785369420815,65694969165790
7785402716415,65695003550350
7785436000715,65695045007323
7785469289915,65695088905487
7785502584515,65695123281661
7785535868615,65695160647969
7785569158615,65695199590217
7785602469115,65695247565416
7785635736915,65695284512326
7785669025215,65695325278712
7785702316215,65695366962237
7785735604415,65695405163378
7785768893815,65695446995394
7785802184015,65695476888490
7785835473015,65695521304165
7785868761415,65695570431829
7785902057515,65695610014656
7785935342015,65695645878813
7785968629715,65695681274283
7786001919815,65695716781476
7786035212415,65695754523925
7786068548415,65695796597484
7786101787315,65695829104892
7786135082415,65695868020281
7786168367215,65695903624874
7786201656515,65695939479970
7786234950515,65695977774123
7786268236515,65696013613682
7786301525815,65696052218841
7786334819415,65696088523054
7786368103415,65696124543777
7786401391715,65696165956695
7786434682215,65696200486790
7786467971915,65696236377680
7786501259615,65696276247965
7786534550115,65696311239580
7786567839715,65696347339873
7786601127615,65696386886108
7786634418815,65696424943893
7786667707915,65696457706045
7786700996015,65696497466030
7786734286615,65696532341185
7786767580015,65696568047873
7786800865015,65696606905822
7786834154115,65696642515190
7786867448815,65696679619925
7786900733415,65696715259590
7786934044015,65696750035054
7786967317015,65696789634769
7787000601715,65696822945322
7787033904915,65696859436639
7787067185615,65696908066335
7787100469815,65696936979116
7787133758915,65696973692693
7787167048015,65697022211837
7787200338015,65697051700118
7787233626115,65697087490407
7787266916715,65697138430772
7787300204915,65697181439329
7787333494815,65697224592774
7787366784515,65697256542885
7787400127415,65697292109089
7787433362115,65697329589309
7787466653315,65697380613465
7787499946215,65697419217453
7787533231915,65697464998711
7787566520915,65697495925075
7787599814715,65697531742026
7787633101015,65697573527728
7787666388115,65697606893302
7787699683315,65697643061942
7787732968215,65697697261433
7787766257415,65697726355325
7787799552315,65697762240207
7787832836015,65697809545284
7787866125615,65697838769926
7787899415515,65697875074852
7787932704315,65697912508551
7787965992115,65697949455623
7787999283715,65698004185251
7788032571015,65698033803798
7788065860915,65698069795680
7788099151015,65698114123669
7788132440015,65698145461686
7788165728715,65698182558687
7788199019315,65698220100968
7788232313415,65698256958221
7788265619115,65698294670974
7788298886915,65698330439768
7788332182315,65698368373013
7788365485715,65698404976149
7788398754215,65698455572977
7788432049615,65698485675016
7788465334415,65698521748972
7788498624615,65698558361328
7788531918315,65698596736773
7788565202615,65698633401087
7788598492315,65698675171519
7788631780215,65698707450589
7788665070615,65698744553691
7788698359415,65698780598444
7788731649515,65698834778511
7788764937915,65698865941822
7788798227215,65698901694462
7788831517715,65698937578098
7788864807815,65698975723829
7788898095115,65699012433850
7788931388815,65699050732558
7788964680315,65699085619002
7788997962915,65699122010627
7789031254015,65699159027937
7789064548215,65699195835681
7789097832315,65699231746140
7789131121915,65699269171447
7789164416215,65699305132322
7789197700515,65699341793975
7789230990515,65699381771931
7789264284615,65699416976104
7789297569015,65699453798066
7789330860015,65699498573776
7789364146615,65699542843032
7789397437515,65699588035318
7789430726515,65699629334787
7789464015315,65699672028421
7789497305315,65699714589535
7789530593515,65699758760975
7789563883415,65699788614945
7789597172215,65699824676568
7789630461315,65699861542976
7789663751915,65699899365965
7789697070115,65699935379153
7789730329615,65699977678337
7789763620115,65700011026269
7789796943815,65700047118113
7789830198715,65700083873311
7789863488315,65700121681103
7789896782215,65700157906509
7789930069415,65700210219797
7789963355115,65700238814304
7789996650715,65700274463201
7790029935515,65700311056068
7790063224415,65700349657177
7790096512515,65700385909587
7790129803415,65700424994806
7790163093015,65700459517020
7790196382915,65700495922667
7790229671315,65700534572978
7790262959515,65700570048382
7790296251215,65700605975508
7790329538315,65700652483990
7790362827815,65700682044589
7790396118315,65700717606173
7790429411415,65700756188972
7790462696215,65700792977391
7790495986415,65700828892844
7790529283315,65700865743504
7790562565115,65700902686112
7790595854715,65700939165649
7790629149315,65700987474453
7790662433515,65701015325380
7790695721615,65701051612192
7790729017515,65701090632692
7790762301515,65701141057161
7790795590915,65701170434755
7790828882215,65701206531703
7790862170415,65701245181418
7790895460215,65701281450558
7790928747515,65701318245197
7790962037815,65701368771331
7790995326315,65701397962723
7791028649415,65701433958694
7791061904915,65701471646374
7791095194115,65701508340524
7791128484615,65701544226655
7791161777815,65701600058428
7791195062515,65701628194320
7791228354215,65701663444756
7791261650115,65701703805910
7791294930515,65701738189431
7791328221015,65701774832879
7791361515315,65701829099178
7791394799315,65701870511982
7791428088415,65701900746799
7791461383615,65701937441935
7791494668115,65701974068890
7791527958215,65702026431436
7791561245715,65702068165339
7791594544215,65702111746508
7791627826615,65702155632831
7791661114115,65702197814556
7791694403915,65702227918226
7791727692715,65702264290574
7791760982715,65702301113846
7791794272215,65702351183536
7791827560515,65702394340759
7791860851215,65702424842613
7791894147915,65702461905376
7791927429015,65702501595572
7791960719215,65702551099377
7791994015115,65702588204538
7792027297015,65702630130797
7792060587215,65702666295438
7792093911515,65702708536145
7792127165915,65702745141016
7792160455015,65702787744937
7792193749715,65702825411987
7792227034515,65702869056824
7792260322415,65702908842898
7792293611815,65702946295755
7792326902415,65702989642933
7792360212415,65703027175534
7792393479815,65703056205612
7792426770815,65703091812879
7792460060115,65703128866026
7792493349315,65703177410720
7792526638815,65703213708672
7792559927615,65703253894594
7792593218615,65703295313450
7792626508115,65703335272840
7792659795215,65703362275315
7792693086015,65703399611103
7792726383515,65703441100039
7792759663915,65703489699290
7792792953715,65703530839106
7792826249315,65703574742687
7792859533315,65703617182496
7792892821815,65703659115103
7792926116415,65703704744631
7792959401815,65703747575463
7792992688715,65703791937838
7793025978415,65703835037531
7793059269015,65703877734695
7793092558315,65703921184381
7793125846615,65703965082865
7793159137115,65704012273512
7793192427615,65704040067871
7793225723915,65704076301528
7793259004715,65704120811891
7793292293815,65704166446226
7793325583815,65704196378722
7793358874115,65704232675230
7793392161615,65704280278050
7793425452115,65704327401795
7793458747715,65704370086860
7793492029715,65704414146165
7793525319815,65704443766214
7793558616815,65704480093878
7793591898515,65704528642887
7793625188315,65704572331818
7793658482815,65704615131820
7793691796115,65704644389255
7793725055515,65704682157935
7793758345015,65704720904302
7793791635315,65704761252100
7793824924915,65704798301525
7793858214115,65704844992180
7793891503515,65704881709342
7793924793615,65704914619387
7793958081015,65704952483979
7793991371415,65705000427007
7794024659615,65705046306322
7794057950415,65705088575607
7794091240615,65705131160078
7794124528115,65705174462616
7794157818215,65705219386401
7794191114815,65705248716936
7794224396515,65705286376492
7794257686615,65705322591929
7794290982715,65705361551353
7794324264315,65705397445002
7794357554615,65705435535480
7794390850815,65705471472846
7794424135015,65705519671634
7794457423115,65705559017016
7794490711315,65705601045732
7794524001415,65705633915081
7794557305315,65705671328185
7794590579315,65705708510048
7794623870115,65705748325378
7794657163715,65705783533194
7794690447615,65705819596001
7794723737615,65705856174963
7794757027015,65705893084720
7794790316615,65705929626993
7794823608015,65705965890306
7794856894215,65706003531745
7794890184915,65706040260693
7794923479115,65706077443036
7794956762415,65706128659866
7794990052915,65706165312505
7795023397915,65706209358850
7795056630615,65706247890642
7795089920315,65706280056437
7795123217215,65706314918826
7795156501815,65706349146604
7795189789415,65706387532331
7795223077215,65706422814773
7795256368815,65706458767851
7795289656915,65706496600073
7795322945615,65706533461026
7795356235915,65706571025111
7795389528815,65706607637009
7795422814315,65706643886062
7795456104215,65706681860909
7795489393515,65706731521932
7795522683515,65706774290528
7795555974115,65706804370981
7795589260615,65706841109972
7795622551815,65706876984318
7795655844615,65706916077474
7795689129315,65706952413807
7795722419115,65707003872788
7795755714615,65707043193125
7795788996815,65707075233507
7795822288115,65707110975190
7795855585015,65707147793124
7795888887615,65707201882608
7795922155215,65707239805425
7795955444315,65707271248431
7795988741215,65707307744082
7796022022915,65707343949116
7796055311915,65707382307194
7796088602415,65707418925218
7796121892815,65707455950772
7796155200715,65707494771959
7796188470215,65707531082343
7796221760815,65707569760629
7796255048915,65707605601541
7796288340015,65707641781724
7796321627215,65707677341236
7796354974515,65707716007816
7796388211815,65707751527476
7796421495315,65707787224843
7796454785415,65707824894391
7796488081815,65707861184231
7796521363415,65707898736658
7796554654115,65707938342418
7796587950315,65707975332876
7796621231615,65708011861046
7796654521615,65708047935767
7796687810215,65708083377430
7796721100615,65708123427752
7796754389715,65708159832774
7796787678215,65708195510763
7796820968815,65708232819553
7796854259215,65708272340617
7796887546415,65708309532076
7796920837315,65708344524155
7796954126815,65708381710541
7796987414715,65708418630082
7797020706515,65708470622444
7797053993315,65708501145817
7797087283715,65708536502979
7797120579215,65708572720462
7797153861715,65708612894170
7797187152315,65708646807298
7797220468415,65708680542057
7797253730015,65708720093712
7797287024015,65708754928782
7797320323115,65708790117409
7797353598315,65708828136290
7797386887915,65708865018758
7797420177815,65708901374143
7797453466915,65708937772318
7797486756015,65708973727276
7797520045115,65709012498463
7797553335215,65709064559428
7797586623915,65709105219359
7797619913015,65709149277371
7797653203815,65709178836691
7797686523615,65709216162606
7797719780415,65709251444614
7797753072415,65709290963476
7797786361415,65709326600096
7797819651215,65709362790423
7797852945415,65709401102783
7797886228015,65709437599609
7797919519715,65709474337044
7797952812915,65709512735775
7797986096515,65709548464316
7798019386215,65709595209322
7798052683315,65709626505878
7798085964115,65709662064375
7798119255115,65709698947784
7798152548515,65709753123105
7798185833615,65709791221922
7798219123015,65709828385334
7798252411415,65709861972890
7798285702115,65709896703135
7798318990215,65709933136216
7798352279415,65709971423538
7798385569915,65710006340344
7798418858715,65710042558170
7798452147715,65710080433734
7798485438715,65710115711637
7798518728415,65710151284107
7798552038215,65710189616603
7798585311715,65710225995620
7798618594715,65710270245762
7798651904315,65710300698696
7798685178515,65710337141618
7798718462815,65710375947832
7798751753015,65710411539152
7798785049215,65710447204464
7798818330515,65710486855484
7798851621415,65710523316271
7798884918715,65710559199752
7798918198815,65710598317465
7798951488815,65710634848501
7798984777815,65710670141495
7799018067215,65710710559874
7799051356515,65710745949348
7799084645915,65710782131990
7799117936415,65710819298187
7799151226815,65710856783105
7799184517515,65710893714571
7799217805215,65710930736356
7799251095015,65710968152965
7799284381715,65711003593548
7799317678215,65711042887542
7799350960615,65711080199137
7799384251115,65711115816226
7799417546815,65711153055458
7799450937515,65711190126394
7799484119215,65711226530864
7799517415615,65711263439289
7799550697315,65711300772564
7799583987815,65711335947054
7799617277215,65711372285101
7799650565715,65711410618353
7799683855615,65711446744932
7799717145115,65711483442955
7799750434215,65711522707039
7799783723615,65711557575762
7799817012515,65711596394211
7799850302615,65711633197135
7799883590815,65711669576028
7799916880615,65711706085176
7799950173615,65711759764426
7799983486015,65711795689917
7800016748215,65711828408393
7800050044615,65711865321068
7800083328415,65711902609812
7800116617715,65711944427695
7800149912415,65711977576807
7800183195315,65712014525637
7800216486015,65712051560915
7800249780515,65712089280191
7800283063315,65712125707041
7800316353615,65712162714757
7800349642415,65712200223352
7800382931515,65712235718936
7800416222015,65712272045670
7800449511915,65712310284543
7800482801015,65712349626876
7800516089715,65712382825816
7800549378615,65712421461792
7800582669415,65712457138217
7800615957115,65712493567307
7800649246615,65712531108708
7800682537715,65712568328937
7800715826015,65712604878138
7800749114615,65712641830002
7800782410915,65712678808651
7800815695015,65712716898677
7800848983615,65712752324450
7800882278615,65712789073517
7800915561715,65712827544640
7800948852315,65712881039406
7800982146715,65712912436487
7801015430115,65712946765773
7801048720615,65712983593136
7801082036515,65713039392353
7801115297715,65713068820917
7801148588915,65713105738303
7801181878815,65713141954133
7801215166015,65713195975128
7801248456215,65713224643333
7801281745315,65713261186264
7801315072415,65713297935016
7801348323615,65713339882650
7801381613515,65713374327934
7801414903715,65713410818214
7801448192415,65713447698798
7801481480915,65713485956710
7801514777015,65713522285777
7801548061915,65713558423383
7801581349115,65713595910446
7801614645715,65713632782525
7801647928015,65713674011495
7801681218115,65713707413903
7801714513315,65713743744097
7801747796415,65713779874742
7801781086615,65713834576127
7801814383615,65713865399465
7801847664615,65713900973074
7801880954915,65713937433362
7801914244015,65713976056374
7801947532715,65714013258348
7801980823015,65714049500912
7802014112715,65714086505908
7802047401315,65714122585297
7802080691615,65714159281088
7802113979515,65714199271169
7802147269815,65714235544948
7802180559115,65714271404828
7802213847615,65714325432941
7802247143615,65714356745813
7802280427115,65714391211595
7802313715915,65714427513836
7802347011515,65714464788774
7802380295815,65714501400977
7802413584415,65714538302628
7802446880915,65714575112315
7802480162515,65714612894498
7802513452915,65714649431262
7802546741315,65714687636523
7802580030515,65714726766366
7802613321315,65714761834739
7802646647815,65714798640057
7802679898315,65714838047579
7802713189215,65714873175709
7802746478515,65714909741415
7802779768015,65714949353473
7802813057215,65714983886399
7802846345915,65715019917262
7802879638215,65715058359104
7802912924415,65715093497232
7802946214115,65715129525677
7802979510115,65715167328949
7803012795915,65715203372912
7803046082215,65715239176738
7803079378215,65715277677677
7803112661915,65715313518461
7803145952115,65715350650509
7803179247015,65715389126465
7803212530615,65715423867717
7803245820515,65715460286799
7803279107915,65715498204037
7803312397115,65715533788553
7803345687315,65715570793039
7803378976515,65715608574381
7803412265615,65715643744720
7803445555815,65715679909968
7803478853315,65715719194204
7803512146515,65715753764880
7803545423715,65715789133392
7803578711815,65715829366095
7803612003215,65715864161022
7803645290715,65715902213146
7803678579915,65715941565639
7803711876315,65715975945066
7803745160915,65716011824129
7803778448115,65716051985296
7803811744815,65716086408213
7803845029515,65716123353089
7803878316815,65716162359975
7803911613115,65716197776505
7803944904015,65716234040718
7803978223315,65716272348926
7804011474115,65716308504179
7804044763815,65716344333580
7804078054115,65716382700305
7804111343415,65716419735177
7804144646615,65716455783898
7804177922015,65716493348326
7804211212115,65716529471762
7804244499815,65716565886645
7804277790015,65716603327069
7804311078315,65716639313853
7804344368915,65716675418434
7804377657515,65716715188422
7804410946815,65716750893393
7804444242615,65716785811708
7804477526915,65716826588151
7804510815015,65716861871195
7804544110515,65716896680849
7804577395515,65716936343419
7804610682815,65716972085083
7804643979615,65717007616481
7804677269315,65717044533249
7804710552215,65717080310334
7804743844615,65717116783314
7804777129915,65717154032272
7804810420315,65717189550641
7804843728515,65717224842193
7804876997615,65717262827801
7804910288415,65717298623428
7804943578015,65717334746058
7804976866415,65717385790401
7805010157015,65717419799909
7805043446215,65717451999740
7805076735415,65717487531106
7805110024515,65717523299115
7805143313415,65717573878948
7805176609515,65717614166573
7805209892015,65717642959289
7805243181215,65717680542250
7805276495815,65717724841062
7805309810915,65717771798845
7805343049115,65717802160324
7805376346015,65717838092191
7805409631015,65717874993958
7805442918615,65717927958625
7805476214015,65717956710608
7805509496615,65717993793560
7805542787615,65718030367203
7805576075215,65718074878261
7805609364115,65718108034552
7805642654615,65718144514570
7805675944715,65718180914557
7805709232615,65718218776901
7805742522715,65718255190424
7805775813215,65718292026592
7805809103215,65718329187849
7805842391015,65718365550262
7805875679415,65718402374836
7805908976815,65718439768439
7805942258115,65718475509935
7805975547815,65718513576026
7806008843615,65718566347899
7806042129215,65718594447914
7806075415915,65718631614882
7806108712615,65718667893468
7806141996415,65718721750743
7806175303215,65718764154917
7806208580615,65718795625765
7806241862615,65718831898333
7806275159315,65718869164032
7806308441115,65718912193997
7806341730715,65718945699608
7806375021015,65718982783484
7806408310815,65719019295536
7806441599115,65719059302041
7806474889315,65719095289822
7806508179415,65719131512829
7806541467215,65719167684521
7806574757315,65719206280281
7806608045915,65719242442090
7806641390715,65719278548318
7806674624515,65719317359809
7806707913715,65719353030163
7806741210115,65719390452076
7806774494015,65719427503561
7806807783315,65719463709417
7806841078915,65719500287023
7806874362815,65719538168395
7806907650315,65719574817767
7806940943315,65719610464816
7806974241215,65719672211036
7807007519315,65719699712360
7807040808815,65719734424838
7807074097315,65719769911912
7807107387715,65719806364824
7807140677615,65719844850440
7807173968715,65719881570127
7807207255815,65719917610009
7807240545915,65719956914590
7807273833615,65719993774983
7807307124015,65720029757804
7807340413415,65720065257627
7807373707415,65720102646565
7807406992415,65720140056819
7807440280115,65720176519648
7807473576715,65720213646879
7807506881415,65720249885263
7807540148715,65720284835109
7807573445115,65720322796300
7807606745615,65720357747604
7807640016315,65720391931490
7807673313215,65720431662601
7807706596715,65720468519075
7807739885815,65720507627279
7807773175315,65720542343339
7807806463715,65720578939907
7807839754215,65720615074641
7807873042515,65720653029014
7807906331715,65720688969431
7807939622815,65720724838553
7807972968615,65720763220686
7808006199915,65720799411951
7808039490615,65720835006862
7808072780015,65720887234217
7808106076115,65720916309155
7808139358215,65720952403736
7808172647015,65720990021530
7808205944815,65721041996035
7808239224815,65721082742305
7808272514915,65721126121798
7808305811115,65721169124052
7808339093715,65721199711006
7808372382715,65721235992078
7808405679715,65721280551137
7808438962515,65721337372280
7808472252715,65721370759843
7808505541215,65721396663082
7808538829815,65721434571380
7808572120815,65721471829028
7808605408615,65721507383611
7808638698215,65721545532950
7808671988315,65721587730789
7808705277615,65721618888368
7808738566315,65721656363855
7808771856715,65721693685234
7808805147215,65721729171438
7808838461515,65721770228124
7808871724515,65721805921763
7808905013315,65721840786040
7808938321315,65721877233184
7808971592015,65721913564338
7809004880815,65721955992725
7809038177715,65721994927020
7809071477115,65722041152407
7809104749415,65722073938882
7809138046115,65722114888232
7809171330115,65722149339315
7809204617515,65722195576841
7809237908015,65722221174451
7809271196315,65722258669590
7809304519815,65722298150875
7809337775215,65722339048595
7809371064015,65722382184489
7809404355015,65722419075473
7809437645115,65722457691260
7809470932515,65722497312087
7809504222815,65722535715593
7809537512415,65722573554901
7809570806515,65722612740192
7809604091415,65722652079181
7809637380715,65722688814671
7809670675815,65722727515443
7809703959315,65722767655819
7809737247615,65722805872064
7809770544215,65722836506222
7809803827315,65722871650751
7809837130515,65722909130422
7809870412515,65722962797069
7809903695715,65723002751260
7809936983615,65723047743042
7809970274315,65723091298868
7810003579915,65723132322699
7810036852815,65723175713814
7810070141815,65723218733336
7810103430715,65723263657776
7810136721215,65723305637094
7810170009215,65723351295473
7810203298915,65723392087409
7810236588715,65723435408276
7810269897315,65723479358697
7810303170215,65723512120602
7810336457615,65723548054482
7810369746915,65723584021081
7810403042715,65723637293808
7810436325615,65723679232263
7810469613915,65723720415921
7810502910915,65723763350228
7810536192315,65723804935314
7810569481815,65723848473114
7810602778515,65723890577627
7810636061315,65723934703366
7810669349615,65723968697626
7810702640615,65724022689784
7810735930215,65724062751758
7810769220115,65724105563465
7810802508515,65724149265908
7810835797115,65724177627347
7810869088515,65724214022132
7810902375815,65724251375642
7810935665415,65724288924032
7810968974615,65724325305582
7811002245215,65724363405776
7811035537515,65724399561470
7811068823715,65724436365658
7811102113515,65724472837873
7811135409015,65724527837724
7811168691715,65724556839045
7811201980115,65724593652506
7811235277015,65724630413523
7811268558515,65724680900203
7811301848415,65724727749867
7811335144915,65724768902693
7811368429215,65724813100441
7811401716815,65724855116168
7811435007115,65724897793368
7811468298815,65724941741015
7811501584715,65724973235903
7811534875315,65725009940042
7811568185615,65725046130284
7811601483915,65725083404778
7811634742115,65725121261288
7811668031915,65725157333385
7811701322215,65725194166474
7811734611515,65725249488809
7811767903515,65725279149546
7811801189815,65725315591281
7811834481015,65725351620950
7811867773415,65725394036601
7811901058215,65725426243851
7811934347115,65725464111416
7811967642515,65725500738139
7812000926315,65725537371830
7812034214715,65725574600667
7812067511515,65725611120413
7812100797015,65725648496096
7812134083115,65725684363070
7812167373015,65725721339676
7812200663515,65725776071343
7812233951215,65725816687553
7812267241815,65725848082416
7812300552415,65725883895771
7812333820115,65725920936237
7812367109115,65725973905694
7812400398115,65726015753937
7812433688515,65726058602915
7812466977615,65726101732598
7812500269715,65726146114179
7812533556115,65726175945121
7812566846115,65726211769123
7812600140315,65726249568957
7812633424415,65726287148910
7812666714215,65726322831971
7812700009615,65726360134744
7812733293015,65726398906193
7812766581015,65726434544002
7812799878215,65726470391047
7812833160015,65726508539530
7812866453015,65726544371563
7812899740015,65726581311414
7812933049515,65726618525112
7812966317015,65726653649839
7812999607615,65726690949667
7813032897415,65726726955653
7813066186715,65726763703198
7813099476215,65726798861363
7813132764615,65726849682150
7813166055615,65726887108032
7813199342915,65726917326226
7813232635715,65726954148999
7813265922315,65726990342251
7813299213415,65727041606569
7813332506415,65727078311457
7813365791315,65727119955879
7813399081615,65727145855132
7813432376615,65727186864039
7813465658915,65727224490286
7813498947615,65727275710896
7813532245515,65727313142522
7813565528015,65727356728806
7813598815615,65727401887118
7813632106015,65727441751099
7813665395415,65727486625025
7813698683715,65727530689341
7813731974015,65727571385481
7813765263615,65727618839674
7813798561115,65727659735628
7813831842615,65727699472245
7813865130415,65727733698435
7813898422615,65727778942225
7813931709315,65727811167348
7813965001815,65727847832226
7813998289215,65727892878287
7814031578715,65727928830013
7814064872415,65727982779970
7814098157115,65728018148934
7814131448015,65728060577190
7814164740915,65728091475989
7814198026115,65728127774284
7814231313615,65728164783694
7814264638115,65728219800376
7814297894515,65728261682524
7814331181915,65728306303015
7814364472715,65728348184822
7814397761515,65728384327501
7814431050315,65728425931232
7814464340615,65728466592482
7814497630715,65728507330830
7814530918515,65728543263644
7814564208515,65728573273835
7814597496815,65728610719976
7814630787315,65728647280036
7814664076315,65728684996696
7814697368515,65728720442528
7814730655815,65728760752757
7814763948715,65728810836784
7814797238715,65728843574751
7814830523515,65728887546632
7814863814215,65728922869287
7814897107615,65728965505556
7814930391915,65729003364922
7814963680515,65729044078252
7814996977115,65729082305093
7815030260415,65729121197752
7815063548315,65729161179592
7815096838815,65729201848025
7815130143915,65729240748408
7815163416215,65729283372559
7815196707015,65729314574894
7815229998115,65729350066866
7815263284115,65729385467743
7815296575115,65729439641152
7815329865015,65729467319524
7815363153415,65729502921211
7815396443415,65729537156123
7815429735815,65729593177436
7815463021915,65729625322874
7815496310115,65729656283620
7815529605515,65729692735034
7815562889615,65729730004170
7815596207915,65729783422433
7815629473415,65729824583941
7815662758115,65729866564647
7815696048315,65729909192022
7815729344015,65729952284325
7815762626415,65729981027666
7815795914715,65730017623908
7815829206515,65730054167544
7815862493315,65730110506964
7815895782515,65730152564446
7815929073015,65730194075151
7815962362315,65730236657199
7815995651015,65730279481827
7816028941115,65730324263408
7816062230915,65730365972749
7816095520615,65730408668424
7816128810215,65730451422113
7816162100515,65730493974835
7816195389215,65730537094202
7816228676915,65730579261706
7816261971815,65730621970808
7816295256715,65730652466846
7816328545415,65730688067397
7816361839515,65730724687261
7816395124215,65730779947329
7816428415015,65730822953243
7816461730415,65730865043591
7816494992515,65730908177447
7816528281415,65730951122570
7816561583215,65730993742766
7816594859815,65731036114601
7816628149315,65731079164140
7816661442615,65731121650331
7816694728615,65731164933961
7816728017315,65731208451040
7816761307915,65731250783887
7816794597815,65731292810589
7816827885915,65731323590107
7816861176415,65731359769010
7816894467415,65731396451744
7816927787415,65731446650356
7816961042815,65731488247745
7816994338215,65731532101009
7817027622715,65731573425146
7817060913015,65731615851463
7817094205915,65731659443767
7817127490715,65731701892892
7817160780215,65731744162816
7817194075015,65731786773627
7817227359015,65731816619678
7817260648815,65731853850029
7817293937615,65731889530955
7817327227715,65731942659768
7817360515415,65731979958707
7817393806515,65732022924207
7817427095515,65732065795361
7817460383815,65732107018480
7817493673915,65732148606645
7817526963815,65732190007974
7817560251615,65732232285357
7817593542315,65732273861471
7817626862715,65732305927251
7817660120715,65732341947875
7817693410615,65732379080755
7817726704415,65732416091757
7817759989315,65732452760976
7817793300115,65732507999754
7817826572615,65732547146702
7817859857415,65732592038980
7817893164015,65732635239401
7817926441615,65732664782627
7817959725515,65732703176068
7817993014615,65732739139049
7818026304115,65732791995665
7818059594015,65732825170665
7818092881715,65732868651810
7818126172615,65732906723201
7818159460515,65732945412599
7818192768115,65732984422932
7818226041115,65733024507851
7818259329315,65733064716837
7818292618315,65733103714943
7818325908915,65733142182121
7818359200615,65733182771943
7818392488415,65733222472696
7818425776915,65733252936241
7818459070915,65733287231126
7818492356715,65733326050337
7818525643415,65733378841420
7818558938415,65733408650358
7818592223915,65733444413054
7818625513015,65733485012868
7818658807315,65733519063520
7818692091215,65733555363154
7818725381215,65733592663766
7818758670615,65733628960748
7818791960115,65733667343274
7818825248315,65733703645991
7818858539015,65733742299453
7818891827215,65733778575234
7818925116115,65733831864653
7818958406615,65733863171223
7818991697215,65733898297936
7819024984315,65733934546026
7819058275115,65733972906117
7819091568515,65734008740323
7819124853115,65734047406406
7819158143115,65734085045444
7819191467015,65734121267739
7819224748915,65734160221078
7819258010315,65734196900550
7819291305915,65734233336083
7819324589915,65734269136229
7819357879315,65734306193245
7819391174015,65734342020235
7819424457815,65734380369568
7819457748415,65734416564024
7819491035415,65734453253847
7819524326315,65734492189462
7819557614315,65734526986008
7819590904715,65734563436413
7819624193215,65734600351462
7819657483015,65734637278603
7819690773515,65734673678362
7819724063515,65734721543881
7819757351015,65734750428095
7819790641515,65734786859071
7819823934615,65734822534573
7819857218915,65734860938879
7819890509615,65734897668414
7819923833115,65734932790444
7819957087915,65734970348586
7819990377315,65735006276164
7820023671815,65735051917283
7820056956015,65735081869753
7820090245915,65735118450881
7820123540915,65735158619968
7820156824715,65735206868656
7820190113815,65735250438888
7820223402315,65735280308010
7820256692015,65735316736261
7820289981215,65735357844589
7820323271715,65735406973411
7820356561415,65735448599580
7820389849215,65735491370551
7820423140115,65735534735941
7820456427915,65735578950967
7820489717715,65735621461597
7820523008115,65735663452199
7820556336415,65735707736282
7820589585315,65735751247370
7820622875915,65735792021450
7820656200015,65735835973933
7820689454315,65735879256284
7820722744015,65735923368823
7820756038115,65735954764726
7820789323515,65735990867187
7820822611215,65736030917400
7820855909715,65736080545672
7820889190415,65736123845369
7820922481415,65736167028239
7820955768215,65736207998979
7820989059115,65736251739920
7821022349415,65736296850850
7821055638815,65736339154634
7821088926615,65736383468845
7821122215615,65736425407874
7821155506915,65736468897072
7821188794215,65736497613291
7821222083715,65736533440644
7821255374215,65736582766294
7821288665115,65736611065885
7821321952015,65736646447597
7821355242315,65736684671995
7821388538215,65736737232486
7821421823515,65736768859489
7821455110415,65736804379828
7821488404315,65736839675788
7821521689515,65736885458890
7821554977815,65736925646209
7821588273115,65736966097712
7821621557515,65736995214093
7821654846315,65737030698168
7821688134915,65737068934681
7821721425215,65737116374748
7821754715915,65737154465424
7821788003015,65737193377140
7821821293215,65737234471340
7821854581515,65737271658828
7821887913515,65737311790535
7821921160515,65737350555268
7821954450115,65737389942462
7821987740615,65737428626052
7822021032315,65737467675510
7822054318315,65737506837574
7822087608715,65737545021045
7822120905015,65737584351234
7822154186315,65737614466632
7822187477015,65737651754833
7822220771115,65737686140798
7822254055215,65737725113544
7822287344815,65737759877236
7822320639715,65737799159471
7822353923615,65737833040070
7822387230315,65737869896594
7822420501415,65737922170660
7822453791815,65737963551454
7822487082315,65738006276945
7822520369015,65738044410968
7822553659715,65738092067548
7822586948515,65738136115710
7822620238415,65738174239260
7822653528215,65738218679899
7822686816415,65738261669296
7822720106615,65738301860565
7822753411815,65738348143879
7822786684715,65738391675127
7822819975015,65738432173084
7822853270915,65738475834739
7822886552315,65738505030615
7822919843415,65738539076491
7822953139015,65738594578567
7822986421715,65738636369408
7823019711715,65738679341123
7823053005915,65738721045881
7823086290215,65738764122592
7823119578615,65738808224056
7823152868015,65738852388353
7823186158615,65738896482297
7823219471815,65738938710692
7823252735815,65738983660437
7823286026115,65739027280363
7823319315815,65739070204007
7823352605015,65739100472600
7823385895015,65739136738362
7823419182615,65739185403425
7823452474415,65739213623239
7823485762915,65739250027971
7823519050815,65739287415378
7823552341615,65739341948055
7823585635715,65739382343256
7823618919215,65739424816812
7823652209315,65739456944375
7823685505215,65739492879604
7823718789215,65739535584241
7823752077415,65739568691154
7823785372015,65739605434904
7823818657015,65739643134038
7823851945115,65739680437141
7823885234215,65739715891061
7823918524515,65739752153018
7823951813215,65739791174318
7823985102915,65739827552858
7824018392815,65739864378812
7824051682615,65739903162341
7824084996515,65739939851528
7824118260415,65739977183778
7824151548915,65740028242909
7824184843915,65740064098033
7824218128615,65740107769280
7824251417615,65740141019500
7824284711615,65740175841677
7824318003415,65740212131468
7824351285315,65740250723255
7824384576215,65740286335258
7824417872415,65740323268135
7824451153615,65740360516852
7824484444215,65740396225030
7824517738915,65740431801987
7824551074315,65740469109184
7824584311415,65740504461372
7824617600615,65740544886697
7824650891015,65740578783167
7824684181015,65740615015608
7824717468415,65740667857348
7824750759215,65740697732845
7824784048015,65740733647407
7824817337015,65740769780954
7824850627215,65740824410719
7824883916715,65740865442003
7824917205715,65740907891294
7824950495715,65740950872069
7824983783715,65740983647955
7825017074215,65741019472943
7825050369915,65741058536426
7825083651715,65741095062456
7825116942515,65741131652181
7825150238815,65741170977974
7825183519515,65741206378043
7825216810215,65741242030312
7825250137215,65741277176244
7825283388815,65741315734867
7825316679015,65741351448266
7825349967015,65741389434954
7825383257315,65741425500668
7825416571215,65741461850030
7825449834815,65741500191653
7825483125315,65741552139048
7825516427915,65741581464429
7825549702515,65741618634643
7825582993515,65741654950519
7825616283115,65741697716255
7825649572115,65741729855995
7825682862515,65741765968321
7825716150015,65741802260512
7825749440315,65741853751473
7825782735015,65741880991355
7825816018215,65741916482099
7825849308215,65741953350455
7825882634515,65741992080399
7825915885815,65742028761343
7825949176415,65742069597787
7825982472315,65742105369367
7826015756615,65742140414683
7826049045015,65742176827296
7826082333515,65742215180185
7826115624415,65742251037186
7826148911715,65742286508407
7826182204615,65742323923913
7826215491815,65742360044223
7826248781215,65742397258688
7826282069715,65742434836982
7826315360215,65742471187209
7826348649615,65742509882537
7826381939015,65742560406518
7826415229015,65742593151517
7826448516715,65742628943184
7826481807315,65742665030292
7826515100615,65742701572718
7826548384815,65742737297799
7826581674615,65742773617643
7826614971515,65742810867179
7826648252515,65742857034415
7826681542915,65742887509543
7826714839915,65742922950718
7826748143315,65742959506169
7826781411215,65743013241221
7826814699615,65743046167701
7826848017615,65743080684061
7826881278015,65743118080262
7826914567815,65743153050348
7826947858315,65743193866599
7826981147515,65743227104415
7827014435815,65743263213015
7827047726415,65743301797832
7827081016815,65743335546918
7827114303815,65743371033791
7827147595015,65743409712613
7827180882615,65743445769764
7827214173015,65743481901093
7827247466815,65743530420953
7827280750715,65743562655570
7827314041215,65743598288858
7827347338315,65743632880907
7827380619115,65743671303457
7827413909615,65743707099105
7827447206515,65743740511733
7827480486815,65743775728114
7827513777515,65743814257971
7827547065815,65743849353151
7827580356115,65743887797916
7827613646015,65743924815527
7827646934215,65743960211220
7827680224615,65744000290451
7827713513815,65744039130912
7827746802515,65744074942907
7827780092915,65744110029283
7827813382315,65744150709395
7827846670315,65744184033365
7827879961615,65744218714230
7827913249315,65744256813486
7827946539315,65744291374222
7827979834215,65744326803804
7828013117215,65744363386418
7828046407915,65744400065563
7828079726815,65744438827943
7828112985615,65744481820955
7828146274915,65744517740622
7828179598815,65744557272139
7828212853115,65744595698846
7828246144315,65744631616541
7828279437015,65744672615476
7828312722815,65744709844293
7828346012015,65744748065852
7828379300515,65744783671645
7828412592315,65744831425516
7828445879315,65744865618743
7828479168815,65744910347127
7828512458915,65744958481658
7828545749615,65744986536826
7828579036615,65745022918493
7828612327815,65745060463666
7828645617815,65745107144270
7828678906615,65745151487723
7828712201215,65745196297597
7828745484115,65745241031880
7828778775115,65745285458550
7828812068015,65745325780632
7828845351815,65745370611311
7828878641715,65745413276956
7828911937615,65745459108973
7828945220015,65745501995983
7828978510415,65745544118395
7829011803415,65745590328416
7829045093615,65745632920405
7829078378815,65745663465986
7829111667315,65745699481489
7829144956815,65745753366119
7829178245615,65745795950942
7829211535115,65745829534681
7829244825515,65745864997813
7829278114315,65745903070901
7829311403515,65745944809758
7829344693715,65745987324292
7829377983915,65746022339153
7829411271115,65746060489694
7829444567515,65746095230711
7829477850315,65746135149638
7829511178715,65746176465699
7829544434315,65746211227225
7829577718315,65746247799031
7829611022115,65746285850081
7829644305115,65746322480262
7829677586215,65746367663780
7829710876615,65746398571416
7829744173915,65746436045165
7829777454615,65746471160766
7829810745015,65746512395648
7829844033115,65746549149353
7829877323615,65746585146282
7829910613215,65746626801702
7829943901115,65746673110778
7829977191815,65746704272806
7830010481715,65746740838831
7830043769215,65746783743127
7830077060015,65746822770954
7830110350215,65746862496190
7830143637615,65746893601357
7830176933615,65746927883028
7830210216415,65746974484833
7830243506815,65747007497337
7830276801615,65747045239583
7830310084415,65747079294025
7830343374615,65747114968814
7830376679015,65747153560675
7830409952915,65747190718832
7830443242615,65747225924376
7830476539515,65747263561490
7830509822115,65747307591189
7830543111115,65747339356835
7830576401015,65747380010906
7830609690015,65747422277742
7830642979315,65747465069293
7830676267715,65747492524634
7830709558715,65747530343241
7830742850015,65747566048805
7830776135915,65747604445943
7830809426315,65747640142177
7830842748315,65747678244946
7830876003715,65747713768251
7830909299715,65747752185307
7830942584015,65747787941744
7830975873315,65747838246450
7831009168015,65747878587468
7831042450815,65747913883983
7831075742415,65747959034410
7831109035715,65747992261877
7831142319515,65748028615599
7831175608915,65748062124283
7831208902015,65748107477382
7831242187115,65748141674196
7831275477415,65748177857954
7831308767415,65748213755996
7831342056915,65748254064670
7831375345615,65748289905537
7831408634215,65748326294365
7831441925315,65748366170121
7831475213015,65748401819720
7831508503415,65748436565003
7831541792915,65748476165624
7831575081615,65748510986279
7831608370215,65748547155371
7831641666315,65748587483725
7831674950015,65748621543563
7831708255515,65748656832534
7831741534915,65748696720557
7831774817215,65748731098573
7831808111315,65748767517685
7831841402215,65748805660647
7831874685215,65748840648726
7831907976115,65748876987481
7831941272315,65748914730713
7831974553415,65748950561316
7832007843715,65748985891782
7832041134215,65749024966232
7832074421815,65749060764277
7832107712515,65749096098665
7832141000615,65749134792195
7832174341115,65749170852475
7832207579315,65749208308455
7832240868415,65749245663895
7832274158815,65749281382890
7832307449615,65749317133404
7832340736715,65749356960584
7832374032515,65749393061997
7832407316315,65749429430608
7832440605315,65749468822765
7832473901015,65749504252603
7832507185015,65749539991222
7832540474215,65749580418908
7832573769515,65749614500077
7832607052115,65749650777670
7832640346115,65749691641435
7832673638615,65749725159246
7832706919615,65749761758875
7832740210115,65749801843811
7832773500715,65749835895959
7832806787615,65749873225880
7832840079015,65749912079118
7832873368015,65749946854001
7832906657315,65749983021388
7832939946415,65750022417870
7832973235015,65750057286545
7833006525415,65750093169867
7833039836315,65750132524923
7833073103215,65750165415846
7833106398715,65750200696061
7833139698815,65750238946042
7833172971315,65750274791547
7833206267115,65750311611342
7833239550615,65750351223772
7833272841015,65750386117112
7833306136515,65750421733556
7833339418815,65750461145651
7833372708815,65750494912055
7833406000815,65750531037862
7833439286515,65750568795328
7833472576515,65750604792292
7833505905715,65750640616729
7833539154215,65750680207265
7833572444615,65750715210180
7833605734415,65750752794302
7833639023615,65750790255538
7833672312715,65750825961536
7833705601215,65750862893634
7833738893015,65750901201639
7833772180015,65750936391604
7833805469515,65750969753972
7833838765015,65751009892401
7833872049215,65751045792390
7833905337315,65751081841436
7833938633515,65751120564136
7833971917515,65751155382650
7834005207215,65751192481578
7834038502315,65751230687452
7834071786515,65751266191370
7834105075815,65751302478639
7834138366715,65751353210811
7834171653115,65751380139418
7834204943015,65751416420884
7834238233715,65751453879829
7834271521215,65751490436050
7834304811015,65751526907146
7834338101615,65751564149893
7834371411115,65751600551498
7834404679315,65751637949251
7834437967815,65751680185558
7834471274715,65751711864081
7834504546215,65751747856453
7834537839215,65751784675410
7834571130915,65751823159439
7834604415115,65751858970385
7834637703915,65751898008939
7834671000115,65751933427934
7834704284815,65751970118908
7834737571515,65752006191831
7834770868815,65752043613016
7834804150515,65752079809504
7834837474615,65752115994271
7834870732915,65752154320706
7834904019015,65752190528139
7834937309715,65752229799838
7834970598915,65752278989195
7835003887115,65752309514840
7835037177415,65752344839845
7835070467915,65752382829667
7835103755815,65752434247233
7835137045915,65752477321530
7835170334215,65752509298987
7835203624315,65752544541169
7835236913915,65752581918134
7835270202015,65752634922750
7835303497515,65752676758390
7835336782515,65752719744620
7835370070415,65752750085583
7835403367115,65752786142409
7835436650415,65752826199590
7835469938815,65752860987229
7835503235015,65752897092194
7835536523615,65752940709349
7835569807915,65752988224348
7835603103415,65753018566961
7835636385215,65753055163201
7835669676015,65753091199122
7835702992915,65753130295479
7835736253415,65753166275323
7835769544315,65753202937983
7835802870515,65753256502439
7835836121415,65753296423451
7835869411415,65753339284649
7835902701515,65753369881143
7835935990115,65753406151796
7835969280415,65753442863759
7836002569015,65753497921598
7836035864115,65753526449047
7836069147715,65753562635887
7836102437015,65753598830731
7836135732915,65753637427986
7836169017615,65753673806270
7836202304615,65753710192443
7836235601615,65753748311064
7836268887315,65753784583395
7836302174615,65753821041611
7836335469515,65753859059879
7836368751915,65753895794149
7836402043215,65753931473673
7836435330515,65753970558348
7836468620215,65754006650236
7836501910115,65754042712660
7836535199515,65754081632104
7836568488015,65754117500517
7836601778215,65754154061429
7836635068215,65754196044341
7836668357515,65754230431352
7836701646715,65754265804508
7836734934615,65754304868425
7836768230515,65754339872197
7836801513515,65754376116407
7836834803215,65754414214484
7836868099315,65754449311210
7836901383015,65754485759241
7836934671215,65754523931043
7836967967315,65754559376554
7837001251715,65754595488339
7837034539015,65754634464500
7837067836115,65754669194860
7837101118115,65754706354622
7837134438215,65754744786792
7837167696915,65754779635054
7837200985615,65754816159818
7837234276815,65754853894856
7837267566015,65754889617264
7837300854415,65754926804977
7837334144715,65754964893329
7837367435315,65755000477846
7837400722715,65755037162638
7837434013015,65755075562228
7837467301415,65755110755821
7837500595115,65755148202650
7837533881215,65755186282888
7837567169515,65755221631287
7837600466015,65755258297631
7837633750515,65755298056936
7837667037315,65755333125945
7837700334115,65755369302975
7837733618615,65755406957555
7837766905615,65755443926746
7837800202415,65755479746926
7837833496015,65755518644397
7837866774715,65755555173646
7837900064515,65755590326596
7837933352615,65755629646422
7837966646015,65755665785117
7837999932015,65755701562324
7838033220215,65755740838735
7838066511215,65755776724989
7838099800415,65755812352613
7838133088715,65755847148459
7838166378815,65755882945287
7838199669015,65755924694886
7838232962815,65755958231986
7838266247415,65755992810388
7838299535815,65756032852312
7838332832415,65756067511732
7838366114315,65756104036235
7838399404115,65756138683007
7838432700515,65756181807469
7838466003715,65756221249820
7838499271915,65756252652321
7838532568615,65756286922742
7838565852015,65756320198524
7838599141115,65756358867122
7838632431415,65756392752829
7838665719215,65756429738442
7838699010015,65756467717494
7838732297615,65756511572858
7838765587515,65756551639726
7838798877415,65756591225993
7838832166415,65756629050048
7838865455115,65756668534473
7838898745515,65756709810371
7838932035415,65756747703872
7838965329915,65756787859298
7838998613415,65756826771745
7839031901715,65756866919902
7839065199315,65756904389498
7839098481115,65756944724172
7839131769915,65756984241834
7839165066615,65757021507735
7839198350315,65757053367662
7839231638415,65757089048411
7839264934615,65757130797339
7839298218615,65757175525623
7839331511515,65757220192550
7839364797215,65757265456562
7839398085315,65757303067487
7839431375815,65757340664329
7839464664415,65757386952018
7839497955515,65757436204790
7839531244115,65757475713038
7839564533515,65757519230895
7839597821815,65757560993848
7839631112015,65757592119636
7839664402215,65757629838476
7839697694915,65757684070498
7839730979815,65757709582572
7839764268515,65757746456870
7839797588115,65757783427560
7839830847215,65757820098382
7839864151715,65757875466108
7839897432815,65757905787373
7839930717415,65757941216825
7839964004815,65757985490578
7839997301215,65758024397406
7840030584915,65758068973972
7840063873015,65758107708296
7840097163415,65758144831239
7840130467515,65758186502588
7840163741715,65758223659988
7840197031615,65758261113143
7840230319615,65758298083521
7840263612015,65758331162674
7840296900915,65758366532149
7840330188015,65758404163456
7840363478615,65758454863250
7840396768515,65758487439654
7840430059415,65758527921525
7840463345915,65758561919414
7840496635015,65758605583260
7840529930615,65758644794105
7840563214715,65758684355602
7840596502815,65758725123987
7840629799815,65758765019847
7840663094515,65758794855426
7840696371115,65758832251018
7840729667915,65758881492964
7840762951915,65758919867706
7840796239215,65758948534154
7840829529715,65758986490707
7840862834715,65759032772516
7840896108315,65759080409283
7840929398215,65759124032071
7840962686315,65759160641829
7840995976715,65759205947075
7841029265215,65759245831588
7841062554515,65759288652811
7841095844615,65759329108911
7841129164615,65759374928149
7841162425315,65759417987186
7841195713215,65759464498955
7841229002315,65759504938591
7841262297715,65759541353036
7841295580615,65759587175867
7841328869415,65759620390790
7841362166915,65759660972847
7841395449615,65759709499018
7841428737515,65759751243647
7841462034315,65759787836031
7841495317215,65759824842071
7841528605215,65759874205464
7841561895915,65759916492065
7841595185815,65759958906285
7841628475815,65760004113274
7841661764115,65760041532482
7841695052415,65760092083516
7841728343815,65760133904140
7841761646215,65760174179726
7841794921015,65760218743842
7841828211215,65760260822617
7841861501815,65760292927846
7841894792115,65760330204522
7841928078715,65760371228162
7841961369815,65760415941577
7841994683315,65760462648733
7842027947315,65760503757696
7842061235615,65760545038984
7842094532715,65760589218587
7842127814115,65760633449775
7842161103815,65760677478918
7842194400815,65760722376522
7842227683715,65760766061352
7842260972015,65760807794759
7842294262215,65760846174296
7842327552715,65760891749794
7842360839715,65760937862268
7842394130715,65760968323046
7842427419115,65761004981278
7842460758715,65761049424113
7842493997615,65761097965776
7842527286815,65761142313418
7842560577015,65761186966203
7842593867415,65761226423063
7842627158415,65761270385827
7842660445015,65761316248753
7842693736015,65761360230665
7842727029615,65761406098216
7842760313615,65761446240595
7842793602015,65761487613145
7842826898015,65761528236325
7842860181815,65761573888380
7842893470315,65761612390563
7842926767015,65761646107438
7842960050615,65761681658612
7842993338415,65761735800073
7843026628715,65761777945901
7843059918915,65761822554883
7843093206215,65761864722838
7843126497015,65761907640031
7843159806215,65761950826861
7843193075415,65761994053417
7843226364715,65762037691397
7843259653415,65762080235078
7843292944015,65762124007496
7843326261015,65762167539764
7843359524315,65762210419795
7843392811515,65762253721661
7843426114315,65762297692479
7843459395215,65762326888256
7843492680315,65762362829613
7843525969515,65762399916929
7843559265715,65762450426276
7843592548615,65762492904551
7843625836415,65762535501495
7843659133815,65762577610520
7843692415215,65762620441901
7843725704715,65762662694111
7843758995115,65762706083484
7843792286015,65762748679092
7843825573215,65762790994244
7843858863515,65762832165440
7843892153315,65762874540187
7843925441815,65762919900825
7843958731115,65762959843066
7843992019915,65762991230703
7844025311515,65763026690555
7844058598615,65763063749982
7844091890915,65763102324432
7844125177715,65763154031214
7844158467415,65763193195381
7844191761515,65763235745254
7844225046315,65763277537974
7844258336115,65763321074942
7844291632615,65763360523699
7844324914315,65763404277156
7844358202915,65763445674637
7844391500915,65763487218920
7844424785315,65763529380811
7844458071515,65763571209480
7844491361515,65763613939404
7844524651015,65763646739542
7844557939015,65763682412590
7844591229615,65763719011989
7844624520115,65763771213880
7844657829915,65763811595003
7844691097515,65763853870024
7844724386415,65763896203410
7844757694315,65763935415573
7844790964715,65763979122427
7844824257315,65764020657226
7844857544215,65764062849884
7844890833815,65764106177398
7844924127815,65764137736697
7844957412715,65764173382335
7844990702815,65764210728923
7845023996215,65764261557499
7845057280715,65764301039825
7845090569415,65764342508035
7845123899615,65764384473674
7845157147815,65764424912034
7845190437615,65764468261614
7845223727615,65764507473425
7845257018215,65764550230076
7845290305515,65764591853998
7845323596115,65764624481116
7845356886315,65764660891245
7845390173415,65764697750443
7845423464215,65764751706283
7845456778815,65764785331199
7845490042815,65764829381552
7845523332315,65764871297969
7845556622915,65764912088802
7845589910715,65764954190329
7845623200615,65764996340129
7845656494515,65765037440670
7845689779015,65765070727464
7845723068615,65765105572643
7845756362215,65765142851912
7845789647715,65765188161091
7845822937315,65765228795787
7845856232915,65765270251078
7845889515815,65765311535927
7845922803815,65765342270667
7845956094315,65765378783017
7845989404615,65765416880853
7846022671915,65765456236997
7846055962515,65765504057185
7846089281715,65765542155363
7846122540215,65765585558529
7846155830515,65765625364031
7846189146215,65765666658552
7846222408615,65765700174648
7846255699215,65765735785128
7846288989515,65765771648271
7846322296115,65765821294418
7846355565715,65765862329533
7846388861015,65765903154535
7846422145815,65765944532677
7846455474315,65765987523773
7846488729015,65766027013881
7846522013715,65766069492195
7846555303515,65766102015823
7846588603415,65766137658940
7846621881715,65766173855582
7846655170115,65766224766394
7846688461415,65766257750159
7846721748915,65766302023395
7846755039115,65766342186946
7846788328815,65766384063165
7846821617815,65766424498482
7846854906715,65766466799411
7846888196715,65766507788195
7846921486615,65766549420223
7846954775815,65766590754325
7846988065115,65766621708860
7847021355415,65766658171758
7847054644715,65766695260530
7847087932215,65766732471688
7847121227215,65766784042827
7847154511815,65766821163059
7847187801515,65766864230353
7847221095615,65766905268992
7847254380215,65766947632808
7847287670715,65766988479491
7847320987015,65767022361459
7847354248915,65767057387428
7847387536615,65767094022183
7847420856215,65767144308964
7847454115615,65767181449481
7847487405015,65767224835122
7847520695115,65767264396300
7847553985815,65767306526724
7847587272715,65767347423871
7847620565315,65767389591173
7847653852515,65767430190183
7847687141615,65767471149136
7847720431015,65767504663834
7847753751815,65767541349759
7847787010215,65767576708808
7847820298615,65767621501105
7847853594615,65767666542428
7847886878715,65767705388037
7847920168315,65767749237801
7847953463615,65767786997013
7847986746815,65767831181219
7848020037015,65767870437696
7848053329815,65767912418372
7848086614615,65767954455582
7848119903215,65767994639298
7848153192915,65768038310881
7848186483115,65768069527236
7848219786815,65768106087390
7848253061115,65768143070071
7848286352515,65768181749965
7848319639415,65768228784271
7848352929715,65768267065600
7848386219215,65768308953185
7848419507515,65768348835676
7848452797315,65768390823927
7848486117315,65768433775858
7848519376315,65768473891040
7848552665815,65768513789664
7848585960215,65768554668053
7848619245015,65768588397419
7848652533215,65768623630751
7848685828315,65768659440809
7848719112815,65768703227574
7848752434815,65768744623264
7848785696315,65768785976093
7848818981115,65768825934643
7848852270415,65768866923146
7848885559515,65768908043043
7848918849115,65768950382862
7848952137315,65768990702884
7848985429115,65769031693724
7849018715915,65769074133891
7849052005915,65769106452558
7849085296415,65769141189181
7849118585515,65769177963285
7849151873515,65769214541232
7849185163615,65769265549016
7849218455415,65769302573229
7849251744015,65769346927756
7849285032515,65769384478129
7849318326315,65769428058751
7849351611815,65769467693954
7849384899215,65769510641536
7849418194415,65769543704377
7849451479215,65769578608641
7849484769815,65769616180307
7849518063315,65769665611142
7849551347515,65769699911259
7849584638115,65769743924041
7849617931215,65769782023160
7849651215715,65769824953504
7849684503415,65769867621445
