#t_ns,in_ts
7669888561715,517062114381
7669921856015,517066159937
7669955139515,517070274414
7669988430115,517076695129
7670021726915,517085228839
7670055008015,517094768044
7670088298215,517107530104
7670121622415,517122166283
7670154876515,517136354902
7670188166415,517148566901
7670221460715,517163022583
7670254745415,517176228059
7670288047815,517191049070
7670321322715,517205329760
7670354628015,517221247017
7670387903615,517236786570
7670421190915,517249697295
7670454481015,517263888704
7670487771015,517278512574
7670521060215,517292280237
7670554349315,517307145947
7670587637915,517320532281
7670620928215,517338939926
7670654220015,517356364992
7670687506015,517374449551
7670720796515,517391712800
7670754141715,517408695837
7670787374215,517421455272
7670820664715,517432181566
7670853960315,517442028789
7670887243115,517452379752
7670920532215,517460829628
7670953827315,517468535945
7670987112615,517477965754
7671020399815,517487529744
7671053689215,517499114738
7671086979515,517510595733
7671120274415,517523449069
7671153557315,517540591256
7671186847315,517553414887
7671220137315,517568929117
7671253426915,517589874272
7671286714915,517610443818
7671320004315,517629822265
7671353295315,517650747690
7671386585715,517673609495
7671419872315,517699330955
7671453162315,517728577046
7671486460915,517755129888
7671519740215,517785592802
7671553030915,517814758138
7671586333215,517844353139
7671619631815,517876745688
7671652899215,517911549748
7671686193715,517942850575
7671719494615,517971694281
7671752766215,517999912164
7671786055115,518029241067
7671819346015,518047602518
7671852635315,518076281197
7671885924015,518105691943
7671919213615,518135797355
7671952504315,518166317485
7671985791615,518199795489
7672019082515,518234476903
7672052370415,518268990022
7672085717815,518299677204
7672118952315,518329950220
7672152238415,518359805399
7672185529115,518389789858
7672218826115,518418887220
7672252119915,518445593112
7672285397215,518472341758
7672318692515,518498020876
7672351975515,518517931320
7672385265715,518547674679
7672418592115,518576808955
7672451844315,518604107915
7672485134015,518629390743
7672518422015,518656257106
7672551712215,518682206714
7672585002615,518709991865
7672618289915,518741487958
7672651580115,518769451006
7672684870015,518797317980
7672718158315,518821033573
7672751448615,518846520711
7672784736915,518870997372
7672818027515,518894812225
7672851321015,518921721870
7672884605215,518945564160
7672917895515,518965063477
7672951211815,518980699075
7672984473615,518995902377
7673017763615,519021686493
7673051070315,519060563574
7673084341115,519087769595
7673117631515,519107562228
7673150958915,519128403721
7673184210515,519147534566
7673217499915,519163425634
7673250788415,519180999556
7673284078915,519195754089
7673317367115,519212103423
7673350656415,519227455783
7673383950615,519246607708
7673417269415,519265405137
7673450524415,519280410516
7673483814615,519296667023
7673517104415,519312899110
7673550396615,519330152039
7673583685615,519348270886
7673616971815,519365262029
7673650262715,519383936514
7673683555915,519402100824
7673716839315,519418731630
7673750130015,519436352113
7673783425015,519455021045
7673816707815,519476119962
7673849998015,519493148632
7673883294215,519510792033
7673916576715,519531580222
7673949866515,519547577156
7673983154815,519562685005
7674016445515,519577540585
7674049733215,519592379655
7674083022715,519609106141
7674116313515,519625885876
7674149619715,519642861987
7674182890715,519659052519
7674216181115,519674855967
7674249472015,519691530845
7674282759015,519705183018
7674316052015,519724652257
7674349337615,519751972961
7674382650115,519775379052
7674415922015,519798671889
7674449206215,519822864491
7674482496615,519842127116
7674515792215,519860884649
7674549074215,519880168211
7674582364615,519899214657
7674615662015,519917603904
7674648942215,519935293417
7674682232715,519948047188
7674715521515,519965345600
7674748810815,519981305975
7674782099715,519997318307
7674815389615,520015222122
7674848679815,520036257715
7674881969915,520055930580
7674915257415,520074563577
7674948547415,520095818899
7674981838015,520115029533
7675015125715,520134246144
7675048417915,520153202669
7675081704315,520172029884
7675114994815,520190725890
7675148289515,520206954750
7675181572415,520226133552
7675214863215,520246580497
7675248157815,520263591788
7675281444415,520284992557
7675314730615,520302509404
7675348027515,520320474482
7675381308615,520338010585
7675414599515,520353475810
7675447888715,520371828791
7675481177815,520390771085
7675514467915,520409243029
7675547755815,520429082998
7675581046215,520453595061
7675614334515,520473296782
7675647623915,520490498268
7675680914315,520510164176
7675714237515,520527452677
7675747491815,520543210406
7675780784515,520559756812
7675814072015,520576082616
7675847361115,520590934497
7675880656715,520605342407
7675913939015,520620260350
7675947234415,520636598385
7675980522715,520655372590
7676013806615,520674269444
7676047097315,520691939359
7676080394215,520712271445
7676113675015,520733969193
7676146965515,520752751630
7676180256215,520770542977
7676213544815,520787983893
7676246833715,520804403506
7676280122115,520821293328
7676313412815,520838710846
7676346701015,520856670421
7676379989915,520880645405
7676413280515,520897906962
7676446569715,520912951624
7676479858115,520927969948
7676513151015,520943074476
7676546438315,520958279249
7676579732015,520974023730
7676613022915,520988466976
7676646305315,521003574505
7676679595315,521016667985
7676712889315,521030491604
7676746173315,521043983911
7676779463815,521060161689
7676812759915,521074074139
7676846041415,521087220154
7676879331515,521097595528
7676912622115,521111073358
7676945909815,521123720606
7676979199915,521136256679
7677012488315,521148469425
7677045804515,521161570363
7677079067515,521173709404
7677112356415,521186557849
7677145647115,521199779614
7677178939815,521214668101
7677212224715,521230853868
7677245517115,521247365799
7677278805715,521263467353
7677312092815,521281877813
7677345388615,521295009562
7677378671815,521304512664
7677411961815,521319652174
7677445256915,521333339999
7677478540115,521348231636
7677511830315,521364435229
7677545127715,521381134492
7677578408115,521397303390
7677611697715,521414180586
7677644988715,521430981794
7677678276115,521449715171
7677711566415,521474455396
7677744855915,521494659611
7677778144815,521515370378
7677811434815,521534666863
7677844722515,521550097420
7677878013815,521568745310
7677911316515,521589559582
7677944591315,521607900448
7677977883515,521625991311
7678011178215,521643775925
7678044459415,521657163073
7678077755015,521676043585
7678111039415,521693315406
7678144328515,521710341146
7678177623315,521727727535
7678210905715,521744474864
7678244196715,521759028537
7678277490815,521775843360
7678310774615,521792679469
7678344064415,521812111585
7678377409915,521830938939
7678410643715,521851778636
7678443932615,521872920599
7678477222115,521890128214
7678510511615,521909738383
7678543801015,521928535903
7678577089315,521945644389
7678610381015,521964180882
7678643668315,521985239541
7678676958015,522002805974
7678710249315,522015895070
7678743536815,522034497745
7678776825315,522055732693
7678810121715,522071303557
7678843405515,522090346436
7678876695315,522109879699
7678909990015,522129222503
7678943272315,522148780010
7678976563415,522168628055
7679009857215,522185786892
7679043140715,522204152029
7679076444815,522226013132
7679109720615,522240110928
7679143008815,522259124581
7679176298715,522277823057
7679209594215,522296292675
7679242899315,522314198339
7679276167515,522335015422
7679309455815,522355452943
7679342757815,522374270224
7679376034415,522393178942
7679409324015,522411163216
7679442615715,522432344735
7679475903815,522452518622
7679509191915,522475320878
7679542488615,522495931055
7679575772515,522518377887
7679609060215,522539404477
7679642356015,522559978071
7679675638715,522577770148
7679708986815,522597196976
7679742224215,522613750019
7679775507215,522631396722
7679808797415,522649242010
7679842101815,522666141028
7679875375315,522683872943
7679908665615,522704077634
7679941955215,522722986802
7679975243415,522736471176
7680008533315,522757809253
7680041823615,522780105143
7680075112415,522799927582
7680108402515,522820426986
7680141690215,522846274846
7680174982215,522868691974
7680208270515,522890232223
7680241558515,522909668946
7680274854115,522928058469
7680308138915,522946896431
7680341426315,522964470717
7680374722815,522982898169
7680408008815,523004817727
7680441295215,523025952632
7680474591315,523046757959
7680507873415,523065876952
7680541163715,523087854221
7680574480815,523107573947
7680607741815,523130426700
7680641031815,523153225128
7680674340715,523175265280
7680707609615,523194364914
7680740899615,523212241553
7680774189715,523231380235
7680807478115,523249728074
7680840767915,523265413366
7680874056715,523281763069
7680907348715,523296402132
7680940635715,523312462759
7680973941315,523332301021
7681007220815,523348897400
7681040537615,523366102703
7681073792415,523383207634
7681107089315,523400554509
7681140372715,523418157123
7681173663315,523436570372
7681206958115,523456660101
7681240239515,523475579971
7681273531515,523495463461
7681306818315,523517502944
7681340107915,523529918672
7681373398415,523548412731
7681406687715,523566068315
7681439976015,523583722273
7681473265915,523600326192
7681506556115,523619577171
7681539844815,523638238703
7681573134715,523655447676
7681606423015,523676279765
7681639715115,523695169613
7681673001715,523714439132
7681706290915,523734207989
7681739590815,523753687625
7681772871815,523775398007
7681806158915,523796315389
7681839455715,523815593504
7681872740015,523831565581
7681906027015,523856964938
7681939324015,523876098392
7681972615815,523893310092
7682005925715,523911062032
7682039184715,523925272293
7682072474315,523944217850
7682105764715,523962513240
7682139054215,523981994144
7682172342515,524000860001
7682205632415,524019740590
7682238923615,524037733938
7682272210515,524060815621
7682305500715,524084059795
7682338789615,524108236928
7682372080315,524133802965
7682405369015,524157661856
7682438657415,524180293438
7682471954215,524201936942
7682505240915,524218770560
7682538525615,524239791026
7682571821515,524259714715
7682605106115,524271840974
7682638393715,524287711386
7682671690315,524300775863
7682704980715,524321074505
7682738263015,524337961078
7682771552515,524354736776
7682804840715,524372979584
7682838131115,524392745093
7682871420115,524407269589
7682904708915,524428486028
7682937998915,524443751443
7682971288515,524464689870
7683004577515,524484885647
7683037867115,524502576360
7683071157215,524522301102
7683104447515,524541818119
7683137735415,524561721358
7683171023815,524580229048
7683204320515,524602727762
7683237603015,524624844147
7683270892315,524646409605
7683304188215,524666824269
7683337508815,524681304420
7683370759915,524700872172
7683404056715,524721134163
7683437340315,524743395659
7683470629415,524768264364
7683503918715,524789841684
7683537206815,524812506361
7683570498315,524834197090
7683603785515,524853789073
7683637075415,524873159065
7683670365715,524889339258
7683703656415,524907364847
7683736943515,524930888742
7683770234015,524951966196
7683803524115,524982077365
7683836816715,525005080113
7683870102015,525028371099
7683903390215,525055025580
7683936688515,525076363134
7683969969115,525096423533
7684003258115,525117380733
7684036554615,525142354951
7684069838415,525164080737
7684103126315,525186814884
7684136423315,525209452553
7684169707115,525236219164
7684203003715,525261718253
7684236284915,525284710465
7684269573715,525305603649
7684302863415,525326200148
7684336152515,525346277647
7684369441315,525367076594
7684402732115,525387206682
7684436023115,525407482119
7684469309515,525427966428
7684502600215,525449566543
7684535890515,525472433522
7684569178515,525493627522
7684602468315,525518398439
7684635756915,525539332112
7684669080515,525559668354
7684702334615,525581108054
7684735624615,525600683572
7684768921215,525626753994
7684802204815,525651531284
7684835493015,525681351421
7684868789015,525708213582
7684902075215,525739511305
7684935361315,525761049166
7684968655015,525781664553
7685001953315,525802643679
7685035229815,525822837076
7685068519415,525845458100
7685101807715,525869327091
7685135098315,525890821070
7685168391915,525913066610
7685201675815,525933324633
7685234966515,525952080992
7685268256615,525971719100
7685301544715,525992879001
7685334835015,526015634430
7685368123215,526037900096
7685401419015,526059494467
7685434703115,526078819318
7685467990915,526099706789
7685501287615,526125613337
7685534588515,526147716053
7685567859215,526169481352
7685601155915,526198037138
7685634449415,526220636540
7685667727415,526241019968
7685701021315,526259649482
7685734307315,526279555551
7685767596215,526300039863
7685800886715,526319205265
7685834174215,526337760231
7685867464715,526357851350
7685900753115,526381140674
7685934054215,526406571247
7685967333015,526429237247
7686000658515,526450102657
7686033910715,526467698183
7686067200715,526489644590
7686100490915,526510044382
7686133786415,526528715992
7686167069015,526547222103
7686200357715,526568867628
7686233655015,526589753513
7686266936015,526611769198
7686300225515,526630977199
7686333522315,526649630153
7686366805115,526670470641
7686400094115,526692123845
7686433387315,526712655001
7686466673815,526732513097
7686499963715,526753619514
7686533252415,526775460339
7686566540515,526795937325
7686599832115,526816383255
7686633119715,526836465916
7686666408815,526856696164
7686699702615,526878190075
7686732988115,526900334965
7686766276915,526923264585
7686799567515,526945020386
7686832859915,526964884109
7686866174415,526984472590
7686899435715,527003697598
7686932724115,527023143786
7686966028915,527043680928
7686999302515,527067019646
7687032592215,527089065488
7687065888915,527107849713
7687099171615,527125938973
7687132460515,527149579018
7687165753615,527169419710
7687199041015,527188693847
7687232328215,527206518199
7687265618915,527222855824
7687298907215,527245983288
7687332228815,527268423961
7687365485915,527284562253
7687398775315,527310428333
7687432065615,527333174057
7687465356215,527354285870
7687498643315,527374643228
7687531933815,527398320368
7687565223315,527413540931
7687598516515,527436180407
7687631801515,527457831972
7687665091415,527481076651
7687698386115,527502297187
7687731670615,527516968326
7687764958315,527531449611
7687798255215,527553513958
7687831538415,527575225246
7687864826815,527594216699
7687898119915,527614957605
7687931406615,527638725162
7687964694415,527661581948
7687997985615,527684287622
7688031291615,527705641283
7688064563715,527727349243
7688097853615,527748557721
7688131141615,527767816758
7688164432015,527787163547
7688197748515,527807399727
7688231015015,527827543799
7688264300315,527852511235
7688297608615,527874319824
7688330882415,527895906930
7688364168215,527918793682
7688397458015,527944056594
7688430753415,527970098596
7688464036315,527994427824
7688497324515,528013370284
7688530621815,528041012784
7688563903215,528065032065
7688597196215,528089384049
7688630489815,528108279085
7688663772215,528126044971
7688697060615,528153297001
7688730350915,528182890736
7688763640815,528201243832
7688796930715,528227786183
7688830219315,528254451558
7688863508015,528282893824
7688896799015,528315271214
7688930086615,528344566505
7688963376115,528372897054
7688996666615,528400499534
7689029955615,528426221538
7689063249015,528454715883
7689096534315,528480388840
7689129824215,528505210306
7689163119215,528529704896
7689196402415,528555704553
7689229691015,528581481130
7689262988215,528607334975
7689296270115,528636322849
7689329559115,528663305452
7689362855815,528688230388
7689396140415,528713761065
7689429428015,528739094902
7689462718015,528769720870
7689496008215,528798535352
7689529295615,528825802829
7689562586015,528853127687
7689595897515,528877902282
7689629196815,528903218816
7689662452915,528927814651
7689695743015,528951800735
7689729033315,528974945678
7689762321915,528999703622
7689795616115,529024268748
7689828901515,529049702332
7689862191415,529085940166
7689895484315,529110990803
7689928768915,529136388765
7689962057415,529163646675
7689995353715,529193203744
7690028637215,529221407934
7690061925815,529246337898
7690095222515,529272792316
7690128506115,529298277808
7690161793615,529323089087
7690195084215,529354735745
7690228374615,529383622685
7690261661615,529412315591
7690294951715,529435650569
7690328263615,529461342203
7690361531415,529485051757
7690394820615,529507482358
7690428108915,529529524401
7690461399515,529553408692
7690494694315,529582912898
7690527982015,529606664965
7690561267015,529633666937
7690594557215,529655118955
7690627850815,529674718725
7690661135515,529694285184
7690694425215,529714708584
7690727720515,529733844169
7690761003515,529753007117
7690794291815,529772793575
7690827589215,529793226585
7690860871015,529813470081
7690894160215,529836272985
7690927450715,529857759440
7690960763015,529878573413
7690994028315,529898982151
7691027318415,529919070404
7691060608015,529939844662
7691093897215,529965040811
7691127187115,529988246816
7691160475215,530012482472
7691193766315,530038882785
7691227054115,530065691935
7691260354815,530089347097
7691293633515,530110687191
7691326924315,530132556104
7691360217115,530153022142
7691393502215,530166639356
7691426792615,530183031977
7691460088115,530200047474
7691493369915,530222741892
7691526658115,530247499783
7691559956015,530268815949
7691593239215,530290275499
7691626526515,530310336137
7691659816515,530333451760
7691693106415,530354082831
7691726394915,530374650681
7691759684515,530393527582
7691792974815,530407329998
7691826276715,530425754572
7691859553415,530441642145
7691892841515,530460204176
7691926141915,530477954935
7691959420315,530490906739
7691992714015,530503927102
7692026000215,530515374221
7692059289315,530529252489
7692092583915,530540381933
7692125868315,530556032288
7692159158715,530571345504
7692192452415,530584058133
7692225736815,530598339122
7692259024915,530611648725
7692292371915,530627599720
7692325604915,530638089566
7692358892915,530651569562
7692392202515,530663608942
7692425473815,530677310679
7692458760815,530688167242
7692492051615,530701988867
7692525341815,530714915277
7692558629715,530727070115
7692591919415,530739272352
7692625207915,530752137505
7692658498015,530769482858
7692691787615,530788161185
7692725080415,530805378753
7692758366715,530820832616
7692791656415,530839551357
7692824950015,530861164523
7692858234215,530876134626
7692891524815,530890724039
7692924818815,530907367726
7692958102815,530919018951
7692991391315,530929803311
7693024687215,530940388898
7693057970915,530955992566
7693091259215,530968152790
7693124550415,530981741554
7693157868215,530996230292
7693191127615,531011401111
7693224417915,531029062704
7693257719215,531042303090
7693290995515,531055357501
7693324286015,531068545052
7693357575915,531083745657
7693390864515,531099488720
7693424153915,531116529460
7693457446815,531126626223
7693490733215,531141317661
7693524021315,531154359767
7693557316415,531169474540
7693590601015,531182617452
7693623921615,531195733874
7693657184915,531209064686
7693690469415,531221794559
7693723758915,531236295102
7693757054815,531253784373
7693790337415,531271527218
7693823626015,531289607327
7693856917415,531307708318
7693890204315,531324233988
7693923494115,531343364471
7693956784415,531362470618
7693990073415,531380344576
7694023362115,531401100014
7694056652515,531418903397
7694089942315,531442026388
7694123231515,531462417965
7694156520115,531479445194
7694189813115,531496528407
7694223099915,531513882631
7694256388015,531530343480
7694289685815,531546871906
7694322967315,531562275406
7694356256615,531576398946
7694389551015,531583432209
7694422835715,531593818930
7694456126215,531603970025
7694489442415,531616563412
7694522703515,531624674110
7694555991915,531635955009
7694589300015,531647309896
7694622570715,531659823972
7694655860215,531673224319
7694689150115,531687845159
7694722439215,531697984846
7694755728115,531710910299
7694789018715,531724709774
7694822308915,531734730921
7694855596315,531745112720
7694888886415,531759226634
7694922179215,531769685973
7694955498915,531781209956
7694988753915,531796091265
7695022049315,531811386722
7695055342915,531827099314
7695088624015,531838918228
7695121917715,531854744694
7695155202015,531868422456
7695188491415,531884018748
7695221785815,531895535247
7695255069915,531910830249
7695288359415,531922699740
7695321648115,531934624530
7695354938715,531942018080
7695388226515,531955296345
7695421517115,531969019921
7695454806215,531983617084
7695488094815,532000110430
7695521384915,532015620701
7695554674515,532032785963
7695587962415,532050981699
7695621252515,532070302617
7695654573915,532088926058
7695687831815,532106202306
7695721120915,532126060815
7695754415315,532147995929
7695787699915,532170137633
7695820988515,532187205720
7695854283715,532200572733
7695887568515,532214899553
7695920887115,532234903878
7695954152115,532258372889
7695987436815,532279344426
7696020725915,532298876510
7696054015415,532323027651
7696087304415,532347072281
7696120593115,532365182070
7696153883715,532383227879
7696187174515,532408515072
7696220461315,532429493570
7696253751715,532448493042
7696287040315,532468066266
7696320329215,532482733306
7696353619715,532502443391
7696386913015,532518423902
7696420199015,532537263550
7696453487415,532556021248
7696486781815,532574261537
7696520067415,532593934719
7696553354615,532618293550
7696586650115,532638207273
7696619934515,532655826310
7696653223915,532675034682
7696686518715,532695246150
7696719803015,532714228581
7696753092315,532733927712
7696786381015,532755746066
7696819670915,532780498088
7696852959415,532798044963
7696886249515,532813881806
7696919538315,532830411315
7696952846215,532849063919
7696986118215,532866998032
7697019408215,532886572737
7697052695715,532901446659
7697085985915,532921906098
7697119280615,532938219073
7697152563915,532960255282
7697185854415,532985217115
7697219177515,533010040886
7697252470415,533030310869
7697285721715,533055065008
7697319016615,533082737691
7697352300615,533109338614
7697385590315,533136442080
7697418885115,533167026279
7697452168415,533190540489
7697485459115,533219044815
7697518747215,533242058596
7697552037615,533264101762
7697585325715,533287614945
7697618615715,533306734416
7697651904815,533327505161
7697685193815,533342442471
7697718484115,533363905201
7697751774215,533381816177
7697785062015,533401765232
7697818352415,533421747492
7697851646415,533442182764
7697884930315,533463238734
7697918220915,533484060815
7697951543715,533505764070
7697984798915,533527486654
7698018088315,533551327120
7698051383315,533576917015
7698084669215,533609656994
7698117964915,533640202545
7698151251015,533668193045
7698184535315,533694953232
7698217824015,533716352633
7698251113615,533734518826
7698284405015,533752449941
7698317693515,533772262686
7698350982015,533788845851
7698384272115,533808034089
7698417560015,533828176715
7698450850615,533849768134
7698484138715,533872121419
7698517428315,533897509683
7698550718915,533929206528
7698584044015,533958128017
7698617296515,533992588916
7698650587015,534019529482
7698683910615,534047609423
7698717165815,534073332795
7698750454415,534099434217
7698783749215,534120155834
7698817034715,534141785842
7698850325415,534163632617
7698883617615,534182890108
7698916901315,534204822483
7698950192215,534224791525
7698983479515,534243942362
7699016770415,534263324811
7699050060515,534280558040
7699083349715,534298309569
7699116638015,534320377977
7699149926415,534344445376
7699183217815,534363216330
7699216505615,534380127799
7699249794815,534400533631
7699283085115,534417609185
7699316377215,534434618120
7699349662715,534443205919
7699382953415,534455040401
7699416249215,534463677531
7699449550615,534474225721
7699482820615,534488165722
7699516115115,534506378326
7699549411315,534522036108
7699582688615,534536084384
7699615991415,534550314360
7699649267815,534567475172
7699682557715,534584331928
7699715846515,534599952960
7699749136315,534615159434
7699782426715,534638730355
7699815713515,534657652483
7699849004415,534676753568
7699882293115,534695017406
7699915640115,534714021539
7699948871615,534732577259
7699982160815,534752838276
7700015451415,534774274606
7700048744415,534792481033
7700082029215,534809581058
7700115319815,534827126586
7700148616515,534843569880
7700181897215,534860346650
7700215187815,534882256399
7700248482015,534901867588
7700281766415,534920114216
7700315055315,534939084572
7700348350615,534958597478
7700381634515,534975913920
7700414924215,534992832350
7700448212515,535010692870
7700481502515,535028416198
7700514792515,535045606489
7700548081015,535063690985
7700581370915,535082398573
7700614659215,535102424353
7700647949615,535125057094
7700681238915,535143509636
7700714527515,535160950028
7700747821015,535184353701
7700781130815,535206978824
7700814395515,535226802668
7700847686015,535245653636
7700881005415,535262604247
7700914263215,535278912204
7700947553915,535303877171
7700980850215,535326298462
7701014132715,535345899277
7701047422715,535362886273
7701080716815,535376165167
7701114001315,535390069533
7701147289515,535404740816
7701180578815,535422290281
7701213869115,535440505203
7701247192315,535457680179
7701280446715,535474820753
7701313737415,535492797159
7701347026615,535507642854
7701380316315,535523664263
7701413605415,535537146121
7701446893615,535545918836
7701480185415,535561666856
7701513475215,535573812653
7701546761815,535583074753
7701580052415,535598416467
7701613347115,535611116739
7701646630215,535624278918
7701679920615,535634335823
7701713216015,535647447503
7701746499215,535659915226
7701779789215,535668103100
7701813083215,535681898197
7701846367815,535695391535
7701879655615,535708385818
7701912944815,535723169654
7701946235215,535738122586
7701979524615,535755710538
7702012813215,535773700915
7702046103515,535793030123
7702079394015,535817198339
7702112681315,535838995033
7702145971815,535860039342
7702179259615,535887849236
7702212573415,535917059165
7702245841215,535943653622
7702279144815,535969294816
7702312418815,535992835915
7702345714715,536016149775
7702378996715,536038751489
7702412286915,536055588899
7702445583415,536075652367
7702478864715,536095250225
7702512155315,536114538028
7702545449515,536134583687
7702578733515,536161417338
7702612022015,536180979780
7702645311615,536199536871
7702678601515,536217664074
7702711892115,536237654769
7702745179415,536256673923
7702778469815,536273383939
7702811759615,536290942952
7702845047715,536311205865
7702878338215,536332396936
7702911627815,536350042399
7702944916715,536374208200
7702978208515,536397053967
7703011494615,536424912510
7703044785115,536453348894
7703078080815,536477103029
7703111362915,536505589947
7703144653515,536529465866
7703177948615,536552103201
7703211230715,536581225137
7703244521515,536607401353
7703277847315,536634790305
7703311100515,536661578200
7703344389115,536688502153
7703377678015,536715010287
7703410968315,536743499866
7703444256515,536780242441
7703477546015,536807286862
7703510836315,536837245895
7703544144815,536868489194
7703577413715,536899693306
7703610704515,536932232292
7703643994215,536967556110
7703677283515,537004623332
7703710574915,537042490869
7703743861015,537087524550
7703777152515,537124530827
7703810448515,537156717158
7703843729315,537205057856
7703877019815,537244217101
7703910314515,537284669006
7703943597015,537308195383
7703976888215,537348151934
7704010183915,537386896665
7704043466715,537426469032
7704076755415,537465972038
7704110043815,537505224868
7704143336015,537541848374
7704176622815,537571038295
7704209912015,537603899740
7704243202615,537647863022
7704276492015,537683454576
7704309780815,537717883622
7704343070815,537760731816
7704376360215,537808781114
7704409657515,537847856869
7704442941215,537895064152
7704476227315,537931973709
7704509517815,537969135839
7704542811715,538001775818
7704576099015,538044051365
7704609386315,538092929995
7704642683415,538127602373
7704675963715,538177423101
7704709254315,538217027764
7704742549915,538240182995
7704775831915,538288464469
7704809122615,538335115040
7704842412115,538380032450
7704875729215,538420275034
7704908989615,538470529853
7704942278415,538510856187
7704975568915,538538576193
7705008858415,538577960903
7705042147015,538619634074
7705075436915,538645640732
7705108727815,538673038404
7705142014515,538700555394
7705175307315,538730402979
7705208594215,538764716559
7705241883915,538795803700
7705275178915,538821627369
7705308461915,538850896669
7705341752815,538879435997
7705375049215,538905779493
7705408330315,538932552911
7705441621115,538961140919
7705474917415,538988864342
7705508197815,539015433506
7705541488215,539033126475
7705574778115,539059833871
7705608067215,539088730273
7705641356815,539126786600
7705674645315,539149399258
7705707935615,539171394613
7705741242215,539198235569
7705774513015,539227277264
7705807803715,539252771125
7705841101715,539274327285
7705874381915,539306072162
7705907674515,539334298658
7705940961615,539360367011
7705974250715,539386295944
7706007545515,539407999423
7706040828215,539435397573
7706074118815,539456359448
7706107412915,539484645266
7706140696415,539512689248
7706173986615,539539800848
7706207314715,539568930933
7706240564215,539589709258
7706273854915,539618559388
7706307144815,539647727353
7706340435615,539675989057
7706373723215,539708815949
7706407010915,539741214717
7706440302915,539773087767
7706473607515,539802244518
7706506879715,539835970218
7706540170415,539864373946
7706573460115,539894301767
7706606747415,539924348169
7706640038915,539954672030
7706673329315,539981346729
7706706617815,540007635304
7706739911715,540034889088
7706773194715,540054190361
7706806486015,540073860080
7706839779015,540093924192
7706873063015,540117803787
7706906353515,540142667516
7706939648715,540168116219
7706972931015,540192844623
7707006221715,540218349236
7707039515715,540246944102
7707072821615,540272182591
7707106089815,540299550775
7707139377615,540324806895
7707172691415,540353169973
7707205956115,540381735061
7707239245915,540406553664
7707272536415,540434061130
7707305825615,540459176868
7707339114315,540484837346
7707372406715,540506761816
7707405694815,540528039879
7707438982015,540556877154
7707472278415,540581042457
7707505561115,540598603421
7707538890915,540622890986
7707572145815,540647510013
7707605428915,540674105300
7707638719515,540698066419
7707672015515,540725256715
7707705297215,540752867242
7707738587615,540781927670
7707771881815,540808493515
7707805165415,540836628976
7707838455615,540865222342
7707871744115,540893165504
7707905034415,540922987376
7707938323515,540960573202
7707971612415,540997602657
7708004902815,541027267108
7708038192815,541060569546
7708071480515,541091700349
7708104771715,541123570165
7708138060515,541150224717
7708171348515,541182898165
7708204644615,541213706037
7708237927515,541244492095
7708271217815,541276978885
7708304512315,541308161819
7708337795215,541337723415
7708371089215,541363994246
7708404403815,541402590574
7708437663715,541434213394
7708470954115,541456383995
7708504281815,541492043387
7708537531215,541523628817
7708570822215,541557656753
7708604111915,541589787739
7708637400215,541623627575
7708670690815,541662255654
7708703978715,541701879454
7708737269015,541741469398
7708770557115,541773762366
7708803847115,541808588107
7708837137715,541842942032
7708870426315,541880890136
7708903715015,541917023383
7708937010915,541953404568
7708970295115,541983654356
7709003585115,542020633662
7709036879615,542054461400
7709070162015,542092391730
7709103453215,542124653641
7709136747015,542154488043
7709170030315,542183771375
7709203320215,542215795728
7709236609615,542246480473
7709269898015,542273725224
7709303188515,542296980193
7709336478515,542318323459
7709369769215,542339060540
7709403056915,542357481859
7709436344815,542376554244
7709469635515,542393898294
7709502923715,542410355347
7709536213015,542427359405
7709569504215,542443443138
7709602792515,542459169529
7709636081415,542478053191
7709669377415,542496945271
7709702661715,542518310716
7709735949015,542539970384
7709769245915,542558760369
7709802528515,542574463873
7709835850615,542595875353
7709869113415,542620235261
7709902417115,542644510237
7709935687315,542665297225
7709968976315,542691173098
7710002264115,542713264991
7710035555015,542737918922
7710068845415,542765988846
7710102132515,542790345411
7710135423215,542816334852
7710168711715,542833686485
7710202001715,542863507816
7710235290715,542894235484
7710268580115,542923862169
7710301871015,542952104967
7710335160115,542980872922
7710368447715,543005382639
7710401743915,543034317817
7710435027615,543058795386
7710468315515,543086043307
7710501612015,543112315900
7710534896115,543139281099
7710568184915,543163566863
7710601481115,543187186222
7710634762615,543214258597
7710668053115,543239930869
7710701356715,543265167436
7710734631415,543289250016
7710767921415,543315433902
7710801229115,543337933103
7710834499115,543361487472
7710867789515,543383080159
7710901079115,543408080631
7710934367915,543437096755
7710967657215,543468014421
7711000945815,543497128564
7711034237715,543522345293
7711067524915,543544457053
7711100814315,543573026502
7711134110015,543595488364
7711167444615,543616048416
7711200682015,543640301241
7711233978415,543665674222
7711267262115,543687435261
7711300551715,543711611903
7711333846915,543731944028
7711367129015,543754134534
7711400420215,543775748880
7711433716215,543798331158
7711466997115,543819166144
7711500287715,543839110889
7711533576815,543857373065
7711566865415,543875243144
7711600155415,543892369115
7711633445415,543909269429
7711666734815,543925255634
7711700023715,543945146207
7711733312315,543962148308
7711766605615,543981591550
7711799891315,544000660638
7711833180415,544024167049
7711866476615,544046941413
7711899759915,544069446384
7711933048415,544090982828
7711966344515,544111137968
7711999630115,544132945432
7712032936115,544155040064
7712066213615,544174915942
7712099495615,544196902682
7712132791715,544219426830
7712166074215,544236800169
7712199363615,544265289313
7712232653615,544285779272
7712265944615,544303138791
7712299232115,544319729318
7712332522415,544337140884
7712365812315,544353434432
7712399099815,544372639184
7712432389915,544393805180
7712465680115,544413143065
7712498999915,544434595024
7712532257615,544452066431
7712565546615,544469409460
7712598842715,544485399853
7712632127115,544506933498
7712665415415,544534082253
7712698710815,544554862198
7712731995515,544579196915
7712765283115,544599329370
7712798579815,544619332617
7712831869615,544639890407
7712865152015,544659300177
7712898441515,544684531961
7712931730115,544706234026
7712965020615,544730369743
7712998310315,544754133069
7713031598115,544775457878
7713064888515,544804341745
7713098178115,544834117744
7713131466415,544865671905
7713164756315,544892111359
7713198045915,544913947932
7713231336015,544941415150
7713264625115,544966066315
7713297913515,544995016460
7713331224415,545020726905
7713364514115,545054236253
7713397781515,545088946282
7713431077615,545121523426
7713464381915,545149684068
7713497649415,545174941309
7713530945915,545205651716
7713564237615,545238370840
7713597518715,545271382662
7713630811815,545308542068
7713664096415,545343503894
7713697386915,545377719376
7713730675115,545411616316
7713763964515,545445573413
7713797254915,545480238475
7713830544215,545515702734
7713863832115,545551044649
7713897122915,545585074634
7713930412615,545619578805
7713963706715,545655426408
7713996990415,545692141171
7714030279415,545728881280
7714063576915,545766027321
7714096858115,545798319466
7714130147715,545831894733
7714163444315,545862612931
7714196728215,545896407101
7714230016215,545925199245
7714263312415,545954548928
7714296597015,545984098169
7714329886315,546012460042
7714363178115,546050645432
7714396462615,546076062516
7714429753815,546105703441
7714463045015,546140533813
7714496330915,546170273946
7714529621415,546205331611
7714562910615,546234443532
7714596199015,546268242080
7714629489215,546300211934
7714662780115,546327954243
7714696066915,546356039270
7714729357215,546383239066
7714762645915,546415464916
7714795960815,546446634954
7714829224815,546474486369
7714862513815,546505657244
7714895810615,546534540967
7714929093715,546558162178
7714962382115,546583122936
7714995678815,546605989636
7715028962815,546631340009
7715062250315,546654079950
7715095544215,546679113617
7715128829415,546698805856
7715162119115,546719441627
7715195407715,546738285254
7715228697215,546753514766
7715261987215,546773676302
7715295277615,546798047242
7715328565315,546820487366
7715361855815,546842398844
7715395146115,546861571439
7715428434015,546882199747
7715461723515,546902596682
7715495012515,546922557355
7715528308215,546943047783
7715561591515,546967447148
7715594880515,546988590794
7715628176615,547012998425
7715661460415,547040318294
7715694748315,547061930220
7715728045215,547084017126
7715761328415,547106083548
7715794616715,547125590263
7715827913715,547145086768
7715861207715,547165065071
7715894485515,547183221970
7715927775315,547201576092
7715961063415,547218991553
7715994354215,547237231365
7716027642115,547255047105
7716060931915,547270754240
7716094222415,547288575747
7716127545815,547306141235
7716160799315,547324420711
7716194090115,547342987037
7716227380115,547362864246
7716260675715,547385248677
7716293957915,547404598531
7716327247315,547425824915
7716360546915,547448815048
7716393825815,547470599449
7716427114815,547491593694
7716460411415,547513188518
7716493694515,547533950355
7716526983115,547555684112
7716560279815,547579253494
7716593562915,547601736658
7716626853215,547625524720
7716660141515,547651225086
7716693429815,547675148681
7716726721615,547697706892
7716760008715,547719949942
7716793298215,547743074208
7716826588915,547766715514
7716859877815,547791502153
7716893166315,547816392676
7716926456115,547839658727
7716959746415,547864306022
7716993050015,547887850433
7717026324415,547911144502
7717059613215,547939947299
7717092910215,547965884226
7717126191915,547991393922
7717159481315,548007317712
7717192777615,548030757850
7717226060915,548056235331
7717259349315,548082649081
7717292642915,548108915712
7717325930115,548130373456
7717359217615,548157617849
7717392508215,548187807230
7717425796215,548217635414
7717459111815,548247101006
7717492375115,548276034225
7717525665015,548308824256
7717558955515,548341981116
7717592244415,548375886388
7717625532715,548412169740
7717658822715,548449871652
7717692113415,548483531158
7717725406615,548510277286
7717758691715,548543746318
7717791979115,548571823174
7717825275415,548607746858
7717858559515,548646478165
7717891847615,548685329938
7717925144515,548721311336
7717958428015,548760469405
7717991715815,548790690297
7718025012515,548822634517
7718058296115,548858834071
7718091583815,548884324865
7718124874515,548911863384
7718158164015,548942699905
7718191453015,548975198408
7718224742815,549007281052
7718258034415,549039802506
7718291321515,549072832306
7718324634615,549102492393
7718357899115,549127608643
7718391189015,549152517888
7718424483615,549177559038
7718457772415,549204479285
7718491057715,549226980505
7718524347115,549249698039
7718557643115,549271880751
7718590925915,549288920781
7718624214415,549305984535
7718657511715,549322509274
7718690792915,549338081218
7718724082215,549354966597
7718757378915,549374591354
7718790711615,549393463423
7718823950115,549415730813
7718857240715,549435410361
7718890530215,549454161498
7718923819515,549474302887
7718957109115,549493624134
7718990397415,549511600428
7719023688915,549527380731
7719056975815,549547236928
7719090265215,549565248664
7719123555915,549585300496
7719156845315,549607019748
7719190138115,549630685141
7719223423115,549655369687
7719256713715,549683263469
7719290009915,549710874267
7719323291915,549739904612
7719356580315,549770732595
7719389878515,549793120334
7719423160815,549826178558
7719456448815,549862376284
7719489744915,549896702636
7719523028215,549924617110
7719556316715,549962636889
7719589606815,549998020101
7719622898015,550035082162
7719656206615,550072771783
7719689475515,550108718203
7719722763415,550141718705
7719756067915,550179363806
7719789342015,550215075835
7719822631615,550245533631
7719855921915,550280184791
7719889212615,550311118395
7719922504715,550334287352
7719955789815,550358218587
7719989080415,550382074365
7720022373515,550407837085
7720055658015,550429631831
7720088947815,550448261317
7720122277215,550467011225
7720155539115,550489865711
7720188815315,550520026310
7720222111615,550551961469
7720255399315,550582930595
7720288682915,550613370928
7720321973715,550643626128
7720355422415,550673961004
7720388550815,550703116203
7720421841815,550732592498
7720455153015,550761964479
7720488420115,550790844403
7720521710115,550819761286
7720554998215,550846679688
7720588288415,550876753839
7720621578715,550903935399
7720654870915,550935622942
7720688156015,550966537074
7720721446615,550993998787
7720754740115,551012894350
7720788025015,551032201510
7720821314715,551041188412
7720854610215,551058938653
7720887892915,551076545996
7720921181215,551096026513
7720954478715,551121349922
7720987760215,551148098962
7721021049215,551173290914
7721054339515,551193710888
7721087661815,551217454619
7721120917415,551243807909
7721154207715,551271434039
7721187497315,551295342001
7721220786815,551309420006
7721254076615,551323515200
7721287364515,551346205578
7721320655815,551368734938
7721353942515,551389681109
7721387237515,551410876666
7721420523515,551431201574
7721453812115,551443630285
7721487106115,551464800605
7721520390915,551483614579
7721553680815,551506270437
7721586977615,551527147036
7721620259315,551546080033
7721653547315,551561365907
7721686845615,551583114923
7721720126215,551603733648
7721753416015,551623842587
7721786706615,551643530915
7721819996515,551656888763
7721853284215,551677957465
7721886574315,551700400800
7721919864915,551729816507
7721953152715,551754931884
7721986442715,551778963656
7722019730915,551799944193
7722053025215,551818700429
7722086309315,551837682297
7722119603515,551856961306
7722152889415,551879510884
7722186178215,551900397374
7722219473115,551919854267
7722252757215,551942886623
7722286047515,551964646042
7722319341715,551988459918
7722352625515,552011222365
7722385914315,552026409064
7722419245715,552044317358
7722452492815,552062824464
7722485782215,552082213244
7722519072215,552107191337
7722552361615,552131390217
7722585650515,552149120424
7722618940915,552169457972
7722652231215,552191491880
7722685518415,552215499585
7722718808715,552233264470
7722752097415,552251472220
7722785387415,552272525876
7722818683115,552294164384
7722851969715,552317451571
7722885255715,552338834023
7722918546015,552361605546
7722951840715,552382743661
7722985124015,552402871040
7723018414515,552423451693
7723051707715,552443901656
7723084992215,552464075528
7723118280515,552486488666
7723151577115,552506687845
7723184860415,552526846852
7723218148615,552543671665
7723251439115,552559998620
7723284737115,552576016448
7723318016515,552591163457
7723351307315,552608490604
7723384596115,552630209828
7723417884615,552647509305
7723451175115,552663439235
7723484492115,552678197486
7723517753715,552695960155
7723551043815,552712125864
7723584336715,552732483426
7723617622215,552752393681
7723650910315,552773563272
7723684205715,552794199178
7723717489815,552817699737
7723750801015,552838015899
7723784073915,552857963081
7723817358715,552878718995
7723850649115,552904144487
7723883944015,552922295277
7723917226715,552942519505
7723950518015,552961452108
7723983806415,552977892137
7724017094015,552998356816
7724050383015,553022124770
7724083673415,553046723289
7724116962315,553072271936
7724150251215,553094183069
7724183541415,553107996234
7724216831115,553125412174
7724250120915,553142675356
7724283409615,553155939690
7724316702415,553174070579
7724349991115,553192528837
7724383276615,553213516709
7724416571715,553232895779
7724449858315,553254503941
7724483146115,553275093205
7724516440615,553294477088
7724549724915,553314865297
7724583014715,553333587830
7724616327615,553353693422
7724649592715,553373187700
7724682881315,553386308761
7724716179115,553402453013
7724749460215,553415760582
7724782749415,553431399682
7724816039715,553445313517
7724849328715,553460324080
7724882617715,553472346710
7724915907715,553485814093
7724949197815,553500880033
7724982486015,553513462556
7725015776515,553528244275
7725049069215,553544454069
7725082388715,553559855208
7725115643415,553576473077
7725148938315,553591757256
7725182222615,553607809122
7725215512615,553620876643
7725248806615,553638022388
7725282091315,553654698039
7725315381515,553670850245
7725348674615,553682724814
7725381959115,553699769907
7725415247715,553713906052
7725448538015,553729667029
7725481827315,553745985090
7725515115815,553761936760
7725548406115,553777973217
7725581695215,553793969574
7725614984015,553810602183
7725648274115,553826573481
7725681563415,553845712443
7725714851915,553866076403
7725748142615,553884715593
7725781436515,553905932722
7725814720915,553923253783
7725848013315,553937992784
7725881305015,553957025017
7725914590615,553973600583
7725947900415,553990179435
7725981173315,554007351812
7726014457715,554024510818
7726047761515,554040429151
7726081041615,554056253568
7726114325515,554072471448
7726147615015,554089579999
7726180904515,554108660034
7726214194515,554124928370
7726247482015,554148377663
7726280773015,554169460198
7726314060815,554194993792
7726347350715,554216879219
7726380640415,554237750549
7726413929915,554260816728
7726447217815,554286810281
7726480509015,554311373746
7726513802415,554333981938
7726547088715,554356853918
7726580376415,554380568650
7726613671015,554402494286
7726646956715,554425292018
7726680244315,554447991293
7726713539115,554467706234
7726746824015,554492146052
7726780112815,554513070920
7726813407815,554534402882
7726846691915,554556487054
7726879981515,554579305593
7726913271215,554601550742
7726946559915,554622330309
7726979848415,554645400679
7727013140115,554667818156
7727046427815,554691545342
7727079716515,554713426630
7727113006915,554732751074
7727146296415,554752272420
7727179584515,554773283192
7727212875315,554792279200
7727246170815,554813636924
7727279452815,554835529418
7727312742815,554855292283
7727346037615,554874113821
7727379359415,554892863444
7727412610515,554912084504
7727445905715,554926128343
7727479190715,554941681324
7727512480615,554957051339
7727545773915,554972825949
7727579058415,554987081212
7727612347915,555000824603
7727645636115,555021160334
7727678926715,555038143284
7727712216215,555052069273
7727745508515,555066237877
7727778793415,555082101537
7727812083015,555097579681
7727845373515,555115643369
7727878663715,555138401008
7727911951215,555160743067
7727945241415,555182535206
7727978536215,555203308641
7728011818715,555228897847
7728045109415,555249473444
7728078433115,555274409201
7728111688315,555298129935
7728144978115,555318450945
7728178272315,555343547410
7728211556315,555368729623
7728244845715,555395546177
7728278140415,555422271547
7728311424715,555438284480
7728344713815,555459104591
7728378001815,555484636000
7728411292615,555509131431
7728444581315,555535519749
7728477871815,555561820344
7728511161415,555582600844
7728544449715,555612770119
7728577739915,555642946948
7728611027815,555673765283
7728644317315,555698280004
7728677607915,555724389831
7728710937315,555753775054
7728744185815,555782559969
7728777475815,555815534261
7728810800215,555843687750
7728844054515,555866976770
7728877344515,555897512990
7728910638215,555929290633
7728943924115,555951846968
7728977211515,555980786160
7729010506815,556007913012
7729043791415,556038695402
7729077080315,556061473456
7729110368215,556088292187
7729143659315,556114476944
7729176948815,556138389736
7729210238515,556163530603
7729243527315,556187016253
7729276816115,556213893400
7729310107315,556238772867
7729343394015,556263496229
7729376684115,556287192512
7729409974715,556310841288
7729443268115,556334455706
7729476551915,556358204633
7729509841815,556379428614
7729543139315,556399967164
7729576424615,556418990644
7729609710315,556435203985
7729643022215,556453812445
7729676289315,556472253040
7729709577715,556489110212
7729742873115,556507552545
7729776157615,556524198854
7729809446715,556541440156
7729842735115,556560466068
7729876025615,556581248066
7729909315815,556602531586
7729942603415,556623254942
7729975893615,556645482435
7730009181915,556671211141
7730042514315,556695446452
7730075761115,556721703664
7730109050315,556746705061
7730142340615,556769166336
7730175633815,556792308664
7730208918315,556811173807
7730242209015,556837141565
7730275505715,556863607876
7730308786415,556887280238
7730342076815,556906996952
7730375371215,556929273820
7730408664115,556947468277
7730441944915,556964714988
7730475239715,556982223082
7730508524115,556998433414
7730541814115,557019191764
7730575101115,557038274330
7730608392115,557059918300
7730641682215,557080621950
7730674969315,557098647438
7730708259915,557116850718
7730741548415,557135641501
7730774838115,557154921459
7730808128515,557171162904
7730841416415,557191743858
7730874707215,557211227147
7730908015115,557224723839
7730941284815,557243829987
7730974575215,557263619937
7731007871115,557287311301
7731041152615,557306035759
7731074442915,557329378752
7731107767215,557355407507
7731141021815,557380801507
7731174311215,557408464224
7731207605615,557430983647
7731240890015,557455227029
7731274178615,557476156893
7731307468015,557494384277
7731340758215,557515380179
7731374075615,557532590619
7731407335815,557555822375
7731440626315,557577213676
7731473917315,557597974030
7731507205115,557617392637
7731540497515,557641097067
7731573783415,557654313783
7731607074215,557673321409
7731640364415,557685900978
7731673651115,557703447312
7731706941515,557722363166
7731740236615,557741601293
7731773519615,557761441133
7731806809715,557781607863
7731840105315,557802758906
7731873389215,557820143570
7731906677815,557837184143
7731939972315,557856819047
7731973257315,557871023852
7732006545115,557884416480
7732039834315,557899166240
7732073123415,557913680033
7732106414215,557927228709
7732139702415,557942476661
7732172992815,557956836444
7732206282515,557970906876
7732239598915,557984359760
7732272860915,558000111230
7732306149415,558014836625
7732339447615,558028342277
7732372731115,558042607370
7732406017615,558056676995
7732439307715,558071342161
7732472603515,558085582180
7732505885415,558099733770
7732539175815,558115151955
7732572472715,558132802851
7732605754115,558148784746
7732639044215,558165210316
7732672342615,558181906498
7732705658115,558198286751
7732738911215,558214406090
7732772200315,558228800277
7732805490715,558247535601
7732838780215,558264279171
7732872068615,558281251151
7732905359315,558292824947
7732938649415,558302969519
7732971936715,558313123256
7733005227415,558323336207
7733038515815,558334392023
7733071806115,558343976685
7733105097815,558352456048
7733138383615,558363325027
7733171674215,558372183862
7733204970515,558388900126
7733238251915,558403353743
7733271542515,558416400473
7733304837715,558430072211
7733338120415,558439365214
7733371410815,558451153325
7733404706515,558460282664
7733437991515,558470893014
7733471278215,558484814855
7733504566515,558500453115
7733537872815,558513916389
7733571169015,558531243259
7733604435215,558546841496
7733637725415,558562569635
7733671033215,558577737934
7733704303115,558591377921
7733737593615,558603215027
7733770882815,558615277585
7733804172415,558627678423
7733837464215,558638351124
7733870750115,558648348850
7733904040515,558653799634
7733937334715,558660797229
7733970618415,558668817162
7734003908815,558684518704
7734037237915,558702992645
7734070486415,558720776216
7734103776915,558742073198
7734137072415,558759300853
7734170356615,558775990022
7734203645215,558791054968
7734236933315,558804173578
7734270224315,558823706629
7734303512215,558838488344
7734336801415,558848891802
7734370091515,558858637763
7734403381215,558870090711
7734436669415,558887419352
7734469960415,558899328368
7734503249415,558914156098
7734536539315,558930112229
7734569845615,558945828733
7734603116215,558956487950
7734636407415,558969029821
7734669700815,558980493994
7734702984715,558987762202
7734736275215,558999063650
7734769570815,559010781818
7734802852915,559026171838
7734836143215,559045237713
7734869440215,559056312756
7734902720915,559069105622
7734936011515,559088747397
7734969299815,559109367777
7735002627715,559134829655
7735035878415,559156667272
7735069167915,559179193114
7735102457515,559202504790
7735135748515,559219690906
7735169036015,559240042415
7735202326315,559255624956
7735235615715,559275338925
7735268903815,559294232591
7735302196515,559310453995
7735335497215,559329547259
7735368773315,559353687015
7735402066915,559375034788
7735435351315,559391118737
7735468641715,559405307352
7735501938215,559419447460
7735535219215,559438131262
7735568509315,559457339391
7735601807015,559477167993
7735635087115,559484438993
7735668377415,559498489570
7735701666115,559516741003
7735734956115,559536707600
7735768246115,559560230099
7735801534215,559585628880
7735834824615,559616408457
7735868113315,559650385443
7735901402215,559686772702
7735934692415,559713928324
7735967982115,559749372432
7736001270115,559784358971
7736034562815,559830030499
7736067849515,559871424356
7736101155315,559907318143
7736134435015,559935048150
7736167717215,559967402772
7736201007915,559991115625
7736234302015,560016297059
7736267585615,560050361098
7736300875715,560076616959
7736334203315,560103041833
7736367453215,560132841277
7736400744415,560165393188
7736434033515,560201617291
7736467322715,560234605459
7736500611915,560266068335
7736533901015,560298200071
7736567192015,560333844611
7736600479015,560369683867
7736633768315,560399964282
7736667059215,560439871254
7736700348215,560480636694
7736733636715,560519042651
7736766928815,560558299585
7736800216815,560609270701
7736833506715,560658026531
7736866807415,560700763853
7736900083515,560745249625
7736933374615,560794856554
7736966668415,560825849497
7736999951915,560873869224
7737033242215,560912561261
7737066539115,560955977083
7737099819815,560999468470
7737133110315,561043325509
7737166401115,561089485504
7737199699115,561131999165
7737232978215,561171678464
7737266266715,561208844391
7737299557215,561246510389
7737332845315,561290245096
7737366135015,561330889880
7737399425315,561379790654
7737432715015,561422339512
7737466003215,561471729535
7737499296115,561516677796
7737532583815,561549688853
7737565870715,561582951748
7737599167315,561621979579
7737632449915,561665736947
7737665763515,561701764143
7737699034615,561738328981
7737732317915,561772817636
7737765608615,561821858075
7737798905115,561869249612
7737832186615,561904653566
7737865476815,561940488265
7737898771315,561973384344
7737932054515,562005922777
7737965344615,562042551516
7737998636915,562076050422
7738031923515,562107192756
7738065212415,562148451434
7738098501515,562187203905
7738131792315,562227281382
7738165081915,562264398389
7738198369315,562294951201
7738231661815,562331199155
7738264950315,562368147846
7738298237515,562407579547
7738331533515,562440528390
7738364816715,562471208363
7738398106315,562510115399
7738431402115,562551653620
7738464684815,562583649386
7738497975015,562617589425
7738531290015,562655070389
7738564552515,562690020923
7738597843115,562724181711
7738631133115,562758738328
7738664420715,562798018702
7738697711215,562836576246
7738731000615,562873573598
7738764290115,562909154290
7738797578915,562947023401
7738830867715,562980605213
7738864158115,563015044725
7738897446515,563046766502
7738930735715,563076993187
7738964027815,563107749686
7738997348015,563139364295
7739030603915,563169955928
7739063900015,563204529972
7739097185415,563234215149
7739130473515,563264234988
7739163768915,563289903466
7739197052815,563317193267
7739230342415,563342350190
7739263636015,563367317192
7739296918915,563393622029
7739330209415,563422278244
7739363498615,563444371318
7739396786815,563479687120
7739430077315,563513043407
7739463367415,563543111697
7739496657315,563579155921
7739529945515,563608248742
7739563233915,563640784786
7739596525015,563671551180
7739629812915,563700949634
7739663102315,563732393577
7739696393915,563762915572
7739729681715,563796759686
7739762970315,563831594523
7739796266415,563867803557
7739829551415,563895446438
7739862860815,563925167552
7739896137615,563956463566
7739929418715,563989455367
7739962724915,564028550421
7739996001815,564070386924
7740029285315,564108227780
7740062576015,564152185493
7740095864515,564203717687
7740129153415,564239821319
7740162444015,564283546588
7740195734015,564325223430
7740229021315,564377774147
7740262312115,564425382618
7740295600215,564470537192
7740328890115,564518432978
7740362178915,564550389806
7740395468215,564599690036
7740428760015,564651120495
7740462049115,564703557898
7740495336615,564761361670
7740528632515,564811988626
7740561917115,564864176614
7740595204215,564913824119
7740628501015,564968381457
7740661790715,565024417175
7740695073215,565081569325
7740728369415,565147130317
7740761651515,565210871347
7740794942315,565277924956
7740828231815,565343310361
7740861519815,565390902711
7740894810615,565469538467
7740928099715,565539012590
7740961387915,565609223232
7740994678015,565683293467
7741027968015,565760686854
7741061257015,565838579246
7741094546515,565915173662
7741127834515,565998135819
7741161126715,566084758491
7741194413815,566181430539
7741227702915,566264692370
7741260999115,566350287047
7741294312615,566410093221
7741327570915,566491167778
7741360867615,566575478956
7741394150815,566660886607
7741427442015,566744498847
7741460736215,566825632407
7741494019415,566885059636
7741527308615,566947021571
7741560597215,567034295938
7741593886215,567122712658
7741627176615,567197678363
7741660465615,567297372153
7741693754215,567392847886
7741727045115,567481430332
7741760334215,567556398256
7741793624215,567652972257
7741826912615,567745403592
7741860201215,567836470776
7741893494315,567887899077
7741926780315,567975623556
7741960069415,568065685242
7741993365115,568152664464
7742026649115,568239288351
7742059937215,568309237358
7742093234215,568395869585
7742126517315,568481523783
7742159805915,568567481109
7742193102615,568640661980
7742226384215,568698971942
7742259674515,568771695777
7742292963415,568845752344
7742326252615,568917195463
7742359542715,568966527776
7742392832315,569039434671
7742426120515,569109709221
7742459411215,569178929873
7742492701715,569258294976
7742525989115,569330414078
7742559278915,569401819927
7742592567715,569473006521
7742625883615,569520123044
7742659146215,569577873358
7742692435815,569636340496
7742725731615,569693709982
7742759016715,569744483959
7742792303415,569778530593
7742825599615,569838412233
7742858883715,569898525544
7742892171915,569956685076
7742925468715,570003735073
7742958759515,570062789704
7742992040915,570116417178
7743025330015,570173355791
7743058618815,570231511101
7743091909515,570289905514
7743125199715,570337846789
7743158486915,570395153022
7743191777515,570437591498
7743225067915,570478999449
7743258354915,570522310599
7743291645815,570561768621
7743324937415,570600133975
7743358225215,570636890606
7743391513815,570672359653
7743424802015,570707489405
7743458098315,570736591312
7743491391415,570766249556
7743524670115,570800533433
7743557966115,570831066295
7743591249615,570862069254
7743624538515,570889768407
7743657835115,570917669962
7743691126415,570946028676
7743724406915,570973715241
7743757697215,571001749725
7743790985015,571029988969
7743824275315,571056907983
7743857563815,571089204065
7743890853715,571127052787
7743924143815,571158495576
7743957461015,571187168198
7743990721215,571215382366
7744024012015,571240019263
7744057301715,571272535790
7744090592315,571302604362
7744123879515,571330737234
7744157168515,571358456805
7744190466115,571386168167
7744223747015,571412750491
7744257036415,571438133050
7744290332615,571462802308
7744323615915,571486848863
7744356904415,571510445826
7744390201515,571534215840
7744423486215,571557352124
7744456774315,571588594835
7744490063215,571616063337
7744523351515,571642147346
7744556642915,571666347676
7744589930315,571689497433
7744623219815,571711469169
7744656510215,571730587296
7744689800115,571750623215
7744723088015,571771354212
7744756378315,571792699201
7744789668615,571813457543
7744822980415,571838762724
7744856258815,571867466251
7744889534815,571898638700
7744922831215,571920512472
7744956113315,571941818165
7744989403115,571962571908
7745022698815,571983323564
7745055982515,572004043740
7745089270915,572025904960
7745122567515,572047338512
7745155851615,572066291360
7745189138915,572086719141
7745222433215,572108084215
7745255717915,572128990859
7745289065015,572150443973
7745322296815,572172939534
7745355585815,572193339910
7745388876515,572214108798
7745422165815,572232972103
7745455453815,572247998599
7745488744915,572271273829
7745522034615,572291625847
7745555322515,572307531042
7745588612615,572328257783
7745621901115,572348612492
7745655197215,572369126209
7745688480415,572389491421
7745721769315,572413704281
7745755065215,572441643255
7745788349615,572465071551
7745821637215,572487952914
7745854933815,572519622002
7745888219915,572544207980
7745921505615,572568151534
7745954795815,572590372918
7745988112315,572613403333
7746021373915,572638391775
7746054664015,572656825976
7746087952515,572675721317
7746121242915,572694210427
7746154558815,572712040858
7746187820515,572730678640
7746221111015,572756112096
7746254414315,572781922879
7746287688615,572808428976
7746320979015,572823380540
7746354268715,572845588883
7746387564615,572866379262
7746420846715,572881404265
7746454135515,572900912077
7746487432615,572921704732
7746520714215,572943198196
7746554003515,572961919833
7746587300215,572984567472
7746620620615,573007009371
7746653871415,573030228416
7746687165815,573053053599
7746720452915,573079531614
7746753752215,573111405495
7746787030415,573137075102
7746820318615,573162924311
7746853610415,573185751925
7746886897515,573207740828
7746920187115,573227299702
7746953477015,573245076759
7746986766615,573264754546
7747020054915,573286309829
7747053345415,573309660127
7747086635215,573337153698
7747119931015,573356491778
7747153213615,573381170093
7747186502215,573404849326
7747219799315,573427506417
7747253080215,573452722276
7747286370215,573476957310
7747319666415,573501148663
7747352951315,573524148829
7747386237515,573548089108
7747419535215,573569772008
7747452819315,573591538419
7747486106615,573617418343
7747519398315,573640400059
7747552685015,573658559835
7747586000115,573684909003
7747619264015,573710599797
7747652553215,573734523785
7747685843715,573757256878
7747719133315,573779638002
7747752421615,573805427806
7747785711715,573828470163
7747819002015,573850078084
7747852296615,573873883292
7747885583615,573899177235
7747918868715,573922808219
7747952164615,573952184544
7747985447015,573979329830
7748018736315,574004269650
7748052032815,574029459630
7748085317615,574059995277
7748118604715,574087798182
7748151898415,574117533947
7748185185015,574141427582
7748218472515,574162061413
7748251763015,574183550196
7748285069615,574205711037
7748318341115,574227033103
7748351631115,574246125941
7748384919515,574264945698
7748418210315,574288862562
7748451498915,574310073798
7748484787815,574334361593
7748518078315,574356586385
7748551367515,574380320776
7748584663115,574394656294
7748617946715,574419905350
7748651235915,574444646663
7748684531215,574469267393
7748717814715,574492126957
7748751102815,574515529688
7748784399515,574538497039
7748817681215,574567812547
7748850970715,574592823857
7748884264515,574613443481
7748917585115,574635864360
7748950839115,574662794426
7748984129615,574684833359
7749017419115,574705454430
7749050708115,574724300197
7749083997515,574742989270
7749117286115,574760611794
7749150581815,574781576758
7749183864515,574801180946
7749217154215,574821910699
7749250444515,574843524681
7749283733815,574862988093
7749317027615,574883442362
7749350312415,574900534878
7749383602015,574922688712
7749416899215,574944622039
7749450180915,574968140436
7749483469515,574988647609
7749516767515,575010107196
7749550047715,575031765268
7749583337515,575053745697
7749616633815,575076256566
7749649916715,575099326879
7749683205415,575122569839
7749716495715,575147180952
7749749785315,575172153217
7749783081315,575193856702
7749816363815,575221023657
7749849652415,575245866252
7749882942515,575273583273
7749916231415,575306334404
7749949520615,575335803191
7749982810915,575358025695
7750016099915,575377690693
7750049393915,575398783171
7750082679215,575420549505
7750115969215,575441421721
7750149262415,575464345700
7750182547115,575489493165
7750215835615,575514656024
7750249154915,575537787776
7750282414615,575559958621
7750315703515,575584947625
7750349000115,575615641301
7750382284515,575640274565
7750415571915,575661456674
7750448862115,575684139946
7750482151815,575709670392
7750515439815,575733367444
7750548730515,575755656507
7750582042515,575775214224
7750615308715,575794525329
7750648598515,575814915836
7750681887315,575834074743
7750715177115,575853846079
7750748467615,575874432249
7750781760015,575895153097
7750815045515,575917284494
7750848335415,575939596582
7750881628515,575962949917
7750914913615,575993661296
7750948202515,576019167605
7750981498615,576043904900
7751014782015,576068490439
7751048070215,576092772600
7751081366815,576115483583
7751114661315,576140116035
7751147938215,576164465595
7751181228315,576188728107
7751214519215,576213904269
7751247806215,576237585408
7751281096515,576259435968
7751314408615,576287641204
7751347675315,576311171811
7751380965315,576331043804
7751414253615,576349075122
7751447543815,576369389748
7751480831915,576385648940
7751514126115,576395602817
7751547411315,576411083660
7751580725715,576426614788
7751613994815,576440250508
7751647280315,576454156917
7751680572615,576473656326
7751713865715,576491700789
7751747148215,576507714868
7751780436815,576521029677
7751813733715,576541586930
7751847016915,576561991031
7751880304415,576579989090
7751913594915,576596555803
7751946884315,576610105046
7751980172815,576625992756
7752013462815,576642628744
7752046752815,576656867605
7752080042515,576674656456
7752113330615,576693175253
7752146619615,576707319590
7752179911015,576727698991
7752213198115,576747201363
7752246492415,576768808642
7752279778515,576792703265
7752313068715,576816550581
7752346361215,576842602389
7752379646215,576862796733
7752412937015,576880696370
7752446250515,576897276865
7752479514115,576915698324
7752512803115,576940694097
7752546100615,576965626793
7752579383715,576990852095
7752612671015,577015546687
7752645961115,577040478507
7752679250715,577064786186
7752712539315,577086636747
7752745829515,577108928880
7752779119715,577143288159
7752812406815,577169550017
7752845697515,577194903629
7752878986115,577217724361
7752912309015,577235929555
7752945565015,577253282052
7752978858815,577266513286
7753012144515,577281506272
7753045434015,577297002589
7753078727915,577311578898
7753112012315,577331708656
7753145303015,577352433128
7753178596615,577372017380
7753211880315,577386530865
7753245169315,577404516962
7753278465715,577422381712
7753311749015,577442054388
7753345037015,577459009954
7753378327615,577476967119
7753411617415,577494787913
7753444905515,577513137678
7753478195815,577531028044
7753511485715,577548454094
7753544773515,577566232820
7753578086915,577583978448
7753611381215,577601449650
7753644642715,577620722808
7753677932215,577638677186
7753711224915,577656074132
7753744510515,577673557367
7753777821415,577692658210
7753811094815,577709070033
7753844379015,577724226164
7753877684215,577738465839
7753910962715,577754218796
7753944247415,577772565809
7753977536615,577792559507
7754010832515,577813377604
7754044115615,577833894662
7754077403815,577853648730
7754110694015,577871534264
7754143982515,577887597609
7754177271915,577903784460
7754210562715,577925243580
7754243887115,577946371871
7754277139815,577966112288
7754310430315,577986761384
7754343731915,578009032643
7754377009815,578031785768
7754410298315,578053214645
7754443591615,578074302059
7754476878015,578093092664
7754510165615,578112693265
7754543460615,578133591707
7754576747115,578152938029
7754610034615,578176591802
7754643329515,578200448559
7754676613715,578222351732
7754709903315,578242618282
7754743199515,578258798704
7754776481215,578278044101
7754809770015,578293123368
7754843061115,578302734664
7754876349015,578313260776
7754909638215,578327605318
7754942928915,578346806196
7754976217615,578366266088
7755009506215,578387754582
7755042796715,578402233349
7755076087115,578421030382
7755109374215,578441640994
7755142664115,578456431458
7755175958015,578479634117
7755209271315,578501880895
7755242531915,578524508646
7755275827515,578546807973
7755309111215,578569253382
7755342401315,578594913966
7755375695615,578616562133
7755408980015,578638661232
7755442270015,578661029112
7755475580215,578683669267
7755508847915,578707306098
7755542136515,578732709010
7755575426415,578749660778
7755608715315,578771732820
7755642004315,578793731047
7755675295515,578817354848
7755708585115,578839447040
7755741872315,578866117409
7755775162915,578885354439
7755808453115,578899926978
7755841740615,578908604122
7755875030615,578928563865
7755908352815,578948987846
7755941609815,578970367631
7755974899315,578995054471
7756008193215,579017016128
7756041478015,579040943582
7756074767415,579062865242
7756108061915,579086684733
7756141347915,579106630352
7756174635515,579125759391
7756207929915,579151202313
7756241214515,579167682756
7756274504215,579183745143
7756307793215,579209361128
7756341082915,579229474071
7756374370815,579255583326
7756407661515,579295705128
7756440949015,579319560737
7756474238715,579347496923
7756507529215,579372011541
7756540839415,579397099634
7756574106715,579428216147
7756607397515,579454147326
7756640719615,579480323093
7756673976215,579500142441
7756707265415,579519325375
7756740560015,579538277850
7756773845615,579557763097
7756807132415,579576950385
7756840427815,579596478727
7756873712715,579614935510
7756907001715,579636136842
7756940296115,579660585676
7756973580615,579681663980
7757006869915,579700707747
7757040160615,579718877418
7757073449115,579737989592
7757106736515,579760276737
7757140028515,579781134953
7757173315615,579803390241
7757206605415,579819266038
7757239895715,579839225463
7757273184915,579857693526
7757306473315,579879064644
7757339763715,579894315247
7757373061115,579914428712
7757406345615,579933567714
7757439631515,579947956643
7757472925815,579966905248
7757506210815,579986035547
7757539499315,580005651350
7757572794515,580023986582
7757606079115,580044726921
7757639368415,580064294764
7757672662715,580082447199
7757705947315,580105994551
7757739237215,580128550837
7757772524715,580150069883
7757805815415,580172313158
7757839103615,580193321329
7757872420115,580212747524
7757905682215,580233099762
7757938971315,580252795861
7757972262115,580276150440
7758005552115,580297365232
7758038839715,580317791276
7758072130015,580332598420
7758105423715,580355123572
7758138708115,580375716129
7758171997915,580396512586
7758205322415,580417775428
7758238577015,580439264572
7758271866115,580461510044
7758305161115,580485206483
7758338445315,580506736036
7758371735415,580528472828
7758405029415,580548974167
7758438313715,580568595637
7758471603915,580588528804
7758504890915,580610351939
7758538181715,580630364296
7758571469715,580652043628
7758604760415,580675081627
7758638049915,580692822967
7758671337915,580716216684
7758704628815,580740688962
7758737935415,580765852859
7758771205715,580785202796
7758804496715,580800476364
7758837790215,580823428139
7758871074415,580846380376
7758904366115,580866667478
7758937688115,580886350702
7758970943215,580907928892
7759004232215,580925226572
7759037527015,580946988644
7759070811515,580972233417
7759104100215,580996125084
7759137395115,581015218739
7759170679915,581035124372
7759203994215,581052537281
7759237256815,581071061873
7759270548015,581091931511
7759303837215,581110955820
7759337126715,581132292828
7759370416515,581154580327
7759403704015,581178865070
7759436996215,581205239035
7759470283215,581225257070
7759503572615,581253120530
7759536863115,581277116332
7759570155215,581310038066
7759603440515,581348435304
7759636731015,581385641911
7759670034415,581413790805
7759703310515,581445847386
7759736599415,581486807609
7759769893415,581525661743
7759803178515,581548476642
7759836466015,581584908699
7759869761815,581622117328
7759903046215,581656289271
7759936336915,581687250532
7759969623815,581721515107
7760002914715,581742884903
7760036208715,581779361219
7760069520415,581806978482
7760102782015,581842900070
7760136070615,581877238574
7760169373615,581905688212
7760202649615,581936950726
7760235938915,581974093292
7760269229415,582008948265
7760302523015,582040162295
7760335806715,582077411788
7760369097715,582117521028
7760402393715,582154522529
7760435675015,582189319370
7760468965715,582220017085
7760502260315,582254846133
7760535577815,582285377777
7760568832915,582319493296
7760602128115,582354368101
7760635412715,582385125745
7760668701715,582418383696
7760701990015,582450987665
7760735280715,582477854691
7760768571115,582510414342
7760801858315,582539089389
7760835148315,582559322477
7760868437115,582591172473
7760901727315,582622352773
7760935017315,582653116877
7760968305315,582683244794
7761001596015,582709567232
7761034889515,582738066836
7761068173615,582767307282
7761101463415,582791086977
7761134760115,582820083742
7761168041815,582849929152
7761201331915,582879341664
7761234656315,582906092657
7761267910615,582937729276
7761301200515,582969089717
7761334495015,582993831350
7761367778515,583011405365
7761401089915,583036458356
7761434356515,583061621564
7761467647215,583091107236
7761500953715,583118587090
7761534225115,583141119933
7761567516315,583161090386
7761600804715,583186162133
7761634094115,583203375469
7761667382915,583230510272
7761700671315,583253574983
7761733962215,583279732387
7761767253015,583303809275
7761800539915,583328431539
7761833830015,583346291507
7761867160415,583371525879
7761900407515,583392987337
7761933698715,583414209610
7761966994815,583435658208
7762000278415,583459781077
7762033566615,583484077447
7762066861215,583507651827
7762100145615,583531500177
7762133433315,583555108034
7762166723015,583579873203
7762200013315,583600057755
7762233302715,583625044345
7762266591315,583650190385
7762299881615,583676119161
7762333171215,583698829024
7762366460215,583728476081
7762399750215,583755232996
7762433038015,583783720629
7762466328715,583810813914
7762499619315,583837248930
7762532906315,583864888797
7762566196815,583897890308
7762599492015,583929202296
7762632774015,583965907294
7762666064815,583995849248
7762699361115,584027762297
7762732642715,584062095485
7762765933115,584100428933
7762799227715,584139099318
7762832541915,584174199269
7762865800315,584205576757
7762899088915,584237042417
7762932379715,584269349592
7762965668615,584301724900
7762998957215,584332390335
7763032247915,584359176672
7763065537915,584390561900
7763098825415,584421922753
7763132116215,584451135169
7763165404515,584481612195
7763198694415,584512613276
7763231986115,584544231092
7763265272515,584578202349
7763298562715,584608562685
7763331860415,584637841002
7763365140615,584669332612
7763398431115,584701074027
7763431728015,584727660867
7763465011915,584752895611
7763498298415,584783441300
7763531594015,584814864921
7763564879215,584849327601
7763598167315,584875622209
7763631455615,584906980215
7763664746215,584939004728
7763698035515,584969988940
7763731323515,585001405112
7763764614115,585032974844
7763797903715,585067952863
7763831191815,585095698658
7763864482715,585132027405
7763897771815,585160589180
7763931060915,585192605667
7763964353215,585223945412
7763997638815,585255216816
7764030929215,585285784401
7764064223415,585311668211
7764097506815,585343834662
7764130797515,585374341200
7764164120915,585402970568
7764197374915,585426141712
7764230665615,585449858835
7764263992015,585473642302
7764297245215,585498326244
7764330534215,585522775848
7764363822115,585547588703
7764397112915,585579191869
7764430400915,585609673775
7764463690115,585640389782
7764496980615,585660604869
7764530269215,585681608893
7764563558115,585705232875
7764596848515,585732990656
7764630137515,585760542903
7764663427915,585781899494
7764696719515,585804594999
7764730005315,585833463483
7764763296615,585865233874
7764796589415,585893509815
7764829873515,585918008518
7764863163915,585935266903
7764896458715,585958996096
7764929741615,585980710026
7764963031715,586003794860
7764996328215,586028832168
7765029613515,586052908356
7765062900215,586070461342
7765096188515,586094568467
7765129486015,586117548915
7765162767315,586141586950
7765196056615,586160831075
7765229347115,586186339504
7765262635715,586216016491
7765295924715,586235954912
7765329215015,586261674998
7765362521315,586283108467
7765395792615,586307795393
7765429085515,586330712083
7765462371515,586353927497
7765495703315,586378065696
7765528956215,586403100672
7765562239515,586428839711
7765595529815,586454410549
7765628827315,586485779559
7765662107815,586510221372
7765695397815,586539751234
7765728694015,586566594213
7765761976315,586596085094
7765795265815,586621943176
7765828556015,586646200605
7765861845115,586666229218
7765895134015,586690554476
7765928422715,586715773890
7765961713215,586733718414
7765995003515,586754250200
7766028291015,586774208990
7766061581215,586798185673
7766094871615,586814809992
7766128158715,586837082602
7766161451615,586857773284
7766194738115,586880307229
7766228028215,586902534496
7766261323515,586923870918
7766294606015,586945182278
7766327896515,586968956929
7766361201515,586988928295
7766394474115,587002359541
7766427764615,587023969827
7766461060715,587044357593
7766494343615,587070420482
7766527632115,587091066833
7766560922515,587114941323
7766594211315,587137826757
7766627501315,587161342827
7766660789515,587183997710
7766694079715,587202326126
7766727367715,587222639154
7766760657215,587244787724
7766793948015,587264527347
7766827264415,587288428234
7766860525315,587307694237
7766893833015,587332149493
7766927105415,587354236836
7766960394315,587374274959
7766993689515,587400345229
7767026972415,587425453795
7767060264215,587445602190
7767093557115,587469262754
7767126840215,587493340495
7767160131215,587518031637
7767193426415,587542643146
7767226708915,587566456546
7767259999215,587592666853
7767293288615,587617670900
7767326578315,587646181112
7767359866915,587671703672
7767393155615,587697866403
7767426446715,587726171637
7767459734215,587755881230
7767493023815,587783910751
7767526314015,587810999738
7767559604715,587837880889
7767592891715,587865921109
7767626184015,587896512063
7767659472715,587925537079
7767692779515,587953339462
7767726055815,587981456253
7767759339115,588009642117
7767792640215,588039881426
7767825923415,588064880691
7767859206915,588088889212
7767892497815,588117886347
7767925793215,588141591042
7767959075115,588170855004
7767992365515,588203059732
7768025659815,588230581370
7768058943015,588249023932
7768092233615,588280340317
7768125521715,588312942127
7768158861815,588346633499
7768192100715,588379718320
7768225390015,588412687426
7768258680215,588445471087
7768291969915,588477029479
7768325258315,588507716068
7768358550515,588540429170
7768391838815,588572290252
7768425126115,588603877149
7768458422615,588638198401
7768491705415,588667804670
7768524995215,588700287093
7768558290515,588737950021
7768591573215,588766752716
7768624863915,588797095025
7768658160315,588826988458
7768691441315,588865449229
7768724732115,588904035393
7768758022115,588951850279
7768791312615,588989761801
7768824600115,589028915349
7768857888715,589066415147
7768891178715,589110155100
7768924468515,589137973156
7768957756515,589175445675
7768991047015,589209137589
7769024357815,589238751345
7769057624415,589276315113
7769090916815,589325021328
7769124217215,589364187546
7769157492315,589393889299
7769190788915,589411182997
7769224072615,589441579603
7769257362115,589476293939
7769290656615,589500878582
7769323940015,589533656132
7769357230115,589566744813
7769390525015,589601546059
7769423807815,589626930635
7769457098415,589665028314
7769490428615,589694661895
7769523675715,589727715443
7769556969615,589757657374
7769590257015,589792613473
7769623545415,589815562804
7769656834515,589848925680
7769690122915,589881352571
7769723414015,589904888641
7769756701515,589934792762
7769789990915,589964588030
7769823282615,590002043345
7769856570615,590026965008
7769889859015,590059724992
7769923154615,590089691713
7769956438915,590115630582
7769989728815,590150795141
7770023023515,590184128314
7770056305915,590207160879
7770089596515,590240870784
7770122891315,590272757626
7770156174315,590304586445
7770189464715,590331282717
7770222754115,590362199660
7770256042415,590392136680
7770289332415,590422223763
7770322623015,590439800987
7770355933115,590458738077
7770389200415,590483904656
7770422489315,590506204802
7770455798415,590526571338
7770489068315,590550108856
7770522357515,590572871472
7770555649115,590596417481
7770588937115,590626034902
7770622225415,590646469680
7770655521415,590666066802
7770688806415,590689463479
7770722093515,590713582347
7770755389415,590735656994
7770788674115,590756334345
7770821996115,590772258978
7770855257115,590795854454
7770888540615,590819645949
7770921831315,590843936194
7770955120415,590866804133
7770988408415,590887622062
7771021699415,590912384263
7771054989715,590935858577
7771088278115,590958697936
7771121567315,590981144732
7771154855615,591005453787
7771188145815,591030450680
7771221436115,591052629390
7771254724015,591074488790
7771288015215,591095969242
7771321304015,591115768860
7771354591815,591138776209
7771387887715,591157014996
7771421172115,591177712276
7771454463315,591199417454
7771487756015,591219196445
7771521040115,591235150794
7771554328915,591251712002
7771587624915,591267366945
7771620907115,591282759866
7771654197415,591300258476
7771687485915,591316179058
7771720775215,591336412686
7771754065715,591355114167
7771787382215,591372454193
7771820643215,591394284576
7771853933415,591414664226
7771887223515,591433988712
7771920512315,591452585826
7771953801615,591466021840
7771987090515,591484826055
7772020381915,591498826011
7772053668915,591520094163
7772086958715,591538265222
7772120254315,591567389455
7772153537715,591597671641
7772186825715,591630264870
7772220122115,591660087955
7772253406015,591687547009
7772286696515,591710582477
7772319990815,591732005773
7772353273515,591754413828
7772386564615,591776973272
7772419852015,591796784111
7772453141215,591822498685
7772486431715,591848644927
7772519721215,591875211977
7772553009715,591901727226
7772586299715,591926116956
7772619589615,591952642087
7772652880715,591976978562
7772686168115,592003201639
7772719456215,592028175055
7772752748615,592052650645
7772786035215,592077061152
7772819324515,592101568192
7772852620815,592124626239
7772885904015,592146514741
7772919192615,592165043699
7772952488515,592183750381
7772985776515,592206670461
7773019060715,592229270285
7773052358315,592251398570
7773085639615,592271943014
7773118963215,592286786763
7773152218215,592306374504
7773185507815,592326478895
7773218798015,592354179837
7773252088615,592379129193
7773285376215,592398326708
7773318666415,592420971561
7773351955615,592442769694
7773385244215,592461212924
7773418534315,592477766590
7773451823715,592490158270
7773485113515,592501778053
7773518402415,592510603578
7773551690715,592531181588
7773584987315,592551116254
7773618271215,592572031083
7773651558815,592591043878
7773684855615,592609459052
7773718139515,592628023182
7773751427115,592647160355
7773784723815,592668810693
7773818013515,592689516474
7773851296115,592710727954
7773884589715,592734190166
7773917874115,592756637478
7773951164515,592780872165
7773984456615,592798091940
7774017741915,592812914766
7774051032815,592828291305
7774084321915,592840508559
7774117610315,592866579237
7774150900515,592887183084
7774184189915,592904823227
7774217481115,592926727600
7774250768715,592948290859
7774284057015,592967547348
7774317354315,592987886801
7774350636415,593006108450
7774383925415,593029119451
7774417221615,593046894293
7774450527215,593061042244
7774483793215,593083012269
7774517090515,593104610122
7774550373415,593125759474
7774583662815,593147154126
7774616959015,593169956822
7774650240515,593193128173
7774683531415,593217351346
7774716819715,593242589036
7774750108515,593266472186
7774783399215,593289796023
7774816688015,593312627680
7774849976715,593335861032
7774883280615,593361301403
7774916556515,593386911463
7774949847915,593412879238
7774983135215,593442893511
7775016423815,593471699096
7775049721515,593504570158
7775083003215,593541068745
7775116291515,593579342866
7775149588115,593615600047
7775182872715,593645024908
7775216160015,593676930195
7775249456815,593711643215
7775282741215,593751980079
7775316039215,593796138425
7775349326415,593833254770
7775382619515,593876166821
7775415898115,593920314838
7775449185215,593959321331
7775482475215,594004974651
7775515765515,594042119337
7775549054815,594082464822
7775582343815,594120214910
7775615633515,594154800534
7775648943515,594190048137
7775682210915,594227713602
7775715501715,594270555747
7775748790115,594307739982
7775782114915,594356897697
7775815369015,594396925172
7775848658015,594428590463
7775881954215,594466292712
7775915237715,594487541123
7775948526315,594532826279
7775981822915,594576607074
7776015107015,594620977557
7776048394115,594664363120
7776081688315,594707836466
7776114973515,594751076684
7776148263715,594794126857
7776181552615,594835397337
7776214841115,594880594669
7776248131615,594921671497
7776281421715,594965092114
7776314709215,595008547323
7776348000215,595053629534
7776381290415,595070436376
7776414580315,595102747256
7776447868015,595137504890
7776481156315,595172664164
7776514452215,595208165213
7776547736115,595258437154
7776581024415,595309036038
7776614320815,595351024053
7776647620815,595403166697
7776680892815,595447516835
7776714189615,595502530759
7776747482115,595558648064
7776780760415,595617659711
7776814054415,595676920277
7776847353215,595738888815
7776880630115,595800055173
7776913919315,595859348743
7776947207415,595905892963
7776980498515,595961330385
7777013786715,596014993133
7777047075615,596064195693
7777080366515,596096731591
7777113692215,596124419829
7777146943415,596167092313
7777180234315,596205157079
7777213524815,596239672028
7777246819815,596264650722
7777280102415,596290374152
7777313391015,596306934958
7777346688715,596323909152
7777379969815,596339322016
7777413259515,596384906099
7777446555615,596426065390
7777479840515,596469594429
7777513127315,596515581134
7777546427215,596566733072
7777579707015,596607884876
7777612996815,596665430963
7777646285815,596728175742
7777679574215,596793222154
7777712865415,596861968410
7777746152415,596929968813
7777779442315,596982994686
7777812732515,597052480887
7777846021615,597123293639
7777879310215,597196820834
7777912601115,597262012610
7777945890715,597325925826
7777979206615,597363132904
7778012469215,597428452385
7778045757015,597491071806
7778079058515,597544324760
7778112336015,597603687320
7778145625315,597661699819
7778178921915,597716969898
7778212205115,597757210443
7778245493515,597796591071
7778278790615,597847530731
7778312075615,597894352968
7778345361715,597935312191
7778378652315,597980240597
7778411940115,598023563403
7778445285015,598068222560
7778478519215,598111974552
7778511808515,598154917293
7778545099115,598196122603
7778578388715,598237616613
7778611676915,598279899890
7778644967715,598312103316
7778678257315,598350047874
7778711550315,598381658860
7778744835515,598413516899
7778778124015,598452544962
7778811419515,598487997507
7778844703315,598527093744
7778877991715,598564185754
7778911288515,598601919077
7778944572515,598635433078
7778977859915,598663941714
7779011156515,598694434372
7779044439815,598730819618
7779077727915,598767986094
7779111018315,598804477765
7779144308415,598840115367
7779177597715,598870803231
7779210887015,598905941608
7779244175315,598940179191
7779277465415,598976076535
7779310782715,598998199280
7779344043215,599032261247
7779377333615,599066227586
7779410639215,599097816115
7779443919715,599130135039
7779477201815,599164085890
7779510491415,599199780145
7779543787115,599223219200
7779577070315,599257649113
7779610358115,599290630686
7779643655115,599323224519
7779676936515,599362476982
7779710226115,599396134650
7779743522615,599429050535
7779776805815,599468184041
7779810094215,599500337132
7779843384915,599536327288
7779876674615,599561005727
7779909964215,599592344239
7779943253015,599621689030
7779976541015,599646635815
7780009832715,599669137751
7780043119815,599693287211
7780076409815,599719403878
7780109700015,599748157518
7780142989015,599767585424
7780176282315,599797698268
7780209568415,599829305655
7780242857315,599855724151
7780276154915,599887223812
7780309436015,599920183689
7780342724115,599953778783
7780376021715,599990055440
7780409302515,600012767790
7780442592815,600036102340
7780475889315,600070802648
7780509172015,600105431679
7780542460415,600138777990
7780575751415,600170408606
7780609041715,600196273978
7780642329315,600220543139
7780675619115,600251736161
7780708907415,600277301769
7780742222215,600304511227
7780775486615,600335825886
7780808776315,600362638154
7780842066315,600393160979
7780875356515,600423804569
7780908648515,600452921620
7780941934815,600480906826
7780975224215,600508478371
7781008518315,600536328797
7781041802615,600564751326
7781075091915,600591763500
7781108387615,600618980280
7781141669715,600644835831
7781174959015,600674337644
7781208256015,600703775872
7781241541415,600732285876
7781274827115,600760235727
7781308118015,600787649204
7781341411415,600815685952
7781374694615,600841264133
7781407985615,600867495957
7781441296615,600893185891
7781474564215,600921063570
7781507854015,600949227581
7781541142315,600977215482
7781574432815,601001222007
7781607722215,601027237885
7781641014915,601052087290
7781674300715,601078289377
7781707590415,601102315889
7781740884315,601120696832
7781774168715,601142457169
7781807458115,601166489934
7781840754215,601188277413
7781874037315,601214258547
7781907325615,601239914190
7781940622115,601264570569
7781973905515,601290168567
7782007193715,601315184003
7782040484415,601343414510
7782073810315,601372249822
7782107061115,601401470076
7782140351715,601425203638
7782173663015,601456168571
7782206930615,601485094544
7782240220115,601518013324
7782273509015,601543907322
7782306801915,601575598351
7782340087115,601602799858
7782373380715,601633356239
7782406667215,601665490974
7782439955915,601703015316
7782473250315,601733464514
7782506535315,601758052923
7782539824515,601786532560
7782573121715,601814448205
7782606403715,601831952676
7782639691515,601852568016
7782672990315,601880146703
7782706271815,601907445958
7782739559615,601936577379
7782772850115,601961588678
7782806140715,601990242592
7782839428515,602018297674
7782872722215,602046107506
7782906009115,602074023058
7782939296915,602103807293
7782972586215,602133320906
7783005874715,602163447027
7783039165515,602193191758
7783072453215,602225149199
7783105747115,602256030824
7783139033315,602288797738
7783172322615,602320798465
7783205616615,602349862235
7783238905215,602379880432
7783272191815,602411313121
7783305485815,602441365082
7783338770315,602472477852
7783372058515,602507735454
7783405387215,602544167828
7783438638615,602580216519
7783471926215,602611978737
7783505216815,602651568584
7783538505815,602694068203
7783571794715,602735528466
7783605084815,602774668628
7783638374615,602806435931
7783671662315,602843457736
7783704952715,602885103937
7783738241415,602927031421
7783771531315,602969542519
7783804820515,603003282037
7783838113415,603044449584
7783871399715,603084137538
7783904690115,603120740831
7783937985115,603152241881
7783971268015,603188641605
7784004558415,603222928694
7784037851715,603256427181
7784071136315,603290213541
7784104424515,603321620572
7784137721415,603354108449
7784171004415,603377894650
7784204292615,603411979652
7784237583215,603447433474
7784270880815,603482996060
7784304160615,603513556081
7784337450915,603542908708
7784370740115,603579088275
7784404028815,603613930442
7784437318715,603646073399
7784470636215,603682320130
7784503898215,603715228845
7784537187015,603742309702
7784570479815,603775014957
7784603766315,603804565825
7784637054415,603831852623
7784670350415,603859138562
7784703634315,603886850918
7784736944515,603914534638
7784770217715,603942313402
7784803503015,603965811855
7784836793315,603994600352
7784870088115,604017707802
7784903370715,604047369127
7784936659115,604075004992
7784969950715,604099942197
7785003238115,604124594487
7785036527315,604144551220
7785069817515,604162438511
7785103106615,604181416197
7785136399015,604216548376
7785169685715,604241173752
7785202975015,604265794032
7785236265115,604286462974
7785269553815,604309940708
7785302845915,604329790047
7785336133615,604350307670
7785369420815,604363232197
7785402716415,604379901157
7785436000715,604386886026
7785469289915,604401171811
7785502584515,604407187423
7785535868615,604413166657
7785569158615,604418480646
7785602469115,604438295593
7785635736915,604458413159
7785669025215,604477964579
7785702316215,604495643637
7785735604415,604512931507
7785768893815,604532672605
7785802184015,604551902232
7785835473015,604571322273
7785868761415,604594157789
7785902057515,604619745791
7785935342015,604644197731
7785968629715,604667822352
7786001919815,604689462967
7786035212415,604712250247
7786068548415,604734923169
7786101787315,604757345410
7786135082415,604782561005
7786168367215,604807487883
7786201656515,604831966891
7786234950515,604854647149
7786268236515,604878920142
7786301525815,604902812719
7786334819415,604926751380
7786368103415,604953758979
7786401391715,604981541535
7786434682215,605004530249
7786467971915,605028206523
7786501259615,605051081517
7786534550115,605076880742
7786567839715,605105078397
7786601127615,605132503848
7786634418815,605157507973
7786667707915,605181771415
7786700996015,605206127550
7786734286615,605229790167
7786767580015,605260348043
7786800865015,605285740695
7786834154115,605309058763
7786867448815,605335823617
7786900733415,605361933265
7786934044015,605385928684
7786967317015,605403527464
7787000601715,605427710742
7787033904915,605446506377
7787067185615,605466716038
7787100469815,605479509223
7787133758915,605492532917
7787167048015,605504249604
7787200338015,605524955569
7787233626115,605544162479
7787266916715,605568586395
7787300204915,605588627599
7787333494815,605605388239
7787366784515,605625060230
7787400127415,605646187737
7787433362115,605668893431
7787466653315,605686582749
7787499946215,605712992714
7787533231915,605734189063
7787566520915,605755131997
7787599814715,605775632856
7787633101015,605795734708
7787666388115,605815718965
7787699683315,605835899777
7787732968215,605856056685
7787766257415,605875075527
7787799552315,605897873096
7787832836015,605919414012
7787866125615,605941462975
7787899415515,605964142569
7787932704315,605985520539
7787965992115,606011176831
7787999283715,606028646917
7788032571015,606053106699
7788065860915,606075018314
7788099151015,606096134448
7788132440015,606118263875
7788165728715,606140665734
7788199019315,606163704502
7788232313415,606188138606
7788265619115,606212684111
7788298886915,606239508497
7788332182315,606262685876
7788365485715,606286343033
7788398754215,606310500827
7788432049615,606336532142
7788465334415,606362203947
7788498624615,606387328112
7788531918315,606414359744
7788565202615,606445551119
7788598492315,606475827641
7788631780215,606500137361
7788665070615,606531849261
7788698359415,606557180163
7788731649515,606576255206
7788764937915,606605886617
7788798227215,606634117833
7788831517715,606664081236
7788864807815,606689469489
7788898095115,606714511324
7788931388815,606740997184
7788964680315,606769951859
7788997962915,606794697733
7789031254015,606818972082
7789064548215,606843186385
7789097832315,606872593930
7789131121915,606896288244
7789164416215,606919409927
7789197700515,606941959846
7789230990515,606964418480
7789264284615,606988343398
7789297569015,607012462852
7789330860015,607035118208
7789364146615,607058924949
7789397437515,607082997808
7789430726515,607107702941
7789464015315,607131853622
7789497305315,607156786855
7789530593515,607182038669
7789563883415,607207172356
7789597172215,607232029540
7789630461315,607258777361
7789663751915,607285931185
7789697070115,607312482710
7789730329615,607341379999
7789763620115,607375946719
7789796943815,607402863716
7789830198715,607431096279
7789863488315,607458159221
7789896782215,607484957693
7789930069415,607511176147
7789963355115,607537430571
7789996650715,607565631980
7790029935515,607591161344
7790063224415,607617899944
7790096512515,607642928211
7790129803415,607666560022
7790163093015,607690214785
7790196382915,607714730183
7790229671315,607740038492
7790262959515,607766899085
7790296251215,607794129225
7790329538315,607822307364
7790362827815,607847312998
7790396118315,607875824034
7790429411415,607907223413
7790462696215,607935044345
7790495986415,607962591047
7790529283315,607992427095
7790562565115,608023452513
7790595854715,608052888567
7790629149315,608079901228
7790662433515,608106071037
7790695721615,608131162349
7790729017515,608156551249
7790762301515,608182533147
7790795590915,608208282257
7790828882215,608235063895
7790862170415,608261018037
7790895460215,608287583209
7790928747515,608313467930
7790962037815,608338978025
7790995326315,608363747904
7791028649415,608387733098
7791061904915,608412295382
7791095194115,608439432566
7791128484615,608464431444
7791161777815,608492733762
7791195062515,608519554232
7791228354215,608546396165
7791261650115,608573026566
7791294930515,608598108393
7791328221015,608624433666
7791361515315,608650325879
7791394799315,608675840566
7791428088415,608702568008
7791461383615,608728717231
7791494668115,608754849633
7791527958215,608780541221
7791561245715,608808390981
7791594544215,608834213448
7791627826615,608860325235
7791661114115,608886817611
7791694403915,608912076979
7791727692715,608936963851
7791760982715,608965477285
7791794272215,608991225687
7791827560515,609016016638
7791860851215,609041682663
7791894147915,609068776501
7791927429015,609094280398
7791960719215,609118662900
7791994015115,609147475073
7792027297015,609175160151
7792060587215,609197205634
7792093911515,609223059350
7792127165915,609250190591
7792160455015,609269774913
7792193749715,609294142016
7792227034515,609318813958
7792260322415,609343760932
7792293611815,609368360876
7792326902415,609392010573
7792360212415,609418297315
7792393479815,609445928730
7792426770815,609474264565
7792460060115,609495702768
7792493349315,609522792863
7792526638815,609551273205
7792559927615,609579653595
7792593218615,609608513277
7792626508115,609637545998
7792659795215,609662352494
7792693086015,609688824431
7792726383515,609717088132
7792759663915,609749882060
7792792953715,609782584133
7792826249315,609811966686
7792859533315,609841954354
7792892821815,609870948532
7792926116415,609907371367
7792959401815,609943864577
7792992688715,609978107797
7793025978415,610011524314
7793059269015,610043876750
7793092558315,610077951356
7793125846615,610110581594
7793159137115,610142624678
7793192427615,610166763257
7793225723915,610202334425
7793259004715,610233612413
7793292293815,610265962537
7793325583815,610296089113
7793358874115,610331789447
7793392161615,610359990535
7793425452115,610389786466
7793458747715,610419681430
7793492029715,610451875148
7793525319815,610479709119
7793558616815,610505729436
7793591898515,610534078897
7793625188315,610562921222
7793658482815,610591972599
7793691796115,610619447028
7793725055515,610649243264
7793758345015,610679471772
7793791635315,610711267483
7793824924915,610739658649
7793858214115,610767976132
7793891503515,610796061167
7793924793615,610825236227
7793958081015,610848487433
7793991371415,610881290490
7794024659615,610912957243
7794057950415,610943634010
7794091240615,610973492439
7794124528115,610995766202
7794157818215,611018121382
7794191114815,611048688801
7794224396515,611078996953
7794257686615,611110007276
7794290982715,611142391536
7794324264315,611176140148
7794357554615,611214395995
7794390850815,611249211242
7794424135015,611284906669
7794457423115,611314753823
7794490711315,611346341768
7794524001415,611376747231
7794557305315,611407507118
7794590579315,611442087313
7794623870115,611474366691
7794657163715,611507120152
7794690447615,611537405639
7794723737615,611566915099
7794757027015,611598048358
7794790316615,611632729281
7794823608015,611666905436
7794856894215,611694124718
7794890184915,611721650285
7794923479115,611755780775
7794956762415,611785326097
7794990052915,611815911686
7795023397915,611845685817
7795056630615,611875489152
7795089920315,611906770057
7795123217215,611937681892
7795156501815,611965308460
7795189789415,611992499480
7795223077215,612016746280
7795256368815,612040621062
7795289656915,612063155668
7795322945615,612084577933
7795356235915,612103014212
7795389528815,612123547373
7795422814315,612141610802
7795456104215,612161322922
7795489393515,612181307780
7795522683515,612200199378
7795555974115,612219596077
7795589260615,612239872130
7795622551815,612257269916
7795655844615,612278115844
7795689129315,612299435994
7795722419115,612321328134
7795755714615,612342467272
7795788996815,612359982105
7795822288115,612381339304
7795855585015,612401390467
7795888887615,612422744171
7795922155215,612441178270
7795955444315,612463214823
7795988741215,612485167335
7796022022915,612503649758
7796055311915,612524881036
7796088602415,612545443739
7796121892815,612567982201
7796155200715,612589880824
7796188470215,612613136838
7796221760815,612637771716
7796255048915,612663822465
7796288340015,612690280863
7796321627215,612717562917
7796354974515,612743099703
7796388211815,612768505567
7796421495315,612793232950
7796454785415,612818587533
7796488081815,612841980132
7796521363415,612865165345
7796554654115,612886270606
7796587950315,612906275391
7796621231615,612925963724
7796654521615,612943207910
7796687810215,612962143861
7796721100615,612983541977
7796754389715,613004755747
7796787678215,613024404291
7796820968815,613043376208
7796854259215,613064182058
7796887546415,613085475717
7796920837315,613106018700
7796954126815,613129010331
7796987414715,613161639454
7797020706515,613196167124
7797053993315,613220943047
7797087283715,613246583676
7797120579215,613277235701
7797153861715,613308562409
7797187152315,613338107156
7797220468415,613368957051
7797253730015,613403549378
7797287024015,613437350250
7797320323115,613467888525
7797353598315,613494010701
7797386887915,613523240502
7797420177815,613548877587
7797453466915,613576385642
7797486756015,613600955967
7797520045115,613624600831
7797553335215,613646024825
7797586623915,613667499485
7797619913015,613686777906
7797653203815,613708226857
7797686523615,613731657992
7797719780415,613757567533
7797753072415,613781189759
7797786361415,613806496438
7797819651215,613830865381
7797852945415,613856347129
7797886228015,613887585321
7797919519715,613920636561
7797952812915,613956268013
7797986096515,613987765669
7798019386215,614025523547
7798052683315,614059759617
7798085964115,614096052065
7798119255115,614134011863
7798152548515,614167607318
7798185833615,614194497337
7798219123015,614218328744
7798252411415,614251110708
7798285702115,614288215466
7798318990215,614322628691
7798352279415,614355140038
7798385569915,614389634241
7798418858715,614422589130
7798452147715,614446492873
7798485438715,614480919176
7798518728415,614514993705
7798552038215,614539833212
7798585311715,614577192832
7798618594715,614613185184
7798651904315,614646646989
7798685178515,614679391035
7798718462815,614713629485
7798751753015,614752319192
7798785049215,614777171078
7798818330515,614802785169
7798851621415,614833860320
7798884918715,614860453760
7798918198815,614891012906
7798951488815,614921225557
7798984777815,614947807819
7799018067215,614978227141
7799051356515,615010205372
7799084645915,615041750273
7799117936415,615067413633
7799151226815,615100223443
7799184517515,615132039833
7799217805215,615169695879
7799251095015,615203797205
7799284381715,615237849690
7799317678215,615273840858
7799350960615,615312718372
7799384251115,615344625148
7799417546815,615379062738
7799450937515,615410395534
7799484119215,615439401782
7799517415615,615469859386
7799550697315,615496769497
7799583987815,615527107022
7799617277215,615549186131
7799650565715,615576925506
7799683855615,615606351495
7799717145115,615638197827
7799750434215,615668925315
7799783723615,615696833548
7799817012515,615726530379
7799850302615,615756451997
7799883590815,615786727448
7799916880615,615818122610
7799950173615,615852194020
7799983486015,615877993902
7800016748215,615909504549
7800050044615,615940929194
7800083328415,615980207667
7800116617715,616015129985
7800149912415,616042217360
7800183195315,616073595471
7800216486015,616108887669
7800249780515,616141882810
7800283063315,616175342562
7800316353615,616209122884
7800349642415,616248925277
7800382931515,616287690185
7800416222015,616323746424
7800449511915,616358135525
7800482801015,616395833670
7800516089715,616430965780
7800549378615,616470702791
7800582669415,616509474912
7800615957115,616546753080
7800649246615,616582880988
7800682537715,616619519075
7800715826015,616649875678
7800749114615,616683355911
7800782410915,616718704641
7800815695015,616749393900
7800848983615,616772065745
7800882278615,616801019668
7800915561715,616829970789
7800948852315,616859847556
7800982146715,616888815628
7801015430115,616917507397
7801048720615,616945360294
7801082036515,616975285136
7801115297715,617006580124
7801148588915,617038764955
7801181878815,617072110218
7801215166015,617106243466
7801248456215,617137303096
7801281745315,617166216875
7801315072415,617194715696
7801348323615,617223113301
7801381613515,617256908257
7801414903715,617287235221
7801448192415,617319044730
7801481480915,617349823816
7801514777015,617384671323
7801548061915,617416881195
7801581349115,617451621259
7801614645715,617486238225
7801647928015,617520837915
7801681218115,617556416818
7801714513315,617591875846
7801747796415,617627470239
7801781086615,617665414573
7801814383615,617712821663
7801847664615,617749659678
7801880954915,617787735083
7801914244015,617824421016
7801947532715,617861646836
7801980823015,617897450395
7802014112715,617933435911
7802047401315,617966685520
7802080691615,617999403281
7802113979515,618030122519
7802147269815,618066359563
7802180559115,618106958565
7802213847615,618137754385
7802247143615,618169101071
7802280427115,618201314638
7802313715915,618229091347
7802347011515,618256086619
7802380295815,618284268581
7802413584415,618312164687
7802446880915,618339460855
7802480162515,618366960415
7802513452915,618393625025
7802546741315,618420163210
7802580030515,618447142411
7802613321315,618476207906
7802646647815,618504197742
7802679898315,618533337910
7802713189215,618562963301
7802746478515,618592758429
7802779768015,618623236009
7802813057215,618653832356
7802846345915,618684143219
7802879638215,618712413816
7802912924415,618742690677
7802946214115,618772484755
7802979510115,618802172578
7803012795915,618838513814
7803046082215,618871485388
7803079378215,618907531768
7803112661915,618942540778
7803145952115,618977359938
7803179247015,619013590302
7803212530615,619046448014
7803245820515,619080499356
7803279107915,619111239657
7803312397115,619144279741
7803345687315,619181115105
7803378976515,619210551340
7803412265615,619239824918
7803445555815,619271392729
7803478853315,619300150922
7803512146515,619335362387
7803545423715,619367812169
7803578711815,619402937191
7803612003215,619432234114
7803645290715,619464057528
7803678579915,619495285116
7803711876315,619523084484
7803745160915,619557948514
7803778448115,619587120490
7803811744815,619620621428
7803845029515,619652364308
7803878316815,619681957547
7803911613115,619707925529
7803944904015,619742263355
7803978223315,619773744856
7804011474115,619806041560
7804044763815,619837622145
7804078054115,619872902813
7804111343415,619901834827
7804144646615,619945415504
7804177922015,619982115059
7804211212115,620017823232
7804244499815,620048985089
7804277790015,620084372180
7804311078315,620114197995
7804344368915,620146380689
7804377657515,620178762422
7804410946815,620212239507
7804444242615,620246515135
7804477526915,620281977699
7804510815015,620318801811
7804544110515,620356436286
7804577395515,620395059673
7804610682815,620433847734
7804643979615,620468029988
7804677269315,620502792075
7804710552215,620535588405
7804743844615,620569839326
7804777129915,620608712274
7804810420315,620642155774
7804843728515,620671987737
7804876997615,620704326670
7804910288415,620735660972
7804943578015,620764442037
7804976866415,620793683442
7805010157015,620819530550
7805043446215,620845634259
7805076735415,620871373256
7805110024515,620899142957
7805143313415,620925023876
7805176609515,620951604859
7805209892015,620978051314
7805243181215,621002778223
7805276495815,621030372195
7805309810915,621053771418
7805343049115,621077377131
7805376346015,621100898061
7805409631015,621126812976
7805442918615,621152603534
7805476214015,621179153654
7805509496615,621207550391
7805542787615,621237811012
7805576075215,621269864006
7805609364115,621306872237
7805642654615,621341910024
7805675944715,621377052818
7805709232615,621413153484
7805742522715,621450083247
7805775813215,621487589894
7805809103215,621527427822
7805842391015,621565946783
7805875679415,621605689557
7805908976815,621650051418
7805942258115,621695966449
7805975547815,621741950429
7806008843615,621783637846
7806042129215,621825889207
7806075415915,621873026421
7806108712615,621917143764
7806141996415,621959419173
7806175303215,621999316387
7806208580615,622040111068
7806241862615,622088896457
7806275159315,622138887265
7806308441115,622194569413
7806341730715,622255452159
7806375021015,622320167584
7806408310815,622370650356
7806441599115,622435064987
7806474889315,622501629153
7806508179415,622567481087
7806541467215,622634384354
7806574757315,622688798148
7806608045915,622749545347
7806641390715,622797472524
7806674624515,622849235203
7806707913715,622895652602
7806741210115,622954660843
7806774494015,623015400529
7806807783315,623083891405
7806841078915,623158330581
7806874362815,623227321980
7806907650315,623299203754
7806940943315,623369510186
7806974241215,623440976633
7807007519315,623514135381
7807040808815,623577731605
7807074097315,623643189107
7807107387715,623707537990
7807140677615,623776591890
7807173968715,623846663989
7807207255815,623917334392
7807240545915,623987705336
7807273833615,624075707662
7807307124015,624147122479
7807340413415,624217615595
7807373707415,624270387069
7807406992415,624340569230
7807440280115,624394048600
7807473576715,624464763760
7807506881415,624528455526
7807540148715,624591075722
7807573445115,624649970104
7807606745615,624707353646
7807640016315,624763908233
7807673313215,624819505505
7807706596715,624876218525
7807739885815,624931300279
7807773175315,624987628151
7807806463715,625048632357
7807839754215,625099484177
7807873042515,625146353952
7807906331715,625174524900
7807939622815,625219437831
7807972968615,625271023774
7808006199915,625331047079
7808039490615,625376248604
7808072780015,625421352098
7808106076115,625467087963
7808139358215,625512125811
7808172647015,625557538263
7808205944815,625605378635
7808239224815,625651320017
7808272514915,625695158195
7808305811115,625732461154
7808339093715,625773618960
7808372382715,625814773278
7808405679715,625855014609
7808438962515,625903847426
7808472252715,625936890846
7808505541215,625981359806
7808538829815,626029368527
7808572120815,626076945683
7808605408615,626128386225
7808638698215,626176317378
7808671988315,626218076467
7808705277615,626258437629
7808738566315,626301830648
7808771856715,626341796056
7808805147215,626380880098
7808838461515,626414052128
7808871724515,626453789513
7808905013315,626485528665
7808938321315,626526158667
7808971592015,626572325903
7809004880815,626616245688
7809038177715,626664353266
7809071477115,626709413419
7809104749415,626750660346
7809138046115,626793239521
7809171330115,626833120052
7809204617515,626882680589
7809237908015,626931856262
7809271196315,626971062399
7809304519815,626998569501
7809337775215,627040442769
7809371064015,627089710478
7809404355015,627137829332
7809437645115,627185364875
7809470932515,627233673259
7809504222815,627283558719
7809537512415,627333257950
7809570806515,627393505064
7809604091415,627455356924
7809637380715,627506057783
7809670675815,627556132390
7809703959315,627605920318
7809737247615,627657790380
7809770544215,627696917309
7809803827315,627748527794
7809837130515,627799332149
7809870412515,627860128024
7809903695715,627910254485
7809936983615,627972493096
7809970274315,628023285131
7810003579915,628071722590
7810036852815,628119017536
7810070141815,628167408981
7810103430715,628216968900
7810136721215,628267599198
7810170009215,628328900214
7810203298915,628379106819
7810236588715,628422937671
7810269897315,628459120770
7810303170215,628500255218
7810336457615,628542089432
7810369746915,628580494913
7810403042715,628619866594
7810436325615,628657966576
7810469613915,628693280416
7810502910915,628732784592
7810536192315,628773065490
7810569481815,628803270448
7810602778515,628830875134
7810636061315,628860372860
7810669349615,628898819888
7810702640615,628934701199
7810735930215,628968994998
7810769220115,629007264392
7810802508515,629038659411
7810835797115,629065043806
7810869088515,629095668030
7810902375815,629124783194
7810935665415,629155707493
7810968974615,629182120503
7811002245215,629209803772
7811035537515,629234509882
7811068823715,629262034265
7811102113515,629289481676
7811135409015,629314504329
7811168691715,629343737881
7811201980115,629372293079
7811235277015,629401966612
7811268558515,629435116191
7811301848415,629462623108
7811335144915,629493585571
7811368429215,629529474185
7811401716815,629564270158
7811435007115,629598615531
7811468298815,629635842555
7811501584715,629664442849
7811534875315,629703162787
7811568185615,629734937558
7811601483915,629770888620
7811634742115,629812062087
7811668031915,629848764832
7811701322215,629885169496
7811734611515,629927419996
7811767903515,629966633292
7811801189815,630009091115
7811834481015,630051615949
7811867773415,630107758327
7811901058215,630157320599
7811934347115,630207521107
7811967642515,630251890151
7812000926315,630298165736
7812034214715,630353358113
7812067511515,630404159054
7812100797015,630456489097
7812134083115,630517912273
7812167373015,630575743966
7812200663515,630635710534
7812233951215,630697072424
7812267241815,630758666052
7812300552415,630818892822
7812333820115,630880021398
7812367109115,630943456805
7812400398115,631014081324
7812433688515,631084659974
7812466977615,631156700933
7812500269715,631229591593
7812533556115,631302512923
7812566846115,631373761021
7812600140315,631446409251
7812633424415,631508769313
7812666714215,631581769814
7812700009615,631654128240
7812733293015,631726229882
7812766581015,631794453814
7812799878215,631862728103
7812833160015,631930238522
7812866453015,631997824675
7812899740015,632060973241
7812933049515,632124190617
7812966317015,632180823089
7812999607615,632217164964
7813032897415,632273686799
7813066186715,632320302451
7813099476215,632372285736
7813132764615,632423728009
7813166055615,632475255795
7813199342915,632525072905
7813232635715,632565703460
7813265922315,632619296309
7813299213415,632675067113
7813332506415,632731946852
7813365791315,632789920019
7813399081615,632826690442
7813432376615,632875100621
7813465658915,632932835936
7813498947615,632992467732
7813532245515,633050491672
7813565528015,633092990279
7813598815615,633137840396
7813632106015,633195026278
7813665395415,633245269750
7813698683715,633303301220
7813731974015,633362538812
7813765263615,633400964894
7813798561115,633446407212
7813831842615,633504532682
7813865130415,633561958909
7813898422615,633598287098
7813931709315,633651318876
7813965001815,633706606596
7813998289215,633747771434
7814031578715,633788971776
7814064872415,633830309802
7814098157115,633869454424
7814131448015,633912868433
7814164740915,633970953537
7814198026115,634027025783
7814231313615,634085173444
7814264638115,634131703004
7814297894515,634195055062
7814331181915,634256249331
7814364472715,634324062930
7814397761515,634370740095
7814431050315,634424478900
7814464340615,634493075052
7814497630715,634566508518
7814530918515,634630800585
7814564208515,634703446607
7814597496815,634759276778
7814630787315,634816780276
7814664076315,634891723984
7814697368515,634965690361
7814730655815,635040597465
7814763948715,635121258666
7814797238715,635201636794
7814830523515,635283117144
7814863814215,635370451468
7814897107615,635461548504
7814930391915,635554349782
7814963680515,635647606198
7814996977115,635742127527
7815030260415,635836445935
7815063548315,635930916633
7815096838815,636023332673
7815130143915,636115827294
7815163416215,636196920652
7815196707015,636285861751
7815229998115,636381756898
7815263284115,636475984806
7815296575115,636567346651
7815329865015,636660214455
7815363153415,636758459136
7815396443415,636857338765
7815429735815,636936398948
7815463021915,637005496749
7815496310115,637047084769
7815529605515,637094417454
7815562889615,637170633736
7815596207915,637237250269
7815629473415,637302970924
7815662758115,637367856966
7815696048315,637433512576
7815729344015,637491974200
7815762626415,637545560040
7815795914715,637597854219
7815829206515,637651775894
7815862493315,637709727151
7815895782515,637764300218
7815929073015,637818876446
7815962362315,637874920086
7815995651015,637932978172
7816028941115,637990746099
7816062230915,638045325668
7816095520615,638103994942
7816128810215,638154961116
7816162100515,638210353056
7816195389215,638261059351
7816228676915,638311388913
7816261971815,638350430591
7816295256715,638389781231
7816328545415,638428263238
7816361839515,638468735644
7816395124215,638507743005
7816428415015,638545323255
7816461730415,638591789636
7816494992515,638629275118
7816528281415,638675945690
7816561583215,638717019739
7816594859815,638761146094
7816628149315,638797968254
7816661442615,638832162324
7816694728615,638872589506
7816728017315,638909904470
7816761307915,638944153821
7816794597815,638985937867
7816827885915,639021564963
7816861176415,639054740768
7816894467415,639087989123
7816927787415,639123454733
7816961042815,639158625469
7816994338215,639194013959
7817027622715,639227780140
7817060913015,639262585241
7817094205915,639301267656
7817127490715,639345550501
7817160780215,639381139490
7817194075015,639421141424
7817227359015,639462338667
7817260648815,639500815700
7817293937615,639537535707
7817327227715,639571975105
7817360515415,639601075849
7817393806515,639634409066
7817427095515,639667637066
7817460383815,639704377465
7817493673915,639738259033
7817526963815,639771859145
7817560251615,639804749654
7817593542315,639837963645
7817626862715,639863765602
7817660120715,639890061552
7817693410615,639920167259
7817726704415,639948871075
7817759989315,639970907842
7817793300115,639999253503
7817826572615,640028314000
7817859857415,640057726558
7817893164015,640087607470
7817926441615,640118142674
7817959725515,640153132358
7817993014615,640187617372
7818026304115,640219139861
7818059594015,640256911286
7818092881715,640283722562
7818126172615,640315054822
7818159460515,640340123783
7818192768115,640366039068
7818226041115,640394197575
7818259329315,640425434577
7818292618315,640461716457
7818325908915,640500343188
7818359200615,640535236160
7818392488415,640566814640
7818425776915,640598719468
7818459070915,640630075627
7818492356715,640657570747
7818525643415,640688786294
7818558938415,640719699778
7818592223915,640752317737
7818625513015,640790316838
7818658807315,640825227657
7818692091215,640861276594
7818725381215,640897530436
7818758670615,640931533341
7818791960115,640968788650
7818825248315,641006846415
7818858539015,641046743881
7818891827215,641083007256
7818925116115,641121903333
7818958406615,641159883473
7818991697215,641196066689
7819024984315,641228853820
7819058275115,641263797944
7819091568515,641300594837
7819124853115,641342303571
7819158143115,641386784579
7819191467015,641421092492
7819224748915,641451835456
7819258010315,641490307762
7819291305915,641524996586
7819324589915,641558456028
7819357879315,641598152794
7819391174015,641637151097
7819424457815,641674157970
7819457748415,641709079522
7819491035415,641743283537
7819524326315,641778344710
7819557614315,641812728472
7819590904715,641843615469
7819624193215,641870076496
7819657483015,641908262480
7819690773515,641945207462
7819724063515,641974068190
7819757351015,642011692431
7819790641515,642047668646
7819823934615,642083431008
7819857218915,642119064548
7819890509615,642154247216
7819923833115,642188956499
7819957087915,642222947404
7819990377315,642247980550
7820023671815,642279530659
7820056956015,642309906208
7820090245915,642332245028
7820123540915,642361556265
7820156824715,642391331984
7820190113815,642426548293
7820223402315,642461161465
7820256692015,642489319861
7820289981215,642524487004
7820323271715,642555482147
7820356561415,642585010447
7820389849215,642617053593
7820423140115,642648391281
7820456427915,642679489313
7820489717715,642714545163
7820523008115,642747531589
7820556336415,642781698750
7820589585315,642815869237
7820622875915,642849634210
7820656200015,642882293342
7820689454315,642912573628
7820722744015,642946843766
7820756038115,642982638160
7820789323515,643017146794
7820822611215,643050057947
7820855909715,643081381995
7820889190415,643116532817
7820922481415,643150991931
7820955768215,643182736026
7820989059115,643217144509
7821022349415,643245948621
7821055638815,643279893501
7821088926615,643311383107
7821122215615,643344401948
7821155506915,643379739643
7821188794215,643414410236
7821222083715,643448009333
7821255374215,643484845407
7821288665115,643521295295
7821321952015,643557420350
7821355242315,643594020513
7821388538215,643629115405
7821421823515,643666880660
7821455110415,643699382726
7821488404315,643734367995
7821521689515,643773389926
7821554977815,643809792129
7821588273115,643848244924
7821621557515,643889812054
7821654846315,643929358671
7821688134915,643968688131
7821721425215,644007656080
7821754715915,644050752132
7821788003015,644089598866
7821821293215,644125426055
7821854581515,644162508806
7821887913515,644195435579
7821921160515,644231416219
7821954450115,644273991152
7821987740615,644318185743
7822021032315,644364287738
7822054318315,644395587033
7822087608715,644427996516
7822120905015,644457895039
7822154186315,644498855072
7822187477015,644532849020
7822220771115,644564454280
7822254055215,644596179374
7822287344815,644625647424
7822320639715,644655722282
7822353923615,644687110871
7822387230315,644715814633
7822420501415,644740089226
7822453791815,644759428636
7822487082315,644782355422
7822520369015,644802999302
7822553659715,644826764543
7822586948515,644853075970
7822620238415,644873234416
7822653528215,644895582739
7822686816415,644919550142
7822720106615,644945329600
7822753411815,644969407812
7822786684715,644990540890
7822819975015,645018322176
7822853270915,645055423700
7822886552315,645086349231
7822919843415,645117146643
7822953139015,645144959123
7822986421715,645173761705
7823019711715,645201481405
7823053005915,645230952859
7823086290215,645257826226
7823119578615,645282346832
7823152868015,645309194004
7823186158615,645336486931
7823219471815,645363890407
7823252735815,645390751960
7823286026115,645418090241
7823319315815,645445193557
7823352605015,645469405536
7823385895015,645495945924
7823419182615,645525853034
7823452474415,645553801357
7823485762915,645582624993
7823519050815,645616644878
7823552341615,645648682230
7823585635715,645684130231
7823618919215,645717341338
7823652209315,645750379744
7823685505215,645784827413
7823718789215,645821054061
7823752077415,645860272296
7823785372015,645896465998
7823818657015,645938239049
7823851945115,645977993984
7823885234215,646018186526
7823918524515,646059121666
7823951813215,646098803750
7823985102915,646130602476
7824018392815,646160442233
7824051682615,646198555562
7824084996515,646237246275
7824118260415,646279438725
7824151548915,646318880181
7824184843915,646353316627
7824218128615,646393972548
7824251417615,646435698358
7824284711615,646476656410
7824318003415,646521876313
7824351285315,646561391349
7824384576215,646597893770
7824417872415,646627100688
7824451153615,646667927656
7824484444215,646704803048
7824517738915,646738498082
7824551074315,646771768289
7824584311415,646800221106
7824617600615,646829287689
7824650891015,646858252602
7824684181015,646890226164
7824717468415,646920558700
7824750759215,646950275116
7824784048015,646980612480
7824817337015,647012831249
7824850627215,647036271702
7824883916715,647066279998
7824917205715,647088762385
7824950495715,647118489373
7824983783715,647145084422
7825017074215,647172350181
7825050369915,647201171923
7825083651715,647231716854
7825116942515,647261281674
7825150238815,647293189669
7825183519515,647317245390
7825216810215,647347688006
7825250137215,647378438715
7825283388815,647410570664
7825316679015,647440929011
7825349967015,647473948731
7825383257315,647508269543
7825416571215,647541803889
7825449834815,647575130481
7825483125315,647608668734
7825516427915,647642430841
7825549702515,647676493435
7825582993515,647711636345
7825616283115,647745317202
7825649572115,647779078775
7825682862515,647811489057
7825716150015,647842909794
7825749440315,647874269722
7825782735015,647905690151
7825816018215,647938760453
7825849308215,647972596678
7825882634515,648007783562
7825915885815,648036080024
7825949176415,648074068323
7825982472315,648108151702
7826015756615,648137585272
7826049045015,648166594950
7826082333515,648196068493
7826115624415,648229865783
7826148911715,648262700842
7826182204615,648289588071
7826215491815,648321094613
7826248781215,648354773763
7826282069715,648391344698
7826315360215,648422826891
7826348649615,648454302618
7826381939015,648490272035
7826415229015,648525571413
7826448516715,648556466092
7826481807315,648590622516
7826515100615,648623279992
7826548384815,648656300720
7826581674615,648688728197
7826614971515,648718469438
7826648252515,648749899036
7826681542915,648783860424
7826714839915,648817386994
7826748143315,648844465903
7826781411215,648875048962
7826814699615,648906887785
7826848017615,648933624674
7826881278015,648967884962
7826914567815,648998042327
7826947858315,649031153760
7826981147515,649064298851
7827014435815,649095962624
7827047726415,649129519393
7827081016815,649164977364
7827114303815,649206850157
7827147595015,649243507089
7827180882615,649277322318
7827214173015,649309199379
7827247466815,649341040094
7827280750715,649372040806
7827314041215,649405897490
7827347338315,649434750182
7827380619115,649480293411
7827413909615,649518220515
7827447206515,649553400468
7827480486815,649586098304
7827513777515,649620389252
7827547065815,649651346469
7827580356115,649681327265
7827613646015,649709630435
7827646934215,649738945798
7827680224615,649768600346
7827713513815,649797543243
7827746802515,649825341824
7827780092915,649857095673
7827813382315,649885973957
7827846670315,649912442051
7827879961615,649939860387
7827913249315,649968147006
7827946539315,649999425913
7827979834215,650026941126
7828013117215,650057556926
7828046407915,650083623986
7828079726815,650111200496
7828112985615,650135978667
7828146274915,650159544290
7828179598815,650188190058
7828212853115,650210363460
7828246144315,650231220688
7828279437015,650242524884
7828312722815,650258901839
7828346012015,650279456157
7828379300515,650299203784
7828412592315,650319048732
7828445879315,650339858366
7828479168815,650360052384
7828512458915,650381038402
7828545749615,650402260623
7828579036615,650421697211
7828612327815,650443123860
7828645617815,650462619029
7828678906615,650483144071
7828712201215,650504151698
7828745484115,650526223093
7828778775115,650553044655
7828812068015,650578986295
7828845351815,650604919803
7828878641715,650625764466
7828911937615,650652214593
7828945220015,650679317465
7828978510415,650701765174
7829011803415,650730841202
7829045093615,650761594689
7829078378815,650792359992
7829111667315,650819864176
7829144956815,650849503239
7829178245615,650878073329
7829211535115,650905843368
7829244825515,650931048790
7829278114315,650962254046
7829311403515,650993075397
7829344693715,651025341196
7829377983915,651049517515
7829411271115,651076284575
7829444567515,651099818368
7829477850315,651120512093
7829511178715,651147531737
7829544434315,651163517129
7829577718315,651186568762
7829611022115,651202742676
7829644305115,651215775732
7829677586215,651229058980
7829710876615,651256283635
7829744173915,651284089375
7829777454615,651308743001
7829810745015,651335805686
7829844033115,651363598057
7829877323615,651390127334
7829910613215,651417242739
7829943901115,651446949285
7829977191815,651476428980
7830010481715,651507870999
7830043769215,651538265792
7830077060015,651562622128
7830110350215,651592548241
7830143637615,651623081292
7830176933615,651654761542
7830210216415,651687402939
7830243506815,651720320626
7830276801615,651751884571
7830310084415,651777031068
7830343374615,651807315838
7830376679015,651838590279
7830409952915,651868530854
7830443242615,651896047018
7830476539515,651922762659
7830509822115,651949434666
7830543111115,651977541569
7830576401015,652005996614
7830609690015,652035870021
7830642979315,652062073452
7830676267715,652089760558
7830709558715,652118771042
7830742850015,652153399478
7830776135915,652183234556
7830809426315,652215322089
7830842748315,652248505781
7830876003715,652282107482
7830909299715,652313974771
7830942584015,652347846732
7830975873315,652383037157
7831009168015,652420247481
7831042450815,652456037877
7831075742415,652491107397
7831109035715,652523206098
7831142319515,652557847141
7831175608915,652591518777
7831208902015,652624168489
7831242187115,652652780378
7831275477415,652688639839
7831308767415,652722795211
7831342056915,652758745131
7831375345615,652793397590
7831408634215,652833577912
7831441925315,652869513364
7831475213015,652908922012
7831508503415,652944897120
7831541792915,652981191358
7831575081615,653012612674
7831608370215,653053155897
7831641666315,653088735137
7831674950015,653125584183
7831708255515,653165253819
7831741534915,653195425266
7831774817215,653230382688
7831808111315,653266931318
7831841402215,653304610884
7831874685215,653340670926
7831907976115,653379717227
7831941272315,653413904191
7831974553415,653447352960
7832007843715,653480886055
7832041134215,653514421401
7832074421815,653549724987
7832107712515,653585959074
7832141000615,653620513875
7832174341115,653660440703
7832207579315,653697389965
7832240868415,653733970876
7832274158815,653763950557
7832307449615,653801475789
7832340736715,653836612987
7832374032515,653873683289
7832407316315,653910974032
7832440605315,653940618402
7832473901015,653976939387
7832507185015,654012575332
7832540474215,654048120081
7832573769515,654086556531
7832607052115,654121311574
7832640346115,654161412036
7832673638615,654192463433
7832706919615,654234027048
7832740210115,654270395497
7832773500715,654314972771
7832806787615,654348859955
7832840079015,654388288991
7832873368015,654425538871
7832906657315,654457655373
7832939946415,654490398903
7832973235015,654520521710
7833006525415,654560627376
7833039836315,654598895118
7833073103215,654639639812
7833106398715,654674817307
7833139698815,654706839581
7833172971315,654750861172
7833206267115,654789501474
7833239550615,654824776184
7833272841015,654859605254
7833306136515,654898192847
7833339418815,654937386471
7833372708815,654979878131
7833406000815,655019413163
7833439286515,655051699910
7833472576515,655088369270
7833505905715,655120979119
7833539154215,655150366501
7833572444615,655181042620
7833605734415,655213997468
7833639023615,655249150776
7833672312715,655283138432
7833705601215,655316921502
7833738893015,655350688908
7833772180015,655384729730
7833805469515,655418043982
7833838765015,655451956003
7833872049215,655484007271
7833905337315,655517565089
7833938633515,655548532787
7833971917515,655582068585
7834005207215,655614793585
7834038502315,655647847948
7834071786515,655678953365
7834105075815,655704276203
7834138366715,655735295321
7834171653115,655767752758
7834204943015,655798100034
7834238233715,655827691189
7834271521215,655864930533
7834304811015,655906304150
7834338101615,655949727695
7834371411115,655984299190
7834404679315,656019772328
7834437967815,656058572992
7834471274715,656093499174
7834504546215,656132844834
7834537839215,656169676168
7834571130915,656204923142
7834604415115,656239329772
7834637703915,656271974571
7834671000115,656303133243
7834704284815,656333730197
7834737571515,656370221275
7834770868815,656406767587
7834804150515,656440408881
7834837474615,656467128438
7834870732915,656488879626
7834904019015,656515825728
7834937309715,656546432081
7834970598915,656574039976
7835003887115,656597613762
7835037177415,656625125964
7835070467915,656652880846
7835103755815,656680368105
7835137045915,656707683027
7835170334215,656728417626
7835203624315,656750913232
7835236913915,656771128473
7835270202015,656796849858
7835303497515,656819363035
7835336782515,656848887758
7835370070415,656876992546
7835403367115,656905945850
7835436650415,656937769639
7835469938815,656967953710
7835503235015,656997403001
7835536523615,657026852209
7835569807915,657055935122
7835603103415,657085733831
7835636385215,657115491141
7835669676015,657147151142
7835702992915,657182050185
7835736253415,657215353817
7835769544315,657249197973
7835802870515,657279974615
7835836121415,657312586487
7835869411415,657346401278
7835902701515,657379768067
7835935990115,657412147147
7835969280415,657447195924
7836002569015,657482613691
7836035864115,657517877993
7836069147715,657554882729
7836102437015,657591843558
7836135732915,657626905533
7836169017615,657661797724
7836202304615,657702417527
7836235601615,657739093282
7836268887315,657771354217
7836302174615,657800931216
7836335469515,657832088327
7836368751915,657864082754
7836402043215,657900578379
7836435330515,657935085449
7836468620215,657971955469
7836501910115,658001090332
7836535199515,658040183330
7836568488015,658066971877
7836601778215,658101595959
7836635068215,658126714167
7836668357515,658162814314
7836701646715,658198052309
7836734934615,658235057267
7836768230515,658270100610
7836801513515,658303033209
7836834803215,658337701979
7836868099315,658372178015
7836901383015,658406548613
7836934671215,658441310912
7836967967315,658476028706
7837001251715,658511505421
7837034539015,658546364748
7837067836115,658581333480
7837101118115,658614756228
7837134438215,658640808781
7837167696915,658673167784
7837200985615,658704331962
7837234276815,658739734356
7837267566015,658771284268
7837300854415,658802619180
7837334144715,658842269014
7837367435315,658876872985
7837400722715,658910632840
7837434013015,658945375416
7837467301415,658976756308
7837500595115,659009128505
7837533881215,659040787466
7837567169515,659073924638
7837600466015,659106251429
7837633750515,659131691614
7837667037315,659163500377
7837700334115,659198509127
7837733618615,659231943388
7837766905615,659265067142
7837800202415,659300554414
7837833496015,659330468579
7837866774715,659364930029
7837900064515,659397585687
7837933352615,659430578385
7837966646015,659462944984
7837999932015,659495248905
7838033220215,659525994485
7838066511215,659557320152
7838099800415,659588272858
7838133088715,659619195053
7838166378815,659649020031
7838199669015,659678706897
7838232962815,659708097241
7838266247415,659738090748
7838299535815,659767359661
7838332832415,659799104166
7838366114315,659828772653
7838399404115,659859134398
7838432700515,659888938254
7838466003715,659919169179
7838499271915,659949224795
7838532568615,659976136471
7838565852015,660002831936
7838599141115,660020864738
7838632431415,660033684789
7838665719215,660048603433
7838699010015,660061514485
7838732297615,660072083003
7838765587515,660084768653
7838798877415,660098657353
7838832166415,660104801130
7838865455115,660111517675
7838898745515,660121670516
7838932035415,660138611761
7838965329915,660159404339
7838998613415,660183953412
7839031901715,660206073082
7839065199315,660223731361
7839098481115,660241851862
7839131769915,660259571802
7839165066615,660280028499
7839198350315,660300343088
7839231638415,660321818352
7839264934615,660343714853
7839298218615,660365437829
7839331511515,660387108529
7839364797215,660410247049
7839398085315,660430847674
7839431375815,660453756125
7839464664415,660476154841
7839497955515,660500184126
7839531244115,660524349187
7839564533515,660548777538
7839597821815,660573747601
7839631112015,660598625594
7839664402215,660624017049
7839697694915,660650726401
7839730979815,660676832403
7839764268515,660707506551
7839797588115,660734629585
7839830847215,660766134092
7839864151715,660796034090
7839897432815,660826508200
7839930717415,660857064932
7839964004815,660890437860
7839997301215,660922756301
7840030584915,660954953616
7840063873015,660986700296
7840097163415,661020823426
7840130467515,661052671466
7840163741715,661083787459
7840197031615,661119867352
7840230319615,661152082055
7840263612015,661182763773
7840296900915,661215532735
7840330188015,661248978372
7840363478615,661283560726
7840396768515,661320756403
7840430059415,661357324021
7840463345915,661393840244
7840496635015,661425821790
7840529930615,661462959389
7840563214715,661499673937
7840596502815,661537291511
7840629799815,661572813768
7840663094515,661608168969
7840696371115,661648754465
7840729667915,661678349540
7840762951915,661716634835
7840796239215,661751124303
7840829529715,661786067853
7840862834715,661821543551
7840896108315,661858962914
7840929398215,661896236656
7840962686315,661928367261
7840995976715,661967557331
7841029265215,662005153176
7841062554515,662041978969
7841095844615,662082576767
7841129164615,662122453288
7841162425315,662155064841
7841195713215,662194678405
7841229002315,662230504410
7841262297715,662271635964
7841295580615,662301424888
7841328869415,662331974434
7841362166915,662368684559
7841395449615,662405772374
7841428737515,662442673942
7841462034315,662473611334
7841495317215,662503573839
7841528605215,662540084028
7841561895915,662574850453
7841595185815,662600991385
7841628475815,662634116189
7841661764115,662673033858
7841695052415,662708686161
7841728343815,662742719588
7841761646215,662773058856
7841794921015,662801265620
7841828211215,662831778937
7841861501815,662866839933
7841894792115,662901602473
7841928078715,662942009484
7841961369815,662977026081
7841994683315,663009196488
7842027947315,663043297824
7842061235615,663083062626
7842094532715,663116040180
7842127814115,663149721421
7842161103815,663185668508
7842194400815,663220302805
7842227683715,663262058479
7842260972015,663297478380
7842294262215,663331437537
7842327552715,663365839112
7842360839715,663395053677
7842394130715,663429331972
7842427419115,663465869569
7842460758715,663499597595
7842493997615,663526932101
7842527286815,663566696307
7842560577015,663600518415
7842593867415,663640904911
7842627158415,663680971577
7842660445015,663724232020
7842693736015,663770678920
7842727029615,663815752653
7842760313615,663854397731
7842793602015,663892692855
7842826898015,663933326152
7842860181815,663967574193
7842893470315,664003060951
7842926767015,664038916626
7842960050615,664079203108
7842993338415,664117144751
7843026628715,664157785980
7843059918915,664197849355
7843093206215,664237648180
7843126497015,664268798038
7843159806215,664302207885
7843193075415,664345099543
7843226364715,664385537732
7843259653415,664424598115
7843292944015,664462693967
7843326261015,664497443838
7843359524315,664535131609
7843392811515,664573189494
7843426114315,664606531460
7843459395215,664639742101
7843492680315,664684333633
7843525969515,664722114001
7843559265715,664758123594
7843592548615,664791269149
7843625836415,664825146106
7843659133815,664853972537
7843692415215,664888148008
7843725704715,664925663756
7843758995115,664957527181
7843792286015,664995570204
7843825573215,665032284513
7843858863515,665073210779
7843892153315,665108994355
7843925441815,665144960571
7843958731115,665184031722
7843992019915,665214827204
7844025311515,665252024380
7844058598615,665287160594
7844091890915,665316731094
7844125177715,665358017042
7844158467415,665391501890
7844191761515,665424694371
7844225046315,665459562488
7844258336115,665494133638
7844291632615,665527978204
7844324914315,665561666944
7844358202915,665595182341
7844391500915,665628576475
7844424785315,665660561666
7844458071515,665689656571
7844491361515,665719815812
7844524651015,665753628326
7844557939015,665795378244
7844591229615,665830749522
7844624520115,665866427601
7844657829915,665901227166
7844691097515,665935852484
7844724386415,665970549205
7844757694315,666005826127
7844790964715,666043587463
7844824257315,666081298006
7844857544215,666121006224
7844890833815,666159318019
7844924127815,666200158711
7844957412715,666237103836
7844990702815,666276456400
7845023996215,666313401620
7845057280715,666350108954
7845090569415,666378249424
7845123899615,666412349328
7845157147815,666451386332
7845190437615,666488945345
7845223727615,666526279672
7845257018215,666565350000
7845290305515,666604876630
7845323596115,666638403842
7845356886315,666671421737
7845390173415,666710580843
7845423464215,666753654155
7845456778815,666792212529
7845490042815,666827701169
7845523332315,666863289914
7845556622915,666900467323
7845589910715,666941853509
7845623200615,666973895878
7845656494515,667009303513
7845689779015,667044225644
7845723068615,667078156378
7845756362215,667115889870
7845789647715,667149530323
7845822937315,667189303953
7845856232915,667225584584
7845889515815,667256368229
7845922803815,667295615779
7845956094315,667332162191
7845989404615,667363481794
7846022671915,667403567384
7846055962515,667440113603
7846089281715,667474449905
7846122540215,667512374562
7846155830515,667543989631
7846189146215,667580837684
7846222408615,667610107107
7846255699215,667640240203
7846288989515,667673949850
7846322296115,667703483818
7846355565715,667742365645
7846388861015,667774433558
7846422145815,667810146923
7846455474315,667846221936
7846488729015,667884372446
7846522013715,667914747768
7846555303515,667954809982
7846588603415,667989105333
7846621881715,668026543479
7846655170115,668063455518
7846688461415,668099784678
7846721748915,668132484792
7846755039115,668169558567
7846788328815,668205025524
7846821617815,668241216528
7846854906715,668275155481
7846888196715,668312990958
7846921486615,668350355962
7846954775815,668382462838
7846988065115,668419487884
7847021355415,668451191195
7847054644715,668488519359
7847087932215,668526055883
7847121227215,668565502048
7847154511815,668596314065
7847187801515,668627906664
7847221095615,668665552140
7847254380215,668708572112
7847287670715,668745607310
7847320987015,668780351165
7847354248915,668808969194
7847387536615,668848989509
7847420856215,668884894324
7847454115615,668919716023
7847487405015,668953533136
7847520695115,668984419818
7847553985815,669025569988
7847587272715,669063756080
7847620565315,669096275327
7847653852515,669129857150
7847687141615,669163692880
7847720431015,669196469233
7847753751815,669235183625
7847787010215,669276489385
7847820298615,669310770897
7847853594615,669349283769
7847886878715,669385965150
7847920168315,669424220915
7847953463615,669464617279
7847986746815,669501046029
7848020037015,669537235523
7848053329815,669567369526
7848086614615,669604167582
7848119903215,669638398677
7848153192915,669671050254
7848186483115,669702108517
7848219786815,669731505497
7848253061115,669773132461
7848286352515,669806490079
7848319639415,669839131984
7848352929715,669873347218
7848386219215,669907759173
7848419507515,669936518141
7848452797315,669966994309
7848486117315,670007319100
7848519376315,670043058794
7848552665815,670082147038
7848585960215,670115602487
7848619245015,670149275795
7848652533215,670184305531
7848685828315,670219977353
7848719112815,670265202957
7848752434815,670299923532
7848785696315,670334449890
7848818981115,670374153116
7848852270415,670416519031
7848885559515,670446954577
7848918849115,670479489468
7848952137315,670510499812
7848985429115,670548400137
7849018715915,670581411584
7849052005915,670623193845
7849085296415,670664912159
7849118585515,670707111622
7849151873515,670747916992
7849185163615,670787071854
7849218455415,670829159211
7849251744015,670870751749
7849285032515,670911503090
7849318326315,670950954779
7849351611815,670988702686
7849384899215,671018208466
7849418194415,671057297160
7849451479215,671096486012
7849484769815,671128134845
7849518063315,671171411723
7849551347515,671208733560
7849584638115,671248350625
7849617931215,671285308127
7849651215715,671319117043
