W20250111 18:53:15.198024 10883 ImuError.cpp:650] gyr saturation
W20250111 18:53:15.198029 10883 ImuError.cpp:650] gyr saturation
W20250111 18:53:15.198033 10883 ImuError.cpp:650] gyr saturation
W20250111 18:53:15.198037 10883 ImuError.cpp:650] gyr saturation
W20250111 18:53:15.198041 10883 ImuError.cpp:650] gyr saturation
W20250111 18:53:15.198045 10883 ImuError.cpp:650] gyr saturation
W20250111 18:53:15.198050 10883 ImuError.cpp:650] gyr saturation
W20250111 18:53:15.198053 10883 ImuError.cpp:650] gyr saturation
W20250111 18:53:15.198057 10883 ImuError.cpp:650] gyr saturation
W20250111 18:53:15.198062 10883 ImuError.cpp:650] gyr saturation
W20250111 18:53:15.198066 10883 ImuError.cpp:650] gyr saturation
W20250111 18:53:15.198071 10883 ImuError.cpp:650] gyr saturation
W20250111 18:53:15.198074 10883 ImuError.cpp:650] gyr saturation
W20250111 18:53:15.198078 10883 ImuError.cpp:650] gyr saturation
W20250111 18:53:15.198082 10883 ImuError.cpp:650] gyr saturation
W20250111 18:53:15.198086 10883 ImuError.cpp:650] gyr saturation
W20250111 18:53:15.198089 10883 ImuError.cpp:650] gyr saturation
W20250111 18:53:15.198093 10883 ImuError.cpp:650] gyr saturation
W20250111 18:53:15.198097 10883 ImuError.cpp:650] gyr saturation
W20250111 18:53:15.198101 10883 ImuError.cpp:650] gyr saturation
W20250111 18:53:15.198105 10883 ImuError.cpp:650] gyr saturation
W20250111 18:53:15.198109 10883 ImuError.cpp:650] gyr saturation
W20250111 18:53:15.198113 10883 ImuError.cpp:650] gyr saturation
W20250111 18:53:15.234675 10883 ImuError.cpp:650] gyr saturation
W20250111 18:53:15.234705 10883 ImuError.cpp:650] gyr saturation
W20250111 18:53:15.234709 10883 ImuError.cpp:650] gyr saturation
W20250111 18:53:15.234712 10883 ImuError.cpp:650] gyr saturation
W20250111 18:53:15.234714 10883 ImuError.cpp:650] gyr saturation
W20250111 18:53:15.234720 10883 ImuError.cpp:650] gyr saturation
W20250111 18:53:15.234723 10883 ImuError.cpp:650] gyr saturation
W20250111 18:53:15.234726 10883 ImuError.cpp:650] gyr saturation
W20250111 18:53:15.234730 10883 ImuError.cpp:650] gyr saturation
W20250111 18:53:15.234735 10883 ImuError.cpp:650] gyr saturation
W20250111 18:53:15.234741 10883 ImuError.cpp:650] gyr saturation
W20250111 18:53:15.234745 10883 ImuError.cpp:650] gyr saturation
W20250111 18:53:15.234748 10883 ImuError.cpp:650] gyr saturation
W20250111 18:53:15.234759 10883 ImuError.cpp:650] gyr saturation
W20250111 18:53:15.234764 10883 ImuError.cpp:650] gyr saturation
W20250111 18:53:15.234769 10883 ImuError.cpp:650] gyr saturation
W20250111 18:53:15.234772 10883 ImuError.cpp:650] gyr saturation
W20250111 18:53:15.234776 10883 ImuError.cpp:650] gyr saturation
W20250111 18:53:15.234787 10883 ImuError.cpp:650] gyr saturation
W20250111 18:53:15.234795 10883 ImuError.cpp:650] gyr saturation
W20250111 18:53:15.234800 10883 ImuError.cpp:650] gyr saturation
W20250111 18:53:15.234804 10883 ImuError.cpp:650] gyr saturation
W20250111 18:53:15.234808 10883 ImuError.cpp:650] gyr saturation
W20250111 18:53:15.234813 10883 ImuError.cpp:650] gyr saturation
W20250111 18:53:15.234817 10883 ImuError.cpp:650] gyr saturation
W20250111 18:53:15.234822 10883 ImuError.cpp:650] gyr saturation
W20250111 18:53:15.234830 10883 ImuError.cpp:650] gyr saturation
W20250111 18:53:15.234833 10883 ImuError.cpp:650] gyr saturation
W20250111 18:53:15.234838 10883 ImuError.cpp:650] gyr saturation
W20250111 18:53:15.234840 10883 ImuError.cpp:650] gyr saturation
W20250111 18:53:15.234844 10883 ImuError.cpp:650] gyr saturation
W20250111 18:53:15.234848 10883 ImuError.cpp:650] gyr saturation
W20250111 18:53:15.234851 10883 ImuError.cpp:650] gyr saturation
W20250111 18:53:15.234854 10883 ImuError.cpp:650] gyr saturation
W20250111 18:53:15.234982 10883 ImuError.cpp:650] gyr saturation
W20250111 18:53:15.234988 10883 ImuError.cpp:650] gyr saturation
W20250111 18:53:15.234992 10883 ImuError.cpp:650] gyr saturation
W20250111 18:53:15.234995 10883 ImuError.cpp:650] gyr saturation
W20250111 18:53:15.234999 10883 ImuError.cpp:650] gyr saturation
W20250111 18:53:15.235002 10883 ImuError.cpp:650] gyr saturation
W20250111 18:53:15.235005 10883 ImuError.cpp:650] gyr saturation
W20250111 18:53:15.235009 10883 ImuError.cpp:650] gyr saturation
W20250111 18:53:15.235013 10883 ImuError.cpp:650] gyr saturation
W20250111 18:53:15.235016 10883 ImuError.cpp:650] gyr saturation
W20250111 18:53:15.235019 10883 ImuError.cpp:650] gyr saturation
W20250111 18:53:15.235023 10883 ImuError.cpp:650] gyr saturation
W20250111 18:53:15.235026 10883 ImuError.cpp:650] gyr saturation
W20250111 18:53:15.235030 10883 ImuError.cpp:650] gyr saturation
W20250111 18:53:15.235033 10883 ImuError.cpp:650] gyr saturation
W20250111 18:53:15.235037 10883 ImuError.cpp:650] gyr saturation
W20250111 18:53:15.235040 10883 ImuError.cpp:650] gyr saturation
W20250111 18:53:15.235044 10883 ImuError.cpp:650] gyr saturation
W20250111 18:53:15.235047 10883 ImuError.cpp:650] gyr saturation
W20250111 18:53:15.235051 10883 ImuError.cpp:650] gyr saturation
W20250111 18:53:15.235054 10883 ImuError.cpp:650] gyr saturation
W20250111 18:53:15.235059 10883 ImuError.cpp:650] gyr saturation
W20250111 18:53:15.235061 10883 ImuError.cpp:650] gyr saturation
W20250111 18:53:15.235064 10883 ImuError.cpp:650] gyr saturation
W20250111 18:53:15.235069 10883 ImuError.cpp:650] gyr saturation
W20250111 18:53:15.235071 10883 ImuError.cpp:650] gyr saturation
W20250111 18:53:15.235075 10883 ImuError.cpp:650] gyr saturation
W20250111 18:53:15.235078 10883 ImuError.cpp:650] gyr saturation
W20250111 18:53:15.235081 10883 ImuError.cpp:650] gyr saturation
W20250111 18:53:15.235085 10883 ImuError.cpp:650] gyr saturation
W20250111 18:53:15.235090 10883 ImuError.cpp:650] gyr saturation
W20250111 18:53:15.235092 10883 ImuError.cpp:650] gyr saturation
W20250111 18:53:15.235096 10883 ImuError.cpp:650] gyr saturation
W20250111 18:53:15.235100 10883 ImuError.cpp:650] gyr saturation
W20250111 18:53:15.236804 10883 ImuError.cpp:368] gyr saturation
W20250111 18:53:15.236837 10883 ImuError.cpp:368] gyr saturation
W20250111 18:53:15.236847 10883 ImuError.cpp:368] gyr saturation
W20250111 18:53:15.236856 10883 ImuError.cpp:368] gyr saturation
W20250111 18:53:15.236865 10883 ImuError.cpp:368] gyr saturation
W20250111 18:53:15.236874 10883 ImuError.cpp:368] gyr saturation
W20250111 18:53:15.236883 10883 ImuError.cpp:368] gyr saturation
W20250111 18:53:15.236891 10883 ImuError.cpp:368] gyr saturation
W20250111 18:53:15.236903 10883 ImuError.cpp:368] gyr saturation
W20250111 18:53:15.236912 10883 ImuError.cpp:368] gyr saturation
W20250111 18:53:15.236922 10883 ImuError.cpp:368] gyr saturation
W20250111 18:53:15.236932 10883 ImuError.cpp:368] gyr saturation
W20250111 18:53:15.236939 10883 ImuError.cpp:368] gyr saturation
W20250111 18:53:15.236948 10883 ImuError.cpp:368] gyr saturation
W20250111 18:53:15.236960 10883 ImuError.cpp:368] gyr saturation
W20250111 18:53:15.236969 10883 ImuError.cpp:368] gyr saturation
W20250111 18:53:15.236979 10883 ImuError.cpp:368] gyr saturation
W20250111 18:53:15.236986 10883 ImuError.cpp:368] gyr saturation
W20250111 18:53:15.236994 10883 ImuError.cpp:368] gyr saturation
W20250111 18:53:15.237003 10883 ImuError.cpp:368] gyr saturation
W20250111 18:53:15.237011 10883 ImuError.cpp:368] gyr saturation
W20250111 18:53:15.237020 10883 ImuError.cpp:368] gyr saturation
W20250111 18:53:15.237030 10883 ImuError.cpp:368] gyr saturation
W20250111 18:53:15.237037 10883 ImuError.cpp:368] gyr saturation
W20250111 18:53:15.237046 10883 ImuError.cpp:368] gyr saturation
W20250111 18:53:15.237054 10883 ImuError.cpp:368] gyr saturation
W20250111 18:53:15.237063 10883 ImuError.cpp:368] gyr saturation
W20250111 18:53:15.237071 10883 ImuError.cpp:368] gyr saturation
W20250111 18:53:15.237080 10883 ImuError.cpp:368] gyr saturation
W20250111 18:53:15.237088 10883 ImuError.cpp:368] gyr saturation
W20250111 18:53:15.237098 10883 ImuError.cpp:368] gyr saturation
W20250111 18:53:15.237107 10883 ImuError.cpp:368] gyr saturation
W20250111 18:53:15.237114 10883 ImuError.cpp:368] gyr saturation
W20250111 18:53:15.237123 10883 ImuError.cpp:368] gyr saturation
W20250111 18:53:15.238605 10883 Frontend.cpp:612] 3d2d tracking weak: quality=0. Number of 3d2d-matches: 4
W20250111 18:53:15.240195 10883 ImuError.cpp:650] gyr saturation
W20250111 18:53:15.240209 10883 ImuError.cpp:650] gyr saturation
W20250111 18:53:15.240213 10883 ImuError.cpp:650] gyr saturation
W20250111 18:53:15.240216 10883 ImuError.cpp:650] gyr saturation
W20250111 18:53:15.240219 10883 ImuError.cpp:650] gyr saturation
W20250111 18:53:15.240223 10883 ImuError.cpp:650] gyr saturation
W20250111 18:53:15.240226 10883 ImuError.cpp:650] gyr saturation
W20250111 18:53:15.240231 10883 ImuError.cpp:650] gyr saturation
W20250111 18:53:15.240234 10883 ImuError.cpp:650] gyr saturation
W20250111 18:53:15.240238 10883 ImuError.cpp:650] gyr saturation
W20250111 18:53:15.240243 10883 ImuError.cpp:650] gyr saturation
W20250111 18:53:15.240247 10883 ImuError.cpp:650] gyr saturation
W20250111 18:53:15.240249 10883 ImuError.cpp:650] gyr saturation
W20250111 18:53:15.240254 10883 ImuError.cpp:650] gyr saturation
W20250111 18:53:15.240258 10883 ImuError.cpp:650] gyr saturation
W20250111 18:53:15.240262 10883 ImuError.cpp:650] gyr saturation
W20250111 18:53:15.240267 10883 ImuError.cpp:650] gyr saturation
W20250111 18:53:15.240271 10883 ImuError.cpp:650] gyr saturation
W20250111 18:53:15.240275 10883 ImuError.cpp:650] gyr saturation
W20250111 18:53:15.240279 10883 ImuError.cpp:650] gyr saturation
W20250111 18:53:15.240283 10883 ImuError.cpp:650] gyr saturation
W20250111 18:53:15.240288 10883 ImuError.cpp:650] gyr saturation
W20250111 18:53:15.240291 10883 ImuError.cpp:650] gyr saturation
W20250111 18:53:15.240295 10883 ImuError.cpp:650] gyr saturation
W20250111 18:53:15.240300 10883 ImuError.cpp:650] gyr saturation
W20250111 18:53:15.240304 10883 ImuError.cpp:650] gyr saturation
W20250111 18:53:15.240309 10883 ImuError.cpp:650] gyr saturation
W20250111 18:53:15.240311 10883 ImuError.cpp:650] gyr saturation
W20250111 18:53:15.240315 10883 ImuError.cpp:650] gyr saturation
W20250111 18:53:15.240322 10883 ImuError.cpp:650] gyr saturation
W20250111 18:53:15.240327 10883 ImuError.cpp:650] gyr saturation
W20250111 18:53:15.240331 10883 ImuError.cpp:650] gyr saturation
W20250111 18:53:15.240336 10883 ImuError.cpp:650] gyr saturation
W20250111 18:53:15.240340 10883 ImuError.cpp:650] gyr saturation
W20250111 18:53:15.240343 10883 ImuError.cpp:650] gyr saturation
W20250111 18:53:15.240348 10883 ImuError.cpp:650] gyr saturation
W20250111 18:53:15.240356 10883 ImuError.cpp:650] gyr saturation
W20250111 18:53:15.240360 10883 ImuError.cpp:650] gyr saturation
W20250111 18:53:15.240365 10883 ImuError.cpp:650] gyr saturation
W20250111 18:53:15.240368 10883 ImuError.cpp:650] gyr saturation
W20250111 18:53:15.240372 10883 ImuError.cpp:650] gyr saturation
W20250111 18:53:15.240381 10883 ImuError.cpp:650] gyr saturation
W20250111 18:53:15.240386 10883 ImuError.cpp:650] gyr saturation
W20250111 18:53:15.240389 10883 ImuError.cpp:650] gyr saturation
W20250111 18:53:15.240393 10883 ImuError.cpp:650] gyr saturation
W20250111 18:53:15.240397 10883 ImuError.cpp:650] gyr saturation
W20250111 18:53:15.240402 10883 ImuError.cpp:650] gyr saturation
W20250111 18:53:15.240407 10883 ImuError.cpp:650] gyr saturation
W20250111 18:53:15.240411 10883 ImuError.cpp:650] gyr saturation
W20250111 18:53:15.240414 10883 ImuError.cpp:650] gyr saturation
W20250111 18:53:15.240418 10883 ImuError.cpp:650] gyr saturation
W20250111 18:53:15.240422 10883 ImuError.cpp:650] gyr saturation
W20250111 18:53:15.240427 10883 ImuError.cpp:650] gyr saturation
W20250111 18:53:15.240432 10883 ImuError.cpp:650] gyr saturation
W20250111 18:53:15.240435 10883 ImuError.cpp:650] gyr saturation
W20250111 18:53:15.240440 10883 ImuError.cpp:650] gyr saturation
W20250111 18:53:15.240445 10883 ImuError.cpp:650] gyr saturation
W20250111 18:53:15.240448 10883 ImuError.cpp:650] gyr saturation
W20250111 18:53:15.240453 10883 ImuError.cpp:650] gyr saturation
W20250111 18:53:15.240460 10883 ImuError.cpp:650] gyr saturation
W20250111 18:53:15.240465 10883 ImuError.cpp:650] gyr saturation
W20250111 18:53:15.240469 10883 ImuError.cpp:650] gyr saturation
W20250111 18:53:15.240478 10883 ImuError.cpp:650] gyr saturation
W20250111 18:53:15.240483 10883 ImuError.cpp:650] gyr saturation
W20250111 18:53:15.240487 10883 ImuError.cpp:650] gyr saturation
W20250111 18:53:15.240491 10883 ImuError.cpp:650] gyr saturation
W20250111 18:53:15.240496 10883 ImuError.cpp:650] gyr saturation
W20250111 18:53:15.258793 208745 ViSlamBackend.cpp:466] TRACKING FAILURE: quality=0
W20250111 18:53:15.260295 10883 ImuError.cpp:650] gyr saturation
W20250111 18:53:15.260325 10883 ImuError.cpp:650] gyr saturation
W20250111 18:53:15.260329 10883 ImuError.cpp:650] gyr saturation
W20250111 18:53:15.260334 10883 ImuError.cpp:650] gyr saturation
W20250111 18:53:15.260337 10883 ImuError.cpp:650] gyr saturation
W20250111 18:53:15.260346 10883 ImuError.cpp:650] gyr saturation
W20250111 18:53:15.260351 10883 ImuError.cpp:650] gyr saturation
W20250111 18:53:15.260354 10883 ImuError.cpp:650] gyr saturation
W20250111 18:53:15.260358 10883 ImuError.cpp:650] gyr saturation
W20250111 18:53:15.260362 10883 ImuError.cpp:650] gyr saturation
W20250111 18:53:15.260367 10883 ImuError.cpp:650] gyr saturation
W20250111 18:53:15.260370 10883 ImuError.cpp:650] gyr saturation
W20250111 18:53:15.260375 10883 ImuError.cpp:650] gyr saturation
W20250111 18:53:15.260380 10883 ImuError.cpp:650] gyr saturation
W20250111 18:53:15.260383 10883 ImuError.cpp:650] gyr saturation
W20250111 18:53:15.260387 10883 ImuError.cpp:650] gyr saturation
W20250111 18:53:15.260391 10883 ImuError.cpp:650] gyr saturation
W20250111 18:53:15.260394 10883 ImuError.cpp:650] gyr saturation
W20250111 18:53:15.260401 10883 ImuError.cpp:650] gyr saturation
W20250111 18:53:15.260404 10883 ImuError.cpp:650] gyr saturation
W20250111 18:53:15.260408 10883 ImuError.cpp:650] gyr saturation
W20250111 18:53:15.260412 10883 ImuError.cpp:650] gyr saturation
W20250111 18:53:15.260416 10883 ImuError.cpp:650] gyr saturation
W20250111 18:53:15.260421 10883 ImuError.cpp:650] gyr saturation
W20250111 18:53:15.260423 10883 ImuError.cpp:650] gyr saturation
W20250111 18:53:15.260427 10883 ImuError.cpp:650] gyr saturation
W20250111 18:53:15.260433 10883 ImuError.cpp:650] gyr saturation
W20250111 18:53:15.260437 10883 ImuError.cpp:650] gyr saturation
W20250111 18:53:15.260440 10883 ImuError.cpp:650] gyr saturation
W20250111 18:53:15.260444 10883 ImuError.cpp:650] gyr saturation
W20250111 18:53:15.260452 10883 ImuError.cpp:650] gyr saturation
W20250111 18:53:15.260457 10883 ImuError.cpp:650] gyr saturation
W20250111 18:53:15.260460 10883 ImuError.cpp:650] gyr saturation
W20250111 18:53:15.260464 10883 ImuError.cpp:650] gyr saturation
W20250111 18:53:15.260576 10883 ImuError.cpp:650] gyr saturation
W20250111 18:53:15.260581 10883 ImuError.cpp:650] gyr saturation
W20250111 18:53:15.260589 10883 ImuError.cpp:650] gyr saturation
W20250111 18:53:15.260594 10883 ImuError.cpp:650] gyr saturation
W20250111 18:53:15.260597 10883 ImuError.cpp:650] gyr saturation
W20250111 18:53:15.260601 10883 ImuError.cpp:650] gyr saturation
W20250111 18:53:15.260605 10883 ImuError.cpp:650] gyr saturation
W20250111 18:53:15.260610 10883 ImuError.cpp:650] gyr saturation
W20250111 18:53:15.260613 10883 ImuError.cpp:650] gyr saturation
W20250111 18:53:15.260617 10883 ImuError.cpp:650] gyr saturation
W20250111 18:53:15.260622 10883 ImuError.cpp:650] gyr saturation
W20250111 18:53:15.260625 10883 ImuError.cpp:650] gyr saturation
W20250111 18:53:15.260630 10883 ImuError.cpp:650] gyr saturation
W20250111 18:53:15.260633 10883 ImuError.cpp:650] gyr saturation
W20250111 18:53:15.260638 10883 ImuError.cpp:650] gyr saturation
W20250111 18:53:15.260641 10883 ImuError.cpp:650] gyr saturation
W20250111 18:53:15.260645 10883 ImuError.cpp:650] gyr saturation
W20250111 18:53:15.260649 10883 ImuError.cpp:650] gyr saturation
W20250111 18:53:15.260653 10883 ImuError.cpp:650] gyr saturation
W20250111 18:53:15.260658 10883 ImuError.cpp:650] gyr saturation
W20250111 18:53:15.260660 10883 ImuError.cpp:650] gyr saturation
W20250111 18:53:15.260664 10883 ImuError.cpp:650] gyr saturation
W20250111 18:53:15.260668 10883 ImuError.cpp:650] gyr saturation
W20250111 18:53:15.260671 10883 ImuError.cpp:650] gyr saturation
W20250111 18:53:15.260675 10883 ImuError.cpp:650] gyr saturation
W20250111 18:53:15.260679 10883 ImuError.cpp:650] gyr saturation
W20250111 18:53:15.260682 10883 ImuError.cpp:650] gyr saturation
W20250111 18:53:15.260686 10883 ImuError.cpp:650] gyr saturation
W20250111 18:53:15.260691 10883 ImuError.cpp:650] gyr saturation
W20250111 18:53:15.260694 10883 ImuError.cpp:650] gyr saturation
W20250111 18:53:15.260699 10883 ImuError.cpp:650] gyr saturation
W20250111 18:53:15.260701 10883 ImuError.cpp:650] gyr saturation
W20250111 18:53:15.260705 10883 ImuError.cpp:650] gyr saturation
W20250111 18:53:15.260708 10883 ImuError.cpp:650] gyr saturation
W20250111 18:53:15.261293 10883 Frontend.cpp:615] 3d2d tracking lost. Number of 3d2d-matches: 0
W20250111 18:53:15.263036 10883 ImuError.cpp:650] gyr saturation
W20250111 18:53:15.263098 10883 ImuError.cpp:650] gyr saturation
W20250111 18:53:15.263108 10883 ImuError.cpp:650] gyr saturation
W20250111 18:53:15.263114 10883 ImuError.cpp:650] gyr saturation
W20250111 18:53:15.263121 10883 ImuError.cpp:650] gyr saturation
W20250111 18:53:15.263129 10883 ImuError.cpp:650] gyr saturation
W20250111 18:53:15.263136 10883 ImuError.cpp:650] gyr saturation
W20250111 18:53:15.263141 10883 ImuError.cpp:650] gyr saturation
W20250111 18:53:15.263146 10883 ImuError.cpp:650] gyr saturation
W20250111 18:53:15.263151 10883 ImuError.cpp:650] gyr saturation
W20250111 18:53:15.263157 10883 ImuError.cpp:650] gyr saturation
W20250111 18:53:15.263162 10883 ImuError.cpp:650] gyr saturation
W20250111 18:53:15.263168 10883 ImuError.cpp:650] gyr saturation
W20250111 18:53:15.263173 10883 ImuError.cpp:650] gyr saturation
W20250111 18:53:15.263180 10883 ImuError.cpp:650] gyr saturation
W20250111 18:53:15.263185 10883 ImuError.cpp:650] gyr saturation
W20250111 18:53:15.263190 10883 ImuError.cpp:650] gyr saturation
W20250111 18:53:15.263195 10883 ImuError.cpp:650] gyr saturation
W20250111 18:53:15.263199 10883 ImuError.cpp:650] gyr saturation
W20250111 18:53:15.263206 10883 ImuError.cpp:650] gyr saturation
W20250111 18:53:15.263211 10883 ImuError.cpp:650] gyr saturation
W20250111 18:53:15.263216 10883 ImuError.cpp:650] gyr saturation
W20250111 18:53:15.263221 10883 ImuError.cpp:650] gyr saturation
W20250111 18:53:15.263227 10883 ImuError.cpp:650] gyr saturation
W20250111 18:53:15.263242 10883 ImuError.cpp:650] gyr saturation
W20250111 18:53:15.263247 10883 ImuError.cpp:650] gyr saturation
W20250111 18:53:15.263253 10883 ImuError.cpp:650] gyr saturation
W20250111 18:53:15.263259 10883 ImuError.cpp:650] gyr saturation
W20250111 18:53:15.263264 10883 ImuError.cpp:650] gyr saturation
W20250111 18:53:15.263276 10883 ImuError.cpp:650] gyr saturation
W20250111 18:53:15.263283 10883 ImuError.cpp:650] gyr saturation
W20250111 18:53:15.263288 10883 ImuError.cpp:650] gyr saturation
W20250111 18:53:15.263293 10883 ImuError.cpp:650] gyr saturation
W20250111 18:53:15.263299 10883 ImuError.cpp:650] gyr saturation
W20250111 18:53:15.263304 10883 ImuError.cpp:650] gyr saturation
W20250111 18:53:15.263310 10883 ImuError.cpp:650] gyr saturation
W20250111 18:53:15.263315 10883 ImuError.cpp:650] gyr saturation
W20250111 18:53:15.263320 10883 ImuError.cpp:650] gyr saturation
W20250111 18:53:15.263326 10883 ImuError.cpp:650] gyr saturation
W20250111 18:53:15.263331 10883 ImuError.cpp:650] gyr saturation
W20250111 18:53:15.263337 10883 ImuError.cpp:650] gyr saturation
W20250111 18:53:15.263342 10883 ImuError.cpp:650] gyr saturation
W20250111 18:53:15.263348 10883 ImuError.cpp:650] gyr saturation
W20250111 18:53:15.263353 10883 ImuError.cpp:650] gyr saturation
W20250111 18:53:15.263360 10883 ImuError.cpp:650] gyr saturation
W20250111 18:53:15.263365 10883 ImuError.cpp:650] gyr saturation
W20250111 18:53:15.263370 10883 ImuError.cpp:650] gyr saturation
W20250111 18:53:15.263375 10883 ImuError.cpp:650] gyr saturation
W20250111 18:53:15.263381 10883 ImuError.cpp:650] gyr saturation
W20250111 18:53:15.263386 10883 ImuError.cpp:650] gyr saturation
W20250111 18:53:15.263392 10883 ImuError.cpp:650] gyr saturation
W20250111 18:53:15.263397 10883 ImuError.cpp:650] gyr saturation
W20250111 18:53:15.263402 10883 ImuError.cpp:650] gyr saturation
W20250111 18:53:15.263408 10883 ImuError.cpp:650] gyr saturation
W20250111 18:53:15.263413 10883 ImuError.cpp:650] gyr saturation
W20250111 18:53:15.263418 10883 ImuError.cpp:650] gyr saturation
W20250111 18:53:15.263423 10883 ImuError.cpp:650] gyr saturation
W20250111 18:53:15.263428 10883 ImuError.cpp:650] gyr saturation
W20250111 18:53:15.263433 10883 ImuError.cpp:650] gyr saturation
W20250111 18:53:15.263439 10883 ImuError.cpp:650] gyr saturation
W20250111 18:53:15.263445 10883 ImuError.cpp:650] gyr saturation
W20250111 18:53:15.263450 10883 ImuError.cpp:650] gyr saturation
W20250111 18:53:15.263455 10883 ImuError.cpp:650] gyr saturation
W20250111 18:53:15.263460 10883 ImuError.cpp:650] gyr saturation
W20250111 18:53:15.263466 10883 ImuError.cpp:650] gyr saturation
W20250111 18:53:15.263471 10883 ImuError.cpp:650] gyr saturation
W20250111 18:53:15.263477 10883 ImuError.cpp:650] gyr saturation
W20250111 18:53:15.263482 10883 ImuError.cpp:650] gyr saturation
W20250111 18:53:15.264186 10898 ImuError.cpp:368] gyr saturation
W20250111 18:53:15.264273 10898 ImuError.cpp:368] gyr saturation
W20250111 18:53:15.264288 10898 ImuError.cpp:368] gyr saturation
W20250111 18:53:15.264302 10898 ImuError.cpp:368] gyr saturation
W20250111 18:53:15.264313 10898 ImuError.cpp:368] gyr saturation
W20250111 18:53:15.264325 10898 ImuError.cpp:368] gyr saturation
W20250111 18:53:15.264338 10898 ImuError.cpp:368] gyr saturation
W20250111 18:53:15.264348 10898 ImuError.cpp:368] gyr saturation
W20250111 18:53:15.264359 10898 ImuError.cpp:368] gyr saturation
W20250111 18:53:15.264370 10898 ImuError.cpp:368] gyr saturation
W20250111 18:53:15.264382 10898 ImuError.cpp:368] gyr saturation
W20250111 18:53:15.264394 10898 ImuError.cpp:368] gyr saturation
W20250111 18:53:15.264405 10898 ImuError.cpp:368] gyr saturation
W20250111 18:53:15.264417 10898 ImuError.cpp:368] gyr saturation
W20250111 18:53:15.264428 10898 ImuError.cpp:368] gyr saturation
W20250111 18:53:15.264439 10898 ImuError.cpp:368] gyr saturation
W20250111 18:53:15.264451 10898 ImuError.cpp:368] gyr saturation
W20250111 18:53:15.264461 10898 ImuError.cpp:368] gyr saturation
W20250111 18:53:15.264472 10898 ImuError.cpp:368] gyr saturation
W20250111 18:53:15.264494 10898 ImuError.cpp:368] gyr saturation
W20250111 18:53:15.264506 10898 ImuError.cpp:368] gyr saturation
W20250111 18:53:15.264518 10898 ImuError.cpp:368] gyr saturation
W20250111 18:53:15.264528 10898 ImuError.cpp:368] gyr saturation
W20250111 18:53:15.264540 10898 ImuError.cpp:368] gyr saturation
W20250111 18:53:15.264557 10898 ImuError.cpp:368] gyr saturation
W20250111 18:53:15.264569 10898 ImuError.cpp:368] gyr saturation
W20250111 18:53:15.264580 10898 ImuError.cpp:368] gyr saturation
W20250111 18:53:15.264591 10898 ImuError.cpp:368] gyr saturation
W20250111 18:53:15.264601 10898 ImuError.cpp:368] gyr saturation
W20250111 18:53:15.264612 10898 ImuError.cpp:368] gyr saturation
W20250111 18:53:15.264623 10898 ImuError.cpp:368] gyr saturation
W20250111 18:53:15.264634 10898 ImuError.cpp:368] gyr saturation
W20250111 18:53:15.264644 10898 ImuError.cpp:368] gyr saturation
W20250111 18:53:15.264655 10898 ImuError.cpp:368] gyr saturation
W20250111 18:53:15.297778 208819 ViSlamBackend.cpp:466] TRACKING FAILURE: quality=0
W20250111 18:53:15.298408 10883 ImuError.cpp:650] gyr saturation
W20250111 18:53:15.298463 10883 ImuError.cpp:650] gyr saturation
W20250111 18:53:15.298470 10883 ImuError.cpp:650] gyr saturation
W20250111 18:53:15.298475 10883 ImuError.cpp:650] gyr saturation
W20250111 18:53:15.298480 10883 ImuError.cpp:650] gyr saturation
W20250111 18:53:15.298486 10883 ImuError.cpp:650] gyr saturation
W20250111 18:53:15.298493 10883 ImuError.cpp:650] gyr saturation
W20250111 18:53:15.298499 10883 ImuError.cpp:650] gyr saturation
W20250111 18:53:15.298506 10883 ImuError.cpp:650] gyr saturation
W20250111 18:53:15.298511 10883 ImuError.cpp:650] gyr saturation
W20250111 18:53:15.298517 10883 ImuError.cpp:650] gyr saturation
W20250111 18:53:15.298523 10883 ImuError.cpp:650] gyr saturation
W20250111 18:53:15.298530 10883 ImuError.cpp:650] gyr saturation
W20250111 18:53:15.298535 10883 ImuError.cpp:650] gyr saturation
W20250111 18:53:15.298542 10883 ImuError.cpp:650] gyr saturation
W20250111 18:53:15.298548 10883 ImuError.cpp:650] gyr saturation
W20250111 18:53:15.298554 10883 ImuError.cpp:650] gyr saturation
W20250111 18:53:15.298561 10883 ImuError.cpp:650] gyr saturation
W20250111 18:53:15.298568 10883 ImuError.cpp:650] gyr saturation
W20250111 18:53:15.298574 10883 ImuError.cpp:650] gyr saturation
W20250111 18:53:15.298580 10883 ImuError.cpp:650] gyr saturation
W20250111 18:53:15.298586 10883 ImuError.cpp:650] gyr saturation
W20250111 18:53:15.298592 10883 ImuError.cpp:650] gyr saturation
W20250111 18:53:15.298599 10883 ImuError.cpp:650] gyr saturation
W20250111 18:53:15.298605 10883 ImuError.cpp:650] gyr saturation
W20250111 18:53:15.298611 10883 ImuError.cpp:650] gyr saturation
W20250111 18:53:15.298617 10883 ImuError.cpp:650] gyr saturation
W20250111 18:53:15.298624 10883 ImuError.cpp:650] gyr saturation
W20250111 18:53:15.298629 10883 ImuError.cpp:650] gyr saturation
W20250111 18:53:15.298636 10883 ImuError.cpp:650] gyr saturation
W20250111 18:53:15.298642 10883 ImuError.cpp:650] gyr saturation
W20250111 18:53:15.298650 10883 ImuError.cpp:650] gyr saturation
W20250111 18:53:15.298655 10883 ImuError.cpp:650] gyr saturation
W20250111 18:53:15.298661 10883 ImuError.cpp:650] gyr saturation
W20250111 18:53:15.298667 10883 ImuError.cpp:650] gyr saturation
W20250111 18:53:15.298781 10883 ImuError.cpp:650] gyr saturation
W20250111 18:53:15.298791 10883 ImuError.cpp:650] gyr saturation
W20250111 18:53:15.298799 10883 ImuError.cpp:650] gyr saturation
W20250111 18:53:15.298804 10883 ImuError.cpp:650] gyr saturation
W20250111 18:53:15.298810 10883 ImuError.cpp:650] gyr saturation
W20250111 18:53:15.298816 10883 ImuError.cpp:650] gyr saturation
W20250111 18:53:15.298822 10883 ImuError.cpp:650] gyr saturation
W20250111 18:53:15.298837 10883 ImuError.cpp:650] gyr saturation
W20250111 18:53:15.298844 10883 ImuError.cpp:650] gyr saturation
W20250111 18:53:15.298851 10883 ImuError.cpp:650] gyr saturation
W20250111 18:53:15.298857 10883 ImuError.cpp:650] gyr saturation
W20250111 18:53:15.298864 10883 ImuError.cpp:650] gyr saturation
W20250111 18:53:15.298879 10883 ImuError.cpp:650] gyr saturation
W20250111 18:53:15.298887 10883 ImuError.cpp:650] gyr saturation
W20250111 18:53:15.298892 10883 ImuError.cpp:650] gyr saturation
W20250111 18:53:15.298899 10883 ImuError.cpp:650] gyr saturation
W20250111 18:53:15.298905 10883 ImuError.cpp:650] gyr saturation
W20250111 18:53:15.298916 10883 ImuError.cpp:650] gyr saturation
W20250111 18:53:15.298923 10883 ImuError.cpp:650] gyr saturation
W20250111 18:53:15.298929 10883 ImuError.cpp:650] gyr saturation
W20250111 18:53:15.298936 10883 ImuError.cpp:650] gyr saturation
W20250111 18:53:15.298942 10883 ImuError.cpp:650] gyr saturation
W20250111 18:53:15.298949 10883 ImuError.cpp:650] gyr saturation
W20250111 18:53:15.298954 10883 ImuError.cpp:650] gyr saturation
W20250111 18:53:15.298960 10883 ImuError.cpp:650] gyr saturation
W20250111 18:53:15.298967 10883 ImuError.cpp:650] gyr saturation
W20250111 18:53:15.298974 10883 ImuError.cpp:650] gyr saturation
W20250111 18:53:15.298979 10883 ImuError.cpp:650] gyr saturation
W20250111 18:53:15.298985 10883 ImuError.cpp:650] gyr saturation
W20250111 18:53:15.298991 10883 ImuError.cpp:650] gyr saturation
W20250111 18:53:15.298996 10883 ImuError.cpp:650] gyr saturation
W20250111 18:53:15.299003 10883 ImuError.cpp:650] gyr saturation
W20250111 18:53:15.299008 10883 ImuError.cpp:650] gyr saturation
W20250111 18:53:15.299013 10883 ImuError.cpp:650] gyr saturation
W20250111 18:53:15.299019 10883 ImuError.cpp:650] gyr saturation
W20250111 18:53:15.299623 10883 Frontend.cpp:615] 3d2d tracking lost. Number of 3d2d-matches: 0
W20250111 18:53:15.300356 10883 ImuError.cpp:650] gyr saturation
W20250111 18:53:15.300393 10883 ImuError.cpp:650] gyr saturation
W20250111 18:53:15.300401 10883 ImuError.cpp:650] gyr saturation
W20250111 18:53:15.300406 10883 ImuError.cpp:650] gyr saturation
W20250111 18:53:15.300411 10883 ImuError.cpp:650] gyr saturation
W20250111 18:53:15.300420 10883 ImuError.cpp:650] gyr saturation
W20250111 18:53:15.300427 10883 ImuError.cpp:650] gyr saturation
W20250111 18:53:15.300434 10883 ImuError.cpp:650] gyr saturation
W20250111 18:53:15.300439 10883 ImuError.cpp:650] gyr saturation
W20250111 18:53:15.300446 10883 ImuError.cpp:650] gyr saturation
W20250111 18:53:15.300454 10883 ImuError.cpp:650] gyr saturation
W20250111 18:53:15.300460 10883 ImuError.cpp:650] gyr saturation
W20250111 18:53:15.300467 10883 ImuError.cpp:650] gyr saturation
W20250111 18:53:15.300472 10883 ImuError.cpp:650] gyr saturation
W20250111 18:53:15.300478 10883 ImuError.cpp:650] gyr saturation
W20250111 18:53:15.300485 10883 ImuError.cpp:650] gyr saturation
W20250111 18:53:15.300493 10883 ImuError.cpp:650] gyr saturation
W20250111 18:53:15.300499 10883 ImuError.cpp:650] gyr saturation
W20250111 18:53:15.300505 10883 ImuError.cpp:650] gyr saturation
W20250111 18:53:15.300513 10883 ImuError.cpp:650] gyr saturation
W20250111 18:53:15.300519 10883 ImuError.cpp:650] gyr saturation
W20250111 18:53:15.300525 10883 ImuError.cpp:650] gyr saturation
W20250111 18:53:15.300531 10883 ImuError.cpp:650] gyr saturation
W20250111 18:53:15.300539 10883 ImuError.cpp:650] gyr saturation
W20250111 18:53:15.300545 10883 ImuError.cpp:650] gyr saturation
W20250111 18:53:15.300551 10883 ImuError.cpp:650] gyr saturation
W20250111 18:53:15.300558 10883 ImuError.cpp:650] gyr saturation
W20250111 18:53:15.300565 10883 ImuError.cpp:650] gyr saturation
W20250111 18:53:15.300572 10883 ImuError.cpp:650] gyr saturation
W20250111 18:53:15.300577 10883 ImuError.cpp:650] gyr saturation
W20250111 18:53:15.300585 10883 ImuError.cpp:650] gyr saturation
W20250111 18:53:15.300590 10883 ImuError.cpp:650] gyr saturation
W20250111 18:53:15.300598 10883 ImuError.cpp:650] gyr saturation
W20250111 18:53:15.300606 10883 ImuError.cpp:650] gyr saturation
W20250111 18:53:15.300611 10883 ImuError.cpp:650] gyr saturation
W20250111 18:53:15.300618 10883 ImuError.cpp:650] gyr saturation
W20250111 18:53:15.300626 10883 ImuError.cpp:650] gyr saturation
W20250111 18:53:15.300632 10883 ImuError.cpp:650] gyr saturation
W20250111 18:53:15.300645 10883 ImuError.cpp:650] gyr saturation
W20250111 18:53:15.300652 10883 ImuError.cpp:650] gyr saturation
W20250111 18:53:15.300659 10883 ImuError.cpp:650] gyr saturation
W20250111 18:53:15.300666 10883 ImuError.cpp:650] gyr saturation
W20250111 18:53:15.300673 10883 ImuError.cpp:650] gyr saturation
W20250111 18:53:15.300679 10883 ImuError.cpp:650] gyr saturation
W20250111 18:53:15.300690 10883 ImuError.cpp:650] gyr saturation
W20250111 18:53:15.300699 10883 ImuError.cpp:650] gyr saturation
W20250111 18:53:15.300705 10883 ImuError.cpp:650] gyr saturation
W20250111 18:53:15.300711 10883 ImuError.cpp:650] gyr saturation
W20250111 18:53:15.300717 10883 ImuError.cpp:650] gyr saturation
W20250111 18:53:15.300724 10883 ImuError.cpp:650] gyr saturation
W20250111 18:53:15.300729 10883 ImuError.cpp:650] gyr saturation
W20250111 18:53:15.300736 10883 ImuError.cpp:650] gyr saturation
W20250111 18:53:15.300742 10883 ImuError.cpp:650] gyr saturation
W20250111 18:53:15.300748 10883 ImuError.cpp:650] gyr saturation
W20250111 18:53:15.300755 10883 ImuError.cpp:650] gyr saturation
W20250111 18:53:15.300761 10883 ImuError.cpp:650] gyr saturation
W20250111 18:53:15.300766 10883 ImuError.cpp:650] gyr saturation
W20250111 18:53:15.300772 10883 ImuError.cpp:650] gyr saturation
W20250111 18:53:15.300778 10883 ImuError.cpp:650] gyr saturation
W20250111 18:53:15.300784 10883 ImuError.cpp:650] gyr saturation
W20250111 18:53:15.300791 10883 ImuError.cpp:650] gyr saturation
W20250111 18:53:15.300796 10883 ImuError.cpp:650] gyr saturation
W20250111 18:53:15.300802 10883 ImuError.cpp:650] gyr saturation
W20250111 18:53:15.300808 10883 ImuError.cpp:650] gyr saturation
W20250111 18:53:15.300814 10883 ImuError.cpp:650] gyr saturation
W20250111 18:53:15.300819 10883 ImuError.cpp:650] gyr saturation
W20250111 18:53:15.300832 10883 ImuError.cpp:650] gyr saturation
W20250111 18:53:15.300837 10883 ImuError.cpp:650] gyr saturation
W20250111 18:53:15.301455 208829 ImuError.cpp:368] gyr saturation
W20250111 18:53:15.301497 208829 ImuError.cpp:368] gyr saturation
W20250111 18:53:15.301510 208829 ImuError.cpp:368] gyr saturation
W20250111 18:53:15.301534 208829 ImuError.cpp:368] gyr saturation
W20250111 18:53:15.301551 208829 ImuError.cpp:368] gyr saturation
W20250111 18:53:15.301568 208829 ImuError.cpp:368] gyr saturation
W20250111 18:53:15.301580 208829 ImuError.cpp:368] gyr saturation
W20250111 18:53:15.301592 208829 ImuError.cpp:368] gyr saturation
W20250111 18:53:15.301604 208829 ImuError.cpp:368] gyr saturation
W20250111 18:53:15.301614 208829 ImuError.cpp:368] gyr saturation
W20250111 18:53:15.301625 208829 ImuError.cpp:368] gyr saturation
W20250111 18:53:15.301633 208829 ImuError.cpp:368] gyr saturation
W20250111 18:53:15.301642 208829 ImuError.cpp:368] gyr saturation
W20250111 18:53:15.301652 208829 ImuError.cpp:368] gyr saturation
W20250111 18:53:15.301662 208829 ImuError.cpp:368] gyr saturation
W20250111 18:53:15.301672 208829 ImuError.cpp:368] gyr saturation
W20250111 18:53:15.301683 208829 ImuError.cpp:368] gyr saturation
W20250111 18:53:15.301692 208829 ImuError.cpp:368] gyr saturation
W20250111 18:53:15.301702 208829 ImuError.cpp:368] gyr saturation
W20250111 18:53:15.301712 208829 ImuError.cpp:368] gyr saturation
W20250111 18:53:15.301720 208829 ImuError.cpp:368] gyr saturation
W20250111 18:53:15.301729 208829 ImuError.cpp:368] gyr saturation
W20250111 18:53:15.301738 208829 ImuError.cpp:368] gyr saturation
W20250111 18:53:15.301748 208829 ImuError.cpp:368] gyr saturation
W20250111 18:53:15.301756 208829 ImuError.cpp:368] gyr saturation
W20250111 18:53:15.301766 208829 ImuError.cpp:368] gyr saturation
W20250111 18:53:15.301775 208829 ImuError.cpp:368] gyr saturation
W20250111 18:53:15.301784 208829 ImuError.cpp:368] gyr saturation
W20250111 18:53:15.301795 208829 ImuError.cpp:368] gyr saturation
W20250111 18:53:15.301802 208829 ImuError.cpp:368] gyr saturation
W20250111 18:53:15.301810 208829 ImuError.cpp:368] gyr saturation
W20250111 18:53:15.301820 208829 ImuError.cpp:368] gyr saturation
W20250111 18:53:15.301831 208829 ImuError.cpp:368] gyr saturation
W20250111 18:53:15.301842 208829 ImuError.cpp:368] gyr saturation
W20250111 18:53:15.301852 208829 ImuError.cpp:368] gyr saturation
W20250111 18:53:15.331307 208829 ViSlamBackend.cpp:466] TRACKING FAILURE: quality=0
W20250111 18:53:15.331826 10883 ImuError.cpp:650] gyr saturation
W20250111 18:53:15.331872 10883 ImuError.cpp:650] gyr saturation
W20250111 18:53:15.331889 10883 ImuError.cpp:650] gyr saturation
W20250111 18:53:15.331894 10883 ImuError.cpp:650] gyr saturation
W20250111 18:53:15.331900 10883 ImuError.cpp:650] gyr saturation
W20250111 18:53:15.331905 10883 ImuError.cpp:650] gyr saturation
W20250111 18:53:15.331910 10883 ImuError.cpp:650] gyr saturation
W20250111 18:53:15.331915 10883 ImuError.cpp:650] gyr saturation
W20250111 18:53:15.331920 10883 ImuError.cpp:650] gyr saturation
W20250111 18:53:15.331925 10883 ImuError.cpp:650] gyr saturation
W20250111 18:53:15.331931 10883 ImuError.cpp:650] gyr saturation
W20250111 18:53:15.331936 10883 ImuError.cpp:650] gyr saturation
W20250111 18:53:15.331941 10883 ImuError.cpp:650] gyr saturation
W20250111 18:53:15.331946 10883 ImuError.cpp:650] gyr saturation
W20250111 18:53:15.331951 10883 ImuError.cpp:650] gyr saturation
W20250111 18:53:15.331957 10883 ImuError.cpp:650] gyr saturation
W20250111 18:53:15.331962 10883 ImuError.cpp:650] gyr saturation
W20250111 18:53:15.331967 10883 ImuError.cpp:650] gyr saturation
W20250111 18:53:15.331972 10883 ImuError.cpp:650] gyr saturation
W20250111 18:53:15.331979 10883 ImuError.cpp:650] gyr saturation
W20250111 18:53:15.331983 10883 ImuError.cpp:650] gyr saturation
W20250111 18:53:15.331988 10883 ImuError.cpp:650] gyr saturation
W20250111 18:53:15.331995 10883 ImuError.cpp:650] gyr saturation
W20250111 18:53:15.332000 10883 ImuError.cpp:650] gyr saturation
W20250111 18:53:15.332005 10883 ImuError.cpp:650] gyr saturation
W20250111 18:53:15.332010 10883 ImuError.cpp:650] gyr saturation
W20250111 18:53:15.332015 10883 ImuError.cpp:650] gyr saturation
W20250111 18:53:15.332020 10883 ImuError.cpp:650] gyr saturation
W20250111 18:53:15.332026 10883 ImuError.cpp:650] gyr saturation
W20250111 18:53:15.332031 10883 ImuError.cpp:650] gyr saturation
W20250111 18:53:15.332036 10883 ImuError.cpp:650] gyr saturation
W20250111 18:53:15.332041 10883 ImuError.cpp:650] gyr saturation
W20250111 18:53:15.332046 10883 ImuError.cpp:650] gyr saturation
W20250111 18:53:15.332051 10883 ImuError.cpp:650] gyr saturation
W20250111 18:53:15.332129 10883 ImuError.cpp:650] gyr saturation
W20250111 18:53:15.332135 10883 ImuError.cpp:650] gyr saturation
W20250111 18:53:15.332140 10883 ImuError.cpp:650] gyr saturation
W20250111 18:53:15.332146 10883 ImuError.cpp:650] gyr saturation
W20250111 18:53:15.332151 10883 ImuError.cpp:650] gyr saturation
W20250111 18:53:15.332156 10883 ImuError.cpp:650] gyr saturation
W20250111 18:53:15.332161 10883 ImuError.cpp:650] gyr saturation
W20250111 18:53:15.332166 10883 ImuError.cpp:650] gyr saturation
W20250111 18:53:15.332171 10883 ImuError.cpp:650] gyr saturation
W20250111 18:53:15.332177 10883 ImuError.cpp:650] gyr saturation
W20250111 18:53:15.332182 10883 ImuError.cpp:650] gyr saturation
W20250111 18:53:15.332187 10883 ImuError.cpp:650] gyr saturation
W20250111 18:53:15.332192 10883 ImuError.cpp:650] gyr saturation
W20250111 18:53:15.332197 10883 ImuError.cpp:650] gyr saturation
W20250111 18:53:15.332202 10883 ImuError.cpp:650] gyr saturation
W20250111 18:53:15.332207 10883 ImuError.cpp:650] gyr saturation
W20250111 18:53:15.332212 10883 ImuError.cpp:650] gyr saturation
W20250111 18:53:15.332218 10883 ImuError.cpp:650] gyr saturation
W20250111 18:53:15.332223 10883 ImuError.cpp:650] gyr saturation
W20250111 18:53:15.332228 10883 ImuError.cpp:650] gyr saturation
W20250111 18:53:15.332233 10883 ImuError.cpp:650] gyr saturation
W20250111 18:53:15.332238 10883 ImuError.cpp:650] gyr saturation
W20250111 18:53:15.332243 10883 ImuError.cpp:650] gyr saturation
W20250111 18:53:15.332248 10883 ImuError.cpp:650] gyr saturation
W20250111 18:53:15.332253 10883 ImuError.cpp:650] gyr saturation
W20250111 18:53:15.332260 10883 ImuError.cpp:650] gyr saturation
W20250111 18:53:15.332265 10883 ImuError.cpp:650] gyr saturation
W20250111 18:53:15.332270 10883 ImuError.cpp:650] gyr saturation
W20250111 18:53:15.332275 10883 ImuError.cpp:650] gyr saturation
W20250111 18:53:15.332280 10883 ImuError.cpp:650] gyr saturation
W20250111 18:53:15.332285 10883 ImuError.cpp:650] gyr saturation
W20250111 18:53:15.332294 10883 ImuError.cpp:650] gyr saturation
W20250111 18:53:15.332299 10883 ImuError.cpp:650] gyr saturation
W20250111 18:53:15.332304 10883 ImuError.cpp:650] gyr saturation
W20250111 18:53:15.332816 10883 Frontend.cpp:615] 3d2d tracking lost. Number of 3d2d-matches: 0
W20250111 18:53:15.333407 10883 ImuError.cpp:650] gyr saturation
W20250111 18:53:15.333447 10883 ImuError.cpp:650] gyr saturation
W20250111 18:53:15.333456 10883 ImuError.cpp:650] gyr saturation
W20250111 18:53:15.333461 10883 ImuError.cpp:650] gyr saturation
W20250111 18:53:15.333467 10883 ImuError.cpp:650] gyr saturation
W20250111 18:53:15.333472 10883 ImuError.cpp:650] gyr saturation
W20250111 18:53:15.333479 10883 ImuError.cpp:650] gyr saturation
W20250111 18:53:15.333485 10883 ImuError.cpp:650] gyr saturation
W20250111 18:53:15.333490 10883 ImuError.cpp:650] gyr saturation
W20250111 18:53:15.333495 10883 ImuError.cpp:650] gyr saturation
W20250111 18:53:15.333500 10883 ImuError.cpp:650] gyr saturation
W20250111 18:53:15.333509 10883 ImuError.cpp:650] gyr saturation
W20250111 18:53:15.333514 10883 ImuError.cpp:650] gyr saturation
W20250111 18:53:15.333520 10883 ImuError.cpp:650] gyr saturation
W20250111 18:53:15.333526 10883 ImuError.cpp:650] gyr saturation
W20250111 18:53:15.333534 10883 ImuError.cpp:650] gyr saturation
W20250111 18:53:15.333539 10883 ImuError.cpp:650] gyr saturation
W20250111 18:53:15.333545 10883 ImuError.cpp:650] gyr saturation
W20250111 18:53:15.333550 10883 ImuError.cpp:650] gyr saturation
W20250111 18:53:15.333557 10883 ImuError.cpp:650] gyr saturation
W20250111 18:53:15.333563 10883 ImuError.cpp:650] gyr saturation
W20250111 18:53:15.333570 10883 ImuError.cpp:650] gyr saturation
W20250111 18:53:15.333576 10883 ImuError.cpp:650] gyr saturation
W20250111 18:53:15.333583 10883 ImuError.cpp:650] gyr saturation
W20250111 18:53:15.333590 10883 ImuError.cpp:650] gyr saturation
W20250111 18:53:15.333596 10883 ImuError.cpp:650] gyr saturation
W20250111 18:53:15.333602 10883 ImuError.cpp:650] gyr saturation
W20250111 18:53:15.333609 10883 ImuError.cpp:650] gyr saturation
W20250111 18:53:15.333614 10883 ImuError.cpp:650] gyr saturation
W20250111 18:53:15.333621 10883 ImuError.cpp:650] gyr saturation
W20250111 18:53:15.333627 10883 ImuError.cpp:650] gyr saturation
W20250111 18:53:15.333634 10883 ImuError.cpp:650] gyr saturation
W20250111 18:53:15.333640 10883 ImuError.cpp:650] gyr saturation
W20250111 18:53:15.333647 10883 ImuError.cpp:650] gyr saturation
W20250111 18:53:15.333652 10883 ImuError.cpp:650] gyr saturation
W20250111 18:53:15.333658 10883 ImuError.cpp:650] gyr saturation
W20250111 18:53:15.333664 10883 ImuError.cpp:650] gyr saturation
W20250111 18:53:15.333670 10883 ImuError.cpp:650] gyr saturation
W20250111 18:53:15.333676 10883 ImuError.cpp:650] gyr saturation
W20250111 18:53:15.333683 10883 ImuError.cpp:650] gyr saturation
W20250111 18:53:15.333688 10883 ImuError.cpp:650] gyr saturation
W20250111 18:53:15.333693 10883 ImuError.cpp:650] gyr saturation
W20250111 18:53:15.333699 10883 ImuError.cpp:650] gyr saturation
W20250111 18:53:15.333705 10883 ImuError.cpp:650] gyr saturation
W20250111 18:53:15.333711 10883 ImuError.cpp:650] gyr saturation
W20250111 18:53:15.333719 10883 ImuError.cpp:650] gyr saturation
W20250111 18:53:15.333724 10883 ImuError.cpp:650] gyr saturation
W20250111 18:53:15.333729 10883 ImuError.cpp:650] gyr saturation
W20250111 18:53:15.333735 10883 ImuError.cpp:650] gyr saturation
W20250111 18:53:15.333741 10883 ImuError.cpp:650] gyr saturation
W20250111 18:53:15.333747 10883 ImuError.cpp:650] gyr saturation
W20250111 18:53:15.333753 10883 ImuError.cpp:650] gyr saturation
W20250111 18:53:15.333760 10883 ImuError.cpp:650] gyr saturation
W20250111 18:53:15.333772 10883 ImuError.cpp:650] gyr saturation
W20250111 18:53:15.333779 10883 ImuError.cpp:650] gyr saturation
W20250111 18:53:15.333786 10883 ImuError.cpp:650] gyr saturation
W20250111 18:53:15.333791 10883 ImuError.cpp:650] gyr saturation
W20250111 18:53:15.333796 10883 ImuError.cpp:650] gyr saturation
W20250111 18:53:15.333808 10883 ImuError.cpp:650] gyr saturation
W20250111 18:53:15.333813 10883 ImuError.cpp:650] gyr saturation
W20250111 18:53:15.333820 10883 ImuError.cpp:650] gyr saturation
W20250111 18:53:15.333833 10883 ImuError.cpp:650] gyr saturation
W20250111 18:53:15.333842 10883 ImuError.cpp:650] gyr saturation
W20250111 18:53:15.333847 10883 ImuError.cpp:650] gyr saturation
W20250111 18:53:15.333853 10883 ImuError.cpp:650] gyr saturation
W20250111 18:53:15.333858 10883 ImuError.cpp:650] gyr saturation
W20250111 18:53:15.333864 10883 ImuError.cpp:650] gyr saturation
W20250111 18:53:15.336225 10897 ImuError.cpp:368] gyr saturation
W20250111 18:53:15.336313 10897 ImuError.cpp:368] gyr saturation
W20250111 18:53:15.336326 10897 ImuError.cpp:368] gyr saturation
W20250111 18:53:15.336339 10897 ImuError.cpp:368] gyr saturation
W20250111 18:53:15.336355 10897 ImuError.cpp:368] gyr saturation
W20250111 18:53:15.336366 10897 ImuError.cpp:368] gyr saturation
W20250111 18:53:15.336378 10897 ImuError.cpp:368] gyr saturation
W20250111 18:53:15.336390 10897 ImuError.cpp:368] gyr saturation
W20250111 18:53:15.336400 10897 ImuError.cpp:368] gyr saturation
W20250111 18:53:15.336421 10897 ImuError.cpp:368] gyr saturation
W20250111 18:53:15.336431 10897 ImuError.cpp:368] gyr saturation
W20250111 18:53:15.336443 10897 ImuError.cpp:368] gyr saturation
W20250111 18:53:15.336454 10897 ImuError.cpp:368] gyr saturation
W20250111 18:53:15.336465 10897 ImuError.cpp:368] gyr saturation
W20250111 18:53:15.336476 10897 ImuError.cpp:368] gyr saturation
W20250111 18:53:15.336488 10897 ImuError.cpp:368] gyr saturation
W20250111 18:53:15.336498 10897 ImuError.cpp:368] gyr saturation
W20250111 18:53:15.336509 10897 ImuError.cpp:368] gyr saturation
W20250111 18:53:15.336520 10897 ImuError.cpp:368] gyr saturation
W20250111 18:53:15.336530 10897 ImuError.cpp:368] gyr saturation
W20250111 18:53:15.336541 10897 ImuError.cpp:368] gyr saturation
W20250111 18:53:15.336552 10897 ImuError.cpp:368] gyr saturation
W20250111 18:53:15.336563 10897 ImuError.cpp:368] gyr saturation
W20250111 18:53:15.336575 10897 ImuError.cpp:368] gyr saturation
W20250111 18:53:15.336584 10897 ImuError.cpp:368] gyr saturation
W20250111 18:53:15.336596 10897 ImuError.cpp:368] gyr saturation
W20250111 18:53:15.336606 10897 ImuError.cpp:368] gyr saturation
W20250111 18:53:15.336616 10897 ImuError.cpp:368] gyr saturation
W20250111 18:53:15.336627 10897 ImuError.cpp:368] gyr saturation
W20250111 18:53:15.336638 10897 ImuError.cpp:368] gyr saturation
W20250111 18:53:15.336649 10897 ImuError.cpp:368] gyr saturation
W20250111 18:53:15.336660 10897 ImuError.cpp:368] gyr saturation
W20250111 18:53:15.336671 10897 ImuError.cpp:368] gyr saturation
W20250111 18:53:15.336681 10897 ImuError.cpp:368] gyr saturation
W20250111 18:53:15.377311 208839 ViSlamBackend.cpp:466] TRACKING FAILURE: quality=0
W20250111 18:53:15.378113 10883 ImuError.cpp:650] gyr saturation
W20250111 18:53:15.378139 10883 ImuError.cpp:650] gyr saturation
W20250111 18:53:15.378145 10883 ImuError.cpp:650] gyr saturation
W20250111 18:53:15.378150 10883 ImuError.cpp:650] gyr saturation
W20250111 18:53:15.378156 10883 ImuError.cpp:650] gyr saturation
W20250111 18:53:15.378161 10883 ImuError.cpp:650] gyr saturation
W20250111 18:53:15.378165 10883 ImuError.cpp:650] gyr saturation
W20250111 18:53:15.378171 10883 ImuError.cpp:650] gyr saturation
W20250111 18:53:15.378176 10883 ImuError.cpp:650] gyr saturation
W20250111 18:53:15.378182 10883 ImuError.cpp:650] gyr saturation
W20250111 18:53:15.378188 10883 ImuError.cpp:650] gyr saturation
W20250111 18:53:15.378193 10883 ImuError.cpp:650] gyr saturation
W20250111 18:53:15.378198 10883 ImuError.cpp:650] gyr saturation
W20250111 18:53:15.378204 10883 ImuError.cpp:650] gyr saturation
W20250111 18:53:15.378216 10883 ImuError.cpp:650] gyr saturation
W20250111 18:53:15.378221 10883 ImuError.cpp:650] gyr saturation
W20250111 18:53:15.378226 10883 ImuError.cpp:650] gyr saturation
W20250111 18:53:15.378232 10883 ImuError.cpp:650] gyr saturation
W20250111 18:53:15.378237 10883 ImuError.cpp:650] gyr saturation
W20250111 18:53:15.378248 10883 ImuError.cpp:650] gyr saturation
W20250111 18:53:15.378253 10883 ImuError.cpp:650] gyr saturation
W20250111 18:53:15.378259 10883 ImuError.cpp:650] gyr saturation
W20250111 18:53:15.378265 10883 ImuError.cpp:650] gyr saturation
W20250111 18:53:15.378270 10883 ImuError.cpp:650] gyr saturation
W20250111 18:53:15.378276 10883 ImuError.cpp:650] gyr saturation
W20250111 18:53:15.378283 10883 ImuError.cpp:650] gyr saturation
W20250111 18:53:15.378288 10883 ImuError.cpp:650] gyr saturation
W20250111 18:53:15.378293 10883 ImuError.cpp:650] gyr saturation
W20250111 18:53:15.378300 10883 ImuError.cpp:650] gyr saturation
W20250111 18:53:15.378305 10883 ImuError.cpp:650] gyr saturation
W20250111 18:53:15.378310 10883 ImuError.cpp:650] gyr saturation
W20250111 18:53:15.378316 10883 ImuError.cpp:650] gyr saturation
W20250111 18:53:15.378321 10883 ImuError.cpp:650] gyr saturation
W20250111 18:53:15.378327 10883 ImuError.cpp:650] gyr saturation
W20250111 18:53:15.378361 10883 ImuError.cpp:650] gyr saturation
W20250111 18:53:15.378369 10883 ImuError.cpp:650] gyr saturation
W20250111 18:53:15.378376 10883 ImuError.cpp:650] gyr saturation
W20250111 18:53:15.378382 10883 ImuError.cpp:650] gyr saturation
W20250111 18:53:15.378388 10883 ImuError.cpp:650] gyr saturation
W20250111 18:53:15.378393 10883 ImuError.cpp:650] gyr saturation
W20250111 18:53:15.378399 10883 ImuError.cpp:650] gyr saturation
W20250111 18:53:15.378404 10883 ImuError.cpp:650] gyr saturation
W20250111 18:53:15.378409 10883 ImuError.cpp:650] gyr saturation
W20250111 18:53:15.378417 10883 ImuError.cpp:650] gyr saturation
W20250111 18:53:15.378422 10883 ImuError.cpp:650] gyr saturation
W20250111 18:53:15.378427 10883 ImuError.cpp:650] gyr saturation
W20250111 18:53:15.378433 10883 ImuError.cpp:650] gyr saturation
W20250111 18:53:15.378439 10883 ImuError.cpp:650] gyr saturation
W20250111 18:53:15.378444 10883 ImuError.cpp:650] gyr saturation
W20250111 18:53:15.378449 10883 ImuError.cpp:650] gyr saturation
W20250111 18:53:15.378455 10883 ImuError.cpp:650] gyr saturation
W20250111 18:53:15.378460 10883 ImuError.cpp:650] gyr saturation
W20250111 18:53:15.378465 10883 ImuError.cpp:650] gyr saturation
W20250111 18:53:15.378471 10883 ImuError.cpp:650] gyr saturation
W20250111 18:53:15.378476 10883 ImuError.cpp:650] gyr saturation
W20250111 18:53:15.378482 10883 ImuError.cpp:650] gyr saturation
W20250111 18:53:15.378489 10883 ImuError.cpp:650] gyr saturation
W20250111 18:53:15.378494 10883 ImuError.cpp:650] gyr saturation
W20250111 18:53:15.378499 10883 ImuError.cpp:650] gyr saturation
W20250111 18:53:15.378504 10883 ImuError.cpp:650] gyr saturation
W20250111 18:53:15.378510 10883 ImuError.cpp:650] gyr saturation
W20250111 18:53:15.378515 10883 ImuError.cpp:650] gyr saturation
W20250111 18:53:15.378521 10883 ImuError.cpp:650] gyr saturation
W20250111 18:53:15.378527 10883 ImuError.cpp:650] gyr saturation
W20250111 18:53:15.378532 10883 ImuError.cpp:650] gyr saturation
W20250111 18:53:15.378537 10883 ImuError.cpp:650] gyr saturation
W20250111 18:53:15.378543 10883 ImuError.cpp:650] gyr saturation
W20250111 18:53:15.378548 10883 ImuError.cpp:650] gyr saturation
W20250111 18:53:15.378957 10883 Frontend.cpp:615] 3d2d tracking lost. Number of 3d2d-matches: 0
W20250111 18:53:15.379498 10883 ImuError.cpp:650] gyr saturation
W20250111 18:53:15.379532 10883 ImuError.cpp:650] gyr saturation
W20250111 18:53:15.379540 10883 ImuError.cpp:650] gyr saturation
W20250111 18:53:15.379547 10883 ImuError.cpp:650] gyr saturation
W20250111 18:53:15.379554 10883 ImuError.cpp:650] gyr saturation
W20250111 18:53:15.379560 10883 ImuError.cpp:650] gyr saturation
W20250111 18:53:15.379566 10883 ImuError.cpp:650] gyr saturation
W20250111 18:53:15.379581 10883 ImuError.cpp:650] gyr saturation
W20250111 18:53:15.379588 10883 ImuError.cpp:650] gyr saturation
W20250111 18:53:15.379593 10883 ImuError.cpp:650] gyr saturation
W20250111 18:53:15.379601 10883 ImuError.cpp:650] gyr saturation
W20250111 18:53:15.379606 10883 ImuError.cpp:650] gyr saturation
W20250111 18:53:15.379612 10883 ImuError.cpp:650] gyr saturation
W20250111 18:53:15.379623 10883 ImuError.cpp:650] gyr saturation
W20250111 18:53:15.379630 10883 ImuError.cpp:650] gyr saturation
W20250111 18:53:15.379637 10883 ImuError.cpp:650] gyr saturation
W20250111 18:53:15.379644 10883 ImuError.cpp:650] gyr saturation
W20250111 18:53:15.379652 10883 ImuError.cpp:650] gyr saturation
W20250111 18:53:15.379657 10883 ImuError.cpp:650] gyr saturation
W20250111 18:53:15.379664 10883 ImuError.cpp:650] gyr saturation
W20250111 18:53:15.379671 10883 ImuError.cpp:650] gyr saturation
W20250111 18:53:15.379676 10883 ImuError.cpp:650] gyr saturation
W20250111 18:53:15.379684 10883 ImuError.cpp:650] gyr saturation
W20250111 18:53:15.379690 10883 ImuError.cpp:650] gyr saturation
W20250111 18:53:15.379698 10883 ImuError.cpp:650] gyr saturation
W20250111 18:53:15.379703 10883 ImuError.cpp:650] gyr saturation
W20250111 18:53:15.379710 10883 ImuError.cpp:650] gyr saturation
W20250111 18:53:15.379716 10883 ImuError.cpp:650] gyr saturation
W20250111 18:53:15.379722 10883 ImuError.cpp:650] gyr saturation
W20250111 18:53:15.379729 10883 ImuError.cpp:650] gyr saturation
W20250111 18:53:15.379735 10883 ImuError.cpp:650] gyr saturation
W20250111 18:53:15.379740 10883 ImuError.cpp:650] gyr saturation
W20250111 18:53:15.379746 10883 ImuError.cpp:650] gyr saturation
W20250111 18:53:15.379752 10883 ImuError.cpp:650] gyr saturation
W20250111 18:53:15.379758 10883 ImuError.cpp:650] gyr saturation
W20250111 18:53:15.379765 10883 ImuError.cpp:650] gyr saturation
W20250111 18:53:15.379770 10883 ImuError.cpp:650] gyr saturation
W20250111 18:53:15.379776 10883 ImuError.cpp:650] gyr saturation
W20250111 18:53:15.379781 10883 ImuError.cpp:650] gyr saturation
W20250111 18:53:15.379786 10883 ImuError.cpp:650] gyr saturation
W20250111 18:53:15.379793 10883 ImuError.cpp:650] gyr saturation
W20250111 18:53:15.379798 10883 ImuError.cpp:650] gyr saturation
W20250111 18:53:15.379804 10883 ImuError.cpp:650] gyr saturation
W20250111 18:53:15.379810 10883 ImuError.cpp:650] gyr saturation
W20250111 18:53:15.379815 10883 ImuError.cpp:650] gyr saturation
W20250111 18:53:15.379822 10883 ImuError.cpp:650] gyr saturation
W20250111 18:53:15.379834 10883 ImuError.cpp:650] gyr saturation
W20250111 18:53:15.379841 10883 ImuError.cpp:650] gyr saturation
W20250111 18:53:15.379848 10883 ImuError.cpp:650] gyr saturation
W20250111 18:53:15.379853 10883 ImuError.cpp:650] gyr saturation
W20250111 18:53:15.379858 10883 ImuError.cpp:650] gyr saturation
W20250111 18:53:15.379864 10883 ImuError.cpp:650] gyr saturation
W20250111 18:53:15.379870 10883 ImuError.cpp:650] gyr saturation
W20250111 18:53:15.379876 10883 ImuError.cpp:650] gyr saturation
W20250111 18:53:15.379882 10883 ImuError.cpp:650] gyr saturation
W20250111 18:53:15.379889 10883 ImuError.cpp:650] gyr saturation
W20250111 18:53:15.379894 10883 ImuError.cpp:650] gyr saturation
W20250111 18:53:15.379900 10883 ImuError.cpp:650] gyr saturation
W20250111 18:53:15.379906 10883 ImuError.cpp:650] gyr saturation
W20250111 18:53:15.379911 10883 ImuError.cpp:650] gyr saturation
W20250111 18:53:15.379917 10883 ImuError.cpp:650] gyr saturation
W20250111 18:53:15.379922 10883 ImuError.cpp:650] gyr saturation
W20250111 18:53:15.379928 10883 ImuError.cpp:650] gyr saturation
W20250111 18:53:15.379933 10883 ImuError.cpp:650] gyr saturation
W20250111 18:53:15.379940 10883 ImuError.cpp:650] gyr saturation
W20250111 18:53:15.379945 10883 ImuError.cpp:650] gyr saturation
W20250111 18:53:15.379951 10883 ImuError.cpp:650] gyr saturation
W20250111 18:53:15.379956 10883 ImuError.cpp:650] gyr saturation
W20250111 18:53:15.382184 208849 ImuError.cpp:368] gyr saturation
W20250111 18:53:15.382268 208849 ImuError.cpp:368] gyr saturation
W20250111 18:53:15.382290 208849 ImuError.cpp:368] gyr saturation
W20250111 18:53:15.382308 208849 ImuError.cpp:368] gyr saturation
W20250111 18:53:15.382320 208849 ImuError.cpp:368] gyr saturation
W20250111 18:53:15.382333 208849 ImuError.cpp:368] gyr saturation
W20250111 18:53:15.382344 208849 ImuError.cpp:368] gyr saturation
W20250111 18:53:15.382355 208849 ImuError.cpp:368] gyr saturation
W20250111 18:53:15.382372 208849 ImuError.cpp:368] gyr saturation
W20250111 18:53:15.382385 208849 ImuError.cpp:368] gyr saturation
W20250111 18:53:15.382396 208849 ImuError.cpp:368] gyr saturation
W20250111 18:53:15.382407 208849 ImuError.cpp:368] gyr saturation
W20250111 18:53:15.382418 208849 ImuError.cpp:368] gyr saturation
W20250111 18:53:15.382429 208849 ImuError.cpp:368] gyr saturation
W20250111 18:53:15.382440 208849 ImuError.cpp:368] gyr saturation
W20250111 18:53:15.382452 208849 ImuError.cpp:368] gyr saturation
W20250111 18:53:15.382463 208849 ImuError.cpp:368] gyr saturation
W20250111 18:53:15.382473 208849 ImuError.cpp:368] gyr saturation
W20250111 18:53:15.382484 208849 ImuError.cpp:368] gyr saturation
W20250111 18:53:15.382495 208849 ImuError.cpp:368] gyr saturation
W20250111 18:53:15.382506 208849 ImuError.cpp:368] gyr saturation
W20250111 18:53:15.382517 208849 ImuError.cpp:368] gyr saturation
W20250111 18:53:15.382529 208849 ImuError.cpp:368] gyr saturation
W20250111 18:53:15.382539 208849 ImuError.cpp:368] gyr saturation
W20250111 18:53:15.382550 208849 ImuError.cpp:368] gyr saturation
W20250111 18:53:15.382561 208849 ImuError.cpp:368] gyr saturation
W20250111 18:53:15.382572 208849 ImuError.cpp:368] gyr saturation
W20250111 18:53:15.382583 208849 ImuError.cpp:368] gyr saturation
W20250111 18:53:15.382594 208849 ImuError.cpp:368] gyr saturation
W20250111 18:53:15.382606 208849 ImuError.cpp:368] gyr saturation
W20250111 18:53:15.382616 208849 ImuError.cpp:368] gyr saturation
W20250111 18:53:15.382627 208849 ImuError.cpp:368] gyr saturation
W20250111 18:53:15.382638 208849 ImuError.cpp:368] gyr saturation
W20250111 18:53:15.382649 208849 ImuError.cpp:368] gyr saturation
W20250111 18:53:15.412468 208849 ViSlamBackend.cpp:466] TRACKING FAILURE: quality=0
W20250111 18:53:15.412635 208849 ImuError.cpp:165] gyr saturation
W20250111 18:53:15.412663 208849 ImuError.cpp:165] gyr saturation
W20250111 18:53:15.412676 208849 ImuError.cpp:165] gyr saturation
W20250111 18:53:15.412688 208849 ImuError.cpp:165] gyr saturation
W20250111 18:53:15.412698 208849 ImuError.cpp:165] gyr saturation
W20250111 18:53:15.412709 208849 ImuError.cpp:165] gyr saturation
W20250111 18:53:15.412719 208849 ImuError.cpp:165] gyr saturation
W20250111 18:53:15.412730 208849 ImuError.cpp:165] gyr saturation
W20250111 18:53:15.412741 208849 ImuError.cpp:165] gyr saturation
W20250111 18:53:15.412752 208849 ImuError.cpp:165] gyr saturation
W20250111 18:53:15.412762 208849 ImuError.cpp:165] gyr saturation
W20250111 18:53:15.412773 208849 ImuError.cpp:165] gyr saturation
W20250111 18:53:15.412784 208849 ImuError.cpp:165] gyr saturation
W20250111 18:53:15.412794 208849 ImuError.cpp:165] gyr saturation
W20250111 18:53:15.412806 208849 ImuError.cpp:165] gyr saturation
W20250111 18:53:15.412815 208849 ImuError.cpp:165] gyr saturation
W20250111 18:53:15.412834 208849 ImuError.cpp:165] gyr saturation
W20250111 18:53:15.412845 208849 ImuError.cpp:165] gyr saturation
W20250111 18:53:15.412856 208849 ImuError.cpp:165] gyr saturation
W20250111 18:53:15.412868 208849 ImuError.cpp:165] gyr saturation
W20250111 18:53:15.412878 208849 ImuError.cpp:165] gyr saturation
W20250111 18:53:15.412889 208849 ImuError.cpp:165] gyr saturation
W20250111 18:53:15.412899 208849 ImuError.cpp:165] gyr saturation
W20250111 18:53:15.412910 208849 ImuError.cpp:165] gyr saturation
W20250111 18:53:15.412920 208849 ImuError.cpp:165] gyr saturation
W20250111 18:53:15.412931 208849 ImuError.cpp:165] gyr saturation
W20250111 18:53:15.412941 208849 ImuError.cpp:165] gyr saturation
W20250111 18:53:15.412952 208849 ImuError.cpp:165] gyr saturation
W20250111 18:53:15.412963 208849 ImuError.cpp:165] gyr saturation
W20250111 18:53:15.412986 208849 ImuError.cpp:165] gyr saturation
W20250111 18:53:15.412997 208849 ImuError.cpp:165] gyr saturation
W20250111 18:53:15.413007 208849 ImuError.cpp:165] gyr saturation
W20250111 18:53:15.413017 208849 ImuError.cpp:165] gyr saturation
W20250111 18:53:15.413028 208849 ImuError.cpp:165] gyr saturation
W20250111 18:53:15.413044 208849 ImuError.cpp:165] gyr saturation
W20250111 18:53:15.413108 208849 ImuError.cpp:165] gyr saturation
W20250111 18:53:15.413122 208849 ImuError.cpp:165] gyr saturation
W20250111 18:53:15.413133 208849 ImuError.cpp:165] gyr saturation
W20250111 18:53:15.413143 208849 ImuError.cpp:165] gyr saturation
W20250111 18:53:15.413154 208849 ImuError.cpp:165] gyr saturation
W20250111 18:53:15.413165 208849 ImuError.cpp:165] gyr saturation
W20250111 18:53:15.413177 208849 ImuError.cpp:165] gyr saturation
W20250111 18:53:15.413187 208849 ImuError.cpp:165] gyr saturation
W20250111 18:53:15.413197 208849 ImuError.cpp:165] gyr saturation
W20250111 18:53:15.413208 208849 ImuError.cpp:165] gyr saturation
W20250111 18:53:15.413218 208849 ImuError.cpp:165] gyr saturation
W20250111 18:53:15.413229 208849 ImuError.cpp:165] gyr saturation
W20250111 18:53:15.413239 208849 ImuError.cpp:165] gyr saturation
W20250111 18:53:15.413250 208849 ImuError.cpp:165] gyr saturation
W20250111 18:53:15.413261 208849 ImuError.cpp:165] gyr saturation
W20250111 18:53:15.413271 208849 ImuError.cpp:165] gyr saturation
W20250111 18:53:15.413282 208849 ImuError.cpp:165] gyr saturation
W20250111 18:53:15.413292 208849 ImuError.cpp:165] gyr saturation
W20250111 18:53:15.413303 208849 ImuError.cpp:165] gyr saturation
W20250111 18:53:15.413314 208849 ImuError.cpp:165] gyr saturation
W20250111 18:53:15.413324 208849 ImuError.cpp:165] gyr saturation
W20250111 18:53:15.413336 208849 ImuError.cpp:165] gyr saturation
W20250111 18:53:15.413347 208849 ImuError.cpp:165] gyr saturation
W20250111 18:53:15.413357 208849 ImuError.cpp:165] gyr saturation
W20250111 18:53:15.413367 208849 ImuError.cpp:165] gyr saturation
W20250111 18:53:15.413378 208849 ImuError.cpp:165] gyr saturation
W20250111 18:53:15.413388 208849 ImuError.cpp:165] gyr saturation
W20250111 18:53:15.413398 208849 ImuError.cpp:165] gyr saturation
W20250111 18:53:15.413409 208849 ImuError.cpp:165] gyr saturation
W20250111 18:53:15.413420 208849 ImuError.cpp:165] gyr saturation
W20250111 18:53:15.413431 208849 ImuError.cpp:165] gyr saturation
W20250111 18:53:15.413441 208849 ImuError.cpp:165] gyr saturation
W20250111 18:53:15.413452 208849 ImuError.cpp:165] gyr saturation
W20250111 18:53:15.413462 208849 ImuError.cpp:165] gyr saturation
W20250111 18:53:15.413473 208849 ImuError.cpp:165] gyr saturation
W20250111 18:53:15.414150 10883 ImuError.cpp:650] gyr saturation
W20250111 18:53:15.414170 10883 ImuError.cpp:650] gyr saturation
W20250111 18:53:15.414175 10883 ImuError.cpp:650] gyr saturation
W20250111 18:53:15.414180 10883 ImuError.cpp:650] gyr saturation
W20250111 18:53:15.414186 10883 ImuError.cpp:650] gyr saturation
W20250111 18:53:15.414192 10883 ImuError.cpp:650] gyr saturation
W20250111 18:53:15.414197 10883 ImuError.cpp:650] gyr saturation
W20250111 18:53:15.414203 10883 ImuError.cpp:650] gyr saturation
W20250111 18:53:15.414208 10883 ImuError.cpp:650] gyr saturation
W20250111 18:53:15.414213 10883 ImuError.cpp:650] gyr saturation
W20250111 18:53:15.414218 10883 ImuError.cpp:650] gyr saturation
W20250111 18:53:15.414224 10883 ImuError.cpp:650] gyr saturation
W20250111 18:53:15.414230 10883 ImuError.cpp:650] gyr saturation
W20250111 18:53:15.414237 10883 ImuError.cpp:650] gyr saturation
W20250111 18:53:15.414242 10883 ImuError.cpp:650] gyr saturation
W20250111 18:53:15.414247 10883 ImuError.cpp:650] gyr saturation
W20250111 18:53:15.414252 10883 ImuError.cpp:650] gyr saturation
W20250111 18:53:15.414258 10883 ImuError.cpp:650] gyr saturation
W20250111 18:53:15.414263 10883 ImuError.cpp:650] gyr saturation
W20250111 18:53:15.414268 10883 ImuError.cpp:650] gyr saturation
W20250111 18:53:15.414273 10883 ImuError.cpp:650] gyr saturation
W20250111 18:53:15.414280 10883 ImuError.cpp:650] gyr saturation
W20250111 18:53:15.414286 10883 ImuError.cpp:650] gyr saturation
W20250111 18:53:15.414292 10883 ImuError.cpp:650] gyr saturation
W20250111 18:53:15.414297 10883 ImuError.cpp:650] gyr saturation
W20250111 18:53:15.414304 10883 ImuError.cpp:650] gyr saturation
W20250111 18:53:15.414309 10883 ImuError.cpp:650] gyr saturation
W20250111 18:53:15.414319 10883 ImuError.cpp:650] gyr saturation
W20250111 18:53:15.414324 10883 ImuError.cpp:650] gyr saturation
W20250111 18:53:15.414330 10883 ImuError.cpp:650] gyr saturation
W20250111 18:53:15.414335 10883 ImuError.cpp:650] gyr saturation
W20250111 18:53:15.414341 10883 ImuError.cpp:650] gyr saturation
W20250111 18:53:15.414346 10883 ImuError.cpp:650] gyr saturation
W20250111 18:53:15.414351 10883 ImuError.cpp:650] gyr saturation
W20250111 18:53:15.414356 10883 ImuError.cpp:650] gyr saturation
W20250111 18:53:15.414397 10883 ImuError.cpp:650] gyr saturation
W20250111 18:53:15.414402 10883 ImuError.cpp:650] gyr saturation
W20250111 18:53:15.414408 10883 ImuError.cpp:650] gyr saturation
W20250111 18:53:15.414414 10883 ImuError.cpp:650] gyr saturation
W20250111 18:53:15.414419 10883 ImuError.cpp:650] gyr saturation
W20250111 18:53:15.414424 10883 ImuError.cpp:650] gyr saturation
W20250111 18:53:15.414430 10883 ImuError.cpp:650] gyr saturation
W20250111 18:53:15.414435 10883 ImuError.cpp:650] gyr saturation
W20250111 18:53:15.414440 10883 ImuError.cpp:650] gyr saturation
W20250111 18:53:15.414448 10883 ImuError.cpp:650] gyr saturation
W20250111 18:53:15.414453 10883 ImuError.cpp:650] gyr saturation
W20250111 18:53:15.414458 10883 ImuError.cpp:650] gyr saturation
W20250111 18:53:15.414462 10883 ImuError.cpp:650] gyr saturation
W20250111 18:53:15.414467 10883 ImuError.cpp:650] gyr saturation
W20250111 18:53:15.414474 10883 ImuError.cpp:650] gyr saturation
W20250111 18:53:15.414479 10883 ImuError.cpp:650] gyr saturation
W20250111 18:53:15.414484 10883 ImuError.cpp:650] gyr saturation
W20250111 18:53:15.414489 10883 ImuError.cpp:650] gyr saturation
W20250111 18:53:15.414494 10883 ImuError.cpp:650] gyr saturation
W20250111 18:53:15.414498 10883 ImuError.cpp:650] gyr saturation
W20250111 18:53:15.414505 10883 ImuError.cpp:650] gyr saturation
W20250111 18:53:15.414510 10883 ImuError.cpp:650] gyr saturation
W20250111 18:53:15.414515 10883 ImuError.cpp:650] gyr saturation
W20250111 18:53:15.414521 10883 ImuError.cpp:650] gyr saturation
W20250111 18:53:15.414527 10883 ImuError.cpp:650] gyr saturation
W20250111 18:53:15.414532 10883 ImuError.cpp:650] gyr saturation
W20250111 18:53:15.414537 10883 ImuError.cpp:650] gyr saturation
W20250111 18:53:15.414542 10883 ImuError.cpp:650] gyr saturation
W20250111 18:53:15.414547 10883 ImuError.cpp:650] gyr saturation
W20250111 18:53:15.414553 10883 ImuError.cpp:650] gyr saturation
W20250111 18:53:15.414559 10883 ImuError.cpp:650] gyr saturation
W20250111 18:53:15.414564 10883 ImuError.cpp:650] gyr saturation
W20250111 18:53:15.414569 10883 ImuError.cpp:650] gyr saturation
W20250111 18:53:15.414574 10883 ImuError.cpp:650] gyr saturation
W20250111 18:53:15.414579 10883 ImuError.cpp:650] gyr saturation
W20250111 18:53:15.415136 10883 Frontend.cpp:615] 3d2d tracking lost. Number of 3d2d-matches: 0
W20250111 18:53:15.415648 10883 ImuError.cpp:650] gyr saturation
W20250111 18:53:15.415669 10883 ImuError.cpp:650] gyr saturation
W20250111 18:53:15.415674 10883 ImuError.cpp:650] gyr saturation
W20250111 18:53:15.415681 10883 ImuError.cpp:650] gyr saturation
W20250111 18:53:15.415686 10883 ImuError.cpp:650] gyr saturation
W20250111 18:53:15.415691 10883 ImuError.cpp:650] gyr saturation
W20250111 18:53:15.415699 10883 ImuError.cpp:650] gyr saturation
W20250111 18:53:15.415704 10883 ImuError.cpp:650] gyr saturation
W20250111 18:53:15.415709 10883 ImuError.cpp:650] gyr saturation
W20250111 18:53:15.415715 10883 ImuError.cpp:650] gyr saturation
W20250111 18:53:15.415721 10883 ImuError.cpp:650] gyr saturation
W20250111 18:53:15.415726 10883 ImuError.cpp:650] gyr saturation
W20250111 18:53:15.415732 10883 ImuError.cpp:650] gyr saturation
W20250111 18:53:15.415743 10883 ImuError.cpp:650] gyr saturation
W20250111 18:53:15.415748 10883 ImuError.cpp:650] gyr saturation
W20250111 18:53:15.415755 10883 ImuError.cpp:650] gyr saturation
W20250111 18:53:15.415760 10883 ImuError.cpp:650] gyr saturation
W20250111 18:53:15.415766 10883 ImuError.cpp:650] gyr saturation
W20250111 18:53:15.415776 10883 ImuError.cpp:650] gyr saturation
W20250111 18:53:15.415781 10883 ImuError.cpp:650] gyr saturation
W20250111 18:53:15.415787 10883 ImuError.cpp:650] gyr saturation
W20250111 18:53:15.415792 10883 ImuError.cpp:650] gyr saturation
W20250111 18:53:15.415797 10883 ImuError.cpp:650] gyr saturation
W20250111 18:53:15.415803 10883 ImuError.cpp:650] gyr saturation
W20250111 18:53:15.415809 10883 ImuError.cpp:650] gyr saturation
W20250111 18:53:15.415814 10883 ImuError.cpp:650] gyr saturation
W20250111 18:53:15.415820 10883 ImuError.cpp:650] gyr saturation
W20250111 18:53:15.415831 10883 ImuError.cpp:650] gyr saturation
W20250111 18:53:15.415838 10883 ImuError.cpp:650] gyr saturation
W20250111 18:53:15.415843 10883 ImuError.cpp:650] gyr saturation
W20250111 18:53:15.415848 10883 ImuError.cpp:650] gyr saturation
W20250111 18:53:15.415853 10883 ImuError.cpp:650] gyr saturation
W20250111 18:53:15.415858 10883 ImuError.cpp:650] gyr saturation
W20250111 18:53:15.415864 10883 ImuError.cpp:650] gyr saturation
W20250111 18:53:15.415870 10883 ImuError.cpp:650] gyr saturation
W20250111 18:53:15.415875 10883 ImuError.cpp:650] gyr saturation
W20250111 18:53:15.415880 10883 ImuError.cpp:650] gyr saturation
W20250111 18:53:15.415885 10883 ImuError.cpp:650] gyr saturation
W20250111 18:53:15.415891 10883 ImuError.cpp:650] gyr saturation
W20250111 18:53:15.415896 10883 ImuError.cpp:650] gyr saturation
W20250111 18:53:15.415901 10883 ImuError.cpp:650] gyr saturation
W20250111 18:53:15.415906 10883 ImuError.cpp:650] gyr saturation
W20250111 18:53:15.415912 10883 ImuError.cpp:650] gyr saturation
W20250111 18:53:15.415917 10883 ImuError.cpp:650] gyr saturation
W20250111 18:53:15.415925 10883 ImuError.cpp:650] gyr saturation
W20250111 18:53:15.415930 10883 ImuError.cpp:650] gyr saturation
W20250111 18:53:15.415935 10883 ImuError.cpp:650] gyr saturation
W20250111 18:53:15.415941 10883 ImuError.cpp:650] gyr saturation
W20250111 18:53:15.415946 10883 ImuError.cpp:650] gyr saturation
W20250111 18:53:15.415951 10883 ImuError.cpp:650] gyr saturation
W20250111 18:53:15.415956 10883 ImuError.cpp:650] gyr saturation
W20250111 18:53:15.415962 10883 ImuError.cpp:650] gyr saturation
W20250111 18:53:15.415967 10883 ImuError.cpp:650] gyr saturation
W20250111 18:53:15.415972 10883 ImuError.cpp:650] gyr saturation
W20250111 18:53:15.415977 10883 ImuError.cpp:650] gyr saturation
W20250111 18:53:15.415983 10883 ImuError.cpp:650] gyr saturation
W20250111 18:53:15.415988 10883 ImuError.cpp:650] gyr saturation
W20250111 18:53:15.415993 10883 ImuError.cpp:650] gyr saturation
W20250111 18:53:15.415999 10883 ImuError.cpp:650] gyr saturation
W20250111 18:53:15.416004 10883 ImuError.cpp:650] gyr saturation
W20250111 18:53:15.416009 10883 ImuError.cpp:650] gyr saturation
W20250111 18:53:15.416015 10883 ImuError.cpp:650] gyr saturation
W20250111 18:53:15.416021 10883 ImuError.cpp:650] gyr saturation
W20250111 18:53:15.416026 10883 ImuError.cpp:650] gyr saturation
W20250111 18:53:15.416033 10883 ImuError.cpp:650] gyr saturation
W20250111 18:53:15.416038 10883 ImuError.cpp:650] gyr saturation
W20250111 18:53:15.416043 10883 ImuError.cpp:650] gyr saturation
W20250111 18:53:15.416049 10883 ImuError.cpp:650] gyr saturation
W20250111 18:53:15.416882 208867 ImuError.cpp:368] gyr saturation
W20250111 18:53:15.416929 208867 ImuError.cpp:368] gyr saturation
W20250111 18:53:15.416939 208867 ImuError.cpp:368] gyr saturation
W20250111 18:53:15.416946 208867 ImuError.cpp:368] gyr saturation
W20250111 18:53:15.416954 208867 ImuError.cpp:368] gyr saturation
W20250111 18:53:15.416962 208867 ImuError.cpp:368] gyr saturation
W20250111 18:53:15.416970 208867 ImuError.cpp:368] gyr saturation
W20250111 18:53:15.416977 208867 ImuError.cpp:368] gyr saturation
W20250111 18:53:15.416988 208867 ImuError.cpp:368] gyr saturation
W20250111 18:53:15.416996 208867 ImuError.cpp:368] gyr saturation
W20250111 18:53:15.417004 208867 ImuError.cpp:368] gyr saturation
W20250111 18:53:15.417011 208867 ImuError.cpp:368] gyr saturation
W20250111 18:53:15.417019 208867 ImuError.cpp:368] gyr saturation
W20250111 18:53:15.417032 208867 ImuError.cpp:368] gyr saturation
W20250111 18:53:15.417040 208867 ImuError.cpp:368] gyr saturation
W20250111 18:53:15.417048 208867 ImuError.cpp:368] gyr saturation
W20250111 18:53:15.417057 208867 ImuError.cpp:368] gyr saturation
W20250111 18:53:15.417063 208867 ImuError.cpp:368] gyr saturation
W20250111 18:53:15.417071 208867 ImuError.cpp:368] gyr saturation
W20250111 18:53:15.417078 208867 ImuError.cpp:368] gyr saturation
W20250111 18:53:15.417085 208867 ImuError.cpp:368] gyr saturation
W20250111 18:53:15.417093 208867 ImuError.cpp:368] gyr saturation
W20250111 18:53:15.417100 208867 ImuError.cpp:368] gyr saturation
W20250111 18:53:15.417109 208867 ImuError.cpp:368] gyr saturation
W20250111 18:53:15.417116 208867 ImuError.cpp:368] gyr saturation
W20250111 18:53:15.417124 208867 ImuError.cpp:368] gyr saturation
W20250111 18:53:15.417130 208867 ImuError.cpp:368] gyr saturation
W20250111 18:53:15.417138 208867 ImuError.cpp:368] gyr saturation
W20250111 18:53:15.417145 208867 ImuError.cpp:368] gyr saturation
W20250111 18:53:15.417153 208867 ImuError.cpp:368] gyr saturation
W20250111 18:53:15.417160 208867 ImuError.cpp:368] gyr saturation
W20250111 18:53:15.417168 208867 ImuError.cpp:368] gyr saturation
W20250111 18:53:15.417176 208867 ImuError.cpp:368] gyr saturation
W20250111 18:53:15.417183 208867 ImuError.cpp:368] gyr saturation
W20250111 18:53:15.417191 208867 ImuError.cpp:368] gyr saturation
W20250111 18:53:15.430377 208867 ViSlamBackend.cpp:466] TRACKING FAILURE: quality=0
W20250111 18:53:15.430510 208867 ImuError.cpp:165] gyr saturation
W20250111 18:53:15.430526 208867 ImuError.cpp:165] gyr saturation
W20250111 18:53:15.430534 208867 ImuError.cpp:165] gyr saturation
W20250111 18:53:15.430543 208867 ImuError.cpp:165] gyr saturation
W20250111 18:53:15.430552 208867 ImuError.cpp:165] gyr saturation
W20250111 18:53:15.430562 208867 ImuError.cpp:165] gyr saturation
W20250111 18:53:15.430572 208867 ImuError.cpp:165] gyr saturation
W20250111 18:53:15.430580 208867 ImuError.cpp:165] gyr saturation
W20250111 18:53:15.430589 208867 ImuError.cpp:165] gyr saturation
W20250111 18:53:15.430598 208867 ImuError.cpp:165] gyr saturation
W20250111 18:53:15.430608 208867 ImuError.cpp:165] gyr saturation
W20250111 18:53:15.430615 208867 ImuError.cpp:165] gyr saturation
W20250111 18:53:15.430624 208867 ImuError.cpp:165] gyr saturation
W20250111 18:53:15.430631 208867 ImuError.cpp:165] gyr saturation
W20250111 18:53:15.430639 208867 ImuError.cpp:165] gyr saturation
W20250111 18:53:15.430647 208867 ImuError.cpp:165] gyr saturation
W20250111 18:53:15.430655 208867 ImuError.cpp:165] gyr saturation
W20250111 18:53:15.430665 208867 ImuError.cpp:165] gyr saturation
W20250111 18:53:15.430672 208867 ImuError.cpp:165] gyr saturation
W20250111 18:53:15.430680 208867 ImuError.cpp:165] gyr saturation
W20250111 18:53:15.430688 208867 ImuError.cpp:165] gyr saturation
W20250111 18:53:15.430696 208867 ImuError.cpp:165] gyr saturation
W20250111 18:53:15.430704 208867 ImuError.cpp:165] gyr saturation
W20250111 18:53:15.430712 208867 ImuError.cpp:165] gyr saturation
W20250111 18:53:15.430721 208867 ImuError.cpp:165] gyr saturation
W20250111 18:53:15.430729 208867 ImuError.cpp:165] gyr saturation
W20250111 18:53:15.430737 208867 ImuError.cpp:165] gyr saturation
W20250111 18:53:15.430745 208867 ImuError.cpp:165] gyr saturation
W20250111 18:53:15.430754 208867 ImuError.cpp:165] gyr saturation
W20250111 18:53:15.430763 208867 ImuError.cpp:165] gyr saturation
W20250111 18:53:15.430770 208867 ImuError.cpp:165] gyr saturation
W20250111 18:53:15.430778 208867 ImuError.cpp:165] gyr saturation
W20250111 18:53:15.430786 208867 ImuError.cpp:165] gyr saturation
W20250111 18:53:15.430799 208867 ImuError.cpp:165] gyr saturation
W20250111 18:53:15.430847 208867 ImuError.cpp:165] gyr saturation
W20250111 18:53:15.430856 208867 ImuError.cpp:165] gyr saturation
W20250111 18:53:15.430866 208867 ImuError.cpp:165] gyr saturation
W20250111 18:53:15.430873 208867 ImuError.cpp:165] gyr saturation
W20250111 18:53:15.430883 208867 ImuError.cpp:165] gyr saturation
W20250111 18:53:15.430894 208867 ImuError.cpp:165] gyr saturation
W20250111 18:53:15.430904 208867 ImuError.cpp:165] gyr saturation
W20250111 18:53:15.430912 208867 ImuError.cpp:165] gyr saturation
W20250111 18:53:15.430922 208867 ImuError.cpp:165] gyr saturation
W20250111 18:53:15.430929 208867 ImuError.cpp:165] gyr saturation
W20250111 18:53:15.430938 208867 ImuError.cpp:165] gyr saturation
W20250111 18:53:15.430948 208867 ImuError.cpp:165] gyr saturation
W20250111 18:53:15.430955 208867 ImuError.cpp:165] gyr saturation
W20250111 18:53:15.430963 208867 ImuError.cpp:165] gyr saturation
W20250111 18:53:15.430971 208867 ImuError.cpp:165] gyr saturation
W20250111 18:53:15.430979 208867 ImuError.cpp:165] gyr saturation
W20250111 18:53:15.430987 208867 ImuError.cpp:165] gyr saturation
W20250111 18:53:15.430996 208867 ImuError.cpp:165] gyr saturation
W20250111 18:53:15.431005 208867 ImuError.cpp:165] gyr saturation
W20250111 18:53:15.431015 208867 ImuError.cpp:165] gyr saturation
W20250111 18:53:15.431022 208867 ImuError.cpp:165] gyr saturation
W20250111 18:53:15.431030 208867 ImuError.cpp:165] gyr saturation
W20250111 18:53:15.431038 208867 ImuError.cpp:165] gyr saturation
W20250111 18:53:15.431046 208867 ImuError.cpp:165] gyr saturation
W20250111 18:53:15.431053 208867 ImuError.cpp:165] gyr saturation
W20250111 18:53:15.431061 208867 ImuError.cpp:165] gyr saturation
W20250111 18:53:15.431068 208867 ImuError.cpp:165] gyr saturation
W20250111 18:53:15.431077 208867 ImuError.cpp:165] gyr saturation
W20250111 18:53:15.431084 208867 ImuError.cpp:165] gyr saturation
W20250111 18:53:15.431092 208867 ImuError.cpp:165] gyr saturation
W20250111 18:53:15.431099 208867 ImuError.cpp:165] gyr saturation
W20250111 18:53:15.431107 208867 ImuError.cpp:165] gyr saturation
W20250111 18:53:15.431114 208867 ImuError.cpp:165] gyr saturation
W20250111 18:53:15.431123 208867 ImuError.cpp:165] gyr saturation
W20250111 18:53:15.431581 10883 ImuError.cpp:650] gyr saturation
W20250111 18:53:15.431627 10883 ImuError.cpp:650] gyr saturation
W20250111 18:53:15.431633 10883 ImuError.cpp:650] gyr saturation
W20250111 18:53:15.431639 10883 ImuError.cpp:650] gyr saturation
W20250111 18:53:15.431644 10883 ImuError.cpp:650] gyr saturation
W20250111 18:53:15.431649 10883 ImuError.cpp:650] gyr saturation
W20250111 18:53:15.431654 10883 ImuError.cpp:650] gyr saturation
W20250111 18:53:15.431659 10883 ImuError.cpp:650] gyr saturation
W20250111 18:53:15.431664 10883 ImuError.cpp:650] gyr saturation
W20250111 18:53:15.431669 10883 ImuError.cpp:650] gyr saturation
W20250111 18:53:15.431674 10883 ImuError.cpp:650] gyr saturation
W20250111 18:53:15.431680 10883 ImuError.cpp:650] gyr saturation
W20250111 18:53:15.431685 10883 ImuError.cpp:650] gyr saturation
W20250111 18:53:15.431690 10883 ImuError.cpp:650] gyr saturation
W20250111 18:53:15.431695 10883 ImuError.cpp:650] gyr saturation
W20250111 18:53:15.431700 10883 ImuError.cpp:650] gyr saturation
W20250111 18:53:15.431706 10883 ImuError.cpp:650] gyr saturation
W20250111 18:53:15.431711 10883 ImuError.cpp:650] gyr saturation
W20250111 18:53:15.431716 10883 ImuError.cpp:650] gyr saturation
W20250111 18:53:15.431721 10883 ImuError.cpp:650] gyr saturation
W20250111 18:53:15.431727 10883 ImuError.cpp:650] gyr saturation
W20250111 18:53:15.431732 10883 ImuError.cpp:650] gyr saturation
W20250111 18:53:15.431737 10883 ImuError.cpp:650] gyr saturation
W20250111 18:53:15.431742 10883 ImuError.cpp:650] gyr saturation
W20250111 18:53:15.431747 10883 ImuError.cpp:650] gyr saturation
W20250111 18:53:15.431753 10883 ImuError.cpp:650] gyr saturation
W20250111 18:53:15.431758 10883 ImuError.cpp:650] gyr saturation
W20250111 18:53:15.431763 10883 ImuError.cpp:650] gyr saturation
W20250111 18:53:15.431775 10883 ImuError.cpp:650] gyr saturation
W20250111 18:53:15.431780 10883 ImuError.cpp:650] gyr saturation
W20250111 18:53:15.431785 10883 ImuError.cpp:650] gyr saturation
W20250111 18:53:15.431792 10883 ImuError.cpp:650] gyr saturation
W20250111 18:53:15.431795 10883 ImuError.cpp:650] gyr saturation
W20250111 18:53:15.431800 10883 ImuError.cpp:650] gyr saturation
W20250111 18:53:15.431859 10883 ImuError.cpp:650] gyr saturation
W20250111 18:53:15.431869 10883 ImuError.cpp:650] gyr saturation
W20250111 18:53:15.431874 10883 ImuError.cpp:650] gyr saturation
W20250111 18:53:15.431878 10883 ImuError.cpp:650] gyr saturation
W20250111 18:53:15.431883 10883 ImuError.cpp:650] gyr saturation
W20250111 18:53:15.431888 10883 ImuError.cpp:650] gyr saturation
W20250111 18:53:15.431895 10883 ImuError.cpp:650] gyr saturation
W20250111 18:53:15.431900 10883 ImuError.cpp:650] gyr saturation
W20250111 18:53:15.431905 10883 ImuError.cpp:650] gyr saturation
W20250111 18:53:15.431910 10883 ImuError.cpp:650] gyr saturation
W20250111 18:53:15.431915 10883 ImuError.cpp:650] gyr saturation
W20250111 18:53:15.431921 10883 ImuError.cpp:650] gyr saturation
W20250111 18:53:15.431926 10883 ImuError.cpp:650] gyr saturation
W20250111 18:53:15.431931 10883 ImuError.cpp:650] gyr saturation
W20250111 18:53:15.431936 10883 ImuError.cpp:650] gyr saturation
W20250111 18:53:15.431941 10883 ImuError.cpp:650] gyr saturation
W20250111 18:53:15.431946 10883 ImuError.cpp:650] gyr saturation
W20250111 18:53:15.431950 10883 ImuError.cpp:650] gyr saturation
W20250111 18:53:15.431955 10883 ImuError.cpp:650] gyr saturation
W20250111 18:53:15.431960 10883 ImuError.cpp:650] gyr saturation
W20250111 18:53:15.431965 10883 ImuError.cpp:650] gyr saturation
W20250111 18:53:15.431970 10883 ImuError.cpp:650] gyr saturation
W20250111 18:53:15.431977 10883 ImuError.cpp:650] gyr saturation
W20250111 18:53:15.431982 10883 ImuError.cpp:650] gyr saturation
W20250111 18:53:15.431985 10883 ImuError.cpp:650] gyr saturation
W20250111 18:53:15.431991 10883 ImuError.cpp:650] gyr saturation
W20250111 18:53:15.431996 10883 ImuError.cpp:650] gyr saturation
W20250111 18:53:15.432001 10883 ImuError.cpp:650] gyr saturation
W20250111 18:53:15.432006 10883 ImuError.cpp:650] gyr saturation
W20250111 18:53:15.432011 10883 ImuError.cpp:650] gyr saturation
W20250111 18:53:15.432016 10883 ImuError.cpp:650] gyr saturation
W20250111 18:53:15.432021 10883 ImuError.cpp:650] gyr saturation
W20250111 18:53:15.432026 10883 ImuError.cpp:650] gyr saturation
W20250111 18:53:15.432031 10883 ImuError.cpp:650] gyr saturation
W20250111 18:53:15.432684 10883 Frontend.cpp:615] 3d2d tracking lost. Number of 3d2d-matches: 0
W20250111 18:53:15.433406 10883 ImuError.cpp:650] gyr saturation
W20250111 18:53:15.433437 10883 ImuError.cpp:650] gyr saturation
W20250111 18:53:15.433446 10883 ImuError.cpp:650] gyr saturation
W20250111 18:53:15.433455 10883 ImuError.cpp:650] gyr saturation
W20250111 18:53:15.433462 10883 ImuError.cpp:650] gyr saturation
W20250111 18:53:15.433470 10883 ImuError.cpp:650] gyr saturation
W20250111 18:53:15.433475 10883 ImuError.cpp:650] gyr saturation
W20250111 18:53:15.433481 10883 ImuError.cpp:650] gyr saturation
W20250111 18:53:15.433487 10883 ImuError.cpp:650] gyr saturation
W20250111 18:53:15.433493 10883 ImuError.cpp:650] gyr saturation
W20250111 18:53:15.433499 10883 ImuError.cpp:650] gyr saturation
W20250111 18:53:15.433504 10883 ImuError.cpp:650] gyr saturation
W20250111 18:53:15.433511 10883 ImuError.cpp:650] gyr saturation
W20250111 18:53:15.433516 10883 ImuError.cpp:650] gyr saturation
W20250111 18:53:15.433522 10883 ImuError.cpp:650] gyr saturation
W20250111 18:53:15.433528 10883 ImuError.cpp:650] gyr saturation
W20250111 18:53:15.433533 10883 ImuError.cpp:650] gyr saturation
W20250111 18:53:15.433539 10883 ImuError.cpp:650] gyr saturation
W20250111 18:53:15.433545 10883 ImuError.cpp:650] gyr saturation
W20250111 18:53:15.433552 10883 ImuError.cpp:650] gyr saturation
W20250111 18:53:15.433557 10883 ImuError.cpp:650] gyr saturation
W20250111 18:53:15.433562 10883 ImuError.cpp:650] gyr saturation
W20250111 18:53:15.433575 10883 ImuError.cpp:650] gyr saturation
W20250111 18:53:15.433580 10883 ImuError.cpp:650] gyr saturation
W20250111 18:53:15.433586 10883 ImuError.cpp:650] gyr saturation
W20250111 18:53:15.433593 10883 ImuError.cpp:650] gyr saturation
W20250111 18:53:15.433597 10883 ImuError.cpp:650] gyr saturation
W20250111 18:53:15.433607 10883 ImuError.cpp:650] gyr saturation
W20250111 18:53:15.433614 10883 ImuError.cpp:650] gyr saturation
W20250111 18:53:15.433619 10883 ImuError.cpp:650] gyr saturation
W20250111 18:53:15.433625 10883 ImuError.cpp:650] gyr saturation
W20250111 18:53:15.433631 10883 ImuError.cpp:650] gyr saturation
W20250111 18:53:15.433636 10883 ImuError.cpp:650] gyr saturation
W20250111 18:53:15.433642 10883 ImuError.cpp:650] gyr saturation
W20250111 18:53:15.433648 10883 ImuError.cpp:650] gyr saturation
W20250111 18:53:15.433655 10883 ImuError.cpp:650] gyr saturation
W20250111 18:53:15.433660 10883 ImuError.cpp:650] gyr saturation
W20250111 18:53:15.433665 10883 ImuError.cpp:650] gyr saturation
W20250111 18:53:15.433670 10883 ImuError.cpp:650] gyr saturation
W20250111 18:53:15.433676 10883 ImuError.cpp:650] gyr saturation
W20250111 18:53:15.433682 10883 ImuError.cpp:650] gyr saturation
W20250111 18:53:15.433687 10883 ImuError.cpp:650] gyr saturation
W20250111 18:53:15.433693 10883 ImuError.cpp:650] gyr saturation
W20250111 18:53:15.433698 10883 ImuError.cpp:650] gyr saturation
W20250111 18:53:15.433704 10883 ImuError.cpp:650] gyr saturation
W20250111 18:53:15.433710 10883 ImuError.cpp:650] gyr saturation
W20250111 18:53:15.433715 10883 ImuError.cpp:650] gyr saturation
W20250111 18:53:15.433722 10883 ImuError.cpp:650] gyr saturation
W20250111 18:53:15.433727 10883 ImuError.cpp:650] gyr saturation
W20250111 18:53:15.433732 10883 ImuError.cpp:650] gyr saturation
W20250111 18:53:15.433737 10883 ImuError.cpp:650] gyr saturation
W20250111 18:53:15.433743 10883 ImuError.cpp:650] gyr saturation
W20250111 18:53:15.433748 10883 ImuError.cpp:650] gyr saturation
W20250111 18:53:15.433754 10883 ImuError.cpp:650] gyr saturation
W20250111 18:53:15.433759 10883 ImuError.cpp:650] gyr saturation
W20250111 18:53:15.433765 10883 ImuError.cpp:650] gyr saturation
W20250111 18:53:15.433771 10883 ImuError.cpp:650] gyr saturation
W20250111 18:53:15.433776 10883 ImuError.cpp:650] gyr saturation
W20250111 18:53:15.433782 10883 ImuError.cpp:650] gyr saturation
W20250111 18:53:15.433787 10883 ImuError.cpp:650] gyr saturation
W20250111 18:53:15.433794 10883 ImuError.cpp:650] gyr saturation
W20250111 18:53:15.433799 10883 ImuError.cpp:650] gyr saturation
W20250111 18:53:15.433804 10883 ImuError.cpp:650] gyr saturation
W20250111 18:53:15.433810 10883 ImuError.cpp:650] gyr saturation
W20250111 18:53:15.433815 10883 ImuError.cpp:650] gyr saturation
W20250111 18:53:15.433821 10883 ImuError.cpp:650] gyr saturation
W20250111 18:53:15.433833 10883 ImuError.cpp:650] gyr saturation
W20250111 18:53:15.433840 10883 ImuError.cpp:650] gyr saturation
W20250111 18:53:15.434963 208893 ImuError.cpp:368] gyr saturation
W20250111 18:53:15.435039 208893 ImuError.cpp:368] gyr saturation
W20250111 18:53:15.435070 208893 ImuError.cpp:368] gyr saturation
W20250111 18:53:15.435101 208893 ImuError.cpp:368] gyr saturation
W20250111 18:53:15.435127 208893 ImuError.cpp:368] gyr saturation
W20250111 18:53:15.435156 208893 ImuError.cpp:368] gyr saturation
W20250111 18:53:15.435180 208893 ImuError.cpp:368] gyr saturation
W20250111 18:53:15.435202 208893 ImuError.cpp:368] gyr saturation
W20250111 18:53:15.435223 208893 ImuError.cpp:368] gyr saturation
W20250111 18:53:15.435245 208893 ImuError.cpp:368] gyr saturation
W20250111 18:53:15.435266 208893 ImuError.cpp:368] gyr saturation
W20250111 18:53:15.435287 208893 ImuError.cpp:368] gyr saturation
W20250111 18:53:15.435307 208893 ImuError.cpp:368] gyr saturation
W20250111 18:53:15.435328 208893 ImuError.cpp:368] gyr saturation
W20250111 18:53:15.435348 208893 ImuError.cpp:368] gyr saturation
W20250111 18:53:15.435371 208893 ImuError.cpp:368] gyr saturation
W20250111 18:53:15.435396 208893 ImuError.cpp:368] gyr saturation
W20250111 18:53:15.435417 208893 ImuError.cpp:368] gyr saturation
W20250111 18:53:15.435437 208893 ImuError.cpp:368] gyr saturation
W20250111 18:53:15.435457 208893 ImuError.cpp:368] gyr saturation
W20250111 18:53:15.435478 208893 ImuError.cpp:368] gyr saturation
W20250111 18:53:15.435499 208893 ImuError.cpp:368] gyr saturation
W20250111 18:53:15.435528 208893 ImuError.cpp:368] gyr saturation
W20250111 18:53:15.435550 208893 ImuError.cpp:368] gyr saturation
W20250111 18:53:15.435571 208893 ImuError.cpp:368] gyr saturation
W20250111 18:53:15.435591 208893 ImuError.cpp:368] gyr saturation
W20250111 18:53:15.435611 208893 ImuError.cpp:368] gyr saturation
W20250111 18:53:15.435632 208893 ImuError.cpp:368] gyr saturation
W20250111 18:53:15.435652 208893 ImuError.cpp:368] gyr saturation
W20250111 18:53:15.435672 208893 ImuError.cpp:368] gyr saturation
W20250111 18:53:15.435693 208893 ImuError.cpp:368] gyr saturation
W20250111 18:53:15.435712 208893 ImuError.cpp:368] gyr saturation
W20250111 18:53:15.435732 208893 ImuError.cpp:368] gyr saturation
W20250111 18:53:15.435753 208893 ImuError.cpp:368] gyr saturation
W20250111 18:53:15.458413 208893 ViSlamBackend.cpp:466] TRACKING FAILURE: quality=0
W20250111 18:53:15.458539 208893 ImuError.cpp:165] gyr saturation
W20250111 18:53:15.458554 208893 ImuError.cpp:165] gyr saturation
W20250111 18:53:15.458562 208893 ImuError.cpp:165] gyr saturation
W20250111 18:53:15.458570 208893 ImuError.cpp:165] gyr saturation
W20250111 18:53:15.458578 208893 ImuError.cpp:165] gyr saturation
W20250111 18:53:15.458587 208893 ImuError.cpp:165] gyr saturation
W20250111 18:53:15.458595 208893 ImuError.cpp:165] gyr saturation
W20250111 18:53:15.458608 208893 ImuError.cpp:165] gyr saturation
W20250111 18:53:15.458617 208893 ImuError.cpp:165] gyr saturation
W20250111 18:53:15.458626 208893 ImuError.cpp:165] gyr saturation
W20250111 18:53:15.458634 208893 ImuError.cpp:165] gyr saturation
W20250111 18:53:15.458643 208893 ImuError.cpp:165] gyr saturation
W20250111 18:53:15.458652 208893 ImuError.cpp:165] gyr saturation
W20250111 18:53:15.458662 208893 ImuError.cpp:165] gyr saturation
W20250111 18:53:15.458670 208893 ImuError.cpp:165] gyr saturation
W20250111 18:53:15.458678 208893 ImuError.cpp:165] gyr saturation
W20250111 18:53:15.458685 208893 ImuError.cpp:165] gyr saturation
W20250111 18:53:15.458694 208893 ImuError.cpp:165] gyr saturation
W20250111 18:53:15.458702 208893 ImuError.cpp:165] gyr saturation
W20250111 18:53:15.458710 208893 ImuError.cpp:165] gyr saturation
W20250111 18:53:15.458717 208893 ImuError.cpp:165] gyr saturation
W20250111 18:53:15.458725 208893 ImuError.cpp:165] gyr saturation
W20250111 18:53:15.458734 208893 ImuError.cpp:165] gyr saturation
W20250111 18:53:15.458740 208893 ImuError.cpp:165] gyr saturation
W20250111 18:53:15.458748 208893 ImuError.cpp:165] gyr saturation
W20250111 18:53:15.458756 208893 ImuError.cpp:165] gyr saturation
W20250111 18:53:15.458763 208893 ImuError.cpp:165] gyr saturation
W20250111 18:53:15.458771 208893 ImuError.cpp:165] gyr saturation
W20250111 18:53:15.458778 208893 ImuError.cpp:165] gyr saturation
W20250111 18:53:15.458786 208893 ImuError.cpp:165] gyr saturation
W20250111 18:53:15.458793 208893 ImuError.cpp:165] gyr saturation
W20250111 18:53:15.458801 208893 ImuError.cpp:165] gyr saturation
W20250111 18:53:15.458809 208893 ImuError.cpp:165] gyr saturation
W20250111 18:53:15.458817 208893 ImuError.cpp:165] gyr saturation
W20250111 18:53:15.458860 208893 ImuError.cpp:165] gyr saturation
W20250111 18:53:15.458869 208893 ImuError.cpp:165] gyr saturation
W20250111 18:53:15.458878 208893 ImuError.cpp:165] gyr saturation
W20250111 18:53:15.458884 208893 ImuError.cpp:165] gyr saturation
W20250111 18:53:15.458892 208893 ImuError.cpp:165] gyr saturation
W20250111 18:53:15.458900 208893 ImuError.cpp:165] gyr saturation
W20250111 18:53:15.458909 208893 ImuError.cpp:165] gyr saturation
W20250111 18:53:15.458916 208893 ImuError.cpp:165] gyr saturation
W20250111 18:53:15.458923 208893 ImuError.cpp:165] gyr saturation
W20250111 18:53:15.458937 208893 ImuError.cpp:165] gyr saturation
W20250111 18:53:15.458945 208893 ImuError.cpp:165] gyr saturation
W20250111 18:53:15.458953 208893 ImuError.cpp:165] gyr saturation
W20250111 18:53:15.458961 208893 ImuError.cpp:165] gyr saturation
W20250111 18:53:15.458968 208893 ImuError.cpp:165] gyr saturation
W20250111 18:53:15.458976 208893 ImuError.cpp:165] gyr saturation
W20250111 18:53:15.458987 208893 ImuError.cpp:165] gyr saturation
W20250111 18:53:15.458995 208893 ImuError.cpp:165] gyr saturation
W20250111 18:53:15.459003 208893 ImuError.cpp:165] gyr saturation
W20250111 18:53:15.459012 208893 ImuError.cpp:165] gyr saturation
W20250111 18:53:15.459018 208893 ImuError.cpp:165] gyr saturation
W20250111 18:53:15.459026 208893 ImuError.cpp:165] gyr saturation
W20250111 18:53:15.459034 208893 ImuError.cpp:165] gyr saturation
W20250111 18:53:15.459041 208893 ImuError.cpp:165] gyr saturation
W20250111 18:53:15.459049 208893 ImuError.cpp:165] gyr saturation
W20250111 18:53:15.459056 208893 ImuError.cpp:165] gyr saturation
W20250111 18:53:15.459064 208893 ImuError.cpp:165] gyr saturation
W20250111 18:53:15.459071 208893 ImuError.cpp:165] gyr saturation
W20250111 18:53:15.459079 208893 ImuError.cpp:165] gyr saturation
W20250111 18:53:15.459087 208893 ImuError.cpp:165] gyr saturation
W20250111 18:53:15.459095 208893 ImuError.cpp:165] gyr saturation
W20250111 18:53:15.459102 208893 ImuError.cpp:165] gyr saturation
W20250111 18:53:15.459110 208893 ImuError.cpp:165] gyr saturation
W20250111 18:53:15.459117 208893 ImuError.cpp:165] gyr saturation
W20250111 18:53:15.459125 208893 ImuError.cpp:165] gyr saturation
W20250111 18:53:15.459800 10883 ImuError.cpp:650] gyr saturation
W20250111 18:53:15.459848 10883 ImuError.cpp:650] gyr saturation
W20250111 18:53:15.459854 10883 ImuError.cpp:650] gyr saturation
W20250111 18:53:15.459859 10883 ImuError.cpp:650] gyr saturation
W20250111 18:53:15.459865 10883 ImuError.cpp:650] gyr saturation
W20250111 18:53:15.459872 10883 ImuError.cpp:650] gyr saturation
W20250111 18:53:15.459877 10883 ImuError.cpp:650] gyr saturation
W20250111 18:53:15.459883 10883 ImuError.cpp:650] gyr saturation
W20250111 18:53:15.459890 10883 ImuError.cpp:650] gyr saturation
W20250111 18:53:15.459896 10883 ImuError.cpp:650] gyr saturation
W20250111 18:53:15.459903 10883 ImuError.cpp:650] gyr saturation
W20250111 18:53:15.459908 10883 ImuError.cpp:650] gyr saturation
W20250111 18:53:15.459913 10883 ImuError.cpp:650] gyr saturation
W20250111 18:53:15.459918 10883 ImuError.cpp:650] gyr saturation
W20250111 18:53:15.459924 10883 ImuError.cpp:650] gyr saturation
W20250111 18:53:15.459930 10883 ImuError.cpp:650] gyr saturation
W20250111 18:53:15.459936 10883 ImuError.cpp:650] gyr saturation
W20250111 18:53:15.459942 10883 ImuError.cpp:650] gyr saturation
W20250111 18:53:15.459947 10883 ImuError.cpp:650] gyr saturation
W20250111 18:53:15.459954 10883 ImuError.cpp:650] gyr saturation
W20250111 18:53:15.459960 10883 ImuError.cpp:650] gyr saturation
W20250111 18:53:15.459965 10883 ImuError.cpp:650] gyr saturation
W20250111 18:53:15.459971 10883 ImuError.cpp:650] gyr saturation
W20250111 18:53:15.459976 10883 ImuError.cpp:650] gyr saturation
W20250111 18:53:15.459981 10883 ImuError.cpp:650] gyr saturation
W20250111 18:53:15.459987 10883 ImuError.cpp:650] gyr saturation
W20250111 18:53:15.459993 10883 ImuError.cpp:650] gyr saturation
W20250111 18:53:15.459998 10883 ImuError.cpp:650] gyr saturation
W20250111 18:53:15.460004 10883 ImuError.cpp:650] gyr saturation
W20250111 18:53:15.460009 10883 ImuError.cpp:650] gyr saturation
W20250111 18:53:15.460016 10883 ImuError.cpp:650] gyr saturation
W20250111 18:53:15.460021 10883 ImuError.cpp:650] gyr saturation
W20250111 18:53:15.460026 10883 ImuError.cpp:650] gyr saturation
W20250111 18:53:15.460031 10883 ImuError.cpp:650] gyr saturation
W20250111 18:53:15.460037 10883 ImuError.cpp:650] gyr saturation
W20250111 18:53:15.460228 10883 ImuError.cpp:650] gyr saturation
W20250111 18:53:15.460239 10883 ImuError.cpp:650] gyr saturation
W20250111 18:53:15.460244 10883 ImuError.cpp:650] gyr saturation
W20250111 18:53:15.460258 10883 ImuError.cpp:650] gyr saturation
W20250111 18:53:15.460263 10883 ImuError.cpp:650] gyr saturation
W20250111 18:53:15.460269 10883 ImuError.cpp:650] gyr saturation
W20250111 18:53:15.460276 10883 ImuError.cpp:650] gyr saturation
W20250111 18:53:15.460282 10883 ImuError.cpp:650] gyr saturation
W20250111 18:53:15.460292 10883 ImuError.cpp:650] gyr saturation
W20250111 18:53:15.460299 10883 ImuError.cpp:650] gyr saturation
W20250111 18:53:15.460305 10883 ImuError.cpp:650] gyr saturation
W20250111 18:53:15.460311 10883 ImuError.cpp:650] gyr saturation
W20250111 18:53:15.460317 10883 ImuError.cpp:650] gyr saturation
W20250111 18:53:15.460323 10883 ImuError.cpp:650] gyr saturation
W20250111 18:53:15.460328 10883 ImuError.cpp:650] gyr saturation
W20250111 18:53:15.460335 10883 ImuError.cpp:650] gyr saturation
W20250111 18:53:15.460340 10883 ImuError.cpp:650] gyr saturation
W20250111 18:53:15.460345 10883 ImuError.cpp:650] gyr saturation
W20250111 18:53:15.460351 10883 ImuError.cpp:650] gyr saturation
W20250111 18:53:15.460357 10883 ImuError.cpp:650] gyr saturation
W20250111 18:53:15.460362 10883 ImuError.cpp:650] gyr saturation
W20250111 18:53:15.460369 10883 ImuError.cpp:650] gyr saturation
W20250111 18:53:15.460374 10883 ImuError.cpp:650] gyr saturation
W20250111 18:53:15.460381 10883 ImuError.cpp:650] gyr saturation
W20250111 18:53:15.460386 10883 ImuError.cpp:650] gyr saturation
W20250111 18:53:15.460392 10883 ImuError.cpp:650] gyr saturation
W20250111 18:53:15.460397 10883 ImuError.cpp:650] gyr saturation
W20250111 18:53:15.460403 10883 ImuError.cpp:650] gyr saturation
W20250111 18:53:15.460410 10883 ImuError.cpp:650] gyr saturation
W20250111 18:53:15.460417 10883 ImuError.cpp:650] gyr saturation
W20250111 18:53:15.460422 10883 ImuError.cpp:650] gyr saturation
W20250111 18:53:15.460427 10883 ImuError.cpp:650] gyr saturation
W20250111 18:53:15.460433 10883 ImuError.cpp:650] gyr saturation
W20250111 18:53:15.460438 10883 ImuError.cpp:650] gyr saturation
W20250111 18:53:15.460445 10883 ImuError.cpp:650] gyr saturation
W20250111 18:53:15.461031 10883 Frontend.cpp:615] 3d2d tracking lost. Number of 3d2d-matches: 0
W20250111 18:53:15.461877 10883 ImuError.cpp:650] gyr saturation
W20250111 18:53:15.461910 10883 ImuError.cpp:650] gyr saturation
W20250111 18:53:15.461917 10883 ImuError.cpp:650] gyr saturation
W20250111 18:53:15.461923 10883 ImuError.cpp:650] gyr saturation
W20250111 18:53:15.461930 10883 ImuError.cpp:650] gyr saturation
W20250111 18:53:15.461934 10883 ImuError.cpp:650] gyr saturation
W20250111 18:53:15.461941 10883 ImuError.cpp:650] gyr saturation
W20250111 18:53:15.461946 10883 ImuError.cpp:650] gyr saturation
W20250111 18:53:15.461952 10883 ImuError.cpp:650] gyr saturation
W20250111 18:53:15.461958 10883 ImuError.cpp:650] gyr saturation
W20250111 18:53:15.461964 10883 ImuError.cpp:650] gyr saturation
W20250111 18:53:15.461969 10883 ImuError.cpp:650] gyr saturation
W20250111 18:53:15.461975 10883 ImuError.cpp:650] gyr saturation
W20250111 18:53:15.461980 10883 ImuError.cpp:650] gyr saturation
W20250111 18:53:15.461987 10883 ImuError.cpp:650] gyr saturation
W20250111 18:53:15.461992 10883 ImuError.cpp:650] gyr saturation
W20250111 18:53:15.461997 10883 ImuError.cpp:650] gyr saturation
W20250111 18:53:15.462002 10883 ImuError.cpp:650] gyr saturation
W20250111 18:53:15.462009 10883 ImuError.cpp:650] gyr saturation
W20250111 18:53:15.462014 10883 ImuError.cpp:650] gyr saturation
W20250111 18:53:15.462020 10883 ImuError.cpp:650] gyr saturation
W20250111 18:53:15.462028 10883 ImuError.cpp:650] gyr saturation
W20250111 18:53:15.462033 10883 ImuError.cpp:650] gyr saturation
W20250111 18:53:15.462038 10883 ImuError.cpp:650] gyr saturation
W20250111 18:53:15.462044 10883 ImuError.cpp:650] gyr saturation
W20250111 18:53:15.462050 10883 ImuError.cpp:650] gyr saturation
W20250111 18:53:15.462055 10883 ImuError.cpp:650] gyr saturation
W20250111 18:53:15.462061 10883 ImuError.cpp:650] gyr saturation
W20250111 18:53:15.462067 10883 ImuError.cpp:650] gyr saturation
W20250111 18:53:15.462080 10883 ImuError.cpp:650] gyr saturation
W20250111 18:53:15.462085 10883 ImuError.cpp:650] gyr saturation
W20250111 18:53:15.462090 10883 ImuError.cpp:650] gyr saturation
W20250111 18:53:15.462096 10883 ImuError.cpp:650] gyr saturation
W20250111 18:53:15.462102 10883 ImuError.cpp:650] gyr saturation
W20250111 18:53:15.462108 10883 ImuError.cpp:650] gyr saturation
W20250111 18:53:15.462118 10883 ImuError.cpp:650] gyr saturation
W20250111 18:53:15.462126 10883 ImuError.cpp:650] gyr saturation
W20250111 18:53:15.462131 10883 ImuError.cpp:650] gyr saturation
W20250111 18:53:15.462136 10883 ImuError.cpp:650] gyr saturation
W20250111 18:53:15.462142 10883 ImuError.cpp:650] gyr saturation
W20250111 18:53:15.462148 10883 ImuError.cpp:650] gyr saturation
W20250111 18:53:15.462155 10883 ImuError.cpp:650] gyr saturation
W20250111 18:53:15.462160 10883 ImuError.cpp:650] gyr saturation
W20250111 18:53:15.462167 10883 ImuError.cpp:650] gyr saturation
W20250111 18:53:15.462172 10883 ImuError.cpp:650] gyr saturation
W20250111 18:53:15.462178 10883 ImuError.cpp:650] gyr saturation
W20250111 18:53:15.462184 10883 ImuError.cpp:650] gyr saturation
W20250111 18:53:15.462190 10883 ImuError.cpp:650] gyr saturation
W20250111 18:53:15.462195 10883 ImuError.cpp:650] gyr saturation
W20250111 18:53:15.462201 10883 ImuError.cpp:650] gyr saturation
W20250111 18:53:15.462208 10883 ImuError.cpp:650] gyr saturation
W20250111 18:53:15.462213 10883 ImuError.cpp:650] gyr saturation
W20250111 18:53:15.462218 10883 ImuError.cpp:650] gyr saturation
W20250111 18:53:15.462224 10883 ImuError.cpp:650] gyr saturation
W20250111 18:53:15.462230 10883 ImuError.cpp:650] gyr saturation
W20250111 18:53:15.462235 10883 ImuError.cpp:650] gyr saturation
W20250111 18:53:15.462241 10883 ImuError.cpp:650] gyr saturation
W20250111 18:53:15.462247 10883 ImuError.cpp:650] gyr saturation
W20250111 18:53:15.462252 10883 ImuError.cpp:650] gyr saturation
W20250111 18:53:15.462258 10883 ImuError.cpp:650] gyr saturation
W20250111 18:53:15.462265 10883 ImuError.cpp:650] gyr saturation
W20250111 18:53:15.462270 10883 ImuError.cpp:650] gyr saturation
W20250111 18:53:15.462276 10883 ImuError.cpp:650] gyr saturation
W20250111 18:53:15.462282 10883 ImuError.cpp:650] gyr saturation
W20250111 18:53:15.462288 10883 ImuError.cpp:650] gyr saturation
W20250111 18:53:15.462294 10883 ImuError.cpp:650] gyr saturation
W20250111 18:53:15.462301 10883 ImuError.cpp:650] gyr saturation
W20250111 18:53:15.462306 10883 ImuError.cpp:650] gyr saturation
W20250111 18:53:15.462927 10898 ImuError.cpp:368] gyr saturation
W20250111 18:53:15.463016 10898 ImuError.cpp:368] gyr saturation
W20250111 18:53:15.463030 10898 ImuError.cpp:368] gyr saturation
W20250111 18:53:15.463045 10898 ImuError.cpp:368] gyr saturation
W20250111 18:53:15.463057 10898 ImuError.cpp:368] gyr saturation
W20250111 18:53:15.463068 10898 ImuError.cpp:368] gyr saturation
W20250111 18:53:15.463079 10898 ImuError.cpp:368] gyr saturation
W20250111 18:53:15.463091 10898 ImuError.cpp:368] gyr saturation
W20250111 18:53:15.463105 10898 ImuError.cpp:368] gyr saturation
W20250111 18:53:15.463117 10898 ImuError.cpp:368] gyr saturation
W20250111 18:53:15.463129 10898 ImuError.cpp:368] gyr saturation
W20250111 18:53:15.463142 10898 ImuError.cpp:368] gyr saturation
W20250111 18:53:15.463153 10898 ImuError.cpp:368] gyr saturation
W20250111 18:53:15.463165 10898 ImuError.cpp:368] gyr saturation
W20250111 18:53:15.463178 10898 ImuError.cpp:368] gyr saturation
W20250111 18:53:15.463191 10898 ImuError.cpp:368] gyr saturation
W20250111 18:53:15.463202 10898 ImuError.cpp:368] gyr saturation
W20250111 18:53:15.463214 10898 ImuError.cpp:368] gyr saturation
W20250111 18:53:15.463227 10898 ImuError.cpp:368] gyr saturation
W20250111 18:53:15.463238 10898 ImuError.cpp:368] gyr saturation
W20250111 18:53:15.463249 10898 ImuError.cpp:368] gyr saturation
W20250111 18:53:15.463260 10898 ImuError.cpp:368] gyr saturation
W20250111 18:53:15.463272 10898 ImuError.cpp:368] gyr saturation
W20250111 18:53:15.463284 10898 ImuError.cpp:368] gyr saturation
W20250111 18:53:15.463307 10898 ImuError.cpp:368] gyr saturation
W20250111 18:53:15.463320 10898 ImuError.cpp:368] gyr saturation
W20250111 18:53:15.463332 10898 ImuError.cpp:368] gyr saturation
W20250111 18:53:15.463344 10898 ImuError.cpp:368] gyr saturation
W20250111 18:53:15.463356 10898 ImuError.cpp:368] gyr saturation
W20250111 18:53:15.463368 10898 ImuError.cpp:368] gyr saturation
W20250111 18:53:15.463387 10898 ImuError.cpp:368] gyr saturation
W20250111 18:53:15.463399 10898 ImuError.cpp:368] gyr saturation
W20250111 18:53:15.463411 10898 ImuError.cpp:368] gyr saturation
W20250111 18:53:15.463423 10898 ImuError.cpp:368] gyr saturation
W20250111 18:53:15.463434 10898 ImuError.cpp:368] gyr saturation
W20250111 18:53:15.500880 208919 ViSlamBackend.cpp:466] TRACKING FAILURE: quality=0
W20250111 18:53:15.501034 208919 ImuError.cpp:165] gyr saturation
W20250111 18:53:15.501061 208919 ImuError.cpp:165] gyr saturation
W20250111 18:53:15.501073 208919 ImuError.cpp:165] gyr saturation
W20250111 18:53:15.501085 208919 ImuError.cpp:165] gyr saturation
W20250111 18:53:15.501096 208919 ImuError.cpp:165] gyr saturation
W20250111 18:53:15.501107 208919 ImuError.cpp:165] gyr saturation
W20250111 18:53:15.501117 208919 ImuError.cpp:165] gyr saturation
W20250111 18:53:15.501128 208919 ImuError.cpp:165] gyr saturation
W20250111 18:53:15.501138 208919 ImuError.cpp:165] gyr saturation
W20250111 18:53:15.501149 208919 ImuError.cpp:165] gyr saturation
W20250111 18:53:15.501159 208919 ImuError.cpp:165] gyr saturation
W20250111 18:53:15.501169 208919 ImuError.cpp:165] gyr saturation
W20250111 18:53:15.501180 208919 ImuError.cpp:165] gyr saturation
W20250111 18:53:15.501190 208919 ImuError.cpp:165] gyr saturation
W20250111 18:53:15.501201 208919 ImuError.cpp:165] gyr saturation
W20250111 18:53:15.501212 208919 ImuError.cpp:165] gyr saturation
W20250111 18:53:15.501222 208919 ImuError.cpp:165] gyr saturation
W20250111 18:53:15.501233 208919 ImuError.cpp:165] gyr saturation
W20250111 18:53:15.501243 208919 ImuError.cpp:165] gyr saturation
W20250111 18:53:15.501255 208919 ImuError.cpp:165] gyr saturation
W20250111 18:53:15.501264 208919 ImuError.cpp:165] gyr saturation
W20250111 18:53:15.501276 208919 ImuError.cpp:165] gyr saturation
W20250111 18:53:15.501286 208919 ImuError.cpp:165] gyr saturation
W20250111 18:53:15.501297 208919 ImuError.cpp:165] gyr saturation
W20250111 18:53:15.501308 208919 ImuError.cpp:165] gyr saturation
W20250111 18:53:15.501318 208919 ImuError.cpp:165] gyr saturation
W20250111 18:53:15.501329 208919 ImuError.cpp:165] gyr saturation
W20250111 18:53:15.501340 208919 ImuError.cpp:165] gyr saturation
W20250111 18:53:15.501350 208919 ImuError.cpp:165] gyr saturation
W20250111 18:53:15.501361 208919 ImuError.cpp:165] gyr saturation
W20250111 18:53:15.501372 208919 ImuError.cpp:165] gyr saturation
W20250111 18:53:15.501382 208919 ImuError.cpp:165] gyr saturation
W20250111 18:53:15.501394 208919 ImuError.cpp:165] gyr saturation
W20250111 18:53:15.501405 208919 ImuError.cpp:165] gyr saturation
W20250111 18:53:15.501415 208919 ImuError.cpp:165] gyr saturation
W20250111 18:53:15.501480 208919 ImuError.cpp:165] gyr saturation
W20250111 18:53:15.501495 208919 ImuError.cpp:165] gyr saturation
W20250111 18:53:15.501506 208919 ImuError.cpp:165] gyr saturation
W20250111 18:53:15.501518 208919 ImuError.cpp:165] gyr saturation
W20250111 18:53:15.501528 208919 ImuError.cpp:165] gyr saturation
W20250111 18:53:15.501539 208919 ImuError.cpp:165] gyr saturation
W20250111 18:53:15.501549 208919 ImuError.cpp:165] gyr saturation
W20250111 18:53:15.501560 208919 ImuError.cpp:165] gyr saturation
W20250111 18:53:15.501571 208919 ImuError.cpp:165] gyr saturation
W20250111 18:53:15.501581 208919 ImuError.cpp:165] gyr saturation
W20250111 18:53:15.501592 208919 ImuError.cpp:165] gyr saturation
W20250111 18:53:15.501603 208919 ImuError.cpp:165] gyr saturation
W20250111 18:53:15.501613 208919 ImuError.cpp:165] gyr saturation
W20250111 18:53:15.501624 208919 ImuError.cpp:165] gyr saturation
W20250111 18:53:15.501636 208919 ImuError.cpp:165] gyr saturation
W20250111 18:53:15.501657 208919 ImuError.cpp:165] gyr saturation
W20250111 18:53:15.501669 208919 ImuError.cpp:165] gyr saturation
W20250111 18:53:15.501680 208919 ImuError.cpp:165] gyr saturation
W20250111 18:53:15.501690 208919 ImuError.cpp:165] gyr saturation
W20250111 18:53:15.501701 208919 ImuError.cpp:165] gyr saturation
W20250111 18:53:15.501713 208919 ImuError.cpp:165] gyr saturation
W20250111 18:53:15.501729 208919 ImuError.cpp:165] gyr saturation
W20250111 18:53:15.501740 208919 ImuError.cpp:165] gyr saturation
W20250111 18:53:15.501751 208919 ImuError.cpp:165] gyr saturation
W20250111 18:53:15.501761 208919 ImuError.cpp:165] gyr saturation
W20250111 18:53:15.501772 208919 ImuError.cpp:165] gyr saturation
W20250111 18:53:15.501783 208919 ImuError.cpp:165] gyr saturation
W20250111 18:53:15.501794 208919 ImuError.cpp:165] gyr saturation
W20250111 18:53:15.501806 208919 ImuError.cpp:165] gyr saturation
W20250111 18:53:15.501816 208919 ImuError.cpp:165] gyr saturation
W20250111 18:53:15.501834 208919 ImuError.cpp:165] gyr saturation
W20250111 18:53:15.501847 208919 ImuError.cpp:165] gyr saturation
W20250111 18:53:15.501857 208919 ImuError.cpp:165] gyr saturation
W20250111 18:53:15.501868 208919 ImuError.cpp:165] gyr saturation
W20250111 18:53:15.501878 208919 ImuError.cpp:165] gyr saturation
W20250111 18:53:15.502229 10883 ImuError.cpp:650] gyr saturation
W20250111 18:53:15.502256 10883 ImuError.cpp:650] gyr saturation
W20250111 18:53:15.502264 10883 ImuError.cpp:650] gyr saturation
W20250111 18:53:15.502269 10883 ImuError.cpp:650] gyr saturation
W20250111 18:53:15.502275 10883 ImuError.cpp:650] gyr saturation
W20250111 18:53:15.502281 10883 ImuError.cpp:650] gyr saturation
W20250111 18:53:15.502286 10883 ImuError.cpp:650] gyr saturation
W20250111 18:53:15.502292 10883 ImuError.cpp:650] gyr saturation
W20250111 18:53:15.502298 10883 ImuError.cpp:650] gyr saturation
W20250111 18:53:15.502303 10883 ImuError.cpp:650] gyr saturation
W20250111 18:53:15.502310 10883 ImuError.cpp:650] gyr saturation
W20250111 18:53:15.502315 10883 ImuError.cpp:650] gyr saturation
W20250111 18:53:15.502321 10883 ImuError.cpp:650] gyr saturation
W20250111 18:53:15.502326 10883 ImuError.cpp:650] gyr saturation
W20250111 18:53:15.502331 10883 ImuError.cpp:650] gyr saturation
W20250111 18:53:15.502336 10883 ImuError.cpp:650] gyr saturation
W20250111 18:53:15.502342 10883 ImuError.cpp:650] gyr saturation
W20250111 18:53:15.502348 10883 ImuError.cpp:650] gyr saturation
W20250111 18:53:15.502353 10883 ImuError.cpp:650] gyr saturation
W20250111 18:53:15.502359 10883 ImuError.cpp:650] gyr saturation
W20250111 18:53:15.502365 10883 ImuError.cpp:650] gyr saturation
W20250111 18:53:15.502370 10883 ImuError.cpp:650] gyr saturation
W20250111 18:53:15.502377 10883 ImuError.cpp:650] gyr saturation
W20250111 18:53:15.502383 10883 ImuError.cpp:650] gyr saturation
W20250111 18:53:15.502389 10883 ImuError.cpp:650] gyr saturation
W20250111 18:53:15.502396 10883 ImuError.cpp:650] gyr saturation
W20250111 18:53:15.502403 10883 ImuError.cpp:650] gyr saturation
W20250111 18:53:15.502408 10883 ImuError.cpp:650] gyr saturation
W20250111 18:53:15.502414 10883 ImuError.cpp:650] gyr saturation
W20250111 18:53:15.502419 10883 ImuError.cpp:650] gyr saturation
W20250111 18:53:15.502426 10883 ImuError.cpp:650] gyr saturation
W20250111 18:53:15.502431 10883 ImuError.cpp:650] gyr saturation
W20250111 18:53:15.502439 10883 ImuError.cpp:650] gyr saturation
W20250111 18:53:15.502444 10883 ImuError.cpp:650] gyr saturation
W20250111 18:53:15.502488 10883 ImuError.cpp:650] gyr saturation
W20250111 18:53:15.502497 10883 ImuError.cpp:650] gyr saturation
W20250111 18:53:15.502503 10883 ImuError.cpp:650] gyr saturation
W20250111 18:53:15.502509 10883 ImuError.cpp:650] gyr saturation
W20250111 18:53:15.502516 10883 ImuError.cpp:650] gyr saturation
W20250111 18:53:15.502521 10883 ImuError.cpp:650] gyr saturation
W20250111 18:53:15.502526 10883 ImuError.cpp:650] gyr saturation
W20250111 18:53:15.502532 10883 ImuError.cpp:650] gyr saturation
W20250111 18:53:15.502537 10883 ImuError.cpp:650] gyr saturation
W20250111 18:53:15.502549 10883 ImuError.cpp:650] gyr saturation
W20250111 18:53:15.502557 10883 ImuError.cpp:650] gyr saturation
W20250111 18:53:15.502562 10883 ImuError.cpp:650] gyr saturation
W20250111 18:53:15.502568 10883 ImuError.cpp:650] gyr saturation
W20250111 18:53:15.502575 10883 ImuError.cpp:650] gyr saturation
W20250111 18:53:15.502585 10883 ImuError.cpp:650] gyr saturation
W20250111 18:53:15.502591 10883 ImuError.cpp:650] gyr saturation
W20250111 18:53:15.502597 10883 ImuError.cpp:650] gyr saturation
W20250111 18:53:15.502604 10883 ImuError.cpp:650] gyr saturation
W20250111 18:53:15.502609 10883 ImuError.cpp:650] gyr saturation
W20250111 18:53:15.502615 10883 ImuError.cpp:650] gyr saturation
W20250111 18:53:15.502620 10883 ImuError.cpp:650] gyr saturation
W20250111 18:53:15.502625 10883 ImuError.cpp:650] gyr saturation
W20250111 18:53:15.502631 10883 ImuError.cpp:650] gyr saturation
W20250111 18:53:15.502637 10883 ImuError.cpp:650] gyr saturation
W20250111 18:53:15.502643 10883 ImuError.cpp:650] gyr saturation
W20250111 18:53:15.502648 10883 ImuError.cpp:650] gyr saturation
W20250111 18:53:15.502653 10883 ImuError.cpp:650] gyr saturation
W20250111 18:53:15.502660 10883 ImuError.cpp:650] gyr saturation
W20250111 18:53:15.502665 10883 ImuError.cpp:650] gyr saturation
W20250111 18:53:15.502671 10883 ImuError.cpp:650] gyr saturation
W20250111 18:53:15.502676 10883 ImuError.cpp:650] gyr saturation
W20250111 18:53:15.502681 10883 ImuError.cpp:650] gyr saturation
W20250111 18:53:15.502686 10883 ImuError.cpp:650] gyr saturation
W20250111 18:53:15.502691 10883 ImuError.cpp:650] gyr saturation
W20250111 18:53:15.503214 10883 Frontend.cpp:615] 3d2d tracking lost. Number of 3d2d-matches: 0
W20250111 18:53:15.503931 10883 ImuError.cpp:650] gyr saturation
W20250111 18:53:15.503975 10883 ImuError.cpp:650] gyr saturation
W20250111 18:53:15.503984 10883 ImuError.cpp:650] gyr saturation
W20250111 18:53:15.503990 10883 ImuError.cpp:650] gyr saturation
W20250111 18:53:15.503995 10883 ImuError.cpp:650] gyr saturation
W20250111 18:53:15.504001 10883 ImuError.cpp:650] gyr saturation
W20250111 18:53:15.504007 10883 ImuError.cpp:650] gyr saturation
W20250111 18:53:15.504012 10883 ImuError.cpp:650] gyr saturation
W20250111 18:53:15.504019 10883 ImuError.cpp:650] gyr saturation
W20250111 18:53:15.504024 10883 ImuError.cpp:650] gyr saturation
W20250111 18:53:15.504029 10883 ImuError.cpp:650] gyr saturation
W20250111 18:53:15.504034 10883 ImuError.cpp:650] gyr saturation
W20250111 18:53:15.504040 10883 ImuError.cpp:650] gyr saturation
W20250111 18:53:15.504046 10883 ImuError.cpp:650] gyr saturation
W20250111 18:53:15.504052 10883 ImuError.cpp:650] gyr saturation
W20250111 18:53:15.504058 10883 ImuError.cpp:650] gyr saturation
W20250111 18:53:15.504065 10883 ImuError.cpp:650] gyr saturation
W20250111 18:53:15.504069 10883 ImuError.cpp:650] gyr saturation
W20250111 18:53:15.504076 10883 ImuError.cpp:650] gyr saturation
W20250111 18:53:15.504082 10883 ImuError.cpp:650] gyr saturation
W20250111 18:53:15.504088 10883 ImuError.cpp:650] gyr saturation
W20250111 18:53:15.504094 10883 ImuError.cpp:650] gyr saturation
W20250111 18:53:15.504101 10883 ImuError.cpp:650] gyr saturation
W20250111 18:53:15.504105 10883 ImuError.cpp:650] gyr saturation
W20250111 18:53:15.504112 10883 ImuError.cpp:650] gyr saturation
W20250111 18:53:15.504117 10883 ImuError.cpp:650] gyr saturation
W20250111 18:53:15.504122 10883 ImuError.cpp:650] gyr saturation
W20250111 18:53:15.504128 10883 ImuError.cpp:650] gyr saturation
W20250111 18:53:15.504133 10883 ImuError.cpp:650] gyr saturation
W20250111 18:53:15.504140 10883 ImuError.cpp:650] gyr saturation
W20250111 18:53:15.504148 10883 ImuError.cpp:650] gyr saturation
W20250111 18:53:15.504153 10883 ImuError.cpp:650] gyr saturation
W20250111 18:53:15.504159 10883 ImuError.cpp:650] gyr saturation
W20250111 18:53:15.504165 10883 ImuError.cpp:650] gyr saturation
W20250111 18:53:15.504170 10883 ImuError.cpp:650] gyr saturation
W20250111 18:53:15.504175 10883 ImuError.cpp:650] gyr saturation
W20250111 18:53:15.504191 10883 ImuError.cpp:650] gyr saturation
W20250111 18:53:15.504199 10883 ImuError.cpp:650] gyr saturation
W20250111 18:53:15.504204 10883 ImuError.cpp:650] gyr saturation
W20250111 18:53:15.504209 10883 ImuError.cpp:650] gyr saturation
W20250111 18:53:15.504215 10883 ImuError.cpp:650] gyr saturation
W20250111 18:53:15.504221 10883 ImuError.cpp:650] gyr saturation
W20250111 18:53:15.504235 10883 ImuError.cpp:650] gyr saturation
W20250111 18:53:15.504241 10883 ImuError.cpp:650] gyr saturation
W20250111 18:53:15.504248 10883 ImuError.cpp:650] gyr saturation
W20250111 18:53:15.504253 10883 ImuError.cpp:650] gyr saturation
W20250111 18:53:15.504259 10883 ImuError.cpp:650] gyr saturation
W20250111 18:53:15.504266 10883 ImuError.cpp:650] gyr saturation
W20250111 18:53:15.504274 10883 ImuError.cpp:650] gyr saturation
W20250111 18:53:15.506697 10897 ImuError.cpp:368] gyr saturation
W20250111 18:53:15.506736 10897 ImuError.cpp:368] gyr saturation
W20250111 18:53:15.506747 10897 ImuError.cpp:368] gyr saturation
W20250111 18:53:15.506754 10897 ImuError.cpp:368] gyr saturation
W20250111 18:53:15.506763 10897 ImuError.cpp:368] gyr saturation
W20250111 18:53:15.506772 10897 ImuError.cpp:368] gyr saturation
W20250111 18:53:15.506780 10897 ImuError.cpp:368] gyr saturation
W20250111 18:53:15.506788 10897 ImuError.cpp:368] gyr saturation
W20250111 18:53:15.506795 10897 ImuError.cpp:368] gyr saturation
W20250111 18:53:15.506803 10897 ImuError.cpp:368] gyr saturation
W20250111 18:53:15.506809 10897 ImuError.cpp:368] gyr saturation
W20250111 18:53:15.506817 10897 ImuError.cpp:368] gyr saturation
W20250111 18:53:15.506827 10897 ImuError.cpp:368] gyr saturation
W20250111 18:53:15.506834 10897 ImuError.cpp:368] gyr saturation
W20250111 18:53:15.506842 10897 ImuError.cpp:368] gyr saturation
W20250111 18:53:15.506850 10897 ImuError.cpp:368] gyr saturation
W20250111 18:53:15.506857 10897 ImuError.cpp:368] gyr saturation
W20250111 18:53:15.506865 10897 ImuError.cpp:368] gyr saturation
W20250111 18:53:15.506872 10897 ImuError.cpp:368] gyr saturation
W20250111 18:53:15.506880 10897 ImuError.cpp:368] gyr saturation
W20250111 18:53:15.506888 10897 ImuError.cpp:368] gyr saturation
W20250111 18:53:15.506896 10897 ImuError.cpp:368] gyr saturation
W20250111 18:53:15.506904 10897 ImuError.cpp:368] gyr saturation
W20250111 18:53:15.506912 10897 ImuError.cpp:368] gyr saturation
W20250111 18:53:15.506920 10897 ImuError.cpp:368] gyr saturation
W20250111 18:53:15.506927 10897 ImuError.cpp:368] gyr saturation
W20250111 18:53:15.506935 10897 ImuError.cpp:368] gyr saturation
W20250111 18:53:15.506943 10897 ImuError.cpp:368] gyr saturation
W20250111 18:53:15.506951 10897 ImuError.cpp:368] gyr saturation
W20250111 18:53:15.506959 10897 ImuError.cpp:368] gyr saturation
W20250111 18:53:15.506968 10897 ImuError.cpp:368] gyr saturation
W20250111 18:53:15.506974 10897 ImuError.cpp:368] gyr saturation
W20250111 18:53:15.506982 10897 ImuError.cpp:368] gyr saturation
W20250111 18:53:15.506990 10897 ImuError.cpp:368] gyr saturation
W20250111 18:53:15.519479 208945 ViSlamBackend.cpp:466] TRACKING FAILURE: quality=0
W20250111 18:53:15.520627 10883 ImuError.cpp:650] gyr saturation
W20250111 18:53:15.520653 10883 ImuError.cpp:650] gyr saturation
W20250111 18:53:15.520659 10883 ImuError.cpp:650] gyr saturation
W20250111 18:53:15.520664 10883 ImuError.cpp:650] gyr saturation
W20250111 18:53:15.520669 10883 ImuError.cpp:650] gyr saturation
W20250111 18:53:15.520674 10883 ImuError.cpp:650] gyr saturation
W20250111 18:53:15.520679 10883 ImuError.cpp:650] gyr saturation
W20250111 18:53:15.520684 10883 ImuError.cpp:650] gyr saturation
W20250111 18:53:15.520690 10883 ImuError.cpp:650] gyr saturation
W20250111 18:53:15.520695 10883 ImuError.cpp:650] gyr saturation
W20250111 18:53:15.520700 10883 ImuError.cpp:650] gyr saturation
W20250111 18:53:15.520705 10883 ImuError.cpp:650] gyr saturation
W20250111 18:53:15.520710 10883 ImuError.cpp:650] gyr saturation
W20250111 18:53:15.520715 10883 ImuError.cpp:650] gyr saturation
W20250111 18:53:15.520720 10883 ImuError.cpp:650] gyr saturation
W20250111 18:53:15.520733 10883 ImuError.cpp:650] gyr saturation
W20250111 18:53:15.520828 10883 ImuError.cpp:650] gyr saturation
W20250111 18:53:15.520836 10883 ImuError.cpp:650] gyr saturation
W20250111 18:53:15.520843 10883 ImuError.cpp:650] gyr saturation
W20250111 18:53:15.520848 10883 ImuError.cpp:650] gyr saturation
W20250111 18:53:15.520852 10883 ImuError.cpp:650] gyr saturation
W20250111 18:53:15.520862 10883 ImuError.cpp:650] gyr saturation
W20250111 18:53:15.520869 10883 ImuError.cpp:650] gyr saturation
W20250111 18:53:15.520874 10883 ImuError.cpp:650] gyr saturation
W20250111 18:53:15.520879 10883 ImuError.cpp:650] gyr saturation
W20250111 18:53:15.520884 10883 ImuError.cpp:650] gyr saturation
W20250111 18:53:15.520888 10883 ImuError.cpp:650] gyr saturation
W20250111 18:53:15.520893 10883 ImuError.cpp:650] gyr saturation
W20250111 18:53:15.520898 10883 ImuError.cpp:650] gyr saturation
W20250111 18:53:15.520903 10883 ImuError.cpp:650] gyr saturation
W20250111 18:53:15.520907 10883 ImuError.cpp:650] gyr saturation
W20250111 18:53:15.520913 10883 ImuError.cpp:650] gyr saturation
W20250111 18:53:15.521505 10883 Frontend.cpp:615] 3d2d tracking lost. Number of 3d2d-matches: 1
W20250111 18:53:15.522804 10883 ImuError.cpp:650] gyr saturation
W20250111 18:53:15.522861 10883 ImuError.cpp:650] gyr saturation
W20250111 18:53:15.522867 10883 ImuError.cpp:650] gyr saturation
W20250111 18:53:15.522873 10883 ImuError.cpp:650] gyr saturation
W20250111 18:53:15.522879 10883 ImuError.cpp:650] gyr saturation
W20250111 18:53:15.522886 10883 ImuError.cpp:650] gyr saturation
W20250111 18:53:15.522890 10883 ImuError.cpp:650] gyr saturation
W20250111 18:53:15.522897 10883 ImuError.cpp:650] gyr saturation
W20250111 18:53:15.522902 10883 ImuError.cpp:650] gyr saturation
W20250111 18:53:15.522907 10883 ImuError.cpp:650] gyr saturation
W20250111 18:53:15.522912 10883 ImuError.cpp:650] gyr saturation
W20250111 18:53:15.522917 10883 ImuError.cpp:650] gyr saturation
W20250111 18:53:15.522923 10883 ImuError.cpp:650] gyr saturation
W20250111 18:53:15.522928 10883 ImuError.cpp:650] gyr saturation
W20250111 18:53:15.522934 10883 ImuError.cpp:650] gyr saturation
W20250111 18:53:15.522940 10883 ImuError.cpp:650] gyr saturation
W20250111 18:53:15.523901 208979 ImuError.cpp:368] gyr saturation
W20250111 18:53:15.523948 208979 ImuError.cpp:368] gyr saturation
W20250111 18:53:15.523962 208979 ImuError.cpp:368] gyr saturation
W20250111 18:53:15.523973 208979 ImuError.cpp:368] gyr saturation
W20250111 18:53:15.523983 208979 ImuError.cpp:368] gyr saturation
W20250111 18:53:15.523996 208979 ImuError.cpp:368] gyr saturation
W20250111 18:53:15.524005 208979 ImuError.cpp:368] gyr saturation
W20250111 18:53:15.524016 208979 ImuError.cpp:368] gyr saturation
W20250111 18:53:15.524026 208979 ImuError.cpp:368] gyr saturation
W20250111 18:53:15.524036 208979 ImuError.cpp:368] gyr saturation
W20250111 18:53:15.524046 208979 ImuError.cpp:368] gyr saturation
W20250111 18:53:15.524056 208979 ImuError.cpp:368] gyr saturation
W20250111 18:53:15.524066 208979 ImuError.cpp:368] gyr saturation
W20250111 18:53:15.524075 208979 ImuError.cpp:368] gyr saturation
W20250111 18:53:15.524085 208979 ImuError.cpp:368] gyr saturation
W20250111 18:53:15.524094 208979 ImuError.cpp:368] gyr saturation
W20250111 18:53:15.550606 208979 ViSlamBackend.cpp:466] TRACKING FAILURE: quality=0
W20250111 18:53:15.558059 10883 Frontend.cpp:612] 3d2d tracking weak: quality=0. Number of 3d2d-matches: 4
I20250111 18:53:16.134442 10883 okvis_app_synchronous.cpp:210] OKVIS Timing
-----------
1 DetectAndDescribe                	   3241	00:00:06.136371	(00:00:00.001893 +- 00:00:00.000390)	[00:00:00.000945,00:00:00.005651]
2 Match                            	   3241	00:00:20.541732	(00:00:00.006338 +- 00:00:00.002582)	[00:00:00.000203,00:00:00.014483]
2.01 match to map                  	   3240	00:00:14.796610	(00:00:00.004567 +- 00:00:00.002187)	[00:00:00.000053,00:00:00.011487]
2.02 match motion stereo           	   3240	00:00:04.053586	(00:00:00.001251 +- 00:00:00.000416)	[00:00:00.000063,00:00:00.005115]
2.02.1 match motion stereo: prepare	   3240	00:00:00.917870	(00:00:00.000283 +- 00:00:00.000108)	[00:00:00.000001,00:00:00.000877]
2.10 match stereo                  	    869	00:00:00.032808	(00:00:00.000038 +- 00:00:00.000045)	[00:00:00.000001,00:00:00.000461]
3 Optimise                         	   3240	00:00:49.958073	(00:00:00.015419 +- 00:00:00.008965)	[00:00:00.001047,00:00:00.079445]
4 Prepare publishing               	   3240	00:00:02.645160	(00:00:00.000816 +- 00:00:00.000335)	[00:00:00.000054,00:00:00.002307]
6 Visualising                      	   3240	00:00:00.000694	(00:00:00.000000 +- 00:00:00.000000)	[00:00:00.000000,00:00:00.000001]
7 Marginalise                      	   3240	00:00:05.650530	(00:00:00.001744 +- 00:00:00.000749)	[00:00:00.000007,00:00:00.006960]
7.1 check/handle lost              	   3240	00:00:00.096627	(00:00:00.000030 +- 00:00:00.000020)	[00:00:00.000000,00:00:00.000197]
7.2 eliminate IMU frames           	   3240	00:00:02.553983	(00:00:00.000788 +- 00:00:00.000574)	[00:00:00.000000,00:00:00.002763]
7.3 convert to posegraph           	   1050	00:00:00.798577	(00:00:00.000761 +- 00:00:00.000425)	[00:00:00.000094,00:00:00.003077]
7.4 freezing                       	   3239	00:00:00.003490	(00:00:00.000001 +- 00:00:00.000002)	[00:00:00.000000,00:00:00.000035]
7.6 expand                         	   3209	00:00:00.702555	(00:00:00.000219 +- 00:00:00.000112)	[00:00:00.000031,00:00:00.001117]
7.7 prune place recognition frames 	   3239	00:00:00.719978	(00:00:00.000222 +- 00:00:00.000122)	[00:00:00.000002,00:00:00.000796]
I20250111 18:53:16.134549 10883 okvis_app_synchronous.cpp:219] Progress: 60% (0.5 [1%/s], ETA: 80s)
I20250111 18:53:16.951063 10883 Frontend.cpp:2274] RANSAC FAIL: 8 inliers, ratio = 0.8
I20250111 18:53:17.735376 10883 Frontend.cpp:2274] RANSAC FAIL: 63 inliers, ratio = 0.670213
I20250111 18:53:17.763552 10883 Frontend.cpp:2274] RANSAC FAIL: 55 inliers, ratio = 0.662651
I20250111 18:53:18.445375 10883 okvis_app_synchronous.cpp:210] OKVIS Timing
-----------
1 DetectAndDescribe                	   3295	00:00:06.244388	(00:00:00.001895 +- 00:00:00.000389)	[00:00:00.000945,00:00:00.005651]
2 Match                            	   3295	00:00:20.863704	(00:00:00.006332 +- 00:00:00.002564)	[00:00:00.000203,00:00:00.014483]
2.01 match to map                  	   3294	00:00:15.035737	(00:00:00.004565 +- 00:00:00.002170)	[00:00:00.000053,00:00:00.011487]
2.02 match motion stereo           	   3294	00:00:04.114244	(00:00:00.001249 +- 00:00:00.000414)	[00:00:00.000063,00:00:00.005115]
2.02.1 match motion stereo: prepare	   3294	00:00:00.931598	(00:00:00.000283 +- 00:00:00.000108)	[00:00:00.000001,00:00:00.000877]
2.10 match stereo                  	    886	00:00:00.033423	(00:00:00.000038 +- 00:00:00.000045)	[00:00:00.000001,00:00:00.000461]
3 Optimise                         	   3294	00:00:51.772464	(00:00:00.015717 +- 00:00:00.009306)	[00:00:00.001047,00:00:00.079445]
4 Prepare publishing               	   3294	00:00:02.703373	(00:00:00.000821 +- 00:00:00.000335)	[00:00:00.000054,00:00:00.002307]
6 Visualising                      	   3294	00:00:00.000712	(00:00:00.000000 +- 00:00:00.000000)	[00:00:00.000000,00:00:00.000001]
7 Marginalise                      	   3294	00:00:05.758643	(00:00:00.001748 +- 00:00:00.000747)	[00:00:00.000007,00:00:00.006960]
7.1 check/handle lost              	   3294	00:00:00.098406	(00:00:00.000030 +- 00:00:00.000020)	[00:00:00.000000,00:00:00.000197]
7.2 eliminate IMU frames           	   3294	00:00:02.600372	(00:00:00.000789 +- 00:00:00.000575)	[00:00:00.000000,00:00:00.002763]
7.3 convert to posegraph           	   1067	00:00:00.815327	(00:00:00.000764 +- 00:00:00.000424)	[00:00:00.000094,00:00:00.003077]
7.4 freezing                       	   3293	00:00:00.003613	(00:00:00.000001 +- 00:00:00.000002)	[00:00:00.000000,00:00:00.000035]
7.6 expand                         	   3263	00:00:00.716222	(00:00:00.000219 +- 00:00:00.000112)	[00:00:00.000031,00:00:00.001117]
7.7 prune place recognition frames 	   3293	00:00:00.734265	(00:00:00.000223 +- 00:00:00.000121)	[00:00:00.000002,00:00:00.000796]
I20250111 18:53:18.445453 10883 okvis_app_synchronous.cpp:219] Progress: 61% (0.5 [1%/s], ETA: 78s)
I20250111 18:53:20.132975 10883 okvis_app_synchronous.cpp:210] OKVIS Timing
-----------
1 DetectAndDescribe                	   3349	00:00:06.360352	(00:00:00.001899 +- 00:00:00.000390)	[00:00:00.000945,00:00:00.005651]
2 Match                            	   3349	00:00:21.241713	(00:00:00.006343 +- 00:00:00.002548)	[00:00:00.000203,00:00:00.014483]
2.01 match to map                  	   3348	00:00:15.325020	(00:00:00.004577 +- 00:00:00.002158)	[00:00:00.000053,00:00:00.011487]
2.02 match motion stereo           	   3348	00:00:04.176250	(00:00:00.001247 +- 00:00:00.000412)	[00:00:00.000063,00:00:00.005115]
2.02.1 match motion stereo: prepare	   3348	00:00:00.950097	(00:00:00.000284 +- 00:00:00.000108)	[00:00:00.000001,00:00:00.000877]
2.10 match stereo                  	    889	00:00:00.033671	(00:00:00.000038 +- 00:00:00.000045)	[00:00:00.000001,00:00:00.000461]
3 Optimise                         	   3348	00:00:52.853435	(00:00:00.015787 +- 00:00:00.009254)	[00:00:00.001047,00:00:00.079445]
4 Prepare publishing               	   3348	00:00:02.773748	(00:00:00.000828 +- 00:00:00.000339)	[00:00:00.000054,00:00:00.002307]
6 Visualising                      	   3348	00:00:00.000730	(00:00:00.000000 +- 00:00:00.000000)	[00:00:00.000000,00:00:00.000001]
7 Marginalise                      	   3348	00:00:05.908979	(00:00:00.001765 +- 00:00:00.000755)	[00:00:00.000007,00:00:00.006960]
7.1 check/handle lost              	   3348	00:00:00.100853	(00:00:00.000030 +- 00:00:00.000020)	[00:00:00.000000,00:00:00.000197]
7.2 eliminate IMU frames           	   3348	00:00:02.681867	(00:00:00.000801 +- 00:00:00.000582)	[00:00:00.000000,00:00:00.002763]
7.3 convert to posegraph           	   1072	00:00:00.821005	(00:00:00.000766 +- 00:00:00.000425)	[00:00:00.000094,00:00:00.003077]
7.4 freezing                       	   3347	00:00:00.003652	(00:00:00.000001 +- 00:00:00.000002)	[00:00:00.000000,00:00:00.000035]
7.6 expand                         	   3317	00:00:00.733650	(00:00:00.000221 +- 00:00:00.000112)	[00:00:00.000031,00:00:00.001117]
7.7 prune place recognition frames 	   3347	00:00:00.757413	(00:00:00.000226 +- 00:00:00.000123)	[00:00:00.000002,00:00:00.000796]
I20250111 18:53:20.133077 10883 okvis_app_synchronous.cpp:219] Progress: 62% (1 [1%/s], ETA: 38s)
I20250111 18:53:21.004900 10883 Frontend.cpp:2274] RANSAC FAIL: 52 inliers, ratio = 0.666667
I20250111 18:53:21.619979 10883 okvis_app_synchronous.cpp:210] OKVIS Timing
-----------
1 DetectAndDescribe                	   3403	00:00:06.467359	(00:00:00.001900 +- 00:00:00.000390)	[00:00:00.000945,00:00:00.005651]
2 Match                            	   3403	00:00:21.573058	(00:00:00.006339 +- 00:00:00.002533)	[00:00:00.000203,00:00:00.014483]
2.01 match to map                  	   3402	00:00:15.563617	(00:00:00.004575 +- 00:00:00.002144)	[00:00:00.000053,00:00:00.011487]
2.02 match motion stereo           	   3402	00:00:04.244441	(00:00:00.001248 +- 00:00:00.000411)	[00:00:00.000063,00:00:00.005115]
2.02.1 match motion stereo: prepare	   3402	00:00:00.965852	(00:00:00.000284 +- 00:00:00.000107)	[00:00:00.000001,00:00:00.000877]
2.10 match stereo                  	    915	00:00:00.034143	(00:00:00.000037 +- 00:00:00.000045)	[00:00:00.000001,00:00:00.000461]
3 Optimise                         	   3402	00:00:53.832408	(00:00:00.015824 +- 00:00:00.009190)	[00:00:00.001047,00:00:00.079445]
4 Prepare publishing               	   3402	00:00:02.827746	(00:00:00.000831 +- 00:00:00.000339)	[00:00:00.000054,00:00:00.002307]
6 Visualising                      	   3402	00:00:00.000747	(00:00:00.000000 +- 00:00:00.000000)	[00:00:00.000000,00:00:00.000001]
7 Marginalise                      	   3402	00:00:06.024104	(00:00:00.001771 +- 00:00:00.000754)	[00:00:00.000007,00:00:00.006960]
7.1 check/handle lost              	   3402	00:00:00.102417	(00:00:00.000030 +- 00:00:00.000020)	[00:00:00.000000,00:00:00.000197]
7.2 eliminate IMU frames           	   3402	00:00:02.718014	(00:00:00.000799 +- 00:00:00.000583)	[00:00:00.000000,00:00:00.002763]
7.3 convert to posegraph           	   1098	00:00:00.851609	(00:00:00.000776 +- 00:00:00.000428)	[00:00:00.000094,00:00:00.003077]
7.4 freezing                       	   3401	00:00:00.003745	(00:00:00.000001 +- 00:00:00.000002)	[00:00:00.000000,00:00:00.000035]
7.6 expand                         	   3371	00:00:00.748327	(00:00:00.000222 +- 00:00:00.000112)	[00:00:00.000031,00:00:00.001117]
7.7 prune place recognition frames 	   3401	00:00:00.772729	(00:00:00.000227 +- 00:00:00.000123)	[00:00:00.000002,00:00:00.000796]
I20250111 18:53:21.620088 10883 okvis_app_synchronous.cpp:219] Progress: 63% (1 [1%/s], ETA: 37s)
W20250111 18:53:21.667917 10883 ImuError.cpp:650] gyr saturation
W20250111 18:53:21.667955 10883 ImuError.cpp:650] gyr saturation
W20250111 18:53:21.667963 10883 ImuError.cpp:650] gyr saturation
W20250111 18:53:21.667969 10883 ImuError.cpp:650] gyr saturation
W20250111 18:53:21.667972 10883 ImuError.cpp:650] gyr saturation
W20250111 18:53:21.667976 10883 ImuError.cpp:650] gyr saturation
W20250111 18:53:21.667980 10883 ImuError.cpp:650] gyr saturation
W20250111 18:53:21.667984 10883 ImuError.cpp:650] gyr saturation
W20250111 18:53:21.667987 10883 ImuError.cpp:650] gyr saturation
W20250111 18:53:21.667991 10883 ImuError.cpp:650] gyr saturation
W20250111 18:53:21.667999 10883 ImuError.cpp:650] gyr saturation
W20250111 18:53:21.668004 10883 ImuError.cpp:650] gyr saturation
W20250111 18:53:21.668007 10883 ImuError.cpp:650] gyr saturation
W20250111 18:53:21.668010 10883 ImuError.cpp:650] gyr saturation
W20250111 18:53:21.668013 10883 ImuError.cpp:650] gyr saturation
W20250111 18:53:21.668017 10883 ImuError.cpp:650] gyr saturation
W20250111 18:53:21.668020 10883 ImuError.cpp:650] gyr saturation
W20250111 18:53:21.668025 10883 ImuError.cpp:650] gyr saturation
W20250111 18:53:21.668027 10883 ImuError.cpp:650] gyr saturation
W20250111 18:53:21.668030 10883 ImuError.cpp:650] gyr saturation
W20250111 18:53:21.668035 10883 ImuError.cpp:650] gyr saturation
W20250111 18:53:21.668038 10883 ImuError.cpp:650] gyr saturation
W20250111 18:53:21.668042 10883 ImuError.cpp:650] gyr saturation
W20250111 18:53:21.668045 10883 ImuError.cpp:650] gyr saturation
W20250111 18:53:21.668048 10883 ImuError.cpp:650] gyr saturation
W20250111 18:53:21.668052 10883 ImuError.cpp:650] gyr saturation
W20250111 18:53:21.668056 10883 ImuError.cpp:650] gyr saturation
W20250111 18:53:21.668059 10883 ImuError.cpp:650] gyr saturation
W20250111 18:53:21.668062 10883 ImuError.cpp:650] gyr saturation
W20250111 18:53:21.668066 10883 ImuError.cpp:650] gyr saturation
W20250111 18:53:21.668069 10883 ImuError.cpp:650] gyr saturation
W20250111 18:53:21.668072 10883 ImuError.cpp:650] gyr saturation
W20250111 18:53:21.668076 10883 ImuError.cpp:650] gyr saturation
W20250111 18:53:21.689792 10883 ImuError.cpp:650] gyr saturation
W20250111 18:53:21.689812 10883 ImuError.cpp:650] gyr saturation
W20250111 18:53:21.689815 10883 ImuError.cpp:650] gyr saturation
W20250111 18:53:21.689818 10883 ImuError.cpp:650] gyr saturation
W20250111 18:53:21.689822 10883 ImuError.cpp:650] gyr saturation
W20250111 18:53:21.689829 10883 ImuError.cpp:650] gyr saturation
W20250111 18:53:21.689832 10883 ImuError.cpp:650] gyr saturation
W20250111 18:53:21.689836 10883 ImuError.cpp:650] gyr saturation
W20250111 18:53:21.689838 10883 ImuError.cpp:650] gyr saturation
W20250111 18:53:21.689842 10883 ImuError.cpp:650] gyr saturation
W20250111 18:53:21.689846 10883 ImuError.cpp:650] gyr saturation
W20250111 18:53:21.689852 10883 ImuError.cpp:650] gyr saturation
W20250111 18:53:21.689857 10883 ImuError.cpp:650] gyr saturation
W20250111 18:53:21.689862 10883 ImuError.cpp:650] gyr saturation
W20250111 18:53:21.689865 10883 ImuError.cpp:650] gyr saturation
W20250111 18:53:21.689869 10883 ImuError.cpp:650] gyr saturation
W20250111 18:53:21.689879 10883 ImuError.cpp:650] gyr saturation
W20250111 18:53:21.689883 10883 ImuError.cpp:650] gyr saturation
W20250111 18:53:21.689888 10883 ImuError.cpp:650] gyr saturation
W20250111 18:53:21.689891 10883 ImuError.cpp:650] gyr saturation
W20250111 18:53:21.689895 10883 ImuError.cpp:650] gyr saturation
W20250111 18:53:21.689900 10883 ImuError.cpp:650] gyr saturation
W20250111 18:53:21.689905 10883 ImuError.cpp:650] gyr saturation
W20250111 18:53:21.689909 10883 ImuError.cpp:650] gyr saturation
W20250111 18:53:21.689913 10883 ImuError.cpp:650] gyr saturation
W20250111 18:53:21.689924 10883 ImuError.cpp:650] gyr saturation
W20250111 18:53:21.689929 10883 ImuError.cpp:650] gyr saturation
W20250111 18:53:21.689932 10883 ImuError.cpp:650] gyr saturation
W20250111 18:53:21.689936 10883 ImuError.cpp:650] gyr saturation
W20250111 18:53:21.689942 10883 ImuError.cpp:650] gyr saturation
W20250111 18:53:21.689946 10883 ImuError.cpp:650] gyr saturation
W20250111 18:53:21.689950 10883 ImuError.cpp:650] gyr saturation
W20250111 18:53:21.689954 10883 ImuError.cpp:650] gyr saturation
W20250111 18:53:21.690116 10883 ImuError.cpp:650] gyr saturation
W20250111 18:53:21.690121 10883 ImuError.cpp:650] gyr saturation
W20250111 18:53:21.690127 10883 ImuError.cpp:650] gyr saturation
W20250111 18:53:21.690130 10883 ImuError.cpp:650] gyr saturation
W20250111 18:53:21.690135 10883 ImuError.cpp:650] gyr saturation
W20250111 18:53:21.690138 10883 ImuError.cpp:650] gyr saturation
W20250111 18:53:21.690142 10883 ImuError.cpp:650] gyr saturation
W20250111 18:53:21.690147 10883 ImuError.cpp:650] gyr saturation
W20250111 18:53:21.690152 10883 ImuError.cpp:650] gyr saturation
W20250111 18:53:21.690156 10883 ImuError.cpp:650] gyr saturation
W20250111 18:53:21.690160 10883 ImuError.cpp:650] gyr saturation
W20250111 18:53:21.690164 10883 ImuError.cpp:650] gyr saturation
W20250111 18:53:21.690168 10883 ImuError.cpp:650] gyr saturation
W20250111 18:53:21.690172 10883 ImuError.cpp:650] gyr saturation
W20250111 18:53:21.690176 10883 ImuError.cpp:650] gyr saturation
W20250111 18:53:21.690179 10883 ImuError.cpp:650] gyr saturation
W20250111 18:53:21.690183 10883 ImuError.cpp:650] gyr saturation
W20250111 18:53:21.690188 10883 ImuError.cpp:650] gyr saturation
W20250111 18:53:21.690192 10883 ImuError.cpp:650] gyr saturation
W20250111 18:53:21.690196 10883 ImuError.cpp:650] gyr saturation
W20250111 18:53:21.690199 10883 ImuError.cpp:650] gyr saturation
W20250111 18:53:21.690203 10883 ImuError.cpp:650] gyr saturation
W20250111 18:53:21.690207 10883 ImuError.cpp:650] gyr saturation
W20250111 18:53:21.690212 10883 ImuError.cpp:650] gyr saturation
W20250111 18:53:21.690215 10883 ImuError.cpp:650] gyr saturation
W20250111 18:53:21.690219 10883 ImuError.cpp:650] gyr saturation
W20250111 18:53:21.690223 10883 ImuError.cpp:650] gyr saturation
W20250111 18:53:21.690227 10883 ImuError.cpp:650] gyr saturation
W20250111 18:53:21.690232 10883 ImuError.cpp:650] gyr saturation
W20250111 18:53:21.690237 10883 ImuError.cpp:650] gyr saturation
W20250111 18:53:21.690243 10883 ImuError.cpp:650] gyr saturation
W20250111 18:53:21.690248 10883 ImuError.cpp:650] gyr saturation
W20250111 18:53:21.690251 10883 ImuError.cpp:650] gyr saturation
W20250111 18:53:21.692400 10883 ImuError.cpp:368] gyr saturation
W20250111 18:53:21.692430 10883 ImuError.cpp:368] gyr saturation
W20250111 18:53:21.692437 10883 ImuError.cpp:368] gyr saturation
W20250111 18:53:21.692446 10883 ImuError.cpp:368] gyr saturation
W20250111 18:53:21.692458 10883 ImuError.cpp:368] gyr saturation
W20250111 18:53:21.692466 10883 ImuError.cpp:368] gyr saturation
W20250111 18:53:21.692476 10883 ImuError.cpp:368] gyr saturation
W20250111 18:53:21.692484 10883 ImuError.cpp:368] gyr saturation
W20250111 18:53:21.692492 10883 ImuError.cpp:368] gyr saturation
W20250111 18:53:21.692499 10883 ImuError.cpp:368] gyr saturation
W20250111 18:53:21.692507 10883 ImuError.cpp:368] gyr saturation
W20250111 18:53:21.692515 10883 ImuError.cpp:368] gyr saturation
W20250111 18:53:21.692523 10883 ImuError.cpp:368] gyr saturation
W20250111 18:53:21.692531 10883 ImuError.cpp:368] gyr saturation
W20250111 18:53:21.692538 10883 ImuError.cpp:368] gyr saturation
W20250111 18:53:21.692546 10883 ImuError.cpp:368] gyr saturation
W20250111 18:53:21.692554 10883 ImuError.cpp:368] gyr saturation
W20250111 18:53:21.692562 10883 ImuError.cpp:368] gyr saturation
W20250111 18:53:21.692570 10883 ImuError.cpp:368] gyr saturation
W20250111 18:53:21.692579 10883 ImuError.cpp:368] gyr saturation
W20250111 18:53:21.692586 10883 ImuError.cpp:368] gyr saturation
W20250111 18:53:21.692595 10883 ImuError.cpp:368] gyr saturation
W20250111 18:53:21.692610 10883 ImuError.cpp:368] gyr saturation
W20250111 18:53:21.692617 10883 ImuError.cpp:368] gyr saturation
W20250111 18:53:21.692626 10883 ImuError.cpp:368] gyr saturation
W20250111 18:53:21.692633 10883 ImuError.cpp:368] gyr saturation
W20250111 18:53:21.692641 10883 ImuError.cpp:368] gyr saturation
W20250111 18:53:21.692649 10883 ImuError.cpp:368] gyr saturation
W20250111 18:53:21.692657 10883 ImuError.cpp:368] gyr saturation
W20250111 18:53:21.692665 10883 ImuError.cpp:368] gyr saturation
W20250111 18:53:21.692673 10883 ImuError.cpp:368] gyr saturation
W20250111 18:53:21.692682 10883 ImuError.cpp:368] gyr saturation
W20250111 18:53:21.692689 10883 ImuError.cpp:368] gyr saturation
W20250111 18:53:21.695744 10883 ImuError.cpp:650] gyr saturation
W20250111 18:53:21.695767 10883 ImuError.cpp:650] gyr saturation
W20250111 18:53:21.695772 10883 ImuError.cpp:650] gyr saturation
W20250111 18:53:21.695775 10883 ImuError.cpp:650] gyr saturation
W20250111 18:53:21.695782 10883 ImuError.cpp:650] gyr saturation
W20250111 18:53:21.695786 10883 ImuError.cpp:650] gyr saturation
W20250111 18:53:21.695791 10883 ImuError.cpp:650] gyr saturation
W20250111 18:53:21.695794 10883 ImuError.cpp:650] gyr saturation
W20250111 18:53:21.695797 10883 ImuError.cpp:650] gyr saturation
W20250111 18:53:21.695801 10883 ImuError.cpp:650] gyr saturation
W20250111 18:53:21.695806 10883 ImuError.cpp:650] gyr saturation
W20250111 18:53:21.695809 10883 ImuError.cpp:650] gyr saturation
W20250111 18:53:21.695818 10883 ImuError.cpp:650] gyr saturation
W20250111 18:53:21.695822 10883 ImuError.cpp:650] gyr saturation
W20250111 18:53:21.695828 10883 ImuError.cpp:650] gyr saturation
W20250111 18:53:21.695832 10883 ImuError.cpp:650] gyr saturation
W20250111 18:53:21.695835 10883 ImuError.cpp:650] gyr saturation
W20250111 18:53:21.695839 10883 ImuError.cpp:650] gyr saturation
W20250111 18:53:21.695844 10883 ImuError.cpp:650] gyr saturation
W20250111 18:53:21.695849 10883 ImuError.cpp:650] gyr saturation
W20250111 18:53:21.695853 10883 ImuError.cpp:650] gyr saturation
W20250111 18:53:21.695858 10883 ImuError.cpp:650] gyr saturation
W20250111 18:53:21.695861 10883 ImuError.cpp:650] gyr saturation
W20250111 18:53:21.695865 10883 ImuError.cpp:650] gyr saturation
W20250111 18:53:21.695869 10883 ImuError.cpp:650] gyr saturation
W20250111 18:53:21.695873 10883 ImuError.cpp:650] gyr saturation
W20250111 18:53:21.695876 10883 ImuError.cpp:650] gyr saturation
W20250111 18:53:21.695879 10883 ImuError.cpp:650] gyr saturation
W20250111 18:53:21.695883 10883 ImuError.cpp:650] gyr saturation
W20250111 18:53:21.695887 10883 ImuError.cpp:650] gyr saturation
W20250111 18:53:21.695890 10883 ImuError.cpp:650] gyr saturation
W20250111 18:53:21.695894 10883 ImuError.cpp:650] gyr saturation
W20250111 18:53:21.695897 10883 ImuError.cpp:650] gyr saturation
W20250111 18:53:21.695901 10883 ImuError.cpp:650] gyr saturation
W20250111 18:53:21.695905 10883 ImuError.cpp:650] gyr saturation
W20250111 18:53:21.695909 10883 ImuError.cpp:650] gyr saturation
W20250111 18:53:21.695912 10883 ImuError.cpp:650] gyr saturation
W20250111 18:53:21.695915 10883 ImuError.cpp:650] gyr saturation
W20250111 18:53:21.695919 10883 ImuError.cpp:650] gyr saturation
W20250111 18:53:21.695922 10883 ImuError.cpp:650] gyr saturation
W20250111 18:53:21.695926 10883 ImuError.cpp:650] gyr saturation
W20250111 18:53:21.695930 10883 ImuError.cpp:650] gyr saturation
W20250111 18:53:21.695935 10883 ImuError.cpp:650] gyr saturation
W20250111 18:53:21.695937 10883 ImuError.cpp:650] gyr saturation
W20250111 18:53:21.695941 10883 ImuError.cpp:650] gyr saturation
W20250111 18:53:21.695945 10883 ImuError.cpp:650] gyr saturation
W20250111 18:53:21.695948 10883 ImuError.cpp:650] gyr saturation
W20250111 18:53:21.695951 10883 ImuError.cpp:650] gyr saturation
W20250111 18:53:21.695955 10883 ImuError.cpp:650] gyr saturation
W20250111 18:53:21.695958 10883 ImuError.cpp:650] gyr saturation
W20250111 18:53:21.695962 10883 ImuError.cpp:650] gyr saturation
W20250111 18:53:21.695966 10883 ImuError.cpp:650] gyr saturation
W20250111 18:53:21.695974 10883 ImuError.cpp:650] gyr saturation
W20250111 18:53:21.695978 10883 ImuError.cpp:650] gyr saturation
W20250111 18:53:21.695982 10883 ImuError.cpp:650] gyr saturation
W20250111 18:53:21.695986 10883 ImuError.cpp:650] gyr saturation
W20250111 18:53:21.695989 10883 ImuError.cpp:650] gyr saturation
W20250111 18:53:21.695992 10883 ImuError.cpp:650] gyr saturation
W20250111 18:53:21.695996 10883 ImuError.cpp:650] gyr saturation
W20250111 18:53:21.695999 10883 ImuError.cpp:650] gyr saturation
W20250111 18:53:21.696003 10883 ImuError.cpp:650] gyr saturation
W20250111 18:53:21.696007 10883 ImuError.cpp:650] gyr saturation
W20250111 18:53:21.696010 10883 ImuError.cpp:650] gyr saturation
W20250111 18:53:21.696014 10883 ImuError.cpp:650] gyr saturation
W20250111 18:53:21.696017 10883 ImuError.cpp:650] gyr saturation
W20250111 18:53:21.696022 10883 ImuError.cpp:650] gyr saturation
W20250111 18:53:21.714903 10883 ImuError.cpp:650] gyr saturation
W20250111 18:53:21.714932 10883 ImuError.cpp:650] gyr saturation
W20250111 18:53:21.714936 10883 ImuError.cpp:650] gyr saturation
W20250111 18:53:21.714942 10883 ImuError.cpp:650] gyr saturation
W20250111 18:53:21.714946 10883 ImuError.cpp:650] gyr saturation
W20250111 18:53:21.714951 10883 ImuError.cpp:650] gyr saturation
W20250111 18:53:21.714954 10883 ImuError.cpp:650] gyr saturation
W20250111 18:53:21.714957 10883 ImuError.cpp:650] gyr saturation
W20250111 18:53:21.714962 10883 ImuError.cpp:650] gyr saturation
W20250111 18:53:21.714967 10883 ImuError.cpp:650] gyr saturation
W20250111 18:53:21.714972 10883 ImuError.cpp:650] gyr saturation
W20250111 18:53:21.714977 10883 ImuError.cpp:650] gyr saturation
W20250111 18:53:21.714980 10883 ImuError.cpp:650] gyr saturation
W20250111 18:53:21.714984 10883 ImuError.cpp:650] gyr saturation
W20250111 18:53:21.714989 10883 ImuError.cpp:650] gyr saturation
W20250111 18:53:21.714993 10883 ImuError.cpp:650] gyr saturation
W20250111 18:53:21.714998 10883 ImuError.cpp:650] gyr saturation
W20250111 18:53:21.715003 10883 ImuError.cpp:650] gyr saturation
W20250111 18:53:21.715006 10883 ImuError.cpp:650] gyr saturation
W20250111 18:53:21.715010 10883 ImuError.cpp:650] gyr saturation
W20250111 18:53:21.715014 10883 ImuError.cpp:650] gyr saturation
W20250111 18:53:21.715019 10883 ImuError.cpp:650] gyr saturation
W20250111 18:53:21.715023 10883 ImuError.cpp:650] gyr saturation
W20250111 18:53:21.715027 10883 ImuError.cpp:650] gyr saturation
W20250111 18:53:21.715031 10883 ImuError.cpp:650] gyr saturation
W20250111 18:53:21.715035 10883 ImuError.cpp:650] gyr saturation
W20250111 18:53:21.715040 10883 ImuError.cpp:650] gyr saturation
W20250111 18:53:21.715049 10883 ImuError.cpp:650] gyr saturation
W20250111 18:53:21.715052 10883 ImuError.cpp:650] gyr saturation
W20250111 18:53:21.715056 10883 ImuError.cpp:650] gyr saturation
W20250111 18:53:21.715060 10883 ImuError.cpp:650] gyr saturation
W20250111 18:53:21.715065 10883 ImuError.cpp:650] gyr saturation
W20250111 18:53:21.715068 10883 ImuError.cpp:650] gyr saturation
W20250111 18:53:21.715072 10883 ImuError.cpp:650] gyr saturation
W20250111 18:53:21.715147 10883 ImuError.cpp:650] gyr saturation
W20250111 18:53:21.715152 10883 ImuError.cpp:650] gyr saturation
W20250111 18:53:21.715155 10883 ImuError.cpp:650] gyr saturation
W20250111 18:53:21.715159 10883 ImuError.cpp:650] gyr saturation
W20250111 18:53:21.715163 10883 ImuError.cpp:650] gyr saturation
W20250111 18:53:21.715167 10883 ImuError.cpp:650] gyr saturation
W20250111 18:53:21.715171 10883 ImuError.cpp:650] gyr saturation
W20250111 18:53:21.715174 10883 ImuError.cpp:650] gyr saturation
W20250111 18:53:21.715178 10883 ImuError.cpp:650] gyr saturation
W20250111 18:53:21.715183 10883 ImuError.cpp:650] gyr saturation
W20250111 18:53:21.715186 10883 ImuError.cpp:650] gyr saturation
W20250111 18:53:21.715189 10883 ImuError.cpp:650] gyr saturation
W20250111 18:53:21.715193 10883 ImuError.cpp:650] gyr saturation
W20250111 18:53:21.715196 10883 ImuError.cpp:650] gyr saturation
W20250111 18:53:21.715199 10883 ImuError.cpp:650] gyr saturation
W20250111 18:53:21.715207 10883 ImuError.cpp:650] gyr saturation
W20250111 18:53:21.715211 10883 ImuError.cpp:650] gyr saturation
W20250111 18:53:21.715214 10883 ImuError.cpp:650] gyr saturation
W20250111 18:53:21.715219 10883 ImuError.cpp:650] gyr saturation
W20250111 18:53:21.715221 10883 ImuError.cpp:650] gyr saturation
W20250111 18:53:21.715225 10883 ImuError.cpp:650] gyr saturation
W20250111 18:53:21.715229 10883 ImuError.cpp:650] gyr saturation
W20250111 18:53:21.715232 10883 ImuError.cpp:650] gyr saturation
W20250111 18:53:21.715235 10883 ImuError.cpp:650] gyr saturation
W20250111 18:53:21.715240 10883 ImuError.cpp:650] gyr saturation
W20250111 18:53:21.715243 10883 ImuError.cpp:650] gyr saturation
W20250111 18:53:21.715246 10883 ImuError.cpp:650] gyr saturation
W20250111 18:53:21.715250 10883 ImuError.cpp:650] gyr saturation
W20250111 18:53:21.715255 10883 ImuError.cpp:650] gyr saturation
W20250111 18:53:21.715258 10883 ImuError.cpp:650] gyr saturation
W20250111 18:53:21.715262 10883 ImuError.cpp:650] gyr saturation
W20250111 18:53:21.715265 10883 ImuError.cpp:650] gyr saturation
W20250111 18:53:21.715269 10883 ImuError.cpp:650] gyr saturation
W20250111 18:53:21.715273 10883 ImuError.cpp:650] gyr saturation
I20250111 18:53:21.716300 10883 Frontend.cpp:2274] RANSAC FAIL: 21 inliers, ratio = 0.7
W20250111 18:53:21.717447 10883 ImuError.cpp:368] gyr saturation
W20250111 18:53:21.717476 10883 ImuError.cpp:368] gyr saturation
W20250111 18:53:21.717486 10883 ImuError.cpp:368] gyr saturation
W20250111 18:53:21.717494 10883 ImuError.cpp:368] gyr saturation
W20250111 18:53:21.717505 10883 ImuError.cpp:368] gyr saturation
W20250111 18:53:21.717514 10883 ImuError.cpp:368] gyr saturation
W20250111 18:53:21.717522 10883 ImuError.cpp:368] gyr saturation
W20250111 18:53:21.717530 10883 ImuError.cpp:368] gyr saturation
W20250111 18:53:21.717540 10883 ImuError.cpp:368] gyr saturation
W20250111 18:53:21.717547 10883 ImuError.cpp:368] gyr saturation
W20250111 18:53:21.717555 10883 ImuError.cpp:368] gyr saturation
W20250111 18:53:21.717563 10883 ImuError.cpp:368] gyr saturation
W20250111 18:53:21.717571 10883 ImuError.cpp:368] gyr saturation
W20250111 18:53:21.717581 10883 ImuError.cpp:368] gyr saturation
W20250111 18:53:21.717588 10883 ImuError.cpp:368] gyr saturation
W20250111 18:53:21.717597 10883 ImuError.cpp:368] gyr saturation
W20250111 18:53:21.717604 10883 ImuError.cpp:368] gyr saturation
W20250111 18:53:21.717612 10883 ImuError.cpp:368] gyr saturation
W20250111 18:53:21.717620 10883 ImuError.cpp:368] gyr saturation
W20250111 18:53:21.717628 10883 ImuError.cpp:368] gyr saturation
W20250111 18:53:21.717636 10883 ImuError.cpp:368] gyr saturation
W20250111 18:53:21.717644 10883 ImuError.cpp:368] gyr saturation
W20250111 18:53:21.717653 10883 ImuError.cpp:368] gyr saturation
W20250111 18:53:21.717661 10883 ImuError.cpp:368] gyr saturation
W20250111 18:53:21.717669 10883 ImuError.cpp:368] gyr saturation
W20250111 18:53:21.717677 10883 ImuError.cpp:368] gyr saturation
W20250111 18:53:21.717684 10883 ImuError.cpp:368] gyr saturation
W20250111 18:53:21.717692 10883 ImuError.cpp:368] gyr saturation
W20250111 18:53:21.717700 10883 ImuError.cpp:368] gyr saturation
W20250111 18:53:21.717708 10883 ImuError.cpp:368] gyr saturation
W20250111 18:53:21.717716 10883 ImuError.cpp:368] gyr saturation
W20250111 18:53:21.717723 10883 ImuError.cpp:368] gyr saturation
W20250111 18:53:21.717731 10883 ImuError.cpp:368] gyr saturation
W20250111 18:53:21.717739 10883 ImuError.cpp:368] gyr saturation
W20250111 18:53:21.721343 10883 ImuError.cpp:650] gyr saturation
W20250111 18:53:21.721372 10883 ImuError.cpp:650] gyr saturation
W20250111 18:53:21.721378 10883 ImuError.cpp:650] gyr saturation
W20250111 18:53:21.721382 10883 ImuError.cpp:650] gyr saturation
W20250111 18:53:21.721387 10883 ImuError.cpp:650] gyr saturation
W20250111 18:53:21.721391 10883 ImuError.cpp:650] gyr saturation
W20250111 18:53:21.721396 10883 ImuError.cpp:650] gyr saturation
W20250111 18:53:21.721400 10883 ImuError.cpp:650] gyr saturation
W20250111 18:53:21.721405 10883 ImuError.cpp:650] gyr saturation
W20250111 18:53:21.721419 10883 ImuError.cpp:650] gyr saturation
W20250111 18:53:21.721426 10883 ImuError.cpp:650] gyr saturation
W20250111 18:53:21.721431 10883 ImuError.cpp:650] gyr saturation
W20250111 18:53:21.721436 10883 ImuError.cpp:650] gyr saturation
W20250111 18:53:21.721441 10883 ImuError.cpp:650] gyr saturation
W20250111 18:53:21.721446 10883 ImuError.cpp:650] gyr saturation
W20250111 18:53:21.721457 10883 ImuError.cpp:650] gyr saturation
W20250111 18:53:21.721462 10883 ImuError.cpp:650] gyr saturation
W20250111 18:53:21.721468 10883 ImuError.cpp:650] gyr saturation
W20250111 18:53:21.721473 10883 ImuError.cpp:650] gyr saturation
W20250111 18:53:21.721478 10883 ImuError.cpp:650] gyr saturation
W20250111 18:53:21.721482 10883 ImuError.cpp:650] gyr saturation
W20250111 18:53:21.721487 10883 ImuError.cpp:650] gyr saturation
W20250111 18:53:21.721493 10883 ImuError.cpp:650] gyr saturation
W20250111 18:53:21.721498 10883 ImuError.cpp:650] gyr saturation
W20250111 18:53:21.721501 10883 ImuError.cpp:650] gyr saturation
W20250111 18:53:21.721509 10883 ImuError.cpp:650] gyr saturation
W20250111 18:53:21.721514 10883 ImuError.cpp:650] gyr saturation
W20250111 18:53:21.721519 10883 ImuError.cpp:650] gyr saturation
W20250111 18:53:21.721524 10883 ImuError.cpp:650] gyr saturation
W20250111 18:53:21.721529 10883 ImuError.cpp:650] gyr saturation
W20250111 18:53:21.721534 10883 ImuError.cpp:650] gyr saturation
W20250111 18:53:21.721539 10883 ImuError.cpp:650] gyr saturation
W20250111 18:53:21.721544 10883 ImuError.cpp:650] gyr saturation
W20250111 18:53:21.721549 10883 ImuError.cpp:650] gyr saturation
W20250111 18:53:21.721553 10883 ImuError.cpp:650] gyr saturation
W20250111 18:53:21.721558 10883 ImuError.cpp:650] gyr saturation
W20250111 18:53:21.721563 10883 ImuError.cpp:650] gyr saturation
W20250111 18:53:21.721567 10883 ImuError.cpp:650] gyr saturation
W20250111 18:53:21.721572 10883 ImuError.cpp:650] gyr saturation
W20250111 18:53:21.721577 10883 ImuError.cpp:650] gyr saturation
W20250111 18:53:21.721582 10883 ImuError.cpp:650] gyr saturation
W20250111 18:53:21.721587 10883 ImuError.cpp:650] gyr saturation
W20250111 18:53:21.721592 10883 ImuError.cpp:650] gyr saturation
W20250111 18:53:21.721597 10883 ImuError.cpp:650] gyr saturation
W20250111 18:53:21.721601 10883 ImuError.cpp:650] gyr saturation
W20250111 18:53:21.721606 10883 ImuError.cpp:650] gyr saturation
W20250111 18:53:21.721611 10883 ImuError.cpp:650] gyr saturation
W20250111 18:53:21.721616 10883 ImuError.cpp:650] gyr saturation
W20250111 18:53:21.721621 10883 ImuError.cpp:650] gyr saturation
W20250111 18:53:21.721625 10883 ImuError.cpp:650] gyr saturation
W20250111 18:53:21.721630 10883 ImuError.cpp:650] gyr saturation
W20250111 18:53:21.721635 10883 ImuError.cpp:650] gyr saturation
W20250111 18:53:21.721640 10883 ImuError.cpp:650] gyr saturation
W20250111 18:53:21.721644 10883 ImuError.cpp:650] gyr saturation
W20250111 18:53:21.721648 10883 ImuError.cpp:650] gyr saturation
W20250111 18:53:21.721652 10883 ImuError.cpp:650] gyr saturation
W20250111 18:53:21.721657 10883 ImuError.cpp:650] gyr saturation
W20250111 18:53:21.721661 10883 ImuError.cpp:650] gyr saturation
W20250111 18:53:21.721666 10883 ImuError.cpp:650] gyr saturation
W20250111 18:53:21.721670 10883 ImuError.cpp:650] gyr saturation
W20250111 18:53:21.721674 10883 ImuError.cpp:650] gyr saturation
W20250111 18:53:21.721678 10883 ImuError.cpp:650] gyr saturation
W20250111 18:53:21.721683 10883 ImuError.cpp:650] gyr saturation
W20250111 18:53:21.721688 10883 ImuError.cpp:650] gyr saturation
W20250111 18:53:21.721691 10883 ImuError.cpp:650] gyr saturation
W20250111 18:53:21.721695 10883 ImuError.cpp:650] gyr saturation
W20250111 18:53:21.721700 10883 ImuError.cpp:650] gyr saturation
W20250111 18:53:21.721704 10883 ImuError.cpp:650] gyr saturation
W20250111 18:53:21.744213 10883 ImuError.cpp:650] gyr saturation
W20250111 18:53:21.744239 10883 ImuError.cpp:650] gyr saturation
W20250111 18:53:21.744243 10883 ImuError.cpp:650] gyr saturation
W20250111 18:53:21.744246 10883 ImuError.cpp:650] gyr saturation
W20250111 18:53:21.744256 10883 ImuError.cpp:650] gyr saturation
W20250111 18:53:21.744259 10883 ImuError.cpp:650] gyr saturation
W20250111 18:53:21.744263 10883 ImuError.cpp:650] gyr saturation
W20250111 18:53:21.744266 10883 ImuError.cpp:650] gyr saturation
W20250111 18:53:21.744269 10883 ImuError.cpp:650] gyr saturation
W20250111 18:53:21.744272 10883 ImuError.cpp:650] gyr saturation
W20250111 18:53:21.744275 10883 ImuError.cpp:650] gyr saturation
W20250111 18:53:21.744278 10883 ImuError.cpp:650] gyr saturation
W20250111 18:53:21.744282 10883 ImuError.cpp:650] gyr saturation
W20250111 18:53:21.744284 10883 ImuError.cpp:650] gyr saturation
W20250111 18:53:21.744287 10883 ImuError.cpp:650] gyr saturation
W20250111 18:53:21.744290 10883 ImuError.cpp:650] gyr saturation
W20250111 18:53:21.744293 10883 ImuError.cpp:650] gyr saturation
W20250111 18:53:21.744297 10883 ImuError.cpp:650] gyr saturation
W20250111 18:53:21.744299 10883 ImuError.cpp:650] gyr saturation
W20250111 18:53:21.744302 10883 ImuError.cpp:650] gyr saturation
W20250111 18:53:21.744305 10883 ImuError.cpp:650] gyr saturation
W20250111 18:53:21.744308 10883 ImuError.cpp:650] gyr saturation
W20250111 18:53:21.744311 10883 ImuError.cpp:650] gyr saturation
W20250111 18:53:21.744314 10883 ImuError.cpp:650] gyr saturation
W20250111 18:53:21.744318 10883 ImuError.cpp:650] gyr saturation
W20250111 18:53:21.744320 10883 ImuError.cpp:650] gyr saturation
W20250111 18:53:21.744323 10883 ImuError.cpp:650] gyr saturation
W20250111 18:53:21.744326 10883 ImuError.cpp:650] gyr saturation
W20250111 18:53:21.744329 10883 ImuError.cpp:650] gyr saturation
W20250111 18:53:21.744333 10883 ImuError.cpp:650] gyr saturation
W20250111 18:53:21.744335 10883 ImuError.cpp:650] gyr saturation
W20250111 18:53:21.744338 10883 ImuError.cpp:650] gyr saturation
W20250111 18:53:21.744341 10883 ImuError.cpp:650] gyr saturation
W20250111 18:53:21.744344 10883 ImuError.cpp:650] gyr saturation
W20250111 18:53:21.744347 10883 ImuError.cpp:650] gyr saturation
W20250111 18:53:21.744458 10883 ImuError.cpp:650] gyr saturation
W20250111 18:53:21.744465 10883 ImuError.cpp:650] gyr saturation
W20250111 18:53:21.744468 10883 ImuError.cpp:650] gyr saturation
W20250111 18:53:21.744472 10883 ImuError.cpp:650] gyr saturation
W20250111 18:53:21.744475 10883 ImuError.cpp:650] gyr saturation
W20250111 18:53:21.744479 10883 ImuError.cpp:650] gyr saturation
W20250111 18:53:21.744483 10883 ImuError.cpp:650] gyr saturation
W20250111 18:53:21.744486 10883 ImuError.cpp:650] gyr saturation
W20250111 18:53:21.744490 10883 ImuError.cpp:650] gyr saturation
W20250111 18:53:21.744493 10883 ImuError.cpp:650] gyr saturation
W20250111 18:53:21.744498 10883 ImuError.cpp:650] gyr saturation
W20250111 18:53:21.744501 10883 ImuError.cpp:650] gyr saturation
W20250111 18:53:21.744506 10883 ImuError.cpp:650] gyr saturation
W20250111 18:53:21.744509 10883 ImuError.cpp:650] gyr saturation
W20250111 18:53:21.744513 10883 ImuError.cpp:650] gyr saturation
W20250111 18:53:21.744517 10883 ImuError.cpp:650] gyr saturation
W20250111 18:53:21.744522 10883 ImuError.cpp:650] gyr saturation
W20250111 18:53:21.744525 10883 ImuError.cpp:650] gyr saturation
W20250111 18:53:21.744529 10883 ImuError.cpp:650] gyr saturation
W20250111 18:53:21.744532 10883 ImuError.cpp:650] gyr saturation
W20250111 18:53:21.744536 10883 ImuError.cpp:650] gyr saturation
W20250111 18:53:21.744539 10883 ImuError.cpp:650] gyr saturation
W20250111 18:53:21.744544 10883 ImuError.cpp:650] gyr saturation
W20250111 18:53:21.744547 10883 ImuError.cpp:650] gyr saturation
W20250111 18:53:21.744550 10883 ImuError.cpp:650] gyr saturation
W20250111 18:53:21.744554 10883 ImuError.cpp:650] gyr saturation
W20250111 18:53:21.744558 10883 ImuError.cpp:650] gyr saturation
W20250111 18:53:21.744561 10883 ImuError.cpp:650] gyr saturation
W20250111 18:53:21.744565 10883 ImuError.cpp:650] gyr saturation
W20250111 18:53:21.744568 10883 ImuError.cpp:650] gyr saturation
W20250111 18:53:21.744572 10883 ImuError.cpp:650] gyr saturation
W20250111 18:53:21.744576 10883 ImuError.cpp:650] gyr saturation
W20250111 18:53:21.744582 10883 ImuError.cpp:650] gyr saturation
W20250111 18:53:21.744586 10883 ImuError.cpp:650] gyr saturation
W20250111 18:53:21.744590 10883 ImuError.cpp:650] gyr saturation
I20250111 18:53:21.745966 10883 Frontend.cpp:2274] RANSAC FAIL: 38 inliers, ratio = 0.666667
W20250111 18:53:21.747151 10883 ImuError.cpp:368] gyr saturation
W20250111 18:53:21.747179 10883 ImuError.cpp:368] gyr saturation
W20250111 18:53:21.747186 10883 ImuError.cpp:368] gyr saturation
W20250111 18:53:21.747193 10883 ImuError.cpp:368] gyr saturation
W20250111 18:53:21.747201 10883 ImuError.cpp:368] gyr saturation
W20250111 18:53:21.747208 10883 ImuError.cpp:368] gyr saturation
W20250111 18:53:21.747216 10883 ImuError.cpp:368] gyr saturation
W20250111 18:53:21.747224 10883 ImuError.cpp:368] gyr saturation
W20250111 18:53:21.747232 10883 ImuError.cpp:368] gyr saturation
W20250111 18:53:21.747241 10883 ImuError.cpp:368] gyr saturation
W20250111 18:53:21.747248 10883 ImuError.cpp:368] gyr saturation
W20250111 18:53:21.747256 10883 ImuError.cpp:368] gyr saturation
W20250111 18:53:21.747264 10883 ImuError.cpp:368] gyr saturation
W20250111 18:53:21.747277 10883 ImuError.cpp:368] gyr saturation
W20250111 18:53:21.747284 10883 ImuError.cpp:368] gyr saturation
W20250111 18:53:21.747292 10883 ImuError.cpp:368] gyr saturation
W20250111 18:53:21.747300 10883 ImuError.cpp:368] gyr saturation
W20250111 18:53:21.747308 10883 ImuError.cpp:368] gyr saturation
W20250111 18:53:21.747316 10883 ImuError.cpp:368] gyr saturation
W20250111 18:53:21.747324 10883 ImuError.cpp:368] gyr saturation
W20250111 18:53:21.747332 10883 ImuError.cpp:368] gyr saturation
W20250111 18:53:21.747340 10883 ImuError.cpp:368] gyr saturation
W20250111 18:53:21.747349 10883 ImuError.cpp:368] gyr saturation
W20250111 18:53:21.747356 10883 ImuError.cpp:368] gyr saturation
W20250111 18:53:21.747364 10883 ImuError.cpp:368] gyr saturation
W20250111 18:53:21.747372 10883 ImuError.cpp:368] gyr saturation
W20250111 18:53:21.747380 10883 ImuError.cpp:368] gyr saturation
W20250111 18:53:21.747388 10883 ImuError.cpp:368] gyr saturation
W20250111 18:53:21.747395 10883 ImuError.cpp:368] gyr saturation
W20250111 18:53:21.747403 10883 ImuError.cpp:368] gyr saturation
W20250111 18:53:21.747411 10883 ImuError.cpp:368] gyr saturation
W20250111 18:53:21.747419 10883 ImuError.cpp:368] gyr saturation
W20250111 18:53:21.747427 10883 ImuError.cpp:368] gyr saturation
W20250111 18:53:21.747435 10883 ImuError.cpp:368] gyr saturation
W20250111 18:53:21.747443 10883 ImuError.cpp:368] gyr saturation
W20250111 18:53:21.750912 10883 ImuError.cpp:650] gyr saturation
W20250111 18:53:21.750939 10883 ImuError.cpp:650] gyr saturation
W20250111 18:53:21.750944 10883 ImuError.cpp:650] gyr saturation
W20250111 18:53:21.750947 10883 ImuError.cpp:650] gyr saturation
W20250111 18:53:21.750952 10883 ImuError.cpp:650] gyr saturation
W20250111 18:53:21.750957 10883 ImuError.cpp:650] gyr saturation
W20250111 18:53:21.750962 10883 ImuError.cpp:650] gyr saturation
W20250111 18:53:21.750968 10883 ImuError.cpp:650] gyr saturation
W20250111 18:53:21.750972 10883 ImuError.cpp:650] gyr saturation
W20250111 18:53:21.750977 10883 ImuError.cpp:650] gyr saturation
W20250111 18:53:21.750979 10883 ImuError.cpp:650] gyr saturation
W20250111 18:53:21.750985 10883 ImuError.cpp:650] gyr saturation
W20250111 18:53:21.750989 10883 ImuError.cpp:650] gyr saturation
W20250111 18:53:21.750993 10883 ImuError.cpp:650] gyr saturation
W20250111 18:53:21.751021 10883 ImuError.cpp:650] gyr saturation
W20250111 18:53:21.751025 10883 ImuError.cpp:650] gyr saturation
W20250111 18:53:21.751029 10883 ImuError.cpp:650] gyr saturation
W20250111 18:53:21.751034 10883 ImuError.cpp:650] gyr saturation
W20250111 18:53:21.751039 10883 ImuError.cpp:650] gyr saturation
W20250111 18:53:21.751042 10883 ImuError.cpp:650] gyr saturation
W20250111 18:53:21.751046 10883 ImuError.cpp:650] gyr saturation
W20250111 18:53:21.751051 10883 ImuError.cpp:650] gyr saturation
W20250111 18:53:21.751056 10883 ImuError.cpp:650] gyr saturation
W20250111 18:53:21.751070 10883 ImuError.cpp:650] gyr saturation
W20250111 18:53:21.751075 10883 ImuError.cpp:650] gyr saturation
W20250111 18:53:21.751080 10883 ImuError.cpp:650] gyr saturation
W20250111 18:53:21.751084 10883 ImuError.cpp:650] gyr saturation
W20250111 18:53:21.751088 10883 ImuError.cpp:650] gyr saturation
W20250111 18:53:21.751092 10883 ImuError.cpp:650] gyr saturation
W20250111 18:53:21.751096 10883 ImuError.cpp:650] gyr saturation
W20250111 18:53:21.751101 10883 ImuError.cpp:650] gyr saturation
W20250111 18:53:21.751106 10883 ImuError.cpp:650] gyr saturation
W20250111 18:53:21.751111 10883 ImuError.cpp:650] gyr saturation
W20250111 18:53:21.751116 10883 ImuError.cpp:650] gyr saturation
W20250111 18:53:21.751120 10883 ImuError.cpp:650] gyr saturation
W20250111 18:53:21.751125 10883 ImuError.cpp:650] gyr saturation
W20250111 18:53:21.751129 10883 ImuError.cpp:650] gyr saturation
W20250111 18:53:21.751134 10883 ImuError.cpp:650] gyr saturation
W20250111 18:53:21.751139 10883 ImuError.cpp:650] gyr saturation
W20250111 18:53:21.751143 10883 ImuError.cpp:650] gyr saturation
W20250111 18:53:21.751147 10883 ImuError.cpp:650] gyr saturation
W20250111 18:53:21.751152 10883 ImuError.cpp:650] gyr saturation
W20250111 18:53:21.751157 10883 ImuError.cpp:650] gyr saturation
W20250111 18:53:21.751161 10883 ImuError.cpp:650] gyr saturation
W20250111 18:53:21.751166 10883 ImuError.cpp:650] gyr saturation
W20250111 18:53:21.751171 10883 ImuError.cpp:650] gyr saturation
W20250111 18:53:21.751176 10883 ImuError.cpp:650] gyr saturation
W20250111 18:53:21.751180 10883 ImuError.cpp:650] gyr saturation
W20250111 18:53:21.751185 10883 ImuError.cpp:650] gyr saturation
W20250111 18:53:21.751190 10883 ImuError.cpp:650] gyr saturation
W20250111 18:53:21.751194 10883 ImuError.cpp:650] gyr saturation
W20250111 18:53:21.751199 10883 ImuError.cpp:650] gyr saturation
W20250111 18:53:21.751204 10883 ImuError.cpp:650] gyr saturation
W20250111 18:53:21.751207 10883 ImuError.cpp:650] gyr saturation
W20250111 18:53:21.751211 10883 ImuError.cpp:650] gyr saturation
W20250111 18:53:21.751215 10883 ImuError.cpp:650] gyr saturation
W20250111 18:53:21.751222 10883 ImuError.cpp:650] gyr saturation
W20250111 18:53:21.751226 10883 ImuError.cpp:650] gyr saturation
W20250111 18:53:21.751231 10883 ImuError.cpp:650] gyr saturation
W20250111 18:53:21.751235 10883 ImuError.cpp:650] gyr saturation
W20250111 18:53:21.751240 10883 ImuError.cpp:650] gyr saturation
W20250111 18:53:21.751243 10883 ImuError.cpp:650] gyr saturation
W20250111 18:53:21.751246 10883 ImuError.cpp:650] gyr saturation
W20250111 18:53:21.751250 10883 ImuError.cpp:650] gyr saturation
W20250111 18:53:21.751255 10883 ImuError.cpp:650] gyr saturation
W20250111 18:53:21.751258 10883 ImuError.cpp:650] gyr saturation
W20250111 18:53:21.751261 10883 ImuError.cpp:650] gyr saturation
W20250111 18:53:21.751266 10883 ImuError.cpp:650] gyr saturation
W20250111 18:53:21.767382 10883 ImuError.cpp:650] gyr saturation
W20250111 18:53:21.767423 10883 ImuError.cpp:650] gyr saturation
W20250111 18:53:21.767428 10883 ImuError.cpp:650] gyr saturation
W20250111 18:53:21.767434 10883 ImuError.cpp:650] gyr saturation
W20250111 18:53:21.767437 10883 ImuError.cpp:650] gyr saturation
W20250111 18:53:21.767441 10883 ImuError.cpp:650] gyr saturation
W20250111 18:53:21.767444 10883 ImuError.cpp:650] gyr saturation
W20250111 18:53:21.767448 10883 ImuError.cpp:650] gyr saturation
W20250111 18:53:21.767452 10883 ImuError.cpp:650] gyr saturation
W20250111 18:53:21.767454 10883 ImuError.cpp:650] gyr saturation
W20250111 18:53:21.767458 10883 ImuError.cpp:650] gyr saturation
W20250111 18:53:21.767462 10883 ImuError.cpp:650] gyr saturation
W20250111 18:53:21.767465 10883 ImuError.cpp:650] gyr saturation
W20250111 18:53:21.767470 10883 ImuError.cpp:650] gyr saturation
W20250111 18:53:21.767473 10883 ImuError.cpp:650] gyr saturation
W20250111 18:53:21.767478 10883 ImuError.cpp:650] gyr saturation
W20250111 18:53:21.767481 10883 ImuError.cpp:650] gyr saturation
W20250111 18:53:21.767484 10883 ImuError.cpp:650] gyr saturation
W20250111 18:53:21.767496 10883 ImuError.cpp:650] gyr saturation
W20250111 18:53:21.767499 10883 ImuError.cpp:650] gyr saturation
W20250111 18:53:21.767503 10883 ImuError.cpp:650] gyr saturation
W20250111 18:53:21.767506 10883 ImuError.cpp:650] gyr saturation
W20250111 18:53:21.767510 10883 ImuError.cpp:650] gyr saturation
W20250111 18:53:21.767513 10883 ImuError.cpp:650] gyr saturation
W20250111 18:53:21.767518 10883 ImuError.cpp:650] gyr saturation
W20250111 18:53:21.767521 10883 ImuError.cpp:650] gyr saturation
W20250111 18:53:21.767524 10883 ImuError.cpp:650] gyr saturation
W20250111 18:53:21.767529 10883 ImuError.cpp:650] gyr saturation
W20250111 18:53:21.767532 10883 ImuError.cpp:650] gyr saturation
W20250111 18:53:21.767536 10883 ImuError.cpp:650] gyr saturation
W20250111 18:53:21.767540 10883 ImuError.cpp:650] gyr saturation
W20250111 18:53:21.767544 10883 ImuError.cpp:650] gyr saturation
W20250111 18:53:21.767546 10883 ImuError.cpp:650] gyr saturation
W20250111 18:53:21.767552 10883 ImuError.cpp:650] gyr saturation
W20250111 18:53:21.767613 10883 ImuError.cpp:650] gyr saturation
W20250111 18:53:21.767618 10883 ImuError.cpp:650] gyr saturation
W20250111 18:53:21.767623 10883 ImuError.cpp:650] gyr saturation
W20250111 18:53:21.767627 10883 ImuError.cpp:650] gyr saturation
W20250111 18:53:21.767630 10883 ImuError.cpp:650] gyr saturation
W20250111 18:53:21.767634 10883 ImuError.cpp:650] gyr saturation
W20250111 18:53:21.767637 10883 ImuError.cpp:650] gyr saturation
W20250111 18:53:21.767642 10883 ImuError.cpp:650] gyr saturation
W20250111 18:53:21.767644 10883 ImuError.cpp:650] gyr saturation
W20250111 18:53:21.767648 10883 ImuError.cpp:650] gyr saturation
W20250111 18:53:21.767652 10883 ImuError.cpp:650] gyr saturation
W20250111 18:53:21.767655 10883 ImuError.cpp:650] gyr saturation
W20250111 18:53:21.767658 10883 ImuError.cpp:650] gyr saturation
W20250111 18:53:21.767663 10883 ImuError.cpp:650] gyr saturation
W20250111 18:53:21.767665 10883 ImuError.cpp:650] gyr saturation
W20250111 18:53:21.767669 10883 ImuError.cpp:650] gyr saturation
W20250111 18:53:21.767673 10883 ImuError.cpp:650] gyr saturation
W20250111 18:53:21.767675 10883 ImuError.cpp:650] gyr saturation
W20250111 18:53:21.767680 10883 ImuError.cpp:650] gyr saturation
W20250111 18:53:21.767683 10883 ImuError.cpp:650] gyr saturation
W20250111 18:53:21.767686 10883 ImuError.cpp:650] gyr saturation
W20250111 18:53:21.767690 10883 ImuError.cpp:650] gyr saturation
W20250111 18:53:21.767694 10883 ImuError.cpp:650] gyr saturation
W20250111 18:53:21.767697 10883 ImuError.cpp:650] gyr saturation
W20250111 18:53:21.767701 10883 ImuError.cpp:650] gyr saturation
W20250111 18:53:21.767704 10883 ImuError.cpp:650] gyr saturation
W20250111 18:53:21.767709 10883 ImuError.cpp:650] gyr saturation
W20250111 18:53:21.767711 10883 ImuError.cpp:650] gyr saturation
W20250111 18:53:21.767715 10883 ImuError.cpp:650] gyr saturation
W20250111 18:53:21.767719 10883 ImuError.cpp:650] gyr saturation
W20250111 18:53:21.767721 10883 ImuError.cpp:650] gyr saturation
W20250111 18:53:21.767725 10883 ImuError.cpp:650] gyr saturation
W20250111 18:53:21.767728 10883 ImuError.cpp:650] gyr saturation
W20250111 18:53:21.767732 10883 ImuError.cpp:650] gyr saturation
W20250111 18:53:21.770056 10898 ImuError.cpp:368] gyr saturation
W20250111 18:53:21.770094 10898 ImuError.cpp:368] gyr saturation
W20250111 18:53:21.770107 10898 ImuError.cpp:368] gyr saturation
W20250111 18:53:21.770118 10898 ImuError.cpp:368] gyr saturation
W20250111 18:53:21.770130 10898 ImuError.cpp:368] gyr saturation
W20250111 18:53:21.770141 10898 ImuError.cpp:368] gyr saturation
W20250111 18:53:21.770152 10898 ImuError.cpp:368] gyr saturation
W20250111 18:53:21.770162 10898 ImuError.cpp:368] gyr saturation
W20250111 18:53:21.770172 10898 ImuError.cpp:368] gyr saturation
W20250111 18:53:21.770184 10898 ImuError.cpp:368] gyr saturation
W20250111 18:53:21.770195 10898 ImuError.cpp:368] gyr saturation
W20250111 18:53:21.770205 10898 ImuError.cpp:368] gyr saturation
W20250111 18:53:21.770216 10898 ImuError.cpp:368] gyr saturation
W20250111 18:53:21.770234 10898 ImuError.cpp:368] gyr saturation
W20250111 18:53:21.770246 10898 ImuError.cpp:368] gyr saturation
W20250111 18:53:21.770257 10898 ImuError.cpp:368] gyr saturation
W20250111 18:53:21.770268 10898 ImuError.cpp:368] gyr saturation
W20250111 18:53:21.770279 10898 ImuError.cpp:368] gyr saturation
W20250111 18:53:21.770290 10898 ImuError.cpp:368] gyr saturation
W20250111 18:53:21.770303 10898 ImuError.cpp:368] gyr saturation
W20250111 18:53:21.770313 10898 ImuError.cpp:368] gyr saturation
W20250111 18:53:21.770323 10898 ImuError.cpp:368] gyr saturation
W20250111 18:53:21.770331 10898 ImuError.cpp:368] gyr saturation
W20250111 18:53:21.770341 10898 ImuError.cpp:368] gyr saturation
W20250111 18:53:21.770351 10898 ImuError.cpp:368] gyr saturation
W20250111 18:53:21.770360 10898 ImuError.cpp:368] gyr saturation
W20250111 18:53:21.770370 10898 ImuError.cpp:368] gyr saturation
W20250111 18:53:21.770380 10898 ImuError.cpp:368] gyr saturation
W20250111 18:53:21.770388 10898 ImuError.cpp:368] gyr saturation
W20250111 18:53:21.770397 10898 ImuError.cpp:368] gyr saturation
W20250111 18:53:21.770407 10898 ImuError.cpp:368] gyr saturation
W20250111 18:53:21.770417 10898 ImuError.cpp:368] gyr saturation
W20250111 18:53:21.770426 10898 ImuError.cpp:368] gyr saturation
W20250111 18:53:21.770437 10898 ImuError.cpp:368] gyr saturation
W20250111 18:53:21.774698 10883 ImuError.cpp:650] gyr saturation
W20250111 18:53:21.774739 10883 ImuError.cpp:650] gyr saturation
W20250111 18:53:21.774749 10883 ImuError.cpp:650] gyr saturation
W20250111 18:53:21.774756 10883 ImuError.cpp:650] gyr saturation
W20250111 18:53:21.774767 10883 ImuError.cpp:650] gyr saturation
W20250111 18:53:21.774775 10883 ImuError.cpp:650] gyr saturation
W20250111 18:53:21.774781 10883 ImuError.cpp:650] gyr saturation
W20250111 18:53:21.774786 10883 ImuError.cpp:650] gyr saturation
W20250111 18:53:21.774794 10883 ImuError.cpp:650] gyr saturation
W20250111 18:53:21.774799 10883 ImuError.cpp:650] gyr saturation
W20250111 18:53:21.774806 10883 ImuError.cpp:650] gyr saturation
W20250111 18:53:21.774811 10883 ImuError.cpp:650] gyr saturation
W20250111 18:53:21.774819 10883 ImuError.cpp:650] gyr saturation
W20250111 18:53:21.774832 10883 ImuError.cpp:650] gyr saturation
W20250111 18:53:21.774838 10883 ImuError.cpp:650] gyr saturation
W20250111 18:53:21.774844 10883 ImuError.cpp:650] gyr saturation
W20250111 18:53:21.774850 10883 ImuError.cpp:650] gyr saturation
W20250111 18:53:21.774856 10883 ImuError.cpp:650] gyr saturation
W20250111 18:53:21.774863 10883 ImuError.cpp:650] gyr saturation
W20250111 18:53:21.774868 10883 ImuError.cpp:650] gyr saturation
W20250111 18:53:21.774874 10883 ImuError.cpp:650] gyr saturation
W20250111 18:53:21.774880 10883 ImuError.cpp:650] gyr saturation
W20250111 18:53:21.774886 10883 ImuError.cpp:650] gyr saturation
W20250111 18:53:21.774892 10883 ImuError.cpp:650] gyr saturation
W20250111 18:53:21.774899 10883 ImuError.cpp:650] gyr saturation
W20250111 18:53:21.774904 10883 ImuError.cpp:650] gyr saturation
W20250111 18:53:21.774909 10883 ImuError.cpp:650] gyr saturation
W20250111 18:53:21.774914 10883 ImuError.cpp:650] gyr saturation
W20250111 18:53:21.774920 10883 ImuError.cpp:650] gyr saturation
W20250111 18:53:21.774928 10883 ImuError.cpp:650] gyr saturation
W20250111 18:53:21.774933 10883 ImuError.cpp:650] gyr saturation
W20250111 18:53:21.774940 10883 ImuError.cpp:650] gyr saturation
W20250111 18:53:21.774945 10883 ImuError.cpp:650] gyr saturation
W20250111 18:53:21.774952 10883 ImuError.cpp:650] gyr saturation
W20250111 18:53:21.774959 10883 ImuError.cpp:650] gyr saturation
W20250111 18:53:21.774966 10883 ImuError.cpp:650] gyr saturation
W20250111 18:53:21.774972 10883 ImuError.cpp:650] gyr saturation
W20250111 18:53:21.774978 10883 ImuError.cpp:650] gyr saturation
W20250111 18:53:21.774983 10883 ImuError.cpp:650] gyr saturation
W20250111 18:53:21.774989 10883 ImuError.cpp:650] gyr saturation
W20250111 18:53:21.774996 10883 ImuError.cpp:650] gyr saturation
W20250111 18:53:21.775003 10883 ImuError.cpp:650] gyr saturation
W20250111 18:53:21.775017 10883 ImuError.cpp:650] gyr saturation
W20250111 18:53:21.775022 10883 ImuError.cpp:650] gyr saturation
W20250111 18:53:21.775029 10883 ImuError.cpp:650] gyr saturation
W20250111 18:53:21.775035 10883 ImuError.cpp:650] gyr saturation
W20250111 18:53:21.775043 10883 ImuError.cpp:650] gyr saturation
W20250111 18:53:21.775048 10883 ImuError.cpp:650] gyr saturation
W20250111 18:53:21.775054 10883 ImuError.cpp:650] gyr saturation
W20250111 18:53:21.775060 10883 ImuError.cpp:650] gyr saturation
W20250111 18:53:21.775066 10883 ImuError.cpp:650] gyr saturation
W20250111 18:53:21.775071 10883 ImuError.cpp:650] gyr saturation
W20250111 18:53:21.775077 10883 ImuError.cpp:650] gyr saturation
W20250111 18:53:21.775084 10883 ImuError.cpp:650] gyr saturation
W20250111 18:53:21.775089 10883 ImuError.cpp:650] gyr saturation
W20250111 18:53:21.775095 10883 ImuError.cpp:650] gyr saturation
W20250111 18:53:21.775100 10883 ImuError.cpp:650] gyr saturation
W20250111 18:53:21.775106 10883 ImuError.cpp:650] gyr saturation
W20250111 18:53:21.775112 10883 ImuError.cpp:650] gyr saturation
W20250111 18:53:21.775118 10883 ImuError.cpp:650] gyr saturation
W20250111 18:53:21.775125 10883 ImuError.cpp:650] gyr saturation
W20250111 18:53:21.775132 10883 ImuError.cpp:650] gyr saturation
W20250111 18:53:21.775139 10883 ImuError.cpp:650] gyr saturation
W20250111 18:53:21.775147 10883 ImuError.cpp:650] gyr saturation
W20250111 18:53:21.775154 10883 ImuError.cpp:650] gyr saturation
W20250111 18:53:21.775161 10883 ImuError.cpp:650] gyr saturation
W20250111 18:53:21.775168 10883 ImuError.cpp:650] gyr saturation
W20250111 18:53:21.775175 10883 ImuError.cpp:650] gyr saturation
W20250111 18:53:21.800554 10883 ImuError.cpp:650] gyr saturation
W20250111 18:53:21.800577 10883 ImuError.cpp:650] gyr saturation
W20250111 18:53:21.800581 10883 ImuError.cpp:650] gyr saturation
W20250111 18:53:21.800585 10883 ImuError.cpp:650] gyr saturation
W20250111 18:53:21.800588 10883 ImuError.cpp:650] gyr saturation
W20250111 18:53:21.800591 10883 ImuError.cpp:650] gyr saturation
W20250111 18:53:21.800595 10883 ImuError.cpp:650] gyr saturation
W20250111 18:53:21.800602 10883 ImuError.cpp:650] gyr saturation
W20250111 18:53:21.800606 10883 ImuError.cpp:650] gyr saturation
W20250111 18:53:21.800609 10883 ImuError.cpp:650] gyr saturation
W20250111 18:53:21.800612 10883 ImuError.cpp:650] gyr saturation
W20250111 18:53:21.800616 10883 ImuError.cpp:650] gyr saturation
W20250111 18:53:21.800621 10883 ImuError.cpp:650] gyr saturation
W20250111 18:53:21.800623 10883 ImuError.cpp:650] gyr saturation
W20250111 18:53:21.800626 10883 ImuError.cpp:650] gyr saturation
W20250111 18:53:21.800632 10883 ImuError.cpp:650] gyr saturation
W20250111 18:53:21.800635 10883 ImuError.cpp:650] gyr saturation
W20250111 18:53:21.800638 10883 ImuError.cpp:650] gyr saturation
W20250111 18:53:21.800642 10883 ImuError.cpp:650] gyr saturation
W20250111 18:53:21.800644 10883 ImuError.cpp:650] gyr saturation
W20250111 18:53:21.800647 10883 ImuError.cpp:650] gyr saturation
W20250111 18:53:21.800650 10883 ImuError.cpp:650] gyr saturation
W20250111 18:53:21.800653 10883 ImuError.cpp:650] gyr saturation
W20250111 18:53:21.800657 10883 ImuError.cpp:650] gyr saturation
W20250111 18:53:21.800660 10883 ImuError.cpp:650] gyr saturation
W20250111 18:53:21.800664 10883 ImuError.cpp:650] gyr saturation
W20250111 18:53:21.800668 10883 ImuError.cpp:650] gyr saturation
W20250111 18:53:21.800670 10883 ImuError.cpp:650] gyr saturation
W20250111 18:53:21.800673 10883 ImuError.cpp:650] gyr saturation
W20250111 18:53:21.800676 10883 ImuError.cpp:650] gyr saturation
W20250111 18:53:21.800680 10883 ImuError.cpp:650] gyr saturation
W20250111 18:53:21.800683 10883 ImuError.cpp:650] gyr saturation
W20250111 18:53:21.800686 10883 ImuError.cpp:650] gyr saturation
W20250111 18:53:21.800689 10883 ImuError.cpp:650] gyr saturation
W20250111 18:53:21.800693 10883 ImuError.cpp:650] gyr saturation
W20250111 18:53:21.800778 10883 ImuError.cpp:650] gyr saturation
W20250111 18:53:21.800783 10883 ImuError.cpp:650] gyr saturation
W20250111 18:53:21.800792 10883 ImuError.cpp:650] gyr saturation
W20250111 18:53:21.800796 10883 ImuError.cpp:650] gyr saturation
W20250111 18:53:21.800799 10883 ImuError.cpp:650] gyr saturation
W20250111 18:53:21.800803 10883 ImuError.cpp:650] gyr saturation
W20250111 18:53:21.800807 10883 ImuError.cpp:650] gyr saturation
W20250111 18:53:21.800810 10883 ImuError.cpp:650] gyr saturation
W20250111 18:53:21.800813 10883 ImuError.cpp:650] gyr saturation
W20250111 18:53:21.800817 10883 ImuError.cpp:650] gyr saturation
W20250111 18:53:21.800822 10883 ImuError.cpp:650] gyr saturation
W20250111 18:53:21.800827 10883 ImuError.cpp:650] gyr saturation
W20250111 18:53:21.800832 10883 ImuError.cpp:650] gyr saturation
W20250111 18:53:21.800835 10883 ImuError.cpp:650] gyr saturation
W20250111 18:53:21.800839 10883 ImuError.cpp:650] gyr saturation
W20250111 18:53:21.800843 10883 ImuError.cpp:650] gyr saturation
W20250111 18:53:21.800846 10883 ImuError.cpp:650] gyr saturation
W20250111 18:53:21.800850 10883 ImuError.cpp:650] gyr saturation
W20250111 18:53:21.800854 10883 ImuError.cpp:650] gyr saturation
W20250111 18:53:21.800858 10883 ImuError.cpp:650] gyr saturation
W20250111 18:53:21.800863 10883 ImuError.cpp:650] gyr saturation
W20250111 18:53:21.800868 10883 ImuError.cpp:650] gyr saturation
W20250111 18:53:21.800873 10883 ImuError.cpp:650] gyr saturation
W20250111 18:53:21.800876 10883 ImuError.cpp:650] gyr saturation
W20250111 18:53:21.800880 10883 ImuError.cpp:650] gyr saturation
W20250111 18:53:21.800884 10883 ImuError.cpp:650] gyr saturation
W20250111 18:53:21.800889 10883 ImuError.cpp:650] gyr saturation
W20250111 18:53:21.800892 10883 ImuError.cpp:650] gyr saturation
W20250111 18:53:21.800896 10883 ImuError.cpp:650] gyr saturation
W20250111 18:53:21.800899 10883 ImuError.cpp:650] gyr saturation
W20250111 18:53:21.800904 10883 ImuError.cpp:650] gyr saturation
W20250111 18:53:21.800907 10883 ImuError.cpp:650] gyr saturation
W20250111 18:53:21.800912 10883 ImuError.cpp:650] gyr saturation
W20250111 18:53:21.800915 10883 ImuError.cpp:650] gyr saturation
W20250111 18:53:21.800920 10883 ImuError.cpp:650] gyr saturation
W20250111 18:53:21.803454 10883 ImuError.cpp:368] gyr saturation
W20250111 18:53:21.803489 10883 ImuError.cpp:368] gyr saturation
W20250111 18:53:21.803504 10883 ImuError.cpp:368] gyr saturation
W20250111 18:53:21.803514 10883 ImuError.cpp:368] gyr saturation
W20250111 18:53:21.803524 10883 ImuError.cpp:368] gyr saturation
W20250111 18:53:21.803532 10883 ImuError.cpp:368] gyr saturation
W20250111 18:53:21.803540 10883 ImuError.cpp:368] gyr saturation
W20250111 18:53:21.803548 10883 ImuError.cpp:368] gyr saturation
W20250111 18:53:21.803558 10883 ImuError.cpp:368] gyr saturation
W20250111 18:53:21.803567 10883 ImuError.cpp:368] gyr saturation
W20250111 18:53:21.803575 10883 ImuError.cpp:368] gyr saturation
W20250111 18:53:21.803584 10883 ImuError.cpp:368] gyr saturation
W20250111 18:53:21.803592 10883 ImuError.cpp:368] gyr saturation
W20250111 18:53:21.803601 10883 ImuError.cpp:368] gyr saturation
W20250111 18:53:21.803609 10883 ImuError.cpp:368] gyr saturation
W20250111 18:53:21.803618 10883 ImuError.cpp:368] gyr saturation
W20250111 18:53:21.803627 10883 ImuError.cpp:368] gyr saturation
W20250111 18:53:21.803634 10883 ImuError.cpp:368] gyr saturation
W20250111 18:53:21.803644 10883 ImuError.cpp:368] gyr saturation
W20250111 18:53:21.803653 10883 ImuError.cpp:368] gyr saturation
W20250111 18:53:21.803660 10883 ImuError.cpp:368] gyr saturation
W20250111 18:53:21.803669 10883 ImuError.cpp:368] gyr saturation
W20250111 18:53:21.803678 10883 ImuError.cpp:368] gyr saturation
W20250111 18:53:21.803685 10883 ImuError.cpp:368] gyr saturation
W20250111 18:53:21.803694 10883 ImuError.cpp:368] gyr saturation
W20250111 18:53:21.803702 10883 ImuError.cpp:368] gyr saturation
W20250111 18:53:21.803710 10883 ImuError.cpp:368] gyr saturation
W20250111 18:53:21.803719 10883 ImuError.cpp:368] gyr saturation
W20250111 18:53:21.803727 10883 ImuError.cpp:368] gyr saturation
W20250111 18:53:21.803735 10883 ImuError.cpp:368] gyr saturation
W20250111 18:53:21.803750 10883 ImuError.cpp:368] gyr saturation
W20250111 18:53:21.803758 10883 ImuError.cpp:368] gyr saturation
W20250111 18:53:21.803767 10883 ImuError.cpp:368] gyr saturation
W20250111 18:53:21.803776 10883 ImuError.cpp:368] gyr saturation
W20250111 18:53:21.803784 10883 ImuError.cpp:368] gyr saturation
W20250111 18:53:21.807693 10883 ImuError.cpp:650] gyr saturation
W20250111 18:53:21.807721 10883 ImuError.cpp:650] gyr saturation
W20250111 18:53:21.807725 10883 ImuError.cpp:650] gyr saturation
W20250111 18:53:21.807729 10883 ImuError.cpp:650] gyr saturation
W20250111 18:53:21.807734 10883 ImuError.cpp:650] gyr saturation
W20250111 18:53:21.807739 10883 ImuError.cpp:650] gyr saturation
W20250111 18:53:21.807742 10883 ImuError.cpp:650] gyr saturation
W20250111 18:53:21.807749 10883 ImuError.cpp:650] gyr saturation
W20250111 18:53:21.807754 10883 ImuError.cpp:650] gyr saturation
W20250111 18:53:21.807758 10883 ImuError.cpp:650] gyr saturation
W20250111 18:53:21.807762 10883 ImuError.cpp:650] gyr saturation
W20250111 18:53:21.807766 10883 ImuError.cpp:650] gyr saturation
W20250111 18:53:21.807771 10883 ImuError.cpp:650] gyr saturation
W20250111 18:53:21.807780 10883 ImuError.cpp:650] gyr saturation
W20250111 18:53:21.807785 10883 ImuError.cpp:650] gyr saturation
W20250111 18:53:21.807790 10883 ImuError.cpp:650] gyr saturation
W20250111 18:53:21.807793 10883 ImuError.cpp:650] gyr saturation
W20250111 18:53:21.807797 10883 ImuError.cpp:650] gyr saturation
W20250111 18:53:21.807803 10883 ImuError.cpp:650] gyr saturation
W20250111 18:53:21.807806 10883 ImuError.cpp:650] gyr saturation
W20250111 18:53:21.807811 10883 ImuError.cpp:650] gyr saturation
W20250111 18:53:21.807814 10883 ImuError.cpp:650] gyr saturation
W20250111 18:53:21.807821 10883 ImuError.cpp:650] gyr saturation
W20250111 18:53:21.807828 10883 ImuError.cpp:650] gyr saturation
W20250111 18:53:21.807832 10883 ImuError.cpp:650] gyr saturation
W20250111 18:53:21.807837 10883 ImuError.cpp:650] gyr saturation
W20250111 18:53:21.807842 10883 ImuError.cpp:650] gyr saturation
W20250111 18:53:21.807845 10883 ImuError.cpp:650] gyr saturation
W20250111 18:53:21.807850 10883 ImuError.cpp:650] gyr saturation
W20250111 18:53:21.807855 10883 ImuError.cpp:650] gyr saturation
W20250111 18:53:21.807860 10883 ImuError.cpp:650] gyr saturation
W20250111 18:53:21.807864 10883 ImuError.cpp:650] gyr saturation
W20250111 18:53:21.807868 10883 ImuError.cpp:650] gyr saturation
W20250111 18:53:21.807873 10883 ImuError.cpp:650] gyr saturation
W20250111 18:53:21.807878 10883 ImuError.cpp:650] gyr saturation
W20250111 18:53:21.807883 10883 ImuError.cpp:650] gyr saturation
W20250111 18:53:21.807888 10883 ImuError.cpp:650] gyr saturation
W20250111 18:53:21.807893 10883 ImuError.cpp:650] gyr saturation
W20250111 18:53:21.807896 10883 ImuError.cpp:650] gyr saturation
W20250111 18:53:21.807901 10883 ImuError.cpp:650] gyr saturation
W20250111 18:53:21.807905 10883 ImuError.cpp:650] gyr saturation
W20250111 18:53:21.807909 10883 ImuError.cpp:650] gyr saturation
W20250111 18:53:21.807914 10883 ImuError.cpp:650] gyr saturation
W20250111 18:53:21.807919 10883 ImuError.cpp:650] gyr saturation
W20250111 18:53:21.807922 10883 ImuError.cpp:650] gyr saturation
W20250111 18:53:21.807926 10883 ImuError.cpp:650] gyr saturation
W20250111 18:53:21.807931 10883 ImuError.cpp:650] gyr saturation
W20250111 18:53:21.807935 10883 ImuError.cpp:650] gyr saturation
W20250111 18:53:21.807940 10883 ImuError.cpp:650] gyr saturation
W20250111 18:53:21.807945 10883 ImuError.cpp:650] gyr saturation
W20250111 18:53:21.807947 10883 ImuError.cpp:650] gyr saturation
W20250111 18:53:21.807951 10883 ImuError.cpp:650] gyr saturation
W20250111 18:53:21.807956 10883 ImuError.cpp:650] gyr saturation
W20250111 18:53:21.807960 10883 ImuError.cpp:650] gyr saturation
W20250111 18:53:21.807965 10883 ImuError.cpp:650] gyr saturation
W20250111 18:53:21.807969 10883 ImuError.cpp:650] gyr saturation
W20250111 18:53:21.807973 10883 ImuError.cpp:650] gyr saturation
W20250111 18:53:21.807976 10883 ImuError.cpp:650] gyr saturation
W20250111 18:53:21.807986 10883 ImuError.cpp:650] gyr saturation
W20250111 18:53:21.807991 10883 ImuError.cpp:650] gyr saturation
W20250111 18:53:21.807998 10883 ImuError.cpp:650] gyr saturation
W20250111 18:53:21.808003 10883 ImuError.cpp:650] gyr saturation
W20250111 18:53:21.808007 10883 ImuError.cpp:650] gyr saturation
W20250111 18:53:21.808010 10883 ImuError.cpp:650] gyr saturation
W20250111 18:53:21.808014 10883 ImuError.cpp:650] gyr saturation
W20250111 18:53:21.808018 10883 ImuError.cpp:650] gyr saturation
W20250111 18:53:21.808023 10883 ImuError.cpp:650] gyr saturation
W20250111 18:53:21.830623 10883 ImuError.cpp:650] gyr saturation
W20250111 18:53:21.830663 10883 ImuError.cpp:650] gyr saturation
W20250111 18:53:21.830668 10883 ImuError.cpp:650] gyr saturation
W20250111 18:53:21.830674 10883 ImuError.cpp:650] gyr saturation
W20250111 18:53:21.830679 10883 ImuError.cpp:650] gyr saturation
W20250111 18:53:21.830689 10883 ImuError.cpp:650] gyr saturation
W20250111 18:53:21.830694 10883 ImuError.cpp:650] gyr saturation
W20250111 18:53:21.830698 10883 ImuError.cpp:650] gyr saturation
W20250111 18:53:21.830701 10883 ImuError.cpp:650] gyr saturation
W20250111 18:53:21.830715 10883 ImuError.cpp:650] gyr saturation
W20250111 18:53:21.830718 10883 ImuError.cpp:650] gyr saturation
W20250111 18:53:21.830725 10883 ImuError.cpp:650] gyr saturation
W20250111 18:53:21.830729 10883 ImuError.cpp:650] gyr saturation
W20250111 18:53:21.830734 10883 ImuError.cpp:650] gyr saturation
W20250111 18:53:21.830737 10883 ImuError.cpp:650] gyr saturation
W20250111 18:53:21.830741 10883 ImuError.cpp:650] gyr saturation
W20250111 18:53:21.830745 10883 ImuError.cpp:650] gyr saturation
W20250111 18:53:21.830749 10883 ImuError.cpp:650] gyr saturation
W20250111 18:53:21.830752 10883 ImuError.cpp:650] gyr saturation
W20250111 18:53:21.830756 10883 ImuError.cpp:650] gyr saturation
W20250111 18:53:21.830760 10883 ImuError.cpp:650] gyr saturation
W20250111 18:53:21.830765 10883 ImuError.cpp:650] gyr saturation
W20250111 18:53:21.830768 10883 ImuError.cpp:650] gyr saturation
W20250111 18:53:21.830772 10883 ImuError.cpp:650] gyr saturation
W20250111 18:53:21.830775 10883 ImuError.cpp:650] gyr saturation
W20250111 18:53:21.830780 10883 ImuError.cpp:650] gyr saturation
W20250111 18:53:21.830783 10883 ImuError.cpp:650] gyr saturation
W20250111 18:53:21.830787 10883 ImuError.cpp:650] gyr saturation
W20250111 18:53:21.830791 10883 ImuError.cpp:650] gyr saturation
W20250111 18:53:21.830794 10883 ImuError.cpp:650] gyr saturation
W20250111 18:53:21.830798 10883 ImuError.cpp:650] gyr saturation
W20250111 18:53:21.830802 10883 ImuError.cpp:650] gyr saturation
W20250111 18:53:21.830806 10883 ImuError.cpp:650] gyr saturation
W20250111 18:53:21.830901 10883 ImuError.cpp:650] gyr saturation
W20250111 18:53:21.830906 10883 ImuError.cpp:650] gyr saturation
W20250111 18:53:21.830910 10883 ImuError.cpp:650] gyr saturation
W20250111 18:53:21.830915 10883 ImuError.cpp:650] gyr saturation
W20250111 18:53:21.830919 10883 ImuError.cpp:650] gyr saturation
W20250111 18:53:21.830922 10883 ImuError.cpp:650] gyr saturation
W20250111 18:53:21.830926 10883 ImuError.cpp:650] gyr saturation
W20250111 18:53:21.830929 10883 ImuError.cpp:650] gyr saturation
W20250111 18:53:21.830932 10883 ImuError.cpp:650] gyr saturation
W20250111 18:53:21.830940 10883 ImuError.cpp:650] gyr saturation
W20250111 18:53:21.830942 10883 ImuError.cpp:650] gyr saturation
W20250111 18:53:21.830946 10883 ImuError.cpp:650] gyr saturation
W20250111 18:53:21.830950 10883 ImuError.cpp:650] gyr saturation
W20250111 18:53:21.830953 10883 ImuError.cpp:650] gyr saturation
W20250111 18:53:21.830957 10883 ImuError.cpp:650] gyr saturation
W20250111 18:53:21.830960 10883 ImuError.cpp:650] gyr saturation
W20250111 18:53:21.830964 10883 ImuError.cpp:650] gyr saturation
W20250111 18:53:21.830967 10883 ImuError.cpp:650] gyr saturation
W20250111 18:53:21.830972 10883 ImuError.cpp:650] gyr saturation
W20250111 18:53:21.830976 10883 ImuError.cpp:650] gyr saturation
W20250111 18:53:21.830979 10883 ImuError.cpp:650] gyr saturation
W20250111 18:53:21.830991 10883 ImuError.cpp:650] gyr saturation
W20250111 18:53:21.830996 10883 ImuError.cpp:650] gyr saturation
W20250111 18:53:21.830999 10883 ImuError.cpp:650] gyr saturation
W20250111 18:53:21.831002 10883 ImuError.cpp:650] gyr saturation
W20250111 18:53:21.831007 10883 ImuError.cpp:650] gyr saturation
W20250111 18:53:21.831009 10883 ImuError.cpp:650] gyr saturation
W20250111 18:53:21.831012 10883 ImuError.cpp:650] gyr saturation
W20250111 18:53:21.831017 10883 ImuError.cpp:650] gyr saturation
W20250111 18:53:21.831019 10883 ImuError.cpp:650] gyr saturation
W20250111 18:53:21.831023 10883 ImuError.cpp:650] gyr saturation
W20250111 18:53:21.831027 10883 ImuError.cpp:650] gyr saturation
W20250111 18:53:21.831030 10883 ImuError.cpp:650] gyr saturation
W20250111 18:53:21.833360 10883 ImuError.cpp:368] gyr saturation
W20250111 18:53:21.833392 10883 ImuError.cpp:368] gyr saturation
W20250111 18:53:21.833403 10883 ImuError.cpp:368] gyr saturation
W20250111 18:53:21.833411 10883 ImuError.cpp:368] gyr saturation
W20250111 18:53:21.833420 10883 ImuError.cpp:368] gyr saturation
W20250111 18:53:21.833429 10883 ImuError.cpp:368] gyr saturation
W20250111 18:53:21.833442 10883 ImuError.cpp:368] gyr saturation
W20250111 18:53:21.833451 10883 ImuError.cpp:368] gyr saturation
W20250111 18:53:21.833460 10883 ImuError.cpp:368] gyr saturation
W20250111 18:53:21.833468 10883 ImuError.cpp:368] gyr saturation
W20250111 18:53:21.833478 10883 ImuError.cpp:368] gyr saturation
W20250111 18:53:21.833487 10883 ImuError.cpp:368] gyr saturation
W20250111 18:53:21.833494 10883 ImuError.cpp:368] gyr saturation
W20250111 18:53:21.833504 10883 ImuError.cpp:368] gyr saturation
W20250111 18:53:21.833513 10883 ImuError.cpp:368] gyr saturation
W20250111 18:53:21.833521 10883 ImuError.cpp:368] gyr saturation
W20250111 18:53:21.833531 10883 ImuError.cpp:368] gyr saturation
W20250111 18:53:21.833540 10883 ImuError.cpp:368] gyr saturation
W20250111 18:53:21.833549 10883 ImuError.cpp:368] gyr saturation
W20250111 18:53:21.833557 10883 ImuError.cpp:368] gyr saturation
W20250111 18:53:21.833565 10883 ImuError.cpp:368] gyr saturation
W20250111 18:53:21.833573 10883 ImuError.cpp:368] gyr saturation
W20250111 18:53:21.833585 10883 ImuError.cpp:368] gyr saturation
W20250111 18:53:21.833592 10883 ImuError.cpp:368] gyr saturation
W20250111 18:53:21.833601 10883 ImuError.cpp:368] gyr saturation
W20250111 18:53:21.833611 10883 ImuError.cpp:368] gyr saturation
W20250111 18:53:21.833618 10883 ImuError.cpp:368] gyr saturation
W20250111 18:53:21.833629 10883 ImuError.cpp:368] gyr saturation
W20250111 18:53:21.833637 10883 ImuError.cpp:368] gyr saturation
W20250111 18:53:21.833647 10883 ImuError.cpp:368] gyr saturation
W20250111 18:53:21.833654 10883 ImuError.cpp:368] gyr saturation
W20250111 18:53:21.833662 10883 ImuError.cpp:368] gyr saturation
W20250111 18:53:21.833671 10883 ImuError.cpp:368] gyr saturation
W20250111 18:53:21.837445 10883 ImuError.cpp:650] gyr saturation
W20250111 18:53:21.837472 10883 ImuError.cpp:650] gyr saturation
W20250111 18:53:21.837477 10883 ImuError.cpp:650] gyr saturation
W20250111 18:53:21.837484 10883 ImuError.cpp:650] gyr saturation
W20250111 18:53:21.837488 10883 ImuError.cpp:650] gyr saturation
W20250111 18:53:21.837492 10883 ImuError.cpp:650] gyr saturation
W20250111 18:53:21.837496 10883 ImuError.cpp:650] gyr saturation
W20250111 18:53:21.837499 10883 ImuError.cpp:650] gyr saturation
W20250111 18:53:21.837503 10883 ImuError.cpp:650] gyr saturation
W20250111 18:53:21.837507 10883 ImuError.cpp:650] gyr saturation
W20250111 18:53:21.837512 10883 ImuError.cpp:650] gyr saturation
W20250111 18:53:21.837518 10883 ImuError.cpp:650] gyr saturation
W20250111 18:53:21.837522 10883 ImuError.cpp:650] gyr saturation
W20250111 18:53:21.837527 10883 ImuError.cpp:650] gyr saturation
W20250111 18:53:21.837530 10883 ImuError.cpp:650] gyr saturation
W20250111 18:53:21.837533 10883 ImuError.cpp:650] gyr saturation
W20250111 18:53:21.837538 10883 ImuError.cpp:650] gyr saturation
W20250111 18:53:21.837540 10883 ImuError.cpp:650] gyr saturation
W20250111 18:53:21.837553 10883 ImuError.cpp:650] gyr saturation
W20250111 18:53:21.837556 10883 ImuError.cpp:650] gyr saturation
W20250111 18:53:21.837561 10883 ImuError.cpp:650] gyr saturation
W20250111 18:53:21.837564 10883 ImuError.cpp:650] gyr saturation
W20250111 18:53:21.837568 10883 ImuError.cpp:650] gyr saturation
W20250111 18:53:21.837574 10883 ImuError.cpp:650] gyr saturation
W20250111 18:53:21.837577 10883 ImuError.cpp:650] gyr saturation
W20250111 18:53:21.837581 10883 ImuError.cpp:650] gyr saturation
W20250111 18:53:21.837584 10883 ImuError.cpp:650] gyr saturation
W20250111 18:53:21.837589 10883 ImuError.cpp:650] gyr saturation
W20250111 18:53:21.837594 10883 ImuError.cpp:650] gyr saturation
W20250111 18:53:21.837597 10883 ImuError.cpp:650] gyr saturation
W20250111 18:53:21.837602 10883 ImuError.cpp:650] gyr saturation
W20250111 18:53:21.837606 10883 ImuError.cpp:650] gyr saturation
W20250111 18:53:21.837610 10883 ImuError.cpp:650] gyr saturation
I20250111 18:53:22.391552 10883 Frontend.cpp:2274] RANSAC FAIL: 22 inliers, ratio = 0.6875
I20250111 18:53:22.423373 10883 Frontend.cpp:2274] RANSAC FAIL: 39 inliers, ratio = 0.672414
I20250111 18:53:22.456534 10883 Frontend.cpp:2274] RANSAC FAIL: 35 inliers, ratio = 0.614035
I20250111 18:53:22.924337 10883 Frontend.cpp:2274] RANSAC FAIL: 48 inliers, ratio = 0.631579
W20250111 18:53:23.321425 10883 ImuError.cpp:650] gyr saturation
W20250111 18:53:23.321491 10883 ImuError.cpp:650] gyr saturation
W20250111 18:53:23.321501 10883 ImuError.cpp:650] gyr saturation
W20250111 18:53:23.321516 10883 ImuError.cpp:650] gyr saturation
W20250111 18:53:23.321522 10883 ImuError.cpp:650] gyr saturation
W20250111 18:53:23.321528 10883 ImuError.cpp:650] gyr saturation
W20250111 18:53:23.321534 10883 ImuError.cpp:650] gyr saturation
W20250111 18:53:23.321540 10883 ImuError.cpp:650] gyr saturation
W20250111 18:53:23.321547 10883 ImuError.cpp:650] gyr saturation
W20250111 18:53:23.321552 10883 ImuError.cpp:650] gyr saturation
W20250111 18:53:23.321558 10883 ImuError.cpp:650] gyr saturation
W20250111 18:53:23.321564 10883 ImuError.cpp:650] gyr saturation
W20250111 18:53:23.321569 10883 ImuError.cpp:650] gyr saturation
W20250111 18:53:23.321575 10883 ImuError.cpp:650] gyr saturation
W20250111 18:53:23.321580 10883 ImuError.cpp:650] gyr saturation
W20250111 18:53:23.321585 10883 ImuError.cpp:650] gyr saturation
W20250111 18:53:23.321590 10883 ImuError.cpp:650] gyr saturation
W20250111 18:53:23.321595 10883 ImuError.cpp:650] gyr saturation
W20250111 18:53:23.321601 10883 ImuError.cpp:650] gyr saturation
W20250111 18:53:23.321606 10883 ImuError.cpp:650] gyr saturation
W20250111 18:53:23.321611 10883 ImuError.cpp:650] gyr saturation
W20250111 18:53:23.336468 10883 ImuError.cpp:650] gyr saturation
W20250111 18:53:23.336519 10883 ImuError.cpp:650] gyr saturation
W20250111 18:53:23.336525 10883 ImuError.cpp:650] gyr saturation
W20250111 18:53:23.336532 10883 ImuError.cpp:650] gyr saturation
W20250111 18:53:23.336537 10883 ImuError.cpp:650] gyr saturation
W20250111 18:53:23.336544 10883 ImuError.cpp:650] gyr saturation
W20250111 18:53:23.336548 10883 ImuError.cpp:650] gyr saturation
W20250111 18:53:23.336553 10883 ImuError.cpp:650] gyr saturation
W20250111 18:53:23.336558 10883 ImuError.cpp:650] gyr saturation
W20250111 18:53:23.336565 10883 ImuError.cpp:650] gyr saturation
W20250111 18:53:23.336570 10883 ImuError.cpp:650] gyr saturation
W20250111 18:53:23.336575 10883 ImuError.cpp:650] gyr saturation
W20250111 18:53:23.336580 10883 ImuError.cpp:650] gyr saturation
W20250111 18:53:23.336586 10883 ImuError.cpp:650] gyr saturation
W20250111 18:53:23.336591 10883 ImuError.cpp:650] gyr saturation
W20250111 18:53:23.336596 10883 ImuError.cpp:650] gyr saturation
W20250111 18:53:23.336602 10883 ImuError.cpp:650] gyr saturation
W20250111 18:53:23.336607 10883 ImuError.cpp:650] gyr saturation
W20250111 18:53:23.336612 10883 ImuError.cpp:650] gyr saturation
W20250111 18:53:23.336617 10883 ImuError.cpp:650] gyr saturation
W20250111 18:53:23.336622 10883 ImuError.cpp:650] gyr saturation
W20250111 18:53:23.336939 10883 ImuError.cpp:650] gyr saturation
W20250111 18:53:23.336963 10883 ImuError.cpp:650] gyr saturation
W20250111 18:53:23.336969 10883 ImuError.cpp:650] gyr saturation
W20250111 18:53:23.336974 10883 ImuError.cpp:650] gyr saturation
W20250111 18:53:23.336979 10883 ImuError.cpp:650] gyr saturation
W20250111 18:53:23.336985 10883 ImuError.cpp:650] gyr saturation
W20250111 18:53:23.336992 10883 ImuError.cpp:650] gyr saturation
W20250111 18:53:23.336997 10883 ImuError.cpp:650] gyr saturation
W20250111 18:53:23.337003 10883 ImuError.cpp:650] gyr saturation
W20250111 18:53:23.337008 10883 ImuError.cpp:650] gyr saturation
W20250111 18:53:23.337014 10883 ImuError.cpp:650] gyr saturation
W20250111 18:53:23.337019 10883 ImuError.cpp:650] gyr saturation
W20250111 18:53:23.337025 10883 ImuError.cpp:650] gyr saturation
W20250111 18:53:23.337030 10883 ImuError.cpp:650] gyr saturation
W20250111 18:53:23.337035 10883 ImuError.cpp:650] gyr saturation
W20250111 18:53:23.337040 10883 ImuError.cpp:650] gyr saturation
W20250111 18:53:23.337046 10883 ImuError.cpp:650] gyr saturation
W20250111 18:53:23.337051 10883 ImuError.cpp:650] gyr saturation
W20250111 18:53:23.337057 10883 ImuError.cpp:650] gyr saturation
W20250111 18:53:23.337064 10883 ImuError.cpp:650] gyr saturation
W20250111 18:53:23.337069 10883 ImuError.cpp:650] gyr saturation
W20250111 18:53:23.342870 10883 ImuError.cpp:368] gyr saturation
W20250111 18:53:23.342944 10883 ImuError.cpp:368] gyr saturation
W20250111 18:53:23.342957 10883 ImuError.cpp:368] gyr saturation
W20250111 18:53:23.342983 10883 ImuError.cpp:368] gyr saturation
W20250111 18:53:23.342995 10883 ImuError.cpp:368] gyr saturation
W20250111 18:53:23.343006 10883 ImuError.cpp:368] gyr saturation
W20250111 18:53:23.343017 10883 ImuError.cpp:368] gyr saturation
W20250111 18:53:23.343029 10883 ImuError.cpp:368] gyr saturation
W20250111 18:53:23.343040 10883 ImuError.cpp:368] gyr saturation
W20250111 18:53:23.343052 10883 ImuError.cpp:368] gyr saturation
W20250111 18:53:23.343063 10883 ImuError.cpp:368] gyr saturation
W20250111 18:53:23.343075 10883 ImuError.cpp:368] gyr saturation
W20250111 18:53:23.343086 10883 ImuError.cpp:368] gyr saturation
W20250111 18:53:23.343097 10883 ImuError.cpp:368] gyr saturation
W20250111 18:53:23.343108 10883 ImuError.cpp:368] gyr saturation
W20250111 18:53:23.343119 10883 ImuError.cpp:368] gyr saturation
W20250111 18:53:23.343130 10883 ImuError.cpp:368] gyr saturation
W20250111 18:53:23.343142 10883 ImuError.cpp:368] gyr saturation
W20250111 18:53:23.343153 10883 ImuError.cpp:368] gyr saturation
W20250111 18:53:23.343164 10883 ImuError.cpp:368] gyr saturation
W20250111 18:53:23.343175 10883 ImuError.cpp:368] gyr saturation
I20250111 18:53:23.350720 10883 okvis_app_synchronous.cpp:210] OKVIS Timing
-----------
1 DetectAndDescribe                	   3457	00:00:06.577108	(00:00:00.001903 +- 00:00:00.000390)	[00:00:00.000945,00:00:00.005651]
2 Match                            	   3457	00:00:21.979966	(00:00:00.006358 +- 00:00:00.002540)	[00:00:00.000203,00:00:00.014485]
2.01 match to map                  	   3456	00:00:15.873997	(00:00:00.004593 +- 00:00:00.002154)	[00:00:00.000053,00:00:00.011851]
2.02 match motion stereo           	   3456	00:00:04.311910	(00:00:00.001248 +- 00:00:00.000410)	[00:00:00.000063,00:00:00.005115]
2.02.1 match motion stereo: prepare	   3456	00:00:00.980284	(00:00:00.000284 +- 00:00:00.000107)	[00:00:00.000001,00:00:00.000877]
2.10 match stereo                  	    931	00:00:00.034968	(00:00:00.000038 +- 00:00:00.000045)	[00:00:00.000001,00:00:00.000461]
3 Optimise                         	   3456	00:00:54.984162	(00:00:00.015910 +- 00:00:00.009174)	[00:00:00.001047,00:00:00.079445]
4 Prepare publishing               	   3456	00:00:02.881208	(00:00:00.000834 +- 00:00:00.000338)	[00:00:00.000054,00:00:00.002307]
6 Visualising                      	   3456	00:00:00.000763	(00:00:00.000000 +- 00:00:00.000000)	[00:00:00.000000,00:00:00.000001]
7 Marginalise                      	   3456	00:00:06.134880	(00:00:00.001775 +- 00:00:00.000753)	[00:00:00.000007,00:00:00.006960]
7.1 check/handle lost              	   3456	00:00:00.104044	(00:00:00.000030 +- 00:00:00.000019)	[00:00:00.000000,00:00:00.000197]
7.2 eliminate IMU frames           	   3456	00:00:02.766523	(00:00:00.000800 +- 00:00:00.000584)	[00:00:00.000000,00:00:00.002763]
7.3 convert to posegraph           	   1114	00:00:00.869631	(00:00:00.000781 +- 00:00:00.000437)	[00:00:00.000094,00:00:00.004062]
7.4 freezing                       	   3455	00:00:00.003824	(00:00:00.000001 +- 00:00:00.000002)	[00:00:00.000000,00:00:00.000035]
7.6 expand                         	   3424	00:00:00.762489	(00:00:00.000223 +- 00:00:00.000113)	[00:00:00.000031,00:00:00.001562]
7.7 prune place recognition frames 	   3455	00:00:00.786046	(00:00:00.000228 +- 00:00:00.000123)	[00:00:00.000002,00:00:00.000796]
I20250111 18:53:23.350904 10883 okvis_app_synchronous.cpp:219] Progress: 64% (1 [1%/s], ETA: 36s)
W20250111 18:53:23.350950 10883 ImuError.cpp:650] gyr saturation
W20250111 18:53:23.350961 10883 ImuError.cpp:650] gyr saturation
W20250111 18:53:23.350970 10883 ImuError.cpp:650] gyr saturation
W20250111 18:53:23.350975 10883 ImuError.cpp:650] gyr saturation
W20250111 18:53:23.350981 10883 ImuError.cpp:650] gyr saturation
W20250111 18:53:23.350987 10883 ImuError.cpp:650] gyr saturation
W20250111 18:53:23.350993 10883 ImuError.cpp:650] gyr saturation
W20250111 18:53:23.350999 10883 ImuError.cpp:650] gyr saturation
W20250111 18:53:23.351006 10883 ImuError.cpp:650] gyr saturation
W20250111 18:53:23.351011 10883 ImuError.cpp:650] gyr saturation
W20250111 18:53:23.351016 10883 ImuError.cpp:650] gyr saturation
W20250111 18:53:23.351022 10883 ImuError.cpp:650] gyr saturation
W20250111 18:53:23.351027 10883 ImuError.cpp:650] gyr saturation
W20250111 18:53:23.351033 10883 ImuError.cpp:650] gyr saturation
W20250111 18:53:23.351039 10883 ImuError.cpp:650] gyr saturation
W20250111 18:53:23.351044 10883 ImuError.cpp:650] gyr saturation
W20250111 18:53:23.351050 10883 ImuError.cpp:650] gyr saturation
W20250111 18:53:23.351056 10883 ImuError.cpp:650] gyr saturation
W20250111 18:53:23.351063 10883 ImuError.cpp:650] gyr saturation
W20250111 18:53:23.351068 10883 ImuError.cpp:650] gyr saturation
W20250111 18:53:23.351074 10883 ImuError.cpp:650] gyr saturation
W20250111 18:53:23.351080 10883 ImuError.cpp:650] gyr saturation
W20250111 18:53:23.351085 10883 ImuError.cpp:650] gyr saturation
W20250111 18:53:23.351091 10883 ImuError.cpp:650] gyr saturation
W20250111 18:53:23.351096 10883 ImuError.cpp:650] gyr saturation
W20250111 18:53:23.351102 10883 ImuError.cpp:650] gyr saturation
W20250111 18:53:23.351109 10883 ImuError.cpp:650] gyr saturation
W20250111 18:53:23.351114 10883 ImuError.cpp:650] gyr saturation
W20250111 18:53:23.351120 10883 ImuError.cpp:650] gyr saturation
W20250111 18:53:23.351126 10883 ImuError.cpp:650] gyr saturation
W20250111 18:53:23.351133 10883 ImuError.cpp:650] gyr saturation
W20250111 18:53:23.351140 10883 ImuError.cpp:650] gyr saturation
W20250111 18:53:23.351145 10883 ImuError.cpp:650] gyr saturation
W20250111 18:53:23.351150 10883 ImuError.cpp:650] gyr saturation
W20250111 18:53:23.351156 10883 ImuError.cpp:650] gyr saturation
W20250111 18:53:23.351161 10883 ImuError.cpp:650] gyr saturation
W20250111 18:53:23.351167 10883 ImuError.cpp:650] gyr saturation
W20250111 18:53:23.351173 10883 ImuError.cpp:650] gyr saturation
W20250111 18:53:23.351179 10883 ImuError.cpp:650] gyr saturation
W20250111 18:53:23.351186 10883 ImuError.cpp:650] gyr saturation
W20250111 18:53:23.351191 10883 ImuError.cpp:650] gyr saturation
W20250111 18:53:23.351197 10883 ImuError.cpp:650] gyr saturation
W20250111 18:53:23.351203 10883 ImuError.cpp:650] gyr saturation
W20250111 18:53:23.351209 10883 ImuError.cpp:650] gyr saturation
W20250111 18:53:23.351215 10883 ImuError.cpp:650] gyr saturation
W20250111 18:53:23.351223 10883 ImuError.cpp:650] gyr saturation
W20250111 18:53:23.351229 10883 ImuError.cpp:650] gyr saturation
W20250111 18:53:23.351236 10883 ImuError.cpp:650] gyr saturation
W20250111 18:53:23.351243 10883 ImuError.cpp:650] gyr saturation
W20250111 18:53:23.351248 10883 ImuError.cpp:650] gyr saturation
W20250111 18:53:23.351258 10883 ImuError.cpp:650] gyr saturation
W20250111 18:53:23.351263 10883 ImuError.cpp:650] gyr saturation
W20250111 18:53:23.351269 10883 ImuError.cpp:650] gyr saturation
W20250111 18:53:23.351276 10883 ImuError.cpp:650] gyr saturation
W20250111 18:53:23.370685 10883 ImuError.cpp:650] gyr saturation
W20250111 18:53:23.370765 10883 ImuError.cpp:650] gyr saturation
W20250111 18:53:23.370775 10883 ImuError.cpp:650] gyr saturation
W20250111 18:53:23.370780 10883 ImuError.cpp:650] gyr saturation
W20250111 18:53:23.370785 10883 ImuError.cpp:650] gyr saturation
W20250111 18:53:23.370790 10883 ImuError.cpp:650] gyr saturation
W20250111 18:53:23.370795 10883 ImuError.cpp:650] gyr saturation
W20250111 18:53:23.370801 10883 ImuError.cpp:650] gyr saturation
W20250111 18:53:23.370807 10883 ImuError.cpp:650] gyr saturation
W20250111 18:53:23.370815 10883 ImuError.cpp:650] gyr saturation
W20250111 18:53:23.370819 10883 ImuError.cpp:650] gyr saturation
W20250111 18:53:23.370831 10883 ImuError.cpp:650] gyr saturation
W20250111 18:53:23.370838 10883 ImuError.cpp:650] gyr saturation
W20250111 18:53:23.370844 10883 ImuError.cpp:650] gyr saturation
W20250111 18:53:23.370851 10883 ImuError.cpp:650] gyr saturation
W20250111 18:53:23.370857 10883 ImuError.cpp:650] gyr saturation
W20250111 18:53:23.370862 10883 ImuError.cpp:650] gyr saturation
W20250111 18:53:23.370867 10883 ImuError.cpp:650] gyr saturation
W20250111 18:53:23.370872 10883 ImuError.cpp:650] gyr saturation
W20250111 18:53:23.370877 10883 ImuError.cpp:650] gyr saturation
W20250111 18:53:23.370883 10883 ImuError.cpp:650] gyr saturation
W20250111 18:53:23.370888 10883 ImuError.cpp:650] gyr saturation
W20250111 18:53:23.370894 10883 ImuError.cpp:650] gyr saturation
W20250111 18:53:23.370899 10883 ImuError.cpp:650] gyr saturation
W20250111 18:53:23.370904 10883 ImuError.cpp:650] gyr saturation
W20250111 18:53:23.370910 10883 ImuError.cpp:650] gyr saturation
W20250111 18:53:23.370916 10883 ImuError.cpp:650] gyr saturation
W20250111 18:53:23.370922 10883 ImuError.cpp:650] gyr saturation
W20250111 18:53:23.370929 10883 ImuError.cpp:650] gyr saturation
W20250111 18:53:23.370934 10883 ImuError.cpp:650] gyr saturation
W20250111 18:53:23.370939 10883 ImuError.cpp:650] gyr saturation
W20250111 18:53:23.370946 10883 ImuError.cpp:650] gyr saturation
W20250111 18:53:23.370952 10883 ImuError.cpp:650] gyr saturation
W20250111 18:53:23.370958 10883 ImuError.cpp:650] gyr saturation
W20250111 18:53:23.371062 10883 ImuError.cpp:650] gyr saturation
W20250111 18:53:23.371070 10883 ImuError.cpp:650] gyr saturation
W20250111 18:53:23.371075 10883 ImuError.cpp:650] gyr saturation
W20250111 18:53:23.371079 10883 ImuError.cpp:650] gyr saturation
W20250111 18:53:23.371086 10883 ImuError.cpp:650] gyr saturation
W20250111 18:53:23.371091 10883 ImuError.cpp:650] gyr saturation
W20250111 18:53:23.371097 10883 ImuError.cpp:650] gyr saturation
W20250111 18:53:23.371104 10883 ImuError.cpp:650] gyr saturation
W20250111 18:53:23.371109 10883 ImuError.cpp:650] gyr saturation
W20250111 18:53:23.371114 10883 ImuError.cpp:650] gyr saturation
W20250111 18:53:23.371120 10883 ImuError.cpp:650] gyr saturation
W20250111 18:53:23.371125 10883 ImuError.cpp:650] gyr saturation
W20250111 18:53:23.371130 10883 ImuError.cpp:650] gyr saturation
W20250111 18:53:23.371136 10883 ImuError.cpp:650] gyr saturation
W20250111 18:53:23.371142 10883 ImuError.cpp:650] gyr saturation
W20250111 18:53:23.371148 10883 ImuError.cpp:650] gyr saturation
W20250111 18:53:23.371155 10883 ImuError.cpp:650] gyr saturation
W20250111 18:53:23.371160 10883 ImuError.cpp:650] gyr saturation
W20250111 18:53:23.371165 10883 ImuError.cpp:650] gyr saturation
W20250111 18:53:23.371170 10883 ImuError.cpp:650] gyr saturation
W20250111 18:53:23.371184 10883 ImuError.cpp:650] gyr saturation
W20250111 18:53:23.371191 10883 ImuError.cpp:650] gyr saturation
W20250111 18:53:23.371196 10883 ImuError.cpp:650] gyr saturation
W20250111 18:53:23.371201 10883 ImuError.cpp:650] gyr saturation
W20250111 18:53:23.371206 10883 ImuError.cpp:650] gyr saturation
W20250111 18:53:23.371219 10883 ImuError.cpp:650] gyr saturation
W20250111 18:53:23.371223 10883 ImuError.cpp:650] gyr saturation
W20250111 18:53:23.371228 10883 ImuError.cpp:650] gyr saturation
W20250111 18:53:23.371234 10883 ImuError.cpp:650] gyr saturation
W20250111 18:53:23.371241 10883 ImuError.cpp:650] gyr saturation
W20250111 18:53:23.371248 10883 ImuError.cpp:650] gyr saturation
W20250111 18:53:23.371253 10883 ImuError.cpp:650] gyr saturation
W20250111 18:53:23.371258 10883 ImuError.cpp:650] gyr saturation
W20250111 18:53:23.371263 10883 ImuError.cpp:650] gyr saturation
W20250111 18:53:23.375576 10883 ImuError.cpp:368] gyr saturation
W20250111 18:53:23.375654 10883 ImuError.cpp:368] gyr saturation
W20250111 18:53:23.375666 10883 ImuError.cpp:368] gyr saturation
W20250111 18:53:23.375679 10883 ImuError.cpp:368] gyr saturation
W20250111 18:53:23.375689 10883 ImuError.cpp:368] gyr saturation
W20250111 18:53:23.375700 10883 ImuError.cpp:368] gyr saturation
W20250111 18:53:23.375711 10883 ImuError.cpp:368] gyr saturation
W20250111 18:53:23.375722 10883 ImuError.cpp:368] gyr saturation
W20250111 18:53:23.375733 10883 ImuError.cpp:368] gyr saturation
W20250111 18:53:23.375744 10883 ImuError.cpp:368] gyr saturation
W20250111 18:53:23.375754 10883 ImuError.cpp:368] gyr saturation
W20250111 18:53:23.375766 10883 ImuError.cpp:368] gyr saturation
W20250111 18:53:23.375777 10883 ImuError.cpp:368] gyr saturation
W20250111 18:53:23.375787 10883 ImuError.cpp:368] gyr saturation
W20250111 18:53:23.375797 10883 ImuError.cpp:368] gyr saturation
W20250111 18:53:23.375808 10883 ImuError.cpp:368] gyr saturation
W20250111 18:53:23.375819 10883 ImuError.cpp:368] gyr saturation
W20250111 18:53:23.375836 10883 ImuError.cpp:368] gyr saturation
W20250111 18:53:23.375847 10883 ImuError.cpp:368] gyr saturation
W20250111 18:53:23.375859 10883 ImuError.cpp:368] gyr saturation
W20250111 18:53:23.375869 10883 ImuError.cpp:368] gyr saturation
W20250111 18:53:23.375880 10883 ImuError.cpp:368] gyr saturation
W20250111 18:53:23.375891 10883 ImuError.cpp:368] gyr saturation
W20250111 18:53:23.375902 10883 ImuError.cpp:368] gyr saturation
W20250111 18:53:23.375913 10883 ImuError.cpp:368] gyr saturation
W20250111 18:53:23.375923 10883 ImuError.cpp:368] gyr saturation
W20250111 18:53:23.375934 10883 ImuError.cpp:368] gyr saturation
W20250111 18:53:23.375945 10883 ImuError.cpp:368] gyr saturation
W20250111 18:53:23.375957 10883 ImuError.cpp:368] gyr saturation
W20250111 18:53:23.375967 10883 ImuError.cpp:368] gyr saturation
W20250111 18:53:23.375977 10883 ImuError.cpp:368] gyr saturation
W20250111 18:53:23.375988 10883 ImuError.cpp:368] gyr saturation
W20250111 18:53:23.375999 10883 ImuError.cpp:368] gyr saturation
W20250111 18:53:23.376010 10883 ImuError.cpp:368] gyr saturation
W20250111 18:53:23.382723 10883 ImuError.cpp:650] gyr saturation
W20250111 18:53:23.382786 10883 ImuError.cpp:650] gyr saturation
W20250111 18:53:23.382793 10883 ImuError.cpp:650] gyr saturation
W20250111 18:53:23.382798 10883 ImuError.cpp:650] gyr saturation
W20250111 18:53:23.382803 10883 ImuError.cpp:650] gyr saturation
W20250111 18:53:23.382809 10883 ImuError.cpp:650] gyr saturation
W20250111 18:53:23.382817 10883 ImuError.cpp:650] gyr saturation
W20250111 18:53:23.382822 10883 ImuError.cpp:650] gyr saturation
W20250111 18:53:23.382836 10883 ImuError.cpp:650] gyr saturation
W20250111 18:53:23.382843 10883 ImuError.cpp:650] gyr saturation
W20250111 18:53:23.382848 10883 ImuError.cpp:650] gyr saturation
W20250111 18:53:23.382853 10883 ImuError.cpp:650] gyr saturation
W20250111 18:53:23.382859 10883 ImuError.cpp:650] gyr saturation
W20250111 18:53:23.382865 10883 ImuError.cpp:650] gyr saturation
W20250111 18:53:23.382871 10883 ImuError.cpp:650] gyr saturation
W20250111 18:53:23.382890 10883 ImuError.cpp:650] gyr saturation
W20250111 18:53:23.382896 10883 ImuError.cpp:650] gyr saturation
W20250111 18:53:23.382902 10883 ImuError.cpp:650] gyr saturation
W20250111 18:53:23.382910 10883 ImuError.cpp:650] gyr saturation
W20250111 18:53:23.382915 10883 ImuError.cpp:650] gyr saturation
W20250111 18:53:23.382927 10883 ImuError.cpp:650] gyr saturation
W20250111 18:53:23.382934 10883 ImuError.cpp:650] gyr saturation
W20250111 18:53:23.382941 10883 ImuError.cpp:650] gyr saturation
W20250111 18:53:23.382949 10883 ImuError.cpp:650] gyr saturation
W20250111 18:53:23.382956 10883 ImuError.cpp:650] gyr saturation
W20250111 18:53:23.382961 10883 ImuError.cpp:650] gyr saturation
W20250111 18:53:23.382967 10883 ImuError.cpp:650] gyr saturation
W20250111 18:53:23.382972 10883 ImuError.cpp:650] gyr saturation
W20250111 18:53:23.382978 10883 ImuError.cpp:650] gyr saturation
W20250111 18:53:23.382984 10883 ImuError.cpp:650] gyr saturation
W20250111 18:53:23.382989 10883 ImuError.cpp:650] gyr saturation
W20250111 18:53:23.382995 10883 ImuError.cpp:650] gyr saturation
W20250111 18:53:23.383001 10883 ImuError.cpp:650] gyr saturation
W20250111 18:53:23.383008 10883 ImuError.cpp:650] gyr saturation
W20250111 18:53:23.383013 10883 ImuError.cpp:650] gyr saturation
W20250111 18:53:23.383019 10883 ImuError.cpp:650] gyr saturation
W20250111 18:53:23.383024 10883 ImuError.cpp:650] gyr saturation
W20250111 18:53:23.383030 10883 ImuError.cpp:650] gyr saturation
W20250111 18:53:23.383037 10883 ImuError.cpp:650] gyr saturation
W20250111 18:53:23.383044 10883 ImuError.cpp:650] gyr saturation
W20250111 18:53:23.383049 10883 ImuError.cpp:650] gyr saturation
W20250111 18:53:23.383055 10883 ImuError.cpp:650] gyr saturation
W20250111 18:53:23.383061 10883 ImuError.cpp:650] gyr saturation
W20250111 18:53:23.383067 10883 ImuError.cpp:650] gyr saturation
W20250111 18:53:23.383073 10883 ImuError.cpp:650] gyr saturation
W20250111 18:53:23.383080 10883 ImuError.cpp:650] gyr saturation
W20250111 18:53:23.383085 10883 ImuError.cpp:650] gyr saturation
W20250111 18:53:23.383091 10883 ImuError.cpp:650] gyr saturation
W20250111 18:53:23.383096 10883 ImuError.cpp:650] gyr saturation
W20250111 18:53:23.383102 10883 ImuError.cpp:650] gyr saturation
W20250111 18:53:23.383108 10883 ImuError.cpp:650] gyr saturation
W20250111 18:53:23.383113 10883 ImuError.cpp:650] gyr saturation
W20250111 18:53:23.383119 10883 ImuError.cpp:650] gyr saturation
W20250111 18:53:23.383126 10883 ImuError.cpp:650] gyr saturation
W20250111 18:53:23.383131 10883 ImuError.cpp:650] gyr saturation
W20250111 18:53:23.383136 10883 ImuError.cpp:650] gyr saturation
W20250111 18:53:23.383142 10883 ImuError.cpp:650] gyr saturation
W20250111 18:53:23.383148 10883 ImuError.cpp:650] gyr saturation
W20250111 18:53:23.383154 10883 ImuError.cpp:650] gyr saturation
W20250111 18:53:23.383160 10883 ImuError.cpp:650] gyr saturation
W20250111 18:53:23.383165 10883 ImuError.cpp:650] gyr saturation
W20250111 18:53:23.383172 10883 ImuError.cpp:650] gyr saturation
W20250111 18:53:23.383177 10883 ImuError.cpp:650] gyr saturation
W20250111 18:53:23.383183 10883 ImuError.cpp:650] gyr saturation
W20250111 18:53:23.383188 10883 ImuError.cpp:650] gyr saturation
W20250111 18:53:23.383193 10883 ImuError.cpp:650] gyr saturation
W20250111 18:53:23.383198 10883 ImuError.cpp:650] gyr saturation
W20250111 18:53:23.383204 10883 ImuError.cpp:650] gyr saturation
W20250111 18:53:23.397651 10883 ImuError.cpp:650] gyr saturation
W20250111 18:53:23.397693 10883 ImuError.cpp:650] gyr saturation
W20250111 18:53:23.397699 10883 ImuError.cpp:650] gyr saturation
W20250111 18:53:23.397706 10883 ImuError.cpp:650] gyr saturation
W20250111 18:53:23.397709 10883 ImuError.cpp:650] gyr saturation
W20250111 18:53:23.397715 10883 ImuError.cpp:650] gyr saturation
W20250111 18:53:23.397722 10883 ImuError.cpp:650] gyr saturation
W20250111 18:53:23.397727 10883 ImuError.cpp:650] gyr saturation
W20250111 18:53:23.397732 10883 ImuError.cpp:650] gyr saturation
W20250111 18:53:23.397737 10883 ImuError.cpp:650] gyr saturation
W20250111 18:53:23.397749 10883 ImuError.cpp:650] gyr saturation
W20250111 18:53:23.397754 10883 ImuError.cpp:650] gyr saturation
W20250111 18:53:23.397760 10883 ImuError.cpp:650] gyr saturation
W20250111 18:53:23.397765 10883 ImuError.cpp:650] gyr saturation
W20250111 18:53:23.397770 10883 ImuError.cpp:650] gyr saturation
W20250111 18:53:23.397780 10883 ImuError.cpp:650] gyr saturation
W20250111 18:53:23.397787 10883 ImuError.cpp:650] gyr saturation
W20250111 18:53:23.397792 10883 ImuError.cpp:650] gyr saturation
W20250111 18:53:23.397799 10883 ImuError.cpp:650] gyr saturation
W20250111 18:53:23.397804 10883 ImuError.cpp:650] gyr saturation
W20250111 18:53:23.397810 10883 ImuError.cpp:650] gyr saturation
W20250111 18:53:23.397816 10883 ImuError.cpp:650] gyr saturation
W20250111 18:53:23.397821 10883 ImuError.cpp:650] gyr saturation
W20250111 18:53:23.397832 10883 ImuError.cpp:650] gyr saturation
W20250111 18:53:23.397837 10883 ImuError.cpp:650] gyr saturation
W20250111 18:53:23.397845 10883 ImuError.cpp:650] gyr saturation
W20250111 18:53:23.397850 10883 ImuError.cpp:650] gyr saturation
W20250111 18:53:23.397854 10883 ImuError.cpp:650] gyr saturation
W20250111 18:53:23.397861 10883 ImuError.cpp:650] gyr saturation
W20250111 18:53:23.397866 10883 ImuError.cpp:650] gyr saturation
W20250111 18:53:23.397871 10883 ImuError.cpp:650] gyr saturation
W20250111 18:53:23.397876 10883 ImuError.cpp:650] gyr saturation
W20250111 18:53:23.397881 10883 ImuError.cpp:650] gyr saturation
W20250111 18:53:23.397886 10883 ImuError.cpp:650] gyr saturation
W20250111 18:53:23.397892 10883 ImuError.cpp:650] gyr saturation
W20250111 18:53:23.398128 10883 ImuError.cpp:650] gyr saturation
W20250111 18:53:23.398137 10883 ImuError.cpp:650] gyr saturation
W20250111 18:53:23.398144 10883 ImuError.cpp:650] gyr saturation
W20250111 18:53:23.398149 10883 ImuError.cpp:650] gyr saturation
W20250111 18:53:23.398155 10883 ImuError.cpp:650] gyr saturation
W20250111 18:53:23.398160 10883 ImuError.cpp:650] gyr saturation
W20250111 18:53:23.398165 10883 ImuError.cpp:650] gyr saturation
W20250111 18:53:23.398171 10883 ImuError.cpp:650] gyr saturation
W20250111 18:53:23.398176 10883 ImuError.cpp:650] gyr saturation
W20250111 18:53:23.398181 10883 ImuError.cpp:650] gyr saturation
W20250111 18:53:23.398187 10883 ImuError.cpp:650] gyr saturation
W20250111 18:53:23.398192 10883 ImuError.cpp:650] gyr saturation
W20250111 18:53:23.398197 10883 ImuError.cpp:650] gyr saturation
W20250111 18:53:23.398202 10883 ImuError.cpp:650] gyr saturation
W20250111 18:53:23.398208 10883 ImuError.cpp:650] gyr saturation
W20250111 18:53:23.398213 10883 ImuError.cpp:650] gyr saturation
W20250111 18:53:23.398218 10883 ImuError.cpp:650] gyr saturation
W20250111 18:53:23.398223 10883 ImuError.cpp:650] gyr saturation
W20250111 18:53:23.398229 10883 ImuError.cpp:650] gyr saturation
W20250111 18:53:23.398234 10883 ImuError.cpp:650] gyr saturation
W20250111 18:53:23.398240 10883 ImuError.cpp:650] gyr saturation
W20250111 18:53:23.398245 10883 ImuError.cpp:650] gyr saturation
W20250111 18:53:23.398250 10883 ImuError.cpp:650] gyr saturation
W20250111 18:53:23.398255 10883 ImuError.cpp:650] gyr saturation
W20250111 18:53:23.398260 10883 ImuError.cpp:650] gyr saturation
W20250111 18:53:23.398264 10883 ImuError.cpp:650] gyr saturation
W20250111 18:53:23.398270 10883 ImuError.cpp:650] gyr saturation
W20250111 18:53:23.398276 10883 ImuError.cpp:650] gyr saturation
W20250111 18:53:23.398281 10883 ImuError.cpp:650] gyr saturation
W20250111 18:53:23.398288 10883 ImuError.cpp:650] gyr saturation
W20250111 18:53:23.398293 10883 ImuError.cpp:650] gyr saturation
W20250111 18:53:23.398298 10883 ImuError.cpp:650] gyr saturation
W20250111 18:53:23.398303 10883 ImuError.cpp:650] gyr saturation
W20250111 18:53:23.398309 10883 ImuError.cpp:650] gyr saturation
W20250111 18:53:23.398315 10883 ImuError.cpp:650] gyr saturation
W20250111 18:53:23.402724 10883 ImuError.cpp:368] gyr saturation
W20250111 18:53:23.402803 10883 ImuError.cpp:368] gyr saturation
W20250111 18:53:23.402817 10883 ImuError.cpp:368] gyr saturation
W20250111 18:53:23.402844 10883 ImuError.cpp:368] gyr saturation
W20250111 18:53:23.402856 10883 ImuError.cpp:368] gyr saturation
W20250111 18:53:23.402868 10883 ImuError.cpp:368] gyr saturation
W20250111 18:53:23.402877 10883 ImuError.cpp:368] gyr saturation
W20250111 18:53:23.402889 10883 ImuError.cpp:368] gyr saturation
W20250111 18:53:23.402906 10883 ImuError.cpp:368] gyr saturation
W20250111 18:53:23.402917 10883 ImuError.cpp:368] gyr saturation
W20250111 18:53:23.402928 10883 ImuError.cpp:368] gyr saturation
W20250111 18:53:23.402938 10883 ImuError.cpp:368] gyr saturation
W20250111 18:53:23.402949 10883 ImuError.cpp:368] gyr saturation
W20250111 18:53:23.402961 10883 ImuError.cpp:368] gyr saturation
W20250111 18:53:23.402972 10883 ImuError.cpp:368] gyr saturation
W20250111 18:53:23.402983 10883 ImuError.cpp:368] gyr saturation
W20250111 18:53:23.402994 10883 ImuError.cpp:368] gyr saturation
W20250111 18:53:23.403004 10883 ImuError.cpp:368] gyr saturation
W20250111 18:53:23.403015 10883 ImuError.cpp:368] gyr saturation
W20250111 18:53:23.403025 10883 ImuError.cpp:368] gyr saturation
W20250111 18:53:23.403036 10883 ImuError.cpp:368] gyr saturation
W20250111 18:53:23.403048 10883 ImuError.cpp:368] gyr saturation
W20250111 18:53:23.403059 10883 ImuError.cpp:368] gyr saturation
W20250111 18:53:23.403069 10883 ImuError.cpp:368] gyr saturation
W20250111 18:53:23.403080 10883 ImuError.cpp:368] gyr saturation
W20250111 18:53:23.403090 10883 ImuError.cpp:368] gyr saturation
W20250111 18:53:23.403101 10883 ImuError.cpp:368] gyr saturation
W20250111 18:53:23.403112 10883 ImuError.cpp:368] gyr saturation
W20250111 18:53:23.403123 10883 ImuError.cpp:368] gyr saturation
W20250111 18:53:23.403134 10883 ImuError.cpp:368] gyr saturation
W20250111 18:53:23.403146 10883 ImuError.cpp:368] gyr saturation
W20250111 18:53:23.403155 10883 ImuError.cpp:368] gyr saturation
W20250111 18:53:23.403167 10883 ImuError.cpp:368] gyr saturation
W20250111 18:53:23.403177 10883 ImuError.cpp:368] gyr saturation
W20250111 18:53:23.403188 10883 ImuError.cpp:368] gyr saturation
W20250111 18:53:23.409639 10883 ImuError.cpp:650] gyr saturation
W20250111 18:53:23.409700 10883 ImuError.cpp:650] gyr saturation
W20250111 18:53:23.409711 10883 ImuError.cpp:650] gyr saturation
W20250111 18:53:23.409718 10883 ImuError.cpp:650] gyr saturation
W20250111 18:53:23.409722 10883 ImuError.cpp:650] gyr saturation
W20250111 18:53:23.409734 10883 ImuError.cpp:650] gyr saturation
W20250111 18:53:23.409740 10883 ImuError.cpp:650] gyr saturation
W20250111 18:53:23.409746 10883 ImuError.cpp:650] gyr saturation
W20250111 18:53:23.409752 10883 ImuError.cpp:650] gyr saturation
W20250111 18:53:23.409757 10883 ImuError.cpp:650] gyr saturation
W20250111 18:53:23.409765 10883 ImuError.cpp:650] gyr saturation
W20250111 18:53:23.409770 10883 ImuError.cpp:650] gyr saturation
W20250111 18:53:23.409776 10883 ImuError.cpp:650] gyr saturation
W20250111 18:53:23.409782 10883 ImuError.cpp:650] gyr saturation
W20250111 18:53:23.409788 10883 ImuError.cpp:650] gyr saturation
W20250111 18:53:23.409795 10883 ImuError.cpp:650] gyr saturation
W20250111 18:53:23.409802 10883 ImuError.cpp:650] gyr saturation
W20250111 18:53:23.409808 10883 ImuError.cpp:650] gyr saturation
W20250111 18:53:23.409817 10883 ImuError.cpp:650] gyr saturation
W20250111 18:53:23.409832 10883 ImuError.cpp:650] gyr saturation
W20250111 18:53:23.409842 10883 ImuError.cpp:650] gyr saturation
W20250111 18:53:23.409849 10883 ImuError.cpp:650] gyr saturation
W20250111 18:53:23.409858 10883 ImuError.cpp:650] gyr saturation
W20250111 18:53:23.409865 10883 ImuError.cpp:650] gyr saturation
W20250111 18:53:23.409873 10883 ImuError.cpp:650] gyr saturation
W20250111 18:53:23.409878 10883 ImuError.cpp:650] gyr saturation
W20250111 18:53:23.409884 10883 ImuError.cpp:650] gyr saturation
W20250111 18:53:23.409890 10883 ImuError.cpp:650] gyr saturation
W20250111 18:53:23.409895 10883 ImuError.cpp:650] gyr saturation
W20250111 18:53:23.409901 10883 ImuError.cpp:650] gyr saturation
W20250111 18:53:23.409907 10883 ImuError.cpp:650] gyr saturation
W20250111 18:53:23.409926 10883 ImuError.cpp:650] gyr saturation
W20250111 18:53:23.409934 10883 ImuError.cpp:650] gyr saturation
W20250111 18:53:23.409941 10883 ImuError.cpp:650] gyr saturation
W20250111 18:53:23.409948 10883 ImuError.cpp:650] gyr saturation
W20250111 18:53:23.409955 10883 ImuError.cpp:650] gyr saturation
W20250111 18:53:23.409968 10883 ImuError.cpp:650] gyr saturation
W20250111 18:53:23.409978 10883 ImuError.cpp:650] gyr saturation
W20250111 18:53:23.409986 10883 ImuError.cpp:650] gyr saturation
W20250111 18:53:23.409991 10883 ImuError.cpp:650] gyr saturation
W20250111 18:53:23.409996 10883 ImuError.cpp:650] gyr saturation
W20250111 18:53:23.410003 10883 ImuError.cpp:650] gyr saturation
W20250111 18:53:23.410009 10883 ImuError.cpp:650] gyr saturation
W20250111 18:53:23.410017 10883 ImuError.cpp:650] gyr saturation
W20250111 18:53:23.410022 10883 ImuError.cpp:650] gyr saturation
W20250111 18:53:23.410028 10883 ImuError.cpp:650] gyr saturation
W20250111 18:53:23.410034 10883 ImuError.cpp:650] gyr saturation
W20250111 18:53:23.410040 10883 ImuError.cpp:650] gyr saturation
W20250111 18:53:23.410046 10883 ImuError.cpp:650] gyr saturation
W20250111 18:53:23.410053 10883 ImuError.cpp:650] gyr saturation
W20250111 18:53:23.410059 10883 ImuError.cpp:650] gyr saturation
W20250111 18:53:23.410065 10883 ImuError.cpp:650] gyr saturation
W20250111 18:53:23.410070 10883 ImuError.cpp:650] gyr saturation
W20250111 18:53:23.410076 10883 ImuError.cpp:650] gyr saturation
W20250111 18:53:23.410082 10883 ImuError.cpp:650] gyr saturation
W20250111 18:53:23.410089 10883 ImuError.cpp:650] gyr saturation
W20250111 18:53:23.410094 10883 ImuError.cpp:650] gyr saturation
W20250111 18:53:23.410100 10883 ImuError.cpp:650] gyr saturation
W20250111 18:53:23.410106 10883 ImuError.cpp:650] gyr saturation
W20250111 18:53:23.410112 10883 ImuError.cpp:650] gyr saturation
W20250111 18:53:23.410118 10883 ImuError.cpp:650] gyr saturation
W20250111 18:53:23.410125 10883 ImuError.cpp:650] gyr saturation
W20250111 18:53:23.410130 10883 ImuError.cpp:650] gyr saturation
W20250111 18:53:23.410136 10883 ImuError.cpp:650] gyr saturation
W20250111 18:53:23.410143 10883 ImuError.cpp:650] gyr saturation
W20250111 18:53:23.410149 10883 ImuError.cpp:650] gyr saturation
W20250111 18:53:23.410154 10883 ImuError.cpp:650] gyr saturation
W20250111 18:53:23.410161 10883 ImuError.cpp:650] gyr saturation
W20250111 18:53:23.427960 223845 ImuError.cpp:165] gyr saturation
W20250111 18:53:23.428028 223845 ImuError.cpp:165] gyr saturation
W20250111 18:53:23.428043 223845 ImuError.cpp:165] gyr saturation
W20250111 18:53:23.428056 223845 ImuError.cpp:165] gyr saturation
W20250111 18:53:23.428068 223845 ImuError.cpp:165] gyr saturation
W20250111 18:53:23.428081 223845 ImuError.cpp:165] gyr saturation
W20250111 18:53:23.428092 223845 ImuError.cpp:165] gyr saturation
W20250111 18:53:23.428103 223845 ImuError.cpp:165] gyr saturation
W20250111 18:53:23.428114 223845 ImuError.cpp:165] gyr saturation
W20250111 18:53:23.428126 223845 ImuError.cpp:165] gyr saturation
W20250111 18:53:23.428138 223845 ImuError.cpp:165] gyr saturation
W20250111 18:53:23.428148 223845 ImuError.cpp:165] gyr saturation
W20250111 18:53:23.428158 223845 ImuError.cpp:165] gyr saturation
W20250111 18:53:23.428169 223845 ImuError.cpp:165] gyr saturation
W20250111 18:53:23.428180 223845 ImuError.cpp:165] gyr saturation
W20250111 18:53:23.428191 223845 ImuError.cpp:165] gyr saturation
W20250111 18:53:23.428202 223845 ImuError.cpp:165] gyr saturation
W20250111 18:53:23.428213 223845 ImuError.cpp:165] gyr saturation
W20250111 18:53:23.428225 223845 ImuError.cpp:165] gyr saturation
W20250111 18:53:23.428236 223845 ImuError.cpp:165] gyr saturation
W20250111 18:53:23.428246 223845 ImuError.cpp:165] gyr saturation
W20250111 18:53:23.428617 223845 ImuError.cpp:165] gyr saturation
W20250111 18:53:23.428638 223845 ImuError.cpp:165] gyr saturation
W20250111 18:53:23.428649 223845 ImuError.cpp:165] gyr saturation
W20250111 18:53:23.428660 223845 ImuError.cpp:165] gyr saturation
W20250111 18:53:23.428671 223845 ImuError.cpp:165] gyr saturation
W20250111 18:53:23.428694 223845 ImuError.cpp:165] gyr saturation
W20250111 18:53:23.428705 223845 ImuError.cpp:165] gyr saturation
W20250111 18:53:23.428717 223845 ImuError.cpp:165] gyr saturation
W20250111 18:53:23.428730 223845 ImuError.cpp:165] gyr saturation
W20250111 18:53:23.428746 223845 ImuError.cpp:165] gyr saturation
W20250111 18:53:23.428758 223845 ImuError.cpp:165] gyr saturation
W20250111 18:53:23.428771 223845 ImuError.cpp:165] gyr saturation
W20250111 18:53:23.428782 223845 ImuError.cpp:165] gyr saturation
W20250111 18:53:23.428794 223845 ImuError.cpp:165] gyr saturation
W20250111 18:53:23.428805 223845 ImuError.cpp:165] gyr saturation
W20250111 18:53:23.428815 223845 ImuError.cpp:165] gyr saturation
W20250111 18:53:23.428834 223845 ImuError.cpp:165] gyr saturation
W20250111 18:53:23.428848 223845 ImuError.cpp:165] gyr saturation
W20250111 18:53:23.428858 223845 ImuError.cpp:165] gyr saturation
W20250111 18:53:23.428869 223845 ImuError.cpp:165] gyr saturation
W20250111 18:53:23.428880 223845 ImuError.cpp:165] gyr saturation
W20250111 18:53:23.429836 10883 ImuError.cpp:650] gyr saturation
W20250111 18:53:23.429867 10883 ImuError.cpp:650] gyr saturation
W20250111 18:53:23.429873 10883 ImuError.cpp:650] gyr saturation
W20250111 18:53:23.429881 10883 ImuError.cpp:650] gyr saturation
W20250111 18:53:23.429886 10883 ImuError.cpp:650] gyr saturation
W20250111 18:53:23.429893 10883 ImuError.cpp:650] gyr saturation
W20250111 18:53:23.429898 10883 ImuError.cpp:650] gyr saturation
W20250111 18:53:23.429903 10883 ImuError.cpp:650] gyr saturation
W20250111 18:53:23.429909 10883 ImuError.cpp:650] gyr saturation
W20250111 18:53:23.429915 10883 ImuError.cpp:650] gyr saturation
W20250111 18:53:23.429920 10883 ImuError.cpp:650] gyr saturation
W20250111 18:53:23.429926 10883 ImuError.cpp:650] gyr saturation
W20250111 18:53:23.429932 10883 ImuError.cpp:650] gyr saturation
W20250111 18:53:23.429939 10883 ImuError.cpp:650] gyr saturation
W20250111 18:53:23.429944 10883 ImuError.cpp:650] gyr saturation
W20250111 18:53:23.429950 10883 ImuError.cpp:650] gyr saturation
W20250111 18:53:23.429955 10883 ImuError.cpp:650] gyr saturation
W20250111 18:53:23.429961 10883 ImuError.cpp:650] gyr saturation
W20250111 18:53:23.429966 10883 ImuError.cpp:650] gyr saturation
W20250111 18:53:23.429971 10883 ImuError.cpp:650] gyr saturation
W20250111 18:53:23.429977 10883 ImuError.cpp:650] gyr saturation
W20250111 18:53:23.429983 10883 ImuError.cpp:650] gyr saturation
W20250111 18:53:23.429988 10883 ImuError.cpp:650] gyr saturation
W20250111 18:53:23.429994 10883 ImuError.cpp:650] gyr saturation
W20250111 18:53:23.430001 10883 ImuError.cpp:650] gyr saturation
W20250111 18:53:23.430006 10883 ImuError.cpp:650] gyr saturation
W20250111 18:53:23.430011 10883 ImuError.cpp:650] gyr saturation
W20250111 18:53:23.430015 10883 ImuError.cpp:650] gyr saturation
W20250111 18:53:23.430022 10883 ImuError.cpp:650] gyr saturation
W20250111 18:53:23.430027 10883 ImuError.cpp:650] gyr saturation
W20250111 18:53:23.430032 10883 ImuError.cpp:650] gyr saturation
W20250111 18:53:23.430039 10883 ImuError.cpp:650] gyr saturation
W20250111 18:53:23.430044 10883 ImuError.cpp:650] gyr saturation
W20250111 18:53:23.430049 10883 ImuError.cpp:650] gyr saturation
W20250111 18:53:23.430263 10883 ImuError.cpp:650] gyr saturation
W20250111 18:53:23.430277 10883 ImuError.cpp:650] gyr saturation
W20250111 18:53:23.430284 10883 ImuError.cpp:650] gyr saturation
W20250111 18:53:23.430289 10883 ImuError.cpp:650] gyr saturation
W20250111 18:53:23.430294 10883 ImuError.cpp:650] gyr saturation
W20250111 18:53:23.430299 10883 ImuError.cpp:650] gyr saturation
W20250111 18:53:23.430305 10883 ImuError.cpp:650] gyr saturation
W20250111 18:53:23.430311 10883 ImuError.cpp:650] gyr saturation
W20250111 18:53:23.430316 10883 ImuError.cpp:650] gyr saturation
W20250111 18:53:23.430322 10883 ImuError.cpp:650] gyr saturation
W20250111 18:53:23.430328 10883 ImuError.cpp:650] gyr saturation
W20250111 18:53:23.430334 10883 ImuError.cpp:650] gyr saturation
W20250111 18:53:23.430346 10883 ImuError.cpp:650] gyr saturation
W20250111 18:53:23.430351 10883 ImuError.cpp:650] gyr saturation
W20250111 18:53:23.430356 10883 ImuError.cpp:650] gyr saturation
W20250111 18:53:23.430361 10883 ImuError.cpp:650] gyr saturation
W20250111 18:53:23.430366 10883 ImuError.cpp:650] gyr saturation
W20250111 18:53:23.430377 10883 ImuError.cpp:650] gyr saturation
W20250111 18:53:23.430384 10883 ImuError.cpp:650] gyr saturation
W20250111 18:53:23.430390 10883 ImuError.cpp:650] gyr saturation
W20250111 18:53:23.430398 10883 ImuError.cpp:650] gyr saturation
W20250111 18:53:23.430405 10883 ImuError.cpp:650] gyr saturation
W20250111 18:53:23.430410 10883 ImuError.cpp:650] gyr saturation
W20250111 18:53:23.430416 10883 ImuError.cpp:650] gyr saturation
W20250111 18:53:23.430421 10883 ImuError.cpp:650] gyr saturation
W20250111 18:53:23.430426 10883 ImuError.cpp:650] gyr saturation
W20250111 18:53:23.430431 10883 ImuError.cpp:650] gyr saturation
W20250111 18:53:23.430437 10883 ImuError.cpp:650] gyr saturation
W20250111 18:53:23.430444 10883 ImuError.cpp:650] gyr saturation
W20250111 18:53:23.430449 10883 ImuError.cpp:650] gyr saturation
W20250111 18:53:23.430456 10883 ImuError.cpp:650] gyr saturation
W20250111 18:53:23.430460 10883 ImuError.cpp:650] gyr saturation
W20250111 18:53:23.430465 10883 ImuError.cpp:650] gyr saturation
W20250111 18:53:23.430472 10883 ImuError.cpp:650] gyr saturation
W20250111 18:53:23.433917 10883 ImuError.cpp:368] gyr saturation
W20250111 18:53:23.433990 10883 ImuError.cpp:368] gyr saturation
W20250111 18:53:23.434002 10883 ImuError.cpp:368] gyr saturation
W20250111 18:53:23.434015 10883 ImuError.cpp:368] gyr saturation
W20250111 18:53:23.434026 10883 ImuError.cpp:368] gyr saturation
W20250111 18:53:23.434036 10883 ImuError.cpp:368] gyr saturation
W20250111 18:53:23.434046 10883 ImuError.cpp:368] gyr saturation
W20250111 18:53:23.434057 10883 ImuError.cpp:368] gyr saturation
W20250111 18:53:23.434067 10883 ImuError.cpp:368] gyr saturation
W20250111 18:53:23.434078 10883 ImuError.cpp:368] gyr saturation
W20250111 18:53:23.434089 10883 ImuError.cpp:368] gyr saturation
W20250111 18:53:23.434099 10883 ImuError.cpp:368] gyr saturation
W20250111 18:53:23.434110 10883 ImuError.cpp:368] gyr saturation
W20250111 18:53:23.434121 10883 ImuError.cpp:368] gyr saturation
W20250111 18:53:23.434132 10883 ImuError.cpp:368] gyr saturation
W20250111 18:53:23.434142 10883 ImuError.cpp:368] gyr saturation
W20250111 18:53:23.434154 10883 ImuError.cpp:368] gyr saturation
W20250111 18:53:23.434165 10883 ImuError.cpp:368] gyr saturation
W20250111 18:53:23.434175 10883 ImuError.cpp:368] gyr saturation
W20250111 18:53:23.434185 10883 ImuError.cpp:368] gyr saturation
W20250111 18:53:23.434196 10883 ImuError.cpp:368] gyr saturation
W20250111 18:53:23.434207 10883 ImuError.cpp:368] gyr saturation
W20250111 18:53:23.434218 10883 ImuError.cpp:368] gyr saturation
W20250111 18:53:23.434229 10883 ImuError.cpp:368] gyr saturation
W20250111 18:53:23.434239 10883 ImuError.cpp:368] gyr saturation
W20250111 18:53:23.434250 10883 ImuError.cpp:368] gyr saturation
W20250111 18:53:23.434262 10883 ImuError.cpp:368] gyr saturation
W20250111 18:53:23.434271 10883 ImuError.cpp:368] gyr saturation
W20250111 18:53:23.434283 10883 ImuError.cpp:368] gyr saturation
W20250111 18:53:23.434293 10883 ImuError.cpp:368] gyr saturation
W20250111 18:53:23.434304 10883 ImuError.cpp:368] gyr saturation
W20250111 18:53:23.434314 10883 ImuError.cpp:368] gyr saturation
W20250111 18:53:23.434325 10883 ImuError.cpp:368] gyr saturation
W20250111 18:53:23.434336 10883 ImuError.cpp:368] gyr saturation
W20250111 18:53:23.440054 10883 ImuError.cpp:650] gyr saturation
W20250111 18:53:23.440111 10883 ImuError.cpp:650] gyr saturation
W20250111 18:53:23.440119 10883 ImuError.cpp:650] gyr saturation
W20250111 18:53:23.440126 10883 ImuError.cpp:650] gyr saturation
W20250111 18:53:23.440131 10883 ImuError.cpp:650] gyr saturation
W20250111 18:53:23.440137 10883 ImuError.cpp:650] gyr saturation
W20250111 18:53:23.440145 10883 ImuError.cpp:650] gyr saturation
W20250111 18:53:23.440160 10883 ImuError.cpp:650] gyr saturation
W20250111 18:53:23.440167 10883 ImuError.cpp:650] gyr saturation
W20250111 18:53:23.440173 10883 ImuError.cpp:650] gyr saturation
W20250111 18:53:23.440179 10883 ImuError.cpp:650] gyr saturation
W20250111 18:53:23.440186 10883 ImuError.cpp:650] gyr saturation
W20250111 18:53:23.440197 10883 ImuError.cpp:650] gyr saturation
W20250111 18:53:23.440203 10883 ImuError.cpp:650] gyr saturation
W20250111 18:53:23.440208 10883 ImuError.cpp:650] gyr saturation
W20250111 18:53:23.440217 10883 ImuError.cpp:650] gyr saturation
W20250111 18:53:23.440222 10883 ImuError.cpp:650] gyr saturation
W20250111 18:53:23.440228 10883 ImuError.cpp:650] gyr saturation
W20250111 18:53:23.440234 10883 ImuError.cpp:650] gyr saturation
W20250111 18:53:23.440240 10883 ImuError.cpp:650] gyr saturation
W20250111 18:53:23.440246 10883 ImuError.cpp:650] gyr saturation
W20250111 18:53:23.440251 10883 ImuError.cpp:650] gyr saturation
W20250111 18:53:23.440258 10883 ImuError.cpp:650] gyr saturation
W20250111 18:53:23.440264 10883 ImuError.cpp:650] gyr saturation
W20250111 18:53:23.440269 10883 ImuError.cpp:650] gyr saturation
W20250111 18:53:23.440276 10883 ImuError.cpp:650] gyr saturation
W20250111 18:53:23.440282 10883 ImuError.cpp:650] gyr saturation
W20250111 18:53:23.440289 10883 ImuError.cpp:650] gyr saturation
W20250111 18:53:23.440294 10883 ImuError.cpp:650] gyr saturation
W20250111 18:53:23.440299 10883 ImuError.cpp:650] gyr saturation
W20250111 18:53:23.440305 10883 ImuError.cpp:650] gyr saturation
W20250111 18:53:23.440311 10883 ImuError.cpp:650] gyr saturation
W20250111 18:53:23.440316 10883 ImuError.cpp:650] gyr saturation
W20250111 18:53:23.440322 10883 ImuError.cpp:650] gyr saturation
W20250111 18:53:23.440327 10883 ImuError.cpp:650] gyr saturation
W20250111 18:53:23.440333 10883 ImuError.cpp:650] gyr saturation
W20250111 18:53:23.440339 10883 ImuError.cpp:650] gyr saturation
W20250111 18:53:23.440346 10883 ImuError.cpp:650] gyr saturation
W20250111 18:53:23.440354 10883 ImuError.cpp:650] gyr saturation
W20250111 18:53:23.440361 10883 ImuError.cpp:650] gyr saturation
W20250111 18:53:23.440366 10883 ImuError.cpp:650] gyr saturation
W20250111 18:53:23.440371 10883 ImuError.cpp:650] gyr saturation
W20250111 18:53:23.440378 10883 ImuError.cpp:650] gyr saturation
W20250111 18:53:23.440384 10883 ImuError.cpp:650] gyr saturation
W20250111 18:53:23.440389 10883 ImuError.cpp:650] gyr saturation
W20250111 18:53:23.440394 10883 ImuError.cpp:650] gyr saturation
W20250111 18:53:23.440399 10883 ImuError.cpp:650] gyr saturation
W20250111 18:53:23.440405 10883 ImuError.cpp:650] gyr saturation
W20250111 18:53:23.440410 10883 ImuError.cpp:650] gyr saturation
W20250111 18:53:23.440416 10883 ImuError.cpp:650] gyr saturation
W20250111 18:53:23.440423 10883 ImuError.cpp:650] gyr saturation
W20250111 18:53:23.440428 10883 ImuError.cpp:650] gyr saturation
W20250111 18:53:23.440433 10883 ImuError.cpp:650] gyr saturation
W20250111 18:53:23.440438 10883 ImuError.cpp:650] gyr saturation
W20250111 18:53:23.440443 10883 ImuError.cpp:650] gyr saturation
W20250111 18:53:23.440449 10883 ImuError.cpp:650] gyr saturation
W20250111 18:53:23.440454 10883 ImuError.cpp:650] gyr saturation
W20250111 18:53:23.440459 10883 ImuError.cpp:650] gyr saturation
W20250111 18:53:23.440465 10883 ImuError.cpp:650] gyr saturation
W20250111 18:53:23.440471 10883 ImuError.cpp:650] gyr saturation
W20250111 18:53:23.440477 10883 ImuError.cpp:650] gyr saturation
W20250111 18:53:23.440483 10883 ImuError.cpp:650] gyr saturation
W20250111 18:53:23.440490 10883 ImuError.cpp:650] gyr saturation
W20250111 18:53:23.440495 10883 ImuError.cpp:650] gyr saturation
W20250111 18:53:23.440500 10883 ImuError.cpp:650] gyr saturation
W20250111 18:53:23.440506 10883 ImuError.cpp:650] gyr saturation
W20250111 18:53:23.440511 10883 ImuError.cpp:650] gyr saturation
W20250111 18:53:23.440518 10883 ImuError.cpp:650] gyr saturation
W20250111 18:53:23.452080 10883 ImuError.cpp:650] gyr saturation
W20250111 18:53:23.452131 10883 ImuError.cpp:650] gyr saturation
W20250111 18:53:23.452140 10883 ImuError.cpp:650] gyr saturation
W20250111 18:53:23.452147 10883 ImuError.cpp:650] gyr saturation
W20250111 18:53:23.452152 10883 ImuError.cpp:650] gyr saturation
W20250111 18:53:23.452157 10883 ImuError.cpp:650] gyr saturation
W20250111 18:53:23.452163 10883 ImuError.cpp:650] gyr saturation
W20250111 18:53:23.452174 10883 ImuError.cpp:650] gyr saturation
W20250111 18:53:23.452180 10883 ImuError.cpp:650] gyr saturation
W20250111 18:53:23.452185 10883 ImuError.cpp:650] gyr saturation
W20250111 18:53:23.452190 10883 ImuError.cpp:650] gyr saturation
W20250111 18:53:23.452195 10883 ImuError.cpp:650] gyr saturation
W20250111 18:53:23.452201 10883 ImuError.cpp:650] gyr saturation
W20250111 18:53:23.452207 10883 ImuError.cpp:650] gyr saturation
W20250111 18:53:23.452214 10883 ImuError.cpp:650] gyr saturation
W20250111 18:53:23.452219 10883 ImuError.cpp:650] gyr saturation
W20250111 18:53:23.452224 10883 ImuError.cpp:650] gyr saturation
W20250111 18:53:23.452229 10883 ImuError.cpp:650] gyr saturation
W20250111 18:53:23.452235 10883 ImuError.cpp:650] gyr saturation
W20250111 18:53:23.452240 10883 ImuError.cpp:650] gyr saturation
W20250111 18:53:23.452246 10883 ImuError.cpp:650] gyr saturation
W20250111 18:53:23.452251 10883 ImuError.cpp:650] gyr saturation
W20250111 18:53:23.452257 10883 ImuError.cpp:650] gyr saturation
W20250111 18:53:23.452262 10883 ImuError.cpp:650] gyr saturation
W20250111 18:53:23.452268 10883 ImuError.cpp:650] gyr saturation
W20250111 18:53:23.452273 10883 ImuError.cpp:650] gyr saturation
W20250111 18:53:23.452278 10883 ImuError.cpp:650] gyr saturation
W20250111 18:53:23.452283 10883 ImuError.cpp:650] gyr saturation
W20250111 18:53:23.452289 10883 ImuError.cpp:650] gyr saturation
W20250111 18:53:23.452294 10883 ImuError.cpp:650] gyr saturation
W20250111 18:53:23.452301 10883 ImuError.cpp:650] gyr saturation
W20250111 18:53:23.452306 10883 ImuError.cpp:650] gyr saturation
W20250111 18:53:23.452311 10883 ImuError.cpp:650] gyr saturation
W20250111 18:53:23.452315 10883 ImuError.cpp:650] gyr saturation
W20250111 18:53:23.452322 10883 ImuError.cpp:650] gyr saturation
W20250111 18:53:23.452422 10883 ImuError.cpp:650] gyr saturation
W20250111 18:53:23.452430 10883 ImuError.cpp:650] gyr saturation
W20250111 18:53:23.452435 10883 ImuError.cpp:650] gyr saturation
W20250111 18:53:23.452441 10883 ImuError.cpp:650] gyr saturation
W20250111 18:53:23.452447 10883 ImuError.cpp:650] gyr saturation
W20250111 18:53:23.452453 10883 ImuError.cpp:650] gyr saturation
W20250111 18:53:23.452458 10883 ImuError.cpp:650] gyr saturation
W20250111 18:53:23.452463 10883 ImuError.cpp:650] gyr saturation
W20250111 18:53:23.452469 10883 ImuError.cpp:650] gyr saturation
W20250111 18:53:23.452474 10883 ImuError.cpp:650] gyr saturation
W20250111 18:53:23.452481 10883 ImuError.cpp:650] gyr saturation
W20250111 18:53:23.452486 10883 ImuError.cpp:650] gyr saturation
W20250111 18:53:23.452490 10883 ImuError.cpp:650] gyr saturation
W20250111 18:53:23.452497 10883 ImuError.cpp:650] gyr saturation
W20250111 18:53:23.452502 10883 ImuError.cpp:650] gyr saturation
W20250111 18:53:23.452507 10883 ImuError.cpp:650] gyr saturation
W20250111 18:53:23.452513 10883 ImuError.cpp:650] gyr saturation
W20250111 18:53:23.452519 10883 ImuError.cpp:650] gyr saturation
W20250111 18:53:23.452525 10883 ImuError.cpp:650] gyr saturation
W20250111 18:53:23.452530 10883 ImuError.cpp:650] gyr saturation
W20250111 18:53:23.452535 10883 ImuError.cpp:650] gyr saturation
W20250111 18:53:23.452541 10883 ImuError.cpp:650] gyr saturation
W20250111 18:53:23.452548 10883 ImuError.cpp:650] gyr saturation
W20250111 18:53:23.452553 10883 ImuError.cpp:650] gyr saturation
W20250111 18:53:23.452558 10883 ImuError.cpp:650] gyr saturation
W20250111 18:53:23.452564 10883 ImuError.cpp:650] gyr saturation
W20250111 18:53:23.452569 10883 ImuError.cpp:650] gyr saturation
W20250111 18:53:23.452574 10883 ImuError.cpp:650] gyr saturation
W20250111 18:53:23.452580 10883 ImuError.cpp:650] gyr saturation
W20250111 18:53:23.452585 10883 ImuError.cpp:650] gyr saturation
W20250111 18:53:23.452592 10883 ImuError.cpp:650] gyr saturation
W20250111 18:53:23.452598 10883 ImuError.cpp:650] gyr saturation
W20250111 18:53:23.452603 10883 ImuError.cpp:650] gyr saturation
W20250111 18:53:23.452608 10883 ImuError.cpp:650] gyr saturation
W20250111 18:53:23.452615 10883 ImuError.cpp:650] gyr saturation
W20250111 18:53:23.453338 10883 Frontend.cpp:615] 3d2d tracking lost. Number of 3d2d-matches: 2
W20250111 18:53:23.454819 10883 ImuError.cpp:650] gyr saturation
W20250111 18:53:23.454867 10883 ImuError.cpp:650] gyr saturation
W20250111 18:53:23.454875 10883 ImuError.cpp:650] gyr saturation
W20250111 18:53:23.454881 10883 ImuError.cpp:650] gyr saturation
W20250111 18:53:23.454888 10883 ImuError.cpp:650] gyr saturation
W20250111 18:53:23.454895 10883 ImuError.cpp:650] gyr saturation
W20250111 18:53:23.454900 10883 ImuError.cpp:650] gyr saturation
W20250111 18:53:23.454906 10883 ImuError.cpp:650] gyr saturation
W20250111 18:53:23.454912 10883 ImuError.cpp:650] gyr saturation
W20250111 18:53:23.454918 10883 ImuError.cpp:650] gyr saturation
W20250111 18:53:23.454924 10883 ImuError.cpp:650] gyr saturation
W20250111 18:53:23.454931 10883 ImuError.cpp:650] gyr saturation
W20250111 18:53:23.454937 10883 ImuError.cpp:650] gyr saturation
W20250111 18:53:23.454943 10883 ImuError.cpp:650] gyr saturation
W20250111 18:53:23.454949 10883 ImuError.cpp:650] gyr saturation
W20250111 18:53:23.454955 10883 ImuError.cpp:650] gyr saturation
W20250111 18:53:23.454962 10883 ImuError.cpp:650] gyr saturation
W20250111 18:53:23.454967 10883 ImuError.cpp:650] gyr saturation
W20250111 18:53:23.454974 10883 ImuError.cpp:650] gyr saturation
W20250111 18:53:23.454979 10883 ImuError.cpp:650] gyr saturation
W20250111 18:53:23.454984 10883 ImuError.cpp:650] gyr saturation
W20250111 18:53:23.454990 10883 ImuError.cpp:650] gyr saturation
W20250111 18:53:23.454995 10883 ImuError.cpp:650] gyr saturation
W20250111 18:53:23.455001 10883 ImuError.cpp:650] gyr saturation
W20250111 18:53:23.455008 10883 ImuError.cpp:650] gyr saturation
W20250111 18:53:23.455013 10883 ImuError.cpp:650] gyr saturation
W20250111 18:53:23.455019 10883 ImuError.cpp:650] gyr saturation
W20250111 18:53:23.455025 10883 ImuError.cpp:650] gyr saturation
W20250111 18:53:23.455030 10883 ImuError.cpp:650] gyr saturation
W20250111 18:53:23.455036 10883 ImuError.cpp:650] gyr saturation
W20250111 18:53:23.455042 10883 ImuError.cpp:650] gyr saturation
W20250111 18:53:23.455049 10883 ImuError.cpp:650] gyr saturation
W20250111 18:53:23.455053 10883 ImuError.cpp:650] gyr saturation
W20250111 18:53:23.455060 10883 ImuError.cpp:650] gyr saturation
W20250111 18:53:23.455065 10883 ImuError.cpp:650] gyr saturation
W20250111 18:53:23.455071 10883 ImuError.cpp:650] gyr saturation
W20250111 18:53:23.455078 10883 ImuError.cpp:650] gyr saturation
W20250111 18:53:23.455083 10883 ImuError.cpp:650] gyr saturation
W20250111 18:53:23.455089 10883 ImuError.cpp:650] gyr saturation
W20250111 18:53:23.455096 10883 ImuError.cpp:650] gyr saturation
W20250111 18:53:23.455101 10883 ImuError.cpp:650] gyr saturation
W20250111 18:53:23.455106 10883 ImuError.cpp:650] gyr saturation
W20250111 18:53:23.455112 10883 ImuError.cpp:650] gyr saturation
W20250111 18:53:23.455118 10883 ImuError.cpp:650] gyr saturation
W20250111 18:53:23.455124 10883 ImuError.cpp:650] gyr saturation
W20250111 18:53:23.455129 10883 ImuError.cpp:650] gyr saturation
W20250111 18:53:23.455135 10883 ImuError.cpp:650] gyr saturation
W20250111 18:53:23.455142 10883 ImuError.cpp:650] gyr saturation
W20250111 18:53:23.456017 10897 ImuError.cpp:368] gyr saturation
W20250111 18:53:23.456064 10897 ImuError.cpp:368] gyr saturation
W20250111 18:53:23.456076 10897 ImuError.cpp:368] gyr saturation
W20250111 18:53:23.456086 10897 ImuError.cpp:368] gyr saturation
W20250111 18:53:23.456096 10897 ImuError.cpp:368] gyr saturation
W20250111 18:53:23.456106 10897 ImuError.cpp:368] gyr saturation
W20250111 18:53:23.456117 10897 ImuError.cpp:368] gyr saturation
W20250111 18:53:23.456126 10897 ImuError.cpp:368] gyr saturation
W20250111 18:53:23.456136 10897 ImuError.cpp:368] gyr saturation
W20250111 18:53:23.456149 10897 ImuError.cpp:368] gyr saturation
W20250111 18:53:23.456159 10897 ImuError.cpp:368] gyr saturation
W20250111 18:53:23.456168 10897 ImuError.cpp:368] gyr saturation
W20250111 18:53:23.456177 10897 ImuError.cpp:368] gyr saturation
W20250111 18:53:23.456187 10897 ImuError.cpp:368] gyr saturation
W20250111 18:53:23.456200 10897 ImuError.cpp:368] gyr saturation
W20250111 18:53:23.456212 10897 ImuError.cpp:368] gyr saturation
W20250111 18:53:23.456221 10897 ImuError.cpp:368] gyr saturation
W20250111 18:53:23.456231 10897 ImuError.cpp:368] gyr saturation
W20250111 18:53:23.456243 10897 ImuError.cpp:368] gyr saturation
W20250111 18:53:23.456252 10897 ImuError.cpp:368] gyr saturation
W20250111 18:53:23.456264 10897 ImuError.cpp:368] gyr saturation
W20250111 18:53:23.456274 10897 ImuError.cpp:368] gyr saturation
W20250111 18:53:23.456281 10897 ImuError.cpp:368] gyr saturation
W20250111 18:53:23.456291 10897 ImuError.cpp:368] gyr saturation
W20250111 18:53:23.456300 10897 ImuError.cpp:368] gyr saturation
W20250111 18:53:23.456310 10897 ImuError.cpp:368] gyr saturation
W20250111 18:53:23.456317 10897 ImuError.cpp:368] gyr saturation
W20250111 18:53:23.456326 10897 ImuError.cpp:368] gyr saturation
W20250111 18:53:23.456333 10897 ImuError.cpp:368] gyr saturation
W20250111 18:53:23.456341 10897 ImuError.cpp:368] gyr saturation
W20250111 18:53:23.456350 10897 ImuError.cpp:368] gyr saturation
W20250111 18:53:23.456358 10897 ImuError.cpp:368] gyr saturation
W20250111 18:53:23.456368 10897 ImuError.cpp:368] gyr saturation
W20250111 18:53:23.456377 10897 ImuError.cpp:368] gyr saturation
W20250111 18:53:23.456384 10897 ImuError.cpp:368] gyr saturation
W20250111 18:53:23.466418 223961 ViSlamBackend.cpp:466] TRACKING FAILURE: quality=0
W20250111 18:53:23.466710 223961 ImuError.cpp:165] gyr saturation
W20250111 18:53:23.466728 223961 ImuError.cpp:165] gyr saturation
W20250111 18:53:23.466737 223961 ImuError.cpp:165] gyr saturation
W20250111 18:53:23.466746 223961 ImuError.cpp:165] gyr saturation
W20250111 18:53:23.466758 223961 ImuError.cpp:165] gyr saturation
W20250111 18:53:23.466765 223961 ImuError.cpp:165] gyr saturation
W20250111 18:53:23.466776 223961 ImuError.cpp:165] gyr saturation
W20250111 18:53:23.466789 223961 ImuError.cpp:165] gyr saturation
W20250111 18:53:23.466799 223961 ImuError.cpp:165] gyr saturation
W20250111 18:53:23.466806 223961 ImuError.cpp:165] gyr saturation
W20250111 18:53:23.466815 223961 ImuError.cpp:165] gyr saturation
W20250111 18:53:23.466827 223961 ImuError.cpp:165] gyr saturation
W20250111 18:53:23.466836 223961 ImuError.cpp:165] gyr saturation
W20250111 18:53:23.466845 223961 ImuError.cpp:165] gyr saturation
W20250111 18:53:23.466854 223961 ImuError.cpp:165] gyr saturation
W20250111 18:53:23.466862 223961 ImuError.cpp:165] gyr saturation
W20250111 18:53:23.466871 223961 ImuError.cpp:165] gyr saturation
W20250111 18:53:23.466879 223961 ImuError.cpp:165] gyr saturation
W20250111 18:53:23.466888 223961 ImuError.cpp:165] gyr saturation
W20250111 18:53:23.466897 223961 ImuError.cpp:165] gyr saturation
W20250111 18:53:23.466904 223961 ImuError.cpp:165] gyr saturation
W20250111 18:53:23.466912 223961 ImuError.cpp:165] gyr saturation
W20250111 18:53:23.466920 223961 ImuError.cpp:165] gyr saturation
W20250111 18:53:23.466928 223961 ImuError.cpp:165] gyr saturation
W20250111 18:53:23.466938 223961 ImuError.cpp:165] gyr saturation
W20250111 18:53:23.466946 223961 ImuError.cpp:165] gyr saturation
W20250111 18:53:23.466954 223961 ImuError.cpp:165] gyr saturation
W20250111 18:53:23.466962 223961 ImuError.cpp:165] gyr saturation
W20250111 18:53:23.466972 223961 ImuError.cpp:165] gyr saturation
W20250111 18:53:23.466980 223961 ImuError.cpp:165] gyr saturation
W20250111 18:53:23.466989 223961 ImuError.cpp:165] gyr saturation
W20250111 18:53:23.466997 223961 ImuError.cpp:165] gyr saturation
W20250111 18:53:23.467005 223961 ImuError.cpp:165] gyr saturation
W20250111 18:53:23.467012 223961 ImuError.cpp:165] gyr saturation
W20250111 18:53:23.467021 223961 ImuError.cpp:165] gyr saturation
W20250111 18:53:23.467150 223961 ImuError.cpp:165] gyr saturation
W20250111 18:53:23.467160 223961 ImuError.cpp:165] gyr saturation
W20250111 18:53:23.467168 223961 ImuError.cpp:165] gyr saturation
W20250111 18:53:23.467176 223961 ImuError.cpp:165] gyr saturation
W20250111 18:53:23.467185 223961 ImuError.cpp:165] gyr saturation
W20250111 18:53:23.467196 223961 ImuError.cpp:165] gyr saturation
W20250111 18:53:23.467204 223961 ImuError.cpp:165] gyr saturation
W20250111 18:53:23.467213 223961 ImuError.cpp:165] gyr saturation
W20250111 18:53:23.467221 223961 ImuError.cpp:165] gyr saturation
W20250111 18:53:23.467229 223961 ImuError.cpp:165] gyr saturation
W20250111 18:53:23.467237 223961 ImuError.cpp:165] gyr saturation
W20250111 18:53:23.467245 223961 ImuError.cpp:165] gyr saturation
W20250111 18:53:23.467254 223961 ImuError.cpp:165] gyr saturation
W20250111 18:53:23.467262 223961 ImuError.cpp:165] gyr saturation
W20250111 18:53:23.467270 223961 ImuError.cpp:165] gyr saturation
W20250111 18:53:23.467278 223961 ImuError.cpp:165] gyr saturation
W20250111 18:53:23.467286 223961 ImuError.cpp:165] gyr saturation
W20250111 18:53:23.467294 223961 ImuError.cpp:165] gyr saturation
W20250111 18:53:23.467303 223961 ImuError.cpp:165] gyr saturation
W20250111 18:53:23.467310 223961 ImuError.cpp:165] gyr saturation
W20250111 18:53:23.467319 223961 ImuError.cpp:165] gyr saturation
W20250111 18:53:23.467326 223961 ImuError.cpp:165] gyr saturation
W20250111 18:53:23.467334 223961 ImuError.cpp:165] gyr saturation
W20250111 18:53:23.467343 223961 ImuError.cpp:165] gyr saturation
W20250111 18:53:23.467351 223961 ImuError.cpp:165] gyr saturation
W20250111 18:53:23.467360 223961 ImuError.cpp:165] gyr saturation
W20250111 18:53:23.467368 223961 ImuError.cpp:165] gyr saturation
W20250111 18:53:23.467377 223961 ImuError.cpp:165] gyr saturation
W20250111 18:53:23.467386 223961 ImuError.cpp:165] gyr saturation
W20250111 18:53:23.467393 223961 ImuError.cpp:165] gyr saturation
W20250111 18:53:23.467401 223961 ImuError.cpp:165] gyr saturation
W20250111 18:53:23.467410 223961 ImuError.cpp:165] gyr saturation
W20250111 18:53:23.467418 223961 ImuError.cpp:165] gyr saturation
W20250111 18:53:23.467427 223961 ImuError.cpp:165] gyr saturation
W20250111 18:53:23.467435 223961 ImuError.cpp:165] gyr saturation
W20250111 18:53:23.467936 10883 ImuError.cpp:650] gyr saturation
W20250111 18:53:23.467988 10883 ImuError.cpp:650] gyr saturation
W20250111 18:53:23.467995 10883 ImuError.cpp:650] gyr saturation
W20250111 18:53:23.468001 10883 ImuError.cpp:650] gyr saturation
W20250111 18:53:23.468005 10883 ImuError.cpp:650] gyr saturation
W20250111 18:53:23.468011 10883 ImuError.cpp:650] gyr saturation
W20250111 18:53:23.468016 10883 ImuError.cpp:650] gyr saturation
W20250111 18:53:23.468021 10883 ImuError.cpp:650] gyr saturation
W20250111 18:53:23.468026 10883 ImuError.cpp:650] gyr saturation
W20250111 18:53:23.468031 10883 ImuError.cpp:650] gyr saturation
W20250111 18:53:23.468036 10883 ImuError.cpp:650] gyr saturation
W20250111 18:53:23.468041 10883 ImuError.cpp:650] gyr saturation
W20250111 18:53:23.468046 10883 ImuError.cpp:650] gyr saturation
W20250111 18:53:23.468051 10883 ImuError.cpp:650] gyr saturation
W20250111 18:53:23.468231 10883 ImuError.cpp:650] gyr saturation
W20250111 18:53:23.468241 10883 ImuError.cpp:650] gyr saturation
W20250111 18:53:23.468246 10883 ImuError.cpp:650] gyr saturation
W20250111 18:53:23.468251 10883 ImuError.cpp:650] gyr saturation
W20250111 18:53:23.468256 10883 ImuError.cpp:650] gyr saturation
W20250111 18:53:23.468261 10883 ImuError.cpp:650] gyr saturation
W20250111 18:53:23.468266 10883 ImuError.cpp:650] gyr saturation
W20250111 18:53:23.468272 10883 ImuError.cpp:650] gyr saturation
W20250111 18:53:23.468277 10883 ImuError.cpp:650] gyr saturation
W20250111 18:53:23.468282 10883 ImuError.cpp:650] gyr saturation
W20250111 18:53:23.468287 10883 ImuError.cpp:650] gyr saturation
W20250111 18:53:23.468292 10883 ImuError.cpp:650] gyr saturation
W20250111 18:53:23.468297 10883 ImuError.cpp:650] gyr saturation
W20250111 18:53:23.468302 10883 ImuError.cpp:650] gyr saturation
W20250111 18:53:23.469115 10883 Frontend.cpp:615] 3d2d tracking lost. Number of 3d2d-matches: 2
W20250111 18:53:23.470193 10883 ImuError.cpp:650] gyr saturation
W20250111 18:53:23.470228 10883 ImuError.cpp:650] gyr saturation
W20250111 18:53:23.470234 10883 ImuError.cpp:650] gyr saturation
W20250111 18:53:23.470255 10883 ImuError.cpp:650] gyr saturation
W20250111 18:53:23.470261 10883 ImuError.cpp:650] gyr saturation
W20250111 18:53:23.470268 10883 ImuError.cpp:650] gyr saturation
W20250111 18:53:23.470273 10883 ImuError.cpp:650] gyr saturation
W20250111 18:53:23.470278 10883 ImuError.cpp:650] gyr saturation
W20250111 18:53:23.470283 10883 ImuError.cpp:650] gyr saturation
W20250111 18:53:23.470288 10883 ImuError.cpp:650] gyr saturation
W20250111 18:53:23.470293 10883 ImuError.cpp:650] gyr saturation
W20250111 18:53:23.470299 10883 ImuError.cpp:650] gyr saturation
W20250111 18:53:23.470304 10883 ImuError.cpp:650] gyr saturation
W20250111 18:53:23.470309 10883 ImuError.cpp:650] gyr saturation
W20250111 18:53:23.471524 224003 ImuError.cpp:368] gyr saturation
W20250111 18:53:23.471575 224003 ImuError.cpp:368] gyr saturation
W20250111 18:53:23.471585 224003 ImuError.cpp:368] gyr saturation
W20250111 18:53:23.471593 224003 ImuError.cpp:368] gyr saturation
W20250111 18:53:23.471604 224003 ImuError.cpp:368] gyr saturation
W20250111 18:53:23.471614 224003 ImuError.cpp:368] gyr saturation
W20250111 18:53:23.471626 224003 ImuError.cpp:368] gyr saturation
W20250111 18:53:23.471637 224003 ImuError.cpp:368] gyr saturation
W20250111 18:53:23.471645 224003 ImuError.cpp:368] gyr saturation
W20250111 18:53:23.471657 224003 ImuError.cpp:368] gyr saturation
W20250111 18:53:23.471665 224003 ImuError.cpp:368] gyr saturation
W20250111 18:53:23.471675 224003 ImuError.cpp:368] gyr saturation
W20250111 18:53:23.471685 224003 ImuError.cpp:368] gyr saturation
W20250111 18:53:23.471696 224003 ImuError.cpp:368] gyr saturation
W20250111 18:53:23.483852 224003 ViSlamBackend.cpp:466] TRACKING FAILURE: quality=0
W20250111 18:53:23.486899 10883 Frontend.cpp:612] 3d2d tracking weak: quality=0. Number of 3d2d-matches: 3
W20250111 18:53:23.498721 224045 ImuError.cpp:165] gyr saturation
W20250111 18:53:23.498791 224045 ImuError.cpp:165] gyr saturation
W20250111 18:53:23.498804 224045 ImuError.cpp:165] gyr saturation
W20250111 18:53:23.498814 224045 ImuError.cpp:165] gyr saturation
W20250111 18:53:23.498829 224045 ImuError.cpp:165] gyr saturation
W20250111 18:53:23.498839 224045 ImuError.cpp:165] gyr saturation
W20250111 18:53:23.498849 224045 ImuError.cpp:165] gyr saturation
W20250111 18:53:23.498862 224045 ImuError.cpp:165] gyr saturation
W20250111 18:53:23.498870 224045 ImuError.cpp:165] gyr saturation
W20250111 18:53:23.498881 224045 ImuError.cpp:165] gyr saturation
W20250111 18:53:23.498889 224045 ImuError.cpp:165] gyr saturation
W20250111 18:53:23.498899 224045 ImuError.cpp:165] gyr saturation
W20250111 18:53:23.498907 224045 ImuError.cpp:165] gyr saturation
W20250111 18:53:23.498916 224045 ImuError.cpp:165] gyr saturation
W20250111 18:53:23.498927 224045 ImuError.cpp:165] gyr saturation
W20250111 18:53:23.498937 224045 ImuError.cpp:165] gyr saturation
W20250111 18:53:23.498947 224045 ImuError.cpp:165] gyr saturation
W20250111 18:53:23.498956 224045 ImuError.cpp:165] gyr saturation
W20250111 18:53:23.498965 224045 ImuError.cpp:165] gyr saturation
W20250111 18:53:23.498973 224045 ImuError.cpp:165] gyr saturation
W20250111 18:53:23.498981 224045 ImuError.cpp:165] gyr saturation
W20250111 18:53:23.498991 224045 ImuError.cpp:165] gyr saturation
W20250111 18:53:23.498999 224045 ImuError.cpp:165] gyr saturation
W20250111 18:53:23.499007 224045 ImuError.cpp:165] gyr saturation
W20250111 18:53:23.499017 224045 ImuError.cpp:165] gyr saturation
W20250111 18:53:23.499027 224045 ImuError.cpp:165] gyr saturation
W20250111 18:53:23.499034 224045 ImuError.cpp:165] gyr saturation
W20250111 18:53:23.499043 224045 ImuError.cpp:165] gyr saturation
W20250111 18:53:23.499051 224045 ImuError.cpp:165] gyr saturation
W20250111 18:53:23.499068 224045 ImuError.cpp:165] gyr saturation
W20250111 18:53:23.499075 224045 ImuError.cpp:165] gyr saturation
W20250111 18:53:23.499084 224045 ImuError.cpp:165] gyr saturation
W20250111 18:53:23.499094 224045 ImuError.cpp:165] gyr saturation
W20250111 18:53:23.499101 224045 ImuError.cpp:165] gyr saturation
W20250111 18:53:23.499115 224045 ImuError.cpp:165] gyr saturation
W20250111 18:53:23.499182 224045 ImuError.cpp:165] gyr saturation
W20250111 18:53:23.499191 224045 ImuError.cpp:165] gyr saturation
W20250111 18:53:23.499199 224045 ImuError.cpp:165] gyr saturation
W20250111 18:53:23.499207 224045 ImuError.cpp:165] gyr saturation
W20250111 18:53:23.499215 224045 ImuError.cpp:165] gyr saturation
W20250111 18:53:23.499223 224045 ImuError.cpp:165] gyr saturation
W20250111 18:53:23.499234 224045 ImuError.cpp:165] gyr saturation
W20250111 18:53:23.499243 224045 ImuError.cpp:165] gyr saturation
W20250111 18:53:23.499250 224045 ImuError.cpp:165] gyr saturation
W20250111 18:53:23.499258 224045 ImuError.cpp:165] gyr saturation
W20250111 18:53:23.499266 224045 ImuError.cpp:165] gyr saturation
W20250111 18:53:23.499275 224045 ImuError.cpp:165] gyr saturation
W20250111 18:53:23.499284 224045 ImuError.cpp:165] gyr saturation
W20250111 18:53:23.499291 224045 ImuError.cpp:165] gyr saturation
W20250111 18:53:23.499300 224045 ImuError.cpp:165] gyr saturation
W20250111 18:53:23.499310 224045 ImuError.cpp:165] gyr saturation
W20250111 18:53:23.499320 224045 ImuError.cpp:165] gyr saturation
W20250111 18:53:23.499326 224045 ImuError.cpp:165] gyr saturation
W20250111 18:53:23.499334 224045 ImuError.cpp:165] gyr saturation
W20250111 18:53:23.499341 224045 ImuError.cpp:165] gyr saturation
W20250111 18:53:23.499349 224045 ImuError.cpp:165] gyr saturation
W20250111 18:53:23.499357 224045 ImuError.cpp:165] gyr saturation
W20250111 18:53:23.499365 224045 ImuError.cpp:165] gyr saturation
W20250111 18:53:23.499374 224045 ImuError.cpp:165] gyr saturation
W20250111 18:53:23.499382 224045 ImuError.cpp:165] gyr saturation
W20250111 18:53:23.499389 224045 ImuError.cpp:165] gyr saturation
W20250111 18:53:23.499397 224045 ImuError.cpp:165] gyr saturation
W20250111 18:53:23.499405 224045 ImuError.cpp:165] gyr saturation
W20250111 18:53:23.499413 224045 ImuError.cpp:165] gyr saturation
W20250111 18:53:23.499420 224045 ImuError.cpp:165] gyr saturation
W20250111 18:53:23.499429 224045 ImuError.cpp:165] gyr saturation
W20250111 18:53:23.499436 224045 ImuError.cpp:165] gyr saturation
W20250111 18:53:23.499444 224045 ImuError.cpp:165] gyr saturation
W20250111 18:53:23.499451 224045 ImuError.cpp:165] gyr saturation
W20250111 18:53:23.499460 224045 ImuError.cpp:165] gyr saturation
W20250111 18:53:23.521268 224095 ImuError.cpp:165] gyr saturation
W20250111 18:53:23.521327 224095 ImuError.cpp:165] gyr saturation
W20250111 18:53:23.521337 224095 ImuError.cpp:165] gyr saturation
W20250111 18:53:23.521344 224095 ImuError.cpp:165] gyr saturation
W20250111 18:53:23.521351 224095 ImuError.cpp:165] gyr saturation
W20250111 18:53:23.521359 224095 ImuError.cpp:165] gyr saturation
W20250111 18:53:23.521366 224095 ImuError.cpp:165] gyr saturation
W20250111 18:53:23.521373 224095 ImuError.cpp:165] gyr saturation
W20250111 18:53:23.521381 224095 ImuError.cpp:165] gyr saturation
W20250111 18:53:23.521389 224095 ImuError.cpp:165] gyr saturation
W20250111 18:53:23.521396 224095 ImuError.cpp:165] gyr saturation
W20250111 18:53:23.521404 224095 ImuError.cpp:165] gyr saturation
W20250111 18:53:23.521411 224095 ImuError.cpp:165] gyr saturation
W20250111 18:53:23.521418 224095 ImuError.cpp:165] gyr saturation
W20250111 18:53:23.521549 224095 ImuError.cpp:165] gyr saturation
W20250111 18:53:23.521557 224095 ImuError.cpp:165] gyr saturation
W20250111 18:53:23.521564 224095 ImuError.cpp:165] gyr saturation
W20250111 18:53:23.521572 224095 ImuError.cpp:165] gyr saturation
W20250111 18:53:23.521579 224095 ImuError.cpp:165] gyr saturation
W20250111 18:53:23.521587 224095 ImuError.cpp:165] gyr saturation
W20250111 18:53:23.521595 224095 ImuError.cpp:165] gyr saturation
W20250111 18:53:23.521601 224095 ImuError.cpp:165] gyr saturation
W20250111 18:53:23.521616 224095 ImuError.cpp:165] gyr saturation
W20250111 18:53:23.521623 224095 ImuError.cpp:165] gyr saturation
W20250111 18:53:23.521631 224095 ImuError.cpp:165] gyr saturation
W20250111 18:53:23.521638 224095 ImuError.cpp:165] gyr saturation
W20250111 18:53:23.521651 224095 ImuError.cpp:165] gyr saturation
W20250111 18:53:23.521658 224095 ImuError.cpp:165] gyr saturation
W20250111 18:53:23.616601 10883 Frontend.cpp:612] 3d2d tracking weak: quality=0. Number of 3d2d-matches: 7
W20250111 18:53:23.626587 224313 ViSlamBackend.cpp:466] TRACKING FAILURE: quality=0
W20250111 18:53:23.628952 10883 Frontend.cpp:615] 3d2d tracking lost. Number of 3d2d-matches: 2
W20250111 18:53:23.630141 10883 ImuError.cpp:650] gyr saturation
W20250111 18:53:23.630172 10883 ImuError.cpp:650] gyr saturation
W20250111 18:53:23.630178 10883 ImuError.cpp:650] gyr saturation
W20250111 18:53:23.630185 10883 ImuError.cpp:650] gyr saturation
W20250111 18:53:23.630191 10883 ImuError.cpp:650] gyr saturation
W20250111 18:53:23.630196 10883 ImuError.cpp:650] gyr saturation
W20250111 18:53:23.630201 10883 ImuError.cpp:650] gyr saturation
W20250111 18:53:23.630208 10883 ImuError.cpp:650] gyr saturation
W20250111 18:53:23.630213 10883 ImuError.cpp:650] gyr saturation
W20250111 18:53:23.630220 10883 ImuError.cpp:650] gyr saturation
W20250111 18:53:23.630225 10883 ImuError.cpp:650] gyr saturation
W20250111 18:53:23.630231 10883 ImuError.cpp:650] gyr saturation
W20250111 18:53:23.630237 10883 ImuError.cpp:650] gyr saturation
W20250111 18:53:23.630242 10883 ImuError.cpp:650] gyr saturation
W20250111 18:53:23.630249 10883 ImuError.cpp:650] gyr saturation
W20250111 18:53:23.637905 224355 ViSlamBackend.cpp:466] TRACKING FAILURE: quality=0
W20250111 18:53:23.638947 10883 ImuError.cpp:650] gyr saturation
W20250111 18:53:23.639022 10883 ImuError.cpp:650] gyr saturation
W20250111 18:53:23.639029 10883 ImuError.cpp:650] gyr saturation
W20250111 18:53:23.639034 10883 ImuError.cpp:650] gyr saturation
W20250111 18:53:23.639039 10883 ImuError.cpp:650] gyr saturation
W20250111 18:53:23.639046 10883 ImuError.cpp:650] gyr saturation
W20250111 18:53:23.639051 10883 ImuError.cpp:650] gyr saturation
W20250111 18:53:23.639057 10883 ImuError.cpp:650] gyr saturation
W20250111 18:53:23.639063 10883 ImuError.cpp:650] gyr saturation
W20250111 18:53:23.639068 10883 ImuError.cpp:650] gyr saturation
W20250111 18:53:23.639074 10883 ImuError.cpp:650] gyr saturation
W20250111 18:53:23.639081 10883 ImuError.cpp:650] gyr saturation
W20250111 18:53:23.639086 10883 ImuError.cpp:650] gyr saturation
W20250111 18:53:23.639091 10883 ImuError.cpp:650] gyr saturation
W20250111 18:53:23.639096 10883 ImuError.cpp:650] gyr saturation
W20250111 18:53:23.639259 10883 ImuError.cpp:650] gyr saturation
W20250111 18:53:23.639267 10883 ImuError.cpp:650] gyr saturation
W20250111 18:53:23.639272 10883 ImuError.cpp:650] gyr saturation
W20250111 18:53:23.639278 10883 ImuError.cpp:650] gyr saturation
W20250111 18:53:23.639283 10883 ImuError.cpp:650] gyr saturation
W20250111 18:53:23.639288 10883 ImuError.cpp:650] gyr saturation
W20250111 18:53:23.639293 10883 ImuError.cpp:650] gyr saturation
W20250111 18:53:23.639298 10883 ImuError.cpp:650] gyr saturation
W20250111 18:53:23.639304 10883 ImuError.cpp:650] gyr saturation
W20250111 18:53:23.639309 10883 ImuError.cpp:650] gyr saturation
W20250111 18:53:23.639314 10883 ImuError.cpp:650] gyr saturation
W20250111 18:53:23.639319 10883 ImuError.cpp:650] gyr saturation
W20250111 18:53:23.639324 10883 ImuError.cpp:650] gyr saturation
W20250111 18:53:23.639330 10883 ImuError.cpp:650] gyr saturation
W20250111 18:53:23.639335 10883 ImuError.cpp:650] gyr saturation
W20250111 18:53:23.639518 10883 Frontend.cpp:615] 3d2d tracking lost. Number of 3d2d-matches: 0
W20250111 18:53:23.640604 10883 ImuError.cpp:650] gyr saturation
W20250111 18:53:23.640646 10883 ImuError.cpp:650] gyr saturation
W20250111 18:53:23.640654 10883 ImuError.cpp:650] gyr saturation
W20250111 18:53:23.640661 10883 ImuError.cpp:650] gyr saturation
W20250111 18:53:23.640676 10883 ImuError.cpp:650] gyr saturation
W20250111 18:53:23.640683 10883 ImuError.cpp:650] gyr saturation
W20250111 18:53:23.640688 10883 ImuError.cpp:650] gyr saturation
W20250111 18:53:23.640694 10883 ImuError.cpp:650] gyr saturation
W20250111 18:53:23.640699 10883 ImuError.cpp:650] gyr saturation
W20250111 18:53:23.640712 10883 ImuError.cpp:650] gyr saturation
W20250111 18:53:23.640718 10883 ImuError.cpp:650] gyr saturation
W20250111 18:53:23.640724 10883 ImuError.cpp:650] gyr saturation
W20250111 18:53:23.640729 10883 ImuError.cpp:650] gyr saturation
W20250111 18:53:23.640735 10883 ImuError.cpp:650] gyr saturation
W20250111 18:53:23.640743 10883 ImuError.cpp:650] gyr saturation
W20250111 18:53:23.640748 10883 ImuError.cpp:650] gyr saturation
W20250111 18:53:23.640753 10883 ImuError.cpp:650] gyr saturation
W20250111 18:53:23.640759 10883 ImuError.cpp:650] gyr saturation
W20250111 18:53:23.640764 10883 ImuError.cpp:650] gyr saturation
W20250111 18:53:23.640770 10883 ImuError.cpp:650] gyr saturation
W20250111 18:53:23.640775 10883 ImuError.cpp:650] gyr saturation
W20250111 18:53:23.640781 10883 ImuError.cpp:650] gyr saturation
W20250111 18:53:23.640787 10883 ImuError.cpp:650] gyr saturation
W20250111 18:53:23.640792 10883 ImuError.cpp:650] gyr saturation
W20250111 18:53:23.640797 10883 ImuError.cpp:650] gyr saturation
W20250111 18:53:23.640803 10883 ImuError.cpp:650] gyr saturation
W20250111 18:53:23.640810 10883 ImuError.cpp:650] gyr saturation
W20250111 18:53:23.640815 10883 ImuError.cpp:650] gyr saturation
W20250111 18:53:23.640820 10883 ImuError.cpp:650] gyr saturation
W20250111 18:53:23.640832 10883 ImuError.cpp:650] gyr saturation
W20250111 18:53:23.640838 10883 ImuError.cpp:650] gyr saturation
W20250111 18:53:23.640843 10883 ImuError.cpp:650] gyr saturation
W20250111 18:53:23.640851 10883 ImuError.cpp:650] gyr saturation
W20250111 18:53:23.640856 10883 ImuError.cpp:650] gyr saturation
W20250111 18:53:23.640862 10883 ImuError.cpp:650] gyr saturation
W20250111 18:53:23.640867 10883 ImuError.cpp:650] gyr saturation
W20250111 18:53:23.640873 10883 ImuError.cpp:650] gyr saturation
W20250111 18:53:23.640879 10883 ImuError.cpp:650] gyr saturation
W20250111 18:53:23.640885 10883 ImuError.cpp:650] gyr saturation
W20250111 18:53:23.640892 10883 ImuError.cpp:650] gyr saturation
W20250111 18:53:23.640897 10883 ImuError.cpp:650] gyr saturation
W20250111 18:53:23.640903 10883 ImuError.cpp:650] gyr saturation
W20250111 18:53:23.640909 10883 ImuError.cpp:650] gyr saturation
W20250111 18:53:23.640915 10883 ImuError.cpp:650] gyr saturation
W20250111 18:53:23.640920 10883 ImuError.cpp:650] gyr saturation
W20250111 18:53:23.640926 10883 ImuError.cpp:650] gyr saturation
W20250111 18:53:23.640933 10883 ImuError.cpp:650] gyr saturation
W20250111 18:53:23.640938 10883 ImuError.cpp:650] gyr saturation
W20250111 18:53:23.640944 10883 ImuError.cpp:650] gyr saturation
W20250111 18:53:23.641793 224381 ImuError.cpp:368] gyr saturation
W20250111 18:53:23.641821 224381 ImuError.cpp:368] gyr saturation
W20250111 18:53:23.641834 224381 ImuError.cpp:368] gyr saturation
W20250111 18:53:23.641844 224381 ImuError.cpp:368] gyr saturation
W20250111 18:53:23.641851 224381 ImuError.cpp:368] gyr saturation
W20250111 18:53:23.641860 224381 ImuError.cpp:368] gyr saturation
W20250111 18:53:23.641868 224381 ImuError.cpp:368] gyr saturation
W20250111 18:53:23.641880 224381 ImuError.cpp:368] gyr saturation
W20250111 18:53:23.641887 224381 ImuError.cpp:368] gyr saturation
W20250111 18:53:23.641896 224381 ImuError.cpp:368] gyr saturation
W20250111 18:53:23.641903 224381 ImuError.cpp:368] gyr saturation
W20250111 18:53:23.641912 224381 ImuError.cpp:368] gyr saturation
W20250111 18:53:23.641920 224381 ImuError.cpp:368] gyr saturation
W20250111 18:53:23.641927 224381 ImuError.cpp:368] gyr saturation
W20250111 18:53:23.641935 224381 ImuError.cpp:368] gyr saturation
W20250111 18:53:23.649716 224381 ViSlamBackend.cpp:466] TRACKING FAILURE: quality=0
W20250111 18:53:23.650444 10883 ImuError.cpp:650] gyr saturation
W20250111 18:53:23.650490 10883 ImuError.cpp:650] gyr saturation
W20250111 18:53:23.650503 10883 ImuError.cpp:650] gyr saturation
W20250111 18:53:23.650509 10883 ImuError.cpp:650] gyr saturation
W20250111 18:53:23.650514 10883 ImuError.cpp:650] gyr saturation
W20250111 18:53:23.650521 10883 ImuError.cpp:650] gyr saturation
W20250111 18:53:23.650527 10883 ImuError.cpp:650] gyr saturation
W20250111 18:53:23.650537 10883 ImuError.cpp:650] gyr saturation
W20250111 18:53:23.650542 10883 ImuError.cpp:650] gyr saturation
W20250111 18:53:23.650547 10883 ImuError.cpp:650] gyr saturation
W20250111 18:53:23.650553 10883 ImuError.cpp:650] gyr saturation
W20250111 18:53:23.650560 10883 ImuError.cpp:650] gyr saturation
W20250111 18:53:23.650566 10883 ImuError.cpp:650] gyr saturation
W20250111 18:53:23.650573 10883 ImuError.cpp:650] gyr saturation
W20250111 18:53:23.650578 10883 ImuError.cpp:650] gyr saturation
W20250111 18:53:23.650583 10883 ImuError.cpp:650] gyr saturation
W20250111 18:53:23.650588 10883 ImuError.cpp:650] gyr saturation
W20250111 18:53:23.650593 10883 ImuError.cpp:650] gyr saturation
W20250111 18:53:23.650599 10883 ImuError.cpp:650] gyr saturation
W20250111 18:53:23.650604 10883 ImuError.cpp:650] gyr saturation
W20250111 18:53:23.650609 10883 ImuError.cpp:650] gyr saturation
W20250111 18:53:23.650614 10883 ImuError.cpp:650] gyr saturation
W20250111 18:53:23.650619 10883 ImuError.cpp:650] gyr saturation
W20250111 18:53:23.650625 10883 ImuError.cpp:650] gyr saturation
W20250111 18:53:23.650629 10883 ImuError.cpp:650] gyr saturation
W20250111 18:53:23.650635 10883 ImuError.cpp:650] gyr saturation
W20250111 18:53:23.650640 10883 ImuError.cpp:650] gyr saturation
W20250111 18:53:23.650645 10883 ImuError.cpp:650] gyr saturation
W20250111 18:53:23.650650 10883 ImuError.cpp:650] gyr saturation
W20250111 18:53:23.650655 10883 ImuError.cpp:650] gyr saturation
W20250111 18:53:23.650660 10883 ImuError.cpp:650] gyr saturation
W20250111 18:53:23.650665 10883 ImuError.cpp:650] gyr saturation
W20250111 18:53:23.650671 10883 ImuError.cpp:650] gyr saturation
W20250111 18:53:23.650676 10883 ImuError.cpp:650] gyr saturation
W20250111 18:53:23.650681 10883 ImuError.cpp:650] gyr saturation
W20250111 18:53:23.650786 10883 ImuError.cpp:650] gyr saturation
W20250111 18:53:23.650794 10883 ImuError.cpp:650] gyr saturation
W20250111 18:53:23.650799 10883 ImuError.cpp:650] gyr saturation
W20250111 18:53:23.650804 10883 ImuError.cpp:650] gyr saturation
W20250111 18:53:23.650810 10883 ImuError.cpp:650] gyr saturation
W20250111 18:53:23.650815 10883 ImuError.cpp:650] gyr saturation
W20250111 18:53:23.650820 10883 ImuError.cpp:650] gyr saturation
W20250111 18:53:23.650831 10883 ImuError.cpp:650] gyr saturation
W20250111 18:53:23.650837 10883 ImuError.cpp:650] gyr saturation
W20250111 18:53:23.650842 10883 ImuError.cpp:650] gyr saturation
W20250111 18:53:23.650847 10883 ImuError.cpp:650] gyr saturation
W20250111 18:53:23.650852 10883 ImuError.cpp:650] gyr saturation
W20250111 18:53:23.650858 10883 ImuError.cpp:650] gyr saturation
W20250111 18:53:23.650863 10883 ImuError.cpp:650] gyr saturation
W20250111 18:53:23.650868 10883 ImuError.cpp:650] gyr saturation
W20250111 18:53:23.650873 10883 ImuError.cpp:650] gyr saturation
W20250111 18:53:23.650878 10883 ImuError.cpp:650] gyr saturation
W20250111 18:53:23.650884 10883 ImuError.cpp:650] gyr saturation
W20250111 18:53:23.650889 10883 ImuError.cpp:650] gyr saturation
W20250111 18:53:23.650894 10883 ImuError.cpp:650] gyr saturation
W20250111 18:53:23.650899 10883 ImuError.cpp:650] gyr saturation
W20250111 18:53:23.650905 10883 ImuError.cpp:650] gyr saturation
W20250111 18:53:23.650909 10883 ImuError.cpp:650] gyr saturation
W20250111 18:53:23.650915 10883 ImuError.cpp:650] gyr saturation
W20250111 18:53:23.650920 10883 ImuError.cpp:650] gyr saturation
W20250111 18:53:23.650925 10883 ImuError.cpp:650] gyr saturation
W20250111 18:53:23.650930 10883 ImuError.cpp:650] gyr saturation
W20250111 18:53:23.650935 10883 ImuError.cpp:650] gyr saturation
W20250111 18:53:23.650940 10883 ImuError.cpp:650] gyr saturation
W20250111 18:53:23.650945 10883 ImuError.cpp:650] gyr saturation
W20250111 18:53:23.650952 10883 ImuError.cpp:650] gyr saturation
W20250111 18:53:23.650959 10883 ImuError.cpp:650] gyr saturation
W20250111 18:53:23.650964 10883 ImuError.cpp:650] gyr saturation
W20250111 18:53:23.650969 10883 ImuError.cpp:650] gyr saturation
W20250111 18:53:23.650974 10883 ImuError.cpp:650] gyr saturation
W20250111 18:53:23.651419 10883 Frontend.cpp:615] 3d2d tracking lost. Number of 3d2d-matches: 0
W20250111 18:53:23.651909 10883 ImuError.cpp:650] gyr saturation
W20250111 18:53:23.651934 10883 ImuError.cpp:650] gyr saturation
W20250111 18:53:23.651939 10883 ImuError.cpp:650] gyr saturation
W20250111 18:53:23.651947 10883 ImuError.cpp:650] gyr saturation
W20250111 18:53:23.651952 10883 ImuError.cpp:650] gyr saturation
W20250111 18:53:23.651958 10883 ImuError.cpp:650] gyr saturation
W20250111 18:53:23.651964 10883 ImuError.cpp:650] gyr saturation
W20250111 18:53:23.651970 10883 ImuError.cpp:650] gyr saturation
W20250111 18:53:23.651975 10883 ImuError.cpp:650] gyr saturation
W20250111 18:53:23.651984 10883 ImuError.cpp:650] gyr saturation
W20250111 18:53:23.651990 10883 ImuError.cpp:650] gyr saturation
W20250111 18:53:23.651995 10883 ImuError.cpp:650] gyr saturation
W20250111 18:53:23.652002 10883 ImuError.cpp:650] gyr saturation
W20250111 18:53:23.652009 10883 ImuError.cpp:650] gyr saturation
W20250111 18:53:23.652014 10883 ImuError.cpp:650] gyr saturation
W20250111 18:53:23.652020 10883 ImuError.cpp:650] gyr saturation
W20250111 18:53:23.652026 10883 ImuError.cpp:650] gyr saturation
W20250111 18:53:23.652032 10883 ImuError.cpp:650] gyr saturation
W20250111 18:53:23.652038 10883 ImuError.cpp:650] gyr saturation
W20250111 18:53:23.652045 10883 ImuError.cpp:650] gyr saturation
W20250111 18:53:23.652051 10883 ImuError.cpp:650] gyr saturation
W20250111 18:53:23.652058 10883 ImuError.cpp:650] gyr saturation
W20250111 18:53:23.652065 10883 ImuError.cpp:650] gyr saturation
W20250111 18:53:23.652070 10883 ImuError.cpp:650] gyr saturation
W20250111 18:53:23.652077 10883 ImuError.cpp:650] gyr saturation
W20250111 18:53:23.652083 10883 ImuError.cpp:650] gyr saturation
W20250111 18:53:23.652089 10883 ImuError.cpp:650] gyr saturation
W20250111 18:53:23.652096 10883 ImuError.cpp:650] gyr saturation
W20250111 18:53:23.652102 10883 ImuError.cpp:650] gyr saturation
W20250111 18:53:23.652108 10883 ImuError.cpp:650] gyr saturation
W20250111 18:53:23.652114 10883 ImuError.cpp:650] gyr saturation
W20250111 18:53:23.652119 10883 ImuError.cpp:650] gyr saturation
W20250111 18:53:23.652125 10883 ImuError.cpp:650] gyr saturation
W20250111 18:53:23.652132 10883 ImuError.cpp:650] gyr saturation
W20250111 18:53:23.652136 10883 ImuError.cpp:650] gyr saturation
W20250111 18:53:23.652143 10883 ImuError.cpp:650] gyr saturation
W20250111 18:53:23.652148 10883 ImuError.cpp:650] gyr saturation
W20250111 18:53:23.652154 10883 ImuError.cpp:650] gyr saturation
W20250111 18:53:23.652160 10883 ImuError.cpp:650] gyr saturation
W20250111 18:53:23.652166 10883 ImuError.cpp:650] gyr saturation
W20250111 18:53:23.652171 10883 ImuError.cpp:650] gyr saturation
W20250111 18:53:23.652177 10883 ImuError.cpp:650] gyr saturation
W20250111 18:53:23.652184 10883 ImuError.cpp:650] gyr saturation
W20250111 18:53:23.652189 10883 ImuError.cpp:650] gyr saturation
W20250111 18:53:23.652195 10883 ImuError.cpp:650] gyr saturation
W20250111 18:53:23.652201 10883 ImuError.cpp:650] gyr saturation
W20250111 18:53:23.652206 10883 ImuError.cpp:650] gyr saturation
W20250111 18:53:23.652212 10883 ImuError.cpp:650] gyr saturation
W20250111 18:53:23.652220 10883 ImuError.cpp:650] gyr saturation
W20250111 18:53:23.652225 10883 ImuError.cpp:650] gyr saturation
W20250111 18:53:23.652231 10883 ImuError.cpp:650] gyr saturation
W20250111 18:53:23.652237 10883 ImuError.cpp:650] gyr saturation
W20250111 18:53:23.652243 10883 ImuError.cpp:650] gyr saturation
W20250111 18:53:23.652249 10883 ImuError.cpp:650] gyr saturation
W20250111 18:53:23.652256 10883 ImuError.cpp:650] gyr saturation
W20250111 18:53:23.652261 10883 ImuError.cpp:650] gyr saturation
W20250111 18:53:23.652273 10883 ImuError.cpp:650] gyr saturation
W20250111 18:53:23.652279 10883 ImuError.cpp:650] gyr saturation
W20250111 18:53:23.652285 10883 ImuError.cpp:650] gyr saturation
W20250111 18:53:23.652292 10883 ImuError.cpp:650] gyr saturation
W20250111 18:53:23.652297 10883 ImuError.cpp:650] gyr saturation
W20250111 18:53:23.652307 10883 ImuError.cpp:650] gyr saturation
W20250111 18:53:23.652314 10883 ImuError.cpp:650] gyr saturation
W20250111 18:53:23.652320 10883 ImuError.cpp:650] gyr saturation
W20250111 18:53:23.652326 10883 ImuError.cpp:650] gyr saturation
W20250111 18:53:23.652333 10883 ImuError.cpp:650] gyr saturation
W20250111 18:53:23.652339 10883 ImuError.cpp:650] gyr saturation
W20250111 18:53:23.652345 10883 ImuError.cpp:650] gyr saturation
W20250111 18:53:23.653057 224391 ImuError.cpp:368] gyr saturation
W20250111 18:53:23.653092 224391 ImuError.cpp:368] gyr saturation
W20250111 18:53:23.653102 224391 ImuError.cpp:368] gyr saturation
W20250111 18:53:23.653111 224391 ImuError.cpp:368] gyr saturation
W20250111 18:53:23.653121 224391 ImuError.cpp:368] gyr saturation
W20250111 18:53:23.653129 224391 ImuError.cpp:368] gyr saturation
W20250111 18:53:23.653137 224391 ImuError.cpp:368] gyr saturation
W20250111 18:53:23.653146 224391 ImuError.cpp:368] gyr saturation
W20250111 18:53:23.653153 224391 ImuError.cpp:368] gyr saturation
W20250111 18:53:23.653162 224391 ImuError.cpp:368] gyr saturation
W20250111 18:53:23.653170 224391 ImuError.cpp:368] gyr saturation
W20250111 18:53:23.653178 224391 ImuError.cpp:368] gyr saturation
W20250111 18:53:23.653187 224391 ImuError.cpp:368] gyr saturation
W20250111 18:53:23.653194 224391 ImuError.cpp:368] gyr saturation
W20250111 18:53:23.653203 224391 ImuError.cpp:368] gyr saturation
W20250111 18:53:23.653211 224391 ImuError.cpp:368] gyr saturation
W20250111 18:53:23.653220 224391 ImuError.cpp:368] gyr saturation
W20250111 18:53:23.653228 224391 ImuError.cpp:368] gyr saturation
W20250111 18:53:23.653236 224391 ImuError.cpp:368] gyr saturation
W20250111 18:53:23.653246 224391 ImuError.cpp:368] gyr saturation
W20250111 18:53:23.653256 224391 ImuError.cpp:368] gyr saturation
W20250111 18:53:23.653265 224391 ImuError.cpp:368] gyr saturation
W20250111 18:53:23.653276 224391 ImuError.cpp:368] gyr saturation
W20250111 18:53:23.653286 224391 ImuError.cpp:368] gyr saturation
W20250111 18:53:23.653296 224391 ImuError.cpp:368] gyr saturation
W20250111 18:53:23.653306 224391 ImuError.cpp:368] gyr saturation
W20250111 18:53:23.653316 224391 ImuError.cpp:368] gyr saturation
W20250111 18:53:23.653326 224391 ImuError.cpp:368] gyr saturation
W20250111 18:53:23.653337 224391 ImuError.cpp:368] gyr saturation
W20250111 18:53:23.653347 224391 ImuError.cpp:368] gyr saturation
W20250111 18:53:23.653357 224391 ImuError.cpp:368] gyr saturation
W20250111 18:53:23.653366 224391 ImuError.cpp:368] gyr saturation
W20250111 18:53:23.653376 224391 ImuError.cpp:368] gyr saturation
W20250111 18:53:23.653386 224391 ImuError.cpp:368] gyr saturation
W20250111 18:53:23.653398 224391 ImuError.cpp:368] gyr saturation
W20250111 18:53:23.660257 224391 ViSlamBackend.cpp:466] TRACKING FAILURE: quality=0
W20250111 18:53:23.660956 10883 ImuError.cpp:650] gyr saturation
W20250111 18:53:23.661059 10883 ImuError.cpp:650] gyr saturation
W20250111 18:53:23.661068 10883 ImuError.cpp:650] gyr saturation
W20250111 18:53:23.661075 10883 ImuError.cpp:650] gyr saturation
W20250111 18:53:23.661083 10883 ImuError.cpp:650] gyr saturation
W20250111 18:53:23.661092 10883 ImuError.cpp:650] gyr saturation
W20250111 18:53:23.661098 10883 ImuError.cpp:650] gyr saturation
W20250111 18:53:23.661104 10883 ImuError.cpp:650] gyr saturation
W20250111 18:53:23.661110 10883 ImuError.cpp:650] gyr saturation
W20250111 18:53:23.661116 10883 ImuError.cpp:650] gyr saturation
W20250111 18:53:23.661125 10883 ImuError.cpp:650] gyr saturation
W20250111 18:53:23.661131 10883 ImuError.cpp:650] gyr saturation
W20250111 18:53:23.661137 10883 ImuError.cpp:650] gyr saturation
W20250111 18:53:23.661141 10883 ImuError.cpp:650] gyr saturation
W20250111 18:53:23.661164 10883 ImuError.cpp:650] gyr saturation
W20250111 18:53:23.661170 10883 ImuError.cpp:650] gyr saturation
W20250111 18:53:23.661177 10883 ImuError.cpp:650] gyr saturation
W20250111 18:53:23.661181 10883 ImuError.cpp:650] gyr saturation
W20250111 18:53:23.661187 10883 ImuError.cpp:650] gyr saturation
W20250111 18:53:23.661203 10883 ImuError.cpp:650] gyr saturation
W20250111 18:53:23.661211 10883 ImuError.cpp:650] gyr saturation
W20250111 18:53:23.661221 10883 ImuError.cpp:650] gyr saturation
W20250111 18:53:23.661227 10883 ImuError.cpp:650] gyr saturation
W20250111 18:53:23.661234 10883 ImuError.cpp:650] gyr saturation
W20250111 18:53:23.661240 10883 ImuError.cpp:650] gyr saturation
W20250111 18:53:23.661247 10883 ImuError.cpp:650] gyr saturation
W20250111 18:53:23.661253 10883 ImuError.cpp:650] gyr saturation
W20250111 18:53:23.661262 10883 ImuError.cpp:650] gyr saturation
W20250111 18:53:23.661267 10883 ImuError.cpp:650] gyr saturation
W20250111 18:53:23.661276 10883 ImuError.cpp:650] gyr saturation
W20250111 18:53:23.661283 10883 ImuError.cpp:650] gyr saturation
W20250111 18:53:23.661290 10883 ImuError.cpp:650] gyr saturation
W20250111 18:53:23.661298 10883 ImuError.cpp:650] gyr saturation
W20250111 18:53:23.661303 10883 ImuError.cpp:650] gyr saturation
W20250111 18:53:23.661463 10883 ImuError.cpp:650] gyr saturation
W20250111 18:53:23.661473 10883 ImuError.cpp:650] gyr saturation
W20250111 18:53:23.661478 10883 ImuError.cpp:650] gyr saturation
W20250111 18:53:23.661489 10883 ImuError.cpp:650] gyr saturation
W20250111 18:53:23.661495 10883 ImuError.cpp:650] gyr saturation
W20250111 18:53:23.661504 10883 ImuError.cpp:650] gyr saturation
W20250111 18:53:23.661510 10883 ImuError.cpp:650] gyr saturation
W20250111 18:53:23.661515 10883 ImuError.cpp:650] gyr saturation
W20250111 18:53:23.661521 10883 ImuError.cpp:650] gyr saturation
W20250111 18:53:23.661530 10883 ImuError.cpp:650] gyr saturation
W20250111 18:53:23.661535 10883 ImuError.cpp:650] gyr saturation
W20250111 18:53:23.661542 10883 ImuError.cpp:650] gyr saturation
W20250111 18:53:23.661547 10883 ImuError.cpp:650] gyr saturation
W20250111 18:53:23.661554 10883 ImuError.cpp:650] gyr saturation
W20250111 18:53:23.661559 10883 ImuError.cpp:650] gyr saturation
W20250111 18:53:23.661566 10883 ImuError.cpp:650] gyr saturation
W20250111 18:53:23.661571 10883 ImuError.cpp:650] gyr saturation
W20250111 18:53:23.661578 10883 ImuError.cpp:650] gyr saturation
W20250111 18:53:23.661583 10883 ImuError.cpp:650] gyr saturation
W20250111 18:53:23.661592 10883 ImuError.cpp:650] gyr saturation
W20250111 18:53:23.661597 10883 ImuError.cpp:650] gyr saturation
W20250111 18:53:23.661605 10883 ImuError.cpp:650] gyr saturation
W20250111 18:53:23.661612 10883 ImuError.cpp:650] gyr saturation
W20250111 18:53:23.661619 10883 ImuError.cpp:650] gyr saturation
W20250111 18:53:23.661626 10883 ImuError.cpp:650] gyr saturation
W20250111 18:53:23.661633 10883 ImuError.cpp:650] gyr saturation
W20250111 18:53:23.661638 10883 ImuError.cpp:650] gyr saturation
W20250111 18:53:23.661645 10883 ImuError.cpp:650] gyr saturation
W20250111 18:53:23.661651 10883 ImuError.cpp:650] gyr saturation
W20250111 18:53:23.661657 10883 ImuError.cpp:650] gyr saturation
W20250111 18:53:23.661664 10883 ImuError.cpp:650] gyr saturation
W20250111 18:53:23.661674 10883 ImuError.cpp:650] gyr saturation
W20250111 18:53:23.661684 10883 ImuError.cpp:650] gyr saturation
W20250111 18:53:23.661693 10883 ImuError.cpp:650] gyr saturation
W20250111 18:53:23.662470 10883 Frontend.cpp:615] 3d2d tracking lost. Number of 3d2d-matches: 0
W20250111 18:53:23.662876 10883 ImuError.cpp:650] gyr saturation
W20250111 18:53:23.662901 10883 ImuError.cpp:650] gyr saturation
W20250111 18:53:23.662909 10883 ImuError.cpp:650] gyr saturation
W20250111 18:53:23.662914 10883 ImuError.cpp:650] gyr saturation
W20250111 18:53:23.662918 10883 ImuError.cpp:650] gyr saturation
W20250111 18:53:23.662925 10883 ImuError.cpp:650] gyr saturation
W20250111 18:53:23.662930 10883 ImuError.cpp:650] gyr saturation
W20250111 18:53:23.662935 10883 ImuError.cpp:650] gyr saturation
W20250111 18:53:23.662948 10883 ImuError.cpp:650] gyr saturation
W20250111 18:53:23.662953 10883 ImuError.cpp:650] gyr saturation
W20250111 18:53:23.662958 10883 ImuError.cpp:650] gyr saturation
W20250111 18:53:23.662963 10883 ImuError.cpp:650] gyr saturation
W20250111 18:53:23.662968 10883 ImuError.cpp:650] gyr saturation
W20250111 18:53:23.662979 10883 ImuError.cpp:650] gyr saturation
W20250111 18:53:23.662986 10883 ImuError.cpp:650] gyr saturation
W20250111 18:53:23.662992 10883 ImuError.cpp:650] gyr saturation
W20250111 18:53:23.662997 10883 ImuError.cpp:650] gyr saturation
W20250111 18:53:23.663003 10883 ImuError.cpp:650] gyr saturation
W20250111 18:53:23.663009 10883 ImuError.cpp:650] gyr saturation
W20250111 18:53:23.663014 10883 ImuError.cpp:650] gyr saturation
W20250111 18:53:23.663020 10883 ImuError.cpp:650] gyr saturation
W20250111 18:53:23.663026 10883 ImuError.cpp:650] gyr saturation
W20250111 18:53:23.663033 10883 ImuError.cpp:650] gyr saturation
W20250111 18:53:23.663038 10883 ImuError.cpp:650] gyr saturation
W20250111 18:53:23.663043 10883 ImuError.cpp:650] gyr saturation
W20250111 18:53:23.663049 10883 ImuError.cpp:650] gyr saturation
W20250111 18:53:23.663054 10883 ImuError.cpp:650] gyr saturation
W20250111 18:53:23.663060 10883 ImuError.cpp:650] gyr saturation
W20250111 18:53:23.663065 10883 ImuError.cpp:650] gyr saturation
W20250111 18:53:23.663070 10883 ImuError.cpp:650] gyr saturation
W20250111 18:53:23.663076 10883 ImuError.cpp:650] gyr saturation
W20250111 18:53:23.663084 10883 ImuError.cpp:650] gyr saturation
W20250111 18:53:23.663089 10883 ImuError.cpp:650] gyr saturation
W20250111 18:53:23.663095 10883 ImuError.cpp:650] gyr saturation
W20250111 18:53:23.663101 10883 ImuError.cpp:650] gyr saturation
W20250111 18:53:23.663106 10883 ImuError.cpp:650] gyr saturation
W20250111 18:53:23.663112 10883 ImuError.cpp:650] gyr saturation
W20250111 18:53:23.663118 10883 ImuError.cpp:650] gyr saturation
W20250111 18:53:23.663125 10883 ImuError.cpp:650] gyr saturation
W20250111 18:53:23.663131 10883 ImuError.cpp:650] gyr saturation
W20250111 18:53:23.663136 10883 ImuError.cpp:650] gyr saturation
W20250111 18:53:23.663142 10883 ImuError.cpp:650] gyr saturation
W20250111 18:53:23.663147 10883 ImuError.cpp:650] gyr saturation
W20250111 18:53:23.663153 10883 ImuError.cpp:650] gyr saturation
W20250111 18:53:23.663159 10883 ImuError.cpp:650] gyr saturation
W20250111 18:53:23.663165 10883 ImuError.cpp:650] gyr saturation
W20250111 18:53:23.663172 10883 ImuError.cpp:650] gyr saturation
W20250111 18:53:23.663177 10883 ImuError.cpp:650] gyr saturation
W20250111 18:53:23.663182 10883 ImuError.cpp:650] gyr saturation
W20250111 18:53:23.663188 10883 ImuError.cpp:650] gyr saturation
W20250111 18:53:23.663194 10883 ImuError.cpp:650] gyr saturation
W20250111 18:53:23.664023 10897 ImuError.cpp:368] gyr saturation
W20250111 18:53:23.664063 10897 ImuError.cpp:368] gyr saturation
W20250111 18:53:23.664072 10897 ImuError.cpp:368] gyr saturation
W20250111 18:53:23.664081 10897 ImuError.cpp:368] gyr saturation
W20250111 18:53:23.664090 10897 ImuError.cpp:368] gyr saturation
W20250111 18:53:23.664098 10897 ImuError.cpp:368] gyr saturation
W20250111 18:53:23.664106 10897 ImuError.cpp:368] gyr saturation
W20250111 18:53:23.664114 10897 ImuError.cpp:368] gyr saturation
W20250111 18:53:23.664122 10897 ImuError.cpp:368] gyr saturation
W20250111 18:53:23.664131 10897 ImuError.cpp:368] gyr saturation
W20250111 18:53:23.664139 10897 ImuError.cpp:368] gyr saturation
W20250111 18:53:23.664147 10897 ImuError.cpp:368] gyr saturation
W20250111 18:53:23.664155 10897 ImuError.cpp:368] gyr saturation
W20250111 18:53:23.664165 10897 ImuError.cpp:368] gyr saturation
W20250111 18:53:23.664173 10897 ImuError.cpp:368] gyr saturation
W20250111 18:53:23.664182 10897 ImuError.cpp:368] gyr saturation
W20250111 18:53:23.664189 10897 ImuError.cpp:368] gyr saturation
W20250111 18:53:23.664197 10897 ImuError.cpp:368] gyr saturation
W20250111 18:53:23.664206 10897 ImuError.cpp:368] gyr saturation
W20250111 18:53:23.664213 10897 ImuError.cpp:368] gyr saturation
W20250111 18:53:23.664227 10897 ImuError.cpp:368] gyr saturation
W20250111 18:53:23.664234 10897 ImuError.cpp:368] gyr saturation
W20250111 18:53:23.664242 10897 ImuError.cpp:368] gyr saturation
W20250111 18:53:23.664249 10897 ImuError.cpp:368] gyr saturation
W20250111 18:53:23.664258 10897 ImuError.cpp:368] gyr saturation
W20250111 18:53:23.664278 10897 ImuError.cpp:368] gyr saturation
W20250111 18:53:23.664296 10897 ImuError.cpp:368] gyr saturation
W20250111 18:53:23.664314 10897 ImuError.cpp:368] gyr saturation
W20250111 18:53:23.664330 10897 ImuError.cpp:368] gyr saturation
W20250111 18:53:23.664348 10897 ImuError.cpp:368] gyr saturation
W20250111 18:53:23.664366 10897 ImuError.cpp:368] gyr saturation
W20250111 18:53:23.664383 10897 ImuError.cpp:368] gyr saturation
W20250111 18:53:23.664400 10897 ImuError.cpp:368] gyr saturation
W20250111 18:53:23.664418 10897 ImuError.cpp:368] gyr saturation
W20250111 18:53:23.672005 224409 ViSlamBackend.cpp:466] TRACKING FAILURE: quality=0
W20250111 18:53:23.672195 224409 ImuError.cpp:165] gyr saturation
W20250111 18:53:23.672209 224409 ImuError.cpp:165] gyr saturation
W20250111 18:53:23.672217 224409 ImuError.cpp:165] gyr saturation
W20250111 18:53:23.672225 224409 ImuError.cpp:165] gyr saturation
W20250111 18:53:23.672233 224409 ImuError.cpp:165] gyr saturation
W20250111 18:53:23.672241 224409 ImuError.cpp:165] gyr saturation
W20250111 18:53:23.672250 224409 ImuError.cpp:165] gyr saturation
W20250111 18:53:23.672258 224409 ImuError.cpp:165] gyr saturation
W20250111 18:53:23.672266 224409 ImuError.cpp:165] gyr saturation
W20250111 18:53:23.672274 224409 ImuError.cpp:165] gyr saturation
W20250111 18:53:23.672282 224409 ImuError.cpp:165] gyr saturation
W20250111 18:53:23.672291 224409 ImuError.cpp:165] gyr saturation
W20250111 18:53:23.672298 224409 ImuError.cpp:165] gyr saturation
W20250111 18:53:23.672307 224409 ImuError.cpp:165] gyr saturation
W20250111 18:53:23.672314 224409 ImuError.cpp:165] gyr saturation
W20250111 18:53:23.672436 224409 ImuError.cpp:165] gyr saturation
W20250111 18:53:23.672444 224409 ImuError.cpp:165] gyr saturation
W20250111 18:53:23.672452 224409 ImuError.cpp:165] gyr saturation
W20250111 18:53:23.672461 224409 ImuError.cpp:165] gyr saturation
W20250111 18:53:23.672468 224409 ImuError.cpp:165] gyr saturation
W20250111 18:53:23.672477 224409 ImuError.cpp:165] gyr saturation
W20250111 18:53:23.672484 224409 ImuError.cpp:165] gyr saturation
W20250111 18:53:23.672492 224409 ImuError.cpp:165] gyr saturation
W20250111 18:53:23.672499 224409 ImuError.cpp:165] gyr saturation
W20250111 18:53:23.672508 224409 ImuError.cpp:165] gyr saturation
W20250111 18:53:23.672514 224409 ImuError.cpp:165] gyr saturation
W20250111 18:53:23.672523 224409 ImuError.cpp:165] gyr saturation
W20250111 18:53:23.672530 224409 ImuError.cpp:165] gyr saturation
W20250111 18:53:23.672537 224409 ImuError.cpp:165] gyr saturation
W20250111 18:53:23.672545 224409 ImuError.cpp:165] gyr saturation
W20250111 18:53:23.672798 10883 ImuError.cpp:650] gyr saturation
W20250111 18:53:23.672844 10883 ImuError.cpp:650] gyr saturation
W20250111 18:53:23.672853 10883 ImuError.cpp:650] gyr saturation
W20250111 18:53:23.672858 10883 ImuError.cpp:650] gyr saturation
W20250111 18:53:23.672863 10883 ImuError.cpp:650] gyr saturation
W20250111 18:53:23.672869 10883 ImuError.cpp:650] gyr saturation
W20250111 18:53:23.672875 10883 ImuError.cpp:650] gyr saturation
W20250111 18:53:23.672883 10883 ImuError.cpp:650] gyr saturation
W20250111 18:53:23.672888 10883 ImuError.cpp:650] gyr saturation
W20250111 18:53:23.672894 10883 ImuError.cpp:650] gyr saturation
W20250111 18:53:23.672899 10883 ImuError.cpp:650] gyr saturation
W20250111 18:53:23.672905 10883 ImuError.cpp:650] gyr saturation
W20250111 18:53:23.672910 10883 ImuError.cpp:650] gyr saturation
W20250111 18:53:23.672916 10883 ImuError.cpp:650] gyr saturation
W20250111 18:53:23.672921 10883 ImuError.cpp:650] gyr saturation
W20250111 18:53:23.672927 10883 ImuError.cpp:650] gyr saturation
W20250111 18:53:23.672932 10883 ImuError.cpp:650] gyr saturation
W20250111 18:53:23.672945 10883 ImuError.cpp:650] gyr saturation
W20250111 18:53:23.673005 10883 ImuError.cpp:650] gyr saturation
W20250111 18:53:23.673012 10883 ImuError.cpp:650] gyr saturation
W20250111 18:53:23.673018 10883 ImuError.cpp:650] gyr saturation
W20250111 18:53:23.673023 10883 ImuError.cpp:650] gyr saturation
W20250111 18:53:23.673034 10883 ImuError.cpp:650] gyr saturation
W20250111 18:53:23.673041 10883 ImuError.cpp:650] gyr saturation
W20250111 18:53:23.673048 10883 ImuError.cpp:650] gyr saturation
W20250111 18:53:23.673053 10883 ImuError.cpp:650] gyr saturation
W20250111 18:53:23.673058 10883 ImuError.cpp:650] gyr saturation
W20250111 18:53:23.673063 10883 ImuError.cpp:650] gyr saturation
W20250111 18:53:23.673069 10883 ImuError.cpp:650] gyr saturation
W20250111 18:53:23.673076 10883 ImuError.cpp:650] gyr saturation
W20250111 18:53:23.673082 10883 ImuError.cpp:650] gyr saturation
W20250111 18:53:23.673087 10883 ImuError.cpp:650] gyr saturation
W20250111 18:53:23.673092 10883 ImuError.cpp:650] gyr saturation
W20250111 18:53:23.673098 10883 ImuError.cpp:650] gyr saturation
W20250111 18:53:23.673105 10883 ImuError.cpp:650] gyr saturation
W20250111 18:53:23.673110 10883 ImuError.cpp:650] gyr saturation
W20250111 18:53:23.673563 10883 Frontend.cpp:615] 3d2d tracking lost. Number of 3d2d-matches: 0
W20250111 18:53:23.673916 10883 ImuError.cpp:650] gyr saturation
W20250111 18:53:23.673936 10883 ImuError.cpp:650] gyr saturation
W20250111 18:53:23.673943 10883 ImuError.cpp:650] gyr saturation
W20250111 18:53:23.673949 10883 ImuError.cpp:650] gyr saturation
W20250111 18:53:23.673954 10883 ImuError.cpp:650] gyr saturation
W20250111 18:53:23.673960 10883 ImuError.cpp:650] gyr saturation
W20250111 18:53:23.673967 10883 ImuError.cpp:650] gyr saturation
W20250111 18:53:23.673974 10883 ImuError.cpp:650] gyr saturation
W20250111 18:53:23.673979 10883 ImuError.cpp:650] gyr saturation
W20250111 18:53:23.673985 10883 ImuError.cpp:650] gyr saturation
W20250111 18:53:23.673991 10883 ImuError.cpp:650] gyr saturation
W20250111 18:53:23.673997 10883 ImuError.cpp:650] gyr saturation
W20250111 18:53:23.674005 10883 ImuError.cpp:650] gyr saturation
W20250111 18:53:23.674010 10883 ImuError.cpp:650] gyr saturation
W20250111 18:53:23.674017 10883 ImuError.cpp:650] gyr saturation
W20250111 18:53:23.674023 10883 ImuError.cpp:650] gyr saturation
W20250111 18:53:23.674031 10883 ImuError.cpp:650] gyr saturation
W20250111 18:53:23.674036 10883 ImuError.cpp:650] gyr saturation
W20250111 18:53:23.675017 224419 ImuError.cpp:368] gyr saturation
W20250111 18:53:23.675052 224419 ImuError.cpp:368] gyr saturation
W20250111 18:53:23.675062 224419 ImuError.cpp:368] gyr saturation
W20250111 18:53:23.675071 224419 ImuError.cpp:368] gyr saturation
W20250111 18:53:23.675081 224419 ImuError.cpp:368] gyr saturation
W20250111 18:53:23.675089 224419 ImuError.cpp:368] gyr saturation
W20250111 18:53:23.675098 224419 ImuError.cpp:368] gyr saturation
W20250111 18:53:23.675107 224419 ImuError.cpp:368] gyr saturation
W20250111 18:53:23.675115 224419 ImuError.cpp:368] gyr saturation
W20250111 18:53:23.675123 224419 ImuError.cpp:368] gyr saturation
W20250111 18:53:23.675132 224419 ImuError.cpp:368] gyr saturation
W20250111 18:53:23.675140 224419 ImuError.cpp:368] gyr saturation
W20250111 18:53:23.675149 224419 ImuError.cpp:368] gyr saturation
W20250111 18:53:23.675158 224419 ImuError.cpp:368] gyr saturation
W20250111 18:53:23.675165 224419 ImuError.cpp:368] gyr saturation
W20250111 18:53:23.675174 224419 ImuError.cpp:368] gyr saturation
W20250111 18:53:23.675182 224419 ImuError.cpp:368] gyr saturation
W20250111 18:53:23.675190 224419 ImuError.cpp:368] gyr saturation
W20250111 18:53:23.680804 224419 ViSlamBackend.cpp:466] TRACKING FAILURE: quality=0
W20250111 18:53:23.680876 224419 ImuError.cpp:165] gyr saturation
W20250111 18:53:23.680891 224419 ImuError.cpp:165] gyr saturation
W20250111 18:53:23.680899 224419 ImuError.cpp:165] gyr saturation
W20250111 18:53:23.680908 224419 ImuError.cpp:165] gyr saturation
W20250111 18:53:23.680917 224419 ImuError.cpp:165] gyr saturation
W20250111 18:53:23.680932 224419 ImuError.cpp:165] gyr saturation
W20250111 18:53:23.680941 224419 ImuError.cpp:165] gyr saturation
W20250111 18:53:23.680949 224419 ImuError.cpp:165] gyr saturation
W20250111 18:53:23.680958 224419 ImuError.cpp:165] gyr saturation
W20250111 18:53:23.680967 224419 ImuError.cpp:165] gyr saturation
W20250111 18:53:23.680980 224419 ImuError.cpp:165] gyr saturation
W20250111 18:53:23.680992 224419 ImuError.cpp:165] gyr saturation
W20250111 18:53:23.681001 224419 ImuError.cpp:165] gyr saturation
W20250111 18:53:23.681010 224419 ImuError.cpp:165] gyr saturation
W20250111 18:53:23.681017 224419 ImuError.cpp:165] gyr saturation
W20250111 18:53:23.681025 224419 ImuError.cpp:165] gyr saturation
W20250111 18:53:23.681034 224419 ImuError.cpp:165] gyr saturation
W20250111 18:53:23.681042 224419 ImuError.cpp:165] gyr saturation
W20250111 18:53:23.681051 224419 ImuError.cpp:165] gyr saturation
W20250111 18:53:23.681059 224419 ImuError.cpp:165] gyr saturation
W20250111 18:53:23.681068 224419 ImuError.cpp:165] gyr saturation
W20250111 18:53:23.681077 224419 ImuError.cpp:165] gyr saturation
W20250111 18:53:23.681084 224419 ImuError.cpp:165] gyr saturation
W20250111 18:53:23.681092 224419 ImuError.cpp:165] gyr saturation
W20250111 18:53:23.681099 224419 ImuError.cpp:165] gyr saturation
W20250111 18:53:23.681108 224419 ImuError.cpp:165] gyr saturation
W20250111 18:53:23.681116 224419 ImuError.cpp:165] gyr saturation
W20250111 18:53:23.681124 224419 ImuError.cpp:165] gyr saturation
W20250111 18:53:23.681133 224419 ImuError.cpp:165] gyr saturation
W20250111 18:53:23.681142 224419 ImuError.cpp:165] gyr saturation
W20250111 18:53:23.681150 224419 ImuError.cpp:165] gyr saturation
W20250111 18:53:23.681159 224419 ImuError.cpp:165] gyr saturation
W20250111 18:53:23.681165 224419 ImuError.cpp:165] gyr saturation
W20250111 18:53:23.681174 224419 ImuError.cpp:165] gyr saturation
W20250111 18:53:23.681181 224419 ImuError.cpp:165] gyr saturation
W20250111 18:53:23.681224 224419 ImuError.cpp:165] gyr saturation
W20250111 18:53:23.681231 224419 ImuError.cpp:165] gyr saturation
W20250111 18:53:23.681239 224419 ImuError.cpp:165] gyr saturation
W20250111 18:53:23.681246 224419 ImuError.cpp:165] gyr saturation
W20250111 18:53:23.681254 224419 ImuError.cpp:165] gyr saturation
W20250111 18:53:23.681262 224419 ImuError.cpp:165] gyr saturation
W20250111 18:53:23.681270 224419 ImuError.cpp:165] gyr saturation
W20250111 18:53:23.681278 224419 ImuError.cpp:165] gyr saturation
W20250111 18:53:23.681288 224419 ImuError.cpp:165] gyr saturation
W20250111 18:53:23.681295 224419 ImuError.cpp:165] gyr saturation
W20250111 18:53:23.681304 224419 ImuError.cpp:165] gyr saturation
W20250111 18:53:23.681313 224419 ImuError.cpp:165] gyr saturation
W20250111 18:53:23.681321 224419 ImuError.cpp:165] gyr saturation
W20250111 18:53:23.681329 224419 ImuError.cpp:165] gyr saturation
W20250111 18:53:23.681339 224419 ImuError.cpp:165] gyr saturation
W20250111 18:53:23.681346 224419 ImuError.cpp:165] gyr saturation
W20250111 18:53:23.681354 224419 ImuError.cpp:165] gyr saturation
W20250111 18:53:23.681363 224419 ImuError.cpp:165] gyr saturation
W20250111 18:53:23.681371 224419 ImuError.cpp:165] gyr saturation
W20250111 18:53:23.681380 224419 ImuError.cpp:165] gyr saturation
W20250111 18:53:23.681387 224419 ImuError.cpp:165] gyr saturation
W20250111 18:53:23.681396 224419 ImuError.cpp:165] gyr saturation
W20250111 18:53:23.681403 224419 ImuError.cpp:165] gyr saturation
W20250111 18:53:23.681412 224419 ImuError.cpp:165] gyr saturation
W20250111 18:53:23.681420 224419 ImuError.cpp:165] gyr saturation
W20250111 18:53:23.681429 224419 ImuError.cpp:165] gyr saturation
W20250111 18:53:23.681437 224419 ImuError.cpp:165] gyr saturation
W20250111 18:53:23.681447 224419 ImuError.cpp:165] gyr saturation
W20250111 18:53:23.681455 224419 ImuError.cpp:165] gyr saturation
W20250111 18:53:23.681464 224419 ImuError.cpp:165] gyr saturation
W20250111 18:53:23.681473 224419 ImuError.cpp:165] gyr saturation
W20250111 18:53:23.681481 224419 ImuError.cpp:165] gyr saturation
W20250111 18:53:23.681491 224419 ImuError.cpp:165] gyr saturation
W20250111 18:53:23.681499 224419 ImuError.cpp:165] gyr saturation
W20250111 18:53:23.681507 224419 ImuError.cpp:165] gyr saturation
W20250111 18:53:23.682402 10883 Frontend.cpp:615] 3d2d tracking lost. Number of 3d2d-matches: 0
W20250111 18:53:23.691072 224437 ViSlamBackend.cpp:466] TRACKING FAILURE: quality=0
W20250111 18:53:23.691190 224437 ImuError.cpp:165] gyr saturation
W20250111 18:53:23.691208 224437 ImuError.cpp:165] gyr saturation
W20250111 18:53:23.691219 224437 ImuError.cpp:165] gyr saturation
W20250111 18:53:23.691229 224437 ImuError.cpp:165] gyr saturation
W20250111 18:53:23.691239 224437 ImuError.cpp:165] gyr saturation
W20250111 18:53:23.691251 224437 ImuError.cpp:165] gyr saturation
W20250111 18:53:23.691258 224437 ImuError.cpp:165] gyr saturation
W20250111 18:53:23.691267 224437 ImuError.cpp:165] gyr saturation
W20250111 18:53:23.691277 224437 ImuError.cpp:165] gyr saturation
W20250111 18:53:23.691286 224437 ImuError.cpp:165] gyr saturation
W20250111 18:53:23.691295 224437 ImuError.cpp:165] gyr saturation
W20250111 18:53:23.691304 224437 ImuError.cpp:165] gyr saturation
W20250111 18:53:23.691314 224437 ImuError.cpp:165] gyr saturation
W20250111 18:53:23.691322 224437 ImuError.cpp:165] gyr saturation
W20250111 18:53:23.691334 224437 ImuError.cpp:165] gyr saturation
W20250111 18:53:23.691342 224437 ImuError.cpp:165] gyr saturation
W20250111 18:53:23.691351 224437 ImuError.cpp:165] gyr saturation
W20250111 18:53:23.691361 224437 ImuError.cpp:165] gyr saturation
W20250111 18:53:23.691371 224437 ImuError.cpp:165] gyr saturation
W20250111 18:53:23.691380 224437 ImuError.cpp:165] gyr saturation
W20250111 18:53:23.691390 224437 ImuError.cpp:165] gyr saturation
W20250111 18:53:23.691401 224437 ImuError.cpp:165] gyr saturation
W20250111 18:53:23.691409 224437 ImuError.cpp:165] gyr saturation
W20250111 18:53:23.691419 224437 ImuError.cpp:165] gyr saturation
W20250111 18:53:23.691427 224437 ImuError.cpp:165] gyr saturation
W20250111 18:53:23.691437 224437 ImuError.cpp:165] gyr saturation
W20250111 18:53:23.691448 224437 ImuError.cpp:165] gyr saturation
W20250111 18:53:23.691457 224437 ImuError.cpp:165] gyr saturation
W20250111 18:53:23.691468 224437 ImuError.cpp:165] gyr saturation
W20250111 18:53:23.691478 224437 ImuError.cpp:165] gyr saturation
W20250111 18:53:23.691491 224437 ImuError.cpp:165] gyr saturation
W20250111 18:53:23.691501 224437 ImuError.cpp:165] gyr saturation
W20250111 18:53:23.691512 224437 ImuError.cpp:165] gyr saturation
W20250111 18:53:23.691521 224437 ImuError.cpp:165] gyr saturation
W20250111 18:53:23.691566 224437 ImuError.cpp:165] gyr saturation
W20250111 18:53:23.691574 224437 ImuError.cpp:165] gyr saturation
W20250111 18:53:23.691583 224437 ImuError.cpp:165] gyr saturation
W20250111 18:53:23.691591 224437 ImuError.cpp:165] gyr saturation
W20250111 18:53:23.691599 224437 ImuError.cpp:165] gyr saturation
W20250111 18:53:23.691607 224437 ImuError.cpp:165] gyr saturation
W20250111 18:53:23.691617 224437 ImuError.cpp:165] gyr saturation
W20250111 18:53:23.691623 224437 ImuError.cpp:165] gyr saturation
W20250111 18:53:23.691632 224437 ImuError.cpp:165] gyr saturation
W20250111 18:53:23.691638 224437 ImuError.cpp:165] gyr saturation
W20250111 18:53:23.691648 224437 ImuError.cpp:165] gyr saturation
W20250111 18:53:23.691655 224437 ImuError.cpp:165] gyr saturation
W20250111 18:53:23.691664 224437 ImuError.cpp:165] gyr saturation
W20250111 18:53:23.691673 224437 ImuError.cpp:165] gyr saturation
W20250111 18:53:23.691681 224437 ImuError.cpp:165] gyr saturation
W20250111 18:53:23.691689 224437 ImuError.cpp:165] gyr saturation
W20250111 18:53:23.691705 224437 ImuError.cpp:165] gyr saturation
W20250111 18:53:23.691715 224437 ImuError.cpp:165] gyr saturation
W20250111 18:53:23.691730 224437 ImuError.cpp:165] gyr saturation
W20250111 18:53:23.691740 224437 ImuError.cpp:165] gyr saturation
W20250111 18:53:23.691748 224437 ImuError.cpp:165] gyr saturation
W20250111 18:53:23.691756 224437 ImuError.cpp:165] gyr saturation
W20250111 18:53:23.691763 224437 ImuError.cpp:165] gyr saturation
W20250111 18:53:23.691776 224437 ImuError.cpp:165] gyr saturation
W20250111 18:53:23.691783 224437 ImuError.cpp:165] gyr saturation
W20250111 18:53:23.691790 224437 ImuError.cpp:165] gyr saturation
W20250111 18:53:23.691798 224437 ImuError.cpp:165] gyr saturation
W20250111 18:53:23.691812 224437 ImuError.cpp:165] gyr saturation
W20250111 18:53:23.691819 224437 ImuError.cpp:165] gyr saturation
W20250111 18:53:23.691833 224437 ImuError.cpp:165] gyr saturation
W20250111 18:53:23.691843 224437 ImuError.cpp:165] gyr saturation
W20250111 18:53:23.691854 224437 ImuError.cpp:165] gyr saturation
W20250111 18:53:23.691862 224437 ImuError.cpp:165] gyr saturation
W20250111 18:53:23.691871 224437 ImuError.cpp:165] gyr saturation
W20250111 18:53:23.692756 10883 Frontend.cpp:615] 3d2d tracking lost. Number of 3d2d-matches: 1
W20250111 18:53:23.701913 224463 ImuError.cpp:165] gyr saturation
W20250111 18:53:23.701954 224463 ImuError.cpp:165] gyr saturation
W20250111 18:53:23.701964 224463 ImuError.cpp:165] gyr saturation
W20250111 18:53:23.701972 224463 ImuError.cpp:165] gyr saturation
W20250111 18:53:23.701980 224463 ImuError.cpp:165] gyr saturation
W20250111 18:53:23.701992 224463 ImuError.cpp:165] gyr saturation
W20250111 18:53:23.702016 224463 ImuError.cpp:165] gyr saturation
W20250111 18:53:23.702024 224463 ImuError.cpp:165] gyr saturation
W20250111 18:53:23.702033 224463 ImuError.cpp:165] gyr saturation
W20250111 18:53:23.702041 224463 ImuError.cpp:165] gyr saturation
W20250111 18:53:23.702050 224463 ImuError.cpp:165] gyr saturation
W20250111 18:53:23.702059 224463 ImuError.cpp:165] gyr saturation
W20250111 18:53:23.702069 224463 ImuError.cpp:165] gyr saturation
W20250111 18:53:23.702078 224463 ImuError.cpp:165] gyr saturation
W20250111 18:53:23.702086 224463 ImuError.cpp:165] gyr saturation
W20250111 18:53:23.702097 224463 ImuError.cpp:165] gyr saturation
W20250111 18:53:23.702105 224463 ImuError.cpp:165] gyr saturation
W20250111 18:53:23.702113 224463 ImuError.cpp:165] gyr saturation
W20250111 18:53:23.702230 224463 ImuError.cpp:165] gyr saturation
W20250111 18:53:23.702240 224463 ImuError.cpp:165] gyr saturation
W20250111 18:53:23.702248 224463 ImuError.cpp:165] gyr saturation
W20250111 18:53:23.702258 224463 ImuError.cpp:165] gyr saturation
W20250111 18:53:23.702266 224463 ImuError.cpp:165] gyr saturation
W20250111 18:53:23.702276 224463 ImuError.cpp:165] gyr saturation
W20250111 18:53:23.702286 224463 ImuError.cpp:165] gyr saturation
W20250111 18:53:23.702296 224463 ImuError.cpp:165] gyr saturation
W20250111 18:53:23.702303 224463 ImuError.cpp:165] gyr saturation
W20250111 18:53:23.702312 224463 ImuError.cpp:165] gyr saturation
W20250111 18:53:23.702322 224463 ImuError.cpp:165] gyr saturation
W20250111 18:53:23.702332 224463 ImuError.cpp:165] gyr saturation
W20250111 18:53:23.702339 224463 ImuError.cpp:165] gyr saturation
W20250111 18:53:23.702349 224463 ImuError.cpp:165] gyr saturation
W20250111 18:53:23.702358 224463 ImuError.cpp:165] gyr saturation
W20250111 18:53:23.702365 224463 ImuError.cpp:165] gyr saturation
W20250111 18:53:23.702375 224463 ImuError.cpp:165] gyr saturation
W20250111 18:53:23.702382 224463 ImuError.cpp:165] gyr saturation
I20250111 18:53:23.704392 10883 Frontend.cpp:2274] RANSAC FAIL: 14 inliers, ratio = 0.608696
I20250111 18:53:23.752015 10883 Frontend.cpp:2274] RANSAC FAIL: 25 inliers, ratio = 0.694444
I20250111 18:53:23.789748 10883 Frontend.cpp:2274] RANSAC FAIL: 39 inliers, ratio = 0.696429
I20250111 18:53:24.486789 10883 okvis_app_synchronous.cpp:210] OKVIS Timing
-----------
1 DetectAndDescribe                	   3511	00:00:06.664572	(00:00:00.001898 +- 00:00:00.000390)	[00:00:00.000945,00:00:00.005651]
2 Match                            	   3511	00:00:22.281982	(00:00:00.006346 +- 00:00:00.002544)	[00:00:00.000203,00:00:00.014485]
2.01 match to map                  	   3510	00:00:16.111655	(00:00:00.004590 +- 00:00:00.002158)	[00:00:00.000053,00:00:00.011851]
2.02 match motion stereo           	   3510	00:00:04.352943	(00:00:00.001240 +- 00:00:00.000413)	[00:00:00.000063,00:00:00.005115]
2.02.1 match motion stereo: prepare	   3510	00:00:00.990354	(00:00:00.000282 +- 00:00:00.000107)	[00:00:00.000001,00:00:00.000877]
2.10 match stereo                  	    940	00:00:00.035184	(00:00:00.000037 +- 00:00:00.000045)	[00:00:00.000001,00:00:00.000461]
3 Optimise                         	   3510	00:00:55.700088	(00:00:00.015869 +- 00:00:00.009119)	[00:00:00.001047,00:00:00.079445]
4 Prepare publishing               	   3510	00:00:02.914046	(00:00:00.000830 +- 00:00:00.000337)	[00:00:00.000054,00:00:00.002307]
6 Visualising                      	   3510	00:00:00.000777	(00:00:00.000000 +- 00:00:00.000000)	[00:00:00.000000,00:00:00.000001]
7 Marginalise                      	   3510	00:00:06.212778	(00:00:00.001770 +- 00:00:00.000753)	[00:00:00.000007,00:00:00.006960]
7.1 check/handle lost              	   3510	00:00:00.105578	(00:00:00.000030 +- 00:00:00.000019)	[00:00:00.000000,00:00:00.000197]
7.2 eliminate IMU frames           	   3510	00:00:02.810383	(00:00:00.000801 +- 00:00:00.000582)	[00:00:00.000000,00:00:00.002763]
7.3 convert to posegraph           	   1127	00:00:00.878226	(00:00:00.000779 +- 00:00:00.000437)	[00:00:00.000094,00:00:00.004062]
7.4 freezing                       	   3509	00:00:00.003877	(00:00:00.000001 +- 00:00:00.000002)	[00:00:00.000000,00:00:00.000035]
7.6 expand                         	   3477	00:00:00.770352	(00:00:00.000222 +- 00:00:00.000114)	[00:00:00.000031,00:00:00.001562]
7.7 prune place recognition frames 	   3509	00:00:00.793582	(00:00:00.000226 +- 00:00:00.000123)	[00:00:00.000002,00:00:00.000796]
I20250111 18:53:24.486900 10883 okvis_app_synchronous.cpp:219] Progress: 65% (1 [1%/s], ETA: 35s)
W20250111 18:53:24.632305 10883 ImuError.cpp:650] gyr saturation
W20250111 18:53:24.643378 10883 ImuError.cpp:650] gyr saturation
W20250111 18:53:24.643493 10883 ImuError.cpp:650] gyr saturation
W20250111 18:53:24.646190 10883 ImuError.cpp:368] gyr saturation
W20250111 18:53:24.650101 10883 ImuError.cpp:650] gyr saturation
W20250111 18:53:24.650135 10883 ImuError.cpp:650] gyr saturation
W20250111 18:53:24.650139 10883 ImuError.cpp:650] gyr saturation
W20250111 18:53:24.650147 10883 ImuError.cpp:650] gyr saturation
W20250111 18:53:24.650156 10883 ImuError.cpp:650] gyr saturation
W20250111 18:53:24.650159 10883 ImuError.cpp:650] gyr saturation
W20250111 18:53:24.650164 10883 ImuError.cpp:650] gyr saturation
W20250111 18:53:24.650170 10883 ImuError.cpp:650] gyr saturation
W20250111 18:53:24.650175 10883 ImuError.cpp:650] gyr saturation
W20250111 18:53:24.650187 10883 ImuError.cpp:650] gyr saturation
W20250111 18:53:24.650190 10883 ImuError.cpp:650] gyr saturation
W20250111 18:53:24.650195 10883 ImuError.cpp:650] gyr saturation
W20250111 18:53:24.650200 10883 ImuError.cpp:650] gyr saturation
W20250111 18:53:24.650205 10883 ImuError.cpp:650] gyr saturation
W20250111 18:53:24.650209 10883 ImuError.cpp:650] gyr saturation
W20250111 18:53:24.650214 10883 ImuError.cpp:650] gyr saturation
W20250111 18:53:24.650218 10883 ImuError.cpp:650] gyr saturation
W20250111 18:53:24.650223 10883 ImuError.cpp:650] gyr saturation
W20250111 18:53:24.650228 10883 ImuError.cpp:650] gyr saturation
W20250111 18:53:24.650233 10883 ImuError.cpp:650] gyr saturation
W20250111 18:53:24.650238 10883 ImuError.cpp:650] gyr saturation
W20250111 18:53:24.650242 10883 ImuError.cpp:650] gyr saturation
W20250111 18:53:24.650247 10883 ImuError.cpp:650] gyr saturation
W20250111 18:53:24.650251 10883 ImuError.cpp:650] gyr saturation
W20250111 18:53:24.650256 10883 ImuError.cpp:650] gyr saturation
W20250111 18:53:24.650261 10883 ImuError.cpp:650] gyr saturation
W20250111 18:53:24.650265 10883 ImuError.cpp:650] gyr saturation
W20250111 18:53:24.650270 10883 ImuError.cpp:650] gyr saturation
W20250111 18:53:24.650274 10883 ImuError.cpp:650] gyr saturation
W20250111 18:53:24.650279 10883 ImuError.cpp:650] gyr saturation
W20250111 18:53:24.650285 10883 ImuError.cpp:650] gyr saturation
W20250111 18:53:24.650288 10883 ImuError.cpp:650] gyr saturation
W20250111 18:53:24.650293 10883 ImuError.cpp:650] gyr saturation
W20250111 18:53:24.650297 10883 ImuError.cpp:650] gyr saturation
W20250111 18:53:24.650302 10883 ImuError.cpp:650] gyr saturation
W20250111 18:53:24.663436 10883 ImuError.cpp:650] gyr saturation
W20250111 18:53:24.663476 10883 ImuError.cpp:650] gyr saturation
W20250111 18:53:24.663482 10883 ImuError.cpp:650] gyr saturation
W20250111 18:53:24.663501 10883 ImuError.cpp:650] gyr saturation
W20250111 18:53:24.663506 10883 ImuError.cpp:650] gyr saturation
W20250111 18:53:24.663508 10883 ImuError.cpp:650] gyr saturation
W20250111 18:53:24.663515 10883 ImuError.cpp:650] gyr saturation
W20250111 18:53:24.663519 10883 ImuError.cpp:650] gyr saturation
W20250111 18:53:24.663524 10883 ImuError.cpp:650] gyr saturation
W20250111 18:53:24.663529 10883 ImuError.cpp:650] gyr saturation
W20250111 18:53:24.663539 10883 ImuError.cpp:650] gyr saturation
W20250111 18:53:24.663543 10883 ImuError.cpp:650] gyr saturation
W20250111 18:53:24.663547 10883 ImuError.cpp:650] gyr saturation
W20250111 18:53:24.663551 10883 ImuError.cpp:650] gyr saturation
W20250111 18:53:24.663554 10883 ImuError.cpp:650] gyr saturation
W20250111 18:53:24.663558 10883 ImuError.cpp:650] gyr saturation
W20250111 18:53:24.663563 10883 ImuError.cpp:650] gyr saturation
W20250111 18:53:24.663566 10883 ImuError.cpp:650] gyr saturation
W20250111 18:53:24.663573 10883 ImuError.cpp:650] gyr saturation
W20250111 18:53:24.663579 10883 ImuError.cpp:650] gyr saturation
W20250111 18:53:24.663583 10883 ImuError.cpp:650] gyr saturation
W20250111 18:53:24.663587 10883 ImuError.cpp:650] gyr saturation
W20250111 18:53:24.663592 10883 ImuError.cpp:650] gyr saturation
W20250111 18:53:24.663596 10883 ImuError.cpp:650] gyr saturation
W20250111 18:53:24.663600 10883 ImuError.cpp:650] gyr saturation
W20250111 18:53:24.663604 10883 ImuError.cpp:650] gyr saturation
W20250111 18:53:24.663609 10883 ImuError.cpp:650] gyr saturation
W20250111 18:53:24.663612 10883 ImuError.cpp:650] gyr saturation
W20250111 18:53:24.663615 10883 ImuError.cpp:650] gyr saturation
W20250111 18:53:24.663619 10883 ImuError.cpp:650] gyr saturation
W20250111 18:53:24.663622 10883 ImuError.cpp:650] gyr saturation
W20250111 18:53:24.663626 10883 ImuError.cpp:650] gyr saturation
W20250111 18:53:24.663630 10883 ImuError.cpp:650] gyr saturation
W20250111 18:53:24.663632 10883 ImuError.cpp:650] gyr saturation
W20250111 18:53:24.663636 10883 ImuError.cpp:650] gyr saturation
W20250111 18:53:24.663744 10883 ImuError.cpp:650] gyr saturation
W20250111 18:53:24.663750 10883 ImuError.cpp:650] gyr saturation
W20250111 18:53:24.663754 10883 ImuError.cpp:650] gyr saturation
W20250111 18:53:24.663759 10883 ImuError.cpp:650] gyr saturation
W20250111 18:53:24.663763 10883 ImuError.cpp:650] gyr saturation
W20250111 18:53:24.663769 10883 ImuError.cpp:650] gyr saturation
W20250111 18:53:24.663772 10883 ImuError.cpp:650] gyr saturation
W20250111 18:53:24.663776 10883 ImuError.cpp:650] gyr saturation
W20250111 18:53:24.663779 10883 ImuError.cpp:650] gyr saturation
W20250111 18:53:24.663784 10883 ImuError.cpp:650] gyr saturation
W20250111 18:53:24.663789 10883 ImuError.cpp:650] gyr saturation
W20250111 18:53:24.663791 10883 ImuError.cpp:650] gyr saturation
W20250111 18:53:24.663796 10883 ImuError.cpp:650] gyr saturation
W20250111 18:53:24.663800 10883 ImuError.cpp:650] gyr saturation
W20250111 18:53:24.663805 10883 ImuError.cpp:650] gyr saturation
W20250111 18:53:24.663808 10883 ImuError.cpp:650] gyr saturation
W20250111 18:53:24.663813 10883 ImuError.cpp:650] gyr saturation
W20250111 18:53:24.663816 10883 ImuError.cpp:650] gyr saturation
W20250111 18:53:24.663820 10883 ImuError.cpp:650] gyr saturation
W20250111 18:53:24.663827 10883 ImuError.cpp:650] gyr saturation
W20250111 18:53:24.663832 10883 ImuError.cpp:650] gyr saturation
W20250111 18:53:24.663837 10883 ImuError.cpp:650] gyr saturation
W20250111 18:53:24.663841 10883 ImuError.cpp:650] gyr saturation
W20250111 18:53:24.663844 10883 ImuError.cpp:650] gyr saturation
W20250111 18:53:24.663847 10883 ImuError.cpp:650] gyr saturation
W20250111 18:53:24.663852 10883 ImuError.cpp:650] gyr saturation
W20250111 18:53:24.663856 10883 ImuError.cpp:650] gyr saturation
W20250111 18:53:24.663861 10883 ImuError.cpp:650] gyr saturation
W20250111 18:53:24.663864 10883 ImuError.cpp:650] gyr saturation
W20250111 18:53:24.663869 10883 ImuError.cpp:650] gyr saturation
W20250111 18:53:24.663873 10883 ImuError.cpp:650] gyr saturation
W20250111 18:53:24.663880 10883 ImuError.cpp:650] gyr saturation
W20250111 18:53:24.663883 10883 ImuError.cpp:650] gyr saturation
W20250111 18:53:24.663887 10883 ImuError.cpp:650] gyr saturation
W20250111 18:53:24.663892 10883 ImuError.cpp:650] gyr saturation
W20250111 18:53:24.665513 10883 ImuError.cpp:368] gyr saturation
W20250111 18:53:24.665541 10883 ImuError.cpp:368] gyr saturation
W20250111 18:53:24.665552 10883 ImuError.cpp:368] gyr saturation
W20250111 18:53:24.665565 10883 ImuError.cpp:368] gyr saturation
W20250111 18:53:24.665578 10883 ImuError.cpp:368] gyr saturation
W20250111 18:53:24.665586 10883 ImuError.cpp:368] gyr saturation
W20250111 18:53:24.665596 10883 ImuError.cpp:368] gyr saturation
W20250111 18:53:24.665603 10883 ImuError.cpp:368] gyr saturation
W20250111 18:53:24.665611 10883 ImuError.cpp:368] gyr saturation
W20250111 18:53:24.665619 10883 ImuError.cpp:368] gyr saturation
W20250111 18:53:24.665627 10883 ImuError.cpp:368] gyr saturation
W20250111 18:53:24.665635 10883 ImuError.cpp:368] gyr saturation
W20250111 18:53:24.665643 10883 ImuError.cpp:368] gyr saturation
W20250111 18:53:24.665652 10883 ImuError.cpp:368] gyr saturation
W20250111 18:53:24.665659 10883 ImuError.cpp:368] gyr saturation
W20250111 18:53:24.665668 10883 ImuError.cpp:368] gyr saturation
W20250111 18:53:24.665675 10883 ImuError.cpp:368] gyr saturation
W20250111 18:53:24.665683 10883 ImuError.cpp:368] gyr saturation
W20250111 18:53:24.665690 10883 ImuError.cpp:368] gyr saturation
W20250111 18:53:24.665700 10883 ImuError.cpp:368] gyr saturation
W20250111 18:53:24.665709 10883 ImuError.cpp:368] gyr saturation
W20250111 18:53:24.665716 10883 ImuError.cpp:368] gyr saturation
W20250111 18:53:24.665724 10883 ImuError.cpp:368] gyr saturation
W20250111 18:53:24.665731 10883 ImuError.cpp:368] gyr saturation
W20250111 18:53:24.665740 10883 ImuError.cpp:368] gyr saturation
W20250111 18:53:24.665747 10883 ImuError.cpp:368] gyr saturation
W20250111 18:53:24.665755 10883 ImuError.cpp:368] gyr saturation
W20250111 18:53:24.665762 10883 ImuError.cpp:368] gyr saturation
W20250111 18:53:24.665771 10883 ImuError.cpp:368] gyr saturation
W20250111 18:53:24.665778 10883 ImuError.cpp:368] gyr saturation
W20250111 18:53:24.665789 10883 ImuError.cpp:368] gyr saturation
W20250111 18:53:24.665797 10883 ImuError.cpp:368] gyr saturation
W20250111 18:53:24.665805 10883 ImuError.cpp:368] gyr saturation
W20250111 18:53:24.665813 10883 ImuError.cpp:368] gyr saturation
W20250111 18:53:24.665822 10883 ImuError.cpp:368] gyr saturation
W20250111 18:53:24.667536 10883 Frontend.cpp:612] 3d2d tracking weak: quality=0. Number of 3d2d-matches: 5
W20250111 18:53:24.668694 10883 ImuError.cpp:650] gyr saturation
W20250111 18:53:24.668706 10883 ImuError.cpp:650] gyr saturation
W20250111 18:53:24.668710 10883 ImuError.cpp:650] gyr saturation
W20250111 18:53:24.668715 10883 ImuError.cpp:650] gyr saturation
W20250111 18:53:24.668720 10883 ImuError.cpp:650] gyr saturation
W20250111 18:53:24.668726 10883 ImuError.cpp:650] gyr saturation
W20250111 18:53:24.668730 10883 ImuError.cpp:650] gyr saturation
W20250111 18:53:24.668735 10883 ImuError.cpp:650] gyr saturation
W20250111 18:53:24.668738 10883 ImuError.cpp:650] gyr saturation
W20250111 18:53:24.668743 10883 ImuError.cpp:650] gyr saturation
W20250111 18:53:24.668747 10883 ImuError.cpp:650] gyr saturation
W20250111 18:53:24.668751 10883 ImuError.cpp:650] gyr saturation
W20250111 18:53:24.668756 10883 ImuError.cpp:650] gyr saturation
W20250111 18:53:24.668759 10883 ImuError.cpp:650] gyr saturation
W20250111 18:53:24.668763 10883 ImuError.cpp:650] gyr saturation
W20250111 18:53:24.668768 10883 ImuError.cpp:650] gyr saturation
W20250111 18:53:24.668772 10883 ImuError.cpp:650] gyr saturation
W20250111 18:53:24.668778 10883 ImuError.cpp:650] gyr saturation
W20250111 18:53:24.668782 10883 ImuError.cpp:650] gyr saturation
W20250111 18:53:24.668787 10883 ImuError.cpp:650] gyr saturation
W20250111 18:53:24.668792 10883 ImuError.cpp:650] gyr saturation
W20250111 18:53:24.668797 10883 ImuError.cpp:650] gyr saturation
W20250111 18:53:24.668809 10883 ImuError.cpp:650] gyr saturation
W20250111 18:53:24.668814 10883 ImuError.cpp:650] gyr saturation
W20250111 18:53:24.668819 10883 ImuError.cpp:650] gyr saturation
W20250111 18:53:24.668828 10883 ImuError.cpp:650] gyr saturation
W20250111 18:53:24.668833 10883 ImuError.cpp:650] gyr saturation
W20250111 18:53:24.668838 10883 ImuError.cpp:650] gyr saturation
W20250111 18:53:24.668843 10883 ImuError.cpp:650] gyr saturation
W20250111 18:53:24.668846 10883 ImuError.cpp:650] gyr saturation
W20250111 18:53:24.668851 10883 ImuError.cpp:650] gyr saturation
W20250111 18:53:24.668857 10883 ImuError.cpp:650] gyr saturation
W20250111 18:53:24.668862 10883 ImuError.cpp:650] gyr saturation
W20250111 18:53:24.668866 10883 ImuError.cpp:650] gyr saturation
W20250111 18:53:24.668871 10883 ImuError.cpp:650] gyr saturation
W20250111 18:53:24.668875 10883 ImuError.cpp:650] gyr saturation
W20250111 18:53:24.668881 10883 ImuError.cpp:650] gyr saturation
W20250111 18:53:24.668885 10883 ImuError.cpp:650] gyr saturation
W20250111 18:53:24.668889 10883 ImuError.cpp:650] gyr saturation
W20250111 18:53:24.668895 10883 ImuError.cpp:650] gyr saturation
W20250111 18:53:24.668901 10883 ImuError.cpp:650] gyr saturation
W20250111 18:53:24.668910 10883 ImuError.cpp:650] gyr saturation
W20250111 18:53:24.668916 10883 ImuError.cpp:650] gyr saturation
W20250111 18:53:24.668920 10883 ImuError.cpp:650] gyr saturation
W20250111 18:53:24.668926 10883 ImuError.cpp:650] gyr saturation
W20250111 18:53:24.668931 10883 ImuError.cpp:650] gyr saturation
W20250111 18:53:24.668936 10883 ImuError.cpp:650] gyr saturation
W20250111 18:53:24.668942 10883 ImuError.cpp:650] gyr saturation
W20250111 18:53:24.668948 10883 ImuError.cpp:650] gyr saturation
W20250111 18:53:24.668951 10883 ImuError.cpp:650] gyr saturation
W20250111 18:53:24.668956 10883 ImuError.cpp:650] gyr saturation
W20250111 18:53:24.668962 10883 ImuError.cpp:650] gyr saturation
W20250111 18:53:24.668967 10883 ImuError.cpp:650] gyr saturation
W20250111 18:53:24.668970 10883 ImuError.cpp:650] gyr saturation
W20250111 18:53:24.668975 10883 ImuError.cpp:650] gyr saturation
W20250111 18:53:24.668979 10883 ImuError.cpp:650] gyr saturation
W20250111 18:53:24.668984 10883 ImuError.cpp:650] gyr saturation
W20250111 18:53:24.668992 10883 ImuError.cpp:650] gyr saturation
W20250111 18:53:24.668998 10883 ImuError.cpp:650] gyr saturation
W20250111 18:53:24.669003 10883 ImuError.cpp:650] gyr saturation
W20250111 18:53:24.669006 10883 ImuError.cpp:650] gyr saturation
W20250111 18:53:24.669011 10883 ImuError.cpp:650] gyr saturation
W20250111 18:53:24.669016 10883 ImuError.cpp:650] gyr saturation
W20250111 18:53:24.669021 10883 ImuError.cpp:650] gyr saturation
W20250111 18:53:24.669027 10883 ImuError.cpp:650] gyr saturation
W20250111 18:53:24.669031 10883 ImuError.cpp:650] gyr saturation
W20250111 18:53:24.669035 10883 ImuError.cpp:650] gyr saturation
W20250111 18:53:24.669041 10883 ImuError.cpp:650] gyr saturation
W20250111 18:53:24.677166 226517 ViSlamBackend.cpp:466] TRACKING FAILURE: quality=0
W20250111 18:53:24.678869 10883 ImuError.cpp:650] gyr saturation
W20250111 18:53:24.678887 10883 ImuError.cpp:650] gyr saturation
W20250111 18:53:24.678894 10883 ImuError.cpp:650] gyr saturation
W20250111 18:53:24.678898 10883 ImuError.cpp:650] gyr saturation
W20250111 18:53:24.678903 10883 ImuError.cpp:650] gyr saturation
W20250111 18:53:24.678907 10883 ImuError.cpp:650] gyr saturation
W20250111 18:53:24.678912 10883 ImuError.cpp:650] gyr saturation
W20250111 18:53:24.678916 10883 ImuError.cpp:650] gyr saturation
W20250111 18:53:24.678921 10883 ImuError.cpp:650] gyr saturation
W20250111 18:53:24.678925 10883 ImuError.cpp:650] gyr saturation
W20250111 18:53:24.678929 10883 ImuError.cpp:650] gyr saturation
W20250111 18:53:24.678933 10883 ImuError.cpp:650] gyr saturation
W20250111 18:53:24.678938 10883 ImuError.cpp:650] gyr saturation
W20250111 18:53:24.678942 10883 ImuError.cpp:650] gyr saturation
W20250111 18:53:24.678946 10883 ImuError.cpp:650] gyr saturation
W20250111 18:53:24.678951 10883 ImuError.cpp:650] gyr saturation
W20250111 18:53:24.678961 10883 ImuError.cpp:650] gyr saturation
W20250111 18:53:24.678965 10883 ImuError.cpp:650] gyr saturation
W20250111 18:53:24.678972 10883 ImuError.cpp:650] gyr saturation
W20250111 18:53:24.678975 10883 ImuError.cpp:650] gyr saturation
W20250111 18:53:24.678980 10883 ImuError.cpp:650] gyr saturation
W20250111 18:53:24.678985 10883 ImuError.cpp:650] gyr saturation
W20250111 18:53:24.678992 10883 ImuError.cpp:650] gyr saturation
W20250111 18:53:24.678997 10883 ImuError.cpp:650] gyr saturation
W20250111 18:53:24.679000 10883 ImuError.cpp:650] gyr saturation
W20250111 18:53:24.679004 10883 ImuError.cpp:650] gyr saturation
W20250111 18:53:24.679008 10883 ImuError.cpp:650] gyr saturation
W20250111 18:53:24.679013 10883 ImuError.cpp:650] gyr saturation
W20250111 18:53:24.679018 10883 ImuError.cpp:650] gyr saturation
W20250111 18:53:24.679021 10883 ImuError.cpp:650] gyr saturation
W20250111 18:53:24.679025 10883 ImuError.cpp:650] gyr saturation
W20250111 18:53:24.679029 10883 ImuError.cpp:650] gyr saturation
W20250111 18:53:24.679033 10883 ImuError.cpp:650] gyr saturation
W20250111 18:53:24.679037 10883 ImuError.cpp:650] gyr saturation
W20250111 18:53:24.679193 10883 ImuError.cpp:650] gyr saturation
W20250111 18:53:24.679198 10883 ImuError.cpp:650] gyr saturation
W20250111 18:53:24.679201 10883 ImuError.cpp:650] gyr saturation
W20250111 18:53:24.679206 10883 ImuError.cpp:650] gyr saturation
W20250111 18:53:24.679210 10883 ImuError.cpp:650] gyr saturation
W20250111 18:53:24.679214 10883 ImuError.cpp:650] gyr saturation
W20250111 18:53:24.679219 10883 ImuError.cpp:650] gyr saturation
W20250111 18:53:24.679222 10883 ImuError.cpp:650] gyr saturation
W20250111 18:53:24.679226 10883 ImuError.cpp:650] gyr saturation
W20250111 18:53:24.679231 10883 ImuError.cpp:650] gyr saturation
W20250111 18:53:24.679234 10883 ImuError.cpp:650] gyr saturation
W20250111 18:53:24.679239 10883 ImuError.cpp:650] gyr saturation
W20250111 18:53:24.679242 10883 ImuError.cpp:650] gyr saturation
W20250111 18:53:24.679245 10883 ImuError.cpp:650] gyr saturation
W20250111 18:53:24.679250 10883 ImuError.cpp:650] gyr saturation
W20250111 18:53:24.679253 10883 ImuError.cpp:650] gyr saturation
W20250111 18:53:24.679258 10883 ImuError.cpp:650] gyr saturation
W20250111 18:53:24.679263 10883 ImuError.cpp:650] gyr saturation
W20250111 18:53:24.679266 10883 ImuError.cpp:650] gyr saturation
W20250111 18:53:24.679270 10883 ImuError.cpp:650] gyr saturation
W20250111 18:53:24.679275 10883 ImuError.cpp:650] gyr saturation
W20250111 18:53:24.679277 10883 ImuError.cpp:650] gyr saturation
W20250111 18:53:24.679282 10883 ImuError.cpp:650] gyr saturation
W20250111 18:53:24.679286 10883 ImuError.cpp:650] gyr saturation
W20250111 18:53:24.679289 10883 ImuError.cpp:650] gyr saturation
W20250111 18:53:24.679294 10883 ImuError.cpp:650] gyr saturation
W20250111 18:53:24.679299 10883 ImuError.cpp:650] gyr saturation
W20250111 18:53:24.679304 10883 ImuError.cpp:650] gyr saturation
W20250111 18:53:24.679307 10883 ImuError.cpp:650] gyr saturation
W20250111 18:53:24.679311 10883 ImuError.cpp:650] gyr saturation
W20250111 18:53:24.679315 10883 ImuError.cpp:650] gyr saturation
W20250111 18:53:24.679319 10883 ImuError.cpp:650] gyr saturation
W20250111 18:53:24.679322 10883 ImuError.cpp:650] gyr saturation
W20250111 18:53:24.679327 10883 ImuError.cpp:650] gyr saturation
W20250111 18:53:24.681061 10883 ImuError.cpp:368] gyr saturation
W20250111 18:53:24.681089 10883 ImuError.cpp:368] gyr saturation
W20250111 18:53:24.681099 10883 ImuError.cpp:368] gyr saturation
W20250111 18:53:24.681108 10883 ImuError.cpp:368] gyr saturation
W20250111 18:53:24.681118 10883 ImuError.cpp:368] gyr saturation
W20250111 18:53:24.681128 10883 ImuError.cpp:368] gyr saturation
W20250111 18:53:24.681136 10883 ImuError.cpp:368] gyr saturation
W20250111 18:53:24.681145 10883 ImuError.cpp:368] gyr saturation
W20250111 18:53:24.681154 10883 ImuError.cpp:368] gyr saturation
W20250111 18:53:24.681162 10883 ImuError.cpp:368] gyr saturation
W20250111 18:53:24.681172 10883 ImuError.cpp:368] gyr saturation
W20250111 18:53:24.681186 10883 ImuError.cpp:368] gyr saturation
W20250111 18:53:24.681196 10883 ImuError.cpp:368] gyr saturation
W20250111 18:53:24.681205 10883 ImuError.cpp:368] gyr saturation
W20250111 18:53:24.681214 10883 ImuError.cpp:368] gyr saturation
W20250111 18:53:24.681223 10883 ImuError.cpp:368] gyr saturation
W20250111 18:53:24.681231 10883 ImuError.cpp:368] gyr saturation
W20250111 18:53:24.681241 10883 ImuError.cpp:368] gyr saturation
W20250111 18:53:24.681248 10883 ImuError.cpp:368] gyr saturation
W20250111 18:53:24.681258 10883 ImuError.cpp:368] gyr saturation
W20250111 18:53:24.681267 10883 ImuError.cpp:368] gyr saturation
W20250111 18:53:24.681275 10883 ImuError.cpp:368] gyr saturation
W20250111 18:53:24.681285 10883 ImuError.cpp:368] gyr saturation
W20250111 18:53:24.681294 10883 ImuError.cpp:368] gyr saturation
W20250111 18:53:24.681303 10883 ImuError.cpp:368] gyr saturation
W20250111 18:53:24.681311 10883 ImuError.cpp:368] gyr saturation
W20250111 18:53:24.681320 10883 ImuError.cpp:368] gyr saturation
W20250111 18:53:24.681329 10883 ImuError.cpp:368] gyr saturation
W20250111 18:53:24.681337 10883 ImuError.cpp:368] gyr saturation
W20250111 18:53:24.681346 10883 ImuError.cpp:368] gyr saturation
W20250111 18:53:24.681355 10883 ImuError.cpp:368] gyr saturation
W20250111 18:53:24.681365 10883 ImuError.cpp:368] gyr saturation
W20250111 18:53:24.681375 10883 ImuError.cpp:368] gyr saturation
W20250111 18:53:24.681385 10883 ImuError.cpp:368] gyr saturation
W20250111 18:53:24.683123 10883 Frontend.cpp:612] 3d2d tracking weak: quality=0. Number of 3d2d-matches: 3
W20250111 18:53:24.684244 10883 ImuError.cpp:650] gyr saturation
W20250111 18:53:24.684258 10883 ImuError.cpp:650] gyr saturation
W20250111 18:53:24.684262 10883 ImuError.cpp:650] gyr saturation
W20250111 18:53:24.684267 10883 ImuError.cpp:650] gyr saturation
W20250111 18:53:24.684270 10883 ImuError.cpp:650] gyr saturation
W20250111 18:53:24.684274 10883 ImuError.cpp:650] gyr saturation
W20250111 18:53:24.684278 10883 ImuError.cpp:650] gyr saturation
W20250111 18:53:24.684281 10883 ImuError.cpp:650] gyr saturation
W20250111 18:53:24.684285 10883 ImuError.cpp:650] gyr saturation
W20250111 18:53:24.684288 10883 ImuError.cpp:650] gyr saturation
W20250111 18:53:24.684298 10883 ImuError.cpp:650] gyr saturation
W20250111 18:53:24.684302 10883 ImuError.cpp:650] gyr saturation
W20250111 18:53:24.684307 10883 ImuError.cpp:650] gyr saturation
W20250111 18:53:24.684311 10883 ImuError.cpp:650] gyr saturation
W20250111 18:53:24.684319 10883 ImuError.cpp:650] gyr saturation
W20250111 18:53:24.684324 10883 ImuError.cpp:650] gyr saturation
W20250111 18:53:24.684329 10883 ImuError.cpp:650] gyr saturation
W20250111 18:53:24.684334 10883 ImuError.cpp:650] gyr saturation
W20250111 18:53:24.684340 10883 ImuError.cpp:650] gyr saturation
W20250111 18:53:24.684345 10883 ImuError.cpp:650] gyr saturation
W20250111 18:53:24.684350 10883 ImuError.cpp:650] gyr saturation
W20250111 18:53:24.684355 10883 ImuError.cpp:650] gyr saturation
W20250111 18:53:24.684360 10883 ImuError.cpp:650] gyr saturation
W20250111 18:53:24.684365 10883 ImuError.cpp:650] gyr saturation
W20250111 18:53:24.684370 10883 ImuError.cpp:650] gyr saturation
W20250111 18:53:24.684376 10883 ImuError.cpp:650] gyr saturation
W20250111 18:53:24.684381 10883 ImuError.cpp:650] gyr saturation
W20250111 18:53:24.684386 10883 ImuError.cpp:650] gyr saturation
W20250111 18:53:24.684389 10883 ImuError.cpp:650] gyr saturation
W20250111 18:53:24.684394 10883 ImuError.cpp:650] gyr saturation
W20250111 18:53:24.684401 10883 ImuError.cpp:650] gyr saturation
W20250111 18:53:24.684405 10883 ImuError.cpp:650] gyr saturation
W20250111 18:53:24.684410 10883 ImuError.cpp:650] gyr saturation
W20250111 18:53:24.684415 10883 ImuError.cpp:650] gyr saturation
W20250111 18:53:24.684420 10883 ImuError.cpp:650] gyr saturation
W20250111 18:53:24.684425 10883 ImuError.cpp:650] gyr saturation
W20250111 18:53:24.684430 10883 ImuError.cpp:650] gyr saturation
W20250111 18:53:24.684435 10883 ImuError.cpp:650] gyr saturation
W20250111 18:53:24.684443 10883 ImuError.cpp:650] gyr saturation
W20250111 18:53:24.684449 10883 ImuError.cpp:650] gyr saturation
W20250111 18:53:24.684454 10883 ImuError.cpp:650] gyr saturation
W20250111 18:53:24.684459 10883 ImuError.cpp:650] gyr saturation
W20250111 18:53:24.684464 10883 ImuError.cpp:650] gyr saturation
W20250111 18:53:24.684468 10883 ImuError.cpp:650] gyr saturation
W20250111 18:53:24.684473 10883 ImuError.cpp:650] gyr saturation
W20250111 18:53:24.684476 10883 ImuError.cpp:650] gyr saturation
W20250111 18:53:24.684479 10883 ImuError.cpp:650] gyr saturation
W20250111 18:53:24.684484 10883 ImuError.cpp:650] gyr saturation
W20250111 18:53:24.684489 10883 ImuError.cpp:650] gyr saturation
W20250111 18:53:24.684494 10883 ImuError.cpp:650] gyr saturation
W20250111 18:53:24.684499 10883 ImuError.cpp:650] gyr saturation
W20250111 18:53:24.684504 10883 ImuError.cpp:650] gyr saturation
W20250111 18:53:24.684509 10883 ImuError.cpp:650] gyr saturation
W20250111 18:53:24.684512 10883 ImuError.cpp:650] gyr saturation
W20250111 18:53:24.684516 10883 ImuError.cpp:650] gyr saturation
W20250111 18:53:24.684520 10883 ImuError.cpp:650] gyr saturation
W20250111 18:53:24.684525 10883 ImuError.cpp:650] gyr saturation
W20250111 18:53:24.684530 10883 ImuError.cpp:650] gyr saturation
W20250111 18:53:24.684533 10883 ImuError.cpp:650] gyr saturation
W20250111 18:53:24.684537 10883 ImuError.cpp:650] gyr saturation
W20250111 18:53:24.684542 10883 ImuError.cpp:650] gyr saturation
W20250111 18:53:24.684546 10883 ImuError.cpp:650] gyr saturation
W20250111 18:53:24.684552 10883 ImuError.cpp:650] gyr saturation
W20250111 18:53:24.684556 10883 ImuError.cpp:650] gyr saturation
W20250111 18:53:24.684561 10883 ImuError.cpp:650] gyr saturation
W20250111 18:53:24.684566 10883 ImuError.cpp:650] gyr saturation
W20250111 18:53:24.684571 10883 ImuError.cpp:650] gyr saturation
W20250111 18:53:24.684574 10883 ImuError.cpp:650] gyr saturation
W20250111 18:53:24.696316 226575 ViSlamBackend.cpp:466] TRACKING FAILURE: quality=0
W20250111 18:53:24.697075 10883 ImuError.cpp:650] gyr saturation
W20250111 18:53:24.697086 10883 ImuError.cpp:650] gyr saturation
W20250111 18:53:24.697090 10883 ImuError.cpp:650] gyr saturation
W20250111 18:53:24.697096 10883 ImuError.cpp:650] gyr saturation
W20250111 18:53:24.697103 10883 ImuError.cpp:650] gyr saturation
W20250111 18:53:24.697105 10883 ImuError.cpp:650] gyr saturation
W20250111 18:53:24.697109 10883 ImuError.cpp:650] gyr saturation
W20250111 18:53:24.697113 10883 ImuError.cpp:650] gyr saturation
W20250111 18:53:24.697115 10883 ImuError.cpp:650] gyr saturation
W20250111 18:53:24.697119 10883 ImuError.cpp:650] gyr saturation
W20250111 18:53:24.697124 10883 ImuError.cpp:650] gyr saturation
W20250111 18:53:24.697127 10883 ImuError.cpp:650] gyr saturation
W20250111 18:53:24.697134 10883 ImuError.cpp:650] gyr saturation
W20250111 18:53:24.697139 10883 ImuError.cpp:650] gyr saturation
W20250111 18:53:24.697144 10883 ImuError.cpp:650] gyr saturation
W20250111 18:53:24.697149 10883 ImuError.cpp:650] gyr saturation
W20250111 18:53:24.697152 10883 ImuError.cpp:650] gyr saturation
W20250111 18:53:24.697156 10883 ImuError.cpp:650] gyr saturation
W20250111 18:53:24.697160 10883 ImuError.cpp:650] gyr saturation
W20250111 18:53:24.697165 10883 ImuError.cpp:650] gyr saturation
W20250111 18:53:24.697170 10883 ImuError.cpp:650] gyr saturation
W20250111 18:53:24.697175 10883 ImuError.cpp:650] gyr saturation
W20250111 18:53:24.697180 10883 ImuError.cpp:650] gyr saturation
W20250111 18:53:24.697183 10883 ImuError.cpp:650] gyr saturation
W20250111 18:53:24.697188 10883 ImuError.cpp:650] gyr saturation
W20250111 18:53:24.697191 10883 ImuError.cpp:650] gyr saturation
W20250111 18:53:24.697197 10883 ImuError.cpp:650] gyr saturation
W20250111 18:53:24.697201 10883 ImuError.cpp:650] gyr saturation
W20250111 18:53:24.697206 10883 ImuError.cpp:650] gyr saturation
W20250111 18:53:24.697208 10883 ImuError.cpp:650] gyr saturation
W20250111 18:53:24.697212 10883 ImuError.cpp:650] gyr saturation
W20250111 18:53:24.697216 10883 ImuError.cpp:650] gyr saturation
W20250111 18:53:24.697224 10883 ImuError.cpp:650] gyr saturation
W20250111 18:53:24.697229 10883 ImuError.cpp:650] gyr saturation
W20250111 18:53:24.697234 10883 ImuError.cpp:650] gyr saturation
W20250111 18:53:24.697283 10883 ImuError.cpp:650] gyr saturation
W20250111 18:53:24.697286 10883 ImuError.cpp:650] gyr saturation
W20250111 18:53:24.697290 10883 ImuError.cpp:650] gyr saturation
W20250111 18:53:24.697296 10883 ImuError.cpp:650] gyr saturation
W20250111 18:53:24.697301 10883 ImuError.cpp:650] gyr saturation
W20250111 18:53:24.697305 10883 ImuError.cpp:650] gyr saturation
W20250111 18:53:24.697309 10883 ImuError.cpp:650] gyr saturation
W20250111 18:53:24.697314 10883 ImuError.cpp:650] gyr saturation
W20250111 18:53:24.697319 10883 ImuError.cpp:650] gyr saturation
W20250111 18:53:24.697322 10883 ImuError.cpp:650] gyr saturation
W20250111 18:53:24.697326 10883 ImuError.cpp:650] gyr saturation
W20250111 18:53:24.697332 10883 ImuError.cpp:650] gyr saturation
W20250111 18:53:24.697336 10883 ImuError.cpp:650] gyr saturation
W20250111 18:53:24.697340 10883 ImuError.cpp:650] gyr saturation
W20250111 18:53:24.697343 10883 ImuError.cpp:650] gyr saturation
W20250111 18:53:24.697347 10883 ImuError.cpp:650] gyr saturation
W20250111 18:53:24.697352 10883 ImuError.cpp:650] gyr saturation
W20250111 18:53:24.697355 10883 ImuError.cpp:650] gyr saturation
W20250111 18:53:24.697360 10883 ImuError.cpp:650] gyr saturation
W20250111 18:53:24.697363 10883 ImuError.cpp:650] gyr saturation
W20250111 18:53:24.697366 10883 ImuError.cpp:650] gyr saturation
W20250111 18:53:24.697372 10883 ImuError.cpp:650] gyr saturation
W20250111 18:53:24.697377 10883 ImuError.cpp:650] gyr saturation
W20250111 18:53:24.697381 10883 ImuError.cpp:650] gyr saturation
W20250111 18:53:24.697387 10883 ImuError.cpp:650] gyr saturation
W20250111 18:53:24.697391 10883 ImuError.cpp:650] gyr saturation
W20250111 18:53:24.697394 10883 ImuError.cpp:650] gyr saturation
W20250111 18:53:24.697399 10883 ImuError.cpp:650] gyr saturation
W20250111 18:53:24.697403 10883 ImuError.cpp:650] gyr saturation
W20250111 18:53:24.697407 10883 ImuError.cpp:650] gyr saturation
W20250111 18:53:24.697412 10883 ImuError.cpp:650] gyr saturation
W20250111 18:53:24.697417 10883 ImuError.cpp:650] gyr saturation
W20250111 18:53:24.697420 10883 ImuError.cpp:650] gyr saturation
W20250111 18:53:24.697424 10883 ImuError.cpp:650] gyr saturation
W20250111 18:53:24.697429 10883 ImuError.cpp:650] gyr saturation
W20250111 18:53:24.699028 10883 ImuError.cpp:368] gyr saturation
W20250111 18:53:24.699059 10883 ImuError.cpp:368] gyr saturation
W20250111 18:53:24.699069 10883 ImuError.cpp:368] gyr saturation
W20250111 18:53:24.699080 10883 ImuError.cpp:368] gyr saturation
W20250111 18:53:24.699090 10883 ImuError.cpp:368] gyr saturation
W20250111 18:53:24.699100 10883 ImuError.cpp:368] gyr saturation
W20250111 18:53:24.699110 10883 ImuError.cpp:368] gyr saturation
W20250111 18:53:24.699118 10883 ImuError.cpp:368] gyr saturation
W20250111 18:53:24.699128 10883 ImuError.cpp:368] gyr saturation
W20250111 18:53:24.699137 10883 ImuError.cpp:368] gyr saturation
W20250111 18:53:24.699147 10883 ImuError.cpp:368] gyr saturation
W20250111 18:53:24.699157 10883 ImuError.cpp:368] gyr saturation
W20250111 18:53:24.699167 10883 ImuError.cpp:368] gyr saturation
W20250111 18:53:24.699175 10883 ImuError.cpp:368] gyr saturation
W20250111 18:53:24.699184 10883 ImuError.cpp:368] gyr saturation
W20250111 18:53:24.699193 10883 ImuError.cpp:368] gyr saturation
W20250111 18:53:24.699203 10883 ImuError.cpp:368] gyr saturation
W20250111 18:53:24.699213 10883 ImuError.cpp:368] gyr saturation
W20250111 18:53:24.699220 10883 ImuError.cpp:368] gyr saturation
W20250111 18:53:24.699229 10883 ImuError.cpp:368] gyr saturation
W20250111 18:53:24.699239 10883 ImuError.cpp:368] gyr saturation
W20250111 18:53:24.699247 10883 ImuError.cpp:368] gyr saturation
W20250111 18:53:24.699256 10883 ImuError.cpp:368] gyr saturation
W20250111 18:53:24.699265 10883 ImuError.cpp:368] gyr saturation
W20250111 18:53:24.699275 10883 ImuError.cpp:368] gyr saturation
W20250111 18:53:24.699290 10883 ImuError.cpp:368] gyr saturation
W20250111 18:53:24.699299 10883 ImuError.cpp:368] gyr saturation
W20250111 18:53:24.699308 10883 ImuError.cpp:368] gyr saturation
W20250111 18:53:24.699317 10883 ImuError.cpp:368] gyr saturation
W20250111 18:53:24.699326 10883 ImuError.cpp:368] gyr saturation
W20250111 18:53:24.699335 10883 ImuError.cpp:368] gyr saturation
W20250111 18:53:24.699344 10883 ImuError.cpp:368] gyr saturation
W20250111 18:53:24.699354 10883 ImuError.cpp:368] gyr saturation
W20250111 18:53:24.699363 10883 ImuError.cpp:368] gyr saturation
W20250111 18:53:24.699373 10883 ImuError.cpp:368] gyr saturation
W20250111 18:53:24.701195 10883 Frontend.cpp:612] 3d2d tracking weak: quality=0. Number of 3d2d-matches: 4
W20250111 18:53:24.702240 10883 ImuError.cpp:650] gyr saturation
W20250111 18:53:24.702252 10883 ImuError.cpp:650] gyr saturation
W20250111 18:53:24.702256 10883 ImuError.cpp:650] gyr saturation
W20250111 18:53:24.702260 10883 ImuError.cpp:650] gyr saturation
W20250111 18:53:24.702265 10883 ImuError.cpp:650] gyr saturation
W20250111 18:53:24.702268 10883 ImuError.cpp:650] gyr saturation
W20250111 18:53:24.702272 10883 ImuError.cpp:650] gyr saturation
W20250111 18:53:24.702277 10883 ImuError.cpp:650] gyr saturation
W20250111 18:53:24.702283 10883 ImuError.cpp:650] gyr saturation
W20250111 18:53:24.702287 10883 ImuError.cpp:650] gyr saturation
W20250111 18:53:24.702291 10883 ImuError.cpp:650] gyr saturation
W20250111 18:53:24.702296 10883 ImuError.cpp:650] gyr saturation
W20250111 18:53:24.702299 10883 ImuError.cpp:650] gyr saturation
W20250111 18:53:24.702303 10883 ImuError.cpp:650] gyr saturation
W20250111 18:53:24.702307 10883 ImuError.cpp:650] gyr saturation
W20250111 18:53:24.702313 10883 ImuError.cpp:650] gyr saturation
W20250111 18:53:24.702317 10883 ImuError.cpp:650] gyr saturation
W20250111 18:53:24.702322 10883 ImuError.cpp:650] gyr saturation
W20250111 18:53:24.702327 10883 ImuError.cpp:650] gyr saturation
W20250111 18:53:24.702329 10883 ImuError.cpp:650] gyr saturation
W20250111 18:53:24.702334 10883 ImuError.cpp:650] gyr saturation
W20250111 18:53:24.702338 10883 ImuError.cpp:650] gyr saturation
W20250111 18:53:24.702342 10883 ImuError.cpp:650] gyr saturation
W20250111 18:53:24.702350 10883 ImuError.cpp:650] gyr saturation
W20250111 18:53:24.702356 10883 ImuError.cpp:650] gyr saturation
W20250111 18:53:24.702360 10883 ImuError.cpp:650] gyr saturation
W20250111 18:53:24.702364 10883 ImuError.cpp:650] gyr saturation
W20250111 18:53:24.702369 10883 ImuError.cpp:650] gyr saturation
W20250111 18:53:24.702373 10883 ImuError.cpp:650] gyr saturation
W20250111 18:53:24.702378 10883 ImuError.cpp:650] gyr saturation
W20250111 18:53:24.702382 10883 ImuError.cpp:650] gyr saturation
W20250111 18:53:24.702387 10883 ImuError.cpp:650] gyr saturation
W20250111 18:53:24.702390 10883 ImuError.cpp:650] gyr saturation
W20250111 18:53:24.702394 10883 ImuError.cpp:650] gyr saturation
W20250111 18:53:24.702400 10883 ImuError.cpp:650] gyr saturation
W20250111 18:53:24.702404 10883 ImuError.cpp:650] gyr saturation
W20250111 18:53:24.702407 10883 ImuError.cpp:650] gyr saturation
W20250111 18:53:24.702414 10883 ImuError.cpp:650] gyr saturation
W20250111 18:53:24.702417 10883 ImuError.cpp:650] gyr saturation
W20250111 18:53:24.702421 10883 ImuError.cpp:650] gyr saturation
W20250111 18:53:24.702426 10883 ImuError.cpp:650] gyr saturation
W20250111 18:53:24.702430 10883 ImuError.cpp:650] gyr saturation
W20250111 18:53:24.702435 10883 ImuError.cpp:650] gyr saturation
W20250111 18:53:24.702440 10883 ImuError.cpp:650] gyr saturation
W20250111 18:53:24.702443 10883 ImuError.cpp:650] gyr saturation
W20250111 18:53:24.702447 10883 ImuError.cpp:650] gyr saturation
W20250111 18:53:24.702452 10883 ImuError.cpp:650] gyr saturation
W20250111 18:53:24.702456 10883 ImuError.cpp:650] gyr saturation
W20250111 18:53:24.702461 10883 ImuError.cpp:650] gyr saturation
W20250111 18:53:24.702466 10883 ImuError.cpp:650] gyr saturation
W20250111 18:53:24.702469 10883 ImuError.cpp:650] gyr saturation
W20250111 18:53:24.702474 10883 ImuError.cpp:650] gyr saturation
W20250111 18:53:24.702481 10883 ImuError.cpp:650] gyr saturation
W20250111 18:53:24.702486 10883 ImuError.cpp:650] gyr saturation
W20250111 18:53:24.702490 10883 ImuError.cpp:650] gyr saturation
W20250111 18:53:24.702495 10883 ImuError.cpp:650] gyr saturation
W20250111 18:53:24.702499 10883 ImuError.cpp:650] gyr saturation
W20250111 18:53:24.702503 10883 ImuError.cpp:650] gyr saturation
W20250111 18:53:24.702508 10883 ImuError.cpp:650] gyr saturation
W20250111 18:53:24.702512 10883 ImuError.cpp:650] gyr saturation
W20250111 18:53:24.702517 10883 ImuError.cpp:650] gyr saturation
W20250111 18:53:24.702520 10883 ImuError.cpp:650] gyr saturation
W20250111 18:53:24.702524 10883 ImuError.cpp:650] gyr saturation
W20250111 18:53:24.702531 10883 ImuError.cpp:650] gyr saturation
W20250111 18:53:24.702535 10883 ImuError.cpp:650] gyr saturation
W20250111 18:53:24.716727 226625 ViSlamBackend.cpp:466] TRACKING FAILURE: quality=0
W20250111 18:53:24.717694 10883 ImuError.cpp:650] gyr saturation
W20250111 18:53:24.717713 10883 ImuError.cpp:650] gyr saturation
W20250111 18:53:24.717716 10883 ImuError.cpp:650] gyr saturation
W20250111 18:53:24.717720 10883 ImuError.cpp:650] gyr saturation
W20250111 18:53:24.717722 10883 ImuError.cpp:650] gyr saturation
W20250111 18:53:24.717728 10883 ImuError.cpp:650] gyr saturation
W20250111 18:53:24.717732 10883 ImuError.cpp:650] gyr saturation
W20250111 18:53:24.717742 10883 ImuError.cpp:650] gyr saturation
W20250111 18:53:24.717747 10883 ImuError.cpp:650] gyr saturation
W20250111 18:53:24.717756 10883 ImuError.cpp:650] gyr saturation
W20250111 18:53:24.717761 10883 ImuError.cpp:650] gyr saturation
W20250111 18:53:24.717764 10883 ImuError.cpp:650] gyr saturation
W20250111 18:53:24.717768 10883 ImuError.cpp:650] gyr saturation
W20250111 18:53:24.717772 10883 ImuError.cpp:650] gyr saturation
W20250111 18:53:24.717777 10883 ImuError.cpp:650] gyr saturation
W20250111 18:53:24.717782 10883 ImuError.cpp:650] gyr saturation
W20250111 18:53:24.717785 10883 ImuError.cpp:650] gyr saturation
W20250111 18:53:24.717792 10883 ImuError.cpp:650] gyr saturation
W20250111 18:53:24.717797 10883 ImuError.cpp:650] gyr saturation
W20250111 18:53:24.717803 10883 ImuError.cpp:650] gyr saturation
W20250111 18:53:24.717808 10883 ImuError.cpp:650] gyr saturation
W20250111 18:53:24.717813 10883 ImuError.cpp:650] gyr saturation
W20250111 18:53:24.717818 10883 ImuError.cpp:650] gyr saturation
W20250111 18:53:24.717826 10883 ImuError.cpp:650] gyr saturation
W20250111 18:53:24.717830 10883 ImuError.cpp:650] gyr saturation
W20250111 18:53:24.717834 10883 ImuError.cpp:650] gyr saturation
W20250111 18:53:24.717839 10883 ImuError.cpp:650] gyr saturation
W20250111 18:53:24.717844 10883 ImuError.cpp:650] gyr saturation
W20250111 18:53:24.717849 10883 ImuError.cpp:650] gyr saturation
W20250111 18:53:24.717855 10883 ImuError.cpp:650] gyr saturation
W20250111 18:53:24.717860 10883 ImuError.cpp:650] gyr saturation
W20250111 18:53:24.717970 10883 ImuError.cpp:650] gyr saturation
W20250111 18:53:24.717975 10883 ImuError.cpp:650] gyr saturation
W20250111 18:53:24.717978 10883 ImuError.cpp:650] gyr saturation
W20250111 18:53:24.717983 10883 ImuError.cpp:650] gyr saturation
W20250111 18:53:24.717986 10883 ImuError.cpp:650] gyr saturation
W20250111 18:53:24.717990 10883 ImuError.cpp:650] gyr saturation
W20250111 18:53:24.717993 10883 ImuError.cpp:650] gyr saturation
W20250111 18:53:24.717998 10883 ImuError.cpp:650] gyr saturation
W20250111 18:53:24.718001 10883 ImuError.cpp:650] gyr saturation
W20250111 18:53:24.718004 10883 ImuError.cpp:650] gyr saturation
W20250111 18:53:24.718008 10883 ImuError.cpp:650] gyr saturation
W20250111 18:53:24.718012 10883 ImuError.cpp:650] gyr saturation
W20250111 18:53:24.718016 10883 ImuError.cpp:650] gyr saturation
W20250111 18:53:24.718020 10883 ImuError.cpp:650] gyr saturation
W20250111 18:53:24.718024 10883 ImuError.cpp:650] gyr saturation
W20250111 18:53:24.718027 10883 ImuError.cpp:650] gyr saturation
W20250111 18:53:24.718032 10883 ImuError.cpp:650] gyr saturation
W20250111 18:53:24.718039 10883 ImuError.cpp:650] gyr saturation
W20250111 18:53:24.718043 10883 ImuError.cpp:650] gyr saturation
W20250111 18:53:24.718047 10883 ImuError.cpp:650] gyr saturation
W20250111 18:53:24.718051 10883 ImuError.cpp:650] gyr saturation
W20250111 18:53:24.718055 10883 ImuError.cpp:650] gyr saturation
W20250111 18:53:24.718058 10883 ImuError.cpp:650] gyr saturation
W20250111 18:53:24.718062 10883 ImuError.cpp:650] gyr saturation
W20250111 18:53:24.718066 10883 ImuError.cpp:650] gyr saturation
W20250111 18:53:24.718071 10883 ImuError.cpp:650] gyr saturation
W20250111 18:53:24.718075 10883 ImuError.cpp:650] gyr saturation
W20250111 18:53:24.718078 10883 ImuError.cpp:650] gyr saturation
W20250111 18:53:24.718082 10883 ImuError.cpp:650] gyr saturation
W20250111 18:53:24.718087 10883 ImuError.cpp:650] gyr saturation
W20250111 18:53:24.718091 10883 ImuError.cpp:650] gyr saturation
W20250111 18:53:24.718605 10883 Frontend.cpp:615] 3d2d tracking lost. Number of 3d2d-matches: 2
W20250111 18:53:24.719282 10883 ImuError.cpp:650] gyr saturation
W20250111 18:53:24.719293 10883 ImuError.cpp:650] gyr saturation
W20250111 18:53:24.719297 10883 ImuError.cpp:650] gyr saturation
W20250111 18:53:24.719300 10883 ImuError.cpp:650] gyr saturation
W20250111 18:53:24.719305 10883 ImuError.cpp:650] gyr saturation
W20250111 18:53:24.719308 10883 ImuError.cpp:650] gyr saturation
W20250111 18:53:24.719312 10883 ImuError.cpp:650] gyr saturation
W20250111 18:53:24.719316 10883 ImuError.cpp:650] gyr saturation
W20250111 18:53:24.719321 10883 ImuError.cpp:650] gyr saturation
W20250111 18:53:24.719324 10883 ImuError.cpp:650] gyr saturation
W20250111 18:53:24.719328 10883 ImuError.cpp:650] gyr saturation
W20250111 18:53:24.719332 10883 ImuError.cpp:650] gyr saturation
W20250111 18:53:24.719336 10883 ImuError.cpp:650] gyr saturation
W20250111 18:53:24.719341 10883 ImuError.cpp:650] gyr saturation
W20250111 18:53:24.719345 10883 ImuError.cpp:650] gyr saturation
W20250111 18:53:24.719349 10883 ImuError.cpp:650] gyr saturation
W20250111 18:53:24.719352 10883 ImuError.cpp:650] gyr saturation
W20250111 18:53:24.719357 10883 ImuError.cpp:650] gyr saturation
W20250111 18:53:24.719360 10883 ImuError.cpp:650] gyr saturation
W20250111 18:53:24.719367 10883 ImuError.cpp:650] gyr saturation
W20250111 18:53:24.719372 10883 ImuError.cpp:650] gyr saturation
W20250111 18:53:24.719375 10883 ImuError.cpp:650] gyr saturation
W20250111 18:53:24.719380 10883 ImuError.cpp:650] gyr saturation
W20250111 18:53:24.719383 10883 ImuError.cpp:650] gyr saturation
W20250111 18:53:24.719388 10883 ImuError.cpp:650] gyr saturation
W20250111 18:53:24.719391 10883 ImuError.cpp:650] gyr saturation
W20250111 18:53:24.719395 10883 ImuError.cpp:650] gyr saturation
W20250111 18:53:24.719401 10883 ImuError.cpp:650] gyr saturation
W20250111 18:53:24.719405 10883 ImuError.cpp:650] gyr saturation
W20250111 18:53:24.719409 10883 ImuError.cpp:650] gyr saturation
W20250111 18:53:24.719414 10883 ImuError.cpp:650] gyr saturation
W20250111 18:53:24.721993 10898 ImuError.cpp:368] gyr saturation
W20250111 18:53:24.722064 10898 ImuError.cpp:368] gyr saturation
W20250111 18:53:24.722080 10898 ImuError.cpp:368] gyr saturation
W20250111 18:53:24.722092 10898 ImuError.cpp:368] gyr saturation
W20250111 18:53:24.722105 10898 ImuError.cpp:368] gyr saturation
W20250111 18:53:24.722116 10898 ImuError.cpp:368] gyr saturation
W20250111 18:53:24.722127 10898 ImuError.cpp:368] gyr saturation
W20250111 18:53:24.722141 10898 ImuError.cpp:368] gyr saturation
W20250111 18:53:24.722151 10898 ImuError.cpp:368] gyr saturation
W20250111 18:53:24.722163 10898 ImuError.cpp:368] gyr saturation
W20250111 18:53:24.722174 10898 ImuError.cpp:368] gyr saturation
W20250111 18:53:24.722185 10898 ImuError.cpp:368] gyr saturation
W20250111 18:53:24.722198 10898 ImuError.cpp:368] gyr saturation
W20250111 18:53:24.722208 10898 ImuError.cpp:368] gyr saturation
W20250111 18:53:24.722220 10898 ImuError.cpp:368] gyr saturation
W20250111 18:53:24.722231 10898 ImuError.cpp:368] gyr saturation
W20250111 18:53:24.722242 10898 ImuError.cpp:368] gyr saturation
W20250111 18:53:24.722265 10898 ImuError.cpp:368] gyr saturation
W20250111 18:53:24.722276 10898 ImuError.cpp:368] gyr saturation
W20250111 18:53:24.722288 10898 ImuError.cpp:368] gyr saturation
W20250111 18:53:24.722301 10898 ImuError.cpp:368] gyr saturation
W20250111 18:53:24.722312 10898 ImuError.cpp:368] gyr saturation
W20250111 18:53:24.722323 10898 ImuError.cpp:368] gyr saturation
W20250111 18:53:24.722335 10898 ImuError.cpp:368] gyr saturation
W20250111 18:53:24.722347 10898 ImuError.cpp:368] gyr saturation
W20250111 18:53:24.722358 10898 ImuError.cpp:368] gyr saturation
W20250111 18:53:24.722370 10898 ImuError.cpp:368] gyr saturation
W20250111 18:53:24.722381 10898 ImuError.cpp:368] gyr saturation
W20250111 18:53:24.722393 10898 ImuError.cpp:368] gyr saturation
W20250111 18:53:24.722405 10898 ImuError.cpp:368] gyr saturation
W20250111 18:53:24.722417 10898 ImuError.cpp:368] gyr saturation
W20250111 18:53:24.734385 226659 ViSlamBackend.cpp:466] TRACKING FAILURE: quality=0
W20250111 18:53:24.735939 10883 Frontend.cpp:615] 3d2d tracking lost. Number of 3d2d-matches: 1
W20250111 18:53:24.750648 226693 ViSlamBackend.cpp:466] TRACKING FAILURE: quality=0
W20250111 18:53:24.750844 226693 ImuError.cpp:165] gyr saturation
W20250111 18:53:24.750869 226693 ImuError.cpp:165] gyr saturation
W20250111 18:53:24.750882 226693 ImuError.cpp:165] gyr saturation
W20250111 18:53:24.750892 226693 ImuError.cpp:165] gyr saturation
W20250111 18:53:24.750903 226693 ImuError.cpp:165] gyr saturation
W20250111 18:53:24.750913 226693 ImuError.cpp:165] gyr saturation
W20250111 18:53:24.750924 226693 ImuError.cpp:165] gyr saturation
W20250111 18:53:24.750936 226693 ImuError.cpp:165] gyr saturation
W20250111 18:53:24.750945 226693 ImuError.cpp:165] gyr saturation
W20250111 18:53:24.750957 226693 ImuError.cpp:165] gyr saturation
W20250111 18:53:24.750967 226693 ImuError.cpp:165] gyr saturation
W20250111 18:53:24.750977 226693 ImuError.cpp:165] gyr saturation
W20250111 18:53:24.750988 226693 ImuError.cpp:165] gyr saturation
W20250111 18:53:24.750998 226693 ImuError.cpp:165] gyr saturation
W20250111 18:53:24.751009 226693 ImuError.cpp:165] gyr saturation
W20250111 18:53:24.751019 226693 ImuError.cpp:165] gyr saturation
W20250111 18:53:24.751041 226693 ImuError.cpp:165] gyr saturation
W20250111 18:53:24.751052 226693 ImuError.cpp:165] gyr saturation
W20250111 18:53:24.751063 226693 ImuError.cpp:165] gyr saturation
W20250111 18:53:24.751073 226693 ImuError.cpp:165] gyr saturation
W20250111 18:53:24.751084 226693 ImuError.cpp:165] gyr saturation
W20250111 18:53:24.751094 226693 ImuError.cpp:165] gyr saturation
W20250111 18:53:24.751104 226693 ImuError.cpp:165] gyr saturation
W20250111 18:53:24.751116 226693 ImuError.cpp:165] gyr saturation
W20250111 18:53:24.751125 226693 ImuError.cpp:165] gyr saturation
W20250111 18:53:24.751137 226693 ImuError.cpp:165] gyr saturation
W20250111 18:53:24.751147 226693 ImuError.cpp:165] gyr saturation
W20250111 18:53:24.751157 226693 ImuError.cpp:165] gyr saturation
W20250111 18:53:24.751168 226693 ImuError.cpp:165] gyr saturation
W20250111 18:53:24.751178 226693 ImuError.cpp:165] gyr saturation
W20250111 18:53:24.751188 226693 ImuError.cpp:165] gyr saturation
W20250111 18:53:24.751199 226693 ImuError.cpp:165] gyr saturation
W20250111 18:53:24.751209 226693 ImuError.cpp:165] gyr saturation
W20250111 18:53:24.751220 226693 ImuError.cpp:165] gyr saturation
W20250111 18:53:24.751230 226693 ImuError.cpp:165] gyr saturation
W20250111 18:53:24.751303 226693 ImuError.cpp:165] gyr saturation
W20250111 18:53:24.751317 226693 ImuError.cpp:165] gyr saturation
W20250111 18:53:24.751327 226693 ImuError.cpp:165] gyr saturation
W20250111 18:53:24.751338 226693 ImuError.cpp:165] gyr saturation
W20250111 18:53:24.751348 226693 ImuError.cpp:165] gyr saturation
W20250111 18:53:24.751359 226693 ImuError.cpp:165] gyr saturation
W20250111 18:53:24.751369 226693 ImuError.cpp:165] gyr saturation
W20250111 18:53:24.751380 226693 ImuError.cpp:165] gyr saturation
W20250111 18:53:24.751391 226693 ImuError.cpp:165] gyr saturation
W20250111 18:53:24.751408 226693 ImuError.cpp:165] gyr saturation
W20250111 18:53:24.751420 226693 ImuError.cpp:165] gyr saturation
W20250111 18:53:24.751430 226693 ImuError.cpp:165] gyr saturation
W20250111 18:53:24.751441 226693 ImuError.cpp:165] gyr saturation
W20250111 18:53:24.751452 226693 ImuError.cpp:165] gyr saturation
W20250111 18:53:24.751462 226693 ImuError.cpp:165] gyr saturation
W20250111 18:53:24.751473 226693 ImuError.cpp:165] gyr saturation
W20250111 18:53:24.751484 226693 ImuError.cpp:165] gyr saturation
W20250111 18:53:24.751494 226693 ImuError.cpp:165] gyr saturation
W20250111 18:53:24.751505 226693 ImuError.cpp:165] gyr saturation
W20250111 18:53:24.751516 226693 ImuError.cpp:165] gyr saturation
W20250111 18:53:24.751528 226693 ImuError.cpp:165] gyr saturation
W20250111 18:53:24.751538 226693 ImuError.cpp:165] gyr saturation
W20250111 18:53:24.751549 226693 ImuError.cpp:165] gyr saturation
W20250111 18:53:24.751559 226693 ImuError.cpp:165] gyr saturation
W20250111 18:53:24.751569 226693 ImuError.cpp:165] gyr saturation
W20250111 18:53:24.751580 226693 ImuError.cpp:165] gyr saturation
W20250111 18:53:24.751590 226693 ImuError.cpp:165] gyr saturation
W20250111 18:53:24.751601 226693 ImuError.cpp:165] gyr saturation
W20250111 18:53:24.751612 226693 ImuError.cpp:165] gyr saturation
W20250111 18:53:24.751623 226693 ImuError.cpp:165] gyr saturation
W20250111 18:53:24.751633 226693 ImuError.cpp:165] gyr saturation
W20250111 18:53:24.751644 226693 ImuError.cpp:165] gyr saturation
W20250111 18:53:24.751654 226693 ImuError.cpp:165] gyr saturation
W20250111 18:53:24.751665 226693 ImuError.cpp:165] gyr saturation
W20250111 18:53:24.751675 226693 ImuError.cpp:165] gyr saturation
W20250111 18:53:24.752524 10883 Frontend.cpp:615] 3d2d tracking lost. Number of 3d2d-matches: 1
W20250111 18:53:24.761792 226735 ImuError.cpp:165] gyr saturation
W20250111 18:53:24.761927 226735 ImuError.cpp:165] gyr saturation
W20250111 18:53:24.761941 226735 ImuError.cpp:165] gyr saturation
W20250111 18:53:24.761955 226735 ImuError.cpp:165] gyr saturation
W20250111 18:53:24.761965 226735 ImuError.cpp:165] gyr saturation
W20250111 18:53:24.761976 226735 ImuError.cpp:165] gyr saturation
W20250111 18:53:24.761988 226735 ImuError.cpp:165] gyr saturation
W20250111 18:53:24.762009 226735 ImuError.cpp:165] gyr saturation
W20250111 18:53:24.762020 226735 ImuError.cpp:165] gyr saturation
W20250111 18:53:24.762032 226735 ImuError.cpp:165] gyr saturation
W20250111 18:53:24.762043 226735 ImuError.cpp:165] gyr saturation
W20250111 18:53:24.762054 226735 ImuError.cpp:165] gyr saturation
W20250111 18:53:24.762066 226735 ImuError.cpp:165] gyr saturation
W20250111 18:53:24.762077 226735 ImuError.cpp:165] gyr saturation
W20250111 18:53:24.762089 226735 ImuError.cpp:165] gyr saturation
W20250111 18:53:24.762100 226735 ImuError.cpp:165] gyr saturation
W20250111 18:53:24.762112 226735 ImuError.cpp:165] gyr saturation
W20250111 18:53:24.762123 226735 ImuError.cpp:165] gyr saturation
W20250111 18:53:24.762135 226735 ImuError.cpp:165] gyr saturation
W20250111 18:53:24.762145 226735 ImuError.cpp:165] gyr saturation
W20250111 18:53:24.762156 226735 ImuError.cpp:165] gyr saturation
W20250111 18:53:24.762167 226735 ImuError.cpp:165] gyr saturation
W20250111 18:53:24.762178 226735 ImuError.cpp:165] gyr saturation
W20250111 18:53:24.762189 226735 ImuError.cpp:165] gyr saturation
W20250111 18:53:24.762200 226735 ImuError.cpp:165] gyr saturation
W20250111 18:53:24.762212 226735 ImuError.cpp:165] gyr saturation
W20250111 18:53:24.762223 226735 ImuError.cpp:165] gyr saturation
W20250111 18:53:24.762233 226735 ImuError.cpp:165] gyr saturation
W20250111 18:53:24.762244 226735 ImuError.cpp:165] gyr saturation
W20250111 18:53:24.762255 226735 ImuError.cpp:165] gyr saturation
W20250111 18:53:24.762266 226735 ImuError.cpp:165] gyr saturation
W20250111 18:53:24.762351 226735 ImuError.cpp:165] gyr saturation
W20250111 18:53:24.762364 226735 ImuError.cpp:165] gyr saturation
W20250111 18:53:24.762375 226735 ImuError.cpp:165] gyr saturation
W20250111 18:53:24.762385 226735 ImuError.cpp:165] gyr saturation
W20250111 18:53:24.762403 226735 ImuError.cpp:165] gyr saturation
W20250111 18:53:24.762413 226735 ImuError.cpp:165] gyr saturation
W20250111 18:53:24.762425 226735 ImuError.cpp:165] gyr saturation
W20250111 18:53:24.762436 226735 ImuError.cpp:165] gyr saturation
W20250111 18:53:24.762447 226735 ImuError.cpp:165] gyr saturation
W20250111 18:53:24.762459 226735 ImuError.cpp:165] gyr saturation
W20250111 18:53:24.762470 226735 ImuError.cpp:165] gyr saturation
W20250111 18:53:24.762480 226735 ImuError.cpp:165] gyr saturation
W20250111 18:53:24.762491 226735 ImuError.cpp:165] gyr saturation
W20250111 18:53:24.762501 226735 ImuError.cpp:165] gyr saturation
W20250111 18:53:24.762512 226735 ImuError.cpp:165] gyr saturation
W20250111 18:53:24.762523 226735 ImuError.cpp:165] gyr saturation
W20250111 18:53:24.762534 226735 ImuError.cpp:165] gyr saturation
W20250111 18:53:24.762545 226735 ImuError.cpp:165] gyr saturation
W20250111 18:53:24.762557 226735 ImuError.cpp:165] gyr saturation
W20250111 18:53:24.762567 226735 ImuError.cpp:165] gyr saturation
W20250111 18:53:24.762578 226735 ImuError.cpp:165] gyr saturation
W20250111 18:53:24.762588 226735 ImuError.cpp:165] gyr saturation
W20250111 18:53:24.762599 226735 ImuError.cpp:165] gyr saturation
W20250111 18:53:24.762610 226735 ImuError.cpp:165] gyr saturation
W20250111 18:53:24.762621 226735 ImuError.cpp:165] gyr saturation
W20250111 18:53:24.762631 226735 ImuError.cpp:165] gyr saturation
W20250111 18:53:24.762642 226735 ImuError.cpp:165] gyr saturation
W20250111 18:53:24.762653 226735 ImuError.cpp:165] gyr saturation
W20250111 18:53:24.762665 226735 ImuError.cpp:165] gyr saturation
W20250111 18:53:24.762676 226735 ImuError.cpp:165] gyr saturation
W20250111 18:53:24.762686 226735 ImuError.cpp:165] gyr saturation
I20250111 18:53:24.763845 10883 Frontend.cpp:2274] RANSAC FAIL: 9 inliers, ratio = 0.818182
I20250111 18:53:25.059405 10883 Frontend.cpp:2274] RANSAC FAIL: 58 inliers, ratio = 0.690476
I20250111 18:53:25.655668 10883 okvis_app_synchronous.cpp:210] OKVIS Timing
-----------
1 DetectAndDescribe                	   3565	00:00:06.743665	(00:00:00.001892 +- 00:00:00.000392)	[00:00:00.000945,00:00:00.005651]
2 Match                            	   3565	00:00:22.566834	(00:00:00.006330 +- 00:00:00.002534)	[00:00:00.000203,00:00:00.014485]
2.01 match to map                  	   3564	00:00:16.333712	(00:00:00.004583 +- 00:00:00.002147)	[00:00:00.000053,00:00:00.011851]
2.02 match motion stereo           	   3564	00:00:04.396210	(00:00:00.001234 +- 00:00:00.000415)	[00:00:00.000063,00:00:00.005115]
2.02.1 match motion stereo: prepare	   3564	00:00:01.000490	(00:00:00.000281 +- 00:00:00.000107)	[00:00:00.000001,00:00:00.000877]
2.10 match stereo                  	    951	00:00:00.035625	(00:00:00.000037 +- 00:00:00.000045)	[00:00:00.000001,00:00:00.000461]
3 Optimise                         	   3564	00:00:56.455800	(00:00:00.015841 +- 00:00:00.009057)	[00:00:00.001047,00:00:00.079445]
4 Prepare publishing               	   3564	00:00:02.951628	(00:00:00.000828 +- 00:00:00.000336)	[00:00:00.000054,00:00:00.002307]
6 Visualising                      	   3564	00:00:00.000793	(00:00:00.000000 +- 00:00:00.000000)	[00:00:00.000000,00:00:00.000001]
7 Marginalise                      	   3564	00:00:06.296133	(00:00:00.001767 +- 00:00:00.000751)	[00:00:00.000007,00:00:00.006960]
7.1 check/handle lost              	   3564	00:00:00.107095	(00:00:00.000030 +- 00:00:00.000019)	[00:00:00.000000,00:00:00.000197]
7.2 eliminate IMU frames           	   3564	00:00:02.856650	(00:00:00.000802 +- 00:00:00.000581)	[00:00:00.000000,00:00:00.002763]
7.3 convert to posegraph           	   1141	00:00:00.886857	(00:00:00.000777 +- 00:00:00.000435)	[00:00:00.000094,00:00:00.004062]
7.4 freezing                       	   3563	00:00:00.003932	(00:00:00.000001 +- 00:00:00.000002)	[00:00:00.000000,00:00:00.000035]
7.6 expand                         	   3531	00:00:00.779592	(00:00:00.000221 +- 00:00:00.000114)	[00:00:00.000031,00:00:00.001562]
7.7 prune place recognition frames 	   3563	00:00:00.801372	(00:00:00.000225 +- 00:00:00.000123)	[00:00:00.000002,00:00:00.000796]
I20250111 18:53:25.655766 10883 okvis_app_synchronous.cpp:219] Progress: 66% (1 [1%/s], ETA: 34s)
I20250111 18:53:26.275589 10883 Frontend.cpp:2274] RANSAC FAIL: 39 inliers, ratio = 0.619048
I20250111 18:53:26.302187 10883 Frontend.cpp:2274] RANSAC FAIL: 43 inliers, ratio = 0.671875
I20250111 18:53:27.079454 10883 okvis_app_synchronous.cpp:210] OKVIS Timing
-----------
1 DetectAndDescribe                	   3619	00:00:06.846966	(00:00:00.001892 +- 00:00:00.000390)	[00:00:00.000945,00:00:00.005651]
2 Match                            	   3619	00:00:22.920740	(00:00:00.006333 +- 00:00:00.002519)	[00:00:00.000203,00:00:00.014485]
2.01 match to map                  	   3618	00:00:16.596018	(00:00:00.004587 +- 00:00:00.002134)	[00:00:00.000053,00:00:00.011851]
2.02 match motion stereo           	   3618	00:00:04.463338	(00:00:00.001234 +- 00:00:00.000414)	[00:00:00.000063,00:00:00.005115]
2.02.1 match motion stereo: prepare	   3618	00:00:01.014799	(00:00:00.000280 +- 00:00:00.000107)	[00:00:00.000001,00:00:00.000877]
2.10 match stereo                  	    966	00:00:00.036043	(00:00:00.000037 +- 00:00:00.000045)	[00:00:00.000001,00:00:00.000461]
3 Optimise                         	   3618	00:00:57.328030	(00:00:00.015845 +- 00:00:00.008992)	[00:00:00.001047,00:00:00.079445]
4 Prepare publishing               	   3618	00:00:03.004519	(00:00:00.000830 +- 00:00:00.000335)	[00:00:00.000054,00:00:00.002307]
6 Visualising                      	   3618	00:00:00.000810	(00:00:00.000000 +- 00:00:00.000000)	[00:00:00.000000,00:00:00.000001]
7 Marginalise                      	   3618	00:00:06.432843	(00:00:00.001778 +- 00:00:00.000759)	[00:00:00.000007,00:00:00.006960]
7.1 check/handle lost              	   3618	00:00:00.108727	(00:00:00.000030 +- 00:00:00.000019)	[00:00:00.000000,00:00:00.000197]
7.2 eliminate IMU frames           	   3618	00:00:02.909850	(00:00:00.000804 +- 00:00:00.000582)	[00:00:00.000000,00:00:00.002763]
7.3 convert to posegraph           	   1170	00:00:00.921283	(00:00:00.000787 +- 00:00:00.000440)	[00:00:00.000094,00:00:00.004062]
7.4 freezing                       	   3617	00:00:00.004030	(00:00:00.000001 +- 00:00:00.000002)	[00:00:00.000000,00:00:00.000035]
7.6 expand                         	   3583	00:00:00.797588	(00:00:00.000223 +- 00:00:00.000117)	[00:00:00.000031,00:00:00.001562]
7.7 prune place recognition frames 	   3617	00:00:00.815919	(00:00:00.000226 +- 00:00:00.000122)	[00:00:00.000002,00:00:00.000796]
I20250111 18:53:27.079556 10883 okvis_app_synchronous.cpp:219] Progress: 67% (1 [1%/s], ETA: 33s)
I20250111 18:53:28.430135 10883 Frontend.cpp:2274] RANSAC FAIL: 38 inliers, ratio = 0.678571
I20250111 18:53:28.596602 10883 okvis_app_synchronous.cpp:210] OKVIS Timing
-----------
1 DetectAndDescribe                	   3673	00:00:06.949420	(00:00:00.001892 +- 00:00:00.000388)	[00:00:00.000945,00:00:00.005651]
2 Match                            	   3673	00:00:23.270520	(00:00:00.006336 +- 00:00:00.002504)	[00:00:00.000203,00:00:00.014485]
2.01 match to map                  	   3672	00:00:16.855798	(00:00:00.004590 +- 00:00:00.002120)	[00:00:00.000053,00:00:00.011851]
2.02 match motion stereo           	   3672	00:00:04.528835	(00:00:00.001233 +- 00:00:00.000413)	[00:00:00.000063,00:00:00.005115]
2.02.1 match motion stereo: prepare	   3672	00:00:01.028693	(00:00:00.000280 +- 00:00:00.000107)	[00:00:00.000001,00:00:00.000877]
2.10 match stereo                  	    984	00:00:00.036527	(00:00:00.000037 +- 00:00:00.000044)	[00:00:00.000001,00:00:00.000461]
3 Optimise                         	   3672	00:00:58.329930	(00:00:00.015885 +- 00:00:00.008938)	[00:00:00.001047,00:00:00.079445]
4 Prepare publishing               	   3672	00:00:03.053193	(00:00:00.000831 +- 00:00:00.000333)	[00:00:00.000054,00:00:00.002307]
6 Visualising                      	   3672	00:00:00.000827	(00:00:00.000000 +- 00:00:00.000000)	[00:00:00.000000,00:00:00.000001]
7 Marginalise                      	   3672	00:00:06.541493	(00:00:00.001781 +- 00:00:00.000755)	[00:00:00.000007,00:00:00.006960]
7.1 check/handle lost              	   3672	00:00:00.110275	(00:00:00.000030 +- 00:00:00.000019)	[00:00:00.000000,00:00:00.000197]
7.2 eliminate IMU frames           	   3672	00:00:02.955271	(00:00:00.000805 +- 00:00:00.000582)	[00:00:00.000000,00:00:00.002763]
7.3 convert to posegraph           	   1189	00:00:00.941183	(00:00:00.000792 +- 00:00:00.000439)	[00:00:00.000094,00:00:00.004062]
7.4 freezing                       	   3671	00:00:00.004104	(00:00:00.000001 +- 00:00:00.000002)	[00:00:00.000000,00:00:00.000035]
7.6 expand                         	   3637	00:00:00.810856	(00:00:00.000223 +- 00:00:00.000117)	[00:00:00.000031,00:00:00.001562]
7.7 prune place recognition frames 	   3671	00:00:00.829614	(00:00:00.000226 +- 00:00:00.000121)	[00:00:00.000002,00:00:00.000796]
I20250111 18:53:28.596731 10883 okvis_app_synchronous.cpp:219] Progress: 68% (1 [1%/s], ETA: 32s)
I20250111 18:53:30.146075 10883 okvis_app_synchronous.cpp:210] OKVIS Timing
-----------
1 DetectAndDescribe                	   3727	00:00:07.050087	(00:00:00.001892 +- 00:00:00.000386)	[00:00:00.000945,00:00:00.005651]
2 Match                            	   3727	00:00:23.606276	(00:00:00.006334 +- 00:00:00.002487)	[00:00:00.000203,00:00:00.014485]
2.01 match to map                  	   3726	00:00:17.103476	(00:00:00.004590 +- 00:00:00.002106)	[00:00:00.000053,00:00:00.011851]
2.02 match motion stereo           	   3726	00:00:04.593159	(00:00:00.001233 +- 00:00:00.000411)	[00:00:00.000063,00:00:00.005115]
2.02.1 match motion stereo: prepare	   3726	00:00:01.043193	(00:00:00.000280 +- 00:00:00.000106)	[00:00:00.000001,00:00:00.000877]
2.10 match stereo                  	   1004	00:00:00.037001	(00:00:00.000037 +- 00:00:00.000044)	[00:00:00.000001,00:00:00.000461]
3 Optimise                         	   3726	00:00:59.351026	(00:00:00.015929 +- 00:00:00.008886)	[00:00:00.001047,00:00:00.079445]
4 Prepare publishing               	   3726	00:00:03.107809	(00:00:00.000834 +- 00:00:00.000331)	[00:00:00.000054,00:00:00.002307]
6 Visualising                      	   3726	00:00:00.000844	(00:00:00.000000 +- 00:00:00.000000)	[00:00:00.000000,00:00:00.000001]
7 Marginalise                      	   3726	00:00:06.671726	(00:00:00.001791 +- 00:00:00.000760)	[00:00:00.000007,00:00:00.006960]
7.1 check/handle lost              	   3726	00:00:00.111888	(00:00:00.000030 +- 00:00:00.000019)	[00:00:00.000000,00:00:00.000197]
7.2 eliminate IMU frames           	   3726	00:00:03.000750	(00:00:00.000805 +- 00:00:00.000583)	[00:00:00.000000,00:00:00.002763]
7.3 convert to posegraph           	   1217	00:00:00.975539	(00:00:00.000802 +- 00:00:00.000448)	[00:00:00.000094,00:00:00.004062]
7.4 freezing                       	   3725	00:00:00.004208	(00:00:00.000001 +- 00:00:00.000002)	[00:00:00.000000,00:00:00.000035]
7.6 expand                         	   3688	00:00:00.827307	(00:00:00.000224 +- 00:00:00.000119)	[00:00:00.000031,00:00:00.001570]
7.7 prune place recognition frames 	   3725	00:00:00.844885	(00:00:00.000227 +- 00:00:00.000121)	[00:00:00.000002,00:00:00.000796]
I20250111 18:53:30.146160 10883 okvis_app_synchronous.cpp:219] Progress: 69% (1 [1%/s], ETA: 31s)
I20250111 18:53:31.403096 10883 Frontend.cpp:2274] RANSAC FAIL: 9 inliers, ratio = 0.692308
W20250111 18:53:31.423107 10883 Frontend.cpp:612] 3d2d tracking weak: quality=0. Number of 3d2d-matches: 6
W20250111 18:53:31.440128 242278 ViSlamBackend.cpp:466] TRACKING FAILURE: quality=0
I20250111 18:53:31.442706 10883 Frontend.cpp:2274] RANSAC FAIL: 9 inliers, ratio = 0.9
W20250111 18:53:31.446485 10883 Frontend.cpp:612] 3d2d tracking weak: quality=0. Number of 3d2d-matches: 10
W20250111 18:53:31.486115 10883 Frontend.cpp:612] 3d2d tracking weak: quality=0. Number of 3d2d-matches: 8
I20250111 18:53:31.712275 10883 okvis_app_synchronous.cpp:210] OKVIS Timing
-----------
1 DetectAndDescribe                	   3781	00:00:07.150303	(00:00:00.001891 +- 00:00:00.000384)	[00:00:00.000945,00:00:00.005651]
2 Match                            	   3781	00:00:23.953297	(00:00:00.006335 +- 00:00:00.002471)	[00:00:00.000203,00:00:00.014485]
2.01 match to map                  	   3780	00:00:17.369706	(00:00:00.004595 +- 00:00:00.002093)	[00:00:00.000053,00:00:00.011851]
2.02 match motion stereo           	   3780	00:00:04.650471	(00:00:00.001230 +- 00:00:00.000409)	[00:00:00.000063,00:00:00.005115]
2.02.1 match motion stereo: prepare	   3780	00:00:01.057375	(00:00:00.000280 +- 00:00:00.000106)	[00:00:00.000001,00:00:00.000877]
2.10 match stereo                  	   1017	00:00:00.037119	(00:00:00.000036 +- 00:00:00.000044)	[00:00:00.000001,00:00:00.000461]
3 Optimise                         	   3780	00:01:00.390735	(00:00:00.015976 +- 00:00:00.008847)	[00:00:00.001047,00:00:00.079445]
4 Prepare publishing               	   3780	00:00:03.162374	(00:00:00.000837 +- 00:00:00.000332)	[00:00:00.000054,00:00:00.002307]
6 Visualising                      	   3780	00:00:00.000862	(00:00:00.000000 +- 00:00:00.000000)	[00:00:00.000000,00:00:00.000001]
7 Marginalise                      	   3780	00:00:06.789487	(00:00:00.001796 +- 00:00:00.000760)	[00:00:00.000007,00:00:00.006960]
7.1 check/handle lost              	   3780	00:00:00.113802	(00:00:00.000030 +- 00:00:00.000019)	[00:00:00.000000,00:00:00.000197]
7.2 eliminate IMU frames           	   3780	00:00:03.062249	(00:00:00.000810 +- 00:00:00.000586)	[00:00:00.000000,00:00:00.002763]
7.3 convert to posegraph           	   1230	00:00:00.985488	(00:00:00.000801 +- 00:00:00.000447)	[00:00:00.000094,00:00:00.004062]
7.4 freezing                       	   3779	00:00:00.004272	(00:00:00.000001 +- 00:00:00.000002)	[00:00:00.000000,00:00:00.000035]
7.6 expand                         	   3742	00:00:00.840489	(00:00:00.000225 +- 00:00:00.000118)	[00:00:00.000031,00:00:00.001570]
7.7 prune place recognition frames 	   3779	00:00:00.860635	(00:00:00.000228 +- 00:00:00.000121)	[00:00:00.000002,00:00:00.000796]
I20250111 18:53:31.712366 10883 okvis_app_synchronous.cpp:219] Progress: 70% (1 [1%/s], ETA: 30s)
W20250111 18:53:32.338722 10883 Frontend.cpp:612] 3d2d tracking weak: quality=0. Number of 3d2d-matches: 7
W20250111 18:53:32.356817 10883 Frontend.cpp:612] 3d2d tracking weak: quality=0. Number of 3d2d-matches: 8
W20250111 18:53:32.374418 10883 Frontend.cpp:612] 3d2d tracking weak: quality=0. Number of 3d2d-matches: 6
I20250111 18:53:32.384644 10883 Frontend.cpp:2274] RANSAC FAIL: 8 inliers, ratio = 0.8
I20250111 18:53:33.017248 10883 okvis_app_synchronous.cpp:210] OKVIS Timing
-----------
1 DetectAndDescribe                	   3835	00:00:07.242900	(00:00:00.001889 +- 00:00:00.000383)	[00:00:00.000945,00:00:00.005651]
2 Match                            	   3835	00:00:24.285968	(00:00:00.006333 +- 00:00:00.002459)	[00:00:00.000203,00:00:00.014485]
2.01 match to map                  	   3834	00:00:17.615939	(00:00:00.004595 +- 00:00:00.002082)	[00:00:00.000053,00:00:00.011851]
2.02 match motion stereo           	   3834	00:00:04.714534	(00:00:00.001230 +- 00:00:00.000407)	[00:00:00.000063,00:00:00.005115]
2.02.1 match motion stereo: prepare	   3834	00:00:01.070082	(00:00:00.000279 +- 00:00:00.000105)	[00:00:00.000001,00:00:00.000877]
2.10 match stereo                  	   1034	00:00:00.037308	(00:00:00.000036 +- 00:00:00.000044)	[00:00:00.000001,00:00:00.000461]
3 Optimise                         	   3834	00:01:01.194185	(00:00:00.015961 +- 00:00:00.008795)	[00:00:00.001047,00:00:00.079445]
4 Prepare publishing               	   3834	00:00:03.204751	(00:00:00.000836 +- 00:00:00.000330)	[00:00:00.000054,00:00:00.002307]
6 Visualising                      	   3834	00:00:00.000879	(00:00:00.000000 +- 00:00:00.000000)	[00:00:00.000000,00:00:00.000001]
7 Marginalise                      	   3834	00:00:06.907795	(00:00:00.001802 +- 00:00:00.000767)	[00:00:00.000007,00:00:00.006960]
7.1 check/handle lost              	   3834	00:00:00.115016	(00:00:00.000030 +- 00:00:00.000019)	[00:00:00.000000,00:00:00.000197]
7.2 eliminate IMU frames           	   3834	00:00:03.108885	(00:00:00.000811 +- 00:00:00.000586)	[00:00:00.000000,00:00:00.002763]
7.3 convert to posegraph           	   1258	00:00:01.018189	(00:00:00.000809 +- 00:00:00.000458)	[00:00:00.000094,00:00:00.004062]
7.4 freezing                       	   3833	00:00:00.004368	(00:00:00.000001 +- 00:00:00.000002)	[00:00:00.000000,00:00:00.000035]
7.6 expand                         	   3788	00:00:00.855044	(00:00:00.000226 +- 00:00:00.000125)	[00:00:00.000031,00:00:00.001679]
7.7 prune place recognition frames 	   3833	00:00:00.871751	(00:00:00.000227 +- 00:00:00.000121)	[00:00:00.000002,00:00:00.000796]
I20250111 18:53:33.017338 10883 okvis_app_synchronous.cpp:219] Progress: 71% (1 [1%/s], ETA: 29s)
W20250111 18:53:33.101795 10883 ImuError.cpp:650] gyr saturation
W20250111 18:53:33.101838 10883 ImuError.cpp:650] gyr saturation
W20250111 18:53:33.101848 10883 ImuError.cpp:650] gyr saturation
W20250111 18:53:33.101853 10883 ImuError.cpp:650] gyr saturation
W20250111 18:53:33.101862 10883 ImuError.cpp:650] gyr saturation
W20250111 18:53:33.101867 10883 ImuError.cpp:650] gyr saturation
W20250111 18:53:33.101872 10883 ImuError.cpp:650] gyr saturation
W20250111 18:53:33.101877 10883 ImuError.cpp:650] gyr saturation
W20250111 18:53:33.101884 10883 ImuError.cpp:650] gyr saturation
W20250111 18:53:33.101890 10883 ImuError.cpp:650] gyr saturation
W20250111 18:53:33.101897 10883 ImuError.cpp:650] gyr saturation
W20250111 18:53:33.101902 10883 ImuError.cpp:650] gyr saturation
W20250111 18:53:33.101907 10883 ImuError.cpp:650] gyr saturation
W20250111 18:53:33.114321 10883 ImuError.cpp:650] gyr saturation
W20250111 18:53:33.114358 10883 ImuError.cpp:650] gyr saturation
W20250111 18:53:33.114363 10883 ImuError.cpp:650] gyr saturation
W20250111 18:53:33.114367 10883 ImuError.cpp:650] gyr saturation
W20250111 18:53:33.114372 10883 ImuError.cpp:650] gyr saturation
W20250111 18:53:33.114377 10883 ImuError.cpp:650] gyr saturation
W20250111 18:53:33.114383 10883 ImuError.cpp:650] gyr saturation
W20250111 18:53:33.114388 10883 ImuError.cpp:650] gyr saturation
W20250111 18:53:33.114395 10883 ImuError.cpp:650] gyr saturation
W20250111 18:53:33.114399 10883 ImuError.cpp:650] gyr saturation
W20250111 18:53:33.114403 10883 ImuError.cpp:650] gyr saturation
W20250111 18:53:33.114406 10883 ImuError.cpp:650] gyr saturation
W20250111 18:53:33.114410 10883 ImuError.cpp:650] gyr saturation
W20250111 18:53:33.114495 10883 ImuError.cpp:650] gyr saturation
W20250111 18:53:33.114500 10883 ImuError.cpp:650] gyr saturation
W20250111 18:53:33.114504 10883 ImuError.cpp:650] gyr saturation
W20250111 18:53:33.114511 10883 ImuError.cpp:650] gyr saturation
W20250111 18:53:33.114516 10883 ImuError.cpp:650] gyr saturation
W20250111 18:53:33.114521 10883 ImuError.cpp:650] gyr saturation
W20250111 18:53:33.114523 10883 ImuError.cpp:650] gyr saturation
W20250111 18:53:33.114528 10883 ImuError.cpp:650] gyr saturation
W20250111 18:53:33.114531 10883 ImuError.cpp:650] gyr saturation
W20250111 18:53:33.114534 10883 ImuError.cpp:650] gyr saturation
W20250111 18:53:33.114539 10883 ImuError.cpp:650] gyr saturation
W20250111 18:53:33.114542 10883 ImuError.cpp:650] gyr saturation
W20250111 18:53:33.114547 10883 ImuError.cpp:650] gyr saturation
W20250111 18:53:33.116710 10883 ImuError.cpp:368] gyr saturation
W20250111 18:53:33.116739 10883 ImuError.cpp:368] gyr saturation
W20250111 18:53:33.116746 10883 ImuError.cpp:368] gyr saturation
W20250111 18:53:33.116755 10883 ImuError.cpp:368] gyr saturation
W20250111 18:53:33.116762 10883 ImuError.cpp:368] gyr saturation
W20250111 18:53:33.116770 10883 ImuError.cpp:368] gyr saturation
W20250111 18:53:33.116777 10883 ImuError.cpp:368] gyr saturation
W20250111 18:53:33.116786 10883 ImuError.cpp:368] gyr saturation
W20250111 18:53:33.116792 10883 ImuError.cpp:368] gyr saturation
W20250111 18:53:33.116801 10883 ImuError.cpp:368] gyr saturation
W20250111 18:53:33.116809 10883 ImuError.cpp:368] gyr saturation
W20250111 18:53:33.116819 10883 ImuError.cpp:368] gyr saturation
W20250111 18:53:33.116832 10883 ImuError.cpp:368] gyr saturation
W20250111 18:53:33.120479 10883 ImuError.cpp:650] gyr saturation
W20250111 18:53:33.120507 10883 ImuError.cpp:650] gyr saturation
W20250111 18:53:33.120520 10883 ImuError.cpp:650] gyr saturation
W20250111 18:53:33.120524 10883 ImuError.cpp:650] gyr saturation
W20250111 18:53:33.120528 10883 ImuError.cpp:650] gyr saturation
W20250111 18:53:33.120535 10883 ImuError.cpp:650] gyr saturation
W20250111 18:53:33.120538 10883 ImuError.cpp:650] gyr saturation
W20250111 18:53:33.120543 10883 ImuError.cpp:650] gyr saturation
W20250111 18:53:33.120546 10883 ImuError.cpp:650] gyr saturation
W20250111 18:53:33.120549 10883 ImuError.cpp:650] gyr saturation
W20250111 18:53:33.120553 10883 ImuError.cpp:650] gyr saturation
W20250111 18:53:33.120556 10883 ImuError.cpp:650] gyr saturation
W20250111 18:53:33.120560 10883 ImuError.cpp:650] gyr saturation
W20250111 18:53:33.120563 10883 ImuError.cpp:650] gyr saturation
W20250111 18:53:33.120568 10883 ImuError.cpp:650] gyr saturation
W20250111 18:53:33.120570 10883 ImuError.cpp:650] gyr saturation
W20250111 18:53:33.120576 10883 ImuError.cpp:650] gyr saturation
W20250111 18:53:33.120580 10883 ImuError.cpp:650] gyr saturation
W20250111 18:53:33.120584 10883 ImuError.cpp:650] gyr saturation
W20250111 18:53:33.120586 10883 ImuError.cpp:650] gyr saturation
W20250111 18:53:33.120589 10883 ImuError.cpp:650] gyr saturation
W20250111 18:53:33.120592 10883 ImuError.cpp:650] gyr saturation
W20250111 18:53:33.120597 10883 ImuError.cpp:650] gyr saturation
W20250111 18:53:33.120600 10883 ImuError.cpp:650] gyr saturation
W20250111 18:53:33.120604 10883 ImuError.cpp:650] gyr saturation
W20250111 18:53:33.120607 10883 ImuError.cpp:650] gyr saturation
W20250111 18:53:33.120612 10883 ImuError.cpp:650] gyr saturation
W20250111 18:53:33.120616 10883 ImuError.cpp:650] gyr saturation
W20250111 18:53:33.120620 10883 ImuError.cpp:650] gyr saturation
W20250111 18:53:33.120623 10883 ImuError.cpp:650] gyr saturation
W20250111 18:53:33.120626 10883 ImuError.cpp:650] gyr saturation
W20250111 18:53:33.120630 10883 ImuError.cpp:650] gyr saturation
W20250111 18:53:33.120633 10883 ImuError.cpp:650] gyr saturation
W20250111 18:53:33.120638 10883 ImuError.cpp:650] gyr saturation
W20250111 18:53:33.120642 10883 ImuError.cpp:650] gyr saturation
W20250111 18:53:33.120645 10883 ImuError.cpp:650] gyr saturation
W20250111 18:53:33.120648 10883 ImuError.cpp:650] gyr saturation
W20250111 18:53:33.120652 10883 ImuError.cpp:650] gyr saturation
W20250111 18:53:33.120656 10883 ImuError.cpp:650] gyr saturation
W20250111 18:53:33.120661 10883 ImuError.cpp:650] gyr saturation
W20250111 18:53:33.120664 10883 ImuError.cpp:650] gyr saturation
W20250111 18:53:33.120669 10883 ImuError.cpp:650] gyr saturation
W20250111 18:53:33.120672 10883 ImuError.cpp:650] gyr saturation
W20250111 18:53:33.120676 10883 ImuError.cpp:650] gyr saturation
W20250111 18:53:33.120679 10883 ImuError.cpp:650] gyr saturation
W20250111 18:53:33.120683 10883 ImuError.cpp:650] gyr saturation
W20250111 18:53:33.120687 10883 ImuError.cpp:650] gyr saturation
W20250111 18:53:33.138693 10883 ImuError.cpp:650] gyr saturation
W20250111 18:53:33.138731 10883 ImuError.cpp:650] gyr saturation
W20250111 18:53:33.138734 10883 ImuError.cpp:650] gyr saturation
W20250111 18:53:33.138739 10883 ImuError.cpp:650] gyr saturation
W20250111 18:53:33.138742 10883 ImuError.cpp:650] gyr saturation
W20250111 18:53:33.138746 10883 ImuError.cpp:650] gyr saturation
W20250111 18:53:33.138751 10883 ImuError.cpp:650] gyr saturation
W20250111 18:53:33.138753 10883 ImuError.cpp:650] gyr saturation
W20250111 18:53:33.138757 10883 ImuError.cpp:650] gyr saturation
W20250111 18:53:33.138760 10883 ImuError.cpp:650] gyr saturation
W20250111 18:53:33.138764 10883 ImuError.cpp:650] gyr saturation
W20250111 18:53:33.138767 10883 ImuError.cpp:650] gyr saturation
W20250111 18:53:33.138772 10883 ImuError.cpp:650] gyr saturation
W20250111 18:53:33.138775 10883 ImuError.cpp:650] gyr saturation
W20250111 18:53:33.138779 10883 ImuError.cpp:650] gyr saturation
W20250111 18:53:33.138783 10883 ImuError.cpp:650] gyr saturation
W20250111 18:53:33.138787 10883 ImuError.cpp:650] gyr saturation
W20250111 18:53:33.138792 10883 ImuError.cpp:650] gyr saturation
W20250111 18:53:33.138803 10883 ImuError.cpp:650] gyr saturation
W20250111 18:53:33.138806 10883 ImuError.cpp:650] gyr saturation
W20250111 18:53:33.138810 10883 ImuError.cpp:650] gyr saturation
W20250111 18:53:33.138814 10883 ImuError.cpp:650] gyr saturation
W20250111 18:53:33.138818 10883 ImuError.cpp:650] gyr saturation
W20250111 18:53:33.138821 10883 ImuError.cpp:650] gyr saturation
W20250111 18:53:33.138828 10883 ImuError.cpp:650] gyr saturation
W20250111 18:53:33.138832 10883 ImuError.cpp:650] gyr saturation
W20250111 18:53:33.138836 10883 ImuError.cpp:650] gyr saturation
W20250111 18:53:33.138839 10883 ImuError.cpp:650] gyr saturation
W20250111 18:53:33.138844 10883 ImuError.cpp:650] gyr saturation
W20250111 18:53:33.138847 10883 ImuError.cpp:650] gyr saturation
W20250111 18:53:33.138852 10883 ImuError.cpp:650] gyr saturation
W20250111 18:53:33.138855 10883 ImuError.cpp:650] gyr saturation
W20250111 18:53:33.138859 10883 ImuError.cpp:650] gyr saturation
W20250111 18:53:33.138864 10883 ImuError.cpp:650] gyr saturation
W20250111 18:53:33.138868 10883 ImuError.cpp:650] gyr saturation
W20250111 18:53:33.138969 10883 ImuError.cpp:650] gyr saturation
W20250111 18:53:33.138975 10883 ImuError.cpp:650] gyr saturation
W20250111 18:53:33.138979 10883 ImuError.cpp:650] gyr saturation
W20250111 18:53:33.138983 10883 ImuError.cpp:650] gyr saturation
W20250111 18:53:33.138988 10883 ImuError.cpp:650] gyr saturation
W20250111 18:53:33.138991 10883 ImuError.cpp:650] gyr saturation
W20250111 18:53:33.138995 10883 ImuError.cpp:650] gyr saturation
W20250111 18:53:33.138998 10883 ImuError.cpp:650] gyr saturation
W20250111 18:53:33.139003 10883 ImuError.cpp:650] gyr saturation
W20250111 18:53:33.139005 10883 ImuError.cpp:650] gyr saturation
W20250111 18:53:33.139009 10883 ImuError.cpp:650] gyr saturation
W20250111 18:53:33.139012 10883 ImuError.cpp:650] gyr saturation
W20250111 18:53:33.139016 10883 ImuError.cpp:650] gyr saturation
W20250111 18:53:33.139021 10883 ImuError.cpp:650] gyr saturation
W20250111 18:53:33.139026 10883 ImuError.cpp:650] gyr saturation
W20250111 18:53:33.139030 10883 ImuError.cpp:650] gyr saturation
W20250111 18:53:33.139034 10883 ImuError.cpp:650] gyr saturation
W20250111 18:53:33.139039 10883 ImuError.cpp:650] gyr saturation
W20250111 18:53:33.139043 10883 ImuError.cpp:650] gyr saturation
W20250111 18:53:33.139048 10883 ImuError.cpp:650] gyr saturation
W20250111 18:53:33.139051 10883 ImuError.cpp:650] gyr saturation
W20250111 18:53:33.139055 10883 ImuError.cpp:650] gyr saturation
W20250111 18:53:33.139060 10883 ImuError.cpp:650] gyr saturation
W20250111 18:53:33.139063 10883 ImuError.cpp:650] gyr saturation
W20250111 18:53:33.139066 10883 ImuError.cpp:650] gyr saturation
W20250111 18:53:33.139070 10883 ImuError.cpp:650] gyr saturation
W20250111 18:53:33.139075 10883 ImuError.cpp:650] gyr saturation
W20250111 18:53:33.139078 10883 ImuError.cpp:650] gyr saturation
W20250111 18:53:33.139082 10883 ImuError.cpp:650] gyr saturation
W20250111 18:53:33.139086 10883 ImuError.cpp:650] gyr saturation
W20250111 18:53:33.139091 10883 ImuError.cpp:650] gyr saturation
W20250111 18:53:33.139094 10883 ImuError.cpp:650] gyr saturation
W20250111 18:53:33.139098 10883 ImuError.cpp:650] gyr saturation
W20250111 18:53:33.139102 10883 ImuError.cpp:650] gyr saturation
W20250111 18:53:33.139108 10883 ImuError.cpp:650] gyr saturation
W20250111 18:53:33.141396 10883 ImuError.cpp:368] gyr saturation
W20250111 18:53:33.141429 10883 ImuError.cpp:368] gyr saturation
W20250111 18:53:33.141440 10883 ImuError.cpp:368] gyr saturation
W20250111 18:53:33.141450 10883 ImuError.cpp:368] gyr saturation
W20250111 18:53:33.141459 10883 ImuError.cpp:368] gyr saturation
W20250111 18:53:33.141466 10883 ImuError.cpp:368] gyr saturation
W20250111 18:53:33.141474 10883 ImuError.cpp:368] gyr saturation
W20250111 18:53:33.141481 10883 ImuError.cpp:368] gyr saturation
W20250111 18:53:33.141491 10883 ImuError.cpp:368] gyr saturation
W20250111 18:53:33.141499 10883 ImuError.cpp:368] gyr saturation
W20250111 18:53:33.141507 10883 ImuError.cpp:368] gyr saturation
W20250111 18:53:33.141525 10883 ImuError.cpp:368] gyr saturation
W20250111 18:53:33.141534 10883 ImuError.cpp:368] gyr saturation
W20250111 18:53:33.141542 10883 ImuError.cpp:368] gyr saturation
W20250111 18:53:33.141549 10883 ImuError.cpp:368] gyr saturation
W20250111 18:53:33.141557 10883 ImuError.cpp:368] gyr saturation
W20250111 18:53:33.141566 10883 ImuError.cpp:368] gyr saturation
W20250111 18:53:33.141574 10883 ImuError.cpp:368] gyr saturation
W20250111 18:53:33.141584 10883 ImuError.cpp:368] gyr saturation
W20250111 18:53:33.141592 10883 ImuError.cpp:368] gyr saturation
W20250111 18:53:33.141599 10883 ImuError.cpp:368] gyr saturation
W20250111 18:53:33.141608 10883 ImuError.cpp:368] gyr saturation
W20250111 18:53:33.141616 10883 ImuError.cpp:368] gyr saturation
W20250111 18:53:33.141624 10883 ImuError.cpp:368] gyr saturation
W20250111 18:53:33.141633 10883 ImuError.cpp:368] gyr saturation
W20250111 18:53:33.141639 10883 ImuError.cpp:368] gyr saturation
W20250111 18:53:33.141647 10883 ImuError.cpp:368] gyr saturation
W20250111 18:53:33.141656 10883 ImuError.cpp:368] gyr saturation
W20250111 18:53:33.141664 10883 ImuError.cpp:368] gyr saturation
W20250111 18:53:33.141672 10883 ImuError.cpp:368] gyr saturation
W20250111 18:53:33.141680 10883 ImuError.cpp:368] gyr saturation
W20250111 18:53:33.141687 10883 ImuError.cpp:368] gyr saturation
W20250111 18:53:33.141695 10883 ImuError.cpp:368] gyr saturation
W20250111 18:53:33.141702 10883 ImuError.cpp:368] gyr saturation
W20250111 18:53:33.141710 10883 ImuError.cpp:368] gyr saturation
W20250111 18:53:33.145211 10883 ImuError.cpp:650] gyr saturation
W20250111 18:53:33.145241 10883 ImuError.cpp:650] gyr saturation
W20250111 18:53:33.145246 10883 ImuError.cpp:650] gyr saturation
W20250111 18:53:33.145251 10883 ImuError.cpp:650] gyr saturation
W20250111 18:53:33.145255 10883 ImuError.cpp:650] gyr saturation
W20250111 18:53:33.145259 10883 ImuError.cpp:650] gyr saturation
W20250111 18:53:33.145263 10883 ImuError.cpp:650] gyr saturation
W20250111 18:53:33.145267 10883 ImuError.cpp:650] gyr saturation
W20250111 18:53:33.145270 10883 ImuError.cpp:650] gyr saturation
W20250111 18:53:33.145274 10883 ImuError.cpp:650] gyr saturation
W20250111 18:53:33.145278 10883 ImuError.cpp:650] gyr saturation
W20250111 18:53:33.145282 10883 ImuError.cpp:650] gyr saturation
W20250111 18:53:33.145285 10883 ImuError.cpp:650] gyr saturation
W20250111 18:53:33.145289 10883 ImuError.cpp:650] gyr saturation
W20250111 18:53:33.145293 10883 ImuError.cpp:650] gyr saturation
W20250111 18:53:33.145298 10883 ImuError.cpp:650] gyr saturation
W20250111 18:53:33.145303 10883 ImuError.cpp:650] gyr saturation
W20250111 18:53:33.145306 10883 ImuError.cpp:650] gyr saturation
W20250111 18:53:33.145310 10883 ImuError.cpp:650] gyr saturation
W20250111 18:53:33.145315 10883 ImuError.cpp:650] gyr saturation
W20250111 18:53:33.145318 10883 ImuError.cpp:650] gyr saturation
W20250111 18:53:33.145323 10883 ImuError.cpp:650] gyr saturation
W20250111 18:53:33.145328 10883 ImuError.cpp:650] gyr saturation
W20250111 18:53:33.145332 10883 ImuError.cpp:650] gyr saturation
W20250111 18:53:33.145336 10883 ImuError.cpp:650] gyr saturation
W20250111 18:53:33.145339 10883 ImuError.cpp:650] gyr saturation
W20250111 18:53:33.145344 10883 ImuError.cpp:650] gyr saturation
W20250111 18:53:33.145349 10883 ImuError.cpp:650] gyr saturation
W20250111 18:53:33.145352 10883 ImuError.cpp:650] gyr saturation
W20250111 18:53:33.145357 10883 ImuError.cpp:650] gyr saturation
W20250111 18:53:33.145361 10883 ImuError.cpp:650] gyr saturation
W20250111 18:53:33.145364 10883 ImuError.cpp:650] gyr saturation
W20250111 18:53:33.145370 10883 ImuError.cpp:650] gyr saturation
W20250111 18:53:33.145375 10883 ImuError.cpp:650] gyr saturation
W20250111 18:53:33.145380 10883 ImuError.cpp:650] gyr saturation
W20250111 18:53:33.145385 10883 ImuError.cpp:650] gyr saturation
W20250111 18:53:33.145388 10883 ImuError.cpp:650] gyr saturation
W20250111 18:53:33.145391 10883 ImuError.cpp:650] gyr saturation
W20250111 18:53:33.145397 10883 ImuError.cpp:650] gyr saturation
W20250111 18:53:33.145411 10883 ImuError.cpp:650] gyr saturation
W20250111 18:53:33.145416 10883 ImuError.cpp:650] gyr saturation
W20250111 18:53:33.145421 10883 ImuError.cpp:650] gyr saturation
W20250111 18:53:33.145424 10883 ImuError.cpp:650] gyr saturation
W20250111 18:53:33.145428 10883 ImuError.cpp:650] gyr saturation
W20250111 18:53:33.145433 10883 ImuError.cpp:650] gyr saturation
W20250111 18:53:33.145437 10883 ImuError.cpp:650] gyr saturation
W20250111 18:53:33.145442 10883 ImuError.cpp:650] gyr saturation
W20250111 18:53:33.145447 10883 ImuError.cpp:650] gyr saturation
W20250111 18:53:33.145452 10883 ImuError.cpp:650] gyr saturation
W20250111 18:53:33.145457 10883 ImuError.cpp:650] gyr saturation
W20250111 18:53:33.145460 10883 ImuError.cpp:650] gyr saturation
W20250111 18:53:33.145463 10883 ImuError.cpp:650] gyr saturation
W20250111 18:53:33.145467 10883 ImuError.cpp:650] gyr saturation
W20250111 18:53:33.145471 10883 ImuError.cpp:650] gyr saturation
W20250111 18:53:33.145476 10883 ImuError.cpp:650] gyr saturation
W20250111 18:53:33.145479 10883 ImuError.cpp:650] gyr saturation
W20250111 18:53:33.145483 10883 ImuError.cpp:650] gyr saturation
W20250111 18:53:33.145489 10883 ImuError.cpp:650] gyr saturation
W20250111 18:53:33.145493 10883 ImuError.cpp:650] gyr saturation
W20250111 18:53:33.145498 10883 ImuError.cpp:650] gyr saturation
W20250111 18:53:33.145503 10883 ImuError.cpp:650] gyr saturation
W20250111 18:53:33.145507 10883 ImuError.cpp:650] gyr saturation
W20250111 18:53:33.145510 10883 ImuError.cpp:650] gyr saturation
W20250111 18:53:33.145516 10883 ImuError.cpp:650] gyr saturation
W20250111 18:53:33.145520 10883 ImuError.cpp:650] gyr saturation
W20250111 18:53:33.145524 10883 ImuError.cpp:650] gyr saturation
W20250111 18:53:33.145529 10883 ImuError.cpp:650] gyr saturation
W20250111 18:53:33.145534 10883 ImuError.cpp:650] gyr saturation
W20250111 18:53:33.161217 10883 ImuError.cpp:650] gyr saturation
W20250111 18:53:33.161233 10883 ImuError.cpp:650] gyr saturation
W20250111 18:53:33.161237 10883 ImuError.cpp:650] gyr saturation
W20250111 18:53:33.161239 10883 ImuError.cpp:650] gyr saturation
W20250111 18:53:33.161243 10883 ImuError.cpp:650] gyr saturation
W20250111 18:53:33.161247 10883 ImuError.cpp:650] gyr saturation
W20250111 18:53:33.161248 10883 ImuError.cpp:650] gyr saturation
W20250111 18:53:33.161252 10883 ImuError.cpp:650] gyr saturation
W20250111 18:53:33.161254 10883 ImuError.cpp:650] gyr saturation
W20250111 18:53:33.161258 10883 ImuError.cpp:650] gyr saturation
W20250111 18:53:33.161263 10883 ImuError.cpp:650] gyr saturation
W20250111 18:53:33.161266 10883 ImuError.cpp:650] gyr saturation
W20250111 18:53:33.161269 10883 ImuError.cpp:650] gyr saturation
W20250111 18:53:33.161273 10883 ImuError.cpp:650] gyr saturation
W20250111 18:53:33.161276 10883 ImuError.cpp:650] gyr saturation
W20250111 18:53:33.161279 10883 ImuError.cpp:650] gyr saturation
W20250111 18:53:33.161283 10883 ImuError.cpp:650] gyr saturation
W20250111 18:53:33.161285 10883 ImuError.cpp:650] gyr saturation
W20250111 18:53:33.161288 10883 ImuError.cpp:650] gyr saturation
W20250111 18:53:33.161293 10883 ImuError.cpp:650] gyr saturation
W20250111 18:53:33.161295 10883 ImuError.cpp:650] gyr saturation
W20250111 18:53:33.161298 10883 ImuError.cpp:650] gyr saturation
W20250111 18:53:33.161302 10883 ImuError.cpp:650] gyr saturation
W20250111 18:53:33.161305 10883 ImuError.cpp:650] gyr saturation
W20250111 18:53:33.161310 10883 ImuError.cpp:650] gyr saturation
W20250111 18:53:33.161314 10883 ImuError.cpp:650] gyr saturation
W20250111 18:53:33.161317 10883 ImuError.cpp:650] gyr saturation
W20250111 18:53:33.161321 10883 ImuError.cpp:650] gyr saturation
W20250111 18:53:33.161324 10883 ImuError.cpp:650] gyr saturation
W20250111 18:53:33.161329 10883 ImuError.cpp:650] gyr saturation
W20250111 18:53:33.161334 10883 ImuError.cpp:650] gyr saturation
W20250111 18:53:33.161336 10883 ImuError.cpp:650] gyr saturation
W20250111 18:53:33.161340 10883 ImuError.cpp:650] gyr saturation
W20250111 18:53:33.161345 10883 ImuError.cpp:650] gyr saturation
W20250111 18:53:33.161379 10883 ImuError.cpp:650] gyr saturation
W20250111 18:53:33.161384 10883 ImuError.cpp:650] gyr saturation
W20250111 18:53:33.161388 10883 ImuError.cpp:650] gyr saturation
W20250111 18:53:33.161394 10883 ImuError.cpp:650] gyr saturation
W20250111 18:53:33.161398 10883 ImuError.cpp:650] gyr saturation
W20250111 18:53:33.161401 10883 ImuError.cpp:650] gyr saturation
W20250111 18:53:33.161406 10883 ImuError.cpp:650] gyr saturation
W20250111 18:53:33.161408 10883 ImuError.cpp:650] gyr saturation
W20250111 18:53:33.161412 10883 ImuError.cpp:650] gyr saturation
W20250111 18:53:33.161415 10883 ImuError.cpp:650] gyr saturation
W20250111 18:53:33.161418 10883 ImuError.cpp:650] gyr saturation
W20250111 18:53:33.161423 10883 ImuError.cpp:650] gyr saturation
W20250111 18:53:33.161427 10883 ImuError.cpp:650] gyr saturation
W20250111 18:53:33.161430 10883 ImuError.cpp:650] gyr saturation
W20250111 18:53:33.161437 10883 ImuError.cpp:650] gyr saturation
W20250111 18:53:33.161439 10883 ImuError.cpp:650] gyr saturation
W20250111 18:53:33.161442 10883 ImuError.cpp:650] gyr saturation
W20250111 18:53:33.161445 10883 ImuError.cpp:650] gyr saturation
W20250111 18:53:33.161450 10883 ImuError.cpp:650] gyr saturation
W20250111 18:53:33.161453 10883 ImuError.cpp:650] gyr saturation
W20250111 18:53:33.161456 10883 ImuError.cpp:650] gyr saturation
W20250111 18:53:33.161460 10883 ImuError.cpp:650] gyr saturation
W20250111 18:53:33.161463 10883 ImuError.cpp:650] gyr saturation
W20250111 18:53:33.161468 10883 ImuError.cpp:650] gyr saturation
W20250111 18:53:33.161471 10883 ImuError.cpp:650] gyr saturation
W20250111 18:53:33.161475 10883 ImuError.cpp:650] gyr saturation
W20250111 18:53:33.161479 10883 ImuError.cpp:650] gyr saturation
W20250111 18:53:33.161484 10883 ImuError.cpp:650] gyr saturation
W20250111 18:53:33.161487 10883 ImuError.cpp:650] gyr saturation
W20250111 18:53:33.161490 10883 ImuError.cpp:650] gyr saturation
W20250111 18:53:33.161495 10883 ImuError.cpp:650] gyr saturation
W20250111 18:53:33.161499 10883 ImuError.cpp:650] gyr saturation
W20250111 18:53:33.161502 10883 ImuError.cpp:650] gyr saturation
W20250111 18:53:33.161506 10883 ImuError.cpp:650] gyr saturation
W20250111 18:53:33.163821 10883 ImuError.cpp:368] gyr saturation
W20250111 18:53:33.163861 10883 ImuError.cpp:368] gyr saturation
W20250111 18:53:33.163872 10883 ImuError.cpp:368] gyr saturation
W20250111 18:53:33.163879 10883 ImuError.cpp:368] gyr saturation
W20250111 18:53:33.163887 10883 ImuError.cpp:368] gyr saturation
W20250111 18:53:33.163897 10883 ImuError.cpp:368] gyr saturation
W20250111 18:53:33.163904 10883 ImuError.cpp:368] gyr saturation
W20250111 18:53:33.163913 10883 ImuError.cpp:368] gyr saturation
W20250111 18:53:33.163921 10883 ImuError.cpp:368] gyr saturation
W20250111 18:53:33.163930 10883 ImuError.cpp:368] gyr saturation
W20250111 18:53:33.163938 10883 ImuError.cpp:368] gyr saturation
W20250111 18:53:33.163946 10883 ImuError.cpp:368] gyr saturation
W20250111 18:53:33.163955 10883 ImuError.cpp:368] gyr saturation
W20250111 18:53:33.163964 10883 ImuError.cpp:368] gyr saturation
W20250111 18:53:33.163971 10883 ImuError.cpp:368] gyr saturation
W20250111 18:53:33.163980 10883 ImuError.cpp:368] gyr saturation
W20250111 18:53:33.163987 10883 ImuError.cpp:368] gyr saturation
W20250111 18:53:33.163996 10883 ImuError.cpp:368] gyr saturation
W20250111 18:53:33.164004 10883 ImuError.cpp:368] gyr saturation
W20250111 18:53:33.164012 10883 ImuError.cpp:368] gyr saturation
W20250111 18:53:33.164021 10883 ImuError.cpp:368] gyr saturation
W20250111 18:53:33.164029 10883 ImuError.cpp:368] gyr saturation
W20250111 18:53:33.164038 10883 ImuError.cpp:368] gyr saturation
W20250111 18:53:33.164047 10883 ImuError.cpp:368] gyr saturation
W20250111 18:53:33.164054 10883 ImuError.cpp:368] gyr saturation
W20250111 18:53:33.164062 10883 ImuError.cpp:368] gyr saturation
W20250111 18:53:33.164072 10883 ImuError.cpp:368] gyr saturation
W20250111 18:53:33.164079 10883 ImuError.cpp:368] gyr saturation
W20250111 18:53:33.164089 10883 ImuError.cpp:368] gyr saturation
W20250111 18:53:33.164105 10883 ImuError.cpp:368] gyr saturation
W20250111 18:53:33.164114 10883 ImuError.cpp:368] gyr saturation
W20250111 18:53:33.164124 10883 ImuError.cpp:368] gyr saturation
W20250111 18:53:33.164132 10883 ImuError.cpp:368] gyr saturation
W20250111 18:53:33.164140 10883 ImuError.cpp:368] gyr saturation
W20250111 18:53:33.167789 10883 ImuError.cpp:650] gyr saturation
W20250111 18:53:33.167819 10883 ImuError.cpp:650] gyr saturation
W20250111 18:53:33.167829 10883 ImuError.cpp:650] gyr saturation
W20250111 18:53:33.167832 10883 ImuError.cpp:650] gyr saturation
W20250111 18:53:33.167835 10883 ImuError.cpp:650] gyr saturation
W20250111 18:53:33.167840 10883 ImuError.cpp:650] gyr saturation
W20250111 18:53:33.167842 10883 ImuError.cpp:650] gyr saturation
W20250111 18:53:33.167845 10883 ImuError.cpp:650] gyr saturation
W20250111 18:53:33.167850 10883 ImuError.cpp:650] gyr saturation
W20250111 18:53:33.167853 10883 ImuError.cpp:650] gyr saturation
W20250111 18:53:33.167857 10883 ImuError.cpp:650] gyr saturation
W20250111 18:53:33.167861 10883 ImuError.cpp:650] gyr saturation
W20250111 18:53:33.167865 10883 ImuError.cpp:650] gyr saturation
W20250111 18:53:33.167868 10883 ImuError.cpp:650] gyr saturation
W20250111 18:53:33.167872 10883 ImuError.cpp:650] gyr saturation
W20250111 18:53:33.167876 10883 ImuError.cpp:650] gyr saturation
W20250111 18:53:33.167881 10883 ImuError.cpp:650] gyr saturation
W20250111 18:53:33.167886 10883 ImuError.cpp:650] gyr saturation
W20250111 18:53:33.167891 10883 ImuError.cpp:650] gyr saturation
W20250111 18:53:33.167896 10883 ImuError.cpp:650] gyr saturation
W20250111 18:53:33.167902 10883 ImuError.cpp:650] gyr saturation
W20250111 18:53:33.167907 10883 ImuError.cpp:650] gyr saturation
W20250111 18:53:33.167912 10883 ImuError.cpp:650] gyr saturation
W20250111 18:53:33.167917 10883 ImuError.cpp:650] gyr saturation
W20250111 18:53:33.167922 10883 ImuError.cpp:650] gyr saturation
W20250111 18:53:33.167927 10883 ImuError.cpp:650] gyr saturation
W20250111 18:53:33.167929 10883 ImuError.cpp:650] gyr saturation
W20250111 18:53:33.167933 10883 ImuError.cpp:650] gyr saturation
W20250111 18:53:33.167937 10883 ImuError.cpp:650] gyr saturation
W20250111 18:53:33.167941 10883 ImuError.cpp:650] gyr saturation
W20250111 18:53:33.167946 10883 ImuError.cpp:650] gyr saturation
W20250111 18:53:33.167949 10883 ImuError.cpp:650] gyr saturation
W20250111 18:53:33.167953 10883 ImuError.cpp:650] gyr saturation
W20250111 18:53:33.167959 10883 ImuError.cpp:650] gyr saturation
W20250111 18:53:33.167964 10883 ImuError.cpp:650] gyr saturation
W20250111 18:53:33.167968 10883 ImuError.cpp:650] gyr saturation
W20250111 18:53:33.167972 10883 ImuError.cpp:650] gyr saturation
W20250111 18:53:33.167976 10883 ImuError.cpp:650] gyr saturation
W20250111 18:53:33.167979 10883 ImuError.cpp:650] gyr saturation
W20250111 18:53:33.167984 10883 ImuError.cpp:650] gyr saturation
W20250111 18:53:33.167989 10883 ImuError.cpp:650] gyr saturation
W20250111 18:53:33.167994 10883 ImuError.cpp:650] gyr saturation
W20250111 18:53:33.167996 10883 ImuError.cpp:650] gyr saturation
W20250111 18:53:33.168002 10883 ImuError.cpp:650] gyr saturation
W20250111 18:53:33.168005 10883 ImuError.cpp:650] gyr saturation
W20250111 18:53:33.168009 10883 ImuError.cpp:650] gyr saturation
W20250111 18:53:33.168013 10883 ImuError.cpp:650] gyr saturation
W20250111 18:53:33.168016 10883 ImuError.cpp:650] gyr saturation
W20250111 18:53:33.168021 10883 ImuError.cpp:650] gyr saturation
W20250111 18:53:33.168025 10883 ImuError.cpp:650] gyr saturation
W20250111 18:53:33.168028 10883 ImuError.cpp:650] gyr saturation
W20250111 18:53:33.168035 10883 ImuError.cpp:650] gyr saturation
W20250111 18:53:33.168040 10883 ImuError.cpp:650] gyr saturation
W20250111 18:53:33.168044 10883 ImuError.cpp:650] gyr saturation
W20250111 18:53:33.168047 10883 ImuError.cpp:650] gyr saturation
W20250111 18:53:33.168052 10883 ImuError.cpp:650] gyr saturation
W20250111 18:53:33.168057 10883 ImuError.cpp:650] gyr saturation
W20250111 18:53:33.168061 10883 ImuError.cpp:650] gyr saturation
W20250111 18:53:33.168073 10883 ImuError.cpp:650] gyr saturation
W20250111 18:53:33.168078 10883 ImuError.cpp:650] gyr saturation
W20250111 18:53:33.168082 10883 ImuError.cpp:650] gyr saturation
W20250111 18:53:33.168085 10883 ImuError.cpp:650] gyr saturation
W20250111 18:53:33.168092 10883 ImuError.cpp:650] gyr saturation
W20250111 18:53:33.168095 10883 ImuError.cpp:650] gyr saturation
W20250111 18:53:33.168099 10883 ImuError.cpp:650] gyr saturation
W20250111 18:53:33.168104 10883 ImuError.cpp:650] gyr saturation
W20250111 18:53:33.184279 10883 ImuError.cpp:650] gyr saturation
W20250111 18:53:33.184315 10883 ImuError.cpp:650] gyr saturation
W20250111 18:53:33.184320 10883 ImuError.cpp:650] gyr saturation
W20250111 18:53:33.184325 10883 ImuError.cpp:650] gyr saturation
W20250111 18:53:33.184331 10883 ImuError.cpp:650] gyr saturation
W20250111 18:53:33.184335 10883 ImuError.cpp:650] gyr saturation
W20250111 18:53:33.184340 10883 ImuError.cpp:650] gyr saturation
W20250111 18:53:33.184343 10883 ImuError.cpp:650] gyr saturation
W20250111 18:53:33.184350 10883 ImuError.cpp:650] gyr saturation
W20250111 18:53:33.184352 10883 ImuError.cpp:650] gyr saturation
W20250111 18:53:33.184358 10883 ImuError.cpp:650] gyr saturation
W20250111 18:53:33.184363 10883 ImuError.cpp:650] gyr saturation
W20250111 18:53:33.184367 10883 ImuError.cpp:650] gyr saturation
W20250111 18:53:33.184372 10883 ImuError.cpp:650] gyr saturation
W20250111 18:53:33.184377 10883 ImuError.cpp:650] gyr saturation
W20250111 18:53:33.184381 10883 ImuError.cpp:650] gyr saturation
W20250111 18:53:33.184386 10883 ImuError.cpp:650] gyr saturation
W20250111 18:53:33.184391 10883 ImuError.cpp:650] gyr saturation
W20250111 18:53:33.184396 10883 ImuError.cpp:650] gyr saturation
W20250111 18:53:33.184401 10883 ImuError.cpp:650] gyr saturation
W20250111 18:53:33.184404 10883 ImuError.cpp:650] gyr saturation
W20250111 18:53:33.184408 10883 ImuError.cpp:650] gyr saturation
W20250111 18:53:33.184415 10883 ImuError.cpp:650] gyr saturation
W20250111 18:53:33.184419 10883 ImuError.cpp:650] gyr saturation
W20250111 18:53:33.184423 10883 ImuError.cpp:650] gyr saturation
W20250111 18:53:33.184428 10883 ImuError.cpp:650] gyr saturation
W20250111 18:53:33.184432 10883 ImuError.cpp:650] gyr saturation
W20250111 18:53:33.184437 10883 ImuError.cpp:650] gyr saturation
W20250111 18:53:33.184442 10883 ImuError.cpp:650] gyr saturation
W20250111 18:53:33.184446 10883 ImuError.cpp:650] gyr saturation
W20250111 18:53:33.184450 10883 ImuError.cpp:650] gyr saturation
W20250111 18:53:33.184454 10883 ImuError.cpp:650] gyr saturation
W20250111 18:53:33.184458 10883 ImuError.cpp:650] gyr saturation
W20250111 18:53:33.184482 10883 ImuError.cpp:650] gyr saturation
W20250111 18:53:33.184487 10883 ImuError.cpp:650] gyr saturation
W20250111 18:53:33.184491 10883 ImuError.cpp:650] gyr saturation
W20250111 18:53:33.184496 10883 ImuError.cpp:650] gyr saturation
W20250111 18:53:33.184499 10883 ImuError.cpp:650] gyr saturation
W20250111 18:53:33.184504 10883 ImuError.cpp:650] gyr saturation
W20250111 18:53:33.184506 10883 ImuError.cpp:650] gyr saturation
W20250111 18:53:33.184510 10883 ImuError.cpp:650] gyr saturation
W20250111 18:53:33.184513 10883 ImuError.cpp:650] gyr saturation
W20250111 18:53:33.184517 10883 ImuError.cpp:650] gyr saturation
W20250111 18:53:33.184521 10883 ImuError.cpp:650] gyr saturation
W20250111 18:53:33.184525 10883 ImuError.cpp:650] gyr saturation
W20250111 18:53:33.184528 10883 ImuError.cpp:650] gyr saturation
W20250111 18:53:33.184532 10883 ImuError.cpp:650] gyr saturation
W20250111 18:53:33.184536 10883 ImuError.cpp:650] gyr saturation
W20250111 18:53:33.184540 10883 ImuError.cpp:650] gyr saturation
W20250111 18:53:33.184543 10883 ImuError.cpp:650] gyr saturation
W20250111 18:53:33.184547 10883 ImuError.cpp:650] gyr saturation
W20250111 18:53:33.184551 10883 ImuError.cpp:650] gyr saturation
W20250111 18:53:33.184556 10883 ImuError.cpp:650] gyr saturation
W20250111 18:53:33.184561 10883 ImuError.cpp:650] gyr saturation
W20250111 18:53:33.184564 10883 ImuError.cpp:650] gyr saturation
W20250111 18:53:33.184576 10883 ImuError.cpp:650] gyr saturation
W20250111 18:53:33.184581 10883 ImuError.cpp:650] gyr saturation
W20250111 18:53:33.184587 10883 ImuError.cpp:650] gyr saturation
W20250111 18:53:33.184590 10883 ImuError.cpp:650] gyr saturation
W20250111 18:53:33.184593 10883 ImuError.cpp:650] gyr saturation
W20250111 18:53:33.184598 10883 ImuError.cpp:650] gyr saturation
W20250111 18:53:33.184602 10883 ImuError.cpp:650] gyr saturation
W20250111 18:53:33.184607 10883 ImuError.cpp:650] gyr saturation
W20250111 18:53:33.184612 10883 ImuError.cpp:650] gyr saturation
W20250111 18:53:33.184615 10883 ImuError.cpp:650] gyr saturation
W20250111 18:53:33.184619 10883 ImuError.cpp:650] gyr saturation
W20250111 18:53:33.186903 10883 ImuError.cpp:368] gyr saturation
W20250111 18:53:33.186939 10883 ImuError.cpp:368] gyr saturation
W20250111 18:53:33.186949 10883 ImuError.cpp:368] gyr saturation
W20250111 18:53:33.186956 10883 ImuError.cpp:368] gyr saturation
W20250111 18:53:33.186965 10883 ImuError.cpp:368] gyr saturation
W20250111 18:53:33.186973 10883 ImuError.cpp:368] gyr saturation
W20250111 18:53:33.186981 10883 ImuError.cpp:368] gyr saturation
W20250111 18:53:33.186988 10883 ImuError.cpp:368] gyr saturation
W20250111 18:53:33.186995 10883 ImuError.cpp:368] gyr saturation
W20250111 18:53:33.187003 10883 ImuError.cpp:368] gyr saturation
W20250111 18:53:33.187011 10883 ImuError.cpp:368] gyr saturation
W20250111 18:53:33.187018 10883 ImuError.cpp:368] gyr saturation
W20250111 18:53:33.187026 10883 ImuError.cpp:368] gyr saturation
W20250111 18:53:33.187032 10883 ImuError.cpp:368] gyr saturation
W20250111 18:53:33.187040 10883 ImuError.cpp:368] gyr saturation
W20250111 18:53:33.187047 10883 ImuError.cpp:368] gyr saturation
W20250111 18:53:33.187055 10883 ImuError.cpp:368] gyr saturation
W20250111 18:53:33.187062 10883 ImuError.cpp:368] gyr saturation
W20250111 18:53:33.187070 10883 ImuError.cpp:368] gyr saturation
W20250111 18:53:33.187077 10883 ImuError.cpp:368] gyr saturation
W20250111 18:53:33.187085 10883 ImuError.cpp:368] gyr saturation
W20250111 18:53:33.187093 10883 ImuError.cpp:368] gyr saturation
W20250111 18:53:33.187100 10883 ImuError.cpp:368] gyr saturation
W20250111 18:53:33.187108 10883 ImuError.cpp:368] gyr saturation
W20250111 18:53:33.187115 10883 ImuError.cpp:368] gyr saturation
W20250111 18:53:33.187124 10883 ImuError.cpp:368] gyr saturation
W20250111 18:53:33.187131 10883 ImuError.cpp:368] gyr saturation
W20250111 18:53:33.187139 10883 ImuError.cpp:368] gyr saturation
W20250111 18:53:33.187146 10883 ImuError.cpp:368] gyr saturation
W20250111 18:53:33.187153 10883 ImuError.cpp:368] gyr saturation
W20250111 18:53:33.187161 10883 ImuError.cpp:368] gyr saturation
W20250111 18:53:33.187170 10883 ImuError.cpp:368] gyr saturation
W20250111 18:53:33.187176 10883 ImuError.cpp:368] gyr saturation
W20250111 18:53:33.191376 10883 ImuError.cpp:650] gyr saturation
W20250111 18:53:33.191409 10883 ImuError.cpp:650] gyr saturation
W20250111 18:53:33.191416 10883 ImuError.cpp:650] gyr saturation
W20250111 18:53:33.191422 10883 ImuError.cpp:650] gyr saturation
W20250111 18:53:33.191427 10883 ImuError.cpp:650] gyr saturation
W20250111 18:53:33.191431 10883 ImuError.cpp:650] gyr saturation
W20250111 18:53:33.191437 10883 ImuError.cpp:650] gyr saturation
W20250111 18:53:33.191442 10883 ImuError.cpp:650] gyr saturation
W20250111 18:53:33.191448 10883 ImuError.cpp:650] gyr saturation
W20250111 18:53:33.191457 10883 ImuError.cpp:650] gyr saturation
W20250111 18:53:33.191462 10883 ImuError.cpp:650] gyr saturation
W20250111 18:53:33.191468 10883 ImuError.cpp:650] gyr saturation
W20250111 18:53:33.191473 10883 ImuError.cpp:650] gyr saturation
W20250111 18:53:33.191478 10883 ImuError.cpp:650] gyr saturation
W20250111 18:53:33.191484 10883 ImuError.cpp:650] gyr saturation
W20250111 18:53:33.191489 10883 ImuError.cpp:650] gyr saturation
W20250111 18:53:33.191493 10883 ImuError.cpp:650] gyr saturation
W20250111 18:53:33.191499 10883 ImuError.cpp:650] gyr saturation
W20250111 18:53:33.191504 10883 ImuError.cpp:650] gyr saturation
W20250111 18:53:33.191519 10883 ImuError.cpp:650] gyr saturation
W20250111 18:53:33.191524 10883 ImuError.cpp:650] gyr saturation
W20250111 18:53:33.191530 10883 ImuError.cpp:650] gyr saturation
W20250111 18:53:33.191534 10883 ImuError.cpp:650] gyr saturation
W20250111 18:53:33.191540 10883 ImuError.cpp:650] gyr saturation
W20250111 18:53:33.191545 10883 ImuError.cpp:650] gyr saturation
W20250111 18:53:33.191551 10883 ImuError.cpp:650] gyr saturation
W20250111 18:53:33.191556 10883 ImuError.cpp:650] gyr saturation
W20250111 18:53:33.191561 10883 ImuError.cpp:650] gyr saturation
W20250111 18:53:33.191565 10883 ImuError.cpp:650] gyr saturation
W20250111 18:53:33.191571 10883 ImuError.cpp:650] gyr saturation
W20250111 18:53:33.191576 10883 ImuError.cpp:650] gyr saturation
W20250111 18:53:33.191581 10883 ImuError.cpp:650] gyr saturation
W20250111 18:53:33.191586 10883 ImuError.cpp:650] gyr saturation
I20250111 18:53:34.783453 10883 okvis_app_synchronous.cpp:210] OKVIS Timing
-----------
1 DetectAndDescribe                	   3889	00:00:07.351940	(00:00:00.001890 +- 00:00:00.000381)	[00:00:00.000945,00:00:00.005651]
2 Match                            	   3889	00:00:24.674483	(00:00:00.006345 +- 00:00:00.002446)	[00:00:00.000203,00:00:00.014485]
2.01 match to map                  	   3888	00:00:17.904672	(00:00:00.004605 +- 00:00:00.002071)	[00:00:00.000053,00:00:00.011851]
2.02 match motion stereo           	   3888	00:00:04.786766	(00:00:00.001231 +- 00:00:00.000406)	[00:00:00.000063,00:00:00.005115]
2.02.1 match motion stereo: prepare	   3888	00:00:01.088146	(00:00:00.000280 +- 00:00:00.000105)	[00:00:00.000001,00:00:00.000877]
2.10 match stereo                  	   1051	00:00:00.037785	(00:00:00.000036 +- 00:00:00.000043)	[00:00:00.000001,00:00:00.000461]
3 Optimise                         	   3888	00:01:02.337520	(00:00:00.016033 +- 00:00:00.008781)	[00:00:00.001047,00:00:00.079445]
4 Prepare publishing               	   3888	00:00:03.272057	(00:00:00.000842 +- 00:00:00.000334)	[00:00:00.000054,00:00:00.002307]
6 Visualising                      	   3888	00:00:00.000898	(00:00:00.000000 +- 00:00:00.000000)	[00:00:00.000000,00:00:00.000001]
7 Marginalise                      	   3888	00:00:07.066508	(00:00:00.001818 +- 00:00:00.000790)	[00:00:00.000007,00:00:00.007727]
7.1 check/handle lost              	   3888	00:00:00.117026	(00:00:00.000030 +- 00:00:00.000019)	[00:00:00.000000,00:00:00.000197]
7.2 eliminate IMU frames           	   3888	00:00:03.165435	(00:00:00.000814 +- 00:00:00.000590)	[00:00:00.000000,00:00:00.002763]
7.3 convert to posegraph           	   1283	00:00:01.053710	(00:00:00.000821 +- 00:00:00.000471)	[00:00:00.000094,00:00:00.004062]
7.4 freezing                       	   3887	00:00:00.004468	(00:00:00.000001 +- 00:00:00.000002)	[00:00:00.000000,00:00:00.000035]
7.6 expand                         	   3839	00:00:00.878073	(00:00:00.000229 +- 00:00:00.000132)	[00:00:00.000031,00:00:00.001889]
7.7 prune place recognition frames 	   3887	00:00:00.892507	(00:00:00.000230 +- 00:00:00.000122)	[00:00:00.000002,00:00:00.000796]
I20250111 18:53:34.783581 10883 okvis_app_synchronous.cpp:219] Progress: 72% (1 [1%/s], ETA: 28s)
I20250111 18:53:35.072336 10883 Frontend.cpp:2274] RANSAC FAIL: 23 inliers, ratio = 0.433962
I20250111 18:53:36.524282 10883 okvis_app_synchronous.cpp:210] OKVIS Timing
-----------
1 DetectAndDescribe                	   3943	00:00:07.466298	(00:00:00.001894 +- 00:00:00.000380)	[00:00:00.000945,00:00:00.005651]
2 Match                            	   3943	00:00:25.065631	(00:00:00.006357 +- 00:00:00.002432)	[00:00:00.000203,00:00:00.014485]
2.01 match to map                  	   3942	00:00:18.199443	(00:00:00.004617 +- 00:00:00.002060)	[00:00:00.000053,00:00:00.011851]
2.02 match motion stereo           	   3942	00:00:04.853418	(00:00:00.001231 +- 00:00:00.000405)	[00:00:00.000063,00:00:00.005115]
2.02.1 match motion stereo: prepare	   3942	00:00:01.106470	(00:00:00.000281 +- 00:00:00.000105)	[00:00:00.000001,00:00:00.000877]
2.10 match stereo                  	   1058	00:00:00.038090	(00:00:00.000036 +- 00:00:00.000043)	[00:00:00.000001,00:00:00.000461]
3 Optimise                         	   3942	00:01:03.422660	(00:00:00.016089 +- 00:00:00.008737)	[00:00:00.001047,00:00:00.079445]
4 Prepare publishing               	   3942	00:00:03.345705	(00:00:00.000849 +- 00:00:00.000339)	[00:00:00.000054,00:00:00.002307]
6 Visualising                      	   3942	00:00:00.000917	(00:00:00.000000 +- 00:00:00.000000)	[00:00:00.000000,00:00:00.000001]
7 Marginalise                      	   3942	00:00:07.249056	(00:00:00.001839 +- 00:00:00.000825)	[00:00:00.000007,00:00:00.009242]
7.1 check/handle lost              	   3942	00:00:00.119365	(00:00:00.000030 +- 00:00:00.000019)	[00:00:00.000000,00:00:00.000197]
7.2 eliminate IMU frames           	   3942	00:00:03.241138	(00:00:00.000822 +- 00:00:00.000595)	[00:00:00.000000,00:00:00.002763]
7.3 convert to posegraph           	   1298	00:00:01.088816	(00:00:00.000839 +- 00:00:00.000517)	[00:00:00.000094,00:00:00.005392]
7.4 freezing                       	   3941	00:00:00.004547	(00:00:00.000001 +- 00:00:00.000002)	[00:00:00.000000,00:00:00.000035]
7.6 expand                         	   3889	00:00:00.900895	(00:00:00.000232 +- 00:00:00.000144)	[00:00:00.000031,00:00:00.002968]
7.7 prune place recognition frames 	   3941	00:00:00.916602	(00:00:00.000233 +- 00:00:00.000125)	[00:00:00.000002,00:00:00.001075]
I20250111 18:53:36.524374 10883 okvis_app_synchronous.cpp:219] Progress: 73% (1 [1%/s], ETA: 27s)
I20250111 18:53:38.355880 10883 okvis_app_synchronous.cpp:210] OKVIS Timing
-----------
1 DetectAndDescribe                	   3997	00:00:07.578051	(00:00:00.001896 +- 00:00:00.000378)	[00:00:00.000945,00:00:00.005651]
2 Match                            	   3997	00:00:25.477868	(00:00:00.006374 +- 00:00:00.002422)	[00:00:00.000203,00:00:00.014485]
2.01 match to map                  	   3996	00:00:18.505449	(00:00:00.004631 +- 00:00:00.002050)	[00:00:00.000053,00:00:00.011851]
2.02 match motion stereo           	   3996	00:00:04.927631	(00:00:00.001233 +- 00:00:00.000405)	[00:00:00.000063,00:00:00.005115]
2.02.1 match motion stereo: prepare	   3996	00:00:01.127704	(00:00:00.000282 +- 00:00:00.000106)	[00:00:00.000001,00:00:00.000877]
2.10 match stereo                  	   1063	00:00:00.038361	(00:00:00.000036 +- 00:00:00.000043)	[00:00:00.000001,00:00:00.000461]
3 Optimise                         	   3996	00:01:04.509058	(00:00:00.016143 +- 00:00:00.008697)	[00:00:00.001047,00:00:00.079445]
4 Prepare publishing               	   3996	00:00:03.429638	(00:00:00.000858 +- 00:00:00.000350)	[00:00:00.000054,00:00:00.002789]
6 Visualising                      	   3996	00:00:00.000946	(00:00:00.000000 +- 00:00:00.000000)	[00:00:00.000000,00:00:00.000009]
7 Marginalise                      	   3996	00:00:07.489215	(00:00:00.001874 +- 00:00:00.000913)	[00:00:00.000007,00:00:00.010259]
7.1 check/handle lost              	   3996	00:00:00.121831	(00:00:00.000030 +- 00:00:00.000019)	[00:00:00.000000,00:00:00.000197]
7.2 eliminate IMU frames           	   3996	00:00:03.326682	(00:00:00.000833 +- 00:00:00.000601)	[00:00:00.000000,00:00:00.002763]
7.3 convert to posegraph           	   1320	00:00:01.156714	(00:00:00.000876 +- 00:00:00.000629)	[00:00:00.000094,00:00:00.005948]
7.4 freezing                       	   3995	00:00:00.004624	(00:00:00.000001 +- 00:00:00.000002)	[00:00:00.000000,00:00:00.000035]
7.6 expand                         	   3933	00:00:00.929375	(00:00:00.000236 +- 00:00:00.000172)	[00:00:00.000031,00:00:00.003652]
7.7 prune place recognition frames 	   3995	00:00:00.945926	(00:00:00.000237 +- 00:00:00.000133)	[00:00:00.000002,00:00:00.001436]
I20250111 18:53:38.355978 10883 okvis_app_synchronous.cpp:219] Progress: 74% (1 [1%/s], ETA: 26s)
I20250111 18:53:40.099820 10883 Frontend.cpp:2274] RANSAC FAIL: 87 inliers, ratio = 0.659091
I20250111 18:53:40.269201 10883 okvis_app_synchronous.cpp:210] OKVIS Timing
-----------
1 DetectAndDescribe                	   4051	00:00:07.696522	(00:00:00.001900 +- 00:00:00.000378)	[00:00:00.000945,00:00:00.005651]
2 Match                            	   4051	00:00:25.910528	(00:00:00.006396 +- 00:00:00.002415)	[00:00:00.000203,00:00:00.014485]
2.01 match to map                  	   4050	00:00:18.824868	(00:00:00.004648 +- 00:00:00.002042)	[00:00:00.000053,00:00:00.011851]
2.02 match motion stereo           	   4050	00:00:05.006667	(00:00:00.001236 +- 00:00:00.000408)	[00:00:00.000063,00:00:00.005115]
2.02.1 match motion stereo: prepare	   4050	00:00:01.150768	(00:00:00.000284 +- 00:00:00.000108)	[00:00:00.000001,00:00:00.000884]
2.10 match stereo                  	   1072	00:00:00.038978	(00:00:00.000036 +- 00:00:00.000043)	[00:00:00.000001,00:00:00.000461]
3 Optimise                         	   4050	00:01:05.646406	(00:00:00.016209 +- 00:00:00.008665)	[00:00:00.001047,00:00:00.079445]
4 Prepare publishing               	   4050	00:00:03.516141	(00:00:00.000868 +- 00:00:00.000360)	[00:00:00.000054,00:00:00.002789]
6 Visualising                      	   4050	00:00:00.000965	(00:00:00.000000 +- 00:00:00.000000)	[00:00:00.000000,00:00:00.000009]
7 Marginalise                      	   4050	00:00:07.737131	(00:00:00.001910 +- 00:00:00.001008)	[00:00:00.000007,00:00:00.012180]
7.1 check/handle lost              	   4050	00:00:00.124463	(00:00:00.000031 +- 00:00:00.000019)	[00:00:00.000000,00:00:00.000197]
7.2 eliminate IMU frames           	   4050	00:00:03.411211	(00:00:00.000842 +- 00:00:00.000609)	[00:00:00.000000,00:00:00.002763]
7.3 convert to posegraph           	   1342	00:00:01.228516	(00:00:00.000915 +- 00:00:00.000728)	[00:00:00.000094,00:00:00.006921]
7.4 freezing                       	   4049	00:00:00.004697	(00:00:00.000001 +- 00:00:00.000002)	[00:00:00.000000,00:00:00.000035]
7.6 expand                         	   3977	00:00:00.959065	(00:00:00.000241 +- 00:00:00.000201)	[00:00:00.000031,00:00:00.004516]
7.7 prune place recognition frames 	   4049	00:00:00.977524	(00:00:00.000241 +- 00:00:00.000142)	[00:00:00.000002,00:00:00.001783]
I20250111 18:53:40.269320 10883 okvis_app_synchronous.cpp:219] Progress: 75% (1 [1%/s], ETA: 25s)
I20250111 18:53:40.765959 10883 Frontend.cpp:2274] RANSAC FAIL: 14 inliers, ratio = 0.666667
I20250111 18:53:40.788923 10883 Frontend.cpp:2274] RANSAC FAIL: 14 inliers, ratio = 0.636364
I20250111 18:53:40.884737 10883 Frontend.cpp:2274] RANSAC FAIL: 41 inliers, ratio = 0.672131
I20250111 18:53:41.201669 10883 Frontend.cpp:2274] RANSAC FAIL: 52 inliers, ratio = 0.65
I20250111 18:53:42.110051 10883 okvis_app_synchronous.cpp:210] OKVIS Timing
-----------
1 DetectAndDescribe                	   4106	00:00:07.795270	(00:00:00.001899 +- 00:00:00.000378)	[00:00:00.000945,00:00:00.005651]
2 Match                            	   4106	00:00:26.299365	(00:00:00.006405 +- 00:00:00.002402)	[00:00:00.000203,00:00:00.014485]
2.01 match to map                  	   4105	00:00:19.101268	(00:00:00.004653 +- 00:00:00.002029)	[00:00:00.000053,00:00:00.011851]
2.02 match motion stereo           	   4105	00:00:05.089539	(00:00:00.001240 +- 00:00:00.000408)	[00:00:00.000063,00:00:00.005115]
2.02.1 match motion stereo: prepare	   4105	00:00:01.168552	(00:00:00.000285 +- 00:00:00.000108)	[00:00:00.000001,00:00:00.000884]
2.10 match stereo                  	   1113	00:00:00.039957	(00:00:00.000036 +- 00:00:00.000043)	[00:00:00.000001,00:00:00.000461]
3 Optimise                         	   4105	00:01:06.884754	(00:00:00.016293 +- 00:00:00.008691)	[00:00:00.001047,00:00:00.079445]
4 Prepare publishing               	   4105	00:00:03.581512	(00:00:00.000872 +- 00:00:00.000362)	[00:00:00.000054,00:00:00.002789]
6 Visualising                      	   4105	00:00:00.000982	(00:00:00.000000 +- 00:00:00.000000)	[00:00:00.000000,00:00:00.000009]
7 Marginalise                      	   4105	00:00:07.877013	(00:00:00.001919 +- 00:00:00.001014)	[00:00:00.000007,00:00:00.012180]
7.1 check/handle lost              	   4105	00:00:00.126131	(00:00:00.000031 +- 00:00:00.000019)	[00:00:00.000000,00:00:00.000197]
7.2 eliminate IMU frames           	   4105	00:00:03.434299	(00:00:00.000837 +- 00:00:00.000612)	[00:00:00.000000,00:00:00.002763]
7.3 convert to posegraph           	   1384	00:00:01.284869	(00:00:00.000928 +- 00:00:00.000731)	[00:00:00.000094,00:00:00.006921]
7.4 freezing                       	   4104	00:00:00.004836	(00:00:00.000001 +- 00:00:00.000002)	[00:00:00.000000,00:00:00.000035]
7.6 expand                         	   4030	00:00:00.979303	(00:00:00.000243 +- 00:00:00.000204)	[00:00:00.000031,00:00:00.004516]
7.7 prune place recognition frames 	   4104	00:00:00.995255	(00:00:00.000243 +- 00:00:00.000142)	[00:00:00.000002,00:00:00.001783]
I20250111 18:53:42.110180 10883 okvis_app_synchronous.cpp:219] Progress: 76% (1 [1%/s], ETA: 24s)
W20250111 18:53:44.994504 10883 ImuError.cpp:650] gyr saturation
W20250111 18:53:44.994544 10883 ImuError.cpp:650] gyr saturation
W20250111 18:53:44.994550 10883 ImuError.cpp:650] gyr saturation
W20250111 18:53:44.994554 10883 ImuError.cpp:650] gyr saturation
W20250111 18:53:44.994557 10883 ImuError.cpp:650] gyr saturation
W20250111 18:53:44.994562 10883 ImuError.cpp:650] gyr saturation
W20250111 18:53:44.994566 10883 ImuError.cpp:650] gyr saturation
W20250111 18:53:44.994570 10883 ImuError.cpp:650] gyr saturation
W20250111 18:53:44.994573 10883 ImuError.cpp:650] gyr saturation
W20250111 18:53:44.994576 10883 ImuError.cpp:650] gyr saturation
W20250111 18:53:44.994580 10883 ImuError.cpp:650] gyr saturation
W20250111 18:53:44.994585 10883 ImuError.cpp:650] gyr saturation
W20250111 18:53:44.994589 10883 ImuError.cpp:650] gyr saturation
W20250111 18:53:44.994593 10883 ImuError.cpp:650] gyr saturation
W20250111 18:53:44.994596 10883 ImuError.cpp:650] gyr saturation
W20250111 18:53:44.994601 10883 ImuError.cpp:650] gyr saturation
W20250111 18:53:44.994603 10883 ImuError.cpp:650] gyr saturation
W20250111 18:53:45.037358 10883 ImuError.cpp:650] gyr saturation
W20250111 18:53:45.037402 10883 ImuError.cpp:650] gyr saturation
W20250111 18:53:45.037405 10883 ImuError.cpp:650] gyr saturation
W20250111 18:53:45.037410 10883 ImuError.cpp:650] gyr saturation
W20250111 18:53:45.037412 10883 ImuError.cpp:650] gyr saturation
W20250111 18:53:45.037415 10883 ImuError.cpp:650] gyr saturation
W20250111 18:53:45.037418 10883 ImuError.cpp:650] gyr saturation
W20250111 18:53:45.037421 10883 ImuError.cpp:650] gyr saturation
W20250111 18:53:45.037424 10883 ImuError.cpp:650] gyr saturation
W20250111 18:53:45.037427 10883 ImuError.cpp:650] gyr saturation
W20250111 18:53:45.037431 10883 ImuError.cpp:650] gyr saturation
W20250111 18:53:45.037433 10883 ImuError.cpp:650] gyr saturation
W20250111 18:53:45.037436 10883 ImuError.cpp:650] gyr saturation
W20250111 18:53:45.037438 10883 ImuError.cpp:650] gyr saturation
W20250111 18:53:45.037441 10883 ImuError.cpp:650] gyr saturation
W20250111 18:53:45.037444 10883 ImuError.cpp:650] gyr saturation
W20250111 18:53:45.037447 10883 ImuError.cpp:650] gyr saturation
W20250111 18:53:45.037876 10883 ImuError.cpp:650] gyr saturation
W20250111 18:53:45.037882 10883 ImuError.cpp:650] gyr saturation
W20250111 18:53:45.037884 10883 ImuError.cpp:650] gyr saturation
W20250111 18:53:45.037887 10883 ImuError.cpp:650] gyr saturation
W20250111 18:53:45.037890 10883 ImuError.cpp:650] gyr saturation
W20250111 18:53:45.037894 10883 ImuError.cpp:650] gyr saturation
W20250111 18:53:45.037895 10883 ImuError.cpp:650] gyr saturation
W20250111 18:53:45.037899 10883 ImuError.cpp:650] gyr saturation
W20250111 18:53:45.037901 10883 ImuError.cpp:650] gyr saturation
W20250111 18:53:45.037904 10883 ImuError.cpp:650] gyr saturation
W20250111 18:53:45.037907 10883 ImuError.cpp:650] gyr saturation
W20250111 18:53:45.037910 10883 ImuError.cpp:650] gyr saturation
W20250111 18:53:45.037912 10883 ImuError.cpp:650] gyr saturation
W20250111 18:53:45.037915 10883 ImuError.cpp:650] gyr saturation
W20250111 18:53:45.037918 10883 ImuError.cpp:650] gyr saturation
W20250111 18:53:45.037921 10883 ImuError.cpp:650] gyr saturation
W20250111 18:53:45.037925 10883 ImuError.cpp:650] gyr saturation
I20250111 18:53:45.039413 10883 Frontend.cpp:2274] RANSAC FAIL: 13 inliers, ratio = 0.684211
W20250111 18:53:45.041096 10883 ImuError.cpp:368] gyr saturation
W20250111 18:53:45.041128 10883 ImuError.cpp:368] gyr saturation
W20250111 18:53:45.041136 10883 ImuError.cpp:368] gyr saturation
W20250111 18:53:45.041153 10883 ImuError.cpp:368] gyr saturation
W20250111 18:53:45.041167 10883 ImuError.cpp:368] gyr saturation
W20250111 18:53:45.041177 10883 ImuError.cpp:368] gyr saturation
W20250111 18:53:45.041184 10883 ImuError.cpp:368] gyr saturation
W20250111 18:53:45.041194 10883 ImuError.cpp:368] gyr saturation
W20250111 18:53:45.041203 10883 ImuError.cpp:368] gyr saturation
W20250111 18:53:45.041210 10883 ImuError.cpp:368] gyr saturation
W20250111 18:53:45.041222 10883 ImuError.cpp:368] gyr saturation
W20250111 18:53:45.041231 10883 ImuError.cpp:368] gyr saturation
W20250111 18:53:45.041239 10883 ImuError.cpp:368] gyr saturation
W20250111 18:53:45.041247 10883 ImuError.cpp:368] gyr saturation
W20250111 18:53:45.041254 10883 ImuError.cpp:368] gyr saturation
W20250111 18:53:45.041265 10883 ImuError.cpp:368] gyr saturation
W20250111 18:53:45.041272 10883 ImuError.cpp:368] gyr saturation
W20250111 18:53:45.045713 10883 ImuError.cpp:650] gyr saturation
W20250111 18:53:45.045746 10883 ImuError.cpp:650] gyr saturation
W20250111 18:53:45.045753 10883 ImuError.cpp:650] gyr saturation
W20250111 18:53:45.045755 10883 ImuError.cpp:650] gyr saturation
W20250111 18:53:45.045759 10883 ImuError.cpp:650] gyr saturation
W20250111 18:53:45.045764 10883 ImuError.cpp:650] gyr saturation
W20250111 18:53:45.045768 10883 ImuError.cpp:650] gyr saturation
W20250111 18:53:45.045773 10883 ImuError.cpp:650] gyr saturation
W20250111 18:53:45.045778 10883 ImuError.cpp:650] gyr saturation
W20250111 18:53:45.045782 10883 ImuError.cpp:650] gyr saturation
W20250111 18:53:45.045786 10883 ImuError.cpp:650] gyr saturation
W20250111 18:53:45.045791 10883 ImuError.cpp:650] gyr saturation
W20250111 18:53:45.045795 10883 ImuError.cpp:650] gyr saturation
W20250111 18:53:45.045799 10883 ImuError.cpp:650] gyr saturation
W20250111 18:53:45.045806 10883 ImuError.cpp:650] gyr saturation
W20250111 18:53:45.045809 10883 ImuError.cpp:650] gyr saturation
W20250111 18:53:45.045814 10883 ImuError.cpp:650] gyr saturation
W20250111 18:53:45.045817 10883 ImuError.cpp:650] gyr saturation
W20250111 18:53:45.045820 10883 ImuError.cpp:650] gyr saturation
W20250111 18:53:45.045825 10883 ImuError.cpp:650] gyr saturation
W20250111 18:53:45.045830 10883 ImuError.cpp:650] gyr saturation
W20250111 18:53:45.045832 10883 ImuError.cpp:650] gyr saturation
W20250111 18:53:45.045835 10883 ImuError.cpp:650] gyr saturation
W20250111 18:53:45.045840 10883 ImuError.cpp:650] gyr saturation
W20250111 18:53:45.045845 10883 ImuError.cpp:650] gyr saturation
W20250111 18:53:45.045847 10883 ImuError.cpp:650] gyr saturation
W20250111 18:53:45.045851 10883 ImuError.cpp:650] gyr saturation
W20250111 18:53:45.045854 10883 ImuError.cpp:650] gyr saturation
W20250111 18:53:45.045858 10883 ImuError.cpp:650] gyr saturation
W20250111 18:53:45.045863 10883 ImuError.cpp:650] gyr saturation
W20250111 18:53:45.045866 10883 ImuError.cpp:650] gyr saturation
W20250111 18:53:45.045871 10883 ImuError.cpp:650] gyr saturation
W20250111 18:53:45.045876 10883 ImuError.cpp:650] gyr saturation
W20250111 18:53:45.045878 10883 ImuError.cpp:650] gyr saturation
W20250111 18:53:45.045882 10883 ImuError.cpp:650] gyr saturation
W20250111 18:53:45.045886 10883 ImuError.cpp:650] gyr saturation
W20250111 18:53:45.045889 10883 ImuError.cpp:650] gyr saturation
W20250111 18:53:45.045893 10883 ImuError.cpp:650] gyr saturation
W20250111 18:53:45.045897 10883 ImuError.cpp:650] gyr saturation
W20250111 18:53:45.045900 10883 ImuError.cpp:650] gyr saturation
W20250111 18:53:45.045904 10883 ImuError.cpp:650] gyr saturation
W20250111 18:53:45.045909 10883 ImuError.cpp:650] gyr saturation
W20250111 18:53:45.045914 10883 ImuError.cpp:650] gyr saturation
W20250111 18:53:45.045918 10883 ImuError.cpp:650] gyr saturation
W20250111 18:53:45.045921 10883 ImuError.cpp:650] gyr saturation
W20250111 18:53:45.045926 10883 ImuError.cpp:650] gyr saturation
W20250111 18:53:45.045933 10883 ImuError.cpp:650] gyr saturation
W20250111 18:53:45.045935 10883 ImuError.cpp:650] gyr saturation
W20250111 18:53:45.045939 10883 ImuError.cpp:650] gyr saturation
W20250111 18:53:45.045949 10883 ImuError.cpp:650] gyr saturation
W20250111 18:53:45.045953 10883 ImuError.cpp:650] gyr saturation
W20250111 18:53:45.088035 10883 ImuError.cpp:650] gyr saturation
W20250111 18:53:45.088073 10883 ImuError.cpp:650] gyr saturation
W20250111 18:53:45.088078 10883 ImuError.cpp:650] gyr saturation
W20250111 18:53:45.088083 10883 ImuError.cpp:650] gyr saturation
W20250111 18:53:45.088088 10883 ImuError.cpp:650] gyr saturation
W20250111 18:53:45.088102 10883 ImuError.cpp:650] gyr saturation
W20250111 18:53:45.088107 10883 ImuError.cpp:650] gyr saturation
W20250111 18:53:45.088111 10883 ImuError.cpp:650] gyr saturation
W20250111 18:53:45.088117 10883 ImuError.cpp:650] gyr saturation
W20250111 18:53:45.088122 10883 ImuError.cpp:650] gyr saturation
W20250111 18:53:45.088126 10883 ImuError.cpp:650] gyr saturation
W20250111 18:53:45.088130 10883 ImuError.cpp:650] gyr saturation
W20250111 18:53:45.088135 10883 ImuError.cpp:650] gyr saturation
W20250111 18:53:45.088138 10883 ImuError.cpp:650] gyr saturation
W20250111 18:53:45.088142 10883 ImuError.cpp:650] gyr saturation
W20250111 18:53:45.088146 10883 ImuError.cpp:650] gyr saturation
W20250111 18:53:45.088150 10883 ImuError.cpp:650] gyr saturation
W20250111 18:53:45.088153 10883 ImuError.cpp:650] gyr saturation
W20250111 18:53:45.088157 10883 ImuError.cpp:650] gyr saturation
W20250111 18:53:45.088161 10883 ImuError.cpp:650] gyr saturation
W20250111 18:53:45.088164 10883 ImuError.cpp:650] gyr saturation
W20250111 18:53:45.088168 10883 ImuError.cpp:650] gyr saturation
W20250111 18:53:45.088171 10883 ImuError.cpp:650] gyr saturation
W20250111 18:53:45.088176 10883 ImuError.cpp:650] gyr saturation
W20250111 18:53:45.088178 10883 ImuError.cpp:650] gyr saturation
W20250111 18:53:45.088182 10883 ImuError.cpp:650] gyr saturation
W20250111 18:53:45.088186 10883 ImuError.cpp:650] gyr saturation
W20250111 18:53:45.088189 10883 ImuError.cpp:650] gyr saturation
W20250111 18:53:45.088192 10883 ImuError.cpp:650] gyr saturation
W20250111 18:53:45.088196 10883 ImuError.cpp:650] gyr saturation
W20250111 18:53:45.088199 10883 ImuError.cpp:650] gyr saturation
W20250111 18:53:45.088203 10883 ImuError.cpp:650] gyr saturation
W20250111 18:53:45.088207 10883 ImuError.cpp:650] gyr saturation
W20250111 18:53:45.088210 10883 ImuError.cpp:650] gyr saturation
W20250111 18:53:45.088214 10883 ImuError.cpp:650] gyr saturation
W20250111 18:53:45.088332 10883 ImuError.cpp:650] gyr saturation
W20250111 18:53:45.088337 10883 ImuError.cpp:650] gyr saturation
W20250111 18:53:45.088341 10883 ImuError.cpp:650] gyr saturation
W20250111 18:53:45.088344 10883 ImuError.cpp:650] gyr saturation
W20250111 18:53:45.088348 10883 ImuError.cpp:650] gyr saturation
W20250111 18:53:45.088351 10883 ImuError.cpp:650] gyr saturation
W20250111 18:53:45.088356 10883 ImuError.cpp:650] gyr saturation
W20250111 18:53:45.088358 10883 ImuError.cpp:650] gyr saturation
W20250111 18:53:45.088362 10883 ImuError.cpp:650] gyr saturation
W20250111 18:53:45.088366 10883 ImuError.cpp:650] gyr saturation
W20250111 18:53:45.088368 10883 ImuError.cpp:650] gyr saturation
W20250111 18:53:45.088372 10883 ImuError.cpp:650] gyr saturation
W20250111 18:53:45.088375 10883 ImuError.cpp:650] gyr saturation
W20250111 18:53:45.088378 10883 ImuError.cpp:650] gyr saturation
W20250111 18:53:45.088382 10883 ImuError.cpp:650] gyr saturation
W20250111 18:53:45.088385 10883 ImuError.cpp:650] gyr saturation
W20250111 18:53:45.088388 10883 ImuError.cpp:650] gyr saturation
W20250111 18:53:45.088392 10883 ImuError.cpp:650] gyr saturation
W20250111 18:53:45.088395 10883 ImuError.cpp:650] gyr saturation
W20250111 18:53:45.088398 10883 ImuError.cpp:650] gyr saturation
W20250111 18:53:45.088403 10883 ImuError.cpp:650] gyr saturation
W20250111 18:53:45.088407 10883 ImuError.cpp:650] gyr saturation
W20250111 18:53:45.088410 10883 ImuError.cpp:650] gyr saturation
W20250111 18:53:45.088414 10883 ImuError.cpp:650] gyr saturation
W20250111 18:53:45.088418 10883 ImuError.cpp:650] gyr saturation
W20250111 18:53:45.088420 10883 ImuError.cpp:650] gyr saturation
W20250111 18:53:45.088426 10883 ImuError.cpp:650] gyr saturation
W20250111 18:53:45.088434 10883 ImuError.cpp:650] gyr saturation
W20250111 18:53:45.088438 10883 ImuError.cpp:650] gyr saturation
W20250111 18:53:45.088441 10883 ImuError.cpp:650] gyr saturation
W20250111 18:53:45.088445 10883 ImuError.cpp:650] gyr saturation
W20250111 18:53:45.088449 10883 ImuError.cpp:650] gyr saturation
W20250111 18:53:45.088452 10883 ImuError.cpp:650] gyr saturation
W20250111 18:53:45.088459 10883 ImuError.cpp:650] gyr saturation
W20250111 18:53:45.088464 10883 ImuError.cpp:650] gyr saturation
W20250111 18:53:45.090807 10883 ImuError.cpp:368] gyr saturation
W20250111 18:53:45.090843 10883 ImuError.cpp:368] gyr saturation
W20250111 18:53:45.090852 10883 ImuError.cpp:368] gyr saturation
W20250111 18:53:45.090862 10883 ImuError.cpp:368] gyr saturation
W20250111 18:53:45.090871 10883 ImuError.cpp:368] gyr saturation
W20250111 18:53:45.090879 10883 ImuError.cpp:368] gyr saturation
W20250111 18:53:45.090888 10883 ImuError.cpp:368] gyr saturation
W20250111 18:53:45.090898 10883 ImuError.cpp:368] gyr saturation
W20250111 18:53:45.090906 10883 ImuError.cpp:368] gyr saturation
W20250111 18:53:45.090915 10883 ImuError.cpp:368] gyr saturation
W20250111 18:53:45.090924 10883 ImuError.cpp:368] gyr saturation
W20250111 18:53:45.090932 10883 ImuError.cpp:368] gyr saturation
W20250111 18:53:45.090940 10883 ImuError.cpp:368] gyr saturation
W20250111 18:53:45.090948 10883 ImuError.cpp:368] gyr saturation
W20250111 18:53:45.090956 10883 ImuError.cpp:368] gyr saturation
W20250111 18:53:45.090965 10883 ImuError.cpp:368] gyr saturation
W20250111 18:53:45.090973 10883 ImuError.cpp:368] gyr saturation
W20250111 18:53:45.090982 10883 ImuError.cpp:368] gyr saturation
W20250111 18:53:45.090992 10883 ImuError.cpp:368] gyr saturation
W20250111 18:53:45.091001 10883 ImuError.cpp:368] gyr saturation
W20250111 18:53:45.091008 10883 ImuError.cpp:368] gyr saturation
W20250111 18:53:45.091017 10883 ImuError.cpp:368] gyr saturation
W20250111 18:53:45.091027 10883 ImuError.cpp:368] gyr saturation
W20250111 18:53:45.091035 10883 ImuError.cpp:368] gyr saturation
W20250111 18:53:45.091043 10883 ImuError.cpp:368] gyr saturation
W20250111 18:53:45.091051 10883 ImuError.cpp:368] gyr saturation
W20250111 18:53:45.091060 10883 ImuError.cpp:368] gyr saturation
W20250111 18:53:45.091068 10883 ImuError.cpp:368] gyr saturation
W20250111 18:53:45.091077 10883 ImuError.cpp:368] gyr saturation
W20250111 18:53:45.091085 10883 ImuError.cpp:368] gyr saturation
W20250111 18:53:45.091095 10883 ImuError.cpp:368] gyr saturation
W20250111 18:53:45.091104 10883 ImuError.cpp:368] gyr saturation
W20250111 18:53:45.091111 10883 ImuError.cpp:368] gyr saturation
W20250111 18:53:45.091120 10883 ImuError.cpp:368] gyr saturation
W20250111 18:53:45.091130 10883 ImuError.cpp:368] gyr saturation
W20250111 18:53:45.093277 10883 Frontend.cpp:612] 3d2d tracking weak: quality=0. Number of 3d2d-matches: 8
W20250111 18:53:45.095276 10883 ImuError.cpp:650] gyr saturation
W20250111 18:53:45.095292 10883 ImuError.cpp:650] gyr saturation
W20250111 18:53:45.095296 10883 ImuError.cpp:650] gyr saturation
W20250111 18:53:45.095300 10883 ImuError.cpp:650] gyr saturation
W20250111 18:53:45.095304 10883 ImuError.cpp:650] gyr saturation
W20250111 18:53:45.095309 10883 ImuError.cpp:650] gyr saturation
W20250111 18:53:45.095317 10883 ImuError.cpp:650] gyr saturation
W20250111 18:53:45.095322 10883 ImuError.cpp:650] gyr saturation
W20250111 18:53:45.095325 10883 ImuError.cpp:650] gyr saturation
W20250111 18:53:45.095329 10883 ImuError.cpp:650] gyr saturation
W20250111 18:53:45.095333 10883 ImuError.cpp:650] gyr saturation
W20250111 18:53:45.095337 10883 ImuError.cpp:650] gyr saturation
W20250111 18:53:45.095340 10883 ImuError.cpp:650] gyr saturation
W20250111 18:53:45.095345 10883 ImuError.cpp:650] gyr saturation
W20250111 18:53:45.095348 10883 ImuError.cpp:650] gyr saturation
W20250111 18:53:45.095351 10883 ImuError.cpp:650] gyr saturation
W20250111 18:53:45.095355 10883 ImuError.cpp:650] gyr saturation
W20250111 18:53:45.095366 10883 ImuError.cpp:650] gyr saturation
W20250111 18:53:45.095368 10883 ImuError.cpp:650] gyr saturation
W20250111 18:53:45.095374 10883 ImuError.cpp:650] gyr saturation
W20250111 18:53:45.095379 10883 ImuError.cpp:650] gyr saturation
W20250111 18:53:45.095382 10883 ImuError.cpp:650] gyr saturation
W20250111 18:53:45.095387 10883 ImuError.cpp:650] gyr saturation
W20250111 18:53:45.095391 10883 ImuError.cpp:650] gyr saturation
W20250111 18:53:45.095399 10883 ImuError.cpp:650] gyr saturation
W20250111 18:53:45.095403 10883 ImuError.cpp:650] gyr saturation
W20250111 18:53:45.095408 10883 ImuError.cpp:650] gyr saturation
W20250111 18:53:45.095412 10883 ImuError.cpp:650] gyr saturation
W20250111 18:53:45.095417 10883 ImuError.cpp:650] gyr saturation
W20250111 18:53:45.095420 10883 ImuError.cpp:650] gyr saturation
W20250111 18:53:45.095424 10883 ImuError.cpp:650] gyr saturation
W20250111 18:53:45.095429 10883 ImuError.cpp:650] gyr saturation
W20250111 18:53:45.095432 10883 ImuError.cpp:650] gyr saturation
W20250111 18:53:45.095436 10883 ImuError.cpp:650] gyr saturation
W20250111 18:53:45.095443 10883 ImuError.cpp:650] gyr saturation
W20250111 18:53:45.095445 10883 ImuError.cpp:650] gyr saturation
W20250111 18:53:45.095449 10883 ImuError.cpp:650] gyr saturation
W20250111 18:53:45.095453 10883 ImuError.cpp:650] gyr saturation
W20250111 18:53:45.095458 10883 ImuError.cpp:650] gyr saturation
W20250111 18:53:45.095460 10883 ImuError.cpp:650] gyr saturation
W20250111 18:53:45.095465 10883 ImuError.cpp:650] gyr saturation
W20250111 18:53:45.095469 10883 ImuError.cpp:650] gyr saturation
W20250111 18:53:45.095472 10883 ImuError.cpp:650] gyr saturation
W20250111 18:53:45.095479 10883 ImuError.cpp:650] gyr saturation
W20250111 18:53:45.095481 10883 ImuError.cpp:650] gyr saturation
W20250111 18:53:45.095485 10883 ImuError.cpp:650] gyr saturation
W20250111 18:53:45.095490 10883 ImuError.cpp:650] gyr saturation
W20250111 18:53:45.095494 10883 ImuError.cpp:650] gyr saturation
W20250111 18:53:45.095499 10883 ImuError.cpp:650] gyr saturation
W20250111 18:53:45.095503 10883 ImuError.cpp:650] gyr saturation
W20250111 18:53:45.095506 10883 ImuError.cpp:650] gyr saturation
W20250111 18:53:45.095511 10883 ImuError.cpp:650] gyr saturation
W20250111 18:53:45.095516 10883 ImuError.cpp:650] gyr saturation
W20250111 18:53:45.095521 10883 ImuError.cpp:650] gyr saturation
W20250111 18:53:45.095525 10883 ImuError.cpp:650] gyr saturation
W20250111 18:53:45.095530 10883 ImuError.cpp:650] gyr saturation
W20250111 18:53:45.095532 10883 ImuError.cpp:650] gyr saturation
W20250111 18:53:45.095537 10883 ImuError.cpp:650] gyr saturation
W20250111 18:53:45.095541 10883 ImuError.cpp:650] gyr saturation
W20250111 18:53:45.095544 10883 ImuError.cpp:650] gyr saturation
W20250111 18:53:45.095551 10883 ImuError.cpp:650] gyr saturation
W20250111 18:53:45.095553 10883 ImuError.cpp:650] gyr saturation
W20250111 18:53:45.095557 10883 ImuError.cpp:650] gyr saturation
W20250111 18:53:45.095563 10883 ImuError.cpp:650] gyr saturation
W20250111 18:53:45.095567 10883 ImuError.cpp:650] gyr saturation
W20250111 18:53:45.095571 10883 ImuError.cpp:650] gyr saturation
W20250111 18:53:45.095577 10883 ImuError.cpp:650] gyr saturation
W20250111 18:53:45.095582 10883 ImuError.cpp:650] gyr saturation
W20250111 18:53:45.137895 10883 ImuError.cpp:650] gyr saturation
W20250111 18:53:45.137955 10883 ImuError.cpp:650] gyr saturation
W20250111 18:53:45.137964 10883 ImuError.cpp:650] gyr saturation
W20250111 18:53:45.137969 10883 ImuError.cpp:650] gyr saturation
W20250111 18:53:45.137974 10883 ImuError.cpp:650] gyr saturation
W20250111 18:53:45.137977 10883 ImuError.cpp:650] gyr saturation
W20250111 18:53:45.137984 10883 ImuError.cpp:650] gyr saturation
W20250111 18:53:45.137989 10883 ImuError.cpp:650] gyr saturation
W20250111 18:53:45.137995 10883 ImuError.cpp:650] gyr saturation
W20250111 18:53:45.138000 10883 ImuError.cpp:650] gyr saturation
W20250111 18:53:45.138005 10883 ImuError.cpp:650] gyr saturation
W20250111 18:53:45.138010 10883 ImuError.cpp:650] gyr saturation
W20250111 18:53:45.138021 10883 ImuError.cpp:650] gyr saturation
W20250111 18:53:45.138026 10883 ImuError.cpp:650] gyr saturation
W20250111 18:53:45.138031 10883 ImuError.cpp:650] gyr saturation
W20250111 18:53:45.138036 10883 ImuError.cpp:650] gyr saturation
W20250111 18:53:45.138041 10883 ImuError.cpp:650] gyr saturation
W20250111 18:53:45.138046 10883 ImuError.cpp:650] gyr saturation
W20250111 18:53:45.138051 10883 ImuError.cpp:650] gyr saturation
W20250111 18:53:45.138062 10883 ImuError.cpp:650] gyr saturation
W20250111 18:53:45.138068 10883 ImuError.cpp:650] gyr saturation
W20250111 18:53:45.138073 10883 ImuError.cpp:650] gyr saturation
W20250111 18:53:45.138079 10883 ImuError.cpp:650] gyr saturation
W20250111 18:53:45.138084 10883 ImuError.cpp:650] gyr saturation
W20250111 18:53:45.138089 10883 ImuError.cpp:650] gyr saturation
W20250111 18:53:45.138094 10883 ImuError.cpp:650] gyr saturation
W20250111 18:53:45.138099 10883 ImuError.cpp:650] gyr saturation
W20250111 18:53:45.138104 10883 ImuError.cpp:650] gyr saturation
W20250111 18:53:45.138109 10883 ImuError.cpp:650] gyr saturation
W20250111 18:53:45.138114 10883 ImuError.cpp:650] gyr saturation
W20250111 18:53:45.138119 10883 ImuError.cpp:650] gyr saturation
W20250111 18:53:45.138124 10883 ImuError.cpp:650] gyr saturation
W20250111 18:53:45.138129 10883 ImuError.cpp:650] gyr saturation
W20250111 18:53:45.138134 10883 ImuError.cpp:650] gyr saturation
W20250111 18:53:45.138288 10883 ImuError.cpp:650] gyr saturation
W20250111 18:53:45.138295 10883 ImuError.cpp:650] gyr saturation
W20250111 18:53:45.138300 10883 ImuError.cpp:650] gyr saturation
W20250111 18:53:45.138305 10883 ImuError.cpp:650] gyr saturation
W20250111 18:53:45.138310 10883 ImuError.cpp:650] gyr saturation
W20250111 18:53:45.138315 10883 ImuError.cpp:650] gyr saturation
W20250111 18:53:45.138320 10883 ImuError.cpp:650] gyr saturation
W20250111 18:53:45.138325 10883 ImuError.cpp:650] gyr saturation
W20250111 18:53:45.138331 10883 ImuError.cpp:650] gyr saturation
W20250111 18:53:45.138336 10883 ImuError.cpp:650] gyr saturation
W20250111 18:53:45.138341 10883 ImuError.cpp:650] gyr saturation
W20250111 18:53:45.138346 10883 ImuError.cpp:650] gyr saturation
W20250111 18:53:45.138351 10883 ImuError.cpp:650] gyr saturation
W20250111 18:53:45.138356 10883 ImuError.cpp:650] gyr saturation
W20250111 18:53:45.138362 10883 ImuError.cpp:650] gyr saturation
W20250111 18:53:45.138367 10883 ImuError.cpp:650] gyr saturation
W20250111 18:53:45.138372 10883 ImuError.cpp:650] gyr saturation
W20250111 18:53:45.138377 10883 ImuError.cpp:650] gyr saturation
W20250111 18:53:45.138382 10883 ImuError.cpp:650] gyr saturation
W20250111 18:53:45.138388 10883 ImuError.cpp:650] gyr saturation
W20250111 18:53:45.138392 10883 ImuError.cpp:650] gyr saturation
W20250111 18:53:45.138397 10883 ImuError.cpp:650] gyr saturation
W20250111 18:53:45.138402 10883 ImuError.cpp:650] gyr saturation
W20250111 18:53:45.138407 10883 ImuError.cpp:650] gyr saturation
W20250111 18:53:45.138413 10883 ImuError.cpp:650] gyr saturation
W20250111 18:53:45.138417 10883 ImuError.cpp:650] gyr saturation
W20250111 18:53:45.138422 10883 ImuError.cpp:650] gyr saturation
W20250111 18:53:45.138427 10883 ImuError.cpp:650] gyr saturation
W20250111 18:53:45.138432 10883 ImuError.cpp:650] gyr saturation
W20250111 18:53:45.138437 10883 ImuError.cpp:650] gyr saturation
W20250111 18:53:45.138442 10883 ImuError.cpp:650] gyr saturation
W20250111 18:53:45.138447 10883 ImuError.cpp:650] gyr saturation
W20250111 18:53:45.138453 10883 ImuError.cpp:650] gyr saturation
W20250111 18:53:45.138458 10883 ImuError.cpp:650] gyr saturation
I20250111 18:53:45.140883 10883 Frontend.cpp:2274] RANSAC FAIL: 9 inliers, ratio = 0.529412
W20250111 18:53:45.143999 10883 ImuError.cpp:368] gyr saturation
W20250111 18:53:45.144070 10883 ImuError.cpp:368] gyr saturation
W20250111 18:53:45.144083 10883 ImuError.cpp:368] gyr saturation
W20250111 18:53:45.144094 10883 ImuError.cpp:368] gyr saturation
W20250111 18:53:45.144105 10883 ImuError.cpp:368] gyr saturation
W20250111 18:53:45.144116 10883 ImuError.cpp:368] gyr saturation
W20250111 18:53:45.144129 10883 ImuError.cpp:368] gyr saturation
W20250111 18:53:45.144150 10883 ImuError.cpp:368] gyr saturation
W20250111 18:53:45.144160 10883 ImuError.cpp:368] gyr saturation
W20250111 18:53:45.144171 10883 ImuError.cpp:368] gyr saturation
W20250111 18:53:45.144182 10883 ImuError.cpp:368] gyr saturation
W20250111 18:53:45.144193 10883 ImuError.cpp:368] gyr saturation
W20250111 18:53:45.144204 10883 ImuError.cpp:368] gyr saturation
W20250111 18:53:45.144220 10883 ImuError.cpp:368] gyr saturation
W20250111 18:53:45.144232 10883 ImuError.cpp:368] gyr saturation
W20250111 18:53:45.144243 10883 ImuError.cpp:368] gyr saturation
W20250111 18:53:45.144253 10883 ImuError.cpp:368] gyr saturation
W20250111 18:53:45.144264 10883 ImuError.cpp:368] gyr saturation
W20250111 18:53:45.144275 10883 ImuError.cpp:368] gyr saturation
W20250111 18:53:45.144286 10883 ImuError.cpp:368] gyr saturation
W20250111 18:53:45.144297 10883 ImuError.cpp:368] gyr saturation
W20250111 18:53:45.144308 10883 ImuError.cpp:368] gyr saturation
W20250111 18:53:45.144320 10883 ImuError.cpp:368] gyr saturation
W20250111 18:53:45.144330 10883 ImuError.cpp:368] gyr saturation
W20250111 18:53:45.144341 10883 ImuError.cpp:368] gyr saturation
W20250111 18:53:45.144351 10883 ImuError.cpp:368] gyr saturation
W20250111 18:53:45.144362 10883 ImuError.cpp:368] gyr saturation
W20250111 18:53:45.144373 10883 ImuError.cpp:368] gyr saturation
W20250111 18:53:45.144384 10883 ImuError.cpp:368] gyr saturation
W20250111 18:53:45.144395 10883 ImuError.cpp:368] gyr saturation
W20250111 18:53:45.144407 10883 ImuError.cpp:368] gyr saturation
W20250111 18:53:45.144418 10883 ImuError.cpp:368] gyr saturation
W20250111 18:53:45.144428 10883 ImuError.cpp:368] gyr saturation
W20250111 18:53:45.144438 10883 ImuError.cpp:368] gyr saturation
W20250111 18:53:45.151613 10883 ImuError.cpp:650] gyr saturation
W20250111 18:53:45.151677 10883 ImuError.cpp:650] gyr saturation
W20250111 18:53:45.151685 10883 ImuError.cpp:650] gyr saturation
W20250111 18:53:45.151691 10883 ImuError.cpp:650] gyr saturation
W20250111 18:53:45.151697 10883 ImuError.cpp:650] gyr saturation
W20250111 18:53:45.151703 10883 ImuError.cpp:650] gyr saturation
W20250111 18:53:45.151710 10883 ImuError.cpp:650] gyr saturation
W20250111 18:53:45.151715 10883 ImuError.cpp:650] gyr saturation
W20250111 18:53:45.151722 10883 ImuError.cpp:650] gyr saturation
W20250111 18:53:45.151728 10883 ImuError.cpp:650] gyr saturation
W20250111 18:53:45.151734 10883 ImuError.cpp:650] gyr saturation
W20250111 18:53:45.151741 10883 ImuError.cpp:650] gyr saturation
W20250111 18:53:45.151746 10883 ImuError.cpp:650] gyr saturation
W20250111 18:53:45.151752 10883 ImuError.cpp:650] gyr saturation
W20250111 18:53:45.151759 10883 ImuError.cpp:650] gyr saturation
W20250111 18:53:45.151764 10883 ImuError.cpp:650] gyr saturation
W20250111 18:53:45.151772 10883 ImuError.cpp:650] gyr saturation
W20250111 18:53:45.151777 10883 ImuError.cpp:650] gyr saturation
W20250111 18:53:45.151782 10883 ImuError.cpp:650] gyr saturation
W20250111 18:53:45.151787 10883 ImuError.cpp:650] gyr saturation
W20250111 18:53:45.151794 10883 ImuError.cpp:650] gyr saturation
W20250111 18:53:45.151799 10883 ImuError.cpp:650] gyr saturation
W20250111 18:53:45.151805 10883 ImuError.cpp:650] gyr saturation
W20250111 18:53:45.151811 10883 ImuError.cpp:650] gyr saturation
W20250111 18:53:45.151816 10883 ImuError.cpp:650] gyr saturation
W20250111 18:53:45.151822 10883 ImuError.cpp:650] gyr saturation
W20250111 18:53:45.151835 10883 ImuError.cpp:650] gyr saturation
W20250111 18:53:45.151841 10883 ImuError.cpp:650] gyr saturation
W20250111 18:53:45.151847 10883 ImuError.cpp:650] gyr saturation
W20250111 18:53:45.151852 10883 ImuError.cpp:650] gyr saturation
W20250111 18:53:45.151858 10883 ImuError.cpp:650] gyr saturation
W20250111 18:53:45.151866 10883 ImuError.cpp:650] gyr saturation
W20250111 18:53:45.151871 10883 ImuError.cpp:650] gyr saturation
W20250111 18:53:45.151876 10883 ImuError.cpp:650] gyr saturation
W20250111 18:53:45.151882 10883 ImuError.cpp:650] gyr saturation
W20250111 18:53:45.151888 10883 ImuError.cpp:650] gyr saturation
W20250111 18:53:45.151903 10883 ImuError.cpp:650] gyr saturation
W20250111 18:53:45.151909 10883 ImuError.cpp:650] gyr saturation
W20250111 18:53:45.151914 10883 ImuError.cpp:650] gyr saturation
W20250111 18:53:45.151921 10883 ImuError.cpp:650] gyr saturation
W20250111 18:53:45.151925 10883 ImuError.cpp:650] gyr saturation
W20250111 18:53:45.151932 10883 ImuError.cpp:650] gyr saturation
W20250111 18:53:45.151943 10883 ImuError.cpp:650] gyr saturation
W20250111 18:53:45.151949 10883 ImuError.cpp:650] gyr saturation
W20250111 18:53:45.151955 10883 ImuError.cpp:650] gyr saturation
W20250111 18:53:45.151960 10883 ImuError.cpp:650] gyr saturation
W20250111 18:53:45.151966 10883 ImuError.cpp:650] gyr saturation
W20250111 18:53:45.151973 10883 ImuError.cpp:650] gyr saturation
W20250111 18:53:45.151978 10883 ImuError.cpp:650] gyr saturation
W20250111 18:53:45.151984 10883 ImuError.cpp:650] gyr saturation
W20250111 18:53:45.151990 10883 ImuError.cpp:650] gyr saturation
W20250111 18:53:45.151996 10883 ImuError.cpp:650] gyr saturation
W20250111 18:53:45.152002 10883 ImuError.cpp:650] gyr saturation
W20250111 18:53:45.152009 10883 ImuError.cpp:650] gyr saturation
W20250111 18:53:45.152014 10883 ImuError.cpp:650] gyr saturation
W20250111 18:53:45.152019 10883 ImuError.cpp:650] gyr saturation
W20250111 18:53:45.152025 10883 ImuError.cpp:650] gyr saturation
W20250111 18:53:45.152030 10883 ImuError.cpp:650] gyr saturation
W20250111 18:53:45.152036 10883 ImuError.cpp:650] gyr saturation
W20250111 18:53:45.152041 10883 ImuError.cpp:650] gyr saturation
W20250111 18:53:45.152047 10883 ImuError.cpp:650] gyr saturation
W20250111 18:53:45.152052 10883 ImuError.cpp:650] gyr saturation
W20250111 18:53:45.152058 10883 ImuError.cpp:650] gyr saturation
W20250111 18:53:45.152063 10883 ImuError.cpp:650] gyr saturation
W20250111 18:53:45.152069 10883 ImuError.cpp:650] gyr saturation
W20250111 18:53:45.152076 10883 ImuError.cpp:650] gyr saturation
W20250111 18:53:45.152081 10883 ImuError.cpp:650] gyr saturation
W20250111 18:53:45.185340 10883 ImuError.cpp:650] gyr saturation
W20250111 18:53:45.185384 10883 ImuError.cpp:650] gyr saturation
W20250111 18:53:45.185389 10883 ImuError.cpp:650] gyr saturation
W20250111 18:53:45.185395 10883 ImuError.cpp:650] gyr saturation
W20250111 18:53:45.185400 10883 ImuError.cpp:650] gyr saturation
W20250111 18:53:45.185405 10883 ImuError.cpp:650] gyr saturation
W20250111 18:53:45.185411 10883 ImuError.cpp:650] gyr saturation
W20250111 18:53:45.185416 10883 ImuError.cpp:650] gyr saturation
W20250111 18:53:45.185420 10883 ImuError.cpp:650] gyr saturation
W20250111 18:53:45.185426 10883 ImuError.cpp:650] gyr saturation
W20250111 18:53:45.185431 10883 ImuError.cpp:650] gyr saturation
W20250111 18:53:45.185436 10883 ImuError.cpp:650] gyr saturation
W20250111 18:53:45.185441 10883 ImuError.cpp:650] gyr saturation
W20250111 18:53:45.185446 10883 ImuError.cpp:650] gyr saturation
W20250111 18:53:45.185451 10883 ImuError.cpp:650] gyr saturation
W20250111 18:53:45.185457 10883 ImuError.cpp:650] gyr saturation
W20250111 18:53:45.185462 10883 ImuError.cpp:650] gyr saturation
W20250111 18:53:45.185467 10883 ImuError.cpp:650] gyr saturation
W20250111 18:53:45.185473 10883 ImuError.cpp:650] gyr saturation
W20250111 18:53:45.185478 10883 ImuError.cpp:650] gyr saturation
W20250111 18:53:45.185483 10883 ImuError.cpp:650] gyr saturation
W20250111 18:53:45.185489 10883 ImuError.cpp:650] gyr saturation
W20250111 18:53:45.185494 10883 ImuError.cpp:650] gyr saturation
W20250111 18:53:45.185499 10883 ImuError.cpp:650] gyr saturation
W20250111 18:53:45.185504 10883 ImuError.cpp:650] gyr saturation
W20250111 18:53:45.185509 10883 ImuError.cpp:650] gyr saturation
W20250111 18:53:45.185514 10883 ImuError.cpp:650] gyr saturation
W20250111 18:53:45.185520 10883 ImuError.cpp:650] gyr saturation
W20250111 18:53:45.185525 10883 ImuError.cpp:650] gyr saturation
W20250111 18:53:45.185530 10883 ImuError.cpp:650] gyr saturation
W20250111 18:53:45.185535 10883 ImuError.cpp:650] gyr saturation
W20250111 18:53:45.185540 10883 ImuError.cpp:650] gyr saturation
W20250111 18:53:45.185550 10883 ImuError.cpp:650] gyr saturation
W20250111 18:53:45.185556 10883 ImuError.cpp:650] gyr saturation
W20250111 18:53:45.185755 10883 ImuError.cpp:650] gyr saturation
W20250111 18:53:45.185765 10883 ImuError.cpp:650] gyr saturation
W20250111 18:53:45.185771 10883 ImuError.cpp:650] gyr saturation
W20250111 18:53:45.185776 10883 ImuError.cpp:650] gyr saturation
W20250111 18:53:45.185788 10883 ImuError.cpp:650] gyr saturation
W20250111 18:53:45.185793 10883 ImuError.cpp:650] gyr saturation
W20250111 18:53:45.185799 10883 ImuError.cpp:650] gyr saturation
W20250111 18:53:45.185804 10883 ImuError.cpp:650] gyr saturation
W20250111 18:53:45.185809 10883 ImuError.cpp:650] gyr saturation
W20250111 18:53:45.185814 10883 ImuError.cpp:650] gyr saturation
W20250111 18:53:45.185819 10883 ImuError.cpp:650] gyr saturation
W20250111 18:53:45.185832 10883 ImuError.cpp:650] gyr saturation
W20250111 18:53:45.185838 10883 ImuError.cpp:650] gyr saturation
W20250111 18:53:45.185843 10883 ImuError.cpp:650] gyr saturation
W20250111 18:53:45.185848 10883 ImuError.cpp:650] gyr saturation
W20250111 18:53:45.185853 10883 ImuError.cpp:650] gyr saturation
W20250111 18:53:45.185858 10883 ImuError.cpp:650] gyr saturation
W20250111 18:53:45.185863 10883 ImuError.cpp:650] gyr saturation
W20250111 18:53:45.185868 10883 ImuError.cpp:650] gyr saturation
W20250111 18:53:45.185873 10883 ImuError.cpp:650] gyr saturation
W20250111 18:53:45.185878 10883 ImuError.cpp:650] gyr saturation
W20250111 18:53:45.185883 10883 ImuError.cpp:650] gyr saturation
W20250111 18:53:45.185889 10883 ImuError.cpp:650] gyr saturation
W20250111 18:53:45.185892 10883 ImuError.cpp:650] gyr saturation
W20250111 18:53:45.185899 10883 ImuError.cpp:650] gyr saturation
W20250111 18:53:45.185904 10883 ImuError.cpp:650] gyr saturation
W20250111 18:53:45.185909 10883 ImuError.cpp:650] gyr saturation
W20250111 18:53:45.185914 10883 ImuError.cpp:650] gyr saturation
W20250111 18:53:45.185918 10883 ImuError.cpp:650] gyr saturation
W20250111 18:53:45.185923 10883 ImuError.cpp:650] gyr saturation
W20250111 18:53:45.185928 10883 ImuError.cpp:650] gyr saturation
W20250111 18:53:45.185933 10883 ImuError.cpp:650] gyr saturation
W20250111 18:53:45.185938 10883 ImuError.cpp:650] gyr saturation
W20250111 18:53:45.185943 10883 ImuError.cpp:650] gyr saturation
I20250111 18:53:45.188882 10883 Frontend.cpp:2274] RANSAC FAIL: 5 inliers, ratio = 0.5
W20250111 18:53:45.192281 10883 ImuError.cpp:368] gyr saturation
W20250111 18:53:45.192348 10883 ImuError.cpp:368] gyr saturation
W20250111 18:53:45.192361 10883 ImuError.cpp:368] gyr saturation
W20250111 18:53:45.192373 10883 ImuError.cpp:368] gyr saturation
W20250111 18:53:45.192384 10883 ImuError.cpp:368] gyr saturation
W20250111 18:53:45.192394 10883 ImuError.cpp:368] gyr saturation
W20250111 18:53:45.192404 10883 ImuError.cpp:368] gyr saturation
W20250111 18:53:45.192414 10883 ImuError.cpp:368] gyr saturation
W20250111 18:53:45.192425 10883 ImuError.cpp:368] gyr saturation
W20250111 18:53:45.192435 10883 ImuError.cpp:368] gyr saturation
W20250111 18:53:45.192445 10883 ImuError.cpp:368] gyr saturation
W20250111 18:53:45.192456 10883 ImuError.cpp:368] gyr saturation
W20250111 18:53:45.192466 10883 ImuError.cpp:368] gyr saturation
W20250111 18:53:45.192476 10883 ImuError.cpp:368] gyr saturation
W20250111 18:53:45.192487 10883 ImuError.cpp:368] gyr saturation
W20250111 18:53:45.192497 10883 ImuError.cpp:368] gyr saturation
W20250111 18:53:45.192508 10883 ImuError.cpp:368] gyr saturation
W20250111 18:53:45.192518 10883 ImuError.cpp:368] gyr saturation
W20250111 18:53:45.192529 10883 ImuError.cpp:368] gyr saturation
W20250111 18:53:45.192539 10883 ImuError.cpp:368] gyr saturation
W20250111 18:53:45.192549 10883 ImuError.cpp:368] gyr saturation
W20250111 18:53:45.192560 10883 ImuError.cpp:368] gyr saturation
W20250111 18:53:45.192570 10883 ImuError.cpp:368] gyr saturation
W20250111 18:53:45.192580 10883 ImuError.cpp:368] gyr saturation
W20250111 18:53:45.192591 10883 ImuError.cpp:368] gyr saturation
W20250111 18:53:45.192601 10883 ImuError.cpp:368] gyr saturation
W20250111 18:53:45.192612 10883 ImuError.cpp:368] gyr saturation
W20250111 18:53:45.192631 10883 ImuError.cpp:368] gyr saturation
W20250111 18:53:45.192642 10883 ImuError.cpp:368] gyr saturation
W20250111 18:53:45.192652 10883 ImuError.cpp:368] gyr saturation
W20250111 18:53:45.192663 10883 ImuError.cpp:368] gyr saturation
W20250111 18:53:45.192682 10883 ImuError.cpp:368] gyr saturation
W20250111 18:53:45.192695 10883 ImuError.cpp:368] gyr saturation
W20250111 18:53:45.192706 10883 ImuError.cpp:368] gyr saturation
W20250111 18:53:45.197517 10883 Frontend.cpp:612] 3d2d tracking weak: quality=0. Number of 3d2d-matches: 12
W20250111 18:53:45.200235 10883 ImuError.cpp:650] gyr saturation
W20250111 18:53:45.200289 10883 ImuError.cpp:650] gyr saturation
W20250111 18:53:45.200296 10883 ImuError.cpp:650] gyr saturation
W20250111 18:53:45.200301 10883 ImuError.cpp:650] gyr saturation
W20250111 18:53:45.200307 10883 ImuError.cpp:650] gyr saturation
W20250111 18:53:45.200312 10883 ImuError.cpp:650] gyr saturation
W20250111 18:53:45.200318 10883 ImuError.cpp:650] gyr saturation
W20250111 18:53:45.200323 10883 ImuError.cpp:650] gyr saturation
W20250111 18:53:45.200328 10883 ImuError.cpp:650] gyr saturation
W20250111 18:53:45.200333 10883 ImuError.cpp:650] gyr saturation
W20250111 18:53:45.200340 10883 ImuError.cpp:650] gyr saturation
W20250111 18:53:45.200345 10883 ImuError.cpp:650] gyr saturation
W20250111 18:53:45.200351 10883 ImuError.cpp:650] gyr saturation
W20250111 18:53:45.200356 10883 ImuError.cpp:650] gyr saturation
W20250111 18:53:45.200362 10883 ImuError.cpp:650] gyr saturation
W20250111 18:53:45.200368 10883 ImuError.cpp:650] gyr saturation
W20250111 18:53:45.200374 10883 ImuError.cpp:650] gyr saturation
W20250111 18:53:45.200381 10883 ImuError.cpp:650] gyr saturation
W20250111 18:53:45.200385 10883 ImuError.cpp:650] gyr saturation
W20250111 18:53:45.200392 10883 ImuError.cpp:650] gyr saturation
W20250111 18:53:45.200397 10883 ImuError.cpp:650] gyr saturation
W20250111 18:53:45.200402 10883 ImuError.cpp:650] gyr saturation
W20250111 18:53:45.200407 10883 ImuError.cpp:650] gyr saturation
W20250111 18:53:45.200413 10883 ImuError.cpp:650] gyr saturation
W20250111 18:53:45.200418 10883 ImuError.cpp:650] gyr saturation
W20250111 18:53:45.200424 10883 ImuError.cpp:650] gyr saturation
W20250111 18:53:45.200430 10883 ImuError.cpp:650] gyr saturation
W20250111 18:53:45.200435 10883 ImuError.cpp:650] gyr saturation
W20250111 18:53:45.200441 10883 ImuError.cpp:650] gyr saturation
W20250111 18:53:45.200446 10883 ImuError.cpp:650] gyr saturation
W20250111 18:53:45.200452 10883 ImuError.cpp:650] gyr saturation
W20250111 18:53:45.200457 10883 ImuError.cpp:650] gyr saturation
W20250111 18:53:45.200462 10883 ImuError.cpp:650] gyr saturation
W20250111 18:53:45.200469 10883 ImuError.cpp:650] gyr saturation
W20250111 18:53:45.200474 10883 ImuError.cpp:650] gyr saturation
W20250111 18:53:45.200479 10883 ImuError.cpp:650] gyr saturation
W20250111 18:53:45.200484 10883 ImuError.cpp:650] gyr saturation
W20250111 18:53:45.200489 10883 ImuError.cpp:650] gyr saturation
W20250111 18:53:45.200495 10883 ImuError.cpp:650] gyr saturation
W20250111 18:53:45.200500 10883 ImuError.cpp:650] gyr saturation
W20250111 18:53:45.200505 10883 ImuError.cpp:650] gyr saturation
W20250111 18:53:45.200510 10883 ImuError.cpp:650] gyr saturation
W20250111 18:53:45.200516 10883 ImuError.cpp:650] gyr saturation
W20250111 18:53:45.200521 10883 ImuError.cpp:650] gyr saturation
W20250111 18:53:45.200526 10883 ImuError.cpp:650] gyr saturation
W20250111 18:53:45.200531 10883 ImuError.cpp:650] gyr saturation
W20250111 18:53:45.200537 10883 ImuError.cpp:650] gyr saturation
W20250111 18:53:45.200543 10883 ImuError.cpp:650] gyr saturation
W20250111 18:53:45.200548 10883 ImuError.cpp:650] gyr saturation
W20250111 18:53:45.200553 10883 ImuError.cpp:650] gyr saturation
W20250111 18:53:45.200559 10883 ImuError.cpp:650] gyr saturation
W20250111 18:53:45.200564 10883 ImuError.cpp:650] gyr saturation
W20250111 18:53:45.200569 10883 ImuError.cpp:650] gyr saturation
W20250111 18:53:45.200574 10883 ImuError.cpp:650] gyr saturation
W20250111 18:53:45.200580 10883 ImuError.cpp:650] gyr saturation
W20250111 18:53:45.200594 10883 ImuError.cpp:650] gyr saturation
W20250111 18:53:45.200600 10883 ImuError.cpp:650] gyr saturation
W20250111 18:53:45.200606 10883 ImuError.cpp:650] gyr saturation
W20250111 18:53:45.200611 10883 ImuError.cpp:650] gyr saturation
W20250111 18:53:45.200623 10883 ImuError.cpp:650] gyr saturation
W20250111 18:53:45.200628 10883 ImuError.cpp:650] gyr saturation
W20250111 18:53:45.200634 10883 ImuError.cpp:650] gyr saturation
W20250111 18:53:45.200640 10883 ImuError.cpp:650] gyr saturation
W20250111 18:53:45.200645 10883 ImuError.cpp:650] gyr saturation
W20250111 18:53:45.200651 10883 ImuError.cpp:650] gyr saturation
W20250111 18:53:45.200657 10883 ImuError.cpp:650] gyr saturation
W20250111 18:53:45.229801 10883 ImuError.cpp:650] gyr saturation
W20250111 18:53:45.229852 10883 ImuError.cpp:650] gyr saturation
W20250111 18:53:45.229858 10883 ImuError.cpp:650] gyr saturation
W20250111 18:53:45.229863 10883 ImuError.cpp:650] gyr saturation
W20250111 18:53:45.229869 10883 ImuError.cpp:650] gyr saturation
W20250111 18:53:45.229874 10883 ImuError.cpp:650] gyr saturation
W20250111 18:53:45.229880 10883 ImuError.cpp:650] gyr saturation
W20250111 18:53:45.229885 10883 ImuError.cpp:650] gyr saturation
W20250111 18:53:45.229890 10883 ImuError.cpp:650] gyr saturation
W20250111 18:53:45.229895 10883 ImuError.cpp:650] gyr saturation
W20250111 18:53:45.229900 10883 ImuError.cpp:650] gyr saturation
W20250111 18:53:45.229905 10883 ImuError.cpp:650] gyr saturation
W20250111 18:53:45.229911 10883 ImuError.cpp:650] gyr saturation
W20250111 18:53:45.229916 10883 ImuError.cpp:650] gyr saturation
W20250111 18:53:45.229921 10883 ImuError.cpp:650] gyr saturation
W20250111 18:53:45.229926 10883 ImuError.cpp:650] gyr saturation
W20250111 18:53:45.229933 10883 ImuError.cpp:650] gyr saturation
W20250111 18:53:45.229938 10883 ImuError.cpp:650] gyr saturation
W20250111 18:53:45.229943 10883 ImuError.cpp:650] gyr saturation
W20250111 18:53:45.229946 10883 ImuError.cpp:650] gyr saturation
W20250111 18:53:45.229952 10883 ImuError.cpp:650] gyr saturation
W20250111 18:53:45.229957 10883 ImuError.cpp:650] gyr saturation
W20250111 18:53:45.229962 10883 ImuError.cpp:650] gyr saturation
W20250111 18:53:45.229969 10883 ImuError.cpp:650] gyr saturation
W20250111 18:53:45.229974 10883 ImuError.cpp:650] gyr saturation
W20250111 18:53:45.229979 10883 ImuError.cpp:650] gyr saturation
W20250111 18:53:45.229983 10883 ImuError.cpp:650] gyr saturation
W20250111 18:53:45.229990 10883 ImuError.cpp:650] gyr saturation
W20250111 18:53:45.229995 10883 ImuError.cpp:650] gyr saturation
W20250111 18:53:45.230000 10883 ImuError.cpp:650] gyr saturation
W20250111 18:53:45.230005 10883 ImuError.cpp:650] gyr saturation
W20250111 18:53:45.230010 10883 ImuError.cpp:650] gyr saturation
W20250111 18:53:45.230015 10883 ImuError.cpp:650] gyr saturation
W20250111 18:53:45.230140 10883 ImuError.cpp:650] gyr saturation
W20250111 18:53:45.230149 10883 ImuError.cpp:650] gyr saturation
W20250111 18:53:45.230154 10883 ImuError.cpp:650] gyr saturation
W20250111 18:53:45.230159 10883 ImuError.cpp:650] gyr saturation
W20250111 18:53:45.230165 10883 ImuError.cpp:650] gyr saturation
W20250111 18:53:45.230170 10883 ImuError.cpp:650] gyr saturation
W20250111 18:53:45.230175 10883 ImuError.cpp:650] gyr saturation
W20250111 18:53:45.230180 10883 ImuError.cpp:650] gyr saturation
W20250111 18:53:45.230185 10883 ImuError.cpp:650] gyr saturation
W20250111 18:53:45.230190 10883 ImuError.cpp:650] gyr saturation
W20250111 18:53:45.230195 10883 ImuError.cpp:650] gyr saturation
W20250111 18:53:45.230201 10883 ImuError.cpp:650] gyr saturation
W20250111 18:53:45.230206 10883 ImuError.cpp:650] gyr saturation
W20250111 18:53:45.230211 10883 ImuError.cpp:650] gyr saturation
W20250111 18:53:45.230216 10883 ImuError.cpp:650] gyr saturation
W20250111 18:53:45.230221 10883 ImuError.cpp:650] gyr saturation
W20250111 18:53:45.230226 10883 ImuError.cpp:650] gyr saturation
W20250111 18:53:45.230232 10883 ImuError.cpp:650] gyr saturation
W20250111 18:53:45.230237 10883 ImuError.cpp:650] gyr saturation
W20250111 18:53:45.230249 10883 ImuError.cpp:650] gyr saturation
W20250111 18:53:45.230255 10883 ImuError.cpp:650] gyr saturation
W20250111 18:53:45.230261 10883 ImuError.cpp:650] gyr saturation
W20250111 18:53:45.230266 10883 ImuError.cpp:650] gyr saturation
W20250111 18:53:45.230278 10883 ImuError.cpp:650] gyr saturation
W20250111 18:53:45.230283 10883 ImuError.cpp:650] gyr saturation
W20250111 18:53:45.230289 10883 ImuError.cpp:650] gyr saturation
W20250111 18:53:45.230294 10883 ImuError.cpp:650] gyr saturation
W20250111 18:53:45.230300 10883 ImuError.cpp:650] gyr saturation
W20250111 18:53:45.230305 10883 ImuError.cpp:650] gyr saturation
W20250111 18:53:45.230310 10883 ImuError.cpp:650] gyr saturation
W20250111 18:53:45.230315 10883 ImuError.cpp:650] gyr saturation
W20250111 18:53:45.230321 10883 ImuError.cpp:650] gyr saturation
W20250111 18:53:45.230327 10883 ImuError.cpp:650] gyr saturation
W20250111 18:53:45.234705 10883 ImuError.cpp:368] gyr saturation
W20250111 18:53:45.234814 10883 ImuError.cpp:368] gyr saturation
W20250111 18:53:45.234833 10883 ImuError.cpp:368] gyr saturation
W20250111 18:53:45.234846 10883 ImuError.cpp:368] gyr saturation
W20250111 18:53:45.234858 10883 ImuError.cpp:368] gyr saturation
W20250111 18:53:45.234869 10883 ImuError.cpp:368] gyr saturation
W20250111 18:53:45.234879 10883 ImuError.cpp:368] gyr saturation
W20250111 18:53:45.234890 10883 ImuError.cpp:368] gyr saturation
W20250111 18:53:45.234900 10883 ImuError.cpp:368] gyr saturation
W20250111 18:53:45.234911 10883 ImuError.cpp:368] gyr saturation
W20250111 18:53:45.234922 10883 ImuError.cpp:368] gyr saturation
W20250111 18:53:45.234933 10883 ImuError.cpp:368] gyr saturation
W20250111 18:53:45.234943 10883 ImuError.cpp:368] gyr saturation
W20250111 18:53:45.234954 10883 ImuError.cpp:368] gyr saturation
W20250111 18:53:45.234964 10883 ImuError.cpp:368] gyr saturation
W20250111 18:53:45.234975 10883 ImuError.cpp:368] gyr saturation
W20250111 18:53:45.234985 10883 ImuError.cpp:368] gyr saturation
W20250111 18:53:45.234997 10883 ImuError.cpp:368] gyr saturation
W20250111 18:53:45.235006 10883 ImuError.cpp:368] gyr saturation
W20250111 18:53:45.235016 10883 ImuError.cpp:368] gyr saturation
W20250111 18:53:45.235028 10883 ImuError.cpp:368] gyr saturation
W20250111 18:53:45.235037 10883 ImuError.cpp:368] gyr saturation
W20250111 18:53:45.235047 10883 ImuError.cpp:368] gyr saturation
W20250111 18:53:45.235059 10883 ImuError.cpp:368] gyr saturation
W20250111 18:53:45.235069 10883 ImuError.cpp:368] gyr saturation
W20250111 18:53:45.235080 10883 ImuError.cpp:368] gyr saturation
W20250111 18:53:45.235090 10883 ImuError.cpp:368] gyr saturation
W20250111 18:53:45.235100 10883 ImuError.cpp:368] gyr saturation
W20250111 18:53:45.235110 10883 ImuError.cpp:368] gyr saturation
W20250111 18:53:45.235121 10883 ImuError.cpp:368] gyr saturation
W20250111 18:53:45.235131 10883 ImuError.cpp:368] gyr saturation
W20250111 18:53:45.235141 10883 ImuError.cpp:368] gyr saturation
W20250111 18:53:45.235152 10883 ImuError.cpp:368] gyr saturation
W20250111 18:53:45.239858 10883 Frontend.cpp:612] 3d2d tracking weak: quality=0. Number of 3d2d-matches: 10
W20250111 18:53:45.242349 10883 ImuError.cpp:650] gyr saturation
W20250111 18:53:45.242398 10883 ImuError.cpp:650] gyr saturation
W20250111 18:53:45.242406 10883 ImuError.cpp:650] gyr saturation
W20250111 18:53:45.242411 10883 ImuError.cpp:650] gyr saturation
W20250111 18:53:45.242416 10883 ImuError.cpp:650] gyr saturation
W20250111 18:53:45.242424 10883 ImuError.cpp:650] gyr saturation
W20250111 18:53:45.242429 10883 ImuError.cpp:650] gyr saturation
W20250111 18:53:45.242437 10883 ImuError.cpp:650] gyr saturation
W20250111 18:53:45.242444 10883 ImuError.cpp:650] gyr saturation
W20250111 18:53:45.242448 10883 ImuError.cpp:650] gyr saturation
W20250111 18:53:45.242455 10883 ImuError.cpp:650] gyr saturation
W20250111 18:53:45.242460 10883 ImuError.cpp:650] gyr saturation
W20250111 18:53:45.242466 10883 ImuError.cpp:650] gyr saturation
W20250111 18:53:45.242471 10883 ImuError.cpp:650] gyr saturation
W20250111 18:53:45.242488 10883 ImuError.cpp:650] gyr saturation
W20250111 18:53:45.242493 10883 ImuError.cpp:650] gyr saturation
W20250111 18:53:45.242499 10883 ImuError.cpp:650] gyr saturation
W20250111 18:53:45.242506 10883 ImuError.cpp:650] gyr saturation
W20250111 18:53:45.242516 10883 ImuError.cpp:650] gyr saturation
W20250111 18:53:45.242523 10883 ImuError.cpp:650] gyr saturation
W20250111 18:53:45.242528 10883 ImuError.cpp:650] gyr saturation
W20250111 18:53:45.242534 10883 ImuError.cpp:650] gyr saturation
W20250111 18:53:45.242540 10883 ImuError.cpp:650] gyr saturation
W20250111 18:53:45.242545 10883 ImuError.cpp:650] gyr saturation
W20250111 18:53:45.242551 10883 ImuError.cpp:650] gyr saturation
W20250111 18:53:45.242556 10883 ImuError.cpp:650] gyr saturation
W20250111 18:53:45.242563 10883 ImuError.cpp:650] gyr saturation
W20250111 18:53:45.242568 10883 ImuError.cpp:650] gyr saturation
W20250111 18:53:45.242574 10883 ImuError.cpp:650] gyr saturation
W20250111 18:53:45.242579 10883 ImuError.cpp:650] gyr saturation
W20250111 18:53:45.242585 10883 ImuError.cpp:650] gyr saturation
W20250111 18:53:45.242591 10883 ImuError.cpp:650] gyr saturation
W20250111 18:53:45.242597 10883 ImuError.cpp:650] gyr saturation
W20250111 18:53:45.293180 10883 Frontend.cpp:612] 3d2d tracking weak: quality=0. Number of 3d2d-matches: 5
W20250111 18:53:45.337378 10883 Frontend.cpp:612] 3d2d tracking weak: quality=0. Number of 3d2d-matches: 7
I20250111 18:53:45.563727 10883 okvis_app_synchronous.cpp:210] OKVIS Timing
-----------
1 DetectAndDescribe                	   4160	00:00:07.883478	(00:00:00.001895 +- 00:00:00.000379)	[00:00:00.000945,00:00:00.005651]
2 Match                            	   4160	00:00:26.772076	(00:00:00.006436 +- 00:00:00.002413)	[00:00:00.000203,00:00:00.014579]
2.01 match to map                  	   4159	00:00:19.453950	(00:00:00.004678 +- 00:00:00.002039)	[00:00:00.000053,00:00:00.011851]
2.02 match motion stereo           	   4159	00:00:05.175237	(00:00:00.001244 +- 00:00:00.000408)	[00:00:00.000063,00:00:00.005115]
2.02.1 match motion stereo: prepare	   4159	00:00:01.188290	(00:00:00.000286 +- 00:00:00.000108)	[00:00:00.000001,00:00:00.000884]
2.10 match stereo                  	   1148	00:00:00.040901	(00:00:00.000036 +- 00:00:00.000042)	[00:00:00.000001,00:00:00.000461]
3 Optimise                         	   4159	00:01:09.637747	(00:00:00.016744 +- 00:00:00.009605)	[00:00:00.001047,00:00:00.079445]
4 Prepare publishing               	   4159	00:00:03.653804	(00:00:00.000879 +- 00:00:00.000366)	[00:00:00.000054,00:00:00.002789]
6 Visualising                      	   4159	00:00:00.000996	(00:00:00.000000 +- 00:00:00.000000)	[00:00:00.000000,00:00:00.000009]
7 Marginalise                      	   4159	00:00:08.023155	(00:00:00.001929 +- 00:00:00.001019)	[00:00:00.000007,00:00:00.012180]
7.1 check/handle lost              	   4159	00:00:00.128079	(00:00:00.000031 +- 00:00:00.000019)	[00:00:00.000000,00:00:00.000197]
7.2 eliminate IMU frames           	   4159	00:00:03.463570	(00:00:00.000833 +- 00:00:00.000614)	[00:00:00.000000,00:00:00.002763]
7.3 convert to posegraph           	   1428	00:00:01.339012	(00:00:00.000938 +- 00:00:00.000731)	[00:00:00.000094,00:00:00.006921]
7.4 freezing                       	   4158	00:00:00.005044	(00:00:00.000001 +- 00:00:00.000002)	[00:00:00.000000,00:00:00.000035]
7.6 expand                         	   4083	00:00:01.000308	(00:00:00.000245 +- 00:00:00.000205)	[00:00:00.000031,00:00:00.004516]
7.7 prune place recognition frames 	   4158	00:00:01.014226	(00:00:00.000244 +- 00:00:00.000143)	[00:00:00.000002,00:00:00.001783]
I20250111 18:53:45.563877 10883 okvis_app_synchronous.cpp:219] Progress: 77% (0.333333 [1%/s], ETA: 69s)
I20250111 18:53:45.647926 10883 Frontend.cpp:2274] RANSAC FAIL: 28 inliers, ratio = 0.666667
I20250111 18:53:45.750044 10883 Frontend.cpp:2274] RANSAC FAIL: 37 inliers, ratio = 0.698113
I20250111 18:53:45.845969 10883 Frontend.cpp:2274] RANSAC FAIL: 22 inliers, ratio = 0.6875
I20250111 18:53:45.899816 10883 Frontend.cpp:2274] RANSAC FAIL: 14 inliers, ratio = 0.636364
W20250111 18:53:45.954996 10883 Frontend.cpp:612] 3d2d tracking weak: quality=0. Number of 3d2d-matches: 8
W20250111 18:53:46.003890 10883 ImuError.cpp:650] gyr saturation
W20250111 18:53:46.003953 10883 ImuError.cpp:650] gyr saturation
W20250111 18:53:46.003976 10883 ImuError.cpp:650] gyr saturation
W20250111 18:53:46.003983 10883 ImuError.cpp:650] gyr saturation
W20250111 18:53:46.003993 10883 ImuError.cpp:650] gyr saturation
W20250111 18:53:46.003998 10883 ImuError.cpp:650] gyr saturation
W20250111 18:53:46.004004 10883 ImuError.cpp:650] gyr saturation
W20250111 18:53:46.004011 10883 ImuError.cpp:650] gyr saturation
W20250111 18:53:46.004017 10883 ImuError.cpp:650] gyr saturation
W20250111 18:53:46.045236 10883 ImuError.cpp:650] gyr saturation
W20250111 18:53:46.045280 10883 ImuError.cpp:650] gyr saturation
W20250111 18:53:46.045286 10883 ImuError.cpp:650] gyr saturation
W20250111 18:53:46.045291 10883 ImuError.cpp:650] gyr saturation
W20250111 18:53:46.045296 10883 ImuError.cpp:650] gyr saturation
W20250111 18:53:46.045301 10883 ImuError.cpp:650] gyr saturation
W20250111 18:53:46.045305 10883 ImuError.cpp:650] gyr saturation
W20250111 18:53:46.045310 10883 ImuError.cpp:650] gyr saturation
W20250111 18:53:46.045315 10883 ImuError.cpp:650] gyr saturation
W20250111 18:53:46.045444 10883 ImuError.cpp:650] gyr saturation
W20250111 18:53:46.045454 10883 ImuError.cpp:650] gyr saturation
W20250111 18:53:46.045459 10883 ImuError.cpp:650] gyr saturation
W20250111 18:53:46.045464 10883 ImuError.cpp:650] gyr saturation
W20250111 18:53:46.045469 10883 ImuError.cpp:650] gyr saturation
W20250111 18:53:46.045475 10883 ImuError.cpp:650] gyr saturation
W20250111 18:53:46.045480 10883 ImuError.cpp:650] gyr saturation
W20250111 18:53:46.045485 10883 ImuError.cpp:650] gyr saturation
W20250111 18:53:46.045490 10883 ImuError.cpp:650] gyr saturation
W20250111 18:53:46.050485 10883 ImuError.cpp:368] gyr saturation
W20250111 18:53:46.050580 10883 ImuError.cpp:368] gyr saturation
W20250111 18:53:46.050591 10883 ImuError.cpp:368] gyr saturation
W20250111 18:53:46.050602 10883 ImuError.cpp:368] gyr saturation
W20250111 18:53:46.050614 10883 ImuError.cpp:368] gyr saturation
W20250111 18:53:46.050626 10883 ImuError.cpp:368] gyr saturation
W20250111 18:53:46.050637 10883 ImuError.cpp:368] gyr saturation
W20250111 18:53:46.050647 10883 ImuError.cpp:368] gyr saturation
W20250111 18:53:46.050657 10883 ImuError.cpp:368] gyr saturation
W20250111 18:53:46.058521 10883 ImuError.cpp:650] gyr saturation
W20250111 18:53:46.058578 10883 ImuError.cpp:650] gyr saturation
W20250111 18:53:46.058584 10883 ImuError.cpp:650] gyr saturation
W20250111 18:53:46.058599 10883 ImuError.cpp:650] gyr saturation
W20250111 18:53:46.058609 10883 ImuError.cpp:650] gyr saturation
W20250111 18:53:46.058614 10883 ImuError.cpp:650] gyr saturation
W20250111 18:53:46.058619 10883 ImuError.cpp:650] gyr saturation
W20250111 18:53:46.058630 10883 ImuError.cpp:650] gyr saturation
W20250111 18:53:46.058636 10883 ImuError.cpp:650] gyr saturation
W20250111 18:53:46.058642 10883 ImuError.cpp:650] gyr saturation
W20250111 18:53:46.058650 10883 ImuError.cpp:650] gyr saturation
W20250111 18:53:46.058656 10883 ImuError.cpp:650] gyr saturation
W20250111 18:53:46.058661 10883 ImuError.cpp:650] gyr saturation
W20250111 18:53:46.058667 10883 ImuError.cpp:650] gyr saturation
W20250111 18:53:46.058672 10883 ImuError.cpp:650] gyr saturation
W20250111 18:53:46.058678 10883 ImuError.cpp:650] gyr saturation
W20250111 18:53:46.058683 10883 ImuError.cpp:650] gyr saturation
W20250111 18:53:46.058692 10883 ImuError.cpp:650] gyr saturation
W20250111 18:53:46.058698 10883 ImuError.cpp:650] gyr saturation
W20250111 18:53:46.058704 10883 ImuError.cpp:650] gyr saturation
W20250111 18:53:46.058709 10883 ImuError.cpp:650] gyr saturation
W20250111 18:53:46.058715 10883 ImuError.cpp:650] gyr saturation
W20250111 18:53:46.058720 10883 ImuError.cpp:650] gyr saturation
W20250111 18:53:46.058727 10883 ImuError.cpp:650] gyr saturation
W20250111 18:53:46.058732 10883 ImuError.cpp:650] gyr saturation
W20250111 18:53:46.058738 10883 ImuError.cpp:650] gyr saturation
W20250111 18:53:46.058745 10883 ImuError.cpp:650] gyr saturation
W20250111 18:53:46.058751 10883 ImuError.cpp:650] gyr saturation
W20250111 18:53:46.058758 10883 ImuError.cpp:650] gyr saturation
W20250111 18:53:46.058771 10883 ImuError.cpp:650] gyr saturation
W20250111 18:53:46.058781 10883 ImuError.cpp:650] gyr saturation
W20250111 18:53:46.058789 10883 ImuError.cpp:650] gyr saturation
W20250111 18:53:46.058794 10883 ImuError.cpp:650] gyr saturation
W20250111 18:53:46.058801 10883 ImuError.cpp:650] gyr saturation
W20250111 18:53:46.058808 10883 ImuError.cpp:650] gyr saturation
W20250111 18:53:46.058815 10883 ImuError.cpp:650] gyr saturation
W20250111 18:53:46.058820 10883 ImuError.cpp:650] gyr saturation
W20250111 18:53:46.058836 10883 ImuError.cpp:650] gyr saturation
W20250111 18:53:46.058843 10883 ImuError.cpp:650] gyr saturation
W20250111 18:53:46.058849 10883 ImuError.cpp:650] gyr saturation
W20250111 18:53:46.058856 10883 ImuError.cpp:650] gyr saturation
W20250111 18:53:46.058862 10883 ImuError.cpp:650] gyr saturation
W20250111 18:53:46.103289 10883 ImuError.cpp:650] gyr saturation
W20250111 18:53:46.103366 10883 ImuError.cpp:650] gyr saturation
W20250111 18:53:46.103372 10883 ImuError.cpp:650] gyr saturation
W20250111 18:53:46.103377 10883 ImuError.cpp:650] gyr saturation
W20250111 18:53:46.103384 10883 ImuError.cpp:650] gyr saturation
W20250111 18:53:46.103390 10883 ImuError.cpp:650] gyr saturation
W20250111 18:53:46.103396 10883 ImuError.cpp:650] gyr saturation
W20250111 18:53:46.103403 10883 ImuError.cpp:650] gyr saturation
W20250111 18:53:46.103410 10883 ImuError.cpp:650] gyr saturation
W20250111 18:53:46.103415 10883 ImuError.cpp:650] gyr saturation
W20250111 18:53:46.103420 10883 ImuError.cpp:650] gyr saturation
W20250111 18:53:46.103425 10883 ImuError.cpp:650] gyr saturation
W20250111 18:53:46.103430 10883 ImuError.cpp:650] gyr saturation
W20250111 18:53:46.103435 10883 ImuError.cpp:650] gyr saturation
W20250111 18:53:46.103440 10883 ImuError.cpp:650] gyr saturation
W20250111 18:53:46.103446 10883 ImuError.cpp:650] gyr saturation
W20250111 18:53:46.103451 10883 ImuError.cpp:650] gyr saturation
W20250111 18:53:46.103456 10883 ImuError.cpp:650] gyr saturation
W20250111 18:53:46.103461 10883 ImuError.cpp:650] gyr saturation
W20250111 18:53:46.103466 10883 ImuError.cpp:650] gyr saturation
W20250111 18:53:46.103471 10883 ImuError.cpp:650] gyr saturation
W20250111 18:53:46.103477 10883 ImuError.cpp:650] gyr saturation
W20250111 18:53:46.103482 10883 ImuError.cpp:650] gyr saturation
W20250111 18:53:46.103487 10883 ImuError.cpp:650] gyr saturation
W20250111 18:53:46.103498 10883 ImuError.cpp:650] gyr saturation
W20250111 18:53:46.103504 10883 ImuError.cpp:650] gyr saturation
W20250111 18:53:46.103509 10883 ImuError.cpp:650] gyr saturation
W20250111 18:53:46.103514 10883 ImuError.cpp:650] gyr saturation
W20250111 18:53:46.103519 10883 ImuError.cpp:650] gyr saturation
W20250111 18:53:46.103524 10883 ImuError.cpp:650] gyr saturation
W20250111 18:53:46.103529 10883 ImuError.cpp:650] gyr saturation
W20250111 18:53:46.103534 10883 ImuError.cpp:650] gyr saturation
W20250111 18:53:46.103539 10883 ImuError.cpp:650] gyr saturation
W20250111 18:53:46.103545 10883 ImuError.cpp:650] gyr saturation
W20250111 18:53:46.103647 10883 ImuError.cpp:650] gyr saturation
W20250111 18:53:46.103654 10883 ImuError.cpp:650] gyr saturation
W20250111 18:53:46.103660 10883 ImuError.cpp:650] gyr saturation
W20250111 18:53:46.103665 10883 ImuError.cpp:650] gyr saturation
W20250111 18:53:46.103670 10883 ImuError.cpp:650] gyr saturation
W20250111 18:53:46.103675 10883 ImuError.cpp:650] gyr saturation
W20250111 18:53:46.103680 10883 ImuError.cpp:650] gyr saturation
W20250111 18:53:46.103685 10883 ImuError.cpp:650] gyr saturation
W20250111 18:53:46.103690 10883 ImuError.cpp:650] gyr saturation
W20250111 18:53:46.103696 10883 ImuError.cpp:650] gyr saturation
W20250111 18:53:46.103701 10883 ImuError.cpp:650] gyr saturation
W20250111 18:53:46.103706 10883 ImuError.cpp:650] gyr saturation
W20250111 18:53:46.103711 10883 ImuError.cpp:650] gyr saturation
W20250111 18:53:46.103716 10883 ImuError.cpp:650] gyr saturation
W20250111 18:53:46.103721 10883 ImuError.cpp:650] gyr saturation
W20250111 18:53:46.103726 10883 ImuError.cpp:650] gyr saturation
W20250111 18:53:46.103739 10883 ImuError.cpp:650] gyr saturation
W20250111 18:53:46.103744 10883 ImuError.cpp:650] gyr saturation
W20250111 18:53:46.103749 10883 ImuError.cpp:650] gyr saturation
W20250111 18:53:46.103754 10883 ImuError.cpp:650] gyr saturation
W20250111 18:53:46.103760 10883 ImuError.cpp:650] gyr saturation
W20250111 18:53:46.103765 10883 ImuError.cpp:650] gyr saturation
W20250111 18:53:46.103770 10883 ImuError.cpp:650] gyr saturation
W20250111 18:53:46.103775 10883 ImuError.cpp:650] gyr saturation
W20250111 18:53:46.103780 10883 ImuError.cpp:650] gyr saturation
W20250111 18:53:46.103785 10883 ImuError.cpp:650] gyr saturation
W20250111 18:53:46.103789 10883 ImuError.cpp:650] gyr saturation
W20250111 18:53:46.103794 10883 ImuError.cpp:650] gyr saturation
W20250111 18:53:46.103799 10883 ImuError.cpp:650] gyr saturation
W20250111 18:53:46.103804 10883 ImuError.cpp:650] gyr saturation
W20250111 18:53:46.103809 10883 ImuError.cpp:650] gyr saturation
W20250111 18:53:46.103816 10883 ImuError.cpp:650] gyr saturation
W20250111 18:53:46.103821 10883 ImuError.cpp:650] gyr saturation
W20250111 18:53:46.103832 10883 ImuError.cpp:650] gyr saturation
I20250111 18:53:46.105357 10883 Frontend.cpp:2274] RANSAC FAIL: 14 inliers, ratio = 0.636364
W20250111 18:53:46.108382 10883 ImuError.cpp:368] gyr saturation
W20250111 18:53:46.108453 10883 ImuError.cpp:368] gyr saturation
W20250111 18:53:46.108465 10883 ImuError.cpp:368] gyr saturation
W20250111 18:53:46.108476 10883 ImuError.cpp:368] gyr saturation
W20250111 18:53:46.108489 10883 ImuError.cpp:368] gyr saturation
W20250111 18:53:46.108500 10883 ImuError.cpp:368] gyr saturation
W20250111 18:53:46.108510 10883 ImuError.cpp:368] gyr saturation
W20250111 18:53:46.108520 10883 ImuError.cpp:368] gyr saturation
W20250111 18:53:46.108530 10883 ImuError.cpp:368] gyr saturation
W20250111 18:53:46.108541 10883 ImuError.cpp:368] gyr saturation
W20250111 18:53:46.108551 10883 ImuError.cpp:368] gyr saturation
W20250111 18:53:46.108561 10883 ImuError.cpp:368] gyr saturation
W20250111 18:53:46.108572 10883 ImuError.cpp:368] gyr saturation
W20250111 18:53:46.108582 10883 ImuError.cpp:368] gyr saturation
W20250111 18:53:46.108593 10883 ImuError.cpp:368] gyr saturation
W20250111 18:53:46.108603 10883 ImuError.cpp:368] gyr saturation
W20250111 18:53:46.108613 10883 ImuError.cpp:368] gyr saturation
W20250111 18:53:46.108624 10883 ImuError.cpp:368] gyr saturation
W20250111 18:53:46.108634 10883 ImuError.cpp:368] gyr saturation
W20250111 18:53:46.108654 10883 ImuError.cpp:368] gyr saturation
W20250111 18:53:46.108664 10883 ImuError.cpp:368] gyr saturation
W20250111 18:53:46.108675 10883 ImuError.cpp:368] gyr saturation
W20250111 18:53:46.108686 10883 ImuError.cpp:368] gyr saturation
W20250111 18:53:46.108696 10883 ImuError.cpp:368] gyr saturation
W20250111 18:53:46.108707 10883 ImuError.cpp:368] gyr saturation
W20250111 18:53:46.108717 10883 ImuError.cpp:368] gyr saturation
W20250111 18:53:46.108727 10883 ImuError.cpp:368] gyr saturation
W20250111 18:53:46.108738 10883 ImuError.cpp:368] gyr saturation
W20250111 18:53:46.108748 10883 ImuError.cpp:368] gyr saturation
W20250111 18:53:46.108759 10883 ImuError.cpp:368] gyr saturation
W20250111 18:53:46.108769 10883 ImuError.cpp:368] gyr saturation
W20250111 18:53:46.108780 10883 ImuError.cpp:368] gyr saturation
W20250111 18:53:46.108790 10883 ImuError.cpp:368] gyr saturation
W20250111 18:53:46.108801 10883 ImuError.cpp:368] gyr saturation
W20250111 18:53:46.116559 10883 ImuError.cpp:650] gyr saturation
W20250111 18:53:46.116622 10883 ImuError.cpp:650] gyr saturation
W20250111 18:53:46.116629 10883 ImuError.cpp:650] gyr saturation
W20250111 18:53:46.116636 10883 ImuError.cpp:650] gyr saturation
W20250111 18:53:46.116640 10883 ImuError.cpp:650] gyr saturation
W20250111 18:53:46.116645 10883 ImuError.cpp:650] gyr saturation
W20250111 18:53:46.116652 10883 ImuError.cpp:650] gyr saturation
W20250111 18:53:46.116658 10883 ImuError.cpp:650] gyr saturation
W20250111 18:53:46.116663 10883 ImuError.cpp:650] gyr saturation
W20250111 18:53:46.116669 10883 ImuError.cpp:650] gyr saturation
W20250111 18:53:46.116689 10883 ImuError.cpp:650] gyr saturation
W20250111 18:53:46.116696 10883 ImuError.cpp:650] gyr saturation
W20250111 18:53:46.116703 10883 ImuError.cpp:650] gyr saturation
W20250111 18:53:46.116714 10883 ImuError.cpp:650] gyr saturation
W20250111 18:53:46.116721 10883 ImuError.cpp:650] gyr saturation
W20250111 18:53:46.116727 10883 ImuError.cpp:650] gyr saturation
W20250111 18:53:46.116734 10883 ImuError.cpp:650] gyr saturation
W20250111 18:53:46.116739 10883 ImuError.cpp:650] gyr saturation
W20250111 18:53:46.116744 10883 ImuError.cpp:650] gyr saturation
W20250111 18:53:46.116750 10883 ImuError.cpp:650] gyr saturation
W20250111 18:53:46.116756 10883 ImuError.cpp:650] gyr saturation
W20250111 18:53:46.116762 10883 ImuError.cpp:650] gyr saturation
W20250111 18:53:46.116767 10883 ImuError.cpp:650] gyr saturation
W20250111 18:53:46.116772 10883 ImuError.cpp:650] gyr saturation
W20250111 18:53:46.116778 10883 ImuError.cpp:650] gyr saturation
W20250111 18:53:46.116784 10883 ImuError.cpp:650] gyr saturation
W20250111 18:53:46.116789 10883 ImuError.cpp:650] gyr saturation
W20250111 18:53:46.116794 10883 ImuError.cpp:650] gyr saturation
W20250111 18:53:46.116801 10883 ImuError.cpp:650] gyr saturation
W20250111 18:53:46.116806 10883 ImuError.cpp:650] gyr saturation
W20250111 18:53:46.116811 10883 ImuError.cpp:650] gyr saturation
W20250111 18:53:46.116816 10883 ImuError.cpp:650] gyr saturation
W20250111 18:53:46.116822 10883 ImuError.cpp:650] gyr saturation
W20250111 18:53:46.116837 10883 ImuError.cpp:650] gyr saturation
W20250111 18:53:46.116842 10883 ImuError.cpp:650] gyr saturation
W20250111 18:53:46.116847 10883 ImuError.cpp:650] gyr saturation
W20250111 18:53:46.116853 10883 ImuError.cpp:650] gyr saturation
W20250111 18:53:46.116858 10883 ImuError.cpp:650] gyr saturation
W20250111 18:53:46.116864 10883 ImuError.cpp:650] gyr saturation
W20250111 18:53:46.116869 10883 ImuError.cpp:650] gyr saturation
W20250111 18:53:46.116875 10883 ImuError.cpp:650] gyr saturation
W20250111 18:53:46.116881 10883 ImuError.cpp:650] gyr saturation
W20250111 18:53:46.116887 10883 ImuError.cpp:650] gyr saturation
W20250111 18:53:46.116892 10883 ImuError.cpp:650] gyr saturation
W20250111 18:53:46.116897 10883 ImuError.cpp:650] gyr saturation
W20250111 18:53:46.116904 10883 ImuError.cpp:650] gyr saturation
W20250111 18:53:46.116909 10883 ImuError.cpp:650] gyr saturation
W20250111 18:53:46.116914 10883 ImuError.cpp:650] gyr saturation
W20250111 18:53:46.116921 10883 ImuError.cpp:650] gyr saturation
W20250111 18:53:46.116928 10883 ImuError.cpp:650] gyr saturation
W20250111 18:53:46.116935 10883 ImuError.cpp:650] gyr saturation
W20250111 18:53:46.116940 10883 ImuError.cpp:650] gyr saturation
W20250111 18:53:46.116945 10883 ImuError.cpp:650] gyr saturation
W20250111 18:53:46.116951 10883 ImuError.cpp:650] gyr saturation
W20250111 18:53:46.116957 10883 ImuError.cpp:650] gyr saturation
W20250111 18:53:46.116963 10883 ImuError.cpp:650] gyr saturation
W20250111 18:53:46.116968 10883 ImuError.cpp:650] gyr saturation
W20250111 18:53:46.116974 10883 ImuError.cpp:650] gyr saturation
W20250111 18:53:46.116981 10883 ImuError.cpp:650] gyr saturation
W20250111 18:53:46.116986 10883 ImuError.cpp:650] gyr saturation
W20250111 18:53:46.116991 10883 ImuError.cpp:650] gyr saturation
W20250111 18:53:46.116997 10883 ImuError.cpp:650] gyr saturation
W20250111 18:53:46.117003 10883 ImuError.cpp:650] gyr saturation
W20250111 18:53:46.117008 10883 ImuError.cpp:650] gyr saturation
W20250111 18:53:46.117013 10883 ImuError.cpp:650] gyr saturation
W20250111 18:53:46.117018 10883 ImuError.cpp:650] gyr saturation
W20250111 18:53:46.117025 10883 ImuError.cpp:650] gyr saturation
W20250111 18:53:46.154940 10883 ImuError.cpp:650] gyr saturation
W20250111 18:53:46.154989 10883 ImuError.cpp:650] gyr saturation
W20250111 18:53:46.154994 10883 ImuError.cpp:650] gyr saturation
W20250111 18:53:46.155000 10883 ImuError.cpp:650] gyr saturation
W20250111 18:53:46.155005 10883 ImuError.cpp:650] gyr saturation
W20250111 18:53:46.155011 10883 ImuError.cpp:650] gyr saturation
W20250111 18:53:46.155027 10883 ImuError.cpp:650] gyr saturation
W20250111 18:53:46.155032 10883 ImuError.cpp:650] gyr saturation
W20250111 18:53:46.155040 10883 ImuError.cpp:650] gyr saturation
W20250111 18:53:46.155045 10883 ImuError.cpp:650] gyr saturation
W20250111 18:53:46.155050 10883 ImuError.cpp:650] gyr saturation
W20250111 18:53:46.155056 10883 ImuError.cpp:650] gyr saturation
W20250111 18:53:46.155061 10883 ImuError.cpp:650] gyr saturation
W20250111 18:53:46.155066 10883 ImuError.cpp:650] gyr saturation
W20250111 18:53:46.155071 10883 ImuError.cpp:650] gyr saturation
W20250111 18:53:46.155077 10883 ImuError.cpp:650] gyr saturation
W20250111 18:53:46.155082 10883 ImuError.cpp:650] gyr saturation
W20250111 18:53:46.155087 10883 ImuError.cpp:650] gyr saturation
W20250111 18:53:46.155092 10883 ImuError.cpp:650] gyr saturation
W20250111 18:53:46.155098 10883 ImuError.cpp:650] gyr saturation
W20250111 18:53:46.155103 10883 ImuError.cpp:650] gyr saturation
W20250111 18:53:46.155109 10883 ImuError.cpp:650] gyr saturation
W20250111 18:53:46.155114 10883 ImuError.cpp:650] gyr saturation
W20250111 18:53:46.155120 10883 ImuError.cpp:650] gyr saturation
W20250111 18:53:46.155125 10883 ImuError.cpp:650] gyr saturation
W20250111 18:53:46.155130 10883 ImuError.cpp:650] gyr saturation
W20250111 18:53:46.155135 10883 ImuError.cpp:650] gyr saturation
W20250111 18:53:46.155140 10883 ImuError.cpp:650] gyr saturation
W20250111 18:53:46.155146 10883 ImuError.cpp:650] gyr saturation
W20250111 18:53:46.155151 10883 ImuError.cpp:650] gyr saturation
W20250111 18:53:46.155157 10883 ImuError.cpp:650] gyr saturation
W20250111 18:53:46.155162 10883 ImuError.cpp:650] gyr saturation
W20250111 18:53:46.155169 10883 ImuError.cpp:650] gyr saturation
W20250111 18:53:46.155174 10883 ImuError.cpp:650] gyr saturation
W20250111 18:53:46.155372 10883 ImuError.cpp:650] gyr saturation
W20250111 18:53:46.155381 10883 ImuError.cpp:650] gyr saturation
W20250111 18:53:46.155390 10883 ImuError.cpp:650] gyr saturation
W20250111 18:53:46.155395 10883 ImuError.cpp:650] gyr saturation
W20250111 18:53:46.155400 10883 ImuError.cpp:650] gyr saturation
W20250111 18:53:46.155405 10883 ImuError.cpp:650] gyr saturation
W20250111 18:53:46.155411 10883 ImuError.cpp:650] gyr saturation
W20250111 18:53:46.155416 10883 ImuError.cpp:650] gyr saturation
W20250111 18:53:46.155421 10883 ImuError.cpp:650] gyr saturation
W20250111 18:53:46.155427 10883 ImuError.cpp:650] gyr saturation
W20250111 18:53:46.155434 10883 ImuError.cpp:650] gyr saturation
W20250111 18:53:46.155440 10883 ImuError.cpp:650] gyr saturation
W20250111 18:53:46.155445 10883 ImuError.cpp:650] gyr saturation
W20250111 18:53:46.155452 10883 ImuError.cpp:650] gyr saturation
W20250111 18:53:46.155457 10883 ImuError.cpp:650] gyr saturation
W20250111 18:53:46.155462 10883 ImuError.cpp:650] gyr saturation
W20250111 18:53:46.155467 10883 ImuError.cpp:650] gyr saturation
W20250111 18:53:46.155472 10883 ImuError.cpp:650] gyr saturation
W20250111 18:53:46.155478 10883 ImuError.cpp:650] gyr saturation
W20250111 18:53:46.155483 10883 ImuError.cpp:650] gyr saturation
W20250111 18:53:46.155488 10883 ImuError.cpp:650] gyr saturation
W20250111 18:53:46.155493 10883 ImuError.cpp:650] gyr saturation
W20250111 18:53:46.155500 10883 ImuError.cpp:650] gyr saturation
W20250111 18:53:46.155505 10883 ImuError.cpp:650] gyr saturation
W20250111 18:53:46.155510 10883 ImuError.cpp:650] gyr saturation
W20250111 18:53:46.155516 10883 ImuError.cpp:650] gyr saturation
W20250111 18:53:46.155521 10883 ImuError.cpp:650] gyr saturation
W20250111 18:53:46.155526 10883 ImuError.cpp:650] gyr saturation
W20250111 18:53:46.155531 10883 ImuError.cpp:650] gyr saturation
W20250111 18:53:46.155537 10883 ImuError.cpp:650] gyr saturation
W20250111 18:53:46.155543 10883 ImuError.cpp:650] gyr saturation
W20250111 18:53:46.155550 10883 ImuError.cpp:650] gyr saturation
W20250111 18:53:46.155555 10883 ImuError.cpp:650] gyr saturation
W20250111 18:53:46.155561 10883 ImuError.cpp:650] gyr saturation
I20250111 18:53:46.157415 10883 Frontend.cpp:2274] RANSAC FAIL: 11 inliers, ratio = 0.55
W20250111 18:53:46.160687 10883 ImuError.cpp:368] gyr saturation
W20250111 18:53:46.160755 10883 ImuError.cpp:368] gyr saturation
W20250111 18:53:46.160769 10883 ImuError.cpp:368] gyr saturation
W20250111 18:53:46.160780 10883 ImuError.cpp:368] gyr saturation
W20250111 18:53:46.160791 10883 ImuError.cpp:368] gyr saturation
W20250111 18:53:46.160802 10883 ImuError.cpp:368] gyr saturation
W20250111 18:53:46.160812 10883 ImuError.cpp:368] gyr saturation
W20250111 18:53:46.160830 10883 ImuError.cpp:368] gyr saturation
W20250111 18:53:46.160841 10883 ImuError.cpp:368] gyr saturation
W20250111 18:53:46.160852 10883 ImuError.cpp:368] gyr saturation
W20250111 18:53:46.160863 10883 ImuError.cpp:368] gyr saturation
W20250111 18:53:46.160874 10883 ImuError.cpp:368] gyr saturation
W20250111 18:53:46.160885 10883 ImuError.cpp:368] gyr saturation
W20250111 18:53:46.160897 10883 ImuError.cpp:368] gyr saturation
W20250111 18:53:46.160907 10883 ImuError.cpp:368] gyr saturation
W20250111 18:53:46.160918 10883 ImuError.cpp:368] gyr saturation
W20250111 18:53:46.160929 10883 ImuError.cpp:368] gyr saturation
W20250111 18:53:46.160940 10883 ImuError.cpp:368] gyr saturation
W20250111 18:53:46.160950 10883 ImuError.cpp:368] gyr saturation
W20250111 18:53:46.160961 10883 ImuError.cpp:368] gyr saturation
W20250111 18:53:46.160972 10883 ImuError.cpp:368] gyr saturation
W20250111 18:53:46.160984 10883 ImuError.cpp:368] gyr saturation
W20250111 18:53:46.160995 10883 ImuError.cpp:368] gyr saturation
W20250111 18:53:46.161005 10883 ImuError.cpp:368] gyr saturation
W20250111 18:53:46.161015 10883 ImuError.cpp:368] gyr saturation
W20250111 18:53:46.161026 10883 ImuError.cpp:368] gyr saturation
W20250111 18:53:46.161037 10883 ImuError.cpp:368] gyr saturation
W20250111 18:53:46.161048 10883 ImuError.cpp:368] gyr saturation
W20250111 18:53:46.161059 10883 ImuError.cpp:368] gyr saturation
W20250111 18:53:46.161070 10883 ImuError.cpp:368] gyr saturation
W20250111 18:53:46.161080 10883 ImuError.cpp:368] gyr saturation
W20250111 18:53:46.161091 10883 ImuError.cpp:368] gyr saturation
W20250111 18:53:46.161103 10883 ImuError.cpp:368] gyr saturation
W20250111 18:53:46.161113 10883 ImuError.cpp:368] gyr saturation
W20250111 18:53:46.168728 10883 ImuError.cpp:650] gyr saturation
W20250111 18:53:46.168794 10883 ImuError.cpp:650] gyr saturation
W20250111 18:53:46.168802 10883 ImuError.cpp:650] gyr saturation
W20250111 18:53:46.168809 10883 ImuError.cpp:650] gyr saturation
W20250111 18:53:46.168816 10883 ImuError.cpp:650] gyr saturation
W20250111 18:53:46.168840 10883 ImuError.cpp:650] gyr saturation
W20250111 18:53:46.168846 10883 ImuError.cpp:650] gyr saturation
W20250111 18:53:46.168852 10883 ImuError.cpp:650] gyr saturation
W20250111 18:53:46.168859 10883 ImuError.cpp:650] gyr saturation
W20250111 18:53:46.168865 10883 ImuError.cpp:650] gyr saturation
W20250111 18:53:46.168871 10883 ImuError.cpp:650] gyr saturation
W20250111 18:53:46.168877 10883 ImuError.cpp:650] gyr saturation
W20250111 18:53:46.168884 10883 ImuError.cpp:650] gyr saturation
W20250111 18:53:46.168889 10883 ImuError.cpp:650] gyr saturation
W20250111 18:53:46.168895 10883 ImuError.cpp:650] gyr saturation
W20250111 18:53:46.168900 10883 ImuError.cpp:650] gyr saturation
W20250111 18:53:46.168906 10883 ImuError.cpp:650] gyr saturation
W20250111 18:53:46.168912 10883 ImuError.cpp:650] gyr saturation
W20250111 18:53:46.168918 10883 ImuError.cpp:650] gyr saturation
W20250111 18:53:46.168924 10883 ImuError.cpp:650] gyr saturation
W20250111 18:53:46.168931 10883 ImuError.cpp:650] gyr saturation
W20250111 18:53:46.168936 10883 ImuError.cpp:650] gyr saturation
W20250111 18:53:46.168942 10883 ImuError.cpp:650] gyr saturation
W20250111 18:53:46.168948 10883 ImuError.cpp:650] gyr saturation
W20250111 18:53:46.168953 10883 ImuError.cpp:650] gyr saturation
W20250111 18:53:46.168959 10883 ImuError.cpp:650] gyr saturation
W20250111 18:53:46.168965 10883 ImuError.cpp:650] gyr saturation
W20250111 18:53:46.168970 10883 ImuError.cpp:650] gyr saturation
W20250111 18:53:46.168983 10883 ImuError.cpp:650] gyr saturation
W20250111 18:53:46.168991 10883 ImuError.cpp:650] gyr saturation
W20250111 18:53:46.168998 10883 ImuError.cpp:650] gyr saturation
W20250111 18:53:46.169005 10883 ImuError.cpp:650] gyr saturation
W20250111 18:53:46.169011 10883 ImuError.cpp:650] gyr saturation
W20250111 18:53:46.169018 10883 ImuError.cpp:650] gyr saturation
W20250111 18:53:46.169024 10883 ImuError.cpp:650] gyr saturation
W20250111 18:53:46.169030 10883 ImuError.cpp:650] gyr saturation
W20250111 18:53:46.169036 10883 ImuError.cpp:650] gyr saturation
W20250111 18:53:46.169042 10883 ImuError.cpp:650] gyr saturation
W20250111 18:53:46.169049 10883 ImuError.cpp:650] gyr saturation
W20250111 18:53:46.169054 10883 ImuError.cpp:650] gyr saturation
W20250111 18:53:46.169059 10883 ImuError.cpp:650] gyr saturation
W20250111 18:53:46.169066 10883 ImuError.cpp:650] gyr saturation
W20250111 18:53:46.169072 10883 ImuError.cpp:650] gyr saturation
W20250111 18:53:46.169078 10883 ImuError.cpp:650] gyr saturation
W20250111 18:53:46.169083 10883 ImuError.cpp:650] gyr saturation
W20250111 18:53:46.169090 10883 ImuError.cpp:650] gyr saturation
W20250111 18:53:46.169096 10883 ImuError.cpp:650] gyr saturation
W20250111 18:53:46.169101 10883 ImuError.cpp:650] gyr saturation
W20250111 18:53:46.169107 10883 ImuError.cpp:650] gyr saturation
W20250111 18:53:46.169113 10883 ImuError.cpp:650] gyr saturation
W20250111 18:53:46.169119 10883 ImuError.cpp:650] gyr saturation
W20250111 18:53:46.169124 10883 ImuError.cpp:650] gyr saturation
W20250111 18:53:46.169131 10883 ImuError.cpp:650] gyr saturation
W20250111 18:53:46.169137 10883 ImuError.cpp:650] gyr saturation
W20250111 18:53:46.169142 10883 ImuError.cpp:650] gyr saturation
W20250111 18:53:46.169148 10883 ImuError.cpp:650] gyr saturation
W20250111 18:53:46.169154 10883 ImuError.cpp:650] gyr saturation
W20250111 18:53:46.169159 10883 ImuError.cpp:650] gyr saturation
W20250111 18:53:46.169165 10883 ImuError.cpp:650] gyr saturation
W20250111 18:53:46.169171 10883 ImuError.cpp:650] gyr saturation
W20250111 18:53:46.169178 10883 ImuError.cpp:650] gyr saturation
W20250111 18:53:46.169183 10883 ImuError.cpp:650] gyr saturation
W20250111 18:53:46.169188 10883 ImuError.cpp:650] gyr saturation
W20250111 18:53:46.169193 10883 ImuError.cpp:650] gyr saturation
W20250111 18:53:46.169199 10883 ImuError.cpp:650] gyr saturation
W20250111 18:53:46.169205 10883 ImuError.cpp:650] gyr saturation
W20250111 18:53:46.169211 10883 ImuError.cpp:650] gyr saturation
W20250111 18:53:46.169217 10883 ImuError.cpp:650] gyr saturation
W20250111 18:53:46.199673 10883 ImuError.cpp:650] gyr saturation
W20250111 18:53:46.199729 10883 ImuError.cpp:650] gyr saturation
W20250111 18:53:46.199736 10883 ImuError.cpp:650] gyr saturation
W20250111 18:53:46.199741 10883 ImuError.cpp:650] gyr saturation
W20250111 18:53:46.199746 10883 ImuError.cpp:650] gyr saturation
W20250111 18:53:46.199751 10883 ImuError.cpp:650] gyr saturation
W20250111 18:53:46.199756 10883 ImuError.cpp:650] gyr saturation
W20250111 18:53:46.199761 10883 ImuError.cpp:650] gyr saturation
W20250111 18:53:46.199766 10883 ImuError.cpp:650] gyr saturation
W20250111 18:53:46.199771 10883 ImuError.cpp:650] gyr saturation
W20250111 18:53:46.199776 10883 ImuError.cpp:650] gyr saturation
W20250111 18:53:46.199782 10883 ImuError.cpp:650] gyr saturation
W20250111 18:53:46.199787 10883 ImuError.cpp:650] gyr saturation
W20250111 18:53:46.199792 10883 ImuError.cpp:650] gyr saturation
W20250111 18:53:46.199797 10883 ImuError.cpp:650] gyr saturation
W20250111 18:53:46.199803 10883 ImuError.cpp:650] gyr saturation
W20250111 18:53:46.199808 10883 ImuError.cpp:650] gyr saturation
W20250111 18:53:46.199813 10883 ImuError.cpp:650] gyr saturation
W20250111 18:53:46.199819 10883 ImuError.cpp:650] gyr saturation
W20250111 18:53:46.199828 10883 ImuError.cpp:650] gyr saturation
W20250111 18:53:46.199833 10883 ImuError.cpp:650] gyr saturation
W20250111 18:53:46.199839 10883 ImuError.cpp:650] gyr saturation
W20250111 18:53:46.199844 10883 ImuError.cpp:650] gyr saturation
W20250111 18:53:46.199849 10883 ImuError.cpp:650] gyr saturation
W20250111 18:53:46.199864 10883 ImuError.cpp:650] gyr saturation
W20250111 18:53:46.199870 10883 ImuError.cpp:650] gyr saturation
W20250111 18:53:46.199875 10883 ImuError.cpp:650] gyr saturation
W20250111 18:53:46.199882 10883 ImuError.cpp:650] gyr saturation
W20250111 18:53:46.199887 10883 ImuError.cpp:650] gyr saturation
W20250111 18:53:46.199891 10883 ImuError.cpp:650] gyr saturation
W20250111 18:53:46.199898 10883 ImuError.cpp:650] gyr saturation
W20250111 18:53:46.199903 10883 ImuError.cpp:650] gyr saturation
W20250111 18:53:46.199908 10883 ImuError.cpp:650] gyr saturation
W20250111 18:53:46.199913 10883 ImuError.cpp:650] gyr saturation
W20250111 18:53:46.199918 10883 ImuError.cpp:650] gyr saturation
W20250111 18:53:46.200048 10883 ImuError.cpp:650] gyr saturation
W20250111 18:53:46.200057 10883 ImuError.cpp:650] gyr saturation
W20250111 18:53:46.200062 10883 ImuError.cpp:650] gyr saturation
W20250111 18:53:46.200068 10883 ImuError.cpp:650] gyr saturation
W20250111 18:53:46.200073 10883 ImuError.cpp:650] gyr saturation
W20250111 18:53:46.200078 10883 ImuError.cpp:650] gyr saturation
W20250111 18:53:46.200083 10883 ImuError.cpp:650] gyr saturation
W20250111 18:53:46.200088 10883 ImuError.cpp:650] gyr saturation
W20250111 18:53:46.200095 10883 ImuError.cpp:650] gyr saturation
W20250111 18:53:46.200101 10883 ImuError.cpp:650] gyr saturation
W20250111 18:53:46.200106 10883 ImuError.cpp:650] gyr saturation
W20250111 18:53:46.200111 10883 ImuError.cpp:650] gyr saturation
W20250111 18:53:46.200117 10883 ImuError.cpp:650] gyr saturation
W20250111 18:53:46.200122 10883 ImuError.cpp:650] gyr saturation
W20250111 18:53:46.200129 10883 ImuError.cpp:650] gyr saturation
W20250111 18:53:46.200134 10883 ImuError.cpp:650] gyr saturation
W20250111 18:53:46.200140 10883 ImuError.cpp:650] gyr saturation
W20250111 18:53:46.200146 10883 ImuError.cpp:650] gyr saturation
W20250111 18:53:46.200152 10883 ImuError.cpp:650] gyr saturation
W20250111 18:53:46.200158 10883 ImuError.cpp:650] gyr saturation
W20250111 18:53:46.200163 10883 ImuError.cpp:650] gyr saturation
W20250111 18:53:46.200170 10883 ImuError.cpp:650] gyr saturation
W20250111 18:53:46.200174 10883 ImuError.cpp:650] gyr saturation
W20250111 18:53:46.200181 10883 ImuError.cpp:650] gyr saturation
W20250111 18:53:46.200186 10883 ImuError.cpp:650] gyr saturation
W20250111 18:53:46.200191 10883 ImuError.cpp:650] gyr saturation
W20250111 18:53:46.200196 10883 ImuError.cpp:650] gyr saturation
W20250111 18:53:46.200202 10883 ImuError.cpp:650] gyr saturation
W20250111 18:53:46.200209 10883 ImuError.cpp:650] gyr saturation
W20250111 18:53:46.200214 10883 ImuError.cpp:650] gyr saturation
W20250111 18:53:46.200220 10883 ImuError.cpp:650] gyr saturation
W20250111 18:53:46.200225 10883 ImuError.cpp:650] gyr saturation
W20250111 18:53:46.200232 10883 ImuError.cpp:650] gyr saturation
W20250111 18:53:46.200237 10883 ImuError.cpp:650] gyr saturation
W20250111 18:53:46.200243 10883 ImuError.cpp:650] gyr saturation
I20250111 18:53:46.201287 10883 Frontend.cpp:2274] RANSAC FAIL: 8 inliers, ratio = 0.8
W20250111 18:53:46.204804 10883 ImuError.cpp:368] gyr saturation
W20250111 18:53:46.204887 10883 ImuError.cpp:368] gyr saturation
W20250111 18:53:46.204900 10883 ImuError.cpp:368] gyr saturation
W20250111 18:53:46.204911 10883 ImuError.cpp:368] gyr saturation
W20250111 18:53:46.204921 10883 ImuError.cpp:368] gyr saturation
W20250111 18:53:46.204931 10883 ImuError.cpp:368] gyr saturation
W20250111 18:53:46.204942 10883 ImuError.cpp:368] gyr saturation
W20250111 18:53:46.204952 10883 ImuError.cpp:368] gyr saturation
W20250111 18:53:46.204963 10883 ImuError.cpp:368] gyr saturation
W20250111 18:53:46.204973 10883 ImuError.cpp:368] gyr saturation
W20250111 18:53:46.204984 10883 ImuError.cpp:368] gyr saturation
W20250111 18:53:46.204994 10883 ImuError.cpp:368] gyr saturation
W20250111 18:53:46.205004 10883 ImuError.cpp:368] gyr saturation
W20250111 18:53:46.205015 10883 ImuError.cpp:368] gyr saturation
W20250111 18:53:46.205025 10883 ImuError.cpp:368] gyr saturation
W20250111 18:53:46.205051 10883 ImuError.cpp:368] gyr saturation
W20250111 18:53:46.205063 10883 ImuError.cpp:368] gyr saturation
W20250111 18:53:46.205073 10883 ImuError.cpp:368] gyr saturation
W20250111 18:53:46.205085 10883 ImuError.cpp:368] gyr saturation
W20250111 18:53:46.205094 10883 ImuError.cpp:368] gyr saturation
W20250111 18:53:46.205106 10883 ImuError.cpp:368] gyr saturation
W20250111 18:53:46.205116 10883 ImuError.cpp:368] gyr saturation
W20250111 18:53:46.205127 10883 ImuError.cpp:368] gyr saturation
W20250111 18:53:46.205137 10883 ImuError.cpp:368] gyr saturation
W20250111 18:53:46.205147 10883 ImuError.cpp:368] gyr saturation
W20250111 18:53:46.205157 10883 ImuError.cpp:368] gyr saturation
W20250111 18:53:46.205168 10883 ImuError.cpp:368] gyr saturation
W20250111 18:53:46.205178 10883 ImuError.cpp:368] gyr saturation
W20250111 18:53:46.205189 10883 ImuError.cpp:368] gyr saturation
W20250111 18:53:46.205199 10883 ImuError.cpp:368] gyr saturation
W20250111 18:53:46.205210 10883 ImuError.cpp:368] gyr saturation
W20250111 18:53:46.205220 10883 ImuError.cpp:368] gyr saturation
W20250111 18:53:46.205231 10883 ImuError.cpp:368] gyr saturation
W20250111 18:53:46.205241 10883 ImuError.cpp:368] gyr saturation
W20250111 18:53:46.205251 10883 ImuError.cpp:368] gyr saturation
W20250111 18:53:46.211041 10883 Frontend.cpp:612] 3d2d tracking weak: quality=0. Number of 3d2d-matches: 10
W20250111 18:53:46.213706 10883 ImuError.cpp:650] gyr saturation
W20250111 18:53:46.213755 10883 ImuError.cpp:650] gyr saturation
W20250111 18:53:46.213762 10883 ImuError.cpp:650] gyr saturation
W20250111 18:53:46.213769 10883 ImuError.cpp:650] gyr saturation
W20250111 18:53:46.213776 10883 ImuError.cpp:650] gyr saturation
W20250111 18:53:46.213783 10883 ImuError.cpp:650] gyr saturation
W20250111 18:53:46.213788 10883 ImuError.cpp:650] gyr saturation
W20250111 18:53:46.213793 10883 ImuError.cpp:650] gyr saturation
W20250111 18:53:46.213801 10883 ImuError.cpp:650] gyr saturation
W20250111 18:53:46.213807 10883 ImuError.cpp:650] gyr saturation
W20250111 18:53:46.213814 10883 ImuError.cpp:650] gyr saturation
W20250111 18:53:46.213819 10883 ImuError.cpp:650] gyr saturation
W20250111 18:53:46.213832 10883 ImuError.cpp:650] gyr saturation
W20250111 18:53:46.213840 10883 ImuError.cpp:650] gyr saturation
W20250111 18:53:46.213845 10883 ImuError.cpp:650] gyr saturation
W20250111 18:53:46.213851 10883 ImuError.cpp:650] gyr saturation
W20250111 18:53:46.213856 10883 ImuError.cpp:650] gyr saturation
W20250111 18:53:46.213861 10883 ImuError.cpp:650] gyr saturation
W20250111 18:53:46.213866 10883 ImuError.cpp:650] gyr saturation
W20250111 18:53:46.213881 10883 ImuError.cpp:650] gyr saturation
W20250111 18:53:46.213887 10883 ImuError.cpp:650] gyr saturation
W20250111 18:53:46.213893 10883 ImuError.cpp:650] gyr saturation
W20250111 18:53:46.213898 10883 ImuError.cpp:650] gyr saturation
W20250111 18:53:46.213904 10883 ImuError.cpp:650] gyr saturation
W20250111 18:53:46.213909 10883 ImuError.cpp:650] gyr saturation
W20250111 18:53:46.213915 10883 ImuError.cpp:650] gyr saturation
W20250111 18:53:46.213922 10883 ImuError.cpp:650] gyr saturation
W20250111 18:53:46.213927 10883 ImuError.cpp:650] gyr saturation
W20250111 18:53:46.213932 10883 ImuError.cpp:650] gyr saturation
W20250111 18:53:46.213938 10883 ImuError.cpp:650] gyr saturation
W20250111 18:53:46.213943 10883 ImuError.cpp:650] gyr saturation
W20250111 18:53:46.213949 10883 ImuError.cpp:650] gyr saturation
W20250111 18:53:46.213955 10883 ImuError.cpp:650] gyr saturation
W20250111 18:53:46.213960 10883 ImuError.cpp:650] gyr saturation
W20250111 18:53:46.213966 10883 ImuError.cpp:650] gyr saturation
W20250111 18:53:46.213972 10883 ImuError.cpp:650] gyr saturation
W20250111 18:53:46.213979 10883 ImuError.cpp:650] gyr saturation
W20250111 18:53:46.213984 10883 ImuError.cpp:650] gyr saturation
W20250111 18:53:46.213989 10883 ImuError.cpp:650] gyr saturation
W20250111 18:53:46.213995 10883 ImuError.cpp:650] gyr saturation
W20250111 18:53:46.214000 10883 ImuError.cpp:650] gyr saturation
W20250111 18:53:46.214006 10883 ImuError.cpp:650] gyr saturation
W20250111 18:53:46.214017 10883 ImuError.cpp:650] gyr saturation
W20250111 18:53:46.214023 10883 ImuError.cpp:650] gyr saturation
W20250111 18:53:46.214030 10883 ImuError.cpp:650] gyr saturation
W20250111 18:53:46.214035 10883 ImuError.cpp:650] gyr saturation
W20250111 18:53:46.214040 10883 ImuError.cpp:650] gyr saturation
W20250111 18:53:46.214046 10883 ImuError.cpp:650] gyr saturation
W20250111 18:53:46.214051 10883 ImuError.cpp:650] gyr saturation
W20250111 18:53:46.214057 10883 ImuError.cpp:650] gyr saturation
W20250111 18:53:46.214063 10883 ImuError.cpp:650] gyr saturation
W20250111 18:53:46.214069 10883 ImuError.cpp:650] gyr saturation
W20250111 18:53:46.214074 10883 ImuError.cpp:650] gyr saturation
W20250111 18:53:46.214082 10883 ImuError.cpp:650] gyr saturation
W20250111 18:53:46.214087 10883 ImuError.cpp:650] gyr saturation
W20250111 18:53:46.214093 10883 ImuError.cpp:650] gyr saturation
W20250111 18:53:46.214098 10883 ImuError.cpp:650] gyr saturation
W20250111 18:53:46.214104 10883 ImuError.cpp:650] gyr saturation
W20250111 18:53:46.214109 10883 ImuError.cpp:650] gyr saturation
W20250111 18:53:46.214114 10883 ImuError.cpp:650] gyr saturation
W20250111 18:53:46.214120 10883 ImuError.cpp:650] gyr saturation
W20250111 18:53:46.214126 10883 ImuError.cpp:650] gyr saturation
W20250111 18:53:46.214131 10883 ImuError.cpp:650] gyr saturation
W20250111 18:53:46.214138 10883 ImuError.cpp:650] gyr saturation
W20250111 18:53:46.214143 10883 ImuError.cpp:650] gyr saturation
W20250111 18:53:46.214148 10883 ImuError.cpp:650] gyr saturation
W20250111 18:53:46.214154 10883 ImuError.cpp:650] gyr saturation
W20250111 18:53:46.214159 10883 ImuError.cpp:650] gyr saturation
W20250111 18:53:46.245688 10883 ImuError.cpp:650] gyr saturation
W20250111 18:53:46.245733 10883 ImuError.cpp:650] gyr saturation
W20250111 18:53:46.245739 10883 ImuError.cpp:650] gyr saturation
W20250111 18:53:46.245744 10883 ImuError.cpp:650] gyr saturation
W20250111 18:53:46.245748 10883 ImuError.cpp:650] gyr saturation
W20250111 18:53:46.245754 10883 ImuError.cpp:650] gyr saturation
W20250111 18:53:46.245759 10883 ImuError.cpp:650] gyr saturation
W20250111 18:53:46.245764 10883 ImuError.cpp:650] gyr saturation
W20250111 18:53:46.245769 10883 ImuError.cpp:650] gyr saturation
W20250111 18:53:46.245774 10883 ImuError.cpp:650] gyr saturation
W20250111 18:53:46.245779 10883 ImuError.cpp:650] gyr saturation
W20250111 18:53:46.245784 10883 ImuError.cpp:650] gyr saturation
W20250111 18:53:46.245790 10883 ImuError.cpp:650] gyr saturation
W20250111 18:53:46.245795 10883 ImuError.cpp:650] gyr saturation
W20250111 18:53:46.245806 10883 ImuError.cpp:650] gyr saturation
W20250111 18:53:46.245812 10883 ImuError.cpp:650] gyr saturation
W20250111 18:53:46.245817 10883 ImuError.cpp:650] gyr saturation
W20250111 18:53:46.245828 10883 ImuError.cpp:650] gyr saturation
W20250111 18:53:46.245834 10883 ImuError.cpp:650] gyr saturation
W20250111 18:53:46.245839 10883 ImuError.cpp:650] gyr saturation
W20250111 18:53:46.245844 10883 ImuError.cpp:650] gyr saturation
W20250111 18:53:46.245849 10883 ImuError.cpp:650] gyr saturation
W20250111 18:53:46.245854 10883 ImuError.cpp:650] gyr saturation
W20250111 18:53:46.245859 10883 ImuError.cpp:650] gyr saturation
W20250111 18:53:46.245865 10883 ImuError.cpp:650] gyr saturation
W20250111 18:53:46.245870 10883 ImuError.cpp:650] gyr saturation
W20250111 18:53:46.245875 10883 ImuError.cpp:650] gyr saturation
W20250111 18:53:46.245880 10883 ImuError.cpp:650] gyr saturation
W20250111 18:53:46.245885 10883 ImuError.cpp:650] gyr saturation
W20250111 18:53:46.245890 10883 ImuError.cpp:650] gyr saturation
W20250111 18:53:46.245895 10883 ImuError.cpp:650] gyr saturation
W20250111 18:53:46.245900 10883 ImuError.cpp:650] gyr saturation
W20250111 18:53:46.245906 10883 ImuError.cpp:650] gyr saturation
W20250111 18:53:46.245911 10883 ImuError.cpp:650] gyr saturation
W20250111 18:53:46.246096 10883 ImuError.cpp:650] gyr saturation
W20250111 18:53:46.246106 10883 ImuError.cpp:650] gyr saturation
W20250111 18:53:46.246112 10883 ImuError.cpp:650] gyr saturation
W20250111 18:53:46.246125 10883 ImuError.cpp:650] gyr saturation
W20250111 18:53:46.246131 10883 ImuError.cpp:650] gyr saturation
W20250111 18:53:46.246136 10883 ImuError.cpp:650] gyr saturation
W20250111 18:53:46.246142 10883 ImuError.cpp:650] gyr saturation
W20250111 18:53:46.246147 10883 ImuError.cpp:650] gyr saturation
W20250111 18:53:46.246152 10883 ImuError.cpp:650] gyr saturation
W20250111 18:53:46.246157 10883 ImuError.cpp:650] gyr saturation
W20250111 18:53:46.246162 10883 ImuError.cpp:650] gyr saturation
W20250111 18:53:46.246167 10883 ImuError.cpp:650] gyr saturation
W20250111 18:53:46.246172 10883 ImuError.cpp:650] gyr saturation
W20250111 18:53:46.246177 10883 ImuError.cpp:650] gyr saturation
W20250111 18:53:46.246182 10883 ImuError.cpp:650] gyr saturation
W20250111 18:53:46.246187 10883 ImuError.cpp:650] gyr saturation
W20250111 18:53:46.246192 10883 ImuError.cpp:650] gyr saturation
W20250111 18:53:46.246197 10883 ImuError.cpp:650] gyr saturation
W20250111 18:53:46.246202 10883 ImuError.cpp:650] gyr saturation
W20250111 18:53:46.246207 10883 ImuError.cpp:650] gyr saturation
W20250111 18:53:46.246212 10883 ImuError.cpp:650] gyr saturation
W20250111 18:53:46.246217 10883 ImuError.cpp:650] gyr saturation
W20250111 18:53:46.246222 10883 ImuError.cpp:650] gyr saturation
W20250111 18:53:46.246227 10883 ImuError.cpp:650] gyr saturation
W20250111 18:53:46.246232 10883 ImuError.cpp:650] gyr saturation
W20250111 18:53:46.246237 10883 ImuError.cpp:650] gyr saturation
W20250111 18:53:46.246243 10883 ImuError.cpp:650] gyr saturation
W20250111 18:53:46.246248 10883 ImuError.cpp:650] gyr saturation
W20250111 18:53:46.246253 10883 ImuError.cpp:650] gyr saturation
W20250111 18:53:46.246258 10883 ImuError.cpp:650] gyr saturation
W20250111 18:53:46.246263 10883 ImuError.cpp:650] gyr saturation
W20250111 18:53:46.246268 10883 ImuError.cpp:650] gyr saturation
W20250111 18:53:46.246272 10883 ImuError.cpp:650] gyr saturation
W20250111 18:53:46.246277 10883 ImuError.cpp:650] gyr saturation
W20250111 18:53:46.250000 10883 ImuError.cpp:368] gyr saturation
W20250111 18:53:46.250074 10883 ImuError.cpp:368] gyr saturation
W20250111 18:53:46.250087 10883 ImuError.cpp:368] gyr saturation
W20250111 18:53:46.250098 10883 ImuError.cpp:368] gyr saturation
W20250111 18:53:46.250109 10883 ImuError.cpp:368] gyr saturation
W20250111 18:53:46.250121 10883 ImuError.cpp:368] gyr saturation
W20250111 18:53:46.250131 10883 ImuError.cpp:368] gyr saturation
W20250111 18:53:46.250142 10883 ImuError.cpp:368] gyr saturation
W20250111 18:53:46.250154 10883 ImuError.cpp:368] gyr saturation
W20250111 18:53:46.250173 10883 ImuError.cpp:368] gyr saturation
W20250111 18:53:46.250185 10883 ImuError.cpp:368] gyr saturation
W20250111 18:53:46.250195 10883 ImuError.cpp:368] gyr saturation
W20250111 18:53:46.250206 10883 ImuError.cpp:368] gyr saturation
W20250111 18:53:46.250217 10883 ImuError.cpp:368] gyr saturation
W20250111 18:53:46.250228 10883 ImuError.cpp:368] gyr saturation
W20250111 18:53:46.250239 10883 ImuError.cpp:368] gyr saturation
W20250111 18:53:46.250250 10883 ImuError.cpp:368] gyr saturation
W20250111 18:53:46.250262 10883 ImuError.cpp:368] gyr saturation
W20250111 18:53:46.250272 10883 ImuError.cpp:368] gyr saturation
W20250111 18:53:46.250283 10883 ImuError.cpp:368] gyr saturation
W20250111 18:53:46.250293 10883 ImuError.cpp:368] gyr saturation
W20250111 18:53:46.250303 10883 ImuError.cpp:368] gyr saturation
W20250111 18:53:46.250314 10883 ImuError.cpp:368] gyr saturation
W20250111 18:53:46.250325 10883 ImuError.cpp:368] gyr saturation
W20250111 18:53:46.250335 10883 ImuError.cpp:368] gyr saturation
W20250111 18:53:46.250346 10883 ImuError.cpp:368] gyr saturation
W20250111 18:53:46.250357 10883 ImuError.cpp:368] gyr saturation
W20250111 18:53:46.250367 10883 ImuError.cpp:368] gyr saturation
W20250111 18:53:46.250378 10883 ImuError.cpp:368] gyr saturation
W20250111 18:53:46.250389 10883 ImuError.cpp:368] gyr saturation
W20250111 18:53:46.250399 10883 ImuError.cpp:368] gyr saturation
W20250111 18:53:46.250411 10883 ImuError.cpp:368] gyr saturation
W20250111 18:53:46.250427 10883 ImuError.cpp:368] gyr saturation
W20250111 18:53:46.250439 10883 ImuError.cpp:368] gyr saturation
W20250111 18:53:46.255308 10883 Frontend.cpp:612] 3d2d tracking weak: quality=0. Number of 3d2d-matches: 5
W20250111 18:53:46.257597 10883 ImuError.cpp:650] gyr saturation
W20250111 18:53:46.257652 10883 ImuError.cpp:650] gyr saturation
W20250111 18:53:46.257659 10883 ImuError.cpp:650] gyr saturation
W20250111 18:53:46.257665 10883 ImuError.cpp:650] gyr saturation
W20250111 18:53:46.257670 10883 ImuError.cpp:650] gyr saturation
W20250111 18:53:46.257676 10883 ImuError.cpp:650] gyr saturation
W20250111 18:53:46.257681 10883 ImuError.cpp:650] gyr saturation
W20250111 18:53:46.257687 10883 ImuError.cpp:650] gyr saturation
W20250111 18:53:46.257694 10883 ImuError.cpp:650] gyr saturation
W20250111 18:53:46.257699 10883 ImuError.cpp:650] gyr saturation
W20250111 18:53:46.257704 10883 ImuError.cpp:650] gyr saturation
W20250111 18:53:46.257709 10883 ImuError.cpp:650] gyr saturation
W20250111 18:53:46.257714 10883 ImuError.cpp:650] gyr saturation
W20250111 18:53:46.257721 10883 ImuError.cpp:650] gyr saturation
W20250111 18:53:46.257728 10883 ImuError.cpp:650] gyr saturation
W20250111 18:53:46.257736 10883 ImuError.cpp:650] gyr saturation
W20250111 18:53:46.257745 10883 ImuError.cpp:650] gyr saturation
W20250111 18:53:46.257751 10883 ImuError.cpp:650] gyr saturation
W20250111 18:53:46.257758 10883 ImuError.cpp:650] gyr saturation
W20250111 18:53:46.257764 10883 ImuError.cpp:650] gyr saturation
W20250111 18:53:46.257771 10883 ImuError.cpp:650] gyr saturation
W20250111 18:53:46.257777 10883 ImuError.cpp:650] gyr saturation
W20250111 18:53:46.257784 10883 ImuError.cpp:650] gyr saturation
W20250111 18:53:46.257790 10883 ImuError.cpp:650] gyr saturation
W20250111 18:53:46.257797 10883 ImuError.cpp:650] gyr saturation
W20250111 18:53:46.257803 10883 ImuError.cpp:650] gyr saturation
W20250111 18:53:46.257808 10883 ImuError.cpp:650] gyr saturation
W20250111 18:53:46.257814 10883 ImuError.cpp:650] gyr saturation
W20250111 18:53:46.257820 10883 ImuError.cpp:650] gyr saturation
W20250111 18:53:46.257835 10883 ImuError.cpp:650] gyr saturation
W20250111 18:53:46.257843 10883 ImuError.cpp:650] gyr saturation
W20250111 18:53:46.257849 10883 ImuError.cpp:650] gyr saturation
W20250111 18:53:46.257855 10883 ImuError.cpp:650] gyr saturation
W20250111 18:53:46.257861 10883 ImuError.cpp:650] gyr saturation
W20250111 18:53:46.257866 10883 ImuError.cpp:650] gyr saturation
W20250111 18:53:46.257871 10883 ImuError.cpp:650] gyr saturation
W20250111 18:53:46.257877 10883 ImuError.cpp:650] gyr saturation
W20250111 18:53:46.257895 10883 ImuError.cpp:650] gyr saturation
W20250111 18:53:46.257901 10883 ImuError.cpp:650] gyr saturation
W20250111 18:53:46.257907 10883 ImuError.cpp:650] gyr saturation
W20250111 18:53:46.257915 10883 ImuError.cpp:650] gyr saturation
W20250111 18:53:46.257921 10883 ImuError.cpp:650] gyr saturation
W20250111 18:53:46.298486 271422 ViSlamBackend.cpp:466] TRACKING FAILURE: quality=0
W20250111 18:53:46.299522 10883 ImuError.cpp:650] gyr saturation
W20250111 18:53:46.299583 10883 ImuError.cpp:650] gyr saturation
W20250111 18:53:46.299592 10883 ImuError.cpp:650] gyr saturation
W20250111 18:53:46.299597 10883 ImuError.cpp:650] gyr saturation
W20250111 18:53:46.299603 10883 ImuError.cpp:650] gyr saturation
W20250111 18:53:46.299609 10883 ImuError.cpp:650] gyr saturation
W20250111 18:53:46.299615 10883 ImuError.cpp:650] gyr saturation
W20250111 18:53:46.299620 10883 ImuError.cpp:650] gyr saturation
W20250111 18:53:46.299625 10883 ImuError.cpp:650] gyr saturation
W20250111 18:53:46.299700 10883 ImuError.cpp:650] gyr saturation
W20250111 18:53:46.299706 10883 ImuError.cpp:650] gyr saturation
W20250111 18:53:46.299712 10883 ImuError.cpp:650] gyr saturation
W20250111 18:53:46.299717 10883 ImuError.cpp:650] gyr saturation
W20250111 18:53:46.299722 10883 ImuError.cpp:650] gyr saturation
W20250111 18:53:46.299728 10883 ImuError.cpp:650] gyr saturation
W20250111 18:53:46.299733 10883 ImuError.cpp:650] gyr saturation
W20250111 18:53:46.299750 10883 ImuError.cpp:650] gyr saturation
W20250111 18:53:46.299757 10883 ImuError.cpp:650] gyr saturation
W20250111 18:53:46.303426 10883 ImuError.cpp:368] gyr saturation
W20250111 18:53:46.303500 10883 ImuError.cpp:368] gyr saturation
W20250111 18:53:46.303512 10883 ImuError.cpp:368] gyr saturation
W20250111 18:53:46.303524 10883 ImuError.cpp:368] gyr saturation
W20250111 18:53:46.303534 10883 ImuError.cpp:368] gyr saturation
W20250111 18:53:46.303545 10883 ImuError.cpp:368] gyr saturation
W20250111 18:53:46.303556 10883 ImuError.cpp:368] gyr saturation
W20250111 18:53:46.303566 10883 ImuError.cpp:368] gyr saturation
W20250111 18:53:46.303577 10883 ImuError.cpp:368] gyr saturation
W20250111 18:53:46.308131 10883 Frontend.cpp:612] 3d2d tracking weak: quality=0. Number of 3d2d-matches: 4
W20250111 18:53:46.310330 10883 ImuError.cpp:650] gyr saturation
W20250111 18:53:46.310384 10883 ImuError.cpp:650] gyr saturation
W20250111 18:53:46.310392 10883 ImuError.cpp:650] gyr saturation
W20250111 18:53:46.310397 10883 ImuError.cpp:650] gyr saturation
W20250111 18:53:46.310406 10883 ImuError.cpp:650] gyr saturation
W20250111 18:53:46.310411 10883 ImuError.cpp:650] gyr saturation
W20250111 18:53:46.310417 10883 ImuError.cpp:650] gyr saturation
W20250111 18:53:46.310424 10883 ImuError.cpp:650] gyr saturation
W20250111 18:53:46.310431 10883 ImuError.cpp:650] gyr saturation
W20250111 18:53:46.362092 10883 Frontend.cpp:612] 3d2d tracking weak: quality=0. Number of 3d2d-matches: 7
W20250111 18:53:46.403672 10883 Frontend.cpp:612] 3d2d tracking weak: quality=0. Number of 3d2d-matches: 8
I20250111 18:53:48.318982 10883 okvis_app_synchronous.cpp:210] OKVIS Timing
-----------
1 DetectAndDescribe                	   4214	00:00:07.993845	(00:00:00.001897 +- 00:00:00.000383)	[00:00:00.000945,00:00:00.005821]
2 Match                            	   4214	00:00:27.445738	(00:00:00.006513 +- 00:00:00.002494)	[00:00:00.000203,00:00:00.014579]
2.01 match to map                  	   4213	00:00:20.015409	(00:00:00.004751 +- 00:00:00.002128)	[00:00:00.000053,00:00:00.011998]
2.02 match motion stereo           	   4213	00:00:05.256819	(00:00:00.001248 +- 00:00:00.000409)	[00:00:00.000063,00:00:00.005115]
2.02.1 match motion stereo: prepare	   4213	00:00:01.202624	(00:00:00.000285 +- 00:00:00.000108)	[00:00:00.000001,00:00:00.000884]
2.10 match stereo                  	   1175	00:00:00.041277	(00:00:00.000035 +- 00:00:00.000042)	[00:00:00.000001,00:00:00.000461]
3 Optimise                         	   4213	00:01:11.606369	(00:00:00.016997 +- 00:00:00.009826)	[00:00:00.001047,00:00:00.079445]
4 Prepare publishing               	   4213	00:00:03.693472	(00:00:00.000877 +- 00:00:00.000365)	[00:00:00.000054,00:00:00.002789]
6 Visualising                      	   4213	00:00:00.001004	(00:00:00.000000 +- 00:00:00.000000)	[00:00:00.000000,00:00:00.000009]
7 Marginalise                      	   4213	00:00:08.088785	(00:00:00.001920 +- 00:00:00.001017)	[00:00:00.000007,00:00:00.012180]
7.1 check/handle lost              	   4213	00:00:00.129051	(00:00:00.000031 +- 00:00:00.000019)	[00:00:00.000000,00:00:00.000197]
7.2 eliminate IMU frames           	   4213	00:00:03.484676	(00:00:00.000827 +- 00:00:00.000615)	[00:00:00.000000,00:00:00.002763]
7.3 convert to posegraph           	   1459	00:00:01.356483	(00:00:00.000930 +- 00:00:00.000726)	[00:00:00.000094,00:00:00.006921]
7.4 freezing                       	   4212	00:00:00.005168	(00:00:00.000001 +- 00:00:00.000002)	[00:00:00.000000,00:00:00.000035]
7.6 expand                         	   4137	00:00:01.008680	(00:00:00.000244 +- 00:00:00.000204)	[00:00:00.000031,00:00:00.004516]
7.7 prune place recognition frames 	   4212	00:00:01.021783	(00:00:00.000243 +- 00:00:00.000143)	[00:00:00.000002,00:00:00.001783]
I20250111 18:53:48.319109 10883 okvis_app_synchronous.cpp:219] Progress: 78% (0.5 [1%/s], ETA: 44s)
I20250111 18:53:49.212493 10883 Frontend.cpp:2274] RANSAC FAIL: 14 inliers, ratio = 0.7
I20250111 18:53:49.271452 10883 Frontend.cpp:2274] RANSAC FAIL: 13 inliers, ratio = 0.684211
I20250111 18:53:49.385717 10883 Frontend.cpp:2274] RANSAC FAIL: 22 inliers, ratio = 0.666667
I20250111 18:53:49.447017 10883 Frontend.cpp:2274] RANSAC FAIL: 52 inliers, ratio = 0.666667
I20250111 18:53:49.478051 10883 Frontend.cpp:2274] RANSAC FAIL: 54 inliers, ratio = 0.692308
I20250111 18:53:49.508447 10883 Frontend.cpp:2274] RANSAC FAIL: 54 inliers, ratio = 0.658537
I20250111 18:53:49.574707 10883 Frontend.cpp:2274] RANSAC FAIL: 54 inliers, ratio = 0.692308
I20250111 18:53:49.773358 10883 Frontend.cpp:2274] RANSAC FAIL: 31 inliers, ratio = 0.688889
I20250111 18:53:50.192836 10883 okvis_app_synchronous.cpp:210] OKVIS Timing
-----------
1 DetectAndDescribe                	   4268	00:00:08.107066	(00:00:00.001899 +- 00:00:00.000381)	[00:00:00.000945,00:00:00.005821]
2 Match                            	   4268	00:00:28.220818	(00:00:00.006612 +- 00:00:00.002630)	[00:00:00.000203,00:00:00.016605]
2.01 match to map                  	   4267	00:00:20.651061	(00:00:00.004840 +- 00:00:00.002257)	[00:00:00.000053,00:00:00.013362]
2.02 match motion stereo           	   4267	00:00:05.357215	(00:00:00.001255 +- 00:00:00.000414)	[00:00:00.000063,00:00:00.005115]
2.02.1 match motion stereo: prepare	   4267	00:00:01.223011	(00:00:00.000287 +- 00:00:00.000108)	[00:00:00.000001,00:00:00.000884]
2.10 match stereo                  	   1212	00:00:00.042940	(00:00:00.000035 +- 00:00:00.000041)	[00:00:00.000001,00:00:00.000461]
3 Optimise                         	   4267	00:01:12.556024	(00:00:00.017004 +- 00:00:00.009791)	[00:00:00.001047,00:00:00.079445]
4 Prepare publishing               	   4267	00:00:03.741345	(00:00:00.000877 +- 00:00:00.000363)	[00:00:00.000054,00:00:00.002789]
6 Visualising                      	   4267	00:00:00.001014	(00:00:00.000000 +- 00:00:00.000000)	[00:00:00.000000,00:00:00.000009]
7 Marginalise                      	   4267	00:00:08.182843	(00:00:00.001918 +- 00:00:00.001012)	[00:00:00.000007,00:00:00.012180]
7.1 check/handle lost              	   4267	00:00:00.130446	(00:00:00.000031 +- 00:00:00.000019)	[00:00:00.000000,00:00:00.000197]
7.2 eliminate IMU frames           	   4267	00:00:03.506667	(00:00:00.000822 +- 00:00:00.000616)	[00:00:00.000000,00:00:00.002763]
7.3 convert to posegraph           	   1492	00:00:01.385573	(00:00:00.000929 +- 00:00:00.000719)	[00:00:00.000094,00:00:00.006921]
7.4 freezing                       	   4266	00:00:00.005274	(00:00:00.000001 +- 00:00:00.000002)	[00:00:00.000000,00:00:00.000035]
7.6 expand                         	   4191	00:00:01.022013	(00:00:00.000244 +- 00:00:00.000203)	[00:00:00.000031,00:00:00.004516]
7.7 prune place recognition frames 	   4266	00:00:01.034290	(00:00:00.000242 +- 00:00:00.000142)	[00:00:00.000002,00:00:00.001783]
I20250111 18:53:50.192991 10883 okvis_app_synchronous.cpp:219] Progress: 79% (1 [1%/s], ETA: 21s)
I20250111 18:53:50.320434 10883 Frontend.cpp:2274] RANSAC FAIL: 54 inliers, ratio = 0.613636
I20250111 18:53:50.364374 10883 Frontend.cpp:2274] RANSAC FAIL: 45 inliers, ratio = 0.671642
I20250111 18:53:50.411317 10883 Frontend.cpp:2274] RANSAC FAIL: 46 inliers, ratio = 0.638889
I20250111 18:53:50.524590 10883 Frontend.cpp:2274] RANSAC FAIL: 70 inliers, ratio = 0.679612
W20250111 18:53:52.172112 10883 Frontend.cpp:612] 3d2d tracking weak: quality=0. Number of 3d2d-matches: 5
I20250111 18:53:52.720693 10883 Frontend.cpp:2274] RANSAC FAIL: 9 inliers, ratio = 0.692308
I20250111 18:53:52.778455 10883 Frontend.cpp:2274] RANSAC FAIL: 12 inliers, ratio = 0.666667
I20250111 18:53:52.834383 10883 Frontend.cpp:2274] RANSAC FAIL: 12 inliers, ratio = 0.6
I20250111 18:53:52.886138 10883 Frontend.cpp:2274] RANSAC FAIL: 17 inliers, ratio = 0.485714
I20250111 18:53:52.949517 10883 Frontend.cpp:2274] RANSAC FAIL: 40 inliers, ratio = 0.666667
I20250111 18:53:53.005446 10883 Frontend.cpp:2274] RANSAC FAIL: 38 inliers, ratio = 0.603175
I20250111 18:53:53.056511 10883 Frontend.cpp:2274] RANSAC FAIL: 38 inliers, ratio = 0.690909
I20250111 18:53:53.068895 10883 okvis_app_synchronous.cpp:210] OKVIS Timing
-----------
1 DetectAndDescribe                	   4322	00:00:08.211938	(00:00:00.001900 +- 00:00:00.000381)	[00:00:00.000945,00:00:00.005821]
2 Match                            	   4322	00:00:29.027273	(00:00:00.006716 +- 00:00:00.002777)	[00:00:00.000203,00:00:00.017877]
2.01 match to map                  	   4321	00:00:21.313392	(00:00:00.004933 +- 00:00:00.002393)	[00:00:00.000053,00:00:00.014736]
2.02 match motion stereo           	   4321	00:00:05.461565	(00:00:00.001264 +- 00:00:00.000419)	[00:00:00.000063,00:00:00.005115]
2.02.1 match motion stereo: prepare	   4321	00:00:01.244422	(00:00:00.000288 +- 00:00:00.000108)	[00:00:00.000001,00:00:00.000884]
2.10 match stereo                  	   1250	00:00:00.044564	(00:00:00.000036 +- 00:00:00.000041)	[00:00:00.000001,00:00:00.000461]
3 Optimise                         	   4321	00:01:14.487173	(00:00:00.017238 +- 00:00:00.009987)	[00:00:00.001047,00:00:00.079445]
4 Prepare publishing               	   4321	00:00:03.788846	(00:00:00.000877 +- 00:00:00.000362)	[00:00:00.000054,00:00:00.002789]
6 Visualising                      	   4321	00:00:00.001024	(00:00:00.000000 +- 00:00:00.000000)	[00:00:00.000000,00:00:00.000009]
7 Marginalise                      	   4321	00:00:08.266148	(00:00:00.001913 +- 00:00:00.001007)	[00:00:00.000007,00:00:00.012180]
7.1 check/handle lost              	   4321	00:00:00.131601	(00:00:00.000030 +- 00:00:00.000019)	[00:00:00.000000,00:00:00.000197]
7.2 eliminate IMU frames           	   4321	00:00:03.522583	(00:00:00.000815 +- 00:00:00.000617)	[00:00:00.000000,00:00:00.002763]
7.3 convert to posegraph           	   1530	00:00:01.413883	(00:00:00.000924 +- 00:00:00.000711)	[00:00:00.000094,00:00:00.006921]
7.4 freezing                       	   4320	00:00:00.005408	(00:00:00.000001 +- 00:00:00.000002)	[00:00:00.000000,00:00:00.000035]
7.6 expand                         	   4245	00:00:01.034379	(00:00:00.000244 +- 00:00:00.000202)	[00:00:00.000031,00:00:00.004516]
7.7 prune place recognition frames 	   4320	00:00:01.045140	(00:00:00.000242 +- 00:00:00.000141)	[00:00:00.000002,00:00:00.001783]
I20250111 18:53:53.069069 10883 okvis_app_synchronous.cpp:219] Progress: 80% (0.5 [1%/s], ETA: 40s)
I20250111 18:53:53.107784 10883 Frontend.cpp:2274] RANSAC FAIL: 29 inliers, ratio = 0.54717
I20250111 18:53:53.298578 10883 Frontend.cpp:2274] RANSAC FAIL: 14 inliers, ratio = 0.7
I20250111 18:53:53.360138 10883 Frontend.cpp:2274] RANSAC FAIL: 10 inliers, ratio = 0.666667
W20250111 18:53:53.418500 10883 Frontend.cpp:612] 3d2d tracking weak: quality=0. Number of 3d2d-matches: 14
I20250111 18:53:53.459632 10883 Frontend.cpp:2274] RANSAC FAIL: 6 inliers, ratio = 0.6
W20250111 18:53:53.468744 10883 Frontend.cpp:612] 3d2d tracking weak: quality=0. Number of 3d2d-matches: 10
I20250111 18:53:53.506300 10883 Frontend.cpp:2274] RANSAC FAIL: 14 inliers, ratio = 0.7
I20250111 18:53:53.568652 10883 Frontend.cpp:2274] RANSAC FAIL: 18 inliers, ratio = 0.6
I20250111 18:53:53.619460 10883 Frontend.cpp:2274] RANSAC FAIL: 29 inliers, ratio = 0.617021
I20250111 18:53:53.904927 10883 Frontend.cpp:2274] RANSAC FAIL: 33 inliers, ratio = 0.66
I20250111 18:53:54.047253 10883 Frontend.cpp:2274] RANSAC FAIL: 31 inliers, ratio = 0.607843
I20250111 18:53:54.305619 10883 Frontend.cpp:2274] RANSAC FAIL: 63 inliers, ratio = 0.677419
I20250111 18:53:54.424432 10883 Frontend.cpp:2274] RANSAC FAIL: 64 inliers, ratio = 0.659794
I20250111 18:53:56.994678 10883 okvis_app_synchronous.cpp:210] OKVIS Timing
-----------
1 DetectAndDescribe                	   4376	00:00:08.329711	(00:00:00.001903 +- 00:00:00.000381)	[00:00:00.000945,00:00:00.005821]
2 Match                            	   4376	00:00:29.907866	(00:00:00.006835 +- 00:00:00.002982)	[00:00:00.000203,00:00:00.021201]
2.01 match to map                  	   4375	00:00:22.027873	(00:00:00.005035 +- 00:00:00.002575)	[00:00:00.000053,00:00:00.018319]
2.02 match motion stereo           	   4375	00:00:05.578799	(00:00:00.001275 +- 00:00:00.000432)	[00:00:00.000063,00:00:00.005115]
2.02.1 match motion stereo: prepare	   4375	00:00:01.271628	(00:00:00.000291 +- 00:00:00.000111)	[00:00:00.000001,00:00:00.000884]
2.10 match stereo                  	   1284	00:00:00.046858	(00:00:00.000036 +- 00:00:00.000042)	[00:00:00.000001,00:00:00.000461]
3 Optimise                         	   4375	00:01:17.353237	(00:00:00.017681 +- 00:00:00.010831)	[00:00:00.001047,00:00:00.082143]
4 Prepare publishing               	   4375	00:00:03.849284	(00:00:00.000880 +- 00:00:00.000362)	[00:00:00.000054,00:00:00.002789]
6 Visualising                      	   4375	00:00:00.001032	(00:00:00.000000 +- 00:00:00.000000)	[00:00:00.000000,00:00:00.000009]
7 Marginalise                      	   4375	00:00:08.376656	(00:00:00.001915 +- 00:00:00.001003)	[00:00:00.000007,00:00:00.012180]
7.1 check/handle lost              	   4375	00:00:00.133292	(00:00:00.000030 +- 00:00:00.000019)	[00:00:00.000000,00:00:00.000197]
7.2 eliminate IMU frames           	   4375	00:00:03.542976	(00:00:00.000810 +- 00:00:00.000618)	[00:00:00.000000,00:00:00.002763]
7.3 convert to posegraph           	   1567	00:00:01.447556	(00:00:00.000924 +- 00:00:00.000704)	[00:00:00.000094,00:00:00.006921]
7.4 freezing                       	   4374	00:00:00.005534	(00:00:00.000001 +- 00:00:00.000002)	[00:00:00.000000,00:00:00.000035]
7.6 expand                         	   4299	00:00:01.052359	(00:00:00.000245 +- 00:00:00.000201)	[00:00:00.000031,00:00:00.004516]
7.7 prune place recognition frames 	   4374	00:00:01.061134	(00:00:00.000243 +- 00:00:00.000141)	[00:00:00.000002,00:00:00.001783]
I20250111 18:53:56.994876 10883 okvis_app_synchronous.cpp:219] Progress: 81% (0.333333 [1%/s], ETA: 57s)
I20250111 18:53:59.590785 10883 okvis_app_synchronous.cpp:210] OKVIS Timing
-----------
1 DetectAndDescribe                	   4430	00:00:08.431599	(00:00:00.001903 +- 00:00:00.000379)	[00:00:00.000945,00:00:00.005821]
2 Match                            	   4430	00:00:30.954390	(00:00:00.006987 +- 00:00:00.003270)	[00:00:00.000203,00:00:00.021502]
2.01 match to map                  	   4429	00:00:22.893155	(00:00:00.005169 +- 00:00:00.002831)	[00:00:00.000053,00:00:00.018319]
2.02 match motion stereo           	   4429	00:00:05.697570	(00:00:00.001286 +- 00:00:00.000443)	[00:00:00.000063,00:00:00.005115]
2.02.1 match motion stereo: prepare	   4429	00:00:01.304329	(00:00:00.000294 +- 00:00:00.000116)	[00:00:00.000001,00:00:00.000884]
2.10 match stereo                  	   1297	00:00:00.047755	(00:00:00.000037 +- 00:00:00.000042)	[00:00:00.000001,00:00:00.000461]
3 Optimise                         	   4429	00:01:18.666037	(00:00:00.017762 +- 00:00:00.010849)	[00:00:00.001047,00:00:00.082143]
4 Prepare publishing               	   4429	00:00:03.919286	(00:00:00.000885 +- 00:00:00.000364)	[00:00:00.000054,00:00:00.002789]
6 Visualising                      	   4429	00:00:00.001042	(00:00:00.000000 +- 00:00:00.000000)	[00:00:00.000000,00:00:00.000009]
7 Marginalise                      	   4429	00:00:08.535600	(00:00:00.001927 +- 00:00:00.001009)	[00:00:00.000007,00:00:00.012180]
7.1 check/handle lost              	   4429	00:00:00.135606	(00:00:00.000031 +- 00:00:00.000019)	[00:00:00.000000,00:00:00.000197]
7.2 eliminate IMU frames           	   4429	00:00:03.593996	(00:00:00.000811 +- 00:00:00.000617)	[00:00:00.000000,00:00:00.002763]
7.3 convert to posegraph           	   1584	00:00:01.482824	(00:00:00.000936 +- 00:00:00.000718)	[00:00:00.000094,00:00:00.006921]
7.4 freezing                       	   4428	00:00:00.005617	(00:00:00.000001 +- 00:00:00.000002)	[00:00:00.000000,00:00:00.000035]
7.6 expand                         	   4349	00:00:01.076689	(00:00:00.000248 +- 00:00:00.000204)	[00:00:00.000031,00:00:00.004516]
7.7 prune place recognition frames 	   4428	00:00:01.084193	(00:00:00.000245 +- 00:00:00.000142)	[00:00:00.000002,00:00:00.001783]
I20250111 18:53:59.590951 10883 okvis_app_synchronous.cpp:219] Progress: 82% (0.5 [1%/s], ETA: 36s)
I20250111 18:54:01.359462 10883 okvis_app_synchronous.cpp:210] OKVIS Timing
-----------
1 DetectAndDescribe                	   4484	00:00:08.546290	(00:00:00.001906 +- 00:00:00.000378)	[00:00:00.000945,00:00:00.005821]
2 Match                            	   4484	00:00:31.849063	(00:00:00.007103 +- 00:00:00.003415)	[00:00:00.000203,00:00:00.021502]
2.01 match to map                  	   4483	00:00:23.660899	(00:00:00.005278 +- 00:00:00.002983)	[00:00:00.000053,00:00:00.018319]
2.02 match motion stereo           	   4483	00:00:05.783668	(00:00:00.001290 +- 00:00:00.000443)	[00:00:00.000063,00:00:00.005115]
2.02.1 match motion stereo: prepare	   4483	00:00:01.327318	(00:00:00.000296 +- 00:00:00.000116)	[00:00:00.000001,00:00:00.000884]
2.10 match stereo                  	   1306	00:00:00.048312	(00:00:00.000037 +- 00:00:00.000042)	[00:00:00.000001,00:00:00.000461]
3 Optimise                         	   4483	00:01:19.368386	(00:00:00.017704 +- 00:00:00.010801)	[00:00:00.001047,00:00:00.082143]
4 Prepare publishing               	   4483	00:00:03.971201	(00:00:00.000886 +- 00:00:00.000363)	[00:00:00.000054,00:00:00.002789]
6 Visualising                      	   4483	00:00:00.001050	(00:00:00.000000 +- 00:00:00.000000)	[00:00:00.000000,00:00:00.000009]
7 Marginalise                      	   4483	00:00:08.648111	(00:00:00.001929 +- 00:00:00.001006)	[00:00:00.000007,00:00:00.012180]
7.1 check/handle lost              	   4483	00:00:00.137449	(00:00:00.000031 +- 00:00:00.000019)	[00:00:00.000000,00:00:00.000197]
7.2 eliminate IMU frames           	   4483	00:00:03.646020	(00:00:00.000813 +- 00:00:00.000616)	[00:00:00.000000,00:00:00.002763]
7.3 convert to posegraph           	   1594	00:00:01.493449	(00:00:00.000937 +- 00:00:00.000717)	[00:00:00.000094,00:00:00.006921]
7.4 freezing                       	   4482	00:00:00.005648	(00:00:00.000001 +- 00:00:00.000002)	[00:00:00.000000,00:00:00.000035]
7.6 expand                         	   4403	00:00:01.092146	(00:00:00.000248 +- 00:00:00.000203)	[00:00:00.000031,00:00:00.004516]
7.7 prune place recognition frames 	   4482	00:00:01.099651	(00:00:00.000245 +- 00:00:00.000142)	[00:00:00.000002,00:00:00.001783]
I20250111 18:54:01.359619 10883 okvis_app_synchronous.cpp:219] Progress: 83% (1 [1%/s], ETA: 17s)
I20250111 18:54:03.164302 10883 okvis_app_synchronous.cpp:210] OKVIS Timing
-----------
1 DetectAndDescribe                	   4538	00:00:08.654754	(00:00:00.001907 +- 00:00:00.000376)	[00:00:00.000945,00:00:00.005821]
2 Match                            	   4538	00:00:32.728951	(00:00:00.007212 +- 00:00:00.003542)	[00:00:00.000203,00:00:00.021502]
2.01 match to map                  	   4537	00:00:24.423345	(00:00:00.005383 +- 00:00:00.003120)	[00:00:00.000053,00:00:00.018319]
2.02 match motion stereo           	   4537	00:00:05.864753	(00:00:00.001293 +- 00:00:00.000441)	[00:00:00.000063,00:00:00.005115]
2.02.1 match motion stereo: prepare	   4537	00:00:01.349451	(00:00:00.000297 +- 00:00:00.000116)	[00:00:00.000001,00:00:00.000884]
2.10 match stereo                  	   1313	00:00:00.048532	(00:00:00.000037 +- 00:00:00.000042)	[00:00:00.000001,00:00:00.000461]
3 Optimise                         	   4537	00:01:20.125323	(00:00:00.017660 +- 00:00:00.010748)	[00:00:00.001047,00:00:00.082143]
4 Prepare publishing               	   4537	00:00:04.024253	(00:00:00.000887 +- 00:00:00.000362)	[00:00:00.000054,00:00:00.002789]
6 Visualising                      	   4537	00:00:00.001060	(00:00:00.000000 +- 00:00:00.000000)	[00:00:00.000000,00:00:00.000009]
7 Marginalise                      	   4537	00:00:08.755817	(00:00:00.001930 +- 00:00:00.001002)	[00:00:00.000007,00:00:00.012180]
7.1 check/handle lost              	   4537	00:00:00.139159	(00:00:00.000031 +- 00:00:00.000018)	[00:00:00.000000,00:00:00.000197]
7.2 eliminate IMU frames           	   4537	00:00:03.696837	(00:00:00.000815 +- 00:00:00.000615)	[00:00:00.000000,00:00:00.002763]
7.3 convert to posegraph           	   1601	00:00:01.502064	(00:00:00.000938 +- 00:00:00.000716)	[00:00:00.000094,00:00:00.006921]
7.4 freezing                       	   4536	00:00:00.005672	(00:00:00.000001 +- 00:00:00.000002)	[00:00:00.000000,00:00:00.000035]
7.6 expand                         	   4457	00:00:01.105797	(00:00:00.000248 +- 00:00:00.000202)	[00:00:00.000031,00:00:00.004516]
7.7 prune place recognition frames 	   4536	00:00:01.117179	(00:00:00.000246 +- 00:00:00.000142)	[00:00:00.000002,00:00:00.001783]
I20250111 18:54:03.164458 10883 okvis_app_synchronous.cpp:219] Progress: 84% (1 [1%/s], ETA: 16s)
I20250111 18:54:03.637665 10883 Frontend.cpp:2274] RANSAC FAIL: 64 inliers, ratio = 0.609524
I20250111 18:54:03.710045 10883 Frontend.cpp:2274] RANSAC FAIL: 59 inliers, ratio = 0.678161
W20250111 18:54:04.581831 10883 ImuError.cpp:650] gyr saturation
W20250111 18:54:04.581867 10883 ImuError.cpp:650] gyr saturation
W20250111 18:54:04.581872 10883 ImuError.cpp:650] gyr saturation
W20250111 18:54:04.581876 10883 ImuError.cpp:650] gyr saturation
W20250111 18:54:04.581880 10883 ImuError.cpp:650] gyr saturation
W20250111 18:54:04.581887 10883 ImuError.cpp:650] gyr saturation
W20250111 18:54:04.581890 10883 ImuError.cpp:650] gyr saturation
W20250111 18:54:04.581895 10883 ImuError.cpp:650] gyr saturation
W20250111 18:54:04.581898 10883 ImuError.cpp:650] gyr saturation
W20250111 18:54:04.581902 10883 ImuError.cpp:650] gyr saturation
W20250111 18:54:04.581905 10883 ImuError.cpp:650] gyr saturation
W20250111 18:54:04.581913 10883 ImuError.cpp:650] gyr saturation
W20250111 18:54:04.581918 10883 ImuError.cpp:650] gyr saturation
W20250111 18:54:04.581921 10883 ImuError.cpp:650] gyr saturation
W20250111 18:54:04.581924 10883 ImuError.cpp:650] gyr saturation
W20250111 18:54:04.599686 10883 ImuError.cpp:650] gyr saturation
W20250111 18:54:04.599720 10883 ImuError.cpp:650] gyr saturation
W20250111 18:54:04.599725 10883 ImuError.cpp:650] gyr saturation
W20250111 18:54:04.599727 10883 ImuError.cpp:650] gyr saturation
W20250111 18:54:04.599731 10883 ImuError.cpp:650] gyr saturation
W20250111 18:54:04.599735 10883 ImuError.cpp:650] gyr saturation
W20250111 18:54:04.599738 10883 ImuError.cpp:650] gyr saturation
W20250111 18:54:04.599747 10883 ImuError.cpp:650] gyr saturation
W20250111 18:54:04.599752 10883 ImuError.cpp:650] gyr saturation
W20250111 18:54:04.599756 10883 ImuError.cpp:650] gyr saturation
W20250111 18:54:04.599762 10883 ImuError.cpp:650] gyr saturation
W20250111 18:54:04.599773 10883 ImuError.cpp:650] gyr saturation
W20250111 18:54:04.599777 10883 ImuError.cpp:650] gyr saturation
W20250111 18:54:04.599781 10883 ImuError.cpp:650] gyr saturation
W20250111 18:54:04.599785 10883 ImuError.cpp:650] gyr saturation
W20250111 18:54:04.600032 10883 ImuError.cpp:650] gyr saturation
W20250111 18:54:04.600041 10883 ImuError.cpp:650] gyr saturation
W20250111 18:54:04.600044 10883 ImuError.cpp:650] gyr saturation
W20250111 18:54:04.600049 10883 ImuError.cpp:650] gyr saturation
W20250111 18:54:04.600052 10883 ImuError.cpp:650] gyr saturation
W20250111 18:54:04.600055 10883 ImuError.cpp:650] gyr saturation
W20250111 18:54:04.600059 10883 ImuError.cpp:650] gyr saturation
W20250111 18:54:04.600064 10883 ImuError.cpp:650] gyr saturation
W20250111 18:54:04.600067 10883 ImuError.cpp:650] gyr saturation
W20250111 18:54:04.600070 10883 ImuError.cpp:650] gyr saturation
W20250111 18:54:04.600075 10883 ImuError.cpp:650] gyr saturation
W20250111 18:54:04.600080 10883 ImuError.cpp:650] gyr saturation
W20250111 18:54:04.600085 10883 ImuError.cpp:650] gyr saturation
W20250111 18:54:04.600090 10883 ImuError.cpp:650] gyr saturation
W20250111 18:54:04.600093 10883 ImuError.cpp:650] gyr saturation
W20250111 18:54:04.602887 10883 ImuError.cpp:368] gyr saturation
W20250111 18:54:04.602921 10883 ImuError.cpp:368] gyr saturation
W20250111 18:54:04.602929 10883 ImuError.cpp:368] gyr saturation
W20250111 18:54:04.602937 10883 ImuError.cpp:368] gyr saturation
W20250111 18:54:04.602946 10883 ImuError.cpp:368] gyr saturation
W20250111 18:54:04.602955 10883 ImuError.cpp:368] gyr saturation
W20250111 18:54:04.602963 10883 ImuError.cpp:368] gyr saturation
W20250111 18:54:04.602972 10883 ImuError.cpp:368] gyr saturation
W20250111 18:54:04.602980 10883 ImuError.cpp:368] gyr saturation
W20250111 18:54:04.602988 10883 ImuError.cpp:368] gyr saturation
W20250111 18:54:04.602998 10883 ImuError.cpp:368] gyr saturation
W20250111 18:54:04.603006 10883 ImuError.cpp:368] gyr saturation
W20250111 18:54:04.603024 10883 ImuError.cpp:368] gyr saturation
W20250111 18:54:04.603034 10883 ImuError.cpp:368] gyr saturation
W20250111 18:54:04.603041 10883 ImuError.cpp:368] gyr saturation
W20250111 18:54:04.607090 10883 ImuError.cpp:650] gyr saturation
W20250111 18:54:04.607121 10883 ImuError.cpp:650] gyr saturation
W20250111 18:54:04.607125 10883 ImuError.cpp:650] gyr saturation
W20250111 18:54:04.607129 10883 ImuError.cpp:650] gyr saturation
W20250111 18:54:04.607132 10883 ImuError.cpp:650] gyr saturation
W20250111 18:54:04.607136 10883 ImuError.cpp:650] gyr saturation
W20250111 18:54:04.607139 10883 ImuError.cpp:650] gyr saturation
W20250111 18:54:04.607142 10883 ImuError.cpp:650] gyr saturation
W20250111 18:54:04.607146 10883 ImuError.cpp:650] gyr saturation
W20250111 18:54:04.607151 10883 ImuError.cpp:650] gyr saturation
W20250111 18:54:04.607154 10883 ImuError.cpp:650] gyr saturation
W20250111 18:54:04.607157 10883 ImuError.cpp:650] gyr saturation
W20250111 18:54:04.607160 10883 ImuError.cpp:650] gyr saturation
W20250111 18:54:04.607163 10883 ImuError.cpp:650] gyr saturation
W20250111 18:54:04.607172 10883 ImuError.cpp:650] gyr saturation
W20250111 18:54:04.607177 10883 ImuError.cpp:650] gyr saturation
W20250111 18:54:04.607179 10883 ImuError.cpp:650] gyr saturation
W20250111 18:54:04.607182 10883 ImuError.cpp:650] gyr saturation
W20250111 18:54:04.607185 10883 ImuError.cpp:650] gyr saturation
W20250111 18:54:04.607189 10883 ImuError.cpp:650] gyr saturation
W20250111 18:54:04.607192 10883 ImuError.cpp:650] gyr saturation
W20250111 18:54:04.607195 10883 ImuError.cpp:650] gyr saturation
W20250111 18:54:04.607198 10883 ImuError.cpp:650] gyr saturation
W20250111 18:54:04.607201 10883 ImuError.cpp:650] gyr saturation
W20250111 18:54:04.607204 10883 ImuError.cpp:650] gyr saturation
W20250111 18:54:04.607208 10883 ImuError.cpp:650] gyr saturation
W20250111 18:54:04.607211 10883 ImuError.cpp:650] gyr saturation
W20250111 18:54:04.607214 10883 ImuError.cpp:650] gyr saturation
W20250111 18:54:04.607218 10883 ImuError.cpp:650] gyr saturation
W20250111 18:54:04.607220 10883 ImuError.cpp:650] gyr saturation
W20250111 18:54:04.627458 10883 ImuError.cpp:650] gyr saturation
W20250111 18:54:04.627493 10883 ImuError.cpp:650] gyr saturation
W20250111 18:54:04.627497 10883 ImuError.cpp:650] gyr saturation
W20250111 18:54:04.627502 10883 ImuError.cpp:650] gyr saturation
W20250111 18:54:04.627506 10883 ImuError.cpp:650] gyr saturation
W20250111 18:54:04.627509 10883 ImuError.cpp:650] gyr saturation
W20250111 18:54:04.627513 10883 ImuError.cpp:650] gyr saturation
W20250111 18:54:04.627523 10883 ImuError.cpp:650] gyr saturation
W20250111 18:54:04.627526 10883 ImuError.cpp:650] gyr saturation
W20250111 18:54:04.627529 10883 ImuError.cpp:650] gyr saturation
W20250111 18:54:04.627533 10883 ImuError.cpp:650] gyr saturation
W20250111 18:54:04.627537 10883 ImuError.cpp:650] gyr saturation
W20250111 18:54:04.627542 10883 ImuError.cpp:650] gyr saturation
W20250111 18:54:04.627544 10883 ImuError.cpp:650] gyr saturation
W20250111 18:54:04.627548 10883 ImuError.cpp:650] gyr saturation
W20250111 18:54:04.627552 10883 ImuError.cpp:650] gyr saturation
W20250111 18:54:04.627718 10883 ImuError.cpp:650] gyr saturation
W20250111 18:54:04.627727 10883 ImuError.cpp:650] gyr saturation
W20250111 18:54:04.627730 10883 ImuError.cpp:650] gyr saturation
W20250111 18:54:04.627735 10883 ImuError.cpp:650] gyr saturation
W20250111 18:54:04.627739 10883 ImuError.cpp:650] gyr saturation
W20250111 18:54:04.627743 10883 ImuError.cpp:650] gyr saturation
W20250111 18:54:04.627746 10883 ImuError.cpp:650] gyr saturation
W20250111 18:54:04.627750 10883 ImuError.cpp:650] gyr saturation
W20250111 18:54:04.627753 10883 ImuError.cpp:650] gyr saturation
W20250111 18:54:04.627758 10883 ImuError.cpp:650] gyr saturation
W20250111 18:54:04.627761 10883 ImuError.cpp:650] gyr saturation
W20250111 18:54:04.627764 10883 ImuError.cpp:650] gyr saturation
W20250111 18:54:04.627768 10883 ImuError.cpp:650] gyr saturation
W20250111 18:54:04.627772 10883 ImuError.cpp:650] gyr saturation
W20250111 18:54:04.627786 10883 ImuError.cpp:650] gyr saturation
W20250111 18:54:04.627790 10883 ImuError.cpp:650] gyr saturation
W20250111 18:54:04.630406 10883 ImuError.cpp:368] gyr saturation
W20250111 18:54:04.630443 10883 ImuError.cpp:368] gyr saturation
W20250111 18:54:04.630456 10883 ImuError.cpp:368] gyr saturation
W20250111 18:54:04.630465 10883 ImuError.cpp:368] gyr saturation
W20250111 18:54:04.630479 10883 ImuError.cpp:368] gyr saturation
W20250111 18:54:04.630487 10883 ImuError.cpp:368] gyr saturation
W20250111 18:54:04.630494 10883 ImuError.cpp:368] gyr saturation
W20250111 18:54:04.630502 10883 ImuError.cpp:368] gyr saturation
W20250111 18:54:04.630509 10883 ImuError.cpp:368] gyr saturation
W20250111 18:54:04.630517 10883 ImuError.cpp:368] gyr saturation
W20250111 18:54:04.630527 10883 ImuError.cpp:368] gyr saturation
W20250111 18:54:04.630533 10883 ImuError.cpp:368] gyr saturation
W20250111 18:54:04.630546 10883 ImuError.cpp:368] gyr saturation
W20250111 18:54:04.630554 10883 ImuError.cpp:368] gyr saturation
W20250111 18:54:04.630561 10883 ImuError.cpp:368] gyr saturation
W20250111 18:54:04.630574 10883 ImuError.cpp:368] gyr saturation
W20250111 18:54:04.634610 10883 ImuError.cpp:650] gyr saturation
W20250111 18:54:04.634642 10883 ImuError.cpp:650] gyr saturation
W20250111 18:54:04.634646 10883 ImuError.cpp:650] gyr saturation
W20250111 18:54:04.634650 10883 ImuError.cpp:650] gyr saturation
W20250111 18:54:04.634656 10883 ImuError.cpp:650] gyr saturation
W20250111 18:54:04.634663 10883 ImuError.cpp:650] gyr saturation
W20250111 18:54:04.634668 10883 ImuError.cpp:650] gyr saturation
W20250111 18:54:04.634673 10883 ImuError.cpp:650] gyr saturation
W20250111 18:54:04.634678 10883 ImuError.cpp:650] gyr saturation
W20250111 18:54:04.634681 10883 ImuError.cpp:650] gyr saturation
W20250111 18:54:04.634685 10883 ImuError.cpp:650] gyr saturation
W20250111 18:54:04.634689 10883 ImuError.cpp:650] gyr saturation
W20250111 18:54:04.634694 10883 ImuError.cpp:650] gyr saturation
W20250111 18:54:04.634697 10883 ImuError.cpp:650] gyr saturation
W20250111 18:54:04.634701 10883 ImuError.cpp:650] gyr saturation
W20250111 18:54:04.634706 10883 ImuError.cpp:650] gyr saturation
W20250111 18:54:04.697086 10883 Frontend.cpp:612] 3d2d tracking weak: quality=0. Number of 3d2d-matches: 7
W20250111 18:54:04.713081 299113 ViSlamBackend.cpp:466] TRACKING FAILURE: quality=0
W20250111 18:54:04.715021 10883 Frontend.cpp:615] 3d2d tracking lost. Number of 3d2d-matches: 2
W20250111 18:54:04.729966 299195 ViSlamBackend.cpp:466] TRACKING FAILURE: quality=0
W20250111 18:54:04.734853 10883 Frontend.cpp:612] 3d2d tracking weak: quality=0. Number of 3d2d-matches: 4
W20250111 18:54:04.754396 10883 Frontend.cpp:612] 3d2d tracking weak: quality=0. Number of 3d2d-matches: 9
I20250111 18:54:04.874789 10883 okvis_app_synchronous.cpp:210] OKVIS Timing
-----------
1 DetectAndDescribe                	   4592	00:00:08.759576	(00:00:00.001908 +- 00:00:00.000377)	[00:00:00.000945,00:00:00.005821]
2 Match                            	   4592	00:00:33.501997	(00:00:00.007296 +- 00:00:00.003649)	[00:00:00.000203,00:00:00.021502]
2.01 match to map                  	   4591	00:00:25.070707	(00:00:00.005461 +- 00:00:00.003224)	[00:00:00.000053,00:00:00.018319]
2.02 match motion stereo           	   4591	00:00:05.951732	(00:00:00.001296 +- 00:00:00.000442)	[00:00:00.000063,00:00:00.005115]
2.02.1 match motion stereo: prepare	   4591	00:00:01.369716	(00:00:00.000298 +- 00:00:00.000117)	[00:00:00.000001,00:00:00.000884]
2.10 match stereo                  	   1336	00:00:00.049790	(00:00:00.000037 +- 00:00:00.000042)	[00:00:00.000001,00:00:00.000461]
3 Optimise                         	   4591	00:01:20.901593	(00:00:00.017622 +- 00:00:00.010695)	[00:00:00.001047,00:00:00.082143]
4 Prepare publishing               	   4591	00:00:04.073775	(00:00:00.000887 +- 00:00:00.000362)	[00:00:00.000054,00:00:00.002789]
6 Visualising                      	   4591	00:00:00.001071	(00:00:00.000000 +- 00:00:00.000000)	[00:00:00.000000,00:00:00.000009]
7 Marginalise                      	   4591	00:00:08.860192	(00:00:00.001930 +- 00:00:00.001000)	[00:00:00.000007,00:00:00.012180]
7.1 check/handle lost              	   4591	00:00:00.140929	(00:00:00.000031 +- 00:00:00.000018)	[00:00:00.000000,00:00:00.000197]
7.2 eliminate IMU frames           	   4591	00:00:03.736619	(00:00:00.000814 +- 00:00:00.000616)	[00:00:00.000000,00:00:00.002763]
7.3 convert to posegraph           	   1622	00:00:01.519833	(00:00:00.000937 +- 00:00:00.000713)	[00:00:00.000094,00:00:00.006921]
7.4 freezing                       	   4590	00:00:00.005735	(00:00:00.000001 +- 00:00:00.000002)	[00:00:00.000000,00:00:00.000035]
7.6 expand                         	   4511	00:00:01.119588	(00:00:00.000248 +- 00:00:00.000201)	[00:00:00.000031,00:00:00.004516]
7.7 prune place recognition frames 	   4590	00:00:01.133076	(00:00:00.000247 +- 00:00:00.000142)	[00:00:00.000002,00:00:00.001783]
I20250111 18:54:04.874903 10883 okvis_app_synchronous.cpp:219] Progress: 85% (1 [1%/s], ETA: 15s)
W20250111 18:54:05.446972 10883 ImuError.cpp:650] gyr saturation
W20250111 18:54:05.447011 10883 ImuError.cpp:650] gyr saturation
W20250111 18:54:05.447019 10883 ImuError.cpp:650] gyr saturation
W20250111 18:54:05.447023 10883 ImuError.cpp:650] gyr saturation
W20250111 18:54:05.447028 10883 ImuError.cpp:650] gyr saturation
W20250111 18:54:05.447032 10883 ImuError.cpp:650] gyr saturation
W20250111 18:54:05.447037 10883 ImuError.cpp:650] gyr saturation
W20250111 18:54:05.447041 10883 ImuError.cpp:650] gyr saturation
W20250111 18:54:05.447045 10883 ImuError.cpp:650] gyr saturation
W20250111 18:54:05.447049 10883 ImuError.cpp:650] gyr saturation
W20250111 18:54:05.447052 10883 ImuError.cpp:650] gyr saturation
W20250111 18:54:05.447057 10883 ImuError.cpp:650] gyr saturation
W20250111 18:54:05.447060 10883 ImuError.cpp:650] gyr saturation
W20250111 18:54:05.447064 10883 ImuError.cpp:650] gyr saturation
W20250111 18:54:05.447068 10883 ImuError.cpp:650] gyr saturation
W20250111 18:54:05.447072 10883 ImuError.cpp:650] gyr saturation
W20250111 18:54:05.447077 10883 ImuError.cpp:650] gyr saturation
W20250111 18:54:05.447081 10883 ImuError.cpp:650] gyr saturation
W20250111 18:54:05.447086 10883 ImuError.cpp:650] gyr saturation
W20250111 18:54:05.447093 10883 ImuError.cpp:650] gyr saturation
W20250111 18:54:05.447098 10883 ImuError.cpp:650] gyr saturation
W20250111 18:54:05.447100 10883 ImuError.cpp:650] gyr saturation
W20250111 18:54:05.447104 10883 ImuError.cpp:650] gyr saturation
W20250111 18:54:05.447108 10883 ImuError.cpp:650] gyr saturation
W20250111 18:54:05.447111 10883 ImuError.cpp:650] gyr saturation
W20250111 18:54:05.447114 10883 ImuError.cpp:650] gyr saturation
W20250111 18:54:05.447118 10883 ImuError.cpp:650] gyr saturation
W20250111 18:54:05.447121 10883 ImuError.cpp:650] gyr saturation
W20250111 18:54:05.447125 10883 ImuError.cpp:650] gyr saturation
W20250111 18:54:05.447129 10883 ImuError.cpp:650] gyr saturation
W20250111 18:54:05.468173 10883 ImuError.cpp:650] gyr saturation
W20250111 18:54:05.468211 10883 ImuError.cpp:650] gyr saturation
W20250111 18:54:05.468215 10883 ImuError.cpp:650] gyr saturation
W20250111 18:54:05.468220 10883 ImuError.cpp:650] gyr saturation
W20250111 18:54:05.468225 10883 ImuError.cpp:650] gyr saturation
W20250111 18:54:05.468230 10883 ImuError.cpp:650] gyr saturation
W20250111 18:54:05.468237 10883 ImuError.cpp:650] gyr saturation
W20250111 18:54:05.468247 10883 ImuError.cpp:650] gyr saturation
W20250111 18:54:05.468251 10883 ImuError.cpp:650] gyr saturation
W20250111 18:54:05.468254 10883 ImuError.cpp:650] gyr saturation
W20250111 18:54:05.468258 10883 ImuError.cpp:650] gyr saturation
W20250111 18:54:05.468263 10883 ImuError.cpp:650] gyr saturation
W20250111 18:54:05.468267 10883 ImuError.cpp:650] gyr saturation
W20250111 18:54:05.468272 10883 ImuError.cpp:650] gyr saturation
W20250111 18:54:05.468283 10883 ImuError.cpp:650] gyr saturation
W20250111 18:54:05.468286 10883 ImuError.cpp:650] gyr saturation
W20250111 18:54:05.468290 10883 ImuError.cpp:650] gyr saturation
W20250111 18:54:05.468294 10883 ImuError.cpp:650] gyr saturation
W20250111 18:54:05.468303 10883 ImuError.cpp:650] gyr saturation
W20250111 18:54:05.468307 10883 ImuError.cpp:650] gyr saturation
W20250111 18:54:05.468313 10883 ImuError.cpp:650] gyr saturation
W20250111 18:54:05.468317 10883 ImuError.cpp:650] gyr saturation
W20250111 18:54:05.468320 10883 ImuError.cpp:650] gyr saturation
W20250111 18:54:05.468324 10883 ImuError.cpp:650] gyr saturation
W20250111 18:54:05.468329 10883 ImuError.cpp:650] gyr saturation
W20250111 18:54:05.468333 10883 ImuError.cpp:650] gyr saturation
W20250111 18:54:05.468336 10883 ImuError.cpp:650] gyr saturation
W20250111 18:54:05.468343 10883 ImuError.cpp:650] gyr saturation
W20250111 18:54:05.468350 10883 ImuError.cpp:650] gyr saturation
W20250111 18:54:05.468354 10883 ImuError.cpp:650] gyr saturation
W20250111 18:54:05.468459 10883 ImuError.cpp:650] gyr saturation
W20250111 18:54:05.468464 10883 ImuError.cpp:650] gyr saturation
W20250111 18:54:05.468468 10883 ImuError.cpp:650] gyr saturation
W20250111 18:54:05.468473 10883 ImuError.cpp:650] gyr saturation
W20250111 18:54:05.468477 10883 ImuError.cpp:650] gyr saturation
W20250111 18:54:05.468482 10883 ImuError.cpp:650] gyr saturation
W20250111 18:54:05.468487 10883 ImuError.cpp:650] gyr saturation
W20250111 18:54:05.468490 10883 ImuError.cpp:650] gyr saturation
W20250111 18:54:05.468494 10883 ImuError.cpp:650] gyr saturation
W20250111 18:54:05.468498 10883 ImuError.cpp:650] gyr saturation
W20250111 18:54:05.468502 10883 ImuError.cpp:650] gyr saturation
W20250111 18:54:05.468506 10883 ImuError.cpp:650] gyr saturation
W20250111 18:54:05.468510 10883 ImuError.cpp:650] gyr saturation
W20250111 18:54:05.468514 10883 ImuError.cpp:650] gyr saturation
W20250111 18:54:05.468518 10883 ImuError.cpp:650] gyr saturation
W20250111 18:54:05.468521 10883 ImuError.cpp:650] gyr saturation
W20250111 18:54:05.468526 10883 ImuError.cpp:650] gyr saturation
W20250111 18:54:05.468529 10883 ImuError.cpp:650] gyr saturation
W20250111 18:54:05.468533 10883 ImuError.cpp:650] gyr saturation
W20250111 18:54:05.468537 10883 ImuError.cpp:650] gyr saturation
W20250111 18:54:05.468540 10883 ImuError.cpp:650] gyr saturation
W20250111 18:54:05.468544 10883 ImuError.cpp:650] gyr saturation
W20250111 18:54:05.468547 10883 ImuError.cpp:650] gyr saturation
W20250111 18:54:05.468552 10883 ImuError.cpp:650] gyr saturation
W20250111 18:54:05.468556 10883 ImuError.cpp:650] gyr saturation
W20250111 18:54:05.468560 10883 ImuError.cpp:650] gyr saturation
W20250111 18:54:05.468564 10883 ImuError.cpp:650] gyr saturation
W20250111 18:54:05.468567 10883 ImuError.cpp:650] gyr saturation
W20250111 18:54:05.468570 10883 ImuError.cpp:650] gyr saturation
W20250111 18:54:05.468575 10883 ImuError.cpp:650] gyr saturation
W20250111 18:54:05.471289 10883 ImuError.cpp:368] gyr saturation
W20250111 18:54:05.471323 10883 ImuError.cpp:368] gyr saturation
W20250111 18:54:05.471331 10883 ImuError.cpp:368] gyr saturation
W20250111 18:54:05.471339 10883 ImuError.cpp:368] gyr saturation
W20250111 18:54:05.471346 10883 ImuError.cpp:368] gyr saturation
W20250111 18:54:05.471354 10883 ImuError.cpp:368] gyr saturation
W20250111 18:54:05.471364 10883 ImuError.cpp:368] gyr saturation
W20250111 18:54:05.471372 10883 ImuError.cpp:368] gyr saturation
W20250111 18:54:05.471381 10883 ImuError.cpp:368] gyr saturation
W20250111 18:54:05.471390 10883 ImuError.cpp:368] gyr saturation
W20250111 18:54:05.471405 10883 ImuError.cpp:368] gyr saturation
W20250111 18:54:05.471413 10883 ImuError.cpp:368] gyr saturation
W20250111 18:54:05.471421 10883 ImuError.cpp:368] gyr saturation
W20250111 18:54:05.471429 10883 ImuError.cpp:368] gyr saturation
W20250111 18:54:05.471437 10883 ImuError.cpp:368] gyr saturation
W20250111 18:54:05.471444 10883 ImuError.cpp:368] gyr saturation
W20250111 18:54:05.471452 10883 ImuError.cpp:368] gyr saturation
W20250111 18:54:05.471460 10883 ImuError.cpp:368] gyr saturation
W20250111 18:54:05.471468 10883 ImuError.cpp:368] gyr saturation
W20250111 18:54:05.471477 10883 ImuError.cpp:368] gyr saturation
W20250111 18:54:05.471484 10883 ImuError.cpp:368] gyr saturation
W20250111 18:54:05.471496 10883 ImuError.cpp:368] gyr saturation
W20250111 18:54:05.471504 10883 ImuError.cpp:368] gyr saturation
W20250111 18:54:05.471513 10883 ImuError.cpp:368] gyr saturation
W20250111 18:54:05.471520 10883 ImuError.cpp:368] gyr saturation
W20250111 18:54:05.471529 10883 ImuError.cpp:368] gyr saturation
W20250111 18:54:05.471535 10883 ImuError.cpp:368] gyr saturation
W20250111 18:54:05.471544 10883 ImuError.cpp:368] gyr saturation
W20250111 18:54:05.471551 10883 ImuError.cpp:368] gyr saturation
W20250111 18:54:05.471560 10883 ImuError.cpp:368] gyr saturation
W20250111 18:54:05.475522 10883 ImuError.cpp:650] gyr saturation
W20250111 18:54:05.475550 10883 ImuError.cpp:650] gyr saturation
W20250111 18:54:05.475556 10883 ImuError.cpp:650] gyr saturation
W20250111 18:54:05.475560 10883 ImuError.cpp:650] gyr saturation
W20250111 18:54:05.475564 10883 ImuError.cpp:650] gyr saturation
W20250111 18:54:05.475574 10883 ImuError.cpp:650] gyr saturation
W20250111 18:54:05.475576 10883 ImuError.cpp:650] gyr saturation
W20250111 18:54:05.475580 10883 ImuError.cpp:650] gyr saturation
W20250111 18:54:05.475584 10883 ImuError.cpp:650] gyr saturation
W20250111 18:54:05.475589 10883 ImuError.cpp:650] gyr saturation
W20250111 18:54:05.475593 10883 ImuError.cpp:650] gyr saturation
W20250111 18:54:05.475597 10883 ImuError.cpp:650] gyr saturation
W20250111 18:54:05.475603 10883 ImuError.cpp:650] gyr saturation
W20250111 18:54:05.475606 10883 ImuError.cpp:650] gyr saturation
W20250111 18:54:05.475611 10883 ImuError.cpp:650] gyr saturation
W20250111 18:54:05.475615 10883 ImuError.cpp:650] gyr saturation
W20250111 18:54:05.475620 10883 ImuError.cpp:650] gyr saturation
W20250111 18:54:05.475623 10883 ImuError.cpp:650] gyr saturation
W20250111 18:54:05.475629 10883 ImuError.cpp:650] gyr saturation
W20250111 18:54:05.475634 10883 ImuError.cpp:650] gyr saturation
W20250111 18:54:05.475639 10883 ImuError.cpp:650] gyr saturation
W20250111 18:54:05.475644 10883 ImuError.cpp:650] gyr saturation
W20250111 18:54:05.475648 10883 ImuError.cpp:650] gyr saturation
W20250111 18:54:05.475653 10883 ImuError.cpp:650] gyr saturation
W20250111 18:54:05.475657 10883 ImuError.cpp:650] gyr saturation
W20250111 18:54:05.475662 10883 ImuError.cpp:650] gyr saturation
W20250111 18:54:05.475668 10883 ImuError.cpp:650] gyr saturation
W20250111 18:54:05.475673 10883 ImuError.cpp:650] gyr saturation
W20250111 18:54:05.475677 10883 ImuError.cpp:650] gyr saturation
W20250111 18:54:05.475682 10883 ImuError.cpp:650] gyr saturation
W20250111 18:54:05.475685 10883 ImuError.cpp:650] gyr saturation
W20250111 18:54:05.475688 10883 ImuError.cpp:650] gyr saturation
W20250111 18:54:05.475692 10883 ImuError.cpp:650] gyr saturation
W20250111 18:54:05.475695 10883 ImuError.cpp:650] gyr saturation
W20250111 18:54:05.475699 10883 ImuError.cpp:650] gyr saturation
W20250111 18:54:05.475703 10883 ImuError.cpp:650] gyr saturation
W20250111 18:54:05.475708 10883 ImuError.cpp:650] gyr saturation
W20250111 18:54:05.475713 10883 ImuError.cpp:650] gyr saturation
W20250111 18:54:05.491726 10883 ImuError.cpp:650] gyr saturation
W20250111 18:54:05.491751 10883 ImuError.cpp:650] gyr saturation
W20250111 18:54:05.491756 10883 ImuError.cpp:650] gyr saturation
W20250111 18:54:05.491762 10883 ImuError.cpp:650] gyr saturation
W20250111 18:54:05.491773 10883 ImuError.cpp:650] gyr saturation
W20250111 18:54:05.491782 10883 ImuError.cpp:650] gyr saturation
W20250111 18:54:05.491791 10883 ImuError.cpp:650] gyr saturation
W20250111 18:54:05.491794 10883 ImuError.cpp:650] gyr saturation
W20250111 18:54:05.491799 10883 ImuError.cpp:650] gyr saturation
W20250111 18:54:05.491886 10883 ImuError.cpp:650] gyr saturation
W20250111 18:54:05.491892 10883 ImuError.cpp:650] gyr saturation
W20250111 18:54:05.491897 10883 ImuError.cpp:650] gyr saturation
W20250111 18:54:05.491905 10883 ImuError.cpp:650] gyr saturation
W20250111 18:54:05.491911 10883 ImuError.cpp:650] gyr saturation
W20250111 18:54:05.491914 10883 ImuError.cpp:650] gyr saturation
W20250111 18:54:05.491918 10883 ImuError.cpp:650] gyr saturation
W20250111 18:54:05.491928 10883 ImuError.cpp:650] gyr saturation
W20250111 18:54:05.491933 10883 ImuError.cpp:650] gyr saturation
W20250111 18:54:05.497561 10883 ImuError.cpp:368] gyr saturation
W20250111 18:54:05.497651 10883 ImuError.cpp:368] gyr saturation
W20250111 18:54:05.497665 10883 ImuError.cpp:368] gyr saturation
W20250111 18:54:05.497677 10883 ImuError.cpp:368] gyr saturation
W20250111 18:54:05.497689 10883 ImuError.cpp:368] gyr saturation
W20250111 18:54:05.497699 10883 ImuError.cpp:368] gyr saturation
W20250111 18:54:05.497710 10883 ImuError.cpp:368] gyr saturation
W20250111 18:54:05.497720 10883 ImuError.cpp:368] gyr saturation
W20250111 18:54:05.497731 10883 ImuError.cpp:368] gyr saturation
W20250111 18:54:05.505985 10883 ImuError.cpp:650] gyr saturation
W20250111 18:54:05.506045 10883 ImuError.cpp:650] gyr saturation
W20250111 18:54:05.506053 10883 ImuError.cpp:650] gyr saturation
W20250111 18:54:05.506062 10883 ImuError.cpp:650] gyr saturation
W20250111 18:54:05.506067 10883 ImuError.cpp:650] gyr saturation
W20250111 18:54:05.506072 10883 ImuError.cpp:650] gyr saturation
W20250111 18:54:05.506078 10883 ImuError.cpp:650] gyr saturation
W20250111 18:54:05.506083 10883 ImuError.cpp:650] gyr saturation
W20250111 18:54:05.506089 10883 ImuError.cpp:650] gyr saturation
I20250111 18:54:05.522684 10883 Frontend.cpp:2274] RANSAC FAIL: 40 inliers, ratio = 0.677966
I20250111 18:54:05.554497 10883 Frontend.cpp:2274] RANSAC FAIL: 57 inliers, ratio = 0.612903
W20250111 18:54:05.582852 301379 ImuError.cpp:165] gyr saturation
W20250111 18:54:05.582957 301379 ImuError.cpp:165] gyr saturation
W20250111 18:54:05.582969 301379 ImuError.cpp:165] gyr saturation
W20250111 18:54:05.582978 301379 ImuError.cpp:165] gyr saturation
W20250111 18:54:05.582988 301379 ImuError.cpp:165] gyr saturation
W20250111 18:54:05.582996 301379 ImuError.cpp:165] gyr saturation
W20250111 18:54:05.583004 301379 ImuError.cpp:165] gyr saturation
W20250111 18:54:05.583014 301379 ImuError.cpp:165] gyr saturation
W20250111 18:54:05.583029 301379 ImuError.cpp:165] gyr saturation
W20250111 18:54:05.583309 301379 ImuError.cpp:165] gyr saturation
W20250111 18:54:05.583319 301379 ImuError.cpp:165] gyr saturation
W20250111 18:54:05.583326 301379 ImuError.cpp:165] gyr saturation
W20250111 18:54:05.583334 301379 ImuError.cpp:165] gyr saturation
W20250111 18:54:05.583341 301379 ImuError.cpp:165] gyr saturation
W20250111 18:54:05.583348 301379 ImuError.cpp:165] gyr saturation
W20250111 18:54:05.583355 301379 ImuError.cpp:165] gyr saturation
W20250111 18:54:05.583362 301379 ImuError.cpp:165] gyr saturation
W20250111 18:54:05.583369 301379 ImuError.cpp:165] gyr saturation
I20250111 18:54:06.596809 10883 okvis_app_synchronous.cpp:210] OKVIS Timing
-----------
1 DetectAndDescribe                	   4646	00:00:08.842273	(00:00:00.001903 +- 00:00:00.000378)	[00:00:00.000945,00:00:00.005821]
2 Match                            	   4646	00:00:33.920489	(00:00:00.007301 +- 00:00:00.003636)	[00:00:00.000203,00:00:00.021502]
2.01 match to map                  	   4645	00:00:25.410063	(00:00:00.005470 +- 00:00:00.003214)	[00:00:00.000053,00:00:00.018319]
2.02 match motion stereo           	   4645	00:00:06.008820	(00:00:00.001294 +- 00:00:00.000442)	[00:00:00.000063,00:00:00.005115]
2.02.1 match motion stereo: prepare	   4645	00:00:01.381700	(00:00:00.000297 +- 00:00:00.000117)	[00:00:00.000001,00:00:00.000884]
2.10 match stereo                  	   1349	00:00:00.050331	(00:00:00.000037 +- 00:00:00.000043)	[00:00:00.000001,00:00:00.000461]
3 Optimise                         	   4645	00:01:22.055197	(00:00:00.017665 +- 00:00:00.010649)	[00:00:00.001047,00:00:00.082143]
4 Prepare publishing               	   4645	00:00:04.120900	(00:00:00.000887 +- 00:00:00.000361)	[00:00:00.000054,00:00:00.002789]
6 Visualising                      	   4645	00:00:00.001089	(00:00:00.000000 +- 00:00:00.000000)	[00:00:00.000000,00:00:00.000009]
7 Marginalise                      	   4645	00:00:08.954860	(00:00:00.001928 +- 00:00:00.000996)	[00:00:00.000007,00:00:00.012180]
7.1 check/handle lost              	   4645	00:00:00.142443	(00:00:00.000031 +- 00:00:00.000018)	[00:00:00.000000,00:00:00.000197]
7.2 eliminate IMU frames           	   4645	00:00:03.787318	(00:00:00.000815 +- 00:00:00.000615)	[00:00:00.000000,00:00:00.002763]
7.3 convert to posegraph           	   1638	00:00:01.528677	(00:00:00.000933 +- 00:00:00.000711)	[00:00:00.000094,00:00:00.006921]
7.4 freezing                       	   4644	00:00:00.005806	(00:00:00.000001 +- 00:00:00.000002)	[00:00:00.000000,00:00:00.000035]
7.6 expand                         	   4565	00:00:01.130213	(00:00:00.000248 +- 00:00:00.000200)	[00:00:00.000031,00:00:00.004516]
7.7 prune place recognition frames 	   4644	00:00:01.143483	(00:00:00.000246 +- 00:00:00.000142)	[00:00:00.000002,00:00:00.001783]
I20250111 18:54:06.596951 10883 okvis_app_synchronous.cpp:219] Progress: 86% (1 [1%/s], ETA: 14s)
I20250111 18:54:06.705286 10883 Frontend.cpp:2274] RANSAC FAIL: 20 inliers, ratio = 0.588235
I20250111 18:54:06.731309 10883 Frontend.cpp:2274] RANSAC FAIL: 36 inliers, ratio = 0.642857
I20250111 18:54:06.756115 10883 Frontend.cpp:2274] RANSAC FAIL: 51 inliers, ratio = 0.64557
I20250111 18:54:06.778586 10883 Frontend.cpp:2274] RANSAC FAIL: 53 inliers, ratio = 0.654321
I20250111 18:54:08.231834 10883 okvis_app_synchronous.cpp:210] OKVIS Timing
-----------
1 DetectAndDescribe                	   4700	00:00:08.933136	(00:00:00.001901 +- 00:00:00.000377)	[00:00:00.000945,00:00:00.005821]
2 Match                            	   4700	00:00:34.722786	(00:00:00.007388 +- 00:00:00.003716)	[00:00:00.000203,00:00:00.021502]
2.01 match to map                  	   4699	00:00:26.100733	(00:00:00.005555 +- 00:00:00.003301)	[00:00:00.000053,00:00:00.018319]
2.02 match motion stereo           	   4699	00:00:06.088154	(00:00:00.001296 +- 00:00:00.000441)	[00:00:00.000063,00:00:00.005115]
2.02.1 match motion stereo: prepare	   4699	00:00:01.400119	(00:00:00.000298 +- 00:00:00.000117)	[00:00:00.000001,00:00:00.000884]
2.10 match stereo                  	   1357	00:00:00.050819	(00:00:00.000037 +- 00:00:00.000043)	[00:00:00.000001,00:00:00.000461]
3 Optimise                         	   4699	00:01:22.727372	(00:00:00.017605 +- 00:00:00.010606)	[00:00:00.001047,00:00:00.082143]
4 Prepare publishing               	   4699	00:00:04.165344	(00:00:00.000886 +- 00:00:00.000360)	[00:00:00.000054,00:00:00.002789]
6 Visualising                      	   4699	00:00:00.001100	(00:00:00.000000 +- 00:00:00.000000)	[00:00:00.000000,00:00:00.000009]
7 Marginalise                      	   4699	00:00:09.063590	(00:00:00.001929 +- 00:00:00.000993)	[00:00:00.000007,00:00:00.012180]
7.1 check/handle lost              	   4699	00:00:00.143845	(00:00:00.000031 +- 00:00:00.000018)	[00:00:00.000000,00:00:00.000197]
7.2 eliminate IMU frames           	   4699	00:00:03.829889	(00:00:00.000815 +- 00:00:00.000613)	[00:00:00.000000,00:00:00.002763]
7.3 convert to posegraph           	   1659	00:00:01.551658	(00:00:00.000935 +- 00:00:00.000710)	[00:00:00.000094,00:00:00.006921]
7.4 freezing                       	   4698	00:00:00.005868	(00:00:00.000001 +- 00:00:00.000002)	[00:00:00.000000,00:00:00.000035]
7.6 expand                         	   4615	00:00:01.143986	(00:00:00.000248 +- 00:00:00.000200)	[00:00:00.000031,00:00:00.004516]
7.7 prune place recognition frames 	   4698	00:00:01.158315	(00:00:00.000247 +- 00:00:00.000141)	[00:00:00.000002,00:00:00.001783]
I20250111 18:54:08.231957 10883 okvis_app_synchronous.cpp:219] Progress: 87% (1 [1%/s], ETA: 13s)
I20250111 18:54:08.548693 10883 Frontend.cpp:2274] RANSAC FAIL: 39 inliers, ratio = 0.684211
I20250111 18:54:09.361927 10883 Frontend.cpp:2274] RANSAC FAIL: 33 inliers, ratio = 0.66
I20250111 18:54:09.394338 10883 Frontend.cpp:2274] RANSAC FAIL: 36 inliers, ratio = 0.692308
W20250111 18:54:09.526104 10883 ImuError.cpp:650] gyr saturation
W20250111 18:54:09.526168 10883 ImuError.cpp:650] gyr saturation
W20250111 18:54:09.526176 10883 ImuError.cpp:650] gyr saturation
W20250111 18:54:09.526182 10883 ImuError.cpp:650] gyr saturation
W20250111 18:54:09.526202 10883 ImuError.cpp:650] gyr saturation
W20250111 18:54:09.526209 10883 ImuError.cpp:650] gyr saturation
W20250111 18:54:09.526214 10883 ImuError.cpp:650] gyr saturation
W20250111 18:54:09.526219 10883 ImuError.cpp:650] gyr saturation
W20250111 18:54:09.526224 10883 ImuError.cpp:650] gyr saturation
W20250111 18:54:09.526230 10883 ImuError.cpp:650] gyr saturation
W20250111 18:54:09.526235 10883 ImuError.cpp:650] gyr saturation
W20250111 18:54:09.526240 10883 ImuError.cpp:650] gyr saturation
W20250111 18:54:09.526247 10883 ImuError.cpp:650] gyr saturation
W20250111 18:54:09.526253 10883 ImuError.cpp:650] gyr saturation
W20250111 18:54:09.526259 10883 ImuError.cpp:650] gyr saturation
W20250111 18:54:09.541157 10883 ImuError.cpp:650] gyr saturation
W20250111 18:54:09.541214 10883 ImuError.cpp:650] gyr saturation
W20250111 18:54:09.541222 10883 ImuError.cpp:650] gyr saturation
W20250111 18:54:09.541227 10883 ImuError.cpp:650] gyr saturation
W20250111 18:54:09.541232 10883 ImuError.cpp:650] gyr saturation
W20250111 18:54:09.541237 10883 ImuError.cpp:650] gyr saturation
W20250111 18:54:09.541244 10883 ImuError.cpp:650] gyr saturation
W20250111 18:54:09.541249 10883 ImuError.cpp:650] gyr saturation
W20250111 18:54:09.541253 10883 ImuError.cpp:650] gyr saturation
W20250111 18:54:09.541257 10883 ImuError.cpp:650] gyr saturation
W20250111 18:54:09.541262 10883 ImuError.cpp:650] gyr saturation
W20250111 18:54:09.541267 10883 ImuError.cpp:650] gyr saturation
W20250111 18:54:09.541272 10883 ImuError.cpp:650] gyr saturation
W20250111 18:54:09.541277 10883 ImuError.cpp:650] gyr saturation
W20250111 18:54:09.541282 10883 ImuError.cpp:650] gyr saturation
W20250111 18:54:09.541389 10883 ImuError.cpp:650] gyr saturation
W20250111 18:54:09.541395 10883 ImuError.cpp:650] gyr saturation
W20250111 18:54:09.541401 10883 ImuError.cpp:650] gyr saturation
W20250111 18:54:09.541406 10883 ImuError.cpp:650] gyr saturation
W20250111 18:54:09.541411 10883 ImuError.cpp:650] gyr saturation
W20250111 18:54:09.541417 10883 ImuError.cpp:650] gyr saturation
W20250111 18:54:09.541422 10883 ImuError.cpp:650] gyr saturation
W20250111 18:54:09.541427 10883 ImuError.cpp:650] gyr saturation
W20250111 18:54:09.541432 10883 ImuError.cpp:650] gyr saturation
W20250111 18:54:09.541437 10883 ImuError.cpp:650] gyr saturation
W20250111 18:54:09.541442 10883 ImuError.cpp:650] gyr saturation
W20250111 18:54:09.541447 10883 ImuError.cpp:650] gyr saturation
W20250111 18:54:09.541452 10883 ImuError.cpp:650] gyr saturation
W20250111 18:54:09.541457 10883 ImuError.cpp:650] gyr saturation
W20250111 18:54:09.541462 10883 ImuError.cpp:650] gyr saturation
W20250111 18:54:09.547631 10898 ImuError.cpp:368] gyr saturation
W20250111 18:54:09.547706 10898 ImuError.cpp:368] gyr saturation
W20250111 18:54:09.547721 10898 ImuError.cpp:368] gyr saturation
W20250111 18:54:09.547732 10898 ImuError.cpp:368] gyr saturation
W20250111 18:54:09.547744 10898 ImuError.cpp:368] gyr saturation
W20250111 18:54:09.547755 10898 ImuError.cpp:368] gyr saturation
W20250111 18:54:09.547765 10898 ImuError.cpp:368] gyr saturation
W20250111 18:54:09.547775 10898 ImuError.cpp:368] gyr saturation
W20250111 18:54:09.547786 10898 ImuError.cpp:368] gyr saturation
W20250111 18:54:09.547797 10898 ImuError.cpp:368] gyr saturation
W20250111 18:54:09.547807 10898 ImuError.cpp:368] gyr saturation
W20250111 18:54:09.547818 10898 ImuError.cpp:368] gyr saturation
W20250111 18:54:09.547834 10898 ImuError.cpp:368] gyr saturation
W20250111 18:54:09.547845 10898 ImuError.cpp:368] gyr saturation
W20250111 18:54:09.547856 10898 ImuError.cpp:368] gyr saturation
W20250111 18:54:09.555840 10883 ImuError.cpp:650] gyr saturation
W20250111 18:54:09.555899 10883 ImuError.cpp:650] gyr saturation
W20250111 18:54:09.555907 10883 ImuError.cpp:650] gyr saturation
W20250111 18:54:09.555913 10883 ImuError.cpp:650] gyr saturation
W20250111 18:54:09.555919 10883 ImuError.cpp:650] gyr saturation
W20250111 18:54:09.555924 10883 ImuError.cpp:650] gyr saturation
W20250111 18:54:09.555930 10883 ImuError.cpp:650] gyr saturation
W20250111 18:54:09.555950 10883 ImuError.cpp:650] gyr saturation
W20250111 18:54:09.555956 10883 ImuError.cpp:650] gyr saturation
W20250111 18:54:09.555963 10883 ImuError.cpp:650] gyr saturation
W20250111 18:54:09.555968 10883 ImuError.cpp:650] gyr saturation
W20250111 18:54:09.555974 10883 ImuError.cpp:650] gyr saturation
W20250111 18:54:09.555979 10883 ImuError.cpp:650] gyr saturation
W20250111 18:54:09.555984 10883 ImuError.cpp:650] gyr saturation
W20250111 18:54:09.555989 10883 ImuError.cpp:650] gyr saturation
W20250111 18:54:09.555995 10883 ImuError.cpp:650] gyr saturation
W20250111 18:54:09.556001 10883 ImuError.cpp:650] gyr saturation
W20250111 18:54:09.556006 10883 ImuError.cpp:650] gyr saturation
W20250111 18:54:09.556012 10883 ImuError.cpp:650] gyr saturation
W20250111 18:54:09.556017 10883 ImuError.cpp:650] gyr saturation
W20250111 18:54:09.556022 10883 ImuError.cpp:650] gyr saturation
W20250111 18:54:09.556028 10883 ImuError.cpp:650] gyr saturation
W20250111 18:54:09.556033 10883 ImuError.cpp:650] gyr saturation
W20250111 18:54:09.556038 10883 ImuError.cpp:650] gyr saturation
W20250111 18:54:09.556044 10883 ImuError.cpp:650] gyr saturation
W20250111 18:54:09.556049 10883 ImuError.cpp:650] gyr saturation
W20250111 18:54:09.556054 10883 ImuError.cpp:650] gyr saturation
W20250111 18:54:09.556061 10883 ImuError.cpp:650] gyr saturation
W20250111 18:54:09.556066 10883 ImuError.cpp:650] gyr saturation
W20250111 18:54:09.556070 10883 ImuError.cpp:650] gyr saturation
W20250111 18:54:09.556077 10883 ImuError.cpp:650] gyr saturation
W20250111 18:54:09.556082 10883 ImuError.cpp:650] gyr saturation
W20250111 18:54:09.556087 10883 ImuError.cpp:650] gyr saturation
W20250111 18:54:09.556092 10883 ImuError.cpp:650] gyr saturation
W20250111 18:54:09.556098 10883 ImuError.cpp:650] gyr saturation
W20250111 18:54:09.556103 10883 ImuError.cpp:650] gyr saturation
W20250111 18:54:09.556108 10883 ImuError.cpp:650] gyr saturation
W20250111 18:54:09.556114 10883 ImuError.cpp:650] gyr saturation
W20250111 18:54:09.556119 10883 ImuError.cpp:650] gyr saturation
W20250111 18:54:09.556124 10883 ImuError.cpp:650] gyr saturation
W20250111 18:54:09.556129 10883 ImuError.cpp:650] gyr saturation
W20250111 18:54:09.556135 10883 ImuError.cpp:650] gyr saturation
W20250111 18:54:09.556140 10883 ImuError.cpp:650] gyr saturation
W20250111 18:54:09.556146 10883 ImuError.cpp:650] gyr saturation
W20250111 18:54:09.556151 10883 ImuError.cpp:650] gyr saturation
W20250111 18:54:09.556156 10883 ImuError.cpp:650] gyr saturation
W20250111 18:54:09.556162 10883 ImuError.cpp:650] gyr saturation
W20250111 18:54:09.556169 10883 ImuError.cpp:650] gyr saturation
W20250111 18:54:09.556174 10883 ImuError.cpp:650] gyr saturation
W20250111 18:54:09.568670 10883 ImuError.cpp:650] gyr saturation
W20250111 18:54:09.568727 10883 ImuError.cpp:650] gyr saturation
W20250111 18:54:09.568733 10883 ImuError.cpp:650] gyr saturation
W20250111 18:54:09.568738 10883 ImuError.cpp:650] gyr saturation
W20250111 18:54:09.568743 10883 ImuError.cpp:650] gyr saturation
W20250111 18:54:09.568749 10883 ImuError.cpp:650] gyr saturation
W20250111 18:54:09.568754 10883 ImuError.cpp:650] gyr saturation
W20250111 18:54:09.568759 10883 ImuError.cpp:650] gyr saturation
W20250111 18:54:09.568764 10883 ImuError.cpp:650] gyr saturation
W20250111 18:54:09.568769 10883 ImuError.cpp:650] gyr saturation
W20250111 18:54:09.568774 10883 ImuError.cpp:650] gyr saturation
W20250111 18:54:09.568780 10883 ImuError.cpp:650] gyr saturation
W20250111 18:54:09.568785 10883 ImuError.cpp:650] gyr saturation
W20250111 18:54:09.568790 10883 ImuError.cpp:650] gyr saturation
W20250111 18:54:09.568795 10883 ImuError.cpp:650] gyr saturation
W20250111 18:54:09.568800 10883 ImuError.cpp:650] gyr saturation
W20250111 18:54:09.568805 10883 ImuError.cpp:650] gyr saturation
W20250111 18:54:09.568810 10883 ImuError.cpp:650] gyr saturation
W20250111 18:54:09.568815 10883 ImuError.cpp:650] gyr saturation
W20250111 18:54:09.568821 10883 ImuError.cpp:650] gyr saturation
W20250111 18:54:09.568832 10883 ImuError.cpp:650] gyr saturation
W20250111 18:54:09.568850 10883 ImuError.cpp:650] gyr saturation
W20250111 18:54:09.568856 10883 ImuError.cpp:650] gyr saturation
W20250111 18:54:09.568861 10883 ImuError.cpp:650] gyr saturation
W20250111 18:54:09.568866 10883 ImuError.cpp:650] gyr saturation
W20250111 18:54:09.568872 10883 ImuError.cpp:650] gyr saturation
W20250111 18:54:09.568877 10883 ImuError.cpp:650] gyr saturation
W20250111 18:54:09.568882 10883 ImuError.cpp:650] gyr saturation
W20250111 18:54:09.568887 10883 ImuError.cpp:650] gyr saturation
W20250111 18:54:09.568892 10883 ImuError.cpp:650] gyr saturation
W20250111 18:54:09.568899 10883 ImuError.cpp:650] gyr saturation
W20250111 18:54:09.568904 10883 ImuError.cpp:650] gyr saturation
W20250111 18:54:09.568909 10883 ImuError.cpp:650] gyr saturation
W20250111 18:54:09.568915 10883 ImuError.cpp:650] gyr saturation
W20250111 18:54:09.568920 10883 ImuError.cpp:650] gyr saturation
W20250111 18:54:09.569118 10883 ImuError.cpp:650] gyr saturation
W20250111 18:54:09.569128 10883 ImuError.cpp:650] gyr saturation
W20250111 18:54:09.569133 10883 ImuError.cpp:650] gyr saturation
W20250111 18:54:09.569139 10883 ImuError.cpp:650] gyr saturation
W20250111 18:54:09.569144 10883 ImuError.cpp:650] gyr saturation
W20250111 18:54:09.569149 10883 ImuError.cpp:650] gyr saturation
W20250111 18:54:09.569154 10883 ImuError.cpp:650] gyr saturation
W20250111 18:54:09.569159 10883 ImuError.cpp:650] gyr saturation
W20250111 18:54:09.569164 10883 ImuError.cpp:650] gyr saturation
W20250111 18:54:09.569169 10883 ImuError.cpp:650] gyr saturation
W20250111 18:54:09.569175 10883 ImuError.cpp:650] gyr saturation
W20250111 18:54:09.569180 10883 ImuError.cpp:650] gyr saturation
W20250111 18:54:09.569185 10883 ImuError.cpp:650] gyr saturation
W20250111 18:54:09.569190 10883 ImuError.cpp:650] gyr saturation
W20250111 18:54:09.569195 10883 ImuError.cpp:650] gyr saturation
W20250111 18:54:09.569200 10883 ImuError.cpp:650] gyr saturation
W20250111 18:54:09.569205 10883 ImuError.cpp:650] gyr saturation
W20250111 18:54:09.569211 10883 ImuError.cpp:650] gyr saturation
W20250111 18:54:09.569216 10883 ImuError.cpp:650] gyr saturation
W20250111 18:54:09.569221 10883 ImuError.cpp:650] gyr saturation
W20250111 18:54:09.569226 10883 ImuError.cpp:650] gyr saturation
W20250111 18:54:09.569231 10883 ImuError.cpp:650] gyr saturation
W20250111 18:54:09.569236 10883 ImuError.cpp:650] gyr saturation
W20250111 18:54:09.569242 10883 ImuError.cpp:650] gyr saturation
W20250111 18:54:09.569247 10883 ImuError.cpp:650] gyr saturation
W20250111 18:54:09.569252 10883 ImuError.cpp:650] gyr saturation
W20250111 18:54:09.569257 10883 ImuError.cpp:650] gyr saturation
W20250111 18:54:09.569262 10883 ImuError.cpp:650] gyr saturation
W20250111 18:54:09.569267 10883 ImuError.cpp:650] gyr saturation
W20250111 18:54:09.569272 10883 ImuError.cpp:650] gyr saturation
W20250111 18:54:09.569278 10883 ImuError.cpp:650] gyr saturation
W20250111 18:54:09.569283 10883 ImuError.cpp:650] gyr saturation
W20250111 18:54:09.569288 10883 ImuError.cpp:650] gyr saturation
W20250111 18:54:09.569293 10883 ImuError.cpp:650] gyr saturation
W20250111 18:54:09.569298 10883 ImuError.cpp:650] gyr saturation
W20250111 18:54:09.576190 10897 ImuError.cpp:368] gyr saturation
W20250111 18:54:09.576279 10897 ImuError.cpp:368] gyr saturation
W20250111 18:54:09.576292 10897 ImuError.cpp:368] gyr saturation
W20250111 18:54:09.576304 10897 ImuError.cpp:368] gyr saturation
W20250111 18:54:09.576314 10897 ImuError.cpp:368] gyr saturation
W20250111 18:54:09.576325 10897 ImuError.cpp:368] gyr saturation
W20250111 18:54:09.576336 10897 ImuError.cpp:368] gyr saturation
W20250111 18:54:09.576349 10897 ImuError.cpp:368] gyr saturation
W20250111 18:54:09.576359 10897 ImuError.cpp:368] gyr saturation
W20250111 18:54:09.576370 10897 ImuError.cpp:368] gyr saturation
W20250111 18:54:09.576380 10897 ImuError.cpp:368] gyr saturation
W20250111 18:54:09.576391 10897 ImuError.cpp:368] gyr saturation
W20250111 18:54:09.576401 10897 ImuError.cpp:368] gyr saturation
W20250111 18:54:09.576412 10897 ImuError.cpp:368] gyr saturation
W20250111 18:54:09.576440 10897 ImuError.cpp:368] gyr saturation
W20250111 18:54:09.576452 10897 ImuError.cpp:368] gyr saturation
W20250111 18:54:09.576464 10897 ImuError.cpp:368] gyr saturation
W20250111 18:54:09.576476 10897 ImuError.cpp:368] gyr saturation
W20250111 18:54:09.576488 10897 ImuError.cpp:368] gyr saturation
W20250111 18:54:09.576498 10897 ImuError.cpp:368] gyr saturation
W20250111 18:54:09.576509 10897 ImuError.cpp:368] gyr saturation
W20250111 18:54:09.576520 10897 ImuError.cpp:368] gyr saturation
W20250111 18:54:09.576530 10897 ImuError.cpp:368] gyr saturation
W20250111 18:54:09.576542 10897 ImuError.cpp:368] gyr saturation
W20250111 18:54:09.576553 10897 ImuError.cpp:368] gyr saturation
W20250111 18:54:09.576565 10897 ImuError.cpp:368] gyr saturation
W20250111 18:54:09.576575 10897 ImuError.cpp:368] gyr saturation
W20250111 18:54:09.576586 10897 ImuError.cpp:368] gyr saturation
W20250111 18:54:09.576596 10897 ImuError.cpp:368] gyr saturation
W20250111 18:54:09.576607 10897 ImuError.cpp:368] gyr saturation
W20250111 18:54:09.576618 10897 ImuError.cpp:368] gyr saturation
W20250111 18:54:09.576629 10897 ImuError.cpp:368] gyr saturation
W20250111 18:54:09.576639 10897 ImuError.cpp:368] gyr saturation
W20250111 18:54:09.576650 10897 ImuError.cpp:368] gyr saturation
W20250111 18:54:09.576661 10897 ImuError.cpp:368] gyr saturation
W20250111 18:54:09.585151 10883 ImuError.cpp:650] gyr saturation
W20250111 18:54:09.585209 10883 ImuError.cpp:650] gyr saturation
W20250111 18:54:09.585217 10883 ImuError.cpp:650] gyr saturation
W20250111 18:54:09.585223 10883 ImuError.cpp:650] gyr saturation
W20250111 18:54:09.585228 10883 ImuError.cpp:650] gyr saturation
W20250111 18:54:09.585234 10883 ImuError.cpp:650] gyr saturation
W20250111 18:54:09.585239 10883 ImuError.cpp:650] gyr saturation
W20250111 18:54:09.585244 10883 ImuError.cpp:650] gyr saturation
W20250111 18:54:09.585249 10883 ImuError.cpp:650] gyr saturation
W20250111 18:54:09.585255 10883 ImuError.cpp:650] gyr saturation
W20250111 18:54:09.585260 10883 ImuError.cpp:650] gyr saturation
W20250111 18:54:09.585264 10883 ImuError.cpp:650] gyr saturation
W20250111 18:54:09.585269 10883 ImuError.cpp:650] gyr saturation
W20250111 18:54:09.585274 10883 ImuError.cpp:650] gyr saturation
W20250111 18:54:09.585279 10883 ImuError.cpp:650] gyr saturation
W20250111 18:54:09.585285 10883 ImuError.cpp:650] gyr saturation
W20250111 18:54:09.585290 10883 ImuError.cpp:650] gyr saturation
W20250111 18:54:09.585295 10883 ImuError.cpp:650] gyr saturation
W20250111 18:54:09.585300 10883 ImuError.cpp:650] gyr saturation
W20250111 18:54:09.585305 10883 ImuError.cpp:650] gyr saturation
W20250111 18:54:09.585310 10883 ImuError.cpp:650] gyr saturation
W20250111 18:54:09.585315 10883 ImuError.cpp:650] gyr saturation
W20250111 18:54:09.585321 10883 ImuError.cpp:650] gyr saturation
W20250111 18:54:09.585326 10883 ImuError.cpp:650] gyr saturation
W20250111 18:54:09.585331 10883 ImuError.cpp:650] gyr saturation
W20250111 18:54:09.585336 10883 ImuError.cpp:650] gyr saturation
W20250111 18:54:09.585341 10883 ImuError.cpp:650] gyr saturation
W20250111 18:54:09.585346 10883 ImuError.cpp:650] gyr saturation
W20250111 18:54:09.585351 10883 ImuError.cpp:650] gyr saturation
W20250111 18:54:09.585356 10883 ImuError.cpp:650] gyr saturation
W20250111 18:54:09.585362 10883 ImuError.cpp:650] gyr saturation
W20250111 18:54:09.585367 10883 ImuError.cpp:650] gyr saturation
W20250111 18:54:09.585373 10883 ImuError.cpp:650] gyr saturation
W20250111 18:54:09.585378 10883 ImuError.cpp:650] gyr saturation
W20250111 18:54:09.585383 10883 ImuError.cpp:650] gyr saturation
W20250111 18:54:09.585389 10883 ImuError.cpp:650] gyr saturation
W20250111 18:54:09.585394 10883 ImuError.cpp:650] gyr saturation
W20250111 18:54:09.585400 10883 ImuError.cpp:650] gyr saturation
W20250111 18:54:09.585407 10883 ImuError.cpp:650] gyr saturation
W20250111 18:54:09.585412 10883 ImuError.cpp:650] gyr saturation
W20250111 18:54:09.585417 10883 ImuError.cpp:650] gyr saturation
W20250111 18:54:09.585422 10883 ImuError.cpp:650] gyr saturation
W20250111 18:54:09.585441 10883 ImuError.cpp:650] gyr saturation
W20250111 18:54:09.585448 10883 ImuError.cpp:650] gyr saturation
W20250111 18:54:09.585454 10883 ImuError.cpp:650] gyr saturation
W20250111 18:54:09.585462 10883 ImuError.cpp:650] gyr saturation
W20250111 18:54:09.585467 10883 ImuError.cpp:650] gyr saturation
W20250111 18:54:09.585474 10883 ImuError.cpp:650] gyr saturation
W20250111 18:54:09.585479 10883 ImuError.cpp:650] gyr saturation
W20250111 18:54:09.585484 10883 ImuError.cpp:650] gyr saturation
W20250111 18:54:09.585489 10883 ImuError.cpp:650] gyr saturation
W20250111 18:54:09.585494 10883 ImuError.cpp:650] gyr saturation
W20250111 18:54:09.585500 10883 ImuError.cpp:650] gyr saturation
W20250111 18:54:09.585506 10883 ImuError.cpp:650] gyr saturation
W20250111 18:54:09.585511 10883 ImuError.cpp:650] gyr saturation
W20250111 18:54:09.585516 10883 ImuError.cpp:650] gyr saturation
W20250111 18:54:09.585521 10883 ImuError.cpp:650] gyr saturation
W20250111 18:54:09.585527 10883 ImuError.cpp:650] gyr saturation
W20250111 18:54:09.585532 10883 ImuError.cpp:650] gyr saturation
W20250111 18:54:09.585537 10883 ImuError.cpp:650] gyr saturation
W20250111 18:54:09.585542 10883 ImuError.cpp:650] gyr saturation
W20250111 18:54:09.585547 10883 ImuError.cpp:650] gyr saturation
W20250111 18:54:09.585553 10883 ImuError.cpp:650] gyr saturation
W20250111 18:54:09.585558 10883 ImuError.cpp:650] gyr saturation
W20250111 18:54:09.585563 10883 ImuError.cpp:650] gyr saturation
W20250111 18:54:09.585569 10883 ImuError.cpp:650] gyr saturation
W20250111 18:54:09.585574 10883 ImuError.cpp:650] gyr saturation
W20250111 18:54:09.585580 10883 ImuError.cpp:650] gyr saturation
W20250111 18:54:09.596782 10883 ImuError.cpp:650] gyr saturation
W20250111 18:54:09.596833 10883 ImuError.cpp:650] gyr saturation
W20250111 18:54:09.596839 10883 ImuError.cpp:650] gyr saturation
W20250111 18:54:09.596843 10883 ImuError.cpp:650] gyr saturation
W20250111 18:54:09.596848 10883 ImuError.cpp:650] gyr saturation
W20250111 18:54:09.596853 10883 ImuError.cpp:650] gyr saturation
W20250111 18:54:09.596858 10883 ImuError.cpp:650] gyr saturation
W20250111 18:54:09.596863 10883 ImuError.cpp:650] gyr saturation
W20250111 18:54:09.596871 10883 ImuError.cpp:650] gyr saturation
W20250111 18:54:09.596877 10883 ImuError.cpp:650] gyr saturation
W20250111 18:54:09.596882 10883 ImuError.cpp:650] gyr saturation
W20250111 18:54:09.596887 10883 ImuError.cpp:650] gyr saturation
W20250111 18:54:09.596894 10883 ImuError.cpp:650] gyr saturation
W20250111 18:54:09.596899 10883 ImuError.cpp:650] gyr saturation
W20250111 18:54:09.596904 10883 ImuError.cpp:650] gyr saturation
W20250111 18:54:09.596908 10883 ImuError.cpp:650] gyr saturation
W20250111 18:54:09.596915 10883 ImuError.cpp:650] gyr saturation
W20250111 18:54:09.596920 10883 ImuError.cpp:650] gyr saturation
W20250111 18:54:09.596926 10883 ImuError.cpp:650] gyr saturation
W20250111 18:54:09.596930 10883 ImuError.cpp:650] gyr saturation
W20250111 18:54:09.596937 10883 ImuError.cpp:650] gyr saturation
W20250111 18:54:09.596943 10883 ImuError.cpp:650] gyr saturation
W20250111 18:54:09.596948 10883 ImuError.cpp:650] gyr saturation
W20250111 18:54:09.596954 10883 ImuError.cpp:650] gyr saturation
W20250111 18:54:09.596959 10883 ImuError.cpp:650] gyr saturation
W20250111 18:54:09.596966 10883 ImuError.cpp:650] gyr saturation
W20250111 18:54:09.596971 10883 ImuError.cpp:650] gyr saturation
W20250111 18:54:09.596975 10883 ImuError.cpp:650] gyr saturation
W20250111 18:54:09.596982 10883 ImuError.cpp:650] gyr saturation
W20250111 18:54:09.596987 10883 ImuError.cpp:650] gyr saturation
W20250111 18:54:09.596992 10883 ImuError.cpp:650] gyr saturation
W20250111 18:54:09.596997 10883 ImuError.cpp:650] gyr saturation
W20250111 18:54:09.597002 10883 ImuError.cpp:650] gyr saturation
W20250111 18:54:09.597007 10883 ImuError.cpp:650] gyr saturation
W20250111 18:54:09.597196 10883 ImuError.cpp:650] gyr saturation
W20250111 18:54:09.597206 10883 ImuError.cpp:650] gyr saturation
W20250111 18:54:09.597211 10883 ImuError.cpp:650] gyr saturation
W20250111 18:54:09.597232 10883 ImuError.cpp:650] gyr saturation
W20250111 18:54:09.597241 10883 ImuError.cpp:650] gyr saturation
W20250111 18:54:09.597249 10883 ImuError.cpp:650] gyr saturation
W20250111 18:54:09.597254 10883 ImuError.cpp:650] gyr saturation
W20250111 18:54:09.597259 10883 ImuError.cpp:650] gyr saturation
W20250111 18:54:09.597265 10883 ImuError.cpp:650] gyr saturation
W20250111 18:54:09.597272 10883 ImuError.cpp:650] gyr saturation
W20250111 18:54:09.597278 10883 ImuError.cpp:650] gyr saturation
W20250111 18:54:09.597288 10883 ImuError.cpp:650] gyr saturation
W20250111 18:54:09.597295 10883 ImuError.cpp:650] gyr saturation
W20250111 18:54:09.597304 10883 ImuError.cpp:650] gyr saturation
W20250111 18:54:09.597311 10883 ImuError.cpp:650] gyr saturation
W20250111 18:54:09.597316 10883 ImuError.cpp:650] gyr saturation
W20250111 18:54:09.597321 10883 ImuError.cpp:650] gyr saturation
W20250111 18:54:09.597327 10883 ImuError.cpp:650] gyr saturation
W20250111 18:54:09.597332 10883 ImuError.cpp:650] gyr saturation
W20250111 18:54:09.597338 10883 ImuError.cpp:650] gyr saturation
W20250111 18:54:09.597343 10883 ImuError.cpp:650] gyr saturation
W20250111 18:54:09.597350 10883 ImuError.cpp:650] gyr saturation
W20250111 18:54:09.597357 10883 ImuError.cpp:650] gyr saturation
W20250111 18:54:09.597361 10883 ImuError.cpp:650] gyr saturation
W20250111 18:54:09.597368 10883 ImuError.cpp:650] gyr saturation
W20250111 18:54:09.597374 10883 ImuError.cpp:650] gyr saturation
W20250111 18:54:09.597379 10883 ImuError.cpp:650] gyr saturation
W20250111 18:54:09.597385 10883 ImuError.cpp:650] gyr saturation
W20250111 18:54:09.597393 10883 ImuError.cpp:650] gyr saturation
W20250111 18:54:09.597398 10883 ImuError.cpp:650] gyr saturation
W20250111 18:54:09.597404 10883 ImuError.cpp:650] gyr saturation
W20250111 18:54:09.597410 10883 ImuError.cpp:650] gyr saturation
W20250111 18:54:09.597416 10883 ImuError.cpp:650] gyr saturation
W20250111 18:54:09.597422 10883 ImuError.cpp:650] gyr saturation
W20250111 18:54:09.603577 10883 ImuError.cpp:368] gyr saturation
W20250111 18:54:09.603657 10883 ImuError.cpp:368] gyr saturation
W20250111 18:54:09.603672 10883 ImuError.cpp:368] gyr saturation
W20250111 18:54:09.603684 10883 ImuError.cpp:368] gyr saturation
W20250111 18:54:09.603695 10883 ImuError.cpp:368] gyr saturation
W20250111 18:54:09.603706 10883 ImuError.cpp:368] gyr saturation
W20250111 18:54:09.603717 10883 ImuError.cpp:368] gyr saturation
W20250111 18:54:09.603729 10883 ImuError.cpp:368] gyr saturation
W20250111 18:54:09.603739 10883 ImuError.cpp:368] gyr saturation
W20250111 18:54:09.603751 10883 ImuError.cpp:368] gyr saturation
W20250111 18:54:09.603762 10883 ImuError.cpp:368] gyr saturation
W20250111 18:54:09.603772 10883 ImuError.cpp:368] gyr saturation
W20250111 18:54:09.603783 10883 ImuError.cpp:368] gyr saturation
W20250111 18:54:09.603794 10883 ImuError.cpp:368] gyr saturation
W20250111 18:54:09.603804 10883 ImuError.cpp:368] gyr saturation
W20250111 18:54:09.603816 10883 ImuError.cpp:368] gyr saturation
W20250111 18:54:09.603835 10883 ImuError.cpp:368] gyr saturation
W20250111 18:54:09.603847 10883 ImuError.cpp:368] gyr saturation
W20250111 18:54:09.603858 10883 ImuError.cpp:368] gyr saturation
W20250111 18:54:09.603869 10883 ImuError.cpp:368] gyr saturation
W20250111 18:54:09.603880 10883 ImuError.cpp:368] gyr saturation
W20250111 18:54:09.603891 10883 ImuError.cpp:368] gyr saturation
W20250111 18:54:09.603902 10883 ImuError.cpp:368] gyr saturation
W20250111 18:54:09.603914 10883 ImuError.cpp:368] gyr saturation
W20250111 18:54:09.603924 10883 ImuError.cpp:368] gyr saturation
W20250111 18:54:09.603935 10883 ImuError.cpp:368] gyr saturation
W20250111 18:54:09.603946 10883 ImuError.cpp:368] gyr saturation
W20250111 18:54:09.603957 10883 ImuError.cpp:368] gyr saturation
W20250111 18:54:09.603968 10883 ImuError.cpp:368] gyr saturation
W20250111 18:54:09.603979 10883 ImuError.cpp:368] gyr saturation
W20250111 18:54:09.603989 10883 ImuError.cpp:368] gyr saturation
W20250111 18:54:09.604000 10883 ImuError.cpp:368] gyr saturation
W20250111 18:54:09.604025 10883 ImuError.cpp:368] gyr saturation
W20250111 18:54:09.604038 10883 ImuError.cpp:368] gyr saturation
W20250111 18:54:09.612380 10883 ImuError.cpp:650] gyr saturation
W20250111 18:54:09.612444 10883 ImuError.cpp:650] gyr saturation
W20250111 18:54:09.612452 10883 ImuError.cpp:650] gyr saturation
W20250111 18:54:09.612457 10883 ImuError.cpp:650] gyr saturation
W20250111 18:54:09.612462 10883 ImuError.cpp:650] gyr saturation
W20250111 18:54:09.612469 10883 ImuError.cpp:650] gyr saturation
W20250111 18:54:09.612475 10883 ImuError.cpp:650] gyr saturation
W20250111 18:54:09.612480 10883 ImuError.cpp:650] gyr saturation
W20250111 18:54:09.612495 10883 ImuError.cpp:650] gyr saturation
W20250111 18:54:09.612502 10883 ImuError.cpp:650] gyr saturation
W20250111 18:54:09.612507 10883 ImuError.cpp:650] gyr saturation
W20250111 18:54:09.612514 10883 ImuError.cpp:650] gyr saturation
W20250111 18:54:09.612520 10883 ImuError.cpp:650] gyr saturation
W20250111 18:54:09.612525 10883 ImuError.cpp:650] gyr saturation
W20250111 18:54:09.612531 10883 ImuError.cpp:650] gyr saturation
W20250111 18:54:09.612536 10883 ImuError.cpp:650] gyr saturation
W20250111 18:54:09.612542 10883 ImuError.cpp:650] gyr saturation
W20250111 18:54:09.612547 10883 ImuError.cpp:650] gyr saturation
W20250111 18:54:09.612553 10883 ImuError.cpp:650] gyr saturation
W20250111 18:54:09.612558 10883 ImuError.cpp:650] gyr saturation
W20250111 18:54:09.612565 10883 ImuError.cpp:650] gyr saturation
W20250111 18:54:09.612571 10883 ImuError.cpp:650] gyr saturation
W20250111 18:54:09.612576 10883 ImuError.cpp:650] gyr saturation
W20250111 18:54:09.612581 10883 ImuError.cpp:650] gyr saturation
W20250111 18:54:09.612587 10883 ImuError.cpp:650] gyr saturation
W20250111 18:54:09.612593 10883 ImuError.cpp:650] gyr saturation
W20250111 18:54:09.612598 10883 ImuError.cpp:650] gyr saturation
W20250111 18:54:09.612604 10883 ImuError.cpp:650] gyr saturation
W20250111 18:54:09.612610 10883 ImuError.cpp:650] gyr saturation
W20250111 18:54:09.612617 10883 ImuError.cpp:650] gyr saturation
W20250111 18:54:09.612622 10883 ImuError.cpp:650] gyr saturation
W20250111 18:54:09.612627 10883 ImuError.cpp:650] gyr saturation
W20250111 18:54:09.612633 10883 ImuError.cpp:650] gyr saturation
W20250111 18:54:09.612638 10883 ImuError.cpp:650] gyr saturation
W20250111 18:54:09.612644 10883 ImuError.cpp:650] gyr saturation
W20250111 18:54:09.612650 10883 ImuError.cpp:650] gyr saturation
W20250111 18:54:09.612655 10883 ImuError.cpp:650] gyr saturation
W20250111 18:54:09.612661 10883 ImuError.cpp:650] gyr saturation
W20250111 18:54:09.612668 10883 ImuError.cpp:650] gyr saturation
W20250111 18:54:09.612672 10883 ImuError.cpp:650] gyr saturation
W20250111 18:54:09.612679 10883 ImuError.cpp:650] gyr saturation
W20250111 18:54:09.612684 10883 ImuError.cpp:650] gyr saturation
W20250111 18:54:09.612689 10883 ImuError.cpp:650] gyr saturation
W20250111 18:54:09.612695 10883 ImuError.cpp:650] gyr saturation
W20250111 18:54:09.612701 10883 ImuError.cpp:650] gyr saturation
W20250111 18:54:09.612706 10883 ImuError.cpp:650] gyr saturation
W20250111 18:54:09.612712 10883 ImuError.cpp:650] gyr saturation
W20250111 18:54:09.612718 10883 ImuError.cpp:650] gyr saturation
W20250111 18:54:09.612723 10883 ImuError.cpp:650] gyr saturation
W20250111 18:54:09.612730 10883 ImuError.cpp:650] gyr saturation
W20250111 18:54:09.612735 10883 ImuError.cpp:650] gyr saturation
W20250111 18:54:09.612740 10883 ImuError.cpp:650] gyr saturation
W20250111 18:54:09.612746 10883 ImuError.cpp:650] gyr saturation
W20250111 18:54:09.612751 10883 ImuError.cpp:650] gyr saturation
W20250111 18:54:09.612756 10883 ImuError.cpp:650] gyr saturation
W20250111 18:54:09.612762 10883 ImuError.cpp:650] gyr saturation
W20250111 18:54:09.612768 10883 ImuError.cpp:650] gyr saturation
W20250111 18:54:09.612773 10883 ImuError.cpp:650] gyr saturation
W20250111 18:54:09.612779 10883 ImuError.cpp:650] gyr saturation
W20250111 18:54:09.612784 10883 ImuError.cpp:650] gyr saturation
W20250111 18:54:09.612790 10883 ImuError.cpp:650] gyr saturation
W20250111 18:54:09.612802 10883 ImuError.cpp:650] gyr saturation
W20250111 18:54:09.612807 10883 ImuError.cpp:650] gyr saturation
W20250111 18:54:09.612812 10883 ImuError.cpp:650] gyr saturation
W20250111 18:54:09.612818 10883 ImuError.cpp:650] gyr saturation
W20250111 18:54:09.612833 10883 ImuError.cpp:650] gyr saturation
W20250111 18:54:09.612838 10883 ImuError.cpp:650] gyr saturation
W20250111 18:54:09.612844 10883 ImuError.cpp:650] gyr saturation
W20250111 18:54:09.624071 309397 ImuError.cpp:165] gyr saturation
W20250111 18:54:09.624142 309397 ImuError.cpp:165] gyr saturation
W20250111 18:54:09.624151 309397 ImuError.cpp:165] gyr saturation
W20250111 18:54:09.624166 309397 ImuError.cpp:165] gyr saturation
W20250111 18:54:09.624173 309397 ImuError.cpp:165] gyr saturation
W20250111 18:54:09.624182 309397 ImuError.cpp:165] gyr saturation
W20250111 18:54:09.624190 309397 ImuError.cpp:165] gyr saturation
W20250111 18:54:09.624199 309397 ImuError.cpp:165] gyr saturation
W20250111 18:54:09.624207 309397 ImuError.cpp:165] gyr saturation
W20250111 18:54:09.624215 309397 ImuError.cpp:165] gyr saturation
W20250111 18:54:09.624224 309397 ImuError.cpp:165] gyr saturation
W20250111 18:54:09.624233 309397 ImuError.cpp:165] gyr saturation
W20250111 18:54:09.624241 309397 ImuError.cpp:165] gyr saturation
W20250111 18:54:09.624248 309397 ImuError.cpp:165] gyr saturation
W20250111 18:54:09.624257 309397 ImuError.cpp:165] gyr saturation
W20250111 18:54:09.624485 309397 ImuError.cpp:165] gyr saturation
W20250111 18:54:09.624495 309397 ImuError.cpp:165] gyr saturation
W20250111 18:54:09.624501 309397 ImuError.cpp:165] gyr saturation
W20250111 18:54:09.624509 309397 ImuError.cpp:165] gyr saturation
W20250111 18:54:09.624516 309397 ImuError.cpp:165] gyr saturation
W20250111 18:54:09.624523 309397 ImuError.cpp:165] gyr saturation
W20250111 18:54:09.624531 309397 ImuError.cpp:165] gyr saturation
W20250111 18:54:09.624538 309397 ImuError.cpp:165] gyr saturation
W20250111 18:54:09.624547 309397 ImuError.cpp:165] gyr saturation
W20250111 18:54:09.624553 309397 ImuError.cpp:165] gyr saturation
W20250111 18:54:09.624562 309397 ImuError.cpp:165] gyr saturation
W20250111 18:54:09.624568 309397 ImuError.cpp:165] gyr saturation
W20250111 18:54:09.624575 309397 ImuError.cpp:165] gyr saturation
W20250111 18:54:09.624583 309397 ImuError.cpp:165] gyr saturation
W20250111 18:54:09.624590 309397 ImuError.cpp:165] gyr saturation
W20250111 18:54:09.625317 10883 ImuError.cpp:650] gyr saturation
W20250111 18:54:09.625373 10883 ImuError.cpp:650] gyr saturation
W20250111 18:54:09.625381 10883 ImuError.cpp:650] gyr saturation
W20250111 18:54:09.625389 10883 ImuError.cpp:650] gyr saturation
W20250111 18:54:09.625396 10883 ImuError.cpp:650] gyr saturation
W20250111 18:54:09.625402 10883 ImuError.cpp:650] gyr saturation
W20250111 18:54:09.625408 10883 ImuError.cpp:650] gyr saturation
W20250111 18:54:09.625414 10883 ImuError.cpp:650] gyr saturation
W20250111 18:54:09.625420 10883 ImuError.cpp:650] gyr saturation
W20250111 18:54:09.625427 10883 ImuError.cpp:650] gyr saturation
W20250111 18:54:09.625432 10883 ImuError.cpp:650] gyr saturation
W20250111 18:54:09.625437 10883 ImuError.cpp:650] gyr saturation
W20250111 18:54:09.625443 10883 ImuError.cpp:650] gyr saturation
W20250111 18:54:09.625448 10883 ImuError.cpp:650] gyr saturation
W20250111 18:54:09.625454 10883 ImuError.cpp:650] gyr saturation
W20250111 18:54:09.625460 10883 ImuError.cpp:650] gyr saturation
W20250111 18:54:09.625466 10883 ImuError.cpp:650] gyr saturation
W20250111 18:54:09.625473 10883 ImuError.cpp:650] gyr saturation
W20250111 18:54:09.625478 10883 ImuError.cpp:650] gyr saturation
W20250111 18:54:09.625484 10883 ImuError.cpp:650] gyr saturation
W20250111 18:54:09.625490 10883 ImuError.cpp:650] gyr saturation
W20250111 18:54:09.625496 10883 ImuError.cpp:650] gyr saturation
W20250111 18:54:09.625502 10883 ImuError.cpp:650] gyr saturation
W20250111 18:54:09.625507 10883 ImuError.cpp:650] gyr saturation
W20250111 18:54:09.625514 10883 ImuError.cpp:650] gyr saturation
W20250111 18:54:09.625519 10883 ImuError.cpp:650] gyr saturation
W20250111 18:54:09.625535 10883 ImuError.cpp:650] gyr saturation
W20250111 18:54:09.625541 10883 ImuError.cpp:650] gyr saturation
W20250111 18:54:09.625547 10883 ImuError.cpp:650] gyr saturation
W20250111 18:54:09.625553 10883 ImuError.cpp:650] gyr saturation
W20250111 18:54:09.625559 10883 ImuError.cpp:650] gyr saturation
W20250111 18:54:09.625566 10883 ImuError.cpp:650] gyr saturation
W20250111 18:54:09.625572 10883 ImuError.cpp:650] gyr saturation
W20250111 18:54:09.625578 10883 ImuError.cpp:650] gyr saturation
W20250111 18:54:09.625583 10883 ImuError.cpp:650] gyr saturation
W20250111 18:54:09.625779 10883 ImuError.cpp:650] gyr saturation
W20250111 18:54:09.625789 10883 ImuError.cpp:650] gyr saturation
W20250111 18:54:09.625795 10883 ImuError.cpp:650] gyr saturation
W20250111 18:54:09.625800 10883 ImuError.cpp:650] gyr saturation
W20250111 18:54:09.625808 10883 ImuError.cpp:650] gyr saturation
W20250111 18:54:09.625813 10883 ImuError.cpp:650] gyr saturation
W20250111 18:54:09.625819 10883 ImuError.cpp:650] gyr saturation
W20250111 18:54:09.625831 10883 ImuError.cpp:650] gyr saturation
W20250111 18:54:09.625837 10883 ImuError.cpp:650] gyr saturation
W20250111 18:54:09.625844 10883 ImuError.cpp:650] gyr saturation
W20250111 18:54:09.625849 10883 ImuError.cpp:650] gyr saturation
W20250111 18:54:09.625854 10883 ImuError.cpp:650] gyr saturation
W20250111 18:54:09.625860 10883 ImuError.cpp:650] gyr saturation
W20250111 18:54:09.625866 10883 ImuError.cpp:650] gyr saturation
W20250111 18:54:09.625871 10883 ImuError.cpp:650] gyr saturation
W20250111 18:54:09.625877 10883 ImuError.cpp:650] gyr saturation
W20250111 18:54:09.625885 10883 ImuError.cpp:650] gyr saturation
W20250111 18:54:09.625890 10883 ImuError.cpp:650] gyr saturation
W20250111 18:54:09.625895 10883 ImuError.cpp:650] gyr saturation
W20250111 18:54:09.625901 10883 ImuError.cpp:650] gyr saturation
W20250111 18:54:09.625906 10883 ImuError.cpp:650] gyr saturation
W20250111 18:54:09.625912 10883 ImuError.cpp:650] gyr saturation
W20250111 18:54:09.625919 10883 ImuError.cpp:650] gyr saturation
W20250111 18:54:09.625924 10883 ImuError.cpp:650] gyr saturation
W20250111 18:54:09.625929 10883 ImuError.cpp:650] gyr saturation
W20250111 18:54:09.625936 10883 ImuError.cpp:650] gyr saturation
W20250111 18:54:09.625941 10883 ImuError.cpp:650] gyr saturation
W20250111 18:54:09.625946 10883 ImuError.cpp:650] gyr saturation
W20250111 18:54:09.625952 10883 ImuError.cpp:650] gyr saturation
W20250111 18:54:09.625958 10883 ImuError.cpp:650] gyr saturation
W20250111 18:54:09.625964 10883 ImuError.cpp:650] gyr saturation
W20250111 18:54:09.625970 10883 ImuError.cpp:650] gyr saturation
W20250111 18:54:09.625975 10883 ImuError.cpp:650] gyr saturation
W20250111 18:54:09.625981 10883 ImuError.cpp:650] gyr saturation
W20250111 18:54:09.625988 10883 ImuError.cpp:650] gyr saturation
W20250111 18:54:09.631888 10898 ImuError.cpp:368] gyr saturation
W20250111 18:54:09.631951 10898 ImuError.cpp:368] gyr saturation
W20250111 18:54:09.631969 10898 ImuError.cpp:368] gyr saturation
W20250111 18:54:09.631982 10898 ImuError.cpp:368] gyr saturation
W20250111 18:54:09.631995 10898 ImuError.cpp:368] gyr saturation
W20250111 18:54:09.632009 10898 ImuError.cpp:368] gyr saturation
W20250111 18:54:09.632022 10898 ImuError.cpp:368] gyr saturation
W20250111 18:54:09.632035 10898 ImuError.cpp:368] gyr saturation
W20250111 18:54:09.632047 10898 ImuError.cpp:368] gyr saturation
W20250111 18:54:09.632061 10898 ImuError.cpp:368] gyr saturation
W20250111 18:54:09.632073 10898 ImuError.cpp:368] gyr saturation
W20250111 18:54:09.632086 10898 ImuError.cpp:368] gyr saturation
W20250111 18:54:09.632099 10898 ImuError.cpp:368] gyr saturation
W20250111 18:54:09.632112 10898 ImuError.cpp:368] gyr saturation
W20250111 18:54:09.632124 10898 ImuError.cpp:368] gyr saturation
W20250111 18:54:09.632135 10898 ImuError.cpp:368] gyr saturation
W20250111 18:54:09.632146 10898 ImuError.cpp:368] gyr saturation
W20250111 18:54:09.632157 10898 ImuError.cpp:368] gyr saturation
W20250111 18:54:09.632169 10898 ImuError.cpp:368] gyr saturation
W20250111 18:54:09.632187 10898 ImuError.cpp:368] gyr saturation
W20250111 18:54:09.632200 10898 ImuError.cpp:368] gyr saturation
W20250111 18:54:09.632211 10898 ImuError.cpp:368] gyr saturation
W20250111 18:54:09.632222 10898 ImuError.cpp:368] gyr saturation
W20250111 18:54:09.632236 10898 ImuError.cpp:368] gyr saturation
W20250111 18:54:09.632246 10898 ImuError.cpp:368] gyr saturation
W20250111 18:54:09.632259 10898 ImuError.cpp:368] gyr saturation
W20250111 18:54:09.632270 10898 ImuError.cpp:368] gyr saturation
W20250111 18:54:09.632282 10898 ImuError.cpp:368] gyr saturation
W20250111 18:54:09.632295 10898 ImuError.cpp:368] gyr saturation
W20250111 18:54:09.632306 10898 ImuError.cpp:368] gyr saturation
W20250111 18:54:09.632319 10898 ImuError.cpp:368] gyr saturation
W20250111 18:54:09.632331 10898 ImuError.cpp:368] gyr saturation
W20250111 18:54:09.632342 10898 ImuError.cpp:368] gyr saturation
W20250111 18:54:09.632355 10898 ImuError.cpp:368] gyr saturation
W20250111 18:54:09.632366 10898 ImuError.cpp:368] gyr saturation
W20250111 18:54:09.640789 10883 ImuError.cpp:650] gyr saturation
W20250111 18:54:09.640861 10883 ImuError.cpp:650] gyr saturation
W20250111 18:54:09.640872 10883 ImuError.cpp:650] gyr saturation
W20250111 18:54:09.640878 10883 ImuError.cpp:650] gyr saturation
W20250111 18:54:09.640883 10883 ImuError.cpp:650] gyr saturation
W20250111 18:54:09.640888 10883 ImuError.cpp:650] gyr saturation
W20250111 18:54:09.640894 10883 ImuError.cpp:650] gyr saturation
W20250111 18:54:09.640900 10883 ImuError.cpp:650] gyr saturation
W20250111 18:54:09.640906 10883 ImuError.cpp:650] gyr saturation
W20250111 18:54:09.640913 10883 ImuError.cpp:650] gyr saturation
W20250111 18:54:09.640918 10883 ImuError.cpp:650] gyr saturation
W20250111 18:54:09.640924 10883 ImuError.cpp:650] gyr saturation
W20250111 18:54:09.640930 10883 ImuError.cpp:650] gyr saturation
W20250111 18:54:09.640935 10883 ImuError.cpp:650] gyr saturation
W20250111 18:54:09.640940 10883 ImuError.cpp:650] gyr saturation
W20250111 18:54:09.640946 10883 ImuError.cpp:650] gyr saturation
W20250111 18:54:09.640951 10883 ImuError.cpp:650] gyr saturation
W20250111 18:54:09.640959 10883 ImuError.cpp:650] gyr saturation
W20250111 18:54:09.640964 10883 ImuError.cpp:650] gyr saturation
W20250111 18:54:09.640969 10883 ImuError.cpp:650] gyr saturation
W20250111 18:54:09.640975 10883 ImuError.cpp:650] gyr saturation
W20250111 18:54:09.640980 10883 ImuError.cpp:650] gyr saturation
W20250111 18:54:09.640986 10883 ImuError.cpp:650] gyr saturation
W20250111 18:54:09.640991 10883 ImuError.cpp:650] gyr saturation
W20250111 18:54:09.640998 10883 ImuError.cpp:650] gyr saturation
W20250111 18:54:09.641005 10883 ImuError.cpp:650] gyr saturation
W20250111 18:54:09.641009 10883 ImuError.cpp:650] gyr saturation
W20250111 18:54:09.641014 10883 ImuError.cpp:650] gyr saturation
W20250111 18:54:09.641021 10883 ImuError.cpp:650] gyr saturation
W20250111 18:54:09.641026 10883 ImuError.cpp:650] gyr saturation
W20250111 18:54:09.641031 10883 ImuError.cpp:650] gyr saturation
W20250111 18:54:09.641037 10883 ImuError.cpp:650] gyr saturation
W20250111 18:54:09.641043 10883 ImuError.cpp:650] gyr saturation
W20250111 18:54:09.641049 10883 ImuError.cpp:650] gyr saturation
W20250111 18:54:09.641055 10883 ImuError.cpp:650] gyr saturation
W20250111 18:54:09.641062 10883 ImuError.cpp:650] gyr saturation
W20250111 18:54:09.641068 10883 ImuError.cpp:650] gyr saturation
W20250111 18:54:09.641075 10883 ImuError.cpp:650] gyr saturation
W20250111 18:54:09.641081 10883 ImuError.cpp:650] gyr saturation
W20250111 18:54:09.641088 10883 ImuError.cpp:650] gyr saturation
W20250111 18:54:09.641094 10883 ImuError.cpp:650] gyr saturation
W20250111 18:54:09.641100 10883 ImuError.cpp:650] gyr saturation
W20250111 18:54:09.641108 10883 ImuError.cpp:650] gyr saturation
W20250111 18:54:09.641113 10883 ImuError.cpp:650] gyr saturation
W20250111 18:54:09.641119 10883 ImuError.cpp:650] gyr saturation
W20250111 18:54:09.641125 10883 ImuError.cpp:650] gyr saturation
W20250111 18:54:09.641132 10883 ImuError.cpp:650] gyr saturation
W20250111 18:54:09.641157 10883 ImuError.cpp:650] gyr saturation
W20250111 18:54:09.641168 10883 ImuError.cpp:650] gyr saturation
W20250111 18:54:09.641175 10883 ImuError.cpp:650] gyr saturation
W20250111 18:54:09.641180 10883 ImuError.cpp:650] gyr saturation
W20250111 18:54:09.641185 10883 ImuError.cpp:650] gyr saturation
W20250111 18:54:09.641191 10883 ImuError.cpp:650] gyr saturation
W20250111 18:54:09.641196 10883 ImuError.cpp:650] gyr saturation
W20250111 18:54:09.641202 10883 ImuError.cpp:650] gyr saturation
W20250111 18:54:09.658202 309463 ImuError.cpp:165] gyr saturation
W20250111 18:54:09.658286 309463 ImuError.cpp:165] gyr saturation
W20250111 18:54:09.658303 309463 ImuError.cpp:165] gyr saturation
W20250111 18:54:09.658314 309463 ImuError.cpp:165] gyr saturation
W20250111 18:54:09.658326 309463 ImuError.cpp:165] gyr saturation
W20250111 18:54:09.658337 309463 ImuError.cpp:165] gyr saturation
W20250111 18:54:09.658349 309463 ImuError.cpp:165] gyr saturation
W20250111 18:54:09.658360 309463 ImuError.cpp:165] gyr saturation
W20250111 18:54:09.658370 309463 ImuError.cpp:165] gyr saturation
W20250111 18:54:09.658381 309463 ImuError.cpp:165] gyr saturation
W20250111 18:54:09.658392 309463 ImuError.cpp:165] gyr saturation
W20250111 18:54:09.658402 309463 ImuError.cpp:165] gyr saturation
W20250111 18:54:09.658413 309463 ImuError.cpp:165] gyr saturation
W20250111 18:54:09.658424 309463 ImuError.cpp:165] gyr saturation
W20250111 18:54:09.658435 309463 ImuError.cpp:165] gyr saturation
W20250111 18:54:09.658445 309463 ImuError.cpp:165] gyr saturation
W20250111 18:54:09.658456 309463 ImuError.cpp:165] gyr saturation
W20250111 18:54:09.658468 309463 ImuError.cpp:165] gyr saturation
W20250111 18:54:09.658478 309463 ImuError.cpp:165] gyr saturation
W20250111 18:54:09.658488 309463 ImuError.cpp:165] gyr saturation
W20250111 18:54:09.658499 309463 ImuError.cpp:165] gyr saturation
W20250111 18:54:09.658509 309463 ImuError.cpp:165] gyr saturation
W20250111 18:54:09.658520 309463 ImuError.cpp:165] gyr saturation
W20250111 18:54:09.658531 309463 ImuError.cpp:165] gyr saturation
W20250111 18:54:09.658541 309463 ImuError.cpp:165] gyr saturation
W20250111 18:54:09.658552 309463 ImuError.cpp:165] gyr saturation
W20250111 18:54:09.658562 309463 ImuError.cpp:165] gyr saturation
W20250111 18:54:09.658573 309463 ImuError.cpp:165] gyr saturation
W20250111 18:54:09.658583 309463 ImuError.cpp:165] gyr saturation
W20250111 18:54:09.658594 309463 ImuError.cpp:165] gyr saturation
W20250111 18:54:09.658605 309463 ImuError.cpp:165] gyr saturation
W20250111 18:54:09.658615 309463 ImuError.cpp:165] gyr saturation
W20250111 18:54:09.658627 309463 ImuError.cpp:165] gyr saturation
W20250111 18:54:09.658636 309463 ImuError.cpp:165] gyr saturation
W20250111 18:54:09.658648 309463 ImuError.cpp:165] gyr saturation
W20250111 18:54:09.658876 309463 ImuError.cpp:165] gyr saturation
W20250111 18:54:09.658891 309463 ImuError.cpp:165] gyr saturation
W20250111 18:54:09.658902 309463 ImuError.cpp:165] gyr saturation
W20250111 18:54:09.658913 309463 ImuError.cpp:165] gyr saturation
W20250111 18:54:09.658924 309463 ImuError.cpp:165] gyr saturation
W20250111 18:54:09.658934 309463 ImuError.cpp:165] gyr saturation
W20250111 18:54:09.658946 309463 ImuError.cpp:165] gyr saturation
W20250111 18:54:09.658957 309463 ImuError.cpp:165] gyr saturation
W20250111 18:54:09.658967 309463 ImuError.cpp:165] gyr saturation
W20250111 18:54:09.658978 309463 ImuError.cpp:165] gyr saturation
W20250111 18:54:09.658989 309463 ImuError.cpp:165] gyr saturation
W20250111 18:54:09.658999 309463 ImuError.cpp:165] gyr saturation
W20250111 18:54:09.659010 309463 ImuError.cpp:165] gyr saturation
W20250111 18:54:09.659021 309463 ImuError.cpp:165] gyr saturation
W20250111 18:54:09.659031 309463 ImuError.cpp:165] gyr saturation
W20250111 18:54:09.659042 309463 ImuError.cpp:165] gyr saturation
W20250111 18:54:09.659052 309463 ImuError.cpp:165] gyr saturation
W20250111 18:54:09.659063 309463 ImuError.cpp:165] gyr saturation
W20250111 18:54:09.659075 309463 ImuError.cpp:165] gyr saturation
W20250111 18:54:09.659092 309463 ImuError.cpp:165] gyr saturation
W20250111 18:54:09.659103 309463 ImuError.cpp:165] gyr saturation
W20250111 18:54:09.659116 309463 ImuError.cpp:165] gyr saturation
W20250111 18:54:09.659125 309463 ImuError.cpp:165] gyr saturation
W20250111 18:54:09.659137 309463 ImuError.cpp:165] gyr saturation
W20250111 18:54:09.659147 309463 ImuError.cpp:165] gyr saturation
W20250111 18:54:09.659157 309463 ImuError.cpp:165] gyr saturation
W20250111 18:54:09.659168 309463 ImuError.cpp:165] gyr saturation
W20250111 18:54:09.659178 309463 ImuError.cpp:165] gyr saturation
W20250111 18:54:09.659190 309463 ImuError.cpp:165] gyr saturation
W20250111 18:54:09.659201 309463 ImuError.cpp:165] gyr saturation
W20250111 18:54:09.659212 309463 ImuError.cpp:165] gyr saturation
W20250111 18:54:09.659222 309463 ImuError.cpp:165] gyr saturation
W20250111 18:54:09.659233 309463 ImuError.cpp:165] gyr saturation
W20250111 18:54:09.659245 309463 ImuError.cpp:165] gyr saturation
W20250111 18:54:09.659255 309463 ImuError.cpp:165] gyr saturation
W20250111 18:54:09.660166 10883 ImuError.cpp:650] gyr saturation
W20250111 18:54:09.660188 10883 ImuError.cpp:650] gyr saturation
W20250111 18:54:09.660197 10883 ImuError.cpp:650] gyr saturation
W20250111 18:54:09.660202 10883 ImuError.cpp:650] gyr saturation
W20250111 18:54:09.660208 10883 ImuError.cpp:650] gyr saturation
W20250111 18:54:09.660213 10883 ImuError.cpp:650] gyr saturation
W20250111 18:54:09.660219 10883 ImuError.cpp:650] gyr saturation
W20250111 18:54:09.660225 10883 ImuError.cpp:650] gyr saturation
W20250111 18:54:09.660233 10883 ImuError.cpp:650] gyr saturation
W20250111 18:54:09.660238 10883 ImuError.cpp:650] gyr saturation
W20250111 18:54:09.660243 10883 ImuError.cpp:650] gyr saturation
W20250111 18:54:09.660248 10883 ImuError.cpp:650] gyr saturation
W20250111 18:54:09.660254 10883 ImuError.cpp:650] gyr saturation
W20250111 18:54:09.660259 10883 ImuError.cpp:650] gyr saturation
W20250111 18:54:09.660264 10883 ImuError.cpp:650] gyr saturation
W20250111 18:54:09.660270 10883 ImuError.cpp:650] gyr saturation
W20250111 18:54:09.660275 10883 ImuError.cpp:650] gyr saturation
W20250111 18:54:09.660280 10883 ImuError.cpp:650] gyr saturation
W20250111 18:54:09.660285 10883 ImuError.cpp:650] gyr saturation
W20250111 18:54:09.660291 10883 ImuError.cpp:650] gyr saturation
W20250111 18:54:09.660296 10883 ImuError.cpp:650] gyr saturation
W20250111 18:54:09.660391 10883 ImuError.cpp:650] gyr saturation
W20250111 18:54:09.660399 10883 ImuError.cpp:650] gyr saturation
W20250111 18:54:09.660404 10883 ImuError.cpp:650] gyr saturation
W20250111 18:54:09.660410 10883 ImuError.cpp:650] gyr saturation
W20250111 18:54:09.660416 10883 ImuError.cpp:650] gyr saturation
W20250111 18:54:09.660423 10883 ImuError.cpp:650] gyr saturation
W20250111 18:54:09.660427 10883 ImuError.cpp:650] gyr saturation
W20250111 18:54:09.660432 10883 ImuError.cpp:650] gyr saturation
W20250111 18:54:09.660437 10883 ImuError.cpp:650] gyr saturation
W20250111 18:54:09.660442 10883 ImuError.cpp:650] gyr saturation
W20250111 18:54:09.660449 10883 ImuError.cpp:650] gyr saturation
W20250111 18:54:09.660454 10883 ImuError.cpp:650] gyr saturation
W20250111 18:54:09.660458 10883 ImuError.cpp:650] gyr saturation
W20250111 18:54:09.660463 10883 ImuError.cpp:650] gyr saturation
W20250111 18:54:09.660470 10883 ImuError.cpp:650] gyr saturation
W20250111 18:54:09.660475 10883 ImuError.cpp:650] gyr saturation
W20250111 18:54:09.660480 10883 ImuError.cpp:650] gyr saturation
W20250111 18:54:09.660486 10883 ImuError.cpp:650] gyr saturation
W20250111 18:54:09.660491 10883 ImuError.cpp:650] gyr saturation
W20250111 18:54:09.660497 10883 ImuError.cpp:650] gyr saturation
W20250111 18:54:09.660502 10883 ImuError.cpp:650] gyr saturation
W20250111 18:54:09.665800 10883 ImuError.cpp:368] gyr saturation
W20250111 18:54:09.665892 10883 ImuError.cpp:368] gyr saturation
W20250111 18:54:09.665904 10883 ImuError.cpp:368] gyr saturation
W20250111 18:54:09.665915 10883 ImuError.cpp:368] gyr saturation
W20250111 18:54:09.665925 10883 ImuError.cpp:368] gyr saturation
W20250111 18:54:09.665951 10883 ImuError.cpp:368] gyr saturation
W20250111 18:54:09.665963 10883 ImuError.cpp:368] gyr saturation
W20250111 18:54:09.665974 10883 ImuError.cpp:368] gyr saturation
W20250111 18:54:09.665985 10883 ImuError.cpp:368] gyr saturation
W20250111 18:54:09.665995 10883 ImuError.cpp:368] gyr saturation
W20250111 18:54:09.666006 10883 ImuError.cpp:368] gyr saturation
W20250111 18:54:09.666016 10883 ImuError.cpp:368] gyr saturation
W20250111 18:54:09.666028 10883 ImuError.cpp:368] gyr saturation
W20250111 18:54:09.666038 10883 ImuError.cpp:368] gyr saturation
W20250111 18:54:09.666050 10883 ImuError.cpp:368] gyr saturation
W20250111 18:54:09.666060 10883 ImuError.cpp:368] gyr saturation
W20250111 18:54:09.666071 10883 ImuError.cpp:368] gyr saturation
W20250111 18:54:09.666082 10883 ImuError.cpp:368] gyr saturation
W20250111 18:54:09.666093 10883 ImuError.cpp:368] gyr saturation
W20250111 18:54:09.666105 10883 ImuError.cpp:368] gyr saturation
W20250111 18:54:09.666114 10883 ImuError.cpp:368] gyr saturation
W20250111 18:54:09.673930 10883 ImuError.cpp:650] gyr saturation
W20250111 18:54:09.673996 10883 ImuError.cpp:650] gyr saturation
W20250111 18:54:09.674003 10883 ImuError.cpp:650] gyr saturation
W20250111 18:54:09.674008 10883 ImuError.cpp:650] gyr saturation
W20250111 18:54:09.674014 10883 ImuError.cpp:650] gyr saturation
W20250111 18:54:09.674021 10883 ImuError.cpp:650] gyr saturation
W20250111 18:54:09.674024 10883 ImuError.cpp:650] gyr saturation
W20250111 18:54:09.674029 10883 ImuError.cpp:650] gyr saturation
W20250111 18:54:09.674036 10883 ImuError.cpp:650] gyr saturation
W20250111 18:54:09.674041 10883 ImuError.cpp:650] gyr saturation
W20250111 18:54:09.674046 10883 ImuError.cpp:650] gyr saturation
W20250111 18:54:09.674052 10883 ImuError.cpp:650] gyr saturation
W20250111 18:54:09.674057 10883 ImuError.cpp:650] gyr saturation
W20250111 18:54:09.674063 10883 ImuError.cpp:650] gyr saturation
W20250111 18:54:09.674068 10883 ImuError.cpp:650] gyr saturation
W20250111 18:54:09.674074 10883 ImuError.cpp:650] gyr saturation
W20250111 18:54:09.674080 10883 ImuError.cpp:650] gyr saturation
W20250111 18:54:09.674085 10883 ImuError.cpp:650] gyr saturation
W20250111 18:54:09.674090 10883 ImuError.cpp:650] gyr saturation
W20250111 18:54:09.674095 10883 ImuError.cpp:650] gyr saturation
W20250111 18:54:09.674101 10883 ImuError.cpp:650] gyr saturation
W20250111 18:54:09.725937 309659 ImuError.cpp:165] gyr saturation
W20250111 18:54:09.725993 309659 ImuError.cpp:165] gyr saturation
W20250111 18:54:09.726004 309659 ImuError.cpp:165] gyr saturation
W20250111 18:54:09.726012 309659 ImuError.cpp:165] gyr saturation
W20250111 18:54:09.726020 309659 ImuError.cpp:165] gyr saturation
W20250111 18:54:09.726029 309659 ImuError.cpp:165] gyr saturation
W20250111 18:54:09.726037 309659 ImuError.cpp:165] gyr saturation
W20250111 18:54:09.726045 309659 ImuError.cpp:165] gyr saturation
W20250111 18:54:09.726053 309659 ImuError.cpp:165] gyr saturation
W20250111 18:54:09.726061 309659 ImuError.cpp:165] gyr saturation
W20250111 18:54:09.726073 309659 ImuError.cpp:165] gyr saturation
W20250111 18:54:09.726081 309659 ImuError.cpp:165] gyr saturation
W20250111 18:54:09.726091 309659 ImuError.cpp:165] gyr saturation
W20250111 18:54:09.726099 309659 ImuError.cpp:165] gyr saturation
W20250111 18:54:09.726106 309659 ImuError.cpp:165] gyr saturation
W20250111 18:54:09.726114 309659 ImuError.cpp:165] gyr saturation
W20250111 18:54:09.726122 309659 ImuError.cpp:165] gyr saturation
W20250111 18:54:09.726130 309659 ImuError.cpp:165] gyr saturation
W20250111 18:54:09.726138 309659 ImuError.cpp:165] gyr saturation
W20250111 18:54:09.726146 309659 ImuError.cpp:165] gyr saturation
W20250111 18:54:09.726153 309659 ImuError.cpp:165] gyr saturation
W20250111 18:54:09.726161 309659 ImuError.cpp:165] gyr saturation
W20250111 18:54:09.726168 309659 ImuError.cpp:165] gyr saturation
W20250111 18:54:09.726176 309659 ImuError.cpp:165] gyr saturation
W20250111 18:54:09.726182 309659 ImuError.cpp:165] gyr saturation
W20250111 18:54:09.726189 309659 ImuError.cpp:165] gyr saturation
W20250111 18:54:09.726207 309659 ImuError.cpp:165] gyr saturation
W20250111 18:54:09.726215 309659 ImuError.cpp:165] gyr saturation
W20250111 18:54:09.726222 309659 ImuError.cpp:165] gyr saturation
W20250111 18:54:09.726229 309659 ImuError.cpp:165] gyr saturation
W20250111 18:54:09.726238 309659 ImuError.cpp:165] gyr saturation
W20250111 18:54:09.726244 309659 ImuError.cpp:165] gyr saturation
W20250111 18:54:09.726251 309659 ImuError.cpp:165] gyr saturation
W20250111 18:54:09.726259 309659 ImuError.cpp:165] gyr saturation
W20250111 18:54:09.726266 309659 ImuError.cpp:165] gyr saturation
W20250111 18:54:09.726437 309659 ImuError.cpp:165] gyr saturation
W20250111 18:54:09.726449 309659 ImuError.cpp:165] gyr saturation
W20250111 18:54:09.726456 309659 ImuError.cpp:165] gyr saturation
W20250111 18:54:09.726464 309659 ImuError.cpp:165] gyr saturation
W20250111 18:54:09.726470 309659 ImuError.cpp:165] gyr saturation
W20250111 18:54:09.726478 309659 ImuError.cpp:165] gyr saturation
W20250111 18:54:09.726485 309659 ImuError.cpp:165] gyr saturation
W20250111 18:54:09.726492 309659 ImuError.cpp:165] gyr saturation
W20250111 18:54:09.726500 309659 ImuError.cpp:165] gyr saturation
W20250111 18:54:09.726507 309659 ImuError.cpp:165] gyr saturation
W20250111 18:54:09.726514 309659 ImuError.cpp:165] gyr saturation
W20250111 18:54:09.726522 309659 ImuError.cpp:165] gyr saturation
W20250111 18:54:09.726529 309659 ImuError.cpp:165] gyr saturation
W20250111 18:54:09.726536 309659 ImuError.cpp:165] gyr saturation
W20250111 18:54:09.726544 309659 ImuError.cpp:165] gyr saturation
W20250111 18:54:09.726552 309659 ImuError.cpp:165] gyr saturation
W20250111 18:54:09.726558 309659 ImuError.cpp:165] gyr saturation
W20250111 18:54:09.726565 309659 ImuError.cpp:165] gyr saturation
W20250111 18:54:09.726573 309659 ImuError.cpp:165] gyr saturation
W20250111 18:54:09.726580 309659 ImuError.cpp:165] gyr saturation
W20250111 18:54:09.726588 309659 ImuError.cpp:165] gyr saturation
W20250111 18:54:09.726595 309659 ImuError.cpp:165] gyr saturation
W20250111 18:54:09.726603 309659 ImuError.cpp:165] gyr saturation
W20250111 18:54:09.726609 309659 ImuError.cpp:165] gyr saturation
W20250111 18:54:09.726616 309659 ImuError.cpp:165] gyr saturation
W20250111 18:54:09.726624 309659 ImuError.cpp:165] gyr saturation
W20250111 18:54:09.726631 309659 ImuError.cpp:165] gyr saturation
W20250111 18:54:09.726639 309659 ImuError.cpp:165] gyr saturation
W20250111 18:54:09.726645 309659 ImuError.cpp:165] gyr saturation
W20250111 18:54:09.726652 309659 ImuError.cpp:165] gyr saturation
W20250111 18:54:09.726660 309659 ImuError.cpp:165] gyr saturation
W20250111 18:54:09.726666 309659 ImuError.cpp:165] gyr saturation
W20250111 18:54:09.726675 309659 ImuError.cpp:165] gyr saturation
W20250111 18:54:09.726681 309659 ImuError.cpp:165] gyr saturation
W20250111 18:54:09.726688 309659 ImuError.cpp:165] gyr saturation
W20250111 18:54:09.763370 309765 ImuError.cpp:165] gyr saturation
W20250111 18:54:09.763447 309765 ImuError.cpp:165] gyr saturation
W20250111 18:54:09.763460 309765 ImuError.cpp:165] gyr saturation
W20250111 18:54:09.763474 309765 ImuError.cpp:165] gyr saturation
W20250111 18:54:09.763485 309765 ImuError.cpp:165] gyr saturation
W20250111 18:54:09.763495 309765 ImuError.cpp:165] gyr saturation
W20250111 18:54:09.763506 309765 ImuError.cpp:165] gyr saturation
W20250111 18:54:09.763518 309765 ImuError.cpp:165] gyr saturation
W20250111 18:54:09.763530 309765 ImuError.cpp:165] gyr saturation
W20250111 18:54:09.763540 309765 ImuError.cpp:165] gyr saturation
W20250111 18:54:09.763551 309765 ImuError.cpp:165] gyr saturation
W20250111 18:54:09.763562 309765 ImuError.cpp:165] gyr saturation
W20250111 18:54:09.763572 309765 ImuError.cpp:165] gyr saturation
W20250111 18:54:09.763583 309765 ImuError.cpp:165] gyr saturation
W20250111 18:54:09.763594 309765 ImuError.cpp:165] gyr saturation
W20250111 18:54:09.763605 309765 ImuError.cpp:165] gyr saturation
W20250111 18:54:09.763617 309765 ImuError.cpp:165] gyr saturation
W20250111 18:54:09.763626 309765 ImuError.cpp:165] gyr saturation
W20250111 18:54:09.763650 309765 ImuError.cpp:165] gyr saturation
W20250111 18:54:09.763662 309765 ImuError.cpp:165] gyr saturation
W20250111 18:54:09.763674 309765 ImuError.cpp:165] gyr saturation
W20250111 18:54:09.763990 309765 ImuError.cpp:165] gyr saturation
W20250111 18:54:09.764010 309765 ImuError.cpp:165] gyr saturation
W20250111 18:54:09.764022 309765 ImuError.cpp:165] gyr saturation
W20250111 18:54:09.764032 309765 ImuError.cpp:165] gyr saturation
W20250111 18:54:09.764043 309765 ImuError.cpp:165] gyr saturation
W20250111 18:54:09.764055 309765 ImuError.cpp:165] gyr saturation
W20250111 18:54:09.764068 309765 ImuError.cpp:165] gyr saturation
W20250111 18:54:09.764081 309765 ImuError.cpp:165] gyr saturation
W20250111 18:54:09.764091 309765 ImuError.cpp:165] gyr saturation
W20250111 18:54:09.764101 309765 ImuError.cpp:165] gyr saturation
W20250111 18:54:09.764112 309765 ImuError.cpp:165] gyr saturation
W20250111 18:54:09.764123 309765 ImuError.cpp:165] gyr saturation
W20250111 18:54:09.764133 309765 ImuError.cpp:165] gyr saturation
W20250111 18:54:09.764144 309765 ImuError.cpp:165] gyr saturation
W20250111 18:54:09.764154 309765 ImuError.cpp:165] gyr saturation
W20250111 18:54:09.764165 309765 ImuError.cpp:165] gyr saturation
W20250111 18:54:09.764176 309765 ImuError.cpp:165] gyr saturation
W20250111 18:54:09.764186 309765 ImuError.cpp:165] gyr saturation
W20250111 18:54:09.764197 309765 ImuError.cpp:165] gyr saturation
W20250111 18:54:09.764207 309765 ImuError.cpp:165] gyr saturation
W20250111 18:54:09.764218 309765 ImuError.cpp:165] gyr saturation
I20250111 18:54:09.804096 10883 Frontend.cpp:2274] RANSAC FAIL: 14 inliers, ratio = 0.7
I20250111 18:54:09.880317 10883 okvis_app_synchronous.cpp:210] OKVIS Timing
-----------
1 DetectAndDescribe                	   4754	00:00:09.023719	(00:00:00.001898 +- 00:00:00.000376)	[00:00:00.000945,00:00:00.005821]
2 Match                            	   4754	00:00:35.533649	(00:00:00.007474 +- 00:00:00.003790)	[00:00:00.000203,00:00:00.021502]
2.01 match to map                  	   4753	00:00:26.793715	(00:00:00.005637 +- 00:00:00.003379)	[00:00:00.000053,00:00:00.018319]
2.02 match motion stereo           	   4753	00:00:06.171251	(00:00:00.001298 +- 00:00:00.000442)	[00:00:00.000063,00:00:00.005115]
2.02.1 match motion stereo: prepare	   4753	00:00:01.418979	(00:00:00.000299 +- 00:00:00.000116)	[00:00:00.000001,00:00:00.000884]
2.10 match stereo                  	   1370	00:00:00.051529	(00:00:00.000038 +- 00:00:00.000043)	[00:00:00.000001,00:00:00.000461]
3 Optimise                         	   4753	00:01:23.410268	(00:00:00.017549 +- 00:00:00.010560)	[00:00:00.001047,00:00:00.082143]
4 Prepare publishing               	   4753	00:00:04.206791	(00:00:00.000885 +- 00:00:00.000359)	[00:00:00.000054,00:00:00.002789]
6 Visualising                      	   4753	00:00:00.001112	(00:00:00.000000 +- 00:00:00.000000)	[00:00:00.000000,00:00:00.000009]
7 Marginalise                      	   4753	00:00:09.169758	(00:00:00.001929 +- 00:00:00.000994)	[00:00:00.000007,00:00:00.012180]
7.1 check/handle lost              	   4753	00:00:00.145104	(00:00:00.000031 +- 00:00:00.000018)	[00:00:00.000000,00:00:00.000197]
7.2 eliminate IMU frames           	   4753	00:00:03.872928	(00:00:00.000815 +- 00:00:00.000612)	[00:00:00.000000,00:00:00.002763]
7.3 convert to posegraph           	   1677	00:00:01.574350	(00:00:00.000939 +- 00:00:00.000714)	[00:00:00.000094,00:00:00.006921]
7.4 freezing                       	   4752	00:00:00.005936	(00:00:00.000001 +- 00:00:00.000002)	[00:00:00.000000,00:00:00.000035]
7.6 expand                         	   4665	00:00:01.157103	(00:00:00.000248 +- 00:00:00.000202)	[00:00:00.000031,00:00:00.004516]
7.7 prune place recognition frames 	   4752	00:00:01.171447	(00:00:00.000247 +- 00:00:00.000141)	[00:00:00.000002,00:00:00.001783]
I20250111 18:54:09.880398 10883 okvis_app_synchronous.cpp:219] Progress: 88% (1 [1%/s], ETA: 12s)
I20250111 18:54:09.916819 10883 Frontend.cpp:2274] RANSAC FAIL: 9 inliers, ratio = 0.818182
W20250111 18:54:09.964197 10883 Frontend.cpp:612] 3d2d tracking weak: quality=0. Number of 3d2d-matches: 4
W20250111 18:54:09.974329 310391 ViSlamBackend.cpp:466] TRACKING FAILURE: quality=0
W20250111 18:54:09.976087 10883 Frontend.cpp:615] 3d2d tracking lost. Number of 3d2d-matches: 2
W20250111 18:54:09.986295 310457 ViSlamBackend.cpp:466] TRACKING FAILURE: quality=0
W20250111 18:54:09.988143 10883 Frontend.cpp:615] 3d2d tracking lost. Number of 3d2d-matches: 1
W20250111 18:54:10.009788 10883 Frontend.cpp:612] 3d2d tracking weak: quality=0. Number of 3d2d-matches: 5
W20250111 18:54:10.020800 310541 ViSlamBackend.cpp:466] TRACKING FAILURE: quality=0
W20250111 18:54:10.197628 10883 Frontend.cpp:612] 3d2d tracking weak: quality=0. Number of 3d2d-matches: 9
W20250111 18:54:10.247068 10883 Frontend.cpp:612] 3d2d tracking weak: quality=0. Number of 3d2d-matches: 6
I20250111 18:54:10.284888 10883 Frontend.cpp:2274] RANSAC FAIL: 14 inliers, ratio = 0.7
I20250111 18:54:10.809520 10883 Frontend.cpp:2274] RANSAC FAIL: 26 inliers, ratio = 0.684211
I20250111 18:54:10.903441 10883 Frontend.cpp:2274] RANSAC FAIL: 7 inliers, ratio = 0.7
W20250111 18:54:10.931872 10883 Frontend.cpp:615] 3d2d tracking lost. Number of 3d2d-matches: 2
W20250111 18:54:10.948807 312949 ViSlamBackend.cpp:466] TRACKING FAILURE: quality=0
W20250111 18:54:10.951014 10883 Frontend.cpp:615] 3d2d tracking lost. Number of 3d2d-matches: 0
W20250111 18:54:10.961700 313007 ViSlamBackend.cpp:466] TRACKING FAILURE: quality=0
W20250111 18:54:10.963842 10883 Frontend.cpp:615] 3d2d tracking lost. Number of 3d2d-matches: 0
W20250111 18:54:10.978699 313025 ViSlamBackend.cpp:466] TRACKING FAILURE: quality=0
W20250111 18:54:10.980468 10883 Frontend.cpp:615] 3d2d tracking lost. Number of 3d2d-matches: 0
W20250111 18:54:10.995254 313035 ViSlamBackend.cpp:466] TRACKING FAILURE: quality=0
W20250111 18:54:10.996942 10883 Frontend.cpp:615] 3d2d tracking lost. Number of 3d2d-matches: 0
W20250111 18:54:11.010092 313053 ViSlamBackend.cpp:466] TRACKING FAILURE: quality=0
W20250111 18:54:11.011763 10883 Frontend.cpp:615] 3d2d tracking lost. Number of 3d2d-matches: 0
W20250111 18:54:11.023308 313071 ViSlamBackend.cpp:466] TRACKING FAILURE: quality=0
W20250111 18:54:11.024896 10883 Frontend.cpp:615] 3d2d tracking lost. Number of 3d2d-matches: 0
W20250111 18:54:11.044209 313089 ViSlamBackend.cpp:466] TRACKING FAILURE: quality=0
W20250111 18:54:11.046286 10883 Frontend.cpp:615] 3d2d tracking lost. Number of 3d2d-matches: 1
I20250111 18:54:11.161108 10883 okvis_app_synchronous.cpp:210] OKVIS Timing
-----------
1 DetectAndDescribe                	   4808	00:00:09.108192	(00:00:00.001894 +- 00:00:00.000377)	[00:00:00.000945,00:00:00.005821]
2 Match                            	   4808	00:00:36.096911	(00:00:00.007508 +- 00:00:00.003815)	[00:00:00.000203,00:00:00.021502]
2.01 match to map                  	   4807	00:00:27.281600	(00:00:00.005675 +- 00:00:00.003411)	[00:00:00.000053,00:00:00.018319]
2.02 match motion stereo           	   4807	00:00:06.228371	(00:00:00.001296 +- 00:00:00.000442)	[00:00:00.000063,00:00:00.005115]
2.02.1 match motion stereo: prepare	   4807	00:00:01.428218	(00:00:00.000297 +- 00:00:00.000117)	[00:00:00.000001,00:00:00.000884]
2.10 match stereo                  	   1391	00:00:00.051755	(00:00:00.000037 +- 00:00:00.000042)	[00:00:00.000001,00:00:00.000461]
3 Optimise                         	   4807	00:01:24.042951	(00:00:00.017483 +- 00:00:00.010524)	[00:00:00.001047,00:00:00.082143]
4 Prepare publishing               	   4807	00:00:04.231447	(00:00:00.000880 +- 00:00:00.000360)	[00:00:00.000054,00:00:00.002789]
6 Visualising                      	   4807	00:00:00.001123	(00:00:00.000000 +- 00:00:00.000000)	[00:00:00.000000,00:00:00.000009]
7 Marginalise                      	   4807	00:00:09.223189	(00:00:00.001919 +- 00:00:00.000994)	[00:00:00.000007,00:00:00.012180]
7.1 check/handle lost              	   4807	00:00:00.146356	(00:00:00.000030 +- 00:00:00.000018)	[00:00:00.000000,00:00:00.000197]
7.2 eliminate IMU frames           	   4807	00:00:03.894516	(00:00:00.000810 +- 00:00:00.000611)	[00:00:00.000000,00:00:00.002763]
7.3 convert to posegraph           	   1710	00:00:01.587382	(00:00:00.000928 +- 00:00:00.000711)	[00:00:00.000094,00:00:00.006921]
7.4 freezing                       	   4806	00:00:00.006031	(00:00:00.000001 +- 00:00:00.000002)	[00:00:00.000000,00:00:00.000035]
7.6 expand                         	   4719	00:00:01.163473	(00:00:00.000247 +- 00:00:00.000201)	[00:00:00.000031,00:00:00.004516]
7.7 prune place recognition frames 	   4806	00:00:01.176374	(00:00:00.000245 +- 00:00:00.000141)	[00:00:00.000002,00:00:00.001783]
I20250111 18:54:11.161254 10883 okvis_app_synchronous.cpp:219] Progress: 89% (1 [1%/s], ETA: 11s)
I20250111 18:54:12.884814 10883 okvis_app_synchronous.cpp:210] OKVIS Timing
-----------
1 DetectAndDescribe                	   4862	00:00:09.227647	(00:00:00.001898 +- 00:00:00.000376)	[00:00:00.000945,00:00:00.005821]
2 Match                            	   4862	00:00:36.965434	(00:00:00.007603 +- 00:00:00.003900)	[00:00:00.000203,00:00:00.021502]
2.01 match to map                  	   4861	00:00:28.044526	(00:00:00.005769 +- 00:00:00.003507)	[00:00:00.000053,00:00:00.018319]
2.02 match motion stereo           	   4861	00:00:06.302408	(00:00:00.001297 +- 00:00:00.000441)	[00:00:00.000063,00:00:00.005115]
2.02.1 match motion stereo: prepare	   4861	00:00:01.445677	(00:00:00.000297 +- 00:00:00.000116)	[00:00:00.000001,00:00:00.000884]
2.10 match stereo                  	   1397	00:00:00.051962	(00:00:00.000037 +- 00:00:00.000042)	[00:00:00.000001,00:00:00.000461]
3 Optimise                         	   4861	00:01:24.756231	(00:00:00.017436 +- 00:00:00.010477)	[00:00:00.001047,00:00:00.082143]
4 Prepare publishing               	   4861	00:00:04.270685	(00:00:00.000879 +- 00:00:00.000359)	[00:00:00.000054,00:00:00.002789]
6 Visualising                      	   4861	00:00:00.001129	(00:00:00.000000 +- 00:00:00.000000)	[00:00:00.000000,00:00:00.000009]
7 Marginalise                      	   4861	00:00:09.319170	(00:00:00.001917 +- 00:00:00.000993)	[00:00:00.000007,00:00:00.012180]
7.1 check/handle lost              	   4861	00:00:00.147852	(00:00:00.000030 +- 00:00:00.000018)	[00:00:00.000000,00:00:00.000197]
7.2 eliminate IMU frames           	   4861	00:00:03.939563	(00:00:00.000810 +- 00:00:00.000609)	[00:00:00.000000,00:00:00.002763]
7.3 convert to posegraph           	   1724	00:00:01.600304	(00:00:00.000928 +- 00:00:00.000710)	[00:00:00.000094,00:00:00.006921]
7.4 freezing                       	   4860	00:00:00.006072	(00:00:00.000001 +- 00:00:00.000002)	[00:00:00.000000,00:00:00.000035]
7.6 expand                         	   4773	00:00:01.175865	(00:00:00.000246 +- 00:00:00.000200)	[00:00:00.000031,00:00:00.004516]
7.7 prune place recognition frames 	   4860	00:00:01.187973	(00:00:00.000244 +- 00:00:00.000141)	[00:00:00.000002,00:00:00.001783]
I20250111 18:54:12.884967 10883 okvis_app_synchronous.cpp:219] Progress: 90% (1 [1%/s], ETA: 10s)
I20250111 18:54:14.735167 10883 okvis_app_synchronous.cpp:210] OKVIS Timing
-----------
1 DetectAndDescribe                	   4916	00:00:09.356853	(00:00:00.001903 +- 00:00:00.000379)	[00:00:00.000945,00:00:00.005821]
2 Match                            	   4916	00:00:37.913003	(00:00:00.007712 +- 00:00:00.004015)	[00:00:00.000203,00:00:00.021502]
2.01 match to map                  	   4915	00:00:28.875062	(00:00:00.005875 +- 00:00:00.003630)	[00:00:00.000053,00:00:00.018319]
2.02 match motion stereo           	   4915	00:00:06.381279	(00:00:00.001298 +- 00:00:00.000439)	[00:00:00.000063,00:00:00.005115]
2.02.1 match motion stereo: prepare	   4915	00:00:01.467368	(00:00:00.000299 +- 00:00:00.000116)	[00:00:00.000001,00:00:00.000884]
2.10 match stereo                  	   1403	00:00:00.052503	(00:00:00.000037 +- 00:00:00.000043)	[00:00:00.000001,00:00:00.000461]
3 Optimise                         	   4915	00:01:25.483826	(00:00:00.017392 +- 00:00:00.010433)	[00:00:00.001047,00:00:00.082143]
4 Prepare publishing               	   4915	00:00:04.324417	(00:00:00.000880 +- 00:00:00.000358)	[00:00:00.000054,00:00:00.002789]
6 Visualising                      	   4915	00:00:00.001138	(00:00:00.000000 +- 00:00:00.000000)	[00:00:00.000000,00:00:00.000009]
7 Marginalise                      	   4915	00:00:09.433914	(00:00:00.001919 +- 00:00:00.000989)	[00:00:00.000007,00:00:00.012180]
7.1 check/handle lost              	   4915	00:00:00.149901	(00:00:00.000030 +- 00:00:00.000018)	[00:00:00.000000,00:00:00.000197]
7.2 eliminate IMU frames           	   4915	00:00:04.001383	(00:00:00.000814 +- 00:00:00.000608)	[00:00:00.000000,00:00:00.002763]
7.3 convert to posegraph           	   1726	00:00:01.602689	(00:00:00.000929 +- 00:00:00.000709)	[00:00:00.000094,00:00:00.006921]
7.4 freezing                       	   4914	00:00:00.006085	(00:00:00.000001 +- 00:00:00.000002)	[00:00:00.000000,00:00:00.000035]
7.6 expand                         	   4827	00:00:01.190454	(00:00:00.000247 +- 00:00:00.000199)	[00:00:00.000031,00:00:00.004516]
7.7 prune place recognition frames 	   4914	00:00:01.205236	(00:00:00.000245 +- 00:00:00.000140)	[00:00:00.000002,00:00:00.001783]
I20250111 18:54:14.735311 10883 okvis_app_synchronous.cpp:219] Progress: 91% (1 [1%/s], ETA: 9s)
W20250111 18:54:15.951277 10883 ImuError.cpp:650] gyr saturation
W20250111 18:54:15.951341 10883 ImuError.cpp:650] gyr saturation
W20250111 18:54:15.951349 10883 ImuError.cpp:650] gyr saturation
W20250111 18:54:15.951355 10883 ImuError.cpp:650] gyr saturation
W20250111 18:54:15.970702 10883 ImuError.cpp:650] gyr saturation
W20250111 18:54:15.970780 10883 ImuError.cpp:650] gyr saturation
W20250111 18:54:15.970790 10883 ImuError.cpp:650] gyr saturation
W20250111 18:54:15.970795 10883 ImuError.cpp:650] gyr saturation
W20250111 18:54:15.970844 10883 ImuError.cpp:650] gyr saturation
W20250111 18:54:15.970851 10883 ImuError.cpp:650] gyr saturation
W20250111 18:54:15.970857 10883 ImuError.cpp:650] gyr saturation
W20250111 18:54:15.970861 10883 ImuError.cpp:650] gyr saturation
I20250111 18:54:15.973415 10883 Frontend.cpp:2274] RANSAC FAIL: 28 inliers, ratio = 0.622222
W20250111 18:54:15.978205 10883 ImuError.cpp:368] gyr saturation
W20250111 18:54:15.978276 10883 ImuError.cpp:368] gyr saturation
W20250111 18:54:15.978307 10883 ImuError.cpp:368] gyr saturation
W20250111 18:54:15.978319 10883 ImuError.cpp:368] gyr saturation
W20250111 18:54:15.988251 10883 ImuError.cpp:650] gyr saturation
W20250111 18:54:15.988304 10883 ImuError.cpp:650] gyr saturation
W20250111 18:54:15.988310 10883 ImuError.cpp:650] gyr saturation
W20250111 18:54:15.988317 10883 ImuError.cpp:650] gyr saturation
W20250111 18:54:15.988322 10883 ImuError.cpp:650] gyr saturation
W20250111 18:54:15.988327 10883 ImuError.cpp:650] gyr saturation
W20250111 18:54:15.988332 10883 ImuError.cpp:650] gyr saturation
W20250111 18:54:15.988337 10883 ImuError.cpp:650] gyr saturation
W20250111 18:54:15.988343 10883 ImuError.cpp:650] gyr saturation
W20250111 18:54:15.988363 10883 ImuError.cpp:650] gyr saturation
W20250111 18:54:15.988369 10883 ImuError.cpp:650] gyr saturation
W20250111 18:54:15.988375 10883 ImuError.cpp:650] gyr saturation
W20250111 18:54:15.988380 10883 ImuError.cpp:650] gyr saturation
W20250111 18:54:15.988385 10883 ImuError.cpp:650] gyr saturation
W20250111 18:54:15.988391 10883 ImuError.cpp:650] gyr saturation
W20250111 18:54:15.988397 10883 ImuError.cpp:650] gyr saturation
W20250111 18:54:15.988404 10883 ImuError.cpp:650] gyr saturation
W20250111 18:54:15.988409 10883 ImuError.cpp:650] gyr saturation
W20250111 18:54:15.988415 10883 ImuError.cpp:650] gyr saturation
W20250111 18:54:15.988420 10883 ImuError.cpp:650] gyr saturation
W20250111 18:54:15.988426 10883 ImuError.cpp:650] gyr saturation
W20250111 18:54:15.988432 10883 ImuError.cpp:650] gyr saturation
W20250111 18:54:15.988438 10883 ImuError.cpp:650] gyr saturation
W20250111 18:54:15.988444 10883 ImuError.cpp:650] gyr saturation
W20250111 18:54:15.988451 10883 ImuError.cpp:650] gyr saturation
W20250111 18:54:15.988456 10883 ImuError.cpp:650] gyr saturation
W20250111 18:54:15.988462 10883 ImuError.cpp:650] gyr saturation
W20250111 18:54:15.988468 10883 ImuError.cpp:650] gyr saturation
W20250111 18:54:15.988474 10883 ImuError.cpp:650] gyr saturation
W20250111 18:54:16.002275 10883 ImuError.cpp:650] gyr saturation
W20250111 18:54:16.002331 10883 ImuError.cpp:650] gyr saturation
W20250111 18:54:16.002338 10883 ImuError.cpp:650] gyr saturation
W20250111 18:54:16.002343 10883 ImuError.cpp:650] gyr saturation
W20250111 18:54:16.002350 10883 ImuError.cpp:650] gyr saturation
W20250111 18:54:16.002355 10883 ImuError.cpp:650] gyr saturation
W20250111 18:54:16.002362 10883 ImuError.cpp:650] gyr saturation
W20250111 18:54:16.002367 10883 ImuError.cpp:650] gyr saturation
W20250111 18:54:16.002373 10883 ImuError.cpp:650] gyr saturation
W20250111 18:54:16.002379 10883 ImuError.cpp:650] gyr saturation
W20250111 18:54:16.002385 10883 ImuError.cpp:650] gyr saturation
W20250111 18:54:16.002390 10883 ImuError.cpp:650] gyr saturation
W20250111 18:54:16.002396 10883 ImuError.cpp:650] gyr saturation
W20250111 18:54:16.002403 10883 ImuError.cpp:650] gyr saturation
W20250111 18:54:16.002409 10883 ImuError.cpp:650] gyr saturation
W20250111 18:54:16.002415 10883 ImuError.cpp:650] gyr saturation
W20250111 18:54:16.002421 10883 ImuError.cpp:650] gyr saturation
W20250111 18:54:16.002426 10883 ImuError.cpp:650] gyr saturation
W20250111 18:54:16.002434 10883 ImuError.cpp:650] gyr saturation
W20250111 18:54:16.002440 10883 ImuError.cpp:650] gyr saturation
W20250111 18:54:16.002446 10883 ImuError.cpp:650] gyr saturation
W20250111 18:54:16.002451 10883 ImuError.cpp:650] gyr saturation
W20250111 18:54:16.002457 10883 ImuError.cpp:650] gyr saturation
W20250111 18:54:16.002463 10883 ImuError.cpp:650] gyr saturation
W20250111 18:54:16.002470 10883 ImuError.cpp:650] gyr saturation
W20250111 18:54:16.002475 10883 ImuError.cpp:650] gyr saturation
W20250111 18:54:16.002740 10883 ImuError.cpp:650] gyr saturation
W20250111 18:54:16.002751 10883 ImuError.cpp:650] gyr saturation
W20250111 18:54:16.002756 10883 ImuError.cpp:650] gyr saturation
W20250111 18:54:16.002763 10883 ImuError.cpp:650] gyr saturation
W20250111 18:54:16.002770 10883 ImuError.cpp:650] gyr saturation
W20250111 18:54:16.002786 10883 ImuError.cpp:650] gyr saturation
W20250111 18:54:16.002792 10883 ImuError.cpp:650] gyr saturation
W20250111 18:54:16.002799 10883 ImuError.cpp:650] gyr saturation
W20250111 18:54:16.002804 10883 ImuError.cpp:650] gyr saturation
W20250111 18:54:16.002810 10883 ImuError.cpp:650] gyr saturation
W20250111 18:54:16.002816 10883 ImuError.cpp:650] gyr saturation
W20250111 18:54:16.002821 10883 ImuError.cpp:650] gyr saturation
W20250111 18:54:16.002832 10883 ImuError.cpp:650] gyr saturation
W20250111 18:54:16.002839 10883 ImuError.cpp:650] gyr saturation
W20250111 18:54:16.002846 10883 ImuError.cpp:650] gyr saturation
W20250111 18:54:16.002851 10883 ImuError.cpp:650] gyr saturation
W20250111 18:54:16.002857 10883 ImuError.cpp:650] gyr saturation
W20250111 18:54:16.002862 10883 ImuError.cpp:650] gyr saturation
W20250111 18:54:16.002873 10883 ImuError.cpp:650] gyr saturation
W20250111 18:54:16.002880 10883 ImuError.cpp:650] gyr saturation
W20250111 18:54:16.002887 10883 ImuError.cpp:650] gyr saturation
W20250111 18:54:16.002893 10883 ImuError.cpp:650] gyr saturation
W20250111 18:54:16.002900 10883 ImuError.cpp:650] gyr saturation
W20250111 18:54:16.002907 10883 ImuError.cpp:650] gyr saturation
W20250111 18:54:16.002912 10883 ImuError.cpp:650] gyr saturation
W20250111 18:54:16.002918 10883 ImuError.cpp:650] gyr saturation
W20250111 18:54:16.009001 10897 ImuError.cpp:368] gyr saturation
W20250111 18:54:16.009052 10897 ImuError.cpp:368] gyr saturation
W20250111 18:54:16.009066 10897 ImuError.cpp:368] gyr saturation
W20250111 18:54:16.009079 10897 ImuError.cpp:368] gyr saturation
W20250111 18:54:16.009091 10897 ImuError.cpp:368] gyr saturation
W20250111 18:54:16.009102 10897 ImuError.cpp:368] gyr saturation
W20250111 18:54:16.009114 10897 ImuError.cpp:368] gyr saturation
W20250111 18:54:16.009124 10897 ImuError.cpp:368] gyr saturation
W20250111 18:54:16.009136 10897 ImuError.cpp:368] gyr saturation
W20250111 18:54:16.009147 10897 ImuError.cpp:368] gyr saturation
W20250111 18:54:16.009158 10897 ImuError.cpp:368] gyr saturation
W20250111 18:54:16.009168 10897 ImuError.cpp:368] gyr saturation
W20250111 18:54:16.009179 10897 ImuError.cpp:368] gyr saturation
W20250111 18:54:16.009191 10897 ImuError.cpp:368] gyr saturation
W20250111 18:54:16.009202 10897 ImuError.cpp:368] gyr saturation
W20250111 18:54:16.009212 10897 ImuError.cpp:368] gyr saturation
W20250111 18:54:16.009222 10897 ImuError.cpp:368] gyr saturation
W20250111 18:54:16.009231 10897 ImuError.cpp:368] gyr saturation
W20250111 18:54:16.009240 10897 ImuError.cpp:368] gyr saturation
W20250111 18:54:16.009250 10897 ImuError.cpp:368] gyr saturation
W20250111 18:54:16.009259 10897 ImuError.cpp:368] gyr saturation
W20250111 18:54:16.009268 10897 ImuError.cpp:368] gyr saturation
W20250111 18:54:16.009277 10897 ImuError.cpp:368] gyr saturation
W20250111 18:54:16.009287 10897 ImuError.cpp:368] gyr saturation
W20250111 18:54:16.009297 10897 ImuError.cpp:368] gyr saturation
W20250111 18:54:16.009306 10897 ImuError.cpp:368] gyr saturation
W20250111 18:54:16.018827 10883 ImuError.cpp:650] gyr saturation
W20250111 18:54:16.018848 10883 ImuError.cpp:650] gyr saturation
W20250111 18:54:16.018853 10883 ImuError.cpp:650] gyr saturation
W20250111 18:54:16.018858 10883 ImuError.cpp:650] gyr saturation
W20250111 18:54:16.018862 10883 ImuError.cpp:650] gyr saturation
W20250111 18:54:16.018865 10883 ImuError.cpp:650] gyr saturation
W20250111 18:54:16.018869 10883 ImuError.cpp:650] gyr saturation
W20250111 18:54:16.018874 10883 ImuError.cpp:650] gyr saturation
W20250111 18:54:16.018878 10883 ImuError.cpp:650] gyr saturation
W20250111 18:54:16.018882 10883 ImuError.cpp:650] gyr saturation
W20250111 18:54:16.018887 10883 ImuError.cpp:650] gyr saturation
W20250111 18:54:16.018890 10883 ImuError.cpp:650] gyr saturation
W20250111 18:54:16.018894 10883 ImuError.cpp:650] gyr saturation
W20250111 18:54:16.018898 10883 ImuError.cpp:650] gyr saturation
W20250111 18:54:16.018901 10883 ImuError.cpp:650] gyr saturation
W20250111 18:54:16.018906 10883 ImuError.cpp:650] gyr saturation
W20250111 18:54:16.018914 10883 ImuError.cpp:650] gyr saturation
W20250111 18:54:16.018919 10883 ImuError.cpp:650] gyr saturation
W20250111 18:54:16.018924 10883 ImuError.cpp:650] gyr saturation
W20250111 18:54:16.018929 10883 ImuError.cpp:650] gyr saturation
W20250111 18:54:16.018934 10883 ImuError.cpp:650] gyr saturation
W20250111 18:54:16.018937 10883 ImuError.cpp:650] gyr saturation
W20250111 18:54:16.018941 10883 ImuError.cpp:650] gyr saturation
W20250111 18:54:16.018946 10883 ImuError.cpp:650] gyr saturation
W20250111 18:54:16.018950 10883 ImuError.cpp:650] gyr saturation
W20250111 18:54:16.018954 10883 ImuError.cpp:650] gyr saturation
W20250111 18:54:16.057691 322192 ImuError.cpp:165] gyr saturation
W20250111 18:54:16.057740 322192 ImuError.cpp:165] gyr saturation
W20250111 18:54:16.057760 322192 ImuError.cpp:165] gyr saturation
W20250111 18:54:16.057768 322192 ImuError.cpp:165] gyr saturation
W20250111 18:54:16.058038 322192 ImuError.cpp:165] gyr saturation
W20250111 18:54:16.058049 322192 ImuError.cpp:165] gyr saturation
W20250111 18:54:16.058058 322192 ImuError.cpp:165] gyr saturation
W20250111 18:54:16.058065 322192 ImuError.cpp:165] gyr saturation
I20250111 18:54:16.476496 10883 okvis_app_synchronous.cpp:210] OKVIS Timing
-----------
1 DetectAndDescribe                	   4970	00:00:09.468817	(00:00:00.001905 +- 00:00:00.000377)	[00:00:00.000945,00:00:00.005821]
2 Match                            	   4970	00:00:38.733423	(00:00:00.007793 +- 00:00:00.004087)	[00:00:00.000203,00:00:00.021502]
2.01 match to map                  	   4969	00:00:29.576484	(00:00:00.005952 +- 00:00:00.003703)	[00:00:00.000053,00:00:00.018319]
2.02 match motion stereo           	   4969	00:00:06.463964	(00:00:00.001301 +- 00:00:00.000439)	[00:00:00.000063,00:00:00.005115]
2.02.1 match motion stereo: prepare	   4969	00:00:01.487053	(00:00:00.000299 +- 00:00:00.000116)	[00:00:00.000001,00:00:00.000884]
2.10 match stereo                  	   1415	00:00:00.053436	(00:00:00.000038 +- 00:00:00.000043)	[00:00:00.000001,00:00:00.000461]
3 Optimise                         	   4969	00:01:26.235790	(00:00:00.017355 +- 00:00:00.010386)	[00:00:00.001047,00:00:00.082143]
4 Prepare publishing               	   4969	00:00:04.376789	(00:00:00.000881 +- 00:00:00.000357)	[00:00:00.000054,00:00:00.002789]
6 Visualising                      	   4969	00:00:00.001148	(00:00:00.000000 +- 00:00:00.000000)	[00:00:00.000000,00:00:00.000009]
7 Marginalise                      	   4969	00:00:09.542963	(00:00:00.001920 +- 00:00:00.000989)	[00:00:00.000007,00:00:00.012180]
7.1 check/handle lost              	   4969	00:00:00.151519	(00:00:00.000030 +- 00:00:00.000018)	[00:00:00.000000,00:00:00.000197]
7.2 eliminate IMU frames           	   4969	00:00:04.044633	(00:00:00.000814 +- 00:00:00.000608)	[00:00:00.000000,00:00:00.002763]
7.3 convert to posegraph           	   1745	00:00:01.623413	(00:00:00.000930 +- 00:00:00.000711)	[00:00:00.000094,00:00:00.006921]
7.4 freezing                       	   4968	00:00:00.006143	(00:00:00.000001 +- 00:00:00.000002)	[00:00:00.000000,00:00:00.000035]
7.6 expand                         	   4880	00:00:01.204603	(00:00:00.000247 +- 00:00:00.000199)	[00:00:00.000031,00:00:00.004516]
7.7 prune place recognition frames 	   4968	00:00:01.219550	(00:00:00.000245 +- 00:00:00.000140)	[00:00:00.000002,00:00:00.001783]
I20250111 18:54:16.476621 10883 okvis_app_synchronous.cpp:219] Progress: 92% (1 [1%/s], ETA: 8s)
I20250111 18:54:18.309499 10883 okvis_app_synchronous.cpp:210] OKVIS Timing
-----------
1 DetectAndDescribe                	   5024	00:00:09.590390	(00:00:00.001909 +- 00:00:00.000378)	[00:00:00.000945,00:00:00.005821]
2 Match                            	   5024	00:00:39.657066	(00:00:00.007894 +- 00:00:00.004178)	[00:00:00.000203,00:00:00.021502]
2.01 match to map                  	   5023	00:00:30.383135	(00:00:00.006049 +- 00:00:00.003798)	[00:00:00.000053,00:00:00.018319]
2.02 match motion stereo           	   5023	00:00:06.542445	(00:00:00.001302 +- 00:00:00.000437)	[00:00:00.000063,00:00:00.005115]
2.02.1 match motion stereo: prepare	   5023	00:00:01.507373	(00:00:00.000300 +- 00:00:00.000116)	[00:00:00.000001,00:00:00.000884]
2.10 match stereo                  	   1421	00:00:00.053963	(00:00:00.000038 +- 00:00:00.000043)	[00:00:00.000001,00:00:00.000461]
3 Optimise                         	   5023	00:01:26.983075	(00:00:00.017317 +- 00:00:00.010340)	[00:00:00.001047,00:00:00.082143]
4 Prepare publishing               	   5023	00:00:04.427797	(00:00:00.000882 +- 00:00:00.000356)	[00:00:00.000054,00:00:00.002789]
6 Visualising                      	   5023	00:00:00.001156	(00:00:00.000000 +- 00:00:00.000000)	[00:00:00.000000,00:00:00.000009]
7 Marginalise                      	   5023	00:00:09.646818	(00:00:00.001921 +- 00:00:00.000984)	[00:00:00.000007,00:00:00.012180]
7.1 check/handle lost              	   5023	00:00:00.153260	(00:00:00.000031 +- 00:00:00.000018)	[00:00:00.000000,00:00:00.000197]
7.2 eliminate IMU frames           	   5023	00:00:04.096254	(00:00:00.000815 +- 00:00:00.000606)	[00:00:00.000000,00:00:00.002763]
7.3 convert to posegraph           	   1751	00:00:01.629320	(00:00:00.000931 +- 00:00:00.000710)	[00:00:00.000094,00:00:00.006921]
7.4 freezing                       	   5022	00:00:00.006163	(00:00:00.000001 +- 00:00:00.000002)	[00:00:00.000000,00:00:00.000035]
7.6 expand                         	   4934	00:00:01.217884	(00:00:00.000247 +- 00:00:00.000198)	[00:00:00.000031,00:00:00.004516]
7.7 prune place recognition frames 	   5022	00:00:01.235672	(00:00:00.000246 +- 00:00:00.000139)	[00:00:00.000002,00:00:00.001783]
I20250111 18:54:18.309660 10883 okvis_app_synchronous.cpp:219] Progress: 93% (1 [1%/s], ETA: 7s)
I20250111 18:54:19.583233 10883 Frontend.cpp:2274] RANSAC FAIL: 12 inliers, ratio = 0.666667
W20250111 18:54:19.645911 10883 Frontend.cpp:612] 3d2d tracking weak: quality=0. Number of 3d2d-matches: 9
W20250111 18:54:19.663859 329100 ViSlamBackend.cpp:466] TRACKING FAILURE: quality=0
W20250111 18:54:19.666574 10883 Frontend.cpp:615] 3d2d tracking lost. Number of 3d2d-matches: 2
W20250111 18:54:19.683645 329150 ViSlamBackend.cpp:466] TRACKING FAILURE: quality=0
W20250111 18:54:19.685088 10883 Frontend.cpp:615] 3d2d tracking lost. Number of 3d2d-matches: 1
W20250111 18:54:19.700542 329192 ViSlamBackend.cpp:466] TRACKING FAILURE: quality=0
W20250111 18:54:19.701913 10883 Frontend.cpp:615] 3d2d tracking lost. Number of 3d2d-matches: 0
W20250111 18:54:19.718483 329202 ViSlamBackend.cpp:466] TRACKING FAILURE: quality=0
W20250111 18:54:19.719972 10883 Frontend.cpp:615] 3d2d tracking lost. Number of 3d2d-matches: 0
W20250111 18:54:19.732374 329204 ViSlamBackend.cpp:466] TRACKING FAILURE: quality=0
W20250111 18:54:19.733115 10883 Frontend.cpp:615] 3d2d tracking lost. Number of 3d2d-matches: 0
W20250111 18:54:19.745996 329206 ViSlamBackend.cpp:466] TRACKING FAILURE: quality=0
W20250111 18:54:19.747025 10883 Frontend.cpp:615] 3d2d tracking lost. Number of 3d2d-matches: 0
W20250111 18:54:19.761055 329208 ViSlamBackend.cpp:466] TRACKING FAILURE: quality=0
W20250111 18:54:19.762194 10883 Frontend.cpp:615] 3d2d tracking lost. Number of 3d2d-matches: 0
W20250111 18:54:19.776269 329218 ViSlamBackend.cpp:466] TRACKING FAILURE: quality=0
W20250111 18:54:19.777410 10883 Frontend.cpp:615] 3d2d tracking lost. Number of 3d2d-matches: 0
W20250111 18:54:19.782840 329228 ViSlamBackend.cpp:466] TRACKING FAILURE: quality=0
W20250111 18:54:19.783758 10883 Frontend.cpp:615] 3d2d tracking lost. Number of 3d2d-matches: 0
W20250111 18:54:19.792590 329238 ViSlamBackend.cpp:466] TRACKING FAILURE: quality=0
W20250111 18:54:19.793954 10883 Frontend.cpp:615] 3d2d tracking lost. Number of 3d2d-matches: 0
I20250111 18:54:19.794592 10883 okvis_app_synchronous.cpp:210] OKVIS Timing
-----------
1 DetectAndDescribe                	   5078	00:00:09.688947	(00:00:00.001908 +- 00:00:00.000377)	[00:00:00.000945,00:00:00.005821]
2 Match                            	   5078	00:00:40.068154	(00:00:00.007891 +- 00:00:00.004184)	[00:00:00.000203,00:00:00.021502]
2.01 match to map                  	   5077	00:00:30.720656	(00:00:00.006051 +- 00:00:00.003804)	[00:00:00.000053,00:00:00.018319]
2.02 match motion stereo           	   5077	00:00:06.592415	(00:00:00.001298 +- 00:00:00.000438)	[00:00:00.000063,00:00:00.005115]
2.02.1 match motion stereo: prepare	   5077	00:00:01.520938	(00:00:00.000300 +- 00:00:00.000116)	[00:00:00.000001,00:00:00.000884]
2.10 match stereo                  	   1427	00:00:00.054075	(00:00:00.000038 +- 00:00:00.000043)	[00:00:00.000001,00:00:00.000461]
3 Optimise                         	   5077	00:01:27.896009	(00:00:00.017313 +- 00:00:00.010291)	[00:00:00.001047,00:00:00.082143]
4 Prepare publishing               	   5077	00:00:04.477767	(00:00:00.000882 +- 00:00:00.000356)	[00:00:00.000054,00:00:00.002789]
6 Visualising                      	   5077	00:00:00.001173	(00:00:00.000000 +- 00:00:00.000000)	[00:00:00.000000,00:00:00.000009]
7 Marginalise                      	   5077	00:00:09.750674	(00:00:00.001921 +- 00:00:00.000981)	[00:00:00.000007,00:00:00.012180]
7.1 check/handle lost              	   5077	00:00:00.155509	(00:00:00.000031 +- 00:00:00.000018)	[00:00:00.000000,00:00:00.000197]
7.2 eliminate IMU frames           	   5077	00:00:04.151596	(00:00:00.000818 +- 00:00:00.000605)	[00:00:00.000000,00:00:00.002763]
7.3 convert to posegraph           	   1757	00:00:01.636034	(00:00:00.000931 +- 00:00:00.000709)	[00:00:00.000094,00:00:00.006921]
7.4 freezing                       	   5076	00:00:00.006200	(00:00:00.000001 +- 00:00:00.000002)	[00:00:00.000000,00:00:00.000035]
7.6 expand                         	   4988	00:00:01.228789	(00:00:00.000246 +- 00:00:00.000197)	[00:00:00.000031,00:00:00.004516]
7.7 prune place recognition frames 	   5076	00:00:01.251722	(00:00:00.000247 +- 00:00:00.000139)	[00:00:00.000002,00:00:00.001783]
I20250111 18:54:19.794688 10883 okvis_app_synchronous.cpp:219] Progress: 94% (1 [1%/s], ETA: 6s)
I20250111 18:54:21.209321 10883 okvis_app_synchronous.cpp:210] OKVIS Timing
-----------
1 DetectAndDescribe                	   5132	00:00:09.803497	(00:00:00.001910 +- 00:00:00.000377)	[00:00:00.000945,00:00:00.005821]
2 Match                            	   5132	00:00:40.468167	(00:00:00.007885 +- 00:00:00.004167)	[00:00:00.000203,00:00:00.021502]
2.01 match to map                  	   5131	00:00:31.037512	(00:00:00.006049 +- 00:00:00.003786)	[00:00:00.000053,00:00:00.018319]
2.02 match motion stereo           	   5131	00:00:06.652668	(00:00:00.001297 +- 00:00:00.000440)	[00:00:00.000063,00:00:00.005115]
2.02.1 match motion stereo: prepare	   5131	00:00:01.534052	(00:00:00.000299 +- 00:00:00.000116)	[00:00:00.000001,00:00:00.000884]
2.10 match stereo                  	   1445	00:00:00.054742	(00:00:00.000038 +- 00:00:00.000043)	[00:00:00.000001,00:00:00.000461]
3 Optimise                         	   5131	00:01:28.763862	(00:00:00.017300 +- 00:00:00.010245)	[00:00:00.001047,00:00:00.082143]
4 Prepare publishing               	   5131	00:00:04.524584	(00:00:00.000882 +- 00:00:00.000356)	[00:00:00.000054,00:00:00.002789]
6 Visualising                      	   5131	00:00:00.001190	(00:00:00.000000 +- 00:00:00.000000)	[00:00:00.000000,00:00:00.000009]
7 Marginalise                      	   5131	00:00:09.843181	(00:00:00.001918 +- 00:00:00.000980)	[00:00:00.000007,00:00:00.012180]
7.1 check/handle lost              	   5131	00:00:00.156795	(00:00:00.000031 +- 00:00:00.000018)	[00:00:00.000000,00:00:00.000197]
7.2 eliminate IMU frames           	   5131	00:00:04.191477	(00:00:00.000817 +- 00:00:00.000606)	[00:00:00.000000,00:00:00.002763]
7.3 convert to posegraph           	   1775	00:00:01.651682	(00:00:00.000931 +- 00:00:00.000707)	[00:00:00.000094,00:00:00.006921]
7.4 freezing                       	   5130	00:00:00.006275	(00:00:00.000001 +- 00:00:00.000002)	[00:00:00.000000,00:00:00.000035]
7.6 expand                         	   5042	00:00:01.240030	(00:00:00.000246 +- 00:00:00.000196)	[00:00:00.000031,00:00:00.004516]
7.7 prune place recognition frames 	   5130	00:00:01.262978	(00:00:00.000246 +- 00:00:00.000140)	[00:00:00.000002,00:00:00.001783]
I20250111 18:54:21.209465 10883 okvis_app_synchronous.cpp:219] Progress: 95% (1 [1%/s], ETA: 5s)
I20250111 18:54:23.111269 10883 okvis_app_synchronous.cpp:210] OKVIS Timing
-----------
1 DetectAndDescribe                	   5186	00:00:09.932687	(00:00:00.001915 +- 00:00:00.000379)	[00:00:00.000945,00:00:00.005821]
2 Match                            	   5186	00:00:40.957849	(00:00:00.007898 +- 00:00:00.004149)	[00:00:00.000203,00:00:00.021502]
2.01 match to map                  	   5185	00:00:31.413916	(00:00:00.006059 +- 00:00:00.003769)	[00:00:00.000053,00:00:00.018319]
2.02 match motion stereo           	   5185	00:00:06.731862	(00:00:00.001298 +- 00:00:00.000439)	[00:00:00.000063,00:00:00.005115]
2.02.1 match motion stereo: prepare	   5185	00:00:01.554540	(00:00:00.000300 +- 00:00:00.000116)	[00:00:00.000001,00:00:00.000884]
2.10 match stereo                  	   1461	00:00:00.055574	(00:00:00.000038 +- 00:00:00.000043)	[00:00:00.000001,00:00:00.000461]
3 Optimise                         	   5185	00:01:29.942304	(00:00:00.017347 +- 00:00:00.010208)	[00:00:00.001047,00:00:00.082143]
4 Prepare publishing               	   5185	00:00:04.598580	(00:00:00.000887 +- 00:00:00.000359)	[00:00:00.000054,00:00:00.002789]
6 Visualising                      	   5185	00:00:00.001208	(00:00:00.000000 +- 00:00:00.000000)	[00:00:00.000000,00:00:00.000009]
7 Marginalise                      	   5185	00:00:09.993918	(00:00:00.001927 +- 00:00:00.000981)	[00:00:00.000007,00:00:00.012180]
7.1 check/handle lost              	   5185	00:00:00.158961	(00:00:00.000031 +- 00:00:00.000018)	[00:00:00.000000,00:00:00.000197]
7.2 eliminate IMU frames           	   5185	00:00:04.252078	(00:00:00.000820 +- 00:00:00.000609)	[00:00:00.000000,00:00:00.002763]
7.3 convert to posegraph           	   1791	00:00:01.675761	(00:00:00.000936 +- 00:00:00.000707)	[00:00:00.000094,00:00:00.006921]
7.4 freezing                       	   5184	00:00:00.006353	(00:00:00.000001 +- 00:00:00.000002)	[00:00:00.000000,00:00:00.000035]
7.6 expand                         	   5096	00:00:01.259592	(00:00:00.000247 +- 00:00:00.000196)	[00:00:00.000031,00:00:00.004516]
7.7 prune place recognition frames 	   5184	00:00:01.284738	(00:00:00.000248 +- 00:00:00.000140)	[00:00:00.000002,00:00:00.001783]
I20250111 18:54:23.111374 10883 okvis_app_synchronous.cpp:219] Progress: 96% (1 [1%/s], ETA: 4s)
I20250111 18:54:25.086100 10883 okvis_app_synchronous.cpp:210] OKVIS Timing
-----------
1 DetectAndDescribe                	   5240	00:00:10.056130	(00:00:00.001919 +- 00:00:00.000379)	[00:00:00.000945,00:00:00.005821]
2 Match                            	   5240	00:00:41.462734	(00:00:00.007913 +- 00:00:00.004130)	[00:00:00.000203,00:00:00.021502]
2.01 match to map                  	   5239	00:00:31.814663	(00:00:00.006073 +- 00:00:00.003752)	[00:00:00.000053,00:00:00.018319]
2.02 match motion stereo           	   5239	00:00:06.800315	(00:00:00.001298 +- 00:00:00.000438)	[00:00:00.000063,00:00:00.005115]
2.02.1 match motion stereo: prepare	   5239	00:00:01.575935	(00:00:00.000301 +- 00:00:00.000116)	[00:00:00.000001,00:00:00.000884]
2.10 match stereo                  	   1462	00:00:00.055680	(00:00:00.000038 +- 00:00:00.000043)	[00:00:00.000001,00:00:00.000461]
3 Optimise                         	   5239	00:01:31.136946	(00:00:00.017396 +- 00:00:00.010175)	[00:00:00.001047,00:00:00.082143]
4 Prepare publishing               	   5239	00:00:04.686629	(00:00:00.000895 +- 00:00:00.000366)	[00:00:00.000054,00:00:00.002789]
6 Visualising                      	   5239	00:00:00.001227	(00:00:00.000000 +- 00:00:00.000000)	[00:00:00.000000,00:00:00.000009]
7 Marginalise                      	   5239	00:00:10.171935	(00:00:00.001942 +- 00:00:00.000987)	[00:00:00.000007,00:00:00.012180]
7.1 check/handle lost              	   5239	00:00:00.161813	(00:00:00.000031 +- 00:00:00.000018)	[00:00:00.000000,00:00:00.000197]
7.2 eliminate IMU frames           	   5239	00:00:04.349413	(00:00:00.000830 +- 00:00:00.000616)	[00:00:00.000000,00:00:00.002763]
7.3 convert to posegraph           	   1793	00:00:01.679151	(00:00:00.000937 +- 00:00:00.000707)	[00:00:00.000094,00:00:00.006921]
7.4 freezing                       	   5238	00:00:00.006375	(00:00:00.000001 +- 00:00:00.000002)	[00:00:00.000000,00:00:00.000035]
7.6 expand                         	   5150	00:00:01.281359	(00:00:00.000249 +- 00:00:00.000195)	[00:00:00.000031,00:00:00.004516]
7.7 prune place recognition frames 	   5238	00:00:01.312306	(00:00:00.000251 +- 00:00:00.000142)	[00:00:00.000002,00:00:00.001783]
I20250111 18:54:25.086189 10883 okvis_app_synchronous.cpp:219] Progress: 97% (1 [1%/s], ETA: 3s)
I20250111 18:54:26.951758 10883 okvis_app_synchronous.cpp:210] OKVIS Timing
-----------
1 DetectAndDescribe                	   5294	00:00:10.168697	(00:00:00.001921 +- 00:00:00.000377)	[00:00:00.000945,00:00:00.005821]
2 Match                            	   5294	00:00:41.966722	(00:00:00.007927 +- 00:00:00.004113)	[00:00:00.000203,00:00:00.021502]
2.01 match to map                  	   5293	00:00:32.218945	(00:00:00.006087 +- 00:00:00.003737)	[00:00:00.000053,00:00:00.018319]
2.02 match motion stereo           	   5293	00:00:06.865097	(00:00:00.001297 +- 00:00:00.000435)	[00:00:00.000063,00:00:00.005115]
2.02.1 match motion stereo: prepare	   5293	00:00:01.596355	(00:00:00.000302 +- 00:00:00.000116)	[00:00:00.000001,00:00:00.000884]
2.10 match stereo                  	   1462	00:00:00.055680	(00:00:00.000038 +- 00:00:00.000043)	[00:00:00.000001,00:00:00.000461]
3 Optimise                         	   5293	00:01:32.231736	(00:00:00.017425 +- 00:00:00.010136)	[00:00:00.001047,00:00:00.082143]
4 Prepare publishing               	   5293	00:00:04.772942	(00:00:00.000902 +- 00:00:00.000372)	[00:00:00.000054,00:00:00.002789]
6 Visualising                      	   5293	00:00:00.001245	(00:00:00.000000 +- 00:00:00.000000)	[00:00:00.000000,00:00:00.000009]
7 Marginalise                      	   5293	00:00:10.343704	(00:00:00.001954 +- 00:00:00.000991)	[00:00:00.000007,00:00:00.012180]
7.1 check/handle lost              	   5293	00:00:00.164674	(00:00:00.000031 +- 00:00:00.000018)	[00:00:00.000000,00:00:00.000197]
7.2 eliminate IMU frames           	   5293	00:00:04.447179	(00:00:00.000840 +- 00:00:00.000621)	[00:00:00.000000,00:00:00.002763]
7.3 convert to posegraph           	   1793	00:00:01.679151	(00:00:00.000937 +- 00:00:00.000707)	[00:00:00.000094,00:00:00.006921]
7.4 freezing                       	   5292	00:00:00.006387	(00:00:00.000001 +- 00:00:00.000002)	[00:00:00.000000,00:00:00.000035]
7.6 expand                         	   5204	00:00:01.302029	(00:00:00.000250 +- 00:00:00.000195)	[00:00:00.000031,00:00:00.004516]
7.7 prune place recognition frames 	   5292	00:00:01.339036	(00:00:00.000253 +- 00:00:00.000144)	[00:00:00.000002,00:00:00.001783]
I20250111 18:54:26.951874 10883 okvis_app_synchronous.cpp:219] Progress: 98% (1 [1%/s], ETA: 2s)
I20250111 18:54:29.055358 10883 okvis_app_synchronous.cpp:210] OKVIS Timing
-----------
1 DetectAndDescribe                	   5348	00:00:10.277816	(00:00:00.001922 +- 00:00:00.000376)	[00:00:00.000945,00:00:00.005821]
2 Match                            	   5348	00:00:43.006985	(00:00:00.008042 +- 00:00:00.004247)	[00:00:00.000203,00:00:00.021502]
2.01 match to map                  	   5347	00:00:33.130735	(00:00:00.006196 +- 00:00:00.003872)	[00:00:00.000053,00:00:00.018573]
2.02 match motion stereo           	   5347	00:00:06.948324	(00:00:00.001299 +- 00:00:00.000434)	[00:00:00.000063,00:00:00.005115]
2.02.1 match motion stereo: prepare	   5347	00:00:01.621713	(00:00:00.000303 +- 00:00:00.000116)	[00:00:00.000001,00:00:00.000884]
2.10 match stereo                  	   1462	00:00:00.055680	(00:00:00.000038 +- 00:00:00.000043)	[00:00:00.000001,00:00:00.000461]
3 Optimise                         	   5347	00:01:33.096444	(00:00:00.017411 +- 00:00:00.010090)	[00:00:00.001047,00:00:00.082143]
4 Prepare publishing               	   5347	00:00:04.836430	(00:00:00.000905 +- 00:00:00.000372)	[00:00:00.000054,00:00:00.002789]
6 Visualising                      	   5347	00:00:00.001256	(00:00:00.000000 +- 00:00:00.000000)	[00:00:00.000000,00:00:00.000009]
7 Marginalise                      	   5347	00:00:10.471489	(00:00:00.001958 +- 00:00:00.000989)	[00:00:00.000007,00:00:00.012180]
7.1 check/handle lost              	   5347	00:00:00.166989	(00:00:00.000031 +- 00:00:00.000018)	[00:00:00.000000,00:00:00.000197]
7.2 eliminate IMU frames           	   5347	00:00:04.516284	(00:00:00.000845 +- 00:00:00.000621)	[00:00:00.000000,00:00:00.002763]
7.3 convert to posegraph           	   1793	00:00:01.679151	(00:00:00.000937 +- 00:00:00.000707)	[00:00:00.000094,00:00:00.006921]
7.4 freezing                       	   5346	00:00:00.006392	(00:00:00.000001 +- 00:00:00.000002)	[00:00:00.000000,00:00:00.000035]
7.6 expand                         	   5258	00:00:01.318950	(00:00:00.000251 +- 00:00:00.000194)	[00:00:00.000031,00:00:00.004516]
7.7 prune place recognition frames 	   5346	00:00:01.359591	(00:00:00.000254 +- 00:00:00.000144)	[00:00:00.000002,00:00:00.001783]
I20250111 18:54:29.055522 10883 okvis_app_synchronous.cpp:219] Progress: 99% (0.5 [1%/s], ETA: 2s)
I20250111 18:54:31.070945 10883 okvis_app_synchronous.cpp:180] Finished!
I20250111 18:54:31.095258 10883 okvis_app_synchronous.cpp:202] total processing time 154.211717797 s
>>> Close in.csv
>>> Close out.csv

________________________________________________________
Executed in  155.32 secs    fish           external
   usr time  223.49 secs  878.00 micros  223.49 secs
   sys time   19.30 secs  930.00 micros   19.30 secs

~/D/a/b/okvis2 (mateosss|✚5) $

