W20250111 18:59:42.476953 685523 ImuError.cpp:650] gyr saturation
W20250111 18:59:42.476958 685523 ImuError.cpp:650] gyr saturation
W20250111 18:59:42.476960 685523 ImuError.cpp:650] gyr saturation
W20250111 18:59:42.476964 685523 ImuError.cpp:650] gyr saturation
W20250111 18:59:42.476967 685523 ImuError.cpp:650] gyr saturation
W20250111 18:59:42.476970 685523 ImuError.cpp:650] gyr saturation
W20250111 18:59:42.476974 685523 ImuError.cpp:650] gyr saturation
W20250111 18:59:42.476977 685523 ImuError.cpp:650] gyr saturation
W20250111 18:59:42.476981 685523 ImuError.cpp:650] gyr saturation
W20250111 18:59:42.476985 685523 ImuError.cpp:650] gyr saturation
W20250111 18:59:42.476989 685523 ImuError.cpp:650] gyr saturation
W20250111 18:59:42.476992 685523 ImuError.cpp:650] gyr saturation
W20250111 18:59:42.506456 685523 ImuError.cpp:650] gyr saturation
W20250111 18:59:42.506489 685523 ImuError.cpp:650] gyr saturation
W20250111 18:59:42.506494 685523 ImuError.cpp:650] gyr saturation
W20250111 18:59:42.506497 685523 ImuError.cpp:650] gyr saturation
W20250111 18:59:42.506501 685523 ImuError.cpp:650] gyr saturation
W20250111 18:59:42.506505 685523 ImuError.cpp:650] gyr saturation
W20250111 18:59:42.506508 685523 ImuError.cpp:650] gyr saturation
W20250111 18:59:42.506512 685523 ImuError.cpp:650] gyr saturation
W20250111 18:59:42.506515 685523 ImuError.cpp:650] gyr saturation
W20250111 18:59:42.506520 685523 ImuError.cpp:650] gyr saturation
W20250111 18:59:42.506523 685523 ImuError.cpp:650] gyr saturation
W20250111 18:59:42.506526 685523 ImuError.cpp:650] gyr saturation
W20250111 18:59:42.506532 685523 ImuError.cpp:650] gyr saturation
W20250111 18:59:42.506536 685523 ImuError.cpp:650] gyr saturation
W20250111 18:59:42.506539 685523 ImuError.cpp:650] gyr saturation
W20250111 18:59:42.506543 685523 ImuError.cpp:650] gyr saturation
W20250111 18:59:42.506548 685523 ImuError.cpp:650] gyr saturation
W20250111 18:59:42.506553 685523 ImuError.cpp:650] gyr saturation
W20250111 18:59:42.506557 685523 ImuError.cpp:650] gyr saturation
W20250111 18:59:42.506561 685523 ImuError.cpp:650] gyr saturation
W20250111 18:59:42.506565 685523 ImuError.cpp:650] gyr saturation
W20250111 18:59:42.506570 685523 ImuError.cpp:650] gyr saturation
W20250111 18:59:42.506573 685523 ImuError.cpp:650] gyr saturation
W20250111 18:59:42.506578 685523 ImuError.cpp:650] gyr saturation
W20250111 18:59:42.506582 685523 ImuError.cpp:650] gyr saturation
W20250111 18:59:42.506585 685523 ImuError.cpp:650] gyr saturation
W20250111 18:59:42.506589 685523 ImuError.cpp:650] gyr saturation
W20250111 18:59:42.506594 685523 ImuError.cpp:650] gyr saturation
W20250111 18:59:42.506598 685523 ImuError.cpp:650] gyr saturation
W20250111 18:59:42.506601 685523 ImuError.cpp:650] gyr saturation
W20250111 18:59:42.506605 685523 ImuError.cpp:650] gyr saturation
W20250111 18:59:42.506609 685523 ImuError.cpp:650] gyr saturation
W20250111 18:59:42.506613 685523 ImuError.cpp:650] gyr saturation
W20250111 18:59:42.506618 685523 ImuError.cpp:650] gyr saturation
W20250111 18:59:42.506744 685523 ImuError.cpp:650] gyr saturation
W20250111 18:59:42.506750 685523 ImuError.cpp:650] gyr saturation
W20250111 18:59:42.506754 685523 ImuError.cpp:650] gyr saturation
W20250111 18:59:42.506758 685523 ImuError.cpp:650] gyr saturation
W20250111 18:59:42.506762 685523 ImuError.cpp:650] gyr saturation
W20250111 18:59:42.506765 685523 ImuError.cpp:650] gyr saturation
W20250111 18:59:42.506769 685523 ImuError.cpp:650] gyr saturation
W20250111 18:59:42.506772 685523 ImuError.cpp:650] gyr saturation
W20250111 18:59:42.506776 685523 ImuError.cpp:650] gyr saturation
W20250111 18:59:42.506780 685523 ImuError.cpp:650] gyr saturation
W20250111 18:59:42.506784 685523 ImuError.cpp:650] gyr saturation
W20250111 18:59:42.506788 685523 ImuError.cpp:650] gyr saturation
W20250111 18:59:42.506793 685523 ImuError.cpp:650] gyr saturation
W20250111 18:59:42.506795 685523 ImuError.cpp:650] gyr saturation
W20250111 18:59:42.506800 685523 ImuError.cpp:650] gyr saturation
W20250111 18:59:42.506804 685523 ImuError.cpp:650] gyr saturation
W20250111 18:59:42.506808 685523 ImuError.cpp:650] gyr saturation
W20250111 18:59:42.506811 685523 ImuError.cpp:650] gyr saturation
W20250111 18:59:42.506815 685523 ImuError.cpp:650] gyr saturation
W20250111 18:59:42.506819 685523 ImuError.cpp:650] gyr saturation
W20250111 18:59:42.506825 685523 ImuError.cpp:650] gyr saturation
W20250111 18:59:42.506829 685523 ImuError.cpp:650] gyr saturation
W20250111 18:59:42.506834 685523 ImuError.cpp:650] gyr saturation
W20250111 18:59:42.506837 685523 ImuError.cpp:650] gyr saturation
W20250111 18:59:42.506840 685523 ImuError.cpp:650] gyr saturation
W20250111 18:59:42.506843 685523 ImuError.cpp:650] gyr saturation
W20250111 18:59:42.506847 685523 ImuError.cpp:650] gyr saturation
W20250111 18:59:42.506850 685523 ImuError.cpp:650] gyr saturation
W20250111 18:59:42.506853 685523 ImuError.cpp:650] gyr saturation
W20250111 18:59:42.506860 685523 ImuError.cpp:650] gyr saturation
W20250111 18:59:42.506862 685523 ImuError.cpp:650] gyr saturation
W20250111 18:59:42.506866 685523 ImuError.cpp:650] gyr saturation
W20250111 18:59:42.506870 685523 ImuError.cpp:650] gyr saturation
W20250111 18:59:42.506873 685523 ImuError.cpp:650] gyr saturation
W20250111 18:59:42.508464 685523 ImuError.cpp:368] gyr saturation
W20250111 18:59:42.508491 685523 ImuError.cpp:368] gyr saturation
W20250111 18:59:42.508497 685523 ImuError.cpp:368] gyr saturation
W20250111 18:59:42.508507 685523 ImuError.cpp:368] gyr saturation
W20250111 18:59:42.508517 685523 ImuError.cpp:368] gyr saturation
W20250111 18:59:42.508527 685523 ImuError.cpp:368] gyr saturation
W20250111 18:59:42.508536 685523 ImuError.cpp:368] gyr saturation
W20250111 18:59:42.508545 685523 ImuError.cpp:368] gyr saturation
W20250111 18:59:42.508553 685523 ImuError.cpp:368] gyr saturation
W20250111 18:59:42.508561 685523 ImuError.cpp:368] gyr saturation
W20250111 18:59:42.508569 685523 ImuError.cpp:368] gyr saturation
W20250111 18:59:42.508576 685523 ImuError.cpp:368] gyr saturation
W20250111 18:59:42.508589 685523 ImuError.cpp:368] gyr saturation
W20250111 18:59:42.508597 685523 ImuError.cpp:368] gyr saturation
W20250111 18:59:42.508605 685523 ImuError.cpp:368] gyr saturation
W20250111 18:59:42.508612 685523 ImuError.cpp:368] gyr saturation
W20250111 18:59:42.508620 685523 ImuError.cpp:368] gyr saturation
W20250111 18:59:42.508628 685523 ImuError.cpp:368] gyr saturation
W20250111 18:59:42.508636 685523 ImuError.cpp:368] gyr saturation
W20250111 18:59:42.508643 685523 ImuError.cpp:368] gyr saturation
W20250111 18:59:42.508651 685523 ImuError.cpp:368] gyr saturation
W20250111 18:59:42.508658 685523 ImuError.cpp:368] gyr saturation
W20250111 18:59:42.508666 685523 ImuError.cpp:368] gyr saturation
W20250111 18:59:42.508674 685523 ImuError.cpp:368] gyr saturation
W20250111 18:59:42.508682 685523 ImuError.cpp:368] gyr saturation
W20250111 18:59:42.508689 685523 ImuError.cpp:368] gyr saturation
W20250111 18:59:42.508697 685523 ImuError.cpp:368] gyr saturation
W20250111 18:59:42.508705 685523 ImuError.cpp:368] gyr saturation
W20250111 18:59:42.508713 685523 ImuError.cpp:368] gyr saturation
W20250111 18:59:42.508720 685523 ImuError.cpp:368] gyr saturation
W20250111 18:59:42.508731 685523 ImuError.cpp:368] gyr saturation
W20250111 18:59:42.508739 685523 ImuError.cpp:368] gyr saturation
W20250111 18:59:42.508747 685523 ImuError.cpp:368] gyr saturation
W20250111 18:59:42.508754 685523 ImuError.cpp:368] gyr saturation
W20250111 18:59:42.510166 685523 Frontend.cpp:612] 3d2d tracking weak: quality=0. Number of 3d2d-matches: 3
W20250111 18:59:42.511971 685523 ImuError.cpp:650] gyr saturation
W20250111 18:59:42.511984 685523 ImuError.cpp:650] gyr saturation
W20250111 18:59:42.511988 685523 ImuError.cpp:650] gyr saturation
W20250111 18:59:42.511992 685523 ImuError.cpp:650] gyr saturation
W20250111 18:59:42.511996 685523 ImuError.cpp:650] gyr saturation
W20250111 18:59:42.512001 685523 ImuError.cpp:650] gyr saturation
W20250111 18:59:42.512004 685523 ImuError.cpp:650] gyr saturation
W20250111 18:59:42.512007 685523 ImuError.cpp:650] gyr saturation
W20250111 18:59:42.512012 685523 ImuError.cpp:650] gyr saturation
W20250111 18:59:42.512015 685523 ImuError.cpp:650] gyr saturation
W20250111 18:59:42.512019 685523 ImuError.cpp:650] gyr saturation
W20250111 18:59:42.512023 685523 ImuError.cpp:650] gyr saturation
W20250111 18:59:42.512027 685523 ImuError.cpp:650] gyr saturation
W20250111 18:59:42.512030 685523 ImuError.cpp:650] gyr saturation
W20250111 18:59:42.512033 685523 ImuError.cpp:650] gyr saturation
W20250111 18:59:42.512037 685523 ImuError.cpp:650] gyr saturation
W20250111 18:59:42.512041 685523 ImuError.cpp:650] gyr saturation
W20250111 18:59:42.512044 685523 ImuError.cpp:650] gyr saturation
W20250111 18:59:42.512048 685523 ImuError.cpp:650] gyr saturation
W20250111 18:59:42.512053 685523 ImuError.cpp:650] gyr saturation
W20250111 18:59:42.512055 685523 ImuError.cpp:650] gyr saturation
W20250111 18:59:42.512059 685523 ImuError.cpp:650] gyr saturation
W20250111 18:59:42.512069 685523 ImuError.cpp:650] gyr saturation
W20250111 18:59:42.512075 685523 ImuError.cpp:650] gyr saturation
W20250111 18:59:42.512079 685523 ImuError.cpp:650] gyr saturation
W20250111 18:59:42.512082 685523 ImuError.cpp:650] gyr saturation
W20250111 18:59:42.512086 685523 ImuError.cpp:650] gyr saturation
W20250111 18:59:42.512089 685523 ImuError.cpp:650] gyr saturation
W20250111 18:59:42.512094 685523 ImuError.cpp:650] gyr saturation
W20250111 18:59:42.512097 685523 ImuError.cpp:650] gyr saturation
W20250111 18:59:42.512100 685523 ImuError.cpp:650] gyr saturation
W20250111 18:59:42.512104 685523 ImuError.cpp:650] gyr saturation
W20250111 18:59:42.512107 685523 ImuError.cpp:650] gyr saturation
W20250111 18:59:42.512111 685523 ImuError.cpp:650] gyr saturation
W20250111 18:59:42.512115 685523 ImuError.cpp:650] gyr saturation
W20250111 18:59:42.512118 685523 ImuError.cpp:650] gyr saturation
W20250111 18:59:42.512122 685523 ImuError.cpp:650] gyr saturation
W20250111 18:59:42.512125 685523 ImuError.cpp:650] gyr saturation
W20250111 18:59:42.512130 685523 ImuError.cpp:650] gyr saturation
W20250111 18:59:42.512133 685523 ImuError.cpp:650] gyr saturation
W20250111 18:59:42.512137 685523 ImuError.cpp:650] gyr saturation
W20250111 18:59:42.512141 685523 ImuError.cpp:650] gyr saturation
W20250111 18:59:42.512144 685523 ImuError.cpp:650] gyr saturation
W20250111 18:59:42.512148 685523 ImuError.cpp:650] gyr saturation
W20250111 18:59:42.512151 685523 ImuError.cpp:650] gyr saturation
W20250111 18:59:42.512156 685523 ImuError.cpp:650] gyr saturation
W20250111 18:59:42.512158 685523 ImuError.cpp:650] gyr saturation
W20250111 18:59:42.512162 685523 ImuError.cpp:650] gyr saturation
W20250111 18:59:42.512166 685523 ImuError.cpp:650] gyr saturation
W20250111 18:59:42.512169 685523 ImuError.cpp:650] gyr saturation
W20250111 18:59:42.512173 685523 ImuError.cpp:650] gyr saturation
W20250111 18:59:42.512177 685523 ImuError.cpp:650] gyr saturation
W20250111 18:59:42.512181 685523 ImuError.cpp:650] gyr saturation
W20250111 18:59:42.512187 685523 ImuError.cpp:650] gyr saturation
W20250111 18:59:42.512192 685523 ImuError.cpp:650] gyr saturation
W20250111 18:59:42.512197 685523 ImuError.cpp:650] gyr saturation
W20250111 18:59:42.512200 685523 ImuError.cpp:650] gyr saturation
W20250111 18:59:42.512203 685523 ImuError.cpp:650] gyr saturation
W20250111 18:59:42.512207 685523 ImuError.cpp:650] gyr saturation
W20250111 18:59:42.512210 685523 ImuError.cpp:650] gyr saturation
W20250111 18:59:42.512214 685523 ImuError.cpp:650] gyr saturation
W20250111 18:59:42.512217 685523 ImuError.cpp:650] gyr saturation
W20250111 18:59:42.512221 685523 ImuError.cpp:650] gyr saturation
W20250111 18:59:42.512224 685523 ImuError.cpp:650] gyr saturation
W20250111 18:59:42.512229 685523 ImuError.cpp:650] gyr saturation
W20250111 18:59:42.512233 685523 ImuError.cpp:650] gyr saturation
W20250111 18:59:42.512238 685523 ImuError.cpp:650] gyr saturation
W20250111 18:59:42.558077 881905 ViSlamBackend.cpp:466] TRACKING FAILURE: quality=0
W20250111 18:59:42.559521 685523 ImuError.cpp:650] gyr saturation
W20250111 18:59:42.559563 685523 ImuError.cpp:650] gyr saturation
W20250111 18:59:42.559566 685523 ImuError.cpp:650] gyr saturation
W20250111 18:59:42.559571 685523 ImuError.cpp:650] gyr saturation
W20250111 18:59:42.559573 685523 ImuError.cpp:650] gyr saturation
W20250111 18:59:42.559578 685523 ImuError.cpp:650] gyr saturation
W20250111 18:59:42.559581 685523 ImuError.cpp:650] gyr saturation
W20250111 18:59:42.559583 685523 ImuError.cpp:650] gyr saturation
W20250111 18:59:42.559587 685523 ImuError.cpp:650] gyr saturation
W20250111 18:59:42.559589 685523 ImuError.cpp:650] gyr saturation
W20250111 18:59:42.559593 685523 ImuError.cpp:650] gyr saturation
W20250111 18:59:42.559597 685523 ImuError.cpp:650] gyr saturation
W20250111 18:59:42.559608 685523 ImuError.cpp:650] gyr saturation
W20250111 18:59:42.559612 685523 ImuError.cpp:650] gyr saturation
W20250111 18:59:42.559615 685523 ImuError.cpp:650] gyr saturation
W20250111 18:59:42.559643 685523 ImuError.cpp:650] gyr saturation
W20250111 18:59:42.559648 685523 ImuError.cpp:650] gyr saturation
W20250111 18:59:42.559653 685523 ImuError.cpp:650] gyr saturation
W20250111 18:59:42.559656 685523 ImuError.cpp:650] gyr saturation
W20250111 18:59:42.559661 685523 ImuError.cpp:650] gyr saturation
W20250111 18:59:42.559666 685523 ImuError.cpp:650] gyr saturation
W20250111 18:59:42.559670 685523 ImuError.cpp:650] gyr saturation
W20250111 18:59:42.559674 685523 ImuError.cpp:650] gyr saturation
W20250111 18:59:42.559679 685523 ImuError.cpp:650] gyr saturation
W20250111 18:59:42.559682 685523 ImuError.cpp:650] gyr saturation
W20250111 18:59:42.559686 685523 ImuError.cpp:650] gyr saturation
W20250111 18:59:42.559691 685523 ImuError.cpp:650] gyr saturation
W20250111 18:59:42.559697 685523 ImuError.cpp:650] gyr saturation
W20250111 18:59:42.559701 685523 ImuError.cpp:650] gyr saturation
W20250111 18:59:42.559706 685523 ImuError.cpp:650] gyr saturation
W20250111 18:59:42.559710 685523 ImuError.cpp:650] gyr saturation
W20250111 18:59:42.559715 685523 ImuError.cpp:650] gyr saturation
W20250111 18:59:42.559722 685523 ImuError.cpp:650] gyr saturation
W20250111 18:59:42.559727 685523 ImuError.cpp:650] gyr saturation
W20250111 18:59:42.559835 685523 ImuError.cpp:650] gyr saturation
W20250111 18:59:42.559840 685523 ImuError.cpp:650] gyr saturation
W20250111 18:59:42.559844 685523 ImuError.cpp:650] gyr saturation
W20250111 18:59:42.559847 685523 ImuError.cpp:650] gyr saturation
W20250111 18:59:42.559850 685523 ImuError.cpp:650] gyr saturation
W20250111 18:59:42.559854 685523 ImuError.cpp:650] gyr saturation
W20250111 18:59:42.559856 685523 ImuError.cpp:650] gyr saturation
W20250111 18:59:42.559859 685523 ImuError.cpp:650] gyr saturation
W20250111 18:59:42.559863 685523 ImuError.cpp:650] gyr saturation
W20250111 18:59:42.559888 685523 ImuError.cpp:650] gyr saturation
W20250111 18:59:42.559893 685523 ImuError.cpp:650] gyr saturation
W20250111 18:59:42.559898 685523 ImuError.cpp:650] gyr saturation
W20250111 18:59:42.559903 685523 ImuError.cpp:650] gyr saturation
W20250111 18:59:42.559908 685523 ImuError.cpp:650] gyr saturation
W20250111 18:59:42.559912 685523 ImuError.cpp:650] gyr saturation
W20250111 18:59:42.559916 685523 ImuError.cpp:650] gyr saturation
W20250111 18:59:42.559921 685523 ImuError.cpp:650] gyr saturation
W20250111 18:59:42.559924 685523 ImuError.cpp:650] gyr saturation
W20250111 18:59:42.559928 685523 ImuError.cpp:650] gyr saturation
W20250111 18:59:42.559933 685523 ImuError.cpp:650] gyr saturation
W20250111 18:59:42.559937 685523 ImuError.cpp:650] gyr saturation
W20250111 18:59:42.559940 685523 ImuError.cpp:650] gyr saturation
W20250111 18:59:42.559945 685523 ImuError.cpp:650] gyr saturation
W20250111 18:59:42.559952 685523 ImuError.cpp:650] gyr saturation
W20250111 18:59:42.559955 685523 ImuError.cpp:650] gyr saturation
W20250111 18:59:42.559958 685523 ImuError.cpp:650] gyr saturation
W20250111 18:59:42.559964 685523 ImuError.cpp:650] gyr saturation
W20250111 18:59:42.559969 685523 ImuError.cpp:650] gyr saturation
W20250111 18:59:42.559973 685523 ImuError.cpp:650] gyr saturation
W20250111 18:59:42.559976 685523 ImuError.cpp:650] gyr saturation
W20250111 18:59:42.559981 685523 ImuError.cpp:650] gyr saturation
W20250111 18:59:42.559986 685523 ImuError.cpp:650] gyr saturation
W20250111 18:59:42.559991 685523 ImuError.cpp:650] gyr saturation
W20250111 18:59:42.559996 685523 ImuError.cpp:650] gyr saturation
W20250111 18:59:42.560617 685523 Frontend.cpp:615] 3d2d tracking lost. Number of 3d2d-matches: 0
W20250111 18:59:42.562027 685523 ImuError.cpp:650] gyr saturation
W20250111 18:59:42.562040 685523 ImuError.cpp:650] gyr saturation
W20250111 18:59:42.562044 685523 ImuError.cpp:650] gyr saturation
W20250111 18:59:42.562047 685523 ImuError.cpp:650] gyr saturation
W20250111 18:59:42.562052 685523 ImuError.cpp:650] gyr saturation
W20250111 18:59:42.562055 685523 ImuError.cpp:650] gyr saturation
W20250111 18:59:42.562060 685523 ImuError.cpp:650] gyr saturation
W20250111 18:59:42.562063 685523 ImuError.cpp:650] gyr saturation
W20250111 18:59:42.562072 685523 ImuError.cpp:650] gyr saturation
W20250111 18:59:42.562076 685523 ImuError.cpp:650] gyr saturation
W20250111 18:59:42.562080 685523 ImuError.cpp:650] gyr saturation
W20250111 18:59:42.562084 685523 ImuError.cpp:650] gyr saturation
W20250111 18:59:42.562088 685523 ImuError.cpp:650] gyr saturation
W20250111 18:59:42.562093 685523 ImuError.cpp:650] gyr saturation
W20250111 18:59:42.562096 685523 ImuError.cpp:650] gyr saturation
W20250111 18:59:42.562100 685523 ImuError.cpp:650] gyr saturation
W20250111 18:59:42.562104 685523 ImuError.cpp:650] gyr saturation
W20250111 18:59:42.562109 685523 ImuError.cpp:650] gyr saturation
W20250111 18:59:42.562114 685523 ImuError.cpp:650] gyr saturation
W20250111 18:59:42.562117 685523 ImuError.cpp:650] gyr saturation
W20250111 18:59:42.562124 685523 ImuError.cpp:650] gyr saturation
W20250111 18:59:42.562127 685523 ImuError.cpp:650] gyr saturation
W20250111 18:59:42.562131 685523 ImuError.cpp:650] gyr saturation
W20250111 18:59:42.562139 685523 ImuError.cpp:650] gyr saturation
W20250111 18:59:42.562144 685523 ImuError.cpp:650] gyr saturation
W20250111 18:59:42.562150 685523 ImuError.cpp:650] gyr saturation
W20250111 18:59:42.562153 685523 ImuError.cpp:650] gyr saturation
W20250111 18:59:42.562157 685523 ImuError.cpp:650] gyr saturation
W20250111 18:59:42.562163 685523 ImuError.cpp:650] gyr saturation
W20250111 18:59:42.562170 685523 ImuError.cpp:650] gyr saturation
W20250111 18:59:42.562173 685523 ImuError.cpp:650] gyr saturation
W20250111 18:59:42.562177 685523 ImuError.cpp:650] gyr saturation
W20250111 18:59:42.562182 685523 ImuError.cpp:650] gyr saturation
W20250111 18:59:42.562186 685523 ImuError.cpp:650] gyr saturation
W20250111 18:59:42.562192 685523 ImuError.cpp:650] gyr saturation
W20250111 18:59:42.562197 685523 ImuError.cpp:650] gyr saturation
W20250111 18:59:42.562202 685523 ImuError.cpp:650] gyr saturation
W20250111 18:59:42.562206 685523 ImuError.cpp:650] gyr saturation
W20250111 18:59:42.562212 685523 ImuError.cpp:650] gyr saturation
W20250111 18:59:42.562216 685523 ImuError.cpp:650] gyr saturation
W20250111 18:59:42.562222 685523 ImuError.cpp:650] gyr saturation
W20250111 18:59:42.562227 685523 ImuError.cpp:650] gyr saturation
W20250111 18:59:42.562230 685523 ImuError.cpp:650] gyr saturation
W20250111 18:59:42.562238 685523 ImuError.cpp:650] gyr saturation
W20250111 18:59:42.562243 685523 ImuError.cpp:650] gyr saturation
W20250111 18:59:42.562248 685523 ImuError.cpp:650] gyr saturation
W20250111 18:59:42.562253 685523 ImuError.cpp:650] gyr saturation
W20250111 18:59:42.562260 685523 ImuError.cpp:650] gyr saturation
W20250111 18:59:42.562266 685523 ImuError.cpp:650] gyr saturation
W20250111 18:59:42.562271 685523 ImuError.cpp:650] gyr saturation
W20250111 18:59:42.562275 685523 ImuError.cpp:650] gyr saturation
W20250111 18:59:42.562279 685523 ImuError.cpp:650] gyr saturation
W20250111 18:59:42.562283 685523 ImuError.cpp:650] gyr saturation
W20250111 18:59:42.562288 685523 ImuError.cpp:650] gyr saturation
W20250111 18:59:42.562296 685523 ImuError.cpp:650] gyr saturation
W20250111 18:59:42.562301 685523 ImuError.cpp:650] gyr saturation
W20250111 18:59:42.562306 685523 ImuError.cpp:650] gyr saturation
W20250111 18:59:42.562312 685523 ImuError.cpp:650] gyr saturation
W20250111 18:59:42.562317 685523 ImuError.cpp:650] gyr saturation
W20250111 18:59:42.562321 685523 ImuError.cpp:650] gyr saturation
W20250111 18:59:42.562326 685523 ImuError.cpp:650] gyr saturation
W20250111 18:59:42.562331 685523 ImuError.cpp:650] gyr saturation
W20250111 18:59:42.562337 685523 ImuError.cpp:650] gyr saturation
W20250111 18:59:42.562341 685523 ImuError.cpp:650] gyr saturation
W20250111 18:59:42.562346 685523 ImuError.cpp:650] gyr saturation
W20250111 18:59:42.562351 685523 ImuError.cpp:650] gyr saturation
W20250111 18:59:42.562357 685523 ImuError.cpp:650] gyr saturation
W20250111 18:59:42.562361 685523 ImuError.cpp:650] gyr saturation
W20250111 18:59:42.565178 685536 ImuError.cpp:368] gyr saturation
W20250111 18:59:42.565209 685536 ImuError.cpp:368] gyr saturation
W20250111 18:59:42.565227 685536 ImuError.cpp:368] gyr saturation
W20250111 18:59:42.565239 685536 ImuError.cpp:368] gyr saturation
W20250111 18:59:42.565251 685536 ImuError.cpp:368] gyr saturation
W20250111 18:59:42.565261 685536 ImuError.cpp:368] gyr saturation
W20250111 18:59:42.565271 685536 ImuError.cpp:368] gyr saturation
W20250111 18:59:42.565281 685536 ImuError.cpp:368] gyr saturation
W20250111 18:59:42.565291 685536 ImuError.cpp:368] gyr saturation
W20250111 18:59:42.565301 685536 ImuError.cpp:368] gyr saturation
W20250111 18:59:42.565311 685536 ImuError.cpp:368] gyr saturation
W20250111 18:59:42.565320 685536 ImuError.cpp:368] gyr saturation
W20250111 18:59:42.565331 685536 ImuError.cpp:368] gyr saturation
W20250111 18:59:42.565340 685536 ImuError.cpp:368] gyr saturation
W20250111 18:59:42.565351 685536 ImuError.cpp:368] gyr saturation
W20250111 18:59:42.565361 685536 ImuError.cpp:368] gyr saturation
W20250111 18:59:42.565369 685536 ImuError.cpp:368] gyr saturation
W20250111 18:59:42.565379 685536 ImuError.cpp:368] gyr saturation
W20250111 18:59:42.565390 685536 ImuError.cpp:368] gyr saturation
W20250111 18:59:42.565399 685536 ImuError.cpp:368] gyr saturation
W20250111 18:59:42.565409 685536 ImuError.cpp:368] gyr saturation
W20250111 18:59:42.565418 685536 ImuError.cpp:368] gyr saturation
W20250111 18:59:42.565428 685536 ImuError.cpp:368] gyr saturation
W20250111 18:59:42.565438 685536 ImuError.cpp:368] gyr saturation
W20250111 18:59:42.565447 685536 ImuError.cpp:368] gyr saturation
W20250111 18:59:42.565457 685536 ImuError.cpp:368] gyr saturation
W20250111 18:59:42.565466 685536 ImuError.cpp:368] gyr saturation
W20250111 18:59:42.565476 685536 ImuError.cpp:368] gyr saturation
W20250111 18:59:42.565485 685536 ImuError.cpp:368] gyr saturation
W20250111 18:59:42.565496 685536 ImuError.cpp:368] gyr saturation
W20250111 18:59:42.565505 685536 ImuError.cpp:368] gyr saturation
W20250111 18:59:42.565515 685536 ImuError.cpp:368] gyr saturation
W20250111 18:59:42.565526 685536 ImuError.cpp:368] gyr saturation
W20250111 18:59:42.565536 685536 ImuError.cpp:368] gyr saturation
W20250111 18:59:42.608336 881979 ViSlamBackend.cpp:466] TRACKING FAILURE: quality=0
W20250111 18:59:42.609208 685523 ImuError.cpp:650] gyr saturation
W20250111 18:59:42.609237 685523 ImuError.cpp:650] gyr saturation
W20250111 18:59:42.609241 685523 ImuError.cpp:650] gyr saturation
W20250111 18:59:42.609243 685523 ImuError.cpp:650] gyr saturation
W20250111 18:59:42.609246 685523 ImuError.cpp:650] gyr saturation
W20250111 18:59:42.609251 685523 ImuError.cpp:650] gyr saturation
W20250111 18:59:42.609254 685523 ImuError.cpp:650] gyr saturation
W20250111 18:59:42.609257 685523 ImuError.cpp:650] gyr saturation
W20250111 18:59:42.609261 685523 ImuError.cpp:650] gyr saturation
W20250111 18:59:42.609266 685523 ImuError.cpp:650] gyr saturation
W20250111 18:59:42.609270 685523 ImuError.cpp:650] gyr saturation
W20250111 18:59:42.609274 685523 ImuError.cpp:650] gyr saturation
W20250111 18:59:42.609277 685523 ImuError.cpp:650] gyr saturation
W20250111 18:59:42.609280 685523 ImuError.cpp:650] gyr saturation
W20250111 18:59:42.609283 685523 ImuError.cpp:650] gyr saturation
W20250111 18:59:42.609287 685523 ImuError.cpp:650] gyr saturation
W20250111 18:59:42.609292 685523 ImuError.cpp:650] gyr saturation
W20250111 18:59:42.609297 685523 ImuError.cpp:650] gyr saturation
W20250111 18:59:42.609300 685523 ImuError.cpp:650] gyr saturation
W20250111 18:59:42.609303 685523 ImuError.cpp:650] gyr saturation
W20250111 18:59:42.609308 685523 ImuError.cpp:650] gyr saturation
W20250111 18:59:42.609313 685523 ImuError.cpp:650] gyr saturation
W20250111 18:59:42.609319 685523 ImuError.cpp:650] gyr saturation
W20250111 18:59:42.609324 685523 ImuError.cpp:650] gyr saturation
W20250111 18:59:42.609328 685523 ImuError.cpp:650] gyr saturation
W20250111 18:59:42.609335 685523 ImuError.cpp:650] gyr saturation
W20250111 18:59:42.609339 685523 ImuError.cpp:650] gyr saturation
W20250111 18:59:42.609344 685523 ImuError.cpp:650] gyr saturation
W20250111 18:59:42.609347 685523 ImuError.cpp:650] gyr saturation
W20250111 18:59:42.609357 685523 ImuError.cpp:650] gyr saturation
W20250111 18:59:42.609364 685523 ImuError.cpp:650] gyr saturation
W20250111 18:59:42.609369 685523 ImuError.cpp:650] gyr saturation
W20250111 18:59:42.609371 685523 ImuError.cpp:650] gyr saturation
W20250111 18:59:42.609375 685523 ImuError.cpp:650] gyr saturation
W20250111 18:59:42.609378 685523 ImuError.cpp:650] gyr saturation
W20250111 18:59:42.609452 685523 ImuError.cpp:650] gyr saturation
W20250111 18:59:42.609457 685523 ImuError.cpp:650] gyr saturation
W20250111 18:59:42.609462 685523 ImuError.cpp:650] gyr saturation
W20250111 18:59:42.609464 685523 ImuError.cpp:650] gyr saturation
W20250111 18:59:42.609469 685523 ImuError.cpp:650] gyr saturation
W20250111 18:59:42.609473 685523 ImuError.cpp:650] gyr saturation
W20250111 18:59:42.609478 685523 ImuError.cpp:650] gyr saturation
W20250111 18:59:42.609483 685523 ImuError.cpp:650] gyr saturation
W20250111 18:59:42.609486 685523 ImuError.cpp:650] gyr saturation
W20250111 18:59:42.609490 685523 ImuError.cpp:650] gyr saturation
W20250111 18:59:42.609494 685523 ImuError.cpp:650] gyr saturation
W20250111 18:59:42.609498 685523 ImuError.cpp:650] gyr saturation
W20250111 18:59:42.609503 685523 ImuError.cpp:650] gyr saturation
W20250111 18:59:42.609505 685523 ImuError.cpp:650] gyr saturation
W20250111 18:59:42.609509 685523 ImuError.cpp:650] gyr saturation
W20250111 18:59:42.609512 685523 ImuError.cpp:650] gyr saturation
W20250111 18:59:42.609517 685523 ImuError.cpp:650] gyr saturation
W20250111 18:59:42.609521 685523 ImuError.cpp:650] gyr saturation
W20250111 18:59:42.609524 685523 ImuError.cpp:650] gyr saturation
W20250111 18:59:42.609529 685523 ImuError.cpp:650] gyr saturation
W20250111 18:59:42.609531 685523 ImuError.cpp:650] gyr saturation
W20250111 18:59:42.609535 685523 ImuError.cpp:650] gyr saturation
W20250111 18:59:42.609539 685523 ImuError.cpp:650] gyr saturation
W20250111 18:59:42.609542 685523 ImuError.cpp:650] gyr saturation
W20250111 18:59:42.609545 685523 ImuError.cpp:650] gyr saturation
W20250111 18:59:42.609549 685523 ImuError.cpp:650] gyr saturation
W20250111 18:59:42.609552 685523 ImuError.cpp:650] gyr saturation
W20250111 18:59:42.609556 685523 ImuError.cpp:650] gyr saturation
W20250111 18:59:42.609560 685523 ImuError.cpp:650] gyr saturation
W20250111 18:59:42.609563 685523 ImuError.cpp:650] gyr saturation
W20250111 18:59:42.609567 685523 ImuError.cpp:650] gyr saturation
W20250111 18:59:42.609570 685523 ImuError.cpp:650] gyr saturation
W20250111 18:59:42.609573 685523 ImuError.cpp:650] gyr saturation
W20250111 18:59:42.609580 685523 ImuError.cpp:650] gyr saturation
W20250111 18:59:42.609583 685523 ImuError.cpp:650] gyr saturation
W20250111 18:59:42.609985 685523 Frontend.cpp:615] 3d2d tracking lost. Number of 3d2d-matches: 0
W20250111 18:59:42.610473 685523 ImuError.cpp:650] gyr saturation
W20250111 18:59:42.610481 685523 ImuError.cpp:650] gyr saturation
W20250111 18:59:42.610484 685523 ImuError.cpp:650] gyr saturation
W20250111 18:59:42.610488 685523 ImuError.cpp:650] gyr saturation
W20250111 18:59:42.610492 685523 ImuError.cpp:650] gyr saturation
W20250111 18:59:42.610495 685523 ImuError.cpp:650] gyr saturation
W20250111 18:59:42.610499 685523 ImuError.cpp:650] gyr saturation
W20250111 18:59:42.610503 685523 ImuError.cpp:650] gyr saturation
W20250111 18:59:42.610507 685523 ImuError.cpp:650] gyr saturation
W20250111 18:59:42.610512 685523 ImuError.cpp:650] gyr saturation
W20250111 18:59:42.610514 685523 ImuError.cpp:650] gyr saturation
W20250111 18:59:42.610520 685523 ImuError.cpp:650] gyr saturation
W20250111 18:59:42.610524 685523 ImuError.cpp:650] gyr saturation
W20250111 18:59:42.610529 685523 ImuError.cpp:650] gyr saturation
W20250111 18:59:42.610532 685523 ImuError.cpp:650] gyr saturation
W20250111 18:59:42.610536 685523 ImuError.cpp:650] gyr saturation
W20250111 18:59:42.610540 685523 ImuError.cpp:650] gyr saturation
W20250111 18:59:42.610544 685523 ImuError.cpp:650] gyr saturation
W20250111 18:59:42.610548 685523 ImuError.cpp:650] gyr saturation
W20250111 18:59:42.610556 685523 ImuError.cpp:650] gyr saturation
W20250111 18:59:42.610561 685523 ImuError.cpp:650] gyr saturation
W20250111 18:59:42.610565 685523 ImuError.cpp:650] gyr saturation
W20250111 18:59:42.610569 685523 ImuError.cpp:650] gyr saturation
W20250111 18:59:42.610574 685523 ImuError.cpp:650] gyr saturation
W20250111 18:59:42.610577 685523 ImuError.cpp:650] gyr saturation
W20250111 18:59:42.610581 685523 ImuError.cpp:650] gyr saturation
W20250111 18:59:42.610585 685523 ImuError.cpp:650] gyr saturation
W20250111 18:59:42.610589 685523 ImuError.cpp:650] gyr saturation
W20250111 18:59:42.610592 685523 ImuError.cpp:650] gyr saturation
W20250111 18:59:42.610596 685523 ImuError.cpp:650] gyr saturation
W20250111 18:59:42.610600 685523 ImuError.cpp:650] gyr saturation
W20250111 18:59:42.610605 685523 ImuError.cpp:650] gyr saturation
W20250111 18:59:42.610608 685523 ImuError.cpp:650] gyr saturation
W20250111 18:59:42.610612 685523 ImuError.cpp:650] gyr saturation
W20250111 18:59:42.610615 685523 ImuError.cpp:650] gyr saturation
W20250111 18:59:42.610620 685523 ImuError.cpp:650] gyr saturation
W20250111 18:59:42.610626 685523 ImuError.cpp:650] gyr saturation
W20250111 18:59:42.610630 685523 ImuError.cpp:650] gyr saturation
W20250111 18:59:42.610634 685523 ImuError.cpp:650] gyr saturation
W20250111 18:59:42.610638 685523 ImuError.cpp:650] gyr saturation
W20250111 18:59:42.610642 685523 ImuError.cpp:650] gyr saturation
W20250111 18:59:42.610646 685523 ImuError.cpp:650] gyr saturation
W20250111 18:59:42.610648 685523 ImuError.cpp:650] gyr saturation
W20250111 18:59:42.610652 685523 ImuError.cpp:650] gyr saturation
W20250111 18:59:42.610656 685523 ImuError.cpp:650] gyr saturation
W20250111 18:59:42.610659 685523 ImuError.cpp:650] gyr saturation
W20250111 18:59:42.610662 685523 ImuError.cpp:650] gyr saturation
W20250111 18:59:42.610666 685523 ImuError.cpp:650] gyr saturation
W20250111 18:59:42.610669 685523 ImuError.cpp:650] gyr saturation
W20250111 18:59:42.610673 685523 ImuError.cpp:650] gyr saturation
W20250111 18:59:42.610677 685523 ImuError.cpp:650] gyr saturation
W20250111 18:59:42.610680 685523 ImuError.cpp:650] gyr saturation
W20250111 18:59:42.610683 685523 ImuError.cpp:650] gyr saturation
W20250111 18:59:42.610687 685523 ImuError.cpp:650] gyr saturation
W20250111 18:59:42.610690 685523 ImuError.cpp:650] gyr saturation
W20250111 18:59:42.610693 685523 ImuError.cpp:650] gyr saturation
W20250111 18:59:42.610697 685523 ImuError.cpp:650] gyr saturation
W20250111 18:59:42.610700 685523 ImuError.cpp:650] gyr saturation
W20250111 18:59:42.610704 685523 ImuError.cpp:650] gyr saturation
W20250111 18:59:42.610707 685523 ImuError.cpp:650] gyr saturation
W20250111 18:59:42.610710 685523 ImuError.cpp:650] gyr saturation
W20250111 18:59:42.610714 685523 ImuError.cpp:650] gyr saturation
W20250111 18:59:42.610718 685523 ImuError.cpp:650] gyr saturation
W20250111 18:59:42.610720 685523 ImuError.cpp:650] gyr saturation
W20250111 18:59:42.610724 685523 ImuError.cpp:650] gyr saturation
W20250111 18:59:42.610728 685523 ImuError.cpp:650] gyr saturation
W20250111 18:59:42.610731 685523 ImuError.cpp:650] gyr saturation
W20250111 18:59:42.610735 685523 ImuError.cpp:650] gyr saturation
W20250111 18:59:42.612967 685537 ImuError.cpp:368] gyr saturation
W20250111 18:59:42.613029 685537 ImuError.cpp:368] gyr saturation
W20250111 18:59:42.613042 685537 ImuError.cpp:368] gyr saturation
W20250111 18:59:42.613054 685537 ImuError.cpp:368] gyr saturation
W20250111 18:59:42.613066 685537 ImuError.cpp:368] gyr saturation
W20250111 18:59:42.613078 685537 ImuError.cpp:368] gyr saturation
W20250111 18:59:42.613090 685537 ImuError.cpp:368] gyr saturation
W20250111 18:59:42.613101 685537 ImuError.cpp:368] gyr saturation
W20250111 18:59:42.613112 685537 ImuError.cpp:368] gyr saturation
W20250111 18:59:42.613123 685537 ImuError.cpp:368] gyr saturation
W20250111 18:59:42.613135 685537 ImuError.cpp:368] gyr saturation
W20250111 18:59:42.613147 685537 ImuError.cpp:368] gyr saturation
W20250111 18:59:42.613159 685537 ImuError.cpp:368] gyr saturation
W20250111 18:59:42.613183 685537 ImuError.cpp:368] gyr saturation
W20250111 18:59:42.613196 685537 ImuError.cpp:368] gyr saturation
W20250111 18:59:42.613209 685537 ImuError.cpp:368] gyr saturation
W20250111 18:59:42.613219 685537 ImuError.cpp:368] gyr saturation
W20250111 18:59:42.613231 685537 ImuError.cpp:368] gyr saturation
W20250111 18:59:42.613242 685537 ImuError.cpp:368] gyr saturation
W20250111 18:59:42.613253 685537 ImuError.cpp:368] gyr saturation
W20250111 18:59:42.613263 685537 ImuError.cpp:368] gyr saturation
W20250111 18:59:42.613274 685537 ImuError.cpp:368] gyr saturation
W20250111 18:59:42.613286 685537 ImuError.cpp:368] gyr saturation
W20250111 18:59:42.613296 685537 ImuError.cpp:368] gyr saturation
W20250111 18:59:42.613307 685537 ImuError.cpp:368] gyr saturation
W20250111 18:59:42.613318 685537 ImuError.cpp:368] gyr saturation
W20250111 18:59:42.613329 685537 ImuError.cpp:368] gyr saturation
W20250111 18:59:42.613339 685537 ImuError.cpp:368] gyr saturation
W20250111 18:59:42.613350 685537 ImuError.cpp:368] gyr saturation
W20250111 18:59:42.613361 685537 ImuError.cpp:368] gyr saturation
W20250111 18:59:42.613373 685537 ImuError.cpp:368] gyr saturation
W20250111 18:59:42.613384 685537 ImuError.cpp:368] gyr saturation
W20250111 18:59:42.613395 685537 ImuError.cpp:368] gyr saturation
W20250111 18:59:42.613405 685537 ImuError.cpp:368] gyr saturation
W20250111 18:59:42.613417 685537 ImuError.cpp:368] gyr saturation
W20250111 18:59:42.657123 881989 ViSlamBackend.cpp:466] TRACKING FAILURE: quality=0
W20250111 18:59:42.658433 685523 ImuError.cpp:650] gyr saturation
W20250111 18:59:42.658473 685523 ImuError.cpp:650] gyr saturation
W20250111 18:59:42.658478 685523 ImuError.cpp:650] gyr saturation
W20250111 18:59:42.658480 685523 ImuError.cpp:650] gyr saturation
W20250111 18:59:42.658483 685523 ImuError.cpp:650] gyr saturation
W20250111 18:59:42.658488 685523 ImuError.cpp:650] gyr saturation
W20250111 18:59:42.658490 685523 ImuError.cpp:650] gyr saturation
W20250111 18:59:42.658493 685523 ImuError.cpp:650] gyr saturation
W20250111 18:59:42.658499 685523 ImuError.cpp:650] gyr saturation
W20250111 18:59:42.658501 685523 ImuError.cpp:650] gyr saturation
W20250111 18:59:42.658506 685523 ImuError.cpp:650] gyr saturation
W20250111 18:59:42.658511 685523 ImuError.cpp:650] gyr saturation
W20250111 18:59:42.658515 685523 ImuError.cpp:650] gyr saturation
W20250111 18:59:42.658519 685523 ImuError.cpp:650] gyr saturation
W20250111 18:59:42.658524 685523 ImuError.cpp:650] gyr saturation
W20250111 18:59:42.658526 685523 ImuError.cpp:650] gyr saturation
W20250111 18:59:42.658533 685523 ImuError.cpp:650] gyr saturation
W20250111 18:59:42.658538 685523 ImuError.cpp:650] gyr saturation
W20250111 18:59:42.658545 685523 ImuError.cpp:650] gyr saturation
W20250111 18:59:42.658550 685523 ImuError.cpp:650] gyr saturation
W20250111 18:59:42.658555 685523 ImuError.cpp:650] gyr saturation
W20250111 18:59:42.658560 685523 ImuError.cpp:650] gyr saturation
W20250111 18:59:42.658564 685523 ImuError.cpp:650] gyr saturation
W20250111 18:59:42.658569 685523 ImuError.cpp:650] gyr saturation
W20250111 18:59:42.658573 685523 ImuError.cpp:650] gyr saturation
W20250111 18:59:42.658577 685523 ImuError.cpp:650] gyr saturation
W20250111 18:59:42.658582 685523 ImuError.cpp:650] gyr saturation
W20250111 18:59:42.658587 685523 ImuError.cpp:650] gyr saturation
W20250111 18:59:42.658591 685523 ImuError.cpp:650] gyr saturation
W20250111 18:59:42.658596 685523 ImuError.cpp:650] gyr saturation
W20250111 18:59:42.658599 685523 ImuError.cpp:650] gyr saturation
W20250111 18:59:42.658603 685523 ImuError.cpp:650] gyr saturation
W20250111 18:59:42.658607 685523 ImuError.cpp:650] gyr saturation
W20250111 18:59:42.658612 685523 ImuError.cpp:650] gyr saturation
W20250111 18:59:42.658761 685523 ImuError.cpp:650] gyr saturation
W20250111 18:59:42.658766 685523 ImuError.cpp:650] gyr saturation
W20250111 18:59:42.658769 685523 ImuError.cpp:650] gyr saturation
W20250111 18:59:42.658774 685523 ImuError.cpp:650] gyr saturation
W20250111 18:59:42.658778 685523 ImuError.cpp:650] gyr saturation
W20250111 18:59:42.658792 685523 ImuError.cpp:650] gyr saturation
W20250111 18:59:42.658795 685523 ImuError.cpp:650] gyr saturation
W20250111 18:59:42.658800 685523 ImuError.cpp:650] gyr saturation
W20250111 18:59:42.658805 685523 ImuError.cpp:650] gyr saturation
W20250111 18:59:42.658809 685523 ImuError.cpp:650] gyr saturation
W20250111 18:59:42.658813 685523 ImuError.cpp:650] gyr saturation
W20250111 18:59:42.658819 685523 ImuError.cpp:650] gyr saturation
W20250111 18:59:42.658830 685523 ImuError.cpp:650] gyr saturation
W20250111 18:59:42.658838 685523 ImuError.cpp:650] gyr saturation
W20250111 18:59:42.658843 685523 ImuError.cpp:650] gyr saturation
W20250111 18:59:42.658845 685523 ImuError.cpp:650] gyr saturation
W20250111 18:59:42.658850 685523 ImuError.cpp:650] gyr saturation
W20250111 18:59:42.658854 685523 ImuError.cpp:650] gyr saturation
W20250111 18:59:42.658857 685523 ImuError.cpp:650] gyr saturation
W20250111 18:59:42.658862 685523 ImuError.cpp:650] gyr saturation
W20250111 18:59:42.658865 685523 ImuError.cpp:650] gyr saturation
W20250111 18:59:42.658869 685523 ImuError.cpp:650] gyr saturation
W20250111 18:59:42.658874 685523 ImuError.cpp:650] gyr saturation
W20250111 18:59:42.658878 685523 ImuError.cpp:650] gyr saturation
W20250111 18:59:42.658882 685523 ImuError.cpp:650] gyr saturation
W20250111 18:59:42.658887 685523 ImuError.cpp:650] gyr saturation
W20250111 18:59:42.658891 685523 ImuError.cpp:650] gyr saturation
W20250111 18:59:42.658895 685523 ImuError.cpp:650] gyr saturation
W20250111 18:59:42.658900 685523 ImuError.cpp:650] gyr saturation
W20250111 18:59:42.658903 685523 ImuError.cpp:650] gyr saturation
W20250111 18:59:42.658907 685523 ImuError.cpp:650] gyr saturation
W20250111 18:59:42.658911 685523 ImuError.cpp:650] gyr saturation
W20250111 18:59:42.658915 685523 ImuError.cpp:650] gyr saturation
W20250111 18:59:42.658918 685523 ImuError.cpp:650] gyr saturation
W20250111 18:59:42.659296 685523 Frontend.cpp:615] 3d2d tracking lost. Number of 3d2d-matches: 0
W20250111 18:59:42.659782 685523 ImuError.cpp:650] gyr saturation
W20250111 18:59:42.659790 685523 ImuError.cpp:650] gyr saturation
W20250111 18:59:42.659794 685523 ImuError.cpp:650] gyr saturation
W20250111 18:59:42.659798 685523 ImuError.cpp:650] gyr saturation
W20250111 18:59:42.659801 685523 ImuError.cpp:650] gyr saturation
W20250111 18:59:42.659806 685523 ImuError.cpp:650] gyr saturation
W20250111 18:59:42.659808 685523 ImuError.cpp:650] gyr saturation
W20250111 18:59:42.659814 685523 ImuError.cpp:650] gyr saturation
W20250111 18:59:42.659818 685523 ImuError.cpp:650] gyr saturation
W20250111 18:59:42.659827 685523 ImuError.cpp:650] gyr saturation
W20250111 18:59:42.659832 685523 ImuError.cpp:650] gyr saturation
W20250111 18:59:42.659835 685523 ImuError.cpp:650] gyr saturation
W20250111 18:59:42.659840 685523 ImuError.cpp:650] gyr saturation
W20250111 18:59:42.659845 685523 ImuError.cpp:650] gyr saturation
W20250111 18:59:42.659849 685523 ImuError.cpp:650] gyr saturation
W20250111 18:59:42.659853 685523 ImuError.cpp:650] gyr saturation
W20250111 18:59:42.659857 685523 ImuError.cpp:650] gyr saturation
W20250111 18:59:42.659861 685523 ImuError.cpp:650] gyr saturation
W20250111 18:59:42.659865 685523 ImuError.cpp:650] gyr saturation
W20250111 18:59:42.659868 685523 ImuError.cpp:650] gyr saturation
W20250111 18:59:42.659873 685523 ImuError.cpp:650] gyr saturation
W20250111 18:59:42.659875 685523 ImuError.cpp:650] gyr saturation
W20250111 18:59:42.659879 685523 ImuError.cpp:650] gyr saturation
W20250111 18:59:42.659884 685523 ImuError.cpp:650] gyr saturation
W20250111 18:59:42.659888 685523 ImuError.cpp:650] gyr saturation
W20250111 18:59:42.659893 685523 ImuError.cpp:650] gyr saturation
W20250111 18:59:42.659898 685523 ImuError.cpp:650] gyr saturation
W20250111 18:59:42.659902 685523 ImuError.cpp:650] gyr saturation
W20250111 18:59:42.659905 685523 ImuError.cpp:650] gyr saturation
W20250111 18:59:42.659911 685523 ImuError.cpp:650] gyr saturation
W20250111 18:59:42.659915 685523 ImuError.cpp:650] gyr saturation
W20250111 18:59:42.659920 685523 ImuError.cpp:650] gyr saturation
W20250111 18:59:42.659929 685523 ImuError.cpp:650] gyr saturation
W20250111 18:59:42.659932 685523 ImuError.cpp:650] gyr saturation
W20250111 18:59:42.659937 685523 ImuError.cpp:650] gyr saturation
W20250111 18:59:42.659940 685523 ImuError.cpp:650] gyr saturation
W20250111 18:59:42.659945 685523 ImuError.cpp:650] gyr saturation
W20250111 18:59:42.659950 685523 ImuError.cpp:650] gyr saturation
W20250111 18:59:42.659956 685523 ImuError.cpp:650] gyr saturation
W20250111 18:59:42.659960 685523 ImuError.cpp:650] gyr saturation
W20250111 18:59:42.659963 685523 ImuError.cpp:650] gyr saturation
W20250111 18:59:42.659967 685523 ImuError.cpp:650] gyr saturation
W20250111 18:59:42.659972 685523 ImuError.cpp:650] gyr saturation
W20250111 18:59:42.659976 685523 ImuError.cpp:650] gyr saturation
W20250111 18:59:42.659981 685523 ImuError.cpp:650] gyr saturation
W20250111 18:59:42.659984 685523 ImuError.cpp:650] gyr saturation
W20250111 18:59:42.659987 685523 ImuError.cpp:650] gyr saturation
W20250111 18:59:42.659991 685523 ImuError.cpp:650] gyr saturation
W20250111 18:59:42.659996 685523 ImuError.cpp:650] gyr saturation
W20250111 18:59:42.659999 685523 ImuError.cpp:650] gyr saturation
W20250111 18:59:42.660003 685523 ImuError.cpp:650] gyr saturation
W20250111 18:59:42.660006 685523 ImuError.cpp:650] gyr saturation
W20250111 18:59:42.660012 685523 ImuError.cpp:650] gyr saturation
W20250111 18:59:42.660017 685523 ImuError.cpp:650] gyr saturation
W20250111 18:59:42.660020 685523 ImuError.cpp:650] gyr saturation
W20250111 18:59:42.660025 685523 ImuError.cpp:650] gyr saturation
W20250111 18:59:42.660028 685523 ImuError.cpp:650] gyr saturation
W20250111 18:59:42.660034 685523 ImuError.cpp:650] gyr saturation
W20250111 18:59:42.660039 685523 ImuError.cpp:650] gyr saturation
W20250111 18:59:42.660043 685523 ImuError.cpp:650] gyr saturation
W20250111 18:59:42.660048 685523 ImuError.cpp:650] gyr saturation
W20250111 18:59:42.660053 685523 ImuError.cpp:650] gyr saturation
W20250111 18:59:42.660058 685523 ImuError.cpp:650] gyr saturation
W20250111 18:59:42.660061 685523 ImuError.cpp:650] gyr saturation
W20250111 18:59:42.660065 685523 ImuError.cpp:650] gyr saturation
W20250111 18:59:42.660069 685523 ImuError.cpp:650] gyr saturation
W20250111 18:59:42.660074 685523 ImuError.cpp:650] gyr saturation
W20250111 18:59:42.662696 881999 ImuError.cpp:368] gyr saturation
W20250111 18:59:42.662868 881999 ImuError.cpp:368] gyr saturation
W20250111 18:59:42.662881 881999 ImuError.cpp:368] gyr saturation
W20250111 18:59:42.662892 881999 ImuError.cpp:368] gyr saturation
W20250111 18:59:42.662904 881999 ImuError.cpp:368] gyr saturation
W20250111 18:59:42.662915 881999 ImuError.cpp:368] gyr saturation
W20250111 18:59:42.662927 881999 ImuError.cpp:368] gyr saturation
W20250111 18:59:42.662938 881999 ImuError.cpp:368] gyr saturation
W20250111 18:59:42.662950 881999 ImuError.cpp:368] gyr saturation
W20250111 18:59:42.662961 881999 ImuError.cpp:368] gyr saturation
W20250111 18:59:42.662971 881999 ImuError.cpp:368] gyr saturation
W20250111 18:59:42.662982 881999 ImuError.cpp:368] gyr saturation
W20250111 18:59:42.662993 881999 ImuError.cpp:368] gyr saturation
W20250111 18:59:42.663004 881999 ImuError.cpp:368] gyr saturation
W20250111 18:59:42.663015 881999 ImuError.cpp:368] gyr saturation
W20250111 18:59:42.663025 881999 ImuError.cpp:368] gyr saturation
W20250111 18:59:42.663036 881999 ImuError.cpp:368] gyr saturation
W20250111 18:59:42.663048 881999 ImuError.cpp:368] gyr saturation
W20250111 18:59:42.663058 881999 ImuError.cpp:368] gyr saturation
W20250111 18:59:42.663069 881999 ImuError.cpp:368] gyr saturation
W20250111 18:59:42.663080 881999 ImuError.cpp:368] gyr saturation
W20250111 18:59:42.663091 881999 ImuError.cpp:368] gyr saturation
W20250111 18:59:42.663102 881999 ImuError.cpp:368] gyr saturation
W20250111 18:59:42.663112 881999 ImuError.cpp:368] gyr saturation
W20250111 18:59:42.663123 881999 ImuError.cpp:368] gyr saturation
W20250111 18:59:42.663205 881999 ImuError.cpp:368] gyr saturation
W20250111 18:59:42.663218 881999 ImuError.cpp:368] gyr saturation
W20250111 18:59:42.663240 881999 ImuError.cpp:368] gyr saturation
W20250111 18:59:42.663254 881999 ImuError.cpp:368] gyr saturation
W20250111 18:59:42.663266 881999 ImuError.cpp:368] gyr saturation
W20250111 18:59:42.663278 881999 ImuError.cpp:368] gyr saturation
W20250111 18:59:42.663290 881999 ImuError.cpp:368] gyr saturation
W20250111 18:59:42.663301 881999 ImuError.cpp:368] gyr saturation
W20250111 18:59:42.663312 881999 ImuError.cpp:368] gyr saturation
W20250111 18:59:42.705402 881999 ViSlamBackend.cpp:466] TRACKING FAILURE: quality=0
W20250111 18:59:42.705989 685523 ImuError.cpp:650] gyr saturation
W20250111 18:59:42.706024 685523 ImuError.cpp:650] gyr saturation
W20250111 18:59:42.706028 685523 ImuError.cpp:650] gyr saturation
W20250111 18:59:42.706032 685523 ImuError.cpp:650] gyr saturation
W20250111 18:59:42.706038 685523 ImuError.cpp:650] gyr saturation
W20250111 18:59:42.706044 685523 ImuError.cpp:650] gyr saturation
W20250111 18:59:42.706048 685523 ImuError.cpp:650] gyr saturation
W20250111 18:59:42.706053 685523 ImuError.cpp:650] gyr saturation
W20250111 18:59:42.706064 685523 ImuError.cpp:650] gyr saturation
W20250111 18:59:42.706070 685523 ImuError.cpp:650] gyr saturation
W20250111 18:59:42.706075 685523 ImuError.cpp:650] gyr saturation
W20250111 18:59:42.706082 685523 ImuError.cpp:650] gyr saturation
W20250111 18:59:42.706086 685523 ImuError.cpp:650] gyr saturation
W20250111 18:59:42.706090 685523 ImuError.cpp:650] gyr saturation
W20250111 18:59:42.706094 685523 ImuError.cpp:650] gyr saturation
W20250111 18:59:42.706100 685523 ImuError.cpp:650] gyr saturation
W20250111 18:59:42.706104 685523 ImuError.cpp:650] gyr saturation
W20250111 18:59:42.706110 685523 ImuError.cpp:650] gyr saturation
W20250111 18:59:42.706113 685523 ImuError.cpp:650] gyr saturation
W20250111 18:59:42.706117 685523 ImuError.cpp:650] gyr saturation
W20250111 18:59:42.706120 685523 ImuError.cpp:650] gyr saturation
W20250111 18:59:42.706125 685523 ImuError.cpp:650] gyr saturation
W20250111 18:59:42.706130 685523 ImuError.cpp:650] gyr saturation
W20250111 18:59:42.706133 685523 ImuError.cpp:650] gyr saturation
W20250111 18:59:42.706139 685523 ImuError.cpp:650] gyr saturation
W20250111 18:59:42.706143 685523 ImuError.cpp:650] gyr saturation
W20250111 18:59:42.706147 685523 ImuError.cpp:650] gyr saturation
W20250111 18:59:42.706151 685523 ImuError.cpp:650] gyr saturation
W20250111 18:59:42.706156 685523 ImuError.cpp:650] gyr saturation
W20250111 18:59:42.706158 685523 ImuError.cpp:650] gyr saturation
W20250111 18:59:42.706162 685523 ImuError.cpp:650] gyr saturation
W20250111 18:59:42.706166 685523 ImuError.cpp:650] gyr saturation
W20250111 18:59:42.706171 685523 ImuError.cpp:650] gyr saturation
W20250111 18:59:42.706175 685523 ImuError.cpp:650] gyr saturation
W20250111 18:59:42.706208 685523 ImuError.cpp:650] gyr saturation
W20250111 18:59:42.706214 685523 ImuError.cpp:650] gyr saturation
W20250111 18:59:42.706218 685523 ImuError.cpp:650] gyr saturation
W20250111 18:59:42.706220 685523 ImuError.cpp:650] gyr saturation
W20250111 18:59:42.706224 685523 ImuError.cpp:650] gyr saturation
W20250111 18:59:42.706228 685523 ImuError.cpp:650] gyr saturation
W20250111 18:59:42.706233 685523 ImuError.cpp:650] gyr saturation
W20250111 18:59:42.706236 685523 ImuError.cpp:650] gyr saturation
W20250111 18:59:42.706239 685523 ImuError.cpp:650] gyr saturation
W20250111 18:59:42.706243 685523 ImuError.cpp:650] gyr saturation
W20250111 18:59:42.706247 685523 ImuError.cpp:650] gyr saturation
W20250111 18:59:42.706250 685523 ImuError.cpp:650] gyr saturation
W20250111 18:59:42.706255 685523 ImuError.cpp:650] gyr saturation
W20250111 18:59:42.706259 685523 ImuError.cpp:650] gyr saturation
W20250111 18:59:42.706262 685523 ImuError.cpp:650] gyr saturation
W20250111 18:59:42.706265 685523 ImuError.cpp:650] gyr saturation
W20250111 18:59:42.706269 685523 ImuError.cpp:650] gyr saturation
W20250111 18:59:42.706274 685523 ImuError.cpp:650] gyr saturation
W20250111 18:59:42.706281 685523 ImuError.cpp:650] gyr saturation
W20250111 18:59:42.706286 685523 ImuError.cpp:650] gyr saturation
W20250111 18:59:42.706295 685523 ImuError.cpp:650] gyr saturation
W20250111 18:59:42.706301 685523 ImuError.cpp:650] gyr saturation
W20250111 18:59:42.706305 685523 ImuError.cpp:650] gyr saturation
W20250111 18:59:42.706310 685523 ImuError.cpp:650] gyr saturation
W20250111 18:59:42.706315 685523 ImuError.cpp:650] gyr saturation
W20250111 18:59:42.706321 685523 ImuError.cpp:650] gyr saturation
W20250111 18:59:42.706324 685523 ImuError.cpp:650] gyr saturation
W20250111 18:59:42.706331 685523 ImuError.cpp:650] gyr saturation
W20250111 18:59:42.706334 685523 ImuError.cpp:650] gyr saturation
W20250111 18:59:42.706338 685523 ImuError.cpp:650] gyr saturation
W20250111 18:59:42.706341 685523 ImuError.cpp:650] gyr saturation
W20250111 18:59:42.706346 685523 ImuError.cpp:650] gyr saturation
W20250111 18:59:42.706348 685523 ImuError.cpp:650] gyr saturation
W20250111 18:59:42.706353 685523 ImuError.cpp:650] gyr saturation
W20250111 18:59:42.706691 685523 Frontend.cpp:615] 3d2d tracking lost. Number of 3d2d-matches: 0
W20250111 18:59:42.707083 685523 ImuError.cpp:650] gyr saturation
W20250111 18:59:42.707093 685523 ImuError.cpp:650] gyr saturation
W20250111 18:59:42.707098 685523 ImuError.cpp:650] gyr saturation
W20250111 18:59:42.707100 685523 ImuError.cpp:650] gyr saturation
W20250111 18:59:42.707104 685523 ImuError.cpp:650] gyr saturation
W20250111 18:59:42.707109 685523 ImuError.cpp:650] gyr saturation
W20250111 18:59:42.707113 685523 ImuError.cpp:650] gyr saturation
W20250111 18:59:42.707118 685523 ImuError.cpp:650] gyr saturation
W20250111 18:59:42.707121 685523 ImuError.cpp:650] gyr saturation
W20250111 18:59:42.707131 685523 ImuError.cpp:650] gyr saturation
W20250111 18:59:42.707136 685523 ImuError.cpp:650] gyr saturation
W20250111 18:59:42.707140 685523 ImuError.cpp:650] gyr saturation
W20250111 18:59:42.707144 685523 ImuError.cpp:650] gyr saturation
W20250111 18:59:42.707149 685523 ImuError.cpp:650] gyr saturation
W20250111 18:59:42.707152 685523 ImuError.cpp:650] gyr saturation
W20250111 18:59:42.707157 685523 ImuError.cpp:650] gyr saturation
W20250111 18:59:42.707162 685523 ImuError.cpp:650] gyr saturation
W20250111 18:59:42.707166 685523 ImuError.cpp:650] gyr saturation
W20250111 18:59:42.707170 685523 ImuError.cpp:650] gyr saturation
W20250111 18:59:42.707173 685523 ImuError.cpp:650] gyr saturation
W20250111 18:59:42.707177 685523 ImuError.cpp:650] gyr saturation
W20250111 18:59:42.707180 685523 ImuError.cpp:650] gyr saturation
W20250111 18:59:42.707185 685523 ImuError.cpp:650] gyr saturation
W20250111 18:59:42.707190 685523 ImuError.cpp:650] gyr saturation
W20250111 18:59:42.707194 685523 ImuError.cpp:650] gyr saturation
W20250111 18:59:42.707199 685523 ImuError.cpp:650] gyr saturation
W20250111 18:59:42.707203 685523 ImuError.cpp:650] gyr saturation
W20250111 18:59:42.707209 685523 ImuError.cpp:650] gyr saturation
W20250111 18:59:42.707216 685523 ImuError.cpp:650] gyr saturation
W20250111 18:59:42.707219 685523 ImuError.cpp:650] gyr saturation
W20250111 18:59:42.707223 685523 ImuError.cpp:650] gyr saturation
W20250111 18:59:42.707228 685523 ImuError.cpp:650] gyr saturation
W20250111 18:59:42.707233 685523 ImuError.cpp:650] gyr saturation
W20250111 18:59:42.707237 685523 ImuError.cpp:650] gyr saturation
W20250111 18:59:42.707242 685523 ImuError.cpp:650] gyr saturation
W20250111 18:59:42.707247 685523 ImuError.cpp:650] gyr saturation
W20250111 18:59:42.707250 685523 ImuError.cpp:650] gyr saturation
W20250111 18:59:42.707257 685523 ImuError.cpp:650] gyr saturation
W20250111 18:59:42.707260 685523 ImuError.cpp:650] gyr saturation
W20250111 18:59:42.707263 685523 ImuError.cpp:650] gyr saturation
W20250111 18:59:42.707269 685523 ImuError.cpp:650] gyr saturation
W20250111 18:59:42.707273 685523 ImuError.cpp:650] gyr saturation
W20250111 18:59:42.707276 685523 ImuError.cpp:650] gyr saturation
W20250111 18:59:42.707281 685523 ImuError.cpp:650] gyr saturation
W20250111 18:59:42.707285 685523 ImuError.cpp:650] gyr saturation
W20250111 18:59:42.707288 685523 ImuError.cpp:650] gyr saturation
W20250111 18:59:42.707296 685523 ImuError.cpp:650] gyr saturation
W20250111 18:59:42.707301 685523 ImuError.cpp:650] gyr saturation
W20250111 18:59:42.707305 685523 ImuError.cpp:650] gyr saturation
W20250111 18:59:42.707309 685523 ImuError.cpp:650] gyr saturation
W20250111 18:59:42.707312 685523 ImuError.cpp:650] gyr saturation
W20250111 18:59:42.707316 685523 ImuError.cpp:650] gyr saturation
W20250111 18:59:42.707320 685523 ImuError.cpp:650] gyr saturation
W20250111 18:59:42.707324 685523 ImuError.cpp:650] gyr saturation
W20250111 18:59:42.707329 685523 ImuError.cpp:650] gyr saturation
W20250111 18:59:42.707333 685523 ImuError.cpp:650] gyr saturation
W20250111 18:59:42.707336 685523 ImuError.cpp:650] gyr saturation
W20250111 18:59:42.707341 685523 ImuError.cpp:650] gyr saturation
W20250111 18:59:42.707345 685523 ImuError.cpp:650] gyr saturation
W20250111 18:59:42.707348 685523 ImuError.cpp:650] gyr saturation
W20250111 18:59:42.707352 685523 ImuError.cpp:650] gyr saturation
W20250111 18:59:42.707356 685523 ImuError.cpp:650] gyr saturation
W20250111 18:59:42.707360 685523 ImuError.cpp:650] gyr saturation
W20250111 18:59:42.707365 685523 ImuError.cpp:650] gyr saturation
W20250111 18:59:42.707368 685523 ImuError.cpp:650] gyr saturation
W20250111 18:59:42.707372 685523 ImuError.cpp:650] gyr saturation
W20250111 18:59:42.707377 685523 ImuError.cpp:650] gyr saturation
W20250111 18:59:42.707381 685523 ImuError.cpp:650] gyr saturation
W20250111 18:59:42.709748 882009 ImuError.cpp:368] gyr saturation
W20250111 18:59:42.709817 882009 ImuError.cpp:368] gyr saturation
W20250111 18:59:42.709839 882009 ImuError.cpp:368] gyr saturation
W20250111 18:59:42.709854 882009 ImuError.cpp:368] gyr saturation
W20250111 18:59:42.709865 882009 ImuError.cpp:368] gyr saturation
W20250111 18:59:42.709877 882009 ImuError.cpp:368] gyr saturation
W20250111 18:59:42.709888 882009 ImuError.cpp:368] gyr saturation
W20250111 18:59:42.709900 882009 ImuError.cpp:368] gyr saturation
W20250111 18:59:42.709911 882009 ImuError.cpp:368] gyr saturation
W20250111 18:59:42.709923 882009 ImuError.cpp:368] gyr saturation
W20250111 18:59:42.709933 882009 ImuError.cpp:368] gyr saturation
W20250111 18:59:42.709944 882009 ImuError.cpp:368] gyr saturation
W20250111 18:59:42.709955 882009 ImuError.cpp:368] gyr saturation
W20250111 18:59:42.709966 882009 ImuError.cpp:368] gyr saturation
W20250111 18:59:42.709978 882009 ImuError.cpp:368] gyr saturation
W20250111 18:59:42.709990 882009 ImuError.cpp:368] gyr saturation
W20250111 18:59:42.710000 882009 ImuError.cpp:368] gyr saturation
W20250111 18:59:42.710011 882009 ImuError.cpp:368] gyr saturation
W20250111 18:59:42.710022 882009 ImuError.cpp:368] gyr saturation
W20250111 18:59:42.710033 882009 ImuError.cpp:368] gyr saturation
W20250111 18:59:42.710044 882009 ImuError.cpp:368] gyr saturation
W20250111 18:59:42.710057 882009 ImuError.cpp:368] gyr saturation
W20250111 18:59:42.710067 882009 ImuError.cpp:368] gyr saturation
W20250111 18:59:42.710078 882009 ImuError.cpp:368] gyr saturation
W20250111 18:59:42.710090 882009 ImuError.cpp:368] gyr saturation
W20250111 18:59:42.710100 882009 ImuError.cpp:368] gyr saturation
W20250111 18:59:42.710111 882009 ImuError.cpp:368] gyr saturation
W20250111 18:59:42.710122 882009 ImuError.cpp:368] gyr saturation
W20250111 18:59:42.710134 882009 ImuError.cpp:368] gyr saturation
W20250111 18:59:42.710144 882009 ImuError.cpp:368] gyr saturation
W20250111 18:59:42.710155 882009 ImuError.cpp:368] gyr saturation
W20250111 18:59:42.710166 882009 ImuError.cpp:368] gyr saturation
W20250111 18:59:42.710176 882009 ImuError.cpp:368] gyr saturation
W20250111 18:59:42.710187 882009 ImuError.cpp:368] gyr saturation
W20250111 18:59:42.729812 882009 ViSlamBackend.cpp:466] TRACKING FAILURE: quality=0
W20250111 18:59:42.729983 882009 ImuError.cpp:165] gyr saturation
W20250111 18:59:42.730005 882009 ImuError.cpp:165] gyr saturation
W20250111 18:59:42.730015 882009 ImuError.cpp:165] gyr saturation
W20250111 18:59:42.730026 882009 ImuError.cpp:165] gyr saturation
W20250111 18:59:42.730037 882009 ImuError.cpp:165] gyr saturation
W20250111 18:59:42.730060 882009 ImuError.cpp:165] gyr saturation
W20250111 18:59:42.730069 882009 ImuError.cpp:165] gyr saturation
W20250111 18:59:42.730078 882009 ImuError.cpp:165] gyr saturation
W20250111 18:59:42.730086 882009 ImuError.cpp:165] gyr saturation
W20250111 18:59:42.730096 882009 ImuError.cpp:165] gyr saturation
W20250111 18:59:42.730106 882009 ImuError.cpp:165] gyr saturation
W20250111 18:59:42.730114 882009 ImuError.cpp:165] gyr saturation
W20250111 18:59:42.730125 882009 ImuError.cpp:165] gyr saturation
W20250111 18:59:42.730136 882009 ImuError.cpp:165] gyr saturation
W20250111 18:59:42.730144 882009 ImuError.cpp:165] gyr saturation
W20250111 18:59:42.730154 882009 ImuError.cpp:165] gyr saturation
W20250111 18:59:42.730161 882009 ImuError.cpp:165] gyr saturation
W20250111 18:59:42.730170 882009 ImuError.cpp:165] gyr saturation
W20250111 18:59:42.730177 882009 ImuError.cpp:165] gyr saturation
W20250111 18:59:42.730186 882009 ImuError.cpp:165] gyr saturation
W20250111 18:59:42.730194 882009 ImuError.cpp:165] gyr saturation
W20250111 18:59:42.730204 882009 ImuError.cpp:165] gyr saturation
W20250111 18:59:42.730211 882009 ImuError.cpp:165] gyr saturation
W20250111 18:59:42.730221 882009 ImuError.cpp:165] gyr saturation
W20250111 18:59:42.730232 882009 ImuError.cpp:165] gyr saturation
W20250111 18:59:42.730242 882009 ImuError.cpp:165] gyr saturation
W20250111 18:59:42.730249 882009 ImuError.cpp:165] gyr saturation
W20250111 18:59:42.730259 882009 ImuError.cpp:165] gyr saturation
W20250111 18:59:42.730268 882009 ImuError.cpp:165] gyr saturation
W20250111 18:59:42.730279 882009 ImuError.cpp:165] gyr saturation
W20250111 18:59:42.730290 882009 ImuError.cpp:165] gyr saturation
W20250111 18:59:42.730300 882009 ImuError.cpp:165] gyr saturation
W20250111 18:59:42.730309 882009 ImuError.cpp:165] gyr saturation
W20250111 18:59:42.730319 882009 ImuError.cpp:165] gyr saturation
W20250111 18:59:42.730329 882009 ImuError.cpp:165] gyr saturation
W20250111 18:59:42.730398 882009 ImuError.cpp:165] gyr saturation
W20250111 18:59:42.730407 882009 ImuError.cpp:165] gyr saturation
W20250111 18:59:42.730415 882009 ImuError.cpp:165] gyr saturation
W20250111 18:59:42.730423 882009 ImuError.cpp:165] gyr saturation
W20250111 18:59:42.730433 882009 ImuError.cpp:165] gyr saturation
W20250111 18:59:42.730444 882009 ImuError.cpp:165] gyr saturation
W20250111 18:59:42.730453 882009 ImuError.cpp:165] gyr saturation
W20250111 18:59:42.730461 882009 ImuError.cpp:165] gyr saturation
W20250111 18:59:42.730473 882009 ImuError.cpp:165] gyr saturation
W20250111 18:59:42.730484 882009 ImuError.cpp:165] gyr saturation
W20250111 18:59:42.730495 882009 ImuError.cpp:165] gyr saturation
W20250111 18:59:42.730504 882009 ImuError.cpp:165] gyr saturation
W20250111 18:59:42.730512 882009 ImuError.cpp:165] gyr saturation
W20250111 18:59:42.730523 882009 ImuError.cpp:165] gyr saturation
W20250111 18:59:42.730533 882009 ImuError.cpp:165] gyr saturation
W20250111 18:59:42.730542 882009 ImuError.cpp:165] gyr saturation
W20250111 18:59:42.730552 882009 ImuError.cpp:165] gyr saturation
W20250111 18:59:42.730561 882009 ImuError.cpp:165] gyr saturation
W20250111 18:59:42.730569 882009 ImuError.cpp:165] gyr saturation
W20250111 18:59:42.730577 882009 ImuError.cpp:165] gyr saturation
W20250111 18:59:42.730585 882009 ImuError.cpp:165] gyr saturation
W20250111 18:59:42.730593 882009 ImuError.cpp:165] gyr saturation
W20250111 18:59:42.730602 882009 ImuError.cpp:165] gyr saturation
W20250111 18:59:42.730612 882009 ImuError.cpp:165] gyr saturation
W20250111 18:59:42.730621 882009 ImuError.cpp:165] gyr saturation
W20250111 18:59:42.730631 882009 ImuError.cpp:165] gyr saturation
W20250111 18:59:42.730641 882009 ImuError.cpp:165] gyr saturation
W20250111 18:59:42.730650 882009 ImuError.cpp:165] gyr saturation
W20250111 18:59:42.730660 882009 ImuError.cpp:165] gyr saturation
W20250111 18:59:42.730670 882009 ImuError.cpp:165] gyr saturation
W20250111 18:59:42.730679 882009 ImuError.cpp:165] gyr saturation
W20250111 18:59:42.730690 882009 ImuError.cpp:165] gyr saturation
W20250111 18:59:42.730702 882009 ImuError.cpp:165] gyr saturation
W20250111 18:59:42.730715 882009 ImuError.cpp:165] gyr saturation
W20250111 18:59:42.730724 882009 ImuError.cpp:165] gyr saturation
W20250111 18:59:42.730989 685523 ImuError.cpp:650] gyr saturation
W20250111 18:59:42.731009 685523 ImuError.cpp:650] gyr saturation
W20250111 18:59:42.731015 685523 ImuError.cpp:650] gyr saturation
W20250111 18:59:42.731019 685523 ImuError.cpp:650] gyr saturation
W20250111 18:59:42.731024 685523 ImuError.cpp:650] gyr saturation
W20250111 18:59:42.731029 685523 ImuError.cpp:650] gyr saturation
W20250111 18:59:42.731034 685523 ImuError.cpp:650] gyr saturation
W20250111 18:59:42.731038 685523 ImuError.cpp:650] gyr saturation
W20250111 18:59:42.731042 685523 ImuError.cpp:650] gyr saturation
W20250111 18:59:42.731046 685523 ImuError.cpp:650] gyr saturation
W20250111 18:59:42.731050 685523 ImuError.cpp:650] gyr saturation
W20250111 18:59:42.731055 685523 ImuError.cpp:650] gyr saturation
W20250111 18:59:42.731060 685523 ImuError.cpp:650] gyr saturation
W20250111 18:59:42.731066 685523 ImuError.cpp:650] gyr saturation
W20250111 18:59:42.731070 685523 ImuError.cpp:650] gyr saturation
W20250111 18:59:42.731076 685523 ImuError.cpp:650] gyr saturation
W20250111 18:59:42.731079 685523 ImuError.cpp:650] gyr saturation
W20250111 18:59:42.731084 685523 ImuError.cpp:650] gyr saturation
W20250111 18:59:42.731088 685523 ImuError.cpp:650] gyr saturation
W20250111 18:59:42.731092 685523 ImuError.cpp:650] gyr saturation
W20250111 18:59:42.731096 685523 ImuError.cpp:650] gyr saturation
W20250111 18:59:42.731101 685523 ImuError.cpp:650] gyr saturation
W20250111 18:59:42.731105 685523 ImuError.cpp:650] gyr saturation
W20250111 18:59:42.731109 685523 ImuError.cpp:650] gyr saturation
W20250111 18:59:42.731114 685523 ImuError.cpp:650] gyr saturation
W20250111 18:59:42.731118 685523 ImuError.cpp:650] gyr saturation
W20250111 18:59:42.731122 685523 ImuError.cpp:650] gyr saturation
W20250111 18:59:42.731127 685523 ImuError.cpp:650] gyr saturation
W20250111 18:59:42.731130 685523 ImuError.cpp:650] gyr saturation
W20250111 18:59:42.731135 685523 ImuError.cpp:650] gyr saturation
W20250111 18:59:42.731139 685523 ImuError.cpp:650] gyr saturation
W20250111 18:59:42.731143 685523 ImuError.cpp:650] gyr saturation
W20250111 18:59:42.731148 685523 ImuError.cpp:650] gyr saturation
W20250111 18:59:42.731153 685523 ImuError.cpp:650] gyr saturation
W20250111 18:59:42.731156 685523 ImuError.cpp:650] gyr saturation
W20250111 18:59:42.731181 685523 ImuError.cpp:650] gyr saturation
W20250111 18:59:42.731186 685523 ImuError.cpp:650] gyr saturation
W20250111 18:59:42.731190 685523 ImuError.cpp:650] gyr saturation
W20250111 18:59:42.731194 685523 ImuError.cpp:650] gyr saturation
W20250111 18:59:42.731199 685523 ImuError.cpp:650] gyr saturation
W20250111 18:59:42.731204 685523 ImuError.cpp:650] gyr saturation
W20250111 18:59:42.731207 685523 ImuError.cpp:650] gyr saturation
W20250111 18:59:42.731211 685523 ImuError.cpp:650] gyr saturation
W20250111 18:59:42.731215 685523 ImuError.cpp:650] gyr saturation
W20250111 18:59:42.731220 685523 ImuError.cpp:650] gyr saturation
W20250111 18:59:42.731225 685523 ImuError.cpp:650] gyr saturation
W20250111 18:59:42.731230 685523 ImuError.cpp:650] gyr saturation
W20250111 18:59:42.731235 685523 ImuError.cpp:650] gyr saturation
W20250111 18:59:42.731238 685523 ImuError.cpp:650] gyr saturation
W20250111 18:59:42.731242 685523 ImuError.cpp:650] gyr saturation
W20250111 18:59:42.731246 685523 ImuError.cpp:650] gyr saturation
W20250111 18:59:42.731251 685523 ImuError.cpp:650] gyr saturation
W20250111 18:59:42.731256 685523 ImuError.cpp:650] gyr saturation
W20250111 18:59:42.731259 685523 ImuError.cpp:650] gyr saturation
W20250111 18:59:42.731264 685523 ImuError.cpp:650] gyr saturation
W20250111 18:59:42.731268 685523 ImuError.cpp:650] gyr saturation
W20250111 18:59:42.731272 685523 ImuError.cpp:650] gyr saturation
W20250111 18:59:42.731276 685523 ImuError.cpp:650] gyr saturation
W20250111 18:59:42.731280 685523 ImuError.cpp:650] gyr saturation
W20250111 18:59:42.731288 685523 ImuError.cpp:650] gyr saturation
W20250111 18:59:42.731293 685523 ImuError.cpp:650] gyr saturation
W20250111 18:59:42.731297 685523 ImuError.cpp:650] gyr saturation
W20250111 18:59:42.731302 685523 ImuError.cpp:650] gyr saturation
W20250111 18:59:42.731305 685523 ImuError.cpp:650] gyr saturation
W20250111 18:59:42.731308 685523 ImuError.cpp:650] gyr saturation
W20250111 18:59:42.731312 685523 ImuError.cpp:650] gyr saturation
W20250111 18:59:42.731316 685523 ImuError.cpp:650] gyr saturation
W20250111 18:59:42.731319 685523 ImuError.cpp:650] gyr saturation
W20250111 18:59:42.731323 685523 ImuError.cpp:650] gyr saturation
W20250111 18:59:42.731328 685523 ImuError.cpp:650] gyr saturation
W20250111 18:59:42.731716 685523 Frontend.cpp:615] 3d2d tracking lost. Number of 3d2d-matches: 0
W20250111 18:59:42.732064 685523 ImuError.cpp:650] gyr saturation
W20250111 18:59:42.732071 685523 ImuError.cpp:650] gyr saturation
W20250111 18:59:42.732074 685523 ImuError.cpp:650] gyr saturation
W20250111 18:59:42.732079 685523 ImuError.cpp:650] gyr saturation
W20250111 18:59:42.732084 685523 ImuError.cpp:650] gyr saturation
W20250111 18:59:42.732087 685523 ImuError.cpp:650] gyr saturation
W20250111 18:59:42.732095 685523 ImuError.cpp:650] gyr saturation
W20250111 18:59:42.732098 685523 ImuError.cpp:650] gyr saturation
W20250111 18:59:42.732102 685523 ImuError.cpp:650] gyr saturation
W20250111 18:59:42.732106 685523 ImuError.cpp:650] gyr saturation
W20250111 18:59:42.732111 685523 ImuError.cpp:650] gyr saturation
W20250111 18:59:42.732115 685523 ImuError.cpp:650] gyr saturation
W20250111 18:59:42.732120 685523 ImuError.cpp:650] gyr saturation
W20250111 18:59:42.732124 685523 ImuError.cpp:650] gyr saturation
W20250111 18:59:42.732128 685523 ImuError.cpp:650] gyr saturation
W20250111 18:59:42.732132 685523 ImuError.cpp:650] gyr saturation
W20250111 18:59:42.732136 685523 ImuError.cpp:650] gyr saturation
W20250111 18:59:42.732142 685523 ImuError.cpp:650] gyr saturation
W20250111 18:59:42.732148 685523 ImuError.cpp:650] gyr saturation
W20250111 18:59:42.732153 685523 ImuError.cpp:650] gyr saturation
W20250111 18:59:42.732157 685523 ImuError.cpp:650] gyr saturation
W20250111 18:59:42.732161 685523 ImuError.cpp:650] gyr saturation
W20250111 18:59:42.732165 685523 ImuError.cpp:650] gyr saturation
W20250111 18:59:42.732169 685523 ImuError.cpp:650] gyr saturation
W20250111 18:59:42.732174 685523 ImuError.cpp:650] gyr saturation
W20250111 18:59:42.732180 685523 ImuError.cpp:650] gyr saturation
W20250111 18:59:42.732185 685523 ImuError.cpp:650] gyr saturation
W20250111 18:59:42.732190 685523 ImuError.cpp:650] gyr saturation
W20250111 18:59:42.732195 685523 ImuError.cpp:650] gyr saturation
W20250111 18:59:42.732199 685523 ImuError.cpp:650] gyr saturation
W20250111 18:59:42.732205 685523 ImuError.cpp:650] gyr saturation
W20250111 18:59:42.732211 685523 ImuError.cpp:650] gyr saturation
W20250111 18:59:42.732215 685523 ImuError.cpp:650] gyr saturation
W20250111 18:59:42.732219 685523 ImuError.cpp:650] gyr saturation
W20250111 18:59:42.732223 685523 ImuError.cpp:650] gyr saturation
W20250111 18:59:42.732229 685523 ImuError.cpp:650] gyr saturation
W20250111 18:59:42.732234 685523 ImuError.cpp:650] gyr saturation
W20250111 18:59:42.732239 685523 ImuError.cpp:650] gyr saturation
W20250111 18:59:42.732244 685523 ImuError.cpp:650] gyr saturation
W20250111 18:59:42.732249 685523 ImuError.cpp:650] gyr saturation
W20250111 18:59:42.732252 685523 ImuError.cpp:650] gyr saturation
W20250111 18:59:42.732256 685523 ImuError.cpp:650] gyr saturation
W20250111 18:59:42.732261 685523 ImuError.cpp:650] gyr saturation
W20250111 18:59:42.732265 685523 ImuError.cpp:650] gyr saturation
W20250111 18:59:42.732268 685523 ImuError.cpp:650] gyr saturation
W20250111 18:59:42.732275 685523 ImuError.cpp:650] gyr saturation
W20250111 18:59:42.732277 685523 ImuError.cpp:650] gyr saturation
W20250111 18:59:42.732281 685523 ImuError.cpp:650] gyr saturation
W20250111 18:59:42.732285 685523 ImuError.cpp:650] gyr saturation
W20250111 18:59:42.732290 685523 ImuError.cpp:650] gyr saturation
W20250111 18:59:42.732296 685523 ImuError.cpp:650] gyr saturation
W20250111 18:59:42.732299 685523 ImuError.cpp:650] gyr saturation
W20250111 18:59:42.732303 685523 ImuError.cpp:650] gyr saturation
W20250111 18:59:42.732307 685523 ImuError.cpp:650] gyr saturation
W20250111 18:59:42.732311 685523 ImuError.cpp:650] gyr saturation
W20250111 18:59:42.732314 685523 ImuError.cpp:650] gyr saturation
W20250111 18:59:42.732318 685523 ImuError.cpp:650] gyr saturation
W20250111 18:59:42.732321 685523 ImuError.cpp:650] gyr saturation
W20250111 18:59:42.732326 685523 ImuError.cpp:650] gyr saturation
W20250111 18:59:42.732331 685523 ImuError.cpp:650] gyr saturation
W20250111 18:59:42.732335 685523 ImuError.cpp:650] gyr saturation
W20250111 18:59:42.732339 685523 ImuError.cpp:650] gyr saturation
W20250111 18:59:42.732344 685523 ImuError.cpp:650] gyr saturation
W20250111 18:59:42.732348 685523 ImuError.cpp:650] gyr saturation
W20250111 18:59:42.732352 685523 ImuError.cpp:650] gyr saturation
W20250111 18:59:42.732355 685523 ImuError.cpp:650] gyr saturation
W20250111 18:59:42.732360 685523 ImuError.cpp:650] gyr saturation
W20250111 18:59:42.732365 685523 ImuError.cpp:650] gyr saturation
W20250111 18:59:42.734505 882027 ImuError.cpp:368] gyr saturation
W20250111 18:59:42.734588 882027 ImuError.cpp:368] gyr saturation
W20250111 18:59:42.734601 882027 ImuError.cpp:368] gyr saturation
W20250111 18:59:42.734614 882027 ImuError.cpp:368] gyr saturation
W20250111 18:59:42.734628 882027 ImuError.cpp:368] gyr saturation
W20250111 18:59:42.734639 882027 ImuError.cpp:368] gyr saturation
W20250111 18:59:42.734650 882027 ImuError.cpp:368] gyr saturation
W20250111 18:59:42.734663 882027 ImuError.cpp:368] gyr saturation
W20250111 18:59:42.734673 882027 ImuError.cpp:368] gyr saturation
W20250111 18:59:42.734684 882027 ImuError.cpp:368] gyr saturation
W20250111 18:59:42.734695 882027 ImuError.cpp:368] gyr saturation
W20250111 18:59:42.734707 882027 ImuError.cpp:368] gyr saturation
W20250111 18:59:42.734719 882027 ImuError.cpp:368] gyr saturation
W20250111 18:59:42.734730 882027 ImuError.cpp:368] gyr saturation
W20250111 18:59:42.734741 882027 ImuError.cpp:368] gyr saturation
W20250111 18:59:42.734753 882027 ImuError.cpp:368] gyr saturation
W20250111 18:59:42.734764 882027 ImuError.cpp:368] gyr saturation
W20250111 18:59:42.734776 882027 ImuError.cpp:368] gyr saturation
W20250111 18:59:42.734786 882027 ImuError.cpp:368] gyr saturation
W20250111 18:59:42.734797 882027 ImuError.cpp:368] gyr saturation
W20250111 18:59:42.734808 882027 ImuError.cpp:368] gyr saturation
W20250111 18:59:42.734818 882027 ImuError.cpp:368] gyr saturation
W20250111 18:59:42.734838 882027 ImuError.cpp:368] gyr saturation
W20250111 18:59:42.734850 882027 ImuError.cpp:368] gyr saturation
W20250111 18:59:42.734862 882027 ImuError.cpp:368] gyr saturation
W20250111 18:59:42.734874 882027 ImuError.cpp:368] gyr saturation
W20250111 18:59:42.734884 882027 ImuError.cpp:368] gyr saturation
W20250111 18:59:42.734894 882027 ImuError.cpp:368] gyr saturation
W20250111 18:59:42.734906 882027 ImuError.cpp:368] gyr saturation
W20250111 18:59:42.734920 882027 ImuError.cpp:368] gyr saturation
W20250111 18:59:42.734931 882027 ImuError.cpp:368] gyr saturation
W20250111 18:59:42.734942 882027 ImuError.cpp:368] gyr saturation
W20250111 18:59:42.734954 882027 ImuError.cpp:368] gyr saturation
W20250111 18:59:42.734966 882027 ImuError.cpp:368] gyr saturation
W20250111 18:59:42.734977 882027 ImuError.cpp:368] gyr saturation
W20250111 18:59:42.782363 882027 ViSlamBackend.cpp:466] TRACKING FAILURE: quality=0
W20250111 18:59:42.782531 882027 ImuError.cpp:165] gyr saturation
W20250111 18:59:42.782554 882027 ImuError.cpp:165] gyr saturation
W20250111 18:59:42.782565 882027 ImuError.cpp:165] gyr saturation
W20250111 18:59:42.782577 882027 ImuError.cpp:165] gyr saturation
W20250111 18:59:42.782588 882027 ImuError.cpp:165] gyr saturation
W20250111 18:59:42.782598 882027 ImuError.cpp:165] gyr saturation
W20250111 18:59:42.782609 882027 ImuError.cpp:165] gyr saturation
W20250111 18:59:42.782619 882027 ImuError.cpp:165] gyr saturation
W20250111 18:59:42.782645 882027 ImuError.cpp:165] gyr saturation
W20250111 18:59:42.782656 882027 ImuError.cpp:165] gyr saturation
W20250111 18:59:42.782666 882027 ImuError.cpp:165] gyr saturation
W20250111 18:59:42.782677 882027 ImuError.cpp:165] gyr saturation
W20250111 18:59:42.782688 882027 ImuError.cpp:165] gyr saturation
W20250111 18:59:42.782699 882027 ImuError.cpp:165] gyr saturation
W20250111 18:59:42.782709 882027 ImuError.cpp:165] gyr saturation
W20250111 18:59:42.782720 882027 ImuError.cpp:165] gyr saturation
W20250111 18:59:42.782732 882027 ImuError.cpp:165] gyr saturation
W20250111 18:59:42.782742 882027 ImuError.cpp:165] gyr saturation
W20250111 18:59:42.782752 882027 ImuError.cpp:165] gyr saturation
W20250111 18:59:42.782763 882027 ImuError.cpp:165] gyr saturation
W20250111 18:59:42.782773 882027 ImuError.cpp:165] gyr saturation
W20250111 18:59:42.782783 882027 ImuError.cpp:165] gyr saturation
W20250111 18:59:42.782794 882027 ImuError.cpp:165] gyr saturation
W20250111 18:59:42.782804 882027 ImuError.cpp:165] gyr saturation
W20250111 18:59:42.782820 882027 ImuError.cpp:165] gyr saturation
W20250111 18:59:42.782836 882027 ImuError.cpp:165] gyr saturation
W20250111 18:59:42.782847 882027 ImuError.cpp:165] gyr saturation
W20250111 18:59:42.782857 882027 ImuError.cpp:165] gyr saturation
W20250111 18:59:42.782868 882027 ImuError.cpp:165] gyr saturation
W20250111 18:59:42.782878 882027 ImuError.cpp:165] gyr saturation
W20250111 18:59:42.782889 882027 ImuError.cpp:165] gyr saturation
W20250111 18:59:42.782899 882027 ImuError.cpp:165] gyr saturation
W20250111 18:59:42.782910 882027 ImuError.cpp:165] gyr saturation
W20250111 18:59:42.782922 882027 ImuError.cpp:165] gyr saturation
W20250111 18:59:42.782982 882027 ImuError.cpp:165] gyr saturation
W20250111 18:59:42.782996 882027 ImuError.cpp:165] gyr saturation
W20250111 18:59:42.783007 882027 ImuError.cpp:165] gyr saturation
W20250111 18:59:42.783017 882027 ImuError.cpp:165] gyr saturation
W20250111 18:59:42.783028 882027 ImuError.cpp:165] gyr saturation
W20250111 18:59:42.783038 882027 ImuError.cpp:165] gyr saturation
W20250111 18:59:42.783049 882027 ImuError.cpp:165] gyr saturation
W20250111 18:59:42.783059 882027 ImuError.cpp:165] gyr saturation
W20250111 18:59:42.783070 882027 ImuError.cpp:165] gyr saturation
W20250111 18:59:42.783080 882027 ImuError.cpp:165] gyr saturation
W20250111 18:59:42.783092 882027 ImuError.cpp:165] gyr saturation
W20250111 18:59:42.783102 882027 ImuError.cpp:165] gyr saturation
W20250111 18:59:42.783113 882027 ImuError.cpp:165] gyr saturation
W20250111 18:59:42.783123 882027 ImuError.cpp:165] gyr saturation
W20250111 18:59:42.783135 882027 ImuError.cpp:165] gyr saturation
W20250111 18:59:42.783146 882027 ImuError.cpp:165] gyr saturation
W20250111 18:59:42.783156 882027 ImuError.cpp:165] gyr saturation
W20250111 18:59:42.783167 882027 ImuError.cpp:165] gyr saturation
W20250111 18:59:42.783178 882027 ImuError.cpp:165] gyr saturation
W20250111 18:59:42.783190 882027 ImuError.cpp:165] gyr saturation
W20250111 18:59:42.783200 882027 ImuError.cpp:165] gyr saturation
W20250111 18:59:42.783210 882027 ImuError.cpp:165] gyr saturation
W20250111 18:59:42.783221 882027 ImuError.cpp:165] gyr saturation
W20250111 18:59:42.783232 882027 ImuError.cpp:165] gyr saturation
W20250111 18:59:42.783243 882027 ImuError.cpp:165] gyr saturation
W20250111 18:59:42.783253 882027 ImuError.cpp:165] gyr saturation
W20250111 18:59:42.783264 882027 ImuError.cpp:165] gyr saturation
W20250111 18:59:42.783275 882027 ImuError.cpp:165] gyr saturation
W20250111 18:59:42.783285 882027 ImuError.cpp:165] gyr saturation
W20250111 18:59:42.783296 882027 ImuError.cpp:165] gyr saturation
W20250111 18:59:42.783308 882027 ImuError.cpp:165] gyr saturation
W20250111 18:59:42.783318 882027 ImuError.cpp:165] gyr saturation
W20250111 18:59:42.783329 882027 ImuError.cpp:165] gyr saturation
W20250111 18:59:42.783339 882027 ImuError.cpp:165] gyr saturation
W20250111 18:59:42.783641 685523 ImuError.cpp:650] gyr saturation
W20250111 18:59:42.783671 685523 ImuError.cpp:650] gyr saturation
W20250111 18:59:42.783681 685523 ImuError.cpp:650] gyr saturation
W20250111 18:59:42.783687 685523 ImuError.cpp:650] gyr saturation
W20250111 18:59:42.783691 685523 ImuError.cpp:650] gyr saturation
W20250111 18:59:42.783695 685523 ImuError.cpp:650] gyr saturation
W20250111 18:59:42.783699 685523 ImuError.cpp:650] gyr saturation
W20250111 18:59:42.783702 685523 ImuError.cpp:650] gyr saturation
W20250111 18:59:42.783706 685523 ImuError.cpp:650] gyr saturation
W20250111 18:59:42.783710 685523 ImuError.cpp:650] gyr saturation
W20250111 18:59:42.783713 685523 ImuError.cpp:650] gyr saturation
W20250111 18:59:42.783717 685523 ImuError.cpp:650] gyr saturation
W20250111 18:59:42.783721 685523 ImuError.cpp:650] gyr saturation
W20250111 18:59:42.783725 685523 ImuError.cpp:650] gyr saturation
W20250111 18:59:42.783730 685523 ImuError.cpp:650] gyr saturation
W20250111 18:59:42.783732 685523 ImuError.cpp:650] gyr saturation
W20250111 18:59:42.783736 685523 ImuError.cpp:650] gyr saturation
W20250111 18:59:42.783739 685523 ImuError.cpp:650] gyr saturation
W20250111 18:59:42.783744 685523 ImuError.cpp:650] gyr saturation
W20250111 18:59:42.783747 685523 ImuError.cpp:650] gyr saturation
W20250111 18:59:42.783751 685523 ImuError.cpp:650] gyr saturation
W20250111 18:59:42.783754 685523 ImuError.cpp:650] gyr saturation
W20250111 18:59:42.783758 685523 ImuError.cpp:650] gyr saturation
W20250111 18:59:42.783761 685523 ImuError.cpp:650] gyr saturation
W20250111 18:59:42.783766 685523 ImuError.cpp:650] gyr saturation
W20250111 18:59:42.783769 685523 ImuError.cpp:650] gyr saturation
W20250111 18:59:42.783772 685523 ImuError.cpp:650] gyr saturation
W20250111 18:59:42.783776 685523 ImuError.cpp:650] gyr saturation
W20250111 18:59:42.783779 685523 ImuError.cpp:650] gyr saturation
W20250111 18:59:42.783783 685523 ImuError.cpp:650] gyr saturation
W20250111 18:59:42.783787 685523 ImuError.cpp:650] gyr saturation
W20250111 18:59:42.783790 685523 ImuError.cpp:650] gyr saturation
W20250111 18:59:42.783793 685523 ImuError.cpp:650] gyr saturation
W20250111 18:59:42.783797 685523 ImuError.cpp:650] gyr saturation
W20250111 18:59:42.783833 685523 ImuError.cpp:650] gyr saturation
W20250111 18:59:42.783838 685523 ImuError.cpp:650] gyr saturation
W20250111 18:59:42.783841 685523 ImuError.cpp:650] gyr saturation
W20250111 18:59:42.783845 685523 ImuError.cpp:650] gyr saturation
W20250111 18:59:42.783849 685523 ImuError.cpp:650] gyr saturation
W20250111 18:59:42.783852 685523 ImuError.cpp:650] gyr saturation
W20250111 18:59:42.783856 685523 ImuError.cpp:650] gyr saturation
W20250111 18:59:42.783859 685523 ImuError.cpp:650] gyr saturation
W20250111 18:59:42.783864 685523 ImuError.cpp:650] gyr saturation
W20250111 18:59:42.783866 685523 ImuError.cpp:650] gyr saturation
W20250111 18:59:42.783870 685523 ImuError.cpp:650] gyr saturation
W20250111 18:59:42.783874 685523 ImuError.cpp:650] gyr saturation
W20250111 18:59:42.783877 685523 ImuError.cpp:650] gyr saturation
W20250111 18:59:42.783881 685523 ImuError.cpp:650] gyr saturation
W20250111 18:59:42.783885 685523 ImuError.cpp:650] gyr saturation
W20250111 18:59:42.783888 685523 ImuError.cpp:650] gyr saturation
W20250111 18:59:42.783891 685523 ImuError.cpp:650] gyr saturation
W20250111 18:59:42.783895 685523 ImuError.cpp:650] gyr saturation
W20250111 18:59:42.783898 685523 ImuError.cpp:650] gyr saturation
W20250111 18:59:42.783902 685523 ImuError.cpp:650] gyr saturation
W20250111 18:59:42.783905 685523 ImuError.cpp:650] gyr saturation
W20250111 18:59:42.783910 685523 ImuError.cpp:650] gyr saturation
W20250111 18:59:42.783912 685523 ImuError.cpp:650] gyr saturation
W20250111 18:59:42.783916 685523 ImuError.cpp:650] gyr saturation
W20250111 18:59:42.783919 685523 ImuError.cpp:650] gyr saturation
W20250111 18:59:42.783923 685523 ImuError.cpp:650] gyr saturation
W20250111 18:59:42.783926 685523 ImuError.cpp:650] gyr saturation
W20250111 18:59:42.783931 685523 ImuError.cpp:650] gyr saturation
W20250111 18:59:42.783934 685523 ImuError.cpp:650] gyr saturation
W20250111 18:59:42.783938 685523 ImuError.cpp:650] gyr saturation
W20250111 18:59:42.783943 685523 ImuError.cpp:650] gyr saturation
W20250111 18:59:42.783947 685523 ImuError.cpp:650] gyr saturation
W20250111 18:59:42.783951 685523 ImuError.cpp:650] gyr saturation
W20250111 18:59:42.783954 685523 ImuError.cpp:650] gyr saturation
W20250111 18:59:42.784432 685523 Frontend.cpp:615] 3d2d tracking lost. Number of 3d2d-matches: 0
W20250111 18:59:42.784915 685523 ImuError.cpp:650] gyr saturation
W20250111 18:59:42.784924 685523 ImuError.cpp:650] gyr saturation
W20250111 18:59:42.784929 685523 ImuError.cpp:650] gyr saturation
W20250111 18:59:42.784932 685523 ImuError.cpp:650] gyr saturation
W20250111 18:59:42.784935 685523 ImuError.cpp:650] gyr saturation
W20250111 18:59:42.784940 685523 ImuError.cpp:650] gyr saturation
W20250111 18:59:42.784943 685523 ImuError.cpp:650] gyr saturation
W20250111 18:59:42.784946 685523 ImuError.cpp:650] gyr saturation
W20250111 18:59:42.784951 685523 ImuError.cpp:650] gyr saturation
W20250111 18:59:42.784955 685523 ImuError.cpp:650] gyr saturation
W20250111 18:59:42.784958 685523 ImuError.cpp:650] gyr saturation
W20250111 18:59:42.784963 685523 ImuError.cpp:650] gyr saturation
W20250111 18:59:42.784967 685523 ImuError.cpp:650] gyr saturation
W20250111 18:59:42.784970 685523 ImuError.cpp:650] gyr saturation
W20250111 18:59:42.784974 685523 ImuError.cpp:650] gyr saturation
W20250111 18:59:42.784978 685523 ImuError.cpp:650] gyr saturation
W20250111 18:59:42.784981 685523 ImuError.cpp:650] gyr saturation
W20250111 18:59:42.784986 685523 ImuError.cpp:650] gyr saturation
W20250111 18:59:42.784988 685523 ImuError.cpp:650] gyr saturation
W20250111 18:59:42.784992 685523 ImuError.cpp:650] gyr saturation
W20250111 18:59:42.784996 685523 ImuError.cpp:650] gyr saturation
W20250111 18:59:42.784999 685523 ImuError.cpp:650] gyr saturation
W20250111 18:59:42.785003 685523 ImuError.cpp:650] gyr saturation
W20250111 18:59:42.785006 685523 ImuError.cpp:650] gyr saturation
W20250111 18:59:42.785010 685523 ImuError.cpp:650] gyr saturation
W20250111 18:59:42.785014 685523 ImuError.cpp:650] gyr saturation
W20250111 18:59:42.785017 685523 ImuError.cpp:650] gyr saturation
W20250111 18:59:42.785022 685523 ImuError.cpp:650] gyr saturation
W20250111 18:59:42.785024 685523 ImuError.cpp:650] gyr saturation
W20250111 18:59:42.785028 685523 ImuError.cpp:650] gyr saturation
W20250111 18:59:42.785032 685523 ImuError.cpp:650] gyr saturation
W20250111 18:59:42.785035 685523 ImuError.cpp:650] gyr saturation
W20250111 18:59:42.785039 685523 ImuError.cpp:650] gyr saturation
W20250111 18:59:42.785043 685523 ImuError.cpp:650] gyr saturation
W20250111 18:59:42.785046 685523 ImuError.cpp:650] gyr saturation
W20250111 18:59:42.785050 685523 ImuError.cpp:650] gyr saturation
W20250111 18:59:42.785053 685523 ImuError.cpp:650] gyr saturation
W20250111 18:59:42.785058 685523 ImuError.cpp:650] gyr saturation
W20250111 18:59:42.785060 685523 ImuError.cpp:650] gyr saturation
W20250111 18:59:42.785064 685523 ImuError.cpp:650] gyr saturation
W20250111 18:59:42.785068 685523 ImuError.cpp:650] gyr saturation
W20250111 18:59:42.785071 685523 ImuError.cpp:650] gyr saturation
W20250111 18:59:42.785075 685523 ImuError.cpp:650] gyr saturation
W20250111 18:59:42.785079 685523 ImuError.cpp:650] gyr saturation
W20250111 18:59:42.785082 685523 ImuError.cpp:650] gyr saturation
W20250111 18:59:42.785086 685523 ImuError.cpp:650] gyr saturation
W20250111 18:59:42.785089 685523 ImuError.cpp:650] gyr saturation
W20250111 18:59:42.785094 685523 ImuError.cpp:650] gyr saturation
W20250111 18:59:42.785096 685523 ImuError.cpp:650] gyr saturation
W20250111 18:59:42.785100 685523 ImuError.cpp:650] gyr saturation
W20250111 18:59:42.785104 685523 ImuError.cpp:650] gyr saturation
W20250111 18:59:42.785107 685523 ImuError.cpp:650] gyr saturation
W20250111 18:59:42.785111 685523 ImuError.cpp:650] gyr saturation
W20250111 18:59:42.785115 685523 ImuError.cpp:650] gyr saturation
W20250111 18:59:42.785118 685523 ImuError.cpp:650] gyr saturation
W20250111 18:59:42.785122 685523 ImuError.cpp:650] gyr saturation
W20250111 18:59:42.785128 685523 ImuError.cpp:650] gyr saturation
W20250111 18:59:42.785131 685523 ImuError.cpp:650] gyr saturation
W20250111 18:59:42.785135 685523 ImuError.cpp:650] gyr saturation
W20250111 18:59:42.785140 685523 ImuError.cpp:650] gyr saturation
W20250111 18:59:42.785143 685523 ImuError.cpp:650] gyr saturation
W20250111 18:59:42.785146 685523 ImuError.cpp:650] gyr saturation
W20250111 18:59:42.785151 685523 ImuError.cpp:650] gyr saturation
W20250111 18:59:42.785153 685523 ImuError.cpp:650] gyr saturation
W20250111 18:59:42.785157 685523 ImuError.cpp:650] gyr saturation
W20250111 18:59:42.785161 685523 ImuError.cpp:650] gyr saturation
W20250111 18:59:42.785164 685523 ImuError.cpp:650] gyr saturation
W20250111 18:59:42.785167 685523 ImuError.cpp:650] gyr saturation
W20250111 18:59:42.787271 685536 ImuError.cpp:368] gyr saturation
W20250111 18:59:42.787339 685536 ImuError.cpp:368] gyr saturation
W20250111 18:59:42.787354 685536 ImuError.cpp:368] gyr saturation
W20250111 18:59:42.787369 685536 ImuError.cpp:368] gyr saturation
W20250111 18:59:42.787380 685536 ImuError.cpp:368] gyr saturation
W20250111 18:59:42.787403 685536 ImuError.cpp:368] gyr saturation
W20250111 18:59:42.787415 685536 ImuError.cpp:368] gyr saturation
W20250111 18:59:42.787426 685536 ImuError.cpp:368] gyr saturation
W20250111 18:59:42.787437 685536 ImuError.cpp:368] gyr saturation
W20250111 18:59:42.787448 685536 ImuError.cpp:368] gyr saturation
W20250111 18:59:42.787459 685536 ImuError.cpp:368] gyr saturation
W20250111 18:59:42.787470 685536 ImuError.cpp:368] gyr saturation
W20250111 18:59:42.787482 685536 ImuError.cpp:368] gyr saturation
W20250111 18:59:42.787492 685536 ImuError.cpp:368] gyr saturation
W20250111 18:59:42.787503 685536 ImuError.cpp:368] gyr saturation
W20250111 18:59:42.787515 685536 ImuError.cpp:368] gyr saturation
W20250111 18:59:42.787526 685536 ImuError.cpp:368] gyr saturation
W20250111 18:59:42.787537 685536 ImuError.cpp:368] gyr saturation
W20250111 18:59:42.787549 685536 ImuError.cpp:368] gyr saturation
W20250111 18:59:42.787559 685536 ImuError.cpp:368] gyr saturation
W20250111 18:59:42.787570 685536 ImuError.cpp:368] gyr saturation
W20250111 18:59:42.787581 685536 ImuError.cpp:368] gyr saturation
W20250111 18:59:42.787592 685536 ImuError.cpp:368] gyr saturation
W20250111 18:59:42.787603 685536 ImuError.cpp:368] gyr saturation
W20250111 18:59:42.787614 685536 ImuError.cpp:368] gyr saturation
W20250111 18:59:42.787626 685536 ImuError.cpp:368] gyr saturation
W20250111 18:59:42.787636 685536 ImuError.cpp:368] gyr saturation
W20250111 18:59:42.787647 685536 ImuError.cpp:368] gyr saturation
W20250111 18:59:42.787658 685536 ImuError.cpp:368] gyr saturation
W20250111 18:59:42.787670 685536 ImuError.cpp:368] gyr saturation
W20250111 18:59:42.787681 685536 ImuError.cpp:368] gyr saturation
W20250111 18:59:42.787693 685536 ImuError.cpp:368] gyr saturation
W20250111 18:59:42.787703 685536 ImuError.cpp:368] gyr saturation
W20250111 18:59:42.787714 685536 ImuError.cpp:368] gyr saturation
W20250111 18:59:42.836032 882053 ViSlamBackend.cpp:466] TRACKING FAILURE: quality=0
W20250111 18:59:42.836211 882053 ImuError.cpp:165] gyr saturation
W20250111 18:59:42.836236 882053 ImuError.cpp:165] gyr saturation
W20250111 18:59:42.836249 882053 ImuError.cpp:165] gyr saturation
W20250111 18:59:42.836261 882053 ImuError.cpp:165] gyr saturation
W20250111 18:59:42.836272 882053 ImuError.cpp:165] gyr saturation
W20250111 18:59:42.836282 882053 ImuError.cpp:165] gyr saturation
W20250111 18:59:42.836292 882053 ImuError.cpp:165] gyr saturation
W20250111 18:59:42.836302 882053 ImuError.cpp:165] gyr saturation
W20250111 18:59:42.836313 882053 ImuError.cpp:165] gyr saturation
W20250111 18:59:42.836323 882053 ImuError.cpp:165] gyr saturation
W20250111 18:59:42.836333 882053 ImuError.cpp:165] gyr saturation
W20250111 18:59:42.836344 882053 ImuError.cpp:165] gyr saturation
W20250111 18:59:42.836354 882053 ImuError.cpp:165] gyr saturation
W20250111 18:59:42.836365 882053 ImuError.cpp:165] gyr saturation
W20250111 18:59:42.836375 882053 ImuError.cpp:165] gyr saturation
W20250111 18:59:42.836410 882053 ImuError.cpp:165] gyr saturation
W20250111 18:59:42.836422 882053 ImuError.cpp:165] gyr saturation
W20250111 18:59:42.836434 882053 ImuError.cpp:165] gyr saturation
W20250111 18:59:42.836444 882053 ImuError.cpp:165] gyr saturation
W20250111 18:59:42.836454 882053 ImuError.cpp:165] gyr saturation
W20250111 18:59:42.836465 882053 ImuError.cpp:165] gyr saturation
W20250111 18:59:42.836475 882053 ImuError.cpp:165] gyr saturation
W20250111 18:59:42.836486 882053 ImuError.cpp:165] gyr saturation
W20250111 18:59:42.836498 882053 ImuError.cpp:165] gyr saturation
W20250111 18:59:42.836508 882053 ImuError.cpp:165] gyr saturation
W20250111 18:59:42.836519 882053 ImuError.cpp:165] gyr saturation
W20250111 18:59:42.836529 882053 ImuError.cpp:165] gyr saturation
W20250111 18:59:42.836540 882053 ImuError.cpp:165] gyr saturation
W20250111 18:59:42.836550 882053 ImuError.cpp:165] gyr saturation
W20250111 18:59:42.836561 882053 ImuError.cpp:165] gyr saturation
W20250111 18:59:42.836572 882053 ImuError.cpp:165] gyr saturation
W20250111 18:59:42.836583 882053 ImuError.cpp:165] gyr saturation
W20250111 18:59:42.836594 882053 ImuError.cpp:165] gyr saturation
W20250111 18:59:42.836606 882053 ImuError.cpp:165] gyr saturation
W20250111 18:59:42.836673 882053 ImuError.cpp:165] gyr saturation
W20250111 18:59:42.836686 882053 ImuError.cpp:165] gyr saturation
W20250111 18:59:42.836699 882053 ImuError.cpp:165] gyr saturation
W20250111 18:59:42.836709 882053 ImuError.cpp:165] gyr saturation
W20250111 18:59:42.836720 882053 ImuError.cpp:165] gyr saturation
W20250111 18:59:42.836731 882053 ImuError.cpp:165] gyr saturation
W20250111 18:59:42.836741 882053 ImuError.cpp:165] gyr saturation
W20250111 18:59:42.836752 882053 ImuError.cpp:165] gyr saturation
W20250111 18:59:42.836762 882053 ImuError.cpp:165] gyr saturation
W20250111 18:59:42.836773 882053 ImuError.cpp:165] gyr saturation
W20250111 18:59:42.836783 882053 ImuError.cpp:165] gyr saturation
W20250111 18:59:42.836793 882053 ImuError.cpp:165] gyr saturation
W20250111 18:59:42.836804 882053 ImuError.cpp:165] gyr saturation
W20250111 18:59:42.836815 882053 ImuError.cpp:165] gyr saturation
W20250111 18:59:42.836834 882053 ImuError.cpp:165] gyr saturation
W20250111 18:59:42.836848 882053 ImuError.cpp:165] gyr saturation
W20250111 18:59:42.836858 882053 ImuError.cpp:165] gyr saturation
W20250111 18:59:42.836869 882053 ImuError.cpp:165] gyr saturation
W20250111 18:59:42.836879 882053 ImuError.cpp:165] gyr saturation
W20250111 18:59:42.836889 882053 ImuError.cpp:165] gyr saturation
W20250111 18:59:42.836899 882053 ImuError.cpp:165] gyr saturation
W20250111 18:59:42.836910 882053 ImuError.cpp:165] gyr saturation
W20250111 18:59:42.836921 882053 ImuError.cpp:165] gyr saturation
W20250111 18:59:42.836931 882053 ImuError.cpp:165] gyr saturation
W20250111 18:59:42.836942 882053 ImuError.cpp:165] gyr saturation
W20250111 18:59:42.836952 882053 ImuError.cpp:165] gyr saturation
W20250111 18:59:42.836962 882053 ImuError.cpp:165] gyr saturation
W20250111 18:59:42.836973 882053 ImuError.cpp:165] gyr saturation
W20250111 18:59:42.836984 882053 ImuError.cpp:165] gyr saturation
W20250111 18:59:42.836994 882053 ImuError.cpp:165] gyr saturation
W20250111 18:59:42.837005 882053 ImuError.cpp:165] gyr saturation
W20250111 18:59:42.837015 882053 ImuError.cpp:165] gyr saturation
W20250111 18:59:42.837026 882053 ImuError.cpp:165] gyr saturation
W20250111 18:59:42.837036 882053 ImuError.cpp:165] gyr saturation
W20250111 18:59:42.837363 685523 ImuError.cpp:650] gyr saturation
W20250111 18:59:42.837395 685523 ImuError.cpp:650] gyr saturation
W20250111 18:59:42.837400 685523 ImuError.cpp:650] gyr saturation
W20250111 18:59:42.837404 685523 ImuError.cpp:650] gyr saturation
W20250111 18:59:42.837414 685523 ImuError.cpp:650] gyr saturation
W20250111 18:59:42.837419 685523 ImuError.cpp:650] gyr saturation
W20250111 18:59:42.837424 685523 ImuError.cpp:650] gyr saturation
W20250111 18:59:42.837428 685523 ImuError.cpp:650] gyr saturation
W20250111 18:59:42.837438 685523 ImuError.cpp:650] gyr saturation
W20250111 18:59:42.837452 685523 ImuError.cpp:650] gyr saturation
W20250111 18:59:42.837457 685523 ImuError.cpp:650] gyr saturation
W20250111 18:59:42.837463 685523 ImuError.cpp:650] gyr saturation
W20250111 18:59:42.837467 685523 ImuError.cpp:650] gyr saturation
W20250111 18:59:42.837471 685523 ImuError.cpp:650] gyr saturation
W20250111 18:59:42.837477 685523 ImuError.cpp:650] gyr saturation
W20250111 18:59:42.837483 685523 ImuError.cpp:650] gyr saturation
W20250111 18:59:42.837488 685523 ImuError.cpp:650] gyr saturation
W20250111 18:59:42.837492 685523 ImuError.cpp:650] gyr saturation
W20250111 18:59:42.837497 685523 ImuError.cpp:650] gyr saturation
W20250111 18:59:42.837502 685523 ImuError.cpp:650] gyr saturation
W20250111 18:59:42.837507 685523 ImuError.cpp:650] gyr saturation
W20250111 18:59:42.837512 685523 ImuError.cpp:650] gyr saturation
W20250111 18:59:42.837517 685523 ImuError.cpp:650] gyr saturation
W20250111 18:59:42.837522 685523 ImuError.cpp:650] gyr saturation
W20250111 18:59:42.837527 685523 ImuError.cpp:650] gyr saturation
W20250111 18:59:42.837531 685523 ImuError.cpp:650] gyr saturation
W20250111 18:59:42.837535 685523 ImuError.cpp:650] gyr saturation
W20250111 18:59:42.837539 685523 ImuError.cpp:650] gyr saturation
W20250111 18:59:42.837544 685523 ImuError.cpp:650] gyr saturation
W20250111 18:59:42.837548 685523 ImuError.cpp:650] gyr saturation
W20250111 18:59:42.837553 685523 ImuError.cpp:650] gyr saturation
W20250111 18:59:42.837558 685523 ImuError.cpp:650] gyr saturation
W20250111 18:59:42.837563 685523 ImuError.cpp:650] gyr saturation
W20250111 18:59:42.837567 685523 ImuError.cpp:650] gyr saturation
W20250111 18:59:42.837571 685523 ImuError.cpp:650] gyr saturation
W20250111 18:59:42.837607 685523 ImuError.cpp:650] gyr saturation
W20250111 18:59:42.837612 685523 ImuError.cpp:650] gyr saturation
W20250111 18:59:42.837616 685523 ImuError.cpp:650] gyr saturation
W20250111 18:59:42.837621 685523 ImuError.cpp:650] gyr saturation
W20250111 18:59:42.837626 685523 ImuError.cpp:650] gyr saturation
W20250111 18:59:42.837631 685523 ImuError.cpp:650] gyr saturation
W20250111 18:59:42.837635 685523 ImuError.cpp:650] gyr saturation
W20250111 18:59:42.837639 685523 ImuError.cpp:650] gyr saturation
W20250111 18:59:42.837644 685523 ImuError.cpp:650] gyr saturation
W20250111 18:59:42.837649 685523 ImuError.cpp:650] gyr saturation
W20250111 18:59:42.837653 685523 ImuError.cpp:650] gyr saturation
W20250111 18:59:42.837657 685523 ImuError.cpp:650] gyr saturation
W20250111 18:59:42.837661 685523 ImuError.cpp:650] gyr saturation
W20250111 18:59:42.837666 685523 ImuError.cpp:650] gyr saturation
W20250111 18:59:42.837670 685523 ImuError.cpp:650] gyr saturation
W20250111 18:59:42.837674 685523 ImuError.cpp:650] gyr saturation
W20250111 18:59:42.837678 685523 ImuError.cpp:650] gyr saturation
W20250111 18:59:42.837682 685523 ImuError.cpp:650] gyr saturation
W20250111 18:59:42.837685 685523 ImuError.cpp:650] gyr saturation
W20250111 18:59:42.837689 685523 ImuError.cpp:650] gyr saturation
W20250111 18:59:42.837693 685523 ImuError.cpp:650] gyr saturation
W20250111 18:59:42.837698 685523 ImuError.cpp:650] gyr saturation
W20250111 18:59:42.837702 685523 ImuError.cpp:650] gyr saturation
W20250111 18:59:42.837707 685523 ImuError.cpp:650] gyr saturation
W20250111 18:59:42.837711 685523 ImuError.cpp:650] gyr saturation
W20250111 18:59:42.837715 685523 ImuError.cpp:650] gyr saturation
W20250111 18:59:42.837719 685523 ImuError.cpp:650] gyr saturation
W20250111 18:59:42.837724 685523 ImuError.cpp:650] gyr saturation
W20250111 18:59:42.837728 685523 ImuError.cpp:650] gyr saturation
W20250111 18:59:42.837733 685523 ImuError.cpp:650] gyr saturation
W20250111 18:59:42.837738 685523 ImuError.cpp:650] gyr saturation
W20250111 18:59:42.837742 685523 ImuError.cpp:650] gyr saturation
W20250111 18:59:42.837745 685523 ImuError.cpp:650] gyr saturation
W20250111 18:59:42.837749 685523 ImuError.cpp:650] gyr saturation
W20250111 18:59:42.837754 685523 ImuError.cpp:650] gyr saturation
W20250111 18:59:42.838234 685523 Frontend.cpp:615] 3d2d tracking lost. Number of 3d2d-matches: 0
W20250111 18:59:42.838718 685523 ImuError.cpp:650] gyr saturation
W20250111 18:59:42.838730 685523 ImuError.cpp:650] gyr saturation
W20250111 18:59:42.838733 685523 ImuError.cpp:650] gyr saturation
W20250111 18:59:42.838737 685523 ImuError.cpp:650] gyr saturation
W20250111 18:59:42.838740 685523 ImuError.cpp:650] gyr saturation
W20250111 18:59:42.838744 685523 ImuError.cpp:650] gyr saturation
W20250111 18:59:42.838747 685523 ImuError.cpp:650] gyr saturation
W20250111 18:59:42.838750 685523 ImuError.cpp:650] gyr saturation
W20250111 18:59:42.838754 685523 ImuError.cpp:650] gyr saturation
W20250111 18:59:42.838758 685523 ImuError.cpp:650] gyr saturation
W20250111 18:59:42.838761 685523 ImuError.cpp:650] gyr saturation
W20250111 18:59:42.838766 685523 ImuError.cpp:650] gyr saturation
W20250111 18:59:42.838770 685523 ImuError.cpp:650] gyr saturation
W20250111 18:59:42.838774 685523 ImuError.cpp:650] gyr saturation
W20250111 18:59:42.838778 685523 ImuError.cpp:650] gyr saturation
W20250111 18:59:42.838781 685523 ImuError.cpp:650] gyr saturation
W20250111 18:59:42.838786 685523 ImuError.cpp:650] gyr saturation
W20250111 18:59:42.838791 685523 ImuError.cpp:650] gyr saturation
W20250111 18:59:42.838796 685523 ImuError.cpp:650] gyr saturation
W20250111 18:59:42.838800 685523 ImuError.cpp:650] gyr saturation
W20250111 18:59:42.838804 685523 ImuError.cpp:650] gyr saturation
W20250111 18:59:42.838809 685523 ImuError.cpp:650] gyr saturation
W20250111 18:59:42.838814 685523 ImuError.cpp:650] gyr saturation
W20250111 18:59:42.838816 685523 ImuError.cpp:650] gyr saturation
W20250111 18:59:42.838820 685523 ImuError.cpp:650] gyr saturation
W20250111 18:59:42.838829 685523 ImuError.cpp:650] gyr saturation
W20250111 18:59:42.838835 685523 ImuError.cpp:650] gyr saturation
W20250111 18:59:42.838840 685523 ImuError.cpp:650] gyr saturation
W20250111 18:59:42.838843 685523 ImuError.cpp:650] gyr saturation
W20250111 18:59:42.838847 685523 ImuError.cpp:650] gyr saturation
W20250111 18:59:42.838853 685523 ImuError.cpp:650] gyr saturation
W20250111 18:59:42.838857 685523 ImuError.cpp:650] gyr saturation
W20250111 18:59:42.838861 685523 ImuError.cpp:650] gyr saturation
W20250111 18:59:42.838866 685523 ImuError.cpp:650] gyr saturation
W20250111 18:59:42.838871 685523 ImuError.cpp:650] gyr saturation
W20250111 18:59:42.838874 685523 ImuError.cpp:650] gyr saturation
W20250111 18:59:42.838881 685523 ImuError.cpp:650] gyr saturation
W20250111 18:59:42.838884 685523 ImuError.cpp:650] gyr saturation
W20250111 18:59:42.838888 685523 ImuError.cpp:650] gyr saturation
W20250111 18:59:42.838893 685523 ImuError.cpp:650] gyr saturation
W20250111 18:59:42.838899 685523 ImuError.cpp:650] gyr saturation
W20250111 18:59:42.838902 685523 ImuError.cpp:650] gyr saturation
W20250111 18:59:42.838907 685523 ImuError.cpp:650] gyr saturation
W20250111 18:59:42.838912 685523 ImuError.cpp:650] gyr saturation
W20250111 18:59:42.838915 685523 ImuError.cpp:650] gyr saturation
W20250111 18:59:42.838920 685523 ImuError.cpp:650] gyr saturation
W20250111 18:59:42.838925 685523 ImuError.cpp:650] gyr saturation
W20250111 18:59:42.838932 685523 ImuError.cpp:650] gyr saturation
W20250111 18:59:42.838935 685523 ImuError.cpp:650] gyr saturation
W20250111 18:59:42.838939 685523 ImuError.cpp:650] gyr saturation
W20250111 18:59:42.838944 685523 ImuError.cpp:650] gyr saturation
W20250111 18:59:42.838949 685523 ImuError.cpp:650] gyr saturation
W20250111 18:59:42.838953 685523 ImuError.cpp:650] gyr saturation
W20250111 18:59:42.838958 685523 ImuError.cpp:650] gyr saturation
W20250111 18:59:42.838960 685523 ImuError.cpp:650] gyr saturation
W20250111 18:59:42.838964 685523 ImuError.cpp:650] gyr saturation
W20250111 18:59:42.838968 685523 ImuError.cpp:650] gyr saturation
W20250111 18:59:42.838971 685523 ImuError.cpp:650] gyr saturation
W20250111 18:59:42.838975 685523 ImuError.cpp:650] gyr saturation
W20250111 18:59:42.838979 685523 ImuError.cpp:650] gyr saturation
W20250111 18:59:42.838982 685523 ImuError.cpp:650] gyr saturation
W20250111 18:59:42.838985 685523 ImuError.cpp:650] gyr saturation
W20250111 18:59:42.838992 685523 ImuError.cpp:650] gyr saturation
W20250111 18:59:42.838997 685523 ImuError.cpp:650] gyr saturation
W20250111 18:59:42.839001 685523 ImuError.cpp:650] gyr saturation
W20250111 18:59:42.839004 685523 ImuError.cpp:650] gyr saturation
W20250111 18:59:42.839008 685523 ImuError.cpp:650] gyr saturation
W20250111 18:59:42.839011 685523 ImuError.cpp:650] gyr saturation
W20250111 18:59:42.841126 685536 ImuError.cpp:368] gyr saturation
W20250111 18:59:42.841156 685536 ImuError.cpp:368] gyr saturation
W20250111 18:59:42.841166 685536 ImuError.cpp:368] gyr saturation
W20250111 18:59:42.841173 685536 ImuError.cpp:368] gyr saturation
W20250111 18:59:42.841181 685536 ImuError.cpp:368] gyr saturation
W20250111 18:59:42.841190 685536 ImuError.cpp:368] gyr saturation
W20250111 18:59:42.841198 685536 ImuError.cpp:368] gyr saturation
W20250111 18:59:42.841209 685536 ImuError.cpp:368] gyr saturation
W20250111 18:59:42.841218 685536 ImuError.cpp:368] gyr saturation
W20250111 18:59:42.841226 685536 ImuError.cpp:368] gyr saturation
W20250111 18:59:42.841240 685536 ImuError.cpp:368] gyr saturation
W20250111 18:59:42.841248 685536 ImuError.cpp:368] gyr saturation
W20250111 18:59:42.841259 685536 ImuError.cpp:368] gyr saturation
W20250111 18:59:42.841269 685536 ImuError.cpp:368] gyr saturation
W20250111 18:59:42.841279 685536 ImuError.cpp:368] gyr saturation
W20250111 18:59:42.841286 685536 ImuError.cpp:368] gyr saturation
W20250111 18:59:42.841295 685536 ImuError.cpp:368] gyr saturation
W20250111 18:59:42.841303 685536 ImuError.cpp:368] gyr saturation
W20250111 18:59:42.841311 685536 ImuError.cpp:368] gyr saturation
W20250111 18:59:42.841321 685536 ImuError.cpp:368] gyr saturation
W20250111 18:59:42.841329 685536 ImuError.cpp:368] gyr saturation
W20250111 18:59:42.841337 685536 ImuError.cpp:368] gyr saturation
W20250111 18:59:42.841346 685536 ImuError.cpp:368] gyr saturation
W20250111 18:59:42.841353 685536 ImuError.cpp:368] gyr saturation
W20250111 18:59:42.841362 685536 ImuError.cpp:368] gyr saturation
W20250111 18:59:42.841370 685536 ImuError.cpp:368] gyr saturation
W20250111 18:59:42.841379 685536 ImuError.cpp:368] gyr saturation
W20250111 18:59:42.841388 685536 ImuError.cpp:368] gyr saturation
W20250111 18:59:42.841396 685536 ImuError.cpp:368] gyr saturation
W20250111 18:59:42.841404 685536 ImuError.cpp:368] gyr saturation
W20250111 18:59:42.841413 685536 ImuError.cpp:368] gyr saturation
W20250111 18:59:42.841421 685536 ImuError.cpp:368] gyr saturation
W20250111 18:59:42.841429 685536 ImuError.cpp:368] gyr saturation
W20250111 18:59:42.841437 685536 ImuError.cpp:368] gyr saturation
W20250111 18:59:42.841446 685536 ImuError.cpp:368] gyr saturation
W20250111 18:59:42.884899 882079 ViSlamBackend.cpp:466] TRACKING FAILURE: quality=0
W20250111 18:59:42.885078 882079 ImuError.cpp:165] gyr saturation
W20250111 18:59:42.885104 882079 ImuError.cpp:165] gyr saturation
W20250111 18:59:42.885115 882079 ImuError.cpp:165] gyr saturation
W20250111 18:59:42.885126 882079 ImuError.cpp:165] gyr saturation
W20250111 18:59:42.885139 882079 ImuError.cpp:165] gyr saturation
W20250111 18:59:42.885150 882079 ImuError.cpp:165] gyr saturation
W20250111 18:59:42.885161 882079 ImuError.cpp:165] gyr saturation
W20250111 18:59:42.885174 882079 ImuError.cpp:165] gyr saturation
W20250111 18:59:42.885185 882079 ImuError.cpp:165] gyr saturation
W20250111 18:59:42.885195 882079 ImuError.cpp:165] gyr saturation
W20250111 18:59:42.885205 882079 ImuError.cpp:165] gyr saturation
W20250111 18:59:42.885214 882079 ImuError.cpp:165] gyr saturation
W20250111 18:59:42.885224 882079 ImuError.cpp:165] gyr saturation
W20250111 18:59:42.885236 882079 ImuError.cpp:165] gyr saturation
W20250111 18:59:42.885246 882079 ImuError.cpp:165] gyr saturation
W20250111 18:59:42.885255 882079 ImuError.cpp:165] gyr saturation
W20250111 18:59:42.885267 882079 ImuError.cpp:165] gyr saturation
W20250111 18:59:42.885277 882079 ImuError.cpp:165] gyr saturation
W20250111 18:59:42.885288 882079 ImuError.cpp:165] gyr saturation
W20250111 18:59:42.885298 882079 ImuError.cpp:165] gyr saturation
W20250111 18:59:42.885326 882079 ImuError.cpp:165] gyr saturation
W20250111 18:59:42.885337 882079 ImuError.cpp:165] gyr saturation
W20250111 18:59:42.885349 882079 ImuError.cpp:165] gyr saturation
W20250111 18:59:42.885360 882079 ImuError.cpp:165] gyr saturation
W20250111 18:59:42.885372 882079 ImuError.cpp:165] gyr saturation
W20250111 18:59:42.885383 882079 ImuError.cpp:165] gyr saturation
W20250111 18:59:42.885394 882079 ImuError.cpp:165] gyr saturation
W20250111 18:59:42.885406 882079 ImuError.cpp:165] gyr saturation
W20250111 18:59:42.885416 882079 ImuError.cpp:165] gyr saturation
W20250111 18:59:42.885427 882079 ImuError.cpp:165] gyr saturation
W20250111 18:59:42.885438 882079 ImuError.cpp:165] gyr saturation
W20250111 18:59:42.885449 882079 ImuError.cpp:165] gyr saturation
W20250111 18:59:42.885461 882079 ImuError.cpp:165] gyr saturation
W20250111 18:59:42.885473 882079 ImuError.cpp:165] gyr saturation
W20250111 18:59:42.885483 882079 ImuError.cpp:165] gyr saturation
W20250111 18:59:42.885551 882079 ImuError.cpp:165] gyr saturation
W20250111 18:59:42.885568 882079 ImuError.cpp:165] gyr saturation
W20250111 18:59:42.885581 882079 ImuError.cpp:165] gyr saturation
W20250111 18:59:42.885591 882079 ImuError.cpp:165] gyr saturation
W20250111 18:59:42.885602 882079 ImuError.cpp:165] gyr saturation
W20250111 18:59:42.885613 882079 ImuError.cpp:165] gyr saturation
W20250111 18:59:42.885624 882079 ImuError.cpp:165] gyr saturation
W20250111 18:59:42.885636 882079 ImuError.cpp:165] gyr saturation
W20250111 18:59:42.885648 882079 ImuError.cpp:165] gyr saturation
W20250111 18:59:42.885658 882079 ImuError.cpp:165] gyr saturation
W20250111 18:59:42.885669 882079 ImuError.cpp:165] gyr saturation
W20250111 18:59:42.885680 882079 ImuError.cpp:165] gyr saturation
W20250111 18:59:42.885691 882079 ImuError.cpp:165] gyr saturation
W20250111 18:59:42.885702 882079 ImuError.cpp:165] gyr saturation
W20250111 18:59:42.885715 882079 ImuError.cpp:165] gyr saturation
W20250111 18:59:42.885725 882079 ImuError.cpp:165] gyr saturation
W20250111 18:59:42.885736 882079 ImuError.cpp:165] gyr saturation
W20250111 18:59:42.885747 882079 ImuError.cpp:165] gyr saturation
W20250111 18:59:42.885758 882079 ImuError.cpp:165] gyr saturation
W20250111 18:59:42.885769 882079 ImuError.cpp:165] gyr saturation
W20250111 18:59:42.885780 882079 ImuError.cpp:165] gyr saturation
W20250111 18:59:42.885792 882079 ImuError.cpp:165] gyr saturation
W20250111 18:59:42.885802 882079 ImuError.cpp:165] gyr saturation
W20250111 18:59:42.885813 882079 ImuError.cpp:165] gyr saturation
W20250111 18:59:42.885831 882079 ImuError.cpp:165] gyr saturation
W20250111 18:59:42.885844 882079 ImuError.cpp:165] gyr saturation
W20250111 18:59:42.885856 882079 ImuError.cpp:165] gyr saturation
W20250111 18:59:42.885867 882079 ImuError.cpp:165] gyr saturation
W20250111 18:59:42.885879 882079 ImuError.cpp:165] gyr saturation
W20250111 18:59:42.885890 882079 ImuError.cpp:165] gyr saturation
W20250111 18:59:42.885901 882079 ImuError.cpp:165] gyr saturation
W20250111 18:59:42.885912 882079 ImuError.cpp:165] gyr saturation
W20250111 18:59:42.885923 882079 ImuError.cpp:165] gyr saturation
W20250111 18:59:42.885933 882079 ImuError.cpp:165] gyr saturation
W20250111 18:59:42.885943 882079 ImuError.cpp:165] gyr saturation
W20250111 18:59:42.886309 685523 ImuError.cpp:650] gyr saturation
W20250111 18:59:42.886341 685523 ImuError.cpp:650] gyr saturation
W20250111 18:59:42.886345 685523 ImuError.cpp:650] gyr saturation
W20250111 18:59:42.886353 685523 ImuError.cpp:650] gyr saturation
W20250111 18:59:42.886358 685523 ImuError.cpp:650] gyr saturation
W20250111 18:59:42.886363 685523 ImuError.cpp:650] gyr saturation
W20250111 18:59:42.886366 685523 ImuError.cpp:650] gyr saturation
W20250111 18:59:42.886370 685523 ImuError.cpp:650] gyr saturation
W20250111 18:59:42.886373 685523 ImuError.cpp:650] gyr saturation
W20250111 18:59:42.886376 685523 ImuError.cpp:650] gyr saturation
W20250111 18:59:42.886379 685523 ImuError.cpp:650] gyr saturation
W20250111 18:59:42.886384 685523 ImuError.cpp:650] gyr saturation
W20250111 18:59:42.886394 685523 ImuError.cpp:650] gyr saturation
W20250111 18:59:42.886397 685523 ImuError.cpp:650] gyr saturation
W20250111 18:59:42.886401 685523 ImuError.cpp:650] gyr saturation
W20250111 18:59:42.886404 685523 ImuError.cpp:650] gyr saturation
W20250111 18:59:42.886407 685523 ImuError.cpp:650] gyr saturation
W20250111 18:59:42.886411 685523 ImuError.cpp:650] gyr saturation
W20250111 18:59:42.886415 685523 ImuError.cpp:650] gyr saturation
W20250111 18:59:42.886418 685523 ImuError.cpp:650] gyr saturation
W20250111 18:59:42.886422 685523 ImuError.cpp:650] gyr saturation
W20250111 18:59:42.886425 685523 ImuError.cpp:650] gyr saturation
W20250111 18:59:42.886430 685523 ImuError.cpp:650] gyr saturation
W20250111 18:59:42.886435 685523 ImuError.cpp:650] gyr saturation
W20250111 18:59:42.886438 685523 ImuError.cpp:650] gyr saturation
W20250111 18:59:42.886443 685523 ImuError.cpp:650] gyr saturation
W20250111 18:59:42.886447 685523 ImuError.cpp:650] gyr saturation
W20250111 18:59:42.886451 685523 ImuError.cpp:650] gyr saturation
W20250111 18:59:42.886458 685523 ImuError.cpp:650] gyr saturation
W20250111 18:59:42.886462 685523 ImuError.cpp:650] gyr saturation
W20250111 18:59:42.886467 685523 ImuError.cpp:650] gyr saturation
W20250111 18:59:42.886472 685523 ImuError.cpp:650] gyr saturation
W20250111 18:59:42.886476 685523 ImuError.cpp:650] gyr saturation
W20250111 18:59:42.886480 685523 ImuError.cpp:650] gyr saturation
W20250111 18:59:42.886518 685523 ImuError.cpp:650] gyr saturation
W20250111 18:59:42.886521 685523 ImuError.cpp:650] gyr saturation
W20250111 18:59:42.886525 685523 ImuError.cpp:650] gyr saturation
W20250111 18:59:42.886528 685523 ImuError.cpp:650] gyr saturation
W20250111 18:59:42.886531 685523 ImuError.cpp:650] gyr saturation
W20250111 18:59:42.886534 685523 ImuError.cpp:650] gyr saturation
W20250111 18:59:42.886538 685523 ImuError.cpp:650] gyr saturation
W20250111 18:59:42.886541 685523 ImuError.cpp:650] gyr saturation
W20250111 18:59:42.886544 685523 ImuError.cpp:650] gyr saturation
W20250111 18:59:42.886547 685523 ImuError.cpp:650] gyr saturation
W20250111 18:59:42.886550 685523 ImuError.cpp:650] gyr saturation
W20250111 18:59:42.886554 685523 ImuError.cpp:650] gyr saturation
W20250111 18:59:42.886557 685523 ImuError.cpp:650] gyr saturation
W20250111 18:59:42.886561 685523 ImuError.cpp:650] gyr saturation
W20250111 18:59:42.886564 685523 ImuError.cpp:650] gyr saturation
W20250111 18:59:42.886569 685523 ImuError.cpp:650] gyr saturation
W20250111 18:59:42.886571 685523 ImuError.cpp:650] gyr saturation
W20250111 18:59:42.886579 685523 ImuError.cpp:650] gyr saturation
W20250111 18:59:42.886583 685523 ImuError.cpp:650] gyr saturation
W20250111 18:59:42.886587 685523 ImuError.cpp:650] gyr saturation
W20250111 18:59:42.886591 685523 ImuError.cpp:650] gyr saturation
W20250111 18:59:42.886595 685523 ImuError.cpp:650] gyr saturation
W20250111 18:59:42.886600 685523 ImuError.cpp:650] gyr saturation
W20250111 18:59:42.886602 685523 ImuError.cpp:650] gyr saturation
W20250111 18:59:42.886605 685523 ImuError.cpp:650] gyr saturation
W20250111 18:59:42.886610 685523 ImuError.cpp:650] gyr saturation
W20250111 18:59:42.886612 685523 ImuError.cpp:650] gyr saturation
W20250111 18:59:42.886616 685523 ImuError.cpp:650] gyr saturation
W20250111 18:59:42.886620 685523 ImuError.cpp:650] gyr saturation
W20250111 18:59:42.886624 685523 ImuError.cpp:650] gyr saturation
W20250111 18:59:42.886629 685523 ImuError.cpp:650] gyr saturation
W20250111 18:59:42.886632 685523 ImuError.cpp:650] gyr saturation
W20250111 18:59:42.886636 685523 ImuError.cpp:650] gyr saturation
W20250111 18:59:42.886639 685523 ImuError.cpp:650] gyr saturation
W20250111 18:59:42.887130 685523 Frontend.cpp:615] 3d2d tracking lost. Number of 3d2d-matches: 0
W20250111 18:59:42.887658 685523 ImuError.cpp:650] gyr saturation
W20250111 18:59:42.887667 685523 ImuError.cpp:650] gyr saturation
W20250111 18:59:42.887671 685523 ImuError.cpp:650] gyr saturation
W20250111 18:59:42.887674 685523 ImuError.cpp:650] gyr saturation
W20250111 18:59:42.887682 685523 ImuError.cpp:650] gyr saturation
W20250111 18:59:42.887686 685523 ImuError.cpp:650] gyr saturation
W20250111 18:59:42.887692 685523 ImuError.cpp:650] gyr saturation
W20250111 18:59:42.887696 685523 ImuError.cpp:650] gyr saturation
W20250111 18:59:42.887701 685523 ImuError.cpp:650] gyr saturation
W20250111 18:59:42.887703 685523 ImuError.cpp:650] gyr saturation
W20250111 18:59:42.887707 685523 ImuError.cpp:650] gyr saturation
W20250111 18:59:42.887710 685523 ImuError.cpp:650] gyr saturation
W20250111 18:59:42.887714 685523 ImuError.cpp:650] gyr saturation
W20250111 18:59:42.887717 685523 ImuError.cpp:650] gyr saturation
W20250111 18:59:42.887722 685523 ImuError.cpp:650] gyr saturation
W20250111 18:59:42.887725 685523 ImuError.cpp:650] gyr saturation
W20250111 18:59:42.887728 685523 ImuError.cpp:650] gyr saturation
W20250111 18:59:42.887732 685523 ImuError.cpp:650] gyr saturation
W20250111 18:59:42.887737 685523 ImuError.cpp:650] gyr saturation
W20250111 18:59:42.887741 685523 ImuError.cpp:650] gyr saturation
W20250111 18:59:42.887744 685523 ImuError.cpp:650] gyr saturation
W20250111 18:59:42.887749 685523 ImuError.cpp:650] gyr saturation
W20250111 18:59:42.887753 685523 ImuError.cpp:650] gyr saturation
W20250111 18:59:42.887759 685523 ImuError.cpp:650] gyr saturation
W20250111 18:59:42.887764 685523 ImuError.cpp:650] gyr saturation
W20250111 18:59:42.887768 685523 ImuError.cpp:650] gyr saturation
W20250111 18:59:42.887770 685523 ImuError.cpp:650] gyr saturation
W20250111 18:59:42.887774 685523 ImuError.cpp:650] gyr saturation
W20250111 18:59:42.887777 685523 ImuError.cpp:650] gyr saturation
W20250111 18:59:42.887781 685523 ImuError.cpp:650] gyr saturation
W20250111 18:59:42.887785 685523 ImuError.cpp:650] gyr saturation
W20250111 18:59:42.887789 685523 ImuError.cpp:650] gyr saturation
W20250111 18:59:42.887792 685523 ImuError.cpp:650] gyr saturation
W20250111 18:59:42.887796 685523 ImuError.cpp:650] gyr saturation
W20250111 18:59:42.887799 685523 ImuError.cpp:650] gyr saturation
W20250111 18:59:42.887804 685523 ImuError.cpp:650] gyr saturation
W20250111 18:59:42.887806 685523 ImuError.cpp:650] gyr saturation
W20250111 18:59:42.887810 685523 ImuError.cpp:650] gyr saturation
W20250111 18:59:42.887813 685523 ImuError.cpp:650] gyr saturation
W20250111 18:59:42.887817 685523 ImuError.cpp:650] gyr saturation
W20250111 18:59:42.887820 685523 ImuError.cpp:650] gyr saturation
W20250111 18:59:42.887828 685523 ImuError.cpp:650] gyr saturation
W20250111 18:59:42.887832 685523 ImuError.cpp:650] gyr saturation
W20250111 18:59:42.887835 685523 ImuError.cpp:650] gyr saturation
W20250111 18:59:42.887840 685523 ImuError.cpp:650] gyr saturation
W20250111 18:59:42.887842 685523 ImuError.cpp:650] gyr saturation
W20250111 18:59:42.887846 685523 ImuError.cpp:650] gyr saturation
W20250111 18:59:42.887850 685523 ImuError.cpp:650] gyr saturation
W20250111 18:59:42.887854 685523 ImuError.cpp:650] gyr saturation
W20250111 18:59:42.890049 685537 ImuError.cpp:368] gyr saturation
W20250111 18:59:42.890125 685537 ImuError.cpp:368] gyr saturation
W20250111 18:59:42.890141 685537 ImuError.cpp:368] gyr saturation
W20250111 18:59:42.890153 685537 ImuError.cpp:368] gyr saturation
W20250111 18:59:42.890165 685537 ImuError.cpp:368] gyr saturation
W20250111 18:59:42.890177 685537 ImuError.cpp:368] gyr saturation
W20250111 18:59:42.890187 685537 ImuError.cpp:368] gyr saturation
W20250111 18:59:42.890198 685537 ImuError.cpp:368] gyr saturation
W20250111 18:59:42.890209 685537 ImuError.cpp:368] gyr saturation
W20250111 18:59:42.890220 685537 ImuError.cpp:368] gyr saturation
W20250111 18:59:42.890231 685537 ImuError.cpp:368] gyr saturation
W20250111 18:59:42.890242 685537 ImuError.cpp:368] gyr saturation
W20250111 18:59:42.890254 685537 ImuError.cpp:368] gyr saturation
W20250111 18:59:42.890264 685537 ImuError.cpp:368] gyr saturation
W20250111 18:59:42.890275 685537 ImuError.cpp:368] gyr saturation
W20250111 18:59:42.890286 685537 ImuError.cpp:368] gyr saturation
W20250111 18:59:42.890297 685537 ImuError.cpp:368] gyr saturation
W20250111 18:59:42.890324 685537 ImuError.cpp:368] gyr saturation
W20250111 18:59:42.890336 685537 ImuError.cpp:368] gyr saturation
W20250111 18:59:42.890347 685537 ImuError.cpp:368] gyr saturation
W20250111 18:59:42.890358 685537 ImuError.cpp:368] gyr saturation
W20250111 18:59:42.890369 685537 ImuError.cpp:368] gyr saturation
W20250111 18:59:42.890381 685537 ImuError.cpp:368] gyr saturation
W20250111 18:59:42.890391 685537 ImuError.cpp:368] gyr saturation
W20250111 18:59:42.890403 685537 ImuError.cpp:368] gyr saturation
W20250111 18:59:42.890413 685537 ImuError.cpp:368] gyr saturation
W20250111 18:59:42.890424 685537 ImuError.cpp:368] gyr saturation
W20250111 18:59:42.890435 685537 ImuError.cpp:368] gyr saturation
W20250111 18:59:42.890446 685537 ImuError.cpp:368] gyr saturation
W20250111 18:59:42.890457 685537 ImuError.cpp:368] gyr saturation
W20250111 18:59:42.890468 685537 ImuError.cpp:368] gyr saturation
W20250111 18:59:42.890479 685537 ImuError.cpp:368] gyr saturation
W20250111 18:59:42.890491 685537 ImuError.cpp:368] gyr saturation
W20250111 18:59:42.890501 685537 ImuError.cpp:368] gyr saturation
W20250111 18:59:42.933934 882105 ViSlamBackend.cpp:466] TRACKING FAILURE: quality=0
W20250111 18:59:42.935416 685523 ImuError.cpp:650] gyr saturation
W20250111 18:59:42.935434 685523 ImuError.cpp:650] gyr saturation
W20250111 18:59:42.935441 685523 ImuError.cpp:650] gyr saturation
W20250111 18:59:42.935446 685523 ImuError.cpp:650] gyr saturation
W20250111 18:59:42.935451 685523 ImuError.cpp:650] gyr saturation
W20250111 18:59:42.935454 685523 ImuError.cpp:650] gyr saturation
W20250111 18:59:42.935460 685523 ImuError.cpp:650] gyr saturation
W20250111 18:59:42.935463 685523 ImuError.cpp:650] gyr saturation
W20250111 18:59:42.935467 685523 ImuError.cpp:650] gyr saturation
W20250111 18:59:42.935472 685523 ImuError.cpp:650] gyr saturation
W20250111 18:59:42.935477 685523 ImuError.cpp:650] gyr saturation
W20250111 18:59:42.935482 685523 ImuError.cpp:650] gyr saturation
W20250111 18:59:42.935487 685523 ImuError.cpp:650] gyr saturation
W20250111 18:59:42.935492 685523 ImuError.cpp:650] gyr saturation
W20250111 18:59:42.935496 685523 ImuError.cpp:650] gyr saturation
W20250111 18:59:42.935500 685523 ImuError.cpp:650] gyr saturation
W20250111 18:59:42.935606 685523 ImuError.cpp:650] gyr saturation
W20250111 18:59:42.935611 685523 ImuError.cpp:650] gyr saturation
W20250111 18:59:42.935616 685523 ImuError.cpp:650] gyr saturation
W20250111 18:59:42.935619 685523 ImuError.cpp:650] gyr saturation
W20250111 18:59:42.935623 685523 ImuError.cpp:650] gyr saturation
W20250111 18:59:42.935629 685523 ImuError.cpp:650] gyr saturation
W20250111 18:59:42.935634 685523 ImuError.cpp:650] gyr saturation
W20250111 18:59:42.935640 685523 ImuError.cpp:650] gyr saturation
W20250111 18:59:42.935645 685523 ImuError.cpp:650] gyr saturation
W20250111 18:59:42.935648 685523 ImuError.cpp:650] gyr saturation
W20250111 18:59:42.935652 685523 ImuError.cpp:650] gyr saturation
W20250111 18:59:42.935657 685523 ImuError.cpp:650] gyr saturation
W20250111 18:59:42.935662 685523 ImuError.cpp:650] gyr saturation
W20250111 18:59:42.935664 685523 ImuError.cpp:650] gyr saturation
W20250111 18:59:42.935669 685523 ImuError.cpp:650] gyr saturation
W20250111 18:59:42.935675 685523 ImuError.cpp:650] gyr saturation
W20250111 18:59:42.936106 685523 Frontend.cpp:615] 3d2d tracking lost. Number of 3d2d-matches: 1
W20250111 18:59:42.936987 685523 ImuError.cpp:650] gyr saturation
W20250111 18:59:42.936998 685523 ImuError.cpp:650] gyr saturation
W20250111 18:59:42.937002 685523 ImuError.cpp:650] gyr saturation
W20250111 18:59:42.937007 685523 ImuError.cpp:650] gyr saturation
W20250111 18:59:42.937012 685523 ImuError.cpp:650] gyr saturation
W20250111 18:59:42.937016 685523 ImuError.cpp:650] gyr saturation
W20250111 18:59:42.937021 685523 ImuError.cpp:650] gyr saturation
W20250111 18:59:42.937023 685523 ImuError.cpp:650] gyr saturation
W20250111 18:59:42.937027 685523 ImuError.cpp:650] gyr saturation
W20250111 18:59:42.937032 685523 ImuError.cpp:650] gyr saturation
W20250111 18:59:42.937037 685523 ImuError.cpp:650] gyr saturation
W20250111 18:59:42.937052 685523 ImuError.cpp:650] gyr saturation
W20250111 18:59:42.937059 685523 ImuError.cpp:650] gyr saturation
W20250111 18:59:42.937063 685523 ImuError.cpp:650] gyr saturation
W20250111 18:59:42.937067 685523 ImuError.cpp:650] gyr saturation
W20250111 18:59:42.937072 685523 ImuError.cpp:650] gyr saturation
W20250111 18:59:42.939188 685537 ImuError.cpp:368] gyr saturation
W20250111 18:59:42.939252 685537 ImuError.cpp:368] gyr saturation
W20250111 18:59:42.939267 685537 ImuError.cpp:368] gyr saturation
W20250111 18:59:42.939280 685537 ImuError.cpp:368] gyr saturation
W20250111 18:59:42.939291 685537 ImuError.cpp:368] gyr saturation
W20250111 18:59:42.939302 685537 ImuError.cpp:368] gyr saturation
W20250111 18:59:42.939316 685537 ImuError.cpp:368] gyr saturation
W20250111 18:59:42.939327 685537 ImuError.cpp:368] gyr saturation
W20250111 18:59:42.939337 685537 ImuError.cpp:368] gyr saturation
W20250111 18:59:42.939348 685537 ImuError.cpp:368] gyr saturation
W20250111 18:59:42.939358 685537 ImuError.cpp:368] gyr saturation
W20250111 18:59:42.939378 685537 ImuError.cpp:368] gyr saturation
W20250111 18:59:42.939388 685537 ImuError.cpp:368] gyr saturation
W20250111 18:59:42.939399 685537 ImuError.cpp:368] gyr saturation
W20250111 18:59:42.939409 685537 ImuError.cpp:368] gyr saturation
W20250111 18:59:42.939420 685537 ImuError.cpp:368] gyr saturation
W20250111 18:59:42.976557 882139 ViSlamBackend.cpp:466] TRACKING FAILURE: quality=0
W20250111 18:59:42.980765 685523 Frontend.cpp:612] 3d2d tracking weak: quality=0. Number of 3d2d-matches: 4
I20250111 18:59:43.536724 685523 okvis_app_synchronous.cpp:210] OKVIS Timing
-----------
1 DetectAndDescribe                	   3241	00:00:06.317389	(00:00:00.001949 +- 00:00:00.000381)	[00:00:00.000974,00:00:00.003442]
2 Match                            	   3241	00:00:20.548972	(00:00:00.006340 +- 00:00:00.002427)	[00:00:00.000223,00:00:00.013898]
2.01 match to map                  	   3240	00:00:14.661705	(00:00:00.004525 +- 00:00:00.002013)	[00:00:00.000058,00:00:00.011248]
2.02 match motion stereo           	   3240	00:00:04.134369	(00:00:00.001276 +- 00:00:00.000425)	[00:00:00.000049,00:00:00.003645]
2.02.1 match motion stereo: prepare	   3240	00:00:00.938443	(00:00:00.000290 +- 00:00:00.000113)	[00:00:00.000001,00:00:00.000781]
2.10 match stereo                  	    862	00:00:00.031985	(00:00:00.000037 +- 00:00:00.000045)	[00:00:00.000001,00:00:00.000382]
3 Optimise                         	   3240	00:00:51.142572	(00:00:00.015785 +- 00:00:00.009346)	[00:00:00.000864,00:00:00.077830]
4 Prepare publishing               	   3240	00:00:02.587373	(00:00:00.000799 +- 00:00:00.000308)	[00:00:00.000032,00:00:00.002194]
6 Visualising                      	   3240	00:00:00.000729	(00:00:00.000000 +- 00:00:00.000000)	[00:00:00.000000,00:00:00.000006]
7 Marginalise                      	   3240	00:00:05.505382	(00:00:00.001699 +- 00:00:00.000698)	[00:00:00.000004,00:00:00.005953]
7.1 check/handle lost              	   3240	00:00:00.095225	(00:00:00.000029 +- 00:00:00.000020)	[00:00:00.000000,00:00:00.000312]
7.2 eliminate IMU frames           	   3240	00:00:02.462034	(00:00:00.000760 +- 00:00:00.000536)	[00:00:00.000000,00:00:00.003837]
7.3 convert to posegraph           	   1005	00:00:00.783541	(00:00:00.000780 +- 00:00:00.000439)	[00:00:00.000098,00:00:00.003896]
7.4 freezing                       	   3239	00:00:00.003388	(00:00:00.000001 +- 00:00:00.000002)	[00:00:00.000000,00:00:00.000024]
7.6 expand                         	   3212	00:00:00.693762	(00:00:00.000216 +- 00:00:00.000121)	[00:00:00.000021,00:00:00.002125]
7.7 prune place recognition frames 	   3239	00:00:00.703413	(00:00:00.000217 +- 00:00:00.000111)	[00:00:00.000002,00:00:00.000705]
I20250111 18:59:43.536820 685523 okvis_app_synchronous.cpp:219] Progress: 60% (0.5 [1%/s], ETA: 80s)
W20250111 18:59:44.306114 685523 Frontend.cpp:612] 3d2d tracking weak: quality=0. Number of 3d2d-matches: 7
I20250111 18:59:44.979182 685523 Frontend.cpp:2274] RANSAC FAIL: 65 inliers, ratio = 0.637255
I20250111 18:59:45.375301 685523 Frontend.cpp:2274] RANSAC FAIL: 49 inliers, ratio = 0.653333
I20250111 18:59:45.470544 685523 Frontend.cpp:2274] RANSAC FAIL: 56 inliers, ratio = 0.691358
I20250111 18:59:45.502801 685523 Frontend.cpp:2274] RANSAC FAIL: 50 inliers, ratio = 0.581395
I20250111 18:59:45.799787 685523 okvis_app_synchronous.cpp:210] OKVIS Timing
-----------
1 DetectAndDescribe                	   3295	00:00:06.417222	(00:00:00.001948 +- 00:00:00.000381)	[00:00:00.000974,00:00:00.003442]
2 Match                            	   3295	00:00:20.869852	(00:00:00.006334 +- 00:00:00.002409)	[00:00:00.000223,00:00:00.013898]
2.01 match to map                  	   3294	00:00:14.899830	(00:00:00.004523 +- 00:00:00.001997)	[00:00:00.000058,00:00:00.011248]
2.02 match motion stereo           	   3294	00:00:04.194492	(00:00:00.001273 +- 00:00:00.000423)	[00:00:00.000049,00:00:00.003645]
2.02.1 match motion stereo: prepare	   3294	00:00:00.952041	(00:00:00.000289 +- 00:00:00.000113)	[00:00:00.000001,00:00:00.000781]
2.10 match stereo                  	    878	00:00:00.032581	(00:00:00.000037 +- 00:00:00.000045)	[00:00:00.000001,00:00:00.000382]
3 Optimise                         	   3294	00:00:52.906312	(00:00:00.016061 +- 00:00:00.009623)	[00:00:00.000864,00:00:00.077830]
4 Prepare publishing               	   3294	00:00:02.645772	(00:00:00.000803 +- 00:00:00.000309)	[00:00:00.000032,00:00:00.002194]
6 Visualising                      	   3294	00:00:00.000748	(00:00:00.000000 +- 00:00:00.000000)	[00:00:00.000000,00:00:00.000006]
7 Marginalise                      	   3294	00:00:05.615506	(00:00:00.001705 +- 00:00:00.000697)	[00:00:00.000004,00:00:00.005953]
7.1 check/handle lost              	   3294	00:00:00.097131	(00:00:00.000029 +- 00:00:00.000020)	[00:00:00.000000,00:00:00.000312]
7.2 eliminate IMU frames           	   3294	00:00:02.510310	(00:00:00.000762 +- 00:00:00.000538)	[00:00:00.000000,00:00:00.003837]
7.3 convert to posegraph           	   1022	00:00:00.799440	(00:00:00.000782 +- 00:00:00.000438)	[00:00:00.000098,00:00:00.003896]
7.4 freezing                       	   3293	00:00:00.003511	(00:00:00.000001 +- 00:00:00.000002)	[00:00:00.000000,00:00:00.000024]
7.6 expand                         	   3266	00:00:00.707918	(00:00:00.000217 +- 00:00:00.000121)	[00:00:00.000021,00:00:00.002125]
7.7 prune place recognition frames 	   3293	00:00:00.717752	(00:00:00.000218 +- 00:00:00.000111)	[00:00:00.000002,00:00:00.000705]
I20250111 18:59:45.799918 685523 okvis_app_synchronous.cpp:219] Progress: 61% (0.5 [1%/s], ETA: 78s)
I20250111 18:59:47.362902 685523 okvis_app_synchronous.cpp:210] OKVIS Timing
-----------
1 DetectAndDescribe                	   3349	00:00:06.537456	(00:00:00.001952 +- 00:00:00.000381)	[00:00:00.000974,00:00:00.003649]
2 Match                            	   3349	00:00:21.223090	(00:00:00.006337 +- 00:00:00.002390)	[00:00:00.000223,00:00:00.013898]
2.01 match to map                  	   3348	00:00:15.169682	(00:00:00.004531 +- 00:00:00.001982)	[00:00:00.000058,00:00:00.011248]
2.02 match motion stereo           	   3348	00:00:04.252374	(00:00:00.001270 +- 00:00:00.000420)	[00:00:00.000049,00:00:00.003645]
2.02.1 match motion stereo: prepare	   3348	00:00:00.968210	(00:00:00.000289 +- 00:00:00.000112)	[00:00:00.000001,00:00:00.000781]
2.10 match stereo                  	    880	00:00:00.032814	(00:00:00.000037 +- 00:00:00.000045)	[00:00:00.000001,00:00:00.000382]
3 Optimise                         	   3348	00:00:53.887419	(00:00:00.016095 +- 00:00:00.009554)	[00:00:00.000864,00:00:00.077830]
4 Prepare publishing               	   3348	00:00:02.711993	(00:00:00.000810 +- 00:00:00.000312)	[00:00:00.000032,00:00:00.002194]
6 Visualising                      	   3348	00:00:00.000768	(00:00:00.000000 +- 00:00:00.000000)	[00:00:00.000000,00:00:00.000006]
7 Marginalise                      	   3348	00:00:05.768719	(00:00:00.001723 +- 00:00:00.000710)	[00:00:00.000004,00:00:00.005953]
7.1 check/handle lost              	   3348	00:00:00.099708	(00:00:00.000030 +- 00:00:00.000020)	[00:00:00.000000,00:00:00.000312]
7.2 eliminate IMU frames           	   3348	00:00:02.592005	(00:00:00.000774 +- 00:00:00.000544)	[00:00:00.000000,00:00:00.003837]
7.3 convert to posegraph           	   1030	00:00:00.808362	(00:00:00.000785 +- 00:00:00.000438)	[00:00:00.000098,00:00:00.003896]
7.4 freezing                       	   3347	00:00:00.003557	(00:00:00.000001 +- 00:00:00.000002)	[00:00:00.000000,00:00:00.000024]
7.6 expand                         	   3320	00:00:00.726706	(00:00:00.000219 +- 00:00:00.000122)	[00:00:00.000021,00:00:00.002125]
7.7 prune place recognition frames 	   3347	00:00:00.739916	(00:00:00.000221 +- 00:00:00.000113)	[00:00:00.000002,00:00:00.000705]
I20250111 18:59:47.363008 685523 okvis_app_synchronous.cpp:219] Progress: 62% (1 [1%/s], ETA: 38s)
I20250111 18:59:48.800697 685523 okvis_app_synchronous.cpp:210] OKVIS Timing
-----------
1 DetectAndDescribe                	   3403	00:00:06.644413	(00:00:00.001953 +- 00:00:00.000382)	[00:00:00.000974,00:00:00.003649]
2 Match                            	   3403	00:00:21.544026	(00:00:00.006331 +- 00:00:00.002376)	[00:00:00.000223,00:00:00.013898]
2.01 match to map                  	   3402	00:00:15.399235	(00:00:00.004527 +- 00:00:00.001969)	[00:00:00.000058,00:00:00.011248]
2.02 match motion stereo           	   3402	00:00:04.320273	(00:00:00.001270 +- 00:00:00.000419)	[00:00:00.000049,00:00:00.003645]
2.02.1 match motion stereo: prepare	   3402	00:00:00.983582	(00:00:00.000289 +- 00:00:00.000112)	[00:00:00.000001,00:00:00.000781]
2.10 match stereo                  	    908	00:00:00.033368	(00:00:00.000037 +- 00:00:00.000045)	[00:00:00.000001,00:00:00.000382]
3 Optimise                         	   3402	00:00:54.832748	(00:00:00.016118 +- 00:00:00.009485)	[00:00:00.000864,00:00:00.077830]
4 Prepare publishing               	   3402	00:00:02.764677	(00:00:00.000813 +- 00:00:00.000312)	[00:00:00.000032,00:00:00.002194]
6 Visualising                      	   3402	00:00:00.000783	(00:00:00.000000 +- 00:00:00.000000)	[00:00:00.000000,00:00:00.000006]
7 Marginalise                      	   3402	00:00:05.877882	(00:00:00.001728 +- 00:00:00.000710)	[00:00:00.000004,00:00:00.005953]
7.1 check/handle lost              	   3402	00:00:00.101370	(00:00:00.000030 +- 00:00:00.000020)	[00:00:00.000000,00:00:00.000312]
7.2 eliminate IMU frames           	   3402	00:00:02.626727	(00:00:00.000772 +- 00:00:00.000547)	[00:00:00.000000,00:00:00.003837]
7.3 convert to posegraph           	   1057	00:00:00.836943	(00:00:00.000792 +- 00:00:00.000437)	[00:00:00.000098,00:00:00.003896]
7.4 freezing                       	   3401	00:00:00.003635	(00:00:00.000001 +- 00:00:00.000002)	[00:00:00.000000,00:00:00.000024]
7.6 expand                         	   3374	00:00:00.740638	(00:00:00.000220 +- 00:00:00.000122)	[00:00:00.000021,00:00:00.002125]
7.7 prune place recognition frames 	   3401	00:00:00.754004	(00:00:00.000222 +- 00:00:00.000113)	[00:00:00.000002,00:00:00.000705]
I20250111 18:59:48.800786 685523 okvis_app_synchronous.cpp:219] Progress: 63% (1 [1%/s], ETA: 37s)
W20250111 18:59:48.860158 685523 ImuError.cpp:650] gyr saturation
W20250111 18:59:48.860198 685523 ImuError.cpp:650] gyr saturation
W20250111 18:59:48.860204 685523 ImuError.cpp:650] gyr saturation
W20250111 18:59:48.860208 685523 ImuError.cpp:650] gyr saturation
W20250111 18:59:48.860211 685523 ImuError.cpp:650] gyr saturation
W20250111 18:59:48.860215 685523 ImuError.cpp:650] gyr saturation
W20250111 18:59:48.860219 685523 ImuError.cpp:650] gyr saturation
W20250111 18:59:48.860222 685523 ImuError.cpp:650] gyr saturation
W20250111 18:59:48.860226 685523 ImuError.cpp:650] gyr saturation
W20250111 18:59:48.860231 685523 ImuError.cpp:650] gyr saturation
W20250111 18:59:48.860234 685523 ImuError.cpp:650] gyr saturation
W20250111 18:59:48.860237 685523 ImuError.cpp:650] gyr saturation
W20250111 18:59:48.860241 685523 ImuError.cpp:650] gyr saturation
W20250111 18:59:48.860245 685523 ImuError.cpp:650] gyr saturation
W20250111 18:59:48.860248 685523 ImuError.cpp:650] gyr saturation
W20250111 18:59:48.860252 685523 ImuError.cpp:650] gyr saturation
W20250111 18:59:48.860265 685523 ImuError.cpp:650] gyr saturation
W20250111 18:59:48.860270 685523 ImuError.cpp:650] gyr saturation
W20250111 18:59:48.860273 685523 ImuError.cpp:650] gyr saturation
W20250111 18:59:48.860276 685523 ImuError.cpp:650] gyr saturation
W20250111 18:59:48.860280 685523 ImuError.cpp:650] gyr saturation
W20250111 18:59:48.860282 685523 ImuError.cpp:650] gyr saturation
W20250111 18:59:48.860285 685523 ImuError.cpp:650] gyr saturation
W20250111 18:59:48.860289 685523 ImuError.cpp:650] gyr saturation
W20250111 18:59:48.860292 685523 ImuError.cpp:650] gyr saturation
W20250111 18:59:48.860296 685523 ImuError.cpp:650] gyr saturation
W20250111 18:59:48.860298 685523 ImuError.cpp:650] gyr saturation
W20250111 18:59:48.860301 685523 ImuError.cpp:650] gyr saturation
W20250111 18:59:48.860306 685523 ImuError.cpp:650] gyr saturation
W20250111 18:59:48.860308 685523 ImuError.cpp:650] gyr saturation
W20250111 18:59:48.860311 685523 ImuError.cpp:650] gyr saturation
W20250111 18:59:48.860314 685523 ImuError.cpp:650] gyr saturation
W20250111 18:59:48.860317 685523 ImuError.cpp:650] gyr saturation
W20250111 18:59:48.885051 685523 ImuError.cpp:650] gyr saturation
W20250111 18:59:48.885079 685523 ImuError.cpp:650] gyr saturation
W20250111 18:59:48.885084 685523 ImuError.cpp:650] gyr saturation
W20250111 18:59:48.885088 685523 ImuError.cpp:650] gyr saturation
W20250111 18:59:48.885092 685523 ImuError.cpp:650] gyr saturation
W20250111 18:59:48.885095 685523 ImuError.cpp:650] gyr saturation
W20250111 18:59:48.885099 685523 ImuError.cpp:650] gyr saturation
W20250111 18:59:48.885104 685523 ImuError.cpp:650] gyr saturation
W20250111 18:59:48.885108 685523 ImuError.cpp:650] gyr saturation
W20250111 18:59:48.885113 685523 ImuError.cpp:650] gyr saturation
W20250111 18:59:48.885115 685523 ImuError.cpp:650] gyr saturation
W20250111 18:59:48.885119 685523 ImuError.cpp:650] gyr saturation
W20250111 18:59:48.885123 685523 ImuError.cpp:650] gyr saturation
W20250111 18:59:48.885128 685523 ImuError.cpp:650] gyr saturation
W20250111 18:59:48.885133 685523 ImuError.cpp:650] gyr saturation
W20250111 18:59:48.885135 685523 ImuError.cpp:650] gyr saturation
W20250111 18:59:48.885139 685523 ImuError.cpp:650] gyr saturation
W20250111 18:59:48.885145 685523 ImuError.cpp:650] gyr saturation
W20250111 18:59:48.885149 685523 ImuError.cpp:650] gyr saturation
W20250111 18:59:48.885156 685523 ImuError.cpp:650] gyr saturation
W20250111 18:59:48.885160 685523 ImuError.cpp:650] gyr saturation
W20250111 18:59:48.885164 685523 ImuError.cpp:650] gyr saturation
W20250111 18:59:48.885166 685523 ImuError.cpp:650] gyr saturation
W20250111 18:59:48.885169 685523 ImuError.cpp:650] gyr saturation
W20250111 18:59:48.885172 685523 ImuError.cpp:650] gyr saturation
W20250111 18:59:48.885176 685523 ImuError.cpp:650] gyr saturation
W20250111 18:59:48.885179 685523 ImuError.cpp:650] gyr saturation
W20250111 18:59:48.885182 685523 ImuError.cpp:650] gyr saturation
W20250111 18:59:48.885186 685523 ImuError.cpp:650] gyr saturation
W20250111 18:59:48.885190 685523 ImuError.cpp:650] gyr saturation
W20250111 18:59:48.885192 685523 ImuError.cpp:650] gyr saturation
W20250111 18:59:48.885195 685523 ImuError.cpp:650] gyr saturation
W20250111 18:59:48.885198 685523 ImuError.cpp:650] gyr saturation
W20250111 18:59:48.885330 685523 ImuError.cpp:650] gyr saturation
W20250111 18:59:48.885335 685523 ImuError.cpp:650] gyr saturation
W20250111 18:59:48.885339 685523 ImuError.cpp:650] gyr saturation
W20250111 18:59:48.885341 685523 ImuError.cpp:650] gyr saturation
W20250111 18:59:48.885345 685523 ImuError.cpp:650] gyr saturation
W20250111 18:59:48.885349 685523 ImuError.cpp:650] gyr saturation
W20250111 18:59:48.885352 685523 ImuError.cpp:650] gyr saturation
W20250111 18:59:48.885355 685523 ImuError.cpp:650] gyr saturation
W20250111 18:59:48.885360 685523 ImuError.cpp:650] gyr saturation
W20250111 18:59:48.885362 685523 ImuError.cpp:650] gyr saturation
W20250111 18:59:48.885365 685523 ImuError.cpp:650] gyr saturation
W20250111 18:59:48.885368 685523 ImuError.cpp:650] gyr saturation
W20250111 18:59:48.885376 685523 ImuError.cpp:650] gyr saturation
W20250111 18:59:48.885380 685523 ImuError.cpp:650] gyr saturation
W20250111 18:59:48.885383 685523 ImuError.cpp:650] gyr saturation
W20250111 18:59:48.885386 685523 ImuError.cpp:650] gyr saturation
W20250111 18:59:48.885389 685523 ImuError.cpp:650] gyr saturation
W20250111 18:59:48.885392 685523 ImuError.cpp:650] gyr saturation
W20250111 18:59:48.885396 685523 ImuError.cpp:650] gyr saturation
W20250111 18:59:48.885398 685523 ImuError.cpp:650] gyr saturation
W20250111 18:59:48.885402 685523 ImuError.cpp:650] gyr saturation
W20250111 18:59:48.885406 685523 ImuError.cpp:650] gyr saturation
W20250111 18:59:48.885408 685523 ImuError.cpp:650] gyr saturation
W20250111 18:59:48.885411 685523 ImuError.cpp:650] gyr saturation
W20250111 18:59:48.885416 685523 ImuError.cpp:650] gyr saturation
W20250111 18:59:48.885418 685523 ImuError.cpp:650] gyr saturation
W20250111 18:59:48.885421 685523 ImuError.cpp:650] gyr saturation
W20250111 18:59:48.885424 685523 ImuError.cpp:650] gyr saturation
W20250111 18:59:48.885427 685523 ImuError.cpp:650] gyr saturation
W20250111 18:59:48.885430 685523 ImuError.cpp:650] gyr saturation
W20250111 18:59:48.885433 685523 ImuError.cpp:650] gyr saturation
W20250111 18:59:48.885437 685523 ImuError.cpp:650] gyr saturation
W20250111 18:59:48.885440 685523 ImuError.cpp:650] gyr saturation
I20250111 18:59:48.886624 685523 Frontend.cpp:2274] RANSAC FAIL: 20 inliers, ratio = 0.689655
W20250111 18:59:48.887800 685523 ImuError.cpp:368] gyr saturation
W20250111 18:59:48.887826 685523 ImuError.cpp:368] gyr saturation
W20250111 18:59:48.887836 685523 ImuError.cpp:368] gyr saturation
W20250111 18:59:48.887845 685523 ImuError.cpp:368] gyr saturation
W20250111 18:59:48.887856 685523 ImuError.cpp:368] gyr saturation
W20250111 18:59:48.887862 685523 ImuError.cpp:368] gyr saturation
W20250111 18:59:48.887871 685523 ImuError.cpp:368] gyr saturation
W20250111 18:59:48.887879 685523 ImuError.cpp:368] gyr saturation
W20250111 18:59:48.887887 685523 ImuError.cpp:368] gyr saturation
W20250111 18:59:48.887898 685523 ImuError.cpp:368] gyr saturation
W20250111 18:59:48.887907 685523 ImuError.cpp:368] gyr saturation
W20250111 18:59:48.887915 685523 ImuError.cpp:368] gyr saturation
W20250111 18:59:48.887923 685523 ImuError.cpp:368] gyr saturation
W20250111 18:59:48.887933 685523 ImuError.cpp:368] gyr saturation
W20250111 18:59:48.887943 685523 ImuError.cpp:368] gyr saturation
W20250111 18:59:48.887950 685523 ImuError.cpp:368] gyr saturation
W20250111 18:59:48.887964 685523 ImuError.cpp:368] gyr saturation
W20250111 18:59:48.887971 685523 ImuError.cpp:368] gyr saturation
W20250111 18:59:48.887980 685523 ImuError.cpp:368] gyr saturation
W20250111 18:59:48.887988 685523 ImuError.cpp:368] gyr saturation
W20250111 18:59:48.887997 685523 ImuError.cpp:368] gyr saturation
W20250111 18:59:48.888006 685523 ImuError.cpp:368] gyr saturation
W20250111 18:59:48.888015 685523 ImuError.cpp:368] gyr saturation
W20250111 18:59:48.888022 685523 ImuError.cpp:368] gyr saturation
W20250111 18:59:48.888031 685523 ImuError.cpp:368] gyr saturation
W20250111 18:59:48.888039 685523 ImuError.cpp:368] gyr saturation
W20250111 18:59:48.888048 685523 ImuError.cpp:368] gyr saturation
W20250111 18:59:48.888056 685523 ImuError.cpp:368] gyr saturation
W20250111 18:59:48.888064 685523 ImuError.cpp:368] gyr saturation
W20250111 18:59:48.888072 685523 ImuError.cpp:368] gyr saturation
W20250111 18:59:48.888082 685523 ImuError.cpp:368] gyr saturation
W20250111 18:59:48.888089 685523 ImuError.cpp:368] gyr saturation
W20250111 18:59:48.888098 685523 ImuError.cpp:368] gyr saturation
W20250111 18:59:48.891422 685523 ImuError.cpp:650] gyr saturation
W20250111 18:59:48.891449 685523 ImuError.cpp:650] gyr saturation
W20250111 18:59:48.891453 685523 ImuError.cpp:650] gyr saturation
W20250111 18:59:48.891456 685523 ImuError.cpp:650] gyr saturation
W20250111 18:59:48.891460 685523 ImuError.cpp:650] gyr saturation
W20250111 18:59:48.891463 685523 ImuError.cpp:650] gyr saturation
W20250111 18:59:48.891467 685523 ImuError.cpp:650] gyr saturation
W20250111 18:59:48.891479 685523 ImuError.cpp:650] gyr saturation
W20250111 18:59:48.891486 685523 ImuError.cpp:650] gyr saturation
W20250111 18:59:48.891490 685523 ImuError.cpp:650] gyr saturation
W20250111 18:59:48.891494 685523 ImuError.cpp:650] gyr saturation
W20250111 18:59:48.891498 685523 ImuError.cpp:650] gyr saturation
W20250111 18:59:48.891502 685523 ImuError.cpp:650] gyr saturation
W20250111 18:59:48.891506 685523 ImuError.cpp:650] gyr saturation
W20250111 18:59:48.891510 685523 ImuError.cpp:650] gyr saturation
W20250111 18:59:48.891513 685523 ImuError.cpp:650] gyr saturation
W20250111 18:59:48.891516 685523 ImuError.cpp:650] gyr saturation
W20250111 18:59:48.891520 685523 ImuError.cpp:650] gyr saturation
W20250111 18:59:48.891523 685523 ImuError.cpp:650] gyr saturation
W20250111 18:59:48.891527 685523 ImuError.cpp:650] gyr saturation
W20250111 18:59:48.891531 685523 ImuError.cpp:650] gyr saturation
W20250111 18:59:48.891535 685523 ImuError.cpp:650] gyr saturation
W20250111 18:59:48.891541 685523 ImuError.cpp:650] gyr saturation
W20250111 18:59:48.891543 685523 ImuError.cpp:650] gyr saturation
W20250111 18:59:48.891548 685523 ImuError.cpp:650] gyr saturation
W20250111 18:59:48.891551 685523 ImuError.cpp:650] gyr saturation
W20250111 18:59:48.891556 685523 ImuError.cpp:650] gyr saturation
W20250111 18:59:48.891558 685523 ImuError.cpp:650] gyr saturation
W20250111 18:59:48.891561 685523 ImuError.cpp:650] gyr saturation
W20250111 18:59:48.891566 685523 ImuError.cpp:650] gyr saturation
W20250111 18:59:48.891568 685523 ImuError.cpp:650] gyr saturation
W20250111 18:59:48.891572 685523 ImuError.cpp:650] gyr saturation
W20250111 18:59:48.891575 685523 ImuError.cpp:650] gyr saturation
W20250111 18:59:48.891579 685523 ImuError.cpp:650] gyr saturation
W20250111 18:59:48.891583 685523 ImuError.cpp:650] gyr saturation
W20250111 18:59:48.891587 685523 ImuError.cpp:650] gyr saturation
W20250111 18:59:48.891590 685523 ImuError.cpp:650] gyr saturation
W20250111 18:59:48.891594 685523 ImuError.cpp:650] gyr saturation
W20250111 18:59:48.891597 685523 ImuError.cpp:650] gyr saturation
W20250111 18:59:48.891602 685523 ImuError.cpp:650] gyr saturation
W20250111 18:59:48.891604 685523 ImuError.cpp:650] gyr saturation
W20250111 18:59:48.891608 685523 ImuError.cpp:650] gyr saturation
W20250111 18:59:48.891613 685523 ImuError.cpp:650] gyr saturation
W20250111 18:59:48.891616 685523 ImuError.cpp:650] gyr saturation
W20250111 18:59:48.891619 685523 ImuError.cpp:650] gyr saturation
W20250111 18:59:48.891623 685523 ImuError.cpp:650] gyr saturation
W20250111 18:59:48.891628 685523 ImuError.cpp:650] gyr saturation
W20250111 18:59:48.891631 685523 ImuError.cpp:650] gyr saturation
W20250111 18:59:48.891635 685523 ImuError.cpp:650] gyr saturation
W20250111 18:59:48.891638 685523 ImuError.cpp:650] gyr saturation
W20250111 18:59:48.891642 685523 ImuError.cpp:650] gyr saturation
W20250111 18:59:48.891646 685523 ImuError.cpp:650] gyr saturation
W20250111 18:59:48.891649 685523 ImuError.cpp:650] gyr saturation
W20250111 18:59:48.891654 685523 ImuError.cpp:650] gyr saturation
W20250111 18:59:48.891656 685523 ImuError.cpp:650] gyr saturation
W20250111 18:59:48.891660 685523 ImuError.cpp:650] gyr saturation
W20250111 18:59:48.891664 685523 ImuError.cpp:650] gyr saturation
W20250111 18:59:48.891667 685523 ImuError.cpp:650] gyr saturation
W20250111 18:59:48.891670 685523 ImuError.cpp:650] gyr saturation
W20250111 18:59:48.891674 685523 ImuError.cpp:650] gyr saturation
W20250111 18:59:48.891677 685523 ImuError.cpp:650] gyr saturation
W20250111 18:59:48.891681 685523 ImuError.cpp:650] gyr saturation
W20250111 18:59:48.891685 685523 ImuError.cpp:650] gyr saturation
W20250111 18:59:48.891688 685523 ImuError.cpp:650] gyr saturation
W20250111 18:59:48.891691 685523 ImuError.cpp:650] gyr saturation
W20250111 18:59:48.891695 685523 ImuError.cpp:650] gyr saturation
W20250111 18:59:48.913533 685523 ImuError.cpp:650] gyr saturation
W20250111 18:59:48.913561 685523 ImuError.cpp:650] gyr saturation
W20250111 18:59:48.913565 685523 ImuError.cpp:650] gyr saturation
W20250111 18:59:48.913576 685523 ImuError.cpp:650] gyr saturation
W20250111 18:59:48.913580 685523 ImuError.cpp:650] gyr saturation
W20250111 18:59:48.913583 685523 ImuError.cpp:650] gyr saturation
W20250111 18:59:48.913589 685523 ImuError.cpp:650] gyr saturation
W20250111 18:59:48.913592 685523 ImuError.cpp:650] gyr saturation
W20250111 18:59:48.913595 685523 ImuError.cpp:650] gyr saturation
W20250111 18:59:48.913599 685523 ImuError.cpp:650] gyr saturation
W20250111 18:59:48.913602 685523 ImuError.cpp:650] gyr saturation
W20250111 18:59:48.913609 685523 ImuError.cpp:650] gyr saturation
W20250111 18:59:48.913611 685523 ImuError.cpp:650] gyr saturation
W20250111 18:59:48.913617 685523 ImuError.cpp:650] gyr saturation
W20250111 18:59:48.913620 685523 ImuError.cpp:650] gyr saturation
W20250111 18:59:48.913625 685523 ImuError.cpp:650] gyr saturation
W20250111 18:59:48.913632 685523 ImuError.cpp:650] gyr saturation
W20250111 18:59:48.913637 685523 ImuError.cpp:650] gyr saturation
W20250111 18:59:48.913641 685523 ImuError.cpp:650] gyr saturation
W20250111 18:59:48.913645 685523 ImuError.cpp:650] gyr saturation
W20250111 18:59:48.913647 685523 ImuError.cpp:650] gyr saturation
W20250111 18:59:48.913651 685523 ImuError.cpp:650] gyr saturation
W20250111 18:59:48.913655 685523 ImuError.cpp:650] gyr saturation
W20250111 18:59:48.913659 685523 ImuError.cpp:650] gyr saturation
W20250111 18:59:48.913663 685523 ImuError.cpp:650] gyr saturation
W20250111 18:59:48.913667 685523 ImuError.cpp:650] gyr saturation
W20250111 18:59:48.913671 685523 ImuError.cpp:650] gyr saturation
W20250111 18:59:48.913674 685523 ImuError.cpp:650] gyr saturation
W20250111 18:59:48.913679 685523 ImuError.cpp:650] gyr saturation
W20250111 18:59:48.913682 685523 ImuError.cpp:650] gyr saturation
W20250111 18:59:48.913686 685523 ImuError.cpp:650] gyr saturation
W20250111 18:59:48.913690 685523 ImuError.cpp:650] gyr saturation
W20250111 18:59:48.913694 685523 ImuError.cpp:650] gyr saturation
W20250111 18:59:48.913698 685523 ImuError.cpp:650] gyr saturation
W20250111 18:59:48.913782 685523 ImuError.cpp:650] gyr saturation
W20250111 18:59:48.913789 685523 ImuError.cpp:650] gyr saturation
W20250111 18:59:48.913791 685523 ImuError.cpp:650] gyr saturation
W20250111 18:59:48.913795 685523 ImuError.cpp:650] gyr saturation
W20250111 18:59:48.913800 685523 ImuError.cpp:650] gyr saturation
W20250111 18:59:48.913805 685523 ImuError.cpp:650] gyr saturation
W20250111 18:59:48.913807 685523 ImuError.cpp:650] gyr saturation
W20250111 18:59:48.913812 685523 ImuError.cpp:650] gyr saturation
W20250111 18:59:48.913816 685523 ImuError.cpp:650] gyr saturation
W20250111 18:59:48.913820 685523 ImuError.cpp:650] gyr saturation
W20250111 18:59:48.913826 685523 ImuError.cpp:650] gyr saturation
W20250111 18:59:48.913830 685523 ImuError.cpp:650] gyr saturation
W20250111 18:59:48.913833 685523 ImuError.cpp:650] gyr saturation
W20250111 18:59:48.913837 685523 ImuError.cpp:650] gyr saturation
W20250111 18:59:48.913841 685523 ImuError.cpp:650] gyr saturation
W20250111 18:59:48.913844 685523 ImuError.cpp:650] gyr saturation
W20250111 18:59:48.913847 685523 ImuError.cpp:650] gyr saturation
W20250111 18:59:48.913851 685523 ImuError.cpp:650] gyr saturation
W20250111 18:59:48.913856 685523 ImuError.cpp:650] gyr saturation
W20250111 18:59:48.913859 685523 ImuError.cpp:650] gyr saturation
W20250111 18:59:48.913865 685523 ImuError.cpp:650] gyr saturation
W20250111 18:59:48.913868 685523 ImuError.cpp:650] gyr saturation
W20250111 18:59:48.913873 685523 ImuError.cpp:650] gyr saturation
W20250111 18:59:48.913877 685523 ImuError.cpp:650] gyr saturation
W20250111 18:59:48.913880 685523 ImuError.cpp:650] gyr saturation
W20250111 18:59:48.913885 685523 ImuError.cpp:650] gyr saturation
W20250111 18:59:48.913888 685523 ImuError.cpp:650] gyr saturation
W20250111 18:59:48.913892 685523 ImuError.cpp:650] gyr saturation
W20250111 18:59:48.913897 685523 ImuError.cpp:650] gyr saturation
W20250111 18:59:48.913900 685523 ImuError.cpp:650] gyr saturation
W20250111 18:59:48.913904 685523 ImuError.cpp:650] gyr saturation
W20250111 18:59:48.913910 685523 ImuError.cpp:650] gyr saturation
W20250111 18:59:48.913914 685523 ImuError.cpp:650] gyr saturation
W20250111 18:59:48.913918 685523 ImuError.cpp:650] gyr saturation
I20250111 18:59:48.915179 685523 Frontend.cpp:2274] RANSAC FAIL: 18 inliers, ratio = 0.62069
W20250111 18:59:48.916294 685523 ImuError.cpp:368] gyr saturation
W20250111 18:59:48.916319 685523 ImuError.cpp:368] gyr saturation
W20250111 18:59:48.916328 685523 ImuError.cpp:368] gyr saturation
W20250111 18:59:48.916338 685523 ImuError.cpp:368] gyr saturation
W20250111 18:59:48.916345 685523 ImuError.cpp:368] gyr saturation
W20250111 18:59:48.916355 685523 ImuError.cpp:368] gyr saturation
W20250111 18:59:48.916364 685523 ImuError.cpp:368] gyr saturation
W20250111 18:59:48.916373 685523 ImuError.cpp:368] gyr saturation
W20250111 18:59:48.916383 685523 ImuError.cpp:368] gyr saturation
W20250111 18:59:48.916390 685523 ImuError.cpp:368] gyr saturation
W20250111 18:59:48.916399 685523 ImuError.cpp:368] gyr saturation
W20250111 18:59:48.916405 685523 ImuError.cpp:368] gyr saturation
W20250111 18:59:48.916414 685523 ImuError.cpp:368] gyr saturation
W20250111 18:59:48.916421 685523 ImuError.cpp:368] gyr saturation
W20250111 18:59:48.916430 685523 ImuError.cpp:368] gyr saturation
W20250111 18:59:48.916438 685523 ImuError.cpp:368] gyr saturation
W20250111 18:59:48.916446 685523 ImuError.cpp:368] gyr saturation
W20250111 18:59:48.916453 685523 ImuError.cpp:368] gyr saturation
W20250111 18:59:48.916462 685523 ImuError.cpp:368] gyr saturation
W20250111 18:59:48.916469 685523 ImuError.cpp:368] gyr saturation
W20250111 18:59:48.916478 685523 ImuError.cpp:368] gyr saturation
W20250111 18:59:48.916486 685523 ImuError.cpp:368] gyr saturation
W20250111 18:59:48.916494 685523 ImuError.cpp:368] gyr saturation
W20250111 18:59:48.916502 685523 ImuError.cpp:368] gyr saturation
W20250111 18:59:48.916510 685523 ImuError.cpp:368] gyr saturation
W20250111 18:59:48.916518 685523 ImuError.cpp:368] gyr saturation
W20250111 18:59:48.916527 685523 ImuError.cpp:368] gyr saturation
W20250111 18:59:48.916534 685523 ImuError.cpp:368] gyr saturation
W20250111 18:59:48.916543 685523 ImuError.cpp:368] gyr saturation
W20250111 18:59:48.916550 685523 ImuError.cpp:368] gyr saturation
W20250111 18:59:48.916558 685523 ImuError.cpp:368] gyr saturation
W20250111 18:59:48.916565 685523 ImuError.cpp:368] gyr saturation
W20250111 18:59:48.916574 685523 ImuError.cpp:368] gyr saturation
W20250111 18:59:48.916581 685523 ImuError.cpp:368] gyr saturation
W20250111 18:59:48.920051 685523 ImuError.cpp:650] gyr saturation
W20250111 18:59:48.920085 685523 ImuError.cpp:650] gyr saturation
W20250111 18:59:48.920090 685523 ImuError.cpp:650] gyr saturation
W20250111 18:59:48.920095 685523 ImuError.cpp:650] gyr saturation
W20250111 18:59:48.920101 685523 ImuError.cpp:650] gyr saturation
W20250111 18:59:48.920107 685523 ImuError.cpp:650] gyr saturation
W20250111 18:59:48.920112 685523 ImuError.cpp:650] gyr saturation
W20250111 18:59:48.920115 685523 ImuError.cpp:650] gyr saturation
W20250111 18:59:48.920120 685523 ImuError.cpp:650] gyr saturation
W20250111 18:59:48.920123 685523 ImuError.cpp:650] gyr saturation
W20250111 18:59:48.920127 685523 ImuError.cpp:650] gyr saturation
W20250111 18:59:48.920131 685523 ImuError.cpp:650] gyr saturation
W20250111 18:59:48.920136 685523 ImuError.cpp:650] gyr saturation
W20250111 18:59:48.920140 685523 ImuError.cpp:650] gyr saturation
W20250111 18:59:48.920143 685523 ImuError.cpp:650] gyr saturation
W20250111 18:59:48.920149 685523 ImuError.cpp:650] gyr saturation
W20250111 18:59:48.920153 685523 ImuError.cpp:650] gyr saturation
W20250111 18:59:48.920158 685523 ImuError.cpp:650] gyr saturation
W20250111 18:59:48.920162 685523 ImuError.cpp:650] gyr saturation
W20250111 18:59:48.920167 685523 ImuError.cpp:650] gyr saturation
W20250111 18:59:48.920172 685523 ImuError.cpp:650] gyr saturation
W20250111 18:59:48.920176 685523 ImuError.cpp:650] gyr saturation
W20250111 18:59:48.920181 685523 ImuError.cpp:650] gyr saturation
W20250111 18:59:48.920185 685523 ImuError.cpp:650] gyr saturation
W20250111 18:59:48.920193 685523 ImuError.cpp:650] gyr saturation
W20250111 18:59:48.920197 685523 ImuError.cpp:650] gyr saturation
W20250111 18:59:48.920202 685523 ImuError.cpp:650] gyr saturation
W20250111 18:59:48.920207 685523 ImuError.cpp:650] gyr saturation
W20250111 18:59:48.920212 685523 ImuError.cpp:650] gyr saturation
W20250111 18:59:48.920215 685523 ImuError.cpp:650] gyr saturation
W20250111 18:59:48.920219 685523 ImuError.cpp:650] gyr saturation
W20250111 18:59:48.920224 685523 ImuError.cpp:650] gyr saturation
W20250111 18:59:48.920228 685523 ImuError.cpp:650] gyr saturation
W20250111 18:59:48.920233 685523 ImuError.cpp:650] gyr saturation
W20250111 18:59:48.920238 685523 ImuError.cpp:650] gyr saturation
W20250111 18:59:48.920241 685523 ImuError.cpp:650] gyr saturation
W20250111 18:59:48.920245 685523 ImuError.cpp:650] gyr saturation
W20250111 18:59:48.920249 685523 ImuError.cpp:650] gyr saturation
W20250111 18:59:48.920253 685523 ImuError.cpp:650] gyr saturation
W20250111 18:59:48.920257 685523 ImuError.cpp:650] gyr saturation
W20250111 18:59:48.920261 685523 ImuError.cpp:650] gyr saturation
W20250111 18:59:48.920266 685523 ImuError.cpp:650] gyr saturation
W20250111 18:59:48.920270 685523 ImuError.cpp:650] gyr saturation
W20250111 18:59:48.920275 685523 ImuError.cpp:650] gyr saturation
W20250111 18:59:48.920279 685523 ImuError.cpp:650] gyr saturation
W20250111 18:59:48.920284 685523 ImuError.cpp:650] gyr saturation
W20250111 18:59:48.920287 685523 ImuError.cpp:650] gyr saturation
W20250111 18:59:48.920291 685523 ImuError.cpp:650] gyr saturation
W20250111 18:59:48.920296 685523 ImuError.cpp:650] gyr saturation
W20250111 18:59:48.920301 685523 ImuError.cpp:650] gyr saturation
W20250111 18:59:48.920305 685523 ImuError.cpp:650] gyr saturation
W20250111 18:59:48.920310 685523 ImuError.cpp:650] gyr saturation
W20250111 18:59:48.920313 685523 ImuError.cpp:650] gyr saturation
W20250111 18:59:48.920318 685523 ImuError.cpp:650] gyr saturation
W20250111 18:59:48.920322 685523 ImuError.cpp:650] gyr saturation
W20250111 18:59:48.920327 685523 ImuError.cpp:650] gyr saturation
W20250111 18:59:48.920331 685523 ImuError.cpp:650] gyr saturation
W20250111 18:59:48.920336 685523 ImuError.cpp:650] gyr saturation
W20250111 18:59:48.920339 685523 ImuError.cpp:650] gyr saturation
W20250111 18:59:48.920344 685523 ImuError.cpp:650] gyr saturation
W20250111 18:59:48.920348 685523 ImuError.cpp:650] gyr saturation
W20250111 18:59:48.920351 685523 ImuError.cpp:650] gyr saturation
W20250111 18:59:48.920356 685523 ImuError.cpp:650] gyr saturation
W20250111 18:59:48.920361 685523 ImuError.cpp:650] gyr saturation
W20250111 18:59:48.920367 685523 ImuError.cpp:650] gyr saturation
W20250111 18:59:48.920370 685523 ImuError.cpp:650] gyr saturation
W20250111 18:59:48.920374 685523 ImuError.cpp:650] gyr saturation
W20250111 18:59:48.920378 685523 ImuError.cpp:650] gyr saturation
W20250111 18:59:48.941673 685523 ImuError.cpp:650] gyr saturation
W20250111 18:59:48.941700 685523 ImuError.cpp:650] gyr saturation
W20250111 18:59:48.941704 685523 ImuError.cpp:650] gyr saturation
W20250111 18:59:48.941707 685523 ImuError.cpp:650] gyr saturation
W20250111 18:59:48.941712 685523 ImuError.cpp:650] gyr saturation
W20250111 18:59:48.941715 685523 ImuError.cpp:650] gyr saturation
W20250111 18:59:48.941717 685523 ImuError.cpp:650] gyr saturation
W20250111 18:59:48.941720 685523 ImuError.cpp:650] gyr saturation
W20250111 18:59:48.941725 685523 ImuError.cpp:650] gyr saturation
W20250111 18:59:48.941731 685523 ImuError.cpp:650] gyr saturation
W20250111 18:59:48.941735 685523 ImuError.cpp:650] gyr saturation
W20250111 18:59:48.941738 685523 ImuError.cpp:650] gyr saturation
W20250111 18:59:48.941741 685523 ImuError.cpp:650] gyr saturation
W20250111 18:59:48.941753 685523 ImuError.cpp:650] gyr saturation
W20250111 18:59:48.941759 685523 ImuError.cpp:650] gyr saturation
W20250111 18:59:48.941763 685523 ImuError.cpp:650] gyr saturation
W20250111 18:59:48.941766 685523 ImuError.cpp:650] gyr saturation
W20250111 18:59:48.941771 685523 ImuError.cpp:650] gyr saturation
W20250111 18:59:48.941782 685523 ImuError.cpp:650] gyr saturation
W20250111 18:59:48.941787 685523 ImuError.cpp:650] gyr saturation
W20250111 18:59:48.941792 685523 ImuError.cpp:650] gyr saturation
W20250111 18:59:48.941794 685523 ImuError.cpp:650] gyr saturation
W20250111 18:59:48.941798 685523 ImuError.cpp:650] gyr saturation
W20250111 18:59:48.941802 685523 ImuError.cpp:650] gyr saturation
W20250111 18:59:48.941807 685523 ImuError.cpp:650] gyr saturation
W20250111 18:59:48.941812 685523 ImuError.cpp:650] gyr saturation
W20250111 18:59:48.941814 685523 ImuError.cpp:650] gyr saturation
W20250111 18:59:48.941818 685523 ImuError.cpp:650] gyr saturation
W20250111 18:59:48.941821 685523 ImuError.cpp:650] gyr saturation
W20250111 18:59:48.941828 685523 ImuError.cpp:650] gyr saturation
W20250111 18:59:48.941833 685523 ImuError.cpp:650] gyr saturation
W20250111 18:59:48.941836 685523 ImuError.cpp:650] gyr saturation
W20250111 18:59:48.941840 685523 ImuError.cpp:650] gyr saturation
W20250111 18:59:48.941844 685523 ImuError.cpp:650] gyr saturation
W20250111 18:59:48.941848 685523 ImuError.cpp:650] gyr saturation
W20250111 18:59:48.941927 685523 ImuError.cpp:650] gyr saturation
W20250111 18:59:48.941932 685523 ImuError.cpp:650] gyr saturation
W20250111 18:59:48.941936 685523 ImuError.cpp:650] gyr saturation
W20250111 18:59:48.941939 685523 ImuError.cpp:650] gyr saturation
W20250111 18:59:48.941943 685523 ImuError.cpp:650] gyr saturation
W20250111 18:59:48.941947 685523 ImuError.cpp:650] gyr saturation
W20250111 18:59:48.941951 685523 ImuError.cpp:650] gyr saturation
W20250111 18:59:48.941954 685523 ImuError.cpp:650] gyr saturation
W20250111 18:59:48.941958 685523 ImuError.cpp:650] gyr saturation
W20250111 18:59:48.941962 685523 ImuError.cpp:650] gyr saturation
W20250111 18:59:48.941965 685523 ImuError.cpp:650] gyr saturation
W20250111 18:59:48.941968 685523 ImuError.cpp:650] gyr saturation
W20250111 18:59:48.941972 685523 ImuError.cpp:650] gyr saturation
W20250111 18:59:48.941975 685523 ImuError.cpp:650] gyr saturation
W20250111 18:59:48.941979 685523 ImuError.cpp:650] gyr saturation
W20250111 18:59:48.941982 685523 ImuError.cpp:650] gyr saturation
W20250111 18:59:48.941987 685523 ImuError.cpp:650] gyr saturation
W20250111 18:59:48.941989 685523 ImuError.cpp:650] gyr saturation
W20250111 18:59:48.941993 685523 ImuError.cpp:650] gyr saturation
W20250111 18:59:48.941996 685523 ImuError.cpp:650] gyr saturation
W20250111 18:59:48.941999 685523 ImuError.cpp:650] gyr saturation
W20250111 18:59:48.942003 685523 ImuError.cpp:650] gyr saturation
W20250111 18:59:48.942008 685523 ImuError.cpp:650] gyr saturation
W20250111 18:59:48.942013 685523 ImuError.cpp:650] gyr saturation
W20250111 18:59:48.942016 685523 ImuError.cpp:650] gyr saturation
W20250111 18:59:48.942019 685523 ImuError.cpp:650] gyr saturation
W20250111 18:59:48.942023 685523 ImuError.cpp:650] gyr saturation
W20250111 18:59:48.942026 685523 ImuError.cpp:650] gyr saturation
W20250111 18:59:48.942030 685523 ImuError.cpp:650] gyr saturation
W20250111 18:59:48.942034 685523 ImuError.cpp:650] gyr saturation
W20250111 18:59:48.942037 685523 ImuError.cpp:650] gyr saturation
W20250111 18:59:48.942040 685523 ImuError.cpp:650] gyr saturation
W20250111 18:59:48.942044 685523 ImuError.cpp:650] gyr saturation
W20250111 18:59:48.942047 685523 ImuError.cpp:650] gyr saturation
W20250111 18:59:48.942051 685523 ImuError.cpp:650] gyr saturation
I20250111 18:59:48.943595 685523 Frontend.cpp:2274] RANSAC FAIL: 27 inliers, ratio = 0.509434
W20250111 18:59:48.944739 685523 ImuError.cpp:368] gyr saturation
W20250111 18:59:48.944765 685523 ImuError.cpp:368] gyr saturation
W20250111 18:59:48.944777 685523 ImuError.cpp:368] gyr saturation
W20250111 18:59:48.944785 685523 ImuError.cpp:368] gyr saturation
W20250111 18:59:48.944793 685523 ImuError.cpp:368] gyr saturation
W20250111 18:59:48.944805 685523 ImuError.cpp:368] gyr saturation
W20250111 18:59:48.944815 685523 ImuError.cpp:368] gyr saturation
W20250111 18:59:48.944825 685523 ImuError.cpp:368] gyr saturation
W20250111 18:59:48.944840 685523 ImuError.cpp:368] gyr saturation
W20250111 18:59:48.944849 685523 ImuError.cpp:368] gyr saturation
W20250111 18:59:48.944859 685523 ImuError.cpp:368] gyr saturation
W20250111 18:59:48.944868 685523 ImuError.cpp:368] gyr saturation
W20250111 18:59:48.944877 685523 ImuError.cpp:368] gyr saturation
W20250111 18:59:48.944885 685523 ImuError.cpp:368] gyr saturation
W20250111 18:59:48.944893 685523 ImuError.cpp:368] gyr saturation
W20250111 18:59:48.944902 685523 ImuError.cpp:368] gyr saturation
W20250111 18:59:48.944911 685523 ImuError.cpp:368] gyr saturation
W20250111 18:59:48.944919 685523 ImuError.cpp:368] gyr saturation
W20250111 18:59:48.944927 685523 ImuError.cpp:368] gyr saturation
W20250111 18:59:48.944936 685523 ImuError.cpp:368] gyr saturation
W20250111 18:59:48.944944 685523 ImuError.cpp:368] gyr saturation
W20250111 18:59:48.944952 685523 ImuError.cpp:368] gyr saturation
W20250111 18:59:48.944960 685523 ImuError.cpp:368] gyr saturation
W20250111 18:59:48.944969 685523 ImuError.cpp:368] gyr saturation
W20250111 18:59:48.944977 685523 ImuError.cpp:368] gyr saturation
W20250111 18:59:48.944985 685523 ImuError.cpp:368] gyr saturation
W20250111 18:59:48.944993 685523 ImuError.cpp:368] gyr saturation
W20250111 18:59:48.945003 685523 ImuError.cpp:368] gyr saturation
W20250111 18:59:48.945010 685523 ImuError.cpp:368] gyr saturation
W20250111 18:59:48.945019 685523 ImuError.cpp:368] gyr saturation
W20250111 18:59:48.945027 685523 ImuError.cpp:368] gyr saturation
W20250111 18:59:48.945035 685523 ImuError.cpp:368] gyr saturation
W20250111 18:59:48.945043 685523 ImuError.cpp:368] gyr saturation
W20250111 18:59:48.945052 685523 ImuError.cpp:368] gyr saturation
W20250111 18:59:48.945060 685523 ImuError.cpp:368] gyr saturation
W20250111 18:59:48.948621 685523 ImuError.cpp:650] gyr saturation
W20250111 18:59:48.948649 685523 ImuError.cpp:650] gyr saturation
W20250111 18:59:48.948653 685523 ImuError.cpp:650] gyr saturation
W20250111 18:59:48.948657 685523 ImuError.cpp:650] gyr saturation
W20250111 18:59:48.948661 685523 ImuError.cpp:650] gyr saturation
W20250111 18:59:48.948664 685523 ImuError.cpp:650] gyr saturation
W20250111 18:59:48.948669 685523 ImuError.cpp:650] gyr saturation
W20250111 18:59:48.948678 685523 ImuError.cpp:650] gyr saturation
W20250111 18:59:48.948680 685523 ImuError.cpp:650] gyr saturation
W20250111 18:59:48.948683 685523 ImuError.cpp:650] gyr saturation
W20250111 18:59:48.948689 685523 ImuError.cpp:650] gyr saturation
W20250111 18:59:48.948695 685523 ImuError.cpp:650] gyr saturation
W20250111 18:59:48.948699 685523 ImuError.cpp:650] gyr saturation
W20250111 18:59:48.948704 685523 ImuError.cpp:650] gyr saturation
W20250111 18:59:48.948712 685523 ImuError.cpp:650] gyr saturation
W20250111 18:59:48.948716 685523 ImuError.cpp:650] gyr saturation
W20250111 18:59:48.948724 685523 ImuError.cpp:650] gyr saturation
W20250111 18:59:48.948727 685523 ImuError.cpp:650] gyr saturation
W20250111 18:59:48.948731 685523 ImuError.cpp:650] gyr saturation
W20250111 18:59:48.948736 685523 ImuError.cpp:650] gyr saturation
W20250111 18:59:48.948740 685523 ImuError.cpp:650] gyr saturation
W20250111 18:59:48.948745 685523 ImuError.cpp:650] gyr saturation
W20250111 18:59:48.948748 685523 ImuError.cpp:650] gyr saturation
W20250111 18:59:48.948751 685523 ImuError.cpp:650] gyr saturation
W20250111 18:59:48.948755 685523 ImuError.cpp:650] gyr saturation
W20250111 18:59:48.948758 685523 ImuError.cpp:650] gyr saturation
W20250111 18:59:48.948762 685523 ImuError.cpp:650] gyr saturation
W20250111 18:59:48.948765 685523 ImuError.cpp:650] gyr saturation
W20250111 18:59:48.948769 685523 ImuError.cpp:650] gyr saturation
W20250111 18:59:48.948773 685523 ImuError.cpp:650] gyr saturation
W20250111 18:59:48.948776 685523 ImuError.cpp:650] gyr saturation
W20250111 18:59:48.948781 685523 ImuError.cpp:650] gyr saturation
W20250111 18:59:48.948783 685523 ImuError.cpp:650] gyr saturation
W20250111 18:59:48.948787 685523 ImuError.cpp:650] gyr saturation
W20250111 18:59:48.948791 685523 ImuError.cpp:650] gyr saturation
W20250111 18:59:48.948798 685523 ImuError.cpp:650] gyr saturation
W20250111 18:59:48.948803 685523 ImuError.cpp:650] gyr saturation
W20250111 18:59:48.948807 685523 ImuError.cpp:650] gyr saturation
W20250111 18:59:48.948810 685523 ImuError.cpp:650] gyr saturation
W20250111 18:59:48.948813 685523 ImuError.cpp:650] gyr saturation
W20250111 18:59:48.948817 685523 ImuError.cpp:650] gyr saturation
W20250111 18:59:48.948822 685523 ImuError.cpp:650] gyr saturation
W20250111 18:59:48.948827 685523 ImuError.cpp:650] gyr saturation
W20250111 18:59:48.948832 685523 ImuError.cpp:650] gyr saturation
W20250111 18:59:48.948836 685523 ImuError.cpp:650] gyr saturation
W20250111 18:59:48.948840 685523 ImuError.cpp:650] gyr saturation
W20250111 18:59:48.948843 685523 ImuError.cpp:650] gyr saturation
W20250111 18:59:48.948848 685523 ImuError.cpp:650] gyr saturation
W20250111 18:59:48.948850 685523 ImuError.cpp:650] gyr saturation
W20250111 18:59:48.948854 685523 ImuError.cpp:650] gyr saturation
W20250111 18:59:48.948858 685523 ImuError.cpp:650] gyr saturation
W20250111 18:59:48.948861 685523 ImuError.cpp:650] gyr saturation
W20250111 18:59:48.948864 685523 ImuError.cpp:650] gyr saturation
W20250111 18:59:48.948868 685523 ImuError.cpp:650] gyr saturation
W20250111 18:59:48.948871 685523 ImuError.cpp:650] gyr saturation
W20250111 18:59:48.948875 685523 ImuError.cpp:650] gyr saturation
W20250111 18:59:48.948879 685523 ImuError.cpp:650] gyr saturation
W20250111 18:59:48.948882 685523 ImuError.cpp:650] gyr saturation
W20250111 18:59:48.948885 685523 ImuError.cpp:650] gyr saturation
W20250111 18:59:48.948889 685523 ImuError.cpp:650] gyr saturation
W20250111 18:59:48.948894 685523 ImuError.cpp:650] gyr saturation
W20250111 18:59:48.948896 685523 ImuError.cpp:650] gyr saturation
W20250111 18:59:48.948900 685523 ImuError.cpp:650] gyr saturation
W20250111 18:59:48.948904 685523 ImuError.cpp:650] gyr saturation
W20250111 18:59:48.948907 685523 ImuError.cpp:650] gyr saturation
W20250111 18:59:48.948910 685523 ImuError.cpp:650] gyr saturation
W20250111 18:59:48.948915 685523 ImuError.cpp:650] gyr saturation
W20250111 18:59:48.948917 685523 ImuError.cpp:650] gyr saturation
W20250111 18:59:48.971621 685523 ImuError.cpp:650] gyr saturation
W20250111 18:59:48.971659 685523 ImuError.cpp:650] gyr saturation
W20250111 18:59:48.971665 685523 ImuError.cpp:650] gyr saturation
W20250111 18:59:48.971670 685523 ImuError.cpp:650] gyr saturation
W20250111 18:59:48.971674 685523 ImuError.cpp:650] gyr saturation
W20250111 18:59:48.971678 685523 ImuError.cpp:650] gyr saturation
W20250111 18:59:48.971683 685523 ImuError.cpp:650] gyr saturation
W20250111 18:59:48.971689 685523 ImuError.cpp:650] gyr saturation
W20250111 18:59:48.971698 685523 ImuError.cpp:650] gyr saturation
W20250111 18:59:48.971701 685523 ImuError.cpp:650] gyr saturation
W20250111 18:59:48.971704 685523 ImuError.cpp:650] gyr saturation
W20250111 18:59:48.971709 685523 ImuError.cpp:650] gyr saturation
W20250111 18:59:48.971714 685523 ImuError.cpp:650] gyr saturation
W20250111 18:59:48.971717 685523 ImuError.cpp:650] gyr saturation
W20250111 18:59:48.971722 685523 ImuError.cpp:650] gyr saturation
W20250111 18:59:48.971726 685523 ImuError.cpp:650] gyr saturation
W20250111 18:59:48.971731 685523 ImuError.cpp:650] gyr saturation
W20250111 18:59:48.971735 685523 ImuError.cpp:650] gyr saturation
W20250111 18:59:48.971740 685523 ImuError.cpp:650] gyr saturation
W20250111 18:59:48.971743 685523 ImuError.cpp:650] gyr saturation
W20250111 18:59:48.971747 685523 ImuError.cpp:650] gyr saturation
W20250111 18:59:48.971751 685523 ImuError.cpp:650] gyr saturation
W20250111 18:59:48.971756 685523 ImuError.cpp:650] gyr saturation
W20250111 18:59:48.971761 685523 ImuError.cpp:650] gyr saturation
W20250111 18:59:48.971764 685523 ImuError.cpp:650] gyr saturation
W20250111 18:59:48.971768 685523 ImuError.cpp:650] gyr saturation
W20250111 18:59:48.971772 685523 ImuError.cpp:650] gyr saturation
W20250111 18:59:48.971776 685523 ImuError.cpp:650] gyr saturation
W20250111 18:59:48.971779 685523 ImuError.cpp:650] gyr saturation
W20250111 18:59:48.971787 685523 ImuError.cpp:650] gyr saturation
W20250111 18:59:48.971791 685523 ImuError.cpp:650] gyr saturation
W20250111 18:59:48.971794 685523 ImuError.cpp:650] gyr saturation
W20250111 18:59:48.971798 685523 ImuError.cpp:650] gyr saturation
W20250111 18:59:48.971801 685523 ImuError.cpp:650] gyr saturation
W20250111 18:59:48.971860 685523 ImuError.cpp:650] gyr saturation
W20250111 18:59:48.971864 685523 ImuError.cpp:650] gyr saturation
W20250111 18:59:48.971868 685523 ImuError.cpp:650] gyr saturation
W20250111 18:59:48.971871 685523 ImuError.cpp:650] gyr saturation
W20250111 18:59:48.971875 685523 ImuError.cpp:650] gyr saturation
W20250111 18:59:48.971879 685523 ImuError.cpp:650] gyr saturation
W20250111 18:59:48.971882 685523 ImuError.cpp:650] gyr saturation
W20250111 18:59:48.971886 685523 ImuError.cpp:650] gyr saturation
W20250111 18:59:48.971889 685523 ImuError.cpp:650] gyr saturation
W20250111 18:59:48.971892 685523 ImuError.cpp:650] gyr saturation
W20250111 18:59:48.971896 685523 ImuError.cpp:650] gyr saturation
W20250111 18:59:48.971900 685523 ImuError.cpp:650] gyr saturation
W20250111 18:59:48.971904 685523 ImuError.cpp:650] gyr saturation
W20250111 18:59:48.971907 685523 ImuError.cpp:650] gyr saturation
W20250111 18:59:48.971910 685523 ImuError.cpp:650] gyr saturation
W20250111 18:59:48.971915 685523 ImuError.cpp:650] gyr saturation
W20250111 18:59:48.971917 685523 ImuError.cpp:650] gyr saturation
W20250111 18:59:48.971921 685523 ImuError.cpp:650] gyr saturation
W20250111 18:59:48.971925 685523 ImuError.cpp:650] gyr saturation
W20250111 18:59:48.971930 685523 ImuError.cpp:650] gyr saturation
W20250111 18:59:48.971932 685523 ImuError.cpp:650] gyr saturation
W20250111 18:59:48.971936 685523 ImuError.cpp:650] gyr saturation
W20250111 18:59:48.971940 685523 ImuError.cpp:650] gyr saturation
W20250111 18:59:48.971943 685523 ImuError.cpp:650] gyr saturation
W20250111 18:59:48.971947 685523 ImuError.cpp:650] gyr saturation
W20250111 18:59:48.971951 685523 ImuError.cpp:650] gyr saturation
W20250111 18:59:48.971954 685523 ImuError.cpp:650] gyr saturation
W20250111 18:59:48.971958 685523 ImuError.cpp:650] gyr saturation
W20250111 18:59:48.971962 685523 ImuError.cpp:650] gyr saturation
W20250111 18:59:48.971966 685523 ImuError.cpp:650] gyr saturation
W20250111 18:59:48.971969 685523 ImuError.cpp:650] gyr saturation
W20250111 18:59:48.971972 685523 ImuError.cpp:650] gyr saturation
W20250111 18:59:48.971976 685523 ImuError.cpp:650] gyr saturation
W20250111 18:59:48.971979 685523 ImuError.cpp:650] gyr saturation
W20250111 18:59:48.974215 685523 ImuError.cpp:368] gyr saturation
W20250111 18:59:48.974246 685523 ImuError.cpp:368] gyr saturation
W20250111 18:59:48.974259 685523 ImuError.cpp:368] gyr saturation
W20250111 18:59:48.974267 685523 ImuError.cpp:368] gyr saturation
W20250111 18:59:48.974274 685523 ImuError.cpp:368] gyr saturation
W20250111 18:59:48.974282 685523 ImuError.cpp:368] gyr saturation
W20250111 18:59:48.974290 685523 ImuError.cpp:368] gyr saturation
W20250111 18:59:48.974298 685523 ImuError.cpp:368] gyr saturation
W20250111 18:59:48.974305 685523 ImuError.cpp:368] gyr saturation
W20250111 18:59:48.974313 685523 ImuError.cpp:368] gyr saturation
W20250111 18:59:48.974321 685523 ImuError.cpp:368] gyr saturation
W20250111 18:59:48.974329 685523 ImuError.cpp:368] gyr saturation
W20250111 18:59:48.974336 685523 ImuError.cpp:368] gyr saturation
W20250111 18:59:48.974344 685523 ImuError.cpp:368] gyr saturation
W20250111 18:59:48.974352 685523 ImuError.cpp:368] gyr saturation
W20250111 18:59:48.974359 685523 ImuError.cpp:368] gyr saturation
W20250111 18:59:48.974367 685523 ImuError.cpp:368] gyr saturation
W20250111 18:59:48.974375 685523 ImuError.cpp:368] gyr saturation
W20250111 18:59:48.974382 685523 ImuError.cpp:368] gyr saturation
W20250111 18:59:48.974390 685523 ImuError.cpp:368] gyr saturation
W20250111 18:59:48.974397 685523 ImuError.cpp:368] gyr saturation
W20250111 18:59:48.974406 685523 ImuError.cpp:368] gyr saturation
W20250111 18:59:48.974412 685523 ImuError.cpp:368] gyr saturation
W20250111 18:59:48.974423 685523 ImuError.cpp:368] gyr saturation
W20250111 18:59:48.974432 685523 ImuError.cpp:368] gyr saturation
W20250111 18:59:48.974439 685523 ImuError.cpp:368] gyr saturation
W20250111 18:59:48.974447 685523 ImuError.cpp:368] gyr saturation
W20250111 18:59:48.974454 685523 ImuError.cpp:368] gyr saturation
W20250111 18:59:48.974462 685523 ImuError.cpp:368] gyr saturation
W20250111 18:59:48.974469 685523 ImuError.cpp:368] gyr saturation
W20250111 18:59:48.974478 685523 ImuError.cpp:368] gyr saturation
W20250111 18:59:48.974484 685523 ImuError.cpp:368] gyr saturation
W20250111 18:59:48.974493 685523 ImuError.cpp:368] gyr saturation
W20250111 18:59:48.974499 685523 ImuError.cpp:368] gyr saturation
W20250111 18:59:48.978051 685523 ImuError.cpp:650] gyr saturation
W20250111 18:59:48.978084 685523 ImuError.cpp:650] gyr saturation
W20250111 18:59:48.978089 685523 ImuError.cpp:650] gyr saturation
W20250111 18:59:48.978093 685523 ImuError.cpp:650] gyr saturation
W20250111 18:59:48.978097 685523 ImuError.cpp:650] gyr saturation
W20250111 18:59:48.978101 685523 ImuError.cpp:650] gyr saturation
W20250111 18:59:48.978106 685523 ImuError.cpp:650] gyr saturation
W20250111 18:59:48.978109 685523 ImuError.cpp:650] gyr saturation
W20250111 18:59:48.978114 685523 ImuError.cpp:650] gyr saturation
W20250111 18:59:48.978117 685523 ImuError.cpp:650] gyr saturation
W20250111 18:59:48.978121 685523 ImuError.cpp:650] gyr saturation
W20250111 18:59:48.978125 685523 ImuError.cpp:650] gyr saturation
W20250111 18:59:48.978128 685523 ImuError.cpp:650] gyr saturation
W20250111 18:59:48.978132 685523 ImuError.cpp:650] gyr saturation
W20250111 18:59:48.978138 685523 ImuError.cpp:650] gyr saturation
W20250111 18:59:48.978142 685523 ImuError.cpp:650] gyr saturation
W20250111 18:59:48.978145 685523 ImuError.cpp:650] gyr saturation
W20250111 18:59:48.978149 685523 ImuError.cpp:650] gyr saturation
W20250111 18:59:48.978153 685523 ImuError.cpp:650] gyr saturation
W20250111 18:59:48.978157 685523 ImuError.cpp:650] gyr saturation
W20250111 18:59:48.978161 685523 ImuError.cpp:650] gyr saturation
W20250111 18:59:48.978164 685523 ImuError.cpp:650] gyr saturation
W20250111 18:59:48.978168 685523 ImuError.cpp:650] gyr saturation
W20250111 18:59:48.978171 685523 ImuError.cpp:650] gyr saturation
W20250111 18:59:48.978176 685523 ImuError.cpp:650] gyr saturation
W20250111 18:59:48.978179 685523 ImuError.cpp:650] gyr saturation
W20250111 18:59:48.978183 685523 ImuError.cpp:650] gyr saturation
W20250111 18:59:48.978188 685523 ImuError.cpp:650] gyr saturation
W20250111 18:59:48.978191 685523 ImuError.cpp:650] gyr saturation
W20250111 18:59:48.978194 685523 ImuError.cpp:650] gyr saturation
W20250111 18:59:48.978204 685523 ImuError.cpp:650] gyr saturation
W20250111 18:59:48.978206 685523 ImuError.cpp:650] gyr saturation
W20250111 18:59:48.978210 685523 ImuError.cpp:650] gyr saturation
W20250111 18:59:48.978214 685523 ImuError.cpp:650] gyr saturation
W20250111 18:59:48.978217 685523 ImuError.cpp:650] gyr saturation
W20250111 18:59:48.978221 685523 ImuError.cpp:650] gyr saturation
W20250111 18:59:48.978225 685523 ImuError.cpp:650] gyr saturation
W20250111 18:59:48.978228 685523 ImuError.cpp:650] gyr saturation
W20250111 18:59:48.978233 685523 ImuError.cpp:650] gyr saturation
W20250111 18:59:48.978237 685523 ImuError.cpp:650] gyr saturation
W20250111 18:59:48.978242 685523 ImuError.cpp:650] gyr saturation
W20250111 18:59:48.978245 685523 ImuError.cpp:650] gyr saturation
W20250111 18:59:48.978250 685523 ImuError.cpp:650] gyr saturation
W20250111 18:59:48.978255 685523 ImuError.cpp:650] gyr saturation
W20250111 18:59:48.978257 685523 ImuError.cpp:650] gyr saturation
W20250111 18:59:48.978261 685523 ImuError.cpp:650] gyr saturation
W20250111 18:59:48.978266 685523 ImuError.cpp:650] gyr saturation
W20250111 18:59:48.978269 685523 ImuError.cpp:650] gyr saturation
W20250111 18:59:48.978276 685523 ImuError.cpp:650] gyr saturation
W20250111 18:59:48.978279 685523 ImuError.cpp:650] gyr saturation
W20250111 18:59:48.978286 685523 ImuError.cpp:650] gyr saturation
W20250111 18:59:48.978293 685523 ImuError.cpp:650] gyr saturation
W20250111 18:59:48.978298 685523 ImuError.cpp:650] gyr saturation
W20250111 18:59:48.978302 685523 ImuError.cpp:650] gyr saturation
W20250111 18:59:48.978305 685523 ImuError.cpp:650] gyr saturation
W20250111 18:59:48.978309 685523 ImuError.cpp:650] gyr saturation
W20250111 18:59:48.978314 685523 ImuError.cpp:650] gyr saturation
W20250111 18:59:48.978318 685523 ImuError.cpp:650] gyr saturation
W20250111 18:59:48.978322 685523 ImuError.cpp:650] gyr saturation
W20250111 18:59:48.978327 685523 ImuError.cpp:650] gyr saturation
W20250111 18:59:48.978330 685523 ImuError.cpp:650] gyr saturation
W20250111 18:59:48.978334 685523 ImuError.cpp:650] gyr saturation
W20250111 18:59:48.978339 685523 ImuError.cpp:650] gyr saturation
W20250111 18:59:48.978344 685523 ImuError.cpp:650] gyr saturation
W20250111 18:59:48.978349 685523 ImuError.cpp:650] gyr saturation
W20250111 18:59:48.978353 685523 ImuError.cpp:650] gyr saturation
W20250111 18:59:48.978358 685523 ImuError.cpp:650] gyr saturation
W20250111 18:59:48.978361 685523 ImuError.cpp:650] gyr saturation
W20250111 18:59:49.007421 685523 ImuError.cpp:650] gyr saturation
W20250111 18:59:49.007457 685523 ImuError.cpp:650] gyr saturation
W20250111 18:59:49.007462 685523 ImuError.cpp:650] gyr saturation
W20250111 18:59:49.007464 685523 ImuError.cpp:650] gyr saturation
W20250111 18:59:49.007467 685523 ImuError.cpp:650] gyr saturation
W20250111 18:59:49.007472 685523 ImuError.cpp:650] gyr saturation
W20250111 18:59:49.007475 685523 ImuError.cpp:650] gyr saturation
W20250111 18:59:49.007479 685523 ImuError.cpp:650] gyr saturation
W20250111 18:59:49.007483 685523 ImuError.cpp:650] gyr saturation
W20250111 18:59:49.007485 685523 ImuError.cpp:650] gyr saturation
W20250111 18:59:49.007490 685523 ImuError.cpp:650] gyr saturation
W20250111 18:59:49.007494 685523 ImuError.cpp:650] gyr saturation
W20250111 18:59:49.007498 685523 ImuError.cpp:650] gyr saturation
W20250111 18:59:49.007501 685523 ImuError.cpp:650] gyr saturation
W20250111 18:59:49.007504 685523 ImuError.cpp:650] gyr saturation
W20250111 18:59:49.007508 685523 ImuError.cpp:650] gyr saturation
W20250111 18:59:49.007511 685523 ImuError.cpp:650] gyr saturation
W20250111 18:59:49.007514 685523 ImuError.cpp:650] gyr saturation
W20250111 18:59:49.007519 685523 ImuError.cpp:650] gyr saturation
W20250111 18:59:49.007522 685523 ImuError.cpp:650] gyr saturation
W20250111 18:59:49.007525 685523 ImuError.cpp:650] gyr saturation
W20250111 18:59:49.007529 685523 ImuError.cpp:650] gyr saturation
W20250111 18:59:49.007532 685523 ImuError.cpp:650] gyr saturation
W20250111 18:59:49.007536 685523 ImuError.cpp:650] gyr saturation
W20250111 18:59:49.007545 685523 ImuError.cpp:650] gyr saturation
W20250111 18:59:49.007548 685523 ImuError.cpp:650] gyr saturation
W20250111 18:59:49.007555 685523 ImuError.cpp:650] gyr saturation
W20250111 18:59:49.007558 685523 ImuError.cpp:650] gyr saturation
W20250111 18:59:49.007562 685523 ImuError.cpp:650] gyr saturation
W20250111 18:59:49.007565 685523 ImuError.cpp:650] gyr saturation
W20250111 18:59:49.007568 685523 ImuError.cpp:650] gyr saturation
W20250111 18:59:49.007572 685523 ImuError.cpp:650] gyr saturation
W20250111 18:59:49.007575 685523 ImuError.cpp:650] gyr saturation
W20250111 18:59:49.007580 685523 ImuError.cpp:650] gyr saturation
W20250111 18:59:49.007583 685523 ImuError.cpp:650] gyr saturation
W20250111 18:59:49.007697 685523 ImuError.cpp:650] gyr saturation
W20250111 18:59:49.007702 685523 ImuError.cpp:650] gyr saturation
W20250111 18:59:49.007706 685523 ImuError.cpp:650] gyr saturation
W20250111 18:59:49.007709 685523 ImuError.cpp:650] gyr saturation
W20250111 18:59:49.007714 685523 ImuError.cpp:650] gyr saturation
W20250111 18:59:49.007717 685523 ImuError.cpp:650] gyr saturation
W20250111 18:59:49.007720 685523 ImuError.cpp:650] gyr saturation
W20250111 18:59:49.007726 685523 ImuError.cpp:650] gyr saturation
W20250111 18:59:49.007730 685523 ImuError.cpp:650] gyr saturation
W20250111 18:59:49.007732 685523 ImuError.cpp:650] gyr saturation
W20250111 18:59:49.007736 685523 ImuError.cpp:650] gyr saturation
W20250111 18:59:49.007745 685523 ImuError.cpp:650] gyr saturation
W20250111 18:59:49.007750 685523 ImuError.cpp:650] gyr saturation
W20250111 18:59:49.007755 685523 ImuError.cpp:650] gyr saturation
W20250111 18:59:49.007758 685523 ImuError.cpp:650] gyr saturation
W20250111 18:59:49.007762 685523 ImuError.cpp:650] gyr saturation
W20250111 18:59:49.007766 685523 ImuError.cpp:650] gyr saturation
W20250111 18:59:49.007769 685523 ImuError.cpp:650] gyr saturation
W20250111 18:59:49.007773 685523 ImuError.cpp:650] gyr saturation
W20250111 18:59:49.007778 685523 ImuError.cpp:650] gyr saturation
W20250111 18:59:49.007783 685523 ImuError.cpp:650] gyr saturation
W20250111 18:59:49.007787 685523 ImuError.cpp:650] gyr saturation
W20250111 18:59:49.007791 685523 ImuError.cpp:650] gyr saturation
W20250111 18:59:49.007794 685523 ImuError.cpp:650] gyr saturation
W20250111 18:59:49.007798 685523 ImuError.cpp:650] gyr saturation
W20250111 18:59:49.007802 685523 ImuError.cpp:650] gyr saturation
W20250111 18:59:49.007805 685523 ImuError.cpp:650] gyr saturation
W20250111 18:59:49.007808 685523 ImuError.cpp:650] gyr saturation
W20250111 18:59:49.007812 685523 ImuError.cpp:650] gyr saturation
W20250111 18:59:49.007815 685523 ImuError.cpp:650] gyr saturation
W20250111 18:59:49.007822 685523 ImuError.cpp:650] gyr saturation
W20250111 18:59:49.007828 685523 ImuError.cpp:650] gyr saturation
W20250111 18:59:49.007833 685523 ImuError.cpp:650] gyr saturation
W20250111 18:59:49.007836 685523 ImuError.cpp:650] gyr saturation
W20250111 18:59:49.007839 685523 ImuError.cpp:650] gyr saturation
W20250111 18:59:49.010340 685523 ImuError.cpp:368] gyr saturation
W20250111 18:59:49.010375 685523 ImuError.cpp:368] gyr saturation
W20250111 18:59:49.010382 685523 ImuError.cpp:368] gyr saturation
W20250111 18:59:49.010396 685523 ImuError.cpp:368] gyr saturation
W20250111 18:59:49.010404 685523 ImuError.cpp:368] gyr saturation
W20250111 18:59:49.010412 685523 ImuError.cpp:368] gyr saturation
W20250111 18:59:49.010419 685523 ImuError.cpp:368] gyr saturation
W20250111 18:59:49.010427 685523 ImuError.cpp:368] gyr saturation
W20250111 18:59:49.010434 685523 ImuError.cpp:368] gyr saturation
W20250111 18:59:49.010442 685523 ImuError.cpp:368] gyr saturation
W20250111 18:59:49.010450 685523 ImuError.cpp:368] gyr saturation
W20250111 18:59:49.010458 685523 ImuError.cpp:368] gyr saturation
W20250111 18:59:49.010468 685523 ImuError.cpp:368] gyr saturation
W20250111 18:59:49.010474 685523 ImuError.cpp:368] gyr saturation
W20250111 18:59:49.010483 685523 ImuError.cpp:368] gyr saturation
W20250111 18:59:49.010490 685523 ImuError.cpp:368] gyr saturation
W20250111 18:59:49.010502 685523 ImuError.cpp:368] gyr saturation
W20250111 18:59:49.010510 685523 ImuError.cpp:368] gyr saturation
W20250111 18:59:49.010519 685523 ImuError.cpp:368] gyr saturation
W20250111 18:59:49.010526 685523 ImuError.cpp:368] gyr saturation
W20250111 18:59:49.010535 685523 ImuError.cpp:368] gyr saturation
W20250111 18:59:49.010541 685523 ImuError.cpp:368] gyr saturation
W20250111 18:59:49.010550 685523 ImuError.cpp:368] gyr saturation
W20250111 18:59:49.010557 685523 ImuError.cpp:368] gyr saturation
W20250111 18:59:49.010565 685523 ImuError.cpp:368] gyr saturation
W20250111 18:59:49.010573 685523 ImuError.cpp:368] gyr saturation
W20250111 18:59:49.010581 685523 ImuError.cpp:368] gyr saturation
W20250111 18:59:49.010591 685523 ImuError.cpp:368] gyr saturation
W20250111 18:59:49.010598 685523 ImuError.cpp:368] gyr saturation
W20250111 18:59:49.010607 685523 ImuError.cpp:368] gyr saturation
W20250111 18:59:49.010614 685523 ImuError.cpp:368] gyr saturation
W20250111 18:59:49.010622 685523 ImuError.cpp:368] gyr saturation
W20250111 18:59:49.010630 685523 ImuError.cpp:368] gyr saturation
W20250111 18:59:49.010638 685523 ImuError.cpp:368] gyr saturation
W20250111 18:59:49.010645 685523 ImuError.cpp:368] gyr saturation
W20250111 18:59:49.014034 685523 ImuError.cpp:650] gyr saturation
W20250111 18:59:49.014061 685523 ImuError.cpp:650] gyr saturation
W20250111 18:59:49.014066 685523 ImuError.cpp:650] gyr saturation
W20250111 18:59:49.014078 685523 ImuError.cpp:650] gyr saturation
W20250111 18:59:49.014083 685523 ImuError.cpp:650] gyr saturation
W20250111 18:59:49.014089 685523 ImuError.cpp:650] gyr saturation
W20250111 18:59:49.014093 685523 ImuError.cpp:650] gyr saturation
W20250111 18:59:49.014098 685523 ImuError.cpp:650] gyr saturation
W20250111 18:59:49.014102 685523 ImuError.cpp:650] gyr saturation
W20250111 18:59:49.014106 685523 ImuError.cpp:650] gyr saturation
W20250111 18:59:49.014110 685523 ImuError.cpp:650] gyr saturation
W20250111 18:59:49.014117 685523 ImuError.cpp:650] gyr saturation
W20250111 18:59:49.014122 685523 ImuError.cpp:650] gyr saturation
W20250111 18:59:49.014125 685523 ImuError.cpp:650] gyr saturation
W20250111 18:59:49.014130 685523 ImuError.cpp:650] gyr saturation
W20250111 18:59:49.014137 685523 ImuError.cpp:650] gyr saturation
W20250111 18:59:49.014140 685523 ImuError.cpp:650] gyr saturation
W20250111 18:59:49.014143 685523 ImuError.cpp:650] gyr saturation
W20250111 18:59:49.014147 685523 ImuError.cpp:650] gyr saturation
W20250111 18:59:49.014153 685523 ImuError.cpp:650] gyr saturation
W20250111 18:59:49.014156 685523 ImuError.cpp:650] gyr saturation
W20250111 18:59:49.014161 685523 ImuError.cpp:650] gyr saturation
W20250111 18:59:49.014164 685523 ImuError.cpp:650] gyr saturation
W20250111 18:59:49.014170 685523 ImuError.cpp:650] gyr saturation
W20250111 18:59:49.014174 685523 ImuError.cpp:650] gyr saturation
W20250111 18:59:49.014178 685523 ImuError.cpp:650] gyr saturation
W20250111 18:59:49.014183 685523 ImuError.cpp:650] gyr saturation
W20250111 18:59:49.014187 685523 ImuError.cpp:650] gyr saturation
W20250111 18:59:49.014191 685523 ImuError.cpp:650] gyr saturation
W20250111 18:59:49.014194 685523 ImuError.cpp:650] gyr saturation
W20250111 18:59:49.014199 685523 ImuError.cpp:650] gyr saturation
W20250111 18:59:49.014204 685523 ImuError.cpp:650] gyr saturation
W20250111 18:59:49.014209 685523 ImuError.cpp:650] gyr saturation
W20250111 18:59:49.014214 685523 ImuError.cpp:650] gyr saturation
W20250111 18:59:49.014217 685523 ImuError.cpp:650] gyr saturation
W20250111 18:59:49.014222 685523 ImuError.cpp:650] gyr saturation
W20250111 18:59:49.014226 685523 ImuError.cpp:650] gyr saturation
W20250111 18:59:49.014230 685523 ImuError.cpp:650] gyr saturation
W20250111 18:59:49.014233 685523 ImuError.cpp:650] gyr saturation
W20250111 18:59:49.014238 685523 ImuError.cpp:650] gyr saturation
W20250111 18:59:49.014242 685523 ImuError.cpp:650] gyr saturation
W20250111 18:59:49.014246 685523 ImuError.cpp:650] gyr saturation
W20250111 18:59:49.014250 685523 ImuError.cpp:650] gyr saturation
W20250111 18:59:49.014254 685523 ImuError.cpp:650] gyr saturation
W20250111 18:59:49.014259 685523 ImuError.cpp:650] gyr saturation
W20250111 18:59:49.014263 685523 ImuError.cpp:650] gyr saturation
W20250111 18:59:49.014266 685523 ImuError.cpp:650] gyr saturation
W20250111 18:59:49.014271 685523 ImuError.cpp:650] gyr saturation
W20250111 18:59:49.014276 685523 ImuError.cpp:650] gyr saturation
W20250111 18:59:49.014281 685523 ImuError.cpp:650] gyr saturation
W20250111 18:59:49.014287 685523 ImuError.cpp:650] gyr saturation
W20250111 18:59:49.014292 685523 ImuError.cpp:650] gyr saturation
W20250111 18:59:49.014295 685523 ImuError.cpp:650] gyr saturation
W20250111 18:59:49.014299 685523 ImuError.cpp:650] gyr saturation
W20250111 18:59:49.014303 685523 ImuError.cpp:650] gyr saturation
W20250111 18:59:49.014307 685523 ImuError.cpp:650] gyr saturation
W20250111 18:59:49.014312 685523 ImuError.cpp:650] gyr saturation
W20250111 18:59:49.014317 685523 ImuError.cpp:650] gyr saturation
W20250111 18:59:49.014320 685523 ImuError.cpp:650] gyr saturation
W20250111 18:59:49.014324 685523 ImuError.cpp:650] gyr saturation
W20250111 18:59:49.014330 685523 ImuError.cpp:650] gyr saturation
W20250111 18:59:49.014336 685523 ImuError.cpp:650] gyr saturation
W20250111 18:59:49.014340 685523 ImuError.cpp:650] gyr saturation
W20250111 18:59:49.014344 685523 ImuError.cpp:650] gyr saturation
W20250111 18:59:49.014348 685523 ImuError.cpp:650] gyr saturation
W20250111 18:59:49.014354 685523 ImuError.cpp:650] gyr saturation
W20250111 18:59:49.014359 685523 ImuError.cpp:650] gyr saturation
W20250111 18:59:49.033442 685523 ImuError.cpp:650] gyr saturation
W20250111 18:59:49.033485 685523 ImuError.cpp:650] gyr saturation
W20250111 18:59:49.033490 685523 ImuError.cpp:650] gyr saturation
W20250111 18:59:49.033499 685523 ImuError.cpp:650] gyr saturation
W20250111 18:59:49.033502 685523 ImuError.cpp:650] gyr saturation
W20250111 18:59:49.033507 685523 ImuError.cpp:650] gyr saturation
W20250111 18:59:49.033510 685523 ImuError.cpp:650] gyr saturation
W20250111 18:59:49.033519 685523 ImuError.cpp:650] gyr saturation
W20250111 18:59:49.033522 685523 ImuError.cpp:650] gyr saturation
W20250111 18:59:49.033525 685523 ImuError.cpp:650] gyr saturation
W20250111 18:59:49.033529 685523 ImuError.cpp:650] gyr saturation
W20250111 18:59:49.033533 685523 ImuError.cpp:650] gyr saturation
W20250111 18:59:49.033538 685523 ImuError.cpp:650] gyr saturation
W20250111 18:59:49.033541 685523 ImuError.cpp:650] gyr saturation
W20250111 18:59:49.033545 685523 ImuError.cpp:650] gyr saturation
W20250111 18:59:49.033548 685523 ImuError.cpp:650] gyr saturation
W20250111 18:59:49.033551 685523 ImuError.cpp:650] gyr saturation
W20250111 18:59:49.033555 685523 ImuError.cpp:650] gyr saturation
W20250111 18:59:49.033560 685523 ImuError.cpp:650] gyr saturation
W20250111 18:59:49.033563 685523 ImuError.cpp:650] gyr saturation
W20250111 18:59:49.033568 685523 ImuError.cpp:650] gyr saturation
W20250111 18:59:49.033571 685523 ImuError.cpp:650] gyr saturation
W20250111 18:59:49.033576 685523 ImuError.cpp:650] gyr saturation
W20250111 18:59:49.033579 685523 ImuError.cpp:650] gyr saturation
W20250111 18:59:49.033582 685523 ImuError.cpp:650] gyr saturation
W20250111 18:59:49.033586 685523 ImuError.cpp:650] gyr saturation
W20250111 18:59:49.033591 685523 ImuError.cpp:650] gyr saturation
W20250111 18:59:49.033593 685523 ImuError.cpp:650] gyr saturation
W20250111 18:59:49.033597 685523 ImuError.cpp:650] gyr saturation
W20250111 18:59:49.033600 685523 ImuError.cpp:650] gyr saturation
W20250111 18:59:49.033609 685523 ImuError.cpp:650] gyr saturation
W20250111 18:59:49.033613 685523 ImuError.cpp:650] gyr saturation
W20250111 18:59:49.033617 685523 ImuError.cpp:650] gyr saturation
W20250111 18:59:49.033691 685523 ImuError.cpp:650] gyr saturation
W20250111 18:59:49.033697 685523 ImuError.cpp:650] gyr saturation
W20250111 18:59:49.033700 685523 ImuError.cpp:650] gyr saturation
W20250111 18:59:49.033706 685523 ImuError.cpp:650] gyr saturation
W20250111 18:59:49.033711 685523 ImuError.cpp:650] gyr saturation
W20250111 18:59:49.033720 685523 ImuError.cpp:650] gyr saturation
W20250111 18:59:49.033725 685523 ImuError.cpp:650] gyr saturation
W20250111 18:59:49.033727 685523 ImuError.cpp:650] gyr saturation
W20250111 18:59:49.033731 685523 ImuError.cpp:650] gyr saturation
W20250111 18:59:49.033735 685523 ImuError.cpp:650] gyr saturation
W20250111 18:59:49.033738 685523 ImuError.cpp:650] gyr saturation
W20250111 18:59:49.033742 685523 ImuError.cpp:650] gyr saturation
W20250111 18:59:49.033746 685523 ImuError.cpp:650] gyr saturation
W20250111 18:59:49.033751 685523 ImuError.cpp:650] gyr saturation
W20250111 18:59:49.033753 685523 ImuError.cpp:650] gyr saturation
W20250111 18:59:49.033758 685523 ImuError.cpp:650] gyr saturation
W20250111 18:59:49.033761 685523 ImuError.cpp:650] gyr saturation
W20250111 18:59:49.033766 685523 ImuError.cpp:650] gyr saturation
W20250111 18:59:49.033771 685523 ImuError.cpp:650] gyr saturation
W20250111 18:59:49.033773 685523 ImuError.cpp:650] gyr saturation
W20250111 18:59:49.033777 685523 ImuError.cpp:650] gyr saturation
W20250111 18:59:49.033780 685523 ImuError.cpp:650] gyr saturation
W20250111 18:59:49.033784 685523 ImuError.cpp:650] gyr saturation
W20250111 18:59:49.033787 685523 ImuError.cpp:650] gyr saturation
W20250111 18:59:49.033792 685523 ImuError.cpp:650] gyr saturation
W20250111 18:59:49.033797 685523 ImuError.cpp:650] gyr saturation
W20250111 18:59:49.033799 685523 ImuError.cpp:650] gyr saturation
W20250111 18:59:49.033807 685523 ImuError.cpp:650] gyr saturation
W20250111 18:59:49.033812 685523 ImuError.cpp:650] gyr saturation
W20250111 18:59:49.033819 685523 ImuError.cpp:650] gyr saturation
W20250111 18:59:49.033828 685523 ImuError.cpp:650] gyr saturation
W20250111 18:59:49.033831 685523 ImuError.cpp:650] gyr saturation
W20250111 18:59:49.033834 685523 ImuError.cpp:650] gyr saturation
W20250111 18:59:49.036168 685523 ImuError.cpp:368] gyr saturation
W20250111 18:59:49.036201 685523 ImuError.cpp:368] gyr saturation
W20250111 18:59:49.036211 685523 ImuError.cpp:368] gyr saturation
W20250111 18:59:49.036226 685523 ImuError.cpp:368] gyr saturation
W20250111 18:59:49.036234 685523 ImuError.cpp:368] gyr saturation
W20250111 18:59:49.036242 685523 ImuError.cpp:368] gyr saturation
W20250111 18:59:49.036250 685523 ImuError.cpp:368] gyr saturation
W20250111 18:59:49.036258 685523 ImuError.cpp:368] gyr saturation
W20250111 18:59:49.036267 685523 ImuError.cpp:368] gyr saturation
W20250111 18:59:49.036276 685523 ImuError.cpp:368] gyr saturation
W20250111 18:59:49.036283 685523 ImuError.cpp:368] gyr saturation
W20250111 18:59:49.036291 685523 ImuError.cpp:368] gyr saturation
W20250111 18:59:49.036298 685523 ImuError.cpp:368] gyr saturation
W20250111 18:59:49.036306 685523 ImuError.cpp:368] gyr saturation
W20250111 18:59:49.036314 685523 ImuError.cpp:368] gyr saturation
W20250111 18:59:49.036324 685523 ImuError.cpp:368] gyr saturation
W20250111 18:59:49.036331 685523 ImuError.cpp:368] gyr saturation
W20250111 18:59:49.036339 685523 ImuError.cpp:368] gyr saturation
W20250111 18:59:49.036348 685523 ImuError.cpp:368] gyr saturation
W20250111 18:59:49.036355 685523 ImuError.cpp:368] gyr saturation
W20250111 18:59:49.036363 685523 ImuError.cpp:368] gyr saturation
W20250111 18:59:49.036371 685523 ImuError.cpp:368] gyr saturation
W20250111 18:59:49.036379 685523 ImuError.cpp:368] gyr saturation
W20250111 18:59:49.036387 685523 ImuError.cpp:368] gyr saturation
W20250111 18:59:49.036394 685523 ImuError.cpp:368] gyr saturation
W20250111 18:59:49.036403 685523 ImuError.cpp:368] gyr saturation
W20250111 18:59:49.036412 685523 ImuError.cpp:368] gyr saturation
W20250111 18:59:49.036419 685523 ImuError.cpp:368] gyr saturation
W20250111 18:59:49.036427 685523 ImuError.cpp:368] gyr saturation
W20250111 18:59:49.036435 685523 ImuError.cpp:368] gyr saturation
W20250111 18:59:49.036442 685523 ImuError.cpp:368] gyr saturation
W20250111 18:59:49.036450 685523 ImuError.cpp:368] gyr saturation
W20250111 18:59:49.036458 685523 ImuError.cpp:368] gyr saturation
W20250111 18:59:49.040203 685523 ImuError.cpp:650] gyr saturation
W20250111 18:59:49.040239 685523 ImuError.cpp:650] gyr saturation
W20250111 18:59:49.040246 685523 ImuError.cpp:650] gyr saturation
W20250111 18:59:49.040251 685523 ImuError.cpp:650] gyr saturation
W20250111 18:59:49.040256 685523 ImuError.cpp:650] gyr saturation
W20250111 18:59:49.040261 685523 ImuError.cpp:650] gyr saturation
W20250111 18:59:49.040271 685523 ImuError.cpp:650] gyr saturation
W20250111 18:59:49.040275 685523 ImuError.cpp:650] gyr saturation
W20250111 18:59:49.040280 685523 ImuError.cpp:650] gyr saturation
W20250111 18:59:49.040285 685523 ImuError.cpp:650] gyr saturation
W20250111 18:59:49.040290 685523 ImuError.cpp:650] gyr saturation
W20250111 18:59:49.040295 685523 ImuError.cpp:650] gyr saturation
W20250111 18:59:49.040299 685523 ImuError.cpp:650] gyr saturation
W20250111 18:59:49.040304 685523 ImuError.cpp:650] gyr saturation
W20250111 18:59:49.040309 685523 ImuError.cpp:650] gyr saturation
W20250111 18:59:49.040314 685523 ImuError.cpp:650] gyr saturation
W20250111 18:59:49.040320 685523 ImuError.cpp:650] gyr saturation
W20250111 18:59:49.040325 685523 ImuError.cpp:650] gyr saturation
W20250111 18:59:49.040331 685523 ImuError.cpp:650] gyr saturation
W20250111 18:59:49.040335 685523 ImuError.cpp:650] gyr saturation
W20250111 18:59:49.040339 685523 ImuError.cpp:650] gyr saturation
W20250111 18:59:49.040345 685523 ImuError.cpp:650] gyr saturation
W20250111 18:59:49.040349 685523 ImuError.cpp:650] gyr saturation
W20250111 18:59:49.040359 685523 ImuError.cpp:650] gyr saturation
W20250111 18:59:49.040364 685523 ImuError.cpp:650] gyr saturation
W20250111 18:59:49.040369 685523 ImuError.cpp:650] gyr saturation
W20250111 18:59:49.040372 685523 ImuError.cpp:650] gyr saturation
W20250111 18:59:49.040376 685523 ImuError.cpp:650] gyr saturation
W20250111 18:59:49.040381 685523 ImuError.cpp:650] gyr saturation
W20250111 18:59:49.040387 685523 ImuError.cpp:650] gyr saturation
W20250111 18:59:49.040391 685523 ImuError.cpp:650] gyr saturation
W20250111 18:59:49.040396 685523 ImuError.cpp:650] gyr saturation
W20250111 18:59:49.040400 685523 ImuError.cpp:650] gyr saturation
I20250111 18:59:49.068578 685523 Frontend.cpp:2274] RANSAC FAIL: 57 inliers, ratio = 0.678571
I20250111 18:59:49.589421 685523 Frontend.cpp:2274] RANSAC FAIL: 34 inliers, ratio = 0.666667
I20250111 18:59:50.286660 685523 Frontend.cpp:2274] RANSAC FAIL: 66 inliers, ratio = 0.694737
I20250111 18:59:50.322921 685523 Frontend.cpp:2274] RANSAC FAIL: 75 inliers, ratio = 0.663717
I20250111 18:59:50.671774 685523 Frontend.cpp:2274] RANSAC FAIL: 63 inliers, ratio = 0.677419
W20250111 18:59:50.679335 685523 ImuError.cpp:650] gyr saturation
W20250111 18:59:50.679374 685523 ImuError.cpp:650] gyr saturation
W20250111 18:59:50.679381 685523 ImuError.cpp:650] gyr saturation
W20250111 18:59:50.679391 685523 ImuError.cpp:650] gyr saturation
W20250111 18:59:50.679397 685523 ImuError.cpp:650] gyr saturation
W20250111 18:59:50.679404 685523 ImuError.cpp:650] gyr saturation
W20250111 18:59:50.679407 685523 ImuError.cpp:650] gyr saturation
W20250111 18:59:50.679414 685523 ImuError.cpp:650] gyr saturation
W20250111 18:59:50.679420 685523 ImuError.cpp:650] gyr saturation
W20250111 18:59:50.679426 685523 ImuError.cpp:650] gyr saturation
W20250111 18:59:50.679430 685523 ImuError.cpp:650] gyr saturation
W20250111 18:59:50.679435 685523 ImuError.cpp:650] gyr saturation
W20250111 18:59:50.679440 685523 ImuError.cpp:650] gyr saturation
W20250111 18:59:50.679445 685523 ImuError.cpp:650] gyr saturation
W20250111 18:59:50.679450 685523 ImuError.cpp:650] gyr saturation
W20250111 18:59:50.679454 685523 ImuError.cpp:650] gyr saturation
W20250111 18:59:50.679459 685523 ImuError.cpp:650] gyr saturation
W20250111 18:59:50.679463 685523 ImuError.cpp:650] gyr saturation
W20250111 18:59:50.679467 685523 ImuError.cpp:650] gyr saturation
W20250111 18:59:50.679472 685523 ImuError.cpp:650] gyr saturation
W20250111 18:59:50.679478 685523 ImuError.cpp:650] gyr saturation
W20250111 18:59:50.696190 685523 ImuError.cpp:650] gyr saturation
W20250111 18:59:50.696229 685523 ImuError.cpp:650] gyr saturation
W20250111 18:59:50.696233 685523 ImuError.cpp:650] gyr saturation
W20250111 18:59:50.696236 685523 ImuError.cpp:650] gyr saturation
W20250111 18:59:50.696239 685523 ImuError.cpp:650] gyr saturation
W20250111 18:59:50.696244 685523 ImuError.cpp:650] gyr saturation
W20250111 18:59:50.696249 685523 ImuError.cpp:650] gyr saturation
W20250111 18:59:50.696254 685523 ImuError.cpp:650] gyr saturation
W20250111 18:59:50.696259 685523 ImuError.cpp:650] gyr saturation
W20250111 18:59:50.696267 685523 ImuError.cpp:650] gyr saturation
W20250111 18:59:50.696271 685523 ImuError.cpp:650] gyr saturation
W20250111 18:59:50.696274 685523 ImuError.cpp:650] gyr saturation
W20250111 18:59:50.696281 685523 ImuError.cpp:650] gyr saturation
W20250111 18:59:50.696285 685523 ImuError.cpp:650] gyr saturation
W20250111 18:59:50.696290 685523 ImuError.cpp:650] gyr saturation
W20250111 18:59:50.696295 685523 ImuError.cpp:650] gyr saturation
W20250111 18:59:50.696298 685523 ImuError.cpp:650] gyr saturation
W20250111 18:59:50.696302 685523 ImuError.cpp:650] gyr saturation
W20250111 18:59:50.696306 685523 ImuError.cpp:650] gyr saturation
W20250111 18:59:50.696310 685523 ImuError.cpp:650] gyr saturation
W20250111 18:59:50.696314 685523 ImuError.cpp:650] gyr saturation
W20250111 18:59:50.696434 685523 ImuError.cpp:650] gyr saturation
W20250111 18:59:50.696439 685523 ImuError.cpp:650] gyr saturation
W20250111 18:59:50.696444 685523 ImuError.cpp:650] gyr saturation
W20250111 18:59:50.696452 685523 ImuError.cpp:650] gyr saturation
W20250111 18:59:50.696456 685523 ImuError.cpp:650] gyr saturation
W20250111 18:59:50.696460 685523 ImuError.cpp:650] gyr saturation
W20250111 18:59:50.696465 685523 ImuError.cpp:650] gyr saturation
W20250111 18:59:50.696468 685523 ImuError.cpp:650] gyr saturation
W20250111 18:59:50.696471 685523 ImuError.cpp:650] gyr saturation
W20250111 18:59:50.696475 685523 ImuError.cpp:650] gyr saturation
W20250111 18:59:50.696478 685523 ImuError.cpp:650] gyr saturation
W20250111 18:59:50.696482 685523 ImuError.cpp:650] gyr saturation
W20250111 18:59:50.696485 685523 ImuError.cpp:650] gyr saturation
W20250111 18:59:50.696489 685523 ImuError.cpp:650] gyr saturation
W20250111 18:59:50.696492 685523 ImuError.cpp:650] gyr saturation
W20250111 18:59:50.696496 685523 ImuError.cpp:650] gyr saturation
W20250111 18:59:50.696499 685523 ImuError.cpp:650] gyr saturation
W20250111 18:59:50.696503 685523 ImuError.cpp:650] gyr saturation
W20250111 18:59:50.696506 685523 ImuError.cpp:650] gyr saturation
W20250111 18:59:50.696511 685523 ImuError.cpp:650] gyr saturation
W20250111 18:59:50.696513 685523 ImuError.cpp:650] gyr saturation
W20250111 18:59:50.699299 685523 ImuError.cpp:368] gyr saturation
W20250111 18:59:50.699329 685523 ImuError.cpp:368] gyr saturation
W20250111 18:59:50.699337 685523 ImuError.cpp:368] gyr saturation
W20250111 18:59:50.699347 685523 ImuError.cpp:368] gyr saturation
W20250111 18:59:50.699355 685523 ImuError.cpp:368] gyr saturation
W20250111 18:59:50.699368 685523 ImuError.cpp:368] gyr saturation
W20250111 18:59:50.699376 685523 ImuError.cpp:368] gyr saturation
W20250111 18:59:50.699385 685523 ImuError.cpp:368] gyr saturation
W20250111 18:59:50.699393 685523 ImuError.cpp:368] gyr saturation
W20250111 18:59:50.699401 685523 ImuError.cpp:368] gyr saturation
W20250111 18:59:50.699409 685523 ImuError.cpp:368] gyr saturation
W20250111 18:59:50.699416 685523 ImuError.cpp:368] gyr saturation
W20250111 18:59:50.699424 685523 ImuError.cpp:368] gyr saturation
W20250111 18:59:50.699431 685523 ImuError.cpp:368] gyr saturation
W20250111 18:59:50.699440 685523 ImuError.cpp:368] gyr saturation
W20250111 18:59:50.699448 685523 ImuError.cpp:368] gyr saturation
W20250111 18:59:50.699455 685523 ImuError.cpp:368] gyr saturation
W20250111 18:59:50.699463 685523 ImuError.cpp:368] gyr saturation
W20250111 18:59:50.699471 685523 ImuError.cpp:368] gyr saturation
W20250111 18:59:50.699479 685523 ImuError.cpp:368] gyr saturation
W20250111 18:59:50.699486 685523 ImuError.cpp:368] gyr saturation
I20250111 18:59:50.702888 685523 okvis_app_synchronous.cpp:210] OKVIS Timing
-----------
1 DetectAndDescribe                	   3457	00:00:06.751773	(00:00:00.001953 +- 00:00:00.000380)	[00:00:00.000974,00:00:00.003649]
2 Match                            	   3457	00:00:21.893625	(00:00:00.006333 +- 00:00:00.002359)	[00:00:00.000223,00:00:00.013898]
2.01 match to map                  	   3456	00:00:15.659269	(00:00:00.004531 +- 00:00:00.001955)	[00:00:00.000058,00:00:00.011248]
2.02 match motion stereo           	   3456	00:00:04.384011	(00:00:00.001269 +- 00:00:00.000417)	[00:00:00.000049,00:00:00.003645]
2.02.1 match motion stereo: prepare	   3456	00:00:00.997336	(00:00:00.000289 +- 00:00:00.000111)	[00:00:00.000001,00:00:00.000781]
2.10 match stereo                  	    925	00:00:00.034188	(00:00:00.000037 +- 00:00:00.000044)	[00:00:00.000001,00:00:00.000382]
3 Optimise                         	   3456	00:00:56.204199	(00:00:00.016263 +- 00:00:00.009505)	[00:00:00.000864,00:00:00.077830]
4 Prepare publishing               	   3456	00:00:02.821642	(00:00:00.000816 +- 00:00:00.000313)	[00:00:00.000032,00:00:00.002194]
6 Visualising                      	   3456	00:00:00.000799	(00:00:00.000000 +- 00:00:00.000000)	[00:00:00.000000,00:00:00.000006]
7 Marginalise                      	   3456	00:00:05.983454	(00:00:00.001731 +- 00:00:00.000707)	[00:00:00.000004,00:00:00.005953]
7.1 check/handle lost              	   3456	00:00:00.103160	(00:00:00.000030 +- 00:00:00.000020)	[00:00:00.000000,00:00:00.000312]
7.2 eliminate IMU frames           	   3456	00:00:02.671633	(00:00:00.000773 +- 00:00:00.000548)	[00:00:00.000000,00:00:00.003837]
7.3 convert to posegraph           	   1075	00:00:00.853531	(00:00:00.000794 +- 00:00:00.000436)	[00:00:00.000098,00:00:00.003896]
7.4 freezing                       	   3455	00:00:00.003725	(00:00:00.000001 +- 00:00:00.000002)	[00:00:00.000000,00:00:00.000024]
7.6 expand                         	   3428	00:00:00.754019	(00:00:00.000220 +- 00:00:00.000121)	[00:00:00.000021,00:00:00.002125]
7.7 prune place recognition frames 	   3455	00:00:00.767901	(00:00:00.000222 +- 00:00:00.000113)	[00:00:00.000002,00:00:00.000705]
I20250111 18:59:50.702983 685523 okvis_app_synchronous.cpp:219] Progress: 64% (1 [1%/s], ETA: 36s)
W20250111 18:59:50.703011 685523 ImuError.cpp:650] gyr saturation
W20250111 18:59:50.703018 685523 ImuError.cpp:650] gyr saturation
W20250111 18:59:50.703022 685523 ImuError.cpp:650] gyr saturation
W20250111 18:59:50.703025 685523 ImuError.cpp:650] gyr saturation
W20250111 18:59:50.703030 685523 ImuError.cpp:650] gyr saturation
W20250111 18:59:50.703034 685523 ImuError.cpp:650] gyr saturation
W20250111 18:59:50.703038 685523 ImuError.cpp:650] gyr saturation
W20250111 18:59:50.703043 685523 ImuError.cpp:650] gyr saturation
W20250111 18:59:50.703048 685523 ImuError.cpp:650] gyr saturation
W20250111 18:59:50.703052 685523 ImuError.cpp:650] gyr saturation
W20250111 18:59:50.703056 685523 ImuError.cpp:650] gyr saturation
W20250111 18:59:50.703060 685523 ImuError.cpp:650] gyr saturation
W20250111 18:59:50.703064 685523 ImuError.cpp:650] gyr saturation
W20250111 18:59:50.703069 685523 ImuError.cpp:650] gyr saturation
W20250111 18:59:50.703073 685523 ImuError.cpp:650] gyr saturation
W20250111 18:59:50.703078 685523 ImuError.cpp:650] gyr saturation
W20250111 18:59:50.703081 685523 ImuError.cpp:650] gyr saturation
W20250111 18:59:50.703086 685523 ImuError.cpp:650] gyr saturation
W20250111 18:59:50.703091 685523 ImuError.cpp:650] gyr saturation
W20250111 18:59:50.703096 685523 ImuError.cpp:650] gyr saturation
W20250111 18:59:50.703100 685523 ImuError.cpp:650] gyr saturation
W20250111 18:59:50.703104 685523 ImuError.cpp:650] gyr saturation
W20250111 18:59:50.703107 685523 ImuError.cpp:650] gyr saturation
W20250111 18:59:50.703112 685523 ImuError.cpp:650] gyr saturation
W20250111 18:59:50.703117 685523 ImuError.cpp:650] gyr saturation
W20250111 18:59:50.703122 685523 ImuError.cpp:650] gyr saturation
W20250111 18:59:50.703126 685523 ImuError.cpp:650] gyr saturation
W20250111 18:59:50.703130 685523 ImuError.cpp:650] gyr saturation
W20250111 18:59:50.703135 685523 ImuError.cpp:650] gyr saturation
W20250111 18:59:50.703138 685523 ImuError.cpp:650] gyr saturation
W20250111 18:59:50.703142 685523 ImuError.cpp:650] gyr saturation
W20250111 18:59:50.703147 685523 ImuError.cpp:650] gyr saturation
W20250111 18:59:50.703151 685523 ImuError.cpp:650] gyr saturation
W20250111 18:59:50.703156 685523 ImuError.cpp:650] gyr saturation
W20250111 18:59:50.703161 685523 ImuError.cpp:650] gyr saturation
W20250111 18:59:50.703166 685523 ImuError.cpp:650] gyr saturation
W20250111 18:59:50.703169 685523 ImuError.cpp:650] gyr saturation
W20250111 18:59:50.703173 685523 ImuError.cpp:650] gyr saturation
W20250111 18:59:50.703177 685523 ImuError.cpp:650] gyr saturation
W20250111 18:59:50.703181 685523 ImuError.cpp:650] gyr saturation
W20250111 18:59:50.703186 685523 ImuError.cpp:650] gyr saturation
W20250111 18:59:50.703189 685523 ImuError.cpp:650] gyr saturation
W20250111 18:59:50.703193 685523 ImuError.cpp:650] gyr saturation
W20250111 18:59:50.703197 685523 ImuError.cpp:650] gyr saturation
W20250111 18:59:50.703202 685523 ImuError.cpp:650] gyr saturation
W20250111 18:59:50.703205 685523 ImuError.cpp:650] gyr saturation
W20250111 18:59:50.703209 685523 ImuError.cpp:650] gyr saturation
W20250111 18:59:50.703214 685523 ImuError.cpp:650] gyr saturation
W20250111 18:59:50.703219 685523 ImuError.cpp:650] gyr saturation
W20250111 18:59:50.703223 685523 ImuError.cpp:650] gyr saturation
W20250111 18:59:50.703233 685523 ImuError.cpp:650] gyr saturation
W20250111 18:59:50.703236 685523 ImuError.cpp:650] gyr saturation
W20250111 18:59:50.703241 685523 ImuError.cpp:650] gyr saturation
W20250111 18:59:50.703246 685523 ImuError.cpp:650] gyr saturation
W20250111 18:59:50.719967 685523 ImuError.cpp:650] gyr saturation
W20250111 18:59:50.719995 685523 ImuError.cpp:650] gyr saturation
W20250111 18:59:50.720000 685523 ImuError.cpp:650] gyr saturation
W20250111 18:59:50.720003 685523 ImuError.cpp:650] gyr saturation
W20250111 18:59:50.720007 685523 ImuError.cpp:650] gyr saturation
W20250111 18:59:50.720011 685523 ImuError.cpp:650] gyr saturation
W20250111 18:59:50.720016 685523 ImuError.cpp:650] gyr saturation
W20250111 18:59:50.720019 685523 ImuError.cpp:650] gyr saturation
W20250111 18:59:50.720023 685523 ImuError.cpp:650] gyr saturation
W20250111 18:59:50.720027 685523 ImuError.cpp:650] gyr saturation
W20250111 18:59:50.720031 685523 ImuError.cpp:650] gyr saturation
W20250111 18:59:50.720037 685523 ImuError.cpp:650] gyr saturation
W20250111 18:59:50.720041 685523 ImuError.cpp:650] gyr saturation
W20250111 18:59:50.720045 685523 ImuError.cpp:650] gyr saturation
W20250111 18:59:50.720049 685523 ImuError.cpp:650] gyr saturation
W20250111 18:59:50.720053 685523 ImuError.cpp:650] gyr saturation
W20250111 18:59:50.720057 685523 ImuError.cpp:650] gyr saturation
W20250111 18:59:50.720063 685523 ImuError.cpp:650] gyr saturation
W20250111 18:59:50.720067 685523 ImuError.cpp:650] gyr saturation
W20250111 18:59:50.720072 685523 ImuError.cpp:650] gyr saturation
W20250111 18:59:50.720075 685523 ImuError.cpp:650] gyr saturation
W20250111 18:59:50.720079 685523 ImuError.cpp:650] gyr saturation
W20250111 18:59:50.720083 685523 ImuError.cpp:650] gyr saturation
W20250111 18:59:50.720089 685523 ImuError.cpp:650] gyr saturation
W20250111 18:59:50.720094 685523 ImuError.cpp:650] gyr saturation
W20250111 18:59:50.720098 685523 ImuError.cpp:650] gyr saturation
W20250111 18:59:50.720103 685523 ImuError.cpp:650] gyr saturation
W20250111 18:59:50.720106 685523 ImuError.cpp:650] gyr saturation
W20250111 18:59:50.720109 685523 ImuError.cpp:650] gyr saturation
W20250111 18:59:50.720113 685523 ImuError.cpp:650] gyr saturation
W20250111 18:59:50.720116 685523 ImuError.cpp:650] gyr saturation
W20250111 18:59:50.720120 685523 ImuError.cpp:650] gyr saturation
W20250111 18:59:50.720124 685523 ImuError.cpp:650] gyr saturation
W20250111 18:59:50.720127 685523 ImuError.cpp:650] gyr saturation
W20250111 18:59:50.720222 685523 ImuError.cpp:650] gyr saturation
W20250111 18:59:50.720227 685523 ImuError.cpp:650] gyr saturation
W20250111 18:59:50.720230 685523 ImuError.cpp:650] gyr saturation
W20250111 18:59:50.720234 685523 ImuError.cpp:650] gyr saturation
W20250111 18:59:50.720238 685523 ImuError.cpp:650] gyr saturation
W20250111 18:59:50.720242 685523 ImuError.cpp:650] gyr saturation
W20250111 18:59:50.720247 685523 ImuError.cpp:650] gyr saturation
W20250111 18:59:50.720252 685523 ImuError.cpp:650] gyr saturation
W20250111 18:59:50.720255 685523 ImuError.cpp:650] gyr saturation
W20250111 18:59:50.720260 685523 ImuError.cpp:650] gyr saturation
W20250111 18:59:50.720263 685523 ImuError.cpp:650] gyr saturation
W20250111 18:59:50.720268 685523 ImuError.cpp:650] gyr saturation
W20250111 18:59:50.720273 685523 ImuError.cpp:650] gyr saturation
W20250111 18:59:50.720276 685523 ImuError.cpp:650] gyr saturation
W20250111 18:59:50.720281 685523 ImuError.cpp:650] gyr saturation
W20250111 18:59:50.720285 685523 ImuError.cpp:650] gyr saturation
W20250111 18:59:50.720289 685523 ImuError.cpp:650] gyr saturation
W20250111 18:59:50.720293 685523 ImuError.cpp:650] gyr saturation
W20250111 18:59:50.720297 685523 ImuError.cpp:650] gyr saturation
W20250111 18:59:50.720301 685523 ImuError.cpp:650] gyr saturation
W20250111 18:59:50.720305 685523 ImuError.cpp:650] gyr saturation
W20250111 18:59:50.720309 685523 ImuError.cpp:650] gyr saturation
W20250111 18:59:50.720314 685523 ImuError.cpp:650] gyr saturation
W20250111 18:59:50.720317 685523 ImuError.cpp:650] gyr saturation
W20250111 18:59:50.720326 685523 ImuError.cpp:650] gyr saturation
W20250111 18:59:50.720330 685523 ImuError.cpp:650] gyr saturation
W20250111 18:59:50.720335 685523 ImuError.cpp:650] gyr saturation
W20250111 18:59:50.720340 685523 ImuError.cpp:650] gyr saturation
W20250111 18:59:50.720342 685523 ImuError.cpp:650] gyr saturation
W20250111 18:59:50.720346 685523 ImuError.cpp:650] gyr saturation
W20250111 18:59:50.720350 685523 ImuError.cpp:650] gyr saturation
W20250111 18:59:50.720356 685523 ImuError.cpp:650] gyr saturation
W20250111 18:59:50.720361 685523 ImuError.cpp:650] gyr saturation
W20250111 18:59:50.720366 685523 ImuError.cpp:650] gyr saturation
I20250111 18:59:50.721681 685523 Frontend.cpp:2274] RANSAC FAIL: 39 inliers, ratio = 0.684211
W20250111 18:59:50.722920 685537 ImuError.cpp:368] gyr saturation
W20250111 18:59:50.722995 685537 ImuError.cpp:368] gyr saturation
W20250111 18:59:50.723009 685537 ImuError.cpp:368] gyr saturation
W20250111 18:59:50.723021 685537 ImuError.cpp:368] gyr saturation
W20250111 18:59:50.723031 685537 ImuError.cpp:368] gyr saturation
W20250111 18:59:50.723042 685537 ImuError.cpp:368] gyr saturation
W20250111 18:59:50.723053 685537 ImuError.cpp:368] gyr saturation
W20250111 18:59:50.723064 685537 ImuError.cpp:368] gyr saturation
W20250111 18:59:50.723075 685537 ImuError.cpp:368] gyr saturation
W20250111 18:59:50.723086 685537 ImuError.cpp:368] gyr saturation
W20250111 18:59:50.723098 685537 ImuError.cpp:368] gyr saturation
W20250111 18:59:50.723117 685537 ImuError.cpp:368] gyr saturation
W20250111 18:59:50.723129 685537 ImuError.cpp:368] gyr saturation
W20250111 18:59:50.723140 685537 ImuError.cpp:368] gyr saturation
W20250111 18:59:50.723150 685537 ImuError.cpp:368] gyr saturation
W20250111 18:59:50.723161 685537 ImuError.cpp:368] gyr saturation
W20250111 18:59:50.723172 685537 ImuError.cpp:368] gyr saturation
W20250111 18:59:50.723183 685537 ImuError.cpp:368] gyr saturation
W20250111 18:59:50.723193 685537 ImuError.cpp:368] gyr saturation
W20250111 18:59:50.723204 685537 ImuError.cpp:368] gyr saturation
W20250111 18:59:50.723215 685537 ImuError.cpp:368] gyr saturation
W20250111 18:59:50.723225 685537 ImuError.cpp:368] gyr saturation
W20250111 18:59:50.723237 685537 ImuError.cpp:368] gyr saturation
W20250111 18:59:50.723248 685537 ImuError.cpp:368] gyr saturation
W20250111 18:59:50.723258 685537 ImuError.cpp:368] gyr saturation
W20250111 18:59:50.723268 685537 ImuError.cpp:368] gyr saturation
W20250111 18:59:50.723279 685537 ImuError.cpp:368] gyr saturation
W20250111 18:59:50.723290 685537 ImuError.cpp:368] gyr saturation
W20250111 18:59:50.723301 685537 ImuError.cpp:368] gyr saturation
W20250111 18:59:50.723312 685537 ImuError.cpp:368] gyr saturation
W20250111 18:59:50.723323 685537 ImuError.cpp:368] gyr saturation
W20250111 18:59:50.723333 685537 ImuError.cpp:368] gyr saturation
W20250111 18:59:50.723344 685537 ImuError.cpp:368] gyr saturation
W20250111 18:59:50.723356 685537 ImuError.cpp:368] gyr saturation
W20250111 18:59:50.726696 685523 ImuError.cpp:650] gyr saturation
W20250111 18:59:50.726730 685523 ImuError.cpp:650] gyr saturation
W20250111 18:59:50.726734 685523 ImuError.cpp:650] gyr saturation
W20250111 18:59:50.726738 685523 ImuError.cpp:650] gyr saturation
W20250111 18:59:50.726743 685523 ImuError.cpp:650] gyr saturation
W20250111 18:59:50.726747 685523 ImuError.cpp:650] gyr saturation
W20250111 18:59:50.726750 685523 ImuError.cpp:650] gyr saturation
W20250111 18:59:50.726754 685523 ImuError.cpp:650] gyr saturation
W20250111 18:59:50.726758 685523 ImuError.cpp:650] gyr saturation
W20250111 18:59:50.726761 685523 ImuError.cpp:650] gyr saturation
W20250111 18:59:50.726765 685523 ImuError.cpp:650] gyr saturation
W20250111 18:59:50.726769 685523 ImuError.cpp:650] gyr saturation
W20250111 18:59:50.726773 685523 ImuError.cpp:650] gyr saturation
W20250111 18:59:50.726776 685523 ImuError.cpp:650] gyr saturation
W20250111 18:59:50.726780 685523 ImuError.cpp:650] gyr saturation
W20250111 18:59:50.726784 685523 ImuError.cpp:650] gyr saturation
W20250111 18:59:50.726787 685523 ImuError.cpp:650] gyr saturation
W20250111 18:59:50.726800 685523 ImuError.cpp:650] gyr saturation
W20250111 18:59:50.726805 685523 ImuError.cpp:650] gyr saturation
W20250111 18:59:50.726809 685523 ImuError.cpp:650] gyr saturation
W20250111 18:59:50.726814 685523 ImuError.cpp:650] gyr saturation
W20250111 18:59:50.726819 685523 ImuError.cpp:650] gyr saturation
W20250111 18:59:50.726821 685523 ImuError.cpp:650] gyr saturation
W20250111 18:59:50.726830 685523 ImuError.cpp:650] gyr saturation
W20250111 18:59:50.726833 685523 ImuError.cpp:650] gyr saturation
W20250111 18:59:50.726837 685523 ImuError.cpp:650] gyr saturation
W20250111 18:59:50.726840 685523 ImuError.cpp:650] gyr saturation
W20250111 18:59:50.726845 685523 ImuError.cpp:650] gyr saturation
W20250111 18:59:50.726848 685523 ImuError.cpp:650] gyr saturation
W20250111 18:59:50.726852 685523 ImuError.cpp:650] gyr saturation
W20250111 18:59:50.726856 685523 ImuError.cpp:650] gyr saturation
W20250111 18:59:50.726859 685523 ImuError.cpp:650] gyr saturation
W20250111 18:59:50.726863 685523 ImuError.cpp:650] gyr saturation
W20250111 18:59:50.726866 685523 ImuError.cpp:650] gyr saturation
W20250111 18:59:50.726869 685523 ImuError.cpp:650] gyr saturation
W20250111 18:59:50.726873 685523 ImuError.cpp:650] gyr saturation
W20250111 18:59:50.726876 685523 ImuError.cpp:650] gyr saturation
W20250111 18:59:50.726881 685523 ImuError.cpp:650] gyr saturation
W20250111 18:59:50.726884 685523 ImuError.cpp:650] gyr saturation
W20250111 18:59:50.726888 685523 ImuError.cpp:650] gyr saturation
W20250111 18:59:50.726892 685523 ImuError.cpp:650] gyr saturation
W20250111 18:59:50.726895 685523 ImuError.cpp:650] gyr saturation
W20250111 18:59:50.726899 685523 ImuError.cpp:650] gyr saturation
W20250111 18:59:50.726903 685523 ImuError.cpp:650] gyr saturation
W20250111 18:59:50.726907 685523 ImuError.cpp:650] gyr saturation
W20250111 18:59:50.726910 685523 ImuError.cpp:650] gyr saturation
W20250111 18:59:50.726913 685523 ImuError.cpp:650] gyr saturation
W20250111 18:59:50.726917 685523 ImuError.cpp:650] gyr saturation
W20250111 18:59:50.726922 685523 ImuError.cpp:650] gyr saturation
W20250111 18:59:50.726924 685523 ImuError.cpp:650] gyr saturation
W20250111 18:59:50.726928 685523 ImuError.cpp:650] gyr saturation
W20250111 18:59:50.726931 685523 ImuError.cpp:650] gyr saturation
W20250111 18:59:50.726935 685523 ImuError.cpp:650] gyr saturation
W20250111 18:59:50.726938 685523 ImuError.cpp:650] gyr saturation
W20250111 18:59:50.726943 685523 ImuError.cpp:650] gyr saturation
W20250111 18:59:50.726945 685523 ImuError.cpp:650] gyr saturation
W20250111 18:59:50.726949 685523 ImuError.cpp:650] gyr saturation
W20250111 18:59:50.726953 685523 ImuError.cpp:650] gyr saturation
W20250111 18:59:50.726956 685523 ImuError.cpp:650] gyr saturation
W20250111 18:59:50.726960 685523 ImuError.cpp:650] gyr saturation
W20250111 18:59:50.726963 685523 ImuError.cpp:650] gyr saturation
W20250111 18:59:50.726967 685523 ImuError.cpp:650] gyr saturation
W20250111 18:59:50.726971 685523 ImuError.cpp:650] gyr saturation
W20250111 18:59:50.726974 685523 ImuError.cpp:650] gyr saturation
W20250111 18:59:50.726979 685523 ImuError.cpp:650] gyr saturation
W20250111 18:59:50.726981 685523 ImuError.cpp:650] gyr saturation
W20250111 18:59:50.726985 685523 ImuError.cpp:650] gyr saturation
W20250111 18:59:50.726989 685523 ImuError.cpp:650] gyr saturation
W20250111 18:59:50.747285 685523 ImuError.cpp:650] gyr saturation
W20250111 18:59:50.747315 685523 ImuError.cpp:650] gyr saturation
W20250111 18:59:50.747320 685523 ImuError.cpp:650] gyr saturation
W20250111 18:59:50.747326 685523 ImuError.cpp:650] gyr saturation
W20250111 18:59:50.747331 685523 ImuError.cpp:650] gyr saturation
W20250111 18:59:50.747341 685523 ImuError.cpp:650] gyr saturation
W20250111 18:59:50.747346 685523 ImuError.cpp:650] gyr saturation
W20250111 18:59:50.747349 685523 ImuError.cpp:650] gyr saturation
W20250111 18:59:50.747354 685523 ImuError.cpp:650] gyr saturation
W20250111 18:59:50.747359 685523 ImuError.cpp:650] gyr saturation
W20250111 18:59:50.747362 685523 ImuError.cpp:650] gyr saturation
W20250111 18:59:50.747375 685523 ImuError.cpp:650] gyr saturation
W20250111 18:59:50.747381 685523 ImuError.cpp:650] gyr saturation
W20250111 18:59:50.747385 685523 ImuError.cpp:650] gyr saturation
W20250111 18:59:50.747390 685523 ImuError.cpp:650] gyr saturation
W20250111 18:59:50.747395 685523 ImuError.cpp:650] gyr saturation
W20250111 18:59:50.747398 685523 ImuError.cpp:650] gyr saturation
W20250111 18:59:50.747403 685523 ImuError.cpp:650] gyr saturation
W20250111 18:59:50.747407 685523 ImuError.cpp:650] gyr saturation
W20250111 18:59:50.747414 685523 ImuError.cpp:650] gyr saturation
W20250111 18:59:50.747419 685523 ImuError.cpp:650] gyr saturation
W20250111 18:59:50.747423 685523 ImuError.cpp:650] gyr saturation
W20250111 18:59:50.747427 685523 ImuError.cpp:650] gyr saturation
W20250111 18:59:50.747431 685523 ImuError.cpp:650] gyr saturation
W20250111 18:59:50.747434 685523 ImuError.cpp:650] gyr saturation
W20250111 18:59:50.747439 685523 ImuError.cpp:650] gyr saturation
W20250111 18:59:50.747443 685523 ImuError.cpp:650] gyr saturation
W20250111 18:59:50.747447 685523 ImuError.cpp:650] gyr saturation
W20250111 18:59:50.747452 685523 ImuError.cpp:650] gyr saturation
W20250111 18:59:50.747457 685523 ImuError.cpp:650] gyr saturation
W20250111 18:59:50.747460 685523 ImuError.cpp:650] gyr saturation
W20250111 18:59:50.747464 685523 ImuError.cpp:650] gyr saturation
W20250111 18:59:50.747469 685523 ImuError.cpp:650] gyr saturation
W20250111 18:59:50.747475 685523 ImuError.cpp:650] gyr saturation
W20250111 18:59:50.747483 685523 ImuError.cpp:650] gyr saturation
W20250111 18:59:50.747640 685523 ImuError.cpp:650] gyr saturation
W20250111 18:59:50.747646 685523 ImuError.cpp:650] gyr saturation
W20250111 18:59:50.747649 685523 ImuError.cpp:650] gyr saturation
W20250111 18:59:50.747653 685523 ImuError.cpp:650] gyr saturation
W20250111 18:59:50.747655 685523 ImuError.cpp:650] gyr saturation
W20250111 18:59:50.747658 685523 ImuError.cpp:650] gyr saturation
W20250111 18:59:50.747663 685523 ImuError.cpp:650] gyr saturation
W20250111 18:59:50.747665 685523 ImuError.cpp:650] gyr saturation
W20250111 18:59:50.747669 685523 ImuError.cpp:650] gyr saturation
W20250111 18:59:50.747673 685523 ImuError.cpp:650] gyr saturation
W20250111 18:59:50.747676 685523 ImuError.cpp:650] gyr saturation
W20250111 18:59:50.747680 685523 ImuError.cpp:650] gyr saturation
W20250111 18:59:50.747684 685523 ImuError.cpp:650] gyr saturation
W20250111 18:59:50.747687 685523 ImuError.cpp:650] gyr saturation
W20250111 18:59:50.747692 685523 ImuError.cpp:650] gyr saturation
W20250111 18:59:50.747695 685523 ImuError.cpp:650] gyr saturation
W20250111 18:59:50.747701 685523 ImuError.cpp:650] gyr saturation
W20250111 18:59:50.747705 685523 ImuError.cpp:650] gyr saturation
W20250111 18:59:50.747709 685523 ImuError.cpp:650] gyr saturation
W20250111 18:59:50.747712 685523 ImuError.cpp:650] gyr saturation
W20250111 18:59:50.747716 685523 ImuError.cpp:650] gyr saturation
W20250111 18:59:50.747720 685523 ImuError.cpp:650] gyr saturation
W20250111 18:59:50.747723 685523 ImuError.cpp:650] gyr saturation
W20250111 18:59:50.747728 685523 ImuError.cpp:650] gyr saturation
W20250111 18:59:50.747732 685523 ImuError.cpp:650] gyr saturation
W20250111 18:59:50.747735 685523 ImuError.cpp:650] gyr saturation
W20250111 18:59:50.747740 685523 ImuError.cpp:650] gyr saturation
W20250111 18:59:50.747745 685523 ImuError.cpp:650] gyr saturation
W20250111 18:59:50.747748 685523 ImuError.cpp:650] gyr saturation
W20250111 18:59:50.747752 685523 ImuError.cpp:650] gyr saturation
W20250111 18:59:50.747756 685523 ImuError.cpp:650] gyr saturation
W20250111 18:59:50.747759 685523 ImuError.cpp:650] gyr saturation
W20250111 18:59:50.747763 685523 ImuError.cpp:650] gyr saturation
W20250111 18:59:50.747767 685523 ImuError.cpp:650] gyr saturation
W20250111 18:59:50.747771 685523 ImuError.cpp:650] gyr saturation
W20250111 18:59:50.750239 685523 ImuError.cpp:368] gyr saturation
W20250111 18:59:50.750273 685523 ImuError.cpp:368] gyr saturation
W20250111 18:59:50.750285 685523 ImuError.cpp:368] gyr saturation
W20250111 18:59:50.750303 685523 ImuError.cpp:368] gyr saturation
W20250111 18:59:50.750315 685523 ImuError.cpp:368] gyr saturation
W20250111 18:59:50.750324 685523 ImuError.cpp:368] gyr saturation
W20250111 18:59:50.750332 685523 ImuError.cpp:368] gyr saturation
W20250111 18:59:50.750340 685523 ImuError.cpp:368] gyr saturation
W20250111 18:59:50.750347 685523 ImuError.cpp:368] gyr saturation
W20250111 18:59:50.750355 685523 ImuError.cpp:368] gyr saturation
W20250111 18:59:50.750363 685523 ImuError.cpp:368] gyr saturation
W20250111 18:59:50.750371 685523 ImuError.cpp:368] gyr saturation
W20250111 18:59:50.750378 685523 ImuError.cpp:368] gyr saturation
W20250111 18:59:50.750386 685523 ImuError.cpp:368] gyr saturation
W20250111 18:59:50.750393 685523 ImuError.cpp:368] gyr saturation
W20250111 18:59:50.750404 685523 ImuError.cpp:368] gyr saturation
W20250111 18:59:50.750411 685523 ImuError.cpp:368] gyr saturation
W20250111 18:59:50.750419 685523 ImuError.cpp:368] gyr saturation
W20250111 18:59:50.750427 685523 ImuError.cpp:368] gyr saturation
W20250111 18:59:50.750434 685523 ImuError.cpp:368] gyr saturation
W20250111 18:59:50.750442 685523 ImuError.cpp:368] gyr saturation
W20250111 18:59:50.750449 685523 ImuError.cpp:368] gyr saturation
W20250111 18:59:50.750458 685523 ImuError.cpp:368] gyr saturation
W20250111 18:59:50.750465 685523 ImuError.cpp:368] gyr saturation
W20250111 18:59:50.750473 685523 ImuError.cpp:368] gyr saturation
W20250111 18:59:50.750481 685523 ImuError.cpp:368] gyr saturation
W20250111 18:59:50.750488 685523 ImuError.cpp:368] gyr saturation
W20250111 18:59:50.750497 685523 ImuError.cpp:368] gyr saturation
W20250111 18:59:50.750505 685523 ImuError.cpp:368] gyr saturation
W20250111 18:59:50.750514 685523 ImuError.cpp:368] gyr saturation
W20250111 18:59:50.750520 685523 ImuError.cpp:368] gyr saturation
W20250111 18:59:50.750528 685523 ImuError.cpp:368] gyr saturation
W20250111 18:59:50.750536 685523 ImuError.cpp:368] gyr saturation
W20250111 18:59:50.750543 685523 ImuError.cpp:368] gyr saturation
W20250111 18:59:50.750551 685523 ImuError.cpp:368] gyr saturation
W20250111 18:59:50.754055 685523 ImuError.cpp:650] gyr saturation
W20250111 18:59:50.754081 685523 ImuError.cpp:650] gyr saturation
W20250111 18:59:50.754086 685523 ImuError.cpp:650] gyr saturation
W20250111 18:59:50.754091 685523 ImuError.cpp:650] gyr saturation
W20250111 18:59:50.754093 685523 ImuError.cpp:650] gyr saturation
W20250111 18:59:50.754097 685523 ImuError.cpp:650] gyr saturation
W20250111 18:59:50.754101 685523 ImuError.cpp:650] gyr saturation
W20250111 18:59:50.754104 685523 ImuError.cpp:650] gyr saturation
W20250111 18:59:50.754108 685523 ImuError.cpp:650] gyr saturation
W20250111 18:59:50.754112 685523 ImuError.cpp:650] gyr saturation
W20250111 18:59:50.754117 685523 ImuError.cpp:650] gyr saturation
W20250111 18:59:50.754122 685523 ImuError.cpp:650] gyr saturation
W20250111 18:59:50.754128 685523 ImuError.cpp:650] gyr saturation
W20250111 18:59:50.754132 685523 ImuError.cpp:650] gyr saturation
W20250111 18:59:50.754137 685523 ImuError.cpp:650] gyr saturation
W20250111 18:59:50.754141 685523 ImuError.cpp:650] gyr saturation
W20250111 18:59:50.754145 685523 ImuError.cpp:650] gyr saturation
W20250111 18:59:50.754150 685523 ImuError.cpp:650] gyr saturation
W20250111 18:59:50.754154 685523 ImuError.cpp:650] gyr saturation
W20250111 18:59:50.754158 685523 ImuError.cpp:650] gyr saturation
W20250111 18:59:50.754163 685523 ImuError.cpp:650] gyr saturation
W20250111 18:59:50.754168 685523 ImuError.cpp:650] gyr saturation
W20250111 18:59:50.754171 685523 ImuError.cpp:650] gyr saturation
W20250111 18:59:50.754175 685523 ImuError.cpp:650] gyr saturation
W20250111 18:59:50.754180 685523 ImuError.cpp:650] gyr saturation
W20250111 18:59:50.754184 685523 ImuError.cpp:650] gyr saturation
W20250111 18:59:50.754189 685523 ImuError.cpp:650] gyr saturation
W20250111 18:59:50.754192 685523 ImuError.cpp:650] gyr saturation
W20250111 18:59:50.754196 685523 ImuError.cpp:650] gyr saturation
W20250111 18:59:50.754200 685523 ImuError.cpp:650] gyr saturation
W20250111 18:59:50.754212 685523 ImuError.cpp:650] gyr saturation
W20250111 18:59:50.754216 685523 ImuError.cpp:650] gyr saturation
W20250111 18:59:50.754220 685523 ImuError.cpp:650] gyr saturation
W20250111 18:59:50.754225 685523 ImuError.cpp:650] gyr saturation
W20250111 18:59:50.754228 685523 ImuError.cpp:650] gyr saturation
W20250111 18:59:50.754232 685523 ImuError.cpp:650] gyr saturation
W20250111 18:59:50.754236 685523 ImuError.cpp:650] gyr saturation
W20250111 18:59:50.754240 685523 ImuError.cpp:650] gyr saturation
W20250111 18:59:50.754243 685523 ImuError.cpp:650] gyr saturation
W20250111 18:59:50.754246 685523 ImuError.cpp:650] gyr saturation
W20250111 18:59:50.754251 685523 ImuError.cpp:650] gyr saturation
W20250111 18:59:50.754253 685523 ImuError.cpp:650] gyr saturation
W20250111 18:59:50.754257 685523 ImuError.cpp:650] gyr saturation
W20250111 18:59:50.754261 685523 ImuError.cpp:650] gyr saturation
W20250111 18:59:50.754263 685523 ImuError.cpp:650] gyr saturation
W20250111 18:59:50.754267 685523 ImuError.cpp:650] gyr saturation
W20250111 18:59:50.754271 685523 ImuError.cpp:650] gyr saturation
W20250111 18:59:50.754274 685523 ImuError.cpp:650] gyr saturation
W20250111 18:59:50.754277 685523 ImuError.cpp:650] gyr saturation
W20250111 18:59:50.754280 685523 ImuError.cpp:650] gyr saturation
W20250111 18:59:50.754284 685523 ImuError.cpp:650] gyr saturation
W20250111 18:59:50.754287 685523 ImuError.cpp:650] gyr saturation
W20250111 18:59:50.754292 685523 ImuError.cpp:650] gyr saturation
W20250111 18:59:50.754295 685523 ImuError.cpp:650] gyr saturation
W20250111 18:59:50.754298 685523 ImuError.cpp:650] gyr saturation
W20250111 18:59:50.754302 685523 ImuError.cpp:650] gyr saturation
W20250111 18:59:50.754305 685523 ImuError.cpp:650] gyr saturation
W20250111 18:59:50.754309 685523 ImuError.cpp:650] gyr saturation
W20250111 18:59:50.754312 685523 ImuError.cpp:650] gyr saturation
W20250111 18:59:50.754315 685523 ImuError.cpp:650] gyr saturation
W20250111 18:59:50.754319 685523 ImuError.cpp:650] gyr saturation
W20250111 18:59:50.754323 685523 ImuError.cpp:650] gyr saturation
W20250111 18:59:50.754326 685523 ImuError.cpp:650] gyr saturation
W20250111 18:59:50.754329 685523 ImuError.cpp:650] gyr saturation
W20250111 18:59:50.754333 685523 ImuError.cpp:650] gyr saturation
W20250111 18:59:50.754336 685523 ImuError.cpp:650] gyr saturation
W20250111 18:59:50.754340 685523 ImuError.cpp:650] gyr saturation
W20250111 18:59:50.754343 685523 ImuError.cpp:650] gyr saturation
W20250111 18:59:50.773836 685523 ImuError.cpp:650] gyr saturation
W20250111 18:59:50.773856 685523 ImuError.cpp:650] gyr saturation
W20250111 18:59:50.773859 685523 ImuError.cpp:650] gyr saturation
W20250111 18:59:50.773864 685523 ImuError.cpp:650] gyr saturation
W20250111 18:59:50.773867 685523 ImuError.cpp:650] gyr saturation
W20250111 18:59:50.773871 685523 ImuError.cpp:650] gyr saturation
W20250111 18:59:50.773875 685523 ImuError.cpp:650] gyr saturation
W20250111 18:59:50.773885 685523 ImuError.cpp:650] gyr saturation
W20250111 18:59:50.773887 685523 ImuError.cpp:650] gyr saturation
W20250111 18:59:50.773893 685523 ImuError.cpp:650] gyr saturation
W20250111 18:59:50.773897 685523 ImuError.cpp:650] gyr saturation
W20250111 18:59:50.773903 685523 ImuError.cpp:650] gyr saturation
W20250111 18:59:50.773906 685523 ImuError.cpp:650] gyr saturation
W20250111 18:59:50.773910 685523 ImuError.cpp:650] gyr saturation
W20250111 18:59:50.773916 685523 ImuError.cpp:650] gyr saturation
W20250111 18:59:50.773921 685523 ImuError.cpp:650] gyr saturation
W20250111 18:59:50.773926 685523 ImuError.cpp:650] gyr saturation
W20250111 18:59:50.773932 685523 ImuError.cpp:650] gyr saturation
W20250111 18:59:50.773936 685523 ImuError.cpp:650] gyr saturation
W20250111 18:59:50.773941 685523 ImuError.cpp:650] gyr saturation
W20250111 18:59:50.773944 685523 ImuError.cpp:650] gyr saturation
W20250111 18:59:50.773949 685523 ImuError.cpp:650] gyr saturation
W20250111 18:59:50.773954 685523 ImuError.cpp:650] gyr saturation
W20250111 18:59:50.773958 685523 ImuError.cpp:650] gyr saturation
W20250111 18:59:50.773968 685523 ImuError.cpp:650] gyr saturation
W20250111 18:59:50.773972 685523 ImuError.cpp:650] gyr saturation
W20250111 18:59:50.773976 685523 ImuError.cpp:650] gyr saturation
W20250111 18:59:50.773979 685523 ImuError.cpp:650] gyr saturation
W20250111 18:59:50.773984 685523 ImuError.cpp:650] gyr saturation
W20250111 18:59:50.773988 685523 ImuError.cpp:650] gyr saturation
W20250111 18:59:50.773993 685523 ImuError.cpp:650] gyr saturation
W20250111 18:59:50.773998 685523 ImuError.cpp:650] gyr saturation
W20250111 18:59:50.774001 685523 ImuError.cpp:650] gyr saturation
W20250111 18:59:50.774005 685523 ImuError.cpp:650] gyr saturation
W20250111 18:59:50.774154 685523 ImuError.cpp:650] gyr saturation
W20250111 18:59:50.774160 685523 ImuError.cpp:650] gyr saturation
W20250111 18:59:50.774164 685523 ImuError.cpp:650] gyr saturation
W20250111 18:59:50.774168 685523 ImuError.cpp:650] gyr saturation
W20250111 18:59:50.774173 685523 ImuError.cpp:650] gyr saturation
W20250111 18:59:50.774179 685523 ImuError.cpp:650] gyr saturation
W20250111 18:59:50.774183 685523 ImuError.cpp:650] gyr saturation
W20250111 18:59:50.774186 685523 ImuError.cpp:650] gyr saturation
W20250111 18:59:50.774191 685523 ImuError.cpp:650] gyr saturation
W20250111 18:59:50.774195 685523 ImuError.cpp:650] gyr saturation
W20250111 18:59:50.774199 685523 ImuError.cpp:650] gyr saturation
W20250111 18:59:50.774204 685523 ImuError.cpp:650] gyr saturation
W20250111 18:59:50.774210 685523 ImuError.cpp:650] gyr saturation
W20250111 18:59:50.774214 685523 ImuError.cpp:650] gyr saturation
W20250111 18:59:50.774217 685523 ImuError.cpp:650] gyr saturation
W20250111 18:59:50.774220 685523 ImuError.cpp:650] gyr saturation
W20250111 18:59:50.774224 685523 ImuError.cpp:650] gyr saturation
W20250111 18:59:50.774228 685523 ImuError.cpp:650] gyr saturation
W20250111 18:59:50.774232 685523 ImuError.cpp:650] gyr saturation
W20250111 18:59:50.774236 685523 ImuError.cpp:650] gyr saturation
W20250111 18:59:50.774240 685523 ImuError.cpp:650] gyr saturation
W20250111 18:59:50.774243 685523 ImuError.cpp:650] gyr saturation
W20250111 18:59:50.774246 685523 ImuError.cpp:650] gyr saturation
W20250111 18:59:50.774251 685523 ImuError.cpp:650] gyr saturation
W20250111 18:59:50.774256 685523 ImuError.cpp:650] gyr saturation
W20250111 18:59:50.774260 685523 ImuError.cpp:650] gyr saturation
W20250111 18:59:50.774263 685523 ImuError.cpp:650] gyr saturation
W20250111 18:59:50.774268 685523 ImuError.cpp:650] gyr saturation
W20250111 18:59:50.774277 685523 ImuError.cpp:650] gyr saturation
W20250111 18:59:50.774282 685523 ImuError.cpp:650] gyr saturation
W20250111 18:59:50.774286 685523 ImuError.cpp:650] gyr saturation
W20250111 18:59:50.774291 685523 ImuError.cpp:650] gyr saturation
W20250111 18:59:50.774293 685523 ImuError.cpp:650] gyr saturation
W20250111 18:59:50.774298 685523 ImuError.cpp:650] gyr saturation
I20250111 18:59:50.774966 685523 Frontend.cpp:2274] RANSAC FAIL: 9 inliers, ratio = 0.9
W20250111 18:59:50.776233 685523 ImuError.cpp:368] gyr saturation
W20250111 18:59:50.776262 685523 ImuError.cpp:368] gyr saturation
W20250111 18:59:50.776279 685523 ImuError.cpp:368] gyr saturation
W20250111 18:59:50.776288 685523 ImuError.cpp:368] gyr saturation
W20250111 18:59:50.776295 685523 ImuError.cpp:368] gyr saturation
W20250111 18:59:50.776305 685523 ImuError.cpp:368] gyr saturation
W20250111 18:59:50.776314 685523 ImuError.cpp:368] gyr saturation
W20250111 18:59:50.776321 685523 ImuError.cpp:368] gyr saturation
W20250111 18:59:50.776332 685523 ImuError.cpp:368] gyr saturation
W20250111 18:59:50.776340 685523 ImuError.cpp:368] gyr saturation
W20250111 18:59:50.776348 685523 ImuError.cpp:368] gyr saturation
W20250111 18:59:50.776357 685523 ImuError.cpp:368] gyr saturation
W20250111 18:59:50.776365 685523 ImuError.cpp:368] gyr saturation
W20250111 18:59:50.776373 685523 ImuError.cpp:368] gyr saturation
W20250111 18:59:50.776381 685523 ImuError.cpp:368] gyr saturation
W20250111 18:59:50.776391 685523 ImuError.cpp:368] gyr saturation
W20250111 18:59:50.776399 685523 ImuError.cpp:368] gyr saturation
W20250111 18:59:50.776414 685523 ImuError.cpp:368] gyr saturation
W20250111 18:59:50.776423 685523 ImuError.cpp:368] gyr saturation
W20250111 18:59:50.776432 685523 ImuError.cpp:368] gyr saturation
W20250111 18:59:50.776440 685523 ImuError.cpp:368] gyr saturation
W20250111 18:59:50.776448 685523 ImuError.cpp:368] gyr saturation
W20250111 18:59:50.776455 685523 ImuError.cpp:368] gyr saturation
W20250111 18:59:50.776463 685523 ImuError.cpp:368] gyr saturation
W20250111 18:59:50.776472 685523 ImuError.cpp:368] gyr saturation
W20250111 18:59:50.776480 685523 ImuError.cpp:368] gyr saturation
W20250111 18:59:50.776489 685523 ImuError.cpp:368] gyr saturation
W20250111 18:59:50.776495 685523 ImuError.cpp:368] gyr saturation
W20250111 18:59:50.776504 685523 ImuError.cpp:368] gyr saturation
W20250111 18:59:50.776511 685523 ImuError.cpp:368] gyr saturation
W20250111 18:59:50.776520 685523 ImuError.cpp:368] gyr saturation
W20250111 18:59:50.776527 685523 ImuError.cpp:368] gyr saturation
W20250111 18:59:50.776535 685523 ImuError.cpp:368] gyr saturation
W20250111 18:59:50.776543 685523 ImuError.cpp:368] gyr saturation
W20250111 18:59:50.779699 685523 ImuError.cpp:650] gyr saturation
W20250111 18:59:50.779724 685523 ImuError.cpp:650] gyr saturation
W20250111 18:59:50.779729 685523 ImuError.cpp:650] gyr saturation
W20250111 18:59:50.779734 685523 ImuError.cpp:650] gyr saturation
W20250111 18:59:50.779739 685523 ImuError.cpp:650] gyr saturation
W20250111 18:59:50.779747 685523 ImuError.cpp:650] gyr saturation
W20250111 18:59:50.779754 685523 ImuError.cpp:650] gyr saturation
W20250111 18:59:50.779758 685523 ImuError.cpp:650] gyr saturation
W20250111 18:59:50.779767 685523 ImuError.cpp:650] gyr saturation
W20250111 18:59:50.779770 685523 ImuError.cpp:650] gyr saturation
W20250111 18:59:50.779780 685523 ImuError.cpp:650] gyr saturation
W20250111 18:59:50.779785 685523 ImuError.cpp:650] gyr saturation
W20250111 18:59:50.779790 685523 ImuError.cpp:650] gyr saturation
W20250111 18:59:50.779794 685523 ImuError.cpp:650] gyr saturation
W20250111 18:59:50.779800 685523 ImuError.cpp:650] gyr saturation
W20250111 18:59:50.779806 685523 ImuError.cpp:650] gyr saturation
W20250111 18:59:50.779811 685523 ImuError.cpp:650] gyr saturation
W20250111 18:59:50.779815 685523 ImuError.cpp:650] gyr saturation
W20250111 18:59:50.779819 685523 ImuError.cpp:650] gyr saturation
W20250111 18:59:50.779829 685523 ImuError.cpp:650] gyr saturation
W20250111 18:59:50.779834 685523 ImuError.cpp:650] gyr saturation
W20250111 18:59:50.779837 685523 ImuError.cpp:650] gyr saturation
W20250111 18:59:50.779841 685523 ImuError.cpp:650] gyr saturation
W20250111 18:59:50.779845 685523 ImuError.cpp:650] gyr saturation
W20250111 18:59:50.779850 685523 ImuError.cpp:650] gyr saturation
W20250111 18:59:50.779855 685523 ImuError.cpp:650] gyr saturation
W20250111 18:59:50.779861 685523 ImuError.cpp:650] gyr saturation
W20250111 18:59:50.779865 685523 ImuError.cpp:650] gyr saturation
W20250111 18:59:50.779868 685523 ImuError.cpp:650] gyr saturation
W20250111 18:59:50.779873 685523 ImuError.cpp:650] gyr saturation
W20250111 18:59:50.779877 685523 ImuError.cpp:650] gyr saturation
W20250111 18:59:50.779881 685523 ImuError.cpp:650] gyr saturation
W20250111 18:59:50.779886 685523 ImuError.cpp:650] gyr saturation
W20250111 18:59:50.779891 685523 ImuError.cpp:650] gyr saturation
W20250111 18:59:50.779896 685523 ImuError.cpp:650] gyr saturation
W20250111 18:59:50.779899 685523 ImuError.cpp:650] gyr saturation
W20250111 18:59:50.779903 685523 ImuError.cpp:650] gyr saturation
W20250111 18:59:50.779908 685523 ImuError.cpp:650] gyr saturation
W20250111 18:59:50.779913 685523 ImuError.cpp:650] gyr saturation
W20250111 18:59:50.779917 685523 ImuError.cpp:650] gyr saturation
W20250111 18:59:50.779922 685523 ImuError.cpp:650] gyr saturation
W20250111 18:59:50.779925 685523 ImuError.cpp:650] gyr saturation
W20250111 18:59:50.779929 685523 ImuError.cpp:650] gyr saturation
W20250111 18:59:50.779933 685523 ImuError.cpp:650] gyr saturation
W20250111 18:59:50.779937 685523 ImuError.cpp:650] gyr saturation
W20250111 18:59:50.779946 685523 ImuError.cpp:650] gyr saturation
W20250111 18:59:50.779953 685523 ImuError.cpp:650] gyr saturation
W20250111 18:59:50.779958 685523 ImuError.cpp:650] gyr saturation
W20250111 18:59:50.779963 685523 ImuError.cpp:650] gyr saturation
W20250111 18:59:50.779965 685523 ImuError.cpp:650] gyr saturation
W20250111 18:59:50.779970 685523 ImuError.cpp:650] gyr saturation
W20250111 18:59:50.779973 685523 ImuError.cpp:650] gyr saturation
W20250111 18:59:50.779978 685523 ImuError.cpp:650] gyr saturation
W20250111 18:59:50.779982 685523 ImuError.cpp:650] gyr saturation
W20250111 18:59:50.779986 685523 ImuError.cpp:650] gyr saturation
W20250111 18:59:50.779990 685523 ImuError.cpp:650] gyr saturation
W20250111 18:59:50.779995 685523 ImuError.cpp:650] gyr saturation
W20250111 18:59:50.779999 685523 ImuError.cpp:650] gyr saturation
W20250111 18:59:50.780004 685523 ImuError.cpp:650] gyr saturation
W20250111 18:59:50.780007 685523 ImuError.cpp:650] gyr saturation
W20250111 18:59:50.780011 685523 ImuError.cpp:650] gyr saturation
W20250111 18:59:50.780016 685523 ImuError.cpp:650] gyr saturation
W20250111 18:59:50.780020 685523 ImuError.cpp:650] gyr saturation
W20250111 18:59:50.780025 685523 ImuError.cpp:650] gyr saturation
W20250111 18:59:50.780028 685523 ImuError.cpp:650] gyr saturation
W20250111 18:59:50.780032 685523 ImuError.cpp:650] gyr saturation
W20250111 18:59:50.780037 685523 ImuError.cpp:650] gyr saturation
W20250111 18:59:50.780041 685523 ImuError.cpp:650] gyr saturation
W20250111 18:59:50.796058 897087 ImuError.cpp:165] gyr saturation
W20250111 18:59:50.796146 897087 ImuError.cpp:165] gyr saturation
W20250111 18:59:50.796159 897087 ImuError.cpp:165] gyr saturation
W20250111 18:59:50.796171 897087 ImuError.cpp:165] gyr saturation
W20250111 18:59:50.796181 897087 ImuError.cpp:165] gyr saturation
W20250111 18:59:50.796191 897087 ImuError.cpp:165] gyr saturation
W20250111 18:59:50.796203 897087 ImuError.cpp:165] gyr saturation
W20250111 18:59:50.796213 897087 ImuError.cpp:165] gyr saturation
W20250111 18:59:50.796223 897087 ImuError.cpp:165] gyr saturation
W20250111 18:59:50.796233 897087 ImuError.cpp:165] gyr saturation
W20250111 18:59:50.796243 897087 ImuError.cpp:165] gyr saturation
W20250111 18:59:50.796268 897087 ImuError.cpp:165] gyr saturation
W20250111 18:59:50.796280 897087 ImuError.cpp:165] gyr saturation
W20250111 18:59:50.796306 897087 ImuError.cpp:165] gyr saturation
W20250111 18:59:50.796317 897087 ImuError.cpp:165] gyr saturation
W20250111 18:59:50.796329 897087 ImuError.cpp:165] gyr saturation
W20250111 18:59:50.796339 897087 ImuError.cpp:165] gyr saturation
W20250111 18:59:50.796350 897087 ImuError.cpp:165] gyr saturation
W20250111 18:59:50.796360 897087 ImuError.cpp:165] gyr saturation
W20250111 18:59:50.796370 897087 ImuError.cpp:165] gyr saturation
W20250111 18:59:50.796381 897087 ImuError.cpp:165] gyr saturation
W20250111 18:59:50.796391 897087 ImuError.cpp:165] gyr saturation
W20250111 18:59:50.796402 897087 ImuError.cpp:165] gyr saturation
W20250111 18:59:50.796413 897087 ImuError.cpp:165] gyr saturation
W20250111 18:59:50.796423 897087 ImuError.cpp:165] gyr saturation
W20250111 18:59:50.796434 897087 ImuError.cpp:165] gyr saturation
W20250111 18:59:50.796445 897087 ImuError.cpp:165] gyr saturation
W20250111 18:59:50.796456 897087 ImuError.cpp:165] gyr saturation
W20250111 18:59:50.796468 897087 ImuError.cpp:165] gyr saturation
W20250111 18:59:50.796478 897087 ImuError.cpp:165] gyr saturation
W20250111 18:59:50.796489 897087 ImuError.cpp:165] gyr saturation
W20250111 18:59:50.796499 897087 ImuError.cpp:165] gyr saturation
W20250111 18:59:50.796510 897087 ImuError.cpp:165] gyr saturation
W20250111 18:59:50.796521 897087 ImuError.cpp:165] gyr saturation
W20250111 18:59:50.796872 897087 ImuError.cpp:165] gyr saturation
W20250111 18:59:50.796888 897087 ImuError.cpp:165] gyr saturation
W20250111 18:59:50.796900 897087 ImuError.cpp:165] gyr saturation
W20250111 18:59:50.796911 897087 ImuError.cpp:165] gyr saturation
W20250111 18:59:50.796921 897087 ImuError.cpp:165] gyr saturation
W20250111 18:59:50.796947 897087 ImuError.cpp:165] gyr saturation
W20250111 18:59:50.796967 897087 ImuError.cpp:165] gyr saturation
W20250111 18:59:50.796990 897087 ImuError.cpp:165] gyr saturation
W20250111 18:59:50.797003 897087 ImuError.cpp:165] gyr saturation
W20250111 18:59:50.797012 897087 ImuError.cpp:165] gyr saturation
W20250111 18:59:50.797024 897087 ImuError.cpp:165] gyr saturation
W20250111 18:59:50.797034 897087 ImuError.cpp:165] gyr saturation
W20250111 18:59:50.797044 897087 ImuError.cpp:165] gyr saturation
W20250111 18:59:50.797055 897087 ImuError.cpp:165] gyr saturation
W20250111 18:59:50.797066 897087 ImuError.cpp:165] gyr saturation
W20250111 18:59:50.797077 897087 ImuError.cpp:165] gyr saturation
W20250111 18:59:50.797088 897087 ImuError.cpp:165] gyr saturation
W20250111 18:59:50.797099 897087 ImuError.cpp:165] gyr saturation
W20250111 18:59:50.797109 897087 ImuError.cpp:165] gyr saturation
W20250111 18:59:50.797120 897087 ImuError.cpp:165] gyr saturation
W20250111 18:59:50.797132 897087 ImuError.cpp:165] gyr saturation
W20250111 18:59:50.797143 897087 ImuError.cpp:165] gyr saturation
W20250111 18:59:50.797154 897087 ImuError.cpp:165] gyr saturation
W20250111 18:59:50.797164 897087 ImuError.cpp:165] gyr saturation
W20250111 18:59:50.797175 897087 ImuError.cpp:165] gyr saturation
W20250111 18:59:50.797186 897087 ImuError.cpp:165] gyr saturation
W20250111 18:59:50.797197 897087 ImuError.cpp:165] gyr saturation
W20250111 18:59:50.797209 897087 ImuError.cpp:165] gyr saturation
W20250111 18:59:50.797221 897087 ImuError.cpp:165] gyr saturation
W20250111 18:59:50.797232 897087 ImuError.cpp:165] gyr saturation
W20250111 18:59:50.797243 897087 ImuError.cpp:165] gyr saturation
W20250111 18:59:50.797255 897087 ImuError.cpp:165] gyr saturation
W20250111 18:59:50.797266 897087 ImuError.cpp:165] gyr saturation
W20250111 18:59:50.797276 897087 ImuError.cpp:165] gyr saturation
W20250111 18:59:50.798764 685523 ImuError.cpp:650] gyr saturation
W20250111 18:59:50.798787 685523 ImuError.cpp:650] gyr saturation
W20250111 18:59:50.798792 685523 ImuError.cpp:650] gyr saturation
W20250111 18:59:50.798799 685523 ImuError.cpp:650] gyr saturation
W20250111 18:59:50.798802 685523 ImuError.cpp:650] gyr saturation
W20250111 18:59:50.798805 685523 ImuError.cpp:650] gyr saturation
W20250111 18:59:50.798810 685523 ImuError.cpp:650] gyr saturation
W20250111 18:59:50.798822 685523 ImuError.cpp:650] gyr saturation
W20250111 18:59:50.798830 685523 ImuError.cpp:650] gyr saturation
W20250111 18:59:50.798833 685523 ImuError.cpp:650] gyr saturation
W20250111 18:59:50.798837 685523 ImuError.cpp:650] gyr saturation
W20250111 18:59:50.798841 685523 ImuError.cpp:650] gyr saturation
W20250111 18:59:50.798846 685523 ImuError.cpp:650] gyr saturation
W20250111 18:59:50.798851 685523 ImuError.cpp:650] gyr saturation
W20250111 18:59:50.798856 685523 ImuError.cpp:650] gyr saturation
W20250111 18:59:50.798861 685523 ImuError.cpp:650] gyr saturation
W20250111 18:59:50.798864 685523 ImuError.cpp:650] gyr saturation
W20250111 18:59:50.798868 685523 ImuError.cpp:650] gyr saturation
W20250111 18:59:50.798871 685523 ImuError.cpp:650] gyr saturation
W20250111 18:59:50.798875 685523 ImuError.cpp:650] gyr saturation
W20250111 18:59:50.798879 685523 ImuError.cpp:650] gyr saturation
W20250111 18:59:50.798882 685523 ImuError.cpp:650] gyr saturation
W20250111 18:59:50.798887 685523 ImuError.cpp:650] gyr saturation
W20250111 18:59:50.798890 685523 ImuError.cpp:650] gyr saturation
W20250111 18:59:50.798895 685523 ImuError.cpp:650] gyr saturation
W20250111 18:59:50.798898 685523 ImuError.cpp:650] gyr saturation
W20250111 18:59:50.798902 685523 ImuError.cpp:650] gyr saturation
W20250111 18:59:50.798906 685523 ImuError.cpp:650] gyr saturation
W20250111 18:59:50.798909 685523 ImuError.cpp:650] gyr saturation
W20250111 18:59:50.798913 685523 ImuError.cpp:650] gyr saturation
W20250111 18:59:50.798918 685523 ImuError.cpp:650] gyr saturation
W20250111 18:59:50.798920 685523 ImuError.cpp:650] gyr saturation
W20250111 18:59:50.798924 685523 ImuError.cpp:650] gyr saturation
W20250111 18:59:50.798934 685523 ImuError.cpp:650] gyr saturation
W20250111 18:59:50.798939 685523 ImuError.cpp:650] gyr saturation
W20250111 18:59:50.799105 685523 ImuError.cpp:650] gyr saturation
W20250111 18:59:50.799113 685523 ImuError.cpp:650] gyr saturation
W20250111 18:59:50.799116 685523 ImuError.cpp:650] gyr saturation
W20250111 18:59:50.799119 685523 ImuError.cpp:650] gyr saturation
W20250111 18:59:50.799124 685523 ImuError.cpp:650] gyr saturation
W20250111 18:59:50.799127 685523 ImuError.cpp:650] gyr saturation
W20250111 18:59:50.799131 685523 ImuError.cpp:650] gyr saturation
W20250111 18:59:50.799134 685523 ImuError.cpp:650] gyr saturation
W20250111 18:59:50.799139 685523 ImuError.cpp:650] gyr saturation
W20250111 18:59:50.799142 685523 ImuError.cpp:650] gyr saturation
W20250111 18:59:50.799147 685523 ImuError.cpp:650] gyr saturation
W20250111 18:59:50.799152 685523 ImuError.cpp:650] gyr saturation
W20250111 18:59:50.799155 685523 ImuError.cpp:650] gyr saturation
W20250111 18:59:50.799160 685523 ImuError.cpp:650] gyr saturation
W20250111 18:59:50.799163 685523 ImuError.cpp:650] gyr saturation
W20250111 18:59:50.799170 685523 ImuError.cpp:650] gyr saturation
W20250111 18:59:50.799173 685523 ImuError.cpp:650] gyr saturation
W20250111 18:59:50.799176 685523 ImuError.cpp:650] gyr saturation
W20250111 18:59:50.799180 685523 ImuError.cpp:650] gyr saturation
W20250111 18:59:50.799185 685523 ImuError.cpp:650] gyr saturation
W20250111 18:59:50.799187 685523 ImuError.cpp:650] gyr saturation
W20250111 18:59:50.799192 685523 ImuError.cpp:650] gyr saturation
W20250111 18:59:50.799197 685523 ImuError.cpp:650] gyr saturation
W20250111 18:59:50.799202 685523 ImuError.cpp:650] gyr saturation
W20250111 18:59:50.799206 685523 ImuError.cpp:650] gyr saturation
W20250111 18:59:50.799211 685523 ImuError.cpp:650] gyr saturation
W20250111 18:59:50.799217 685523 ImuError.cpp:650] gyr saturation
W20250111 18:59:50.799222 685523 ImuError.cpp:650] gyr saturation
W20250111 18:59:50.799227 685523 ImuError.cpp:650] gyr saturation
W20250111 18:59:50.799232 685523 ImuError.cpp:650] gyr saturation
W20250111 18:59:50.799234 685523 ImuError.cpp:650] gyr saturation
W20250111 18:59:50.799239 685523 ImuError.cpp:650] gyr saturation
W20250111 18:59:50.799243 685523 ImuError.cpp:650] gyr saturation
W20250111 18:59:50.799247 685523 ImuError.cpp:650] gyr saturation
W20250111 18:59:50.799252 685523 ImuError.cpp:650] gyr saturation
W20250111 18:59:50.800884 685523 ImuError.cpp:368] gyr saturation
W20250111 18:59:50.800910 685523 ImuError.cpp:368] gyr saturation
W20250111 18:59:50.800920 685523 ImuError.cpp:368] gyr saturation
W20250111 18:59:50.800930 685523 ImuError.cpp:368] gyr saturation
W20250111 18:59:50.800937 685523 ImuError.cpp:368] gyr saturation
W20250111 18:59:50.800946 685523 ImuError.cpp:368] gyr saturation
W20250111 18:59:50.800957 685523 ImuError.cpp:368] gyr saturation
W20250111 18:59:50.800966 685523 ImuError.cpp:368] gyr saturation
W20250111 18:59:50.800976 685523 ImuError.cpp:368] gyr saturation
W20250111 18:59:50.800984 685523 ImuError.cpp:368] gyr saturation
W20250111 18:59:50.800993 685523 ImuError.cpp:368] gyr saturation
W20250111 18:59:50.801002 685523 ImuError.cpp:368] gyr saturation
W20250111 18:59:50.801012 685523 ImuError.cpp:368] gyr saturation
W20250111 18:59:50.801019 685523 ImuError.cpp:368] gyr saturation
W20250111 18:59:50.801028 685523 ImuError.cpp:368] gyr saturation
W20250111 18:59:50.801038 685523 ImuError.cpp:368] gyr saturation
W20250111 18:59:50.801045 685523 ImuError.cpp:368] gyr saturation
W20250111 18:59:50.801054 685523 ImuError.cpp:368] gyr saturation
W20250111 18:59:50.801064 685523 ImuError.cpp:368] gyr saturation
W20250111 18:59:50.801071 685523 ImuError.cpp:368] gyr saturation
W20250111 18:59:50.801080 685523 ImuError.cpp:368] gyr saturation
W20250111 18:59:50.801091 685523 ImuError.cpp:368] gyr saturation
W20250111 18:59:50.801100 685523 ImuError.cpp:368] gyr saturation
W20250111 18:59:50.801110 685523 ImuError.cpp:368] gyr saturation
W20250111 18:59:50.801118 685523 ImuError.cpp:368] gyr saturation
W20250111 18:59:50.801131 685523 ImuError.cpp:368] gyr saturation
W20250111 18:59:50.801141 685523 ImuError.cpp:368] gyr saturation
W20250111 18:59:50.801151 685523 ImuError.cpp:368] gyr saturation
W20250111 18:59:50.801159 685523 ImuError.cpp:368] gyr saturation
W20250111 18:59:50.801167 685523 ImuError.cpp:368] gyr saturation
W20250111 18:59:50.801177 685523 ImuError.cpp:368] gyr saturation
W20250111 18:59:50.801185 685523 ImuError.cpp:368] gyr saturation
W20250111 18:59:50.801194 685523 ImuError.cpp:368] gyr saturation
W20250111 18:59:50.801203 685523 ImuError.cpp:368] gyr saturation
W20250111 18:59:50.801211 685523 ImuError.cpp:368] gyr saturation
W20250111 18:59:50.803686 685523 Frontend.cpp:612] 3d2d tracking weak: quality=0. Number of 3d2d-matches: 6
W20250111 18:59:50.805815 685523 ImuError.cpp:650] gyr saturation
W20250111 18:59:50.805835 685523 ImuError.cpp:650] gyr saturation
W20250111 18:59:50.805840 685523 ImuError.cpp:650] gyr saturation
W20250111 18:59:50.805843 685523 ImuError.cpp:650] gyr saturation
W20250111 18:59:50.805848 685523 ImuError.cpp:650] gyr saturation
W20250111 18:59:50.805855 685523 ImuError.cpp:650] gyr saturation
W20250111 18:59:50.805858 685523 ImuError.cpp:650] gyr saturation
W20250111 18:59:50.805866 685523 ImuError.cpp:650] gyr saturation
W20250111 18:59:50.805871 685523 ImuError.cpp:650] gyr saturation
W20250111 18:59:50.805877 685523 ImuError.cpp:650] gyr saturation
W20250111 18:59:50.805881 685523 ImuError.cpp:650] gyr saturation
W20250111 18:59:50.805886 685523 ImuError.cpp:650] gyr saturation
W20250111 18:59:50.805897 685523 ImuError.cpp:650] gyr saturation
W20250111 18:59:50.805902 685523 ImuError.cpp:650] gyr saturation
W20250111 18:59:50.805907 685523 ImuError.cpp:650] gyr saturation
W20250111 18:59:50.805910 685523 ImuError.cpp:650] gyr saturation
W20250111 18:59:50.805917 685523 ImuError.cpp:650] gyr saturation
W20250111 18:59:50.805922 685523 ImuError.cpp:650] gyr saturation
W20250111 18:59:50.805927 685523 ImuError.cpp:650] gyr saturation
W20250111 18:59:50.805930 685523 ImuError.cpp:650] gyr saturation
W20250111 18:59:50.805934 685523 ImuError.cpp:650] gyr saturation
W20250111 18:59:50.805939 685523 ImuError.cpp:650] gyr saturation
W20250111 18:59:50.805943 685523 ImuError.cpp:650] gyr saturation
W20250111 18:59:50.805948 685523 ImuError.cpp:650] gyr saturation
W20250111 18:59:50.805953 685523 ImuError.cpp:650] gyr saturation
W20250111 18:59:50.805956 685523 ImuError.cpp:650] gyr saturation
W20250111 18:59:50.805963 685523 ImuError.cpp:650] gyr saturation
W20250111 18:59:50.805968 685523 ImuError.cpp:650] gyr saturation
W20250111 18:59:50.805972 685523 ImuError.cpp:650] gyr saturation
W20250111 18:59:50.805976 685523 ImuError.cpp:650] gyr saturation
W20250111 18:59:50.805981 685523 ImuError.cpp:650] gyr saturation
W20250111 18:59:50.805985 685523 ImuError.cpp:650] gyr saturation
W20250111 18:59:50.805989 685523 ImuError.cpp:650] gyr saturation
W20250111 18:59:50.805994 685523 ImuError.cpp:650] gyr saturation
W20250111 18:59:50.805997 685523 ImuError.cpp:650] gyr saturation
W20250111 18:59:50.806001 685523 ImuError.cpp:650] gyr saturation
W20250111 18:59:50.806006 685523 ImuError.cpp:650] gyr saturation
W20250111 18:59:50.806010 685523 ImuError.cpp:650] gyr saturation
W20250111 18:59:50.806015 685523 ImuError.cpp:650] gyr saturation
W20250111 18:59:50.806021 685523 ImuError.cpp:650] gyr saturation
W20250111 18:59:50.806025 685523 ImuError.cpp:650] gyr saturation
W20250111 18:59:50.806030 685523 ImuError.cpp:650] gyr saturation
W20250111 18:59:50.806035 685523 ImuError.cpp:650] gyr saturation
W20250111 18:59:50.806039 685523 ImuError.cpp:650] gyr saturation
W20250111 18:59:50.806043 685523 ImuError.cpp:650] gyr saturation
W20250111 18:59:50.806049 685523 ImuError.cpp:650] gyr saturation
W20250111 18:59:50.806053 685523 ImuError.cpp:650] gyr saturation
W20250111 18:59:50.806057 685523 ImuError.cpp:650] gyr saturation
W20250111 18:59:50.822629 897145 ViSlamBackend.cpp:466] TRACKING FAILURE: quality=0
W20250111 18:59:50.825587 685523 ImuError.cpp:650] gyr saturation
W20250111 18:59:50.825610 685523 ImuError.cpp:650] gyr saturation
W20250111 18:59:50.825613 685523 ImuError.cpp:650] gyr saturation
W20250111 18:59:50.825616 685523 ImuError.cpp:650] gyr saturation
W20250111 18:59:50.825619 685523 ImuError.cpp:650] gyr saturation
W20250111 18:59:50.825625 685523 ImuError.cpp:650] gyr saturation
W20250111 18:59:50.825636 685523 ImuError.cpp:650] gyr saturation
W20250111 18:59:50.825639 685523 ImuError.cpp:650] gyr saturation
W20250111 18:59:50.825645 685523 ImuError.cpp:650] gyr saturation
W20250111 18:59:50.825649 685523 ImuError.cpp:650] gyr saturation
W20250111 18:59:50.825652 685523 ImuError.cpp:650] gyr saturation
W20250111 18:59:50.825655 685523 ImuError.cpp:650] gyr saturation
W20250111 18:59:50.825659 685523 ImuError.cpp:650] gyr saturation
W20250111 18:59:50.825664 685523 ImuError.cpp:650] gyr saturation
W20250111 18:59:50.825920 685523 ImuError.cpp:650] gyr saturation
W20250111 18:59:50.825928 685523 ImuError.cpp:650] gyr saturation
W20250111 18:59:50.825932 685523 ImuError.cpp:650] gyr saturation
W20250111 18:59:50.825935 685523 ImuError.cpp:650] gyr saturation
W20250111 18:59:50.825939 685523 ImuError.cpp:650] gyr saturation
W20250111 18:59:50.825943 685523 ImuError.cpp:650] gyr saturation
W20250111 18:59:50.825946 685523 ImuError.cpp:650] gyr saturation
W20250111 18:59:50.825950 685523 ImuError.cpp:650] gyr saturation
W20250111 18:59:50.825953 685523 ImuError.cpp:650] gyr saturation
W20250111 18:59:50.825960 685523 ImuError.cpp:650] gyr saturation
W20250111 18:59:50.825965 685523 ImuError.cpp:650] gyr saturation
W20250111 18:59:50.825969 685523 ImuError.cpp:650] gyr saturation
W20250111 18:59:50.825973 685523 ImuError.cpp:650] gyr saturation
W20250111 18:59:50.825976 685523 ImuError.cpp:650] gyr saturation
W20250111 18:59:50.827742 685523 ImuError.cpp:368] gyr saturation
W20250111 18:59:50.827770 685523 ImuError.cpp:368] gyr saturation
W20250111 18:59:50.827783 685523 ImuError.cpp:368] gyr saturation
W20250111 18:59:50.827792 685523 ImuError.cpp:368] gyr saturation
W20250111 18:59:50.827806 685523 ImuError.cpp:368] gyr saturation
W20250111 18:59:50.827818 685523 ImuError.cpp:368] gyr saturation
W20250111 18:59:50.827831 685523 ImuError.cpp:368] gyr saturation
W20250111 18:59:50.827838 685523 ImuError.cpp:368] gyr saturation
W20250111 18:59:50.827847 685523 ImuError.cpp:368] gyr saturation
W20250111 18:59:50.827855 685523 ImuError.cpp:368] gyr saturation
W20250111 18:59:50.827863 685523 ImuError.cpp:368] gyr saturation
W20250111 18:59:50.827872 685523 ImuError.cpp:368] gyr saturation
W20250111 18:59:50.827879 685523 ImuError.cpp:368] gyr saturation
W20250111 18:59:50.827888 685523 ImuError.cpp:368] gyr saturation
W20250111 18:59:50.830992 685523 ImuError.cpp:650] gyr saturation
W20250111 18:59:50.831020 685523 ImuError.cpp:650] gyr saturation
W20250111 18:59:50.831025 685523 ImuError.cpp:650] gyr saturation
W20250111 18:59:50.831029 685523 ImuError.cpp:650] gyr saturation
W20250111 18:59:50.831033 685523 ImuError.cpp:650] gyr saturation
W20250111 18:59:50.831037 685523 ImuError.cpp:650] gyr saturation
W20250111 18:59:50.831040 685523 ImuError.cpp:650] gyr saturation
W20250111 18:59:50.831044 685523 ImuError.cpp:650] gyr saturation
W20250111 18:59:50.831048 685523 ImuError.cpp:650] gyr saturation
W20250111 18:59:50.831051 685523 ImuError.cpp:650] gyr saturation
W20250111 18:59:50.831055 685523 ImuError.cpp:650] gyr saturation
W20250111 18:59:50.831059 685523 ImuError.cpp:650] gyr saturation
W20250111 18:59:50.831063 685523 ImuError.cpp:650] gyr saturation
W20250111 18:59:50.831066 685523 ImuError.cpp:650] gyr saturation
W20250111 18:59:50.871594 897277 ImuError.cpp:165] gyr saturation
W20250111 18:59:50.871690 897277 ImuError.cpp:165] gyr saturation
W20250111 18:59:50.871703 897277 ImuError.cpp:165] gyr saturation
W20250111 18:59:50.871716 897277 ImuError.cpp:165] gyr saturation
W20250111 18:59:50.871728 897277 ImuError.cpp:165] gyr saturation
W20250111 18:59:50.871740 897277 ImuError.cpp:165] gyr saturation
W20250111 18:59:50.871752 897277 ImuError.cpp:165] gyr saturation
W20250111 18:59:50.871781 897277 ImuError.cpp:165] gyr saturation
W20250111 18:59:50.871795 897277 ImuError.cpp:165] gyr saturation
W20250111 18:59:50.871807 897277 ImuError.cpp:165] gyr saturation
W20250111 18:59:50.871819 897277 ImuError.cpp:165] gyr saturation
W20250111 18:59:50.871834 897277 ImuError.cpp:165] gyr saturation
W20250111 18:59:50.871847 897277 ImuError.cpp:165] gyr saturation
W20250111 18:59:50.871858 897277 ImuError.cpp:165] gyr saturation
W20250111 18:59:50.871870 897277 ImuError.cpp:165] gyr saturation
W20250111 18:59:50.871881 897277 ImuError.cpp:165] gyr saturation
W20250111 18:59:50.871893 897277 ImuError.cpp:165] gyr saturation
W20250111 18:59:50.871904 897277 ImuError.cpp:165] gyr saturation
W20250111 18:59:50.871917 897277 ImuError.cpp:165] gyr saturation
W20250111 18:59:50.871927 897277 ImuError.cpp:165] gyr saturation
W20250111 18:59:50.871939 897277 ImuError.cpp:165] gyr saturation
W20250111 18:59:50.871950 897277 ImuError.cpp:165] gyr saturation
W20250111 18:59:50.871961 897277 ImuError.cpp:165] gyr saturation
W20250111 18:59:50.871973 897277 ImuError.cpp:165] gyr saturation
W20250111 18:59:50.871984 897277 ImuError.cpp:165] gyr saturation
W20250111 18:59:50.871994 897277 ImuError.cpp:165] gyr saturation
W20250111 18:59:50.872005 897277 ImuError.cpp:165] gyr saturation
W20250111 18:59:50.872017 897277 ImuError.cpp:165] gyr saturation
W20250111 18:59:50.872028 897277 ImuError.cpp:165] gyr saturation
W20250111 18:59:50.872040 897277 ImuError.cpp:165] gyr saturation
W20250111 18:59:50.872052 897277 ImuError.cpp:165] gyr saturation
W20250111 18:59:50.872063 897277 ImuError.cpp:165] gyr saturation
W20250111 18:59:50.872074 897277 ImuError.cpp:165] gyr saturation
W20250111 18:59:50.872085 897277 ImuError.cpp:165] gyr saturation
W20250111 18:59:50.872097 897277 ImuError.cpp:165] gyr saturation
W20250111 18:59:50.872184 897277 ImuError.cpp:165] gyr saturation
W20250111 18:59:50.872198 897277 ImuError.cpp:165] gyr saturation
W20250111 18:59:50.872210 897277 ImuError.cpp:165] gyr saturation
W20250111 18:59:50.872221 897277 ImuError.cpp:165] gyr saturation
W20250111 18:59:50.872232 897277 ImuError.cpp:165] gyr saturation
W20250111 18:59:50.872243 897277 ImuError.cpp:165] gyr saturation
W20250111 18:59:50.872254 897277 ImuError.cpp:165] gyr saturation
W20250111 18:59:50.872267 897277 ImuError.cpp:165] gyr saturation
W20250111 18:59:50.872277 897277 ImuError.cpp:165] gyr saturation
W20250111 18:59:50.872288 897277 ImuError.cpp:165] gyr saturation
W20250111 18:59:50.872299 897277 ImuError.cpp:165] gyr saturation
W20250111 18:59:50.872310 897277 ImuError.cpp:165] gyr saturation
W20250111 18:59:50.872321 897277 ImuError.cpp:165] gyr saturation
W20250111 18:59:50.872332 897277 ImuError.cpp:165] gyr saturation
W20250111 18:59:50.872344 897277 ImuError.cpp:165] gyr saturation
W20250111 18:59:50.872354 897277 ImuError.cpp:165] gyr saturation
W20250111 18:59:50.872365 897277 ImuError.cpp:165] gyr saturation
W20250111 18:59:50.872376 897277 ImuError.cpp:165] gyr saturation
W20250111 18:59:50.872387 897277 ImuError.cpp:165] gyr saturation
W20250111 18:59:50.872398 897277 ImuError.cpp:165] gyr saturation
W20250111 18:59:50.872411 897277 ImuError.cpp:165] gyr saturation
W20250111 18:59:50.872421 897277 ImuError.cpp:165] gyr saturation
W20250111 18:59:50.872432 897277 ImuError.cpp:165] gyr saturation
W20250111 18:59:50.872443 897277 ImuError.cpp:165] gyr saturation
W20250111 18:59:50.872454 897277 ImuError.cpp:165] gyr saturation
W20250111 18:59:50.872465 897277 ImuError.cpp:165] gyr saturation
W20250111 18:59:50.872476 897277 ImuError.cpp:165] gyr saturation
W20250111 18:59:50.872488 897277 ImuError.cpp:165] gyr saturation
W20250111 18:59:50.872498 897277 ImuError.cpp:165] gyr saturation
W20250111 18:59:50.872509 897277 ImuError.cpp:165] gyr saturation
W20250111 18:59:50.872520 897277 ImuError.cpp:165] gyr saturation
W20250111 18:59:50.872531 897277 ImuError.cpp:165] gyr saturation
W20250111 18:59:50.872543 897277 ImuError.cpp:165] gyr saturation
W20250111 18:59:50.872555 897277 ImuError.cpp:165] gyr saturation
W20250111 18:59:50.872568 897277 ImuError.cpp:165] gyr saturation
W20250111 18:59:50.892558 897343 ImuError.cpp:165] gyr saturation
W20250111 18:59:50.892655 897343 ImuError.cpp:165] gyr saturation
W20250111 18:59:50.892670 897343 ImuError.cpp:165] gyr saturation
W20250111 18:59:50.892684 897343 ImuError.cpp:165] gyr saturation
W20250111 18:59:50.892696 897343 ImuError.cpp:165] gyr saturation
W20250111 18:59:50.892709 897343 ImuError.cpp:165] gyr saturation
W20250111 18:59:50.892722 897343 ImuError.cpp:165] gyr saturation
W20250111 18:59:50.892733 897343 ImuError.cpp:165] gyr saturation
W20250111 18:59:50.892745 897343 ImuError.cpp:165] gyr saturation
W20250111 18:59:50.892761 897343 ImuError.cpp:165] gyr saturation
W20250111 18:59:50.892774 897343 ImuError.cpp:165] gyr saturation
W20250111 18:59:50.892788 897343 ImuError.cpp:165] gyr saturation
W20250111 18:59:50.892802 897343 ImuError.cpp:165] gyr saturation
W20250111 18:59:50.892815 897343 ImuError.cpp:165] gyr saturation
W20250111 18:59:50.893033 897343 ImuError.cpp:165] gyr saturation
W20250111 18:59:50.893046 897343 ImuError.cpp:165] gyr saturation
W20250111 18:59:50.893059 897343 ImuError.cpp:165] gyr saturation
W20250111 18:59:50.893071 897343 ImuError.cpp:165] gyr saturation
W20250111 18:59:50.893085 897343 ImuError.cpp:165] gyr saturation
W20250111 18:59:50.893096 897343 ImuError.cpp:165] gyr saturation
W20250111 18:59:50.893108 897343 ImuError.cpp:165] gyr saturation
W20250111 18:59:50.893119 897343 ImuError.cpp:165] gyr saturation
W20250111 18:59:50.893136 897343 ImuError.cpp:165] gyr saturation
W20250111 18:59:50.893149 897343 ImuError.cpp:165] gyr saturation
W20250111 18:59:50.893160 897343 ImuError.cpp:165] gyr saturation
W20250111 18:59:50.893172 897343 ImuError.cpp:165] gyr saturation
W20250111 18:59:50.893183 897343 ImuError.cpp:165] gyr saturation
W20250111 18:59:50.893194 897343 ImuError.cpp:165] gyr saturation
W20250111 18:59:50.982069 685523 Frontend.cpp:612] 3d2d tracking weak: quality=0. Number of 3d2d-matches: 7
W20250111 18:59:50.993005 897681 ViSlamBackend.cpp:466] TRACKING FAILURE: quality=0
W20250111 18:59:50.994632 685523 Frontend.cpp:615] 3d2d tracking lost. Number of 3d2d-matches: 2
W20250111 18:59:50.995962 685523 ImuError.cpp:650] gyr saturation
W20250111 18:59:50.995993 685523 ImuError.cpp:650] gyr saturation
W20250111 18:59:50.996001 685523 ImuError.cpp:650] gyr saturation
W20250111 18:59:50.996008 685523 ImuError.cpp:650] gyr saturation
W20250111 18:59:50.996013 685523 ImuError.cpp:650] gyr saturation
W20250111 18:59:50.996018 685523 ImuError.cpp:650] gyr saturation
W20250111 18:59:50.996026 685523 ImuError.cpp:650] gyr saturation
W20250111 18:59:50.996031 685523 ImuError.cpp:650] gyr saturation
W20250111 18:59:50.996037 685523 ImuError.cpp:650] gyr saturation
W20250111 18:59:50.996042 685523 ImuError.cpp:650] gyr saturation
W20250111 18:59:50.996048 685523 ImuError.cpp:650] gyr saturation
W20250111 18:59:50.996053 685523 ImuError.cpp:650] gyr saturation
W20250111 18:59:50.996059 685523 ImuError.cpp:650] gyr saturation
W20250111 18:59:50.996064 685523 ImuError.cpp:650] gyr saturation
W20250111 18:59:50.996070 685523 ImuError.cpp:650] gyr saturation
W20250111 18:59:51.002648 897723 ViSlamBackend.cpp:466] TRACKING FAILURE: quality=0
W20250111 18:59:51.003477 685523 ImuError.cpp:650] gyr saturation
W20250111 18:59:51.003547 685523 ImuError.cpp:650] gyr saturation
W20250111 18:59:51.003554 685523 ImuError.cpp:650] gyr saturation
W20250111 18:59:51.003561 685523 ImuError.cpp:650] gyr saturation
W20250111 18:59:51.003566 685523 ImuError.cpp:650] gyr saturation
W20250111 18:59:51.003571 685523 ImuError.cpp:650] gyr saturation
W20250111 18:59:51.003576 685523 ImuError.cpp:650] gyr saturation
W20250111 18:59:51.003582 685523 ImuError.cpp:650] gyr saturation
W20250111 18:59:51.003585 685523 ImuError.cpp:650] gyr saturation
W20250111 18:59:51.003590 685523 ImuError.cpp:650] gyr saturation
W20250111 18:59:51.003595 685523 ImuError.cpp:650] gyr saturation
W20250111 18:59:51.003600 685523 ImuError.cpp:650] gyr saturation
W20250111 18:59:51.003607 685523 ImuError.cpp:650] gyr saturation
W20250111 18:59:51.003626 685523 ImuError.cpp:650] gyr saturation
W20250111 18:59:51.003633 685523 ImuError.cpp:650] gyr saturation
W20250111 18:59:51.003796 685523 ImuError.cpp:650] gyr saturation
W20250111 18:59:51.003803 685523 ImuError.cpp:650] gyr saturation
W20250111 18:59:51.003808 685523 ImuError.cpp:650] gyr saturation
W20250111 18:59:51.003813 685523 ImuError.cpp:650] gyr saturation
W20250111 18:59:51.003818 685523 ImuError.cpp:650] gyr saturation
W20250111 18:59:51.003829 685523 ImuError.cpp:650] gyr saturation
W20250111 18:59:51.003835 685523 ImuError.cpp:650] gyr saturation
W20250111 18:59:51.003840 685523 ImuError.cpp:650] gyr saturation
W20250111 18:59:51.003846 685523 ImuError.cpp:650] gyr saturation
W20250111 18:59:51.003851 685523 ImuError.cpp:650] gyr saturation
W20250111 18:59:51.003856 685523 ImuError.cpp:650] gyr saturation
W20250111 18:59:51.003861 685523 ImuError.cpp:650] gyr saturation
W20250111 18:59:51.003866 685523 ImuError.cpp:650] gyr saturation
W20250111 18:59:51.003871 685523 ImuError.cpp:650] gyr saturation
W20250111 18:59:51.003876 685523 ImuError.cpp:650] gyr saturation
W20250111 18:59:51.004045 685523 Frontend.cpp:615] 3d2d tracking lost. Number of 3d2d-matches: 0
W20250111 18:59:51.005223 685523 ImuError.cpp:650] gyr saturation
W20250111 18:59:51.005267 685523 ImuError.cpp:650] gyr saturation
W20250111 18:59:51.005275 685523 ImuError.cpp:650] gyr saturation
W20250111 18:59:51.005282 685523 ImuError.cpp:650] gyr saturation
W20250111 18:59:51.005297 685523 ImuError.cpp:650] gyr saturation
W20250111 18:59:51.005304 685523 ImuError.cpp:650] gyr saturation
W20250111 18:59:51.005311 685523 ImuError.cpp:650] gyr saturation
W20250111 18:59:51.005316 685523 ImuError.cpp:650] gyr saturation
W20250111 18:59:51.005321 685523 ImuError.cpp:650] gyr saturation
W20250111 18:59:51.005327 685523 ImuError.cpp:650] gyr saturation
W20250111 18:59:51.005333 685523 ImuError.cpp:650] gyr saturation
W20250111 18:59:51.005338 685523 ImuError.cpp:650] gyr saturation
W20250111 18:59:51.005344 685523 ImuError.cpp:650] gyr saturation
W20250111 18:59:51.005349 685523 ImuError.cpp:650] gyr saturation
W20250111 18:59:51.005354 685523 ImuError.cpp:650] gyr saturation
W20250111 18:59:51.005359 685523 ImuError.cpp:650] gyr saturation
W20250111 18:59:51.005365 685523 ImuError.cpp:650] gyr saturation
W20250111 18:59:51.005370 685523 ImuError.cpp:650] gyr saturation
W20250111 18:59:51.005376 685523 ImuError.cpp:650] gyr saturation
W20250111 18:59:51.005381 685523 ImuError.cpp:650] gyr saturation
W20250111 18:59:51.005386 685523 ImuError.cpp:650] gyr saturation
W20250111 18:59:51.005393 685523 ImuError.cpp:650] gyr saturation
W20250111 18:59:51.005398 685523 ImuError.cpp:650] gyr saturation
W20250111 18:59:51.005403 685523 ImuError.cpp:650] gyr saturation
W20250111 18:59:51.005409 685523 ImuError.cpp:650] gyr saturation
W20250111 18:59:51.005414 685523 ImuError.cpp:650] gyr saturation
W20250111 18:59:51.005420 685523 ImuError.cpp:650] gyr saturation
W20250111 18:59:51.005427 685523 ImuError.cpp:650] gyr saturation
W20250111 18:59:51.005434 685523 ImuError.cpp:650] gyr saturation
W20250111 18:59:51.005439 685523 ImuError.cpp:650] gyr saturation
W20250111 18:59:51.005445 685523 ImuError.cpp:650] gyr saturation
W20250111 18:59:51.005451 685523 ImuError.cpp:650] gyr saturation
W20250111 18:59:51.005457 685523 ImuError.cpp:650] gyr saturation
W20250111 18:59:51.005463 685523 ImuError.cpp:650] gyr saturation
W20250111 18:59:51.005468 685523 ImuError.cpp:650] gyr saturation
W20250111 18:59:51.005475 685523 ImuError.cpp:650] gyr saturation
W20250111 18:59:51.005481 685523 ImuError.cpp:650] gyr saturation
W20250111 18:59:51.005486 685523 ImuError.cpp:650] gyr saturation
W20250111 18:59:51.005493 685523 ImuError.cpp:650] gyr saturation
W20250111 18:59:51.005501 685523 ImuError.cpp:650] gyr saturation
W20250111 18:59:51.005506 685523 ImuError.cpp:650] gyr saturation
W20250111 18:59:51.005511 685523 ImuError.cpp:650] gyr saturation
W20250111 18:59:51.005517 685523 ImuError.cpp:650] gyr saturation
W20250111 18:59:51.005532 685523 ImuError.cpp:650] gyr saturation
W20250111 18:59:51.005538 685523 ImuError.cpp:650] gyr saturation
W20250111 18:59:51.005544 685523 ImuError.cpp:650] gyr saturation
W20250111 18:59:51.005549 685523 ImuError.cpp:650] gyr saturation
W20250111 18:59:51.005555 685523 ImuError.cpp:650] gyr saturation
W20250111 18:59:51.005561 685523 ImuError.cpp:650] gyr saturation
W20250111 18:59:51.006379 897749 ImuError.cpp:368] gyr saturation
W20250111 18:59:51.006414 897749 ImuError.cpp:368] gyr saturation
W20250111 18:59:51.006424 897749 ImuError.cpp:368] gyr saturation
W20250111 18:59:51.006434 897749 ImuError.cpp:368] gyr saturation
W20250111 18:59:51.006443 897749 ImuError.cpp:368] gyr saturation
W20250111 18:59:51.006451 897749 ImuError.cpp:368] gyr saturation
W20250111 18:59:51.006460 897749 ImuError.cpp:368] gyr saturation
W20250111 18:59:51.006469 897749 ImuError.cpp:368] gyr saturation
W20250111 18:59:51.006479 897749 ImuError.cpp:368] gyr saturation
W20250111 18:59:51.006487 897749 ImuError.cpp:368] gyr saturation
W20250111 18:59:51.006495 897749 ImuError.cpp:368] gyr saturation
W20250111 18:59:51.006503 897749 ImuError.cpp:368] gyr saturation
W20250111 18:59:51.006511 897749 ImuError.cpp:368] gyr saturation
W20250111 18:59:51.006520 897749 ImuError.cpp:368] gyr saturation
W20250111 18:59:51.006527 897749 ImuError.cpp:368] gyr saturation
W20250111 18:59:51.010581 897749 ViSlamBackend.cpp:466] TRACKING FAILURE: quality=0
W20250111 18:59:51.011240 685523 ImuError.cpp:650] gyr saturation
W20250111 18:59:51.011296 685523 ImuError.cpp:650] gyr saturation
W20250111 18:59:51.011303 685523 ImuError.cpp:650] gyr saturation
W20250111 18:59:51.011309 685523 ImuError.cpp:650] gyr saturation
W20250111 18:59:51.011315 685523 ImuError.cpp:650] gyr saturation
W20250111 18:59:51.011320 685523 ImuError.cpp:650] gyr saturation
W20250111 18:59:51.011327 685523 ImuError.cpp:650] gyr saturation
W20250111 18:59:51.011332 685523 ImuError.cpp:650] gyr saturation
W20250111 18:59:51.011337 685523 ImuError.cpp:650] gyr saturation
W20250111 18:59:51.011343 685523 ImuError.cpp:650] gyr saturation
W20250111 18:59:51.011348 685523 ImuError.cpp:650] gyr saturation
W20250111 18:59:51.011354 685523 ImuError.cpp:650] gyr saturation
W20250111 18:59:51.011359 685523 ImuError.cpp:650] gyr saturation
W20250111 18:59:51.011365 685523 ImuError.cpp:650] gyr saturation
W20250111 18:59:51.011370 685523 ImuError.cpp:650] gyr saturation
W20250111 18:59:51.011376 685523 ImuError.cpp:650] gyr saturation
W20250111 18:59:51.011381 685523 ImuError.cpp:650] gyr saturation
W20250111 18:59:51.011387 685523 ImuError.cpp:650] gyr saturation
W20250111 18:59:51.011394 685523 ImuError.cpp:650] gyr saturation
W20250111 18:59:51.011399 685523 ImuError.cpp:650] gyr saturation
W20250111 18:59:51.011404 685523 ImuError.cpp:650] gyr saturation
W20250111 18:59:51.011409 685523 ImuError.cpp:650] gyr saturation
W20250111 18:59:51.011415 685523 ImuError.cpp:650] gyr saturation
W20250111 18:59:51.011420 685523 ImuError.cpp:650] gyr saturation
W20250111 18:59:51.011426 685523 ImuError.cpp:650] gyr saturation
W20250111 18:59:51.011431 685523 ImuError.cpp:650] gyr saturation
W20250111 18:59:51.011437 685523 ImuError.cpp:650] gyr saturation
W20250111 18:59:51.011443 685523 ImuError.cpp:650] gyr saturation
W20250111 18:59:51.011448 685523 ImuError.cpp:650] gyr saturation
W20250111 18:59:51.011454 685523 ImuError.cpp:650] gyr saturation
W20250111 18:59:51.011459 685523 ImuError.cpp:650] gyr saturation
W20250111 18:59:51.011466 685523 ImuError.cpp:650] gyr saturation
W20250111 18:59:51.011471 685523 ImuError.cpp:650] gyr saturation
W20250111 18:59:51.011476 685523 ImuError.cpp:650] gyr saturation
W20250111 18:59:51.011482 685523 ImuError.cpp:650] gyr saturation
W20250111 18:59:51.011608 685523 ImuError.cpp:650] gyr saturation
W20250111 18:59:51.011617 685523 ImuError.cpp:650] gyr saturation
W20250111 18:59:51.011624 685523 ImuError.cpp:650] gyr saturation
W20250111 18:59:51.011629 685523 ImuError.cpp:650] gyr saturation
W20250111 18:59:51.011636 685523 ImuError.cpp:650] gyr saturation
W20250111 18:59:51.011649 685523 ImuError.cpp:650] gyr saturation
W20250111 18:59:51.011656 685523 ImuError.cpp:650] gyr saturation
W20250111 18:59:51.011662 685523 ImuError.cpp:650] gyr saturation
W20250111 18:59:51.011667 685523 ImuError.cpp:650] gyr saturation
W20250111 18:59:51.011673 685523 ImuError.cpp:650] gyr saturation
W20250111 18:59:51.011680 685523 ImuError.cpp:650] gyr saturation
W20250111 18:59:51.011685 685523 ImuError.cpp:650] gyr saturation
W20250111 18:59:51.011690 685523 ImuError.cpp:650] gyr saturation
W20250111 18:59:51.011698 685523 ImuError.cpp:650] gyr saturation
W20250111 18:59:51.011703 685523 ImuError.cpp:650] gyr saturation
W20250111 18:59:51.011708 685523 ImuError.cpp:650] gyr saturation
W20250111 18:59:51.011713 685523 ImuError.cpp:650] gyr saturation
W20250111 18:59:51.011718 685523 ImuError.cpp:650] gyr saturation
W20250111 18:59:51.011724 685523 ImuError.cpp:650] gyr saturation
W20250111 18:59:51.011729 685523 ImuError.cpp:650] gyr saturation
W20250111 18:59:51.011735 685523 ImuError.cpp:650] gyr saturation
W20250111 18:59:51.011740 685523 ImuError.cpp:650] gyr saturation
W20250111 18:59:51.011745 685523 ImuError.cpp:650] gyr saturation
W20250111 18:59:51.011751 685523 ImuError.cpp:650] gyr saturation
W20250111 18:59:51.011756 685523 ImuError.cpp:650] gyr saturation
W20250111 18:59:51.011761 685523 ImuError.cpp:650] gyr saturation
W20250111 18:59:51.011767 685523 ImuError.cpp:650] gyr saturation
W20250111 18:59:51.011772 685523 ImuError.cpp:650] gyr saturation
W20250111 18:59:51.011780 685523 ImuError.cpp:650] gyr saturation
W20250111 18:59:51.011785 685523 ImuError.cpp:650] gyr saturation
W20250111 18:59:51.011791 685523 ImuError.cpp:650] gyr saturation
W20250111 18:59:51.011796 685523 ImuError.cpp:650] gyr saturation
W20250111 18:59:51.011801 685523 ImuError.cpp:650] gyr saturation
W20250111 18:59:51.011806 685523 ImuError.cpp:650] gyr saturation
W20250111 18:59:51.011811 685523 ImuError.cpp:650] gyr saturation
W20250111 18:59:51.012192 685523 Frontend.cpp:615] 3d2d tracking lost. Number of 3d2d-matches: 0
W20250111 18:59:51.012603 685523 ImuError.cpp:650] gyr saturation
W20250111 18:59:51.012622 685523 ImuError.cpp:650] gyr saturation
W20250111 18:59:51.012629 685523 ImuError.cpp:650] gyr saturation
W20250111 18:59:51.012634 685523 ImuError.cpp:650] gyr saturation
W20250111 18:59:51.012638 685523 ImuError.cpp:650] gyr saturation
W20250111 18:59:51.012645 685523 ImuError.cpp:650] gyr saturation
W20250111 18:59:51.012650 685523 ImuError.cpp:650] gyr saturation
W20250111 18:59:51.012655 685523 ImuError.cpp:650] gyr saturation
W20250111 18:59:51.012662 685523 ImuError.cpp:650] gyr saturation
W20250111 18:59:51.012670 685523 ImuError.cpp:650] gyr saturation
W20250111 18:59:51.012676 685523 ImuError.cpp:650] gyr saturation
W20250111 18:59:51.012684 685523 ImuError.cpp:650] gyr saturation
W20250111 18:59:51.012689 685523 ImuError.cpp:650] gyr saturation
W20250111 18:59:51.012696 685523 ImuError.cpp:650] gyr saturation
W20250111 18:59:51.012701 685523 ImuError.cpp:650] gyr saturation
W20250111 18:59:51.012707 685523 ImuError.cpp:650] gyr saturation
W20250111 18:59:51.012713 685523 ImuError.cpp:650] gyr saturation
W20250111 18:59:51.012720 685523 ImuError.cpp:650] gyr saturation
W20250111 18:59:51.012728 685523 ImuError.cpp:650] gyr saturation
W20250111 18:59:51.012734 685523 ImuError.cpp:650] gyr saturation
W20250111 18:59:51.012741 685523 ImuError.cpp:650] gyr saturation
W20250111 18:59:51.012746 685523 ImuError.cpp:650] gyr saturation
W20250111 18:59:51.012753 685523 ImuError.cpp:650] gyr saturation
W20250111 18:59:51.012758 685523 ImuError.cpp:650] gyr saturation
W20250111 18:59:51.012764 685523 ImuError.cpp:650] gyr saturation
W20250111 18:59:51.012770 685523 ImuError.cpp:650] gyr saturation
W20250111 18:59:51.012776 685523 ImuError.cpp:650] gyr saturation
W20250111 18:59:51.012781 685523 ImuError.cpp:650] gyr saturation
W20250111 18:59:51.012787 685523 ImuError.cpp:650] gyr saturation
W20250111 18:59:51.012792 685523 ImuError.cpp:650] gyr saturation
W20250111 18:59:51.012799 685523 ImuError.cpp:650] gyr saturation
W20250111 18:59:51.012814 685523 ImuError.cpp:650] gyr saturation
W20250111 18:59:51.012820 685523 ImuError.cpp:650] gyr saturation
W20250111 18:59:51.012835 685523 ImuError.cpp:650] gyr saturation
W20250111 18:59:51.012841 685523 ImuError.cpp:650] gyr saturation
W20250111 18:59:51.012848 685523 ImuError.cpp:650] gyr saturation
W20250111 18:59:51.012853 685523 ImuError.cpp:650] gyr saturation
W20250111 18:59:51.012861 685523 ImuError.cpp:650] gyr saturation
W20250111 18:59:51.012866 685523 ImuError.cpp:650] gyr saturation
W20250111 18:59:51.012872 685523 ImuError.cpp:650] gyr saturation
W20250111 18:59:51.012877 685523 ImuError.cpp:650] gyr saturation
W20250111 18:59:51.012883 685523 ImuError.cpp:650] gyr saturation
W20250111 18:59:51.012889 685523 ImuError.cpp:650] gyr saturation
W20250111 18:59:51.012895 685523 ImuError.cpp:650] gyr saturation
W20250111 18:59:51.012902 685523 ImuError.cpp:650] gyr saturation
W20250111 18:59:51.012907 685523 ImuError.cpp:650] gyr saturation
W20250111 18:59:51.012913 685523 ImuError.cpp:650] gyr saturation
W20250111 18:59:51.012919 685523 ImuError.cpp:650] gyr saturation
W20250111 18:59:51.012925 685523 ImuError.cpp:650] gyr saturation
W20250111 18:59:51.012930 685523 ImuError.cpp:650] gyr saturation
W20250111 18:59:51.012935 685523 ImuError.cpp:650] gyr saturation
W20250111 18:59:51.012941 685523 ImuError.cpp:650] gyr saturation
W20250111 18:59:51.012946 685523 ImuError.cpp:650] gyr saturation
W20250111 18:59:51.012952 685523 ImuError.cpp:650] gyr saturation
W20250111 18:59:51.012960 685523 ImuError.cpp:650] gyr saturation
W20250111 18:59:51.012966 685523 ImuError.cpp:650] gyr saturation
W20250111 18:59:51.012972 685523 ImuError.cpp:650] gyr saturation
W20250111 18:59:51.012979 685523 ImuError.cpp:650] gyr saturation
W20250111 18:59:51.012984 685523 ImuError.cpp:650] gyr saturation
W20250111 18:59:51.012990 685523 ImuError.cpp:650] gyr saturation
W20250111 18:59:51.012995 685523 ImuError.cpp:650] gyr saturation
W20250111 18:59:51.013001 685523 ImuError.cpp:650] gyr saturation
W20250111 18:59:51.013006 685523 ImuError.cpp:650] gyr saturation
W20250111 18:59:51.013015 685523 ImuError.cpp:650] gyr saturation
W20250111 18:59:51.013020 685523 ImuError.cpp:650] gyr saturation
W20250111 18:59:51.013027 685523 ImuError.cpp:650] gyr saturation
W20250111 18:59:51.013033 685523 ImuError.cpp:650] gyr saturation
W20250111 18:59:51.013039 685523 ImuError.cpp:650] gyr saturation
W20250111 18:59:51.013624 685536 ImuError.cpp:368] gyr saturation
W20250111 18:59:51.013659 685536 ImuError.cpp:368] gyr saturation
W20250111 18:59:51.013669 685536 ImuError.cpp:368] gyr saturation
W20250111 18:59:51.013677 685536 ImuError.cpp:368] gyr saturation
W20250111 18:59:51.013686 685536 ImuError.cpp:368] gyr saturation
W20250111 18:59:51.013695 685536 ImuError.cpp:368] gyr saturation
W20250111 18:59:51.013705 685536 ImuError.cpp:368] gyr saturation
W20250111 18:59:51.013713 685536 ImuError.cpp:368] gyr saturation
W20250111 18:59:51.013721 685536 ImuError.cpp:368] gyr saturation
W20250111 18:59:51.013731 685536 ImuError.cpp:368] gyr saturation
W20250111 18:59:51.013739 685536 ImuError.cpp:368] gyr saturation
W20250111 18:59:51.013747 685536 ImuError.cpp:368] gyr saturation
W20250111 18:59:51.013756 685536 ImuError.cpp:368] gyr saturation
W20250111 18:59:51.013764 685536 ImuError.cpp:368] gyr saturation
W20250111 18:59:51.013773 685536 ImuError.cpp:368] gyr saturation
W20250111 18:59:51.013782 685536 ImuError.cpp:368] gyr saturation
W20250111 18:59:51.013790 685536 ImuError.cpp:368] gyr saturation
W20250111 18:59:51.013798 685536 ImuError.cpp:368] gyr saturation
W20250111 18:59:51.013808 685536 ImuError.cpp:368] gyr saturation
W20250111 18:59:51.013815 685536 ImuError.cpp:368] gyr saturation
W20250111 18:59:51.013828 685536 ImuError.cpp:368] gyr saturation
W20250111 18:59:51.013836 685536 ImuError.cpp:368] gyr saturation
W20250111 18:59:51.013845 685536 ImuError.cpp:368] gyr saturation
W20250111 18:59:51.013854 685536 ImuError.cpp:368] gyr saturation
W20250111 18:59:51.013862 685536 ImuError.cpp:368] gyr saturation
W20250111 18:59:51.013880 685536 ImuError.cpp:368] gyr saturation
W20250111 18:59:51.013888 685536 ImuError.cpp:368] gyr saturation
W20250111 18:59:51.013897 685536 ImuError.cpp:368] gyr saturation
W20250111 18:59:51.013906 685536 ImuError.cpp:368] gyr saturation
W20250111 18:59:51.013914 685536 ImuError.cpp:368] gyr saturation
W20250111 18:59:51.013922 685536 ImuError.cpp:368] gyr saturation
W20250111 18:59:51.013931 685536 ImuError.cpp:368] gyr saturation
W20250111 18:59:51.013939 685536 ImuError.cpp:368] gyr saturation
W20250111 18:59:51.013948 685536 ImuError.cpp:368] gyr saturation
W20250111 18:59:51.013957 685536 ImuError.cpp:368] gyr saturation
W20250111 18:59:51.020063 897759 ViSlamBackend.cpp:466] TRACKING FAILURE: quality=0
W20250111 18:59:51.020673 685523 ImuError.cpp:650] gyr saturation
W20250111 18:59:51.020725 685523 ImuError.cpp:650] gyr saturation
W20250111 18:59:51.020731 685523 ImuError.cpp:650] gyr saturation
W20250111 18:59:51.020737 685523 ImuError.cpp:650] gyr saturation
W20250111 18:59:51.020743 685523 ImuError.cpp:650] gyr saturation
W20250111 18:59:51.020749 685523 ImuError.cpp:650] gyr saturation
W20250111 18:59:51.020756 685523 ImuError.cpp:650] gyr saturation
W20250111 18:59:51.020761 685523 ImuError.cpp:650] gyr saturation
W20250111 18:59:51.020766 685523 ImuError.cpp:650] gyr saturation
W20250111 18:59:51.020771 685523 ImuError.cpp:650] gyr saturation
W20250111 18:59:51.020776 685523 ImuError.cpp:650] gyr saturation
W20250111 18:59:51.020782 685523 ImuError.cpp:650] gyr saturation
W20250111 18:59:51.020794 685523 ImuError.cpp:650] gyr saturation
W20250111 18:59:51.020800 685523 ImuError.cpp:650] gyr saturation
W20250111 18:59:51.020807 685523 ImuError.cpp:650] gyr saturation
W20250111 18:59:51.020812 685523 ImuError.cpp:650] gyr saturation
W20250111 18:59:51.020818 685523 ImuError.cpp:650] gyr saturation
W20250111 18:59:51.020826 685523 ImuError.cpp:650] gyr saturation
W20250111 18:59:51.020833 685523 ImuError.cpp:650] gyr saturation
W20250111 18:59:51.020839 685523 ImuError.cpp:650] gyr saturation
W20250111 18:59:51.020844 685523 ImuError.cpp:650] gyr saturation
W20250111 18:59:51.020850 685523 ImuError.cpp:650] gyr saturation
W20250111 18:59:51.020856 685523 ImuError.cpp:650] gyr saturation
W20250111 18:59:51.020862 685523 ImuError.cpp:650] gyr saturation
W20250111 18:59:51.020869 685523 ImuError.cpp:650] gyr saturation
W20250111 18:59:51.020874 685523 ImuError.cpp:650] gyr saturation
W20250111 18:59:51.020879 685523 ImuError.cpp:650] gyr saturation
W20250111 18:59:51.020885 685523 ImuError.cpp:650] gyr saturation
W20250111 18:59:51.020890 685523 ImuError.cpp:650] gyr saturation
W20250111 18:59:51.020895 685523 ImuError.cpp:650] gyr saturation
W20250111 18:59:51.020901 685523 ImuError.cpp:650] gyr saturation
W20250111 18:59:51.020906 685523 ImuError.cpp:650] gyr saturation
W20250111 18:59:51.020911 685523 ImuError.cpp:650] gyr saturation
W20250111 18:59:51.020917 685523 ImuError.cpp:650] gyr saturation
W20250111 18:59:51.020988 685523 ImuError.cpp:650] gyr saturation
W20250111 18:59:51.020995 685523 ImuError.cpp:650] gyr saturation
W20250111 18:59:51.021000 685523 ImuError.cpp:650] gyr saturation
W20250111 18:59:51.021006 685523 ImuError.cpp:650] gyr saturation
W20250111 18:59:51.021011 685523 ImuError.cpp:650] gyr saturation
W20250111 18:59:51.021016 685523 ImuError.cpp:650] gyr saturation
W20250111 18:59:51.021023 685523 ImuError.cpp:650] gyr saturation
W20250111 18:59:51.021028 685523 ImuError.cpp:650] gyr saturation
W20250111 18:59:51.021034 685523 ImuError.cpp:650] gyr saturation
W20250111 18:59:51.021039 685523 ImuError.cpp:650] gyr saturation
W20250111 18:59:51.021044 685523 ImuError.cpp:650] gyr saturation
W20250111 18:59:51.021049 685523 ImuError.cpp:650] gyr saturation
W20250111 18:59:51.021055 685523 ImuError.cpp:650] gyr saturation
W20250111 18:59:51.021060 685523 ImuError.cpp:650] gyr saturation
W20250111 18:59:51.021065 685523 ImuError.cpp:650] gyr saturation
W20250111 18:59:51.021070 685523 ImuError.cpp:650] gyr saturation
W20250111 18:59:51.021076 685523 ImuError.cpp:650] gyr saturation
W20250111 18:59:51.021088 685523 ImuError.cpp:650] gyr saturation
W20250111 18:59:51.021095 685523 ImuError.cpp:650] gyr saturation
W20250111 18:59:51.021101 685523 ImuError.cpp:650] gyr saturation
W20250111 18:59:51.021107 685523 ImuError.cpp:650] gyr saturation
W20250111 18:59:51.021113 685523 ImuError.cpp:650] gyr saturation
W20250111 18:59:51.021119 685523 ImuError.cpp:650] gyr saturation
W20250111 18:59:51.021124 685523 ImuError.cpp:650] gyr saturation
W20250111 18:59:51.021131 685523 ImuError.cpp:650] gyr saturation
W20250111 18:59:51.021136 685523 ImuError.cpp:650] gyr saturation
W20250111 18:59:51.021142 685523 ImuError.cpp:650] gyr saturation
W20250111 18:59:51.021147 685523 ImuError.cpp:650] gyr saturation
W20250111 18:59:51.021152 685523 ImuError.cpp:650] gyr saturation
W20250111 18:59:51.021158 685523 ImuError.cpp:650] gyr saturation
W20250111 18:59:51.021163 685523 ImuError.cpp:650] gyr saturation
W20250111 18:59:51.021168 685523 ImuError.cpp:650] gyr saturation
W20250111 18:59:51.021174 685523 ImuError.cpp:650] gyr saturation
W20250111 18:59:51.021179 685523 ImuError.cpp:650] gyr saturation
W20250111 18:59:51.021742 685523 Frontend.cpp:615] 3d2d tracking lost. Number of 3d2d-matches: 0
W20250111 18:59:51.022154 685523 ImuError.cpp:650] gyr saturation
W20250111 18:59:51.022174 685523 ImuError.cpp:650] gyr saturation
W20250111 18:59:51.022182 685523 ImuError.cpp:650] gyr saturation
W20250111 18:59:51.022187 685523 ImuError.cpp:650] gyr saturation
W20250111 18:59:51.022197 685523 ImuError.cpp:650] gyr saturation
W20250111 18:59:51.022202 685523 ImuError.cpp:650] gyr saturation
W20250111 18:59:51.022208 685523 ImuError.cpp:650] gyr saturation
W20250111 18:59:51.022213 685523 ImuError.cpp:650] gyr saturation
W20250111 18:59:51.022219 685523 ImuError.cpp:650] gyr saturation
W20250111 18:59:51.022224 685523 ImuError.cpp:650] gyr saturation
W20250111 18:59:51.022230 685523 ImuError.cpp:650] gyr saturation
W20250111 18:59:51.022236 685523 ImuError.cpp:650] gyr saturation
W20250111 18:59:51.022243 685523 ImuError.cpp:650] gyr saturation
W20250111 18:59:51.022249 685523 ImuError.cpp:650] gyr saturation
W20250111 18:59:51.022254 685523 ImuError.cpp:650] gyr saturation
W20250111 18:59:51.022259 685523 ImuError.cpp:650] gyr saturation
W20250111 18:59:51.022264 685523 ImuError.cpp:650] gyr saturation
W20250111 18:59:51.022270 685523 ImuError.cpp:650] gyr saturation
W20250111 18:59:51.022275 685523 ImuError.cpp:650] gyr saturation
W20250111 18:59:51.022281 685523 ImuError.cpp:650] gyr saturation
W20250111 18:59:51.022286 685523 ImuError.cpp:650] gyr saturation
W20250111 18:59:51.022292 685523 ImuError.cpp:650] gyr saturation
W20250111 18:59:51.022297 685523 ImuError.cpp:650] gyr saturation
W20250111 18:59:51.022303 685523 ImuError.cpp:650] gyr saturation
W20250111 18:59:51.022308 685523 ImuError.cpp:650] gyr saturation
W20250111 18:59:51.022313 685523 ImuError.cpp:650] gyr saturation
W20250111 18:59:51.022320 685523 ImuError.cpp:650] gyr saturation
W20250111 18:59:51.022325 685523 ImuError.cpp:650] gyr saturation
W20250111 18:59:51.022330 685523 ImuError.cpp:650] gyr saturation
W20250111 18:59:51.022336 685523 ImuError.cpp:650] gyr saturation
W20250111 18:59:51.022342 685523 ImuError.cpp:650] gyr saturation
W20250111 18:59:51.022348 685523 ImuError.cpp:650] gyr saturation
W20250111 18:59:51.022354 685523 ImuError.cpp:650] gyr saturation
W20250111 18:59:51.022361 685523 ImuError.cpp:650] gyr saturation
W20250111 18:59:51.022367 685523 ImuError.cpp:650] gyr saturation
W20250111 18:59:51.022373 685523 ImuError.cpp:650] gyr saturation
W20250111 18:59:51.022378 685523 ImuError.cpp:650] gyr saturation
W20250111 18:59:51.022384 685523 ImuError.cpp:650] gyr saturation
W20250111 18:59:51.022390 685523 ImuError.cpp:650] gyr saturation
W20250111 18:59:51.022396 685523 ImuError.cpp:650] gyr saturation
W20250111 18:59:51.022403 685523 ImuError.cpp:650] gyr saturation
W20250111 18:59:51.022408 685523 ImuError.cpp:650] gyr saturation
W20250111 18:59:51.022414 685523 ImuError.cpp:650] gyr saturation
W20250111 18:59:51.022425 685523 ImuError.cpp:650] gyr saturation
W20250111 18:59:51.022431 685523 ImuError.cpp:650] gyr saturation
W20250111 18:59:51.022439 685523 ImuError.cpp:650] gyr saturation
W20250111 18:59:51.022444 685523 ImuError.cpp:650] gyr saturation
W20250111 18:59:51.022450 685523 ImuError.cpp:650] gyr saturation
W20250111 18:59:51.022456 685523 ImuError.cpp:650] gyr saturation
W20250111 18:59:51.022464 685523 ImuError.cpp:650] gyr saturation
W20250111 18:59:51.022468 685523 ImuError.cpp:650] gyr saturation
W20250111 18:59:51.023218 897777 ImuError.cpp:368] gyr saturation
W20250111 18:59:51.023254 897777 ImuError.cpp:368] gyr saturation
W20250111 18:59:51.023264 897777 ImuError.cpp:368] gyr saturation
W20250111 18:59:51.023273 897777 ImuError.cpp:368] gyr saturation
W20250111 18:59:51.023283 897777 ImuError.cpp:368] gyr saturation
W20250111 18:59:51.023291 897777 ImuError.cpp:368] gyr saturation
W20250111 18:59:51.023299 897777 ImuError.cpp:368] gyr saturation
W20250111 18:59:51.023308 897777 ImuError.cpp:368] gyr saturation
W20250111 18:59:51.023315 897777 ImuError.cpp:368] gyr saturation
W20250111 18:59:51.023324 897777 ImuError.cpp:368] gyr saturation
W20250111 18:59:51.023334 897777 ImuError.cpp:368] gyr saturation
W20250111 18:59:51.023340 897777 ImuError.cpp:368] gyr saturation
W20250111 18:59:51.023348 897777 ImuError.cpp:368] gyr saturation
W20250111 18:59:51.023356 897777 ImuError.cpp:368] gyr saturation
W20250111 18:59:51.023365 897777 ImuError.cpp:368] gyr saturation
W20250111 18:59:51.023375 897777 ImuError.cpp:368] gyr saturation
W20250111 18:59:51.023382 897777 ImuError.cpp:368] gyr saturation
W20250111 18:59:51.023391 897777 ImuError.cpp:368] gyr saturation
W20250111 18:59:51.023397 897777 ImuError.cpp:368] gyr saturation
W20250111 18:59:51.023406 897777 ImuError.cpp:368] gyr saturation
W20250111 18:59:51.023413 897777 ImuError.cpp:368] gyr saturation
W20250111 18:59:51.023420 897777 ImuError.cpp:368] gyr saturation
W20250111 18:59:51.023428 897777 ImuError.cpp:368] gyr saturation
W20250111 18:59:51.023437 897777 ImuError.cpp:368] gyr saturation
W20250111 18:59:51.023443 897777 ImuError.cpp:368] gyr saturation
W20250111 18:59:51.023451 897777 ImuError.cpp:368] gyr saturation
W20250111 18:59:51.023459 897777 ImuError.cpp:368] gyr saturation
W20250111 18:59:51.023466 897777 ImuError.cpp:368] gyr saturation
W20250111 18:59:51.023474 897777 ImuError.cpp:368] gyr saturation
W20250111 18:59:51.023483 897777 ImuError.cpp:368] gyr saturation
W20250111 18:59:51.023489 897777 ImuError.cpp:368] gyr saturation
W20250111 18:59:51.023497 897777 ImuError.cpp:368] gyr saturation
W20250111 18:59:51.023505 897777 ImuError.cpp:368] gyr saturation
W20250111 18:59:51.023512 897777 ImuError.cpp:368] gyr saturation
W20250111 18:59:51.029507 897777 ViSlamBackend.cpp:466] TRACKING FAILURE: quality=0
W20250111 18:59:51.029673 897777 ImuError.cpp:165] gyr saturation
W20250111 18:59:51.029685 897777 ImuError.cpp:165] gyr saturation
W20250111 18:59:51.029695 897777 ImuError.cpp:165] gyr saturation
W20250111 18:59:51.029702 897777 ImuError.cpp:165] gyr saturation
W20250111 18:59:51.029711 897777 ImuError.cpp:165] gyr saturation
W20250111 18:59:51.029718 897777 ImuError.cpp:165] gyr saturation
W20250111 18:59:51.029726 897777 ImuError.cpp:165] gyr saturation
W20250111 18:59:51.029733 897777 ImuError.cpp:165] gyr saturation
W20250111 18:59:51.029742 897777 ImuError.cpp:165] gyr saturation
W20250111 18:59:51.029749 897777 ImuError.cpp:165] gyr saturation
W20250111 18:59:51.029757 897777 ImuError.cpp:165] gyr saturation
W20250111 18:59:51.029764 897777 ImuError.cpp:165] gyr saturation
W20250111 18:59:51.029772 897777 ImuError.cpp:165] gyr saturation
W20250111 18:59:51.029780 897777 ImuError.cpp:165] gyr saturation
W20250111 18:59:51.029788 897777 ImuError.cpp:165] gyr saturation
W20250111 18:59:51.029914 897777 ImuError.cpp:165] gyr saturation
W20250111 18:59:51.029923 897777 ImuError.cpp:165] gyr saturation
W20250111 18:59:51.029932 897777 ImuError.cpp:165] gyr saturation
W20250111 18:59:51.029939 897777 ImuError.cpp:165] gyr saturation
W20250111 18:59:51.029955 897777 ImuError.cpp:165] gyr saturation
W20250111 18:59:51.029963 897777 ImuError.cpp:165] gyr saturation
W20250111 18:59:51.029971 897777 ImuError.cpp:165] gyr saturation
W20250111 18:59:51.029978 897777 ImuError.cpp:165] gyr saturation
W20250111 18:59:51.029986 897777 ImuError.cpp:165] gyr saturation
W20250111 18:59:51.029994 897777 ImuError.cpp:165] gyr saturation
W20250111 18:59:51.030004 897777 ImuError.cpp:165] gyr saturation
W20250111 18:59:51.030010 897777 ImuError.cpp:165] gyr saturation
W20250111 18:59:51.030018 897777 ImuError.cpp:165] gyr saturation
W20250111 18:59:51.030025 897777 ImuError.cpp:165] gyr saturation
W20250111 18:59:51.030033 897777 ImuError.cpp:165] gyr saturation
W20250111 18:59:51.030272 685523 ImuError.cpp:650] gyr saturation
W20250111 18:59:51.030350 685523 ImuError.cpp:650] gyr saturation
W20250111 18:59:51.030357 685523 ImuError.cpp:650] gyr saturation
W20250111 18:59:51.030368 685523 ImuError.cpp:650] gyr saturation
W20250111 18:59:51.030375 685523 ImuError.cpp:650] gyr saturation
W20250111 18:59:51.030380 685523 ImuError.cpp:650] gyr saturation
W20250111 18:59:51.030386 685523 ImuError.cpp:650] gyr saturation
W20250111 18:59:51.030393 685523 ImuError.cpp:650] gyr saturation
W20250111 18:59:51.030400 685523 ImuError.cpp:650] gyr saturation
W20250111 18:59:51.030406 685523 ImuError.cpp:650] gyr saturation
W20250111 18:59:51.030411 685523 ImuError.cpp:650] gyr saturation
W20250111 18:59:51.030418 685523 ImuError.cpp:650] gyr saturation
W20250111 18:59:51.030436 685523 ImuError.cpp:650] gyr saturation
W20250111 18:59:51.030441 685523 ImuError.cpp:650] gyr saturation
W20250111 18:59:51.030447 685523 ImuError.cpp:650] gyr saturation
W20250111 18:59:51.030454 685523 ImuError.cpp:650] gyr saturation
W20250111 18:59:51.030460 685523 ImuError.cpp:650] gyr saturation
W20250111 18:59:51.030467 685523 ImuError.cpp:650] gyr saturation
W20250111 18:59:51.030548 685523 ImuError.cpp:650] gyr saturation
W20250111 18:59:51.030555 685523 ImuError.cpp:650] gyr saturation
W20250111 18:59:51.030561 685523 ImuError.cpp:650] gyr saturation
W20250111 18:59:51.030568 685523 ImuError.cpp:650] gyr saturation
W20250111 18:59:51.030575 685523 ImuError.cpp:650] gyr saturation
W20250111 18:59:51.030579 685523 ImuError.cpp:650] gyr saturation
W20250111 18:59:51.030586 685523 ImuError.cpp:650] gyr saturation
W20250111 18:59:51.030592 685523 ImuError.cpp:650] gyr saturation
W20250111 18:59:51.030599 685523 ImuError.cpp:650] gyr saturation
W20250111 18:59:51.030604 685523 ImuError.cpp:650] gyr saturation
W20250111 18:59:51.030611 685523 ImuError.cpp:650] gyr saturation
W20250111 18:59:51.030617 685523 ImuError.cpp:650] gyr saturation
W20250111 18:59:51.030624 685523 ImuError.cpp:650] gyr saturation
W20250111 18:59:51.030629 685523 ImuError.cpp:650] gyr saturation
W20250111 18:59:51.030637 685523 ImuError.cpp:650] gyr saturation
W20250111 18:59:51.030643 685523 ImuError.cpp:650] gyr saturation
W20250111 18:59:51.030648 685523 ImuError.cpp:650] gyr saturation
W20250111 18:59:51.030654 685523 ImuError.cpp:650] gyr saturation
W20250111 18:59:51.031208 685523 Frontend.cpp:615] 3d2d tracking lost. Number of 3d2d-matches: 0
W20250111 18:59:51.031666 685523 ImuError.cpp:650] gyr saturation
W20250111 18:59:51.031695 685523 ImuError.cpp:650] gyr saturation
W20250111 18:59:51.031702 685523 ImuError.cpp:650] gyr saturation
W20250111 18:59:51.031708 685523 ImuError.cpp:650] gyr saturation
W20250111 18:59:51.031716 685523 ImuError.cpp:650] gyr saturation
W20250111 18:59:51.031724 685523 ImuError.cpp:650] gyr saturation
W20250111 18:59:51.031733 685523 ImuError.cpp:650] gyr saturation
W20250111 18:59:51.031739 685523 ImuError.cpp:650] gyr saturation
W20250111 18:59:51.031744 685523 ImuError.cpp:650] gyr saturation
W20250111 18:59:51.031749 685523 ImuError.cpp:650] gyr saturation
W20250111 18:59:51.031754 685523 ImuError.cpp:650] gyr saturation
W20250111 18:59:51.031759 685523 ImuError.cpp:650] gyr saturation
W20250111 18:59:51.031764 685523 ImuError.cpp:650] gyr saturation
W20250111 18:59:51.031769 685523 ImuError.cpp:650] gyr saturation
W20250111 18:59:51.031790 685523 ImuError.cpp:650] gyr saturation
W20250111 18:59:51.031796 685523 ImuError.cpp:650] gyr saturation
W20250111 18:59:51.031801 685523 ImuError.cpp:650] gyr saturation
W20250111 18:59:51.031806 685523 ImuError.cpp:650] gyr saturation
W20250111 18:59:51.032738 897787 ImuError.cpp:368] gyr saturation
W20250111 18:59:51.032773 897787 ImuError.cpp:368] gyr saturation
W20250111 18:59:51.032783 897787 ImuError.cpp:368] gyr saturation
W20250111 18:59:51.032790 897787 ImuError.cpp:368] gyr saturation
W20250111 18:59:51.032801 897787 ImuError.cpp:368] gyr saturation
W20250111 18:59:51.032809 897787 ImuError.cpp:368] gyr saturation
W20250111 18:59:51.032817 897787 ImuError.cpp:368] gyr saturation
W20250111 18:59:51.032830 897787 ImuError.cpp:368] gyr saturation
W20250111 18:59:51.032838 897787 ImuError.cpp:368] gyr saturation
W20250111 18:59:51.032846 897787 ImuError.cpp:368] gyr saturation
W20250111 18:59:51.032855 897787 ImuError.cpp:368] gyr saturation
W20250111 18:59:51.032862 897787 ImuError.cpp:368] gyr saturation
W20250111 18:59:51.032871 897787 ImuError.cpp:368] gyr saturation
W20250111 18:59:51.032878 897787 ImuError.cpp:368] gyr saturation
W20250111 18:59:51.032886 897787 ImuError.cpp:368] gyr saturation
W20250111 18:59:51.032894 897787 ImuError.cpp:368] gyr saturation
W20250111 18:59:51.032902 897787 ImuError.cpp:368] gyr saturation
W20250111 18:59:51.032910 897787 ImuError.cpp:368] gyr saturation
W20250111 18:59:51.039188 897787 ViSlamBackend.cpp:466] TRACKING FAILURE: quality=0
W20250111 18:59:51.039258 897787 ImuError.cpp:165] gyr saturation
W20250111 18:59:51.039273 897787 ImuError.cpp:165] gyr saturation
W20250111 18:59:51.039281 897787 ImuError.cpp:165] gyr saturation
W20250111 18:59:51.039289 897787 ImuError.cpp:165] gyr saturation
W20250111 18:59:51.039297 897787 ImuError.cpp:165] gyr saturation
W20250111 18:59:51.039305 897787 ImuError.cpp:165] gyr saturation
W20250111 18:59:51.039314 897787 ImuError.cpp:165] gyr saturation
W20250111 18:59:51.039321 897787 ImuError.cpp:165] gyr saturation
W20250111 18:59:51.039330 897787 ImuError.cpp:165] gyr saturation
W20250111 18:59:51.039337 897787 ImuError.cpp:165] gyr saturation
W20250111 18:59:51.039345 897787 ImuError.cpp:165] gyr saturation
W20250111 18:59:51.039353 897787 ImuError.cpp:165] gyr saturation
W20250111 18:59:51.039361 897787 ImuError.cpp:165] gyr saturation
W20250111 18:59:51.039368 897787 ImuError.cpp:165] gyr saturation
W20250111 18:59:51.039376 897787 ImuError.cpp:165] gyr saturation
W20250111 18:59:51.039384 897787 ImuError.cpp:165] gyr saturation
W20250111 18:59:51.039392 897787 ImuError.cpp:165] gyr saturation
W20250111 18:59:51.039400 897787 ImuError.cpp:165] gyr saturation
W20250111 18:59:51.039408 897787 ImuError.cpp:165] gyr saturation
W20250111 18:59:51.039417 897787 ImuError.cpp:165] gyr saturation
W20250111 18:59:51.039424 897787 ImuError.cpp:165] gyr saturation
W20250111 18:59:51.039433 897787 ImuError.cpp:165] gyr saturation
W20250111 18:59:51.039439 897787 ImuError.cpp:165] gyr saturation
W20250111 18:59:51.039448 897787 ImuError.cpp:165] gyr saturation
W20250111 18:59:51.039455 897787 ImuError.cpp:165] gyr saturation
W20250111 18:59:51.039463 897787 ImuError.cpp:165] gyr saturation
W20250111 18:59:51.039471 897787 ImuError.cpp:165] gyr saturation
W20250111 18:59:51.039479 897787 ImuError.cpp:165] gyr saturation
W20250111 18:59:51.039487 897787 ImuError.cpp:165] gyr saturation
W20250111 18:59:51.039494 897787 ImuError.cpp:165] gyr saturation
W20250111 18:59:51.039502 897787 ImuError.cpp:165] gyr saturation
W20250111 18:59:51.039510 897787 ImuError.cpp:165] gyr saturation
W20250111 18:59:51.039516 897787 ImuError.cpp:165] gyr saturation
W20250111 18:59:51.039525 897787 ImuError.cpp:165] gyr saturation
W20250111 18:59:51.039531 897787 ImuError.cpp:165] gyr saturation
W20250111 18:59:51.039579 897787 ImuError.cpp:165] gyr saturation
W20250111 18:59:51.039587 897787 ImuError.cpp:165] gyr saturation
W20250111 18:59:51.039594 897787 ImuError.cpp:165] gyr saturation
W20250111 18:59:51.039609 897787 ImuError.cpp:165] gyr saturation
W20250111 18:59:51.039616 897787 ImuError.cpp:165] gyr saturation
W20250111 18:59:51.039624 897787 ImuError.cpp:165] gyr saturation
W20250111 18:59:51.039631 897787 ImuError.cpp:165] gyr saturation
W20250111 18:59:51.039639 897787 ImuError.cpp:165] gyr saturation
W20250111 18:59:51.039646 897787 ImuError.cpp:165] gyr saturation
W20250111 18:59:51.039655 897787 ImuError.cpp:165] gyr saturation
W20250111 18:59:51.039662 897787 ImuError.cpp:165] gyr saturation
W20250111 18:59:51.039670 897787 ImuError.cpp:165] gyr saturation
W20250111 18:59:51.039678 897787 ImuError.cpp:165] gyr saturation
W20250111 18:59:51.039686 897787 ImuError.cpp:165] gyr saturation
W20250111 18:59:51.039695 897787 ImuError.cpp:165] gyr saturation
W20250111 18:59:51.039702 897787 ImuError.cpp:165] gyr saturation
W20250111 18:59:51.039710 897787 ImuError.cpp:165] gyr saturation
W20250111 18:59:51.039718 897787 ImuError.cpp:165] gyr saturation
W20250111 18:59:51.039726 897787 ImuError.cpp:165] gyr saturation
W20250111 18:59:51.039733 897787 ImuError.cpp:165] gyr saturation
W20250111 18:59:51.039741 897787 ImuError.cpp:165] gyr saturation
W20250111 18:59:51.039749 897787 ImuError.cpp:165] gyr saturation
W20250111 18:59:51.039757 897787 ImuError.cpp:165] gyr saturation
W20250111 18:59:51.039764 897787 ImuError.cpp:165] gyr saturation
W20250111 18:59:51.039772 897787 ImuError.cpp:165] gyr saturation
W20250111 18:59:51.039780 897787 ImuError.cpp:165] gyr saturation
W20250111 18:59:51.039788 897787 ImuError.cpp:165] gyr saturation
W20250111 18:59:51.039796 897787 ImuError.cpp:165] gyr saturation
W20250111 18:59:51.039804 897787 ImuError.cpp:165] gyr saturation
W20250111 18:59:51.039811 897787 ImuError.cpp:165] gyr saturation
W20250111 18:59:51.039819 897787 ImuError.cpp:165] gyr saturation
W20250111 18:59:51.039832 897787 ImuError.cpp:165] gyr saturation
W20250111 18:59:51.039840 897787 ImuError.cpp:165] gyr saturation
W20250111 18:59:51.039847 897787 ImuError.cpp:165] gyr saturation
W20250111 18:59:51.039855 897787 ImuError.cpp:165] gyr saturation
W20250111 18:59:51.041179 685523 Frontend.cpp:615] 3d2d tracking lost. Number of 3d2d-matches: 0
W20250111 18:59:51.049330 897805 ViSlamBackend.cpp:466] TRACKING FAILURE: quality=0
W20250111 18:59:51.049410 897805 ImuError.cpp:165] gyr saturation
W20250111 18:59:51.049423 897805 ImuError.cpp:165] gyr saturation
W20250111 18:59:51.049434 897805 ImuError.cpp:165] gyr saturation
W20250111 18:59:51.049443 897805 ImuError.cpp:165] gyr saturation
W20250111 18:59:51.049453 897805 ImuError.cpp:165] gyr saturation
W20250111 18:59:51.049460 897805 ImuError.cpp:165] gyr saturation
W20250111 18:59:51.049470 897805 ImuError.cpp:165] gyr saturation
W20250111 18:59:51.049479 897805 ImuError.cpp:165] gyr saturation
W20250111 18:59:51.049486 897805 ImuError.cpp:165] gyr saturation
W20250111 18:59:51.049496 897805 ImuError.cpp:165] gyr saturation
W20250111 18:59:51.049504 897805 ImuError.cpp:165] gyr saturation
W20250111 18:59:51.049512 897805 ImuError.cpp:165] gyr saturation
W20250111 18:59:51.049520 897805 ImuError.cpp:165] gyr saturation
W20250111 18:59:51.049528 897805 ImuError.cpp:165] gyr saturation
W20250111 18:59:51.049536 897805 ImuError.cpp:165] gyr saturation
W20250111 18:59:51.049544 897805 ImuError.cpp:165] gyr saturation
W20250111 18:59:51.049553 897805 ImuError.cpp:165] gyr saturation
W20250111 18:59:51.049561 897805 ImuError.cpp:165] gyr saturation
W20250111 18:59:51.049571 897805 ImuError.cpp:165] gyr saturation
W20250111 18:59:51.049578 897805 ImuError.cpp:165] gyr saturation
W20250111 18:59:51.049587 897805 ImuError.cpp:165] gyr saturation
W20250111 18:59:51.049595 897805 ImuError.cpp:165] gyr saturation
W20250111 18:59:51.049603 897805 ImuError.cpp:165] gyr saturation
W20250111 18:59:51.049611 897805 ImuError.cpp:165] gyr saturation
W20250111 18:59:51.049621 897805 ImuError.cpp:165] gyr saturation
W20250111 18:59:51.049629 897805 ImuError.cpp:165] gyr saturation
W20250111 18:59:51.049638 897805 ImuError.cpp:165] gyr saturation
W20250111 18:59:51.049646 897805 ImuError.cpp:165] gyr saturation
W20250111 18:59:51.049660 897805 ImuError.cpp:165] gyr saturation
W20250111 18:59:51.049669 897805 ImuError.cpp:165] gyr saturation
W20250111 18:59:51.049677 897805 ImuError.cpp:165] gyr saturation
W20250111 18:59:51.049685 897805 ImuError.cpp:165] gyr saturation
W20250111 18:59:51.049692 897805 ImuError.cpp:165] gyr saturation
W20250111 18:59:51.049700 897805 ImuError.cpp:165] gyr saturation
W20250111 18:59:51.049734 897805 ImuError.cpp:165] gyr saturation
W20250111 18:59:51.049742 897805 ImuError.cpp:165] gyr saturation
W20250111 18:59:51.049750 897805 ImuError.cpp:165] gyr saturation
W20250111 18:59:51.049758 897805 ImuError.cpp:165] gyr saturation
W20250111 18:59:51.049765 897805 ImuError.cpp:165] gyr saturation
W20250111 18:59:51.049773 897805 ImuError.cpp:165] gyr saturation
W20250111 18:59:51.049782 897805 ImuError.cpp:165] gyr saturation
W20250111 18:59:51.049789 897805 ImuError.cpp:165] gyr saturation
W20250111 18:59:51.049796 897805 ImuError.cpp:165] gyr saturation
W20250111 18:59:51.049804 897805 ImuError.cpp:165] gyr saturation
W20250111 18:59:51.049813 897805 ImuError.cpp:165] gyr saturation
W20250111 18:59:51.049821 897805 ImuError.cpp:165] gyr saturation
W20250111 18:59:51.049858 897805 ImuError.cpp:165] gyr saturation
W20250111 18:59:51.049867 897805 ImuError.cpp:165] gyr saturation
W20250111 18:59:51.049875 897805 ImuError.cpp:165] gyr saturation
W20250111 18:59:51.049885 897805 ImuError.cpp:165] gyr saturation
W20250111 18:59:51.049892 897805 ImuError.cpp:165] gyr saturation
W20250111 18:59:51.049902 897805 ImuError.cpp:165] gyr saturation
W20250111 18:59:51.049911 897805 ImuError.cpp:165] gyr saturation
W20250111 18:59:51.049918 897805 ImuError.cpp:165] gyr saturation
W20250111 18:59:51.049926 897805 ImuError.cpp:165] gyr saturation
W20250111 18:59:51.049935 897805 ImuError.cpp:165] gyr saturation
W20250111 18:59:51.049943 897805 ImuError.cpp:165] gyr saturation
W20250111 18:59:51.049952 897805 ImuError.cpp:165] gyr saturation
W20250111 18:59:51.049960 897805 ImuError.cpp:165] gyr saturation
W20250111 18:59:51.049968 897805 ImuError.cpp:165] gyr saturation
W20250111 18:59:51.049976 897805 ImuError.cpp:165] gyr saturation
W20250111 18:59:51.049984 897805 ImuError.cpp:165] gyr saturation
W20250111 18:59:51.049993 897805 ImuError.cpp:165] gyr saturation
W20250111 18:59:51.050001 897805 ImuError.cpp:165] gyr saturation
W20250111 18:59:51.050009 897805 ImuError.cpp:165] gyr saturation
W20250111 18:59:51.050019 897805 ImuError.cpp:165] gyr saturation
W20250111 18:59:51.050025 897805 ImuError.cpp:165] gyr saturation
W20250111 18:59:51.050033 897805 ImuError.cpp:165] gyr saturation
W20250111 18:59:51.050845 685523 Frontend.cpp:615] 3d2d tracking lost. Number of 3d2d-matches: 1
W20250111 18:59:51.060065 897831 ImuError.cpp:165] gyr saturation
W20250111 18:59:51.060110 897831 ImuError.cpp:165] gyr saturation
W20250111 18:59:51.060122 897831 ImuError.cpp:165] gyr saturation
W20250111 18:59:51.060130 897831 ImuError.cpp:165] gyr saturation
W20250111 18:59:51.060138 897831 ImuError.cpp:165] gyr saturation
W20250111 18:59:51.060146 897831 ImuError.cpp:165] gyr saturation
W20250111 18:59:51.060156 897831 ImuError.cpp:165] gyr saturation
W20250111 18:59:51.060168 897831 ImuError.cpp:165] gyr saturation
W20250111 18:59:51.060176 897831 ImuError.cpp:165] gyr saturation
W20250111 18:59:51.060185 897831 ImuError.cpp:165] gyr saturation
W20250111 18:59:51.060196 897831 ImuError.cpp:165] gyr saturation
W20250111 18:59:51.060204 897831 ImuError.cpp:165] gyr saturation
W20250111 18:59:51.060213 897831 ImuError.cpp:165] gyr saturation
W20250111 18:59:51.060221 897831 ImuError.cpp:165] gyr saturation
W20250111 18:59:51.060230 897831 ImuError.cpp:165] gyr saturation
W20250111 18:59:51.060238 897831 ImuError.cpp:165] gyr saturation
W20250111 18:59:51.060246 897831 ImuError.cpp:165] gyr saturation
W20250111 18:59:51.060254 897831 ImuError.cpp:165] gyr saturation
W20250111 18:59:51.060359 897831 ImuError.cpp:165] gyr saturation
W20250111 18:59:51.060366 897831 ImuError.cpp:165] gyr saturation
W20250111 18:59:51.060384 897831 ImuError.cpp:165] gyr saturation
W20250111 18:59:51.060391 897831 ImuError.cpp:165] gyr saturation
W20250111 18:59:51.060400 897831 ImuError.cpp:165] gyr saturation
W20250111 18:59:51.060408 897831 ImuError.cpp:165] gyr saturation
W20250111 18:59:51.060415 897831 ImuError.cpp:165] gyr saturation
W20250111 18:59:51.060423 897831 ImuError.cpp:165] gyr saturation
W20250111 18:59:51.060431 897831 ImuError.cpp:165] gyr saturation
W20250111 18:59:51.060439 897831 ImuError.cpp:165] gyr saturation
W20250111 18:59:51.060447 897831 ImuError.cpp:165] gyr saturation
W20250111 18:59:51.060454 897831 ImuError.cpp:165] gyr saturation
W20250111 18:59:51.060462 897831 ImuError.cpp:165] gyr saturation
W20250111 18:59:51.060470 897831 ImuError.cpp:165] gyr saturation
W20250111 18:59:51.060479 897831 ImuError.cpp:165] gyr saturation
W20250111 18:59:51.060487 897831 ImuError.cpp:165] gyr saturation
W20250111 18:59:51.060495 897831 ImuError.cpp:165] gyr saturation
W20250111 18:59:51.060503 897831 ImuError.cpp:165] gyr saturation
I20250111 18:59:51.063174 685523 Frontend.cpp:2274] RANSAC FAIL: 13 inliers, ratio = 0.565217
I20250111 18:59:51.140527 685523 Frontend.cpp:2274] RANSAC FAIL: 31 inliers, ratio = 0.688889
I20250111 18:59:51.161424 685523 Frontend.cpp:2274] RANSAC FAIL: 42 inliers, ratio = 0.677419
I20250111 18:59:51.863509 685523 okvis_app_synchronous.cpp:210] OKVIS Timing
-----------
1 DetectAndDescribe                	   3511	00:00:06.849161	(00:00:00.001951 +- 00:00:00.000379)	[00:00:00.000974,00:00:00.003649]
2 Match                            	   3511	00:00:22.373409	(00:00:00.006372 +- 00:00:00.002397)	[00:00:00.000223,00:00:00.013898]
2.01 match to map                  	   3510	00:00:16.059443	(00:00:00.004575 +- 00:00:00.002010)	[00:00:00.000058,00:00:00.011248]
2.02 match motion stereo           	   3510	00:00:04.435366	(00:00:00.001264 +- 00:00:00.000418)	[00:00:00.000049,00:00:00.003645]
2.02.1 match motion stereo: prepare	   3510	00:00:01.008847	(00:00:00.000287 +- 00:00:00.000111)	[00:00:00.000001,00:00:00.000781]
2.10 match stereo                  	    936	00:00:00.034772	(00:00:00.000037 +- 00:00:00.000045)	[00:00:00.000001,00:00:00.000382]
3 Optimise                         	   3510	00:00:56.782153	(00:00:00.016177 +- 00:00:00.009463)	[00:00:00.000864,00:00:00.077830]
4 Prepare publishing               	   3510	00:00:02.850962	(00:00:00.000812 +- 00:00:00.000313)	[00:00:00.000032,00:00:00.002194]
6 Visualising                      	   3510	00:00:00.000809	(00:00:00.000000 +- 00:00:00.000000)	[00:00:00.000000,00:00:00.000006]
7 Marginalise                      	   3510	00:00:06.050459	(00:00:00.001724 +- 00:00:00.000707)	[00:00:00.000004,00:00:00.005953]
7.1 check/handle lost              	   3510	00:00:00.104378	(00:00:00.000030 +- 00:00:00.000020)	[00:00:00.000000,00:00:00.000312]
7.2 eliminate IMU frames           	   3510	00:00:02.707769	(00:00:00.000771 +- 00:00:00.000546)	[00:00:00.000000,00:00:00.003837]
7.3 convert to posegraph           	   1087	00:00:00.860945	(00:00:00.000792 +- 00:00:00.000436)	[00:00:00.000098,00:00:00.003896]
7.4 freezing                       	   3509	00:00:00.003773	(00:00:00.000001 +- 00:00:00.000002)	[00:00:00.000000,00:00:00.000024]
7.6 expand                         	   3481	00:00:00.761383	(00:00:00.000219 +- 00:00:00.000122)	[00:00:00.000021,00:00:00.002125]
7.7 prune place recognition frames 	   3509	00:00:00.774727	(00:00:00.000221 +- 00:00:00.000113)	[00:00:00.000002,00:00:00.000705]
I20250111 18:59:51.863628 685523 okvis_app_synchronous.cpp:219] Progress: 65% (1 [1%/s], ETA: 35s)
W20250111 18:59:52.033095 685523 ImuError.cpp:650] gyr saturation
W20250111 18:59:52.050213 685523 ImuError.cpp:650] gyr saturation
W20250111 18:59:52.050479 685523 ImuError.cpp:650] gyr saturation
W20250111 18:59:52.054418 685523 ImuError.cpp:368] gyr saturation
W20250111 18:59:52.060075 685523 ImuError.cpp:650] gyr saturation
W20250111 18:59:52.060130 685523 ImuError.cpp:650] gyr saturation
W20250111 18:59:52.060137 685523 ImuError.cpp:650] gyr saturation
W20250111 18:59:52.060159 685523 ImuError.cpp:650] gyr saturation
W20250111 18:59:52.060166 685523 ImuError.cpp:650] gyr saturation
W20250111 18:59:52.060173 685523 ImuError.cpp:650] gyr saturation
W20250111 18:59:52.060178 685523 ImuError.cpp:650] gyr saturation
W20250111 18:59:52.060185 685523 ImuError.cpp:650] gyr saturation
W20250111 18:59:52.060191 685523 ImuError.cpp:650] gyr saturation
W20250111 18:59:52.060197 685523 ImuError.cpp:650] gyr saturation
W20250111 18:59:52.060204 685523 ImuError.cpp:650] gyr saturation
W20250111 18:59:52.060210 685523 ImuError.cpp:650] gyr saturation
W20250111 18:59:52.060215 685523 ImuError.cpp:650] gyr saturation
W20250111 18:59:52.060221 685523 ImuError.cpp:650] gyr saturation
W20250111 18:59:52.060227 685523 ImuError.cpp:650] gyr saturation
W20250111 18:59:52.060233 685523 ImuError.cpp:650] gyr saturation
W20250111 18:59:52.060240 685523 ImuError.cpp:650] gyr saturation
W20250111 18:59:52.060245 685523 ImuError.cpp:650] gyr saturation
W20250111 18:59:52.060250 685523 ImuError.cpp:650] gyr saturation
W20250111 18:59:52.060256 685523 ImuError.cpp:650] gyr saturation
W20250111 18:59:52.060261 685523 ImuError.cpp:650] gyr saturation
W20250111 18:59:52.060266 685523 ImuError.cpp:650] gyr saturation
W20250111 18:59:52.060272 685523 ImuError.cpp:650] gyr saturation
W20250111 18:59:52.060277 685523 ImuError.cpp:650] gyr saturation
W20250111 18:59:52.060283 685523 ImuError.cpp:650] gyr saturation
W20250111 18:59:52.060288 685523 ImuError.cpp:650] gyr saturation
W20250111 18:59:52.060293 685523 ImuError.cpp:650] gyr saturation
W20250111 18:59:52.060299 685523 ImuError.cpp:650] gyr saturation
W20250111 18:59:52.060304 685523 ImuError.cpp:650] gyr saturation
W20250111 18:59:52.060309 685523 ImuError.cpp:650] gyr saturation
W20250111 18:59:52.060315 685523 ImuError.cpp:650] gyr saturation
W20250111 18:59:52.060321 685523 ImuError.cpp:650] gyr saturation
W20250111 18:59:52.060326 685523 ImuError.cpp:650] gyr saturation
W20250111 18:59:52.060331 685523 ImuError.cpp:650] gyr saturation
W20250111 18:59:52.060338 685523 ImuError.cpp:650] gyr saturation
W20250111 18:59:52.066082 685523 ImuError.cpp:650] gyr saturation
W20250111 18:59:52.066128 685523 ImuError.cpp:650] gyr saturation
W20250111 18:59:52.066134 685523 ImuError.cpp:650] gyr saturation
W20250111 18:59:52.066139 685523 ImuError.cpp:650] gyr saturation
W20250111 18:59:52.066144 685523 ImuError.cpp:650] gyr saturation
W20250111 18:59:52.066149 685523 ImuError.cpp:650] gyr saturation
W20250111 18:59:52.066155 685523 ImuError.cpp:650] gyr saturation
W20250111 18:59:52.066160 685523 ImuError.cpp:650] gyr saturation
W20250111 18:59:52.066166 685523 ImuError.cpp:650] gyr saturation
W20250111 18:59:52.066171 685523 ImuError.cpp:650] gyr saturation
W20250111 18:59:52.066176 685523 ImuError.cpp:650] gyr saturation
W20250111 18:59:52.066182 685523 ImuError.cpp:650] gyr saturation
W20250111 18:59:52.066187 685523 ImuError.cpp:650] gyr saturation
W20250111 18:59:52.066192 685523 ImuError.cpp:650] gyr saturation
W20250111 18:59:52.066197 685523 ImuError.cpp:650] gyr saturation
W20250111 18:59:52.066202 685523 ImuError.cpp:650] gyr saturation
W20250111 18:59:52.066208 685523 ImuError.cpp:650] gyr saturation
W20250111 18:59:52.066215 685523 ImuError.cpp:650] gyr saturation
W20250111 18:59:52.066219 685523 ImuError.cpp:650] gyr saturation
W20250111 18:59:52.066226 685523 ImuError.cpp:650] gyr saturation
W20250111 18:59:52.066231 685523 ImuError.cpp:650] gyr saturation
W20250111 18:59:52.066236 685523 ImuError.cpp:650] gyr saturation
W20250111 18:59:52.066241 685523 ImuError.cpp:650] gyr saturation
W20250111 18:59:52.066246 685523 ImuError.cpp:650] gyr saturation
W20250111 18:59:52.066251 685523 ImuError.cpp:650] gyr saturation
W20250111 18:59:52.066257 685523 ImuError.cpp:650] gyr saturation
W20250111 18:59:52.066262 685523 ImuError.cpp:650] gyr saturation
W20250111 18:59:52.066267 685523 ImuError.cpp:650] gyr saturation
W20250111 18:59:52.066273 685523 ImuError.cpp:650] gyr saturation
W20250111 18:59:52.066278 685523 ImuError.cpp:650] gyr saturation
W20250111 18:59:52.066291 685523 ImuError.cpp:650] gyr saturation
W20250111 18:59:52.066303 685523 ImuError.cpp:650] gyr saturation
W20250111 18:59:52.066308 685523 ImuError.cpp:650] gyr saturation
W20250111 18:59:52.066313 685523 ImuError.cpp:650] gyr saturation
W20250111 18:59:52.066318 685523 ImuError.cpp:650] gyr saturation
W20250111 18:59:52.066478 685523 ImuError.cpp:650] gyr saturation
W20250111 18:59:52.066485 685523 ImuError.cpp:650] gyr saturation
W20250111 18:59:52.066490 685523 ImuError.cpp:650] gyr saturation
W20250111 18:59:52.066495 685523 ImuError.cpp:650] gyr saturation
W20250111 18:59:52.066501 685523 ImuError.cpp:650] gyr saturation
W20250111 18:59:52.066506 685523 ImuError.cpp:650] gyr saturation
W20250111 18:59:52.066511 685523 ImuError.cpp:650] gyr saturation
W20250111 18:59:52.066517 685523 ImuError.cpp:650] gyr saturation
W20250111 18:59:52.066522 685523 ImuError.cpp:650] gyr saturation
W20250111 18:59:52.066527 685523 ImuError.cpp:650] gyr saturation
W20250111 18:59:52.066533 685523 ImuError.cpp:650] gyr saturation
W20250111 18:59:52.066540 685523 ImuError.cpp:650] gyr saturation
W20250111 18:59:52.066545 685523 ImuError.cpp:650] gyr saturation
W20250111 18:59:52.066550 685523 ImuError.cpp:650] gyr saturation
W20250111 18:59:52.066555 685523 ImuError.cpp:650] gyr saturation
W20250111 18:59:52.066561 685523 ImuError.cpp:650] gyr saturation
W20250111 18:59:52.066566 685523 ImuError.cpp:650] gyr saturation
W20250111 18:59:52.066572 685523 ImuError.cpp:650] gyr saturation
W20250111 18:59:52.066577 685523 ImuError.cpp:650] gyr saturation
W20250111 18:59:52.066582 685523 ImuError.cpp:650] gyr saturation
W20250111 18:59:52.066588 685523 ImuError.cpp:650] gyr saturation
W20250111 18:59:52.066593 685523 ImuError.cpp:650] gyr saturation
W20250111 18:59:52.066598 685523 ImuError.cpp:650] gyr saturation
W20250111 18:59:52.066603 685523 ImuError.cpp:650] gyr saturation
W20250111 18:59:52.066608 685523 ImuError.cpp:650] gyr saturation
W20250111 18:59:52.066614 685523 ImuError.cpp:650] gyr saturation
W20250111 18:59:52.066619 685523 ImuError.cpp:650] gyr saturation
W20250111 18:59:52.066625 685523 ImuError.cpp:650] gyr saturation
W20250111 18:59:52.066630 685523 ImuError.cpp:650] gyr saturation
W20250111 18:59:52.066635 685523 ImuError.cpp:650] gyr saturation
W20250111 18:59:52.066640 685523 ImuError.cpp:650] gyr saturation
W20250111 18:59:52.066645 685523 ImuError.cpp:650] gyr saturation
W20250111 18:59:52.066650 685523 ImuError.cpp:650] gyr saturation
W20250111 18:59:52.066656 685523 ImuError.cpp:650] gyr saturation
W20250111 18:59:52.066661 685523 ImuError.cpp:650] gyr saturation
W20250111 18:59:52.070135 685523 ImuError.cpp:368] gyr saturation
W20250111 18:59:52.070209 685523 ImuError.cpp:368] gyr saturation
W20250111 18:59:52.070222 685523 ImuError.cpp:368] gyr saturation
W20250111 18:59:52.070233 685523 ImuError.cpp:368] gyr saturation
W20250111 18:59:52.070245 685523 ImuError.cpp:368] gyr saturation
W20250111 18:59:52.070254 685523 ImuError.cpp:368] gyr saturation
W20250111 18:59:52.070266 685523 ImuError.cpp:368] gyr saturation
W20250111 18:59:52.070276 685523 ImuError.cpp:368] gyr saturation
W20250111 18:59:52.070286 685523 ImuError.cpp:368] gyr saturation
W20250111 18:59:52.070297 685523 ImuError.cpp:368] gyr saturation
W20250111 18:59:52.070307 685523 ImuError.cpp:368] gyr saturation
W20250111 18:59:52.070318 685523 ImuError.cpp:368] gyr saturation
W20250111 18:59:52.070328 685523 ImuError.cpp:368] gyr saturation
W20250111 18:59:52.070339 685523 ImuError.cpp:368] gyr saturation
W20250111 18:59:52.070349 685523 ImuError.cpp:368] gyr saturation
W20250111 18:59:52.070360 685523 ImuError.cpp:368] gyr saturation
W20250111 18:59:52.070370 685523 ImuError.cpp:368] gyr saturation
W20250111 18:59:52.070381 685523 ImuError.cpp:368] gyr saturation
W20250111 18:59:52.070391 685523 ImuError.cpp:368] gyr saturation
W20250111 18:59:52.070402 685523 ImuError.cpp:368] gyr saturation
W20250111 18:59:52.070412 685523 ImuError.cpp:368] gyr saturation
W20250111 18:59:52.070422 685523 ImuError.cpp:368] gyr saturation
W20250111 18:59:52.070432 685523 ImuError.cpp:368] gyr saturation
W20250111 18:59:52.070458 685523 ImuError.cpp:368] gyr saturation
W20250111 18:59:52.070469 685523 ImuError.cpp:368] gyr saturation
W20250111 18:59:52.070479 685523 ImuError.cpp:368] gyr saturation
W20250111 18:59:52.070490 685523 ImuError.cpp:368] gyr saturation
W20250111 18:59:52.070500 685523 ImuError.cpp:368] gyr saturation
W20250111 18:59:52.070511 685523 ImuError.cpp:368] gyr saturation
W20250111 18:59:52.070521 685523 ImuError.cpp:368] gyr saturation
W20250111 18:59:52.070531 685523 ImuError.cpp:368] gyr saturation
W20250111 18:59:52.070542 685523 ImuError.cpp:368] gyr saturation
W20250111 18:59:52.070554 685523 ImuError.cpp:368] gyr saturation
W20250111 18:59:52.070564 685523 ImuError.cpp:368] gyr saturation
W20250111 18:59:52.070573 685523 ImuError.cpp:368] gyr saturation
W20250111 18:59:52.074791 685523 Frontend.cpp:612] 3d2d tracking weak: quality=0. Number of 3d2d-matches: 3
W20250111 18:59:52.076351 685523 ImuError.cpp:650] gyr saturation
W20250111 18:59:52.076390 685523 ImuError.cpp:650] gyr saturation
W20250111 18:59:52.076396 685523 ImuError.cpp:650] gyr saturation
W20250111 18:59:52.076401 685523 ImuError.cpp:650] gyr saturation
W20250111 18:59:52.076408 685523 ImuError.cpp:650] gyr saturation
W20250111 18:59:52.076414 685523 ImuError.cpp:650] gyr saturation
W20250111 18:59:52.076419 685523 ImuError.cpp:650] gyr saturation
W20250111 18:59:52.076426 685523 ImuError.cpp:650] gyr saturation
W20250111 18:59:52.076431 685523 ImuError.cpp:650] gyr saturation
W20250111 18:59:52.076438 685523 ImuError.cpp:650] gyr saturation
W20250111 18:59:52.076445 685523 ImuError.cpp:650] gyr saturation
W20250111 18:59:52.076452 685523 ImuError.cpp:650] gyr saturation
W20250111 18:59:52.076457 685523 ImuError.cpp:650] gyr saturation
W20250111 18:59:52.076462 685523 ImuError.cpp:650] gyr saturation
W20250111 18:59:52.076469 685523 ImuError.cpp:650] gyr saturation
W20250111 18:59:52.076475 685523 ImuError.cpp:650] gyr saturation
W20250111 18:59:52.076480 685523 ImuError.cpp:650] gyr saturation
W20250111 18:59:52.076486 685523 ImuError.cpp:650] gyr saturation
W20250111 18:59:52.076493 685523 ImuError.cpp:650] gyr saturation
W20250111 18:59:52.076499 685523 ImuError.cpp:650] gyr saturation
W20250111 18:59:52.076504 685523 ImuError.cpp:650] gyr saturation
W20250111 18:59:52.076510 685523 ImuError.cpp:650] gyr saturation
W20250111 18:59:52.076517 685523 ImuError.cpp:650] gyr saturation
W20250111 18:59:52.076524 685523 ImuError.cpp:650] gyr saturation
W20250111 18:59:52.076529 685523 ImuError.cpp:650] gyr saturation
W20250111 18:59:52.076534 685523 ImuError.cpp:650] gyr saturation
W20250111 18:59:52.076539 685523 ImuError.cpp:650] gyr saturation
W20250111 18:59:52.076545 685523 ImuError.cpp:650] gyr saturation
W20250111 18:59:52.076550 685523 ImuError.cpp:650] gyr saturation
W20250111 18:59:52.076556 685523 ImuError.cpp:650] gyr saturation
W20250111 18:59:52.076561 685523 ImuError.cpp:650] gyr saturation
W20250111 18:59:52.076568 685523 ImuError.cpp:650] gyr saturation
W20250111 18:59:52.076574 685523 ImuError.cpp:650] gyr saturation
W20250111 18:59:52.076579 685523 ImuError.cpp:650] gyr saturation
W20250111 18:59:52.076584 685523 ImuError.cpp:650] gyr saturation
W20250111 18:59:52.076591 685523 ImuError.cpp:650] gyr saturation
W20250111 18:59:52.076596 685523 ImuError.cpp:650] gyr saturation
W20250111 18:59:52.076602 685523 ImuError.cpp:650] gyr saturation
W20250111 18:59:52.076608 685523 ImuError.cpp:650] gyr saturation
W20250111 18:59:52.076613 685523 ImuError.cpp:650] gyr saturation
W20250111 18:59:52.076619 685523 ImuError.cpp:650] gyr saturation
W20250111 18:59:52.076625 685523 ImuError.cpp:650] gyr saturation
W20250111 18:59:52.076632 685523 ImuError.cpp:650] gyr saturation
W20250111 18:59:52.076637 685523 ImuError.cpp:650] gyr saturation
W20250111 18:59:52.076642 685523 ImuError.cpp:650] gyr saturation
W20250111 18:59:52.076648 685523 ImuError.cpp:650] gyr saturation
W20250111 18:59:52.076654 685523 ImuError.cpp:650] gyr saturation
W20250111 18:59:52.076660 685523 ImuError.cpp:650] gyr saturation
W20250111 18:59:52.076681 685523 ImuError.cpp:650] gyr saturation
W20250111 18:59:52.076687 685523 ImuError.cpp:650] gyr saturation
W20250111 18:59:52.076694 685523 ImuError.cpp:650] gyr saturation
W20250111 18:59:52.076700 685523 ImuError.cpp:650] gyr saturation
W20250111 18:59:52.076706 685523 ImuError.cpp:650] gyr saturation
W20250111 18:59:52.076712 685523 ImuError.cpp:650] gyr saturation
W20250111 18:59:52.076718 685523 ImuError.cpp:650] gyr saturation
W20250111 18:59:52.076725 685523 ImuError.cpp:650] gyr saturation
W20250111 18:59:52.076730 685523 ImuError.cpp:650] gyr saturation
W20250111 18:59:52.076736 685523 ImuError.cpp:650] gyr saturation
W20250111 18:59:52.076741 685523 ImuError.cpp:650] gyr saturation
W20250111 18:59:52.076747 685523 ImuError.cpp:650] gyr saturation
W20250111 18:59:52.076752 685523 ImuError.cpp:650] gyr saturation
W20250111 18:59:52.076758 685523 ImuError.cpp:650] gyr saturation
W20250111 18:59:52.076763 685523 ImuError.cpp:650] gyr saturation
W20250111 18:59:52.076769 685523 ImuError.cpp:650] gyr saturation
W20250111 18:59:52.076776 685523 ImuError.cpp:650] gyr saturation
W20250111 18:59:52.076781 685523 ImuError.cpp:650] gyr saturation
W20250111 18:59:52.076787 685523 ImuError.cpp:650] gyr saturation
W20250111 18:59:52.076793 685523 ImuError.cpp:650] gyr saturation
W20250111 18:59:52.087364 685523 ImuError.cpp:650] gyr saturation
W20250111 18:59:52.087417 685523 ImuError.cpp:650] gyr saturation
W20250111 18:59:52.087424 685523 ImuError.cpp:650] gyr saturation
W20250111 18:59:52.087430 685523 ImuError.cpp:650] gyr saturation
W20250111 18:59:52.087436 685523 ImuError.cpp:650] gyr saturation
W20250111 18:59:52.087442 685523 ImuError.cpp:650] gyr saturation
W20250111 18:59:52.087448 685523 ImuError.cpp:650] gyr saturation
W20250111 18:59:52.087452 685523 ImuError.cpp:650] gyr saturation
W20250111 18:59:52.087459 685523 ImuError.cpp:650] gyr saturation
W20250111 18:59:52.087464 685523 ImuError.cpp:650] gyr saturation
W20250111 18:59:52.087469 685523 ImuError.cpp:650] gyr saturation
W20250111 18:59:52.087476 685523 ImuError.cpp:650] gyr saturation
W20250111 18:59:52.087481 685523 ImuError.cpp:650] gyr saturation
W20250111 18:59:52.087486 685523 ImuError.cpp:650] gyr saturation
W20250111 18:59:52.087492 685523 ImuError.cpp:650] gyr saturation
W20250111 18:59:52.087498 685523 ImuError.cpp:650] gyr saturation
W20250111 18:59:52.087504 685523 ImuError.cpp:650] gyr saturation
W20250111 18:59:52.087510 685523 ImuError.cpp:650] gyr saturation
W20250111 18:59:52.087517 685523 ImuError.cpp:650] gyr saturation
W20250111 18:59:52.087522 685523 ImuError.cpp:650] gyr saturation
W20250111 18:59:52.087528 685523 ImuError.cpp:650] gyr saturation
W20250111 18:59:52.087534 685523 ImuError.cpp:650] gyr saturation
W20250111 18:59:52.087539 685523 ImuError.cpp:650] gyr saturation
W20250111 18:59:52.087545 685523 ImuError.cpp:650] gyr saturation
W20250111 18:59:52.087550 685523 ImuError.cpp:650] gyr saturation
W20250111 18:59:52.087556 685523 ImuError.cpp:650] gyr saturation
W20250111 18:59:52.087563 685523 ImuError.cpp:650] gyr saturation
W20250111 18:59:52.087569 685523 ImuError.cpp:650] gyr saturation
W20250111 18:59:52.087576 685523 ImuError.cpp:650] gyr saturation
W20250111 18:59:52.087581 685523 ImuError.cpp:650] gyr saturation
W20250111 18:59:52.087587 685523 ImuError.cpp:650] gyr saturation
W20250111 18:59:52.087594 685523 ImuError.cpp:650] gyr saturation
W20250111 18:59:52.087599 685523 ImuError.cpp:650] gyr saturation
W20250111 18:59:52.087605 685523 ImuError.cpp:650] gyr saturation
W20250111 18:59:52.087858 685523 ImuError.cpp:650] gyr saturation
W20250111 18:59:52.087868 685523 ImuError.cpp:650] gyr saturation
W20250111 18:59:52.087873 685523 ImuError.cpp:650] gyr saturation
W20250111 18:59:52.087880 685523 ImuError.cpp:650] gyr saturation
W20250111 18:59:52.087885 685523 ImuError.cpp:650] gyr saturation
W20250111 18:59:52.087891 685523 ImuError.cpp:650] gyr saturation
W20250111 18:59:52.087896 685523 ImuError.cpp:650] gyr saturation
W20250111 18:59:52.087900 685523 ImuError.cpp:650] gyr saturation
W20250111 18:59:52.087924 685523 ImuError.cpp:650] gyr saturation
W20250111 18:59:52.087930 685523 ImuError.cpp:650] gyr saturation
W20250111 18:59:52.087937 685523 ImuError.cpp:650] gyr saturation
W20250111 18:59:52.087942 685523 ImuError.cpp:650] gyr saturation
W20250111 18:59:52.087949 685523 ImuError.cpp:650] gyr saturation
W20250111 18:59:52.087953 685523 ImuError.cpp:650] gyr saturation
W20250111 18:59:52.087960 685523 ImuError.cpp:650] gyr saturation
W20250111 18:59:52.087965 685523 ImuError.cpp:650] gyr saturation
W20250111 18:59:52.087970 685523 ImuError.cpp:650] gyr saturation
W20250111 18:59:52.087976 685523 ImuError.cpp:650] gyr saturation
W20250111 18:59:52.087981 685523 ImuError.cpp:650] gyr saturation
W20250111 18:59:52.087986 685523 ImuError.cpp:650] gyr saturation
W20250111 18:59:52.087992 685523 ImuError.cpp:650] gyr saturation
W20250111 18:59:52.087998 685523 ImuError.cpp:650] gyr saturation
W20250111 18:59:52.088006 685523 ImuError.cpp:650] gyr saturation
W20250111 18:59:52.088011 685523 ImuError.cpp:650] gyr saturation
W20250111 18:59:52.088016 685523 ImuError.cpp:650] gyr saturation
W20250111 18:59:52.088021 685523 ImuError.cpp:650] gyr saturation
W20250111 18:59:52.088027 685523 ImuError.cpp:650] gyr saturation
W20250111 18:59:52.088032 685523 ImuError.cpp:650] gyr saturation
W20250111 18:59:52.088039 685523 ImuError.cpp:650] gyr saturation
W20250111 18:59:52.088044 685523 ImuError.cpp:650] gyr saturation
W20250111 18:59:52.088049 685523 ImuError.cpp:650] gyr saturation
W20250111 18:59:52.088055 685523 ImuError.cpp:650] gyr saturation
W20250111 18:59:52.088060 685523 ImuError.cpp:650] gyr saturation
W20250111 18:59:52.088066 685523 ImuError.cpp:650] gyr saturation
W20250111 18:59:52.091087 685523 ImuError.cpp:368] gyr saturation
W20250111 18:59:52.091157 685523 ImuError.cpp:368] gyr saturation
W20250111 18:59:52.091168 685523 ImuError.cpp:368] gyr saturation
W20250111 18:59:52.091182 685523 ImuError.cpp:368] gyr saturation
W20250111 18:59:52.091193 685523 ImuError.cpp:368] gyr saturation
W20250111 18:59:52.091204 685523 ImuError.cpp:368] gyr saturation
W20250111 18:59:52.091215 685523 ImuError.cpp:368] gyr saturation
W20250111 18:59:52.091225 685523 ImuError.cpp:368] gyr saturation
W20250111 18:59:52.091236 685523 ImuError.cpp:368] gyr saturation
W20250111 18:59:52.091246 685523 ImuError.cpp:368] gyr saturation
W20250111 18:59:52.091256 685523 ImuError.cpp:368] gyr saturation
W20250111 18:59:52.091267 685523 ImuError.cpp:368] gyr saturation
W20250111 18:59:52.091277 685523 ImuError.cpp:368] gyr saturation
W20250111 18:59:52.091288 685523 ImuError.cpp:368] gyr saturation
W20250111 18:59:52.091298 685523 ImuError.cpp:368] gyr saturation
W20250111 18:59:52.091310 685523 ImuError.cpp:368] gyr saturation
W20250111 18:59:52.091320 685523 ImuError.cpp:368] gyr saturation
W20250111 18:59:52.091331 685523 ImuError.cpp:368] gyr saturation
W20250111 18:59:52.091341 685523 ImuError.cpp:368] gyr saturation
W20250111 18:59:52.091352 685523 ImuError.cpp:368] gyr saturation
W20250111 18:59:52.091363 685523 ImuError.cpp:368] gyr saturation
W20250111 18:59:52.091373 685523 ImuError.cpp:368] gyr saturation
W20250111 18:59:52.091384 685523 ImuError.cpp:368] gyr saturation
W20250111 18:59:52.091395 685523 ImuError.cpp:368] gyr saturation
W20250111 18:59:52.091406 685523 ImuError.cpp:368] gyr saturation
W20250111 18:59:52.091416 685523 ImuError.cpp:368] gyr saturation
W20250111 18:59:52.091427 685523 ImuError.cpp:368] gyr saturation
W20250111 18:59:52.091437 685523 ImuError.cpp:368] gyr saturation
W20250111 18:59:52.091449 685523 ImuError.cpp:368] gyr saturation
W20250111 18:59:52.091459 685523 ImuError.cpp:368] gyr saturation
W20250111 18:59:52.091470 685523 ImuError.cpp:368] gyr saturation
W20250111 18:59:52.091480 685523 ImuError.cpp:368] gyr saturation
W20250111 18:59:52.091491 685523 ImuError.cpp:368] gyr saturation
W20250111 18:59:52.091501 685523 ImuError.cpp:368] gyr saturation
W20250111 18:59:52.095613 685523 Frontend.cpp:612] 3d2d tracking weak: quality=0. Number of 3d2d-matches: 4
W20250111 18:59:52.097229 685523 ImuError.cpp:650] gyr saturation
W20250111 18:59:52.097290 685523 ImuError.cpp:650] gyr saturation
W20250111 18:59:52.097297 685523 ImuError.cpp:650] gyr saturation
W20250111 18:59:52.097303 685523 ImuError.cpp:650] gyr saturation
W20250111 18:59:52.097308 685523 ImuError.cpp:650] gyr saturation
W20250111 18:59:52.097314 685523 ImuError.cpp:650] gyr saturation
W20250111 18:59:52.097319 685523 ImuError.cpp:650] gyr saturation
W20250111 18:59:52.097326 685523 ImuError.cpp:650] gyr saturation
W20250111 18:59:52.097329 685523 ImuError.cpp:650] gyr saturation
W20250111 18:59:52.097334 685523 ImuError.cpp:650] gyr saturation
W20250111 18:59:52.097338 685523 ImuError.cpp:650] gyr saturation
W20250111 18:59:52.097344 685523 ImuError.cpp:650] gyr saturation
W20250111 18:59:52.097350 685523 ImuError.cpp:650] gyr saturation
W20250111 18:59:52.097357 685523 ImuError.cpp:650] gyr saturation
W20250111 18:59:52.097362 685523 ImuError.cpp:650] gyr saturation
W20250111 18:59:52.097368 685523 ImuError.cpp:650] gyr saturation
W20250111 18:59:52.097373 685523 ImuError.cpp:650] gyr saturation
W20250111 18:59:52.097378 685523 ImuError.cpp:650] gyr saturation
W20250111 18:59:52.097385 685523 ImuError.cpp:650] gyr saturation
W20250111 18:59:52.097391 685523 ImuError.cpp:650] gyr saturation
W20250111 18:59:52.097397 685523 ImuError.cpp:650] gyr saturation
W20250111 18:59:52.097404 685523 ImuError.cpp:650] gyr saturation
W20250111 18:59:52.097409 685523 ImuError.cpp:650] gyr saturation
W20250111 18:59:52.097414 685523 ImuError.cpp:650] gyr saturation
W20250111 18:59:52.097420 685523 ImuError.cpp:650] gyr saturation
W20250111 18:59:52.097426 685523 ImuError.cpp:650] gyr saturation
W20250111 18:59:52.097431 685523 ImuError.cpp:650] gyr saturation
W20250111 18:59:52.097437 685523 ImuError.cpp:650] gyr saturation
W20250111 18:59:52.097443 685523 ImuError.cpp:650] gyr saturation
W20250111 18:59:52.097451 685523 ImuError.cpp:650] gyr saturation
W20250111 18:59:52.097458 685523 ImuError.cpp:650] gyr saturation
W20250111 18:59:52.097465 685523 ImuError.cpp:650] gyr saturation
W20250111 18:59:52.097469 685523 ImuError.cpp:650] gyr saturation
W20250111 18:59:52.097474 685523 ImuError.cpp:650] gyr saturation
W20250111 18:59:52.097481 685523 ImuError.cpp:650] gyr saturation
W20250111 18:59:52.097486 685523 ImuError.cpp:650] gyr saturation
W20250111 18:59:52.097491 685523 ImuError.cpp:650] gyr saturation
W20250111 18:59:52.097496 685523 ImuError.cpp:650] gyr saturation
W20250111 18:59:52.097502 685523 ImuError.cpp:650] gyr saturation
W20250111 18:59:52.097508 685523 ImuError.cpp:650] gyr saturation
W20250111 18:59:52.097513 685523 ImuError.cpp:650] gyr saturation
W20250111 18:59:52.097519 685523 ImuError.cpp:650] gyr saturation
W20250111 18:59:52.097524 685523 ImuError.cpp:650] gyr saturation
W20250111 18:59:52.097530 685523 ImuError.cpp:650] gyr saturation
W20250111 18:59:52.097535 685523 ImuError.cpp:650] gyr saturation
W20250111 18:59:52.097541 685523 ImuError.cpp:650] gyr saturation
W20250111 18:59:52.097548 685523 ImuError.cpp:650] gyr saturation
W20250111 18:59:52.097553 685523 ImuError.cpp:650] gyr saturation
W20250111 18:59:52.097558 685523 ImuError.cpp:650] gyr saturation
W20250111 18:59:52.097564 685523 ImuError.cpp:650] gyr saturation
W20250111 18:59:52.097570 685523 ImuError.cpp:650] gyr saturation
W20250111 18:59:52.097576 685523 ImuError.cpp:650] gyr saturation
W20250111 18:59:52.097581 685523 ImuError.cpp:650] gyr saturation
W20250111 18:59:52.097587 685523 ImuError.cpp:650] gyr saturation
W20250111 18:59:52.097592 685523 ImuError.cpp:650] gyr saturation
W20250111 18:59:52.097599 685523 ImuError.cpp:650] gyr saturation
W20250111 18:59:52.097605 685523 ImuError.cpp:650] gyr saturation
W20250111 18:59:52.097611 685523 ImuError.cpp:650] gyr saturation
W20250111 18:59:52.097617 685523 ImuError.cpp:650] gyr saturation
W20250111 18:59:52.097623 685523 ImuError.cpp:650] gyr saturation
W20250111 18:59:52.097628 685523 ImuError.cpp:650] gyr saturation
W20250111 18:59:52.097635 685523 ImuError.cpp:650] gyr saturation
W20250111 18:59:52.097641 685523 ImuError.cpp:650] gyr saturation
W20250111 18:59:52.097651 685523 ImuError.cpp:650] gyr saturation
W20250111 18:59:52.097657 685523 ImuError.cpp:650] gyr saturation
W20250111 18:59:52.097663 685523 ImuError.cpp:650] gyr saturation
W20250111 18:59:52.097671 685523 ImuError.cpp:650] gyr saturation
W20250111 18:59:52.097676 685523 ImuError.cpp:650] gyr saturation
W20250111 18:59:52.108098 899935 ViSlamBackend.cpp:466] TRACKING FAILURE: quality=0
W20250111 18:59:52.108680 899935 ImuError.cpp:165] gyr saturation
W20250111 18:59:52.109043 899935 ImuError.cpp:165] gyr saturation
W20250111 18:59:52.109632 685523 ImuError.cpp:650] gyr saturation
W20250111 18:59:52.109652 685523 ImuError.cpp:650] gyr saturation
W20250111 18:59:52.109658 685523 ImuError.cpp:650] gyr saturation
W20250111 18:59:52.109664 685523 ImuError.cpp:650] gyr saturation
W20250111 18:59:52.109670 685523 ImuError.cpp:650] gyr saturation
W20250111 18:59:52.109675 685523 ImuError.cpp:650] gyr saturation
W20250111 18:59:52.109680 685523 ImuError.cpp:650] gyr saturation
W20250111 18:59:52.109686 685523 ImuError.cpp:650] gyr saturation
W20250111 18:59:52.109691 685523 ImuError.cpp:650] gyr saturation
W20250111 18:59:52.109697 685523 ImuError.cpp:650] gyr saturation
W20250111 18:59:52.109704 685523 ImuError.cpp:650] gyr saturation
W20250111 18:59:52.109709 685523 ImuError.cpp:650] gyr saturation
W20250111 18:59:52.109714 685523 ImuError.cpp:650] gyr saturation
W20250111 18:59:52.109720 685523 ImuError.cpp:650] gyr saturation
W20250111 18:59:52.109726 685523 ImuError.cpp:650] gyr saturation
W20250111 18:59:52.109731 685523 ImuError.cpp:650] gyr saturation
W20250111 18:59:52.109736 685523 ImuError.cpp:650] gyr saturation
W20250111 18:59:52.109742 685523 ImuError.cpp:650] gyr saturation
W20250111 18:59:52.109747 685523 ImuError.cpp:650] gyr saturation
W20250111 18:59:52.109752 685523 ImuError.cpp:650] gyr saturation
W20250111 18:59:52.109758 685523 ImuError.cpp:650] gyr saturation
W20250111 18:59:52.109763 685523 ImuError.cpp:650] gyr saturation
W20250111 18:59:52.109768 685523 ImuError.cpp:650] gyr saturation
W20250111 18:59:52.109774 685523 ImuError.cpp:650] gyr saturation
W20250111 18:59:52.109779 685523 ImuError.cpp:650] gyr saturation
W20250111 18:59:52.109784 685523 ImuError.cpp:650] gyr saturation
W20250111 18:59:52.109791 685523 ImuError.cpp:650] gyr saturation
W20250111 18:59:52.109797 685523 ImuError.cpp:650] gyr saturation
W20250111 18:59:52.109802 685523 ImuError.cpp:650] gyr saturation
W20250111 18:59:52.109807 685523 ImuError.cpp:650] gyr saturation
W20250111 18:59:52.109813 685523 ImuError.cpp:650] gyr saturation
W20250111 18:59:52.109818 685523 ImuError.cpp:650] gyr saturation
W20250111 18:59:52.109828 685523 ImuError.cpp:650] gyr saturation
W20250111 18:59:52.109835 685523 ImuError.cpp:650] gyr saturation
W20250111 18:59:52.109840 685523 ImuError.cpp:650] gyr saturation
W20250111 18:59:52.109930 685523 ImuError.cpp:650] gyr saturation
W20250111 18:59:52.109941 685523 ImuError.cpp:650] gyr saturation
W20250111 18:59:52.109948 685523 ImuError.cpp:650] gyr saturation
W20250111 18:59:52.109953 685523 ImuError.cpp:650] gyr saturation
W20250111 18:59:52.109959 685523 ImuError.cpp:650] gyr saturation
W20250111 18:59:52.109966 685523 ImuError.cpp:650] gyr saturation
W20250111 18:59:52.109970 685523 ImuError.cpp:650] gyr saturation
W20250111 18:59:52.109975 685523 ImuError.cpp:650] gyr saturation
W20250111 18:59:52.109980 685523 ImuError.cpp:650] gyr saturation
W20250111 18:59:52.109985 685523 ImuError.cpp:650] gyr saturation
W20250111 18:59:52.109990 685523 ImuError.cpp:650] gyr saturation
W20250111 18:59:52.109995 685523 ImuError.cpp:650] gyr saturation
W20250111 18:59:52.110000 685523 ImuError.cpp:650] gyr saturation
W20250111 18:59:52.110005 685523 ImuError.cpp:650] gyr saturation
W20250111 18:59:52.110010 685523 ImuError.cpp:650] gyr saturation
W20250111 18:59:52.110015 685523 ImuError.cpp:650] gyr saturation
W20250111 18:59:52.110020 685523 ImuError.cpp:650] gyr saturation
W20250111 18:59:52.110025 685523 ImuError.cpp:650] gyr saturation
W20250111 18:59:52.110044 685523 ImuError.cpp:650] gyr saturation
W20250111 18:59:52.110049 685523 ImuError.cpp:650] gyr saturation
W20250111 18:59:52.110054 685523 ImuError.cpp:650] gyr saturation
W20250111 18:59:52.110059 685523 ImuError.cpp:650] gyr saturation
W20250111 18:59:52.110064 685523 ImuError.cpp:650] gyr saturation
W20250111 18:59:52.110069 685523 ImuError.cpp:650] gyr saturation
W20250111 18:59:52.110074 685523 ImuError.cpp:650] gyr saturation
W20250111 18:59:52.110080 685523 ImuError.cpp:650] gyr saturation
W20250111 18:59:52.110085 685523 ImuError.cpp:650] gyr saturation
W20250111 18:59:52.110090 685523 ImuError.cpp:650] gyr saturation
W20250111 18:59:52.110095 685523 ImuError.cpp:650] gyr saturation
W20250111 18:59:52.110100 685523 ImuError.cpp:650] gyr saturation
W20250111 18:59:52.110105 685523 ImuError.cpp:650] gyr saturation
W20250111 18:59:52.110109 685523 ImuError.cpp:650] gyr saturation
W20250111 18:59:52.110114 685523 ImuError.cpp:650] gyr saturation
W20250111 18:59:52.110119 685523 ImuError.cpp:650] gyr saturation
W20250111 18:59:52.110124 685523 ImuError.cpp:650] gyr saturation
W20250111 18:59:52.113153 685523 ImuError.cpp:368] gyr saturation
W20250111 18:59:52.113229 685523 ImuError.cpp:368] gyr saturation
W20250111 18:59:52.113241 685523 ImuError.cpp:368] gyr saturation
W20250111 18:59:52.113252 685523 ImuError.cpp:368] gyr saturation
W20250111 18:59:52.113265 685523 ImuError.cpp:368] gyr saturation
W20250111 18:59:52.113274 685523 ImuError.cpp:368] gyr saturation
W20250111 18:59:52.113286 685523 ImuError.cpp:368] gyr saturation
W20250111 18:59:52.113296 685523 ImuError.cpp:368] gyr saturation
W20250111 18:59:52.113306 685523 ImuError.cpp:368] gyr saturation
W20250111 18:59:52.113317 685523 ImuError.cpp:368] gyr saturation
W20250111 18:59:52.113328 685523 ImuError.cpp:368] gyr saturation
W20250111 18:59:52.113339 685523 ImuError.cpp:368] gyr saturation
W20250111 18:59:52.113350 685523 ImuError.cpp:368] gyr saturation
W20250111 18:59:52.113360 685523 ImuError.cpp:368] gyr saturation
W20250111 18:59:52.113371 685523 ImuError.cpp:368] gyr saturation
W20250111 18:59:52.113382 685523 ImuError.cpp:368] gyr saturation
W20250111 18:59:52.113394 685523 ImuError.cpp:368] gyr saturation
W20250111 18:59:52.113404 685523 ImuError.cpp:368] gyr saturation
W20250111 18:59:52.113415 685523 ImuError.cpp:368] gyr saturation
W20250111 18:59:52.113425 685523 ImuError.cpp:368] gyr saturation
W20250111 18:59:52.113435 685523 ImuError.cpp:368] gyr saturation
W20250111 18:59:52.113446 685523 ImuError.cpp:368] gyr saturation
W20250111 18:59:52.113456 685523 ImuError.cpp:368] gyr saturation
W20250111 18:59:52.113467 685523 ImuError.cpp:368] gyr saturation
W20250111 18:59:52.113478 685523 ImuError.cpp:368] gyr saturation
W20250111 18:59:52.113488 685523 ImuError.cpp:368] gyr saturation
W20250111 18:59:52.113499 685523 ImuError.cpp:368] gyr saturation
W20250111 18:59:52.113510 685523 ImuError.cpp:368] gyr saturation
W20250111 18:59:52.113520 685523 ImuError.cpp:368] gyr saturation
W20250111 18:59:52.113531 685523 ImuError.cpp:368] gyr saturation
W20250111 18:59:52.113543 685523 ImuError.cpp:368] gyr saturation
W20250111 18:59:52.113554 685523 ImuError.cpp:368] gyr saturation
W20250111 18:59:52.113564 685523 ImuError.cpp:368] gyr saturation
W20250111 18:59:52.113574 685523 ImuError.cpp:368] gyr saturation
W20250111 18:59:52.113585 685523 ImuError.cpp:368] gyr saturation
W20250111 18:59:52.117200 685523 Frontend.cpp:612] 3d2d tracking weak: quality=0. Number of 3d2d-matches: 5
W20250111 18:59:52.118315 685523 ImuError.cpp:650] gyr saturation
W20250111 18:59:52.118342 685523 ImuError.cpp:650] gyr saturation
W20250111 18:59:52.118348 685523 ImuError.cpp:650] gyr saturation
W20250111 18:59:52.118355 685523 ImuError.cpp:650] gyr saturation
W20250111 18:59:52.118360 685523 ImuError.cpp:650] gyr saturation
W20250111 18:59:52.118366 685523 ImuError.cpp:650] gyr saturation
W20250111 18:59:52.118371 685523 ImuError.cpp:650] gyr saturation
W20250111 18:59:52.118376 685523 ImuError.cpp:650] gyr saturation
W20250111 18:59:52.118382 685523 ImuError.cpp:650] gyr saturation
W20250111 18:59:52.118403 685523 ImuError.cpp:650] gyr saturation
W20250111 18:59:52.118410 685523 ImuError.cpp:650] gyr saturation
W20250111 18:59:52.118417 685523 ImuError.cpp:650] gyr saturation
W20250111 18:59:52.118422 685523 ImuError.cpp:650] gyr saturation
W20250111 18:59:52.118427 685523 ImuError.cpp:650] gyr saturation
W20250111 18:59:52.118432 685523 ImuError.cpp:650] gyr saturation
W20250111 18:59:52.118438 685523 ImuError.cpp:650] gyr saturation
W20250111 18:59:52.118444 685523 ImuError.cpp:650] gyr saturation
W20250111 18:59:52.118449 685523 ImuError.cpp:650] gyr saturation
W20250111 18:59:52.118454 685523 ImuError.cpp:650] gyr saturation
W20250111 18:59:52.118460 685523 ImuError.cpp:650] gyr saturation
W20250111 18:59:52.118466 685523 ImuError.cpp:650] gyr saturation
W20250111 18:59:52.118472 685523 ImuError.cpp:650] gyr saturation
W20250111 18:59:52.118477 685523 ImuError.cpp:650] gyr saturation
W20250111 18:59:52.118484 685523 ImuError.cpp:650] gyr saturation
W20250111 18:59:52.118489 685523 ImuError.cpp:650] gyr saturation
W20250111 18:59:52.118494 685523 ImuError.cpp:650] gyr saturation
W20250111 18:59:52.118500 685523 ImuError.cpp:650] gyr saturation
W20250111 18:59:52.118506 685523 ImuError.cpp:650] gyr saturation
W20250111 18:59:52.118511 685523 ImuError.cpp:650] gyr saturation
W20250111 18:59:52.118517 685523 ImuError.cpp:650] gyr saturation
W20250111 18:59:52.118523 685523 ImuError.cpp:650] gyr saturation
W20250111 18:59:52.118528 685523 ImuError.cpp:650] gyr saturation
W20250111 18:59:52.118533 685523 ImuError.cpp:650] gyr saturation
W20250111 18:59:52.118539 685523 ImuError.cpp:650] gyr saturation
W20250111 18:59:52.118544 685523 ImuError.cpp:650] gyr saturation
W20250111 18:59:52.118551 685523 ImuError.cpp:650] gyr saturation
W20250111 18:59:52.118556 685523 ImuError.cpp:650] gyr saturation
W20250111 18:59:52.118562 685523 ImuError.cpp:650] gyr saturation
W20250111 18:59:52.118567 685523 ImuError.cpp:650] gyr saturation
W20250111 18:59:52.118573 685523 ImuError.cpp:650] gyr saturation
W20250111 18:59:52.118578 685523 ImuError.cpp:650] gyr saturation
W20250111 18:59:52.118583 685523 ImuError.cpp:650] gyr saturation
W20250111 18:59:52.118590 685523 ImuError.cpp:650] gyr saturation
W20250111 18:59:52.118595 685523 ImuError.cpp:650] gyr saturation
W20250111 18:59:52.118600 685523 ImuError.cpp:650] gyr saturation
W20250111 18:59:52.118606 685523 ImuError.cpp:650] gyr saturation
W20250111 18:59:52.118611 685523 ImuError.cpp:650] gyr saturation
W20250111 18:59:52.118616 685523 ImuError.cpp:650] gyr saturation
W20250111 18:59:52.118623 685523 ImuError.cpp:650] gyr saturation
W20250111 18:59:52.118628 685523 ImuError.cpp:650] gyr saturation
W20250111 18:59:52.118633 685523 ImuError.cpp:650] gyr saturation
W20250111 18:59:52.118639 685523 ImuError.cpp:650] gyr saturation
W20250111 18:59:52.118644 685523 ImuError.cpp:650] gyr saturation
W20250111 18:59:52.118650 685523 ImuError.cpp:650] gyr saturation
W20250111 18:59:52.118655 685523 ImuError.cpp:650] gyr saturation
W20250111 18:59:52.118660 685523 ImuError.cpp:650] gyr saturation
W20250111 18:59:52.118666 685523 ImuError.cpp:650] gyr saturation
W20250111 18:59:52.118671 685523 ImuError.cpp:650] gyr saturation
W20250111 18:59:52.118677 685523 ImuError.cpp:650] gyr saturation
W20250111 18:59:52.118682 685523 ImuError.cpp:650] gyr saturation
W20250111 18:59:52.118687 685523 ImuError.cpp:650] gyr saturation
W20250111 18:59:52.118693 685523 ImuError.cpp:650] gyr saturation
W20250111 18:59:52.118698 685523 ImuError.cpp:650] gyr saturation
W20250111 18:59:52.118705 685523 ImuError.cpp:650] gyr saturation
W20250111 18:59:52.118710 685523 ImuError.cpp:650] gyr saturation
W20250111 18:59:52.127892 899977 ViSlamBackend.cpp:466] TRACKING FAILURE: quality=0
W20250111 18:59:52.128607 685523 ImuError.cpp:650] gyr saturation
W20250111 18:59:52.128649 685523 ImuError.cpp:650] gyr saturation
W20250111 18:59:52.128654 685523 ImuError.cpp:650] gyr saturation
W20250111 18:59:52.128661 685523 ImuError.cpp:650] gyr saturation
W20250111 18:59:52.128674 685523 ImuError.cpp:650] gyr saturation
W20250111 18:59:52.128684 685523 ImuError.cpp:650] gyr saturation
W20250111 18:59:52.128690 685523 ImuError.cpp:650] gyr saturation
W20250111 18:59:52.128695 685523 ImuError.cpp:650] gyr saturation
W20250111 18:59:52.128700 685523 ImuError.cpp:650] gyr saturation
W20250111 18:59:52.128705 685523 ImuError.cpp:650] gyr saturation
W20250111 18:59:52.128710 685523 ImuError.cpp:650] gyr saturation
W20250111 18:59:52.128715 685523 ImuError.cpp:650] gyr saturation
W20250111 18:59:52.128720 685523 ImuError.cpp:650] gyr saturation
W20250111 18:59:52.128726 685523 ImuError.cpp:650] gyr saturation
W20250111 18:59:52.128731 685523 ImuError.cpp:650] gyr saturation
W20250111 18:59:52.128736 685523 ImuError.cpp:650] gyr saturation
W20250111 18:59:52.128741 685523 ImuError.cpp:650] gyr saturation
W20250111 18:59:52.128746 685523 ImuError.cpp:650] gyr saturation
W20250111 18:59:52.128751 685523 ImuError.cpp:650] gyr saturation
W20250111 18:59:52.128756 685523 ImuError.cpp:650] gyr saturation
W20250111 18:59:52.128762 685523 ImuError.cpp:650] gyr saturation
W20250111 18:59:52.128767 685523 ImuError.cpp:650] gyr saturation
W20250111 18:59:52.128772 685523 ImuError.cpp:650] gyr saturation
W20250111 18:59:52.128777 685523 ImuError.cpp:650] gyr saturation
W20250111 18:59:52.128782 685523 ImuError.cpp:650] gyr saturation
W20250111 18:59:52.128786 685523 ImuError.cpp:650] gyr saturation
W20250111 18:59:52.128791 685523 ImuError.cpp:650] gyr saturation
W20250111 18:59:52.128796 685523 ImuError.cpp:650] gyr saturation
W20250111 18:59:52.128801 685523 ImuError.cpp:650] gyr saturation
W20250111 18:59:52.128806 685523 ImuError.cpp:650] gyr saturation
W20250111 18:59:52.128811 685523 ImuError.cpp:650] gyr saturation
W20250111 18:59:52.128932 685523 ImuError.cpp:650] gyr saturation
W20250111 18:59:52.128940 685523 ImuError.cpp:650] gyr saturation
W20250111 18:59:52.128944 685523 ImuError.cpp:650] gyr saturation
W20250111 18:59:52.128950 685523 ImuError.cpp:650] gyr saturation
W20250111 18:59:52.128955 685523 ImuError.cpp:650] gyr saturation
W20250111 18:59:52.128960 685523 ImuError.cpp:650] gyr saturation
W20250111 18:59:52.128965 685523 ImuError.cpp:650] gyr saturation
W20250111 18:59:52.128970 685523 ImuError.cpp:650] gyr saturation
W20250111 18:59:52.128975 685523 ImuError.cpp:650] gyr saturation
W20250111 18:59:52.128980 685523 ImuError.cpp:650] gyr saturation
W20250111 18:59:52.128985 685523 ImuError.cpp:650] gyr saturation
W20250111 18:59:52.128990 685523 ImuError.cpp:650] gyr saturation
W20250111 18:59:52.128995 685523 ImuError.cpp:650] gyr saturation
W20250111 18:59:52.129000 685523 ImuError.cpp:650] gyr saturation
W20250111 18:59:52.129005 685523 ImuError.cpp:650] gyr saturation
W20250111 18:59:52.129010 685523 ImuError.cpp:650] gyr saturation
W20250111 18:59:52.129015 685523 ImuError.cpp:650] gyr saturation
W20250111 18:59:52.129020 685523 ImuError.cpp:650] gyr saturation
W20250111 18:59:52.129025 685523 ImuError.cpp:650] gyr saturation
W20250111 18:59:52.129030 685523 ImuError.cpp:650] gyr saturation
W20250111 18:59:52.129035 685523 ImuError.cpp:650] gyr saturation
W20250111 18:59:52.129040 685523 ImuError.cpp:650] gyr saturation
W20250111 18:59:52.129046 685523 ImuError.cpp:650] gyr saturation
W20250111 18:59:52.129051 685523 ImuError.cpp:650] gyr saturation
W20250111 18:59:52.129056 685523 ImuError.cpp:650] gyr saturation
W20250111 18:59:52.129061 685523 ImuError.cpp:650] gyr saturation
W20250111 18:59:52.129066 685523 ImuError.cpp:650] gyr saturation
W20250111 18:59:52.129071 685523 ImuError.cpp:650] gyr saturation
W20250111 18:59:52.129076 685523 ImuError.cpp:650] gyr saturation
W20250111 18:59:52.129081 685523 ImuError.cpp:650] gyr saturation
W20250111 18:59:52.129086 685523 ImuError.cpp:650] gyr saturation
W20250111 18:59:52.129837 685523 Frontend.cpp:615] 3d2d tracking lost. Number of 3d2d-matches: 2
W20250111 18:59:52.130759 685523 ImuError.cpp:650] gyr saturation
W20250111 18:59:52.130784 685523 ImuError.cpp:650] gyr saturation
W20250111 18:59:52.130791 685523 ImuError.cpp:650] gyr saturation
W20250111 18:59:52.130810 685523 ImuError.cpp:650] gyr saturation
W20250111 18:59:52.130817 685523 ImuError.cpp:650] gyr saturation
W20250111 18:59:52.130827 685523 ImuError.cpp:650] gyr saturation
W20250111 18:59:52.130834 685523 ImuError.cpp:650] gyr saturation
W20250111 18:59:52.130841 685523 ImuError.cpp:650] gyr saturation
W20250111 18:59:52.130844 685523 ImuError.cpp:650] gyr saturation
W20250111 18:59:52.130849 685523 ImuError.cpp:650] gyr saturation
W20250111 18:59:52.130854 685523 ImuError.cpp:650] gyr saturation
W20250111 18:59:52.130860 685523 ImuError.cpp:650] gyr saturation
W20250111 18:59:52.130865 685523 ImuError.cpp:650] gyr saturation
W20250111 18:59:52.130870 685523 ImuError.cpp:650] gyr saturation
W20250111 18:59:52.130875 685523 ImuError.cpp:650] gyr saturation
W20250111 18:59:52.130880 685523 ImuError.cpp:650] gyr saturation
W20250111 18:59:52.130885 685523 ImuError.cpp:650] gyr saturation
W20250111 18:59:52.130892 685523 ImuError.cpp:650] gyr saturation
W20250111 18:59:52.130896 685523 ImuError.cpp:650] gyr saturation
W20250111 18:59:52.130903 685523 ImuError.cpp:650] gyr saturation
W20250111 18:59:52.130908 685523 ImuError.cpp:650] gyr saturation
W20250111 18:59:52.130913 685523 ImuError.cpp:650] gyr saturation
W20250111 18:59:52.130918 685523 ImuError.cpp:650] gyr saturation
W20250111 18:59:52.130924 685523 ImuError.cpp:650] gyr saturation
W20250111 18:59:52.130929 685523 ImuError.cpp:650] gyr saturation
W20250111 18:59:52.130935 685523 ImuError.cpp:650] gyr saturation
W20250111 18:59:52.130940 685523 ImuError.cpp:650] gyr saturation
W20250111 18:59:52.130945 685523 ImuError.cpp:650] gyr saturation
W20250111 18:59:52.130951 685523 ImuError.cpp:650] gyr saturation
W20250111 18:59:52.130956 685523 ImuError.cpp:650] gyr saturation
W20250111 18:59:52.130961 685523 ImuError.cpp:650] gyr saturation
W20250111 18:59:52.132097 685536 ImuError.cpp:368] gyr saturation
W20250111 18:59:52.132174 685536 ImuError.cpp:368] gyr saturation
W20250111 18:59:52.132190 685536 ImuError.cpp:368] gyr saturation
W20250111 18:59:52.132205 685536 ImuError.cpp:368] gyr saturation
W20250111 18:59:52.132215 685536 ImuError.cpp:368] gyr saturation
W20250111 18:59:52.132228 685536 ImuError.cpp:368] gyr saturation
W20250111 18:59:52.132241 685536 ImuError.cpp:368] gyr saturation
W20250111 18:59:52.132252 685536 ImuError.cpp:368] gyr saturation
W20250111 18:59:52.132263 685536 ImuError.cpp:368] gyr saturation
W20250111 18:59:52.132275 685536 ImuError.cpp:368] gyr saturation
W20250111 18:59:52.132287 685536 ImuError.cpp:368] gyr saturation
W20250111 18:59:52.132298 685536 ImuError.cpp:368] gyr saturation
W20250111 18:59:52.132309 685536 ImuError.cpp:368] gyr saturation
W20250111 18:59:52.132321 685536 ImuError.cpp:368] gyr saturation
W20250111 18:59:52.132333 685536 ImuError.cpp:368] gyr saturation
W20250111 18:59:52.132344 685536 ImuError.cpp:368] gyr saturation
W20250111 18:59:52.132356 685536 ImuError.cpp:368] gyr saturation
W20250111 18:59:52.132368 685536 ImuError.cpp:368] gyr saturation
W20250111 18:59:52.132380 685536 ImuError.cpp:368] gyr saturation
W20250111 18:59:52.132391 685536 ImuError.cpp:368] gyr saturation
W20250111 18:59:52.132402 685536 ImuError.cpp:368] gyr saturation
W20250111 18:59:52.132414 685536 ImuError.cpp:368] gyr saturation
W20250111 18:59:52.132426 685536 ImuError.cpp:368] gyr saturation
W20250111 18:59:52.132437 685536 ImuError.cpp:368] gyr saturation
W20250111 18:59:52.132448 685536 ImuError.cpp:368] gyr saturation
W20250111 18:59:52.132459 685536 ImuError.cpp:368] gyr saturation
W20250111 18:59:52.132472 685536 ImuError.cpp:368] gyr saturation
W20250111 18:59:52.132483 685536 ImuError.cpp:368] gyr saturation
W20250111 18:59:52.132493 685536 ImuError.cpp:368] gyr saturation
W20250111 18:59:52.132504 685536 ImuError.cpp:368] gyr saturation
W20250111 18:59:52.132516 685536 ImuError.cpp:368] gyr saturation
W20250111 18:59:52.141990 900011 ViSlamBackend.cpp:466] TRACKING FAILURE: quality=0
W20250111 18:59:52.143680 685523 Frontend.cpp:615] 3d2d tracking lost. Number of 3d2d-matches: 1
W20250111 18:59:52.154400 900045 ViSlamBackend.cpp:466] TRACKING FAILURE: quality=0
W20250111 18:59:52.154562 900045 ImuError.cpp:165] gyr saturation
W20250111 18:59:52.154580 900045 ImuError.cpp:165] gyr saturation
W20250111 18:59:52.154593 900045 ImuError.cpp:165] gyr saturation
W20250111 18:59:52.154604 900045 ImuError.cpp:165] gyr saturation
W20250111 18:59:52.154614 900045 ImuError.cpp:165] gyr saturation
W20250111 18:59:52.154623 900045 ImuError.cpp:165] gyr saturation
W20250111 18:59:52.154633 900045 ImuError.cpp:165] gyr saturation
W20250111 18:59:52.154642 900045 ImuError.cpp:165] gyr saturation
W20250111 18:59:52.154651 900045 ImuError.cpp:165] gyr saturation
W20250111 18:59:52.154660 900045 ImuError.cpp:165] gyr saturation
W20250111 18:59:52.154670 900045 ImuError.cpp:165] gyr saturation
W20250111 18:59:52.154680 900045 ImuError.cpp:165] gyr saturation
W20250111 18:59:52.154688 900045 ImuError.cpp:165] gyr saturation
W20250111 18:59:52.154696 900045 ImuError.cpp:165] gyr saturation
W20250111 18:59:52.154706 900045 ImuError.cpp:165] gyr saturation
W20250111 18:59:52.154714 900045 ImuError.cpp:165] gyr saturation
W20250111 18:59:52.154724 900045 ImuError.cpp:165] gyr saturation
W20250111 18:59:52.154733 900045 ImuError.cpp:165] gyr saturation
W20250111 18:59:52.154744 900045 ImuError.cpp:165] gyr saturation
W20250111 18:59:52.154754 900045 ImuError.cpp:165] gyr saturation
W20250111 18:59:52.154765 900045 ImuError.cpp:165] gyr saturation
W20250111 18:59:52.154774 900045 ImuError.cpp:165] gyr saturation
W20250111 18:59:52.154783 900045 ImuError.cpp:165] gyr saturation
W20250111 18:59:52.154793 900045 ImuError.cpp:165] gyr saturation
W20250111 18:59:52.154800 900045 ImuError.cpp:165] gyr saturation
W20250111 18:59:52.154808 900045 ImuError.cpp:165] gyr saturation
W20250111 18:59:52.154816 900045 ImuError.cpp:165] gyr saturation
W20250111 18:59:52.154892 900045 ImuError.cpp:165] gyr saturation
W20250111 18:59:52.154903 900045 ImuError.cpp:165] gyr saturation
W20250111 18:59:52.154912 900045 ImuError.cpp:165] gyr saturation
W20250111 18:59:52.154920 900045 ImuError.cpp:165] gyr saturation
W20250111 18:59:52.154932 900045 ImuError.cpp:165] gyr saturation
W20250111 18:59:52.154940 900045 ImuError.cpp:165] gyr saturation
W20250111 18:59:52.154951 900045 ImuError.cpp:165] gyr saturation
W20250111 18:59:52.154960 900045 ImuError.cpp:165] gyr saturation
W20250111 18:59:52.155018 900045 ImuError.cpp:165] gyr saturation
W20250111 18:59:52.155027 900045 ImuError.cpp:165] gyr saturation
W20250111 18:59:52.155037 900045 ImuError.cpp:165] gyr saturation
W20250111 18:59:52.155046 900045 ImuError.cpp:165] gyr saturation
W20250111 18:59:52.155056 900045 ImuError.cpp:165] gyr saturation
W20250111 18:59:52.155066 900045 ImuError.cpp:165] gyr saturation
W20250111 18:59:52.155078 900045 ImuError.cpp:165] gyr saturation
W20250111 18:59:52.155086 900045 ImuError.cpp:165] gyr saturation
W20250111 18:59:52.155095 900045 ImuError.cpp:165] gyr saturation
W20250111 18:59:52.155104 900045 ImuError.cpp:165] gyr saturation
W20250111 18:59:52.155112 900045 ImuError.cpp:165] gyr saturation
W20250111 18:59:52.155120 900045 ImuError.cpp:165] gyr saturation
W20250111 18:59:52.155129 900045 ImuError.cpp:165] gyr saturation
W20250111 18:59:52.155138 900045 ImuError.cpp:165] gyr saturation
W20250111 18:59:52.155148 900045 ImuError.cpp:165] gyr saturation
W20250111 18:59:52.155155 900045 ImuError.cpp:165] gyr saturation
W20250111 18:59:52.155164 900045 ImuError.cpp:165] gyr saturation
W20250111 18:59:52.155172 900045 ImuError.cpp:165] gyr saturation
W20250111 18:59:52.155181 900045 ImuError.cpp:165] gyr saturation
W20250111 18:59:52.155189 900045 ImuError.cpp:165] gyr saturation
W20250111 18:59:52.155197 900045 ImuError.cpp:165] gyr saturation
W20250111 18:59:52.155205 900045 ImuError.cpp:165] gyr saturation
W20250111 18:59:52.155215 900045 ImuError.cpp:165] gyr saturation
W20250111 18:59:52.155223 900045 ImuError.cpp:165] gyr saturation
W20250111 18:59:52.155232 900045 ImuError.cpp:165] gyr saturation
W20250111 18:59:52.155241 900045 ImuError.cpp:165] gyr saturation
W20250111 18:59:52.155258 900045 ImuError.cpp:165] gyr saturation
W20250111 18:59:52.155267 900045 ImuError.cpp:165] gyr saturation
W20250111 18:59:52.155277 900045 ImuError.cpp:165] gyr saturation
W20250111 18:59:52.155284 900045 ImuError.cpp:165] gyr saturation
W20250111 18:59:52.155292 900045 ImuError.cpp:165] gyr saturation
W20250111 18:59:52.155301 900045 ImuError.cpp:165] gyr saturation
W20250111 18:59:52.155309 900045 ImuError.cpp:165] gyr saturation
W20250111 18:59:52.155318 900045 ImuError.cpp:165] gyr saturation
W20250111 18:59:52.155325 900045 ImuError.cpp:165] gyr saturation
W20250111 18:59:52.156229 685523 Frontend.cpp:615] 3d2d tracking lost. Number of 3d2d-matches: 1
W20250111 18:59:52.169447 900087 ImuError.cpp:165] gyr saturation
W20250111 18:59:52.169535 900087 ImuError.cpp:165] gyr saturation
W20250111 18:59:52.169553 900087 ImuError.cpp:165] gyr saturation
W20250111 18:59:52.169571 900087 ImuError.cpp:165] gyr saturation
W20250111 18:59:52.169584 900087 ImuError.cpp:165] gyr saturation
W20250111 18:59:52.169597 900087 ImuError.cpp:165] gyr saturation
W20250111 18:59:52.169610 900087 ImuError.cpp:165] gyr saturation
W20250111 18:59:52.169620 900087 ImuError.cpp:165] gyr saturation
W20250111 18:59:52.169632 900087 ImuError.cpp:165] gyr saturation
W20250111 18:59:52.169644 900087 ImuError.cpp:165] gyr saturation
W20250111 18:59:52.169656 900087 ImuError.cpp:165] gyr saturation
W20250111 18:59:52.169668 900087 ImuError.cpp:165] gyr saturation
W20250111 18:59:52.169679 900087 ImuError.cpp:165] gyr saturation
W20250111 18:59:52.169692 900087 ImuError.cpp:165] gyr saturation
W20250111 18:59:52.169703 900087 ImuError.cpp:165] gyr saturation
W20250111 18:59:52.169714 900087 ImuError.cpp:165] gyr saturation
W20250111 18:59:52.169726 900087 ImuError.cpp:165] gyr saturation
W20250111 18:59:52.169739 900087 ImuError.cpp:165] gyr saturation
W20250111 18:59:52.169749 900087 ImuError.cpp:165] gyr saturation
W20250111 18:59:52.169761 900087 ImuError.cpp:165] gyr saturation
W20250111 18:59:52.169773 900087 ImuError.cpp:165] gyr saturation
W20250111 18:59:52.169785 900087 ImuError.cpp:165] gyr saturation
W20250111 18:59:52.169796 900087 ImuError.cpp:165] gyr saturation
W20250111 18:59:52.169808 900087 ImuError.cpp:165] gyr saturation
W20250111 18:59:52.169821 900087 ImuError.cpp:165] gyr saturation
W20250111 18:59:52.169838 900087 ImuError.cpp:165] gyr saturation
W20250111 18:59:52.169850 900087 ImuError.cpp:165] gyr saturation
W20250111 18:59:52.169862 900087 ImuError.cpp:165] gyr saturation
W20250111 18:59:52.169874 900087 ImuError.cpp:165] gyr saturation
W20250111 18:59:52.169885 900087 ImuError.cpp:165] gyr saturation
W20250111 18:59:52.169898 900087 ImuError.cpp:165] gyr saturation
W20250111 18:59:52.169988 900087 ImuError.cpp:165] gyr saturation
W20250111 18:59:52.170002 900087 ImuError.cpp:165] gyr saturation
W20250111 18:59:52.170014 900087 ImuError.cpp:165] gyr saturation
W20250111 18:59:52.170025 900087 ImuError.cpp:165] gyr saturation
W20250111 18:59:52.170037 900087 ImuError.cpp:165] gyr saturation
W20250111 18:59:52.170047 900087 ImuError.cpp:165] gyr saturation
W20250111 18:59:52.170058 900087 ImuError.cpp:165] gyr saturation
W20250111 18:59:52.170069 900087 ImuError.cpp:165] gyr saturation
W20250111 18:59:52.170080 900087 ImuError.cpp:165] gyr saturation
W20250111 18:59:52.170091 900087 ImuError.cpp:165] gyr saturation
W20250111 18:59:52.170104 900087 ImuError.cpp:165] gyr saturation
W20250111 18:59:52.170114 900087 ImuError.cpp:165] gyr saturation
W20250111 18:59:52.170125 900087 ImuError.cpp:165] gyr saturation
W20250111 18:59:52.170136 900087 ImuError.cpp:165] gyr saturation
W20250111 18:59:52.170147 900087 ImuError.cpp:165] gyr saturation
W20250111 18:59:52.170159 900087 ImuError.cpp:165] gyr saturation
W20250111 18:59:52.170171 900087 ImuError.cpp:165] gyr saturation
W20250111 18:59:52.170181 900087 ImuError.cpp:165] gyr saturation
W20250111 18:59:52.170192 900087 ImuError.cpp:165] gyr saturation
W20250111 18:59:52.170203 900087 ImuError.cpp:165] gyr saturation
W20250111 18:59:52.170215 900087 ImuError.cpp:165] gyr saturation
W20250111 18:59:52.170246 900087 ImuError.cpp:165] gyr saturation
W20250111 18:59:52.170259 900087 ImuError.cpp:165] gyr saturation
W20250111 18:59:52.170270 900087 ImuError.cpp:165] gyr saturation
W20250111 18:59:52.170282 900087 ImuError.cpp:165] gyr saturation
W20250111 18:59:52.170293 900087 ImuError.cpp:165] gyr saturation
W20250111 18:59:52.170305 900087 ImuError.cpp:165] gyr saturation
W20250111 18:59:52.170318 900087 ImuError.cpp:165] gyr saturation
W20250111 18:59:52.170329 900087 ImuError.cpp:165] gyr saturation
W20250111 18:59:52.170341 900087 ImuError.cpp:165] gyr saturation
W20250111 18:59:52.170353 900087 ImuError.cpp:165] gyr saturation
I20250111 18:59:53.086539 685523 okvis_app_synchronous.cpp:210] OKVIS Timing
-----------
1 DetectAndDescribe                	   3565	00:00:06.948997	(00:00:00.001949 +- 00:00:00.000377)	[00:00:00.000974,00:00:00.003649]
2 Match                            	   3565	00:00:22.914802	(00:00:00.006428 +- 00:00:00.002436)	[00:00:00.000223,00:00:00.013898]
2.01 match to map                  	   3564	00:00:16.518835	(00:00:00.004635 +- 00:00:00.002068)	[00:00:00.000058,00:00:00.011248]
2.02 match motion stereo           	   3564	00:00:04.489980	(00:00:00.001260 +- 00:00:00.000418)	[00:00:00.000049,00:00:00.003645]
2.02.1 match motion stereo: prepare	   3564	00:00:01.021144	(00:00:00.000287 +- 00:00:00.000111)	[00:00:00.000001,00:00:00.000781]
2.10 match stereo                  	    944	00:00:00.035051	(00:00:00.000037 +- 00:00:00.000045)	[00:00:00.000001,00:00:00.000382]
3 Optimise                         	   3564	00:00:57.356656	(00:00:00.016093 +- 00:00:00.009419)	[00:00:00.000864,00:00:00.077830]
4 Prepare publishing               	   3564	00:00:02.882183	(00:00:00.000809 +- 00:00:00.000313)	[00:00:00.000032,00:00:00.002194]
6 Visualising                      	   3564	00:00:00.000819	(00:00:00.000000 +- 00:00:00.000000)	[00:00:00.000000,00:00:00.000006]
7 Marginalise                      	   3564	00:00:06.119528	(00:00:00.001717 +- 00:00:00.000705)	[00:00:00.000004,00:00:00.005953]
7.1 check/handle lost              	   3564	00:00:00.105812	(00:00:00.000030 +- 00:00:00.000020)	[00:00:00.000000,00:00:00.000312]
7.2 eliminate IMU frames           	   3564	00:00:02.746975	(00:00:00.000771 +- 00:00:00.000544)	[00:00:00.000000,00:00:00.003837]
7.3 convert to posegraph           	   1096	00:00:00.865925	(00:00:00.000790 +- 00:00:00.000436)	[00:00:00.000098,00:00:00.003896]
7.4 freezing                       	   3563	00:00:00.003803	(00:00:00.000001 +- 00:00:00.000002)	[00:00:00.000000,00:00:00.000024]
7.6 expand                         	   3535	00:00:00.768850	(00:00:00.000217 +- 00:00:00.000121)	[00:00:00.000021,00:00:00.002125]
7.7 prune place recognition frames 	   3563	00:00:00.781863	(00:00:00.000219 +- 00:00:00.000113)	[00:00:00.000002,00:00:00.000705]
I20250111 18:59:53.086670 685523 okvis_app_synchronous.cpp:219] Progress: 66% (1 [1%/s], ETA: 34s)
I20250111 18:59:53.683748 685523 Frontend.cpp:2274] RANSAC FAIL: 51 inliers, ratio = 0.68
I20250111 18:59:54.202527 685523 Frontend.cpp:2274] RANSAC FAIL: 24 inliers, ratio = 0.666667
I20250111 18:59:54.457249 685523 okvis_app_synchronous.cpp:210] OKVIS Timing
-----------
1 DetectAndDescribe                	   3619	00:00:07.048326	(00:00:00.001948 +- 00:00:00.000375)	[00:00:00.000974,00:00:00.003649]
2 Match                            	   3619	00:00:23.537503	(00:00:00.006504 +- 00:00:00.002496)	[00:00:00.000223,00:00:00.013898]
2.01 match to map                  	   3618	00:00:17.032615	(00:00:00.004708 +- 00:00:00.002137)	[00:00:00.000058,00:00:00.011248]
2.02 match motion stereo           	   3618	00:00:04.566991	(00:00:00.001262 +- 00:00:00.000416)	[00:00:00.000049,00:00:00.003645]
2.02.1 match motion stereo: prepare	   3618	00:00:01.036802	(00:00:00.000287 +- 00:00:00.000110)	[00:00:00.000001,00:00:00.000781]
2.10 match stereo                  	    953	00:00:00.035562	(00:00:00.000037 +- 00:00:00.000045)	[00:00:00.000001,00:00:00.000382]
3 Optimise                         	   3618	00:00:57.972846	(00:00:00.016023 +- 00:00:00.009367)	[00:00:00.000864,00:00:00.077830]
4 Prepare publishing               	   3618	00:00:02.918057	(00:00:00.000807 +- 00:00:00.000312)	[00:00:00.000032,00:00:00.002194]
6 Visualising                      	   3618	00:00:00.000833	(00:00:00.000000 +- 00:00:00.000000)	[00:00:00.000000,00:00:00.000006]
7 Marginalise                      	   3618	00:00:06.208706	(00:00:00.001716 +- 00:00:00.000705)	[00:00:00.000004,00:00:00.005953]
7.1 check/handle lost              	   3618	00:00:00.107015	(00:00:00.000030 +- 00:00:00.000020)	[00:00:00.000000,00:00:00.000312]
7.2 eliminate IMU frames           	   3618	00:00:02.789705	(00:00:00.000771 +- 00:00:00.000542)	[00:00:00.000000,00:00:00.003837]
7.3 convert to posegraph           	   1109	00:00:00.879226	(00:00:00.000793 +- 00:00:00.000442)	[00:00:00.000098,00:00:00.003896]
7.4 freezing                       	   3617	00:00:00.003835	(00:00:00.000001 +- 00:00:00.000002)	[00:00:00.000000,00:00:00.000024]
7.6 expand                         	   3586	00:00:00.779368	(00:00:00.000217 +- 00:00:00.000121)	[00:00:00.000021,00:00:00.002125]
7.7 prune place recognition frames 	   3617	00:00:00.792304	(00:00:00.000219 +- 00:00:00.000113)	[00:00:00.000002,00:00:00.000705]
I20250111 18:59:54.457414 685523 okvis_app_synchronous.cpp:219] Progress: 67% (1 [1%/s], ETA: 33s)
I20250111 18:59:54.566521 685523 Frontend.cpp:2274] RANSAC FAIL: 45 inliers, ratio = 0.681818
I20250111 18:59:55.706332 685523 Frontend.cpp:2274] RANSAC FAIL: 38 inliers, ratio = 0.655172
I20250111 18:59:55.882975 685523 okvis_app_synchronous.cpp:210] OKVIS Timing
-----------
1 DetectAndDescribe                	   3673	00:00:07.151744	(00:00:00.001947 +- 00:00:00.000373)	[00:00:00.000974,00:00:00.003649]
2 Match                            	   3673	00:00:24.186405	(00:00:00.006585 +- 00:00:00.002568)	[00:00:00.000223,00:00:00.015466]
2.01 match to map                  	   3672	00:00:17.561229	(00:00:00.004782 +- 00:00:00.002209)	[00:00:00.000058,00:00:00.012598]
2.02 match motion stereo           	   3672	00:00:04.652728	(00:00:00.001267 +- 00:00:00.000416)	[00:00:00.000049,00:00:00.003645]
2.02.1 match motion stereo: prepare	   3672	00:00:01.054265	(00:00:00.000287 +- 00:00:00.000109)	[00:00:00.000001,00:00:00.000781]
2.10 match stereo                  	    969	00:00:00.035986	(00:00:00.000037 +- 00:00:00.000045)	[00:00:00.000001,00:00:00.000382]
3 Optimise                         	   3672	00:00:58.580068	(00:00:00.015953 +- 00:00:00.009318)	[00:00:00.000864,00:00:00.077830]
4 Prepare publishing               	   3672	00:00:02.960345	(00:00:00.000806 +- 00:00:00.000310)	[00:00:00.000032,00:00:00.002194]
6 Visualising                      	   3672	00:00:00.000845	(00:00:00.000000 +- 00:00:00.000000)	[00:00:00.000000,00:00:00.000006]
7 Marginalise                      	   3672	00:00:06.319871	(00:00:00.001721 +- 00:00:00.000707)	[00:00:00.000004,00:00:00.005953]
7.1 check/handle lost              	   3672	00:00:00.108396	(00:00:00.000030 +- 00:00:00.000020)	[00:00:00.000000,00:00:00.000312]
7.2 eliminate IMU frames           	   3672	00:00:02.826755	(00:00:00.000770 +- 00:00:00.000542)	[00:00:00.000000,00:00:00.003837]
7.3 convert to posegraph           	   1139	00:00:00.909239	(00:00:00.000798 +- 00:00:00.000440)	[00:00:00.000098,00:00:00.003896]
7.4 freezing                       	   3671	00:00:00.003905	(00:00:00.000001 +- 00:00:00.000002)	[00:00:00.000000,00:00:00.000024]
7.6 expand                         	   3639	00:00:00.794740	(00:00:00.000218 +- 00:00:00.000122)	[00:00:00.000021,00:00:00.002125]
7.7 prune place recognition frames 	   3671	00:00:00.805467	(00:00:00.000219 +- 00:00:00.000112)	[00:00:00.000002,00:00:00.000705]
I20250111 18:59:55.883116 685523 okvis_app_synchronous.cpp:219] Progress: 68% (1 [1%/s], ETA: 32s)
I20250111 18:59:57.263510 685523 Frontend.cpp:2274] RANSAC FAIL: 40 inliers, ratio = 0.666667
I20250111 18:59:57.499145 685523 okvis_app_synchronous.cpp:210] OKVIS Timing
-----------
1 DetectAndDescribe                	   3727	00:00:07.259458	(00:00:00.001948 +- 00:00:00.000370)	[00:00:00.000974,00:00:00.003649]
2 Match                            	   3727	00:00:24.858168	(00:00:00.006670 +- 00:00:00.002644)	[00:00:00.000223,00:00:00.015466]
2.01 match to map                  	   3726	00:00:18.111934	(00:00:00.004861 +- 00:00:00.002287)	[00:00:00.000058,00:00:00.012598]
2.02 match motion stereo           	   3726	00:00:04.739387	(00:00:00.001272 +- 00:00:00.000417)	[00:00:00.000049,00:00:00.003645]
2.02.1 match motion stereo: prepare	   3726	00:00:01.073784	(00:00:00.000288 +- 00:00:00.000109)	[00:00:00.000001,00:00:00.000781]
2.10 match stereo                  	    988	00:00:00.036680	(00:00:00.000037 +- 00:00:00.000044)	[00:00:00.000001,00:00:00.000382]
3 Optimise                         	   3726	00:00:59.369448	(00:00:00.015934 +- 00:00:00.009261)	[00:00:00.000864,00:00:00.077830]
4 Prepare publishing               	   3726	00:00:03.006640	(00:00:00.000807 +- 00:00:00.000309)	[00:00:00.000032,00:00:00.002194]
6 Visualising                      	   3726	00:00:00.000856	(00:00:00.000000 +- 00:00:00.000000)	[00:00:00.000000,00:00:00.000006]
7 Marginalise                      	   3726	00:00:06.421515	(00:00:00.001723 +- 00:00:00.000707)	[00:00:00.000004,00:00:00.005953]
7.1 check/handle lost              	   3726	00:00:00.109792	(00:00:00.000029 +- 00:00:00.000020)	[00:00:00.000000,00:00:00.000312]
7.2 eliminate IMU frames           	   3726	00:00:02.861231	(00:00:00.000768 +- 00:00:00.000542)	[00:00:00.000000,00:00:00.003837]
7.3 convert to posegraph           	   1162	00:00:00.932950	(00:00:00.000803 +- 00:00:00.000443)	[00:00:00.000098,00:00:00.003896]
7.4 freezing                       	   3725	00:00:00.003968	(00:00:00.000001 +- 00:00:00.000002)	[00:00:00.000000,00:00:00.000024]
7.6 expand                         	   3691	00:00:00.807680	(00:00:00.000219 +- 00:00:00.000122)	[00:00:00.000021,00:00:00.002125]
7.7 prune place recognition frames 	   3725	00:00:00.819517	(00:00:00.000220 +- 00:00:00.000112)	[00:00:00.000002,00:00:00.000705]
I20250111 18:59:57.499307 685523 okvis_app_synchronous.cpp:219] Progress: 69% (1 [1%/s], ETA: 31s)
I20250111 18:59:58.722570 685523 Frontend.cpp:2274] RANSAC FAIL: 9 inliers, ratio = 0.75
W20250111 18:59:58.753930 685523 Frontend.cpp:612] 3d2d tracking weak: quality=0. Number of 3d2d-matches: 5
W20250111 18:59:58.767253 915381 ViSlamBackend.cpp:466] TRACKING FAILURE: quality=0
W20250111 18:59:58.776844 685523 Frontend.cpp:612] 3d2d tracking weak: quality=0. Number of 3d2d-matches: 8
W20250111 18:59:58.792150 915439 ViSlamBackend.cpp:466] TRACKING FAILURE: quality=0
I20250111 18:59:59.050654 685523 okvis_app_synchronous.cpp:210] OKVIS Timing
-----------
1 DetectAndDescribe                	   3781	00:00:07.365453	(00:00:00.001948 +- 00:00:00.000369)	[00:00:00.000974,00:00:00.003649]
2 Match                            	   3781	00:00:25.544323	(00:00:00.006756 +- 00:00:00.002729)	[00:00:00.000223,00:00:00.015740]
2.01 match to map                  	   3780	00:00:18.684271	(00:00:00.004943 +- 00:00:00.002379)	[00:00:00.000058,00:00:00.013447]
2.02 match motion stereo           	   3780	00:00:04.819255	(00:00:00.001275 +- 00:00:00.000415)	[00:00:00.000049,00:00:00.003645]
2.02.1 match motion stereo: prepare	   3780	00:00:01.091986	(00:00:00.000289 +- 00:00:00.000109)	[00:00:00.000001,00:00:00.000781]
2.10 match stereo                  	   1000	00:00:00.036908	(00:00:00.000037 +- 00:00:00.000044)	[00:00:00.000001,00:00:00.000382]
3 Optimise                         	   3780	00:01:00.090254	(00:00:00.015897 +- 00:00:00.009210)	[00:00:00.000864,00:00:00.077830]
4 Prepare publishing               	   3780	00:00:03.049928	(00:00:00.000807 +- 00:00:00.000309)	[00:00:00.000032,00:00:00.002194]
6 Visualising                      	   3780	00:00:00.000868	(00:00:00.000000 +- 00:00:00.000000)	[00:00:00.000000,00:00:00.000006]
7 Marginalise                      	   3780	00:00:06.515750	(00:00:00.001724 +- 00:00:00.000706)	[00:00:00.000004,00:00:00.005953]
7.1 check/handle lost              	   3780	00:00:00.111477	(00:00:00.000029 +- 00:00:00.000020)	[00:00:00.000000,00:00:00.000312]
7.2 eliminate IMU frames           	   3780	00:00:02.906653	(00:00:00.000769 +- 00:00:00.000541)	[00:00:00.000000,00:00:00.003837]
7.3 convert to posegraph           	   1175	00:00:00.941309	(00:00:00.000801 +- 00:00:00.000442)	[00:00:00.000098,00:00:00.003896]
7.4 freezing                       	   3779	00:00:00.004026	(00:00:00.000001 +- 00:00:00.000002)	[00:00:00.000000,00:00:00.000024]
7.6 expand                         	   3745	00:00:00.819487	(00:00:00.000219 +- 00:00:00.000122)	[00:00:00.000021,00:00:00.002125]
7.7 prune place recognition frames 	   3779	00:00:00.833281	(00:00:00.000221 +- 00:00:00.000112)	[00:00:00.000002,00:00:00.000705]
I20250111 18:59:59.050799 685523 okvis_app_synchronous.cpp:219] Progress: 70% (1 [1%/s], ETA: 30s)
I20250111 18:59:59.631758 685523 Frontend.cpp:2274] RANSAC FAIL: 9 inliers, ratio = 0.818182
I20250111 18:59:59.674911 685523 Frontend.cpp:2274] RANSAC FAIL: 9 inliers, ratio = 0.818182
W20250111 18:59:59.701632 685523 Frontend.cpp:612] 3d2d tracking weak: quality=0. Number of 3d2d-matches: 5
I20250111 19:00:00.345775 685523 okvis_app_synchronous.cpp:210] OKVIS Timing
-----------
1 DetectAndDescribe                	   3835	00:00:07.459708	(00:00:00.001945 +- 00:00:00.000368)	[00:00:00.000974,00:00:00.003649]
2 Match                            	   3835	00:00:26.143452	(00:00:00.006817 +- 00:00:00.002760)	[00:00:00.000223,00:00:00.015740]
2.01 match to map                  	   3834	00:00:19.181155	(00:00:00.005003 +- 00:00:00.002417)	[00:00:00.000058,00:00:00.013447]
2.02 match motion stereo           	   3834	00:00:04.894855	(00:00:00.001277 +- 00:00:00.000413)	[00:00:00.000049,00:00:00.003645]
2.02.1 match motion stereo: prepare	   3834	00:00:01.106017	(00:00:00.000288 +- 00:00:00.000108)	[00:00:00.000001,00:00:00.000781]
2.10 match stereo                  	   1015	00:00:00.037162	(00:00:00.000037 +- 00:00:00.000044)	[00:00:00.000001,00:00:00.000382]
3 Optimise                         	   3834	00:01:00.670527	(00:00:00.015824 +- 00:00:00.009172)	[00:00:00.000864,00:00:00.077830]
4 Prepare publishing               	   3834	00:00:03.082042	(00:00:00.000804 +- 00:00:00.000308)	[00:00:00.000032,00:00:00.002194]
6 Visualising                      	   3834	00:00:00.000879	(00:00:00.000000 +- 00:00:00.000000)	[00:00:00.000000,00:00:00.000006]
7 Marginalise                      	   3834	00:00:06.592486	(00:00:00.001719 +- 00:00:00.000704)	[00:00:00.000004,00:00:00.005953]
7.1 check/handle lost              	   3834	00:00:00.112477	(00:00:00.000029 +- 00:00:00.000020)	[00:00:00.000000,00:00:00.000312]
7.2 eliminate IMU frames           	   3834	00:00:02.940708	(00:00:00.000767 +- 00:00:00.000540)	[00:00:00.000000,00:00:00.003837]
7.3 convert to posegraph           	   1197	00:00:00.955567	(00:00:00.000798 +- 00:00:00.000441)	[00:00:00.000098,00:00:00.003896]
7.4 freezing                       	   3833	00:00:00.004083	(00:00:00.000001 +- 00:00:00.000002)	[00:00:00.000000,00:00:00.000024]
7.6 expand                         	   3796	00:00:00.828945	(00:00:00.000218 +- 00:00:00.000122)	[00:00:00.000021,00:00:00.002125]
7.7 prune place recognition frames 	   3833	00:00:00.841253	(00:00:00.000219 +- 00:00:00.000112)	[00:00:00.000002,00:00:00.000705]
I20250111 19:00:00.345904 685523 okvis_app_synchronous.cpp:219] Progress: 71% (1 [1%/s], ETA: 29s)
W20250111 19:00:00.436724 685523 ImuError.cpp:650] gyr saturation
W20250111 19:00:00.436787 685523 ImuError.cpp:650] gyr saturation
W20250111 19:00:00.436797 685523 ImuError.cpp:650] gyr saturation
W20250111 19:00:00.436803 685523 ImuError.cpp:650] gyr saturation
W20250111 19:00:00.436810 685523 ImuError.cpp:650] gyr saturation
W20250111 19:00:00.436815 685523 ImuError.cpp:650] gyr saturation
W20250111 19:00:00.436820 685523 ImuError.cpp:650] gyr saturation
W20250111 19:00:00.436834 685523 ImuError.cpp:650] gyr saturation
W20250111 19:00:00.436841 685523 ImuError.cpp:650] gyr saturation
W20250111 19:00:00.436846 685523 ImuError.cpp:650] gyr saturation
W20250111 19:00:00.436852 685523 ImuError.cpp:650] gyr saturation
W20250111 19:00:00.436858 685523 ImuError.cpp:650] gyr saturation
W20250111 19:00:00.436878 685523 ImuError.cpp:650] gyr saturation
W20250111 19:00:00.447855 685523 ImuError.cpp:650] gyr saturation
W20250111 19:00:00.447901 685523 ImuError.cpp:650] gyr saturation
W20250111 19:00:00.447907 685523 ImuError.cpp:650] gyr saturation
W20250111 19:00:00.447912 685523 ImuError.cpp:650] gyr saturation
W20250111 19:00:00.447918 685523 ImuError.cpp:650] gyr saturation
W20250111 19:00:00.447923 685523 ImuError.cpp:650] gyr saturation
W20250111 19:00:00.447929 685523 ImuError.cpp:650] gyr saturation
W20250111 19:00:00.447934 685523 ImuError.cpp:650] gyr saturation
W20250111 19:00:00.447939 685523 ImuError.cpp:650] gyr saturation
W20250111 19:00:00.447944 685523 ImuError.cpp:650] gyr saturation
W20250111 19:00:00.447949 685523 ImuError.cpp:650] gyr saturation
W20250111 19:00:00.447954 685523 ImuError.cpp:650] gyr saturation
W20250111 19:00:00.447959 685523 ImuError.cpp:650] gyr saturation
W20250111 19:00:00.448091 685523 ImuError.cpp:650] gyr saturation
W20250111 19:00:00.448097 685523 ImuError.cpp:650] gyr saturation
W20250111 19:00:00.448102 685523 ImuError.cpp:650] gyr saturation
W20250111 19:00:00.448107 685523 ImuError.cpp:650] gyr saturation
W20250111 19:00:00.448113 685523 ImuError.cpp:650] gyr saturation
W20250111 19:00:00.448117 685523 ImuError.cpp:650] gyr saturation
W20250111 19:00:00.448123 685523 ImuError.cpp:650] gyr saturation
W20250111 19:00:00.448128 685523 ImuError.cpp:650] gyr saturation
W20250111 19:00:00.448133 685523 ImuError.cpp:650] gyr saturation
W20250111 19:00:00.448138 685523 ImuError.cpp:650] gyr saturation
W20250111 19:00:00.448143 685523 ImuError.cpp:650] gyr saturation
W20250111 19:00:00.448148 685523 ImuError.cpp:650] gyr saturation
W20250111 19:00:00.448154 685523 ImuError.cpp:650] gyr saturation
W20250111 19:00:00.452466 685523 ImuError.cpp:368] gyr saturation
W20250111 19:00:00.452562 685523 ImuError.cpp:368] gyr saturation
W20250111 19:00:00.452574 685523 ImuError.cpp:368] gyr saturation
W20250111 19:00:00.452585 685523 ImuError.cpp:368] gyr saturation
W20250111 19:00:00.452595 685523 ImuError.cpp:368] gyr saturation
W20250111 19:00:00.452621 685523 ImuError.cpp:368] gyr saturation
W20250111 19:00:00.452632 685523 ImuError.cpp:368] gyr saturation
W20250111 19:00:00.452642 685523 ImuError.cpp:368] gyr saturation
W20250111 19:00:00.452652 685523 ImuError.cpp:368] gyr saturation
W20250111 19:00:00.452663 685523 ImuError.cpp:368] gyr saturation
W20250111 19:00:00.452673 685523 ImuError.cpp:368] gyr saturation
W20250111 19:00:00.452684 685523 ImuError.cpp:368] gyr saturation
W20250111 19:00:00.452694 685523 ImuError.cpp:368] gyr saturation
W20250111 19:00:00.458935 685523 ImuError.cpp:650] gyr saturation
W20250111 19:00:00.458989 685523 ImuError.cpp:650] gyr saturation
W20250111 19:00:00.458997 685523 ImuError.cpp:650] gyr saturation
W20250111 19:00:00.459002 685523 ImuError.cpp:650] gyr saturation
W20250111 19:00:00.459008 685523 ImuError.cpp:650] gyr saturation
W20250111 19:00:00.459014 685523 ImuError.cpp:650] gyr saturation
W20250111 19:00:00.459020 685523 ImuError.cpp:650] gyr saturation
W20250111 19:00:00.459025 685523 ImuError.cpp:650] gyr saturation
W20250111 19:00:00.459031 685523 ImuError.cpp:650] gyr saturation
W20250111 19:00:00.459038 685523 ImuError.cpp:650] gyr saturation
W20250111 19:00:00.459043 685523 ImuError.cpp:650] gyr saturation
W20250111 19:00:00.459048 685523 ImuError.cpp:650] gyr saturation
W20250111 19:00:00.459053 685523 ImuError.cpp:650] gyr saturation
W20250111 19:00:00.459059 685523 ImuError.cpp:650] gyr saturation
W20250111 19:00:00.459064 685523 ImuError.cpp:650] gyr saturation
W20250111 19:00:00.459069 685523 ImuError.cpp:650] gyr saturation
W20250111 19:00:00.459075 685523 ImuError.cpp:650] gyr saturation
W20250111 19:00:00.459080 685523 ImuError.cpp:650] gyr saturation
W20250111 19:00:00.459085 685523 ImuError.cpp:650] gyr saturation
W20250111 19:00:00.459092 685523 ImuError.cpp:650] gyr saturation
W20250111 19:00:00.459097 685523 ImuError.cpp:650] gyr saturation
W20250111 19:00:00.459102 685523 ImuError.cpp:650] gyr saturation
W20250111 19:00:00.459122 685523 ImuError.cpp:650] gyr saturation
W20250111 19:00:00.459127 685523 ImuError.cpp:650] gyr saturation
W20250111 19:00:00.459133 685523 ImuError.cpp:650] gyr saturation
W20250111 19:00:00.459138 685523 ImuError.cpp:650] gyr saturation
W20250111 19:00:00.459143 685523 ImuError.cpp:650] gyr saturation
W20250111 19:00:00.459148 685523 ImuError.cpp:650] gyr saturation
W20250111 19:00:00.459154 685523 ImuError.cpp:650] gyr saturation
W20250111 19:00:00.459159 685523 ImuError.cpp:650] gyr saturation
W20250111 19:00:00.459164 685523 ImuError.cpp:650] gyr saturation
W20250111 19:00:00.459169 685523 ImuError.cpp:650] gyr saturation
W20250111 19:00:00.459174 685523 ImuError.cpp:650] gyr saturation
W20250111 19:00:00.459180 685523 ImuError.cpp:650] gyr saturation
W20250111 19:00:00.459185 685523 ImuError.cpp:650] gyr saturation
W20250111 19:00:00.459192 685523 ImuError.cpp:650] gyr saturation
W20250111 19:00:00.459196 685523 ImuError.cpp:650] gyr saturation
W20250111 19:00:00.459201 685523 ImuError.cpp:650] gyr saturation
W20250111 19:00:00.459206 685523 ImuError.cpp:650] gyr saturation
W20250111 19:00:00.459213 685523 ImuError.cpp:650] gyr saturation
W20250111 19:00:00.459218 685523 ImuError.cpp:650] gyr saturation
W20250111 19:00:00.459223 685523 ImuError.cpp:650] gyr saturation
W20250111 19:00:00.459229 685523 ImuError.cpp:650] gyr saturation
W20250111 19:00:00.459234 685523 ImuError.cpp:650] gyr saturation
W20250111 19:00:00.459239 685523 ImuError.cpp:650] gyr saturation
W20250111 19:00:00.459245 685523 ImuError.cpp:650] gyr saturation
W20250111 19:00:00.459250 685523 ImuError.cpp:650] gyr saturation
W20250111 19:00:00.469882 685523 ImuError.cpp:650] gyr saturation
W20250111 19:00:00.469924 685523 ImuError.cpp:650] gyr saturation
W20250111 19:00:00.469930 685523 ImuError.cpp:650] gyr saturation
W20250111 19:00:00.469935 685523 ImuError.cpp:650] gyr saturation
W20250111 19:00:00.469941 685523 ImuError.cpp:650] gyr saturation
W20250111 19:00:00.469946 685523 ImuError.cpp:650] gyr saturation
W20250111 19:00:00.469951 685523 ImuError.cpp:650] gyr saturation
W20250111 19:00:00.469962 685523 ImuError.cpp:650] gyr saturation
W20250111 19:00:00.469969 685523 ImuError.cpp:650] gyr saturation
W20250111 19:00:00.469973 685523 ImuError.cpp:650] gyr saturation
W20250111 19:00:00.469980 685523 ImuError.cpp:650] gyr saturation
W20250111 19:00:00.469985 685523 ImuError.cpp:650] gyr saturation
W20250111 19:00:00.469990 685523 ImuError.cpp:650] gyr saturation
W20250111 19:00:00.469995 685523 ImuError.cpp:650] gyr saturation
W20250111 19:00:00.470000 685523 ImuError.cpp:650] gyr saturation
W20250111 19:00:00.470005 685523 ImuError.cpp:650] gyr saturation
W20250111 19:00:00.470011 685523 ImuError.cpp:650] gyr saturation
W20250111 19:00:00.470016 685523 ImuError.cpp:650] gyr saturation
W20250111 19:00:00.470022 685523 ImuError.cpp:650] gyr saturation
W20250111 19:00:00.470027 685523 ImuError.cpp:650] gyr saturation
W20250111 19:00:00.470032 685523 ImuError.cpp:650] gyr saturation
W20250111 19:00:00.470038 685523 ImuError.cpp:650] gyr saturation
W20250111 19:00:00.470043 685523 ImuError.cpp:650] gyr saturation
W20250111 19:00:00.470049 685523 ImuError.cpp:650] gyr saturation
W20250111 19:00:00.470054 685523 ImuError.cpp:650] gyr saturation
W20250111 19:00:00.470059 685523 ImuError.cpp:650] gyr saturation
W20250111 19:00:00.470064 685523 ImuError.cpp:650] gyr saturation
W20250111 19:00:00.470070 685523 ImuError.cpp:650] gyr saturation
W20250111 19:00:00.470077 685523 ImuError.cpp:650] gyr saturation
W20250111 19:00:00.470081 685523 ImuError.cpp:650] gyr saturation
W20250111 19:00:00.470088 685523 ImuError.cpp:650] gyr saturation
W20250111 19:00:00.470093 685523 ImuError.cpp:650] gyr saturation
W20250111 19:00:00.470098 685523 ImuError.cpp:650] gyr saturation
W20250111 19:00:00.470103 685523 ImuError.cpp:650] gyr saturation
W20250111 19:00:00.470108 685523 ImuError.cpp:650] gyr saturation
W20250111 19:00:00.470182 685523 ImuError.cpp:650] gyr saturation
W20250111 19:00:00.470189 685523 ImuError.cpp:650] gyr saturation
W20250111 19:00:00.470201 685523 ImuError.cpp:650] gyr saturation
W20250111 19:00:00.470207 685523 ImuError.cpp:650] gyr saturation
W20250111 19:00:00.470212 685523 ImuError.cpp:650] gyr saturation
W20250111 19:00:00.470217 685523 ImuError.cpp:650] gyr saturation
W20250111 19:00:00.470223 685523 ImuError.cpp:650] gyr saturation
W20250111 19:00:00.470228 685523 ImuError.cpp:650] gyr saturation
W20250111 19:00:00.470234 685523 ImuError.cpp:650] gyr saturation
W20250111 19:00:00.470239 685523 ImuError.cpp:650] gyr saturation
W20250111 19:00:00.470244 685523 ImuError.cpp:650] gyr saturation
W20250111 19:00:00.470249 685523 ImuError.cpp:650] gyr saturation
W20250111 19:00:00.470255 685523 ImuError.cpp:650] gyr saturation
W20250111 19:00:00.470261 685523 ImuError.cpp:650] gyr saturation
W20250111 19:00:00.470266 685523 ImuError.cpp:650] gyr saturation
W20250111 19:00:00.470273 685523 ImuError.cpp:650] gyr saturation
W20250111 19:00:00.470278 685523 ImuError.cpp:650] gyr saturation
W20250111 19:00:00.470283 685523 ImuError.cpp:650] gyr saturation
W20250111 19:00:00.470288 685523 ImuError.cpp:650] gyr saturation
W20250111 19:00:00.470293 685523 ImuError.cpp:650] gyr saturation
W20250111 19:00:00.470299 685523 ImuError.cpp:650] gyr saturation
W20250111 19:00:00.470304 685523 ImuError.cpp:650] gyr saturation
W20250111 19:00:00.470309 685523 ImuError.cpp:650] gyr saturation
W20250111 19:00:00.470314 685523 ImuError.cpp:650] gyr saturation
W20250111 19:00:00.470319 685523 ImuError.cpp:650] gyr saturation
W20250111 19:00:00.470324 685523 ImuError.cpp:650] gyr saturation
W20250111 19:00:00.470330 685523 ImuError.cpp:650] gyr saturation
W20250111 19:00:00.470335 685523 ImuError.cpp:650] gyr saturation
W20250111 19:00:00.470341 685523 ImuError.cpp:650] gyr saturation
W20250111 19:00:00.470346 685523 ImuError.cpp:650] gyr saturation
W20250111 19:00:00.470351 685523 ImuError.cpp:650] gyr saturation
W20250111 19:00:00.470357 685523 ImuError.cpp:650] gyr saturation
W20250111 19:00:00.470362 685523 ImuError.cpp:650] gyr saturation
W20250111 19:00:00.470367 685523 ImuError.cpp:650] gyr saturation
W20250111 19:00:00.470374 685523 ImuError.cpp:650] gyr saturation
W20250111 19:00:00.474140 685523 ImuError.cpp:368] gyr saturation
W20250111 19:00:00.474225 685523 ImuError.cpp:368] gyr saturation
W20250111 19:00:00.474237 685523 ImuError.cpp:368] gyr saturation
W20250111 19:00:00.474248 685523 ImuError.cpp:368] gyr saturation
W20250111 19:00:00.474259 685523 ImuError.cpp:368] gyr saturation
W20250111 19:00:00.474269 685523 ImuError.cpp:368] gyr saturation
W20250111 19:00:00.474280 685523 ImuError.cpp:368] gyr saturation
W20250111 19:00:00.474290 685523 ImuError.cpp:368] gyr saturation
W20250111 19:00:00.474300 685523 ImuError.cpp:368] gyr saturation
W20250111 19:00:00.474311 685523 ImuError.cpp:368] gyr saturation
W20250111 19:00:00.474323 685523 ImuError.cpp:368] gyr saturation
W20250111 19:00:00.474332 685523 ImuError.cpp:368] gyr saturation
W20250111 19:00:00.474344 685523 ImuError.cpp:368] gyr saturation
W20250111 19:00:00.474354 685523 ImuError.cpp:368] gyr saturation
W20250111 19:00:00.474364 685523 ImuError.cpp:368] gyr saturation
W20250111 19:00:00.474375 685523 ImuError.cpp:368] gyr saturation
W20250111 19:00:00.474386 685523 ImuError.cpp:368] gyr saturation
W20250111 19:00:00.474396 685523 ImuError.cpp:368] gyr saturation
W20250111 19:00:00.474407 685523 ImuError.cpp:368] gyr saturation
W20250111 19:00:00.474417 685523 ImuError.cpp:368] gyr saturation
W20250111 19:00:00.474428 685523 ImuError.cpp:368] gyr saturation
W20250111 19:00:00.474439 685523 ImuError.cpp:368] gyr saturation
W20250111 19:00:00.474449 685523 ImuError.cpp:368] gyr saturation
W20250111 19:00:00.474460 685523 ImuError.cpp:368] gyr saturation
W20250111 19:00:00.474470 685523 ImuError.cpp:368] gyr saturation
W20250111 19:00:00.474481 685523 ImuError.cpp:368] gyr saturation
W20250111 19:00:00.474491 685523 ImuError.cpp:368] gyr saturation
W20250111 19:00:00.474503 685523 ImuError.cpp:368] gyr saturation
W20250111 19:00:00.474512 685523 ImuError.cpp:368] gyr saturation
W20250111 19:00:00.474543 685523 ImuError.cpp:368] gyr saturation
W20250111 19:00:00.474555 685523 ImuError.cpp:368] gyr saturation
W20250111 19:00:00.474565 685523 ImuError.cpp:368] gyr saturation
W20250111 19:00:00.474575 685523 ImuError.cpp:368] gyr saturation
W20250111 19:00:00.474586 685523 ImuError.cpp:368] gyr saturation
W20250111 19:00:00.474597 685523 ImuError.cpp:368] gyr saturation
W20250111 19:00:00.480659 685523 ImuError.cpp:650] gyr saturation
W20250111 19:00:00.480713 685523 ImuError.cpp:650] gyr saturation
W20250111 19:00:00.480722 685523 ImuError.cpp:650] gyr saturation
W20250111 19:00:00.480728 685523 ImuError.cpp:650] gyr saturation
W20250111 19:00:00.480734 685523 ImuError.cpp:650] gyr saturation
W20250111 19:00:00.480739 685523 ImuError.cpp:650] gyr saturation
W20250111 19:00:00.480744 685523 ImuError.cpp:650] gyr saturation
W20250111 19:00:00.480749 685523 ImuError.cpp:650] gyr saturation
W20250111 19:00:00.480754 685523 ImuError.cpp:650] gyr saturation
W20250111 19:00:00.480760 685523 ImuError.cpp:650] gyr saturation
W20250111 19:00:00.480765 685523 ImuError.cpp:650] gyr saturation
W20250111 19:00:00.480772 685523 ImuError.cpp:650] gyr saturation
W20250111 19:00:00.480779 685523 ImuError.cpp:650] gyr saturation
W20250111 19:00:00.480785 685523 ImuError.cpp:650] gyr saturation
W20250111 19:00:00.480790 685523 ImuError.cpp:650] gyr saturation
W20250111 19:00:00.480796 685523 ImuError.cpp:650] gyr saturation
W20250111 19:00:00.480803 685523 ImuError.cpp:650] gyr saturation
W20250111 19:00:00.480808 685523 ImuError.cpp:650] gyr saturation
W20250111 19:00:00.480813 685523 ImuError.cpp:650] gyr saturation
W20250111 19:00:00.480821 685523 ImuError.cpp:650] gyr saturation
W20250111 19:00:00.480839 685523 ImuError.cpp:650] gyr saturation
W20250111 19:00:00.480844 685523 ImuError.cpp:650] gyr saturation
W20250111 19:00:00.480851 685523 ImuError.cpp:650] gyr saturation
W20250111 19:00:00.480857 685523 ImuError.cpp:650] gyr saturation
W20250111 19:00:00.480863 685523 ImuError.cpp:650] gyr saturation
W20250111 19:00:00.480868 685523 ImuError.cpp:650] gyr saturation
W20250111 19:00:00.480875 685523 ImuError.cpp:650] gyr saturation
W20250111 19:00:00.480892 685523 ImuError.cpp:650] gyr saturation
W20250111 19:00:00.480901 685523 ImuError.cpp:650] gyr saturation
W20250111 19:00:00.480906 685523 ImuError.cpp:650] gyr saturation
W20250111 19:00:00.480912 685523 ImuError.cpp:650] gyr saturation
W20250111 19:00:00.480917 685523 ImuError.cpp:650] gyr saturation
W20250111 19:00:00.480926 685523 ImuError.cpp:650] gyr saturation
W20250111 19:00:00.480933 685523 ImuError.cpp:650] gyr saturation
W20250111 19:00:00.480938 685523 ImuError.cpp:650] gyr saturation
W20250111 19:00:00.480947 685523 ImuError.cpp:650] gyr saturation
W20250111 19:00:00.480954 685523 ImuError.cpp:650] gyr saturation
W20250111 19:00:00.480960 685523 ImuError.cpp:650] gyr saturation
W20250111 19:00:00.480967 685523 ImuError.cpp:650] gyr saturation
W20250111 19:00:00.480973 685523 ImuError.cpp:650] gyr saturation
W20250111 19:00:00.480979 685523 ImuError.cpp:650] gyr saturation
W20250111 19:00:00.480986 685523 ImuError.cpp:650] gyr saturation
W20250111 19:00:00.480993 685523 ImuError.cpp:650] gyr saturation
W20250111 19:00:00.480998 685523 ImuError.cpp:650] gyr saturation
W20250111 19:00:00.481004 685523 ImuError.cpp:650] gyr saturation
W20250111 19:00:00.481010 685523 ImuError.cpp:650] gyr saturation
W20250111 19:00:00.481017 685523 ImuError.cpp:650] gyr saturation
W20250111 19:00:00.481022 685523 ImuError.cpp:650] gyr saturation
W20250111 19:00:00.481029 685523 ImuError.cpp:650] gyr saturation
W20250111 19:00:00.481036 685523 ImuError.cpp:650] gyr saturation
W20250111 19:00:00.481042 685523 ImuError.cpp:650] gyr saturation
W20250111 19:00:00.481050 685523 ImuError.cpp:650] gyr saturation
W20250111 19:00:00.481055 685523 ImuError.cpp:650] gyr saturation
W20250111 19:00:00.481060 685523 ImuError.cpp:650] gyr saturation
W20250111 19:00:00.481065 685523 ImuError.cpp:650] gyr saturation
W20250111 19:00:00.481071 685523 ImuError.cpp:650] gyr saturation
W20250111 19:00:00.481084 685523 ImuError.cpp:650] gyr saturation
W20250111 19:00:00.481093 685523 ImuError.cpp:650] gyr saturation
W20250111 19:00:00.481098 685523 ImuError.cpp:650] gyr saturation
W20250111 19:00:00.481104 685523 ImuError.cpp:650] gyr saturation
W20250111 19:00:00.481110 685523 ImuError.cpp:650] gyr saturation
W20250111 19:00:00.481117 685523 ImuError.cpp:650] gyr saturation
W20250111 19:00:00.481122 685523 ImuError.cpp:650] gyr saturation
W20250111 19:00:00.481127 685523 ImuError.cpp:650] gyr saturation
W20250111 19:00:00.481133 685523 ImuError.cpp:650] gyr saturation
W20250111 19:00:00.481139 685523 ImuError.cpp:650] gyr saturation
W20250111 19:00:00.481145 685523 ImuError.cpp:650] gyr saturation
W20250111 19:00:00.481151 685523 ImuError.cpp:650] gyr saturation
W20250111 19:00:00.495023 685523 ImuError.cpp:650] gyr saturation
W20250111 19:00:00.495086 685523 ImuError.cpp:650] gyr saturation
W20250111 19:00:00.495095 685523 ImuError.cpp:650] gyr saturation
W20250111 19:00:00.495102 685523 ImuError.cpp:650] gyr saturation
W20250111 19:00:00.495108 685523 ImuError.cpp:650] gyr saturation
W20250111 19:00:00.495114 685523 ImuError.cpp:650] gyr saturation
W20250111 19:00:00.495119 685523 ImuError.cpp:650] gyr saturation
W20250111 19:00:00.495126 685523 ImuError.cpp:650] gyr saturation
W20250111 19:00:00.495131 685523 ImuError.cpp:650] gyr saturation
W20250111 19:00:00.495136 685523 ImuError.cpp:650] gyr saturation
W20250111 19:00:00.495142 685523 ImuError.cpp:650] gyr saturation
W20250111 19:00:00.495148 685523 ImuError.cpp:650] gyr saturation
W20250111 19:00:00.495155 685523 ImuError.cpp:650] gyr saturation
W20250111 19:00:00.495160 685523 ImuError.cpp:650] gyr saturation
W20250111 19:00:00.495167 685523 ImuError.cpp:650] gyr saturation
W20250111 19:00:00.495172 685523 ImuError.cpp:650] gyr saturation
W20250111 19:00:00.495177 685523 ImuError.cpp:650] gyr saturation
W20250111 19:00:00.495183 685523 ImuError.cpp:650] gyr saturation
W20250111 19:00:00.495188 685523 ImuError.cpp:650] gyr saturation
W20250111 19:00:00.495194 685523 ImuError.cpp:650] gyr saturation
W20250111 19:00:00.495201 685523 ImuError.cpp:650] gyr saturation
W20250111 19:00:00.495213 685523 ImuError.cpp:650] gyr saturation
W20250111 19:00:00.495220 685523 ImuError.cpp:650] gyr saturation
W20250111 19:00:00.495225 685523 ImuError.cpp:650] gyr saturation
W20250111 19:00:00.495231 685523 ImuError.cpp:650] gyr saturation
W20250111 19:00:00.495237 685523 ImuError.cpp:650] gyr saturation
W20250111 19:00:00.495242 685523 ImuError.cpp:650] gyr saturation
W20250111 19:00:00.495247 685523 ImuError.cpp:650] gyr saturation
W20250111 19:00:00.495252 685523 ImuError.cpp:650] gyr saturation
W20250111 19:00:00.495258 685523 ImuError.cpp:650] gyr saturation
W20250111 19:00:00.495263 685523 ImuError.cpp:650] gyr saturation
W20250111 19:00:00.495268 685523 ImuError.cpp:650] gyr saturation
W20250111 19:00:00.495273 685523 ImuError.cpp:650] gyr saturation
W20250111 19:00:00.495280 685523 ImuError.cpp:650] gyr saturation
W20250111 19:00:00.495316 685523 ImuError.cpp:650] gyr saturation
W20250111 19:00:00.495321 685523 ImuError.cpp:650] gyr saturation
W20250111 19:00:00.495328 685523 ImuError.cpp:650] gyr saturation
W20250111 19:00:00.495333 685523 ImuError.cpp:650] gyr saturation
W20250111 19:00:00.495339 685523 ImuError.cpp:650] gyr saturation
W20250111 19:00:00.495344 685523 ImuError.cpp:650] gyr saturation
W20250111 19:00:00.495349 685523 ImuError.cpp:650] gyr saturation
W20250111 19:00:00.495354 685523 ImuError.cpp:650] gyr saturation
W20250111 19:00:00.495361 685523 ImuError.cpp:650] gyr saturation
W20250111 19:00:00.495366 685523 ImuError.cpp:650] gyr saturation
W20250111 19:00:00.495373 685523 ImuError.cpp:650] gyr saturation
W20250111 19:00:00.495378 685523 ImuError.cpp:650] gyr saturation
W20250111 19:00:00.495383 685523 ImuError.cpp:650] gyr saturation
W20250111 19:00:00.495388 685523 ImuError.cpp:650] gyr saturation
W20250111 19:00:00.495393 685523 ImuError.cpp:650] gyr saturation
W20250111 19:00:00.495400 685523 ImuError.cpp:650] gyr saturation
W20250111 19:00:00.495412 685523 ImuError.cpp:650] gyr saturation
W20250111 19:00:00.495421 685523 ImuError.cpp:650] gyr saturation
W20250111 19:00:00.495429 685523 ImuError.cpp:650] gyr saturation
W20250111 19:00:00.495434 685523 ImuError.cpp:650] gyr saturation
W20250111 19:00:00.495441 685523 ImuError.cpp:650] gyr saturation
W20250111 19:00:00.495446 685523 ImuError.cpp:650] gyr saturation
W20250111 19:00:00.495452 685523 ImuError.cpp:650] gyr saturation
W20250111 19:00:00.495458 685523 ImuError.cpp:650] gyr saturation
W20250111 19:00:00.495465 685523 ImuError.cpp:650] gyr saturation
W20250111 19:00:00.495471 685523 ImuError.cpp:650] gyr saturation
W20250111 19:00:00.495476 685523 ImuError.cpp:650] gyr saturation
W20250111 19:00:00.495482 685523 ImuError.cpp:650] gyr saturation
W20250111 19:00:00.495487 685523 ImuError.cpp:650] gyr saturation
W20250111 19:00:00.495493 685523 ImuError.cpp:650] gyr saturation
W20250111 19:00:00.495500 685523 ImuError.cpp:650] gyr saturation
W20250111 19:00:00.495507 685523 ImuError.cpp:650] gyr saturation
W20250111 19:00:00.495512 685523 ImuError.cpp:650] gyr saturation
W20250111 19:00:00.495519 685523 ImuError.cpp:650] gyr saturation
W20250111 19:00:00.499543 685523 ImuError.cpp:368] gyr saturation
W20250111 19:00:00.499625 685523 ImuError.cpp:368] gyr saturation
W20250111 19:00:00.499637 685523 ImuError.cpp:368] gyr saturation
W20250111 19:00:00.499648 685523 ImuError.cpp:368] gyr saturation
W20250111 19:00:00.499660 685523 ImuError.cpp:368] gyr saturation
W20250111 19:00:00.499671 685523 ImuError.cpp:368] gyr saturation
W20250111 19:00:00.499682 685523 ImuError.cpp:368] gyr saturation
W20250111 19:00:00.499693 685523 ImuError.cpp:368] gyr saturation
W20250111 19:00:00.499704 685523 ImuError.cpp:368] gyr saturation
W20250111 19:00:00.499715 685523 ImuError.cpp:368] gyr saturation
W20250111 19:00:00.499727 685523 ImuError.cpp:368] gyr saturation
W20250111 19:00:00.499737 685523 ImuError.cpp:368] gyr saturation
W20250111 19:00:00.499747 685523 ImuError.cpp:368] gyr saturation
W20250111 19:00:00.499758 685523 ImuError.cpp:368] gyr saturation
W20250111 19:00:00.499768 685523 ImuError.cpp:368] gyr saturation
W20250111 19:00:00.499790 685523 ImuError.cpp:368] gyr saturation
W20250111 19:00:00.499801 685523 ImuError.cpp:368] gyr saturation
W20250111 19:00:00.499812 685523 ImuError.cpp:368] gyr saturation
W20250111 19:00:00.499822 685523 ImuError.cpp:368] gyr saturation
W20250111 19:00:00.499841 685523 ImuError.cpp:368] gyr saturation
W20250111 19:00:00.499851 685523 ImuError.cpp:368] gyr saturation
W20250111 19:00:00.499862 685523 ImuError.cpp:368] gyr saturation
W20250111 19:00:00.499873 685523 ImuError.cpp:368] gyr saturation
W20250111 19:00:00.499884 685523 ImuError.cpp:368] gyr saturation
W20250111 19:00:00.499894 685523 ImuError.cpp:368] gyr saturation
W20250111 19:00:00.499905 685523 ImuError.cpp:368] gyr saturation
W20250111 19:00:00.499917 685523 ImuError.cpp:368] gyr saturation
W20250111 19:00:00.499926 685523 ImuError.cpp:368] gyr saturation
W20250111 19:00:00.499938 685523 ImuError.cpp:368] gyr saturation
W20250111 19:00:00.499948 685523 ImuError.cpp:368] gyr saturation
W20250111 19:00:00.499958 685523 ImuError.cpp:368] gyr saturation
W20250111 19:00:00.499969 685523 ImuError.cpp:368] gyr saturation
W20250111 19:00:00.499980 685523 ImuError.cpp:368] gyr saturation
W20250111 19:00:00.499991 685523 ImuError.cpp:368] gyr saturation
W20250111 19:00:00.506163 685523 ImuError.cpp:650] gyr saturation
W20250111 19:00:00.506227 685523 ImuError.cpp:650] gyr saturation
W20250111 19:00:00.506235 685523 ImuError.cpp:650] gyr saturation
W20250111 19:00:00.506240 685523 ImuError.cpp:650] gyr saturation
W20250111 19:00:00.506246 685523 ImuError.cpp:650] gyr saturation
W20250111 19:00:00.506251 685523 ImuError.cpp:650] gyr saturation
W20250111 19:00:00.506258 685523 ImuError.cpp:650] gyr saturation
W20250111 19:00:00.506264 685523 ImuError.cpp:650] gyr saturation
W20250111 19:00:00.506270 685523 ImuError.cpp:650] gyr saturation
W20250111 19:00:00.506276 685523 ImuError.cpp:650] gyr saturation
W20250111 19:00:00.506299 685523 ImuError.cpp:650] gyr saturation
W20250111 19:00:00.506304 685523 ImuError.cpp:650] gyr saturation
W20250111 19:00:00.506309 685523 ImuError.cpp:650] gyr saturation
W20250111 19:00:00.506314 685523 ImuError.cpp:650] gyr saturation
W20250111 19:00:00.506318 685523 ImuError.cpp:650] gyr saturation
W20250111 19:00:00.506322 685523 ImuError.cpp:650] gyr saturation
W20250111 19:00:00.506326 685523 ImuError.cpp:650] gyr saturation
W20250111 19:00:00.506331 685523 ImuError.cpp:650] gyr saturation
W20250111 19:00:00.506335 685523 ImuError.cpp:650] gyr saturation
W20250111 19:00:00.506340 685523 ImuError.cpp:650] gyr saturation
W20250111 19:00:00.506345 685523 ImuError.cpp:650] gyr saturation
W20250111 19:00:00.506350 685523 ImuError.cpp:650] gyr saturation
W20250111 19:00:00.506353 685523 ImuError.cpp:650] gyr saturation
W20250111 19:00:00.506358 685523 ImuError.cpp:650] gyr saturation
W20250111 19:00:00.506363 685523 ImuError.cpp:650] gyr saturation
W20250111 19:00:00.506368 685523 ImuError.cpp:650] gyr saturation
W20250111 19:00:00.506373 685523 ImuError.cpp:650] gyr saturation
W20250111 19:00:00.506381 685523 ImuError.cpp:650] gyr saturation
W20250111 19:00:00.506385 685523 ImuError.cpp:650] gyr saturation
W20250111 19:00:00.506390 685523 ImuError.cpp:650] gyr saturation
W20250111 19:00:00.506397 685523 ImuError.cpp:650] gyr saturation
W20250111 19:00:00.506403 685523 ImuError.cpp:650] gyr saturation
W20250111 19:00:00.506408 685523 ImuError.cpp:650] gyr saturation
W20250111 19:00:00.506414 685523 ImuError.cpp:650] gyr saturation
W20250111 19:00:00.506420 685523 ImuError.cpp:650] gyr saturation
W20250111 19:00:00.506426 685523 ImuError.cpp:650] gyr saturation
W20250111 19:00:00.506433 685523 ImuError.cpp:650] gyr saturation
W20250111 19:00:00.506438 685523 ImuError.cpp:650] gyr saturation
W20250111 19:00:00.506444 685523 ImuError.cpp:650] gyr saturation
W20250111 19:00:00.506451 685523 ImuError.cpp:650] gyr saturation
W20250111 19:00:00.506457 685523 ImuError.cpp:650] gyr saturation
W20250111 19:00:00.506464 685523 ImuError.cpp:650] gyr saturation
W20250111 19:00:00.506469 685523 ImuError.cpp:650] gyr saturation
W20250111 19:00:00.506479 685523 ImuError.cpp:650] gyr saturation
W20250111 19:00:00.506486 685523 ImuError.cpp:650] gyr saturation
W20250111 19:00:00.506493 685523 ImuError.cpp:650] gyr saturation
W20250111 19:00:00.506500 685523 ImuError.cpp:650] gyr saturation
W20250111 19:00:00.506506 685523 ImuError.cpp:650] gyr saturation
W20250111 19:00:00.506513 685523 ImuError.cpp:650] gyr saturation
W20250111 19:00:00.506520 685523 ImuError.cpp:650] gyr saturation
W20250111 19:00:00.506525 685523 ImuError.cpp:650] gyr saturation
W20250111 19:00:00.506531 685523 ImuError.cpp:650] gyr saturation
W20250111 19:00:00.506537 685523 ImuError.cpp:650] gyr saturation
W20250111 19:00:00.506542 685523 ImuError.cpp:650] gyr saturation
W20250111 19:00:00.506548 685523 ImuError.cpp:650] gyr saturation
W20250111 19:00:00.506554 685523 ImuError.cpp:650] gyr saturation
W20250111 19:00:00.506559 685523 ImuError.cpp:650] gyr saturation
W20250111 19:00:00.506565 685523 ImuError.cpp:650] gyr saturation
W20250111 19:00:00.506572 685523 ImuError.cpp:650] gyr saturation
W20250111 19:00:00.506577 685523 ImuError.cpp:650] gyr saturation
W20250111 19:00:00.506583 685523 ImuError.cpp:650] gyr saturation
W20250111 19:00:00.506589 685523 ImuError.cpp:650] gyr saturation
W20250111 19:00:00.506594 685523 ImuError.cpp:650] gyr saturation
W20250111 19:00:00.506599 685523 ImuError.cpp:650] gyr saturation
W20250111 19:00:00.506605 685523 ImuError.cpp:650] gyr saturation
W20250111 19:00:00.506610 685523 ImuError.cpp:650] gyr saturation
W20250111 19:00:00.519816 920539 ImuError.cpp:165] gyr saturation
W20250111 19:00:00.519917 920539 ImuError.cpp:165] gyr saturation
W20250111 19:00:00.519929 920539 ImuError.cpp:165] gyr saturation
W20250111 19:00:00.519940 920539 ImuError.cpp:165] gyr saturation
W20250111 19:00:00.519951 920539 ImuError.cpp:165] gyr saturation
W20250111 19:00:00.519963 920539 ImuError.cpp:165] gyr saturation
W20250111 19:00:00.519990 920539 ImuError.cpp:165] gyr saturation
W20250111 19:00:00.520004 920539 ImuError.cpp:165] gyr saturation
W20250111 19:00:00.520015 920539 ImuError.cpp:165] gyr saturation
W20250111 19:00:00.520025 920539 ImuError.cpp:165] gyr saturation
W20250111 19:00:00.520036 920539 ImuError.cpp:165] gyr saturation
W20250111 19:00:00.520046 920539 ImuError.cpp:165] gyr saturation
W20250111 19:00:00.520057 920539 ImuError.cpp:165] gyr saturation
W20250111 19:00:00.520326 920539 ImuError.cpp:165] gyr saturation
W20250111 19:00:00.520339 920539 ImuError.cpp:165] gyr saturation
W20250111 19:00:00.520350 920539 ImuError.cpp:165] gyr saturation
W20250111 19:00:00.520360 920539 ImuError.cpp:165] gyr saturation
W20250111 19:00:00.520371 920539 ImuError.cpp:165] gyr saturation
W20250111 19:00:00.520381 920539 ImuError.cpp:165] gyr saturation
W20250111 19:00:00.520392 920539 ImuError.cpp:165] gyr saturation
W20250111 19:00:00.520403 920539 ImuError.cpp:165] gyr saturation
W20250111 19:00:00.520413 920539 ImuError.cpp:165] gyr saturation
W20250111 19:00:00.520424 920539 ImuError.cpp:165] gyr saturation
W20250111 19:00:00.520434 920539 ImuError.cpp:165] gyr saturation
W20250111 19:00:00.520445 920539 ImuError.cpp:165] gyr saturation
W20250111 19:00:00.520455 920539 ImuError.cpp:165] gyr saturation
W20250111 19:00:00.521100 685523 ImuError.cpp:650] gyr saturation
W20250111 19:00:00.521118 685523 ImuError.cpp:650] gyr saturation
W20250111 19:00:00.521126 685523 ImuError.cpp:650] gyr saturation
W20250111 19:00:00.521132 685523 ImuError.cpp:650] gyr saturation
W20250111 19:00:00.521138 685523 ImuError.cpp:650] gyr saturation
W20250111 19:00:00.521143 685523 ImuError.cpp:650] gyr saturation
W20250111 19:00:00.521149 685523 ImuError.cpp:650] gyr saturation
W20250111 19:00:00.521155 685523 ImuError.cpp:650] gyr saturation
W20250111 19:00:00.521162 685523 ImuError.cpp:650] gyr saturation
W20250111 19:00:00.521167 685523 ImuError.cpp:650] gyr saturation
W20250111 19:00:00.521173 685523 ImuError.cpp:650] gyr saturation
W20250111 19:00:00.521178 685523 ImuError.cpp:650] gyr saturation
W20250111 19:00:00.521184 685523 ImuError.cpp:650] gyr saturation
W20250111 19:00:00.521193 685523 ImuError.cpp:650] gyr saturation
W20250111 19:00:00.521198 685523 ImuError.cpp:650] gyr saturation
W20250111 19:00:00.521203 685523 ImuError.cpp:650] gyr saturation
W20250111 19:00:00.521209 685523 ImuError.cpp:650] gyr saturation
W20250111 19:00:00.521215 685523 ImuError.cpp:650] gyr saturation
W20250111 19:00:00.521222 685523 ImuError.cpp:650] gyr saturation
W20250111 19:00:00.521229 685523 ImuError.cpp:650] gyr saturation
W20250111 19:00:00.521234 685523 ImuError.cpp:650] gyr saturation
W20250111 19:00:00.521238 685523 ImuError.cpp:650] gyr saturation
W20250111 19:00:00.521245 685523 ImuError.cpp:650] gyr saturation
W20250111 19:00:00.521250 685523 ImuError.cpp:650] gyr saturation
W20250111 19:00:00.521255 685523 ImuError.cpp:650] gyr saturation
W20250111 19:00:00.521261 685523 ImuError.cpp:650] gyr saturation
W20250111 19:00:00.521266 685523 ImuError.cpp:650] gyr saturation
W20250111 19:00:00.521272 685523 ImuError.cpp:650] gyr saturation
W20250111 19:00:00.521278 685523 ImuError.cpp:650] gyr saturation
W20250111 19:00:00.521283 685523 ImuError.cpp:650] gyr saturation
W20250111 19:00:00.521289 685523 ImuError.cpp:650] gyr saturation
W20250111 19:00:00.521294 685523 ImuError.cpp:650] gyr saturation
W20250111 19:00:00.521299 685523 ImuError.cpp:650] gyr saturation
W20250111 19:00:00.521363 685523 ImuError.cpp:650] gyr saturation
W20250111 19:00:00.521370 685523 ImuError.cpp:650] gyr saturation
W20250111 19:00:00.521376 685523 ImuError.cpp:650] gyr saturation
W20250111 19:00:00.521381 685523 ImuError.cpp:650] gyr saturation
W20250111 19:00:00.521387 685523 ImuError.cpp:650] gyr saturation
W20250111 19:00:00.521392 685523 ImuError.cpp:650] gyr saturation
W20250111 19:00:00.521397 685523 ImuError.cpp:650] gyr saturation
W20250111 19:00:00.521404 685523 ImuError.cpp:650] gyr saturation
W20250111 19:00:00.521409 685523 ImuError.cpp:650] gyr saturation
W20250111 19:00:00.521421 685523 ImuError.cpp:650] gyr saturation
W20250111 19:00:00.521426 685523 ImuError.cpp:650] gyr saturation
W20250111 19:00:00.521432 685523 ImuError.cpp:650] gyr saturation
W20250111 19:00:00.521438 685523 ImuError.cpp:650] gyr saturation
W20250111 19:00:00.521445 685523 ImuError.cpp:650] gyr saturation
W20250111 19:00:00.521449 685523 ImuError.cpp:650] gyr saturation
W20250111 19:00:00.521454 685523 ImuError.cpp:650] gyr saturation
W20250111 19:00:00.521461 685523 ImuError.cpp:650] gyr saturation
W20250111 19:00:00.521466 685523 ImuError.cpp:650] gyr saturation
W20250111 19:00:00.521472 685523 ImuError.cpp:650] gyr saturation
W20250111 19:00:00.521478 685523 ImuError.cpp:650] gyr saturation
W20250111 19:00:00.521483 685523 ImuError.cpp:650] gyr saturation
W20250111 19:00:00.521488 685523 ImuError.cpp:650] gyr saturation
W20250111 19:00:00.521493 685523 ImuError.cpp:650] gyr saturation
W20250111 19:00:00.521498 685523 ImuError.cpp:650] gyr saturation
W20250111 19:00:00.521503 685523 ImuError.cpp:650] gyr saturation
W20250111 19:00:00.521509 685523 ImuError.cpp:650] gyr saturation
W20250111 19:00:00.521514 685523 ImuError.cpp:650] gyr saturation
W20250111 19:00:00.521520 685523 ImuError.cpp:650] gyr saturation
W20250111 19:00:00.521526 685523 ImuError.cpp:650] gyr saturation
W20250111 19:00:00.521533 685523 ImuError.cpp:650] gyr saturation
W20250111 19:00:00.521538 685523 ImuError.cpp:650] gyr saturation
W20250111 19:00:00.521543 685523 ImuError.cpp:650] gyr saturation
W20250111 19:00:00.521548 685523 ImuError.cpp:650] gyr saturation
W20250111 19:00:00.525657 685523 ImuError.cpp:368] gyr saturation
W20250111 19:00:00.525761 685523 ImuError.cpp:368] gyr saturation
W20250111 19:00:00.525774 685523 ImuError.cpp:368] gyr saturation
W20250111 19:00:00.525785 685523 ImuError.cpp:368] gyr saturation
W20250111 19:00:00.525796 685523 ImuError.cpp:368] gyr saturation
W20250111 19:00:00.525807 685523 ImuError.cpp:368] gyr saturation
W20250111 19:00:00.525817 685523 ImuError.cpp:368] gyr saturation
W20250111 19:00:00.525835 685523 ImuError.cpp:368] gyr saturation
W20250111 19:00:00.525847 685523 ImuError.cpp:368] gyr saturation
W20250111 19:00:00.525867 685523 ImuError.cpp:368] gyr saturation
W20250111 19:00:00.525878 685523 ImuError.cpp:368] gyr saturation
W20250111 19:00:00.525888 685523 ImuError.cpp:368] gyr saturation
W20250111 19:00:00.525899 685523 ImuError.cpp:368] gyr saturation
W20250111 19:00:00.525910 685523 ImuError.cpp:368] gyr saturation
W20250111 19:00:00.525920 685523 ImuError.cpp:368] gyr saturation
W20250111 19:00:00.525931 685523 ImuError.cpp:368] gyr saturation
W20250111 19:00:00.525942 685523 ImuError.cpp:368] gyr saturation
W20250111 19:00:00.525954 685523 ImuError.cpp:368] gyr saturation
W20250111 19:00:00.525964 685523 ImuError.cpp:368] gyr saturation
W20250111 19:00:00.525974 685523 ImuError.cpp:368] gyr saturation
W20250111 19:00:00.525985 685523 ImuError.cpp:368] gyr saturation
W20250111 19:00:00.525995 685523 ImuError.cpp:368] gyr saturation
W20250111 19:00:00.526006 685523 ImuError.cpp:368] gyr saturation
W20250111 19:00:00.526016 685523 ImuError.cpp:368] gyr saturation
W20250111 19:00:00.526027 685523 ImuError.cpp:368] gyr saturation
W20250111 19:00:00.526037 685523 ImuError.cpp:368] gyr saturation
W20250111 19:00:00.526048 685523 ImuError.cpp:368] gyr saturation
W20250111 19:00:00.526058 685523 ImuError.cpp:368] gyr saturation
W20250111 19:00:00.526069 685523 ImuError.cpp:368] gyr saturation
W20250111 19:00:00.526080 685523 ImuError.cpp:368] gyr saturation
W20250111 19:00:00.526090 685523 ImuError.cpp:368] gyr saturation
W20250111 19:00:00.526101 685523 ImuError.cpp:368] gyr saturation
W20250111 19:00:00.526113 685523 ImuError.cpp:368] gyr saturation
W20250111 19:00:00.531997 685523 ImuError.cpp:650] gyr saturation
W20250111 19:00:00.532052 685523 ImuError.cpp:650] gyr saturation
W20250111 19:00:00.532059 685523 ImuError.cpp:650] gyr saturation
W20250111 19:00:00.532065 685523 ImuError.cpp:650] gyr saturation
W20250111 19:00:00.532070 685523 ImuError.cpp:650] gyr saturation
W20250111 19:00:00.532090 685523 ImuError.cpp:650] gyr saturation
W20250111 19:00:00.532096 685523 ImuError.cpp:650] gyr saturation
W20250111 19:00:00.532104 685523 ImuError.cpp:650] gyr saturation
W20250111 19:00:00.532109 685523 ImuError.cpp:650] gyr saturation
W20250111 19:00:00.532114 685523 ImuError.cpp:650] gyr saturation
W20250111 19:00:00.532119 685523 ImuError.cpp:650] gyr saturation
W20250111 19:00:00.532124 685523 ImuError.cpp:650] gyr saturation
W20250111 19:00:00.532130 685523 ImuError.cpp:650] gyr saturation
W20250111 19:00:00.532136 685523 ImuError.cpp:650] gyr saturation
W20250111 19:00:00.532141 685523 ImuError.cpp:650] gyr saturation
W20250111 19:00:00.532146 685523 ImuError.cpp:650] gyr saturation
W20250111 19:00:00.532151 685523 ImuError.cpp:650] gyr saturation
W20250111 19:00:00.532156 685523 ImuError.cpp:650] gyr saturation
W20250111 19:00:00.532163 685523 ImuError.cpp:650] gyr saturation
W20250111 19:00:00.532169 685523 ImuError.cpp:650] gyr saturation
W20250111 19:00:00.532174 685523 ImuError.cpp:650] gyr saturation
W20250111 19:00:00.532181 685523 ImuError.cpp:650] gyr saturation
W20250111 19:00:00.532187 685523 ImuError.cpp:650] gyr saturation
W20250111 19:00:00.532193 685523 ImuError.cpp:650] gyr saturation
W20250111 19:00:00.532198 685523 ImuError.cpp:650] gyr saturation
W20250111 19:00:00.532204 685523 ImuError.cpp:650] gyr saturation
W20250111 19:00:00.532210 685523 ImuError.cpp:650] gyr saturation
W20250111 19:00:00.532217 685523 ImuError.cpp:650] gyr saturation
W20250111 19:00:00.532222 685523 ImuError.cpp:650] gyr saturation
W20250111 19:00:00.532228 685523 ImuError.cpp:650] gyr saturation
W20250111 19:00:00.532234 685523 ImuError.cpp:650] gyr saturation
W20250111 19:00:00.532241 685523 ImuError.cpp:650] gyr saturation
W20250111 19:00:00.532248 685523 ImuError.cpp:650] gyr saturation
I20250111 19:00:02.085762 685523 okvis_app_synchronous.cpp:210] OKVIS Timing
-----------
1 DetectAndDescribe                	   3889	00:00:07.570825	(00:00:00.001947 +- 00:00:00.000366)	[00:00:00.000974,00:00:00.003649]
2 Match                            	   3889	00:00:26.892547	(00:00:00.006915 +- 00:00:00.002869)	[00:00:00.000223,00:00:00.016618]
2.01 match to map                  	   3888	00:00:19.801772	(00:00:00.005093 +- 00:00:00.002524)	[00:00:00.000058,00:00:00.014279]
2.02 match motion stereo           	   3888	00:00:04.983646	(00:00:00.001282 +- 00:00:00.000414)	[00:00:00.000049,00:00:00.003645]
2.02.1 match motion stereo: prepare	   3888	00:00:01.127597	(00:00:00.000290 +- 00:00:00.000109)	[00:00:00.000001,00:00:00.000781]
2.10 match stereo                  	   1030	00:00:00.037868	(00:00:00.000037 +- 00:00:00.000044)	[00:00:00.000001,00:00:00.000382]
3 Optimise                         	   3888	00:01:01.489231	(00:00:00.015815 +- 00:00:00.009124)	[00:00:00.000864,00:00:00.077830]
4 Prepare publishing               	   3888	00:00:03.134967	(00:00:00.000806 +- 00:00:00.000309)	[00:00:00.000032,00:00:00.002194]
6 Visualising                      	   3888	00:00:00.000891	(00:00:00.000000 +- 00:00:00.000000)	[00:00:00.000000,00:00:00.000006]
7 Marginalise                      	   3888	00:00:06.704687	(00:00:00.001724 +- 00:00:00.000707)	[00:00:00.000004,00:00:00.005953]
7.1 check/handle lost              	   3888	00:00:00.114154	(00:00:00.000029 +- 00:00:00.000020)	[00:00:00.000000,00:00:00.000312]
7.2 eliminate IMU frames           	   3888	00:00:02.981853	(00:00:00.000767 +- 00:00:00.000540)	[00:00:00.000000,00:00:00.003837]
7.3 convert to posegraph           	   1222	00:00:00.976145	(00:00:00.000799 +- 00:00:00.000439)	[00:00:00.000098,00:00:00.003896]
7.4 freezing                       	   3887	00:00:00.004148	(00:00:00.000001 +- 00:00:00.000002)	[00:00:00.000000,00:00:00.000024]
7.6 expand                         	   3850	00:00:00.845530	(00:00:00.000220 +- 00:00:00.000122)	[00:00:00.000021,00:00:00.002125]
7.7 prune place recognition frames 	   3887	00:00:00.856912	(00:00:00.000220 +- 00:00:00.000113)	[00:00:00.000002,00:00:00.000758]
I20250111 19:00:02.085903 685523 okvis_app_synchronous.cpp:219] Progress: 72% (1 [1%/s], ETA: 28s)
I20250111 19:00:03.921023 685523 okvis_app_synchronous.cpp:210] OKVIS Timing
-----------
1 DetectAndDescribe                	   3943	00:00:07.679929	(00:00:00.001948 +- 00:00:00.000364)	[00:00:00.000974,00:00:00.003649]
2 Match                            	   3943	00:00:27.688966	(00:00:00.007022 +- 00:00:00.002994)	[00:00:00.000223,00:00:00.017606]
2.01 match to map                  	   3942	00:00:20.462513	(00:00:00.005191 +- 00:00:00.002642)	[00:00:00.000058,00:00:00.014279]
2.02 match motion stereo           	   3942	00:00:05.076009	(00:00:00.001288 +- 00:00:00.000415)	[00:00:00.000049,00:00:00.003645]
2.02.1 match motion stereo: prepare	   3942	00:00:01.152453	(00:00:00.000292 +- 00:00:00.000110)	[00:00:00.000001,00:00:00.000781]
2.10 match stereo                  	   1037	00:00:00.038333	(00:00:00.000037 +- 00:00:00.000044)	[00:00:00.000001,00:00:00.000382]
3 Optimise                         	   3942	00:01:02.311192	(00:00:00.015807 +- 00:00:00.009067)	[00:00:00.000864,00:00:00.077830]
4 Prepare publishing               	   3942	00:00:03.194112	(00:00:00.000810 +- 00:00:00.000311)	[00:00:00.000032,00:00:00.002233]
6 Visualising                      	   3942	00:00:00.000903	(00:00:00.000000 +- 00:00:00.000000)	[00:00:00.000000,00:00:00.000006]
7 Marginalise                      	   3942	00:00:06.854882	(00:00:00.001739 +- 00:00:00.000724)	[00:00:00.000004,00:00:00.005953]
7.1 check/handle lost              	   3942	00:00:00.116134	(00:00:00.000029 +- 00:00:00.000020)	[00:00:00.000000,00:00:00.000312]
7.2 eliminate IMU frames           	   3942	00:00:03.036950	(00:00:00.000770 +- 00:00:00.000541)	[00:00:00.000000,00:00:00.003837]
7.3 convert to posegraph           	   1248	00:00:01.009971	(00:00:00.000809 +- 00:00:00.000449)	[00:00:00.000098,00:00:00.003896]
7.4 freezing                       	   3941	00:00:00.004196	(00:00:00.000001 +- 00:00:00.000002)	[00:00:00.000000,00:00:00.000024]
7.6 expand                         	   3903	00:00:00.867400	(00:00:00.000222 +- 00:00:00.000126)	[00:00:00.000021,00:00:00.002125]
7.7 prune place recognition frames 	   3941	00:00:00.875354	(00:00:00.000222 +- 00:00:00.000113)	[00:00:00.000002,00:00:00.000758]
I20250111 19:00:03.921190 685523 okvis_app_synchronous.cpp:219] Progress: 73% (1 [1%/s], ETA: 27s)
I20250111 19:00:05.778697 685523 okvis_app_synchronous.cpp:210] OKVIS Timing
-----------
1 DetectAndDescribe                	   3997	00:00:07.794397	(00:00:00.001950 +- 00:00:00.000363)	[00:00:00.000974,00:00:00.003649]
2 Match                            	   3997	00:00:28.492113	(00:00:00.007128 +- 00:00:00.003111)	[00:00:00.000223,00:00:00.020424]
2.01 match to map                  	   3996	00:00:21.128375	(00:00:00.005287 +- 00:00:00.002752)	[00:00:00.000058,00:00:00.016164]
2.02 match motion stereo           	   3996	00:00:05.167469	(00:00:00.001293 +- 00:00:00.000417)	[00:00:00.000049,00:00:00.003645]
2.02.1 match motion stereo: prepare	   3996	00:00:01.177436	(00:00:00.000295 +- 00:00:00.000112)	[00:00:00.000001,00:00:00.000781]
2.10 match stereo                  	   1040	00:00:00.038526	(00:00:00.000037 +- 00:00:00.000044)	[00:00:00.000001,00:00:00.000382]
3 Optimise                         	   3996	00:01:03.140315	(00:00:00.015801 +- 00:00:00.009011)	[00:00:00.000864,00:00:00.077830]
4 Prepare publishing               	   3996	00:00:03.255563	(00:00:00.000815 +- 00:00:00.000313)	[00:00:00.000032,00:00:00.002233]
6 Visualising                      	   3996	00:00:00.000915	(00:00:00.000000 +- 00:00:00.000000)	[00:00:00.000000,00:00:00.000006]
7 Marginalise                      	   3996	00:00:07.011234	(00:00:00.001755 +- 00:00:00.000744)	[00:00:00.000004,00:00:00.007388]
7.1 check/handle lost              	   3996	00:00:00.118307	(00:00:00.000030 +- 00:00:00.000020)	[00:00:00.000000,00:00:00.000312]
7.2 eliminate IMU frames           	   3996	00:00:03.100115	(00:00:00.000776 +- 00:00:00.000541)	[00:00:00.000000,00:00:00.003837]
7.3 convert to posegraph           	   1272	00:00:01.040261	(00:00:00.000818 +- 00:00:00.000465)	[00:00:00.000098,00:00:00.004523]
7.4 freezing                       	   3995	00:00:00.004242	(00:00:00.000001 +- 00:00:00.000002)	[00:00:00.000000,00:00:00.000024]
7.6 expand                         	   3954	00:00:00.890444	(00:00:00.000225 +- 00:00:00.000135)	[00:00:00.000021,00:00:00.002295]
7.7 prune place recognition frames 	   3995	00:00:00.894194	(00:00:00.000224 +- 00:00:00.000115)	[00:00:00.000002,00:00:00.001052]
I20250111 19:00:05.778896 685523 okvis_app_synchronous.cpp:219] Progress: 74% (1 [1%/s], ETA: 26s)
I20250111 19:00:07.443853 685523 Frontend.cpp:2274] RANSAC FAIL: 81 inliers, ratio = 0.6
I20250111 19:00:07.615783 685523 okvis_app_synchronous.cpp:210] OKVIS Timing
-----------
1 DetectAndDescribe                	   4051	00:00:07.907554	(00:00:00.001952 +- 00:00:00.000361)	[00:00:00.000974,00:00:00.003649]
2 Match                            	   4051	00:00:29.302683	(00:00:00.007233 +- 00:00:00.003221)	[00:00:00.000223,00:00:00.020424]
2.01 match to map                  	   4050	00:00:21.802881	(00:00:00.005383 +- 00:00:00.002857)	[00:00:00.000058,00:00:00.016164]
2.02 match motion stereo           	   4050	00:00:05.258714	(00:00:00.001298 +- 00:00:00.000418)	[00:00:00.000049,00:00:00.003645]
2.02.1 match motion stereo: prepare	   4050	00:00:01.202256	(00:00:00.000297 +- 00:00:00.000113)	[00:00:00.000001,00:00:00.000781]
2.10 match stereo                  	   1047	00:00:00.039139	(00:00:00.000037 +- 00:00:00.000044)	[00:00:00.000001,00:00:00.000382]
3 Optimise                         	   4050	00:01:03.953574	(00:00:00.015791 +- 00:00:00.008953)	[00:00:00.000864,00:00:00.077830]
4 Prepare publishing               	   4050	00:00:03.314736	(00:00:00.000818 +- 00:00:00.000314)	[00:00:00.000032,00:00:00.002233]
6 Visualising                      	   4050	00:00:00.000925	(00:00:00.000000 +- 00:00:00.000000)	[00:00:00.000000,00:00:00.000006]
7 Marginalise                      	   4050	00:00:07.157879	(00:00:00.001767 +- 00:00:00.000760)	[00:00:00.000004,00:00:00.007388]
7.1 check/handle lost              	   4050	00:00:00.120510	(00:00:00.000030 +- 00:00:00.000020)	[00:00:00.000000,00:00:00.000312]
7.2 eliminate IMU frames           	   4050	00:00:03.160363	(00:00:00.000780 +- 00:00:00.000542)	[00:00:00.000000,00:00:00.003837]
7.3 convert to posegraph           	   1288	00:00:01.065687	(00:00:00.000827 +- 00:00:00.000480)	[00:00:00.000098,00:00:00.004523]
7.4 freezing                       	   4049	00:00:00.004279	(00:00:00.000001 +- 00:00:00.000002)	[00:00:00.000000,00:00:00.000024]
7.6 expand                         	   4003	00:00:00.910839	(00:00:00.000228 +- 00:00:00.000141)	[00:00:00.000021,00:00:00.002295]
7.7 prune place recognition frames 	   4049	00:00:00.913648	(00:00:00.000226 +- 00:00:00.000116)	[00:00:00.000002,00:00:00.001052]
I20250111 19:00:07.615924 685523 okvis_app_synchronous.cpp:219] Progress: 75% (1 [1%/s], ETA: 25s)
I20250111 19:00:08.062503 685523 Frontend.cpp:2274] RANSAC FAIL: 23 inliers, ratio = 0.69697
I20250111 19:00:08.111910 685523 Frontend.cpp:2274] RANSAC FAIL: 16 inliers, ratio = 0.666667
I20250111 19:00:08.244222 685523 Frontend.cpp:2274] RANSAC FAIL: 41 inliers, ratio = 0.672131
I20250111 19:00:08.668581 685523 Frontend.cpp:2274] RANSAC FAIL: 47 inliers, ratio = 0.652778
I20250111 19:00:09.558750 685523 okvis_app_synchronous.cpp:210] OKVIS Timing
-----------
1 DetectAndDescribe                	   4106	00:00:08.017289	(00:00:00.001953 +- 00:00:00.000360)	[00:00:00.000974,00:00:00.003649]
2 Match                            	   4106	00:00:30.074079	(00:00:00.007324 +- 00:00:00.003297)	[00:00:00.000223,00:00:00.020424]
2.01 match to map                  	   4105	00:00:22.417169	(00:00:00.005461 +- 00:00:00.002917)	[00:00:00.000058,00:00:00.016164]
2.02 match motion stereo           	   4105	00:00:05.372532	(00:00:00.001309 +- 00:00:00.000426)	[00:00:00.000049,00:00:00.003645]
2.02.1 match motion stereo: prepare	   4105	00:00:01.226085	(00:00:00.000299 +- 00:00:00.000114)	[00:00:00.000001,00:00:00.000781]
2.10 match stereo                  	   1090	00:00:00.040702	(00:00:00.000037 +- 00:00:00.000043)	[00:00:00.000001,00:00:00.000382]
3 Optimise                         	   4105	00:01:04.966281	(00:00:00.015826 +- 00:00:00.008956)	[00:00:00.000864,00:00:00.077830]
4 Prepare publishing               	   4105	00:00:03.364142	(00:00:00.000820 +- 00:00:00.000314)	[00:00:00.000032,00:00:00.002233]
6 Visualising                      	   4105	00:00:00.000936	(00:00:00.000000 +- 00:00:00.000000)	[00:00:00.000000,00:00:00.000006]
7 Marginalise                      	   4105	00:00:07.259635	(00:00:00.001768 +- 00:00:00.000758)	[00:00:00.000004,00:00:00.007388]
7.1 check/handle lost              	   4105	00:00:00.121851	(00:00:00.000030 +- 00:00:00.000019)	[00:00:00.000000,00:00:00.000312]
7.2 eliminate IMU frames           	   4105	00:00:03.173362	(00:00:00.000773 +- 00:00:00.000544)	[00:00:00.000000,00:00:00.003837]
7.3 convert to posegraph           	   1331	00:00:01.107324	(00:00:00.000832 +- 00:00:00.000475)	[00:00:00.000098,00:00:00.004523]
7.4 freezing                       	   4104	00:00:00.004381	(00:00:00.000001 +- 00:00:00.000002)	[00:00:00.000000,00:00:00.000024]
7.6 expand                         	   4058	00:00:00.926123	(00:00:00.000228 +- 00:00:00.000140)	[00:00:00.000021,00:00:00.002295]
7.7 prune place recognition frames 	   4104	00:00:00.926323	(00:00:00.000226 +- 00:00:00.000115)	[00:00:00.000002,00:00:00.001052]
I20250111 19:00:09.558938 685523 okvis_app_synchronous.cpp:219] Progress: 76% (1 [1%/s], ETA: 24s)
W20250111 19:00:12.368732 685523 ImuError.cpp:650] gyr saturation
W20250111 19:00:12.368795 685523 ImuError.cpp:650] gyr saturation
W20250111 19:00:12.368804 685523 ImuError.cpp:650] gyr saturation
W20250111 19:00:12.368813 685523 ImuError.cpp:650] gyr saturation
W20250111 19:00:12.368818 685523 ImuError.cpp:650] gyr saturation
W20250111 19:00:12.368841 685523 ImuError.cpp:650] gyr saturation
W20250111 19:00:12.368849 685523 ImuError.cpp:650] gyr saturation
W20250111 19:00:12.368855 685523 ImuError.cpp:650] gyr saturation
W20250111 19:00:12.368862 685523 ImuError.cpp:650] gyr saturation
W20250111 19:00:12.368868 685523 ImuError.cpp:650] gyr saturation
W20250111 19:00:12.368875 685523 ImuError.cpp:650] gyr saturation
W20250111 19:00:12.368880 685523 ImuError.cpp:650] gyr saturation
W20250111 19:00:12.368887 685523 ImuError.cpp:650] gyr saturation
W20250111 19:00:12.368894 685523 ImuError.cpp:650] gyr saturation
W20250111 19:00:12.368901 685523 ImuError.cpp:650] gyr saturation
W20250111 19:00:12.368906 685523 ImuError.cpp:650] gyr saturation
W20250111 19:00:12.368911 685523 ImuError.cpp:650] gyr saturation
W20250111 19:00:12.405247 685523 ImuError.cpp:650] gyr saturation
W20250111 19:00:12.405295 685523 ImuError.cpp:650] gyr saturation
W20250111 19:00:12.405304 685523 ImuError.cpp:650] gyr saturation
W20250111 19:00:12.405309 685523 ImuError.cpp:650] gyr saturation
W20250111 19:00:12.405314 685523 ImuError.cpp:650] gyr saturation
W20250111 19:00:12.405321 685523 ImuError.cpp:650] gyr saturation
W20250111 19:00:12.405328 685523 ImuError.cpp:650] gyr saturation
W20250111 19:00:12.405335 685523 ImuError.cpp:650] gyr saturation
W20250111 19:00:12.405341 685523 ImuError.cpp:650] gyr saturation
W20250111 19:00:12.405346 685523 ImuError.cpp:650] gyr saturation
W20250111 19:00:12.405351 685523 ImuError.cpp:650] gyr saturation
W20250111 19:00:12.405367 685523 ImuError.cpp:650] gyr saturation
W20250111 19:00:12.405375 685523 ImuError.cpp:650] gyr saturation
W20250111 19:00:12.405380 685523 ImuError.cpp:650] gyr saturation
W20250111 19:00:12.405385 685523 ImuError.cpp:650] gyr saturation
W20250111 19:00:12.405390 685523 ImuError.cpp:650] gyr saturation
W20250111 19:00:12.405396 685523 ImuError.cpp:650] gyr saturation
W20250111 19:00:12.406148 685523 ImuError.cpp:650] gyr saturation
W20250111 19:00:12.406174 685523 ImuError.cpp:650] gyr saturation
W20250111 19:00:12.406180 685523 ImuError.cpp:650] gyr saturation
W20250111 19:00:12.406185 685523 ImuError.cpp:650] gyr saturation
W20250111 19:00:12.406190 685523 ImuError.cpp:650] gyr saturation
W20250111 19:00:12.406196 685523 ImuError.cpp:650] gyr saturation
W20250111 19:00:12.406201 685523 ImuError.cpp:650] gyr saturation
W20250111 19:00:12.406206 685523 ImuError.cpp:650] gyr saturation
W20250111 19:00:12.406211 685523 ImuError.cpp:650] gyr saturation
W20250111 19:00:12.406215 685523 ImuError.cpp:650] gyr saturation
W20250111 19:00:12.406221 685523 ImuError.cpp:650] gyr saturation
W20250111 19:00:12.406226 685523 ImuError.cpp:650] gyr saturation
W20250111 19:00:12.406231 685523 ImuError.cpp:650] gyr saturation
W20250111 19:00:12.406236 685523 ImuError.cpp:650] gyr saturation
W20250111 19:00:12.406241 685523 ImuError.cpp:650] gyr saturation
W20250111 19:00:12.406246 685523 ImuError.cpp:650] gyr saturation
W20250111 19:00:12.406252 685523 ImuError.cpp:650] gyr saturation
W20250111 19:00:12.411980 685523 ImuError.cpp:368] gyr saturation
W20250111 19:00:12.412050 685523 ImuError.cpp:368] gyr saturation
W20250111 19:00:12.412063 685523 ImuError.cpp:368] gyr saturation
W20250111 19:00:12.412074 685523 ImuError.cpp:368] gyr saturation
W20250111 19:00:12.412086 685523 ImuError.cpp:368] gyr saturation
W20250111 19:00:12.412097 685523 ImuError.cpp:368] gyr saturation
W20250111 19:00:12.412108 685523 ImuError.cpp:368] gyr saturation
W20250111 19:00:12.412119 685523 ImuError.cpp:368] gyr saturation
W20250111 19:00:12.412129 685523 ImuError.cpp:368] gyr saturation
W20250111 19:00:12.412140 685523 ImuError.cpp:368] gyr saturation
W20250111 19:00:12.412151 685523 ImuError.cpp:368] gyr saturation
W20250111 19:00:12.412163 685523 ImuError.cpp:368] gyr saturation
W20250111 19:00:12.412173 685523 ImuError.cpp:368] gyr saturation
W20250111 19:00:12.412184 685523 ImuError.cpp:368] gyr saturation
W20250111 19:00:12.412194 685523 ImuError.cpp:368] gyr saturation
W20250111 19:00:12.412205 685523 ImuError.cpp:368] gyr saturation
W20250111 19:00:12.412226 685523 ImuError.cpp:368] gyr saturation
W20250111 19:00:12.420322 685523 ImuError.cpp:650] gyr saturation
W20250111 19:00:12.420382 685523 ImuError.cpp:650] gyr saturation
W20250111 19:00:12.420388 685523 ImuError.cpp:650] gyr saturation
W20250111 19:00:12.420396 685523 ImuError.cpp:650] gyr saturation
W20250111 19:00:12.420404 685523 ImuError.cpp:650] gyr saturation
W20250111 19:00:12.420413 685523 ImuError.cpp:650] gyr saturation
W20250111 19:00:12.420418 685523 ImuError.cpp:650] gyr saturation
W20250111 19:00:12.420424 685523 ImuError.cpp:650] gyr saturation
W20250111 19:00:12.420430 685523 ImuError.cpp:650] gyr saturation
W20250111 19:00:12.420435 685523 ImuError.cpp:650] gyr saturation
W20250111 19:00:12.420441 685523 ImuError.cpp:650] gyr saturation
W20250111 19:00:12.420446 685523 ImuError.cpp:650] gyr saturation
W20250111 19:00:12.420452 685523 ImuError.cpp:650] gyr saturation
W20250111 19:00:12.420459 685523 ImuError.cpp:650] gyr saturation
W20250111 19:00:12.420464 685523 ImuError.cpp:650] gyr saturation
W20250111 19:00:12.420468 685523 ImuError.cpp:650] gyr saturation
W20250111 19:00:12.420475 685523 ImuError.cpp:650] gyr saturation
W20250111 19:00:12.420480 685523 ImuError.cpp:650] gyr saturation
W20250111 19:00:12.420486 685523 ImuError.cpp:650] gyr saturation
W20250111 19:00:12.420492 685523 ImuError.cpp:650] gyr saturation
W20250111 19:00:12.420500 685523 ImuError.cpp:650] gyr saturation
W20250111 19:00:12.420506 685523 ImuError.cpp:650] gyr saturation
W20250111 19:00:12.420527 685523 ImuError.cpp:650] gyr saturation
W20250111 19:00:12.420534 685523 ImuError.cpp:650] gyr saturation
W20250111 19:00:12.420540 685523 ImuError.cpp:650] gyr saturation
W20250111 19:00:12.420547 685523 ImuError.cpp:650] gyr saturation
W20250111 19:00:12.420552 685523 ImuError.cpp:650] gyr saturation
W20250111 19:00:12.420558 685523 ImuError.cpp:650] gyr saturation
W20250111 19:00:12.420562 685523 ImuError.cpp:650] gyr saturation
W20250111 19:00:12.420568 685523 ImuError.cpp:650] gyr saturation
W20250111 19:00:12.420574 685523 ImuError.cpp:650] gyr saturation
W20250111 19:00:12.420580 685523 ImuError.cpp:650] gyr saturation
W20250111 19:00:12.420586 685523 ImuError.cpp:650] gyr saturation
W20250111 19:00:12.420593 685523 ImuError.cpp:650] gyr saturation
W20250111 19:00:12.420599 685523 ImuError.cpp:650] gyr saturation
W20250111 19:00:12.420606 685523 ImuError.cpp:650] gyr saturation
W20250111 19:00:12.420611 685523 ImuError.cpp:650] gyr saturation
W20250111 19:00:12.420617 685523 ImuError.cpp:650] gyr saturation
W20250111 19:00:12.420624 685523 ImuError.cpp:650] gyr saturation
W20250111 19:00:12.420629 685523 ImuError.cpp:650] gyr saturation
W20250111 19:00:12.420634 685523 ImuError.cpp:650] gyr saturation
W20250111 19:00:12.420640 685523 ImuError.cpp:650] gyr saturation
W20250111 19:00:12.420645 685523 ImuError.cpp:650] gyr saturation
W20250111 19:00:12.420652 685523 ImuError.cpp:650] gyr saturation
W20250111 19:00:12.420657 685523 ImuError.cpp:650] gyr saturation
W20250111 19:00:12.420663 685523 ImuError.cpp:650] gyr saturation
W20250111 19:00:12.420668 685523 ImuError.cpp:650] gyr saturation
W20250111 19:00:12.420675 685523 ImuError.cpp:650] gyr saturation
W20250111 19:00:12.420679 685523 ImuError.cpp:650] gyr saturation
W20250111 19:00:12.420686 685523 ImuError.cpp:650] gyr saturation
W20250111 19:00:12.420691 685523 ImuError.cpp:650] gyr saturation
W20250111 19:00:12.448765 685523 ImuError.cpp:650] gyr saturation
W20250111 19:00:12.448812 685523 ImuError.cpp:650] gyr saturation
W20250111 19:00:12.448818 685523 ImuError.cpp:650] gyr saturation
W20250111 19:00:12.448827 685523 ImuError.cpp:650] gyr saturation
W20250111 19:00:12.448832 685523 ImuError.cpp:650] gyr saturation
W20250111 19:00:12.448837 685523 ImuError.cpp:650] gyr saturation
W20250111 19:00:12.448841 685523 ImuError.cpp:650] gyr saturation
W20250111 19:00:12.448848 685523 ImuError.cpp:650] gyr saturation
W20250111 19:00:12.448851 685523 ImuError.cpp:650] gyr saturation
W20250111 19:00:12.448856 685523 ImuError.cpp:650] gyr saturation
W20250111 19:00:12.448868 685523 ImuError.cpp:650] gyr saturation
W20250111 19:00:12.448873 685523 ImuError.cpp:650] gyr saturation
W20250111 19:00:12.448879 685523 ImuError.cpp:650] gyr saturation
W20250111 19:00:12.448884 685523 ImuError.cpp:650] gyr saturation
W20250111 19:00:12.448889 685523 ImuError.cpp:650] gyr saturation
W20250111 19:00:12.448894 685523 ImuError.cpp:650] gyr saturation
W20250111 19:00:12.448899 685523 ImuError.cpp:650] gyr saturation
W20250111 19:00:12.448904 685523 ImuError.cpp:650] gyr saturation
W20250111 19:00:12.448909 685523 ImuError.cpp:650] gyr saturation
W20250111 19:00:12.448915 685523 ImuError.cpp:650] gyr saturation
W20250111 19:00:12.448920 685523 ImuError.cpp:650] gyr saturation
W20250111 19:00:12.448925 685523 ImuError.cpp:650] gyr saturation
W20250111 19:00:12.448930 685523 ImuError.cpp:650] gyr saturation
W20250111 19:00:12.448935 685523 ImuError.cpp:650] gyr saturation
W20250111 19:00:12.448940 685523 ImuError.cpp:650] gyr saturation
W20250111 19:00:12.448944 685523 ImuError.cpp:650] gyr saturation
W20250111 19:00:12.448949 685523 ImuError.cpp:650] gyr saturation
W20250111 19:00:12.448954 685523 ImuError.cpp:650] gyr saturation
W20250111 19:00:12.448959 685523 ImuError.cpp:650] gyr saturation
W20250111 19:00:12.448964 685523 ImuError.cpp:650] gyr saturation
W20250111 19:00:12.448971 685523 ImuError.cpp:650] gyr saturation
W20250111 19:00:12.448976 685523 ImuError.cpp:650] gyr saturation
W20250111 19:00:12.448980 685523 ImuError.cpp:650] gyr saturation
W20250111 19:00:12.448990 685523 ImuError.cpp:650] gyr saturation
W20250111 19:00:12.448997 685523 ImuError.cpp:650] gyr saturation
W20250111 19:00:12.449227 685523 ImuError.cpp:650] gyr saturation
W20250111 19:00:12.449239 685523 ImuError.cpp:650] gyr saturation
W20250111 19:00:12.449244 685523 ImuError.cpp:650] gyr saturation
W20250111 19:00:12.449249 685523 ImuError.cpp:650] gyr saturation
W20250111 19:00:12.449254 685523 ImuError.cpp:650] gyr saturation
W20250111 19:00:12.449258 685523 ImuError.cpp:650] gyr saturation
W20250111 19:00:12.449263 685523 ImuError.cpp:650] gyr saturation
W20250111 19:00:12.449268 685523 ImuError.cpp:650] gyr saturation
W20250111 19:00:12.449275 685523 ImuError.cpp:650] gyr saturation
W20250111 19:00:12.449280 685523 ImuError.cpp:650] gyr saturation
W20250111 19:00:12.449285 685523 ImuError.cpp:650] gyr saturation
W20250111 19:00:12.449290 685523 ImuError.cpp:650] gyr saturation
W20250111 19:00:12.449294 685523 ImuError.cpp:650] gyr saturation
W20250111 19:00:12.449299 685523 ImuError.cpp:650] gyr saturation
W20250111 19:00:12.449306 685523 ImuError.cpp:650] gyr saturation
W20250111 19:00:12.449311 685523 ImuError.cpp:650] gyr saturation
W20250111 19:00:12.449316 685523 ImuError.cpp:650] gyr saturation
W20250111 19:00:12.449321 685523 ImuError.cpp:650] gyr saturation
W20250111 19:00:12.449326 685523 ImuError.cpp:650] gyr saturation
W20250111 19:00:12.449329 685523 ImuError.cpp:650] gyr saturation
W20250111 19:00:12.449334 685523 ImuError.cpp:650] gyr saturation
W20250111 19:00:12.449340 685523 ImuError.cpp:650] gyr saturation
W20250111 19:00:12.449345 685523 ImuError.cpp:650] gyr saturation
W20250111 19:00:12.449350 685523 ImuError.cpp:650] gyr saturation
W20250111 19:00:12.449355 685523 ImuError.cpp:650] gyr saturation
W20250111 19:00:12.449360 685523 ImuError.cpp:650] gyr saturation
W20250111 19:00:12.449365 685523 ImuError.cpp:650] gyr saturation
W20250111 19:00:12.449370 685523 ImuError.cpp:650] gyr saturation
W20250111 19:00:12.449375 685523 ImuError.cpp:650] gyr saturation
W20250111 19:00:12.449380 685523 ImuError.cpp:650] gyr saturation
W20250111 19:00:12.449385 685523 ImuError.cpp:650] gyr saturation
W20250111 19:00:12.449389 685523 ImuError.cpp:650] gyr saturation
W20250111 19:00:12.449394 685523 ImuError.cpp:650] gyr saturation
W20250111 19:00:12.449399 685523 ImuError.cpp:650] gyr saturation
W20250111 19:00:12.449404 685523 ImuError.cpp:650] gyr saturation
I20250111 19:00:12.453030 685523 Frontend.cpp:2274] RANSAC FAIL: 6 inliers, ratio = 0.6
W20250111 19:00:12.456584 685523 ImuError.cpp:368] gyr saturation
W20250111 19:00:12.456657 685523 ImuError.cpp:368] gyr saturation
W20250111 19:00:12.456681 685523 ImuError.cpp:368] gyr saturation
W20250111 19:00:12.456692 685523 ImuError.cpp:368] gyr saturation
W20250111 19:00:12.456704 685523 ImuError.cpp:368] gyr saturation
W20250111 19:00:12.456715 685523 ImuError.cpp:368] gyr saturation
W20250111 19:00:12.456725 685523 ImuError.cpp:368] gyr saturation
W20250111 19:00:12.456736 685523 ImuError.cpp:368] gyr saturation
W20250111 19:00:12.456746 685523 ImuError.cpp:368] gyr saturation
W20250111 19:00:12.456758 685523 ImuError.cpp:368] gyr saturation
W20250111 19:00:12.456768 685523 ImuError.cpp:368] gyr saturation
W20250111 19:00:12.456779 685523 ImuError.cpp:368] gyr saturation
W20250111 19:00:12.456789 685523 ImuError.cpp:368] gyr saturation
W20250111 19:00:12.456800 685523 ImuError.cpp:368] gyr saturation
W20250111 19:00:12.456810 685523 ImuError.cpp:368] gyr saturation
W20250111 19:00:12.456821 685523 ImuError.cpp:368] gyr saturation
W20250111 19:00:12.456837 685523 ImuError.cpp:368] gyr saturation
W20250111 19:00:12.456848 685523 ImuError.cpp:368] gyr saturation
W20250111 19:00:12.456859 685523 ImuError.cpp:368] gyr saturation
W20250111 19:00:12.456871 685523 ImuError.cpp:368] gyr saturation
W20250111 19:00:12.456881 685523 ImuError.cpp:368] gyr saturation
W20250111 19:00:12.456892 685523 ImuError.cpp:368] gyr saturation
W20250111 19:00:12.456902 685523 ImuError.cpp:368] gyr saturation
W20250111 19:00:12.456913 685523 ImuError.cpp:368] gyr saturation
W20250111 19:00:12.456933 685523 ImuError.cpp:368] gyr saturation
W20250111 19:00:12.456944 685523 ImuError.cpp:368] gyr saturation
W20250111 19:00:12.456955 685523 ImuError.cpp:368] gyr saturation
W20250111 19:00:12.456967 685523 ImuError.cpp:368] gyr saturation
W20250111 19:00:12.456977 685523 ImuError.cpp:368] gyr saturation
W20250111 19:00:12.456988 685523 ImuError.cpp:368] gyr saturation
W20250111 19:00:12.457000 685523 ImuError.cpp:368] gyr saturation
W20250111 19:00:12.457010 685523 ImuError.cpp:368] gyr saturation
W20250111 19:00:12.457020 685523 ImuError.cpp:368] gyr saturation
W20250111 19:00:12.457032 685523 ImuError.cpp:368] gyr saturation
W20250111 19:00:12.457042 685523 ImuError.cpp:368] gyr saturation
W20250111 19:00:12.462621 685523 Frontend.cpp:612] 3d2d tracking weak: quality=0. Number of 3d2d-matches: 10
W20250111 19:00:12.465736 685523 ImuError.cpp:650] gyr saturation
W20250111 19:00:12.465795 685523 ImuError.cpp:650] gyr saturation
W20250111 19:00:12.465802 685523 ImuError.cpp:650] gyr saturation
W20250111 19:00:12.465811 685523 ImuError.cpp:650] gyr saturation
W20250111 19:00:12.465816 685523 ImuError.cpp:650] gyr saturation
W20250111 19:00:12.465821 685523 ImuError.cpp:650] gyr saturation
W20250111 19:00:12.465835 685523 ImuError.cpp:650] gyr saturation
W20250111 19:00:12.465842 685523 ImuError.cpp:650] gyr saturation
W20250111 19:00:12.465847 685523 ImuError.cpp:650] gyr saturation
W20250111 19:00:12.465853 685523 ImuError.cpp:650] gyr saturation
W20250111 19:00:12.465858 685523 ImuError.cpp:650] gyr saturation
W20250111 19:00:12.465865 685523 ImuError.cpp:650] gyr saturation
W20250111 19:00:12.465871 685523 ImuError.cpp:650] gyr saturation
W20250111 19:00:12.465878 685523 ImuError.cpp:650] gyr saturation
W20250111 19:00:12.465883 685523 ImuError.cpp:650] gyr saturation
W20250111 19:00:12.465888 685523 ImuError.cpp:650] gyr saturation
W20250111 19:00:12.465893 685523 ImuError.cpp:650] gyr saturation
W20250111 19:00:12.465898 685523 ImuError.cpp:650] gyr saturation
W20250111 19:00:12.465904 685523 ImuError.cpp:650] gyr saturation
W20250111 19:00:12.465910 685523 ImuError.cpp:650] gyr saturation
W20250111 19:00:12.465916 685523 ImuError.cpp:650] gyr saturation
W20250111 19:00:12.465922 685523 ImuError.cpp:650] gyr saturation
W20250111 19:00:12.465929 685523 ImuError.cpp:650] gyr saturation
W20250111 19:00:12.465934 685523 ImuError.cpp:650] gyr saturation
W20250111 19:00:12.465939 685523 ImuError.cpp:650] gyr saturation
W20250111 19:00:12.465945 685523 ImuError.cpp:650] gyr saturation
W20250111 19:00:12.465951 685523 ImuError.cpp:650] gyr saturation
W20250111 19:00:12.465957 685523 ImuError.cpp:650] gyr saturation
W20250111 19:00:12.465972 685523 ImuError.cpp:650] gyr saturation
W20250111 19:00:12.465977 685523 ImuError.cpp:650] gyr saturation
W20250111 19:00:12.465983 685523 ImuError.cpp:650] gyr saturation
W20250111 19:00:12.465989 685523 ImuError.cpp:650] gyr saturation
W20250111 19:00:12.465996 685523 ImuError.cpp:650] gyr saturation
W20250111 19:00:12.466002 685523 ImuError.cpp:650] gyr saturation
W20250111 19:00:12.466008 685523 ImuError.cpp:650] gyr saturation
W20250111 19:00:12.466014 685523 ImuError.cpp:650] gyr saturation
W20250111 19:00:12.466020 685523 ImuError.cpp:650] gyr saturation
W20250111 19:00:12.466027 685523 ImuError.cpp:650] gyr saturation
W20250111 19:00:12.466032 685523 ImuError.cpp:650] gyr saturation
W20250111 19:00:12.466039 685523 ImuError.cpp:650] gyr saturation
W20250111 19:00:12.466044 685523 ImuError.cpp:650] gyr saturation
W20250111 19:00:12.466050 685523 ImuError.cpp:650] gyr saturation
W20250111 19:00:12.466055 685523 ImuError.cpp:650] gyr saturation
W20250111 19:00:12.466060 685523 ImuError.cpp:650] gyr saturation
W20250111 19:00:12.466066 685523 ImuError.cpp:650] gyr saturation
W20250111 19:00:12.466071 685523 ImuError.cpp:650] gyr saturation
W20250111 19:00:12.466077 685523 ImuError.cpp:650] gyr saturation
W20250111 19:00:12.466084 685523 ImuError.cpp:650] gyr saturation
W20250111 19:00:12.466089 685523 ImuError.cpp:650] gyr saturation
W20250111 19:00:12.466101 685523 ImuError.cpp:650] gyr saturation
W20250111 19:00:12.466107 685523 ImuError.cpp:650] gyr saturation
W20250111 19:00:12.466115 685523 ImuError.cpp:650] gyr saturation
W20250111 19:00:12.466120 685523 ImuError.cpp:650] gyr saturation
W20250111 19:00:12.466126 685523 ImuError.cpp:650] gyr saturation
W20250111 19:00:12.466131 685523 ImuError.cpp:650] gyr saturation
W20250111 19:00:12.466137 685523 ImuError.cpp:650] gyr saturation
W20250111 19:00:12.466143 685523 ImuError.cpp:650] gyr saturation
W20250111 19:00:12.466148 685523 ImuError.cpp:650] gyr saturation
W20250111 19:00:12.466153 685523 ImuError.cpp:650] gyr saturation
W20250111 19:00:12.466159 685523 ImuError.cpp:650] gyr saturation
W20250111 19:00:12.466164 685523 ImuError.cpp:650] gyr saturation
W20250111 19:00:12.466171 685523 ImuError.cpp:650] gyr saturation
W20250111 19:00:12.466176 685523 ImuError.cpp:650] gyr saturation
W20250111 19:00:12.466181 685523 ImuError.cpp:650] gyr saturation
W20250111 19:00:12.466187 685523 ImuError.cpp:650] gyr saturation
W20250111 19:00:12.466193 685523 ImuError.cpp:650] gyr saturation
W20250111 19:00:12.466198 685523 ImuError.cpp:650] gyr saturation
W20250111 19:00:12.466204 685523 ImuError.cpp:650] gyr saturation
W20250111 19:00:12.495790 685523 ImuError.cpp:650] gyr saturation
W20250111 19:00:12.495851 685523 ImuError.cpp:650] gyr saturation
W20250111 19:00:12.495858 685523 ImuError.cpp:650] gyr saturation
W20250111 19:00:12.495864 685523 ImuError.cpp:650] gyr saturation
W20250111 19:00:12.495872 685523 ImuError.cpp:650] gyr saturation
W20250111 19:00:12.495878 685523 ImuError.cpp:650] gyr saturation
W20250111 19:00:12.495883 685523 ImuError.cpp:650] gyr saturation
W20250111 19:00:12.495888 685523 ImuError.cpp:650] gyr saturation
W20250111 19:00:12.495893 685523 ImuError.cpp:650] gyr saturation
W20250111 19:00:12.495899 685523 ImuError.cpp:650] gyr saturation
W20250111 19:00:12.495904 685523 ImuError.cpp:650] gyr saturation
W20250111 19:00:12.495909 685523 ImuError.cpp:650] gyr saturation
W20250111 19:00:12.495915 685523 ImuError.cpp:650] gyr saturation
W20250111 19:00:12.495921 685523 ImuError.cpp:650] gyr saturation
W20250111 19:00:12.495927 685523 ImuError.cpp:650] gyr saturation
W20250111 19:00:12.495932 685523 ImuError.cpp:650] gyr saturation
W20250111 19:00:12.495939 685523 ImuError.cpp:650] gyr saturation
W20250111 19:00:12.495944 685523 ImuError.cpp:650] gyr saturation
W20250111 19:00:12.495949 685523 ImuError.cpp:650] gyr saturation
W20250111 19:00:12.495954 685523 ImuError.cpp:650] gyr saturation
W20250111 19:00:12.495959 685523 ImuError.cpp:650] gyr saturation
W20250111 19:00:12.495965 685523 ImuError.cpp:650] gyr saturation
W20250111 19:00:12.495977 685523 ImuError.cpp:650] gyr saturation
W20250111 19:00:12.495983 685523 ImuError.cpp:650] gyr saturation
W20250111 19:00:12.495988 685523 ImuError.cpp:650] gyr saturation
W20250111 19:00:12.495993 685523 ImuError.cpp:650] gyr saturation
W20250111 19:00:12.496001 685523 ImuError.cpp:650] gyr saturation
W20250111 19:00:12.496006 685523 ImuError.cpp:650] gyr saturation
W20250111 19:00:12.496011 685523 ImuError.cpp:650] gyr saturation
W20250111 19:00:12.496016 685523 ImuError.cpp:650] gyr saturation
W20250111 19:00:12.496022 685523 ImuError.cpp:650] gyr saturation
W20250111 19:00:12.496027 685523 ImuError.cpp:650] gyr saturation
W20250111 19:00:12.496031 685523 ImuError.cpp:650] gyr saturation
W20250111 19:00:12.496037 685523 ImuError.cpp:650] gyr saturation
W20250111 19:00:12.496254 685523 ImuError.cpp:650] gyr saturation
W20250111 19:00:12.496265 685523 ImuError.cpp:650] gyr saturation
W20250111 19:00:12.496272 685523 ImuError.cpp:650] gyr saturation
W20250111 19:00:12.496277 685523 ImuError.cpp:650] gyr saturation
W20250111 19:00:12.496284 685523 ImuError.cpp:650] gyr saturation
W20250111 19:00:12.496289 685523 ImuError.cpp:650] gyr saturation
W20250111 19:00:12.496294 685523 ImuError.cpp:650] gyr saturation
W20250111 19:00:12.496300 685523 ImuError.cpp:650] gyr saturation
W20250111 19:00:12.496305 685523 ImuError.cpp:650] gyr saturation
W20250111 19:00:12.496318 685523 ImuError.cpp:650] gyr saturation
W20250111 19:00:12.496325 685523 ImuError.cpp:650] gyr saturation
W20250111 19:00:12.496330 685523 ImuError.cpp:650] gyr saturation
W20250111 19:00:12.496335 685523 ImuError.cpp:650] gyr saturation
W20250111 19:00:12.496341 685523 ImuError.cpp:650] gyr saturation
W20250111 19:00:12.496346 685523 ImuError.cpp:650] gyr saturation
W20250111 19:00:12.496351 685523 ImuError.cpp:650] gyr saturation
W20250111 19:00:12.496356 685523 ImuError.cpp:650] gyr saturation
W20250111 19:00:12.496362 685523 ImuError.cpp:650] gyr saturation
W20250111 19:00:12.496368 685523 ImuError.cpp:650] gyr saturation
W20250111 19:00:12.496373 685523 ImuError.cpp:650] gyr saturation
W20250111 19:00:12.496380 685523 ImuError.cpp:650] gyr saturation
W20250111 19:00:12.496384 685523 ImuError.cpp:650] gyr saturation
W20250111 19:00:12.496389 685523 ImuError.cpp:650] gyr saturation
W20250111 19:00:12.496395 685523 ImuError.cpp:650] gyr saturation
W20250111 19:00:12.496402 685523 ImuError.cpp:650] gyr saturation
W20250111 19:00:12.496407 685523 ImuError.cpp:650] gyr saturation
W20250111 19:00:12.496413 685523 ImuError.cpp:650] gyr saturation
W20250111 19:00:12.496418 685523 ImuError.cpp:650] gyr saturation
W20250111 19:00:12.496423 685523 ImuError.cpp:650] gyr saturation
W20250111 19:00:12.496430 685523 ImuError.cpp:650] gyr saturation
W20250111 19:00:12.496435 685523 ImuError.cpp:650] gyr saturation
W20250111 19:00:12.496440 685523 ImuError.cpp:650] gyr saturation
W20250111 19:00:12.496446 685523 ImuError.cpp:650] gyr saturation
W20250111 19:00:12.496452 685523 ImuError.cpp:650] gyr saturation
I20250111 19:00:12.498306 685523 Frontend.cpp:2274] RANSAC FAIL: 7 inliers, ratio = 0.7
W20250111 19:00:12.501883 685523 ImuError.cpp:368] gyr saturation
W20250111 19:00:12.501955 685523 ImuError.cpp:368] gyr saturation
W20250111 19:00:12.501966 685523 ImuError.cpp:368] gyr saturation
W20250111 19:00:12.501978 685523 ImuError.cpp:368] gyr saturation
W20250111 19:00:12.501989 685523 ImuError.cpp:368] gyr saturation
W20250111 19:00:12.502000 685523 ImuError.cpp:368] gyr saturation
W20250111 19:00:12.502012 685523 ImuError.cpp:368] gyr saturation
W20250111 19:00:12.502022 685523 ImuError.cpp:368] gyr saturation
W20250111 19:00:12.502034 685523 ImuError.cpp:368] gyr saturation
W20250111 19:00:12.502045 685523 ImuError.cpp:368] gyr saturation
W20250111 19:00:12.502056 685523 ImuError.cpp:368] gyr saturation
W20250111 19:00:12.502067 685523 ImuError.cpp:368] gyr saturation
W20250111 19:00:12.502079 685523 ImuError.cpp:368] gyr saturation
W20250111 19:00:12.502090 685523 ImuError.cpp:368] gyr saturation
W20250111 19:00:12.502101 685523 ImuError.cpp:368] gyr saturation
W20250111 19:00:12.502111 685523 ImuError.cpp:368] gyr saturation
W20250111 19:00:12.502133 685523 ImuError.cpp:368] gyr saturation
W20250111 19:00:12.502144 685523 ImuError.cpp:368] gyr saturation
W20250111 19:00:12.502156 685523 ImuError.cpp:368] gyr saturation
W20250111 19:00:12.502166 685523 ImuError.cpp:368] gyr saturation
W20250111 19:00:12.502177 685523 ImuError.cpp:368] gyr saturation
W20250111 19:00:12.502187 685523 ImuError.cpp:368] gyr saturation
W20250111 19:00:12.502198 685523 ImuError.cpp:368] gyr saturation
W20250111 19:00:12.502209 685523 ImuError.cpp:368] gyr saturation
W20250111 19:00:12.502220 685523 ImuError.cpp:368] gyr saturation
W20250111 19:00:12.502231 685523 ImuError.cpp:368] gyr saturation
W20250111 19:00:12.502241 685523 ImuError.cpp:368] gyr saturation
W20250111 19:00:12.502252 685523 ImuError.cpp:368] gyr saturation
W20250111 19:00:12.502264 685523 ImuError.cpp:368] gyr saturation
W20250111 19:00:12.502274 685523 ImuError.cpp:368] gyr saturation
W20250111 19:00:12.502285 685523 ImuError.cpp:368] gyr saturation
W20250111 19:00:12.502296 685523 ImuError.cpp:368] gyr saturation
W20250111 19:00:12.502307 685523 ImuError.cpp:368] gyr saturation
W20250111 19:00:12.502318 685523 ImuError.cpp:368] gyr saturation
W20250111 19:00:12.507351 685523 Frontend.cpp:612] 3d2d tracking weak: quality=0. Number of 3d2d-matches: 12
W20250111 19:00:12.510324 685523 ImuError.cpp:650] gyr saturation
W20250111 19:00:12.510380 685523 ImuError.cpp:650] gyr saturation
W20250111 19:00:12.510388 685523 ImuError.cpp:650] gyr saturation
W20250111 19:00:12.510394 685523 ImuError.cpp:650] gyr saturation
W20250111 19:00:12.510401 685523 ImuError.cpp:650] gyr saturation
W20250111 19:00:12.510407 685523 ImuError.cpp:650] gyr saturation
W20250111 19:00:12.510412 685523 ImuError.cpp:650] gyr saturation
W20250111 19:00:12.510419 685523 ImuError.cpp:650] gyr saturation
W20250111 19:00:12.510425 685523 ImuError.cpp:650] gyr saturation
W20250111 19:00:12.510432 685523 ImuError.cpp:650] gyr saturation
W20250111 19:00:12.510437 685523 ImuError.cpp:650] gyr saturation
W20250111 19:00:12.510442 685523 ImuError.cpp:650] gyr saturation
W20250111 19:00:12.510449 685523 ImuError.cpp:650] gyr saturation
W20250111 19:00:12.510454 685523 ImuError.cpp:650] gyr saturation
W20250111 19:00:12.510460 685523 ImuError.cpp:650] gyr saturation
W20250111 19:00:12.510465 685523 ImuError.cpp:650] gyr saturation
W20250111 19:00:12.510471 685523 ImuError.cpp:650] gyr saturation
W20250111 19:00:12.510476 685523 ImuError.cpp:650] gyr saturation
W20250111 19:00:12.510480 685523 ImuError.cpp:650] gyr saturation
W20250111 19:00:12.510485 685523 ImuError.cpp:650] gyr saturation
W20250111 19:00:12.510490 685523 ImuError.cpp:650] gyr saturation
W20250111 19:00:12.510495 685523 ImuError.cpp:650] gyr saturation
W20250111 19:00:12.510500 685523 ImuError.cpp:650] gyr saturation
W20250111 19:00:12.510507 685523 ImuError.cpp:650] gyr saturation
W20250111 19:00:12.510514 685523 ImuError.cpp:650] gyr saturation
W20250111 19:00:12.510520 685523 ImuError.cpp:650] gyr saturation
W20250111 19:00:12.510526 685523 ImuError.cpp:650] gyr saturation
W20250111 19:00:12.510531 685523 ImuError.cpp:650] gyr saturation
W20250111 19:00:12.510537 685523 ImuError.cpp:650] gyr saturation
W20250111 19:00:12.510543 685523 ImuError.cpp:650] gyr saturation
W20250111 19:00:12.510550 685523 ImuError.cpp:650] gyr saturation
W20250111 19:00:12.510555 685523 ImuError.cpp:650] gyr saturation
W20250111 19:00:12.510561 685523 ImuError.cpp:650] gyr saturation
W20250111 19:00:12.510567 685523 ImuError.cpp:650] gyr saturation
W20250111 19:00:12.510573 685523 ImuError.cpp:650] gyr saturation
W20250111 19:00:12.510581 685523 ImuError.cpp:650] gyr saturation
W20250111 19:00:12.510587 685523 ImuError.cpp:650] gyr saturation
W20250111 19:00:12.510593 685523 ImuError.cpp:650] gyr saturation
W20250111 19:00:12.510599 685523 ImuError.cpp:650] gyr saturation
W20250111 19:00:12.510605 685523 ImuError.cpp:650] gyr saturation
W20250111 19:00:12.510612 685523 ImuError.cpp:650] gyr saturation
W20250111 19:00:12.510617 685523 ImuError.cpp:650] gyr saturation
W20250111 19:00:12.510632 685523 ImuError.cpp:650] gyr saturation
W20250111 19:00:12.510638 685523 ImuError.cpp:650] gyr saturation
W20250111 19:00:12.510643 685523 ImuError.cpp:650] gyr saturation
W20250111 19:00:12.510649 685523 ImuError.cpp:650] gyr saturation
W20250111 19:00:12.510654 685523 ImuError.cpp:650] gyr saturation
W20250111 19:00:12.510660 685523 ImuError.cpp:650] gyr saturation
W20250111 19:00:12.510665 685523 ImuError.cpp:650] gyr saturation
W20250111 19:00:12.510671 685523 ImuError.cpp:650] gyr saturation
W20250111 19:00:12.510679 685523 ImuError.cpp:650] gyr saturation
W20250111 19:00:12.510684 685523 ImuError.cpp:650] gyr saturation
W20250111 19:00:12.510689 685523 ImuError.cpp:650] gyr saturation
W20250111 19:00:12.510695 685523 ImuError.cpp:650] gyr saturation
W20250111 19:00:12.510700 685523 ImuError.cpp:650] gyr saturation
W20250111 19:00:12.510704 685523 ImuError.cpp:650] gyr saturation
W20250111 19:00:12.510710 685523 ImuError.cpp:650] gyr saturation
W20250111 19:00:12.510715 685523 ImuError.cpp:650] gyr saturation
W20250111 19:00:12.510720 685523 ImuError.cpp:650] gyr saturation
W20250111 19:00:12.510725 685523 ImuError.cpp:650] gyr saturation
W20250111 19:00:12.510730 685523 ImuError.cpp:650] gyr saturation
W20250111 19:00:12.510736 685523 ImuError.cpp:650] gyr saturation
W20250111 19:00:12.510747 685523 ImuError.cpp:650] gyr saturation
W20250111 19:00:12.510754 685523 ImuError.cpp:650] gyr saturation
W20250111 19:00:12.510761 685523 ImuError.cpp:650] gyr saturation
W20250111 19:00:12.510766 685523 ImuError.cpp:650] gyr saturation
W20250111 19:00:12.510771 685523 ImuError.cpp:650] gyr saturation
W20250111 19:00:12.525411 685523 ImuError.cpp:650] gyr saturation
W20250111 19:00:12.525460 685523 ImuError.cpp:650] gyr saturation
W20250111 19:00:12.525465 685523 ImuError.cpp:650] gyr saturation
W20250111 19:00:12.525470 685523 ImuError.cpp:650] gyr saturation
W20250111 19:00:12.525475 685523 ImuError.cpp:650] gyr saturation
W20250111 19:00:12.525481 685523 ImuError.cpp:650] gyr saturation
W20250111 19:00:12.525486 685523 ImuError.cpp:650] gyr saturation
W20250111 19:00:12.525496 685523 ImuError.cpp:650] gyr saturation
W20250111 19:00:12.525501 685523 ImuError.cpp:650] gyr saturation
W20250111 19:00:12.525507 685523 ImuError.cpp:650] gyr saturation
W20250111 19:00:12.525513 685523 ImuError.cpp:650] gyr saturation
W20250111 19:00:12.525518 685523 ImuError.cpp:650] gyr saturation
W20250111 19:00:12.525523 685523 ImuError.cpp:650] gyr saturation
W20250111 19:00:12.525528 685523 ImuError.cpp:650] gyr saturation
W20250111 19:00:12.525533 685523 ImuError.cpp:650] gyr saturation
W20250111 19:00:12.525538 685523 ImuError.cpp:650] gyr saturation
W20250111 19:00:12.525543 685523 ImuError.cpp:650] gyr saturation
W20250111 19:00:12.525548 685523 ImuError.cpp:650] gyr saturation
W20250111 19:00:12.525554 685523 ImuError.cpp:650] gyr saturation
W20250111 19:00:12.525559 685523 ImuError.cpp:650] gyr saturation
W20250111 19:00:12.525564 685523 ImuError.cpp:650] gyr saturation
W20250111 19:00:12.525568 685523 ImuError.cpp:650] gyr saturation
W20250111 19:00:12.525573 685523 ImuError.cpp:650] gyr saturation
W20250111 19:00:12.525578 685523 ImuError.cpp:650] gyr saturation
W20250111 19:00:12.525584 685523 ImuError.cpp:650] gyr saturation
W20250111 19:00:12.525589 685523 ImuError.cpp:650] gyr saturation
W20250111 19:00:12.525594 685523 ImuError.cpp:650] gyr saturation
W20250111 19:00:12.525599 685523 ImuError.cpp:650] gyr saturation
W20250111 19:00:12.525604 685523 ImuError.cpp:650] gyr saturation
W20250111 19:00:12.525609 685523 ImuError.cpp:650] gyr saturation
W20250111 19:00:12.525615 685523 ImuError.cpp:650] gyr saturation
W20250111 19:00:12.525619 685523 ImuError.cpp:650] gyr saturation
W20250111 19:00:12.525625 685523 ImuError.cpp:650] gyr saturation
W20250111 19:00:12.525630 685523 ImuError.cpp:650] gyr saturation
W20250111 19:00:12.525768 685523 ImuError.cpp:650] gyr saturation
W20250111 19:00:12.525776 685523 ImuError.cpp:650] gyr saturation
W20250111 19:00:12.525782 685523 ImuError.cpp:650] gyr saturation
W20250111 19:00:12.525794 685523 ImuError.cpp:650] gyr saturation
W20250111 19:00:12.525799 685523 ImuError.cpp:650] gyr saturation
W20250111 19:00:12.525804 685523 ImuError.cpp:650] gyr saturation
W20250111 19:00:12.525810 685523 ImuError.cpp:650] gyr saturation
W20250111 19:00:12.525815 685523 ImuError.cpp:650] gyr saturation
W20250111 19:00:12.525820 685523 ImuError.cpp:650] gyr saturation
W20250111 19:00:12.525830 685523 ImuError.cpp:650] gyr saturation
W20250111 19:00:12.525835 685523 ImuError.cpp:650] gyr saturation
W20250111 19:00:12.525840 685523 ImuError.cpp:650] gyr saturation
W20250111 19:00:12.525846 685523 ImuError.cpp:650] gyr saturation
W20250111 19:00:12.525851 685523 ImuError.cpp:650] gyr saturation
W20250111 19:00:12.525856 685523 ImuError.cpp:650] gyr saturation
W20250111 19:00:12.525861 685523 ImuError.cpp:650] gyr saturation
W20250111 19:00:12.525866 685523 ImuError.cpp:650] gyr saturation
W20250111 19:00:12.525871 685523 ImuError.cpp:650] gyr saturation
W20250111 19:00:12.525876 685523 ImuError.cpp:650] gyr saturation
W20250111 19:00:12.525882 685523 ImuError.cpp:650] gyr saturation
W20250111 19:00:12.525887 685523 ImuError.cpp:650] gyr saturation
W20250111 19:00:12.525892 685523 ImuError.cpp:650] gyr saturation
W20250111 19:00:12.525897 685523 ImuError.cpp:650] gyr saturation
W20250111 19:00:12.525907 685523 ImuError.cpp:650] gyr saturation
W20250111 19:00:12.525913 685523 ImuError.cpp:650] gyr saturation
W20250111 19:00:12.525918 685523 ImuError.cpp:650] gyr saturation
W20250111 19:00:12.525923 685523 ImuError.cpp:650] gyr saturation
W20250111 19:00:12.525928 685523 ImuError.cpp:650] gyr saturation
W20250111 19:00:12.525933 685523 ImuError.cpp:650] gyr saturation
W20250111 19:00:12.525943 685523 ImuError.cpp:650] gyr saturation
W20250111 19:00:12.525947 685523 ImuError.cpp:650] gyr saturation
W20250111 19:00:12.525954 685523 ImuError.cpp:650] gyr saturation
W20250111 19:00:12.525959 685523 ImuError.cpp:650] gyr saturation
W20250111 19:00:12.525964 685523 ImuError.cpp:650] gyr saturation
W20250111 19:00:12.529894 685523 ImuError.cpp:368] gyr saturation
W20250111 19:00:12.529965 685523 ImuError.cpp:368] gyr saturation
W20250111 19:00:12.529978 685523 ImuError.cpp:368] gyr saturation
W20250111 19:00:12.529989 685523 ImuError.cpp:368] gyr saturation
W20250111 19:00:12.529999 685523 ImuError.cpp:368] gyr saturation
W20250111 19:00:12.530010 685523 ImuError.cpp:368] gyr saturation
W20250111 19:00:12.530021 685523 ImuError.cpp:368] gyr saturation
W20250111 19:00:12.530032 685523 ImuError.cpp:368] gyr saturation
W20250111 19:00:12.530042 685523 ImuError.cpp:368] gyr saturation
W20250111 19:00:12.530052 685523 ImuError.cpp:368] gyr saturation
W20250111 19:00:12.530063 685523 ImuError.cpp:368] gyr saturation
W20250111 19:00:12.530073 685523 ImuError.cpp:368] gyr saturation
W20250111 19:00:12.530083 685523 ImuError.cpp:368] gyr saturation
W20250111 19:00:12.530094 685523 ImuError.cpp:368] gyr saturation
W20250111 19:00:12.530104 685523 ImuError.cpp:368] gyr saturation
W20250111 19:00:12.530114 685523 ImuError.cpp:368] gyr saturation
W20250111 19:00:12.530125 685523 ImuError.cpp:368] gyr saturation
W20250111 19:00:12.530135 685523 ImuError.cpp:368] gyr saturation
W20250111 19:00:12.530146 685523 ImuError.cpp:368] gyr saturation
W20250111 19:00:12.530156 685523 ImuError.cpp:368] gyr saturation
W20250111 19:00:12.530166 685523 ImuError.cpp:368] gyr saturation
W20250111 19:00:12.530176 685523 ImuError.cpp:368] gyr saturation
W20250111 19:00:12.530187 685523 ImuError.cpp:368] gyr saturation
W20250111 19:00:12.530197 685523 ImuError.cpp:368] gyr saturation
W20250111 19:00:12.530208 685523 ImuError.cpp:368] gyr saturation
W20250111 19:00:12.530218 685523 ImuError.cpp:368] gyr saturation
W20250111 19:00:12.530228 685523 ImuError.cpp:368] gyr saturation
W20250111 19:00:12.530239 685523 ImuError.cpp:368] gyr saturation
W20250111 19:00:12.530249 685523 ImuError.cpp:368] gyr saturation
W20250111 19:00:12.530259 685523 ImuError.cpp:368] gyr saturation
W20250111 19:00:12.530270 685523 ImuError.cpp:368] gyr saturation
W20250111 19:00:12.530301 685523 ImuError.cpp:368] gyr saturation
W20250111 19:00:12.530313 685523 ImuError.cpp:368] gyr saturation
W20250111 19:00:12.530323 685523 ImuError.cpp:368] gyr saturation
W20250111 19:00:12.534777 685523 Frontend.cpp:612] 3d2d tracking weak: quality=0. Number of 3d2d-matches: 9
W20250111 19:00:12.537302 685523 ImuError.cpp:650] gyr saturation
W20250111 19:00:12.537351 685523 ImuError.cpp:650] gyr saturation
W20250111 19:00:12.537358 685523 ImuError.cpp:650] gyr saturation
W20250111 19:00:12.537364 685523 ImuError.cpp:650] gyr saturation
W20250111 19:00:12.537369 685523 ImuError.cpp:650] gyr saturation
W20250111 19:00:12.537375 685523 ImuError.cpp:650] gyr saturation
W20250111 19:00:12.537380 685523 ImuError.cpp:650] gyr saturation
W20250111 19:00:12.537386 685523 ImuError.cpp:650] gyr saturation
W20250111 19:00:12.537393 685523 ImuError.cpp:650] gyr saturation
W20250111 19:00:12.537400 685523 ImuError.cpp:650] gyr saturation
W20250111 19:00:12.537405 685523 ImuError.cpp:650] gyr saturation
W20250111 19:00:12.537410 685523 ImuError.cpp:650] gyr saturation
W20250111 19:00:12.537415 685523 ImuError.cpp:650] gyr saturation
W20250111 19:00:12.537420 685523 ImuError.cpp:650] gyr saturation
W20250111 19:00:12.537426 685523 ImuError.cpp:650] gyr saturation
W20250111 19:00:12.537431 685523 ImuError.cpp:650] gyr saturation
W20250111 19:00:12.537453 685523 ImuError.cpp:650] gyr saturation
W20250111 19:00:12.537461 685523 ImuError.cpp:650] gyr saturation
W20250111 19:00:12.537467 685523 ImuError.cpp:650] gyr saturation
W20250111 19:00:12.537472 685523 ImuError.cpp:650] gyr saturation
W20250111 19:00:12.537482 685523 ImuError.cpp:650] gyr saturation
W20250111 19:00:12.537488 685523 ImuError.cpp:650] gyr saturation
W20250111 19:00:12.537493 685523 ImuError.cpp:650] gyr saturation
W20250111 19:00:12.537498 685523 ImuError.cpp:650] gyr saturation
W20250111 19:00:12.537504 685523 ImuError.cpp:650] gyr saturation
W20250111 19:00:12.537509 685523 ImuError.cpp:650] gyr saturation
W20250111 19:00:12.537514 685523 ImuError.cpp:650] gyr saturation
W20250111 19:00:12.537520 685523 ImuError.cpp:650] gyr saturation
W20250111 19:00:12.537526 685523 ImuError.cpp:650] gyr saturation
W20250111 19:00:12.537531 685523 ImuError.cpp:650] gyr saturation
W20250111 19:00:12.537536 685523 ImuError.cpp:650] gyr saturation
W20250111 19:00:12.537541 685523 ImuError.cpp:650] gyr saturation
W20250111 19:00:12.537547 685523 ImuError.cpp:650] gyr saturation
W20250111 19:00:12.537552 685523 ImuError.cpp:650] gyr saturation
W20250111 19:00:12.537557 685523 ImuError.cpp:650] gyr saturation
W20250111 19:00:12.537564 685523 ImuError.cpp:650] gyr saturation
W20250111 19:00:12.537568 685523 ImuError.cpp:650] gyr saturation
W20250111 19:00:12.537573 685523 ImuError.cpp:650] gyr saturation
W20250111 19:00:12.537580 685523 ImuError.cpp:650] gyr saturation
W20250111 19:00:12.537583 685523 ImuError.cpp:650] gyr saturation
W20250111 19:00:12.537590 685523 ImuError.cpp:650] gyr saturation
W20250111 19:00:12.537595 685523 ImuError.cpp:650] gyr saturation
W20250111 19:00:12.537600 685523 ImuError.cpp:650] gyr saturation
W20250111 19:00:12.537604 685523 ImuError.cpp:650] gyr saturation
W20250111 19:00:12.537611 685523 ImuError.cpp:650] gyr saturation
W20250111 19:00:12.537616 685523 ImuError.cpp:650] gyr saturation
W20250111 19:00:12.537621 685523 ImuError.cpp:650] gyr saturation
W20250111 19:00:12.537626 685523 ImuError.cpp:650] gyr saturation
W20250111 19:00:12.537632 685523 ImuError.cpp:650] gyr saturation
W20250111 19:00:12.537637 685523 ImuError.cpp:650] gyr saturation
W20250111 19:00:12.537642 685523 ImuError.cpp:650] gyr saturation
W20250111 19:00:12.537648 685523 ImuError.cpp:650] gyr saturation
W20250111 19:00:12.537653 685523 ImuError.cpp:650] gyr saturation
W20250111 19:00:12.537658 685523 ImuError.cpp:650] gyr saturation
W20250111 19:00:12.537663 685523 ImuError.cpp:650] gyr saturation
W20250111 19:00:12.537669 685523 ImuError.cpp:650] gyr saturation
W20250111 19:00:12.537674 685523 ImuError.cpp:650] gyr saturation
W20250111 19:00:12.537680 685523 ImuError.cpp:650] gyr saturation
W20250111 19:00:12.537688 685523 ImuError.cpp:650] gyr saturation
W20250111 19:00:12.537693 685523 ImuError.cpp:650] gyr saturation
W20250111 19:00:12.537699 685523 ImuError.cpp:650] gyr saturation
W20250111 19:00:12.537704 685523 ImuError.cpp:650] gyr saturation
W20250111 19:00:12.537711 685523 ImuError.cpp:650] gyr saturation
W20250111 19:00:12.537716 685523 ImuError.cpp:650] gyr saturation
W20250111 19:00:12.537722 685523 ImuError.cpp:650] gyr saturation
W20250111 19:00:12.537729 685523 ImuError.cpp:650] gyr saturation
W20250111 19:00:12.571089 685523 ImuError.cpp:650] gyr saturation
W20250111 19:00:12.571134 685523 ImuError.cpp:650] gyr saturation
W20250111 19:00:12.571141 685523 ImuError.cpp:650] gyr saturation
W20250111 19:00:12.571146 685523 ImuError.cpp:650] gyr saturation
W20250111 19:00:12.571153 685523 ImuError.cpp:650] gyr saturation
W20250111 19:00:12.571159 685523 ImuError.cpp:650] gyr saturation
W20250111 19:00:12.571164 685523 ImuError.cpp:650] gyr saturation
W20250111 19:00:12.571169 685523 ImuError.cpp:650] gyr saturation
W20250111 19:00:12.571174 685523 ImuError.cpp:650] gyr saturation
W20250111 19:00:12.571180 685523 ImuError.cpp:650] gyr saturation
W20250111 19:00:12.571184 685523 ImuError.cpp:650] gyr saturation
W20250111 19:00:12.571190 685523 ImuError.cpp:650] gyr saturation
W20250111 19:00:12.571205 685523 ImuError.cpp:650] gyr saturation
W20250111 19:00:12.571211 685523 ImuError.cpp:650] gyr saturation
W20250111 19:00:12.571216 685523 ImuError.cpp:650] gyr saturation
W20250111 19:00:12.571223 685523 ImuError.cpp:650] gyr saturation
W20250111 19:00:12.571228 685523 ImuError.cpp:650] gyr saturation
W20250111 19:00:12.571233 685523 ImuError.cpp:650] gyr saturation
W20250111 19:00:12.571238 685523 ImuError.cpp:650] gyr saturation
W20250111 19:00:12.571242 685523 ImuError.cpp:650] gyr saturation
W20250111 19:00:12.571247 685523 ImuError.cpp:650] gyr saturation
W20250111 19:00:12.571252 685523 ImuError.cpp:650] gyr saturation
W20250111 19:00:12.571257 685523 ImuError.cpp:650] gyr saturation
W20250111 19:00:12.571262 685523 ImuError.cpp:650] gyr saturation
W20250111 19:00:12.571267 685523 ImuError.cpp:650] gyr saturation
W20250111 19:00:12.571273 685523 ImuError.cpp:650] gyr saturation
W20250111 19:00:12.571278 685523 ImuError.cpp:650] gyr saturation
W20250111 19:00:12.571282 685523 ImuError.cpp:650] gyr saturation
W20250111 19:00:12.571288 685523 ImuError.cpp:650] gyr saturation
W20250111 19:00:12.571293 685523 ImuError.cpp:650] gyr saturation
W20250111 19:00:12.571298 685523 ImuError.cpp:650] gyr saturation
W20250111 19:00:12.571303 685523 ImuError.cpp:650] gyr saturation
W20250111 19:00:12.571308 685523 ImuError.cpp:650] gyr saturation
W20250111 19:00:12.571347 685523 ImuError.cpp:650] gyr saturation
W20250111 19:00:12.571353 685523 ImuError.cpp:650] gyr saturation
W20250111 19:00:12.571359 685523 ImuError.cpp:650] gyr saturation
W20250111 19:00:12.571364 685523 ImuError.cpp:650] gyr saturation
W20250111 19:00:12.571369 685523 ImuError.cpp:650] gyr saturation
W20250111 19:00:12.571374 685523 ImuError.cpp:650] gyr saturation
W20250111 19:00:12.571379 685523 ImuError.cpp:650] gyr saturation
W20250111 19:00:12.571384 685523 ImuError.cpp:650] gyr saturation
W20250111 19:00:12.571389 685523 ImuError.cpp:650] gyr saturation
W20250111 19:00:12.571394 685523 ImuError.cpp:650] gyr saturation
W20250111 19:00:12.571399 685523 ImuError.cpp:650] gyr saturation
W20250111 19:00:12.571404 685523 ImuError.cpp:650] gyr saturation
W20250111 19:00:12.571409 685523 ImuError.cpp:650] gyr saturation
W20250111 19:00:12.571414 685523 ImuError.cpp:650] gyr saturation
W20250111 19:00:12.571419 685523 ImuError.cpp:650] gyr saturation
W20250111 19:00:12.571424 685523 ImuError.cpp:650] gyr saturation
W20250111 19:00:12.571430 685523 ImuError.cpp:650] gyr saturation
W20250111 19:00:12.571435 685523 ImuError.cpp:650] gyr saturation
W20250111 19:00:12.571439 685523 ImuError.cpp:650] gyr saturation
W20250111 19:00:12.571445 685523 ImuError.cpp:650] gyr saturation
W20250111 19:00:12.571450 685523 ImuError.cpp:650] gyr saturation
W20250111 19:00:12.571457 685523 ImuError.cpp:650] gyr saturation
W20250111 19:00:12.571462 685523 ImuError.cpp:650] gyr saturation
W20250111 19:00:12.571467 685523 ImuError.cpp:650] gyr saturation
W20250111 19:00:12.571472 685523 ImuError.cpp:650] gyr saturation
W20250111 19:00:12.571477 685523 ImuError.cpp:650] gyr saturation
W20250111 19:00:12.571482 685523 ImuError.cpp:650] gyr saturation
W20250111 19:00:12.571488 685523 ImuError.cpp:650] gyr saturation
W20250111 19:00:12.571493 685523 ImuError.cpp:650] gyr saturation
W20250111 19:00:12.571498 685523 ImuError.cpp:650] gyr saturation
W20250111 19:00:12.571503 685523 ImuError.cpp:650] gyr saturation
W20250111 19:00:12.571508 685523 ImuError.cpp:650] gyr saturation
W20250111 19:00:12.571513 685523 ImuError.cpp:650] gyr saturation
W20250111 19:00:12.575073 685523 ImuError.cpp:368] gyr saturation
W20250111 19:00:12.575145 685523 ImuError.cpp:368] gyr saturation
W20250111 19:00:12.575158 685523 ImuError.cpp:368] gyr saturation
W20250111 19:00:12.575168 685523 ImuError.cpp:368] gyr saturation
W20250111 19:00:12.575179 685523 ImuError.cpp:368] gyr saturation
W20250111 19:00:12.575189 685523 ImuError.cpp:368] gyr saturation
W20250111 19:00:12.575201 685523 ImuError.cpp:368] gyr saturation
W20250111 19:00:12.575210 685523 ImuError.cpp:368] gyr saturation
W20250111 19:00:12.575237 685523 ImuError.cpp:368] gyr saturation
W20250111 19:00:12.575249 685523 ImuError.cpp:368] gyr saturation
W20250111 19:00:12.575259 685523 ImuError.cpp:368] gyr saturation
W20250111 19:00:12.575270 685523 ImuError.cpp:368] gyr saturation
W20250111 19:00:12.575280 685523 ImuError.cpp:368] gyr saturation
W20250111 19:00:12.575290 685523 ImuError.cpp:368] gyr saturation
W20250111 19:00:12.575301 685523 ImuError.cpp:368] gyr saturation
W20250111 19:00:12.575311 685523 ImuError.cpp:368] gyr saturation
W20250111 19:00:12.575322 685523 ImuError.cpp:368] gyr saturation
W20250111 19:00:12.575333 685523 ImuError.cpp:368] gyr saturation
W20250111 19:00:12.575343 685523 ImuError.cpp:368] gyr saturation
W20250111 19:00:12.575353 685523 ImuError.cpp:368] gyr saturation
W20250111 19:00:12.575364 685523 ImuError.cpp:368] gyr saturation
W20250111 19:00:12.575374 685523 ImuError.cpp:368] gyr saturation
W20250111 19:00:12.575384 685523 ImuError.cpp:368] gyr saturation
W20250111 19:00:12.575395 685523 ImuError.cpp:368] gyr saturation
W20250111 19:00:12.575405 685523 ImuError.cpp:368] gyr saturation
W20250111 19:00:12.575416 685523 ImuError.cpp:368] gyr saturation
W20250111 19:00:12.575426 685523 ImuError.cpp:368] gyr saturation
W20250111 19:00:12.575436 685523 ImuError.cpp:368] gyr saturation
W20250111 19:00:12.575448 685523 ImuError.cpp:368] gyr saturation
W20250111 19:00:12.575457 685523 ImuError.cpp:368] gyr saturation
W20250111 19:00:12.575469 685523 ImuError.cpp:368] gyr saturation
W20250111 19:00:12.575479 685523 ImuError.cpp:368] gyr saturation
W20250111 19:00:12.575488 685523 ImuError.cpp:368] gyr saturation
W20250111 19:00:12.580386 685523 Frontend.cpp:612] 3d2d tracking weak: quality=0. Number of 3d2d-matches: 8
W20250111 19:00:12.582789 685523 ImuError.cpp:650] gyr saturation
W20250111 19:00:12.582845 685523 ImuError.cpp:650] gyr saturation
W20250111 19:00:12.582851 685523 ImuError.cpp:650] gyr saturation
W20250111 19:00:12.582856 685523 ImuError.cpp:650] gyr saturation
W20250111 19:00:12.582862 685523 ImuError.cpp:650] gyr saturation
W20250111 19:00:12.582867 685523 ImuError.cpp:650] gyr saturation
W20250111 19:00:12.582873 685523 ImuError.cpp:650] gyr saturation
W20250111 19:00:12.582880 685523 ImuError.cpp:650] gyr saturation
W20250111 19:00:12.582885 685523 ImuError.cpp:650] gyr saturation
W20250111 19:00:12.582891 685523 ImuError.cpp:650] gyr saturation
W20250111 19:00:12.582897 685523 ImuError.cpp:650] gyr saturation
W20250111 19:00:12.582903 685523 ImuError.cpp:650] gyr saturation
W20250111 19:00:12.582909 685523 ImuError.cpp:650] gyr saturation
W20250111 19:00:12.582916 685523 ImuError.cpp:650] gyr saturation
W20250111 19:00:12.582921 685523 ImuError.cpp:650] gyr saturation
W20250111 19:00:12.582937 685523 ImuError.cpp:650] gyr saturation
W20250111 19:00:12.582942 685523 ImuError.cpp:650] gyr saturation
W20250111 19:00:12.582947 685523 ImuError.cpp:650] gyr saturation
W20250111 19:00:12.582953 685523 ImuError.cpp:650] gyr saturation
W20250111 19:00:12.582959 685523 ImuError.cpp:650] gyr saturation
W20250111 19:00:12.582965 685523 ImuError.cpp:650] gyr saturation
W20250111 19:00:12.582971 685523 ImuError.cpp:650] gyr saturation
W20250111 19:00:12.582976 685523 ImuError.cpp:650] gyr saturation
W20250111 19:00:12.582983 685523 ImuError.cpp:650] gyr saturation
W20250111 19:00:12.582988 685523 ImuError.cpp:650] gyr saturation
W20250111 19:00:12.582993 685523 ImuError.cpp:650] gyr saturation
W20250111 19:00:12.582999 685523 ImuError.cpp:650] gyr saturation
W20250111 19:00:12.583004 685523 ImuError.cpp:650] gyr saturation
W20250111 19:00:12.583010 685523 ImuError.cpp:650] gyr saturation
W20250111 19:00:12.583015 685523 ImuError.cpp:650] gyr saturation
W20250111 19:00:12.583021 685523 ImuError.cpp:650] gyr saturation
W20250111 19:00:12.583026 685523 ImuError.cpp:650] gyr saturation
W20250111 19:00:12.583032 685523 ImuError.cpp:650] gyr saturation
W20250111 19:00:12.627895 685523 Frontend.cpp:612] 3d2d tracking weak: quality=0. Number of 3d2d-matches: 5
W20250111 19:00:12.669106 685523 Frontend.cpp:612] 3d2d tracking weak: quality=0. Number of 3d2d-matches: 7
I20250111 19:00:12.890390 685523 okvis_app_synchronous.cpp:210] OKVIS Timing
-----------
1 DetectAndDescribe                	   4160	00:00:08.124594	(00:00:00.001953 +- 00:00:00.000358)	[00:00:00.000974,00:00:00.003649]
2 Match                            	   4160	00:00:30.879801	(00:00:00.007423 +- 00:00:00.003392)	[00:00:00.000223,00:00:00.020424]
2.01 match to map                  	   4159	00:00:23.070315	(00:00:00.005547 +- 00:00:00.002999)	[00:00:00.000058,00:00:00.016164]
2.02 match motion stereo           	   4159	00:00:05.476794	(00:00:00.001317 +- 00:00:00.000432)	[00:00:00.000049,00:00:00.003645]
2.02.1 match motion stereo: prepare	   4159	00:00:01.250446	(00:00:00.000301 +- 00:00:00.000115)	[00:00:00.000001,00:00:00.000781]
2.10 match stereo                  	   1124	00:00:00.042241	(00:00:00.000038 +- 00:00:00.000043)	[00:00:00.000001,00:00:00.000382]
3 Optimise                         	   4159	00:01:07.324000	(00:00:00.016188 +- 00:00:00.009541)	[00:00:00.000864,00:00:00.077830]
4 Prepare publishing               	   4159	00:00:03.420111	(00:00:00.000822 +- 00:00:00.000314)	[00:00:00.000032,00:00:00.002233]
6 Visualising                      	   4159	00:00:00.000948	(00:00:00.000000 +- 00:00:00.000000)	[00:00:00.000000,00:00:00.000006]
7 Marginalise                      	   4159	00:00:07.363973	(00:00:00.001771 +- 00:00:00.000756)	[00:00:00.000004,00:00:00.007388]
7.1 check/handle lost              	   4159	00:00:00.123336	(00:00:00.000030 +- 00:00:00.000019)	[00:00:00.000000,00:00:00.000312]
7.2 eliminate IMU frames           	   4159	00:00:03.194570	(00:00:00.000768 +- 00:00:00.000546)	[00:00:00.000000,00:00:00.003837]
7.3 convert to posegraph           	   1366	00:00:01.141495	(00:00:00.000836 +- 00:00:00.000474)	[00:00:00.000098,00:00:00.004523]
7.4 freezing                       	   4158	00:00:00.004515	(00:00:00.000001 +- 00:00:00.000002)	[00:00:00.000000,00:00:00.000024]
7.6 expand                         	   4110	00:00:00.941652	(00:00:00.000229 +- 00:00:00.000140)	[00:00:00.000021,00:00:00.002295]
7.7 prune place recognition frames 	   4158	00:00:00.941120	(00:00:00.000226 +- 00:00:00.000115)	[00:00:00.000002,00:00:00.001052]
I20250111 19:00:12.890518 685523 okvis_app_synchronous.cpp:219] Progress: 77% (0.333333 [1%/s], ETA: 69s)
I20250111 19:00:12.973867 685523 Frontend.cpp:2274] RANSAC FAIL: 30 inliers, ratio = 0.697674
I20250111 19:00:13.057806 685523 Frontend.cpp:2274] RANSAC FAIL: 30 inliers, ratio = 0.638298
I20250111 19:00:13.148809 685523 Frontend.cpp:2274] RANSAC FAIL: 20 inliers, ratio = 0.666667
I20250111 19:00:13.191360 685523 Frontend.cpp:2274] RANSAC FAIL: 14 inliers, ratio = 0.666667
W20250111 19:00:13.248934 685523 Frontend.cpp:612] 3d2d tracking weak: quality=0. Number of 3d2d-matches: 8
W20250111 19:00:13.302199 685523 Frontend.cpp:612] 3d2d tracking weak: quality=0. Number of 3d2d-matches: 7
W20250111 19:00:13.305223 685523 ImuError.cpp:650] gyr saturation
W20250111 19:00:13.305279 685523 ImuError.cpp:650] gyr saturation
W20250111 19:00:13.305291 685523 ImuError.cpp:650] gyr saturation
W20250111 19:00:13.305300 685523 ImuError.cpp:650] gyr saturation
W20250111 19:00:13.305308 685523 ImuError.cpp:650] gyr saturation
W20250111 19:00:13.305313 685523 ImuError.cpp:650] gyr saturation
W20250111 19:00:13.305320 685523 ImuError.cpp:650] gyr saturation
W20250111 19:00:13.305325 685523 ImuError.cpp:650] gyr saturation
W20250111 19:00:13.305330 685523 ImuError.cpp:650] gyr saturation
W20250111 19:00:13.343096 685523 ImuError.cpp:650] gyr saturation
W20250111 19:00:13.343168 685523 ImuError.cpp:650] gyr saturation
W20250111 19:00:13.343176 685523 ImuError.cpp:650] gyr saturation
W20250111 19:00:13.343183 685523 ImuError.cpp:650] gyr saturation
W20250111 19:00:13.343187 685523 ImuError.cpp:650] gyr saturation
W20250111 19:00:13.343192 685523 ImuError.cpp:650] gyr saturation
W20250111 19:00:13.343197 685523 ImuError.cpp:650] gyr saturation
W20250111 19:00:13.343202 685523 ImuError.cpp:650] gyr saturation
W20250111 19:00:13.343207 685523 ImuError.cpp:650] gyr saturation
W20250111 19:00:13.343294 685523 ImuError.cpp:650] gyr saturation
W20250111 19:00:13.343302 685523 ImuError.cpp:650] gyr saturation
W20250111 19:00:13.343307 685523 ImuError.cpp:650] gyr saturation
W20250111 19:00:13.343310 685523 ImuError.cpp:650] gyr saturation
W20250111 19:00:13.343315 685523 ImuError.cpp:650] gyr saturation
W20250111 19:00:13.343320 685523 ImuError.cpp:650] gyr saturation
W20250111 19:00:13.343325 685523 ImuError.cpp:650] gyr saturation
W20250111 19:00:13.343330 685523 ImuError.cpp:650] gyr saturation
W20250111 19:00:13.343335 685523 ImuError.cpp:650] gyr saturation
W20250111 19:00:13.348121 685523 ImuError.cpp:368] gyr saturation
W20250111 19:00:13.348191 685523 ImuError.cpp:368] gyr saturation
W20250111 19:00:13.348203 685523 ImuError.cpp:368] gyr saturation
W20250111 19:00:13.348214 685523 ImuError.cpp:368] gyr saturation
W20250111 19:00:13.348225 685523 ImuError.cpp:368] gyr saturation
W20250111 19:00:13.348237 685523 ImuError.cpp:368] gyr saturation
W20250111 19:00:13.348246 685523 ImuError.cpp:368] gyr saturation
W20250111 19:00:13.348258 685523 ImuError.cpp:368] gyr saturation
W20250111 19:00:13.348268 685523 ImuError.cpp:368] gyr saturation
W20250111 19:00:13.352936 685523 Frontend.cpp:612] 3d2d tracking weak: quality=0. Number of 3d2d-matches: 13
W20250111 19:00:13.355473 685523 ImuError.cpp:650] gyr saturation
W20250111 19:00:13.355525 685523 ImuError.cpp:650] gyr saturation
W20250111 19:00:13.355535 685523 ImuError.cpp:650] gyr saturation
W20250111 19:00:13.355541 685523 ImuError.cpp:650] gyr saturation
W20250111 19:00:13.355547 685523 ImuError.cpp:650] gyr saturation
W20250111 19:00:13.355552 685523 ImuError.cpp:650] gyr saturation
W20250111 19:00:13.355558 685523 ImuError.cpp:650] gyr saturation
W20250111 19:00:13.355564 685523 ImuError.cpp:650] gyr saturation
W20250111 19:00:13.355571 685523 ImuError.cpp:650] gyr saturation
W20250111 19:00:13.355576 685523 ImuError.cpp:650] gyr saturation
W20250111 19:00:13.355581 685523 ImuError.cpp:650] gyr saturation
W20250111 19:00:13.355587 685523 ImuError.cpp:650] gyr saturation
W20250111 19:00:13.355592 685523 ImuError.cpp:650] gyr saturation
W20250111 19:00:13.355597 685523 ImuError.cpp:650] gyr saturation
W20250111 19:00:13.355604 685523 ImuError.cpp:650] gyr saturation
W20250111 19:00:13.355610 685523 ImuError.cpp:650] gyr saturation
W20250111 19:00:13.355616 685523 ImuError.cpp:650] gyr saturation
W20250111 19:00:13.355623 685523 ImuError.cpp:650] gyr saturation
W20250111 19:00:13.355628 685523 ImuError.cpp:650] gyr saturation
W20250111 19:00:13.355634 685523 ImuError.cpp:650] gyr saturation
W20250111 19:00:13.355639 685523 ImuError.cpp:650] gyr saturation
W20250111 19:00:13.355644 685523 ImuError.cpp:650] gyr saturation
W20250111 19:00:13.355650 685523 ImuError.cpp:650] gyr saturation
W20250111 19:00:13.355656 685523 ImuError.cpp:650] gyr saturation
W20250111 19:00:13.355662 685523 ImuError.cpp:650] gyr saturation
W20250111 19:00:13.355667 685523 ImuError.cpp:650] gyr saturation
W20250111 19:00:13.355674 685523 ImuError.cpp:650] gyr saturation
W20250111 19:00:13.355679 685523 ImuError.cpp:650] gyr saturation
W20250111 19:00:13.355685 685523 ImuError.cpp:650] gyr saturation
W20250111 19:00:13.355690 685523 ImuError.cpp:650] gyr saturation
W20250111 19:00:13.355696 685523 ImuError.cpp:650] gyr saturation
W20250111 19:00:13.355701 685523 ImuError.cpp:650] gyr saturation
W20250111 19:00:13.355706 685523 ImuError.cpp:650] gyr saturation
W20250111 19:00:13.355711 685523 ImuError.cpp:650] gyr saturation
W20250111 19:00:13.355717 685523 ImuError.cpp:650] gyr saturation
W20250111 19:00:13.355723 685523 ImuError.cpp:650] gyr saturation
W20250111 19:00:13.355729 685523 ImuError.cpp:650] gyr saturation
W20250111 19:00:13.355734 685523 ImuError.cpp:650] gyr saturation
W20250111 19:00:13.355741 685523 ImuError.cpp:650] gyr saturation
W20250111 19:00:13.355746 685523 ImuError.cpp:650] gyr saturation
W20250111 19:00:13.355751 685523 ImuError.cpp:650] gyr saturation
W20250111 19:00:13.355756 685523 ImuError.cpp:650] gyr saturation
W20250111 19:00:13.387670 685523 ImuError.cpp:650] gyr saturation
W20250111 19:00:13.387719 685523 ImuError.cpp:650] gyr saturation
W20250111 19:00:13.387727 685523 ImuError.cpp:650] gyr saturation
W20250111 19:00:13.387732 685523 ImuError.cpp:650] gyr saturation
W20250111 19:00:13.387737 685523 ImuError.cpp:650] gyr saturation
W20250111 19:00:13.387742 685523 ImuError.cpp:650] gyr saturation
W20250111 19:00:13.387746 685523 ImuError.cpp:650] gyr saturation
W20250111 19:00:13.387751 685523 ImuError.cpp:650] gyr saturation
W20250111 19:00:13.387758 685523 ImuError.cpp:650] gyr saturation
W20250111 19:00:13.387763 685523 ImuError.cpp:650] gyr saturation
W20250111 19:00:13.387768 685523 ImuError.cpp:650] gyr saturation
W20250111 19:00:13.387773 685523 ImuError.cpp:650] gyr saturation
W20250111 19:00:13.387778 685523 ImuError.cpp:650] gyr saturation
W20250111 19:00:13.387784 685523 ImuError.cpp:650] gyr saturation
W20250111 19:00:13.387789 685523 ImuError.cpp:650] gyr saturation
W20250111 19:00:13.387794 685523 ImuError.cpp:650] gyr saturation
W20250111 19:00:13.387799 685523 ImuError.cpp:650] gyr saturation
W20250111 19:00:13.387804 685523 ImuError.cpp:650] gyr saturation
W20250111 19:00:13.387809 685523 ImuError.cpp:650] gyr saturation
W20250111 19:00:13.387814 685523 ImuError.cpp:650] gyr saturation
W20250111 19:00:13.387830 685523 ImuError.cpp:650] gyr saturation
W20250111 19:00:13.387836 685523 ImuError.cpp:650] gyr saturation
W20250111 19:00:13.387841 685523 ImuError.cpp:650] gyr saturation
W20250111 19:00:13.387846 685523 ImuError.cpp:650] gyr saturation
W20250111 19:00:13.387851 685523 ImuError.cpp:650] gyr saturation
W20250111 19:00:13.387856 685523 ImuError.cpp:650] gyr saturation
W20250111 19:00:13.387861 685523 ImuError.cpp:650] gyr saturation
W20250111 19:00:13.387866 685523 ImuError.cpp:650] gyr saturation
W20250111 19:00:13.387872 685523 ImuError.cpp:650] gyr saturation
W20250111 19:00:13.387877 685523 ImuError.cpp:650] gyr saturation
W20250111 19:00:13.387882 685523 ImuError.cpp:650] gyr saturation
W20250111 19:00:13.387887 685523 ImuError.cpp:650] gyr saturation
W20250111 19:00:13.387892 685523 ImuError.cpp:650] gyr saturation
W20250111 19:00:13.387897 685523 ImuError.cpp:650] gyr saturation
W20250111 19:00:13.388010 685523 ImuError.cpp:650] gyr saturation
W20250111 19:00:13.388016 685523 ImuError.cpp:650] gyr saturation
W20250111 19:00:13.388021 685523 ImuError.cpp:650] gyr saturation
W20250111 19:00:13.388026 685523 ImuError.cpp:650] gyr saturation
W20250111 19:00:13.388031 685523 ImuError.cpp:650] gyr saturation
W20250111 19:00:13.388036 685523 ImuError.cpp:650] gyr saturation
W20250111 19:00:13.388041 685523 ImuError.cpp:650] gyr saturation
W20250111 19:00:13.388046 685523 ImuError.cpp:650] gyr saturation
W20250111 19:00:13.388051 685523 ImuError.cpp:650] gyr saturation
W20250111 19:00:13.388056 685523 ImuError.cpp:650] gyr saturation
W20250111 19:00:13.388060 685523 ImuError.cpp:650] gyr saturation
W20250111 19:00:13.388065 685523 ImuError.cpp:650] gyr saturation
W20250111 19:00:13.388072 685523 ImuError.cpp:650] gyr saturation
W20250111 19:00:13.388077 685523 ImuError.cpp:650] gyr saturation
W20250111 19:00:13.388082 685523 ImuError.cpp:650] gyr saturation
W20250111 19:00:13.388087 685523 ImuError.cpp:650] gyr saturation
W20250111 19:00:13.388091 685523 ImuError.cpp:650] gyr saturation
W20250111 19:00:13.388095 685523 ImuError.cpp:650] gyr saturation
W20250111 19:00:13.388100 685523 ImuError.cpp:650] gyr saturation
W20250111 19:00:13.388105 685523 ImuError.cpp:650] gyr saturation
W20250111 19:00:13.388110 685523 ImuError.cpp:650] gyr saturation
W20250111 19:00:13.388115 685523 ImuError.cpp:650] gyr saturation
W20250111 19:00:13.388120 685523 ImuError.cpp:650] gyr saturation
W20250111 19:00:13.388125 685523 ImuError.cpp:650] gyr saturation
W20250111 19:00:13.388130 685523 ImuError.cpp:650] gyr saturation
W20250111 19:00:13.388135 685523 ImuError.cpp:650] gyr saturation
W20250111 19:00:13.388140 685523 ImuError.cpp:650] gyr saturation
W20250111 19:00:13.388145 685523 ImuError.cpp:650] gyr saturation
W20250111 19:00:13.388156 685523 ImuError.cpp:650] gyr saturation
W20250111 19:00:13.388161 685523 ImuError.cpp:650] gyr saturation
W20250111 19:00:13.388167 685523 ImuError.cpp:650] gyr saturation
W20250111 19:00:13.388172 685523 ImuError.cpp:650] gyr saturation
W20250111 19:00:13.388176 685523 ImuError.cpp:650] gyr saturation
W20250111 19:00:13.388181 685523 ImuError.cpp:650] gyr saturation
I20250111 19:00:13.390323 685523 Frontend.cpp:2274] RANSAC FAIL: 15 inliers, ratio = 0.6
W20250111 19:00:13.393329 685523 ImuError.cpp:368] gyr saturation
W20250111 19:00:13.393401 685523 ImuError.cpp:368] gyr saturation
W20250111 19:00:13.393414 685523 ImuError.cpp:368] gyr saturation
W20250111 19:00:13.393426 685523 ImuError.cpp:368] gyr saturation
W20250111 19:00:13.393437 685523 ImuError.cpp:368] gyr saturation
W20250111 19:00:13.393448 685523 ImuError.cpp:368] gyr saturation
W20250111 19:00:13.393460 685523 ImuError.cpp:368] gyr saturation
W20250111 19:00:13.393471 685523 ImuError.cpp:368] gyr saturation
W20250111 19:00:13.393481 685523 ImuError.cpp:368] gyr saturation
W20250111 19:00:13.393492 685523 ImuError.cpp:368] gyr saturation
W20250111 19:00:13.393503 685523 ImuError.cpp:368] gyr saturation
W20250111 19:00:13.393514 685523 ImuError.cpp:368] gyr saturation
W20250111 19:00:13.393525 685523 ImuError.cpp:368] gyr saturation
W20250111 19:00:13.393535 685523 ImuError.cpp:368] gyr saturation
W20250111 19:00:13.393559 685523 ImuError.cpp:368] gyr saturation
W20250111 19:00:13.393570 685523 ImuError.cpp:368] gyr saturation
W20250111 19:00:13.393581 685523 ImuError.cpp:368] gyr saturation
W20250111 19:00:13.393591 685523 ImuError.cpp:368] gyr saturation
W20250111 19:00:13.393602 685523 ImuError.cpp:368] gyr saturation
W20250111 19:00:13.393612 685523 ImuError.cpp:368] gyr saturation
W20250111 19:00:13.393623 685523 ImuError.cpp:368] gyr saturation
W20250111 19:00:13.393635 685523 ImuError.cpp:368] gyr saturation
W20250111 19:00:13.393646 685523 ImuError.cpp:368] gyr saturation
W20250111 19:00:13.393656 685523 ImuError.cpp:368] gyr saturation
W20250111 19:00:13.393666 685523 ImuError.cpp:368] gyr saturation
W20250111 19:00:13.393677 685523 ImuError.cpp:368] gyr saturation
W20250111 19:00:13.393687 685523 ImuError.cpp:368] gyr saturation
W20250111 19:00:13.393698 685523 ImuError.cpp:368] gyr saturation
W20250111 19:00:13.393708 685523 ImuError.cpp:368] gyr saturation
W20250111 19:00:13.393739 685523 ImuError.cpp:368] gyr saturation
W20250111 19:00:13.393751 685523 ImuError.cpp:368] gyr saturation
W20250111 19:00:13.393764 685523 ImuError.cpp:368] gyr saturation
W20250111 19:00:13.393775 685523 ImuError.cpp:368] gyr saturation
W20250111 19:00:13.393786 685523 ImuError.cpp:368] gyr saturation
W20250111 19:00:13.401197 685523 ImuError.cpp:650] gyr saturation
W20250111 19:00:13.401257 685523 ImuError.cpp:650] gyr saturation
W20250111 19:00:13.401264 685523 ImuError.cpp:650] gyr saturation
W20250111 19:00:13.401271 685523 ImuError.cpp:650] gyr saturation
W20250111 19:00:13.401278 685523 ImuError.cpp:650] gyr saturation
W20250111 19:00:13.401283 685523 ImuError.cpp:650] gyr saturation
W20250111 19:00:13.401288 685523 ImuError.cpp:650] gyr saturation
W20250111 19:00:13.401294 685523 ImuError.cpp:650] gyr saturation
W20250111 19:00:13.401301 685523 ImuError.cpp:650] gyr saturation
W20250111 19:00:13.401307 685523 ImuError.cpp:650] gyr saturation
W20250111 19:00:13.401314 685523 ImuError.cpp:650] gyr saturation
W20250111 19:00:13.401319 685523 ImuError.cpp:650] gyr saturation
W20250111 19:00:13.401324 685523 ImuError.cpp:650] gyr saturation
W20250111 19:00:13.401329 685523 ImuError.cpp:650] gyr saturation
W20250111 19:00:13.401335 685523 ImuError.cpp:650] gyr saturation
W20250111 19:00:13.401340 685523 ImuError.cpp:650] gyr saturation
W20250111 19:00:13.401345 685523 ImuError.cpp:650] gyr saturation
W20250111 19:00:13.401351 685523 ImuError.cpp:650] gyr saturation
W20250111 19:00:13.401357 685523 ImuError.cpp:650] gyr saturation
W20250111 19:00:13.401363 685523 ImuError.cpp:650] gyr saturation
W20250111 19:00:13.401368 685523 ImuError.cpp:650] gyr saturation
W20250111 19:00:13.401391 685523 ImuError.cpp:650] gyr saturation
W20250111 19:00:13.401397 685523 ImuError.cpp:650] gyr saturation
W20250111 19:00:13.401404 685523 ImuError.cpp:650] gyr saturation
W20250111 19:00:13.401410 685523 ImuError.cpp:650] gyr saturation
W20250111 19:00:13.401417 685523 ImuError.cpp:650] gyr saturation
W20250111 19:00:13.401423 685523 ImuError.cpp:650] gyr saturation
W20250111 19:00:13.401428 685523 ImuError.cpp:650] gyr saturation
W20250111 19:00:13.401435 685523 ImuError.cpp:650] gyr saturation
W20250111 19:00:13.401441 685523 ImuError.cpp:650] gyr saturation
W20250111 19:00:13.401448 685523 ImuError.cpp:650] gyr saturation
W20250111 19:00:13.401453 685523 ImuError.cpp:650] gyr saturation
W20250111 19:00:13.401459 685523 ImuError.cpp:650] gyr saturation
W20250111 19:00:13.401465 685523 ImuError.cpp:650] gyr saturation
W20250111 19:00:13.401471 685523 ImuError.cpp:650] gyr saturation
W20250111 19:00:13.401477 685523 ImuError.cpp:650] gyr saturation
W20250111 19:00:13.401484 685523 ImuError.cpp:650] gyr saturation
W20250111 19:00:13.401492 685523 ImuError.cpp:650] gyr saturation
W20250111 19:00:13.401497 685523 ImuError.cpp:650] gyr saturation
W20250111 19:00:13.401504 685523 ImuError.cpp:650] gyr saturation
W20250111 19:00:13.401510 685523 ImuError.cpp:650] gyr saturation
W20250111 19:00:13.401517 685523 ImuError.cpp:650] gyr saturation
W20250111 19:00:13.401526 685523 ImuError.cpp:650] gyr saturation
W20250111 19:00:13.401533 685523 ImuError.cpp:650] gyr saturation
W20250111 19:00:13.401539 685523 ImuError.cpp:650] gyr saturation
W20250111 19:00:13.401546 685523 ImuError.cpp:650] gyr saturation
W20250111 19:00:13.401552 685523 ImuError.cpp:650] gyr saturation
W20250111 19:00:13.401559 685523 ImuError.cpp:650] gyr saturation
W20250111 19:00:13.401566 685523 ImuError.cpp:650] gyr saturation
W20250111 19:00:13.401571 685523 ImuError.cpp:650] gyr saturation
W20250111 19:00:13.401577 685523 ImuError.cpp:650] gyr saturation
W20250111 19:00:13.401582 685523 ImuError.cpp:650] gyr saturation
W20250111 19:00:13.401588 685523 ImuError.cpp:650] gyr saturation
W20250111 19:00:13.401594 685523 ImuError.cpp:650] gyr saturation
W20250111 19:00:13.401599 685523 ImuError.cpp:650] gyr saturation
W20250111 19:00:13.401604 685523 ImuError.cpp:650] gyr saturation
W20250111 19:00:13.401609 685523 ImuError.cpp:650] gyr saturation
W20250111 19:00:13.401615 685523 ImuError.cpp:650] gyr saturation
W20250111 19:00:13.401621 685523 ImuError.cpp:650] gyr saturation
W20250111 19:00:13.401626 685523 ImuError.cpp:650] gyr saturation
W20250111 19:00:13.401633 685523 ImuError.cpp:650] gyr saturation
W20250111 19:00:13.401638 685523 ImuError.cpp:650] gyr saturation
W20250111 19:00:13.401645 685523 ImuError.cpp:650] gyr saturation
W20250111 19:00:13.401651 685523 ImuError.cpp:650] gyr saturation
W20250111 19:00:13.401656 685523 ImuError.cpp:650] gyr saturation
W20250111 19:00:13.401661 685523 ImuError.cpp:650] gyr saturation
W20250111 19:00:13.401667 685523 ImuError.cpp:650] gyr saturation
W20250111 19:00:13.438917 685523 ImuError.cpp:650] gyr saturation
W20250111 19:00:13.438969 685523 ImuError.cpp:650] gyr saturation
W20250111 19:00:13.438975 685523 ImuError.cpp:650] gyr saturation
W20250111 19:00:13.438982 685523 ImuError.cpp:650] gyr saturation
W20250111 19:00:13.438987 685523 ImuError.cpp:650] gyr saturation
W20250111 19:00:13.438992 685523 ImuError.cpp:650] gyr saturation
W20250111 19:00:13.438997 685523 ImuError.cpp:650] gyr saturation
W20250111 19:00:13.439002 685523 ImuError.cpp:650] gyr saturation
W20250111 19:00:13.439006 685523 ImuError.cpp:650] gyr saturation
W20250111 19:00:13.439011 685523 ImuError.cpp:650] gyr saturation
W20250111 19:00:13.439016 685523 ImuError.cpp:650] gyr saturation
W20250111 19:00:13.439021 685523 ImuError.cpp:650] gyr saturation
W20250111 19:00:13.439026 685523 ImuError.cpp:650] gyr saturation
W20250111 19:00:13.439031 685523 ImuError.cpp:650] gyr saturation
W20250111 19:00:13.439036 685523 ImuError.cpp:650] gyr saturation
W20250111 19:00:13.439041 685523 ImuError.cpp:650] gyr saturation
W20250111 19:00:13.439059 685523 ImuError.cpp:650] gyr saturation
W20250111 19:00:13.439064 685523 ImuError.cpp:650] gyr saturation
W20250111 19:00:13.439069 685523 ImuError.cpp:650] gyr saturation
W20250111 19:00:13.439074 685523 ImuError.cpp:650] gyr saturation
W20250111 19:00:13.439079 685523 ImuError.cpp:650] gyr saturation
W20250111 19:00:13.439085 685523 ImuError.cpp:650] gyr saturation
W20250111 19:00:13.439090 685523 ImuError.cpp:650] gyr saturation
W20250111 19:00:13.439095 685523 ImuError.cpp:650] gyr saturation
W20250111 19:00:13.439102 685523 ImuError.cpp:650] gyr saturation
W20250111 19:00:13.439107 685523 ImuError.cpp:650] gyr saturation
W20250111 19:00:13.439112 685523 ImuError.cpp:650] gyr saturation
W20250111 19:00:13.439118 685523 ImuError.cpp:650] gyr saturation
W20250111 19:00:13.439123 685523 ImuError.cpp:650] gyr saturation
W20250111 19:00:13.439128 685523 ImuError.cpp:650] gyr saturation
W20250111 19:00:13.439133 685523 ImuError.cpp:650] gyr saturation
W20250111 19:00:13.439139 685523 ImuError.cpp:650] gyr saturation
W20250111 19:00:13.439145 685523 ImuError.cpp:650] gyr saturation
W20250111 19:00:13.439150 685523 ImuError.cpp:650] gyr saturation
W20250111 19:00:13.439271 685523 ImuError.cpp:650] gyr saturation
W20250111 19:00:13.439280 685523 ImuError.cpp:650] gyr saturation
W20250111 19:00:13.439283 685523 ImuError.cpp:650] gyr saturation
W20250111 19:00:13.439291 685523 ImuError.cpp:650] gyr saturation
W20250111 19:00:13.439296 685523 ImuError.cpp:650] gyr saturation
W20250111 19:00:13.439301 685523 ImuError.cpp:650] gyr saturation
W20250111 19:00:13.439307 685523 ImuError.cpp:650] gyr saturation
W20250111 19:00:13.439312 685523 ImuError.cpp:650] gyr saturation
W20250111 19:00:13.439318 685523 ImuError.cpp:650] gyr saturation
W20250111 19:00:13.439323 685523 ImuError.cpp:650] gyr saturation
W20250111 19:00:13.439328 685523 ImuError.cpp:650] gyr saturation
W20250111 19:00:13.439335 685523 ImuError.cpp:650] gyr saturation
W20250111 19:00:13.439339 685523 ImuError.cpp:650] gyr saturation
W20250111 19:00:13.439345 685523 ImuError.cpp:650] gyr saturation
W20250111 19:00:13.439350 685523 ImuError.cpp:650] gyr saturation
W20250111 19:00:13.439355 685523 ImuError.cpp:650] gyr saturation
W20250111 19:00:13.439360 685523 ImuError.cpp:650] gyr saturation
W20250111 19:00:13.439366 685523 ImuError.cpp:650] gyr saturation
W20250111 19:00:13.439373 685523 ImuError.cpp:650] gyr saturation
W20250111 19:00:13.439378 685523 ImuError.cpp:650] gyr saturation
W20250111 19:00:13.439383 685523 ImuError.cpp:650] gyr saturation
W20250111 19:00:13.439388 685523 ImuError.cpp:650] gyr saturation
W20250111 19:00:13.439393 685523 ImuError.cpp:650] gyr saturation
W20250111 19:00:13.439399 685523 ImuError.cpp:650] gyr saturation
W20250111 19:00:13.439405 685523 ImuError.cpp:650] gyr saturation
W20250111 19:00:13.439411 685523 ImuError.cpp:650] gyr saturation
W20250111 19:00:13.439416 685523 ImuError.cpp:650] gyr saturation
W20250111 19:00:13.439421 685523 ImuError.cpp:650] gyr saturation
W20250111 19:00:13.439427 685523 ImuError.cpp:650] gyr saturation
W20250111 19:00:13.439433 685523 ImuError.cpp:650] gyr saturation
W20250111 19:00:13.439438 685523 ImuError.cpp:650] gyr saturation
W20250111 19:00:13.439445 685523 ImuError.cpp:650] gyr saturation
W20250111 19:00:13.439450 685523 ImuError.cpp:650] gyr saturation
W20250111 19:00:13.439455 685523 ImuError.cpp:650] gyr saturation
I20250111 19:00:13.441154 685523 Frontend.cpp:2274] RANSAC FAIL: 12 inliers, ratio = 0.6
W20250111 19:00:13.444082 685523 ImuError.cpp:368] gyr saturation
W20250111 19:00:13.444149 685523 ImuError.cpp:368] gyr saturation
W20250111 19:00:13.444161 685523 ImuError.cpp:368] gyr saturation
W20250111 19:00:13.444173 685523 ImuError.cpp:368] gyr saturation
W20250111 19:00:13.444183 685523 ImuError.cpp:368] gyr saturation
W20250111 19:00:13.444195 685523 ImuError.cpp:368] gyr saturation
W20250111 19:00:13.444205 685523 ImuError.cpp:368] gyr saturation
W20250111 19:00:13.444216 685523 ImuError.cpp:368] gyr saturation
W20250111 19:00:13.444227 685523 ImuError.cpp:368] gyr saturation
W20250111 19:00:13.444252 685523 ImuError.cpp:368] gyr saturation
W20250111 19:00:13.444264 685523 ImuError.cpp:368] gyr saturation
W20250111 19:00:13.444274 685523 ImuError.cpp:368] gyr saturation
W20250111 19:00:13.444285 685523 ImuError.cpp:368] gyr saturation
W20250111 19:00:13.444296 685523 ImuError.cpp:368] gyr saturation
W20250111 19:00:13.444306 685523 ImuError.cpp:368] gyr saturation
W20250111 19:00:13.444317 685523 ImuError.cpp:368] gyr saturation
W20250111 19:00:13.444329 685523 ImuError.cpp:368] gyr saturation
W20250111 19:00:13.444339 685523 ImuError.cpp:368] gyr saturation
W20250111 19:00:13.444350 685523 ImuError.cpp:368] gyr saturation
W20250111 19:00:13.444360 685523 ImuError.cpp:368] gyr saturation
W20250111 19:00:13.444370 685523 ImuError.cpp:368] gyr saturation
W20250111 19:00:13.444380 685523 ImuError.cpp:368] gyr saturation
W20250111 19:00:13.444391 685523 ImuError.cpp:368] gyr saturation
W20250111 19:00:13.444401 685523 ImuError.cpp:368] gyr saturation
W20250111 19:00:13.444412 685523 ImuError.cpp:368] gyr saturation
W20250111 19:00:13.444423 685523 ImuError.cpp:368] gyr saturation
W20250111 19:00:13.444433 685523 ImuError.cpp:368] gyr saturation
W20250111 19:00:13.444444 685523 ImuError.cpp:368] gyr saturation
W20250111 19:00:13.444454 685523 ImuError.cpp:368] gyr saturation
W20250111 19:00:13.444465 685523 ImuError.cpp:368] gyr saturation
W20250111 19:00:13.444476 685523 ImuError.cpp:368] gyr saturation
W20250111 19:00:13.444489 685523 ImuError.cpp:368] gyr saturation
W20250111 19:00:13.444499 685523 ImuError.cpp:368] gyr saturation
W20250111 19:00:13.444509 685523 ImuError.cpp:368] gyr saturation
W20250111 19:00:13.452054 685523 ImuError.cpp:650] gyr saturation
W20250111 19:00:13.452116 685523 ImuError.cpp:650] gyr saturation
W20250111 19:00:13.452126 685523 ImuError.cpp:650] gyr saturation
W20250111 19:00:13.452132 685523 ImuError.cpp:650] gyr saturation
W20250111 19:00:13.452138 685523 ImuError.cpp:650] gyr saturation
W20250111 19:00:13.452145 685523 ImuError.cpp:650] gyr saturation
W20250111 19:00:13.452150 685523 ImuError.cpp:650] gyr saturation
W20250111 19:00:13.452157 685523 ImuError.cpp:650] gyr saturation
W20250111 19:00:13.452162 685523 ImuError.cpp:650] gyr saturation
W20250111 19:00:13.452168 685523 ImuError.cpp:650] gyr saturation
W20250111 19:00:13.452174 685523 ImuError.cpp:650] gyr saturation
W20250111 19:00:13.452179 685523 ImuError.cpp:650] gyr saturation
W20250111 19:00:13.452185 685523 ImuError.cpp:650] gyr saturation
W20250111 19:00:13.452190 685523 ImuError.cpp:650] gyr saturation
W20250111 19:00:13.452196 685523 ImuError.cpp:650] gyr saturation
W20250111 19:00:13.452203 685523 ImuError.cpp:650] gyr saturation
W20250111 19:00:13.452207 685523 ImuError.cpp:650] gyr saturation
W20250111 19:00:13.452212 685523 ImuError.cpp:650] gyr saturation
W20250111 19:00:13.452219 685523 ImuError.cpp:650] gyr saturation
W20250111 19:00:13.452224 685523 ImuError.cpp:650] gyr saturation
W20250111 19:00:13.452229 685523 ImuError.cpp:650] gyr saturation
W20250111 19:00:13.452235 685523 ImuError.cpp:650] gyr saturation
W20250111 19:00:13.452241 685523 ImuError.cpp:650] gyr saturation
W20250111 19:00:13.452246 685523 ImuError.cpp:650] gyr saturation
W20250111 19:00:13.452252 685523 ImuError.cpp:650] gyr saturation
W20250111 19:00:13.452257 685523 ImuError.cpp:650] gyr saturation
W20250111 19:00:13.452263 685523 ImuError.cpp:650] gyr saturation
W20250111 19:00:13.452268 685523 ImuError.cpp:650] gyr saturation
W20250111 19:00:13.452275 685523 ImuError.cpp:650] gyr saturation
W20250111 19:00:13.452279 685523 ImuError.cpp:650] gyr saturation
W20250111 19:00:13.452286 685523 ImuError.cpp:650] gyr saturation
W20250111 19:00:13.452291 685523 ImuError.cpp:650] gyr saturation
W20250111 19:00:13.452297 685523 ImuError.cpp:650] gyr saturation
W20250111 19:00:13.452303 685523 ImuError.cpp:650] gyr saturation
W20250111 19:00:13.452308 685523 ImuError.cpp:650] gyr saturation
W20250111 19:00:13.452314 685523 ImuError.cpp:650] gyr saturation
W20250111 19:00:13.452319 685523 ImuError.cpp:650] gyr saturation
W20250111 19:00:13.452338 685523 ImuError.cpp:650] gyr saturation
W20250111 19:00:13.452344 685523 ImuError.cpp:650] gyr saturation
W20250111 19:00:13.452350 685523 ImuError.cpp:650] gyr saturation
W20250111 19:00:13.452356 685523 ImuError.cpp:650] gyr saturation
W20250111 19:00:13.452363 685523 ImuError.cpp:650] gyr saturation
W20250111 19:00:13.452369 685523 ImuError.cpp:650] gyr saturation
W20250111 19:00:13.452374 685523 ImuError.cpp:650] gyr saturation
W20250111 19:00:13.452380 685523 ImuError.cpp:650] gyr saturation
W20250111 19:00:13.452385 685523 ImuError.cpp:650] gyr saturation
W20250111 19:00:13.452391 685523 ImuError.cpp:650] gyr saturation
W20250111 19:00:13.452399 685523 ImuError.cpp:650] gyr saturation
W20250111 19:00:13.452405 685523 ImuError.cpp:650] gyr saturation
W20250111 19:00:13.452411 685523 ImuError.cpp:650] gyr saturation
W20250111 19:00:13.452417 685523 ImuError.cpp:650] gyr saturation
W20250111 19:00:13.452422 685523 ImuError.cpp:650] gyr saturation
W20250111 19:00:13.452428 685523 ImuError.cpp:650] gyr saturation
W20250111 19:00:13.452433 685523 ImuError.cpp:650] gyr saturation
W20250111 19:00:13.452440 685523 ImuError.cpp:650] gyr saturation
W20250111 19:00:13.452445 685523 ImuError.cpp:650] gyr saturation
W20250111 19:00:13.452450 685523 ImuError.cpp:650] gyr saturation
W20250111 19:00:13.452456 685523 ImuError.cpp:650] gyr saturation
W20250111 19:00:13.452461 685523 ImuError.cpp:650] gyr saturation
W20250111 19:00:13.452469 685523 ImuError.cpp:650] gyr saturation
W20250111 19:00:13.452476 685523 ImuError.cpp:650] gyr saturation
W20250111 19:00:13.452481 685523 ImuError.cpp:650] gyr saturation
W20250111 19:00:13.452486 685523 ImuError.cpp:650] gyr saturation
W20250111 19:00:13.452492 685523 ImuError.cpp:650] gyr saturation
W20250111 19:00:13.452498 685523 ImuError.cpp:650] gyr saturation
W20250111 19:00:13.452503 685523 ImuError.cpp:650] gyr saturation
W20250111 19:00:13.452509 685523 ImuError.cpp:650] gyr saturation
W20250111 19:00:13.452514 685523 ImuError.cpp:650] gyr saturation
W20250111 19:00:13.481213 685523 ImuError.cpp:650] gyr saturation
W20250111 19:00:13.481258 685523 ImuError.cpp:650] gyr saturation
W20250111 19:00:13.481264 685523 ImuError.cpp:650] gyr saturation
W20250111 19:00:13.481271 685523 ImuError.cpp:650] gyr saturation
W20250111 19:00:13.481274 685523 ImuError.cpp:650] gyr saturation
W20250111 19:00:13.481281 685523 ImuError.cpp:650] gyr saturation
W20250111 19:00:13.481287 685523 ImuError.cpp:650] gyr saturation
W20250111 19:00:13.481292 685523 ImuError.cpp:650] gyr saturation
W20250111 19:00:13.481297 685523 ImuError.cpp:650] gyr saturation
W20250111 19:00:13.481302 685523 ImuError.cpp:650] gyr saturation
W20250111 19:00:13.481307 685523 ImuError.cpp:650] gyr saturation
W20250111 19:00:13.481312 685523 ImuError.cpp:650] gyr saturation
W20250111 19:00:13.481317 685523 ImuError.cpp:650] gyr saturation
W20250111 19:00:13.481323 685523 ImuError.cpp:650] gyr saturation
W20250111 19:00:13.481328 685523 ImuError.cpp:650] gyr saturation
W20250111 19:00:13.481333 685523 ImuError.cpp:650] gyr saturation
W20250111 19:00:13.481338 685523 ImuError.cpp:650] gyr saturation
W20250111 19:00:13.481343 685523 ImuError.cpp:650] gyr saturation
W20250111 19:00:13.481348 685523 ImuError.cpp:650] gyr saturation
W20250111 19:00:13.481352 685523 ImuError.cpp:650] gyr saturation
W20250111 19:00:13.481357 685523 ImuError.cpp:650] gyr saturation
W20250111 19:00:13.481362 685523 ImuError.cpp:650] gyr saturation
W20250111 19:00:13.481367 685523 ImuError.cpp:650] gyr saturation
W20250111 19:00:13.481372 685523 ImuError.cpp:650] gyr saturation
W20250111 19:00:13.481377 685523 ImuError.cpp:650] gyr saturation
W20250111 19:00:13.481382 685523 ImuError.cpp:650] gyr saturation
W20250111 19:00:13.481387 685523 ImuError.cpp:650] gyr saturation
W20250111 19:00:13.481392 685523 ImuError.cpp:650] gyr saturation
W20250111 19:00:13.481397 685523 ImuError.cpp:650] gyr saturation
W20250111 19:00:13.481402 685523 ImuError.cpp:650] gyr saturation
W20250111 19:00:13.481407 685523 ImuError.cpp:650] gyr saturation
W20250111 19:00:13.481422 685523 ImuError.cpp:650] gyr saturation
W20250111 19:00:13.481427 685523 ImuError.cpp:650] gyr saturation
W20250111 19:00:13.481432 685523 ImuError.cpp:650] gyr saturation
W20250111 19:00:13.481438 685523 ImuError.cpp:650] gyr saturation
W20250111 19:00:13.481575 685523 ImuError.cpp:650] gyr saturation
W20250111 19:00:13.481582 685523 ImuError.cpp:650] gyr saturation
W20250111 19:00:13.481587 685523 ImuError.cpp:650] gyr saturation
W20250111 19:00:13.481592 685523 ImuError.cpp:650] gyr saturation
W20250111 19:00:13.481597 685523 ImuError.cpp:650] gyr saturation
W20250111 19:00:13.481602 685523 ImuError.cpp:650] gyr saturation
W20250111 19:00:13.481607 685523 ImuError.cpp:650] gyr saturation
W20250111 19:00:13.481612 685523 ImuError.cpp:650] gyr saturation
W20250111 19:00:13.481617 685523 ImuError.cpp:650] gyr saturation
W20250111 19:00:13.481622 685523 ImuError.cpp:650] gyr saturation
W20250111 19:00:13.481627 685523 ImuError.cpp:650] gyr saturation
W20250111 19:00:13.481632 685523 ImuError.cpp:650] gyr saturation
W20250111 19:00:13.481637 685523 ImuError.cpp:650] gyr saturation
W20250111 19:00:13.481642 685523 ImuError.cpp:650] gyr saturation
W20250111 19:00:13.481647 685523 ImuError.cpp:650] gyr saturation
W20250111 19:00:13.481652 685523 ImuError.cpp:650] gyr saturation
W20250111 19:00:13.481657 685523 ImuError.cpp:650] gyr saturation
W20250111 19:00:13.481662 685523 ImuError.cpp:650] gyr saturation
W20250111 19:00:13.481669 685523 ImuError.cpp:650] gyr saturation
W20250111 19:00:13.481674 685523 ImuError.cpp:650] gyr saturation
W20250111 19:00:13.481679 685523 ImuError.cpp:650] gyr saturation
W20250111 19:00:13.481684 685523 ImuError.cpp:650] gyr saturation
W20250111 19:00:13.481689 685523 ImuError.cpp:650] gyr saturation
W20250111 19:00:13.481694 685523 ImuError.cpp:650] gyr saturation
W20250111 19:00:13.481699 685523 ImuError.cpp:650] gyr saturation
W20250111 19:00:13.481704 685523 ImuError.cpp:650] gyr saturation
W20250111 19:00:13.481709 685523 ImuError.cpp:650] gyr saturation
W20250111 19:00:13.481714 685523 ImuError.cpp:650] gyr saturation
W20250111 19:00:13.481719 685523 ImuError.cpp:650] gyr saturation
W20250111 19:00:13.481724 685523 ImuError.cpp:650] gyr saturation
W20250111 19:00:13.481729 685523 ImuError.cpp:650] gyr saturation
W20250111 19:00:13.481734 685523 ImuError.cpp:650] gyr saturation
W20250111 19:00:13.481739 685523 ImuError.cpp:650] gyr saturation
W20250111 19:00:13.481745 685523 ImuError.cpp:650] gyr saturation
W20250111 19:00:13.481750 685523 ImuError.cpp:650] gyr saturation
I20250111 19:00:13.482805 685523 Frontend.cpp:2274] RANSAC FAIL: 9 inliers, ratio = 0.9
W20250111 19:00:13.486166 685523 ImuError.cpp:368] gyr saturation
W20250111 19:00:13.486234 685523 ImuError.cpp:368] gyr saturation
W20250111 19:00:13.486248 685523 ImuError.cpp:368] gyr saturation
W20250111 19:00:13.486259 685523 ImuError.cpp:368] gyr saturation
W20250111 19:00:13.486270 685523 ImuError.cpp:368] gyr saturation
W20250111 19:00:13.486281 685523 ImuError.cpp:368] gyr saturation
W20250111 19:00:13.486292 685523 ImuError.cpp:368] gyr saturation
W20250111 19:00:13.486303 685523 ImuError.cpp:368] gyr saturation
W20250111 19:00:13.486315 685523 ImuError.cpp:368] gyr saturation
W20250111 19:00:13.486325 685523 ImuError.cpp:368] gyr saturation
W20250111 19:00:13.486336 685523 ImuError.cpp:368] gyr saturation
W20250111 19:00:13.486346 685523 ImuError.cpp:368] gyr saturation
W20250111 19:00:13.486357 685523 ImuError.cpp:368] gyr saturation
W20250111 19:00:13.486368 685523 ImuError.cpp:368] gyr saturation
W20250111 19:00:13.486379 685523 ImuError.cpp:368] gyr saturation
W20250111 19:00:13.486390 685523 ImuError.cpp:368] gyr saturation
W20250111 19:00:13.486402 685523 ImuError.cpp:368] gyr saturation
W20250111 19:00:13.486413 685523 ImuError.cpp:368] gyr saturation
W20250111 19:00:13.486424 685523 ImuError.cpp:368] gyr saturation
W20250111 19:00:13.486435 685523 ImuError.cpp:368] gyr saturation
W20250111 19:00:13.486445 685523 ImuError.cpp:368] gyr saturation
W20250111 19:00:13.486471 685523 ImuError.cpp:368] gyr saturation
W20250111 19:00:13.486485 685523 ImuError.cpp:368] gyr saturation
W20250111 19:00:13.486496 685523 ImuError.cpp:368] gyr saturation
W20250111 19:00:13.486507 685523 ImuError.cpp:368] gyr saturation
W20250111 19:00:13.486519 685523 ImuError.cpp:368] gyr saturation
W20250111 19:00:13.486532 685523 ImuError.cpp:368] gyr saturation
W20250111 19:00:13.486544 685523 ImuError.cpp:368] gyr saturation
W20250111 19:00:13.486555 685523 ImuError.cpp:368] gyr saturation
W20250111 19:00:13.486567 685523 ImuError.cpp:368] gyr saturation
W20250111 19:00:13.486577 685523 ImuError.cpp:368] gyr saturation
W20250111 19:00:13.486589 685523 ImuError.cpp:368] gyr saturation
W20250111 19:00:13.486600 685523 ImuError.cpp:368] gyr saturation
W20250111 19:00:13.486613 685523 ImuError.cpp:368] gyr saturation
W20250111 19:00:13.486624 685523 ImuError.cpp:368] gyr saturation
W20250111 19:00:13.494050 685523 ImuError.cpp:650] gyr saturation
W20250111 19:00:13.494109 685523 ImuError.cpp:650] gyr saturation
W20250111 19:00:13.494119 685523 ImuError.cpp:650] gyr saturation
W20250111 19:00:13.494125 685523 ImuError.cpp:650] gyr saturation
W20250111 19:00:13.494131 685523 ImuError.cpp:650] gyr saturation
W20250111 19:00:13.494136 685523 ImuError.cpp:650] gyr saturation
W20250111 19:00:13.494143 685523 ImuError.cpp:650] gyr saturation
W20250111 19:00:13.494149 685523 ImuError.cpp:650] gyr saturation
W20250111 19:00:13.494155 685523 ImuError.cpp:650] gyr saturation
W20250111 19:00:13.494161 685523 ImuError.cpp:650] gyr saturation
W20250111 19:00:13.494177 685523 ImuError.cpp:650] gyr saturation
W20250111 19:00:13.494184 685523 ImuError.cpp:650] gyr saturation
W20250111 19:00:13.494194 685523 ImuError.cpp:650] gyr saturation
W20250111 19:00:13.494199 685523 ImuError.cpp:650] gyr saturation
W20250111 19:00:13.494206 685523 ImuError.cpp:650] gyr saturation
W20250111 19:00:13.494212 685523 ImuError.cpp:650] gyr saturation
W20250111 19:00:13.494218 685523 ImuError.cpp:650] gyr saturation
W20250111 19:00:13.494225 685523 ImuError.cpp:650] gyr saturation
W20250111 19:00:13.494231 685523 ImuError.cpp:650] gyr saturation
W20250111 19:00:13.494237 685523 ImuError.cpp:650] gyr saturation
W20250111 19:00:13.494244 685523 ImuError.cpp:650] gyr saturation
W20250111 19:00:13.494251 685523 ImuError.cpp:650] gyr saturation
W20250111 19:00:13.494258 685523 ImuError.cpp:650] gyr saturation
W20250111 19:00:13.494266 685523 ImuError.cpp:650] gyr saturation
W20250111 19:00:13.494272 685523 ImuError.cpp:650] gyr saturation
W20250111 19:00:13.494279 685523 ImuError.cpp:650] gyr saturation
W20250111 19:00:13.494287 685523 ImuError.cpp:650] gyr saturation
W20250111 19:00:13.494293 685523 ImuError.cpp:650] gyr saturation
W20250111 19:00:13.494300 685523 ImuError.cpp:650] gyr saturation
W20250111 19:00:13.494306 685523 ImuError.cpp:650] gyr saturation
W20250111 19:00:13.494313 685523 ImuError.cpp:650] gyr saturation
W20250111 19:00:13.494318 685523 ImuError.cpp:650] gyr saturation
W20250111 19:00:13.494324 685523 ImuError.cpp:650] gyr saturation
W20250111 19:00:13.494333 685523 ImuError.cpp:650] gyr saturation
W20250111 19:00:13.494339 685523 ImuError.cpp:650] gyr saturation
W20250111 19:00:13.494345 685523 ImuError.cpp:650] gyr saturation
W20250111 19:00:13.494352 685523 ImuError.cpp:650] gyr saturation
W20250111 19:00:13.494359 685523 ImuError.cpp:650] gyr saturation
W20250111 19:00:13.494366 685523 ImuError.cpp:650] gyr saturation
W20250111 19:00:13.494374 685523 ImuError.cpp:650] gyr saturation
W20250111 19:00:13.494379 685523 ImuError.cpp:650] gyr saturation
W20250111 19:00:13.494386 685523 ImuError.cpp:650] gyr saturation
W20250111 19:00:13.494393 685523 ImuError.cpp:650] gyr saturation
W20250111 19:00:13.494401 685523 ImuError.cpp:650] gyr saturation
W20250111 19:00:13.494407 685523 ImuError.cpp:650] gyr saturation
W20250111 19:00:13.494414 685523 ImuError.cpp:650] gyr saturation
W20250111 19:00:13.494421 685523 ImuError.cpp:650] gyr saturation
W20250111 19:00:13.494428 685523 ImuError.cpp:650] gyr saturation
W20250111 19:00:13.494446 685523 ImuError.cpp:650] gyr saturation
W20250111 19:00:13.494453 685523 ImuError.cpp:650] gyr saturation
W20250111 19:00:13.494460 685523 ImuError.cpp:650] gyr saturation
W20250111 19:00:13.494467 685523 ImuError.cpp:650] gyr saturation
W20250111 19:00:13.494472 685523 ImuError.cpp:650] gyr saturation
W20250111 19:00:13.494479 685523 ImuError.cpp:650] gyr saturation
W20250111 19:00:13.494484 685523 ImuError.cpp:650] gyr saturation
W20250111 19:00:13.494490 685523 ImuError.cpp:650] gyr saturation
W20250111 19:00:13.494496 685523 ImuError.cpp:650] gyr saturation
W20250111 19:00:13.494501 685523 ImuError.cpp:650] gyr saturation
W20250111 19:00:13.494508 685523 ImuError.cpp:650] gyr saturation
W20250111 19:00:13.494513 685523 ImuError.cpp:650] gyr saturation
W20250111 19:00:13.494519 685523 ImuError.cpp:650] gyr saturation
W20250111 19:00:13.494525 685523 ImuError.cpp:650] gyr saturation
W20250111 19:00:13.494531 685523 ImuError.cpp:650] gyr saturation
W20250111 19:00:13.494536 685523 ImuError.cpp:650] gyr saturation
W20250111 19:00:13.494542 685523 ImuError.cpp:650] gyr saturation
W20250111 19:00:13.494549 685523 ImuError.cpp:650] gyr saturation
W20250111 19:00:13.494555 685523 ImuError.cpp:650] gyr saturation
W20250111 19:00:13.494561 685523 ImuError.cpp:650] gyr saturation
W20250111 19:00:13.531782 685523 ImuError.cpp:650] gyr saturation
W20250111 19:00:13.531850 685523 ImuError.cpp:650] gyr saturation
W20250111 19:00:13.531857 685523 ImuError.cpp:650] gyr saturation
W20250111 19:00:13.531862 685523 ImuError.cpp:650] gyr saturation
W20250111 19:00:13.531875 685523 ImuError.cpp:650] gyr saturation
W20250111 19:00:13.531879 685523 ImuError.cpp:650] gyr saturation
W20250111 19:00:13.531885 685523 ImuError.cpp:650] gyr saturation
W20250111 19:00:13.531891 685523 ImuError.cpp:650] gyr saturation
W20250111 19:00:13.531896 685523 ImuError.cpp:650] gyr saturation
W20250111 19:00:13.531903 685523 ImuError.cpp:650] gyr saturation
W20250111 19:00:13.531908 685523 ImuError.cpp:650] gyr saturation
W20250111 19:00:13.531913 685523 ImuError.cpp:650] gyr saturation
W20250111 19:00:13.531919 685523 ImuError.cpp:650] gyr saturation
W20250111 19:00:13.531924 685523 ImuError.cpp:650] gyr saturation
W20250111 19:00:13.531929 685523 ImuError.cpp:650] gyr saturation
W20250111 19:00:13.531935 685523 ImuError.cpp:650] gyr saturation
W20250111 19:00:13.531940 685523 ImuError.cpp:650] gyr saturation
W20250111 19:00:13.531945 685523 ImuError.cpp:650] gyr saturation
W20250111 19:00:13.531951 685523 ImuError.cpp:650] gyr saturation
W20250111 19:00:13.531956 685523 ImuError.cpp:650] gyr saturation
W20250111 19:00:13.531962 685523 ImuError.cpp:650] gyr saturation
W20250111 19:00:13.531968 685523 ImuError.cpp:650] gyr saturation
W20250111 19:00:13.531975 685523 ImuError.cpp:650] gyr saturation
W20250111 19:00:13.531981 685523 ImuError.cpp:650] gyr saturation
W20250111 19:00:13.531986 685523 ImuError.cpp:650] gyr saturation
W20250111 19:00:13.531992 685523 ImuError.cpp:650] gyr saturation
W20250111 19:00:13.531998 685523 ImuError.cpp:650] gyr saturation
W20250111 19:00:13.532004 685523 ImuError.cpp:650] gyr saturation
W20250111 19:00:13.532011 685523 ImuError.cpp:650] gyr saturation
W20250111 19:00:13.532016 685523 ImuError.cpp:650] gyr saturation
W20250111 19:00:13.532022 685523 ImuError.cpp:650] gyr saturation
W20250111 19:00:13.532028 685523 ImuError.cpp:650] gyr saturation
W20250111 19:00:13.532034 685523 ImuError.cpp:650] gyr saturation
W20250111 19:00:13.532040 685523 ImuError.cpp:650] gyr saturation
W20250111 19:00:13.532128 685523 ImuError.cpp:650] gyr saturation
W20250111 19:00:13.532136 685523 ImuError.cpp:650] gyr saturation
W20250111 19:00:13.532142 685523 ImuError.cpp:650] gyr saturation
W20250111 19:00:13.532148 685523 ImuError.cpp:650] gyr saturation
W20250111 19:00:13.532155 685523 ImuError.cpp:650] gyr saturation
W20250111 19:00:13.532160 685523 ImuError.cpp:650] gyr saturation
W20250111 19:00:13.532166 685523 ImuError.cpp:650] gyr saturation
W20250111 19:00:13.532172 685523 ImuError.cpp:650] gyr saturation
W20250111 19:00:13.532186 685523 ImuError.cpp:650] gyr saturation
W20250111 19:00:13.532191 685523 ImuError.cpp:650] gyr saturation
W20250111 19:00:13.532197 685523 ImuError.cpp:650] gyr saturation
W20250111 19:00:13.532203 685523 ImuError.cpp:650] gyr saturation
W20250111 19:00:13.532209 685523 ImuError.cpp:650] gyr saturation
W20250111 19:00:13.532215 685523 ImuError.cpp:650] gyr saturation
W20250111 19:00:13.532222 685523 ImuError.cpp:650] gyr saturation
W20250111 19:00:13.532228 685523 ImuError.cpp:650] gyr saturation
W20250111 19:00:13.532234 685523 ImuError.cpp:650] gyr saturation
W20250111 19:00:13.532240 685523 ImuError.cpp:650] gyr saturation
W20250111 19:00:13.532246 685523 ImuError.cpp:650] gyr saturation
W20250111 19:00:13.532253 685523 ImuError.cpp:650] gyr saturation
W20250111 19:00:13.532258 685523 ImuError.cpp:650] gyr saturation
W20250111 19:00:13.532264 685523 ImuError.cpp:650] gyr saturation
W20250111 19:00:13.532270 685523 ImuError.cpp:650] gyr saturation
W20250111 19:00:13.532276 685523 ImuError.cpp:650] gyr saturation
W20250111 19:00:13.532282 685523 ImuError.cpp:650] gyr saturation
W20250111 19:00:13.532289 685523 ImuError.cpp:650] gyr saturation
W20250111 19:00:13.532295 685523 ImuError.cpp:650] gyr saturation
W20250111 19:00:13.532301 685523 ImuError.cpp:650] gyr saturation
W20250111 19:00:13.532307 685523 ImuError.cpp:650] gyr saturation
W20250111 19:00:13.532313 685523 ImuError.cpp:650] gyr saturation
W20250111 19:00:13.532320 685523 ImuError.cpp:650] gyr saturation
W20250111 19:00:13.532325 685523 ImuError.cpp:650] gyr saturation
W20250111 19:00:13.532331 685523 ImuError.cpp:650] gyr saturation
W20250111 19:00:13.532339 685523 ImuError.cpp:650] gyr saturation
W20250111 19:00:13.535908 685523 ImuError.cpp:368] gyr saturation
W20250111 19:00:13.535984 685523 ImuError.cpp:368] gyr saturation
W20250111 19:00:13.535997 685523 ImuError.cpp:368] gyr saturation
W20250111 19:00:13.536008 685523 ImuError.cpp:368] gyr saturation
W20250111 19:00:13.536020 685523 ImuError.cpp:368] gyr saturation
W20250111 19:00:13.536032 685523 ImuError.cpp:368] gyr saturation
W20250111 19:00:13.536043 685523 ImuError.cpp:368] gyr saturation
W20250111 19:00:13.536054 685523 ImuError.cpp:368] gyr saturation
W20250111 19:00:13.536067 685523 ImuError.cpp:368] gyr saturation
W20250111 19:00:13.536077 685523 ImuError.cpp:368] gyr saturation
W20250111 19:00:13.536088 685523 ImuError.cpp:368] gyr saturation
W20250111 19:00:13.536100 685523 ImuError.cpp:368] gyr saturation
W20250111 19:00:13.536111 685523 ImuError.cpp:368] gyr saturation
W20250111 19:00:13.536123 685523 ImuError.cpp:368] gyr saturation
W20250111 19:00:13.536134 685523 ImuError.cpp:368] gyr saturation
W20250111 19:00:13.536145 685523 ImuError.cpp:368] gyr saturation
W20250111 19:00:13.536156 685523 ImuError.cpp:368] gyr saturation
W20250111 19:00:13.536167 685523 ImuError.cpp:368] gyr saturation
W20250111 19:00:13.536178 685523 ImuError.cpp:368] gyr saturation
W20250111 19:00:13.536190 685523 ImuError.cpp:368] gyr saturation
W20250111 19:00:13.536201 685523 ImuError.cpp:368] gyr saturation
W20250111 19:00:13.536212 685523 ImuError.cpp:368] gyr saturation
W20250111 19:00:13.536223 685523 ImuError.cpp:368] gyr saturation
W20250111 19:00:13.536235 685523 ImuError.cpp:368] gyr saturation
W20250111 19:00:13.536247 685523 ImuError.cpp:368] gyr saturation
W20250111 19:00:13.536257 685523 ImuError.cpp:368] gyr saturation
W20250111 19:00:13.536268 685523 ImuError.cpp:368] gyr saturation
W20250111 19:00:13.536279 685523 ImuError.cpp:368] gyr saturation
W20250111 19:00:13.536291 685523 ImuError.cpp:368] gyr saturation
W20250111 19:00:13.536302 685523 ImuError.cpp:368] gyr saturation
W20250111 19:00:13.536314 685523 ImuError.cpp:368] gyr saturation
W20250111 19:00:13.536325 685523 ImuError.cpp:368] gyr saturation
W20250111 19:00:13.536336 685523 ImuError.cpp:368] gyr saturation
W20250111 19:00:13.536347 685523 ImuError.cpp:368] gyr saturation
W20250111 19:00:13.540920 685523 Frontend.cpp:612] 3d2d tracking weak: quality=0. Number of 3d2d-matches: 5
W20250111 19:00:13.543107 685523 ImuError.cpp:650] gyr saturation
W20250111 19:00:13.543177 685523 ImuError.cpp:650] gyr saturation
W20250111 19:00:13.543190 685523 ImuError.cpp:650] gyr saturation
W20250111 19:00:13.543196 685523 ImuError.cpp:650] gyr saturation
W20250111 19:00:13.543205 685523 ImuError.cpp:650] gyr saturation
W20250111 19:00:13.543213 685523 ImuError.cpp:650] gyr saturation
W20250111 19:00:13.543220 685523 ImuError.cpp:650] gyr saturation
W20250111 19:00:13.543228 685523 ImuError.cpp:650] gyr saturation
W20250111 19:00:13.543236 685523 ImuError.cpp:650] gyr saturation
W20250111 19:00:13.543241 685523 ImuError.cpp:650] gyr saturation
W20250111 19:00:13.543247 685523 ImuError.cpp:650] gyr saturation
W20250111 19:00:13.543257 685523 ImuError.cpp:650] gyr saturation
W20250111 19:00:13.543262 685523 ImuError.cpp:650] gyr saturation
W20250111 19:00:13.543269 685523 ImuError.cpp:650] gyr saturation
W20250111 19:00:13.543275 685523 ImuError.cpp:650] gyr saturation
W20250111 19:00:13.543282 685523 ImuError.cpp:650] gyr saturation
W20250111 19:00:13.543287 685523 ImuError.cpp:650] gyr saturation
W20250111 19:00:13.543296 685523 ImuError.cpp:650] gyr saturation
W20250111 19:00:13.543303 685523 ImuError.cpp:650] gyr saturation
W20250111 19:00:13.543308 685523 ImuError.cpp:650] gyr saturation
W20250111 19:00:13.543314 685523 ImuError.cpp:650] gyr saturation
W20250111 19:00:13.543320 685523 ImuError.cpp:650] gyr saturation
W20250111 19:00:13.543326 685523 ImuError.cpp:650] gyr saturation
W20250111 19:00:13.543332 685523 ImuError.cpp:650] gyr saturation
W20250111 19:00:13.543339 685523 ImuError.cpp:650] gyr saturation
W20250111 19:00:13.543347 685523 ImuError.cpp:650] gyr saturation
W20250111 19:00:13.543354 685523 ImuError.cpp:650] gyr saturation
W20250111 19:00:13.543360 685523 ImuError.cpp:650] gyr saturation
W20250111 19:00:13.543366 685523 ImuError.cpp:650] gyr saturation
W20250111 19:00:13.543373 685523 ImuError.cpp:650] gyr saturation
W20250111 19:00:13.543380 685523 ImuError.cpp:650] gyr saturation
W20250111 19:00:13.543385 685523 ImuError.cpp:650] gyr saturation
W20250111 19:00:13.543391 685523 ImuError.cpp:650] gyr saturation
W20250111 19:00:13.543397 685523 ImuError.cpp:650] gyr saturation
W20250111 19:00:13.543403 685523 ImuError.cpp:650] gyr saturation
W20250111 19:00:13.543409 685523 ImuError.cpp:650] gyr saturation
W20250111 19:00:13.543416 685523 ImuError.cpp:650] gyr saturation
W20250111 19:00:13.543421 685523 ImuError.cpp:650] gyr saturation
W20250111 19:00:13.543427 685523 ImuError.cpp:650] gyr saturation
W20250111 19:00:13.543433 685523 ImuError.cpp:650] gyr saturation
W20250111 19:00:13.543440 685523 ImuError.cpp:650] gyr saturation
W20250111 19:00:13.543447 685523 ImuError.cpp:650] gyr saturation
W20250111 19:00:13.558696 943156 ViSlamBackend.cpp:466] TRACKING FAILURE: quality=0
W20250111 19:00:13.559584 685523 ImuError.cpp:650] gyr saturation
W20250111 19:00:13.559614 685523 ImuError.cpp:650] gyr saturation
W20250111 19:00:13.559623 685523 ImuError.cpp:650] gyr saturation
W20250111 19:00:13.559629 685523 ImuError.cpp:650] gyr saturation
W20250111 19:00:13.559636 685523 ImuError.cpp:650] gyr saturation
W20250111 19:00:13.559643 685523 ImuError.cpp:650] gyr saturation
W20250111 19:00:13.559648 685523 ImuError.cpp:650] gyr saturation
W20250111 19:00:13.559654 685523 ImuError.cpp:650] gyr saturation
W20250111 19:00:13.559659 685523 ImuError.cpp:650] gyr saturation
W20250111 19:00:13.559717 685523 ImuError.cpp:650] gyr saturation
W20250111 19:00:13.559723 685523 ImuError.cpp:650] gyr saturation
W20250111 19:00:13.559729 685523 ImuError.cpp:650] gyr saturation
W20250111 19:00:13.559734 685523 ImuError.cpp:650] gyr saturation
W20250111 19:00:13.559739 685523 ImuError.cpp:650] gyr saturation
W20250111 19:00:13.559744 685523 ImuError.cpp:650] gyr saturation
W20250111 19:00:13.559751 685523 ImuError.cpp:650] gyr saturation
W20250111 19:00:13.559756 685523 ImuError.cpp:650] gyr saturation
W20250111 19:00:13.559760 685523 ImuError.cpp:650] gyr saturation
W20250111 19:00:13.563267 685523 ImuError.cpp:368] gyr saturation
W20250111 19:00:13.563341 685523 ImuError.cpp:368] gyr saturation
W20250111 19:00:13.563369 685523 ImuError.cpp:368] gyr saturation
W20250111 19:00:13.563381 685523 ImuError.cpp:368] gyr saturation
W20250111 19:00:13.563392 685523 ImuError.cpp:368] gyr saturation
W20250111 19:00:13.563402 685523 ImuError.cpp:368] gyr saturation
W20250111 19:00:13.563412 685523 ImuError.cpp:368] gyr saturation
W20250111 19:00:13.563423 685523 ImuError.cpp:368] gyr saturation
W20250111 19:00:13.563433 685523 ImuError.cpp:368] gyr saturation
W20250111 19:00:13.567618 685523 Frontend.cpp:612] 3d2d tracking weak: quality=0. Number of 3d2d-matches: 4
W20250111 19:00:13.569476 685523 ImuError.cpp:650] gyr saturation
W20250111 19:00:13.569522 685523 ImuError.cpp:650] gyr saturation
W20250111 19:00:13.569530 685523 ImuError.cpp:650] gyr saturation
W20250111 19:00:13.569535 685523 ImuError.cpp:650] gyr saturation
W20250111 19:00:13.569540 685523 ImuError.cpp:650] gyr saturation
W20250111 19:00:13.569545 685523 ImuError.cpp:650] gyr saturation
W20250111 19:00:13.569550 685523 ImuError.cpp:650] gyr saturation
W20250111 19:00:13.569555 685523 ImuError.cpp:650] gyr saturation
W20250111 19:00:13.569561 685523 ImuError.cpp:650] gyr saturation
W20250111 19:00:13.605540 685523 Frontend.cpp:612] 3d2d tracking weak: quality=0. Number of 3d2d-matches: 6
W20250111 19:00:13.652420 685523 Frontend.cpp:612] 3d2d tracking weak: quality=0. Number of 3d2d-matches: 7
I20250111 19:00:15.447125 685523 okvis_app_synchronous.cpp:210] OKVIS Timing
-----------
1 DetectAndDescribe                	   4214	00:00:08.229581	(00:00:00.001953 +- 00:00:00.000357)	[00:00:00.000974,00:00:00.003649]
2 Match                            	   4214	00:00:31.553452	(00:00:00.007488 +- 00:00:00.003420)	[00:00:00.000223,00:00:00.020424]
2.01 match to map                  	   4213	00:00:23.631115	(00:00:00.005609 +- 00:00:00.003032)	[00:00:00.000058,00:00:00.016164]
2.02 match motion stereo           	   4213	00:00:05.557843	(00:00:00.001319 +- 00:00:00.000431)	[00:00:00.000049,00:00:00.003645]
2.02.1 match motion stereo: prepare	   4213	00:00:01.265368	(00:00:00.000300 +- 00:00:00.000114)	[00:00:00.000001,00:00:00.000781]
2.10 match stereo                  	   1151	00:00:00.042619	(00:00:00.000037 +- 00:00:00.000043)	[00:00:00.000001,00:00:00.000382]
3 Optimise                         	   4213	00:01:09.086873	(00:00:00.016398 +- 00:00:00.009697)	[00:00:00.000864,00:00:00.077830]
4 Prepare publishing               	   4213	00:00:03.462306	(00:00:00.000822 +- 00:00:00.000312)	[00:00:00.000032,00:00:00.002233]
6 Visualising                      	   4213	00:00:00.000963	(00:00:00.000000 +- 00:00:00.000000)	[00:00:00.000000,00:00:00.000006]
7 Marginalise                      	   4213	00:00:07.434034	(00:00:00.001765 +- 00:00:00.000754)	[00:00:00.000004,00:00:00.007388]
7.1 check/handle lost              	   4213	00:00:00.124418	(00:00:00.000030 +- 00:00:00.000019)	[00:00:00.000000,00:00:00.000312]
7.2 eliminate IMU frames           	   4213	00:00:03.216445	(00:00:00.000763 +- 00:00:00.000546)	[00:00:00.000000,00:00:00.003837]
7.3 convert to posegraph           	   1396	00:00:01.160633	(00:00:00.000831 +- 00:00:00.000471)	[00:00:00.000098,00:00:00.004523]
7.4 freezing                       	   4212	00:00:00.004646	(00:00:00.000001 +- 00:00:00.000002)	[00:00:00.000000,00:00:00.000024]
7.6 expand                         	   4164	00:00:00.950657	(00:00:00.000228 +- 00:00:00.000140)	[00:00:00.000021,00:00:00.002295]
7.7 prune place recognition frames 	   4212	00:00:00.948888	(00:00:00.000225 +- 00:00:00.000115)	[00:00:00.000002,00:00:00.001052]
I20250111 19:00:15.447255 685523 okvis_app_synchronous.cpp:219] Progress: 78% (0.5 [1%/s], ETA: 44s)
I20250111 19:00:16.527390 685523 Frontend.cpp:2274] RANSAC FAIL: 11 inliers, ratio = 0.578947
I20250111 19:00:16.687197 685523 Frontend.cpp:2274] RANSAC FAIL: 24 inliers, ratio = 0.666667
I20250111 19:00:16.748322 685523 Frontend.cpp:2274] RANSAC FAIL: 55 inliers, ratio = 0.696203
I20250111 19:00:17.012319 685523 Frontend.cpp:2274] RANSAC FAIL: 39 inliers, ratio = 0.696429
I20250111 19:00:17.528602 685523 okvis_app_synchronous.cpp:210] OKVIS Timing
-----------
1 DetectAndDescribe                	   4268	00:00:08.343096	(00:00:00.001955 +- 00:00:00.000355)	[00:00:00.000974,00:00:00.003649]
2 Match                            	   4268	00:00:32.327157	(00:00:00.007574 +- 00:00:00.003485)	[00:00:00.000223,00:00:00.020424]
2.01 match to map                  	   4267	00:00:24.262942	(00:00:00.005686 +- 00:00:00.003089)	[00:00:00.000058,00:00:00.016164]
2.02 match motion stereo           	   4267	00:00:05.659641	(00:00:00.001326 +- 00:00:00.000435)	[00:00:00.000049,00:00:00.003645]
2.02.1 match motion stereo: prepare	   4267	00:00:01.286411	(00:00:00.000301 +- 00:00:00.000114)	[00:00:00.000001,00:00:00.000781]
2.10 match stereo                  	   1188	00:00:00.044273	(00:00:00.000037 +- 00:00:00.000043)	[00:00:00.000001,00:00:00.000382]
3 Optimise                         	   4267	00:01:10.245591	(00:00:00.016463 +- 00:00:00.009716)	[00:00:00.000864,00:00:00.077830]
4 Prepare publishing               	   4267	00:00:03.510085	(00:00:00.000823 +- 00:00:00.000312)	[00:00:00.000032,00:00:00.002233]
6 Visualising                      	   4267	00:00:00.000975	(00:00:00.000000 +- 00:00:00.000000)	[00:00:00.000000,00:00:00.000006]
7 Marginalise                      	   4267	00:00:07.527941	(00:00:00.001764 +- 00:00:00.000751)	[00:00:00.000004,00:00:00.007388]
7.1 check/handle lost              	   4267	00:00:00.125709	(00:00:00.000029 +- 00:00:00.000019)	[00:00:00.000000,00:00:00.000312]
7.2 eliminate IMU frames           	   4267	00:00:03.237803	(00:00:00.000759 +- 00:00:00.000547)	[00:00:00.000000,00:00:00.003837]
7.3 convert to posegraph           	   1429	00:00:01.190372	(00:00:00.000833 +- 00:00:00.000468)	[00:00:00.000098,00:00:00.004523]
7.4 freezing                       	   4266	00:00:00.004747	(00:00:00.000001 +- 00:00:00.000002)	[00:00:00.000000,00:00:00.000024]
7.6 expand                         	   4218	00:00:00.964234	(00:00:00.000229 +- 00:00:00.000139)	[00:00:00.000021,00:00:00.002295]
7.7 prune place recognition frames 	   4266	00:00:00.960654	(00:00:00.000225 +- 00:00:00.000115)	[00:00:00.000002,00:00:00.001052]
I20250111 19:00:17.528784 685523 okvis_app_synchronous.cpp:219] Progress: 79% (0.5 [1%/s], ETA: 42s)
I20250111 19:00:17.557029 685523 Frontend.cpp:2274] RANSAC FAIL: 49 inliers, ratio = 0.7
I20250111 19:00:17.655951 685523 Frontend.cpp:2274] RANSAC FAIL: 65 inliers, ratio = 0.684211
I20250111 19:00:17.702261 685523 Frontend.cpp:2274] RANSAC FAIL: 52 inliers, ratio = 0.641975
I20250111 19:00:17.758445 685523 Frontend.cpp:2274] RANSAC FAIL: 42 inliers, ratio = 0.666667
I20250111 19:00:17.875322 685523 Frontend.cpp:2274] RANSAC FAIL: 70 inliers, ratio = 0.7
I20250111 19:00:17.984503 685523 Frontend.cpp:2274] RANSAC FAIL: 70 inliers, ratio = 0.7
W20250111 19:00:19.604872 685523 Frontend.cpp:612] 3d2d tracking weak: quality=0. Number of 3d2d-matches: 5
I20250111 19:00:20.094776 685523 Frontend.cpp:2274] RANSAC FAIL: 10 inliers, ratio = 0.666667
I20250111 19:00:20.206053 685523 Frontend.cpp:2274] RANSAC FAIL: 13 inliers, ratio = 0.684211
I20250111 19:00:20.260032 685523 Frontend.cpp:2274] RANSAC FAIL: 13 inliers, ratio = 0.65
I20250111 19:00:20.315685 685523 Frontend.cpp:2274] RANSAC FAIL: 14 inliers, ratio = 0.378378
I20250111 19:00:20.425598 685523 Frontend.cpp:2274] RANSAC FAIL: 43 inliers, ratio = 0.68254
I20250111 19:00:20.475073 685523 Frontend.cpp:2274] RANSAC FAIL: 30 inliers, ratio = 0.535714
I20250111 19:00:20.480971 685523 okvis_app_synchronous.cpp:210] OKVIS Timing
-----------
1 DetectAndDescribe                	   4322	00:00:08.446285	(00:00:00.001954 +- 00:00:00.000355)	[00:00:00.000974,00:00:00.003649]
2 Match                            	   4322	00:00:33.072782	(00:00:00.007652 +- 00:00:00.003547)	[00:00:00.000223,00:00:00.020424]
2.01 match to map                  	   4321	00:00:24.870262	(00:00:00.005756 +- 00:00:00.003145)	[00:00:00.000058,00:00:00.016164]
2.02 match motion stereo           	   4321	00:00:05.760147	(00:00:00.001333 +- 00:00:00.000438)	[00:00:00.000049,00:00:00.003645]
2.02.1 match motion stereo: prepare	   4321	00:00:01.307040	(00:00:00.000302 +- 00:00:00.000114)	[00:00:00.000001,00:00:00.000781]
2.10 match stereo                  	   1226	00:00:00.045906	(00:00:00.000037 +- 00:00:00.000042)	[00:00:00.000001,00:00:00.000382]
3 Optimise                         	   4321	00:01:12.304339	(00:00:00.016733 +- 00:00:00.009973)	[00:00:00.000864,00:00:00.077830]
4 Prepare publishing               	   4321	00:00:03.561187	(00:00:00.000824 +- 00:00:00.000312)	[00:00:00.000032,00:00:00.002233]
6 Visualising                      	   4321	00:00:00.000988	(00:00:00.000000 +- 00:00:00.000000)	[00:00:00.000000,00:00:00.000006]
7 Marginalise                      	   4321	00:00:07.616877	(00:00:00.001763 +- 00:00:00.000749)	[00:00:00.000004,00:00:00.007388]
7.1 check/handle lost              	   4321	00:00:00.127018	(00:00:00.000029 +- 00:00:00.000019)	[00:00:00.000000,00:00:00.000312]
7.2 eliminate IMU frames           	   4321	00:00:03.253546	(00:00:00.000753 +- 00:00:00.000549)	[00:00:00.000000,00:00:00.003837]
7.3 convert to posegraph           	   1468	00:00:01.222402	(00:00:00.000833 +- 00:00:00.000464)	[00:00:00.000098,00:00:00.004523]
7.4 freezing                       	   4320	00:00:00.004891	(00:00:00.000001 +- 00:00:00.000002)	[00:00:00.000000,00:00:00.000024]
7.6 expand                         	   4272	00:00:00.977372	(00:00:00.000229 +- 00:00:00.000139)	[00:00:00.000021,00:00:00.002295]
7.7 prune place recognition frames 	   4320	00:00:00.972001	(00:00:00.000225 +- 00:00:00.000114)	[00:00:00.000002,00:00:00.001052]
I20250111 19:00:20.481086 685523 okvis_app_synchronous.cpp:219] Progress: 80% (0.5 [1%/s], ETA: 40s)
I20250111 19:00:20.518597 685523 Frontend.cpp:2274] RANSAC FAIL: 27 inliers, ratio = 0.490909
W20250111 19:00:20.836419 685523 Frontend.cpp:612] 3d2d tracking weak: quality=0. Number of 3d2d-matches: 14
I20250111 19:00:20.885892 685523 Frontend.cpp:2274] RANSAC FAIL: 8 inliers, ratio = 0.8
W20250111 19:00:20.889735 685523 Frontend.cpp:612] 3d2d tracking weak: quality=0. Number of 3d2d-matches: 10
I20250111 19:00:20.981272 685523 Frontend.cpp:2274] RANSAC FAIL: 21 inliers, ratio = 0.7
I20250111 19:00:21.037215 685523 Frontend.cpp:2274] RANSAC FAIL: 27 inliers, ratio = 0.586957
I20250111 19:00:21.408915 685523 Frontend.cpp:2274] RANSAC FAIL: 37 inliers, ratio = 0.698113
I20250111 19:00:21.528932 685523 Frontend.cpp:2274] RANSAC FAIL: 42 inliers, ratio = 0.65625
I20250111 19:00:21.737885 685523 Frontend.cpp:2274] RANSAC FAIL: 68 inliers, ratio = 0.693878
I20250111 19:00:24.298218 685523 okvis_app_synchronous.cpp:210] OKVIS Timing
-----------
1 DetectAndDescribe                	   4376	00:00:08.568344	(00:00:00.001958 +- 00:00:00.000355)	[00:00:00.000974,00:00:00.003649]
2 Match                            	   4376	00:00:33.861084	(00:00:00.007738 +- 00:00:00.003653)	[00:00:00.000223,00:00:00.020424]
2.01 match to map                  	   4375	00:00:25.501413	(00:00:00.005829 +- 00:00:00.003234)	[00:00:00.000058,00:00:00.016422]
2.02 match motion stereo           	   4375	00:00:05.870718	(00:00:00.001342 +- 00:00:00.000446)	[00:00:00.000049,00:00:00.003645]
2.02.1 match motion stereo: prepare	   4375	00:00:01.333190	(00:00:00.000305 +- 00:00:00.000116)	[00:00:00.000001,00:00:00.000781]
2.10 match stereo                  	   1260	00:00:00.047928	(00:00:00.000038 +- 00:00:00.000043)	[00:00:00.000001,00:00:00.000382]
3 Optimise                         	   4375	00:01:15.148933	(00:00:00.017177 +- 00:00:00.010772)	[00:00:00.000864,00:00:00.081808]
4 Prepare publishing               	   4375	00:00:03.622466	(00:00:00.000828 +- 00:00:00.000313)	[00:00:00.000032,00:00:00.002233]
6 Visualising                      	   4375	00:00:00.001000	(00:00:00.000000 +- 00:00:00.000000)	[00:00:00.000000,00:00:00.000006]
7 Marginalise                      	   4375	00:00:07.731725	(00:00:00.001767 +- 00:00:00.000747)	[00:00:00.000004,00:00:00.007388]
7.1 check/handle lost              	   4375	00:00:00.128689	(00:00:00.000029 +- 00:00:00.000019)	[00:00:00.000000,00:00:00.000312]
7.2 eliminate IMU frames           	   4375	00:00:03.274663	(00:00:00.000748 +- 00:00:00.000550)	[00:00:00.000000,00:00:00.003837]
7.3 convert to posegraph           	   1505	00:00:01.258652	(00:00:00.000836 +- 00:00:00.000461)	[00:00:00.000098,00:00:00.004523]
7.4 freezing                       	   4374	00:00:00.005043	(00:00:00.000001 +- 00:00:00.000002)	[00:00:00.000000,00:00:00.000024]
7.6 expand                         	   4326	00:00:00.996101	(00:00:00.000230 +- 00:00:00.000139)	[00:00:00.000021,00:00:00.002295]
7.7 prune place recognition frames 	   4374	00:00:00.987587	(00:00:00.000226 +- 00:00:00.000114)	[00:00:00.000002,00:00:00.001052]
I20250111 19:00:24.298404 685523 okvis_app_synchronous.cpp:219] Progress: 81% (0.333333 [1%/s], ETA: 57s)
I20250111 19:00:26.883015 685523 okvis_app_synchronous.cpp:210] OKVIS Timing
-----------
1 DetectAndDescribe                	   4430	00:00:08.671921	(00:00:00.001958 +- 00:00:00.000354)	[00:00:00.000974,00:00:00.003649]
2 Match                            	   4430	00:00:34.845768	(00:00:00.007866 +- 00:00:00.003811)	[00:00:00.000223,00:00:00.023579]
2.01 match to map                  	   4429	00:00:26.320330	(00:00:00.005943 +- 00:00:00.003376)	[00:00:00.000058,00:00:00.018395]
2.02 match motion stereo           	   4429	00:00:05.981484	(00:00:00.001351 +- 00:00:00.000452)	[00:00:00.000049,00:00:00.003645]
2.02.1 match motion stereo: prepare	   4429	00:00:01.362729	(00:00:00.000308 +- 00:00:00.000119)	[00:00:00.000001,00:00:00.000940]
2.10 match stereo                  	   1270	00:00:00.048575	(00:00:00.000038 +- 00:00:00.000042)	[00:00:00.000001,00:00:00.000382]
3 Optimise                         	   4429	00:01:16.514958	(00:00:00.017276 +- 00:00:00.010816)	[00:00:00.000864,00:00:00.081808]
4 Prepare publishing               	   4429	00:00:03.693727	(00:00:00.000834 +- 00:00:00.000317)	[00:00:00.000032,00:00:00.002233]
6 Visualising                      	   4429	00:00:00.001014	(00:00:00.000000 +- 00:00:00.000000)	[00:00:00.000000,00:00:00.000006]
7 Marginalise                      	   4429	00:00:07.886669	(00:00:00.001781 +- 00:00:00.000760)	[00:00:00.000004,00:00:00.007388]
7.1 check/handle lost              	   4429	00:00:00.131013	(00:00:00.000030 +- 00:00:00.000019)	[00:00:00.000000,00:00:00.000312]
7.2 eliminate IMU frames           	   4429	00:00:03.335153	(00:00:00.000753 +- 00:00:00.000554)	[00:00:00.000000,00:00:00.003837]
7.3 convert to posegraph           	   1519	00:00:01.282766	(00:00:00.000844 +- 00:00:00.000471)	[00:00:00.000098,00:00:00.004523]
7.4 freezing                       	   4428	00:00:00.005123	(00:00:00.000001 +- 00:00:00.000002)	[00:00:00.000000,00:00:00.000024]
7.6 expand                         	   4378	00:00:01.018544	(00:00:00.000233 +- 00:00:00.000144)	[00:00:00.000021,00:00:00.002384]
7.7 prune place recognition frames 	   4428	00:00:01.010545	(00:00:00.000228 +- 00:00:00.000117)	[00:00:00.000002,00:00:00.001139]
I20250111 19:00:26.883180 685523 okvis_app_synchronous.cpp:219] Progress: 82% (0.5 [1%/s], ETA: 36s)
I20250111 19:00:28.686278 685523 Frontend.cpp:2274] RANSAC FAIL: 102 inliers, ratio = 0.693878
I20250111 19:00:28.839102 685523 okvis_app_synchronous.cpp:210] OKVIS Timing
-----------
1 DetectAndDescribe                	   4484	00:00:08.785857	(00:00:00.001959 +- 00:00:00.000353)	[00:00:00.000974,00:00:00.003649]
2 Match                            	   4484	00:00:35.773080	(00:00:00.007978 +- 00:00:00.003923)	[00:00:00.000223,00:00:00.023579]
2.01 match to map                  	   4483	00:00:27.102861	(00:00:00.006046 +- 00:00:00.003484)	[00:00:00.000058,00:00:00.018395]
2.02 match motion stereo           	   4483	00:00:06.078941	(00:00:00.001356 +- 00:00:00.000455)	[00:00:00.000049,00:00:00.004207]
2.02.1 match motion stereo: prepare	   4483	00:00:01.389302	(00:00:00.000310 +- 00:00:00.000121)	[00:00:00.000001,00:00:00.001082]
2.10 match stereo                  	   1278	00:00:00.048909	(00:00:00.000038 +- 00:00:00.000042)	[00:00:00.000001,00:00:00.000382]
3 Optimise                         	   4483	00:01:17.342098	(00:00:00.017252 +- 00:00:00.010757)	[00:00:00.000864,00:00:00.081808]
4 Prepare publishing               	   4483	00:00:03.750883	(00:00:00.000837 +- 00:00:00.000317)	[00:00:00.000032,00:00:00.002233]
6 Visualising                      	   4483	00:00:00.001026	(00:00:00.000000 +- 00:00:00.000000)	[00:00:00.000000,00:00:00.000006]
7 Marginalise                      	   4483	00:00:08.023946	(00:00:00.001790 +- 00:00:00.000767)	[00:00:00.000004,00:00:00.007388]
7.1 check/handle lost              	   4483	00:00:00.133039	(00:00:00.000030 +- 00:00:00.000019)	[00:00:00.000000,00:00:00.000312]
7.2 eliminate IMU frames           	   4483	00:00:03.389832	(00:00:00.000756 +- 00:00:00.000553)	[00:00:00.000000,00:00:00.003837]
7.3 convert to posegraph           	   1536	00:00:01.307601	(00:00:00.000851 +- 00:00:00.000490)	[00:00:00.000098,00:00:00.004888]
7.4 freezing                       	   4482	00:00:00.005160	(00:00:00.000001 +- 00:00:00.000002)	[00:00:00.000000,00:00:00.000024]
7.6 expand                         	   4429	00:00:01.036921	(00:00:00.000234 +- 00:00:00.000145)	[00:00:00.000021,00:00:00.002384]
7.7 prune place recognition frames 	   4482	00:00:01.028681	(00:00:00.000230 +- 00:00:00.000117)	[00:00:00.000002,00:00:00.001139]
I20250111 19:00:28.839259 685523 okvis_app_synchronous.cpp:219] Progress: 83% (1 [1%/s], ETA: 17s)
I20250111 19:00:30.629256 685523 okvis_app_synchronous.cpp:210] OKVIS Timing
-----------
1 DetectAndDescribe                	   4538	00:00:08.895076	(00:00:00.001960 +- 00:00:00.000352)	[00:00:00.000974,00:00:00.003649]
2 Match                            	   4538	00:00:36.610222	(00:00:00.008067 +- 00:00:00.003985)	[00:00:00.000223,00:00:00.023579]
2.01 match to map                  	   4537	00:00:27.823573	(00:00:00.006133 +- 00:00:00.003553)	[00:00:00.000058,00:00:00.018395]
2.02 match motion stereo           	   4537	00:00:06.159380	(00:00:00.001358 +- 00:00:00.000453)	[00:00:00.000049,00:00:00.004207]
2.02.1 match motion stereo: prepare	   4537	00:00:01.410771	(00:00:00.000311 +- 00:00:00.000120)	[00:00:00.000001,00:00:00.001082]
2.10 match stereo                  	   1287	00:00:00.049440	(00:00:00.000038 +- 00:00:00.000042)	[00:00:00.000001,00:00:00.000382]
3 Optimise                         	   4537	00:01:18.113258	(00:00:00.017217 +- 00:00:00.010700)	[00:00:00.000864,00:00:00.081808]
4 Prepare publishing               	   4537	00:00:03.806904	(00:00:00.000839 +- 00:00:00.000318)	[00:00:00.000032,00:00:00.002233]
6 Visualising                      	   4537	00:00:00.001041	(00:00:00.000000 +- 00:00:00.000000)	[00:00:00.000000,00:00:00.000006]
7 Marginalise                      	   4537	00:00:08.142310	(00:00:00.001795 +- 00:00:00.000767)	[00:00:00.000004,00:00:00.007388]
7.1 check/handle lost              	   4537	00:00:00.134870	(00:00:00.000030 +- 00:00:00.000019)	[00:00:00.000000,00:00:00.000312]
7.2 eliminate IMU frames           	   4537	00:00:03.445055	(00:00:00.000759 +- 00:00:00.000554)	[00:00:00.000000,00:00:00.003837]
7.3 convert to posegraph           	   1545	00:00:01.319895	(00:00:00.000854 +- 00:00:00.000492)	[00:00:00.000098,00:00:00.004888]
7.4 freezing                       	   4536	00:00:00.005194	(00:00:00.000001 +- 00:00:00.000002)	[00:00:00.000000,00:00:00.000024]
7.6 expand                         	   4483	00:00:01.052084	(00:00:00.000235 +- 00:00:00.000145)	[00:00:00.000021,00:00:00.002384]
7.7 prune place recognition frames 	   4536	00:00:01.045771	(00:00:00.000231 +- 00:00:00.000117)	[00:00:00.000002,00:00:00.001139]
I20250111 19:00:30.629400 685523 okvis_app_synchronous.cpp:219] Progress: 84% (1 [1%/s], ETA: 16s)
I20250111 19:00:31.085959 685523 Frontend.cpp:2274] RANSAC FAIL: 64 inliers, ratio = 0.673684
I20250111 19:00:31.146767 685523 Frontend.cpp:2274] RANSAC FAIL: 58 inliers, ratio = 0.682353
W20250111 19:00:32.013725 685523 ImuError.cpp:650] gyr saturation
W20250111 19:00:32.013792 685523 ImuError.cpp:650] gyr saturation
W20250111 19:00:32.013800 685523 ImuError.cpp:650] gyr saturation
W20250111 19:00:32.013808 685523 ImuError.cpp:650] gyr saturation
W20250111 19:00:32.013813 685523 ImuError.cpp:650] gyr saturation
W20250111 19:00:32.013841 685523 ImuError.cpp:650] gyr saturation
W20250111 19:00:32.013849 685523 ImuError.cpp:650] gyr saturation
W20250111 19:00:32.013854 685523 ImuError.cpp:650] gyr saturation
W20250111 19:00:32.013859 685523 ImuError.cpp:650] gyr saturation
W20250111 19:00:32.013864 685523 ImuError.cpp:650] gyr saturation
W20250111 19:00:32.013870 685523 ImuError.cpp:650] gyr saturation
W20250111 19:00:32.013875 685523 ImuError.cpp:650] gyr saturation
W20250111 19:00:32.013881 685523 ImuError.cpp:650] gyr saturation
W20250111 19:00:32.013886 685523 ImuError.cpp:650] gyr saturation
W20250111 19:00:32.013892 685523 ImuError.cpp:650] gyr saturation
W20250111 19:00:32.023654 685523 ImuError.cpp:650] gyr saturation
W20250111 19:00:32.023706 685523 ImuError.cpp:650] gyr saturation
W20250111 19:00:32.023713 685523 ImuError.cpp:650] gyr saturation
W20250111 19:00:32.023720 685523 ImuError.cpp:650] gyr saturation
W20250111 19:00:32.023725 685523 ImuError.cpp:650] gyr saturation
W20250111 19:00:32.023732 685523 ImuError.cpp:650] gyr saturation
W20250111 19:00:32.023737 685523 ImuError.cpp:650] gyr saturation
W20250111 19:00:32.023743 685523 ImuError.cpp:650] gyr saturation
W20250111 19:00:32.023748 685523 ImuError.cpp:650] gyr saturation
W20250111 19:00:32.023753 685523 ImuError.cpp:650] gyr saturation
W20250111 19:00:32.023758 685523 ImuError.cpp:650] gyr saturation
W20250111 19:00:32.023764 685523 ImuError.cpp:650] gyr saturation
W20250111 19:00:32.023769 685523 ImuError.cpp:650] gyr saturation
W20250111 19:00:32.023777 685523 ImuError.cpp:650] gyr saturation
W20250111 19:00:32.023782 685523 ImuError.cpp:650] gyr saturation
W20250111 19:00:32.024132 685523 ImuError.cpp:650] gyr saturation
W20250111 19:00:32.024144 685523 ImuError.cpp:650] gyr saturation
W20250111 19:00:32.024152 685523 ImuError.cpp:650] gyr saturation
W20250111 19:00:32.024156 685523 ImuError.cpp:650] gyr saturation
W20250111 19:00:32.024163 685523 ImuError.cpp:650] gyr saturation
W20250111 19:00:32.024168 685523 ImuError.cpp:650] gyr saturation
W20250111 19:00:32.024173 685523 ImuError.cpp:650] gyr saturation
W20250111 19:00:32.024178 685523 ImuError.cpp:650] gyr saturation
W20250111 19:00:32.024183 685523 ImuError.cpp:650] gyr saturation
W20250111 19:00:32.024190 685523 ImuError.cpp:650] gyr saturation
W20250111 19:00:32.024195 685523 ImuError.cpp:650] gyr saturation
W20250111 19:00:32.024200 685523 ImuError.cpp:650] gyr saturation
W20250111 19:00:32.024205 685523 ImuError.cpp:650] gyr saturation
W20250111 19:00:32.024210 685523 ImuError.cpp:650] gyr saturation
W20250111 19:00:32.024217 685523 ImuError.cpp:650] gyr saturation
W20250111 19:00:32.029991 685523 ImuError.cpp:368] gyr saturation
W20250111 19:00:32.030066 685523 ImuError.cpp:368] gyr saturation
W20250111 19:00:32.030077 685523 ImuError.cpp:368] gyr saturation
W20250111 19:00:32.030090 685523 ImuError.cpp:368] gyr saturation
W20250111 19:00:32.030102 685523 ImuError.cpp:368] gyr saturation
W20250111 19:00:32.030113 685523 ImuError.cpp:368] gyr saturation
W20250111 19:00:32.030124 685523 ImuError.cpp:368] gyr saturation
W20250111 19:00:32.030134 685523 ImuError.cpp:368] gyr saturation
W20250111 19:00:32.030145 685523 ImuError.cpp:368] gyr saturation
W20250111 19:00:32.030155 685523 ImuError.cpp:368] gyr saturation
W20250111 19:00:32.030166 685523 ImuError.cpp:368] gyr saturation
W20250111 19:00:32.030177 685523 ImuError.cpp:368] gyr saturation
W20250111 19:00:32.030189 685523 ImuError.cpp:368] gyr saturation
W20250111 19:00:32.030200 685523 ImuError.cpp:368] gyr saturation
W20250111 19:00:32.030210 685523 ImuError.cpp:368] gyr saturation
W20250111 19:00:32.038853 685523 ImuError.cpp:650] gyr saturation
W20250111 19:00:32.038910 685523 ImuError.cpp:650] gyr saturation
W20250111 19:00:32.038918 685523 ImuError.cpp:650] gyr saturation
W20250111 19:00:32.038924 685523 ImuError.cpp:650] gyr saturation
W20250111 19:00:32.038930 685523 ImuError.cpp:650] gyr saturation
W20250111 19:00:32.038935 685523 ImuError.cpp:650] gyr saturation
W20250111 19:00:32.038940 685523 ImuError.cpp:650] gyr saturation
W20250111 19:00:32.038966 685523 ImuError.cpp:650] gyr saturation
W20250111 19:00:32.038972 685523 ImuError.cpp:650] gyr saturation
W20250111 19:00:32.038978 685523 ImuError.cpp:650] gyr saturation
W20250111 19:00:32.038986 685523 ImuError.cpp:650] gyr saturation
W20250111 19:00:32.038992 685523 ImuError.cpp:650] gyr saturation
W20250111 19:00:32.038998 685523 ImuError.cpp:650] gyr saturation
W20250111 19:00:32.039003 685523 ImuError.cpp:650] gyr saturation
W20250111 19:00:32.039009 685523 ImuError.cpp:650] gyr saturation
W20250111 19:00:32.039014 685523 ImuError.cpp:650] gyr saturation
W20250111 19:00:32.039021 685523 ImuError.cpp:650] gyr saturation
W20250111 19:00:32.039026 685523 ImuError.cpp:650] gyr saturation
W20250111 19:00:32.039031 685523 ImuError.cpp:650] gyr saturation
W20250111 19:00:32.039037 685523 ImuError.cpp:650] gyr saturation
W20250111 19:00:32.039045 685523 ImuError.cpp:650] gyr saturation
W20250111 19:00:32.039052 685523 ImuError.cpp:650] gyr saturation
W20250111 19:00:32.039057 685523 ImuError.cpp:650] gyr saturation
W20250111 19:00:32.039063 685523 ImuError.cpp:650] gyr saturation
W20250111 19:00:32.039072 685523 ImuError.cpp:650] gyr saturation
W20250111 19:00:32.039077 685523 ImuError.cpp:650] gyr saturation
W20250111 19:00:32.039083 685523 ImuError.cpp:650] gyr saturation
W20250111 19:00:32.039089 685523 ImuError.cpp:650] gyr saturation
W20250111 19:00:32.039094 685523 ImuError.cpp:650] gyr saturation
W20250111 19:00:32.039100 685523 ImuError.cpp:650] gyr saturation
W20250111 19:00:32.050666 685523 ImuError.cpp:650] gyr saturation
W20250111 19:00:32.050704 685523 ImuError.cpp:650] gyr saturation
W20250111 19:00:32.050709 685523 ImuError.cpp:650] gyr saturation
W20250111 19:00:32.050712 685523 ImuError.cpp:650] gyr saturation
W20250111 19:00:32.050717 685523 ImuError.cpp:650] gyr saturation
W20250111 19:00:32.050720 685523 ImuError.cpp:650] gyr saturation
W20250111 19:00:32.050722 685523 ImuError.cpp:650] gyr saturation
W20250111 19:00:32.050726 685523 ImuError.cpp:650] gyr saturation
W20250111 19:00:32.050729 685523 ImuError.cpp:650] gyr saturation
W20250111 19:00:32.050732 685523 ImuError.cpp:650] gyr saturation
W20250111 19:00:32.050736 685523 ImuError.cpp:650] gyr saturation
W20250111 19:00:32.050740 685523 ImuError.cpp:650] gyr saturation
W20250111 19:00:32.050743 685523 ImuError.cpp:650] gyr saturation
W20250111 19:00:32.050746 685523 ImuError.cpp:650] gyr saturation
W20250111 19:00:32.050750 685523 ImuError.cpp:650] gyr saturation
W20250111 19:00:32.050752 685523 ImuError.cpp:650] gyr saturation
W20250111 19:00:32.050851 685523 ImuError.cpp:650] gyr saturation
W20250111 19:00:32.050858 685523 ImuError.cpp:650] gyr saturation
W20250111 19:00:32.050860 685523 ImuError.cpp:650] gyr saturation
W20250111 19:00:32.050864 685523 ImuError.cpp:650] gyr saturation
W20250111 19:00:32.050868 685523 ImuError.cpp:650] gyr saturation
W20250111 19:00:32.050874 685523 ImuError.cpp:650] gyr saturation
W20250111 19:00:32.050879 685523 ImuError.cpp:650] gyr saturation
W20250111 19:00:32.050882 685523 ImuError.cpp:650] gyr saturation
W20250111 19:00:32.050886 685523 ImuError.cpp:650] gyr saturation
W20250111 19:00:32.050890 685523 ImuError.cpp:650] gyr saturation
W20250111 19:00:32.050894 685523 ImuError.cpp:650] gyr saturation
W20250111 19:00:32.050897 685523 ImuError.cpp:650] gyr saturation
W20250111 19:00:32.050901 685523 ImuError.cpp:650] gyr saturation
W20250111 19:00:32.050905 685523 ImuError.cpp:650] gyr saturation
W20250111 19:00:32.050909 685523 ImuError.cpp:650] gyr saturation
W20250111 19:00:32.050912 685523 ImuError.cpp:650] gyr saturation
W20250111 19:00:32.053406 685523 ImuError.cpp:368] gyr saturation
W20250111 19:00:32.053444 685523 ImuError.cpp:368] gyr saturation
W20250111 19:00:32.053453 685523 ImuError.cpp:368] gyr saturation
W20250111 19:00:32.053460 685523 ImuError.cpp:368] gyr saturation
W20250111 19:00:32.053469 685523 ImuError.cpp:368] gyr saturation
W20250111 19:00:32.053478 685523 ImuError.cpp:368] gyr saturation
W20250111 19:00:32.053486 685523 ImuError.cpp:368] gyr saturation
W20250111 19:00:32.053503 685523 ImuError.cpp:368] gyr saturation
W20250111 19:00:32.053514 685523 ImuError.cpp:368] gyr saturation
W20250111 19:00:32.053522 685523 ImuError.cpp:368] gyr saturation
W20250111 19:00:32.053531 685523 ImuError.cpp:368] gyr saturation
W20250111 19:00:32.053540 685523 ImuError.cpp:368] gyr saturation
W20250111 19:00:32.053550 685523 ImuError.cpp:368] gyr saturation
W20250111 19:00:32.053558 685523 ImuError.cpp:368] gyr saturation
W20250111 19:00:32.053566 685523 ImuError.cpp:368] gyr saturation
W20250111 19:00:32.053575 685523 ImuError.cpp:368] gyr saturation
W20250111 19:00:32.057627 685523 ImuError.cpp:650] gyr saturation
W20250111 19:00:32.057660 685523 ImuError.cpp:650] gyr saturation
W20250111 19:00:32.057667 685523 ImuError.cpp:650] gyr saturation
W20250111 19:00:32.057672 685523 ImuError.cpp:650] gyr saturation
W20250111 19:00:32.057677 685523 ImuError.cpp:650] gyr saturation
W20250111 19:00:32.057680 685523 ImuError.cpp:650] gyr saturation
W20250111 19:00:32.057686 685523 ImuError.cpp:650] gyr saturation
W20250111 19:00:32.057690 685523 ImuError.cpp:650] gyr saturation
W20250111 19:00:32.057698 685523 ImuError.cpp:650] gyr saturation
W20250111 19:00:32.057701 685523 ImuError.cpp:650] gyr saturation
W20250111 19:00:32.057705 685523 ImuError.cpp:650] gyr saturation
W20250111 19:00:32.057710 685523 ImuError.cpp:650] gyr saturation
W20250111 19:00:32.057714 685523 ImuError.cpp:650] gyr saturation
W20250111 19:00:32.057718 685523 ImuError.cpp:650] gyr saturation
W20250111 19:00:32.057723 685523 ImuError.cpp:650] gyr saturation
W20250111 19:00:32.057729 685523 ImuError.cpp:650] gyr saturation
W20250111 19:00:32.110991 685523 Frontend.cpp:612] 3d2d tracking weak: quality=0. Number of 3d2d-matches: 7
W20250111 19:00:32.128065 971045 ViSlamBackend.cpp:466] TRACKING FAILURE: quality=0
W20250111 19:00:32.129590 685523 Frontend.cpp:615] 3d2d tracking lost. Number of 3d2d-matches: 1
W20250111 19:00:32.144846 971127 ViSlamBackend.cpp:466] TRACKING FAILURE: quality=0
W20250111 19:00:32.149806 685523 Frontend.cpp:612] 3d2d tracking weak: quality=0. Number of 3d2d-matches: 3
W20250111 19:00:32.169963 685523 Frontend.cpp:612] 3d2d tracking weak: quality=0. Number of 3d2d-matches: 7
I20250111 19:00:32.209717 685523 Frontend.cpp:2274] RANSAC FAIL: 9 inliers, ratio = 0.9
I20250111 19:00:32.312132 685523 okvis_app_synchronous.cpp:210] OKVIS Timing
-----------
1 DetectAndDescribe                	   4592	00:00:09.001190	(00:00:00.001960 +- 00:00:00.000352)	[00:00:00.000974,00:00:00.003649]
2 Match                            	   4592	00:00:37.429355	(00:00:00.008151 +- 00:00:00.004063)	[00:00:00.000223,00:00:00.023579]
2.01 match to map                  	   4591	00:00:28.509496	(00:00:00.006210 +- 00:00:00.003628)	[00:00:00.000058,00:00:00.018395]
2.02 match motion stereo           	   4591	00:00:06.250185	(00:00:00.001361 +- 00:00:00.000454)	[00:00:00.000049,00:00:00.004207]
2.02.1 match motion stereo: prepare	   4591	00:00:01.431619	(00:00:00.000312 +- 00:00:00.000121)	[00:00:00.000001,00:00:00.001082]
2.10 match stereo                  	   1311	00:00:00.050879	(00:00:00.000039 +- 00:00:00.000043)	[00:00:00.000001,00:00:00.000382]
3 Optimise                         	   4591	00:01:18.813574	(00:00:00.017167 +- 00:00:00.010652)	[00:00:00.000864,00:00:00.081808]
4 Prepare publishing               	   4591	00:00:03.859045	(00:00:00.000841 +- 00:00:00.000319)	[00:00:00.000032,00:00:00.002233]
6 Visualising                      	   4591	00:00:00.001053	(00:00:00.000000 +- 00:00:00.000000)	[00:00:00.000000,00:00:00.000006]
7 Marginalise                      	   4591	00:00:08.246604	(00:00:00.001796 +- 00:00:00.000768)	[00:00:00.000004,00:00:00.007388]
7.1 check/handle lost              	   4591	00:00:00.136670	(00:00:00.000030 +- 00:00:00.000019)	[00:00:00.000000,00:00:00.000312]
7.2 eliminate IMU frames           	   4591	00:00:03.482399	(00:00:00.000759 +- 00:00:00.000555)	[00:00:00.000000,00:00:00.003837]
7.3 convert to posegraph           	   1568	00:00:01.339813	(00:00:00.000854 +- 00:00:00.000491)	[00:00:00.000098,00:00:00.004888]
7.4 freezing                       	   4590	00:00:00.005255	(00:00:00.000001 +- 00:00:00.000002)	[00:00:00.000000,00:00:00.000024]
7.6 expand                         	   4537	00:00:01.065979	(00:00:00.000235 +- 00:00:00.000145)	[00:00:00.000021,00:00:00.002384]
7.7 prune place recognition frames 	   4590	00:00:01.061366	(00:00:00.000231 +- 00:00:00.000118)	[00:00:00.000002,00:00:00.001139]
I20250111 19:00:32.312287 685523 okvis_app_synchronous.cpp:219] Progress: 85% (1 [1%/s], ETA: 15s)
W20250111 19:00:32.883244 685523 ImuError.cpp:650] gyr saturation
W20250111 19:00:32.883308 685523 ImuError.cpp:650] gyr saturation
W20250111 19:00:32.883318 685523 ImuError.cpp:650] gyr saturation
W20250111 19:00:32.883323 685523 ImuError.cpp:650] gyr saturation
W20250111 19:00:32.883330 685523 ImuError.cpp:650] gyr saturation
W20250111 19:00:32.883339 685523 ImuError.cpp:650] gyr saturation
W20250111 19:00:32.883347 685523 ImuError.cpp:650] gyr saturation
W20250111 19:00:32.883352 685523 ImuError.cpp:650] gyr saturation
W20250111 19:00:32.883360 685523 ImuError.cpp:650] gyr saturation
W20250111 19:00:32.883364 685523 ImuError.cpp:650] gyr saturation
W20250111 19:00:32.883370 685523 ImuError.cpp:650] gyr saturation
W20250111 19:00:32.883376 685523 ImuError.cpp:650] gyr saturation
W20250111 19:00:32.883381 685523 ImuError.cpp:650] gyr saturation
W20250111 19:00:32.883386 685523 ImuError.cpp:650] gyr saturation
W20250111 19:00:32.883392 685523 ImuError.cpp:650] gyr saturation
W20250111 19:00:32.883399 685523 ImuError.cpp:650] gyr saturation
W20250111 19:00:32.883404 685523 ImuError.cpp:650] gyr saturation
W20250111 19:00:32.883409 685523 ImuError.cpp:650] gyr saturation
W20250111 19:00:32.883414 685523 ImuError.cpp:650] gyr saturation
W20250111 19:00:32.883419 685523 ImuError.cpp:650] gyr saturation
W20250111 19:00:32.883425 685523 ImuError.cpp:650] gyr saturation
W20250111 19:00:32.883442 685523 ImuError.cpp:650] gyr saturation
W20250111 19:00:32.883448 685523 ImuError.cpp:650] gyr saturation
W20250111 19:00:32.883453 685523 ImuError.cpp:650] gyr saturation
W20250111 19:00:32.883459 685523 ImuError.cpp:650] gyr saturation
W20250111 19:00:32.883464 685523 ImuError.cpp:650] gyr saturation
W20250111 19:00:32.883471 685523 ImuError.cpp:650] gyr saturation
W20250111 19:00:32.883476 685523 ImuError.cpp:650] gyr saturation
W20250111 19:00:32.883481 685523 ImuError.cpp:650] gyr saturation
W20250111 19:00:32.883487 685523 ImuError.cpp:650] gyr saturation
W20250111 19:00:32.900404 685523 ImuError.cpp:650] gyr saturation
W20250111 19:00:32.900452 685523 ImuError.cpp:650] gyr saturation
W20250111 19:00:32.900460 685523 ImuError.cpp:650] gyr saturation
W20250111 19:00:32.900465 685523 ImuError.cpp:650] gyr saturation
W20250111 19:00:32.900468 685523 ImuError.cpp:650] gyr saturation
W20250111 19:00:32.900475 685523 ImuError.cpp:650] gyr saturation
W20250111 19:00:32.900480 685523 ImuError.cpp:650] gyr saturation
W20250111 19:00:32.900485 685523 ImuError.cpp:650] gyr saturation
W20250111 19:00:32.900488 685523 ImuError.cpp:650] gyr saturation
W20250111 19:00:32.900494 685523 ImuError.cpp:650] gyr saturation
W20250111 19:00:32.900498 685523 ImuError.cpp:650] gyr saturation
W20250111 19:00:32.900503 685523 ImuError.cpp:650] gyr saturation
W20250111 19:00:32.900508 685523 ImuError.cpp:650] gyr saturation
W20250111 19:00:32.900513 685523 ImuError.cpp:650] gyr saturation
W20250111 19:00:32.900519 685523 ImuError.cpp:650] gyr saturation
W20250111 19:00:32.900527 685523 ImuError.cpp:650] gyr saturation
W20250111 19:00:32.900530 685523 ImuError.cpp:650] gyr saturation
W20250111 19:00:32.900537 685523 ImuError.cpp:650] gyr saturation
W20250111 19:00:32.900540 685523 ImuError.cpp:650] gyr saturation
W20250111 19:00:32.900547 685523 ImuError.cpp:650] gyr saturation
W20250111 19:00:32.900552 685523 ImuError.cpp:650] gyr saturation
W20250111 19:00:32.900556 685523 ImuError.cpp:650] gyr saturation
W20250111 19:00:32.900563 685523 ImuError.cpp:650] gyr saturation
W20250111 19:00:32.900568 685523 ImuError.cpp:650] gyr saturation
W20250111 19:00:32.900584 685523 ImuError.cpp:650] gyr saturation
W20250111 19:00:32.900589 685523 ImuError.cpp:650] gyr saturation
W20250111 19:00:32.900595 685523 ImuError.cpp:650] gyr saturation
W20250111 19:00:32.900601 685523 ImuError.cpp:650] gyr saturation
W20250111 19:00:32.900607 685523 ImuError.cpp:650] gyr saturation
W20250111 19:00:32.900614 685523 ImuError.cpp:650] gyr saturation
W20250111 19:00:32.900758 685523 ImuError.cpp:650] gyr saturation
W20250111 19:00:32.900765 685523 ImuError.cpp:650] gyr saturation
W20250111 19:00:32.900770 685523 ImuError.cpp:650] gyr saturation
W20250111 19:00:32.900776 685523 ImuError.cpp:650] gyr saturation
W20250111 19:00:32.900784 685523 ImuError.cpp:650] gyr saturation
W20250111 19:00:32.900789 685523 ImuError.cpp:650] gyr saturation
W20250111 19:00:32.900794 685523 ImuError.cpp:650] gyr saturation
W20250111 19:00:32.900800 685523 ImuError.cpp:650] gyr saturation
W20250111 19:00:32.900805 685523 ImuError.cpp:650] gyr saturation
W20250111 19:00:32.900811 685523 ImuError.cpp:650] gyr saturation
W20250111 19:00:32.900816 685523 ImuError.cpp:650] gyr saturation
W20250111 19:00:32.900821 685523 ImuError.cpp:650] gyr saturation
W20250111 19:00:32.900833 685523 ImuError.cpp:650] gyr saturation
W20250111 19:00:32.900839 685523 ImuError.cpp:650] gyr saturation
W20250111 19:00:32.900844 685523 ImuError.cpp:650] gyr saturation
W20250111 19:00:32.900849 685523 ImuError.cpp:650] gyr saturation
W20250111 19:00:32.900854 685523 ImuError.cpp:650] gyr saturation
W20250111 19:00:32.900861 685523 ImuError.cpp:650] gyr saturation
W20250111 19:00:32.900866 685523 ImuError.cpp:650] gyr saturation
W20250111 19:00:32.900871 685523 ImuError.cpp:650] gyr saturation
W20250111 19:00:32.900876 685523 ImuError.cpp:650] gyr saturation
W20250111 19:00:32.900882 685523 ImuError.cpp:650] gyr saturation
W20250111 19:00:32.900887 685523 ImuError.cpp:650] gyr saturation
W20250111 19:00:32.900894 685523 ImuError.cpp:650] gyr saturation
W20250111 19:00:32.900899 685523 ImuError.cpp:650] gyr saturation
W20250111 19:00:32.900904 685523 ImuError.cpp:650] gyr saturation
W20250111 19:00:32.900909 685523 ImuError.cpp:650] gyr saturation
W20250111 19:00:32.900915 685523 ImuError.cpp:650] gyr saturation
W20250111 19:00:32.900920 685523 ImuError.cpp:650] gyr saturation
W20250111 19:00:32.900926 685523 ImuError.cpp:650] gyr saturation
W20250111 19:00:32.906399 685523 ImuError.cpp:368] gyr saturation
W20250111 19:00:32.906469 685523 ImuError.cpp:368] gyr saturation
W20250111 19:00:32.906483 685523 ImuError.cpp:368] gyr saturation
W20250111 19:00:32.906494 685523 ImuError.cpp:368] gyr saturation
W20250111 19:00:32.906507 685523 ImuError.cpp:368] gyr saturation
W20250111 19:00:32.906517 685523 ImuError.cpp:368] gyr saturation
W20250111 19:00:32.906528 685523 ImuError.cpp:368] gyr saturation
W20250111 19:00:32.906539 685523 ImuError.cpp:368] gyr saturation
W20250111 19:00:32.906550 685523 ImuError.cpp:368] gyr saturation
W20250111 19:00:32.906561 685523 ImuError.cpp:368] gyr saturation
W20250111 19:00:32.906572 685523 ImuError.cpp:368] gyr saturation
W20250111 19:00:32.906582 685523 ImuError.cpp:368] gyr saturation
W20250111 19:00:32.906594 685523 ImuError.cpp:368] gyr saturation
W20250111 19:00:32.906605 685523 ImuError.cpp:368] gyr saturation
W20250111 19:00:32.906615 685523 ImuError.cpp:368] gyr saturation
W20250111 19:00:32.906625 685523 ImuError.cpp:368] gyr saturation
W20250111 19:00:32.906636 685523 ImuError.cpp:368] gyr saturation
W20250111 19:00:32.906647 685523 ImuError.cpp:368] gyr saturation
W20250111 19:00:32.906658 685523 ImuError.cpp:368] gyr saturation
W20250111 19:00:32.906668 685523 ImuError.cpp:368] gyr saturation
W20250111 19:00:32.906679 685523 ImuError.cpp:368] gyr saturation
W20250111 19:00:32.906690 685523 ImuError.cpp:368] gyr saturation
W20250111 19:00:32.906701 685523 ImuError.cpp:368] gyr saturation
W20250111 19:00:32.906713 685523 ImuError.cpp:368] gyr saturation
W20250111 19:00:32.906723 685523 ImuError.cpp:368] gyr saturation
W20250111 19:00:32.906733 685523 ImuError.cpp:368] gyr saturation
W20250111 19:00:32.906744 685523 ImuError.cpp:368] gyr saturation
W20250111 19:00:32.906770 685523 ImuError.cpp:368] gyr saturation
W20250111 19:00:32.906782 685523 ImuError.cpp:368] gyr saturation
W20250111 19:00:32.906793 685523 ImuError.cpp:368] gyr saturation
W20250111 19:00:32.914348 685523 ImuError.cpp:650] gyr saturation
W20250111 19:00:32.914422 685523 ImuError.cpp:650] gyr saturation
W20250111 19:00:32.914433 685523 ImuError.cpp:650] gyr saturation
W20250111 19:00:32.914439 685523 ImuError.cpp:650] gyr saturation
W20250111 19:00:32.914444 685523 ImuError.cpp:650] gyr saturation
W20250111 19:00:32.914449 685523 ImuError.cpp:650] gyr saturation
W20250111 19:00:32.914456 685523 ImuError.cpp:650] gyr saturation
W20250111 19:00:32.914461 685523 ImuError.cpp:650] gyr saturation
W20250111 19:00:32.914466 685523 ImuError.cpp:650] gyr saturation
W20250111 19:00:32.914472 685523 ImuError.cpp:650] gyr saturation
W20250111 19:00:32.914477 685523 ImuError.cpp:650] gyr saturation
W20250111 19:00:32.914482 685523 ImuError.cpp:650] gyr saturation
W20250111 19:00:32.914487 685523 ImuError.cpp:650] gyr saturation
W20250111 19:00:32.914492 685523 ImuError.cpp:650] gyr saturation
W20250111 19:00:32.914496 685523 ImuError.cpp:650] gyr saturation
W20250111 19:00:32.914500 685523 ImuError.cpp:650] gyr saturation
W20250111 19:00:32.914506 685523 ImuError.cpp:650] gyr saturation
W20250111 19:00:32.914511 685523 ImuError.cpp:650] gyr saturation
W20250111 19:00:32.914517 685523 ImuError.cpp:650] gyr saturation
W20250111 19:00:32.914523 685523 ImuError.cpp:650] gyr saturation
W20250111 19:00:32.914531 685523 ImuError.cpp:650] gyr saturation
W20250111 19:00:32.914539 685523 ImuError.cpp:650] gyr saturation
W20250111 19:00:32.914544 685523 ImuError.cpp:650] gyr saturation
W20250111 19:00:32.914551 685523 ImuError.cpp:650] gyr saturation
W20250111 19:00:32.914557 685523 ImuError.cpp:650] gyr saturation
W20250111 19:00:32.914572 685523 ImuError.cpp:650] gyr saturation
W20250111 19:00:32.914578 685523 ImuError.cpp:650] gyr saturation
W20250111 19:00:32.914584 685523 ImuError.cpp:650] gyr saturation
W20250111 19:00:32.914590 685523 ImuError.cpp:650] gyr saturation
W20250111 19:00:32.914598 685523 ImuError.cpp:650] gyr saturation
W20250111 19:00:32.914603 685523 ImuError.cpp:650] gyr saturation
W20250111 19:00:32.914610 685523 ImuError.cpp:650] gyr saturation
W20250111 19:00:32.914616 685523 ImuError.cpp:650] gyr saturation
W20250111 19:00:32.914621 685523 ImuError.cpp:650] gyr saturation
W20250111 19:00:32.914628 685523 ImuError.cpp:650] gyr saturation
W20250111 19:00:32.914633 685523 ImuError.cpp:650] gyr saturation
W20250111 19:00:32.914638 685523 ImuError.cpp:650] gyr saturation
W20250111 19:00:32.914644 685523 ImuError.cpp:650] gyr saturation
W20250111 19:00:32.934504 685523 ImuError.cpp:650] gyr saturation
W20250111 19:00:32.934577 685523 ImuError.cpp:650] gyr saturation
W20250111 19:00:32.934584 685523 ImuError.cpp:650] gyr saturation
W20250111 19:00:32.934589 685523 ImuError.cpp:650] gyr saturation
W20250111 19:00:32.934594 685523 ImuError.cpp:650] gyr saturation
W20250111 19:00:32.934599 685523 ImuError.cpp:650] gyr saturation
W20250111 19:00:32.934608 685523 ImuError.cpp:650] gyr saturation
W20250111 19:00:32.934613 685523 ImuError.cpp:650] gyr saturation
W20250111 19:00:32.934618 685523 ImuError.cpp:650] gyr saturation
W20250111 19:00:32.934682 685523 ImuError.cpp:650] gyr saturation
W20250111 19:00:32.934689 685523 ImuError.cpp:650] gyr saturation
W20250111 19:00:32.934695 685523 ImuError.cpp:650] gyr saturation
W20250111 19:00:32.934700 685523 ImuError.cpp:650] gyr saturation
W20250111 19:00:32.934705 685523 ImuError.cpp:650] gyr saturation
W20250111 19:00:32.934711 685523 ImuError.cpp:650] gyr saturation
W20250111 19:00:32.934717 685523 ImuError.cpp:650] gyr saturation
W20250111 19:00:32.934723 685523 ImuError.cpp:650] gyr saturation
W20250111 19:00:32.934728 685523 ImuError.cpp:650] gyr saturation
W20250111 19:00:32.940016 685523 ImuError.cpp:368] gyr saturation
W20250111 19:00:32.940091 685523 ImuError.cpp:368] gyr saturation
W20250111 19:00:32.940105 685523 ImuError.cpp:368] gyr saturation
W20250111 19:00:32.940132 685523 ImuError.cpp:368] gyr saturation
W20250111 19:00:32.940146 685523 ImuError.cpp:368] gyr saturation
W20250111 19:00:32.940157 685523 ImuError.cpp:368] gyr saturation
W20250111 19:00:32.940168 685523 ImuError.cpp:368] gyr saturation
W20250111 19:00:32.940179 685523 ImuError.cpp:368] gyr saturation
W20250111 19:00:32.940191 685523 ImuError.cpp:368] gyr saturation
W20250111 19:00:32.947957 685523 ImuError.cpp:650] gyr saturation
W20250111 19:00:32.948016 685523 ImuError.cpp:650] gyr saturation
W20250111 19:00:32.948024 685523 ImuError.cpp:650] gyr saturation
W20250111 19:00:32.948031 685523 ImuError.cpp:650] gyr saturation
W20250111 19:00:32.948036 685523 ImuError.cpp:650] gyr saturation
W20250111 19:00:32.948042 685523 ImuError.cpp:650] gyr saturation
W20250111 19:00:32.948047 685523 ImuError.cpp:650] gyr saturation
W20250111 19:00:32.948052 685523 ImuError.cpp:650] gyr saturation
W20250111 19:00:32.948057 685523 ImuError.cpp:650] gyr saturation
W20250111 19:00:33.004596 973237 ImuError.cpp:165] gyr saturation
W20250111 19:00:33.004694 973237 ImuError.cpp:165] gyr saturation
W20250111 19:00:33.004703 973237 ImuError.cpp:165] gyr saturation
W20250111 19:00:33.004712 973237 ImuError.cpp:165] gyr saturation
W20250111 19:00:33.004719 973237 ImuError.cpp:165] gyr saturation
W20250111 19:00:33.004730 973237 ImuError.cpp:165] gyr saturation
W20250111 19:00:33.004740 973237 ImuError.cpp:165] gyr saturation
W20250111 19:00:33.004747 973237 ImuError.cpp:165] gyr saturation
W20250111 19:00:33.004756 973237 ImuError.cpp:165] gyr saturation
W20250111 19:00:33.004765 973237 ImuError.cpp:165] gyr saturation
W20250111 19:00:33.004773 973237 ImuError.cpp:165] gyr saturation
W20250111 19:00:33.004781 973237 ImuError.cpp:165] gyr saturation
W20250111 19:00:33.004791 973237 ImuError.cpp:165] gyr saturation
W20250111 19:00:33.004814 973237 ImuError.cpp:165] gyr saturation
W20250111 19:00:33.004829 973237 ImuError.cpp:165] gyr saturation
W20250111 19:00:33.004837 973237 ImuError.cpp:165] gyr saturation
W20250111 19:00:33.004845 973237 ImuError.cpp:165] gyr saturation
W20250111 19:00:33.004853 973237 ImuError.cpp:165] gyr saturation
W20250111 19:00:33.004860 973237 ImuError.cpp:165] gyr saturation
W20250111 19:00:33.004868 973237 ImuError.cpp:165] gyr saturation
W20250111 19:00:33.004875 973237 ImuError.cpp:165] gyr saturation
W20250111 19:00:33.004884 973237 ImuError.cpp:165] gyr saturation
W20250111 19:00:33.004890 973237 ImuError.cpp:165] gyr saturation
W20250111 19:00:33.004899 973237 ImuError.cpp:165] gyr saturation
W20250111 19:00:33.004906 973237 ImuError.cpp:165] gyr saturation
W20250111 19:00:33.004913 973237 ImuError.cpp:165] gyr saturation
W20250111 19:00:33.004921 973237 ImuError.cpp:165] gyr saturation
W20250111 19:00:33.004928 973237 ImuError.cpp:165] gyr saturation
W20250111 19:00:33.004936 973237 ImuError.cpp:165] gyr saturation
W20250111 19:00:33.004945 973237 ImuError.cpp:165] gyr saturation
W20250111 19:00:33.005158 973237 ImuError.cpp:165] gyr saturation
W20250111 19:00:33.005167 973237 ImuError.cpp:165] gyr saturation
W20250111 19:00:33.005174 973237 ImuError.cpp:165] gyr saturation
W20250111 19:00:33.005182 973237 ImuError.cpp:165] gyr saturation
W20250111 19:00:33.005189 973237 ImuError.cpp:165] gyr saturation
W20250111 19:00:33.005196 973237 ImuError.cpp:165] gyr saturation
W20250111 19:00:33.005203 973237 ImuError.cpp:165] gyr saturation
W20250111 19:00:33.005210 973237 ImuError.cpp:165] gyr saturation
W20250111 19:00:33.005218 973237 ImuError.cpp:165] gyr saturation
W20250111 19:00:33.005224 973237 ImuError.cpp:165] gyr saturation
W20250111 19:00:33.005231 973237 ImuError.cpp:165] gyr saturation
W20250111 19:00:33.005239 973237 ImuError.cpp:165] gyr saturation
W20250111 19:00:33.005245 973237 ImuError.cpp:165] gyr saturation
W20250111 19:00:33.005252 973237 ImuError.cpp:165] gyr saturation
W20250111 19:00:33.005259 973237 ImuError.cpp:165] gyr saturation
W20250111 19:00:33.005266 973237 ImuError.cpp:165] gyr saturation
W20250111 19:00:33.005273 973237 ImuError.cpp:165] gyr saturation
W20250111 19:00:33.005286 973237 ImuError.cpp:165] gyr saturation
W20250111 19:00:33.005295 973237 ImuError.cpp:165] gyr saturation
W20250111 19:00:33.005301 973237 ImuError.cpp:165] gyr saturation
W20250111 19:00:33.005308 973237 ImuError.cpp:165] gyr saturation
W20250111 19:00:33.005316 973237 ImuError.cpp:165] gyr saturation
W20250111 19:00:33.005322 973237 ImuError.cpp:165] gyr saturation
W20250111 19:00:33.005329 973237 ImuError.cpp:165] gyr saturation
W20250111 19:00:33.005336 973237 ImuError.cpp:165] gyr saturation
W20250111 19:00:33.005343 973237 ImuError.cpp:165] gyr saturation
W20250111 19:00:33.005350 973237 ImuError.cpp:165] gyr saturation
W20250111 19:00:33.005357 973237 ImuError.cpp:165] gyr saturation
W20250111 19:00:33.005364 973237 ImuError.cpp:165] gyr saturation
W20250111 19:00:33.005371 973237 ImuError.cpp:165] gyr saturation
I20250111 19:00:34.225907 685523 okvis_app_synchronous.cpp:210] OKVIS Timing
-----------
1 DetectAndDescribe                	   4646	00:00:09.105566	(00:00:00.001960 +- 00:00:00.000350)	[00:00:00.000974,00:00:00.003649]
2 Match                            	   4646	00:00:38.263493	(00:00:00.008236 +- 00:00:00.004121)	[00:00:00.000223,00:00:00.023579]
2.01 match to map                  	   4645	00:00:29.225486	(00:00:00.006292 +- 00:00:00.003690)	[00:00:00.000058,00:00:00.018395]
2.02 match motion stereo           	   4645	00:00:06.335178	(00:00:00.001364 +- 00:00:00.000455)	[00:00:00.000049,00:00:00.004207]
2.02.1 match motion stereo: prepare	   4645	00:00:01.450120	(00:00:00.000312 +- 00:00:00.000121)	[00:00:00.000001,00:00:00.001082]
2.10 match stereo                  	   1324	00:00:00.051518	(00:00:00.000039 +- 00:00:00.000043)	[00:00:00.000001,00:00:00.000382]
3 Optimise                         	   4645	00:01:19.757663	(00:00:00.017171 +- 00:00:00.010596)	[00:00:00.000864,00:00:00.081808]
4 Prepare publishing               	   4645	00:00:03.899961	(00:00:00.000840 +- 00:00:00.000319)	[00:00:00.000032,00:00:00.002233]
6 Visualising                      	   4645	00:00:00.001063	(00:00:00.000000 +- 00:00:00.000000)	[00:00:00.000000,00:00:00.000006]
7 Marginalise                      	   4645	00:00:08.333908	(00:00:00.001794 +- 00:00:00.000768)	[00:00:00.000004,00:00:00.007388]
7.1 check/handle lost              	   4645	00:00:00.138056	(00:00:00.000030 +- 00:00:00.000019)	[00:00:00.000000,00:00:00.000312]
7.2 eliminate IMU frames           	   4645	00:00:03.519536	(00:00:00.000758 +- 00:00:00.000554)	[00:00:00.000000,00:00:00.003837]
7.3 convert to posegraph           	   1587	00:00:01.355359	(00:00:00.000854 +- 00:00:00.000493)	[00:00:00.000098,00:00:00.004888]
7.4 freezing                       	   4644	00:00:00.005311	(00:00:00.000001 +- 00:00:00.000002)	[00:00:00.000000,00:00:00.000024]
7.6 expand                         	   4587	00:00:01.076115	(00:00:00.000235 +- 00:00:00.000144)	[00:00:00.000021,00:00:00.002384]
7.7 prune place recognition frames 	   4644	00:00:01.072378	(00:00:00.000231 +- 00:00:00.000118)	[00:00:00.000002,00:00:00.001139]
I20250111 19:00:34.226048 685523 okvis_app_synchronous.cpp:219] Progress: 86% (1 [1%/s], ETA: 14s)
I20250111 19:00:34.366429 685523 Frontend.cpp:2274] RANSAC FAIL: 33 inliers, ratio = 0.634615
I20250111 19:00:34.429522 685523 Frontend.cpp:2274] RANSAC FAIL: 57 inliers, ratio = 0.678571
I20250111 19:00:35.912846 685523 okvis_app_synchronous.cpp:210] OKVIS Timing
-----------
1 DetectAndDescribe                	   4700	00:00:09.196745	(00:00:00.001957 +- 00:00:00.000350)	[00:00:00.000974,00:00:00.003649]
2 Match                            	   4700	00:00:39.129433	(00:00:00.008325 +- 00:00:00.004182)	[00:00:00.000223,00:00:00.023579]
2.01 match to map                  	   4699	00:00:29.971603	(00:00:00.006378 +- 00:00:00.003756)	[00:00:00.000058,00:00:00.018395]
2.02 match motion stereo           	   4699	00:00:06.419234	(00:00:00.001366 +- 00:00:00.000454)	[00:00:00.000049,00:00:00.004207]
2.02.1 match motion stereo: prepare	   4699	00:00:01.470305	(00:00:00.000313 +- 00:00:00.000121)	[00:00:00.000001,00:00:00.001082]
2.10 match stereo                  	   1333	00:00:00.052286	(00:00:00.000039 +- 00:00:00.000044)	[00:00:00.000001,00:00:00.000382]
3 Optimise                         	   4699	00:01:20.431443	(00:00:00.017117 +- 00:00:00.010549)	[00:00:00.000864,00:00:00.081808]
4 Prepare publishing               	   4699	00:00:03.940870	(00:00:00.000839 +- 00:00:00.000317)	[00:00:00.000032,00:00:00.002233]
6 Visualising                      	   4699	00:00:00.001074	(00:00:00.000000 +- 00:00:00.000000)	[00:00:00.000000,00:00:00.000006]
7 Marginalise                      	   4699	00:00:08.433327	(00:00:00.001795 +- 00:00:00.000768)	[00:00:00.000004,00:00:00.007388]
7.1 check/handle lost              	   4699	00:00:00.139342	(00:00:00.000030 +- 00:00:00.000019)	[00:00:00.000000,00:00:00.000312]
7.2 eliminate IMU frames           	   4699	00:00:03.558856	(00:00:00.000757 +- 00:00:00.000552)	[00:00:00.000000,00:00:00.003837]
7.3 convert to posegraph           	   1603	00:00:01.374314	(00:00:00.000857 +- 00:00:00.000496)	[00:00:00.000098,00:00:00.004888]
7.4 freezing                       	   4698	00:00:00.005359	(00:00:00.000001 +- 00:00:00.000002)	[00:00:00.000000,00:00:00.000024]
7.6 expand                         	   4639	00:00:01.089223	(00:00:00.000235 +- 00:00:00.000145)	[00:00:00.000021,00:00:00.002384]
7.7 prune place recognition frames 	   4698	00:00:01.086364	(00:00:00.000231 +- 00:00:00.000118)	[00:00:00.000002,00:00:00.001139]
I20250111 19:00:35.913014 685523 okvis_app_synchronous.cpp:219] Progress: 87% (1 [1%/s], ETA: 13s)
I20250111 19:00:36.248911 685523 Frontend.cpp:2274] RANSAC FAIL: 33 inliers, ratio = 0.611111
I20250111 19:00:37.045964 685523 Frontend.cpp:2274] RANSAC FAIL: 41 inliers, ratio = 0.672131
W20250111 19:00:37.198611 685523 ImuError.cpp:650] gyr saturation
W20250111 19:00:37.198670 685523 ImuError.cpp:650] gyr saturation
W20250111 19:00:37.198678 685523 ImuError.cpp:650] gyr saturation
W20250111 19:00:37.198686 685523 ImuError.cpp:650] gyr saturation
W20250111 19:00:37.198691 685523 ImuError.cpp:650] gyr saturation
W20250111 19:00:37.198697 685523 ImuError.cpp:650] gyr saturation
W20250111 19:00:37.198709 685523 ImuError.cpp:650] gyr saturation
W20250111 19:00:37.198714 685523 ImuError.cpp:650] gyr saturation
W20250111 19:00:37.198719 685523 ImuError.cpp:650] gyr saturation
W20250111 19:00:37.198726 685523 ImuError.cpp:650] gyr saturation
W20250111 19:00:37.198733 685523 ImuError.cpp:650] gyr saturation
W20250111 19:00:37.198740 685523 ImuError.cpp:650] gyr saturation
W20250111 19:00:37.198745 685523 ImuError.cpp:650] gyr saturation
W20250111 19:00:37.198750 685523 ImuError.cpp:650] gyr saturation
W20250111 19:00:37.198756 685523 ImuError.cpp:650] gyr saturation
W20250111 19:00:37.212972 685523 ImuError.cpp:650] gyr saturation
W20250111 19:00:37.213025 685523 ImuError.cpp:650] gyr saturation
W20250111 19:00:37.213032 685523 ImuError.cpp:650] gyr saturation
W20250111 19:00:37.213038 685523 ImuError.cpp:650] gyr saturation
W20250111 19:00:37.213043 685523 ImuError.cpp:650] gyr saturation
W20250111 19:00:37.213048 685523 ImuError.cpp:650] gyr saturation
W20250111 19:00:37.213054 685523 ImuError.cpp:650] gyr saturation
W20250111 19:00:37.213059 685523 ImuError.cpp:650] gyr saturation
W20250111 19:00:37.213068 685523 ImuError.cpp:650] gyr saturation
W20250111 19:00:37.213073 685523 ImuError.cpp:650] gyr saturation
W20250111 19:00:37.213078 685523 ImuError.cpp:650] gyr saturation
W20250111 19:00:37.213083 685523 ImuError.cpp:650] gyr saturation
W20250111 19:00:37.213089 685523 ImuError.cpp:650] gyr saturation
W20250111 19:00:37.213094 685523 ImuError.cpp:650] gyr saturation
W20250111 19:00:37.213102 685523 ImuError.cpp:650] gyr saturation
W20250111 19:00:37.213205 685523 ImuError.cpp:650] gyr saturation
W20250111 19:00:37.213213 685523 ImuError.cpp:650] gyr saturation
W20250111 19:00:37.213218 685523 ImuError.cpp:650] gyr saturation
W20250111 19:00:37.213224 685523 ImuError.cpp:650] gyr saturation
W20250111 19:00:37.213229 685523 ImuError.cpp:650] gyr saturation
W20250111 19:00:37.213234 685523 ImuError.cpp:650] gyr saturation
W20250111 19:00:37.213253 685523 ImuError.cpp:650] gyr saturation
W20250111 19:00:37.213258 685523 ImuError.cpp:650] gyr saturation
W20250111 19:00:37.213264 685523 ImuError.cpp:650] gyr saturation
W20250111 19:00:37.213269 685523 ImuError.cpp:650] gyr saturation
W20250111 19:00:37.213274 685523 ImuError.cpp:650] gyr saturation
W20250111 19:00:37.213280 685523 ImuError.cpp:650] gyr saturation
W20250111 19:00:37.213285 685523 ImuError.cpp:650] gyr saturation
W20250111 19:00:37.213290 685523 ImuError.cpp:650] gyr saturation
W20250111 19:00:37.213296 685523 ImuError.cpp:650] gyr saturation
W20250111 19:00:37.219259 685523 ImuError.cpp:368] gyr saturation
W20250111 19:00:37.219357 685523 ImuError.cpp:368] gyr saturation
W20250111 19:00:37.219373 685523 ImuError.cpp:368] gyr saturation
W20250111 19:00:37.219386 685523 ImuError.cpp:368] gyr saturation
W20250111 19:00:37.219398 685523 ImuError.cpp:368] gyr saturation
W20250111 19:00:37.219409 685523 ImuError.cpp:368] gyr saturation
W20250111 19:00:37.219419 685523 ImuError.cpp:368] gyr saturation
W20250111 19:00:37.219430 685523 ImuError.cpp:368] gyr saturation
W20250111 19:00:37.219442 685523 ImuError.cpp:368] gyr saturation
W20250111 19:00:37.219453 685523 ImuError.cpp:368] gyr saturation
W20250111 19:00:37.219465 685523 ImuError.cpp:368] gyr saturation
W20250111 19:00:37.219475 685523 ImuError.cpp:368] gyr saturation
W20250111 19:00:37.219485 685523 ImuError.cpp:368] gyr saturation
W20250111 19:00:37.219496 685523 ImuError.cpp:368] gyr saturation
W20250111 19:00:37.219507 685523 ImuError.cpp:368] gyr saturation
W20250111 19:00:37.227761 685523 ImuError.cpp:650] gyr saturation
W20250111 19:00:37.227819 685523 ImuError.cpp:650] gyr saturation
W20250111 19:00:37.227835 685523 ImuError.cpp:650] gyr saturation
W20250111 19:00:37.227842 685523 ImuError.cpp:650] gyr saturation
W20250111 19:00:37.227852 685523 ImuError.cpp:650] gyr saturation
W20250111 19:00:37.227859 685523 ImuError.cpp:650] gyr saturation
W20250111 19:00:37.227864 685523 ImuError.cpp:650] gyr saturation
W20250111 19:00:37.227869 685523 ImuError.cpp:650] gyr saturation
W20250111 19:00:37.227875 685523 ImuError.cpp:650] gyr saturation
W20250111 19:00:37.227880 685523 ImuError.cpp:650] gyr saturation
W20250111 19:00:37.227886 685523 ImuError.cpp:650] gyr saturation
W20250111 19:00:37.227891 685523 ImuError.cpp:650] gyr saturation
W20250111 19:00:37.227897 685523 ImuError.cpp:650] gyr saturation
W20250111 19:00:37.227902 685523 ImuError.cpp:650] gyr saturation
W20250111 19:00:37.227908 685523 ImuError.cpp:650] gyr saturation
W20250111 19:00:37.227914 685523 ImuError.cpp:650] gyr saturation
W20250111 19:00:37.227921 685523 ImuError.cpp:650] gyr saturation
W20250111 19:00:37.227936 685523 ImuError.cpp:650] gyr saturation
W20250111 19:00:37.227942 685523 ImuError.cpp:650] gyr saturation
W20250111 19:00:37.227948 685523 ImuError.cpp:650] gyr saturation
W20250111 19:00:37.227953 685523 ImuError.cpp:650] gyr saturation
W20250111 19:00:37.227959 685523 ImuError.cpp:650] gyr saturation
W20250111 19:00:37.227965 685523 ImuError.cpp:650] gyr saturation
W20250111 19:00:37.227970 685523 ImuError.cpp:650] gyr saturation
W20250111 19:00:37.227977 685523 ImuError.cpp:650] gyr saturation
W20250111 19:00:37.227981 685523 ImuError.cpp:650] gyr saturation
W20250111 19:00:37.227988 685523 ImuError.cpp:650] gyr saturation
W20250111 19:00:37.227993 685523 ImuError.cpp:650] gyr saturation
W20250111 19:00:37.227999 685523 ImuError.cpp:650] gyr saturation
W20250111 19:00:37.228005 685523 ImuError.cpp:650] gyr saturation
W20250111 19:00:37.228010 685523 ImuError.cpp:650] gyr saturation
W20250111 19:00:37.228016 685523 ImuError.cpp:650] gyr saturation
W20250111 19:00:37.228024 685523 ImuError.cpp:650] gyr saturation
W20250111 19:00:37.228029 685523 ImuError.cpp:650] gyr saturation
W20250111 19:00:37.228035 685523 ImuError.cpp:650] gyr saturation
W20250111 19:00:37.228041 685523 ImuError.cpp:650] gyr saturation
W20250111 19:00:37.228047 685523 ImuError.cpp:650] gyr saturation
W20250111 19:00:37.228055 685523 ImuError.cpp:650] gyr saturation
W20250111 19:00:37.228068 685523 ImuError.cpp:650] gyr saturation
W20250111 19:00:37.228076 685523 ImuError.cpp:650] gyr saturation
W20250111 19:00:37.228082 685523 ImuError.cpp:650] gyr saturation
W20250111 19:00:37.228089 685523 ImuError.cpp:650] gyr saturation
W20250111 19:00:37.228094 685523 ImuError.cpp:650] gyr saturation
W20250111 19:00:37.228101 685523 ImuError.cpp:650] gyr saturation
W20250111 19:00:37.228107 685523 ImuError.cpp:650] gyr saturation
W20250111 19:00:37.228113 685523 ImuError.cpp:650] gyr saturation
W20250111 19:00:37.228119 685523 ImuError.cpp:650] gyr saturation
W20250111 19:00:37.228125 685523 ImuError.cpp:650] gyr saturation
W20250111 19:00:37.228132 685523 ImuError.cpp:650] gyr saturation
W20250111 19:00:37.244469 685523 ImuError.cpp:650] gyr saturation
W20250111 19:00:37.244524 685523 ImuError.cpp:650] gyr saturation
W20250111 19:00:37.244529 685523 ImuError.cpp:650] gyr saturation
W20250111 19:00:37.244535 685523 ImuError.cpp:650] gyr saturation
W20250111 19:00:37.244541 685523 ImuError.cpp:650] gyr saturation
W20250111 19:00:37.244546 685523 ImuError.cpp:650] gyr saturation
W20250111 19:00:37.244552 685523 ImuError.cpp:650] gyr saturation
W20250111 19:00:37.244558 685523 ImuError.cpp:650] gyr saturation
W20250111 19:00:37.244565 685523 ImuError.cpp:650] gyr saturation
W20250111 19:00:37.244570 685523 ImuError.cpp:650] gyr saturation
W20250111 19:00:37.244575 685523 ImuError.cpp:650] gyr saturation
W20250111 19:00:37.244581 685523 ImuError.cpp:650] gyr saturation
W20250111 19:00:37.244590 685523 ImuError.cpp:650] gyr saturation
W20250111 19:00:37.244596 685523 ImuError.cpp:650] gyr saturation
W20250111 19:00:37.244601 685523 ImuError.cpp:650] gyr saturation
W20250111 19:00:37.244606 685523 ImuError.cpp:650] gyr saturation
W20250111 19:00:37.244612 685523 ImuError.cpp:650] gyr saturation
W20250111 19:00:37.244619 685523 ImuError.cpp:650] gyr saturation
W20250111 19:00:37.244626 685523 ImuError.cpp:650] gyr saturation
W20250111 19:00:37.244632 685523 ImuError.cpp:650] gyr saturation
W20250111 19:00:37.244638 685523 ImuError.cpp:650] gyr saturation
W20250111 19:00:37.244644 685523 ImuError.cpp:650] gyr saturation
W20250111 19:00:37.244650 685523 ImuError.cpp:650] gyr saturation
W20250111 19:00:37.244657 685523 ImuError.cpp:650] gyr saturation
W20250111 19:00:37.244663 685523 ImuError.cpp:650] gyr saturation
W20250111 19:00:37.244668 685523 ImuError.cpp:650] gyr saturation
W20250111 19:00:37.244674 685523 ImuError.cpp:650] gyr saturation
W20250111 19:00:37.244680 685523 ImuError.cpp:650] gyr saturation
W20250111 19:00:37.244686 685523 ImuError.cpp:650] gyr saturation
W20250111 19:00:37.244693 685523 ImuError.cpp:650] gyr saturation
W20250111 19:00:37.244699 685523 ImuError.cpp:650] gyr saturation
W20250111 19:00:37.244711 685523 ImuError.cpp:650] gyr saturation
W20250111 19:00:37.244719 685523 ImuError.cpp:650] gyr saturation
W20250111 19:00:37.244724 685523 ImuError.cpp:650] gyr saturation
W20250111 19:00:37.244730 685523 ImuError.cpp:650] gyr saturation
W20250111 19:00:37.244813 685523 ImuError.cpp:650] gyr saturation
W20250111 19:00:37.244822 685523 ImuError.cpp:650] gyr saturation
W20250111 19:00:37.244832 685523 ImuError.cpp:650] gyr saturation
W20250111 19:00:37.244838 685523 ImuError.cpp:650] gyr saturation
W20250111 19:00:37.244844 685523 ImuError.cpp:650] gyr saturation
W20250111 19:00:37.244850 685523 ImuError.cpp:650] gyr saturation
W20250111 19:00:37.244858 685523 ImuError.cpp:650] gyr saturation
W20250111 19:00:37.244863 685523 ImuError.cpp:650] gyr saturation
W20250111 19:00:37.244869 685523 ImuError.cpp:650] gyr saturation
W20250111 19:00:37.244875 685523 ImuError.cpp:650] gyr saturation
W20250111 19:00:37.244881 685523 ImuError.cpp:650] gyr saturation
W20250111 19:00:37.244887 685523 ImuError.cpp:650] gyr saturation
W20250111 19:00:37.244894 685523 ImuError.cpp:650] gyr saturation
W20250111 19:00:37.244900 685523 ImuError.cpp:650] gyr saturation
W20250111 19:00:37.244905 685523 ImuError.cpp:650] gyr saturation
W20250111 19:00:37.244910 685523 ImuError.cpp:650] gyr saturation
W20250111 19:00:37.244922 685523 ImuError.cpp:650] gyr saturation
W20250111 19:00:37.244928 685523 ImuError.cpp:650] gyr saturation
W20250111 19:00:37.244935 685523 ImuError.cpp:650] gyr saturation
W20250111 19:00:37.244939 685523 ImuError.cpp:650] gyr saturation
W20250111 19:00:37.244944 685523 ImuError.cpp:650] gyr saturation
W20250111 19:00:37.244951 685523 ImuError.cpp:650] gyr saturation
W20250111 19:00:37.244956 685523 ImuError.cpp:650] gyr saturation
W20250111 19:00:37.244961 685523 ImuError.cpp:650] gyr saturation
W20250111 19:00:37.244967 685523 ImuError.cpp:650] gyr saturation
W20250111 19:00:37.244974 685523 ImuError.cpp:650] gyr saturation
W20250111 19:00:37.244979 685523 ImuError.cpp:650] gyr saturation
W20250111 19:00:37.244984 685523 ImuError.cpp:650] gyr saturation
W20250111 19:00:37.244989 685523 ImuError.cpp:650] gyr saturation
W20250111 19:00:37.244995 685523 ImuError.cpp:650] gyr saturation
W20250111 19:00:37.245000 685523 ImuError.cpp:650] gyr saturation
W20250111 19:00:37.245007 685523 ImuError.cpp:650] gyr saturation
W20250111 19:00:37.245012 685523 ImuError.cpp:650] gyr saturation
W20250111 19:00:37.245018 685523 ImuError.cpp:650] gyr saturation
W20250111 19:00:37.245023 685523 ImuError.cpp:650] gyr saturation
W20250111 19:00:37.251081 685536 ImuError.cpp:368] gyr saturation
W20250111 19:00:37.251180 685536 ImuError.cpp:368] gyr saturation
W20250111 19:00:37.251194 685536 ImuError.cpp:368] gyr saturation
W20250111 19:00:37.251205 685536 ImuError.cpp:368] gyr saturation
W20250111 19:00:37.251215 685536 ImuError.cpp:368] gyr saturation
W20250111 19:00:37.251226 685536 ImuError.cpp:368] gyr saturation
W20250111 19:00:37.251236 685536 ImuError.cpp:368] gyr saturation
W20250111 19:00:37.251247 685536 ImuError.cpp:368] gyr saturation
W20250111 19:00:37.251258 685536 ImuError.cpp:368] gyr saturation
W20250111 19:00:37.251268 685536 ImuError.cpp:368] gyr saturation
W20250111 19:00:37.251279 685536 ImuError.cpp:368] gyr saturation
W20250111 19:00:37.251289 685536 ImuError.cpp:368] gyr saturation
W20250111 19:00:37.251299 685536 ImuError.cpp:368] gyr saturation
W20250111 19:00:37.251310 685536 ImuError.cpp:368] gyr saturation
W20250111 19:00:37.251320 685536 ImuError.cpp:368] gyr saturation
W20250111 19:00:37.251331 685536 ImuError.cpp:368] gyr saturation
W20250111 19:00:37.251341 685536 ImuError.cpp:368] gyr saturation
W20250111 19:00:37.251351 685536 ImuError.cpp:368] gyr saturation
W20250111 19:00:37.251363 685536 ImuError.cpp:368] gyr saturation
W20250111 19:00:37.251372 685536 ImuError.cpp:368] gyr saturation
W20250111 19:00:37.251382 685536 ImuError.cpp:368] gyr saturation
W20250111 19:00:37.251394 685536 ImuError.cpp:368] gyr saturation
W20250111 19:00:37.251403 685536 ImuError.cpp:368] gyr saturation
W20250111 19:00:37.251428 685536 ImuError.cpp:368] gyr saturation
W20250111 19:00:37.251439 685536 ImuError.cpp:368] gyr saturation
W20250111 19:00:37.251451 685536 ImuError.cpp:368] gyr saturation
W20250111 19:00:37.251461 685536 ImuError.cpp:368] gyr saturation
W20250111 19:00:37.251470 685536 ImuError.cpp:368] gyr saturation
W20250111 19:00:37.251482 685536 ImuError.cpp:368] gyr saturation
W20250111 19:00:37.251492 685536 ImuError.cpp:368] gyr saturation
W20250111 19:00:37.251502 685536 ImuError.cpp:368] gyr saturation
W20250111 19:00:37.251513 685536 ImuError.cpp:368] gyr saturation
W20250111 19:00:37.251523 685536 ImuError.cpp:368] gyr saturation
W20250111 19:00:37.251533 685536 ImuError.cpp:368] gyr saturation
W20250111 19:00:37.251543 685536 ImuError.cpp:368] gyr saturation
W20250111 19:00:37.260068 685523 ImuError.cpp:650] gyr saturation
W20250111 19:00:37.260123 685523 ImuError.cpp:650] gyr saturation
W20250111 19:00:37.260130 685523 ImuError.cpp:650] gyr saturation
W20250111 19:00:37.260136 685523 ImuError.cpp:650] gyr saturation
W20250111 19:00:37.260140 685523 ImuError.cpp:650] gyr saturation
W20250111 19:00:37.260145 685523 ImuError.cpp:650] gyr saturation
W20250111 19:00:37.260150 685523 ImuError.cpp:650] gyr saturation
W20250111 19:00:37.260155 685523 ImuError.cpp:650] gyr saturation
W20250111 19:00:37.260177 685523 ImuError.cpp:650] gyr saturation
W20250111 19:00:37.260183 685523 ImuError.cpp:650] gyr saturation
W20250111 19:00:37.260190 685523 ImuError.cpp:650] gyr saturation
W20250111 19:00:37.260195 685523 ImuError.cpp:650] gyr saturation
W20250111 19:00:37.260202 685523 ImuError.cpp:650] gyr saturation
W20250111 19:00:37.260207 685523 ImuError.cpp:650] gyr saturation
W20250111 19:00:37.260213 685523 ImuError.cpp:650] gyr saturation
W20250111 19:00:37.260221 685523 ImuError.cpp:650] gyr saturation
W20250111 19:00:37.260226 685523 ImuError.cpp:650] gyr saturation
W20250111 19:00:37.260232 685523 ImuError.cpp:650] gyr saturation
W20250111 19:00:37.260237 685523 ImuError.cpp:650] gyr saturation
W20250111 19:00:37.260243 685523 ImuError.cpp:650] gyr saturation
W20250111 19:00:37.260248 685523 ImuError.cpp:650] gyr saturation
W20250111 19:00:37.260255 685523 ImuError.cpp:650] gyr saturation
W20250111 19:00:37.260262 685523 ImuError.cpp:650] gyr saturation
W20250111 19:00:37.260267 685523 ImuError.cpp:650] gyr saturation
W20250111 19:00:37.260272 685523 ImuError.cpp:650] gyr saturation
W20250111 19:00:37.260278 685523 ImuError.cpp:650] gyr saturation
W20250111 19:00:37.260283 685523 ImuError.cpp:650] gyr saturation
W20250111 19:00:37.260289 685523 ImuError.cpp:650] gyr saturation
W20250111 19:00:37.260295 685523 ImuError.cpp:650] gyr saturation
W20250111 19:00:37.260301 685523 ImuError.cpp:650] gyr saturation
W20250111 19:00:37.260306 685523 ImuError.cpp:650] gyr saturation
W20250111 19:00:37.260311 685523 ImuError.cpp:650] gyr saturation
W20250111 19:00:37.260317 685523 ImuError.cpp:650] gyr saturation
W20250111 19:00:37.260324 685523 ImuError.cpp:650] gyr saturation
W20250111 19:00:37.260329 685523 ImuError.cpp:650] gyr saturation
W20250111 19:00:37.260334 685523 ImuError.cpp:650] gyr saturation
W20250111 19:00:37.260341 685523 ImuError.cpp:650] gyr saturation
W20250111 19:00:37.260347 685523 ImuError.cpp:650] gyr saturation
W20250111 19:00:37.260353 685523 ImuError.cpp:650] gyr saturation
W20250111 19:00:37.260360 685523 ImuError.cpp:650] gyr saturation
W20250111 19:00:37.260366 685523 ImuError.cpp:650] gyr saturation
W20250111 19:00:37.260372 685523 ImuError.cpp:650] gyr saturation
W20250111 19:00:37.260378 685523 ImuError.cpp:650] gyr saturation
W20250111 19:00:37.260385 685523 ImuError.cpp:650] gyr saturation
W20250111 19:00:37.260390 685523 ImuError.cpp:650] gyr saturation
W20250111 19:00:37.260396 685523 ImuError.cpp:650] gyr saturation
W20250111 19:00:37.260403 685523 ImuError.cpp:650] gyr saturation
W20250111 19:00:37.260411 685523 ImuError.cpp:650] gyr saturation
W20250111 19:00:37.260416 685523 ImuError.cpp:650] gyr saturation
W20250111 19:00:37.260422 685523 ImuError.cpp:650] gyr saturation
W20250111 19:00:37.260434 685523 ImuError.cpp:650] gyr saturation
W20250111 19:00:37.260442 685523 ImuError.cpp:650] gyr saturation
W20250111 19:00:37.260447 685523 ImuError.cpp:650] gyr saturation
W20250111 19:00:37.260453 685523 ImuError.cpp:650] gyr saturation
W20250111 19:00:37.260460 685523 ImuError.cpp:650] gyr saturation
W20250111 19:00:37.260466 685523 ImuError.cpp:650] gyr saturation
W20250111 19:00:37.260473 685523 ImuError.cpp:650] gyr saturation
W20250111 19:00:37.260479 685523 ImuError.cpp:650] gyr saturation
W20250111 19:00:37.260486 685523 ImuError.cpp:650] gyr saturation
W20250111 19:00:37.260493 685523 ImuError.cpp:650] gyr saturation
W20250111 19:00:37.260499 685523 ImuError.cpp:650] gyr saturation
W20250111 19:00:37.260505 685523 ImuError.cpp:650] gyr saturation
W20250111 19:00:37.260512 685523 ImuError.cpp:650] gyr saturation
W20250111 19:00:37.260519 685523 ImuError.cpp:650] gyr saturation
W20250111 19:00:37.260524 685523 ImuError.cpp:650] gyr saturation
W20250111 19:00:37.260531 685523 ImuError.cpp:650] gyr saturation
W20250111 19:00:37.260537 685523 ImuError.cpp:650] gyr saturation
W20250111 19:00:37.260545 685523 ImuError.cpp:650] gyr saturation
W20250111 19:00:37.278728 685523 ImuError.cpp:650] gyr saturation
W20250111 19:00:37.278779 685523 ImuError.cpp:650] gyr saturation
W20250111 19:00:37.278802 685523 ImuError.cpp:650] gyr saturation
W20250111 19:00:37.278810 685523 ImuError.cpp:650] gyr saturation
W20250111 19:00:37.278818 685523 ImuError.cpp:650] gyr saturation
W20250111 19:00:37.278831 685523 ImuError.cpp:650] gyr saturation
W20250111 19:00:37.278838 685523 ImuError.cpp:650] gyr saturation
W20250111 19:00:37.278843 685523 ImuError.cpp:650] gyr saturation
W20250111 19:00:37.278849 685523 ImuError.cpp:650] gyr saturation
W20250111 19:00:37.278856 685523 ImuError.cpp:650] gyr saturation
W20250111 19:00:37.278860 685523 ImuError.cpp:650] gyr saturation
W20250111 19:00:37.278867 685523 ImuError.cpp:650] gyr saturation
W20250111 19:00:37.278872 685523 ImuError.cpp:650] gyr saturation
W20250111 19:00:37.278877 685523 ImuError.cpp:650] gyr saturation
W20250111 19:00:37.278883 685523 ImuError.cpp:650] gyr saturation
W20250111 19:00:37.278888 685523 ImuError.cpp:650] gyr saturation
W20250111 19:00:37.278893 685523 ImuError.cpp:650] gyr saturation
W20250111 19:00:37.278899 685523 ImuError.cpp:650] gyr saturation
W20250111 19:00:37.278904 685523 ImuError.cpp:650] gyr saturation
W20250111 19:00:37.278910 685523 ImuError.cpp:650] gyr saturation
W20250111 19:00:37.278918 685523 ImuError.cpp:650] gyr saturation
W20250111 19:00:37.278923 685523 ImuError.cpp:650] gyr saturation
W20250111 19:00:37.278929 685523 ImuError.cpp:650] gyr saturation
W20250111 19:00:37.278934 685523 ImuError.cpp:650] gyr saturation
W20250111 19:00:37.278940 685523 ImuError.cpp:650] gyr saturation
W20250111 19:00:37.278945 685523 ImuError.cpp:650] gyr saturation
W20250111 19:00:37.278951 685523 ImuError.cpp:650] gyr saturation
W20250111 19:00:37.278956 685523 ImuError.cpp:650] gyr saturation
W20250111 19:00:37.278962 685523 ImuError.cpp:650] gyr saturation
W20250111 19:00:37.278967 685523 ImuError.cpp:650] gyr saturation
W20250111 19:00:37.278973 685523 ImuError.cpp:650] gyr saturation
W20250111 19:00:37.278980 685523 ImuError.cpp:650] gyr saturation
W20250111 19:00:37.278985 685523 ImuError.cpp:650] gyr saturation
W20250111 19:00:37.278990 685523 ImuError.cpp:650] gyr saturation
W20250111 19:00:37.279088 685523 ImuError.cpp:650] gyr saturation
W20250111 19:00:37.279096 685523 ImuError.cpp:650] gyr saturation
W20250111 19:00:37.279102 685523 ImuError.cpp:650] gyr saturation
W20250111 19:00:37.279107 685523 ImuError.cpp:650] gyr saturation
W20250111 19:00:37.279114 685523 ImuError.cpp:650] gyr saturation
W20250111 19:00:37.279119 685523 ImuError.cpp:650] gyr saturation
W20250111 19:00:37.279124 685523 ImuError.cpp:650] gyr saturation
W20250111 19:00:37.279129 685523 ImuError.cpp:650] gyr saturation
W20250111 19:00:37.279135 685523 ImuError.cpp:650] gyr saturation
W20250111 19:00:37.279141 685523 ImuError.cpp:650] gyr saturation
W20250111 19:00:37.279148 685523 ImuError.cpp:650] gyr saturation
W20250111 19:00:37.279155 685523 ImuError.cpp:650] gyr saturation
W20250111 19:00:37.279160 685523 ImuError.cpp:650] gyr saturation
W20250111 19:00:37.279165 685523 ImuError.cpp:650] gyr saturation
W20250111 19:00:37.279171 685523 ImuError.cpp:650] gyr saturation
W20250111 19:00:37.279177 685523 ImuError.cpp:650] gyr saturation
W20250111 19:00:37.279183 685523 ImuError.cpp:650] gyr saturation
W20250111 19:00:37.279188 685523 ImuError.cpp:650] gyr saturation
W20250111 19:00:37.279194 685523 ImuError.cpp:650] gyr saturation
W20250111 19:00:37.279199 685523 ImuError.cpp:650] gyr saturation
W20250111 19:00:37.279206 685523 ImuError.cpp:650] gyr saturation
W20250111 19:00:37.279211 685523 ImuError.cpp:650] gyr saturation
W20250111 19:00:37.279217 685523 ImuError.cpp:650] gyr saturation
W20250111 19:00:37.279222 685523 ImuError.cpp:650] gyr saturation
W20250111 19:00:37.279228 685523 ImuError.cpp:650] gyr saturation
W20250111 19:00:37.279234 685523 ImuError.cpp:650] gyr saturation
W20250111 19:00:37.279240 685523 ImuError.cpp:650] gyr saturation
W20250111 19:00:37.279245 685523 ImuError.cpp:650] gyr saturation
W20250111 19:00:37.279251 685523 ImuError.cpp:650] gyr saturation
W20250111 19:00:37.279256 685523 ImuError.cpp:650] gyr saturation
W20250111 19:00:37.279268 685523 ImuError.cpp:650] gyr saturation
W20250111 19:00:37.279273 685523 ImuError.cpp:650] gyr saturation
W20250111 19:00:37.279280 685523 ImuError.cpp:650] gyr saturation
W20250111 19:00:37.279285 685523 ImuError.cpp:650] gyr saturation
W20250111 19:00:37.285482 685523 ImuError.cpp:368] gyr saturation
W20250111 19:00:37.285588 685523 ImuError.cpp:368] gyr saturation
W20250111 19:00:37.285600 685523 ImuError.cpp:368] gyr saturation
W20250111 19:00:37.285614 685523 ImuError.cpp:368] gyr saturation
W20250111 19:00:37.285625 685523 ImuError.cpp:368] gyr saturation
W20250111 19:00:37.285635 685523 ImuError.cpp:368] gyr saturation
W20250111 19:00:37.285647 685523 ImuError.cpp:368] gyr saturation
W20250111 19:00:37.285658 685523 ImuError.cpp:368] gyr saturation
W20250111 19:00:37.285669 685523 ImuError.cpp:368] gyr saturation
W20250111 19:00:37.285681 685523 ImuError.cpp:368] gyr saturation
W20250111 19:00:37.285691 685523 ImuError.cpp:368] gyr saturation
W20250111 19:00:37.285702 685523 ImuError.cpp:368] gyr saturation
W20250111 19:00:37.285713 685523 ImuError.cpp:368] gyr saturation
W20250111 19:00:37.285724 685523 ImuError.cpp:368] gyr saturation
W20250111 19:00:37.285735 685523 ImuError.cpp:368] gyr saturation
W20250111 19:00:37.285746 685523 ImuError.cpp:368] gyr saturation
W20250111 19:00:37.285758 685523 ImuError.cpp:368] gyr saturation
W20250111 19:00:37.285768 685523 ImuError.cpp:368] gyr saturation
W20250111 19:00:37.285779 685523 ImuError.cpp:368] gyr saturation
W20250111 19:00:37.285790 685523 ImuError.cpp:368] gyr saturation
W20250111 19:00:37.285801 685523 ImuError.cpp:368] gyr saturation
W20250111 19:00:37.285812 685523 ImuError.cpp:368] gyr saturation
W20250111 19:00:37.285828 685523 ImuError.cpp:368] gyr saturation
W20250111 19:00:37.285840 685523 ImuError.cpp:368] gyr saturation
W20250111 19:00:37.285851 685523 ImuError.cpp:368] gyr saturation
W20250111 19:00:37.285862 685523 ImuError.cpp:368] gyr saturation
W20250111 19:00:37.285873 685523 ImuError.cpp:368] gyr saturation
W20250111 19:00:37.285884 685523 ImuError.cpp:368] gyr saturation
W20250111 19:00:37.285895 685523 ImuError.cpp:368] gyr saturation
W20250111 19:00:37.285907 685523 ImuError.cpp:368] gyr saturation
W20250111 19:00:37.285917 685523 ImuError.cpp:368] gyr saturation
W20250111 19:00:37.285928 685523 ImuError.cpp:368] gyr saturation
W20250111 19:00:37.285939 685523 ImuError.cpp:368] gyr saturation
W20250111 19:00:37.285950 685523 ImuError.cpp:368] gyr saturation
W20250111 19:00:37.293607 685523 ImuError.cpp:650] gyr saturation
W20250111 19:00:37.293663 685523 ImuError.cpp:650] gyr saturation
W20250111 19:00:37.293673 685523 ImuError.cpp:650] gyr saturation
W20250111 19:00:37.293678 685523 ImuError.cpp:650] gyr saturation
W20250111 19:00:37.293695 685523 ImuError.cpp:650] gyr saturation
W20250111 19:00:37.293702 685523 ImuError.cpp:650] gyr saturation
W20250111 19:00:37.293713 685523 ImuError.cpp:650] gyr saturation
W20250111 19:00:37.293720 685523 ImuError.cpp:650] gyr saturation
W20250111 19:00:37.293725 685523 ImuError.cpp:650] gyr saturation
W20250111 19:00:37.293730 685523 ImuError.cpp:650] gyr saturation
W20250111 19:00:37.293738 685523 ImuError.cpp:650] gyr saturation
W20250111 19:00:37.293748 685523 ImuError.cpp:650] gyr saturation
W20250111 19:00:37.293754 685523 ImuError.cpp:650] gyr saturation
W20250111 19:00:37.293761 685523 ImuError.cpp:650] gyr saturation
W20250111 19:00:37.293766 685523 ImuError.cpp:650] gyr saturation
W20250111 19:00:37.293771 685523 ImuError.cpp:650] gyr saturation
W20250111 19:00:37.293776 685523 ImuError.cpp:650] gyr saturation
W20250111 19:00:37.293782 685523 ImuError.cpp:650] gyr saturation
W20250111 19:00:37.293788 685523 ImuError.cpp:650] gyr saturation
W20250111 19:00:37.293794 685523 ImuError.cpp:650] gyr saturation
W20250111 19:00:37.293800 685523 ImuError.cpp:650] gyr saturation
W20250111 19:00:37.293807 685523 ImuError.cpp:650] gyr saturation
W20250111 19:00:37.293812 685523 ImuError.cpp:650] gyr saturation
W20250111 19:00:37.293818 685523 ImuError.cpp:650] gyr saturation
W20250111 19:00:37.293840 685523 ImuError.cpp:650] gyr saturation
W20250111 19:00:37.293848 685523 ImuError.cpp:650] gyr saturation
W20250111 19:00:37.293854 685523 ImuError.cpp:650] gyr saturation
W20250111 19:00:37.293859 685523 ImuError.cpp:650] gyr saturation
W20250111 19:00:37.293865 685523 ImuError.cpp:650] gyr saturation
W20250111 19:00:37.293871 685523 ImuError.cpp:650] gyr saturation
W20250111 19:00:37.293877 685523 ImuError.cpp:650] gyr saturation
W20250111 19:00:37.293884 685523 ImuError.cpp:650] gyr saturation
W20250111 19:00:37.293889 685523 ImuError.cpp:650] gyr saturation
W20250111 19:00:37.293896 685523 ImuError.cpp:650] gyr saturation
W20250111 19:00:37.293901 685523 ImuError.cpp:650] gyr saturation
W20250111 19:00:37.293908 685523 ImuError.cpp:650] gyr saturation
W20250111 19:00:37.293915 685523 ImuError.cpp:650] gyr saturation
W20250111 19:00:37.293921 685523 ImuError.cpp:650] gyr saturation
W20250111 19:00:37.293926 685523 ImuError.cpp:650] gyr saturation
W20250111 19:00:37.293932 685523 ImuError.cpp:650] gyr saturation
W20250111 19:00:37.293939 685523 ImuError.cpp:650] gyr saturation
W20250111 19:00:37.293946 685523 ImuError.cpp:650] gyr saturation
W20250111 19:00:37.293951 685523 ImuError.cpp:650] gyr saturation
W20250111 19:00:37.293958 685523 ImuError.cpp:650] gyr saturation
W20250111 19:00:37.293965 685523 ImuError.cpp:650] gyr saturation
W20250111 19:00:37.293972 685523 ImuError.cpp:650] gyr saturation
W20250111 19:00:37.293977 685523 ImuError.cpp:650] gyr saturation
W20250111 19:00:37.293984 685523 ImuError.cpp:650] gyr saturation
W20250111 19:00:37.293991 685523 ImuError.cpp:650] gyr saturation
W20250111 19:00:37.293998 685523 ImuError.cpp:650] gyr saturation
W20250111 19:00:37.294004 685523 ImuError.cpp:650] gyr saturation
W20250111 19:00:37.294010 685523 ImuError.cpp:650] gyr saturation
W20250111 19:00:37.294016 685523 ImuError.cpp:650] gyr saturation
W20250111 19:00:37.294024 685523 ImuError.cpp:650] gyr saturation
W20250111 19:00:37.294030 685523 ImuError.cpp:650] gyr saturation
W20250111 19:00:37.294037 685523 ImuError.cpp:650] gyr saturation
W20250111 19:00:37.294044 685523 ImuError.cpp:650] gyr saturation
W20250111 19:00:37.294050 685523 ImuError.cpp:650] gyr saturation
W20250111 19:00:37.294056 685523 ImuError.cpp:650] gyr saturation
W20250111 19:00:37.294062 685523 ImuError.cpp:650] gyr saturation
W20250111 19:00:37.294070 685523 ImuError.cpp:650] gyr saturation
W20250111 19:00:37.294075 685523 ImuError.cpp:650] gyr saturation
W20250111 19:00:37.294081 685523 ImuError.cpp:650] gyr saturation
W20250111 19:00:37.294088 685523 ImuError.cpp:650] gyr saturation
W20250111 19:00:37.294095 685523 ImuError.cpp:650] gyr saturation
W20250111 19:00:37.294100 685523 ImuError.cpp:650] gyr saturation
W20250111 19:00:37.294109 685523 ImuError.cpp:650] gyr saturation
W20250111 19:00:37.294116 685523 ImuError.cpp:650] gyr saturation
W20250111 19:00:37.310034 981497 ImuError.cpp:165] gyr saturation
W20250111 19:00:37.310104 981497 ImuError.cpp:165] gyr saturation
W20250111 19:00:37.310118 981497 ImuError.cpp:165] gyr saturation
W20250111 19:00:37.310129 981497 ImuError.cpp:165] gyr saturation
W20250111 19:00:37.310142 981497 ImuError.cpp:165] gyr saturation
W20250111 19:00:37.310153 981497 ImuError.cpp:165] gyr saturation
W20250111 19:00:37.310163 981497 ImuError.cpp:165] gyr saturation
W20250111 19:00:37.310174 981497 ImuError.cpp:165] gyr saturation
W20250111 19:00:37.310184 981497 ImuError.cpp:165] gyr saturation
W20250111 19:00:37.310194 981497 ImuError.cpp:165] gyr saturation
W20250111 19:00:37.310205 981497 ImuError.cpp:165] gyr saturation
W20250111 19:00:37.310215 981497 ImuError.cpp:165] gyr saturation
W20250111 19:00:37.310225 981497 ImuError.cpp:165] gyr saturation
W20250111 19:00:37.310236 981497 ImuError.cpp:165] gyr saturation
W20250111 19:00:37.310246 981497 ImuError.cpp:165] gyr saturation
W20250111 19:00:37.310531 981497 ImuError.cpp:165] gyr saturation
W20250111 19:00:37.310544 981497 ImuError.cpp:165] gyr saturation
W20250111 19:00:37.310555 981497 ImuError.cpp:165] gyr saturation
W20250111 19:00:37.310581 981497 ImuError.cpp:165] gyr saturation
W20250111 19:00:37.310595 981497 ImuError.cpp:165] gyr saturation
W20250111 19:00:37.310606 981497 ImuError.cpp:165] gyr saturation
W20250111 19:00:37.310616 981497 ImuError.cpp:165] gyr saturation
W20250111 19:00:37.310627 981497 ImuError.cpp:165] gyr saturation
W20250111 19:00:37.310637 981497 ImuError.cpp:165] gyr saturation
W20250111 19:00:37.310648 981497 ImuError.cpp:165] gyr saturation
W20250111 19:00:37.310658 981497 ImuError.cpp:165] gyr saturation
W20250111 19:00:37.310668 981497 ImuError.cpp:165] gyr saturation
W20250111 19:00:37.310679 981497 ImuError.cpp:165] gyr saturation
W20250111 19:00:37.310689 981497 ImuError.cpp:165] gyr saturation
W20250111 19:00:37.310699 981497 ImuError.cpp:165] gyr saturation
W20250111 19:00:37.311652 685523 ImuError.cpp:650] gyr saturation
W20250111 19:00:37.311672 685523 ImuError.cpp:650] gyr saturation
W20250111 19:00:37.311677 685523 ImuError.cpp:650] gyr saturation
W20250111 19:00:37.311684 685523 ImuError.cpp:650] gyr saturation
W20250111 19:00:37.311691 685523 ImuError.cpp:650] gyr saturation
W20250111 19:00:37.311697 685523 ImuError.cpp:650] gyr saturation
W20250111 19:00:37.311702 685523 ImuError.cpp:650] gyr saturation
W20250111 19:00:37.311707 685523 ImuError.cpp:650] gyr saturation
W20250111 19:00:37.311712 685523 ImuError.cpp:650] gyr saturation
W20250111 19:00:37.311717 685523 ImuError.cpp:650] gyr saturation
W20250111 19:00:37.311722 685523 ImuError.cpp:650] gyr saturation
W20250111 19:00:37.311726 685523 ImuError.cpp:650] gyr saturation
W20250111 19:00:37.311733 685523 ImuError.cpp:650] gyr saturation
W20250111 19:00:37.311736 685523 ImuError.cpp:650] gyr saturation
W20250111 19:00:37.311741 685523 ImuError.cpp:650] gyr saturation
W20250111 19:00:37.311746 685523 ImuError.cpp:650] gyr saturation
W20250111 19:00:37.311751 685523 ImuError.cpp:650] gyr saturation
W20250111 19:00:37.311756 685523 ImuError.cpp:650] gyr saturation
W20250111 19:00:37.311761 685523 ImuError.cpp:650] gyr saturation
W20250111 19:00:37.311766 685523 ImuError.cpp:650] gyr saturation
W20250111 19:00:37.311771 685523 ImuError.cpp:650] gyr saturation
W20250111 19:00:37.311776 685523 ImuError.cpp:650] gyr saturation
W20250111 19:00:37.311781 685523 ImuError.cpp:650] gyr saturation
W20250111 19:00:37.311786 685523 ImuError.cpp:650] gyr saturation
W20250111 19:00:37.311791 685523 ImuError.cpp:650] gyr saturation
W20250111 19:00:37.311796 685523 ImuError.cpp:650] gyr saturation
W20250111 19:00:37.311801 685523 ImuError.cpp:650] gyr saturation
W20250111 19:00:37.311806 685523 ImuError.cpp:650] gyr saturation
W20250111 19:00:37.311811 685523 ImuError.cpp:650] gyr saturation
W20250111 19:00:37.311816 685523 ImuError.cpp:650] gyr saturation
W20250111 19:00:37.311828 685523 ImuError.cpp:650] gyr saturation
W20250111 19:00:37.311834 685523 ImuError.cpp:650] gyr saturation
W20250111 19:00:37.311839 685523 ImuError.cpp:650] gyr saturation
W20250111 19:00:37.311846 685523 ImuError.cpp:650] gyr saturation
W20250111 19:00:37.311851 685523 ImuError.cpp:650] gyr saturation
W20250111 19:00:37.311928 685523 ImuError.cpp:650] gyr saturation
W20250111 19:00:37.311935 685523 ImuError.cpp:650] gyr saturation
W20250111 19:00:37.311941 685523 ImuError.cpp:650] gyr saturation
W20250111 19:00:37.311946 685523 ImuError.cpp:650] gyr saturation
W20250111 19:00:37.311951 685523 ImuError.cpp:650] gyr saturation
W20250111 19:00:37.311956 685523 ImuError.cpp:650] gyr saturation
W20250111 19:00:37.311961 685523 ImuError.cpp:650] gyr saturation
W20250111 19:00:37.311966 685523 ImuError.cpp:650] gyr saturation
W20250111 19:00:37.311971 685523 ImuError.cpp:650] gyr saturation
W20250111 19:00:37.311976 685523 ImuError.cpp:650] gyr saturation
W20250111 19:00:37.311981 685523 ImuError.cpp:650] gyr saturation
W20250111 19:00:37.311986 685523 ImuError.cpp:650] gyr saturation
W20250111 19:00:37.311991 685523 ImuError.cpp:650] gyr saturation
W20250111 19:00:37.311997 685523 ImuError.cpp:650] gyr saturation
W20250111 19:00:37.312002 685523 ImuError.cpp:650] gyr saturation
W20250111 19:00:37.312012 685523 ImuError.cpp:650] gyr saturation
W20250111 19:00:37.312017 685523 ImuError.cpp:650] gyr saturation
W20250111 19:00:37.312024 685523 ImuError.cpp:650] gyr saturation
W20250111 19:00:37.312029 685523 ImuError.cpp:650] gyr saturation
W20250111 19:00:37.312036 685523 ImuError.cpp:650] gyr saturation
W20250111 19:00:37.312041 685523 ImuError.cpp:650] gyr saturation
W20250111 19:00:37.312045 685523 ImuError.cpp:650] gyr saturation
W20250111 19:00:37.312052 685523 ImuError.cpp:650] gyr saturation
W20250111 19:00:37.312057 685523 ImuError.cpp:650] gyr saturation
W20250111 19:00:37.312067 685523 ImuError.cpp:650] gyr saturation
W20250111 19:00:37.312073 685523 ImuError.cpp:650] gyr saturation
W20250111 19:00:37.312078 685523 ImuError.cpp:650] gyr saturation
W20250111 19:00:37.312084 685523 ImuError.cpp:650] gyr saturation
W20250111 19:00:37.312089 685523 ImuError.cpp:650] gyr saturation
W20250111 19:00:37.312095 685523 ImuError.cpp:650] gyr saturation
W20250111 19:00:37.312103 685523 ImuError.cpp:650] gyr saturation
W20250111 19:00:37.312109 685523 ImuError.cpp:650] gyr saturation
W20250111 19:00:37.312114 685523 ImuError.cpp:650] gyr saturation
W20250111 19:00:37.312120 685523 ImuError.cpp:650] gyr saturation
W20250111 19:00:37.312127 685523 ImuError.cpp:650] gyr saturation
W20250111 19:00:37.318033 685537 ImuError.cpp:368] gyr saturation
W20250111 19:00:37.318120 685537 ImuError.cpp:368] gyr saturation
W20250111 19:00:37.318132 685537 ImuError.cpp:368] gyr saturation
W20250111 19:00:37.318143 685537 ImuError.cpp:368] gyr saturation
W20250111 19:00:37.318154 685537 ImuError.cpp:368] gyr saturation
W20250111 19:00:37.318166 685537 ImuError.cpp:368] gyr saturation
W20250111 19:00:37.318177 685537 ImuError.cpp:368] gyr saturation
W20250111 19:00:37.318189 685537 ImuError.cpp:368] gyr saturation
W20250111 19:00:37.318199 685537 ImuError.cpp:368] gyr saturation
W20250111 19:00:37.318210 685537 ImuError.cpp:368] gyr saturation
W20250111 19:00:37.318221 685537 ImuError.cpp:368] gyr saturation
W20250111 19:00:37.318231 685537 ImuError.cpp:368] gyr saturation
W20250111 19:00:37.318243 685537 ImuError.cpp:368] gyr saturation
W20250111 19:00:37.318253 685537 ImuError.cpp:368] gyr saturation
W20250111 19:00:37.318264 685537 ImuError.cpp:368] gyr saturation
W20250111 19:00:37.318274 685537 ImuError.cpp:368] gyr saturation
W20250111 19:00:37.318284 685537 ImuError.cpp:368] gyr saturation
W20250111 19:00:37.318295 685537 ImuError.cpp:368] gyr saturation
W20250111 19:00:37.318305 685537 ImuError.cpp:368] gyr saturation
W20250111 19:00:37.318315 685537 ImuError.cpp:368] gyr saturation
W20250111 19:00:37.318326 685537 ImuError.cpp:368] gyr saturation
W20250111 19:00:37.318336 685537 ImuError.cpp:368] gyr saturation
W20250111 19:00:37.318361 685537 ImuError.cpp:368] gyr saturation
W20250111 19:00:37.318373 685537 ImuError.cpp:368] gyr saturation
W20250111 19:00:37.318384 685537 ImuError.cpp:368] gyr saturation
W20250111 19:00:37.318394 685537 ImuError.cpp:368] gyr saturation
W20250111 19:00:37.318404 685537 ImuError.cpp:368] gyr saturation
W20250111 19:00:37.318415 685537 ImuError.cpp:368] gyr saturation
W20250111 19:00:37.318426 685537 ImuError.cpp:368] gyr saturation
W20250111 19:00:37.318436 685537 ImuError.cpp:368] gyr saturation
W20250111 19:00:37.318447 685537 ImuError.cpp:368] gyr saturation
W20250111 19:00:37.318457 685537 ImuError.cpp:368] gyr saturation
W20250111 19:00:37.318468 685537 ImuError.cpp:368] gyr saturation
W20250111 19:00:37.318478 685537 ImuError.cpp:368] gyr saturation
W20250111 19:00:37.318490 685537 ImuError.cpp:368] gyr saturation
W20250111 19:00:37.326371 685523 ImuError.cpp:650] gyr saturation
W20250111 19:00:37.326429 685523 ImuError.cpp:650] gyr saturation
W20250111 19:00:37.326438 685523 ImuError.cpp:650] gyr saturation
W20250111 19:00:37.326447 685523 ImuError.cpp:650] gyr saturation
W20250111 19:00:37.326452 685523 ImuError.cpp:650] gyr saturation
W20250111 19:00:37.326457 685523 ImuError.cpp:650] gyr saturation
W20250111 19:00:37.326467 685523 ImuError.cpp:650] gyr saturation
W20250111 19:00:37.326488 685523 ImuError.cpp:650] gyr saturation
W20250111 19:00:37.326494 685523 ImuError.cpp:650] gyr saturation
W20250111 19:00:37.326500 685523 ImuError.cpp:650] gyr saturation
W20250111 19:00:37.326509 685523 ImuError.cpp:650] gyr saturation
W20250111 19:00:37.326516 685523 ImuError.cpp:650] gyr saturation
W20250111 19:00:37.326524 685523 ImuError.cpp:650] gyr saturation
W20250111 19:00:37.326529 685523 ImuError.cpp:650] gyr saturation
W20250111 19:00:37.326535 685523 ImuError.cpp:650] gyr saturation
W20250111 19:00:37.326541 685523 ImuError.cpp:650] gyr saturation
W20250111 19:00:37.326547 685523 ImuError.cpp:650] gyr saturation
W20250111 19:00:37.326553 685523 ImuError.cpp:650] gyr saturation
W20250111 19:00:37.326560 685523 ImuError.cpp:650] gyr saturation
W20250111 19:00:37.326565 685523 ImuError.cpp:650] gyr saturation
W20250111 19:00:37.326572 685523 ImuError.cpp:650] gyr saturation
W20250111 19:00:37.326578 685523 ImuError.cpp:650] gyr saturation
W20250111 19:00:37.326584 685523 ImuError.cpp:650] gyr saturation
W20250111 19:00:37.326591 685523 ImuError.cpp:650] gyr saturation
W20250111 19:00:37.326596 685523 ImuError.cpp:650] gyr saturation
W20250111 19:00:37.326602 685523 ImuError.cpp:650] gyr saturation
W20250111 19:00:37.326608 685523 ImuError.cpp:650] gyr saturation
W20250111 19:00:37.326614 685523 ImuError.cpp:650] gyr saturation
W20250111 19:00:37.326620 685523 ImuError.cpp:650] gyr saturation
W20250111 19:00:37.326627 685523 ImuError.cpp:650] gyr saturation
W20250111 19:00:37.326633 685523 ImuError.cpp:650] gyr saturation
W20250111 19:00:37.326640 685523 ImuError.cpp:650] gyr saturation
W20250111 19:00:37.326647 685523 ImuError.cpp:650] gyr saturation
W20250111 19:00:37.326654 685523 ImuError.cpp:650] gyr saturation
W20250111 19:00:37.326660 685523 ImuError.cpp:650] gyr saturation
W20250111 19:00:37.326666 685523 ImuError.cpp:650] gyr saturation
W20250111 19:00:37.326673 685523 ImuError.cpp:650] gyr saturation
W20250111 19:00:37.326680 685523 ImuError.cpp:650] gyr saturation
W20250111 19:00:37.326686 685523 ImuError.cpp:650] gyr saturation
W20250111 19:00:37.326694 685523 ImuError.cpp:650] gyr saturation
W20250111 19:00:37.326700 685523 ImuError.cpp:650] gyr saturation
W20250111 19:00:37.326707 685523 ImuError.cpp:650] gyr saturation
W20250111 19:00:37.326714 685523 ImuError.cpp:650] gyr saturation
W20250111 19:00:37.326720 685523 ImuError.cpp:650] gyr saturation
W20250111 19:00:37.326726 685523 ImuError.cpp:650] gyr saturation
W20250111 19:00:37.326733 685523 ImuError.cpp:650] gyr saturation
W20250111 19:00:37.326740 685523 ImuError.cpp:650] gyr saturation
W20250111 19:00:37.326746 685523 ImuError.cpp:650] gyr saturation
W20250111 19:00:37.326753 685523 ImuError.cpp:650] gyr saturation
W20250111 19:00:37.326764 685523 ImuError.cpp:650] gyr saturation
W20250111 19:00:37.326772 685523 ImuError.cpp:650] gyr saturation
W20250111 19:00:37.326779 685523 ImuError.cpp:650] gyr saturation
W20250111 19:00:37.326786 685523 ImuError.cpp:650] gyr saturation
W20250111 19:00:37.326792 685523 ImuError.cpp:650] gyr saturation
W20250111 19:00:37.326799 685523 ImuError.cpp:650] gyr saturation
W20250111 19:00:37.344089 685523 ImuError.cpp:650] gyr saturation
W20250111 19:00:37.344143 685523 ImuError.cpp:650] gyr saturation
W20250111 19:00:37.344152 685523 ImuError.cpp:650] gyr saturation
W20250111 19:00:37.344159 685523 ImuError.cpp:650] gyr saturation
W20250111 19:00:37.344166 685523 ImuError.cpp:650] gyr saturation
W20250111 19:00:37.344170 685523 ImuError.cpp:650] gyr saturation
W20250111 19:00:37.344177 685523 ImuError.cpp:650] gyr saturation
W20250111 19:00:37.344182 685523 ImuError.cpp:650] gyr saturation
W20250111 19:00:37.344188 685523 ImuError.cpp:650] gyr saturation
W20250111 19:00:37.344194 685523 ImuError.cpp:650] gyr saturation
W20250111 19:00:37.344199 685523 ImuError.cpp:650] gyr saturation
W20250111 19:00:37.344205 685523 ImuError.cpp:650] gyr saturation
W20250111 19:00:37.344211 685523 ImuError.cpp:650] gyr saturation
W20250111 19:00:37.344218 685523 ImuError.cpp:650] gyr saturation
W20250111 19:00:37.344234 685523 ImuError.cpp:650] gyr saturation
W20250111 19:00:37.344241 685523 ImuError.cpp:650] gyr saturation
W20250111 19:00:37.344246 685523 ImuError.cpp:650] gyr saturation
W20250111 19:00:37.344252 685523 ImuError.cpp:650] gyr saturation
W20250111 19:00:37.344259 685523 ImuError.cpp:650] gyr saturation
W20250111 19:00:37.344264 685523 ImuError.cpp:650] gyr saturation
W20250111 19:00:37.344270 685523 ImuError.cpp:650] gyr saturation
W20250111 19:00:37.344347 685523 ImuError.cpp:650] gyr saturation
W20250111 19:00:37.344353 685523 ImuError.cpp:650] gyr saturation
W20250111 19:00:37.344358 685523 ImuError.cpp:650] gyr saturation
W20250111 19:00:37.344364 685523 ImuError.cpp:650] gyr saturation
W20250111 19:00:37.344372 685523 ImuError.cpp:650] gyr saturation
W20250111 19:00:37.344377 685523 ImuError.cpp:650] gyr saturation
W20250111 19:00:37.344383 685523 ImuError.cpp:650] gyr saturation
W20250111 19:00:37.344389 685523 ImuError.cpp:650] gyr saturation
W20250111 19:00:37.344395 685523 ImuError.cpp:650] gyr saturation
W20250111 19:00:37.344401 685523 ImuError.cpp:650] gyr saturation
W20250111 19:00:37.344408 685523 ImuError.cpp:650] gyr saturation
W20250111 19:00:37.344412 685523 ImuError.cpp:650] gyr saturation
W20250111 19:00:37.344419 685523 ImuError.cpp:650] gyr saturation
W20250111 19:00:37.344424 685523 ImuError.cpp:650] gyr saturation
W20250111 19:00:37.344429 685523 ImuError.cpp:650] gyr saturation
W20250111 19:00:37.344435 685523 ImuError.cpp:650] gyr saturation
W20250111 19:00:37.344441 685523 ImuError.cpp:650] gyr saturation
W20250111 19:00:37.344446 685523 ImuError.cpp:650] gyr saturation
W20250111 19:00:37.344452 685523 ImuError.cpp:650] gyr saturation
W20250111 19:00:37.344458 685523 ImuError.cpp:650] gyr saturation
W20250111 19:00:37.344463 685523 ImuError.cpp:650] gyr saturation
W20250111 19:00:37.349779 685536 ImuError.cpp:368] gyr saturation
W20250111 19:00:37.349867 685536 ImuError.cpp:368] gyr saturation
W20250111 19:00:37.349880 685536 ImuError.cpp:368] gyr saturation
W20250111 19:00:37.349893 685536 ImuError.cpp:368] gyr saturation
W20250111 19:00:37.349905 685536 ImuError.cpp:368] gyr saturation
W20250111 19:00:37.349915 685536 ImuError.cpp:368] gyr saturation
W20250111 19:00:37.349928 685536 ImuError.cpp:368] gyr saturation
W20250111 19:00:37.349939 685536 ImuError.cpp:368] gyr saturation
W20250111 19:00:37.349951 685536 ImuError.cpp:368] gyr saturation
W20250111 19:00:37.349961 685536 ImuError.cpp:368] gyr saturation
W20250111 19:00:37.349972 685536 ImuError.cpp:368] gyr saturation
W20250111 19:00:37.349982 685536 ImuError.cpp:368] gyr saturation
W20250111 19:00:37.349993 685536 ImuError.cpp:368] gyr saturation
W20250111 19:00:37.350003 685536 ImuError.cpp:368] gyr saturation
W20250111 19:00:37.350025 685536 ImuError.cpp:368] gyr saturation
W20250111 19:00:37.350036 685536 ImuError.cpp:368] gyr saturation
W20250111 19:00:37.350047 685536 ImuError.cpp:368] gyr saturation
W20250111 19:00:37.350057 685536 ImuError.cpp:368] gyr saturation
W20250111 19:00:37.350068 685536 ImuError.cpp:368] gyr saturation
W20250111 19:00:37.350080 685536 ImuError.cpp:368] gyr saturation
W20250111 19:00:37.350090 685536 ImuError.cpp:368] gyr saturation
W20250111 19:00:37.357488 685523 ImuError.cpp:650] gyr saturation
W20250111 19:00:37.357546 685523 ImuError.cpp:650] gyr saturation
W20250111 19:00:37.357555 685523 ImuError.cpp:650] gyr saturation
W20250111 19:00:37.357561 685523 ImuError.cpp:650] gyr saturation
W20250111 19:00:37.357568 685523 ImuError.cpp:650] gyr saturation
W20250111 19:00:37.357573 685523 ImuError.cpp:650] gyr saturation
W20250111 19:00:37.357583 685523 ImuError.cpp:650] gyr saturation
W20250111 19:00:37.357589 685523 ImuError.cpp:650] gyr saturation
W20250111 19:00:37.357595 685523 ImuError.cpp:650] gyr saturation
W20250111 19:00:37.357601 685523 ImuError.cpp:650] gyr saturation
W20250111 19:00:37.357606 685523 ImuError.cpp:650] gyr saturation
W20250111 19:00:37.357612 685523 ImuError.cpp:650] gyr saturation
W20250111 19:00:37.357618 685523 ImuError.cpp:650] gyr saturation
W20250111 19:00:37.357625 685523 ImuError.cpp:650] gyr saturation
W20250111 19:00:37.357645 685523 ImuError.cpp:650] gyr saturation
W20250111 19:00:37.357651 685523 ImuError.cpp:650] gyr saturation
W20250111 19:00:37.357657 685523 ImuError.cpp:650] gyr saturation
W20250111 19:00:37.357663 685523 ImuError.cpp:650] gyr saturation
W20250111 19:00:37.357669 685523 ImuError.cpp:650] gyr saturation
W20250111 19:00:37.357676 685523 ImuError.cpp:650] gyr saturation
W20250111 19:00:37.357681 685523 ImuError.cpp:650] gyr saturation
W20250111 19:00:37.371119 981629 ImuError.cpp:165] gyr saturation
W20250111 19:00:37.371171 981629 ImuError.cpp:165] gyr saturation
W20250111 19:00:37.371181 981629 ImuError.cpp:165] gyr saturation
W20250111 19:00:37.371189 981629 ImuError.cpp:165] gyr saturation
W20250111 19:00:37.371201 981629 ImuError.cpp:165] gyr saturation
W20250111 19:00:37.371208 981629 ImuError.cpp:165] gyr saturation
W20250111 19:00:37.371220 981629 ImuError.cpp:165] gyr saturation
W20250111 19:00:37.371232 981629 ImuError.cpp:165] gyr saturation
W20250111 19:00:37.371239 981629 ImuError.cpp:165] gyr saturation
W20250111 19:00:37.371248 981629 ImuError.cpp:165] gyr saturation
W20250111 19:00:37.371255 981629 ImuError.cpp:165] gyr saturation
W20250111 19:00:37.371263 981629 ImuError.cpp:165] gyr saturation
W20250111 19:00:37.371274 981629 ImuError.cpp:165] gyr saturation
W20250111 19:00:37.371284 981629 ImuError.cpp:165] gyr saturation
W20250111 19:00:37.371292 981629 ImuError.cpp:165] gyr saturation
W20250111 19:00:37.371301 981629 ImuError.cpp:165] gyr saturation
W20250111 19:00:37.371309 981629 ImuError.cpp:165] gyr saturation
W20250111 19:00:37.371317 981629 ImuError.cpp:165] gyr saturation
W20250111 19:00:37.371328 981629 ImuError.cpp:165] gyr saturation
W20250111 19:00:37.371336 981629 ImuError.cpp:165] gyr saturation
W20250111 19:00:37.371344 981629 ImuError.cpp:165] gyr saturation
W20250111 19:00:37.371351 981629 ImuError.cpp:165] gyr saturation
W20250111 19:00:37.371359 981629 ImuError.cpp:165] gyr saturation
W20250111 19:00:37.371367 981629 ImuError.cpp:165] gyr saturation
W20250111 19:00:37.371376 981629 ImuError.cpp:165] gyr saturation
W20250111 19:00:37.371383 981629 ImuError.cpp:165] gyr saturation
W20250111 19:00:37.371392 981629 ImuError.cpp:165] gyr saturation
W20250111 19:00:37.371399 981629 ImuError.cpp:165] gyr saturation
W20250111 19:00:37.371407 981629 ImuError.cpp:165] gyr saturation
W20250111 19:00:37.371415 981629 ImuError.cpp:165] gyr saturation
W20250111 19:00:37.371424 981629 ImuError.cpp:165] gyr saturation
W20250111 19:00:37.371433 981629 ImuError.cpp:165] gyr saturation
W20250111 19:00:37.371440 981629 ImuError.cpp:165] gyr saturation
W20250111 19:00:37.371448 981629 ImuError.cpp:165] gyr saturation
W20250111 19:00:37.371676 981629 ImuError.cpp:165] gyr saturation
W20250111 19:00:37.371686 981629 ImuError.cpp:165] gyr saturation
W20250111 19:00:37.371695 981629 ImuError.cpp:165] gyr saturation
W20250111 19:00:37.371703 981629 ImuError.cpp:165] gyr saturation
W20250111 19:00:37.371711 981629 ImuError.cpp:165] gyr saturation
W20250111 19:00:37.371721 981629 ImuError.cpp:165] gyr saturation
W20250111 19:00:37.371727 981629 ImuError.cpp:165] gyr saturation
W20250111 19:00:37.371737 981629 ImuError.cpp:165] gyr saturation
W20250111 19:00:37.371744 981629 ImuError.cpp:165] gyr saturation
W20250111 19:00:37.371753 981629 ImuError.cpp:165] gyr saturation
W20250111 19:00:37.371760 981629 ImuError.cpp:165] gyr saturation
W20250111 19:00:37.371768 981629 ImuError.cpp:165] gyr saturation
W20250111 19:00:37.371776 981629 ImuError.cpp:165] gyr saturation
W20250111 19:00:37.371784 981629 ImuError.cpp:165] gyr saturation
W20250111 19:00:37.371793 981629 ImuError.cpp:165] gyr saturation
W20250111 19:00:37.371801 981629 ImuError.cpp:165] gyr saturation
W20250111 19:00:37.371809 981629 ImuError.cpp:165] gyr saturation
W20250111 19:00:37.371817 981629 ImuError.cpp:165] gyr saturation
W20250111 19:00:37.371829 981629 ImuError.cpp:165] gyr saturation
W20250111 19:00:37.371837 981629 ImuError.cpp:165] gyr saturation
W20250111 19:00:37.371846 981629 ImuError.cpp:165] gyr saturation
W20250111 19:00:37.371858 981629 ImuError.cpp:165] gyr saturation
W20250111 19:00:37.371867 981629 ImuError.cpp:165] gyr saturation
W20250111 19:00:37.371876 981629 ImuError.cpp:165] gyr saturation
W20250111 19:00:37.371883 981629 ImuError.cpp:165] gyr saturation
W20250111 19:00:37.371891 981629 ImuError.cpp:165] gyr saturation
W20250111 19:00:37.371901 981629 ImuError.cpp:165] gyr saturation
W20250111 19:00:37.371907 981629 ImuError.cpp:165] gyr saturation
W20250111 19:00:37.371915 981629 ImuError.cpp:165] gyr saturation
W20250111 19:00:37.371923 981629 ImuError.cpp:165] gyr saturation
W20250111 19:00:37.371932 981629 ImuError.cpp:165] gyr saturation
W20250111 19:00:37.371940 981629 ImuError.cpp:165] gyr saturation
W20250111 19:00:37.371949 981629 ImuError.cpp:165] gyr saturation
W20250111 19:00:37.371958 981629 ImuError.cpp:165] gyr saturation
W20250111 19:00:37.404031 981695 ImuError.cpp:165] gyr saturation
W20250111 19:00:37.404109 981695 ImuError.cpp:165] gyr saturation
W20250111 19:00:37.404124 981695 ImuError.cpp:165] gyr saturation
W20250111 19:00:37.404136 981695 ImuError.cpp:165] gyr saturation
W20250111 19:00:37.404146 981695 ImuError.cpp:165] gyr saturation
W20250111 19:00:37.404157 981695 ImuError.cpp:165] gyr saturation
W20250111 19:00:37.404167 981695 ImuError.cpp:165] gyr saturation
W20250111 19:00:37.404177 981695 ImuError.cpp:165] gyr saturation
W20250111 19:00:37.404187 981695 ImuError.cpp:165] gyr saturation
W20250111 19:00:37.404198 981695 ImuError.cpp:165] gyr saturation
W20250111 19:00:37.404208 981695 ImuError.cpp:165] gyr saturation
W20250111 19:00:37.404218 981695 ImuError.cpp:165] gyr saturation
W20250111 19:00:37.404229 981695 ImuError.cpp:165] gyr saturation
W20250111 19:00:37.404239 981695 ImuError.cpp:165] gyr saturation
W20250111 19:00:37.404249 981695 ImuError.cpp:165] gyr saturation
W20250111 19:00:37.404260 981695 ImuError.cpp:165] gyr saturation
W20250111 19:00:37.404270 981695 ImuError.cpp:165] gyr saturation
W20250111 19:00:37.404281 981695 ImuError.cpp:165] gyr saturation
W20250111 19:00:37.404291 981695 ImuError.cpp:165] gyr saturation
W20250111 19:00:37.404301 981695 ImuError.cpp:165] gyr saturation
W20250111 19:00:37.404312 981695 ImuError.cpp:165] gyr saturation
W20250111 19:00:37.404322 981695 ImuError.cpp:165] gyr saturation
W20250111 19:00:37.404332 981695 ImuError.cpp:165] gyr saturation
W20250111 19:00:37.404343 981695 ImuError.cpp:165] gyr saturation
W20250111 19:00:37.404353 981695 ImuError.cpp:165] gyr saturation
W20250111 19:00:37.404364 981695 ImuError.cpp:165] gyr saturation
W20250111 19:00:37.404374 981695 ImuError.cpp:165] gyr saturation
W20250111 19:00:37.404384 981695 ImuError.cpp:165] gyr saturation
W20250111 19:00:37.404407 981695 ImuError.cpp:165] gyr saturation
W20250111 19:00:37.404417 981695 ImuError.cpp:165] gyr saturation
W20250111 19:00:37.404428 981695 ImuError.cpp:165] gyr saturation
W20250111 19:00:37.404438 981695 ImuError.cpp:165] gyr saturation
W20250111 19:00:37.404448 981695 ImuError.cpp:165] gyr saturation
W20250111 19:00:37.404459 981695 ImuError.cpp:165] gyr saturation
W20250111 19:00:37.404469 981695 ImuError.cpp:165] gyr saturation
W20250111 19:00:37.404735 981695 ImuError.cpp:165] gyr saturation
W20250111 19:00:37.404750 981695 ImuError.cpp:165] gyr saturation
W20250111 19:00:37.404762 981695 ImuError.cpp:165] gyr saturation
W20250111 19:00:37.404771 981695 ImuError.cpp:165] gyr saturation
W20250111 19:00:37.404783 981695 ImuError.cpp:165] gyr saturation
W20250111 19:00:37.404793 981695 ImuError.cpp:165] gyr saturation
W20250111 19:00:37.404803 981695 ImuError.cpp:165] gyr saturation
W20250111 19:00:37.404814 981695 ImuError.cpp:165] gyr saturation
W20250111 19:00:37.404829 981695 ImuError.cpp:165] gyr saturation
W20250111 19:00:37.404839 981695 ImuError.cpp:165] gyr saturation
W20250111 19:00:37.404850 981695 ImuError.cpp:165] gyr saturation
W20250111 19:00:37.404860 981695 ImuError.cpp:165] gyr saturation
W20250111 19:00:37.404871 981695 ImuError.cpp:165] gyr saturation
W20250111 19:00:37.404881 981695 ImuError.cpp:165] gyr saturation
W20250111 19:00:37.404898 981695 ImuError.cpp:165] gyr saturation
W20250111 19:00:37.404909 981695 ImuError.cpp:165] gyr saturation
W20250111 19:00:37.404919 981695 ImuError.cpp:165] gyr saturation
W20250111 19:00:37.404930 981695 ImuError.cpp:165] gyr saturation
W20250111 19:00:37.404940 981695 ImuError.cpp:165] gyr saturation
W20250111 19:00:37.404951 981695 ImuError.cpp:165] gyr saturation
W20250111 19:00:37.404961 981695 ImuError.cpp:165] gyr saturation
W20250111 19:00:37.404971 981695 ImuError.cpp:165] gyr saturation
W20250111 19:00:37.404982 981695 ImuError.cpp:165] gyr saturation
W20250111 19:00:37.404992 981695 ImuError.cpp:165] gyr saturation
W20250111 19:00:37.405002 981695 ImuError.cpp:165] gyr saturation
W20250111 19:00:37.405014 981695 ImuError.cpp:165] gyr saturation
W20250111 19:00:37.405023 981695 ImuError.cpp:165] gyr saturation
W20250111 19:00:37.405033 981695 ImuError.cpp:165] gyr saturation
W20250111 19:00:37.405045 981695 ImuError.cpp:165] gyr saturation
W20250111 19:00:37.405054 981695 ImuError.cpp:165] gyr saturation
W20250111 19:00:37.405064 981695 ImuError.cpp:165] gyr saturation
W20250111 19:00:37.405076 981695 ImuError.cpp:165] gyr saturation
W20250111 19:00:37.405086 981695 ImuError.cpp:165] gyr saturation
W20250111 19:00:37.405095 981695 ImuError.cpp:165] gyr saturation
W20250111 19:00:37.405107 981695 ImuError.cpp:165] gyr saturation
W20250111 19:00:37.431867 981753 ImuError.cpp:165] gyr saturation
W20250111 19:00:37.431917 981753 ImuError.cpp:165] gyr saturation
W20250111 19:00:37.431928 981753 ImuError.cpp:165] gyr saturation
W20250111 19:00:37.431941 981753 ImuError.cpp:165] gyr saturation
W20250111 19:00:37.431948 981753 ImuError.cpp:165] gyr saturation
W20250111 19:00:37.431958 981753 ImuError.cpp:165] gyr saturation
W20250111 19:00:37.431967 981753 ImuError.cpp:165] gyr saturation
W20250111 19:00:37.431975 981753 ImuError.cpp:165] gyr saturation
W20250111 19:00:37.431983 981753 ImuError.cpp:165] gyr saturation
W20250111 19:00:37.431991 981753 ImuError.cpp:165] gyr saturation
W20250111 19:00:37.432000 981753 ImuError.cpp:165] gyr saturation
W20250111 19:00:37.432010 981753 ImuError.cpp:165] gyr saturation
W20250111 19:00:37.432018 981753 ImuError.cpp:165] gyr saturation
W20250111 19:00:37.432027 981753 ImuError.cpp:165] gyr saturation
W20250111 19:00:37.432035 981753 ImuError.cpp:165] gyr saturation
W20250111 19:00:37.432044 981753 ImuError.cpp:165] gyr saturation
W20250111 19:00:37.432054 981753 ImuError.cpp:165] gyr saturation
W20250111 19:00:37.432062 981753 ImuError.cpp:165] gyr saturation
W20250111 19:00:37.432071 981753 ImuError.cpp:165] gyr saturation
W20250111 19:00:37.432080 981753 ImuError.cpp:165] gyr saturation
W20250111 19:00:37.432094 981753 ImuError.cpp:165] gyr saturation
W20250111 19:00:37.432309 981753 ImuError.cpp:165] gyr saturation
W20250111 19:00:37.432319 981753 ImuError.cpp:165] gyr saturation
W20250111 19:00:37.432327 981753 ImuError.cpp:165] gyr saturation
W20250111 19:00:37.432336 981753 ImuError.cpp:165] gyr saturation
W20250111 19:00:37.432344 981753 ImuError.cpp:165] gyr saturation
W20250111 19:00:37.432353 981753 ImuError.cpp:165] gyr saturation
W20250111 19:00:37.432359 981753 ImuError.cpp:165] gyr saturation
W20250111 19:00:37.432368 981753 ImuError.cpp:165] gyr saturation
W20250111 19:00:37.432374 981753 ImuError.cpp:165] gyr saturation
W20250111 19:00:37.432384 981753 ImuError.cpp:165] gyr saturation
W20250111 19:00:37.432390 981753 ImuError.cpp:165] gyr saturation
W20250111 19:00:37.432397 981753 ImuError.cpp:165] gyr saturation
W20250111 19:00:37.432406 981753 ImuError.cpp:165] gyr saturation
W20250111 19:00:37.432415 981753 ImuError.cpp:165] gyr saturation
W20250111 19:00:37.432422 981753 ImuError.cpp:165] gyr saturation
W20250111 19:00:37.432430 981753 ImuError.cpp:165] gyr saturation
W20250111 19:00:37.432437 981753 ImuError.cpp:165] gyr saturation
W20250111 19:00:37.432446 981753 ImuError.cpp:165] gyr saturation
W20250111 19:00:37.432452 981753 ImuError.cpp:165] gyr saturation
W20250111 19:00:37.432461 981753 ImuError.cpp:165] gyr saturation
W20250111 19:00:37.432472 981753 ImuError.cpp:165] gyr saturation
I20250111 19:00:37.555119 685523 okvis_app_synchronous.cpp:210] OKVIS Timing
-----------
1 DetectAndDescribe                	   4754	00:00:09.286306	(00:00:00.001953 +- 00:00:00.000350)	[00:00:00.000974,00:00:00.003649]
2 Match                            	   4754	00:00:39.956291	(00:00:00.008405 +- 00:00:00.004224)	[00:00:00.000223,00:00:00.023579]
2.01 match to map                  	   4753	00:00:30.687883	(00:00:00.006457 +- 00:00:00.003807)	[00:00:00.000058,00:00:00.018395]
2.02 match motion stereo           	   4753	00:00:06.495715	(00:00:00.001367 +- 00:00:00.000452)	[00:00:00.000049,00:00:00.004207]
2.02.1 match motion stereo: prepare	   4753	00:00:01.489135	(00:00:00.000313 +- 00:00:00.000120)	[00:00:00.000001,00:00:00.001082]
2.10 match stereo                  	   1340	00:00:00.052580	(00:00:00.000039 +- 00:00:00.000044)	[00:00:00.000001,00:00:00.000382]
3 Optimise                         	   4753	00:01:21.104116	(00:00:00.017064 +- 00:00:00.010501)	[00:00:00.000864,00:00:00.081808]
4 Prepare publishing               	   4753	00:00:03.982543	(00:00:00.000838 +- 00:00:00.000316)	[00:00:00.000032,00:00:00.002233]
6 Visualising                      	   4753	00:00:00.001087	(00:00:00.000000 +- 00:00:00.000000)	[00:00:00.000000,00:00:00.000006]
7 Marginalise                      	   4753	00:00:08.527385	(00:00:00.001794 +- 00:00:00.000766)	[00:00:00.000004,00:00:00.007388]
7.1 check/handle lost              	   4753	00:00:00.140690	(00:00:00.000030 +- 00:00:00.000019)	[00:00:00.000000,00:00:00.000312]
7.2 eliminate IMU frames           	   4753	00:00:03.606757	(00:00:00.000759 +- 00:00:00.000551)	[00:00:00.000000,00:00:00.003837]
7.3 convert to posegraph           	   1615	00:00:01.382000	(00:00:00.000856 +- 00:00:00.000495)	[00:00:00.000098,00:00:00.004888]
7.4 freezing                       	   4752	00:00:00.005390	(00:00:00.000001 +- 00:00:00.000002)	[00:00:00.000000,00:00:00.000024]
7.6 expand                         	   4693	00:00:01.100995	(00:00:00.000235 +- 00:00:00.000144)	[00:00:00.000021,00:00:00.002384]
7.7 prune place recognition frames 	   4752	00:00:01.099511	(00:00:00.000231 +- 00:00:00.000118)	[00:00:00.000002,00:00:00.001139]
I20250111 19:00:37.555290 685523 okvis_app_synchronous.cpp:219] Progress: 88% (1 [1%/s], ETA: 12s)
W20250111 19:00:37.621033 685523 Frontend.cpp:612] 3d2d tracking weak: quality=0. Number of 3d2d-matches: 9
W20250111 19:00:37.643396 685523 Frontend.cpp:612] 3d2d tracking weak: quality=0. Number of 3d2d-matches: 5
W20250111 19:00:37.655630 982371 ViSlamBackend.cpp:466] TRACKING FAILURE: quality=0
W20250111 19:00:37.666146 685523 Frontend.cpp:612] 3d2d tracking weak: quality=0. Number of 3d2d-matches: 4
W20250111 19:00:37.676478 982429 ViSlamBackend.cpp:466] TRACKING FAILURE: quality=0
W20250111 19:00:37.677973 685523 Frontend.cpp:615] 3d2d tracking lost. Number of 3d2d-matches: 2
W20250111 19:00:37.700208 685523 Frontend.cpp:612] 3d2d tracking weak: quality=0. Number of 3d2d-matches: 5
W20250111 19:00:37.710184 982513 ViSlamBackend.cpp:466] TRACKING FAILURE: quality=0
W20250111 19:00:37.922034 685523 Frontend.cpp:612] 3d2d tracking weak: quality=0. Number of 3d2d-matches: 6
I20250111 19:00:37.939406 685523 Frontend.cpp:2274] RANSAC FAIL: 9 inliers, ratio = 0.818182
I20250111 19:00:37.958532 685523 Frontend.cpp:2274] RANSAC FAIL: 14 inliers, ratio = 0.7
I20250111 19:00:38.454560 685523 Frontend.cpp:2274] RANSAC FAIL: 8 inliers, ratio = 0.8
W20250111 19:00:38.478547 685523 Frontend.cpp:615] 3d2d tracking lost. Number of 3d2d-matches: 2
W20250111 19:00:38.493041 984865 ViSlamBackend.cpp:466] TRACKING FAILURE: quality=0
W20250111 19:00:38.495008 685523 Frontend.cpp:615] 3d2d tracking lost. Number of 3d2d-matches: 0
W20250111 19:00:38.510747 984931 ViSlamBackend.cpp:466] TRACKING FAILURE: quality=0
W20250111 19:00:38.512176 685523 Frontend.cpp:615] 3d2d tracking lost. Number of 3d2d-matches: 0
W20250111 19:00:38.526538 984949 ViSlamBackend.cpp:466] TRACKING FAILURE: quality=0
W20250111 19:00:38.527940 685523 Frontend.cpp:615] 3d2d tracking lost. Number of 3d2d-matches: 0
W20250111 19:00:38.542268 984959 ViSlamBackend.cpp:466] TRACKING FAILURE: quality=0
W20250111 19:00:38.543853 685523 Frontend.cpp:615] 3d2d tracking lost. Number of 3d2d-matches: 0
W20250111 19:00:38.556690 984977 ViSlamBackend.cpp:466] TRACKING FAILURE: quality=0
W20250111 19:00:38.558290 685523 Frontend.cpp:615] 3d2d tracking lost. Number of 3d2d-matches: 0
W20250111 19:00:38.564031 984995 ViSlamBackend.cpp:466] TRACKING FAILURE: quality=0
W20250111 19:00:38.565234 685523 Frontend.cpp:615] 3d2d tracking lost. Number of 3d2d-matches: 0
W20250111 19:00:38.574744 985013 ViSlamBackend.cpp:466] TRACKING FAILURE: quality=0
W20250111 19:00:38.576294 685523 Frontend.cpp:615] 3d2d tracking lost. Number of 3d2d-matches: 1
I20250111 19:00:38.669476 685523 okvis_app_synchronous.cpp:210] OKVIS Timing
-----------
1 DetectAndDescribe                	   4808	00:00:09.371239	(00:00:00.001949 +- 00:00:00.000350)	[00:00:00.000974,00:00:00.003649]
2 Match                            	   4808	00:00:40.510784	(00:00:00.008426 +- 00:00:00.004230)	[00:00:00.000223,00:00:00.023579]
2.01 match to map                  	   4807	00:00:31.170805	(00:00:00.006484 +- 00:00:00.003818)	[00:00:00.000058,00:00:00.018395]
2.02 match motion stereo           	   4807	00:00:06.550103	(00:00:00.001363 +- 00:00:00.000453)	[00:00:00.000049,00:00:00.004207]
2.02.1 match motion stereo: prepare	   4807	00:00:01.497707	(00:00:00.000312 +- 00:00:00.000121)	[00:00:00.000001,00:00:00.001082]
2.10 match stereo                  	   1359	00:00:00.052701	(00:00:00.000039 +- 00:00:00.000044)	[00:00:00.000001,00:00:00.000382]
3 Optimise                         	   4807	00:01:21.589629	(00:00:00.016973 +- 00:00:00.010481)	[00:00:00.000864,00:00:00.081808]
4 Prepare publishing               	   4807	00:00:04.004973	(00:00:00.000833 +- 00:00:00.000318)	[00:00:00.000032,00:00:00.002233]
6 Visualising                      	   4807	00:00:00.001105	(00:00:00.000000 +- 00:00:00.000000)	[00:00:00.000000,00:00:00.000006]
7 Marginalise                      	   4807	00:00:08.572559	(00:00:00.001783 +- 00:00:00.000769)	[00:00:00.000004,00:00:00.007388]
7.1 check/handle lost              	   4807	00:00:00.142307	(00:00:00.000030 +- 00:00:00.000019)	[00:00:00.000000,00:00:00.000312]
7.2 eliminate IMU frames           	   4807	00:00:03.628664	(00:00:00.000755 +- 00:00:00.000550)	[00:00:00.000000,00:00:00.003837]
7.3 convert to posegraph           	   1639	00:00:01.390205	(00:00:00.000848 +- 00:00:00.000495)	[00:00:00.000098,00:00:00.004888]
7.4 freezing                       	   4806	00:00:00.005464	(00:00:00.000001 +- 00:00:00.000002)	[00:00:00.000000,00:00:00.000024]
7.6 expand                         	   4747	00:00:01.105506	(00:00:00.000233 +- 00:00:00.000144)	[00:00:00.000021,00:00:00.002384]
7.7 prune place recognition frames 	   4806	00:00:01.103412	(00:00:00.000230 +- 00:00:00.000118)	[00:00:00.000002,00:00:00.001139]
I20250111 19:00:38.669562 685523 okvis_app_synchronous.cpp:219] Progress: 89% (1 [1%/s], ETA: 11s)
I20250111 19:00:40.222569 685523 okvis_app_synchronous.cpp:210] OKVIS Timing
-----------
1 DetectAndDescribe                	   4862	00:00:09.479191	(00:00:00.001950 +- 00:00:00.000350)	[00:00:00.000974,00:00:00.003649]
2 Match                            	   4862	00:00:40.930294	(00:00:00.008418 +- 00:00:00.004211)	[00:00:00.000223,00:00:00.023579]
2.01 match to map                  	   4861	00:00:31.513818	(00:00:00.006483 +- 00:00:00.003800)	[00:00:00.000058,00:00:00.018395]
2.02 match motion stereo           	   4861	00:00:06.604306	(00:00:00.001359 +- 00:00:00.000453)	[00:00:00.000049,00:00:00.004207]
2.02.1 match motion stereo: prepare	   4861	00:00:01.511717	(00:00:00.000311 +- 00:00:00.000120)	[00:00:00.000001,00:00:00.001082]
2.10 match stereo                  	   1363	00:00:00.052793	(00:00:00.000039 +- 00:00:00.000044)	[00:00:00.000001,00:00:00.000382]
3 Optimise                         	   4861	00:01:22.548175	(00:00:00.016982 +- 00:00:00.010426)	[00:00:00.000864,00:00:00.081808]
4 Prepare publishing               	   4861	00:00:04.054651	(00:00:00.000834 +- 00:00:00.000317)	[00:00:00.000032,00:00:00.002233]
6 Visualising                      	   4861	00:00:00.001123	(00:00:00.000000 +- 00:00:00.000000)	[00:00:00.000000,00:00:00.000006]
7 Marginalise                      	   4861	00:00:08.689110	(00:00:00.001788 +- 00:00:00.000768)	[00:00:00.000004,00:00:00.007388]
7.1 check/handle lost              	   4861	00:00:00.144333	(00:00:00.000030 +- 00:00:00.000019)	[00:00:00.000000,00:00:00.000312]
7.2 eliminate IMU frames           	   4861	00:00:03.690091	(00:00:00.000759 +- 00:00:00.000551)	[00:00:00.000000,00:00:00.003837]
7.3 convert to posegraph           	   1653	00:00:01.401175	(00:00:00.000848 +- 00:00:00.000494)	[00:00:00.000098,00:00:00.004888]
7.4 freezing                       	   4860	00:00:00.005517	(00:00:00.000001 +- 00:00:00.000002)	[00:00:00.000000,00:00:00.000024]
7.6 expand                         	   4801	00:00:01.119522	(00:00:00.000233 +- 00:00:00.000144)	[00:00:00.000021,00:00:00.002384]
7.7 prune place recognition frames 	   4860	00:00:01.117478	(00:00:00.000230 +- 00:00:00.000118)	[00:00:00.000002,00:00:00.001139]
I20250111 19:00:40.222687 685523 okvis_app_synchronous.cpp:219] Progress: 90% (1 [1%/s], ETA: 10s)
I20250111 19:00:41.994907 685523 okvis_app_synchronous.cpp:210] OKVIS Timing
-----------
1 DetectAndDescribe                	   4916	00:00:09.610727	(00:00:00.001955 +- 00:00:00.000353)	[00:00:00.000974,00:00:00.003649]
2 Match                            	   4916	00:00:41.392672	(00:00:00.008420 +- 00:00:00.004189)	[00:00:00.000223,00:00:00.023579]
2.01 match to map                  	   4915	00:00:31.885568	(00:00:00.006487 +- 00:00:00.003780)	[00:00:00.000058,00:00:00.018395]
2.02 match motion stereo           	   4915	00:00:06.666901	(00:00:00.001356 +- 00:00:00.000451)	[00:00:00.000049,00:00:00.004207]
2.02.1 match motion stereo: prepare	   4915	00:00:01.529927	(00:00:00.000311 +- 00:00:00.000120)	[00:00:00.000001,00:00:00.001082]
2.10 match stereo                  	   1370	00:00:00.053178	(00:00:00.000039 +- 00:00:00.000043)	[00:00:00.000001,00:00:00.000382]
3 Optimise                         	   4915	00:01:23.615930	(00:00:00.017012 +- 00:00:00.010378)	[00:00:00.000864,00:00:00.081808]
4 Prepare publishing               	   4915	00:00:04.129476	(00:00:00.000840 +- 00:00:00.000321)	[00:00:00.000032,00:00:00.002233]
6 Visualising                      	   4915	00:00:00.001142	(00:00:00.000000 +- 00:00:00.000000)	[00:00:00.000000,00:00:00.000006]
7 Marginalise                      	   4915	00:00:08.847265	(00:00:00.001800 +- 00:00:00.000775)	[00:00:00.000004,00:00:00.007388]
7.1 check/handle lost              	   4915	00:00:00.147401	(00:00:00.000030 +- 00:00:00.000020)	[00:00:00.000000,00:00:00.000312]
7.2 eliminate IMU frames           	   4915	00:00:03.778337	(00:00:00.000769 +- 00:00:00.000557)	[00:00:00.000000,00:00:00.003837]
7.3 convert to posegraph           	   1656	00:00:01.404416	(00:00:00.000848 +- 00:00:00.000494)	[00:00:00.000098,00:00:00.004888]
7.4 freezing                       	   4914	00:00:00.005545	(00:00:00.000001 +- 00:00:00.000002)	[00:00:00.000000,00:00:00.000024]
7.6 expand                         	   4855	00:00:01.138162	(00:00:00.000234 +- 00:00:00.000144)	[00:00:00.000021,00:00:00.002384]
7.7 prune place recognition frames 	   4914	00:00:01.141248	(00:00:00.000232 +- 00:00:00.000120)	[00:00:00.000002,00:00:00.001139]
I20250111 19:00:41.995013 685523 okvis_app_synchronous.cpp:219] Progress: 91% (1 [1%/s], ETA: 9s)
W20250111 19:00:43.206518 685523 ImuError.cpp:650] gyr saturation
W20250111 19:00:43.206557 685523 ImuError.cpp:650] gyr saturation
W20250111 19:00:43.206561 685523 ImuError.cpp:650] gyr saturation
W20250111 19:00:43.206564 685523 ImuError.cpp:650] gyr saturation
W20250111 19:00:43.230592 685523 ImuError.cpp:650] gyr saturation
W20250111 19:00:43.230628 685523 ImuError.cpp:650] gyr saturation
W20250111 19:00:43.230639 685523 ImuError.cpp:650] gyr saturation
W20250111 19:00:43.230645 685523 ImuError.cpp:650] gyr saturation
W20250111 19:00:43.230890 685523 ImuError.cpp:650] gyr saturation
W20250111 19:00:43.230898 685523 ImuError.cpp:650] gyr saturation
W20250111 19:00:43.230902 685523 ImuError.cpp:650] gyr saturation
W20250111 19:00:43.230906 685523 ImuError.cpp:650] gyr saturation
W20250111 19:00:43.234532 685523 ImuError.cpp:368] gyr saturation
W20250111 19:00:43.234571 685523 ImuError.cpp:368] gyr saturation
W20250111 19:00:43.234580 685523 ImuError.cpp:368] gyr saturation
W20250111 19:00:43.234589 685523 ImuError.cpp:368] gyr saturation
W20250111 19:00:43.239109 685523 ImuError.cpp:650] gyr saturation
W20250111 19:00:43.239141 685523 ImuError.cpp:650] gyr saturation
W20250111 19:00:43.239146 685523 ImuError.cpp:650] gyr saturation
W20250111 19:00:43.239151 685523 ImuError.cpp:650] gyr saturation
W20250111 19:00:43.239154 685523 ImuError.cpp:650] gyr saturation
W20250111 19:00:43.239158 685523 ImuError.cpp:650] gyr saturation
W20250111 19:00:43.239161 685523 ImuError.cpp:650] gyr saturation
W20250111 19:00:43.239166 685523 ImuError.cpp:650] gyr saturation
W20250111 19:00:43.239168 685523 ImuError.cpp:650] gyr saturation
W20250111 19:00:43.239172 685523 ImuError.cpp:650] gyr saturation
W20250111 19:00:43.239178 685523 ImuError.cpp:650] gyr saturation
W20250111 19:00:43.239182 685523 ImuError.cpp:650] gyr saturation
W20250111 19:00:43.239187 685523 ImuError.cpp:650] gyr saturation
W20250111 19:00:43.239190 685523 ImuError.cpp:650] gyr saturation
W20250111 19:00:43.239193 685523 ImuError.cpp:650] gyr saturation
W20250111 19:00:43.239197 685523 ImuError.cpp:650] gyr saturation
W20250111 19:00:43.239202 685523 ImuError.cpp:650] gyr saturation
W20250111 19:00:43.239205 685523 ImuError.cpp:650] gyr saturation
W20250111 19:00:43.239209 685523 ImuError.cpp:650] gyr saturation
W20250111 19:00:43.239212 685523 ImuError.cpp:650] gyr saturation
W20250111 19:00:43.239216 685523 ImuError.cpp:650] gyr saturation
W20250111 19:00:43.239220 685523 ImuError.cpp:650] gyr saturation
W20250111 19:00:43.239225 685523 ImuError.cpp:650] gyr saturation
W20250111 19:00:43.239229 685523 ImuError.cpp:650] gyr saturation
W20250111 19:00:43.239234 685523 ImuError.cpp:650] gyr saturation
W20250111 19:00:43.239238 685523 ImuError.cpp:650] gyr saturation
W20250111 19:00:43.239243 685523 ImuError.cpp:650] gyr saturation
W20250111 19:00:43.239246 685523 ImuError.cpp:650] gyr saturation
W20250111 19:00:43.239250 685523 ImuError.cpp:650] gyr saturation
W20250111 19:00:43.261135 685523 ImuError.cpp:650] gyr saturation
W20250111 19:00:43.261180 685523 ImuError.cpp:650] gyr saturation
W20250111 19:00:43.261183 685523 ImuError.cpp:650] gyr saturation
W20250111 19:00:43.261186 685523 ImuError.cpp:650] gyr saturation
W20250111 19:00:43.261189 685523 ImuError.cpp:650] gyr saturation
W20250111 19:00:43.261193 685523 ImuError.cpp:650] gyr saturation
W20250111 19:00:43.261197 685523 ImuError.cpp:650] gyr saturation
W20250111 19:00:43.261199 685523 ImuError.cpp:650] gyr saturation
W20250111 19:00:43.261204 685523 ImuError.cpp:650] gyr saturation
W20250111 19:00:43.261215 685523 ImuError.cpp:650] gyr saturation
W20250111 19:00:43.261219 685523 ImuError.cpp:650] gyr saturation
W20250111 19:00:43.261224 685523 ImuError.cpp:650] gyr saturation
W20250111 19:00:43.261226 685523 ImuError.cpp:650] gyr saturation
W20250111 19:00:43.261229 685523 ImuError.cpp:650] gyr saturation
W20250111 19:00:43.261232 685523 ImuError.cpp:650] gyr saturation
W20250111 19:00:43.261235 685523 ImuError.cpp:650] gyr saturation
W20250111 19:00:43.261238 685523 ImuError.cpp:650] gyr saturation
W20250111 19:00:43.261243 685523 ImuError.cpp:650] gyr saturation
W20250111 19:00:43.261247 685523 ImuError.cpp:650] gyr saturation
W20250111 19:00:43.261250 685523 ImuError.cpp:650] gyr saturation
W20250111 19:00:43.261253 685523 ImuError.cpp:650] gyr saturation
W20250111 19:00:43.261257 685523 ImuError.cpp:650] gyr saturation
W20250111 19:00:43.261260 685523 ImuError.cpp:650] gyr saturation
W20250111 19:00:43.261265 685523 ImuError.cpp:650] gyr saturation
W20250111 19:00:43.261268 685523 ImuError.cpp:650] gyr saturation
W20250111 19:00:43.261271 685523 ImuError.cpp:650] gyr saturation
W20250111 19:00:43.261440 685523 ImuError.cpp:650] gyr saturation
W20250111 19:00:43.261447 685523 ImuError.cpp:650] gyr saturation
W20250111 19:00:43.261451 685523 ImuError.cpp:650] gyr saturation
W20250111 19:00:43.261454 685523 ImuError.cpp:650] gyr saturation
W20250111 19:00:43.261457 685523 ImuError.cpp:650] gyr saturation
W20250111 19:00:43.261461 685523 ImuError.cpp:650] gyr saturation
W20250111 19:00:43.261464 685523 ImuError.cpp:650] gyr saturation
W20250111 19:00:43.261467 685523 ImuError.cpp:650] gyr saturation
W20250111 19:00:43.261471 685523 ImuError.cpp:650] gyr saturation
W20250111 19:00:43.261476 685523 ImuError.cpp:650] gyr saturation
W20250111 19:00:43.261478 685523 ImuError.cpp:650] gyr saturation
W20250111 19:00:43.261482 685523 ImuError.cpp:650] gyr saturation
W20250111 19:00:43.261487 685523 ImuError.cpp:650] gyr saturation
W20250111 19:00:43.261489 685523 ImuError.cpp:650] gyr saturation
W20250111 19:00:43.261494 685523 ImuError.cpp:650] gyr saturation
W20250111 19:00:43.261497 685523 ImuError.cpp:650] gyr saturation
W20250111 19:00:43.261502 685523 ImuError.cpp:650] gyr saturation
W20250111 19:00:43.261507 685523 ImuError.cpp:650] gyr saturation
W20250111 19:00:43.261510 685523 ImuError.cpp:650] gyr saturation
W20250111 19:00:43.261513 685523 ImuError.cpp:650] gyr saturation
W20250111 19:00:43.261516 685523 ImuError.cpp:650] gyr saturation
W20250111 19:00:43.261520 685523 ImuError.cpp:650] gyr saturation
W20250111 19:00:43.261524 685523 ImuError.cpp:650] gyr saturation
W20250111 19:00:43.261528 685523 ImuError.cpp:650] gyr saturation
W20250111 19:00:43.261533 685523 ImuError.cpp:650] gyr saturation
W20250111 19:00:43.261535 685523 ImuError.cpp:650] gyr saturation
W20250111 19:00:43.264585 685523 ImuError.cpp:368] gyr saturation
W20250111 19:00:43.264619 685523 ImuError.cpp:368] gyr saturation
W20250111 19:00:43.264626 685523 ImuError.cpp:368] gyr saturation
W20250111 19:00:43.264639 685523 ImuError.cpp:368] gyr saturation
W20250111 19:00:43.264647 685523 ImuError.cpp:368] gyr saturation
W20250111 19:00:43.264657 685523 ImuError.cpp:368] gyr saturation
W20250111 19:00:43.264669 685523 ImuError.cpp:368] gyr saturation
W20250111 19:00:43.264678 685523 ImuError.cpp:368] gyr saturation
W20250111 19:00:43.264688 685523 ImuError.cpp:368] gyr saturation
W20250111 19:00:43.264695 685523 ImuError.cpp:368] gyr saturation
W20250111 19:00:43.264703 685523 ImuError.cpp:368] gyr saturation
W20250111 19:00:43.264712 685523 ImuError.cpp:368] gyr saturation
W20250111 19:00:43.264720 685523 ImuError.cpp:368] gyr saturation
W20250111 19:00:43.264730 685523 ImuError.cpp:368] gyr saturation
W20250111 19:00:43.264739 685523 ImuError.cpp:368] gyr saturation
W20250111 19:00:43.264746 685523 ImuError.cpp:368] gyr saturation
W20250111 19:00:43.264755 685523 ImuError.cpp:368] gyr saturation
W20250111 19:00:43.264763 685523 ImuError.cpp:368] gyr saturation
W20250111 19:00:43.264771 685523 ImuError.cpp:368] gyr saturation
W20250111 19:00:43.264787 685523 ImuError.cpp:368] gyr saturation
W20250111 19:00:43.264796 685523 ImuError.cpp:368] gyr saturation
W20250111 19:00:43.264806 685523 ImuError.cpp:368] gyr saturation
W20250111 19:00:43.264813 685523 ImuError.cpp:368] gyr saturation
W20250111 19:00:43.264822 685523 ImuError.cpp:368] gyr saturation
W20250111 19:00:43.264832 685523 ImuError.cpp:368] gyr saturation
W20250111 19:00:43.264842 685523 ImuError.cpp:368] gyr saturation
W20250111 19:00:43.269383 685523 ImuError.cpp:650] gyr saturation
W20250111 19:00:43.269413 685523 ImuError.cpp:650] gyr saturation
W20250111 19:00:43.269418 685523 ImuError.cpp:650] gyr saturation
W20250111 19:00:43.269421 685523 ImuError.cpp:650] gyr saturation
W20250111 19:00:43.269424 685523 ImuError.cpp:650] gyr saturation
W20250111 19:00:43.269428 685523 ImuError.cpp:650] gyr saturation
W20250111 19:00:43.269433 685523 ImuError.cpp:650] gyr saturation
W20250111 19:00:43.269441 685523 ImuError.cpp:650] gyr saturation
W20250111 19:00:43.269445 685523 ImuError.cpp:650] gyr saturation
W20250111 19:00:43.269448 685523 ImuError.cpp:650] gyr saturation
W20250111 19:00:43.269452 685523 ImuError.cpp:650] gyr saturation
W20250111 19:00:43.269455 685523 ImuError.cpp:650] gyr saturation
W20250111 19:00:43.269459 685523 ImuError.cpp:650] gyr saturation
W20250111 19:00:43.269464 685523 ImuError.cpp:650] gyr saturation
W20250111 19:00:43.269467 685523 ImuError.cpp:650] gyr saturation
W20250111 19:00:43.269471 685523 ImuError.cpp:650] gyr saturation
W20250111 19:00:43.269474 685523 ImuError.cpp:650] gyr saturation
W20250111 19:00:43.269479 685523 ImuError.cpp:650] gyr saturation
W20250111 19:00:43.269481 685523 ImuError.cpp:650] gyr saturation
W20250111 19:00:43.269485 685523 ImuError.cpp:650] gyr saturation
W20250111 19:00:43.269488 685523 ImuError.cpp:650] gyr saturation
W20250111 19:00:43.269492 685523 ImuError.cpp:650] gyr saturation
W20250111 19:00:43.269496 685523 ImuError.cpp:650] gyr saturation
W20250111 19:00:43.269500 685523 ImuError.cpp:650] gyr saturation
W20250111 19:00:43.269503 685523 ImuError.cpp:650] gyr saturation
W20250111 19:00:43.269506 685523 ImuError.cpp:650] gyr saturation
W20250111 19:00:43.321229 993987 ImuError.cpp:165] gyr saturation
W20250111 19:00:43.321343 993987 ImuError.cpp:165] gyr saturation
W20250111 19:00:43.321358 993987 ImuError.cpp:165] gyr saturation
W20250111 19:00:43.321372 993987 ImuError.cpp:165] gyr saturation
W20250111 19:00:43.321761 993987 ImuError.cpp:165] gyr saturation
W20250111 19:00:43.321775 993987 ImuError.cpp:165] gyr saturation
W20250111 19:00:43.321785 993987 ImuError.cpp:165] gyr saturation
W20250111 19:00:43.321796 993987 ImuError.cpp:165] gyr saturation
I20250111 19:00:43.744657 685523 okvis_app_synchronous.cpp:210] OKVIS Timing
-----------
1 DetectAndDescribe                	   4970	00:00:09.715094	(00:00:00.001955 +- 00:00:00.000352)	[00:00:00.000974,00:00:00.003649]
2 Match                            	   4970	00:00:41.848334	(00:00:00.008420 +- 00:00:00.004168)	[00:00:00.000223,00:00:00.023579]
2.01 match to map                  	   4969	00:00:32.238623	(00:00:00.006488 +- 00:00:00.003761)	[00:00:00.000058,00:00:00.018395]
2.02 match motion stereo           	   4969	00:00:06.737912	(00:00:00.001356 +- 00:00:00.000450)	[00:00:00.000049,00:00:00.004207]
2.02.1 match motion stereo: prepare	   4969	00:00:01.548552	(00:00:00.000312 +- 00:00:00.000120)	[00:00:00.000001,00:00:00.001082]
2.10 match stereo                  	   1385	00:00:00.053971	(00:00:00.000039 +- 00:00:00.000043)	[00:00:00.000001,00:00:00.000382]
3 Optimise                         	   4969	00:01:24.681938	(00:00:00.017042 +- 00:00:00.010329)	[00:00:00.000864,00:00:00.081808]
4 Prepare publishing               	   4969	00:00:04.198765	(00:00:00.000845 +- 00:00:00.000324)	[00:00:00.000032,00:00:00.002233]
6 Visualising                      	   4969	00:00:00.001160	(00:00:00.000000 +- 00:00:00.000000)	[00:00:00.000000,00:00:00.000006]
7 Marginalise                      	   4969	00:00:08.995685	(00:00:00.001810 +- 00:00:00.000781)	[00:00:00.000004,00:00:00.007388]
7.1 check/handle lost              	   4969	00:00:00.149768	(00:00:00.000030 +- 00:00:00.000020)	[00:00:00.000000,00:00:00.000312]
7.2 eliminate IMU frames           	   4969	00:00:03.832886	(00:00:00.000771 +- 00:00:00.000560)	[00:00:00.000000,00:00:00.003837]
7.3 convert to posegraph           	   1677	00:00:01.437126	(00:00:00.000857 +- 00:00:00.000501)	[00:00:00.000098,00:00:00.004888]
7.4 freezing                       	   4968	00:00:00.005640	(00:00:00.000001 +- 00:00:00.000002)	[00:00:00.000000,00:00:00.000024]
7.6 expand                         	   4909	00:00:01.157235	(00:00:00.000236 +- 00:00:00.000145)	[00:00:00.000021,00:00:00.002384]
7.7 prune place recognition frames 	   4968	00:00:01.161644	(00:00:00.000234 +- 00:00:00.000121)	[00:00:00.000002,00:00:00.001139]
I20250111 19:00:43.744764 685523 okvis_app_synchronous.cpp:219] Progress: 92% (1 [1%/s], ETA: 8s)
I20250111 19:00:45.486752 685523 okvis_app_synchronous.cpp:210] OKVIS Timing
-----------
1 DetectAndDescribe                	   5024	00:00:09.808818	(00:00:00.001952 +- 00:00:00.000352)	[00:00:00.000974,00:00:00.003649]
2 Match                            	   5024	00:00:42.289315	(00:00:00.008417 +- 00:00:00.004146)	[00:00:00.000223,00:00:00.023579]
2.01 match to map                  	   5023	00:00:32.591688	(00:00:00.006488 +- 00:00:00.003741)	[00:00:00.000058,00:00:00.018395]
2.02 match motion stereo           	   5023	00:00:06.798116	(00:00:00.001353 +- 00:00:00.000449)	[00:00:00.000049,00:00:00.004207]
2.02.1 match motion stereo: prepare	   5023	00:00:01.565101	(00:00:00.000312 +- 00:00:00.000119)	[00:00:00.000001,00:00:00.001082]
2.10 match stereo                  	   1390	00:00:00.054258	(00:00:00.000039 +- 00:00:00.000043)	[00:00:00.000001,00:00:00.000382]
3 Optimise                         	   5023	00:01:25.768667	(00:00:00.017075 +- 00:00:00.010282)	[00:00:00.000864,00:00:00.081808]
4 Prepare publishing               	   5023	00:00:04.266788	(00:00:00.000849 +- 00:00:00.000326)	[00:00:00.000032,00:00:00.002233]
6 Visualising                      	   5023	00:00:00.001181	(00:00:00.000000 +- 00:00:00.000000)	[00:00:00.000000,00:00:00.000006]
7 Marginalise                      	   5023	00:00:09.131797	(00:00:00.001818 +- 00:00:00.000782)	[00:00:00.000004,00:00:00.007388]
7.1 check/handle lost              	   5023	00:00:00.152088	(00:00:00.000030 +- 00:00:00.000020)	[00:00:00.000000,00:00:00.000312]
7.2 eliminate IMU frames           	   5023	00:00:03.906029	(00:00:00.000778 +- 00:00:00.000563)	[00:00:00.000000,00:00:00.003837]
7.3 convert to posegraph           	   1682	00:00:01.443052	(00:00:00.000858 +- 00:00:00.000501)	[00:00:00.000098,00:00:00.004888]
7.4 freezing                       	   5022	00:00:00.005671	(00:00:00.000001 +- 00:00:00.000002)	[00:00:00.000000,00:00:00.000024]
7.6 expand                         	   4963	00:00:01.173172	(00:00:00.000236 +- 00:00:00.000145)	[00:00:00.000021,00:00:00.002384]
7.7 prune place recognition frames 	   5022	00:00:01.182059	(00:00:00.000235 +- 00:00:00.000121)	[00:00:00.000002,00:00:00.001139]
I20250111 19:00:45.486827 685523 okvis_app_synchronous.cpp:219] Progress: 93% (1 [1%/s], ETA: 7s)
I20250111 19:00:46.697139 685523 Frontend.cpp:2274] RANSAC FAIL: 10 inliers, ratio = 0.555556
W20250111 19:00:46.751876 685523 Frontend.cpp:612] 3d2d tracking weak: quality=0. Number of 3d2d-matches: 7
W20250111 19:00:46.764056 1000887 ViSlamBackend.cpp:466] TRACKING FAILURE: quality=0
W20250111 19:00:46.766165 685523 Frontend.cpp:615] 3d2d tracking lost. Number of 3d2d-matches: 2
W20250111 19:00:46.777217 1000953 ViSlamBackend.cpp:466] TRACKING FAILURE: quality=0
W20250111 19:00:46.778681 685523 Frontend.cpp:615] 3d2d tracking lost. Number of 3d2d-matches: 1
W20250111 19:00:46.788468 1000987 ViSlamBackend.cpp:466] TRACKING FAILURE: quality=0
W20250111 19:00:46.789455 685523 Frontend.cpp:615] 3d2d tracking lost. Number of 3d2d-matches: 0
W20250111 19:00:46.804996 1000997 ViSlamBackend.cpp:466] TRACKING FAILURE: quality=0
W20250111 19:00:46.805842 685523 Frontend.cpp:615] 3d2d tracking lost. Number of 3d2d-matches: 0
W20250111 19:00:46.821213 1000999 ViSlamBackend.cpp:466] TRACKING FAILURE: quality=0
W20250111 19:00:46.822346 685523 Frontend.cpp:615] 3d2d tracking lost. Number of 3d2d-matches: 0
W20250111 19:00:46.831569 1001001 ViSlamBackend.cpp:466] TRACKING FAILURE: quality=0
W20250111 19:00:46.832492 685523 Frontend.cpp:615] 3d2d tracking lost. Number of 3d2d-matches: 0
W20250111 19:00:46.848297 1001003 ViSlamBackend.cpp:466] TRACKING FAILURE: quality=0
W20250111 19:00:46.849550 685523 Frontend.cpp:615] 3d2d tracking lost. Number of 3d2d-matches: 0
W20250111 19:00:46.864734 1001013 ViSlamBackend.cpp:466] TRACKING FAILURE: quality=0
W20250111 19:00:46.866076 685523 Frontend.cpp:615] 3d2d tracking lost. Number of 3d2d-matches: 0
W20250111 19:00:46.881354 1001023 ViSlamBackend.cpp:466] TRACKING FAILURE: quality=0
W20250111 19:00:46.882663 685523 Frontend.cpp:615] 3d2d tracking lost. Number of 3d2d-matches: 0
W20250111 19:00:46.898084 1001033 ViSlamBackend.cpp:466] TRACKING FAILURE: quality=0
W20250111 19:00:46.899652 685523 Frontend.cpp:615] 3d2d tracking lost. Number of 3d2d-matches: 0
I20250111 19:00:46.900326 685523 okvis_app_synchronous.cpp:210] OKVIS Timing
-----------
1 DetectAndDescribe                	   5078	00:00:09.879879	(00:00:00.001946 +- 00:00:00.000357)	[00:00:00.000901,00:00:00.003649]
2 Match                            	   5078	00:00:42.634220	(00:00:00.008396 +- 00:00:00.004140)	[00:00:00.000223,00:00:00.023579]
2.01 match to map                  	   5077	00:00:32.868532	(00:00:00.006474 +- 00:00:00.003732)	[00:00:00.000058,00:00:00.018395]
2.02 match motion stereo           	   5077	00:00:06.844160	(00:00:00.001348 +- 00:00:00.000450)	[00:00:00.000049,00:00:00.004207]
2.02.1 match motion stereo: prepare	   5077	00:00:01.577961	(00:00:00.000311 +- 00:00:00.000119)	[00:00:00.000001,00:00:00.001082]
2.10 match stereo                  	   1396	00:00:00.054359	(00:00:00.000039 +- 00:00:00.000043)	[00:00:00.000001,00:00:00.000382]
3 Optimise                         	   5077	00:01:26.668747	(00:00:00.017071 +- 00:00:00.010234)	[00:00:00.000864,00:00:00.081808]
4 Prepare publishing               	   5077	00:00:04.319152	(00:00:00.000851 +- 00:00:00.000325)	[00:00:00.000032,00:00:00.002233]
6 Visualising                      	   5077	00:00:00.001200	(00:00:00.000000 +- 00:00:00.000000)	[00:00:00.000000,00:00:00.000006]
7 Marginalise                      	   5077	00:00:09.238642	(00:00:00.001820 +- 00:00:00.000780)	[00:00:00.000004,00:00:00.007388]
7.1 check/handle lost              	   5077	00:00:00.154648	(00:00:00.000030 +- 00:00:00.000020)	[00:00:00.000000,00:00:00.000312]
7.2 eliminate IMU frames           	   5077	00:00:03.964047	(00:00:00.000781 +- 00:00:00.000563)	[00:00:00.000000,00:00:00.003837]
7.3 convert to posegraph           	   1688	00:00:01.448747	(00:00:00.000858 +- 00:00:00.000500)	[00:00:00.000098,00:00:00.004888]
7.4 freezing                       	   5076	00:00:00.005709	(00:00:00.000001 +- 00:00:00.000002)	[00:00:00.000000,00:00:00.000024]
7.6 expand                         	   5017	00:00:01.184418	(00:00:00.000236 +- 00:00:00.000144)	[00:00:00.000021,00:00:00.002384]
7.7 prune place recognition frames 	   5076	00:00:01.198265	(00:00:00.000236 +- 00:00:00.000121)	[00:00:00.000002,00:00:00.001139]
I20250111 19:00:46.900377 685523 okvis_app_synchronous.cpp:219] Progress: 94% (1 [1%/s], ETA: 6s)
I20250111 19:00:47.725265 685523 Frontend.cpp:2274] RANSAC FAIL: 35 inliers, ratio = 0.648148
I20250111 19:00:48.341909 685523 okvis_app_synchronous.cpp:210] OKVIS Timing
-----------
1 DetectAndDescribe                	   5132	00:00:09.963061	(00:00:00.001941 +- 00:00:00.000360)	[00:00:00.000901,00:00:00.003649]
2 Match                            	   5132	00:00:43.028368	(00:00:00.008384 +- 00:00:00.004124)	[00:00:00.000223,00:00:00.023579]
2.01 match to map                  	   5131	00:00:33.180122	(00:00:00.006467 +- 00:00:00.003716)	[00:00:00.000058,00:00:00.018395]
2.02 match motion stereo           	   5131	00:00:06.903532	(00:00:00.001345 +- 00:00:00.000452)	[00:00:00.000049,00:00:00.004207]
2.02.1 match motion stereo: prepare	   5131	00:00:01.591235	(00:00:00.000310 +- 00:00:00.000119)	[00:00:00.000001,00:00:00.001082]
2.10 match stereo                  	   1415	00:00:00.054990	(00:00:00.000039 +- 00:00:00.000043)	[00:00:00.000001,00:00:00.000382]
3 Optimise                         	   5131	00:01:27.568342	(00:00:00.017067 +- 00:00:00.010186)	[00:00:00.000864,00:00:00.081808]
4 Prepare publishing               	   5131	00:00:04.365385	(00:00:00.000851 +- 00:00:00.000326)	[00:00:00.000032,00:00:00.002233]
6 Visualising                      	   5131	00:00:00.001217	(00:00:00.000000 +- 00:00:00.000000)	[00:00:00.000000,00:00:00.000006]
7 Marginalise                      	   5131	00:00:09.330130	(00:00:00.001818 +- 00:00:00.000780)	[00:00:00.000004,00:00:00.007388]
7.1 check/handle lost              	   5131	00:00:00.156088	(00:00:00.000030 +- 00:00:00.000020)	[00:00:00.000000,00:00:00.000312]
7.2 eliminate IMU frames           	   5131	00:00:04.001798	(00:00:00.000780 +- 00:00:00.000563)	[00:00:00.000000,00:00:00.003837]
7.3 convert to posegraph           	   1706	00:00:01.465318	(00:00:00.000859 +- 00:00:00.000500)	[00:00:00.000098,00:00:00.004888]
7.4 freezing                       	   5130	00:00:00.005791	(00:00:00.000001 +- 00:00:00.000002)	[00:00:00.000000,00:00:00.000024]
7.6 expand                         	   5071	00:00:01.195985	(00:00:00.000236 +- 00:00:00.000144)	[00:00:00.000021,00:00:00.002384]
7.7 prune place recognition frames 	   5130	00:00:01.209121	(00:00:00.000236 +- 00:00:00.000121)	[00:00:00.000002,00:00:00.001139]
I20250111 19:00:48.342059 685523 okvis_app_synchronous.cpp:219] Progress: 95% (1 [1%/s], ETA: 5s)
I20250111 19:00:50.232386 685523 okvis_app_synchronous.cpp:210] OKVIS Timing
-----------
1 DetectAndDescribe                	   5186	00:00:10.090798	(00:00:00.001946 +- 00:00:00.000361)	[00:00:00.000901,00:00:00.003649]
2 Match                            	   5186	00:00:43.498905	(00:00:00.008388 +- 00:00:00.004104)	[00:00:00.000223,00:00:00.023579]
2.01 match to map                  	   5185	00:00:33.538240	(00:00:00.006468 +- 00:00:00.003697)	[00:00:00.000058,00:00:00.018395]
2.02 match motion stereo           	   5185	00:00:06.981868	(00:00:00.001347 +- 00:00:00.000451)	[00:00:00.000049,00:00:00.004207]
2.02.1 match motion stereo: prepare	   5185	00:00:01.611054	(00:00:00.000311 +- 00:00:00.000119)	[00:00:00.000001,00:00:00.001082]
2.10 match stereo                  	   1431	00:00:00.055840	(00:00:00.000039 +- 00:00:00.000043)	[00:00:00.000001,00:00:00.000382]
3 Optimise                         	   5185	00:01:28.756668	(00:00:00.017118 +- 00:00:00.010149)	[00:00:00.000864,00:00:00.081808]
4 Prepare publishing               	   5185	00:00:04.438997	(00:00:00.000856 +- 00:00:00.000329)	[00:00:00.000032,00:00:00.002233]
6 Visualising                      	   5185	00:00:00.001234	(00:00:00.000000 +- 00:00:00.000000)	[00:00:00.000000,00:00:00.000006]
7 Marginalise                      	   5185	00:00:09.477415	(00:00:00.001828 +- 00:00:00.000783)	[00:00:00.000004,00:00:00.007388]
7.1 check/handle lost              	   5185	00:00:00.158628	(00:00:00.000031 +- 00:00:00.000020)	[00:00:00.000000,00:00:00.000312]
7.2 eliminate IMU frames           	   5185	00:00:04.061891	(00:00:00.000783 +- 00:00:00.000567)	[00:00:00.000000,00:00:00.003837]
7.3 convert to posegraph           	   1723	00:00:01.487971	(00:00:00.000864 +- 00:00:00.000501)	[00:00:00.000098,00:00:00.004888]
7.4 freezing                       	   5184	00:00:00.005868	(00:00:00.000001 +- 00:00:00.000002)	[00:00:00.000000,00:00:00.000024]
7.6 expand                         	   5125	00:00:01.215169	(00:00:00.000237 +- 00:00:00.000144)	[00:00:00.000021,00:00:00.002384]
7.7 prune place recognition frames 	   5184	00:00:01.229902	(00:00:00.000237 +- 00:00:00.000122)	[00:00:00.000002,00:00:00.001139]
I20250111 19:00:50.232504 685523 okvis_app_synchronous.cpp:219] Progress: 96% (1 [1%/s], ETA: 4s)
I20250111 19:00:52.198644 685523 okvis_app_synchronous.cpp:210] OKVIS Timing
-----------
1 DetectAndDescribe                	   5240	00:00:10.195827	(00:00:00.001946 +- 00:00:00.000361)	[00:00:00.000901,00:00:00.003649]
2 Match                            	   5240	00:00:44.030634	(00:00:00.008403 +- 00:00:00.004087)	[00:00:00.000223,00:00:00.023579]
2.01 match to map                  	   5239	00:00:33.964336	(00:00:00.006483 +- 00:00:00.003683)	[00:00:00.000058,00:00:00.018395]
2.02 match motion stereo           	   5239	00:00:07.050299	(00:00:00.001346 +- 00:00:00.000449)	[00:00:00.000049,00:00:00.004207]
2.02.1 match motion stereo: prepare	   5239	00:00:01.632372	(00:00:00.000312 +- 00:00:00.000119)	[00:00:00.000001,00:00:00.001082]
2.10 match stereo                  	   1432	00:00:00.055904	(00:00:00.000039 +- 00:00:00.000043)	[00:00:00.000001,00:00:00.000382]
3 Optimise                         	   5239	00:01:29.905418	(00:00:00.017161 +- 00:00:00.010113)	[00:00:00.000864,00:00:00.081808]
4 Prepare publishing               	   5239	00:00:04.529589	(00:00:00.000865 +- 00:00:00.000339)	[00:00:00.000032,00:00:00.002233]
6 Visualising                      	   5239	00:00:00.001252	(00:00:00.000000 +- 00:00:00.000000)	[00:00:00.000000,00:00:00.000006]
7 Marginalise                      	   5239	00:00:09.661267	(00:00:00.001844 +- 00:00:00.000797)	[00:00:00.000004,00:00:00.007388]
7.1 check/handle lost              	   5239	00:00:00.162452	(00:00:00.000031 +- 00:00:00.000020)	[00:00:00.000000,00:00:00.000312]
7.2 eliminate IMU frames           	   5239	00:00:04.162593	(00:00:00.000795 +- 00:00:00.000576)	[00:00:00.000000,00:00:00.003837]
7.3 convert to posegraph           	   1725	00:00:01.491273	(00:00:00.000865 +- 00:00:00.000501)	[00:00:00.000098,00:00:00.004888]
7.4 freezing                       	   5238	00:00:00.005891	(00:00:00.000001 +- 00:00:00.000002)	[00:00:00.000000,00:00:00.000024]
7.6 expand                         	   5179	00:00:01.237965	(00:00:00.000239 +- 00:00:00.000144)	[00:00:00.000021,00:00:00.002384]
7.7 prune place recognition frames 	   5238	00:00:01.257190	(00:00:00.000240 +- 00:00:00.000124)	[00:00:00.000002,00:00:00.001139]
I20250111 19:00:52.198750 685523 okvis_app_synchronous.cpp:219] Progress: 97% (1 [1%/s], ETA: 3s)
I20250111 19:00:54.081939 685523 okvis_app_synchronous.cpp:210] OKVIS Timing
-----------
1 DetectAndDescribe                	   5294	00:00:10.277737	(00:00:00.001941 +- 00:00:00.000362)	[00:00:00.000901,00:00:00.003649]
2 Match                            	   5294	00:00:44.530454	(00:00:00.008411 +- 00:00:00.004068)	[00:00:00.000223,00:00:00.023579]
2.01 match to map                  	   5293	00:00:34.363422	(00:00:00.006492 +- 00:00:00.003666)	[00:00:00.000058,00:00:00.018395]
2.02 match motion stereo           	   5293	00:00:07.113541	(00:00:00.001344 +- 00:00:00.000447)	[00:00:00.000049,00:00:00.004207]
2.02.1 match motion stereo: prepare	   5293	00:00:01.652139	(00:00:00.000312 +- 00:00:00.000119)	[00:00:00.000001,00:00:00.001082]
2.10 match stereo                  	   1432	00:00:00.055904	(00:00:00.000039 +- 00:00:00.000043)	[00:00:00.000001,00:00:00.000382]
3 Optimise                         	   5293	00:01:31.012712	(00:00:00.017195 +- 00:00:00.010073)	[00:00:00.000864,00:00:00.081808]
4 Prepare publishing               	   5293	00:00:04.618050	(00:00:00.000872 +- 00:00:00.000347)	[00:00:00.000032,00:00:00.002634]
6 Visualising                      	   5293	00:00:00.001272	(00:00:00.000000 +- 00:00:00.000000)	[00:00:00.000000,00:00:00.000006]
7 Marginalise                      	   5293	00:00:09.836736	(00:00:00.001858 +- 00:00:00.000806)	[00:00:00.000004,00:00:00.007388]
7.1 check/handle lost              	   5293	00:00:00.165995	(00:00:00.000031 +- 00:00:00.000021)	[00:00:00.000000,00:00:00.000312]
7.2 eliminate IMU frames           	   5293	00:00:04.263046	(00:00:00.000805 +- 00:00:00.000584)	[00:00:00.000000,00:00:00.003837]
7.3 convert to posegraph           	   1725	00:00:01.491273	(00:00:00.000865 +- 00:00:00.000501)	[00:00:00.000098,00:00:00.004888]
7.4 freezing                       	   5292	00:00:00.005902	(00:00:00.000001 +- 00:00:00.000002)	[00:00:00.000000,00:00:00.000024]
7.6 expand                         	   5233	00:00:01.258886	(00:00:00.000241 +- 00:00:00.000145)	[00:00:00.000021,00:00:00.002384]
7.7 prune place recognition frames 	   5292	00:00:01.283780	(00:00:00.000243 +- 00:00:00.000126)	[00:00:00.000002,00:00:00.001139]
I20250111 19:00:54.082053 685523 okvis_app_synchronous.cpp:219] Progress: 98% (1 [1%/s], ETA: 2s)
I20250111 19:00:55.913527 685523 okvis_app_synchronous.cpp:210] OKVIS Timing
-----------
1 DetectAndDescribe                	   5348	00:00:10.374772	(00:00:00.001940 +- 00:00:00.000362)	[00:00:00.000901,00:00:00.003649]
2 Match                            	   5348	00:00:45.017873	(00:00:00.008418 +- 00:00:00.004049)	[00:00:00.000223,00:00:00.023579]
2.01 match to map                  	   5347	00:00:34.754019	(00:00:00.006500 +- 00:00:00.003649)	[00:00:00.000058,00:00:00.018395]
2.02 match motion stereo           	   5347	00:00:07.175580	(00:00:00.001342 +- 00:00:00.000445)	[00:00:00.000049,00:00:00.004207]
2.02.1 match motion stereo: prepare	   5347	00:00:01.671297	(00:00:00.000313 +- 00:00:00.000118)	[00:00:00.000001,00:00:00.001082]
2.10 match stereo                  	   1432	00:00:00.055904	(00:00:00.000039 +- 00:00:00.000043)	[00:00:00.000001,00:00:00.000382]
3 Optimise                         	   5347	00:01:32.099240	(00:00:00.017224 +- 00:00:00.010036)	[00:00:00.000864,00:00:00.081808]
4 Prepare publishing               	   5347	00:00:04.701315	(00:00:00.000879 +- 00:00:00.000352)	[00:00:00.000032,00:00:00.002634]
6 Visualising                      	   5347	00:00:00.001290	(00:00:00.000000 +- 00:00:00.000000)	[00:00:00.000000,00:00:00.000006]
7 Marginalise                      	   5347	00:00:10.000969	(00:00:00.001870 +- 00:00:00.000811)	[00:00:00.000004,00:00:00.007388]
7.1 check/handle lost              	   5347	00:00:00.169232	(00:00:00.000032 +- 00:00:00.000021)	[00:00:00.000000,00:00:00.000312]
7.2 eliminate IMU frames           	   5347	00:00:04.356511	(00:00:00.000815 +- 00:00:00.000589)	[00:00:00.000000,00:00:00.003837]
7.3 convert to posegraph           	   1725	00:00:01.491273	(00:00:00.000865 +- 00:00:00.000501)	[00:00:00.000098,00:00:00.004888]
7.4 freezing                       	   5346	00:00:00.005914	(00:00:00.000001 +- 00:00:00.000002)	[00:00:00.000000,00:00:00.000024]
7.6 expand                         	   5287	00:00:01.278434	(00:00:00.000242 +- 00:00:00.000144)	[00:00:00.000021,00:00:00.002384]
7.7 prune place recognition frames 	   5346	00:00:01.309421	(00:00:00.000245 +- 00:00:00.000128)	[00:00:00.000002,00:00:00.001139]
I20250111 19:00:55.913610 685523 okvis_app_synchronous.cpp:219] Progress: 99% (1 [1%/s], ETA: 1s)
I20250111 19:00:57.855887 685523 okvis_app_synchronous.cpp:180] Finished!
I20250111 19:00:57.879504 685523 okvis_app_synchronous.cpp:202] total processing time 154.653063303 s
>>> Close in.csv
>>> Close out.csv

________________________________________________________
Executed in  155.78 secs    fish           external
   usr time  223.48 secs    0.00 millis  223.48 secs
   sys time   18.51 secs    1.53 millis   18.51 secs

~/D/a/b/okvis2 (mateosss|✚5) $

