#timestamp [ns],p_RS_R_x [m],p_RS_R_y [m],p_RS_R_z [m],q_RS_w [],q_RS_x [],q_RS_y [],q_RS_z []
6794494825121,1.1460673809,0.7111025453,0.0003921686,0.6936039329,-0.7194444537,-0.0316129737,0.0177160073
6798223196421,1.3456569910,0.7684806585,0.3606268167,0.5112144947,-0.7979652882,-0.3124821186,0.0653158650
6798456217221,1.5101289749,0.7162955999,0.4065656066,0.4159438312,-0.8000249863,-0.4305667281,0.0395363942
6798689240021,1.5741419792,0.7119161487,0.4623390436,0.4307381809,-0.8277296424,-0.3489340842,0.0870249197
6799388310521,1.5656695366,0.7284976840,0.6219434738,0.5167063475,-0.7248011827,-0.4178301692,0.1819226593
6799854355521,1.6159094572,0.7334159017,0.5372993946,0.4014136493,-0.7846285105,-0.4544045925,0.1293900013
6800087386121,1.6222237349,0.7462444901,0.5274522305,0.4240819514,-0.8036429882,-0.4035279751,0.1071337759
6800320402721,1.6043447256,0.7308652401,0.5277432799,0.4025712013,-0.8064009547,-0.4134087861,0.1294101477
6800553426621,1.5762076378,0.7162638903,0.5383486152,0.4130855203,-0.7722671032,-0.4594630003,0.1478435695
6800786448221,1.5301717520,0.6845214367,0.5631989241,0.4123255610,-0.7368525863,-0.5024585128,0.1859339178
6801019471421,1.4848313332,0.6492165327,0.5908524990,0.4190247357,-0.6928642988,-0.5253384113,0.2614898682
6801252495421,1.4913359880,0.6524923444,0.5840731859,0.4151478708,-0.6939847469,-0.5316802859,0.2517015338
6801485545421,1.5327560902,0.6899443269,0.5672979355,0.4184734821,-0.7202451825,-0.5220722556,0.1832142323
6801718540421,1.5568603277,0.7178907394,0.5630932450,0.4280221760,-0.7433234453,-0.4908041358,0.1529006362
6804281827221,1.5681450367,0.6991200447,0.5402110815,0.4020808935,-0.7675015926,-0.4651550949,0.1813921183
6804514818621,1.5917813778,0.7239785790,0.5307058692,0.4055476487,-0.7991526127,-0.4247532487,0.1283383220
6804980864221,1.5864295959,0.7454915643,0.4406177998,0.3546398580,-0.8392449021,-0.4018086791,0.0919157639
6805213887021,1.5567984581,0.7616049051,0.4291158915,0.3712601066,-0.8585824966,-0.3445373476,0.0793478265
6805679937221,1.5237082243,0.7734605670,0.4039307535,0.3148252666,-0.8933033347,-0.3194430470,-0.0291635823
6807078072721,1.5229828358,0.6664794683,0.3904253244,0.0108314799,-0.9584612846,-0.2602089345,0.1163008735
6807311095121,1.5336092710,0.6818862557,0.4057787359,0.0238503627,-0.9268405437,-0.3618847132,0.0971456915
6807544125321,1.5425232649,0.6775305271,0.4307692051,0.0038536820,-0.8999192715,-0.4223809242,0.1082806662
6807777142321,1.5799788237,0.6636860967,0.4565454423,-0.0192796923,-0.8758503199,-0.4779383242,0.0639488772
6808476210621,1.5486181974,0.6818649173,0.4892384410,0.0915091634,-0.8482422233,-0.5026406050,0.1395124644
6808709234521,1.5565693378,0.7145016193,0.5220322609,0.1300317943,-0.8549967408,-0.4875493944,0.1198664978
6809175284621,1.6023627520,0.7162920833,0.5035029650,0.0937963203,-0.8828624487,-0.4473854303,0.1077149138
6809408303121,1.6218733788,0.7042846084,0.4767248929,0.0710948929,-0.8847392797,-0.4516327977,0.0906076729
6809641334221,1.6210895777,0.6893864274,0.4652353525,0.0603147261,-0.8803236485,-0.4616110623,0.0911466777
6810573418821,1.5880733728,0.6531887650,0.4521213472,0.0610985123,-0.8568131328,-0.5022339821,0.0994951501
6811039471621,1.5858386755,0.6360479593,0.4425068796,0.0488885045,-0.8532311916,-0.5096076131,0.0995317847
6811272488921,1.5815855265,0.6346688271,0.4391842782,0.0494610295,-0.8522179127,-0.5119978786,0.0955852792
6811971558321,1.5195100307,0.5754973888,0.2593559623,0.0575868264,-0.9815915823,-0.1611798853,0.0847516060
6812204581321,1.4396984577,0.6532678008,0.2359422147,0.2523441613,-0.9618226886,-0.0037546474,0.1058562919
6813136674021,1.2092763186,0.6508935094,0.1097909510,0.6232786775,-0.7818593383,-0.0130808167,-0.0069720810
6813369696621,1.2108638287,0.6614788771,0.1041955724,0.5990092754,-0.7999524474,-0.0249570832,-0.0253225267
6814068766821,1.3868161440,0.7382731438,0.2429393381,0.3036012650,-0.9342555404,0.1587218940,0.0989964381
6815233881721,1.5126105547,0.7283470631,0.3143261969,-0.0084800273,-0.8070418239,-0.5796455145,0.1123511121
6815466904521,1.5061489344,0.7303259373,0.3513459563,0.0132264728,-0.8556392193,-0.4916116297,0.1613215506
6815932950321,1.5933895111,0.7615711689,0.5093695521,0.0396682806,-0.9230552912,-0.3782512844,0.0576317757
6816165974321,1.6148651838,0.7534619570,0.5447199345,0.0495653972,-0.9409527183,-0.3273748457,0.0705479980
6818030158521,1.6762560606,0.9064671397,0.9010423422,0.4078804255,-0.9129754305,0.0069343490,-0.0078401985
6818263180921,1.6952223778,0.8706775904,0.9013661146,0.3813808858,-0.9208166599,0.0803322420,0.0138631128
6818729228721,1.6921821833,0.8062075973,1.0400271416,0.3059597313,-0.9494440556,0.0060516438,0.0700578317
6819195281021,1.7352691889,0.6889551282,1.1767083406,0.4574130774,-0.8844379783,0.0923431590,0.0039308439
6819428310621,1.7415499687,0.6780288219,1.1982941628,0.5499540567,-0.8283092976,0.1064075083,-0.0114795854
6821991552121,1.8895758390,0.7149763703,1.1717573404,0.7561649084,-0.6461051702,0.0978876352,-0.0343638472
6824088760121,1.3988285065,0.6741261482,1.2052835226,0.7816473246,-0.5798373222,-0.2020321339,0.1095410213
6824321783121,1.3947803974,0.7089729309,1.1789238453,0.7456672192,-0.6298798323,-0.1895968318,0.1062304825
6825020852721,1.3853244781,0.7182664871,1.1732270718,0.7553980947,-0.6140635610,-0.2140186429,0.0805957317
6825253875421,1.4468793869,0.6973935962,1.1868467331,0.7616289258,-0.6040505171,-0.1982714385,0.1254309565
6825952999621,1.8006445169,0.6473201513,1.1843771935,0.7604586482,-0.6151919961,-0.1587018818,0.1343699396
6840633408521,1.3768301010,0.7801347375,1.2036013603,0.7704806328,-0.5682480931,-0.2265201658,0.1792830676
6841099449821,1.2308547497,0.9119236469,1.1447385550,0.6411440372,-0.5979326367,-0.3690239489,0.3085972965
6841565492221,1.0811924934,1.0483375788,1.1242976189,0.5235734582,-0.5733151436,-0.4903663993,0.3958804905
6841798515921,0.9932400584,1.0830237865,1.1134047508,0.4855912030,-0.5340917706,-0.5277736783,0.4476630390
6842031545121,0.8678070307,1.0677146912,1.1016495228,0.4399901628,-0.4501930475,-0.6087147593,0.4829092324
6842264563021,0.7930804491,1.0614558458,1.1072211266,0.3115626276,-0.3754102588,-0.6820868850,0.5447508097
6842497585521,0.7672270536,1.0891257524,1.1102372408,0.1701767445,-0.2877646983,-0.7280768752,0.5984442234
6842730610221,0.7435004711,1.1867551804,1.1282275915,0.0744423047,-0.2052233666,-0.7441788912,0.6312999129
6843196654321,0.7966906428,1.3943980932,1.1802519560,-0.1322254092,0.0211297777,-0.7100718617,0.6912800074
6843429684021,0.8817282915,1.5355997086,1.1729462147,-0.1594821662,0.0977752730,-0.6980454326,0.6911859512
6843895725621,0.8644922376,1.6631121635,1.1922552586,-0.1970577985,0.2128695548,-0.6749991775,0.6784032583
6844128746721,0.7700756192,1.6841391325,1.2044008970,-0.2639924586,0.2454723865,-0.6376917362,0.6807352901
6844827821921,0.4969787598,1.8231785297,1.2520239353,-0.3893136084,0.3417984545,-0.5259721279,0.6745088100
6845293862621,0.2867297828,2.0604317188,1.2427091599,-0.3802590370,0.3601363003,-0.5090861320,0.6830346584
6846225960621,-0.1651819944,2.0797312260,1.2829960585,-0.3079492748,0.2201396823,-0.5446166396,0.7483972907
6846692001921,-0.1991988420,2.1341502666,1.2722642422,-0.3173383474,0.2437475622,-0.5564339161,0.7281929255
6847391070821,-0.0824270248,2.3611087799,1.2493872643,-0.2366240025,0.2158687562,-0.5883207321,0.7424880862
6847857118121,-0.1983413547,2.4339976311,1.2852042913,0.0831997022,0.0263759233,-0.5731683969,0.8147761226
6848323163221,-0.4488815069,2.4723014832,1.2923640013,0.3161894381,-0.1909801364,-0.5215320587,0.7691261172
6848789216321,-0.5369131565,2.4157514572,1.2693904638,0.3104752004,-0.1990161687,-0.5709375739,0.7335039377
6850187353921,-0.5022158027,2.1487312317,1.2580986023,0.4218949676,-0.2310646921,-0.5695698261,0.6664863229
6850420371821,-0.5136526823,2.1908798218,1.2764564753,0.3989421725,-0.2135839909,-0.5489574671,0.7027608156
6859741301921,-0.7077787519,2.3117017746,1.2716227770,0.5797479749,-0.3793378770,-0.4519256949,0.5619237423
6859974318921,-0.7042344213,2.2798988819,1.2690420151,0.5204216838,-0.3421021402,-0.4877795577,0.6117176414
6861605480421,-0.6163871288,2.2829337120,1.2684525251,0.5529460907,-0.3851824403,-0.4185920358,0.6088232398
6862537592321,-0.5469331145,2.3514678478,1.2733458281,0.7606328130,-0.4723846316,-0.2802343667,0.3460623920
6862770596621,-0.5380413532,2.4462635517,1.2693850994,0.7764508724,-0.4920256436,-0.2533001602,0.3014530241
6863003619721,-0.5203993917,2.5731906891,1.2630143166,0.7841538787,-0.5014435649,-0.2380073518,0.2775061727
6863236642221,-0.5181968212,2.7085604668,1.2600659132,0.7875532508,-0.5113407373,-0.2240511477,0.2609439194
6864867804121,-0.9523084164,2.8924412727,1.3227479458,0.6336425543,-0.3712303042,-0.3817640841,0.5611965060
6865566875121,-0.8797626495,2.6276543140,1.3100862503,0.4666411281,-0.1933376193,-0.4650259912,0.7270609140
6865799896321,-0.8019944429,2.4880392551,1.3111704588,0.3996914029,-0.1368845105,-0.4783933163,0.7698372006
6866032920021,-0.7444555759,2.3789179325,1.3059852123,0.3178240657,-0.0998680443,-0.4946524203,0.8027037382
6866498971321,-0.6727650762,2.1572806835,1.2865363359,0.1658448279,-0.0348934978,-0.5248158574,0.8341740370
6866731989221,-0.6390388012,2.0182723999,1.2924007177,0.0857983008,0.0033204544,-0.5273974538,0.8452689648
6866965012121,-0.6006227732,1.9212498665,1.2920552492,0.0149468919,0.0661622733,-0.5444631577,0.8360376954
6867897108021,-0.2866046429,1.8420215845,1.3033760786,-0.0980973542,0.1133154035,-0.4966994524,0.8548837900
6868130127621,-0.1919482499,1.8232619762,1.2982391119,-0.1452431679,0.1203894243,-0.4995522797,0.8454930186
6868596174521,-0.0204259530,1.6962854862,1.2752047777,-0.1975290477,0.1802216321,-0.4980821311,0.8248737454
6868829198921,0.0295253471,1.5942475796,1.2953909636,-0.2577072978,0.1801038235,-0.4887127876,0.8138239384
6869761311721,0.2314334363,1.3876168728,1.2652198076,-0.3414726555,0.2282130122,-0.4709237218,0.7807343602
6869994312621,0.3610035181,1.4153745174,1.2566442490,-0.4081108272,0.2903287709,-0.4358678162,0.7477794290
6870227335421,0.5009074211,1.4530510902,1.2688478231,-0.4411751330,0.3086280823,-0.4025922418,0.7402923703
6870693382521,0.7294700146,1.4491102695,1.2775038481,-0.4572157860,0.3009428978,-0.4091948569,0.7300319672
6871625475121,1.0126948357,1.1794557571,1.2899599075,-0.4828518033,0.3160753846,-0.3981618285,0.7130341530
6872557599721,1.0514506102,1.2694473267,1.2947299480,-0.4610702693,0.2896075547,-0.4098866582,0.7318023443
6873023613521,1.0533725023,1.2808890343,1.2701381445,-0.2844032943,0.2502635419,-0.4912619293,0.7843116522
6873256642621,1.0087684393,1.2554943562,1.2700908184,-0.1887885034,0.1753106862,-0.5203649402,0.8141531944
6873489670021,0.9707267284,1.2386696339,1.2636859417,-0.0841637999,0.1180327162,-0.5464396477,0.8248566985
6873722683221,0.9121308923,1.2265254259,1.2660952806,0.0140361907,0.0703603700,-0.5485575795,0.8330287933
6873955706021,0.8001164794,1.2173593044,1.2698892355,0.1143166572,-0.0076545044,-0.5455484986,0.8302108645
6874188761521,0.6370843649,1.2079148293,1.2713018656,0.2193366736,-0.0715239123,-0.5454440713,0.8057706952
6874654780721,0.3571377397,1.2425434589,1.2745392323,0.4174576998,-0.2333307564,-0.5011832714,0.7211804986
6874887798921,0.2668958008,1.3146619797,1.2716735601,0.5449066758,-0.3605113924,-0.4327773750,0.6211377382
6875353846221,0.1324742585,1.4137088060,1.2721395493,0.7109043002,-0.4715227783,-0.2983477712,0.4281004369
6875586867621,0.0435361713,1.4370924234,1.2798875570,0.7677486539,-0.4827576876,-0.2423480302,0.3446366787
6875819905821,-0.0508387499,1.4716203213,1.2776579857,0.7908320427,-0.5091975927,-0.1986811459,0.2753694952
6876285938221,-0.1586351693,1.6188781261,1.2663741112,0.8141135573,-0.5465872288,-0.1139302030,0.1596292555
6876518959621,-0.2123049498,1.7488273382,1.2763766050,0.8157944083,-0.5470334291,-0.1065668762,0.1545235962
6876751982621,-0.2667355835,1.8793693781,1.2836493254,0.8187977672,-0.5467975736,-0.1000183672,0.1434532404
6876985006821,-0.3340381980,1.9810508490,1.2800800800,0.8090098500,-0.5607872009,-0.1198227778,0.1290864199
6877218035721,-0.4038834572,2.0480172634,1.2718458176,0.8218281865,-0.5491928458,-0.1118600219,0.1023374349
6879082215521,-0.9048392773,2.5979247093,1.2940338850,0.7573502660,-0.5384317040,-0.2119586021,0.3026310503
6880247330721,-0.7502869964,2.5465793610,1.3164381981,0.8303044438,-0.5562700033,-0.0338396057,-0.0036193258
6880480353521,-0.5892570019,2.5728020668,1.3055678606,0.8211658597,-0.5616419315,0.0528797805,-0.0863060728
6880946399021,-0.2791201770,2.5690653324,1.3049043417,0.7524957657,-0.5058545470,0.2175145745,-0.3613150716
6881412450321,-0.1593958735,2.5352182388,1.2912852764,0.5802547336,-0.3991601169,0.3796813488,-0.5998480916
6881645468521,-0.1176747009,2.5725123882,1.3109351397,0.5060601234,-0.3388054669,0.4217044115,-0.6717733145
6881878492521,-0.0746534318,2.6329417229,1.3242582083,0.4638901651,-0.3231086135,0.4489379227,-0.6919982433
6882111514321,-0.0354872011,2.6823875904,1.3035852909,0.4312661886,-0.3170762062,0.4613625705,-0.7075427175
6882810586021,-0.0351463631,2.6526248455,1.2928651571,0.2453971654,-0.1797546893,0.5309848189,-0.7909005880
6883043606921,-0.0329256430,2.5604791641,1.2750424147,0.2371667475,-0.0874524564,0.5750982761,-0.7780526876
6883509653921,0.1226679608,2.4284753799,1.2854257822,0.1625747383,-0.2961714566,0.4751583338,-0.8124509454
6883742677321,0.1413248777,2.3477177620,1.2892357111,0.1753886938,-0.2600909173,0.4869893491,-0.8151276112
6884441745921,0.1859273762,2.1185491085,1.2630172968,0.0663037896,0.0063976352,0.5714296699,-0.8179432154
6884674769421,0.2711605132,2.0579020977,1.2728489637,0.0201076847,-0.0129494471,0.5682908893,-0.8224801421
6900054295021,0.0835675076,1.7398797274,1.2448911667,0.1291101128,-0.1176266894,0.5823885202,-0.7939258218
6900287324621,0.1410107613,1.7752143145,1.2408194542,0.1243419349,-0.1230948642,0.5826356411,-0.7936765552
6900520340721,0.2029259652,1.8252394199,1.2293978930,0.1351807863,-0.0662961975,0.6115437746,-0.7767530084
6901452433121,0.4284276068,1.8669453859,1.2198990583,0.2758788168,-0.1720733047,0.6113461256,-0.7214829326
6902384532921,0.5454459190,1.7183699608,1.2264732122,0.2966287434,-0.1845862418,0.5984658003,-0.7209563255
6905879875821,0.5697733164,1.7036471367,1.2369430065,0.4064025879,-0.2628193796,0.5672531724,-0.6663234234
6906345919021,0.5465912819,1.6428637505,1.2397506237,0.3974261582,-0.2557640374,0.5702746511,-0.6718810201
6907044993521,0.4889556766,1.5100377798,1.2025486231,0.2606068254,-0.1533423513,0.6492952108,-0.6978437901
6907511035121,0.5257012844,1.5173777342,1.2130095959,0.2404281944,-0.1764773279,0.6309118271,-0.7162404060
6908909174421,0.9063711166,1.3479077816,1.2067594528,0.2216206491,-0.2046871334,0.6119180322,-0.7311250567
6909142195921,0.9841306806,1.3266927004,1.2111108303,0.2936448157,-0.2631618083,0.5815141201,-0.7115896940
6909841267821,1.1206505299,1.2274823189,1.2147026062,0.4699339867,-0.4031768441,0.4791429341,-0.6221194863
6910540336121,1.1788755655,1.4116618633,1.2506078482,0.7292589545,-0.4908300638,0.2564499080,-0.4018715918
6910773358521,1.1867746115,1.5321533680,1.2563893795,0.8107952476,-0.4357520342,0.2632898986,-0.2888073325
6912171498021,0.8399171233,2.1621162891,1.2975975275,0.8093281984,-0.4384638071,-0.2449606657,0.3045186698
6912870566621,0.4778522253,2.2712969780,1.2869313955,0.7535622120,-0.4462353885,-0.3115246296,0.3687416315
6913336611721,0.2380562723,2.3379013538,1.2527421713,0.6622591615,-0.4753781259,-0.3785839379,0.4382951856
6913569634821,0.1701947004,2.3412802219,1.3182555437,0.6587328911,-0.2917312086,-0.4084392786,0.5604831576
6913802664921,0.0764430314,2.3875586987,1.2888796329,0.5705714226,-0.2999676168,-0.4636762738,0.6078420877
6914035681921,-0.0026481636,2.4391348362,1.3219707012,0.5333420634,-0.2865325809,-0.3963559270,0.6901791692
6914501727721,-0.1352723241,2.3084006310,1.2903639078,0.4633131623,-0.1165018603,-0.5440144539,0.6897946000
6915200803021,-0.3512753844,2.2889652252,1.2927672863,0.5119785666,-0.3633449078,-0.4719789922,0.6189461350
6915433821621,-0.3642329574,2.2101118565,1.2822233438,0.4367561638,-0.2012439966,-0.5544695854,0.6791968942
6915899866321,-0.5038197637,2.2085161209,1.2937196493,0.4245043397,-0.2504066527,-0.4634634256,0.7364063263
6916132890221,-0.5725238919,2.1605801582,1.2865879536,0.4327484369,-0.2435950339,-0.5280905366,0.6888473630
6916365912421,-0.5536765456,2.0631086826,1.3016427755,0.3298411071,-0.0672263727,-0.5327375531,0.7764509320
6916598938621,-0.5504476428,1.9649260044,1.2969222069,0.2115121782,-0.0383846276,-0.5638300776,0.7974238992
6916831958521,-0.6338981986,1.9281485081,1.2755891085,0.3260413408,-0.2180159539,-0.5078070760,0.7670059800
6917064982421,-0.6635383368,1.9197764397,1.2919914722,0.4116187394,-0.2335499227,-0.4985845983,0.7262491584
6918230098021,-0.8475598097,2.0899522305,1.2387681007,0.2421639264,-0.1837473214,-0.6490373611,0.6973837614
6918696145321,-0.5402622819,2.0556273460,1.2554420233,-0.2038495839,0.0466723554,-0.6140825748,0.7610320449
6919395213621,-0.4472183287,2.0584211349,1.2338342667,-0.3356260955,0.2183968127,-0.5872121453,0.7034485936
6919861258821,-0.3642246723,2.0288288593,1.2161867619,-0.2960570753,0.2175994217,-0.6107473373,0.7014188170
6920793351821,-0.4122240245,1.9808833599,1.1990412474,-0.2920572758,0.2619688213,-0.5916134119,0.7043213248
6921026374521,-0.5138243437,1.9109332561,1.2511495352,-0.2243511826,0.0262644123,-0.5847026706,0.7791659832
6921259397521,-0.4385100007,1.9105848074,1.2015202045,-0.2652903199,0.0938163698,-0.6717728376,0.6852304935
6921958474321,-0.3158047795,1.9890429974,1.2425869703,-0.3768784106,0.2265717536,-0.5367869139,0.7200610042
6922657536921,-0.2858876586,1.9691811800,1.2405701876,-0.2387329489,0.2778067589,-0.5290647745,0.7654544115
6922890581821,-0.2838546336,1.9483978748,1.2153501511,-0.0840266943,0.1975289434,-0.5292840600,0.8208411932
6923822652821,-0.2206684351,1.8027806282,1.2341215611,-0.2114584297,0.1229612082,-0.5132198334,0.8226611614
6924288698121,-0.0607888736,1.8158465624,1.2493265867,-0.2885403633,0.1769782603,-0.4543031454,0.8240338564
6924754745221,0.0409058593,1.7312539816,1.2432527542,-0.3626398444,0.1956624687,-0.4577021599,0.7878561616
6924987768321,0.0606265999,1.7309604883,1.2847745419,-0.4748968184,0.3423751891,-0.2446723431,0.7729086280
6925453813421,0.0835713446,1.5680564642,1.2807165384,-0.5097236037,0.1799638420,-0.2799910009,0.7933472395
6925686870521,0.1692061871,1.5560946465,1.2627786398,-0.4928683043,0.2231779546,-0.3566546142,0.7616232634
6926385906221,0.3511057496,1.6602418423,1.2331835032,-0.7229743600,0.4592006207,-0.1635707319,0.4895789027
6926618929321,0.3434918523,1.6845304966,1.2718610764,-0.8115499616,0.4435926974,-0.0327458121,0.3788665831
6927318038821,0.4772773385,1.5373555422,1.2906154394,-0.5959286690,0.2253475338,-0.3467224240,0.6883829832
6928716143221,0.5936978459,1.9141471386,1.3016017675,-0.8482460380,0.4706610441,-0.0120404661,0.2425116003
6930347299821,0.3536999822,2.5533657074,1.3095251322,-0.8828421235,0.4187379181,0.1036880240,-0.1857342273
6932211485021,-0.0526679792,2.9166681767,1.3595172167,-0.7107286453,0.3645955324,0.2116847932,-0.5631380677
6933842646821,-0.7497878671,2.8524911404,1.3467098475,-0.4270665646,0.2346300185,0.4189139307,-0.7662076354
6934308692721,-0.8839814067,2.6997792721,1.3358391523,-0.2970227897,0.1244274750,0.4429940283,-0.8366909027
6935240784521,-0.9913600087,2.4269750118,1.2944816351,-0.3387668133,0.1479793489,0.4432028830,-0.8166458011
6938503108221,-0.0761419833,2.9096827507,1.3083959818,-0.5295338631,0.2343094796,-0.4956493676,0.6473212242
6938736133221,0.0002025042,2.7590248585,1.2847722769,-0.4019483626,0.1212298423,-0.5584139228,0.7154821754
6938969155121,0.1024913788,2.6758513451,1.2967097759,-0.2300160080,0.1094437167,-0.5289368033,0.8095310926
6939435206921,0.3956820071,2.5600001812,1.3207346201,-0.2844544351,0.1209561452,-0.4532607198,0.8360682130
6939668224021,0.4545786679,2.4076468945,1.2931636572,-0.2758322358,0.0122314962,-0.4612577856,0.8432130814
6940134270621,0.5710943937,2.0982148647,1.3121125698,-0.1341975629,0.1164623275,-0.4439538419,0.8782554269
6940367294821,0.6290351748,1.9320750237,1.2970415354,0.0223722216,0.0510304682,-0.4480912685,0.8922497630
6940833348421,0.4565646946,1.7116832733,1.2816457748,0.2228379101,-0.1654129624,-0.4683683217,0.8388163447
6941299385621,0.1510253102,1.6813937426,1.2709832191,0.5132959485,-0.2718592584,-0.4475262761,0.6799559593
6941765431921,-0.1557396501,1.7711700201,1.2462167740,0.6900399327,-0.3107520044,-0.3993854225,0.5174643397
6944561709321,-1.1907477379,2.5387232304,1.2705950737,0.7041420937,-0.4919567108,-0.2583533823,0.4420589805
6946658918321,-0.5639481544,2.0714824200,1.2636090517,-0.0366244130,-0.0420526005,-0.4434047937,0.8945850730
6946891942221,-0.4782682061,2.0822598934,1.2867538929,-0.3382683694,0.1242104545,-0.2774869502,0.8905881643
6947124963721,-0.3744751215,2.0916779041,1.2711704969,-0.4208910167,0.2575936913,-0.2677266598,0.8275377154
6947824032921,0.0254322197,2.0824756622,1.2552561760,-0.3256987035,0.2459334731,-0.3708046973,0.8342308402
6948290078721,0.1278033406,2.0397381783,1.2434588671,-0.3702317476,0.3278001547,-0.3588973284,0.7916238308
6948523103221,0.0162640996,1.8575221300,1.2643693686,-0.4165124893,-0.0095775295,-0.4550568759,0.7869872451
6948756126121,0.0627022907,1.7833327055,1.2263498306,-0.3600106537,0.1287460774,-0.4554319680,0.8039891720
6948989177221,0.2021427006,1.8252400160,1.2455825806,-0.3125824630,0.4206652939,-0.2749348283,0.8060669303
6949455197521,0.2583689094,1.6209332943,1.2546484470,-0.4751137793,0.2040519118,-0.3928783536,0.7604448795
6949688218721,0.2740379274,1.4894845486,1.2257781029,-0.4699575603,0.1251019984,-0.4637039304,0.7405862808
6949921241421,0.4144630432,1.5119268894,1.2230081558,-0.4376403093,0.3577326536,-0.3917019665,0.7259944677
6950154265821,0.5186957717,1.5650542974,1.1993086338,-0.5362222791,0.4862266183,-0.3354075551,0.6029521227
6950387293021,0.5552412868,1.4480813742,1.2086322308,-0.5434899330,0.2830687761,-0.4614658356,0.6415139437
6950620312021,0.6012939811,1.3336158991,1.1883720160,-0.4717873931,0.1865867823,-0.5775710344,0.6395419240
6950853334321,0.6925786138,1.3458385468,1.2004272938,-0.4534464180,0.4158289433,-0.4459882975,0.6500516534
6951086356321,0.7336832285,1.3499772549,1.1910692453,-0.4757035375,0.4786522388,-0.3887255192,0.6272884011
6951319379721,0.7511458993,1.2965282202,1.1870871782,-0.4804281294,0.3920494318,-0.4541563690,0.6397094131
6951785428721,0.7284388542,1.2197047472,1.1949721575,-0.3548978269,0.3177782893,-0.5422186852,0.6921440959
6952251472721,0.7735748887,1.2934715748,1.1905592680,-0.5766100883,0.3510248661,-0.5109238625,0.5322210789
6952484495321,0.8045546412,1.3821436167,1.1760489941,-0.5368055701,0.5176958442,-0.3964981437,0.5353689790
6952717546921,0.8375369310,1.4220390320,1.1522434950,-0.5571752191,0.5210707784,-0.4063968658,0.5028744340
6953183565421,0.9184423685,1.3045954704,1.1509702206,-0.5672510862,0.3304387331,-0.5673745871,0.4971141517
6953416588221,0.9582360983,1.4144266844,1.1550968885,-0.6172125340,0.5592598915,-0.3360514045,0.4397119284
6953649610721,0.9479076862,1.4828366041,1.1583286524,-0.6942316294,0.6094928384,-0.2178061455,0.3148354888
6954115658021,0.9174836874,1.5384525061,1.1501830816,-0.7464643717,0.6017362475,-0.2084801495,0.1929780990
6955047750221,0.8771237731,1.5190871954,1.1273601055,-0.6982461810,0.5432698131,-0.3556813002,0.3013321757
6956212865521,0.7745314240,1.6143103838,1.2081348896,-0.7196862698,0.6097301841,-0.0628932714,0.3260756433
6956911934521,0.8361485600,1.5795533657,1.2203060389,-0.8438745737,0.5057095289,-0.1586886346,0.0833755136
6958077049821,0.7217540741,1.8436557055,1.2905434370,-0.8703742027,0.4009549618,0.1405928135,-0.2488324791
6959009142321,0.5726100802,2.0750055313,1.2951819897,-0.7763969898,0.3438409865,0.3025871217,-0.4329228997
6960174261121,0.0080104386,2.2097597122,1.2950668335,-0.6474531293,0.2208413035,0.3520521820,-0.6388215423
6960407290721,-0.1031126752,2.1688606739,1.2869256735,-0.5691935420,0.1435380578,0.4514024854,-0.6720501781
6960640304821,-0.1679119021,2.1238064766,1.2637041807,-0.4314894080,0.2125509977,0.4414614141,-0.7574633956
6962038443821,-0.3949459493,2.2104923725,1.2163219452,-0.7520576715,0.5713029504,0.1573588550,-0.2885489464
6963436581521,0.2089228630,2.4874818325,1.3176767826,-0.5036214590,0.2610561252,-0.3597385883,0.7408125997
6963669605321,0.3269750774,2.4481983185,1.2686550617,-0.5271797776,0.2508869469,-0.4528807104,0.6738222241
6963902634221,0.4081284106,2.3828401566,1.2928597927,-0.4557507336,0.1642300338,-0.3616559505,0.7965705991
6964135653121,0.4886074662,2.2541544437,1.2838197947,-0.3592750728,0.1250128299,-0.4406483471,0.8130942583
6964368674321,0.6027964354,2.1439535618,1.2019907236,-0.1645520926,0.0695695803,-0.5898743868,0.7874839306
6964601696921,0.6964731216,2.0582904816,1.2066551447,0.0115447892,-0.0099643115,-0.5982782245,0.8011432290
6964834720921,0.7137382627,2.0015692711,1.2118650675,0.1403706968,-0.0814753994,-0.5927653909,0.7888517976
6965300771721,0.5770095587,1.8319803476,1.1973953247,0.3194390833,-0.2625447512,-0.5334283710,0.7378909588
6965533789721,0.5396139026,1.8087401390,1.2614583969,0.4865936637,-0.2459691316,-0.3670060933,0.7536792159
6965766813521,0.4888363183,1.7455146313,1.2907143831,0.6467657089,-0.1982620358,-0.2542439103,0.6911920309
6966698905321,0.1371384710,1.8504292965,1.3076024055,0.9102035761,-0.2642455697,-0.0984078348,0.3033472896
6966931929721,0.0444161966,1.9245787859,1.2987643480,0.8423959613,-0.3443865478,-0.1318721473,0.3929080069
6972757506221,-0.0708105415,2.4735517502,1.3154957294,0.7722382545,-0.4453300536,0.2185537219,-0.3969427049
6972990529221,0.1055985764,2.3606615067,1.2633718252,0.5388795733,-0.3485342562,0.4792945385,-0.5986731052
6973223558721,0.1727889627,2.2832367420,1.2487331629,0.3096113205,-0.1964985430,0.5965940356,-0.7138661146
6973456576421,0.2591621876,2.2842965126,1.2172447443,0.1586296856,-0.1222099960,0.6527665854,-0.7306143045
6973922623821,0.4382515848,2.2301499844,1.1973462105,0.0000874440,-0.0273591857,0.6741947532,-0.7380467057
6974155644921,0.4728338420,2.0823698044,1.1920032501,-0.0560510680,0.0181790274,0.6943866014,-0.7171855569
6974621697421,0.4718710184,1.9196840525,1.2489840984,-0.2868274450,0.2247115672,0.5139210224,-0.7766079903
6975087739121,0.4875073135,1.7088330984,1.3129938841,-0.6986352801,0.2070990205,0.3469957113,-0.5904343724
6975320760421,0.3846546710,1.7025712729,1.3128306866,-0.7257201076,0.2679631114,0.2815280557,-0.5676867366
6977184947221,-0.7295547724,2.0479762554,1.3064554930,-0.8173629045,0.4016138315,0.2059710175,-0.3580505252
6977650991221,-1.0020322800,2.1225378513,1.3021669388,-0.7756472826,0.3246631026,0.3659254909,-0.3988279104
6978583084021,-1.0864753723,2.5093483925,1.3133475780,-0.8354855180,0.3596936166,0.3330843449,-0.2482723445
6981146338821,-0.3772860765,2.7722184658,1.3208174706,-0.7831882238,0.1792969555,-0.3935452402,0.4467561841
6981612385521,-0.3014152050,2.5449440479,1.2823649645,-0.5581261516,-0.0452760980,-0.4879647195,0.6695787311
6982078431421,-0.1092486084,2.3971798420,1.3164296150,-0.5373526216,0.0339533649,-0.4481920004,0.7135987878
6983476570421,0.3562051654,2.2448899746,1.2837345600,-0.5358535051,0.2173837274,-0.2894054651,0.7627908587
6983709636221,0.3816862702,2.0810158253,1.2727769613,-0.4979536235,0.0869625956,-0.3488428295,0.7891694903
6983942616021,0.4158518314,2.0042662621,1.2758992910,-0.5063272119,0.0993093252,-0.3557348847,0.7792451978
6984408662821,0.4708042145,1.8900110722,1.2824021578,-0.3956913352,0.0939199850,-0.3906944394,0.8258119226
6984874709321,0.5616802573,1.7077295780,1.2662425041,-0.2285415530,0.0914147496,-0.4307004809,0.8682794571
6985340783921,0.4999441206,1.5533779860,1.2950806618,-0.1131579354,0.0849832967,-0.3793804944,0.9143542647
6985573782121,0.4497388899,1.4680639505,1.2694894075,-0.0994452760,0.0908311233,-0.4092330337,0.9024348855
6985806801121,0.4049647450,1.4153887033,1.3167835474,0.0134744393,0.0162142646,-0.3236975372,0.9459257722
6986272846821,0.2617324591,1.4087821245,1.2784745693,0.5091006160,-0.3337013125,-0.2926731408,0.7374296784
6986971940721,0.0559373610,1.7258651257,1.2374483347,0.7535622120,-0.5123217106,-0.2477791160,0.3290530145
6987437963721,-0.1819457263,1.7389624119,1.2437095642,0.6785473228,-0.3953713477,-0.3951069415,0.4765978158
6988137039121,-0.4175638258,1.9587378502,1.2519150972,0.7757464647,-0.4857515693,-0.2452229708,0.3195753694
6989069126521,-0.6870163679,2.1857774258,1.2558385134,0.7638793588,-0.4918833673,-0.2183390856,0.3561843038
6989302147021,-0.7671477199,2.1121017933,1.2770771980,0.6818948984,-0.3099694848,-0.4169067442,0.5149048567
6989535176321,-0.7657004595,2.1670346260,1.2448126078,0.6664126515,-0.3406619132,-0.4207632244,0.5126420856
6990234242321,-0.8063607216,2.3647799492,1.3030072451,0.7622107863,-0.3757072687,-0.3076582253,0.4280482233
6990467263221,-0.8187054396,2.3688855171,1.2626305819,0.6795158982,-0.3274393380,-0.4216046333,0.5032805204
6991632378121,-0.7803817391,2.6134223938,1.2848355770,0.7562093735,-0.3122758567,-0.3277384639,0.4724603891
6994428656121,-0.9589169621,2.6895968914,1.2660175562,0.8317093849,-0.3932630122,-0.2728466094,0.2813512683
6995593773521,-0.7903265953,2.6452465057,1.2547841072,0.6328631639,-0.3974785507,-0.3829948306,0.5429641008
6996758887721,-0.8049769998,2.3177244663,1.2903568745,0.6033288240,-0.2279768288,-0.3719979823,0.6675615311
6997224934221,-0.8394603133,2.1244282722,1.2517820597,0.2781004608,-0.1824882179,-0.4228391051,0.8429504037
6997457957321,-0.8480491042,2.0999441147,1.2368967533,0.3202412128,-0.1541610360,-0.5110368729,0.7826373577
6998856096121,-0.8382574916,2.5273501873,1.2569077015,0.7844601274,-0.4822316468,-0.1634688675,0.3540521860
6999322141421,-0.8584663868,2.5284023285,1.2287839651,0.6098105311,-0.3126603365,-0.4641876221,0.5611636043
7004681685521,-0.6677331924,2.4744491577,1.2856758833,0.1416488886,-0.0703248307,-0.4439706504,0.8819751740
7005147719721,-0.3613913655,2.2026863098,1.2559624910,-0.2170296460,0.2532556057,-0.4638649523,0.8207247257
7005380742921,-0.3258832693,2.0646188259,1.2332134247,-0.3534348309,0.2710368037,-0.5181317329,0.7301797867
7005613765521,-0.2652258873,2.0087010860,1.2352288961,-0.4899689257,0.3666920364,-0.4273816645,0.6654415727
7005846794021,-0.1621522605,1.9870259762,1.2162666321,-0.5751798153,0.4794682860,-0.3123562038,0.5845614076
7006079813921,-0.0097950511,1.8757599592,1.2182152271,-0.5800245404,0.3884345293,-0.3975748420,0.5955034494
7006312835921,0.0864345431,1.7072584629,1.2314137220,-0.3483065963,0.2643144727,-0.5070846677,0.7427554131
7007477950121,0.0197367258,1.5862860680,1.2418742180,0.7311743498,-0.4537641108,-0.2769686878,0.4275168180
7008410051021,-0.2514641583,2.1512076855,1.2276465893,0.8060375452,-0.5769292116,-0.0899029821,0.0968180224
7009342136321,-0.1798234135,2.6144082546,1.2625750303,0.7981547117,-0.5310848355,0.2109124959,-0.1908243597
7010041204821,0.0370916761,2.7620067596,1.2627867460,0.4978613257,-0.3513237834,0.4697580636,-0.6387747526
7010274228621,0.1085065901,2.7298231125,1.2656157017,0.3972637951,-0.3099012673,0.4722376168,-0.7232803106
7011206325821,0.4232692122,2.2481703758,1.1944627762,0.1789775193,-0.2778973579,0.6305439472,-0.7022495270
7011439344221,0.5184397697,2.0948143005,1.1648331881,0.0974208638,-0.2191191167,0.7004179358,-0.6722431183
7011672367321,0.6065974832,1.9530556202,1.1505992413,0.0357579663,-0.1600614488,0.7427647114,-0.6491550803
7012138412421,0.3865953982,1.8049196005,1.1569281816,-0.2442140132,0.2501287460,0.6842245460,-0.6400250196
7012371464021,0.2225378156,1.8058562279,1.1513743401,-0.3032683134,0.4368464351,0.5988047719,-0.5988542438
7012837482821,0.0345900320,1.8156594038,1.1704589128,-0.4695845842,0.5842231512,0.4055048525,-0.5232011080
7013070507221,-0.0854268000,1.7755320072,1.1790091991,-0.5169410110,0.5965349078,0.3187408745,-0.5247117281
7013536589021,-0.3270519674,1.7905122042,1.1978472471,-0.6216465831,0.5951801538,0.2405239046,-0.4488478899
7013769575221,-0.3778395653,1.9182485342,1.1854035854,-0.7120356560,0.6279175878,0.1638366729,-0.2681088448
7016332831121,-0.0255632922,2.3415966034,1.3107274771,-0.5993457437,0.2663325369,-0.3042239547,0.6908686161
7016565857621,0.0875003114,2.3616809845,1.3226890564,-0.5497245789,0.2198385596,-0.3068288565,0.7452046871
7016798913721,0.2008964866,2.3389551640,1.3277734518,-0.4465460479,0.2358731329,-0.3132068515,0.8042773008
7017264922421,0.3810344934,2.1601524353,1.2978314161,-0.4901515543,0.2277250588,-0.3301698864,0.7738738060
7017963997621,0.7235341072,2.0013685226,1.2636548281,-0.4322807789,0.2579507232,-0.4391035438,0.7441658378
7018197014321,0.8325700164,1.9779506922,1.2559885979,-0.3990555704,0.2716453373,-0.4192437828,0.7688940763
7018430056521,0.9077867270,1.9108312130,1.2654906511,-0.4268296063,0.2463484406,-0.4355562627,0.7532726526
7019595154221,0.8861452937,2.0799536705,1.2618172169,-0.8351814151,0.5440010428,0.0802472830,0.0097583486
7020527246121,0.7360567451,2.4076349735,1.2605377436,-0.8183352947,0.4359126091,0.2753465176,-0.2539525628
7020760269921,0.6696450710,2.4024994373,1.2944525480,-0.7176081538,0.3655446470,0.3587956429,-0.4718913138
7021226315321,0.5765720010,2.4642705917,1.2872997522,-0.6994103193,0.4330538511,0.2186701000,-0.5248551965
7023323529521,-0.1765609831,2.6995794773,1.3062639236,-0.6564460993,0.2675192058,0.4320577383,-0.5575285554
7024022591621,-0.4141116142,2.7396414280,1.2869669199,-0.5989490151,0.4223166108,0.3556558192,-0.5800153613
7024488638821,-0.5254679322,2.6577117443,1.3194777966,-0.4692367017,0.3206644952,0.3173393309,-0.7591357231
7024954685921,-0.6139251590,2.4202213287,1.3085051775,-0.2852632701,0.1462498009,0.4123961627,-0.8527398705
7025187707221,-0.6918631196,2.3765799999,1.2543848753,-0.3077237010,0.2127487063,0.5291475058,-0.7616082430
7026818869921,-0.1586056650,2.4375853539,1.2372270823,-0.4513355196,0.4219740033,-0.5384674668,0.5729633570
7027051892421,-0.1139273867,2.3946075439,1.2416818142,-0.3492051065,0.2952716947,-0.6103731990,0.6467728019
7027284915321,-0.0933830962,2.4121065140,1.2382110357,-0.3097857535,0.2132519782,-0.6390746832,0.6709247828
7028217009321,0.2184927613,2.1688823700,1.2052214146,-0.0715041161,0.1101216972,-0.7132872343,0.6884633899
7028683061221,0.4161737561,2.0860986710,1.1803646088,-0.0057296162,0.1189522669,-0.7317039371,0.6711385250
7028916077621,0.4151062369,2.0045464039,1.1653112173,-0.0333185457,0.1600777954,-0.7465336323,0.6449438930
7029848171121,0.0704868808,2.3987340927,1.1442804337,-0.5702393055,0.7794733047,-0.1016744375,0.2385599166
7030081199421,-0.2160193026,2.3682415485,1.1394470930,-0.6232730150,0.7728529572,0.1144611090,0.0335793309
7031013286021,-0.3427564204,1.7545024157,1.1636455059,0.2169537395,-0.2176291049,0.7583575249,-0.5748587847
7031246309121,-0.1958970875,1.8475660086,1.1597598791,0.3237211108,-0.4511856735,0.6384814382,-0.5328955650
7031945378121,0.0793649852,2.0459597111,1.0605838299,0.4248300195,-0.7734979987,0.3094276786,-0.3542242944
7032644447721,0.1721892059,1.9791973829,1.0808908939,0.5500680804,-0.8188822865,-0.0313372016,-0.1608567536
7033576539821,0.0794383064,2.1337044239,1.0441656113,0.3752878308,-0.4600103796,-0.7234724164,0.3523311615
7033809562421,0.1542546451,2.1900858879,1.0627336502,0.2839601636,-0.2960618436,-0.7993534207,0.4390309155
7034042585221,0.1707127541,2.2563638687,1.0543249846,0.2138747573,-0.1852758378,-0.8238101602,0.4911896586
7034508632821,-0.1068691015,2.4274690151,1.1471502781,0.3902534842,-0.2346275002,-0.7142067552,0.5315647125
7035440730921,-0.6762335896,2.7398123741,1.2139527798,0.4449903369,-0.3817945123,-0.5379880667,0.6056281924
7036139793721,-0.8926113844,2.4836113453,1.2633285522,0.2868242264,-0.2159326971,-0.5127933025,0.7798384428
7036372817321,-0.9640926123,2.3841059208,1.2448117733,0.1867557019,-0.1539220810,-0.5565438867,0.7947887182
7036605841021,-1.0280281305,2.2979342937,1.2364932299,0.0871617272,-0.0709631443,-0.5941426754,0.7964682579
7036838869721,-1.0536987782,2.2362794876,1.2572480440,-0.0674170032,0.0238223709,-0.5631165504,0.8232783675
7037071886021,-1.0123773813,2.1696686745,1.2522044182,-0.1549589783,0.0932791010,-0.5547037125,0.8121518493
7037304912021,-0.8518918753,2.1050572395,1.2259466648,-0.2549463212,0.1633556783,-0.5412535071,0.7844501734
7037537933221,-0.6630295515,2.0463924408,1.2412669659,-0.3098630011,0.2055907995,-0.5070471764,0.7775735259
7037770955521,-0.5351738930,1.9858292341,1.2666426897,-0.3920989931,0.1961197704,-0.4804620445,0.7595732212
7038003980321,-0.4719816148,1.8579293489,1.2395482063,-0.4102383256,0.0932876244,-0.5203802586,0.7431058884
7038237007321,-0.3311350346,1.8073518276,1.2572188377,-0.4428723156,0.1946856976,-0.4587288201,0.7453385592
7038470024621,-0.1468701065,1.8028612137,1.2731792927,-0.4710570574,0.3825274110,-0.3392158151,0.7188258767
7038703048521,-0.0175650232,1.7128175497,1.2722162008,-0.5228396654,0.3356075585,-0.3663038909,0.6926959753
7038936071021,0.1031896025,1.5618238449,1.2683037519,-0.5243915915,0.1285888553,-0.4812681079,0.6905501485
7039169094721,0.2517172992,1.4840698242,1.2463848591,-0.4295006990,0.1557416618,-0.5218223333,0.7203993201
7039402117021,0.4310789704,1.4873183966,1.2408546209,-0.3990150690,0.3788067997,-0.3860943019,0.7404212952
7040101186621,0.6954956651,1.3013947010,1.2233614922,-0.6045610309,0.2854002416,-0.4859645069,0.5629310012
7040334209821,0.7725185752,1.4535744190,1.2349615097,-0.5713506937,0.4492152631,-0.3115911782,0.6121070385
7040567233021,0.8901076317,1.5467774868,1.2345286608,-0.6875343323,0.3738847375,-0.4185619056,0.4607740939
7040800256821,0.9246474504,1.7329874039,1.2288208008,-0.6910989285,0.5060706735,-0.2937490940,0.4242477715
7041965372121,0.7700103521,2.3422579765,1.2410084009,-0.8052483201,0.5745379925,0.0924865901,-0.1136997268
7042664440721,0.7644008994,2.3627488613,1.2489782572,-0.4626319110,0.3889310658,-0.3609808385,0.7102093697
7042897464621,0.6598412991,2.1730105877,1.2770216465,-0.3290897906,0.2351367325,-0.4155050516,0.8147184849
7043363568221,0.4800023735,1.9134582281,1.2345018387,-0.0818767697,0.1162409782,-0.5058231950,0.8508390784
7043596539221,0.4630660415,1.8187588453,1.2350088358,-0.0494511016,0.0999709442,-0.5571686625,0.8228752017
7044062580721,0.4562048614,1.6289662123,1.2363226414,0.1888870150,-0.0695191473,-0.5472953916,0.8123771548
7044528626621,0.2659581900,1.6851240396,1.2431560755,0.4825711250,-0.3075645566,-0.4415404201,0.6910652518
7044761648421,0.1725703627,1.6866883039,1.2702351809,0.5217722654,-0.2722357810,-0.3844239712,0.7112381458
7045460718821,-0.1215736791,1.6172604561,1.2528165579,0.6219924092,-0.2385392487,-0.4364906251,0.6047316790
7045693741421,-0.2356546074,1.6305619478,1.2503097057,0.6390526295,-0.3089157641,-0.3876492679,0.5881419182
7046858857221,-0.6686921120,2.0980880260,1.2559098005,0.7218097448,-0.3535466194,-0.3868977726,0.4520016909
7051053273921,-0.1421589404,2.5909802914,1.2490708828,0.5787299871,-0.3046422899,0.4286849499,-0.6232928634
7051519320021,0.0686181933,2.4889292717,1.2652090788,0.4208885431,-0.3208909333,0.4607743025,-0.7124388218
7051752348921,0.1480679512,2.4158639908,1.2951650620,0.4670848250,-0.2714883089,0.3713694811,-0.7551229596
7052218388321,0.3539364040,2.2733626366,1.2939485312,0.4250113666,-0.1644834727,0.3661032021,-0.8113439679
7052451411321,0.4548792541,2.1764543056,1.2668845654,0.3126261830,-0.0354615115,0.4504596889,-0.8355198503
7052917458621,0.6479119658,1.9923408031,1.2482239008,0.3417415917,-0.1388206482,0.5022116303,-0.7821285725
7053150488321,0.7117660046,1.8853489161,1.2544291019,0.2721032798,-0.2749393582,0.4325444400,-0.8144161105
7053383504321,0.6732797623,1.7227901220,1.2598675489,0.2368509918,-0.0764484704,0.4988321364,-0.8301950693
7053616527921,0.6872077584,1.5880693197,1.2345359325,0.0580882467,-0.0952416137,0.5312290192,-0.8398514390
7054082573521,0.6057265997,1.3727058172,1.2438094616,-0.1551240236,0.1396959722,0.4967828691,-0.8423944116
7054781644721,0.3116956651,1.4179196358,1.2695569992,-0.5586977601,0.3449153900,0.3140895367,-0.6857391000
7055247689721,0.0811831430,1.5074837208,1.2902449369,-0.7529722452,0.3289655447,0.3013058007,-0.4837658107
7055480712021,-0.0416700318,1.5751520395,1.2638338804,-0.7683627009,0.3666316867,0.3553618193,-0.3858989477
7057577925321,-0.8077577353,2.3015267849,1.2869575024,-0.8706543446,0.3390317857,0.1846492887,-0.3048329651
7058510019821,-0.9081043601,2.4691386223,1.2865167856,-0.7995517850,0.3026391864,0.2820333242,-0.4354121685
7059675129621,-0.6449062228,2.2971470356,1.2649948597,-0.3828033507,0.1461742818,0.4401684403,-0.7989657521
7059908157421,-0.6230460405,2.2314283848,1.2617706060,-0.3784257770,0.2447915673,0.4211132526,-0.7871052623
7060141175121,-0.5799834132,2.1588723660,1.2887424231,-0.4106666446,0.2480270118,0.3560663462,-0.8019053936
7060840243721,-0.5241673589,2.1158049107,1.2555699348,-0.4934821129,0.2797217667,0.4345368445,-0.6995776296
7061306296821,-0.4604163170,2.1910932064,1.2546427250,-0.4574923217,0.2206055969,0.4850829840,-0.7118486762
7062005359321,-0.5931136012,2.2091047764,1.2851657867,-0.7400431037,0.3418596387,0.2591961324,-0.5179629922
7062238382321,-0.6289352179,2.2646262646,1.2697695494,-0.7972843051,0.4593479037,0.2465388328,-0.3042299151
7062471409821,-0.6323934197,2.3129816055,1.2342588902,-0.8090723753,0.5048394203,0.1644238830,-0.2519996762
7063869550321,-0.7845248580,2.7255773544,1.2417194843,-0.7156816721,0.4787563384,0.3041262329,-0.4075530767
7065267688421,-0.2156739086,2.7106177807,1.2811946869,-0.5309458971,0.3544410467,-0.3220234215,0.6991202235
7065500705721,-0.0807631910,2.7026224136,1.2813360691,-0.4864786863,0.3956981003,-0.2959353626,0.7205441594
7065733729621,0.0677714720,2.6760683060,1.2681396008,-0.5045856237,0.3290347159,-0.3398477435,0.7222416997
7066199777621,0.3651306331,2.5588996410,1.2796968222,-0.4228163660,0.1953047812,-0.4185127020,0.7796983123
7066432798621,0.4941481948,2.4445643425,1.2594202757,-0.3969815969,0.2155749500,-0.4160930216,0.7891766429
7068063966221,1.2256671190,1.5634009838,1.2680348158,-0.4578258991,0.3690214157,-0.3754633367,0.7164118290
7068530006621,1.2188737392,1.5655962229,1.2783254385,-0.6364139318,0.4186987579,-0.2957279980,0.5763797760
7069695125721,1.0212666988,1.9778552055,1.2637870312,-0.6369444728,0.4604887962,-0.2670830786,0.5576006770
7071093261621,0.2625328600,2.3894369602,1.2755608559,-0.6904141307,0.4151910841,0.2693311870,-0.5276414156
7071326284221,0.1237163320,2.4290404320,1.2965911627,-0.7027046084,0.2650116980,0.4212399423,-0.5084604621
7072025359821,-0.2498236597,2.6000530720,1.3030627966,-0.6506806612,0.3846536875,0.2507775128,-0.6047865748
7072258377021,-0.4065913558,2.4593050480,1.2738639116,-0.6757554412,0.2306954712,0.4672343135,-0.5213695765
7072491399921,-0.5127627254,2.4705989361,1.2842381001,-0.6199914813,0.2962147892,0.3989796340,-0.6071924567
7072724423421,-0.6600065231,2.4982786179,1.2727574110,-0.5379268527,0.4061721563,0.3117455840,-0.6696817279
7073656515921,-0.8876985908,2.1894366741,1.2802848816,-0.1436620802,0.1624864638,0.4825493097,-0.8485903144
7074122561121,-0.7413774729,1.9363206625,1.2347890139,-0.0580999479,-0.1656061113,0.5439713001,-0.8205450177
7074821652921,-0.6094167829,1.7161680460,1.2703274488,0.3360964060,-0.3066767752,0.4115415812,-0.7896975279
7075986747221,-0.1645412147,1.6206301451,1.2719296217,0.5258637071,-0.2823667526,0.3575249016,-0.7182703614
7076219771721,-0.0735673532,1.5620816946,1.2565373182,0.5411058068,-0.3176426888,0.3651485741,-0.6877311468
7076452794821,0.0017565030,1.5042171478,1.2924139500,0.5671122670,-0.3280988932,0.3024813235,-0.6922715306
7076685816321,0.0858189389,1.4742935896,1.2555735111,0.5659171343,-0.3821940124,0.3647419512,-0.6329525709
7077151861821,0.2223332077,1.5021421909,1.2872197628,0.5897098184,-0.3517127037,0.3024630547,-0.6611026525
7077617908721,0.3721344173,1.4439195395,1.2567008734,0.4988211691,-0.3311767876,0.4138596654,-0.6857256293
7077850931921,0.3980521560,1.3821114302,1.2894812822,0.5263235569,-0.2804192305,0.3831722736,-0.7053563595
7078083955221,0.4344115257,1.3229676485,1.2686928511,0.5306485295,-0.2693369389,0.3964820504,-0.6990506649
7078316977521,0.4807146192,1.3100968599,1.2829980850,0.5411452651,-0.3091703355,0.3824188709,-0.6821519732
7079482092921,0.7746652961,1.4702104330,1.3068443537,0.4934152663,-0.2142323703,0.3038123548,-0.7863485217
7079948140021,0.7815873623,1.2479805946,1.2871034145,0.3303917050,-0.2324781865,0.3390466571,-0.8496132493
7080181169421,0.8690908551,1.2918244600,1.2849051952,0.4906411469,-0.3713361919,0.2541588843,-0.7461796403
7080414200621,0.9045705795,1.3100593090,1.2844494581,0.6077377200,-0.3018283248,0.3234700561,-0.6594859362
7080647208121,0.9232205153,1.3482285738,1.2612681389,0.5451099277,-0.3491399288,0.2863020003,-0.7063906193
7084142562521,0.7601647973,1.2565128803,1.2664453983,-0.3675598502,-0.0171023235,0.5161414146,-0.7734374404
7084608603221,0.9757223129,1.3019436598,1.2001996040,0.2345442176,-0.5059627295,0.3935558200,-0.7308245897
7085307671421,0.9341948032,1.6302258968,1.2352969646,0.6449975967,-0.4293870628,0.3683926463,-0.5137039423
7085540700221,0.9192649126,1.5038763285,1.2571390867,0.5579849482,-0.2313624769,0.4782634377,-0.6374859810
7085773741521,0.8783575296,1.4045187235,1.2726747990,0.3289154768,-0.1945260465,0.4598198831,-0.8015859127
7086006740421,0.7886053324,1.3010497093,1.2849873304,-0.0258470252,-0.1406589746,0.4275882840,-0.8925890923
7086239765221,0.6604692936,1.2199972868,1.2975571156,-0.1099449992,-0.0440435000,0.4235213101,-0.8981102705
7088103948221,0.7397831678,1.2251245975,1.2721011639,0.6645553112,-0.3869006634,0.3440761566,-0.5387818217
7088569994921,0.7270667553,1.5574741364,1.2826263905,0.8715815544,-0.4559322000,-0.0346736498,-0.1768312901
7091133250321,-0.1933523566,2.5652930737,1.3582278490,0.6634901166,-0.0838794634,-0.2249176800,0.7086305022
7091366271521,-0.3330911994,2.5104944706,1.3177782297,0.5107719302,-0.1095781401,-0.3597829938,0.7730852962
7091832318321,-0.5621337295,2.3996379375,1.2848701477,0.3379467726,-0.1146788001,-0.5081451535,0.7838554978
7092298370921,-0.7893765569,2.4047894478,1.2938027382,0.2669611275,-0.0910163149,-0.4982172549,0.8198947906
7092997434321,-0.8397603631,2.2161815166,1.2500789165,-0.0790479630,0.0788179412,-0.5657069683,0.8170157671
7093230457221,-0.7340189219,2.1272819042,1.2169622183,-0.1570136696,0.2064145952,-0.6179052591,0.7422485352
7093463479721,-0.6780927181,2.0496253967,1.2539353371,-0.2784199119,0.2272896171,-0.5196099281,0.7751305699
7093696508421,-0.6133362651,1.9469035864,1.2035746574,-0.2996817231,0.3179607689,-0.5673376918,0.6980113983
7094162549821,-0.4772278666,1.7448912859,1.1847606897,-0.4142792225,0.4207408428,-0.5100167990,0.6254860759
7094628595521,-0.1889787316,1.7007617950,1.1893573999,-0.4806391895,0.4176490009,-0.4860050082,0.5986271501
7094861619221,-0.0402442403,1.6459254026,1.2197513580,-0.4688154459,0.3677512705,-0.4954264164,0.6320789456
7095327685621,0.2150332779,1.4458544254,1.2085630894,-0.3896905780,0.3071770370,-0.5624973178,0.6613473892
7095793711221,0.5126755238,1.4339115620,1.1918132305,-0.4847586453,0.4723438621,-0.4685352147,0.5677809119
7096026734521,0.5942662954,1.4675065279,1.2088397741,-0.5568544269,0.4843567908,-0.4291268289,0.5207321048
7096259757521,0.6975683570,1.3890424967,1.1947691441,-0.5013706684,0.3724305928,-0.5453079343,0.5590726137
7096958844721,0.9389344454,1.4142602682,1.2046794891,-0.5938692689,0.5136650801,-0.4197132289,0.4553112984
7097191850321,1.0087485313,1.2786880732,1.1684927940,-0.5043153763,0.3987638056,-0.5654474497,0.5166455507
7098123993321,0.8463376760,1.6669473648,1.1749346256,-0.6835539937,0.7270204425,0.0645902231,0.0048408196
7098356966021,0.8703948855,1.7313958406,1.2547848225,-0.7947580814,0.6025377512,-0.0659719408,0.0309136547
7099289058321,0.6845266223,2.0941054821,1.2534383535,-0.7547222972,0.5831322670,0.1895036846,-0.2333224714
7099755138921,0.5224429965,2.1999166012,1.2213979959,-0.6573249102,0.4764289260,0.4501538277,-0.3718884885
7101386283321,-0.0716352463,2.6320161819,1.2499148846,-0.5808565617,0.4716465771,0.3648906350,-0.5540848970
7101852319921,-0.2475795001,2.6832828522,1.2267676592,-0.5057328343,0.5201417804,0.3669414520,-0.5822720528
7102551381921,-0.5462744236,2.7975883484,1.1832742691,-0.5953892469,0.4604394734,0.5402280688,-0.3763783872
7102784405021,-0.6144316196,2.7329671383,1.2087957859,-0.4617135525,0.4781578779,0.4542442560,-0.5931677222
7104648592421,-0.6280285120,1.9828120470,1.2787908316,0.4096339047,-0.2088566273,0.5006814003,-0.7334147096
7104881612821,-0.4739567935,1.9390622377,1.2113655806,0.4510553181,-0.3403044939,0.5188770890,-0.6414893270
7105114637321,-0.4346180856,1.8115938902,1.2517890930,0.3687596917,-0.2953391969,0.4935827255,-0.7301830053
7105347658521,-0.3682564497,1.6714767218,1.2237161398,0.2454941720,-0.2145185620,0.5823223591,-0.7447248101
7105580681821,-0.1837004572,1.6798497438,1.2401390076,0.3904896379,-0.4680571556,0.4036697447,-0.6822691560
7105813711721,-0.0482677482,1.6329078674,1.2033281326,0.5001993179,-0.4767933488,0.3714406192,-0.6200811267
7106046728821,0.0614338852,1.4989159107,1.2178890705,0.4848000407,-0.1871854067,0.5820378661,-0.6254299283
7106279752521,0.1887407601,1.4540038109,1.2227586508,0.3910178244,-0.1781779379,0.5919349790,-0.6818876266
7106512773921,0.3634828627,1.4413083792,1.2324559689,0.3278718889,-0.3847012818,0.4706649780,-0.7231732011
7106978821221,0.5984582305,1.3222175837,1.2402542830,0.4718200564,-0.2906961143,0.4788346291,-0.6808810830
7107211849521,0.7569957376,1.3668440580,1.2433595657,0.3519537747,-0.4629386663,0.3339313865,-0.7418262362
7107677890021,1.0257049799,1.4338085651,1.2214728594,0.4691455066,-0.3528160453,0.4830473363,-0.6496835351
7110241146021,0.2604981363,2.3924493790,1.2535314560,0.7163158655,-0.5102605820,-0.2928802967,0.3751623631
7110474166721,0.1375122368,2.5083937645,1.2585870028,0.7597376704,-0.4964400232,-0.3089777827,0.2843920588
7111872305621,0.1017620414,2.7698585987,1.2117522955,0.3484053612,-0.4169301689,0.5392619371,-0.6434124112
7112338352521,0.2095930427,2.4656491280,1.1818342209,0.1434119195,-0.2218717635,0.6876462698,-0.6762755513
7112571381921,0.2962369621,2.3724834919,1.1939288378,0.1555664092,-0.1918142885,0.6731618047,-0.6970363259
7113270445021,0.5010642409,2.1392266750,1.2363620996,-0.1677467823,0.0296871364,0.6019563675,-0.7801463604
7113503468321,0.4730903506,2.0219109058,1.2473733425,-0.2393675447,-0.0205281265,0.5710583329,-0.7849676609
7113736490421,0.3797629476,1.9282292128,1.2761310339,-0.2455931008,0.1333042830,0.4881051779,-0.8268417716
7113969550121,0.2762073576,1.8799865246,1.2740824223,-0.4171894193,0.2736819088,0.4241939485,-0.7557187080
7114435561121,0.1055380628,1.7187671661,1.2874320745,-0.5932016969,0.2085585743,0.4412259459,-0.6402614713
7114668583321,-0.0144331744,1.6795630455,1.2838188410,-0.5979675055,0.2993603349,0.4030776322,-0.6247773767
7114901608121,-0.1034802124,1.7127338648,1.2878319025,-0.6370460987,0.3539747000,0.3369101882,-0.5961256623
7115833699421,-0.4002096355,1.8493835926,1.3260653019,-0.5413314104,0.1327945888,0.3332236111,-0.7604525089
7116532768221,-0.7234882712,1.9415851831,1.3391655684,-0.8893371820,0.2612065077,0.2152421176,-0.3074433506
7118163934421,-0.8969573975,2.0080780983,1.3095676899,-0.0446798056,-0.0828422010,0.4039852917,-0.9099103808
7118629975721,-0.7970738411,2.0020236969,1.2858347893,-0.1822910756,-0.1685131788,0.4250966609,-0.8704402447
7118862999721,-0.7808165550,1.9244923592,1.2809473276,0.0079506626,-0.1730367541,0.4420749843,-0.8800935745
7119795091921,-0.6266181469,1.6563283205,1.2504234314,0.2331243157,-0.0608793721,0.4962913096,-0.8340513110
7120028115821,-0.4334366322,1.6791472435,1.2644146681,0.2033769637,-0.2262776494,0.4430674314,-0.8432838321
7120727189921,-0.1471082419,1.5863574743,1.2561210394,0.4139570892,-0.2228185683,0.4220736623,-0.7751421332
7120960208021,-0.0957209617,1.4659173489,1.2593485117,0.4202927053,-0.1057320982,0.4774155021,-0.7643620372
7121193231021,-0.0094146533,1.3637031317,1.2123135328,0.4129638374,-0.0205714926,0.5477614403,-0.7273205519
7121426255421,0.1152365357,1.3804464340,1.2488900423,0.4094917476,-0.0740262419,0.5088809729,-0.7535760999
7121659276321,0.2850966156,1.4870870113,1.2705466747,0.4215247333,-0.2587788701,0.4198066294,-0.7609944940
7121892326721,0.4222366810,1.5731068850,1.2401949167,0.4189366102,-0.3902082145,0.3484560847,-0.7421644926
7122358349521,0.5455043316,1.4410732985,1.2707264423,0.5356842279,-0.2307401747,0.4175071418,-0.6967705488
7122591371621,0.6318910122,1.3272337914,1.2576181889,0.5113734603,-0.1674562246,0.4725468159,-0.6979649663
7122824392121,0.7201662064,1.2691949606,1.2522789240,0.4386020005,-0.1806360334,0.4889348149,-0.7320804000
7123057452821,0.8057257533,1.2331136465,1.2530881166,0.3332445025,-0.2467306256,0.4588821232,-0.7858113050
7124688612021,0.2896994054,1.2733422518,1.2325332165,-0.6941795945,0.2375268936,0.4804753363,-0.4804571867
7127484861221,-0.9610942006,1.9860038757,1.2446842194,-0.3289566338,0.2399147749,0.5238119960,-0.7482309341
7130048109321,-0.6246013045,2.3409194946,1.2661956549,-0.8467724919,0.5274452567,-0.0244091693,0.0646691695
7130980201821,-0.2090021223,2.7045633793,1.2516318560,-0.6981289387,0.4961583614,-0.2485098243,0.4524220228
7131446247321,-0.0375298411,2.6068685055,1.2673275471,-0.5196807384,0.2958346307,-0.3793420196,0.7060548067
7132611362821,0.4497524500,2.2806096077,1.2579625845,-0.3587604463,0.2308817357,-0.4400686324,0.7901419401
7132844394121,0.5441348553,2.1998879910,1.2712810040,-0.3064090014,0.2032920122,-0.3916346729,0.8434501886
7133543455221,0.7762890458,1.8434445858,1.2458542585,-0.2987543344,0.2593578696,-0.4435889423,0.8041817546
7133776478321,0.8568137288,1.7287399769,1.2089464664,-0.2618558407,0.2842659354,-0.5191078186,0.7623328567
7134242531921,0.9507820606,1.4182747602,1.1929419041,-0.0747595951,0.1399315149,-0.6152457595,0.7722064853
7134475548821,0.8762045503,1.3179621696,1.1881459951,0.1118512601,0.0078578414,-0.6404208541,0.7597951293
7134708570821,0.7466922998,1.2875738144,1.1947925091,0.2290226221,-0.1071883142,-0.6113853455,0.7498449087
7135174617521,0.4126657844,1.3911224604,1.2280312777,0.5701230764,-0.3772507906,-0.3837458193,0.6207903624
7137038807621,-0.5320512652,2.0173616409,1.2467552423,0.6085119843,-0.3230241537,-0.3885926306,0.6118531823
7140068102621,-0.2882788181,1.7337571383,1.0541921854,-0.3592553735,0.2631365359,-0.6831880212,0.5787478089
7140301124921,-0.3653835356,1.5594400167,1.0587570667,-0.1319957525,0.0524649322,-0.7359077930,0.6620153785
7141932287121,-0.0727510527,1.5945072174,1.0835855007,-0.4755594134,0.3963987231,-0.5968462229,0.5103781223
7142165310221,0.0230650846,1.8013315201,1.1390651464,-0.5917094946,0.4720896780,-0.4082945585,0.5102026463
7142631357621,0.1697393954,1.8287314177,1.0456694365,-0.3297148645,0.5338945985,-0.5868350863,0.5117316246
7143330425721,0.2212543935,2.0199449062,1.0868985653,-0.5503064990,0.5751828551,-0.3922726214,0.4609227180
7143563449221,0.2002277970,1.8513209820,1.0728210211,-0.3295132220,0.3890358806,-0.6468389630,0.5671609640
7143796478621,0.1913453043,1.8324695826,1.1113675833,-0.3579079211,0.5009917021,-0.4373948872,0.6554349661
7144262520421,0.1931689084,1.9326782227,1.1538077593,-0.4793907404,0.4146295488,-0.5739237070,0.5185349584
7144728564621,0.0741212890,1.9201277494,1.2584530115,-0.3397566974,0.2331328839,-0.4352094233,0.8005042672
7145194638721,-0.1551518887,1.8869105577,1.2483671904,-0.1135664657,0.0718450695,-0.5245330930,0.8407176137
7145427633921,-0.2548405230,1.8738846779,1.2391327620,-0.0107969996,0.0316416137,-0.4847162664,0.8740323186
7145893681421,-0.4616609514,1.8191039562,1.2470128536,0.3540186584,-0.1538673192,-0.4442561865,0.8084751964
7147058796421,-0.6472303867,2.3162600994,1.2482048273,0.8283389211,-0.5327110887,-0.0729688704,0.1573186964
7147291819121,-0.6497031450,2.4058673382,1.2591876984,0.8342427015,-0.5439642668,-0.0687535852,0.0584374331
7148922980621,-0.6871960759,2.5762169361,1.2735496759,0.0265312009,0.1093824580,-0.5270229578,0.8423647881
7149622073321,-0.4809901714,2.3397586346,1.2291026115,-0.3831627369,0.3671927750,-0.4868571460,0.6937765479
7150554148721,-0.2949166894,2.1475193501,1.1301445961,-0.4237535298,0.6628625989,-0.3490616679,0.5091190338
7151020188521,-0.0600484684,2.0507953167,1.1622062922,-0.4588395357,0.6244888306,-0.3450073898,0.5295752287
7151719259721,0.2699289322,1.6126879454,1.2083207369,-0.4925279915,0.4370234907,-0.4702686369,0.5876002312
7151952286821,0.3370163739,1.4378173351,1.2107335329,-0.4060377777,0.2669658065,-0.5558788776,0.6744340658
7152185304121,0.4461471140,1.3241106272,1.1774755716,-0.2537234724,0.1548200846,-0.6076476574,0.7364913821
7155447627921,-0.3492215872,2.0086755753,1.2264215946,0.7319270968,-0.5521511436,-0.2607317567,0.3023755252
7155913680921,-0.5371635556,2.2987029552,1.2249182463,0.7196549773,-0.5416464806,-0.3053552806,0.3089886010
7156146698521,-0.6929898858,2.3337638378,1.2283456326,0.6648321748,-0.4492962062,-0.4351911247,0.4083379507
7156379720221,-0.8048157096,2.2458643913,1.2384488583,0.4719239473,-0.2969753444,-0.4695467353,0.6845577955
7156612743921,-0.8537291884,2.1752979755,1.2535980940,0.2340246886,-0.1517342925,-0.5156828761,0.8101113439
7157078789921,-0.7611944079,2.1981661320,1.2489261627,-0.3175851405,0.2616999447,-0.5079731345,0.7567141056
7157311819821,-0.7387796640,2.2146141529,1.2291551828,-0.3315083086,0.3037796617,-0.5335707068,0.7163257599
7158942975321,-0.2833388448,2.0692546368,1.0972096920,-0.3728437424,0.7124856710,-0.3491584361,0.4810822904
7162904367821,0.1470688730,1.8213981390,1.2087572813,-0.4976510704,0.4848319590,-0.4421214163,0.5672830939
7163137391021,0.1326909363,1.8563225269,1.1875514984,-0.4427850544,0.5401712656,-0.4467998445,0.5590404272
7164069488521,-0.0295089073,1.8863377571,1.1467009783,-0.3519213498,0.4306995571,-0.5841080546,0.5911574364
7164302507021,-0.0397830233,1.7615607977,1.1317607164,-0.2613643110,0.2939370275,-0.6688443422,0.6308224797
7164535529621,-0.0238617659,1.6817637682,1.1991165876,-0.3106502891,0.1984452754,-0.6198652387,0.6927359104
7165001575421,0.1619348377,1.6531875134,1.2929613590,-0.5385630131,0.3607767522,-0.3696396649,0.6657000184
7165467631721,0.3458460569,1.4916743040,1.3076894283,-0.5556262136,0.0932531357,-0.4332910180,0.7034502625
7165700648221,0.5070116520,1.5459063053,1.3058570623,-0.5019846559,0.2430852056,-0.3409095109,0.7567706108
7166166690921,0.7164842486,1.4499788284,1.3189162016,-0.5256080031,0.2352563441,-0.3434899747,0.7418930531
7166399714821,0.7612816691,1.3207343817,1.2806433439,-0.5248680115,0.0654581338,-0.4350526333,0.7286686301
7167098795521,0.8552702665,1.2465194464,1.2596242428,0.1164697781,-0.1154654846,-0.4957610071,0.8528326750
7168030883021,0.4784139693,1.3963581324,1.2474802732,0.7535948753,-0.3736488819,-0.3322041929,0.4267571867
7171992269421,-0.7206027508,2.7010385990,1.2842117548,0.3829624951,-0.1095991209,-0.4983633757,0.7700401545
7172691338221,-0.9252380729,2.6479325294,1.2646095753,0.2372831106,-0.0604851395,-0.5734353065,0.7817994356
7173157385321,-1.0322914124,2.5920994282,1.2682112455,0.4759210348,-0.2495554239,-0.4608379006,0.7062929869
7177817848221,-0.0525437891,2.7686934471,1.2400379181,0.5253572464,-0.5261441469,0.3143721521,-0.5902053118
7178050869621,0.0839340463,2.7595796585,1.2181571722,0.4921818674,-0.4987951815,0.4220892191,-0.5751531124
7178283894121,0.1556527317,2.6090743542,1.2429428101,0.4337231219,-0.1703517288,0.5905420780,-0.6588814259
7178516916821,0.2426147610,2.4883384705,1.1969107389,0.2973046303,-0.0537493415,0.6465499997,-0.7004956007
7178982997321,0.6258461475,2.3334665298,1.1897445917,0.2307997793,-0.3108778596,0.5860938430,-0.7117447257
7179215985221,0.6703353524,2.1582427025,1.1859291792,0.2301154435,-0.0031723054,0.6505883932,-0.7237207294
7179682032521,0.9063928127,1.9101516008,1.1992443800,-0.0188282784,-0.1562576890,0.6136888862,-0.7737021446
7179915055221,0.8657435179,1.7695581913,1.2097334862,-0.0551426150,-0.0930448920,0.6185200810,-0.7782897949
7180148077921,0.7877081037,1.6288394928,1.1992514133,-0.0821568742,0.0247737560,0.6346662641,-0.7680073977
7180381105921,0.6974560618,1.5794875622,1.2512038946,-0.2908935249,0.1825194359,0.4552074671,-0.8214948773
7180614125121,0.5997847319,1.5285193920,1.2315238714,-0.4157404304,0.3690163493,0.3755759299,-0.7415723801
7180847148121,0.5880283713,1.4519653320,1.2713195086,-0.5630789995,0.3206911981,0.2512537539,-0.7190067768
7181313193121,0.4508434832,1.4971767664,1.2489591837,-0.7589551210,0.4425989985,0.1473794729,-0.4542825520
7182012262721,0.0511000864,1.6745725870,1.2690047026,-0.8172986507,0.2813520133,0.2874125540,-0.4126233459
7185274586121,-0.6860262156,2.6467936039,1.3137433529,-0.6594713330,0.2401464880,0.2328030318,-0.6732235551
7185973656621,-0.6925743818,2.4057781696,1.3004857302,-0.8027184606,0.2927004695,0.2379426062,-0.4619011283
7187138781021,-0.5466177464,2.4055879116,1.2923018932,-0.8093869686,0.3706671000,0.1560055166,-0.4279731512
7191100170221,-0.7514970303,2.3950870037,1.2420080900,-0.7241845727,0.4901582599,0.3024736941,-0.3792245984
7191333187821,-0.7041074634,2.3045217991,1.2300826311,-0.7098972797,0.4392888844,0.3850753605,-0.3934313059
7191799235921,-0.4374848604,2.3596644402,1.2306602001,-0.7182729244,0.5624670982,0.1472191960,-0.3821536303
7194595524221,-0.7304857969,2.5709981918,1.2902135849,-0.3750755787,0.1865090281,0.4007773101,-0.8148069382
7194828534421,-0.7496412992,2.4784259796,1.3096891642,-0.3302659094,0.1093909517,0.3688473403,-0.8619221449
7195527603021,-0.8925511241,2.2401223183,1.3183537722,-0.4043246806,0.0505830534,0.3173899055,-0.8562865257
7195760627321,-0.9446790218,2.1903674603,1.3138673306,-0.3317434490,0.0404263213,0.3364938200,-0.8803885579
7197158765321,-0.2781894803,2.5407898426,1.2688637972,-0.7819865942,0.4191419184,-0.1706115007,0.4286126196
7197857841821,0.2284008712,2.4656002522,1.2991398573,-0.4885398746,0.2157043517,-0.3667679131,0.7617622614
7198090858121,0.4040846527,2.3678374290,1.2406157255,-0.3509407938,0.3474937379,-0.4278637469,0.7569817901
7199488997621,0.9727503657,1.8443214893,0.9766031504,-0.0960686132,0.3475198150,-0.8059966564,0.4694361389
7203217373221,1.4530596733,1.6239669323,1.1167430878,-0.6306092739,0.5128244758,-0.3721044660,0.4481978118
7203683412121,1.3092511892,1.8636610508,1.1863474846,-0.7728775144,0.5675421953,-0.1804206371,0.2190997750
7204149458221,1.2052671909,1.9055346251,1.2312048674,-0.8328089118,0.5488256812,-0.0671012029,0.0267810840
7204615511521,1.0304708481,1.8091493845,1.2609450817,-0.8477314115,0.4928897619,0.0816874802,-0.1781526655
7205547597521,0.8010318875,1.8956961632,1.2390528917,-0.7904008627,0.4979518354,0.2695382535,-0.2337940782
7205780621621,0.7163422704,1.8485959768,1.1789220572,-0.7359145880,0.4588450193,0.4108686745,-0.2812079489
7206479689921,0.6048225164,1.8220002651,1.2446901798,-0.7696108818,0.4359751940,0.3553718328,-0.3022178113
7207411787421,0.6352126598,1.9551693201,1.2417486906,-0.7826147676,0.3304892778,0.3513221145,-0.3935273588
7207877828421,0.5563499331,2.0186629295,1.2613773346,-0.7432516813,0.4411910772,0.0886044577,-0.4950520694
7209508990421,-0.1420758665,2.4211900234,1.2191596031,-0.6920854449,0.5643515587,0.2545850575,-0.3710950911
7210674105321,-0.6433312297,2.7109186649,1.1764785051,-0.6073305011,0.6789239049,0.1351516247,-0.3898026943
7213703406121,-0.6079092622,2.4206144810,1.2023688555,-0.5955682993,0.3770560026,0.5057537556,-0.4973333180
7217897822821,1.1276715994,2.2116150856,1.1435141563,-0.4621597230,0.3406701982,-0.6269814968,0.5265420675
7220927128721,0.3081411123,2.4213681221,1.2769563198,-0.7463538051,0.3309758008,0.3190484643,-0.4812681973
7221160147221,0.2319301367,2.4430704117,1.2903096676,-0.7901474237,0.2910077870,0.2915225923,-0.4538679421
7221626192121,0.0031796736,2.4283361435,1.2840417624,-0.6287262440,0.3189877868,0.2711096108,-0.6553241014
7226286660221,-0.2165971398,2.4527671337,1.2951029539,-0.6030604839,0.3231318891,-0.3266460896,0.6520784497
7226752700521,0.0318488255,2.3877727985,1.2956486940,-0.4397360682,0.2900789082,-0.3448312581,0.7769027352
7227218746721,0.3019852042,2.2966451645,1.3097794056,-0.4629700184,0.2196630239,-0.3846243024,0.7677702308
7227451770421,0.4141128361,2.1566824913,1.2727266550,-0.3705671430,0.1798139364,-0.4299162030,0.8034418821
7227684800521,0.5434786677,2.0649971962,1.2853634357,-0.4168426692,0.2830092013,-0.3719379604,0.7796218395
7228150839121,0.7615568638,1.8769327402,1.2749458551,-0.4811810851,0.2298967689,-0.4034062624,0.7435560822
7228616884921,0.9668956995,1.6411395073,1.2531719208,-0.2233242840,0.1646247357,-0.4740489423,0.8356450796
7229082937021,1.1884362698,1.5014309883,1.2205892801,-0.3568791449,0.4136406183,-0.3849387169,0.7438823581
7232112231321,0.4084267914,2.5241353512,1.3041968346,-0.8697422743,0.3677912354,0.2224089205,-0.2425125390
7232345254821,0.2322460115,2.5274584293,1.2889730930,-0.7912567258,0.2915488780,0.3370543718,-0.4186961651
7232578278721,0.1048676446,2.5458190441,1.2995706797,-0.6529808640,0.3086405396,0.3393200636,-0.6026765108
7232811301721,-0.0225520525,2.5383546352,1.2715476751,-0.5547779799,0.3142580986,0.3724800348,-0.6743307710
7233044379621,-0.1245399490,2.5178828239,1.3021168709,-0.5718697309,0.1934378147,0.3647543788,-0.7088731527
7233277346921,-0.2753998339,2.5525820255,1.2876071930,-0.6022421122,0.2551814914,0.3766915798,-0.6559652090
7233976417021,-0.5349601507,2.7662584782,1.3203940392,-0.7785208225,0.2452117354,0.3182564974,-0.4821715951
7234209440721,-0.6561056376,2.7191522121,1.2690830231,-0.5582631230,0.2293201834,0.4830007255,-0.6344011426
7234442468521,-0.6329737306,2.5966243744,1.2911564112,-0.3545730710,0.0466510318,0.4829018116,-0.7993168831
7234908509421,-0.6436496973,2.4056673050,1.3229707479,-0.2609981298,0.0479596257,0.3627470732,-0.8933053017
7235141532921,-0.7179412246,2.3060097694,1.2868703604,-0.3031212687,0.0792249590,0.4559297860,-0.8330480456
7235374554821,-0.8141086698,2.2980144024,1.3104646206,-0.3786989152,0.1163842306,0.3664070368,-0.8418953419
7236073625121,-1.0156403780,2.2048757076,1.3185844421,-0.5233104229,0.1824857295,0.3491404057,-0.7556098104
7237238742921,-0.3144301772,2.2685856819,1.2698407173,-0.6748760939,0.4295666516,-0.1702716351,0.5753455162
7237471765721,-0.1797907054,2.2300353050,1.2889289856,-0.5073575974,0.3960046768,-0.1370340437,0.7529876232
7237937810621,0.1507812291,2.0676958561,1.3103332520,-0.5012998581,0.2405960858,-0.3258910775,0.7645960450
7238170833521,0.2281636000,1.9248441458,1.2933636904,-0.4120446742,0.1041867509,-0.4755628109,0.7701976299
7238636878721,0.4966014922,1.7621634007,1.2574306726,-0.4367342293,0.0727101788,-0.5052944422,0.7407118678
7239102925721,0.8222302198,1.8060643673,1.2702134848,-0.5142486691,0.3428573906,-0.3483922184,0.7047126889
7239568972121,0.9899444580,1.6948820353,1.2465770245,-0.4922410846,0.0804043636,-0.4906684458,0.7144777179
7239802000221,1.0943710804,1.7857933044,1.2629854679,-0.4333165288,0.2867629230,-0.3674985766,0.7713291645
7240035018221,1.1579409838,1.7882324457,1.2590695620,-0.4836505949,0.3556322753,-0.3285874426,0.7291351557
7240268041421,1.1858021021,1.6949437857,1.2702757120,-0.6138927341,0.2498020530,-0.3752171099,0.6480330229
7245161532321,-0.2707638741,2.6156768799,1.3043450117,-0.4297466874,0.1753989607,0.3006901741,-0.8331497312
7245860596121,-0.4133829474,2.3449680805,1.2996408939,-0.2534836531,-0.0330488123,0.4416777790,-0.8599852324
7246792688421,-0.6653914452,2.1009938717,1.2739534378,-0.4568991363,0.1892331541,0.4060842991,-0.7684590816
7249821988621,0.0492306538,2.6081180573,1.2613108158,-0.4525947869,0.4057169557,-0.3312782943,0.7216691971
7250521057421,0.3498375416,2.2540168762,1.2699075937,-0.2700621486,0.2218549401,-0.4520008564,0.8206961155
7250754084721,0.4438056946,2.1053752899,1.2660076618,-0.2837382257,0.2231346816,-0.4557743669,0.8136174679
7251220127421,0.5755802393,1.8102097511,1.2789753675,-0.3003001809,0.2183458060,-0.4232734442,0.8264288306
7251453184221,0.6725694537,1.6994003057,1.2720381021,-0.2752048969,0.2465661317,-0.4084087610,0.8346675038
7251919219921,0.8262825608,1.5010074377,1.2509498596,-0.3628699780,0.2144192010,-0.4120090008,0.8078356981
7252152220321,0.8820514083,1.3681989908,1.2584085464,-0.3832341135,0.1239731163,-0.4131002426,0.8167683482
7252618267221,1.0554645061,1.1585222483,1.2691353559,-0.4529606998,0.2182648927,-0.3736964464,0.7794472575
7254016403921,0.9693787098,1.5267153978,1.2489391565,-0.8534185886,0.5024543405,0.0718998536,-0.1185194105
7256113617621,0.1004310176,2.3332939148,1.3134875298,-0.7737927437,0.2297161222,0.1459056288,-0.5720025897
7257045704421,-0.2760299146,2.6596279144,1.3168134689,-0.6888034940,0.2033563852,0.2769432664,-0.6383560896
7257977798121,-0.7453306913,2.6830790043,1.2972425222,-0.6789271235,0.2378618121,0.2691271901,-0.6403517723
7258676873521,-0.9861322641,2.5648174286,1.2932960987,-0.1163574606,0.0125539238,0.4123734534,-0.9034664035
7259841982721,-0.9305375218,1.9230581522,1.2589437962,-0.1702198386,0.0596722141,0.4448043108,-0.8772762418
7260541050921,-0.6030492783,1.7099299431,1.2416255474,0.3757013083,-0.3149067163,0.4153576791,-0.7662639022
7260774075221,-0.4587019682,1.7050901651,1.2459468842,0.4229324758,-0.3434749246,0.3787278235,-0.7481432557
7261007097821,-0.3250959218,1.6643049717,1.2504427433,0.4552839696,-0.3344262242,0.3936793506,-0.7251843214
7261706167421,0.0171039756,1.4508452415,1.2541527748,0.5290437937,-0.2770709097,0.4333466887,-0.6749482751
7262172212921,0.2661543787,1.4003322124,1.2473833561,0.5175001621,-0.3586848676,0.4009992480,-0.6653859615
7262405237321,0.3833577037,1.4202663898,1.2447179556,0.4977995455,-0.3502562940,0.4007898867,-0.6847508550
7262638259121,0.5339472294,1.4318785667,1.2513060570,0.4690159559,-0.3459908366,0.4346237183,-0.6865978837
7262871290021,0.6431847811,1.3913687468,1.2131199837,0.4273707867,-0.3226181865,0.5531644225,-0.6381856799
7263104310021,0.6878352165,1.3281874657,1.1755517721,0.3905347288,-0.2696583569,0.6410061717,-0.6032231450
7263337328621,0.7263195515,1.3027220964,1.1741009951,0.4073086679,-0.3139027357,0.6277471185,-0.5843785405
7263803374221,0.7816728950,1.2792637348,1.1721087694,0.4694800079,-0.3800692558,0.5928874016,-0.5325602889
7264036398621,0.7948430181,1.2849931717,1.1644049883,0.5173521042,-0.4299217165,0.5730805993,-0.4680735469
7264502446121,0.8041003942,1.3985668421,1.2038828135,0.5980017185,-0.5018573403,0.4419651926,-0.4418144226
7264968490721,0.8497880697,1.6142801046,1.3325040340,0.5291584134,-0.5354455709,0.2535158098,-0.6074695587
7265201513821,0.9244796038,1.7274323702,1.2702399492,0.3917970955,-0.5279767513,0.3124654889,-0.6856390834
7265434536321,0.9727274776,1.7864512205,1.0872111320,0.2692922354,-0.4307776988,0.4936065972,-0.7058787942
7265900582821,1.0064309835,1.8882727623,0.7200918198,-0.0970283747,-0.3159639537,0.6220650673,-0.7097798586
7311573119121,-0.1189216077,2.6598088741,1.1561577320,-0.3648707569,0.5801195502,0.5846980214,-0.4341185391
7312738228821,-0.3088480234,2.2534213066,1.3153353930,-0.2699987292,0.0954054818,0.4490603805,-0.8463706970
7312971257121,-0.4222013056,2.2870314121,1.3193082809,-0.2736191750,0.1978305131,0.4136868119,-0.8454933167
7313670320621,-0.3997727931,2.1060533524,1.2236740589,-0.0916906521,0.2090858519,0.6274608970,-0.7444251180
7314136366721,-0.4365614355,2.1644644737,1.3135726452,-0.2628231347,0.1238923222,0.4719811082,-0.8323512673
7314369422521,-0.4291341901,2.2261304855,1.3318588734,-0.0716560334,-0.0263005383,0.3829474747,-0.9206112027
7317165667421,-0.3924947679,1.8821876049,1.2477054596,-0.6014634967,0.3364233375,0.4163080752,-0.5930839777
7318796828721,-0.1560527086,2.1842596531,1.3378049135,0.4117692411,-0.1349246651,0.3938722610,-0.8106207848
7319495898921,-0.1072696820,2.2049007416,1.2681274414,0.5346120000,-0.2730297148,0.3878898621,-0.6994186044
7319961944121,-0.0018440094,2.1282782555,1.2874346972,0.2878572643,-0.1634754092,0.4282252789,-0.8408550620
7320194967621,0.0555610359,2.1237111092,1.3019186258,0.4478470683,-0.3023673892,0.3521783650,-0.7641841769
7322758222121,0.2250341475,1.7431285381,1.2647408247,0.3876259029,-0.1734586358,0.4325817823,-0.7953184247
7322991251021,0.2293414176,1.7598298788,1.2566494942,0.3017742932,-0.1527579576,0.4672422409,-0.8168733120
7323224267321,0.3205336034,1.9511884451,1.2854459286,0.4490907490,-0.3031161427,0.3701588213,-0.7545996904
7328117770021,-0.5961806178,2.1408896446,1.2034538984,0.2632429898,-0.2186566442,0.5567607284,-0.7569081187
7329049849221,-0.1247322112,1.7537600994,0.9994726181,0.2860587835,-0.3687587082,0.7519516945,-0.4655706584
7329981938221,0.3819875419,1.3730654716,1.0024623871,0.2124184668,-0.2143434733,0.7984220982,-0.5210158229
7330914030321,0.9170122147,1.3006699085,0.9960156679,0.3971943557,-0.3176662326,0.7554392219,-0.4130816162
7332079146421,1.1752454042,1.1825028658,0.9346107244,0.2586027086,-0.2778275907,0.8212409019,-0.4260281920
7333011238321,0.7830551267,1.1182721853,1.0382971764,-0.1703764945,0.2142684311,0.7457591891,-0.6073747277
7338137748121,0.3033918142,2.5186710358,1.1915038824,-0.5477323532,0.3922998607,-0.3406612277,0.6557743549
7338603799221,0.5743041635,2.4866492748,1.2362583876,-0.4641031027,0.3183550239,-0.4728494883,0.6779910326
7338836820221,0.6711989641,2.4271273613,1.2465291023,-0.4024190009,0.2065549642,-0.4244190753,0.7843866944
7339302862321,0.8664507866,2.2294881344,1.2486103773,-0.4434127808,0.3248735070,-0.3275843263,0.7684599757
7341167047521,0.2574652731,1.5733324289,1.2419593334,0.7178840041,-0.2176286280,-0.3443685770,0.5645269752
7341866116621,-0.1025447398,1.8799182177,1.0882284641,0.7439219356,-0.5735304356,-0.2475440055,0.2374132276
7343031232621,-0.5933793783,2.3689024448,1.1316465139,0.6763904095,-0.5943062901,-0.3377510309,0.2742634416
7345594487221,-0.5895920992,2.5496666431,1.2075755596,0.7173927426,-0.5154349804,-0.3709706068,0.2864531577
7349788922121,-0.6426410675,2.6184589863,1.2030159235,0.7422524095,-0.5126642585,-0.2914907038,0.3182293475
7351886110821,-0.6579214931,2.4545488358,1.1644003391,0.6074008942,-0.5702033639,-0.4222094417,0.3573114872
7356080526821,-0.5503049493,2.1502323151,1.2573792934,0.6184979081,-0.2592622340,-0.4368927181,0.5994732380
7358410758121,-0.2538031638,1.6579798460,1.1025912762,-0.0519806743,0.0204779692,-0.7611727118,0.6461383700
7359342850521,0.0759594217,1.6447257996,1.1967346668,-0.5237333179,0.3289716542,-0.3773708940,0.6892549396
7359575873421,0.1479051411,1.5848766565,1.2570831776,-0.5011509061,0.2186649740,-0.3602041304,0.7558349371
7359808896921,0.2000061274,1.5412859917,1.2206574678,-0.4516707957,0.2300539613,-0.4006185532,0.7632650137
7360041918521,0.2175537050,1.4508831501,1.2583265305,-0.4088926017,0.1448550820,-0.3213612139,0.8417546153
7360274979421,0.3348467648,1.4010719061,1.1996358633,-0.5059176683,0.3096296489,-0.4072306156,0.6945071220
7360974011921,0.4657784402,1.3381884098,1.2442778349,-0.3252336085,0.0069758715,-0.4937419593,0.8064697385
7361440058621,0.6090683341,1.4700938463,1.2284061909,-0.5727676153,0.4568129182,-0.1938033998,0.6524565220
7362139126721,0.7030643821,1.1687463522,1.2027859688,-0.4058170021,0.2153881639,-0.5165370107,0.7225718498
7362605174021,0.9285492301,1.3821084499,1.1597765684,-0.5084848404,0.5057779551,-0.2925350368,0.6324990392
7363537274321,0.8338479996,1.0684759617,1.2113238573,-0.0612753369,0.0603994988,-0.5145655274,0.8531234264
7364469357621,0.3264277577,1.4091075659,1.2230731249,0.4601141810,-0.3286091685,-0.4326863289,0.7022062540
7365401450121,-0.1277846247,1.8483059406,1.2543247938,0.8024756908,-0.2876117527,-0.3199239373,0.4134742320
7369595867221,-0.1726138443,2.2544746399,1.2172125578,0.6569055319,-0.3319037855,-0.3922784328,0.5517541170
7369828894621,-0.2761931121,2.1298108101,1.2089943886,0.4692948759,-0.1653909236,-0.5090671182,0.7023238540
7370294936621,-0.3716537654,2.0958933830,1.2286213636,0.2142468393,0.0344157517,-0.4640261531,0.8588327169
7370527959221,-0.5001276731,2.1180522442,1.2135751247,0.2768523097,-0.1432850808,-0.5582407713,0.7688885331
7370760981621,-0.5941563845,2.1743216515,1.1560708284,0.3164622188,-0.4587061107,-0.4570162296,0.6932363510
7371926097121,-0.5854229927,1.9853584766,1.0208472013,0.2849889100,-0.2436282188,-0.7922680974,0.4813916981
7372392150421,-0.4566299319,1.9027870893,1.1888389587,0.2509537637,-0.1876057088,-0.6063877344,0.7308353782
7372858195121,-0.5671650171,1.9539450407,1.2114531994,0.3681223691,-0.3288010955,-0.5217413306,0.6958172917
7373790288821,-0.4922351539,1.9851750135,1.0993807316,0.3888615966,-0.5833239555,-0.5007813573,0.5076789260
7375188426621,-0.1724788845,1.9488558769,1.0157722235,0.1135272160,-0.2753120959,-0.7947039008,0.5289240479
7378683795621,-0.0067406027,1.5699059963,1.1080065966,-0.2036529630,0.0409793407,-0.7300355434,0.6510717273
7379149821421,0.2329279929,1.5905442238,1.1267623901,-0.2866787910,0.3239491284,-0.6284529567,0.6464666724
7379615859521,0.4064877927,1.5891679525,1.1692610979,-0.3755231500,0.2190118432,-0.5883972049,0.6817660928
7380081907021,0.4672434032,1.5040916204,1.2432816029,-0.4472633600,0.2088899910,-0.4901333153,0.7183939219
7380314929221,0.5363287926,1.3915697336,1.2521498203,-0.4655939341,0.2260477096,-0.4692154229,0.7155150175
7380547958521,0.6379463077,1.3546663523,1.2006162405,-0.5173804760,0.3275364339,-0.4360210001,0.6594868898
7381013999521,0.7705979943,1.4020706415,1.1988480091,-0.5603548288,0.3759516478,-0.4085360765,0.6146228313
7381480045521,0.7596623898,1.2477878332,1.1992111206,-0.3548863530,0.2627027333,-0.4923372567,0.7500980496
7382412138221,0.4128692150,1.0824025869,1.1895295382,0.4826009870,-0.0621050224,-0.5794564486,0.6538115740
7382878183521,0.1805894077,1.4949485064,1.1938377619,0.6264842749,-0.5608990788,-0.2560739517,0.4767976105
7387538646621,-0.0323436782,2.3927457333,1.2535184622,0.4926735163,-0.3077026308,0.4705868959,-0.6641836762
7388004691921,0.2752448320,2.2112050056,1.1506682634,0.3109314442,-0.2594491541,0.5751693845,-0.7107658386
7388470738421,0.4255119860,1.9142167568,1.0886220932,0.1290219426,-0.0956089050,0.7548790574,-0.6359008551
7388936784721,0.4124222398,1.7722780704,1.0819257498,-0.1692409366,0.1195227504,0.7716675401,-0.6013327837
7389169807321,0.6964731216,1.6895347834,1.0663676262,-0.0412545092,-0.1303741783,0.7450666428,-0.6528218985
7389635854421,1.0788129568,1.6821283102,1.1019085646,0.3279745281,-0.4787636697,0.5610835552,-0.5902569890
7389868877521,1.0884597301,1.7177765369,1.0889995098,0.4780459404,-0.6407092810,0.4262242615,-0.4234343469
7390567946721,0.6553112268,1.9811373949,1.0044924021,0.5369475484,-0.8197680116,-0.1832165867,0.0780990943
7391267015321,0.5563026071,2.0200390816,1.0179944038,0.4535440803,-0.7147609591,-0.4474072158,0.2885157168
7392898177921,0.0698933378,1.8663262129,1.0950855017,0.1606500298,-0.3124555051,-0.7283338308,0.5882966518
7393131201021,-0.0388747007,1.8880038261,1.1063913107,0.0605520345,-0.2187995613,-0.7586722374,0.6106363535
7393597246721,0.0056261923,1.7799645662,1.0878062248,-0.0869221315,0.0646847561,-0.7969412208,0.5942602158
7393830302121,0.0923139378,1.6722991467,1.0677925348,-0.1577095240,0.1946271509,-0.7829566598,0.5694091320
7394529339021,0.3325877190,1.4683265686,1.0714408159,-0.3713665307,0.4796488285,-0.6548120975,0.4508271217
7395461454821,0.7785398364,1.6556230783,1.0598560572,-0.4987810850,0.7447201610,-0.3549708128,0.2657163441
7395694454121,0.7868713140,1.7575511932,1.0467317104,-0.5265170932,0.7947781682,-0.2478049248,0.1723376364
7398257713521,-0.0180590861,2.4024915695,1.2172278166,-0.4930200279,0.5027933121,0.4199314713,-0.5725275278
7399189801921,-0.4505826235,2.3626928329,1.2764941454,-0.4023156762,0.2374506146,0.4681919515,-0.7500371337
7399888871021,-0.5658164620,2.3474731445,1.2432631254,-0.8039075732,0.4485282600,0.2615348101,-0.2900941372
7410840956721,-0.2332246751,2.2842826843,1.2525980473,-0.6008507609,0.3195776939,0.4122633338,-0.6057124138
7416666534921,0.0762858465,2.4715633392,1.2422083616,-0.6647190452,0.4145068228,0.2746102810,-0.5576038361
7421560026021,-0.3630509675,2.4096252918,1.1672557592,-0.6256923676,0.2199369371,0.4826753139,-0.5719802380
7423657229421,-0.3862493932,2.4969420433,1.2541877031,-0.7547194362,0.4914888442,0.2202823162,-0.3745839298
7425754485921,-0.4501378834,2.3235158920,1.1961698532,-0.5116550922,0.5423372388,0.3421119750,-0.5718731880
7433677221121,-0.1017643213,2.7106816769,1.1792256832,-0.5889988542,0.5404624343,0.4881178439,-0.3503166735
7433910245921,-0.1224832013,2.6569912434,1.1698100567,-0.5281177759,0.6232997775,0.2876940072,-0.4998211563
7434376290821,-0.2040676922,2.3258621693,1.1369997263,-0.4240231216,0.4003318250,0.6075138450,-0.5393198133
7434609319521,-0.1878849268,2.2232346535,1.1571514606,-0.3623460829,0.3334440291,0.6665521264,-0.5596684217
7435774429121,-0.1465761662,2.7471408844,1.1498823166,-0.6234145761,0.6199384928,0.1982275546,-0.4332855642
7436706522321,-0.4020052254,2.7677166462,1.1799201965,-0.6163095832,0.4997332096,0.5062810779,-0.3377999365
7438570706921,-0.2512454689,2.1302881241,1.2047200203,0.0078015728,-0.1605154425,0.6444924474,-0.7475316525
7438803741021,-0.2438750714,2.0040240288,1.2050325871,0.0829407498,-0.1973350644,0.6204820275,-0.7544413805
7439036752421,-0.2330161035,1.8869934082,1.2125397921,0.1840101928,-0.2163017541,0.6124754548,-0.7377179265
7439269776321,-0.1867177039,1.7950550318,1.1978623867,0.2838442922,-0.2260877192,0.6229864359,-0.6929680705
7439735821421,-0.0215415750,1.6918792725,1.2171366215,0.3442225158,-0.1976082474,0.5664535165,-0.7222135067
7439968846021,0.1039194316,1.6443923712,1.2522848845,0.3949949145,-0.1920112222,0.5136591792,-0.7370650768
7440201872221,0.2104015052,1.5928888321,1.2662196159,0.4256759882,-0.2173790187,0.4778622091,-0.7370170355
7440434893821,0.2951022089,1.5295192003,1.2668101788,0.4788712263,-0.2485669255,0.4171853364,-0.7313366532
7440900969121,0.4398230910,1.3252838850,1.2646745443,0.5200176835,-0.3020428717,0.4093320966,-0.6861479282
7441366997521,0.6577705741,1.2874919176,1.2288991213,0.5336932540,-0.3744018078,0.4087588787,-0.6386791468
7441600007821,0.8394227028,1.2740279436,1.1788033247,0.4935354590,-0.4207622409,0.5120404959,-0.5632020235
7442066053721,1.1425993443,1.2039151192,1.1110372543,0.3886807859,-0.4385945201,0.6318119168,-0.5073223114
7443697215321,1.4339892864,1.2863929272,1.1888834238,0.4769425392,-0.4462326467,0.4857658148,-0.5808905363
7443930238721,1.3344496489,1.2403352261,1.1874350309,0.1515372545,-0.2202226073,0.6054543257,-0.7496422529
7444163267921,1.0591634512,1.2466418743,1.2210652828,-0.1659599841,0.1025867388,0.5868675113,-0.7858242989
7444396283821,0.8019857407,1.3123458624,1.2132816315,-0.3169199824,0.2799719870,0.5496886373,-0.7204303145
7444862330721,0.4536840916,1.5009843111,1.2035453320,-0.5355799794,0.5044043660,0.4208083451,-0.5307077169
7445328377521,0.2032615840,1.5475867987,1.1768720150,-0.6272489429,0.5805528760,0.3502425253,-0.3832067847
7446027449721,-0.1056962237,1.7030779123,1.1787242889,-0.6623325348,0.6805441976,0.2135589719,-0.2292768210
7447658607621,-0.0834637433,2.3621315956,1.2276980877,-0.6962691545,0.5472085476,-0.3413814902,0.3150092661
7448124657721,0.1393809915,2.3096361160,1.1907655001,-0.4384685457,0.4651336372,-0.5187640786,0.5676970482
7448590709521,0.3401742876,2.2372589111,1.1642818451,-0.2270474434,0.3206761777,-0.6579933167,0.6423870325
7448823722921,0.4559835196,2.2145245075,1.1588563919,-0.1656057686,0.2651126385,-0.6927686334,0.6498936415
7449289769921,0.5324226618,2.0756273270,1.1340683699,-0.0502028540,0.1360103488,-0.7418563962,0.6546983719
7449755815221,0.5226184130,1.8620173931,1.1186741590,0.0490422584,-0.0204746109,-0.7783707976,0.6255514026
7450221862321,0.5206336975,1.7161450386,1.0938575268,0.1962680668,-0.1661221385,-0.7869657874,0.5608628988
7450687910021,0.5360698700,1.6666574478,1.1182613373,0.3546215892,-0.2660578787,-0.7118334770,0.5447476506
7450920936821,0.4674703777,1.7126765251,1.1174973249,0.3522104025,-0.3144987226,-0.6970912218,0.5395390391
7451386978221,0.3218169808,1.8039189577,1.1073267460,0.2825728059,-0.3279002905,-0.7135131955,0.5509383082
7452552093621,0.5050832033,1.8242409229,1.1895030737,0.0251159407,-0.0621112213,-0.7014133334,0.7095990777
7453018138821,0.9739168882,1.8904583454,1.2121932507,-0.1894954145,0.1989027709,-0.6371977329,0.7200752497
7453484186221,1.1918022633,1.8009622097,1.1608812809,-0.2381936461,0.2785346210,-0.6657600999,0.6499582529
7453950233321,1.3101657629,1.5980433226,1.1692584753,-0.2932313383,0.2852843106,-0.6607252359,0.6293412447
7455115348921,1.5348984003,1.3413348198,1.1721696854,-0.3544093072,0.3416952193,-0.6125190258,0.6184325814
7456280484921,1.5174303055,1.2293580770,1.0066369772,-0.2279066294,0.3501587808,-0.8072058558,0.4169724286
7461173948621,1.6970189810,1.3122974634,1.1654889584,-0.3249942064,0.3025161624,-0.6128882766,0.6536288857
7462106041221,1.3969545364,1.3411800861,1.2250424623,-0.5280568004,0.3731636405,-0.4598117471,0.6086690426
7465601387521,-0.1176172346,2.7667355537,1.2934662104,-0.4860087335,0.2704945803,0.4586991370,-0.6929815412
7468630690421,-0.3396932781,2.4831411839,1.2624113560,-0.4721871316,0.2461199909,-0.4693733156,0.7043812871
7468863711121,-0.2453394383,2.3769485950,1.2381265163,-0.3855338395,0.0293309744,-0.5475681424,0.7420731783
7469096734921,-0.0648789257,2.3572878838,1.2439075708,-0.2646425068,0.0705574676,-0.5131183267,0.8134468198
7469562780021,0.3183053732,2.3626880646,1.2301170826,-0.4846876264,0.4367996454,-0.3449984491,0.6747296453
7470028825621,0.4603269696,1.9795078039,1.2708388567,-0.3775870800,0.1398028135,-0.5000358820,0.7667120695
7470494871821,0.6817160249,1.7271609306,1.2207760811,-0.1381289959,0.2950260043,-0.4928623438,0.8068251610
7470727895321,0.7084866166,1.5827546120,1.2396930456,-0.1912675649,0.0533072874,-0.5439268351,0.8153028488
7470960918721,0.6592104435,1.4853895903,1.1875307560,0.0507310256,-0.0374015011,-0.5933666229,0.8024609685
7471426964521,0.5351122618,1.4004578590,1.1796690226,0.1373038292,-0.1651249379,-0.5921413898,0.7766916752
7471660006221,0.4648059905,1.4079906940,1.1584725380,0.2735835612,-0.2077845037,-0.5491327643,0.7618601918
7472359058021,0.2764202356,1.3987197876,1.1817476749,0.5445026159,-0.4065087736,-0.4262073934,0.5971723795
7472592085621,0.2322487980,1.5016685724,1.1847883463,0.5710642338,-0.5889605284,-0.2305011302,0.5233358145
7477485565821,-0.5827649832,2.3123407364,1.2224787474,0.6050920486,-0.3074218631,-0.4914833903,0.5457100272
7481679981721,0.3264176250,2.4817297459,1.2649952173,0.3736791611,-0.2290926278,0.4392923713,-0.7841573358
7481913004621,0.3835816383,2.3819277287,1.2594187260,0.2913242579,-0.1834488362,0.4739079475,-0.8104863167
7482146060821,0.5076949000,2.2623066902,1.2081310749,0.2884967923,-0.1903664470,0.5597050190,-0.7531669736
7482845097321,0.7816314101,2.0293407440,1.2448918819,0.2589050829,-0.0973229408,0.5115013123,-0.8135495186
7483311146021,0.6579051018,1.7545242310,1.1928803921,0.0180608369,0.0909726843,0.5878127217,-0.8036628366
7483777190121,0.5139822960,1.6185930967,1.2023407221,-0.2810215056,0.1986117810,0.5214697123,-0.7808006406
7484942305621,0.1724243313,1.5966131687,1.1675202847,-0.6324464083,0.5312539339,0.2941030562,-0.4809202552
7485408350621,0.0004026964,1.8431612253,1.1516351700,-0.7217917442,0.6346203685,0.0723241940,-0.2665389478
7485641374121,-0.1733563095,1.8222906590,1.1990554333,-0.7464191914,0.5358693004,0.2339266092,-0.3177748919
7492166020921,0.0222752616,2.1710677147,1.1600282192,-0.2819904387,0.2624062300,0.5618561506,-0.7320806384
7493098113321,0.1824401915,1.8151187897,1.1822459698,0.1161335409,-0.2715041637,0.5971610546,-0.7457863092
7493331137021,0.2400291115,1.6478155851,1.1199239492,0.1858161092,-0.0778547302,0.7432848215,-0.6379175782
7493797183221,0.2983446419,1.3954316378,1.1155409813,0.0929585323,-0.0552699789,0.7522959113,-0.6498883367
7494263234521,0.6014264226,1.3601130247,1.1302886009,0.3771268129,-0.4457594156,0.5756935477,-0.5724079609
7494496253221,0.6952946782,1.3138743639,1.0909802914,0.3343090713,-0.3924990594,0.6321443915,-0.5784249306
7494729275721,0.7720802426,1.2598992586,1.1461435556,0.3635742068,-0.4030881822,0.5678257346,-0.6187953949
7494962298921,0.8616454601,1.2147736549,1.1150487661,0.4093202055,-0.5112419724,0.5049943924,-0.5622004867
7495428344421,0.9949766994,1.2314529419,1.1615272760,0.5010510087,-0.4718603492,0.4365929663,-0.5793808699
7495894391321,1.0714422464,1.2968624830,1.2354930639,0.5383717418,-0.3039346337,0.4251511395,-0.6610795856
7496127414721,1.1375565529,1.2761895657,1.2191460133,0.4736257195,-0.2826670110,0.4493378699,-0.7027614117
7496360436721,1.1678922176,1.2612144947,1.2285128832,0.4003141522,-0.2284496725,0.4589745104,-0.7595404983
7496593460521,1.1601378918,1.2773002386,1.2278476954,0.3152726293,-0.1724977046,0.4829956889,-0.7984753847
7496826483821,1.0840270519,1.3033258915,1.2282352448,0.1543507576,-0.0619450212,0.4732463360,-0.8650876284
7497059508121,0.9602416158,1.3358561993,1.2375189066,-0.0166438483,0.0320056640,0.4269862473,-0.9035382867
7497292538921,0.8175481558,1.3722783327,1.2624882460,-0.2470170557,0.1266655773,0.3663976789,-0.8880828023
7503817178921,-0.7637676597,2.7215652466,1.2202672958,-0.6695390344,0.5168728828,0.3628667593,-0.3910085857
7504982297821,-0.3381588757,2.6836051941,1.1755708456,-0.7261619568,0.5951696634,0.2331987321,-0.2531408072
7506380438021,0.0673104674,1.8003042936,1.2019459009,-0.0589983426,0.0482331477,0.6411067843,-0.7636588812
7506613454321,0.1457692534,1.6684257984,1.1735736132,0.0747397169,-0.0404388681,0.6852465868,-0.7233365774
7506846477421,0.2055125684,1.5931613445,1.2050496340,0.1838649958,-0.1031370685,0.6288838983,-0.7483725548
7507079499921,0.3455666006,1.5405169725,1.1900601387,0.2922798395,-0.2276000977,0.6357295513,-0.6772139668
7507312523021,0.4932227433,1.5435345173,1.2188847065,0.4061497450,-0.3309382498,0.5234791040,-0.6719315648
7507545546321,0.6082919240,1.5298707485,1.2021013498,0.4213317335,-0.3300745189,0.5558828712,-0.6360225677
7508011593821,0.8215125799,1.3525556326,1.1805737019,0.3834139705,-0.2793360353,0.6219196916,-0.6230418086
7508710662521,1.2525178194,1.3023993969,1.1698490381,0.4362237751,-0.3708185554,0.5762206912,-0.5832428336
7508943684721,1.3781956434,1.2566267252,1.1672720909,0.3818094432,-0.3001788259,0.6118825674,-0.6242707968
7509176714521,1.4385458231,1.1943327188,1.1373294592,0.3153200746,-0.2684141099,0.6646911502,-0.6218624115
7509875777621,1.3216793537,1.1144263744,1.1515209675,0.3299552500,-0.2008247226,0.6556623578,-0.6487725973
7510341823121,1.0566214323,1.2383048534,1.1481895447,0.3392275274,-0.3163584471,0.6352139711,-0.6175315380
7510807870321,0.7410255075,1.1974594593,1.1861162186,0.1199423522,-0.1382699460,0.6499191523,-0.7376315594
7516866470221,-0.3650283217,2.1154983044,1.0403403044,-0.3315395713,0.5685324669,0.6271342039,-0.4165995419
7517332521021,0.0396273024,1.7295981646,1.0532783270,-0.0758493990,0.1496560872,0.8186058998,-0.5493033528
7517565540421,0.1523934156,1.6720590591,1.0281301737,-0.0416211933,0.1208128706,0.8401598334,-0.5270707011
7518730656521,0.2197574228,2.0397036076,1.0572937727,-0.1548698097,0.2826832831,0.7875897288,-0.5251742601
7519196701421,0.2775024772,1.9733605385,1.0420497656,-0.1006525233,0.2411055565,0.8182294369,-0.5120915771
7519429725021,0.3338252604,1.8806796074,1.0129404068,-0.1077287719,0.2089375556,0.8414974213,-0.4864378273
7521293915021,0.5035546422,1.8434593678,1.0531927347,0.0820960104,0.0407274403,0.8144088387,-0.5730093718
7521526933421,0.6802754998,1.7303782701,1.0427384377,0.2101181149,-0.0307074338,0.7892570496,-0.5761776567
7521759956621,0.8450832367,1.6255710125,1.0356861353,0.2654123902,-0.1148631275,0.7893338203,-0.5415854454
7521992980721,0.9610746503,1.5372699499,1.0659369230,0.2555809319,-0.2079769373,0.7713406682,-0.5444791913
7523857163821,0.8844627738,1.5157575607,1.0379421711,0.1041231155,-0.0960628018,0.8207936883,-0.5533788204
7524090190921,0.7352514267,1.6191029549,1.0318338871,-0.0147289084,0.1009009555,0.8138692379,-0.5720306039
7524556232921,0.4887200296,1.7951678038,1.0581661463,-0.0810530186,0.2370841056,0.7660117149,-0.5919862390
7525488326121,-0.2174291611,2.3250992298,1.1535921097,-0.5945660472,0.5031370521,0.4291367233,-0.4573685527
7528750649021,-0.5871685743,2.4574005604,1.2113833427,-0.5273048282,0.3584057987,0.4745261073,-0.6068935990
7528983671521,-0.5199965239,2.3879368305,1.2304965258,-0.4001421630,0.3266131580,0.4984253347,-0.6962630749
7529915764121,-0.2647806108,2.5744571686,1.1991059780,-0.5993100405,0.5082189441,0.4168834388,-0.4568907619
7530614861121,-0.2802528441,2.4296088219,1.2037572861,-0.5145468116,0.3946063519,0.5315309763,-0.5449791551
7530847862521,-0.3245450258,2.3062884808,1.1962319613,-0.4622576237,0.4219413996,0.5271430612,-0.5748074651
7533877158521,-0.3548820019,2.5219001770,1.2673333883,-0.7536853552,0.5258606672,-0.2011141926,0.3390898407
7534576227521,0.0539708324,2.4931154251,1.2834409475,-0.5696399212,0.3215655684,-0.3992149234,0.6424432993
7535042272821,0.2429086119,2.3193271160,1.2868837118,-0.4172187746,0.1744157225,-0.4647458792,0.7612614632
7535275295721,0.3737368584,2.2175872326,1.2304387093,-0.3927629292,0.2384487092,-0.5374401808,0.7071332932
7535508320221,0.5229738951,2.1912040710,1.2541824579,-0.4402478337,0.3431318998,-0.3782061338,0.7385137081
7535974365121,0.7666564584,2.0642929077,1.1889170408,-0.3973063529,0.3642118275,-0.5715557933,0.6187256575
7536207423421,0.8043446541,1.9751499891,1.2370871305,-0.3339226842,0.2042974234,-0.5468721986,0.7400601506
7538770642721,-0.0085548181,2.6096091270,1.2762002945,-0.7578780055,0.4342511892,0.2369060069,-0.4253495634
7545295289721,-0.7653977275,2.8743579388,1.0640423298,-0.4451115131,0.6748657823,0.4500221312,-0.3793574274
7546460405721,-0.2995091379,2.8090236187,1.0480021238,-0.4760724902,0.7289087772,0.4055248797,-0.2785616517
7546693428621,-0.2390235215,2.8369257450,1.1138418913,-0.6102226377,0.6575009823,0.3013034761,-0.3233218193
7547392498121,-0.3318567574,2.6434736252,1.0921500921,-0.4267922640,0.5321899056,0.6057447791,-0.4095066488
7549955752021,-0.3487628996,2.5202445984,1.2757562399,-0.5602058172,0.2520976365,-0.3459909558,0.7091590166
7550421797721,-0.0603451692,2.3484017849,1.2776446342,-0.4656296968,0.2992065847,-0.3490259647,0.7562045455
7550654822021,0.0817157775,2.2917523384,1.2433738708,-0.4409484863,0.3407964706,-0.4341691732,0.7077565789
7551120872721,0.3267383277,2.1657021046,1.2548854351,-0.3746210039,0.2412592024,-0.4851482511,0.7523857951
7551353905521,0.4269574285,2.0786945820,1.2594598532,-0.3479200602,0.2506977320,-0.4333538413,0.7926580906
7552519008721,1.0161212683,1.6920341253,1.2207275629,-0.3539778292,0.2080647349,-0.5743854046,0.7081597447
7552985052421,1.2025133371,1.4810230732,1.1604124308,-0.2459568679,0.3181838691,-0.6077924967,0.6847280860
7553451099621,1.4145560265,1.4418573380,1.1097669601,-0.2897260785,0.4744518995,-0.5547646284,0.6190238595
7553684127321,1.4851164818,1.3989102840,1.1469663382,-0.2926194370,0.3844096363,-0.5500409603,0.6812181473
7553917145221,1.4506269693,1.3697301149,1.2367326021,-0.4344278276,0.2811577618,-0.4579489529,0.7228454947
7556014352021,0.7088953257,2.1489818096,1.2727655172,-0.7193462849,0.4351648390,0.2843551338,-0.4607762098
7556480404921,0.5471686125,2.2910306454,1.2506277561,-0.6936734319,0.4390093088,0.2827041447,-0.4961515963
7559276679021,-0.1957219094,2.3831603527,1.2001770735,-0.6405382156,0.4653217196,0.3861749470,-0.4733450115
7560907850521,-0.5151640177,2.2241444588,1.1879833937,-0.5016248822,0.4583117962,0.4490520656,-0.5802370906
7561140860521,-0.5812342763,2.1682674885,1.1442288160,-0.4636183679,0.4622823894,0.4852589071,-0.5795488954
7561373883421,-0.6389038563,2.1224920750,1.1919764280,-0.4492469132,0.3159178197,0.6020158529,-0.5796119571
7561606907521,-0.7014227509,2.1487314701,1.1890549660,-0.3670801222,0.3825814724,0.5678118467,-0.6296613216
7561839938421,-0.7148143053,2.0811913013,1.1719624996,-0.2604022026,0.2410701364,0.6502025723,-0.6717980504
7563471097421,-0.6439984441,1.9153798819,1.1540330648,-0.3070598841,0.1599107087,0.6167039275,-0.7069789171
7564636213021,-0.3758851588,1.8664091825,1.2017906904,0.0015378310,-0.1432678998,0.5576081276,-0.8176460266
7565102254021,-0.3659831285,1.8719732761,1.2087411880,0.0018905660,-0.1380919814,0.5253790021,-0.8395856023
7569762715521,-0.2999792695,2.2468795776,1.2374522686,0.1577161103,-0.1704630703,0.5635048151,-0.7927990556
7569995744221,-0.1766678095,2.1306734085,1.2721577883,0.3492686450,-0.1873722374,0.4628648758,-0.7928803563
7570461785121,-0.0058792043,1.8174227476,1.2693151236,0.4169667661,-0.2516098320,0.4326620400,-0.7587060332
7570927830521,0.3629151583,1.6056876183,1.2062507868,0.4541920424,-0.2889851630,0.5327743292,-0.6529538631
7571160854121,0.5352391601,1.5080412626,1.1568551064,0.3970637619,-0.3352817595,0.6160266399,-0.5919777751
7571393883321,0.6757770777,1.4175432920,1.1451725960,0.4148199260,-0.3188208342,0.5991162658,-0.6060836911
7571626901321,0.8236585855,1.3345196247,1.1583734751,0.4463247359,-0.3582203984,0.5748900175,-0.5847852230
7571859925221,0.9470564723,1.2959909439,1.1542670727,0.4774578512,-0.3917206228,0.5596126318,-0.5526506901
7572325970021,1.2215431929,1.2836543322,1.1738836765,0.4896281064,-0.4243422151,0.4692287743,-0.6000186205
7572558993721,1.3619468212,1.2769804001,1.1781665087,0.5104582310,-0.4570592642,0.4356794655,-0.5837060213
7575355276121,0.7481105328,2.1422963142,1.0591688156,0.5278061628,-0.7924673557,-0.2472027242,0.1797417998
7575821317221,0.4692824781,2.2682797909,1.1715178490,0.6967667341,-0.5841328502,-0.2742962241,0.3131559789
7576054339921,0.3159321249,2.3354589939,1.2262454033,0.7491744757,-0.5220433474,-0.2396990508,0.3297768235
7576753415221,-0.0246015284,2.8092057705,1.1732828617,0.6690406799,-0.6349961162,-0.2449977696,0.2985642254
7576986432121,-0.1811596006,2.8107769489,1.1660112143,0.5665928721,-0.5709127784,-0.4173444510,0.4229122996
7579316663721,-0.6815295815,2.2212982178,1.2305588722,-0.2859784365,0.1249237061,-0.5606464148,0.7669981122
7579549691321,-0.6521327496,2.0974907875,1.2362916470,-0.3222686648,0.1572712213,-0.5396150947,0.7617245317
7580481779821,-0.1052118838,1.7535421848,1.2293447256,-0.4702858031,0.2679496109,-0.4706732333,0.6967790723
7580947828421,0.1208438128,1.5388811827,1.2397431135,-0.4789632559,0.2980231941,-0.4714464545,0.6778751612
7581180848521,0.2270866781,1.4903460741,1.2382205725,-0.4938114285,0.3151731491,-0.4567188919,0.6694953442
7581413871321,0.3571123183,1.4705780745,1.2283200026,-0.4966819286,0.3131216764,-0.4433479607,0.6772773266
7582112948221,0.7340147495,1.3842183352,1.2156472206,-0.4682740569,0.3180025816,-0.4656296968,0.6802814007
7582345964321,0.8506668210,1.3085049391,1.2173292637,-0.4731005728,0.3175645769,-0.4651375711,0.6774774790
7582578987021,0.9287153482,1.1987566948,1.2187572718,-0.4117539227,0.2950419486,-0.4875757098,0.7111110687
7582812009121,0.9399678707,1.1248406172,1.2409868240,-0.3406398594,0.2310940772,-0.4640060961,0.7843840718
7583045032221,0.9465256929,1.1047340631,1.2705725431,-0.3443755805,0.1771907657,-0.3820039034,0.8390959501
7583278056421,1.0258456469,1.0580458641,1.2482686043,-0.3443288803,0.2108455002,-0.4211870432,0.8121472597
7584443171921,1.1456258297,0.9858353138,1.2356022596,-0.5244723558,0.3145099282,-0.4180516601,0.6717477441
7585142240121,1.2489435673,1.2064371109,1.2226879597,-0.5665609241,0.3426813185,-0.4005712271,0.6333411336
7585375264221,1.3158755302,1.3393026590,1.2132993937,-0.5441809297,0.3890901804,-0.4214473963,0.6122565866
7585608289721,1.3522877693,1.4337983131,1.2043457031,-0.5563414097,0.4086376429,-0.4028193653,0.6010292768
7587705497621,1.4072687626,1.6362442970,1.2064255476,-0.3651946485,0.2137295902,-0.5335509181,0.7323086858
7588404563821,1.1951152086,1.4161539078,1.2167010307,-0.2922877073,0.1074487790,-0.5285843611,0.7896969914
7588637587721,1.0684517622,1.2987776995,1.2208579779,-0.2795963883,0.1142324954,-0.5146839619,0.8024196029
7588870617221,0.9777699709,1.2413563728,1.2296947241,-0.2530506849,0.0778151676,-0.5252343416,0.8087268472
7590035725721,0.2085230350,1.6341471672,1.1456297636,0.6181455255,-0.6669714451,-0.2222606540,0.3516326547
7594929210621,-0.2222496122,2.6264235973,1.2401994467,0.4780943394,-0.2811692655,0.4407293797,-0.7057814002
7595395257821,0.0262498800,2.4466791153,1.2478485107,0.4142379165,-0.2465126514,0.4231762886,-0.7671768665
7595628288221,0.1429602206,2.3635728359,1.2583847046,0.3856713176,-0.1718098670,0.4285134673,-0.7988212109
7596094327021,0.4003262818,2.1848609447,1.2421606779,0.3609288335,-0.2303828746,0.4418871403,-0.7882828712
7596327353421,0.5513098836,2.1058351994,1.2291333675,0.4532173574,-0.3313993514,0.4428400695,-0.6990430355
7596793396721,0.7550667524,1.9467738867,1.2077511549,0.4167022705,-0.2955108881,0.4717247486,-0.7186851501
7597259443621,0.9069716930,1.7215356827,1.1363532543,0.1947772652,-0.1988063902,0.6832593083,-0.6750516295
7600521766521,1.3430896997,1.4819515944,1.1917885542,0.3164603710,-0.2478951961,0.5174747109,-0.7553944588
7600987812321,1.3236479759,1.4353681803,1.2008291483,0.3448186517,-0.2357853502,0.4937112331,-0.7627284527
7603085041421,0.5453415513,2.1696941853,1.1468547583,0.7209801078,-0.6425536275,-0.2086014003,0.1542660892
7603784095921,0.2410383672,2.4465925694,1.0802601576,0.5391477942,-0.6879599094,-0.3672619760,0.3180400133
7604250164221,-0.0097868489,2.6306099892,1.1766623259,0.6699327826,-0.5870252252,-0.2976473570,0.3435078263
7604483158121,-0.1020077169,2.7532055378,1.1999689341,0.7161685228,-0.5841593742,-0.2467035055,0.2915439904
7606114320721,-0.8392249346,2.6401216984,1.2225086689,0.3986725509,-0.3027021587,-0.5221992731,0.6904633045
7607978513221,-0.4542206526,2.3137309551,1.1705173254,0.4164214134,-0.4388968050,0.5235173702,-0.5999102592
7608444551621,-0.2683275342,2.1740744114,1.1370869875,0.3326674402,-0.4111677408,0.5987760425,-0.6014488935
7608910596921,-0.0959964171,2.2206408978,1.1338899136,0.2820303738,-0.3924218416,0.6097237468,-0.6282523274
7609143628821,0.0092048431,2.2960128784,1.1417599916,0.2671983242,-0.3786855340,0.6188194156,-0.6342436075
7610075712521,0.3250373006,2.1144518852,1.1101652384,0.1964281648,-0.2562001646,0.6977886558,-0.6394283175
7610308736421,0.3480286002,2.0053842068,1.1141161919,0.1470331997,-0.1671014875,0.7264868021,-0.6501348615
7611007805121,0.3753118217,1.7705566883,1.1002115011,-0.1286321431,0.1471399367,0.7484977841,-0.6336835027
7612172920721,0.2439367473,1.7892495394,1.0788608789,-0.3908348083,0.5201321244,0.5863164067,-0.4826425910
7612638967521,0.3051935136,1.6862951517,1.1113398075,-0.3529432714,0.3522709012,0.6722859144,-0.5471452475
7612871990421,0.4289134145,1.6030958891,1.1183904409,-0.1126930192,0.0707363188,0.7639480233,-0.6314111352
7613105012821,0.5618916750,1.6786592007,1.0871770382,0.2091929168,-0.2537318766,0.7378395200,-0.5894500613
7614736181321,-0.6214004159,2.0980894566,1.2055752277,0.3625512719,-0.2628312707,-0.5825840831,0.6782861948
7614969198021,-0.6298675537,2.1215691566,1.2435421944,0.2356856912,-0.1081803292,-0.5720695853,0.7781296372
7615668267921,-0.3776261508,1.9345571995,1.2001272440,-0.2230239809,0.2691482008,-0.6030710340,0.7170249820
7616600359321,-0.1710658669,1.6033275127,1.2093483210,-0.4540734291,0.4368258417,-0.4762200117,0.6133637428
7618464553021,0.4267026186,1.6219084263,1.1391209364,-0.6859287620,0.7241469026,0.0707700551,0.0102286935
7620095712921,-0.1648023725,2.3414258957,1.2933020592,-0.7924005985,0.4636949897,0.2042468935,-0.3396638036
7620794775521,-0.4932684302,2.6424388885,1.2975066900,-0.8108665943,0.4919133186,0.1596762836,-0.2738980949
7623591053621,-0.9564706683,2.0151493549,1.3194884062,0.3968924284,-0.1671535969,0.3903028965,-0.8137566447
7625688261621,0.2370927781,1.5157178640,1.2622121572,0.3311501145,-0.3375019133,0.3639580607,-0.8024753928
7626154307121,0.2269022912,1.4229866266,1.2565809488,0.2201432735,-0.1777718216,0.4760842919,-0.8326331377
7626620354421,0.2517129779,1.4205893278,1.2241927385,0.1793907285,-0.2454785109,0.4726969898,-0.8271135688
7633378023921,-0.0069790771,2.6768233776,1.2012504339,-0.5355556011,0.3311800361,-0.5591844320,0.5392705202
7633611052521,0.0702136457,2.6270923615,1.1953697205,-0.4619976878,0.2808467746,-0.6011615396,0.5884624720
7634310116121,0.2124601454,2.2804939747,1.2061997652,-0.3657045066,0.1068063602,-0.6165849566,0.6889670491
7634543152421,0.3058495820,2.2319877148,1.2247691154,-0.2583408356,0.2898445427,-0.5247581005,0.7575480938
7635009194421,0.4812470675,2.0936620235,1.2239228487,-0.2704761624,0.2513619661,-0.5498802662,0.7491939664
7635941277321,0.6868034601,1.7377005816,1.2321867943,-0.3596909642,-0.0503303818,-0.5558558702,0.7477390170
7636407329321,0.8489357829,1.6275717020,1.2305576801,-0.3245849907,0.3441519141,-0.4507381022,0.7569935918
7636640346921,0.8929685354,1.5786745548,1.2329373360,-0.3795467317,0.3005182445,-0.4678811729,0.7394053340
7637106392821,0.9843977094,1.3954471350,1.2258270979,-0.2676024437,0.0825911686,-0.5350188613,0.7970712781
7637339416821,1.1048333645,1.3685501814,1.2285898924,-0.1783117354,0.1757889986,-0.5173467398,0.8183248639
7638271509021,0.9974562526,1.0996186733,1.2249057293,-0.0180973150,0.0598200038,-0.5547940135,0.8296371102
7638504532121,0.9946089387,1.0188132524,1.2247970104,-0.1834031045,0.1483695358,-0.5387420654,0.8087687492
7638970616321,0.9815724492,1.1970629692,1.2269129753,-0.5699698329,0.3825606108,-0.3744604588,0.6233466864
7639203600821,0.9291202426,1.2472631931,1.2123738527,-0.5439371467,0.4113248587,-0.3680981994,0.6320190430
7640834763221,0.8912820816,1.2616585493,1.2500175238,-0.8487787247,0.4578004777,-0.0948009863,0.2469945401
7642465924121,0.6458618641,1.9383779764,1.2788134813,-0.8208272457,0.4221530855,0.1161349192,-0.3667998612
7642931971221,0.4835973084,2.0644807816,1.2862983942,-0.7260106802,0.3310237825,0.2494305223,-0.5487405658
7644563133921,-0.5898441076,2.2166354656,1.1574435234,-0.5075002313,0.4920842946,0.5035663247,-0.4967067242
7647126393321,-0.8816574812,2.6462883949,1.2777742147,-0.8194403648,0.4444935620,-0.2351154983,0.2750702798
7647825455321,-0.4358220398,2.7324268818,1.2211300135,-0.5666359067,0.4134119451,-0.4503149688,0.5524770021
7648524532621,-0.1137922853,2.5511610508,1.2111793756,-0.3831555545,0.2474142164,-0.5482583642,0.7009927630
7650388710621,0.6611703038,1.8391600847,1.1892426014,-0.1858477294,0.1994956285,-0.5892548561,0.7605530620
7651087779121,0.9067776203,1.5185899734,1.1502262354,-0.0934878588,0.0912515372,-0.6527510881,0.7462233901
7651553826321,0.9837396741,1.2579338551,1.1677451134,-0.1867731363,0.1158685833,-0.6219639182,0.7515658140
7651786869121,1.0945923328,1.1807808876,1.1558647156,-0.3597142696,0.2663943172,-0.5931306481,0.6692053676
7653651034221,0.8056769371,2.1367712021,1.1964840889,-0.7277109027,0.5980516672,0.1900351942,-0.2768714130
7653884062821,0.7107771039,2.1818060875,1.1967347860,-0.7220060825,0.5601854324,0.2614732385,-0.3106948435
7654117080621,0.5861485004,2.2179012299,1.2058644295,-0.7261233926,0.5064053535,0.3029568195,-0.3528678119
7655515218021,-0.1382798254,2.5096504688,1.2163006067,-0.5807510018,0.4105612338,0.4265044928,-0.5588038564
7655748241921,-0.2818799913,2.4672601223,1.2132633924,-0.5814300179,0.3815928698,0.4459522069,-0.5634294152
7656913357321,-0.7737843394,2.4557619095,1.1989452839,-0.3865692616,0.2384680063,0.6133947372,-0.6460991502
7662039872321,-0.0970658734,2.5999383926,1.2606601715,-0.5603104234,0.2541083395,-0.4434669614,0.6517808437
7662738935421,0.1370400637,2.6394097805,1.1855069399,-0.3761119545,0.3674190640,-0.5654491186,0.6354607940
7665535212621,0.5419678688,2.2225320339,1.2069945335,-0.3826398253,0.2134882957,-0.5301017761,0.7259488702
7666001297221,0.7127405405,2.0305655003,1.2569254637,-0.3066210747,0.1338176727,-0.5238929987,0.7833341956
7666467305621,0.9295405746,1.7267036438,1.2417856455,-0.2934093475,0.1210064813,-0.5602641702,0.7650964260
7667632420421,1.5281047821,1.0983300209,1.1635162830,-0.3941926062,0.3685559332,-0.5915125012,0.5990757942
7669729628021,0.5535928011,2.1102871895,1.2136297226,-0.7224225998,0.5437109470,0.3294931352,-0.2718792558
7669962651721,0.3834709227,2.2329537868,1.1903291941,-0.6782494187,0.5819377303,0.3383044004,-0.2947481573
7670195680221,0.2712681592,2.3728222847,1.2302137613,-0.6976720691,0.5974286199,0.2254289389,-0.3248301744
7671127767321,-0.4437328875,2.4669625759,1.2493426800,-0.6020332575,0.4342328608,0.3391456902,-0.5779083371
7675089187421,-0.0347954072,2.5662713051,1.2503225803,-0.3551010489,0.1555894762,-0.5881708860,0.7097536922
7675555211621,0.2092283517,2.4456567764,1.2719585896,-0.1649239659,0.2360175103,-0.5066998005,0.8126199245
7675788228121,0.2787795365,2.3459100723,1.2830960751,-0.2094169557,0.0988393724,-0.5474948883,0.8041297793
7676254275621,0.3763667345,2.0897293091,1.2419198751,-0.0568087175,-0.0335889682,-0.5756894350,0.8150007725
7676487298521,0.4851454496,1.9790517092,1.2652527094,-0.1029537246,0.0112074381,-0.5389307737,0.8359597325
7677186368121,0.7541358471,1.7100864649,1.2613893747,0.1430063397,-0.0583125241,-0.5506695509,0.8203120828
7677652413621,0.5899095535,1.6543203592,1.2362244129,0.4318629205,-0.3548068106,-0.5006172657,0.6610513926
7678584506121,0.1722007394,1.4806790352,1.2879986763,0.6519294381,-0.3000569046,-0.3177918494,0.6196467876
7692798915521,-0.7757844925,2.7633373737,1.2426265478,0.6138440371,-0.4456425905,0.3431096971,-0.5539620519
7693264964421,-0.5080391169,2.4866726398,1.2341159582,0.4525683522,-0.3372856081,0.4678538740,-0.6800978780
7694663100621,0.2692508698,2.1761469841,1.2664293051,0.3197625577,-0.2168622613,0.3749494851,-0.8426954150
7695129147521,0.5928333402,2.1072807312,1.2544859648,0.3904871941,-0.2657325566,0.3785611987,-0.7959883809
7695362168821,0.7665801644,2.0466804504,1.2471947670,0.3586643934,-0.2828992009,0.4343625903,-0.7763097882
7695828225821,0.7372865677,1.8024302721,1.2431013584,0.1106954738,0.0190693941,0.4773026407,-0.8715303540
7696294265521,0.6091843843,1.5908055305,1.2406831980,-0.1928356737,0.1281782985,0.4526140392,-0.8611186743
7697459377221,0.3284497261,1.4253859520,1.2099890709,-0.7429364920,0.4583499730,0.2286156863,-0.4309242070
7697692400021,0.2687542140,1.5138231516,1.2133374214,-0.7788479924,0.4933105707,0.1612363160,-0.3521979749
7701886815721,-0.1507424563,2.5512320995,1.2379592657,-0.5045815110,0.3577213287,-0.4096542597,0.6705343723
7702818908821,0.4936434031,2.2725841999,1.1357756853,-0.2302337587,0.3586405814,-0.6015193462,0.6756802797
7703051931621,0.5571041107,2.2171459198,1.1174511909,-0.1931033283,0.3520760536,-0.6235672832,0.6707588434
7703984029821,0.5217950344,1.9309120178,1.1101735830,-0.3020095229,0.3699457049,-0.6033226252,0.6386957765
7704683094121,0.6888352036,1.9224009514,1.1161121130,-0.3417887986,0.3612203300,-0.6026394367,0.6241201758
7710508671021,-0.2680855989,2.0062117577,1.1883045435,0.3353350759,-0.2572015226,0.5907805562,-0.6872962117
7711440763521,0.0765410289,1.7601029873,1.1645733118,0.3884957731,-0.3342536390,0.5820927024,-0.6312793493
7711906810821,0.3657083511,1.7399908304,1.1398987770,0.4493573010,-0.4374583066,0.5619165897,-0.5394052863
7712139838921,0.5033172965,1.7181676626,1.1320587397,0.4783158600,-0.4609080851,0.5593162775,-0.4959263802
7713537979521,0.4437621534,2.1889181137,1.0985095501,0.4582994878,-0.6046585441,0.4831635058,-0.4369241893
7717033317921,0.7488464713,1.9739314318,1.0376648903,0.1543845385,-0.2991843224,0.7717543840,-0.5394899249
7720761688621,0.5189428329,2.3160808086,1.0692657232,0.4734289348,-0.7104517221,-0.4029830992,0.3297394514
7721227733621,0.5195131302,2.1696484089,1.1235063076,0.3705730140,-0.4688372016,-0.6082894802,0.5223516822
7721926803821,0.3289728463,2.1113882065,1.1218857765,0.1760349423,-0.1782407910,-0.7474939227,0.6152192950
7722858902521,0.0345016345,2.0736134052,1.1463593245,-0.0899991617,0.1616250426,-0.7066797018,0.6829212308
7723557964621,-0.0918036029,1.8080966473,1.1531720161,-0.3721523881,0.4061205089,-0.6010346413,0.5790735483
7724490057521,0.1517916471,1.6406803131,1.1590837240,-0.4985659420,0.5982089639,-0.4079504311,0.4766073823
7725189127621,0.4808288515,1.4063780308,1.2688553333,-0.7227330804,0.4471579194,-0.3078407049,0.4277159572
7725422152821,0.5717872977,1.4547574520,1.2545511723,-0.7103763819,0.4449233115,-0.3197732270,0.4417620599
7732645866521,-0.6845342517,1.5688370466,1.2745710611,0.3484919667,-0.0785431042,0.5255418420,-0.7721334696
7733111912521,-0.4079563618,1.6110316515,1.2997698784,0.5005021095,-0.2293087840,0.3916149139,-0.7372605205
7734044009221,-0.0001198555,1.4483642578,1.3012462854,0.4312290251,-0.1065175757,0.4773540497,-0.7581745386
7735209153721,0.5857083201,1.4269585609,1.3117650747,0.5242894292,-0.2024488896,0.3860167265,-0.7315232754
7735675168321,0.8048607111,1.4628316164,1.2876046896,0.5518518090,-0.3814913332,0.3379871845,-0.6600672007
7736141213621,0.9283217192,1.3229659796,1.2957186699,0.5634716749,-0.3450259566,0.3866273165,-0.6434097886
7738937491721,1.1625217199,1.8567241430,1.2821321487,0.3798411787,-0.2443457097,0.5034005642,-0.7366163731
7739403536121,1.1040270329,1.8349075317,1.2710329294,0.2156977654,-0.1352862567,0.5601721406,-0.7882761955
7740568659521,0.7358527780,1.4354741573,1.3102341890,-0.1754042208,0.1039636210,0.4501183629,-0.8693782091
7740801674621,0.6765945554,1.3491621017,1.2941682339,-0.2184142023,0.1269766986,0.4918925762,-0.8331949711
7741034698521,0.6072008610,1.2983975410,1.3171899319,-0.3248454928,0.1968605071,0.3995412588,-0.8343189955
7741966794521,0.3443139493,1.3781499863,1.2452951670,-0.7117663622,0.4935832024,0.2412252724,-0.4376925230
7751054692221,0.0690088794,2.7470557690,1.2928472757,-0.4857858419,0.2930540740,-0.4089462459,0.7147688270
7751753760221,0.2713091075,2.3800673485,1.2945111990,-0.3499044776,0.1321322769,-0.4616135061,0.8043761253
7751986784721,0.3667172492,2.2719643116,1.2921499014,-0.2303020209,0.2098984867,-0.4364793897,0.8440316319
7752219807821,0.4743608236,2.2221891880,1.2800778151,-0.2881904244,0.2708959877,-0.4324889481,0.8102561831
7752452831721,0.5821287632,2.1935873032,1.2660764456,-0.3990708888,0.2994364202,-0.4491229951,0.7411941886
7752918876921,0.7912994027,2.0175688267,1.2291579247,-0.2997689545,0.2539530396,-0.5430594087,0.7421137691
7753617945121,0.8179095984,1.6244242191,1.2263355255,-0.0953127369,0.1817843169,-0.5768411160,0.7906480432
7754317015821,1.1587964296,1.6479146481,1.1827415228,-0.4375072420,0.4804529846,-0.4637031555,0.6022722721
7762006777221,-0.8144664764,2.4387772083,1.2861480713,-0.2562713623,0.2360240817,0.4791142941,-0.8056470752
7762239807221,-0.7267596126,2.3164286613,1.2833169699,-0.1261862963,0.1528878659,0.5159715414,-0.8333521485
7763171894421,-0.4805082381,1.8404799700,1.2573831081,0.2816459239,-0.0559661388,0.5825508237,-0.7603801489
7764570031121,0.2667152286,1.5305068493,1.2408369780,0.4084177911,-0.2181577533,0.5551046133,-0.6909855008
7764803061721,0.3809510767,1.4715591669,1.2746720314,0.4735772908,-0.2525157928,0.4748684764,-0.6974670291
7765036078121,0.4894626141,1.4595047235,1.2489527464,0.4892754257,-0.3506115973,0.4776028693,-0.6399816275
7765502123921,0.7162600160,1.4817910194,1.2500288486,0.4551619589,-0.4286016822,0.4141816795,-0.6614996791
7765735146821,0.8351858854,1.4457613230,1.2489652634,0.4275434613,-0.3714246154,0.4518049359,-0.6892914772
7766201200021,0.9764702320,1.3213890791,1.2478880882,0.4097271860,-0.2724422216,0.4939578474,-0.7168713808
7766434218021,1.0704728365,1.2592338324,1.2314928770,0.4348784685,-0.3095557094,0.5246227384,-0.6631945372
7768298401621,1.5826518536,1.3647495508,1.1439234018,0.3798904717,-0.3006031215,0.6754041314,-0.5560129285
7777619324921,1.6547063589,1.3484209776,1.0620732307,0.2081787735,-0.3463661969,0.7537044883,-0.5182873011
7779017465021,1.5692076683,1.2423322201,1.1000870466,0.2335037142,-0.2846651673,0.7328783870,-0.5721285939
7779483511421,1.5464117527,1.4011163712,1.2175949812,0.4224881828,-0.4027605355,0.5005678535,-0.6393118501
7782512816521,1.2206507921,1.7759007215,1.2455208302,0.4470430017,-0.3872421384,0.4896304309,-0.6406701207
7783444903421,1.5035400391,1.4371864796,1.2228157520,0.3667675257,-0.3811017871,0.5392842889,-0.6552979946
7797426295621,-0.2870158851,2.0341541767,1.2776288986,0.1664915830,-0.1488869637,-0.4441339672,0.8676740527
7798358381921,-0.2057098001,1.7223325968,1.2491583824,-0.3406974375,0.2202047855,-0.5113055110,0.7576290965
7798591405221,-0.1582047343,1.6965219975,1.2462365627,-0.4061901271,0.2307373434,-0.4832273722,0.7404465675
7799756520421,0.2959626615,1.5077563524,1.2246174812,-0.4603394866,0.3297362924,-0.4738433659,0.6744139194
7799989550321,0.3587781787,1.4250814915,1.2339760065,-0.4783274829,0.3521853983,-0.4569830894,0.6620685458
7800688613221,0.4436225593,1.2817674875,1.2215009928,-0.4091018736,0.0970180482,-0.5157148242,0.7464994192
7801620756021,0.5220692754,1.2887583971,1.1596422195,-0.4438201785,0.1821056306,-0.5441402197,0.6883113980
7802086753421,0.5877879858,1.3700931072,1.1776429415,-0.4389842749,0.4289444983,-0.4429093003,0.6535524726
7802319774521,0.6038455367,1.4118788242,1.1809668541,-0.5751126409,0.3798797727,-0.4176753759,0.5920169353
7802552797221,0.6326754093,1.4449448586,1.1239030361,-0.5816467404,0.4241219461,-0.4592645764,0.5204650164
7803018844321,0.6235002279,1.4110054970,1.1409959793,-0.5158920884,0.4646715224,-0.4538743198,0.5585103035
7803251895321,0.5848141909,1.3807656765,1.1051769257,-0.5241245031,0.4222402871,-0.4748470187,0.5670335293
7804183965021,0.5783249140,1.2877805233,1.0690981150,-0.3137767017,0.2184276283,-0.6918725967,0.6124914885
7804416982921,0.5222997069,1.2258137465,1.0792331696,-0.1183902845,0.2221833766,-0.6779140234,0.6906886697
7805815120621,0.5318778157,1.3371632099,1.0901284218,-0.2693307400,0.3288380504,-0.6818436384,0.5953283906
7807679306821,0.5888451338,1.5103077888,1.0871920586,-0.4186859131,0.3621468246,-0.5844163299,0.5933037400
7808145360021,0.4865137041,1.4188842773,1.2045702934,-0.3848549724,0.3286735713,-0.4739341140,0.7205877900
7808844421321,0.4835221171,1.4549088478,1.1953080893,-0.5126618743,0.4033533633,-0.4429075420,0.6150746346
7810475583921,0.3644727468,1.3371568918,1.2219974995,-0.4228398800,0.3247019947,-0.4881995022,0.6909676194
7810708606821,0.3813010454,1.4138981104,1.2292881012,-0.5205035806,0.3926580250,-0.4289838672,0.6251948476
7811640699121,0.3747330308,1.5634397268,1.2183761597,-0.3910394311,0.1961444467,-0.5456945896,0.7147257924
7812339770321,0.3657538891,1.3752744198,1.2259291410,-0.3722209632,0.2591814101,-0.5015558004,0.7366942167
7812572793421,0.3987565935,1.3877112865,1.2291456461,-0.3815761209,0.2763040066,-0.4922455251,0.7319495678
7813504890021,0.5287957191,1.4876379967,1.2355647087,-0.2723441124,0.2205601931,-0.5089586377,0.7862207294
7813737907421,0.5258187056,1.4550920725,1.2417395115,-0.2668425739,0.2040784359,-0.5083184242,0.7929435372
7814669999521,0.5709611773,1.4047762156,1.2335127592,-0.5630201697,0.3898151815,-0.4121161401,0.6010097265
7815136045621,0.6735473275,1.5421428680,1.2085149288,-0.5244596601,0.3687643111,-0.4752407968,0.6025788188
7815602109221,0.6037668586,1.3679088354,1.2230852842,-0.2846332788,0.1232208833,-0.5631314516,0.7659525871
7815835115021,0.5686466694,1.2748582363,1.2237012386,-0.2507241070,0.1220608950,-0.5726119876,0.7709437013
7816767230621,0.8185991645,1.4768240452,1.2032526731,-0.5120913982,0.3910464644,-0.4624799192,0.6090627313
7817466275821,0.8877335787,1.4129911661,1.1953536272,-0.3244598508,0.3602490425,-0.5150756240,0.7068547606
7817699305121,0.9200096130,1.4018927813,1.1487661600,-0.2614635229,0.4065360725,-0.4609579146,0.7442331910
7818165346321,0.8587959409,1.2301430702,1.1802879572,-0.4304052293,0.2696925402,-0.5373796821,0.6732312441
7818864416421,0.7506390810,1.0415201187,1.2141588926,-0.2517504990,0.3516314030,-0.4645535648,0.7727658749
7820029531421,0.9008007050,1.4297829866,1.0789040327,-0.4860519767,0.5186698437,-0.5357164741,0.4557882249
7822126738321,0.7695893645,1.4478623867,1.1408780813,-0.6332862377,0.6103187203,-0.3338168859,0.3391546607
7823990922921,0.5634832978,1.0774306059,1.1677781343,-0.0458157025,0.1196851432,-0.6671919227,0.7337788343
7824456975521,0.7122476697,1.1848878860,1.1743412018,-0.3488825560,0.3602678180,-0.5610477328,0.6585693955
7825622085421,0.7181348801,1.1206095219,1.1840345860,0.0058390456,0.0294176582,-0.7004989386,0.7130230069
7827952316421,0.8701949120,1.2446225882,1.0127555132,-0.4398888052,0.4555481374,-0.6710930467,0.3854969740
7828651385921,0.9504359365,1.3953610659,1.1003102064,-0.3362460732,0.5384610295,-0.4515925050,0.6269470453
7830049524021,0.7962262630,1.3107175827,1.2625753880,-0.4641467929,0.3231916428,-0.3953630030,0.7237423658
7830515569821,0.8119291663,1.3654636145,1.2135508060,-0.3753881752,0.1657899618,-0.5120029449,0.7546194196
7830981616721,0.6767702103,1.2564551830,1.2385551929,-0.0618963167,0.0037430250,-0.5403098464,0.8391782641
7833078824821,1.0100475550,1.4701597691,1.2246865034,-0.6462668180,0.2093889564,-0.5140833259,0.5236544013
7880382514121,-0.0833674595,1.9163461924,1.1645419598,0.0662352368,-0.1361199170,0.6391246915,-0.7540583611
7883877868421,0.5470029116,1.7435221672,1.1341779232,0.5408047438,-0.3750703037,0.3874379098,-0.6455574632
7887373208221,0.4335266948,1.6081031561,1.2006849051,0.4810016751,-0.2883579731,0.5146017075,-0.6485924721
7887839253521,0.5543689132,1.5311951637,1.2077305317,0.4159292877,-0.2508730590,0.5344212651,-0.6917076707
7888072282521,0.6161398292,1.5081099272,1.1984759569,0.3975257277,-0.2493190020,0.5424211621,-0.6968448162
7890169484521,0.8533446193,1.5883486271,1.1153347492,0.2573807836,-0.2385318279,0.7033704519,-0.6181647778
7892266692921,0.9020998478,1.5868104696,1.1241770983,0.2361790836,-0.2969407439,0.6508840919,-0.6575679183
7892499730721,0.8672039509,1.5615785122,1.1390744448,0.1603698134,-0.2422037721,0.6481246948,-0.7039554119
7892732739721,0.8519764543,1.5600838661,1.1420294046,0.1738575250,-0.2231711298,0.6597180367,-0.6962329745
7894829953421,0.8707333207,1.5808906555,1.1850103140,0.2887263298,-0.2027385980,0.6275653839,-0.6940430999
7899024364121,1.0995244980,1.4516679049,1.1150265932,0.3432576060,-0.2931780219,0.7035130858,-0.5488990545
7902286687121,0.2495460361,1.3240673542,1.2206193209,0.4613181353,-0.3750770986,0.4782257974,-0.6463767886
7912539704621,0.5456941724,2.0446267128,1.2142742872,0.3837121427,-0.3154823482,0.5700776577,-0.6544061899
7913005749821,0.6377617121,1.8457154036,1.2210322618,0.1889015734,0.0049005118,0.6013970375,-0.7762819529
7913238773021,0.5397315621,1.7615691423,1.1973952055,0.0834413543,0.2821827233,0.5856956244,-0.7552291751
7913937841121,0.5370383859,1.4936505556,1.1610062122,-0.0003573253,-0.1526886970,0.6572603583,-0.7380345464
7914170865921,0.5826832056,1.4291125536,1.1706353426,0.0933782011,-0.2828317881,0.6152796149,-0.7298752069
7914403888721,0.6355295777,1.4090689421,1.1196740866,0.1907120496,-0.3516068757,0.5681245923,-0.7191911936
7914869934021,0.7282498479,1.3447983265,1.1385369301,0.3009219170,-0.4026407599,0.5515124202,-0.6657030582
7915102962521,0.8098676801,1.2963701487,1.1681927443,0.3850725889,-0.3515679836,0.5577612519,-0.6457719803
7915335980921,0.8670195341,1.1860669851,1.1130214930,0.4926581085,-0.1817028821,0.6349524260,-0.5666635036
7915802028221,1.0306059122,1.2020995617,1.1747937202,0.5515205860,-0.2966002226,0.5652312636,-0.5369981527
7926055044321,0.0622550175,1.6300370693,1.2279620171,-0.4227781296,0.1728344113,-0.5056509972,0.7319181561
7926987135221,0.5160537362,1.6226698160,1.2039871216,-0.5007187724,0.3007319272,-0.4621208906,0.6672970653
7927220165721,0.5858638287,1.5417234898,1.2332786322,-0.4712072313,0.2495161444,-0.4833624065,0.6943099499
7927453182521,0.6490925550,1.4280545712,1.2262636423,-0.4612292051,0.2188320458,-0.5244761109,0.6813993454
7927686205921,0.7130836248,1.3207169771,1.2149479389,-0.4569632411,0.2199993879,-0.5197302103,0.6875066161
7928152251521,0.8939508200,1.3384368420,1.2170222998,-0.4547914267,0.3030167222,-0.4958770871,0.6748715043
7928618302921,1.0446956158,1.3929747343,1.2119853497,-0.4331319928,0.3128510416,-0.5087184310,0.6750751734
7930715505221,1.0315339565,1.4483156204,1.2191239595,-0.4276132882,0.2535166144,-0.5140472651,0.6990219355
7932579697221,0.2546846569,1.4969394207,1.1968545914,-0.4106885195,0.1686112434,-0.5941103101,0.6707743406
7932812713521,0.1701872200,1.5353251696,1.1996158361,-0.4059318602,0.1594673693,-0.6065696478,0.6647276282
7934443874321,0.1297363639,1.8725354671,1.2508957386,-0.3953394890,0.1991585642,-0.5123441219,0.7358981371
7934676930221,0.1946575344,1.9024368525,1.2332240343,-0.4003293812,0.1964258999,-0.5243707895,0.7253885269
7935842014321,0.6515604258,1.6093537807,1.1946885586,-0.4483510554,0.2441510856,-0.5546717644,0.6570470333
7940968521821,0.3003033698,2.1063199043,1.0368852615,0.2370373607,-0.2765487432,0.7775199413,-0.5126371980
7941667591821,0.6196626425,2.0420372486,1.0453305244,0.0517065898,-0.1386960447,0.7995312810,-0.5820993781
7942832708221,0.5223503113,1.6906204224,1.0380952358,-0.2719240189,0.4184664786,0.7137791514,-0.4913883805
7943298753421,0.3818853796,1.5676965714,1.0445365906,-0.4409062862,0.5932219028,0.5490155816,-0.3902196586
7950988516421,0.6176733971,1.6332764626,1.0639894009,0.1737165153,-0.2014277130,-0.8223910332,0.5029140115
7953784792721,0.5973903537,1.7615731955,1.0518730879,0.2071323693,-0.4507413805,-0.7165430188,0.4904024601
7960309439521,-0.0783893317,1.5039800406,1.2777510881,-0.4638136625,0.2166166455,-0.3897850811,0.7655205727
7961008515921,0.2448484749,1.4143596888,1.2763917446,-0.4753866494,0.2449998409,-0.3833202422,0.7530260682
7962872694521,1.0328437090,1.2847517729,1.2278907299,-0.5326892734,0.4258920550,-0.4024239779,0.6106660962
7963105717221,1.1548371315,1.3433771133,1.2297965288,-0.5017244220,0.3984320164,-0.4367913604,0.6314569712
7963804791621,1.3767755032,1.4249566793,1.2025253773,-0.5320091844,0.4380560517,-0.4474000633,0.5700055957
8211508354721,0.5077851415,2.8435981274,0.7774127126,-0.5919457674,0.5920315981,-0.3931947947,0.3801273406
8219198118621,0.3452669084,3.0402863026,0.7611465454,-0.6236535311,0.7123748064,-0.1807295382,0.2662992775
8221994396121,0.4327612817,3.0132310390,0.7459970713,-0.5775470734,0.7313131094,-0.2070893794,0.2978836596
8237140893021,0.3331435621,3.0822548866,0.7228454351,-0.5850974321,0.7620379925,-0.1801013201,0.2110041529
8244830662021,0.4830251634,2.8957743645,0.7568830848,-0.6612924933,0.6713345647,-0.3073001802,0.1325478107
8245063678721,0.4073721468,2.9623739719,0.7642461658,-0.6678265929,0.6948190928,-0.2345405966,0.1273765415
8254151587721,0.5081883669,2.9563539028,0.7407300472,-0.5309295654,0.7003200650,-0.2797647119,0.3865195513
8254617626721,0.4618594944,3.0037448406,0.7237974405,-0.5753046870,0.7511810660,-0.2363363802,0.2211258560
8318465962121,0.4601404667,2.9553444386,0.7745229006,-0.6076583266,0.6661952734,-0.2082901746,0.3788806200
8338039911021,0.3877119124,2.9637820721,0.8046642542,-0.7162623405,0.6371434331,-0.1530811489,0.2399639487
8338738973421,0.3839527071,2.9375813007,0.8268580437,-0.7414148450,0.5969283581,-0.1500771791,0.2673153579
8345496643821,0.4201404452,2.9563980103,0.7899511456,-0.6661205292,0.6702561975,-0.1903321743,0.2661085129
8385343604521,0.4593079984,2.9913058281,0.7892425656,-0.6715558767,0.6509051323,-0.2077787817,0.2866414189
8393732433821,0.4708057642,3.0358211994,0.7686381340,-0.6644407511,0.6874357462,-0.1673740149,0.2407003343
8421229162121,0.5081778765,3.0150713921,0.7247895002,-0.5200033784,0.7519761324,-0.2226863652,0.3384364247
8427986833721,0.4992219210,3.0335114002,0.7009897232,-0.5049077272,0.7738445997,-0.2466647029,0.2922145128
8469464952521,0.4678611159,2.9651978016,0.7691425681,-0.6252747178,0.7283181548,-0.2136742026,0.1814595312
8492767264421,0.5238482952,2.9593019485,0.7747000456,-0.6578351259,0.6462969780,-0.3010821342,0.2426990569
8547061657421,0.6932165623,2.0073363781,0.5652130842,0.4607975483,-0.4995378554,-0.6734616756,0.2908212543
8590170940221,0.4473034739,2.1207039356,0.7768112421,-0.6834766865,0.4016488492,0.4394837618,-0.4223646820
8602987212721,0.1124037206,1.6103073359,1.1377955675,-0.1631572545,0.1705440581,0.7280388474,-0.6436256766
8604618375521,0.3373804092,1.7510299683,1.1037327051,0.0659298524,0.1239037067,0.7717519403,-0.6202419996
8605550467421,0.9700217247,1.8788671494,1.1957648993,0.2877176106,-0.1392061412,0.6463590860,-0.6928638220
8605783491121,1.0624078512,1.9198355675,1.2259049416,0.2909425199,-0.1573584080,0.5945831537,-0.7328449488
8606249536321,1.0057307482,1.9149831533,1.2454679012,0.2613642812,-0.1244342923,0.5567724705,-0.7785944343
8606482566721,0.7957565784,1.9085479975,1.2617172003,0.0520508848,0.0166339260,0.5301058888,-0.8461689353
8607414652521,0.1851394773,1.9405937195,1.2156398296,-0.4588327706,0.3211560547,0.5364298820,-0.6313273907
8619764880021,-0.6824046969,2.0501537323,1.2311421633,-0.3671513498,0.3273518682,0.5505956411,-0.6744517088
8624658365221,-0.3218349516,2.1504428387,1.2528836727,0.3682917356,-0.2917474508,0.5329431891,-0.7037160397
8626522551121,0.1584611386,2.1105899811,1.3029999733,0.3465037346,-0.1890207827,0.4518179595,-0.8000417948
8630949995721,0.2048903257,2.5942049026,1.2732604742,0.3254092038,-0.2685899734,0.5180718899,-0.7440227866
8635843476621,0.1725532711,2.4328289032,1.2597612143,0.2551976442,-0.2298227847,0.5735732317,-0.7436863780
8651223007221,0.0256978702,1.9314311743,1.2705556154,0.3795005679,-0.2544442117,0.5354489088,-0.7103041410
8652388127921,0.1673744619,1.8861376047,1.0554214716,0.2268041819,-0.4137035608,0.7668163776,-0.4352032840
8653320212921,0.1327079982,1.8995981216,1.2063590288,0.3702238500,-0.3204778731,0.6321344376,-0.6005283594
8654485328621,0.0522859953,1.9124157429,1.2870275974,0.3595611453,-0.2322657108,0.5057449341,-0.7489929795
8655184405721,0.0394691378,1.9383615255,1.3222405910,0.3986428082,-0.1818406135,0.4147972763,-0.7974717617
8660543936621,0.0465221331,1.8836239576,1.2702937126,0.3338057399,-0.2421362400,0.5309742093,-0.7402771115
8666136488121,0.0167894121,1.9087939262,1.3391038179,0.3537018001,-0.1783510149,0.3575307131,-0.8457291722
8667301638321,-0.0157296825,1.8471980095,1.3174999952,0.2981234491,-0.1824446470,0.3902685642,-0.8517786860
8673826252421,0.0696884021,1.7865543365,1.3014255762,0.2942152619,-0.1811581850,0.4740378559,-0.8098810315
8674525320721,0.0864670575,1.7555834055,1.2547690868,0.2415714115,-0.1770896763,0.5704225898,-0.7647879124
8698060658521,-0.5303095579,2.3517634869,1.0972185135,-0.5196020007,0.6920372844,0.4392053187,-0.2412403375
8709012747121,-0.4695669115,2.5291793346,1.0472284555,-0.5716507435,0.7685192227,0.2672611475,-0.1056652889
8709711816921,-0.3291585743,2.6013898849,1.0168991089,-0.5059348941,0.8379891515,0.2026750147,-0.0269618928
8715071348921,-0.4124581814,2.5410292149,1.0906958580,-0.6479209065,0.7097433805,0.2486644685,-0.1209498793
8741635995221,-0.1989864558,2.2579059601,1.0091501474,-0.4591014087,0.7476939559,0.4303467572,-0.2120882571
8742335058321,-0.2058842778,2.2112352848,1.0087583065,-0.4630869329,0.7457014918,0.4320164025,-0.2069823593
8743267150721,-0.0562015921,1.8512593508,1.0707828999,-0.3532468081,0.4466478825,0.6537680030,-0.4983069301
8745131335221,-0.1248373240,2.1876585484,1.0777983665,-0.5550359488,0.6798573732,0.4274172783,-0.2168955505
8747228545521,0.3170212507,1.7149355412,1.2128888369,0.0455945171,0.1496777833,-0.6615731716,0.7333748341
8771229936821,-0.0380285382,2.2078702450,1.1715844870,0.6747011542,-0.6696780920,-0.2576185763,0.1730385572
8773560160121,0.1142854616,2.1102931499,1.2644073963,0.7388146520,-0.4813372791,-0.2843495905,0.3763146102
8776822484221,-0.2067977637,2.1891355515,1.1695436239,0.6647807956,-0.6603216529,-0.2825210094,0.2054840177
8777754578121,-0.0743165463,2.3103182316,1.0350133181,0.5529438257,-0.8219637871,-0.1111392751,-0.0792264193
8778686669921,-0.0968257114,2.3105616570,1.1086561680,0.7510337830,-0.6251537204,-0.1602019966,0.1395224482
8788007595421,-0.2474717945,2.1960959435,1.0450701714,0.2842193544,-0.5302790999,-0.6207062602,0.5027397275
8788240619621,-0.0682624206,2.1080391407,1.1229753494,0.4614883065,-0.5004918575,-0.5826557875,0.4439015687
8792668059621,-0.1591748148,2.3731293678,1.1012541056,0.6282774806,-0.6884629130,-0.3056831062,0.1945354491
8793600172121,-0.2254693210,2.2004837990,1.1407564878,0.5306322575,-0.4749709368,-0.4907678366,0.5019751787
8797095499521,-0.3457255065,2.2688913345,1.2258988619,0.7106051445,-0.5769447088,-0.2795710266,0.2898536325
8802222013421,-0.1860927045,2.3674542904,1.1312166452,0.6394321918,-0.6914297938,-0.2848683596,0.1786094606
8802688054921,-0.1647013128,2.4264967442,1.1105798483,0.6535192728,-0.7177396417,-0.2239295691,0.0872810706
8804319216521,-0.2036509663,2.3728847504,1.0961425304,0.5854157805,-0.7267616391,-0.3082088530,0.1846978366
8804785263421,-0.2533815801,2.2986514568,1.1051015854,0.5750523210,-0.7018551826,-0.3636749089,0.2108429074
8805717356221,-0.2831287682,2.3199858665,1.0791982412,0.5351211429,-0.6988641620,-0.4147382379,0.2307088971
8808513633021,-0.2458279580,2.4810414314,1.1432899237,0.6341965795,-0.6662405729,-0.3560008705,0.1648683101
8810610845721,-0.1748002768,2.2955214977,1.1006366014,0.5914179087,-0.6739693284,-0.3294406235,0.2957348824
8810843864721,-0.2019238770,2.2508068085,1.0624514818,0.5880535841,-0.6467702985,-0.3735243380,0.3104204834
8813873167421,-0.1877476722,2.2742865086,1.0137196779,0.5063102245,-0.6197299957,-0.4299511015,0.4180033803
8814339212621,-0.2579155862,2.4452776909,1.0817897320,0.4455383420,-0.6615716815,-0.4762626290,0.3701249361
8818766652521,0.0283002406,2.2922325134,1.1546403170,0.1616712809,-0.1630212963,0.7656332254,-0.6009095311
8819232699621,0.0387413912,2.1920628548,1.1485972404,0.1526597291,-0.1194916144,0.7808349133,-0.5938969851
8819465721021,0.0963877365,2.1764683723,1.1518527269,0.1605000347,-0.1225412712,0.7754629254,-0.5982312560
8820164791921,0.2245614380,2.1630146503,1.1781653166,0.1359796673,-0.1313765794,0.7348505855,-0.6513404846
8821795952621,0.0047244481,1.8792074919,1.2613238096,0.3489268124,-0.2443333864,0.5747117400,-0.6987544298
8822029033721,0.0712903515,1.8313676119,1.2125364542,0.3100879788,-0.2849779427,0.6552292109,-0.6271424890
8825291306621,-0.1383750588,1.9165512323,1.1743130684,0.3062014878,-0.3410388529,0.6421284676,-0.6144951582
8826223392721,-0.0647661164,1.8652300835,1.1774394512,0.3086738288,-0.3426800370,0.6442746520,-0.6100828648
8826456417421,-0.0565649979,1.8755083084,1.1731733084,0.3041831851,-0.3327386081,0.6528692245,-0.6087030172
8826689444021,-0.0764794201,1.8921649456,1.2233989239,0.3357214332,-0.2801873684,0.5737870932,-0.6924988627
8832981075521,-0.0893205702,1.8070023060,1.1665202379,0.1225773692,-0.2317122668,0.7029421329,-0.6611782312
8833214088121,-0.1963276267,1.7232186794,1.1287550926,-0.0993015915,-0.1103260517,0.7674504519,-0.6236884594
8835078279421,-0.1385591626,1.8910635710,1.2016849518,0.2687088251,-0.2426816076,0.6053984761,-0.7087975144
8836010370921,-0.1304584593,1.9697797298,1.2915012836,0.3874501884,-0.2850436270,0.4337380826,-0.7619079947
8838107573521,-0.0456668027,1.8411428928,1.0978235006,0.1733360440,-0.2843862474,0.7246549726,-0.6032862663
8839039667821,0.0127911922,1.7703448534,0.9252343774,0.0392786935,-0.2780795693,0.7216292620,-0.6327560544
8839971758921,-0.1979856193,1.8404186964,1.2303299904,0.1397818029,-0.1659469306,0.6102801561,-0.7618929744
8840670829921,-0.1284515113,1.8068300486,1.0717875957,0.1142955124,-0.2344558686,0.7535709143,-0.6034052968
8844166186021,-0.0555475242,1.9180351496,1.2491096258,0.3025956154,-0.2627309561,0.5131230950,-0.7590211630
8845331291921,-0.2159183770,1.8007036448,1.1988230944,0.1299518347,-0.1840016544,0.6543228030,-0.7218847871
8846496407021,-0.1865390092,1.7695021629,1.1430718899,0.2559475601,-0.2514592111,0.6648718715,-0.6551370025
8846729431321,-0.1212797612,1.8198109865,1.1926127672,0.3434884548,-0.2667329311,0.6207341552,-0.6523483992
8846962455621,-0.0179624390,1.8885349035,1.1509772539,0.3525298238,-0.3969701529,0.6290469766,-0.5678356886
8847661523921,0.0443352796,1.8367199898,1.1231626272,0.1475526541,-0.3350134492,0.6842467785,-0.6307143569
8853953148521,-0.1774860173,1.8460668325,1.2540320158,0.3529439270,-0.2802989781,0.5235259533,-0.7230378389
8855584313721,-0.1618947685,1.8621901274,1.2725404501,0.3576869667,-0.2653637230,0.4740142524,-0.7595739961
8856982449521,-0.0556265712,1.7951186895,1.2009959221,0.2710712850,-0.2831177711,0.6057814360,-0.6923825741
8861642919221,0.0264983736,1.5483077765,1.1161620617,0.2649347782,-0.2963344455,0.6786854267,-0.6175611019
8862108957821,-0.0325888582,1.4623007774,1.1234097481,0.2429362833,-0.3241845667,0.6765980721,-0.6148995161
8864206167421,0.0945865810,1.8740390539,1.2335540056,0.3172104061,-0.2765681744,0.5409533978,-0.7281875014
8864439195221,0.0482223146,1.8749037981,1.2515109777,0.3306546211,-0.2484481484,0.5255919695,-0.7434341311
8865138258821,-0.0298615880,1.8519796133,1.2877935171,0.3211522698,-0.2336989045,0.4440278113,-0.8031720519
8866070370921,0.0989000350,1.8312984705,1.1156997681,0.2514114380,-0.2950710058,0.6786172390,-0.6238622665
8868400589521,0.2124782950,1.7938356400,1.0805583000,0.2430962771,-0.3732688725,0.6693727970,-0.5945709348
8868633632921,0.1868011504,1.7898188829,1.0568058491,0.2298331261,-0.3569715619,0.6891782880,-0.5871809125
8872828026021,0.2138116658,1.8727426529,1.1638687849,0.2956008315,-0.3329321742,0.6251307726,-0.6410834193
8873993139721,-0.0670125633,2.0066783428,1.1799674034,0.3116418123,-0.3254665732,0.6045902371,-0.6568268538
8874226162321,-0.1024634764,2.0329477787,1.0892680883,0.2769672275,-0.3661443293,0.6904041171,-0.5590793490
8874925231521,0.2089181542,2.3183500767,0.6828265786,0.3123655915,-0.5774737000,0.6910904050,-0.3022350371
8881915932121,-0.0456734411,2.0069427490,1.1098908186,0.2277338505,-0.2355329543,0.6706544757,-0.6654953957
8882148949821,-0.1109514311,2.1108427048,1.2207926512,0.2962644100,-0.2647004426,0.5797919035,-0.7113385201
8885411273721,0.0084937969,1.9824209213,1.1694219112,0.2478566617,-0.2566404939,0.6723911762,-0.6485313177
8886110375421,0.2287340015,1.6303538084,1.1423170567,0.2638073862,-0.3137466311,0.6982673407,-0.5868488550
8886576390421,0.7434381843,1.3303562403,0.9461460114,0.2188639641,-0.3890914619,0.7335761189,-0.5124182701
8892868016721,-0.1147939041,2.1106917858,1.0663886070,0.1406593472,-0.3468922377,-0.7919954658,0.4823110998
8901256848421,0.2157664299,2.1190965176,1.2812443972,0.4868425131,-0.3534663916,-0.4926389754,0.6287707686
8902888010821,0.1130794510,2.4433636665,1.1585499048,0.6204687953,-0.6993967891,-0.3153367639,0.1625587642
8910111729321,-0.1130679920,2.3153679371,1.2413530350,0.6320596337,-0.5751522779,-0.3748873472,0.3593883216
8914073121321,0.1203605458,1.8776489496,1.1490168571,0.2090026438,-0.3000231683,-0.7423171401,0.5614884496
8915238237421,-0.0816148818,2.1032719612,1.1467647552,0.4502451122,-0.4652949274,-0.5984855890,0.4717998505
8921063822621,0.0304721687,2.3330478668,1.1473329067,0.6244018674,-0.7505167723,-0.1966583580,0.0904016271
8928753579321,-0.0542320572,2.1485867500,1.3385587931,-0.3531205058,0.2265097201,-0.4365631938,0.7958717346
8929452649321,0.0875620916,2.0494444370,1.3375841379,-0.2971024513,0.2223313004,-0.4371235371,0.8192813993
8931316834221,0.3701658547,1.7016162872,0.9015759826,-0.1807078868,0.2939291894,-0.8483971953,0.4014630020
8934113120921,-0.2757109404,2.5696315765,1.2763013840,0.3816808164,-0.3091811240,-0.5735064745,0.6556043625
8948793570821,-0.3273761868,2.4452455044,1.1395589113,0.2733684480,-0.3179714382,-0.7626883984,0.4924128056
8962075890321,-0.3455159366,2.3664615154,1.1871839762,0.1359950155,-0.2193496078,-0.7389885783,0.6223238707
8965571240921,-0.0203949288,2.3397035599,1.0752521753,-0.0388544239,0.2102151513,-0.7766564488,0.5925409794
8967202398421,-0.2313929200,2.4198026657,1.2686223984,-0.1439696103,0.1441094577,-0.5776004791,0.7904954553
8969066604821,-0.4306451976,2.2839043140,1.0287514925,0.0532013550,-0.1061917543,-0.8276022673,0.5486050844
8969765659921,-0.2613891065,2.0919444561,0.7697784305,-0.0335890613,0.1310714334,-0.8986676335,0.4172392488
8972095885321,-0.1334630549,2.3919093609,1.2916741371,-0.2629695237,0.2030088753,-0.4888120890,0.8066580296
8979785649521,-0.0280591678,2.3099510670,1.2010864019,-0.2702417076,0.2909839153,-0.6237938404,0.6731857061
8981649835221,0.1882418543,2.6096997261,0.5158546567,-0.1316765100,0.6049952507,-0.6913759708,0.3723457456
8991436810421,-0.0148707805,2.2687258720,1.2121955156,-0.2710947394,0.3302451372,-0.4543144107,0.7816932201
8994699130621,-0.0776870325,2.1868553162,1.1410324574,-0.1785405427,0.2354025245,-0.6832085252,0.6677837372
8995165176321,-0.0567203574,1.9759107828,0.7167939544,-0.0386693627,0.2471072376,-0.8670850396,0.4308205545
9002854941921,-0.0290502813,2.3317348957,1.2614395618,-0.3619359732,0.2906941772,-0.4807073176,0.7439218760
9003320986321,0.0278934576,2.1742334366,1.0056898594,-0.1233331934,0.2795881927,-0.8003853559,0.5157545805
9005418194821,-0.3245762885,1.1590710878,0.8118239641,-0.0334876962,0.1155613586,-0.7776631117,0.6170609593
9005884241821,-0.2561171055,1.0797003508,0.8525200486,0.0114335371,0.1260626167,-0.8158119917,0.5642945766
9006117272721,-0.3151161969,0.9684572816,0.7416098118,-0.0010145066,0.1349773705,-0.8495913148,0.5098772645
9009146566121,-0.1467383206,1.8303244114,1.2449828386,-0.3978921473,0.1896752566,-0.5557551384,0.7048697472
9009612611521,-0.0866921768,1.9817156792,1.1994587183,-0.2349211276,0.2458442152,-0.6550261378,0.6747691631
9015904236621,-0.5830222368,2.2141151428,1.2170054913,0.4769672453,-0.4579406679,-0.4688874483,0.5856084228
9031050741621,0.6548858285,2.5974922180,1.1472249031,-0.4157934487,0.5296753645,-0.5621772408,0.4801214933
9048294454521,0.5209588408,2.6958405972,1.3447040319,-0.4196361005,0.2192312777,-0.4941149950,0.7291732430
9052954917821,0.5056222081,2.6637904644,1.0730785131,-0.2386033982,0.2876816392,-0.7413598895,0.5573986173
9053420969121,0.2385859787,2.5756106377,1.1594140530,-0.2814901173,0.2086415142,-0.7326632738,0.5834695101
9054120032621,0.1985197365,2.3501167297,1.1219030619,-0.1991046071,0.2223687172,-0.7725787759,0.5603852868
9054819108821,0.1219024211,2.0285620689,1.1940127611,-0.2691701353,0.1855136901,-0.6844342947,0.6516761780
9063907004721,-0.4727165103,2.1393799782,1.1198093891,-0.0436960980,0.0270563997,0.7379498482,-0.6728957891
9070664676721,0.3227603436,2.0125586987,0.9736668468,0.1223528087,-0.3752676845,-0.8021958470,0.4479797781
9072528861821,0.1787680238,2.3583126068,1.0273690224,0.0865448937,0.1155523285,0.8912248015,-0.4299721718
9085811187621,0.7275385857,1.4077039957,1.0498254299,-0.2798917890,0.3549837768,-0.7245145440,0.5203132629
9086510250721,0.4034752250,1.6743158102,0.9131065011,-0.2319911271,0.6144911051,-0.7064835429,0.2635561824
9086976297021,0.1219972000,1.9574786425,0.8699268699,-0.2689471543,0.6286888719,-0.6805832982,0.2631047964
9087442343421,-0.0055758622,2.1498086452,0.8450123668,-0.2664182186,0.7241209745,-0.6056219935,0.1946592778
9090937690221,0.1979369968,1.8600026369,1.1052899361,-0.3346443176,0.3734273612,-0.7006868720,0.5075462461
9114473027221,-0.1942367107,2.2207784653,1.1794083118,-0.3866011202,0.3947099745,0.6170107126,-0.5603940487
9115638148621,-0.5405256152,2.2754726410,1.1808682680,-0.2392075211,0.2479093224,0.6035412550,-0.7190679908
9115871166921,-0.5370535851,2.2586970329,1.1782438755,-0.2137812972,0.2345115840,0.6298155189,-0.7089670300
9116104189921,-0.4938560426,2.2231066227,1.1647728682,-0.1963929683,0.2612612247,0.6410738230,-0.6944038868
9119832559121,-0.1300614029,2.0300059319,1.0831104517,-0.0950540155,-0.3525178432,0.7228478193,-0.5866745114
9120298606421,-0.2448320687,2.0203986168,0.9567973614,-0.0915666744,-0.2061164826,0.8573889136,-0.4626185298
9120764672921,-0.3935117424,2.1200649738,0.9096654058,-0.2185265273,-0.0282991510,0.8747832179,-0.4315085113
9122861860821,-0.3839281797,2.1238715649,0.8422489762,-0.1861009598,-0.0234465078,0.9157525897,-0.3552660346
9124027025921,-0.3380408883,2.0234563351,1.0263392925,-0.2432173491,-0.1209645346,0.8369817138,-0.4750522077
9126357213821,-0.4338189363,2.1966609955,1.1703574657,-0.2312700301,0.2368175089,0.6851247549,-0.6488727331
9129386507821,-0.4093954265,2.1769471169,1.2145929337,-0.3517574072,0.2656000853,0.5934621692,-0.6734433770
9135212086621,-0.0752746314,1.8997371197,1.2535476685,-0.8007252216,0.5314935446,0.1797785759,-0.2098415047
9142668862621,-0.2624178529,2.3191785812,1.3105351925,0.4115753770,-0.1763892323,0.3967716992,-0.8012894392
9147795336921,-0.3199748397,2.2105512619,1.1028826237,-0.0561322011,0.0160712060,0.7657218575,-0.6405162215
9179719506721,-0.6374735236,2.8520500660,1.3403681517,-0.1756005436,0.1885406375,-0.6185047626,0.7423400879
9181117645521,0.3717159033,2.1038331985,1.2028974295,0.2001977563,-0.2090337425,0.7278993726,-0.6216014028
9181583695621,0.4613885283,1.8551340103,1.1298459768,-0.0020272459,0.0565196909,0.8469959497,-0.5285822749
9184146946421,0.0254660361,2.0887591839,1.1863442659,0.0309220124,0.0582453124,-0.7303738594,0.6798569560
9184612993821,0.1097482368,2.1613695621,1.1987239122,-0.2592732012,0.2201574445,-0.6141365767,0.7121407390
9187642293121,0.2785799503,2.1546957493,1.0579285622,-0.2248538136,0.4205698371,-0.7075346708,0.5214944482
9196031127521,0.1163885295,2.1451559067,1.0781782866,0.0259428248,-0.1577983350,-0.8043835759,0.5721833706
9203720890121,-0.4445661306,1.9919437170,1.1194393635,-0.0175917465,-0.2735035121,-0.6433406472,0.7148421407
9203953912921,-0.4637089372,1.7577993870,0.9959810972,-0.0084906081,-0.2873063385,-0.7032005191,0.6503015757
9204186937221,-0.3169842958,1.5983501673,0.9687861204,-0.0954304636,-0.1062074602,-0.7509096265,0.6447851062
9204652990521,0.2288287431,1.5375046730,1.1141192913,-0.2849040031,0.4009251297,-0.5961431861,0.6345882416
9204886005921,0.4204186201,1.5561697483,1.1068243980,-0.3483650982,0.5060642958,-0.5036777854,0.6073297262
9205352052321,0.5955211520,1.3814017773,1.0460996628,-0.3917377889,0.4236028194,-0.5664031506,0.5884637237
9206517168521,0.7990864515,1.4942901134,1.0478217602,-0.5686171055,0.7882071137,-0.2088020742,0.1086545959
9206983213721,0.7778804898,1.6357070208,1.0223555565,-0.5059205890,0.7535108924,-0.3691850305,0.1999205947
9208847405221,0.0897294059,1.7022279501,1.0373437405,0.4396753609,-0.6223064065,0.5336179137,-0.3669772744
9209546469421,0.5771371722,1.5710496902,1.0259047747,0.3588972390,-0.5017825365,0.6669051051,-0.4179049730
9211410659621,0.8077989817,1.7979804277,1.0951135159,0.2687902749,-0.4261316657,0.6558740139,-0.5621325374
9211876700421,0.6982588768,1.7014725208,1.0576612949,0.2812103033,-0.4842183590,0.6512225866,-0.5122134089
9212109723721,0.6264907122,1.6695247889,1.0373020172,0.2673943639,-0.5026482940,0.6654480100,-0.4827255011
9212808799421,0.2260527015,2.0259628296,1.0697299242,0.4841114879,-0.6769511700,0.4159192443,-0.3665846288
9213507862021,-0.2866272032,2.3289356232,1.0869456530,0.6111696362,-0.7721614838,-0.1348599792,0.1097782031
9214439963421,-0.3540952504,2.1769630909,1.1637918949,0.4488765299,-0.4280952215,-0.5274816155,0.5805234313
9217003212121,0.4125678539,2.2187762260,1.0700418949,0.2785137296,-0.3846664429,-0.7082538605,0.5223392844
9217935301821,0.1618524194,2.2385566235,1.1298542023,0.3415269554,-0.3134641349,-0.6433615088,0.6092500091
9236577152521,-0.0404152796,2.0071539879,1.2107152939,-0.3503285944,0.3402913809,-0.5733229518,0.6578544974
9236810176421,-0.0654532909,1.8490053415,1.2250424623,-0.3420058489,0.3224280179,-0.5812431574,0.6642504930
9238441344521,0.5305601358,1.6746371984,1.1941112280,-0.6612860560,0.6801961064,0.2089045942,-0.2374721617
9240538578221,-0.0838214532,1.8427489996,1.1381283998,0.6442307234,-0.7419047356,0.1573563814,-0.0989095718
9241004616121,-0.3038182557,2.0851047039,1.0911022425,0.6253236532,-0.7760465145,0.0788464099,0.0224823542
9241237621721,-0.4533932805,2.2184278965,1.1122909784,0.6167226434,-0.7770326734,-0.0219189283,0.1240688413
9241470639421,-0.5816316009,2.3105244637,1.1171914339,0.6058216095,-0.7766935229,-0.0883185863,0.1480787396
9242169748221,-0.8905079961,2.5375914574,1.1303498745,0.6264624596,-0.7654718161,-0.0534738228,0.1368877441
9243334824321,0.0039223172,2.1834175587,1.1388845444,-0.4930405021,0.3117901683,-0.6451099515,0.4934887886
9244033895221,0.4154272974,1.7949161530,1.1211920977,-0.4211346209,0.3601975143,-0.6547878981,0.5139612556
9244499939721,0.7583286166,1.5841566324,1.0843325853,-0.3942790926,0.3487589657,-0.6741824746,0.5180629492
9244732962921,0.9500193596,1.5223094225,1.0929038525,-0.4024826884,0.3720094562,-0.6637658477,0.5089514256
9245432032221,0.7934462428,1.8066519499,1.1000956297,-0.5429528356,0.6681652069,0.3081537783,-0.4047206938
9245898100021,0.7974594235,2.0961902142,1.1054563522,-0.5659404993,0.6755147576,0.3199705482,-0.3478650749
9246364124221,0.6832317710,2.2951300144,1.1045328379,-0.5190653801,0.6204783916,0.3954263330,-0.4349893630
9248228310121,-0.1739428341,1.9068590403,1.1790937185,0.0712330863,0.0019843548,0.6746259332,-0.7347121239
9251257610721,-0.0977690443,1.8816757202,1.1167845726,-0.6638745666,0.7425578237,-0.0875987038,-0.0143181002
9251956685921,-0.3567472398,2.0964145660,1.1122788191,-0.6557839513,0.7440659404,-0.1277234852,0.0002301410
9255918072821,0.1374450326,1.5984128714,1.1762102842,0.3311927915,-0.2850521803,0.5800904632,-0.6874239445
9256151104221,0.2106212974,1.4431525469,1.1903997660,0.3447669446,-0.2855238616,0.5949664712,-0.6675528884
9256617142421,0.2806668878,1.4126461744,1.1942518950,0.5165101886,-0.4051480293,0.5340572000,-0.5327807665
9259413420121,0.3230734468,2.2303421497,1.2450845242,-0.1950883418,0.0878060907,-0.5700235963,0.7932866812
9259879466521,0.6948023438,2.0638427734,1.1977878809,-0.2648513317,0.4483878016,-0.3894918561,0.7596698403
9260112496121,0.8686734438,1.9801355600,1.1832243204,-0.3623144329,0.5248075128,-0.3528490663,0.6846917868
9263141791021,-0.5194885135,2.3736927509,1.1556359529,-0.4794988334,0.4988516271,0.4536206126,-0.5616550446
9263840859221,-0.6292263865,1.9809286594,1.1275386810,-0.0922132879,0.1845193058,0.6922190785,-0.6915794611
9264073889821,-0.4785446525,1.8478314877,1.0883173943,0.0576748922,-0.0601365604,0.7672380805,-0.6359269023
9264539929921,-0.1214220300,1.7418576479,1.1498999596,0.2725190818,-0.2541818619,0.6554834247,-0.6568611264
9264772952221,-0.0727729425,1.6253235340,1.1285809278,0.2449086905,-0.0972601026,0.7132510543,-0.6494868398
9265238999221,0.2811040282,1.5939908028,1.1561874151,0.3726688027,-0.4326491058,0.5467531681,-0.6123673916
9265705044321,0.5657795668,1.5980496407,1.1538685560,0.3903925121,-0.4016243815,0.5921102166,-0.5793936849
9273161785621,-0.1609570831,2.4058854580,1.1707819700,0.2982206941,-0.2991867959,0.6375427842,-0.6442754865
9275259016721,0.7024912834,1.6209210157,1.1944139004,0.3376503587,-0.2707085013,0.5778995752,-0.6919113398
9276890177221,1.3036776781,1.1041704416,1.2170530558,0.4394325614,-0.4345582128,0.4180611074,-0.6657951474
9277123178821,1.4326750040,1.1242893934,1.2169487476,0.4406849146,-0.4564146996,0.4249388278,-0.6456852555
9277589231821,1.6210545301,1.1226326227,1.1345790625,0.4173133075,-0.5417065024,0.5407903790,-0.4898464084
9277822251021,1.6628031731,1.1090248823,1.1118259430,0.4479595125,-0.6304234862,0.4866972864,-0.4062317014
9278288294721,1.5809972286,1.1961714029,1.0906412601,0.5569917560,-0.7603263259,0.2936883569,-0.1594088972
9278754340421,1.2063602209,1.3777135611,1.1231557131,0.6506337523,-0.7548005581,0.0796857327,-0.0245366227
9278987369421,1.0213631392,1.4591581821,1.1497099400,0.6832461357,-0.7287353873,-0.0455814116,0.0064646211
9279453410321,0.8642523289,1.6307220459,1.1560446024,0.6830332279,-0.7086457014,-0.1505998075,0.0927724615
9279686433121,0.8432366848,1.7250243425,1.1769667864,0.6985598803,-0.6795621514,-0.1634563357,0.1532691419
9283880849921,-0.0422179401,2.3965761662,1.0604341030,0.4221518338,-0.6083146334,-0.5268473029,0.4173405766
9284113872721,-0.0387620814,2.3798248768,1.0439651012,0.3744570315,-0.5812950134,-0.5735775232,0.4391889572
9284346901421,-0.0148780588,2.3663792610,1.0241868496,0.3411598504,-0.6207146645,-0.5841886997,0.3962912858
9284579919021,0.0257429052,2.3481595516,1.0315569639,0.3946984112,-0.6450604796,-0.5545727015,0.3472165167
9284812942721,0.0583642721,2.2688701153,1.0347565413,0.3997133672,-0.6455479860,-0.5515471697,0.3453878462
9285045986321,0.0975246429,2.1881761551,1.0362795591,0.4219999909,-0.6410190463,-0.5518684983,0.3262695670
9285278987921,0.1237870678,2.1423633099,1.0277056694,0.4324387908,-0.6520247459,-0.5448854566,0.3015960753
9285745041521,0.1544506103,2.0875368118,1.0254721642,0.4187341630,-0.6398363113,-0.5565372109,0.3248655796
9285978057721,0.1729387790,2.0690324306,1.0263301134,0.4191308022,-0.6315093637,-0.5479838848,0.3538912535
9286211081021,0.1868243217,2.0590190887,1.0240185261,0.3943789601,-0.6345407367,-0.5453438163,0.3800309896
9286677148421,0.1941251010,2.0533440113,1.0128098726,0.3694333434,-0.6402334571,-0.5560894608,0.3799797297
9288075266321,0.1845291108,2.0918784142,1.0161056519,0.4365960956,-0.6227045059,-0.5311580300,0.3734891415
9288308315821,0.1818554550,2.0821611881,1.0002325773,0.4190039337,-0.6427109838,-0.5391371846,0.3474039137
9289240402421,-0.0806783065,2.2124929428,1.0093220472,0.3884591758,-0.6095030308,-0.5576264858,0.4082379639
9295298987721,-0.2620121539,2.6292982101,1.0674617290,-0.3143450320,0.2402117699,-0.4349235296,0.8089048862
9295998084421,-0.2160261869,2.4675574303,1.2143480778,-0.0968897343,0.1429885030,-0.6288124919,0.7581303120
9300192469221,-0.1555955112,2.0420405865,1.1084440947,-0.2054779083,0.2500372529,-0.7340095043,0.5970681310
9300425492621,-0.1774847507,1.9730355740,1.1608034372,-0.1001591235,0.2912490666,-0.6961252689,0.6484997272
9302289677321,0.1859101653,1.9600870609,1.1744748354,-0.3508849740,0.3492238224,-0.6394030452,0.5882909298
9302522734921,0.2253618389,1.9595366716,1.2113157511,-0.4301014841,0.3225534558,-0.5680042505,0.6231719255
9308581301921,0.7074190378,2.1757280827,1.2636352777,-0.2937647104,0.1919203401,-0.5396295786,0.7652899623
9309047385121,0.8288781643,2.0124778748,1.2515097857,-0.2496586144,0.1691971272,-0.5243894458,0.7962779999
9309513394821,0.9203624725,1.8076490164,1.2385792732,-0.0576806106,0.0540012196,-0.5817370415,0.8095300794
9309746417821,0.8880968690,1.6980985403,1.2160928249,0.0224731676,-0.0117600011,-0.6155079603,0.7877224684
9309979440521,0.9364711642,1.5784139633,1.2293599844,-0.1383402795,0.1119415089,-0.5756465793,0.7980991006
9310445497821,1.0115232468,1.4309158325,1.2425299883,-0.4177616835,0.3172844648,-0.4772808254,0.7049885392
9310678541121,1.0886676311,1.3565143347,1.1850920916,-0.3612847030,0.3635387719,-0.5553953648,0.6548656225
9311144557121,1.2535315752,1.2384809256,1.2147036791,-0.2744075954,0.2854421437,-0.5677559972,0.7217176557
9311610601721,1.3420250416,1.2594745159,1.2223147154,-0.5910285115,0.4889317453,-0.3960550129,0.5047490597
9314872925621,0.7061153054,2.3780195713,1.1903263330,-0.4553137422,0.4596769512,0.5098275542,-0.5669766068
9315105950121,0.7536866665,2.2894535065,1.1870086193,-0.3156286478,0.3797894716,0.5842982531,-0.6439986229
9315805018521,1.0278224945,1.7779021263,1.2209794521,-0.0626966357,0.0044078920,0.6516213417,-0.7559360266
9316271065121,1.0699549913,1.4453885555,1.1723934412,0.0487299562,-0.0866737664,0.6776820421,-0.7286014557
9316504088121,1.0747997761,1.2664926052,1.1816070080,0.0905028433,-0.1177546978,0.6901338100,-0.7082784772
9316737112321,1.1968317032,1.1660794020,1.1796120405,0.2368462533,-0.2489085495,0.6551722884,-0.6728281379
9316970136921,1.3642108440,1.0912052393,1.1673182249,0.3051644862,-0.3354280591,0.6069653630,-0.6526528597
9318601296921,1.9091254473,0.9010325670,1.1213221550,0.6145006418,-0.7739143968,0.1530508995,-0.0045810882
9320698508121,1.8788511753,0.4912412763,1.1428556442,0.6617542505,-0.7417718768,-0.0078532631,-0.1086013615
9320931537221,1.9081118107,0.5068341494,1.1467331648,0.6660705805,-0.7399664521,0.0011418138,-0.0937994570
9321863620321,2.0206630230,0.5719212890,1.1326874495,0.6431940198,-0.7583246231,0.0441823304,-0.0964004770
9322329672721,1.9123880863,0.6787713766,1.0407509804,0.4417265654,-0.8667060733,-0.2179608345,-0.0786849111
9322562690821,1.8011286259,0.7460337877,1.0317993164,0.5457707644,-0.8376289010,-0.0148774330,0.0170548391
9323028736021,1.6762242317,0.7650466561,0.8511404395,0.5424943566,-0.8374699950,-0.0599657446,-0.0273480862
9323494781721,1.5712629557,0.8046513200,0.7083734274,0.6216652989,-0.7824844718,-0.0018507832,-0.0353126824
9323960828921,1.5548242331,0.7053930163,0.5073841214,0.6030932069,-0.7907286882,0.1040316522,-0.0142892804
9324426874521,1.5883669853,0.7059260607,0.4847374260,0.5838071704,-0.8090712428,-0.0676235408,-0.0003054706
9324659897721,1.5658792257,0.7630954981,0.5356099606,0.6190872788,-0.7814938426,-0.0393933617,0.0666814595
9325125944221,1.5920020342,0.8088606596,0.5884958506,0.6019166112,-0.7784131169,0.0811098814,0.1587158740
9325358967821,1.5744552612,0.8030014634,0.6091446877,0.6261603832,-0.7519700527,0.0668648183,0.1949185133
9325591990121,1.5483368635,0.8006151319,0.6114313602,0.6749221087,-0.7127979398,0.0652200505,0.1792919636
9326058037121,1.4720156193,0.8066942096,0.5992544293,0.7528579235,-0.6382099986,0.0172300898,0.1599877030
9326757105921,1.5130374432,1.0024904013,0.7076712847,0.7859544754,-0.5617549419,0.0062312325,0.2582020462
9326990129421,1.5179425478,0.9620816112,0.5658211708,0.6934950948,-0.7047651410,0.0579766706,0.1378744841
9327689204221,1.3425698280,0.6859091520,0.3029524386,0.6812257171,-0.7285952568,-0.0090452638,0.0707011670
9327922221821,1.2670047283,0.6808178425,0.2558226883,0.7024590969,-0.7003248930,-0.0856784880,0.0935712084
9328155245621,1.2090249062,0.7023140192,0.1821654290,0.6997045875,-0.6995775104,-0.1268764138,0.0700514466
9328388268321,1.1792560816,0.7272519469,0.1252640486,0.7072951794,-0.6969637275,-0.1116385758,0.0388845950
9328621291821,1.1707450151,0.7594755292,0.0867938846,0.6708759665,-0.7396109104,-0.0393756852,0.0367531441
9329087346421,1.1682385206,0.7539690733,0.0576913580,0.6440143585,-0.7618688345,-0.0457924455,0.0520059578
9329320360821,1.1689431667,0.7526690364,0.0473637655,0.6389851570,-0.7655640244,-0.0598933883,0.0449719056
9329553384021,1.1662733555,0.7456342578,0.0450857505,0.6405227184,-0.7637302876,-0.0632653311,0.0494375266
9330485479421,1.1628185511,0.7462995648,0.0440904535,0.6558850408,-0.7488849759,-0.0801811665,0.0505677722
9331417569221,1.1641292572,0.7468192577,0.0454632081,0.6655162573,-0.7423444986,-0.0598066486,0.0493554659
9332116637821,1.1628932953,0.7491259575,0.0465551727,0.6678977013,-0.7425519824,-0.0392817892,0.0314028002
9332349661821,1.1629030704,0.7497990131,0.0469407775,0.6679073572,-0.7425627112,-0.0394213572,0.0307647865
9332582685021,1.1625565290,0.7492570281,0.0471245199,0.6675616503,-0.7430269122,-0.0393277220,0.0269434750
9332815707721,1.1628913879,0.7478819489,0.0471775196,0.6669055820,-0.7435846925,-0.0407780409,0.0256107338
9333514778021,1.1620125771,0.7478162646,0.0471975431,0.6674823761,-0.7428952456,-0.0438993275,0.0254333671
9333747800621,1.1616840363,0.7485504746,0.0474574640,0.6681904197,-0.7422827482,-0.0449224599,0.0228005815
9335145940421,1.1614114046,0.7509480119,0.0488819927,0.6691076159,-0.7414638400,-0.0451300330,0.0221311860
9335611985321,1.1609592438,0.7520401478,0.0491619259,0.6682628393,-0.7422156334,-0.0455363244,0.0216136854
9337243150321,1.1586532593,0.7547255158,0.0510418601,0.6681358814,-0.7422654033,-0.0465440787,0.0216845647
9337709192921,1.1577821970,0.7555398345,0.0511801168,0.6682203412,-0.7421920896,-0.0464975983,0.0216919333
9337942217121,1.1573213339,0.7554696202,0.0512901880,0.6681351662,-0.7422651052,-0.0465940610,0.0216094516
9338175240121,1.1562820673,0.7519855499,0.0535224043,0.6681281924,-0.7422741652,-0.0465717167,0.0215634275
9338641285721,1.1556142569,0.7514942884,0.0538772382,0.6681259871,-0.7422815561,-0.0465418510,0.0214390401
9338874309421,1.1555644274,0.7516900897,0.0537738688,0.6681456566,-0.7422642112,-0.0465205684,0.0214741360
