W20250111 18:32:29.895282 710526 ImuError.cpp:650] gyr saturation
W20250111 18:32:29.895284 710526 ImuError.cpp:650] gyr saturation
W20250111 18:32:29.895288 710526 ImuError.cpp:650] gyr saturation
W20250111 18:32:29.895291 710526 ImuError.cpp:650] gyr saturation
W20250111 18:32:29.895295 710526 ImuError.cpp:650] gyr saturation
W20250111 18:32:29.895299 710526 ImuError.cpp:650] gyr saturation
W20250111 18:32:29.895304 710526 ImuError.cpp:650] gyr saturation
W20250111 18:32:29.895308 710526 ImuError.cpp:650] gyr saturation
W20250111 18:32:29.895311 710526 ImuError.cpp:650] gyr saturation
W20250111 18:32:29.895314 710526 ImuError.cpp:650] gyr saturation
W20250111 18:32:29.895318 710526 ImuError.cpp:650] gyr saturation
W20250111 18:32:29.895320 710526 ImuError.cpp:650] gyr saturation
W20250111 18:32:29.895323 710526 ImuError.cpp:650] gyr saturation
W20250111 18:32:29.895327 710526 ImuError.cpp:650] gyr saturation
W20250111 18:32:29.895330 710526 ImuError.cpp:650] gyr saturation
W20250111 18:32:29.895334 710526 ImuError.cpp:650] gyr saturation
W20250111 18:32:29.895336 710526 ImuError.cpp:650] gyr saturation
W20250111 18:32:29.895339 710526 ImuError.cpp:650] gyr saturation
W20250111 18:32:29.895344 710526 ImuError.cpp:650] gyr saturation
W20250111 18:32:29.895354 710526 ImuError.cpp:650] gyr saturation
W20250111 18:32:29.895359 710526 ImuError.cpp:650] gyr saturation
W20250111 18:32:29.895361 710526 ImuError.cpp:650] gyr saturation
W20250111 18:32:29.895364 710526 ImuError.cpp:650] gyr saturation
W20250111 18:32:29.895367 710526 ImuError.cpp:650] gyr saturation
W20250111 18:32:29.931183 710526 ImuError.cpp:650] gyr saturation
W20250111 18:32:29.931216 710526 ImuError.cpp:650] gyr saturation
W20250111 18:32:29.931222 710526 ImuError.cpp:650] gyr saturation
W20250111 18:32:29.931226 710526 ImuError.cpp:650] gyr saturation
W20250111 18:32:29.931229 710526 ImuError.cpp:650] gyr saturation
W20250111 18:32:29.931233 710526 ImuError.cpp:650] gyr saturation
W20250111 18:32:29.931236 710526 ImuError.cpp:650] gyr saturation
W20250111 18:32:29.931245 710526 ImuError.cpp:650] gyr saturation
W20250111 18:32:29.931248 710526 ImuError.cpp:650] gyr saturation
W20250111 18:32:29.931252 710526 ImuError.cpp:650] gyr saturation
W20250111 18:32:29.931255 710526 ImuError.cpp:650] gyr saturation
W20250111 18:32:29.931259 710526 ImuError.cpp:650] gyr saturation
W20250111 18:32:29.931263 710526 ImuError.cpp:650] gyr saturation
W20250111 18:32:29.931267 710526 ImuError.cpp:650] gyr saturation
W20250111 18:32:29.931270 710526 ImuError.cpp:650] gyr saturation
W20250111 18:32:29.931274 710526 ImuError.cpp:650] gyr saturation
W20250111 18:32:29.931279 710526 ImuError.cpp:650] gyr saturation
W20250111 18:32:29.931282 710526 ImuError.cpp:650] gyr saturation
W20250111 18:32:29.931286 710526 ImuError.cpp:650] gyr saturation
W20250111 18:32:29.931290 710526 ImuError.cpp:650] gyr saturation
W20250111 18:32:29.931294 710526 ImuError.cpp:650] gyr saturation
W20250111 18:32:29.931298 710526 ImuError.cpp:650] gyr saturation
W20250111 18:32:29.931301 710526 ImuError.cpp:650] gyr saturation
W20250111 18:32:29.931304 710526 ImuError.cpp:650] gyr saturation
W20250111 18:32:29.931308 710526 ImuError.cpp:650] gyr saturation
W20250111 18:32:29.931311 710526 ImuError.cpp:650] gyr saturation
W20250111 18:32:29.931314 710526 ImuError.cpp:650] gyr saturation
W20250111 18:32:29.931318 710526 ImuError.cpp:650] gyr saturation
W20250111 18:32:29.931321 710526 ImuError.cpp:650] gyr saturation
W20250111 18:32:29.931325 710526 ImuError.cpp:650] gyr saturation
W20250111 18:32:29.931329 710526 ImuError.cpp:650] gyr saturation
W20250111 18:32:29.931332 710526 ImuError.cpp:650] gyr saturation
W20250111 18:32:29.931337 710526 ImuError.cpp:650] gyr saturation
W20250111 18:32:29.931340 710526 ImuError.cpp:650] gyr saturation
W20250111 18:32:29.931468 710526 ImuError.cpp:650] gyr saturation
W20250111 18:32:29.931475 710526 ImuError.cpp:650] gyr saturation
W20250111 18:32:29.931478 710526 ImuError.cpp:650] gyr saturation
W20250111 18:32:29.931483 710526 ImuError.cpp:650] gyr saturation
W20250111 18:32:29.931485 710526 ImuError.cpp:650] gyr saturation
W20250111 18:32:29.931488 710526 ImuError.cpp:650] gyr saturation
W20250111 18:32:29.931492 710526 ImuError.cpp:650] gyr saturation
W20250111 18:32:29.931495 710526 ImuError.cpp:650] gyr saturation
W20250111 18:32:29.931500 710526 ImuError.cpp:650] gyr saturation
W20250111 18:32:29.931504 710526 ImuError.cpp:650] gyr saturation
W20250111 18:32:29.931509 710526 ImuError.cpp:650] gyr saturation
W20250111 18:32:29.931511 710526 ImuError.cpp:650] gyr saturation
W20250111 18:32:29.931515 710526 ImuError.cpp:650] gyr saturation
W20250111 18:32:29.931519 710526 ImuError.cpp:650] gyr saturation
W20250111 18:32:29.931521 710526 ImuError.cpp:650] gyr saturation
W20250111 18:32:29.931525 710526 ImuError.cpp:650] gyr saturation
W20250111 18:32:29.931529 710526 ImuError.cpp:650] gyr saturation
W20250111 18:32:29.931532 710526 ImuError.cpp:650] gyr saturation
W20250111 18:32:29.931535 710526 ImuError.cpp:650] gyr saturation
W20250111 18:32:29.931540 710526 ImuError.cpp:650] gyr saturation
W20250111 18:32:29.931542 710526 ImuError.cpp:650] gyr saturation
W20250111 18:32:29.931546 710526 ImuError.cpp:650] gyr saturation
W20250111 18:32:29.931550 710526 ImuError.cpp:650] gyr saturation
W20250111 18:32:29.931557 710526 ImuError.cpp:650] gyr saturation
W20250111 18:32:29.931561 710526 ImuError.cpp:650] gyr saturation
W20250111 18:32:29.931564 710526 ImuError.cpp:650] gyr saturation
W20250111 18:32:29.931568 710526 ImuError.cpp:650] gyr saturation
W20250111 18:32:29.931571 710526 ImuError.cpp:650] gyr saturation
W20250111 18:32:29.931576 710526 ImuError.cpp:650] gyr saturation
W20250111 18:32:29.931578 710526 ImuError.cpp:650] gyr saturation
W20250111 18:32:29.931581 710526 ImuError.cpp:650] gyr saturation
W20250111 18:32:29.931586 710526 ImuError.cpp:650] gyr saturation
W20250111 18:32:29.931589 710526 ImuError.cpp:650] gyr saturation
W20250111 18:32:29.931592 710526 ImuError.cpp:650] gyr saturation
W20250111 18:32:29.933329 710526 ImuError.cpp:368] gyr saturation
W20250111 18:32:29.933360 710526 ImuError.cpp:368] gyr saturation
W20250111 18:32:29.933368 710526 ImuError.cpp:368] gyr saturation
W20250111 18:32:29.933377 710526 ImuError.cpp:368] gyr saturation
W20250111 18:32:29.933388 710526 ImuError.cpp:368] gyr saturation
W20250111 18:32:29.933396 710526 ImuError.cpp:368] gyr saturation
W20250111 18:32:29.933404 710526 ImuError.cpp:368] gyr saturation
W20250111 18:32:29.933415 710526 ImuError.cpp:368] gyr saturation
W20250111 18:32:29.933423 710526 ImuError.cpp:368] gyr saturation
W20250111 18:32:29.933431 710526 ImuError.cpp:368] gyr saturation
W20250111 18:32:29.933439 710526 ImuError.cpp:368] gyr saturation
W20250111 18:32:29.933447 710526 ImuError.cpp:368] gyr saturation
W20250111 18:32:29.933455 710526 ImuError.cpp:368] gyr saturation
W20250111 18:32:29.933463 710526 ImuError.cpp:368] gyr saturation
W20250111 18:32:29.933471 710526 ImuError.cpp:368] gyr saturation
W20250111 18:32:29.933480 710526 ImuError.cpp:368] gyr saturation
W20250111 18:32:29.933487 710526 ImuError.cpp:368] gyr saturation
W20250111 18:32:29.933496 710526 ImuError.cpp:368] gyr saturation
W20250111 18:32:29.933504 710526 ImuError.cpp:368] gyr saturation
W20250111 18:32:29.933513 710526 ImuError.cpp:368] gyr saturation
W20250111 18:32:29.933522 710526 ImuError.cpp:368] gyr saturation
W20250111 18:32:29.933530 710526 ImuError.cpp:368] gyr saturation
W20250111 18:32:29.933539 710526 ImuError.cpp:368] gyr saturation
W20250111 18:32:29.933549 710526 ImuError.cpp:368] gyr saturation
W20250111 18:32:29.933557 710526 ImuError.cpp:368] gyr saturation
W20250111 18:32:29.933566 710526 ImuError.cpp:368] gyr saturation
W20250111 18:32:29.933575 710526 ImuError.cpp:368] gyr saturation
W20250111 18:32:29.933583 710526 ImuError.cpp:368] gyr saturation
W20250111 18:32:29.933591 710526 ImuError.cpp:368] gyr saturation
W20250111 18:32:29.933600 710526 ImuError.cpp:368] gyr saturation
W20250111 18:32:29.933609 710526 ImuError.cpp:368] gyr saturation
W20250111 18:32:29.933616 710526 ImuError.cpp:368] gyr saturation
W20250111 18:32:29.933625 710526 ImuError.cpp:368] gyr saturation
W20250111 18:32:29.933634 710526 ImuError.cpp:368] gyr saturation
W20250111 18:32:29.935156 710526 Frontend.cpp:612] 3d2d tracking weak: quality=0. Number of 3d2d-matches: 4
W20250111 18:32:29.937454 710526 ImuError.cpp:650] gyr saturation
W20250111 18:32:29.937511 710526 ImuError.cpp:650] gyr saturation
W20250111 18:32:29.937521 710526 ImuError.cpp:650] gyr saturation
W20250111 18:32:29.937527 710526 ImuError.cpp:650] gyr saturation
W20250111 18:32:29.937533 710526 ImuError.cpp:650] gyr saturation
W20250111 18:32:29.937542 710526 ImuError.cpp:650] gyr saturation
W20250111 18:32:29.937551 710526 ImuError.cpp:650] gyr saturation
W20250111 18:32:29.937556 710526 ImuError.cpp:650] gyr saturation
W20250111 18:32:29.937564 710526 ImuError.cpp:650] gyr saturation
W20250111 18:32:29.937570 710526 ImuError.cpp:650] gyr saturation
W20250111 18:32:29.937577 710526 ImuError.cpp:650] gyr saturation
W20250111 18:32:29.937582 710526 ImuError.cpp:650] gyr saturation
W20250111 18:32:29.937588 710526 ImuError.cpp:650] gyr saturation
W20250111 18:32:29.937597 710526 ImuError.cpp:650] gyr saturation
W20250111 18:32:29.937602 710526 ImuError.cpp:650] gyr saturation
W20250111 18:32:29.937608 710526 ImuError.cpp:650] gyr saturation
W20250111 18:32:29.937628 710526 ImuError.cpp:650] gyr saturation
W20250111 18:32:29.937634 710526 ImuError.cpp:650] gyr saturation
W20250111 18:32:29.937640 710526 ImuError.cpp:650] gyr saturation
W20250111 18:32:29.937646 710526 ImuError.cpp:650] gyr saturation
W20250111 18:32:29.937651 710526 ImuError.cpp:650] gyr saturation
W20250111 18:32:29.937657 710526 ImuError.cpp:650] gyr saturation
W20250111 18:32:29.937662 710526 ImuError.cpp:650] gyr saturation
W20250111 18:32:29.937669 710526 ImuError.cpp:650] gyr saturation
W20250111 18:32:29.937674 710526 ImuError.cpp:650] gyr saturation
W20250111 18:32:29.937680 710526 ImuError.cpp:650] gyr saturation
W20250111 18:32:29.937685 710526 ImuError.cpp:650] gyr saturation
W20250111 18:32:29.937690 710526 ImuError.cpp:650] gyr saturation
W20250111 18:32:29.937697 710526 ImuError.cpp:650] gyr saturation
W20250111 18:32:29.937703 710526 ImuError.cpp:650] gyr saturation
W20250111 18:32:29.937709 710526 ImuError.cpp:650] gyr saturation
W20250111 18:32:29.937714 710526 ImuError.cpp:650] gyr saturation
W20250111 18:32:29.937721 710526 ImuError.cpp:650] gyr saturation
W20250111 18:32:29.937726 710526 ImuError.cpp:650] gyr saturation
W20250111 18:32:29.937731 710526 ImuError.cpp:650] gyr saturation
W20250111 18:32:29.937737 710526 ImuError.cpp:650] gyr saturation
W20250111 18:32:29.937742 710526 ImuError.cpp:650] gyr saturation
W20250111 18:32:29.937747 710526 ImuError.cpp:650] gyr saturation
W20250111 18:32:29.937753 710526 ImuError.cpp:650] gyr saturation
W20250111 18:32:29.937758 710526 ImuError.cpp:650] gyr saturation
W20250111 18:32:29.937765 710526 ImuError.cpp:650] gyr saturation
W20250111 18:32:29.937770 710526 ImuError.cpp:650] gyr saturation
W20250111 18:32:29.937776 710526 ImuError.cpp:650] gyr saturation
W20250111 18:32:29.937783 710526 ImuError.cpp:650] gyr saturation
W20250111 18:32:29.937788 710526 ImuError.cpp:650] gyr saturation
W20250111 18:32:29.937793 710526 ImuError.cpp:650] gyr saturation
W20250111 18:32:29.937798 710526 ImuError.cpp:650] gyr saturation
W20250111 18:32:29.937804 710526 ImuError.cpp:650] gyr saturation
W20250111 18:32:29.937810 710526 ImuError.cpp:650] gyr saturation
W20250111 18:32:29.937816 710526 ImuError.cpp:650] gyr saturation
W20250111 18:32:29.937821 710526 ImuError.cpp:650] gyr saturation
W20250111 18:32:29.937827 710526 ImuError.cpp:650] gyr saturation
W20250111 18:32:29.937832 710526 ImuError.cpp:650] gyr saturation
W20250111 18:32:29.937837 710526 ImuError.cpp:650] gyr saturation
W20250111 18:32:29.937844 710526 ImuError.cpp:650] gyr saturation
W20250111 18:32:29.937848 710526 ImuError.cpp:650] gyr saturation
W20250111 18:32:29.937853 710526 ImuError.cpp:650] gyr saturation
W20250111 18:32:29.937860 710526 ImuError.cpp:650] gyr saturation
W20250111 18:32:29.937865 710526 ImuError.cpp:650] gyr saturation
W20250111 18:32:29.937870 710526 ImuError.cpp:650] gyr saturation
W20250111 18:32:29.937875 710526 ImuError.cpp:650] gyr saturation
W20250111 18:32:29.937881 710526 ImuError.cpp:650] gyr saturation
W20250111 18:32:29.937886 710526 ImuError.cpp:650] gyr saturation
W20250111 18:32:29.937892 710526 ImuError.cpp:650] gyr saturation
W20250111 18:32:29.937897 710526 ImuError.cpp:650] gyr saturation
W20250111 18:32:29.937902 710526 ImuError.cpp:650] gyr saturation
W20250111 18:32:29.937907 710526 ImuError.cpp:650] gyr saturation
W20250111 18:32:29.969461 909148 ViSlamBackend.cpp:466] TRACKING FAILURE: quality=0
W20250111 18:32:29.970506 710526 ImuError.cpp:650] gyr saturation
W20250111 18:32:29.970574 710526 ImuError.cpp:650] gyr saturation
W20250111 18:32:29.970580 710526 ImuError.cpp:650] gyr saturation
W20250111 18:32:29.970587 710526 ImuError.cpp:650] gyr saturation
W20250111 18:32:29.970592 710526 ImuError.cpp:650] gyr saturation
W20250111 18:32:29.970597 710526 ImuError.cpp:650] gyr saturation
W20250111 18:32:29.970602 710526 ImuError.cpp:650] gyr saturation
W20250111 18:32:29.970608 710526 ImuError.cpp:650] gyr saturation
W20250111 18:32:29.970613 710526 ImuError.cpp:650] gyr saturation
W20250111 18:32:29.970618 710526 ImuError.cpp:650] gyr saturation
W20250111 18:32:29.970638 710526 ImuError.cpp:650] gyr saturation
W20250111 18:32:29.970643 710526 ImuError.cpp:650] gyr saturation
W20250111 18:32:29.970649 710526 ImuError.cpp:650] gyr saturation
W20250111 18:32:29.970655 710526 ImuError.cpp:650] gyr saturation
W20250111 18:32:29.970660 710526 ImuError.cpp:650] gyr saturation
W20250111 18:32:29.970665 710526 ImuError.cpp:650] gyr saturation
W20250111 18:32:29.970672 710526 ImuError.cpp:650] gyr saturation
W20250111 18:32:29.970677 710526 ImuError.cpp:650] gyr saturation
W20250111 18:32:29.970682 710526 ImuError.cpp:650] gyr saturation
W20250111 18:32:29.970687 710526 ImuError.cpp:650] gyr saturation
W20250111 18:32:29.970692 710526 ImuError.cpp:650] gyr saturation
W20250111 18:32:29.970700 710526 ImuError.cpp:650] gyr saturation
W20250111 18:32:29.970705 710526 ImuError.cpp:650] gyr saturation
W20250111 18:32:29.970710 710526 ImuError.cpp:650] gyr saturation
W20250111 18:32:29.970715 710526 ImuError.cpp:650] gyr saturation
W20250111 18:32:29.970721 710526 ImuError.cpp:650] gyr saturation
W20250111 18:32:29.970726 710526 ImuError.cpp:650] gyr saturation
W20250111 18:32:29.970731 710526 ImuError.cpp:650] gyr saturation
W20250111 18:32:29.970737 710526 ImuError.cpp:650] gyr saturation
W20250111 18:32:29.970742 710526 ImuError.cpp:650] gyr saturation
W20250111 18:32:29.970747 710526 ImuError.cpp:650] gyr saturation
W20250111 18:32:29.970752 710526 ImuError.cpp:650] gyr saturation
W20250111 18:32:29.970758 710526 ImuError.cpp:650] gyr saturation
W20250111 18:32:29.970763 710526 ImuError.cpp:650] gyr saturation
W20250111 18:32:29.970897 710526 ImuError.cpp:650] gyr saturation
W20250111 18:32:29.970903 710526 ImuError.cpp:650] gyr saturation
W20250111 18:32:29.970909 710526 ImuError.cpp:650] gyr saturation
W20250111 18:32:29.970914 710526 ImuError.cpp:650] gyr saturation
W20250111 18:32:29.970921 710526 ImuError.cpp:650] gyr saturation
W20250111 18:32:29.970925 710526 ImuError.cpp:650] gyr saturation
W20250111 18:32:29.970930 710526 ImuError.cpp:650] gyr saturation
W20250111 18:32:29.970935 710526 ImuError.cpp:650] gyr saturation
W20250111 18:32:29.970942 710526 ImuError.cpp:650] gyr saturation
W20250111 18:32:29.970947 710526 ImuError.cpp:650] gyr saturation
W20250111 18:32:29.970952 710526 ImuError.cpp:650] gyr saturation
W20250111 18:32:29.970956 710526 ImuError.cpp:650] gyr saturation
W20250111 18:32:29.970963 710526 ImuError.cpp:650] gyr saturation
W20250111 18:32:29.970968 710526 ImuError.cpp:650] gyr saturation
W20250111 18:32:29.970973 710526 ImuError.cpp:650] gyr saturation
W20250111 18:32:29.970978 710526 ImuError.cpp:650] gyr saturation
W20250111 18:32:29.970983 710526 ImuError.cpp:650] gyr saturation
W20250111 18:32:29.970992 710526 ImuError.cpp:650] gyr saturation
W20250111 18:32:29.970999 710526 ImuError.cpp:650] gyr saturation
W20250111 18:32:29.971004 710526 ImuError.cpp:650] gyr saturation
W20250111 18:32:29.971009 710526 ImuError.cpp:650] gyr saturation
W20250111 18:32:29.971014 710526 ImuError.cpp:650] gyr saturation
W20250111 18:32:29.971019 710526 ImuError.cpp:650] gyr saturation
W20250111 18:32:29.971024 710526 ImuError.cpp:650] gyr saturation
W20250111 18:32:29.971030 710526 ImuError.cpp:650] gyr saturation
W20250111 18:32:29.971035 710526 ImuError.cpp:650] gyr saturation
W20250111 18:32:29.971040 710526 ImuError.cpp:650] gyr saturation
W20250111 18:32:29.971046 710526 ImuError.cpp:650] gyr saturation
W20250111 18:32:29.971051 710526 ImuError.cpp:650] gyr saturation
W20250111 18:32:29.971056 710526 ImuError.cpp:650] gyr saturation
W20250111 18:32:29.971061 710526 ImuError.cpp:650] gyr saturation
W20250111 18:32:29.971067 710526 ImuError.cpp:650] gyr saturation
W20250111 18:32:29.971072 710526 ImuError.cpp:650] gyr saturation
W20250111 18:32:29.971077 710526 ImuError.cpp:650] gyr saturation
W20250111 18:32:29.971841 710526 Frontend.cpp:615] 3d2d tracking lost. Number of 3d2d-matches: 0
W20250111 18:32:29.973577 710526 ImuError.cpp:650] gyr saturation
W20250111 18:32:29.973629 710526 ImuError.cpp:650] gyr saturation
W20250111 18:32:29.973651 710526 ImuError.cpp:650] gyr saturation
W20250111 18:32:29.973661 710526 ImuError.cpp:650] gyr saturation
W20250111 18:32:29.973666 710526 ImuError.cpp:650] gyr saturation
W20250111 18:32:29.973673 710526 ImuError.cpp:650] gyr saturation
W20250111 18:32:29.973685 710526 ImuError.cpp:650] gyr saturation
W20250111 18:32:29.973695 710526 ImuError.cpp:650] gyr saturation
W20250111 18:32:29.973699 710526 ImuError.cpp:650] gyr saturation
W20250111 18:32:29.973706 710526 ImuError.cpp:650] gyr saturation
W20250111 18:32:29.973711 710526 ImuError.cpp:650] gyr saturation
W20250111 18:32:29.973718 710526 ImuError.cpp:650] gyr saturation
W20250111 18:32:29.973723 710526 ImuError.cpp:650] gyr saturation
W20250111 18:32:29.973729 710526 ImuError.cpp:650] gyr saturation
W20250111 18:32:29.973738 710526 ImuError.cpp:650] gyr saturation
W20250111 18:32:29.973744 710526 ImuError.cpp:650] gyr saturation
W20250111 18:32:29.973749 710526 ImuError.cpp:650] gyr saturation
W20250111 18:32:29.973755 710526 ImuError.cpp:650] gyr saturation
W20250111 18:32:29.973762 710526 ImuError.cpp:650] gyr saturation
W20250111 18:32:29.973769 710526 ImuError.cpp:650] gyr saturation
W20250111 18:32:29.973775 710526 ImuError.cpp:650] gyr saturation
W20250111 18:32:29.973781 710526 ImuError.cpp:650] gyr saturation
W20250111 18:32:29.973788 710526 ImuError.cpp:650] gyr saturation
W20250111 18:32:29.973793 710526 ImuError.cpp:650] gyr saturation
W20250111 18:32:29.973799 710526 ImuError.cpp:650] gyr saturation
W20250111 18:32:29.973805 710526 ImuError.cpp:650] gyr saturation
W20250111 18:32:29.973812 710526 ImuError.cpp:650] gyr saturation
W20250111 18:32:29.973819 710526 ImuError.cpp:650] gyr saturation
W20250111 18:32:29.973825 710526 ImuError.cpp:650] gyr saturation
W20250111 18:32:29.973831 710526 ImuError.cpp:650] gyr saturation
W20250111 18:32:29.973836 710526 ImuError.cpp:650] gyr saturation
W20250111 18:32:29.973843 710526 ImuError.cpp:650] gyr saturation
W20250111 18:32:29.973850 710526 ImuError.cpp:650] gyr saturation
W20250111 18:32:29.973855 710526 ImuError.cpp:650] gyr saturation
W20250111 18:32:29.973861 710526 ImuError.cpp:650] gyr saturation
W20250111 18:32:29.973868 710526 ImuError.cpp:650] gyr saturation
W20250111 18:32:29.973874 710526 ImuError.cpp:650] gyr saturation
W20250111 18:32:29.973881 710526 ImuError.cpp:650] gyr saturation
W20250111 18:32:29.973886 710526 ImuError.cpp:650] gyr saturation
W20250111 18:32:29.973892 710526 ImuError.cpp:650] gyr saturation
W20250111 18:32:29.973898 710526 ImuError.cpp:650] gyr saturation
W20250111 18:32:29.973904 710526 ImuError.cpp:650] gyr saturation
W20250111 18:32:29.973910 710526 ImuError.cpp:650] gyr saturation
W20250111 18:32:29.973917 710526 ImuError.cpp:650] gyr saturation
W20250111 18:32:29.973922 710526 ImuError.cpp:650] gyr saturation
W20250111 18:32:29.973928 710526 ImuError.cpp:650] gyr saturation
W20250111 18:32:29.973934 710526 ImuError.cpp:650] gyr saturation
W20250111 18:32:29.973940 710526 ImuError.cpp:650] gyr saturation
W20250111 18:32:29.973946 710526 ImuError.cpp:650] gyr saturation
W20250111 18:32:29.973953 710526 ImuError.cpp:650] gyr saturation
W20250111 18:32:29.973958 710526 ImuError.cpp:650] gyr saturation
W20250111 18:32:29.973964 710526 ImuError.cpp:650] gyr saturation
W20250111 18:32:29.973969 710526 ImuError.cpp:650] gyr saturation
W20250111 18:32:29.973975 710526 ImuError.cpp:650] gyr saturation
W20250111 18:32:29.973981 710526 ImuError.cpp:650] gyr saturation
W20250111 18:32:29.973995 710526 ImuError.cpp:650] gyr saturation
W20250111 18:32:29.974005 710526 ImuError.cpp:650] gyr saturation
W20250111 18:32:29.974011 710526 ImuError.cpp:650] gyr saturation
W20250111 18:32:29.974018 710526 ImuError.cpp:650] gyr saturation
W20250111 18:32:29.974025 710526 ImuError.cpp:650] gyr saturation
W20250111 18:32:29.974030 710526 ImuError.cpp:650] gyr saturation
W20250111 18:32:29.974036 710526 ImuError.cpp:650] gyr saturation
W20250111 18:32:29.974041 710526 ImuError.cpp:650] gyr saturation
W20250111 18:32:29.974046 710526 ImuError.cpp:650] gyr saturation
W20250111 18:32:29.974057 710526 ImuError.cpp:650] gyr saturation
W20250111 18:32:29.974066 710526 ImuError.cpp:650] gyr saturation
W20250111 18:32:29.974073 710526 ImuError.cpp:650] gyr saturation
W20250111 18:32:29.974081 710526 ImuError.cpp:650] gyr saturation
W20250111 18:32:29.976485 909222 ImuError.cpp:368] gyr saturation
W20250111 18:32:29.976578 909222 ImuError.cpp:368] gyr saturation
W20250111 18:32:29.976594 909222 ImuError.cpp:368] gyr saturation
W20250111 18:32:29.976608 909222 ImuError.cpp:368] gyr saturation
W20250111 18:32:29.976620 909222 ImuError.cpp:368] gyr saturation
W20250111 18:32:29.976634 909222 ImuError.cpp:368] gyr saturation
W20250111 18:32:29.976644 909222 ImuError.cpp:368] gyr saturation
W20250111 18:32:29.976655 909222 ImuError.cpp:368] gyr saturation
W20250111 18:32:29.976672 909222 ImuError.cpp:368] gyr saturation
W20250111 18:32:29.976686 909222 ImuError.cpp:368] gyr saturation
W20250111 18:32:29.976697 909222 ImuError.cpp:368] gyr saturation
W20250111 18:32:29.976709 909222 ImuError.cpp:368] gyr saturation
W20250111 18:32:29.976720 909222 ImuError.cpp:368] gyr saturation
W20250111 18:32:29.976732 909222 ImuError.cpp:368] gyr saturation
W20250111 18:32:29.976744 909222 ImuError.cpp:368] gyr saturation
W20250111 18:32:29.976756 909222 ImuError.cpp:368] gyr saturation
W20250111 18:32:29.976768 909222 ImuError.cpp:368] gyr saturation
W20250111 18:32:29.976779 909222 ImuError.cpp:368] gyr saturation
W20250111 18:32:29.976790 909222 ImuError.cpp:368] gyr saturation
W20250111 18:32:29.976801 909222 ImuError.cpp:368] gyr saturation
W20250111 18:32:29.976812 909222 ImuError.cpp:368] gyr saturation
W20250111 18:32:29.976823 909222 ImuError.cpp:368] gyr saturation
W20250111 18:32:29.976835 909222 ImuError.cpp:368] gyr saturation
W20250111 18:32:29.976845 909222 ImuError.cpp:368] gyr saturation
W20250111 18:32:29.976856 909222 ImuError.cpp:368] gyr saturation
W20250111 18:32:29.976867 909222 ImuError.cpp:368] gyr saturation
W20250111 18:32:29.976878 909222 ImuError.cpp:368] gyr saturation
W20250111 18:32:29.976890 909222 ImuError.cpp:368] gyr saturation
W20250111 18:32:29.976902 909222 ImuError.cpp:368] gyr saturation
W20250111 18:32:29.976913 909222 ImuError.cpp:368] gyr saturation
W20250111 18:32:29.976924 909222 ImuError.cpp:368] gyr saturation
W20250111 18:32:29.976935 909222 ImuError.cpp:368] gyr saturation
W20250111 18:32:29.976946 909222 ImuError.cpp:368] gyr saturation
W20250111 18:32:29.976958 909222 ImuError.cpp:368] gyr saturation
W20250111 18:32:30.007640 909222 ViSlamBackend.cpp:466] TRACKING FAILURE: quality=0
W20250111 18:32:30.008509 710526 ImuError.cpp:650] gyr saturation
W20250111 18:32:30.008541 710526 ImuError.cpp:650] gyr saturation
W20250111 18:32:30.008548 710526 ImuError.cpp:650] gyr saturation
W20250111 18:32:30.008554 710526 ImuError.cpp:650] gyr saturation
W20250111 18:32:30.008560 710526 ImuError.cpp:650] gyr saturation
W20250111 18:32:30.008565 710526 ImuError.cpp:650] gyr saturation
W20250111 18:32:30.008571 710526 ImuError.cpp:650] gyr saturation
W20250111 18:32:30.008577 710526 ImuError.cpp:650] gyr saturation
W20250111 18:32:30.008584 710526 ImuError.cpp:650] gyr saturation
W20250111 18:32:30.008589 710526 ImuError.cpp:650] gyr saturation
W20250111 18:32:30.008594 710526 ImuError.cpp:650] gyr saturation
W20250111 18:32:30.008600 710526 ImuError.cpp:650] gyr saturation
W20250111 18:32:30.008607 710526 ImuError.cpp:650] gyr saturation
W20250111 18:32:30.008615 710526 ImuError.cpp:650] gyr saturation
W20250111 18:32:30.008620 710526 ImuError.cpp:650] gyr saturation
W20250111 18:32:30.008625 710526 ImuError.cpp:650] gyr saturation
W20250111 18:32:30.008630 710526 ImuError.cpp:650] gyr saturation
W20250111 18:32:30.008636 710526 ImuError.cpp:650] gyr saturation
W20250111 18:32:30.008642 710526 ImuError.cpp:650] gyr saturation
W20250111 18:32:30.008647 710526 ImuError.cpp:650] gyr saturation
W20250111 18:32:30.008653 710526 ImuError.cpp:650] gyr saturation
W20250111 18:32:30.008659 710526 ImuError.cpp:650] gyr saturation
W20250111 18:32:30.008664 710526 ImuError.cpp:650] gyr saturation
W20250111 18:32:30.008683 710526 ImuError.cpp:650] gyr saturation
W20250111 18:32:30.008689 710526 ImuError.cpp:650] gyr saturation
W20250111 18:32:30.008695 710526 ImuError.cpp:650] gyr saturation
W20250111 18:32:30.008702 710526 ImuError.cpp:650] gyr saturation
W20250111 18:32:30.008708 710526 ImuError.cpp:650] gyr saturation
W20250111 18:32:30.008713 710526 ImuError.cpp:650] gyr saturation
W20250111 18:32:30.008718 710526 ImuError.cpp:650] gyr saturation
W20250111 18:32:30.008724 710526 ImuError.cpp:650] gyr saturation
W20250111 18:32:30.008730 710526 ImuError.cpp:650] gyr saturation
W20250111 18:32:30.008736 710526 ImuError.cpp:650] gyr saturation
W20250111 18:32:30.008741 710526 ImuError.cpp:650] gyr saturation
W20250111 18:32:30.008747 710526 ImuError.cpp:650] gyr saturation
W20250111 18:32:30.008814 710526 ImuError.cpp:650] gyr saturation
W20250111 18:32:30.008821 710526 ImuError.cpp:650] gyr saturation
W20250111 18:32:30.008827 710526 ImuError.cpp:650] gyr saturation
W20250111 18:32:30.008833 710526 ImuError.cpp:650] gyr saturation
W20250111 18:32:30.008839 710526 ImuError.cpp:650] gyr saturation
W20250111 18:32:30.008845 710526 ImuError.cpp:650] gyr saturation
W20250111 18:32:30.008850 710526 ImuError.cpp:650] gyr saturation
W20250111 18:32:30.008857 710526 ImuError.cpp:650] gyr saturation
W20250111 18:32:30.008863 710526 ImuError.cpp:650] gyr saturation
W20250111 18:32:30.008868 710526 ImuError.cpp:650] gyr saturation
W20250111 18:32:30.008874 710526 ImuError.cpp:650] gyr saturation
W20250111 18:32:30.008879 710526 ImuError.cpp:650] gyr saturation
W20250111 18:32:30.008885 710526 ImuError.cpp:650] gyr saturation
W20250111 18:32:30.008891 710526 ImuError.cpp:650] gyr saturation
W20250111 18:32:30.008898 710526 ImuError.cpp:650] gyr saturation
W20250111 18:32:30.008903 710526 ImuError.cpp:650] gyr saturation
W20250111 18:32:30.008908 710526 ImuError.cpp:650] gyr saturation
W20250111 18:32:30.008913 710526 ImuError.cpp:650] gyr saturation
W20250111 18:32:30.008919 710526 ImuError.cpp:650] gyr saturation
W20250111 18:32:30.008925 710526 ImuError.cpp:650] gyr saturation
W20250111 18:32:30.008931 710526 ImuError.cpp:650] gyr saturation
W20250111 18:32:30.008937 710526 ImuError.cpp:650] gyr saturation
W20250111 18:32:30.008942 710526 ImuError.cpp:650] gyr saturation
W20250111 18:32:30.008948 710526 ImuError.cpp:650] gyr saturation
W20250111 18:32:30.008953 710526 ImuError.cpp:650] gyr saturation
W20250111 18:32:30.008960 710526 ImuError.cpp:650] gyr saturation
W20250111 18:32:30.008965 710526 ImuError.cpp:650] gyr saturation
W20250111 18:32:30.008971 710526 ImuError.cpp:650] gyr saturation
W20250111 18:32:30.008976 710526 ImuError.cpp:650] gyr saturation
W20250111 18:32:30.008981 710526 ImuError.cpp:650] gyr saturation
W20250111 18:32:30.008992 710526 ImuError.cpp:650] gyr saturation
W20250111 18:32:30.008999 710526 ImuError.cpp:650] gyr saturation
W20250111 18:32:30.009006 710526 ImuError.cpp:650] gyr saturation
W20250111 18:32:30.009011 710526 ImuError.cpp:650] gyr saturation
W20250111 18:32:30.009017 710526 ImuError.cpp:650] gyr saturation
W20250111 18:32:30.009493 710526 Frontend.cpp:615] 3d2d tracking lost. Number of 3d2d-matches: 0
W20250111 18:32:30.010205 710526 ImuError.cpp:650] gyr saturation
W20250111 18:32:30.010244 710526 ImuError.cpp:650] gyr saturation
W20250111 18:32:30.010251 710526 ImuError.cpp:650] gyr saturation
W20250111 18:32:30.010262 710526 ImuError.cpp:650] gyr saturation
W20250111 18:32:30.010270 710526 ImuError.cpp:650] gyr saturation
W20250111 18:32:30.010277 710526 ImuError.cpp:650] gyr saturation
W20250111 18:32:30.010284 710526 ImuError.cpp:650] gyr saturation
W20250111 18:32:30.010290 710526 ImuError.cpp:650] gyr saturation
W20250111 18:32:30.010296 710526 ImuError.cpp:650] gyr saturation
W20250111 18:32:30.010303 710526 ImuError.cpp:650] gyr saturation
W20250111 18:32:30.010308 710526 ImuError.cpp:650] gyr saturation
W20250111 18:32:30.010316 710526 ImuError.cpp:650] gyr saturation
W20250111 18:32:30.010321 710526 ImuError.cpp:650] gyr saturation
W20250111 18:32:30.010327 710526 ImuError.cpp:650] gyr saturation
W20250111 18:32:30.010349 710526 ImuError.cpp:650] gyr saturation
W20250111 18:32:30.010356 710526 ImuError.cpp:650] gyr saturation
W20250111 18:32:30.010363 710526 ImuError.cpp:650] gyr saturation
W20250111 18:32:30.010370 710526 ImuError.cpp:650] gyr saturation
W20250111 18:32:30.010377 710526 ImuError.cpp:650] gyr saturation
W20250111 18:32:30.010385 710526 ImuError.cpp:650] gyr saturation
W20250111 18:32:30.010391 710526 ImuError.cpp:650] gyr saturation
W20250111 18:32:30.010397 710526 ImuError.cpp:650] gyr saturation
W20250111 18:32:30.010403 710526 ImuError.cpp:650] gyr saturation
W20250111 18:32:30.010409 710526 ImuError.cpp:650] gyr saturation
W20250111 18:32:30.010416 710526 ImuError.cpp:650] gyr saturation
W20250111 18:32:30.010423 710526 ImuError.cpp:650] gyr saturation
W20250111 18:32:30.010429 710526 ImuError.cpp:650] gyr saturation
W20250111 18:32:30.010435 710526 ImuError.cpp:650] gyr saturation
W20250111 18:32:30.010442 710526 ImuError.cpp:650] gyr saturation
W20250111 18:32:30.010447 710526 ImuError.cpp:650] gyr saturation
W20250111 18:32:30.010454 710526 ImuError.cpp:650] gyr saturation
W20250111 18:32:30.010460 710526 ImuError.cpp:650] gyr saturation
W20250111 18:32:30.010466 710526 ImuError.cpp:650] gyr saturation
W20250111 18:32:30.010474 710526 ImuError.cpp:650] gyr saturation
W20250111 18:32:30.010479 710526 ImuError.cpp:650] gyr saturation
W20250111 18:32:30.010486 710526 ImuError.cpp:650] gyr saturation
W20250111 18:32:30.010493 710526 ImuError.cpp:650] gyr saturation
W20250111 18:32:30.010499 710526 ImuError.cpp:650] gyr saturation
W20250111 18:32:30.010506 710526 ImuError.cpp:650] gyr saturation
W20250111 18:32:30.010512 710526 ImuError.cpp:650] gyr saturation
W20250111 18:32:30.010517 710526 ImuError.cpp:650] gyr saturation
W20250111 18:32:30.010524 710526 ImuError.cpp:650] gyr saturation
W20250111 18:32:30.010528 710526 ImuError.cpp:650] gyr saturation
W20250111 18:32:30.010535 710526 ImuError.cpp:650] gyr saturation
W20250111 18:32:30.010541 710526 ImuError.cpp:650] gyr saturation
W20250111 18:32:30.010547 710526 ImuError.cpp:650] gyr saturation
W20250111 18:32:30.010553 710526 ImuError.cpp:650] gyr saturation
W20250111 18:32:30.010560 710526 ImuError.cpp:650] gyr saturation
W20250111 18:32:30.010566 710526 ImuError.cpp:650] gyr saturation
W20250111 18:32:30.010572 710526 ImuError.cpp:650] gyr saturation
W20250111 18:32:30.010577 710526 ImuError.cpp:650] gyr saturation
W20250111 18:32:30.010583 710526 ImuError.cpp:650] gyr saturation
W20250111 18:32:30.010591 710526 ImuError.cpp:650] gyr saturation
W20250111 18:32:30.010596 710526 ImuError.cpp:650] gyr saturation
W20250111 18:32:30.010602 710526 ImuError.cpp:650] gyr saturation
W20250111 18:32:30.010608 710526 ImuError.cpp:650] gyr saturation
W20250111 18:32:30.010614 710526 ImuError.cpp:650] gyr saturation
W20250111 18:32:30.010620 710526 ImuError.cpp:650] gyr saturation
W20250111 18:32:30.010627 710526 ImuError.cpp:650] gyr saturation
W20250111 18:32:30.010633 710526 ImuError.cpp:650] gyr saturation
W20250111 18:32:30.010640 710526 ImuError.cpp:650] gyr saturation
W20250111 18:32:30.010645 710526 ImuError.cpp:650] gyr saturation
W20250111 18:32:30.010653 710526 ImuError.cpp:650] gyr saturation
W20250111 18:32:30.010658 710526 ImuError.cpp:650] gyr saturation
W20250111 18:32:30.010664 710526 ImuError.cpp:650] gyr saturation
W20250111 18:32:30.010670 710526 ImuError.cpp:650] gyr saturation
W20250111 18:32:30.010677 710526 ImuError.cpp:650] gyr saturation
W20250111 18:32:30.010684 710526 ImuError.cpp:650] gyr saturation
W20250111 18:32:30.012751 909232 ImuError.cpp:368] gyr saturation
W20250111 18:32:30.012840 909232 ImuError.cpp:368] gyr saturation
W20250111 18:32:30.012853 909232 ImuError.cpp:368] gyr saturation
W20250111 18:32:30.012866 909232 ImuError.cpp:368] gyr saturation
W20250111 18:32:30.012876 909232 ImuError.cpp:368] gyr saturation
W20250111 18:32:30.012888 909232 ImuError.cpp:368] gyr saturation
W20250111 18:32:30.012899 909232 ImuError.cpp:368] gyr saturation
W20250111 18:32:30.012910 909232 ImuError.cpp:368] gyr saturation
W20250111 18:32:30.012933 909232 ImuError.cpp:368] gyr saturation
W20250111 18:32:30.012945 909232 ImuError.cpp:368] gyr saturation
W20250111 18:32:30.012956 909232 ImuError.cpp:368] gyr saturation
W20250111 18:32:30.012966 909232 ImuError.cpp:368] gyr saturation
W20250111 18:32:30.012977 909232 ImuError.cpp:368] gyr saturation
W20250111 18:32:30.012996 909232 ImuError.cpp:368] gyr saturation
W20250111 18:32:30.013007 909232 ImuError.cpp:368] gyr saturation
W20250111 18:32:30.013018 909232 ImuError.cpp:368] gyr saturation
W20250111 18:32:30.013029 909232 ImuError.cpp:368] gyr saturation
W20250111 18:32:30.013039 909232 ImuError.cpp:368] gyr saturation
W20250111 18:32:30.013051 909232 ImuError.cpp:368] gyr saturation
W20250111 18:32:30.013062 909232 ImuError.cpp:368] gyr saturation
W20250111 18:32:30.013073 909232 ImuError.cpp:368] gyr saturation
W20250111 18:32:30.013083 909232 ImuError.cpp:368] gyr saturation
W20250111 18:32:30.013094 909232 ImuError.cpp:368] gyr saturation
W20250111 18:32:30.013105 909232 ImuError.cpp:368] gyr saturation
W20250111 18:32:30.013115 909232 ImuError.cpp:368] gyr saturation
W20250111 18:32:30.013126 909232 ImuError.cpp:368] gyr saturation
W20250111 18:32:30.013136 909232 ImuError.cpp:368] gyr saturation
W20250111 18:32:30.013147 909232 ImuError.cpp:368] gyr saturation
W20250111 18:32:30.013157 909232 ImuError.cpp:368] gyr saturation
W20250111 18:32:30.013168 909232 ImuError.cpp:368] gyr saturation
W20250111 18:32:30.013180 909232 ImuError.cpp:368] gyr saturation
W20250111 18:32:30.013190 909232 ImuError.cpp:368] gyr saturation
W20250111 18:32:30.013200 909232 ImuError.cpp:368] gyr saturation
W20250111 18:32:30.013211 909232 ImuError.cpp:368] gyr saturation
W20250111 18:32:30.013221 909232 ImuError.cpp:368] gyr saturation
W20250111 18:32:30.052753 909232 ViSlamBackend.cpp:466] TRACKING FAILURE: quality=0
W20250111 18:32:30.054231 710526 ImuError.cpp:650] gyr saturation
W20250111 18:32:30.054275 710526 ImuError.cpp:650] gyr saturation
W20250111 18:32:30.054281 710526 ImuError.cpp:650] gyr saturation
W20250111 18:32:30.054287 710526 ImuError.cpp:650] gyr saturation
W20250111 18:32:30.054292 710526 ImuError.cpp:650] gyr saturation
W20250111 18:32:30.054298 710526 ImuError.cpp:650] gyr saturation
W20250111 18:32:30.054304 710526 ImuError.cpp:650] gyr saturation
W20250111 18:32:30.054311 710526 ImuError.cpp:650] gyr saturation
W20250111 18:32:30.054315 710526 ImuError.cpp:650] gyr saturation
W20250111 18:32:30.054320 710526 ImuError.cpp:650] gyr saturation
W20250111 18:32:30.054327 710526 ImuError.cpp:650] gyr saturation
W20250111 18:32:30.054332 710526 ImuError.cpp:650] gyr saturation
W20250111 18:32:30.054337 710526 ImuError.cpp:650] gyr saturation
W20250111 18:32:30.054342 710526 ImuError.cpp:650] gyr saturation
W20250111 18:32:30.054348 710526 ImuError.cpp:650] gyr saturation
W20250111 18:32:30.054353 710526 ImuError.cpp:650] gyr saturation
W20250111 18:32:30.054359 710526 ImuError.cpp:650] gyr saturation
W20250111 18:32:30.054365 710526 ImuError.cpp:650] gyr saturation
W20250111 18:32:30.054370 710526 ImuError.cpp:650] gyr saturation
W20250111 18:32:30.054376 710526 ImuError.cpp:650] gyr saturation
W20250111 18:32:30.054381 710526 ImuError.cpp:650] gyr saturation
W20250111 18:32:30.054387 710526 ImuError.cpp:650] gyr saturation
W20250111 18:32:30.054392 710526 ImuError.cpp:650] gyr saturation
W20250111 18:32:30.054399 710526 ImuError.cpp:650] gyr saturation
W20250111 18:32:30.054404 710526 ImuError.cpp:650] gyr saturation
W20250111 18:32:30.054409 710526 ImuError.cpp:650] gyr saturation
W20250111 18:32:30.054415 710526 ImuError.cpp:650] gyr saturation
W20250111 18:32:30.054421 710526 ImuError.cpp:650] gyr saturation
W20250111 18:32:30.054426 710526 ImuError.cpp:650] gyr saturation
W20250111 18:32:30.054432 710526 ImuError.cpp:650] gyr saturation
W20250111 18:32:30.054437 710526 ImuError.cpp:650] gyr saturation
W20250111 18:32:30.054443 710526 ImuError.cpp:650] gyr saturation
W20250111 18:32:30.054448 710526 ImuError.cpp:650] gyr saturation
W20250111 18:32:30.054466 710526 ImuError.cpp:650] gyr saturation
W20250111 18:32:30.054594 710526 ImuError.cpp:650] gyr saturation
W20250111 18:32:30.054602 710526 ImuError.cpp:650] gyr saturation
W20250111 18:32:30.054607 710526 ImuError.cpp:650] gyr saturation
W20250111 18:32:30.054613 710526 ImuError.cpp:650] gyr saturation
W20250111 18:32:30.054618 710526 ImuError.cpp:650] gyr saturation
W20250111 18:32:30.054625 710526 ImuError.cpp:650] gyr saturation
W20250111 18:32:30.054629 710526 ImuError.cpp:650] gyr saturation
W20250111 18:32:30.054636 710526 ImuError.cpp:650] gyr saturation
W20250111 18:32:30.054641 710526 ImuError.cpp:650] gyr saturation
W20250111 18:32:30.054646 710526 ImuError.cpp:650] gyr saturation
W20250111 18:32:30.054652 710526 ImuError.cpp:650] gyr saturation
W20250111 18:32:30.054658 710526 ImuError.cpp:650] gyr saturation
W20250111 18:32:30.054664 710526 ImuError.cpp:650] gyr saturation
W20250111 18:32:30.054670 710526 ImuError.cpp:650] gyr saturation
W20250111 18:32:30.054675 710526 ImuError.cpp:650] gyr saturation
W20250111 18:32:30.054682 710526 ImuError.cpp:650] gyr saturation
W20250111 18:32:30.054687 710526 ImuError.cpp:650] gyr saturation
W20250111 18:32:30.054692 710526 ImuError.cpp:650] gyr saturation
W20250111 18:32:30.054697 710526 ImuError.cpp:650] gyr saturation
W20250111 18:32:30.054703 710526 ImuError.cpp:650] gyr saturation
W20250111 18:32:30.054708 710526 ImuError.cpp:650] gyr saturation
W20250111 18:32:30.054714 710526 ImuError.cpp:650] gyr saturation
W20250111 18:32:30.054719 710526 ImuError.cpp:650] gyr saturation
W20250111 18:32:30.054724 710526 ImuError.cpp:650] gyr saturation
W20250111 18:32:30.054730 710526 ImuError.cpp:650] gyr saturation
W20250111 18:32:30.054735 710526 ImuError.cpp:650] gyr saturation
W20250111 18:32:30.054741 710526 ImuError.cpp:650] gyr saturation
W20250111 18:32:30.054746 710526 ImuError.cpp:650] gyr saturation
W20250111 18:32:30.054752 710526 ImuError.cpp:650] gyr saturation
W20250111 18:32:30.054889 710526 ImuError.cpp:650] gyr saturation
W20250111 18:32:30.054895 710526 ImuError.cpp:650] gyr saturation
W20250111 18:32:30.054903 710526 ImuError.cpp:650] gyr saturation
W20250111 18:32:30.054908 710526 ImuError.cpp:650] gyr saturation
W20250111 18:32:30.054912 710526 ImuError.cpp:650] gyr saturation
W20250111 18:32:30.055682 710526 Frontend.cpp:615] 3d2d tracking lost. Number of 3d2d-matches: 0
W20250111 18:32:30.056468 710526 ImuError.cpp:650] gyr saturation
W20250111 18:32:30.056515 710526 ImuError.cpp:650] gyr saturation
W20250111 18:32:30.056524 710526 ImuError.cpp:650] gyr saturation
W20250111 18:32:30.056531 710526 ImuError.cpp:650] gyr saturation
W20250111 18:32:30.056537 710526 ImuError.cpp:650] gyr saturation
W20250111 18:32:30.056545 710526 ImuError.cpp:650] gyr saturation
W20250111 18:32:30.056550 710526 ImuError.cpp:650] gyr saturation
W20250111 18:32:30.056555 710526 ImuError.cpp:650] gyr saturation
W20250111 18:32:30.056562 710526 ImuError.cpp:650] gyr saturation
W20250111 18:32:30.056568 710526 ImuError.cpp:650] gyr saturation
W20250111 18:32:30.056574 710526 ImuError.cpp:650] gyr saturation
W20250111 18:32:30.056581 710526 ImuError.cpp:650] gyr saturation
W20250111 18:32:30.056586 710526 ImuError.cpp:650] gyr saturation
W20250111 18:32:30.056593 710526 ImuError.cpp:650] gyr saturation
W20250111 18:32:30.056599 710526 ImuError.cpp:650] gyr saturation
W20250111 18:32:30.056605 710526 ImuError.cpp:650] gyr saturation
W20250111 18:32:30.056610 710526 ImuError.cpp:650] gyr saturation
W20250111 18:32:30.056617 710526 ImuError.cpp:650] gyr saturation
W20250111 18:32:30.056622 710526 ImuError.cpp:650] gyr saturation
W20250111 18:32:30.056628 710526 ImuError.cpp:650] gyr saturation
W20250111 18:32:30.056634 710526 ImuError.cpp:650] gyr saturation
W20250111 18:32:30.056641 710526 ImuError.cpp:650] gyr saturation
W20250111 18:32:30.056648 710526 ImuError.cpp:650] gyr saturation
W20250111 18:32:30.056653 710526 ImuError.cpp:650] gyr saturation
W20250111 18:32:30.056658 710526 ImuError.cpp:650] gyr saturation
W20250111 18:32:30.056664 710526 ImuError.cpp:650] gyr saturation
W20250111 18:32:30.056687 710526 ImuError.cpp:650] gyr saturation
W20250111 18:32:30.056696 710526 ImuError.cpp:650] gyr saturation
W20250111 18:32:30.056703 710526 ImuError.cpp:650] gyr saturation
W20250111 18:32:30.056711 710526 ImuError.cpp:650] gyr saturation
W20250111 18:32:30.056717 710526 ImuError.cpp:650] gyr saturation
W20250111 18:32:30.056723 710526 ImuError.cpp:650] gyr saturation
W20250111 18:32:30.056730 710526 ImuError.cpp:650] gyr saturation
W20250111 18:32:30.056736 710526 ImuError.cpp:650] gyr saturation
W20250111 18:32:30.056741 710526 ImuError.cpp:650] gyr saturation
W20250111 18:32:30.056748 710526 ImuError.cpp:650] gyr saturation
W20250111 18:32:30.056753 710526 ImuError.cpp:650] gyr saturation
W20250111 18:32:30.056759 710526 ImuError.cpp:650] gyr saturation
W20250111 18:32:30.056766 710526 ImuError.cpp:650] gyr saturation
W20250111 18:32:30.056772 710526 ImuError.cpp:650] gyr saturation
W20250111 18:32:30.056778 710526 ImuError.cpp:650] gyr saturation
W20250111 18:32:30.056784 710526 ImuError.cpp:650] gyr saturation
W20250111 18:32:30.056789 710526 ImuError.cpp:650] gyr saturation
W20250111 18:32:30.056795 710526 ImuError.cpp:650] gyr saturation
W20250111 18:32:30.056802 710526 ImuError.cpp:650] gyr saturation
W20250111 18:32:30.056806 710526 ImuError.cpp:650] gyr saturation
W20250111 18:32:30.056811 710526 ImuError.cpp:650] gyr saturation
W20250111 18:32:30.056818 710526 ImuError.cpp:650] gyr saturation
W20250111 18:32:30.056823 710526 ImuError.cpp:650] gyr saturation
W20250111 18:32:30.056828 710526 ImuError.cpp:650] gyr saturation
W20250111 18:32:30.056833 710526 ImuError.cpp:650] gyr saturation
W20250111 18:32:30.056839 710526 ImuError.cpp:650] gyr saturation
W20250111 18:32:30.056844 710526 ImuError.cpp:650] gyr saturation
W20250111 18:32:30.056849 710526 ImuError.cpp:650] gyr saturation
W20250111 18:32:30.056855 710526 ImuError.cpp:650] gyr saturation
W20250111 18:32:30.056861 710526 ImuError.cpp:650] gyr saturation
W20250111 18:32:30.056866 710526 ImuError.cpp:650] gyr saturation
W20250111 18:32:30.056872 710526 ImuError.cpp:650] gyr saturation
W20250111 18:32:30.056878 710526 ImuError.cpp:650] gyr saturation
W20250111 18:32:30.056885 710526 ImuError.cpp:650] gyr saturation
W20250111 18:32:30.056890 710526 ImuError.cpp:650] gyr saturation
W20250111 18:32:30.056896 710526 ImuError.cpp:650] gyr saturation
W20250111 18:32:30.056901 710526 ImuError.cpp:650] gyr saturation
W20250111 18:32:30.056907 710526 ImuError.cpp:650] gyr saturation
W20250111 18:32:30.056913 710526 ImuError.cpp:650] gyr saturation
W20250111 18:32:30.056918 710526 ImuError.cpp:650] gyr saturation
W20250111 18:32:30.056924 710526 ImuError.cpp:650] gyr saturation
W20250111 18:32:30.059128 710540 ImuError.cpp:368] gyr saturation
W20250111 18:32:30.059216 710540 ImuError.cpp:368] gyr saturation
W20250111 18:32:30.059230 710540 ImuError.cpp:368] gyr saturation
W20250111 18:32:30.059244 710540 ImuError.cpp:368] gyr saturation
W20250111 18:32:30.059255 710540 ImuError.cpp:368] gyr saturation
W20250111 18:32:30.059266 710540 ImuError.cpp:368] gyr saturation
W20250111 18:32:30.059278 710540 ImuError.cpp:368] gyr saturation
W20250111 18:32:30.059288 710540 ImuError.cpp:368] gyr saturation
W20250111 18:32:30.059299 710540 ImuError.cpp:368] gyr saturation
W20250111 18:32:30.059310 710540 ImuError.cpp:368] gyr saturation
W20250111 18:32:30.059321 710540 ImuError.cpp:368] gyr saturation
W20250111 18:32:30.059332 710540 ImuError.cpp:368] gyr saturation
W20250111 18:32:30.059342 710540 ImuError.cpp:368] gyr saturation
W20250111 18:32:30.059355 710540 ImuError.cpp:368] gyr saturation
W20250111 18:32:30.059365 710540 ImuError.cpp:368] gyr saturation
W20250111 18:32:30.059376 710540 ImuError.cpp:368] gyr saturation
W20250111 18:32:30.059387 710540 ImuError.cpp:368] gyr saturation
W20250111 18:32:30.059398 710540 ImuError.cpp:368] gyr saturation
W20250111 18:32:30.059408 710540 ImuError.cpp:368] gyr saturation
W20250111 18:32:30.059420 710540 ImuError.cpp:368] gyr saturation
W20250111 18:32:30.059432 710540 ImuError.cpp:368] gyr saturation
W20250111 18:32:30.059458 710540 ImuError.cpp:368] gyr saturation
W20250111 18:32:30.059469 710540 ImuError.cpp:368] gyr saturation
W20250111 18:32:30.059479 710540 ImuError.cpp:368] gyr saturation
W20250111 18:32:30.059489 710540 ImuError.cpp:368] gyr saturation
W20250111 18:32:30.059499 710540 ImuError.cpp:368] gyr saturation
W20250111 18:32:30.059509 710540 ImuError.cpp:368] gyr saturation
W20250111 18:32:30.059518 710540 ImuError.cpp:368] gyr saturation
W20250111 18:32:30.059528 710540 ImuError.cpp:368] gyr saturation
W20250111 18:32:30.059538 710540 ImuError.cpp:368] gyr saturation
W20250111 18:32:30.059548 710540 ImuError.cpp:368] gyr saturation
W20250111 18:32:30.059558 710540 ImuError.cpp:368] gyr saturation
W20250111 18:32:30.059568 710540 ImuError.cpp:368] gyr saturation
W20250111 18:32:30.059579 710540 ImuError.cpp:368] gyr saturation
W20250111 18:32:30.101269 909242 ViSlamBackend.cpp:466] TRACKING FAILURE: quality=0
W20250111 18:32:30.101926 710526 ImuError.cpp:650] gyr saturation
W20250111 18:32:30.101964 710526 ImuError.cpp:650] gyr saturation
W20250111 18:32:30.101972 710526 ImuError.cpp:650] gyr saturation
W20250111 18:32:30.101979 710526 ImuError.cpp:650] gyr saturation
W20250111 18:32:30.101984 710526 ImuError.cpp:650] gyr saturation
W20250111 18:32:30.101997 710526 ImuError.cpp:650] gyr saturation
W20250111 18:32:30.102003 710526 ImuError.cpp:650] gyr saturation
W20250111 18:32:30.102011 710526 ImuError.cpp:650] gyr saturation
W20250111 18:32:30.102017 710526 ImuError.cpp:650] gyr saturation
W20250111 18:32:30.102022 710526 ImuError.cpp:650] gyr saturation
W20250111 18:32:30.102028 710526 ImuError.cpp:650] gyr saturation
W20250111 18:32:30.102033 710526 ImuError.cpp:650] gyr saturation
W20250111 18:32:30.102038 710526 ImuError.cpp:650] gyr saturation
W20250111 18:32:30.102043 710526 ImuError.cpp:650] gyr saturation
W20250111 18:32:30.102049 710526 ImuError.cpp:650] gyr saturation
W20250111 18:32:30.102054 710526 ImuError.cpp:650] gyr saturation
W20250111 18:32:30.102059 710526 ImuError.cpp:650] gyr saturation
W20250111 18:32:30.102064 710526 ImuError.cpp:650] gyr saturation
W20250111 18:32:30.102069 710526 ImuError.cpp:650] gyr saturation
W20250111 18:32:30.102074 710526 ImuError.cpp:650] gyr saturation
W20250111 18:32:30.102080 710526 ImuError.cpp:650] gyr saturation
W20250111 18:32:30.102085 710526 ImuError.cpp:650] gyr saturation
W20250111 18:32:30.102090 710526 ImuError.cpp:650] gyr saturation
W20250111 18:32:30.102097 710526 ImuError.cpp:650] gyr saturation
W20250111 18:32:30.102102 710526 ImuError.cpp:650] gyr saturation
W20250111 18:32:30.102108 710526 ImuError.cpp:650] gyr saturation
W20250111 18:32:30.102113 710526 ImuError.cpp:650] gyr saturation
W20250111 18:32:30.102118 710526 ImuError.cpp:650] gyr saturation
W20250111 18:32:30.102123 710526 ImuError.cpp:650] gyr saturation
W20250111 18:32:30.102128 710526 ImuError.cpp:650] gyr saturation
W20250111 18:32:30.102133 710526 ImuError.cpp:650] gyr saturation
W20250111 18:32:30.102138 710526 ImuError.cpp:650] gyr saturation
W20250111 18:32:30.102144 710526 ImuError.cpp:650] gyr saturation
W20250111 18:32:30.102150 710526 ImuError.cpp:650] gyr saturation
W20250111 18:32:30.102196 710526 ImuError.cpp:650] gyr saturation
W20250111 18:32:30.102203 710526 ImuError.cpp:650] gyr saturation
W20250111 18:32:30.102208 710526 ImuError.cpp:650] gyr saturation
W20250111 18:32:30.102213 710526 ImuError.cpp:650] gyr saturation
W20250111 18:32:30.102219 710526 ImuError.cpp:650] gyr saturation
W20250111 18:32:30.102224 710526 ImuError.cpp:650] gyr saturation
W20250111 18:32:30.102229 710526 ImuError.cpp:650] gyr saturation
W20250111 18:32:30.102234 710526 ImuError.cpp:650] gyr saturation
W20250111 18:32:30.102239 710526 ImuError.cpp:650] gyr saturation
W20250111 18:32:30.102244 710526 ImuError.cpp:650] gyr saturation
W20250111 18:32:30.102250 710526 ImuError.cpp:650] gyr saturation
W20250111 18:32:30.102255 710526 ImuError.cpp:650] gyr saturation
W20250111 18:32:30.102260 710526 ImuError.cpp:650] gyr saturation
W20250111 18:32:30.102265 710526 ImuError.cpp:650] gyr saturation
W20250111 18:32:30.102283 710526 ImuError.cpp:650] gyr saturation
W20250111 18:32:30.102289 710526 ImuError.cpp:650] gyr saturation
W20250111 18:32:30.102294 710526 ImuError.cpp:650] gyr saturation
W20250111 18:32:30.102299 710526 ImuError.cpp:650] gyr saturation
W20250111 18:32:30.102305 710526 ImuError.cpp:650] gyr saturation
W20250111 18:32:30.102310 710526 ImuError.cpp:650] gyr saturation
W20250111 18:32:30.102315 710526 ImuError.cpp:650] gyr saturation
W20250111 18:32:30.102320 710526 ImuError.cpp:650] gyr saturation
W20250111 18:32:30.102326 710526 ImuError.cpp:650] gyr saturation
W20250111 18:32:30.102331 710526 ImuError.cpp:650] gyr saturation
W20250111 18:32:30.102336 710526 ImuError.cpp:650] gyr saturation
W20250111 18:32:30.102341 710526 ImuError.cpp:650] gyr saturation
W20250111 18:32:30.102348 710526 ImuError.cpp:650] gyr saturation
W20250111 18:32:30.102353 710526 ImuError.cpp:650] gyr saturation
W20250111 18:32:30.102360 710526 ImuError.cpp:650] gyr saturation
W20250111 18:32:30.102365 710526 ImuError.cpp:650] gyr saturation
W20250111 18:32:30.102370 710526 ImuError.cpp:650] gyr saturation
W20250111 18:32:30.102375 710526 ImuError.cpp:650] gyr saturation
W20250111 18:32:30.102380 710526 ImuError.cpp:650] gyr saturation
W20250111 18:32:30.102384 710526 ImuError.cpp:650] gyr saturation
W20250111 18:32:30.102931 710526 Frontend.cpp:615] 3d2d tracking lost. Number of 3d2d-matches: 0
W20250111 18:32:30.103526 710526 ImuError.cpp:650] gyr saturation
W20250111 18:32:30.103564 710526 ImuError.cpp:650] gyr saturation
W20250111 18:32:30.103571 710526 ImuError.cpp:650] gyr saturation
W20250111 18:32:30.103578 710526 ImuError.cpp:650] gyr saturation
W20250111 18:32:30.103585 710526 ImuError.cpp:650] gyr saturation
W20250111 18:32:30.103592 710526 ImuError.cpp:650] gyr saturation
W20250111 18:32:30.103598 710526 ImuError.cpp:650] gyr saturation
W20250111 18:32:30.103605 710526 ImuError.cpp:650] gyr saturation
W20250111 18:32:30.103610 710526 ImuError.cpp:650] gyr saturation
W20250111 18:32:30.103615 710526 ImuError.cpp:650] gyr saturation
W20250111 18:32:30.103621 710526 ImuError.cpp:650] gyr saturation
W20250111 18:32:30.103626 710526 ImuError.cpp:650] gyr saturation
W20250111 18:32:30.103631 710526 ImuError.cpp:650] gyr saturation
W20250111 18:32:30.103637 710526 ImuError.cpp:650] gyr saturation
W20250111 18:32:30.103642 710526 ImuError.cpp:650] gyr saturation
W20250111 18:32:30.103649 710526 ImuError.cpp:650] gyr saturation
W20250111 18:32:30.103654 710526 ImuError.cpp:650] gyr saturation
W20250111 18:32:30.103659 710526 ImuError.cpp:650] gyr saturation
W20250111 18:32:30.103665 710526 ImuError.cpp:650] gyr saturation
W20250111 18:32:30.103670 710526 ImuError.cpp:650] gyr saturation
W20250111 18:32:30.103675 710526 ImuError.cpp:650] gyr saturation
W20250111 18:32:30.103681 710526 ImuError.cpp:650] gyr saturation
W20250111 18:32:30.103688 710526 ImuError.cpp:650] gyr saturation
W20250111 18:32:30.103693 710526 ImuError.cpp:650] gyr saturation
W20250111 18:32:30.103698 710526 ImuError.cpp:650] gyr saturation
W20250111 18:32:30.103703 710526 ImuError.cpp:650] gyr saturation
W20250111 18:32:30.103708 710526 ImuError.cpp:650] gyr saturation
W20250111 18:32:30.103713 710526 ImuError.cpp:650] gyr saturation
W20250111 18:32:30.103718 710526 ImuError.cpp:650] gyr saturation
W20250111 18:32:30.103724 710526 ImuError.cpp:650] gyr saturation
W20250111 18:32:30.103730 710526 ImuError.cpp:650] gyr saturation
W20250111 18:32:30.103735 710526 ImuError.cpp:650] gyr saturation
W20250111 18:32:30.103740 710526 ImuError.cpp:650] gyr saturation
W20250111 18:32:30.103746 710526 ImuError.cpp:650] gyr saturation
W20250111 18:32:30.103751 710526 ImuError.cpp:650] gyr saturation
W20250111 18:32:30.103757 710526 ImuError.cpp:650] gyr saturation
W20250111 18:32:30.103762 710526 ImuError.cpp:650] gyr saturation
W20250111 18:32:30.103768 710526 ImuError.cpp:650] gyr saturation
W20250111 18:32:30.103773 710526 ImuError.cpp:650] gyr saturation
W20250111 18:32:30.103780 710526 ImuError.cpp:650] gyr saturation
W20250111 18:32:30.103798 710526 ImuError.cpp:650] gyr saturation
W20250111 18:32:30.103804 710526 ImuError.cpp:650] gyr saturation
W20250111 18:32:30.103811 710526 ImuError.cpp:650] gyr saturation
W20250111 18:32:30.103816 710526 ImuError.cpp:650] gyr saturation
W20250111 18:32:30.103821 710526 ImuError.cpp:650] gyr saturation
W20250111 18:32:30.103826 710526 ImuError.cpp:650] gyr saturation
W20250111 18:32:30.103832 710526 ImuError.cpp:650] gyr saturation
W20250111 18:32:30.103838 710526 ImuError.cpp:650] gyr saturation
W20250111 18:32:30.103844 710526 ImuError.cpp:650] gyr saturation
W20250111 18:32:30.103850 710526 ImuError.cpp:650] gyr saturation
W20250111 18:32:30.103855 710526 ImuError.cpp:650] gyr saturation
W20250111 18:32:30.103861 710526 ImuError.cpp:650] gyr saturation
W20250111 18:32:30.103868 710526 ImuError.cpp:650] gyr saturation
W20250111 18:32:30.103874 710526 ImuError.cpp:650] gyr saturation
W20250111 18:32:30.103880 710526 ImuError.cpp:650] gyr saturation
W20250111 18:32:30.103886 710526 ImuError.cpp:650] gyr saturation
W20250111 18:32:30.103892 710526 ImuError.cpp:650] gyr saturation
W20250111 18:32:30.103899 710526 ImuError.cpp:650] gyr saturation
W20250111 18:32:30.103904 710526 ImuError.cpp:650] gyr saturation
W20250111 18:32:30.103909 710526 ImuError.cpp:650] gyr saturation
W20250111 18:32:30.103915 710526 ImuError.cpp:650] gyr saturation
W20250111 18:32:30.103921 710526 ImuError.cpp:650] gyr saturation
W20250111 18:32:30.103928 710526 ImuError.cpp:650] gyr saturation
W20250111 18:32:30.103935 710526 ImuError.cpp:650] gyr saturation
W20250111 18:32:30.103940 710526 ImuError.cpp:650] gyr saturation
W20250111 18:32:30.103945 710526 ImuError.cpp:650] gyr saturation
W20250111 18:32:30.103952 710526 ImuError.cpp:650] gyr saturation
W20250111 18:32:30.103957 710526 ImuError.cpp:650] gyr saturation
W20250111 18:32:30.104624 909252 ImuError.cpp:368] gyr saturation
W20250111 18:32:30.104671 909252 ImuError.cpp:368] gyr saturation
W20250111 18:32:30.104681 909252 ImuError.cpp:368] gyr saturation
W20250111 18:32:30.104703 909252 ImuError.cpp:368] gyr saturation
W20250111 18:32:30.104719 909252 ImuError.cpp:368] gyr saturation
W20250111 18:32:30.104736 909252 ImuError.cpp:368] gyr saturation
W20250111 18:32:30.104753 909252 ImuError.cpp:368] gyr saturation
W20250111 18:32:30.104761 909252 ImuError.cpp:368] gyr saturation
W20250111 18:32:30.104770 909252 ImuError.cpp:368] gyr saturation
W20250111 18:32:30.104779 909252 ImuError.cpp:368] gyr saturation
W20250111 18:32:30.104789 909252 ImuError.cpp:368] gyr saturation
W20250111 18:32:30.104797 909252 ImuError.cpp:368] gyr saturation
W20250111 18:32:30.104807 909252 ImuError.cpp:368] gyr saturation
W20250111 18:32:30.104815 909252 ImuError.cpp:368] gyr saturation
W20250111 18:32:30.104822 909252 ImuError.cpp:368] gyr saturation
W20250111 18:32:30.104832 909252 ImuError.cpp:368] gyr saturation
W20250111 18:32:30.104840 909252 ImuError.cpp:368] gyr saturation
W20250111 18:32:30.104848 909252 ImuError.cpp:368] gyr saturation
W20250111 18:32:30.104858 909252 ImuError.cpp:368] gyr saturation
W20250111 18:32:30.104866 909252 ImuError.cpp:368] gyr saturation
W20250111 18:32:30.104874 909252 ImuError.cpp:368] gyr saturation
W20250111 18:32:30.104883 909252 ImuError.cpp:368] gyr saturation
W20250111 18:32:30.104892 909252 ImuError.cpp:368] gyr saturation
W20250111 18:32:30.104900 909252 ImuError.cpp:368] gyr saturation
W20250111 18:32:30.104908 909252 ImuError.cpp:368] gyr saturation
W20250111 18:32:30.104916 909252 ImuError.cpp:368] gyr saturation
W20250111 18:32:30.104925 909252 ImuError.cpp:368] gyr saturation
W20250111 18:32:30.104933 909252 ImuError.cpp:368] gyr saturation
W20250111 18:32:30.104943 909252 ImuError.cpp:368] gyr saturation
W20250111 18:32:30.104950 909252 ImuError.cpp:368] gyr saturation
W20250111 18:32:30.104959 909252 ImuError.cpp:368] gyr saturation
W20250111 18:32:30.104967 909252 ImuError.cpp:368] gyr saturation
W20250111 18:32:30.104975 909252 ImuError.cpp:368] gyr saturation
W20250111 18:32:30.104983 909252 ImuError.cpp:368] gyr saturation
W20250111 18:32:30.131943 909252 ViSlamBackend.cpp:466] TRACKING FAILURE: quality=0
W20250111 18:32:30.132071 909252 ImuError.cpp:165] gyr saturation
W20250111 18:32:30.132092 909252 ImuError.cpp:165] gyr saturation
W20250111 18:32:30.132102 909252 ImuError.cpp:165] gyr saturation
W20250111 18:32:30.132109 909252 ImuError.cpp:165] gyr saturation
W20250111 18:32:30.132119 909252 ImuError.cpp:165] gyr saturation
W20250111 18:32:30.132128 909252 ImuError.cpp:165] gyr saturation
W20250111 18:32:30.132135 909252 ImuError.cpp:165] gyr saturation
W20250111 18:32:30.132143 909252 ImuError.cpp:165] gyr saturation
W20250111 18:32:30.132149 909252 ImuError.cpp:165] gyr saturation
W20250111 18:32:30.132156 909252 ImuError.cpp:165] gyr saturation
W20250111 18:32:30.132164 909252 ImuError.cpp:165] gyr saturation
W20250111 18:32:30.132180 909252 ImuError.cpp:165] gyr saturation
W20250111 18:32:30.132187 909252 ImuError.cpp:165] gyr saturation
W20250111 18:32:30.132194 909252 ImuError.cpp:165] gyr saturation
W20250111 18:32:30.132201 909252 ImuError.cpp:165] gyr saturation
W20250111 18:32:30.132210 909252 ImuError.cpp:165] gyr saturation
W20250111 18:32:30.132216 909252 ImuError.cpp:165] gyr saturation
W20250111 18:32:30.132223 909252 ImuError.cpp:165] gyr saturation
W20250111 18:32:30.132231 909252 ImuError.cpp:165] gyr saturation
W20250111 18:32:30.132238 909252 ImuError.cpp:165] gyr saturation
W20250111 18:32:30.132246 909252 ImuError.cpp:165] gyr saturation
W20250111 18:32:30.132252 909252 ImuError.cpp:165] gyr saturation
W20250111 18:32:30.132259 909252 ImuError.cpp:165] gyr saturation
W20250111 18:32:30.132267 909252 ImuError.cpp:165] gyr saturation
W20250111 18:32:30.132274 909252 ImuError.cpp:165] gyr saturation
W20250111 18:32:30.132282 909252 ImuError.cpp:165] gyr saturation
W20250111 18:32:30.132288 909252 ImuError.cpp:165] gyr saturation
W20250111 18:32:30.132297 909252 ImuError.cpp:165] gyr saturation
W20250111 18:32:30.132302 909252 ImuError.cpp:165] gyr saturation
W20250111 18:32:30.132309 909252 ImuError.cpp:165] gyr saturation
W20250111 18:32:30.132316 909252 ImuError.cpp:165] gyr saturation
W20250111 18:32:30.132323 909252 ImuError.cpp:165] gyr saturation
W20250111 18:32:30.132329 909252 ImuError.cpp:165] gyr saturation
W20250111 18:32:30.132336 909252 ImuError.cpp:165] gyr saturation
W20250111 18:32:30.132344 909252 ImuError.cpp:165] gyr saturation
W20250111 18:32:30.132401 909252 ImuError.cpp:165] gyr saturation
W20250111 18:32:30.132409 909252 ImuError.cpp:165] gyr saturation
W20250111 18:32:30.132416 909252 ImuError.cpp:165] gyr saturation
W20250111 18:32:30.132423 909252 ImuError.cpp:165] gyr saturation
W20250111 18:32:30.132431 909252 ImuError.cpp:165] gyr saturation
W20250111 18:32:30.132436 909252 ImuError.cpp:165] gyr saturation
W20250111 18:32:30.132443 909252 ImuError.cpp:165] gyr saturation
W20250111 18:32:30.132450 909252 ImuError.cpp:165] gyr saturation
W20250111 18:32:30.132457 909252 ImuError.cpp:165] gyr saturation
W20250111 18:32:30.132463 909252 ImuError.cpp:165] gyr saturation
W20250111 18:32:30.132470 909252 ImuError.cpp:165] gyr saturation
W20250111 18:32:30.132477 909252 ImuError.cpp:165] gyr saturation
W20250111 18:32:30.132484 909252 ImuError.cpp:165] gyr saturation
W20250111 18:32:30.132490 909252 ImuError.cpp:165] gyr saturation
W20250111 18:32:30.132498 909252 ImuError.cpp:165] gyr saturation
W20250111 18:32:30.132504 909252 ImuError.cpp:165] gyr saturation
W20250111 18:32:30.132510 909252 ImuError.cpp:165] gyr saturation
W20250111 18:32:30.132517 909252 ImuError.cpp:165] gyr saturation
W20250111 18:32:30.132524 909252 ImuError.cpp:165] gyr saturation
W20250111 18:32:30.132530 909252 ImuError.cpp:165] gyr saturation
W20250111 18:32:30.132537 909252 ImuError.cpp:165] gyr saturation
W20250111 18:32:30.132543 909252 ImuError.cpp:165] gyr saturation
W20250111 18:32:30.132550 909252 ImuError.cpp:165] gyr saturation
W20250111 18:32:30.132557 909252 ImuError.cpp:165] gyr saturation
W20250111 18:32:30.132563 909252 ImuError.cpp:165] gyr saturation
W20250111 18:32:30.132570 909252 ImuError.cpp:165] gyr saturation
W20250111 18:32:30.132581 909252 ImuError.cpp:165] gyr saturation
W20250111 18:32:30.132588 909252 ImuError.cpp:165] gyr saturation
W20250111 18:32:30.132596 909252 ImuError.cpp:165] gyr saturation
W20250111 18:32:30.132602 909252 ImuError.cpp:165] gyr saturation
W20250111 18:32:30.132609 909252 ImuError.cpp:165] gyr saturation
W20250111 18:32:30.132616 909252 ImuError.cpp:165] gyr saturation
W20250111 18:32:30.132623 909252 ImuError.cpp:165] gyr saturation
W20250111 18:32:30.132630 909252 ImuError.cpp:165] gyr saturation
W20250111 18:32:30.132637 909252 ImuError.cpp:165] gyr saturation
W20250111 18:32:30.132859 710526 ImuError.cpp:650] gyr saturation
W20250111 18:32:30.132918 710526 ImuError.cpp:650] gyr saturation
W20250111 18:32:30.132925 710526 ImuError.cpp:650] gyr saturation
W20250111 18:32:30.132938 710526 ImuError.cpp:650] gyr saturation
W20250111 18:32:30.132944 710526 ImuError.cpp:650] gyr saturation
W20250111 18:32:30.132949 710526 ImuError.cpp:650] gyr saturation
W20250111 18:32:30.132956 710526 ImuError.cpp:650] gyr saturation
W20250111 18:32:30.132961 710526 ImuError.cpp:650] gyr saturation
W20250111 18:32:30.132966 710526 ImuError.cpp:650] gyr saturation
W20250111 18:32:30.132972 710526 ImuError.cpp:650] gyr saturation
W20250111 18:32:30.132977 710526 ImuError.cpp:650] gyr saturation
W20250111 18:32:30.132982 710526 ImuError.cpp:650] gyr saturation
W20250111 18:32:30.132992 710526 ImuError.cpp:650] gyr saturation
W20250111 18:32:30.133001 710526 ImuError.cpp:650] gyr saturation
W20250111 18:32:30.133006 710526 ImuError.cpp:650] gyr saturation
W20250111 18:32:30.133011 710526 ImuError.cpp:650] gyr saturation
W20250111 18:32:30.133018 710526 ImuError.cpp:650] gyr saturation
W20250111 18:32:30.133023 710526 ImuError.cpp:650] gyr saturation
W20250111 18:32:30.133028 710526 ImuError.cpp:650] gyr saturation
W20250111 18:32:30.133033 710526 ImuError.cpp:650] gyr saturation
W20250111 18:32:30.133037 710526 ImuError.cpp:650] gyr saturation
W20250111 18:32:30.133044 710526 ImuError.cpp:650] gyr saturation
W20250111 18:32:30.133049 710526 ImuError.cpp:650] gyr saturation
W20250111 18:32:30.133054 710526 ImuError.cpp:650] gyr saturation
W20250111 18:32:30.133059 710526 ImuError.cpp:650] gyr saturation
W20250111 18:32:30.133064 710526 ImuError.cpp:650] gyr saturation
W20250111 18:32:30.133069 710526 ImuError.cpp:650] gyr saturation
W20250111 18:32:30.133074 710526 ImuError.cpp:650] gyr saturation
W20250111 18:32:30.133080 710526 ImuError.cpp:650] gyr saturation
W20250111 18:32:30.133085 710526 ImuError.cpp:650] gyr saturation
W20250111 18:32:30.133090 710526 ImuError.cpp:650] gyr saturation
W20250111 18:32:30.133095 710526 ImuError.cpp:650] gyr saturation
W20250111 18:32:30.133100 710526 ImuError.cpp:650] gyr saturation
W20250111 18:32:30.133105 710526 ImuError.cpp:650] gyr saturation
W20250111 18:32:30.133111 710526 ImuError.cpp:650] gyr saturation
W20250111 18:32:30.133162 710526 ImuError.cpp:650] gyr saturation
W20250111 18:32:30.133168 710526 ImuError.cpp:650] gyr saturation
W20250111 18:32:30.133174 710526 ImuError.cpp:650] gyr saturation
W20250111 18:32:30.133179 710526 ImuError.cpp:650] gyr saturation
W20250111 18:32:30.133185 710526 ImuError.cpp:650] gyr saturation
W20250111 18:32:30.133190 710526 ImuError.cpp:650] gyr saturation
W20250111 18:32:30.133195 710526 ImuError.cpp:650] gyr saturation
W20250111 18:32:30.133201 710526 ImuError.cpp:650] gyr saturation
W20250111 18:32:30.133206 710526 ImuError.cpp:650] gyr saturation
W20250111 18:32:30.133211 710526 ImuError.cpp:650] gyr saturation
W20250111 18:32:30.133216 710526 ImuError.cpp:650] gyr saturation
W20250111 18:32:30.133221 710526 ImuError.cpp:650] gyr saturation
W20250111 18:32:30.133227 710526 ImuError.cpp:650] gyr saturation
W20250111 18:32:30.133232 710526 ImuError.cpp:650] gyr saturation
W20250111 18:32:30.133237 710526 ImuError.cpp:650] gyr saturation
W20250111 18:32:30.133242 710526 ImuError.cpp:650] gyr saturation
W20250111 18:32:30.133247 710526 ImuError.cpp:650] gyr saturation
W20250111 18:32:30.133252 710526 ImuError.cpp:650] gyr saturation
W20250111 18:32:30.133265 710526 ImuError.cpp:650] gyr saturation
W20250111 18:32:30.133270 710526 ImuError.cpp:650] gyr saturation
W20250111 18:32:30.133298 710526 ImuError.cpp:650] gyr saturation
W20250111 18:32:30.133304 710526 ImuError.cpp:650] gyr saturation
W20250111 18:32:30.133311 710526 ImuError.cpp:650] gyr saturation
W20250111 18:32:30.133316 710526 ImuError.cpp:650] gyr saturation
W20250111 18:32:30.133320 710526 ImuError.cpp:650] gyr saturation
W20250111 18:32:30.133325 710526 ImuError.cpp:650] gyr saturation
W20250111 18:32:30.133329 710526 ImuError.cpp:650] gyr saturation
W20250111 18:32:30.133335 710526 ImuError.cpp:650] gyr saturation
W20250111 18:32:30.133340 710526 ImuError.cpp:650] gyr saturation
W20250111 18:32:30.133347 710526 ImuError.cpp:650] gyr saturation
W20250111 18:32:30.133352 710526 ImuError.cpp:650] gyr saturation
W20250111 18:32:30.133358 710526 ImuError.cpp:650] gyr saturation
W20250111 18:32:30.133363 710526 ImuError.cpp:650] gyr saturation
W20250111 18:32:30.133369 710526 ImuError.cpp:650] gyr saturation
W20250111 18:32:30.133375 710526 ImuError.cpp:650] gyr saturation
W20250111 18:32:30.134254 710526 Frontend.cpp:615] 3d2d tracking lost. Number of 3d2d-matches: 0
W20250111 18:32:30.135049 710526 ImuError.cpp:650] gyr saturation
W20250111 18:32:30.135078 710526 ImuError.cpp:650] gyr saturation
W20250111 18:32:30.135084 710526 ImuError.cpp:650] gyr saturation
W20250111 18:32:30.135092 710526 ImuError.cpp:650] gyr saturation
W20250111 18:32:30.135097 710526 ImuError.cpp:650] gyr saturation
W20250111 18:32:30.135103 710526 ImuError.cpp:650] gyr saturation
W20250111 18:32:30.135109 710526 ImuError.cpp:650] gyr saturation
W20250111 18:32:30.135118 710526 ImuError.cpp:650] gyr saturation
W20250111 18:32:30.135123 710526 ImuError.cpp:650] gyr saturation
W20250111 18:32:30.135128 710526 ImuError.cpp:650] gyr saturation
W20250111 18:32:30.135133 710526 ImuError.cpp:650] gyr saturation
W20250111 18:32:30.135139 710526 ImuError.cpp:650] gyr saturation
W20250111 18:32:30.135144 710526 ImuError.cpp:650] gyr saturation
W20250111 18:32:30.135151 710526 ImuError.cpp:650] gyr saturation
W20250111 18:32:30.135157 710526 ImuError.cpp:650] gyr saturation
W20250111 18:32:30.135164 710526 ImuError.cpp:650] gyr saturation
W20250111 18:32:30.135169 710526 ImuError.cpp:650] gyr saturation
W20250111 18:32:30.135175 710526 ImuError.cpp:650] gyr saturation
W20250111 18:32:30.135180 710526 ImuError.cpp:650] gyr saturation
W20250111 18:32:30.135186 710526 ImuError.cpp:650] gyr saturation
W20250111 18:32:30.135192 710526 ImuError.cpp:650] gyr saturation
W20250111 18:32:30.135197 710526 ImuError.cpp:650] gyr saturation
W20250111 18:32:30.135205 710526 ImuError.cpp:650] gyr saturation
W20250111 18:32:30.135210 710526 ImuError.cpp:650] gyr saturation
W20250111 18:32:30.135216 710526 ImuError.cpp:650] gyr saturation
W20250111 18:32:30.135223 710526 ImuError.cpp:650] gyr saturation
W20250111 18:32:30.135229 710526 ImuError.cpp:650] gyr saturation
W20250111 18:32:30.135236 710526 ImuError.cpp:650] gyr saturation
W20250111 18:32:30.135241 710526 ImuError.cpp:650] gyr saturation
W20250111 18:32:30.135246 710526 ImuError.cpp:650] gyr saturation
W20250111 18:32:30.135252 710526 ImuError.cpp:650] gyr saturation
W20250111 18:32:30.135258 710526 ImuError.cpp:650] gyr saturation
W20250111 18:32:30.135264 710526 ImuError.cpp:650] gyr saturation
W20250111 18:32:30.135269 710526 ImuError.cpp:650] gyr saturation
W20250111 18:32:30.135275 710526 ImuError.cpp:650] gyr saturation
W20250111 18:32:30.135282 710526 ImuError.cpp:650] gyr saturation
W20250111 18:32:30.135288 710526 ImuError.cpp:650] gyr saturation
W20250111 18:32:30.135293 710526 ImuError.cpp:650] gyr saturation
W20250111 18:32:30.135298 710526 ImuError.cpp:650] gyr saturation
W20250111 18:32:30.135304 710526 ImuError.cpp:650] gyr saturation
W20250111 18:32:30.135310 710526 ImuError.cpp:650] gyr saturation
W20250111 18:32:30.135316 710526 ImuError.cpp:650] gyr saturation
W20250111 18:32:30.135322 710526 ImuError.cpp:650] gyr saturation
W20250111 18:32:30.135329 710526 ImuError.cpp:650] gyr saturation
W20250111 18:32:30.135344 710526 ImuError.cpp:650] gyr saturation
W20250111 18:32:30.135351 710526 ImuError.cpp:650] gyr saturation
W20250111 18:32:30.135357 710526 ImuError.cpp:650] gyr saturation
W20250111 18:32:30.135365 710526 ImuError.cpp:650] gyr saturation
W20250111 18:32:30.135371 710526 ImuError.cpp:650] gyr saturation
W20250111 18:32:30.135378 710526 ImuError.cpp:650] gyr saturation
W20250111 18:32:30.135383 710526 ImuError.cpp:650] gyr saturation
W20250111 18:32:30.135389 710526 ImuError.cpp:650] gyr saturation
W20250111 18:32:30.135396 710526 ImuError.cpp:650] gyr saturation
W20250111 18:32:30.135401 710526 ImuError.cpp:650] gyr saturation
W20250111 18:32:30.135407 710526 ImuError.cpp:650] gyr saturation
W20250111 18:32:30.135414 710526 ImuError.cpp:650] gyr saturation
W20250111 18:32:30.135422 710526 ImuError.cpp:650] gyr saturation
W20250111 18:32:30.135428 710526 ImuError.cpp:650] gyr saturation
W20250111 18:32:30.135433 710526 ImuError.cpp:650] gyr saturation
W20250111 18:32:30.135439 710526 ImuError.cpp:650] gyr saturation
W20250111 18:32:30.135445 710526 ImuError.cpp:650] gyr saturation
W20250111 18:32:30.135452 710526 ImuError.cpp:650] gyr saturation
W20250111 18:32:30.135458 710526 ImuError.cpp:650] gyr saturation
W20250111 18:32:30.135464 710526 ImuError.cpp:650] gyr saturation
W20250111 18:32:30.135469 710526 ImuError.cpp:650] gyr saturation
W20250111 18:32:30.135476 710526 ImuError.cpp:650] gyr saturation
W20250111 18:32:30.135481 710526 ImuError.cpp:650] gyr saturation
W20250111 18:32:30.135488 710526 ImuError.cpp:650] gyr saturation
W20250111 18:32:30.135914 909270 ImuError.cpp:368] gyr saturation
W20250111 18:32:30.135953 909270 ImuError.cpp:368] gyr saturation
W20250111 18:32:30.135964 909270 ImuError.cpp:368] gyr saturation
W20250111 18:32:30.135973 909270 ImuError.cpp:368] gyr saturation
W20250111 18:32:30.135982 909270 ImuError.cpp:368] gyr saturation
W20250111 18:32:30.136000 909270 ImuError.cpp:368] gyr saturation
W20250111 18:32:30.136009 909270 ImuError.cpp:368] gyr saturation
W20250111 18:32:30.136018 909270 ImuError.cpp:368] gyr saturation
W20250111 18:32:30.136026 909270 ImuError.cpp:368] gyr saturation
W20250111 18:32:30.136035 909270 ImuError.cpp:368] gyr saturation
W20250111 18:32:30.136044 909270 ImuError.cpp:368] gyr saturation
W20250111 18:32:30.136052 909270 ImuError.cpp:368] gyr saturation
W20250111 18:32:30.136061 909270 ImuError.cpp:368] gyr saturation
W20250111 18:32:30.136070 909270 ImuError.cpp:368] gyr saturation
W20250111 18:32:30.136078 909270 ImuError.cpp:368] gyr saturation
W20250111 18:32:30.136086 909270 ImuError.cpp:368] gyr saturation
W20250111 18:32:30.136096 909270 ImuError.cpp:368] gyr saturation
W20250111 18:32:30.136103 909270 ImuError.cpp:368] gyr saturation
W20250111 18:32:30.136112 909270 ImuError.cpp:368] gyr saturation
W20250111 18:32:30.136121 909270 ImuError.cpp:368] gyr saturation
W20250111 18:32:30.136128 909270 ImuError.cpp:368] gyr saturation
W20250111 18:32:30.136137 909270 ImuError.cpp:368] gyr saturation
W20250111 18:32:30.136144 909270 ImuError.cpp:368] gyr saturation
W20250111 18:32:30.136153 909270 ImuError.cpp:368] gyr saturation
W20250111 18:32:30.136161 909270 ImuError.cpp:368] gyr saturation
W20250111 18:32:30.136169 909270 ImuError.cpp:368] gyr saturation
W20250111 18:32:30.136178 909270 ImuError.cpp:368] gyr saturation
W20250111 18:32:30.136186 909270 ImuError.cpp:368] gyr saturation
W20250111 18:32:30.136195 909270 ImuError.cpp:368] gyr saturation
W20250111 18:32:30.136204 909270 ImuError.cpp:368] gyr saturation
W20250111 18:32:30.136214 909270 ImuError.cpp:368] gyr saturation
W20250111 18:32:30.136221 909270 ImuError.cpp:368] gyr saturation
W20250111 18:32:30.136229 909270 ImuError.cpp:368] gyr saturation
W20250111 18:32:30.136238 909270 ImuError.cpp:368] gyr saturation
W20250111 18:32:30.136246 909270 ImuError.cpp:368] gyr saturation
W20250111 18:32:30.155820 909270 ViSlamBackend.cpp:466] TRACKING FAILURE: quality=0
W20250111 18:32:30.155984 909270 ImuError.cpp:165] gyr saturation
W20250111 18:32:30.156018 909270 ImuError.cpp:165] gyr saturation
W20250111 18:32:30.156049 909270 ImuError.cpp:165] gyr saturation
W20250111 18:32:30.156062 909270 ImuError.cpp:165] gyr saturation
W20250111 18:32:30.156077 909270 ImuError.cpp:165] gyr saturation
W20250111 18:32:30.156090 909270 ImuError.cpp:165] gyr saturation
W20250111 18:32:30.156102 909270 ImuError.cpp:165] gyr saturation
W20250111 18:32:30.156114 909270 ImuError.cpp:165] gyr saturation
W20250111 18:32:30.156126 909270 ImuError.cpp:165] gyr saturation
W20250111 18:32:30.156137 909270 ImuError.cpp:165] gyr saturation
W20250111 18:32:30.156148 909270 ImuError.cpp:165] gyr saturation
W20250111 18:32:30.156160 909270 ImuError.cpp:165] gyr saturation
W20250111 18:32:30.156172 909270 ImuError.cpp:165] gyr saturation
W20250111 18:32:30.156183 909270 ImuError.cpp:165] gyr saturation
W20250111 18:32:30.156194 909270 ImuError.cpp:165] gyr saturation
W20250111 18:32:30.156208 909270 ImuError.cpp:165] gyr saturation
W20250111 18:32:30.156220 909270 ImuError.cpp:165] gyr saturation
W20250111 18:32:30.156231 909270 ImuError.cpp:165] gyr saturation
W20250111 18:32:30.156244 909270 ImuError.cpp:165] gyr saturation
W20250111 18:32:30.156255 909270 ImuError.cpp:165] gyr saturation
W20250111 18:32:30.156265 909270 ImuError.cpp:165] gyr saturation
W20250111 18:32:30.156277 909270 ImuError.cpp:165] gyr saturation
W20250111 18:32:30.156288 909270 ImuError.cpp:165] gyr saturation
W20250111 18:32:30.156301 909270 ImuError.cpp:165] gyr saturation
W20250111 18:32:30.156311 909270 ImuError.cpp:165] gyr saturation
W20250111 18:32:30.156323 909270 ImuError.cpp:165] gyr saturation
W20250111 18:32:30.156334 909270 ImuError.cpp:165] gyr saturation
W20250111 18:32:30.156345 909270 ImuError.cpp:165] gyr saturation
W20250111 18:32:30.156356 909270 ImuError.cpp:165] gyr saturation
W20250111 18:32:30.156368 909270 ImuError.cpp:165] gyr saturation
W20250111 18:32:30.156378 909270 ImuError.cpp:165] gyr saturation
W20250111 18:32:30.156390 909270 ImuError.cpp:165] gyr saturation
W20250111 18:32:30.156401 909270 ImuError.cpp:165] gyr saturation
W20250111 18:32:30.156414 909270 ImuError.cpp:165] gyr saturation
W20250111 18:32:30.156476 909270 ImuError.cpp:165] gyr saturation
W20250111 18:32:30.156489 909270 ImuError.cpp:165] gyr saturation
W20250111 18:32:30.156500 909270 ImuError.cpp:165] gyr saturation
W20250111 18:32:30.156512 909270 ImuError.cpp:165] gyr saturation
W20250111 18:32:30.156523 909270 ImuError.cpp:165] gyr saturation
W20250111 18:32:30.156534 909270 ImuError.cpp:165] gyr saturation
W20250111 18:32:30.156545 909270 ImuError.cpp:165] gyr saturation
W20250111 18:32:30.156556 909270 ImuError.cpp:165] gyr saturation
W20250111 18:32:30.156569 909270 ImuError.cpp:165] gyr saturation
W20250111 18:32:30.156579 909270 ImuError.cpp:165] gyr saturation
W20250111 18:32:30.156590 909270 ImuError.cpp:165] gyr saturation
W20250111 18:32:30.156601 909270 ImuError.cpp:165] gyr saturation
W20250111 18:32:30.156612 909270 ImuError.cpp:165] gyr saturation
W20250111 18:32:30.156623 909270 ImuError.cpp:165] gyr saturation
W20250111 18:32:30.156634 909270 ImuError.cpp:165] gyr saturation
W20250111 18:32:30.156646 909270 ImuError.cpp:165] gyr saturation
W20250111 18:32:30.156657 909270 ImuError.cpp:165] gyr saturation
W20250111 18:32:30.156669 909270 ImuError.cpp:165] gyr saturation
W20250111 18:32:30.156680 909270 ImuError.cpp:165] gyr saturation
W20250111 18:32:30.156692 909270 ImuError.cpp:165] gyr saturation
W20250111 18:32:30.156702 909270 ImuError.cpp:165] gyr saturation
W20250111 18:32:30.156713 909270 ImuError.cpp:165] gyr saturation
W20250111 18:32:30.156724 909270 ImuError.cpp:165] gyr saturation
W20250111 18:32:30.156736 909270 ImuError.cpp:165] gyr saturation
W20250111 18:32:30.156747 909270 ImuError.cpp:165] gyr saturation
W20250111 18:32:30.156759 909270 ImuError.cpp:165] gyr saturation
W20250111 18:32:30.156769 909270 ImuError.cpp:165] gyr saturation
W20250111 18:32:30.156781 909270 ImuError.cpp:165] gyr saturation
W20250111 18:32:30.156792 909270 ImuError.cpp:165] gyr saturation
W20250111 18:32:30.156803 909270 ImuError.cpp:165] gyr saturation
W20250111 18:32:30.156818 909270 ImuError.cpp:165] gyr saturation
W20250111 18:32:30.156831 909270 ImuError.cpp:165] gyr saturation
W20250111 18:32:30.156841 909270 ImuError.cpp:165] gyr saturation
W20250111 18:32:30.156852 909270 ImuError.cpp:165] gyr saturation
W20250111 18:32:30.157131 710526 ImuError.cpp:650] gyr saturation
W20250111 18:32:30.157150 710526 ImuError.cpp:650] gyr saturation
W20250111 18:32:30.157156 710526 ImuError.cpp:650] gyr saturation
W20250111 18:32:30.157166 710526 ImuError.cpp:650] gyr saturation
W20250111 18:32:30.157171 710526 ImuError.cpp:650] gyr saturation
W20250111 18:32:30.157176 710526 ImuError.cpp:650] gyr saturation
W20250111 18:32:30.157182 710526 ImuError.cpp:650] gyr saturation
W20250111 18:32:30.157188 710526 ImuError.cpp:650] gyr saturation
W20250111 18:32:30.157197 710526 ImuError.cpp:650] gyr saturation
W20250111 18:32:30.157203 710526 ImuError.cpp:650] gyr saturation
W20250111 18:32:30.157209 710526 ImuError.cpp:650] gyr saturation
W20250111 18:32:30.157214 710526 ImuError.cpp:650] gyr saturation
W20250111 18:32:30.157220 710526 ImuError.cpp:650] gyr saturation
W20250111 18:32:30.157227 710526 ImuError.cpp:650] gyr saturation
W20250111 18:32:30.157232 710526 ImuError.cpp:650] gyr saturation
W20250111 18:32:30.157238 710526 ImuError.cpp:650] gyr saturation
W20250111 18:32:30.157244 710526 ImuError.cpp:650] gyr saturation
W20250111 18:32:30.157250 710526 ImuError.cpp:650] gyr saturation
W20250111 18:32:30.157256 710526 ImuError.cpp:650] gyr saturation
W20250111 18:32:30.157263 710526 ImuError.cpp:650] gyr saturation
W20250111 18:32:30.157269 710526 ImuError.cpp:650] gyr saturation
W20250111 18:32:30.157274 710526 ImuError.cpp:650] gyr saturation
W20250111 18:32:30.157280 710526 ImuError.cpp:650] gyr saturation
W20250111 18:32:30.157286 710526 ImuError.cpp:650] gyr saturation
W20250111 18:32:30.157291 710526 ImuError.cpp:650] gyr saturation
W20250111 18:32:30.157297 710526 ImuError.cpp:650] gyr saturation
W20250111 18:32:30.157303 710526 ImuError.cpp:650] gyr saturation
W20250111 18:32:30.157310 710526 ImuError.cpp:650] gyr saturation
W20250111 18:32:30.157315 710526 ImuError.cpp:650] gyr saturation
W20250111 18:32:30.157321 710526 ImuError.cpp:650] gyr saturation
W20250111 18:32:30.157327 710526 ImuError.cpp:650] gyr saturation
W20250111 18:32:30.157333 710526 ImuError.cpp:650] gyr saturation
W20250111 18:32:30.157339 710526 ImuError.cpp:650] gyr saturation
W20250111 18:32:30.157346 710526 ImuError.cpp:650] gyr saturation
W20250111 18:32:30.157377 710526 ImuError.cpp:650] gyr saturation
W20250111 18:32:30.157382 710526 ImuError.cpp:650] gyr saturation
W20250111 18:32:30.157388 710526 ImuError.cpp:650] gyr saturation
W20250111 18:32:30.157394 710526 ImuError.cpp:650] gyr saturation
W20250111 18:32:30.157400 710526 ImuError.cpp:650] gyr saturation
W20250111 18:32:30.157405 710526 ImuError.cpp:650] gyr saturation
W20250111 18:32:30.157411 710526 ImuError.cpp:650] gyr saturation
W20250111 18:32:30.157418 710526 ImuError.cpp:650] gyr saturation
W20250111 18:32:30.157423 710526 ImuError.cpp:650] gyr saturation
W20250111 18:32:30.157428 710526 ImuError.cpp:650] gyr saturation
W20250111 18:32:30.157434 710526 ImuError.cpp:650] gyr saturation
W20250111 18:32:30.157439 710526 ImuError.cpp:650] gyr saturation
W20250111 18:32:30.157445 710526 ImuError.cpp:650] gyr saturation
W20250111 18:32:30.157451 710526 ImuError.cpp:650] gyr saturation
W20250111 18:32:30.157457 710526 ImuError.cpp:650] gyr saturation
W20250111 18:32:30.157462 710526 ImuError.cpp:650] gyr saturation
W20250111 18:32:30.157469 710526 ImuError.cpp:650] gyr saturation
W20250111 18:32:30.157473 710526 ImuError.cpp:650] gyr saturation
W20250111 18:32:30.157480 710526 ImuError.cpp:650] gyr saturation
W20250111 18:32:30.157485 710526 ImuError.cpp:650] gyr saturation
W20250111 18:32:30.157491 710526 ImuError.cpp:650] gyr saturation
W20250111 18:32:30.157496 710526 ImuError.cpp:650] gyr saturation
W20250111 18:32:30.157502 710526 ImuError.cpp:650] gyr saturation
W20250111 18:32:30.157507 710526 ImuError.cpp:650] gyr saturation
W20250111 18:32:30.157517 710526 ImuError.cpp:650] gyr saturation
W20250111 18:32:30.157523 710526 ImuError.cpp:650] gyr saturation
W20250111 18:32:30.157529 710526 ImuError.cpp:650] gyr saturation
W20250111 18:32:30.157536 710526 ImuError.cpp:650] gyr saturation
W20250111 18:32:30.157541 710526 ImuError.cpp:650] gyr saturation
W20250111 18:32:30.157546 710526 ImuError.cpp:650] gyr saturation
W20250111 18:32:30.157552 710526 ImuError.cpp:650] gyr saturation
W20250111 18:32:30.157558 710526 ImuError.cpp:650] gyr saturation
W20250111 18:32:30.157564 710526 ImuError.cpp:650] gyr saturation
W20250111 18:32:30.157570 710526 ImuError.cpp:650] gyr saturation
W20250111 18:32:30.158119 710526 Frontend.cpp:615] 3d2d tracking lost. Number of 3d2d-matches: 0
W20250111 18:32:30.158761 710526 ImuError.cpp:650] gyr saturation
W20250111 18:32:30.158783 710526 ImuError.cpp:650] gyr saturation
W20250111 18:32:30.158789 710526 ImuError.cpp:650] gyr saturation
W20250111 18:32:30.158797 710526 ImuError.cpp:650] gyr saturation
W20250111 18:32:30.158802 710526 ImuError.cpp:650] gyr saturation
W20250111 18:32:30.158808 710526 ImuError.cpp:650] gyr saturation
W20250111 18:32:30.158815 710526 ImuError.cpp:650] gyr saturation
W20250111 18:32:30.158821 710526 ImuError.cpp:650] gyr saturation
W20250111 18:32:30.158828 710526 ImuError.cpp:650] gyr saturation
W20250111 18:32:30.158834 710526 ImuError.cpp:650] gyr saturation
W20250111 18:32:30.158840 710526 ImuError.cpp:650] gyr saturation
W20250111 18:32:30.158846 710526 ImuError.cpp:650] gyr saturation
W20250111 18:32:30.158852 710526 ImuError.cpp:650] gyr saturation
W20250111 18:32:30.158857 710526 ImuError.cpp:650] gyr saturation
W20250111 18:32:30.158864 710526 ImuError.cpp:650] gyr saturation
W20250111 18:32:30.158869 710526 ImuError.cpp:650] gyr saturation
W20250111 18:32:30.158875 710526 ImuError.cpp:650] gyr saturation
W20250111 18:32:30.158881 710526 ImuError.cpp:650] gyr saturation
W20250111 18:32:30.158887 710526 ImuError.cpp:650] gyr saturation
W20250111 18:32:30.158895 710526 ImuError.cpp:650] gyr saturation
W20250111 18:32:30.158900 710526 ImuError.cpp:650] gyr saturation
W20250111 18:32:30.158905 710526 ImuError.cpp:650] gyr saturation
W20250111 18:32:30.158911 710526 ImuError.cpp:650] gyr saturation
W20250111 18:32:30.158917 710526 ImuError.cpp:650] gyr saturation
W20250111 18:32:30.158923 710526 ImuError.cpp:650] gyr saturation
W20250111 18:32:30.158929 710526 ImuError.cpp:650] gyr saturation
W20250111 18:32:30.158936 710526 ImuError.cpp:650] gyr saturation
W20250111 18:32:30.158941 710526 ImuError.cpp:650] gyr saturation
W20250111 18:32:30.158946 710526 ImuError.cpp:650] gyr saturation
W20250111 18:32:30.158951 710526 ImuError.cpp:650] gyr saturation
W20250111 18:32:30.158957 710526 ImuError.cpp:650] gyr saturation
W20250111 18:32:30.158963 710526 ImuError.cpp:650] gyr saturation
W20250111 18:32:30.158969 710526 ImuError.cpp:650] gyr saturation
W20250111 18:32:30.158975 710526 ImuError.cpp:650] gyr saturation
W20250111 18:32:30.158982 710526 ImuError.cpp:650] gyr saturation
W20250111 18:32:30.158993 710526 ImuError.cpp:650] gyr saturation
W20250111 18:32:30.158999 710526 ImuError.cpp:650] gyr saturation
W20250111 18:32:30.159006 710526 ImuError.cpp:650] gyr saturation
W20250111 18:32:30.159013 710526 ImuError.cpp:650] gyr saturation
W20250111 18:32:30.159019 710526 ImuError.cpp:650] gyr saturation
W20250111 18:32:30.159025 710526 ImuError.cpp:650] gyr saturation
W20250111 18:32:30.159031 710526 ImuError.cpp:650] gyr saturation
W20250111 18:32:30.159039 710526 ImuError.cpp:650] gyr saturation
W20250111 18:32:30.159044 710526 ImuError.cpp:650] gyr saturation
W20250111 18:32:30.159049 710526 ImuError.cpp:650] gyr saturation
W20250111 18:32:30.159055 710526 ImuError.cpp:650] gyr saturation
W20250111 18:32:30.159061 710526 ImuError.cpp:650] gyr saturation
W20250111 18:32:30.159066 710526 ImuError.cpp:650] gyr saturation
W20250111 18:32:30.159072 710526 ImuError.cpp:650] gyr saturation
W20250111 18:32:30.159078 710526 ImuError.cpp:650] gyr saturation
W20250111 18:32:30.159090 710526 ImuError.cpp:650] gyr saturation
W20250111 18:32:30.159097 710526 ImuError.cpp:650] gyr saturation
W20250111 18:32:30.159104 710526 ImuError.cpp:650] gyr saturation
W20250111 18:32:30.159111 710526 ImuError.cpp:650] gyr saturation
W20250111 18:32:30.159116 710526 ImuError.cpp:650] gyr saturation
W20250111 18:32:30.159122 710526 ImuError.cpp:650] gyr saturation
W20250111 18:32:30.159128 710526 ImuError.cpp:650] gyr saturation
W20250111 18:32:30.159134 710526 ImuError.cpp:650] gyr saturation
W20250111 18:32:30.159140 710526 ImuError.cpp:650] gyr saturation
W20250111 18:32:30.159147 710526 ImuError.cpp:650] gyr saturation
W20250111 18:32:30.159152 710526 ImuError.cpp:650] gyr saturation
W20250111 18:32:30.159158 710526 ImuError.cpp:650] gyr saturation
W20250111 18:32:30.159165 710526 ImuError.cpp:650] gyr saturation
W20250111 18:32:30.159171 710526 ImuError.cpp:650] gyr saturation
W20250111 18:32:30.159178 710526 ImuError.cpp:650] gyr saturation
W20250111 18:32:30.159183 710526 ImuError.cpp:650] gyr saturation
W20250111 18:32:30.159189 710526 ImuError.cpp:650] gyr saturation
W20250111 18:32:30.159194 710526 ImuError.cpp:650] gyr saturation
W20250111 18:32:30.159916 710539 ImuError.cpp:368] gyr saturation
W20250111 18:32:30.159976 710539 ImuError.cpp:368] gyr saturation
W20250111 18:32:30.159996 710539 ImuError.cpp:368] gyr saturation
W20250111 18:32:30.160012 710539 ImuError.cpp:368] gyr saturation
W20250111 18:32:30.160025 710539 ImuError.cpp:368] gyr saturation
W20250111 18:32:30.160037 710539 ImuError.cpp:368] gyr saturation
W20250111 18:32:30.160049 710539 ImuError.cpp:368] gyr saturation
W20250111 18:32:30.160061 710539 ImuError.cpp:368] gyr saturation
W20250111 18:32:30.160072 710539 ImuError.cpp:368] gyr saturation
W20250111 18:32:30.160084 710539 ImuError.cpp:368] gyr saturation
W20250111 18:32:30.160094 710539 ImuError.cpp:368] gyr saturation
W20250111 18:32:30.160106 710539 ImuError.cpp:368] gyr saturation
W20250111 18:32:30.160117 710539 ImuError.cpp:368] gyr saturation
W20250111 18:32:30.160128 710539 ImuError.cpp:368] gyr saturation
W20250111 18:32:30.160140 710539 ImuError.cpp:368] gyr saturation
W20250111 18:32:30.160151 710539 ImuError.cpp:368] gyr saturation
W20250111 18:32:30.160161 710539 ImuError.cpp:368] gyr saturation
W20250111 18:32:30.160172 710539 ImuError.cpp:368] gyr saturation
W20250111 18:32:30.160184 710539 ImuError.cpp:368] gyr saturation
W20250111 18:32:30.160195 710539 ImuError.cpp:368] gyr saturation
W20250111 18:32:30.160207 710539 ImuError.cpp:368] gyr saturation
W20250111 18:32:30.160218 710539 ImuError.cpp:368] gyr saturation
W20250111 18:32:30.160229 710539 ImuError.cpp:368] gyr saturation
W20250111 18:32:30.160240 710539 ImuError.cpp:368] gyr saturation
W20250111 18:32:30.160251 710539 ImuError.cpp:368] gyr saturation
W20250111 18:32:30.160262 710539 ImuError.cpp:368] gyr saturation
W20250111 18:32:30.160274 710539 ImuError.cpp:368] gyr saturation
W20250111 18:32:30.160284 710539 ImuError.cpp:368] gyr saturation
W20250111 18:32:30.160295 710539 ImuError.cpp:368] gyr saturation
W20250111 18:32:30.160307 710539 ImuError.cpp:368] gyr saturation
W20250111 18:32:30.160318 710539 ImuError.cpp:368] gyr saturation
W20250111 18:32:30.160329 710539 ImuError.cpp:368] gyr saturation
W20250111 18:32:30.160339 710539 ImuError.cpp:368] gyr saturation
W20250111 18:32:30.160351 710539 ImuError.cpp:368] gyr saturation
W20250111 18:32:30.177506 909296 ViSlamBackend.cpp:466] TRACKING FAILURE: quality=0
W20250111 18:32:30.177624 909296 ImuError.cpp:165] gyr saturation
W20250111 18:32:30.177644 909296 ImuError.cpp:165] gyr saturation
W20250111 18:32:30.177654 909296 ImuError.cpp:165] gyr saturation
W20250111 18:32:30.177662 909296 ImuError.cpp:165] gyr saturation
W20250111 18:32:30.177671 909296 ImuError.cpp:165] gyr saturation
W20250111 18:32:30.177681 909296 ImuError.cpp:165] gyr saturation
W20250111 18:32:30.177690 909296 ImuError.cpp:165] gyr saturation
W20250111 18:32:30.177699 909296 ImuError.cpp:165] gyr saturation
W20250111 18:32:30.177708 909296 ImuError.cpp:165] gyr saturation
W20250111 18:32:30.177728 909296 ImuError.cpp:165] gyr saturation
W20250111 18:32:30.177738 909296 ImuError.cpp:165] gyr saturation
W20250111 18:32:30.177748 909296 ImuError.cpp:165] gyr saturation
W20250111 18:32:30.177757 909296 ImuError.cpp:165] gyr saturation
W20250111 18:32:30.177767 909296 ImuError.cpp:165] gyr saturation
W20250111 18:32:30.177775 909296 ImuError.cpp:165] gyr saturation
W20250111 18:32:30.177785 909296 ImuError.cpp:165] gyr saturation
W20250111 18:32:30.177793 909296 ImuError.cpp:165] gyr saturation
W20250111 18:32:30.177803 909296 ImuError.cpp:165] gyr saturation
W20250111 18:32:30.177812 909296 ImuError.cpp:165] gyr saturation
W20250111 18:32:30.177821 909296 ImuError.cpp:165] gyr saturation
W20250111 18:32:30.177830 909296 ImuError.cpp:165] gyr saturation
W20250111 18:32:30.177839 909296 ImuError.cpp:165] gyr saturation
W20250111 18:32:30.177848 909296 ImuError.cpp:165] gyr saturation
W20250111 18:32:30.177857 909296 ImuError.cpp:165] gyr saturation
W20250111 18:32:30.177866 909296 ImuError.cpp:165] gyr saturation
W20250111 18:32:30.177875 909296 ImuError.cpp:165] gyr saturation
W20250111 18:32:30.177884 909296 ImuError.cpp:165] gyr saturation
W20250111 18:32:30.177893 909296 ImuError.cpp:165] gyr saturation
W20250111 18:32:30.177902 909296 ImuError.cpp:165] gyr saturation
W20250111 18:32:30.177911 909296 ImuError.cpp:165] gyr saturation
W20250111 18:32:30.177919 909296 ImuError.cpp:165] gyr saturation
W20250111 18:32:30.177928 909296 ImuError.cpp:165] gyr saturation
W20250111 18:32:30.177937 909296 ImuError.cpp:165] gyr saturation
W20250111 18:32:30.177946 909296 ImuError.cpp:165] gyr saturation
W20250111 18:32:30.178004 909296 ImuError.cpp:165] gyr saturation
W20250111 18:32:30.178014 909296 ImuError.cpp:165] gyr saturation
W20250111 18:32:30.178022 909296 ImuError.cpp:165] gyr saturation
W20250111 18:32:30.178031 909296 ImuError.cpp:165] gyr saturation
W20250111 18:32:30.178040 909296 ImuError.cpp:165] gyr saturation
W20250111 18:32:30.178048 909296 ImuError.cpp:165] gyr saturation
W20250111 18:32:30.178057 909296 ImuError.cpp:165] gyr saturation
W20250111 18:32:30.178066 909296 ImuError.cpp:165] gyr saturation
W20250111 18:32:30.178076 909296 ImuError.cpp:165] gyr saturation
W20250111 18:32:30.178083 909296 ImuError.cpp:165] gyr saturation
W20250111 18:32:30.178090 909296 ImuError.cpp:165] gyr saturation
W20250111 18:32:30.178098 909296 ImuError.cpp:165] gyr saturation
W20250111 18:32:30.178107 909296 ImuError.cpp:165] gyr saturation
W20250111 18:32:30.178113 909296 ImuError.cpp:165] gyr saturation
W20250111 18:32:30.178121 909296 ImuError.cpp:165] gyr saturation
W20250111 18:32:30.178128 909296 ImuError.cpp:165] gyr saturation
W20250111 18:32:30.178136 909296 ImuError.cpp:165] gyr saturation
W20250111 18:32:30.178144 909296 ImuError.cpp:165] gyr saturation
W20250111 18:32:30.178153 909296 ImuError.cpp:165] gyr saturation
W20250111 18:32:30.178159 909296 ImuError.cpp:165] gyr saturation
W20250111 18:32:30.178167 909296 ImuError.cpp:165] gyr saturation
W20250111 18:32:30.178175 909296 ImuError.cpp:165] gyr saturation
W20250111 18:32:30.178182 909296 ImuError.cpp:165] gyr saturation
W20250111 18:32:30.178190 909296 ImuError.cpp:165] gyr saturation
W20250111 18:32:30.178198 909296 ImuError.cpp:165] gyr saturation
W20250111 18:32:30.178205 909296 ImuError.cpp:165] gyr saturation
W20250111 18:32:30.178213 909296 ImuError.cpp:165] gyr saturation
W20250111 18:32:30.178220 909296 ImuError.cpp:165] gyr saturation
W20250111 18:32:30.178228 909296 ImuError.cpp:165] gyr saturation
W20250111 18:32:30.178236 909296 ImuError.cpp:165] gyr saturation
W20250111 18:32:30.178243 909296 ImuError.cpp:165] gyr saturation
W20250111 18:32:30.178251 909296 ImuError.cpp:165] gyr saturation
W20250111 18:32:30.178259 909296 ImuError.cpp:165] gyr saturation
W20250111 18:32:30.178267 909296 ImuError.cpp:165] gyr saturation
W20250111 18:32:30.178505 710526 ImuError.cpp:650] gyr saturation
W20250111 18:32:30.178576 710526 ImuError.cpp:650] gyr saturation
W20250111 18:32:30.178583 710526 ImuError.cpp:650] gyr saturation
W20250111 18:32:30.178606 710526 ImuError.cpp:650] gyr saturation
W20250111 18:32:30.178614 710526 ImuError.cpp:650] gyr saturation
W20250111 18:32:30.178620 710526 ImuError.cpp:650] gyr saturation
W20250111 18:32:30.178627 710526 ImuError.cpp:650] gyr saturation
W20250111 18:32:30.178632 710526 ImuError.cpp:650] gyr saturation
W20250111 18:32:30.178637 710526 ImuError.cpp:650] gyr saturation
W20250111 18:32:30.178643 710526 ImuError.cpp:650] gyr saturation
W20250111 18:32:30.178649 710526 ImuError.cpp:650] gyr saturation
W20250111 18:32:30.178655 710526 ImuError.cpp:650] gyr saturation
W20250111 18:32:30.178661 710526 ImuError.cpp:650] gyr saturation
W20250111 18:32:30.178668 710526 ImuError.cpp:650] gyr saturation
W20250111 18:32:30.178676 710526 ImuError.cpp:650] gyr saturation
W20250111 18:32:30.178686 710526 ImuError.cpp:650] gyr saturation
W20250111 18:32:30.178692 710526 ImuError.cpp:650] gyr saturation
W20250111 18:32:30.178699 710526 ImuError.cpp:650] gyr saturation
W20250111 18:32:30.178704 710526 ImuError.cpp:650] gyr saturation
W20250111 18:32:30.178710 710526 ImuError.cpp:650] gyr saturation
W20250111 18:32:30.178716 710526 ImuError.cpp:650] gyr saturation
W20250111 18:32:30.178722 710526 ImuError.cpp:650] gyr saturation
W20250111 18:32:30.178727 710526 ImuError.cpp:650] gyr saturation
W20250111 18:32:30.178735 710526 ImuError.cpp:650] gyr saturation
W20250111 18:32:30.178740 710526 ImuError.cpp:650] gyr saturation
W20250111 18:32:30.178745 710526 ImuError.cpp:650] gyr saturation
W20250111 18:32:30.178751 710526 ImuError.cpp:650] gyr saturation
W20250111 18:32:30.178757 710526 ImuError.cpp:650] gyr saturation
W20250111 18:32:30.178889 710526 ImuError.cpp:650] gyr saturation
W20250111 18:32:30.178896 710526 ImuError.cpp:650] gyr saturation
W20250111 18:32:30.178902 710526 ImuError.cpp:650] gyr saturation
W20250111 18:32:30.178908 710526 ImuError.cpp:650] gyr saturation
W20250111 18:32:30.178915 710526 ImuError.cpp:650] gyr saturation
W20250111 18:32:30.178922 710526 ImuError.cpp:650] gyr saturation
W20250111 18:32:30.178929 710526 ImuError.cpp:650] gyr saturation
W20250111 18:32:30.179000 710526 ImuError.cpp:650] gyr saturation
W20250111 18:32:30.179009 710526 ImuError.cpp:650] gyr saturation
W20250111 18:32:30.179015 710526 ImuError.cpp:650] gyr saturation
W20250111 18:32:30.179023 710526 ImuError.cpp:650] gyr saturation
W20250111 18:32:30.179030 710526 ImuError.cpp:650] gyr saturation
W20250111 18:32:30.179037 710526 ImuError.cpp:650] gyr saturation
W20250111 18:32:30.179044 710526 ImuError.cpp:650] gyr saturation
W20250111 18:32:30.179051 710526 ImuError.cpp:650] gyr saturation
W20250111 18:32:30.179057 710526 ImuError.cpp:650] gyr saturation
W20250111 18:32:30.179064 710526 ImuError.cpp:650] gyr saturation
W20250111 18:32:30.179071 710526 ImuError.cpp:650] gyr saturation
W20250111 18:32:30.179078 710526 ImuError.cpp:650] gyr saturation
W20250111 18:32:30.179085 710526 ImuError.cpp:650] gyr saturation
W20250111 18:32:30.179091 710526 ImuError.cpp:650] gyr saturation
W20250111 18:32:30.179098 710526 ImuError.cpp:650] gyr saturation
W20250111 18:32:30.179105 710526 ImuError.cpp:650] gyr saturation
W20250111 18:32:30.179112 710526 ImuError.cpp:650] gyr saturation
W20250111 18:32:30.179119 710526 ImuError.cpp:650] gyr saturation
W20250111 18:32:30.179126 710526 ImuError.cpp:650] gyr saturation
W20250111 18:32:30.179132 710526 ImuError.cpp:650] gyr saturation
W20250111 18:32:30.179139 710526 ImuError.cpp:650] gyr saturation
W20250111 18:32:30.179147 710526 ImuError.cpp:650] gyr saturation
W20250111 18:32:30.179153 710526 ImuError.cpp:650] gyr saturation
W20250111 18:32:30.179160 710526 ImuError.cpp:650] gyr saturation
W20250111 18:32:30.179167 710526 ImuError.cpp:650] gyr saturation
W20250111 18:32:30.179173 710526 ImuError.cpp:650] gyr saturation
W20250111 18:32:30.179180 710526 ImuError.cpp:650] gyr saturation
W20250111 18:32:30.179188 710526 ImuError.cpp:650] gyr saturation
W20250111 18:32:30.179194 710526 ImuError.cpp:650] gyr saturation
W20250111 18:32:30.179200 710526 ImuError.cpp:650] gyr saturation
W20250111 18:32:30.179212 710526 ImuError.cpp:650] gyr saturation
W20250111 18:32:30.179221 710526 ImuError.cpp:650] gyr saturation
W20250111 18:32:30.179227 710526 ImuError.cpp:650] gyr saturation
W20250111 18:32:30.179234 710526 ImuError.cpp:650] gyr saturation
W20250111 18:32:30.179241 710526 ImuError.cpp:650] gyr saturation
W20250111 18:32:30.180022 710526 Frontend.cpp:615] 3d2d tracking lost. Number of 3d2d-matches: 0
W20250111 18:32:30.180853 710526 ImuError.cpp:650] gyr saturation
W20250111 18:32:30.180886 710526 ImuError.cpp:650] gyr saturation
W20250111 18:32:30.180894 710526 ImuError.cpp:650] gyr saturation
W20250111 18:32:30.180902 710526 ImuError.cpp:650] gyr saturation
W20250111 18:32:30.180908 710526 ImuError.cpp:650] gyr saturation
W20250111 18:32:30.180915 710526 ImuError.cpp:650] gyr saturation
W20250111 18:32:30.180930 710526 ImuError.cpp:650] gyr saturation
W20250111 18:32:30.180938 710526 ImuError.cpp:650] gyr saturation
W20250111 18:32:30.180944 710526 ImuError.cpp:650] gyr saturation
W20250111 18:32:30.180951 710526 ImuError.cpp:650] gyr saturation
W20250111 18:32:30.180960 710526 ImuError.cpp:650] gyr saturation
W20250111 18:32:30.180972 710526 ImuError.cpp:650] gyr saturation
W20250111 18:32:30.180980 710526 ImuError.cpp:650] gyr saturation
W20250111 18:32:30.180999 710526 ImuError.cpp:650] gyr saturation
W20250111 18:32:30.181007 710526 ImuError.cpp:650] gyr saturation
W20250111 18:32:30.181015 710526 ImuError.cpp:650] gyr saturation
W20250111 18:32:30.181021 710526 ImuError.cpp:650] gyr saturation
W20250111 18:32:30.181028 710526 ImuError.cpp:650] gyr saturation
W20250111 18:32:30.181035 710526 ImuError.cpp:650] gyr saturation
W20250111 18:32:30.181042 710526 ImuError.cpp:650] gyr saturation
W20250111 18:32:30.181049 710526 ImuError.cpp:650] gyr saturation
W20250111 18:32:30.181056 710526 ImuError.cpp:650] gyr saturation
W20250111 18:32:30.181063 710526 ImuError.cpp:650] gyr saturation
W20250111 18:32:30.181070 710526 ImuError.cpp:650] gyr saturation
W20250111 18:32:30.181077 710526 ImuError.cpp:650] gyr saturation
W20250111 18:32:30.181084 710526 ImuError.cpp:650] gyr saturation
W20250111 18:32:30.181090 710526 ImuError.cpp:650] gyr saturation
W20250111 18:32:30.181097 710526 ImuError.cpp:650] gyr saturation
W20250111 18:32:30.181104 710526 ImuError.cpp:650] gyr saturation
W20250111 18:32:30.181111 710526 ImuError.cpp:650] gyr saturation
W20250111 18:32:30.181118 710526 ImuError.cpp:650] gyr saturation
W20250111 18:32:30.181125 710526 ImuError.cpp:650] gyr saturation
W20250111 18:32:30.181133 710526 ImuError.cpp:650] gyr saturation
W20250111 18:32:30.181139 710526 ImuError.cpp:650] gyr saturation
W20250111 18:32:30.181146 710526 ImuError.cpp:650] gyr saturation
W20250111 18:32:30.181152 710526 ImuError.cpp:650] gyr saturation
W20250111 18:32:30.181159 710526 ImuError.cpp:650] gyr saturation
W20250111 18:32:30.181166 710526 ImuError.cpp:650] gyr saturation
W20250111 18:32:30.181172 710526 ImuError.cpp:650] gyr saturation
W20250111 18:32:30.181180 710526 ImuError.cpp:650] gyr saturation
W20250111 18:32:30.181186 710526 ImuError.cpp:650] gyr saturation
W20250111 18:32:30.181193 710526 ImuError.cpp:650] gyr saturation
W20250111 18:32:30.181200 710526 ImuError.cpp:650] gyr saturation
W20250111 18:32:30.181207 710526 ImuError.cpp:650] gyr saturation
W20250111 18:32:30.181214 710526 ImuError.cpp:650] gyr saturation
W20250111 18:32:30.181221 710526 ImuError.cpp:650] gyr saturation
W20250111 18:32:30.181228 710526 ImuError.cpp:650] gyr saturation
W20250111 18:32:30.181236 710526 ImuError.cpp:650] gyr saturation
W20250111 18:32:30.181244 710526 ImuError.cpp:650] gyr saturation
W20250111 18:32:30.181252 710526 ImuError.cpp:650] gyr saturation
W20250111 18:32:30.181258 710526 ImuError.cpp:650] gyr saturation
W20250111 18:32:30.181265 710526 ImuError.cpp:650] gyr saturation
W20250111 18:32:30.181272 710526 ImuError.cpp:650] gyr saturation
W20250111 18:32:30.181278 710526 ImuError.cpp:650] gyr saturation
W20250111 18:32:30.181285 710526 ImuError.cpp:650] gyr saturation
W20250111 18:32:30.181293 710526 ImuError.cpp:650] gyr saturation
W20250111 18:32:30.181305 710526 ImuError.cpp:650] gyr saturation
W20250111 18:32:30.181314 710526 ImuError.cpp:650] gyr saturation
W20250111 18:32:30.181321 710526 ImuError.cpp:650] gyr saturation
W20250111 18:32:30.181329 710526 ImuError.cpp:650] gyr saturation
W20250111 18:32:30.181335 710526 ImuError.cpp:650] gyr saturation
W20250111 18:32:30.181342 710526 ImuError.cpp:650] gyr saturation
W20250111 18:32:30.181349 710526 ImuError.cpp:650] gyr saturation
W20250111 18:32:30.181356 710526 ImuError.cpp:650] gyr saturation
W20250111 18:32:30.181363 710526 ImuError.cpp:650] gyr saturation
W20250111 18:32:30.181370 710526 ImuError.cpp:650] gyr saturation
W20250111 18:32:30.181376 710526 ImuError.cpp:650] gyr saturation
W20250111 18:32:30.181383 710526 ImuError.cpp:650] gyr saturation
W20250111 18:32:30.182005 710539 ImuError.cpp:368] gyr saturation
W20250111 18:32:30.182041 710539 ImuError.cpp:368] gyr saturation
W20250111 18:32:30.182051 710539 ImuError.cpp:368] gyr saturation
W20250111 18:32:30.182065 710539 ImuError.cpp:368] gyr saturation
W20250111 18:32:30.182073 710539 ImuError.cpp:368] gyr saturation
W20250111 18:32:30.182081 710539 ImuError.cpp:368] gyr saturation
W20250111 18:32:30.182090 710539 ImuError.cpp:368] gyr saturation
W20250111 18:32:30.182099 710539 ImuError.cpp:368] gyr saturation
W20250111 18:32:30.182108 710539 ImuError.cpp:368] gyr saturation
W20250111 18:32:30.182117 710539 ImuError.cpp:368] gyr saturation
W20250111 18:32:30.182126 710539 ImuError.cpp:368] gyr saturation
W20250111 18:32:30.182134 710539 ImuError.cpp:368] gyr saturation
W20250111 18:32:30.182142 710539 ImuError.cpp:368] gyr saturation
W20250111 18:32:30.182152 710539 ImuError.cpp:368] gyr saturation
W20250111 18:32:30.182160 710539 ImuError.cpp:368] gyr saturation
W20250111 18:32:30.182169 710539 ImuError.cpp:368] gyr saturation
W20250111 18:32:30.182178 710539 ImuError.cpp:368] gyr saturation
W20250111 18:32:30.182185 710539 ImuError.cpp:368] gyr saturation
W20250111 18:32:30.182194 710539 ImuError.cpp:368] gyr saturation
W20250111 18:32:30.182202 710539 ImuError.cpp:368] gyr saturation
W20250111 18:32:30.182211 710539 ImuError.cpp:368] gyr saturation
W20250111 18:32:30.182219 710539 ImuError.cpp:368] gyr saturation
W20250111 18:32:30.182228 710539 ImuError.cpp:368] gyr saturation
W20250111 18:32:30.182236 710539 ImuError.cpp:368] gyr saturation
W20250111 18:32:30.182245 710539 ImuError.cpp:368] gyr saturation
W20250111 18:32:30.182253 710539 ImuError.cpp:368] gyr saturation
W20250111 18:32:30.182262 710539 ImuError.cpp:368] gyr saturation
W20250111 18:32:30.182271 710539 ImuError.cpp:368] gyr saturation
W20250111 18:32:30.182278 710539 ImuError.cpp:368] gyr saturation
W20250111 18:32:30.182287 710539 ImuError.cpp:368] gyr saturation
W20250111 18:32:30.182296 710539 ImuError.cpp:368] gyr saturation
W20250111 18:32:30.182304 710539 ImuError.cpp:368] gyr saturation
W20250111 18:32:30.182312 710539 ImuError.cpp:368] gyr saturation
W20250111 18:32:30.182322 710539 ImuError.cpp:368] gyr saturation
W20250111 18:32:30.182329 710539 ImuError.cpp:368] gyr saturation
W20250111 18:32:30.199627 909322 ViSlamBackend.cpp:466] TRACKING FAILURE: quality=0
W20250111 18:32:30.199760 909322 ImuError.cpp:165] gyr saturation
W20250111 18:32:30.199780 909322 ImuError.cpp:165] gyr saturation
W20250111 18:32:30.199790 909322 ImuError.cpp:165] gyr saturation
W20250111 18:32:30.199798 909322 ImuError.cpp:165] gyr saturation
W20250111 18:32:30.199806 909322 ImuError.cpp:165] gyr saturation
W20250111 18:32:30.199815 909322 ImuError.cpp:165] gyr saturation
W20250111 18:32:30.199823 909322 ImuError.cpp:165] gyr saturation
W20250111 18:32:30.199831 909322 ImuError.cpp:165] gyr saturation
W20250111 18:32:30.199839 909322 ImuError.cpp:165] gyr saturation
W20250111 18:32:30.199847 909322 ImuError.cpp:165] gyr saturation
W20250111 18:32:30.199855 909322 ImuError.cpp:165] gyr saturation
W20250111 18:32:30.199863 909322 ImuError.cpp:165] gyr saturation
W20250111 18:32:30.199872 909322 ImuError.cpp:165] gyr saturation
W20250111 18:32:30.199878 909322 ImuError.cpp:165] gyr saturation
W20250111 18:32:30.199901 909322 ImuError.cpp:165] gyr saturation
W20250111 18:32:30.199910 909322 ImuError.cpp:165] gyr saturation
W20250111 18:32:30.199919 909322 ImuError.cpp:165] gyr saturation
W20250111 18:32:30.199926 909322 ImuError.cpp:165] gyr saturation
W20250111 18:32:30.199934 909322 ImuError.cpp:165] gyr saturation
W20250111 18:32:30.199942 909322 ImuError.cpp:165] gyr saturation
W20250111 18:32:30.199950 909322 ImuError.cpp:165] gyr saturation
W20250111 18:32:30.199959 909322 ImuError.cpp:165] gyr saturation
W20250111 18:32:30.199966 909322 ImuError.cpp:165] gyr saturation
W20250111 18:32:30.199973 909322 ImuError.cpp:165] gyr saturation
W20250111 18:32:30.199981 909322 ImuError.cpp:165] gyr saturation
W20250111 18:32:30.199993 909322 ImuError.cpp:165] gyr saturation
W20250111 18:32:30.200001 909322 ImuError.cpp:165] gyr saturation
W20250111 18:32:30.200009 909322 ImuError.cpp:165] gyr saturation
W20250111 18:32:30.200016 909322 ImuError.cpp:165] gyr saturation
W20250111 18:32:30.200023 909322 ImuError.cpp:165] gyr saturation
W20250111 18:32:30.200031 909322 ImuError.cpp:165] gyr saturation
W20250111 18:32:30.200038 909322 ImuError.cpp:165] gyr saturation
W20250111 18:32:30.200045 909322 ImuError.cpp:165] gyr saturation
W20250111 18:32:30.200053 909322 ImuError.cpp:165] gyr saturation
W20250111 18:32:30.200060 909322 ImuError.cpp:165] gyr saturation
W20250111 18:32:30.200119 909322 ImuError.cpp:165] gyr saturation
W20250111 18:32:30.200127 909322 ImuError.cpp:165] gyr saturation
W20250111 18:32:30.200134 909322 ImuError.cpp:165] gyr saturation
W20250111 18:32:30.200141 909322 ImuError.cpp:165] gyr saturation
W20250111 18:32:30.200150 909322 ImuError.cpp:165] gyr saturation
W20250111 18:32:30.200156 909322 ImuError.cpp:165] gyr saturation
W20250111 18:32:30.200163 909322 ImuError.cpp:165] gyr saturation
W20250111 18:32:30.200170 909322 ImuError.cpp:165] gyr saturation
W20250111 18:32:30.200178 909322 ImuError.cpp:165] gyr saturation
W20250111 18:32:30.200186 909322 ImuError.cpp:165] gyr saturation
W20250111 18:32:30.200192 909322 ImuError.cpp:165] gyr saturation
W20250111 18:32:30.200199 909322 ImuError.cpp:165] gyr saturation
W20250111 18:32:30.200207 909322 ImuError.cpp:165] gyr saturation
W20250111 18:32:30.200214 909322 ImuError.cpp:165] gyr saturation
W20250111 18:32:30.200222 909322 ImuError.cpp:165] gyr saturation
W20250111 18:32:30.200229 909322 ImuError.cpp:165] gyr saturation
W20250111 18:32:30.200237 909322 ImuError.cpp:165] gyr saturation
W20250111 18:32:30.200245 909322 ImuError.cpp:165] gyr saturation
W20250111 18:32:30.200253 909322 ImuError.cpp:165] gyr saturation
W20250111 18:32:30.200261 909322 ImuError.cpp:165] gyr saturation
W20250111 18:32:30.200269 909322 ImuError.cpp:165] gyr saturation
W20250111 18:32:30.200277 909322 ImuError.cpp:165] gyr saturation
W20250111 18:32:30.200284 909322 ImuError.cpp:165] gyr saturation
W20250111 18:32:30.200292 909322 ImuError.cpp:165] gyr saturation
W20250111 18:32:30.200300 909322 ImuError.cpp:165] gyr saturation
W20250111 18:32:30.200307 909322 ImuError.cpp:165] gyr saturation
W20250111 18:32:30.200315 909322 ImuError.cpp:165] gyr saturation
W20250111 18:32:30.200323 909322 ImuError.cpp:165] gyr saturation
W20250111 18:32:30.200330 909322 ImuError.cpp:165] gyr saturation
W20250111 18:32:30.200338 909322 ImuError.cpp:165] gyr saturation
W20250111 18:32:30.200346 909322 ImuError.cpp:165] gyr saturation
W20250111 18:32:30.200353 909322 ImuError.cpp:165] gyr saturation
W20250111 18:32:30.200361 909322 ImuError.cpp:165] gyr saturation
W20250111 18:32:30.200369 909322 ImuError.cpp:165] gyr saturation
W20250111 18:32:30.200376 909322 ImuError.cpp:165] gyr saturation
W20250111 18:32:30.200637 710526 ImuError.cpp:650] gyr saturation
W20250111 18:32:30.200686 710526 ImuError.cpp:650] gyr saturation
W20250111 18:32:30.200692 710526 ImuError.cpp:650] gyr saturation
W20250111 18:32:30.200698 710526 ImuError.cpp:650] gyr saturation
W20250111 18:32:30.200706 710526 ImuError.cpp:650] gyr saturation
W20250111 18:32:30.200711 710526 ImuError.cpp:650] gyr saturation
W20250111 18:32:30.200728 710526 ImuError.cpp:650] gyr saturation
W20250111 18:32:30.200735 710526 ImuError.cpp:650] gyr saturation
W20250111 18:32:30.200740 710526 ImuError.cpp:650] gyr saturation
W20250111 18:32:30.200745 710526 ImuError.cpp:650] gyr saturation
W20250111 18:32:30.200752 710526 ImuError.cpp:650] gyr saturation
W20250111 18:32:30.200757 710526 ImuError.cpp:650] gyr saturation
W20250111 18:32:30.200762 710526 ImuError.cpp:650] gyr saturation
W20250111 18:32:30.200767 710526 ImuError.cpp:650] gyr saturation
W20250111 18:32:30.200773 710526 ImuError.cpp:650] gyr saturation
W20250111 18:32:30.200778 710526 ImuError.cpp:650] gyr saturation
W20250111 18:32:30.200783 710526 ImuError.cpp:650] gyr saturation
W20250111 18:32:30.200788 710526 ImuError.cpp:650] gyr saturation
W20250111 18:32:30.200794 710526 ImuError.cpp:650] gyr saturation
W20250111 18:32:30.200799 710526 ImuError.cpp:650] gyr saturation
W20250111 18:32:30.200805 710526 ImuError.cpp:650] gyr saturation
W20250111 18:32:30.200810 710526 ImuError.cpp:650] gyr saturation
W20250111 18:32:30.200815 710526 ImuError.cpp:650] gyr saturation
W20250111 18:32:30.200820 710526 ImuError.cpp:650] gyr saturation
W20250111 18:32:30.200825 710526 ImuError.cpp:650] gyr saturation
W20250111 18:32:30.200830 710526 ImuError.cpp:650] gyr saturation
W20250111 18:32:30.200835 710526 ImuError.cpp:650] gyr saturation
W20250111 18:32:30.200840 710526 ImuError.cpp:650] gyr saturation
W20250111 18:32:30.200846 710526 ImuError.cpp:650] gyr saturation
W20250111 18:32:30.200851 710526 ImuError.cpp:650] gyr saturation
W20250111 18:32:30.200856 710526 ImuError.cpp:650] gyr saturation
W20250111 18:32:30.200861 710526 ImuError.cpp:650] gyr saturation
W20250111 18:32:30.200866 710526 ImuError.cpp:650] gyr saturation
W20250111 18:32:30.200871 710526 ImuError.cpp:650] gyr saturation
W20250111 18:32:30.200917 710526 ImuError.cpp:650] gyr saturation
W20250111 18:32:30.200922 710526 ImuError.cpp:650] gyr saturation
W20250111 18:32:30.200928 710526 ImuError.cpp:650] gyr saturation
W20250111 18:32:30.200933 710526 ImuError.cpp:650] gyr saturation
W20250111 18:32:30.200938 710526 ImuError.cpp:650] gyr saturation
W20250111 18:32:30.200944 710526 ImuError.cpp:650] gyr saturation
W20250111 18:32:30.200949 710526 ImuError.cpp:650] gyr saturation
W20250111 18:32:30.200954 710526 ImuError.cpp:650] gyr saturation
W20250111 18:32:30.200959 710526 ImuError.cpp:650] gyr saturation
W20250111 18:32:30.200964 710526 ImuError.cpp:650] gyr saturation
W20250111 18:32:30.200969 710526 ImuError.cpp:650] gyr saturation
W20250111 18:32:30.200974 710526 ImuError.cpp:650] gyr saturation
W20250111 18:32:30.200979 710526 ImuError.cpp:650] gyr saturation
W20250111 18:32:30.200984 710526 ImuError.cpp:650] gyr saturation
W20250111 18:32:30.200994 710526 ImuError.cpp:650] gyr saturation
W20250111 18:32:30.201000 710526 ImuError.cpp:650] gyr saturation
W20250111 18:32:30.201005 710526 ImuError.cpp:650] gyr saturation
W20250111 18:32:30.201010 710526 ImuError.cpp:650] gyr saturation
W20250111 18:32:30.201016 710526 ImuError.cpp:650] gyr saturation
W20250111 18:32:30.201021 710526 ImuError.cpp:650] gyr saturation
W20250111 18:32:30.201026 710526 ImuError.cpp:650] gyr saturation
W20250111 18:32:30.201031 710526 ImuError.cpp:650] gyr saturation
W20250111 18:32:30.201037 710526 ImuError.cpp:650] gyr saturation
W20250111 18:32:30.201042 710526 ImuError.cpp:650] gyr saturation
W20250111 18:32:30.201047 710526 ImuError.cpp:650] gyr saturation
W20250111 18:32:30.201052 710526 ImuError.cpp:650] gyr saturation
W20250111 18:32:30.201057 710526 ImuError.cpp:650] gyr saturation
W20250111 18:32:30.201062 710526 ImuError.cpp:650] gyr saturation
W20250111 18:32:30.201068 710526 ImuError.cpp:650] gyr saturation
W20250111 18:32:30.201073 710526 ImuError.cpp:650] gyr saturation
W20250111 18:32:30.201078 710526 ImuError.cpp:650] gyr saturation
W20250111 18:32:30.201083 710526 ImuError.cpp:650] gyr saturation
W20250111 18:32:30.201088 710526 ImuError.cpp:650] gyr saturation
W20250111 18:32:30.201093 710526 ImuError.cpp:650] gyr saturation
W20250111 18:32:30.201710 710526 Frontend.cpp:615] 3d2d tracking lost. Number of 3d2d-matches: 0
W20250111 18:32:30.202562 710526 ImuError.cpp:650] gyr saturation
W20250111 18:32:30.202610 710526 ImuError.cpp:650] gyr saturation
W20250111 18:32:30.202617 710526 ImuError.cpp:650] gyr saturation
W20250111 18:32:30.202625 710526 ImuError.cpp:650] gyr saturation
W20250111 18:32:30.202631 710526 ImuError.cpp:650] gyr saturation
W20250111 18:32:30.202637 710526 ImuError.cpp:650] gyr saturation
W20250111 18:32:30.202643 710526 ImuError.cpp:650] gyr saturation
W20250111 18:32:30.202649 710526 ImuError.cpp:650] gyr saturation
W20250111 18:32:30.202656 710526 ImuError.cpp:650] gyr saturation
W20250111 18:32:30.202661 710526 ImuError.cpp:650] gyr saturation
W20250111 18:32:30.202675 710526 ImuError.cpp:650] gyr saturation
W20250111 18:32:30.202682 710526 ImuError.cpp:650] gyr saturation
W20250111 18:32:30.202687 710526 ImuError.cpp:650] gyr saturation
W20250111 18:32:30.202694 710526 ImuError.cpp:650] gyr saturation
W20250111 18:32:30.202700 710526 ImuError.cpp:650] gyr saturation
W20250111 18:32:30.202706 710526 ImuError.cpp:650] gyr saturation
W20250111 18:32:30.202711 710526 ImuError.cpp:650] gyr saturation
W20250111 18:32:30.202718 710526 ImuError.cpp:650] gyr saturation
W20250111 18:32:30.202724 710526 ImuError.cpp:650] gyr saturation
W20250111 18:32:30.202730 710526 ImuError.cpp:650] gyr saturation
W20250111 18:32:30.202736 710526 ImuError.cpp:650] gyr saturation
W20250111 18:32:30.202742 710526 ImuError.cpp:650] gyr saturation
W20250111 18:32:30.202749 710526 ImuError.cpp:650] gyr saturation
W20250111 18:32:30.202754 710526 ImuError.cpp:650] gyr saturation
W20250111 18:32:30.202759 710526 ImuError.cpp:650] gyr saturation
W20250111 18:32:30.202765 710526 ImuError.cpp:650] gyr saturation
W20250111 18:32:30.202771 710526 ImuError.cpp:650] gyr saturation
W20250111 18:32:30.202777 710526 ImuError.cpp:650] gyr saturation
W20250111 18:32:30.202783 710526 ImuError.cpp:650] gyr saturation
W20250111 18:32:30.202790 710526 ImuError.cpp:650] gyr saturation
W20250111 18:32:30.202795 710526 ImuError.cpp:650] gyr saturation
W20250111 18:32:30.202801 710526 ImuError.cpp:650] gyr saturation
W20250111 18:32:30.202807 710526 ImuError.cpp:650] gyr saturation
W20250111 18:32:30.202813 710526 ImuError.cpp:650] gyr saturation
W20250111 18:32:30.202819 710526 ImuError.cpp:650] gyr saturation
W20250111 18:32:30.202826 710526 ImuError.cpp:650] gyr saturation
W20250111 18:32:30.202832 710526 ImuError.cpp:650] gyr saturation
W20250111 18:32:30.202839 710526 ImuError.cpp:650] gyr saturation
W20250111 18:32:30.202845 710526 ImuError.cpp:650] gyr saturation
W20250111 18:32:30.202850 710526 ImuError.cpp:650] gyr saturation
W20250111 18:32:30.202857 710526 ImuError.cpp:650] gyr saturation
W20250111 18:32:30.202862 710526 ImuError.cpp:650] gyr saturation
W20250111 18:32:30.202867 710526 ImuError.cpp:650] gyr saturation
W20250111 18:32:30.202873 710526 ImuError.cpp:650] gyr saturation
W20250111 18:32:30.202879 710526 ImuError.cpp:650] gyr saturation
W20250111 18:32:30.202885 710526 ImuError.cpp:650] gyr saturation
W20250111 18:32:30.202891 710526 ImuError.cpp:650] gyr saturation
W20250111 18:32:30.202898 710526 ImuError.cpp:650] gyr saturation
W20250111 18:32:30.202903 710526 ImuError.cpp:650] gyr saturation
W20250111 18:32:30.203651 909348 ImuError.cpp:368] gyr saturation
W20250111 18:32:30.203701 909348 ImuError.cpp:368] gyr saturation
W20250111 18:32:30.203711 909348 ImuError.cpp:368] gyr saturation
W20250111 18:32:30.203719 909348 ImuError.cpp:368] gyr saturation
W20250111 18:32:30.203728 909348 ImuError.cpp:368] gyr saturation
W20250111 18:32:30.203737 909348 ImuError.cpp:368] gyr saturation
W20250111 18:32:30.203747 909348 ImuError.cpp:368] gyr saturation
W20250111 18:32:30.203755 909348 ImuError.cpp:368] gyr saturation
W20250111 18:32:30.203765 909348 ImuError.cpp:368] gyr saturation
W20250111 18:32:30.203773 909348 ImuError.cpp:368] gyr saturation
W20250111 18:32:30.203783 909348 ImuError.cpp:368] gyr saturation
W20250111 18:32:30.203799 909348 ImuError.cpp:368] gyr saturation
W20250111 18:32:30.203809 909348 ImuError.cpp:368] gyr saturation
W20250111 18:32:30.203816 909348 ImuError.cpp:368] gyr saturation
W20250111 18:32:30.203824 909348 ImuError.cpp:368] gyr saturation
W20250111 18:32:30.203832 909348 ImuError.cpp:368] gyr saturation
W20250111 18:32:30.203840 909348 ImuError.cpp:368] gyr saturation
W20250111 18:32:30.203848 909348 ImuError.cpp:368] gyr saturation
W20250111 18:32:30.203858 909348 ImuError.cpp:368] gyr saturation
W20250111 18:32:30.203867 909348 ImuError.cpp:368] gyr saturation
W20250111 18:32:30.203876 909348 ImuError.cpp:368] gyr saturation
W20250111 18:32:30.203884 909348 ImuError.cpp:368] gyr saturation
W20250111 18:32:30.203892 909348 ImuError.cpp:368] gyr saturation
W20250111 18:32:30.203902 909348 ImuError.cpp:368] gyr saturation
W20250111 18:32:30.203910 909348 ImuError.cpp:368] gyr saturation
W20250111 18:32:30.203918 909348 ImuError.cpp:368] gyr saturation
W20250111 18:32:30.203927 909348 ImuError.cpp:368] gyr saturation
W20250111 18:32:30.203935 909348 ImuError.cpp:368] gyr saturation
W20250111 18:32:30.203943 909348 ImuError.cpp:368] gyr saturation
W20250111 18:32:30.203951 909348 ImuError.cpp:368] gyr saturation
W20250111 18:32:30.203960 909348 ImuError.cpp:368] gyr saturation
W20250111 18:32:30.203969 909348 ImuError.cpp:368] gyr saturation
W20250111 18:32:30.203977 909348 ImuError.cpp:368] gyr saturation
W20250111 18:32:30.203985 909348 ImuError.cpp:368] gyr saturation
W20250111 18:32:30.235446 909348 ViSlamBackend.cpp:466] TRACKING FAILURE: quality=0
W20250111 18:32:30.236279 710526 ImuError.cpp:650] gyr saturation
W20250111 18:32:30.236299 710526 ImuError.cpp:650] gyr saturation
W20250111 18:32:30.236310 710526 ImuError.cpp:650] gyr saturation
W20250111 18:32:30.236315 710526 ImuError.cpp:650] gyr saturation
W20250111 18:32:30.236317 710526 ImuError.cpp:650] gyr saturation
W20250111 18:32:30.236326 710526 ImuError.cpp:650] gyr saturation
W20250111 18:32:30.236330 710526 ImuError.cpp:650] gyr saturation
W20250111 18:32:30.236335 710526 ImuError.cpp:650] gyr saturation
W20250111 18:32:30.236341 710526 ImuError.cpp:650] gyr saturation
W20250111 18:32:30.236346 710526 ImuError.cpp:650] gyr saturation
W20250111 18:32:30.236349 710526 ImuError.cpp:650] gyr saturation
W20250111 18:32:30.236353 710526 ImuError.cpp:650] gyr saturation
W20250111 18:32:30.236359 710526 ImuError.cpp:650] gyr saturation
W20250111 18:32:30.236364 710526 ImuError.cpp:650] gyr saturation
W20250111 18:32:30.236368 710526 ImuError.cpp:650] gyr saturation
W20250111 18:32:30.236371 710526 ImuError.cpp:650] gyr saturation
W20250111 18:32:30.236481 710526 ImuError.cpp:650] gyr saturation
W20250111 18:32:30.236490 710526 ImuError.cpp:650] gyr saturation
W20250111 18:32:30.236492 710526 ImuError.cpp:650] gyr saturation
W20250111 18:32:30.236496 710526 ImuError.cpp:650] gyr saturation
W20250111 18:32:30.236500 710526 ImuError.cpp:650] gyr saturation
W20250111 18:32:30.236505 710526 ImuError.cpp:650] gyr saturation
W20250111 18:32:30.236508 710526 ImuError.cpp:650] gyr saturation
W20250111 18:32:30.236511 710526 ImuError.cpp:650] gyr saturation
W20250111 18:32:30.236518 710526 ImuError.cpp:650] gyr saturation
W20250111 18:32:30.236523 710526 ImuError.cpp:650] gyr saturation
W20250111 18:32:30.236527 710526 ImuError.cpp:650] gyr saturation
W20250111 18:32:30.236532 710526 ImuError.cpp:650] gyr saturation
W20250111 18:32:30.236537 710526 ImuError.cpp:650] gyr saturation
W20250111 18:32:30.236542 710526 ImuError.cpp:650] gyr saturation
W20250111 18:32:30.236546 710526 ImuError.cpp:650] gyr saturation
W20250111 18:32:30.236552 710526 ImuError.cpp:650] gyr saturation
W20250111 18:32:30.237077 710526 Frontend.cpp:615] 3d2d tracking lost. Number of 3d2d-matches: 1
W20250111 18:32:30.237959 710526 ImuError.cpp:650] gyr saturation
W20250111 18:32:30.237972 710526 ImuError.cpp:650] gyr saturation
W20250111 18:32:30.237974 710526 ImuError.cpp:650] gyr saturation
W20250111 18:32:30.237977 710526 ImuError.cpp:650] gyr saturation
W20250111 18:32:30.237982 710526 ImuError.cpp:650] gyr saturation
W20250111 18:32:30.237998 710526 ImuError.cpp:650] gyr saturation
W20250111 18:32:30.238003 710526 ImuError.cpp:650] gyr saturation
W20250111 18:32:30.238008 710526 ImuError.cpp:650] gyr saturation
W20250111 18:32:30.238013 710526 ImuError.cpp:650] gyr saturation
W20250111 18:32:30.238016 710526 ImuError.cpp:650] gyr saturation
W20250111 18:32:30.238020 710526 ImuError.cpp:650] gyr saturation
W20250111 18:32:30.238025 710526 ImuError.cpp:650] gyr saturation
W20250111 18:32:30.238030 710526 ImuError.cpp:650] gyr saturation
W20250111 18:32:30.238034 710526 ImuError.cpp:650] gyr saturation
W20250111 18:32:30.238039 710526 ImuError.cpp:650] gyr saturation
W20250111 18:32:30.238041 710526 ImuError.cpp:650] gyr saturation
W20250111 18:32:30.240345 909382 ImuError.cpp:368] gyr saturation
W20250111 18:32:30.240432 909382 ImuError.cpp:368] gyr saturation
W20250111 18:32:30.240450 909382 ImuError.cpp:368] gyr saturation
W20250111 18:32:30.240466 909382 ImuError.cpp:368] gyr saturation
W20250111 18:32:30.240480 909382 ImuError.cpp:368] gyr saturation
W20250111 18:32:30.240492 909382 ImuError.cpp:368] gyr saturation
W20250111 18:32:30.240507 909382 ImuError.cpp:368] gyr saturation
W20250111 18:32:30.240520 909382 ImuError.cpp:368] gyr saturation
W20250111 18:32:30.240535 909382 ImuError.cpp:368] gyr saturation
W20250111 18:32:30.240548 909382 ImuError.cpp:368] gyr saturation
W20250111 18:32:30.240562 909382 ImuError.cpp:368] gyr saturation
W20250111 18:32:30.240576 909382 ImuError.cpp:368] gyr saturation
W20250111 18:32:30.240589 909382 ImuError.cpp:368] gyr saturation
W20250111 18:32:30.240603 909382 ImuError.cpp:368] gyr saturation
W20250111 18:32:30.240615 909382 ImuError.cpp:368] gyr saturation
W20250111 18:32:30.240629 909382 ImuError.cpp:368] gyr saturation
W20250111 18:32:30.276768 909382 ViSlamBackend.cpp:466] TRACKING FAILURE: quality=0
W20250111 18:32:30.280421 710526 Frontend.cpp:612] 3d2d tracking weak: quality=0. Number of 3d2d-matches: 4
I20250111 18:32:30.804311 710526 okvis_app_synchronous.cpp:210] OKVIS Timing
-----------
1 DetectAndDescribe                	   3241	00:00:06.194201	(00:00:00.001911 +- 00:00:00.000349)	[00:00:00.000953,00:00:00.003588]
2 Match                            	   3241	00:00:21.177112	(00:00:00.006534 +- 00:00:00.002469)	[00:00:00.000197,00:00:00.015718]
2.01 match to map                  	   3240	00:00:15.202519	(00:00:00.004692 +- 00:00:00.002054)	[00:00:00.000053,00:00:00.013730]
2.02 match motion stereo           	   3240	00:00:04.218770	(00:00:00.001302 +- 00:00:00.000436)	[00:00:00.000053,00:00:00.004424]
2.02.1 match motion stereo: prepare	   3240	00:00:00.944473	(00:00:00.000292 +- 00:00:00.000114)	[00:00:00.000001,00:00:00.000779]
2.10 match stereo                  	    872	00:00:00.032775	(00:00:00.000038 +- 00:00:00.000047)	[00:00:00.000001,00:00:00.000428]
3 Optimise                         	   3240	00:00:51.046406	(00:00:00.015755 +- 00:00:00.009425)	[00:00:00.001187,00:00:00.090674]
4 Prepare publishing               	   3240	00:00:02.618077	(00:00:00.000808 +- 00:00:00.000333)	[00:00:00.000037,00:00:00.002241]
6 Visualising                      	   3240	00:00:00.000588	(00:00:00.000000 +- 00:00:00.000000)	[00:00:00.000000,00:00:00.000001]
7 Marginalise                      	   3240	00:00:05.699005	(00:00:00.001759 +- 00:00:00.000805)	[00:00:00.000006,00:00:00.006724]
7.1 check/handle lost              	   3240	00:00:00.096535	(00:00:00.000030 +- 00:00:00.000020)	[00:00:00.000000,00:00:00.000202]
7.2 eliminate IMU frames           	   3240	00:00:02.471067	(00:00:00.000763 +- 00:00:00.000548)	[00:00:00.000000,00:00:00.002857]
7.3 convert to posegraph           	   1151	00:00:00.904873	(00:00:00.000786 +- 00:00:00.000457)	[00:00:00.000123,00:00:00.004117]
7.4 freezing                       	   3239	00:00:00.003550	(00:00:00.000001 +- 00:00:00.000002)	[00:00:00.000000,00:00:00.000018]
7.6 expand                         	   3205	00:00:00.723588	(00:00:00.000226 +- 00:00:00.000137)	[00:00:00.000022,00:00:00.001899]
7.7 prune place recognition frames 	   3239	00:00:00.723234	(00:00:00.000223 +- 00:00:00.000125)	[00:00:00.000003,00:00:00.000882]
I20250111 18:32:30.804435 710526 okvis_app_synchronous.cpp:219] Progress: 60% (0.5 [1%/s], ETA: 80s)
I20250111 18:32:31.255563 710526 Frontend.cpp:2274] RANSAC FAIL: 57 inliers, ratio = 0.695122
I20250111 18:32:31.497280 710526 Frontend.cpp:2274] RANSAC FAIL: 9 inliers, ratio = 0.9
I20250111 18:32:32.609273 710526 Frontend.cpp:2274] RANSAC FAIL: 48 inliers, ratio = 0.695652
I20250111 18:32:32.675207 710526 Frontend.cpp:2274] RANSAC FAIL: 57 inliers, ratio = 0.686747
I20250111 18:32:32.707719 710526 Frontend.cpp:2274] RANSAC FAIL: 57 inliers, ratio = 0.670588
I20250111 18:32:32.740556 710526 Frontend.cpp:2274] RANSAC FAIL: 44 inliers, ratio = 0.536585
I20250111 18:32:33.048087 710526 okvis_app_synchronous.cpp:210] OKVIS Timing
-----------
1 DetectAndDescribe                	   3295	00:00:06.296072	(00:00:00.001911 +- 00:00:00.000348)	[00:00:00.000953,00:00:00.003588]
2 Match                            	   3295	00:00:21.741963	(00:00:00.006598 +- 00:00:00.002519)	[00:00:00.000197,00:00:00.015718]
2.01 match to map                  	   3294	00:00:15.654266	(00:00:00.004752 +- 00:00:00.002109)	[00:00:00.000053,00:00:00.013730]
2.02 match motion stereo           	   3294	00:00:04.299816	(00:00:00.001305 +- 00:00:00.000435)	[00:00:00.000053,00:00:00.004424]
2.02.1 match motion stereo: prepare	   3294	00:00:00.962139	(00:00:00.000292 +- 00:00:00.000113)	[00:00:00.000001,00:00:00.000779]
2.10 match stereo                  	    891	00:00:00.033970	(00:00:00.000038 +- 00:00:00.000047)	[00:00:00.000001,00:00:00.000428]
3 Optimise                         	   3294	00:00:52.571650	(00:00:00.015960 +- 00:00:00.009567)	[00:00:00.001187,00:00:00.090674]
4 Prepare publishing               	   3294	00:00:02.667573	(00:00:00.000810 +- 00:00:00.000333)	[00:00:00.000037,00:00:00.002241]
6 Visualising                      	   3294	00:00:00.000596	(00:00:00.000000 +- 00:00:00.000000)	[00:00:00.000000,00:00:00.000001]
7 Marginalise                      	   3294	00:00:05.793166	(00:00:00.001759 +- 00:00:00.000803)	[00:00:00.000006,00:00:00.006724]
7.1 check/handle lost              	   3294	00:00:00.097954	(00:00:00.000030 +- 00:00:00.000020)	[00:00:00.000000,00:00:00.000202]
7.2 eliminate IMU frames           	   3294	00:00:02.510339	(00:00:00.000762 +- 00:00:00.000548)	[00:00:00.000000,00:00:00.002857]
7.3 convert to posegraph           	   1169	00:00:00.918565	(00:00:00.000786 +- 00:00:00.000455)	[00:00:00.000123,00:00:00.004117]
7.4 freezing                       	   3293	00:00:00.003649	(00:00:00.000001 +- 00:00:00.000002)	[00:00:00.000000,00:00:00.000018]
7.6 expand                         	   3259	00:00:00.735880	(00:00:00.000226 +- 00:00:00.000136)	[00:00:00.000022,00:00:00.001899]
7.7 prune place recognition frames 	   3293	00:00:00.736630	(00:00:00.000224 +- 00:00:00.000124)	[00:00:00.000003,00:00:00.000882]
I20250111 18:32:33.048233 710526 okvis_app_synchronous.cpp:219] Progress: 61% (0.5 [1%/s], ETA: 78s)
I20250111 18:32:34.833564 710526 okvis_app_synchronous.cpp:210] OKVIS Timing
-----------
1 DetectAndDescribe                	   3349	00:00:06.406585	(00:00:00.001913 +- 00:00:00.000347)	[00:00:00.000953,00:00:00.003588]
2 Match                            	   3349	00:00:22.491440	(00:00:00.006716 +- 00:00:00.002665)	[00:00:00.000197,00:00:00.016206]
2.01 match to map                  	   3348	00:00:16.279751	(00:00:00.004863 +- 00:00:00.002265)	[00:00:00.000053,00:00:00.013730]
2.02 match motion stereo           	   3348	00:00:04.382204	(00:00:00.001309 +- 00:00:00.000433)	[00:00:00.000053,00:00:00.004424]
2.02.1 match motion stereo: prepare	   3348	00:00:00.985637	(00:00:00.000294 +- 00:00:00.000114)	[00:00:00.000001,00:00:00.000779]
2.10 match stereo                  	    894	00:00:00.034414	(00:00:00.000038 +- 00:00:00.000047)	[00:00:00.000001,00:00:00.000428]
3 Optimise                         	   3348	00:00:53.420560	(00:00:00.015956 +- 00:00:00.009497)	[00:00:00.001187,00:00:00.090674]
4 Prepare publishing               	   3348	00:00:02.724656	(00:00:00.000814 +- 00:00:00.000333)	[00:00:00.000037,00:00:00.002241]
6 Visualising                      	   3348	00:00:00.000604	(00:00:00.000000 +- 00:00:00.000000)	[00:00:00.000000,00:00:00.000001]
7 Marginalise                      	   3348	00:00:05.915816	(00:00:00.001767 +- 00:00:00.000802)	[00:00:00.000006,00:00:00.006724]
7.1 check/handle lost              	   3348	00:00:00.100000	(00:00:00.000030 +- 00:00:00.000020)	[00:00:00.000000,00:00:00.000202]
7.2 eliminate IMU frames           	   3348	00:00:02.570878	(00:00:00.000768 +- 00:00:00.000548)	[00:00:00.000000,00:00:00.002857]
7.3 convert to posegraph           	   1173	00:00:00.923663	(00:00:00.000787 +- 00:00:00.000456)	[00:00:00.000123,00:00:00.004117]
7.4 freezing                       	   3347	00:00:00.003670	(00:00:00.000001 +- 00:00:00.000002)	[00:00:00.000000,00:00:00.000018]
7.6 expand                         	   3313	00:00:00.752552	(00:00:00.000227 +- 00:00:00.000136)	[00:00:00.000022,00:00:00.001899]
7.7 prune place recognition frames 	   3347	00:00:00.756938	(00:00:00.000226 +- 00:00:00.000125)	[00:00:00.000003,00:00:00.000882]
I20250111 18:32:34.833717 710526 okvis_app_synchronous.cpp:219] Progress: 62% (1 [1%/s], ETA: 38s)
I20250111 18:32:35.404659 710526 Frontend.cpp:2274] RANSAC FAIL: 55 inliers, ratio = 0.617978
I20250111 18:32:35.837167 710526 Frontend.cpp:2274] RANSAC FAIL: 20 inliers, ratio = 0.606061
I20250111 18:32:36.357621 710526 okvis_app_synchronous.cpp:210] OKVIS Timing
-----------
1 DetectAndDescribe                	   3403	00:00:06.507824	(00:00:00.001912 +- 00:00:00.000344)	[00:00:00.000953,00:00:00.003588]
2 Match                            	   3403	00:00:23.137383	(00:00:00.006799 +- 00:00:00.002730)	[00:00:00.000197,00:00:00.016206]
2.01 match to map                  	   3402	00:00:16.798898	(00:00:00.004938 +- 00:00:00.002328)	[00:00:00.000053,00:00:00.013730]
2.02 match motion stereo           	   3402	00:00:04.473802	(00:00:00.001315 +- 00:00:00.000435)	[00:00:00.000053,00:00:00.004424]
2.02.1 match motion stereo: prepare	   3402	00:00:01.005764	(00:00:00.000296 +- 00:00:00.000114)	[00:00:00.000001,00:00:00.000779]
2.10 match stereo                  	    919	00:00:00.035099	(00:00:00.000038 +- 00:00:00.000047)	[00:00:00.000001,00:00:00.000428]
3 Optimise                         	   3402	00:00:54.146341	(00:00:00.015916 +- 00:00:00.009432)	[00:00:00.001187,00:00:00.090674]
4 Prepare publishing               	   3402	00:00:02.771261	(00:00:00.000815 +- 00:00:00.000332)	[00:00:00.000037,00:00:00.002241]
6 Visualising                      	   3402	00:00:00.000614	(00:00:00.000000 +- 00:00:00.000000)	[00:00:00.000000,00:00:00.000001]
7 Marginalise                      	   3402	00:00:06.013987	(00:00:00.001768 +- 00:00:00.000799)	[00:00:00.000006,00:00:00.006724]
7.1 check/handle lost              	   3402	00:00:00.101346	(00:00:00.000030 +- 00:00:00.000019)	[00:00:00.000000,00:00:00.000202]
7.2 eliminate IMU frames           	   3402	00:00:02.599136	(00:00:00.000764 +- 00:00:00.000549)	[00:00:00.000000,00:00:00.002857]
7.3 convert to posegraph           	   1198	00:00:00.950670	(00:00:00.000794 +- 00:00:00.000456)	[00:00:00.000123,00:00:00.004117]
7.4 freezing                       	   3401	00:00:00.003737	(00:00:00.000001 +- 00:00:00.000002)	[00:00:00.000000,00:00:00.000018]
7.6 expand                         	   3367	00:00:00.765955	(00:00:00.000227 +- 00:00:00.000135)	[00:00:00.000022,00:00:00.001899]
7.7 prune place recognition frames 	   3401	00:00:00.769963	(00:00:00.000226 +- 00:00:00.000125)	[00:00:00.000003,00:00:00.000882]
I20250111 18:32:36.357738 710526 okvis_app_synchronous.cpp:219] Progress: 63% (1 [1%/s], ETA: 37s)
W20250111 18:32:36.407068 710526 ImuError.cpp:650] gyr saturation
W20250111 18:32:36.407133 710526 ImuError.cpp:650] gyr saturation
W20250111 18:32:36.407143 710526 ImuError.cpp:650] gyr saturation
W20250111 18:32:36.407150 710526 ImuError.cpp:650] gyr saturation
W20250111 18:32:36.407157 710526 ImuError.cpp:650] gyr saturation
W20250111 18:32:36.407163 710526 ImuError.cpp:650] gyr saturation
W20250111 18:32:36.407182 710526 ImuError.cpp:650] gyr saturation
W20250111 18:32:36.407188 710526 ImuError.cpp:650] gyr saturation
W20250111 18:32:36.407194 710526 ImuError.cpp:650] gyr saturation
W20250111 18:32:36.407199 710526 ImuError.cpp:650] gyr saturation
W20250111 18:32:36.407205 710526 ImuError.cpp:650] gyr saturation
W20250111 18:32:36.407210 710526 ImuError.cpp:650] gyr saturation
W20250111 18:32:36.407215 710526 ImuError.cpp:650] gyr saturation
W20250111 18:32:36.407220 710526 ImuError.cpp:650] gyr saturation
W20250111 18:32:36.407225 710526 ImuError.cpp:650] gyr saturation
W20250111 18:32:36.407230 710526 ImuError.cpp:650] gyr saturation
W20250111 18:32:36.407236 710526 ImuError.cpp:650] gyr saturation
W20250111 18:32:36.407241 710526 ImuError.cpp:650] gyr saturation
W20250111 18:32:36.407246 710526 ImuError.cpp:650] gyr saturation
W20250111 18:32:36.407253 710526 ImuError.cpp:650] gyr saturation
W20250111 18:32:36.407258 710526 ImuError.cpp:650] gyr saturation
W20250111 18:32:36.407263 710526 ImuError.cpp:650] gyr saturation
W20250111 18:32:36.407267 710526 ImuError.cpp:650] gyr saturation
W20250111 18:32:36.407274 710526 ImuError.cpp:650] gyr saturation
W20250111 18:32:36.407279 710526 ImuError.cpp:650] gyr saturation
W20250111 18:32:36.407284 710526 ImuError.cpp:650] gyr saturation
W20250111 18:32:36.407289 710526 ImuError.cpp:650] gyr saturation
W20250111 18:32:36.407294 710526 ImuError.cpp:650] gyr saturation
W20250111 18:32:36.407299 710526 ImuError.cpp:650] gyr saturation
W20250111 18:32:36.407305 710526 ImuError.cpp:650] gyr saturation
W20250111 18:32:36.407310 710526 ImuError.cpp:650] gyr saturation
W20250111 18:32:36.407315 710526 ImuError.cpp:650] gyr saturation
W20250111 18:32:36.407320 710526 ImuError.cpp:650] gyr saturation
W20250111 18:32:36.429580 710526 ImuError.cpp:650] gyr saturation
W20250111 18:32:36.429664 710526 ImuError.cpp:650] gyr saturation
W20250111 18:32:36.429672 710526 ImuError.cpp:650] gyr saturation
W20250111 18:32:36.429683 710526 ImuError.cpp:650] gyr saturation
W20250111 18:32:36.429687 710526 ImuError.cpp:650] gyr saturation
W20250111 18:32:36.429697 710526 ImuError.cpp:650] gyr saturation
W20250111 18:32:36.429703 710526 ImuError.cpp:650] gyr saturation
W20250111 18:32:36.429710 710526 ImuError.cpp:650] gyr saturation
W20250111 18:32:36.429716 710526 ImuError.cpp:650] gyr saturation
W20250111 18:32:36.429721 710526 ImuError.cpp:650] gyr saturation
W20250111 18:32:36.429726 710526 ImuError.cpp:650] gyr saturation
W20250111 18:32:36.429740 710526 ImuError.cpp:650] gyr saturation
W20250111 18:32:36.429747 710526 ImuError.cpp:650] gyr saturation
W20250111 18:32:36.429754 710526 ImuError.cpp:650] gyr saturation
W20250111 18:32:36.429759 710526 ImuError.cpp:650] gyr saturation
W20250111 18:32:36.429765 710526 ImuError.cpp:650] gyr saturation
W20250111 18:32:36.429771 710526 ImuError.cpp:650] gyr saturation
W20250111 18:32:36.429777 710526 ImuError.cpp:650] gyr saturation
W20250111 18:32:36.429782 710526 ImuError.cpp:650] gyr saturation
W20250111 18:32:36.429788 710526 ImuError.cpp:650] gyr saturation
W20250111 18:32:36.429795 710526 ImuError.cpp:650] gyr saturation
W20250111 18:32:36.429801 710526 ImuError.cpp:650] gyr saturation
W20250111 18:32:36.429807 710526 ImuError.cpp:650] gyr saturation
W20250111 18:32:36.429814 710526 ImuError.cpp:650] gyr saturation
W20250111 18:32:36.429819 710526 ImuError.cpp:650] gyr saturation
W20250111 18:32:36.429826 710526 ImuError.cpp:650] gyr saturation
W20250111 18:32:36.429832 710526 ImuError.cpp:650] gyr saturation
W20250111 18:32:36.429838 710526 ImuError.cpp:650] gyr saturation
W20250111 18:32:36.429844 710526 ImuError.cpp:650] gyr saturation
W20250111 18:32:36.429850 710526 ImuError.cpp:650] gyr saturation
W20250111 18:32:36.429857 710526 ImuError.cpp:650] gyr saturation
W20250111 18:32:36.429862 710526 ImuError.cpp:650] gyr saturation
W20250111 18:32:36.429868 710526 ImuError.cpp:650] gyr saturation
W20250111 18:32:36.430001 710526 ImuError.cpp:650] gyr saturation
W20250111 18:32:36.430011 710526 ImuError.cpp:650] gyr saturation
W20250111 18:32:36.430022 710526 ImuError.cpp:650] gyr saturation
W20250111 18:32:36.430028 710526 ImuError.cpp:650] gyr saturation
W20250111 18:32:36.430035 710526 ImuError.cpp:650] gyr saturation
W20250111 18:32:36.430042 710526 ImuError.cpp:650] gyr saturation
W20250111 18:32:36.430047 710526 ImuError.cpp:650] gyr saturation
W20250111 18:32:36.430053 710526 ImuError.cpp:650] gyr saturation
W20250111 18:32:36.430060 710526 ImuError.cpp:650] gyr saturation
W20250111 18:32:36.430066 710526 ImuError.cpp:650] gyr saturation
W20250111 18:32:36.430073 710526 ImuError.cpp:650] gyr saturation
W20250111 18:32:36.430078 710526 ImuError.cpp:650] gyr saturation
W20250111 18:32:36.430084 710526 ImuError.cpp:650] gyr saturation
W20250111 18:32:36.430094 710526 ImuError.cpp:650] gyr saturation
W20250111 18:32:36.430100 710526 ImuError.cpp:650] gyr saturation
W20250111 18:32:36.430109 710526 ImuError.cpp:650] gyr saturation
W20250111 18:32:36.430115 710526 ImuError.cpp:650] gyr saturation
W20250111 18:32:36.430121 710526 ImuError.cpp:650] gyr saturation
W20250111 18:32:36.430127 710526 ImuError.cpp:650] gyr saturation
W20250111 18:32:36.430133 710526 ImuError.cpp:650] gyr saturation
W20250111 18:32:36.430140 710526 ImuError.cpp:650] gyr saturation
W20250111 18:32:36.430145 710526 ImuError.cpp:650] gyr saturation
W20250111 18:32:36.430152 710526 ImuError.cpp:650] gyr saturation
W20250111 18:32:36.430158 710526 ImuError.cpp:650] gyr saturation
W20250111 18:32:36.430163 710526 ImuError.cpp:650] gyr saturation
W20250111 18:32:36.430171 710526 ImuError.cpp:650] gyr saturation
W20250111 18:32:36.430176 710526 ImuError.cpp:650] gyr saturation
W20250111 18:32:36.430181 710526 ImuError.cpp:650] gyr saturation
W20250111 18:32:36.430188 710526 ImuError.cpp:650] gyr saturation
W20250111 18:32:36.430195 710526 ImuError.cpp:650] gyr saturation
W20250111 18:32:36.430202 710526 ImuError.cpp:650] gyr saturation
W20250111 18:32:36.430207 710526 ImuError.cpp:650] gyr saturation
W20250111 18:32:36.430212 710526 ImuError.cpp:650] gyr saturation
W20250111 18:32:36.434177 710539 ImuError.cpp:368] gyr saturation
W20250111 18:32:36.434222 710539 ImuError.cpp:368] gyr saturation
W20250111 18:32:36.434232 710539 ImuError.cpp:368] gyr saturation
W20250111 18:32:36.434242 710539 ImuError.cpp:368] gyr saturation
W20250111 18:32:36.434250 710539 ImuError.cpp:368] gyr saturation
W20250111 18:32:36.434257 710539 ImuError.cpp:368] gyr saturation
W20250111 18:32:36.434264 710539 ImuError.cpp:368] gyr saturation
W20250111 18:32:36.434276 710539 ImuError.cpp:368] gyr saturation
W20250111 18:32:36.434283 710539 ImuError.cpp:368] gyr saturation
W20250111 18:32:36.434290 710539 ImuError.cpp:368] gyr saturation
W20250111 18:32:36.434298 710539 ImuError.cpp:368] gyr saturation
W20250111 18:32:36.434305 710539 ImuError.cpp:368] gyr saturation
W20250111 18:32:36.434312 710539 ImuError.cpp:368] gyr saturation
W20250111 18:32:36.434319 710539 ImuError.cpp:368] gyr saturation
W20250111 18:32:36.434327 710539 ImuError.cpp:368] gyr saturation
W20250111 18:32:36.434334 710539 ImuError.cpp:368] gyr saturation
W20250111 18:32:36.434341 710539 ImuError.cpp:368] gyr saturation
W20250111 18:32:36.434348 710539 ImuError.cpp:368] gyr saturation
W20250111 18:32:36.434355 710539 ImuError.cpp:368] gyr saturation
W20250111 18:32:36.434363 710539 ImuError.cpp:368] gyr saturation
W20250111 18:32:36.434370 710539 ImuError.cpp:368] gyr saturation
W20250111 18:32:36.434377 710539 ImuError.cpp:368] gyr saturation
W20250111 18:32:36.434386 710539 ImuError.cpp:368] gyr saturation
W20250111 18:32:36.434392 710539 ImuError.cpp:368] gyr saturation
W20250111 18:32:36.434399 710539 ImuError.cpp:368] gyr saturation
W20250111 18:32:36.434406 710539 ImuError.cpp:368] gyr saturation
W20250111 18:32:36.434413 710539 ImuError.cpp:368] gyr saturation
W20250111 18:32:36.434422 710539 ImuError.cpp:368] gyr saturation
W20250111 18:32:36.434428 710539 ImuError.cpp:368] gyr saturation
W20250111 18:32:36.434435 710539 ImuError.cpp:368] gyr saturation
W20250111 18:32:36.434442 710539 ImuError.cpp:368] gyr saturation
W20250111 18:32:36.434453 710539 ImuError.cpp:368] gyr saturation
W20250111 18:32:36.434461 710539 ImuError.cpp:368] gyr saturation
W20250111 18:32:36.441241 710526 ImuError.cpp:650] gyr saturation
W20250111 18:32:36.441294 710526 ImuError.cpp:650] gyr saturation
W20250111 18:32:36.441303 710526 ImuError.cpp:650] gyr saturation
W20250111 18:32:36.441311 710526 ImuError.cpp:650] gyr saturation
W20250111 18:32:36.441318 710526 ImuError.cpp:650] gyr saturation
W20250111 18:32:36.441323 710526 ImuError.cpp:650] gyr saturation
W20250111 18:32:36.441329 710526 ImuError.cpp:650] gyr saturation
W20250111 18:32:36.441335 710526 ImuError.cpp:650] gyr saturation
W20250111 18:32:36.441342 710526 ImuError.cpp:650] gyr saturation
W20250111 18:32:36.441349 710526 ImuError.cpp:650] gyr saturation
W20250111 18:32:36.441354 710526 ImuError.cpp:650] gyr saturation
W20250111 18:32:36.441360 710526 ImuError.cpp:650] gyr saturation
W20250111 18:32:36.441366 710526 ImuError.cpp:650] gyr saturation
W20250111 18:32:36.441372 710526 ImuError.cpp:650] gyr saturation
W20250111 18:32:36.441378 710526 ImuError.cpp:650] gyr saturation
W20250111 18:32:36.441385 710526 ImuError.cpp:650] gyr saturation
W20250111 18:32:36.441391 710526 ImuError.cpp:650] gyr saturation
W20250111 18:32:36.441397 710526 ImuError.cpp:650] gyr saturation
W20250111 18:32:36.441403 710526 ImuError.cpp:650] gyr saturation
W20250111 18:32:36.441409 710526 ImuError.cpp:650] gyr saturation
W20250111 18:32:36.441416 710526 ImuError.cpp:650] gyr saturation
W20250111 18:32:36.441421 710526 ImuError.cpp:650] gyr saturation
W20250111 18:32:36.441427 710526 ImuError.cpp:650] gyr saturation
W20250111 18:32:36.441433 710526 ImuError.cpp:650] gyr saturation
W20250111 18:32:36.441438 710526 ImuError.cpp:650] gyr saturation
W20250111 18:32:36.441443 710526 ImuError.cpp:650] gyr saturation
W20250111 18:32:36.441449 710526 ImuError.cpp:650] gyr saturation
W20250111 18:32:36.441455 710526 ImuError.cpp:650] gyr saturation
W20250111 18:32:36.441462 710526 ImuError.cpp:650] gyr saturation
W20250111 18:32:36.441468 710526 ImuError.cpp:650] gyr saturation
W20250111 18:32:36.441473 710526 ImuError.cpp:650] gyr saturation
W20250111 18:32:36.441478 710526 ImuError.cpp:650] gyr saturation
W20250111 18:32:36.441484 710526 ImuError.cpp:650] gyr saturation
W20250111 18:32:36.441489 710526 ImuError.cpp:650] gyr saturation
W20250111 18:32:36.441496 710526 ImuError.cpp:650] gyr saturation
W20250111 18:32:36.441501 710526 ImuError.cpp:650] gyr saturation
W20250111 18:32:36.441517 710526 ImuError.cpp:650] gyr saturation
W20250111 18:32:36.441524 710526 ImuError.cpp:650] gyr saturation
W20250111 18:32:36.441530 710526 ImuError.cpp:650] gyr saturation
W20250111 18:32:36.441535 710526 ImuError.cpp:650] gyr saturation
W20250111 18:32:36.441541 710526 ImuError.cpp:650] gyr saturation
W20250111 18:32:36.441546 710526 ImuError.cpp:650] gyr saturation
W20250111 18:32:36.441552 710526 ImuError.cpp:650] gyr saturation
W20250111 18:32:36.441558 710526 ImuError.cpp:650] gyr saturation
W20250111 18:32:36.441565 710526 ImuError.cpp:650] gyr saturation
W20250111 18:32:36.441571 710526 ImuError.cpp:650] gyr saturation
W20250111 18:32:36.441578 710526 ImuError.cpp:650] gyr saturation
W20250111 18:32:36.441584 710526 ImuError.cpp:650] gyr saturation
W20250111 18:32:36.441591 710526 ImuError.cpp:650] gyr saturation
W20250111 18:32:36.441598 710526 ImuError.cpp:650] gyr saturation
W20250111 18:32:36.441603 710526 ImuError.cpp:650] gyr saturation
W20250111 18:32:36.441610 710526 ImuError.cpp:650] gyr saturation
W20250111 18:32:36.441617 710526 ImuError.cpp:650] gyr saturation
W20250111 18:32:36.441623 710526 ImuError.cpp:650] gyr saturation
W20250111 18:32:36.441629 710526 ImuError.cpp:650] gyr saturation
W20250111 18:32:36.441634 710526 ImuError.cpp:650] gyr saturation
W20250111 18:32:36.441641 710526 ImuError.cpp:650] gyr saturation
W20250111 18:32:36.441648 710526 ImuError.cpp:650] gyr saturation
W20250111 18:32:36.441654 710526 ImuError.cpp:650] gyr saturation
W20250111 18:32:36.441659 710526 ImuError.cpp:650] gyr saturation
W20250111 18:32:36.441670 710526 ImuError.cpp:650] gyr saturation
W20250111 18:32:36.441677 710526 ImuError.cpp:650] gyr saturation
W20250111 18:32:36.441684 710526 ImuError.cpp:650] gyr saturation
W20250111 18:32:36.441689 710526 ImuError.cpp:650] gyr saturation
W20250111 18:32:36.441695 710526 ImuError.cpp:650] gyr saturation
W20250111 18:32:36.441701 710526 ImuError.cpp:650] gyr saturation
W20250111 18:32:36.457775 710526 ImuError.cpp:650] gyr saturation
W20250111 18:32:36.457813 710526 ImuError.cpp:650] gyr saturation
W20250111 18:32:36.457820 710526 ImuError.cpp:650] gyr saturation
W20250111 18:32:36.457825 710526 ImuError.cpp:650] gyr saturation
W20250111 18:32:36.457831 710526 ImuError.cpp:650] gyr saturation
W20250111 18:32:36.457835 710526 ImuError.cpp:650] gyr saturation
W20250111 18:32:36.457839 710526 ImuError.cpp:650] gyr saturation
W20250111 18:32:36.457846 710526 ImuError.cpp:650] gyr saturation
W20250111 18:32:36.457850 710526 ImuError.cpp:650] gyr saturation
W20250111 18:32:36.457854 710526 ImuError.cpp:650] gyr saturation
W20250111 18:32:36.457859 710526 ImuError.cpp:650] gyr saturation
W20250111 18:32:36.457863 710526 ImuError.cpp:650] gyr saturation
W20250111 18:32:36.457867 710526 ImuError.cpp:650] gyr saturation
W20250111 18:32:36.457871 710526 ImuError.cpp:650] gyr saturation
W20250111 18:32:36.457875 710526 ImuError.cpp:650] gyr saturation
W20250111 18:32:36.457880 710526 ImuError.cpp:650] gyr saturation
W20250111 18:32:36.457883 710526 ImuError.cpp:650] gyr saturation
W20250111 18:32:36.457888 710526 ImuError.cpp:650] gyr saturation
W20250111 18:32:36.457892 710526 ImuError.cpp:650] gyr saturation
W20250111 18:32:36.457897 710526 ImuError.cpp:650] gyr saturation
W20250111 18:32:36.457901 710526 ImuError.cpp:650] gyr saturation
W20250111 18:32:36.457904 710526 ImuError.cpp:650] gyr saturation
W20250111 18:32:36.457909 710526 ImuError.cpp:650] gyr saturation
W20250111 18:32:36.457913 710526 ImuError.cpp:650] gyr saturation
W20250111 18:32:36.457917 710526 ImuError.cpp:650] gyr saturation
W20250111 18:32:36.457921 710526 ImuError.cpp:650] gyr saturation
W20250111 18:32:36.457926 710526 ImuError.cpp:650] gyr saturation
W20250111 18:32:36.457929 710526 ImuError.cpp:650] gyr saturation
W20250111 18:32:36.457933 710526 ImuError.cpp:650] gyr saturation
W20250111 18:32:36.457938 710526 ImuError.cpp:650] gyr saturation
W20250111 18:32:36.457942 710526 ImuError.cpp:650] gyr saturation
W20250111 18:32:36.457947 710526 ImuError.cpp:650] gyr saturation
W20250111 18:32:36.457954 710526 ImuError.cpp:650] gyr saturation
W20250111 18:32:36.457958 710526 ImuError.cpp:650] gyr saturation
W20250111 18:32:36.458045 710526 ImuError.cpp:650] gyr saturation
W20250111 18:32:36.458050 710526 ImuError.cpp:650] gyr saturation
W20250111 18:32:36.458055 710526 ImuError.cpp:650] gyr saturation
W20250111 18:32:36.458058 710526 ImuError.cpp:650] gyr saturation
W20250111 18:32:36.458062 710526 ImuError.cpp:650] gyr saturation
W20250111 18:32:36.458065 710526 ImuError.cpp:650] gyr saturation
W20250111 18:32:36.458070 710526 ImuError.cpp:650] gyr saturation
W20250111 18:32:36.458073 710526 ImuError.cpp:650] gyr saturation
W20250111 18:32:36.458077 710526 ImuError.cpp:650] gyr saturation
W20250111 18:32:36.458081 710526 ImuError.cpp:650] gyr saturation
W20250111 18:32:36.458086 710526 ImuError.cpp:650] gyr saturation
W20250111 18:32:36.458088 710526 ImuError.cpp:650] gyr saturation
W20250111 18:32:36.458092 710526 ImuError.cpp:650] gyr saturation
W20250111 18:32:36.458096 710526 ImuError.cpp:650] gyr saturation
W20250111 18:32:36.458099 710526 ImuError.cpp:650] gyr saturation
W20250111 18:32:36.458103 710526 ImuError.cpp:650] gyr saturation
W20250111 18:32:36.458107 710526 ImuError.cpp:650] gyr saturation
W20250111 18:32:36.458112 710526 ImuError.cpp:650] gyr saturation
W20250111 18:32:36.458117 710526 ImuError.cpp:650] gyr saturation
W20250111 18:32:36.458120 710526 ImuError.cpp:650] gyr saturation
W20250111 18:32:36.458123 710526 ImuError.cpp:650] gyr saturation
W20250111 18:32:36.458127 710526 ImuError.cpp:650] gyr saturation
W20250111 18:32:36.458137 710526 ImuError.cpp:650] gyr saturation
W20250111 18:32:36.458140 710526 ImuError.cpp:650] gyr saturation
W20250111 18:32:36.458145 710526 ImuError.cpp:650] gyr saturation
W20250111 18:32:36.458149 710526 ImuError.cpp:650] gyr saturation
W20250111 18:32:36.458153 710526 ImuError.cpp:650] gyr saturation
W20250111 18:32:36.458158 710526 ImuError.cpp:650] gyr saturation
W20250111 18:32:36.458160 710526 ImuError.cpp:650] gyr saturation
W20250111 18:32:36.458164 710526 ImuError.cpp:650] gyr saturation
W20250111 18:32:36.458168 710526 ImuError.cpp:650] gyr saturation
W20250111 18:32:36.458171 710526 ImuError.cpp:650] gyr saturation
W20250111 18:32:36.458174 710526 ImuError.cpp:650] gyr saturation
W20250111 18:32:36.458178 710526 ImuError.cpp:650] gyr saturation
I20250111 18:32:36.459133 710526 Frontend.cpp:2274] RANSAC FAIL: 19 inliers, ratio = 0.678571
W20250111 18:32:36.460268 710526 ImuError.cpp:368] gyr saturation
W20250111 18:32:36.460294 710526 ImuError.cpp:368] gyr saturation
W20250111 18:32:36.460305 710526 ImuError.cpp:368] gyr saturation
W20250111 18:32:36.460314 710526 ImuError.cpp:368] gyr saturation
W20250111 18:32:36.460325 710526 ImuError.cpp:368] gyr saturation
W20250111 18:32:36.460335 710526 ImuError.cpp:368] gyr saturation
W20250111 18:32:36.460343 710526 ImuError.cpp:368] gyr saturation
W20250111 18:32:36.460351 710526 ImuError.cpp:368] gyr saturation
W20250111 18:32:36.460358 710526 ImuError.cpp:368] gyr saturation
W20250111 18:32:36.460366 710526 ImuError.cpp:368] gyr saturation
W20250111 18:32:36.460374 710526 ImuError.cpp:368] gyr saturation
W20250111 18:32:36.460382 710526 ImuError.cpp:368] gyr saturation
W20250111 18:32:36.460390 710526 ImuError.cpp:368] gyr saturation
W20250111 18:32:36.460398 710526 ImuError.cpp:368] gyr saturation
W20250111 18:32:36.460407 710526 ImuError.cpp:368] gyr saturation
W20250111 18:32:36.460414 710526 ImuError.cpp:368] gyr saturation
W20250111 18:32:36.460422 710526 ImuError.cpp:368] gyr saturation
W20250111 18:32:36.460429 710526 ImuError.cpp:368] gyr saturation
W20250111 18:32:36.460438 710526 ImuError.cpp:368] gyr saturation
W20250111 18:32:36.460445 710526 ImuError.cpp:368] gyr saturation
W20250111 18:32:36.460453 710526 ImuError.cpp:368] gyr saturation
W20250111 18:32:36.460461 710526 ImuError.cpp:368] gyr saturation
W20250111 18:32:36.460469 710526 ImuError.cpp:368] gyr saturation
W20250111 18:32:36.460476 710526 ImuError.cpp:368] gyr saturation
W20250111 18:32:36.460484 710526 ImuError.cpp:368] gyr saturation
W20250111 18:32:36.460492 710526 ImuError.cpp:368] gyr saturation
W20250111 18:32:36.460503 710526 ImuError.cpp:368] gyr saturation
W20250111 18:32:36.460511 710526 ImuError.cpp:368] gyr saturation
W20250111 18:32:36.460520 710526 ImuError.cpp:368] gyr saturation
W20250111 18:32:36.460526 710526 ImuError.cpp:368] gyr saturation
W20250111 18:32:36.460534 710526 ImuError.cpp:368] gyr saturation
W20250111 18:32:36.460542 710526 ImuError.cpp:368] gyr saturation
W20250111 18:32:36.460551 710526 ImuError.cpp:368] gyr saturation
W20250111 18:32:36.460557 710526 ImuError.cpp:368] gyr saturation
W20250111 18:32:36.463850 710526 ImuError.cpp:650] gyr saturation
W20250111 18:32:36.463876 710526 ImuError.cpp:650] gyr saturation
W20250111 18:32:36.463881 710526 ImuError.cpp:650] gyr saturation
W20250111 18:32:36.463887 710526 ImuError.cpp:650] gyr saturation
W20250111 18:32:36.463894 710526 ImuError.cpp:650] gyr saturation
W20250111 18:32:36.463898 710526 ImuError.cpp:650] gyr saturation
W20250111 18:32:36.463902 710526 ImuError.cpp:650] gyr saturation
W20250111 18:32:36.463907 710526 ImuError.cpp:650] gyr saturation
W20250111 18:32:36.463912 710526 ImuError.cpp:650] gyr saturation
W20250111 18:32:36.463915 710526 ImuError.cpp:650] gyr saturation
W20250111 18:32:36.463919 710526 ImuError.cpp:650] gyr saturation
W20250111 18:32:36.463923 710526 ImuError.cpp:650] gyr saturation
W20250111 18:32:36.463928 710526 ImuError.cpp:650] gyr saturation
W20250111 18:32:36.463933 710526 ImuError.cpp:650] gyr saturation
W20250111 18:32:36.463937 710526 ImuError.cpp:650] gyr saturation
W20250111 18:32:36.463951 710526 ImuError.cpp:650] gyr saturation
W20250111 18:32:36.463956 710526 ImuError.cpp:650] gyr saturation
W20250111 18:32:36.463960 710526 ImuError.cpp:650] gyr saturation
W20250111 18:32:36.463964 710526 ImuError.cpp:650] gyr saturation
W20250111 18:32:36.463969 710526 ImuError.cpp:650] gyr saturation
W20250111 18:32:36.463974 710526 ImuError.cpp:650] gyr saturation
W20250111 18:32:36.463980 710526 ImuError.cpp:650] gyr saturation
W20250111 18:32:36.463985 710526 ImuError.cpp:650] gyr saturation
W20250111 18:32:36.463994 710526 ImuError.cpp:650] gyr saturation
W20250111 18:32:36.463999 710526 ImuError.cpp:650] gyr saturation
W20250111 18:32:36.464004 710526 ImuError.cpp:650] gyr saturation
W20250111 18:32:36.464010 710526 ImuError.cpp:650] gyr saturation
W20250111 18:32:36.464015 710526 ImuError.cpp:650] gyr saturation
W20250111 18:32:36.464020 710526 ImuError.cpp:650] gyr saturation
W20250111 18:32:36.464025 710526 ImuError.cpp:650] gyr saturation
W20250111 18:32:36.464030 710526 ImuError.cpp:650] gyr saturation
W20250111 18:32:36.464035 710526 ImuError.cpp:650] gyr saturation
W20250111 18:32:36.464042 710526 ImuError.cpp:650] gyr saturation
W20250111 18:32:36.464047 710526 ImuError.cpp:650] gyr saturation
W20250111 18:32:36.464051 710526 ImuError.cpp:650] gyr saturation
W20250111 18:32:36.464056 710526 ImuError.cpp:650] gyr saturation
W20250111 18:32:36.464061 710526 ImuError.cpp:650] gyr saturation
W20250111 18:32:36.464066 710526 ImuError.cpp:650] gyr saturation
W20250111 18:32:36.464071 710526 ImuError.cpp:650] gyr saturation
W20250111 18:32:36.464075 710526 ImuError.cpp:650] gyr saturation
W20250111 18:32:36.464079 710526 ImuError.cpp:650] gyr saturation
W20250111 18:32:36.464085 710526 ImuError.cpp:650] gyr saturation
W20250111 18:32:36.464090 710526 ImuError.cpp:650] gyr saturation
W20250111 18:32:36.464095 710526 ImuError.cpp:650] gyr saturation
W20250111 18:32:36.464099 710526 ImuError.cpp:650] gyr saturation
W20250111 18:32:36.464104 710526 ImuError.cpp:650] gyr saturation
W20250111 18:32:36.464109 710526 ImuError.cpp:650] gyr saturation
W20250111 18:32:36.464114 710526 ImuError.cpp:650] gyr saturation
W20250111 18:32:36.464119 710526 ImuError.cpp:650] gyr saturation
W20250111 18:32:36.464123 710526 ImuError.cpp:650] gyr saturation
W20250111 18:32:36.464128 710526 ImuError.cpp:650] gyr saturation
W20250111 18:32:36.464133 710526 ImuError.cpp:650] gyr saturation
W20250111 18:32:36.464138 710526 ImuError.cpp:650] gyr saturation
W20250111 18:32:36.464143 710526 ImuError.cpp:650] gyr saturation
W20250111 18:32:36.464148 710526 ImuError.cpp:650] gyr saturation
W20250111 18:32:36.464152 710526 ImuError.cpp:650] gyr saturation
W20250111 18:32:36.464157 710526 ImuError.cpp:650] gyr saturation
W20250111 18:32:36.464164 710526 ImuError.cpp:650] gyr saturation
W20250111 18:32:36.464169 710526 ImuError.cpp:650] gyr saturation
W20250111 18:32:36.464174 710526 ImuError.cpp:650] gyr saturation
W20250111 18:32:36.464177 710526 ImuError.cpp:650] gyr saturation
W20250111 18:32:36.464183 710526 ImuError.cpp:650] gyr saturation
W20250111 18:32:36.464188 710526 ImuError.cpp:650] gyr saturation
W20250111 18:32:36.464192 710526 ImuError.cpp:650] gyr saturation
W20250111 18:32:36.464197 710526 ImuError.cpp:650] gyr saturation
W20250111 18:32:36.464202 710526 ImuError.cpp:650] gyr saturation
W20250111 18:32:36.464207 710526 ImuError.cpp:650] gyr saturation
W20250111 18:32:36.464212 710526 ImuError.cpp:650] gyr saturation
W20250111 18:32:36.479257 710526 ImuError.cpp:650] gyr saturation
W20250111 18:32:36.479285 710526 ImuError.cpp:650] gyr saturation
W20250111 18:32:36.479290 710526 ImuError.cpp:650] gyr saturation
W20250111 18:32:36.479293 710526 ImuError.cpp:650] gyr saturation
W20250111 18:32:36.479297 710526 ImuError.cpp:650] gyr saturation
W20250111 18:32:36.479302 710526 ImuError.cpp:650] gyr saturation
W20250111 18:32:36.479307 710526 ImuError.cpp:650] gyr saturation
W20250111 18:32:36.479311 710526 ImuError.cpp:650] gyr saturation
W20250111 18:32:36.479315 710526 ImuError.cpp:650] gyr saturation
W20250111 18:32:36.479329 710526 ImuError.cpp:650] gyr saturation
W20250111 18:32:36.479336 710526 ImuError.cpp:650] gyr saturation
W20250111 18:32:36.479339 710526 ImuError.cpp:650] gyr saturation
W20250111 18:32:36.479344 710526 ImuError.cpp:650] gyr saturation
W20250111 18:32:36.479354 710526 ImuError.cpp:650] gyr saturation
W20250111 18:32:36.479358 710526 ImuError.cpp:650] gyr saturation
W20250111 18:32:36.479362 710526 ImuError.cpp:650] gyr saturation
W20250111 18:32:36.479367 710526 ImuError.cpp:650] gyr saturation
W20250111 18:32:36.479372 710526 ImuError.cpp:650] gyr saturation
W20250111 18:32:36.479375 710526 ImuError.cpp:650] gyr saturation
W20250111 18:32:36.479382 710526 ImuError.cpp:650] gyr saturation
W20250111 18:32:36.479385 710526 ImuError.cpp:650] gyr saturation
W20250111 18:32:36.479391 710526 ImuError.cpp:650] gyr saturation
W20250111 18:32:36.479395 710526 ImuError.cpp:650] gyr saturation
W20250111 18:32:36.479400 710526 ImuError.cpp:650] gyr saturation
W20250111 18:32:36.479405 710526 ImuError.cpp:650] gyr saturation
W20250111 18:32:36.479413 710526 ImuError.cpp:650] gyr saturation
W20250111 18:32:36.479416 710526 ImuError.cpp:650] gyr saturation
W20250111 18:32:36.479420 710526 ImuError.cpp:650] gyr saturation
W20250111 18:32:36.479425 710526 ImuError.cpp:650] gyr saturation
W20250111 18:32:36.479429 710526 ImuError.cpp:650] gyr saturation
W20250111 18:32:36.479432 710526 ImuError.cpp:650] gyr saturation
W20250111 18:32:36.479437 710526 ImuError.cpp:650] gyr saturation
W20250111 18:32:36.479441 710526 ImuError.cpp:650] gyr saturation
W20250111 18:32:36.479446 710526 ImuError.cpp:650] gyr saturation
W20250111 18:32:36.479454 710526 ImuError.cpp:650] gyr saturation
W20250111 18:32:36.479532 710526 ImuError.cpp:650] gyr saturation
W20250111 18:32:36.479537 710526 ImuError.cpp:650] gyr saturation
W20250111 18:32:36.479542 710526 ImuError.cpp:650] gyr saturation
W20250111 18:32:36.479547 710526 ImuError.cpp:650] gyr saturation
W20250111 18:32:36.479550 710526 ImuError.cpp:650] gyr saturation
W20250111 18:32:36.479554 710526 ImuError.cpp:650] gyr saturation
W20250111 18:32:36.479560 710526 ImuError.cpp:650] gyr saturation
W20250111 18:32:36.479563 710526 ImuError.cpp:650] gyr saturation
W20250111 18:32:36.479568 710526 ImuError.cpp:650] gyr saturation
W20250111 18:32:36.479573 710526 ImuError.cpp:650] gyr saturation
W20250111 18:32:36.479576 710526 ImuError.cpp:650] gyr saturation
W20250111 18:32:36.479580 710526 ImuError.cpp:650] gyr saturation
W20250111 18:32:36.479583 710526 ImuError.cpp:650] gyr saturation
W20250111 18:32:36.479588 710526 ImuError.cpp:650] gyr saturation
W20250111 18:32:36.479593 710526 ImuError.cpp:650] gyr saturation
W20250111 18:32:36.479597 710526 ImuError.cpp:650] gyr saturation
W20250111 18:32:36.479601 710526 ImuError.cpp:650] gyr saturation
W20250111 18:32:36.479605 710526 ImuError.cpp:650] gyr saturation
W20250111 18:32:36.479609 710526 ImuError.cpp:650] gyr saturation
W20250111 18:32:36.479614 710526 ImuError.cpp:650] gyr saturation
W20250111 18:32:36.479619 710526 ImuError.cpp:650] gyr saturation
W20250111 18:32:36.479624 710526 ImuError.cpp:650] gyr saturation
W20250111 18:32:36.479626 710526 ImuError.cpp:650] gyr saturation
W20250111 18:32:36.479630 710526 ImuError.cpp:650] gyr saturation
W20250111 18:32:36.479635 710526 ImuError.cpp:650] gyr saturation
W20250111 18:32:36.479637 710526 ImuError.cpp:650] gyr saturation
W20250111 18:32:36.479642 710526 ImuError.cpp:650] gyr saturation
W20250111 18:32:36.479648 710526 ImuError.cpp:650] gyr saturation
W20250111 18:32:36.479652 710526 ImuError.cpp:650] gyr saturation
W20250111 18:32:36.479656 710526 ImuError.cpp:650] gyr saturation
W20250111 18:32:36.479660 710526 ImuError.cpp:650] gyr saturation
W20250111 18:32:36.479664 710526 ImuError.cpp:650] gyr saturation
W20250111 18:32:36.479668 710526 ImuError.cpp:650] gyr saturation
W20250111 18:32:36.479674 710526 ImuError.cpp:650] gyr saturation
W20250111 18:32:36.479679 710526 ImuError.cpp:650] gyr saturation
I20250111 18:32:36.481060 710526 Frontend.cpp:2274] RANSAC FAIL: 34 inliers, ratio = 0.586207
W20250111 18:32:36.482265 710526 ImuError.cpp:368] gyr saturation
W20250111 18:32:36.482290 710526 ImuError.cpp:368] gyr saturation
W20250111 18:32:36.482302 710526 ImuError.cpp:368] gyr saturation
W20250111 18:32:36.482311 710526 ImuError.cpp:368] gyr saturation
W20250111 18:32:36.482319 710526 ImuError.cpp:368] gyr saturation
W20250111 18:32:36.482327 710526 ImuError.cpp:368] gyr saturation
W20250111 18:32:36.482335 710526 ImuError.cpp:368] gyr saturation
W20250111 18:32:36.482343 710526 ImuError.cpp:368] gyr saturation
W20250111 18:32:36.482353 710526 ImuError.cpp:368] gyr saturation
W20250111 18:32:36.482362 710526 ImuError.cpp:368] gyr saturation
W20250111 18:32:36.482369 710526 ImuError.cpp:368] gyr saturation
W20250111 18:32:36.482376 710526 ImuError.cpp:368] gyr saturation
W20250111 18:32:36.482385 710526 ImuError.cpp:368] gyr saturation
W20250111 18:32:36.482393 710526 ImuError.cpp:368] gyr saturation
W20250111 18:32:36.482400 710526 ImuError.cpp:368] gyr saturation
W20250111 18:32:36.482409 710526 ImuError.cpp:368] gyr saturation
W20250111 18:32:36.482416 710526 ImuError.cpp:368] gyr saturation
W20250111 18:32:36.482424 710526 ImuError.cpp:368] gyr saturation
W20250111 18:32:36.482431 710526 ImuError.cpp:368] gyr saturation
W20250111 18:32:36.482440 710526 ImuError.cpp:368] gyr saturation
W20250111 18:32:36.482448 710526 ImuError.cpp:368] gyr saturation
W20250111 18:32:36.482456 710526 ImuError.cpp:368] gyr saturation
W20250111 18:32:36.482465 710526 ImuError.cpp:368] gyr saturation
W20250111 18:32:36.482473 710526 ImuError.cpp:368] gyr saturation
W20250111 18:32:36.482481 710526 ImuError.cpp:368] gyr saturation
W20250111 18:32:36.482491 710526 ImuError.cpp:368] gyr saturation
W20250111 18:32:36.482498 710526 ImuError.cpp:368] gyr saturation
W20250111 18:32:36.482506 710526 ImuError.cpp:368] gyr saturation
W20250111 18:32:36.482513 710526 ImuError.cpp:368] gyr saturation
W20250111 18:32:36.482523 710526 ImuError.cpp:368] gyr saturation
W20250111 18:32:36.482532 710526 ImuError.cpp:368] gyr saturation
W20250111 18:32:36.482540 710526 ImuError.cpp:368] gyr saturation
W20250111 18:32:36.482549 710526 ImuError.cpp:368] gyr saturation
W20250111 18:32:36.482556 710526 ImuError.cpp:368] gyr saturation
W20250111 18:32:36.482565 710526 ImuError.cpp:368] gyr saturation
W20250111 18:32:36.485841 710526 ImuError.cpp:650] gyr saturation
W20250111 18:32:36.485867 710526 ImuError.cpp:650] gyr saturation
W20250111 18:32:36.485870 710526 ImuError.cpp:650] gyr saturation
W20250111 18:32:36.485875 710526 ImuError.cpp:650] gyr saturation
W20250111 18:32:36.485878 710526 ImuError.cpp:650] gyr saturation
W20250111 18:32:36.485889 710526 ImuError.cpp:650] gyr saturation
W20250111 18:32:36.485893 710526 ImuError.cpp:650] gyr saturation
W20250111 18:32:36.485896 710526 ImuError.cpp:650] gyr saturation
W20250111 18:32:36.485900 710526 ImuError.cpp:650] gyr saturation
W20250111 18:32:36.485909 710526 ImuError.cpp:650] gyr saturation
W20250111 18:32:36.485913 710526 ImuError.cpp:650] gyr saturation
W20250111 18:32:36.485918 710526 ImuError.cpp:650] gyr saturation
W20250111 18:32:36.485924 710526 ImuError.cpp:650] gyr saturation
W20250111 18:32:36.485927 710526 ImuError.cpp:650] gyr saturation
W20250111 18:32:36.485931 710526 ImuError.cpp:650] gyr saturation
W20250111 18:32:36.485936 710526 ImuError.cpp:650] gyr saturation
W20250111 18:32:36.485942 710526 ImuError.cpp:650] gyr saturation
W20250111 18:32:36.485949 710526 ImuError.cpp:650] gyr saturation
W20250111 18:32:36.485953 710526 ImuError.cpp:650] gyr saturation
W20250111 18:32:36.485960 710526 ImuError.cpp:650] gyr saturation
W20250111 18:32:36.485963 710526 ImuError.cpp:650] gyr saturation
W20250111 18:32:36.485968 710526 ImuError.cpp:650] gyr saturation
W20250111 18:32:36.485972 710526 ImuError.cpp:650] gyr saturation
W20250111 18:32:36.485978 710526 ImuError.cpp:650] gyr saturation
W20250111 18:32:36.485982 710526 ImuError.cpp:650] gyr saturation
W20250111 18:32:36.485986 710526 ImuError.cpp:650] gyr saturation
W20250111 18:32:36.485996 710526 ImuError.cpp:650] gyr saturation
W20250111 18:32:36.486006 710526 ImuError.cpp:650] gyr saturation
W20250111 18:32:36.486009 710526 ImuError.cpp:650] gyr saturation
W20250111 18:32:36.486014 710526 ImuError.cpp:650] gyr saturation
W20250111 18:32:36.486020 710526 ImuError.cpp:650] gyr saturation
W20250111 18:32:36.486024 710526 ImuError.cpp:650] gyr saturation
W20250111 18:32:36.486029 710526 ImuError.cpp:650] gyr saturation
W20250111 18:32:36.486034 710526 ImuError.cpp:650] gyr saturation
W20250111 18:32:36.486039 710526 ImuError.cpp:650] gyr saturation
W20250111 18:32:36.486044 710526 ImuError.cpp:650] gyr saturation
W20250111 18:32:36.486049 710526 ImuError.cpp:650] gyr saturation
W20250111 18:32:36.486053 710526 ImuError.cpp:650] gyr saturation
W20250111 18:32:36.486058 710526 ImuError.cpp:650] gyr saturation
W20250111 18:32:36.486063 710526 ImuError.cpp:650] gyr saturation
W20250111 18:32:36.486068 710526 ImuError.cpp:650] gyr saturation
W20250111 18:32:36.486073 710526 ImuError.cpp:650] gyr saturation
W20250111 18:32:36.486078 710526 ImuError.cpp:650] gyr saturation
W20250111 18:32:36.486083 710526 ImuError.cpp:650] gyr saturation
W20250111 18:32:36.486088 710526 ImuError.cpp:650] gyr saturation
W20250111 18:32:36.486091 710526 ImuError.cpp:650] gyr saturation
W20250111 18:32:36.486096 710526 ImuError.cpp:650] gyr saturation
W20250111 18:32:36.486100 710526 ImuError.cpp:650] gyr saturation
W20250111 18:32:36.486105 710526 ImuError.cpp:650] gyr saturation
W20250111 18:32:36.486110 710526 ImuError.cpp:650] gyr saturation
W20250111 18:32:36.486114 710526 ImuError.cpp:650] gyr saturation
W20250111 18:32:36.486119 710526 ImuError.cpp:650] gyr saturation
W20250111 18:32:36.486124 710526 ImuError.cpp:650] gyr saturation
W20250111 18:32:36.486127 710526 ImuError.cpp:650] gyr saturation
W20250111 18:32:36.486130 710526 ImuError.cpp:650] gyr saturation
W20250111 18:32:36.486135 710526 ImuError.cpp:650] gyr saturation
W20250111 18:32:36.486140 710526 ImuError.cpp:650] gyr saturation
W20250111 18:32:36.486145 710526 ImuError.cpp:650] gyr saturation
W20250111 18:32:36.486148 710526 ImuError.cpp:650] gyr saturation
W20250111 18:32:36.486153 710526 ImuError.cpp:650] gyr saturation
W20250111 18:32:36.486157 710526 ImuError.cpp:650] gyr saturation
W20250111 18:32:36.486162 710526 ImuError.cpp:650] gyr saturation
W20250111 18:32:36.486167 710526 ImuError.cpp:650] gyr saturation
W20250111 18:32:36.486171 710526 ImuError.cpp:650] gyr saturation
W20250111 18:32:36.486176 710526 ImuError.cpp:650] gyr saturation
W20250111 18:32:36.486181 710526 ImuError.cpp:650] gyr saturation
W20250111 18:32:36.486184 710526 ImuError.cpp:650] gyr saturation
W20250111 18:32:36.486189 710526 ImuError.cpp:650] gyr saturation
W20250111 18:32:36.502578 710526 ImuError.cpp:650] gyr saturation
W20250111 18:32:36.502614 710526 ImuError.cpp:650] gyr saturation
W20250111 18:32:36.502620 710526 ImuError.cpp:650] gyr saturation
W20250111 18:32:36.502624 710526 ImuError.cpp:650] gyr saturation
W20250111 18:32:36.502628 710526 ImuError.cpp:650] gyr saturation
W20250111 18:32:36.502632 710526 ImuError.cpp:650] gyr saturation
W20250111 18:32:36.502635 710526 ImuError.cpp:650] gyr saturation
W20250111 18:32:36.502640 710526 ImuError.cpp:650] gyr saturation
W20250111 18:32:36.502645 710526 ImuError.cpp:650] gyr saturation
W20250111 18:32:36.502650 710526 ImuError.cpp:650] gyr saturation
W20250111 18:32:36.502652 710526 ImuError.cpp:650] gyr saturation
W20250111 18:32:36.502656 710526 ImuError.cpp:650] gyr saturation
W20250111 18:32:36.502664 710526 ImuError.cpp:650] gyr saturation
W20250111 18:32:36.502667 710526 ImuError.cpp:650] gyr saturation
W20250111 18:32:36.502671 710526 ImuError.cpp:650] gyr saturation
W20250111 18:32:36.502676 710526 ImuError.cpp:650] gyr saturation
W20250111 18:32:36.502679 710526 ImuError.cpp:650] gyr saturation
W20250111 18:32:36.502682 710526 ImuError.cpp:650] gyr saturation
W20250111 18:32:36.502686 710526 ImuError.cpp:650] gyr saturation
W20250111 18:32:36.502691 710526 ImuError.cpp:650] gyr saturation
W20250111 18:32:36.502693 710526 ImuError.cpp:650] gyr saturation
W20250111 18:32:36.502704 710526 ImuError.cpp:650] gyr saturation
W20250111 18:32:36.502709 710526 ImuError.cpp:650] gyr saturation
W20250111 18:32:36.502713 710526 ImuError.cpp:650] gyr saturation
W20250111 18:32:36.502717 710526 ImuError.cpp:650] gyr saturation
W20250111 18:32:36.502722 710526 ImuError.cpp:650] gyr saturation
W20250111 18:32:36.502725 710526 ImuError.cpp:650] gyr saturation
W20250111 18:32:36.502732 710526 ImuError.cpp:650] gyr saturation
W20250111 18:32:36.502735 710526 ImuError.cpp:650] gyr saturation
W20250111 18:32:36.502739 710526 ImuError.cpp:650] gyr saturation
W20250111 18:32:36.502743 710526 ImuError.cpp:650] gyr saturation
W20250111 18:32:36.502746 710526 ImuError.cpp:650] gyr saturation
W20250111 18:32:36.502751 710526 ImuError.cpp:650] gyr saturation
W20250111 18:32:36.502754 710526 ImuError.cpp:650] gyr saturation
W20250111 18:32:36.502885 710526 ImuError.cpp:650] gyr saturation
W20250111 18:32:36.502890 710526 ImuError.cpp:650] gyr saturation
W20250111 18:32:36.502894 710526 ImuError.cpp:650] gyr saturation
W20250111 18:32:36.502898 710526 ImuError.cpp:650] gyr saturation
W20250111 18:32:36.502902 710526 ImuError.cpp:650] gyr saturation
W20250111 18:32:36.502905 710526 ImuError.cpp:650] gyr saturation
W20250111 18:32:36.502909 710526 ImuError.cpp:650] gyr saturation
W20250111 18:32:36.502913 710526 ImuError.cpp:650] gyr saturation
W20250111 18:32:36.502916 710526 ImuError.cpp:650] gyr saturation
W20250111 18:32:36.502923 710526 ImuError.cpp:650] gyr saturation
W20250111 18:32:36.502926 710526 ImuError.cpp:650] gyr saturation
W20250111 18:32:36.502930 710526 ImuError.cpp:650] gyr saturation
W20250111 18:32:36.502933 710526 ImuError.cpp:650] gyr saturation
W20250111 18:32:36.502938 710526 ImuError.cpp:650] gyr saturation
W20250111 18:32:36.502940 710526 ImuError.cpp:650] gyr saturation
W20250111 18:32:36.502945 710526 ImuError.cpp:650] gyr saturation
W20250111 18:32:36.502948 710526 ImuError.cpp:650] gyr saturation
W20250111 18:32:36.502952 710526 ImuError.cpp:650] gyr saturation
W20250111 18:32:36.502957 710526 ImuError.cpp:650] gyr saturation
W20250111 18:32:36.502962 710526 ImuError.cpp:650] gyr saturation
W20250111 18:32:36.502967 710526 ImuError.cpp:650] gyr saturation
W20250111 18:32:36.502971 710526 ImuError.cpp:650] gyr saturation
W20250111 18:32:36.502975 710526 ImuError.cpp:650] gyr saturation
W20250111 18:32:36.502980 710526 ImuError.cpp:650] gyr saturation
W20250111 18:32:36.502983 710526 ImuError.cpp:650] gyr saturation
W20250111 18:32:36.502986 710526 ImuError.cpp:650] gyr saturation
W20250111 18:32:36.502993 710526 ImuError.cpp:650] gyr saturation
W20250111 18:32:36.503000 710526 ImuError.cpp:650] gyr saturation
W20250111 18:32:36.503002 710526 ImuError.cpp:650] gyr saturation
W20250111 18:32:36.503006 710526 ImuError.cpp:650] gyr saturation
W20250111 18:32:36.503011 710526 ImuError.cpp:650] gyr saturation
W20250111 18:32:36.503016 710526 ImuError.cpp:650] gyr saturation
W20250111 18:32:36.503021 710526 ImuError.cpp:650] gyr saturation
W20250111 18:32:36.503026 710526 ImuError.cpp:650] gyr saturation
W20250111 18:32:36.505244 710526 ImuError.cpp:368] gyr saturation
W20250111 18:32:36.505278 710526 ImuError.cpp:368] gyr saturation
W20250111 18:32:36.505290 710526 ImuError.cpp:368] gyr saturation
W20250111 18:32:36.505302 710526 ImuError.cpp:368] gyr saturation
W20250111 18:32:36.505309 710526 ImuError.cpp:368] gyr saturation
W20250111 18:32:36.505316 710526 ImuError.cpp:368] gyr saturation
W20250111 18:32:36.505326 710526 ImuError.cpp:368] gyr saturation
W20250111 18:32:36.505335 710526 ImuError.cpp:368] gyr saturation
W20250111 18:32:36.505342 710526 ImuError.cpp:368] gyr saturation
W20250111 18:32:36.505350 710526 ImuError.cpp:368] gyr saturation
W20250111 18:32:36.505357 710526 ImuError.cpp:368] gyr saturation
W20250111 18:32:36.505367 710526 ImuError.cpp:368] gyr saturation
W20250111 18:32:36.505375 710526 ImuError.cpp:368] gyr saturation
W20250111 18:32:36.505383 710526 ImuError.cpp:368] gyr saturation
W20250111 18:32:36.505390 710526 ImuError.cpp:368] gyr saturation
W20250111 18:32:36.505406 710526 ImuError.cpp:368] gyr saturation
W20250111 18:32:36.505414 710526 ImuError.cpp:368] gyr saturation
W20250111 18:32:36.505422 710526 ImuError.cpp:368] gyr saturation
W20250111 18:32:36.505430 710526 ImuError.cpp:368] gyr saturation
W20250111 18:32:36.505437 710526 ImuError.cpp:368] gyr saturation
W20250111 18:32:36.505445 710526 ImuError.cpp:368] gyr saturation
W20250111 18:32:36.505453 710526 ImuError.cpp:368] gyr saturation
W20250111 18:32:36.505461 710526 ImuError.cpp:368] gyr saturation
W20250111 18:32:36.505470 710526 ImuError.cpp:368] gyr saturation
W20250111 18:32:36.505478 710526 ImuError.cpp:368] gyr saturation
W20250111 18:32:36.505486 710526 ImuError.cpp:368] gyr saturation
W20250111 18:32:36.505494 710526 ImuError.cpp:368] gyr saturation
W20250111 18:32:36.505501 710526 ImuError.cpp:368] gyr saturation
W20250111 18:32:36.505510 710526 ImuError.cpp:368] gyr saturation
W20250111 18:32:36.505517 710526 ImuError.cpp:368] gyr saturation
W20250111 18:32:36.505525 710526 ImuError.cpp:368] gyr saturation
W20250111 18:32:36.505533 710526 ImuError.cpp:368] gyr saturation
W20250111 18:32:36.505540 710526 ImuError.cpp:368] gyr saturation
W20250111 18:32:36.505549 710526 ImuError.cpp:368] gyr saturation
W20250111 18:32:36.508824 710526 ImuError.cpp:650] gyr saturation
W20250111 18:32:36.508853 710526 ImuError.cpp:650] gyr saturation
W20250111 18:32:36.508857 710526 ImuError.cpp:650] gyr saturation
W20250111 18:32:36.508862 710526 ImuError.cpp:650] gyr saturation
W20250111 18:32:36.508867 710526 ImuError.cpp:650] gyr saturation
W20250111 18:32:36.508872 710526 ImuError.cpp:650] gyr saturation
W20250111 18:32:36.508877 710526 ImuError.cpp:650] gyr saturation
W20250111 18:32:36.508879 710526 ImuError.cpp:650] gyr saturation
W20250111 18:32:36.508883 710526 ImuError.cpp:650] gyr saturation
W20250111 18:32:36.508888 710526 ImuError.cpp:650] gyr saturation
W20250111 18:32:36.508890 710526 ImuError.cpp:650] gyr saturation
W20250111 18:32:36.508895 710526 ImuError.cpp:650] gyr saturation
W20250111 18:32:36.508898 710526 ImuError.cpp:650] gyr saturation
W20250111 18:32:36.508903 710526 ImuError.cpp:650] gyr saturation
W20250111 18:32:36.508905 710526 ImuError.cpp:650] gyr saturation
W20250111 18:32:36.508909 710526 ImuError.cpp:650] gyr saturation
W20250111 18:32:36.508913 710526 ImuError.cpp:650] gyr saturation
W20250111 18:32:36.508917 710526 ImuError.cpp:650] gyr saturation
W20250111 18:32:36.508922 710526 ImuError.cpp:650] gyr saturation
W20250111 18:32:36.508925 710526 ImuError.cpp:650] gyr saturation
W20250111 18:32:36.508929 710526 ImuError.cpp:650] gyr saturation
W20250111 18:32:36.508944 710526 ImuError.cpp:650] gyr saturation
W20250111 18:32:36.508947 710526 ImuError.cpp:650] gyr saturation
W20250111 18:32:36.508952 710526 ImuError.cpp:650] gyr saturation
W20250111 18:32:36.508956 710526 ImuError.cpp:650] gyr saturation
W20250111 18:32:36.508960 710526 ImuError.cpp:650] gyr saturation
W20250111 18:32:36.508965 710526 ImuError.cpp:650] gyr saturation
W20250111 18:32:36.508968 710526 ImuError.cpp:650] gyr saturation
W20250111 18:32:36.508973 710526 ImuError.cpp:650] gyr saturation
W20250111 18:32:36.508978 710526 ImuError.cpp:650] gyr saturation
W20250111 18:32:36.508981 710526 ImuError.cpp:650] gyr saturation
W20250111 18:32:36.508986 710526 ImuError.cpp:650] gyr saturation
W20250111 18:32:36.508994 710526 ImuError.cpp:650] gyr saturation
W20250111 18:32:36.508998 710526 ImuError.cpp:650] gyr saturation
W20250111 18:32:36.509001 710526 ImuError.cpp:650] gyr saturation
W20250111 18:32:36.509006 710526 ImuError.cpp:650] gyr saturation
W20250111 18:32:36.509011 710526 ImuError.cpp:650] gyr saturation
W20250111 18:32:36.509014 710526 ImuError.cpp:650] gyr saturation
W20250111 18:32:36.509018 710526 ImuError.cpp:650] gyr saturation
W20250111 18:32:36.509024 710526 ImuError.cpp:650] gyr saturation
W20250111 18:32:36.509029 710526 ImuError.cpp:650] gyr saturation
W20250111 18:32:36.509033 710526 ImuError.cpp:650] gyr saturation
W20250111 18:32:36.509037 710526 ImuError.cpp:650] gyr saturation
W20250111 18:32:36.509043 710526 ImuError.cpp:650] gyr saturation
W20250111 18:32:36.509050 710526 ImuError.cpp:650] gyr saturation
W20250111 18:32:36.509054 710526 ImuError.cpp:650] gyr saturation
W20250111 18:32:36.509058 710526 ImuError.cpp:650] gyr saturation
W20250111 18:32:36.509063 710526 ImuError.cpp:650] gyr saturation
W20250111 18:32:36.509066 710526 ImuError.cpp:650] gyr saturation
W20250111 18:32:36.509070 710526 ImuError.cpp:650] gyr saturation
W20250111 18:32:36.509074 710526 ImuError.cpp:650] gyr saturation
W20250111 18:32:36.509078 710526 ImuError.cpp:650] gyr saturation
W20250111 18:32:36.509081 710526 ImuError.cpp:650] gyr saturation
W20250111 18:32:36.509085 710526 ImuError.cpp:650] gyr saturation
W20250111 18:32:36.509089 710526 ImuError.cpp:650] gyr saturation
W20250111 18:32:36.509095 710526 ImuError.cpp:650] gyr saturation
W20250111 18:32:36.509099 710526 ImuError.cpp:650] gyr saturation
W20250111 18:32:36.509104 710526 ImuError.cpp:650] gyr saturation
W20250111 18:32:36.509109 710526 ImuError.cpp:650] gyr saturation
W20250111 18:32:36.509114 710526 ImuError.cpp:650] gyr saturation
W20250111 18:32:36.509117 710526 ImuError.cpp:650] gyr saturation
W20250111 18:32:36.509122 710526 ImuError.cpp:650] gyr saturation
W20250111 18:32:36.509126 710526 ImuError.cpp:650] gyr saturation
W20250111 18:32:36.509130 710526 ImuError.cpp:650] gyr saturation
W20250111 18:32:36.509135 710526 ImuError.cpp:650] gyr saturation
W20250111 18:32:36.509138 710526 ImuError.cpp:650] gyr saturation
W20250111 18:32:36.509142 710526 ImuError.cpp:650] gyr saturation
W20250111 18:32:36.509146 710526 ImuError.cpp:650] gyr saturation
W20250111 18:32:36.533046 710526 ImuError.cpp:650] gyr saturation
W20250111 18:32:36.533063 710526 ImuError.cpp:650] gyr saturation
W20250111 18:32:36.533066 710526 ImuError.cpp:650] gyr saturation
W20250111 18:32:36.533070 710526 ImuError.cpp:650] gyr saturation
W20250111 18:32:36.533074 710526 ImuError.cpp:650] gyr saturation
W20250111 18:32:36.533078 710526 ImuError.cpp:650] gyr saturation
W20250111 18:32:36.533082 710526 ImuError.cpp:650] gyr saturation
W20250111 18:32:36.533085 710526 ImuError.cpp:650] gyr saturation
W20250111 18:32:36.533088 710526 ImuError.cpp:650] gyr saturation
W20250111 18:32:36.533097 710526 ImuError.cpp:650] gyr saturation
W20250111 18:32:36.533100 710526 ImuError.cpp:650] gyr saturation
W20250111 18:32:36.533105 710526 ImuError.cpp:650] gyr saturation
W20250111 18:32:36.533114 710526 ImuError.cpp:650] gyr saturation
W20250111 18:32:36.533118 710526 ImuError.cpp:650] gyr saturation
W20250111 18:32:36.533123 710526 ImuError.cpp:650] gyr saturation
W20250111 18:32:36.533130 710526 ImuError.cpp:650] gyr saturation
W20250111 18:32:36.533134 710526 ImuError.cpp:650] gyr saturation
W20250111 18:32:36.533138 710526 ImuError.cpp:650] gyr saturation
W20250111 18:32:36.533143 710526 ImuError.cpp:650] gyr saturation
W20250111 18:32:36.533147 710526 ImuError.cpp:650] gyr saturation
W20250111 18:32:36.533150 710526 ImuError.cpp:650] gyr saturation
W20250111 18:32:36.533154 710526 ImuError.cpp:650] gyr saturation
W20250111 18:32:36.533157 710526 ImuError.cpp:650] gyr saturation
W20250111 18:32:36.533161 710526 ImuError.cpp:650] gyr saturation
W20250111 18:32:36.533164 710526 ImuError.cpp:650] gyr saturation
W20250111 18:32:36.533169 710526 ImuError.cpp:650] gyr saturation
W20250111 18:32:36.533171 710526 ImuError.cpp:650] gyr saturation
W20250111 18:32:36.533177 710526 ImuError.cpp:650] gyr saturation
W20250111 18:32:36.533181 710526 ImuError.cpp:650] gyr saturation
W20250111 18:32:36.533186 710526 ImuError.cpp:650] gyr saturation
W20250111 18:32:36.533190 710526 ImuError.cpp:650] gyr saturation
W20250111 18:32:36.533193 710526 ImuError.cpp:650] gyr saturation
W20250111 18:32:36.533200 710526 ImuError.cpp:650] gyr saturation
W20250111 18:32:36.533203 710526 ImuError.cpp:650] gyr saturation
W20250111 18:32:36.533207 710526 ImuError.cpp:650] gyr saturation
W20250111 18:32:36.533346 710526 ImuError.cpp:650] gyr saturation
W20250111 18:32:36.533351 710526 ImuError.cpp:650] gyr saturation
W20250111 18:32:36.533360 710526 ImuError.cpp:650] gyr saturation
W20250111 18:32:36.533365 710526 ImuError.cpp:650] gyr saturation
W20250111 18:32:36.533368 710526 ImuError.cpp:650] gyr saturation
W20250111 18:32:36.533371 710526 ImuError.cpp:650] gyr saturation
W20250111 18:32:36.533376 710526 ImuError.cpp:650] gyr saturation
W20250111 18:32:36.533380 710526 ImuError.cpp:650] gyr saturation
W20250111 18:32:36.533383 710526 ImuError.cpp:650] gyr saturation
W20250111 18:32:36.533387 710526 ImuError.cpp:650] gyr saturation
W20250111 18:32:36.533390 710526 ImuError.cpp:650] gyr saturation
W20250111 18:32:36.533394 710526 ImuError.cpp:650] gyr saturation
W20250111 18:32:36.533398 710526 ImuError.cpp:650] gyr saturation
W20250111 18:32:36.533402 710526 ImuError.cpp:650] gyr saturation
W20250111 18:32:36.533406 710526 ImuError.cpp:650] gyr saturation
W20250111 18:32:36.533411 710526 ImuError.cpp:650] gyr saturation
W20250111 18:32:36.533416 710526 ImuError.cpp:650] gyr saturation
W20250111 18:32:36.533419 710526 ImuError.cpp:650] gyr saturation
W20250111 18:32:36.533422 710526 ImuError.cpp:650] gyr saturation
W20250111 18:32:36.533427 710526 ImuError.cpp:650] gyr saturation
W20250111 18:32:36.533430 710526 ImuError.cpp:650] gyr saturation
W20250111 18:32:36.533433 710526 ImuError.cpp:650] gyr saturation
W20250111 18:32:36.533438 710526 ImuError.cpp:650] gyr saturation
W20250111 18:32:36.533442 710526 ImuError.cpp:650] gyr saturation
W20250111 18:32:36.533445 710526 ImuError.cpp:650] gyr saturation
W20250111 18:32:36.533449 710526 ImuError.cpp:650] gyr saturation
W20250111 18:32:36.533453 710526 ImuError.cpp:650] gyr saturation
W20250111 18:32:36.533456 710526 ImuError.cpp:650] gyr saturation
W20250111 18:32:36.533463 710526 ImuError.cpp:650] gyr saturation
W20250111 18:32:36.533465 710526 ImuError.cpp:650] gyr saturation
W20250111 18:32:36.533469 710526 ImuError.cpp:650] gyr saturation
W20250111 18:32:36.533473 710526 ImuError.cpp:650] gyr saturation
W20250111 18:32:36.533476 710526 ImuError.cpp:650] gyr saturation
W20250111 18:32:36.533479 710526 ImuError.cpp:650] gyr saturation
W20250111 18:32:36.533484 710526 ImuError.cpp:650] gyr saturation
W20250111 18:32:36.535841 710526 ImuError.cpp:368] gyr saturation
W20250111 18:32:36.535872 710526 ImuError.cpp:368] gyr saturation
W20250111 18:32:36.535882 710526 ImuError.cpp:368] gyr saturation
W20250111 18:32:36.535897 710526 ImuError.cpp:368] gyr saturation
W20250111 18:32:36.535905 710526 ImuError.cpp:368] gyr saturation
W20250111 18:32:36.535913 710526 ImuError.cpp:368] gyr saturation
W20250111 18:32:36.535921 710526 ImuError.cpp:368] gyr saturation
W20250111 18:32:36.535929 710526 ImuError.cpp:368] gyr saturation
W20250111 18:32:36.535940 710526 ImuError.cpp:368] gyr saturation
W20250111 18:32:36.535948 710526 ImuError.cpp:368] gyr saturation
W20250111 18:32:36.535959 710526 ImuError.cpp:368] gyr saturation
W20250111 18:32:36.535966 710526 ImuError.cpp:368] gyr saturation
W20250111 18:32:36.535974 710526 ImuError.cpp:368] gyr saturation
W20250111 18:32:36.535982 710526 ImuError.cpp:368] gyr saturation
W20250111 18:32:36.535995 710526 ImuError.cpp:368] gyr saturation
W20250111 18:32:36.536001 710526 ImuError.cpp:368] gyr saturation
W20250111 18:32:36.536010 710526 ImuError.cpp:368] gyr saturation
W20250111 18:32:36.536016 710526 ImuError.cpp:368] gyr saturation
W20250111 18:32:36.536026 710526 ImuError.cpp:368] gyr saturation
W20250111 18:32:36.536036 710526 ImuError.cpp:368] gyr saturation
W20250111 18:32:36.536043 710526 ImuError.cpp:368] gyr saturation
W20250111 18:32:36.536055 710526 ImuError.cpp:368] gyr saturation
W20250111 18:32:36.536064 710526 ImuError.cpp:368] gyr saturation
W20250111 18:32:36.536073 710526 ImuError.cpp:368] gyr saturation
W20250111 18:32:36.536082 710526 ImuError.cpp:368] gyr saturation
W20250111 18:32:36.536092 710526 ImuError.cpp:368] gyr saturation
W20250111 18:32:36.536100 710526 ImuError.cpp:368] gyr saturation
W20250111 18:32:36.536108 710526 ImuError.cpp:368] gyr saturation
W20250111 18:32:36.536118 710526 ImuError.cpp:368] gyr saturation
W20250111 18:32:36.536128 710526 ImuError.cpp:368] gyr saturation
W20250111 18:32:36.536137 710526 ImuError.cpp:368] gyr saturation
W20250111 18:32:36.536147 710526 ImuError.cpp:368] gyr saturation
W20250111 18:32:36.536155 710526 ImuError.cpp:368] gyr saturation
W20250111 18:32:36.536163 710526 ImuError.cpp:368] gyr saturation
W20250111 18:32:36.536171 710526 ImuError.cpp:368] gyr saturation
W20250111 18:32:36.539788 710526 ImuError.cpp:650] gyr saturation
W20250111 18:32:36.539816 710526 ImuError.cpp:650] gyr saturation
W20250111 18:32:36.539821 710526 ImuError.cpp:650] gyr saturation
W20250111 18:32:36.539825 710526 ImuError.cpp:650] gyr saturation
W20250111 18:32:36.539829 710526 ImuError.cpp:650] gyr saturation
W20250111 18:32:36.539832 710526 ImuError.cpp:650] gyr saturation
W20250111 18:32:36.539836 710526 ImuError.cpp:650] gyr saturation
W20250111 18:32:36.539839 710526 ImuError.cpp:650] gyr saturation
W20250111 18:32:36.539845 710526 ImuError.cpp:650] gyr saturation
W20250111 18:32:36.539849 710526 ImuError.cpp:650] gyr saturation
W20250111 18:32:36.539855 710526 ImuError.cpp:650] gyr saturation
W20250111 18:32:36.539860 710526 ImuError.cpp:650] gyr saturation
W20250111 18:32:36.539863 710526 ImuError.cpp:650] gyr saturation
W20250111 18:32:36.539868 710526 ImuError.cpp:650] gyr saturation
W20250111 18:32:36.539872 710526 ImuError.cpp:650] gyr saturation
W20250111 18:32:36.539876 710526 ImuError.cpp:650] gyr saturation
W20250111 18:32:36.539881 710526 ImuError.cpp:650] gyr saturation
W20250111 18:32:36.539885 710526 ImuError.cpp:650] gyr saturation
W20250111 18:32:36.539889 710526 ImuError.cpp:650] gyr saturation
W20250111 18:32:36.539893 710526 ImuError.cpp:650] gyr saturation
W20250111 18:32:36.539899 710526 ImuError.cpp:650] gyr saturation
W20250111 18:32:36.539903 710526 ImuError.cpp:650] gyr saturation
W20250111 18:32:36.539909 710526 ImuError.cpp:650] gyr saturation
W20250111 18:32:36.539912 710526 ImuError.cpp:650] gyr saturation
W20250111 18:32:36.539917 710526 ImuError.cpp:650] gyr saturation
W20250111 18:32:36.539922 710526 ImuError.cpp:650] gyr saturation
W20250111 18:32:36.539927 710526 ImuError.cpp:650] gyr saturation
W20250111 18:32:36.539932 710526 ImuError.cpp:650] gyr saturation
W20250111 18:32:36.539935 710526 ImuError.cpp:650] gyr saturation
W20250111 18:32:36.539939 710526 ImuError.cpp:650] gyr saturation
W20250111 18:32:36.539943 710526 ImuError.cpp:650] gyr saturation
W20250111 18:32:36.539950 710526 ImuError.cpp:650] gyr saturation
W20250111 18:32:36.539956 710526 ImuError.cpp:650] gyr saturation
W20250111 18:32:36.539960 710526 ImuError.cpp:650] gyr saturation
W20250111 18:32:36.539966 710526 ImuError.cpp:650] gyr saturation
W20250111 18:32:36.539973 710526 ImuError.cpp:650] gyr saturation
W20250111 18:32:36.539978 710526 ImuError.cpp:650] gyr saturation
W20250111 18:32:36.539983 710526 ImuError.cpp:650] gyr saturation
W20250111 18:32:36.539986 710526 ImuError.cpp:650] gyr saturation
W20250111 18:32:36.539994 710526 ImuError.cpp:650] gyr saturation
W20250111 18:32:36.539996 710526 ImuError.cpp:650] gyr saturation
W20250111 18:32:36.540000 710526 ImuError.cpp:650] gyr saturation
W20250111 18:32:36.540004 710526 ImuError.cpp:650] gyr saturation
W20250111 18:32:36.540007 710526 ImuError.cpp:650] gyr saturation
W20250111 18:32:36.540012 710526 ImuError.cpp:650] gyr saturation
W20250111 18:32:36.540019 710526 ImuError.cpp:650] gyr saturation
W20250111 18:32:36.540021 710526 ImuError.cpp:650] gyr saturation
W20250111 18:32:36.540025 710526 ImuError.cpp:650] gyr saturation
W20250111 18:32:36.540030 710526 ImuError.cpp:650] gyr saturation
W20250111 18:32:36.540035 710526 ImuError.cpp:650] gyr saturation
W20250111 18:32:36.540038 710526 ImuError.cpp:650] gyr saturation
W20250111 18:32:36.540043 710526 ImuError.cpp:650] gyr saturation
W20250111 18:32:36.540047 710526 ImuError.cpp:650] gyr saturation
W20250111 18:32:36.540052 710526 ImuError.cpp:650] gyr saturation
W20250111 18:32:36.540056 710526 ImuError.cpp:650] gyr saturation
W20250111 18:32:36.540061 710526 ImuError.cpp:650] gyr saturation
W20250111 18:32:36.540068 710526 ImuError.cpp:650] gyr saturation
W20250111 18:32:36.540074 710526 ImuError.cpp:650] gyr saturation
W20250111 18:32:36.540078 710526 ImuError.cpp:650] gyr saturation
W20250111 18:32:36.540082 710526 ImuError.cpp:650] gyr saturation
W20250111 18:32:36.540086 710526 ImuError.cpp:650] gyr saturation
W20250111 18:32:36.540091 710526 ImuError.cpp:650] gyr saturation
W20250111 18:32:36.540097 710526 ImuError.cpp:650] gyr saturation
W20250111 18:32:36.540102 710526 ImuError.cpp:650] gyr saturation
W20250111 18:32:36.540105 710526 ImuError.cpp:650] gyr saturation
W20250111 18:32:36.540109 710526 ImuError.cpp:650] gyr saturation
W20250111 18:32:36.540113 710526 ImuError.cpp:650] gyr saturation
W20250111 18:32:36.559484 710526 ImuError.cpp:650] gyr saturation
W20250111 18:32:36.559520 710526 ImuError.cpp:650] gyr saturation
W20250111 18:32:36.559525 710526 ImuError.cpp:650] gyr saturation
W20250111 18:32:36.559530 710526 ImuError.cpp:650] gyr saturation
W20250111 18:32:36.559532 710526 ImuError.cpp:650] gyr saturation
W20250111 18:32:36.559535 710526 ImuError.cpp:650] gyr saturation
W20250111 18:32:36.559540 710526 ImuError.cpp:650] gyr saturation
W20250111 18:32:36.559547 710526 ImuError.cpp:650] gyr saturation
W20250111 18:32:36.559551 710526 ImuError.cpp:650] gyr saturation
W20250111 18:32:36.559556 710526 ImuError.cpp:650] gyr saturation
W20250111 18:32:36.559559 710526 ImuError.cpp:650] gyr saturation
W20250111 18:32:36.559564 710526 ImuError.cpp:650] gyr saturation
W20250111 18:32:36.559576 710526 ImuError.cpp:650] gyr saturation
W20250111 18:32:36.559578 710526 ImuError.cpp:650] gyr saturation
W20250111 18:32:36.559583 710526 ImuError.cpp:650] gyr saturation
W20250111 18:32:36.559587 710526 ImuError.cpp:650] gyr saturation
W20250111 18:32:36.559592 710526 ImuError.cpp:650] gyr saturation
W20250111 18:32:36.559595 710526 ImuError.cpp:650] gyr saturation
W20250111 18:32:36.559599 710526 ImuError.cpp:650] gyr saturation
W20250111 18:32:36.559604 710526 ImuError.cpp:650] gyr saturation
W20250111 18:32:36.559609 710526 ImuError.cpp:650] gyr saturation
W20250111 18:32:36.559613 710526 ImuError.cpp:650] gyr saturation
W20250111 18:32:36.559618 710526 ImuError.cpp:650] gyr saturation
W20250111 18:32:36.559623 710526 ImuError.cpp:650] gyr saturation
W20250111 18:32:36.559626 710526 ImuError.cpp:650] gyr saturation
W20250111 18:32:36.559633 710526 ImuError.cpp:650] gyr saturation
W20250111 18:32:36.559635 710526 ImuError.cpp:650] gyr saturation
W20250111 18:32:36.559639 710526 ImuError.cpp:650] gyr saturation
W20250111 18:32:36.559644 710526 ImuError.cpp:650] gyr saturation
W20250111 18:32:36.559648 710526 ImuError.cpp:650] gyr saturation
W20250111 18:32:36.559656 710526 ImuError.cpp:650] gyr saturation
W20250111 18:32:36.559660 710526 ImuError.cpp:650] gyr saturation
W20250111 18:32:36.559665 710526 ImuError.cpp:650] gyr saturation
W20250111 18:32:36.559712 710526 ImuError.cpp:650] gyr saturation
W20250111 18:32:36.559717 710526 ImuError.cpp:650] gyr saturation
W20250111 18:32:36.559721 710526 ImuError.cpp:650] gyr saturation
W20250111 18:32:36.559727 710526 ImuError.cpp:650] gyr saturation
W20250111 18:32:36.559731 710526 ImuError.cpp:650] gyr saturation
W20250111 18:32:36.559734 710526 ImuError.cpp:650] gyr saturation
W20250111 18:32:36.559738 710526 ImuError.cpp:650] gyr saturation
W20250111 18:32:36.559742 710526 ImuError.cpp:650] gyr saturation
W20250111 18:32:36.559746 710526 ImuError.cpp:650] gyr saturation
W20250111 18:32:36.559749 710526 ImuError.cpp:650] gyr saturation
W20250111 18:32:36.559754 710526 ImuError.cpp:650] gyr saturation
W20250111 18:32:36.559758 710526 ImuError.cpp:650] gyr saturation
W20250111 18:32:36.559762 710526 ImuError.cpp:650] gyr saturation
W20250111 18:32:36.559767 710526 ImuError.cpp:650] gyr saturation
W20250111 18:32:36.559770 710526 ImuError.cpp:650] gyr saturation
W20250111 18:32:36.559774 710526 ImuError.cpp:650] gyr saturation
W20250111 18:32:36.559778 710526 ImuError.cpp:650] gyr saturation
W20250111 18:32:36.559782 710526 ImuError.cpp:650] gyr saturation
W20250111 18:32:36.559790 710526 ImuError.cpp:650] gyr saturation
W20250111 18:32:36.559794 710526 ImuError.cpp:650] gyr saturation
W20250111 18:32:36.559800 710526 ImuError.cpp:650] gyr saturation
W20250111 18:32:36.559805 710526 ImuError.cpp:650] gyr saturation
W20250111 18:32:36.559811 710526 ImuError.cpp:650] gyr saturation
W20250111 18:32:36.559816 710526 ImuError.cpp:650] gyr saturation
W20250111 18:32:36.559820 710526 ImuError.cpp:650] gyr saturation
W20250111 18:32:36.559823 710526 ImuError.cpp:650] gyr saturation
W20250111 18:32:36.559828 710526 ImuError.cpp:650] gyr saturation
W20250111 18:32:36.559832 710526 ImuError.cpp:650] gyr saturation
W20250111 18:32:36.559835 710526 ImuError.cpp:650] gyr saturation
W20250111 18:32:36.559841 710526 ImuError.cpp:650] gyr saturation
W20250111 18:32:36.559844 710526 ImuError.cpp:650] gyr saturation
W20250111 18:32:36.559849 710526 ImuError.cpp:650] gyr saturation
W20250111 18:32:36.559852 710526 ImuError.cpp:650] gyr saturation
W20250111 18:32:36.562412 710526 ImuError.cpp:368] gyr saturation
W20250111 18:32:36.562451 710526 ImuError.cpp:368] gyr saturation
W20250111 18:32:36.562464 710526 ImuError.cpp:368] gyr saturation
W20250111 18:32:36.562476 710526 ImuError.cpp:368] gyr saturation
W20250111 18:32:36.562485 710526 ImuError.cpp:368] gyr saturation
W20250111 18:32:36.562494 710526 ImuError.cpp:368] gyr saturation
W20250111 18:32:36.562502 710526 ImuError.cpp:368] gyr saturation
W20250111 18:32:36.562511 710526 ImuError.cpp:368] gyr saturation
W20250111 18:32:36.562520 710526 ImuError.cpp:368] gyr saturation
W20250111 18:32:36.562528 710526 ImuError.cpp:368] gyr saturation
W20250111 18:32:36.562536 710526 ImuError.cpp:368] gyr saturation
W20250111 18:32:36.562546 710526 ImuError.cpp:368] gyr saturation
W20250111 18:32:36.562553 710526 ImuError.cpp:368] gyr saturation
W20250111 18:32:36.562563 710526 ImuError.cpp:368] gyr saturation
W20250111 18:32:36.562572 710526 ImuError.cpp:368] gyr saturation
W20250111 18:32:36.562580 710526 ImuError.cpp:368] gyr saturation
W20250111 18:32:36.562589 710526 ImuError.cpp:368] gyr saturation
W20250111 18:32:36.562599 710526 ImuError.cpp:368] gyr saturation
W20250111 18:32:36.562608 710526 ImuError.cpp:368] gyr saturation
W20250111 18:32:36.562616 710526 ImuError.cpp:368] gyr saturation
W20250111 18:32:36.562624 710526 ImuError.cpp:368] gyr saturation
W20250111 18:32:36.562633 710526 ImuError.cpp:368] gyr saturation
W20250111 18:32:36.562641 710526 ImuError.cpp:368] gyr saturation
W20250111 18:32:36.562649 710526 ImuError.cpp:368] gyr saturation
W20250111 18:32:36.562660 710526 ImuError.cpp:368] gyr saturation
W20250111 18:32:36.562669 710526 ImuError.cpp:368] gyr saturation
W20250111 18:32:36.562683 710526 ImuError.cpp:368] gyr saturation
W20250111 18:32:36.562691 710526 ImuError.cpp:368] gyr saturation
W20250111 18:32:36.562701 710526 ImuError.cpp:368] gyr saturation
W20250111 18:32:36.562709 710526 ImuError.cpp:368] gyr saturation
W20250111 18:32:36.562719 710526 ImuError.cpp:368] gyr saturation
W20250111 18:32:36.562728 710526 ImuError.cpp:368] gyr saturation
W20250111 18:32:36.562736 710526 ImuError.cpp:368] gyr saturation
W20250111 18:32:36.566222 710526 ImuError.cpp:650] gyr saturation
W20250111 18:32:36.566251 710526 ImuError.cpp:650] gyr saturation
W20250111 18:32:36.566256 710526 ImuError.cpp:650] gyr saturation
W20250111 18:32:36.566260 710526 ImuError.cpp:650] gyr saturation
W20250111 18:32:36.566267 710526 ImuError.cpp:650] gyr saturation
W20250111 18:32:36.566272 710526 ImuError.cpp:650] gyr saturation
W20250111 18:32:36.566275 710526 ImuError.cpp:650] gyr saturation
W20250111 18:32:36.566278 710526 ImuError.cpp:650] gyr saturation
W20250111 18:32:36.566282 710526 ImuError.cpp:650] gyr saturation
W20250111 18:32:36.566285 710526 ImuError.cpp:650] gyr saturation
W20250111 18:32:36.566289 710526 ImuError.cpp:650] gyr saturation
W20250111 18:32:36.566294 710526 ImuError.cpp:650] gyr saturation
W20250111 18:32:36.566299 710526 ImuError.cpp:650] gyr saturation
W20250111 18:32:36.566303 710526 ImuError.cpp:650] gyr saturation
W20250111 18:32:36.566318 710526 ImuError.cpp:650] gyr saturation
W20250111 18:32:36.566321 710526 ImuError.cpp:650] gyr saturation
W20250111 18:32:36.566326 710526 ImuError.cpp:650] gyr saturation
W20250111 18:32:36.566331 710526 ImuError.cpp:650] gyr saturation
W20250111 18:32:36.566335 710526 ImuError.cpp:650] gyr saturation
W20250111 18:32:36.566340 710526 ImuError.cpp:650] gyr saturation
W20250111 18:32:36.566344 710526 ImuError.cpp:650] gyr saturation
W20250111 18:32:36.566349 710526 ImuError.cpp:650] gyr saturation
W20250111 18:32:36.566354 710526 ImuError.cpp:650] gyr saturation
W20250111 18:32:36.566357 710526 ImuError.cpp:650] gyr saturation
W20250111 18:32:36.566363 710526 ImuError.cpp:650] gyr saturation
W20250111 18:32:36.566370 710526 ImuError.cpp:650] gyr saturation
W20250111 18:32:36.566372 710526 ImuError.cpp:650] gyr saturation
W20250111 18:32:36.566378 710526 ImuError.cpp:650] gyr saturation
W20250111 18:32:36.566382 710526 ImuError.cpp:650] gyr saturation
W20250111 18:32:36.566390 710526 ImuError.cpp:650] gyr saturation
W20250111 18:32:36.566394 710526 ImuError.cpp:650] gyr saturation
W20250111 18:32:36.566398 710526 ImuError.cpp:650] gyr saturation
W20250111 18:32:36.566402 710526 ImuError.cpp:650] gyr saturation
W20250111 18:32:36.592846 921195 ImuError.cpp:165] gyr saturation
W20250111 18:32:36.592969 921195 ImuError.cpp:165] gyr saturation
W20250111 18:32:36.592984 921195 ImuError.cpp:165] gyr saturation
W20250111 18:32:36.593003 921195 ImuError.cpp:165] gyr saturation
W20250111 18:32:36.593014 921195 ImuError.cpp:165] gyr saturation
W20250111 18:32:36.593024 921195 ImuError.cpp:165] gyr saturation
W20250111 18:32:36.593035 921195 ImuError.cpp:165] gyr saturation
W20250111 18:32:36.593046 921195 ImuError.cpp:165] gyr saturation
W20250111 18:32:36.593056 921195 ImuError.cpp:165] gyr saturation
W20250111 18:32:36.593067 921195 ImuError.cpp:165] gyr saturation
W20250111 18:32:36.593078 921195 ImuError.cpp:165] gyr saturation
W20250111 18:32:36.593089 921195 ImuError.cpp:165] gyr saturation
W20250111 18:32:36.593101 921195 ImuError.cpp:165] gyr saturation
W20250111 18:32:36.593111 921195 ImuError.cpp:165] gyr saturation
W20250111 18:32:36.593122 921195 ImuError.cpp:165] gyr saturation
W20250111 18:32:36.593133 921195 ImuError.cpp:165] gyr saturation
W20250111 18:32:36.593144 921195 ImuError.cpp:165] gyr saturation
W20250111 18:32:36.593155 921195 ImuError.cpp:165] gyr saturation
W20250111 18:32:36.593165 921195 ImuError.cpp:165] gyr saturation
W20250111 18:32:36.593176 921195 ImuError.cpp:165] gyr saturation
W20250111 18:32:36.593187 921195 ImuError.cpp:165] gyr saturation
W20250111 18:32:36.593199 921195 ImuError.cpp:165] gyr saturation
W20250111 18:32:36.593220 921195 ImuError.cpp:165] gyr saturation
W20250111 18:32:36.593231 921195 ImuError.cpp:165] gyr saturation
W20250111 18:32:36.593242 921195 ImuError.cpp:165] gyr saturation
W20250111 18:32:36.593253 921195 ImuError.cpp:165] gyr saturation
W20250111 18:32:36.593264 921195 ImuError.cpp:165] gyr saturation
W20250111 18:32:36.593276 921195 ImuError.cpp:165] gyr saturation
W20250111 18:32:36.593286 921195 ImuError.cpp:165] gyr saturation
W20250111 18:32:36.593297 921195 ImuError.cpp:165] gyr saturation
W20250111 18:32:36.593308 921195 ImuError.cpp:165] gyr saturation
W20250111 18:32:36.593319 921195 ImuError.cpp:165] gyr saturation
W20250111 18:32:36.593329 921195 ImuError.cpp:165] gyr saturation
W20250111 18:32:36.593340 921195 ImuError.cpp:165] gyr saturation
W20250111 18:32:36.593575 921195 ImuError.cpp:165] gyr saturation
W20250111 18:32:36.593590 921195 ImuError.cpp:165] gyr saturation
W20250111 18:32:36.593601 921195 ImuError.cpp:165] gyr saturation
W20250111 18:32:36.593612 921195 ImuError.cpp:165] gyr saturation
W20250111 18:32:36.593624 921195 ImuError.cpp:165] gyr saturation
W20250111 18:32:36.593634 921195 ImuError.cpp:165] gyr saturation
W20250111 18:32:36.593647 921195 ImuError.cpp:165] gyr saturation
W20250111 18:32:36.593657 921195 ImuError.cpp:165] gyr saturation
W20250111 18:32:36.593668 921195 ImuError.cpp:165] gyr saturation
W20250111 18:32:36.593688 921195 ImuError.cpp:165] gyr saturation
W20250111 18:32:36.593699 921195 ImuError.cpp:165] gyr saturation
W20250111 18:32:36.593709 921195 ImuError.cpp:165] gyr saturation
W20250111 18:32:36.593720 921195 ImuError.cpp:165] gyr saturation
W20250111 18:32:36.593731 921195 ImuError.cpp:165] gyr saturation
W20250111 18:32:36.593741 921195 ImuError.cpp:165] gyr saturation
W20250111 18:32:36.593752 921195 ImuError.cpp:165] gyr saturation
W20250111 18:32:36.593763 921195 ImuError.cpp:165] gyr saturation
W20250111 18:32:36.593775 921195 ImuError.cpp:165] gyr saturation
W20250111 18:32:36.593786 921195 ImuError.cpp:165] gyr saturation
W20250111 18:32:36.593796 921195 ImuError.cpp:165] gyr saturation
W20250111 18:32:36.593808 921195 ImuError.cpp:165] gyr saturation
W20250111 18:32:36.593818 921195 ImuError.cpp:165] gyr saturation
W20250111 18:32:36.593829 921195 ImuError.cpp:165] gyr saturation
W20250111 18:32:36.593840 921195 ImuError.cpp:165] gyr saturation
W20250111 18:32:36.593851 921195 ImuError.cpp:165] gyr saturation
W20250111 18:32:36.593863 921195 ImuError.cpp:165] gyr saturation
W20250111 18:32:36.593873 921195 ImuError.cpp:165] gyr saturation
W20250111 18:32:36.593884 921195 ImuError.cpp:165] gyr saturation
W20250111 18:32:36.593894 921195 ImuError.cpp:165] gyr saturation
W20250111 18:32:36.593905 921195 ImuError.cpp:165] gyr saturation
W20250111 18:32:36.593916 921195 ImuError.cpp:165] gyr saturation
W20250111 18:32:36.593926 921195 ImuError.cpp:165] gyr saturation
W20250111 18:32:36.593937 921195 ImuError.cpp:165] gyr saturation
W20250111 18:32:36.593948 921195 ImuError.cpp:165] gyr saturation
I20250111 18:32:36.596700 710526 Frontend.cpp:2274] RANSAC FAIL: 56 inliers, ratio = 0.643678
I20250111 18:32:37.644196 710526 Frontend.cpp:2274] RANSAC FAIL: 48 inliers, ratio = 0.685714
W20250111 18:32:38.071957 710526 ImuError.cpp:650] gyr saturation
W20250111 18:32:38.072008 710526 ImuError.cpp:650] gyr saturation
W20250111 18:32:38.072016 710526 ImuError.cpp:650] gyr saturation
W20250111 18:32:38.072022 710526 ImuError.cpp:650] gyr saturation
W20250111 18:32:38.072027 710526 ImuError.cpp:650] gyr saturation
W20250111 18:32:38.072032 710526 ImuError.cpp:650] gyr saturation
W20250111 18:32:38.072037 710526 ImuError.cpp:650] gyr saturation
W20250111 18:32:38.072042 710526 ImuError.cpp:650] gyr saturation
W20250111 18:32:38.072047 710526 ImuError.cpp:650] gyr saturation
W20250111 18:32:38.072052 710526 ImuError.cpp:650] gyr saturation
W20250111 18:32:38.072057 710526 ImuError.cpp:650] gyr saturation
W20250111 18:32:38.072062 710526 ImuError.cpp:650] gyr saturation
W20250111 18:32:38.072067 710526 ImuError.cpp:650] gyr saturation
W20250111 18:32:38.072072 710526 ImuError.cpp:650] gyr saturation
W20250111 18:32:38.072077 710526 ImuError.cpp:650] gyr saturation
W20250111 18:32:38.072081 710526 ImuError.cpp:650] gyr saturation
W20250111 18:32:38.072093 710526 ImuError.cpp:650] gyr saturation
W20250111 18:32:38.072098 710526 ImuError.cpp:650] gyr saturation
W20250111 18:32:38.072101 710526 ImuError.cpp:650] gyr saturation
W20250111 18:32:38.072106 710526 ImuError.cpp:650] gyr saturation
W20250111 18:32:38.072111 710526 ImuError.cpp:650] gyr saturation
W20250111 18:32:38.096608 710526 ImuError.cpp:650] gyr saturation
W20250111 18:32:38.096644 710526 ImuError.cpp:650] gyr saturation
W20250111 18:32:38.096648 710526 ImuError.cpp:650] gyr saturation
W20250111 18:32:38.096652 710526 ImuError.cpp:650] gyr saturation
W20250111 18:32:38.096658 710526 ImuError.cpp:650] gyr saturation
W20250111 18:32:38.096661 710526 ImuError.cpp:650] gyr saturation
W20250111 18:32:38.096664 710526 ImuError.cpp:650] gyr saturation
W20250111 18:32:38.096668 710526 ImuError.cpp:650] gyr saturation
W20250111 18:32:38.096671 710526 ImuError.cpp:650] gyr saturation
W20250111 18:32:38.096679 710526 ImuError.cpp:650] gyr saturation
W20250111 18:32:38.096683 710526 ImuError.cpp:650] gyr saturation
W20250111 18:32:38.096686 710526 ImuError.cpp:650] gyr saturation
W20250111 18:32:38.096690 710526 ImuError.cpp:650] gyr saturation
W20250111 18:32:38.096693 710526 ImuError.cpp:650] gyr saturation
W20250111 18:32:38.096706 710526 ImuError.cpp:650] gyr saturation
W20250111 18:32:38.096711 710526 ImuError.cpp:650] gyr saturation
W20250111 18:32:38.096715 710526 ImuError.cpp:650] gyr saturation
W20250111 18:32:38.096719 710526 ImuError.cpp:650] gyr saturation
W20250111 18:32:38.096724 710526 ImuError.cpp:650] gyr saturation
W20250111 18:32:38.096729 710526 ImuError.cpp:650] gyr saturation
W20250111 18:32:38.096731 710526 ImuError.cpp:650] gyr saturation
W20250111 18:32:38.097057 710526 ImuError.cpp:650] gyr saturation
W20250111 18:32:38.097064 710526 ImuError.cpp:650] gyr saturation
W20250111 18:32:38.097067 710526 ImuError.cpp:650] gyr saturation
W20250111 18:32:38.097070 710526 ImuError.cpp:650] gyr saturation
W20250111 18:32:38.097074 710526 ImuError.cpp:650] gyr saturation
W20250111 18:32:38.097079 710526 ImuError.cpp:650] gyr saturation
W20250111 18:32:38.097083 710526 ImuError.cpp:650] gyr saturation
W20250111 18:32:38.097088 710526 ImuError.cpp:650] gyr saturation
W20250111 18:32:38.097092 710526 ImuError.cpp:650] gyr saturation
W20250111 18:32:38.097097 710526 ImuError.cpp:650] gyr saturation
W20250111 18:32:38.097102 710526 ImuError.cpp:650] gyr saturation
W20250111 18:32:38.097106 710526 ImuError.cpp:650] gyr saturation
W20250111 18:32:38.097110 710526 ImuError.cpp:650] gyr saturation
W20250111 18:32:38.097115 710526 ImuError.cpp:650] gyr saturation
W20250111 18:32:38.097118 710526 ImuError.cpp:650] gyr saturation
W20250111 18:32:38.097126 710526 ImuError.cpp:650] gyr saturation
W20250111 18:32:38.097131 710526 ImuError.cpp:650] gyr saturation
W20250111 18:32:38.097136 710526 ImuError.cpp:650] gyr saturation
W20250111 18:32:38.097141 710526 ImuError.cpp:650] gyr saturation
W20250111 18:32:38.097143 710526 ImuError.cpp:650] gyr saturation
W20250111 18:32:38.097149 710526 ImuError.cpp:650] gyr saturation
I20250111 18:32:38.099052 710526 Frontend.cpp:2274] RANSAC FAIL: 41 inliers, ratio = 0.61194
W20250111 18:32:38.100450 710526 ImuError.cpp:368] gyr saturation
W20250111 18:32:38.100476 710526 ImuError.cpp:368] gyr saturation
W20250111 18:32:38.100484 710526 ImuError.cpp:368] gyr saturation
W20250111 18:32:38.100492 710526 ImuError.cpp:368] gyr saturation
W20250111 18:32:38.100499 710526 ImuError.cpp:368] gyr saturation
W20250111 18:32:38.100509 710526 ImuError.cpp:368] gyr saturation
W20250111 18:32:38.100517 710526 ImuError.cpp:368] gyr saturation
W20250111 18:32:38.100526 710526 ImuError.cpp:368] gyr saturation
W20250111 18:32:38.100533 710526 ImuError.cpp:368] gyr saturation
W20250111 18:32:38.100543 710526 ImuError.cpp:368] gyr saturation
W20250111 18:32:38.100551 710526 ImuError.cpp:368] gyr saturation
W20250111 18:32:38.100559 710526 ImuError.cpp:368] gyr saturation
W20250111 18:32:38.100569 710526 ImuError.cpp:368] gyr saturation
W20250111 18:32:38.100576 710526 ImuError.cpp:368] gyr saturation
W20250111 18:32:38.100584 710526 ImuError.cpp:368] gyr saturation
W20250111 18:32:38.100598 710526 ImuError.cpp:368] gyr saturation
W20250111 18:32:38.100606 710526 ImuError.cpp:368] gyr saturation
W20250111 18:32:38.100615 710526 ImuError.cpp:368] gyr saturation
W20250111 18:32:38.100623 710526 ImuError.cpp:368] gyr saturation
W20250111 18:32:38.100632 710526 ImuError.cpp:368] gyr saturation
W20250111 18:32:38.100641 710526 ImuError.cpp:368] gyr saturation
I20250111 18:32:38.104918 710526 okvis_app_synchronous.cpp:210] OKVIS Timing
-----------
1 DetectAndDescribe                	   3457	00:00:06.601826	(00:00:00.001910 +- 00:00:00.000345)	[00:00:00.000953,00:00:00.003588]
2 Match                            	   3457	00:00:23.501688	(00:00:00.006798 +- 00:00:00.002712)	[00:00:00.000197,00:00:00.016206]
2.01 match to map                  	   3456	00:00:17.068120	(00:00:00.004939 +- 00:00:00.002313)	[00:00:00.000053,00:00:00.013730]
2.02 match motion stereo           	   3456	00:00:04.540109	(00:00:00.001314 +- 00:00:00.000433)	[00:00:00.000053,00:00:00.004424]
2.02.1 match motion stereo: prepare	   3456	00:00:01.020615	(00:00:00.000295 +- 00:00:00.000114)	[00:00:00.000001,00:00:00.000779]
2.10 match stereo                  	    935	00:00:00.035886	(00:00:00.000038 +- 00:00:00.000047)	[00:00:00.000001,00:00:00.000428]
3 Optimise                         	   3456	00:00:55.338233	(00:00:00.016012 +- 00:00:00.009412)	[00:00:00.001187,00:00:00.090674]
4 Prepare publishing               	   3456	00:00:02.828728	(00:00:00.000818 +- 00:00:00.000333)	[00:00:00.000037,00:00:00.002241]
6 Visualising                      	   3456	00:00:00.000626	(00:00:00.000000 +- 00:00:00.000000)	[00:00:00.000000,00:00:00.000001]
7 Marginalise                      	   3456	00:00:06.137665	(00:00:00.001776 +- 00:00:00.000805)	[00:00:00.000006,00:00:00.006724]
7.1 check/handle lost              	   3456	00:00:00.103167	(00:00:00.000030 +- 00:00:00.000019)	[00:00:00.000000,00:00:00.000202]
7.2 eliminate IMU frames           	   3456	00:00:02.650465	(00:00:00.000767 +- 00:00:00.000551)	[00:00:00.000000,00:00:00.002857]
7.3 convert to posegraph           	   1216	00:00:00.973577	(00:00:00.000801 +- 00:00:00.000472)	[00:00:00.000123,00:00:00.004117]
7.4 freezing                       	   3455	00:00:00.003805	(00:00:00.000001 +- 00:00:00.000002)	[00:00:00.000000,00:00:00.000018]
7.6 expand                         	   3418	00:00:00.782190	(00:00:00.000229 +- 00:00:00.000140)	[00:00:00.000022,00:00:00.001899]
7.7 prune place recognition frames 	   3455	00:00:00.785499	(00:00:00.000227 +- 00:00:00.000125)	[00:00:00.000003,00:00:00.000882]
I20250111 18:32:38.105016 710526 okvis_app_synchronous.cpp:219] Progress: 64% (1 [1%/s], ETA: 36s)
W20250111 18:32:38.105041 710526 ImuError.cpp:650] gyr saturation
W20250111 18:32:38.105049 710526 ImuError.cpp:650] gyr saturation
W20250111 18:32:38.105053 710526 ImuError.cpp:650] gyr saturation
W20250111 18:32:38.105057 710526 ImuError.cpp:650] gyr saturation
W20250111 18:32:38.105059 710526 ImuError.cpp:650] gyr saturation
W20250111 18:32:38.105062 710526 ImuError.cpp:650] gyr saturation
W20250111 18:32:38.105065 710526 ImuError.cpp:650] gyr saturation
W20250111 18:32:38.105068 710526 ImuError.cpp:650] gyr saturation
W20250111 18:32:38.105072 710526 ImuError.cpp:650] gyr saturation
W20250111 18:32:38.105074 710526 ImuError.cpp:650] gyr saturation
W20250111 18:32:38.105077 710526 ImuError.cpp:650] gyr saturation
W20250111 18:32:38.105080 710526 ImuError.cpp:650] gyr saturation
W20250111 18:32:38.105084 710526 ImuError.cpp:650] gyr saturation
W20250111 18:32:38.105088 710526 ImuError.cpp:650] gyr saturation
W20250111 18:32:38.105091 710526 ImuError.cpp:650] gyr saturation
W20250111 18:32:38.105095 710526 ImuError.cpp:650] gyr saturation
W20250111 18:32:38.105099 710526 ImuError.cpp:650] gyr saturation
W20250111 18:32:38.105103 710526 ImuError.cpp:650] gyr saturation
W20250111 18:32:38.105106 710526 ImuError.cpp:650] gyr saturation
W20250111 18:32:38.105110 710526 ImuError.cpp:650] gyr saturation
W20250111 18:32:38.105113 710526 ImuError.cpp:650] gyr saturation
W20250111 18:32:38.105118 710526 ImuError.cpp:650] gyr saturation
W20250111 18:32:38.105122 710526 ImuError.cpp:650] gyr saturation
W20250111 18:32:38.105125 710526 ImuError.cpp:650] gyr saturation
W20250111 18:32:38.105129 710526 ImuError.cpp:650] gyr saturation
W20250111 18:32:38.105134 710526 ImuError.cpp:650] gyr saturation
W20250111 18:32:38.105136 710526 ImuError.cpp:650] gyr saturation
W20250111 18:32:38.105140 710526 ImuError.cpp:650] gyr saturation
W20250111 18:32:38.105144 710526 ImuError.cpp:650] gyr saturation
W20250111 18:32:38.105147 710526 ImuError.cpp:650] gyr saturation
W20250111 18:32:38.105151 710526 ImuError.cpp:650] gyr saturation
W20250111 18:32:38.105154 710526 ImuError.cpp:650] gyr saturation
W20250111 18:32:38.105158 710526 ImuError.cpp:650] gyr saturation
W20250111 18:32:38.105162 710526 ImuError.cpp:650] gyr saturation
W20250111 18:32:38.105165 710526 ImuError.cpp:650] gyr saturation
W20250111 18:32:38.105170 710526 ImuError.cpp:650] gyr saturation
W20250111 18:32:38.105173 710526 ImuError.cpp:650] gyr saturation
W20250111 18:32:38.105177 710526 ImuError.cpp:650] gyr saturation
W20250111 18:32:38.105181 710526 ImuError.cpp:650] gyr saturation
W20250111 18:32:38.105187 710526 ImuError.cpp:650] gyr saturation
W20250111 18:32:38.105193 710526 ImuError.cpp:650] gyr saturation
W20250111 18:32:38.105197 710526 ImuError.cpp:650] gyr saturation
W20250111 18:32:38.105202 710526 ImuError.cpp:650] gyr saturation
W20250111 18:32:38.105206 710526 ImuError.cpp:650] gyr saturation
W20250111 18:32:38.105211 710526 ImuError.cpp:650] gyr saturation
W20250111 18:32:38.105213 710526 ImuError.cpp:650] gyr saturation
W20250111 18:32:38.105217 710526 ImuError.cpp:650] gyr saturation
W20250111 18:32:38.105221 710526 ImuError.cpp:650] gyr saturation
W20250111 18:32:38.105224 710526 ImuError.cpp:650] gyr saturation
W20250111 18:32:38.105227 710526 ImuError.cpp:650] gyr saturation
W20250111 18:32:38.105232 710526 ImuError.cpp:650] gyr saturation
W20250111 18:32:38.105234 710526 ImuError.cpp:650] gyr saturation
W20250111 18:32:38.105238 710526 ImuError.cpp:650] gyr saturation
W20250111 18:32:38.105242 710526 ImuError.cpp:650] gyr saturation
W20250111 18:32:38.131778 710526 ImuError.cpp:650] gyr saturation
W20250111 18:32:38.131819 710526 ImuError.cpp:650] gyr saturation
W20250111 18:32:38.131832 710526 ImuError.cpp:650] gyr saturation
W20250111 18:32:38.131836 710526 ImuError.cpp:650] gyr saturation
W20250111 18:32:38.131840 710526 ImuError.cpp:650] gyr saturation
W20250111 18:32:38.131844 710526 ImuError.cpp:650] gyr saturation
W20250111 18:32:38.131850 710526 ImuError.cpp:650] gyr saturation
W20250111 18:32:38.131855 710526 ImuError.cpp:650] gyr saturation
W20250111 18:32:38.131858 710526 ImuError.cpp:650] gyr saturation
W20250111 18:32:38.131863 710526 ImuError.cpp:650] gyr saturation
W20250111 18:32:38.131867 710526 ImuError.cpp:650] gyr saturation
W20250111 18:32:38.131871 710526 ImuError.cpp:650] gyr saturation
W20250111 18:32:38.131875 710526 ImuError.cpp:650] gyr saturation
W20250111 18:32:38.131880 710526 ImuError.cpp:650] gyr saturation
W20250111 18:32:38.131886 710526 ImuError.cpp:650] gyr saturation
W20250111 18:32:38.131891 710526 ImuError.cpp:650] gyr saturation
W20250111 18:32:38.131893 710526 ImuError.cpp:650] gyr saturation
W20250111 18:32:38.131897 710526 ImuError.cpp:650] gyr saturation
W20250111 18:32:38.131901 710526 ImuError.cpp:650] gyr saturation
W20250111 18:32:38.131906 710526 ImuError.cpp:650] gyr saturation
W20250111 18:32:38.131911 710526 ImuError.cpp:650] gyr saturation
W20250111 18:32:38.131915 710526 ImuError.cpp:650] gyr saturation
W20250111 18:32:38.131920 710526 ImuError.cpp:650] gyr saturation
W20250111 18:32:38.131924 710526 ImuError.cpp:650] gyr saturation
W20250111 18:32:38.131928 710526 ImuError.cpp:650] gyr saturation
W20250111 18:32:38.131932 710526 ImuError.cpp:650] gyr saturation
W20250111 18:32:38.131935 710526 ImuError.cpp:650] gyr saturation
W20250111 18:32:38.131939 710526 ImuError.cpp:650] gyr saturation
W20250111 18:32:38.131943 710526 ImuError.cpp:650] gyr saturation
W20250111 18:32:38.131947 710526 ImuError.cpp:650] gyr saturation
W20250111 18:32:38.131951 710526 ImuError.cpp:650] gyr saturation
W20250111 18:32:38.131955 710526 ImuError.cpp:650] gyr saturation
W20250111 18:32:38.131960 710526 ImuError.cpp:650] gyr saturation
W20250111 18:32:38.131964 710526 ImuError.cpp:650] gyr saturation
W20250111 18:32:38.132251 710526 ImuError.cpp:650] gyr saturation
W20250111 18:32:38.132256 710526 ImuError.cpp:650] gyr saturation
W20250111 18:32:38.132261 710526 ImuError.cpp:650] gyr saturation
W20250111 18:32:38.132264 710526 ImuError.cpp:650] gyr saturation
W20250111 18:32:38.132268 710526 ImuError.cpp:650] gyr saturation
W20250111 18:32:38.132272 710526 ImuError.cpp:650] gyr saturation
W20250111 18:32:38.132277 710526 ImuError.cpp:650] gyr saturation
W20250111 18:32:38.132280 710526 ImuError.cpp:650] gyr saturation
W20250111 18:32:38.132284 710526 ImuError.cpp:650] gyr saturation
W20250111 18:32:38.132288 710526 ImuError.cpp:650] gyr saturation
W20250111 18:32:38.132292 710526 ImuError.cpp:650] gyr saturation
W20250111 18:32:38.132297 710526 ImuError.cpp:650] gyr saturation
W20250111 18:32:38.132301 710526 ImuError.cpp:650] gyr saturation
W20250111 18:32:38.132309 710526 ImuError.cpp:650] gyr saturation
W20250111 18:32:38.132315 710526 ImuError.cpp:650] gyr saturation
W20250111 18:32:38.132320 710526 ImuError.cpp:650] gyr saturation
W20250111 18:32:38.132324 710526 ImuError.cpp:650] gyr saturation
W20250111 18:32:38.132328 710526 ImuError.cpp:650] gyr saturation
W20250111 18:32:38.132331 710526 ImuError.cpp:650] gyr saturation
W20250111 18:32:38.132339 710526 ImuError.cpp:650] gyr saturation
W20250111 18:32:38.132341 710526 ImuError.cpp:650] gyr saturation
W20250111 18:32:38.132345 710526 ImuError.cpp:650] gyr saturation
W20250111 18:32:38.132349 710526 ImuError.cpp:650] gyr saturation
W20250111 18:32:38.132352 710526 ImuError.cpp:650] gyr saturation
W20250111 18:32:38.132357 710526 ImuError.cpp:650] gyr saturation
W20250111 18:32:38.132361 710526 ImuError.cpp:650] gyr saturation
W20250111 18:32:38.132364 710526 ImuError.cpp:650] gyr saturation
W20250111 18:32:38.132368 710526 ImuError.cpp:650] gyr saturation
W20250111 18:32:38.132372 710526 ImuError.cpp:650] gyr saturation
W20250111 18:32:38.132375 710526 ImuError.cpp:650] gyr saturation
W20250111 18:32:38.132380 710526 ImuError.cpp:650] gyr saturation
W20250111 18:32:38.132385 710526 ImuError.cpp:650] gyr saturation
W20250111 18:32:38.132390 710526 ImuError.cpp:650] gyr saturation
W20250111 18:32:38.132393 710526 ImuError.cpp:650] gyr saturation
W20250111 18:32:38.135099 710526 ImuError.cpp:368] gyr saturation
W20250111 18:32:38.135138 710526 ImuError.cpp:368] gyr saturation
W20250111 18:32:38.135149 710526 ImuError.cpp:368] gyr saturation
W20250111 18:32:38.135157 710526 ImuError.cpp:368] gyr saturation
W20250111 18:32:38.135165 710526 ImuError.cpp:368] gyr saturation
W20250111 18:32:38.135174 710526 ImuError.cpp:368] gyr saturation
W20250111 18:32:38.135183 710526 ImuError.cpp:368] gyr saturation
W20250111 18:32:38.135191 710526 ImuError.cpp:368] gyr saturation
W20250111 18:32:38.135200 710526 ImuError.cpp:368] gyr saturation
W20250111 18:32:38.135210 710526 ImuError.cpp:368] gyr saturation
W20250111 18:32:38.135217 710526 ImuError.cpp:368] gyr saturation
W20250111 18:32:38.135226 710526 ImuError.cpp:368] gyr saturation
W20250111 18:32:38.135234 710526 ImuError.cpp:368] gyr saturation
W20250111 18:32:38.135242 710526 ImuError.cpp:368] gyr saturation
W20250111 18:32:38.135252 710526 ImuError.cpp:368] gyr saturation
W20250111 18:32:38.135262 710526 ImuError.cpp:368] gyr saturation
W20250111 18:32:38.135269 710526 ImuError.cpp:368] gyr saturation
W20250111 18:32:38.135277 710526 ImuError.cpp:368] gyr saturation
W20250111 18:32:38.135288 710526 ImuError.cpp:368] gyr saturation
W20250111 18:32:38.135295 710526 ImuError.cpp:368] gyr saturation
W20250111 18:32:38.135303 710526 ImuError.cpp:368] gyr saturation
W20250111 18:32:38.135311 710526 ImuError.cpp:368] gyr saturation
W20250111 18:32:38.135319 710526 ImuError.cpp:368] gyr saturation
W20250111 18:32:38.135329 710526 ImuError.cpp:368] gyr saturation
W20250111 18:32:38.135337 710526 ImuError.cpp:368] gyr saturation
W20250111 18:32:38.135345 710526 ImuError.cpp:368] gyr saturation
W20250111 18:32:38.135352 710526 ImuError.cpp:368] gyr saturation
W20250111 18:32:38.135360 710526 ImuError.cpp:368] gyr saturation
W20250111 18:32:38.135368 710526 ImuError.cpp:368] gyr saturation
W20250111 18:32:38.135376 710526 ImuError.cpp:368] gyr saturation
W20250111 18:32:38.135385 710526 ImuError.cpp:368] gyr saturation
W20250111 18:32:38.135392 710526 ImuError.cpp:368] gyr saturation
W20250111 18:32:38.135401 710526 ImuError.cpp:368] gyr saturation
W20250111 18:32:38.135409 710526 ImuError.cpp:368] gyr saturation
W20250111 18:32:38.138907 710526 ImuError.cpp:650] gyr saturation
W20250111 18:32:38.138935 710526 ImuError.cpp:650] gyr saturation
W20250111 18:32:38.138939 710526 ImuError.cpp:650] gyr saturation
W20250111 18:32:38.138943 710526 ImuError.cpp:650] gyr saturation
W20250111 18:32:38.138947 710526 ImuError.cpp:650] gyr saturation
W20250111 18:32:38.138957 710526 ImuError.cpp:650] gyr saturation
W20250111 18:32:38.138960 710526 ImuError.cpp:650] gyr saturation
W20250111 18:32:38.138974 710526 ImuError.cpp:650] gyr saturation
W20250111 18:32:38.138978 710526 ImuError.cpp:650] gyr saturation
W20250111 18:32:38.138980 710526 ImuError.cpp:650] gyr saturation
W20250111 18:32:38.138983 710526 ImuError.cpp:650] gyr saturation
W20250111 18:32:38.138986 710526 ImuError.cpp:650] gyr saturation
W20250111 18:32:38.138993 710526 ImuError.cpp:650] gyr saturation
W20250111 18:32:38.138998 710526 ImuError.cpp:650] gyr saturation
W20250111 18:32:38.139000 710526 ImuError.cpp:650] gyr saturation
W20250111 18:32:38.139003 710526 ImuError.cpp:650] gyr saturation
W20250111 18:32:38.139006 710526 ImuError.cpp:650] gyr saturation
W20250111 18:32:38.139009 710526 ImuError.cpp:650] gyr saturation
W20250111 18:32:38.139012 710526 ImuError.cpp:650] gyr saturation
W20250111 18:32:38.139015 710526 ImuError.cpp:650] gyr saturation
W20250111 18:32:38.139019 710526 ImuError.cpp:650] gyr saturation
W20250111 18:32:38.139022 710526 ImuError.cpp:650] gyr saturation
W20250111 18:32:38.139025 710526 ImuError.cpp:650] gyr saturation
W20250111 18:32:38.139029 710526 ImuError.cpp:650] gyr saturation
W20250111 18:32:38.139032 710526 ImuError.cpp:650] gyr saturation
W20250111 18:32:38.139035 710526 ImuError.cpp:650] gyr saturation
W20250111 18:32:38.139039 710526 ImuError.cpp:650] gyr saturation
W20250111 18:32:38.139042 710526 ImuError.cpp:650] gyr saturation
W20250111 18:32:38.139045 710526 ImuError.cpp:650] gyr saturation
W20250111 18:32:38.139048 710526 ImuError.cpp:650] gyr saturation
W20250111 18:32:38.139051 710526 ImuError.cpp:650] gyr saturation
W20250111 18:32:38.139055 710526 ImuError.cpp:650] gyr saturation
W20250111 18:32:38.139057 710526 ImuError.cpp:650] gyr saturation
W20250111 18:32:38.139060 710526 ImuError.cpp:650] gyr saturation
W20250111 18:32:38.139065 710526 ImuError.cpp:650] gyr saturation
W20250111 18:32:38.139067 710526 ImuError.cpp:650] gyr saturation
W20250111 18:32:38.139070 710526 ImuError.cpp:650] gyr saturation
W20250111 18:32:38.139073 710526 ImuError.cpp:650] gyr saturation
W20250111 18:32:38.139076 710526 ImuError.cpp:650] gyr saturation
W20250111 18:32:38.139081 710526 ImuError.cpp:650] gyr saturation
W20250111 18:32:38.139084 710526 ImuError.cpp:650] gyr saturation
W20250111 18:32:38.139089 710526 ImuError.cpp:650] gyr saturation
W20250111 18:32:38.139093 710526 ImuError.cpp:650] gyr saturation
W20250111 18:32:38.139097 710526 ImuError.cpp:650] gyr saturation
W20250111 18:32:38.139101 710526 ImuError.cpp:650] gyr saturation
W20250111 18:32:38.139106 710526 ImuError.cpp:650] gyr saturation
W20250111 18:32:38.139110 710526 ImuError.cpp:650] gyr saturation
W20250111 18:32:38.139114 710526 ImuError.cpp:650] gyr saturation
W20250111 18:32:38.139120 710526 ImuError.cpp:650] gyr saturation
W20250111 18:32:38.139123 710526 ImuError.cpp:650] gyr saturation
W20250111 18:32:38.139128 710526 ImuError.cpp:650] gyr saturation
W20250111 18:32:38.139133 710526 ImuError.cpp:650] gyr saturation
W20250111 18:32:38.139137 710526 ImuError.cpp:650] gyr saturation
W20250111 18:32:38.139142 710526 ImuError.cpp:650] gyr saturation
W20250111 18:32:38.139146 710526 ImuError.cpp:650] gyr saturation
W20250111 18:32:38.139150 710526 ImuError.cpp:650] gyr saturation
W20250111 18:32:38.139156 710526 ImuError.cpp:650] gyr saturation
W20250111 18:32:38.139160 710526 ImuError.cpp:650] gyr saturation
W20250111 18:32:38.139164 710526 ImuError.cpp:650] gyr saturation
W20250111 18:32:38.139169 710526 ImuError.cpp:650] gyr saturation
W20250111 18:32:38.139173 710526 ImuError.cpp:650] gyr saturation
W20250111 18:32:38.139178 710526 ImuError.cpp:650] gyr saturation
W20250111 18:32:38.139182 710526 ImuError.cpp:650] gyr saturation
W20250111 18:32:38.139189 710526 ImuError.cpp:650] gyr saturation
W20250111 18:32:38.139192 710526 ImuError.cpp:650] gyr saturation
W20250111 18:32:38.139196 710526 ImuError.cpp:650] gyr saturation
W20250111 18:32:38.139200 710526 ImuError.cpp:650] gyr saturation
W20250111 18:32:38.139209 710526 ImuError.cpp:650] gyr saturation
W20250111 18:32:38.159209 710526 ImuError.cpp:650] gyr saturation
W20250111 18:32:38.159250 710526 ImuError.cpp:650] gyr saturation
W20250111 18:32:38.159257 710526 ImuError.cpp:650] gyr saturation
W20250111 18:32:38.159263 710526 ImuError.cpp:650] gyr saturation
W20250111 18:32:38.159272 710526 ImuError.cpp:650] gyr saturation
W20250111 18:32:38.159276 710526 ImuError.cpp:650] gyr saturation
W20250111 18:32:38.159281 710526 ImuError.cpp:650] gyr saturation
W20250111 18:32:38.159284 710526 ImuError.cpp:650] gyr saturation
W20250111 18:32:38.159288 710526 ImuError.cpp:650] gyr saturation
W20250111 18:32:38.159293 710526 ImuError.cpp:650] gyr saturation
W20250111 18:32:38.159298 710526 ImuError.cpp:650] gyr saturation
W20250111 18:32:38.159303 710526 ImuError.cpp:650] gyr saturation
W20250111 18:32:38.159307 710526 ImuError.cpp:650] gyr saturation
W20250111 18:32:38.159310 710526 ImuError.cpp:650] gyr saturation
W20250111 18:32:38.159314 710526 ImuError.cpp:650] gyr saturation
W20250111 18:32:38.159318 710526 ImuError.cpp:650] gyr saturation
W20250111 18:32:38.159322 710526 ImuError.cpp:650] gyr saturation
W20250111 18:32:38.159327 710526 ImuError.cpp:650] gyr saturation
W20250111 18:32:38.159332 710526 ImuError.cpp:650] gyr saturation
W20250111 18:32:38.159337 710526 ImuError.cpp:650] gyr saturation
W20250111 18:32:38.159343 710526 ImuError.cpp:650] gyr saturation
W20250111 18:32:38.159348 710526 ImuError.cpp:650] gyr saturation
W20250111 18:32:38.159351 710526 ImuError.cpp:650] gyr saturation
W20250111 18:32:38.159356 710526 ImuError.cpp:650] gyr saturation
W20250111 18:32:38.159360 710526 ImuError.cpp:650] gyr saturation
W20250111 18:32:38.159364 710526 ImuError.cpp:650] gyr saturation
W20250111 18:32:38.159369 710526 ImuError.cpp:650] gyr saturation
W20250111 18:32:38.159373 710526 ImuError.cpp:650] gyr saturation
W20250111 18:32:38.159377 710526 ImuError.cpp:650] gyr saturation
W20250111 18:32:38.159384 710526 ImuError.cpp:650] gyr saturation
W20250111 18:32:38.159387 710526 ImuError.cpp:650] gyr saturation
W20250111 18:32:38.159392 710526 ImuError.cpp:650] gyr saturation
W20250111 18:32:38.159399 710526 ImuError.cpp:650] gyr saturation
W20250111 18:32:38.159402 710526 ImuError.cpp:650] gyr saturation
W20250111 18:32:38.159406 710526 ImuError.cpp:650] gyr saturation
W20250111 18:32:38.159622 710526 ImuError.cpp:650] gyr saturation
W20250111 18:32:38.159629 710526 ImuError.cpp:650] gyr saturation
W20250111 18:32:38.159633 710526 ImuError.cpp:650] gyr saturation
W20250111 18:32:38.159638 710526 ImuError.cpp:650] gyr saturation
W20250111 18:32:38.159643 710526 ImuError.cpp:650] gyr saturation
W20250111 18:32:38.159647 710526 ImuError.cpp:650] gyr saturation
W20250111 18:32:38.159652 710526 ImuError.cpp:650] gyr saturation
W20250111 18:32:38.159655 710526 ImuError.cpp:650] gyr saturation
W20250111 18:32:38.159659 710526 ImuError.cpp:650] gyr saturation
W20250111 18:32:38.159664 710526 ImuError.cpp:650] gyr saturation
W20250111 18:32:38.159668 710526 ImuError.cpp:650] gyr saturation
W20250111 18:32:38.159672 710526 ImuError.cpp:650] gyr saturation
W20250111 18:32:38.159678 710526 ImuError.cpp:650] gyr saturation
W20250111 18:32:38.159682 710526 ImuError.cpp:650] gyr saturation
W20250111 18:32:38.159685 710526 ImuError.cpp:650] gyr saturation
W20250111 18:32:38.159688 710526 ImuError.cpp:650] gyr saturation
W20250111 18:32:38.159693 710526 ImuError.cpp:650] gyr saturation
W20250111 18:32:38.159698 710526 ImuError.cpp:650] gyr saturation
W20250111 18:32:38.159701 710526 ImuError.cpp:650] gyr saturation
W20250111 18:32:38.159705 710526 ImuError.cpp:650] gyr saturation
W20250111 18:32:38.159709 710526 ImuError.cpp:650] gyr saturation
W20250111 18:32:38.159713 710526 ImuError.cpp:650] gyr saturation
W20250111 18:32:38.159718 710526 ImuError.cpp:650] gyr saturation
W20250111 18:32:38.159721 710526 ImuError.cpp:650] gyr saturation
W20250111 18:32:38.159726 710526 ImuError.cpp:650] gyr saturation
W20250111 18:32:38.159729 710526 ImuError.cpp:650] gyr saturation
W20250111 18:32:38.159734 710526 ImuError.cpp:650] gyr saturation
W20250111 18:32:38.159739 710526 ImuError.cpp:650] gyr saturation
W20250111 18:32:38.159745 710526 ImuError.cpp:650] gyr saturation
W20250111 18:32:38.159749 710526 ImuError.cpp:650] gyr saturation
W20250111 18:32:38.159754 710526 ImuError.cpp:650] gyr saturation
W20250111 18:32:38.159758 710526 ImuError.cpp:650] gyr saturation
W20250111 18:32:38.159762 710526 ImuError.cpp:650] gyr saturation
W20250111 18:32:38.159765 710526 ImuError.cpp:650] gyr saturation
W20250111 18:32:38.159770 710526 ImuError.cpp:650] gyr saturation
W20250111 18:32:38.162217 710526 ImuError.cpp:368] gyr saturation
W20250111 18:32:38.162252 710526 ImuError.cpp:368] gyr saturation
W20250111 18:32:38.162261 710526 ImuError.cpp:368] gyr saturation
W20250111 18:32:38.162271 710526 ImuError.cpp:368] gyr saturation
W20250111 18:32:38.162278 710526 ImuError.cpp:368] gyr saturation
W20250111 18:32:38.162286 710526 ImuError.cpp:368] gyr saturation
W20250111 18:32:38.162297 710526 ImuError.cpp:368] gyr saturation
W20250111 18:32:38.162304 710526 ImuError.cpp:368] gyr saturation
W20250111 18:32:38.162314 710526 ImuError.cpp:368] gyr saturation
W20250111 18:32:38.162322 710526 ImuError.cpp:368] gyr saturation
W20250111 18:32:38.162335 710526 ImuError.cpp:368] gyr saturation
W20250111 18:32:38.162343 710526 ImuError.cpp:368] gyr saturation
W20250111 18:32:38.162351 710526 ImuError.cpp:368] gyr saturation
W20250111 18:32:38.162359 710526 ImuError.cpp:368] gyr saturation
W20250111 18:32:38.162366 710526 ImuError.cpp:368] gyr saturation
W20250111 18:32:38.162374 710526 ImuError.cpp:368] gyr saturation
W20250111 18:32:38.162382 710526 ImuError.cpp:368] gyr saturation
W20250111 18:32:38.162390 710526 ImuError.cpp:368] gyr saturation
W20250111 18:32:38.162398 710526 ImuError.cpp:368] gyr saturation
W20250111 18:32:38.162408 710526 ImuError.cpp:368] gyr saturation
W20250111 18:32:38.162415 710526 ImuError.cpp:368] gyr saturation
W20250111 18:32:38.162423 710526 ImuError.cpp:368] gyr saturation
W20250111 18:32:38.162431 710526 ImuError.cpp:368] gyr saturation
W20250111 18:32:38.162439 710526 ImuError.cpp:368] gyr saturation
W20250111 18:32:38.162448 710526 ImuError.cpp:368] gyr saturation
W20250111 18:32:38.162456 710526 ImuError.cpp:368] gyr saturation
W20250111 18:32:38.162464 710526 ImuError.cpp:368] gyr saturation
W20250111 18:32:38.162473 710526 ImuError.cpp:368] gyr saturation
W20250111 18:32:38.162480 710526 ImuError.cpp:368] gyr saturation
W20250111 18:32:38.162488 710526 ImuError.cpp:368] gyr saturation
W20250111 18:32:38.162495 710526 ImuError.cpp:368] gyr saturation
W20250111 18:32:38.162504 710526 ImuError.cpp:368] gyr saturation
W20250111 18:32:38.162513 710526 ImuError.cpp:368] gyr saturation
W20250111 18:32:38.162519 710526 ImuError.cpp:368] gyr saturation
W20250111 18:32:38.162528 710526 ImuError.cpp:368] gyr saturation
W20250111 18:32:38.165851 710526 ImuError.cpp:650] gyr saturation
W20250111 18:32:38.165879 710526 ImuError.cpp:650] gyr saturation
W20250111 18:32:38.165884 710526 ImuError.cpp:650] gyr saturation
W20250111 18:32:38.165889 710526 ImuError.cpp:650] gyr saturation
W20250111 18:32:38.165892 710526 ImuError.cpp:650] gyr saturation
W20250111 18:32:38.165902 710526 ImuError.cpp:650] gyr saturation
W20250111 18:32:38.165908 710526 ImuError.cpp:650] gyr saturation
W20250111 18:32:38.165911 710526 ImuError.cpp:650] gyr saturation
W20250111 18:32:38.165915 710526 ImuError.cpp:650] gyr saturation
W20250111 18:32:38.165920 710526 ImuError.cpp:650] gyr saturation
W20250111 18:32:38.165925 710526 ImuError.cpp:650] gyr saturation
W20250111 18:32:38.165930 710526 ImuError.cpp:650] gyr saturation
W20250111 18:32:38.165932 710526 ImuError.cpp:650] gyr saturation
W20250111 18:32:38.165936 710526 ImuError.cpp:650] gyr saturation
W20250111 18:32:38.165940 710526 ImuError.cpp:650] gyr saturation
W20250111 18:32:38.165946 710526 ImuError.cpp:650] gyr saturation
W20250111 18:32:38.165948 710526 ImuError.cpp:650] gyr saturation
W20250111 18:32:38.165952 710526 ImuError.cpp:650] gyr saturation
W20250111 18:32:38.165957 710526 ImuError.cpp:650] gyr saturation
W20250111 18:32:38.165961 710526 ImuError.cpp:650] gyr saturation
W20250111 18:32:38.165972 710526 ImuError.cpp:650] gyr saturation
W20250111 18:32:38.165977 710526 ImuError.cpp:650] gyr saturation
W20250111 18:32:38.165982 710526 ImuError.cpp:650] gyr saturation
W20250111 18:32:38.165987 710526 ImuError.cpp:650] gyr saturation
W20250111 18:32:38.165993 710526 ImuError.cpp:650] gyr saturation
W20250111 18:32:38.165997 710526 ImuError.cpp:650] gyr saturation
W20250111 18:32:38.166002 710526 ImuError.cpp:650] gyr saturation
W20250111 18:32:38.166005 710526 ImuError.cpp:650] gyr saturation
W20250111 18:32:38.166009 710526 ImuError.cpp:650] gyr saturation
W20250111 18:32:38.166013 710526 ImuError.cpp:650] gyr saturation
W20250111 18:32:38.166016 710526 ImuError.cpp:650] gyr saturation
W20250111 18:32:38.166021 710526 ImuError.cpp:650] gyr saturation
W20250111 18:32:38.166025 710526 ImuError.cpp:650] gyr saturation
W20250111 18:32:38.166029 710526 ImuError.cpp:650] gyr saturation
W20250111 18:32:38.166033 710526 ImuError.cpp:650] gyr saturation
W20250111 18:32:38.166038 710526 ImuError.cpp:650] gyr saturation
W20250111 18:32:38.166042 710526 ImuError.cpp:650] gyr saturation
W20250111 18:32:38.166046 710526 ImuError.cpp:650] gyr saturation
W20250111 18:32:38.166051 710526 ImuError.cpp:650] gyr saturation
W20250111 18:32:38.166059 710526 ImuError.cpp:650] gyr saturation
W20250111 18:32:38.166061 710526 ImuError.cpp:650] gyr saturation
W20250111 18:32:38.166065 710526 ImuError.cpp:650] gyr saturation
W20250111 18:32:38.166070 710526 ImuError.cpp:650] gyr saturation
W20250111 18:32:38.166074 710526 ImuError.cpp:650] gyr saturation
W20250111 18:32:38.166078 710526 ImuError.cpp:650] gyr saturation
W20250111 18:32:38.166083 710526 ImuError.cpp:650] gyr saturation
W20250111 18:32:38.166086 710526 ImuError.cpp:650] gyr saturation
W20250111 18:32:38.166090 710526 ImuError.cpp:650] gyr saturation
W20250111 18:32:38.166095 710526 ImuError.cpp:650] gyr saturation
W20250111 18:32:38.166100 710526 ImuError.cpp:650] gyr saturation
W20250111 18:32:38.166102 710526 ImuError.cpp:650] gyr saturation
W20250111 18:32:38.166106 710526 ImuError.cpp:650] gyr saturation
W20250111 18:32:38.166110 710526 ImuError.cpp:650] gyr saturation
W20250111 18:32:38.166113 710526 ImuError.cpp:650] gyr saturation
W20250111 18:32:38.166117 710526 ImuError.cpp:650] gyr saturation
W20250111 18:32:38.166121 710526 ImuError.cpp:650] gyr saturation
W20250111 18:32:38.166126 710526 ImuError.cpp:650] gyr saturation
W20250111 18:32:38.166131 710526 ImuError.cpp:650] gyr saturation
W20250111 18:32:38.166134 710526 ImuError.cpp:650] gyr saturation
W20250111 18:32:38.166137 710526 ImuError.cpp:650] gyr saturation
W20250111 18:32:38.166141 710526 ImuError.cpp:650] gyr saturation
W20250111 18:32:38.166146 710526 ImuError.cpp:650] gyr saturation
W20250111 18:32:38.166152 710526 ImuError.cpp:650] gyr saturation
W20250111 18:32:38.166155 710526 ImuError.cpp:650] gyr saturation
W20250111 18:32:38.166158 710526 ImuError.cpp:650] gyr saturation
W20250111 18:32:38.166162 710526 ImuError.cpp:650] gyr saturation
W20250111 18:32:38.166167 710526 ImuError.cpp:650] gyr saturation
W20250111 18:32:38.166172 710526 ImuError.cpp:650] gyr saturation
W20250111 18:32:38.182809 710526 ImuError.cpp:650] gyr saturation
W20250111 18:32:38.182835 710526 ImuError.cpp:650] gyr saturation
W20250111 18:32:38.182840 710526 ImuError.cpp:650] gyr saturation
W20250111 18:32:38.182844 710526 ImuError.cpp:650] gyr saturation
W20250111 18:32:38.182848 710526 ImuError.cpp:650] gyr saturation
W20250111 18:32:38.182853 710526 ImuError.cpp:650] gyr saturation
W20250111 18:32:38.182857 710526 ImuError.cpp:650] gyr saturation
W20250111 18:32:38.182861 710526 ImuError.cpp:650] gyr saturation
W20250111 18:32:38.182865 710526 ImuError.cpp:650] gyr saturation
W20250111 18:32:38.182870 710526 ImuError.cpp:650] gyr saturation
W20250111 18:32:38.182875 710526 ImuError.cpp:650] gyr saturation
W20250111 18:32:38.182880 710526 ImuError.cpp:650] gyr saturation
W20250111 18:32:38.182886 710526 ImuError.cpp:650] gyr saturation
W20250111 18:32:38.182890 710526 ImuError.cpp:650] gyr saturation
W20250111 18:32:38.182900 710526 ImuError.cpp:650] gyr saturation
W20250111 18:32:38.182905 710526 ImuError.cpp:650] gyr saturation
W20250111 18:32:38.182909 710526 ImuError.cpp:650] gyr saturation
W20250111 18:32:38.182912 710526 ImuError.cpp:650] gyr saturation
W20250111 18:32:38.182916 710526 ImuError.cpp:650] gyr saturation
W20250111 18:32:38.182920 710526 ImuError.cpp:650] gyr saturation
W20250111 18:32:38.182924 710526 ImuError.cpp:650] gyr saturation
W20250111 18:32:38.182927 710526 ImuError.cpp:650] gyr saturation
W20250111 18:32:38.182931 710526 ImuError.cpp:650] gyr saturation
W20250111 18:32:38.182935 710526 ImuError.cpp:650] gyr saturation
W20250111 18:32:38.182940 710526 ImuError.cpp:650] gyr saturation
W20250111 18:32:38.182945 710526 ImuError.cpp:650] gyr saturation
W20250111 18:32:38.182948 710526 ImuError.cpp:650] gyr saturation
W20250111 18:32:38.182953 710526 ImuError.cpp:650] gyr saturation
W20250111 18:32:38.182958 710526 ImuError.cpp:650] gyr saturation
W20250111 18:32:38.182963 710526 ImuError.cpp:650] gyr saturation
W20250111 18:32:38.182967 710526 ImuError.cpp:650] gyr saturation
W20250111 18:32:38.182972 710526 ImuError.cpp:650] gyr saturation
W20250111 18:32:38.182976 710526 ImuError.cpp:650] gyr saturation
W20250111 18:32:38.182983 710526 ImuError.cpp:650] gyr saturation
W20250111 18:32:38.183090 710526 ImuError.cpp:650] gyr saturation
W20250111 18:32:38.183096 710526 ImuError.cpp:650] gyr saturation
W20250111 18:32:38.183099 710526 ImuError.cpp:650] gyr saturation
W20250111 18:32:38.183105 710526 ImuError.cpp:650] gyr saturation
W20250111 18:32:38.183109 710526 ImuError.cpp:650] gyr saturation
W20250111 18:32:38.183112 710526 ImuError.cpp:650] gyr saturation
W20250111 18:32:38.183116 710526 ImuError.cpp:650] gyr saturation
W20250111 18:32:38.183120 710526 ImuError.cpp:650] gyr saturation
W20250111 18:32:38.183123 710526 ImuError.cpp:650] gyr saturation
W20250111 18:32:38.183127 710526 ImuError.cpp:650] gyr saturation
W20250111 18:32:38.183135 710526 ImuError.cpp:650] gyr saturation
W20250111 18:32:38.183138 710526 ImuError.cpp:650] gyr saturation
W20250111 18:32:38.183141 710526 ImuError.cpp:650] gyr saturation
W20250111 18:32:38.183146 710526 ImuError.cpp:650] gyr saturation
W20250111 18:32:38.183149 710526 ImuError.cpp:650] gyr saturation
W20250111 18:32:38.183153 710526 ImuError.cpp:650] gyr saturation
W20250111 18:32:38.183158 710526 ImuError.cpp:650] gyr saturation
W20250111 18:32:38.183164 710526 ImuError.cpp:650] gyr saturation
W20250111 18:32:38.183168 710526 ImuError.cpp:650] gyr saturation
W20250111 18:32:38.183174 710526 ImuError.cpp:650] gyr saturation
W20250111 18:32:38.183178 710526 ImuError.cpp:650] gyr saturation
W20250111 18:32:38.183183 710526 ImuError.cpp:650] gyr saturation
W20250111 18:32:38.183187 710526 ImuError.cpp:650] gyr saturation
W20250111 18:32:38.183192 710526 ImuError.cpp:650] gyr saturation
W20250111 18:32:38.183197 710526 ImuError.cpp:650] gyr saturation
W20250111 18:32:38.183202 710526 ImuError.cpp:650] gyr saturation
W20250111 18:32:38.183207 710526 ImuError.cpp:650] gyr saturation
W20250111 18:32:38.183210 710526 ImuError.cpp:650] gyr saturation
W20250111 18:32:38.183215 710526 ImuError.cpp:650] gyr saturation
W20250111 18:32:38.183219 710526 ImuError.cpp:650] gyr saturation
W20250111 18:32:38.183223 710526 ImuError.cpp:650] gyr saturation
W20250111 18:32:38.183228 710526 ImuError.cpp:650] gyr saturation
W20250111 18:32:38.183230 710526 ImuError.cpp:650] gyr saturation
W20250111 18:32:38.183234 710526 ImuError.cpp:650] gyr saturation
W20250111 18:32:38.184821 710526 ImuError.cpp:368] gyr saturation
W20250111 18:32:38.184850 710526 ImuError.cpp:368] gyr saturation
W20250111 18:32:38.184860 710526 ImuError.cpp:368] gyr saturation
W20250111 18:32:38.184872 710526 ImuError.cpp:368] gyr saturation
W20250111 18:32:38.184880 710526 ImuError.cpp:368] gyr saturation
W20250111 18:32:38.184892 710526 ImuError.cpp:368] gyr saturation
W20250111 18:32:38.184901 710526 ImuError.cpp:368] gyr saturation
W20250111 18:32:38.184911 710526 ImuError.cpp:368] gyr saturation
W20250111 18:32:38.184926 710526 ImuError.cpp:368] gyr saturation
W20250111 18:32:38.184934 710526 ImuError.cpp:368] gyr saturation
W20250111 18:32:38.184942 710526 ImuError.cpp:368] gyr saturation
W20250111 18:32:38.184950 710526 ImuError.cpp:368] gyr saturation
W20250111 18:32:38.184959 710526 ImuError.cpp:368] gyr saturation
W20250111 18:32:38.184969 710526 ImuError.cpp:368] gyr saturation
W20250111 18:32:38.184978 710526 ImuError.cpp:368] gyr saturation
W20250111 18:32:38.184985 710526 ImuError.cpp:368] gyr saturation
W20250111 18:32:38.184999 710526 ImuError.cpp:368] gyr saturation
W20250111 18:32:38.185009 710526 ImuError.cpp:368] gyr saturation
W20250111 18:32:38.185017 710526 ImuError.cpp:368] gyr saturation
W20250111 18:32:38.185025 710526 ImuError.cpp:368] gyr saturation
W20250111 18:32:38.185034 710526 ImuError.cpp:368] gyr saturation
W20250111 18:32:38.185042 710526 ImuError.cpp:368] gyr saturation
W20250111 18:32:38.185050 710526 ImuError.cpp:368] gyr saturation
W20250111 18:32:38.185058 710526 ImuError.cpp:368] gyr saturation
W20250111 18:32:38.185066 710526 ImuError.cpp:368] gyr saturation
W20250111 18:32:38.185075 710526 ImuError.cpp:368] gyr saturation
W20250111 18:32:38.185083 710526 ImuError.cpp:368] gyr saturation
W20250111 18:32:38.185092 710526 ImuError.cpp:368] gyr saturation
W20250111 18:32:38.185101 710526 ImuError.cpp:368] gyr saturation
W20250111 18:32:38.185108 710526 ImuError.cpp:368] gyr saturation
W20250111 18:32:38.185117 710526 ImuError.cpp:368] gyr saturation
W20250111 18:32:38.185125 710526 ImuError.cpp:368] gyr saturation
W20250111 18:32:38.185134 710526 ImuError.cpp:368] gyr saturation
W20250111 18:32:38.185142 710526 ImuError.cpp:368] gyr saturation
W20250111 18:32:38.186798 710526 Frontend.cpp:612] 3d2d tracking weak: quality=0. Number of 3d2d-matches: 6
W20250111 18:32:38.188324 710526 ImuError.cpp:650] gyr saturation
W20250111 18:32:38.188338 710526 ImuError.cpp:650] gyr saturation
W20250111 18:32:38.188341 710526 ImuError.cpp:650] gyr saturation
W20250111 18:32:38.188347 710526 ImuError.cpp:650] gyr saturation
W20250111 18:32:38.188351 710526 ImuError.cpp:650] gyr saturation
W20250111 18:32:38.188362 710526 ImuError.cpp:650] gyr saturation
W20250111 18:32:38.188365 710526 ImuError.cpp:650] gyr saturation
W20250111 18:32:38.188371 710526 ImuError.cpp:650] gyr saturation
W20250111 18:32:38.188376 710526 ImuError.cpp:650] gyr saturation
W20250111 18:32:38.188380 710526 ImuError.cpp:650] gyr saturation
W20250111 18:32:38.188383 710526 ImuError.cpp:650] gyr saturation
W20250111 18:32:38.188388 710526 ImuError.cpp:650] gyr saturation
W20250111 18:32:38.188392 710526 ImuError.cpp:650] gyr saturation
W20250111 18:32:38.188396 710526 ImuError.cpp:650] gyr saturation
W20250111 18:32:38.188400 710526 ImuError.cpp:650] gyr saturation
W20250111 18:32:38.188405 710526 ImuError.cpp:650] gyr saturation
W20250111 18:32:38.188408 710526 ImuError.cpp:650] gyr saturation
W20250111 18:32:38.188411 710526 ImuError.cpp:650] gyr saturation
W20250111 18:32:38.188416 710526 ImuError.cpp:650] gyr saturation
W20250111 18:32:38.188419 710526 ImuError.cpp:650] gyr saturation
W20250111 18:32:38.188424 710526 ImuError.cpp:650] gyr saturation
W20250111 18:32:38.188431 710526 ImuError.cpp:650] gyr saturation
W20250111 18:32:38.188434 710526 ImuError.cpp:650] gyr saturation
W20250111 18:32:38.188438 710526 ImuError.cpp:650] gyr saturation
W20250111 18:32:38.188441 710526 ImuError.cpp:650] gyr saturation
W20250111 18:32:38.188445 710526 ImuError.cpp:650] gyr saturation
W20250111 18:32:38.188450 710526 ImuError.cpp:650] gyr saturation
W20250111 18:32:38.188455 710526 ImuError.cpp:650] gyr saturation
W20250111 18:32:38.188459 710526 ImuError.cpp:650] gyr saturation
W20250111 18:32:38.188463 710526 ImuError.cpp:650] gyr saturation
W20250111 18:32:38.188468 710526 ImuError.cpp:650] gyr saturation
W20250111 18:32:38.188473 710526 ImuError.cpp:650] gyr saturation
W20250111 18:32:38.188477 710526 ImuError.cpp:650] gyr saturation
W20250111 18:32:38.188481 710526 ImuError.cpp:650] gyr saturation
W20250111 18:32:38.188488 710526 ImuError.cpp:650] gyr saturation
W20250111 18:32:38.188498 710526 ImuError.cpp:650] gyr saturation
W20250111 18:32:38.188503 710526 ImuError.cpp:650] gyr saturation
W20250111 18:32:38.188508 710526 ImuError.cpp:650] gyr saturation
W20250111 18:32:38.188511 710526 ImuError.cpp:650] gyr saturation
W20250111 18:32:38.188514 710526 ImuError.cpp:650] gyr saturation
W20250111 18:32:38.188519 710526 ImuError.cpp:650] gyr saturation
W20250111 18:32:38.188524 710526 ImuError.cpp:650] gyr saturation
W20250111 18:32:38.188527 710526 ImuError.cpp:650] gyr saturation
W20250111 18:32:38.188531 710526 ImuError.cpp:650] gyr saturation
W20250111 18:32:38.188535 710526 ImuError.cpp:650] gyr saturation
W20250111 18:32:38.188540 710526 ImuError.cpp:650] gyr saturation
W20250111 18:32:38.188544 710526 ImuError.cpp:650] gyr saturation
W20250111 18:32:38.188549 710526 ImuError.cpp:650] gyr saturation
W20250111 18:32:38.188552 710526 ImuError.cpp:650] gyr saturation
W20250111 18:32:38.188556 710526 ImuError.cpp:650] gyr saturation
W20250111 18:32:38.188562 710526 ImuError.cpp:650] gyr saturation
W20250111 18:32:38.188566 710526 ImuError.cpp:650] gyr saturation
W20250111 18:32:38.188571 710526 ImuError.cpp:650] gyr saturation
W20250111 18:32:38.188575 710526 ImuError.cpp:650] gyr saturation
W20250111 18:32:38.188577 710526 ImuError.cpp:650] gyr saturation
W20250111 18:32:38.188581 710526 ImuError.cpp:650] gyr saturation
W20250111 18:32:38.188585 710526 ImuError.cpp:650] gyr saturation
W20250111 18:32:38.188589 710526 ImuError.cpp:650] gyr saturation
W20250111 18:32:38.188593 710526 ImuError.cpp:650] gyr saturation
W20250111 18:32:38.188597 710526 ImuError.cpp:650] gyr saturation
W20250111 18:32:38.188601 710526 ImuError.cpp:650] gyr saturation
W20250111 18:32:38.188606 710526 ImuError.cpp:650] gyr saturation
W20250111 18:32:38.188611 710526 ImuError.cpp:650] gyr saturation
W20250111 18:32:38.188614 710526 ImuError.cpp:650] gyr saturation
W20250111 18:32:38.188618 710526 ImuError.cpp:650] gyr saturation
W20250111 18:32:38.188623 710526 ImuError.cpp:650] gyr saturation
W20250111 18:32:38.188628 710526 ImuError.cpp:650] gyr saturation
W20250111 18:32:38.188632 710526 ImuError.cpp:650] gyr saturation
W20250111 18:32:38.202782 924405 ViSlamBackend.cpp:466] TRACKING FAILURE: quality=0
W20250111 18:32:38.203385 924405 ImuError.cpp:165] gyr saturation
W20250111 18:32:38.203416 924405 ImuError.cpp:165] gyr saturation
W20250111 18:32:38.203428 924405 ImuError.cpp:165] gyr saturation
W20250111 18:32:38.203438 924405 ImuError.cpp:165] gyr saturation
W20250111 18:32:38.203449 924405 ImuError.cpp:165] gyr saturation
W20250111 18:32:38.203460 924405 ImuError.cpp:165] gyr saturation
W20250111 18:32:38.203472 924405 ImuError.cpp:165] gyr saturation
W20250111 18:32:38.203483 924405 ImuError.cpp:165] gyr saturation
W20250111 18:32:38.203493 924405 ImuError.cpp:165] gyr saturation
W20250111 18:32:38.203505 924405 ImuError.cpp:165] gyr saturation
W20250111 18:32:38.203514 924405 ImuError.cpp:165] gyr saturation
W20250111 18:32:38.203526 924405 ImuError.cpp:165] gyr saturation
W20250111 18:32:38.203536 924405 ImuError.cpp:165] gyr saturation
W20250111 18:32:38.203547 924405 ImuError.cpp:165] gyr saturation
W20250111 18:32:38.203557 924405 ImuError.cpp:165] gyr saturation
W20250111 18:32:38.203568 924405 ImuError.cpp:165] gyr saturation
W20250111 18:32:38.203579 924405 ImuError.cpp:165] gyr saturation
W20250111 18:32:38.203589 924405 ImuError.cpp:165] gyr saturation
W20250111 18:32:38.203600 924405 ImuError.cpp:165] gyr saturation
W20250111 18:32:38.203616 924405 ImuError.cpp:165] gyr saturation
W20250111 18:32:38.203626 924405 ImuError.cpp:165] gyr saturation
W20250111 18:32:38.203637 924405 ImuError.cpp:165] gyr saturation
W20250111 18:32:38.203647 924405 ImuError.cpp:165] gyr saturation
W20250111 18:32:38.203658 924405 ImuError.cpp:165] gyr saturation
W20250111 18:32:38.203668 924405 ImuError.cpp:165] gyr saturation
W20250111 18:32:38.203680 924405 ImuError.cpp:165] gyr saturation
W20250111 18:32:38.203689 924405 ImuError.cpp:165] gyr saturation
W20250111 18:32:38.203716 924405 ImuError.cpp:165] gyr saturation
W20250111 18:32:38.203727 924405 ImuError.cpp:165] gyr saturation
W20250111 18:32:38.203739 924405 ImuError.cpp:165] gyr saturation
W20250111 18:32:38.203749 924405 ImuError.cpp:165] gyr saturation
W20250111 18:32:38.203760 924405 ImuError.cpp:165] gyr saturation
W20250111 18:32:38.203770 924405 ImuError.cpp:165] gyr saturation
W20250111 18:32:38.203781 924405 ImuError.cpp:165] gyr saturation
W20250111 18:32:38.204051 924405 ImuError.cpp:165] gyr saturation
W20250111 18:32:38.204066 924405 ImuError.cpp:165] gyr saturation
W20250111 18:32:38.204077 924405 ImuError.cpp:165] gyr saturation
W20250111 18:32:38.204088 924405 ImuError.cpp:165] gyr saturation
W20250111 18:32:38.204098 924405 ImuError.cpp:165] gyr saturation
W20250111 18:32:38.204109 924405 ImuError.cpp:165] gyr saturation
W20250111 18:32:38.204119 924405 ImuError.cpp:165] gyr saturation
W20250111 18:32:38.204130 924405 ImuError.cpp:165] gyr saturation
W20250111 18:32:38.204140 924405 ImuError.cpp:165] gyr saturation
W20250111 18:32:38.204151 924405 ImuError.cpp:165] gyr saturation
W20250111 18:32:38.204161 924405 ImuError.cpp:165] gyr saturation
W20250111 18:32:38.204175 924405 ImuError.cpp:165] gyr saturation
W20250111 18:32:38.204185 924405 ImuError.cpp:165] gyr saturation
W20250111 18:32:38.204196 924405 ImuError.cpp:165] gyr saturation
W20250111 18:32:38.204207 924405 ImuError.cpp:165] gyr saturation
W20250111 18:32:38.204217 924405 ImuError.cpp:165] gyr saturation
W20250111 18:32:38.204228 924405 ImuError.cpp:165] gyr saturation
W20250111 18:32:38.204238 924405 ImuError.cpp:165] gyr saturation
W20250111 18:32:38.204249 924405 ImuError.cpp:165] gyr saturation
W20250111 18:32:38.204259 924405 ImuError.cpp:165] gyr saturation
W20250111 18:32:38.204270 924405 ImuError.cpp:165] gyr saturation
W20250111 18:32:38.204281 924405 ImuError.cpp:165] gyr saturation
W20250111 18:32:38.204291 924405 ImuError.cpp:165] gyr saturation
W20250111 18:32:38.204301 924405 ImuError.cpp:165] gyr saturation
W20250111 18:32:38.204313 924405 ImuError.cpp:165] gyr saturation
W20250111 18:32:38.204324 924405 ImuError.cpp:165] gyr saturation
W20250111 18:32:38.204334 924405 ImuError.cpp:165] gyr saturation
W20250111 18:32:38.204344 924405 ImuError.cpp:165] gyr saturation
W20250111 18:32:38.204355 924405 ImuError.cpp:165] gyr saturation
W20250111 18:32:38.204365 924405 ImuError.cpp:165] gyr saturation
W20250111 18:32:38.204375 924405 ImuError.cpp:165] gyr saturation
W20250111 18:32:38.204386 924405 ImuError.cpp:165] gyr saturation
W20250111 18:32:38.204396 924405 ImuError.cpp:165] gyr saturation
W20250111 18:32:38.204407 924405 ImuError.cpp:165] gyr saturation
W20250111 18:32:38.205132 710526 ImuError.cpp:650] gyr saturation
W20250111 18:32:38.205147 710526 ImuError.cpp:650] gyr saturation
W20250111 18:32:38.205149 710526 ImuError.cpp:650] gyr saturation
W20250111 18:32:38.205153 710526 ImuError.cpp:650] gyr saturation
W20250111 18:32:38.205158 710526 ImuError.cpp:650] gyr saturation
W20250111 18:32:38.205163 710526 ImuError.cpp:650] gyr saturation
W20250111 18:32:38.205166 710526 ImuError.cpp:650] gyr saturation
W20250111 18:32:38.205170 710526 ImuError.cpp:650] gyr saturation
W20250111 18:32:38.205174 710526 ImuError.cpp:650] gyr saturation
W20250111 18:32:38.205178 710526 ImuError.cpp:650] gyr saturation
W20250111 18:32:38.205183 710526 ImuError.cpp:650] gyr saturation
W20250111 18:32:38.205186 710526 ImuError.cpp:650] gyr saturation
W20250111 18:32:38.205190 710526 ImuError.cpp:650] gyr saturation
W20250111 18:32:38.205195 710526 ImuError.cpp:650] gyr saturation
W20250111 18:32:38.205199 710526 ImuError.cpp:650] gyr saturation
W20250111 18:32:38.205204 710526 ImuError.cpp:650] gyr saturation
W20250111 18:32:38.205207 710526 ImuError.cpp:650] gyr saturation
W20250111 18:32:38.205211 710526 ImuError.cpp:650] gyr saturation
W20250111 18:32:38.205215 710526 ImuError.cpp:650] gyr saturation
W20250111 18:32:38.205219 710526 ImuError.cpp:650] gyr saturation
W20250111 18:32:38.205224 710526 ImuError.cpp:650] gyr saturation
W20250111 18:32:38.205235 710526 ImuError.cpp:650] gyr saturation
W20250111 18:32:38.205237 710526 ImuError.cpp:650] gyr saturation
W20250111 18:32:38.205241 710526 ImuError.cpp:650] gyr saturation
W20250111 18:32:38.205246 710526 ImuError.cpp:650] gyr saturation
W20250111 18:32:38.205250 710526 ImuError.cpp:650] gyr saturation
W20250111 18:32:38.205253 710526 ImuError.cpp:650] gyr saturation
W20250111 18:32:38.205257 710526 ImuError.cpp:650] gyr saturation
W20250111 18:32:38.205261 710526 ImuError.cpp:650] gyr saturation
W20250111 18:32:38.205265 710526 ImuError.cpp:650] gyr saturation
W20250111 18:32:38.205268 710526 ImuError.cpp:650] gyr saturation
W20250111 18:32:38.205272 710526 ImuError.cpp:650] gyr saturation
W20250111 18:32:38.205276 710526 ImuError.cpp:650] gyr saturation
W20250111 18:32:38.205281 710526 ImuError.cpp:650] gyr saturation
W20250111 18:32:38.205287 710526 ImuError.cpp:650] gyr saturation
W20250111 18:32:38.205473 710526 ImuError.cpp:650] gyr saturation
W20250111 18:32:38.205478 710526 ImuError.cpp:650] gyr saturation
W20250111 18:32:38.205482 710526 ImuError.cpp:650] gyr saturation
W20250111 18:32:38.205484 710526 ImuError.cpp:650] gyr saturation
W20250111 18:32:38.205489 710526 ImuError.cpp:650] gyr saturation
W20250111 18:32:38.205493 710526 ImuError.cpp:650] gyr saturation
W20250111 18:32:38.205497 710526 ImuError.cpp:650] gyr saturation
W20250111 18:32:38.205502 710526 ImuError.cpp:650] gyr saturation
W20250111 18:32:38.205504 710526 ImuError.cpp:650] gyr saturation
W20250111 18:32:38.205508 710526 ImuError.cpp:650] gyr saturation
W20250111 18:32:38.205513 710526 ImuError.cpp:650] gyr saturation
W20250111 18:32:38.205518 710526 ImuError.cpp:650] gyr saturation
W20250111 18:32:38.205523 710526 ImuError.cpp:650] gyr saturation
W20250111 18:32:38.205525 710526 ImuError.cpp:650] gyr saturation
W20250111 18:32:38.205529 710526 ImuError.cpp:650] gyr saturation
W20250111 18:32:38.205534 710526 ImuError.cpp:650] gyr saturation
W20250111 18:32:38.205538 710526 ImuError.cpp:650] gyr saturation
W20250111 18:32:38.205541 710526 ImuError.cpp:650] gyr saturation
W20250111 18:32:38.205545 710526 ImuError.cpp:650] gyr saturation
W20250111 18:32:38.205549 710526 ImuError.cpp:650] gyr saturation
W20250111 18:32:38.205552 710526 ImuError.cpp:650] gyr saturation
W20250111 18:32:38.205556 710526 ImuError.cpp:650] gyr saturation
W20250111 18:32:38.205560 710526 ImuError.cpp:650] gyr saturation
W20250111 18:32:38.205564 710526 ImuError.cpp:650] gyr saturation
W20250111 18:32:38.205567 710526 ImuError.cpp:650] gyr saturation
W20250111 18:32:38.205572 710526 ImuError.cpp:650] gyr saturation
W20250111 18:32:38.205575 710526 ImuError.cpp:650] gyr saturation
W20250111 18:32:38.205580 710526 ImuError.cpp:650] gyr saturation
W20250111 18:32:38.205583 710526 ImuError.cpp:650] gyr saturation
W20250111 18:32:38.205587 710526 ImuError.cpp:650] gyr saturation
W20250111 18:32:38.205591 710526 ImuError.cpp:650] gyr saturation
W20250111 18:32:38.205595 710526 ImuError.cpp:650] gyr saturation
W20250111 18:32:38.205598 710526 ImuError.cpp:650] gyr saturation
W20250111 18:32:38.205602 710526 ImuError.cpp:650] gyr saturation
W20250111 18:32:38.205606 710526 ImuError.cpp:650] gyr saturation
W20250111 18:32:38.206030 710526 Frontend.cpp:615] 3d2d tracking lost. Number of 3d2d-matches: 1
W20250111 18:32:38.207293 710526 ImuError.cpp:650] gyr saturation
W20250111 18:32:38.207304 710526 ImuError.cpp:650] gyr saturation
W20250111 18:32:38.207306 710526 ImuError.cpp:650] gyr saturation
W20250111 18:32:38.207309 710526 ImuError.cpp:650] gyr saturation
W20250111 18:32:38.207312 710526 ImuError.cpp:650] gyr saturation
W20250111 18:32:38.207319 710526 ImuError.cpp:650] gyr saturation
W20250111 18:32:38.207321 710526 ImuError.cpp:650] gyr saturation
W20250111 18:32:38.207326 710526 ImuError.cpp:650] gyr saturation
W20250111 18:32:38.207330 710526 ImuError.cpp:650] gyr saturation
W20250111 18:32:38.207336 710526 ImuError.cpp:650] gyr saturation
W20250111 18:32:38.207340 710526 ImuError.cpp:650] gyr saturation
W20250111 18:32:38.207343 710526 ImuError.cpp:650] gyr saturation
W20250111 18:32:38.207351 710526 ImuError.cpp:650] gyr saturation
W20250111 18:32:38.207356 710526 ImuError.cpp:650] gyr saturation
W20250111 18:32:38.207362 710526 ImuError.cpp:650] gyr saturation
W20250111 18:32:38.207366 710526 ImuError.cpp:650] gyr saturation
W20250111 18:32:38.207369 710526 ImuError.cpp:650] gyr saturation
W20250111 18:32:38.207374 710526 ImuError.cpp:650] gyr saturation
W20250111 18:32:38.207379 710526 ImuError.cpp:650] gyr saturation
W20250111 18:32:38.207383 710526 ImuError.cpp:650] gyr saturation
W20250111 18:32:38.207388 710526 ImuError.cpp:650] gyr saturation
W20250111 18:32:38.207392 710526 ImuError.cpp:650] gyr saturation
W20250111 18:32:38.207396 710526 ImuError.cpp:650] gyr saturation
W20250111 18:32:38.207399 710526 ImuError.cpp:650] gyr saturation
W20250111 18:32:38.207404 710526 ImuError.cpp:650] gyr saturation
W20250111 18:32:38.207407 710526 ImuError.cpp:650] gyr saturation
W20250111 18:32:38.207412 710526 ImuError.cpp:650] gyr saturation
W20250111 18:32:38.207415 710526 ImuError.cpp:650] gyr saturation
W20250111 18:32:38.207418 710526 ImuError.cpp:650] gyr saturation
W20250111 18:32:38.207424 710526 ImuError.cpp:650] gyr saturation
W20250111 18:32:38.207429 710526 ImuError.cpp:650] gyr saturation
W20250111 18:32:38.207435 710526 ImuError.cpp:650] gyr saturation
W20250111 18:32:38.207438 710526 ImuError.cpp:650] gyr saturation
W20250111 18:32:38.207443 710526 ImuError.cpp:650] gyr saturation
W20250111 18:32:38.207448 710526 ImuError.cpp:650] gyr saturation
W20250111 18:32:38.207453 710526 ImuError.cpp:650] gyr saturation
W20250111 18:32:38.207458 710526 ImuError.cpp:650] gyr saturation
W20250111 18:32:38.207461 710526 ImuError.cpp:650] gyr saturation
W20250111 18:32:38.207465 710526 ImuError.cpp:650] gyr saturation
W20250111 18:32:38.207469 710526 ImuError.cpp:650] gyr saturation
W20250111 18:32:38.207473 710526 ImuError.cpp:650] gyr saturation
W20250111 18:32:38.207477 710526 ImuError.cpp:650] gyr saturation
W20250111 18:32:38.207481 710526 ImuError.cpp:650] gyr saturation
W20250111 18:32:38.207484 710526 ImuError.cpp:650] gyr saturation
W20250111 18:32:38.207489 710526 ImuError.cpp:650] gyr saturation
W20250111 18:32:38.207492 710526 ImuError.cpp:650] gyr saturation
W20250111 18:32:38.207496 710526 ImuError.cpp:650] gyr saturation
W20250111 18:32:38.207499 710526 ImuError.cpp:650] gyr saturation
W20250111 18:32:38.210628 710539 ImuError.cpp:368] gyr saturation
W20250111 18:32:38.210712 710539 ImuError.cpp:368] gyr saturation
W20250111 18:32:38.210726 710539 ImuError.cpp:368] gyr saturation
W20250111 18:32:38.210736 710539 ImuError.cpp:368] gyr saturation
W20250111 18:32:38.210747 710539 ImuError.cpp:368] gyr saturation
W20250111 18:32:38.210760 710539 ImuError.cpp:368] gyr saturation
W20250111 18:32:38.210770 710539 ImuError.cpp:368] gyr saturation
W20250111 18:32:38.210781 710539 ImuError.cpp:368] gyr saturation
W20250111 18:32:38.210793 710539 ImuError.cpp:368] gyr saturation
W20250111 18:32:38.210803 710539 ImuError.cpp:368] gyr saturation
W20250111 18:32:38.210813 710539 ImuError.cpp:368] gyr saturation
W20250111 18:32:38.210824 710539 ImuError.cpp:368] gyr saturation
W20250111 18:32:38.210835 710539 ImuError.cpp:368] gyr saturation
W20250111 18:32:38.210845 710539 ImuError.cpp:368] gyr saturation
W20250111 18:32:38.210856 710539 ImuError.cpp:368] gyr saturation
W20250111 18:32:38.210866 710539 ImuError.cpp:368] gyr saturation
W20250111 18:32:38.210877 710539 ImuError.cpp:368] gyr saturation
W20250111 18:32:38.210888 710539 ImuError.cpp:368] gyr saturation
W20250111 18:32:38.210898 710539 ImuError.cpp:368] gyr saturation
W20250111 18:32:38.210909 710539 ImuError.cpp:368] gyr saturation
W20250111 18:32:38.210920 710539 ImuError.cpp:368] gyr saturation
W20250111 18:32:38.210932 710539 ImuError.cpp:368] gyr saturation
W20250111 18:32:38.210942 710539 ImuError.cpp:368] gyr saturation
W20250111 18:32:38.210952 710539 ImuError.cpp:368] gyr saturation
W20250111 18:32:38.210963 710539 ImuError.cpp:368] gyr saturation
W20250111 18:32:38.210973 710539 ImuError.cpp:368] gyr saturation
W20250111 18:32:38.211004 710539 ImuError.cpp:368] gyr saturation
W20250111 18:32:38.211016 710539 ImuError.cpp:368] gyr saturation
W20250111 18:32:38.211027 710539 ImuError.cpp:368] gyr saturation
W20250111 18:32:38.211038 710539 ImuError.cpp:368] gyr saturation
W20250111 18:32:38.211050 710539 ImuError.cpp:368] gyr saturation
W20250111 18:32:38.211061 710539 ImuError.cpp:368] gyr saturation
W20250111 18:32:38.211071 710539 ImuError.cpp:368] gyr saturation
W20250111 18:32:38.211082 710539 ImuError.cpp:368] gyr saturation
W20250111 18:32:38.211093 710539 ImuError.cpp:368] gyr saturation
W20250111 18:32:38.221349 924463 ViSlamBackend.cpp:466] TRACKING FAILURE: quality=0
W20250111 18:32:38.222160 710526 ImuError.cpp:650] gyr saturation
W20250111 18:32:38.222177 710526 ImuError.cpp:650] gyr saturation
W20250111 18:32:38.222182 710526 ImuError.cpp:650] gyr saturation
W20250111 18:32:38.222186 710526 ImuError.cpp:650] gyr saturation
W20250111 18:32:38.222189 710526 ImuError.cpp:650] gyr saturation
W20250111 18:32:38.222193 710526 ImuError.cpp:650] gyr saturation
W20250111 18:32:38.222198 710526 ImuError.cpp:650] gyr saturation
W20250111 18:32:38.222203 710526 ImuError.cpp:650] gyr saturation
W20250111 18:32:38.222208 710526 ImuError.cpp:650] gyr saturation
W20250111 18:32:38.222211 710526 ImuError.cpp:650] gyr saturation
W20250111 18:32:38.222215 710526 ImuError.cpp:650] gyr saturation
W20250111 18:32:38.222219 710526 ImuError.cpp:650] gyr saturation
W20250111 18:32:38.222222 710526 ImuError.cpp:650] gyr saturation
W20250111 18:32:38.222226 710526 ImuError.cpp:650] gyr saturation
W20250111 18:32:38.222254 710526 ImuError.cpp:650] gyr saturation
W20250111 18:32:38.222258 710526 ImuError.cpp:650] gyr saturation
W20250111 18:32:38.222262 710526 ImuError.cpp:650] gyr saturation
W20250111 18:32:38.222267 710526 ImuError.cpp:650] gyr saturation
W20250111 18:32:38.222270 710526 ImuError.cpp:650] gyr saturation
W20250111 18:32:38.222275 710526 ImuError.cpp:650] gyr saturation
W20250111 18:32:38.222278 710526 ImuError.cpp:650] gyr saturation
W20250111 18:32:38.222282 710526 ImuError.cpp:650] gyr saturation
W20250111 18:32:38.222286 710526 ImuError.cpp:650] gyr saturation
W20250111 18:32:38.222290 710526 ImuError.cpp:650] gyr saturation
W20250111 18:32:38.222294 710526 ImuError.cpp:650] gyr saturation
W20250111 18:32:38.222297 710526 ImuError.cpp:650] gyr saturation
W20250111 18:32:38.222301 710526 ImuError.cpp:650] gyr saturation
W20250111 18:32:38.222306 710526 ImuError.cpp:650] gyr saturation
W20250111 18:32:38.222819 710526 Frontend.cpp:615] 3d2d tracking lost. Number of 3d2d-matches: 2
W20250111 18:32:38.223496 710526 ImuError.cpp:650] gyr saturation
W20250111 18:32:38.223505 710526 ImuError.cpp:650] gyr saturation
W20250111 18:32:38.223510 710526 ImuError.cpp:650] gyr saturation
W20250111 18:32:38.223513 710526 ImuError.cpp:650] gyr saturation
W20250111 18:32:38.223517 710526 ImuError.cpp:650] gyr saturation
W20250111 18:32:38.223520 710526 ImuError.cpp:650] gyr saturation
W20250111 18:32:38.223524 710526 ImuError.cpp:650] gyr saturation
W20250111 18:32:38.223527 710526 ImuError.cpp:650] gyr saturation
W20250111 18:32:38.223531 710526 ImuError.cpp:650] gyr saturation
W20250111 18:32:38.223536 710526 ImuError.cpp:650] gyr saturation
W20250111 18:32:38.223539 710526 ImuError.cpp:650] gyr saturation
W20250111 18:32:38.223544 710526 ImuError.cpp:650] gyr saturation
W20250111 18:32:38.223549 710526 ImuError.cpp:650] gyr saturation
W20250111 18:32:38.223554 710526 ImuError.cpp:650] gyr saturation
W20250111 18:32:38.227372 710539 ImuError.cpp:368] gyr saturation
W20250111 18:32:38.227454 710539 ImuError.cpp:368] gyr saturation
W20250111 18:32:38.227468 710539 ImuError.cpp:368] gyr saturation
W20250111 18:32:38.227479 710539 ImuError.cpp:368] gyr saturation
W20250111 18:32:38.227490 710539 ImuError.cpp:368] gyr saturation
W20250111 18:32:38.227501 710539 ImuError.cpp:368] gyr saturation
W20250111 18:32:38.227514 710539 ImuError.cpp:368] gyr saturation
W20250111 18:32:38.227524 710539 ImuError.cpp:368] gyr saturation
W20250111 18:32:38.227550 710539 ImuError.cpp:368] gyr saturation
W20250111 18:32:38.227563 710539 ImuError.cpp:368] gyr saturation
W20250111 18:32:38.227574 710539 ImuError.cpp:368] gyr saturation
W20250111 18:32:38.227586 710539 ImuError.cpp:368] gyr saturation
W20250111 18:32:38.227596 710539 ImuError.cpp:368] gyr saturation
W20250111 18:32:38.227607 710539 ImuError.cpp:368] gyr saturation
W20250111 18:32:38.238564 924497 ViSlamBackend.cpp:466] TRACKING FAILURE: quality=0
W20250111 18:32:38.240401 710526 Frontend.cpp:615] 3d2d tracking lost. Number of 3d2d-matches: 2
W20250111 18:32:38.257292 924539 ImuError.cpp:165] gyr saturation
W20250111 18:32:38.257474 924539 ImuError.cpp:165] gyr saturation
W20250111 18:32:38.257488 924539 ImuError.cpp:165] gyr saturation
W20250111 18:32:38.257499 924539 ImuError.cpp:165] gyr saturation
W20250111 18:32:38.257510 924539 ImuError.cpp:165] gyr saturation
W20250111 18:32:38.257520 924539 ImuError.cpp:165] gyr saturation
W20250111 18:32:38.257531 924539 ImuError.cpp:165] gyr saturation
W20250111 18:32:38.257542 924539 ImuError.cpp:165] gyr saturation
W20250111 18:32:38.257553 924539 ImuError.cpp:165] gyr saturation
W20250111 18:32:38.257573 924539 ImuError.cpp:165] gyr saturation
W20250111 18:32:38.257584 924539 ImuError.cpp:165] gyr saturation
W20250111 18:32:38.257594 924539 ImuError.cpp:165] gyr saturation
W20250111 18:32:38.257714 924539 ImuError.cpp:165] gyr saturation
W20250111 18:32:38.257725 924539 ImuError.cpp:165] gyr saturation
W20250111 18:32:38.257735 924539 ImuError.cpp:165] gyr saturation
W20250111 18:32:38.257851 924539 ImuError.cpp:165] gyr saturation
W20250111 18:32:38.257862 924539 ImuError.cpp:165] gyr saturation
W20250111 18:32:38.257874 924539 ImuError.cpp:165] gyr saturation
W20250111 18:32:38.257884 924539 ImuError.cpp:165] gyr saturation
W20250111 18:32:38.257894 924539 ImuError.cpp:165] gyr saturation
W20250111 18:32:38.257905 924539 ImuError.cpp:165] gyr saturation
W20250111 18:32:38.257916 924539 ImuError.cpp:165] gyr saturation
W20250111 18:32:38.257927 924539 ImuError.cpp:165] gyr saturation
W20250111 18:32:38.257939 924539 ImuError.cpp:165] gyr saturation
W20250111 18:32:38.257951 924539 ImuError.cpp:165] gyr saturation
W20250111 18:32:38.257961 924539 ImuError.cpp:165] gyr saturation
W20250111 18:32:38.257972 924539 ImuError.cpp:165] gyr saturation
W20250111 18:32:38.257982 924539 ImuError.cpp:165] gyr saturation
W20250111 18:32:38.257998 924539 ImuError.cpp:165] gyr saturation
W20250111 18:32:38.258010 924539 ImuError.cpp:165] gyr saturation
W20250111 18:32:38.258021 924539 ImuError.cpp:165] gyr saturation
W20250111 18:32:38.258139 924539 ImuError.cpp:165] gyr saturation
W20250111 18:32:38.258150 924539 ImuError.cpp:165] gyr saturation
W20250111 18:32:38.258162 924539 ImuError.cpp:165] gyr saturation
W20250111 18:32:38.258172 924539 ImuError.cpp:165] gyr saturation
W20250111 18:32:38.258245 924539 ImuError.cpp:165] gyr saturation
W20250111 18:32:38.258258 924539 ImuError.cpp:165] gyr saturation
W20250111 18:32:38.258270 924539 ImuError.cpp:165] gyr saturation
W20250111 18:32:38.258280 924539 ImuError.cpp:165] gyr saturation
W20250111 18:32:38.258291 924539 ImuError.cpp:165] gyr saturation
W20250111 18:32:38.258302 924539 ImuError.cpp:165] gyr saturation
W20250111 18:32:38.258313 924539 ImuError.cpp:165] gyr saturation
W20250111 18:32:38.258324 924539 ImuError.cpp:165] gyr saturation
W20250111 18:32:38.258335 924539 ImuError.cpp:165] gyr saturation
W20250111 18:32:38.258345 924539 ImuError.cpp:165] gyr saturation
W20250111 18:32:38.258356 924539 ImuError.cpp:165] gyr saturation
W20250111 18:32:38.258368 924539 ImuError.cpp:165] gyr saturation
W20250111 18:32:38.258378 924539 ImuError.cpp:165] gyr saturation
W20250111 18:32:38.258388 924539 ImuError.cpp:165] gyr saturation
W20250111 18:32:38.258400 924539 ImuError.cpp:165] gyr saturation
W20250111 18:32:38.258411 924539 ImuError.cpp:165] gyr saturation
W20250111 18:32:38.258422 924539 ImuError.cpp:165] gyr saturation
W20250111 18:32:38.258432 924539 ImuError.cpp:165] gyr saturation
W20250111 18:32:38.258443 924539 ImuError.cpp:165] gyr saturation
W20250111 18:32:38.258564 924539 ImuError.cpp:165] gyr saturation
W20250111 18:32:38.258576 924539 ImuError.cpp:165] gyr saturation
W20250111 18:32:38.258589 924539 ImuError.cpp:165] gyr saturation
W20250111 18:32:38.258603 924539 ImuError.cpp:165] gyr saturation
W20250111 18:32:38.258615 924539 ImuError.cpp:165] gyr saturation
W20250111 18:32:38.258625 924539 ImuError.cpp:165] gyr saturation
W20250111 18:32:38.258636 924539 ImuError.cpp:165] gyr saturation
W20250111 18:32:38.258646 924539 ImuError.cpp:165] gyr saturation
W20250111 18:32:38.258657 924539 ImuError.cpp:165] gyr saturation
W20250111 18:32:38.258668 924539 ImuError.cpp:165] gyr saturation
W20250111 18:32:38.258679 924539 ImuError.cpp:165] gyr saturation
W20250111 18:32:38.258690 924539 ImuError.cpp:165] gyr saturation
W20250111 18:32:38.258700 924539 ImuError.cpp:165] gyr saturation
W20250111 18:32:38.258711 924539 ImuError.cpp:165] gyr saturation
W20250111 18:32:38.258723 924539 ImuError.cpp:165] gyr saturation
W20250111 18:32:38.258734 924539 ImuError.cpp:165] gyr saturation
W20250111 18:32:38.276466 924581 ImuError.cpp:165] gyr saturation
W20250111 18:32:38.276522 924581 ImuError.cpp:165] gyr saturation
W20250111 18:32:38.276533 924581 ImuError.cpp:165] gyr saturation
W20250111 18:32:38.276540 924581 ImuError.cpp:165] gyr saturation
W20250111 18:32:38.276547 924581 ImuError.cpp:165] gyr saturation
W20250111 18:32:38.276554 924581 ImuError.cpp:165] gyr saturation
W20250111 18:32:38.276562 924581 ImuError.cpp:165] gyr saturation
W20250111 18:32:38.276569 924581 ImuError.cpp:165] gyr saturation
W20250111 18:32:38.276577 924581 ImuError.cpp:165] gyr saturation
W20250111 18:32:38.276584 924581 ImuError.cpp:165] gyr saturation
W20250111 18:32:38.276592 924581 ImuError.cpp:165] gyr saturation
W20250111 18:32:38.276599 924581 ImuError.cpp:165] gyr saturation
W20250111 18:32:38.276607 924581 ImuError.cpp:165] gyr saturation
W20250111 18:32:38.276614 924581 ImuError.cpp:165] gyr saturation
W20250111 18:32:38.276731 924581 ImuError.cpp:165] gyr saturation
W20250111 18:32:38.276741 924581 ImuError.cpp:165] gyr saturation
W20250111 18:32:38.276747 924581 ImuError.cpp:165] gyr saturation
W20250111 18:32:38.276754 924581 ImuError.cpp:165] gyr saturation
W20250111 18:32:38.276762 924581 ImuError.cpp:165] gyr saturation
W20250111 18:32:38.276769 924581 ImuError.cpp:165] gyr saturation
W20250111 18:32:38.276777 924581 ImuError.cpp:165] gyr saturation
W20250111 18:32:38.276784 924581 ImuError.cpp:165] gyr saturation
W20250111 18:32:38.276791 924581 ImuError.cpp:165] gyr saturation
W20250111 18:32:38.276798 924581 ImuError.cpp:165] gyr saturation
W20250111 18:32:38.276806 924581 ImuError.cpp:165] gyr saturation
W20250111 18:32:38.276813 924581 ImuError.cpp:165] gyr saturation
W20250111 18:32:38.276820 924581 ImuError.cpp:165] gyr saturation
W20250111 18:32:38.276827 924581 ImuError.cpp:165] gyr saturation
W20250111 18:32:38.382498 710526 Frontend.cpp:615] 3d2d tracking lost. Number of 3d2d-matches: 2
W20250111 18:32:38.383352 710526 ImuError.cpp:650] gyr saturation
W20250111 18:32:38.383366 710526 ImuError.cpp:650] gyr saturation
W20250111 18:32:38.383370 710526 ImuError.cpp:650] gyr saturation
W20250111 18:32:38.383374 710526 ImuError.cpp:650] gyr saturation
W20250111 18:32:38.383378 710526 ImuError.cpp:650] gyr saturation
W20250111 18:32:38.383379 710526 ImuError.cpp:650] gyr saturation
W20250111 18:32:38.383383 710526 ImuError.cpp:650] gyr saturation
W20250111 18:32:38.383385 710526 ImuError.cpp:650] gyr saturation
W20250111 18:32:38.383388 710526 ImuError.cpp:650] gyr saturation
W20250111 18:32:38.383391 710526 ImuError.cpp:650] gyr saturation
W20250111 18:32:38.383394 710526 ImuError.cpp:650] gyr saturation
W20250111 18:32:38.383396 710526 ImuError.cpp:650] gyr saturation
W20250111 18:32:38.383399 710526 ImuError.cpp:650] gyr saturation
W20250111 18:32:38.383402 710526 ImuError.cpp:650] gyr saturation
W20250111 18:32:38.383405 710526 ImuError.cpp:650] gyr saturation
W20250111 18:32:38.391474 924817 ViSlamBackend.cpp:466] TRACKING FAILURE: quality=0
W20250111 18:32:38.392722 710526 ImuError.cpp:650] gyr saturation
W20250111 18:32:38.392742 710526 ImuError.cpp:650] gyr saturation
W20250111 18:32:38.392746 710526 ImuError.cpp:650] gyr saturation
W20250111 18:32:38.392750 710526 ImuError.cpp:650] gyr saturation
W20250111 18:32:38.392753 710526 ImuError.cpp:650] gyr saturation
W20250111 18:32:38.392758 710526 ImuError.cpp:650] gyr saturation
W20250111 18:32:38.392763 710526 ImuError.cpp:650] gyr saturation
W20250111 18:32:38.392773 710526 ImuError.cpp:650] gyr saturation
W20250111 18:32:38.392777 710526 ImuError.cpp:650] gyr saturation
W20250111 18:32:38.392781 710526 ImuError.cpp:650] gyr saturation
W20250111 18:32:38.392786 710526 ImuError.cpp:650] gyr saturation
W20250111 18:32:38.392789 710526 ImuError.cpp:650] gyr saturation
W20250111 18:32:38.392793 710526 ImuError.cpp:650] gyr saturation
W20250111 18:32:38.392797 710526 ImuError.cpp:650] gyr saturation
W20250111 18:32:38.392800 710526 ImuError.cpp:650] gyr saturation
W20250111 18:32:38.392894 710526 ImuError.cpp:650] gyr saturation
W20250111 18:32:38.392900 710526 ImuError.cpp:650] gyr saturation
W20250111 18:32:38.392912 710526 ImuError.cpp:650] gyr saturation
W20250111 18:32:38.392918 710526 ImuError.cpp:650] gyr saturation
W20250111 18:32:38.392922 710526 ImuError.cpp:650] gyr saturation
W20250111 18:32:38.392926 710526 ImuError.cpp:650] gyr saturation
W20250111 18:32:38.392931 710526 ImuError.cpp:650] gyr saturation
W20250111 18:32:38.392936 710526 ImuError.cpp:650] gyr saturation
W20250111 18:32:38.392940 710526 ImuError.cpp:650] gyr saturation
W20250111 18:32:38.392946 710526 ImuError.cpp:650] gyr saturation
W20250111 18:32:38.392951 710526 ImuError.cpp:650] gyr saturation
W20250111 18:32:38.392956 710526 ImuError.cpp:650] gyr saturation
W20250111 18:32:38.392959 710526 ImuError.cpp:650] gyr saturation
W20250111 18:32:38.392963 710526 ImuError.cpp:650] gyr saturation
W20250111 18:32:38.392967 710526 ImuError.cpp:650] gyr saturation
W20250111 18:32:38.393069 710526 Frontend.cpp:615] 3d2d tracking lost. Number of 3d2d-matches: 0
W20250111 18:32:38.393761 710526 ImuError.cpp:650] gyr saturation
W20250111 18:32:38.393770 710526 ImuError.cpp:650] gyr saturation
W20250111 18:32:38.393774 710526 ImuError.cpp:650] gyr saturation
W20250111 18:32:38.393777 710526 ImuError.cpp:650] gyr saturation
W20250111 18:32:38.393781 710526 ImuError.cpp:650] gyr saturation
W20250111 18:32:38.393785 710526 ImuError.cpp:650] gyr saturation
W20250111 18:32:38.393788 710526 ImuError.cpp:650] gyr saturation
W20250111 18:32:38.393792 710526 ImuError.cpp:650] gyr saturation
W20250111 18:32:38.393795 710526 ImuError.cpp:650] gyr saturation
W20250111 18:32:38.393800 710526 ImuError.cpp:650] gyr saturation
W20250111 18:32:38.393805 710526 ImuError.cpp:650] gyr saturation
W20250111 18:32:38.393810 710526 ImuError.cpp:650] gyr saturation
W20250111 18:32:38.393815 710526 ImuError.cpp:650] gyr saturation
W20250111 18:32:38.393818 710526 ImuError.cpp:650] gyr saturation
W20250111 18:32:38.393822 710526 ImuError.cpp:650] gyr saturation
W20250111 18:32:38.393826 710526 ImuError.cpp:650] gyr saturation
W20250111 18:32:38.393829 710526 ImuError.cpp:650] gyr saturation
W20250111 18:32:38.393832 710526 ImuError.cpp:650] gyr saturation
W20250111 18:32:38.393836 710526 ImuError.cpp:650] gyr saturation
W20250111 18:32:38.393841 710526 ImuError.cpp:650] gyr saturation
W20250111 18:32:38.393843 710526 ImuError.cpp:650] gyr saturation
W20250111 18:32:38.393847 710526 ImuError.cpp:650] gyr saturation
W20250111 18:32:38.393850 710526 ImuError.cpp:650] gyr saturation
W20250111 18:32:38.393854 710526 ImuError.cpp:650] gyr saturation
W20250111 18:32:38.393858 710526 ImuError.cpp:650] gyr saturation
W20250111 18:32:38.393862 710526 ImuError.cpp:650] gyr saturation
W20250111 18:32:38.393865 710526 ImuError.cpp:650] gyr saturation
W20250111 18:32:38.393868 710526 ImuError.cpp:650] gyr saturation
W20250111 18:32:38.393872 710526 ImuError.cpp:650] gyr saturation
W20250111 18:32:38.393877 710526 ImuError.cpp:650] gyr saturation
W20250111 18:32:38.393879 710526 ImuError.cpp:650] gyr saturation
W20250111 18:32:38.393888 710526 ImuError.cpp:650] gyr saturation
W20250111 18:32:38.393893 710526 ImuError.cpp:650] gyr saturation
W20250111 18:32:38.393896 710526 ImuError.cpp:650] gyr saturation
W20250111 18:32:38.393900 710526 ImuError.cpp:650] gyr saturation
W20250111 18:32:38.393904 710526 ImuError.cpp:650] gyr saturation
W20250111 18:32:38.393908 710526 ImuError.cpp:650] gyr saturation
W20250111 18:32:38.393911 710526 ImuError.cpp:650] gyr saturation
W20250111 18:32:38.393915 710526 ImuError.cpp:650] gyr saturation
W20250111 18:32:38.393918 710526 ImuError.cpp:650] gyr saturation
W20250111 18:32:38.393922 710526 ImuError.cpp:650] gyr saturation
W20250111 18:32:38.393925 710526 ImuError.cpp:650] gyr saturation
W20250111 18:32:38.393929 710526 ImuError.cpp:650] gyr saturation
W20250111 18:32:38.393932 710526 ImuError.cpp:650] gyr saturation
W20250111 18:32:38.393935 710526 ImuError.cpp:650] gyr saturation
W20250111 18:32:38.393939 710526 ImuError.cpp:650] gyr saturation
W20250111 18:32:38.393944 710526 ImuError.cpp:650] gyr saturation
W20250111 18:32:38.393946 710526 ImuError.cpp:650] gyr saturation
W20250111 18:32:38.393951 710526 ImuError.cpp:650] gyr saturation
W20250111 18:32:38.396575 710540 ImuError.cpp:368] gyr saturation
W20250111 18:32:38.396649 710540 ImuError.cpp:368] gyr saturation
W20250111 18:32:38.396662 710540 ImuError.cpp:368] gyr saturation
W20250111 18:32:38.396675 710540 ImuError.cpp:368] gyr saturation
W20250111 18:32:38.396687 710540 ImuError.cpp:368] gyr saturation
W20250111 18:32:38.396698 710540 ImuError.cpp:368] gyr saturation
W20250111 18:32:38.396708 710540 ImuError.cpp:368] gyr saturation
W20250111 18:32:38.396719 710540 ImuError.cpp:368] gyr saturation
W20250111 18:32:38.396730 710540 ImuError.cpp:368] gyr saturation
W20250111 18:32:38.396741 710540 ImuError.cpp:368] gyr saturation
W20250111 18:32:38.396752 710540 ImuError.cpp:368] gyr saturation
W20250111 18:32:38.396764 710540 ImuError.cpp:368] gyr saturation
W20250111 18:32:38.396775 710540 ImuError.cpp:368] gyr saturation
W20250111 18:32:38.396785 710540 ImuError.cpp:368] gyr saturation
W20250111 18:32:38.396796 710540 ImuError.cpp:368] gyr saturation
W20250111 18:32:38.403599 924843 ViSlamBackend.cpp:466] TRACKING FAILURE: quality=0
W20250111 18:32:38.404353 710526 ImuError.cpp:650] gyr saturation
W20250111 18:32:38.404366 710526 ImuError.cpp:650] gyr saturation
W20250111 18:32:38.404372 710526 ImuError.cpp:650] gyr saturation
W20250111 18:32:38.404376 710526 ImuError.cpp:650] gyr saturation
W20250111 18:32:38.404379 710526 ImuError.cpp:650] gyr saturation
W20250111 18:32:38.404384 710526 ImuError.cpp:650] gyr saturation
W20250111 18:32:38.404388 710526 ImuError.cpp:650] gyr saturation
W20250111 18:32:38.404392 710526 ImuError.cpp:650] gyr saturation
W20250111 18:32:38.404398 710526 ImuError.cpp:650] gyr saturation
W20250111 18:32:38.404402 710526 ImuError.cpp:650] gyr saturation
W20250111 18:32:38.404407 710526 ImuError.cpp:650] gyr saturation
W20250111 18:32:38.404413 710526 ImuError.cpp:650] gyr saturation
W20250111 18:32:38.404417 710526 ImuError.cpp:650] gyr saturation
W20250111 18:32:38.404422 710526 ImuError.cpp:650] gyr saturation
W20250111 18:32:38.404428 710526 ImuError.cpp:650] gyr saturation
W20250111 18:32:38.404433 710526 ImuError.cpp:650] gyr saturation
W20250111 18:32:38.404435 710526 ImuError.cpp:650] gyr saturation
W20250111 18:32:38.404439 710526 ImuError.cpp:650] gyr saturation
W20250111 18:32:38.404443 710526 ImuError.cpp:650] gyr saturation
W20250111 18:32:38.404446 710526 ImuError.cpp:650] gyr saturation
W20250111 18:32:38.404449 710526 ImuError.cpp:650] gyr saturation
W20250111 18:32:38.404453 710526 ImuError.cpp:650] gyr saturation
W20250111 18:32:38.404457 710526 ImuError.cpp:650] gyr saturation
W20250111 18:32:38.404461 710526 ImuError.cpp:650] gyr saturation
W20250111 18:32:38.404467 710526 ImuError.cpp:650] gyr saturation
W20250111 18:32:38.404472 710526 ImuError.cpp:650] gyr saturation
W20250111 18:32:38.404475 710526 ImuError.cpp:650] gyr saturation
W20250111 18:32:38.404485 710526 ImuError.cpp:650] gyr saturation
W20250111 18:32:38.404489 710526 ImuError.cpp:650] gyr saturation
W20250111 18:32:38.404492 710526 ImuError.cpp:650] gyr saturation
W20250111 18:32:38.404495 710526 ImuError.cpp:650] gyr saturation
W20250111 18:32:38.404500 710526 ImuError.cpp:650] gyr saturation
W20250111 18:32:38.404502 710526 ImuError.cpp:650] gyr saturation
W20250111 18:32:38.404506 710526 ImuError.cpp:650] gyr saturation
W20250111 18:32:38.404510 710526 ImuError.cpp:650] gyr saturation
W20250111 18:32:38.404567 710526 ImuError.cpp:650] gyr saturation
W20250111 18:32:38.404570 710526 ImuError.cpp:650] gyr saturation
W20250111 18:32:38.404574 710526 ImuError.cpp:650] gyr saturation
W20250111 18:32:38.404578 710526 ImuError.cpp:650] gyr saturation
W20250111 18:32:38.404582 710526 ImuError.cpp:650] gyr saturation
W20250111 18:32:38.404587 710526 ImuError.cpp:650] gyr saturation
W20250111 18:32:38.404592 710526 ImuError.cpp:650] gyr saturation
W20250111 18:32:38.404594 710526 ImuError.cpp:650] gyr saturation
W20250111 18:32:38.404598 710526 ImuError.cpp:650] gyr saturation
W20250111 18:32:38.404604 710526 ImuError.cpp:650] gyr saturation
W20250111 18:32:38.404611 710526 ImuError.cpp:650] gyr saturation
W20250111 18:32:38.404615 710526 ImuError.cpp:650] gyr saturation
W20250111 18:32:38.404619 710526 ImuError.cpp:650] gyr saturation
W20250111 18:32:38.404623 710526 ImuError.cpp:650] gyr saturation
W20250111 18:32:38.404626 710526 ImuError.cpp:650] gyr saturation
W20250111 18:32:38.404630 710526 ImuError.cpp:650] gyr saturation
W20250111 18:32:38.404634 710526 ImuError.cpp:650] gyr saturation
W20250111 18:32:38.404639 710526 ImuError.cpp:650] gyr saturation
W20250111 18:32:38.404642 710526 ImuError.cpp:650] gyr saturation
W20250111 18:32:38.404646 710526 ImuError.cpp:650] gyr saturation
W20250111 18:32:38.404650 710526 ImuError.cpp:650] gyr saturation
W20250111 18:32:38.404655 710526 ImuError.cpp:650] gyr saturation
W20250111 18:32:38.404659 710526 ImuError.cpp:650] gyr saturation
W20250111 18:32:38.404662 710526 ImuError.cpp:650] gyr saturation
W20250111 18:32:38.404666 710526 ImuError.cpp:650] gyr saturation
W20250111 18:32:38.404670 710526 ImuError.cpp:650] gyr saturation
W20250111 18:32:38.404675 710526 ImuError.cpp:650] gyr saturation
W20250111 18:32:38.404680 710526 ImuError.cpp:650] gyr saturation
W20250111 18:32:38.404685 710526 ImuError.cpp:650] gyr saturation
W20250111 18:32:38.404688 710526 ImuError.cpp:650] gyr saturation
W20250111 18:32:38.404693 710526 ImuError.cpp:650] gyr saturation
W20250111 18:32:38.404697 710526 ImuError.cpp:650] gyr saturation
W20250111 18:32:38.404701 710526 ImuError.cpp:650] gyr saturation
W20250111 18:32:38.404706 710526 ImuError.cpp:650] gyr saturation
W20250111 18:32:38.404708 710526 ImuError.cpp:650] gyr saturation
W20250111 18:32:38.404954 710526 Frontend.cpp:615] 3d2d tracking lost. Number of 3d2d-matches: 0
W20250111 18:32:38.405216 710526 ImuError.cpp:650] gyr saturation
W20250111 18:32:38.405223 710526 ImuError.cpp:650] gyr saturation
W20250111 18:32:38.405227 710526 ImuError.cpp:650] gyr saturation
W20250111 18:32:38.405231 710526 ImuError.cpp:650] gyr saturation
W20250111 18:32:38.405237 710526 ImuError.cpp:650] gyr saturation
W20250111 18:32:38.405241 710526 ImuError.cpp:650] gyr saturation
W20250111 18:32:38.405246 710526 ImuError.cpp:650] gyr saturation
W20250111 18:32:38.405249 710526 ImuError.cpp:650] gyr saturation
W20250111 18:32:38.405254 710526 ImuError.cpp:650] gyr saturation
W20250111 18:32:38.405257 710526 ImuError.cpp:650] gyr saturation
W20250111 18:32:38.405261 710526 ImuError.cpp:650] gyr saturation
W20250111 18:32:38.405265 710526 ImuError.cpp:650] gyr saturation
W20250111 18:32:38.405269 710526 ImuError.cpp:650] gyr saturation
W20250111 18:32:38.405273 710526 ImuError.cpp:650] gyr saturation
W20250111 18:32:38.405278 710526 ImuError.cpp:650] gyr saturation
W20250111 18:32:38.405282 710526 ImuError.cpp:650] gyr saturation
W20250111 18:32:38.405287 710526 ImuError.cpp:650] gyr saturation
W20250111 18:32:38.405292 710526 ImuError.cpp:650] gyr saturation
W20250111 18:32:38.405297 710526 ImuError.cpp:650] gyr saturation
W20250111 18:32:38.405303 710526 ImuError.cpp:650] gyr saturation
W20250111 18:32:38.405305 710526 ImuError.cpp:650] gyr saturation
W20250111 18:32:38.405309 710526 ImuError.cpp:650] gyr saturation
W20250111 18:32:38.405315 710526 ImuError.cpp:650] gyr saturation
W20250111 18:32:38.405319 710526 ImuError.cpp:650] gyr saturation
W20250111 18:32:38.405324 710526 ImuError.cpp:650] gyr saturation
W20250111 18:32:38.405328 710526 ImuError.cpp:650] gyr saturation
W20250111 18:32:38.405332 710526 ImuError.cpp:650] gyr saturation
W20250111 18:32:38.405337 710526 ImuError.cpp:650] gyr saturation
W20250111 18:32:38.405341 710526 ImuError.cpp:650] gyr saturation
W20250111 18:32:38.405346 710526 ImuError.cpp:650] gyr saturation
W20250111 18:32:38.405350 710526 ImuError.cpp:650] gyr saturation
W20250111 18:32:38.405354 710526 ImuError.cpp:650] gyr saturation
W20250111 18:32:38.405360 710526 ImuError.cpp:650] gyr saturation
W20250111 18:32:38.405365 710526 ImuError.cpp:650] gyr saturation
W20250111 18:32:38.405368 710526 ImuError.cpp:650] gyr saturation
W20250111 18:32:38.405373 710526 ImuError.cpp:650] gyr saturation
W20250111 18:32:38.405377 710526 ImuError.cpp:650] gyr saturation
W20250111 18:32:38.405381 710526 ImuError.cpp:650] gyr saturation
W20250111 18:32:38.405386 710526 ImuError.cpp:650] gyr saturation
W20250111 18:32:38.405391 710526 ImuError.cpp:650] gyr saturation
W20250111 18:32:38.405395 710526 ImuError.cpp:650] gyr saturation
W20250111 18:32:38.405400 710526 ImuError.cpp:650] gyr saturation
W20250111 18:32:38.405406 710526 ImuError.cpp:650] gyr saturation
W20250111 18:32:38.405411 710526 ImuError.cpp:650] gyr saturation
W20250111 18:32:38.405416 710526 ImuError.cpp:650] gyr saturation
W20250111 18:32:38.405421 710526 ImuError.cpp:650] gyr saturation
W20250111 18:32:38.405426 710526 ImuError.cpp:650] gyr saturation
W20250111 18:32:38.405428 710526 ImuError.cpp:650] gyr saturation
W20250111 18:32:38.405433 710526 ImuError.cpp:650] gyr saturation
W20250111 18:32:38.405437 710526 ImuError.cpp:650] gyr saturation
W20250111 18:32:38.405441 710526 ImuError.cpp:650] gyr saturation
W20250111 18:32:38.405447 710526 ImuError.cpp:650] gyr saturation
W20250111 18:32:38.405449 710526 ImuError.cpp:650] gyr saturation
W20250111 18:32:38.405453 710526 ImuError.cpp:650] gyr saturation
W20250111 18:32:38.405458 710526 ImuError.cpp:650] gyr saturation
W20250111 18:32:38.405462 710526 ImuError.cpp:650] gyr saturation
W20250111 18:32:38.405465 710526 ImuError.cpp:650] gyr saturation
W20250111 18:32:38.405469 710526 ImuError.cpp:650] gyr saturation
W20250111 18:32:38.405473 710526 ImuError.cpp:650] gyr saturation
W20250111 18:32:38.405478 710526 ImuError.cpp:650] gyr saturation
W20250111 18:32:38.405481 710526 ImuError.cpp:650] gyr saturation
W20250111 18:32:38.405485 710526 ImuError.cpp:650] gyr saturation
W20250111 18:32:38.405490 710526 ImuError.cpp:650] gyr saturation
W20250111 18:32:38.405494 710526 ImuError.cpp:650] gyr saturation
W20250111 18:32:38.405498 710526 ImuError.cpp:650] gyr saturation
W20250111 18:32:38.405503 710526 ImuError.cpp:650] gyr saturation
W20250111 18:32:38.405508 710526 ImuError.cpp:650] gyr saturation
W20250111 18:32:38.405514 710526 ImuError.cpp:650] gyr saturation
W20250111 18:32:38.407740 924853 ImuError.cpp:368] gyr saturation
W20250111 18:32:38.407816 924853 ImuError.cpp:368] gyr saturation
W20250111 18:32:38.407829 924853 ImuError.cpp:368] gyr saturation
W20250111 18:32:38.407843 924853 ImuError.cpp:368] gyr saturation
W20250111 18:32:38.407855 924853 ImuError.cpp:368] gyr saturation
W20250111 18:32:38.407867 924853 ImuError.cpp:368] gyr saturation
W20250111 18:32:38.407879 924853 ImuError.cpp:368] gyr saturation
W20250111 18:32:38.407891 924853 ImuError.cpp:368] gyr saturation
W20250111 18:32:38.407902 924853 ImuError.cpp:368] gyr saturation
W20250111 18:32:38.407914 924853 ImuError.cpp:368] gyr saturation
W20250111 18:32:38.407927 924853 ImuError.cpp:368] gyr saturation
W20250111 18:32:38.407938 924853 ImuError.cpp:368] gyr saturation
W20250111 18:32:38.407963 924853 ImuError.cpp:368] gyr saturation
W20250111 18:32:38.407974 924853 ImuError.cpp:368] gyr saturation
W20250111 18:32:38.407985 924853 ImuError.cpp:368] gyr saturation
W20250111 18:32:38.408004 924853 ImuError.cpp:368] gyr saturation
W20250111 18:32:38.408016 924853 ImuError.cpp:368] gyr saturation
W20250111 18:32:38.408027 924853 ImuError.cpp:368] gyr saturation
W20250111 18:32:38.408038 924853 ImuError.cpp:368] gyr saturation
W20250111 18:32:38.408049 924853 ImuError.cpp:368] gyr saturation
W20250111 18:32:38.408061 924853 ImuError.cpp:368] gyr saturation
W20250111 18:32:38.408072 924853 ImuError.cpp:368] gyr saturation
W20250111 18:32:38.408084 924853 ImuError.cpp:368] gyr saturation
W20250111 18:32:38.408095 924853 ImuError.cpp:368] gyr saturation
W20250111 18:32:38.408106 924853 ImuError.cpp:368] gyr saturation
W20250111 18:32:38.408118 924853 ImuError.cpp:368] gyr saturation
W20250111 18:32:38.408128 924853 ImuError.cpp:368] gyr saturation
W20250111 18:32:38.408139 924853 ImuError.cpp:368] gyr saturation
W20250111 18:32:38.408150 924853 ImuError.cpp:368] gyr saturation
W20250111 18:32:38.408162 924853 ImuError.cpp:368] gyr saturation
W20250111 18:32:38.408174 924853 ImuError.cpp:368] gyr saturation
W20250111 18:32:38.408185 924853 ImuError.cpp:368] gyr saturation
W20250111 18:32:38.408195 924853 ImuError.cpp:368] gyr saturation
W20250111 18:32:38.408206 924853 ImuError.cpp:368] gyr saturation
W20250111 18:32:38.408217 924853 ImuError.cpp:368] gyr saturation
W20250111 18:32:38.418376 924853 ViSlamBackend.cpp:466] TRACKING FAILURE: quality=0
W20250111 18:32:38.419328 710526 ImuError.cpp:650] gyr saturation
W20250111 18:32:38.419355 710526 ImuError.cpp:650] gyr saturation
W20250111 18:32:38.419358 710526 ImuError.cpp:650] gyr saturation
W20250111 18:32:38.419361 710526 ImuError.cpp:650] gyr saturation
W20250111 18:32:38.419365 710526 ImuError.cpp:650] gyr saturation
W20250111 18:32:38.419368 710526 ImuError.cpp:650] gyr saturation
W20250111 18:32:38.419373 710526 ImuError.cpp:650] gyr saturation
W20250111 18:32:38.419377 710526 ImuError.cpp:650] gyr saturation
W20250111 18:32:38.419382 710526 ImuError.cpp:650] gyr saturation
W20250111 18:32:38.419386 710526 ImuError.cpp:650] gyr saturation
W20250111 18:32:38.419389 710526 ImuError.cpp:650] gyr saturation
W20250111 18:32:38.419394 710526 ImuError.cpp:650] gyr saturation
W20250111 18:32:38.419397 710526 ImuError.cpp:650] gyr saturation
W20250111 18:32:38.419400 710526 ImuError.cpp:650] gyr saturation
W20250111 18:32:38.419404 710526 ImuError.cpp:650] gyr saturation
W20250111 18:32:38.419407 710526 ImuError.cpp:650] gyr saturation
W20250111 18:32:38.419411 710526 ImuError.cpp:650] gyr saturation
W20250111 18:32:38.419416 710526 ImuError.cpp:650] gyr saturation
W20250111 18:32:38.419422 710526 ImuError.cpp:650] gyr saturation
W20250111 18:32:38.419426 710526 ImuError.cpp:650] gyr saturation
W20250111 18:32:38.419430 710526 ImuError.cpp:650] gyr saturation
W20250111 18:32:38.419433 710526 ImuError.cpp:650] gyr saturation
W20250111 18:32:38.419437 710526 ImuError.cpp:650] gyr saturation
W20250111 18:32:38.419441 710526 ImuError.cpp:650] gyr saturation
W20250111 18:32:38.419445 710526 ImuError.cpp:650] gyr saturation
W20250111 18:32:38.419450 710526 ImuError.cpp:650] gyr saturation
W20250111 18:32:38.419453 710526 ImuError.cpp:650] gyr saturation
W20250111 18:32:38.419458 710526 ImuError.cpp:650] gyr saturation
W20250111 18:32:38.419462 710526 ImuError.cpp:650] gyr saturation
W20250111 18:32:38.419466 710526 ImuError.cpp:650] gyr saturation
W20250111 18:32:38.419471 710526 ImuError.cpp:650] gyr saturation
W20250111 18:32:38.419476 710526 ImuError.cpp:650] gyr saturation
W20250111 18:32:38.419479 710526 ImuError.cpp:650] gyr saturation
W20250111 18:32:38.419483 710526 ImuError.cpp:650] gyr saturation
W20250111 18:32:38.419533 710526 ImuError.cpp:650] gyr saturation
W20250111 18:32:38.419538 710526 ImuError.cpp:650] gyr saturation
W20250111 18:32:38.419540 710526 ImuError.cpp:650] gyr saturation
W20250111 18:32:38.419544 710526 ImuError.cpp:650] gyr saturation
W20250111 18:32:38.419554 710526 ImuError.cpp:650] gyr saturation
W20250111 18:32:38.419559 710526 ImuError.cpp:650] gyr saturation
W20250111 18:32:38.419564 710526 ImuError.cpp:650] gyr saturation
W20250111 18:32:38.419567 710526 ImuError.cpp:650] gyr saturation
W20250111 18:32:38.419571 710526 ImuError.cpp:650] gyr saturation
W20250111 18:32:38.419575 710526 ImuError.cpp:650] gyr saturation
W20250111 18:32:38.419579 710526 ImuError.cpp:650] gyr saturation
W20250111 18:32:38.419584 710526 ImuError.cpp:650] gyr saturation
W20250111 18:32:38.419589 710526 ImuError.cpp:650] gyr saturation
W20250111 18:32:38.419593 710526 ImuError.cpp:650] gyr saturation
W20250111 18:32:38.419598 710526 ImuError.cpp:650] gyr saturation
W20250111 18:32:38.419605 710526 ImuError.cpp:650] gyr saturation
W20250111 18:32:38.419610 710526 ImuError.cpp:650] gyr saturation
W20250111 18:32:38.419615 710526 ImuError.cpp:650] gyr saturation
W20250111 18:32:38.419620 710526 ImuError.cpp:650] gyr saturation
W20250111 18:32:38.419623 710526 ImuError.cpp:650] gyr saturation
W20250111 18:32:38.419627 710526 ImuError.cpp:650] gyr saturation
W20250111 18:32:38.419632 710526 ImuError.cpp:650] gyr saturation
W20250111 18:32:38.419637 710526 ImuError.cpp:650] gyr saturation
W20250111 18:32:38.419641 710526 ImuError.cpp:650] gyr saturation
W20250111 18:32:38.419646 710526 ImuError.cpp:650] gyr saturation
W20250111 18:32:38.419649 710526 ImuError.cpp:650] gyr saturation
W20250111 18:32:38.419654 710526 ImuError.cpp:650] gyr saturation
W20250111 18:32:38.419658 710526 ImuError.cpp:650] gyr saturation
W20250111 18:32:38.419661 710526 ImuError.cpp:650] gyr saturation
W20250111 18:32:38.419667 710526 ImuError.cpp:650] gyr saturation
W20250111 18:32:38.419670 710526 ImuError.cpp:650] gyr saturation
W20250111 18:32:38.419674 710526 ImuError.cpp:650] gyr saturation
W20250111 18:32:38.419679 710526 ImuError.cpp:650] gyr saturation
W20250111 18:32:38.419684 710526 ImuError.cpp:650] gyr saturation
W20250111 18:32:38.420109 710526 Frontend.cpp:615] 3d2d tracking lost. Number of 3d2d-matches: 0
W20250111 18:32:38.420362 710526 ImuError.cpp:650] gyr saturation
W20250111 18:32:38.420370 710526 ImuError.cpp:650] gyr saturation
W20250111 18:32:38.420374 710526 ImuError.cpp:650] gyr saturation
W20250111 18:32:38.420378 710526 ImuError.cpp:650] gyr saturation
W20250111 18:32:38.420383 710526 ImuError.cpp:650] gyr saturation
W20250111 18:32:38.420387 710526 ImuError.cpp:650] gyr saturation
W20250111 18:32:38.420392 710526 ImuError.cpp:650] gyr saturation
W20250111 18:32:38.420395 710526 ImuError.cpp:650] gyr saturation
W20250111 18:32:38.420400 710526 ImuError.cpp:650] gyr saturation
W20250111 18:32:38.420405 710526 ImuError.cpp:650] gyr saturation
W20250111 18:32:38.420410 710526 ImuError.cpp:650] gyr saturation
W20250111 18:32:38.420414 710526 ImuError.cpp:650] gyr saturation
W20250111 18:32:38.420419 710526 ImuError.cpp:650] gyr saturation
W20250111 18:32:38.420423 710526 ImuError.cpp:650] gyr saturation
W20250111 18:32:38.420428 710526 ImuError.cpp:650] gyr saturation
W20250111 18:32:38.420432 710526 ImuError.cpp:650] gyr saturation
W20250111 18:32:38.420436 710526 ImuError.cpp:650] gyr saturation
W20250111 18:32:38.420440 710526 ImuError.cpp:650] gyr saturation
W20250111 18:32:38.420445 710526 ImuError.cpp:650] gyr saturation
W20250111 18:32:38.420450 710526 ImuError.cpp:650] gyr saturation
W20250111 18:32:38.420454 710526 ImuError.cpp:650] gyr saturation
W20250111 18:32:38.420459 710526 ImuError.cpp:650] gyr saturation
W20250111 18:32:38.420462 710526 ImuError.cpp:650] gyr saturation
W20250111 18:32:38.420467 710526 ImuError.cpp:650] gyr saturation
W20250111 18:32:38.420470 710526 ImuError.cpp:650] gyr saturation
W20250111 18:32:38.420475 710526 ImuError.cpp:650] gyr saturation
W20250111 18:32:38.420480 710526 ImuError.cpp:650] gyr saturation
W20250111 18:32:38.420485 710526 ImuError.cpp:650] gyr saturation
W20250111 18:32:38.420488 710526 ImuError.cpp:650] gyr saturation
W20250111 18:32:38.420492 710526 ImuError.cpp:650] gyr saturation
W20250111 18:32:38.420500 710526 ImuError.cpp:650] gyr saturation
W20250111 18:32:38.420506 710526 ImuError.cpp:650] gyr saturation
W20250111 18:32:38.420511 710526 ImuError.cpp:650] gyr saturation
W20250111 18:32:38.420514 710526 ImuError.cpp:650] gyr saturation
W20250111 18:32:38.420518 710526 ImuError.cpp:650] gyr saturation
W20250111 18:32:38.420523 710526 ImuError.cpp:650] gyr saturation
W20250111 18:32:38.420528 710526 ImuError.cpp:650] gyr saturation
W20250111 18:32:38.420533 710526 ImuError.cpp:650] gyr saturation
W20250111 18:32:38.420538 710526 ImuError.cpp:650] gyr saturation
W20250111 18:32:38.420542 710526 ImuError.cpp:650] gyr saturation
W20250111 18:32:38.420547 710526 ImuError.cpp:650] gyr saturation
W20250111 18:32:38.420552 710526 ImuError.cpp:650] gyr saturation
W20250111 18:32:38.420557 710526 ImuError.cpp:650] gyr saturation
W20250111 18:32:38.420562 710526 ImuError.cpp:650] gyr saturation
W20250111 18:32:38.420565 710526 ImuError.cpp:650] gyr saturation
W20250111 18:32:38.420569 710526 ImuError.cpp:650] gyr saturation
W20250111 18:32:38.420575 710526 ImuError.cpp:650] gyr saturation
W20250111 18:32:38.420580 710526 ImuError.cpp:650] gyr saturation
W20250111 18:32:38.420586 710526 ImuError.cpp:650] gyr saturation
W20250111 18:32:38.420593 710526 ImuError.cpp:650] gyr saturation
W20250111 18:32:38.420596 710526 ImuError.cpp:650] gyr saturation
W20250111 18:32:38.422895 924871 ImuError.cpp:368] gyr saturation
W20250111 18:32:38.422966 924871 ImuError.cpp:368] gyr saturation
W20250111 18:32:38.422981 924871 ImuError.cpp:368] gyr saturation
W20250111 18:32:38.423000 924871 ImuError.cpp:368] gyr saturation
W20250111 18:32:38.423013 924871 ImuError.cpp:368] gyr saturation
W20250111 18:32:38.423024 924871 ImuError.cpp:368] gyr saturation
W20250111 18:32:38.423036 924871 ImuError.cpp:368] gyr saturation
W20250111 18:32:38.423048 924871 ImuError.cpp:368] gyr saturation
W20250111 18:32:38.423058 924871 ImuError.cpp:368] gyr saturation
W20250111 18:32:38.423069 924871 ImuError.cpp:368] gyr saturation
W20250111 18:32:38.423080 924871 ImuError.cpp:368] gyr saturation
W20250111 18:32:38.423091 924871 ImuError.cpp:368] gyr saturation
W20250111 18:32:38.423102 924871 ImuError.cpp:368] gyr saturation
W20250111 18:32:38.423113 924871 ImuError.cpp:368] gyr saturation
W20250111 18:32:38.423125 924871 ImuError.cpp:368] gyr saturation
W20250111 18:32:38.423135 924871 ImuError.cpp:368] gyr saturation
W20250111 18:32:38.423146 924871 ImuError.cpp:368] gyr saturation
W20250111 18:32:38.423157 924871 ImuError.cpp:368] gyr saturation
W20250111 18:32:38.423168 924871 ImuError.cpp:368] gyr saturation
W20250111 18:32:38.423179 924871 ImuError.cpp:368] gyr saturation
W20250111 18:32:38.423192 924871 ImuError.cpp:368] gyr saturation
W20250111 18:32:38.423202 924871 ImuError.cpp:368] gyr saturation
W20250111 18:32:38.423213 924871 ImuError.cpp:368] gyr saturation
W20250111 18:32:38.423224 924871 ImuError.cpp:368] gyr saturation
W20250111 18:32:38.423235 924871 ImuError.cpp:368] gyr saturation
W20250111 18:32:38.423246 924871 ImuError.cpp:368] gyr saturation
W20250111 18:32:38.423257 924871 ImuError.cpp:368] gyr saturation
W20250111 18:32:38.423269 924871 ImuError.cpp:368] gyr saturation
W20250111 18:32:38.423280 924871 ImuError.cpp:368] gyr saturation
W20250111 18:32:38.423290 924871 ImuError.cpp:368] gyr saturation
W20250111 18:32:38.423301 924871 ImuError.cpp:368] gyr saturation
W20250111 18:32:38.423312 924871 ImuError.cpp:368] gyr saturation
W20250111 18:32:38.423323 924871 ImuError.cpp:368] gyr saturation
W20250111 18:32:38.423334 924871 ImuError.cpp:368] gyr saturation
W20250111 18:32:38.432225 924871 ViSlamBackend.cpp:466] TRACKING FAILURE: quality=0
W20250111 18:32:38.432514 924871 ImuError.cpp:165] gyr saturation
W20250111 18:32:38.432530 924871 ImuError.cpp:165] gyr saturation
W20250111 18:32:38.432543 924871 ImuError.cpp:165] gyr saturation
W20250111 18:32:38.432555 924871 ImuError.cpp:165] gyr saturation
W20250111 18:32:38.432567 924871 ImuError.cpp:165] gyr saturation
W20250111 18:32:38.432579 924871 ImuError.cpp:165] gyr saturation
W20250111 18:32:38.432611 924871 ImuError.cpp:165] gyr saturation
W20250111 18:32:38.432624 924871 ImuError.cpp:165] gyr saturation
W20250111 18:32:38.432636 924871 ImuError.cpp:165] gyr saturation
W20250111 18:32:38.432648 924871 ImuError.cpp:165] gyr saturation
W20250111 18:32:38.432660 924871 ImuError.cpp:165] gyr saturation
W20250111 18:32:38.432673 924871 ImuError.cpp:165] gyr saturation
W20250111 18:32:38.432684 924871 ImuError.cpp:165] gyr saturation
W20250111 18:32:38.432698 924871 ImuError.cpp:165] gyr saturation
W20250111 18:32:38.432709 924871 ImuError.cpp:165] gyr saturation
W20250111 18:32:38.432891 924871 ImuError.cpp:165] gyr saturation
W20250111 18:32:38.432904 924871 ImuError.cpp:165] gyr saturation
W20250111 18:32:38.432917 924871 ImuError.cpp:165] gyr saturation
W20250111 18:32:38.432929 924871 ImuError.cpp:165] gyr saturation
W20250111 18:32:38.432941 924871 ImuError.cpp:165] gyr saturation
W20250111 18:32:38.432953 924871 ImuError.cpp:165] gyr saturation
W20250111 18:32:38.432965 924871 ImuError.cpp:165] gyr saturation
W20250111 18:32:38.432976 924871 ImuError.cpp:165] gyr saturation
W20250111 18:32:38.433028 924871 ImuError.cpp:165] gyr saturation
W20250111 18:32:38.433041 924871 ImuError.cpp:165] gyr saturation
W20250111 18:32:38.433053 924871 ImuError.cpp:165] gyr saturation
W20250111 18:32:38.433064 924871 ImuError.cpp:165] gyr saturation
W20250111 18:32:38.433076 924871 ImuError.cpp:165] gyr saturation
W20250111 18:32:38.433089 924871 ImuError.cpp:165] gyr saturation
W20250111 18:32:38.433100 924871 ImuError.cpp:165] gyr saturation
W20250111 18:32:38.433375 710526 ImuError.cpp:650] gyr saturation
W20250111 18:32:38.433396 710526 ImuError.cpp:650] gyr saturation
W20250111 18:32:38.433399 710526 ImuError.cpp:650] gyr saturation
W20250111 18:32:38.433403 710526 ImuError.cpp:650] gyr saturation
W20250111 18:32:38.433405 710526 ImuError.cpp:650] gyr saturation
W20250111 18:32:38.433413 710526 ImuError.cpp:650] gyr saturation
W20250111 18:32:38.433418 710526 ImuError.cpp:650] gyr saturation
W20250111 18:32:38.433422 710526 ImuError.cpp:650] gyr saturation
W20250111 18:32:38.433432 710526 ImuError.cpp:650] gyr saturation
W20250111 18:32:38.433436 710526 ImuError.cpp:650] gyr saturation
W20250111 18:32:38.433441 710526 ImuError.cpp:650] gyr saturation
W20250111 18:32:38.433446 710526 ImuError.cpp:650] gyr saturation
W20250111 18:32:38.433450 710526 ImuError.cpp:650] gyr saturation
W20250111 18:32:38.433454 710526 ImuError.cpp:650] gyr saturation
W20250111 18:32:38.433459 710526 ImuError.cpp:650] gyr saturation
W20250111 18:32:38.433465 710526 ImuError.cpp:650] gyr saturation
W20250111 18:32:38.433468 710526 ImuError.cpp:650] gyr saturation
W20250111 18:32:38.433472 710526 ImuError.cpp:650] gyr saturation
W20250111 18:32:38.433511 710526 ImuError.cpp:650] gyr saturation
W20250111 18:32:38.433517 710526 ImuError.cpp:650] gyr saturation
W20250111 18:32:38.433521 710526 ImuError.cpp:650] gyr saturation
W20250111 18:32:38.433524 710526 ImuError.cpp:650] gyr saturation
W20250111 18:32:38.433528 710526 ImuError.cpp:650] gyr saturation
W20250111 18:32:38.433533 710526 ImuError.cpp:650] gyr saturation
W20250111 18:32:38.433540 710526 ImuError.cpp:650] gyr saturation
W20250111 18:32:38.433543 710526 ImuError.cpp:650] gyr saturation
W20250111 18:32:38.433550 710526 ImuError.cpp:650] gyr saturation
W20250111 18:32:38.433554 710526 ImuError.cpp:650] gyr saturation
W20250111 18:32:38.433558 710526 ImuError.cpp:650] gyr saturation
W20250111 18:32:38.433564 710526 ImuError.cpp:650] gyr saturation
W20250111 18:32:38.433568 710526 ImuError.cpp:650] gyr saturation
W20250111 18:32:38.433573 710526 ImuError.cpp:650] gyr saturation
W20250111 18:32:38.433575 710526 ImuError.cpp:650] gyr saturation
W20250111 18:32:38.433580 710526 ImuError.cpp:650] gyr saturation
W20250111 18:32:38.433584 710526 ImuError.cpp:650] gyr saturation
W20250111 18:32:38.433589 710526 ImuError.cpp:650] gyr saturation
W20250111 18:32:38.433852 710526 Frontend.cpp:615] 3d2d tracking lost. Number of 3d2d-matches: 0
W20250111 18:32:38.434074 710526 ImuError.cpp:650] gyr saturation
W20250111 18:32:38.434087 710526 ImuError.cpp:650] gyr saturation
W20250111 18:32:38.434090 710526 ImuError.cpp:650] gyr saturation
W20250111 18:32:38.434094 710526 ImuError.cpp:650] gyr saturation
W20250111 18:32:38.434098 710526 ImuError.cpp:650] gyr saturation
W20250111 18:32:38.434103 710526 ImuError.cpp:650] gyr saturation
W20250111 18:32:38.434108 710526 ImuError.cpp:650] gyr saturation
W20250111 18:32:38.434113 710526 ImuError.cpp:650] gyr saturation
W20250111 18:32:38.434118 710526 ImuError.cpp:650] gyr saturation
W20250111 18:32:38.434121 710526 ImuError.cpp:650] gyr saturation
W20250111 18:32:38.434125 710526 ImuError.cpp:650] gyr saturation
W20250111 18:32:38.434128 710526 ImuError.cpp:650] gyr saturation
W20250111 18:32:38.434134 710526 ImuError.cpp:650] gyr saturation
W20250111 18:32:38.434139 710526 ImuError.cpp:650] gyr saturation
W20250111 18:32:38.434142 710526 ImuError.cpp:650] gyr saturation
W20250111 18:32:38.434146 710526 ImuError.cpp:650] gyr saturation
W20250111 18:32:38.434150 710526 ImuError.cpp:650] gyr saturation
W20250111 18:32:38.434154 710526 ImuError.cpp:650] gyr saturation
W20250111 18:32:38.436542 924881 ImuError.cpp:368] gyr saturation
W20250111 18:32:38.436621 924881 ImuError.cpp:368] gyr saturation
W20250111 18:32:38.436635 924881 ImuError.cpp:368] gyr saturation
W20250111 18:32:38.436647 924881 ImuError.cpp:368] gyr saturation
W20250111 18:32:38.436661 924881 ImuError.cpp:368] gyr saturation
W20250111 18:32:38.436671 924881 ImuError.cpp:368] gyr saturation
W20250111 18:32:38.436683 924881 ImuError.cpp:368] gyr saturation
W20250111 18:32:38.436694 924881 ImuError.cpp:368] gyr saturation
W20250111 18:32:38.436707 924881 ImuError.cpp:368] gyr saturation
W20250111 18:32:38.436717 924881 ImuError.cpp:368] gyr saturation
W20250111 18:32:38.436730 924881 ImuError.cpp:368] gyr saturation
W20250111 18:32:38.436741 924881 ImuError.cpp:368] gyr saturation
W20250111 18:32:38.436751 924881 ImuError.cpp:368] gyr saturation
W20250111 18:32:38.436764 924881 ImuError.cpp:368] gyr saturation
W20250111 18:32:38.436774 924881 ImuError.cpp:368] gyr saturation
W20250111 18:32:38.436785 924881 ImuError.cpp:368] gyr saturation
W20250111 18:32:38.436795 924881 ImuError.cpp:368] gyr saturation
W20250111 18:32:38.436806 924881 ImuError.cpp:368] gyr saturation
W20250111 18:32:38.442515 924881 ViSlamBackend.cpp:466] TRACKING FAILURE: quality=0
W20250111 18:32:38.442639 924881 ImuError.cpp:165] gyr saturation
W20250111 18:32:38.442662 924881 ImuError.cpp:165] gyr saturation
W20250111 18:32:38.442675 924881 ImuError.cpp:165] gyr saturation
W20250111 18:32:38.442687 924881 ImuError.cpp:165] gyr saturation
W20250111 18:32:38.442698 924881 ImuError.cpp:165] gyr saturation
W20250111 18:32:38.442708 924881 ImuError.cpp:165] gyr saturation
W20250111 18:32:38.442719 924881 ImuError.cpp:165] gyr saturation
W20250111 18:32:38.442729 924881 ImuError.cpp:165] gyr saturation
W20250111 18:32:38.442740 924881 ImuError.cpp:165] gyr saturation
W20250111 18:32:38.442751 924881 ImuError.cpp:165] gyr saturation
W20250111 18:32:38.442761 924881 ImuError.cpp:165] gyr saturation
W20250111 18:32:38.442772 924881 ImuError.cpp:165] gyr saturation
W20250111 18:32:38.442782 924881 ImuError.cpp:165] gyr saturation
W20250111 18:32:38.442795 924881 ImuError.cpp:165] gyr saturation
W20250111 18:32:38.442804 924881 ImuError.cpp:165] gyr saturation
W20250111 18:32:38.442816 924881 ImuError.cpp:165] gyr saturation
W20250111 18:32:38.442826 924881 ImuError.cpp:165] gyr saturation
W20250111 18:32:38.442836 924881 ImuError.cpp:165] gyr saturation
W20250111 18:32:38.442847 924881 ImuError.cpp:165] gyr saturation
W20250111 18:32:38.442857 924881 ImuError.cpp:165] gyr saturation
W20250111 18:32:38.442868 924881 ImuError.cpp:165] gyr saturation
W20250111 18:32:38.442878 924881 ImuError.cpp:165] gyr saturation
W20250111 18:32:38.442889 924881 ImuError.cpp:165] gyr saturation
W20250111 18:32:38.442899 924881 ImuError.cpp:165] gyr saturation
W20250111 18:32:38.442910 924881 ImuError.cpp:165] gyr saturation
W20250111 18:32:38.442920 924881 ImuError.cpp:165] gyr saturation
W20250111 18:32:38.442943 924881 ImuError.cpp:165] gyr saturation
W20250111 18:32:38.442955 924881 ImuError.cpp:165] gyr saturation
W20250111 18:32:38.442965 924881 ImuError.cpp:165] gyr saturation
W20250111 18:32:38.442976 924881 ImuError.cpp:165] gyr saturation
W20250111 18:32:38.442986 924881 ImuError.cpp:165] gyr saturation
W20250111 18:32:38.443028 924881 ImuError.cpp:165] gyr saturation
W20250111 18:32:38.443039 924881 ImuError.cpp:165] gyr saturation
W20250111 18:32:38.443050 924881 ImuError.cpp:165] gyr saturation
W20250111 18:32:38.443060 924881 ImuError.cpp:165] gyr saturation
W20250111 18:32:38.443127 924881 ImuError.cpp:165] gyr saturation
W20250111 18:32:38.443140 924881 ImuError.cpp:165] gyr saturation
W20250111 18:32:38.443151 924881 ImuError.cpp:165] gyr saturation
W20250111 18:32:38.443161 924881 ImuError.cpp:165] gyr saturation
W20250111 18:32:38.443172 924881 ImuError.cpp:165] gyr saturation
W20250111 18:32:38.443182 924881 ImuError.cpp:165] gyr saturation
W20250111 18:32:38.443193 924881 ImuError.cpp:165] gyr saturation
W20250111 18:32:38.443203 924881 ImuError.cpp:165] gyr saturation
W20250111 18:32:38.443217 924881 ImuError.cpp:165] gyr saturation
W20250111 18:32:38.443228 924881 ImuError.cpp:165] gyr saturation
W20250111 18:32:38.443238 924881 ImuError.cpp:165] gyr saturation
W20250111 18:32:38.443248 924881 ImuError.cpp:165] gyr saturation
W20250111 18:32:38.443259 924881 ImuError.cpp:165] gyr saturation
W20250111 18:32:38.443269 924881 ImuError.cpp:165] gyr saturation
W20250111 18:32:38.443279 924881 ImuError.cpp:165] gyr saturation
W20250111 18:32:38.443290 924881 ImuError.cpp:165] gyr saturation
W20250111 18:32:38.443300 924881 ImuError.cpp:165] gyr saturation
W20250111 18:32:38.443311 924881 ImuError.cpp:165] gyr saturation
W20250111 18:32:38.443321 924881 ImuError.cpp:165] gyr saturation
W20250111 18:32:38.443332 924881 ImuError.cpp:165] gyr saturation
W20250111 18:32:38.443342 924881 ImuError.cpp:165] gyr saturation
W20250111 18:32:38.443353 924881 ImuError.cpp:165] gyr saturation
W20250111 18:32:38.443363 924881 ImuError.cpp:165] gyr saturation
W20250111 18:32:38.443374 924881 ImuError.cpp:165] gyr saturation
W20250111 18:32:38.443384 924881 ImuError.cpp:165] gyr saturation
W20250111 18:32:38.443394 924881 ImuError.cpp:165] gyr saturation
W20250111 18:32:38.443405 924881 ImuError.cpp:165] gyr saturation
W20250111 18:32:38.443415 924881 ImuError.cpp:165] gyr saturation
W20250111 18:32:38.443426 924881 ImuError.cpp:165] gyr saturation
W20250111 18:32:38.443436 924881 ImuError.cpp:165] gyr saturation
W20250111 18:32:38.443447 924881 ImuError.cpp:165] gyr saturation
W20250111 18:32:38.443457 924881 ImuError.cpp:165] gyr saturation
W20250111 18:32:38.443468 924881 ImuError.cpp:165] gyr saturation
W20250111 18:32:38.443478 924881 ImuError.cpp:165] gyr saturation
W20250111 18:32:38.443490 924881 ImuError.cpp:165] gyr saturation
W20250111 18:32:38.444211 710526 Frontend.cpp:615] 3d2d tracking lost. Number of 3d2d-matches: 0
W20250111 18:32:38.451498 924899 ViSlamBackend.cpp:466] TRACKING FAILURE: quality=0
W20250111 18:32:38.451629 924899 ImuError.cpp:165] gyr saturation
W20250111 18:32:38.451653 924899 ImuError.cpp:165] gyr saturation
W20250111 18:32:38.451665 924899 ImuError.cpp:165] gyr saturation
W20250111 18:32:38.451678 924899 ImuError.cpp:165] gyr saturation
W20250111 18:32:38.451687 924899 ImuError.cpp:165] gyr saturation
W20250111 18:32:38.451699 924899 ImuError.cpp:165] gyr saturation
W20250111 18:32:38.451710 924899 ImuError.cpp:165] gyr saturation
W20250111 18:32:38.451721 924899 ImuError.cpp:165] gyr saturation
W20250111 18:32:38.451732 924899 ImuError.cpp:165] gyr saturation
W20250111 18:32:38.451743 924899 ImuError.cpp:165] gyr saturation
W20250111 18:32:38.451756 924899 ImuError.cpp:165] gyr saturation
W20250111 18:32:38.451766 924899 ImuError.cpp:165] gyr saturation
W20250111 18:32:38.451777 924899 ImuError.cpp:165] gyr saturation
W20250111 18:32:38.451788 924899 ImuError.cpp:165] gyr saturation
W20250111 18:32:38.451799 924899 ImuError.cpp:165] gyr saturation
W20250111 18:32:38.451829 924899 ImuError.cpp:165] gyr saturation
W20250111 18:32:38.451841 924899 ImuError.cpp:165] gyr saturation
W20250111 18:32:38.451853 924899 ImuError.cpp:165] gyr saturation
W20250111 18:32:38.451864 924899 ImuError.cpp:165] gyr saturation
W20250111 18:32:38.451876 924899 ImuError.cpp:165] gyr saturation
W20250111 18:32:38.451887 924899 ImuError.cpp:165] gyr saturation
W20250111 18:32:38.451900 924899 ImuError.cpp:165] gyr saturation
W20250111 18:32:38.451910 924899 ImuError.cpp:165] gyr saturation
W20250111 18:32:38.451922 924899 ImuError.cpp:165] gyr saturation
W20250111 18:32:38.451933 924899 ImuError.cpp:165] gyr saturation
W20250111 18:32:38.451944 924899 ImuError.cpp:165] gyr saturation
W20250111 18:32:38.451956 924899 ImuError.cpp:165] gyr saturation
W20250111 18:32:38.451967 924899 ImuError.cpp:165] gyr saturation
W20250111 18:32:38.451977 924899 ImuError.cpp:165] gyr saturation
W20250111 18:32:38.451996 924899 ImuError.cpp:165] gyr saturation
W20250111 18:32:38.452008 924899 ImuError.cpp:165] gyr saturation
W20250111 18:32:38.452020 924899 ImuError.cpp:165] gyr saturation
W20250111 18:32:38.452032 924899 ImuError.cpp:165] gyr saturation
W20250111 18:32:38.452044 924899 ImuError.cpp:165] gyr saturation
W20250111 18:32:38.452105 924899 ImuError.cpp:165] gyr saturation
W20250111 18:32:38.452118 924899 ImuError.cpp:165] gyr saturation
W20250111 18:32:38.452129 924899 ImuError.cpp:165] gyr saturation
W20250111 18:32:38.452142 924899 ImuError.cpp:165] gyr saturation
W20250111 18:32:38.452152 924899 ImuError.cpp:165] gyr saturation
W20250111 18:32:38.452163 924899 ImuError.cpp:165] gyr saturation
W20250111 18:32:38.452174 924899 ImuError.cpp:165] gyr saturation
W20250111 18:32:38.452185 924899 ImuError.cpp:165] gyr saturation
W20250111 18:32:38.452196 924899 ImuError.cpp:165] gyr saturation
W20250111 18:32:38.452207 924899 ImuError.cpp:165] gyr saturation
W20250111 18:32:38.452219 924899 ImuError.cpp:165] gyr saturation
W20250111 18:32:38.452229 924899 ImuError.cpp:165] gyr saturation
W20250111 18:32:38.452240 924899 ImuError.cpp:165] gyr saturation
W20250111 18:32:38.452251 924899 ImuError.cpp:165] gyr saturation
W20250111 18:32:38.452262 924899 ImuError.cpp:165] gyr saturation
W20250111 18:32:38.452272 924899 ImuError.cpp:165] gyr saturation
W20250111 18:32:38.452284 924899 ImuError.cpp:165] gyr saturation
W20250111 18:32:38.452296 924899 ImuError.cpp:165] gyr saturation
W20250111 18:32:38.452306 924899 ImuError.cpp:165] gyr saturation
W20250111 18:32:38.452316 924899 ImuError.cpp:165] gyr saturation
W20250111 18:32:38.452327 924899 ImuError.cpp:165] gyr saturation
W20250111 18:32:38.452338 924899 ImuError.cpp:165] gyr saturation
W20250111 18:32:38.452349 924899 ImuError.cpp:165] gyr saturation
W20250111 18:32:38.452360 924899 ImuError.cpp:165] gyr saturation
W20250111 18:32:38.452371 924899 ImuError.cpp:165] gyr saturation
W20250111 18:32:38.452382 924899 ImuError.cpp:165] gyr saturation
W20250111 18:32:38.452394 924899 ImuError.cpp:165] gyr saturation
W20250111 18:32:38.452404 924899 ImuError.cpp:165] gyr saturation
W20250111 18:32:38.452414 924899 ImuError.cpp:165] gyr saturation
W20250111 18:32:38.452425 924899 ImuError.cpp:165] gyr saturation
W20250111 18:32:38.452436 924899 ImuError.cpp:165] gyr saturation
W20250111 18:32:38.452447 924899 ImuError.cpp:165] gyr saturation
W20250111 18:32:38.452458 924899 ImuError.cpp:165] gyr saturation
W20250111 18:32:38.452469 924899 ImuError.cpp:165] gyr saturation
W20250111 18:32:38.453112 710526 Frontend.cpp:615] 3d2d tracking lost. Number of 3d2d-matches: 1
W20250111 18:32:38.465767 924925 ImuError.cpp:165] gyr saturation
W20250111 18:32:38.465847 924925 ImuError.cpp:165] gyr saturation
W20250111 18:32:38.465862 924925 ImuError.cpp:165] gyr saturation
W20250111 18:32:38.465873 924925 ImuError.cpp:165] gyr saturation
W20250111 18:32:38.465884 924925 ImuError.cpp:165] gyr saturation
W20250111 18:32:38.465894 924925 ImuError.cpp:165] gyr saturation
W20250111 18:32:38.465907 924925 ImuError.cpp:165] gyr saturation
W20250111 18:32:38.465919 924925 ImuError.cpp:165] gyr saturation
W20250111 18:32:38.465942 924925 ImuError.cpp:165] gyr saturation
W20250111 18:32:38.465953 924925 ImuError.cpp:165] gyr saturation
W20250111 18:32:38.465965 924925 ImuError.cpp:165] gyr saturation
W20250111 18:32:38.465974 924925 ImuError.cpp:165] gyr saturation
W20250111 18:32:38.465986 924925 ImuError.cpp:165] gyr saturation
W20250111 18:32:38.466002 924925 ImuError.cpp:165] gyr saturation
W20250111 18:32:38.466013 924925 ImuError.cpp:165] gyr saturation
W20250111 18:32:38.466024 924925 ImuError.cpp:165] gyr saturation
W20250111 18:32:38.466037 924925 ImuError.cpp:165] gyr saturation
W20250111 18:32:38.466046 924925 ImuError.cpp:165] gyr saturation
W20250111 18:32:38.466198 924925 ImuError.cpp:165] gyr saturation
W20250111 18:32:38.466210 924925 ImuError.cpp:165] gyr saturation
W20250111 18:32:38.466221 924925 ImuError.cpp:165] gyr saturation
W20250111 18:32:38.466231 924925 ImuError.cpp:165] gyr saturation
W20250111 18:32:38.466243 924925 ImuError.cpp:165] gyr saturation
W20250111 18:32:38.466252 924925 ImuError.cpp:165] gyr saturation
W20250111 18:32:38.466264 924925 ImuError.cpp:165] gyr saturation
W20250111 18:32:38.466275 924925 ImuError.cpp:165] gyr saturation
W20250111 18:32:38.466286 924925 ImuError.cpp:165] gyr saturation
W20250111 18:32:38.466297 924925 ImuError.cpp:165] gyr saturation
W20250111 18:32:38.466307 924925 ImuError.cpp:165] gyr saturation
W20250111 18:32:38.466318 924925 ImuError.cpp:165] gyr saturation
W20250111 18:32:38.466329 924925 ImuError.cpp:165] gyr saturation
W20250111 18:32:38.466339 924925 ImuError.cpp:165] gyr saturation
W20250111 18:32:38.466351 924925 ImuError.cpp:165] gyr saturation
W20250111 18:32:38.466361 924925 ImuError.cpp:165] gyr saturation
W20250111 18:32:38.466372 924925 ImuError.cpp:165] gyr saturation
W20250111 18:32:38.466382 924925 ImuError.cpp:165] gyr saturation
I20250111 18:32:38.468298 710526 Frontend.cpp:2274] RANSAC FAIL: 11 inliers, ratio = 0.478261
I20250111 18:32:38.512753 710526 Frontend.cpp:2274] RANSAC FAIL: 25 inliers, ratio = 0.694444
I20250111 18:32:38.666344 710526 Frontend.cpp:2274] RANSAC FAIL: 60 inliers, ratio = 0.697674
I20250111 18:32:39.251220 710526 okvis_app_synchronous.cpp:210] OKVIS Timing
-----------
1 DetectAndDescribe                	   3511	00:00:06.690730	(00:00:00.001906 +- 00:00:00.000347)	[00:00:00.000953,00:00:00.003588]
2 Match                            	   3511	00:00:23.770396	(00:00:00.006770 +- 00:00:00.002714)	[00:00:00.000197,00:00:00.016206]
2.01 match to map                  	   3510	00:00:17.279098	(00:00:00.004923 +- 00:00:00.002311)	[00:00:00.000053,00:00:00.013730]
2.02 match motion stereo           	   3510	00:00:04.577690	(00:00:00.001304 +- 00:00:00.000437)	[00:00:00.000053,00:00:00.004424]
2.02.1 match motion stereo: prepare	   3510	00:00:01.029843	(00:00:00.000293 +- 00:00:00.000114)	[00:00:00.000001,00:00:00.000779]
2.10 match stereo                  	    946	00:00:00.036240	(00:00:00.000038 +- 00:00:00.000046)	[00:00:00.000001,00:00:00.000428]
3 Optimise                         	   3510	00:00:56.089180	(00:00:00.015980 +- 00:00:00.009352)	[00:00:00.001187,00:00:00.090674]
4 Prepare publishing               	   3510	00:00:02.865671	(00:00:00.000816 +- 00:00:00.000332)	[00:00:00.000037,00:00:00.002241]
6 Visualising                      	   3510	00:00:00.000642	(00:00:00.000000 +- 00:00:00.000000)	[00:00:00.000000,00:00:00.000001]
7 Marginalise                      	   3510	00:00:06.220194	(00:00:00.001772 +- 00:00:00.000805)	[00:00:00.000006,00:00:00.006724]
7.1 check/handle lost              	   3510	00:00:00.105091	(00:00:00.000030 +- 00:00:00.000020)	[00:00:00.000000,00:00:00.000202]
7.2 eliminate IMU frames           	   3510	00:00:02.698221	(00:00:00.000769 +- 00:00:00.000551)	[00:00:00.000000,00:00:00.002857]
7.3 convert to posegraph           	   1228	00:00:00.982413	(00:00:00.000800 +- 00:00:00.000475)	[00:00:00.000123,00:00:00.004117]
7.4 freezing                       	   3509	00:00:00.003862	(00:00:00.000001 +- 00:00:00.000002)	[00:00:00.000000,00:00:00.000018]
7.6 expand                         	   3471	00:00:00.789463	(00:00:00.000227 +- 00:00:00.000139)	[00:00:00.000022,00:00:00.001899]
7.7 prune place recognition frames 	   3509	00:00:00.793114	(00:00:00.000226 +- 00:00:00.000125)	[00:00:00.000003,00:00:00.000882]
I20250111 18:32:39.251324 710526 okvis_app_synchronous.cpp:219] Progress: 65% (1 [1%/s], ETA: 35s)
W20250111 18:32:39.391294 710526 ImuError.cpp:650] gyr saturation
W20250111 18:32:39.409778 710526 ImuError.cpp:650] gyr saturation
W20250111 18:32:39.409952 710526 ImuError.cpp:650] gyr saturation
W20250111 18:32:39.412034 710526 ImuError.cpp:368] gyr saturation
W20250111 18:32:39.414954 710526 ImuError.cpp:650] gyr saturation
W20250111 18:32:39.414978 710526 ImuError.cpp:650] gyr saturation
W20250111 18:32:39.414983 710526 ImuError.cpp:650] gyr saturation
W20250111 18:32:39.414986 710526 ImuError.cpp:650] gyr saturation
W20250111 18:32:39.414994 710526 ImuError.cpp:650] gyr saturation
W20250111 18:32:39.414996 710526 ImuError.cpp:650] gyr saturation
W20250111 18:32:39.414999 710526 ImuError.cpp:650] gyr saturation
W20250111 18:32:39.415004 710526 ImuError.cpp:650] gyr saturation
W20250111 18:32:39.415009 710526 ImuError.cpp:650] gyr saturation
W20250111 18:32:39.415015 710526 ImuError.cpp:650] gyr saturation
W20250111 18:32:39.415022 710526 ImuError.cpp:650] gyr saturation
W20250111 18:32:39.415025 710526 ImuError.cpp:650] gyr saturation
W20250111 18:32:39.415030 710526 ImuError.cpp:650] gyr saturation
W20250111 18:32:39.415033 710526 ImuError.cpp:650] gyr saturation
W20250111 18:32:39.415038 710526 ImuError.cpp:650] gyr saturation
W20250111 18:32:39.415042 710526 ImuError.cpp:650] gyr saturation
W20250111 18:32:39.415047 710526 ImuError.cpp:650] gyr saturation
W20250111 18:32:39.415052 710526 ImuError.cpp:650] gyr saturation
W20250111 18:32:39.415056 710526 ImuError.cpp:650] gyr saturation
W20250111 18:32:39.415061 710526 ImuError.cpp:650] gyr saturation
W20250111 18:32:39.415064 710526 ImuError.cpp:650] gyr saturation
W20250111 18:32:39.415068 710526 ImuError.cpp:650] gyr saturation
W20250111 18:32:39.415073 710526 ImuError.cpp:650] gyr saturation
W20250111 18:32:39.415077 710526 ImuError.cpp:650] gyr saturation
W20250111 18:32:39.415081 710526 ImuError.cpp:650] gyr saturation
W20250111 18:32:39.415087 710526 ImuError.cpp:650] gyr saturation
W20250111 18:32:39.415093 710526 ImuError.cpp:650] gyr saturation
W20250111 18:32:39.415097 710526 ImuError.cpp:650] gyr saturation
W20250111 18:32:39.415102 710526 ImuError.cpp:650] gyr saturation
W20250111 18:32:39.415107 710526 ImuError.cpp:650] gyr saturation
W20250111 18:32:39.415110 710526 ImuError.cpp:650] gyr saturation
W20250111 18:32:39.415115 710526 ImuError.cpp:650] gyr saturation
W20250111 18:32:39.415120 710526 ImuError.cpp:650] gyr saturation
W20250111 18:32:39.415125 710526 ImuError.cpp:650] gyr saturation
W20250111 18:32:39.415130 710526 ImuError.cpp:650] gyr saturation
W20250111 18:32:39.426071 710526 ImuError.cpp:650] gyr saturation
W20250111 18:32:39.426084 710526 ImuError.cpp:650] gyr saturation
W20250111 18:32:39.426088 710526 ImuError.cpp:650] gyr saturation
W20250111 18:32:39.426092 710526 ImuError.cpp:650] gyr saturation
W20250111 18:32:39.426097 710526 ImuError.cpp:650] gyr saturation
W20250111 18:32:39.426101 710526 ImuError.cpp:650] gyr saturation
W20250111 18:32:39.426105 710526 ImuError.cpp:650] gyr saturation
W20250111 18:32:39.426108 710526 ImuError.cpp:650] gyr saturation
W20250111 18:32:39.426112 710526 ImuError.cpp:650] gyr saturation
W20250111 18:32:39.426116 710526 ImuError.cpp:650] gyr saturation
W20250111 18:32:39.426123 710526 ImuError.cpp:650] gyr saturation
W20250111 18:32:39.426128 710526 ImuError.cpp:650] gyr saturation
W20250111 18:32:39.426138 710526 ImuError.cpp:650] gyr saturation
W20250111 18:32:39.426142 710526 ImuError.cpp:650] gyr saturation
W20250111 18:32:39.426146 710526 ImuError.cpp:650] gyr saturation
W20250111 18:32:39.426151 710526 ImuError.cpp:650] gyr saturation
W20250111 18:32:39.426155 710526 ImuError.cpp:650] gyr saturation
W20250111 18:32:39.426160 710526 ImuError.cpp:650] gyr saturation
W20250111 18:32:39.426168 710526 ImuError.cpp:650] gyr saturation
W20250111 18:32:39.426174 710526 ImuError.cpp:650] gyr saturation
W20250111 18:32:39.426178 710526 ImuError.cpp:650] gyr saturation
W20250111 18:32:39.426182 710526 ImuError.cpp:650] gyr saturation
W20250111 18:32:39.426188 710526 ImuError.cpp:650] gyr saturation
W20250111 18:32:39.426192 710526 ImuError.cpp:650] gyr saturation
W20250111 18:32:39.426196 710526 ImuError.cpp:650] gyr saturation
W20250111 18:32:39.426201 710526 ImuError.cpp:650] gyr saturation
W20250111 18:32:39.426205 710526 ImuError.cpp:650] gyr saturation
W20250111 18:32:39.426209 710526 ImuError.cpp:650] gyr saturation
W20250111 18:32:39.426214 710526 ImuError.cpp:650] gyr saturation
W20250111 18:32:39.426220 710526 ImuError.cpp:650] gyr saturation
W20250111 18:32:39.426224 710526 ImuError.cpp:650] gyr saturation
W20250111 18:32:39.426229 710526 ImuError.cpp:650] gyr saturation
W20250111 18:32:39.426232 710526 ImuError.cpp:650] gyr saturation
W20250111 18:32:39.426239 710526 ImuError.cpp:650] gyr saturation
W20250111 18:32:39.426242 710526 ImuError.cpp:650] gyr saturation
W20250111 18:32:39.426348 710526 ImuError.cpp:650] gyr saturation
W20250111 18:32:39.426352 710526 ImuError.cpp:650] gyr saturation
W20250111 18:32:39.426355 710526 ImuError.cpp:650] gyr saturation
W20250111 18:32:39.426360 710526 ImuError.cpp:650] gyr saturation
W20250111 18:32:39.426364 710526 ImuError.cpp:650] gyr saturation
W20250111 18:32:39.426367 710526 ImuError.cpp:650] gyr saturation
W20250111 18:32:39.426373 710526 ImuError.cpp:650] gyr saturation
W20250111 18:32:39.426375 710526 ImuError.cpp:650] gyr saturation
W20250111 18:32:39.426379 710526 ImuError.cpp:650] gyr saturation
W20250111 18:32:39.426384 710526 ImuError.cpp:650] gyr saturation
W20250111 18:32:39.426388 710526 ImuError.cpp:650] gyr saturation
W20250111 18:32:39.426391 710526 ImuError.cpp:650] gyr saturation
W20250111 18:32:39.426396 710526 ImuError.cpp:650] gyr saturation
W20250111 18:32:39.426399 710526 ImuError.cpp:650] gyr saturation
W20250111 18:32:39.426404 710526 ImuError.cpp:650] gyr saturation
W20250111 18:32:39.426407 710526 ImuError.cpp:650] gyr saturation
W20250111 18:32:39.426411 710526 ImuError.cpp:650] gyr saturation
W20250111 18:32:39.426416 710526 ImuError.cpp:650] gyr saturation
W20250111 18:32:39.426420 710526 ImuError.cpp:650] gyr saturation
W20250111 18:32:39.426424 710526 ImuError.cpp:650] gyr saturation
W20250111 18:32:39.426429 710526 ImuError.cpp:650] gyr saturation
W20250111 18:32:39.426432 710526 ImuError.cpp:650] gyr saturation
W20250111 18:32:39.426435 710526 ImuError.cpp:650] gyr saturation
W20250111 18:32:39.426440 710526 ImuError.cpp:650] gyr saturation
W20250111 18:32:39.426443 710526 ImuError.cpp:650] gyr saturation
W20250111 18:32:39.426446 710526 ImuError.cpp:650] gyr saturation
W20250111 18:32:39.426451 710526 ImuError.cpp:650] gyr saturation
W20250111 18:32:39.426455 710526 ImuError.cpp:650] gyr saturation
W20250111 18:32:39.426458 710526 ImuError.cpp:650] gyr saturation
W20250111 18:32:39.426462 710526 ImuError.cpp:650] gyr saturation
W20250111 18:32:39.426466 710526 ImuError.cpp:650] gyr saturation
W20250111 18:32:39.426469 710526 ImuError.cpp:650] gyr saturation
W20250111 18:32:39.426474 710526 ImuError.cpp:650] gyr saturation
W20250111 18:32:39.426478 710526 ImuError.cpp:650] gyr saturation
W20250111 18:32:39.426482 710526 ImuError.cpp:650] gyr saturation
W20250111 18:32:39.428085 710526 ImuError.cpp:368] gyr saturation
W20250111 18:32:39.428112 710526 ImuError.cpp:368] gyr saturation
W20250111 18:32:39.428122 710526 ImuError.cpp:368] gyr saturation
W20250111 18:32:39.428131 710526 ImuError.cpp:368] gyr saturation
W20250111 18:32:39.428146 710526 ImuError.cpp:368] gyr saturation
W20250111 18:32:39.428155 710526 ImuError.cpp:368] gyr saturation
W20250111 18:32:39.428165 710526 ImuError.cpp:368] gyr saturation
W20250111 18:32:39.428174 710526 ImuError.cpp:368] gyr saturation
W20250111 18:32:39.428184 710526 ImuError.cpp:368] gyr saturation
W20250111 18:32:39.428193 710526 ImuError.cpp:368] gyr saturation
W20250111 18:32:39.428206 710526 ImuError.cpp:368] gyr saturation
W20250111 18:32:39.428216 710526 ImuError.cpp:368] gyr saturation
W20250111 18:32:39.428227 710526 ImuError.cpp:368] gyr saturation
W20250111 18:32:39.428236 710526 ImuError.cpp:368] gyr saturation
W20250111 18:32:39.428246 710526 ImuError.cpp:368] gyr saturation
W20250111 18:32:39.428258 710526 ImuError.cpp:368] gyr saturation
W20250111 18:32:39.428269 710526 ImuError.cpp:368] gyr saturation
W20250111 18:32:39.428278 710526 ImuError.cpp:368] gyr saturation
W20250111 18:32:39.428287 710526 ImuError.cpp:368] gyr saturation
W20250111 18:32:39.428297 710526 ImuError.cpp:368] gyr saturation
W20250111 18:32:39.428306 710526 ImuError.cpp:368] gyr saturation
W20250111 18:32:39.428316 710526 ImuError.cpp:368] gyr saturation
W20250111 18:32:39.428326 710526 ImuError.cpp:368] gyr saturation
W20250111 18:32:39.428335 710526 ImuError.cpp:368] gyr saturation
W20250111 18:32:39.428344 710526 ImuError.cpp:368] gyr saturation
W20250111 18:32:39.428354 710526 ImuError.cpp:368] gyr saturation
W20250111 18:32:39.428364 710526 ImuError.cpp:368] gyr saturation
W20250111 18:32:39.428373 710526 ImuError.cpp:368] gyr saturation
W20250111 18:32:39.428382 710526 ImuError.cpp:368] gyr saturation
W20250111 18:32:39.428392 710526 ImuError.cpp:368] gyr saturation
W20250111 18:32:39.428401 710526 ImuError.cpp:368] gyr saturation
W20250111 18:32:39.428411 710526 ImuError.cpp:368] gyr saturation
W20250111 18:32:39.428421 710526 ImuError.cpp:368] gyr saturation
W20250111 18:32:39.428429 710526 ImuError.cpp:368] gyr saturation
W20250111 18:32:39.428438 710526 ImuError.cpp:368] gyr saturation
W20250111 18:32:39.430260 710526 Frontend.cpp:612] 3d2d tracking weak: quality=0. Number of 3d2d-matches: 3
W20250111 18:32:39.431291 710526 ImuError.cpp:650] gyr saturation
W20250111 18:32:39.431303 710526 ImuError.cpp:650] gyr saturation
W20250111 18:32:39.431308 710526 ImuError.cpp:650] gyr saturation
W20250111 18:32:39.431311 710526 ImuError.cpp:650] gyr saturation
W20250111 18:32:39.431317 710526 ImuError.cpp:650] gyr saturation
W20250111 18:32:39.431322 710526 ImuError.cpp:650] gyr saturation
W20250111 18:32:39.431326 710526 ImuError.cpp:650] gyr saturation
W20250111 18:32:39.431330 710526 ImuError.cpp:650] gyr saturation
W20250111 18:32:39.431335 710526 ImuError.cpp:650] gyr saturation
W20250111 18:32:39.431339 710526 ImuError.cpp:650] gyr saturation
W20250111 18:32:39.431344 710526 ImuError.cpp:650] gyr saturation
W20250111 18:32:39.431349 710526 ImuError.cpp:650] gyr saturation
W20250111 18:32:39.431352 710526 ImuError.cpp:650] gyr saturation
W20250111 18:32:39.431356 710526 ImuError.cpp:650] gyr saturation
W20250111 18:32:39.431361 710526 ImuError.cpp:650] gyr saturation
W20250111 18:32:39.431367 710526 ImuError.cpp:650] gyr saturation
W20250111 18:32:39.431371 710526 ImuError.cpp:650] gyr saturation
W20250111 18:32:39.431375 710526 ImuError.cpp:650] gyr saturation
W20250111 18:32:39.431380 710526 ImuError.cpp:650] gyr saturation
W20250111 18:32:39.431385 710526 ImuError.cpp:650] gyr saturation
W20250111 18:32:39.431388 710526 ImuError.cpp:650] gyr saturation
W20250111 18:32:39.431393 710526 ImuError.cpp:650] gyr saturation
W20250111 18:32:39.431398 710526 ImuError.cpp:650] gyr saturation
W20250111 18:32:39.431403 710526 ImuError.cpp:650] gyr saturation
W20250111 18:32:39.431408 710526 ImuError.cpp:650] gyr saturation
W20250111 18:32:39.431412 710526 ImuError.cpp:650] gyr saturation
W20250111 18:32:39.431417 710526 ImuError.cpp:650] gyr saturation
W20250111 18:32:39.431421 710526 ImuError.cpp:650] gyr saturation
W20250111 18:32:39.431427 710526 ImuError.cpp:650] gyr saturation
W20250111 18:32:39.431435 710526 ImuError.cpp:650] gyr saturation
W20250111 18:32:39.431439 710526 ImuError.cpp:650] gyr saturation
W20250111 18:32:39.431444 710526 ImuError.cpp:650] gyr saturation
W20250111 18:32:39.431448 710526 ImuError.cpp:650] gyr saturation
W20250111 18:32:39.431453 710526 ImuError.cpp:650] gyr saturation
W20250111 18:32:39.431458 710526 ImuError.cpp:650] gyr saturation
W20250111 18:32:39.431468 710526 ImuError.cpp:650] gyr saturation
W20250111 18:32:39.431474 710526 ImuError.cpp:650] gyr saturation
W20250111 18:32:39.431478 710526 ImuError.cpp:650] gyr saturation
W20250111 18:32:39.431483 710526 ImuError.cpp:650] gyr saturation
W20250111 18:32:39.431489 710526 ImuError.cpp:650] gyr saturation
W20250111 18:32:39.431494 710526 ImuError.cpp:650] gyr saturation
W20250111 18:32:39.431499 710526 ImuError.cpp:650] gyr saturation
W20250111 18:32:39.431505 710526 ImuError.cpp:650] gyr saturation
W20250111 18:32:39.431510 710526 ImuError.cpp:650] gyr saturation
W20250111 18:32:39.431516 710526 ImuError.cpp:650] gyr saturation
W20250111 18:32:39.431522 710526 ImuError.cpp:650] gyr saturation
W20250111 18:32:39.431527 710526 ImuError.cpp:650] gyr saturation
W20250111 18:32:39.431532 710526 ImuError.cpp:650] gyr saturation
W20250111 18:32:39.431536 710526 ImuError.cpp:650] gyr saturation
W20250111 18:32:39.431541 710526 ImuError.cpp:650] gyr saturation
W20250111 18:32:39.431545 710526 ImuError.cpp:650] gyr saturation
W20250111 18:32:39.431550 710526 ImuError.cpp:650] gyr saturation
W20250111 18:32:39.431555 710526 ImuError.cpp:650] gyr saturation
W20250111 18:32:39.431560 710526 ImuError.cpp:650] gyr saturation
W20250111 18:32:39.431563 710526 ImuError.cpp:650] gyr saturation
W20250111 18:32:39.431568 710526 ImuError.cpp:650] gyr saturation
W20250111 18:32:39.431572 710526 ImuError.cpp:650] gyr saturation
W20250111 18:32:39.431576 710526 ImuError.cpp:650] gyr saturation
W20250111 18:32:39.431581 710526 ImuError.cpp:650] gyr saturation
W20250111 18:32:39.431586 710526 ImuError.cpp:650] gyr saturation
W20250111 18:32:39.431588 710526 ImuError.cpp:650] gyr saturation
W20250111 18:32:39.431592 710526 ImuError.cpp:650] gyr saturation
W20250111 18:32:39.431597 710526 ImuError.cpp:650] gyr saturation
W20250111 18:32:39.431602 710526 ImuError.cpp:650] gyr saturation
W20250111 18:32:39.431607 710526 ImuError.cpp:650] gyr saturation
W20250111 18:32:39.431612 710526 ImuError.cpp:650] gyr saturation
W20250111 18:32:39.431615 710526 ImuError.cpp:650] gyr saturation
W20250111 18:32:39.431619 710526 ImuError.cpp:650] gyr saturation
W20250111 18:32:39.444473 926955 ViSlamBackend.cpp:466] TRACKING FAILURE: quality=0
W20250111 18:32:39.445794 710526 ImuError.cpp:650] gyr saturation
W20250111 18:32:39.445808 710526 ImuError.cpp:650] gyr saturation
W20250111 18:32:39.445813 710526 ImuError.cpp:650] gyr saturation
W20250111 18:32:39.445817 710526 ImuError.cpp:650] gyr saturation
W20250111 18:32:39.445822 710526 ImuError.cpp:650] gyr saturation
W20250111 18:32:39.445827 710526 ImuError.cpp:650] gyr saturation
W20250111 18:32:39.445835 710526 ImuError.cpp:650] gyr saturation
W20250111 18:32:39.445839 710526 ImuError.cpp:650] gyr saturation
W20250111 18:32:39.445845 710526 ImuError.cpp:650] gyr saturation
W20250111 18:32:39.445850 710526 ImuError.cpp:650] gyr saturation
W20250111 18:32:39.445855 710526 ImuError.cpp:650] gyr saturation
W20250111 18:32:39.445859 710526 ImuError.cpp:650] gyr saturation
W20250111 18:32:39.445866 710526 ImuError.cpp:650] gyr saturation
W20250111 18:32:39.445871 710526 ImuError.cpp:650] gyr saturation
W20250111 18:32:39.445876 710526 ImuError.cpp:650] gyr saturation
W20250111 18:32:39.445883 710526 ImuError.cpp:650] gyr saturation
W20250111 18:32:39.445886 710526 ImuError.cpp:650] gyr saturation
W20250111 18:32:39.445891 710526 ImuError.cpp:650] gyr saturation
W20250111 18:32:39.445899 710526 ImuError.cpp:650] gyr saturation
W20250111 18:32:39.445905 710526 ImuError.cpp:650] gyr saturation
W20250111 18:32:39.445909 710526 ImuError.cpp:650] gyr saturation
W20250111 18:32:39.445914 710526 ImuError.cpp:650] gyr saturation
W20250111 18:32:39.445922 710526 ImuError.cpp:650] gyr saturation
W20250111 18:32:39.445927 710526 ImuError.cpp:650] gyr saturation
W20250111 18:32:39.445933 710526 ImuError.cpp:650] gyr saturation
W20250111 18:32:39.445940 710526 ImuError.cpp:650] gyr saturation
W20250111 18:32:39.445945 710526 ImuError.cpp:650] gyr saturation
W20250111 18:32:39.445950 710526 ImuError.cpp:650] gyr saturation
W20250111 18:32:39.445957 710526 ImuError.cpp:650] gyr saturation
W20250111 18:32:39.445962 710526 ImuError.cpp:650] gyr saturation
W20250111 18:32:39.445968 710526 ImuError.cpp:650] gyr saturation
W20250111 18:32:39.445972 710526 ImuError.cpp:650] gyr saturation
W20250111 18:32:39.445977 710526 ImuError.cpp:650] gyr saturation
W20250111 18:32:39.445983 710526 ImuError.cpp:650] gyr saturation
W20250111 18:32:39.446089 710526 ImuError.cpp:650] gyr saturation
W20250111 18:32:39.446095 710526 ImuError.cpp:650] gyr saturation
W20250111 18:32:39.446099 710526 ImuError.cpp:650] gyr saturation
W20250111 18:32:39.446105 710526 ImuError.cpp:650] gyr saturation
W20250111 18:32:39.446108 710526 ImuError.cpp:650] gyr saturation
W20250111 18:32:39.446112 710526 ImuError.cpp:650] gyr saturation
W20250111 18:32:39.446116 710526 ImuError.cpp:650] gyr saturation
W20250111 18:32:39.446121 710526 ImuError.cpp:650] gyr saturation
W20250111 18:32:39.446125 710526 ImuError.cpp:650] gyr saturation
W20250111 18:32:39.446130 710526 ImuError.cpp:650] gyr saturation
W20250111 18:32:39.446134 710526 ImuError.cpp:650] gyr saturation
W20250111 18:32:39.446139 710526 ImuError.cpp:650] gyr saturation
W20250111 18:32:39.446143 710526 ImuError.cpp:650] gyr saturation
W20250111 18:32:39.446147 710526 ImuError.cpp:650] gyr saturation
W20250111 18:32:39.446151 710526 ImuError.cpp:650] gyr saturation
W20250111 18:32:39.446156 710526 ImuError.cpp:650] gyr saturation
W20250111 18:32:39.446161 710526 ImuError.cpp:650] gyr saturation
W20250111 18:32:39.446164 710526 ImuError.cpp:650] gyr saturation
W20250111 18:32:39.446169 710526 ImuError.cpp:650] gyr saturation
W20250111 18:32:39.446174 710526 ImuError.cpp:650] gyr saturation
W20250111 18:32:39.446178 710526 ImuError.cpp:650] gyr saturation
W20250111 18:32:39.446182 710526 ImuError.cpp:650] gyr saturation
W20250111 18:32:39.446187 710526 ImuError.cpp:650] gyr saturation
W20250111 18:32:39.446192 710526 ImuError.cpp:650] gyr saturation
W20250111 18:32:39.446195 710526 ImuError.cpp:650] gyr saturation
W20250111 18:32:39.446200 710526 ImuError.cpp:650] gyr saturation
W20250111 18:32:39.446205 710526 ImuError.cpp:650] gyr saturation
W20250111 18:32:39.446210 710526 ImuError.cpp:650] gyr saturation
W20250111 18:32:39.446214 710526 ImuError.cpp:650] gyr saturation
W20250111 18:32:39.446218 710526 ImuError.cpp:650] gyr saturation
W20250111 18:32:39.446223 710526 ImuError.cpp:650] gyr saturation
W20250111 18:32:39.446228 710526 ImuError.cpp:650] gyr saturation
W20250111 18:32:39.446231 710526 ImuError.cpp:650] gyr saturation
W20250111 18:32:39.446235 710526 ImuError.cpp:650] gyr saturation
W20250111 18:32:39.447912 710526 ImuError.cpp:368] gyr saturation
W20250111 18:32:39.447944 710526 ImuError.cpp:368] gyr saturation
W20250111 18:32:39.447958 710526 ImuError.cpp:368] gyr saturation
W20250111 18:32:39.447969 710526 ImuError.cpp:368] gyr saturation
W20250111 18:32:39.447980 710526 ImuError.cpp:368] gyr saturation
W20250111 18:32:39.447999 710526 ImuError.cpp:368] gyr saturation
W20250111 18:32:39.448009 710526 ImuError.cpp:368] gyr saturation
W20250111 18:32:39.448020 710526 ImuError.cpp:368] gyr saturation
W20250111 18:32:39.448030 710526 ImuError.cpp:368] gyr saturation
W20250111 18:32:39.448041 710526 ImuError.cpp:368] gyr saturation
W20250111 18:32:39.448052 710526 ImuError.cpp:368] gyr saturation
W20250111 18:32:39.448062 710526 ImuError.cpp:368] gyr saturation
W20250111 18:32:39.448072 710526 ImuError.cpp:368] gyr saturation
W20250111 18:32:39.448083 710526 ImuError.cpp:368] gyr saturation
W20250111 18:32:39.448094 710526 ImuError.cpp:368] gyr saturation
W20250111 18:32:39.448104 710526 ImuError.cpp:368] gyr saturation
W20250111 18:32:39.448118 710526 ImuError.cpp:368] gyr saturation
W20250111 18:32:39.448129 710526 ImuError.cpp:368] gyr saturation
W20250111 18:32:39.448139 710526 ImuError.cpp:368] gyr saturation
W20250111 18:32:39.448150 710526 ImuError.cpp:368] gyr saturation
W20250111 18:32:39.448160 710526 ImuError.cpp:368] gyr saturation
W20250111 18:32:39.448170 710526 ImuError.cpp:368] gyr saturation
W20250111 18:32:39.448184 710526 ImuError.cpp:368] gyr saturation
W20250111 18:32:39.448195 710526 ImuError.cpp:368] gyr saturation
W20250111 18:32:39.448205 710526 ImuError.cpp:368] gyr saturation
W20250111 18:32:39.448215 710526 ImuError.cpp:368] gyr saturation
W20250111 18:32:39.448225 710526 ImuError.cpp:368] gyr saturation
W20250111 18:32:39.448235 710526 ImuError.cpp:368] gyr saturation
W20250111 18:32:39.448246 710526 ImuError.cpp:368] gyr saturation
W20250111 18:32:39.448256 710526 ImuError.cpp:368] gyr saturation
W20250111 18:32:39.448267 710526 ImuError.cpp:368] gyr saturation
W20250111 18:32:39.448277 710526 ImuError.cpp:368] gyr saturation
W20250111 18:32:39.448287 710526 ImuError.cpp:368] gyr saturation
W20250111 18:32:39.448297 710526 ImuError.cpp:368] gyr saturation
W20250111 18:32:39.450277 710526 Frontend.cpp:612] 3d2d tracking weak: quality=0. Number of 3d2d-matches: 4
W20250111 18:32:39.451208 710526 ImuError.cpp:650] gyr saturation
W20250111 18:32:39.451223 710526 ImuError.cpp:650] gyr saturation
W20250111 18:32:39.451228 710526 ImuError.cpp:650] gyr saturation
W20250111 18:32:39.451233 710526 ImuError.cpp:650] gyr saturation
W20250111 18:32:39.451238 710526 ImuError.cpp:650] gyr saturation
W20250111 18:32:39.451242 710526 ImuError.cpp:650] gyr saturation
W20250111 18:32:39.451249 710526 ImuError.cpp:650] gyr saturation
W20250111 18:32:39.451256 710526 ImuError.cpp:650] gyr saturation
W20250111 18:32:39.451261 710526 ImuError.cpp:650] gyr saturation
W20250111 18:32:39.451267 710526 ImuError.cpp:650] gyr saturation
W20250111 18:32:39.451272 710526 ImuError.cpp:650] gyr saturation
W20250111 18:32:39.451278 710526 ImuError.cpp:650] gyr saturation
W20250111 18:32:39.451284 710526 ImuError.cpp:650] gyr saturation
W20250111 18:32:39.451292 710526 ImuError.cpp:650] gyr saturation
W20250111 18:32:39.451296 710526 ImuError.cpp:650] gyr saturation
W20250111 18:32:39.451303 710526 ImuError.cpp:650] gyr saturation
W20250111 18:32:39.451308 710526 ImuError.cpp:650] gyr saturation
W20250111 18:32:39.451313 710526 ImuError.cpp:650] gyr saturation
W20250111 18:32:39.451318 710526 ImuError.cpp:650] gyr saturation
W20250111 18:32:39.451324 710526 ImuError.cpp:650] gyr saturation
W20250111 18:32:39.451329 710526 ImuError.cpp:650] gyr saturation
W20250111 18:32:39.451335 710526 ImuError.cpp:650] gyr saturation
W20250111 18:32:39.451340 710526 ImuError.cpp:650] gyr saturation
W20250111 18:32:39.451345 710526 ImuError.cpp:650] gyr saturation
W20250111 18:32:39.451351 710526 ImuError.cpp:650] gyr saturation
W20250111 18:32:39.451357 710526 ImuError.cpp:650] gyr saturation
W20250111 18:32:39.451362 710526 ImuError.cpp:650] gyr saturation
W20250111 18:32:39.451368 710526 ImuError.cpp:650] gyr saturation
W20250111 18:32:39.451373 710526 ImuError.cpp:650] gyr saturation
W20250111 18:32:39.451380 710526 ImuError.cpp:650] gyr saturation
W20250111 18:32:39.451385 710526 ImuError.cpp:650] gyr saturation
W20250111 18:32:39.451391 710526 ImuError.cpp:650] gyr saturation
W20250111 18:32:39.451396 710526 ImuError.cpp:650] gyr saturation
W20250111 18:32:39.451401 710526 ImuError.cpp:650] gyr saturation
W20250111 18:32:39.451408 710526 ImuError.cpp:650] gyr saturation
W20250111 18:32:39.451414 710526 ImuError.cpp:650] gyr saturation
W20250111 18:32:39.451421 710526 ImuError.cpp:650] gyr saturation
W20250111 18:32:39.451426 710526 ImuError.cpp:650] gyr saturation
W20250111 18:32:39.451432 710526 ImuError.cpp:650] gyr saturation
W20250111 18:32:39.451437 710526 ImuError.cpp:650] gyr saturation
W20250111 18:32:39.451443 710526 ImuError.cpp:650] gyr saturation
W20250111 18:32:39.451449 710526 ImuError.cpp:650] gyr saturation
W20250111 18:32:39.451455 710526 ImuError.cpp:650] gyr saturation
W20250111 18:32:39.451464 710526 ImuError.cpp:650] gyr saturation
W20250111 18:32:39.451469 710526 ImuError.cpp:650] gyr saturation
W20250111 18:32:39.451475 710526 ImuError.cpp:650] gyr saturation
W20250111 18:32:39.451480 710526 ImuError.cpp:650] gyr saturation
W20250111 18:32:39.451486 710526 ImuError.cpp:650] gyr saturation
W20250111 18:32:39.451493 710526 ImuError.cpp:650] gyr saturation
W20250111 18:32:39.451500 710526 ImuError.cpp:650] gyr saturation
W20250111 18:32:39.451507 710526 ImuError.cpp:650] gyr saturation
W20250111 18:32:39.451514 710526 ImuError.cpp:650] gyr saturation
W20250111 18:32:39.451519 710526 ImuError.cpp:650] gyr saturation
W20250111 18:32:39.451524 710526 ImuError.cpp:650] gyr saturation
W20250111 18:32:39.451529 710526 ImuError.cpp:650] gyr saturation
W20250111 18:32:39.451534 710526 ImuError.cpp:650] gyr saturation
W20250111 18:32:39.451539 710526 ImuError.cpp:650] gyr saturation
W20250111 18:32:39.451545 710526 ImuError.cpp:650] gyr saturation
W20250111 18:32:39.451550 710526 ImuError.cpp:650] gyr saturation
W20250111 18:32:39.451555 710526 ImuError.cpp:650] gyr saturation
W20250111 18:32:39.451560 710526 ImuError.cpp:650] gyr saturation
W20250111 18:32:39.451565 710526 ImuError.cpp:650] gyr saturation
W20250111 18:32:39.451570 710526 ImuError.cpp:650] gyr saturation
W20250111 18:32:39.451574 710526 ImuError.cpp:650] gyr saturation
W20250111 18:32:39.451579 710526 ImuError.cpp:650] gyr saturation
W20250111 18:32:39.451586 710526 ImuError.cpp:650] gyr saturation
W20250111 18:32:39.451591 710526 ImuError.cpp:650] gyr saturation
W20250111 18:32:39.451596 710526 ImuError.cpp:650] gyr saturation
W20250111 18:32:39.462291 926997 ViSlamBackend.cpp:466] TRACKING FAILURE: quality=0
W20250111 18:32:39.462687 926997 ImuError.cpp:165] gyr saturation
W20250111 18:32:39.462945 926997 ImuError.cpp:165] gyr saturation
W20250111 18:32:39.463354 710526 ImuError.cpp:650] gyr saturation
W20250111 18:32:39.463378 710526 ImuError.cpp:650] gyr saturation
W20250111 18:32:39.463383 710526 ImuError.cpp:650] gyr saturation
W20250111 18:32:39.463388 710526 ImuError.cpp:650] gyr saturation
W20250111 18:32:39.463392 710526 ImuError.cpp:650] gyr saturation
W20250111 18:32:39.463397 710526 ImuError.cpp:650] gyr saturation
W20250111 18:32:39.463407 710526 ImuError.cpp:650] gyr saturation
W20250111 18:32:39.463413 710526 ImuError.cpp:650] gyr saturation
W20250111 18:32:39.463418 710526 ImuError.cpp:650] gyr saturation
W20250111 18:32:39.463423 710526 ImuError.cpp:650] gyr saturation
W20250111 18:32:39.463426 710526 ImuError.cpp:650] gyr saturation
W20250111 18:32:39.463430 710526 ImuError.cpp:650] gyr saturation
W20250111 18:32:39.463436 710526 ImuError.cpp:650] gyr saturation
W20250111 18:32:39.463441 710526 ImuError.cpp:650] gyr saturation
W20250111 18:32:39.463445 710526 ImuError.cpp:650] gyr saturation
W20250111 18:32:39.463449 710526 ImuError.cpp:650] gyr saturation
W20250111 18:32:39.463454 710526 ImuError.cpp:650] gyr saturation
W20250111 18:32:39.463459 710526 ImuError.cpp:650] gyr saturation
W20250111 18:32:39.463464 710526 ImuError.cpp:650] gyr saturation
W20250111 18:32:39.463467 710526 ImuError.cpp:650] gyr saturation
W20250111 18:32:39.463471 710526 ImuError.cpp:650] gyr saturation
W20250111 18:32:39.463475 710526 ImuError.cpp:650] gyr saturation
W20250111 18:32:39.463479 710526 ImuError.cpp:650] gyr saturation
W20250111 18:32:39.463483 710526 ImuError.cpp:650] gyr saturation
W20250111 18:32:39.463487 710526 ImuError.cpp:650] gyr saturation
W20250111 18:32:39.463491 710526 ImuError.cpp:650] gyr saturation
W20250111 18:32:39.463495 710526 ImuError.cpp:650] gyr saturation
W20250111 18:32:39.463497 710526 ImuError.cpp:650] gyr saturation
W20250111 18:32:39.463501 710526 ImuError.cpp:650] gyr saturation
W20250111 18:32:39.463505 710526 ImuError.cpp:650] gyr saturation
W20250111 18:32:39.463508 710526 ImuError.cpp:650] gyr saturation
W20250111 18:32:39.463512 710526 ImuError.cpp:650] gyr saturation
W20250111 18:32:39.463515 710526 ImuError.cpp:650] gyr saturation
W20250111 18:32:39.463523 710526 ImuError.cpp:650] gyr saturation
W20250111 18:32:39.463527 710526 ImuError.cpp:650] gyr saturation
W20250111 18:32:39.463593 710526 ImuError.cpp:650] gyr saturation
W20250111 18:32:39.463599 710526 ImuError.cpp:650] gyr saturation
W20250111 18:32:39.463603 710526 ImuError.cpp:650] gyr saturation
W20250111 18:32:39.463606 710526 ImuError.cpp:650] gyr saturation
W20250111 18:32:39.463615 710526 ImuError.cpp:650] gyr saturation
W20250111 18:32:39.463621 710526 ImuError.cpp:650] gyr saturation
W20250111 18:32:39.463625 710526 ImuError.cpp:650] gyr saturation
W20250111 18:32:39.463629 710526 ImuError.cpp:650] gyr saturation
W20250111 18:32:39.463634 710526 ImuError.cpp:650] gyr saturation
W20250111 18:32:39.463639 710526 ImuError.cpp:650] gyr saturation
W20250111 18:32:39.463642 710526 ImuError.cpp:650] gyr saturation
W20250111 18:32:39.463646 710526 ImuError.cpp:650] gyr saturation
W20250111 18:32:39.463651 710526 ImuError.cpp:650] gyr saturation
W20250111 18:32:39.463655 710526 ImuError.cpp:650] gyr saturation
W20250111 18:32:39.463660 710526 ImuError.cpp:650] gyr saturation
W20250111 18:32:39.463665 710526 ImuError.cpp:650] gyr saturation
W20250111 18:32:39.463670 710526 ImuError.cpp:650] gyr saturation
W20250111 18:32:39.463673 710526 ImuError.cpp:650] gyr saturation
W20250111 18:32:39.463676 710526 ImuError.cpp:650] gyr saturation
W20250111 18:32:39.463680 710526 ImuError.cpp:650] gyr saturation
W20250111 18:32:39.463685 710526 ImuError.cpp:650] gyr saturation
W20250111 18:32:39.463688 710526 ImuError.cpp:650] gyr saturation
W20250111 18:32:39.463694 710526 ImuError.cpp:650] gyr saturation
W20250111 18:32:39.463699 710526 ImuError.cpp:650] gyr saturation
W20250111 18:32:39.463702 710526 ImuError.cpp:650] gyr saturation
W20250111 18:32:39.463706 710526 ImuError.cpp:650] gyr saturation
W20250111 18:32:39.463711 710526 ImuError.cpp:650] gyr saturation
W20250111 18:32:39.463716 710526 ImuError.cpp:650] gyr saturation
W20250111 18:32:39.463718 710526 ImuError.cpp:650] gyr saturation
W20250111 18:32:39.463722 710526 ImuError.cpp:650] gyr saturation
W20250111 18:32:39.463728 710526 ImuError.cpp:650] gyr saturation
W20250111 18:32:39.463732 710526 ImuError.cpp:650] gyr saturation
W20250111 18:32:39.463737 710526 ImuError.cpp:650] gyr saturation
W20250111 18:32:39.463740 710526 ImuError.cpp:650] gyr saturation
W20250111 18:32:39.463747 710526 ImuError.cpp:650] gyr saturation
W20250111 18:32:39.465250 710526 ImuError.cpp:368] gyr saturation
W20250111 18:32:39.465278 710526 ImuError.cpp:368] gyr saturation
W20250111 18:32:39.465286 710526 ImuError.cpp:368] gyr saturation
W20250111 18:32:39.465297 710526 ImuError.cpp:368] gyr saturation
W20250111 18:32:39.465305 710526 ImuError.cpp:368] gyr saturation
W20250111 18:32:39.465314 710526 ImuError.cpp:368] gyr saturation
W20250111 18:32:39.465322 710526 ImuError.cpp:368] gyr saturation
W20250111 18:32:39.465332 710526 ImuError.cpp:368] gyr saturation
W20250111 18:32:39.465340 710526 ImuError.cpp:368] gyr saturation
W20250111 18:32:39.465351 710526 ImuError.cpp:368] gyr saturation
W20250111 18:32:39.465360 710526 ImuError.cpp:368] gyr saturation
W20250111 18:32:39.465370 710526 ImuError.cpp:368] gyr saturation
W20250111 18:32:39.465379 710526 ImuError.cpp:368] gyr saturation
W20250111 18:32:39.465389 710526 ImuError.cpp:368] gyr saturation
W20250111 18:32:39.465399 710526 ImuError.cpp:368] gyr saturation
W20250111 18:32:39.465409 710526 ImuError.cpp:368] gyr saturation
W20250111 18:32:39.465418 710526 ImuError.cpp:368] gyr saturation
W20250111 18:32:39.465428 710526 ImuError.cpp:368] gyr saturation
W20250111 18:32:39.465437 710526 ImuError.cpp:368] gyr saturation
W20250111 18:32:39.465447 710526 ImuError.cpp:368] gyr saturation
W20250111 18:32:39.465456 710526 ImuError.cpp:368] gyr saturation
W20250111 18:32:39.465466 710526 ImuError.cpp:368] gyr saturation
W20250111 18:32:39.465476 710526 ImuError.cpp:368] gyr saturation
W20250111 18:32:39.465487 710526 ImuError.cpp:368] gyr saturation
W20250111 18:32:39.465495 710526 ImuError.cpp:368] gyr saturation
W20250111 18:32:39.465508 710526 ImuError.cpp:368] gyr saturation
W20250111 18:32:39.465517 710526 ImuError.cpp:368] gyr saturation
W20250111 18:32:39.465528 710526 ImuError.cpp:368] gyr saturation
W20250111 18:32:39.465536 710526 ImuError.cpp:368] gyr saturation
W20250111 18:32:39.465546 710526 ImuError.cpp:368] gyr saturation
W20250111 18:32:39.465555 710526 ImuError.cpp:368] gyr saturation
W20250111 18:32:39.465567 710526 ImuError.cpp:368] gyr saturation
W20250111 18:32:39.465576 710526 ImuError.cpp:368] gyr saturation
W20250111 18:32:39.465585 710526 ImuError.cpp:368] gyr saturation
W20250111 18:32:39.465595 710526 ImuError.cpp:368] gyr saturation
W20250111 18:32:39.467192 710526 Frontend.cpp:612] 3d2d tracking weak: quality=0. Number of 3d2d-matches: 5
W20250111 18:32:39.467983 710526 ImuError.cpp:650] gyr saturation
W20250111 18:32:39.467998 710526 ImuError.cpp:650] gyr saturation
W20250111 18:32:39.468003 710526 ImuError.cpp:650] gyr saturation
W20250111 18:32:39.468009 710526 ImuError.cpp:650] gyr saturation
W20250111 18:32:39.468012 710526 ImuError.cpp:650] gyr saturation
W20250111 18:32:39.468017 710526 ImuError.cpp:650] gyr saturation
W20250111 18:32:39.468020 710526 ImuError.cpp:650] gyr saturation
W20250111 18:32:39.468024 710526 ImuError.cpp:650] gyr saturation
W20250111 18:32:39.468029 710526 ImuError.cpp:650] gyr saturation
W20250111 18:32:39.468034 710526 ImuError.cpp:650] gyr saturation
W20250111 18:32:39.468039 710526 ImuError.cpp:650] gyr saturation
W20250111 18:32:39.468042 710526 ImuError.cpp:650] gyr saturation
W20250111 18:32:39.468047 710526 ImuError.cpp:650] gyr saturation
W20250111 18:32:39.468051 710526 ImuError.cpp:650] gyr saturation
W20250111 18:32:39.468056 710526 ImuError.cpp:650] gyr saturation
W20250111 18:32:39.468061 710526 ImuError.cpp:650] gyr saturation
W20250111 18:32:39.468065 710526 ImuError.cpp:650] gyr saturation
W20250111 18:32:39.468070 710526 ImuError.cpp:650] gyr saturation
W20250111 18:32:39.468075 710526 ImuError.cpp:650] gyr saturation
W20250111 18:32:39.468078 710526 ImuError.cpp:650] gyr saturation
W20250111 18:32:39.468083 710526 ImuError.cpp:650] gyr saturation
W20250111 18:32:39.468088 710526 ImuError.cpp:650] gyr saturation
W20250111 18:32:39.468092 710526 ImuError.cpp:650] gyr saturation
W20250111 18:32:39.468097 710526 ImuError.cpp:650] gyr saturation
W20250111 18:32:39.468101 710526 ImuError.cpp:650] gyr saturation
W20250111 18:32:39.468107 710526 ImuError.cpp:650] gyr saturation
W20250111 18:32:39.468112 710526 ImuError.cpp:650] gyr saturation
W20250111 18:32:39.468117 710526 ImuError.cpp:650] gyr saturation
W20250111 18:32:39.468122 710526 ImuError.cpp:650] gyr saturation
W20250111 18:32:39.468127 710526 ImuError.cpp:650] gyr saturation
W20250111 18:32:39.468132 710526 ImuError.cpp:650] gyr saturation
W20250111 18:32:39.468135 710526 ImuError.cpp:650] gyr saturation
W20250111 18:32:39.468139 710526 ImuError.cpp:650] gyr saturation
W20250111 18:32:39.468144 710526 ImuError.cpp:650] gyr saturation
W20250111 18:32:39.468149 710526 ImuError.cpp:650] gyr saturation
W20250111 18:32:39.468154 710526 ImuError.cpp:650] gyr saturation
W20250111 18:32:39.468158 710526 ImuError.cpp:650] gyr saturation
W20250111 18:32:39.468163 710526 ImuError.cpp:650] gyr saturation
W20250111 18:32:39.468168 710526 ImuError.cpp:650] gyr saturation
W20250111 18:32:39.468173 710526 ImuError.cpp:650] gyr saturation
W20250111 18:32:39.468178 710526 ImuError.cpp:650] gyr saturation
W20250111 18:32:39.468183 710526 ImuError.cpp:650] gyr saturation
W20250111 18:32:39.468186 710526 ImuError.cpp:650] gyr saturation
W20250111 18:32:39.468192 710526 ImuError.cpp:650] gyr saturation
W20250111 18:32:39.468196 710526 ImuError.cpp:650] gyr saturation
W20250111 18:32:39.468200 710526 ImuError.cpp:650] gyr saturation
W20250111 18:32:39.468204 710526 ImuError.cpp:650] gyr saturation
W20250111 18:32:39.468210 710526 ImuError.cpp:650] gyr saturation
W20250111 18:32:39.468215 710526 ImuError.cpp:650] gyr saturation
W20250111 18:32:39.468219 710526 ImuError.cpp:650] gyr saturation
W20250111 18:32:39.468225 710526 ImuError.cpp:650] gyr saturation
W20250111 18:32:39.468233 710526 ImuError.cpp:650] gyr saturation
W20250111 18:32:39.468237 710526 ImuError.cpp:650] gyr saturation
W20250111 18:32:39.468241 710526 ImuError.cpp:650] gyr saturation
W20250111 18:32:39.468245 710526 ImuError.cpp:650] gyr saturation
W20250111 18:32:39.468250 710526 ImuError.cpp:650] gyr saturation
W20250111 18:32:39.468255 710526 ImuError.cpp:650] gyr saturation
W20250111 18:32:39.468264 710526 ImuError.cpp:650] gyr saturation
W20250111 18:32:39.468271 710526 ImuError.cpp:650] gyr saturation
W20250111 18:32:39.468274 710526 ImuError.cpp:650] gyr saturation
W20250111 18:32:39.468278 710526 ImuError.cpp:650] gyr saturation
W20250111 18:32:39.468284 710526 ImuError.cpp:650] gyr saturation
W20250111 18:32:39.468288 710526 ImuError.cpp:650] gyr saturation
W20250111 18:32:39.468292 710526 ImuError.cpp:650] gyr saturation
W20250111 18:32:39.468297 710526 ImuError.cpp:650] gyr saturation
W20250111 18:32:39.477878 927039 ViSlamBackend.cpp:466] TRACKING FAILURE: quality=0
W20250111 18:32:39.478513 710526 ImuError.cpp:650] gyr saturation
W20250111 18:32:39.478523 710526 ImuError.cpp:650] gyr saturation
W20250111 18:32:39.478528 710526 ImuError.cpp:650] gyr saturation
W20250111 18:32:39.478531 710526 ImuError.cpp:650] gyr saturation
W20250111 18:32:39.478535 710526 ImuError.cpp:650] gyr saturation
W20250111 18:32:39.478538 710526 ImuError.cpp:650] gyr saturation
W20250111 18:32:39.478544 710526 ImuError.cpp:650] gyr saturation
W20250111 18:32:39.478549 710526 ImuError.cpp:650] gyr saturation
W20250111 18:32:39.478551 710526 ImuError.cpp:650] gyr saturation
W20250111 18:32:39.478557 710526 ImuError.cpp:650] gyr saturation
W20250111 18:32:39.478562 710526 ImuError.cpp:650] gyr saturation
W20250111 18:32:39.478569 710526 ImuError.cpp:650] gyr saturation
W20250111 18:32:39.478574 710526 ImuError.cpp:650] gyr saturation
W20250111 18:32:39.478579 710526 ImuError.cpp:650] gyr saturation
W20250111 18:32:39.478583 710526 ImuError.cpp:650] gyr saturation
W20250111 18:32:39.478588 710526 ImuError.cpp:650] gyr saturation
W20250111 18:32:39.478592 710526 ImuError.cpp:650] gyr saturation
W20250111 18:32:39.478600 710526 ImuError.cpp:650] gyr saturation
W20250111 18:32:39.478603 710526 ImuError.cpp:650] gyr saturation
W20250111 18:32:39.478607 710526 ImuError.cpp:650] gyr saturation
W20250111 18:32:39.478611 710526 ImuError.cpp:650] gyr saturation
W20250111 18:32:39.478615 710526 ImuError.cpp:650] gyr saturation
W20250111 18:32:39.478621 710526 ImuError.cpp:650] gyr saturation
W20250111 18:32:39.478626 710526 ImuError.cpp:650] gyr saturation
W20250111 18:32:39.478631 710526 ImuError.cpp:650] gyr saturation
W20250111 18:32:39.478634 710526 ImuError.cpp:650] gyr saturation
W20250111 18:32:39.478638 710526 ImuError.cpp:650] gyr saturation
W20250111 18:32:39.478642 710526 ImuError.cpp:650] gyr saturation
W20250111 18:32:39.478646 710526 ImuError.cpp:650] gyr saturation
W20250111 18:32:39.478649 710526 ImuError.cpp:650] gyr saturation
W20250111 18:32:39.478652 710526 ImuError.cpp:650] gyr saturation
W20250111 18:32:39.478695 710526 ImuError.cpp:650] gyr saturation
W20250111 18:32:39.478699 710526 ImuError.cpp:650] gyr saturation
W20250111 18:32:39.478704 710526 ImuError.cpp:650] gyr saturation
W20250111 18:32:39.478708 710526 ImuError.cpp:650] gyr saturation
W20250111 18:32:39.478713 710526 ImuError.cpp:650] gyr saturation
W20250111 18:32:39.478716 710526 ImuError.cpp:650] gyr saturation
W20250111 18:32:39.478719 710526 ImuError.cpp:650] gyr saturation
W20250111 18:32:39.478724 710526 ImuError.cpp:650] gyr saturation
W20250111 18:32:39.478727 710526 ImuError.cpp:650] gyr saturation
W20250111 18:32:39.478731 710526 ImuError.cpp:650] gyr saturation
W20250111 18:32:39.478734 710526 ImuError.cpp:650] gyr saturation
W20250111 18:32:39.478739 710526 ImuError.cpp:650] gyr saturation
W20250111 18:32:39.478744 710526 ImuError.cpp:650] gyr saturation
W20250111 18:32:39.478746 710526 ImuError.cpp:650] gyr saturation
W20250111 18:32:39.478752 710526 ImuError.cpp:650] gyr saturation
W20250111 18:32:39.478755 710526 ImuError.cpp:650] gyr saturation
W20250111 18:32:39.478761 710526 ImuError.cpp:650] gyr saturation
W20250111 18:32:39.478766 710526 ImuError.cpp:650] gyr saturation
W20250111 18:32:39.478770 710526 ImuError.cpp:650] gyr saturation
W20250111 18:32:39.478773 710526 ImuError.cpp:650] gyr saturation
W20250111 18:32:39.478777 710526 ImuError.cpp:650] gyr saturation
W20250111 18:32:39.478781 710526 ImuError.cpp:650] gyr saturation
W20250111 18:32:39.478788 710526 ImuError.cpp:650] gyr saturation
W20250111 18:32:39.478792 710526 ImuError.cpp:650] gyr saturation
W20250111 18:32:39.478798 710526 ImuError.cpp:650] gyr saturation
W20250111 18:32:39.478801 710526 ImuError.cpp:650] gyr saturation
W20250111 18:32:39.478806 710526 ImuError.cpp:650] gyr saturation
W20250111 18:32:39.478809 710526 ImuError.cpp:650] gyr saturation
W20250111 18:32:39.478816 710526 ImuError.cpp:650] gyr saturation
W20250111 18:32:39.478819 710526 ImuError.cpp:650] gyr saturation
W20250111 18:32:39.478823 710526 ImuError.cpp:650] gyr saturation
W20250111 18:32:39.479271 710526 Frontend.cpp:615] 3d2d tracking lost. Number of 3d2d-matches: 2
W20250111 18:32:39.479825 710526 ImuError.cpp:650] gyr saturation
W20250111 18:32:39.479836 710526 ImuError.cpp:650] gyr saturation
W20250111 18:32:39.479841 710526 ImuError.cpp:650] gyr saturation
W20250111 18:32:39.479846 710526 ImuError.cpp:650] gyr saturation
W20250111 18:32:39.479851 710526 ImuError.cpp:650] gyr saturation
W20250111 18:32:39.479856 710526 ImuError.cpp:650] gyr saturation
W20250111 18:32:39.479859 710526 ImuError.cpp:650] gyr saturation
W20250111 18:32:39.479862 710526 ImuError.cpp:650] gyr saturation
W20250111 18:32:39.479866 710526 ImuError.cpp:650] gyr saturation
W20250111 18:32:39.479872 710526 ImuError.cpp:650] gyr saturation
W20250111 18:32:39.479877 710526 ImuError.cpp:650] gyr saturation
W20250111 18:32:39.479882 710526 ImuError.cpp:650] gyr saturation
W20250111 18:32:39.479887 710526 ImuError.cpp:650] gyr saturation
W20250111 18:32:39.479890 710526 ImuError.cpp:650] gyr saturation
W20250111 18:32:39.479894 710526 ImuError.cpp:650] gyr saturation
W20250111 18:32:39.479899 710526 ImuError.cpp:650] gyr saturation
W20250111 18:32:39.479903 710526 ImuError.cpp:650] gyr saturation
W20250111 18:32:39.479908 710526 ImuError.cpp:650] gyr saturation
W20250111 18:32:39.479913 710526 ImuError.cpp:650] gyr saturation
W20250111 18:32:39.479918 710526 ImuError.cpp:650] gyr saturation
W20250111 18:32:39.479921 710526 ImuError.cpp:650] gyr saturation
W20250111 18:32:39.479925 710526 ImuError.cpp:650] gyr saturation
W20250111 18:32:39.479930 710526 ImuError.cpp:650] gyr saturation
W20250111 18:32:39.479935 710526 ImuError.cpp:650] gyr saturation
W20250111 18:32:39.479939 710526 ImuError.cpp:650] gyr saturation
W20250111 18:32:39.479944 710526 ImuError.cpp:650] gyr saturation
W20250111 18:32:39.479949 710526 ImuError.cpp:650] gyr saturation
W20250111 18:32:39.479954 710526 ImuError.cpp:650] gyr saturation
W20250111 18:32:39.479957 710526 ImuError.cpp:650] gyr saturation
W20250111 18:32:39.479961 710526 ImuError.cpp:650] gyr saturation
W20250111 18:32:39.479966 710526 ImuError.cpp:650] gyr saturation
W20250111 18:32:39.481237 927073 ImuError.cpp:368] gyr saturation
W20250111 18:32:39.481283 927073 ImuError.cpp:368] gyr saturation
W20250111 18:32:39.481299 927073 ImuError.cpp:368] gyr saturation
W20250111 18:32:39.481329 927073 ImuError.cpp:368] gyr saturation
W20250111 18:32:39.481350 927073 ImuError.cpp:368] gyr saturation
W20250111 18:32:39.481374 927073 ImuError.cpp:368] gyr saturation
W20250111 18:32:39.481390 927073 ImuError.cpp:368] gyr saturation
W20250111 18:32:39.481402 927073 ImuError.cpp:368] gyr saturation
W20250111 18:32:39.481415 927073 ImuError.cpp:368] gyr saturation
W20250111 18:32:39.481426 927073 ImuError.cpp:368] gyr saturation
W20250111 18:32:39.481437 927073 ImuError.cpp:368] gyr saturation
W20250111 18:32:39.481449 927073 ImuError.cpp:368] gyr saturation
W20250111 18:32:39.481462 927073 ImuError.cpp:368] gyr saturation
W20250111 18:32:39.481472 927073 ImuError.cpp:368] gyr saturation
W20250111 18:32:39.481488 927073 ImuError.cpp:368] gyr saturation
W20250111 18:32:39.481500 927073 ImuError.cpp:368] gyr saturation
W20250111 18:32:39.481511 927073 ImuError.cpp:368] gyr saturation
W20250111 18:32:39.481523 927073 ImuError.cpp:368] gyr saturation
W20250111 18:32:39.481534 927073 ImuError.cpp:368] gyr saturation
W20250111 18:32:39.481546 927073 ImuError.cpp:368] gyr saturation
W20250111 18:32:39.481562 927073 ImuError.cpp:368] gyr saturation
W20250111 18:32:39.481575 927073 ImuError.cpp:368] gyr saturation
W20250111 18:32:39.481588 927073 ImuError.cpp:368] gyr saturation
W20250111 18:32:39.481601 927073 ImuError.cpp:368] gyr saturation
W20250111 18:32:39.481612 927073 ImuError.cpp:368] gyr saturation
W20250111 18:32:39.481624 927073 ImuError.cpp:368] gyr saturation
W20250111 18:32:39.481635 927073 ImuError.cpp:368] gyr saturation
W20250111 18:32:39.481647 927073 ImuError.cpp:368] gyr saturation
W20250111 18:32:39.481658 927073 ImuError.cpp:368] gyr saturation
W20250111 18:32:39.481669 927073 ImuError.cpp:368] gyr saturation
W20250111 18:32:39.481681 927073 ImuError.cpp:368] gyr saturation
W20250111 18:32:39.490240 927073 ViSlamBackend.cpp:466] TRACKING FAILURE: quality=0
W20250111 18:32:39.491827 710526 Frontend.cpp:615] 3d2d tracking lost. Number of 3d2d-matches: 1
W20250111 18:32:39.502386 927107 ViSlamBackend.cpp:466] TRACKING FAILURE: quality=0
W20250111 18:32:39.502548 927107 ImuError.cpp:165] gyr saturation
W20250111 18:32:39.502566 927107 ImuError.cpp:165] gyr saturation
W20250111 18:32:39.502575 927107 ImuError.cpp:165] gyr saturation
W20250111 18:32:39.502583 927107 ImuError.cpp:165] gyr saturation
W20250111 18:32:39.502590 927107 ImuError.cpp:165] gyr saturation
W20250111 18:32:39.502599 927107 ImuError.cpp:165] gyr saturation
W20250111 18:32:39.502609 927107 ImuError.cpp:165] gyr saturation
W20250111 18:32:39.502619 927107 ImuError.cpp:165] gyr saturation
W20250111 18:32:39.502626 927107 ImuError.cpp:165] gyr saturation
W20250111 18:32:39.502635 927107 ImuError.cpp:165] gyr saturation
W20250111 18:32:39.502643 927107 ImuError.cpp:165] gyr saturation
W20250111 18:32:39.502650 927107 ImuError.cpp:165] gyr saturation
W20250111 18:32:39.502658 927107 ImuError.cpp:165] gyr saturation
W20250111 18:32:39.502666 927107 ImuError.cpp:165] gyr saturation
W20250111 18:32:39.502674 927107 ImuError.cpp:165] gyr saturation
W20250111 18:32:39.502682 927107 ImuError.cpp:165] gyr saturation
W20250111 18:32:39.502691 927107 ImuError.cpp:165] gyr saturation
W20250111 18:32:39.502701 927107 ImuError.cpp:165] gyr saturation
W20250111 18:32:39.502709 927107 ImuError.cpp:165] gyr saturation
W20250111 18:32:39.502717 927107 ImuError.cpp:165] gyr saturation
W20250111 18:32:39.502725 927107 ImuError.cpp:165] gyr saturation
W20250111 18:32:39.502733 927107 ImuError.cpp:165] gyr saturation
W20250111 18:32:39.502741 927107 ImuError.cpp:165] gyr saturation
W20250111 18:32:39.502749 927107 ImuError.cpp:165] gyr saturation
W20250111 18:32:39.502758 927107 ImuError.cpp:165] gyr saturation
W20250111 18:32:39.502764 927107 ImuError.cpp:165] gyr saturation
W20250111 18:32:39.502772 927107 ImuError.cpp:165] gyr saturation
W20250111 18:32:39.502780 927107 ImuError.cpp:165] gyr saturation
W20250111 18:32:39.502789 927107 ImuError.cpp:165] gyr saturation
W20250111 18:32:39.502796 927107 ImuError.cpp:165] gyr saturation
W20250111 18:32:39.502804 927107 ImuError.cpp:165] gyr saturation
W20250111 18:32:39.502812 927107 ImuError.cpp:165] gyr saturation
W20250111 18:32:39.502820 927107 ImuError.cpp:165] gyr saturation
W20250111 18:32:39.502828 927107 ImuError.cpp:165] gyr saturation
W20250111 18:32:39.502836 927107 ImuError.cpp:165] gyr saturation
W20250111 18:32:39.502885 927107 ImuError.cpp:165] gyr saturation
W20250111 18:32:39.502894 927107 ImuError.cpp:165] gyr saturation
W20250111 18:32:39.502902 927107 ImuError.cpp:165] gyr saturation
W20250111 18:32:39.502910 927107 ImuError.cpp:165] gyr saturation
W20250111 18:32:39.502918 927107 ImuError.cpp:165] gyr saturation
W20250111 18:32:39.502926 927107 ImuError.cpp:165] gyr saturation
W20250111 18:32:39.502938 927107 ImuError.cpp:165] gyr saturation
W20250111 18:32:39.502946 927107 ImuError.cpp:165] gyr saturation
W20250111 18:32:39.502954 927107 ImuError.cpp:165] gyr saturation
W20250111 18:32:39.502961 927107 ImuError.cpp:165] gyr saturation
W20250111 18:32:39.502969 927107 ImuError.cpp:165] gyr saturation
W20250111 18:32:39.502977 927107 ImuError.cpp:165] gyr saturation
W20250111 18:32:39.502993 927107 ImuError.cpp:165] gyr saturation
W20250111 18:32:39.503001 927107 ImuError.cpp:165] gyr saturation
W20250111 18:32:39.503010 927107 ImuError.cpp:165] gyr saturation
W20250111 18:32:39.503017 927107 ImuError.cpp:165] gyr saturation
W20250111 18:32:39.503024 927107 ImuError.cpp:165] gyr saturation
W20250111 18:32:39.503032 927107 ImuError.cpp:165] gyr saturation
W20250111 18:32:39.503041 927107 ImuError.cpp:165] gyr saturation
W20250111 18:32:39.503047 927107 ImuError.cpp:165] gyr saturation
W20250111 18:32:39.503055 927107 ImuError.cpp:165] gyr saturation
W20250111 18:32:39.503062 927107 ImuError.cpp:165] gyr saturation
W20250111 18:32:39.503070 927107 ImuError.cpp:165] gyr saturation
W20250111 18:32:39.503077 927107 ImuError.cpp:165] gyr saturation
W20250111 18:32:39.503085 927107 ImuError.cpp:165] gyr saturation
W20250111 18:32:39.503093 927107 ImuError.cpp:165] gyr saturation
W20250111 18:32:39.503100 927107 ImuError.cpp:165] gyr saturation
W20250111 18:32:39.503108 927107 ImuError.cpp:165] gyr saturation
W20250111 18:32:39.503116 927107 ImuError.cpp:165] gyr saturation
W20250111 18:32:39.503123 927107 ImuError.cpp:165] gyr saturation
W20250111 18:32:39.503131 927107 ImuError.cpp:165] gyr saturation
W20250111 18:32:39.503139 927107 ImuError.cpp:165] gyr saturation
W20250111 18:32:39.503146 927107 ImuError.cpp:165] gyr saturation
W20250111 18:32:39.503154 927107 ImuError.cpp:165] gyr saturation
W20250111 18:32:39.503161 927107 ImuError.cpp:165] gyr saturation
W20250111 18:32:39.504237 710526 Frontend.cpp:615] 3d2d tracking lost. Number of 3d2d-matches: 1
W20250111 18:32:39.515344 927149 ImuError.cpp:165] gyr saturation
W20250111 18:32:39.515388 927149 ImuError.cpp:165] gyr saturation
W20250111 18:32:39.515395 927149 ImuError.cpp:165] gyr saturation
W20250111 18:32:39.515405 927149 ImuError.cpp:165] gyr saturation
W20250111 18:32:39.515413 927149 ImuError.cpp:165] gyr saturation
W20250111 18:32:39.515421 927149 ImuError.cpp:165] gyr saturation
W20250111 18:32:39.515431 927149 ImuError.cpp:165] gyr saturation
W20250111 18:32:39.515439 927149 ImuError.cpp:165] gyr saturation
W20250111 18:32:39.515447 927149 ImuError.cpp:165] gyr saturation
W20250111 18:32:39.515455 927149 ImuError.cpp:165] gyr saturation
W20250111 18:32:39.515462 927149 ImuError.cpp:165] gyr saturation
W20250111 18:32:39.515470 927149 ImuError.cpp:165] gyr saturation
W20250111 18:32:39.515476 927149 ImuError.cpp:165] gyr saturation
W20250111 18:32:39.515484 927149 ImuError.cpp:165] gyr saturation
W20250111 18:32:39.515491 927149 ImuError.cpp:165] gyr saturation
W20250111 18:32:39.515498 927149 ImuError.cpp:165] gyr saturation
W20250111 18:32:39.515506 927149 ImuError.cpp:165] gyr saturation
W20250111 18:32:39.515513 927149 ImuError.cpp:165] gyr saturation
W20250111 18:32:39.515520 927149 ImuError.cpp:165] gyr saturation
W20250111 18:32:39.515528 927149 ImuError.cpp:165] gyr saturation
W20250111 18:32:39.515535 927149 ImuError.cpp:165] gyr saturation
W20250111 18:32:39.515543 927149 ImuError.cpp:165] gyr saturation
W20250111 18:32:39.515550 927149 ImuError.cpp:165] gyr saturation
W20250111 18:32:39.515559 927149 ImuError.cpp:165] gyr saturation
W20250111 18:32:39.515568 927149 ImuError.cpp:165] gyr saturation
W20250111 18:32:39.515574 927149 ImuError.cpp:165] gyr saturation
W20250111 18:32:39.515583 927149 ImuError.cpp:165] gyr saturation
W20250111 18:32:39.515590 927149 ImuError.cpp:165] gyr saturation
W20250111 18:32:39.515599 927149 ImuError.cpp:165] gyr saturation
W20250111 18:32:39.515606 927149 ImuError.cpp:165] gyr saturation
W20250111 18:32:39.515616 927149 ImuError.cpp:165] gyr saturation
W20250111 18:32:39.515674 927149 ImuError.cpp:165] gyr saturation
W20250111 18:32:39.515689 927149 ImuError.cpp:165] gyr saturation
W20250111 18:32:39.515697 927149 ImuError.cpp:165] gyr saturation
W20250111 18:32:39.515705 927149 ImuError.cpp:165] gyr saturation
W20250111 18:32:39.515712 927149 ImuError.cpp:165] gyr saturation
W20250111 18:32:39.515720 927149 ImuError.cpp:165] gyr saturation
W20250111 18:32:39.515728 927149 ImuError.cpp:165] gyr saturation
W20250111 18:32:39.515739 927149 ImuError.cpp:165] gyr saturation
W20250111 18:32:39.515748 927149 ImuError.cpp:165] gyr saturation
W20250111 18:32:39.515755 927149 ImuError.cpp:165] gyr saturation
W20250111 18:32:39.515763 927149 ImuError.cpp:165] gyr saturation
W20250111 18:32:39.515770 927149 ImuError.cpp:165] gyr saturation
W20250111 18:32:39.515779 927149 ImuError.cpp:165] gyr saturation
W20250111 18:32:39.515786 927149 ImuError.cpp:165] gyr saturation
W20250111 18:32:39.515794 927149 ImuError.cpp:165] gyr saturation
W20250111 18:32:39.515801 927149 ImuError.cpp:165] gyr saturation
W20250111 18:32:39.515810 927149 ImuError.cpp:165] gyr saturation
W20250111 18:32:39.515816 927149 ImuError.cpp:165] gyr saturation
W20250111 18:32:39.515825 927149 ImuError.cpp:165] gyr saturation
W20250111 18:32:39.515832 927149 ImuError.cpp:165] gyr saturation
W20250111 18:32:39.515839 927149 ImuError.cpp:165] gyr saturation
W20250111 18:32:39.515847 927149 ImuError.cpp:165] gyr saturation
W20250111 18:32:39.515856 927149 ImuError.cpp:165] gyr saturation
W20250111 18:32:39.515862 927149 ImuError.cpp:165] gyr saturation
W20250111 18:32:39.515870 927149 ImuError.cpp:165] gyr saturation
W20250111 18:32:39.515878 927149 ImuError.cpp:165] gyr saturation
W20250111 18:32:39.515885 927149 ImuError.cpp:165] gyr saturation
W20250111 18:32:39.515893 927149 ImuError.cpp:165] gyr saturation
W20250111 18:32:39.515900 927149 ImuError.cpp:165] gyr saturation
W20250111 18:32:39.515908 927149 ImuError.cpp:165] gyr saturation
W20250111 18:32:39.515915 927149 ImuError.cpp:165] gyr saturation
I20250111 18:32:40.422199 710526 okvis_app_synchronous.cpp:210] OKVIS Timing
-----------
1 DetectAndDescribe                	   3565	00:00:06.791215	(00:00:00.001905 +- 00:00:00.000345)	[00:00:00.000953,00:00:00.003588]
2 Match                            	   3565	00:00:24.260001	(00:00:00.006805 +- 00:00:00.002731)	[00:00:00.000197,00:00:00.016206]
2.01 match to map                  	   3564	00:00:17.692244	(00:00:00.004964 +- 00:00:00.002340)	[00:00:00.000053,00:00:00.013730]
2.02 match motion stereo           	   3564	00:00:04.629713	(00:00:00.001299 +- 00:00:00.000438)	[00:00:00.000053,00:00:00.004424]
2.02.1 match motion stereo: prepare	   3564	00:00:01.041134	(00:00:00.000292 +- 00:00:00.000114)	[00:00:00.000001,00:00:00.000779]
2.10 match stereo                  	    954	00:00:00.036510	(00:00:00.000038 +- 00:00:00.000046)	[00:00:00.000001,00:00:00.000428]
3 Optimise                         	   3564	00:00:56.658863	(00:00:00.015898 +- 00:00:00.009310)	[00:00:00.001187,00:00:00.090674]
4 Prepare publishing               	   3564	00:00:02.898801	(00:00:00.000813 +- 00:00:00.000331)	[00:00:00.000037,00:00:00.002241]
6 Visualising                      	   3564	00:00:00.000652	(00:00:00.000000 +- 00:00:00.000000)	[00:00:00.000000,00:00:00.000001]
7 Marginalise                      	   3564	00:00:06.292224	(00:00:00.001765 +- 00:00:00.000802)	[00:00:00.000006,00:00:00.006724]
7.1 check/handle lost              	   3564	00:00:00.106438	(00:00:00.000030 +- 00:00:00.000019)	[00:00:00.000000,00:00:00.000202]
7.2 eliminate IMU frames           	   3564	00:00:02.740381	(00:00:00.000769 +- 00:00:00.000549)	[00:00:00.000000,00:00:00.002857]
7.3 convert to posegraph           	   1237	00:00:00.986806	(00:00:00.000798 +- 00:00:00.000474)	[00:00:00.000123,00:00:00.004117]
7.4 freezing                       	   3563	00:00:00.003895	(00:00:00.000001 +- 00:00:00.000002)	[00:00:00.000000,00:00:00.000018]
7.6 expand                         	   3525	00:00:00.797201	(00:00:00.000226 +- 00:00:00.000139)	[00:00:00.000022,00:00:00.001899]
7.7 prune place recognition frames 	   3563	00:00:00.800546	(00:00:00.000225 +- 00:00:00.000125)	[00:00:00.000003,00:00:00.000882]
I20250111 18:32:40.422323 710526 okvis_app_synchronous.cpp:219] Progress: 66% (1 [1%/s], ETA: 34s)
I20250111 18:32:41.808907 710526 okvis_app_synchronous.cpp:210] OKVIS Timing
-----------
1 DetectAndDescribe                	   3619	00:00:06.886792	(00:00:00.001903 +- 00:00:00.000344)	[00:00:00.000953,00:00:00.003588]
2 Match                            	   3619	00:00:24.845632	(00:00:00.006865 +- 00:00:00.002767)	[00:00:00.000197,00:00:00.016206]
2.01 match to map                  	   3618	00:00:18.176646	(00:00:00.005024 +- 00:00:00.002386)	[00:00:00.000053,00:00:00.013730]
2.02 match motion stereo           	   3618	00:00:04.702360	(00:00:00.001300 +- 00:00:00.000435)	[00:00:00.000053,00:00:00.004424]
2.02.1 match motion stereo: prepare	   3618	00:00:01.055797	(00:00:00.000292 +- 00:00:00.000113)	[00:00:00.000001,00:00:00.000779]
2.10 match stereo                  	    964	00:00:00.036913	(00:00:00.000038 +- 00:00:00.000046)	[00:00:00.000001,00:00:00.000428]
3 Optimise                         	   3618	00:00:57.321372	(00:00:00.015843 +- 00:00:00.009253)	[00:00:00.001187,00:00:00.090674]
4 Prepare publishing               	   3618	00:00:02.938147	(00:00:00.000812 +- 00:00:00.000330)	[00:00:00.000037,00:00:00.002241]
6 Visualising                      	   3618	00:00:00.000662	(00:00:00.000000 +- 00:00:00.000000)	[00:00:00.000000,00:00:00.000001]
7 Marginalise                      	   3618	00:00:06.384804	(00:00:00.001765 +- 00:00:00.000799)	[00:00:00.000006,00:00:00.006724]
7.1 check/handle lost              	   3618	00:00:00.107800	(00:00:00.000030 +- 00:00:00.000019)	[00:00:00.000000,00:00:00.000202]
7.2 eliminate IMU frames           	   3618	00:00:02.783730	(00:00:00.000769 +- 00:00:00.000548)	[00:00:00.000000,00:00:00.002857]
7.3 convert to posegraph           	   1255	00:00:00.998905	(00:00:00.000796 +- 00:00:00.000472)	[00:00:00.000123,00:00:00.004117]
7.4 freezing                       	   3617	00:00:00.003942	(00:00:00.000001 +- 00:00:00.000002)	[00:00:00.000000,00:00:00.000018]
7.6 expand                         	   3579	00:00:00.809305	(00:00:00.000226 +- 00:00:00.000138)	[00:00:00.000022,00:00:00.001899]
7.7 prune place recognition frames 	   3617	00:00:00.812384	(00:00:00.000225 +- 00:00:00.000124)	[00:00:00.000003,00:00:00.000882]
I20250111 18:32:41.809036 710526 okvis_app_synchronous.cpp:219] Progress: 67% (1 [1%/s], ETA: 33s)
I20250111 18:32:42.543241 710526 Frontend.cpp:2274] RANSAC FAIL: 30 inliers, ratio = 0.681818
I20250111 18:32:43.167089 710526 Frontend.cpp:2274] RANSAC FAIL: 24 inliers, ratio = 0.666667
I20250111 18:32:43.177357 710526 okvis_app_synchronous.cpp:210] OKVIS Timing
-----------
1 DetectAndDescribe                	   3673	00:00:06.989501	(00:00:00.001903 +- 00:00:00.000342)	[00:00:00.000953,00:00:00.003588]
2 Match                            	   3673	00:00:25.434308	(00:00:00.006925 +- 00:00:00.002804)	[00:00:00.000197,00:00:00.016206]
2.01 match to map                  	   3672	00:00:18.653060	(00:00:00.005080 +- 00:00:00.002427)	[00:00:00.000053,00:00:00.013730]
2.02 match motion stereo           	   3672	00:00:04.783306	(00:00:00.001303 +- 00:00:00.000434)	[00:00:00.000053,00:00:00.004424]
2.02.1 match motion stereo: prepare	   3672	00:00:01.072453	(00:00:00.000292 +- 00:00:00.000113)	[00:00:00.000001,00:00:00.000779]
2.10 match stereo                  	    985	00:00:00.037520	(00:00:00.000038 +- 00:00:00.000046)	[00:00:00.000001,00:00:00.000428]
3 Optimise                         	   3672	00:00:57.968412	(00:00:00.015787 +- 00:00:00.009202)	[00:00:00.001187,00:00:00.090674]
4 Prepare publishing               	   3672	00:00:02.978299	(00:00:00.000811 +- 00:00:00.000328)	[00:00:00.000037,00:00:00.002241]
6 Visualising                      	   3672	00:00:00.000670	(00:00:00.000000 +- 00:00:00.000000)	[00:00:00.000000,00:00:00.000001]
7 Marginalise                      	   3672	00:00:06.470435	(00:00:00.001762 +- 00:00:00.000794)	[00:00:00.000006,00:00:00.006724]
7.1 check/handle lost              	   3672	00:00:00.109041	(00:00:00.000030 +- 00:00:00.000019)	[00:00:00.000000,00:00:00.000202]
7.2 eliminate IMU frames           	   3672	00:00:02.818426	(00:00:00.000768 +- 00:00:00.000547)	[00:00:00.000000,00:00:00.002857]
7.3 convert to posegraph           	   1275	00:00:01.015055	(00:00:00.000796 +- 00:00:00.000469)	[00:00:00.000123,00:00:00.004117]
7.4 freezing                       	   3671	00:00:00.003997	(00:00:00.000001 +- 00:00:00.000002)	[00:00:00.000000,00:00:00.000018]
7.6 expand                         	   3633	00:00:00.819804	(00:00:00.000226 +- 00:00:00.000137)	[00:00:00.000022,00:00:00.001899]
7.7 prune place recognition frames 	   3671	00:00:00.823039	(00:00:00.000224 +- 00:00:00.000123)	[00:00:00.000003,00:00:00.000882]
I20250111 18:32:43.177549 710526 okvis_app_synchronous.cpp:219] Progress: 68% (1 [1%/s], ETA: 32s)
I20250111 18:32:44.913023 710526 okvis_app_synchronous.cpp:210] OKVIS Timing
-----------
1 DetectAndDescribe                	   3727	00:00:07.097136	(00:00:00.001904 +- 00:00:00.000340)	[00:00:00.000953,00:00:00.003588]
2 Match                            	   3727	00:00:26.129993	(00:00:00.007011 +- 00:00:00.002875)	[00:00:00.000197,00:00:00.016206]
2.01 match to map                  	   3726	00:00:19.222735	(00:00:00.005159 +- 00:00:00.002498)	[00:00:00.000053,00:00:00.013730]
2.02 match motion stereo           	   3726	00:00:04.874115	(00:00:00.001308 +- 00:00:00.000435)	[00:00:00.000053,00:00:00.004424]
2.02.1 match motion stereo: prepare	   3726	00:00:01.092264	(00:00:00.000293 +- 00:00:00.000112)	[00:00:00.000001,00:00:00.000779]
2.10 match stereo                  	   1003	00:00:00.038179	(00:00:00.000038 +- 00:00:00.000046)	[00:00:00.000001,00:00:00.000428]
3 Optimise                         	   3726	00:00:58.841933	(00:00:00.015792 +- 00:00:00.009146)	[00:00:00.001187,00:00:00.090674]
4 Prepare publishing               	   3726	00:00:03.027794	(00:00:00.000813 +- 00:00:00.000327)	[00:00:00.000037,00:00:00.002241]
6 Visualising                      	   3726	00:00:00.000678	(00:00:00.000000 +- 00:00:00.000000)	[00:00:00.000000,00:00:00.000001]
7 Marginalise                      	   3726	00:00:06.580030	(00:00:00.001766 +- 00:00:00.000792)	[00:00:00.000006,00:00:00.006724]
7.1 check/handle lost              	   3726	00:00:00.110662	(00:00:00.000030 +- 00:00:00.000019)	[00:00:00.000000,00:00:00.000202]
7.2 eliminate IMU frames           	   3726	00:00:02.851419	(00:00:00.000765 +- 00:00:00.000547)	[00:00:00.000000,00:00:00.002857]
7.3 convert to posegraph           	   1305	00:00:01.044001	(00:00:00.000800 +- 00:00:00.000470)	[00:00:00.000123,00:00:00.004117]
7.4 freezing                       	   3725	00:00:00.004077	(00:00:00.000001 +- 00:00:00.000002)	[00:00:00.000000,00:00:00.000018]
7.6 expand                         	   3685	00:00:00.835070	(00:00:00.000227 +- 00:00:00.000137)	[00:00:00.000022,00:00:00.001899]
7.7 prune place recognition frames 	   3725	00:00:00.837639	(00:00:00.000225 +- 00:00:00.000123)	[00:00:00.000003,00:00:00.000882]
I20250111 18:32:44.913153 710526 okvis_app_synchronous.cpp:219] Progress: 69% (1 [1%/s], ETA: 31s)
I20250111 18:32:46.130120 710526 Frontend.cpp:2274] RANSAC FAIL: 9 inliers, ratio = 0.692308
W20250111 18:32:46.161758 710526 Frontend.cpp:612] 3d2d tracking weak: quality=0. Number of 3d2d-matches: 7
W20250111 18:32:46.174543 942347 ViSlamBackend.cpp:466] TRACKING FAILURE: quality=0
W20250111 18:32:46.184136 710526 Frontend.cpp:612] 3d2d tracking weak: quality=0. Number of 3d2d-matches: 5
W20250111 18:32:46.198091 942413 ViSlamBackend.cpp:466] TRACKING FAILURE: quality=0
I20250111 18:32:46.201067 710526 Frontend.cpp:2274] RANSAC FAIL: 9 inliers, ratio = 0.818182
I20250111 18:32:46.462872 710526 okvis_app_synchronous.cpp:210] OKVIS Timing
-----------
1 DetectAndDescribe                	   3781	00:00:07.202782	(00:00:00.001905 +- 00:00:00.000339)	[00:00:00.000953,00:00:00.003588]
2 Match                            	   3781	00:00:26.813920	(00:00:00.007092 +- 00:00:00.002937)	[00:00:00.000197,00:00:00.016206]
2.01 match to map                  	   3780	00:00:19.793246	(00:00:00.005236 +- 00:00:00.002567)	[00:00:00.000053,00:00:00.013730]
2.02 match motion stereo           	   3780	00:00:04.953411	(00:00:00.001310 +- 00:00:00.000433)	[00:00:00.000053,00:00:00.004424]
2.02.1 match motion stereo: prepare	   3780	00:00:01.110034	(00:00:00.000294 +- 00:00:00.000112)	[00:00:00.000001,00:00:00.000779]
2.10 match stereo                  	   1015	00:00:00.038365	(00:00:00.000038 +- 00:00:00.000045)	[00:00:00.000001,00:00:00.000428]
3 Optimise                         	   3780	00:00:59.548626	(00:00:00.015754 +- 00:00:00.009095)	[00:00:00.001187,00:00:00.090674]
4 Prepare publishing               	   3780	00:00:03.076411	(00:00:00.000814 +- 00:00:00.000327)	[00:00:00.000037,00:00:00.002241]
6 Visualising                      	   3780	00:00:00.000688	(00:00:00.000000 +- 00:00:00.000000)	[00:00:00.000000,00:00:00.000001]
7 Marginalise                      	   3780	00:00:06.683544	(00:00:00.001768 +- 00:00:00.000793)	[00:00:00.000006,00:00:00.006724]
7.1 check/handle lost              	   3780	00:00:00.112431	(00:00:00.000030 +- 00:00:00.000019)	[00:00:00.000000,00:00:00.000202]
7.2 eliminate IMU frames           	   3780	00:00:02.902035	(00:00:00.000768 +- 00:00:00.000548)	[00:00:00.000000,00:00:00.002857]
7.3 convert to posegraph           	   1318	00:00:01.054531	(00:00:00.000800 +- 00:00:00.000470)	[00:00:00.000123,00:00:00.004117]
7.4 freezing                       	   3779	00:00:00.004134	(00:00:00.000001 +- 00:00:00.000002)	[00:00:00.000000,00:00:00.000018]
7.6 expand                         	   3739	00:00:00.847954	(00:00:00.000227 +- 00:00:00.000138)	[00:00:00.000022,00:00:00.001899]
7.7 prune place recognition frames 	   3779	00:00:00.851866	(00:00:00.000225 +- 00:00:00.000123)	[00:00:00.000003,00:00:00.000882]
I20250111 18:32:46.463021 710526 okvis_app_synchronous.cpp:219] Progress: 70% (1 [1%/s], ETA: 30s)
W20250111 18:32:47.078661 710526 Frontend.cpp:612] 3d2d tracking weak: quality=0. Number of 3d2d-matches: 5
I20250111 18:32:47.752339 710526 okvis_app_synchronous.cpp:210] OKVIS Timing
-----------
1 DetectAndDescribe                	   3835	00:00:07.297386	(00:00:00.001903 +- 00:00:00.000338)	[00:00:00.000953,00:00:00.003588]
2 Match                            	   3835	00:00:27.436704	(00:00:00.007154 +- 00:00:00.002966)	[00:00:00.000197,00:00:00.016206]
2.01 match to map                  	   3834	00:00:20.310075	(00:00:00.005297 +- 00:00:00.002602)	[00:00:00.000053,00:00:00.013730]
2.02 match motion stereo           	   3834	00:00:05.031808	(00:00:00.001312 +- 00:00:00.000432)	[00:00:00.000053,00:00:00.004424]
2.02.1 match motion stereo: prepare	   3834	00:00:01.124030	(00:00:00.000293 +- 00:00:00.000111)	[00:00:00.000001,00:00:00.000779]
2.10 match stereo                  	   1031	00:00:00.038684	(00:00:00.000038 +- 00:00:00.000045)	[00:00:00.000001,00:00:00.000428]
3 Optimise                         	   3834	00:01:00.095629	(00:00:00.015674 +- 00:00:00.009062)	[00:00:00.001187,00:00:00.090674]
4 Prepare publishing               	   3834	00:00:03.107584	(00:00:00.000811 +- 00:00:00.000327)	[00:00:00.000037,00:00:00.002241]
6 Visualising                      	   3834	00:00:00.000694	(00:00:00.000000 +- 00:00:00.000000)	[00:00:00.000000,00:00:00.000001]
7 Marginalise                      	   3834	00:00:06.764976	(00:00:00.001764 +- 00:00:00.000792)	[00:00:00.000006,00:00:00.006724]
7.1 check/handle lost              	   3834	00:00:00.113366	(00:00:00.000030 +- 00:00:00.000019)	[00:00:00.000000,00:00:00.000202]
7.2 eliminate IMU frames           	   3834	00:00:02.937593	(00:00:00.000766 +- 00:00:00.000547)	[00:00:00.000000,00:00:00.002857]
7.3 convert to posegraph           	   1341	00:00:01.069943	(00:00:00.000798 +- 00:00:00.000468)	[00:00:00.000123,00:00:00.004117]
7.4 freezing                       	   3833	00:00:00.004189	(00:00:00.000001 +- 00:00:00.000002)	[00:00:00.000000,00:00:00.000018]
7.6 expand                         	   3790	00:00:00.858207	(00:00:00.000226 +- 00:00:00.000138)	[00:00:00.000022,00:00:00.001899]
7.7 prune place recognition frames 	   3833	00:00:00.861327	(00:00:00.000225 +- 00:00:00.000124)	[00:00:00.000003,00:00:00.001074]
I20250111 18:32:47.752460 710526 okvis_app_synchronous.cpp:219] Progress: 71% (1 [1%/s], ETA: 29s)
W20250111 18:32:47.835157 710526 ImuError.cpp:650] gyr saturation
W20250111 18:32:47.835222 710526 ImuError.cpp:650] gyr saturation
W20250111 18:32:47.835234 710526 ImuError.cpp:650] gyr saturation
W20250111 18:32:47.835253 710526 ImuError.cpp:650] gyr saturation
W20250111 18:32:47.835259 710526 ImuError.cpp:650] gyr saturation
W20250111 18:32:47.835265 710526 ImuError.cpp:650] gyr saturation
W20250111 18:32:47.835271 710526 ImuError.cpp:650] gyr saturation
W20250111 18:32:47.835278 710526 ImuError.cpp:650] gyr saturation
W20250111 18:32:47.835282 710526 ImuError.cpp:650] gyr saturation
W20250111 18:32:47.835287 710526 ImuError.cpp:650] gyr saturation
W20250111 18:32:47.835294 710526 ImuError.cpp:650] gyr saturation
W20250111 18:32:47.835299 710526 ImuError.cpp:650] gyr saturation
W20250111 18:32:47.835304 710526 ImuError.cpp:650] gyr saturation
W20250111 18:32:47.844152 710526 ImuError.cpp:650] gyr saturation
W20250111 18:32:47.844211 710526 ImuError.cpp:650] gyr saturation
W20250111 18:32:47.844216 710526 ImuError.cpp:650] gyr saturation
W20250111 18:32:47.844223 710526 ImuError.cpp:650] gyr saturation
W20250111 18:32:47.844228 710526 ImuError.cpp:650] gyr saturation
W20250111 18:32:47.844234 710526 ImuError.cpp:650] gyr saturation
W20250111 18:32:47.844239 710526 ImuError.cpp:650] gyr saturation
W20250111 18:32:47.844246 710526 ImuError.cpp:650] gyr saturation
W20250111 18:32:47.844251 710526 ImuError.cpp:650] gyr saturation
W20250111 18:32:47.844256 710526 ImuError.cpp:650] gyr saturation
W20250111 18:32:47.844262 710526 ImuError.cpp:650] gyr saturation
W20250111 18:32:47.844275 710526 ImuError.cpp:650] gyr saturation
W20250111 18:32:47.844282 710526 ImuError.cpp:650] gyr saturation
W20250111 18:32:47.844431 710526 ImuError.cpp:650] gyr saturation
W20250111 18:32:47.844439 710526 ImuError.cpp:650] gyr saturation
W20250111 18:32:47.844444 710526 ImuError.cpp:650] gyr saturation
W20250111 18:32:47.844450 710526 ImuError.cpp:650] gyr saturation
W20250111 18:32:47.844456 710526 ImuError.cpp:650] gyr saturation
W20250111 18:32:47.844461 710526 ImuError.cpp:650] gyr saturation
W20250111 18:32:47.844467 710526 ImuError.cpp:650] gyr saturation
W20250111 18:32:47.844475 710526 ImuError.cpp:650] gyr saturation
W20250111 18:32:47.844480 710526 ImuError.cpp:650] gyr saturation
W20250111 18:32:47.844485 710526 ImuError.cpp:650] gyr saturation
W20250111 18:32:47.844491 710526 ImuError.cpp:650] gyr saturation
W20250111 18:32:47.844497 710526 ImuError.cpp:650] gyr saturation
W20250111 18:32:47.844504 710526 ImuError.cpp:650] gyr saturation
W20250111 18:32:47.848205 710526 ImuError.cpp:368] gyr saturation
W20250111 18:32:47.848284 710526 ImuError.cpp:368] gyr saturation
W20250111 18:32:47.848295 710526 ImuError.cpp:368] gyr saturation
W20250111 18:32:47.848306 710526 ImuError.cpp:368] gyr saturation
W20250111 18:32:47.848317 710526 ImuError.cpp:368] gyr saturation
W20250111 18:32:47.848330 710526 ImuError.cpp:368] gyr saturation
W20250111 18:32:47.848341 710526 ImuError.cpp:368] gyr saturation
W20250111 18:32:47.848352 710526 ImuError.cpp:368] gyr saturation
W20250111 18:32:47.848362 710526 ImuError.cpp:368] gyr saturation
W20250111 18:32:47.848373 710526 ImuError.cpp:368] gyr saturation
W20250111 18:32:47.848385 710526 ImuError.cpp:368] gyr saturation
W20250111 18:32:47.848397 710526 ImuError.cpp:368] gyr saturation
W20250111 18:32:47.848407 710526 ImuError.cpp:368] gyr saturation
W20250111 18:32:47.854462 710526 ImuError.cpp:650] gyr saturation
W20250111 18:32:47.854519 710526 ImuError.cpp:650] gyr saturation
W20250111 18:32:47.854526 710526 ImuError.cpp:650] gyr saturation
W20250111 18:32:47.854533 710526 ImuError.cpp:650] gyr saturation
W20250111 18:32:47.854539 710526 ImuError.cpp:650] gyr saturation
W20250111 18:32:47.854545 710526 ImuError.cpp:650] gyr saturation
W20250111 18:32:47.854552 710526 ImuError.cpp:650] gyr saturation
W20250111 18:32:47.854557 710526 ImuError.cpp:650] gyr saturation
W20250111 18:32:47.854562 710526 ImuError.cpp:650] gyr saturation
W20250111 18:32:47.854568 710526 ImuError.cpp:650] gyr saturation
W20250111 18:32:47.854576 710526 ImuError.cpp:650] gyr saturation
W20250111 18:32:47.854583 710526 ImuError.cpp:650] gyr saturation
W20250111 18:32:47.854588 710526 ImuError.cpp:650] gyr saturation
W20250111 18:32:47.854609 710526 ImuError.cpp:650] gyr saturation
W20250111 18:32:47.854617 710526 ImuError.cpp:650] gyr saturation
W20250111 18:32:47.854624 710526 ImuError.cpp:650] gyr saturation
W20250111 18:32:47.854631 710526 ImuError.cpp:650] gyr saturation
W20250111 18:32:47.854638 710526 ImuError.cpp:650] gyr saturation
W20250111 18:32:47.854643 710526 ImuError.cpp:650] gyr saturation
W20250111 18:32:47.854650 710526 ImuError.cpp:650] gyr saturation
W20250111 18:32:47.854656 710526 ImuError.cpp:650] gyr saturation
W20250111 18:32:47.854662 710526 ImuError.cpp:650] gyr saturation
W20250111 18:32:47.854667 710526 ImuError.cpp:650] gyr saturation
W20250111 18:32:47.854673 710526 ImuError.cpp:650] gyr saturation
W20250111 18:32:47.854679 710526 ImuError.cpp:650] gyr saturation
W20250111 18:32:47.854684 710526 ImuError.cpp:650] gyr saturation
W20250111 18:32:47.854691 710526 ImuError.cpp:650] gyr saturation
W20250111 18:32:47.854698 710526 ImuError.cpp:650] gyr saturation
W20250111 18:32:47.854703 710526 ImuError.cpp:650] gyr saturation
W20250111 18:32:47.854709 710526 ImuError.cpp:650] gyr saturation
W20250111 18:32:47.854717 710526 ImuError.cpp:650] gyr saturation
W20250111 18:32:47.854722 710526 ImuError.cpp:650] gyr saturation
W20250111 18:32:47.854727 710526 ImuError.cpp:650] gyr saturation
W20250111 18:32:47.854733 710526 ImuError.cpp:650] gyr saturation
W20250111 18:32:47.854740 710526 ImuError.cpp:650] gyr saturation
W20250111 18:32:47.854748 710526 ImuError.cpp:650] gyr saturation
W20250111 18:32:47.854753 710526 ImuError.cpp:650] gyr saturation
W20250111 18:32:47.854758 710526 ImuError.cpp:650] gyr saturation
W20250111 18:32:47.854764 710526 ImuError.cpp:650] gyr saturation
W20250111 18:32:47.854771 710526 ImuError.cpp:650] gyr saturation
W20250111 18:32:47.854777 710526 ImuError.cpp:650] gyr saturation
W20250111 18:32:47.854784 710526 ImuError.cpp:650] gyr saturation
W20250111 18:32:47.854789 710526 ImuError.cpp:650] gyr saturation
W20250111 18:32:47.854794 710526 ImuError.cpp:650] gyr saturation
W20250111 18:32:47.854801 710526 ImuError.cpp:650] gyr saturation
W20250111 18:32:47.854806 710526 ImuError.cpp:650] gyr saturation
W20250111 18:32:47.854812 710526 ImuError.cpp:650] gyr saturation
W20250111 18:32:47.864105 710526 ImuError.cpp:650] gyr saturation
W20250111 18:32:47.864149 710526 ImuError.cpp:650] gyr saturation
W20250111 18:32:47.864156 710526 ImuError.cpp:650] gyr saturation
W20250111 18:32:47.864161 710526 ImuError.cpp:650] gyr saturation
W20250111 18:32:47.864167 710526 ImuError.cpp:650] gyr saturation
W20250111 18:32:47.864174 710526 ImuError.cpp:650] gyr saturation
W20250111 18:32:47.864179 710526 ImuError.cpp:650] gyr saturation
W20250111 18:32:47.864184 710526 ImuError.cpp:650] gyr saturation
W20250111 18:32:47.864189 710526 ImuError.cpp:650] gyr saturation
W20250111 18:32:47.864195 710526 ImuError.cpp:650] gyr saturation
W20250111 18:32:47.864202 710526 ImuError.cpp:650] gyr saturation
W20250111 18:32:47.864208 710526 ImuError.cpp:650] gyr saturation
W20250111 18:32:47.864213 710526 ImuError.cpp:650] gyr saturation
W20250111 18:32:47.864218 710526 ImuError.cpp:650] gyr saturation
W20250111 18:32:47.864225 710526 ImuError.cpp:650] gyr saturation
W20250111 18:32:47.864231 710526 ImuError.cpp:650] gyr saturation
W20250111 18:32:47.864238 710526 ImuError.cpp:650] gyr saturation
W20250111 18:32:47.864243 710526 ImuError.cpp:650] gyr saturation
W20250111 18:32:47.864249 710526 ImuError.cpp:650] gyr saturation
W20250111 18:32:47.864254 710526 ImuError.cpp:650] gyr saturation
W20250111 18:32:47.864260 710526 ImuError.cpp:650] gyr saturation
W20250111 18:32:47.864266 710526 ImuError.cpp:650] gyr saturation
W20250111 18:32:47.864272 710526 ImuError.cpp:650] gyr saturation
W20250111 18:32:47.864277 710526 ImuError.cpp:650] gyr saturation
W20250111 18:32:47.864284 710526 ImuError.cpp:650] gyr saturation
W20250111 18:32:47.864288 710526 ImuError.cpp:650] gyr saturation
W20250111 18:32:47.864293 710526 ImuError.cpp:650] gyr saturation
W20250111 18:32:47.864298 710526 ImuError.cpp:650] gyr saturation
W20250111 18:32:47.864313 710526 ImuError.cpp:650] gyr saturation
W20250111 18:32:47.864321 710526 ImuError.cpp:650] gyr saturation
W20250111 18:32:47.864327 710526 ImuError.cpp:650] gyr saturation
W20250111 18:32:47.864333 710526 ImuError.cpp:650] gyr saturation
W20250111 18:32:47.864338 710526 ImuError.cpp:650] gyr saturation
W20250111 18:32:47.864344 710526 ImuError.cpp:650] gyr saturation
W20250111 18:32:47.864351 710526 ImuError.cpp:650] gyr saturation
W20250111 18:32:47.864405 710526 ImuError.cpp:650] gyr saturation
W20250111 18:32:47.864411 710526 ImuError.cpp:650] gyr saturation
W20250111 18:32:47.864416 710526 ImuError.cpp:650] gyr saturation
W20250111 18:32:47.864423 710526 ImuError.cpp:650] gyr saturation
W20250111 18:32:47.864428 710526 ImuError.cpp:650] gyr saturation
W20250111 18:32:47.864434 710526 ImuError.cpp:650] gyr saturation
W20250111 18:32:47.864439 710526 ImuError.cpp:650] gyr saturation
W20250111 18:32:47.864444 710526 ImuError.cpp:650] gyr saturation
W20250111 18:32:47.864450 710526 ImuError.cpp:650] gyr saturation
W20250111 18:32:47.864455 710526 ImuError.cpp:650] gyr saturation
W20250111 18:32:47.864461 710526 ImuError.cpp:650] gyr saturation
W20250111 18:32:47.864466 710526 ImuError.cpp:650] gyr saturation
W20250111 18:32:47.864472 710526 ImuError.cpp:650] gyr saturation
W20250111 18:32:47.864477 710526 ImuError.cpp:650] gyr saturation
W20250111 18:32:47.864482 710526 ImuError.cpp:650] gyr saturation
W20250111 18:32:47.864490 710526 ImuError.cpp:650] gyr saturation
W20250111 18:32:47.864495 710526 ImuError.cpp:650] gyr saturation
W20250111 18:32:47.864501 710526 ImuError.cpp:650] gyr saturation
W20250111 18:32:47.864506 710526 ImuError.cpp:650] gyr saturation
W20250111 18:32:47.864512 710526 ImuError.cpp:650] gyr saturation
W20250111 18:32:47.864518 710526 ImuError.cpp:650] gyr saturation
W20250111 18:32:47.864524 710526 ImuError.cpp:650] gyr saturation
W20250111 18:32:47.864531 710526 ImuError.cpp:650] gyr saturation
W20250111 18:32:47.864537 710526 ImuError.cpp:650] gyr saturation
W20250111 18:32:47.864542 710526 ImuError.cpp:650] gyr saturation
W20250111 18:32:47.864547 710526 ImuError.cpp:650] gyr saturation
W20250111 18:32:47.864552 710526 ImuError.cpp:650] gyr saturation
W20250111 18:32:47.864558 710526 ImuError.cpp:650] gyr saturation
W20250111 18:32:47.864563 710526 ImuError.cpp:650] gyr saturation
W20250111 18:32:47.864568 710526 ImuError.cpp:650] gyr saturation
W20250111 18:32:47.864574 710526 ImuError.cpp:650] gyr saturation
W20250111 18:32:47.864579 710526 ImuError.cpp:650] gyr saturation
W20250111 18:32:47.864585 710526 ImuError.cpp:650] gyr saturation
W20250111 18:32:47.864590 710526 ImuError.cpp:650] gyr saturation
W20250111 18:32:47.864598 710526 ImuError.cpp:650] gyr saturation
W20250111 18:32:47.868484 710526 ImuError.cpp:368] gyr saturation
W20250111 18:32:47.868558 710526 ImuError.cpp:368] gyr saturation
W20250111 18:32:47.868570 710526 ImuError.cpp:368] gyr saturation
W20250111 18:32:47.868582 710526 ImuError.cpp:368] gyr saturation
W20250111 18:32:47.868592 710526 ImuError.cpp:368] gyr saturation
W20250111 18:32:47.868603 710526 ImuError.cpp:368] gyr saturation
W20250111 18:32:47.868614 710526 ImuError.cpp:368] gyr saturation
W20250111 18:32:47.868625 710526 ImuError.cpp:368] gyr saturation
W20250111 18:32:47.868636 710526 ImuError.cpp:368] gyr saturation
W20250111 18:32:47.868647 710526 ImuError.cpp:368] gyr saturation
W20250111 18:32:47.868659 710526 ImuError.cpp:368] gyr saturation
W20250111 18:32:47.868669 710526 ImuError.cpp:368] gyr saturation
W20250111 18:32:47.868680 710526 ImuError.cpp:368] gyr saturation
W20250111 18:32:47.868690 710526 ImuError.cpp:368] gyr saturation
W20250111 18:32:47.868701 710526 ImuError.cpp:368] gyr saturation
W20250111 18:32:47.868711 710526 ImuError.cpp:368] gyr saturation
W20250111 18:32:47.868722 710526 ImuError.cpp:368] gyr saturation
W20250111 18:32:47.868733 710526 ImuError.cpp:368] gyr saturation
W20250111 18:32:47.868743 710526 ImuError.cpp:368] gyr saturation
W20250111 18:32:47.868754 710526 ImuError.cpp:368] gyr saturation
W20250111 18:32:47.868782 710526 ImuError.cpp:368] gyr saturation
W20250111 18:32:47.868794 710526 ImuError.cpp:368] gyr saturation
W20250111 18:32:47.868808 710526 ImuError.cpp:368] gyr saturation
W20250111 18:32:47.868817 710526 ImuError.cpp:368] gyr saturation
W20250111 18:32:47.868829 710526 ImuError.cpp:368] gyr saturation
W20250111 18:32:47.868839 710526 ImuError.cpp:368] gyr saturation
W20250111 18:32:47.868850 710526 ImuError.cpp:368] gyr saturation
W20250111 18:32:47.868860 710526 ImuError.cpp:368] gyr saturation
W20250111 18:32:47.868871 710526 ImuError.cpp:368] gyr saturation
W20250111 18:32:47.868882 710526 ImuError.cpp:368] gyr saturation
W20250111 18:32:47.868892 710526 ImuError.cpp:368] gyr saturation
W20250111 18:32:47.868903 710526 ImuError.cpp:368] gyr saturation
W20250111 18:32:47.868914 710526 ImuError.cpp:368] gyr saturation
W20250111 18:32:47.868924 710526 ImuError.cpp:368] gyr saturation
W20250111 18:32:47.868935 710526 ImuError.cpp:368] gyr saturation
W20250111 18:32:47.875303 710526 ImuError.cpp:650] gyr saturation
W20250111 18:32:47.875360 710526 ImuError.cpp:650] gyr saturation
W20250111 18:32:47.875366 710526 ImuError.cpp:650] gyr saturation
W20250111 18:32:47.875375 710526 ImuError.cpp:650] gyr saturation
W20250111 18:32:47.875380 710526 ImuError.cpp:650] gyr saturation
W20250111 18:32:47.875385 710526 ImuError.cpp:650] gyr saturation
W20250111 18:32:47.875393 710526 ImuError.cpp:650] gyr saturation
W20250111 18:32:47.875409 710526 ImuError.cpp:650] gyr saturation
W20250111 18:32:47.875417 710526 ImuError.cpp:650] gyr saturation
W20250111 18:32:47.875424 710526 ImuError.cpp:650] gyr saturation
W20250111 18:32:47.875432 710526 ImuError.cpp:650] gyr saturation
W20250111 18:32:47.875437 710526 ImuError.cpp:650] gyr saturation
W20250111 18:32:47.875442 710526 ImuError.cpp:650] gyr saturation
W20250111 18:32:47.875448 710526 ImuError.cpp:650] gyr saturation
W20250111 18:32:47.875454 710526 ImuError.cpp:650] gyr saturation
W20250111 18:32:47.875460 710526 ImuError.cpp:650] gyr saturation
W20250111 18:32:47.875465 710526 ImuError.cpp:650] gyr saturation
W20250111 18:32:47.875470 710526 ImuError.cpp:650] gyr saturation
W20250111 18:32:47.875475 710526 ImuError.cpp:650] gyr saturation
W20250111 18:32:47.875481 710526 ImuError.cpp:650] gyr saturation
W20250111 18:32:47.875487 710526 ImuError.cpp:650] gyr saturation
W20250111 18:32:47.875494 710526 ImuError.cpp:650] gyr saturation
W20250111 18:32:47.875500 710526 ImuError.cpp:650] gyr saturation
W20250111 18:32:47.875505 710526 ImuError.cpp:650] gyr saturation
W20250111 18:32:47.875511 710526 ImuError.cpp:650] gyr saturation
W20250111 18:32:47.875517 710526 ImuError.cpp:650] gyr saturation
W20250111 18:32:47.875525 710526 ImuError.cpp:650] gyr saturation
W20250111 18:32:47.875530 710526 ImuError.cpp:650] gyr saturation
W20250111 18:32:47.875537 710526 ImuError.cpp:650] gyr saturation
W20250111 18:32:47.875543 710526 ImuError.cpp:650] gyr saturation
W20250111 18:32:47.875551 710526 ImuError.cpp:650] gyr saturation
W20250111 18:32:47.875557 710526 ImuError.cpp:650] gyr saturation
W20250111 18:32:47.875564 710526 ImuError.cpp:650] gyr saturation
W20250111 18:32:47.875571 710526 ImuError.cpp:650] gyr saturation
W20250111 18:32:47.875578 710526 ImuError.cpp:650] gyr saturation
W20250111 18:32:47.875584 710526 ImuError.cpp:650] gyr saturation
W20250111 18:32:47.875591 710526 ImuError.cpp:650] gyr saturation
W20250111 18:32:47.875598 710526 ImuError.cpp:650] gyr saturation
W20250111 18:32:47.875605 710526 ImuError.cpp:650] gyr saturation
W20250111 18:32:47.875612 710526 ImuError.cpp:650] gyr saturation
W20250111 18:32:47.875617 710526 ImuError.cpp:650] gyr saturation
W20250111 18:32:47.875623 710526 ImuError.cpp:650] gyr saturation
W20250111 18:32:47.875629 710526 ImuError.cpp:650] gyr saturation
W20250111 18:32:47.875636 710526 ImuError.cpp:650] gyr saturation
W20250111 18:32:47.875643 710526 ImuError.cpp:650] gyr saturation
W20250111 18:32:47.875649 710526 ImuError.cpp:650] gyr saturation
W20250111 18:32:47.875655 710526 ImuError.cpp:650] gyr saturation
W20250111 18:32:47.875661 710526 ImuError.cpp:650] gyr saturation
W20250111 18:32:47.875676 710526 ImuError.cpp:650] gyr saturation
W20250111 18:32:47.875685 710526 ImuError.cpp:650] gyr saturation
W20250111 18:32:47.875691 710526 ImuError.cpp:650] gyr saturation
W20250111 18:32:47.875697 710526 ImuError.cpp:650] gyr saturation
W20250111 18:32:47.875702 710526 ImuError.cpp:650] gyr saturation
W20250111 18:32:47.875707 710526 ImuError.cpp:650] gyr saturation
W20250111 18:32:47.875713 710526 ImuError.cpp:650] gyr saturation
W20250111 18:32:47.875718 710526 ImuError.cpp:650] gyr saturation
W20250111 18:32:47.875725 710526 ImuError.cpp:650] gyr saturation
W20250111 18:32:47.875730 710526 ImuError.cpp:650] gyr saturation
W20250111 18:32:47.875735 710526 ImuError.cpp:650] gyr saturation
W20250111 18:32:47.875741 710526 ImuError.cpp:650] gyr saturation
W20250111 18:32:47.875746 710526 ImuError.cpp:650] gyr saturation
W20250111 18:32:47.875751 710526 ImuError.cpp:650] gyr saturation
W20250111 18:32:47.875757 710526 ImuError.cpp:650] gyr saturation
W20250111 18:32:47.875763 710526 ImuError.cpp:650] gyr saturation
W20250111 18:32:47.875769 710526 ImuError.cpp:650] gyr saturation
W20250111 18:32:47.875775 710526 ImuError.cpp:650] gyr saturation
W20250111 18:32:47.875780 710526 ImuError.cpp:650] gyr saturation
W20250111 18:32:47.875787 710526 ImuError.cpp:650] gyr saturation
W20250111 18:32:47.888885 710526 ImuError.cpp:650] gyr saturation
W20250111 18:32:47.888960 710526 ImuError.cpp:650] gyr saturation
W20250111 18:32:47.888968 710526 ImuError.cpp:650] gyr saturation
W20250111 18:32:47.888974 710526 ImuError.cpp:650] gyr saturation
W20250111 18:32:47.888983 710526 ImuError.cpp:650] gyr saturation
W20250111 18:32:47.888993 710526 ImuError.cpp:650] gyr saturation
W20250111 18:32:47.888998 710526 ImuError.cpp:650] gyr saturation
W20250111 18:32:47.889005 710526 ImuError.cpp:650] gyr saturation
W20250111 18:32:47.889010 710526 ImuError.cpp:650] gyr saturation
W20250111 18:32:47.889016 710526 ImuError.cpp:650] gyr saturation
W20250111 18:32:47.889021 710526 ImuError.cpp:650] gyr saturation
W20250111 18:32:47.889026 710526 ImuError.cpp:650] gyr saturation
W20250111 18:32:47.889032 710526 ImuError.cpp:650] gyr saturation
W20250111 18:32:47.889037 710526 ImuError.cpp:650] gyr saturation
W20250111 18:32:47.889042 710526 ImuError.cpp:650] gyr saturation
W20250111 18:32:47.889047 710526 ImuError.cpp:650] gyr saturation
W20250111 18:32:47.889052 710526 ImuError.cpp:650] gyr saturation
W20250111 18:32:47.889057 710526 ImuError.cpp:650] gyr saturation
W20250111 18:32:47.889062 710526 ImuError.cpp:650] gyr saturation
W20250111 18:32:47.889067 710526 ImuError.cpp:650] gyr saturation
W20250111 18:32:47.889073 710526 ImuError.cpp:650] gyr saturation
W20250111 18:32:47.889078 710526 ImuError.cpp:650] gyr saturation
W20250111 18:32:47.889083 710526 ImuError.cpp:650] gyr saturation
W20250111 18:32:47.889088 710526 ImuError.cpp:650] gyr saturation
W20250111 18:32:47.889093 710526 ImuError.cpp:650] gyr saturation
W20250111 18:32:47.889098 710526 ImuError.cpp:650] gyr saturation
W20250111 18:32:47.889104 710526 ImuError.cpp:650] gyr saturation
W20250111 18:32:47.889109 710526 ImuError.cpp:650] gyr saturation
W20250111 18:32:47.889114 710526 ImuError.cpp:650] gyr saturation
W20250111 18:32:47.889119 710526 ImuError.cpp:650] gyr saturation
W20250111 18:32:47.889124 710526 ImuError.cpp:650] gyr saturation
W20250111 18:32:47.889129 710526 ImuError.cpp:650] gyr saturation
W20250111 18:32:47.889134 710526 ImuError.cpp:650] gyr saturation
W20250111 18:32:47.889139 710526 ImuError.cpp:650] gyr saturation
W20250111 18:32:47.889192 710526 ImuError.cpp:650] gyr saturation
W20250111 18:32:47.889199 710526 ImuError.cpp:650] gyr saturation
W20250111 18:32:47.889204 710526 ImuError.cpp:650] gyr saturation
W20250111 18:32:47.889209 710526 ImuError.cpp:650] gyr saturation
W20250111 18:32:47.889214 710526 ImuError.cpp:650] gyr saturation
W20250111 18:32:47.889219 710526 ImuError.cpp:650] gyr saturation
W20250111 18:32:47.889225 710526 ImuError.cpp:650] gyr saturation
W20250111 18:32:47.889230 710526 ImuError.cpp:650] gyr saturation
W20250111 18:32:47.889242 710526 ImuError.cpp:650] gyr saturation
W20250111 18:32:47.889247 710526 ImuError.cpp:650] gyr saturation
W20250111 18:32:47.889253 710526 ImuError.cpp:650] gyr saturation
W20250111 18:32:47.889258 710526 ImuError.cpp:650] gyr saturation
W20250111 18:32:47.889263 710526 ImuError.cpp:650] gyr saturation
W20250111 18:32:47.889268 710526 ImuError.cpp:650] gyr saturation
W20250111 18:32:47.889273 710526 ImuError.cpp:650] gyr saturation
W20250111 18:32:47.889278 710526 ImuError.cpp:650] gyr saturation
W20250111 18:32:47.889284 710526 ImuError.cpp:650] gyr saturation
W20250111 18:32:47.889289 710526 ImuError.cpp:650] gyr saturation
W20250111 18:32:47.889294 710526 ImuError.cpp:650] gyr saturation
W20250111 18:32:47.889299 710526 ImuError.cpp:650] gyr saturation
W20250111 18:32:47.889304 710526 ImuError.cpp:650] gyr saturation
W20250111 18:32:47.889309 710526 ImuError.cpp:650] gyr saturation
W20250111 18:32:47.889314 710526 ImuError.cpp:650] gyr saturation
W20250111 18:32:47.889319 710526 ImuError.cpp:650] gyr saturation
W20250111 18:32:47.889324 710526 ImuError.cpp:650] gyr saturation
W20250111 18:32:47.889329 710526 ImuError.cpp:650] gyr saturation
W20250111 18:32:47.889335 710526 ImuError.cpp:650] gyr saturation
W20250111 18:32:47.889340 710526 ImuError.cpp:650] gyr saturation
W20250111 18:32:47.889345 710526 ImuError.cpp:650] gyr saturation
W20250111 18:32:47.889351 710526 ImuError.cpp:650] gyr saturation
W20250111 18:32:47.889356 710526 ImuError.cpp:650] gyr saturation
W20250111 18:32:47.889362 710526 ImuError.cpp:650] gyr saturation
W20250111 18:32:47.889367 710526 ImuError.cpp:650] gyr saturation
W20250111 18:32:47.889372 710526 ImuError.cpp:650] gyr saturation
I20250111 18:32:47.890996 710526 Frontend.cpp:2274] RANSAC FAIL: 31 inliers, ratio = 0.659574
W20250111 18:32:47.893610 710526 ImuError.cpp:368] gyr saturation
W20250111 18:32:47.893685 710526 ImuError.cpp:368] gyr saturation
W20250111 18:32:47.893697 710526 ImuError.cpp:368] gyr saturation
W20250111 18:32:47.893708 710526 ImuError.cpp:368] gyr saturation
W20250111 18:32:47.893719 710526 ImuError.cpp:368] gyr saturation
W20250111 18:32:47.893730 710526 ImuError.cpp:368] gyr saturation
W20250111 18:32:47.893740 710526 ImuError.cpp:368] gyr saturation
W20250111 18:32:47.893751 710526 ImuError.cpp:368] gyr saturation
W20250111 18:32:47.893761 710526 ImuError.cpp:368] gyr saturation
W20250111 18:32:47.893772 710526 ImuError.cpp:368] gyr saturation
W20250111 18:32:47.893782 710526 ImuError.cpp:368] gyr saturation
W20250111 18:32:47.893793 710526 ImuError.cpp:368] gyr saturation
W20250111 18:32:47.893805 710526 ImuError.cpp:368] gyr saturation
W20250111 18:32:47.893815 710526 ImuError.cpp:368] gyr saturation
W20250111 18:32:47.893826 710526 ImuError.cpp:368] gyr saturation
W20250111 18:32:47.893836 710526 ImuError.cpp:368] gyr saturation
W20250111 18:32:47.893847 710526 ImuError.cpp:368] gyr saturation
W20250111 18:32:47.893858 710526 ImuError.cpp:368] gyr saturation
W20250111 18:32:47.893868 710526 ImuError.cpp:368] gyr saturation
W20250111 18:32:47.893879 710526 ImuError.cpp:368] gyr saturation
W20250111 18:32:47.893889 710526 ImuError.cpp:368] gyr saturation
W20250111 18:32:47.893900 710526 ImuError.cpp:368] gyr saturation
W20250111 18:32:47.893911 710526 ImuError.cpp:368] gyr saturation
W20250111 18:32:47.893922 710526 ImuError.cpp:368] gyr saturation
W20250111 18:32:47.893932 710526 ImuError.cpp:368] gyr saturation
W20250111 18:32:47.893944 710526 ImuError.cpp:368] gyr saturation
W20250111 18:32:47.893954 710526 ImuError.cpp:368] gyr saturation
W20250111 18:32:47.893965 710526 ImuError.cpp:368] gyr saturation
W20250111 18:32:47.893975 710526 ImuError.cpp:368] gyr saturation
W20250111 18:32:47.893985 710526 ImuError.cpp:368] gyr saturation
W20250111 18:32:47.893999 710526 ImuError.cpp:368] gyr saturation
W20250111 18:32:47.894011 710526 ImuError.cpp:368] gyr saturation
W20250111 18:32:47.894021 710526 ImuError.cpp:368] gyr saturation
W20250111 18:32:47.894032 710526 ImuError.cpp:368] gyr saturation
W20250111 18:32:47.900200 710526 ImuError.cpp:650] gyr saturation
W20250111 18:32:47.900260 710526 ImuError.cpp:650] gyr saturation
W20250111 18:32:47.900267 710526 ImuError.cpp:650] gyr saturation
W20250111 18:32:47.900274 710526 ImuError.cpp:650] gyr saturation
W20250111 18:32:47.900279 710526 ImuError.cpp:650] gyr saturation
W20250111 18:32:47.900286 710526 ImuError.cpp:650] gyr saturation
W20250111 18:32:47.900292 710526 ImuError.cpp:650] gyr saturation
W20250111 18:32:47.900298 710526 ImuError.cpp:650] gyr saturation
W20250111 18:32:47.900303 710526 ImuError.cpp:650] gyr saturation
W20250111 18:32:47.900310 710526 ImuError.cpp:650] gyr saturation
W20250111 18:32:47.900315 710526 ImuError.cpp:650] gyr saturation
W20250111 18:32:47.900321 710526 ImuError.cpp:650] gyr saturation
W20250111 18:32:47.900326 710526 ImuError.cpp:650] gyr saturation
W20250111 18:32:47.900332 710526 ImuError.cpp:650] gyr saturation
W20250111 18:32:47.900338 710526 ImuError.cpp:650] gyr saturation
W20250111 18:32:47.900344 710526 ImuError.cpp:650] gyr saturation
W20250111 18:32:47.900350 710526 ImuError.cpp:650] gyr saturation
W20250111 18:32:47.900357 710526 ImuError.cpp:650] gyr saturation
W20250111 18:32:47.900362 710526 ImuError.cpp:650] gyr saturation
W20250111 18:32:47.900369 710526 ImuError.cpp:650] gyr saturation
W20250111 18:32:47.900374 710526 ImuError.cpp:650] gyr saturation
W20250111 18:32:47.900381 710526 ImuError.cpp:650] gyr saturation
W20250111 18:32:47.900388 710526 ImuError.cpp:650] gyr saturation
W20250111 18:32:47.900404 710526 ImuError.cpp:650] gyr saturation
W20250111 18:32:47.900413 710526 ImuError.cpp:650] gyr saturation
W20250111 18:32:47.900418 710526 ImuError.cpp:650] gyr saturation
W20250111 18:32:47.900425 710526 ImuError.cpp:650] gyr saturation
W20250111 18:32:47.900430 710526 ImuError.cpp:650] gyr saturation
W20250111 18:32:47.900437 710526 ImuError.cpp:650] gyr saturation
W20250111 18:32:47.900444 710526 ImuError.cpp:650] gyr saturation
W20250111 18:32:47.900449 710526 ImuError.cpp:650] gyr saturation
W20250111 18:32:47.900458 710526 ImuError.cpp:650] gyr saturation
W20250111 18:32:47.900463 710526 ImuError.cpp:650] gyr saturation
W20250111 18:32:47.900470 710526 ImuError.cpp:650] gyr saturation
W20250111 18:32:47.900476 710526 ImuError.cpp:650] gyr saturation
W20250111 18:32:47.900482 710526 ImuError.cpp:650] gyr saturation
W20250111 18:32:47.900489 710526 ImuError.cpp:650] gyr saturation
W20250111 18:32:47.900496 710526 ImuError.cpp:650] gyr saturation
W20250111 18:32:47.900501 710526 ImuError.cpp:650] gyr saturation
W20250111 18:32:47.900508 710526 ImuError.cpp:650] gyr saturation
W20250111 18:32:47.900514 710526 ImuError.cpp:650] gyr saturation
W20250111 18:32:47.900519 710526 ImuError.cpp:650] gyr saturation
W20250111 18:32:47.900525 710526 ImuError.cpp:650] gyr saturation
W20250111 18:32:47.900530 710526 ImuError.cpp:650] gyr saturation
W20250111 18:32:47.900535 710526 ImuError.cpp:650] gyr saturation
W20250111 18:32:47.900542 710526 ImuError.cpp:650] gyr saturation
W20250111 18:32:47.900548 710526 ImuError.cpp:650] gyr saturation
W20250111 18:32:47.900554 710526 ImuError.cpp:650] gyr saturation
W20250111 18:32:47.900560 710526 ImuError.cpp:650] gyr saturation
W20250111 18:32:47.900565 710526 ImuError.cpp:650] gyr saturation
W20250111 18:32:47.900571 710526 ImuError.cpp:650] gyr saturation
W20250111 18:32:47.900578 710526 ImuError.cpp:650] gyr saturation
W20250111 18:32:47.900583 710526 ImuError.cpp:650] gyr saturation
W20250111 18:32:47.900589 710526 ImuError.cpp:650] gyr saturation
W20250111 18:32:47.900595 710526 ImuError.cpp:650] gyr saturation
W20250111 18:32:47.900601 710526 ImuError.cpp:650] gyr saturation
W20250111 18:32:47.900606 710526 ImuError.cpp:650] gyr saturation
W20250111 18:32:47.900614 710526 ImuError.cpp:650] gyr saturation
W20250111 18:32:47.900619 710526 ImuError.cpp:650] gyr saturation
W20250111 18:32:47.900625 710526 ImuError.cpp:650] gyr saturation
W20250111 18:32:47.900631 710526 ImuError.cpp:650] gyr saturation
W20250111 18:32:47.900638 710526 ImuError.cpp:650] gyr saturation
W20250111 18:32:47.900650 710526 ImuError.cpp:650] gyr saturation
W20250111 18:32:47.900658 710526 ImuError.cpp:650] gyr saturation
W20250111 18:32:47.900665 710526 ImuError.cpp:650] gyr saturation
W20250111 18:32:47.900671 710526 ImuError.cpp:650] gyr saturation
W20250111 18:32:47.914208 710526 ImuError.cpp:650] gyr saturation
W20250111 18:32:47.914261 710526 ImuError.cpp:650] gyr saturation
W20250111 18:32:47.914268 710526 ImuError.cpp:650] gyr saturation
W20250111 18:32:47.914274 710526 ImuError.cpp:650] gyr saturation
W20250111 18:32:47.914280 710526 ImuError.cpp:650] gyr saturation
W20250111 18:32:47.914285 710526 ImuError.cpp:650] gyr saturation
W20250111 18:32:47.914290 710526 ImuError.cpp:650] gyr saturation
W20250111 18:32:47.914296 710526 ImuError.cpp:650] gyr saturation
W20250111 18:32:47.914301 710526 ImuError.cpp:650] gyr saturation
W20250111 18:32:47.914306 710526 ImuError.cpp:650] gyr saturation
W20250111 18:32:47.914312 710526 ImuError.cpp:650] gyr saturation
W20250111 18:32:47.914317 710526 ImuError.cpp:650] gyr saturation
W20250111 18:32:47.914322 710526 ImuError.cpp:650] gyr saturation
W20250111 18:32:47.914327 710526 ImuError.cpp:650] gyr saturation
W20250111 18:32:47.914333 710526 ImuError.cpp:650] gyr saturation
W20250111 18:32:47.914338 710526 ImuError.cpp:650] gyr saturation
W20250111 18:32:47.914345 710526 ImuError.cpp:650] gyr saturation
W20250111 18:32:47.914350 710526 ImuError.cpp:650] gyr saturation
W20250111 18:32:47.914355 710526 ImuError.cpp:650] gyr saturation
W20250111 18:32:47.914367 710526 ImuError.cpp:650] gyr saturation
W20250111 18:32:47.914373 710526 ImuError.cpp:650] gyr saturation
W20250111 18:32:47.914378 710526 ImuError.cpp:650] gyr saturation
W20250111 18:32:47.914384 710526 ImuError.cpp:650] gyr saturation
W20250111 18:32:47.914390 710526 ImuError.cpp:650] gyr saturation
W20250111 18:32:47.914395 710526 ImuError.cpp:650] gyr saturation
W20250111 18:32:47.914402 710526 ImuError.cpp:650] gyr saturation
W20250111 18:32:47.914407 710526 ImuError.cpp:650] gyr saturation
W20250111 18:32:47.914412 710526 ImuError.cpp:650] gyr saturation
W20250111 18:32:47.914417 710526 ImuError.cpp:650] gyr saturation
W20250111 18:32:47.914422 710526 ImuError.cpp:650] gyr saturation
W20250111 18:32:47.914427 710526 ImuError.cpp:650] gyr saturation
W20250111 18:32:47.914433 710526 ImuError.cpp:650] gyr saturation
W20250111 18:32:47.914438 710526 ImuError.cpp:650] gyr saturation
W20250111 18:32:47.914484 710526 ImuError.cpp:650] gyr saturation
W20250111 18:32:47.914491 710526 ImuError.cpp:650] gyr saturation
W20250111 18:32:47.914496 710526 ImuError.cpp:650] gyr saturation
W20250111 18:32:47.914501 710526 ImuError.cpp:650] gyr saturation
W20250111 18:32:47.914507 710526 ImuError.cpp:650] gyr saturation
W20250111 18:32:47.914513 710526 ImuError.cpp:650] gyr saturation
W20250111 18:32:47.914520 710526 ImuError.cpp:650] gyr saturation
W20250111 18:32:47.914525 710526 ImuError.cpp:650] gyr saturation
W20250111 18:32:47.914530 710526 ImuError.cpp:650] gyr saturation
W20250111 18:32:47.914535 710526 ImuError.cpp:650] gyr saturation
W20250111 18:32:47.914541 710526 ImuError.cpp:650] gyr saturation
W20250111 18:32:47.914547 710526 ImuError.cpp:650] gyr saturation
W20250111 18:32:47.914554 710526 ImuError.cpp:650] gyr saturation
W20250111 18:32:47.914559 710526 ImuError.cpp:650] gyr saturation
W20250111 18:32:47.914564 710526 ImuError.cpp:650] gyr saturation
W20250111 18:32:47.914568 710526 ImuError.cpp:650] gyr saturation
W20250111 18:32:47.914572 710526 ImuError.cpp:650] gyr saturation
W20250111 18:32:47.914577 710526 ImuError.cpp:650] gyr saturation
W20250111 18:32:47.914583 710526 ImuError.cpp:650] gyr saturation
W20250111 18:32:47.914588 710526 ImuError.cpp:650] gyr saturation
W20250111 18:32:47.914593 710526 ImuError.cpp:650] gyr saturation
W20250111 18:32:47.914599 710526 ImuError.cpp:650] gyr saturation
W20250111 18:32:47.914604 710526 ImuError.cpp:650] gyr saturation
W20250111 18:32:47.914610 710526 ImuError.cpp:650] gyr saturation
W20250111 18:32:47.914616 710526 ImuError.cpp:650] gyr saturation
W20250111 18:32:47.914629 710526 ImuError.cpp:650] gyr saturation
W20250111 18:32:47.914636 710526 ImuError.cpp:650] gyr saturation
W20250111 18:32:47.914641 710526 ImuError.cpp:650] gyr saturation
W20250111 18:32:47.914646 710526 ImuError.cpp:650] gyr saturation
W20250111 18:32:47.914651 710526 ImuError.cpp:650] gyr saturation
W20250111 18:32:47.914656 710526 ImuError.cpp:650] gyr saturation
W20250111 18:32:47.914662 710526 ImuError.cpp:650] gyr saturation
W20250111 18:32:47.914669 710526 ImuError.cpp:650] gyr saturation
W20250111 18:32:47.918936 710526 ImuError.cpp:368] gyr saturation
W20250111 18:32:47.919046 710526 ImuError.cpp:368] gyr saturation
W20250111 18:32:47.919059 710526 ImuError.cpp:368] gyr saturation
W20250111 18:32:47.919070 710526 ImuError.cpp:368] gyr saturation
W20250111 18:32:47.919080 710526 ImuError.cpp:368] gyr saturation
W20250111 18:32:47.919091 710526 ImuError.cpp:368] gyr saturation
W20250111 18:32:47.919102 710526 ImuError.cpp:368] gyr saturation
W20250111 18:32:47.919113 710526 ImuError.cpp:368] gyr saturation
W20250111 18:32:47.919123 710526 ImuError.cpp:368] gyr saturation
W20250111 18:32:47.919134 710526 ImuError.cpp:368] gyr saturation
W20250111 18:32:47.919145 710526 ImuError.cpp:368] gyr saturation
W20250111 18:32:47.919155 710526 ImuError.cpp:368] gyr saturation
W20250111 18:32:47.919166 710526 ImuError.cpp:368] gyr saturation
W20250111 18:32:47.919176 710526 ImuError.cpp:368] gyr saturation
W20250111 18:32:47.919188 710526 ImuError.cpp:368] gyr saturation
W20250111 18:32:47.919209 710526 ImuError.cpp:368] gyr saturation
W20250111 18:32:47.919220 710526 ImuError.cpp:368] gyr saturation
W20250111 18:32:47.919230 710526 ImuError.cpp:368] gyr saturation
W20250111 18:32:47.919241 710526 ImuError.cpp:368] gyr saturation
W20250111 18:32:47.919251 710526 ImuError.cpp:368] gyr saturation
W20250111 18:32:47.919262 710526 ImuError.cpp:368] gyr saturation
W20250111 18:32:47.919272 710526 ImuError.cpp:368] gyr saturation
W20250111 18:32:47.919283 710526 ImuError.cpp:368] gyr saturation
W20250111 18:32:47.919294 710526 ImuError.cpp:368] gyr saturation
W20250111 18:32:47.919304 710526 ImuError.cpp:368] gyr saturation
W20250111 18:32:47.919315 710526 ImuError.cpp:368] gyr saturation
W20250111 18:32:47.919325 710526 ImuError.cpp:368] gyr saturation
W20250111 18:32:47.919337 710526 ImuError.cpp:368] gyr saturation
W20250111 18:32:47.919348 710526 ImuError.cpp:368] gyr saturation
W20250111 18:32:47.919358 710526 ImuError.cpp:368] gyr saturation
W20250111 18:32:47.919368 710526 ImuError.cpp:368] gyr saturation
W20250111 18:32:47.919378 710526 ImuError.cpp:368] gyr saturation
W20250111 18:32:47.919389 710526 ImuError.cpp:368] gyr saturation
W20250111 18:32:47.925292 710526 ImuError.cpp:650] gyr saturation
W20250111 18:32:47.925346 710526 ImuError.cpp:650] gyr saturation
W20250111 18:32:47.925354 710526 ImuError.cpp:650] gyr saturation
W20250111 18:32:47.925360 710526 ImuError.cpp:650] gyr saturation
W20250111 18:32:47.925365 710526 ImuError.cpp:650] gyr saturation
W20250111 18:32:47.925370 710526 ImuError.cpp:650] gyr saturation
W20250111 18:32:47.925376 710526 ImuError.cpp:650] gyr saturation
W20250111 18:32:47.925381 710526 ImuError.cpp:650] gyr saturation
W20250111 18:32:47.925387 710526 ImuError.cpp:650] gyr saturation
W20250111 18:32:47.925392 710526 ImuError.cpp:650] gyr saturation
W20250111 18:32:47.925400 710526 ImuError.cpp:650] gyr saturation
W20250111 18:32:47.925406 710526 ImuError.cpp:650] gyr saturation
W20250111 18:32:47.925412 710526 ImuError.cpp:650] gyr saturation
W20250111 18:32:47.925417 710526 ImuError.cpp:650] gyr saturation
W20250111 18:32:47.925423 710526 ImuError.cpp:650] gyr saturation
W20250111 18:32:47.925428 710526 ImuError.cpp:650] gyr saturation
W20250111 18:32:47.925433 710526 ImuError.cpp:650] gyr saturation
W20250111 18:32:47.925439 710526 ImuError.cpp:650] gyr saturation
W20250111 18:32:47.925446 710526 ImuError.cpp:650] gyr saturation
W20250111 18:32:47.925451 710526 ImuError.cpp:650] gyr saturation
W20250111 18:32:47.925458 710526 ImuError.cpp:650] gyr saturation
W20250111 18:32:47.925482 710526 ImuError.cpp:650] gyr saturation
W20250111 18:32:47.925489 710526 ImuError.cpp:650] gyr saturation
W20250111 18:32:47.925495 710526 ImuError.cpp:650] gyr saturation
W20250111 18:32:47.925501 710526 ImuError.cpp:650] gyr saturation
W20250111 18:32:47.925508 710526 ImuError.cpp:650] gyr saturation
W20250111 18:32:47.925513 710526 ImuError.cpp:650] gyr saturation
W20250111 18:32:47.925519 710526 ImuError.cpp:650] gyr saturation
W20250111 18:32:47.925524 710526 ImuError.cpp:650] gyr saturation
W20250111 18:32:47.925532 710526 ImuError.cpp:650] gyr saturation
W20250111 18:32:47.925539 710526 ImuError.cpp:650] gyr saturation
W20250111 18:32:47.925544 710526 ImuError.cpp:650] gyr saturation
W20250111 18:32:47.925551 710526 ImuError.cpp:650] gyr saturation
I20250111 18:32:47.943466 710526 Frontend.cpp:2274] RANSAC FAIL: 34 inliers, ratio = 0.666667
I20250111 18:32:49.461527 710526 okvis_app_synchronous.cpp:210] OKVIS Timing
-----------
1 DetectAndDescribe                	   3889	00:00:07.409036	(00:00:00.001905 +- 00:00:00.000337)	[00:00:00.000953,00:00:00.003588]
2 Match                            	   3889	00:00:28.183381	(00:00:00.007247 +- 00:00:00.003053)	[00:00:00.000197,00:00:00.016206]
2.01 match to map                  	   3888	00:00:20.934091	(00:00:00.005384 +- 00:00:00.002692)	[00:00:00.000053,00:00:00.013730]
2.02 match motion stereo           	   3888	00:00:05.117467	(00:00:00.001316 +- 00:00:00.000430)	[00:00:00.000053,00:00:00.004424]
2.02.1 match motion stereo: prepare	   3888	00:00:01.143954	(00:00:00.000294 +- 00:00:00.000111)	[00:00:00.000001,00:00:00.000779]
2.10 match stereo                  	   1044	00:00:00.039243	(00:00:00.000038 +- 00:00:00.000045)	[00:00:00.000001,00:00:00.000428]
3 Optimise                         	   3888	00:01:00.905418	(00:00:00.015665 +- 00:00:00.009013)	[00:00:00.001187,00:00:00.090674]
4 Prepare publishing               	   3888	00:00:03.156206	(00:00:00.000812 +- 00:00:00.000326)	[00:00:00.000037,00:00:00.002241]
6 Visualising                      	   3888	00:00:00.000703	(00:00:00.000000 +- 00:00:00.000000)	[00:00:00.000000,00:00:00.000001]
7 Marginalise                      	   3888	00:00:06.862191	(00:00:00.001765 +- 00:00:00.000789)	[00:00:00.000006,00:00:00.006724]
7.1 check/handle lost              	   3888	00:00:00.114965	(00:00:00.000030 +- 00:00:00.000019)	[00:00:00.000000,00:00:00.000202]
7.2 eliminate IMU frames           	   3888	00:00:02.978224	(00:00:00.000766 +- 00:00:00.000546)	[00:00:00.000000,00:00:00.002857]
7.3 convert to posegraph           	   1359	00:00:01.082232	(00:00:00.000796 +- 00:00:00.000466)	[00:00:00.000123,00:00:00.004117]
7.4 freezing                       	   3887	00:00:00.004238	(00:00:00.000001 +- 00:00:00.000002)	[00:00:00.000000,00:00:00.000018]
7.6 expand                         	   3844	00:00:00.872241	(00:00:00.000227 +- 00:00:00.000138)	[00:00:00.000022,00:00:00.001899]
7.7 prune place recognition frames 	   3887	00:00:00.875049	(00:00:00.000225 +- 00:00:00.000123)	[00:00:00.000003,00:00:00.001074]
I20250111 18:32:49.461665 710526 okvis_app_synchronous.cpp:219] Progress: 72% (1 [1%/s], ETA: 28s)
I20250111 18:32:51.214113 710526 okvis_app_synchronous.cpp:210] OKVIS Timing
-----------
1 DetectAndDescribe                	   3943	00:00:07.517304	(00:00:00.001906 +- 00:00:00.000335)	[00:00:00.000953,00:00:00.003588]
2 Match                            	   3943	00:00:28.985106	(00:00:00.007351 +- 00:00:00.003159)	[00:00:00.000197,00:00:00.016801]
2.01 match to map                  	   3942	00:00:21.600350	(00:00:00.005480 +- 00:00:00.002794)	[00:00:00.000053,00:00:00.014045]
2.02 match motion stereo           	   3942	00:00:05.211303	(00:00:00.001322 +- 00:00:00.000431)	[00:00:00.000053,00:00:00.004424]
2.02.1 match motion stereo: prepare	   3942	00:00:01.168311	(00:00:00.000296 +- 00:00:00.000112)	[00:00:00.000001,00:00:00.000779]
2.10 match stereo                  	   1050	00:00:00.039600	(00:00:00.000038 +- 00:00:00.000045)	[00:00:00.000001,00:00:00.000428]
3 Optimise                         	   3942	00:01:01.613926	(00:00:00.015630 +- 00:00:00.008961)	[00:00:00.001187,00:00:00.090674]
4 Prepare publishing               	   3942	00:00:03.219485	(00:00:00.000817 +- 00:00:00.000328)	[00:00:00.000037,00:00:00.002257]
6 Visualising                      	   3942	00:00:00.000712	(00:00:00.000000 +- 00:00:00.000000)	[00:00:00.000000,00:00:00.000001]
7 Marginalise                      	   3942	00:00:07.034138	(00:00:00.001784 +- 00:00:00.000818)	[00:00:00.000006,00:00:00.007468]
7.1 check/handle lost              	   3942	00:00:00.116908	(00:00:00.000030 +- 00:00:00.000019)	[00:00:00.000000,00:00:00.000202]
7.2 eliminate IMU frames           	   3942	00:00:03.038863	(00:00:00.000771 +- 00:00:00.000547)	[00:00:00.000000,00:00:00.002857]
7.3 convert to posegraph           	   1388	00:00:01.127783	(00:00:00.000813 +- 00:00:00.000481)	[00:00:00.000123,00:00:00.004117]
7.4 freezing                       	   3941	00:00:00.004291	(00:00:00.000001 +- 00:00:00.000002)	[00:00:00.000000,00:00:00.000018]
7.6 expand                         	   3898	00:00:00.895822	(00:00:00.000230 +- 00:00:00.000141)	[00:00:00.000022,00:00:00.001899]
7.7 prune place recognition frames 	   3941	00:00:00.895646	(00:00:00.000227 +- 00:00:00.000125)	[00:00:00.000003,00:00:00.001074]
I20250111 18:32:51.214282 710526 okvis_app_synchronous.cpp:219] Progress: 73% (1 [1%/s], ETA: 27s)
I20250111 18:32:53.002584 710526 okvis_app_synchronous.cpp:210] OKVIS Timing
-----------
1 DetectAndDescribe                	   3997	00:00:07.634087	(00:00:00.001910 +- 00:00:00.000335)	[00:00:00.000953,00:00:00.003588]
2 Match                            	   3997	00:00:29.768497	(00:00:00.007448 +- 00:00:00.003248)	[00:00:00.000197,00:00:00.017409]
2.01 match to map                  	   3996	00:00:22.250375	(00:00:00.005568 +- 00:00:00.002878)	[00:00:00.000053,00:00:00.014045]
2.02 match motion stereo           	   3996	00:00:05.303642	(00:00:00.001327 +- 00:00:00.000434)	[00:00:00.000053,00:00:00.004424]
2.02.1 match motion stereo: prepare	   3996	00:00:01.192432	(00:00:00.000298 +- 00:00:00.000114)	[00:00:00.000001,00:00:00.000779]
2.10 match stereo                  	   1052	00:00:00.039723	(00:00:00.000038 +- 00:00:00.000045)	[00:00:00.000001,00:00:00.000428]
3 Optimise                         	   3996	00:01:02.409429	(00:00:00.015618 +- 00:00:00.008904)	[00:00:00.001187,00:00:00.090674]
4 Prepare publishing               	   3996	00:00:03.271854	(00:00:00.000819 +- 00:00:00.000328)	[00:00:00.000037,00:00:00.002257]
6 Visualising                      	   3996	00:00:00.000720	(00:00:00.000000 +- 00:00:00.000000)	[00:00:00.000000,00:00:00.000001]
7 Marginalise                      	   3996	00:00:07.184079	(00:00:00.001798 +- 00:00:00.000830)	[00:00:00.000006,00:00:00.007468]
7.1 check/handle lost              	   3996	00:00:00.118645	(00:00:00.000030 +- 00:00:00.000019)	[00:00:00.000000,00:00:00.000202]
7.2 eliminate IMU frames           	   3996	00:00:03.096691	(00:00:00.000775 +- 00:00:00.000546)	[00:00:00.000000,00:00:00.002857]
7.3 convert to posegraph           	   1407	00:00:01.164453	(00:00:00.000828 +- 00:00:00.000500)	[00:00:00.000123,00:00:00.004117]
7.4 freezing                       	   3995	00:00:00.004318	(00:00:00.000001 +- 00:00:00.000002)	[00:00:00.000000,00:00:00.000018]
7.6 expand                         	   3937	00:00:00.914454	(00:00:00.000232 +- 00:00:00.000146)	[00:00:00.000022,00:00:00.001899]
7.7 prune place recognition frames 	   3995	00:00:00.914037	(00:00:00.000229 +- 00:00:00.000125)	[00:00:00.000003,00:00:00.001074]
I20250111 18:32:53.002743 710526 okvis_app_synchronous.cpp:219] Progress: 74% (1 [1%/s], ETA: 26s)
I20250111 18:32:53.273993 710526 Frontend.cpp:2274] RANSAC FAIL: 71 inliers, ratio = 0.696078
I20250111 18:32:54.807125 710526 okvis_app_synchronous.cpp:210] OKVIS Timing
-----------
1 DetectAndDescribe                	   4051	00:00:07.753298	(00:00:00.001914 +- 00:00:00.000335)	[00:00:00.000953,00:00:00.003588]
2 Match                            	   4051	00:00:30.585768	(00:00:00.007550 +- 00:00:00.003346)	[00:00:00.000197,00:00:00.018774]
2.01 match to map                  	   4050	00:00:22.926224	(00:00:00.005661 +- 00:00:00.002969)	[00:00:00.000053,00:00:00.014332]
2.02 match motion stereo           	   4050	00:00:05.401990	(00:00:00.001334 +- 00:00:00.000438)	[00:00:00.000053,00:00:00.004424]
2.02.1 match motion stereo: prepare	   4050	00:00:01.218322	(00:00:00.000301 +- 00:00:00.000116)	[00:00:00.000001,00:00:00.000944]
2.10 match stereo                  	   1056	00:00:00.040261	(00:00:00.000038 +- 00:00:00.000046)	[00:00:00.000001,00:00:00.000428]
3 Optimise                         	   4050	00:01:03.163984	(00:00:00.015596 +- 00:00:00.008850)	[00:00:00.001187,00:00:00.090674]
4 Prepare publishing               	   4050	00:00:03.332175	(00:00:00.000823 +- 00:00:00.000328)	[00:00:00.000037,00:00:00.002257]
6 Visualising                      	   4050	00:00:00.000728	(00:00:00.000000 +- 00:00:00.000000)	[00:00:00.000000,00:00:00.000001]
7 Marginalise                      	   4050	00:00:07.349170	(00:00:00.001815 +- 00:00:00.000850)	[00:00:00.000006,00:00:00.007468]
7.1 check/handle lost              	   4050	00:00:00.120637	(00:00:00.000030 +- 00:00:00.000019)	[00:00:00.000000,00:00:00.000202]
7.2 eliminate IMU frames           	   4050	00:00:03.158714	(00:00:00.000780 +- 00:00:00.000547)	[00:00:00.000000,00:00:00.002857]
7.3 convert to posegraph           	   1431	00:00:01.203105	(00:00:00.000841 +- 00:00:00.000516)	[00:00:00.000123,00:00:00.004117]
7.4 freezing                       	   4049	00:00:00.004360	(00:00:00.000001 +- 00:00:00.000002)	[00:00:00.000000,00:00:00.000018]
7.6 expand                         	   3981	00:00:00.935785	(00:00:00.000235 +- 00:00:00.000157)	[00:00:00.000022,00:00:00.003266]
7.7 prune place recognition frames 	   4049	00:00:00.935653	(00:00:00.000231 +- 00:00:00.000128)	[00:00:00.000003,00:00:00.001273]
I20250111 18:32:54.807286 710526 okvis_app_synchronous.cpp:219] Progress: 75% (1 [1%/s], ETA: 25s)
I20250111 18:32:55.260314 710526 Frontend.cpp:2274] RANSAC FAIL: 23 inliers, ratio = 0.69697
I20250111 18:32:55.311143 710526 Frontend.cpp:2274] RANSAC FAIL: 15 inliers, ratio = 0.625
I20250111 18:32:55.472236 710526 Frontend.cpp:2274] RANSAC FAIL: 60 inliers, ratio = 0.666667
I20250111 18:32:56.635560 710526 okvis_app_synchronous.cpp:210] OKVIS Timing
-----------
1 DetectAndDescribe                	   4106	00:00:07.866874	(00:00:00.001916 +- 00:00:00.000334)	[00:00:00.000953,00:00:00.003588]
2 Match                            	   4106	00:00:31.344342	(00:00:00.007634 +- 00:00:00.003404)	[00:00:00.000197,00:00:00.018774]
2.01 match to map                  	   4105	00:00:23.530115	(00:00:00.005732 +- 00:00:00.003014)	[00:00:00.000053,00:00:00.014332]
2.02 match motion stereo           	   4105	00:00:05.514666	(00:00:00.001343 +- 00:00:00.000444)	[00:00:00.000053,00:00:00.004424]
2.02.1 match motion stereo: prepare	   4105	00:00:01.241055	(00:00:00.000302 +- 00:00:00.000116)	[00:00:00.000001,00:00:00.000944]
2.10 match stereo                  	   1097	00:00:00.041768	(00:00:00.000038 +- 00:00:00.000045)	[00:00:00.000001,00:00:00.000428]
3 Optimise                         	   4105	00:01:04.067249	(00:00:00.015607 +- 00:00:00.008825)	[00:00:00.001187,00:00:00.090674]
4 Prepare publishing               	   4105	00:00:03.383022	(00:00:00.000824 +- 00:00:00.000329)	[00:00:00.000037,00:00:00.002257]
6 Visualising                      	   4105	00:00:00.000737	(00:00:00.000000 +- 00:00:00.000000)	[00:00:00.000000,00:00:00.000001]
7 Marginalise                      	   4105	00:00:07.457506	(00:00:00.001817 +- 00:00:00.000857)	[00:00:00.000006,00:00:00.008860]
7.1 check/handle lost              	   4105	00:00:00.121913	(00:00:00.000030 +- 00:00:00.000019)	[00:00:00.000000,00:00:00.000202]
7.2 eliminate IMU frames           	   4105	00:00:03.177612	(00:00:00.000774 +- 00:00:00.000549)	[00:00:00.000000,00:00:00.002857]
7.3 convert to posegraph           	   1472	00:00:01.247355	(00:00:00.000847 +- 00:00:00.000527)	[00:00:00.000123,00:00:00.005092]
7.4 freezing                       	   4104	00:00:00.004460	(00:00:00.000001 +- 00:00:00.000002)	[00:00:00.000000,00:00:00.000018]
7.6 expand                         	   4034	00:00:00.949332	(00:00:00.000235 +- 00:00:00.000156)	[00:00:00.000022,00:00:00.003266]
7.7 prune place recognition frames 	   4104	00:00:00.948563	(00:00:00.000231 +- 00:00:00.000127)	[00:00:00.000003,00:00:00.001273]
I20250111 18:32:56.635753 710526 okvis_app_synchronous.cpp:219] Progress: 76% (1 [1%/s], ETA: 24s)
W20250111 18:32:59.310914 710526 ImuError.cpp:650] gyr saturation
W20250111 18:32:59.310978 710526 ImuError.cpp:650] gyr saturation
W20250111 18:32:59.310994 710526 ImuError.cpp:650] gyr saturation
W20250111 18:32:59.311000 710526 ImuError.cpp:650] gyr saturation
W20250111 18:32:59.311007 710526 ImuError.cpp:650] gyr saturation
W20250111 18:32:59.311014 710526 ImuError.cpp:650] gyr saturation
W20250111 18:32:59.311019 710526 ImuError.cpp:650] gyr saturation
W20250111 18:32:59.311024 710526 ImuError.cpp:650] gyr saturation
W20250111 18:32:59.311030 710526 ImuError.cpp:650] gyr saturation
W20250111 18:32:59.311035 710526 ImuError.cpp:650] gyr saturation
W20250111 18:32:59.311041 710526 ImuError.cpp:650] gyr saturation
W20250111 18:32:59.311057 710526 ImuError.cpp:650] gyr saturation
W20250111 18:32:59.311064 710526 ImuError.cpp:650] gyr saturation
W20250111 18:32:59.311069 710526 ImuError.cpp:650] gyr saturation
W20250111 18:32:59.311074 710526 ImuError.cpp:650] gyr saturation
W20250111 18:32:59.311080 710526 ImuError.cpp:650] gyr saturation
W20250111 18:32:59.311086 710526 ImuError.cpp:650] gyr saturation
W20250111 18:32:59.347671 710526 ImuError.cpp:650] gyr saturation
W20250111 18:32:59.347723 710526 ImuError.cpp:650] gyr saturation
W20250111 18:32:59.347730 710526 ImuError.cpp:650] gyr saturation
W20250111 18:32:59.347735 710526 ImuError.cpp:650] gyr saturation
W20250111 18:32:59.347741 710526 ImuError.cpp:650] gyr saturation
W20250111 18:32:59.347745 710526 ImuError.cpp:650] gyr saturation
W20250111 18:32:59.347750 710526 ImuError.cpp:650] gyr saturation
W20250111 18:32:59.347755 710526 ImuError.cpp:650] gyr saturation
W20250111 18:32:59.347761 710526 ImuError.cpp:650] gyr saturation
W20250111 18:32:59.347766 710526 ImuError.cpp:650] gyr saturation
W20250111 18:32:59.347771 710526 ImuError.cpp:650] gyr saturation
W20250111 18:32:59.347776 710526 ImuError.cpp:650] gyr saturation
W20250111 18:32:59.347780 710526 ImuError.cpp:650] gyr saturation
W20250111 18:32:59.347785 710526 ImuError.cpp:650] gyr saturation
W20250111 18:32:59.347790 710526 ImuError.cpp:650] gyr saturation
W20250111 18:32:59.347795 710526 ImuError.cpp:650] gyr saturation
W20250111 18:32:59.347800 710526 ImuError.cpp:650] gyr saturation
W20250111 18:32:59.348357 710526 ImuError.cpp:650] gyr saturation
W20250111 18:32:59.348377 710526 ImuError.cpp:650] gyr saturation
W20250111 18:32:59.348384 710526 ImuError.cpp:650] gyr saturation
W20250111 18:32:59.348389 710526 ImuError.cpp:650] gyr saturation
W20250111 18:32:59.348394 710526 ImuError.cpp:650] gyr saturation
W20250111 18:32:59.348399 710526 ImuError.cpp:650] gyr saturation
W20250111 18:32:59.348405 710526 ImuError.cpp:650] gyr saturation
W20250111 18:32:59.348410 710526 ImuError.cpp:650] gyr saturation
W20250111 18:32:59.348415 710526 ImuError.cpp:650] gyr saturation
W20250111 18:32:59.348421 710526 ImuError.cpp:650] gyr saturation
W20250111 18:32:59.348426 710526 ImuError.cpp:650] gyr saturation
W20250111 18:32:59.348431 710526 ImuError.cpp:650] gyr saturation
W20250111 18:32:59.348438 710526 ImuError.cpp:650] gyr saturation
W20250111 18:32:59.348443 710526 ImuError.cpp:650] gyr saturation
W20250111 18:32:59.348448 710526 ImuError.cpp:650] gyr saturation
W20250111 18:32:59.348452 710526 ImuError.cpp:650] gyr saturation
W20250111 18:32:59.348457 710526 ImuError.cpp:650] gyr saturation
W20250111 18:32:59.354295 710526 ImuError.cpp:368] gyr saturation
W20250111 18:32:59.354365 710526 ImuError.cpp:368] gyr saturation
W20250111 18:32:59.354378 710526 ImuError.cpp:368] gyr saturation
W20250111 18:32:59.354389 710526 ImuError.cpp:368] gyr saturation
W20250111 18:32:59.354401 710526 ImuError.cpp:368] gyr saturation
W20250111 18:32:59.354411 710526 ImuError.cpp:368] gyr saturation
W20250111 18:32:59.354422 710526 ImuError.cpp:368] gyr saturation
W20250111 18:32:59.354434 710526 ImuError.cpp:368] gyr saturation
W20250111 18:32:59.354444 710526 ImuError.cpp:368] gyr saturation
W20250111 18:32:59.354454 710526 ImuError.cpp:368] gyr saturation
W20250111 18:32:59.354480 710526 ImuError.cpp:368] gyr saturation
W20250111 18:32:59.354493 710526 ImuError.cpp:368] gyr saturation
W20250111 18:32:59.354504 710526 ImuError.cpp:368] gyr saturation
W20250111 18:32:59.354516 710526 ImuError.cpp:368] gyr saturation
W20250111 18:32:59.354526 710526 ImuError.cpp:368] gyr saturation
W20250111 18:32:59.354537 710526 ImuError.cpp:368] gyr saturation
W20250111 18:32:59.354547 710526 ImuError.cpp:368] gyr saturation
W20250111 18:32:59.363586 710526 ImuError.cpp:650] gyr saturation
W20250111 18:32:59.363646 710526 ImuError.cpp:650] gyr saturation
W20250111 18:32:59.363655 710526 ImuError.cpp:650] gyr saturation
W20250111 18:32:59.363662 710526 ImuError.cpp:650] gyr saturation
W20250111 18:32:59.363668 710526 ImuError.cpp:650] gyr saturation
W20250111 18:32:59.363688 710526 ImuError.cpp:650] gyr saturation
W20250111 18:32:59.363695 710526 ImuError.cpp:650] gyr saturation
W20250111 18:32:59.363701 710526 ImuError.cpp:650] gyr saturation
W20250111 18:32:59.363708 710526 ImuError.cpp:650] gyr saturation
W20250111 18:32:59.363715 710526 ImuError.cpp:650] gyr saturation
W20250111 18:32:59.363721 710526 ImuError.cpp:650] gyr saturation
W20250111 18:32:59.363727 710526 ImuError.cpp:650] gyr saturation
W20250111 18:32:59.363734 710526 ImuError.cpp:650] gyr saturation
W20250111 18:32:59.363739 710526 ImuError.cpp:650] gyr saturation
W20250111 18:32:59.363745 710526 ImuError.cpp:650] gyr saturation
W20250111 18:32:59.363751 710526 ImuError.cpp:650] gyr saturation
W20250111 18:32:59.363757 710526 ImuError.cpp:650] gyr saturation
W20250111 18:32:59.363763 710526 ImuError.cpp:650] gyr saturation
W20250111 18:32:59.363770 710526 ImuError.cpp:650] gyr saturation
W20250111 18:32:59.363777 710526 ImuError.cpp:650] gyr saturation
W20250111 18:32:59.363785 710526 ImuError.cpp:650] gyr saturation
W20250111 18:32:59.363791 710526 ImuError.cpp:650] gyr saturation
W20250111 18:32:59.363797 710526 ImuError.cpp:650] gyr saturation
W20250111 18:32:59.363802 710526 ImuError.cpp:650] gyr saturation
W20250111 18:32:59.363812 710526 ImuError.cpp:650] gyr saturation
W20250111 18:32:59.363817 710526 ImuError.cpp:650] gyr saturation
W20250111 18:32:59.363826 710526 ImuError.cpp:650] gyr saturation
W20250111 18:32:59.363833 710526 ImuError.cpp:650] gyr saturation
W20250111 18:32:59.363839 710526 ImuError.cpp:650] gyr saturation
W20250111 18:32:59.363845 710526 ImuError.cpp:650] gyr saturation
W20250111 18:32:59.363853 710526 ImuError.cpp:650] gyr saturation
W20250111 18:32:59.363974 710526 ImuError.cpp:650] gyr saturation
W20250111 18:32:59.363984 710526 ImuError.cpp:650] gyr saturation
W20250111 18:32:59.364001 710526 ImuError.cpp:650] gyr saturation
W20250111 18:32:59.364007 710526 ImuError.cpp:650] gyr saturation
W20250111 18:32:59.364013 710526 ImuError.cpp:650] gyr saturation
W20250111 18:32:59.364019 710526 ImuError.cpp:650] gyr saturation
W20250111 18:32:59.364025 710526 ImuError.cpp:650] gyr saturation
W20250111 18:32:59.364032 710526 ImuError.cpp:650] gyr saturation
W20250111 18:32:59.364037 710526 ImuError.cpp:650] gyr saturation
W20250111 18:32:59.364041 710526 ImuError.cpp:650] gyr saturation
W20250111 18:32:59.364048 710526 ImuError.cpp:650] gyr saturation
W20250111 18:32:59.364053 710526 ImuError.cpp:650] gyr saturation
W20250111 18:32:59.364059 710526 ImuError.cpp:650] gyr saturation
W20250111 18:32:59.364066 710526 ImuError.cpp:650] gyr saturation
W20250111 18:32:59.364071 710526 ImuError.cpp:650] gyr saturation
W20250111 18:32:59.364077 710526 ImuError.cpp:650] gyr saturation
W20250111 18:32:59.364084 710526 ImuError.cpp:650] gyr saturation
W20250111 18:32:59.364091 710526 ImuError.cpp:650] gyr saturation
W20250111 18:32:59.364097 710526 ImuError.cpp:650] gyr saturation
W20250111 18:32:59.364104 710526 ImuError.cpp:650] gyr saturation
W20250111 18:32:59.385696 710526 ImuError.cpp:650] gyr saturation
W20250111 18:32:59.385761 710526 ImuError.cpp:650] gyr saturation
W20250111 18:32:59.385772 710526 ImuError.cpp:650] gyr saturation
W20250111 18:32:59.385778 710526 ImuError.cpp:650] gyr saturation
W20250111 18:32:59.385795 710526 ImuError.cpp:650] gyr saturation
W20250111 18:32:59.385802 710526 ImuError.cpp:650] gyr saturation
W20250111 18:32:59.385807 710526 ImuError.cpp:650] gyr saturation
W20250111 18:32:59.385812 710526 ImuError.cpp:650] gyr saturation
W20250111 18:32:59.385818 710526 ImuError.cpp:650] gyr saturation
W20250111 18:32:59.385823 710526 ImuError.cpp:650] gyr saturation
W20250111 18:32:59.385829 710526 ImuError.cpp:650] gyr saturation
W20250111 18:32:59.385835 710526 ImuError.cpp:650] gyr saturation
W20250111 18:32:59.385840 710526 ImuError.cpp:650] gyr saturation
W20250111 18:32:59.385846 710526 ImuError.cpp:650] gyr saturation
W20250111 18:32:59.385851 710526 ImuError.cpp:650] gyr saturation
W20250111 18:32:59.385856 710526 ImuError.cpp:650] gyr saturation
W20250111 18:32:59.385864 710526 ImuError.cpp:650] gyr saturation
W20250111 18:32:59.385870 710526 ImuError.cpp:650] gyr saturation
W20250111 18:32:59.385875 710526 ImuError.cpp:650] gyr saturation
W20250111 18:32:59.385881 710526 ImuError.cpp:650] gyr saturation
W20250111 18:32:59.385886 710526 ImuError.cpp:650] gyr saturation
W20250111 18:32:59.385892 710526 ImuError.cpp:650] gyr saturation
W20250111 18:32:59.385897 710526 ImuError.cpp:650] gyr saturation
W20250111 18:32:59.385902 710526 ImuError.cpp:650] gyr saturation
W20250111 18:32:59.385908 710526 ImuError.cpp:650] gyr saturation
W20250111 18:32:59.385913 710526 ImuError.cpp:650] gyr saturation
W20250111 18:32:59.385918 710526 ImuError.cpp:650] gyr saturation
W20250111 18:32:59.385924 710526 ImuError.cpp:650] gyr saturation
W20250111 18:32:59.385931 710526 ImuError.cpp:650] gyr saturation
W20250111 18:32:59.385936 710526 ImuError.cpp:650] gyr saturation
W20250111 18:32:59.385941 710526 ImuError.cpp:650] gyr saturation
W20250111 18:32:59.385944 710526 ImuError.cpp:650] gyr saturation
W20250111 18:32:59.385950 710526 ImuError.cpp:650] gyr saturation
W20250111 18:32:59.385955 710526 ImuError.cpp:650] gyr saturation
W20250111 18:32:59.385960 710526 ImuError.cpp:650] gyr saturation
W20250111 18:32:59.386118 710526 ImuError.cpp:650] gyr saturation
W20250111 18:32:59.386132 710526 ImuError.cpp:650] gyr saturation
W20250111 18:32:59.386137 710526 ImuError.cpp:650] gyr saturation
W20250111 18:32:59.386143 710526 ImuError.cpp:650] gyr saturation
W20250111 18:32:59.386149 710526 ImuError.cpp:650] gyr saturation
W20250111 18:32:59.386154 710526 ImuError.cpp:650] gyr saturation
W20250111 18:32:59.386159 710526 ImuError.cpp:650] gyr saturation
W20250111 18:32:59.386164 710526 ImuError.cpp:650] gyr saturation
W20250111 18:32:59.386170 710526 ImuError.cpp:650] gyr saturation
W20250111 18:32:59.386175 710526 ImuError.cpp:650] gyr saturation
W20250111 18:32:59.386181 710526 ImuError.cpp:650] gyr saturation
W20250111 18:32:59.386186 710526 ImuError.cpp:650] gyr saturation
W20250111 18:32:59.386193 710526 ImuError.cpp:650] gyr saturation
W20250111 18:32:59.386199 710526 ImuError.cpp:650] gyr saturation
W20250111 18:32:59.386204 710526 ImuError.cpp:650] gyr saturation
W20250111 18:32:59.386209 710526 ImuError.cpp:650] gyr saturation
W20250111 18:32:59.386215 710526 ImuError.cpp:650] gyr saturation
W20250111 18:32:59.386220 710526 ImuError.cpp:650] gyr saturation
W20250111 18:32:59.386225 710526 ImuError.cpp:650] gyr saturation
W20250111 18:32:59.386230 710526 ImuError.cpp:650] gyr saturation
W20250111 18:32:59.386235 710526 ImuError.cpp:650] gyr saturation
W20250111 18:32:59.386240 710526 ImuError.cpp:650] gyr saturation
W20250111 18:32:59.386246 710526 ImuError.cpp:650] gyr saturation
W20250111 18:32:59.386251 710526 ImuError.cpp:650] gyr saturation
W20250111 18:32:59.386256 710526 ImuError.cpp:650] gyr saturation
W20250111 18:32:59.386261 710526 ImuError.cpp:650] gyr saturation
W20250111 18:32:59.386266 710526 ImuError.cpp:650] gyr saturation
W20250111 18:32:59.386271 710526 ImuError.cpp:650] gyr saturation
W20250111 18:32:59.386277 710526 ImuError.cpp:650] gyr saturation
W20250111 18:32:59.386282 710526 ImuError.cpp:650] gyr saturation
W20250111 18:32:59.386287 710526 ImuError.cpp:650] gyr saturation
W20250111 18:32:59.386303 710526 ImuError.cpp:650] gyr saturation
W20250111 18:32:59.386309 710526 ImuError.cpp:650] gyr saturation
W20250111 18:32:59.386315 710526 ImuError.cpp:650] gyr saturation
W20250111 18:32:59.386320 710526 ImuError.cpp:650] gyr saturation
I20250111 18:32:59.388886 710526 Frontend.cpp:2274] RANSAC FAIL: 7 inliers, ratio = 0.583333
W20250111 18:32:59.392241 710526 ImuError.cpp:368] gyr saturation
W20250111 18:32:59.392314 710526 ImuError.cpp:368] gyr saturation
W20250111 18:32:59.392328 710526 ImuError.cpp:368] gyr saturation
W20250111 18:32:59.392339 710526 ImuError.cpp:368] gyr saturation
W20250111 18:32:59.392350 710526 ImuError.cpp:368] gyr saturation
W20250111 18:32:59.392360 710526 ImuError.cpp:368] gyr saturation
W20250111 18:32:59.392371 710526 ImuError.cpp:368] gyr saturation
W20250111 18:32:59.392382 710526 ImuError.cpp:368] gyr saturation
W20250111 18:32:59.392405 710526 ImuError.cpp:368] gyr saturation
W20250111 18:32:59.392416 710526 ImuError.cpp:368] gyr saturation
W20250111 18:32:59.392426 710526 ImuError.cpp:368] gyr saturation
W20250111 18:32:59.392437 710526 ImuError.cpp:368] gyr saturation
W20250111 18:32:59.392447 710526 ImuError.cpp:368] gyr saturation
W20250111 18:32:59.392458 710526 ImuError.cpp:368] gyr saturation
W20250111 18:32:59.392469 710526 ImuError.cpp:368] gyr saturation
W20250111 18:32:59.392480 710526 ImuError.cpp:368] gyr saturation
W20250111 18:32:59.392490 710526 ImuError.cpp:368] gyr saturation
W20250111 18:32:59.392501 710526 ImuError.cpp:368] gyr saturation
W20250111 18:32:59.392513 710526 ImuError.cpp:368] gyr saturation
W20250111 18:32:59.392522 710526 ImuError.cpp:368] gyr saturation
W20250111 18:32:59.392534 710526 ImuError.cpp:368] gyr saturation
W20250111 18:32:59.392544 710526 ImuError.cpp:368] gyr saturation
W20250111 18:32:59.392555 710526 ImuError.cpp:368] gyr saturation
W20250111 18:32:59.392566 710526 ImuError.cpp:368] gyr saturation
W20250111 18:32:59.392577 710526 ImuError.cpp:368] gyr saturation
W20250111 18:32:59.392588 710526 ImuError.cpp:368] gyr saturation
W20250111 18:32:59.392598 710526 ImuError.cpp:368] gyr saturation
W20250111 18:32:59.392609 710526 ImuError.cpp:368] gyr saturation
W20250111 18:32:59.392621 710526 ImuError.cpp:368] gyr saturation
W20250111 18:32:59.392630 710526 ImuError.cpp:368] gyr saturation
W20250111 18:32:59.392642 710526 ImuError.cpp:368] gyr saturation
W20250111 18:32:59.392652 710526 ImuError.cpp:368] gyr saturation
W20250111 18:32:59.392663 710526 ImuError.cpp:368] gyr saturation
W20250111 18:32:59.392674 710526 ImuError.cpp:368] gyr saturation
W20250111 18:32:59.392684 710526 ImuError.cpp:368] gyr saturation
W20250111 18:32:59.398061 710526 Frontend.cpp:612] 3d2d tracking weak: quality=0. Number of 3d2d-matches: 12
W20250111 18:32:59.400499 710526 ImuError.cpp:650] gyr saturation
W20250111 18:32:59.400553 710526 ImuError.cpp:650] gyr saturation
W20250111 18:32:59.400564 710526 ImuError.cpp:650] gyr saturation
W20250111 18:32:59.400573 710526 ImuError.cpp:650] gyr saturation
W20250111 18:32:59.400580 710526 ImuError.cpp:650] gyr saturation
W20250111 18:32:59.400586 710526 ImuError.cpp:650] gyr saturation
W20250111 18:32:59.400592 710526 ImuError.cpp:650] gyr saturation
W20250111 18:32:59.400599 710526 ImuError.cpp:650] gyr saturation
W20250111 18:32:59.400604 710526 ImuError.cpp:650] gyr saturation
W20250111 18:32:59.400610 710526 ImuError.cpp:650] gyr saturation
W20250111 18:32:59.400615 710526 ImuError.cpp:650] gyr saturation
W20250111 18:32:59.400621 710526 ImuError.cpp:650] gyr saturation
W20250111 18:32:59.400628 710526 ImuError.cpp:650] gyr saturation
W20250111 18:32:59.400633 710526 ImuError.cpp:650] gyr saturation
W20250111 18:32:59.400640 710526 ImuError.cpp:650] gyr saturation
W20250111 18:32:59.400645 710526 ImuError.cpp:650] gyr saturation
W20250111 18:32:59.400651 710526 ImuError.cpp:650] gyr saturation
W20250111 18:32:59.400657 710526 ImuError.cpp:650] gyr saturation
W20250111 18:32:59.400662 710526 ImuError.cpp:650] gyr saturation
W20250111 18:32:59.400668 710526 ImuError.cpp:650] gyr saturation
W20250111 18:32:59.400691 710526 ImuError.cpp:650] gyr saturation
W20250111 18:32:59.400699 710526 ImuError.cpp:650] gyr saturation
W20250111 18:32:59.400707 710526 ImuError.cpp:650] gyr saturation
W20250111 18:32:59.400712 710526 ImuError.cpp:650] gyr saturation
W20250111 18:32:59.400718 710526 ImuError.cpp:650] gyr saturation
W20250111 18:32:59.400724 710526 ImuError.cpp:650] gyr saturation
W20250111 18:32:59.400729 710526 ImuError.cpp:650] gyr saturation
W20250111 18:32:59.400735 710526 ImuError.cpp:650] gyr saturation
W20250111 18:32:59.400743 710526 ImuError.cpp:650] gyr saturation
W20250111 18:32:59.400748 710526 ImuError.cpp:650] gyr saturation
W20250111 18:32:59.400755 710526 ImuError.cpp:650] gyr saturation
W20250111 18:32:59.400763 710526 ImuError.cpp:650] gyr saturation
W20250111 18:32:59.400769 710526 ImuError.cpp:650] gyr saturation
W20250111 18:32:59.400777 710526 ImuError.cpp:650] gyr saturation
W20250111 18:32:59.400789 710526 ImuError.cpp:650] gyr saturation
W20250111 18:32:59.400796 710526 ImuError.cpp:650] gyr saturation
W20250111 18:32:59.400801 710526 ImuError.cpp:650] gyr saturation
W20250111 18:32:59.400810 710526 ImuError.cpp:650] gyr saturation
W20250111 18:32:59.400817 710526 ImuError.cpp:650] gyr saturation
W20250111 18:32:59.400825 710526 ImuError.cpp:650] gyr saturation
W20250111 18:32:59.400830 710526 ImuError.cpp:650] gyr saturation
W20250111 18:32:59.400836 710526 ImuError.cpp:650] gyr saturation
W20250111 18:32:59.400844 710526 ImuError.cpp:650] gyr saturation
W20250111 18:32:59.400851 710526 ImuError.cpp:650] gyr saturation
W20250111 18:32:59.400856 710526 ImuError.cpp:650] gyr saturation
W20250111 18:32:59.400863 710526 ImuError.cpp:650] gyr saturation
W20250111 18:32:59.400869 710526 ImuError.cpp:650] gyr saturation
W20250111 18:32:59.401050 710526 ImuError.cpp:650] gyr saturation
W20250111 18:32:59.401060 710526 ImuError.cpp:650] gyr saturation
W20250111 18:32:59.401067 710526 ImuError.cpp:650] gyr saturation
W20250111 18:32:59.401073 710526 ImuError.cpp:650] gyr saturation
W20250111 18:32:59.401078 710526 ImuError.cpp:650] gyr saturation
W20250111 18:32:59.401084 710526 ImuError.cpp:650] gyr saturation
W20250111 18:32:59.401091 710526 ImuError.cpp:650] gyr saturation
W20250111 18:32:59.401098 710526 ImuError.cpp:650] gyr saturation
W20250111 18:32:59.401103 710526 ImuError.cpp:650] gyr saturation
W20250111 18:32:59.401108 710526 ImuError.cpp:650] gyr saturation
W20250111 18:32:59.401115 710526 ImuError.cpp:650] gyr saturation
W20250111 18:32:59.401121 710526 ImuError.cpp:650] gyr saturation
W20250111 18:32:59.401127 710526 ImuError.cpp:650] gyr saturation
W20250111 18:32:59.401134 710526 ImuError.cpp:650] gyr saturation
W20250111 18:32:59.401139 710526 ImuError.cpp:650] gyr saturation
W20250111 18:32:59.401145 710526 ImuError.cpp:650] gyr saturation
W20250111 18:32:59.401151 710526 ImuError.cpp:650] gyr saturation
W20250111 18:32:59.401157 710526 ImuError.cpp:650] gyr saturation
W20250111 18:32:59.401163 710526 ImuError.cpp:650] gyr saturation
W20250111 18:32:59.401170 710526 ImuError.cpp:650] gyr saturation
W20250111 18:32:59.401175 710526 ImuError.cpp:650] gyr saturation
W20250111 18:32:59.437687 710526 ImuError.cpp:650] gyr saturation
W20250111 18:32:59.437747 710526 ImuError.cpp:650] gyr saturation
W20250111 18:32:59.437755 710526 ImuError.cpp:650] gyr saturation
W20250111 18:32:59.437760 710526 ImuError.cpp:650] gyr saturation
W20250111 18:32:59.437765 710526 ImuError.cpp:650] gyr saturation
W20250111 18:32:59.437772 710526 ImuError.cpp:650] gyr saturation
W20250111 18:32:59.437777 710526 ImuError.cpp:650] gyr saturation
W20250111 18:32:59.437783 710526 ImuError.cpp:650] gyr saturation
W20250111 18:32:59.437789 710526 ImuError.cpp:650] gyr saturation
W20250111 18:32:59.437796 710526 ImuError.cpp:650] gyr saturation
W20250111 18:32:59.437803 710526 ImuError.cpp:650] gyr saturation
W20250111 18:32:59.437808 710526 ImuError.cpp:650] gyr saturation
W20250111 18:32:59.437813 710526 ImuError.cpp:650] gyr saturation
W20250111 18:32:59.437819 710526 ImuError.cpp:650] gyr saturation
W20250111 18:32:59.437839 710526 ImuError.cpp:650] gyr saturation
W20250111 18:32:59.437847 710526 ImuError.cpp:650] gyr saturation
W20250111 18:32:59.437852 710526 ImuError.cpp:650] gyr saturation
W20250111 18:32:59.437860 710526 ImuError.cpp:650] gyr saturation
W20250111 18:32:59.437865 710526 ImuError.cpp:650] gyr saturation
W20250111 18:32:59.437870 710526 ImuError.cpp:650] gyr saturation
W20250111 18:32:59.437875 710526 ImuError.cpp:650] gyr saturation
W20250111 18:32:59.437880 710526 ImuError.cpp:650] gyr saturation
W20250111 18:32:59.437886 710526 ImuError.cpp:650] gyr saturation
W20250111 18:32:59.437892 710526 ImuError.cpp:650] gyr saturation
W20250111 18:32:59.437898 710526 ImuError.cpp:650] gyr saturation
W20250111 18:32:59.437903 710526 ImuError.cpp:650] gyr saturation
W20250111 18:32:59.437909 710526 ImuError.cpp:650] gyr saturation
W20250111 18:32:59.437916 710526 ImuError.cpp:650] gyr saturation
W20250111 18:32:59.437922 710526 ImuError.cpp:650] gyr saturation
W20250111 18:32:59.437928 710526 ImuError.cpp:650] gyr saturation
W20250111 18:32:59.437933 710526 ImuError.cpp:650] gyr saturation
W20250111 18:32:59.437940 710526 ImuError.cpp:650] gyr saturation
W20250111 18:32:59.437945 710526 ImuError.cpp:650] gyr saturation
W20250111 18:32:59.437951 710526 ImuError.cpp:650] gyr saturation
W20250111 18:32:59.438053 710526 ImuError.cpp:650] gyr saturation
W20250111 18:32:59.438061 710526 ImuError.cpp:650] gyr saturation
W20250111 18:32:59.438067 710526 ImuError.cpp:650] gyr saturation
W20250111 18:32:59.438072 710526 ImuError.cpp:650] gyr saturation
W20250111 18:32:59.438077 710526 ImuError.cpp:650] gyr saturation
W20250111 18:32:59.438083 710526 ImuError.cpp:650] gyr saturation
W20250111 18:32:59.438088 710526 ImuError.cpp:650] gyr saturation
W20250111 18:32:59.438093 710526 ImuError.cpp:650] gyr saturation
W20250111 18:32:59.438098 710526 ImuError.cpp:650] gyr saturation
W20250111 18:32:59.438103 710526 ImuError.cpp:650] gyr saturation
W20250111 18:32:59.438109 710526 ImuError.cpp:650] gyr saturation
W20250111 18:32:59.438115 710526 ImuError.cpp:650] gyr saturation
W20250111 18:32:59.438122 710526 ImuError.cpp:650] gyr saturation
W20250111 18:32:59.438126 710526 ImuError.cpp:650] gyr saturation
W20250111 18:32:59.438133 710526 ImuError.cpp:650] gyr saturation
W20250111 18:32:59.438138 710526 ImuError.cpp:650] gyr saturation
W20250111 18:32:59.438143 710526 ImuError.cpp:650] gyr saturation
W20250111 18:32:59.438149 710526 ImuError.cpp:650] gyr saturation
W20250111 18:32:59.438155 710526 ImuError.cpp:650] gyr saturation
W20250111 18:32:59.438160 710526 ImuError.cpp:650] gyr saturation
W20250111 18:32:59.438166 710526 ImuError.cpp:650] gyr saturation
W20250111 18:32:59.438171 710526 ImuError.cpp:650] gyr saturation
W20250111 18:32:59.438179 710526 ImuError.cpp:650] gyr saturation
W20250111 18:32:59.438184 710526 ImuError.cpp:650] gyr saturation
W20250111 18:32:59.438190 710526 ImuError.cpp:650] gyr saturation
W20250111 18:32:59.438196 710526 ImuError.cpp:650] gyr saturation
W20250111 18:32:59.438203 710526 ImuError.cpp:650] gyr saturation
W20250111 18:32:59.438210 710526 ImuError.cpp:650] gyr saturation
W20250111 18:32:59.438215 710526 ImuError.cpp:650] gyr saturation
W20250111 18:32:59.438220 710526 ImuError.cpp:650] gyr saturation
W20250111 18:32:59.438227 710526 ImuError.cpp:650] gyr saturation
W20250111 18:32:59.438232 710526 ImuError.cpp:650] gyr saturation
W20250111 18:32:59.438237 710526 ImuError.cpp:650] gyr saturation
W20250111 18:32:59.438243 710526 ImuError.cpp:650] gyr saturation
W20250111 18:32:59.442903 710526 ImuError.cpp:368] gyr saturation
W20250111 18:32:59.442981 710526 ImuError.cpp:368] gyr saturation
W20250111 18:32:59.443003 710526 ImuError.cpp:368] gyr saturation
W20250111 18:32:59.443015 710526 ImuError.cpp:368] gyr saturation
W20250111 18:32:59.443027 710526 ImuError.cpp:368] gyr saturation
W20250111 18:32:59.443038 710526 ImuError.cpp:368] gyr saturation
W20250111 18:32:59.443048 710526 ImuError.cpp:368] gyr saturation
W20250111 18:32:59.443059 710526 ImuError.cpp:368] gyr saturation
W20250111 18:32:59.443084 710526 ImuError.cpp:368] gyr saturation
W20250111 18:32:59.443096 710526 ImuError.cpp:368] gyr saturation
W20250111 18:32:59.443107 710526 ImuError.cpp:368] gyr saturation
W20250111 18:32:59.443118 710526 ImuError.cpp:368] gyr saturation
W20250111 18:32:59.443130 710526 ImuError.cpp:368] gyr saturation
W20250111 18:32:59.443140 710526 ImuError.cpp:368] gyr saturation
W20250111 18:32:59.443150 710526 ImuError.cpp:368] gyr saturation
W20250111 18:32:59.443161 710526 ImuError.cpp:368] gyr saturation
W20250111 18:32:59.443171 710526 ImuError.cpp:368] gyr saturation
W20250111 18:32:59.443182 710526 ImuError.cpp:368] gyr saturation
W20250111 18:32:59.443193 710526 ImuError.cpp:368] gyr saturation
W20250111 18:32:59.443203 710526 ImuError.cpp:368] gyr saturation
W20250111 18:32:59.443215 710526 ImuError.cpp:368] gyr saturation
W20250111 18:32:59.443225 710526 ImuError.cpp:368] gyr saturation
W20250111 18:32:59.443238 710526 ImuError.cpp:368] gyr saturation
W20250111 18:32:59.443249 710526 ImuError.cpp:368] gyr saturation
W20250111 18:32:59.443259 710526 ImuError.cpp:368] gyr saturation
W20250111 18:32:59.443270 710526 ImuError.cpp:368] gyr saturation
W20250111 18:32:59.443281 710526 ImuError.cpp:368] gyr saturation
W20250111 18:32:59.443292 710526 ImuError.cpp:368] gyr saturation
W20250111 18:32:59.443302 710526 ImuError.cpp:368] gyr saturation
W20250111 18:32:59.443313 710526 ImuError.cpp:368] gyr saturation
W20250111 18:32:59.443323 710526 ImuError.cpp:368] gyr saturation
W20250111 18:32:59.443334 710526 ImuError.cpp:368] gyr saturation
W20250111 18:32:59.443344 710526 ImuError.cpp:368] gyr saturation
W20250111 18:32:59.443356 710526 ImuError.cpp:368] gyr saturation
W20250111 18:32:59.451025 710526 ImuError.cpp:650] gyr saturation
W20250111 18:32:59.451089 710526 ImuError.cpp:650] gyr saturation
W20250111 18:32:59.451098 710526 ImuError.cpp:650] gyr saturation
W20250111 18:32:59.451104 710526 ImuError.cpp:650] gyr saturation
W20250111 18:32:59.451109 710526 ImuError.cpp:650] gyr saturation
W20250111 18:32:59.451115 710526 ImuError.cpp:650] gyr saturation
W20250111 18:32:59.451121 710526 ImuError.cpp:650] gyr saturation
W20250111 18:32:59.451128 710526 ImuError.cpp:650] gyr saturation
W20250111 18:32:59.451133 710526 ImuError.cpp:650] gyr saturation
W20250111 18:32:59.451139 710526 ImuError.cpp:650] gyr saturation
W20250111 18:32:59.451144 710526 ImuError.cpp:650] gyr saturation
W20250111 18:32:59.451150 710526 ImuError.cpp:650] gyr saturation
W20250111 18:32:59.451155 710526 ImuError.cpp:650] gyr saturation
W20250111 18:32:59.451161 710526 ImuError.cpp:650] gyr saturation
W20250111 18:32:59.451169 710526 ImuError.cpp:650] gyr saturation
W20250111 18:32:59.451175 710526 ImuError.cpp:650] gyr saturation
W20250111 18:32:59.451181 710526 ImuError.cpp:650] gyr saturation
W20250111 18:32:59.451188 710526 ImuError.cpp:650] gyr saturation
W20250111 18:32:59.451193 710526 ImuError.cpp:650] gyr saturation
W20250111 18:32:59.451200 710526 ImuError.cpp:650] gyr saturation
W20250111 18:32:59.451206 710526 ImuError.cpp:650] gyr saturation
W20250111 18:32:59.451212 710526 ImuError.cpp:650] gyr saturation
W20250111 18:32:59.451218 710526 ImuError.cpp:650] gyr saturation
W20250111 18:32:59.451224 710526 ImuError.cpp:650] gyr saturation
W20250111 18:32:59.451229 710526 ImuError.cpp:650] gyr saturation
W20250111 18:32:59.451236 710526 ImuError.cpp:650] gyr saturation
W20250111 18:32:59.451243 710526 ImuError.cpp:650] gyr saturation
W20250111 18:32:59.451249 710526 ImuError.cpp:650] gyr saturation
W20250111 18:32:59.451256 710526 ImuError.cpp:650] gyr saturation
W20250111 18:32:59.451262 710526 ImuError.cpp:650] gyr saturation
W20250111 18:32:59.451269 710526 ImuError.cpp:650] gyr saturation
W20250111 18:32:59.451277 710526 ImuError.cpp:650] gyr saturation
W20250111 18:32:59.451282 710526 ImuError.cpp:650] gyr saturation
W20250111 18:32:59.451289 710526 ImuError.cpp:650] gyr saturation
W20250111 18:32:59.451295 710526 ImuError.cpp:650] gyr saturation
W20250111 18:32:59.451303 710526 ImuError.cpp:650] gyr saturation
W20250111 18:32:59.451328 710526 ImuError.cpp:650] gyr saturation
W20250111 18:32:59.451339 710526 ImuError.cpp:650] gyr saturation
W20250111 18:32:59.451345 710526 ImuError.cpp:650] gyr saturation
W20250111 18:32:59.451352 710526 ImuError.cpp:650] gyr saturation
W20250111 18:32:59.451359 710526 ImuError.cpp:650] gyr saturation
W20250111 18:32:59.451364 710526 ImuError.cpp:650] gyr saturation
W20250111 18:32:59.451371 710526 ImuError.cpp:650] gyr saturation
W20250111 18:32:59.451377 710526 ImuError.cpp:650] gyr saturation
W20250111 18:32:59.451383 710526 ImuError.cpp:650] gyr saturation
W20250111 18:32:59.451388 710526 ImuError.cpp:650] gyr saturation
W20250111 18:32:59.451395 710526 ImuError.cpp:650] gyr saturation
W20250111 18:32:59.451400 710526 ImuError.cpp:650] gyr saturation
W20250111 18:32:59.451406 710526 ImuError.cpp:650] gyr saturation
W20250111 18:32:59.451411 710526 ImuError.cpp:650] gyr saturation
W20250111 18:32:59.451419 710526 ImuError.cpp:650] gyr saturation
W20250111 18:32:59.451426 710526 ImuError.cpp:650] gyr saturation
W20250111 18:32:59.451431 710526 ImuError.cpp:650] gyr saturation
W20250111 18:32:59.451437 710526 ImuError.cpp:650] gyr saturation
W20250111 18:32:59.451443 710526 ImuError.cpp:650] gyr saturation
W20250111 18:32:59.451449 710526 ImuError.cpp:650] gyr saturation
W20250111 18:32:59.451455 710526 ImuError.cpp:650] gyr saturation
W20250111 18:32:59.451460 710526 ImuError.cpp:650] gyr saturation
W20250111 18:32:59.451467 710526 ImuError.cpp:650] gyr saturation
W20250111 18:32:59.451473 710526 ImuError.cpp:650] gyr saturation
W20250111 18:32:59.451479 710526 ImuError.cpp:650] gyr saturation
W20250111 18:32:59.451486 710526 ImuError.cpp:650] gyr saturation
W20250111 18:32:59.451493 710526 ImuError.cpp:650] gyr saturation
W20250111 18:32:59.451498 710526 ImuError.cpp:650] gyr saturation
W20250111 18:32:59.451504 710526 ImuError.cpp:650] gyr saturation
W20250111 18:32:59.451509 710526 ImuError.cpp:650] gyr saturation
W20250111 18:32:59.451515 710526 ImuError.cpp:650] gyr saturation
W20250111 18:32:59.489928 710526 ImuError.cpp:650] gyr saturation
W20250111 18:32:59.490010 710526 ImuError.cpp:650] gyr saturation
W20250111 18:32:59.490016 710526 ImuError.cpp:650] gyr saturation
W20250111 18:32:59.490026 710526 ImuError.cpp:650] gyr saturation
W20250111 18:32:59.490033 710526 ImuError.cpp:650] gyr saturation
W20250111 18:32:59.490037 710526 ImuError.cpp:650] gyr saturation
W20250111 18:32:59.490044 710526 ImuError.cpp:650] gyr saturation
W20250111 18:32:59.490049 710526 ImuError.cpp:650] gyr saturation
W20250111 18:32:59.490056 710526 ImuError.cpp:650] gyr saturation
W20250111 18:32:59.490061 710526 ImuError.cpp:650] gyr saturation
W20250111 18:32:59.490067 710526 ImuError.cpp:650] gyr saturation
W20250111 18:32:59.490072 710526 ImuError.cpp:650] gyr saturation
W20250111 18:32:59.490078 710526 ImuError.cpp:650] gyr saturation
W20250111 18:32:59.490083 710526 ImuError.cpp:650] gyr saturation
W20250111 18:32:59.490089 710526 ImuError.cpp:650] gyr saturation
W20250111 18:32:59.490094 710526 ImuError.cpp:650] gyr saturation
W20250111 18:32:59.490100 710526 ImuError.cpp:650] gyr saturation
W20250111 18:32:59.490106 710526 ImuError.cpp:650] gyr saturation
W20250111 18:32:59.490111 710526 ImuError.cpp:650] gyr saturation
W20250111 18:32:59.490118 710526 ImuError.cpp:650] gyr saturation
W20250111 18:32:59.490123 710526 ImuError.cpp:650] gyr saturation
W20250111 18:32:59.490129 710526 ImuError.cpp:650] gyr saturation
W20250111 18:32:59.490135 710526 ImuError.cpp:650] gyr saturation
W20250111 18:32:59.490140 710526 ImuError.cpp:650] gyr saturation
W20250111 18:32:59.490146 710526 ImuError.cpp:650] gyr saturation
W20250111 18:32:59.490152 710526 ImuError.cpp:650] gyr saturation
W20250111 18:32:59.490157 710526 ImuError.cpp:650] gyr saturation
W20250111 18:32:59.490163 710526 ImuError.cpp:650] gyr saturation
W20250111 18:32:59.490170 710526 ImuError.cpp:650] gyr saturation
W20250111 18:32:59.490175 710526 ImuError.cpp:650] gyr saturation
W20250111 18:32:59.490180 710526 ImuError.cpp:650] gyr saturation
W20250111 18:32:59.490196 710526 ImuError.cpp:650] gyr saturation
W20250111 18:32:59.490202 710526 ImuError.cpp:650] gyr saturation
W20250111 18:32:59.490207 710526 ImuError.cpp:650] gyr saturation
W20250111 18:32:59.490252 710526 ImuError.cpp:650] gyr saturation
W20250111 18:32:59.490260 710526 ImuError.cpp:650] gyr saturation
W20250111 18:32:59.490267 710526 ImuError.cpp:650] gyr saturation
W20250111 18:32:59.490272 710526 ImuError.cpp:650] gyr saturation
W20250111 18:32:59.490278 710526 ImuError.cpp:650] gyr saturation
W20250111 18:32:59.490283 710526 ImuError.cpp:650] gyr saturation
W20250111 18:32:59.490288 710526 ImuError.cpp:650] gyr saturation
W20250111 18:32:59.490293 710526 ImuError.cpp:650] gyr saturation
W20250111 18:32:59.490298 710526 ImuError.cpp:650] gyr saturation
W20250111 18:32:59.490303 710526 ImuError.cpp:650] gyr saturation
W20250111 18:32:59.490309 710526 ImuError.cpp:650] gyr saturation
W20250111 18:32:59.490315 710526 ImuError.cpp:650] gyr saturation
W20250111 18:32:59.490321 710526 ImuError.cpp:650] gyr saturation
W20250111 18:32:59.490327 710526 ImuError.cpp:650] gyr saturation
W20250111 18:32:59.490332 710526 ImuError.cpp:650] gyr saturation
W20250111 18:32:59.490337 710526 ImuError.cpp:650] gyr saturation
W20250111 18:32:59.490342 710526 ImuError.cpp:650] gyr saturation
W20250111 18:32:59.490348 710526 ImuError.cpp:650] gyr saturation
W20250111 18:32:59.490353 710526 ImuError.cpp:650] gyr saturation
W20250111 18:32:59.490358 710526 ImuError.cpp:650] gyr saturation
W20250111 18:32:59.490363 710526 ImuError.cpp:650] gyr saturation
W20250111 18:32:59.490368 710526 ImuError.cpp:650] gyr saturation
W20250111 18:32:59.490373 710526 ImuError.cpp:650] gyr saturation
W20250111 18:32:59.490379 710526 ImuError.cpp:650] gyr saturation
W20250111 18:32:59.490384 710526 ImuError.cpp:650] gyr saturation
W20250111 18:32:59.490391 710526 ImuError.cpp:650] gyr saturation
W20250111 18:32:59.490396 710526 ImuError.cpp:650] gyr saturation
W20250111 18:32:59.490401 710526 ImuError.cpp:650] gyr saturation
W20250111 18:32:59.490406 710526 ImuError.cpp:650] gyr saturation
W20250111 18:32:59.490411 710526 ImuError.cpp:650] gyr saturation
W20250111 18:32:59.490417 710526 ImuError.cpp:650] gyr saturation
W20250111 18:32:59.490422 710526 ImuError.cpp:650] gyr saturation
W20250111 18:32:59.490427 710526 ImuError.cpp:650] gyr saturation
W20250111 18:32:59.490432 710526 ImuError.cpp:650] gyr saturation
I20250111 18:32:59.491899 710526 Frontend.cpp:2274] RANSAC FAIL: 8 inliers, ratio = 0.727273
W20250111 18:32:59.495160 710526 ImuError.cpp:368] gyr saturation
W20250111 18:32:59.495229 710526 ImuError.cpp:368] gyr saturation
W20250111 18:32:59.495241 710526 ImuError.cpp:368] gyr saturation
W20250111 18:32:59.495254 710526 ImuError.cpp:368] gyr saturation
W20250111 18:32:59.495265 710526 ImuError.cpp:368] gyr saturation
W20250111 18:32:59.495276 710526 ImuError.cpp:368] gyr saturation
W20250111 18:32:59.495287 710526 ImuError.cpp:368] gyr saturation
W20250111 18:32:59.495297 710526 ImuError.cpp:368] gyr saturation
W20250111 18:32:59.495308 710526 ImuError.cpp:368] gyr saturation
W20250111 18:32:59.495319 710526 ImuError.cpp:368] gyr saturation
W20250111 18:32:59.495330 710526 ImuError.cpp:368] gyr saturation
W20250111 18:32:59.495340 710526 ImuError.cpp:368] gyr saturation
W20250111 18:32:59.495352 710526 ImuError.cpp:368] gyr saturation
W20250111 18:32:59.495361 710526 ImuError.cpp:368] gyr saturation
W20250111 18:32:59.495373 710526 ImuError.cpp:368] gyr saturation
W20250111 18:32:59.495383 710526 ImuError.cpp:368] gyr saturation
W20250111 18:32:59.495394 710526 ImuError.cpp:368] gyr saturation
W20250111 18:32:59.495405 710526 ImuError.cpp:368] gyr saturation
W20250111 18:32:59.495416 710526 ImuError.cpp:368] gyr saturation
W20250111 18:32:59.495426 710526 ImuError.cpp:368] gyr saturation
W20250111 18:32:59.495437 710526 ImuError.cpp:368] gyr saturation
W20250111 18:32:59.495447 710526 ImuError.cpp:368] gyr saturation
W20250111 18:32:59.495458 710526 ImuError.cpp:368] gyr saturation
W20250111 18:32:59.495469 710526 ImuError.cpp:368] gyr saturation
W20250111 18:32:59.495493 710526 ImuError.cpp:368] gyr saturation
W20250111 18:32:59.495504 710526 ImuError.cpp:368] gyr saturation
W20250111 18:32:59.495515 710526 ImuError.cpp:368] gyr saturation
W20250111 18:32:59.495527 710526 ImuError.cpp:368] gyr saturation
W20250111 18:32:59.495537 710526 ImuError.cpp:368] gyr saturation
W20250111 18:32:59.495548 710526 ImuError.cpp:368] gyr saturation
W20250111 18:32:59.495558 710526 ImuError.cpp:368] gyr saturation
W20250111 18:32:59.495568 710526 ImuError.cpp:368] gyr saturation
W20250111 18:32:59.495579 710526 ImuError.cpp:368] gyr saturation
W20250111 18:32:59.495590 710526 ImuError.cpp:368] gyr saturation
W20250111 18:32:59.503578 710526 ImuError.cpp:650] gyr saturation
W20250111 18:32:59.503655 710526 ImuError.cpp:650] gyr saturation
W20250111 18:32:59.503664 710526 ImuError.cpp:650] gyr saturation
W20250111 18:32:59.503670 710526 ImuError.cpp:650] gyr saturation
W20250111 18:32:59.503677 710526 ImuError.cpp:650] gyr saturation
W20250111 18:32:59.503693 710526 ImuError.cpp:650] gyr saturation
W20250111 18:32:59.503700 710526 ImuError.cpp:650] gyr saturation
W20250111 18:32:59.503705 710526 ImuError.cpp:650] gyr saturation
W20250111 18:32:59.503710 710526 ImuError.cpp:650] gyr saturation
W20250111 18:32:59.503716 710526 ImuError.cpp:650] gyr saturation
W20250111 18:32:59.503721 710526 ImuError.cpp:650] gyr saturation
W20250111 18:32:59.503727 710526 ImuError.cpp:650] gyr saturation
W20250111 18:32:59.503732 710526 ImuError.cpp:650] gyr saturation
W20250111 18:32:59.503738 710526 ImuError.cpp:650] gyr saturation
W20250111 18:32:59.503744 710526 ImuError.cpp:650] gyr saturation
W20250111 18:32:59.503749 710526 ImuError.cpp:650] gyr saturation
W20250111 18:32:59.503755 710526 ImuError.cpp:650] gyr saturation
W20250111 18:32:59.503762 710526 ImuError.cpp:650] gyr saturation
W20250111 18:32:59.503767 710526 ImuError.cpp:650] gyr saturation
W20250111 18:32:59.503772 710526 ImuError.cpp:650] gyr saturation
W20250111 18:32:59.503778 710526 ImuError.cpp:650] gyr saturation
W20250111 18:32:59.503784 710526 ImuError.cpp:650] gyr saturation
W20250111 18:32:59.503789 710526 ImuError.cpp:650] gyr saturation
W20250111 18:32:59.503795 710526 ImuError.cpp:650] gyr saturation
W20250111 18:32:59.503801 710526 ImuError.cpp:650] gyr saturation
W20250111 18:32:59.503808 710526 ImuError.cpp:650] gyr saturation
W20250111 18:32:59.503813 710526 ImuError.cpp:650] gyr saturation
W20250111 18:32:59.503818 710526 ImuError.cpp:650] gyr saturation
W20250111 18:32:59.503824 710526 ImuError.cpp:650] gyr saturation
W20250111 18:32:59.503829 710526 ImuError.cpp:650] gyr saturation
W20250111 18:32:59.503835 710526 ImuError.cpp:650] gyr saturation
W20250111 18:32:59.503841 710526 ImuError.cpp:650] gyr saturation
W20250111 18:32:59.503847 710526 ImuError.cpp:650] gyr saturation
W20250111 18:32:59.503852 710526 ImuError.cpp:650] gyr saturation
W20250111 18:32:59.503858 710526 ImuError.cpp:650] gyr saturation
W20250111 18:32:59.503865 710526 ImuError.cpp:650] gyr saturation
W20250111 18:32:59.503870 710526 ImuError.cpp:650] gyr saturation
W20250111 18:32:59.503875 710526 ImuError.cpp:650] gyr saturation
W20250111 18:32:59.503881 710526 ImuError.cpp:650] gyr saturation
W20250111 18:32:59.503887 710526 ImuError.cpp:650] gyr saturation
W20250111 18:32:59.503892 710526 ImuError.cpp:650] gyr saturation
W20250111 18:32:59.503898 710526 ImuError.cpp:650] gyr saturation
W20250111 18:32:59.503904 710526 ImuError.cpp:650] gyr saturation
W20250111 18:32:59.503909 710526 ImuError.cpp:650] gyr saturation
W20250111 18:32:59.503916 710526 ImuError.cpp:650] gyr saturation
W20250111 18:32:59.503921 710526 ImuError.cpp:650] gyr saturation
W20250111 18:32:59.503927 710526 ImuError.cpp:650] gyr saturation
W20250111 18:32:59.503933 710526 ImuError.cpp:650] gyr saturation
W20250111 18:32:59.503939 710526 ImuError.cpp:650] gyr saturation
W20250111 18:32:59.503944 710526 ImuError.cpp:650] gyr saturation
W20250111 18:32:59.503950 710526 ImuError.cpp:650] gyr saturation
W20250111 18:32:59.503957 710526 ImuError.cpp:650] gyr saturation
W20250111 18:32:59.503969 710526 ImuError.cpp:650] gyr saturation
W20250111 18:32:59.503978 710526 ImuError.cpp:650] gyr saturation
W20250111 18:32:59.503983 710526 ImuError.cpp:650] gyr saturation
W20250111 18:32:59.503996 710526 ImuError.cpp:650] gyr saturation
W20250111 18:32:59.504004 710526 ImuError.cpp:650] gyr saturation
W20250111 18:32:59.504009 710526 ImuError.cpp:650] gyr saturation
W20250111 18:32:59.504015 710526 ImuError.cpp:650] gyr saturation
W20250111 18:32:59.504021 710526 ImuError.cpp:650] gyr saturation
W20250111 18:32:59.504027 710526 ImuError.cpp:650] gyr saturation
W20250111 18:32:59.504033 710526 ImuError.cpp:650] gyr saturation
W20250111 18:32:59.504040 710526 ImuError.cpp:650] gyr saturation
W20250111 18:32:59.504045 710526 ImuError.cpp:650] gyr saturation
W20250111 18:32:59.504051 710526 ImuError.cpp:650] gyr saturation
W20250111 18:32:59.504057 710526 ImuError.cpp:650] gyr saturation
W20250111 18:32:59.533115 710526 ImuError.cpp:650] gyr saturation
W20250111 18:32:59.533190 710526 ImuError.cpp:650] gyr saturation
W20250111 18:32:59.533195 710526 ImuError.cpp:650] gyr saturation
W20250111 18:32:59.533202 710526 ImuError.cpp:650] gyr saturation
W20250111 18:32:59.533208 710526 ImuError.cpp:650] gyr saturation
W20250111 18:32:59.533216 710526 ImuError.cpp:650] gyr saturation
W20250111 18:32:59.533224 710526 ImuError.cpp:650] gyr saturation
W20250111 18:32:59.533231 710526 ImuError.cpp:650] gyr saturation
W20250111 18:32:59.533236 710526 ImuError.cpp:650] gyr saturation
W20250111 18:32:59.533241 710526 ImuError.cpp:650] gyr saturation
W20250111 18:32:59.533248 710526 ImuError.cpp:650] gyr saturation
W20250111 18:32:59.533253 710526 ImuError.cpp:650] gyr saturation
W20250111 18:32:59.533259 710526 ImuError.cpp:650] gyr saturation
W20250111 18:32:59.533265 710526 ImuError.cpp:650] gyr saturation
W20250111 18:32:59.533270 710526 ImuError.cpp:650] gyr saturation
W20250111 18:32:59.533275 710526 ImuError.cpp:650] gyr saturation
W20250111 18:32:59.533281 710526 ImuError.cpp:650] gyr saturation
W20250111 18:32:59.533288 710526 ImuError.cpp:650] gyr saturation
W20250111 18:32:59.533293 710526 ImuError.cpp:650] gyr saturation
W20250111 18:32:59.533298 710526 ImuError.cpp:650] gyr saturation
W20250111 18:32:59.533304 710526 ImuError.cpp:650] gyr saturation
W20250111 18:32:59.533309 710526 ImuError.cpp:650] gyr saturation
W20250111 18:32:59.533314 710526 ImuError.cpp:650] gyr saturation
W20250111 18:32:59.533321 710526 ImuError.cpp:650] gyr saturation
W20250111 18:32:59.533329 710526 ImuError.cpp:650] gyr saturation
W20250111 18:32:59.533334 710526 ImuError.cpp:650] gyr saturation
W20250111 18:32:59.533339 710526 ImuError.cpp:650] gyr saturation
W20250111 18:32:59.533344 710526 ImuError.cpp:650] gyr saturation
W20250111 18:32:59.533349 710526 ImuError.cpp:650] gyr saturation
W20250111 18:32:59.533355 710526 ImuError.cpp:650] gyr saturation
W20250111 18:32:59.533361 710526 ImuError.cpp:650] gyr saturation
W20250111 18:32:59.533366 710526 ImuError.cpp:650] gyr saturation
W20250111 18:32:59.533371 710526 ImuError.cpp:650] gyr saturation
W20250111 18:32:59.533478 710526 ImuError.cpp:650] gyr saturation
W20250111 18:32:59.533485 710526 ImuError.cpp:650] gyr saturation
W20250111 18:32:59.533491 710526 ImuError.cpp:650] gyr saturation
W20250111 18:32:59.533497 710526 ImuError.cpp:650] gyr saturation
W20250111 18:32:59.533504 710526 ImuError.cpp:650] gyr saturation
W20250111 18:32:59.533509 710526 ImuError.cpp:650] gyr saturation
W20250111 18:32:59.533515 710526 ImuError.cpp:650] gyr saturation
W20250111 18:32:59.533521 710526 ImuError.cpp:650] gyr saturation
W20250111 18:32:59.533527 710526 ImuError.cpp:650] gyr saturation
W20250111 18:32:59.533532 710526 ImuError.cpp:650] gyr saturation
W20250111 18:32:59.533538 710526 ImuError.cpp:650] gyr saturation
W20250111 18:32:59.533545 710526 ImuError.cpp:650] gyr saturation
W20250111 18:32:59.533550 710526 ImuError.cpp:650] gyr saturation
W20250111 18:32:59.533557 710526 ImuError.cpp:650] gyr saturation
W20250111 18:32:59.533563 710526 ImuError.cpp:650] gyr saturation
W20250111 18:32:59.533576 710526 ImuError.cpp:650] gyr saturation
W20250111 18:32:59.533581 710526 ImuError.cpp:650] gyr saturation
W20250111 18:32:59.533587 710526 ImuError.cpp:650] gyr saturation
W20250111 18:32:59.533592 710526 ImuError.cpp:650] gyr saturation
W20250111 18:32:59.533597 710526 ImuError.cpp:650] gyr saturation
W20250111 18:32:59.533603 710526 ImuError.cpp:650] gyr saturation
W20250111 18:32:59.533609 710526 ImuError.cpp:650] gyr saturation
W20250111 18:32:59.533614 710526 ImuError.cpp:650] gyr saturation
W20250111 18:32:59.533619 710526 ImuError.cpp:650] gyr saturation
W20250111 18:32:59.533625 710526 ImuError.cpp:650] gyr saturation
W20250111 18:32:59.533630 710526 ImuError.cpp:650] gyr saturation
W20250111 18:32:59.533636 710526 ImuError.cpp:650] gyr saturation
W20250111 18:32:59.533641 710526 ImuError.cpp:650] gyr saturation
W20250111 18:32:59.533646 710526 ImuError.cpp:650] gyr saturation
W20250111 18:32:59.533651 710526 ImuError.cpp:650] gyr saturation
W20250111 18:32:59.533658 710526 ImuError.cpp:650] gyr saturation
W20250111 18:32:59.533663 710526 ImuError.cpp:650] gyr saturation
W20250111 18:32:59.533669 710526 ImuError.cpp:650] gyr saturation
W20250111 18:32:59.538134 710526 ImuError.cpp:368] gyr saturation
W20250111 18:32:59.538214 710526 ImuError.cpp:368] gyr saturation
W20250111 18:32:59.538226 710526 ImuError.cpp:368] gyr saturation
W20250111 18:32:59.538237 710526 ImuError.cpp:368] gyr saturation
W20250111 18:32:59.538249 710526 ImuError.cpp:368] gyr saturation
W20250111 18:32:59.538259 710526 ImuError.cpp:368] gyr saturation
W20250111 18:32:59.538270 710526 ImuError.cpp:368] gyr saturation
W20250111 18:32:59.538281 710526 ImuError.cpp:368] gyr saturation
W20250111 18:32:59.538291 710526 ImuError.cpp:368] gyr saturation
W20250111 18:32:59.538301 710526 ImuError.cpp:368] gyr saturation
W20250111 18:32:59.538312 710526 ImuError.cpp:368] gyr saturation
W20250111 18:32:59.538323 710526 ImuError.cpp:368] gyr saturation
W20250111 18:32:59.538333 710526 ImuError.cpp:368] gyr saturation
W20250111 18:32:59.538344 710526 ImuError.cpp:368] gyr saturation
W20250111 18:32:59.538354 710526 ImuError.cpp:368] gyr saturation
W20250111 18:32:59.538365 710526 ImuError.cpp:368] gyr saturation
W20250111 18:32:59.538375 710526 ImuError.cpp:368] gyr saturation
W20250111 18:32:59.538386 710526 ImuError.cpp:368] gyr saturation
W20250111 18:32:59.538396 710526 ImuError.cpp:368] gyr saturation
W20250111 18:32:59.538407 710526 ImuError.cpp:368] gyr saturation
W20250111 18:32:59.538417 710526 ImuError.cpp:368] gyr saturation
W20250111 18:32:59.538429 710526 ImuError.cpp:368] gyr saturation
W20250111 18:32:59.538439 710526 ImuError.cpp:368] gyr saturation
W20250111 18:32:59.538450 710526 ImuError.cpp:368] gyr saturation
W20250111 18:32:59.538460 710526 ImuError.cpp:368] gyr saturation
W20250111 18:32:59.538470 710526 ImuError.cpp:368] gyr saturation
W20250111 18:32:59.538480 710526 ImuError.cpp:368] gyr saturation
W20250111 18:32:59.538491 710526 ImuError.cpp:368] gyr saturation
W20250111 18:32:59.538501 710526 ImuError.cpp:368] gyr saturation
W20250111 18:32:59.538512 710526 ImuError.cpp:368] gyr saturation
W20250111 18:32:59.538522 710526 ImuError.cpp:368] gyr saturation
W20250111 18:32:59.538533 710526 ImuError.cpp:368] gyr saturation
W20250111 18:32:59.538543 710526 ImuError.cpp:368] gyr saturation
W20250111 18:32:59.543876 710526 Frontend.cpp:612] 3d2d tracking weak: quality=0. Number of 3d2d-matches: 9
W20250111 18:32:59.546161 710526 ImuError.cpp:650] gyr saturation
W20250111 18:32:59.546231 710526 ImuError.cpp:650] gyr saturation
W20250111 18:32:59.546238 710526 ImuError.cpp:650] gyr saturation
W20250111 18:32:59.546244 710526 ImuError.cpp:650] gyr saturation
W20250111 18:32:59.546250 710526 ImuError.cpp:650] gyr saturation
W20250111 18:32:59.546257 710526 ImuError.cpp:650] gyr saturation
W20250111 18:32:59.546262 710526 ImuError.cpp:650] gyr saturation
W20250111 18:32:59.546268 710526 ImuError.cpp:650] gyr saturation
W20250111 18:32:59.546273 710526 ImuError.cpp:650] gyr saturation
W20250111 18:32:59.546278 710526 ImuError.cpp:650] gyr saturation
W20250111 18:32:59.546301 710526 ImuError.cpp:650] gyr saturation
W20250111 18:32:59.546308 710526 ImuError.cpp:650] gyr saturation
W20250111 18:32:59.546314 710526 ImuError.cpp:650] gyr saturation
W20250111 18:32:59.546319 710526 ImuError.cpp:650] gyr saturation
W20250111 18:32:59.546324 710526 ImuError.cpp:650] gyr saturation
W20250111 18:32:59.546329 710526 ImuError.cpp:650] gyr saturation
W20250111 18:32:59.546334 710526 ImuError.cpp:650] gyr saturation
W20250111 18:32:59.546339 710526 ImuError.cpp:650] gyr saturation
W20250111 18:32:59.546345 710526 ImuError.cpp:650] gyr saturation
W20250111 18:32:59.546350 710526 ImuError.cpp:650] gyr saturation
W20250111 18:32:59.546357 710526 ImuError.cpp:650] gyr saturation
W20250111 18:32:59.546362 710526 ImuError.cpp:650] gyr saturation
W20250111 18:32:59.546367 710526 ImuError.cpp:650] gyr saturation
W20250111 18:32:59.546372 710526 ImuError.cpp:650] gyr saturation
W20250111 18:32:59.546379 710526 ImuError.cpp:650] gyr saturation
W20250111 18:32:59.546386 710526 ImuError.cpp:650] gyr saturation
W20250111 18:32:59.546391 710526 ImuError.cpp:650] gyr saturation
W20250111 18:32:59.546396 710526 ImuError.cpp:650] gyr saturation
W20250111 18:32:59.546402 710526 ImuError.cpp:650] gyr saturation
W20250111 18:32:59.546407 710526 ImuError.cpp:650] gyr saturation
W20250111 18:32:59.546414 710526 ImuError.cpp:650] gyr saturation
W20250111 18:32:59.546420 710526 ImuError.cpp:650] gyr saturation
W20250111 18:32:59.546427 710526 ImuError.cpp:650] gyr saturation
W20250111 18:32:59.587704 710526 Frontend.cpp:612] 3d2d tracking weak: quality=0. Number of 3d2d-matches: 6
I20250111 18:32:59.620083 710526 Frontend.cpp:2274] RANSAC FAIL: 7 inliers, ratio = 0.636364
I20250111 18:32:59.759423 710526 Frontend.cpp:2274] RANSAC FAIL: 30 inliers, ratio = 0.652174
I20250111 18:32:59.854471 710526 okvis_app_synchronous.cpp:210] OKVIS Timing
-----------
1 DetectAndDescribe                	   4160	00:00:07.974747	(00:00:00.001917 +- 00:00:00.000333)	[00:00:00.000953,00:00:00.003588]
2 Match                            	   4160	00:00:32.146612	(00:00:00.007728 +- 00:00:00.003487)	[00:00:00.000197,00:00:00.019215]
2.01 match to map                  	   4159	00:00:24.178732	(00:00:00.005814 +- 00:00:00.003086)	[00:00:00.000053,00:00:00.017083]
2.02 match motion stereo           	   4159	00:00:05.619994	(00:00:00.001351 +- 00:00:00.000449)	[00:00:00.000053,00:00:00.004424]
2.02.1 match motion stereo: prepare	   4159	00:00:01.265445	(00:00:00.000304 +- 00:00:00.000117)	[00:00:00.000001,00:00:00.000944]
2.10 match stereo                  	   1131	00:00:00.043394	(00:00:00.000038 +- 00:00:00.000045)	[00:00:00.000001,00:00:00.000428]
3 Optimise                         	   4159	00:01:06.316807	(00:00:00.015945 +- 00:00:00.009317)	[00:00:00.001187,00:00:00.090674]
4 Prepare publishing               	   4159	00:00:03.437921	(00:00:00.000827 +- 00:00:00.000328)	[00:00:00.000037,00:00:00.002257]
6 Visualising                      	   4159	00:00:00.000747	(00:00:00.000000 +- 00:00:00.000000)	[00:00:00.000000,00:00:00.000001]
7 Marginalise                      	   4159	00:00:07.562204	(00:00:00.001818 +- 00:00:00.000854)	[00:00:00.000006,00:00:00.008860]
7.1 check/handle lost              	   4159	00:00:00.123395	(00:00:00.000030 +- 00:00:00.000019)	[00:00:00.000000,00:00:00.000202]
7.2 eliminate IMU frames           	   4159	00:00:03.198880	(00:00:00.000769 +- 00:00:00.000550)	[00:00:00.000000,00:00:00.002857]
7.3 convert to posegraph           	   1507	00:00:01.282690	(00:00:00.000851 +- 00:00:00.000524)	[00:00:00.000123,00:00:00.005092]
7.4 freezing                       	   4158	00:00:00.004594	(00:00:00.000001 +- 00:00:00.000002)	[00:00:00.000000,00:00:00.000018]
7.6 expand                         	   4088	00:00:00.964776	(00:00:00.000236 +- 00:00:00.000156)	[00:00:00.000022,00:00:00.003266]
7.7 prune place recognition frames 	   4158	00:00:00.962741	(00:00:00.000232 +- 00:00:00.000127)	[00:00:00.000003,00:00:00.001273]
I20250111 18:32:59.854574 710526 okvis_app_synchronous.cpp:219] Progress: 77% (0.333333 [1%/s], ETA: 69s)
I20250111 18:33:00.116326 710526 Frontend.cpp:2274] RANSAC FAIL: 14 inliers, ratio = 0.666667
W20250111 18:33:00.152354 710526 Frontend.cpp:612] 3d2d tracking weak: quality=0. Number of 3d2d-matches: 10
W20250111 18:33:00.193975 710526 ImuError.cpp:650] gyr saturation
W20250111 18:33:00.194047 710526 ImuError.cpp:650] gyr saturation
W20250111 18:33:00.194057 710526 ImuError.cpp:650] gyr saturation
W20250111 18:33:00.194063 710526 ImuError.cpp:650] gyr saturation
W20250111 18:33:00.194069 710526 ImuError.cpp:650] gyr saturation
W20250111 18:33:00.194075 710526 ImuError.cpp:650] gyr saturation
W20250111 18:33:00.194082 710526 ImuError.cpp:650] gyr saturation
W20250111 18:33:00.194088 710526 ImuError.cpp:650] gyr saturation
W20250111 18:33:00.194094 710526 ImuError.cpp:650] gyr saturation
W20250111 18:33:00.220261 710526 ImuError.cpp:650] gyr saturation
W20250111 18:33:00.220333 710526 ImuError.cpp:650] gyr saturation
W20250111 18:33:00.220340 710526 ImuError.cpp:650] gyr saturation
W20250111 18:33:00.220350 710526 ImuError.cpp:650] gyr saturation
W20250111 18:33:00.220355 710526 ImuError.cpp:650] gyr saturation
W20250111 18:33:00.220360 710526 ImuError.cpp:650] gyr saturation
W20250111 18:33:00.220367 710526 ImuError.cpp:650] gyr saturation
W20250111 18:33:00.220371 710526 ImuError.cpp:650] gyr saturation
W20250111 18:33:00.220377 710526 ImuError.cpp:650] gyr saturation
W20250111 18:33:00.220453 710526 ImuError.cpp:650] gyr saturation
W20250111 18:33:00.220461 710526 ImuError.cpp:650] gyr saturation
W20250111 18:33:00.220467 710526 ImuError.cpp:650] gyr saturation
W20250111 18:33:00.220472 710526 ImuError.cpp:650] gyr saturation
W20250111 18:33:00.220479 710526 ImuError.cpp:650] gyr saturation
W20250111 18:33:00.220484 710526 ImuError.cpp:650] gyr saturation
W20250111 18:33:00.220490 710526 ImuError.cpp:650] gyr saturation
W20250111 18:33:00.220495 710526 ImuError.cpp:650] gyr saturation
W20250111 18:33:00.220501 710526 ImuError.cpp:650] gyr saturation
W20250111 18:33:00.225307 710526 ImuError.cpp:368] gyr saturation
W20250111 18:33:00.225378 710526 ImuError.cpp:368] gyr saturation
W20250111 18:33:00.225392 710526 ImuError.cpp:368] gyr saturation
W20250111 18:33:00.225405 710526 ImuError.cpp:368] gyr saturation
W20250111 18:33:00.225417 710526 ImuError.cpp:368] gyr saturation
W20250111 18:33:00.225427 710526 ImuError.cpp:368] gyr saturation
W20250111 18:33:00.225438 710526 ImuError.cpp:368] gyr saturation
W20250111 18:33:00.225451 710526 ImuError.cpp:368] gyr saturation
W20250111 18:33:00.225461 710526 ImuError.cpp:368] gyr saturation
W20250111 18:33:00.232981 710526 ImuError.cpp:650] gyr saturation
W20250111 18:33:00.233050 710526 ImuError.cpp:650] gyr saturation
W20250111 18:33:00.233057 710526 ImuError.cpp:650] gyr saturation
W20250111 18:33:00.233063 710526 ImuError.cpp:650] gyr saturation
W20250111 18:33:00.233068 710526 ImuError.cpp:650] gyr saturation
W20250111 18:33:00.233074 710526 ImuError.cpp:650] gyr saturation
W20250111 18:33:00.233080 710526 ImuError.cpp:650] gyr saturation
W20250111 18:33:00.233088 710526 ImuError.cpp:650] gyr saturation
W20250111 18:33:00.233093 710526 ImuError.cpp:650] gyr saturation
W20250111 18:33:00.233100 710526 ImuError.cpp:650] gyr saturation
W20250111 18:33:00.233106 710526 ImuError.cpp:650] gyr saturation
W20250111 18:33:00.233111 710526 ImuError.cpp:650] gyr saturation
W20250111 18:33:00.233119 710526 ImuError.cpp:650] gyr saturation
W20250111 18:33:00.233125 710526 ImuError.cpp:650] gyr saturation
W20250111 18:33:00.233141 710526 ImuError.cpp:650] gyr saturation
W20250111 18:33:00.233150 710526 ImuError.cpp:650] gyr saturation
W20250111 18:33:00.233155 710526 ImuError.cpp:650] gyr saturation
W20250111 18:33:00.233161 710526 ImuError.cpp:650] gyr saturation
W20250111 18:33:00.233168 710526 ImuError.cpp:650] gyr saturation
W20250111 18:33:00.233173 710526 ImuError.cpp:650] gyr saturation
W20250111 18:33:00.233180 710526 ImuError.cpp:650] gyr saturation
W20250111 18:33:00.233186 710526 ImuError.cpp:650] gyr saturation
W20250111 18:33:00.233198 710526 ImuError.cpp:650] gyr saturation
W20250111 18:33:00.233206 710526 ImuError.cpp:650] gyr saturation
W20250111 18:33:00.233211 710526 ImuError.cpp:650] gyr saturation
W20250111 18:33:00.233218 710526 ImuError.cpp:650] gyr saturation
W20250111 18:33:00.233224 710526 ImuError.cpp:650] gyr saturation
W20250111 18:33:00.233229 710526 ImuError.cpp:650] gyr saturation
W20250111 18:33:00.233235 710526 ImuError.cpp:650] gyr saturation
W20250111 18:33:00.233242 710526 ImuError.cpp:650] gyr saturation
W20250111 18:33:00.233247 710526 ImuError.cpp:650] gyr saturation
W20250111 18:33:00.233253 710526 ImuError.cpp:650] gyr saturation
W20250111 18:33:00.233258 710526 ImuError.cpp:650] gyr saturation
W20250111 18:33:00.233264 710526 ImuError.cpp:650] gyr saturation
W20250111 18:33:00.233269 710526 ImuError.cpp:650] gyr saturation
W20250111 18:33:00.233276 710526 ImuError.cpp:650] gyr saturation
W20250111 18:33:00.233283 710526 ImuError.cpp:650] gyr saturation
W20250111 18:33:00.233289 710526 ImuError.cpp:650] gyr saturation
W20250111 18:33:00.233295 710526 ImuError.cpp:650] gyr saturation
W20250111 18:33:00.233301 710526 ImuError.cpp:650] gyr saturation
W20250111 18:33:00.233309 710526 ImuError.cpp:650] gyr saturation
W20250111 18:33:00.233314 710526 ImuError.cpp:650] gyr saturation
W20250111 18:33:00.259370 710526 ImuError.cpp:650] gyr saturation
W20250111 18:33:00.259419 710526 ImuError.cpp:650] gyr saturation
W20250111 18:33:00.259425 710526 ImuError.cpp:650] gyr saturation
W20250111 18:33:00.259430 710526 ImuError.cpp:650] gyr saturation
W20250111 18:33:00.259435 710526 ImuError.cpp:650] gyr saturation
W20250111 18:33:00.259440 710526 ImuError.cpp:650] gyr saturation
W20250111 18:33:00.259446 710526 ImuError.cpp:650] gyr saturation
W20250111 18:33:00.259451 710526 ImuError.cpp:650] gyr saturation
W20250111 18:33:00.259457 710526 ImuError.cpp:650] gyr saturation
W20250111 18:33:00.259462 710526 ImuError.cpp:650] gyr saturation
W20250111 18:33:00.259469 710526 ImuError.cpp:650] gyr saturation
W20250111 18:33:00.259474 710526 ImuError.cpp:650] gyr saturation
W20250111 18:33:00.259479 710526 ImuError.cpp:650] gyr saturation
W20250111 18:33:00.259485 710526 ImuError.cpp:650] gyr saturation
W20250111 18:33:00.259490 710526 ImuError.cpp:650] gyr saturation
W20250111 18:33:00.259495 710526 ImuError.cpp:650] gyr saturation
W20250111 18:33:00.259501 710526 ImuError.cpp:650] gyr saturation
W20250111 18:33:00.259506 710526 ImuError.cpp:650] gyr saturation
W20250111 18:33:00.259512 710526 ImuError.cpp:650] gyr saturation
W20250111 18:33:00.259519 710526 ImuError.cpp:650] gyr saturation
W20250111 18:33:00.259526 710526 ImuError.cpp:650] gyr saturation
W20250111 18:33:00.259531 710526 ImuError.cpp:650] gyr saturation
W20250111 18:33:00.259536 710526 ImuError.cpp:650] gyr saturation
W20250111 18:33:00.259541 710526 ImuError.cpp:650] gyr saturation
W20250111 18:33:00.259547 710526 ImuError.cpp:650] gyr saturation
W20250111 18:33:00.259553 710526 ImuError.cpp:650] gyr saturation
W20250111 18:33:00.259558 710526 ImuError.cpp:650] gyr saturation
W20250111 18:33:00.259563 710526 ImuError.cpp:650] gyr saturation
W20250111 18:33:00.259569 710526 ImuError.cpp:650] gyr saturation
W20250111 18:33:00.259574 710526 ImuError.cpp:650] gyr saturation
W20250111 18:33:00.259579 710526 ImuError.cpp:650] gyr saturation
W20250111 18:33:00.259584 710526 ImuError.cpp:650] gyr saturation
W20250111 18:33:00.259590 710526 ImuError.cpp:650] gyr saturation
W20250111 18:33:00.259596 710526 ImuError.cpp:650] gyr saturation
W20250111 18:33:00.259835 710526 ImuError.cpp:650] gyr saturation
W20250111 18:33:00.259845 710526 ImuError.cpp:650] gyr saturation
W20250111 18:33:00.259852 710526 ImuError.cpp:650] gyr saturation
W20250111 18:33:00.259858 710526 ImuError.cpp:650] gyr saturation
W20250111 18:33:00.259863 710526 ImuError.cpp:650] gyr saturation
W20250111 18:33:00.259868 710526 ImuError.cpp:650] gyr saturation
W20250111 18:33:00.259874 710526 ImuError.cpp:650] gyr saturation
W20250111 18:33:00.259881 710526 ImuError.cpp:650] gyr saturation
W20250111 18:33:00.259886 710526 ImuError.cpp:650] gyr saturation
W20250111 18:33:00.259897 710526 ImuError.cpp:650] gyr saturation
W20250111 18:33:00.259903 710526 ImuError.cpp:650] gyr saturation
W20250111 18:33:00.259909 710526 ImuError.cpp:650] gyr saturation
W20250111 18:33:00.259917 710526 ImuError.cpp:650] gyr saturation
W20250111 18:33:00.259927 710526 ImuError.cpp:650] gyr saturation
W20250111 18:33:00.259932 710526 ImuError.cpp:650] gyr saturation
W20250111 18:33:00.259938 710526 ImuError.cpp:650] gyr saturation
W20250111 18:33:00.259943 710526 ImuError.cpp:650] gyr saturation
W20250111 18:33:00.259949 710526 ImuError.cpp:650] gyr saturation
W20250111 18:33:00.259954 710526 ImuError.cpp:650] gyr saturation
W20250111 18:33:00.259959 710526 ImuError.cpp:650] gyr saturation
W20250111 18:33:00.259965 710526 ImuError.cpp:650] gyr saturation
W20250111 18:33:00.259971 710526 ImuError.cpp:650] gyr saturation
W20250111 18:33:00.259976 710526 ImuError.cpp:650] gyr saturation
W20250111 18:33:00.259982 710526 ImuError.cpp:650] gyr saturation
W20250111 18:33:00.259992 710526 ImuError.cpp:650] gyr saturation
W20250111 18:33:00.259999 710526 ImuError.cpp:650] gyr saturation
W20250111 18:33:00.260005 710526 ImuError.cpp:650] gyr saturation
W20250111 18:33:00.260011 710526 ImuError.cpp:650] gyr saturation
W20250111 18:33:00.260016 710526 ImuError.cpp:650] gyr saturation
W20250111 18:33:00.260021 710526 ImuError.cpp:650] gyr saturation
W20250111 18:33:00.260027 710526 ImuError.cpp:650] gyr saturation
W20250111 18:33:00.260032 710526 ImuError.cpp:650] gyr saturation
W20250111 18:33:00.260038 710526 ImuError.cpp:650] gyr saturation
W20250111 18:33:00.260044 710526 ImuError.cpp:650] gyr saturation
I20250111 18:33:00.262090 710526 Frontend.cpp:2274] RANSAC FAIL: 12 inliers, ratio = 0.5
W20250111 18:33:00.265594 710526 ImuError.cpp:368] gyr saturation
W20250111 18:33:00.265666 710526 ImuError.cpp:368] gyr saturation
W20250111 18:33:00.265678 710526 ImuError.cpp:368] gyr saturation
W20250111 18:33:00.265694 710526 ImuError.cpp:368] gyr saturation
W20250111 18:33:00.265707 710526 ImuError.cpp:368] gyr saturation
W20250111 18:33:00.265717 710526 ImuError.cpp:368] gyr saturation
W20250111 18:33:00.265729 710526 ImuError.cpp:368] gyr saturation
W20250111 18:33:00.265740 710526 ImuError.cpp:368] gyr saturation
W20250111 18:33:00.265751 710526 ImuError.cpp:368] gyr saturation
W20250111 18:33:00.265762 710526 ImuError.cpp:368] gyr saturation
W20250111 18:33:00.265774 710526 ImuError.cpp:368] gyr saturation
W20250111 18:33:00.265784 710526 ImuError.cpp:368] gyr saturation
W20250111 18:33:00.265795 710526 ImuError.cpp:368] gyr saturation
W20250111 18:33:00.265806 710526 ImuError.cpp:368] gyr saturation
W20250111 18:33:00.265817 710526 ImuError.cpp:368] gyr saturation
W20250111 18:33:00.265828 710526 ImuError.cpp:368] gyr saturation
W20250111 18:33:00.265839 710526 ImuError.cpp:368] gyr saturation
W20250111 18:33:00.265851 710526 ImuError.cpp:368] gyr saturation
W20250111 18:33:00.265861 710526 ImuError.cpp:368] gyr saturation
W20250111 18:33:00.265872 710526 ImuError.cpp:368] gyr saturation
W20250111 18:33:00.265883 710526 ImuError.cpp:368] gyr saturation
W20250111 18:33:00.265894 710526 ImuError.cpp:368] gyr saturation
W20250111 18:33:00.265905 710526 ImuError.cpp:368] gyr saturation
W20250111 18:33:00.265916 710526 ImuError.cpp:368] gyr saturation
W20250111 18:33:00.265928 710526 ImuError.cpp:368] gyr saturation
W20250111 18:33:00.265937 710526 ImuError.cpp:368] gyr saturation
W20250111 18:33:00.265949 710526 ImuError.cpp:368] gyr saturation
W20250111 18:33:00.265960 710526 ImuError.cpp:368] gyr saturation
W20250111 18:33:00.265981 710526 ImuError.cpp:368] gyr saturation
W20250111 18:33:00.266000 710526 ImuError.cpp:368] gyr saturation
W20250111 18:33:00.266011 710526 ImuError.cpp:368] gyr saturation
W20250111 18:33:00.266022 710526 ImuError.cpp:368] gyr saturation
W20250111 18:33:00.266033 710526 ImuError.cpp:368] gyr saturation
W20250111 18:33:00.266044 710526 ImuError.cpp:368] gyr saturation
W20250111 18:33:00.274086 710526 ImuError.cpp:650] gyr saturation
W20250111 18:33:00.274164 710526 ImuError.cpp:650] gyr saturation
W20250111 18:33:00.274173 710526 ImuError.cpp:650] gyr saturation
W20250111 18:33:00.274181 710526 ImuError.cpp:650] gyr saturation
W20250111 18:33:00.274187 710526 ImuError.cpp:650] gyr saturation
W20250111 18:33:00.274194 710526 ImuError.cpp:650] gyr saturation
W20250111 18:33:00.274200 710526 ImuError.cpp:650] gyr saturation
W20250111 18:33:00.274205 710526 ImuError.cpp:650] gyr saturation
W20250111 18:33:00.274211 710526 ImuError.cpp:650] gyr saturation
W20250111 18:33:00.274217 710526 ImuError.cpp:650] gyr saturation
W20250111 18:33:00.274223 710526 ImuError.cpp:650] gyr saturation
W20250111 18:33:00.274230 710526 ImuError.cpp:650] gyr saturation
W20250111 18:33:00.274235 710526 ImuError.cpp:650] gyr saturation
W20250111 18:33:00.274241 710526 ImuError.cpp:650] gyr saturation
W20250111 18:33:00.274247 710526 ImuError.cpp:650] gyr saturation
W20250111 18:33:00.274252 710526 ImuError.cpp:650] gyr saturation
W20250111 18:33:00.274259 710526 ImuError.cpp:650] gyr saturation
W20250111 18:33:00.274266 710526 ImuError.cpp:650] gyr saturation
W20250111 18:33:00.274271 710526 ImuError.cpp:650] gyr saturation
W20250111 18:33:00.274277 710526 ImuError.cpp:650] gyr saturation
W20250111 18:33:00.274283 710526 ImuError.cpp:650] gyr saturation
W20250111 18:33:00.274291 710526 ImuError.cpp:650] gyr saturation
W20250111 18:33:00.274296 710526 ImuError.cpp:650] gyr saturation
W20250111 18:33:00.274302 710526 ImuError.cpp:650] gyr saturation
W20250111 18:33:00.274308 710526 ImuError.cpp:650] gyr saturation
W20250111 18:33:00.274314 710526 ImuError.cpp:650] gyr saturation
W20250111 18:33:00.274320 710526 ImuError.cpp:650] gyr saturation
W20250111 18:33:00.274327 710526 ImuError.cpp:650] gyr saturation
W20250111 18:33:00.274333 710526 ImuError.cpp:650] gyr saturation
W20250111 18:33:00.274339 710526 ImuError.cpp:650] gyr saturation
W20250111 18:33:00.274344 710526 ImuError.cpp:650] gyr saturation
W20250111 18:33:00.274350 710526 ImuError.cpp:650] gyr saturation
W20250111 18:33:00.274355 710526 ImuError.cpp:650] gyr saturation
W20250111 18:33:00.274361 710526 ImuError.cpp:650] gyr saturation
W20250111 18:33:00.274369 710526 ImuError.cpp:650] gyr saturation
W20250111 18:33:00.274376 710526 ImuError.cpp:650] gyr saturation
W20250111 18:33:00.274381 710526 ImuError.cpp:650] gyr saturation
W20250111 18:33:00.274387 710526 ImuError.cpp:650] gyr saturation
W20250111 18:33:00.274392 710526 ImuError.cpp:650] gyr saturation
W20250111 18:33:00.274398 710526 ImuError.cpp:650] gyr saturation
W20250111 18:33:00.274405 710526 ImuError.cpp:650] gyr saturation
W20250111 18:33:00.274410 710526 ImuError.cpp:650] gyr saturation
W20250111 18:33:00.274416 710526 ImuError.cpp:650] gyr saturation
W20250111 18:33:00.274423 710526 ImuError.cpp:650] gyr saturation
W20250111 18:33:00.274430 710526 ImuError.cpp:650] gyr saturation
W20250111 18:33:00.274435 710526 ImuError.cpp:650] gyr saturation
W20250111 18:33:00.274441 710526 ImuError.cpp:650] gyr saturation
W20250111 18:33:00.274446 710526 ImuError.cpp:650] gyr saturation
W20250111 18:33:00.274453 710526 ImuError.cpp:650] gyr saturation
W20250111 18:33:00.274459 710526 ImuError.cpp:650] gyr saturation
W20250111 18:33:00.274464 710526 ImuError.cpp:650] gyr saturation
W20250111 18:33:00.274469 710526 ImuError.cpp:650] gyr saturation
W20250111 18:33:00.274475 710526 ImuError.cpp:650] gyr saturation
W20250111 18:33:00.274482 710526 ImuError.cpp:650] gyr saturation
W20250111 18:33:00.274487 710526 ImuError.cpp:650] gyr saturation
W20250111 18:33:00.274492 710526 ImuError.cpp:650] gyr saturation
W20250111 18:33:00.274499 710526 ImuError.cpp:650] gyr saturation
W20250111 18:33:00.274505 710526 ImuError.cpp:650] gyr saturation
W20250111 18:33:00.274511 710526 ImuError.cpp:650] gyr saturation
W20250111 18:33:00.274518 710526 ImuError.cpp:650] gyr saturation
W20250111 18:33:00.274523 710526 ImuError.cpp:650] gyr saturation
W20250111 18:33:00.274529 710526 ImuError.cpp:650] gyr saturation
W20250111 18:33:00.274535 710526 ImuError.cpp:650] gyr saturation
W20250111 18:33:00.274547 710526 ImuError.cpp:650] gyr saturation
W20250111 18:33:00.274554 710526 ImuError.cpp:650] gyr saturation
W20250111 18:33:00.274559 710526 ImuError.cpp:650] gyr saturation
W20250111 18:33:00.274565 710526 ImuError.cpp:650] gyr saturation
W20250111 18:33:00.300379 710526 ImuError.cpp:650] gyr saturation
W20250111 18:33:00.300420 710526 ImuError.cpp:650] gyr saturation
W20250111 18:33:00.300426 710526 ImuError.cpp:650] gyr saturation
W20250111 18:33:00.300431 710526 ImuError.cpp:650] gyr saturation
W20250111 18:33:00.300438 710526 ImuError.cpp:650] gyr saturation
W20250111 18:33:00.300443 710526 ImuError.cpp:650] gyr saturation
W20250111 18:33:00.300448 710526 ImuError.cpp:650] gyr saturation
W20250111 18:33:00.300453 710526 ImuError.cpp:650] gyr saturation
W20250111 18:33:00.300458 710526 ImuError.cpp:650] gyr saturation
W20250111 18:33:00.300463 710526 ImuError.cpp:650] gyr saturation
W20250111 18:33:00.300468 710526 ImuError.cpp:650] gyr saturation
W20250111 18:33:00.300473 710526 ImuError.cpp:650] gyr saturation
W20250111 18:33:00.300478 710526 ImuError.cpp:650] gyr saturation
W20250111 18:33:00.300483 710526 ImuError.cpp:650] gyr saturation
W20250111 18:33:00.300488 710526 ImuError.cpp:650] gyr saturation
W20250111 18:33:00.300493 710526 ImuError.cpp:650] gyr saturation
W20250111 18:33:00.300499 710526 ImuError.cpp:650] gyr saturation
W20250111 18:33:00.300504 710526 ImuError.cpp:650] gyr saturation
W20250111 18:33:00.300509 710526 ImuError.cpp:650] gyr saturation
W20250111 18:33:00.300515 710526 ImuError.cpp:650] gyr saturation
W20250111 18:33:00.300520 710526 ImuError.cpp:650] gyr saturation
W20250111 18:33:00.300525 710526 ImuError.cpp:650] gyr saturation
W20250111 18:33:00.300530 710526 ImuError.cpp:650] gyr saturation
W20250111 18:33:00.300535 710526 ImuError.cpp:650] gyr saturation
W20250111 18:33:00.300540 710526 ImuError.cpp:650] gyr saturation
W20250111 18:33:00.300545 710526 ImuError.cpp:650] gyr saturation
W20250111 18:33:00.300550 710526 ImuError.cpp:650] gyr saturation
W20250111 18:33:00.300556 710526 ImuError.cpp:650] gyr saturation
W20250111 18:33:00.300561 710526 ImuError.cpp:650] gyr saturation
W20250111 18:33:00.300566 710526 ImuError.cpp:650] gyr saturation
W20250111 18:33:00.300571 710526 ImuError.cpp:650] gyr saturation
W20250111 18:33:00.300576 710526 ImuError.cpp:650] gyr saturation
W20250111 18:33:00.300581 710526 ImuError.cpp:650] gyr saturation
W20250111 18:33:00.300587 710526 ImuError.cpp:650] gyr saturation
W20250111 18:33:00.300756 710526 ImuError.cpp:650] gyr saturation
W20250111 18:33:00.300765 710526 ImuError.cpp:650] gyr saturation
W20250111 18:33:00.300770 710526 ImuError.cpp:650] gyr saturation
W20250111 18:33:00.300776 710526 ImuError.cpp:650] gyr saturation
W20250111 18:33:00.300781 710526 ImuError.cpp:650] gyr saturation
W20250111 18:33:00.300786 710526 ImuError.cpp:650] gyr saturation
W20250111 18:33:00.300791 710526 ImuError.cpp:650] gyr saturation
W20250111 18:33:00.300796 710526 ImuError.cpp:650] gyr saturation
W20250111 18:33:00.300802 710526 ImuError.cpp:650] gyr saturation
W20250111 18:33:00.300807 710526 ImuError.cpp:650] gyr saturation
W20250111 18:33:00.300812 710526 ImuError.cpp:650] gyr saturation
W20250111 18:33:00.300817 710526 ImuError.cpp:650] gyr saturation
W20250111 18:33:00.300822 710526 ImuError.cpp:650] gyr saturation
W20250111 18:33:00.300827 710526 ImuError.cpp:650] gyr saturation
W20250111 18:33:00.300832 710526 ImuError.cpp:650] gyr saturation
W20250111 18:33:00.300837 710526 ImuError.cpp:650] gyr saturation
W20250111 18:33:00.300843 710526 ImuError.cpp:650] gyr saturation
W20250111 18:33:00.300853 710526 ImuError.cpp:650] gyr saturation
W20250111 18:33:00.300858 710526 ImuError.cpp:650] gyr saturation
W20250111 18:33:00.300863 710526 ImuError.cpp:650] gyr saturation
W20250111 18:33:00.300868 710526 ImuError.cpp:650] gyr saturation
W20250111 18:33:00.300873 710526 ImuError.cpp:650] gyr saturation
W20250111 18:33:00.300879 710526 ImuError.cpp:650] gyr saturation
W20250111 18:33:00.300884 710526 ImuError.cpp:650] gyr saturation
W20250111 18:33:00.300895 710526 ImuError.cpp:650] gyr saturation
W20250111 18:33:00.300901 710526 ImuError.cpp:650] gyr saturation
W20250111 18:33:00.300907 710526 ImuError.cpp:650] gyr saturation
W20250111 18:33:00.300911 710526 ImuError.cpp:650] gyr saturation
W20250111 18:33:00.300916 710526 ImuError.cpp:650] gyr saturation
W20250111 18:33:00.300922 710526 ImuError.cpp:650] gyr saturation
W20250111 18:33:00.300928 710526 ImuError.cpp:650] gyr saturation
W20250111 18:33:00.300933 710526 ImuError.cpp:650] gyr saturation
W20250111 18:33:00.300938 710526 ImuError.cpp:650] gyr saturation
W20250111 18:33:00.300944 710526 ImuError.cpp:650] gyr saturation
I20250111 18:33:00.303164 710526 Frontend.cpp:2274] RANSAC FAIL: 11 inliers, ratio = 0.55
W20250111 18:33:00.306859 710526 ImuError.cpp:368] gyr saturation
W20250111 18:33:00.306931 710526 ImuError.cpp:368] gyr saturation
W20250111 18:33:00.306943 710526 ImuError.cpp:368] gyr saturation
W20250111 18:33:00.306954 710526 ImuError.cpp:368] gyr saturation
W20250111 18:33:00.306965 710526 ImuError.cpp:368] gyr saturation
W20250111 18:33:00.306977 710526 ImuError.cpp:368] gyr saturation
W20250111 18:33:00.306991 710526 ImuError.cpp:368] gyr saturation
W20250111 18:33:00.307004 710526 ImuError.cpp:368] gyr saturation
W20250111 18:33:00.307015 710526 ImuError.cpp:368] gyr saturation
W20250111 18:33:00.307026 710526 ImuError.cpp:368] gyr saturation
W20250111 18:33:00.307036 710526 ImuError.cpp:368] gyr saturation
W20250111 18:33:00.307047 710526 ImuError.cpp:368] gyr saturation
W20250111 18:33:00.307057 710526 ImuError.cpp:368] gyr saturation
W20250111 18:33:00.307068 710526 ImuError.cpp:368] gyr saturation
W20250111 18:33:00.307078 710526 ImuError.cpp:368] gyr saturation
W20250111 18:33:00.307089 710526 ImuError.cpp:368] gyr saturation
W20250111 18:33:00.307099 710526 ImuError.cpp:368] gyr saturation
W20250111 18:33:00.307111 710526 ImuError.cpp:368] gyr saturation
W20250111 18:33:00.307121 710526 ImuError.cpp:368] gyr saturation
W20250111 18:33:00.307132 710526 ImuError.cpp:368] gyr saturation
W20250111 18:33:00.307142 710526 ImuError.cpp:368] gyr saturation
W20250111 18:33:00.307152 710526 ImuError.cpp:368] gyr saturation
W20250111 18:33:00.307163 710526 ImuError.cpp:368] gyr saturation
W20250111 18:33:00.307173 710526 ImuError.cpp:368] gyr saturation
W20250111 18:33:00.307183 710526 ImuError.cpp:368] gyr saturation
W20250111 18:33:00.307194 710526 ImuError.cpp:368] gyr saturation
W20250111 18:33:00.307204 710526 ImuError.cpp:368] gyr saturation
W20250111 18:33:00.307215 710526 ImuError.cpp:368] gyr saturation
W20250111 18:33:00.307225 710526 ImuError.cpp:368] gyr saturation
W20250111 18:33:00.307236 710526 ImuError.cpp:368] gyr saturation
W20250111 18:33:00.307246 710526 ImuError.cpp:368] gyr saturation
W20250111 18:33:00.307257 710526 ImuError.cpp:368] gyr saturation
W20250111 18:33:00.307267 710526 ImuError.cpp:368] gyr saturation
W20250111 18:33:00.307278 710526 ImuError.cpp:368] gyr saturation
W20250111 18:33:00.314900 710526 ImuError.cpp:650] gyr saturation
W20250111 18:33:00.314962 710526 ImuError.cpp:650] gyr saturation
W20250111 18:33:00.314971 710526 ImuError.cpp:650] gyr saturation
W20250111 18:33:00.314980 710526 ImuError.cpp:650] gyr saturation
W20250111 18:33:00.314986 710526 ImuError.cpp:650] gyr saturation
W20250111 18:33:00.315002 710526 ImuError.cpp:650] gyr saturation
W20250111 18:33:00.315008 710526 ImuError.cpp:650] gyr saturation
W20250111 18:33:00.315016 710526 ImuError.cpp:650] gyr saturation
W20250111 18:33:00.315021 710526 ImuError.cpp:650] gyr saturation
W20250111 18:33:00.315027 710526 ImuError.cpp:650] gyr saturation
W20250111 18:33:00.315033 710526 ImuError.cpp:650] gyr saturation
W20250111 18:33:00.315049 710526 ImuError.cpp:650] gyr saturation
W20250111 18:33:00.315057 710526 ImuError.cpp:650] gyr saturation
W20250111 18:33:00.315063 710526 ImuError.cpp:650] gyr saturation
W20250111 18:33:00.315068 710526 ImuError.cpp:650] gyr saturation
W20250111 18:33:00.315073 710526 ImuError.cpp:650] gyr saturation
W20250111 18:33:00.315079 710526 ImuError.cpp:650] gyr saturation
W20250111 18:33:00.315091 710526 ImuError.cpp:650] gyr saturation
W20250111 18:33:00.315101 710526 ImuError.cpp:650] gyr saturation
W20250111 18:33:00.315109 710526 ImuError.cpp:650] gyr saturation
W20250111 18:33:00.315114 710526 ImuError.cpp:650] gyr saturation
W20250111 18:33:00.315121 710526 ImuError.cpp:650] gyr saturation
W20250111 18:33:00.315127 710526 ImuError.cpp:650] gyr saturation
W20250111 18:33:00.315133 710526 ImuError.cpp:650] gyr saturation
W20250111 18:33:00.315140 710526 ImuError.cpp:650] gyr saturation
W20250111 18:33:00.315145 710526 ImuError.cpp:650] gyr saturation
W20250111 18:33:00.315152 710526 ImuError.cpp:650] gyr saturation
W20250111 18:33:00.315158 710526 ImuError.cpp:650] gyr saturation
W20250111 18:33:00.315165 710526 ImuError.cpp:650] gyr saturation
W20250111 18:33:00.315171 710526 ImuError.cpp:650] gyr saturation
W20250111 18:33:00.315179 710526 ImuError.cpp:650] gyr saturation
W20250111 18:33:00.315186 710526 ImuError.cpp:650] gyr saturation
W20250111 18:33:00.315192 710526 ImuError.cpp:650] gyr saturation
W20250111 18:33:00.315199 710526 ImuError.cpp:650] gyr saturation
W20250111 18:33:00.315207 710526 ImuError.cpp:650] gyr saturation
W20250111 18:33:00.315212 710526 ImuError.cpp:650] gyr saturation
W20250111 18:33:00.315219 710526 ImuError.cpp:650] gyr saturation
W20250111 18:33:00.315227 710526 ImuError.cpp:650] gyr saturation
W20250111 18:33:00.315235 710526 ImuError.cpp:650] gyr saturation
W20250111 18:33:00.315243 710526 ImuError.cpp:650] gyr saturation
W20250111 18:33:00.315248 710526 ImuError.cpp:650] gyr saturation
W20250111 18:33:00.315255 710526 ImuError.cpp:650] gyr saturation
W20250111 18:33:00.315263 710526 ImuError.cpp:650] gyr saturation
W20250111 18:33:00.315270 710526 ImuError.cpp:650] gyr saturation
W20250111 18:33:00.315277 710526 ImuError.cpp:650] gyr saturation
W20250111 18:33:00.315284 710526 ImuError.cpp:650] gyr saturation
W20250111 18:33:00.315290 710526 ImuError.cpp:650] gyr saturation
W20250111 18:33:00.315297 710526 ImuError.cpp:650] gyr saturation
W20250111 18:33:00.315303 710526 ImuError.cpp:650] gyr saturation
W20250111 18:33:00.315310 710526 ImuError.cpp:650] gyr saturation
W20250111 18:33:00.315315 710526 ImuError.cpp:650] gyr saturation
W20250111 18:33:00.315321 710526 ImuError.cpp:650] gyr saturation
W20250111 18:33:00.315326 710526 ImuError.cpp:650] gyr saturation
W20250111 18:33:00.315332 710526 ImuError.cpp:650] gyr saturation
W20250111 18:33:00.315338 710526 ImuError.cpp:650] gyr saturation
W20250111 18:33:00.315346 710526 ImuError.cpp:650] gyr saturation
W20250111 18:33:00.315351 710526 ImuError.cpp:650] gyr saturation
W20250111 18:33:00.315356 710526 ImuError.cpp:650] gyr saturation
W20250111 18:33:00.315363 710526 ImuError.cpp:650] gyr saturation
W20250111 18:33:00.315368 710526 ImuError.cpp:650] gyr saturation
W20250111 18:33:00.315374 710526 ImuError.cpp:650] gyr saturation
W20250111 18:33:00.315380 710526 ImuError.cpp:650] gyr saturation
W20250111 18:33:00.315387 710526 ImuError.cpp:650] gyr saturation
W20250111 18:33:00.315392 710526 ImuError.cpp:650] gyr saturation
W20250111 18:33:00.315398 710526 ImuError.cpp:650] gyr saturation
W20250111 18:33:00.315403 710526 ImuError.cpp:650] gyr saturation
W20250111 18:33:00.315410 710526 ImuError.cpp:650] gyr saturation
W20250111 18:33:00.315420 710526 ImuError.cpp:650] gyr saturation
W20250111 18:33:00.355072 710526 ImuError.cpp:650] gyr saturation
W20250111 18:33:00.355125 710526 ImuError.cpp:650] gyr saturation
W20250111 18:33:00.355131 710526 ImuError.cpp:650] gyr saturation
W20250111 18:33:00.355136 710526 ImuError.cpp:650] gyr saturation
W20250111 18:33:00.355141 710526 ImuError.cpp:650] gyr saturation
W20250111 18:33:00.355145 710526 ImuError.cpp:650] gyr saturation
W20250111 18:33:00.355157 710526 ImuError.cpp:650] gyr saturation
W20250111 18:33:00.355165 710526 ImuError.cpp:650] gyr saturation
W20250111 18:33:00.355170 710526 ImuError.cpp:650] gyr saturation
W20250111 18:33:00.355175 710526 ImuError.cpp:650] gyr saturation
W20250111 18:33:00.355180 710526 ImuError.cpp:650] gyr saturation
W20250111 18:33:00.355190 710526 ImuError.cpp:650] gyr saturation
W20250111 18:33:00.355195 710526 ImuError.cpp:650] gyr saturation
W20250111 18:33:00.355201 710526 ImuError.cpp:650] gyr saturation
W20250111 18:33:00.355207 710526 ImuError.cpp:650] gyr saturation
W20250111 18:33:00.355212 710526 ImuError.cpp:650] gyr saturation
W20250111 18:33:00.355217 710526 ImuError.cpp:650] gyr saturation
W20250111 18:33:00.355222 710526 ImuError.cpp:650] gyr saturation
W20250111 18:33:00.355228 710526 ImuError.cpp:650] gyr saturation
W20250111 18:33:00.355233 710526 ImuError.cpp:650] gyr saturation
W20250111 18:33:00.355238 710526 ImuError.cpp:650] gyr saturation
W20250111 18:33:00.355243 710526 ImuError.cpp:650] gyr saturation
W20250111 18:33:00.355248 710526 ImuError.cpp:650] gyr saturation
W20250111 18:33:00.355253 710526 ImuError.cpp:650] gyr saturation
W20250111 18:33:00.355259 710526 ImuError.cpp:650] gyr saturation
W20250111 18:33:00.355264 710526 ImuError.cpp:650] gyr saturation
W20250111 18:33:00.355270 710526 ImuError.cpp:650] gyr saturation
W20250111 18:33:00.355275 710526 ImuError.cpp:650] gyr saturation
W20250111 18:33:00.355280 710526 ImuError.cpp:650] gyr saturation
W20250111 18:33:00.355285 710526 ImuError.cpp:650] gyr saturation
W20250111 18:33:00.355290 710526 ImuError.cpp:650] gyr saturation
W20250111 18:33:00.355295 710526 ImuError.cpp:650] gyr saturation
W20250111 18:33:00.355300 710526 ImuError.cpp:650] gyr saturation
W20250111 18:33:00.355305 710526 ImuError.cpp:650] gyr saturation
W20250111 18:33:00.355310 710526 ImuError.cpp:650] gyr saturation
W20250111 18:33:00.355417 710526 ImuError.cpp:650] gyr saturation
W20250111 18:33:00.355427 710526 ImuError.cpp:650] gyr saturation
W20250111 18:33:00.355432 710526 ImuError.cpp:650] gyr saturation
W20250111 18:33:00.355437 710526 ImuError.cpp:650] gyr saturation
W20250111 18:33:00.355443 710526 ImuError.cpp:650] gyr saturation
W20250111 18:33:00.355448 710526 ImuError.cpp:650] gyr saturation
W20250111 18:33:00.355453 710526 ImuError.cpp:650] gyr saturation
W20250111 18:33:00.355458 710526 ImuError.cpp:650] gyr saturation
W20250111 18:33:00.355463 710526 ImuError.cpp:650] gyr saturation
W20250111 18:33:00.355468 710526 ImuError.cpp:650] gyr saturation
W20250111 18:33:00.355473 710526 ImuError.cpp:650] gyr saturation
W20250111 18:33:00.355479 710526 ImuError.cpp:650] gyr saturation
W20250111 18:33:00.355485 710526 ImuError.cpp:650] gyr saturation
W20250111 18:33:00.355490 710526 ImuError.cpp:650] gyr saturation
W20250111 18:33:00.355496 710526 ImuError.cpp:650] gyr saturation
W20250111 18:33:00.355501 710526 ImuError.cpp:650] gyr saturation
W20250111 18:33:00.355507 710526 ImuError.cpp:650] gyr saturation
W20250111 18:33:00.355512 710526 ImuError.cpp:650] gyr saturation
W20250111 18:33:00.355517 710526 ImuError.cpp:650] gyr saturation
W20250111 18:33:00.355523 710526 ImuError.cpp:650] gyr saturation
W20250111 18:33:00.355528 710526 ImuError.cpp:650] gyr saturation
W20250111 18:33:00.355533 710526 ImuError.cpp:650] gyr saturation
W20250111 18:33:00.355538 710526 ImuError.cpp:650] gyr saturation
W20250111 18:33:00.355544 710526 ImuError.cpp:650] gyr saturation
W20250111 18:33:00.355549 710526 ImuError.cpp:650] gyr saturation
W20250111 18:33:00.355556 710526 ImuError.cpp:650] gyr saturation
W20250111 18:33:00.355561 710526 ImuError.cpp:650] gyr saturation
W20250111 18:33:00.355566 710526 ImuError.cpp:650] gyr saturation
W20250111 18:33:00.355571 710526 ImuError.cpp:650] gyr saturation
W20250111 18:33:00.355576 710526 ImuError.cpp:650] gyr saturation
W20250111 18:33:00.355581 710526 ImuError.cpp:650] gyr saturation
W20250111 18:33:00.355587 710526 ImuError.cpp:650] gyr saturation
W20250111 18:33:00.355592 710526 ImuError.cpp:650] gyr saturation
W20250111 18:33:00.355600 710526 ImuError.cpp:650] gyr saturation
W20250111 18:33:00.355607 710526 ImuError.cpp:650] gyr saturation
W20250111 18:33:00.359702 710526 ImuError.cpp:368] gyr saturation
W20250111 18:33:00.359776 710526 ImuError.cpp:368] gyr saturation
W20250111 18:33:00.359788 710526 ImuError.cpp:368] gyr saturation
W20250111 18:33:00.359813 710526 ImuError.cpp:368] gyr saturation
W20250111 18:33:00.359827 710526 ImuError.cpp:368] gyr saturation
W20250111 18:33:00.359839 710526 ImuError.cpp:368] gyr saturation
W20250111 18:33:00.359850 710526 ImuError.cpp:368] gyr saturation
W20250111 18:33:00.359861 710526 ImuError.cpp:368] gyr saturation
W20250111 18:33:00.359872 710526 ImuError.cpp:368] gyr saturation
W20250111 18:33:00.359884 710526 ImuError.cpp:368] gyr saturation
W20250111 18:33:00.359894 710526 ImuError.cpp:368] gyr saturation
W20250111 18:33:00.359905 710526 ImuError.cpp:368] gyr saturation
W20250111 18:33:00.359915 710526 ImuError.cpp:368] gyr saturation
W20250111 18:33:00.359925 710526 ImuError.cpp:368] gyr saturation
W20250111 18:33:00.359935 710526 ImuError.cpp:368] gyr saturation
W20250111 18:33:00.359947 710526 ImuError.cpp:368] gyr saturation
W20250111 18:33:00.359958 710526 ImuError.cpp:368] gyr saturation
W20250111 18:33:00.359968 710526 ImuError.cpp:368] gyr saturation
W20250111 18:33:00.359979 710526 ImuError.cpp:368] gyr saturation
W20250111 18:33:00.359994 710526 ImuError.cpp:368] gyr saturation
W20250111 18:33:00.360005 710526 ImuError.cpp:368] gyr saturation
W20250111 18:33:00.360016 710526 ImuError.cpp:368] gyr saturation
W20250111 18:33:00.360026 710526 ImuError.cpp:368] gyr saturation
W20250111 18:33:00.360037 710526 ImuError.cpp:368] gyr saturation
W20250111 18:33:00.360047 710526 ImuError.cpp:368] gyr saturation
W20250111 18:33:00.360059 710526 ImuError.cpp:368] gyr saturation
W20250111 18:33:00.360069 710526 ImuError.cpp:368] gyr saturation
W20250111 18:33:00.360080 710526 ImuError.cpp:368] gyr saturation
W20250111 18:33:00.360091 710526 ImuError.cpp:368] gyr saturation
W20250111 18:33:00.360102 710526 ImuError.cpp:368] gyr saturation
W20250111 18:33:00.360113 710526 ImuError.cpp:368] gyr saturation
W20250111 18:33:00.360126 710526 ImuError.cpp:368] gyr saturation
W20250111 18:33:00.360136 710526 ImuError.cpp:368] gyr saturation
W20250111 18:33:00.360146 710526 ImuError.cpp:368] gyr saturation
W20250111 18:33:00.360157 710526 ImuError.cpp:368] gyr saturation
W20250111 18:33:00.366850 710526 ImuError.cpp:650] gyr saturation
W20250111 18:33:00.366910 710526 ImuError.cpp:650] gyr saturation
W20250111 18:33:00.366920 710526 ImuError.cpp:650] gyr saturation
W20250111 18:33:00.366925 710526 ImuError.cpp:650] gyr saturation
W20250111 18:33:00.366933 710526 ImuError.cpp:650] gyr saturation
W20250111 18:33:00.366940 710526 ImuError.cpp:650] gyr saturation
W20250111 18:33:00.366945 710526 ImuError.cpp:650] gyr saturation
W20250111 18:33:00.366951 710526 ImuError.cpp:650] gyr saturation
W20250111 18:33:00.366959 710526 ImuError.cpp:650] gyr saturation
W20250111 18:33:00.366968 710526 ImuError.cpp:650] gyr saturation
W20250111 18:33:00.366974 710526 ImuError.cpp:650] gyr saturation
W20250111 18:33:00.366981 710526 ImuError.cpp:650] gyr saturation
W20250111 18:33:00.366986 710526 ImuError.cpp:650] gyr saturation
W20250111 18:33:00.367002 710526 ImuError.cpp:650] gyr saturation
W20250111 18:33:00.367008 710526 ImuError.cpp:650] gyr saturation
W20250111 18:33:00.367015 710526 ImuError.cpp:650] gyr saturation
W20250111 18:33:00.367022 710526 ImuError.cpp:650] gyr saturation
W20250111 18:33:00.367027 710526 ImuError.cpp:650] gyr saturation
W20250111 18:33:00.367035 710526 ImuError.cpp:650] gyr saturation
W20250111 18:33:00.367043 710526 ImuError.cpp:650] gyr saturation
W20250111 18:33:00.367049 710526 ImuError.cpp:650] gyr saturation
W20250111 18:33:00.367055 710526 ImuError.cpp:650] gyr saturation
W20250111 18:33:00.367061 710526 ImuError.cpp:650] gyr saturation
W20250111 18:33:00.367069 710526 ImuError.cpp:650] gyr saturation
W20250111 18:33:00.367074 710526 ImuError.cpp:650] gyr saturation
W20250111 18:33:00.367094 710526 ImuError.cpp:650] gyr saturation
W20250111 18:33:00.367101 710526 ImuError.cpp:650] gyr saturation
W20250111 18:33:00.367107 710526 ImuError.cpp:650] gyr saturation
W20250111 18:33:00.367113 710526 ImuError.cpp:650] gyr saturation
W20250111 18:33:00.367120 710526 ImuError.cpp:650] gyr saturation
W20250111 18:33:00.367132 710526 ImuError.cpp:650] gyr saturation
W20250111 18:33:00.367138 710526 ImuError.cpp:650] gyr saturation
W20250111 18:33:00.367144 710526 ImuError.cpp:650] gyr saturation
W20250111 18:33:00.367151 710526 ImuError.cpp:650] gyr saturation
W20250111 18:33:00.367157 710526 ImuError.cpp:650] gyr saturation
W20250111 18:33:00.367164 710526 ImuError.cpp:650] gyr saturation
W20250111 18:33:00.367170 710526 ImuError.cpp:650] gyr saturation
W20250111 18:33:00.367177 710526 ImuError.cpp:650] gyr saturation
W20250111 18:33:00.367182 710526 ImuError.cpp:650] gyr saturation
W20250111 18:33:00.367187 710526 ImuError.cpp:650] gyr saturation
W20250111 18:33:00.367193 710526 ImuError.cpp:650] gyr saturation
W20250111 18:33:00.367198 710526 ImuError.cpp:650] gyr saturation
W20250111 18:33:00.367205 710526 ImuError.cpp:650] gyr saturation
W20250111 18:33:00.367211 710526 ImuError.cpp:650] gyr saturation
W20250111 18:33:00.367216 710526 ImuError.cpp:650] gyr saturation
W20250111 18:33:00.367223 710526 ImuError.cpp:650] gyr saturation
W20250111 18:33:00.367229 710526 ImuError.cpp:650] gyr saturation
W20250111 18:33:00.367235 710526 ImuError.cpp:650] gyr saturation
W20250111 18:33:00.367240 710526 ImuError.cpp:650] gyr saturation
W20250111 18:33:00.367246 710526 ImuError.cpp:650] gyr saturation
W20250111 18:33:00.367254 710526 ImuError.cpp:650] gyr saturation
W20250111 18:33:00.367259 710526 ImuError.cpp:650] gyr saturation
W20250111 18:33:00.367265 710526 ImuError.cpp:650] gyr saturation
W20250111 18:33:00.367270 710526 ImuError.cpp:650] gyr saturation
W20250111 18:33:00.367278 710526 ImuError.cpp:650] gyr saturation
W20250111 18:33:00.367283 710526 ImuError.cpp:650] gyr saturation
W20250111 18:33:00.367290 710526 ImuError.cpp:650] gyr saturation
W20250111 18:33:00.367295 710526 ImuError.cpp:650] gyr saturation
W20250111 18:33:00.367301 710526 ImuError.cpp:650] gyr saturation
W20250111 18:33:00.367306 710526 ImuError.cpp:650] gyr saturation
W20250111 18:33:00.367312 710526 ImuError.cpp:650] gyr saturation
W20250111 18:33:00.367317 710526 ImuError.cpp:650] gyr saturation
W20250111 18:33:00.367327 710526 ImuError.cpp:650] gyr saturation
W20250111 18:33:00.367333 710526 ImuError.cpp:650] gyr saturation
W20250111 18:33:00.367339 710526 ImuError.cpp:650] gyr saturation
W20250111 18:33:00.367345 710526 ImuError.cpp:650] gyr saturation
W20250111 18:33:00.367352 710526 ImuError.cpp:650] gyr saturation
W20250111 18:33:00.367357 710526 ImuError.cpp:650] gyr saturation
W20250111 18:33:00.406303 710526 ImuError.cpp:650] gyr saturation
W20250111 18:33:00.406373 710526 ImuError.cpp:650] gyr saturation
W20250111 18:33:00.406380 710526 ImuError.cpp:650] gyr saturation
W20250111 18:33:00.406386 710526 ImuError.cpp:650] gyr saturation
W20250111 18:33:00.406392 710526 ImuError.cpp:650] gyr saturation
W20250111 18:33:00.406396 710526 ImuError.cpp:650] gyr saturation
W20250111 18:33:00.406401 710526 ImuError.cpp:650] gyr saturation
W20250111 18:33:00.406406 710526 ImuError.cpp:650] gyr saturation
W20250111 18:33:00.406411 710526 ImuError.cpp:650] gyr saturation
W20250111 18:33:00.406417 710526 ImuError.cpp:650] gyr saturation
W20250111 18:33:00.406422 710526 ImuError.cpp:650] gyr saturation
W20250111 18:33:00.406427 710526 ImuError.cpp:650] gyr saturation
W20250111 18:33:00.406432 710526 ImuError.cpp:650] gyr saturation
W20250111 18:33:00.406437 710526 ImuError.cpp:650] gyr saturation
W20250111 18:33:00.406443 710526 ImuError.cpp:650] gyr saturation
W20250111 18:33:00.406448 710526 ImuError.cpp:650] gyr saturation
W20250111 18:33:00.406452 710526 ImuError.cpp:650] gyr saturation
W20250111 18:33:00.406457 710526 ImuError.cpp:650] gyr saturation
W20250111 18:33:00.406463 710526 ImuError.cpp:650] gyr saturation
W20250111 18:33:00.406478 710526 ImuError.cpp:650] gyr saturation
W20250111 18:33:00.406483 710526 ImuError.cpp:650] gyr saturation
W20250111 18:33:00.406489 710526 ImuError.cpp:650] gyr saturation
W20250111 18:33:00.406494 710526 ImuError.cpp:650] gyr saturation
W20250111 18:33:00.406499 710526 ImuError.cpp:650] gyr saturation
W20250111 18:33:00.406513 710526 ImuError.cpp:650] gyr saturation
W20250111 18:33:00.406519 710526 ImuError.cpp:650] gyr saturation
W20250111 18:33:00.406525 710526 ImuError.cpp:650] gyr saturation
W20250111 18:33:00.406534 710526 ImuError.cpp:650] gyr saturation
W20250111 18:33:00.406540 710526 ImuError.cpp:650] gyr saturation
W20250111 18:33:00.406545 710526 ImuError.cpp:650] gyr saturation
W20250111 18:33:00.406551 710526 ImuError.cpp:650] gyr saturation
W20250111 18:33:00.406556 710526 ImuError.cpp:650] gyr saturation
W20250111 18:33:00.406561 710526 ImuError.cpp:650] gyr saturation
W20250111 18:33:00.406566 710526 ImuError.cpp:650] gyr saturation
W20250111 18:33:00.406613 710526 ImuError.cpp:650] gyr saturation
W20250111 18:33:00.406620 710526 ImuError.cpp:650] gyr saturation
W20250111 18:33:00.406625 710526 ImuError.cpp:650] gyr saturation
W20250111 18:33:00.406630 710526 ImuError.cpp:650] gyr saturation
W20250111 18:33:00.406635 710526 ImuError.cpp:650] gyr saturation
W20250111 18:33:00.406641 710526 ImuError.cpp:650] gyr saturation
W20250111 18:33:00.406646 710526 ImuError.cpp:650] gyr saturation
W20250111 18:33:00.406651 710526 ImuError.cpp:650] gyr saturation
W20250111 18:33:00.406656 710526 ImuError.cpp:650] gyr saturation
W20250111 18:33:00.406661 710526 ImuError.cpp:650] gyr saturation
W20250111 18:33:00.406666 710526 ImuError.cpp:650] gyr saturation
W20250111 18:33:00.406672 710526 ImuError.cpp:650] gyr saturation
W20250111 18:33:00.406677 710526 ImuError.cpp:650] gyr saturation
W20250111 18:33:00.406682 710526 ImuError.cpp:650] gyr saturation
W20250111 18:33:00.406687 710526 ImuError.cpp:650] gyr saturation
W20250111 18:33:00.406692 710526 ImuError.cpp:650] gyr saturation
W20250111 18:33:00.406697 710526 ImuError.cpp:650] gyr saturation
W20250111 18:33:00.406702 710526 ImuError.cpp:650] gyr saturation
W20250111 18:33:00.406708 710526 ImuError.cpp:650] gyr saturation
W20250111 18:33:00.406713 710526 ImuError.cpp:650] gyr saturation
W20250111 18:33:00.406718 710526 ImuError.cpp:650] gyr saturation
W20250111 18:33:00.406723 710526 ImuError.cpp:650] gyr saturation
W20250111 18:33:00.406728 710526 ImuError.cpp:650] gyr saturation
W20250111 18:33:00.406733 710526 ImuError.cpp:650] gyr saturation
W20250111 18:33:00.406738 710526 ImuError.cpp:650] gyr saturation
W20250111 18:33:00.406744 710526 ImuError.cpp:650] gyr saturation
W20250111 18:33:00.406749 710526 ImuError.cpp:650] gyr saturation
W20250111 18:33:00.406754 710526 ImuError.cpp:650] gyr saturation
W20250111 18:33:00.406759 710526 ImuError.cpp:650] gyr saturation
W20250111 18:33:00.406764 710526 ImuError.cpp:650] gyr saturation
W20250111 18:33:00.406769 710526 ImuError.cpp:650] gyr saturation
W20250111 18:33:00.406774 710526 ImuError.cpp:650] gyr saturation
W20250111 18:33:00.406780 710526 ImuError.cpp:650] gyr saturation
W20250111 18:33:00.406785 710526 ImuError.cpp:650] gyr saturation
W20250111 18:33:00.410682 710526 ImuError.cpp:368] gyr saturation
W20250111 18:33:00.410758 710526 ImuError.cpp:368] gyr saturation
W20250111 18:33:00.410769 710526 ImuError.cpp:368] gyr saturation
W20250111 18:33:00.410780 710526 ImuError.cpp:368] gyr saturation
W20250111 18:33:00.410790 710526 ImuError.cpp:368] gyr saturation
W20250111 18:33:00.410801 710526 ImuError.cpp:368] gyr saturation
W20250111 18:33:00.410815 710526 ImuError.cpp:368] gyr saturation
W20250111 18:33:00.410825 710526 ImuError.cpp:368] gyr saturation
W20250111 18:33:00.410835 710526 ImuError.cpp:368] gyr saturation
W20250111 18:33:00.410845 710526 ImuError.cpp:368] gyr saturation
W20250111 18:33:00.410856 710526 ImuError.cpp:368] gyr saturation
W20250111 18:33:00.410866 710526 ImuError.cpp:368] gyr saturation
W20250111 18:33:00.410877 710526 ImuError.cpp:368] gyr saturation
W20250111 18:33:00.410895 710526 ImuError.cpp:368] gyr saturation
W20250111 18:33:00.410905 710526 ImuError.cpp:368] gyr saturation
W20250111 18:33:00.410916 710526 ImuError.cpp:368] gyr saturation
W20250111 18:33:00.410928 710526 ImuError.cpp:368] gyr saturation
W20250111 18:33:00.410938 710526 ImuError.cpp:368] gyr saturation
W20250111 18:33:00.410953 710526 ImuError.cpp:368] gyr saturation
W20250111 18:33:00.410964 710526 ImuError.cpp:368] gyr saturation
W20250111 18:33:00.410975 710526 ImuError.cpp:368] gyr saturation
W20250111 18:33:00.410985 710526 ImuError.cpp:368] gyr saturation
W20250111 18:33:00.411001 710526 ImuError.cpp:368] gyr saturation
W20250111 18:33:00.411012 710526 ImuError.cpp:368] gyr saturation
W20250111 18:33:00.411023 710526 ImuError.cpp:368] gyr saturation
W20250111 18:33:00.411034 710526 ImuError.cpp:368] gyr saturation
W20250111 18:33:00.411044 710526 ImuError.cpp:368] gyr saturation
W20250111 18:33:00.411055 710526 ImuError.cpp:368] gyr saturation
W20250111 18:33:00.411065 710526 ImuError.cpp:368] gyr saturation
W20250111 18:33:00.411077 710526 ImuError.cpp:368] gyr saturation
W20250111 18:33:00.411087 710526 ImuError.cpp:368] gyr saturation
W20250111 18:33:00.411098 710526 ImuError.cpp:368] gyr saturation
W20250111 18:33:00.411108 710526 ImuError.cpp:368] gyr saturation
W20250111 18:33:00.411118 710526 ImuError.cpp:368] gyr saturation
W20250111 18:33:00.415370 710526 Frontend.cpp:612] 3d2d tracking weak: quality=0. Number of 3d2d-matches: 5
W20250111 18:33:00.417044 710526 ImuError.cpp:650] gyr saturation
W20250111 18:33:00.417090 710526 ImuError.cpp:650] gyr saturation
W20250111 18:33:00.417100 710526 ImuError.cpp:650] gyr saturation
W20250111 18:33:00.417106 710526 ImuError.cpp:650] gyr saturation
W20250111 18:33:00.417111 710526 ImuError.cpp:650] gyr saturation
W20250111 18:33:00.417117 710526 ImuError.cpp:650] gyr saturation
W20250111 18:33:00.417124 710526 ImuError.cpp:650] gyr saturation
W20250111 18:33:00.417130 710526 ImuError.cpp:650] gyr saturation
W20250111 18:33:00.417136 710526 ImuError.cpp:650] gyr saturation
W20250111 18:33:00.417142 710526 ImuError.cpp:650] gyr saturation
W20250111 18:33:00.417147 710526 ImuError.cpp:650] gyr saturation
W20250111 18:33:00.417155 710526 ImuError.cpp:650] gyr saturation
W20250111 18:33:00.417160 710526 ImuError.cpp:650] gyr saturation
W20250111 18:33:00.417166 710526 ImuError.cpp:650] gyr saturation
W20250111 18:33:00.417171 710526 ImuError.cpp:650] gyr saturation
W20250111 18:33:00.417178 710526 ImuError.cpp:650] gyr saturation
W20250111 18:33:00.417184 710526 ImuError.cpp:650] gyr saturation
W20250111 18:33:00.417191 710526 ImuError.cpp:650] gyr saturation
W20250111 18:33:00.417196 710526 ImuError.cpp:650] gyr saturation
W20250111 18:33:00.417202 710526 ImuError.cpp:650] gyr saturation
W20250111 18:33:00.417207 710526 ImuError.cpp:650] gyr saturation
W20250111 18:33:00.417213 710526 ImuError.cpp:650] gyr saturation
W20250111 18:33:00.417219 710526 ImuError.cpp:650] gyr saturation
W20250111 18:33:00.417227 710526 ImuError.cpp:650] gyr saturation
W20250111 18:33:00.417233 710526 ImuError.cpp:650] gyr saturation
W20250111 18:33:00.417239 710526 ImuError.cpp:650] gyr saturation
W20250111 18:33:00.417245 710526 ImuError.cpp:650] gyr saturation
W20250111 18:33:00.417251 710526 ImuError.cpp:650] gyr saturation
W20250111 18:33:00.417258 710526 ImuError.cpp:650] gyr saturation
W20250111 18:33:00.417264 710526 ImuError.cpp:650] gyr saturation
W20250111 18:33:00.417270 710526 ImuError.cpp:650] gyr saturation
W20250111 18:33:00.417277 710526 ImuError.cpp:650] gyr saturation
W20250111 18:33:00.417284 710526 ImuError.cpp:650] gyr saturation
W20250111 18:33:00.417289 710526 ImuError.cpp:650] gyr saturation
W20250111 18:33:00.417296 710526 ImuError.cpp:650] gyr saturation
W20250111 18:33:00.417302 710526 ImuError.cpp:650] gyr saturation
W20250111 18:33:00.417308 710526 ImuError.cpp:650] gyr saturation
W20250111 18:33:00.417315 710526 ImuError.cpp:650] gyr saturation
W20250111 18:33:00.417321 710526 ImuError.cpp:650] gyr saturation
W20250111 18:33:00.417340 710526 ImuError.cpp:650] gyr saturation
W20250111 18:33:00.417346 710526 ImuError.cpp:650] gyr saturation
W20250111 18:33:00.417352 710526 ImuError.cpp:650] gyr saturation
W20250111 18:33:00.436103 970681 ViSlamBackend.cpp:466] TRACKING FAILURE: quality=0
W20250111 18:33:00.437088 710526 ImuError.cpp:650] gyr saturation
W20250111 18:33:00.437109 710526 ImuError.cpp:650] gyr saturation
W20250111 18:33:00.437129 710526 ImuError.cpp:650] gyr saturation
W20250111 18:33:00.437134 710526 ImuError.cpp:650] gyr saturation
W20250111 18:33:00.437140 710526 ImuError.cpp:650] gyr saturation
W20250111 18:33:00.437145 710526 ImuError.cpp:650] gyr saturation
W20250111 18:33:00.437151 710526 ImuError.cpp:650] gyr saturation
W20250111 18:33:00.437157 710526 ImuError.cpp:650] gyr saturation
W20250111 18:33:00.437163 710526 ImuError.cpp:650] gyr saturation
W20250111 18:33:00.437220 710526 ImuError.cpp:650] gyr saturation
W20250111 18:33:00.437227 710526 ImuError.cpp:650] gyr saturation
W20250111 18:33:00.437232 710526 ImuError.cpp:650] gyr saturation
W20250111 18:33:00.437237 710526 ImuError.cpp:650] gyr saturation
W20250111 18:33:00.437242 710526 ImuError.cpp:650] gyr saturation
W20250111 18:33:00.437247 710526 ImuError.cpp:650] gyr saturation
W20250111 18:33:00.437252 710526 ImuError.cpp:650] gyr saturation
W20250111 18:33:00.437258 710526 ImuError.cpp:650] gyr saturation
W20250111 18:33:00.437263 710526 ImuError.cpp:650] gyr saturation
W20250111 18:33:00.440577 710526 ImuError.cpp:368] gyr saturation
W20250111 18:33:00.440650 710526 ImuError.cpp:368] gyr saturation
W20250111 18:33:00.440662 710526 ImuError.cpp:368] gyr saturation
W20250111 18:33:00.440673 710526 ImuError.cpp:368] gyr saturation
W20250111 18:33:00.440685 710526 ImuError.cpp:368] gyr saturation
W20250111 18:33:00.440696 710526 ImuError.cpp:368] gyr saturation
W20250111 18:33:00.440706 710526 ImuError.cpp:368] gyr saturation
W20250111 18:33:00.440717 710526 ImuError.cpp:368] gyr saturation
W20250111 18:33:00.440727 710526 ImuError.cpp:368] gyr saturation
W20250111 18:33:00.445011 710526 Frontend.cpp:612] 3d2d tracking weak: quality=0. Number of 3d2d-matches: 4
W20250111 18:33:00.446924 710526 ImuError.cpp:650] gyr saturation
W20250111 18:33:00.446975 710526 ImuError.cpp:650] gyr saturation
W20250111 18:33:00.446982 710526 ImuError.cpp:650] gyr saturation
W20250111 18:33:00.446986 710526 ImuError.cpp:650] gyr saturation
W20250111 18:33:00.447000 710526 ImuError.cpp:650] gyr saturation
W20250111 18:33:00.447005 710526 ImuError.cpp:650] gyr saturation
W20250111 18:33:00.447010 710526 ImuError.cpp:650] gyr saturation
W20250111 18:33:00.447014 710526 ImuError.cpp:650] gyr saturation
W20250111 18:33:00.447019 710526 ImuError.cpp:650] gyr saturation
W20250111 18:33:00.471275 970755 ViSlamBackend.cpp:466] TRACKING FAILURE: quality=0
W20250111 18:33:00.480788 710526 Frontend.cpp:612] 3d2d tracking weak: quality=0. Number of 3d2d-matches: 7
W20250111 18:33:00.516603 710526 Frontend.cpp:612] 3d2d tracking weak: quality=0. Number of 3d2d-matches: 8
I20250111 18:33:02.319816 710526 okvis_app_synchronous.cpp:210] OKVIS Timing
-----------
1 DetectAndDescribe                	   4214	00:00:08.080136	(00:00:00.001917 +- 00:00:00.000332)	[00:00:00.000953,00:00:00.003588]
2 Match                            	   4214	00:00:32.799570	(00:00:00.007783 +- 00:00:00.003508)	[00:00:00.000197,00:00:00.019215]
2.01 match to map                  	   4213	00:00:24.723823	(00:00:00.005868 +- 00:00:00.003112)	[00:00:00.000053,00:00:00.017083]
2.02 match motion stereo           	   4213	00:00:05.698225	(00:00:00.001353 +- 00:00:00.000447)	[00:00:00.000053,00:00:00.004424]
2.02.1 match motion stereo: prepare	   4213	00:00:01.279309	(00:00:00.000304 +- 00:00:00.000117)	[00:00:00.000001,00:00:00.000944]
2.10 match stereo                  	   1157	00:00:00.043755	(00:00:00.000038 +- 00:00:00.000045)	[00:00:00.000001,00:00:00.000428]
3 Optimise                         	   4213	00:01:08.007926	(00:00:00.016142 +- 00:00:00.009456)	[00:00:00.001187,00:00:00.090674]
4 Prepare publishing               	   4213	00:00:03.476668	(00:00:00.000825 +- 00:00:00.000326)	[00:00:00.000037,00:00:00.002257]
6 Visualising                      	   4213	00:00:00.000758	(00:00:00.000000 +- 00:00:00.000000)	[00:00:00.000000,00:00:00.000001]
7 Marginalise                      	   4213	00:00:07.628034	(00:00:00.001811 +- 00:00:00.000852)	[00:00:00.000006,00:00:00.008860]
7.1 check/handle lost              	   4213	00:00:00.124470	(00:00:00.000030 +- 00:00:00.000019)	[00:00:00.000000,00:00:00.000202]
7.2 eliminate IMU frames           	   4213	00:00:03.219733	(00:00:00.000764 +- 00:00:00.000550)	[00:00:00.000000,00:00:00.002857]
7.3 convert to posegraph           	   1536	00:00:01.300122	(00:00:00.000846 +- 00:00:00.000522)	[00:00:00.000123,00:00:00.005092]
7.4 freezing                       	   4212	00:00:00.004718	(00:00:00.000001 +- 00:00:00.000002)	[00:00:00.000000,00:00:00.000018]
7.6 expand                         	   4142	00:00:00.973289	(00:00:00.000235 +- 00:00:00.000155)	[00:00:00.000022,00:00:00.003266]
7.7 prune place recognition frames 	   4212	00:00:00.970293	(00:00:00.000230 +- 00:00:00.000127)	[00:00:00.000003,00:00:00.001273]
I20250111 18:33:02.319979 710526 okvis_app_synchronous.cpp:219] Progress: 78% (0.5 [1%/s], ETA: 44s)
I20250111 18:33:03.207326 710526 Frontend.cpp:2274] RANSAC FAIL: 21 inliers, ratio = 0.7
I20250111 18:33:03.484110 710526 Frontend.cpp:2274] RANSAC FAIL: 56 inliers, ratio = 0.7
I20250111 18:33:03.514618 710526 Frontend.cpp:2274] RANSAC FAIL: 50 inliers, ratio = 0.60241
I20250111 18:33:03.547577 710526 Frontend.cpp:2274] RANSAC FAIL: 58 inliers, ratio = 0.690476
I20250111 18:33:03.574450 710526 Frontend.cpp:2274] RANSAC FAIL: 49 inliers, ratio = 0.636364
I20250111 18:33:03.707036 710526 Frontend.cpp:2274] RANSAC FAIL: 31 inliers, ratio = 0.645833
I20250111 18:33:04.150198 710526 Frontend.cpp:2274] RANSAC FAIL: 20 inliers, ratio = 0.666667
I20250111 18:33:04.212375 710526 okvis_app_synchronous.cpp:210] OKVIS Timing
-----------
1 DetectAndDescribe                	   4268	00:00:08.194468	(00:00:00.001920 +- 00:00:00.000331)	[00:00:00.000953,00:00:00.003588]
2 Match                            	   4268	00:00:33.577028	(00:00:00.007867 +- 00:00:00.003565)	[00:00:00.000197,00:00:00.019215]
2.01 match to map                  	   4267	00:00:25.357909	(00:00:00.005943 +- 00:00:00.003162)	[00:00:00.000053,00:00:00.017083]
2.02 match motion stereo           	   4267	00:00:05.801800	(00:00:00.001360 +- 00:00:00.000452)	[00:00:00.000053,00:00:00.004424]
2.02.1 match motion stereo: prepare	   4267	00:00:01.300184	(00:00:00.000305 +- 00:00:00.000117)	[00:00:00.000001,00:00:00.000944]
2.10 match stereo                  	   1194	00:00:00.045455	(00:00:00.000038 +- 00:00:00.000044)	[00:00:00.000001,00:00:00.000428]
3 Optimise                         	   4267	00:01:08.973875	(00:00:00.016164 +- 00:00:00.009433)	[00:00:00.001187,00:00:00.090674]
4 Prepare publishing               	   4267	00:00:03.523966	(00:00:00.000826 +- 00:00:00.000325)	[00:00:00.000037,00:00:00.002257]
6 Visualising                      	   4267	00:00:00.000766	(00:00:00.000000 +- 00:00:00.000000)	[00:00:00.000000,00:00:00.000001]
7 Marginalise                      	   4267	00:00:07.722421	(00:00:00.001810 +- 00:00:00.000848)	[00:00:00.000006,00:00:00.008860]
7.1 check/handle lost              	   4267	00:00:00.125881	(00:00:00.000030 +- 00:00:00.000019)	[00:00:00.000000,00:00:00.000202]
7.2 eliminate IMU frames           	   4267	00:00:03.242692	(00:00:00.000760 +- 00:00:00.000552)	[00:00:00.000000,00:00:00.002857]
7.3 convert to posegraph           	   1569	00:00:01.328769	(00:00:00.000847 +- 00:00:00.000518)	[00:00:00.000123,00:00:00.005092]
7.4 freezing                       	   4266	00:00:00.004815	(00:00:00.000001 +- 00:00:00.000002)	[00:00:00.000000,00:00:00.000018]
7.6 expand                         	   4196	00:00:00.986607	(00:00:00.000235 +- 00:00:00.000154)	[00:00:00.000022,00:00:00.003266]
7.7 prune place recognition frames 	   4266	00:00:00.982945	(00:00:00.000230 +- 00:00:00.000126)	[00:00:00.000003,00:00:00.001273]
I20250111 18:33:04.212527 710526 okvis_app_synchronous.cpp:219] Progress: 79% (1 [1%/s], ETA: 21s)
I20250111 18:33:04.292415 710526 Frontend.cpp:2274] RANSAC FAIL: 66 inliers, ratio = 0.6875
I20250111 18:33:04.388172 710526 Frontend.cpp:2274] RANSAC FAIL: 44 inliers, ratio = 0.637681
I20250111 18:33:04.450877 710526 Frontend.cpp:2274] RANSAC FAIL: 48 inliers, ratio = 0.592593
I20250111 18:33:04.515138 710526 Frontend.cpp:2274] RANSAC FAIL: 55 inliers, ratio = 0.696203
W20250111 18:33:06.353853 710526 Frontend.cpp:612] 3d2d tracking weak: quality=0. Number of 3d2d-matches: 5
I20250111 18:33:07.088843 710526 Frontend.cpp:2274] RANSAC FAIL: 12 inliers, ratio = 0.6
I20250111 18:33:07.149502 710526 Frontend.cpp:2274] RANSAC FAIL: 16 inliers, ratio = 0.457143
I20250111 18:33:07.268471 710526 Frontend.cpp:2274] RANSAC FAIL: 43 inliers, ratio = 0.671875
I20250111 18:33:07.328543 710526 Frontend.cpp:2274] RANSAC FAIL: 36 inliers, ratio = 0.642857
I20250111 18:33:07.334829 710526 okvis_app_synchronous.cpp:210] OKVIS Timing
-----------
1 DetectAndDescribe                	   4322	00:00:08.302738	(00:00:00.001921 +- 00:00:00.000332)	[00:00:00.000953,00:00:00.003856]
2 Match                            	   4322	00:00:34.013554	(00:00:00.007870 +- 00:00:00.003555)	[00:00:00.000197,00:00:00.019215]
2.01 match to map                  	   4321	00:00:25.684562	(00:00:00.005944 +- 00:00:00.003153)	[00:00:00.000053,00:00:00.017083]
2.02 match motion stereo           	   4321	00:00:05.882994	(00:00:00.001361 +- 00:00:00.000451)	[00:00:00.000053,00:00:00.004424]
2.02.1 match motion stereo: prepare	   4321	00:00:01.316334	(00:00:00.000305 +- 00:00:00.000116)	[00:00:00.000001,00:00:00.000944]
2.10 match stereo                  	   1233	00:00:00.046611	(00:00:00.000038 +- 00:00:00.000044)	[00:00:00.000001,00:00:00.000428]
3 Optimise                         	   4321	00:01:11.467827	(00:00:00.016540 +- 00:00:00.010003)	[00:00:00.001187,00:00:00.090674]
4 Prepare publishing               	   4321	00:00:03.590202	(00:00:00.000831 +- 00:00:00.000328)	[00:00:00.000037,00:00:00.002257]
6 Visualising                      	   4321	00:00:00.000781	(00:00:00.000000 +- 00:00:00.000000)	[00:00:00.000000,00:00:00.000001]
7 Marginalise                      	   4321	00:00:07.838909	(00:00:00.001814 +- 00:00:00.000846)	[00:00:00.000006,00:00:00.008860]
7.1 check/handle lost              	   4321	00:00:00.127498	(00:00:00.000030 +- 00:00:00.000019)	[00:00:00.000000,00:00:00.000202]
7.2 eliminate IMU frames           	   4321	00:00:03.265551	(00:00:00.000756 +- 00:00:00.000555)	[00:00:00.000000,00:00:00.002857]
7.3 convert to posegraph           	   1609	00:00:01.370139	(00:00:00.000852 +- 00:00:00.000515)	[00:00:00.000123,00:00:00.005092]
7.4 freezing                       	   4320	00:00:00.005012	(00:00:00.000001 +- 00:00:00.000002)	[00:00:00.000000,00:00:00.000018]
7.6 expand                         	   4250	00:00:01.003112	(00:00:00.000236 +- 00:00:00.000154)	[00:00:00.000022,00:00:00.003266]
7.7 prune place recognition frames 	   4320	00:00:00.998355	(00:00:00.000231 +- 00:00:00.000126)	[00:00:00.000003,00:00:00.001273]
I20250111 18:33:07.334946 710526 okvis_app_synchronous.cpp:219] Progress: 80% (0.333333 [1%/s], ETA: 60s)
I20250111 18:33:07.389276 710526 Frontend.cpp:2274] RANSAC FAIL: 32 inliers, ratio = 0.571429
I20250111 18:33:07.449203 710526 Frontend.cpp:2274] RANSAC FAIL: 21 inliers, ratio = 0.677419
W20250111 18:33:07.737443 710526 Frontend.cpp:612] 3d2d tracking weak: quality=0. Number of 3d2d-matches: 14
I20250111 18:33:07.783475 710526 Frontend.cpp:2274] RANSAC FAIL: 7 inliers, ratio = 0.7
W20250111 18:33:07.792594 710526 Frontend.cpp:612] 3d2d tracking weak: quality=0. Number of 3d2d-matches: 10
I20250111 18:33:07.889139 710526 Frontend.cpp:2274] RANSAC FAIL: 19 inliers, ratio = 0.633333
I20250111 18:33:07.941084 710526 Frontend.cpp:2274] RANSAC FAIL: 26 inliers, ratio = 0.604651
I20250111 18:33:08.186125 710526 Frontend.cpp:2274] RANSAC FAIL: 39 inliers, ratio = 0.684211
I20250111 18:33:08.914392 710526 Frontend.cpp:2274] RANSAC FAIL: 58 inliers, ratio = 0.698795
I20250111 18:33:11.313320 710526 okvis_app_synchronous.cpp:210] OKVIS Timing
-----------
1 DetectAndDescribe                	   4376	00:00:08.422919	(00:00:00.001925 +- 00:00:00.000332)	[00:00:00.000953,00:00:00.003856]
2 Match                            	   4376	00:00:34.911920	(00:00:00.007978 +- 00:00:00.003678)	[00:00:00.000197,00:00:00.020481]
2.01 match to map                  	   4375	00:00:26.413950	(00:00:00.006037 +- 00:00:00.003256)	[00:00:00.000053,00:00:00.017218]
2.02 match motion stereo           	   4375	00:00:06.002364	(00:00:00.001372 +- 00:00:00.000460)	[00:00:00.000053,00:00:00.004424]
2.02.1 match motion stereo: prepare	   4375	00:00:01.343504	(00:00:00.000307 +- 00:00:00.000118)	[00:00:00.000001,00:00:00.000944]
2.10 match stereo                  	   1266	00:00:00.049003	(00:00:00.000039 +- 00:00:00.000044)	[00:00:00.000001,00:00:00.000428]
3 Optimise                         	   4375	00:01:14.373466	(00:00:00.017000 +- 00:00:00.010860)	[00:00:00.001187,00:00:00.090674]
4 Prepare publishing               	   4375	00:00:03.648974	(00:00:00.000834 +- 00:00:00.000328)	[00:00:00.000037,00:00:00.002257]
6 Visualising                      	   4375	00:00:00.000793	(00:00:00.000000 +- 00:00:00.000000)	[00:00:00.000000,00:00:00.000001]
7 Marginalise                      	   4375	00:00:07.946460	(00:00:00.001816 +- 00:00:00.000843)	[00:00:00.000006,00:00:00.008860]
7.1 check/handle lost              	   4375	00:00:00.129270	(00:00:00.000030 +- 00:00:00.000019)	[00:00:00.000000,00:00:00.000233]
7.2 eliminate IMU frames           	   4375	00:00:03.287361	(00:00:00.000751 +- 00:00:00.000556)	[00:00:00.000000,00:00:00.002857]
7.3 convert to posegraph           	   1645	00:00:01.401864	(00:00:00.000852 +- 00:00:00.000510)	[00:00:00.000123,00:00:00.005092]
7.4 freezing                       	   4374	00:00:00.005138	(00:00:00.000001 +- 00:00:00.000002)	[00:00:00.000000,00:00:00.000018]
7.6 expand                         	   4304	00:00:01.020608	(00:00:00.000237 +- 00:00:00.000154)	[00:00:00.000022,00:00:00.003266]
7.7 prune place recognition frames 	   4374	00:00:01.012937	(00:00:00.000232 +- 00:00:00.000126)	[00:00:00.000003,00:00:00.001273]
I20250111 18:33:11.313506 710526 okvis_app_synchronous.cpp:219] Progress: 81% (0.333333 [1%/s], ETA: 57s)
I20250111 18:33:12.697655 710526 Frontend.cpp:2274] RANSAC FAIL: 80 inliers, ratio = 0.689655
I20250111 18:33:13.955184 710526 okvis_app_synchronous.cpp:210] OKVIS Timing
-----------
1 DetectAndDescribe                	   4430	00:00:08.530056	(00:00:00.001926 +- 00:00:00.000337)	[00:00:00.000953,00:00:00.005985]
2 Match                            	   4430	00:00:35.936318	(00:00:00.008112 +- 00:00:00.003851)	[00:00:00.000197,00:00:00.021922]
2.01 match to map                  	   4429	00:00:27.264200	(00:00:00.006156 +- 00:00:00.003409)	[00:00:00.000053,00:00:00.017915]
2.02 match motion stereo           	   4429	00:00:06.117413	(00:00:00.001381 +- 00:00:00.000466)	[00:00:00.000053,00:00:00.004424]
2.02.1 match motion stereo: prepare	   4429	00:00:01.374457	(00:00:00.000310 +- 00:00:00.000121)	[00:00:00.000001,00:00:00.000944]
2.10 match stereo                  	   1276	00:00:00.049611	(00:00:00.000039 +- 00:00:00.000044)	[00:00:00.000001,00:00:00.000428]
3 Optimise                         	   4429	00:01:15.759880	(00:00:00.017105 +- 00:00:00.010919)	[00:00:00.001187,00:00:00.090674]
4 Prepare publishing               	   4429	00:00:03.714446	(00:00:00.000839 +- 00:00:00.000330)	[00:00:00.000037,00:00:00.002257]
6 Visualising                      	   4429	00:00:00.000802	(00:00:00.000000 +- 00:00:00.000000)	[00:00:00.000000,00:00:00.000001]
7 Marginalise                      	   4429	00:00:08.104322	(00:00:00.001830 +- 00:00:00.000854)	[00:00:00.000006,00:00:00.008860]
7.1 check/handle lost              	   4429	00:00:00.131492	(00:00:00.000030 +- 00:00:00.000019)	[00:00:00.000000,00:00:00.000233]
7.2 eliminate IMU frames           	   4429	00:00:03.342757	(00:00:00.000755 +- 00:00:00.000558)	[00:00:00.000000,00:00:00.002857]
7.3 convert to posegraph           	   1669	00:00:01.433588	(00:00:00.000859 +- 00:00:00.000519)	[00:00:00.000123,00:00:00.005092]
7.4 freezing                       	   4428	00:00:00.005223	(00:00:00.000001 +- 00:00:00.000002)	[00:00:00.000000,00:00:00.000018]
7.6 expand                         	   4356	00:00:01.044825	(00:00:00.000240 +- 00:00:00.000160)	[00:00:00.000022,00:00:00.003266]
7.7 prune place recognition frames 	   4428	00:00:01.035454	(00:00:00.000234 +- 00:00:00.000128)	[00:00:00.000003,00:00:00.001273]
I20250111 18:33:13.955379 710526 okvis_app_synchronous.cpp:219] Progress: 82% (0.5 [1%/s], ETA: 36s)
I20250111 18:33:15.754681 710526 okvis_app_synchronous.cpp:210] OKVIS Timing
-----------
1 DetectAndDescribe                	   4484	00:00:08.644525	(00:00:00.001928 +- 00:00:00.000337)	[00:00:00.000953,00:00:00.005985]
2 Match                            	   4484	00:00:36.837429	(00:00:00.008215 +- 00:00:00.003941)	[00:00:00.000197,00:00:00.021922]
2.01 match to map                  	   4483	00:00:28.031378	(00:00:00.006253 +- 00:00:00.003502)	[00:00:00.000053,00:00:00.017915]
2.02 match motion stereo           	   4483	00:00:06.209394	(00:00:00.001385 +- 00:00:00.000466)	[00:00:00.000053,00:00:00.004424]
2.02.1 match motion stereo: prepare	   4483	00:00:01.398029	(00:00:00.000312 +- 00:00:00.000121)	[00:00:00.000001,00:00:00.000944]
2.10 match stereo                  	   1285	00:00:00.049992	(00:00:00.000039 +- 00:00:00.000044)	[00:00:00.000001,00:00:00.000428]
3 Optimise                         	   4483	00:01:16.467912	(00:00:00.017057 +- 00:00:00.010866)	[00:00:00.001187,00:00:00.090674]
4 Prepare publishing               	   4483	00:00:03.769561	(00:00:00.000841 +- 00:00:00.000330)	[00:00:00.000037,00:00:00.002257]
6 Visualising                      	   4483	00:00:00.000810	(00:00:00.000000 +- 00:00:00.000000)	[00:00:00.000000,00:00:00.000001]
7 Marginalise                      	   4483	00:00:08.232415	(00:00:00.001836 +- 00:00:00.000856)	[00:00:00.000006,00:00:00.008860]
7.1 check/handle lost              	   4483	00:00:00.133535	(00:00:00.000030 +- 00:00:00.000019)	[00:00:00.000000,00:00:00.000233]
7.2 eliminate IMU frames           	   4483	00:00:03.395086	(00:00:00.000757 +- 00:00:00.000557)	[00:00:00.000000,00:00:00.002857]
7.3 convert to posegraph           	   1694	00:00:01.453981	(00:00:00.000858 +- 00:00:00.000516)	[00:00:00.000123,00:00:00.005092]
7.4 freezing                       	   4482	00:00:00.005271	(00:00:00.000001 +- 00:00:00.000002)	[00:00:00.000000,00:00:00.000018]
7.6 expand                         	   4410	00:00:01.063226	(00:00:00.000241 +- 00:00:00.000160)	[00:00:00.000022,00:00:00.003266]
7.7 prune place recognition frames 	   4482	00:00:01.052655	(00:00:00.000235 +- 00:00:00.000128)	[00:00:00.000003,00:00:00.001273]
I20250111 18:33:15.754803 710526 okvis_app_synchronous.cpp:219] Progress: 83% (1 [1%/s], ETA: 17s)
I20250111 18:33:17.515909 710526 okvis_app_synchronous.cpp:210] OKVIS Timing
-----------
1 DetectAndDescribe                	   4538	00:00:08.753731	(00:00:00.001929 +- 00:00:00.000335)	[00:00:00.000953,00:00:00.005985]
2 Match                            	   4538	00:00:37.698676	(00:00:00.008307 +- 00:00:00.004007)	[00:00:00.000197,00:00:00.021922]
2.01 match to map                  	   4537	00:00:28.776059	(00:00:00.006343 +- 00:00:00.003576)	[00:00:00.000053,00:00:00.017915]
2.02 match motion stereo           	   4537	00:00:06.290135	(00:00:00.001386 +- 00:00:00.000464)	[00:00:00.000053,00:00:00.004424]
2.02.1 match motion stereo: prepare	   4537	00:00:01.418957	(00:00:00.000313 +- 00:00:00.000121)	[00:00:00.000001,00:00:00.000944]
2.10 match stereo                  	   1294	00:00:00.050510	(00:00:00.000039 +- 00:00:00.000044)	[00:00:00.000001,00:00:00.000428]
3 Optimise                         	   4537	00:01:17.215095	(00:00:00.017019 +- 00:00:00.010808)	[00:00:00.001187,00:00:00.090674]
4 Prepare publishing               	   4537	00:00:03.816625	(00:00:00.000841 +- 00:00:00.000328)	[00:00:00.000037,00:00:00.002257]
6 Visualising                      	   4537	00:00:00.000819	(00:00:00.000000 +- 00:00:00.000000)	[00:00:00.000000,00:00:00.000001]
7 Marginalise                      	   4537	00:00:08.331236	(00:00:00.001836 +- 00:00:00.000852)	[00:00:00.000006,00:00:00.008860]
7.1 check/handle lost              	   4537	00:00:00.135212	(00:00:00.000030 +- 00:00:00.000019)	[00:00:00.000000,00:00:00.000233]
7.2 eliminate IMU frames           	   4537	00:00:03.441466	(00:00:00.000759 +- 00:00:00.000556)	[00:00:00.000000,00:00:00.002857]
7.3 convert to posegraph           	   1701	00:00:01.461570	(00:00:00.000859 +- 00:00:00.000515)	[00:00:00.000123,00:00:00.005092]
7.4 freezing                       	   4536	00:00:00.005295	(00:00:00.000001 +- 00:00:00.000002)	[00:00:00.000000,00:00:00.000018]
7.6 expand                         	   4464	00:00:01.075999	(00:00:00.000241 +- 00:00:00.000159)	[00:00:00.000022,00:00:00.003266]
7.7 prune place recognition frames 	   4536	00:00:01.068627	(00:00:00.000236 +- 00:00:00.000128)	[00:00:00.000003,00:00:00.001273]
I20250111 18:33:17.516094 710526 okvis_app_synchronous.cpp:219] Progress: 84% (1 [1%/s], ETA: 16s)
I20250111 18:33:18.059615 710526 Frontend.cpp:2274] RANSAC FAIL: 64 inliers, ratio = 0.666667
W20250111 18:33:19.022145 710526 ImuError.cpp:650] gyr saturation
W20250111 18:33:19.022207 710526 ImuError.cpp:650] gyr saturation
W20250111 18:33:19.022215 710526 ImuError.cpp:650] gyr saturation
W20250111 18:33:19.022221 710526 ImuError.cpp:650] gyr saturation
W20250111 18:33:19.022228 710526 ImuError.cpp:650] gyr saturation
W20250111 18:33:19.022233 710526 ImuError.cpp:650] gyr saturation
W20250111 18:33:19.022239 710526 ImuError.cpp:650] gyr saturation
W20250111 18:33:19.022244 710526 ImuError.cpp:650] gyr saturation
W20250111 18:33:19.022249 710526 ImuError.cpp:650] gyr saturation
W20250111 18:33:19.022255 710526 ImuError.cpp:650] gyr saturation
W20250111 18:33:19.022260 710526 ImuError.cpp:650] gyr saturation
W20250111 18:33:19.022275 710526 ImuError.cpp:650] gyr saturation
W20250111 18:33:19.022281 710526 ImuError.cpp:650] gyr saturation
W20250111 18:33:19.022286 710526 ImuError.cpp:650] gyr saturation
W20250111 18:33:19.022292 710526 ImuError.cpp:650] gyr saturation
W20250111 18:33:19.040163 710526 ImuError.cpp:650] gyr saturation
W20250111 18:33:19.040216 710526 ImuError.cpp:650] gyr saturation
W20250111 18:33:19.040225 710526 ImuError.cpp:650] gyr saturation
W20250111 18:33:19.040230 710526 ImuError.cpp:650] gyr saturation
W20250111 18:33:19.040235 710526 ImuError.cpp:650] gyr saturation
W20250111 18:33:19.040241 710526 ImuError.cpp:650] gyr saturation
W20250111 18:33:19.040246 710526 ImuError.cpp:650] gyr saturation
W20250111 18:33:19.040252 710526 ImuError.cpp:650] gyr saturation
W20250111 18:33:19.040257 710526 ImuError.cpp:650] gyr saturation
W20250111 18:33:19.040264 710526 ImuError.cpp:650] gyr saturation
W20250111 18:33:19.040269 710526 ImuError.cpp:650] gyr saturation
W20250111 18:33:19.040274 710526 ImuError.cpp:650] gyr saturation
W20250111 18:33:19.040280 710526 ImuError.cpp:650] gyr saturation
W20250111 18:33:19.040285 710526 ImuError.cpp:650] gyr saturation
W20250111 18:33:19.040292 710526 ImuError.cpp:650] gyr saturation
W20250111 18:33:19.040724 710526 ImuError.cpp:650] gyr saturation
W20250111 18:33:19.040740 710526 ImuError.cpp:650] gyr saturation
W20250111 18:33:19.040745 710526 ImuError.cpp:650] gyr saturation
W20250111 18:33:19.040750 710526 ImuError.cpp:650] gyr saturation
W20250111 18:33:19.040753 710526 ImuError.cpp:650] gyr saturation
W20250111 18:33:19.040758 710526 ImuError.cpp:650] gyr saturation
W20250111 18:33:19.040762 710526 ImuError.cpp:650] gyr saturation
W20250111 18:33:19.040767 710526 ImuError.cpp:650] gyr saturation
W20250111 18:33:19.040772 710526 ImuError.cpp:650] gyr saturation
W20250111 18:33:19.040778 710526 ImuError.cpp:650] gyr saturation
W20250111 18:33:19.040784 710526 ImuError.cpp:650] gyr saturation
W20250111 18:33:19.040789 710526 ImuError.cpp:650] gyr saturation
W20250111 18:33:19.040795 710526 ImuError.cpp:650] gyr saturation
W20250111 18:33:19.040800 710526 ImuError.cpp:650] gyr saturation
W20250111 18:33:19.040808 710526 ImuError.cpp:650] gyr saturation
W20250111 18:33:19.046442 710526 ImuError.cpp:368] gyr saturation
W20250111 18:33:19.046509 710526 ImuError.cpp:368] gyr saturation
W20250111 18:33:19.046520 710526 ImuError.cpp:368] gyr saturation
W20250111 18:33:19.046532 710526 ImuError.cpp:368] gyr saturation
W20250111 18:33:19.046543 710526 ImuError.cpp:368] gyr saturation
W20250111 18:33:19.046568 710526 ImuError.cpp:368] gyr saturation
W20250111 18:33:19.046581 710526 ImuError.cpp:368] gyr saturation
W20250111 18:33:19.046591 710526 ImuError.cpp:368] gyr saturation
W20250111 18:33:19.046602 710526 ImuError.cpp:368] gyr saturation
W20250111 18:33:19.046613 710526 ImuError.cpp:368] gyr saturation
W20250111 18:33:19.046624 710526 ImuError.cpp:368] gyr saturation
W20250111 18:33:19.046635 710526 ImuError.cpp:368] gyr saturation
W20250111 18:33:19.046646 710526 ImuError.cpp:368] gyr saturation
W20250111 18:33:19.046658 710526 ImuError.cpp:368] gyr saturation
W20250111 18:33:19.046667 710526 ImuError.cpp:368] gyr saturation
W20250111 18:33:19.055310 710526 ImuError.cpp:650] gyr saturation
W20250111 18:33:19.055369 710526 ImuError.cpp:650] gyr saturation
W20250111 18:33:19.055377 710526 ImuError.cpp:650] gyr saturation
W20250111 18:33:19.055382 710526 ImuError.cpp:650] gyr saturation
W20250111 18:33:19.055389 710526 ImuError.cpp:650] gyr saturation
W20250111 18:33:19.055395 710526 ImuError.cpp:650] gyr saturation
W20250111 18:33:19.055402 710526 ImuError.cpp:650] gyr saturation
W20250111 18:33:19.055406 710526 ImuError.cpp:650] gyr saturation
W20250111 18:33:19.055413 710526 ImuError.cpp:650] gyr saturation
W20250111 18:33:19.055416 710526 ImuError.cpp:650] gyr saturation
W20250111 18:33:19.055423 710526 ImuError.cpp:650] gyr saturation
W20250111 18:33:19.055428 710526 ImuError.cpp:650] gyr saturation
W20250111 18:33:19.055434 710526 ImuError.cpp:650] gyr saturation
W20250111 18:33:19.055449 710526 ImuError.cpp:650] gyr saturation
W20250111 18:33:19.055455 710526 ImuError.cpp:650] gyr saturation
W20250111 18:33:19.055460 710526 ImuError.cpp:650] gyr saturation
W20250111 18:33:19.055465 710526 ImuError.cpp:650] gyr saturation
W20250111 18:33:19.055471 710526 ImuError.cpp:650] gyr saturation
W20250111 18:33:19.055476 710526 ImuError.cpp:650] gyr saturation
W20250111 18:33:19.055482 710526 ImuError.cpp:650] gyr saturation
W20250111 18:33:19.055488 710526 ImuError.cpp:650] gyr saturation
W20250111 18:33:19.055493 710526 ImuError.cpp:650] gyr saturation
W20250111 18:33:19.055500 710526 ImuError.cpp:650] gyr saturation
W20250111 18:33:19.055505 710526 ImuError.cpp:650] gyr saturation
W20250111 18:33:19.055510 710526 ImuError.cpp:650] gyr saturation
W20250111 18:33:19.055516 710526 ImuError.cpp:650] gyr saturation
W20250111 18:33:19.055521 710526 ImuError.cpp:650] gyr saturation
W20250111 18:33:19.055526 710526 ImuError.cpp:650] gyr saturation
W20250111 18:33:19.055531 710526 ImuError.cpp:650] gyr saturation
W20250111 18:33:19.055536 710526 ImuError.cpp:650] gyr saturation
W20250111 18:33:19.074311 710526 ImuError.cpp:650] gyr saturation
W20250111 18:33:19.074388 710526 ImuError.cpp:650] gyr saturation
W20250111 18:33:19.074395 710526 ImuError.cpp:650] gyr saturation
W20250111 18:33:19.074400 710526 ImuError.cpp:650] gyr saturation
W20250111 18:33:19.074405 710526 ImuError.cpp:650] gyr saturation
W20250111 18:33:19.074411 710526 ImuError.cpp:650] gyr saturation
W20250111 18:33:19.074419 710526 ImuError.cpp:650] gyr saturation
W20250111 18:33:19.074424 710526 ImuError.cpp:650] gyr saturation
W20250111 18:33:19.074430 710526 ImuError.cpp:650] gyr saturation
W20250111 18:33:19.074441 710526 ImuError.cpp:650] gyr saturation
W20250111 18:33:19.074450 710526 ImuError.cpp:650] gyr saturation
W20250111 18:33:19.074455 710526 ImuError.cpp:650] gyr saturation
W20250111 18:33:19.074461 710526 ImuError.cpp:650] gyr saturation
W20250111 18:33:19.074466 710526 ImuError.cpp:650] gyr saturation
W20250111 18:33:19.074473 710526 ImuError.cpp:650] gyr saturation
W20250111 18:33:19.074479 710526 ImuError.cpp:650] gyr saturation
W20250111 18:33:19.074579 710526 ImuError.cpp:650] gyr saturation
W20250111 18:33:19.074587 710526 ImuError.cpp:650] gyr saturation
W20250111 18:33:19.074594 710526 ImuError.cpp:650] gyr saturation
W20250111 18:33:19.074599 710526 ImuError.cpp:650] gyr saturation
W20250111 18:33:19.074604 710526 ImuError.cpp:650] gyr saturation
W20250111 18:33:19.074609 710526 ImuError.cpp:650] gyr saturation
W20250111 18:33:19.074615 710526 ImuError.cpp:650] gyr saturation
W20250111 18:33:19.074633 710526 ImuError.cpp:650] gyr saturation
W20250111 18:33:19.074640 710526 ImuError.cpp:650] gyr saturation
W20250111 18:33:19.074644 710526 ImuError.cpp:650] gyr saturation
W20250111 18:33:19.074651 710526 ImuError.cpp:650] gyr saturation
W20250111 18:33:19.074656 710526 ImuError.cpp:650] gyr saturation
W20250111 18:33:19.074661 710526 ImuError.cpp:650] gyr saturation
W20250111 18:33:19.074666 710526 ImuError.cpp:650] gyr saturation
W20250111 18:33:19.074671 710526 ImuError.cpp:650] gyr saturation
W20250111 18:33:19.074676 710526 ImuError.cpp:650] gyr saturation
W20250111 18:33:19.080233 710526 ImuError.cpp:368] gyr saturation
W20250111 18:33:19.080312 710526 ImuError.cpp:368] gyr saturation
W20250111 18:33:19.080327 710526 ImuError.cpp:368] gyr saturation
W20250111 18:33:19.080338 710526 ImuError.cpp:368] gyr saturation
W20250111 18:33:19.080353 710526 ImuError.cpp:368] gyr saturation
W20250111 18:33:19.080363 710526 ImuError.cpp:368] gyr saturation
W20250111 18:33:19.080374 710526 ImuError.cpp:368] gyr saturation
W20250111 18:33:19.080384 710526 ImuError.cpp:368] gyr saturation
W20250111 18:33:19.080395 710526 ImuError.cpp:368] gyr saturation
W20250111 18:33:19.080405 710526 ImuError.cpp:368] gyr saturation
W20250111 18:33:19.080417 710526 ImuError.cpp:368] gyr saturation
W20250111 18:33:19.080428 710526 ImuError.cpp:368] gyr saturation
W20250111 18:33:19.080438 710526 ImuError.cpp:368] gyr saturation
W20250111 18:33:19.080459 710526 ImuError.cpp:368] gyr saturation
W20250111 18:33:19.080471 710526 ImuError.cpp:368] gyr saturation
W20250111 18:33:19.080482 710526 ImuError.cpp:368] gyr saturation
W20250111 18:33:19.088972 710526 ImuError.cpp:650] gyr saturation
W20250111 18:33:19.089036 710526 ImuError.cpp:650] gyr saturation
W20250111 18:33:19.089044 710526 ImuError.cpp:650] gyr saturation
W20250111 18:33:19.089051 710526 ImuError.cpp:650] gyr saturation
W20250111 18:33:19.089056 710526 ImuError.cpp:650] gyr saturation
W20250111 18:33:19.089062 710526 ImuError.cpp:650] gyr saturation
W20250111 18:33:19.089068 710526 ImuError.cpp:650] gyr saturation
W20250111 18:33:19.089074 710526 ImuError.cpp:650] gyr saturation
W20250111 18:33:19.089080 710526 ImuError.cpp:650] gyr saturation
W20250111 18:33:19.089085 710526 ImuError.cpp:650] gyr saturation
W20250111 18:33:19.089092 710526 ImuError.cpp:650] gyr saturation
W20250111 18:33:19.089097 710526 ImuError.cpp:650] gyr saturation
W20250111 18:33:19.089103 710526 ImuError.cpp:650] gyr saturation
W20250111 18:33:19.089109 710526 ImuError.cpp:650] gyr saturation
W20250111 18:33:19.089114 710526 ImuError.cpp:650] gyr saturation
W20250111 18:33:19.089120 710526 ImuError.cpp:650] gyr saturation
W20250111 18:33:19.164913 710526 Frontend.cpp:612] 3d2d tracking weak: quality=0. Number of 3d2d-matches: 7
W20250111 18:33:19.179961 998621 ViSlamBackend.cpp:466] TRACKING FAILURE: quality=0
W20250111 18:33:19.182466 710526 Frontend.cpp:615] 3d2d tracking lost. Number of 3d2d-matches: 2
W20250111 18:33:19.195807 998703 ViSlamBackend.cpp:466] TRACKING FAILURE: quality=0
W20250111 18:33:19.207269 710526 Frontend.cpp:612] 3d2d tracking weak: quality=0. Number of 3d2d-matches: 4
W20250111 18:33:19.230616 710526 Frontend.cpp:612] 3d2d tracking weak: quality=0. Number of 3d2d-matches: 8
I20250111 18:33:19.385692 710526 okvis_app_synchronous.cpp:210] OKVIS Timing
-----------
1 DetectAndDescribe                	   4592	00:00:08.869136	(00:00:00.001931 +- 00:00:00.000337)	[00:00:00.000953,00:00:00.005985]
2 Match                            	   4592	00:00:38.587455	(00:00:00.008403 +- 00:00:00.004095)	[00:00:00.000197,00:00:00.021922]
2.01 match to map                  	   4591	00:00:29.524691	(00:00:00.006431 +- 00:00:00.003661)	[00:00:00.000053,00:00:00.017915]
2.02 match motion stereo           	   4591	00:00:06.386631	(00:00:00.001391 +- 00:00:00.000464)	[00:00:00.000053,00:00:00.004424]
2.02.1 match motion stereo: prepare	   4591	00:00:01.441277	(00:00:00.000314 +- 00:00:00.000122)	[00:00:00.000001,00:00:00.000944]
2.10 match stereo                  	   1318	00:00:00.052034	(00:00:00.000039 +- 00:00:00.000045)	[00:00:00.000001,00:00:00.000428]
3 Optimise                         	   4591	00:01:18.014440	(00:00:00.016993 +- 00:00:00.010751)	[00:00:00.001187,00:00:00.090674]
4 Prepare publishing               	   4591	00:00:03.869135	(00:00:00.000843 +- 00:00:00.000329)	[00:00:00.000037,00:00:00.002257]
6 Visualising                      	   4591	00:00:00.000827	(00:00:00.000000 +- 00:00:00.000000)	[00:00:00.000000,00:00:00.000001]
7 Marginalise                      	   4591	00:00:08.445177	(00:00:00.001840 +- 00:00:00.000852)	[00:00:00.000006,00:00:00.008860]
7.1 check/handle lost              	   4591	00:00:00.137084	(00:00:00.000030 +- 00:00:00.000019)	[00:00:00.000000,00:00:00.000233]
7.2 eliminate IMU frames           	   4591	00:00:03.480212	(00:00:00.000758 +- 00:00:00.000557)	[00:00:00.000000,00:00:00.002857]
7.3 convert to posegraph           	   1728	00:00:01.485785	(00:00:00.000860 +- 00:00:00.000513)	[00:00:00.000123,00:00:00.005092]
7.4 freezing                       	   4590	00:00:00.005371	(00:00:00.000001 +- 00:00:00.000002)	[00:00:00.000000,00:00:00.000018]
7.6 expand                         	   4518	00:00:01.091598	(00:00:00.000242 +- 00:00:00.000159)	[00:00:00.000022,00:00:00.003266]
7.7 prune place recognition frames 	   4590	00:00:01.085590	(00:00:00.000237 +- 00:00:00.000129)	[00:00:00.000003,00:00:00.001273]
I20250111 18:33:19.385844 710526 okvis_app_synchronous.cpp:219] Progress: 85% (1 [1%/s], ETA: 15s)
W20250111 18:33:19.986908 710526 ImuError.cpp:650] gyr saturation
W20250111 18:33:19.986972 710526 ImuError.cpp:650] gyr saturation
W20250111 18:33:19.986980 710526 ImuError.cpp:650] gyr saturation
W20250111 18:33:19.986996 710526 ImuError.cpp:650] gyr saturation
W20250111 18:33:19.987002 710526 ImuError.cpp:650] gyr saturation
W20250111 18:33:19.987007 710526 ImuError.cpp:650] gyr saturation
W20250111 18:33:19.987015 710526 ImuError.cpp:650] gyr saturation
W20250111 18:33:19.987020 710526 ImuError.cpp:650] gyr saturation
W20250111 18:33:19.987026 710526 ImuError.cpp:650] gyr saturation
W20250111 18:33:19.987032 710526 ImuError.cpp:650] gyr saturation
W20250111 18:33:19.987038 710526 ImuError.cpp:650] gyr saturation
W20250111 18:33:19.987044 710526 ImuError.cpp:650] gyr saturation
W20250111 18:33:19.987049 710526 ImuError.cpp:650] gyr saturation
W20250111 18:33:19.987056 710526 ImuError.cpp:650] gyr saturation
W20250111 18:33:19.987061 710526 ImuError.cpp:650] gyr saturation
W20250111 18:33:19.987066 710526 ImuError.cpp:650] gyr saturation
W20250111 18:33:19.987071 710526 ImuError.cpp:650] gyr saturation
W20250111 18:33:19.987076 710526 ImuError.cpp:650] gyr saturation
W20250111 18:33:19.987082 710526 ImuError.cpp:650] gyr saturation
W20250111 18:33:19.987087 710526 ImuError.cpp:650] gyr saturation
W20250111 18:33:19.987092 710526 ImuError.cpp:650] gyr saturation
W20250111 18:33:19.987097 710526 ImuError.cpp:650] gyr saturation
W20250111 18:33:19.987102 710526 ImuError.cpp:650] gyr saturation
W20250111 18:33:19.987108 710526 ImuError.cpp:650] gyr saturation
W20250111 18:33:19.987113 710526 ImuError.cpp:650] gyr saturation
W20250111 18:33:19.987118 710526 ImuError.cpp:650] gyr saturation
W20250111 18:33:19.987123 710526 ImuError.cpp:650] gyr saturation
W20250111 18:33:19.987129 710526 ImuError.cpp:650] gyr saturation
W20250111 18:33:19.987134 710526 ImuError.cpp:650] gyr saturation
W20250111 18:33:19.987140 710526 ImuError.cpp:650] gyr saturation
W20250111 18:33:20.005823 710526 ImuError.cpp:650] gyr saturation
W20250111 18:33:20.005908 710526 ImuError.cpp:650] gyr saturation
W20250111 18:33:20.005918 710526 ImuError.cpp:650] gyr saturation
W20250111 18:33:20.005923 710526 ImuError.cpp:650] gyr saturation
W20250111 18:33:20.005941 710526 ImuError.cpp:650] gyr saturation
W20250111 18:33:20.005947 710526 ImuError.cpp:650] gyr saturation
W20250111 18:33:20.005952 710526 ImuError.cpp:650] gyr saturation
W20250111 18:33:20.005957 710526 ImuError.cpp:650] gyr saturation
W20250111 18:33:20.005963 710526 ImuError.cpp:650] gyr saturation
W20250111 18:33:20.005998 710526 ImuError.cpp:650] gyr saturation
W20250111 18:33:20.006007 710526 ImuError.cpp:650] gyr saturation
W20250111 18:33:20.006012 710526 ImuError.cpp:650] gyr saturation
W20250111 18:33:20.006017 710526 ImuError.cpp:650] gyr saturation
W20250111 18:33:20.006023 710526 ImuError.cpp:650] gyr saturation
W20250111 18:33:20.006028 710526 ImuError.cpp:650] gyr saturation
W20250111 18:33:20.006033 710526 ImuError.cpp:650] gyr saturation
W20250111 18:33:20.006038 710526 ImuError.cpp:650] gyr saturation
W20250111 18:33:20.006043 710526 ImuError.cpp:650] gyr saturation
W20250111 18:33:20.006048 710526 ImuError.cpp:650] gyr saturation
W20250111 18:33:20.006053 710526 ImuError.cpp:650] gyr saturation
W20250111 18:33:20.006058 710526 ImuError.cpp:650] gyr saturation
W20250111 18:33:20.006063 710526 ImuError.cpp:650] gyr saturation
W20250111 18:33:20.006068 710526 ImuError.cpp:650] gyr saturation
W20250111 18:33:20.006073 710526 ImuError.cpp:650] gyr saturation
W20250111 18:33:20.006078 710526 ImuError.cpp:650] gyr saturation
W20250111 18:33:20.006083 710526 ImuError.cpp:650] gyr saturation
W20250111 18:33:20.006089 710526 ImuError.cpp:650] gyr saturation
W20250111 18:33:20.006094 710526 ImuError.cpp:650] gyr saturation
W20250111 18:33:20.006100 710526 ImuError.cpp:650] gyr saturation
W20250111 18:33:20.006105 710526 ImuError.cpp:650] gyr saturation
W20250111 18:33:20.006213 710526 ImuError.cpp:650] gyr saturation
W20250111 18:33:20.006219 710526 ImuError.cpp:650] gyr saturation
W20250111 18:33:20.006225 710526 ImuError.cpp:650] gyr saturation
W20250111 18:33:20.006230 710526 ImuError.cpp:650] gyr saturation
W20250111 18:33:20.006235 710526 ImuError.cpp:650] gyr saturation
W20250111 18:33:20.006240 710526 ImuError.cpp:650] gyr saturation
W20250111 18:33:20.006245 710526 ImuError.cpp:650] gyr saturation
W20250111 18:33:20.006250 710526 ImuError.cpp:650] gyr saturation
W20250111 18:33:20.006255 710526 ImuError.cpp:650] gyr saturation
W20250111 18:33:20.006260 710526 ImuError.cpp:650] gyr saturation
W20250111 18:33:20.006265 710526 ImuError.cpp:650] gyr saturation
W20250111 18:33:20.006270 710526 ImuError.cpp:650] gyr saturation
W20250111 18:33:20.006275 710526 ImuError.cpp:650] gyr saturation
W20250111 18:33:20.006280 710526 ImuError.cpp:650] gyr saturation
W20250111 18:33:20.006285 710526 ImuError.cpp:650] gyr saturation
W20250111 18:33:20.006290 710526 ImuError.cpp:650] gyr saturation
W20250111 18:33:20.006295 710526 ImuError.cpp:650] gyr saturation
W20250111 18:33:20.006300 710526 ImuError.cpp:650] gyr saturation
W20250111 18:33:20.006305 710526 ImuError.cpp:650] gyr saturation
W20250111 18:33:20.006310 710526 ImuError.cpp:650] gyr saturation
W20250111 18:33:20.006315 710526 ImuError.cpp:650] gyr saturation
W20250111 18:33:20.006320 710526 ImuError.cpp:650] gyr saturation
W20250111 18:33:20.006325 710526 ImuError.cpp:650] gyr saturation
W20250111 18:33:20.006330 710526 ImuError.cpp:650] gyr saturation
W20250111 18:33:20.006335 710526 ImuError.cpp:650] gyr saturation
W20250111 18:33:20.006340 710526 ImuError.cpp:650] gyr saturation
W20250111 18:33:20.006345 710526 ImuError.cpp:650] gyr saturation
W20250111 18:33:20.006350 710526 ImuError.cpp:650] gyr saturation
W20250111 18:33:20.006356 710526 ImuError.cpp:650] gyr saturation
W20250111 18:33:20.006361 710526 ImuError.cpp:650] gyr saturation
W20250111 18:33:20.011773 710526 ImuError.cpp:368] gyr saturation
W20250111 18:33:20.011863 710526 ImuError.cpp:368] gyr saturation
W20250111 18:33:20.011879 710526 ImuError.cpp:368] gyr saturation
W20250111 18:33:20.011890 710526 ImuError.cpp:368] gyr saturation
W20250111 18:33:20.011901 710526 ImuError.cpp:368] gyr saturation
W20250111 18:33:20.011912 710526 ImuError.cpp:368] gyr saturation
W20250111 18:33:20.011934 710526 ImuError.cpp:368] gyr saturation
W20250111 18:33:20.011946 710526 ImuError.cpp:368] gyr saturation
W20250111 18:33:20.011957 710526 ImuError.cpp:368] gyr saturation
W20250111 18:33:20.011968 710526 ImuError.cpp:368] gyr saturation
W20250111 18:33:20.011979 710526 ImuError.cpp:368] gyr saturation
W20250111 18:33:20.012004 710526 ImuError.cpp:368] gyr saturation
W20250111 18:33:20.012017 710526 ImuError.cpp:368] gyr saturation
W20250111 18:33:20.012027 710526 ImuError.cpp:368] gyr saturation
W20250111 18:33:20.012038 710526 ImuError.cpp:368] gyr saturation
W20250111 18:33:20.012048 710526 ImuError.cpp:368] gyr saturation
W20250111 18:33:20.012060 710526 ImuError.cpp:368] gyr saturation
W20250111 18:33:20.012070 710526 ImuError.cpp:368] gyr saturation
W20250111 18:33:20.012081 710526 ImuError.cpp:368] gyr saturation
W20250111 18:33:20.012092 710526 ImuError.cpp:368] gyr saturation
W20250111 18:33:20.012104 710526 ImuError.cpp:368] gyr saturation
W20250111 18:33:20.012115 710526 ImuError.cpp:368] gyr saturation
W20250111 18:33:20.012125 710526 ImuError.cpp:368] gyr saturation
W20250111 18:33:20.012136 710526 ImuError.cpp:368] gyr saturation
W20250111 18:33:20.012147 710526 ImuError.cpp:368] gyr saturation
W20250111 18:33:20.012158 710526 ImuError.cpp:368] gyr saturation
W20250111 18:33:20.012169 710526 ImuError.cpp:368] gyr saturation
W20250111 18:33:20.012180 710526 ImuError.cpp:368] gyr saturation
W20250111 18:33:20.012190 710526 ImuError.cpp:368] gyr saturation
W20250111 18:33:20.012202 710526 ImuError.cpp:368] gyr saturation
W20250111 18:33:20.019923 710526 ImuError.cpp:650] gyr saturation
W20250111 18:33:20.019981 710526 ImuError.cpp:650] gyr saturation
W20250111 18:33:20.019997 710526 ImuError.cpp:650] gyr saturation
W20250111 18:33:20.020004 710526 ImuError.cpp:650] gyr saturation
W20250111 18:33:20.020008 710526 ImuError.cpp:650] gyr saturation
W20250111 18:33:20.020013 710526 ImuError.cpp:650] gyr saturation
W20250111 18:33:20.020018 710526 ImuError.cpp:650] gyr saturation
W20250111 18:33:20.020023 710526 ImuError.cpp:650] gyr saturation
W20250111 18:33:20.020030 710526 ImuError.cpp:650] gyr saturation
W20250111 18:33:20.020035 710526 ImuError.cpp:650] gyr saturation
W20250111 18:33:20.020040 710526 ImuError.cpp:650] gyr saturation
W20250111 18:33:20.020045 710526 ImuError.cpp:650] gyr saturation
W20250111 18:33:20.020051 710526 ImuError.cpp:650] gyr saturation
W20250111 18:33:20.020056 710526 ImuError.cpp:650] gyr saturation
W20250111 18:33:20.020061 710526 ImuError.cpp:650] gyr saturation
W20250111 18:33:20.020067 710526 ImuError.cpp:650] gyr saturation
W20250111 18:33:20.020073 710526 ImuError.cpp:650] gyr saturation
W20250111 18:33:20.020078 710526 ImuError.cpp:650] gyr saturation
W20250111 18:33:20.020083 710526 ImuError.cpp:650] gyr saturation
W20250111 18:33:20.020089 710526 ImuError.cpp:650] gyr saturation
W20250111 18:33:20.020094 710526 ImuError.cpp:650] gyr saturation
W20250111 18:33:20.020100 710526 ImuError.cpp:650] gyr saturation
W20250111 18:33:20.020105 710526 ImuError.cpp:650] gyr saturation
W20250111 18:33:20.020110 710526 ImuError.cpp:650] gyr saturation
W20250111 18:33:20.020116 710526 ImuError.cpp:650] gyr saturation
W20250111 18:33:20.020121 710526 ImuError.cpp:650] gyr saturation
W20250111 18:33:20.020128 710526 ImuError.cpp:650] gyr saturation
W20250111 18:33:20.020133 710526 ImuError.cpp:650] gyr saturation
W20250111 18:33:20.020138 710526 ImuError.cpp:650] gyr saturation
W20250111 18:33:20.020143 710526 ImuError.cpp:650] gyr saturation
W20250111 18:33:20.020149 710526 ImuError.cpp:650] gyr saturation
W20250111 18:33:20.020155 710526 ImuError.cpp:650] gyr saturation
W20250111 18:33:20.020162 710526 ImuError.cpp:650] gyr saturation
W20250111 18:33:20.020169 710526 ImuError.cpp:650] gyr saturation
W20250111 18:33:20.020175 710526 ImuError.cpp:650] gyr saturation
W20250111 18:33:20.020182 710526 ImuError.cpp:650] gyr saturation
W20250111 18:33:20.020188 710526 ImuError.cpp:650] gyr saturation
W20250111 18:33:20.020193 710526 ImuError.cpp:650] gyr saturation
W20250111 18:33:20.035755 710526 ImuError.cpp:650] gyr saturation
W20250111 18:33:20.035825 710526 ImuError.cpp:650] gyr saturation
W20250111 18:33:20.035830 710526 ImuError.cpp:650] gyr saturation
W20250111 18:33:20.035836 710526 ImuError.cpp:650] gyr saturation
W20250111 18:33:20.035841 710526 ImuError.cpp:650] gyr saturation
W20250111 18:33:20.035861 710526 ImuError.cpp:650] gyr saturation
W20250111 18:33:20.035872 710526 ImuError.cpp:650] gyr saturation
W20250111 18:33:20.035877 710526 ImuError.cpp:650] gyr saturation
W20250111 18:33:20.035882 710526 ImuError.cpp:650] gyr saturation
W20250111 18:33:20.036059 710526 ImuError.cpp:650] gyr saturation
W20250111 18:33:20.036069 710526 ImuError.cpp:650] gyr saturation
W20250111 18:33:20.036075 710526 ImuError.cpp:650] gyr saturation
W20250111 18:33:20.036080 710526 ImuError.cpp:650] gyr saturation
W20250111 18:33:20.036087 710526 ImuError.cpp:650] gyr saturation
W20250111 18:33:20.036091 710526 ImuError.cpp:650] gyr saturation
W20250111 18:33:20.036098 710526 ImuError.cpp:650] gyr saturation
W20250111 18:33:20.036103 710526 ImuError.cpp:650] gyr saturation
W20250111 18:33:20.036109 710526 ImuError.cpp:650] gyr saturation
W20250111 18:33:20.042006 710526 ImuError.cpp:368] gyr saturation
W20250111 18:33:20.042083 710526 ImuError.cpp:368] gyr saturation
W20250111 18:33:20.042093 710526 ImuError.cpp:368] gyr saturation
W20250111 18:33:20.042104 710526 ImuError.cpp:368] gyr saturation
W20250111 18:33:20.042114 710526 ImuError.cpp:368] gyr saturation
W20250111 18:33:20.042124 710526 ImuError.cpp:368] gyr saturation
W20250111 18:33:20.042135 710526 ImuError.cpp:368] gyr saturation
W20250111 18:33:20.042143 710526 ImuError.cpp:368] gyr saturation
W20250111 18:33:20.042153 710526 ImuError.cpp:368] gyr saturation
W20250111 18:33:20.050679 710526 ImuError.cpp:650] gyr saturation
W20250111 18:33:20.050741 710526 ImuError.cpp:650] gyr saturation
W20250111 18:33:20.050750 710526 ImuError.cpp:650] gyr saturation
W20250111 18:33:20.050757 710526 ImuError.cpp:650] gyr saturation
W20250111 18:33:20.050763 710526 ImuError.cpp:650] gyr saturation
W20250111 18:33:20.050771 710526 ImuError.cpp:650] gyr saturation
W20250111 18:33:20.050777 710526 ImuError.cpp:650] gyr saturation
W20250111 18:33:20.050783 710526 ImuError.cpp:650] gyr saturation
W20250111 18:33:20.050789 710526 ImuError.cpp:650] gyr saturation
I20250111 18:33:20.066084 710526 Frontend.cpp:2274] RANSAC FAIL: 36 inliers, ratio = 0.642857
W20250111 18:33:20.128448 1000903 ImuError.cpp:165] gyr saturation
W20250111 18:33:20.128518 1000903 ImuError.cpp:165] gyr saturation
W20250111 18:33:20.128535 1000903 ImuError.cpp:165] gyr saturation
W20250111 18:33:20.128546 1000903 ImuError.cpp:165] gyr saturation
W20250111 18:33:20.128556 1000903 ImuError.cpp:165] gyr saturation
W20250111 18:33:20.128567 1000903 ImuError.cpp:165] gyr saturation
W20250111 18:33:20.128577 1000903 ImuError.cpp:165] gyr saturation
W20250111 18:33:20.128587 1000903 ImuError.cpp:165] gyr saturation
W20250111 18:33:20.128597 1000903 ImuError.cpp:165] gyr saturation
W20250111 18:33:20.128926 1000903 ImuError.cpp:165] gyr saturation
W20250111 18:33:20.128940 1000903 ImuError.cpp:165] gyr saturation
W20250111 18:33:20.128957 1000903 ImuError.cpp:165] gyr saturation
W20250111 18:33:20.128966 1000903 ImuError.cpp:165] gyr saturation
W20250111 18:33:20.128976 1000903 ImuError.cpp:165] gyr saturation
W20250111 18:33:20.128986 1000903 ImuError.cpp:165] gyr saturation
W20250111 18:33:20.129000 1000903 ImuError.cpp:165] gyr saturation
W20250111 18:33:20.129010 1000903 ImuError.cpp:165] gyr saturation
W20250111 18:33:20.129020 1000903 ImuError.cpp:165] gyr saturation
I20250111 18:33:21.146524 710526 okvis_app_synchronous.cpp:210] OKVIS Timing
-----------
1 DetectAndDescribe                	   4646	00:00:08.979678	(00:00:00.001933 +- 00:00:00.000336)	[00:00:00.000953,00:00:00.005985]
2 Match                            	   4646	00:00:39.152177	(00:00:00.008427 +- 00:00:00.004091)	[00:00:00.000197,00:00:00.021922]
2.01 match to map                  	   4645	00:00:29.998636	(00:00:00.006458 +- 00:00:00.003661)	[00:00:00.000053,00:00:00.017915]
2.02 match motion stereo           	   4645	00:00:06.452559	(00:00:00.001389 +- 00:00:00.000463)	[00:00:00.000053,00:00:00.004424]
2.02.1 match motion stereo: prepare	   4645	00:00:01.455087	(00:00:00.000313 +- 00:00:00.000121)	[00:00:00.000001,00:00:00.000944]
2.10 match stereo                  	   1331	00:00:00.052637	(00:00:00.000040 +- 00:00:00.000045)	[00:00:00.000001,00:00:00.000428]
3 Optimise                         	   4645	00:01:19.060677	(00:00:00.017021 +- 00:00:00.010705)	[00:00:00.001187,00:00:00.090674]
4 Prepare publishing               	   4645	00:00:03.917577	(00:00:00.000843 +- 00:00:00.000329)	[00:00:00.000037,00:00:00.002257]
6 Visualising                      	   4645	00:00:00.000838	(00:00:00.000000 +- 00:00:00.000000)	[00:00:00.000000,00:00:00.000001]
7 Marginalise                      	   4645	00:00:08.538004	(00:00:00.001838 +- 00:00:00.000850)	[00:00:00.000006,00:00:00.008860]
7.1 check/handle lost              	   4645	00:00:00.138620	(00:00:00.000030 +- 00:00:00.000019)	[00:00:00.000000,00:00:00.000233]
7.2 eliminate IMU frames           	   4645	00:00:03.526675	(00:00:00.000759 +- 00:00:00.000558)	[00:00:00.000000,00:00:00.002857]
7.3 convert to posegraph           	   1747	00:00:01.495099	(00:00:00.000856 +- 00:00:00.000512)	[00:00:00.000123,00:00:00.005092]
7.4 freezing                       	   4644	00:00:00.005439	(00:00:00.000001 +- 00:00:00.000002)	[00:00:00.000000,00:00:00.000018]
7.6 expand                         	   4572	00:00:01.102623	(00:00:00.000241 +- 00:00:00.000159)	[00:00:00.000022,00:00:00.003266]
7.7 prune place recognition frames 	   4644	00:00:01.097105	(00:00:00.000236 +- 00:00:00.000129)	[00:00:00.000003,00:00:00.001273]
I20250111 18:33:21.146626 710526 okvis_app_synchronous.cpp:219] Progress: 86% (1 [1%/s], ETA: 14s)
I20250111 18:33:21.228505 710526 Frontend.cpp:2274] RANSAC FAIL: 22 inliers, ratio = 0.6875
I20250111 18:33:21.250293 710526 Frontend.cpp:2274] RANSAC FAIL: 23 inliers, ratio = 0.657143
I20250111 18:33:22.721856 710526 okvis_app_synchronous.cpp:210] OKVIS Timing
-----------
1 DetectAndDescribe                	   4700	00:00:09.084545	(00:00:00.001933 +- 00:00:00.000335)	[00:00:00.000953,00:00:00.005985]
2 Match                            	   4700	00:00:39.576869	(00:00:00.008421 +- 00:00:00.004071)	[00:00:00.000197,00:00:00.021922]
2.01 match to map                  	   4699	00:00:30.334594	(00:00:00.006456 +- 00:00:00.003643)	[00:00:00.000053,00:00:00.017915]
2.02 match motion stereo           	   4699	00:00:06.515432	(00:00:00.001387 +- 00:00:00.000462)	[00:00:00.000053,00:00:00.004424]
2.02.1 match motion stereo: prepare	   4699	00:00:01.469656	(00:00:00.000313 +- 00:00:00.000121)	[00:00:00.000001,00:00:00.000944]
2.10 match stereo                  	   1337	00:00:00.052842	(00:00:00.000040 +- 00:00:00.000045)	[00:00:00.000001,00:00:00.000428]
3 Optimise                         	   4699	00:01:20.004859	(00:00:00.017026 +- 00:00:00.010647)	[00:00:00.001187,00:00:00.090674]
4 Prepare publishing               	   4699	00:00:03.971813	(00:00:00.000845 +- 00:00:00.000328)	[00:00:00.000037,00:00:00.002257]
6 Visualising                      	   4699	00:00:00.000852	(00:00:00.000000 +- 00:00:00.000000)	[00:00:00.000000,00:00:00.000001]
7 Marginalise                      	   4699	00:00:08.675286	(00:00:00.001846 +- 00:00:00.000854)	[00:00:00.000006,00:00:00.008860]
7.1 check/handle lost              	   4699	00:00:00.140518	(00:00:00.000030 +- 00:00:00.000019)	[00:00:00.000000,00:00:00.000233]
7.2 eliminate IMU frames           	   4699	00:00:03.582847	(00:00:00.000762 +- 00:00:00.000558)	[00:00:00.000000,00:00:00.002857]
7.3 convert to posegraph           	   1769	00:00:01.523745	(00:00:00.000861 +- 00:00:00.000516)	[00:00:00.000123,00:00:00.005092]
7.4 freezing                       	   4698	00:00:00.005520	(00:00:00.000001 +- 00:00:00.000002)	[00:00:00.000000,00:00:00.000018]
7.6 expand                         	   4624	00:00:01.121503	(00:00:00.000243 +- 00:00:00.000161)	[00:00:00.000022,00:00:00.003266]
7.7 prune place recognition frames 	   4698	00:00:01.113973	(00:00:00.000237 +- 00:00:00.000128)	[00:00:00.000003,00:00:00.001273]
I20250111 18:33:22.721949 710526 okvis_app_synchronous.cpp:219] Progress: 87% (1 [1%/s], ETA: 13s)
I20250111 18:33:23.020458 710526 Frontend.cpp:2274] RANSAC FAIL: 39 inliers, ratio = 0.672414
I20250111 18:33:23.803655 710526 Frontend.cpp:2274] RANSAC FAIL: 33 inliers, ratio = 0.6875
I20250111 18:33:23.826014 710526 Frontend.cpp:2274] RANSAC FAIL: 35 inliers, ratio = 0.673077
I20250111 18:33:23.876622 710526 Frontend.cpp:2274] RANSAC FAIL: 45 inliers, ratio = 0.625
W20250111 18:33:23.932293 710526 ImuError.cpp:650] gyr saturation
W20250111 18:33:23.932338 710526 ImuError.cpp:650] gyr saturation
W20250111 18:33:23.932346 710526 ImuError.cpp:650] gyr saturation
W20250111 18:33:23.932351 710526 ImuError.cpp:650] gyr saturation
W20250111 18:33:23.932355 710526 ImuError.cpp:650] gyr saturation
W20250111 18:33:23.932360 710526 ImuError.cpp:650] gyr saturation
W20250111 18:33:23.932364 710526 ImuError.cpp:650] gyr saturation
W20250111 18:33:23.932369 710526 ImuError.cpp:650] gyr saturation
W20250111 18:33:23.932380 710526 ImuError.cpp:650] gyr saturation
W20250111 18:33:23.932384 710526 ImuError.cpp:650] gyr saturation
W20250111 18:33:23.932389 710526 ImuError.cpp:650] gyr saturation
W20250111 18:33:23.932394 710526 ImuError.cpp:650] gyr saturation
W20250111 18:33:23.932397 710526 ImuError.cpp:650] gyr saturation
W20250111 18:33:23.932401 710526 ImuError.cpp:650] gyr saturation
W20250111 18:33:23.932406 710526 ImuError.cpp:650] gyr saturation
W20250111 18:33:23.951797 710526 ImuError.cpp:650] gyr saturation
W20250111 18:33:23.951822 710526 ImuError.cpp:650] gyr saturation
W20250111 18:33:23.951826 710526 ImuError.cpp:650] gyr saturation
W20250111 18:33:23.951829 710526 ImuError.cpp:650] gyr saturation
W20250111 18:33:23.951833 710526 ImuError.cpp:650] gyr saturation
W20250111 18:33:23.951838 710526 ImuError.cpp:650] gyr saturation
W20250111 18:33:23.951843 710526 ImuError.cpp:650] gyr saturation
W20250111 18:33:23.951846 710526 ImuError.cpp:650] gyr saturation
W20250111 18:33:23.951850 710526 ImuError.cpp:650] gyr saturation
W20250111 18:33:23.951855 710526 ImuError.cpp:650] gyr saturation
W20250111 18:33:23.951859 710526 ImuError.cpp:650] gyr saturation
W20250111 18:33:23.951864 710526 ImuError.cpp:650] gyr saturation
W20250111 18:33:23.951869 710526 ImuError.cpp:650] gyr saturation
W20250111 18:33:23.951872 710526 ImuError.cpp:650] gyr saturation
W20250111 18:33:23.951876 710526 ImuError.cpp:650] gyr saturation
W20250111 18:33:23.952081 710526 ImuError.cpp:650] gyr saturation
W20250111 18:33:23.952090 710526 ImuError.cpp:650] gyr saturation
W20250111 18:33:23.952093 710526 ImuError.cpp:650] gyr saturation
W20250111 18:33:23.952097 710526 ImuError.cpp:650] gyr saturation
W20250111 18:33:23.952102 710526 ImuError.cpp:650] gyr saturation
W20250111 18:33:23.952108 710526 ImuError.cpp:650] gyr saturation
W20250111 18:33:23.952114 710526 ImuError.cpp:650] gyr saturation
W20250111 18:33:23.952119 710526 ImuError.cpp:650] gyr saturation
W20250111 18:33:23.952124 710526 ImuError.cpp:650] gyr saturation
W20250111 18:33:23.952131 710526 ImuError.cpp:650] gyr saturation
W20250111 18:33:23.952136 710526 ImuError.cpp:650] gyr saturation
W20250111 18:33:23.952139 710526 ImuError.cpp:650] gyr saturation
W20250111 18:33:23.952144 710526 ImuError.cpp:650] gyr saturation
W20250111 18:33:23.952149 710526 ImuError.cpp:650] gyr saturation
W20250111 18:33:23.952153 710526 ImuError.cpp:650] gyr saturation
W20250111 18:33:23.955215 710526 ImuError.cpp:368] gyr saturation
W20250111 18:33:23.955250 710526 ImuError.cpp:368] gyr saturation
W20250111 18:33:23.955258 710526 ImuError.cpp:368] gyr saturation
W20250111 18:33:23.955266 710526 ImuError.cpp:368] gyr saturation
W20250111 18:33:23.955274 710526 ImuError.cpp:368] gyr saturation
W20250111 18:33:23.955282 710526 ImuError.cpp:368] gyr saturation
W20250111 18:33:23.955292 710526 ImuError.cpp:368] gyr saturation
W20250111 18:33:23.955300 710526 ImuError.cpp:368] gyr saturation
W20250111 18:33:23.955308 710526 ImuError.cpp:368] gyr saturation
W20250111 18:33:23.955318 710526 ImuError.cpp:368] gyr saturation
W20250111 18:33:23.955327 710526 ImuError.cpp:368] gyr saturation
W20250111 18:33:23.955335 710526 ImuError.cpp:368] gyr saturation
W20250111 18:33:23.955344 710526 ImuError.cpp:368] gyr saturation
W20250111 18:33:23.955363 710526 ImuError.cpp:368] gyr saturation
W20250111 18:33:23.955374 710526 ImuError.cpp:368] gyr saturation
W20250111 18:33:23.959398 710526 ImuError.cpp:650] gyr saturation
W20250111 18:33:23.959427 710526 ImuError.cpp:650] gyr saturation
W20250111 18:33:23.959434 710526 ImuError.cpp:650] gyr saturation
W20250111 18:33:23.959437 710526 ImuError.cpp:650] gyr saturation
W20250111 18:33:23.959442 710526 ImuError.cpp:650] gyr saturation
W20250111 18:33:23.959446 710526 ImuError.cpp:650] gyr saturation
W20250111 18:33:23.959450 710526 ImuError.cpp:650] gyr saturation
W20250111 18:33:23.959453 710526 ImuError.cpp:650] gyr saturation
W20250111 18:33:23.959456 710526 ImuError.cpp:650] gyr saturation
W20250111 18:33:23.959460 710526 ImuError.cpp:650] gyr saturation
W20250111 18:33:23.959470 710526 ImuError.cpp:650] gyr saturation
W20250111 18:33:23.959472 710526 ImuError.cpp:650] gyr saturation
W20250111 18:33:23.959475 710526 ImuError.cpp:650] gyr saturation
W20250111 18:33:23.959478 710526 ImuError.cpp:650] gyr saturation
W20250111 18:33:23.959482 710526 ImuError.cpp:650] gyr saturation
W20250111 18:33:23.959486 710526 ImuError.cpp:650] gyr saturation
W20250111 18:33:23.959491 710526 ImuError.cpp:650] gyr saturation
W20250111 18:33:23.959493 710526 ImuError.cpp:650] gyr saturation
W20250111 18:33:23.959496 710526 ImuError.cpp:650] gyr saturation
W20250111 18:33:23.959502 710526 ImuError.cpp:650] gyr saturation
W20250111 18:33:23.959506 710526 ImuError.cpp:650] gyr saturation
W20250111 18:33:23.959511 710526 ImuError.cpp:650] gyr saturation
W20250111 18:33:23.959515 710526 ImuError.cpp:650] gyr saturation
W20250111 18:33:23.959519 710526 ImuError.cpp:650] gyr saturation
W20250111 18:33:23.959523 710526 ImuError.cpp:650] gyr saturation
W20250111 18:33:23.959527 710526 ImuError.cpp:650] gyr saturation
W20250111 18:33:23.959532 710526 ImuError.cpp:650] gyr saturation
W20250111 18:33:23.959535 710526 ImuError.cpp:650] gyr saturation
W20250111 18:33:23.959540 710526 ImuError.cpp:650] gyr saturation
W20250111 18:33:23.959545 710526 ImuError.cpp:650] gyr saturation
W20250111 18:33:23.959549 710526 ImuError.cpp:650] gyr saturation
W20250111 18:33:23.959553 710526 ImuError.cpp:650] gyr saturation
W20250111 18:33:23.959558 710526 ImuError.cpp:650] gyr saturation
W20250111 18:33:23.959563 710526 ImuError.cpp:650] gyr saturation
W20250111 18:33:23.959566 710526 ImuError.cpp:650] gyr saturation
W20250111 18:33:23.959570 710526 ImuError.cpp:650] gyr saturation
W20250111 18:33:23.959574 710526 ImuError.cpp:650] gyr saturation
W20250111 18:33:23.959579 710526 ImuError.cpp:650] gyr saturation
W20250111 18:33:23.959583 710526 ImuError.cpp:650] gyr saturation
W20250111 18:33:23.959587 710526 ImuError.cpp:650] gyr saturation
W20250111 18:33:23.959592 710526 ImuError.cpp:650] gyr saturation
W20250111 18:33:23.959597 710526 ImuError.cpp:650] gyr saturation
W20250111 18:33:23.959600 710526 ImuError.cpp:650] gyr saturation
W20250111 18:33:23.959605 710526 ImuError.cpp:650] gyr saturation
W20250111 18:33:23.959611 710526 ImuError.cpp:650] gyr saturation
W20250111 18:33:23.959615 710526 ImuError.cpp:650] gyr saturation
W20250111 18:33:23.959618 710526 ImuError.cpp:650] gyr saturation
W20250111 18:33:23.959622 710526 ImuError.cpp:650] gyr saturation
W20250111 18:33:23.959625 710526 ImuError.cpp:650] gyr saturation
W20250111 18:33:23.974505 710526 ImuError.cpp:650] gyr saturation
W20250111 18:33:23.974538 710526 ImuError.cpp:650] gyr saturation
W20250111 18:33:23.974543 710526 ImuError.cpp:650] gyr saturation
W20250111 18:33:23.974547 710526 ImuError.cpp:650] gyr saturation
W20250111 18:33:23.974553 710526 ImuError.cpp:650] gyr saturation
W20250111 18:33:23.974560 710526 ImuError.cpp:650] gyr saturation
W20250111 18:33:23.974562 710526 ImuError.cpp:650] gyr saturation
W20250111 18:33:23.974565 710526 ImuError.cpp:650] gyr saturation
W20250111 18:33:23.974570 710526 ImuError.cpp:650] gyr saturation
W20250111 18:33:23.974572 710526 ImuError.cpp:650] gyr saturation
W20250111 18:33:23.974579 710526 ImuError.cpp:650] gyr saturation
W20250111 18:33:23.974593 710526 ImuError.cpp:650] gyr saturation
W20250111 18:33:23.974598 710526 ImuError.cpp:650] gyr saturation
W20250111 18:33:23.974606 710526 ImuError.cpp:650] gyr saturation
W20250111 18:33:23.974610 710526 ImuError.cpp:650] gyr saturation
W20250111 18:33:23.974617 710526 ImuError.cpp:650] gyr saturation
W20250111 18:33:23.974622 710526 ImuError.cpp:650] gyr saturation
W20250111 18:33:23.974627 710526 ImuError.cpp:650] gyr saturation
W20250111 18:33:23.974632 710526 ImuError.cpp:650] gyr saturation
W20250111 18:33:23.974635 710526 ImuError.cpp:650] gyr saturation
W20250111 18:33:23.974640 710526 ImuError.cpp:650] gyr saturation
W20250111 18:33:23.974643 710526 ImuError.cpp:650] gyr saturation
W20250111 18:33:23.974648 710526 ImuError.cpp:650] gyr saturation
W20250111 18:33:23.974653 710526 ImuError.cpp:650] gyr saturation
W20250111 18:33:23.974656 710526 ImuError.cpp:650] gyr saturation
W20250111 18:33:23.974663 710526 ImuError.cpp:650] gyr saturation
W20250111 18:33:23.974668 710526 ImuError.cpp:650] gyr saturation
W20250111 18:33:23.974673 710526 ImuError.cpp:650] gyr saturation
W20250111 18:33:23.974678 710526 ImuError.cpp:650] gyr saturation
W20250111 18:33:23.974681 710526 ImuError.cpp:650] gyr saturation
W20250111 18:33:23.974686 710526 ImuError.cpp:650] gyr saturation
W20250111 18:33:23.974694 710526 ImuError.cpp:650] gyr saturation
W20250111 18:33:23.974697 710526 ImuError.cpp:650] gyr saturation
W20250111 18:33:23.974702 710526 ImuError.cpp:650] gyr saturation
W20250111 18:33:23.974707 710526 ImuError.cpp:650] gyr saturation
W20250111 18:33:23.974772 710526 ImuError.cpp:650] gyr saturation
W20250111 18:33:23.974777 710526 ImuError.cpp:650] gyr saturation
W20250111 18:33:23.974781 710526 ImuError.cpp:650] gyr saturation
W20250111 18:33:23.974786 710526 ImuError.cpp:650] gyr saturation
W20250111 18:33:23.974789 710526 ImuError.cpp:650] gyr saturation
W20250111 18:33:23.974793 710526 ImuError.cpp:650] gyr saturation
W20250111 18:33:23.974798 710526 ImuError.cpp:650] gyr saturation
W20250111 18:33:23.974804 710526 ImuError.cpp:650] gyr saturation
W20250111 18:33:23.974807 710526 ImuError.cpp:650] gyr saturation
W20250111 18:33:23.974812 710526 ImuError.cpp:650] gyr saturation
W20250111 18:33:23.974817 710526 ImuError.cpp:650] gyr saturation
W20250111 18:33:23.974819 710526 ImuError.cpp:650] gyr saturation
W20250111 18:33:23.974823 710526 ImuError.cpp:650] gyr saturation
W20250111 18:33:23.974828 710526 ImuError.cpp:650] gyr saturation
W20250111 18:33:23.974833 710526 ImuError.cpp:650] gyr saturation
W20250111 18:33:23.974838 710526 ImuError.cpp:650] gyr saturation
W20250111 18:33:23.974840 710526 ImuError.cpp:650] gyr saturation
W20250111 18:33:23.974848 710526 ImuError.cpp:650] gyr saturation
W20250111 18:33:23.974851 710526 ImuError.cpp:650] gyr saturation
W20250111 18:33:23.974855 710526 ImuError.cpp:650] gyr saturation
W20250111 18:33:23.974858 710526 ImuError.cpp:650] gyr saturation
W20250111 18:33:23.974864 710526 ImuError.cpp:650] gyr saturation
W20250111 18:33:23.974867 710526 ImuError.cpp:650] gyr saturation
W20250111 18:33:23.974871 710526 ImuError.cpp:650] gyr saturation
W20250111 18:33:23.974875 710526 ImuError.cpp:650] gyr saturation
W20250111 18:33:23.974880 710526 ImuError.cpp:650] gyr saturation
W20250111 18:33:23.974884 710526 ImuError.cpp:650] gyr saturation
W20250111 18:33:23.974889 710526 ImuError.cpp:650] gyr saturation
W20250111 18:33:23.974892 710526 ImuError.cpp:650] gyr saturation
W20250111 18:33:23.974896 710526 ImuError.cpp:650] gyr saturation
W20250111 18:33:23.974901 710526 ImuError.cpp:650] gyr saturation
W20250111 18:33:23.974905 710526 ImuError.cpp:650] gyr saturation
W20250111 18:33:23.974910 710526 ImuError.cpp:650] gyr saturation
W20250111 18:33:23.974913 710526 ImuError.cpp:650] gyr saturation
W20250111 18:33:23.974916 710526 ImuError.cpp:650] gyr saturation
W20250111 18:33:23.977825 710540 ImuError.cpp:368] gyr saturation
W20250111 18:33:23.977872 710540 ImuError.cpp:368] gyr saturation
W20250111 18:33:23.977883 710540 ImuError.cpp:368] gyr saturation
W20250111 18:33:23.977902 710540 ImuError.cpp:368] gyr saturation
W20250111 18:33:23.977911 710540 ImuError.cpp:368] gyr saturation
W20250111 18:33:23.977921 710540 ImuError.cpp:368] gyr saturation
W20250111 18:33:23.977931 710540 ImuError.cpp:368] gyr saturation
W20250111 18:33:23.977938 710540 ImuError.cpp:368] gyr saturation
W20250111 18:33:23.977948 710540 ImuError.cpp:368] gyr saturation
W20250111 18:33:23.977957 710540 ImuError.cpp:368] gyr saturation
W20250111 18:33:23.977964 710540 ImuError.cpp:368] gyr saturation
W20250111 18:33:23.977973 710540 ImuError.cpp:368] gyr saturation
W20250111 18:33:23.977983 710540 ImuError.cpp:368] gyr saturation
W20250111 18:33:23.977996 710540 ImuError.cpp:368] gyr saturation
W20250111 18:33:23.978004 710540 ImuError.cpp:368] gyr saturation
W20250111 18:33:23.978013 710540 ImuError.cpp:368] gyr saturation
W20250111 18:33:23.978024 710540 ImuError.cpp:368] gyr saturation
W20250111 18:33:23.978031 710540 ImuError.cpp:368] gyr saturation
W20250111 18:33:23.978040 710540 ImuError.cpp:368] gyr saturation
W20250111 18:33:23.978049 710540 ImuError.cpp:368] gyr saturation
W20250111 18:33:23.978056 710540 ImuError.cpp:368] gyr saturation
W20250111 18:33:23.978066 710540 ImuError.cpp:368] gyr saturation
W20250111 18:33:23.978073 710540 ImuError.cpp:368] gyr saturation
W20250111 18:33:23.978081 710540 ImuError.cpp:368] gyr saturation
W20250111 18:33:23.978091 710540 ImuError.cpp:368] gyr saturation
W20250111 18:33:23.978098 710540 ImuError.cpp:368] gyr saturation
W20250111 18:33:23.978107 710540 ImuError.cpp:368] gyr saturation
W20250111 18:33:23.978116 710540 ImuError.cpp:368] gyr saturation
W20250111 18:33:23.978123 710540 ImuError.cpp:368] gyr saturation
W20250111 18:33:23.978132 710540 ImuError.cpp:368] gyr saturation
W20250111 18:33:23.978139 710540 ImuError.cpp:368] gyr saturation
W20250111 18:33:23.978148 710540 ImuError.cpp:368] gyr saturation
W20250111 18:33:23.978156 710540 ImuError.cpp:368] gyr saturation
W20250111 18:33:23.978164 710540 ImuError.cpp:368] gyr saturation
W20250111 18:33:23.978174 710540 ImuError.cpp:368] gyr saturation
W20250111 18:33:23.982087 710526 ImuError.cpp:650] gyr saturation
W20250111 18:33:23.982131 710526 ImuError.cpp:650] gyr saturation
W20250111 18:33:23.982136 710526 ImuError.cpp:650] gyr saturation
W20250111 18:33:23.982141 710526 ImuError.cpp:650] gyr saturation
W20250111 18:33:23.982144 710526 ImuError.cpp:650] gyr saturation
W20250111 18:33:23.982147 710526 ImuError.cpp:650] gyr saturation
W20250111 18:33:23.982151 710526 ImuError.cpp:650] gyr saturation
W20250111 18:33:23.982154 710526 ImuError.cpp:650] gyr saturation
W20250111 18:33:23.982158 710526 ImuError.cpp:650] gyr saturation
W20250111 18:33:23.982163 710526 ImuError.cpp:650] gyr saturation
W20250111 18:33:23.982168 710526 ImuError.cpp:650] gyr saturation
W20250111 18:33:23.982172 710526 ImuError.cpp:650] gyr saturation
W20250111 18:33:23.982177 710526 ImuError.cpp:650] gyr saturation
W20250111 18:33:23.982180 710526 ImuError.cpp:650] gyr saturation
W20250111 18:33:23.982183 710526 ImuError.cpp:650] gyr saturation
W20250111 18:33:23.982187 710526 ImuError.cpp:650] gyr saturation
W20250111 18:33:23.982192 710526 ImuError.cpp:650] gyr saturation
W20250111 18:33:23.982195 710526 ImuError.cpp:650] gyr saturation
W20250111 18:33:23.982199 710526 ImuError.cpp:650] gyr saturation
W20250111 18:33:23.982203 710526 ImuError.cpp:650] gyr saturation
W20250111 18:33:23.982209 710526 ImuError.cpp:650] gyr saturation
W20250111 18:33:23.982213 710526 ImuError.cpp:650] gyr saturation
W20250111 18:33:23.982216 710526 ImuError.cpp:650] gyr saturation
W20250111 18:33:23.982223 710526 ImuError.cpp:650] gyr saturation
W20250111 18:33:23.982226 710526 ImuError.cpp:650] gyr saturation
W20250111 18:33:23.982230 710526 ImuError.cpp:650] gyr saturation
W20250111 18:33:23.982235 710526 ImuError.cpp:650] gyr saturation
W20250111 18:33:23.982240 710526 ImuError.cpp:650] gyr saturation
W20250111 18:33:23.982245 710526 ImuError.cpp:650] gyr saturation
W20250111 18:33:23.982249 710526 ImuError.cpp:650] gyr saturation
W20250111 18:33:23.982265 710526 ImuError.cpp:650] gyr saturation
W20250111 18:33:23.982270 710526 ImuError.cpp:650] gyr saturation
W20250111 18:33:23.982275 710526 ImuError.cpp:650] gyr saturation
W20250111 18:33:23.982278 710526 ImuError.cpp:650] gyr saturation
W20250111 18:33:23.982283 710526 ImuError.cpp:650] gyr saturation
W20250111 18:33:23.982288 710526 ImuError.cpp:650] gyr saturation
W20250111 18:33:23.982292 710526 ImuError.cpp:650] gyr saturation
W20250111 18:33:23.982297 710526 ImuError.cpp:650] gyr saturation
W20250111 18:33:23.982301 710526 ImuError.cpp:650] gyr saturation
W20250111 18:33:23.982306 710526 ImuError.cpp:650] gyr saturation
W20250111 18:33:23.982309 710526 ImuError.cpp:650] gyr saturation
W20250111 18:33:23.982314 710526 ImuError.cpp:650] gyr saturation
W20250111 18:33:23.982318 710526 ImuError.cpp:650] gyr saturation
W20250111 18:33:23.982323 710526 ImuError.cpp:650] gyr saturation
W20250111 18:33:23.982327 710526 ImuError.cpp:650] gyr saturation
W20250111 18:33:23.982332 710526 ImuError.cpp:650] gyr saturation
W20250111 18:33:23.982338 710526 ImuError.cpp:650] gyr saturation
W20250111 18:33:23.982342 710526 ImuError.cpp:650] gyr saturation
W20250111 18:33:23.982345 710526 ImuError.cpp:650] gyr saturation
W20250111 18:33:23.982349 710526 ImuError.cpp:650] gyr saturation
W20250111 18:33:23.982353 710526 ImuError.cpp:650] gyr saturation
W20250111 18:33:23.982357 710526 ImuError.cpp:650] gyr saturation
W20250111 18:33:23.982362 710526 ImuError.cpp:650] gyr saturation
W20250111 18:33:23.982367 710526 ImuError.cpp:650] gyr saturation
W20250111 18:33:23.982370 710526 ImuError.cpp:650] gyr saturation
W20250111 18:33:23.982373 710526 ImuError.cpp:650] gyr saturation
W20250111 18:33:23.982379 710526 ImuError.cpp:650] gyr saturation
W20250111 18:33:23.982383 710526 ImuError.cpp:650] gyr saturation
W20250111 18:33:23.982388 710526 ImuError.cpp:650] gyr saturation
W20250111 18:33:23.982391 710526 ImuError.cpp:650] gyr saturation
W20250111 18:33:23.982395 710526 ImuError.cpp:650] gyr saturation
W20250111 18:33:23.982399 710526 ImuError.cpp:650] gyr saturation
W20250111 18:33:23.982403 710526 ImuError.cpp:650] gyr saturation
W20250111 18:33:23.982406 710526 ImuError.cpp:650] gyr saturation
W20250111 18:33:23.982410 710526 ImuError.cpp:650] gyr saturation
W20250111 18:33:23.982414 710526 ImuError.cpp:650] gyr saturation
W20250111 18:33:23.982420 710526 ImuError.cpp:650] gyr saturation
W20250111 18:33:23.982424 710526 ImuError.cpp:650] gyr saturation
W20250111 18:33:24.001320 710526 ImuError.cpp:650] gyr saturation
W20250111 18:33:24.001335 710526 ImuError.cpp:650] gyr saturation
W20250111 18:33:24.001338 710526 ImuError.cpp:650] gyr saturation
W20250111 18:33:24.001341 710526 ImuError.cpp:650] gyr saturation
W20250111 18:33:24.001345 710526 ImuError.cpp:650] gyr saturation
W20250111 18:33:24.001348 710526 ImuError.cpp:650] gyr saturation
W20250111 18:33:24.001351 710526 ImuError.cpp:650] gyr saturation
W20250111 18:33:24.001354 710526 ImuError.cpp:650] gyr saturation
W20250111 18:33:24.001358 710526 ImuError.cpp:650] gyr saturation
W20250111 18:33:24.001361 710526 ImuError.cpp:650] gyr saturation
W20250111 18:33:24.001364 710526 ImuError.cpp:650] gyr saturation
W20250111 18:33:24.001367 710526 ImuError.cpp:650] gyr saturation
W20250111 18:33:24.001370 710526 ImuError.cpp:650] gyr saturation
W20250111 18:33:24.001374 710526 ImuError.cpp:650] gyr saturation
W20250111 18:33:24.001377 710526 ImuError.cpp:650] gyr saturation
W20250111 18:33:24.001381 710526 ImuError.cpp:650] gyr saturation
W20250111 18:33:24.001384 710526 ImuError.cpp:650] gyr saturation
W20250111 18:33:24.001394 710526 ImuError.cpp:650] gyr saturation
W20250111 18:33:24.001399 710526 ImuError.cpp:650] gyr saturation
W20250111 18:33:24.001401 710526 ImuError.cpp:650] gyr saturation
W20250111 18:33:24.001405 710526 ImuError.cpp:650] gyr saturation
W20250111 18:33:24.001408 710526 ImuError.cpp:650] gyr saturation
W20250111 18:33:24.001412 710526 ImuError.cpp:650] gyr saturation
W20250111 18:33:24.001416 710526 ImuError.cpp:650] gyr saturation
W20250111 18:33:24.001425 710526 ImuError.cpp:650] gyr saturation
W20250111 18:33:24.001428 710526 ImuError.cpp:650] gyr saturation
W20250111 18:33:24.001432 710526 ImuError.cpp:650] gyr saturation
W20250111 18:33:24.001436 710526 ImuError.cpp:650] gyr saturation
W20250111 18:33:24.001439 710526 ImuError.cpp:650] gyr saturation
W20250111 18:33:24.001443 710526 ImuError.cpp:650] gyr saturation
W20250111 18:33:24.001447 710526 ImuError.cpp:650] gyr saturation
W20250111 18:33:24.001451 710526 ImuError.cpp:650] gyr saturation
W20250111 18:33:24.001456 710526 ImuError.cpp:650] gyr saturation
W20250111 18:33:24.001461 710526 ImuError.cpp:650] gyr saturation
W20250111 18:33:24.001587 710526 ImuError.cpp:650] gyr saturation
W20250111 18:33:24.001593 710526 ImuError.cpp:650] gyr saturation
W20250111 18:33:24.001598 710526 ImuError.cpp:650] gyr saturation
W20250111 18:33:24.001601 710526 ImuError.cpp:650] gyr saturation
W20250111 18:33:24.001605 710526 ImuError.cpp:650] gyr saturation
W20250111 18:33:24.001609 710526 ImuError.cpp:650] gyr saturation
W20250111 18:33:24.001613 710526 ImuError.cpp:650] gyr saturation
W20250111 18:33:24.001616 710526 ImuError.cpp:650] gyr saturation
W20250111 18:33:24.001621 710526 ImuError.cpp:650] gyr saturation
W20250111 18:33:24.001624 710526 ImuError.cpp:650] gyr saturation
W20250111 18:33:24.001628 710526 ImuError.cpp:650] gyr saturation
W20250111 18:33:24.001631 710526 ImuError.cpp:650] gyr saturation
W20250111 18:33:24.001636 710526 ImuError.cpp:650] gyr saturation
W20250111 18:33:24.001638 710526 ImuError.cpp:650] gyr saturation
W20250111 18:33:24.001642 710526 ImuError.cpp:650] gyr saturation
W20250111 18:33:24.001646 710526 ImuError.cpp:650] gyr saturation
W20250111 18:33:24.001649 710526 ImuError.cpp:650] gyr saturation
W20250111 18:33:24.001653 710526 ImuError.cpp:650] gyr saturation
W20250111 18:33:24.001657 710526 ImuError.cpp:650] gyr saturation
W20250111 18:33:24.001660 710526 ImuError.cpp:650] gyr saturation
W20250111 18:33:24.001664 710526 ImuError.cpp:650] gyr saturation
W20250111 18:33:24.001667 710526 ImuError.cpp:650] gyr saturation
W20250111 18:33:24.001672 710526 ImuError.cpp:650] gyr saturation
W20250111 18:33:24.001675 710526 ImuError.cpp:650] gyr saturation
W20250111 18:33:24.001678 710526 ImuError.cpp:650] gyr saturation
W20250111 18:33:24.001682 710526 ImuError.cpp:650] gyr saturation
W20250111 18:33:24.001685 710526 ImuError.cpp:650] gyr saturation
W20250111 18:33:24.001689 710526 ImuError.cpp:650] gyr saturation
W20250111 18:33:24.001693 710526 ImuError.cpp:650] gyr saturation
W20250111 18:33:24.001696 710526 ImuError.cpp:650] gyr saturation
W20250111 18:33:24.001700 710526 ImuError.cpp:650] gyr saturation
W20250111 18:33:24.001703 710526 ImuError.cpp:650] gyr saturation
W20250111 18:33:24.001708 710526 ImuError.cpp:650] gyr saturation
W20250111 18:33:24.001710 710526 ImuError.cpp:650] gyr saturation
W20250111 18:33:24.004578 710526 ImuError.cpp:368] gyr saturation
W20250111 18:33:24.004616 710526 ImuError.cpp:368] gyr saturation
W20250111 18:33:24.004626 710526 ImuError.cpp:368] gyr saturation
W20250111 18:33:24.004637 710526 ImuError.cpp:368] gyr saturation
W20250111 18:33:24.004647 710526 ImuError.cpp:368] gyr saturation
W20250111 18:33:24.004653 710526 ImuError.cpp:368] gyr saturation
W20250111 18:33:24.004664 710526 ImuError.cpp:368] gyr saturation
W20250111 18:33:24.004678 710526 ImuError.cpp:368] gyr saturation
W20250111 18:33:24.004685 710526 ImuError.cpp:368] gyr saturation
W20250111 18:33:24.004693 710526 ImuError.cpp:368] gyr saturation
W20250111 18:33:24.004701 710526 ImuError.cpp:368] gyr saturation
W20250111 18:33:24.004710 710526 ImuError.cpp:368] gyr saturation
W20250111 18:33:24.004719 710526 ImuError.cpp:368] gyr saturation
W20250111 18:33:24.004732 710526 ImuError.cpp:368] gyr saturation
W20250111 18:33:24.004740 710526 ImuError.cpp:368] gyr saturation
W20250111 18:33:24.004748 710526 ImuError.cpp:368] gyr saturation
W20250111 18:33:24.004756 710526 ImuError.cpp:368] gyr saturation
W20250111 18:33:24.004765 710526 ImuError.cpp:368] gyr saturation
W20250111 18:33:24.004781 710526 ImuError.cpp:368] gyr saturation
W20250111 18:33:24.004789 710526 ImuError.cpp:368] gyr saturation
W20250111 18:33:24.004797 710526 ImuError.cpp:368] gyr saturation
W20250111 18:33:24.004805 710526 ImuError.cpp:368] gyr saturation
W20250111 18:33:24.004813 710526 ImuError.cpp:368] gyr saturation
W20250111 18:33:24.004822 710526 ImuError.cpp:368] gyr saturation
W20250111 18:33:24.004829 710526 ImuError.cpp:368] gyr saturation
W20250111 18:33:24.004837 710526 ImuError.cpp:368] gyr saturation
W20250111 18:33:24.004845 710526 ImuError.cpp:368] gyr saturation
W20250111 18:33:24.004853 710526 ImuError.cpp:368] gyr saturation
W20250111 18:33:24.004861 710526 ImuError.cpp:368] gyr saturation
W20250111 18:33:24.004869 710526 ImuError.cpp:368] gyr saturation
W20250111 18:33:24.004878 710526 ImuError.cpp:368] gyr saturation
W20250111 18:33:24.004886 710526 ImuError.cpp:368] gyr saturation
W20250111 18:33:24.004894 710526 ImuError.cpp:368] gyr saturation
W20250111 18:33:24.004902 710526 ImuError.cpp:368] gyr saturation
W20250111 18:33:24.008677 710526 ImuError.cpp:650] gyr saturation
W20250111 18:33:24.008705 710526 ImuError.cpp:650] gyr saturation
W20250111 18:33:24.008709 710526 ImuError.cpp:650] gyr saturation
W20250111 18:33:24.008715 710526 ImuError.cpp:650] gyr saturation
W20250111 18:33:24.008718 710526 ImuError.cpp:650] gyr saturation
W20250111 18:33:24.008721 710526 ImuError.cpp:650] gyr saturation
W20250111 18:33:24.008724 710526 ImuError.cpp:650] gyr saturation
W20250111 18:33:24.008729 710526 ImuError.cpp:650] gyr saturation
W20250111 18:33:24.008733 710526 ImuError.cpp:650] gyr saturation
W20250111 18:33:24.008736 710526 ImuError.cpp:650] gyr saturation
W20250111 18:33:24.008740 710526 ImuError.cpp:650] gyr saturation
W20250111 18:33:24.008744 710526 ImuError.cpp:650] gyr saturation
W20250111 18:33:24.008747 710526 ImuError.cpp:650] gyr saturation
W20250111 18:33:24.008750 710526 ImuError.cpp:650] gyr saturation
W20250111 18:33:24.008754 710526 ImuError.cpp:650] gyr saturation
W20250111 18:33:24.008759 710526 ImuError.cpp:650] gyr saturation
W20250111 18:33:24.008761 710526 ImuError.cpp:650] gyr saturation
W20250111 18:33:24.008765 710526 ImuError.cpp:650] gyr saturation
W20250111 18:33:24.008769 710526 ImuError.cpp:650] gyr saturation
W20250111 18:33:24.008772 710526 ImuError.cpp:650] gyr saturation
W20250111 18:33:24.008776 710526 ImuError.cpp:650] gyr saturation
W20250111 18:33:24.008780 710526 ImuError.cpp:650] gyr saturation
W20250111 18:33:24.008783 710526 ImuError.cpp:650] gyr saturation
W20250111 18:33:24.008787 710526 ImuError.cpp:650] gyr saturation
W20250111 18:33:24.008790 710526 ImuError.cpp:650] gyr saturation
W20250111 18:33:24.008795 710526 ImuError.cpp:650] gyr saturation
W20250111 18:33:24.008797 710526 ImuError.cpp:650] gyr saturation
W20250111 18:33:24.008801 710526 ImuError.cpp:650] gyr saturation
W20250111 18:33:24.008805 710526 ImuError.cpp:650] gyr saturation
W20250111 18:33:24.008809 710526 ImuError.cpp:650] gyr saturation
W20250111 18:33:24.008814 710526 ImuError.cpp:650] gyr saturation
W20250111 18:33:24.008818 710526 ImuError.cpp:650] gyr saturation
W20250111 18:33:24.008822 710526 ImuError.cpp:650] gyr saturation
W20250111 18:33:24.008827 710526 ImuError.cpp:650] gyr saturation
W20250111 18:33:24.008831 710526 ImuError.cpp:650] gyr saturation
W20250111 18:33:24.008836 710526 ImuError.cpp:650] gyr saturation
W20250111 18:33:24.008839 710526 ImuError.cpp:650] gyr saturation
W20250111 18:33:24.008845 710526 ImuError.cpp:650] gyr saturation
W20250111 18:33:24.008850 710526 ImuError.cpp:650] gyr saturation
W20250111 18:33:24.008854 710526 ImuError.cpp:650] gyr saturation
W20250111 18:33:24.008858 710526 ImuError.cpp:650] gyr saturation
W20250111 18:33:24.008863 710526 ImuError.cpp:650] gyr saturation
W20250111 18:33:24.008867 710526 ImuError.cpp:650] gyr saturation
W20250111 18:33:24.008872 710526 ImuError.cpp:650] gyr saturation
W20250111 18:33:24.008877 710526 ImuError.cpp:650] gyr saturation
W20250111 18:33:24.008881 710526 ImuError.cpp:650] gyr saturation
W20250111 18:33:24.008894 710526 ImuError.cpp:650] gyr saturation
W20250111 18:33:24.008899 710526 ImuError.cpp:650] gyr saturation
W20250111 18:33:24.008904 710526 ImuError.cpp:650] gyr saturation
W20250111 18:33:24.008909 710526 ImuError.cpp:650] gyr saturation
W20250111 18:33:24.008913 710526 ImuError.cpp:650] gyr saturation
W20250111 18:33:24.008917 710526 ImuError.cpp:650] gyr saturation
W20250111 18:33:24.008922 710526 ImuError.cpp:650] gyr saturation
W20250111 18:33:24.008929 710526 ImuError.cpp:650] gyr saturation
W20250111 18:33:24.008932 710526 ImuError.cpp:650] gyr saturation
W20250111 18:33:24.008937 710526 ImuError.cpp:650] gyr saturation
W20250111 18:33:24.008944 710526 ImuError.cpp:650] gyr saturation
W20250111 18:33:24.008946 710526 ImuError.cpp:650] gyr saturation
W20250111 18:33:24.008951 710526 ImuError.cpp:650] gyr saturation
W20250111 18:33:24.008955 710526 ImuError.cpp:650] gyr saturation
W20250111 18:33:24.008960 710526 ImuError.cpp:650] gyr saturation
W20250111 18:33:24.008962 710526 ImuError.cpp:650] gyr saturation
W20250111 18:33:24.008967 710526 ImuError.cpp:650] gyr saturation
W20250111 18:33:24.008971 710526 ImuError.cpp:650] gyr saturation
W20250111 18:33:24.008976 710526 ImuError.cpp:650] gyr saturation
W20250111 18:33:24.008981 710526 ImuError.cpp:650] gyr saturation
W20250111 18:33:24.008986 710526 ImuError.cpp:650] gyr saturation
W20250111 18:33:24.008996 710526 ImuError.cpp:650] gyr saturation
W20250111 18:33:24.022343 710526 ImuError.cpp:650] gyr saturation
W20250111 18:33:24.022367 710526 ImuError.cpp:650] gyr saturation
W20250111 18:33:24.022372 710526 ImuError.cpp:650] gyr saturation
W20250111 18:33:24.022374 710526 ImuError.cpp:650] gyr saturation
W20250111 18:33:24.022377 710526 ImuError.cpp:650] gyr saturation
W20250111 18:33:24.022380 710526 ImuError.cpp:650] gyr saturation
W20250111 18:33:24.022387 710526 ImuError.cpp:650] gyr saturation
W20250111 18:33:24.022392 710526 ImuError.cpp:650] gyr saturation
W20250111 18:33:24.022395 710526 ImuError.cpp:650] gyr saturation
W20250111 18:33:24.022403 710526 ImuError.cpp:650] gyr saturation
W20250111 18:33:24.022406 710526 ImuError.cpp:650] gyr saturation
W20250111 18:33:24.022410 710526 ImuError.cpp:650] gyr saturation
W20250111 18:33:24.022414 710526 ImuError.cpp:650] gyr saturation
W20250111 18:33:24.022418 710526 ImuError.cpp:650] gyr saturation
W20250111 18:33:24.022421 710526 ImuError.cpp:650] gyr saturation
W20250111 18:33:24.022424 710526 ImuError.cpp:650] gyr saturation
W20250111 18:33:24.022429 710526 ImuError.cpp:650] gyr saturation
W20250111 18:33:24.022437 710526 ImuError.cpp:650] gyr saturation
W20250111 18:33:24.022442 710526 ImuError.cpp:650] gyr saturation
W20250111 18:33:24.022451 710526 ImuError.cpp:650] gyr saturation
W20250111 18:33:24.022454 710526 ImuError.cpp:650] gyr saturation
W20250111 18:33:24.022459 710526 ImuError.cpp:650] gyr saturation
W20250111 18:33:24.022464 710526 ImuError.cpp:650] gyr saturation
W20250111 18:33:24.022469 710526 ImuError.cpp:650] gyr saturation
W20250111 18:33:24.022473 710526 ImuError.cpp:650] gyr saturation
W20250111 18:33:24.022477 710526 ImuError.cpp:650] gyr saturation
W20250111 18:33:24.022482 710526 ImuError.cpp:650] gyr saturation
W20250111 18:33:24.022487 710526 ImuError.cpp:650] gyr saturation
W20250111 18:33:24.022491 710526 ImuError.cpp:650] gyr saturation
W20250111 18:33:24.022495 710526 ImuError.cpp:650] gyr saturation
W20250111 18:33:24.022500 710526 ImuError.cpp:650] gyr saturation
W20250111 18:33:24.022505 710526 ImuError.cpp:650] gyr saturation
W20250111 18:33:24.022511 710526 ImuError.cpp:650] gyr saturation
W20250111 18:33:24.022514 710526 ImuError.cpp:650] gyr saturation
W20250111 18:33:24.022519 710526 ImuError.cpp:650] gyr saturation
W20250111 18:33:24.022599 710526 ImuError.cpp:650] gyr saturation
W20250111 18:33:24.022605 710526 ImuError.cpp:650] gyr saturation
W20250111 18:33:24.022608 710526 ImuError.cpp:650] gyr saturation
W20250111 18:33:24.022614 710526 ImuError.cpp:650] gyr saturation
W20250111 18:33:24.022617 710526 ImuError.cpp:650] gyr saturation
W20250111 18:33:24.022627 710526 ImuError.cpp:650] gyr saturation
W20250111 18:33:24.022631 710526 ImuError.cpp:650] gyr saturation
W20250111 18:33:24.022637 710526 ImuError.cpp:650] gyr saturation
W20250111 18:33:24.022644 710526 ImuError.cpp:650] gyr saturation
W20250111 18:33:24.022648 710526 ImuError.cpp:650] gyr saturation
W20250111 18:33:24.022651 710526 ImuError.cpp:650] gyr saturation
W20250111 18:33:24.022655 710526 ImuError.cpp:650] gyr saturation
W20250111 18:33:24.022660 710526 ImuError.cpp:650] gyr saturation
W20250111 18:33:24.022663 710526 ImuError.cpp:650] gyr saturation
W20250111 18:33:24.022667 710526 ImuError.cpp:650] gyr saturation
W20250111 18:33:24.022671 710526 ImuError.cpp:650] gyr saturation
W20250111 18:33:24.022677 710526 ImuError.cpp:650] gyr saturation
W20250111 18:33:24.022682 710526 ImuError.cpp:650] gyr saturation
W20250111 18:33:24.022687 710526 ImuError.cpp:650] gyr saturation
W20250111 18:33:24.022692 710526 ImuError.cpp:650] gyr saturation
W20250111 18:33:24.022696 710526 ImuError.cpp:650] gyr saturation
W20250111 18:33:24.022699 710526 ImuError.cpp:650] gyr saturation
W20250111 18:33:24.022703 710526 ImuError.cpp:650] gyr saturation
W20250111 18:33:24.022708 710526 ImuError.cpp:650] gyr saturation
W20250111 18:33:24.022712 710526 ImuError.cpp:650] gyr saturation
W20250111 18:33:24.022715 710526 ImuError.cpp:650] gyr saturation
W20250111 18:33:24.022719 710526 ImuError.cpp:650] gyr saturation
W20250111 18:33:24.022724 710526 ImuError.cpp:650] gyr saturation
W20250111 18:33:24.022728 710526 ImuError.cpp:650] gyr saturation
W20250111 18:33:24.022732 710526 ImuError.cpp:650] gyr saturation
W20250111 18:33:24.022737 710526 ImuError.cpp:650] gyr saturation
W20250111 18:33:24.022740 710526 ImuError.cpp:650] gyr saturation
W20250111 18:33:24.022744 710526 ImuError.cpp:650] gyr saturation
W20250111 18:33:24.022747 710526 ImuError.cpp:650] gyr saturation
W20250111 18:33:24.022753 710526 ImuError.cpp:650] gyr saturation
W20250111 18:33:24.025506 710526 ImuError.cpp:368] gyr saturation
W20250111 18:33:24.025542 710526 ImuError.cpp:368] gyr saturation
W20250111 18:33:24.025554 710526 ImuError.cpp:368] gyr saturation
W20250111 18:33:24.025563 710526 ImuError.cpp:368] gyr saturation
W20250111 18:33:24.025570 710526 ImuError.cpp:368] gyr saturation
W20250111 18:33:24.025578 710526 ImuError.cpp:368] gyr saturation
W20250111 18:33:24.025588 710526 ImuError.cpp:368] gyr saturation
W20250111 18:33:24.025595 710526 ImuError.cpp:368] gyr saturation
W20250111 18:33:24.025604 710526 ImuError.cpp:368] gyr saturation
W20250111 18:33:24.025612 710526 ImuError.cpp:368] gyr saturation
W20250111 18:33:24.025621 710526 ImuError.cpp:368] gyr saturation
W20250111 18:33:24.025629 710526 ImuError.cpp:368] gyr saturation
W20250111 18:33:24.025637 710526 ImuError.cpp:368] gyr saturation
W20250111 18:33:24.025645 710526 ImuError.cpp:368] gyr saturation
W20250111 18:33:24.025653 710526 ImuError.cpp:368] gyr saturation
W20250111 18:33:24.025661 710526 ImuError.cpp:368] gyr saturation
W20250111 18:33:24.025669 710526 ImuError.cpp:368] gyr saturation
W20250111 18:33:24.025678 710526 ImuError.cpp:368] gyr saturation
W20250111 18:33:24.025688 710526 ImuError.cpp:368] gyr saturation
W20250111 18:33:24.025696 710526 ImuError.cpp:368] gyr saturation
W20250111 18:33:24.025704 710526 ImuError.cpp:368] gyr saturation
W20250111 18:33:24.025712 710526 ImuError.cpp:368] gyr saturation
W20250111 18:33:24.025722 710526 ImuError.cpp:368] gyr saturation
W20250111 18:33:24.025729 710526 ImuError.cpp:368] gyr saturation
W20250111 18:33:24.025738 710526 ImuError.cpp:368] gyr saturation
W20250111 18:33:24.025746 710526 ImuError.cpp:368] gyr saturation
W20250111 18:33:24.025755 710526 ImuError.cpp:368] gyr saturation
W20250111 18:33:24.025763 710526 ImuError.cpp:368] gyr saturation
W20250111 18:33:24.025770 710526 ImuError.cpp:368] gyr saturation
W20250111 18:33:24.025779 710526 ImuError.cpp:368] gyr saturation
W20250111 18:33:24.025786 710526 ImuError.cpp:368] gyr saturation
W20250111 18:33:24.025794 710526 ImuError.cpp:368] gyr saturation
W20250111 18:33:24.025803 710526 ImuError.cpp:368] gyr saturation
W20250111 18:33:24.025820 710526 ImuError.cpp:368] gyr saturation
W20250111 18:33:24.025830 710526 ImuError.cpp:368] gyr saturation
W20250111 18:33:24.029532 710526 ImuError.cpp:650] gyr saturation
W20250111 18:33:24.029560 710526 ImuError.cpp:650] gyr saturation
W20250111 18:33:24.029564 710526 ImuError.cpp:650] gyr saturation
W20250111 18:33:24.029569 710526 ImuError.cpp:650] gyr saturation
W20250111 18:33:24.029572 710526 ImuError.cpp:650] gyr saturation
W20250111 18:33:24.029577 710526 ImuError.cpp:650] gyr saturation
W20250111 18:33:24.029579 710526 ImuError.cpp:650] gyr saturation
W20250111 18:33:24.029585 710526 ImuError.cpp:650] gyr saturation
W20250111 18:33:24.029589 710526 ImuError.cpp:650] gyr saturation
W20250111 18:33:24.029593 710526 ImuError.cpp:650] gyr saturation
W20250111 18:33:24.029603 710526 ImuError.cpp:650] gyr saturation
W20250111 18:33:24.029608 710526 ImuError.cpp:650] gyr saturation
W20250111 18:33:24.029611 710526 ImuError.cpp:650] gyr saturation
W20250111 18:33:24.029615 710526 ImuError.cpp:650] gyr saturation
W20250111 18:33:24.029619 710526 ImuError.cpp:650] gyr saturation
W20250111 18:33:24.029625 710526 ImuError.cpp:650] gyr saturation
W20250111 18:33:24.029629 710526 ImuError.cpp:650] gyr saturation
W20250111 18:33:24.029634 710526 ImuError.cpp:650] gyr saturation
W20250111 18:33:24.029639 710526 ImuError.cpp:650] gyr saturation
W20250111 18:33:24.029642 710526 ImuError.cpp:650] gyr saturation
W20250111 18:33:24.029646 710526 ImuError.cpp:650] gyr saturation
W20250111 18:33:24.029651 710526 ImuError.cpp:650] gyr saturation
W20250111 18:33:24.029655 710526 ImuError.cpp:650] gyr saturation
W20250111 18:33:24.029659 710526 ImuError.cpp:650] gyr saturation
W20250111 18:33:24.029665 710526 ImuError.cpp:650] gyr saturation
W20250111 18:33:24.029670 710526 ImuError.cpp:650] gyr saturation
W20250111 18:33:24.029675 710526 ImuError.cpp:650] gyr saturation
W20250111 18:33:24.029680 710526 ImuError.cpp:650] gyr saturation
W20250111 18:33:24.029685 710526 ImuError.cpp:650] gyr saturation
W20250111 18:33:24.029688 710526 ImuError.cpp:650] gyr saturation
W20250111 18:33:24.029692 710526 ImuError.cpp:650] gyr saturation
W20250111 18:33:24.029697 710526 ImuError.cpp:650] gyr saturation
W20250111 18:33:24.029702 710526 ImuError.cpp:650] gyr saturation
W20250111 18:33:24.029708 710526 ImuError.cpp:650] gyr saturation
W20250111 18:33:24.029714 710526 ImuError.cpp:650] gyr saturation
W20250111 18:33:24.029719 710526 ImuError.cpp:650] gyr saturation
W20250111 18:33:24.029723 710526 ImuError.cpp:650] gyr saturation
W20250111 18:33:24.029728 710526 ImuError.cpp:650] gyr saturation
W20250111 18:33:24.029732 710526 ImuError.cpp:650] gyr saturation
W20250111 18:33:24.029737 710526 ImuError.cpp:650] gyr saturation
W20250111 18:33:24.029742 710526 ImuError.cpp:650] gyr saturation
W20250111 18:33:24.029747 710526 ImuError.cpp:650] gyr saturation
W20250111 18:33:24.029752 710526 ImuError.cpp:650] gyr saturation
W20250111 18:33:24.029758 710526 ImuError.cpp:650] gyr saturation
W20250111 18:33:24.029763 710526 ImuError.cpp:650] gyr saturation
W20250111 18:33:24.029769 710526 ImuError.cpp:650] gyr saturation
W20250111 18:33:24.029773 710526 ImuError.cpp:650] gyr saturation
W20250111 18:33:24.029778 710526 ImuError.cpp:650] gyr saturation
W20250111 18:33:24.029783 710526 ImuError.cpp:650] gyr saturation
W20250111 18:33:24.029788 710526 ImuError.cpp:650] gyr saturation
W20250111 18:33:24.029793 710526 ImuError.cpp:650] gyr saturation
W20250111 18:33:24.029796 710526 ImuError.cpp:650] gyr saturation
W20250111 18:33:24.029801 710526 ImuError.cpp:650] gyr saturation
W20250111 18:33:24.029805 710526 ImuError.cpp:650] gyr saturation
W20250111 18:33:24.029811 710526 ImuError.cpp:650] gyr saturation
W20250111 18:33:24.042171 1009124 ImuError.cpp:165] gyr saturation
W20250111 18:33:24.042220 1009124 ImuError.cpp:165] gyr saturation
W20250111 18:33:24.042232 1009124 ImuError.cpp:165] gyr saturation
W20250111 18:33:24.042239 1009124 ImuError.cpp:165] gyr saturation
W20250111 18:33:24.042248 1009124 ImuError.cpp:165] gyr saturation
W20250111 18:33:24.042265 1009124 ImuError.cpp:165] gyr saturation
W20250111 18:33:24.042274 1009124 ImuError.cpp:165] gyr saturation
W20250111 18:33:24.042282 1009124 ImuError.cpp:165] gyr saturation
W20250111 18:33:24.042290 1009124 ImuError.cpp:165] gyr saturation
W20250111 18:33:24.042299 1009124 ImuError.cpp:165] gyr saturation
W20250111 18:33:24.042306 1009124 ImuError.cpp:165] gyr saturation
W20250111 18:33:24.042315 1009124 ImuError.cpp:165] gyr saturation
W20250111 18:33:24.042322 1009124 ImuError.cpp:165] gyr saturation
W20250111 18:33:24.042330 1009124 ImuError.cpp:165] gyr saturation
W20250111 18:33:24.042338 1009124 ImuError.cpp:165] gyr saturation
W20250111 18:33:24.042346 1009124 ImuError.cpp:165] gyr saturation
W20250111 18:33:24.042354 1009124 ImuError.cpp:165] gyr saturation
W20250111 18:33:24.042362 1009124 ImuError.cpp:165] gyr saturation
W20250111 18:33:24.042371 1009124 ImuError.cpp:165] gyr saturation
W20250111 18:33:24.042378 1009124 ImuError.cpp:165] gyr saturation
W20250111 18:33:24.042387 1009124 ImuError.cpp:165] gyr saturation
W20250111 18:33:24.042394 1009124 ImuError.cpp:165] gyr saturation
W20250111 18:33:24.042402 1009124 ImuError.cpp:165] gyr saturation
W20250111 18:33:24.042410 1009124 ImuError.cpp:165] gyr saturation
W20250111 18:33:24.042418 1009124 ImuError.cpp:165] gyr saturation
W20250111 18:33:24.042425 1009124 ImuError.cpp:165] gyr saturation
W20250111 18:33:24.042433 1009124 ImuError.cpp:165] gyr saturation
W20250111 18:33:24.042441 1009124 ImuError.cpp:165] gyr saturation
W20250111 18:33:24.042449 1009124 ImuError.cpp:165] gyr saturation
W20250111 18:33:24.042457 1009124 ImuError.cpp:165] gyr saturation
W20250111 18:33:24.042465 1009124 ImuError.cpp:165] gyr saturation
W20250111 18:33:24.042474 1009124 ImuError.cpp:165] gyr saturation
W20250111 18:33:24.042481 1009124 ImuError.cpp:165] gyr saturation
W20250111 18:33:24.042490 1009124 ImuError.cpp:165] gyr saturation
W20250111 18:33:24.042497 1009124 ImuError.cpp:165] gyr saturation
W20250111 18:33:24.042654 1009124 ImuError.cpp:165] gyr saturation
W20250111 18:33:24.042663 1009124 ImuError.cpp:165] gyr saturation
W20250111 18:33:24.042670 1009124 ImuError.cpp:165] gyr saturation
W20250111 18:33:24.042677 1009124 ImuError.cpp:165] gyr saturation
W20250111 18:33:24.042685 1009124 ImuError.cpp:165] gyr saturation
W20250111 18:33:24.042692 1009124 ImuError.cpp:165] gyr saturation
W20250111 18:33:24.042699 1009124 ImuError.cpp:165] gyr saturation
W20250111 18:33:24.042706 1009124 ImuError.cpp:165] gyr saturation
W20250111 18:33:24.042716 1009124 ImuError.cpp:165] gyr saturation
W20250111 18:33:24.042721 1009124 ImuError.cpp:165] gyr saturation
W20250111 18:33:24.042732 1009124 ImuError.cpp:165] gyr saturation
W20250111 18:33:24.042740 1009124 ImuError.cpp:165] gyr saturation
W20250111 18:33:24.042748 1009124 ImuError.cpp:165] gyr saturation
W20250111 18:33:24.042757 1009124 ImuError.cpp:165] gyr saturation
W20250111 18:33:24.042765 1009124 ImuError.cpp:165] gyr saturation
W20250111 18:33:24.042773 1009124 ImuError.cpp:165] gyr saturation
W20250111 18:33:24.042780 1009124 ImuError.cpp:165] gyr saturation
W20250111 18:33:24.042789 1009124 ImuError.cpp:165] gyr saturation
W20250111 18:33:24.042797 1009124 ImuError.cpp:165] gyr saturation
W20250111 18:33:24.042804 1009124 ImuError.cpp:165] gyr saturation
W20250111 18:33:24.042812 1009124 ImuError.cpp:165] gyr saturation
W20250111 18:33:24.042820 1009124 ImuError.cpp:165] gyr saturation
W20250111 18:33:24.042827 1009124 ImuError.cpp:165] gyr saturation
W20250111 18:33:24.042835 1009124 ImuError.cpp:165] gyr saturation
W20250111 18:33:24.042843 1009124 ImuError.cpp:165] gyr saturation
W20250111 18:33:24.042850 1009124 ImuError.cpp:165] gyr saturation
W20250111 18:33:24.042858 1009124 ImuError.cpp:165] gyr saturation
W20250111 18:33:24.042866 1009124 ImuError.cpp:165] gyr saturation
W20250111 18:33:24.042873 1009124 ImuError.cpp:165] gyr saturation
W20250111 18:33:24.042881 1009124 ImuError.cpp:165] gyr saturation
W20250111 18:33:24.042889 1009124 ImuError.cpp:165] gyr saturation
W20250111 18:33:24.042899 1009124 ImuError.cpp:165] gyr saturation
W20250111 18:33:24.042908 1009124 ImuError.cpp:165] gyr saturation
W20250111 18:33:24.042917 1009124 ImuError.cpp:165] gyr saturation
W20250111 18:33:24.042925 1009124 ImuError.cpp:165] gyr saturation
W20250111 18:33:24.044075 710526 ImuError.cpp:650] gyr saturation
W20250111 18:33:24.044090 710526 ImuError.cpp:650] gyr saturation
W20250111 18:33:24.044095 710526 ImuError.cpp:650] gyr saturation
W20250111 18:33:24.044099 710526 ImuError.cpp:650] gyr saturation
W20250111 18:33:24.044103 710526 ImuError.cpp:650] gyr saturation
W20250111 18:33:24.044107 710526 ImuError.cpp:650] gyr saturation
W20250111 18:33:24.044111 710526 ImuError.cpp:650] gyr saturation
W20250111 18:33:24.044114 710526 ImuError.cpp:650] gyr saturation
W20250111 18:33:24.044119 710526 ImuError.cpp:650] gyr saturation
W20250111 18:33:24.044124 710526 ImuError.cpp:650] gyr saturation
W20250111 18:33:24.044129 710526 ImuError.cpp:650] gyr saturation
W20250111 18:33:24.044133 710526 ImuError.cpp:650] gyr saturation
W20250111 18:33:24.044137 710526 ImuError.cpp:650] gyr saturation
W20250111 18:33:24.044140 710526 ImuError.cpp:650] gyr saturation
W20250111 18:33:24.044144 710526 ImuError.cpp:650] gyr saturation
W20250111 18:33:24.044147 710526 ImuError.cpp:650] gyr saturation
W20250111 18:33:24.044150 710526 ImuError.cpp:650] gyr saturation
W20250111 18:33:24.044154 710526 ImuError.cpp:650] gyr saturation
W20250111 18:33:24.044157 710526 ImuError.cpp:650] gyr saturation
W20250111 18:33:24.044162 710526 ImuError.cpp:650] gyr saturation
W20250111 18:33:24.044165 710526 ImuError.cpp:650] gyr saturation
W20250111 18:33:24.044257 710526 ImuError.cpp:650] gyr saturation
W20250111 18:33:24.044262 710526 ImuError.cpp:650] gyr saturation
W20250111 18:33:24.044266 710526 ImuError.cpp:650] gyr saturation
W20250111 18:33:24.044270 710526 ImuError.cpp:650] gyr saturation
W20250111 18:33:24.044273 710526 ImuError.cpp:650] gyr saturation
W20250111 18:33:24.044276 710526 ImuError.cpp:650] gyr saturation
W20250111 18:33:24.044281 710526 ImuError.cpp:650] gyr saturation
W20250111 18:33:24.044284 710526 ImuError.cpp:650] gyr saturation
W20250111 18:33:24.044287 710526 ImuError.cpp:650] gyr saturation
W20250111 18:33:24.044291 710526 ImuError.cpp:650] gyr saturation
W20250111 18:33:24.044296 710526 ImuError.cpp:650] gyr saturation
W20250111 18:33:24.044299 710526 ImuError.cpp:650] gyr saturation
W20250111 18:33:24.044302 710526 ImuError.cpp:650] gyr saturation
W20250111 18:33:24.044306 710526 ImuError.cpp:650] gyr saturation
W20250111 18:33:24.044309 710526 ImuError.cpp:650] gyr saturation
W20250111 18:33:24.044313 710526 ImuError.cpp:650] gyr saturation
W20250111 18:33:24.044317 710526 ImuError.cpp:650] gyr saturation
W20250111 18:33:24.044320 710526 ImuError.cpp:650] gyr saturation
W20250111 18:33:24.044324 710526 ImuError.cpp:650] gyr saturation
W20250111 18:33:24.044328 710526 ImuError.cpp:650] gyr saturation
W20250111 18:33:24.044332 710526 ImuError.cpp:650] gyr saturation
W20250111 18:33:24.047173 710526 ImuError.cpp:368] gyr saturation
W20250111 18:33:24.047212 710526 ImuError.cpp:368] gyr saturation
W20250111 18:33:24.047221 710526 ImuError.cpp:368] gyr saturation
W20250111 18:33:24.047230 710526 ImuError.cpp:368] gyr saturation
W20250111 18:33:24.047237 710526 ImuError.cpp:368] gyr saturation
W20250111 18:33:24.047245 710526 ImuError.cpp:368] gyr saturation
W20250111 18:33:24.047255 710526 ImuError.cpp:368] gyr saturation
W20250111 18:33:24.047263 710526 ImuError.cpp:368] gyr saturation
W20250111 18:33:24.047271 710526 ImuError.cpp:368] gyr saturation
W20250111 18:33:24.047279 710526 ImuError.cpp:368] gyr saturation
W20250111 18:33:24.047287 710526 ImuError.cpp:368] gyr saturation
W20250111 18:33:24.047295 710526 ImuError.cpp:368] gyr saturation
W20250111 18:33:24.047303 710526 ImuError.cpp:368] gyr saturation
W20250111 18:33:24.047312 710526 ImuError.cpp:368] gyr saturation
W20250111 18:33:24.047319 710526 ImuError.cpp:368] gyr saturation
W20250111 18:33:24.047327 710526 ImuError.cpp:368] gyr saturation
W20250111 18:33:24.047343 710526 ImuError.cpp:368] gyr saturation
W20250111 18:33:24.047350 710526 ImuError.cpp:368] gyr saturation
W20250111 18:33:24.047358 710526 ImuError.cpp:368] gyr saturation
W20250111 18:33:24.047365 710526 ImuError.cpp:368] gyr saturation
W20250111 18:33:24.047372 710526 ImuError.cpp:368] gyr saturation
W20250111 18:33:24.051591 710526 ImuError.cpp:650] gyr saturation
W20250111 18:33:24.051621 710526 ImuError.cpp:650] gyr saturation
W20250111 18:33:24.051625 710526 ImuError.cpp:650] gyr saturation
W20250111 18:33:24.051630 710526 ImuError.cpp:650] gyr saturation
W20250111 18:33:24.051633 710526 ImuError.cpp:650] gyr saturation
W20250111 18:33:24.051637 710526 ImuError.cpp:650] gyr saturation
W20250111 18:33:24.051641 710526 ImuError.cpp:650] gyr saturation
W20250111 18:33:24.051651 710526 ImuError.cpp:650] gyr saturation
W20250111 18:33:24.051654 710526 ImuError.cpp:650] gyr saturation
W20250111 18:33:24.051658 710526 ImuError.cpp:650] gyr saturation
W20250111 18:33:24.051663 710526 ImuError.cpp:650] gyr saturation
W20250111 18:33:24.051669 710526 ImuError.cpp:650] gyr saturation
W20250111 18:33:24.051673 710526 ImuError.cpp:650] gyr saturation
W20250111 18:33:24.051679 710526 ImuError.cpp:650] gyr saturation
W20250111 18:33:24.051683 710526 ImuError.cpp:650] gyr saturation
W20250111 18:33:24.051688 710526 ImuError.cpp:650] gyr saturation
W20250111 18:33:24.051692 710526 ImuError.cpp:650] gyr saturation
W20250111 18:33:24.051697 710526 ImuError.cpp:650] gyr saturation
W20250111 18:33:24.051700 710526 ImuError.cpp:650] gyr saturation
W20250111 18:33:24.051707 710526 ImuError.cpp:650] gyr saturation
W20250111 18:33:24.051712 710526 ImuError.cpp:650] gyr saturation
W20250111 18:33:24.063982 1009206 ImuError.cpp:165] gyr saturation
W20250111 18:33:24.064050 1009206 ImuError.cpp:165] gyr saturation
W20250111 18:33:24.064060 1009206 ImuError.cpp:165] gyr saturation
W20250111 18:33:24.064069 1009206 ImuError.cpp:165] gyr saturation
W20250111 18:33:24.064077 1009206 ImuError.cpp:165] gyr saturation
W20250111 18:33:24.064086 1009206 ImuError.cpp:165] gyr saturation
W20250111 18:33:24.064095 1009206 ImuError.cpp:165] gyr saturation
W20250111 18:33:24.064103 1009206 ImuError.cpp:165] gyr saturation
W20250111 18:33:24.064111 1009206 ImuError.cpp:165] gyr saturation
W20250111 18:33:24.064121 1009206 ImuError.cpp:165] gyr saturation
W20250111 18:33:24.064128 1009206 ImuError.cpp:165] gyr saturation
W20250111 18:33:24.064136 1009206 ImuError.cpp:165] gyr saturation
W20250111 18:33:24.064145 1009206 ImuError.cpp:165] gyr saturation
W20250111 18:33:24.064154 1009206 ImuError.cpp:165] gyr saturation
W20250111 18:33:24.064163 1009206 ImuError.cpp:165] gyr saturation
W20250111 18:33:24.064172 1009206 ImuError.cpp:165] gyr saturation
W20250111 18:33:24.064181 1009206 ImuError.cpp:165] gyr saturation
W20250111 18:33:24.064189 1009206 ImuError.cpp:165] gyr saturation
W20250111 18:33:24.064200 1009206 ImuError.cpp:165] gyr saturation
W20250111 18:33:24.064209 1009206 ImuError.cpp:165] gyr saturation
W20250111 18:33:24.064218 1009206 ImuError.cpp:165] gyr saturation
W20250111 18:33:24.064227 1009206 ImuError.cpp:165] gyr saturation
W20250111 18:33:24.064235 1009206 ImuError.cpp:165] gyr saturation
W20250111 18:33:24.064244 1009206 ImuError.cpp:165] gyr saturation
W20250111 18:33:24.064252 1009206 ImuError.cpp:165] gyr saturation
W20250111 18:33:24.064261 1009206 ImuError.cpp:165] gyr saturation
W20250111 18:33:24.064270 1009206 ImuError.cpp:165] gyr saturation
W20250111 18:33:24.064280 1009206 ImuError.cpp:165] gyr saturation
W20250111 18:33:24.064291 1009206 ImuError.cpp:165] gyr saturation
W20250111 18:33:24.064301 1009206 ImuError.cpp:165] gyr saturation
W20250111 18:33:24.064311 1009206 ImuError.cpp:165] gyr saturation
W20250111 18:33:24.064318 1009206 ImuError.cpp:165] gyr saturation
W20250111 18:33:24.064327 1009206 ImuError.cpp:165] gyr saturation
W20250111 18:33:24.064334 1009206 ImuError.cpp:165] gyr saturation
W20250111 18:33:24.064544 1009206 ImuError.cpp:165] gyr saturation
W20250111 18:33:24.064567 1009206 ImuError.cpp:165] gyr saturation
W20250111 18:33:24.064575 1009206 ImuError.cpp:165] gyr saturation
W20250111 18:33:24.064585 1009206 ImuError.cpp:165] gyr saturation
W20250111 18:33:24.064594 1009206 ImuError.cpp:165] gyr saturation
W20250111 18:33:24.064603 1009206 ImuError.cpp:165] gyr saturation
W20250111 18:33:24.064612 1009206 ImuError.cpp:165] gyr saturation
W20250111 18:33:24.064620 1009206 ImuError.cpp:165] gyr saturation
W20250111 18:33:24.064628 1009206 ImuError.cpp:165] gyr saturation
W20250111 18:33:24.064635 1009206 ImuError.cpp:165] gyr saturation
W20250111 18:33:24.064644 1009206 ImuError.cpp:165] gyr saturation
W20250111 18:33:24.064652 1009206 ImuError.cpp:165] gyr saturation
W20250111 18:33:24.064661 1009206 ImuError.cpp:165] gyr saturation
W20250111 18:33:24.064669 1009206 ImuError.cpp:165] gyr saturation
W20250111 18:33:24.064677 1009206 ImuError.cpp:165] gyr saturation
W20250111 18:33:24.064684 1009206 ImuError.cpp:165] gyr saturation
W20250111 18:33:24.064692 1009206 ImuError.cpp:165] gyr saturation
W20250111 18:33:24.064700 1009206 ImuError.cpp:165] gyr saturation
W20250111 18:33:24.064708 1009206 ImuError.cpp:165] gyr saturation
W20250111 18:33:24.064715 1009206 ImuError.cpp:165] gyr saturation
W20250111 18:33:24.064724 1009206 ImuError.cpp:165] gyr saturation
W20250111 18:33:24.064733 1009206 ImuError.cpp:165] gyr saturation
W20250111 18:33:24.064740 1009206 ImuError.cpp:165] gyr saturation
W20250111 18:33:24.064749 1009206 ImuError.cpp:165] gyr saturation
W20250111 18:33:24.064759 1009206 ImuError.cpp:165] gyr saturation
W20250111 18:33:24.064765 1009206 ImuError.cpp:165] gyr saturation
W20250111 18:33:24.064775 1009206 ImuError.cpp:165] gyr saturation
W20250111 18:33:24.064782 1009206 ImuError.cpp:165] gyr saturation
W20250111 18:33:24.064790 1009206 ImuError.cpp:165] gyr saturation
W20250111 18:33:24.064797 1009206 ImuError.cpp:165] gyr saturation
W20250111 18:33:24.064806 1009206 ImuError.cpp:165] gyr saturation
W20250111 18:33:24.064816 1009206 ImuError.cpp:165] gyr saturation
W20250111 18:33:24.064824 1009206 ImuError.cpp:165] gyr saturation
W20250111 18:33:24.064834 1009206 ImuError.cpp:165] gyr saturation
W20250111 18:33:24.085381 1009272 ImuError.cpp:165] gyr saturation
W20250111 18:33:24.085427 1009272 ImuError.cpp:165] gyr saturation
W20250111 18:33:24.085439 1009272 ImuError.cpp:165] gyr saturation
W20250111 18:33:24.085448 1009272 ImuError.cpp:165] gyr saturation
W20250111 18:33:24.085454 1009272 ImuError.cpp:165] gyr saturation
W20250111 18:33:24.085462 1009272 ImuError.cpp:165] gyr saturation
W20250111 18:33:24.085469 1009272 ImuError.cpp:165] gyr saturation
W20250111 18:33:24.085479 1009272 ImuError.cpp:165] gyr saturation
W20250111 18:33:24.085486 1009272 ImuError.cpp:165] gyr saturation
W20250111 18:33:24.085494 1009272 ImuError.cpp:165] gyr saturation
W20250111 18:33:24.085501 1009272 ImuError.cpp:165] gyr saturation
W20250111 18:33:24.085510 1009272 ImuError.cpp:165] gyr saturation
W20250111 18:33:24.085517 1009272 ImuError.cpp:165] gyr saturation
W20250111 18:33:24.085525 1009272 ImuError.cpp:165] gyr saturation
W20250111 18:33:24.085533 1009272 ImuError.cpp:165] gyr saturation
W20250111 18:33:24.085541 1009272 ImuError.cpp:165] gyr saturation
W20250111 18:33:24.085549 1009272 ImuError.cpp:165] gyr saturation
W20250111 18:33:24.085557 1009272 ImuError.cpp:165] gyr saturation
W20250111 18:33:24.085565 1009272 ImuError.cpp:165] gyr saturation
W20250111 18:33:24.085573 1009272 ImuError.cpp:165] gyr saturation
W20250111 18:33:24.085582 1009272 ImuError.cpp:165] gyr saturation
W20250111 18:33:24.085589 1009272 ImuError.cpp:165] gyr saturation
W20250111 18:33:24.085597 1009272 ImuError.cpp:165] gyr saturation
W20250111 18:33:24.085604 1009272 ImuError.cpp:165] gyr saturation
W20250111 18:33:24.085613 1009272 ImuError.cpp:165] gyr saturation
W20250111 18:33:24.085620 1009272 ImuError.cpp:165] gyr saturation
W20250111 18:33:24.085628 1009272 ImuError.cpp:165] gyr saturation
W20250111 18:33:24.085636 1009272 ImuError.cpp:165] gyr saturation
W20250111 18:33:24.085654 1009272 ImuError.cpp:165] gyr saturation
W20250111 18:33:24.085661 1009272 ImuError.cpp:165] gyr saturation
W20250111 18:33:24.085669 1009272 ImuError.cpp:165] gyr saturation
W20250111 18:33:24.085677 1009272 ImuError.cpp:165] gyr saturation
W20250111 18:33:24.085685 1009272 ImuError.cpp:165] gyr saturation
W20250111 18:33:24.085693 1009272 ImuError.cpp:165] gyr saturation
W20250111 18:33:24.085701 1009272 ImuError.cpp:165] gyr saturation
W20250111 18:33:24.085850 1009272 ImuError.cpp:165] gyr saturation
W20250111 18:33:24.085860 1009272 ImuError.cpp:165] gyr saturation
W20250111 18:33:24.085868 1009272 ImuError.cpp:165] gyr saturation
W20250111 18:33:24.085876 1009272 ImuError.cpp:165] gyr saturation
W20250111 18:33:24.085884 1009272 ImuError.cpp:165] gyr saturation
W20250111 18:33:24.085892 1009272 ImuError.cpp:165] gyr saturation
W20250111 18:33:24.085901 1009272 ImuError.cpp:165] gyr saturation
W20250111 18:33:24.085908 1009272 ImuError.cpp:165] gyr saturation
W20250111 18:33:24.085916 1009272 ImuError.cpp:165] gyr saturation
W20250111 18:33:24.085924 1009272 ImuError.cpp:165] gyr saturation
W20250111 18:33:24.085932 1009272 ImuError.cpp:165] gyr saturation
W20250111 18:33:24.085940 1009272 ImuError.cpp:165] gyr saturation
W20250111 18:33:24.085948 1009272 ImuError.cpp:165] gyr saturation
W20250111 18:33:24.085956 1009272 ImuError.cpp:165] gyr saturation
W20250111 18:33:24.085964 1009272 ImuError.cpp:165] gyr saturation
W20250111 18:33:24.085973 1009272 ImuError.cpp:165] gyr saturation
W20250111 18:33:24.085980 1009272 ImuError.cpp:165] gyr saturation
W20250111 18:33:24.085990 1009272 ImuError.cpp:165] gyr saturation
W20250111 18:33:24.085999 1009272 ImuError.cpp:165] gyr saturation
W20250111 18:33:24.086007 1009272 ImuError.cpp:165] gyr saturation
W20250111 18:33:24.086014 1009272 ImuError.cpp:165] gyr saturation
W20250111 18:33:24.086022 1009272 ImuError.cpp:165] gyr saturation
W20250111 18:33:24.086030 1009272 ImuError.cpp:165] gyr saturation
W20250111 18:33:24.086038 1009272 ImuError.cpp:165] gyr saturation
W20250111 18:33:24.086046 1009272 ImuError.cpp:165] gyr saturation
W20250111 18:33:24.086055 1009272 ImuError.cpp:165] gyr saturation
W20250111 18:33:24.086062 1009272 ImuError.cpp:165] gyr saturation
W20250111 18:33:24.086069 1009272 ImuError.cpp:165] gyr saturation
W20250111 18:33:24.086077 1009272 ImuError.cpp:165] gyr saturation
W20250111 18:33:24.086086 1009272 ImuError.cpp:165] gyr saturation
W20250111 18:33:24.086092 1009272 ImuError.cpp:165] gyr saturation
W20250111 18:33:24.086100 1009272 ImuError.cpp:165] gyr saturation
W20250111 18:33:24.086108 1009272 ImuError.cpp:165] gyr saturation
W20250111 18:33:24.086115 1009272 ImuError.cpp:165] gyr saturation
W20250111 18:33:24.086123 1009272 ImuError.cpp:165] gyr saturation
I20250111 18:33:24.216146 710526 okvis_app_synchronous.cpp:210] OKVIS Timing
-----------
1 DetectAndDescribe                	   4754	00:00:09.189084	(00:00:00.001933 +- 00:00:00.000334)	[00:00:00.000953,00:00:00.005985]
2 Match                            	   4754	00:00:40.000830	(00:00:00.008414 +- 00:00:00.004052)	[00:00:00.000197,00:00:00.021922]
2.01 match to map                  	   4753	00:00:30.663868	(00:00:00.006451 +- 00:00:00.003626)	[00:00:00.000053,00:00:00.017915]
2.02 match motion stereo           	   4753	00:00:06.583560	(00:00:00.001385 +- 00:00:00.000460)	[00:00:00.000053,00:00:00.004424]
2.02.1 match motion stereo: prepare	   4753	00:00:01.485129	(00:00:00.000312 +- 00:00:00.000121)	[00:00:00.000001,00:00:00.000944]
2.10 match stereo                  	   1350	00:00:00.053290	(00:00:00.000039 +- 00:00:00.000045)	[00:00:00.000001,00:00:00.000428]
3 Optimise                         	   4753	00:01:20.880856	(00:00:00.017017 +- 00:00:00.010590)	[00:00:00.001187,00:00:00.090674]
4 Prepare publishing               	   4753	00:00:04.023278	(00:00:00.000846 +- 00:00:00.000328)	[00:00:00.000037,00:00:00.002257]
6 Visualising                      	   4753	00:00:00.000865	(00:00:00.000000 +- 00:00:00.000000)	[00:00:00.000000,00:00:00.000001]
7 Marginalise                      	   4753	00:00:08.809306	(00:00:00.001853 +- 00:00:00.000859)	[00:00:00.000006,00:00:00.008860]
7.1 check/handle lost              	   4753	00:00:00.142089	(00:00:00.000030 +- 00:00:00.000019)	[00:00:00.000000,00:00:00.000233]
7.2 eliminate IMU frames           	   4753	00:00:03.635167	(00:00:00.000765 +- 00:00:00.000558)	[00:00:00.000000,00:00:00.002857]
7.3 convert to posegraph           	   1795	00:00:01.557816	(00:00:00.000868 +- 00:00:00.000521)	[00:00:00.000123,00:00:00.005092]
7.4 freezing                       	   4752	00:00:00.005602	(00:00:00.000001 +- 00:00:00.000002)	[00:00:00.000000,00:00:00.000018]
7.6 expand                         	   4673	00:00:01.137624	(00:00:00.000243 +- 00:00:00.000163)	[00:00:00.000022,00:00:00.003266]
7.7 prune place recognition frames 	   4752	00:00:01.129606	(00:00:00.000238 +- 00:00:00.000128)	[00:00:00.000003,00:00:00.001273]
I20250111 18:33:24.216274 710526 okvis_app_synchronous.cpp:219] Progress: 88% (1 [1%/s], ETA: 12s)
W20250111 18:33:24.313441 710526 Frontend.cpp:612] 3d2d tracking weak: quality=0. Number of 3d2d-matches: 4
W20250111 18:33:24.328034 1010084 ViSlamBackend.cpp:466] TRACKING FAILURE: quality=0
W20250111 18:33:24.330013 710526 Frontend.cpp:615] 3d2d tracking lost. Number of 3d2d-matches: 2
W20250111 18:33:24.344086 1010142 ViSlamBackend.cpp:466] TRACKING FAILURE: quality=0
W20250111 18:33:24.345860 710526 Frontend.cpp:615] 3d2d tracking lost. Number of 3d2d-matches: 1
W20250111 18:33:24.365286 710526 Frontend.cpp:612] 3d2d tracking weak: quality=0. Number of 3d2d-matches: 5
W20250111 18:33:24.379712 1010226 ViSlamBackend.cpp:466] TRACKING FAILURE: quality=0
W20250111 18:33:24.385051 710526 Frontend.cpp:612] 3d2d tracking weak: quality=0. Number of 3d2d-matches: 7
W20250111 18:33:25.207124 710526 Frontend.cpp:615] 3d2d tracking lost. Number of 3d2d-matches: 2
W20250111 18:33:25.228540 1012642 ViSlamBackend.cpp:466] TRACKING FAILURE: quality=0
W20250111 18:33:25.229755 710526 Frontend.cpp:615] 3d2d tracking lost. Number of 3d2d-matches: 0
W20250111 18:33:25.242660 1012684 ViSlamBackend.cpp:466] TRACKING FAILURE: quality=0
W20250111 18:33:25.244532 710526 Frontend.cpp:615] 3d2d tracking lost. Number of 3d2d-matches: 0
W20250111 18:33:25.256287 1012702 ViSlamBackend.cpp:466] TRACKING FAILURE: quality=0
W20250111 18:33:25.257262 710526 Frontend.cpp:615] 3d2d tracking lost. Number of 3d2d-matches: 0
W20250111 18:33:25.263974 1012712 ViSlamBackend.cpp:466] TRACKING FAILURE: quality=0
W20250111 18:33:25.265097 710526 Frontend.cpp:615] 3d2d tracking lost. Number of 3d2d-matches: 0
W20250111 18:33:25.272079 1012730 ViSlamBackend.cpp:466] TRACKING FAILURE: quality=0
W20250111 18:33:25.273094 710526 Frontend.cpp:615] 3d2d tracking lost. Number of 3d2d-matches: 0
W20250111 18:33:25.278924 1012748 ViSlamBackend.cpp:466] TRACKING FAILURE: quality=0
W20250111 18:33:25.279979 710526 Frontend.cpp:615] 3d2d tracking lost. Number of 3d2d-matches: 0
W20250111 18:33:25.292181 1012766 ViSlamBackend.cpp:466] TRACKING FAILURE: quality=0
W20250111 18:33:25.293355 710526 Frontend.cpp:615] 3d2d tracking lost. Number of 3d2d-matches: 1
I20250111 18:33:25.389657 710526 okvis_app_synchronous.cpp:210] OKVIS Timing
-----------
1 DetectAndDescribe                	   4808	00:00:09.278368	(00:00:00.001930 +- 00:00:00.000335)	[00:00:00.000953,00:00:00.005985]
2 Match                            	   4808	00:00:40.302906	(00:00:00.008382 +- 00:00:00.004050)	[00:00:00.000197,00:00:00.021922]
2.01 match to map                  	   4807	00:00:30.903869	(00:00:00.006429 +- 00:00:00.003619)	[00:00:00.000053,00:00:00.017915]
2.02 match motion stereo           	   4807	00:00:06.632104	(00:00:00.001380 +- 00:00:00.000463)	[00:00:00.000053,00:00:00.004424]
2.02.1 match motion stereo: prepare	   4807	00:00:01.493245	(00:00:00.000311 +- 00:00:00.000121)	[00:00:00.000001,00:00:00.000944]
2.10 match stereo                  	   1371	00:00:00.053430	(00:00:00.000039 +- 00:00:00.000045)	[00:00:00.000001,00:00:00.000428]
3 Optimise                         	   4807	00:01:21.657563	(00:00:00.016987 +- 00:00:00.010542)	[00:00:00.001187,00:00:00.090674]
4 Prepare publishing               	   4807	00:00:04.050841	(00:00:00.000843 +- 00:00:00.000328)	[00:00:00.000037,00:00:00.002257]
6 Visualising                      	   4807	00:00:00.000880	(00:00:00.000000 +- 00:00:00.000000)	[00:00:00.000000,00:00:00.000001]
7 Marginalise                      	   4807	00:00:08.868465	(00:00:00.001845 +- 00:00:00.000859)	[00:00:00.000006,00:00:00.008860]
7.1 check/handle lost              	   4807	00:00:00.143494	(00:00:00.000030 +- 00:00:00.000019)	[00:00:00.000000,00:00:00.000233]
7.2 eliminate IMU frames           	   4807	00:00:03.661088	(00:00:00.000762 +- 00:00:00.000557)	[00:00:00.000000,00:00:00.002857]
7.3 convert to posegraph           	   1822	00:00:01.571408	(00:00:00.000862 +- 00:00:00.000520)	[00:00:00.000123,00:00:00.005092]
7.4 freezing                       	   4806	00:00:00.005698	(00:00:00.000001 +- 00:00:00.000002)	[00:00:00.000000,00:00:00.000018]
7.6 expand                         	   4726	00:00:01.143912	(00:00:00.000242 +- 00:00:00.000163)	[00:00:00.000022,00:00:00.003266]
7.7 prune place recognition frames 	   4806	00:00:01.135015	(00:00:00.000236 +- 00:00:00.000128)	[00:00:00.000003,00:00:00.001273]
I20250111 18:33:25.389768 710526 okvis_app_synchronous.cpp:219] Progress: 89% (1 [1%/s], ETA: 11s)
I20250111 18:33:26.957572 710526 okvis_app_synchronous.cpp:210] OKVIS Timing
-----------
1 DetectAndDescribe                	   4862	00:00:09.386416	(00:00:00.001931 +- 00:00:00.000335)	[00:00:00.000953,00:00:00.005985]
2 Match                            	   4862	00:00:40.720653	(00:00:00.008375 +- 00:00:00.004031)	[00:00:00.000197,00:00:00.021922]
2.01 match to map                  	   4861	00:00:31.246234	(00:00:00.006428 +- 00:00:00.003601)	[00:00:00.000053,00:00:00.017915]
2.02 match motion stereo           	   4861	00:00:06.684390	(00:00:00.001375 +- 00:00:00.000463)	[00:00:00.000053,00:00:00.004424]
2.02.1 match motion stereo: prepare	   4861	00:00:01.506857	(00:00:00.000310 +- 00:00:00.000121)	[00:00:00.000001,00:00:00.000944]
2.10 match stereo                  	   1375	00:00:00.053580	(00:00:00.000039 +- 00:00:00.000045)	[00:00:00.000001,00:00:00.000428]
3 Optimise                         	   4861	00:01:22.617411	(00:00:00.016996 +- 00:00:00.010489)	[00:00:00.001187,00:00:00.090674]
4 Prepare publishing               	   4861	00:00:04.107900	(00:00:00.000845 +- 00:00:00.000328)	[00:00:00.000037,00:00:00.002257]
6 Visualising                      	   4861	00:00:00.000895	(00:00:00.000000 +- 00:00:00.000000)	[00:00:00.000000,00:00:00.000001]
7 Marginalise                      	   4861	00:00:08.992590	(00:00:00.001850 +- 00:00:00.000859)	[00:00:00.000006,00:00:00.008860]
7.1 check/handle lost              	   4861	00:00:00.145819	(00:00:00.000030 +- 00:00:00.000019)	[00:00:00.000000,00:00:00.000233]
7.2 eliminate IMU frames           	   4861	00:00:03.732236	(00:00:00.000768 +- 00:00:00.000560)	[00:00:00.000000,00:00:00.002857]
7.3 convert to posegraph           	   1828	00:00:01.575872	(00:00:00.000862 +- 00:00:00.000520)	[00:00:00.000123,00:00:00.005092]
7.4 freezing                       	   4860	00:00:00.005744	(00:00:00.000001 +- 00:00:00.000002)	[00:00:00.000000,00:00:00.000018]
7.6 expand                         	   4780	00:00:01.157890	(00:00:00.000242 +- 00:00:00.000162)	[00:00:00.000022,00:00:00.003266]
7.7 prune place recognition frames 	   4860	00:00:01.150838	(00:00:00.000237 +- 00:00:00.000128)	[00:00:00.000003,00:00:00.001273]
I20250111 18:33:26.957690 710526 okvis_app_synchronous.cpp:219] Progress: 90% (1 [1%/s], ETA: 10s)
I20250111 18:33:28.689911 710526 okvis_app_synchronous.cpp:210] OKVIS Timing
-----------
1 DetectAndDescribe                	   4916	00:00:09.518627	(00:00:00.001936 +- 00:00:00.000338)	[00:00:00.000953,00:00:00.005985]
2 Match                            	   4916	00:00:41.193170	(00:00:00.008379 +- 00:00:00.004012)	[00:00:00.000197,00:00:00.021922]
2.01 match to map                  	   4915	00:00:31.631154	(00:00:00.006436 +- 00:00:00.003586)	[00:00:00.000053,00:00:00.017915]
2.02 match motion stereo           	   4915	00:00:06.744395	(00:00:00.001372 +- 00:00:00.000462)	[00:00:00.000053,00:00:00.004424]
2.02.1 match motion stereo: prepare	   4915	00:00:01.524706	(00:00:00.000310 +- 00:00:00.000121)	[00:00:00.000001,00:00:00.000944]
2.10 match stereo                  	   1379	00:00:00.053805	(00:00:00.000039 +- 00:00:00.000045)	[00:00:00.000001,00:00:00.000428]
3 Optimise                         	   4915	00:01:23.640051	(00:00:00.017017 +- 00:00:00.010439)	[00:00:00.001187,00:00:00.090674]
4 Prepare publishing               	   4915	00:00:04.180904	(00:00:00.000851 +- 00:00:00.000332)	[00:00:00.000037,00:00:00.002257]
6 Visualising                      	   4915	00:00:00.000909	(00:00:00.000000 +- 00:00:00.000000)	[00:00:00.000000,00:00:00.000001]
7 Marginalise                      	   4915	00:00:09.147777	(00:00:00.001861 +- 00:00:00.000862)	[00:00:00.000006,00:00:00.008860]
7.1 check/handle lost              	   4915	00:00:00.148831	(00:00:00.000030 +- 00:00:00.000019)	[00:00:00.000000,00:00:00.000233]
7.2 eliminate IMU frames           	   4915	00:00:03.824623	(00:00:00.000778 +- 00:00:00.000567)	[00:00:00.000000,00:00:00.002857]
7.3 convert to posegraph           	   1829	00:00:01.577072	(00:00:00.000862 +- 00:00:00.000520)	[00:00:00.000123,00:00:00.005092]
7.4 freezing                       	   4914	00:00:00.005758	(00:00:00.000001 +- 00:00:00.000002)	[00:00:00.000000,00:00:00.000018]
7.6 expand                         	   4834	00:00:01.175306	(00:00:00.000243 +- 00:00:00.000161)	[00:00:00.000022,00:00:00.003266]
7.7 prune place recognition frames 	   4914	00:00:01.171773	(00:00:00.000238 +- 00:00:00.000129)	[00:00:00.000003,00:00:00.001273]
I20250111 18:33:28.690013 710526 okvis_app_synchronous.cpp:219] Progress: 91% (1 [1%/s], ETA: 9s)
W20250111 18:33:29.829545 710526 ImuError.cpp:650] gyr saturation
W20250111 18:33:29.829609 710526 ImuError.cpp:650] gyr saturation
W20250111 18:33:29.829617 710526 ImuError.cpp:650] gyr saturation
W20250111 18:33:29.829623 710526 ImuError.cpp:650] gyr saturation
W20250111 18:33:29.845770 710526 ImuError.cpp:650] gyr saturation
W20250111 18:33:29.845829 710526 ImuError.cpp:650] gyr saturation
W20250111 18:33:29.845835 710526 ImuError.cpp:650] gyr saturation
W20250111 18:33:29.845841 710526 ImuError.cpp:650] gyr saturation
W20250111 18:33:29.846097 710526 ImuError.cpp:650] gyr saturation
W20250111 18:33:29.846107 710526 ImuError.cpp:650] gyr saturation
W20250111 18:33:29.846113 710526 ImuError.cpp:650] gyr saturation
W20250111 18:33:29.846120 710526 ImuError.cpp:650] gyr saturation
W20250111 18:33:29.852859 710526 ImuError.cpp:368] gyr saturation
W20250111 18:33:29.852929 710526 ImuError.cpp:368] gyr saturation
W20250111 18:33:29.852944 710526 ImuError.cpp:368] gyr saturation
W20250111 18:33:29.852955 710526 ImuError.cpp:368] gyr saturation
W20250111 18:33:29.861485 710526 ImuError.cpp:650] gyr saturation
W20250111 18:33:29.861541 710526 ImuError.cpp:650] gyr saturation
W20250111 18:33:29.861553 710526 ImuError.cpp:650] gyr saturation
W20250111 18:33:29.861559 710526 ImuError.cpp:650] gyr saturation
W20250111 18:33:29.861565 710526 ImuError.cpp:650] gyr saturation
W20250111 18:33:29.861572 710526 ImuError.cpp:650] gyr saturation
W20250111 18:33:29.861578 710526 ImuError.cpp:650] gyr saturation
W20250111 18:33:29.861584 710526 ImuError.cpp:650] gyr saturation
W20250111 18:33:29.861595 710526 ImuError.cpp:650] gyr saturation
W20250111 18:33:29.861603 710526 ImuError.cpp:650] gyr saturation
W20250111 18:33:29.861626 710526 ImuError.cpp:650] gyr saturation
W20250111 18:33:29.861634 710526 ImuError.cpp:650] gyr saturation
W20250111 18:33:29.861639 710526 ImuError.cpp:650] gyr saturation
W20250111 18:33:29.861644 710526 ImuError.cpp:650] gyr saturation
W20250111 18:33:29.861650 710526 ImuError.cpp:650] gyr saturation
W20250111 18:33:29.861656 710526 ImuError.cpp:650] gyr saturation
W20250111 18:33:29.861662 710526 ImuError.cpp:650] gyr saturation
W20250111 18:33:29.861668 710526 ImuError.cpp:650] gyr saturation
W20250111 18:33:29.861676 710526 ImuError.cpp:650] gyr saturation
W20250111 18:33:29.861682 710526 ImuError.cpp:650] gyr saturation
W20250111 18:33:29.861689 710526 ImuError.cpp:650] gyr saturation
W20250111 18:33:29.861696 710526 ImuError.cpp:650] gyr saturation
W20250111 18:33:29.861703 710526 ImuError.cpp:650] gyr saturation
W20250111 18:33:29.861709 710526 ImuError.cpp:650] gyr saturation
W20250111 18:33:29.861716 710526 ImuError.cpp:650] gyr saturation
W20250111 18:33:29.861721 710526 ImuError.cpp:650] gyr saturation
W20250111 18:33:29.861727 710526 ImuError.cpp:650] gyr saturation
W20250111 18:33:29.861733 710526 ImuError.cpp:650] gyr saturation
W20250111 18:33:29.861739 710526 ImuError.cpp:650] gyr saturation
W20250111 18:33:29.882097 710526 ImuError.cpp:650] gyr saturation
W20250111 18:33:29.882164 710526 ImuError.cpp:650] gyr saturation
W20250111 18:33:29.882172 710526 ImuError.cpp:650] gyr saturation
W20250111 18:33:29.882179 710526 ImuError.cpp:650] gyr saturation
W20250111 18:33:29.882184 710526 ImuError.cpp:650] gyr saturation
W20250111 18:33:29.882190 710526 ImuError.cpp:650] gyr saturation
W20250111 18:33:29.882195 710526 ImuError.cpp:650] gyr saturation
W20250111 18:33:29.882200 710526 ImuError.cpp:650] gyr saturation
W20250111 18:33:29.882205 710526 ImuError.cpp:650] gyr saturation
W20250111 18:33:29.882210 710526 ImuError.cpp:650] gyr saturation
W20250111 18:33:29.882215 710526 ImuError.cpp:650] gyr saturation
W20250111 18:33:29.882220 710526 ImuError.cpp:650] gyr saturation
W20250111 18:33:29.882225 710526 ImuError.cpp:650] gyr saturation
W20250111 18:33:29.882230 710526 ImuError.cpp:650] gyr saturation
W20250111 18:33:29.882236 710526 ImuError.cpp:650] gyr saturation
W20250111 18:33:29.882241 710526 ImuError.cpp:650] gyr saturation
W20250111 18:33:29.882253 710526 ImuError.cpp:650] gyr saturation
W20250111 18:33:29.882259 710526 ImuError.cpp:650] gyr saturation
W20250111 18:33:29.882264 710526 ImuError.cpp:650] gyr saturation
W20250111 18:33:29.882269 710526 ImuError.cpp:650] gyr saturation
W20250111 18:33:29.882275 710526 ImuError.cpp:650] gyr saturation
W20250111 18:33:29.882280 710526 ImuError.cpp:650] gyr saturation
W20250111 18:33:29.882285 710526 ImuError.cpp:650] gyr saturation
W20250111 18:33:29.882292 710526 ImuError.cpp:650] gyr saturation
W20250111 18:33:29.882297 710526 ImuError.cpp:650] gyr saturation
W20250111 18:33:29.882301 710526 ImuError.cpp:650] gyr saturation
W20250111 18:33:29.882426 710526 ImuError.cpp:650] gyr saturation
W20250111 18:33:29.882432 710526 ImuError.cpp:650] gyr saturation
W20250111 18:33:29.882437 710526 ImuError.cpp:650] gyr saturation
W20250111 18:33:29.882443 710526 ImuError.cpp:650] gyr saturation
W20250111 18:33:29.882448 710526 ImuError.cpp:650] gyr saturation
W20250111 18:33:29.882453 710526 ImuError.cpp:650] gyr saturation
W20250111 18:33:29.882459 710526 ImuError.cpp:650] gyr saturation
W20250111 18:33:29.882464 710526 ImuError.cpp:650] gyr saturation
W20250111 18:33:29.882469 710526 ImuError.cpp:650] gyr saturation
W20250111 18:33:29.882474 710526 ImuError.cpp:650] gyr saturation
W20250111 18:33:29.882479 710526 ImuError.cpp:650] gyr saturation
W20250111 18:33:29.882485 710526 ImuError.cpp:650] gyr saturation
W20250111 18:33:29.882490 710526 ImuError.cpp:650] gyr saturation
W20250111 18:33:29.882495 710526 ImuError.cpp:650] gyr saturation
W20250111 18:33:29.882500 710526 ImuError.cpp:650] gyr saturation
W20250111 18:33:29.882505 710526 ImuError.cpp:650] gyr saturation
W20250111 18:33:29.882511 710526 ImuError.cpp:650] gyr saturation
W20250111 18:33:29.882516 710526 ImuError.cpp:650] gyr saturation
W20250111 18:33:29.882527 710526 ImuError.cpp:650] gyr saturation
W20250111 18:33:29.882532 710526 ImuError.cpp:650] gyr saturation
W20250111 18:33:29.882537 710526 ImuError.cpp:650] gyr saturation
W20250111 18:33:29.882543 710526 ImuError.cpp:650] gyr saturation
W20250111 18:33:29.882548 710526 ImuError.cpp:650] gyr saturation
W20250111 18:33:29.882555 710526 ImuError.cpp:650] gyr saturation
W20250111 18:33:29.882560 710526 ImuError.cpp:650] gyr saturation
W20250111 18:33:29.882565 710526 ImuError.cpp:650] gyr saturation
W20250111 18:33:29.888232 710526 ImuError.cpp:368] gyr saturation
W20250111 18:33:29.888316 710526 ImuError.cpp:368] gyr saturation
W20250111 18:33:29.888329 710526 ImuError.cpp:368] gyr saturation
W20250111 18:33:29.888341 710526 ImuError.cpp:368] gyr saturation
W20250111 18:33:29.888353 710526 ImuError.cpp:368] gyr saturation
W20250111 18:33:29.888365 710526 ImuError.cpp:368] gyr saturation
W20250111 18:33:29.888375 710526 ImuError.cpp:368] gyr saturation
W20250111 18:33:29.888386 710526 ImuError.cpp:368] gyr saturation
W20250111 18:33:29.888397 710526 ImuError.cpp:368] gyr saturation
W20250111 18:33:29.888408 710526 ImuError.cpp:368] gyr saturation
W20250111 18:33:29.888420 710526 ImuError.cpp:368] gyr saturation
W20250111 18:33:29.888432 710526 ImuError.cpp:368] gyr saturation
W20250111 18:33:29.888442 710526 ImuError.cpp:368] gyr saturation
W20250111 18:33:29.888453 710526 ImuError.cpp:368] gyr saturation
W20250111 18:33:29.888464 710526 ImuError.cpp:368] gyr saturation
W20250111 18:33:29.888475 710526 ImuError.cpp:368] gyr saturation
W20250111 18:33:29.888486 710526 ImuError.cpp:368] gyr saturation
W20250111 18:33:29.888497 710526 ImuError.cpp:368] gyr saturation
W20250111 18:33:29.888509 710526 ImuError.cpp:368] gyr saturation
W20250111 18:33:29.888520 710526 ImuError.cpp:368] gyr saturation
W20250111 18:33:29.888530 710526 ImuError.cpp:368] gyr saturation
W20250111 18:33:29.888540 710526 ImuError.cpp:368] gyr saturation
W20250111 18:33:29.888551 710526 ImuError.cpp:368] gyr saturation
W20250111 18:33:29.888562 710526 ImuError.cpp:368] gyr saturation
W20250111 18:33:29.888573 710526 ImuError.cpp:368] gyr saturation
W20250111 18:33:29.888584 710526 ImuError.cpp:368] gyr saturation
W20250111 18:33:29.896739 710526 ImuError.cpp:650] gyr saturation
W20250111 18:33:29.896801 710526 ImuError.cpp:650] gyr saturation
W20250111 18:33:29.896811 710526 ImuError.cpp:650] gyr saturation
W20250111 18:33:29.896816 710526 ImuError.cpp:650] gyr saturation
W20250111 18:33:29.896822 710526 ImuError.cpp:650] gyr saturation
W20250111 18:33:29.896828 710526 ImuError.cpp:650] gyr saturation
W20250111 18:33:29.896834 710526 ImuError.cpp:650] gyr saturation
W20250111 18:33:29.896842 710526 ImuError.cpp:650] gyr saturation
W20250111 18:33:29.896847 710526 ImuError.cpp:650] gyr saturation
W20250111 18:33:29.896853 710526 ImuError.cpp:650] gyr saturation
W20250111 18:33:29.896860 710526 ImuError.cpp:650] gyr saturation
W20250111 18:33:29.896867 710526 ImuError.cpp:650] gyr saturation
W20250111 18:33:29.896873 710526 ImuError.cpp:650] gyr saturation
W20250111 18:33:29.896880 710526 ImuError.cpp:650] gyr saturation
W20250111 18:33:29.896885 710526 ImuError.cpp:650] gyr saturation
W20250111 18:33:29.896893 710526 ImuError.cpp:650] gyr saturation
W20250111 18:33:29.896899 710526 ImuError.cpp:650] gyr saturation
W20250111 18:33:29.896903 710526 ImuError.cpp:650] gyr saturation
W20250111 18:33:29.896909 710526 ImuError.cpp:650] gyr saturation
W20250111 18:33:29.896916 710526 ImuError.cpp:650] gyr saturation
W20250111 18:33:29.896921 710526 ImuError.cpp:650] gyr saturation
W20250111 18:33:29.896927 710526 ImuError.cpp:650] gyr saturation
W20250111 18:33:29.896934 710526 ImuError.cpp:650] gyr saturation
W20250111 18:33:29.896939 710526 ImuError.cpp:650] gyr saturation
W20250111 18:33:29.896944 710526 ImuError.cpp:650] gyr saturation
W20250111 18:33:29.896950 710526 ImuError.cpp:650] gyr saturation
W20250111 18:33:29.946718 1021516 ImuError.cpp:165] gyr saturation
W20250111 18:33:29.946825 1021516 ImuError.cpp:165] gyr saturation
W20250111 18:33:29.946861 1021516 ImuError.cpp:165] gyr saturation
W20250111 18:33:29.946873 1021516 ImuError.cpp:165] gyr saturation
W20250111 18:33:29.947211 1021516 ImuError.cpp:165] gyr saturation
W20250111 18:33:29.947224 1021516 ImuError.cpp:165] gyr saturation
W20250111 18:33:29.947235 1021516 ImuError.cpp:165] gyr saturation
W20250111 18:33:29.947245 1021516 ImuError.cpp:165] gyr saturation
I20250111 18:33:30.392786 710526 okvis_app_synchronous.cpp:210] OKVIS Timing
-----------
1 DetectAndDescribe                	   4970	00:00:09.619538	(00:00:00.001936 +- 00:00:00.000337)	[00:00:00.000953,00:00:00.005985]
2 Match                            	   4970	00:00:42.089750	(00:00:00.008469 +- 00:00:00.004082)	[00:00:00.000197,00:00:00.021922]
2.01 match to map                  	   4969	00:00:32.401092	(00:00:00.006521 +- 00:00:00.003659)	[00:00:00.000053,00:00:00.017915]
2.02 match motion stereo           	   4969	00:00:06.831615	(00:00:00.001375 +- 00:00:00.000461)	[00:00:00.000053,00:00:00.004424]
2.02.1 match motion stereo: prepare	   4969	00:00:01.545006	(00:00:00.000311 +- 00:00:00.000120)	[00:00:00.000001,00:00:00.000944]
2.10 match stereo                  	   1392	00:00:00.054968	(00:00:00.000039 +- 00:00:00.000045)	[00:00:00.000001,00:00:00.000428]
3 Optimise                         	   4969	00:01:24.290891	(00:00:00.016963 +- 00:00:00.010399)	[00:00:00.001187,00:00:00.090674]
4 Prepare publishing               	   4969	00:00:04.229391	(00:00:00.000851 +- 00:00:00.000330)	[00:00:00.000037,00:00:00.002257]
6 Visualising                      	   4969	00:00:00.000918	(00:00:00.000000 +- 00:00:00.000000)	[00:00:00.000000,00:00:00.000001]
7 Marginalise                      	   4969	00:00:09.247015	(00:00:00.001861 +- 00:00:00.000859)	[00:00:00.000006,00:00:00.008860]
7.1 check/handle lost              	   4969	00:00:00.150371	(00:00:00.000030 +- 00:00:00.000019)	[00:00:00.000000,00:00:00.000233]
7.2 eliminate IMU frames           	   4969	00:00:03.863860	(00:00:00.000778 +- 00:00:00.000566)	[00:00:00.000000,00:00:00.002857]
7.3 convert to posegraph           	   1846	00:00:01.594600	(00:00:00.000864 +- 00:00:00.000519)	[00:00:00.000123,00:00:00.005092]
7.4 freezing                       	   4968	00:00:00.005811	(00:00:00.000001 +- 00:00:00.000002)	[00:00:00.000000,00:00:00.000018]
7.6 expand                         	   4887	00:00:01.188576	(00:00:00.000243 +- 00:00:00.000161)	[00:00:00.000022,00:00:00.003266]
7.7 prune place recognition frames 	   4968	00:00:01.185161	(00:00:00.000239 +- 00:00:00.000128)	[00:00:00.000003,00:00:00.001273]
I20250111 18:33:30.392911 710526 okvis_app_synchronous.cpp:219] Progress: 92% (1 [1%/s], ETA: 8s)
I20250111 18:33:32.292914 710526 okvis_app_synchronous.cpp:210] OKVIS Timing
-----------
1 DetectAndDescribe                	   5024	00:00:09.724104	(00:00:00.001936 +- 00:00:00.000335)	[00:00:00.000953,00:00:00.005985]
2 Match                            	   5024	00:00:43.056947	(00:00:00.008570 +- 00:00:00.004177)	[00:00:00.000197,00:00:00.021922]
2.01 match to map                  	   5023	00:00:33.240288	(00:00:00.006618 +- 00:00:00.003757)	[00:00:00.000053,00:00:00.017915]
2.02 match motion stereo           	   5023	00:00:06.917519	(00:00:00.001377 +- 00:00:00.000460)	[00:00:00.000053,00:00:00.004424]
2.02.1 match motion stereo: prepare	   5023	00:00:01.567022	(00:00:00.000312 +- 00:00:00.000120)	[00:00:00.000001,00:00:00.000944]
2.10 match stereo                  	   1398	00:00:00.055490	(00:00:00.000040 +- 00:00:00.000045)	[00:00:00.000001,00:00:00.000428]
3 Optimise                         	   5023	00:01:25.044771	(00:00:00.016931 +- 00:00:00.010352)	[00:00:00.001187,00:00:00.090674]
4 Prepare publishing               	   5023	00:00:04.286085	(00:00:00.000853 +- 00:00:00.000331)	[00:00:00.000037,00:00:00.002552]
6 Visualising                      	   5023	00:00:00.000927	(00:00:00.000000 +- 00:00:00.000000)	[00:00:00.000000,00:00:00.000001]
7 Marginalise                      	   5023	00:00:09.361781	(00:00:00.001864 +- 00:00:00.000856)	[00:00:00.000006,00:00:00.008860]
7.1 check/handle lost              	   5023	00:00:00.152531	(00:00:00.000030 +- 00:00:00.000019)	[00:00:00.000000,00:00:00.000233]
7.2 eliminate IMU frames           	   5023	00:00:03.920164	(00:00:00.000780 +- 00:00:00.000567)	[00:00:00.000000,00:00:00.002857]
7.3 convert to posegraph           	   1853	00:00:01.601625	(00:00:00.000864 +- 00:00:00.000519)	[00:00:00.000123,00:00:00.005092]
7.4 freezing                       	   5022	00:00:00.005836	(00:00:00.000001 +- 00:00:00.000002)	[00:00:00.000000,00:00:00.000018]
7.6 expand                         	   4941	00:00:01.203591	(00:00:00.000244 +- 00:00:00.000160)	[00:00:00.000022,00:00:00.003266]
7.7 prune place recognition frames 	   5022	00:00:01.202746	(00:00:00.000239 +- 00:00:00.000129)	[00:00:00.000003,00:00:00.001297]
I20250111 18:33:32.293077 710526 okvis_app_synchronous.cpp:219] Progress: 93% (1 [1%/s], ETA: 7s)
W20250111 18:33:33.639187 710526 Frontend.cpp:612] 3d2d tracking weak: quality=0. Number of 3d2d-matches: 8
W20250111 18:33:33.652298 1028464 ViSlamBackend.cpp:466] TRACKING FAILURE: quality=0
W20250111 18:33:33.654294 710526 Frontend.cpp:615] 3d2d tracking lost. Number of 3d2d-matches: 2
W20250111 18:33:33.665915 1028514 ViSlamBackend.cpp:466] TRACKING FAILURE: quality=0
W20250111 18:33:33.667999 710526 Frontend.cpp:615] 3d2d tracking lost. Number of 3d2d-matches: 1
W20250111 18:33:33.679750 1028541 ViSlamBackend.cpp:466] TRACKING FAILURE: quality=0
W20250111 18:33:33.681226 710526 Frontend.cpp:615] 3d2d tracking lost. Number of 3d2d-matches: 0
W20250111 18:33:33.698601 1028551 ViSlamBackend.cpp:466] TRACKING FAILURE: quality=0
W20250111 18:33:33.700270 710526 Frontend.cpp:615] 3d2d tracking lost. Number of 3d2d-matches: 0
W20250111 18:33:33.710985 1028553 ViSlamBackend.cpp:466] TRACKING FAILURE: quality=0
W20250111 18:33:33.711920 710526 Frontend.cpp:615] 3d2d tracking lost. Number of 3d2d-matches: 0
W20250111 18:33:33.727299 1028555 ViSlamBackend.cpp:466] TRACKING FAILURE: quality=0
W20250111 18:33:33.728374 710526 Frontend.cpp:615] 3d2d tracking lost. Number of 3d2d-matches: 0
W20250111 18:33:33.742089 1028557 ViSlamBackend.cpp:466] TRACKING FAILURE: quality=0
W20250111 18:33:33.743412 710526 Frontend.cpp:615] 3d2d tracking lost. Number of 3d2d-matches: 0
W20250111 18:33:33.751772 1028567 ViSlamBackend.cpp:466] TRACKING FAILURE: quality=0
W20250111 18:33:33.753019 710526 Frontend.cpp:615] 3d2d tracking lost. Number of 3d2d-matches: 0
W20250111 18:33:33.761408 1028577 ViSlamBackend.cpp:466] TRACKING FAILURE: quality=0
W20250111 18:33:33.762634 710526 Frontend.cpp:615] 3d2d tracking lost. Number of 3d2d-matches: 0
W20250111 18:33:33.771085 1028587 ViSlamBackend.cpp:466] TRACKING FAILURE: quality=0
W20250111 18:33:33.772317 710526 Frontend.cpp:615] 3d2d tracking lost. Number of 3d2d-matches: 0
I20250111 18:33:33.773067 710526 okvis_app_synchronous.cpp:210] OKVIS Timing
-----------
1 DetectAndDescribe                	   5078	00:00:09.823722	(00:00:00.001935 +- 00:00:00.000334)	[00:00:00.000953,00:00:00.005985]
2 Match                            	   5078	00:00:43.422293	(00:00:00.008551 +- 00:00:00.004171)	[00:00:00.000197,00:00:00.021922]
2.01 match to map                  	   5077	00:00:33.532618	(00:00:00.006605 +- 00:00:00.003750)	[00:00:00.000053,00:00:00.017915]
2.02 match motion stereo           	   5077	00:00:06.966552	(00:00:00.001372 +- 00:00:00.000461)	[00:00:00.000053,00:00:00.004424]
2.02.1 match motion stereo: prepare	   5077	00:00:01.581168	(00:00:00.000311 +- 00:00:00.000120)	[00:00:00.000001,00:00:00.000944]
2.10 match stereo                  	   1404	00:00:00.055598	(00:00:00.000040 +- 00:00:00.000045)	[00:00:00.000001,00:00:00.000428]
3 Optimise                         	   5077	00:01:25.981552	(00:00:00.016936 +- 00:00:00.010306)	[00:00:00.001187,00:00:00.090674]
4 Prepare publishing               	   5077	00:00:04.338671	(00:00:00.000855 +- 00:00:00.000331)	[00:00:00.000037,00:00:00.002552]
6 Visualising                      	   5077	00:00:00.000940	(00:00:00.000000 +- 00:00:00.000000)	[00:00:00.000000,00:00:00.000001]
7 Marginalise                      	   5077	00:00:09.469511	(00:00:00.001865 +- 00:00:00.000854)	[00:00:00.000006,00:00:00.008860]
7.1 check/handle lost              	   5077	00:00:00.155219	(00:00:00.000031 +- 00:00:00.000019)	[00:00:00.000000,00:00:00.000233]
7.2 eliminate IMU frames           	   5077	00:00:03.979186	(00:00:00.000784 +- 00:00:00.000566)	[00:00:00.000000,00:00:00.002857]
7.3 convert to posegraph           	   1858	00:00:01.607288	(00:00:00.000865 +- 00:00:00.000519)	[00:00:00.000123,00:00:00.005092]
7.4 freezing                       	   5076	00:00:00.005869	(00:00:00.000001 +- 00:00:00.000002)	[00:00:00.000000,00:00:00.000018]
7.6 expand                         	   4995	00:00:01.215238	(00:00:00.000243 +- 00:00:00.000160)	[00:00:00.000022,00:00:00.003266]
7.7 prune place recognition frames 	   5076	00:00:01.217978	(00:00:00.000240 +- 00:00:00.000129)	[00:00:00.000003,00:00:00.001297]
I20250111 18:33:33.773188 710526 okvis_app_synchronous.cpp:219] Progress: 94% (1 [1%/s], ETA: 6s)
I20250111 18:33:35.268313 710526 okvis_app_synchronous.cpp:210] OKVIS Timing
-----------
1 DetectAndDescribe                	   5132	00:00:09.938930	(00:00:00.001937 +- 00:00:00.000335)	[00:00:00.000953,00:00:00.005985]
2 Match                            	   5132	00:00:43.933759	(00:00:00.008561 +- 00:00:00.004157)	[00:00:00.000197,00:00:00.021922]
2.01 match to map                  	   5131	00:00:33.956978	(00:00:00.006618 +- 00:00:00.003741)	[00:00:00.000053,00:00:00.017915]
2.02 match motion stereo           	   5131	00:00:07.029537	(00:00:00.001370 +- 00:00:00.000462)	[00:00:00.000053,00:00:00.004424]
2.02.1 match motion stereo: prepare	   5131	00:00:01.595103	(00:00:00.000311 +- 00:00:00.000120)	[00:00:00.000001,00:00:00.000944]
2.10 match stereo                  	   1423	00:00:00.056235	(00:00:00.000040 +- 00:00:00.000045)	[00:00:00.000001,00:00:00.000428]
3 Optimise                         	   5131	00:01:26.809362	(00:00:00.016919 +- 00:00:00.010264)	[00:00:00.001187,00:00:00.090674]
4 Prepare publishing               	   5131	00:00:04.387078	(00:00:00.000855 +- 00:00:00.000333)	[00:00:00.000037,00:00:00.002552]
6 Visualising                      	   5131	00:00:00.000953	(00:00:00.000000 +- 00:00:00.000000)	[00:00:00.000000,00:00:00.000001]
7 Marginalise                      	   5131	00:00:09.568570	(00:00:00.001865 +- 00:00:00.000857)	[00:00:00.000006,00:00:00.008860]
7.1 check/handle lost              	   5131	00:00:00.156996	(00:00:00.000031 +- 00:00:00.000019)	[00:00:00.000000,00:00:00.000233]
7.2 eliminate IMU frames           	   5131	00:00:04.019549	(00:00:00.000783 +- 00:00:00.000567)	[00:00:00.000000,00:00:00.002857]
7.3 convert to posegraph           	   1876	00:00:01.624509	(00:00:00.000866 +- 00:00:00.000520)	[00:00:00.000123,00:00:00.005092]
7.4 freezing                       	   5130	00:00:00.005948	(00:00:00.000001 +- 00:00:00.000002)	[00:00:00.000000,00:00:00.000018]
7.6 expand                         	   5049	00:00:01.228050	(00:00:00.000243 +- 00:00:00.000160)	[00:00:00.000022,00:00:00.003266]
7.7 prune place recognition frames 	   5130	00:00:01.230147	(00:00:00.000240 +- 00:00:00.000129)	[00:00:00.000003,00:00:00.001297]
I20250111 18:33:35.268436 710526 okvis_app_synchronous.cpp:219] Progress: 95% (1 [1%/s], ETA: 5s)
I20250111 18:33:35.298467 710526 Frontend.cpp:2274] RANSAC FAIL: 58 inliers, ratio = 0.698795
I20250111 18:33:37.195078 710526 okvis_app_synchronous.cpp:210] OKVIS Timing
-----------
1 DetectAndDescribe                	   5186	00:00:10.067433	(00:00:00.001941 +- 00:00:00.000337)	[00:00:00.000953,00:00:00.005985]
2 Match                            	   5186	00:00:44.408374	(00:00:00.008563 +- 00:00:00.004137)	[00:00:00.000197,00:00:00.021922]
2.01 match to map                  	   5185	00:00:34.320837	(00:00:00.006619 +- 00:00:00.003723)	[00:00:00.000053,00:00:00.017915]
2.02 match motion stereo           	   5185	00:00:07.106506	(00:00:00.001371 +- 00:00:00.000461)	[00:00:00.000053,00:00:00.004424]
2.02.1 match motion stereo: prepare	   5185	00:00:01.614744	(00:00:00.000311 +- 00:00:00.000120)	[00:00:00.000001,00:00:00.000944]
2.10 match stereo                  	   1438	00:00:00.057029	(00:00:00.000040 +- 00:00:00.000045)	[00:00:00.000001,00:00:00.000428]
3 Optimise                         	   5185	00:01:28.023658	(00:00:00.016977 +- 00:00:00.010231)	[00:00:00.001187,00:00:00.090674]
4 Prepare publishing               	   5185	00:00:04.462583	(00:00:00.000861 +- 00:00:00.000336)	[00:00:00.000037,00:00:00.002552]
6 Visualising                      	   5185	00:00:00.000967	(00:00:00.000000 +- 00:00:00.000000)	[00:00:00.000000,00:00:00.000001]
7 Marginalise                      	   5185	00:00:09.720055	(00:00:00.001875 +- 00:00:00.000859)	[00:00:00.000006,00:00:00.008860]
7.1 check/handle lost              	   5185	00:00:00.159546	(00:00:00.000031 +- 00:00:00.000019)	[00:00:00.000000,00:00:00.000233]
7.2 eliminate IMU frames           	   5185	00:00:04.080084	(00:00:00.000787 +- 00:00:00.000571)	[00:00:00.000000,00:00:00.002857]
7.3 convert to posegraph           	   1893	00:00:01.649063	(00:00:00.000871 +- 00:00:00.000522)	[00:00:00.000123,00:00:00.005092]
7.4 freezing                       	   5184	00:00:00.006039	(00:00:00.000001 +- 00:00:00.000002)	[00:00:00.000000,00:00:00.000018]
7.6 expand                         	   5103	00:00:01.247641	(00:00:00.000244 +- 00:00:00.000160)	[00:00:00.000022,00:00:00.003266]
7.7 prune place recognition frames 	   5184	00:00:01.251891	(00:00:00.000241 +- 00:00:00.000130)	[00:00:00.000003,00:00:00.001297]
I20250111 18:33:37.195215 710526 okvis_app_synchronous.cpp:219] Progress: 96% (1 [1%/s], ETA: 4s)
I20250111 18:33:39.166580 710526 okvis_app_synchronous.cpp:210] OKVIS Timing
-----------
1 DetectAndDescribe                	   5240	00:00:10.189281	(00:00:00.001945 +- 00:00:00.000337)	[00:00:00.000953,00:00:00.005985]
2 Match                            	   5240	00:00:44.915277	(00:00:00.008572 +- 00:00:00.004118)	[00:00:00.000197,00:00:00.021922]
2.01 match to map                  	   5239	00:00:34.725498	(00:00:00.006628 +- 00:00:00.003706)	[00:00:00.000053,00:00:00.017915]
2.02 match motion stereo           	   5239	00:00:07.174139	(00:00:00.001369 +- 00:00:00.000459)	[00:00:00.000053,00:00:00.004424]
2.02.1 match motion stereo: prepare	   5239	00:00:01.635785	(00:00:00.000312 +- 00:00:00.000120)	[00:00:00.000001,00:00:00.000944]
2.10 match stereo                  	   1439	00:00:00.057138	(00:00:00.000040 +- 00:00:00.000045)	[00:00:00.000001,00:00:00.000428]
3 Optimise                         	   5239	00:01:29.205481	(00:00:00.017027 +- 00:00:00.010200)	[00:00:00.001187,00:00:00.090674]
4 Prepare publishing               	   5239	00:00:04.552527	(00:00:00.000869 +- 00:00:00.000345)	[00:00:00.000037,00:00:00.002552]
6 Visualising                      	   5239	00:00:00.000981	(00:00:00.000000 +- 00:00:00.000000)	[00:00:00.000000,00:00:00.000001]
7 Marginalise                      	   5239	00:00:09.903110	(00:00:00.001890 +- 00:00:00.000870)	[00:00:00.000006,00:00:00.008860]
7.1 check/handle lost              	   5239	00:00:00.162768	(00:00:00.000031 +- 00:00:00.000020)	[00:00:00.000000,00:00:00.000233]
7.2 eliminate IMU frames           	   5239	00:00:04.180957	(00:00:00.000798 +- 00:00:00.000580)	[00:00:00.000000,00:00:00.002857]
7.3 convert to posegraph           	   1894	00:00:01.650882	(00:00:00.000872 +- 00:00:00.000522)	[00:00:00.000123,00:00:00.005092]
7.4 freezing                       	   5238	00:00:00.006057	(00:00:00.000001 +- 00:00:00.000002)	[00:00:00.000000,00:00:00.000018]
7.6 expand                         	   5157	00:00:01.269543	(00:00:00.000246 +- 00:00:00.000160)	[00:00:00.000022,00:00:00.003266]
7.7 prune place recognition frames 	   5238	00:00:01.282088	(00:00:00.000245 +- 00:00:00.000133)	[00:00:00.000003,00:00:00.001297]
I20250111 18:33:39.166679 710526 okvis_app_synchronous.cpp:219] Progress: 97% (1 [1%/s], ETA: 3s)
I20250111 18:33:41.059330 710526 okvis_app_synchronous.cpp:210] OKVIS Timing
-----------
1 DetectAndDescribe                	   5294	00:00:10.301316	(00:00:00.001946 +- 00:00:00.000336)	[00:00:00.000953,00:00:00.005985]
2 Match                            	   5294	00:00:45.415181	(00:00:00.008579 +- 00:00:00.004099)	[00:00:00.000197,00:00:00.021922]
2.01 match to map                  	   5293	00:00:35.128646	(00:00:00.006637 +- 00:00:00.003689)	[00:00:00.000053,00:00:00.017915]
2.02 match motion stereo           	   5293	00:00:07.236909	(00:00:00.001367 +- 00:00:00.000457)	[00:00:00.000053,00:00:00.004424]
2.02.1 match motion stereo: prepare	   5293	00:00:01.655596	(00:00:00.000313 +- 00:00:00.000119)	[00:00:00.000001,00:00:00.000944]
2.10 match stereo                  	   1439	00:00:00.057138	(00:00:00.000040 +- 00:00:00.000045)	[00:00:00.000001,00:00:00.000428]
3 Optimise                         	   5293	00:01:30.323234	(00:00:00.017065 +- 00:00:00.010164)	[00:00:00.001187,00:00:00.090674]
4 Prepare publishing               	   5293	00:00:04.641243	(00:00:00.000877 +- 00:00:00.000353)	[00:00:00.000037,00:00:00.002552]
6 Visualising                      	   5293	00:00:00.000998	(00:00:00.000000 +- 00:00:00.000000)	[00:00:00.000000,00:00:00.000001]
7 Marginalise                      	   5293	00:00:10.079780	(00:00:00.001904 +- 00:00:00.000877)	[00:00:00.000006,00:00:00.008860]
7.1 check/handle lost              	   5293	00:00:00.166115	(00:00:00.000031 +- 00:00:00.000020)	[00:00:00.000000,00:00:00.000233]
7.2 eliminate IMU frames           	   5293	00:00:04.280392	(00:00:00.000809 +- 00:00:00.000587)	[00:00:00.000000,00:00:00.002857]
7.3 convert to posegraph           	   1894	00:00:01.650882	(00:00:00.000872 +- 00:00:00.000522)	[00:00:00.000123,00:00:00.005092]
7.4 freezing                       	   5292	00:00:00.006069	(00:00:00.000001 +- 00:00:00.000002)	[00:00:00.000000,00:00:00.000018]
7.6 expand                         	   5211	00:00:01.289970	(00:00:00.000248 +- 00:00:00.000159)	[00:00:00.000022,00:00:00.003266]
7.7 prune place recognition frames 	   5292	00:00:01.312040	(00:00:00.000248 +- 00:00:00.000137)	[00:00:00.000003,00:00:00.001297]
I20250111 18:33:41.059428 710526 okvis_app_synchronous.cpp:219] Progress: 98% (1 [1%/s], ETA: 2s)
I20250111 18:33:43.030004 710526 okvis_app_synchronous.cpp:210] OKVIS Timing
-----------
1 DetectAndDescribe                	   5348	00:00:10.412133	(00:00:00.001947 +- 00:00:00.000334)	[00:00:00.000953,00:00:00.005985]
2 Match                            	   5348	00:00:46.355482	(00:00:00.008668 +- 00:00:00.004188)	[00:00:00.000197,00:00:00.021922]
2.01 match to map                  	   5347	00:00:35.943886	(00:00:00.006722 +- 00:00:00.003782)	[00:00:00.000053,00:00:00.018099]
2.02 match motion stereo           	   5347	00:00:07.318362	(00:00:00.001369 +- 00:00:00.000455)	[00:00:00.000053,00:00:00.004424]
2.02.1 match motion stereo: prepare	   5347	00:00:01.679037	(00:00:00.000314 +- 00:00:00.000120)	[00:00:00.000001,00:00:00.000944]
2.10 match stereo                  	   1440	00:00:00.057187	(00:00:00.000040 +- 00:00:00.000045)	[00:00:00.000001,00:00:00.000428]
3 Optimise                         	   5347	00:01:31.142120	(00:00:00.017045 +- 00:00:00.010122)	[00:00:00.001187,00:00:00.090674]
4 Prepare publishing               	   5347	00:00:04.704862	(00:00:00.000880 +- 00:00:00.000353)	[00:00:00.000037,00:00:00.002552]
6 Visualising                      	   5347	00:00:00.001008	(00:00:00.000000 +- 00:00:00.000000)	[00:00:00.000000,00:00:00.000001]
7 Marginalise                      	   5347	00:00:10.212049	(00:00:00.001910 +- 00:00:00.000876)	[00:00:00.000006,00:00:00.008860]
7.1 check/handle lost              	   5347	00:00:00.168471	(00:00:00.000032 +- 00:00:00.000020)	[00:00:00.000000,00:00:00.000233]
7.2 eliminate IMU frames           	   5347	00:00:04.350012	(00:00:00.000814 +- 00:00:00.000587)	[00:00:00.000000,00:00:00.002857]
7.3 convert to posegraph           	   1895	00:00:01.652063	(00:00:00.000872 +- 00:00:00.000522)	[00:00:00.000123,00:00:00.005092]
7.4 freezing                       	   5346	00:00:00.006078	(00:00:00.000001 +- 00:00:00.000002)	[00:00:00.000000,00:00:00.000018]
7.6 expand                         	   5265	00:00:01.307042	(00:00:00.000248 +- 00:00:00.000159)	[00:00:00.000022,00:00:00.003266]
7.7 prune place recognition frames 	   5346	00:00:01.335163	(00:00:00.000250 +- 00:00:00.000137)	[00:00:00.000003,00:00:00.001297]
I20250111 18:33:43.030170 710526 okvis_app_synchronous.cpp:219] Progress: 99% (1 [1%/s], ETA: 1s)
I20250111 18:33:44.923664 710526 okvis_app_synchronous.cpp:180] Finished!
I20250111 18:33:44.947412 710526 okvis_app_synchronous.cpp:202] total processing time 155.194538783 s
>>> Close in.csv
>>> Close out.csv

________________________________________________________
Executed in  156.28 secs    fish           external
   usr time  223.65 secs    0.00 micros  223.65 secs
   sys time   18.80 secs  292.00 micros   18.80 secs

~/D/a/b/okvis2 (mateosss|✚5) $ code .
~/D/a/b/okvis2 (mateosss|✚5) $ [1;5H ^C
~/D/a/b/okvis2 (mateosss|✚5) $ 
