# timestamp [ns], tx [m], ty [m], tz [m], qw, qx, qy, qz
7465093169994,-0.7000877261,0.4201830924,0.3247402608,0.7376456261,-0.6693149209,0.0519595966,-0.0720886663
7465126453394,-0.7000429432000056,0.4202103282000084,0.3246693511999998,0.7376125491118702,-0.6693576827178714,0.0519479648834229,-0.07203769099381876
7465159742594,-0.6999981592000106,0.4202375654000164,0.3245984235999996,0.7375795022214933,-0.6694004845283664,0.05193633368427884,-0.07198671029653872
7465193037794,-0.6999533739000154,0.42026480430002366,0.32452747769999934,0.7375464452222579,-0.6694432902308232,0.0519247000845112,-0.07193572009839352
7465226321594,-0.6999086108000196,0.4202920305000303,0.32445655059999917,0.7375133953742689,-0.669486077489023,0.051913070181312075,-0.0718847468954955
7465259611794,-0.6998638458000237,0.4203192586000363,0.324385604199999,0.7374803349885583,-0.6695288692037539,0.051901437782497395,-0.07183376339867006
7465292898794,-0.6998190918000272,0.4203464808000416,0.3243146591999989,0.7374472736003398,-0.6695716530162107,0.051889806183506186,-0.07178278450159832
7465326188294,-0.6997743413000302,0.42037370170004634,0.3242437032999988,0.7374142055933733,-0.6696144362116461,0.05187817338319602,-0.07173180140270131
7465359478694,-0.6997295963000328,0.4204009201000505,0.3241727398999987,0.737381132490379,-0.6696572168106877,0.051866540083165755,-0.07168081640419126
7465392767994,-0.6996848596000352,0.420428134200054,0.32410177329999856,0.7373480562941123,-0.6696999922158389,0.05185490678360894,-0.07162983280633485
7465426056294,-0.6996401310000371,0.42045534430005677,0.32403080329999845,0.7373149768726064,-0.6697427625980652,0.05184327358227767,-0.07157885030602751
7465459346694,-0.6995954063000384,0.42048255270005896,0.32395982329999845,0.7372818912794566,-0.6697855318060478,0.05183163928294077,-0.07152786410847398
7465492636594,-0.6995506891000395,0.42050975730006057,0.32388883889999837,0.7372488019810315,-0.669828296609239,0.05182000488323311,-0.07147687831040785
7465525926094,-0.6995059792000402,0.4205369584000615,0.3238178496999984,0.7372157088930158,-0.669871057121889,0.051808370384257264,-0.07142589271334984
7465559214494,-0.6994612775000403,0.42056415520006185,0.3237468573999983,0.7371826127597547,-0.6699138123934255,0.05179673598210233,-0.0713749084119094
7465592503494,-0.6994165818000401,0.4205913491000615,0.32367585819999833,0.7371495118822777,-0.669956564615654,0.051785101083867344,-0.07132392281587054
7465625799994,-0.6993718828000395,0.4206185459000606,0.3236048374999984,0.7371163992675088,-0.6699993228039921,0.05177346318301288,-0.07127292531622323
7465659082094,-0.6993272099000385,0.420645727600059,0.32353384199999846,0.7370832968843981,-0.6700420586211053,0.051761830084382204,-0.0712219494196359
7465692371694,-0.6992825337000371,0.4206729121000568,0.3234628249999985,0.7370501828498294,-0.6700848002914394,0.051750194082138413,-0.07117096171807774
7465725667494,-0.6992378560000352,0.42070009830005395,0.32339178919999856,0.7370170584885735,-0.6701275461284265,0.051738555585042395,-0.07111996402359871
7465758950894,-0.699193201600033,0.42072727110005054,0.32332077429999867,0.7369839423049441,-0.6701702722450757,0.05172692108637524,-0.07106898492695628
7465792239894,-0.6991485465000302,0.42075444510004634,0.3232497419999988,0.7369508163873607,-0.6702130017308493,0.051715284485325315,-0.07101799692703978
7465825536094,-0.6991038886000271,0.42078162170004163,0.3231786887999989,0.7369176790861336,-0.6702557367314974,0.05170364498542378,-0.07096699742870101
7465858822394,-0.6990592506000236,0.4208087868000363,0.32310765109999906,0.7368845474768697,-0.6702984552248337,0.0516920085849587,-0.0709160127295882
7465892129894,-0.6990145911000198,0.4208359659000303,0.3230365626999992,0.7368513905846773,-0.6703411971337002,0.0516803645856916,-0.07086499513211936
7465925404594,-0.6989699822000154,0.4208631149000237,0.3229655387999994,0.7368182622378496,-0.670383893092858,0.05166873168259322,-0.07081402742939673
7465958686294,-0.6989253708000106,0.4208902663000164,0.32289449439999957,0.7367851226779746,-0.670426594331128,0.05165709608559266,-0.07076304853503157
7465991989594,-0.6988807371000055,0.4209174320000085,0.32282339829999984,0.7367519574778612,-0.6704693194327891,0.05164545268577088,-0.0707120362368002
7466025264894,-0.6988361478,0.4209445715,0.3227523565,0.7367188334,-0.6705120206,0.0516338199,-0.070661068
7466058554294,-0.6987463147999378,0.42152698800000366,0.3223311342000145,0.7338545338744178,-0.6738493788334167,0.05127761879747018,-0.06895754903011714
7466091845194,-0.6986592490998954,0.42210603040000605,0.3219046557000238,0.7309737044665194,-0.677171827528054,0.050920255608604144,-0.06725241222114949
7466125134394,-0.6985749622998736,0.4226815900000072,0.3214729986000281,0.7280766692891203,-0.6804789573510216,0.05056177162178748,-0.06554585791484988
7466158422994,-0.6984934540998725,0.42325363320000714,0.3210361863000276,0.7251633991634997,-0.6837708051288498,0.05020216293155032,-0.06383786810410667
7466191713994,-0.6984147200998931,0.4238221587000059,0.3205942166000226,0.7222336953852441,-0.6870475926512621,0.049841405144520776,-0.06212832699743182
7466225003394,-0.6983387722999354,0.4243870460000035,0.32014718020001326,0.7192879748973496,-0.6903088523647444,0.049479549756744345,-0.06041747818975233
7466258291294,-0.6982656121,0.4249482453,0.3196951151,0.7163263559,-0.6935545802,0.0491166078,-0.0587053597
7466291581494,-0.6929393234008279,0.4178187369999678,0.32562264940059904,-0.6985603609317699,0.7106712028982891,-0.055595898663686125,0.06220096106774867
7466324869494,-0.687664717001384,0.41090966349995856,0.331848645300992,-0.6803326319461076,0.7273157585086412,-0.06203791966475474,0.06565511296122684
7466358195394,-0.682429829401665,0.4042280969999643,0.33837036680118265,-0.6616325126595565,0.74349642891944,-0.06844608946570968,0.06906961135473379
7466391448094,-0.6772462441016679,0.39781031049997795,0.3451541672011746,-0.6425354281782814,0.7591493381379371,-0.0747948724672577,0.0724308842489969
7466424737994,-0.6720907822013916,0.3916483126999927,0.35220993350097207,-0.6229913513631727,0.7743168731166042,-0.08110121006454858,0.0757479363394052
7466458034094,-0.6669623133008354,0.385761386100002,0.35951871800057905,-0.6030306026623244,0.7889738735119283,-0.08735495326310305,0.07901538653135137
7466491318694,-0.6618574858,0.3801648915,0.3670630157,0.5826771259,-0.8031029701,0.0935486481,-0.082229346
7466524605794,-0.6403473341970736,0.37133078970021877,0.39003786879734365,-0.5778525351729351,0.8050898976175086,-0.10349198775434848,0.08488882623228616
7466557902394,-0.618809440095138,0.3622792080003618,0.4129151467955749,-0.5729495917955892,0.8069701460436841,-0.11342437875006096,0.08753775734313482
7466591185594,-0.5972637031941849,0.35301511640043065,0.43568089529469367,-0.5679723258696054,0.8087421792008758,-0.12333766873604521,0.09017396574647729
7466624474194,-0.5757030516942037,0.3435321824004274,0.4583498260946977,-0.5629186163018,0.8104068008405708,-0.13323614233473802,0.09279859345903756
7466657770694,-0.5541309600951855,0.33382850100035344,0.48092545179558555,-0.5577887117085699,0.8119638495438327,-0.143119214228118,0.09541148066758069
7466691054094,-0.5325661366971204,0.32390929800021057,0.5033954788973537,-0.5525865477856552,0.8134121614031666,-0.15297933971348643,0.0980106346708674
7466724343894,-0.5110010505,0.3137679994,0.525775075,0.5473098159,-0.8147524595,0.1628209949,-0.10059724
7466757633294,-0.49630715299931555,0.3119787293016433,0.5520424881998734,-0.5379947417627728,0.8173832777663619,-0.1869657349063264,0.08654506938273956
7466790921094,-0.48029195259883395,0.310029047002911,0.5775123495997665,-0.5282098987141676,0.8192995619502104,-0.21094590233574503,0.07241793269847398
7466824211194,-0.4630019502985673,0.3078791229036965,0.6021204981996917,-0.5179626554936204,0.8204998039225412,-0.23474333203843073,0.05822651750331424
7466857501194,-0.4444911393985309,0.30549019420389595,0.6258009705996628,-0.5072626625845073,0.8209827970110516,-0.25833548784501753,0.0439842458098784
7466890789594,-0.42481758479874293,0.3028243270034095,0.6484919137996943,-0.49611978940519785,0.820748152247238,-0.2817007009677312,0.029704212118409772
7466924079694,-0.40404053899922465,0.2998441623021411,0.6701381679998014,-0.4845426701572917,0.8197960481678973,-0.3048208616500056,0.015397483823303732
7466957369294,-0.3822263777,0.2965138853,0.6906844974,0.4725421965,-0.8181273937,0.3276742399,-0.0010775108
7466990657294,-0.3833639929023277,0.30327968040405406,0.7158355036994287,-0.46982243647350147,0.8154512147770179,-0.3377316676617801,-0.015604972386445736
7467023947494,-0.38351316490389925,0.30981984640666,0.7410731159991806,-0.46691739120156556,0.8124535787090261,-0.3476566960733024,-0.03228240870529822
7467057237294,-0.3826718582046996,0.3161308438078713,0.7663551309991761,-0.4638283867881427,0.8091358223698595,-0.35744460725395394,-0.04894692342146749
7467090530894,-0.38083943210471694,0.32221078380774626,0.7916444266993355,-0.4605562229149797,0.8054987857019584,-0.3670927573656845,-0.06559404894208617
7467123815894,-0.37801796210394273,0.3280551681063478,0.8168912733995791,-0.45710344678998627,0.8015453251444168,-0.3765937825359029,-0.08221103105512452
7467157104094,-0.3742094271023714,0.3336642106037425,0.842064376899827,-0.4534702392126579,0.7972756741714678,-0.38594734224514193,-0.09879721927644323
7467190400694,-0.3694170117,0.3390371203,0.8671274781,0.4496574104,-0.7926907539,0.3951511681,0.1153486595
7467223705794,-0.37260544689710384,0.3461057199993461,0.8831467451008753,-0.4433543920156065,0.7959854575592387,-0.38991586582730453,-0.133452808178865
7467256971994,-0.3755376900951582,0.3530374272989096,0.8992514666014133,-0.4368791974221017,0.7989539768658909,-0.3845287803226162,-0.15148177056530263
7467290268294,-0.37821350459416997,0.3598537395986905,0.9154674673016416,-0.43022105403624983,0.8016013225877848,-0.37898095092512013,-0.1694656399549602
7467323577194,-0.38062498059415184,0.3665581141986897,0.9317787077015867,-0.42338582161701416,0.8039244062478483,-0.3732772442986712,-0.18738755023085316
7467356840694,-0.3827627461951114,0.3731464912989076,0.9481488213012761,-0.4163884268219021,0.8059187225537725,-0.36743012789396456,-0.20520914151641
7467390137194,-0.3846268612970587,0.3796420839993444,0.9646083757007377,-0.4092153116490512,0.8075883451045582,-0.3614282768094005,-0.2229652311142668
7467423431594,-0.3862102926,0.3860456944,0.9811320305,0.4018767178,-0.808930397,0.3552802503,0.2406297922
7467456709994,-0.3855742476007571,0.3859643222999169,0.9877658635999389,-0.37724227535189675,0.8319985333152058,-0.33504321691313693,-0.23067888730693784
7467489999494,-0.38511682230126915,0.3862823185998513,0.9944095209998841,-0.3519777905443808,0.853702927504259,-0.3142471662152024,-0.22034442370949375
7467523287594,-0.38485902770152935,0.38698937469980904,1.0010335996998425,-0.32613411541673576,0.8739990393369178,-0.2929339380985931,-0.2096471461993647
7467556578294,-0.38482029350153335,0.3880726660997964,1.0076121044998232,-0.29975072352400933,0.8928557678583324,-0.2711360843126641,-0.19860338701174343
7467589866294,-0.3850186287012791,0.38951660969981966,1.0141175044998356,-0.27287531012306476,0.9102390325573944,-0.2488930105187265,-0.18723311151915745
7467623155794,-0.3854704874007672,0.3913035805998853,1.0205246178998908,-0.24554882012383517,0.9261224467622916,-0.2262386063257012,-0.17555364862805692
7467656445894,-0.3861906528,0.3934135139,1.0268079042,0.2178170085,-0.9404792786,0.2032108009,0.1635845453
7467689735094,-0.37898778069598293,0.40995093699799984,1.0364876815010102,-0.22813198682300773,0.9436185903010978,-0.18428624252832054,-0.1535523801220578
7467723023194,-0.37258891409320866,0.42648529739666957,1.0467203526018387,-0.2383154525234969,0.9462152355426533,-0.16525634872444775,-0.14343225690808195
7467756314194,-0.3670102361917414,0.4429840324960106,1.0574805208023919,-0.24836275599776012,0.9482679627834654,-0.14612976270304243,-0.13322876807974365
7467789603994,-0.3622674957916389,0.4594106436960213,1.0687390191025756,-0.25826687188915226,0.9497752970939929,-0.12691983149307048,-0.1229490312624722
7467822899794,-0.3583729293929531,0.4757343573966963,1.080469351302299,-0.26802421397470166,0.9507365794852137,-0.10763343248016052,-0.11259672004342725
7467856199994,-0.355338254095729,0.4919202595980274,1.0926410429014692,-0.2776286295627639,0.9511509546876177,-0.08828255536831615,-0.10217825532653922
7467889470894,-0.3531747162,0.5079184175,1.1052101851,0.2870650589,-0.951018393,0.06889797,0.0917102396
7467922768194,-0.3500381977045123,0.5233533300033885,1.1276243529984542,-0.2984691433678613,0.9480582302097714,-0.06278517926312384,-0.09033152192711333
7467956049894,-0.34719133450755835,0.5382563777056818,1.1504182280974458,-0.3098147746904067,0.9449307543424312,-0.05666408007102794,-0.08893737634471023
7467989338794,-0.3446303859091152,0.552626265706859,1.1735923187969624,-0.3211077214854401,0.9416344290910349,-0.05053157217430572,-0.08752710075412565
7468022634994,-0.34235364550915826,0.5664513606068985,1.1971317075969912,-0.33234597090348383,0.9381697216075899,-0.044388722281738235,-0.08610093156959778
7468055918494,-0.34036032370766645,0.5797125602057807,1.2210066850975176,-0.34352078662784635,0.9345393703393478,-0.03824031538985847,-0.08465998298609126
7468089206994,-0.3386469731046199,0.5924065770034872,1.2452141005985258,-0.35463614282691935,0.9307421488017064,-0.03208417909544895,-0.08320375049598748
7468122503794,-0.3372111022,0.6045241952,1.2697405815,0.3656911254,-0.9267782569,0.0259207953,0.0817323402
7468155786794,-0.3328392516988013,0.6144349867988783,1.2869576219003112,-0.3797451876341551,0.9206098173969693,-0.027602964595126626,-0.0866558303092149
7468189076194,-0.32826146479803875,0.6238082992981058,1.3044249444004967,-0.39370218811217633,0.9141983360557777,-0.0292782056862781,-0.09155750160595204
7468222365494,-0.3234772090976913,0.6326344513976976,1.3221204219005693,-0.40755570681682346,0.9075466805775609,-0.030945749279468804,-0.09643510260907345
7468255653694,-0.3184854884977369,0.640906084497669,1.3400244842005424,-0.42130169340019613,0.9006568113524496,-0.032605107571119965,-0.1012872068073797
7468288944194,-0.3132848487981527,0.6486174722980339,1.3581197232004294,-0.434937934317372,0.8935298220990578,-0.03425601366548462,-0.10611303331407358
7468322232594,-0.307875261898915,0.6557616387988066,1.376384302700244,-0.4484590436971897,0.8861685250686192,-0.03589781555700666,-0.11091067641190103
7468355521594,-0.3022558093,0.6623338461,1.3948000669,0.4618625939,-0.8785743117,0.0375302173,0.1156792715
7468388812394,-0.300824587100011,0.66779272029894,1.4047358373004954,-0.47091012990290537,0.873979263108039,-0.03997210265263783,-0.11316416491754352
7468422102794,-0.2993626805000171,0.6730447527982252,1.4147779030008074,-0.47990330089757144,0.8692835745157341,-0.0424093531541046,-0.11063605031730654
7468455390194,-0.2978722761000191,0.6780872722978606,1.4249214853009466,-0.4888403562866498,0.8644881305133831,-0.04484149665500927,-0.10809541361573206
7468488680894,-0.2963551727000176,0.6829190334978514,1.4351644797009244,-0.49772195646546025,0.8595925749936132,-0.047268713154851316,-0.10554206661198397
7468521971194,-0.29481362890001345,0.6875373722982022,1.4455016894007515,-0.5065460834639928,0.8545980032082365,-0.04969045235647593,-0.10297658561242709
7468555287194,-0.29324851590000733,0.6919436621989178,1.4559372060004394,-0.5153185715814546,0.8495009628536242,-0.05210832725998613,-0.10039724161639633
7468588548294,-0.2916657627,0.6961256266,1.4664415121,0.5240172744,-0.8443145156,0.0545162186,0.0978105888
7468621836894,-0.2995459741999615,0.6931459421998428,1.4668262792997588,-0.5171478911611564,0.8486495745229929,-0.053430719662604625,-0.09745315041520211
7468655154194,-0.3074239164999371,0.6901442816997401,1.4672446687995997,-0.5102377521424318,0.8529312082780175,-0.052340686063602954,-0.0970888398140135
7468688416094,-0.3152797139999261,0.6871288079996911,1.4676959056995218,-0.5033047970772542,0.8571483756227154,-0.05124894577003161,-0.09671860712306095
7468721705794,-0.32313302919992765,0.684092569799694,1.4681813897995237,-0.49633219356581676,0.8613114126889726,-0.050152845871688764,-0.09634155932328385
7468755001294,-0.33097866249994107,0.6810381191997475,1.468701154999605,-0.489324967568498,0.8654172007790473,-0.04905317917473396,-0.0959579612262481
7468788284494,-0.3388123576999654,0.6779676996998499,1.4692552029997636,-0.48228740929544167,0.8694632488126298,-0.04795061858014007,-0.09556804893404541
7468821573094,-0.3466382921,0.6748802662,1.4698441029,0.4752162695,-0.8734514713,0.0468446538,0.0951716453
7468854871494,-0.35293625749990215,0.6761015221003123,1.4715502795002608,-0.4767583021177075,0.8736154804364323,-0.03690036967939971,-0.0901990932392661
7468888154394,-0.3592760724998441,0.6772375519005204,1.4731446579004375,-0.4782395872127645,0.8736694143247309,-0.026956068373587893,-0.08521749863663589
7468921441294,-0.3656583381998217,0.678288972500624,1.474627102300528,-0.4796608278936172,0.8736133376871772,-0.01700717756753601,-0.0802245742317543
7468954732294,-0.37207997749983035,0.6792557066006235,1.4759965053005308,-0.48102182750278955,0.8734472172012208,-0.007054919162751104,-0.07522093023173276
7468988020194,-0.3785364723998658,0.680137534300519,1.4772515515004447,-0.48232211750934323,0.8731711048103868,0.0028973010423436795,-0.07020827823114507
7469021310294,-0.3850257004999239,0.6809346352003111,1.4783914889002683,-0.4835617435202259,0.8727849958272589,0.012849814047769822,-0.0651864521310129
7469054599194,-0.3915438354,0.6816470027,1.4794152975,0.4847404361,-0.8722890019,-0.0228003506,0.0601565987
7469087888494,-0.3929730768009141,0.6931285585997838,1.4768472685989993,-0.49774501480766503,0.8650699203858189,0.02425033174941228,-0.05758345672008292
7469121178694,-0.39437789300151116,0.7046840396996679,1.4746182390983273,-0.5106354960095357,0.8576517347738826,0.025694776046587983,-0.054997004812635905
7469154469294,-0.39575968740179807,0.7163030494996352,1.472730421697988,-0.5234086991082619,0.8500362221574468,0.027133328543764858,-0.05239787400485901
7469187756594,-0.3971197563017822,0.7279740044996689,1.4711858264979838,-0.5360602828235068,0.8422260057678506,0.028565499441980894,-0.049786952398644266
7469221046894,-0.3984598243014715,0.7396887792997522,1.4699856861983172,-0.5485897335204002,0.8342214063494914,0.029991230439401717,-0.047164346290644664
7469254337494,-0.3997812653008744,0.7514360564998682,1.469131362098989,-0.5609931354615573,0.8260248849972691,0.03141007703946132,-0.044530870086204766
7469287628494,-0.4010855854,0.7632054687,1.4686237574,0.5732676983,-0.8176383376,-0.0328217186,0.0418871231
7469320915094,-0.4091278293990268,0.7766513646008546,1.4664333680012698,-0.5843989377117431,0.8090039485250701,0.03817556084109249,-0.0503301045766849
7469354203194,-0.4174305451983772,0.790005204701411,1.464692669402116,-0.595356308510833,0.8001277849364204,0.04351825334746969,-0.05875844887909054
7469387502394,-0.42599033899805233,0.803253541401677,1.4634009246025386,-0.6061395706656938,0.7910097590202461,0.04884973345825877,-0.06717205928805481
7469420783694,-0.4347934432980531,0.8163677673016603,1.4625580949025367,-0.6167361709217732,0.7816606046743786,0.05416377176108107,-0.07556110378658756
7469454071994,-0.44383979119837885,0.8293408044013696,1.4621617682021115,-0.6271509633291912,0.7720762335946249,0.05946276486805354,-0.08392936499135559
7469487367794,-0.4531228539990286,0.842155966000813,1.4622101352012649,-0.6373808747993676,0.7622592107694883,0.06474519997124115,-0.0922744553912604
7469520653194,-0.4626305103,0.8547897935,1.4627004862,0.6474174261,-0.7522178292,-0.0700066686,0.1005894095
7469553939694,-0.4756292051001866,0.86431570640033,1.457734383300781,-0.6437023626550809,0.755572765239997,0.07459515427059243,-0.09587819198961658
7469587236294,-0.4885695607003092,0.8737879001005705,1.452502882801297,-0.6399422308165145,0.7588771409237356,0.07917993967658518,-0.09115900039936921
7469620519794,-0.5014387643003687,0.8831976546007093,1.4470110596015504,-0.6361398650910473,0.762128379005015,0.08375751267227212,-0.08643543849652585
7469653807894,-0.5142398982003663,0.8925478849007339,1.441257559601544,-0.6322935197842527,0.7653280063084366,0.08832999697032762,-0.08170531949644654
7469687098394,-0.5269683263003032,0.9018358583006321,1.4352442181012814,-0.6284036982623521,0.768475576293383,0.09289677606620964,-0.0769692772946201
7469720403594,-0.5396249431001806,0.9110628780003912,1.4289702232007653,-0.6244691959828613,0.7715719964303489,0.09745922036852221,-0.07222588149800735
7469753676794,-0.5521883368,0.9202139974,1.4224462509,0.6204958558,-0.7746127844,-0.1020106301,0.0674821138
7469786966494,-0.5685606300001966,0.928976247899177,1.419507266898538,-0.6177403167519816,0.776318800588326,0.10153446445858232,-0.07359873259352662
7469820255194,-0.585019083200326,0.9376030539986344,1.4166536820975744,-0.6149551456943396,0.777987422626207,0.10105342906133385,-0.07971162709687529
7469853545394,-0.6015632051003894,0.9460951343983688,1.4138871201971022,-0.6121402430049361,0.7796186647241636,0.10056750685897586,-0.08582095939652426
7469886833494,-0.6181894589003875,0.9544516742983764,1.411209697197115,-0.6092960493704439,0.7812122729643036,0.10007677394932415,-0.09192577498945444
7469920122994,-0.6348978287003214,0.9626736824986533,1.4086229309976066,-0.6064224035926531,0.7827683393768478,0.09958120264909909,-0.0980264217906613
7469953413294,-0.651686244100192,0.9707611491991956,1.4061286619985696,-0.6035194929057409,0.784286757277733,0.09908082514748848,-0.10412249579062458
7469986737294,-0.6685696244,0.9787220359,1.4037263393,0.6005845666,-0.7857689261,-0.0985751674,0.1102197245
7470019993894,-0.6796957149002559,0.9859837316993733,1.4059929614004016,-0.6119857578167414,0.777507015084261,0.09202826244289,-0.11174557099041606
7470053281394,-0.6907289912004294,0.9932919681989398,1.4086109560006717,-0.6232483775831904,0.7690479215509022,0.08545284443544293,-0.11324559848422522
7470086571094,-0.7016544541005185,1.0006303950987099,1.411577976200808,-0.6343597231086658,0.7604006879903632,0.07885614893611374,-0.11471810308859182
7470119866994,-0.7124681450005212,1.007989760498692,1.4148935593008096,-0.6453183608271441,0.7515663143196183,0.07223898483528829,-0.1161628917914816
7470153150094,-0.7231588104004364,1.0153557003988956,1.4185544195006754,-0.6561154112262522,0.7425520510254561,0.06560674743202441,-0.11757879639069783
7470186438294,-0.733727240400263,1.0227220050993286,1.4225607768004056,-0.6667541020969238,0.733355312499834,0.05895749352622206,-0.11896624278467047
7470219735494,-0.7441697121,1.0300793648,1.4269113541,0.6772329807,-0.7239771485,-0.0522920564,0.1203250363
7470253016694,-0.7499809576000968,1.0351973533998502,1.4283618257001656,-0.6759360540141875,0.7249369814331428,0.05395932272205663,-0.12110002198889007
7470286306294,-0.7558146196001605,1.0402993408997514,1.4297893047002745,-0.6746347522581774,0.725892715480432,0.055626686714871955,-0.12187447798090362
7470319602794,-0.7616703506001918,1.0453849418997028,1.4311937288003276,-0.6733291406636419,0.7268443005937042,0.0572940631126385,-0.12264836468398406
7470352887394,-0.767544740200191,1.0504511456997043,1.4325743291003257,-0.6720199651772587,0.7277911947158525,0.05896050071116594,-0.12342124068861375
7470386174294,-0.7734401857001585,1.0554999785997545,1.43393172400027,-0.6707066768841142,0.7287337980307638,0.06062670050917038,-0.12419343129206913
7470419464394,-0.7793567512000948,1.0605314302998534,1.4352659644001613,-0.6693892469811249,0.7296721294350049,0.062292697606311204,-0.12496495259374409
7470452755094,-0.7852938771,1.0655449629,1.4365769625,0.6680678129,-0.7306061387,-0.0639583543,0.1257357448
7470486044294,-0.786512745599442,1.0744216394002475,1.4412797016995451,-0.6803185858521844,0.7201732132057191,0.057567269704011714,-0.12330115240280289
7470519333094,-0.7875608295991074,1.0831665282004042,1.4462619462992587,-0.6923612686876631,0.7095202893372599,0.05115866640929197,-0.12082890172141574
7470552621094,-0.7884375539989746,1.0917686265004747,1.4515178628991319,0.7041920196565834,-0.6986507337007594,-0.04473457880921607,0.11831977522855038
7470585912794,-0.7891426527990206,1.1002183460004646,1.4570421036991532,0.7158087932388344,-0.6875663718793618,-0.038296100510089075,0.11577419603839204
7470619200394,-0.7896758112992227,1.1085031663003786,1.4628269489993124,0.7272053207124364,-0.6762731928442962,-0.031846708414902225,0.11319353926280538
7470652489394,-0.7900371964995572,1.116614132900222,1.4688665824995986,0.7383800277031309,-0.6647728086304895,-0.025387309815063368,0.11057817187405515
7470685780094,-0.7902270555,1.1245411634,1.4751540422,0.749329567,-0.6530686021,-0.01891982,0.1079288647
7470719068994,-0.7911958576013681,1.140334811899945,1.4759237556995108,0.7534841319651605,-0.6482883677893096,-0.020023367620662542,0.10762397416426002
7470752361194,-0.792169747702247,1.156118583899915,1.476895460299186,0.7576078928945766,-0.643480801811153,-0.021126195128081445,0.10731459455137399
7470785648094,-0.7931486446026562,1.1718858105999064,1.478068718899025,0.7616996171003815,-0.6386473481126623,-0.022227972035091217,0.10700081923519762
7470818937594,-0.7941329498026161,1.1876376455999145,1.4794435840990268,0.7657601100053136,-0.633787063013429,-0.02332891434229369,0.10668258731897991
7470852237994,-0.7951230812021461,1.2033754168999355,1.4810202863991906,0.7697901965906839,-0.6288989199982098,-0.024429250149093563,0.10635982980013935
7470885515594,-0.7961182017012677,1.2190806248999653,1.4827968541995153,0.7737856483933857,-0.6239880824973787,-0.025527821156626135,0.1060328891838171
7470918804594,-0.7971194983,1.2347668409,1.4847747087,0.7777504325,-0.6190497279,-0.0266257115,0.1057014465
7470952101294,-0.7954219623989524,1.2555485441999572,1.4883813097004632,0.7796806753260844,-0.6156095272225147,-0.03535535626729709,0.10896308227627106
7470985383294,-0.7940825699982591,1.276309927699941,1.4921949831007675,0.7815302847960597,-0.6121078529009502,-0.0440775292674938,0.11221212847661337
7471018672494,-0.793101888397917,1.297057100299944,1.4962149075009155,0.7833003059238525,-0.6085427726245817,-0.05279707787091742,0.1154503927852925
7471051969194,-0.7924815700979233,1.3177826846999594,1.50043790940091,0.7849905203895489,-0.6049145778999088,-0.061513184670075355,0.11867756508483737
7471085252094,-0.7922231843982748,1.3384658926999788,1.5048578032007538,0.7865996967204936,-0.601225978625434,-0.07021938387429759,0.121891254294272
7471118540694,-0.7923275750989682,1.3591113306999951,1.5094735974004496,0.7881286424003576,-0.5974752138117454,-0.07891988727406696,0.1250930185958716
7471151831394,-0.7927958369,1.3797092438,1.5142812729,0.7895770669,-0.5936630964,-0.0876128674,0.1282821894
7471185121394,-0.7939901185034186,1.3964535942996728,1.5160896479990342,0.7924381035984635,-0.5854135683058104,-0.10272237565073436,0.13704349510063799
7471218408894,-0.7957481646057388,1.413111996399379,1.5181953317982795,0.7949968641949232,-0.5769415126967024,-0.11779159252541091,0.14575190419959252
7471251699594,-0.7980703370069322,1.4296634674991648,1.5205907668978027,0.7972527418806786,-0.5682486574796642,-0.13281734449803223,0.1544055757956635
7471284987594,-0.8009554198069736,1.4460814069990746,1.5232671668976705,0.7992044700145705,-0.5593398523963307,-0.14779123897888116,0.16299967580049934
7471318301294,-0.8044047799058412,1.4623561891991543,1.5262182975979495,0.8008526534873482,-0.5502106735698181,-0.1627202816483634,0.1715381940921548
7471351566294,-0.8084076016035219,1.4784284189994477,1.529428079898704,0.8021932996437467,-0.5408852061001205,-0.17756550573521884,0.1799988750012183
7471384855594,-0.8129686713,1.4943106174,1.5328936577,0.8032292128,-0.5313467979,-0.1923539042,0.1883971393
7471418146594,-0.8170771267986525,1.5106992807003656,1.5324042025030478,0.8049789676474609,-0.5276276115104532,-0.18523852523192616,0.19825401379771238
7471451435394,-0.8213436356977315,1.5270495685006076,1.532037477905107,0.8065960936024154,-0.5238218144980267,-0.17809312344219633,0.2080776004857836
7471484726894,-0.8257654978972497,1.5433623000007264,1.5317971382061601,0.8080805213437284,-0.5199294465419696,-0.17091781387114688,0.21786771799630444
7471518014394,-0.8303383813972214,1.5596326337007231,1.5316868459061914,0.8094317155668358,-0.5159519368103255,-0.16371522387499457,0.22762078597475083
7471551305294,-0.8350597649976601,1.5758626533005997,1.5317101091051852,0.8106497577737425,-0.511889058332771,-0.1564849389960099,0.23733736757615054
7471584597694,-0.8399257807985816,1.5920499163003576,1.5318704047031257,0.8117343483690659,-0.5077416934481377,-0.14922855671433605,0.24701529967437552
7471617882694,-0.8449313641,1.6081886292,1.532171011,0.8126850724,-0.5035116673,-0.1419492215,0.256650418
7471651170894,-0.8564781111012202,1.626315831699531,1.5314126181984051,0.8152183571332892,-0.5121826614373043,-0.12795959892010006,0.23814762766004585
7471684466794,-0.8671460800020374,1.644967958999262,1.5304103544973833,0.8172469070977562,-0.5205381795713472,-0.11388742442223983,0.2194929406750207
7471717750494,-0.8769053188024465,1.6640876197991674,1.5291578311969118,0.8187683375610406,-0.5285681048414151,-0.09974983890972651,0.20070908696261974
7471751038594,-0.8857395004024459,1.6836368693992207,1.5276480958969663,0.8197826423803695,-0.5362715791477605,-0.08554857770427594,0.18179838696479705
7471784335794,-0.8936300824020356,1.7035703312993955,1.5258749972975194,0.8202890274617651,-0.543644715029565,-0.07129040219477958,0.1627698184589555
7471817619394,-0.9005550041012185,1.7238250278996643,1.523834669898541,0.8202869367125907,-0.5506779860579495,-0.05699387589068388,0.1436481647665303
7471850906994,-0.9065038562,1.7443614006,1.5215216875,0.8197765946,-0.5573709011,-0.0426603183,0.1244352087
7471884197694,-0.922562774697848,1.767850183100162,1.5171668495961863,0.8021138483656881,-0.5816738794063102,-0.05655781037998819,0.12276028006411753
7471917487594,-0.9388017104963835,1.7908003082000745,1.5109922811937184,0.7835703979202696,-0.605337300132895,-0.07039283938537642,0.12095053837892729
7471950775094,-0.9551527867956306,1.8131074975998545,1.5030268079925626,0.7641676245938118,-0.6283341242973534,-0.08414955308413898,0.11900807738077733
7471984065694,-0.9715511337956073,1.83467497039962,1.493305196092674,0.7439236104660372,-0.6506428672570052,-0.09781510958167154,0.1169347057818366
7472017376094,-0.9879371712963262,1.8554154817994886,1.4818646582939983,0.7228495966895437,-0.6722494746601952,-0.11138124048582312,0.11473152859042166
7472050644294,-1.0042127876977902,1.8751978338995767,1.4687795516964648,0.7010087524507704,-0.6930907476021734,-0.12480792079766875,0.11240519330457106
7472083934294,-1.0203421116,1.8939715624,1.4540848732,0.6783838272,-0.7131845951,-0.1381063461,0.1099539027
7472117222094,-1.0337422262989657,1.9157995390012335,1.4534237505992313,-0.6725718599246189,0.7085769492591645,0.15733516239540893,-0.14426173051133342
7472150512194,-1.0487862345983663,1.9365354889021293,1.4529241627986245,-0.6656821013522847,0.7028339188885151,0.1763132710034965,-0.1783408334259611
7472183814994,-1.0653874025981536,1.956064106702638,1.4526300750982393,-0.6577226795291193,0.6959621110637619,0.19501599939827796,-0.21214706402728783
7472217093394,-1.0834240385982736,1.974251131702715,1.4525843586981333,-0.6487157655330981,0.6879807753672418,0.21339272060053707,-0.24558879263638358
7472250380794,-1.1028015859986662,1.9910110934023217,1.4528278580983593,-0.6386674800205959,0.678895461452778,0.23143265449714132,-0.2786462431388019
7472283669794,-1.1233961549992653,2.006244102201426,1.4533998700989665,-0.6275956555122696,0.6687222151422604,0.24910273219461368,-0.3112589291418507
7472316964994,-1.1450829506,2.0198659897,1.4543377161,0.6155161262,-0.6574755311,-0.2663769424,0.3433789313
7472350248994,-1.1544348092029502,2.0418123747985004,1.45221956430147,-0.5982867735304931,0.6576363371645848,0.29373885520004056,-0.35111945204586786
7472383538494,-1.1649511223048774,2.0631737860973884,1.4495976496025227,-0.5803930070531157,0.6570699754960331,0.32078048110922447,-0.3584729942475709
7472416833794,-1.1765797971058012,2.0838807175967378,1.4464394888031102,-0.5618541393293676,0.6557767164758157,0.34747199479244983,-0.3654313028212127
7472450116794,-1.189256523905745,2.103855648696616,1.4427171354031887,-0.542700929425243,0.6537589054783758,0.3737694850857542,-0.37198301940737005
7472483405694,-1.2029256101047379,2.1230464527970834,1.4384013950027188,-0.5229442644416366,0.6510178797070079,0.3996583606939655,-0.3781245976087774
7472516702294,-1.2175216720028104,2.1413938829981958,1.4334669591016653,-0.5026045631348062,0.6475560801079911,0.4251111301850961,-0.3838493235945507
7472549983894,-1.2329636812,2.158829689,1.4278954268,0.4817183614,-0.6433799267,-0.4500824511,0.3891471028
7472583273594,-1.2387760128963696,2.191741008500095,1.4328393873020582,-0.49704340598701474,0.6448462554690827,0.43476528875388526,-0.38483802185735383
7472616564094,-1.243251227493914,2.2247909698000314,1.4382345948033397,-0.512125161541917,0.6459965072521263,0.41923463061476457,-0.38034018460717645
7472649903394,-1.2463790861926585,2.2579730103998874,1.4440614988038971,-0.5269774183021331,0.6468310715145418,0.4034752430963473,-0.37564889688552516
7472683141694,-1.2481377140926275,2.291083389399737,1.4502638798037832,-0.5415267743859272,0.6473465354071268,0.38756612109800587,-0.37078796838167316
7472716431894,-1.2485298750938338,2.324219801799656,1.4568395598030557,-0.5558335923784552,0.6475457186103424,0.37144232290630075,-0.36573783048387015
7472749721594,-1.2475461237962897,2.357275513399719,1.4637484713017743,-0.5698677290590773,0.6474274754999358,0.35513668780713403,-0.3605084857783633
7472783010494,-1.2451835871,2.3901958466,1.4709593058,0.5836222172,-0.6469919086,-0.3386573792,0.3551025689
7472816303294,-1.2532638506993894,2.4189671036998495,1.4689584938957287,-0.5979984551584973,0.6481113047916214,0.32469652881560007,-0.34193822308196725
7472849588394,-1.2600711554990238,2.4480904859997863,1.4674910045929566,-0.612026983190466,0.6488571972067425,0.31055191582776887,-0.32858000099745843
7472882879694,-1.2655895980988792,2.477512612099787,1.4665509957916436,-0.6257055785094504,0.6492294680074817,0.29622578163179586,-0.31503001950529746
7472916167694,-1.26980157679893,2.5071589364998297,1.4661323963917459,-0.6390224137129776,0.6492277475922603,0.2817304421279513,-0.3012999245056484
7472949459594,-1.272695114899151,2.5369691535998924,1.4662275192932124,0.6519726873111197,-0.6488520265721063,-0.2670711083218373,0.2873946515043962
7472982747694,-1.2742597246995162,2.566869285399956,1.466827551795985,0.664545943631765,-0.6481026065745488,-0.25225961312449513,0.2733254246134501
7473016036994,-1.2744890451,2.5967965126,1.4679225683,0.6767368913,-0.6469798684,-0.2373022884,0.2590982616
7473049330394,-1.2788342721046204,2.6179970490993343,1.471803905901051,0.6852250220354754,-0.6459548381640208,-0.22915629300363027,0.24636641330711143
7473082615294,-1.2825092870077155,2.6392620349989913,1.475981990501782,0.6935044499360519,-0.644735370368434,-0.22094330668767462,0.233563557398599
7473115904994,-1.2855141248092739,2.660574492298912,1.4804598486021745,0.7015760027045015,-0.6433213599437825,-0.21266252876226938,0.22068844357984102
7473149200694,-1.2878478311092856,2.681909684599034,1.4852388338022096,0.7094374352573021,-0.6417130877965995,-0.20431612576240699,0.20774445638701314
7473182483094,-1.2895093475077453,2.7032297032992965,1.4903167610018702,0.7170818911723567,-0.6399120347148001,-0.1959114719509541,0.1947430212815124
7473215771994,-1.2905007511046502,2.7245217042996384,1.4956968801011385,0.7245116789440764,-0.6379177313948307,-0.18744612032813582,0.18168034296433508
7473249069694,-1.2908233404,2.7457616329,1.5013797283,0.7317249179,-0.635730505,-0.1789219975,0.1685594171
7473282350094,-1.2934843745960396,2.766319728301732,1.4957193659039312,0.7274870829218275,-0.6384112239024802,-0.18496698542630108,0.1702376799640261
7473315639694,-1.2963114254934276,2.786809054702946,1.4898707160065543,0.7232011271147712,-0.6410514831177556,-0.19100170744318684,0.17190542017702012
7473348930194,-1.2993013457921485,2.807221254003606,1.4838342525078665,0.7188683784591654,-0.6436504387895741,-0.19702426484695024,0.17356211037838276
7473382219494,-1.3024513850921844,2.8275518442036756,1.4776095076078675,0.7144893904827653,-0.6462077598321646,-0.20303388927243038,0.1752075392988914
7473415507894,-1.3057589556935172,2.8477978412031204,1.4711956407065563,0.7100644106600644,-0.6487233082330325,-0.2090302483850958,0.17684161650819266
7473448798194,-1.309221701196129,2.8679577914019068,1.4645913502039338,0.705593350456964,-0.6511971312517245,-0.2150134587036112,0.17846437352242295
7473482092894,-1.3128372431,2.8880300522,1.4577953815,0.7010761499,-0.6536292434,-0.2209835798,0.1800758243
7473515398494,-1.3382573474011172,2.8887237766015774,1.4609464424985226,0.6874574368269996,-0.6435608810305254,-0.25956389321048184,0.2141453952339008
7473548666894,-1.363613281001965,2.8866995848025345,1.463793704097803,0.6718389119506643,-0.6316174105373912,-0.2973403488174182,0.2475492679450387
7473581962994,-1.3886592577024786,2.8819730201029197,1.4663581958976897,0.6542368098701927,-0.6178113944402122,-0.33427609172536776,0.2802548340555919
7473615255094,-1.4130796651025936,2.8745956967027904,1.4686558636980223,0.6347174107545362,-0.6021944911096315,-0.3702266976155728,0.31213425914970694
7473648533494,-1.4365839316022528,2.864652904402211,1.470708053198633,0.6133451535654969,-0.5848184768042248,-0.4050770826209671,0.34308545425504394
7473681825894,-1.4589181736014036,2.852247515201254,1.4725411487993498,0.5901649270707201,-0.5657198437934817,-0.43875399362384554,0.3730433624567214
7473715113794,-1.4798098803,2.8375253677,1.4741812944,0.565256834,-0.5449644923,-0.4711394608,0.4019030631
7473748403094,-1.5006524432957709,2.821575901095891,1.4678737542008362,0.54045150876266,-0.5240685288659653,-0.4970225392978786,0.43154714592766785
7473781696794,-1.5197505136926104,2.8035313700935176,1.461674234501484,-0.5142371176870605,0.5018066301856186,0.521616209402183,-0.4600726277269235
7473814981694,-1.5368945479907545,2.7835881631926886,1.4556127869018831,-0.4866924748857802,0.4782457590804159,0.5448470221806819,-0.48739424620320926
7473848271794,-1.5519099971904082,2.761946831493181,1.4497130393019795,-0.4578778534269636,0.45343749751728807,0.5666645470089676,-0.5134526252240776
7473881564894,-1.5646351292917475,2.738834478194747,1.4439999554017244,-0.4278696391300821,0.4274475537168619,0.5870100695929258,-0.5381777949048739
7473914849294,-1.57492997939491,2.7145010885971157,1.438498054801076,-0.396756702153669,0.4003529355371722,0.605823921805858,-0.5614971256121295
7473948138094,-1.5826882124,2.6891915798,1.4332255125,0.3646079302,-0.3722136617,-0.6230648756,0.5833594203
7473981468294,-1.5865643697012037,2.6779537074004507,1.4372707754001235,-0.3321584625494394,0.34713823123402665,0.6305939775982785,-0.609521976297234
7474014716994,-1.5893590509020041,2.6665558350006346,1.4416510883001534,-0.29898643591925095,0.3212860635072682,0.6365824091609739,-0.6341492039568589
7474048006394,-1.5910711638023958,2.655067904400622,1.4463828020001217,0.26505163202866605,-0.29462620672379347,-0.6410404963081908,0.6572747620009745
7474081296694,-1.5916937812023768,2.6436157591004807,1.451458450700059,0.23047525971480345,-0.2672534938157407,-0.6439492558039687,0.6788122572937151
7474114587194,-1.5912345149019573,2.632311593800284,1.4568721652999972,0.1953415896065082,-0.239234628214817,-0.6453015190154909,0.6987090994034791
7474147874594,-1.5897116817011558,2.6212670141001007,1.4626143204999673,0.1597390853843563,-0.2106401855967607,-0.6450940871751242,0.7169154451565575
7474181164794,-1.5871534348,2.6105880737,1.4686737061,0.1237475052,-0.1815342307,-0.6433274746,0.7333905697
7474214453994,-1.5801906821996783,2.6018073441009224,1.4764932997002378,0.09435393969066898,-0.15993531330762667,-0.6297367928024687,0.7542874792894957
7474247742394,-1.5725975630995852,2.5939636526015826,1.484711526800432,0.06477692429935103,-0.13802475910772757,-0.6149173383824001,0.7737116923688532
7474281032794,-1.5644405357996503,2.587118330701949,1.4932757025005592,0.035071690912528077,-0.11584346991682085,-0.5988966974069083,0.7916268141045154
7474314348494,-1.555784829399801,2.5813220383019932,1.5021360715005985,0.00527535812302467,-0.09341894751758009,-0.581693496294596,0.8080085068920688
7474347612394,-1.54672637259996,2.5766328239016922,1.5112134759005296,-0.024484966065653927,-0.0708470611197433,-0.5633824702931984,0.8227887775934919
7474380901094,-1.5373233959000516,2.573075886601032,1.5204684097003354,-0.054219691156953964,-0.04812012752382164,-0.5439585879207116,0.8359747203386244
7474414192394,-1.5276629925,2.5706834793,1.529833436,-0.0838508978,-0.0252974872,-0.5234713554,0.8475298285
7474447480294,-1.5146453725032512,2.5536151173973223,1.5290444866998651,-0.0893487896620038,-0.011999602223545583,-0.5266088943083302,0.8453140693066511
7474480769294,-1.5012415762053992,2.5368651309954537,1.5279415164997148,-0.09482704367730235,0.0013013838756804846,-0.5296297231980714,0.8429107274750781
7474514063394,-1.4874630411064547,2.5204422378944478,1.526519445099585,-0.10028509669439374,0.014604118874420553,-0.5325335006973746,0.8403199924599541
7474547348294,-1.4733292357064292,2.5043637758943516,1.5247743669995129,-0.10571939781938086,0.027899938974979333,-0.5353183573358028,0.8375435861071339
7474580637594,-1.4588482639053357,2.4886331458952147,1.5227013505995344,-0.11113096683710981,0.04119132777425548,-0.5379848386347765,0.8345810302931386
7474613931494,-1.4440340101031872,2.4732601315970824,1.520296251399685,-0.11651862595700845,0.05447541367430853,-0.540532320842993,0.8314328891944266
7474647217594,-1.4289064407,2.4582598209,1.5175563097,-0.1218791828,0.0677443072,-0.5429593325,0.8281010985
7474680504494,-1.4118337509934467,2.430059192702959,1.5139339464024804,-0.12123238265471384,0.09266429537461701,-0.567151811839655,0.8093545947763462
7474713801094,-1.3942388814889661,2.4025853687049703,1.5079236184041485,-0.1203964212392656,0.11744709847879481,-0.5904672790617674,0.789341037302054
7474747084494,-1.3762758430866495,2.37599830240599,1.4995510636049807,-0.11937319981475603,0.14203708607235424,-0.6128534932388514,0.768105527366519
7474780373194,-1.3580789592865619,2.3504186287059974,1.4888484332049694,-0.11816381109296713,0.16640966846574792,-0.6342883368272215,0.7456697940469781
7474813663494,-1.3397958071887475,2.325978938004988,1.4758666715041198,-0.11677021637884,0.19052408686844116,-0.6547357273556784,0.7220709218725101
7474846973694,-1.3215625859932312,2.3027893678029754,1.460661188502451,-0.11519364525735033,0.21435572425727872,-0.6741740466410776,0.6973316301488521
7474880241194,-1.3035591841,2.2810065746,1.4433412552,-0.1134397089,0.2378230244,-0.6925376058,0.6715381145
7474913531494,-1.3014377706045461,2.2572688086991417,1.4395816491003937,0.12240369185819713,-0.2362547418573727,0.7021814685554095,-0.6604106437564118
7474946843694,-1.2991008881076171,2.23366962149852,1.4350539587006275,0.13133686577437026,-0.23461458306054475,0.7116211136521763,-0.6490778194549003
7474980108894,-1.2965495604091808,2.210284428098167,1.4297754521007173,0.14021811540044105,-0.23290649518088744,0.7208343846006426,-0.6375666510989395
7475013399394,-1.2937746635092198,2.1870887989981087,1.4237433466006815,0.14906411990658505,-0.23112734666878426,0.7298387527472731,-0.6258557603526771
7475046714594,-1.2907722162077107,2.1641099848983756,1.416964922900537,0.1578719717306066,-0.22927754588534985,0.7386308681827256,-0.6139484408827136
7475079978194,-1.2875461129046433,2.141426363198996,1.4094663341003033,0.1666189178420876,-0.22736196678405332,0.747188229559587,-0.6018757528633537
7475113267794,-1.2840861082,2.1190104485,1.4012415409,-0.1753228009,0.2253767997,-0.7555285096,0.589613378
7475146558894,-1.2860868690977394,2.0973208526986067,1.4044641151933084,0.1823271577226403,-0.21309201517289164,0.750875976383072,-0.5979413589283717
7475179846694,-1.2884290635962543,2.0756926133976057,1.4078499491888299,0.18927777932048462,-0.2007464580946232,0.7460054673421382,-0.6060945673025024
7475213134294,-1.291116978995531,2.054129206997041,1.4113882076865745,0.196173294904352,-0.18834257439949242,0.7409179611400791,-0.6140714029288207
7475246429794,-1.2941551118955565,2.032630835696957,1.4150684978865542,0.20301335637794515,-0.1758809356951353,0.7356136251975407,-0.6218714240217967
7475279714094,-1.2975449815963178,2.0112151646973966,1.4188772215887786,0.2097920588630715,-0.16337232310139782,0.7300970772950687,-0.6294879139488262
7475313043694,-1.301295794897805,1.9898512240983997,1.4228093994932638,0.21651884163376098,-0.15079907259736455,0.7243602327411631,-0.6369313025315345
7475346297794,-1.3053959608,1.9686214924,1.4268388748,-0.2231674641,0.1382104754,-0.7184258699,0.6441727281
7475379582194,-1.2942104892010435,1.9531596415987267,1.4341632148000651,0.2238656235553362,-0.13624075321560153,0.6978216856847173,-0.6666089818938579
7475412872094,-1.2832678177015324,1.9380805573980189,1.4425802677001154,-0.2243551496596299,0.13414366500598027,-0.6765633990349912,0.6884273462364694
7475446167894,-1.2725857491015868,1.9234480612977918,1.4520617874001442,-0.22463547487598906,0.1319210704025343,-0.6546702198240117,0.7096073829144317
7475479466794,-1.2621821237013313,1.9093257182979613,1.462574522200147,-0.22470622910889598,0.12957517950750191,-0.6321641601608983,0.7301272889457874
7475512739094,-1.2520816975008946,1.8957857475984412,1.4740713259001226,-0.22456750521975036,0.12711040049855912,-0.6090869090361357,0.7499503443063943
7475546030594,-1.2422851473004064,1.8828673797991486,1.4865272949000718,-0.2242193113525855,0.12452568010088223,-0.5854284241714345,0.7690855710414389
7475579317794,-1.2328131199,1.8706358671,1.4998903275,-0.2236620784,0.1218251735,-0.5612270832,0.7875011563
7475612607394,-1.224390326698355,1.859565391601355,1.5025833924004115,-0.2240206166468447,0.12496126468922732,-0.5579112350516332,0.7892619967080626
7475645897594,-1.2159148910972728,1.848552638302264,1.5053483454006928,-0.22437377232999864,0.12809440628859167,-0.554581906252839,0.791003882812813
7475679186794,-1.2073872730967452,1.837598959902723,1.5081844178008394,-0.22472151930878584,0.13122437208554996,-0.551239334943453,0.7927266859021488
7475712475594,-1.1988073789967633,1.826704973702729,1.5110910150008479,-0.22506385580616914,0.1343511431936395,-0.5478835420796155,0.7944303968570918
7475745765894,-1.1901747783973176,1.8158708741022793,1.5140676584007131,-0.22540079267166313,0.13747482278279288,-0.5445144162383272,0.79611507099945
7475779055494,-1.1814901067983996,1.8050981861013706,1.5171134991004318,-0.22573229956959787,0.14059512919183817,-0.5411322605755703,0.7977805557563589
7475812344794,-1.172753334,1.794387579,1.5202279091,-0.2260583788,0.1437120289,-0.5377371311,0.7994268537
7475845634094,-1.1509917318027467,1.7866491098949762,1.5104482030980138,-0.22842606126104,0.1495326607770116,-0.5539071669618941,0.7865420321165064
7475878924794,-1.1293256519045838,1.7795360593915357,1.5000015629966008,-0.23068717358373428,0.15528370907173303,-0.5698192205798236,0.7732893724206198
7475912212894,-1.1077764659055027,1.7730727415897385,1.4889152362958131,-0.23284038800511775,0.16096179716612014,-0.5854639495934411,0.7596766531183697
7475945500694,-1.0863612269055003,1.7672809041896393,1.4772156909957044,-0.23488486173197898,0.1665646754649242,-0.6008351643199451,0.7457093374318431
7475978796094,-1.0650932110045768,1.7621804269912884,1.4649282557963292,-0.23682008933447657,0.1720910317467561,-0.6159292425824359,0.7313905182676177
7476012080794,-1.0440021094027403,1.7577937480947285,1.4520891538977423,-0.23864411906163474,0.17753525954684587,-0.6307308809074411,0.716734798879372
7476045371494,-1.0230950117,1.75413692,1.4387224913,-0.2403570414,0.1828975677,-0.6452406645,0.701741755
7476078664394,-0.9899999489983803,1.7485754944024388,1.4313456775059896,-0.26942414076642385,0.19632497065274565,-0.6504232019065668,0.6825077264706111
7476111948894,-0.9565622801974356,1.7454595356040625,1.4241174210102416,-0.29810093815156163,0.20946992236362233,-0.6546798926035713,0.6623084028749093
7476145239794,-0.9229294228970966,1.7447981353048612,1.4171258773125808,0.3263594396489958,-0.2223195990828979,0.6580066493272293,-0.6411635996036937
7476178555694,-0.8892458831972825,1.7465911317048353,1.4104576367128498,0.3541746026259064,-0.23486246458805196,0.6603992775105485,-0.6190902743913468
7476211816994,-0.8557555035978988,1.7508137854039987,1.404216280910916,0.3814411093218044,-0.24705117000558083,0.661849912030641,-0.5961737108119225
7476245105594,-0.8225382592988426,1.7574424729023754,1.398471685706664,0.40818793910745105,-0.2588988032160803,0.6623612164331188,-0.5723911556145259
7476278419594,-0.7897579074,1.7664377689,1.3933084011,-0.4343742132,0.2703869939,-0.6619302034,0.547775805
7476311684594,-0.7944456715008339,1.7539350513000755,1.4010379542993359,0.4070957352696979,-0.2514586141165958,0.668634099389719,-0.5691836863834772
7476344973794,-0.8000063890013397,1.7419715151001645,1.4090590282989397,0.37914306346309173,-0.2321122806169204,0.6742681170646022,-0.5896922357677691
7476378264194,-0.8063893527015437,1.7306269179002411,1.4173632726987864,0.3505796989657223,-0.21239199922238688,0.6788180726530919,-0.6092532622637019
7476411553194,-0.8135409028014761,1.7199690370002818,1.425945081798847,0.32145380649826416,-0.1923310224451865,0.6822763045030863,-0.6278337936162547
7476444841794,-0.8214030972011711,1.7100599782002663,1.4347979495990917,0.29181138948726687,-0.17196103244123567,0.684637444361733,-0.6454045909854453
7476478132294,-0.8299138579006657,1.700956780300177,1.4439140208994876,0.26169803289507143,-0.15131335754786748,0.6858977843602304,-0.6619385445916927
7476511422694,-0.8390058875,1.6927125454,1.4532825947,-0.2311639488,0.1304224283,-0.6860551834,0.6774080396
7476544709594,-0.8539435828000218,1.6855712278000587,1.4508279110018139,0.21322340152260902,-0.1095059711541418,0.6880801048962302,-0.6849014473416665
7476578000194,-0.869254033700043,1.679285286500091,1.4483183434030655,-0.19510608801939308,0.08849743174229202,-0.6895412487604172,0.691834290311424
7476611291094,-0.8848860891000603,1.6738751212001008,1.445750288603726,-0.17682866203463682,0.06741615243861712,-0.6904371156897473,0.6982000257458001
7476644579194,-0.9007875540000693,1.6693578679000924,1.4431203345037693,-0.15840782534538386,0.04628138413198908,-0.6907669516069361,0.7039929068675581
7476677867294,-0.9169081450000656,1.6657468378000702,1.440424814003174,-0.1398571462350687,0.02510868042041868,-0.6905305852253227,0.7092087447873872
7476711162394,-0.9331989971000444,1.663052394500038,1.4376598994019223,-0.12118789405048969,0.003910938214297215,-0.6897279820659452,0.713844177431693
7476744447594,-0.949598968,1.6612836123,1.4348239899,-0.1024248675,-0.0172837097,-0.6883603334,0.7178931832
7476777737294,-0.9425015150003189,1.6629645836998859,1.4305539779993515,-0.09868415466335138,-0.030351531800311197,-0.6867074056851766,0.7195645635472113
7476811030594,-0.935306782700523,1.6644680147998159,1.4263798339989222,-0.09492426375746636,-0.043414991802534,-0.6849236589225132,0.7210992331746622
7476844314994,-0.9280230909006173,1.6657913385997865,1.4223047373987108,-0.09114731836671017,-0.05646670021124882,-0.6830100812692975,0.7224963024170561
7476877605894,-0.9206527449006068,1.6669332787997935,1.4183283534987152,-0.08735229176776481,-0.06951021261559341,-0.6809661655569428,0.723756166696857
7476910899894,-0.9132021925004967,1.667891869499834,1.4144526170989336,-0.08354028636761344,-0.08254170991810725,-0.6787924534347316,0.7248783979658038
7476944183594,-0.9056802479002927,1.6686651544999038,1.4106804637993626,-0.0797135667735804,-0.09555347272679184,-0.6764902751635116,0.7258623758890391
7476977471894,-0.8980894089,1.669252038,1.4070115089,-0.0758711547,-0.1085488573,-0.674059093,0.7267084122
7477010762494,-0.8855378485005843,1.665651613901589,1.4156311559010972,-0.0937405977635714,-0.07307983343500309,-0.678116416066089,0.7252793699931934
7477044051994,-0.8725185970010575,1.6630216405026923,1.4238997226018875,-0.11145986245557356,-0.037495363938914464,-0.6810914927954199,0.7226930020321075
7477077340094,-0.8591156468013705,1.6613934555032763,1.4318039130023308,-0.12900052963834696,-0.0018525601392907162,-0.6829796495692181,0.7189535657107935
7477110630294,-0.8454138569014731,1.6607919529033142,1.4393336077023926,-0.1463364457277611,0.033795447259644534,-0.6837780373813481,0.7140665991286796
7477143918994,-0.8315028784013135,1.6612357071027872,1.446479436202041,-0.16343806821102824,0.06938792105708397,-0.6834852665663176,0.7080403976169671
7477177208194,-0.8174714024008397,1.6627365104016838,1.4532357462012508,-0.18027914490076663,0.10487020505716396,-0.682101835879695,0.7008842668334527
7477210498494,-0.8034094572,1.6652995348,1.4595990181,-0.196833089,0.1401863098,-0.6796298623,0.6926094294
7477243788594,-0.7900414429983084,1.6750798354980805,1.4531263274999797,-0.21826090848887764,0.16958607866447045,-0.6785727765805185,0.6805451672245008
7477277076294,-0.7775387601970842,1.6858873171968833,1.4465620687998482,0.23936634358334732,-0.1987344395664968,0.6765182761602335,-0.6674813840931562
7477310366894,-0.7659749583963915,1.697657047296366,1.4399276699996761,0.26012171389158933,-0.22759317097917098,0.6734690189788864,-0.6534351712001463
7477343686894,-0.7554123119962889,1.710327344796478,1.4332406713995356,0.28051246589934475,-0.25614232379118373,0.6694256203932802,-0.6384146029023721
7477376948794,-0.7459412608968276,1.723786292397163,1.426541834699497,0.3004556199883107,-0.284265458485036,0.66440591316377,-0.6224824110629547
7477410234694,-0.7375944862980521,1.7379835898983595,1.4198379439996291,0.3199717092972059,-0.3119912152967758,0.6584064001790471,-0.6056241400657127
7477443528994,-0.7304286361,1.7528270483,1.4131554365,-0.339022249,0.3392652273,-0.6514372826,0.5878711343
7477476813894,-0.7284549245999831,1.7536004696004046,1.410301426600114,0.3321873569044428,-0.32120936631606695,0.6585176923923389,-0.5939954138795518
7477510101894,-0.7264176981999717,1.7543152631006718,1.4074764978001828,0.3251988754053244,-0.3030039256256096,0.6652955527973127,-0.5998467636977804
7477543397994,-0.724319399199966,1.7549687602008022,1.4046804865002107,0.3180588996178272,-0.2846544852446055,0.6717686119265215,-0.6054232341381858
7477576681894,-0.7221642086999659,1.7555579421007987,1.4019152832002015,0.3107750972065432,-0.2661807049413908,0.6779300002051027,-0.6107189092332718
7477610001994,-0.7199519323999716,1.7560810780006624,1.39917703600016,0.3033400779865614,-0.2475641015311149,0.683785500261957,-0.615738745209122
7477643265394,-0.7176918847999829,1.7565343811003957,1.3964734330000912,0.29577812188840585,-0.2288652520385711,0.6893163826660509,-0.6204666982277771
7477676550094,-0.7153820395,1.7569167614,1.3937981129,-0.2880752087,0.2100491077,-0.6945335865,0.6249121428
7477709839594,-0.7282195749993052,1.7480133744994257,1.3992788132010587,0.2672436969855524,-0.2044188933336613,0.7008047991601497,-0.6290201554352911
7477743128994,-0.7412585709988585,1.7396319726990488,1.4050965216017481,0.24627279208910086,-0.1986820238286092,0.7067102907722049,-0.6327999132432559
7477776418094,-0.75447044429865,1.7317810171988672,1.4112538753020771,0.22517355997791844,-0.19284152471139904,0.7122469361398699,-0.6362494135111024
7477809708194,-0.7678268526986699,1.724467531898877,1.4177530951020554,0.20395618378705507,-0.1869002128116209,0.7174120502714187,-0.6393669804356112
7477842997394,-0.7812978706989085,1.7176981278990735,1.424595068101694,0.18263294598450122,-0.18086152710163822,0.7222026413642137,-0.6421508077251314
7477876285394,-0.7948539647993552,1.7114778705994502,1.4317802407010047,0.16121517559434675,-0.17472868230478616,0.7266162019103674,-0.6445994491616244
7477909574794,-0.8084666133,1.7058101892,1.439309001,-0.1397123784,0.168504402,-0.7306507826,0.6467118263
7477942864994,-0.8202130725999046,1.7026667302988463,1.43504525480034,0.1322695928833415,-0.1565823262819283,0.724573790974109,-0.6580118170124478
7477976155094,-0.8320016847998524,1.6997537080980718,1.4307345590005456,0.1247789309905649,-0.14460358308742774,0.7182344266307225,-0.6690734866526747
7478009442394,-0.8438244996998359,1.6970712437976792,1.426371454800629,0.11724371618248924,-0.13257348597570182,0.7116355208019886,-0.6798919527137035
7478042733194,-0.8556767156998492,1.694618418497672,1.4219493761006037,0.10966524997435073,-0.12049411336483044,0.7047782062709025,-0.6904653369706955
7478076026794,-0.8675510088998853,1.692394597398054,1.417462743900482,-0.10204642468350471,0.10837008077330064,-0.6976650378554994,0.7007895174419969
7478109312594,-0.8794364830999376,1.6903993532988286,1.4129074406002766,-0.09439243337414531,0.09620964776246721,-0.6903009131178984,0.710857525491378
7478142601294,-0.8913298249,1.6886305809,1.4082765579,-0.0867035985,0.0840133205,-0.6826862097,0.7206690311
7478175896094,-0.8929304003997636,1.6838503775983182,1.4169188478992611,-0.09259386427272123,0.0794577204579548,-0.6746829337973484,0.7279531480811614
7478209180494,-0.8946687511995977,1.6792385694971932,1.4256221921988028,-0.09846632277759675,0.07488984125990544,-0.6665658115919717,0.7351094570004255
7478242468694,-0.8965470198995077,1.6747940126966279,1.434384594998604,-0.10432246798371647,0.07030852356249229,-0.6583327925923452,0.7421397903264675
7478275763694,-0.8985667888994983,1.670517144296625,1.4432011415986448,-0.1101618092856871,0.06571413866227115,-0.6499845004654555,0.7490435080216983
7478309047894,-0.9007282136995741,1.6664108356971854,1.4520613959989048,-0.11598025599149957,0.06110990986439784,-0.6415268084605454,0.7558157931420448
7478342337394,-0.90303345489974,1.6624735829983104,1.4609638339993636,-0.12177962369101242,0.05649440706342107,-0.6329571122209485,0.7624587853209809
7478375632594,-0.9054836631,1.6587058306,1.4699027538,-0.1275589764,0.0518683679,-0.6242767572,0.7689713836
7478408916494,-0.8947834881998924,1.663555356799701,1.4697454317000882,-0.14386817819666745,0.056732482570512714,-0.6209646299261921,0.7684310646404047
7478442206194,-0.8842389556998188,1.668741522799515,1.469713430100113,-0.16013692379796504,0.06158037087564563,-0.6174650456422205,0.7676593912467907
7478475495494,-0.8738643105997806,1.674258756299434,1.4698032240000942,-0.1763572708981254,0.06640966447998846,-0.6137796394521885,0.7666566530455222
7478508784594,-0.8636715249997784,1.68010199479945,1.470011102400053,-0.19252443579382228,0.07121893938234242,-0.6099095036471819,0.765423152025318
7478542072994,-0.8536725638998135,1.686265658199555,1.47033320740001,-0.20863331168926666,0.07600667648431868,-0.6058558686431817,0.7639592874060719
7478575363794,-0.8438780985998869,1.6927444796997408,1.4707655895999852,-0.2246805448941267,0.08077187878938676,-0.601619563265895,0.7622653458203807
7478608651794,-0.8343009949,1.6995311975,1.471304059,-0.2406588048,0.0855123699,-0.5972025394,0.7603421211
7478641940994,-0.8346009122001347,1.7038929418002986,1.4737778186993429,-0.2432510910856337,0.09187298578971786,-0.5848842689683605,0.7683089567882686
7478675231094,-0.8349457095002193,1.7083259099004813,1.476115664498896,-0.2457796236103553,0.09820966799999621,-0.5724122048406511,0.7760744200646914
7478708520494,-0.8353359475002569,1.7128252153005572,1.4783153276986645,-0.24824361199285916,0.10452044749355328,-0.5597902057134843,0.7836360831072936
7478741809194,-0.8357721522002506,1.7173861102005366,1.4803748069986542,-0.2506424137968307,0.11080366989582977,-0.5470215927351934,0.7909919748171701
7478775099494,-0.8362548365002034,1.7220041037004299,1.4822923756988704,-0.2529755626820224,0.11705811948953597,-0.5341088284161958,0.7981406647672868
7478808392494,-0.8367844575001189,1.7266744900002475,1.4840663551993176,-0.25524251057354574,0.12328235598563773,-0.5210548470117526,0.8050804729369003
7478841677494,-0.8373612165,1.7313908339,1.4856946468,-0.2574419677,0.1294727623,-0.5078673363,0.8118074536
7478874968094,-0.8262854278001048,1.7309669443996434,1.4840400203993125,-0.26717494268265973,0.13773192278932142,-0.5231467072153198,0.7974741313528876
7478908262594,-0.8152280907001618,1.7309143553994348,1.4822090304989213,-0.27674824829437233,0.1459091512953345,-0.5381129922116136,0.7826591430803934
7478941566694,-0.8042002208001777,1.7312389230993557,1.4802157476987874,-0.28615764230094193,0.15400086339954996,-0.5527595134986475,0.7673685281933955
7478974834394,-0.7932298060001606,1.7319444675993878,1.4780779752988702,-0.2953846737172803,0.1619911250099787,-0.5670576287053187,0.7516331656320379
7479008129894,-0.7823083536001186,1.7330360108995153,1.4758068636991284,-0.30444165930790934,0.16989058040711066,-0.5810264492635794,0.7354323436067653
7479041414694,-0.7714610893000617,1.7345154677997239,1.4734204690995194,-0.31331254170865563,0.1776852687105469,-0.5946411578423255,0.718794191609296
7479074703894,-0.7606954575,1.7363853455,1.4709335566,-0.321996063,0.1853740662,-0.6078998446,0.7017213106
7479107998594,-0.7558899278002847,1.7371480748001373,1.464565492199793,-0.31183651072694607,0.1761328064173675,-0.6164348512647307,0.7012441081587887
7479141318594,-0.751091963200472,1.7378692323002272,1.4581792390996573,-0.30158754552599965,0.1668383825092616,-0.6248148518727072,0.7005828340635984
7479174573094,-0.7463158713005628,1.7385474644002707,1.4517916682995917,-0.29127991591593144,0.1575186301961652,-0.6330151058611734,0.6997397855465266
7479207860394,-0.7415487564005594,1.7391854161002684,1.4453833766995945,-0.2808859664164221,0.14814850358880047,-0.641057947872132,0.6987129612542499
7479241150694,-0.7367961348004634,1.739783072200222,1.4389595510996647,-0.27041759750022887,0.13873877547276892,-0.6489338071437375,0.6975032538192603
7479274443094,-0.7320593502002765,1.7403410721001322,1.4325198500998004,-0.25987781430980494,0.12929215316996312,-0.656640371676989,0.6961109703503738
7479307728994,-0.7273408175,1.7408599854,1.4260654449,-0.2492721081,0.119813554,-0.6641736627,0.6945368648
7479341018994,-0.7467417034016303,1.733622172000891,1.4349700595974895,-0.2295139924979736,0.10172171166769259,-0.6528469916783516,0.7146795268367223
7479374307594,-0.7666072838026818,1.727881500901505,1.4439385143957209,-0.2094694364866134,0.08350330997435587,-0.640703661967125,0.7339268151138937
7479407597894,-0.7868508791031693,1.7236635222018266,1.4529099768947586,-0.18916166257232095,0.06517945638102932,-0.6277577380423613,0.7522564231740976
7479440887794,-0.8073808113031138,1.7209870327018437,1.4618221998946608,-0.16861735548081186,0.0467742365956492,-0.6140261937935402,0.7696441980272247
7479474175494,-0.8281040897025435,1.719862722001548,1.4706133300954758,-0.14786336627422908,0.02831169070562302,-0.5995270495925498,0.7860675479183037
7479507466294,-0.8489311896014919,1.7202934315009342,1.479223979897245,-0.1269223614664372,0.00981198771617916,-0.5842761156829421,0.8015084900980736
7479540758894,-0.8697679639,1.7222746611,1.4875938892,-0.1058213338,-0.0087009985,-0.5682929158,0.815946877
7479574043694,-0.8701225991999485,1.7210454838000808,1.488240483600166,-0.11241143486557514,0.012472388820002227,-0.5685511483833647,0.8148359960756169
7479607333994,-0.8704163137999134,1.7198066351001349,1.4888995677002717,-0.11894718768235009,0.03364312331514372,-0.5685290360438338,0.8133230858466586
7479640660994,-0.8706486584998951,1.7185591234001618,1.4895701424003203,-0.12543138208244056,0.054820572706169975,-0.5682260339211458,0.8114067090992664
7479673912694,-0.8708184743998946,1.7173093489001618,1.4902482793003142,-0.1318391382867046,0.07592317519751562,-0.5676437969175508,0.8090949467799023
7479707201894,-0.8709260799999117,1.716055286900135,1.4909345883002567,-0.13818913689170603,0.09701215038843695,-0.5667811147161814,0.8063817787643888
7479740496394,-0.8709710107999467,1.7148003578000808,1.4916267293001508,-0.14447197890454203,0.11805662748496519,-0.5656387073445448,0.8032703982918045
7479773780994,-0.8709531426,1.713547349,1.4923226833,-0.1506817043,0.1390366256,-0.5642176867,0.7997637987
7479807079194,-0.8567860630004132,1.714154153501978,1.4863088483997957,-0.163203434906589,0.14971086767270403,-0.567349260943602,0.79313688039463
7479840364794,-0.8426881954007316,1.715306933303293,1.4802275406997125,-0.17566749739733903,0.16033251646483246,-0.570295644125783,0.7862552338861525
7479873649094,-0.8286731935009298,1.7170041538039464,1.4740841108997187,-0.18807412320341999,0.17090177197120474,-0.5730570272565176,0.7791189588440843
7479906938794,-0.8147566274009813,1.7192439671039395,1.4678847642997823,-0.20042177599346642,0.18141732476326078,-0.5756330365373744,0.7717288858337028
7479940226994,-0.8009596450008605,1.722023010603276,1.4616383010998717,-0.2127038819861331,0.1918735758579905,-0.5780222701271809,0.7640888984355928
7479973517794,-0.7872986473005418,1.7253379595019602,1.455351537099955,-0.2249179673838541,0.2022684191575547,-0.5802242381308675,0.7562005210556747
7480006806994,-0.7737932801,1.7291840315,1.4490329027,-0.2370585352,0.2125971764,-0.5822379589,0.7480673194
7480040111994,-0.7761080039005915,1.7289106674005863,1.4549958390998012,-0.24986374105640427,0.20397571904261716,-0.5901888003765785,0.7400264838885163
7480073385794,-0.7785391650009896,1.7284324627009782,1.4608927287996722,-0.2625655949720132,0.19528775846209162,-0.5979164049174536,0.7317226062261792
7480106673494,-0.7810866756011922,1.7277498075011746,1.4667228994996115,-0.27517672975584195,0.1865247487579532,-0.6054285689868965,0.7231476566761049
7480139963894,-0.7837463045011961,1.7268639566011748,1.4724757249996163,-0.2876882172748622,0.17769279067750682,-0.6127198535344905,0.7143074568189276
7480173252694,-0.7865140897009993,1.7257764891009788,1.4781419585996842,-0.30009385946936606,0.16879625228103187,-0.6197866386297503,0.7052063692995789
7480206541794,-0.7893864001006011,1.724489125000587,1.4837135551998133,-0.3123898324682568,0.15983788418725658,-0.6266267555352588,0.6958472192919584
7480239832394,-0.7923594117,1.7230038643,1.4891824722,-0.3245720863,0.1508206427,-0.633237958,0.6862331033
7480273172794,-0.7919715858002334,1.7309309454998587,1.4860442808999013,-0.33117518347432734,0.16909064889082778,-0.624645566947321,0.6866944487918075
7480306410094,-0.7918914208003958,1.7387700846997627,1.4827383726998546,-0.3376090672783919,0.18722819318683107,-0.615799089646994,0.6868458360923085
7480339700194,-0.7921173320004836,1.7465437482997117,1.479254580199848,-0.34390134137613265,0.2053103461790768,-0.6066616252355084,0.6866885768804779
7480373023894,-0.7926493157004919,1.7542328119997088,1.4755994981998708,-0.3500449495837602,0.2233182018771466,-0.5972414830416259,0.6862216295887941
7480406278994,-0.7934836460004168,1.7617997027997552,1.4717901469999113,-0.35601853498428354,0.2411885901707634,-0.5875722149356332,0.6854471233835024
7480439568594,-0.794620282600254,1.7692540909998515,1.467820806299958,-0.3618381694932741,0.25896902147023654,-0.5776286105435386,0.6843634803947723
7480472862794,-0.7960560322,1.7765753269,1.4637008905,-0.3674957454,0.2766353488,-0.5674236417,0.6829716563
7480506148294,-0.7855417107971496,1.787549146897688,1.4698644601004127,-0.38212962640927706,0.29441293307824173,-0.5547645285347138,0.6778895863901656
7480539435894,-0.7755942143951386,1.7991447363962725,1.4758300967007039,-0.3964907157077953,0.31198075407925674,-0.5417072477076765,0.6723216337606821
7480572730794,-0.7662432691940387,1.8113311179956824,1.4815893587008626,-0.4105708285327246,0.32932886150085017,-0.5282589170166223,0.6662706749759677
7480606015494,-0.7575230258939173,1.8240670844958424,1.4871305549008795,-0.4243525170446117,0.3464357412119925,-0.5144362875075992,0.6597442872690894
7480639304594,-0.7494570118948345,1.8373217654966725,1.4924481005007462,-0.4378320287739728,0.3632967017374567,-0.5002432988183508,0.6527444086881838
7480672593094,-0.7420721892968455,1.8510554655980878,1.4975337292004551,-0.45099763076373267,0.37989708942983474,-0.48569218708394785,0.6452770241484285
7480705883794,-0.7353916764,1.8652302027,1.5023810863,-0.4638409615,0.3962263763,-0.4707921147,0.6373468041
7480739173194,-0.7370211196981467,1.8592746377990392,1.5008312198999756,-0.4539375179552212,0.3885911005242494,-0.4804105341606961,0.6419839601216222
7480772462894,-0.7388461554964605,1.8533850165980883,1.499247470799948,-0.44391122875813654,0.380850670927967,-0.4898991254710507,0.646447549534267
7480805751794,-0.7408646831949397,1.847567943997155,1.4976313274999167,-0.43376515228376905,0.3730074498511927,-0.4992550260081614,0.6507362399815603
7480839039994,-0.743074450293583,1.8418297305962479,1.4959842573998836,-0.4235020092339542,0.3650635414094515,-0.5084757431576019,0.6548488967148971
7480872331494,-0.7454732924923876,1.8361759451953743,1.4943075631998486,-0.41312332825557163,0.35702012732919086,-0.517559875591804,0.6587848810577577
7480905619194,-0.7480580373913515,1.8306139476945422,1.4926031384998124,-0.40263413124248815,0.3488810999189239,-0.5265030329833745,0.6625422935460621
7480938908194,-0.7508262023904715,1.8251489333937585,1.4908722913997756,-0.39203566003634915,0.34064742391459446,-0.5353041830833896,0.6661207138452008
7480972198394,-0.7537747435897447,1.8197868824930312,1.4891166184997386,-0.3813307999395612,0.33232133971834965,-0.5439609037964727,0.6695191433605018
7481005489794,-0.7569004289891678,1.8145336481923675,1.4873377384997024,-0.3705224343345713,0.3239050889149201,-0.5524708382982456,0.6727366437617582
7481038776094,-0.7601991937887369,1.809395928091774,1.4855376380996677,-0.35961554873295704,0.31540255521439264,-0.5608301015051668,0.675771768069243
7481072066694,-0.7636683328884478,1.8043778665912582,1.483717479299635,-0.34861001604712294,0.30681364012771595,-0.5690387988382202,0.6786245592077853
7481105362594,-0.7673042086882963,1.7994848359908266,1.4818788903996045,-0.3375084405142368,0.29814037169954216,-0.5770948910936864,0.6812942521539962
7481138661894,-0.7711026822882777,1.7947225018904855,1.4800236808995775,-0.32631442191867693,0.28938555880422306,-0.5849956787114373,0.6837799004741161
7481171937794,-0.775056382888387,1.7900997677902422,1.4781550862995545,-0.3150400762159382,0.2805586857025201,-0.5927328088171805,0.6860789980799779
7481205229694,-0.7791655997886191,1.7856161581901018,1.4762726429995359,-0.3036751332121801,0.27165171459986576,-0.6003134026212265,0.6881937067838118
7481238522794,-0.7834241184889684,1.781278667490071,1.4743789361995223,-0.29222765211864243,0.2626709547063512,-0.6077319160466759,0.6901223711119036
7481271802394,-0.7878253106894291,1.7770938604901545,1.472476577899515,-0.28070582680449313,0.25362283919426315,-0.6149831586294104,0.6918637212914407
7481305097894,-0.7923682558899956,1.7730626266903582,1.4705656670995142,-0.2691025864956905,0.24450181458688827,-0.6220715570223038,0.693418804582696
7481338381894,-0.7970442696906611,1.7691927145906874,1.4686495632995202,-0.2574306012866411,0.23531783847918952,-0.628989329213501,0.694785883672251
7481371671294,-0.8018505695914199,1.7654863432911467,1.4667290899995342,-0.24568712069999343,0.22606874949199687,-0.6357381632613611,0.6959653346240334
7481404959494,-0.8067809673922648,1.761948328891741,1.4648064265995564,-0.2338776350865563,0.21675886978015949,-0.6423148642412675,0.6969565692011732
7481438250294,-0.8118306387931892,1.7585821471924747,1.4628831553995878,-0.2220039853675803,0.20738965026297515,-0.6487183937021043,0.6977594206582051
7481471540594,-0.8169936011941861,1.755391810893351,1.4609612579996287,-0.21007048196653497,0.19796449126240523,-0.6549464074133129,0.6983735792696912
7481504827494,-0.8222637393952481,1.7523810591943743,1.45904270239968,-0.19808140137185393,0.18848677196789665,-0.6609967097470988,0.6987988587048454
7481538118194,-0.8276364328963681,1.749552542895548,1.4571288711997423,-0.18603739136811173,0.17895700426482114,-0.6668689702531702,0.6990352324103453
7481571407194,-0.8331049309975386,1.7469098477968754,1.455221873299816,-0.17394369295754208,0.16937933435507477,-0.6725606140334994,0.6990825796889854
7481604730794,-0.8386693515987529,1.74445327329836,1.4533214274999016,-0.16179032045233155,0.15974584125041957,-0.6780760382327023,0.6989406589874211
7481637985294,-0.8443061709,1.7421928644,1.4514352083,-0.1496184468,0.1500891745,-0.6833968759,0.6986102462
7481671274794,-0.8351604669998649,1.7417466017993137,1.4458333261002918,-0.15368585265369364,0.1531949655565663,-0.6855838561412076,0.6949005233994154
7481704565394,-0.8260136388997628,1.7414424755988565,1.4402230864004912,-0.15774651794797645,0.15629400625536458,-0.6877402398972254,0.6911595923591335
7481737857994,-0.8168669194997008,1.741280562198628,1.4346055332005951,0.1618003693581581,-0.15938624037007024,0.6898659825232344,-0.687387512989224
7481771142994,-0.8077244260996864,1.7412609115986282,1.4289834861006008,0.16584605836914137,-0.16247063958562272,0.6919603837517335,-0.6835855495212078
7481804433794,-0.7985839574997268,1.741383517898857,1.4233558813005056,0.16988503337375405,-0.16554830819502558,0.6940241956532734,-0.6797523438261837
7481837728494,-0.789447516599829,1.7416484245993147,1.417724238000306,0.17391687986334275,-0.16861892978998644,0.6960571944948791,-0.6758882728728154
7481871011194,-0.7803209424,1.7420554161,1.4120924473,-0.1779395044,0.1716809124,-0.6980583668,0.6719954014
7481904301594,-0.7765037555000117,1.7409566744001121,1.4094265870999534,0.18154921317634148,-0.16956101520977684,0.7040680822277099,-0.6652646698151615
7481937636894,-0.7726698397000188,1.7399170498001872,1.4067494613999258,0.1851458003718809,-0.1674214572077686,0.7100161360074693,-0.6584589394032904
7481970882094,-0.7688348551000215,1.7389407920002247,1.4040731444999153,0.18871437286549667,-0.16527113920436595,0.7158779579803697,-0.651606541785708
7482004170094,-0.7649836104000204,1.7380240077002247,1.4013881712999192,0.19226888207430418,-0.163101713314241,0.721676550610853,-0.6446809012203462
7482037463894,-0.7611204810000162,1.737167963600187,1.398698737599936,0.1958049846769577,-0.16091576971862323,0.7274047400178432,-0.6376902596332278
7482070748194,-0.7572473678000092,1.7363731334001125,1.3960073042999637,0.19932070896836607,-0.15871453191395457,0.733059339283342,-0.6306385315100502
7482104037994,-0.7533626556,1.7356392145,1.3933138847,-0.202817291,0.1564972252,-0.7386423349,0.6235232353
7482137325894,-0.7607701503002128,1.7313055345003763,1.3933545722004468,0.20627383756694867,-0.15365472161583618,0.7403972487748463,-0.621009858590991
7482170616394,-0.7681756773003521,1.7269672366006148,1.3933070004007455,0.20972457977407377,-0.1508074711216294,0.742130496299897,-0.6184779977930951
7482203906994,-0.7755780463004194,1.7226253659007227,1.393171150800895,0.21316916037792633,-0.14795577392490103,0.7438419088134427,-0.6159279281854555
7482237193894,-0.7829757799004162,1.7182811389007078,1.3929470523008958,0.2166070857806658,-0.14510004012733788,0.7455312442233885,-0.6133600187747638
7482270484594,-0.7903699119003441,1.7139342974005773,1.3926346633007467,0.22003902949063484,-0.14223971053440665,0.7471988332582087,-0.6107737664843501
7482303772894,-0.7977584327002049,1.7095863715003388,1.3922340562004483,0.2234642508892274,-0.13937540143400257,0.7488443149545702,-0.6081697279623901
7482337063194,-0.8051416874,1.7052375078,1.3917452097,-0.2268831134,0.1365068257,-0.7504678965,0.6055476665
7482370353194,-0.8025563606993791,1.7013360883003505,1.3923545070990617,0.23586821519915913,-0.15000898362422826,0.7512199886737481,-0.5979398117769072
7482403641394,-0.7998353630989828,1.6975210745006053,1.3929163488984277,0.24477702059799472,-0.1634621966074035,0.7517305912558156,-0.5901401855810477
7482436931294,-0.7969817114988013,1.693797090700751,1.3934308529981039,0.2536075911951517,-0.1768635475896532,0.7519995571340836,-0.582150445582873
7482470243894,-0.7939969367988237,1.6901668023007752,1.3938984118980957,0.2623625685952351,-0.19021711887420842,0.7520267036221584,-0.5739679148928939
7482503508994,-0.7908911088990385,1.6866425331006658,1.3943182735984063,0.27102078390748924,-0.20349054726831567,0.7518122350447942,-0.5656126723293622
7482536799994,-0.7876612952994345,1.6832210621004116,1.3946916511990404,0.27959863918361266,-0.21670891153541721,0.7513559822689596,-0.5570691487925477
7482570099394,-0.7843129635,1.6799088717,1.3950185776,-0.2880887389,0.2298609167,-0.7506579757,0.5483443141
7482603377394,-0.767904491400314,1.6778548616981723,1.3970011497009602,0.3008538247936971,-0.24464129064268988,0.7404118475865852,-0.5490245085359138
7482636667694,-0.7514398166004786,1.676497199696933,1.3991607338016785,0.3134770819979305,-0.2593079617603195,0.7298012787964325,-0.5494375246530429
7482669991894,-0.73493811720052,1.6758404437962977,1.4014889747021064,0.3259602281879886,-0.2738630345665249,0.7188237952736845,-0.5495828593451448
7482703249894,-0.7184789155004652,1.675888157896279,1.4039682166021974,0.3382599183810456,-0.2882558944753552,0.7075182267592177,-0.5494603950427669
7482736536594,-0.7020451430003415,1.6766405305968857,1.4065945446019061,0.3504055229932088,-0.30252082170086425,0.6958584150838294,-0.549070294270516
7482769830494,-0.685677328600177,1.678098084998125,1.4093554831011879,0.36238301398195966,-0.31664142600648343,0.6838570140614825,-0.5484125662608808
7482803114894,-0.6694133878,1.6802585125,1.4122383595,-0.3741805851,0.3306037784,-0.6715259552,0.5474879146
7482836403294,-0.639433560801389,1.6942180050003715,1.416282327303704,0.41066846555756437,-0.3619435687142702,0.6425202369400598,-0.5362051935457764
7482869692694,-0.6112912658024149,1.711439566500559,1.420919870005985,0.4458095102637411,-0.39209629773300464,0.6114047181671246,-0.5231621588622913
7482902982794,-0.5853491159030042,1.7317100393005942,1.42604209430693,0.47948793235509596,-0.4209626119381994,0.5782816222712139,-0.5084015808584558
7482936328894,-0.5619040151030961,1.7548168385005136,1.4315431324066512,0.5116450479431501,-0.4484921287399538,0.5431998608721436,-0.4919431537505531
7482969560394,-0.5413687699026449,1.780344957400358,1.4372739799052932,0.5420153069159288,-0.4744576028276499,0.506458676160005,-0.47392931912905195
7483002850994,-0.5238916398016178,1.808099041500171,1.4431407030030146,0.5706618720039609,-0.498913126828005,0.46799118986509775,-0.4543291383218647
7483036140694,-0.5097343922,1.8376835585,1.4490081072,-0.5974344611,0.5217303038,-0.427988559,0.4332381487
7483069429894,-0.5039606347973018,1.8679116202004753,1.4521235019970504,0.6372515100363206,-0.5546201908555014,0.37491356899673084,-0.3817679565311501
7483102719094,-0.5037329802955333,1.8986796124011853,1.4552947019953422,0.6718855992503329,-0.5829991837565004,0.31878929119807914,-0.3271927277258801
7483136007694,-0.5090586432947359,1.9289865441018814,1.458436434894779,0.7010545814823581,-0.6066361003729185,0.2600732904038044,-0.26995740242762883
7483169298894,-0.5197656743948904,1.9578496909023209,1.4614647308951974,0.7245235025468194,-0.6253405188310788,0.19923729658524233,-0.2105218027064428
7483202587194,-0.5355045990959174,1.9843257549022775,1.4642985206963819,0.7420976954757009,-0.6389572973453502,0.13678615238537428,-0.14937915200718202
7483235875894,-0.5557653887976817,2.0075565217015563,1.466863845298076,0.7536366299501769,-0.6473776093135406,0.07322178027518128,-0.0870208701988083
7483269166294,-0.5798913836,2.0267868042,1.4690952301,-0.7590463758,0.6505328417,-0.0090586105,0.0239516161
7483302460994,-0.5749175520999066,2.0252144188007257,1.4685074597998464,0.7623586134857756,-0.6471382572283161,0.00372218007569503,-0.002750609210287813
7483335744294,-0.569900106299875,2.0238446742012064,1.467809575299732,0.7652884320217468,-0.6434211760515599,-0.0016142847189424823,0.018444514278506293
7483369034394,-0.5648464066998868,2.0226794122014438,1.467002393499664,0.7678360021044874,-0.6393814545298497,-0.006951032113898144,0.0396347401662091
7483402329894,-0.5597668154999238,2.0217210181014384,1.4660872828996503,0.7699997311803431,-0.6350211073027126,-0.012285166408803602,0.06080856805207883
7483435613894,-0.5546741322999673,2.0209717300011927,1.4650663471996972,0.7717775445165695,-0.6303446161252654,-0.017611313405054545,0.08194466634269379
7483468902694,-0.549576112499999,2.0204325089007122,1.4639409405998116,0.7731695395704149,-0.6253521264806282,-0.022929418399653727,0.10304282002392393
7483502197494,-0.5444828272,2.0201044083,1.4627130032,-0.7741749287,0.6200458407,0.0282370094,-0.1240932196
7483535481994,-0.5507644117979261,2.0347691825010497,1.463801336098847,0.766534648308391,-0.624249181203517,-0.04833279009589841,0.14283393893264892
7483568769794,-0.5578614398965656,2.049075012301848,1.464652509197996,0.7582564980930782,-0.6279340869893277,-0.06839038919377098,0.1614577968461904
7483602058894,-0.5657500492959096,2.0629734122023335,1.4652635428974992,0.7493476781658358,-0.6310971285637814,-0.08839191778973013,0.17994816035590516
7483635349594,-0.5744041749959452,2.076418252202447,1.4656323303974057,0.7398154326053804,-0.6337356364937847,-0.1083209194942539,0.1982898058818229
7483668639694,-0.5837944960966545,2.089363930602131,1.4657575608977629,0.7296682881369047,-0.6358472191170931,-0.12815950589999714,0.21646626590738632
7483701926994,-0.5938890518980149,2.1017666411013325,1.465638797698614,0.7189154442798038,-0.6374300624619326,-0.14788988878975382,0.23446125530565437
7483735217494,-0.6046561003,2.1135873795,1.4652763605,-0.7075639367,0.6384831667,0.1674992293,-0.2522630692
7483768508194,-0.6190094999011854,2.141416808300844,1.4565872936043474,0.7028622459007431,-0.6349484391935031,-0.17767704588830013,0.2669382142322536
7483801824194,-0.6344426996019519,2.168704255901352,1.4479377789071195,0.697908248386021,-0.6311863253987393,-0.18779971807759926,0.28153004343118926
7483835085494,-0.6508952949023117,2.195345577201556,1.439353779108384,0.6927158725740556,-0.6272074439060009,-0.19783943866699757,0.2959984775312077
7483868374094,-0.6683831385022804,2.22136866400149,1.4308192525082224,0.6872744584945403,-0.6230036679422372,-0.207817490465582,0.31037419204589656
7483901678394,-0.6868772298018728,2.2467255440011864,1.4223423914067128,0.6815873526640236,-0.6185775198317874,-0.21772673154834568,0.32464688973787686
7483934953894,-0.706325995401107,2.271346065700679,1.413939503303943,0.6756643061647132,-0.6139366070491414,-0.22755046464034656,0.33879252344452254
7483968242194,-0.7267253995,2.2952258587,1.4056049585,-0.6695001721,0.6090769172,0.2372975498,-0.3528238535
7484001532494,-0.7433512978037422,2.326581012799353,1.4118037682941342,0.6690996362845765,-0.6115929151635653,-0.23008014933476953,0.35400975654305017
7484034828094,-0.7596685225062573,2.358133133398929,1.4178549339901874,0.6686588793057116,-0.614072607662721,-0.22284779093786827,0.35517460173560816
7484068110194,-0.7756678137075318,2.3898603730987213,1.4237504417881828,0.6681782011714531,-0.616514468510598,-0.2156050006228695,0.35631767469884035
7484101400594,-0.7913596372075554,2.4217794625987286,1.4294895728881403,0.6676573253030307,-0.6189199593188474,-0.20834747202936996,0.35743966039729064
7484134697294,-0.8067428332063152,2.453884552398945,1.4350672987900828,0.6670962879341259,-0.6212887668265614,-0.20107606793528648,0.3585404101957333
7484167978194,-0.8218073873038012,2.48615016339937,1.4404754482940285,0.6664955121200946,-0.6236191926919791,-0.19379605612765954,0.35961913667009165
7484201269094,-0.8365651965,2.518597126,1.4457137585,-0.6658546329,0.6259129643,0.186502248,-0.3606766462
7484234563594,-0.8466408383982184,2.5434083418011637,1.4475293290991773,0.6791148673490288,-0.6151543588939047,-0.17699793113818163,0.35924900007118166
7484267847594,-0.8561792738970191,2.56834645940193,1.4501874412986326,0.692110350836415,-0.6041631189795403,-0.16742869994054257,0.3576839643683067
7484301135794,-0.8651627995964104,2.593391283702303,1.4536791094983643,0.7048418543269701,-0.5929386253686882,-0.15779400524390205,0.35598145856757196
7484334425394,-0.8735693040963999,2.6185094022022892,1.4579930503983705,0.7173033533621922,-0.5814860717946567,-0.14809833925663066,0.3541422446893359
7484367715594,-0.8813782015969923,2.643668771101895,1.4631167709986475,0.7294897408377445,-0.5698101090719607,-0.13834565115666408,0.35216706038174445
7484401006194,-0.8885700035981917,2.668837730201128,1.4690365699991923,0.7413962532941363,-0.5579152790363058,-0.12853974055399006,0.3500566698658535
7484434293394,-0.8951255083,2.6939818859,1.4757367373,-0.7530170083,0.5458075404,0.1186854988,-0.3478121459
7484467584494,-0.916812579798036,2.707951564899776,1.4829115081062274,0.7504906935290083,-0.5412486237771148,-0.1315244774785395,0.3556894122822954
7484500874294,-0.9389483085967477,2.721211394199639,1.4900591500104003,0.7477738298217398,-0.5365523915894943,-0.14432954349090807,0.36347601487447245
7484534162094,-0.9615113507961243,2.733748955199582,1.4971679408125018,0.7448671842808735,-0.5317201497783961,-0.15709717859603703,0.3711698217504868
7484567451994,-0.9844832390961532,2.745554276199598,1.5042272182125196,0.7417711365110072,-0.5267525300184566,-0.16982571161606982,0.3787698256625246
7484600743794,-1.0078422436968202,2.756616384799679,1.5112254426104441,0.7384864576523108,-0.5216507999665992,-0.18251182504009278,0.38627403288194706
7484634030294,-1.0315612011981083,2.766922991199815,1.5181496865062716,0.7350147211195277,-0.5164173792627695,-0.19514955984611343,0.3936789293635411
7484667320894,-1.0556243658,2.7764678001,1.5249905586,-0.7313558459,0.5110521317,0.2077392787,-0.4009847343
7484700608794,-1.0838106104005831,2.7688237246038767,1.5201321618959884,0.7251876066951137,-0.5138295999602023,-0.21541803645138777,0.40457032376581975
7484733899094,-1.111803628300994,2.7606761632064343,1.514971263593339,0.7189336522838554,-0.5165468501466174,-0.22307201794605705,0.40810860077542893
7484767194994,-1.1395938557012202,2.752025845707688,1.509512610492038,0.7125940791853522,-0.5192037971418154,-0.23070104744480083,0.411599467992091
7484800476194,-1.167152355201248,2.7428801802076532,1.5037651403920704,0.7061735324667835,-0.5217985335219372,-0.2382995877370593,0.41504040639688095
7484833767294,-1.1944875659010634,2.7332346785063484,1.4977302940934196,0.6996680394509498,-0.524332685403434,-0.24587236733000262,0.4184335653028186
7484867063594,-1.221583596700652,2.72309276290379,1.49141449229607,0.6930792273841957,-0.5268055550216109,-0.2534174075406762,0.4217780332381736
7484900345794,-1.2484130859,2.7124631405,1.4848273993,-0.6864117384,0.5292154551,0.2609294653,-0.4250715077
7484933635194,-1.2807438599985064,2.6962493835968155,1.4829354518991664,0.6692330657978808,-0.5258303006309846,-0.26589335894021465,0.452692301958613
7484966981694,-1.3121273291973445,2.6780726486947244,1.4819707128985282,0.6512908513009308,-0.5218625544389455,-0.27057410303620555,0.4798638932575781
7485000213394,-1.3422767064966243,2.658117257993722,1.4819631150981394,0.6326990371823055,-0.5173384798289,-0.2749432154225358,0.5064178649396401
7485033503594,-1.3712292864964382,2.6363775710937785,1.4829334155980465,0.6133828364645045,-0.5122408867185073,-0.2790194468080967,0.5324649455198908
7485066792094,-1.398812162496882,2.612989844094868,1.4849013093982966,0.5933965297641778,-0.5065831197219182,-0.2827901996008057,0.5579281354138509
7485100082294,-1.4249167106980423,2.5880603870969563,1.4878815924989341,0.5727599444783428,-0.5003707913374608,-0.28625173310029445,0.5827821741221733
7485133370694,-1.4494352341,2.5617072582,1.4918841124,-0.5514978766,0.4936113954,0.2893999219,-0.6069973111
7485166659694,-1.4599610059997867,2.5656928401002643,1.492224214398261,0.5655274221842573,-0.5095771051271202,-0.2700262394968532,0.5895725050162031
7485199950294,-1.4702096062996168,2.57035480580041,1.4924162017970473,0.5789182028827152,-0.5249674053069319,-0.25034631119733786,0.5714802378090084
7485233265894,-1.4801437504995067,2.5756752036004533,1.4924507027963971,0.5916636552166205,-0.5397749547188724,-0.2303681980117254,0.5527274289365219
7485266527594,-1.4896977319994735,2.581615638200414,1.4923192444963433,0.6037200590826818,-0.5539487422688405,-0.21016213449963891,0.5333805006020831
7485299818594,-1.4988548787995337,2.588162471200311,1.4920138321969125,0.6151046742688726,-0.5675088639369711,-0.18970072499642912,0.5134136382892276
7485333107894,-1.5075670144997035,2.595279832700165,1.4915274692981262,0.6257931821208786,-0.5804265857660377,-0.1690258568119542,0.49286725543090204
7485366396794,-1.5157973766,2.6029348373,1.4908539057,-0.6357739568,0.5926878452,0.1481601149,-0.4717638195
7485399687394,-1.5119329237015724,2.620558538400698,1.49068626989833,0.6545897833907082,-0.5916080270198789,-0.1345709118080512,0.45100202609445317
7485432975294,-1.5070198833025552,2.6379179287012584,1.4908194857971178,0.6727685843212904,-0.5899539406468461,-0.12085216341773306,0.42980406520045605
7485466265594,-1.5010755250029846,2.654948223601622,1.4912492890964268,0.6902955263650015,-0.5877269680827729,-0.10701509482839379,0.4081872937115591
7485499559594,-1.4941213496028989,2.6715838161017325,1.491970344996317,0.7071540945063572,-0.5849290274312816,-0.09307257032399353,0.3861717443631451
7485532843094,-1.4861865548023419,2.6877531213015327,1.4929756961968434,0.7233209422351934,-0.5815642022522424,-0.0790440997322437,0.3637882948642304
7485566133794,-1.477296810201359,2.7034019742009727,1.494258167998056,0.7387890711320209,-0.5776340549462258,-0.06493585783682834,0.3410468315484866
7485599429394,-1.4674856663,2.7184681892,1.4958090782,-0.7535420656,0.5731424093,0.050762482,-0.3179708421
7485632710994,-1.4787915330997607,2.7249888181004445,1.4943673481004829,0.7436748255504189,-0.5766372642704667,-0.06899831383968473,0.33117435284832436
7485666001594,-1.4903684400996047,2.730966523300772,1.4927074313007342,0.7333463472294708,-0.579777492768168,-0.08719652823363767,0.34417722084509
7485699298994,-1.5021866305995306,2.7363872911009635,1.490828821200796,0.7225633017265514,-0.5825606531796279,-0.10534466082925073,0.35697039485049775
7485732581094,-1.5142084148995358,2.7412358903010006,1.4887329251007109,0.7113396667317556,-0.5849833193975218,-0.12341949902628202,0.3695375783607312
7485765869794,-1.5264113500996177,2.745505292300864,1.4864190646005209,0.6996751541534951,-0.5870457322293056,-0.14142181332714523,0.3818793757810228
7485799158194,-1.5387622452997733,2.749185436000536,1.4838888094002696,0.6875792505317856,-0.5887460898244671,-0.1593367493194526,0.39398555337836777
7485832449294,-1.5512311459,2.7522690296,1.4811435938,-0.6750583053,0.5900834799,0.1771548688,-0.405849725
7485865736994,-1.5701625107006767,2.739520308001341,1.4768195629985068,0.6636281984943313,-0.5942106154893982,-0.19297049610415468,0.4114289078761913
7485899026394,-1.588550386001146,2.726099366602163,1.472188882397644,0.6519128538337017,-0.5980830828092099,-0.20870415811447693,0.4168318983110073
7485932316594,-1.6063650484013976,2.712023072702507,1.4672694804973334,0.6399175562220251,-0.6016990648820267,-0.2243486638093902,0.4220561972129627
7485965605794,-1.623577359901421,2.697309896902418,1.4620799589974962,0.6276481026146493,-0.6050568171576588,-0.23989645700529533,0.42709928261656055
7485998894094,-1.640160278101204,2.68197864540194,1.4566391205980505,0.6151097427608885,-0.6081549315851298,-0.25534092322299234,0.4319590217566359
7486032184894,-1.656089381800735,2.6660475668011188,1.4509656202989134,-0.6023065558215474,0.6109923767273298,0.27067700640535486,-0.4366338129358623
7486065474594,-1.6713379622,2.6495392323,1.4450796843,-0.5892454386,0.6135676503,0.2858964801,-0.441121161
7486098763694,-1.663673345599417,2.649505765399866,1.4525993966994528,-0.604378428907354,0.6104196578105748,0.272442742691884,-0.4334622336310545
7486132053194,-1.6558839681990005,2.6490754618998036,1.459977523199036,0.6192223893180745,-0.6069795262384767,-0.25885847359116926,0.42559579173739426
7486165341394,-1.6479875981987668,2.648246212199795,1.467205731398781,0.6337694333228636,-0.6032490510597465,-0.24515085478751714,0.41752598263830415
7486198631694,-1.640000997798733,2.647016533099825,1.4742770788987194,0.6480140735232099,-0.5992296262762907,-0.23132504248207272,0.4092558371352817
7486231925794,-1.6319414838989164,2.6453856374998788,1.4811845089988822,0.6619501377853478,-0.5949228940581289,-0.21738691786418002,0.4007888386082771
7486265209294,-1.6238304425993333,2.6433545033999417,1.4879180268992993,0.6755650262877188,-0.5903328652766549,-0.20334921166062603,0.3921327601057206
7486298499994,-1.615681529,2.6409230232,1.4944745302,-0.6888595819,0.5854593515,0.1892111599,-0.3832871616
7486331795094,-1.6006952404992887,2.6493690073979033,1.4918242013980776,0.6992553856135821,-0.5790891191165186,-0.18195957137784574,0.37760880841850863
7486365077694,-1.5855654516988495,2.65752933719649,1.4891374145967948,0.7094841452865421,-0.572586172896235,-0.17466825308534345,0.37184448840769746
7486398368094,-1.5702896690986612,2.6654065769957693,1.486405789696152,0.7195497164196177,-0.56594806772403,-0.16733446060741783,0.36599203342847414
7486431664994,-1.5548752360987041,2.6729980278957504,1.4836226937961507,0.7294492492155932,-0.5591765266217533,-0.1599601663203294,0.3600529823301171
7486464945094,-1.5393399628989561,2.6802965729964434,1.4807834392967918,0.7391735848799038,-0.5522779289956962,-0.15255226882666373,0.3540329163169066
7486498248994,-1.5236719441993958,2.687309355197858,1.4778779327980758,0.74873226116049,-0.5452454292825779,-0.1451034498369203,0.3479258711124851
7486531524694,-1.5079028606,2.694024086,1.4749041796,-0.758108139,0.5380916595,0.1376270801,-0.3417428136
7486564848394,-1.5263120748995262,2.685152433898554,1.474964936200025,0.7361519363566709,-0.5430244805757344,-0.16907792984492698,0.36690243080842644
7486598103394,-1.5438552688991052,2.674758955597627,1.4746455257000957,0.7126788366773097,-0.5467948305862199,-0.2001052005450253,0.3912316420118633
7486631393194,-1.560448736798803,2.662884733597203,1.4739974036001802,0.6876680798950152,-0.5494082059955139,-0.2307400674459958,0.4147556586151797
7486664683094,-1.5759422842986839,2.6496234071972613,1.4730753960002452,0.6611964679838735,-0.5508545079818439,-0.26088487623726503,0.43739870040090223
7486697972194,-1.5902134502988081,2.6350707540977734,1.471936545900258,0.6333209925772966,-0.5511306619711857,-0.29047479522877817,0.4591120855879424
7486731260794,-1.6031507408992305,2.6193330580987007,1.4706397038001866,0.6041006952830061,-0.5502361525709656,-0.3194472710252703,0.4798499425830925
7486764551394,-1.6146546602,2.6025254726,1.469244957,-0.5735954046,0.5481727719,0.3477429152,-0.4995697439
7486797841694,-1.6290480515980117,2.586722809398926,1.4661145027978018,0.5609984702187987,-0.5461236761134268,-0.35819651963158483,0.5086500763042745
7486831128894,-1.6428360344966366,2.570392907998272,1.4629788098962677,0.5482038399729231,-0.5438811746814886,-0.3685221720920615,0.5175492501613493
7486864419194,-1.6560025842959067,2.5535547379980015,1.45984645889544,-0.5352136277755363,0.5414456066966361,0.37871810978343273,-0.5262657322630129
7486897708094,-1.6685281647958514,2.536233265998077,1.4567270326953612,-0.5220341807776157,0.5388181502110999,0.38877932937435095,-0.5347952394647529
7486930997994,-1.680396888896498,2.518450668798461,1.4536294476960705,0.5086692255985056,-0.5359995510452146,-0.39870299077992327,0.5431353655871521
7486964291694,-1.6915937399978729,2.500229426299115,1.4505625603976053,0.495122338385048,-0.5329905303430261,-0.40848637925862324,0.5512838130735948
7486997575294,-1.7020993233,2.4816019535,1.4475367069,-0.4814040065,0.5297934413,0.4181219637,-0.5592343211
7487030866294,-1.6977039923958628,2.5096305163990764,1.4514351227961635,-0.5181196452953521,0.5496731078657722,0.3841780215752507,-0.5308660427892595
7487064162794,-1.6899124919932451,2.5369033135980628,1.4554194221935295,-0.5529237049516545,0.5675216323186485,0.34880657596467884,-0.5005282668508435
7487097443494,-1.678847275892104,2.56299869249721,1.459444634992178,0.5856661266711755,-0.5832625602353853,-0.312161735595114,0.4683535253714788
7487130733994,-1.6646651048923526,2.5875496222967604,1.463470822592154,0.6162514863741752,-0.5968503179333369,-0.27435126511342456,0.4344366315760656
7487164031294,-1.6475754512938654,2.6101880930969417,1.4674545819934712,0.6445622084673909,-0.6082317783204376,-0.23551764872681874,0.39890487637404076
7487197311994,-1.6278449105964792,2.63056297239796,1.4713507595961048,0.6704747117816635,-0.6173578292259506,-0.19583223014671788,0.3619153342848023
7487230602694,-1.6057510376,2.6483883858,1.4751213789,-0.6939145327,0.6242026687,0.155410409,-0.3235757649
7487263891194,-1.6077179935005697,2.6538866932994263,1.4718056085995241,0.6847538896213929,-0.6276783798425203,-0.1681157710541941,0.3299531021971091
7487297180694,-1.6097965880009264,2.659291708599025,1.4684052266992011,0.6753888480273942,-0.630967086037682,-0.18077139973977924,0.33623227289102847
7487330471294,-1.6119827611010842,2.664599349898807,1.4649195539990347,0.6658221451878997,-0.6340677923893581,-0.19337355371204884,0.3424114109614965
7487363759194,-1.6142720505010564,2.6698050459987854,1.4613484350990285,0.6560577393389853,-0.6369792342271124,-0.20591704171049613,0.348487976478471
7487397049494,-1.6166604776008564,2.6749057440989703,1.4576908668991857,0.6460970481216871,-0.6397009921986686,-0.21840004688783007,0.3544610902593892
7487430340294,-1.6191434724004994,2.6798974132993716,1.4539466925995088,-0.6359435842154295,0.6422320746802396,0.2308181271678447,-0.36032861684561895
7487463627294,-1.6217161417,2.6847758293,1.4501161575,-0.6256017089,0.6445714235,0.2431659847,-0.3660880625
7487496917094,-1.6443623132000151,2.6639111210015733,1.4496998218015518,-0.6025522243369521,0.631790542380271,0.27951620795742305,-0.3995525209462922
7487530206494,-1.664535289300144,2.640647403302601,1.4492683352027926,-0.5776135389542693,0.6170286520890673,0.3149894910661495,-0.4317636652565402
7487563495394,-1.681982680600312,2.6152759129030883,1.448840249503589,-0.5508640093656997,0.6003321711919724,0.3494745317738035,-0.462620448163459
7487596786094,-1.696487242600448,2.588112290603047,1.4484340440038157,-0.5223855677535894,0.5817521928690854,0.3828655098660697,-0.4920281557490028
7487630075594,-1.707866198800483,2.559498888802499,1.4480679899033575,-0.4922700347934007,0.5613486027047364,0.41505468129906975,-0.5198918835851083
7487663363994,-1.715977695000354,2.5297938818014725,1.4477598114021144,0.46061192097161907,-0.5391855064706953,-0.44594133378171785,0.5461245047567059
7487696660094,-1.7207216024,2.4993610382,1.4475264549,-0.4275017381,0.5153260827,0.4754363894,-0.5706502199
7487729942394,-1.7264235394005742,2.4858469385997797,1.4510757661979363,0.4143965071719096,-0.5023077858977876,-0.48540333850634393,0.5833918254801654
7487763232794,-1.7314397569009652,2.4720806732995686,1.4547060459964258,0.4010381818636667,-0.4889834001236855,-0.4950799842214938,0.5957847097015918
7487796527194,-1.7357574566011666,2.458097685299406,1.4584127546955532,0.38743630003047275,-0.47536240321893053,-0.504459103704752,0.6078196374863344
7487829811094,-1.7393648474011736,2.4439385151993296,1.4621899378953989,0.3736050576191823,-0.4614590267407206,-0.5135310445152124,0.6194842160055328
7487863100694,-1.7422554323009822,2.429631137699378,1.4660349274960405,0.3595461167722624,-0.4472749525179939,-0.5222948153741747,0.6307771655642506
7487896429394,-1.7444239733005906,2.4151961591995894,1.4699470535975536,0.345253414551708,-0.4328039608274296,-0.5307532865680245,0.641702236266725
7487929678494,-1.7458591461,2.4007205963,1.4739074707,-0.330786854,0.4181067944,0.5388718247,-0.6522146463
7487962968894,-1.729233250199554,2.378912078301404,1.473803397306194,0.26660631946416763,-0.3525339203431203,-0.5701866760794884,0.6924796458024636
7487996296294,-1.7084510557994341,2.360977470902382,1.47340396441039,0.19941160448846498,-0.28299675483934555,-0.5952418167956001,0.7251448326255995
7488029559094,-1.684481876599529,2.3477281262028495,1.4725472153123547,0.13015047990963585,-0.21047715623360896,-0.6136930016222124,0.7497607078548619
7488062837094,-1.6583176865997276,2.339678736002787,1.471088771112061,0.059424850219565784,-0.1356071633113784,-0.6253957583008177,0.7661328409188374
7488096125294,-1.631098560399927,2.337164558702223,1.4689112154096595,-0.011977102066418383,-0.05922022930203049,-0.6302116746353862,0.7740689624450574
7488129416294,-1.60401522660004,2.3402742625012487,1.4659291879054783,-0.08325304135168768,0.017825758510270122,-0.6280825795112566,0.7734749166933043
7488162704494,-1.5782514811,2.348845005,1.4620931149,0.1536055803,-0.0946688578,0.6190323234,-0.764357388
7488195993894,-1.564932038800258,2.34579719429869,1.4675175478999514,-0.16571218243492972,0.10354523931993895,-0.6138300217019842,0.7648729047784153
7488229283894,-1.5515438147004244,2.3432035945978043,1.473009146099993,-0.1777771356390057,0.11239562012873222,-0.608472544811119,0.7651951887139314
7488262573094,-1.5381013888005026,2.3410667645973513,1.4785637580000803,-0.18979687653703076,0.12121738703428502,-0.6029614418989094,0.7653241080225786
7488295861894,-1.5246186737004963,2.3393886460973388,1.4841774634001694,-0.2017685147453318,0.13000841844700023,-0.5972980477179837,0.7652596420710149
7488329152194,-1.5111090107004082,2.3381706947977716,1.4898465420002154,-0.21368970582982194,0.13876699324489702,-0.5914834625679025,0.7650017939304584
7488362441694,-1.4975874718002413,2.3374140726986576,1.4955665046001738,-0.22555661243398903,0.14749029185607063,-0.5855195526743503,0.7645506404624505
7488395731994,-1.4840675592,2.3371193409,1.5013334751,0.2373667955,-0.1561765224,0.5794075131,-0.7639062405
7488429025994,-1.4737100466008968,2.3216579283985395,1.4974778301030045,-0.23281966943125182,0.145260037053712,-0.5881539937547041,0.7607689549340643
7488462308494,-1.4636545485015064,2.306071895697533,1.4933653592050364,-0.22822146943665314,0.13431447594835566,-0.5967644627606203,0.757460730615734
7488495599894,-1.4538958197018212,2.2903633420969975,1.4889891177060781,-0.22357043364106186,0.12333561644308842,-0.6052422913644238,0.7539803416947243
7488528893194,-1.4444367398018343,2.2745472599969556,1.4843456802061101,-0.2188685666509699,0.11232823504133171,-0.6135837139841139,0.7503292237932029
7488562176194,-1.4352810721015394,2.258641323797428,1.479432874505118,-0.2141186735657974,0.10129886424212577,-0.621783840219748,0.7465096046101899
7488595466894,-1.4264239686009301,2.2426488683984354,1.4742443452030856,-0.20931926536729956,0.09024403643692262,-0.6298452666181387,0.7425203021819614
7488628762894,-1.4178661108,2.226583004,1.4687768221,0.204471752,-0.0791670382,0.6377655268,-0.7383624315
7488662044494,-1.417389483000054,2.2262773082000966,1.468269332099887,-0.20518340928124473,0.07335407662237307,-0.6360150646396744,0.7402727777988294
7488695335294,-1.416909533900089,2.2259669641001603,1.4677675101998104,-0.20588685168494028,0.06753650130871554,-0.634238045135111,0.7421533045115641
7488728631594,-1.4164264074001052,2.2256519963001917,1.4672714607997712,-0.20658196008192684,0.06171519279295914,-0.6324347007097644,0.7440036814998887
7488761922594,-1.4159403534001038,2.225332500900192,1.4667813883997705,-0.20726848027996667,0.05589227837779109,-0.6306056902876409,0.745823232191798
7488795202994,-1.4154515450000853,2.2250085266001594,1.4662974095998078,-0.20794628099487605,0.050068925566930544,-0.6287513984165072,0.747611614344146
7488828491994,-1.4149597947000505,2.2246798825000953,1.465819286299884,-0.20861572619258223,0.04424201405169108,-0.6268708337930223,0.7493697890343809
7488861781994,-1.4144653082,2.2243466377,1.4653471708,0.2092766464,-0.0384131148,0.6249645352,-0.7510973215
7488895070394,-1.4030379709002563,2.224195624599639,1.4673792990012111,-0.21660031818561917,0.04228472844513704,-0.6232811334673427,0.7502112586237787
7488928360194,-1.3916174205004266,2.224236393399397,1.4694570592020233,-0.22390866327607642,0.04615345265256233,-0.621552672851851,0.7492710085068608
7488961650294,-1.3802073491005118,2.2244689238992748,1.4715798755024334,-0.2312008965783483,0.05001887696245127,-0.6197792884691712,0.7482766139292548
7488994939594,-1.3688114444005115,2.2248931151992735,1.4737471527024384,-0.23847625047848997,0.05388059467200093,-0.6179611681799037,0.7472281807435001
7489028228194,-1.3574329779004262,2.2255088110993935,1.4759583575020359,-0.24573422236673045,0.057738338478844624,-0.6160984407601909,0.7461257853206671
7489061518694,-1.346074364000255,2.226315870399635,1.4782131155012237,-0.2529748539553557,0.061592130685661835,-0.6141910929427544,0.7449694182002721
7489094808794,-1.3347396851,2.2273139954,1.4805107117,0.2601971328,-0.0654414296,0.6122394204,-0.7437592745
7489128095894,-1.316507443200292,2.22315807369864,1.4779758281000959,-0.2650829008804597,0.07290539220115282,-0.6140076201055792,0.7398719496649939
7489161395194,-1.298213023800471,2.21934393159772,1.4753038289001343,-0.26994452747444986,0.08036495789866806,-0.615716402085172,0.7359108219287391
7489194675094,-1.2798809514005456,2.2158765836972494,1.472498379300131,-0.27477691979445995,0.08781231760394416,-0.617363968223685,0.7318800256629483
7489227985394,-1.261490943500526,2.2127523853972346,1.4695563543001005,-0.2795868224830787,0.09525788229908945,-0.6189525924914075,0.727773888513372
7489261259194,-1.2430871253004216,2.209978752097684,1.4664848900000582,-0.2843641127935551,0.10268597300137718,-0.6204789458075985,0.7236010780211608
7489294543494,-1.2246507335002432,2.2075524591986033,1.4632810460000198,-0.289115103290429,0.11010636629862508,-0.621945105793903,0.7193561916942735
7489327833194,-1.2061917782,2.2054750919,1.4599465132,0.2938385904,-0.1175171956,0.6233506799,-0.7150402665
7489361130894,-1.216006095699632,2.200531194200963,1.4648479652010862,-0.26509852120241284,0.10252095209468234,-0.6249931788908254,0.7270459096768473
7489394410894,-1.2260608368993304,2.196310612501618,1.469919673201792,-0.23605647362068305,0.08740998779494609,-0.6258868590128824,0.7381750977989189
7489427701394,-1.2363132631991298,2.1928261414019543,1.4751609342021257,-0.20672270593539213,0.07218962749368323,-0.6260316310309568,0.7484241962161516
7489460994194,-1.2467088403990625,2.1900921420019652,1.4805648045020972,-0.17713939953105393,0.0568817821860756,-0.625426853888162,0.7577779004594086
7489494279894,-1.257191811699163,2.1881187059016436,1.486123198501721,-0.14735036775280227,0.04150911388692062,-0.6240735842389663,0.766222568215376
7489527570094,-1.2677125953994643,2.186910900500989,1.4918307645010145,-0.11738091834912649,0.0260846779808847,-0.6219730583803805,0.773751138436064
7489560859494,-1.2782161236,2.1864712238,1.4976786375,0.0872716755,-0.0106293866,0.6191280484,-0.7803533077
7489594147694,-1.2867179930996482,2.1815006995008206,1.4901706799990653,-0.08947625385978838,0.006986243783795018,-0.621917294694359,0.777922920958794
7489627437994,-1.2951643149994092,2.176596680201377,1.48255576599845,-0.0916781307642114,0.003342649588491773,-0.6246869738347827,0.7754676858222079
7489660726294,-1.3035531664992852,2.1717605833016638,1.47483581899815,-0.09387695805859256,-0.0003008320073055299,-0.6274366088061054,0.7729879223996083
7489694016694,-1.3118847054992797,2.166992617501674,1.46701088719816,-0.09607293665042442,-0.003944533902722287,-0.6301664505613569,0.770483404157776
7489727306594,-1.3201574091993948,2.1622939558014034,1.459082587298475,-0.09826582494867737,-0.007588055598188246,-0.6328761976591754,0.7679544045683045
7489760594194,-1.3283699775996343,2.1576656302008472,1.4510523868990899,-0.10045543504554617,-0.011231084093521367,-0.6355656198479096,0.7654011439678131
7489793885094,-1.3365229368,2.1531076431,1.4429199696,0.1026420668,0.0148741165,0.6382350922,-0.7628232837
7489827175194,-1.3186128288982952,2.135741507602045,1.4459024818004251,-0.12566434853937,-0.0019550489892982146,-0.6421309998859086,0.7562224727387759
7489860462494,-1.2998340758972586,2.1193181417034874,1.4488648010008465,-0.14858974612417156,0.010964409211410628,-0.6455414068670471,0.7490508401287009
7489893758494,-1.2802310633968348,2.103877111504276,1.4518262563011806,-0.17140882311179267,0.02387895571229294,-0.6484647752635152,0.74131116683614
7489927053194,-1.2598629929969634,2.0894653961043606,1.4548042757013444,-0.19409744139628837,0.03677494811280273,-0.6508978550502583,0.7330114383320959
7489960331794,-1.2387953742975797,2.0761274666036993,1.457815774801256,-0.21662848218914194,0.049636928515191865,-0.6528381110649684,0.7241620514588778
7489993626594,-1.2170657827986162,2.063886046202256,1.4608818323008343,-0.23900678076958914,0.062467657614905484,-0.6542859577432657,0.714761104144764
7490026909594,-1.1947523355,2.0527839661,1.464017868,0.2611965835,-0.075246647,0.655238986,-0.704823494
7490060200194,-1.1812887869006163,2.0458050197987094,1.4625225274002938,-0.2641384885549809,0.0816828222123027,-0.6548235243254803,0.7033952853192015
7490093510394,-1.1677329337010176,2.039000478997837,1.4609670700004664,-0.2670683012803889,0.08811851151672986,-0.6543735459752905,0.7019294214570349
7490126777394,-1.1541131257012094,2.032383995497391,1.459353767100532,-0.269980359682919,0.09454125021376529,-0.6538899592682772,0.7004287819340598
7490160068094,-1.1404047670011976,2.0259430813973767,1.4576787151005044,-0.2728803799965014,0.10096362251456649,-0.6533718470875961,0.6988904596394518
7490193363994,-1.1266181121009884,2.0196824891978022,1.4559420661003972,-0.27576658040367846,0.10738171711298129,-0.6528194799910323,0.6973153422280105
7490226644994,-1.1127642710005872,2.013606818898674,1.4541442089002246,-0.2786370741083522,0.11379132661022838,-0.6522332351882574,0.6957044788101342
7490259935894,-1.0988357067,2.0077123642,1.452283144,0.2814938724,-0.1201969013,0.6516127586,-0.6940568089
7490293225794,-1.0907533276001224,2.00957946639988,1.4499673965991602,-0.2974696875129546,0.12415442509929196,-0.6498170277677897,0.6883569525778359
7490326514794,-1.082699442700188,2.011711182099801,1.4477855793986067,-0.3133538889344315,0.12807378570040873,-0.647822163096229,0.6824462548123162
7490359804694,-1.0746837995002065,2.0141057123997625,1.4457388018983357,-0.3291424461426236,0.13195398519609844,-0.6456286237951838,0.676326161015863
7490393092894,-1.0667171573001875,2.016760624099763,1.443828281098344,-0.3448292894364339,0.13579353238625155,-0.6432372608668855,0.6699990327913129
7490426383194,-1.0588086835001405,2.0196736688998036,1.4420546959986276,-0.3604113976434196,0.13959168748182854,-0.6406485309641367,0.6634660842938289
7490459671494,-1.0509693558000746,2.022841617099883,1.4404189925991813,-0.37588207454352196,0.14334681827492998,-0.6378635456494283,0.6567301217843233
7490492960894,-1.0432083607,2.0262615681,1.4389215708,0.3912380338,-0.1470581293,0.6348829269,-0.6497926116
7490526251194,-1.0562558432012403,2.0176405492007428,1.4475599221983482,-0.3677911504517043,0.13586578127780471,-0.635066698077465,0.6655527387969865
7490559591494,-1.0696955635021321,2.009921595601253,1.4565003238971022,-0.3439686755341289,0.12453088597890158,-0.6346629967762077,0.6807205661735589
7490592828294,-1.0834089846026322,2.003162690001521,1.4656880532963572,-0.3199030237345419,0.11311636138751546,-0.6336754472084578,0.6952137597869501
7490626124594,-1.0974057372027064,1.9973500400015383,1.4751537243961952,-0.29549904941822674,0.10157700849122235,-0.6321012810081567,0.7090912449655165
7490659408794,-1.1115983358023158,1.9925158627012964,1.4848626802966993,-0.2708311155145583,0.08994806470025733,-0.6299440867350725,0.7223090059755131
7490692698494,-1.1259355096014254,1.9886713883007865,1.4948042014979444,-0.24590903989907567,0.07823414810631882,-0.627204889334738,0.7348620203552451
7490725993194,-1.140357852,1.9858275652,1.5049616098,0.2207560986,-0.0664462149,0.6238859892,-0.7467381954
7490759275694,-1.1454152072999972,1.9860272962998664,1.5037285699999356,-0.21768914308066556,0.06385875741560644,-0.6265621259316794,0.7456228258537386
7490792567594,-1.1504738691999985,1.9862734303997764,1.5025030858998991,-0.21461598577688465,0.06126900391730352,-0.6292236614291713,0.744488866072331
7490825860694,-1.1555322257000018,1.9865658775997301,1.5012857464998868,-0.21153745496386764,0.05867765471625676,-0.6318698629991158,0.7433366089584773
7490859144394,-1.160588300800005,1.9869044713997288,1.5000772187998945,-0.2084546079651236,0.056085598719021454,-0.6344998289114928,0.7421664564945804
7490892434294,-1.165644098600007,1.987289303199773,1.4988772167999187,-0.20536607645084312,0.05349168501747362,-0.6371147296762839,0.7409778913751028
7490925729794,-1.170699161600006,1.987720325299863,1.4976860476999554,-0.20227198895271759,0.05089602311999587,-0.6397144456909312,0.7397709546136733
7490959011994,-1.1757502556,1.9881972075,1.4965046644,0.1991741806,-0.0483001508,0.6422974467,-0.7385463715
7490992302694,-1.2003011848000262,2.0000850636008543,1.4928977666027692,-0.17081075495881415,0.03094260881470495,-0.6446237220897719,0.7445310590360006
7491025592294,-1.2240415606999675,2.0135860967014074,1.4895592631045023,-0.14225235776345393,0.013550151107794867,-0.6462105800698785,0.7496616212141618
7491058885094,-1.2468654998998718,2.0286444546016655,1.4864789870052595,-0.1135280407722787,-0.003859520998262531,-0.6470563315651843,0.7539327502088486
7491092170594,-1.268661349099785,2.045190236701639,1.4836469187051087,-0.08467982978321148,-0.02126095130459365,-0.6471598769749403,0.7573383603194084
7491125459194,-1.2893361771997502,2.063156628301342,1.4810500479041253,-0.055731822491324697,-0.03863961961016861,-0.646521270263648,0.7598757733043318
7491158749994,-1.3087943612998092,2.0824652623007895,1.4786753407023925,-0.026717980302243875,-0.055975117618942104,-0.6451410839973944,0.7615418028413026
7491192037894,-1.3269437551,2.1030287743,1.476508975,-0.0023239772,0.0732449144,0.6430211663,-0.7623343468
7491225327394,-1.362979712200143,2.11465077230045,1.4804859601991769,0.06207173029164133,-0.1248884375248518,-0.6332426399954411,0.7612842684325004
7491258617694,-1.3967260170001836,2.13185647070074,1.4843197353986433,0.12142776648989165,-0.1757421845190545,-0.6194530790773706,0.7554123807082538
7491291907994,-1.4273257673001563,2.154211387200872,1.4879885176984085,0.18001469459321343,-0.22548280272094423,-0.6017399806888705,0.7447558063205534
7491325195394,-1.454000408200094,2.181148470000849,1.4914744996984626,0.23745648829446275,-0.2737911039197998,-0.5802175743894032,0.7293835849201136
7491358490794,-1.4760804418000288,2.2119969566006845,1.494765882298778,0.2934077587821523,-0.3203765098038973,-0.5550142983640153,0.7093869942871857
7491391776194,-1.4929936124999894,2.2459606996003942,1.497852952199309,0.3474841200846728,-0.36491902120482317,-0.5263036912710803,0.6849038755959336
7491425086494,-1.5043234825,2.2822182178,1.5007359982,-0.3993981183,0.4071815312,0.4942353666,-0.6560608149
7491458359794,-1.5045492487002148,2.2787677099996944,1.4980137712004247,0.39820608601071106,-0.4109101827227265,-0.4906528460126601,0.6571487803370578
7491491643494,-1.5047832456003591,2.275290756499495,1.4953238559007105,0.3970020007934235,-0.4146279466976883,-0.48705481379913423,0.6582178101041997
7491524942094,-1.5050256966004327,2.2717872168993987,1.4926661527008558,0.3957857126964997,-0.41833519309370926,-0.48344086131065733,0.6592679800049314
7491558226794,-1.5052765739004341,2.268260481499403,1.490043183700859,0.3945583088884367,-0.4220286062778663,-0.4798142195085851,0.6602983500870089
7491591510794,-1.505536151900363,2.264709531999507,1.4874541046007181,0.3933193461682751,-0.4257095506486915,-0.47617356619194073,0.6613093113485545
7491624800894,-1.5058046652002186,2.261134004199707,1.4848986089004321,0.3920686049968431,-0.4293786669723309,-0.4725182609342352,0.6623010360920324
7491658096994,-1.5060822964,2.2575342655,1.4823769331,-0.3908061385,0.4330358505,0.4688484371,-0.6632735133
7491691378494,-1.50293968549862,2.24722833170037,1.4838672392999386,0.3969840104163167,-0.43034510938361814,-0.4664504389512241,0.6630465823044335
7491724669194,-1.4998620387976955,2.23688838300061,1.485277295099897,0.4031432716282802,-0.427631598893636,-0.46402790455133003,0.662785653108319
7491757959094,-1.4968514366972305,2.226518400700723,1.4866072417998761,0.40928173003299406,-0.42489624419587296,-0.46158165404310253,0.6624907726000975
7491791246494,-1.4939091403972262,2.2161198120007146,1.4878576350998756,0.4153987606182415,-0.4221393282784,-0.4591119413135412,0.6621619760608439
7491824536994,-1.4910357600976847,2.2056917660005886,1.489029311399896,0.42149507862144353,-0.4193605278796866,-0.4566184767044589,0.6617992241507037
7491857825594,-1.4882328203986082,2.1952367325003492,1.4901227347999373,0.42756945482061953,-0.41656040177716447,-0.45410176119132745,0.6614025880343835
7491891148794,-1.4854984283,2.1847441196,1.4911396503,-0.4336282313,0.4137360156,0.4515591562,-0.6609716415
7491924404694,-1.4851217245997133,2.191055147299964,1.4924567791000791,0.4334589665499822,-0.4248194970141042,-0.44759238721836814,0.6567364571715715
7491957693494,-1.4846579024995266,2.197379752299939,1.493710813000125,0.43322160332463994,-0.43584736509922,-0.44355154820072096,0.6523941606403594
7491990983994,-1.484106206999437,2.203709842099926,1.4949017057001417,0.43291627013597156,-0.44680742662106965,-0.43944092472067103,0.6479493037641584
7492024273394,-1.4834656826994421,2.2100427037999255,1.4960306248001334,0.432543038732245,-0.4576970386277689,-0.435261505325191,0.643402954965001
7492057561694,-1.4827353944995394,2.216376155199937,1.4970988848001041,0.4321019744331284,-0.46851450023945757,-0.4310139523342936,0.6387558372723765
7492090856894,-1.4819142557997265,2.2227095349999613,1.4981080734000582,0.4315930227265041,-0.47926069484303585,-0.42669789363587524,0.6340075367683551
7492124142494,-1.4810018539,2.2290375233,1.4990590811,-0.4310165346,0.489928633,0.4223161638,-0.6291611791
7492157429394,-1.4839383404978397,2.2417292386007204,1.4960922463009174,0.4281371023077687,-0.4925823496318003,-0.42489831822693636,0.6273138525703409
7492190726294,-1.486875882696396,2.2544170582012035,1.4930919049015288,0.4252459303988157,-0.495224351920559,-0.4274704559195277,0.6254500373811318
7492224009094,-1.4898120164956716,2.2670917903014467,1.490060236601834,0.42234517610063466,-0.497852650421815,-0.4300306413231269,0.6235711172077475
7492257298594,-1.4927482392956684,2.2797613497014506,1.4869953635018331,0.4194331040818503,-0.5004688250985931,-0.4325804129057978,0.6216759708038805
7492290594694,-1.4956842043963874,2.2924256853012115,1.483897283901527,0.4165097906719623,-0.5030727940856223,-0.435119691597536,0.619764642513066
7492323876894,-1.4986177668978307,2.305076995100728,1.4807679284009159,0.41357711337846415,-0.5056628920924507,-0.4376468532066211,0.6178383629466351
7492357167494,-1.5015505552,2.3177237511,1.4776052237,-0.4106332064,0.508240819,0.4401635528,-0.615895927
7492390463894,-1.4991097489990564,2.316523570301493,1.4842256847998907,0.4091124165937415,-0.49602523990152997,-0.4468417079119788,0.62202771645624
7492423744694,-1.4965453008984309,2.3153105408025056,1.4907932299998081,0.4074968064801673,-0.4836995562778346,-0.4534123909834961,0.6280113817979099
7492457035494,-1.4938557201981213,2.314087353603027,1.4973109913997578,0.40578551320128325,-0.4712571693963934,-0.4598791237939759,0.6338501313930252
7492490325394,-1.4910424033981262,2.312858035003047,1.5037749297997456,0.40397945781084016,-0.4587050136020091,-0.4662382348922168,0.6395406292705964
7492523613194,-1.488106150998443,2.311626265702556,1.5101829857997777,0.4020791401347543,-0.44604648842432154,-0.47248802400797113,0.6450813610715094
7492556903694,-1.4850473337990688,2.3103955063015427,1.5165342998998603,0.40008472753779545,-0.4332827235240313,-0.47862792910002305,0.6504718270394417
7492590193194,-1.4818671942,2.3091695309,1.5228264332,-0.3979969025,0.4204181135,0.4846558273,-0.6557101607
7492623482194,-1.4733279004026083,2.2967751986988088,1.5155560101990908,0.4075717694572831,-0.4134420574541115,-0.4894857468354258,0.6506570690575303
7492656771294,-1.4649367236043553,2.2845175746980404,1.507891902498496,0.417069552138191,-0.4063877568461406,-0.49422306963518453,0.645480857349919
7492690060194,-1.456696964405235,2.2724073456976797,1.49983925689821,0.4264883662124586,-0.3992566081322123,-0.4988668546272423,0.6401825487331804
7492723350494,-1.448611346005242,2.2604544034977114,1.4914030355982248,0.43582687798277003,-0.3920496137154422,-0.5034164413149707,0.6347628844120733
7492756660994,-1.4406784503043721,2.2486625100981197,1.4825837682985337,0.44508851359626567,-0.3847639953369474,-0.507873445152306,0.6292197125536867
7492789928094,-1.432916132002626,2.237064216198888,1.473404630299128,0.4542539257857958,-0.37741511763649477,-0.5122286138617097,0.6235647897604027
7492823223194,-1.4253103733,2.2256445885,1.4638524055,-0.4633411467,0.3699886799,0.5164905787,-0.6177871823
7492856523794,-1.4160056839002186,2.208958813099675,1.4681834841993482,0.4507305396723576,-0.36474631693715986,-0.520344021271926,0.6269323762687677
7492889796394,-1.4061905454003525,2.192636319499446,1.4726940100989088,0.43800227925743423,-0.35940457212886145,-0.5240461581586201,0.6358914852530683
7492923092794,-1.395861975600408,2.1766698635993205,1.477389404998685,0.42514016345766553,-0.35395664133292565,-0.5276016843630444,0.6446758876588937
7492956379594,-1.3850427857003933,2.1610935071993063,1.4822633025986802,0.4121606765548238,-0.3484094748344936,-0.5310059254637686,0.6532741550603308
7492989665394,-1.3737437520003148,2.1459204126994105,1.4873148993988963,0.3990642191658732,-0.3427632673480185,-0.5342588633830713,0.6616861479848823
7493022960894,-1.3619749426001815,2.1311627791996397,1.4925437083993356,0.3858502662545847,-0.337017773542463,-0.5373605577727499,0.6699121011729124
7493056243394,-1.3497588634,2.1168470383,1.497943759,-0.3725316226,0.3311785758,0.5403080583,-0.6779441237
7493089533894,-1.3512551674013773,2.132054972199823,1.5003621247006684,0.3872112393470932,-0.34505361031619436,-0.5297938541359881,0.6710617961490458
7493122825594,-1.3520342342022735,2.1473344937997405,1.5026675963012703,0.4016722587606119,-0.358733875905217,-0.5189794573247145,0.6637994619575354
7493156111494,-1.3520935607027007,2.162647769799732,1.5048590795017112,0.41590348680085165,-0.37220878131906804,-0.5078732975461253,0.6561628048095176
7493189401494,-1.351432360202672,2.177964660199775,1.5069368586018967,0.4299011198952306,-0.3854747241928367,-0.49647837931100186,0.6481539037898361
7493222731794,-1.3500492451022006,2.1932670500998492,1.5089028466017336,0.44367196961301014,-0.39853818478852554,-0.48478819900381476,0.639767849107641
7493255979294,-1.3479530996013054,2.2084639082999318,1.5107501410011317,0.4571578681172688,-0.41134395927313494,-0.47285306928209137,0.6310410491073312
7493289269894,-1.3451412916,2.2235784531,1.5124863386,-0.4704026878,0.4239336848,0.4606350362,-0.6219460368
7493322560094,-1.3506455517017248,2.2338476509994516,1.507404832100698,0.47311523564596303,-0.4238953529890448,-0.4605096511812594,0.6200044876312372
7493355849494,-1.3561005670028758,2.24416556289909,1.5023698793011606,0.47582243792968754,-0.42385229118285,-0.4603791294617589,0.6180560654000011
7493389137694,-1.3615059724034524,2.254531616198913,1.497381679901389,0.4785242402359748,-0.4238045076968354,-0.4602434822642545,0.6161008259982281
7493422426394,-1.366861743203454,2.2649458921989187,1.4924401187013854,0.4812207507546279,-0.4237520007216747,-0.46010270417860843,0.6141386916121326
7493455717994,-1.3721679582028792,2.275408700599103,1.4875449857011516,0.4839121327353671,-0.42369476641315945,-0.4599567859568213,0.6121695416776937
7493489005194,-1.3774231595017281,2.2859172932994642,1.482697488200689,0.48659776662958876,-0.42363281821659965,-0.45980576154809516,0.6101938302606262
7493522294494,-1.3826280832,2.2964732647,1.4778968096,-0.4892781675,0.4235661626,0.4596496224,-0.6082112193
7493555589394,-1.3776295674029324,2.2785865425987955,1.4849213602995757,0.4698293025416549,-0.40789822233769923,-0.468933833769457,0.626881588685811
7493588873894,-1.3714415130048245,2.261114111597828,1.49202349029931,0.44988943872526477,-0.3918036248256174,-0.4777190206662302,0.6448828961840057
7493622163094,-1.3640895288057062,2.244124050197199,1.4991939510991936,0.4294707391992902,-0.3752921939051287,-0.485999980451092,0.6622044037659587
7493655458794,-1.355605674805615,2.227689770797009,1.5064204246992168,0.4085934724171982,-0.358380304823024,-0.4937681404863396,0.6788283692168994
7493688742694,-1.3460326947045964,2.2118918611973526,1.5136859612993678,0.3872913058931696,-0.3410952371041724,-0.5010111366717849,0.6947282378997256
7493722038794,-1.3354061178027041,2.1967879923983213,1.5209826534996336,0.3655714231737374,-0.32344281928926616,-0.507726514460931,0.7098986291875012
7493755327794,-1.3237787485,2.1824531555,1.5282930136,-0.3434692919,0.30545187,0.513903141,-0.7243145108
7493788615394,-1.3206903610001526,2.1770039883002057,1.5243561402995942,0.3464651676920899,-0.3119241440186914,-0.5148088460086068,0.7194699910528481
7493821900294,-1.3176385901002525,2.1715274495003407,1.5204298352993266,0.34943475608076324,-0.31837244541924653,-0.5156757783961166,0.714571780030604
7493855191494,-1.3146230953003009,2.166022520900407,1.5165125755991953,0.35237864146520664,-0.3247980369157026,-0.5165041143777274,0.7096189316004196
7493888477494,-1.3116453879002985,2.160491578300405,1.5126052486991988,0.3552955844601221,-0.3311982149216328,-0.5172935036749606,0.7046135260918198
7493921768094,-1.308705046500247,2.1549334775003364,1.5087062352993352,0.35818622517910786,-0.3375743834501857,-0.5180441204071724,0.6995544675303901
7493955057094,-1.3058030691001472,2.149349741600201,1.5048157910996027,0.3610498044634039,-0.343924872146117,-0.5187557630892451,0.6944430713009598
7493988345794,-1.3029397726,2.143740654,1.5009332895,-0.3638862371,0.3502494693,0.519428432,-0.6892795563
7494021636294,-1.3182688380001408,2.163789734000005,1.5001793768991505,0.4000812523729342,-0.3738086472538195,-0.5007136975942564,0.6704385727115213
7494054927094,-1.3314970587002508,2.1852871457000256,1.4995459828988484,0.43524825156675034,-0.3964072250372813,-0.48071179657580404,0.649874172497409
7494088239094,-1.3424943182003175,2.2080275167000525,1.4990234270989418,0.4693178026796751,-0.4180002895393209,-0.4594603750788595,0.627624666313681
7494121504094,-1.3511275629003312,2.2317304360000736,1.4986021290992693,0.5021340163900087,-0.43848939933996345,-0.4370589178776288,0.6037946493255407
7494154792894,-1.3573285823002856,2.2562025819000797,1.4982695290996664,0.5336836282769994,-0.457866608021606,-0.4135185742570089,0.5783963545116249
7494188105394,-1.3610280588001755,2.2811946733000585,1.4980133286999653,0.5638826109690829,-0.47607959240928555,-0.38889757684268345,0.5514918834071703
7494221371294,-1.362182498,2.3063979149,1.497820735,-0.5925911665,0.4930444062,0.3633121848,-0.5232086182
7494254660894,-1.3622924751984977,2.347805524200042,1.500380790894301,0.621103081161593,-0.514818096508312,-0.33052267375040967,0.48984492670233354
7494287955794,-1.3575317875975692,2.388964538599929,1.5026112479897753,0.6474605118865263,-0.5348056889356027,-0.29657901968102945,0.4547731805139706
7494321240794,-1.3479686426971833,2.429284175599748,1.5044964913869106,0.6715602749999853,-0.5529289661505661,-0.26161487390295185,0.41813157401271805
7494354529294,-1.3337323222972952,2.4682203499995836,1.5060274996861462,0.6933289656754583,-0.5691327749315217,-0.2257379707103086,0.3800331543875309
7494387825494,-1.3150153951978483,2.5052357696995187,1.5071993287878704,0.7126924758683181,-0.5833618591240619,-0.1890680487249591,0.3406048283735004
7494421111194,-1.2920874742987751,2.5397959238996326,1.508011418292404,0.7295732484655957,-0.5955592526174899,-0.15175265724109469,0.30000530456197266
7494454397394,-1.2652602196,2.5714328289,1.508469224,-0.7439193726,0.6056875587,0.1139094383,-0.2583627999
7494487694194,-1.2613381989986374,2.590773493199413,1.507909583099639,0.7495000056920668,-0.6081192438208043,-0.09342298385701613,0.24436217557072265
7494520975794,-1.2564828507977315,2.609887253998963,1.5072090202995267,0.7545892315781172,-0.610153174399163,-0.07288494615084798,0.23020855757673153
7494554300194,-1.250698407197281,2.628760864198685,1.506354576799587,0.7591919285102908,-0.6117910267155785,-0.05227287694859826,0.2158863164969948
7494587561294,-1.2440203606972857,2.647288999798615,1.5053379794997415,0.7632908990815706,-0.6130268871837685,-0.031665870642019735,0.2014505190003489
7494620844094,-1.2364519279977424,2.6654749195987875,1.5041462302999131,0.7668948719922333,-0.6138638556844821,-0.011024776637500771,0.1868739583149315
7494654134794,-1.2280159699986486,2.6832668487992386,1.5027693348000248,0.7699993378454008,-0.6143005060199099,0.009628408868210984,0.17217201213900496
7494687427094,-1.218736887,2.7006185055,1.5011976957,-0.7726014853,0.6143363118,-0.0302763041,-0.1573570073
7494720712394,-1.234968059500318,2.7098905515994614,1.5031044643001878,0.7774292202732824,-0.6084427020579924,0.024317829674389294,0.15751167873390395
7494754002894,-1.2512684745005267,2.719039005699099,1.5050461500003112,0.78218496508189,-0.6024912396663195,0.01835614917698502,0.15765163593371476
7494787293094,-1.267634988700628,2.7280613869989154,1.507019819300371,0.7868674569293412,-0.5964834395038954,0.012392804380017268,0.15777683614128138
7494820580194,-1.284065725300624,2.736956061598913,1.5090226697003686,0.791475874969816,-0.5904203777605397,0.006428854981415152,0.15788725942739645
7494853887794,-1.3005718700005164,2.7457283882990917,1.511053498700305,0.7960129970097709,-0.5842982800916507,0.00046063068373267146,0.15798296203336198
7494887159094,-1.317124689400308,2.7543626995994535,1.513106172300182,0.8004707143021477,-0.57812819838747,-0.005501132414262917,0.15806378242984154
7494920449394,-1.3337510824,2.7628726959,1.5151814222,-0.8048560619,0.5719004869,0.0114657851,-0.158129856
7494953738294,-1.3482192799011345,2.7684892649979225,1.5109621033009717,0.8039993255674224,-0.5740928797595725,-0.018724203211534396,0.15379159310763482
7494987027294,-1.362620619301906,2.774074430096536,1.5064803460016152,0.8030806267142139,-0.5762410369886907,-0.025981200212629244,0.14944146520298585
7495020322894,-1.3769532973023053,2.7796288250958416,1.501736464701933,0.8020998530282835,-0.5783452096947483,-0.03323763361306735,0.1450789574919362
7495053606694,-1.3912048394023229,2.7851489509958407,1.4967344906019273,0.8010576365317084,-0.5804040833934028,-0.04048893501307851,0.14070681957888265
7495086895594,-1.4053779572019505,2.7906371932965333,1.4914733911016014,0.7999535469830399,-0.5824185583543657,-0.04773822810990335,0.13632317165692182
7495120191894,-1.4194690599011788,2.7960934954979204,1.4859541659009576,0.7987875584194153,-0.5843885932774167,-0.054985453511555385,0.13192804274952366
7495153475394,-1.4334651232,2.8015141487,1.4801818132,-0.7975604534,0.5863128304,0.0622256547,-0.1275244355
7495186763594,-1.4432068883017177,2.7963894607009094,1.4852466859978126,0.7981006866219423,-0.5818672859797732,-0.0706918829038803,0.13952925575527503
7495220059994,-1.4527860479028918,2.7909360963014986,1.4902855553963694,0.7984527236479118,-0.5772833422015965,-0.07914351539906093,0.1515041084791586
7495253343794,-1.4621871256035033,2.7851627740017775,1.4952922537956628,0.79861632860971,-0.5725649922764305,-0.08757328558758938,0.16343870089068066
7495286632794,-1.4714058465035356,2.779072064201756,1.5002664721956838,0.798591613112462,-0.5677108713801745,-0.09598371928007171,0.175336612310046
7495319928794,-1.4804334166029725,2.7726693154014446,1.505205494496422,0.7983784782003149,-0.5627217879727175,-0.10437327557050351,0.18719565762597443
7495353210594,-1.489255146901799,2.765964846600856,1.510103257197865,0.7979771709026695,-0.5576021382748745,-0.11273464236257537,0.1990055037451023
7495386501394,-1.4978684187,2.7589604855,1.514960289,-0.7973875999,0.552349627,0.1210716888,-0.2107716203
7495419788994,-1.4970471300998456,2.758826913299832,1.5160579601998572,0.7982645414295181,-0.555211786508261,-0.11214816427071159,0.20478374757127593
7495453078594,-1.4962213784997445,2.75868294559972,1.5171510630997602,0.7990422364550819,-0.5580050529710717,-0.10321015357349894,0.19877004155291358
7495486369294,-1.4953914300996947,2.758528469499664,1.5182396009997106,0.7997205035474009,-0.5607289590800972,-0.09425900148579225,0.1927313967513953
7495519687594,-1.4945568656996961,2.758363238299664,1.5193244698997086,0.8002996694743988,-0.5633852437133254,-0.08528868180192352,0.18666372695769048
7495552947094,-1.4937201031997482,2.7581875910997207,1.520402900799756,0.8007783003471282,-0.5659667867081372,-0.07632358701221294,0.1805835543509425
7495586237694,-1.4928791355998496,2.7580009670998327,1.5214778544998526,0.8011577545429237,-0.5684803321189827,-0.06734061422503383,0.17447523034925788
7495619526894,-1.4920350313,2.7578034401,1.5225483179,-0.8014374971,0.5709230304,0.0583496392,-0.1683454514
7495652815994,-1.474752579900268,2.7567971699004454,1.5184838316990465,0.8039068576455612,-0.56951128853209,-0.05383748454111937,0.1627641905433833
7495686105294,-1.4574932617004417,2.755553081500741,1.5143865475984188,0.8063283350177032,-0.5680656060099996,-0.04932209524213993,0.1571731985326887
7495719393894,-1.4402611045005242,2.754071723200888,1.5102556163981122,0.8087017046673888,-0.5665860973423774,-0.04480386124779998,0.15157295663699913
7495752689494,-1.4230556862005181,2.752353251400887,1.506089120098122,0.8110273603979956,-0.5650724989609993,-0.04028200605196393,0.14596250063718694
7495785972594,-1.4058906233004271,2.7503993537007387,1.5018885634984431,0.813303813471451,-0.5635257959397111,-0.03575944795328688,0.14034545302711687
7495819262194,-1.3887596472002532,2.748209657300442,1.4976506221990706,0.815532240965023,-0.5619452064324126,-0.03123387555570389,0.134718944220818
7495852558294,-1.3716663122,2.7457847595,1.4933743477,-0.8177124858,0.5603308082,0.0267055575,-0.1290833056
7495885842894,-1.3748495474007507,2.747373852799693,1.49616320399925,0.8108916893596119,-0.5688087481198054,-0.035090317538177554,0.1329659573160152
7495919129894,-1.3780929324012385,2.7489621099994808,1.4988829030987396,0.8039051458424388,-0.5771713790011708,-0.043468530817191146,0.13682179131457572
7495952426394,-1.381396323601471,2.7505474905993688,1.501533320698475,0.7967526966219869,-0.5854187143526788,-0.05184027200212561,0.1406508283302824
7495985710194,-1.384756594701455,2.75212656309936,1.5041120895984625,0.7894405915288689,-0.5935435917767194,-0.06019825487568566,0.14444973941569686
7496018999694,-1.388174622401199,2.7536978314994593,1.5066201051987085,0.7819663301579833,-0.6015488841911795,-0.06854539925785011,0.1482198592233329
7496052294494,-1.3916493844007112,2.755258908399672,1.509056807599219,0.7743314464498173,-0.6094328032769126,-0.076879897136979,0.15196035912429642
7496085576894,-1.3951779604,2.756806612,1.5114204884,-0.7665416002,0.6171895862,0.0851956233,-0.1556684971
7496118868294,-1.4094152481012105,2.762854007699445,1.5038573432017828,0.7657358011214127,-0.6194860077220942,-0.08570390183552327,0.15013530673248301
7496152155494,-1.4235374644020362,2.7689879492990666,1.4961543899029515,0.7649019263058152,-0.621759343905202,-0.08620896244441677,0.14459728972039285
7496185444994,-1.4375454958024652,2.77520823429887,1.4883108070035178,0.7640398516344491,-0.6240099614241498,-0.08671088625821459,0.13905357011653807
7496218735694,-1.4514369972024872,2.78151326549886,1.4803275231034934,0.7631496329050095,-0.6262376994955,-0.0872096376653284,0.1335045341020875
7496252024794,-1.4652089558020909,2.787901092999042,1.472205923902891,0.7622313782311598,-0.6284422892122917,-0.08770515627869752,0.12795085279735458
7496285313394,-1.4788600088012653,2.7943704901994204,1.4639464865017222,0.7612850937217736,-0.6306237244996857,-0.0881974406878954,0.12239254728650847
7496318603894,-1.4923893213,2.8009204865,1.4555493593,-0.7603107691,0.6327821016,0.0886865109,-0.1168294251
7496351893394,-1.5061872855004343,2.8026679466003563,1.4618485801990702,0.7640636348773886,-0.624652162459574,-0.0934392983902862,0.13147446637603
7496385186294,-1.5199410071007509,2.803917920700589,1.4683630209984457,0.7675744754149856,-0.6163232149914029,-0.09816292629234556,0.1460792909888129
7496418471494,-1.5336286122009328,2.8046683692006993,1.4750819267981297,0.7708410288364274,-0.6078006953091876,-0.10285432449253468,0.1606344015995667
7496451760194,-1.5472375006009647,2.8049185534006917,1.4819987162981256,0.7738634039834563,-0.5990844765685368,-0.10751358908248974,0.17514008699421627
7496485055894,-1.5607519422008296,2.8046678120005706,1.4891051531984352,0.7766408437658402,-0.5901763171560481,-0.11213971587684117,0.18959324509557018
7496518338994,-1.5741470149005132,2.803916603400338,1.49638771539906,0.7791708943949457,-0.5810843338786827,-0.11672852337787751,0.20398079830848895
7496551628194,-1.5874134302,2.802665472,1.5038409233,-0.7814542651,0.5718063712,0.121281147,-0.2183062881
7496584924194,-1.5802435069996519,2.805470167301434,1.50900956109892,0.7835393202532684,-0.5744312045118161,-0.11372374978653006,0.20775426261485222
7496618208094,-1.5730084126994037,2.8080944195023942,1.5141761031982137,0.7854829132163194,-0.5769519302744449,-0.10614867698433157,0.19716876419015353
7496651496194,-1.5657094384992651,2.810537833902879,1.5193435816978735,0.7872856786407475,-0.5793693533817506,-0.09855358409045561,0.18654651868130756
7496684792694,-1.5583504851992456,2.812799001302885,1.5245131504978908,0.7889474399307358,-0.5816832857633478,-0.09093886659202495,0.17588807416437202
7496718076794,-1.5509410573993545,2.8148750597024077,1.529682080798257,0.7904668860291325,-0.5838918851507575,-0.08331065209457433,0.16520200904976304
7496751401794,-1.5434741671996033,2.8167677440014467,1.5348591528989641,0.7918459946488404,-0.5859981565535505,-0.07565807679908895,0.15447309373962953
7496784661294,-1.5359786749,2.8184700012,1.5400283337,-0.7930802703,0.5879951119,0.0680069625,-0.1437375396
7496817943494,-1.5338720720996604,2.820388246800628,1.5318142864002449,0.7921513477457092,-0.590251880149426,-0.06347943830417911,0.14166623153493682
7496851271494,-1.5317789444994387,2.8222440391010504,1.5235698312004027,0.7911967398128334,-0.5924935675352507,-0.058943727804778766,0.1395877082388388
7496884521794,-1.529707661299333,2.8240306315012638,1.5153259814004763,0.7902200505044926,-0.5947118264393981,-0.054416780807441764,0.1375097423470325
7496917811494,-1.5276515327993394,2.8257544728012673,1.507054174400469,0.7892179122026778,-0.5969144322485576,-0.04988279691062536,0.13542508705628312
7496951101994,-1.5256136077994549,2.827413499501059,1.4987644089003853,0.7881914737867094,-0.5990987300470724,-0.04534716961302462,0.13333621606303278
7496984392394,-1.523594572299676,2.829007725500637,1.4904573515002275,0.7871407937781338,-0.6012645930512388,-0.040810161115997244,0.13124324997097597
7497017679594,-1.5215952396,2.8305370808,1.482134223,-0.7860660553,0.6034117937,0.0362723358,-0.1291464567
7497050970294,-1.5019062608008344,2.826900146899412,1.4877301225018646,0.7907284103555361,-0.6047988898185046,-0.010466354117232943,0.09411343879810126
7497084259494,-1.4826210980014418,2.821560028799043,1.4933625267030743,0.7938749422202804,-0.6050266870895026,0.015358525087961164,0.05890161060081571
7497117547794,-1.4638868066017898,2.8145585942988833,1.4990318506036393,0.7954997911089015,-0.6040948404796574,0.04115326929217392,0.02357783870750442
7497150837694,-1.4458452334018477,2.8059497804989175,1.5047385544035807,0.795599916538244,-0.6020050296015236,0.06687037049914342,-0.011792823585348375
7497184128094,-1.428634968901586,2.795800554199129,1.5104822018029278,0.7941749789925778,-0.5987612198675144,0.09245967579934344,-0.04714141147637705
7497217420694,-1.4123868111009783,2.7841888602994973,1.5162625569017185,0.7912274520263144,-0.5943693239942379,0.11787341860846136,-0.08240196017166981
7497250706294,-1.3972291946,2.7712080479,1.5220772028,-0.7867641449,0.5888392329,-0.1430559158,0.1174971759
7497283994394,-1.3549576408010127,2.747682659701354,1.5135332039948066,0.7782367963286102,-0.578606164815127,0.17886149761568443,-0.16604505276817436
7497317290894,-1.3158915262016977,2.719123218702349,1.5050043288907553,0.7667361547091456,-0.566161521517456,0.2139932468112619,-0.21397123856735273
7497350574894,-1.2806497730020399,2.685983142502931,1.4964903092882507,0.7523138491645339,-0.5515609900010153,0.2482951946959998,-0.261062909957003
7497383862594,-1.2497505936020346,2.6487526990030448,1.4879812005876485,0.7350190650851667,-0.5348540458318457,0.2816534406003982,-0.30716357696932667
7497417159194,-1.2236624238016838,2.6079909223026325,1.4794697889892543,0.7149135031137313,-0.5161006718673191,0.31394529610985816,-0.35210386339012006
7497450443194,-1.2027984269009988,2.564345326601637,1.4709556852933119,0.6920873224792709,-0.49538486775631363,0.34502688499060036,-0.395683483980841
7497483730894,-1.1874638796,2.5184605122,1.4624289274,-0.6666175723,0.4727763534,-0.3747952878,0.4377579987
7497517027594,-1.1773159355995573,2.5091843877010045,1.473762171300309,0.665847177090037,-0.46432509307671543,0.3798051404992692,-0.4436189806025649
7497550320894,-1.1674178366992385,2.4995940336016576,1.485051882700512,0.6649893508043264,-0.4558136712865307,0.38476456511503504,-0.4494210607180901
7497583600194,-1.1577783922990579,2.4896981412019668,1.49628978260061,0.6640445339724914,-0.44724595406490425,0.38967136270398367,-0.4551616664024451
7497616889894,-1.1483962141990298,2.4794950599019456,1.5074794237006057,0.6630121723133687,-0.4386167951921018,0.39452849423569597,-0.4608442617369043
7497650177794,-1.1392804253991684,2.468994125401603,1.5186120181005012,0.6618927458410635,-0.4299304682447559,0.3993335216998165,-0.4664659943925651
7497683468694,-1.130435171099487,2.45819968030095,1.5296845297002983,0.6606862357640417,-0.4211868589598439,0.4040865036210342,-0.4720269328150775
7497716761494,-1.121866107,2.4471180439,1.5406919718,-0.6593928337,0.4123874009,-0.4087866545,0.4775261581
7497750046194,-1.1201539807008123,2.4576514297995136,1.536170973998579,0.6578802810924343,-0.4137665540657602,0.41261297255110563,-0.4751224151403788
7497783336494,-1.1184816563013544,2.4681976079991887,1.5316599125976311,0.6563512929729283,-0.41513576234140825,0.41642978584371565,-0.4727065818244338
7497816625394,-1.116849385201626,2.478754347199025,1.527160149897157,0.6548062128487235,-0.4164946944138655,0.42023618803291174,-0.4702792143050556
7497849913994,-1.1152569986016265,2.489321978699024,1.5226719470971564,0.653245029049539,-0.41784336240208964,0.424032211937877,-0.46784029300355745
7497883204594,-1.1137042738013558,2.4999012155991855,1.5181954045976296,0.6516676707705518,-0.4191818255032467,0.42781802585599543,-0.46538970851634476
7497916493694,-1.1121912554008138,2.5104909268995104,1.5137314017985775,0.650074342384143,-0.4205099098996914,0.4315931380693765,-0.4629277786236267
7497949787694,-1.110717535,2.5210931301,1.5092794895,-0.6484647989,0.4218278527,-0.4353581965,0.4604541063
7497983072194,-1.1051193539997155,2.5243527450994954,1.509115206899849,0.6520941678651375,-0.4187066776738775,0.43064689785454224,-0.4626025979994462
7498016361194,-1.099524608599524,2.527623059799161,1.5090319663997485,0.6556916192617466,-0.4155642717706229,0.42591355984606516,-0.46472838948886386
7498049657194,-1.093934030899427,2.5309042434989957,1.509029746499698,0.6592572028818098,-0.41240052838207747,0.4211580350527811,-0.4668315050948426
7498082939994,-1.0883521597994248,2.534194219198998,1.5091084523996976,0.6627885873145335,-0.4092175301010033,0.4163834507671649,-0.4689105709097072
7498116229194,-1.0827768534995188,2.5374948354991664,1.5092680161997478,0.6662876865637084,-0.40601356706847136,0.4115872393293885,-0.47096671486542446
7498149525794,-1.0772090955997102,2.540806109999501,1.5095083871998485,0.6697544111223087,-0.402788689802541,0.40676948235926835,-0.47299988199843657
7498182831994,-1.0716496706,2.5441281796,1.5098295212,-0.6731888056,0.3995428383,-0.4019300938,0.475010097
7498216096794,-1.0707195983992748,2.5358272717001373,1.508594710200116,0.6678292841129767,-0.41432157859305807,0.40228189655186464,-0.4695859372893747
7498249394094,-1.06970075509879,2.527508986400237,1.5074982044001928,0.662279493900742,-0.4289999616829173,0.4025225841489413,-0.46402637218663645
7498282677494,-1.068591176198547,2.5191888452002953,1.5065397169002306,0.6565485369067302,-0.44355336408447815,0.402651653157214,-0.45834056999652245
7498315966594,-1.067387031398546,2.5108658958003054,1.5057165477002297,0.6506346941626427,-0.45798636705118884,0.4026691849347137,-0.45252680567138925
7498349256294,-1.066085372098788,2.5025453594002633,1.5050266265001906,0.6445404587049544,-0.47229272537872313,0.4025751402658199,-0.4465875447061869
7498382544494,-1.0646832863992726,2.4942317047001636,1.5044676089001139,0.6382679107268948,-0.4864675779932475,0.4023695557847107,-0.44052481232652824
7498415835394,-1.0631777048,2.4859278202,1.5040369034,-0.6318179965,0.5005087852,-0.4020524621,0.4343395233
7498449123094,-1.0634852464002553,2.485350244700773,1.4995168955999227,0.6308354759937029,-0.5005897511779034,0.40494564954885715,-0.43298443869831776
7498482412094,-1.0638204726004232,2.4847846578012933,1.4949971600998728,0.6298458737928496,-0.5006651311898028,0.4078344286282702,-0.4316244669875326
7498515702794,-1.0641833645005048,2.484231107401559,1.4904778352998498,0.628849179121654,-0.5007349174254488,0.4107187955270653,-0.430259599997197
7498548991894,-1.0645738578005013,2.483689701201566,1.485959561899852,0.6278455018954424,-0.5007991021174237,0.4135984319899682,-0.4288899883693744
7498582280594,-1.0649919349004153,2.4831604705013106,1.4814423696998789,0.6268348177963401,-0.5008576874311195,0.4164734099706126,-0.42751559846025516
7498615571094,-1.0654375944002477,2.4826434329007894,1.4769261528999282,0.6258170708168609,-0.5009106761606571,0.4193438872644422,-0.4261363544646529
7498648863894,-1.0659108162,2.4821386337,1.4724110365,-0.6247922778,0.5009580851,-0.4222098887,0.4247522652
7498682154894,-1.0633518734020393,2.489540369201263,1.4781570798991794,0.6310208433028627,-0.5004941513500808,0.415428187753598,-0.42277384096165166
7498715438794,-1.0609685151034016,2.496959777702066,1.4839521322986353,0.6371920125219153,-0.499985846552502,0.4086110216838996,-0.4207582742904636
7498748727494,-1.0587607227040852,2.504396889802432,1.4897961781983655,0.6433074271857581,-0.49943302101184567,0.40175654817878437,-0.4187050126832615
7498782025194,-1.0567291167040878,2.511850026702384,1.495687884098369,0.6493672795862051,-0.49883562670000897,0.3948644893968289,-0.4166139565005022
7498815305894,-1.054875945803409,2.519310732801947,1.5016205175986435,0.6553663201607955,-0.49819419906863077,0.3879408521992439,-0.41448693780164836
7498848595894,-1.0532003474020462,2.5267822650011444,1.507596619999188,0.6613087761929795,-0.4975083036810992,0.38098079323535144,-0.41232247753943907
7498881891794,-1.0517032146,2.5342612267,1.5136134624,-0.6671934724,0.4967780411,-0.3739856184,0.4101209641
7498915176194,-1.0551499236961421,2.5491951755007873,1.5118100186991545,0.6664918589845857,-0.4948163668592875,0.3786888562321998,-0.4093166441289612
7498948463994,-1.0585230801935634,2.5641610306013023,1.5101222118985893,0.6657721039891147,-0.4928410766592423,0.3833823074195274,-0.4085011445087338
7498981760394,-1.0618223095922679,2.57915998800155,1.5085495857983056,0.6650341047371021,-0.4908519083915494,0.3880665723322168,-0.40767435411516806
7499015044994,-1.0650447476922604,2.5941816931015373,1.507092819198304,0.6642783359549507,-0.48885013670176597,0.3927386556277703,-0.4068368034031313
7499048344294,-1.0681921047935445,2.60923694460127,1.5057504870985854,0.6635042141442415,-0.48683422029124596,0.39740214880642954,-0.4059878469736251
7499081622894,-1.0712602189961222,2.624308563600755,1.5045236926991503,0.6627125880564767,-0.48480636049785536,0.40205197079879623,-0.40512841325820886
7499114926794,-1.0742524862,2.6394162178,1.5034104586,-0.6619023681,0.482763797,-0.4066944122,0.4042573273
7499148203094,-1.0759795298006896,2.6440911626000108,1.5003052896003914,0.6629514738281665,-0.47779213309479146,0.40928304569386886,-0.4058292860419779
7499181489294,-1.0776614084011629,2.6488067345000235,1.4972336371006634,0.6639776713210145,-0.47280225490899314,0.4118581140168517,-0.4073874981618562
7499214778794,-1.0792975616014113,2.653561373700035,1.4941965939008095,0.6649807206049239,-0.4677953263166616,0.414419015934138,-0.40893159957653674
7499248069094,-1.0808876644014271,2.6583540770000416,1.491194852800823,0.6659605068911757,-0.4627718956258625,0.4169654668527075,-0.41046141759293
7499281358294,-1.0824314396012022,2.6631839116000404,1.4882290380006968,0.6669169403683757,-0.4577324256287124,0.41949723226540975,-0.41197681160400346
7499314646994,-1.083928737800729,2.668050297900027,1.4852995419004247,0.6678500063434807,-0.4526770031301568,0.4220142703765595,-0.4134777569140245
7499347937394,-1.0853794813,2.6729528904,1.4824066162,-0.6687597632,0.4476054907,-0.4245166779,0.4149643183
7499381227194,-1.0789541151015893,2.657307297799223,1.4866404725994948,0.6637104451906761,-0.44393070700603926,0.4247610052507483,-0.4266052750966478
7499414518894,-1.0729294395026383,2.641557252498755,1.4910755034992051,0.6585449950284588,-0.4401782298239572,0.4249312084560829,-0.4381724359108726
7499447805694,-1.0673106614031524,2.6257171486985666,1.4957081159991032,0.6532653542725313,-0.43634947074564245,0.4250272138658801,-0.44966141013054406
7499481093594,-1.0621004465031374,2.6097953737986272,1.50053631289916,0.6478715126791047,-0.43244442104186065,0.42504903455152343,-0.46107227632495607
7499514421694,-1.0572969056026007,2.5937843832989076,1.505563188199348,0.6423578658753255,-0.42845903513076566,0.4249965543303428,-0.4724162954114166
7499547672694,-1.052919430701553,2.577751965499375,1.5107676633996374,0.6367449677949476,-0.4244081594349067,0.42487009032475553,-0.4836516996148366
7499580962194,-1.0489549637,2.5616538525,1.5161643028,-0.6310145259,0.420278579,-0.424669385,0.4948157668
7499614258594,-1.0493936733996883,2.565136806100043,1.5154601102998366,0.6364547710916713,-0.42736098662551236,0.42122594530434254,-0.48462007229125376
7499647541994,-1.049931227599482,2.5686057667000783,1.5147625001997234,0.6417685420241299,-0.43435713124944497,0.41770155162586536,-0.47433367450595326
7499680830294,-1.0505674558993807,2.572059915300102,1.5140717359996627,0.6469576573002734,-0.4412694078351475,0.4140949965106339,-0.4639530506788574
7499714126894,-1.0513019811993833,2.57549691690011,1.5133883869996574,0.6520215575028369,-0.44809712003859764,0.41040656841253426,-0.4534791154711948
7499747410694,-1.0521337408994882,2.578911934100098,1.5127135142997101,0.6569560698006137,-0.4548346245385987,0.4066393417114051,-0.4429205712602184
7499780698494,-1.0530624625996943,2.582304051800063,1.5120473969998236,0.6617627706857184,-0.46148403972958046,0.40279218320259336,-0.43227418794107597
7499813988694,-1.0540874004,2.5856704712,1.511390686,-0.6664404869,0.4680437446,-0.3988660276,0.4215425551
7499847276894,-1.056221515299639,2.6008865232000793,1.5066294621997105,0.6702486828015721,-0.4701457147350452,0.3960731308042791,-0.4157592875377863
7499880567394,-1.0585891119993969,2.616083706500143,1.501914825299533,0.6740168450189549,-0.47221956394050857,0.3932562287062575,-0.40995062464431237
7499913856694,-1.061189602199275,2.6312567339001838,1.4972473066994583,0.6777443144038579,-0.4742649240233064,0.3904157648892944,-0.4041175035312369
7499947145294,-1.0640225978992737,2.6464021528001966,1.4926268543994772,0.6814309260843566,-0.4762817049031436,0.3875518699700733,-0.398260189616123
7499980435694,-1.067087860399394,2.661517423000174,1.48805313439958,0.6850767331273832,-0.47826993532675777,0.38466449978626566,-0.39237859433745037
7500013725694,-1.070384682699636,2.676597874800111,1.4835264515997573,0.6886812725276241,-0.4802293625205613,0.38175401757814464,-0.38647345873393835
7500047013294,-1.0739122629,2.6916389465,1.47904706,-0.6922441721,0.4821597934,-0.3788208067,0.3805455267
7500080304294,-1.0628328048959488,2.6796733112014577,1.4895700839984014,0.6781721862109068,-0.4664301320019194,0.3922444698672866,-0.41069416074388315
7500113594194,-1.0528344992931016,2.6669395997021916,1.5002717872973819,0.6630600645944774,-0.4499852911893703,0.4050658205639121,-0.44021161895623523
7500146886894,-1.043974426191561,2.6535229138023375,1.5111435374969204,0.6469290942033339,-0.43284848909335916,0.4172666066759444,-0.4690559790856446
7500180171894,-1.0363062889914156,2.639518438502039,1.5221709348969898,0.6298093326143012,-0.41505157119784913,0.42882440119032367,-0.49717404471863363
7500213460494,-1.0298711263927383,2.625015960301445,1.5333457895975546,0.6117214206066364,-0.39661592678928254,0.43972551109253255,-0.5245323489380692
7500246756394,-1.024705136295587,2.610111141600712,1.544656608498574,0.5926906364971991,-0.37756749127898126,0.4499540926933073,-0.551091565355871
7500280039994,-1.020839572,2.5949127674,1.5560830832,-0.5727576017,0.3579468429,-0.4594886005,0.5767955184
7500313328594,-1.015849993008687,2.550064927200284,1.5445646266041508,-0.531578412111295,0.32454144507764254,-0.4916247411043936,0.6086068978726645
7500346624994,-1.0172126120142893,2.505154712701508,1.5322711186067188,-0.4878071725140684,0.28955160507596633,-0.5213800763971973,0.6374690944491461
7500379927194,-1.024886967516799,2.461071037603037,1.519294095207776,-0.4416576337356585,0.2531484923869421,-0.5486067391117435,0.663238283851601
7500413196294,-1.0386898479163342,2.418733037104235,1.5057538795074457,-0.39341049421460605,0.21555295567559293,-0.5731439568697313,0.685763159585759
7500446492994,-1.0583591484131312,2.378899315504494,1.491741502005895,-0.3432127214396734,0.17687940659158943,-0.594917915891667,0.7049761532966174
7500479780294,-1.0834785091075374,2.34240309760325,1.4773966712033326,-0.29136223355354796,0.13735771670285019,-0.6137964304997244,0.7207599103908765
7500513064894,-1.1135449409,2.3099575043,1.4628477097,-0.2381012738,0.097172305,-0.6296932101,0.7330428362
7500546361594,-1.1248120675985835,2.2932504865989256,1.4717496875996607,-0.2200540522579482,0.07991225441099555,-0.6263346558105578,0.7435691928869018
7500579660194,-1.1369947707977062,2.2772799377981316,1.4807993551994016,-0.2018416950596464,0.0625916245104526,-0.6225088186438178,0.7535416308255767
7500612933494,-1.1500429969973305,2.262107011097667,1.4899733483992434,-0.18349281393951206,0.04523752490345841,-0.6182221614093668,0.7629451570824075
7500646223494,-1.1639311191974164,2.2477588068975787,1.4992669831992056,-0.1649979852370602,0.02784100590131386,-0.6134726488333241,0.7717848485112537
7500679511394,-1.1786075979979207,2.234288054497911,1.5086585303993072,-0.14638134592196647,0.0104248334972855,-0.608266199210125,0.7800487518809938
7500712802294,-1.1940281047987982,2.221734203698705,1.518132577899566,-0.12765391611584215,-0.00700067870558434,-0.6026058775227799,0.7877319496966915
7500746089994,-1.2101409435,2.2101383209,1.5276702642,-0.1088331491,-0.0244193003,-0.5964969993,0.794827342
7500779379794,-1.1967973390999371,2.2023683020001426,1.5265389977998238,-0.11203396960722531,-0.02104912040634441,-0.5998940082283364,0.7919169799138716
7500812669994,-1.1833798006998937,2.1947401612002433,1.5253176762997174,-0.11523017340367489,-0.017678025803464625,-0.6032661329124666,0.7889736798030016
7500845996494,-1.1698753450998705,2.187247347800299,1.524005818899674,-0.11842505930588877,-0.014302518401400635,-0.6066167889269585,0.7859942841317107
7500879250594,-1.1563297523998681,2.1799154802003056,1.522608846099687,-0.12160808179911813,-0.010933749498284068,-0.6099349493959232,0.7829886877014511
7500912538294,-1.1427015958998885,2.17272232330026,1.5211234709997499,-0.12478926300242422,-0.007561122096065314,-0.6132310971158174,0.7799474923365619
7500945828094,-1.129005300799932,2.1656762838001598,1.5195519856998565,-0.12796545219114927,-0.004187967393069795,-0.6165019350648324,0.776873649981737
7500979123794,-1.1152409315,2.1587779522,1.5178952217,-0.1311368793,-0.0008140405,-0.6197476983,0.7737669349
7501012406394,-1.0974482278001414,2.1515763480993386,1.51755307890229,-0.12916294209454332,0.006821869514108778,-0.6160865847035847,0.7769863040196313
7501045694994,-1.0796181052002245,2.1444676077988785,1.5170571939038078,-0.1271775430925829,0.01445856931889953,-0.6123718379114522,0.7801394455090288
7501078992594,-1.0617515101002553,2.137449535898631,1.5164058907045586,-0.1251806653934412,0.022096089724154732,-0.6086033998318044,0.7832263182144267
7501112273194,-1.0438649904002413,2.1305259298986075,1.5155982607045473,-0.12317404368731218,0.029727811128000273,-0.604784556016847,0.7862442705742022
7501145563194,-1.0259469634001892,2.1236895858988194,1.5146322977037798,-0.12115626248767394,0.03735913143315471,-0.6009126234323657,0.7891954601733401
7501178859794,-1.0080015234001063,2.1169394310992797,1.513506603302262,-0.11912765758836681,0.04498875043855342,-0.5969882235484265,0.7920793359733483
7501212142294,-0.990042448,2.1102778912,1.5122206211,-0.1170896739,0.0526112728,-0.5930141807,0.7948939204
7501245430894,-0.968713615500145,2.1085108238019123,1.5146734309005516,-0.12856650688209506,0.04984682004156092,-0.5931256320657122,0.7932136738776822
7501278721594,-0.9474057395002751,2.1070602740031767,1.5174995187009233,-0.14002578647653424,0.04707510683948128,-0.5931527725734146,0.791420559390613
7501312010894,-0.9261325564003701,2.1059244703037985,1.5206993703011122,-0.1514646719574851,0.044296815933309766,-0.5930955629269293,0.7895149767315188
7501345301194,-0.9049040091004097,2.105101211903784,1.5242737681011163,-0.16288236144824847,0.0415121422305462,-0.5929540087225061,0.7874970615287293
7501378589794,-0.8837332680003743,2.104588265003141,1.528222756100933,-0.17427630624542884,0.038721707729305076,-0.592728144140298,0.7853672679555561
7501411877894,-0.8626309816002443,2.104383113401877,1.5325465718005613,-0.18564529914119482,0.03592580912751018,-0.5924180015511968,0.7831258331733133
7501445168994,-0.841606319,2.1044831276,1.5372456312,-0.1969889253,0.0331245512,-0.5920236111,0.7807728648
7501478456294,-0.8299318006997537,2.0980501539017475,1.5325508065983617,-0.19931794153523522,0.033599835915539326,-0.5933439350574412,0.7791574834006002
7501511746294,-0.818219435099597,2.0916907150029167,1.527846623797272,-0.20164516203362307,0.03407482450556148,-0.5946584583543651,0.7775342133121597
7501545036494,-0.8064704369995256,2.085405507303505,1.52313377819673,-0.20397037912611826,0.034549475094614084,-0.5959670402338706,0.7759031545010721
7501578325594,-0.7946856079995348,2.0791949794035096,1.5184127978967332,-0.20629347893184746,0.03502376438593812,-0.5972696166518092,0.7742643873400319
7501611616894,-0.78286412099962,2.0730587225029287,1.5136835585972803,-0.2086146682099616,0.03549773457259726,-0.5985663034899382,0.7726177653757724
7501644905094,-0.7710082037997767,2.06699791080176,1.5089471576983697,-0.21093355431502822,0.03597130556386773,-0.5998568816055623,0.7709635675117926
7501678195394,-0.7591163516,2.0610117912,1.5042032003,-0.213250488,0.0364445485,-0.601141572,0.7693015933
7501711510894,-0.7696875594011781,2.053231347401739,1.5107482975002076,-0.20271634161389943,0.038822223259658395,-0.5956279240744947,0.7762900848822958
7501744772994,-0.7802733127019222,2.0457561642029045,1.517567276200343,-0.1921594814366644,0.041188503769462516,-0.590006765312509,0.7831157371274666
7501778061194,-0.7908903742022582,2.0385737071034935,1.5246709344004075,-0.18155677804294146,0.04354858997576935,-0.5842658713004145,0.789793674507055
7501811378794,-0.801531321302209,2.031689479503501,1.5320552970004033,-0.17090916224579603,0.04590223378076549,-0.5784055085748039,0.7963228684677457
7501844639494,-0.8121600483017998,2.0251261552029236,1.5396953163003326,-0.1602463363601175,0.048242889688526296,-0.5724421422866982,0.8026853237800455
7501877929194,-0.8227954633010549,2.018871374001757,1.5476045930001976,-0.14954289048105768,0.050576156098572495,-0.5663616802243322,0.8088964232300292
7501911226294,-0.8334221244,2.0129344463,1.5557724237,-0.1388078183,0.0529000498,-0.5601691008,0.8149507046
7501944508894,-0.8375267318018618,2.0175097661000225,1.5450001578011086,-0.16910122860769994,0.0833938381959662,-0.5682490641352053,0.8009639463445123
7501977797194,-0.8422313183030742,2.021956172400053,1.5344184715019404,-0.1990431925203012,0.11371696868554196,-0.5751319900307835,0.78528558664191
7502011087494,-0.8475180761036547,2.0262173004000825,1.524036409402438,-0.22856709461481595,0.1438020464641003,-0.5808021519793192,0.7679498127796311
7502044377994,-0.8533643750036208,2.0302386338001006,1.5138606662025436,-0.2576090181240952,0.1735839584514828,-0.5852471624701941,0.7489939665778622
7502077665894,-0.8597425457029896,2.033967621500099,1.5038964483022044,-0.2861053182486005,0.20299741755022083,-0.5884574046920008,0.7284597986168921
7502110956194,-0.8666219330017774,2.0373550466000685,1.4941448528013714,-0.31400016763818733,0.23198479782475473,-0.5904265999423688,0.7063875553702034
7502144244194,-0.8739657402,2.0403535366,1.4846080542,-0.3412308097,0.2604808807,-0.5911503434,0.6828269362
7502177534394,-0.8607827847050339,2.079508595299298,1.4930005046029728,-0.39620551664879394,0.30400866195078846,-0.5610851955773896,0.6601388682238275
7502210823394,-0.85404490980822,2.1203629800984936,1.500921021303208,-0.44866822121869987,0.34560893446217955,-0.5274665713739555,0.6332695380099763
7502244112794,-0.8539306595095919,2.161876900797794,1.508258476501707,-0.49828914979256256,0.3850202022747365,-0.49050593517965646,0.602387993400314
7502277403194,-0.8604519627092546,2.2029927241974074,1.5149161896995456,-0.544754640779042,0.4219933450945971,-0.45043657699918505,0.5676890770015103
7502310692494,-0.8734520092073802,2.242659572197531,1.5208141741978274,0.5877674103492834,-0.45629181039885264,0.40751488470743064,-0.5293948184825048
7502343983994,-0.8926120788042007,2.279869541698344,1.5258926177976384,0.627059020757245,-0.48770154912886093,0.362008415841869,-0.4877438777923664
7502377270794,-0.9174514413,2.3136658669,1.5301109552,-0.6623728871,0.516017437,-0.3142151535,0.4430091083
7502410561894,-0.9300513501978867,2.344775756800919,1.5269057171987928,0.6673449214817,-0.5226907858467679,0.31257282136631015,-0.42865292429490887
7502443871294,-0.9436125318964604,2.3755308217016315,1.5240200743981591,0.6721340021705268,-0.5292223655172534,0.3108426143465132,-0.4141695788789633
7502477139494,-0.9580934166957332,2.405847551902076,1.5214719378979973,0.67673041309116,-0.535598827213132,0.3090281821410886,-0.39958907258327225
7502510427694,-0.9735023407957133,2.4357535828021946,1.5192690202982038,0.6811415101164608,-0.5418302682131834,0.30712677413722855,-0.3848887478900325
7502543723394,-0.9898162181964116,2.465209097801928,1.517424918798675,0.68536417716902,-0.5479124314556029,0.30513952660040605,-0.3700780747571001
7502577220094,-1.0071186766978488,2.4943531133012096,1.5159443754993125,0.6894199842424374,-0.5538775352949729,0.3030546454168726,-0.3550741374895914
7502610295694,-1.0250593424,2.5226223469,1.5148626566,-0.6932344437,0.559614718,-0.3009122908,0.3401607573
7502643592294,-1.028660386398262,2.540607615800333,1.5142031444011517,0.6944847493631019,-0.5554895605984256,0.3026991898029492,-0.34277613898997694
7502676875994,-1.0321270353971002,2.5586156491005387,1.5136513472019195,0.6957147709027682,-0.5513501648560707,0.3044767664699335,-0.34538073475645126
7502710164094,-1.0354613647965165,2.5766541024006266,1.5132076648023038,0.6969250597421944,-0.5471944549928993,0.30624587108053775,-0.3479757979723381
7502743454194,-1.0386633337965132,2.5947199866006074,1.5128728759023045,0.6981154882676719,-0.5430228449182719,0.30800632288512636,-0.3505610645813936
7502776743694,-1.0417329365970918,2.6128101929004903,1.5126477167019206,0.6992859282232884,-0.5388357787894142,0.3097579335588583,-0.3531362579552621
7502810031694,-1.0446703708982534,2.6309225277002843,1.5125328734011523,0.7004363163123332,-0.534633491086691,0.3115006064472994,-0.3557012358458022
7502843322494,-1.0474762917,2.6490576267,1.5125290155,-0.7015668154,0.5304155946,-0.3132345378,0.3582562804
7502876611994,-1.0405007854994028,2.635998523400361,1.515202532699371,0.6969383551332199,-0.5209708028104103,0.31818537705125005,-0.37633019755798547
7502909900794,-1.0340950623989904,2.622671504700578,1.5179762172989515,0.6919882016269358,-0.5112856673078989,0.32298919914954105,-0.39422997406003285
7502943190894,-1.0282705236987717,2.6090986468006654,1.5208408277987424,0.6867182866298537,-0.5013640360121072,0.3276440486519855,-0.41194838946735074
7502976479194,-1.0230383947987558,2.595304554500637,1.5237865175987437,0.6811315416383837,-0.4912114195201964,0.3321473459571216,-0.429475616178512
7503009769394,-1.0184077001989507,2.5813114407005067,1.5268038857989548,0.6752299242473354,-0.4808313772283107,0.33649751126254623,-0.44680550689061166
7503043087094,-1.0143841807993637,2.567132432700289,1.529885471599375,0.6690112089868117,-0.4702204271873012,0.3406956745326855,-0.46394311015523787
7503076349594,-1.0109844208,2.5528273582,1.5330135822,-0.662494123,0.4594101012,-0.3447296917,0.480838269
7503109637494,-1.0141077342998674,2.552445626699506,1.5335298410999416,0.6766962945170769,-0.47913923151571863,0.3286099014555713,-0.4522424730990487
7503142943394,-1.017184788799749,2.5518202598991833,1.5340946192998892,0.6897761877817112,-0.49807895279618797,0.3119326849464648,-0.4228760664933306
7503176220994,-1.020191379499663,2.5509573060990296,1.534708431299851,0.7016942995003629,-0.5161717023159075,0.2947492699623037,-0.39282916342054114
7503209505594,-1.0231112666996283,2.54986273209904,1.5353728719998352,0.7124444898755491,-0.5334072807040088,0.2770706002600707,-0.3621207039226668
7503242794994,-1.0259252966996621,2.5485446864992114,1.5360885788998497,0.7220074894611511,-0.5497553331997803,0.2589270798631282,-0.330803606531062
7503276090994,-1.028615351599781,2.5470126772995343,1.536855930299902,0.730367242351766,-0.5651889988993967,0.24034777526875653,-0.2989281414419425
7503309373894,-1.0311625004,2.5452787876,1.537674427,-0.7375052571,0.5796737075,-0.2213748097,0.266566515
7503342661894,-1.0622869631982934,2.5691067019011418,1.5366760746937758,0.753007440162361,-0.5936249054064643,0.17636847578925133,-0.2224487075464159
7503375959594,-1.096263203897271,2.588634865101962,1.535045381690033,0.7651942984880651,-0.6049630080161472,0.13057148180154862,-0.1773373413400599
7503409242194,-1.132465330396878,2.6035098654024056,1.5327780618886024,0.7740038286988333,-0.6136302218119226,0.08421986550875801,-0.13146496982955053
7503442530394,-1.1702755173970423,2.6134848050024377,1.5298785477892332,0.7794041242243557,-0.6195948773174661,0.03748933951516043,-0.08500557962120064
7503475820694,-1.209022683097681,2.6183851116020413,1.5263636226916057,0.781369634421689,-0.6228291221988411,-0.009409359581345434,-0.03816861141050493
7503509109494,-1.2480185273987006,2.618127655801221,1.5222611808953388,0.7798913918945928,-0.6233182793590871,-0.05626447957592387,0.008834466797272724
7503542397994,-1.2865759134,2.6127212048,1.5176090002,-0.7749761343,0.621060431,0.1028712168,-0.0557981879
7503575688394,-1.3213858909005565,2.6158232821019975,1.5114822724046346,0.7727364561223797,-0.6227034793741275,-0.10269898438560582,0.06761408700075808
7503608979394,-1.3563305106008992,2.6182513392032902,1.5058326992076756,0.770382860512678,-0.624254790478915,-0.10251161429504713,0.07942023499746982
7503642268394,-1.3913880324010446,2.6200067259039006,1.500667710009151,0.7679158881258191,-0.6257140226025798,-0.10230915010729552,0.09121397089676335
7503675557094,-1.426541165401009,2.6210914952038515,1.4959937231090896,0.7653357882218281,-0.6270810448126752,-0.10209161281702585,0.10299416049434618
7503708845294,-1.4617705704008108,2.621507953003168,1.4918171913075227,0.762642960605958,-0.6283556507132919,-0.10185903632492686,0.11475899779020365
7503742136594,-1.4970608934004683,2.6212587490018753,1.4881438716044815,0.759837497587637,-0.6295377796120748,-0.10161142803224994,0.12650801948534124
7503775424294,-1.5323858261,2.620347023,1.4849803448,-0.7569203973,0.6306270361,0.101348877,-0.1382371336
7503808715994,-1.5615891886005027,2.628998741998461,1.4873984314981246,0.7489043507842995,-0.6359814828142276,-0.10623022613516166,0.15292143717947346
7503842003594,-1.5910125771007986,2.636832801497433,1.489887925296923,0.7406404315069542,-0.6411239342242155,-0.11107567393248322,0.16755311648101667
7503875292994,-1.6206363610009111,2.643846040596918,1.492467206996367,0.732129929482039,-0.6460535998926333,-0.11588447002273161,0.18212990427149653
7503908587194,-1.6504381756008648,2.650035303796919,1.4951543682964272,0.7233748336050219,-0.6507692220029296,-0.12065543832062474,0.19664825197358538
7503941872094,-1.6803800496006824,2.655395691397435,1.4979659322970735,0.7143818098367833,-0.6552672802217172,-0.1253849811205322,0.21109719977905775
7503975165494,-1.7104524706003867,2.6599287532984635,1.5009209198982751,0.7051490471422264,-0.6595486926166598,-0.13007405671622282,0.22547967347734493
7504008457494,-1.7406208515,2.6636326313,1.5040358305,-0.6956822872,0.6636106968,0.1347196996,-0.2397865951
7504041740194,-1.7743215154991192,2.6777588001016333,1.5014058382952178,0.6738012609400167,-0.648897347908813,-0.18993312990631073,0.29807633048691584
7504075028794,-1.8099296733987522,2.6860201250027758,1.4988593437916986,0.6471031537142654,-0.6295460834853709,-0.24379956149237866,0.3542471044869757
7504108326094,-1.8464345082987716,2.6881768641033656,1.4963853224897414,0.6157733647147328,-0.6056905296840569,-0.2959376494856842,0.40790078839814947
7504141608994,-1.8827706290990407,2.684166740803371,1.493972526489551,0.5800585552284219,-0.577518753692783,-0.3459393277865437,0.45861764371864816
7504174896594,-1.9179234930994222,2.6741036907027906,1.4916048837912246,-0.5401953128110378,0.5452177492674184,0.39347697966765965,-0.5060657036120623
7504208187194,-1.9508891915997824,2.6582723609016483,1.4892665701947494,0.4964690369175649,-0.509018508363002,-0.43820769186367,0.5499024207234999
7504241476294,-1.9807238579,2.6371252537,1.4869410992,-0.4491977692,0.4691842794,0.4798056781,-0.5898084641
7504274764594,-1.9873397360993452,2.627874615800163,1.484894208800122,0.38974287353701415,-0.4204328389728225,-0.5259514867734305,0.6282608964444484
7504308055494,-1.992028183098901,2.6175286931004065,1.4827646430001098,0.32657272203826043,-0.3676747856779452,-0.5670934569738049,0.660734833541185
7504341348394,-1.9946127317986933,2.60648247830065,1.4805573946000246,0.2602891767379057,-0.31141259008125294,-0.6028380524698895,0.6869192279346238
7504374632694,-1.994997181298726,2.5951611438008113,1.4782811039999257,0.19154512123542108,-0.2522006826811723,-0.632835294954693,0.7065583993171867
7504407923294,-1.9931694835989822,2.5839917240008075,1.4759453204998647,0.12096458104501615,-0.19057664659732185,-0.656813589484518,0.7194748227511415
7504441211794,-1.9892012719994254,2.5734032688005595,1.4735634265998812,0.04923689284507717,-0.12714219049926626,-0.6745374927735439,0.7255410137413266
7504474536794,-1.9832378626,2.5637893677,1.4711471796,0.0230386853,0.0624260567,0.6858488321,-0.7246955633
7504507789794,-1.976002680000817,2.562442981299808,1.4629761097994554,-0.05254190475555835,-0.03803356420768825,-0.6801896786707619,0.7301608023360905
7504541082294,-1.968633444201364,2.5614782591996783,1.4548534188990736,-0.08199976116148028,-0.013553920612720526,-0.673483107195564,0.7345153740580878
7504574370594,-1.9611691417016388,2.5609065420996124,1.446782410098868,-0.11132838876087843,0.01094338298279349,-0.6657465016686461,0.7377450967243077
7504607660694,-1.953638549501641,2.56073474909961,1.4387538592988491,-0.1404881913745926,0.03542525948021349,-0.6569904221207996,0.7398457300793111
7504640953794,-1.9460719025013695,2.5609675775996728,1.4307594584990266,-0.1694355408721299,0.05985510697389963,-0.647227737792412,0.7408138896447803
7504674238394,-1.9385025483008231,2.5616069866998026,1.422793722299408,-0.1981161947697072,0.08418711656635282,-0.6364770094731566,0.740648040020577
7504707528094,-1.9309581518,2.5626528263,1.4148449898,0.2264980227,-0.1083940044,0.624750495,-0.7393485904
7504740821994,-1.9382601924990925,2.5613002277970836,1.390807679999684,-0.22575818647548407,0.10858883626363436,-0.6342222320770348,0.7314395848034437
7504774106494,-1.945732778998447,2.560510699195159,1.3668051520993976,-0.22498408148642254,0.1087670293707864,-0.6435944361031585,0.7234211071130167
7504807395594,-1.9533791441980881,2.5602828358942147,1.3428418409991862,-0.2241754925844138,0.108928627871869,-0.652869596092507,0.7152909848813237
7504840691294,-1.9611998560980406,2.560615612894241,1.3189308446990957,-0.22333247760244798,0.10907360838289877,-0.6620468019408905,0.7070499165137674
7504873973194,-1.9691899829983281,2.561507008195224,1.295101268199171,-0.2224556926996067,0.10920186528393795,-0.671119061428043,0.6987042455803382
7504907262994,-1.9773544990989735,2.5629554758971484,1.2713519874994572,-0.2215447094985748,0.10931346708602423,-0.680090930220335,0.6902498346532685
7504940553094,-1.985691309,2.5649585724,1.247702837,0.22059986,-0.1094083637,0.6889589429,-0.6816898584
7504973843294,-1.9874275839001867,2.5605057088004926,1.2436560619995547,0.21436321781949177,-0.10314475130020195,0.6910574371712501,-0.6825314568982125
7505007130994,-1.9892465392003107,2.556097676000823,1.2395972701992641,0.20810919981600318,-0.0968730229994745,0.6930982481493175,-0.6833161762897417
7505040421494,-1.9911476624003723,2.551735291200991,1.2355260210991246,0.20183733291391584,-0.09059270369935457,0.695081538330772,-0.684044083484658
7505073711694,-1.9931299550003716,2.547420469000994,1.2314429024991318,0.19554872151289254,-0.08430489989964345,0.6970069515147777,-0.6847150435821174
7505106999194,-1.9951924055003094,2.543155001100831,1.2273484240992827,0.18924434450851688,-0.07801058939847921,0.6988741962853092,-0.6853289602663869
7505140289594,-1.9973344772001855,2.5389396415005003,1.2232421147995733,0.18292366601773666,-0.07170923710272674,0.7006834309057822,-0.6858858850996121
7505173604994,-1.9995567799,2.5347731113,1.2191214561,0.176583007,-0.0653971806,0.7024356723,-0.6863861084
7505206868294,-1.9665893611031942,2.525992426499159,1.2493448676037926,0.17197236640684566,-0.07606072650795315,0.6970230041722241,-0.6919531795795434
7505240158194,-1.9329786984052728,2.518040394698601,1.27914114160639,-0.1673244298050027,0.08671793371682722,-0.6914697847894572,0.6973894692964158
7505273448294,-1.8987654715062634,2.510919706998327,1.3084584627077476,-0.16264374109937763,0.09735824522411567,-0.685781299490968,0.7026894013976296
7505306736894,-1.8639667072061967,2.504625402898333,1.3372680903078256,-0.15793145669948436,0.10797903803538778,-0.6799589590167314,0.7078516768240465
7505340026094,-1.8285959375051068,2.4991511300986162,1.365544987206585,-0.15318820208288092,0.11857890573480137,-0.6740035402695973,0.712875617174133
7505373319594,-1.7926652594030286,2.4944898964991737,1.3932657141039881,-0.14841437118464104,0.1291569484481307,-0.6679155169024402,0.7177607675084928
7505406604894,-1.7562048435,2.4906361103,1.4203939438,0.1436126977,-0.1397071332,0.661698401,-0.7225043774
7505439894494,-1.725644606800224,2.485126829300984,1.4270086935018427,-0.14598510897906397,0.14920128845889327,-0.6459908767142799,0.7342500328093239
7505473191194,-1.694972212700378,2.480406529601647,1.4337457686030142,-0.14828786726911763,0.1586257636512988,-0.6299695476824687,0.7456453208594316
7505506473294,-1.6642208798004579,2.4764839267019814,1.4405685049035477,-0.15051838708169482,0.16796991226780325,-0.6136526411446623,0.7566774476216744
7505539760894,-1.6333854450004615,2.4733607029019855,1.447448583303478,-0.15267697296752072,0.1772349193542381,-0.5970382664969107,0.7673479221483145
7505573058194,-1.6024754932003864,2.471039853801656,1.4543543819028395,-0.15476281017823557,0.18641744566921134,-0.5801321108460775,0.7776527132989227
7505606341494,-1.5715266872002325,2.4695241731009934,1.4612484222016686,-0.15677342657112922,0.19550656176264392,-0.5629543823269497,0.7875796089588524
7505639629194,-1.5405356884,2.4688122272,1.4681019783,0.1587090045,-0.20450297,0.545503974,-0.7971295118
7505672919994,-1.5540444151978356,2.4485150682995784,1.474932421502864,-0.15598710776922994,0.20450785814768235,-0.5433806174238438,0.7991132978331174
7505706207894,-1.567624564496384,2.428321173099302,1.4819173890047743,-0.15326298027115548,0.2045095100360187,-0.5412488483274467,0.8010842673323721
7505739497394,-1.58127731849565,2.408229133799167,1.4890572430057305,-0.15053629238168925,0.2045079202361448,-0.5391083974621669,0.8030426333778522
7505772787694,-1.5950017026956393,2.3882407656991727,1.4963512458057315,-0.14780715258432095,0.2045030886258699,-0.5369593490693665,0.8049883165825434
7505806112694,-1.6088111473963582,2.3683371982993147,1.5038064776047757,-0.1450728213838116,0.20449500501130446,-0.5347995352653863,0.8069232469703015
7505839364994,-1.6226603640978088,2.3485837029995915,1.511398047502867,-0.1423421582850113,0.2044837010992145,-0.5326359654678727,0.8088411798676172
7505872655794,-1.6365948915,2.3289153576,1.5191504955,0.1396060884,-0.2044691592,0.5304614902,-0.8107485771
7505905970994,-1.6624937719010833,2.3124461426019116,1.5061333923996254,-0.14101167648607493,0.2058381808811817,-0.5388690952550813,0.804590857868198
7505939234494,-1.6883927847018194,2.296216749603209,1.4929488135994078,-0.14239927289305884,0.20718199918552782,-0.547203234166669,0.7983524828110412
7505972523994,-1.7143538520022006,2.2801927099038792,1.4795708065993283,-0.14377197118908355,0.20850361407390205,-0.5554824701359418,0.7920196263920479
7506005814294,-1.7403588248022177,2.2643900097039076,1.4660139881993681,-0.1451285589897937,0.20980184876908148,-0.5636995322229952,0.7855976851991087
7506039104094,-1.7664081220018621,2.24881276280328,1.4522836775995067,-0.14646883069028727,0.21107650646394016,-0.5718531762089782,0.779087629804826
7506072390994,-1.7925012724011258,2.2334654501019826,1.4383857607997241,-0.1477925417824612,0.21232735574684294,-0.5799419083620835,0.7724906740669287
7506105686494,-1.8186486959,2.2183461189,1.4243203402,0.1491000056,-0.2135546952,0.5879676342,-0.7658053041
7506138970894,-1.8244296971997362,2.2107366907995862,1.4209803768003597,-0.1508626743004077,0.2109662837736928,-0.5950971429314843,0.7606530556623247
7506172260394,-1.830219774799548,2.2032000228992947,1.4174898506005909,-0.1526124665876699,0.20835909196329766,-0.6021758859970677,0.7554337337992684
7506205554394,-1.8360184324994426,2.195739062699135,1.4138501402006987,-0.15434918348210716,0.2057333732633079,-0.6092030600915578,0.750147812273814
7506238840394,-1.8418230943994283,2.188359351699117,1.4100640675006875,-0.15607202368212167,0.20309034527091765,-0.6161754224086606,0.7447977469763288
7506272128194,-1.8476350667995112,2.1810614190992497,1.4061320424005637,-0.15778134788806422,0.20042946528603123,-0.6230944325497807,0.7393824476069526
7506305425494,-1.8534552947996996,2.173846315799541,1.4020546158003324,-0.15947739538156683,0.19775034088532195,-0.6299610600423807,0.7339011008796283
7506338707494,-1.8592790365,2.1667220592,1.3978364468,0.1611587554,-0.1950552016,0.6367695928,-0.7283582687
7506371995994,-1.8359356552994275,2.1684898032015276,1.385510233701347,-0.16146135416723373,0.19619648848487917,-0.6452462134180478,0.720482125445425
7506405287094,-1.812680353999045,2.1705580970025555,1.3730604801022672,-0.1617421279641696,0.19731131559061968,-0.6536361830199952,0.7125078729590099
7506438574394,-1.7895187804988533,2.172929056303078,1.3604969022027475,-0.16200098946013483,0.19839932349519915,-0.6619367719185798,0.7044381433685961
7506471863994,-1.7664478164988526,2.175605460803088,1.347824584402775,-0.162237952556044,0.19946056599972678,-0.6701483841174539,0.6962725562782559
7506505154494,-1.7434695285990431,2.178589442702582,1.335051482102335,-0.16245297204501727,0.20049485119570717,-0.6782695503878869,0.6880125460588389
7506538444594,-1.720585848499426,2.181882926801554,1.3221855843014148,0.1626460098483108,-0.20150199810937292,0.686298852818648,-0.6796595507003202
7506571731994,-1.697799325,2.1854875088,1.3092353344,0.1628170311,-0.2024818063,0.6942346692,-0.6712152958
7506605022494,-1.6601123992986777,2.2111140435988172,1.3058198220915413,0.1653504297531208,-0.16579461599957823,0.6989337204975582,-0.6757684773925549
7506638314694,-1.6210478316974761,2.234815189598075,1.3047625453858178,0.16765324766550765,-0.1288742236900689,0.7026578039914796,-0.6793790057879047
7506671600594,-1.580842212496586,2.256490503797752,1.3061047031829123,0.169721765987925,-0.09178104448648855,0.7054010267279274,-0.6820411670229997
7506704890494,-1.539716562896201,2.276063025097821,1.3098745140828751,0.1715537630043882,-0.05455537107699311,0.7071605117401855,-0.6837521689333387
7506738181594,-1.4979126008965142,2.2934584734982457,1.316086741385725,0.17314647320095364,-0.01725224046413444,0.7079334257720755,-0.684509257564609
7506771469194,-1.4556785176977178,2.3086146339989875,1.3247411428914484,0.17449747492062698,0.020071037244315457,0.707718683700195,-0.6843113687875759
7506804757594,-1.4132535458,2.3214862347,1.3358258009,0.1756050885,0.0573672131,0.7065166831,-0.6831588745
7506838052794,-1.3944494130992409,2.3294016057980738,1.3356006792002926,0.17066617973768333,0.0590800903461853,0.7105762024018687,-0.6800471002795101
7506871339594,-1.3755916886987463,2.337174325796784,1.3353553086004906,0.16571939283786405,0.06078937703725219,0.714596708884531,-0.6768997548590703
7506904626794,-1.3566766000985095,2.3448062969961345,1.3350877383005917,0.16076368663730467,0.06249543412779537,0.7185790588628188,-0.6737161820349773
7506937921194,-1.3377014684985238,2.3522988571961285,1.334796017000595,0.1557983106473657,0.06419851792243036,0.7225238396889465,-0.6704958894558056
7506971205294,-1.3186774914987816,2.3596479449967687,1.334478418400499,0.1508261414609602,0.06589764271884037,0.7264287724343577,-0.6672407468939608
7507004495894,-1.2995963044992762,2.366857181198058,1.334132908800301,0.14584493656028263,0.06759357570908439,0.7302956259121486,-0.663949291569899
7507037789594,-1.2804610729,2.3739256859,1.3337576389,0.1408554763,0.0692860559,0.734123826,-0.6606220603
7507071073794,-1.2782429930995969,2.370547126100276,1.3336503562997288,0.13767866736128173,0.05810063201131471,0.7303357770092375,-0.6665422371716746
7507104362394,-1.27599275859933,2.3671888807004633,1.3335554437995474,0.1344760258591912,0.046903006121691494,0.7264124223121687,-0.672340166282243
7507137688794,-1.2737080333991981,2.363848136000559,1.333471870899456,0.13124487445702118,0.03568399033192628,0.7223502505164537,-0.6780203177940676
7507170940894,-1.2713965608992006,2.360536593200562,1.3333989354994553,0.1279967176502569,0.02448340344106078,0.7181638944967624,-0.683562743183057
7507204229794,-1.269050701399336,2.3572436344004717,1.3333354035995457,0.1247213440477354,0.013265903051157522,0.7138403660022732,-0.6889851478957324
7507237520294,-1.2666729333996027,2.353973247000284,1.3332803790997272,0.12142278084747839,0.0020454137610040886,0.7093848054229402,-0.6942805790232569
7507270809894,-1.2642635107,2.3507261276,1.3332328796,0.11810188,-0.0091751497,0.7047983408,-0.6994476318
7507304098294,-1.280572465600174,2.344310302101009,1.3311011847977496,-0.12704965573407748,0.03136406804144548,-0.699182146700084,0.7028648561064966
7507337388894,-1.2966231117003761,2.337162262801671,1.3293655488962877,-0.13591979522279427,0.053535141751084626,-0.6931350760694187,0.7058495336730954
7507370695294,-1.312383807600555,2.3292976193019896,1.3280336714955947,-0.14471039672777677,0.07568375016750112,-0.6866580612194777,0.7084007185215023
7507403966694,-1.3277935725006578,2.3207498317019724,1.3271143144956477,-0.15340271861917495,0.09776251847741213,-0.6797653336020113,0.7105133265000356
7507437257094,-1.3428412700006338,2.311528083901628,1.32661175879642,-0.16200557970949947,0.11979371688546553,-0.6724502558815744,0.7121897997743012
7507470547294,-1.3574824286004312,2.301661336000967,1.326531690697882,-0.1705086425064321,0.14175102619778587,-0.664721195688682,0.7134277688769182
7507503835194,-1.3716816902,2.2911760807,1.3268780708,0.1789061427,-0.1636195481,0.6565834284,-0.7142264247
7507537124694,-1.4026878207006876,2.290225840200107,1.3278834971980475,-0.1966073853947867,0.20641510950793218,-0.6474941787711667,0.7067458008594794
7507570418694,-1.4334394415012268,2.2866016563000793,1.33006462779663,-0.21386199650046592,0.2487450300217659,-0.6369249171956735,0.6976500600928734
7507603703694,-1.463649151901567,2.2803551328999734,1.33343925229583,-0.23062368699055447,0.29049561691842557,-0.6249043727742338,0.6869639993753002
7507636993994,-1.49305987610166,2.2715575707998483,1.3380166348957168,-0.24686146239113366,0.3315895591287168,-0.6114550739830177,0.674707696090208
7507670287494,-1.5214065878014584,2.260305394999768,1.343793985596348,-0.2625370134009588,0.37193016195340933,-0.5966080378119205,0.660909313326742
7507703571694,-1.5484259079009186,2.2467227037997968,1.3507548998977663,-0.27760882739862947,0.4114104028624787,-0.5804031133112441,0.6456059521298624
7507736862294,-1.5738897324,2.2309439182,1.3588777781,0.2920496762,-0.4499588609,0.5628698468,-0.6288255453
7507770155794,-1.5996687153975657,2.2153257461952944,1.3599765663057362,-0.2924501437779518,0.43686154402401933,-0.5759338989756787,0.6260391751063809
7507803440094,-1.625819074796146,2.2003225299921128,1.3604767286096333,-0.29274814967999874,0.4236149541059238,-0.5887927772782596,0.6230344749223168
7507836728294,-1.6523318124956192,2.185953507990482,1.3603932913116472,-0.2929437282848727,0.4102185463905684,-0.6014470838851078,0.6198113596424868
7507870018694,-1.6791859677958638,2.1722439908904314,1.359741604111731,-0.29303677287801444,0.39667765365795693,-0.6138916860660039,0.6163710624361725
7507903308794,-1.7063593704967572,2.1592185437919857,1.3585379697098434,0.2930272350962885,-0.38299802065802296,0.6261212750981744,-0.6127150271809052
7507936596594,-1.733829723198177,2.146900388495168,1.3567995985059456,0.29291513098611777,-0.3691852735198304,0.638130860867982,-0.608844778464398
7507969887094,-1.7615801096,2.1353092194,1.3545440435,0.2927004993,-0.3552421927,0.6499180794,-0.6047611237
7508003186694,-1.7729045233010947,2.1277115559015254,1.3616293526004812,0.290799648106874,-0.3358411273149886,0.6539322804840288,-0.6123878463895844
7508036464494,-1.7846461785017917,2.120486179102578,1.3683959490007884,0.28876808009502636,-0.3163003619983938,0.6576471078373529,-0.6197316826426439
7508069755094,-1.7967963785021095,2.1136414359031357,1.3748428820009297,0.2866046409188677,-0.296608493221112,0.6610648167721898,-0.6267970082720719
7508103044694,-1.809328834102068,2.107195680603175,1.3809597791009127,0.28431113993066853,-0.2767825469301712,0.6641822801802066,-0.6335775375759409
7508136342894,-1.8222251157016875,2.1011617880026776,1.3867413573007463,0.28188791274505665,-0.2568257653411115,0.6669988783949696,-0.6400720483859925
7508169622794,-1.8354518360009908,2.0955582875016248,1.3921767764004391,0.2793380731329746,-0.23676338122880392,0.6695111896471159,-0.646272472835386
7508202943294,-1.8490092754,2.0903887749,1.3972696066,0.2766581476,-0.2165689021,0.6717222333,-0.6521866918
7508236201594,-1.8470400522999486,2.1101511454001316,1.4024459250992334,0.2647764382378995,-0.19421162564255337,0.6753444200535519,-0.660367470823526
7508269490994,-1.844127091499925,2.129800811300193,1.4076820201988294,0.2526924394491889,-0.17169321806051102,0.6784823605991841,-0.668079079355882
7508302785294,-1.8402801085999247,2.149273553500201,1.4129875513987253,0.24042407273597927,-0.14904743516194452,0.6811305072804413,-0.675309084325525
7508336070294,-1.835512575999942,2.1685130843001708,1.4183737340988563,0.22798546723276608,-0.1263003152704501,0.6832859153894354,-0.6820492760231213
7508369358894,-1.8298371919999683,2.187479557700118,1.4238558894991564,-0.21538083283184836,0.1034595034802498,-0.6849479894067625,0.6882975227297518
7508402653394,-1.823270112299992,2.2061275855000564,1.4294474205995598,-0.20261833621945924,0.08053988728519423,-0.6861154318873912,0.6940495303000537
7508435938294,-1.8158340454,2.2244029045,1.4351583719,0.1897131652,-0.0575687028,0.6867869496,-0.6992985606
7508469261694,-1.7721965359039848,2.2495150835040003,1.4349361463018389,-0.22447344949328174,0.07953482148916367,-0.6820465300686225,0.6914466092654051
7508502522294,-1.730850851206971,2.278074013606433,1.4354702128027228,-0.25877097208489597,0.10131880038814063,-0.6761078957863231,0.6823856665768536
7508535806494,-1.6919784736087466,2.309953913807424,1.4367178066028494,-0.292634762484594,0.12293888129027723,-0.668968263719351,0.6721103997030526
7508569101194,-1.6558737643091075,2.344930025407108,1.4386316402024237,0.3259908042602411,-0.14434798288176384,0.6606412515974133,-0.6606411976735409
7508602385494,-1.6228149186078709,2.382741295105645,1.441157913701659,0.35875909456084215,-0.16549475678367995,0.6511468255265624,-0.6480055625947018
7508635675094,-1.5930197071048795,2.4231456028032103,1.4442407270007762,0.390897175139287,-0.18635177607481399,0.6404975947150777,-0.6342201866750127
7508668962994,-1.5667058229,2.4658572674,1.4478186369,0.4223412871,-0.2068776786,0.6287145019,-0.6193122268
7508702254694,-1.5713631499994196,2.4596007640001707,1.4556148118005237,-0.3860922186514108,0.18403764577752665,-0.6357804914220807,0.6425310189870947
7508735541794,-1.5764855915989335,2.453943167600326,1.4635730451009639,-0.3489122102839911,0.16075463218755984,-0.6413042763411856,0.6641890114203115
7508768831194,-1.582012246898598,2.448927705900435,1.4716908835012612,-0.3108837727984228,0.13708029618757955,-0.6452737391300949,0.6842383165219633
7508802121494,-1.587877109398473,2.444592919800472,1.4799623807013595,-0.2721005809022117,0.11307297428192002,-0.6476788650929997,0.7026292507941604
7508835410994,-1.5940107721986214,2.440970673400419,1.4883800002012095,-0.2326586366250848,0.08879209338314552,-0.6485136932991206,0.7193162813115868
7508868699294,-1.6003414277991084,2.438085678800263,1.4969350952007685,-0.1926540899454968,0.06429683268196053,-0.6477763315023433,0.7342589075249322
7508901989394,-1.6067960262,2.435955286,1.5056185722,0.1521803141,-0.039644368,0.6454684734,-0.7474222183
7508935281294,-1.6208280003995992,2.4239256251995096,1.4983563770002402,-0.14127697525913277,0.033876950081928335,-0.6509860019993253,0.7450573090143545
7508968569194,-1.635188862599323,2.4123192508991838,1.491054905700343,-0.13034836895519583,0.02810385218555406,-0.6563804010998607,0.742552520199776
7509001857794,-1.6498708653991774,2.4011425466990213,1.483720710100343,-0.11939500874976015,0.022325345289197638,-0.66165142059141,0.7399079729755127
7509035152394,-1.6648664729991671,2.3904016267990227,1.4763602161002738,-0.10841720484853874,0.016541595493891333,-0.666798870306229,0.7371237018775636
7509068437394,-1.6801584083992975,2.380108884299187,1.4689844961001708,-0.0974221694440764,0.01075640119832036,-0.6718193904014941,0.7342015577582462
7509101725094,-1.6957418024995736,2.370267473699513,1.461598462100068,-0.08640791444666657,0.004968714103524695,-0.6767139305498743,0.7311410536968056
7509135020094,-1.7116082907,2.3608829975,1.4542087317,0.0753749833,0.0008211773,0.6814821959,-0.7279422879
7509168304694,-1.6830005555006045,2.359223671603302,1.4591724492003908,-0.11308337572969351,0.03740121900216989,-0.677946567618967,0.7253976498475786
7509201594094,-1.6543594646012942,2.360679403505466,1.4640311378005608,-0.15046897952130758,0.07552056569614406,-0.6724427120230564,0.72074720214915
7509234888594,-1.6260194711018934,2.3652358600064898,1.4687619481005574,-0.18742344072345923,0.11342648379627934,-0.6649856749633976,0.7140034584891497
7509268176294,-1.5983217945022274,2.372839476606395,1.4733418497004354,-0.22382633011544276,0.1509954259906658,-0.6555999139605738,0.7051885620823969
7509301462694,-1.5715852930021281,2.38340334880523,1.4777520481002564,-0.2595782058003916,0.18812468037935257,-0.644311823541792,0.6943273966579938
7509334769094,-1.5461065056014345,2.3968152084030647,1.4819775661000876,-0.2945975246891325,0.22472976146979673,-0.631145373837042,0.6814428441482564
7509368040794,-1.5222240686,2.4128968716,1.4859961271,0.3287257552,-0.2606447935,0.6161616445,-0.6665948033
7509401329194,-1.5114595790999876,2.4153183442998922,1.487135619100525,-0.3216873447837778,0.25282324317075555,-0.6188868251486742,0.6705048527609464
7509434619694,-1.5006438389999806,2.4174912878998187,1.4882974342008628,-0.3146055854768509,0.244967479371798,-0.621529632538289,0.6743257191549312
7509467907894,-1.4897840587999784,2.41941431389978,1.489481442201021,-0.3074823362893684,0.23707957128778637,-0.6240893242667356,0.6780563435912393
7509501197594,-1.4788848048999803,2.421086680099778,1.4906877893010062,-0.30031773617216084,0.22915967218074085,-0.626565853834694,0.6816966574619863
7509534487994,-1.4679521609999848,2.4225074848998136,1.4919164485008265,-0.2931129092879181,0.22120902629869998,-0.6289588230714962,0.6852460784078026
7509567777394,-1.4569925289999917,2.423675956799887,1.4931673446004883,-0.28586918567269043,0.21322910089311184,-0.631267791541961,0.688703952781515
7509601065394,-1.4460119009,2.4245915413,1.4944404364,0.2785876393,-0.2052210718,0.6334924698,-0.6920698285
7509634356194,-1.4554655638028624,2.4017981355018607,1.491923460098672,-0.2545916208835171,0.18438356851181903,-0.6379417571530205,0.7030050645047072
7509667648994,-1.4664362149046768,2.3796788954032597,1.489535114697806,-0.2303015274800187,0.16333287891411366,-0.6416580417230245,0.7131329010767706
7509700933894,-1.4788711847054894,2.358341744004097,1.4872710951973933,-0.2057525526839257,0.14209949432149455,-0.6446361059091313,0.7224388636666326
7509734224394,-1.4927196113053585,2.3378759142042767,1.4851249195974232,-0.18096298430463806,0.120699228139858,-0.6468738109517815,0.7309161151204158
7509767518694,-1.5079190869043493,2.3183768551037085,1.4830906582978802,-0.15596255919873844,0.09915776894011394,-0.648368149798089,0.7385541004654989
7509800832494,-1.5244096521025339,2.2999260161023076,1.4811608503987472,-0.1307680409046902,0.0774896033480628,-0.6491173267827073,0.7453467494538238
7509834091094,-1.5420780182,2.2826476097,1.4793325663,0.1054651216,-0.0557683632,0.6491200328,-0.75127244
7509867386394,-1.5659703174986905,2.2659285334987365,1.4805042903023122,-0.07496823202079456,0.015910864651358214,-0.6520394579164153,0.7543017658031764
7509900671094,-1.591401635497975,2.2516422589978076,1.4810967879039831,-0.044290991419656554,-0.023974289557102246,-0.65330495568386,0.7554178819687856
7509933960894,-1.6181253147977663,2.2399244844972745,1.481095732704919,-0.01349676112289952,-0.06380476666786702,-0.6529142916137951,0.7546189217055895
7509967254694,-1.6458696051979684,2.2308936610971903,1.4804921474050412,0.017335393875652725,-0.10347821687634395,-0.6508677904058006,0.7519061524974638
7510000539394,-1.67434174799848,2.224642456197597,1.479283781404288,0.04811518167458022,-0.14287850358726595,-0.6471718251134164,0.7472879574062835
7510033829894,-1.7032652789991938,2.2212292499985264,1.477473689202616,0.07877833587489148,-0.18192339200059932,-0.641834358726556,0.7407742633203787
7510067116994,-1.7323386669,2.2206881046,1.475071907,-0.1092386395,0.2205030769,0.6348702312,-0.7323831916
7510100406694,-1.7399634878005763,2.2227623118988697,1.4693894965998975,0.13377513427942941,-0.24518496061110817,-0.6347330745061204,0.7204876630912272
7510133695694,-1.7473623123010307,2.2254780835981522,1.4636791537998086,0.15813015589345067,-0.2695346643275492,-0.6337373197272741,0.7076177839115121
7510166986094,-1.7544910790013184,2.2288186609978298,1.4579559353997462,0.1822722850826509,-0.2935207690030863,-0.6318842122565287,0.6937901084301592
7510200275394,-1.7613061917013981,2.232763472897881,1.4522357569997222,0.20616704850105594,-0.31710902202653674,-0.6291763863915969,0.679024367065681
7510233564094,-1.767766416701229,2.2372889355982806,1.4465340020997488,0.22978250181107984,-0.340267900436307,-0.6256175297960314,0.6633403833674085
7510266854594,-1.7738327568007743,2.2423686668989973,1.4408656322998377,0.2530883849220124,-0.3629677210472621,-0.6212121543014747,0.6467581945699994
7510300143894,-1.7794673443,2.2479724884,1.4352463484,-0.2760510743,0.3851757348,0.6159666181,-0.6293017268
7510333431394,-1.753706801699819,2.2427255141981886,1.4323301826040562,0.27423788302599306,-0.3755643533344482,-0.6162687046803339,0.6355768117619798
7510366722294,-1.7278990867996165,2.237926901297002,1.429056285406794,0.27238745294970507,-0.36590124625220827,-0.6164875551239793,0.6417666615241957
7510400013794,-1.7020595681994415,2.233576576696428,1.4254227726081918,0.27050017224010425,-0.3561885078246877,-0.6166230815921169,0.6478698781078943
7510433299694,-1.6762062846993429,2.2296744498964554,1.4214285015082293,0.2685766555289346,-0.3464292703955094,-0.6166752593560012,0.6538845197864342
7510466590494,-1.6503443127993698,2.2262182342970687,1.4170705181068874,0.2666165572379208,-0.33662177609224964,-0.6166441005657896,0.6598116735133642
7510499885894,-1.6244871215995724,2.2232068686982553,1.412347196904149,0.2646201444293055,-0.3267674190666334,-0.6165295738345324,0.6656504469961353
7510533169294,-1.5986608267,2.2206401825,1.4072597027,-0.2625887096,0.3168724775,0.6163318157,-0.6713972092
7510566459194,-1.5427313191983618,2.1846103660012206,1.4259491943940656,0.2215246697426957,-0.2638247684731978,-0.6258471300743821,0.6997418681293214
7510599752794,-1.4816919355973444,2.1572397705017643,1.4433175115885954,0.17926092523431078,-0.20934781217203433,-0.6319869819736561,0.724314482002639
7510633037494,-1.4168878762969248,2.1391362995017795,1.4590262255845912,0.13604164802561544,-0.15375631417406527,-0.6347166921692684,0.7449740844725963
7510666345094,-1.3496587337970574,2.1306889526014317,1.4727924808829775,0.09205831582605113,-0.09729663778922588,-0.6340219795210837,0.7616263915111856
7510699621494,-1.2815679985976738,2.1320996763008986,1.4843402389845763,0.04761969141512041,-0.040365087894737625,-0.6299089959129507,0.7741561092807556
7510732905394,-1.2140105922986886,2.143339193100361,1.4934784288900727,0.0029143171057376756,0.016796907895697922,-0.6223987916239502,0.7825146099760677
7510766200894,-1.1484407187,2.1641850471,1.5000511408,0.0418223329,-0.0738881677,0.611528039,-0.7866542339
7510799483294,-1.1023692683004003,2.1506700381007664,1.4993627786992416,-0.08284444079973523,0.12316844677626947,-0.6063833282974054,0.7811949766289219
7510832773694,-1.0549893789007638,2.143055024301264,1.4973696594988182,-0.1235310059011473,0.17194704887755557,-0.5987092887174376,0.7724775016573688
7510866063294,-1.007102689301029,2.14145864440149,1.4940499161986802,-0.16370153399861398,0.22000755007338244,-0.5885391247132397,0.7605394035544659
7510899352394,-0.9595068200011382,2.1458949847014526,1.4894037259987782,-0.20318893240643876,0.267150044183111,-0.5759152937403619,0.7454305373919468
7510932642394,-0.9129929868010358,2.156278283401172,1.4834531001990623,-0.24183020520764464,0.3131799349840852,-0.5608898561425271,0.7272132076970329
7510965929994,-0.8683408023006712,2.172421998600675,1.4762426719994848,-0.27946048588263545,0.3579008388516235,-0.5435271038930429,0.7059653771348755
7510999220794,-0.8262870312,2.1940479279,1.4678361416,0.3159291744,-0.4011337757,0.5238964558,-0.6817719936
7511032508794,-0.8154497389031505,2.173044164899055,1.4587168942983044,-0.3205664778208369,0.3997707882945694,-0.5281214344413361,0.6771323361112708
7511065798394,-0.8045161201052411,2.1522287485984295,1.4492828202971788,-0.3251839058001225,0.39838267176422926,-0.5323135052860618,0.6724500028527305
7511099089194,-0.7934870440062773,2.1316071347981205,1.4395369430966207,-0.32978109543360606,0.3969695072005834,-0.5364723253196648,0.667725305506425
7511132428894,-0.782347269106264,2.111155362498126,1.4294676313966277,-0.3343642983268918,0.3955293022885298,-0.5406035162878589,0.6629516763782387
7511165669594,-0.7711472223052097,2.0909687833984427,1.4191233514971946,-0.3389129426490188,0.3940685923108381,-0.5446885692028802,0.6581506852073138
7511198956994,-0.7598388521031193,2.070963460499068,1.4084626611983202,-0.3434467298453257,0.39258112500328257,-0.548745212876481,0.6533016878861209
7511232251894,-0.7484360933,2.0511684418,1.3975006342,0.3479599953,-0.391068697,0.5527683496,-0.6484106183
7511265535894,-0.7462179832955571,2.004026730199882,1.404348385498047,-0.334342808533426,0.3591526298998037,-0.5602916232582216,0.667306205369546
7511298825094,-0.747643183492587,1.956846156899487,1.4111912863964928,-0.3201825112471338,0.3266504520257915,-0.5669094894047586,0.6851250050214641
7511332119094,-0.7527035807911057,1.9098895452990092,1.417898576095497,-0.30550193833037825,0.29361488632000204,-0.5726107314986925,0.7018374558116762
7511365404694,-0.7613633329911186,1.8634361761986393,1.4243378633952113,-0.2903307450039885,0.26011256280651923,-0.5773840142716958,0.7174100732768922
7511398692194,-0.7735675247926184,1.8177290386985632,1.4303831951957795,-0.27468893111751647,0.2261874658282705,-0.5812233620246855,0.7318228097431937
7511431987894,-0.7892405745955887,1.7730125896989601,1.4359100116973356,-0.2585986424982231,0.19188789932186068,-0.5841228614096873,0.745054534225837
7511465272294,-0.8082709312,1.7295590639,1.4407930374,0.2420953959,-0.1572894901,0.5860762596,-0.7570762634
7511498561094,-0.8105206526977576,1.7034384224006391,1.4509180422030534,-0.23885464200382137,0.14033427140887658,-0.5890139129249141,0.7591556906473454
7511531850294,-0.8136791134963253,1.6772979063010383,1.4607456260052525,-0.23553958121566618,0.12333521449237518,-0.5917684572272335,0.7609990956484565
7511565143394,-0.8177404987956681,1.6511617888012133,1.4702575890064968,-0.23215087980922627,0.106295809267442,-0.5943392854832377,0.7626060474893026
7511598429894,-0.8226959743957487,1.6250653207011798,1.479432193106688,-0.22869066883039602,0.0892267317556943,-0.5967248100100384,0.7639755686202191
7511631720094,-0.8285383993965267,1.5990273906009544,1.4882539605057303,-0.22515896322955703,0.07212801243554788,-0.5989250512798089,0.7651076878773123
7511665008194,-0.8352571609979591,1.5730794288005552,1.496703409403531,-0.22155747114914318,0.05500794472221928,-0.6009389285042918,0.7660018389035027
7511698296594,-0.8428419232,1.5472463369,1.5047637224,0.2178870589,-0.0378706194,0.6027659774,-0.7666578293
7511731587894,-0.8348677547996192,1.541700625600994,1.4981835784999409,-0.20095597875810847,0.0385574762213076,-0.6136519106970867,0.7626016969077821
7511764875094,-0.8272080819993334,1.5361012844017237,1.4912855014998654,-0.18394217835776647,0.03922797693636941,-0.6242775371940869,0.7582242395237472
7511798164894,-0.8198708404991619,1.5304611915021489,1.4840756186997963,-0.16684941934738948,0.03988197444868674,-0.6346405268553449,0.7535264434976943
7511831455394,-0.8128654511991236,1.5247947331022285,1.4765623154997556,-0.1496858797515774,0.04051915296400648,-0.6447358752726227,0.7485105121389551
7511864745394,-0.8062005630992378,1.5191162282019226,1.468754391799763,-0.1324594215509085,0.04113922037786487,-0.6545589553751843,0.7431787403628066
7511898032994,-0.7998843301995235,1.5134401357011924,1.4606613603998384,-0.11517830593991904,0.0417418819877794,-0.6641050967238292,0.7375337237268288
7511931323294,-0.7939230204,1.5077797174,1.4522914886,0.0978471786,-0.0423269756,0.6733717322,-0.7315769792
7511964620794,-0.7900884174983399,1.4970958311000546,1.4450782441009073,-0.09238751632360227,0.07216851409857163,-0.6739918513150714,0.7293772938344345
7511997923594,-0.7862814746972276,1.4865170328000803,1.4376935097015047,-0.08684145621484812,0.10194798980233255,-0.6739881112506823,0.7265020266664686
7512031191894,-0.7825188470966674,1.4760542952000832,1.4301478381017951,-0.08122086300433931,0.13160238380638972,-0.6733613369739981,0.7229581549840184
7512064485794,-0.7788057216966608,1.4656867552000694,1.4224297937017845,-0.07552081748882418,0.16115785860144588,-0.6721112263532305,0.7187428261532584
7512097787594,-0.7751559669972125,1.4554177772000456,1.4145459746014775,-0.06974951187161102,0.1905711639874889,-0.6702386607091815,0.7138611732969433
7512131058594,-0.7715853212983238,1.4452565168000198,1.4065090603008803,-0.06391905866423438,0.21978109029878606,-0.6677481883556573,0.708324066536139
7512164353994,-0.7680991292,1.4351830482,1.3983097076,0.0580251999,-0.2488091141,0.6646381617,-0.7021276355
7512197638694,-0.7565539329002553,1.4314192698990464,1.4011506875002357,-0.09021469635207444,0.2570551585866501,-0.6623492350170084,0.6979093385809356
7512230928494,-0.744894822400382,1.4282738303984126,1.4042728278003718,-0.12230741036101181,0.2650126486044636,-0.659313190549696,0.6929035360117675
7512264215994,-0.7331686206004061,1.4257476924981007,1.4076889268004205,-0.1542600157663784,0.2726708077110802,-0.6555340311538254,0.687116883912162
7512297506794,-0.721417910700354,1.4238378529981088,1.4114117055003945,-0.18604185158357942,0.2800222754349027,-0.6510153488982384,0.6805548987543312
7512330796694,-0.7096888375002517,1.4225392333984335,1.4154514790003072,-0.2176130547757959,0.2870578021209231,-0.6457627288552947,0.6732257234048731
7512364084194,-0.6980264896001255,1.4218436607990672,1.4198173392001714,-0.24893664057764273,0.2937691858221557,-0.6397824386487582,0.6651380650932206
7512397373994,-0.6864734888,1.4217401743,1.4245177507,0.2799817324,-0.3001498282,0.6330804229,-0.6562999487
7512430663294,-0.6903483542997699,1.4263294702001108,1.4254748984999992,-0.2657823233032175,0.2871249869263345,-0.6396706861730039,0.6616195370097944
7512463992494,-0.6940297614996144,1.431082760700183,1.4264416137999587,-0.2514479633271585,0.27395713182948384,-0.6459850065068159,0.6666519204403268
7512497241794,-0.6974983522995355,1.435974223100217,1.427414235299903,-0.23703670463513907,0.26069962251559836,-0.6519983652019135,0.6713772704299503
7512530531294,-0.7007608962995335,1.441012535700215,1.4283960748998559,-0.22250307973751834,0.24731066529563314,-0.6577303293799448,0.6758110891011632
7512563821294,-0.7038073637996096,1.4461829742001773,1.4293857757998405,-0.2078706644454612,0.23381194468196917,-0.6631709954724742,0.6799455802864564
7512597112894,-0.7066324614997649,1.4514765095001052,1.4303831568998806,-0.19314544895909133,0.22020898507498454,-0.6683181052836396,0.6837790202899782
7512630399194,-0.7092306614,1.456882596,1.4313877821,0.1783370227,-0.2065106481,0.6731683612,-0.6873089671
7512663689694,-0.7045766300997052,1.471939684100166,1.429415350201668,-0.17791555316415472,0.20906680887874543,-0.6675234131998106,0.6921341042006427
7512696986494,-0.6999741500994804,1.486983652600289,1.4272112469027725,-0.1774829951535659,0.21161051708669903,-0.661836093094538,0.6969173274980164
7512730267494,-0.6954262091993425,1.5020007972003617,1.4247773113033175,-0.17703966704625235,0.21413993269855272,-0.6561105447009639,0.7016551850077187
7512763557794,-0.6909293044993084,1.5169987276003767,1.422112109903308,-0.17658526533431423,0.21665681050479033,-0.6503428162897943,0.7063509692985209
7512796852794,-0.6864840197993954,1.5319716392003262,1.4192162574027487,-0.17611987383345354,0.21916063892469675,-0.6445340360188113,0.7110037136332754
7512830136694,-0.6820923661996202,1.5469087253002032,1.4160916429016444,-0.1756437453218751,0.22165007863133054,-0.6386873312079727,0.7156109350243796
7512863426294,-0.677752018,1.5618138313,1.4127372503,0.1751566827,-0.2241262496,0.6328001618,-0.7201747298
7512896720394,-0.6888781316995526,1.5518725837988283,1.4197405348994816,-0.14782854720041988,0.20536988542789292,-0.6325166342674191,0.7320468824924832
7512930004794,-0.7006223692992876,1.5428524153980114,1.4269666014992146,-0.12032520470035639,0.1863645207305865,-0.6314494682771155,0.7430085326153559
7512963294294,-0.712926203699186,1.534793278297574,1.4344000219991533,-0.09266854039307001,0.16712529862088898,-0.6295996345447087,0.7530511113885072
7512996582194,-0.7257208657992281,1.5277363281975371,1.4420197170992513,-0.0648983676911997,0.14767989501883297,-0.6269696743393366,0.7621600080934913
7513029872994,-0.7389392863993928,1.5217150932979198,1.4498061836994587,-0.037045344391292506,0.12804977002235376,-0.6235624459628434,0.770325109834146
7513063166094,-0.7525103911996578,1.5167592179987366,1.4577379492997256,-0.009144478488102287,0.10825956671264807,-0.6193820521228774,0.7775359272962399
7513096450494,-0.766356945,1.5128940344,1.4657902718,-0.0187604316,-0.0883403942,0.6144353151,-0.7837814689
7513129740694,-0.794442710800409,1.4855478671007731,1.4636580251053046,0.06930463390835992,0.03431981331439644,-0.6196700458934752,0.7810429260644204
7513163029294,-0.826169346000489,1.4626019799011885,1.4608422528078535,0.11946472119889827,-0.019887184786271533,-0.6214917659819187,0.7740030136161113
7513196319594,-0.8608414289003484,1.444538800101271,1.4572719550081612,0.1689693854913568,-0.07398741288154873,-0.6198905679857581,0.7626997398872394
7513229608994,-0.8976930262001058,1.4317371412010833,1.4528932636068346,0.21754208950227916,-0.1276786841829805,-0.614875272141071,0.7471960871215326
7513262897594,-0.9359128211998846,1.4244580335007206,1.4476698962045491,0.2649155418004329,-0.1806654926744878,-0.6064737458468517,0.7275777147959908
7513296188294,-0.9746627697998089,1.4228411594003088,1.441583600902025,0.3108328667029937,-0.23266056246483466,-0.5947313346593783,0.7039507306800813
7513329499594,-1.0131108761,1.4269068241,1.4346313477,-0.3550648987,0.2834050655,0.5797028542,-0.6764281988
7513362765594,-1.0233738832001014,1.4100221910997413,1.4385355398991542,0.35582463089910166,-0.28508208534898205,-0.5871040116572623,0.668899032855141
7513396055994,-1.0337545502001713,1.3931012367995879,1.442025699298588,0.35654401070111685,-0.2867275590535802,-0.5944430973603786,0.6612874407645566
7513429364894,-1.0442467667002084,1.3761548845995286,1.4450988620983032,0.3572227451075375,-0.288340939161764,-0.6017178294711445,0.6535954917819446
7513462638394,-1.0548289473002115,1.359218537199552,1.4477490293983015,0.35785968909302734,-0.28991945465304064,-0.6089156520466749,0.6458365748612401
7513495924094,-1.0655115515001783,1.342275945799646,1.4499792799985833,0.3584557233998434,-0.29146521686158666,-0.6160461066585208,0.6380005612792216
7513529247794,-1.0762984511001084,1.3253219659997995,1.45178942999915,0.3590111482865702,-0.2929791704537949,-0.6231137401358918,0.6300821120616144
7513562503194,-1.0871504545,1.3084186316,1.4531735182,-0.3595241904,0.2944563627,0.6300953031,-0.6221075058
7513595792594,-1.0894077841998642,1.3063073577001199,1.4510906441997526,-0.3869900432870709,0.322319076561349,0.6135742948270015,-0.6081740737723518
7513629086394,-1.0918524137997836,1.3043911368001884,1.4490298353996083,-0.4136862524766065,0.34954142265767557,0.5958250803032566,-0.5930235678621275
7513662371694,-1.0944651657997528,1.302686676100213,1.4469911350995557,-0.43954929120407904,0.37605859648725654,0.5768902030331107,-0.5766923324047605
7513695659494,-1.097227315199766,1.3012076679002007,1.4449729406995826,0.46453626219693256,-0.401826575788424,-0.5568015542159681,0.5592079159998856
7513728948994,-1.1001180879998165,1.2999667026001578,1.4429742160996755,0.48859648148392165,-0.4267931214853032,-0.5355995303947793,0.5406054501901132
7513762239294,-1.1031156558998967,1.2989744523000897,1.4409937727998194,0.5116811253002899,-0.45090758860879904,-0.513326938106164,0.5209224771124565
7513795561694,-1.1062003374,1.2982389927,1.4390283823,-0.5337642431,0.4741431177,0.490005821,-0.5001782775
7513828816394,-1.1007916991019573,1.3140799475010252,1.4457752599015317,0.5718252061667147,-0.49367535288883796,-0.4576365621570622,0.46890228888281293
7513862107794,-1.0933476899031227,1.3290646362018805,1.45259243030261,0.6077194480188743,-0.5113222979338686,-0.42346400738223416,0.43578069551902143
7513895397094,-1.083993971103558,1.342934151702451,1.4594138184031828,0.6412630490854002,-0.5269922545077645,-0.3876572349468495,0.4009772234926597
7513928686494,-1.0728797736033506,1.3554665556026322,1.4661815564032157,0.6723288175928522,-0.540625883717048,-0.3503523914394539,0.36462421299471315
7513961975194,-1.0601822639026053,1.3664592871023327,1.4728379971026924,0.7007960358300618,-0.5521702326506792,-0.31169455964473636,0.3268630475095641
7513995263694,-1.0461026140014433,1.375734053701475,1.4793274766016138,0.7265552400921292,-0.5615809523261792,-0.2718325866171168,0.28783912508923754
7514028555694,-1.0308617353,1.3831396103,1.4855974913,-0.7495093942,0.5688224435,0.2309159338,-0.2476987541
7514061843294,-1.027983062597447,1.397998653899216,1.4840039910982055,0.7427367714685833,-0.5821500971051065,-0.22761411421411443,0.24007325498577453
7514095131994,-1.0248141270957793,1.4127582689986187,1.482069024997004,0.735746684797836,-0.5953079189189586,-0.22424561163774573,0.2323772862019562
7514128422494,-1.0213521971949773,1.427404784698253,1.4797991895964004,0.7285409494969948,-0.6082922721089105,-0.22081131545219368,0.224612910507986
7514161719194,-1.0175944247950208,1.441926255298164,1.477201140596397,0.7211206446264958,-0.6211010097246488,-0.21731175307581638,0.21678134972272026
7514195000194,-1.013541469295888,1.4562995030983956,1.4742841817969952,0.7134929119184654,-0.6337220375083089,-0.21375027748809927,0.20889007322557737
7514228290494,-1.0091887806975555,1.470521847098993,1.471054045498196,0.7056543144321206,-0.6461611954110307,-0.21012527370687695,0.20093548073431947
7514261587794,-1.0045351982,1.4845788479,1.4675189257,-0.6976075768,0.658413887,0.2064380199,-0.1929204166
7514294869794,-1.004078834401026,1.4929123146999959,1.4651942765997534,0.6959449561059995,-0.662342795581469,-0.20378596422200906,0.1882389970172196
7514328158594,-1.0035197814017176,1.5012259901999983,1.4628152299995727,0.694249214230743,-0.666241307909906,-0.20112376783722863,0.18354775450942035
7514361453894,-1.0028579771020694,1.5095182943000043,1.4603824044994678,0.6925203846331437,-0.6701091463169245,-0.1984515621457632,0.178846935595418
7514394737694,-1.0020938165020778,1.5177832615000104,1.4578977666994486,0.6907594908136677,-0.6739440445024404,-0.19577091974794966,0.17413930547575118
7514428025894,-1.0012270005017383,1.5260233650000137,1.4553607958995243,0.6889657851912342,-0.6777476635845372,-0.19308068954930097,0.1694228398554739
7514461315294,-1.0002576393010472,1.5342363282000115,1.452772381999705,0.6871395164147415,-0.6815194506116367,-0.19038125486339239,0.1646982125463676
7514494605694,-0.9991858006,1.5424206257,1.4501332045,-0.6852807999,0.685259223,0.1876727641,-0.159965679
7514527894794,-1.001851255199265,1.5531654549005198,1.4410448779002762,-0.6823422283549737,0.6914787189569642,0.18415299473976593,-0.1495123378239414
7514561183394,-1.004180958498753,1.5638721224008933,1.4318206015005037,-0.6792884237742383,0.6975813004785677,0.18060216683045238,-0.1390338947346538
7514594477094,-1.0061744126984777,1.5745342081011047,1.4224634412006563,-0.676119343327132,0.7035669171362046,0.1770202709299837,-0.12853034805142352
7514627764394,-1.0078303564984512,1.5851398518011368,1.4129813702007077,-0.6728366238120553,0.7094324970241572,0.17340915131176846,-0.11800710175492066
7514661051694,-1.0091488412986875,1.5956829657009743,1.4033774208006324,-0.6694402216781837,0.7151782110921524,0.16976873248911392,-0.10746391695603089
7514694341794,-1.0101297988991995,1.6061563280006006,1.3936556713004047,-0.6659304109081419,0.720803556528834,0.16609931968286812,-0.0969016858676143
7514727630894,-1.0107731819,1.616550684,1.3838222027,-0.6623082161,0.7263069749,0.1624019593,-0.0863234028
7514760946694,-1.0048019557980623,1.642277316599963,1.3901738276985305,-0.671471907892419,0.7197044421057109,0.15256257796754108,-0.0887448743788638
7514794209394,-0.9984363325968034,1.667770451499929,1.3968885230975847,-0.6804668027902356,0.712947164292785,0.14270384506930003,-0.09114210788515112
7514827498594,-0.9916560647962017,1.6930798663999025,1.403969629397141,-0.6893125024116381,0.7060206792045557,0.13280446727571973,-0.0935203080948492
7514860788994,-0.9844606709962395,1.71817479679989,1.4113996004971816,-0.6980000558103023,0.6989316383930053,0.1228742024774467,-0.09587709480170666
7514894085394,-0.9768442346968981,1.7430477075998965,1.4191666772976856,0.7065286664057647,-0.6916805972788042,-0.11291389247871901,0.09821225880832185
7514927366594,-0.9688074232981577,1.7676719878999305,1.427252531898632,0.7148910108102285,-0.6842739053738319,-0.10293217938142632,0.10052378591638736
7514960657194,-0.9603404403,1.7920552492,1.4356495142,-0.7230914235,0.6767078638,0.0929239914,-0.1028128639
7514993953894,-0.9551272031972702,1.8237708393005938,1.4433129187996954,0.7407529260185507,-0.6493161026733117,-0.1135196388953596,0.12956462861894041
7515027234894,-0.9519336166952662,1.8552159714010603,1.4528920733997428,0.756776100323531,-0.620508447278954,-0.13385578460758263,0.15601868401463692
7515060525394,-0.9507010599941048,1.8861582315013536,1.4644001271999865,0.7711382256907872,-0.5903268725559767,-0.15390312231293476,0.18213689730275467
7515093820694,-0.9513580420938986,1.916341043401431,1.4778261748002741,0.7838045814943765,-0.5588412084630422,-0.17361449522529165,0.2078578571997193
7515127103694,-0.9538140718947513,1.9455041207012531,1.493135302600462,0.7947413662538558,-0.526137342107273,-0.19293652345173937,0.23311189571449498
7515160392294,-0.9579645733967574,1.973427272800786,1.5102911870004123,0.8039309082974284,-0.49227004447505457,-0.21183718205044133,0.25785714319663067
7515193681894,-0.963689208,1.9998810291,1.5292317867,-0.8113511801,0.4573181868,0.2302721292,-0.2820355594
7515226971894,-0.9665103203025509,2.0245043121994493,1.5335462368010235,0.8061849146232453,-0.4576532724979065,-0.23066913755859697,0.29565370720462936
7515260262094,-0.9699134270042269,2.0490966615990525,1.537610968201654,0.8008473599902918,-0.457891140881491,-0.2310171470371262,0.3092091312908681
7515293549994,-0.9738994946050418,2.0736387461988257,1.5414315352019214,0.7953400783586874,-0.45803173916517403,-0.23131606581578526,0.322697944476302
7515326840294,-0.9784698700050107,2.098116583498789,1.5450145195018574,0.789663461309464,-0.4580750568959688,-0.2315658721183473,0.33611918569546295
7515360130494,-0.9836245560041492,2.12251093679896,1.5483658731014942,0.7838191232743486,-0.45802107157658833,-0.2317664891956634,0.34946898927827896
7515393418494,-0.9893629557024735,2.1468029563993567,1.551491850600864,0.777808691699634,-0.4578698081920427,-0.23191786679072704,0.36274368488772396
7515426708594,-0.9956851006,2.1709785461,1.5543994904,-0.7716326118,0.4576212466,0.2320199758,-0.3759421408
7515459996794,-1.010473698097615,2.1924780180021437,1.5537113046006126,0.7556858899893738,-0.46497967498869164,-0.23275203047950851,0.39819496459152376
7515493286794,-1.0261917817961037,2.2132771053036806,1.5523633449009895,0.739130502209079,-0.471964515804133,-0.23329692089033446,0.4201287222138162
7515526576894,-1.0428107242954239,2.233311786004542,1.5503875930011477,0.7219806122640541,-0.47856979577804903,-0.23365418178077427,0.4417246533986246
7515559864994,-1.0602986014955278,2.252520425904663,1.5478182132011067,0.7042511443252188,-0.4847898190232575,-0.23382351940597687,0.4629640578496561
7515593154894,-1.0786238037963638,2.2708474395039846,1.5446908144008873,0.6859543388030328,-0.4906202965126214,-0.23380481850410043,0.48383228144825796
7515626451194,-1.0977528700978754,2.2882400657024475,1.5410424640005105,0.6671021783780627,-0.49605719909928575,-0.2335980221011251,0.5043152812432491
7515659733394,-1.1176348925,2.3046360016,1.5369149446,-0.6477216482,0.5010929704,0.2332035005,-0.524384141
7515693023294,-1.1489577692007267,2.312401656996686,1.5339765685996574,0.6398479464891424,-0.49852877680594926,-0.24220631090736758,0.5323530473535727
7515726335494,-1.1804984929011368,2.3192700753944524,1.5308981217994768,0.6318324984529231,-0.49585653507055166,-0.2511634910892463,0.5402137459102885
7515759601294,-1.212165136401274,2.325222955193319,1.5276842048994301,0.6236936564961351,-0.49308241539762004,-0.2600547071026631,0.5479484499347345
7515792891094,-1.2439977219011837,2.330269464493295,1.5243263777994887,0.6154160675804312,-0.49020124507834195,-0.26889693359185013,0.5555719955076763
7515826218194,-1.2759823596009108,2.3344055262943955,1.5208212451996226,0.6069978245942298,-0.487212197982623,-0.27769166229368153,0.5630854782068048
7515859470294,-1.3079840535005014,2.3376159701966257,1.5171793259998025,0.5984693070203637,-0.48412615909714607,-0.2864074854017819,0.5704621836180191
7515892760294,-1.3400841951,2.3399112225,1.513387084,-0.5898036361,0.4809335172,0.2950722575,-0.5777258277
7515926048294,-1.3698183765000018,2.3442697784005113,1.5119658121006427,0.5409905139123429,-0.4564574204877985,-0.3403230295960213,0.6189960602985045
7515959338694,-1.3998460569000732,2.3437557080008613,1.510137439500975,0.48853122248629893,-0.4289060917686688,-0.38328555017818167,0.6561013611663804
7515992627194,-1.4293618258001723,2.3383911239010358,1.5078557027010446,0.43278560890711487,-0.3984684820906052,-0.4236649401966053,0.6887869800972677
7516025915994,-1.4575798554002557,2.328328591701031,1.5050861853009114,0.3741255672190818,-0.36534772740605576,-0.46119217531406514,0.7168353196246062
7516059206794,-1.4837484632002804,2.3138460242008487,1.5018075098006436,0.31294279950292286,-0.3297648841938717,-0.4956161792965378,0.7400584626983048
7516092528394,-1.5071882117002071,2.295322823000499,1.4980085777003143,0.2495933388974724,-0.2919255457912634,-0.5267299539889407,0.7583127299889493
7516125786394,-1.5272134542,2.2733228207,1.4937072992,-0.1846855134,0.252194494,0.5542411804,-0.7714310884
7516159075194,-1.5313389132001443,2.2805541507994813,1.4924047442986668,0.1367762365137753,-0.21198325169076804,-0.5676083630015262,0.7836938869089538
7516192364894,-1.5363790650001994,2.287186777299097,1.491133066097716,0.08828553462411448,-0.17087180407754843,-0.5785684145860479,0.7926330049845295
7516225653494,-1.5422479873001866,2.293107028898875,1.489902733797199,0.03942198554028574,-0.1290369910769498,-0.5870742109163727,0.7982100180195606
7516258943294,-1.5488464247001315,2.2982140974988394,1.488723356697154,-0.009610529947508792,-0.08665336446603132,-0.5930902505019564,0.8004016409905541
7516292231294,-1.5560617473000615,2.302420123299008,1.487603868297604,-0.058599637733770304,-0.043904511059553494,-0.5965905441029541,0.7991984728795681
7516325522994,-1.5637727030000068,2.305653555899393,1.486551904998556,-0.10734561482694727,-0.0009646784546682543,-0.5975606063466741,0.7946051284226016
7516358815394,-1.5718477964,2.3078582287,1.4855742455,0.1556372344,-0.0419801474,0.5959957242,-0.7866408229
7516392099094,-1.5769384746987847,2.3237907514998266,1.4922046402009232,-0.1720172010199199,0.05208393154056961,-0.5884360611314527,0.7883148790861753
7516425390494,-1.582672737798009,2.339623261299718,1.4985546059016237,-0.18832690233996552,0.062167630534495644,-0.5806213242647196,0.7896499486341039
7516458684394,-1.5890437717976522,2.35532454099967,1.5046209544020497,-0.20455673694728643,0.07222531802447704,-0.57255599185609,0.7906451043264804
7516491967594,-1.596041509697694,2.370859958899679,1.5103998084021502,-0.2206933157459205,0.08224868801118988,-0.5642468247264399,0.7912996489899635
7516525257894,-1.6036612020981136,2.3862096666997403,1.5158932192018746,-0.2367383354548455,0.09223879070162572,-0.5556929966254308,0.7916137059939145
7516558553494,-1.6118933222988896,2.4013448612998487,1.5211001374011737,-0.25268396636758816,0.1021907642937186,-0.5468985175324734,0.7915869329104619
7516591837494,-1.6207230091,2.4162304401,1.5260179043,0.2685152888,-0.1120952889,0.5378717184,-0.7912194729
7516625126394,-1.622791567399221,2.426269087000206,1.5261582289997682,-0.2795029751864811,0.132199764492068,-0.5379973386413985,0.7841939637263983
7516658414194,-1.6252838130987106,2.4362099623003726,1.526342136899607,-0.2903297971709004,0.15222766138676633,-0.5378140166041655,0.776718373368053
7516691705894,-1.6281945781984644,2.446036566400482,1.5265788349995206,-0.30099113489113977,0.17217047139994926,-0.5373217765334883,0.768795794706084
7516724992994,-1.6315165509984775,2.455728681900516,1.5268773121995132,-0.3114781494904072,0.19201165400158585,-0.5365210364245295,0.7604328139892147
7516758282394,-1.6352428764987428,2.465270924000458,1.5272465335995888,-0.3217870097108266,0.21174393681664405,-0.5354121223512608,0.751632546422833
7516791573294,-1.639365104099253,2.474645974500292,1.52769525029975,-0.3319115164026088,0.23135549381294113,-0.5339956450300296,0.7424001830891839
7516824862194,-1.6438734531,2.483836174,1.5282319784,0.3418447971,-0.2508330047,0.5322725773,-0.7327420115
7516858150894,-1.635035449799442,2.482775119600591,1.5197339288002891,-0.3532115207002915,0.2745592794176287,-0.5420346751319743,0.7113769989849512
7516891440494,-1.6265079717990973,2.4823930624009676,1.5108684155004635,-0.36413917588147665,0.2979446587074415,-0.5511227757161452,0.6891264956617159
7516924731994,-1.61833977199895,2.4826820905011378,1.5016664900005328,-0.37461443819097795,0.3209607068201152,-0.5595257569432327,0.6660173981912879
7516958022194,-1.610578824998984,2.483630870001112,1.492162062100508,-0.38462325735583086,0.34357656939360876,-0.567232339303952,0.6420806523424262
7516991309694,-1.6032705316991824,2.4852246379009033,1.4823901214004014,-0.39415284697715025,0.36576323681697653,-0.5742327383480178,0.6173471875875943
7517024597494,-1.5964570812995271,2.487445656800527,1.4723856839002272,-0.40319226404687686,0.38749515759207037,-0.5805189537168465,0.5918456263511189
7517057887994,-1.5901784897,2.4902732372,1.4621850252,0.4117308557,-0.4087468088,0.5860835314,-0.5656057596
7517091181794,-1.5791398670041805,2.4676922721987777,1.4563907776993759,0.3885498413779143,-0.3939325546057087,0.6039349523410514,-0.573679994882016
7517124465794,-1.5696992484070584,2.444477555698127,1.4503175023992443,0.3649326358996788,-0.37867351020692747,0.6210925328410083,-0.581097762490975
7517157755894,-1.561894908808568,2.4207240089979534,1.443989946099437,0.3408949601089853,-0.3629798574947621,0.6375450061194262,-0.58785424587865
7517191051794,-1.5557633906086528,2.396539941998158,1.4374367966997816,0.3164642279111016,-0.3468694086739058,0.6532730764801254,-0.5939413214493814
7517224334094,-1.551335622107271,2.372049862498637,1.4306917253001057,0.2916826595342227,-0.3303700604754248,0.6682499066818952,-0.5993487394565414
7517257646894,-1.5486272453043894,2.3473329438992874,1.423776350800236,0.26654544366084615,-0.3134784913811382,0.6824776710946023,-0.6040769738719862
7517290921094,-1.5476555824,2.3225531578,1.4167364836,0.2411334813,-0.2962491214,0.6959109306,-0.6081110835
7517324202394,-1.5270482198965707,2.2955542264031594,1.4138861975939414,0.2380157445636093,-0.2917558176633643,0.6976275742611898,-0.6095431205664295
7517357492094,-1.5067512583942582,2.268309210805229,1.4110473968898756,0.23488891047398042,-0.2872511931809123,0.6993202932103886,-0.6109542366303918
7517390780794,-1.4867733391930786,2.2408294463062313,1.4082204252878197,0.2317539671556986,-0.28273667206309255,0.7009885384742223,-0.612343973519832
7517424092294,-1.467103255693049,2.213098814306187,1.40540280908779,0.22860877474723842,-0.27820917475698576,0.7026334203668161,-0.6137132553344702
7517457359694,-1.447782917494182,2.1851770142051197,1.4025997313897998,0.2254597673433186,-0.2736779612560848,0.7042516016730538,-0.6150593047610514
7517490648894,-1.4287763965964944,2.1570127826030494,1.3998051620938652,0.22230082493304318,-0.2691342235471635,0.7058462559590556,-0.6163847628700255
7517523939694,-1.4100981951,2.1286268234,1.39702034,0.2191339731,-0.2645808756,0.7074163556,-0.6176887751
7517557228294,-1.3845912581036646,2.109410749499236,1.4049133014097046,0.2719244693163666,-0.29381254256095696,0.6903229021623505,-0.6026487895706987
7517590517394,-1.3572365824060613,2.093304736898736,1.413545260616026,0.3235846105006697,-0.3218224523705698,0.670357603456916,-0.5851016941394227
7517623807494,-1.3284564446072267,2.0804969440985306,1.423027966318959,0.37390018089218896,-0.34849441248414176,0.6476030005683766,-0.5651200340201685
7517657097694,-1.2986980612071888,2.0711212433986135,1.4334586397185956,0.4226604372897447,-0.3737166784992165,0.6221542312882798,-0.5427873538059307
7517690385194,-1.2684267554059667,2.065254323298943,1.44491795991512,0.4696586426868452,-0.39738238680956267,0.5941196055051959,-0.5181986996871334
7517723676094,-1.2381082921035702,2.062913211499442,1.457472621808804,0.5147078262162426,-0.4193973679419791,0.5636105374562013,-0.491451791596513
7517756964294,-1.2082202435,2.064057827,1.4711667299,0.5576122999,-0.4396659732,0.5307594538,-0.4626627266
7517790254294,-1.18737846369921,2.0484635272025904,1.46569667459787,0.5743118457867009,-0.4551071864168506,0.5138096924413421,-0.44614230085718654
7517823548894,-1.1655199270987975,2.0342557686043814,1.4604030073964427,0.5903947464804944,-0.47006005070740536,0.4963038433363565,-0.4291387737629235
7517856832094,-1.1427494279986976,2.0215040939053273,1.455294803795729,0.6058361282955119,-0.48450141581554357,0.478269333348801,-0.41167876858386976
7517890122594,-1.1191522999988417,2.01025796770539,1.450374954995733,0.6206281443082713,-0.49842392652262996,0.4597155631581394,-0.3937713765021913
7517923419094,-1.0948305099991569,2.000569150504538,1.445648747596453,0.6347538822013346,-0.5118117202145819,0.4406629465526864,-0.3754363323079284
7517956700294,-1.0699044958995685,1.992486858902747,1.44112326379788,0.6481893729525741,-0.5246420392733082,0.42114439822077354,-0.3567052890913672
7517989990294,-1.0444636345,1.9860415459,1.4367984533,0.6609300971,-0.5369105339,0.4011669755,-0.3375850022
7518023286994,-1.014179677602804,1.96083051149726,1.4393766153019762,0.6536959403880341,-0.5309558790924142,0.4072679926359999,-0.3534123005098277
7518056568494,-0.9848853360047577,1.9345487422955603,1.4423846332033927,0.6462198099646292,-0.5248047202649808,0.41321341181280535,-0.3690997684839356
7518089858894,-0.9566016469058088,1.9072182068948262,1.4458264383041883,0.6384991384953227,-0.5184549446814791,0.4190053316243142,-0.384652898788575
7518123186194,-0.9293480078059047,1.878856113294984,1.4497070471043032,0.6305298352245297,-0.5119031931967649,0.42464612503584126,-0.4000786374935907
7518156437694,-0.9032540881049984,1.8496038344959524,1.4540131485036805,0.62234225398708,-0.5051744160579767,0.430114880202322,-0.4153192965554399
7518189727394,-0.878266304003044,1.8194078711976525,1.4587586895022635,0.6139118002040342,-0.49824839686337385,0.43542856240599476,-0.4304216579522557
7518223015594,-0.8544523716,1.7883492708,1.4639379978,0.6052513123,-0.4911356866,0.4405785799,-0.445361793
7518256305694,-0.8288618453992926,1.7698486202002688,1.4667267063964957,0.5921016791074538,-0.47453770465918765,0.44339626679451594,-0.477105144645926
7518289603094,-0.8046750729987101,1.7497228891003618,1.4706409813941812,0.5780820581384936,-0.4572411461842976,0.44556523761216593,-0.5081567546791514
7518322883494,-0.7820490704983218,1.7281077977003294,1.475660201993059,0.5632235645465425,-0.4392842387899963,0.44708101401261763,-0.5384488283947044
7518356173894,-0.7610959359981941,1.705115411400225,1.4817643338931143,-0.547536166414459,0.4206789176638692,-0.44794281198030234,0.567961822569522
7518389464494,-0.7419437315983914,1.6808890335001003,1.4889219764943202,-0.5310470673402696,0.40145760028150124,-0.44814881559489766,0.596643483603406
7518422751394,-0.7247049866989744,1.655576068800008,1.4970958614966343,-0.5137824609484241,0.3816507703845792,-0.4476988025952055,0.6244486003198804
7518456042094,-0.7094752192,1.6293215752,1.5062456131,0.4957637489,-0.3612829745,0.4465933442,-0.6513427496
7518489330194,-0.6812878265989344,1.62125965030175,1.5022692918042297,-0.5054426708370415,0.377845375187042,-0.4432197952929675,0.6366449497226391
7518522620994,-0.6528539298982127,1.6144519399029325,1.4977255662070914,-0.5148214187108798,0.3941841357815414,-0.4395820639853389,0.6215668773004766
7518555915594,-0.6242399998978412,1.608907544003536,1.4926089886085534,-0.5238946095341623,0.4102899852137113,-0.43568210281987924,0.6061168793366742
7518589199094,-0.5955267696978271,1.6046344721035504,1.4869182703085897,-0.5326528830865699,0.426146205989786,-0.4315240644958661,0.5903111882905859
7518622488994,-0.5667673016981775,1.6016331299029682,1.4806481456071827,-0.5410956946064776,0.44175174431917763,-0.42710829402700806,0.574150982619238
7518655783394,-0.5380314710988995,1.599904204401785,1.4737976697043202,-0.5492173781969317,0.45709629062443,-0.422437547034558,0.5576466367147757
7518689066194,-0.5094013214,1.5994449854,1.4663707018,0.5570092797,-0.4721633792,0.4175169468,-0.5408160686
7518722356894,-0.49103430029984046,1.6081122906994039,1.4671017378973483,0.5935182026821542,-0.5154763252074793,0.3871558118253926,-0.48179941739831905
7518755679694,-0.47437129569972714,1.6197800195990306,1.4671871836958317,0.6255368583588368,-0.5549005913711914,0.35381354089981965,-0.4190524439809301
7518788937694,-0.4599624080996598,1.6340752032988781,1.466710947195357,0.6527354821900945,-0.5900277310854647,0.31784478500499935,-0.3532398045030162
7518822224694,-0.44820019239964226,1.650618565398931,1.465772895095765,0.6749913164912158,-0.6206960994753786,0.2794263705933803,-0.2846822407079818
7518855552694,-0.4394455639996835,1.6689387101991622,1.464485831296849,0.6921269853255017,-0.6466686950989812,0.2388298404933989,-0.21386945142565703
7518888803894,-0.4339887562997967,1.6884318301995336,1.4629796698983526,0.7039600473906414,-0.6676640557609447,0.19651046136995554,-0.14159307502409627
7518922093794,-0.4319698215,1.7085900307,1.461381197,0.7104505301,-0.6836036444,0.1526467353,-0.0681554303
7518955381694,-0.42803823099983607,1.7097254107008095,1.44960703170007,-0.6935983812825427,0.7078985306648059,-0.12455173975422913,0.04783116023096617
7518988672794,-0.42413184769975704,1.7104934077013463,1.4377935783000797,-0.6753040819164291,0.7307255174161118,-0.09619536545579466,0.027405598128679418
7519021960794,-0.4202245834997447,1.7108914462016085,1.4259633947000518,-0.6556090469996937,0.7520328456145631,-0.0676418559489997,0.0069250222231429315
7519055249794,-0.4162891398997808,1.7109202529015983,1.4141354962000083,-0.6345518865820027,0.7717790315106168,-0.03894701434288042,-0.013570550082117083
7519088540694,-0.4122988199998472,1.7105834890013207,1.4023300143999717,-0.6121755889007857,0.7899233924522938,-0.01016964473820152,-0.03403910598906003
7519121829294,-0.408227996899926,1.709887947300784,1.3905686958999623,-0.5885294696715231,0.8064259877324217,0.018626858267605847,-0.05443555629386287
7519155117594,-0.404050976,1.7088433504,1.3788707256,0.5636613965,-0.8212537766,-0.0473844223,0.0747187808
7519188408794,-0.40311656790017136,1.710077583599822,1.3732113872998848,-0.5504282606659676,0.8292114362351705,0.06419340576441077,-0.07291317119292848
7519221697894,-0.4020755454002698,1.711179469899715,1.3675437302998135,-0.5369074613476261,0.836733974698164,0.08096768195216543,-0.07106945908301629
7519254987994,-0.400924174000305,1.7121518717996722,1.3618735394997827,-0.52310480917853,0.8438181232386427,0.09770001884732031,-0.06918843707977426
7519288281794,-0.3996589248002865,1.7129978662996874,1.3562066730997893,-0.5090263618796521,0.8504606493329013,0.11438299133760424,-0.06727093087275375
7519321564894,-0.3982772087002236,1.7137204163997521,1.3505518880998297,-0.49468567215012804,0.8566553387742734,0.13100065841939626,-0.06531878606186467
7519354856494,-0.3967753122001252,1.7143234992998595,1.3449122085999012,-0.48008201238007836,0.8624025615186852,0.14755389961647628,-0.06333190335901388
7519388149194,-0.3951508403,1.714810729,1.3392951488,0.4652261734,-0.867697835,-0.1640303284,0.0613117516
7519421433294,-0.40264118919682457,1.7339535228014524,1.3363862232010697,-0.4681978555486571,0.8650138380640036,0.1687453401055693,-0.0637717665591627
7519454723494,-0.41034632239472135,1.75303737400244,1.3336277326017711,-0.4711493281787493,0.8622910053301586,0.17345373592812954,-0.06622940567446087
7519488018994,-0.4182652795936827,1.7720583301029516,1.3310195970021117,-0.4740803778799355,0.8595295011425725,0.17815518954025336,-0.06868449908599893
7519521301294,-0.42639266349370036,1.7910023974029747,1.3285629611020975,-0.4769892534666986,0.8567309959287417,0.18284688314682002,-0.07113557489555408
7519554591794,-0.4347326925947651,1.8098783354024983,1.3262559339017361,-0.47987770114760053,0.8538938229046339,0.18753162715085706,-0.07358410130426218
7519587888794,-0.4432840834968682,1.8286817067015106,1.3240984286010344,-0.482745431224563,0.8510182276739218,0.1922089692529999,-0.07602984241235196
7519621184994,-0.4520439804,1.8474049568,1.3220906258,0.4855916798,-0.8481049538,-0.1968776733,0.0784721524
7519654459294,-0.4674290567056338,1.874212256396409,1.322011722598987,-0.48869926624333154,0.8439695295105537,0.20140672815531546,-0.09123480851481543
7519687747894,-0.4833837983093159,1.9006977369939344,1.322365167898339,-0.4917054159397145,0.8396548433979173,0.2058953738374542,-0.10398376280124949
7519721040594,-0.4998881958110869,1.9268390411926286,1.3231601447980412,-0.4946084928611408,0.8351629825274017,0.21034125703025092,-0.11671241149295046
7519754326994,-0.516920993010992,1.9526143657925388,1.3244049217980751,-0.4974069896672541,0.8304963124302313,0.2147420579167771,-0.12941410368122763
7519787616494,-0.5344704289090791,1.9780176729937102,1.3261079682984247,-0.5001011231881646,0.8256545220570103,0.21909810010992498,-0.14208975797349901
7519820906894,-0.5525185075053979,2.0030341618961844,1.328277051899072,-0.5026901296689102,0.8206389185172214,0.22340817118555206,-0.15473586525387928
7519854196894,-0.5710471869,2.0276501179,1.3309195042,0.5051733851,-0.8154507875,-0.227671206,0.1673492789
7519887484494,-0.5874129000987485,2.051685584802722,1.3428934995972621,-0.5373367411826002,0.7835326597149437,0.23043731797771408,-0.21034362414517738
7519920774894,-0.6037272413981547,2.073982751604757,1.3579188657955725,-0.5674018869665288,0.7485483500801626,0.23230268497374046,-0.25251916523915546
7519954064894,-0.6196171156980786,2.094354500705945,1.3758510434948727,-0.5952481303794097,0.7106376359860371,0.23325972588230579,-0.29370685024579457
7519987353194,-0.6347170777983739,2.1126455226061513,1.3965002085950802,-0.6207657253838531,0.6699504912813219,0.2333047477877895,-0.33374413564922756
7520020647794,-0.648677951798891,2.1287375441052725,1.4196405019960896,0.6438605231145276,-0.6266356898024701,-0.23243739630304178,0.3724838195684911
7520053931494,-0.6611581173994806,2.1425349233032365,1.4449893309977755,0.6644308302096104,-0.5808854448874671,-0.23066169860543514,0.409754746868554
7520087252794,-0.6718618274,2.1540029049,1.4722809792,0.6824230552,-0.5328093767,-0.2279809415,0.4454635084
7520120516094,-0.6859384074999396,2.1780658799999744,1.4769240661003693,0.6822511338079486,-0.5245894708782096,-0.23306047561068327,0.45279365296966245
7520154029994,-0.7005480756998905,2.2019710411999562,1.4820148236006252,0.6819764372607482,-0.5162296122195492,-0.2381436098304921,0.4601116686041477
7520187089894,-0.7153699348998583,2.225205901399946,1.4874416951007583,0.6816056659418417,-0.5079074543062253,-0.24312303982551317,0.467263225090687
7520220385994,-0.7306992211998475,2.2482461358999455,1.4933129497007678,0.6811321202194873,-0.49945123099086053,-0.24810233011902172,0.4743972348744581
7520253667794,-0.746414230899864,2.2709021713999538,1.4995872088006477,0.6805584304970075,-0.4909250578759684,-0.2530429305121609,0.4814582905577021
7520286957994,-0.762514928099913,2.2931771255999718,1.5062671363003934,0.6798843166969832,-0.48232439577757413,-0.25794749231349534,0.4884501861566372
7520320255094,-0.7789899707,2.3150575161,1.5133509636,0.6791098714,-0.4736508727,-0.2628150582,0.4953715503
7520353535494,-0.8043764910996073,2.3331409113991866,1.5213109038024841,0.6731450819207472,-0.467000799610641,-0.26737333162001764,0.5072449638856406
7520386825794,-0.8302302037993686,2.3504512099986163,1.5295206586040113,0.6670158741644687,-0.4602359127862394,-0.27186835819277144,0.518999348754884
7520420114394,-0.8565167014992702,2.366968336698306,1.537979961304657,0.6607257727983225,-0.45336014002369046,-0.2762974493017549,0.5306277000940522
7520453404994,-0.8832129189992983,2.3826811243982724,1.5466920165044993,0.6542755969637014,-0.4463743776137317,-0.2806600256818164,0.5421284978785271
7520486694394,-0.910289918899439,2.3975758204985316,1.5556580132036169,0.647667519782097,-0.43928098143956623,-0.28495461118417303,0.5534978525068325
7520519982694,-0.9377209895996779,2.4116411322991014,1.5648797233020901,0.6409031347863995,-0.4320816556553014,-0.2891801880803105,0.564733063923989
7520553273394,-0.9654819369,2.4248678684,1.5743596554,0.6339833736,-0.4247773886,-0.2933361828,0.5758326054
7520586563294,-1.002407791800083,2.436135011797769,1.5669144715971153,0.6321933343894687,-0.42754208425687035,-0.2916000621756577,0.576635723730302
7520619851194,-1.0393210920001328,2.4473457939962677,1.559335623895199,0.6303942492902497,-0.43030042344445624,-0.28985982377597463,0.5774304448207291
7520653141394,-1.0762264257001524,2.458500658295504,1.551622566894247,0.6285858950033727,-0.43305271094045045,-0.2881152602819555,0.578216844222474
7520686447494,-1.1131386819001452,2.469603113595486,1.5437724833942552,0.6267675515062191,-0.43580002612935614,-0.2863656807832123,0.578995224914782
7520719718994,-1.1500017231001154,2.480635377796224,1.5357978387952194,0.6249420097932128,-0.4385381689070822,-0.28461376707725083,0.5797644024923745
7520753014294,-1.1868800807000657,2.491615849897726,1.527685158797136,0.6231060966011986,-0.441271908699391,-0.28285647138086745,0.580525719989372
7520786297794,-1.2237341404,2.5025317669,1.519443512,0.6212618351,-0.443998307,-0.2810957134,0.5812783837
7520819587994,-1.2548017879009483,2.5090180729978537,1.5315681481990664,0.6248794439338412,-0.4470265217000285,-0.27932516569204935,0.5759083444931292
7520852883594,-1.285828508401619,2.5159399652964183,1.5435715733984077,0.6284637830296624,-0.4500310072876752,-0.27753919698659746,0.5705062313732608
7520886165894,-1.3167902518019887,2.5232927546956985,1.5554474675980465,0.6320126184932614,-0.4530098945521588,-0.27573889506710375,0.5650753465249623
7520919456094,-1.3477001226020346,2.5310802783956943,1.5672038299980033,0.635528026767977,-0.45596492539624917,-0.27392321439585426,0.5596125325757434
7520952772494,-1.3785683939017337,2.5393066465964096,1.578847366998301,0.639011696766643,-0.4588975259857583,-0.27209123259140505,0.55411503605881
7520986034294,-1.4093136891010636,2.547950427497843,1.5903504534989588,0.6424550352654858,-0.4618004568753489,-0.2702475107870172,0.5485965262423411
7521019324394,-1.4400061369,2.5570316315,1.6017423868,0.6458665133,-0.4646808505,-0.2683875859,0.5430436134
7521052622294,-1.461671931199002,2.5619028913042348,1.5921326852997693,0.6483736332560859,-0.45937398707204635,-0.26794583747781325,0.5447863800409731
7521085902394,-1.483423928498344,2.5668025595070287,1.582767843899616,0.6508550362408444,-0.4540526899742467,-0.2674942512699052,0.5465077328498039
7521119192394,-1.5052780233980216,2.571732646008402,1.5736411146995395,0.65331266781512,-0.44871271146932074,-0.26703245775750195,0.5482090177497347
7521152482094,-1.5272253709980308,2.5766895913083685,1.56475649429954,0.6557456719346235,-0.44335588149527,-0.26656061126332203,0.5498896403874921
7521185771194,-1.5492635654983664,2.5816712840069456,1.5561151125996167,0.6581539360269362,-0.4379824507024573,-0.26607873425778666,0.5515495232023099
7521219060694,-1.5713910500990247,2.5866758042041504,1.54771773059977,0.6605374419462772,-0.43259246022726294,-0.2655868304628787,0.5531886537396393
7521252348694,-1.5936043262,2.5917007923,1.5395658016,0.6628959775,-0.4271864295,-0.2650849521,0.5548068881
7521285640094,-1.6347008244011931,2.587265509701727,1.532328715704606,0.6518818458697314,-0.43186391768967525,-0.2723906993408885,0.5606664984960122
7521318928094,-1.6755569468020877,2.5817774665028304,1.5245013083077168,0.6407183556059178,-0.4364412345146846,-0.2796328204683454,0.5663960834273706
7521352217194,-1.7161440549026232,2.575235854203337,1.5160977393093062,0.6294065781814301,-0.4409179443989151,-0.2868106238695955,0.5719950976053135
7521385507694,-1.7564285454027404,2.567641292003278,1.5071335579093499,0.6179490066735888,-0.44529304259451874,-0.2939225098778629,0.5774622840975321
7521418827994,-1.79641064240238,2.558987592702681,1.4976165632078238,0.6063383119996055,-0.44956910671525513,-0.3009728077026854,0.582800856821847
7521452084794,-1.835945594901486,2.5493033199015795,1.4875909219047154,0.5946098971852021,-0.4537333341066302,-0.30794025440773315,0.5879948396076153
7521485380594,-1.8751226664,2.5385634899,1.4770435095,0.5827304721,-0.4577977061,-0.3148447871,0.5930591822
7521518665494,-1.9076335978995718,2.5356422050971656,1.4774530673967186,0.5735956723653342,-0.461918523486679,-0.3205648987963717,0.5956991085802619
7521551954694,-1.9400986045992097,2.532184077095289,1.4774045209945275,0.5643793009824535,-0.46597513379368466,-0.32624082109311897,0.5982558866914747
7521585249494,-1.9725032372989597,2.528186025194363,1.4769028559934294,0.5550822612006221,-0.4699671031019336,-0.331871963690925,0.600729227704388
7521618532294,-2.0048147355988686,2.5236479154943794,1.4759539117934275,0.5457107926193725,-0.47389178101111046,-0.33745457428959164,0.6031175018185797
7521651823794,-2.0370375993989813,2.5185649061953317,1.4745628603945222,0.5362603921899083,-0.4777510678777993,-0.3429913491579613,0.6054218721790202
7521685117294,-2.069149740099343,2.5129359628972083,1.4727357133967136,0.5267342495434242,-0.4815436141185944,-0.3484803751796796,0.6076415112335213
7521718402194,-2.1011254787,2.5067615509,1.4704793692,0.5171367526,-0.4852676988,-0.3539191484,0.609775424
7521751690794,-2.1076503280999246,2.522837755900246,1.4720245553001823,0.5351064018053627,-0.5001682158821864,-0.33943243484746993,0.5901512659832785
7521784987394,-2.1131023866998717,2.5393209204004106,1.4734846126002235,0.552470174833184,-0.5145019602141135,-0.32455517907016423,0.5698494315118333
7521818268294,-2.1174528779998423,2.556126400200494,1.474868233300171,0.5691961421071,-0.5282425974952676,-0.3093150570609077,0.5489077385838664
7521851558794,-2.120685147699838,2.5731925876004937,1.4761865396000737,0.5852781216337287,-0.5413850679247704,-0.2937179610801757,0.5273343227060899
7521884850094,-2.122782654699861,2.590439622600411,1.4774495022999803,0.6006932251286644,-0.5539106332243077,-0.27778562918255467,0.5051591866978394
7521918137794,-2.123735276399914,2.6077889185002467,1.4786675631999397,0.6154219283955233,-0.5658034383974668,-0.26153836997332236,0.4824106136676896
7521951427094,-2.1235384941,2.6251664162,1.4798517227,0.6294498444,-0.577051878,-0.2449922115,0.4591110647
7521984715794,-2.1200372491993726,2.6293190345997863,1.471643995500207,0.6142779710258662,-0.5843937019256158,-0.2719658746905658,0.45517154839226853
7522018006694,-2.1162622811989626,2.6336043706996373,1.463627259400356,0.59847409571672,-0.5911357076134024,-0.298661948485527,0.450764209390325
7522051293894,-2.1122297545987645,2.6380313717995563,1.4558169199004403,-0.5820572530948798,0.5972697786870416,0.3250482853723406,-0.4458943571781068
7522084583194,-2.107955522298774,2.6426099314995493,1.4482247553004521,-0.5650414911956998,0.6027907264826152,0.351102399670428,-0.44056617918261515
7522117873694,-2.103457194398986,2.6473484597996184,1.440863260000386,-0.5474446609073814,0.6076926389897678,0.376796772775891,-0.4347852248953816
7522151163094,-2.0987535309993968,2.6522544852997676,1.4337442516002366,-0.5292860512173564,0.611970139495437,0.40210323398143494,-0.4285578299067055
7522184452194,-2.0938637257,2.6573352814,1.4268778563,0.5105839372,-0.6156190038,-0.4269964397,0.4218902886
7522217760394,-2.083224228700173,2.654754640100289,1.4247855271992707,-0.4977423288047074,0.6016589970752428,0.4499819943704121,-0.4333303936915872
7522251034194,-2.0724379631003025,2.6528650107004834,1.422769138498759,-0.4844075871393661,0.5871012892189403,0.4724860155054761,-0.44431782641599543
7522284342694,-2.0615266767003795,2.651670379300582,1.4208312615984813,-0.4705655805405818,0.5719304493228929,0.49453227601077787,-0.45486418141179125
7522317615794,-2.0505578858003957,2.6511782945005833,1.4189823932984542,-0.4562595291253978,0.5561938482075256,0.5160519790980764,-0.46493655499146624
7522350898394,-2.039561699600343,2.651389476100486,1.4172260040986904,-0.4414852464303835,0.5398869453173681,0.5370528501077521,-0.4745388283916556
7522384202594,-2.028579063100213,2.6523043257002916,1.415567280099203,-0.4262517588382813,0.5230196286314782,0.5575203976225807,-0.48366404909629374
7522417483394,-2.0176696777,2.6539180279,1.4140137434,0.4105952084,-0.5056319237,-0.5774062276,0.4922906756
7522450766594,-2.007376421400029,2.651485157799797,1.4139249678006505,-0.41190140082292964,0.5055338604179009,0.5744651569017352,-0.49473481328581204
7522484056794,-1.997086991300045,2.6490292439996668,1.4137799038010816,-0.41320116190412154,0.5054275462951768,0.5715141152706236,-0.49717141037428647
7522517353294,-1.9868020209000496,2.646550094999606,1.4135786588012949,-0.414494412720749,0.5053129478158576,0.568553170388529,-0.49960033930541137
7522550634694,-1.9765285309000453,2.644049085399612,1.4133215261012917,-0.415780303615476,0.5051901438098431,0.5655842772762456,-0.5020200026101744
7522583925494,-1.9662593692000339,2.641524153699682,1.4130084761010735,-0.4170597620085967,0.5050590479019761,0.562605301461891,-0.5044321439129913
7522617215694,-1.955998035500018,2.6389758240998127,1.4126397298006426,-0.4183323798246681,0.5049196984219145,0.5596171826783697,-0.5068359961436014
7522650503194,-1.9457455873,2.6364040375,1.4122154713,0.4195980728,-0.5047721267,-0.5566201806,0.5092313886
7522683792994,-1.9355032529012723,2.6109101357984454,1.418150507597329,-0.41129556570471015,0.5025018441125811,0.5527302964622199,-0.5223189386456176
7522717081894,-1.9247451655020626,2.5857614597973466,1.4246184300955431,-0.4028861602859412,0.5001007450040207,0.5486965575523621,-0.5352700948368605
7522750406294,-1.9134601548024053,2.560953547396742,1.4316132975946458,0.394362673174314,-0.49756660740432623,-0.5445153603518441,0.5480954073369523
7522783660594,-1.9016867130023345,2.53658648989667,1.439097790794642,0.3857544933613875,-0.4949083234030447,-0.5402012641491867,0.5607511181348704
7522816949794,-1.889390943501887,2.5126043885971656,1.4470798634955324,0.3770368469662766,-0.4921183979250728,-0.535741996671506,0.5732741154594513
7522850240594,-1.8765873035010967,2.4890531438982646,1.4555369449973188,0.36822055963272227,-0.48920013649688054,-0.5311429485387682,0.5856483707249102
7522883531294,-1.8632799387,2.4659547806,1.4644527435,0.3593083918,-0.4861544669,-0.5264055729,0.5978700519
7522916818294,-1.8606156941001748,2.4695929359996898,1.4609039280995257,0.3706886897436167,-0.5048852128237193,-0.5163913469711654,0.5839698570486441
7522950113094,-1.8577025362002872,2.4730848357994923,1.4574019226992165,0.3817847148720814,-0.5232295301578032,-0.5059750536099891,0.569614374279
7522983399294,-1.8545508900003402,2.476415815499402,1.4539524903990695,0.39258240574866043,-0.5411641753200278,-0.4951698684795311,0.5548217654317036
7523016686094,-1.851169691100335,2.4795743999994135,1.4505585388990798,-0.4030764969352712,0.558680371395012,0.48398130836387965,-0.5395995491016549
7523049982294,-1.847568377600275,2.4825494217995208,1.4472229053992431,-0.4132615007748259,0.5757689987427989,0.47241490541015435,-0.5239552931409022
7523083264994,-1.843760575100162,2.4853275205997183,1.4439513969995519,-0.42312259067186053,0.5924051639308549,0.460487631905659,-0.5079119371240537
7523116555494,-1.8397556543,2.4878997803,1.4407452345,0.4326585531,-0.6085867882,-0.4482012093,0.4914717674
7523149850794,-1.8409052024979804,2.5150810246991995,1.435432795497764,-0.45656398865757436,0.6166520402966775,0.43691553609761197,-0.4694618192947832
7523183132894,-1.8403053980966442,2.5424194491986127,1.430960052496261,-0.4798903774581395,0.6239448113911993,0.4250892759055408,-0.4468749326950308
7523216423394,-1.8379528831959915,2.5697955946982733,1.427333150995505,-0.5026238415805571,0.6304608608124679,0.4127296037309167,-0.4237247350138125
7523249720094,-1.8338520610960165,2.5970702955982135,1.424557893395504,-0.5247341069526912,0.6361911119703525,0.39985241571494173,-0.400041287490946
7523283001194,-1.828020470296707,2.6240889795984623,1.422636487596258,-0.5461793853930754,0.6411249993101036,0.38648242235004066,-0.3758698597197003
7523316291894,-1.820476927898043,2.6507365966990486,1.4215637451977616,-0.5669493260695089,0.6452603149737508,0.3726263222386864,-0.3512224531036935
7523349581894,-1.8112543821,2.6768710613,1.4213325977,0.5870113373,-0.6485903263,-0.3583055139,0.3261372745
7523382869194,-1.818278492599978,2.6742509655991613,1.4298168381997411,-0.5757107136910486,0.6351970043913716,0.3757902622498342,-0.3519426353140127
7523416159794,-1.8249887708999335,2.671201391898623,1.4384123626995657,-0.5636727139750879,0.6209900239761729,0.39279615703138965,-0.3773004647007513
7523449448894,-1.831353525099886,2.667746493898375,1.4471159715994761,-0.550914383686021,0.6059895083901471,0.4092989447311353,-0.4021746280049236
7523482738194,-1.8373441665998533,2.663911941198403,1.4559255791994747,-0.5374514298890447,0.5902139221949338,0.42527839222527813,-0.42653461250381147
7523516027794,-1.8429336841998514,2.6597254777986947,1.4648381485995616,-0.5233010141584142,0.573683375662351,0.44071409979095394,-0.4503493258736757
7523549316494,-1.848096919299896,2.655216826499233,1.4738497638997374,-0.5084817609893535,0.5564196248968029,0.45558578600801447,-0.47358746959598386
7523582606794,-1.8528114557,2.650416851,1.4829570055,0.4930115044,-0.5384434462,-0.4698755443,0.4962210655
7523615916794,-1.851821280300014,2.6467522992000942,1.4782565939999217,-0.48782372037840893,0.5369087438838097,0.4824224916911335,-0.4909435385946085
7523649184394,-1.8506777391000142,2.643171040800143,1.4735367110998832,-0.4825380932692021,0.5352610392720218,0.49485017918487967,-0.4855676147996801
7523682478994,-1.849379246900006,2.639668159500155,1.4687918976998766,-0.47714478740008026,0.5334973118044238,0.5071819249206139,-0.48008328984480036
7523715784094,-1.8479270123999951,2.6362480703001383,1.4640288604998934,-0.4716474571871564,0.5316186197875401,0.5194087945105097,-0.4744942817455441
7523749053394,-1.846324184699987,2.6329178984001014,1.4592586390999254,-0.4660550382590616,0.5296281074527105,0.531511297082121,-0.468809673730701
7523782348494,-1.8445689511999868,2.629673832700052,1.4544768190999635,-0.46035842027777385,0.5275225673705041,0.543509296606733,-0.4630202050626289
7523815632694,-1.842664361,2.6265218258,1.4496930838,0.4545650184,-0.5253046751,-0.5553869009,0.4571334124
7523848921994,-1.8391568637015614,2.6352767858004995,1.4476337370992172,-0.47420958714997674,0.5260578349407349,0.5467357996703543,-0.4466188387331343
7523882217294,-1.835358120602579,2.6439436771008773,1.4457151680986773,-0.4935864170981593,0.5265101903983462,0.5377703697179876,-0.4358468741614171
7523915499694,-1.8312715329030658,2.6525034911011063,1.4439309228983919,-0.5126735340684867,0.5266613394720265,0.5285009436804313,-0.4248298877199588
7523948790094,-1.826896415003036,2.660947743401159,1.4422720456983715,0.5314720692961262,-0.5265113571045926,-0.5189270702029322,0.4135673176262542
7523982084394,-1.8222356267025037,2.66926171410101,1.4407307124986266,0.5499687976043508,-0.526060186216503,-0.5090552427053426,0.4020668626157687
7524015367694,-1.8172944709014867,2.6774284131006323,1.4392992136991665,0.5681449644830724,-0.5253083828004261,-0.4988956173817974,0.3903403197843707
7524048658194,-1.8120740652,2.6854393482,1.4379681349,0.5860002041,-0.5242560506,-0.4884485304,0.3783880472
7524081947094,-1.8096114853004628,2.671949863200221,1.4422431580007002,0.5727269893349095,-0.5213446669483577,-0.4956577075318176,0.39307374740140033
7524115238994,-1.806660852100747,2.6586466925003602,1.4467888064011276,0.559193538412439,-0.5181972200256193,-0.5026433507220129,0.4075829850845635
7524148525794,-1.803231460600866,2.6455564888004233,1.4516019284013046,0.5454092517102255,-0.5148158881218017,-0.5094005914299439,0.42190566118159145
7524181815894,-1.7993318831008354,2.6326989859004146,1.4566812114012557,0.5313769065037156,-0.5112013664143475,-0.5159280966339232,0.43603892637509195
7524215106494,-1.7949726163006696,2.620097937800339,1.4620232872010053,-0.5171039879166093,0.5073555540262807,0.522222325457398,-0.4499751662850877
7524248394194,-1.7901652345003858,2.607776768900199,1.4676241207005782,-0.5025984348747209,0.5032806080844948,0.5282798135247777,-0.4637066760461924
7524281682494,-1.7849211693,2.5957558155,1.4734803438,0.4878653288,-0.498977989,-0.534098506,0.4772287309
7524314974194,-1.782990842999917,2.592907047900475,1.4702689453996127,-0.4888189623844574,0.5062591961033935,0.5273013712436484,-0.47614169346812757
7524348261694,-1.781107187599864,2.5899904509007876,1.4670917719993437,-0.48972298530130337,0.513488228330512,0.5204517076598292,-0.47500658629911563
7524381550494,-1.7792710164998395,2.5870067209009413,1.4639490521991996,-0.49057744025566985,0.5206655323921925,0.513549060810197,-0.473823322169682
7524414845294,-1.7774831978998427,2.5839566115009367,1.460841097899187,-0.491382344879759,0.5277913773280455,0.5065931383340135,-0.4725918380077352
7524448130494,-1.7757456532998708,2.5808427857007765,1.457770089299312,-0.4921372487724188,0.5348617114308039,0.4995879119252705,-0.47131284331553513
7524481418994,-1.774058766599924,2.577665304500464,1.454735540999581,-0.4928423820525534,0.5418785737200633,0.49253139100434007,-0.4699859856114913
7524514715294,-1.7724233866,2.5744249821,1.4517377615,0.4934977591,-0.5488421917,-0.4854233265,0.4686112106
7524547998894,-1.7839052451004425,2.582052105400799,1.4564739152977704,-0.5077608274655385,0.5466439992245149,0.4855440681081435,-0.4556382755304198
7524581288394,-1.795197717000762,2.589804358501355,1.4614634247962908,-0.5218351763793109,0.5442395250182133,0.4854819519126461,-0.4424914264346942
7524614583194,-1.8062972956009435,2.597669280701654,1.466709621595558,-0.5357151371839832,0.5416295973024415,0.4852368952081777,-0.42917575263133084
7524647866294,-1.817195457700973,2.6056302786016823,1.4722126600955687,0.5493884526654678,-0.5388165906642595,-0.4848091680829706,0.4157031155109199
7524681156394,-1.8278957533008358,2.613679107601425,1.477978095096317,0.5628576964992769,-0.5358000276775409,-0.48419873000351327,0.40207105553031186
7524714450894,-1.8383949302005165,2.6218023534008696,1.4840077349977971,0.5761166351668612,-0.5325811763282847,-0.4834057649669301,0.3882856934031069
7524747734894,-1.8486863375,2.6299834251,1.4903005362,0.5891544223,-0.5291627645,-0.4824309945,0.3743584454
7524781024694,-1.8542629009008795,2.6353261194993487,1.4842482089002933,0.5801798707236577,-0.5271527518617584,-0.49398548641476553,0.37613778462582415
7524814313894,-1.8598453636014773,2.640539274398906,1.4780895757004993,0.571077138608634,-0.5250261631487513,-0.50543049431177,0.377833885705922
7524847602494,-1.8654287386017858,2.6456227953986757,1.4718246013006109,0.5618482249011203,-0.5227834554428912,-0.5167634739148018,0.3794463636907816
7524880892394,-1.8710083567017992,2.650576981798665,1.465452977900622,0.5524946407302006,-0.5204249931718264,-0.5279825610524388,0.3809749515007761
7524914182294,-1.8765790154015103,2.655401760598879,1.4589750958005276,0.5430188135079796,-0.5179513836530251,-0.5390848287414988,0.38241924607562844
7524947470194,-1.8821354048009127,2.6600970957993217,1.4523915950003214,-0.5334234200097564,0.5153633329573901,0.550067164253859,-0.38377884886723934
7524980760994,-1.887673378,2.6646640301,1.4457018375,0.523709178,-0.5126610398,-0.560928762,0.3850536644
7525014049094,-1.8846551004999594,2.652659601899351,1.4487438830979762,-0.515351028928746,0.4891385502967855,0.5678253615972297,-0.4156093770869676
7525047373894,-1.8806779469999255,2.640933482398906,1.4518275440966255,-0.5061554951200035,0.46480409050541543,0.5738170584988929,-0.44553086939620234
7525080628094,-1.8757788757999039,2.6295910139986765,1.454907685395959,-0.4961681582744224,0.4397761616808781,0.5788763457563372,-0.47467490207045016
7525113917394,-1.8699724836998974,2.618661334098669,1.4579589065959735,-0.48537460517531733,0.41401658259794,0.583012655065794,-0.50308846738716
7525147211294,-1.8632969579999097,2.6082182827988873,1.4609433599966626,-0.47380061815323193,0.38758902019504116,0.5862139000460976,-0.5306985858796002
7525180496894,-1.8557950794999432,2.5983257615993325,1.463825336398012,-0.4614693776438528,0.36054621790252717,0.5884738610401048,-0.5574504041847402
7525213785494,-1.847509861,2.5890367031,1.4665719271,0.4483966827,-0.3329225481,-0.589789927,0.5833103061
7525247086794,-1.8310410057999882,2.5635795945989166,1.4652415525037388,0.40877878314469074,-0.31475737180192226,-0.6038599352246969,0.6076025691004912
7525280366194,-1.8121335083000756,2.539868814098162,1.4648504900066814,0.36808936865290376,-0.2957590262912339,-0.6162993696147652,0.6302474927077545
7525313653694,-1.7909761902002037,2.5181351525977607,1.4654079687085326,0.32640171115482236,-0.27596192507374806,-0.6270870174930478,0.6512056598007032
7525346949494,-1.7677958134003149,2.4986120000977334,1.4669146736090175,0.283826820157636,-0.25541854565498384,-0.636192741169362,0.6704196437889565
7525380232194,-1.7428578116003528,2.481519604198093,1.4693592288078914,0.24050654499482516,-0.23419740236743963,-0.6435866071318674,0.6878258919664824
7525413522694,-1.7164160624002645,2.4670288529988484,1.4727226643049436,0.19653022859542618,-0.21234233594479532,-0.649253805306297,0.7033890089481285
7525446817394,-1.6887578964,2.4552969933,1.4769749641,0.1520204097,-0.1899140775,-0.6531775594,0.7170644999
7525480100294,-1.6718613834982867,2.4431928413029977,1.4807863018986773,0.1085632450044359,-0.1487413418366189,-0.6535774337832675,0.734116185022526
7525513390994,-1.653590303897453,2.433325790805145,1.4847292639976812,0.06467511651009793,-0.10698244645088302,-0.6514441296874486,0.7483264203217417
7525546681494,-1.6342296428973333,2.4258511591063203,1.4887326761970974,0.02053654351463095,-0.06480909276212603,-0.6467855673644494,0.7596357427904965
7525579968494,-1.6140794068977373,2.420884400206433,1.4927249325969947,-0.023676990479428874,-0.02238898037850289,-0.6396206842979244,0.767999683527085
7525613259194,-1.593445433098461,2.4185007491054273,1.496635855297425,-0.06780365497407034,0.02012262620836599,-0.6299756829967853,0.7733876021241675
7525646548494,-1.5726484873992885,2.418737104703278,1.500395063698422,-0.11166564496828817,0.06255444779515545,-0.6178891683964292,0.7757774812233393
7525679836994,-1.5520083904,2.4215888977,1.5039352179,-0.1550937742,0.1047427952,-0.6034080386,0.7751604319
7525713127494,-1.5574320712990266,2.429847633900253,1.5082866923009346,-0.16268938547520864,0.10552700928134019,-0.5962834658052788,0.7790007975432887
7525746416694,-1.563009763498395,2.4380954948004345,1.5124593898015708,-0.17026456458407146,0.106298132177793,-0.5890853724980849,0.7827446001418991
7525779705594,-1.5687394897980953,2.446328163800538,1.5164519532019003,-0.1778185958885756,0.10705608787160785,-0.5818144124770471,0.7863914613217965
7525812995494,-1.5746192693981171,2.454541404000554,1.5202631266019153,-0.18535083840153527,0.10780081167049828,-0.5744711995840669,0.7899410690396297
7525846283494,-1.580646300898449,2.4627299532004754,1.5238912688016084,-0.1928597043101138,0.10853214716673676,-0.5670572855771318,0.7933926785386217
7525879577994,-1.5868197785990805,2.4708913355002937,1.5273360315009723,-0.2003461539271062,0.10925018546754157,-0.5595717029940077,0.7967467130715447
7525912863594,-1.5931344032,2.4790172577,1.5305947065,-0.2078058124,0.1099545136,-0.5520188808,0.8000012636
7525946151994,-1.59414629589889,2.4756666607000697,1.5235393140998603,-0.20467961263240975,0.11665754027963249,-0.5711115085891841,0.7863389340644015
7525979447394,-1.595324636798116,2.472611008800124,1.5163748476997394,-0.20142871511504065,0.12329127858729712,-0.589862042152429,0.772197192807109
7526012747194,-1.5966730672977008,2.4698542258001597,1.5091185843996533,-0.19805526861042427,0.12985114610241694,-0.6082574396529481,0.7575854259015162
7526046019494,-1.5981933504976646,2.467401445800171,1.5017945402996193,-0.1945646739074664,0.1363269652189293,-0.6262693150607613,0.7425269633049046
7526079315594,-1.599890616198025,2.465250911000152,1.494408595899654,-0.19095368550386047,0.14272480763543777,-0.6439145808691769,0.7270077935084276
7526112604194,-1.601765785898799,2.463406204200097,1.486984949299775,-0.18722779870459352,0.14903472265588127,-0.6611656818958226,0.7110515761309786
7526145888794,-1.60382092,2.4618675709,1.4795402288,-0.1833889484,0.1552536041,-0.6780142188,0.6946665645
7526179184294,-1.597655502999142,2.4554680660007313,1.4815270434997192,-0.18519100000954444,0.15288380756345304,-0.6761423649329175,0.6965359554562044
7526212466894,-1.591511821398563,2.449073515201222,1.4835798765995336,-0.1869894272019762,0.15051251374011806,-0.6742605531964485,0.6983936166128145
7526245757494,-1.585386478198267,2.4426801656014705,1.4856998556994427,-0.18878532200148798,0.14813826352283035,-0.6723675985865052,0.7002406510966436
7526279045694,-1.5792818555982582,2.4362902784014744,1.487886184399445,-0.19057809399924336,0.14576183560439698,-0.6704641197710388,0.7020764498745835
7526312334694,-1.5731978277985412,2.429903501901232,1.4901389126995395,-0.19236788742132024,0.14338303950434678,-0.6685499647408808,0.7039011610421737
7526345625294,-1.56713471229912,2.4235199456007415,1.4924579424997246,-0.19415471651752844,0.14100185548482302,-0.6666251167206221,0.7057147983151921
7526378950394,-1.5610870123,2.4171335697,1.4948455095,-0.1959403157,0.1386159658,-0.6646876931,0.707519114
7526412203194,-1.5486393722004772,2.409655772598263,1.4982031728991558,-0.20124456320863587,0.13014991406795065,-0.6438512416699549,0.7266479231698993
7526445493194,-1.5363404271007897,2.402289959397029,1.502339959498616,-0.2063733451241401,0.12155707988287492,-0.6224111338016142,0.7451431401230304
7526478782994,-1.5242285338009385,2.395084177296347,1.5072397891983709,-0.21131597133579183,0.11285466699389528,-0.6004098118160534,0.7629662130600013
7526512071994,-1.5123275043009279,2.3880775563962637,1.512887058398406,-0.21606790371820703,0.10405068508955218,-0.5778675393479098,0.7801007773891823
7526545361794,-1.5006596098007623,2.38130805039682,1.5192638611987037,-0.2206250849295907,0.09515265159947037,-0.5548035634580151,0.7965322032207418
7526578649894,-1.4892477166004499,2.3748135898980536,1.5263488826992433,-0.2249830709324233,0.08616926240500562,-0.5312404361442925,0.8122444675192411
7526611945094,-1.4781099558,2.3686289787,1.5341207981,-0.2291390449,0.07710623,-0.5071930885,0.8272274137
7526645228894,-1.4471519328982176,2.348616549902664,1.534443067906331,-0.2240265367187525,0.07630959740758675,-0.5108037920263472,0.8264795473820256
7526678517894,-1.4163792758969833,2.3283072379043848,1.534464117310576,-0.21890419492734867,0.07550976291354683,-0.5143944584808392,0.8256982319420053
7526711813894,-1.3857948960963251,2.3077035129051953,1.534183024812719,-0.21377193350652943,0.07470670990948428,-0.5179651014666647,0.8248833987916159
7526745098094,-1.3554204576962705,2.2868208459051282,1.533599306512746,-0.20863285959471242,0.07390092520859881,-0.5215135651732664,0.8240355480747875
7526778386894,-1.3252453350968467,2.265652861904218,1.5327121140106434,-0.20348465108809258,0.07309204510965216,-0.5250414614928974,0.8231543071785801
7526811682894,-1.295271653898081,2.2442016258024964,1.5315206064063978,-0.198327109581884,0.0722800376109807,-0.5285489123141066,0.8222396250846985
7526844966294,-1.2655215263,2.2224838734,1.5300250053,-0.193163529,0.0714654252,-0.5320337415,0.8212921619
7526878256294,-1.2458123756000494,2.207842463300242,1.5362592894011404,-0.18707336356980517,0.06817782061836461,-0.5353890324359949,0.8208007829952765
7526911550594,-1.2262897107000645,2.1928889262004034,1.5423511583018752,-0.18097131425605284,0.06488574722140429,-0.5387129956127159,0.8202606485635716
7526944832994,-1.206967570200056,2.177634207400484,1.5482961814022191,-0.1748606995605358,0.06159099733090098,-0.5420037813441173,0.8196719989152145
7526978124694,-1.1878381830000346,2.162072263400484,1.5540966806021879,-0.16873799145364496,0.05829166863626884,-0.5452632939415497,0.819034499815362
7527011411794,-1.168914089700011,2.146213236100403,1.5597487565017971,-0.1626061076494435,0.0549893338424907,-0.5484899720479309,0.8183484450290822
7527044701094,-1.1501958663999958,2.130057698200242,1.5652521677010622,-0.15646416093177964,0.051683514744168144,-0.5516842867075431,0.8176137403735292
7527077991894,-1.1316883564,2.1136097908,1.5706053972,-0.1503126472,0.0483744778,-0.5548459888,0.8168304563
7527111280594,-1.119485768398871,2.094675073101333,1.565955494396936,-0.14345689802175188,0.0454975539359319,-0.5593867454847969,0.8151297810605075
7527144569394,-1.1075763763981372,2.075612964002213,1.561071454194919,-0.13658982903249403,0.042617037826619554,-0.5638834554217226,0.8133648968288568
7527177860194,-1.0959623449977873,2.056428809202646,1.5559531033939347,-0.12971158472466013,0.03973299061133161,-0.5683360035820438,0.8115358163862444
7527211149794,-1.0846475240978102,2.0371309319026363,1.5506011267939668,-0.12282336772767909,0.036845916699236106,-0.5727436094880638,0.8096428574088754
7527244445794,-1.073632030398195,2.017721421502188,1.5450145228949999,-0.11592414613444603,0.033955383588042086,-0.5771069216137533,0.807685721858376
7527277727994,-1.0629249795989288,1.9982186410013074,1.5391971072970163,-0.10901865212994397,0.031063373673388846,-0.581422964183167,0.8056657725286941
7527311016294,-1.0525223017,1.9786175489,1.5331459045,-0.1021033078,0.0281683877,-0.585694015,0.8035820127
7527344310994,-1.0443720404031278,1.9523579970984277,1.5308319031050552,-0.10635628363508774,0.03747677077137456,-0.5904137648888167,0.7991842208237696
7527377595194,-1.035771820205161,1.9262882942972783,1.5281352156084331,-0.11059236424170638,0.04677673738342199,-0.59504568161082,0.7946709398282453
7527410884694,-1.0267254218061301,1.9004085277966125,1.5250517117101277,-0.11481294045025661,0.056071341596543034,-0.5995912848416257,0.7900406853439246
7527444180694,-1.0172403032060662,1.8747302639964916,1.521578359810134,-0.11901753805399888,0.06535955470734393,-0.6040500268462807,0.7852939063249059
7527477465794,-1.0073297809050008,1.8492791518969756,1.517714565908449,-0.1232033482574399,0.07463516591767062,-0.6084189428491729,0.7804338005038561
7527510752594,-0.9969988040029677,1.8240576075981252,1.5134567729050714,-0.1273713503606584,0.08390033332752976,-0.6126990841507889,0.7754592867814637
7527544049294,-0.9862533808,1.7990715504,1.5088016987,-0.1315219551,0.0931559801,-0.6168908477,0.7703698277
7527577333694,-0.9737690148008556,1.7767501524991909,1.511208631197813,-0.13752760047560822,0.10078663293261321,-0.616266678855936,0.7688586308687723
7527610620894,-0.9608470827014205,1.754670539898633,1.5135587219963123,-0.14352041688492914,0.10840815562650954,-0.6155827074487491,0.7672727624651499
7527643917494,-0.9474897984016981,1.732836800098338,1.515850470395524,-0.14950100049342135,0.11602131221981304,-0.6148388157385072,0.7656120013580827
7527677210394,-0.9337074901016912,1.7112658218983166,1.5180810469954742,-0.15546641450571563,0.12362236611617489,-0.6140353533438709,0.7638771428707912
7527710528094,-0.9194933108014031,1.6899475312985799,1.5202504117961886,-0.16142117221289937,0.13121707490855483,-0.6131716536291512,0.7620667999588676
7527743778494,-0.9048928619008384,1.6689483591991372,1.522350826997688,-0.1673482655236179,0.138783732603906,-0.6122503019282992,0.7601862938645176
7527777067694,-0.889865756,1.6482088566,1.5243872404,-0.1732660681,0.1463457793,-0.61126858,0.7582299709
7527810358294,-0.8711288558002429,1.6340722022005596,1.520805914596506,-0.16934054203651352,0.13892228579153204,-0.6115703774135806,0.7602670930689072
7527843647394,-0.8525944131003887,1.6196391814009201,1.5173629703941742,-0.16540254974493707,0.1314887551885412,-0.6118265000223192,0.7622473598952512
7527876936094,-0.8342674275004476,1.6049126609010893,1.5140570414930066,-0.16145224085014914,0.12404548508265828,-0.6120368849192629,0.7641706243067697
7527910239294,-0.8161453991004286,1.5898892712010742,1.5108854522930046,-0.157488134754104,0.11658969427559014,-0.6122015816111012,0.7660375670117386
7527943516294,-0.7982558646003416,1.5745910174008828,1.5078506855941693,-0.15351537854767952,0.10913105656098293,-0.6123204004610802,0.7678457971640066
7527976804094,-0.7805842187001956,1.5590046666005222,1.5049479113965012,-0.14952986015933667,0.10166184225915505,-0.6123934966823747,0.7695972297054728
7528010094494,-0.7631403208,1.5431375504,1.5021765232,-0.1455328614,0.0941844508,-0.612420857,0.7712913156
7528043382894,-0.7484849323004411,1.531966990100986,1.5075319148030464,-0.1474627916426797,0.09212768865725678,-0.6035480577528263,0.778136849176551
7528076676494,-0.7338778888008048,1.5209137000016433,1.5132604533050682,-0.14937333523374693,0.09005830517028586,-0.5945932921802174,0.784879561006205
7528109962594,-0.7193282615010491,1.5099897022019708,1.5193568278060698,-0.15126350112131626,0.08797736158122105,-0.5855611421919396,0.7915159416162127
7528143250594,-0.7048354035011324,1.4991996302019694,1.525819382206057,-0.1531335759077647,0.08588455109163463,-0.5764502832981752,0.7980470053191999
7528176546994,-0.6903999581010131,1.48854912120164,1.5326460672050368,-0.15498366538983785,0.08377973909984907,-0.5672601172874394,0.8044731058983468
7528209832094,-0.6760338703006493,1.4780520608009835,1.5398291227030154,-0.15681243068086642,0.08166445361306383,-0.5579973188085264,0.8107895971227888
7528243118894,-0.661734879,1.4677118063,1.5473673344,-0.1586203575,0.0795381591,-0.5486595631,0.8169981837
7528276415294,-0.6664141584000375,1.461771408800394,1.5496145545009323,-0.15058856097196824,0.05909257331511434,-0.5405587507944872,0.8256072855921834
7528309699794,-0.6713711020000571,1.456050356100666,1.5518253852015707,-0.142465984380643,0.038617544708480875,-0.5321246623919392,0.8336998693831058
7528342986694,-0.6765983249000628,1.45055553520081,1.5539890762019044,-0.13425422349529142,0.018117023902831087,-0.523359040913836,0.8412745635120145
7528376283294,-0.6820870494000576,1.4452947434008203,1.5560944731019228,-0.12595653869851575,-0.0024007417043215218,-0.5142652375925972,0.8483280333704575
7528409576694,-0.6878245060000444,1.440278380800691,1.5581292854016164,-0.11758128241524606,-0.02291504221228557,-0.504852337828709,0.8548530048229827
7528442856194,-0.6937973283000247,1.4355155523004188,1.5600816394009778,-0.10913641351928342,-0.04340653191857948,-0.49512946511291855,0.8608437308872874
7528476145394,-0.6999977827,1.4310098886,1.5619418621,-0.100621216,-0.0638770014,-0.4850958586,0.8663008809
7528509433694,-0.7130745457999882,1.4348583501997043,1.5482401177998029,-0.08645817592267455,-0.06913659952428666,-0.5142791851069316,0.8504481372712229
7528542724694,-0.7261653543000282,1.4399338265995028,1.5349555011996938,-0.07217888311847569,-0.0743045796229128,-0.5427801963967099,0.8334618747599561
7528576021194,-0.7392398684000913,1.4462054542993974,1.5221704338996596,-0.05780110621936828,-0.0793744559280137,-0.5705630520310706,0.8153628220141872
7528609302194,-0.7522585245001483,1.4536306583993914,1.5099734109996865,-0.04335308851569938,-0.08433632922867301,-0.5975735851307493,0.7961869778151147
7528642592694,-0.7652000487001706,1.4621704577994876,1.4984326863997606,-0.02884323621191967,-0.08918734822909714,-0.6237963248266724,0.7759457647113115
7528675881794,-0.7780295377001304,1.4717722936996893,1.4876263411998694,-0.014295594108297184,-0.09391942622912172,-0.6491874878178769,0.754672368002564
7528709170394,-0.7907173038,1.4823805094,1.4776241779,0.0002708608,-0.0985264033,-0.6737140417,0.7323946357
7528742461294,-0.8097363060971995,1.4920015402038347,1.4739997485994556,0.02159707428338923,-0.11019676111082402,-0.6753418648869788,0.7289057591719657
7528775750394,-0.8283219897951898,1.5025383890062904,1.470695233999127,0.04290905197247173,-0.12179973509686585,-0.6765605058947938,0.7249755303819142
7528809042794,-0.8464314614940603,1.5139678552074216,1.467715363898995,0.06419714536162877,-0.13333006658222726,-0.6773693726978263,0.7206056846872291
7528842328994,-0.8640150750938977,1.5262595314072882,1.4650653722990379,0.08544239015500969,-0.1447774915744839,-0.6777677980325911,0.7158001731265873
7528875616894,-0.881033835794783,1.539387037205957,1.4627481914992349,0.10663696713552882,-0.15613780904587846,-0.6777557183716325,0.710560854565632
7528908913494,-0.8974491347967937,1.5533223640035012,1.4607663129995632,0.12777246513610155,-0.16740648254651386,-0.6773329461371206,0.7048895990377898
7528942196094,-0.9132094979,1.568022728,1.4591230154,0.1488216966,-0.1785690337,-0.6765001416,0.6987938285
7528975485694,-0.931078955100962,1.581061620297782,1.4607883403971458,0.20626177482140526,-0.21625099692059196,-0.6617396237925779,0.6875989069808297
7529008781494,-0.9469090531018742,1.5964587642964947,1.4629383374950549,0.26266804684104345,-0.2528448965333572,-0.6436253930305496,0.672919987005898
7529042111494,-0.9603884256025553,1.6139200868960453,1.4655278113938779,0.31779986035575625,-0.28819384653821095,-0.6222280062448559,0.6548128464072186
7529075353394,-0.9712013536028378,1.633025178196316,1.4684896904937308,0.37117981005512435,-0.32199278522749514,-0.5977419099298734,0.6334436075786616
7529108650694,-0.9791793488025803,1.6534680062971696,1.4717719438946877,0.42277017256328203,-0.3542184752230277,-0.5701901323316061,0.6088332004688574
7529141933594,-0.984139110901664,1.6747958258984514,1.475297657796781,0.47219838880039483,-0.3846373574405609,-0.5397642034658909,0.5811517783955287
7529175222494,-0.985984385,1.6965907812,1.4789932966,0.5192453265,-0.4131147563,-0.5066006184,0.5505236983
7529208512094,-0.9745702365003875,1.7045364458001058,1.4805120442994495,0.5515458480864184,-0.4320426611307724,-0.48057943804482234,0.5274274548695742
7529241800794,-0.9623905941006423,1.7112955027002335,1.4818096788989088,0.5824048577976135,-0.44984155825533306,-0.45330368675795685,0.5029541943873215
7529275092094,-0.949571261500765,1.7167984975003472,1.4828701977984873,0.611744864081491,-0.4664667266587616,-0.42484164535002433,0.4771651606796774
7529308379094,-0.9362487328007577,1.7209874431004129,1.4836797569982898,0.6394832746755753,-0.4818713905699772,-0.3952736379508624,0.4501331530796746
7529341668394,-0.9225594776006245,1.7238200563003971,1.4842275152984163,0.66555327619991,-0.4960184747035101,-0.364671138469101,0.42192353579768405
7529374959194,-0.9086466617003698,1.7252669674002694,1.4845051239989588,0.689885855209896,-0.5088704680256372,-0.33311464657730344,0.3926104759024622
7529408249594,-0.8946563005,1.7253134251,1.4845070839,0.7124159932,-0.520393014,-0.3006883562,0.3622721732
7529441536794,-0.8933108929997409,1.7137700698999296,1.4824295600000532,0.7008613388563862,-0.5157146441966451,-0.31349694924678395,0.38019922707775317
7529474827194,-0.8913825207995757,1.7022936095998793,1.480435993400162,0.6888563899862051,-0.5107053018139553,-0.3261058517498912,0.3978843326002775
7529508117794,-0.8888756841994998,1.690914749499851,1.4785278384002822,0.6764098358663271,-0.5053685847937234,-0.33850580742967473,0.4153145142940009
7529541410694,-0.8857960594995087,1.6796621978998472,1.47670602710037,0.6635288204686197,-0.499707540789206,-0.350689625920009,0.4324796693002001
7529574695494,-0.882152122699598,1.6685685147998695,1.474971927100381,0.650225734295769,-0.49372765030284865,-0.3626457512242563,0.4493635064231973
7529607983894,-0.8779515206997635,1.6576584474999199,1.473325508400272,0.6365045137924469,-0.48743070869277,-0.3743707685121306,0.4659611956254961
7529641280794,-0.8732035756,1.6469587088,1.4717669487,0.6223717332,-0.4808196723,-0.3858587742,0.4822643995
7529674562694,-0.8789028276962164,1.622363893101579,1.468984874999111,0.5553830565204863,-0.44094727951223567,-0.4420724176168235,0.5492605345399736
7529707851794,-0.8787056843939156,1.5970858023034709,1.4664583148981973,0.48075446330839555,-0.39501202900958177,-0.4922284426004855,0.6087296635140188
7529741148394,-0.8726176447931228,1.5725100854051195,1.464298760797488,0.39950534181884034,-0.3436404696261017,-0.5356343141041288,0.6598504308156232
7529774431494,-0.860975830193695,1.5499989665059928,1.4625986568971863,0.31280399302147943,-0.2875716228365187,-0.571668662997079,0.7018911336070014
7529807719994,-0.8444115149953334,1.5307734036056335,1.4614229525974507,0.22179382192855587,-0.22754534315101074,-0.599859781996165,0.7343016133089498
7529841016894,-0.8238257865976101,1.5158886298036989,1.4608092454983796,0.1277141488334384,-0.16437833886256567,-0.619818086385175,0.7566335954016011
7529874300594,-0.8003578782,1.5061700344,1.4607644081,0.0319180936,-0.0989793614,-0.6312584877,0.7685682774
7529907601694,-0.7899559116000131,1.5145574001990947,1.465099881301137,0.005037888643804888,-0.08906265396458447,-0.6267649137821674,0.7740853998096268
7529940878694,-0.780099907299978,1.5235589715985227,1.4694462108018356,-0.021827252154341843,-0.07907559325236238,-0.6217289956836695,0.7789246931131106
7529974166894,-0.7708114408999205,1.5331544358982663,1.473787153102129,-0.04868242745131785,-0.0690163214380362,-0.6161500464675473,0.7830874081931393
7530007456994,-0.7621238046998672,1.5433098978983066,1.4781006661020528,-0.07549673674927589,-0.05889636822604187,-0.6100341633707217,0.7865683568963202
7530040745394,-0.7540662115998448,1.5539907509986237,1.4823655529016453,-0.10224392885363258,-0.04872564021690442,-0.6033873291101547,0.7893641251458925
7530074035194,-0.74666397939988,1.5651626358991961,1.4865616487009472,-0.12890320054905985,-0.03851204910283195,-0.5962147206916677,0.7914725477189128
7530107325694,-0.7399411201,1.5767883062,1.4906685352,-0.1554507762,-0.0282647032,-0.5885227323,0.7928917408
7530140614994,-0.7249461276987923,1.5814899425973648,1.491124760997887,-0.171947324970738,-0.006327283890002112,-0.5915047675168987,0.7877285020352903
7530173903394,-0.710220300497888,1.586989514695646,1.4913586099964593,-0.18830778968931058,0.015614531811352094,-0.59402012652237,0.7819440210302694
7530207196694,-0.6958071490973483,1.5932730990948276,1.491377171295732,-0.20452207410125392,0.037547255611525186,-0.5960671325068119,0.7755416805990965
7530240483994,-0.681756401197233,1.6003211067948857,1.4911882154957175,-0.22057208682579282,0.05944640621394316,-0.5976435238266488,0.7685286577152657
7530273774394,-0.6681080609975996,1.6081154548957914,1.4908001394964225,-0.2364495728388113,0.08130069531333406,-0.5987485490137285,0.7609086485905301
7530307061594,-0.654907321298504,1.6166324058975092,1.4902220656978509,-0.25213900346196394,0.10308874801612376,-0.5993811294254638,0.7526891088984424
7530340350594,-0.642193377,1.6258486509,1.4894635677,-0.2676303685,0.1247966513,-0.5995408893,0.7438753247
7530373695794,-0.6124055994019635,1.6376007960048242,1.4859405839042885,-0.31171216625362447,0.17174125071220267,-0.594868740695952,0.7207438168698318
7530406928894,-0.5846465797037323,1.6532308713077635,1.4819383122072114,-0.3541871186479229,0.21772449061913632,-0.587428155911147,0.6943167092986808
7530440218194,-0.5592915403050075,1.6725143522089387,1.4775072790086867,-0.3950747100393059,0.2627655092256971,-0.5772233868200926,0.6645926740166944
7530473514294,-0.5368601388055019,1.6950709492085057,1.4727303727086638,-0.4341179061951722,0.30658345410799837,-0.5643096014827105,0.6317459163796416
7530506797794,-0.5177849566049642,1.7204635001066853,1.4676944366071545,-0.47111146675839305,0.3489477642937676,-0.5487555511636609,0.5959503240625039
7530540086594,-0.5024122207031849,1.7482282588037465,1.4624857076042264,-0.5059025127812972,0.3896830720241738,-0.5306266650134542,0.5573554461168129
7530573382794,-0.4910313785,1.77784729,1.457195878,-0.5383288264,0.4285999835,-0.5100053549,0.5161382556
7530606667094,-0.4901122861988136,1.809705385899858,1.4570583694988373,0.5763149011735093,-0.4597984620299911,0.4803618840242284,-0.47507785612141196
7530639954294,-0.49367276469801724,1.8413797841999116,1.4572430859980818,0.6114333015956158,-0.4887091158455666,0.4483228581378434,-0.43164723173031544
7530673244794,-0.5016443976976304,1.8722406869000705,1.4577304345977313,0.6435086584615667,-0.515187595616054,0.4140468538117692,-0.3860615892016707
7530706549094,-0.5138754526976559,1.9016827933002445,1.458495071397774,0.6723888004907441,-0.5391083440369913,0.37769225602726014,-0.3385322054123507
7530739823594,-0.5301047811980806,1.9290834246003448,1.4595045879981874,0.6978944608737893,-0.560322814720827,0.33948912111607005,-0.2893592946992564
7530773112694,-0.5500293522988761,1.9539353618002882,1.4607240601989417,0.7199348573764842,-0.5787554304203203,0.29957814701569224,-0.23872345239614717
7530806401094,-0.5732469559,1.9757313728,1.4621127844,-0.7383878827,0.5943041444,-0.2581754327,0.1868992895
7530839692294,-0.5920887875993847,1.9875038475015998,1.4613081945002924,0.7482982669891237,-0.5956190220279248,0.23919834901314432,-0.16754651309101767
7530872982094,-0.6115464499990461,1.9982227604026996,1.460462106900491,0.7575837336607386,-0.5964367635058428,0.22002243719964934,-0.1480547221808776
7530906269494,-0.6315593931989429,2.007856041603276,1.4595552730005934,0.766236369966417,-0.5967567531108506,0.2006643109968363,-0.12844079277802842
7530939560494,-0.652069528999032,2.0163770573033086,1.4585684457005967,0.774250479898164,-0.596578754435915,0.18113662769991204,-0.10871755257849765
7530972850194,-0.6730105126992687,2.023759842302782,1.4574829482004992,0.7816181298140077,-0.5959028906483939,0.1614585399980627,-0.08890435267541993
7531006140694,-0.6943188346996071,2.0299840889016822,1.4562802289003003,0.7883336501708199,-0.5947296944161357,0.1416452327848561,-0.06901648076630026
7531039428194,-0.7159259915,2.0350322723,1.4549423456,-0.7943907976,0.5930603743,-0.1217155233,0.0490728132
7531072716394,-0.7136622806998977,2.038744842600822,1.461431398599507,0.7892728755695657,-0.5901063064030172,0.14242833057764576,-0.09239613456418079
7531106011994,-0.7111678117998249,2.04229711920138,1.4679276633991896,0.7823056936038391,-0.585769817915557,0.16281223368248057,-0.13551272537113546
7531139296194,-0.7084604343997839,2.045666182701668,1.4744330634990428,0.7735097612611386,-0.5800637083453049,0.182808070395215,-0.17829737208609567
7531172584294,-0.7055573764997773,2.0488344035016794,1.48095607189906,0.7629022457171495,-0.5729991762990604,0.20237834958495096,-0.22066968767730602
7531205880794,-0.7024783749998083,2.0517847346014095,1.4875029104992326,0.7505055508287244,-0.5645910582945511,0.221479649589075,-0.26253594018155346
7531239182194,-0.6992455372998809,2.054501409600851,1.4940780306995503,0.736348948135087,-0.554859130186277,0.24006493479280114,-0.30379334968397065
7531272452994,-0.6958857775,2.056968689,1.5006792545,-0.720482707,0.5438380837,-0.2580715418,0.3443021774
7531305749394,-0.6900861176996111,2.04773563420006,1.5072141966000052,0.6842148680338619,-0.5054850722752051,0.29393236840284476,-0.4358194796856034
7531339063594,-0.6867656762993354,2.0375528797999785,1.5140734370999158,0.6394040233549639,-0.4608144958938765,0.3261505819218382,-0.5219562177075807
7531372320994,-0.6860857361992002,2.027001053299826,1.5211027002997914,-0.586721957844342,0.41049219239006274,-0.35426028862601205,0.6014591857081548
7531405611294,-0.688069115599215,2.016627783499681,1.5281732956996887,-0.526690927626269,0.35501501968206084,-0.37799174972357774,0.673560123298013
7531438901294,-0.6926130574993724,2.0070101260996167,1.5351290268996607,-0.4601068204433333,0.29512089269779607,-0.3970196461478598,0.7372793046379441
7531472190094,-0.6994855396996473,1.998677388299704,1.5418261759997527,-0.38780032861383834,0.2315569409839854,-0.41110703263157,0.7918227680043075
7531505479794,-0.7083396912,1.9920943975,1.5481344461,-0.3106666505,0.1651101112,-0.4200795591,0.836515367
7531538767694,-0.7052464395997239,1.9965223926997409,1.5523951966000213,-0.2902006592119928,0.15715397978624085,-0.42155946093504415,0.8446146014167797
7531572058594,-0.7019409726995441,2.0008282199995637,1.5566226794000269,-0.2695731942984341,0.14911068647722175,-0.4228076118071431,0.8522499747679496
7531605346394,-0.6984298925994588,2.005001179199472,1.5608164587000217,-0.24879939349976235,0.1409861360760175,-0.42382311640031156,0.8594159279610968
7531638635894,-0.6947191546994645,2.0090322589994667,1.5649775535000112,-0.2278876964139917,0.1327836308820685,-0.42460557711679053,0.8661095826015414
7531671926594,-0.6908156764995588,2.0129120710995516,1.5691063813000006,-0.20684990121943933,0.12450779538304656,-0.42515452141920823,0.8723270947134255
7531705252994,-0.6867224191997385,2.0166353902997285,1.573207723799995,-0.18567559171806902,0.11615449267969094,-0.4254698273071737,0.8780706887954252
7531738507994,-0.6824605465,2.0201818943,1.5772690773,-0.1644446254,0.1077552661,-0.4255506992,0.8833195567
7531771794794,-0.675475585898356,2.0081521216003675,1.573905654801211,-0.15964938370907472,0.10355919488202803,-0.4464579013051406,0.8743356962854189
7531805083994,-0.6686732583972183,1.9961918732005774,1.569965090801995,-0.154764640599518,0.09930498878656774,-0.46711728631348903,0.8648629174900053
7531838379794,-0.662054780696614,1.984328003100651,1.5654514660023657,-0.14979246709462005,0.09499446089373223,-0.4875198026380913,0.854905089022713
7531871661994,-0.6556256955965686,1.9725957764006092,1.5603737854023365,-0.1447386826853123,0.0906326500977003,-0.5076417646508138,0.8444739636323882
7531904950994,-0.6493831743971048,1.9610157809004731,1.5547364615019226,-0.13960303826293305,0.086219335593209,-0.5274843501158079,0.8335691202656967
7531938248994,-0.6433276881982428,1.9496148486002634,1.5485473277011377,-0.13438800625301098,0.08175665529612562,-0.5470375819257686,0.8221955953731078
7531971529994,-0.6374642253,1.9384288788,1.5418212414,-0.1291006058,0.0772506073,-0.5662754178,0.8103688359
7532004819094,-0.6284712744000547,1.9186290913002753,1.5369290380006841,-0.16739939034674986,0.10465401809316226,-0.5731586196508832,0.7953075991893871
7532038115694,-0.6176529502001706,1.899916845600447,1.5314629744009742,-0.20528951023991882,0.13180272038028545,-0.5786146328305974,0.778260474751303
7532071398394,-0.6051333254003013,1.8824885005005196,1.5254497125009656,-0.24265234155780357,0.15861170868263505,-0.5826267371758094,0.7592814051016661
7532104690194,-0.5910377349003989,1.8665037096005008,1.5189136793007578,-0.27942068395971825,0.1850327563740178,-0.5851880163759127,0.7384050012927468
7532137977394,-0.5755209196004143,1.8521268641003994,1.5118911090004559,-0.3154876756462843,0.21098908245448209,-0.5862907407472409,0.7156914844500892
7532171266894,-0.5587432622002978,1.839496357000228,1.5044191053001672,-0.3507709818686917,0.23642142905834418,-0.5859325417838659,0.6911929416881966
7532204556794,-0.5408815742,1.8287372589,1.4965410233,-0.3851805925,0.2612649202,-0.5841141939,0.6649716496
7532237845994,-0.5241769320017895,1.8330134797003836,1.490753660000142,-0.4401511023768086,0.3291029561446604,-0.5629304515687861,0.6173066968937633
7532271134194,-0.508869896902945,1.840533822900564,1.4844335323008682,-0.4905670743659733,0.39353474153221174,-0.5359244361398535,0.5632578019906738
7532304425694,-0.49559420410346433,1.850956525600585,1.4776516795017842,0.5359129297488028,-0.4539016303176881,0.5033714169125301,-0.5033764578905847
7532337712494,-0.4849044827033699,1.863816163500492,1.470500684402496,0.5757090854939735,-0.5095650058615915,0.4656162569432357,-0.4382967658460872
7532371002694,-0.47724294610270956,1.878552294600332,1.4630850376026359,0.6095538429849252,-0.5599628289633563,0.42304066522831624,-0.36867646825482103
7532404292594,-0.472930818801555,1.8945227089001528,1.4555226303018858,0.6370925013825749,-0.6045674200752507,0.37608912752183804,-0.29524286176893755
7532437582094,-0.4721497297,1.9110355377,1.4479366541,-0.6580402851,0.6429173946,-0.3252476156,0.2187559307
7532470873394,-0.4792490430982768,1.9196012629017905,1.4471606298992257,0.6626026173989644,-0.6598532207092705,0.3009425966162392,-0.18704291506902843
7532504160294,-0.4870667776972628,1.9275190370031106,1.4464304683987144,-0.6659029319564357,0.6755306289653686,-0.27606787458755017,0.1549780086405444
7532537455494,-0.4955471070968854,1.9347326980038753,1.445759391598467,-0.6679359933009092,0.6899255342092152,-0.2506612392947606,0.12260998823289941
7532570767094,-0.504628795797064,1.9411894643040084,1.445160357798481,-0.6686970098134825,0.7030125691206811,-0.22476435248762122,0.08999234731724451
7532604029394,-0.5142246191977076,1.9468298730034432,1.4446469177987487,-0.6681849185180777,0.7147429914236632,-0.19847822557697214,0.057251767200321164
7532637317494,-0.5242832138987205,1.9516257863021225,1.4442296585992598,-0.6664008862005817,0.7251223632024302,-0.17179402206004107,0.024376858682702427
7532670619094,-0.534725666,1.9555386305,1.4439200163,-0.6633467078,0.7341246605,-0.1447717547,-0.0085578086
7532703896194,-0.5431758751006529,1.9662177670996284,1.4418644390998188,-0.6618733963011236,0.7391896953067254,-0.12094492945654205,-0.029908621832480345
7532737185794,-0.5523035581010584,1.9763261221993411,1.4397849140996382,-0.6597032354589746,0.7434789986653292,-0.09698192175855623,-0.05123598852932986
7532770481894,-0.5620689725012323,1.985818830899164,1.437683215599494,-0.6568383145630765,0.7469866289752496,-0.07291216346858852,-0.0725135923290223
7532803764994,-0.5724248801011927,1.9946505793991203,1.4355620911994234,-0.6532835279877657,0.7497070718084248,-0.04877509707973793,-0.09370660833237894
7532837053594,-0.5833330010009594,2.0027893272992316,1.433421964199461,-0.6490408739685023,0.7516392421907335,-0.024582730187312024,-0.11480454213000651
7532870343894,-0.5947461127005541,2.010199667399519,1.431264747099642,-0.644115077677634,0.7527806309053073,-0.0003632620962563893,-0.13578275473266996
7532903634294,-0.6066154242,2.0168499947,1.429092288,-0.6385115385,0.7531299591,0.0238566622,-0.156618163
7532936921794,-0.622010624101248,2.040587271197064,1.4223095748954184,-0.6266941718072643,0.7570146336260845,0.05548978718529934,-0.17636366694107522
7532970212294,-0.6390830902018867,2.0629884458949217,1.4150057086923697,-0.6139072265012232,0.7597297413996438,0.08704000407292689,-0.19583838993770092
7533003500994,-0.6577166699020234,2.0839192714936954,1.4071809450908688,-0.6001722195125233,0.7612705905934493,0.11845400136263157,-0.2150094053386831
7533036840694,-0.6778206009017741,2.1032874843934954,1.398824176490914,-0.5854865474178489,0.7616346337787452,0.14973262305123128,-0.2338767389366495
7533070079594,-0.6991679913012661,2.120896605194421,1.3899802673924784,-0.5699417841441445,0.7608222916909879,0.18068567114612247,-0.2523261607426749
7533103368794,-0.7217126174006289,2.1367291258965637,1.3806190056955268,-0.5534933650578141,0.7588338057862489,0.2114065085383233,-0.27041382764306016
7533136659194,-0.7452763915,2.1506671906,1.3707649708,-0.5361889601,0.7556725144,0.2418017387,-0.2880842388
7533169949994,-0.7594664697954172,2.1783182210021237,1.3746793196047358,-0.5328300348455215,0.7431404432654003,0.26087469153883935,-0.30948155173505926
7533203239694,-0.7752086855924476,2.2050358896036832,1.3791001729079633,-0.5289438102338552,0.7298732052709272,0.27968879155278287,-0.33057182233605215
7533236526994,-0.7924345624910478,2.2307238525045845,1.3840450092096277,-0.524534324918784,0.7158845057726756,0.29822470386447003,-0.3513333778358625
7533269816894,-0.8110732020911664,2.2552945736047394,1.3895302327096868,-0.519605276901093,0.7011860846717589,0.3164668610739967,-0.3717487817346537
7533303110494,-0.8310465148927443,2.2786615709040703,1.39556970030811,-0.5141612361006824,0.6857918076947416,0.33439772119400013,-0.39179839694727797
7533336393694,-0.8522612971957131,2.30073314940251,1.4021720127048827,-0.5082100502788895,0.6697236369897336,0.3519920417998905,-0.41145400394493215
7533369685194,-0.8746400476,2.3214447498,1.4093499184,-0.5017543435,0.652988553,0.3692423403,-0.4307072461
7533402978994,-0.8768581406002223,2.344669699399308,1.4238792416005839,-0.5160960100549721,0.6409793760945935,0.35794779840302293,-0.44120711853408806
7533436263494,-0.8782205428003271,2.367706166398906,1.4387944209008836,-0.5301305070241756,0.6285970315692421,0.34644614688270514,-0.4514448856003963
7533469551794,-0.8787124857003439,2.390551712998759,1.454059050300951,-0.543855159583142,0.6158439792482149,0.3347396488199597,-0.46141860184263245
7533502848794,-0.8783200741002977,2.4131984923988337,1.469632555100841,-0.5572637454826116,0.6027256297562269,0.3228333473184642,-0.47112372373380523
7533536132494,-0.8770323570002119,2.4356209699990914,1.4854608691006082,-0.5703395960526567,0.5892584308334665,0.3107421430011147,-0.4805481946998115
7533569420294,-0.8748397436001067,2.4578208487994933,1.5015078332003091,0.5830819997707539,-0.5754434018605267,-0.2984668980105196,0.4896915188059735
7533602710494,-0.8717349172,2.4797873497,1.5177278519,-0.595482707,0.5612892509,0.2860153913,-0.4985477626
7533636000594,-0.8685559678042695,2.505782651001017,1.5199909127986524,0.6070530381875664,-0.5547746578752834,-0.2712491407066766,0.5001355730924337
7533669287794,-0.8647196779071019,2.5316851476017868,1.5222725857977655,0.618381454474587,-0.5480404712548046,-0.25637653139052075,0.5015247678638326
7533702578794,-0.8602271961085036,2.5574852329022537,1.524551493597333,0.6294657438880209,-0.541088012657815,-0.24140047518616412,0.5027150787567557
7533735887094,-0.8550790688084827,2.5831786050023617,1.526806702497348,0.640305764619514,-0.5339170178752445,-0.22632075158820117,0.5037063263636633
7533769157394,-0.8492884744070507,2.6087082687020575,1.5290127115978025,0.6508794554935801,-0.5265424354447072,-0.2111684638705991,0.5044966580254705
7533802446894,-0.8428510596042182,2.634103989201287,1.5311516409986894,0.6612010130238325,-0.5189546935595651,-0.19592365267191392,0.5050872882309064
7533835734894,-0.8357763886,2.6593358517,1.5332005024,-0.6712597609,0.511161387,0.1806017905,-0.505477488
7533869025594,-0.8432198330989636,2.6727007134006353,1.5388902902998969,0.6761324605075971,-0.5116307950392384,-0.18367527786278603,0.49733511611134795
7533902342794,-0.8505604754982711,2.6861120000010503,1.544641353099832,0.6809415852956404,-0.5120495347317192,-0.18673288746244016,0.489136647713121
7533935605194,-0.8577807354979243,2.6995349460012488,1.5504411563998024,0.6856749645423108,-0.5124165749679787,-0.1897668655782372,0.48090293555622854
7533968893994,-0.8648986148979229,2.7130002682012377,1.5563053327998069,0.6903437680043331,-0.5127328405407993,-0.1927843400706118,0.4726147632396621
7534002202294,-0.8719126950982682,2.7265032180010222,1.5622343170998425,0.6949464207925713,-0.5129981287331811,-0.19578434517016324,0.46427457644172104
7534035477294,-0.8788122476989602,2.7400203394006075,1.568220173299908,0.6994752111908937,-0.5132120242329308,-0.19876183857249585,0.45589645605057477
7534068761294,-0.8856065273,2.7535667419,1.5742719173,-0.7039355636,0.5133748651,0.201720342,-0.447470665
7534102050894,-0.8982593421004729,2.755047234899042,1.569807395399135,0.7261155341727082,-0.5254156452090915,-0.18909929477011653,0.40116840294325434
7534135347294,-0.9105457317008229,2.757874215898423,1.5649757573984497,0.746164552147205,-0.535913654751093,-0.17591953908697627,0.353676874474022
7534168629994,-0.9223106790010258,2.762004568298139,1.5598116230980177,0.764011972019942,-0.5448320264198003,-0.1622280839779696,0.30516523125403777
7534201918394,-0.9334197235010611,2.767383938798177,1.5543475662979036,0.7796165116108942,-0.5521503042018172,-0.1480573913729428,0.2557482067451119
7534235215294,-0.9437395428009107,2.7739425841985175,1.5486219320981658,0.7929321521675414,-0.5578465553303699,-0.13344764187862243,0.20556641175548762
7534268496994,-0.9531385728005604,2.7815906928991363,1.5426809040988516,0.8039109768957334,-0.5619004755689555,-0.11845229946225246,0.15480326073450226
7534301786394,-0.9615098834,2.7902355194,1.5365650654,-0.8125290871,0.5643035173,0.1031052768,-0.1035732999
7534335076894,-0.9910817545006436,2.7846451095068554,1.532170240599061,0.8129786139567605,-0.5693722463085511,-0.09048576277254215,0.08181286645736396
7534368365894,-1.0208761459008002,2.7805354871114605,1.5276553065985357,0.8128927202064784,-0.5740657772808813,-0.0778072269755404,0.05999953516975261
7534401654694,-1.0508182099006327,2.7779150786137854,1.523010466498365,0.812271457962523,-0.5783812018572542,-0.06507752368085083,0.0381468193846314
7534434944994,-1.0808330957003043,2.7767886156138073,1.5182261876984888,0.8111151733318833,-0.5823158759145618,-0.05230438429509444,0.016267994103665348
7534468234894,-1.1108425162999795,2.7771570789115154,1.5132938146988442,0.809424667382187,-0.5858669644865827,-0.03949694840161957,-0.005621283080676506
7534501528594,-1.1407736762998237,2.7790176482069087,1.5082041696993693,0.8072007586162573,-0.5890325175191885,-0.026662032212756353,-0.027509355365615027
7534534813194,-1.1705386639,2.7823622227,1.5029511452,-0.8044459224,0.5918093324,0.0138130663,0.0493733324
7534568101194,-1.20128822219955,2.7859036943996855,1.5074676519037657,0.802089967474976,-0.5945694475875567,-0.01628369912939738,-0.05360687655593349
7534601392694,-1.2320641652992859,2.789606771699455,1.5116879022062677,0.7997039479214587,-0.597307750212976,-0.01875398623792979,-0.05783887286707394
7534634680494,-1.2628565540991865,2.793468554599321,1.5156096187075105,0.7972884466998439,-0.6000235302876004,-0.021223301244796964,-0.06206824747347068
7534667971794,-1.2936687626992303,2.797487755699296,1.5192323295074994,0.7948430314610839,-0.6027172744247332,-0.023692086453850694,-0.06629575768658443
7534701260294,-1.3244916722993947,2.801661474499392,1.52255406150624,0.7923682550362459,-0.6053883718967332,-0.026159782560307595,-0.07052044639276583
7534734549194,-1.3553249542996588,2.8059879280996225,1.5255739328037385,0.7898639748390183,-0.6080369824896327,-0.028626535367458197,-0.07474256250132613
7534767843194,-1.386169672,2.8104655743,1.5282911062,-0.7873299718,0.610663414,0.0310926028,0.0789625496
7534801127994,-1.4072309029998389,2.830759616999916,1.5209103218980087,0.7781794678479317,-0.6249172313929484,-0.04283753126769001,-0.045608284806291206
7534834417594,-1.4297308688996937,2.8493683475998357,1.5133189706965289,0.7678310983015316,-0.6382122147593696,-0.054518283857390736,-0.012179086100725713
7534867713594,-1.4535630480995934,2.866196507099775,1.505614942595659,0.7562996317198345,-0.6505280292780282,-0.0661174186512804,0.021275270503073547
7534900996194,-1.4785964190995602,2.8811503647997463,1.4979018460954914,0.7436100234955741,-0.6618387292590994,-0.07761023494141228,0.05468346040578427
7534934284794,-1.504721286799611,2.8941664518997654,1.4902742622961103,0.729774779632692,-0.6721338466943898,-0.08898579123827097,0.08801359041396548
7534967582094,-1.531809859199756,2.9051836328998455,1.4828302172975913,0.714813304036029,-0.6813977052990081,-0.10022743153185165,0.12121703492030123
7535000864894,-1.5597065687,2.9141461849,1.475672245,-0.6987593174,0.6896098852,0.1113100797,-0.1542196572
7535034152794,-1.5696225233008774,2.9332456686999233,1.4717788163018568,0.6981414035239212,-0.6958499185981749,-0.09599399262090147,0.13847969112206035
7535067443194,-1.57867457100148,2.9527237744999195,1.467654391803106,-0.697159222424727,0.7017273951094811,0.08062667531865106,-0.12266629842003432
7535100733794,-1.5868456234017958,2.9725380045999605,1.4632974449037386,-0.6958133052143968,0.7072387933095611,0.06521720031532463,-0.10678881171585132
7535134021294,-1.5941204680018146,2.9926444579000187,1.4587071396037474,-0.6941045348172155,0.712380739822996,0.049775138713390614,-0.09085709571343599
7535167311494,-1.600487738501527,3.013004122400064,1.4538818695031281,-0.6920335116772433,0.7171514543921976,0.03430585710919729,-0.07487668760583545
7535200601394,-1.6059360074009248,3.0335721551000674,1.4488217229018792,-0.6896014637216634,0.7215479780489423,0.01881881700906631,-0.058857359206829295
7535233911594,-1.6104589701,3.0543179512,1.4435235262,-0.6868078709,0.7255704403,0.0033125079,-0.0427975319
7535267179594,-1.5979624921996936,3.056837393299552,1.448394616098848,-0.6859962783788539,0.7251016792119581,-0.04929470958358067,0.034737479203752024
7535300493994,-1.5854018609995273,3.0570804918992986,1.453773008398176,-0.6791479102121746,0.71825255554223,-0.10154136867846753,0.11207467581213598
7535333781294,-1.5732405251994745,3.055078462499226,1.4596506333979542,-0.6663327775937978,0.705092787915465,-0.15285271316652801,0.18836357931235695
7535367046294,-1.5618973858995124,3.0509483413993044,1.466012932498121,-0.6476748439168112,0.6857500807302535,-0.2027875167641355,0.2629474213230099
7535400338394,-1.55174913409962,3.0448707057994944,1.4728380084985908,-0.6233092061823735,0.660364462182098,-0.2509805397421183,0.3352807469062354
7535433626694,-1.5431576667997846,3.0371045772997456,1.4800724951992574,-0.5934666505126719,0.6291762783006176,-0.29696163594508224,0.40465829082063115
7535466915694,-1.5364183187,3.0279638767,1.4876554012,-0.5584062934,0.5924563408,-0.3403331041,0.4704799354
7535500209694,-1.5403559045991706,3.019581940699304,1.4907214224999603,-0.5427517295862445,0.5733474438587548,-0.35979564233680983,0.4972327064938654
7535533496594,-1.5450077799986643,3.0115397585987447,1.4936886975998425,-0.5261755870209321,0.5532655656982299,-0.3786408953807692,0.5231324285312894
7535566785394,-1.5503436656984577,3.003891845498384,1.4965470121997022,-0.5087018244045186,0.5322397024853923,-0.39684196819013245,0.5481421396214284
7535600077694,-1.5563279498985227,2.996692018098278,1.4992861792995937,-0.4903591674701947,0.5103044524555468,-0.4143685551836578,0.5722201963903321
7535633362794,-1.562918163798827,2.9899935303984804,1.5018958574995722,-0.47118490826482884,0.4875043901574634,-0.43118527420047786,0.5953179915921603
7535666651394,-1.5700717478993331,2.98384175709904,1.5043683038996902,-0.4512057000776784,0.4638711881795086,-0.4472689890362556,0.6174037483210066
7535699947894,-1.5777415037,2.9782800674,1.506696105,-0.4304525554,0.4394415915,-0.4625940323,0.6384422183
7535733230194,-1.576224510200929,2.971034755499624,1.509790935199503,-0.42390580547481216,0.4279366584782161,-0.46736792043396846,0.647102241816915
7535766519394,-1.5749677389015548,2.963738493299412,1.5128869911991933,-0.41724193631510414,0.41631247770977853,-0.47201516725343773,0.6555873468622447
7535799809694,-1.573972883601873,2.9564005477993396,1.515980460799059,-0.4104638832053709,0.4045742028908169,-0.4765336431164194,0.6638936676286503
7535833100094,-1.5732410830018795,2.949029196999386,1.5190679806990863,-0.4035736947235456,0.3927253866990384,-0.4809219713112461,0.6720186761388275
7535866387494,-1.572773178401571,2.9416332268995267,1.5221460006992615,-0.39657390901240885,0.3807703826784704,-0.4851785616704913,0.6799594205986578
7535899677794,-1.5725696046009452,2.934219449999739,1.5252118130995709,-0.3894651977406487,0.3687103378953363,-0.48930300657755416,0.6877151403249099
7535932967994,-1.5726306438,2.9267966747,1.5282618999,-0.3822501302,0.3565496206,-0.493293792,0.6952829957
7535966255494,-1.564171907298919,2.9071362566004963,1.5278141218029706,-0.3663717046388216,0.34153505109478405,-0.49846459736924037,0.7075723483031602
7535999546094,-1.5567017683982036,2.8870740880007957,1.527541114804825,-0.3502516745396009,0.3262952357080304,-0.5033091820942039,0.7193990901134848
7536032860294,-1.5502372808978513,2.8666481936009145,1.5274346767056333,-0.3338904029085738,0.3108305215926591,-0.5078269559725219,0.7307621832577739
7536066124494,-1.544809300097859,2.845955781000873,1.5274861813054712,-0.3173350165024079,0.29518544940139185,-0.5120053738870427,0.741629648054812
7536099414094,-1.540419472098223,2.825002741300692,1.5276864900044205,-0.3005590862149962,0.2793350398284999,-0.5158515364344096,0.7520195234007399
7536132703894,-1.5370846813989385,2.8038577681003933,1.5280261511025666,-0.28358606408993653,0.2633014545215222,-0.5193596248179468,0.7619165757547153
7536165992894,-1.5348145962,2.7825751305,1.5284953117,-0.2664276063,0.2470957041,-0.5225272775,0.7713140845
7536199282394,-1.517985411897674,2.7549114768013334,1.5279265969969564,-0.2620236143815504,0.23898350601595128,-0.5170298489240331,0.7790447000527916
7536232576394,-1.5016140699960177,2.7269636749021826,1.5280021018949883,-0.257573131800298,0.23082835201790056,-0.5114411156551322,0.7866399042107641
7536265860994,-1.4857212580950965,2.69876050360257,1.528718723694061,-0.2530787891961214,0.2226350683991849,-0.5057643760413184,0.7940951761001016
7536299154494,-1.4703118539949727,2.6703037010025206,1.5300734628941373,-0.2485389040011213,0.214400587188626,-0.49999750584628877,0.8014133113185632
7536332444594,-1.4554049552957085,2.641621129502058,1.5320621511951797,-0.2439559378883688,0.20612938336299444,-0.4941436238158839,0.8085902897793816
7536365728994,-1.4410143153973645,2.6127324293012095,1.5346801221971476,-0.23933102789327262,0.19782349245252437,-0.4882041956215898,0.8156244161983579
7536399018094,-1.4271479845,2.5836462975,1.5379234552,-0.2346635461,0.1894817799,-0.4821784198,0.8225166798
7536432314094,-1.409616501600141,2.559612481899525,1.541181306800107,-0.21567405608393686,0.1777218176337533,-0.48581653759823695,0.8281799012686306
7536465597394,-1.3932348893002484,2.534801268799212,1.5444910364001407,-0.1965745088829578,0.1658696822361651,-0.4891890452953118,0.8333905380644533
7536498885694,-1.3780295240003138,2.5092539201990594,1.5478535533001239,-0.17736517359509138,0.1539255479498587,-0.49229598332813623,0.8381486656213815
7536532175894,-1.364035111700329,2.4830283704990648,1.551267614600079,-0.1580582552911209,0.1418969966497585,-0.49513528941901847,0.842451111607107
7536565464394,-1.351283464200287,2.4561847048992247,1.5547317935000284,-0.13866634329168237,0.1297918710536269,-0.4977051098235526,0.8462950662162918
7536598753794,-1.33980112680018,2.4287794536995375,1.5582451913999946,-0.11919847489102514,0.1176158138563708,-0.5000042568246079,0.8496787552197764
7536632044294,-1.3296129704,2.4008722305,1.5618065596,-0.0996651128,0.1053753644,-0.5020314455,0.8526002765
7536665373394,-1.3093332642012407,2.376400546699006,1.5562885391999455,-0.0854983637879483,0.09790144096004699,-0.5062501817989281,0.8525350966828771
7536698621394,-1.2899193565020899,2.3513763705983917,1.5505954169998617,-0.07134270739270394,0.09041893516899606,-0.5103202426125275,0.8522369883105727
7536731911794,-1.2713176026025352,2.3257357877981275,1.5447048577997766,-0.05714948479323358,0.08290215417259103,-0.5142558965963603,0.8517053727887864
7536765226294,-1.2535597448025613,2.299519795298186,1.5386182185997197,-0.04293032819814396,0.07535721538289163,-0.5180534836236586,0.8509399891390274
7536798490494,-1.2367024681021554,2.2728168096985373,1.532348219499719,-0.028720897098294475,0.06780305718489522,-0.5217036510947651,0.849943030997162
7536831780294,-1.220723423601305,2.245596289399152,1.5258798795998032,-0.014492673300331113,0.06022453458944477,-0.5252138859815206,0.8487127557815335
7536865070194,-1.2056519985,2.2179088593,1.5192172527,-0.00026044,0.0526295044,-0.5285803676,0.8472501636
7536898360194,-1.1802782348977001,2.183424674903121,1.5171173918975807,-0.030324734801648944,0.060070191684566,-0.5462388824022071,0.8349221915137823
7536931647394,-1.1529403767964157,2.1505673704053208,1.513935199195724,-0.060343354703945085,0.06742478217494237,-0.5631186916330743,0.821407278653647
7536964942494,-1.1237079094959976,2.1194839866065247,1.5097824656945793,-0.09028320899977693,0.07468515185751982,-0.5792010212004794,0.806720055102787
7536998227094,-1.0926866408962956,2.090338524206661,1.5047801321942942,-0.12008517189741552,0.08183697174238826,-0.5944541995894851,0.7908896674864506
7537031517694,-1.05996123439716,2.0632522247056615,1.4990492835950116,-0.14972162909888412,0.08887363022951668,-0.60886424719542,0.7739310305944309
7537064820994,-1.0256330966984437,2.0383458018034597,1.492715780796871,-0.17915619930899784,0.09578642532074626,-0.6224128318270832,0.7558639320343437
7537098095294,-0.989864707,2.0157606602,1.4859188795,-0.2083103359,0.1025569662,-0.6350643635,0.7367374897
7537131385794,-0.9751348776033432,1.980183761398696,1.4856696978995205,-0.22374756800676288,0.1000514504133273,-0.6392694666002515,0.7288767263082823
7537164682094,-0.9596148901055205,1.9449425404977785,1.4849998329992558,-0.2391149630079437,0.09751306702263958,-0.6432680868943399,0.720778332505108
7537197963894,-0.9433141540065616,1.9100839940972767,1.4839327850991728,-0.2543982024149225,0.09494419853433379,-0.6470565719041619,0.7124499607189009
7537231251694,-0.9262235899064984,1.8756116791972182,1.4824914914992398,-0.2696017772024198,0.0923441071391865,-0.6506361074663303,0.7038892691801922
7537264542994,-0.9083458237053622,1.8415530181976327,1.4806998324994227,-0.2847195835108671,0.0897138174515661,-0.6540051750806708,0.6950995760978183
7537297830994,-0.8896871971031852,1.8079390952985501,1.4785825558996877,-0.29974363450033575,0.0870547186581811,-0.6571619929525077,0.6860855227699842
7537331120094,-0.870249033,1.7747889757,1.4761642218,-0.3146710694,0.0843673274,-0.6601060033,0.6768488884
7537364410294,-0.8644635370956032,1.7343288430010546,1.4725534833962006,-0.3174450699127802,0.08365412837928735,-0.6599246613996077,0.6758180640303905
7537397699894,-0.8585202534926691,1.6938973174017755,1.468887399193686,-0.32021608119127,0.08294016768132943,-0.6597372129789962,0.6747810013198398
7537430988194,-0.8524191677911996,1.653495910402152,1.4651668297924452,-0.32298400686205264,0.08222546378151269,-0.6595436374429593,0.6737377046935691
7537464278294,-0.8461595613911963,1.6131215227021731,1.4613922083924673,-0.32574907875643916,0.08150995648777153,-0.6593439183552826,0.6726880867167156
7537497568394,-0.8397416188926609,1.5727770012018287,1.4575645177937415,-0.3285111214550039,0.08079369129502126,-0.6591380679757262,0.6716322132480897
7537530857594,-0.833165384995595,1.5324640956011077,1.4536846484962558,-0.3312700347435383,0.0800766941997762,-0.6589260939758166,0.6705701229586835
7537564146794,-0.8264305592,1.492182374,1.4497532845,-0.3340258896,0.0793589577,-0.6587080359,0.6695018411
7537597436494,-0.8175867994045293,1.4627583018994135,1.4567724262035564,-0.3332683426486413,0.08681009181130211,-0.658449030895945,0.6692093046724114
7537630725694,-0.8084013301075326,1.4334517918989835,1.463842238805914,-0.3324920843534079,0.09425623661500918,-0.6581530385922386,0.6688791770516593
7537664014094,-0.7988748001090193,1.4042664344987328,1.4709583490070806,-0.33169714465978006,0.10169690121895222,-0.6578200374911992,0.6685114380338522
7537697308794,-0.7890057161089993,1.3751993417986852,1.4781179682070638,-0.3308833940600565,0.10913325282069164,-0.65744996597754,0.6681060207034538
7537730593994,-0.7787995101074826,1.3462675676988642,1.4853133664058724,-0.33005126717311956,0.1165613451264571,-0.6570430258887889,0.6676631455986121
7537763883294,-0.7682528708044797,1.3174625096992942,1.492543139703515,-0.3292004753744294,0.12398379682789361,-0.6565990828761414,0.6671826657697271
7537797177194,-0.7573663592,1.2887870073,1.4998030663,-0.3283310533,0.1314003021,-0.6561181545,0.6666646004
7537830461994,-0.7380059153998698,1.2731002702997178,1.4986088183024338,-0.33399939159783487,0.15037791094582384,-0.6499065760196924,0.6659221671923874
7537863752494,-0.7181274619997705,1.258067783099528,1.4974208361040895,-0.3395245780945332,0.1692938800526476,-0.6434134965253182,0.6648922585919568
7537897045794,-0.6977556079997088,1.2437084592994316,1.4962200124049447,-0.3449036847783366,0.18813836985242607,-0.6366421628067888,0.6635752847660105
7537930330294,-0.6769214986996914,1.2300433018994297,1.49498758480498,-0.35013255638145485,0.2068967044623947,-0.6295979306238761,0.6619723501767434
7537963618094,-0.6556423972997274,1.2170821628995232,1.493703984004178,-0.35521087428057935,0.22556762877032496,-0.622281346933025,0.660083634778942
7537996944894,-0.6339201787998267,1.2048262893997133,1.49234865430252,-0.36014160087201064,0.24416292297314304,-0.6146872106285076,0.6579073851662568
7538030196994,-0.6118558049,1.1933288574,1.4909074306,-0.3649060428,0.2626112998,-0.6068451405,0.6554524302
7538063486694,-0.5866867320996445,1.1882773894005654,1.4902066727957897,-0.4027602199625012,0.29956087125665315,-0.5850081555075276,0.6370344948410509
7538096776894,-0.5610917802994421,1.1862530488009726,1.4896490920929857,-0.439159247573323,0.3354282781475871,-0.5610564183088859,0.6163138169505714
7538130065894,-0.535436596999379,1.1872865930011984,1.4891949202916266,-0.4739697566599717,0.3700820899209656,-0.5350777749815651,0.593366405530508
7538163354194,-0.5100859889994336,1.1913643592012249,1.488802858691711,-0.5070665994969452,0.4033976905351393,-0.5071658966095617,0.5682750392738889
7538196648494,-0.48539583039957857,1.198430490201039,1.4884306506931955,-0.5383363768994948,0.43526102382381865,-0.47741561079958483,0.5411248663769073
7538229935594,-0.46172708329978024,1.2083814886006317,1.488035972895998,0.5676537932161667,-0.465544393425649,0.44594631800132856,-0.5120248726949697
7538263222994,-0.4394105971,1.2210764885,1.4875766039,-0.5949200988,0.4941456616,-0.4128651917,0.4810742736
7538296512794,-0.4314871505002713,1.2295486561004199,1.4892256168990579,0.625927719213816,-0.5225510107072848,0.3815203209923101,-0.43542757859202075
7538329803494,-0.42479483570047827,1.2390290815006724,1.490844177898349,0.6539100272314173,-0.5484307688144153,0.3483300818056395,-0.3876745054979925
7538363091494,-0.41946201490060236,1.2493368512007719,1.492448534197934,0.6787289823161579,-0.5716572446928827,0.3134586566007106,-0.33805122948495886
7538396381094,-0.4155894264006275,1.2602774485007353,1.494055585597862,0.7002679598527999,-0.5921212818141338,0.2770702100178815,-0.2867913365968921
7538429676594,-0.41325037360054095,1.2716444100005821,1.4956821875981694,0.7184244738357621,-0.6097256284891839,0.23933550041209972,-0.23413554108628595
7538462960294,-0.4124893475003336,1.2832153968003306,1.4973437374988792,0.7331020268190394,-0.6243766100636645,0.20045730370808665,-0.18036667227985048
7538496249994,-0.4133187234,1.2947763205,1.4990566969,-0.7442384362,0.6360120177,-0.160603106,0.1257162392
7538529543894,-0.41239957339969513,1.29103026200014,1.4991423543994213,0.7476656669020804,-0.6410272872574416,0.1430827063133149,-0.09801737948594003
7538562827994,-0.41123500779949856,1.287353966700253,1.4992131331990592,0.7502615569297814,-0.645329177801334,0.12540855952603547,-0.0702178158956785
7538596118094,-0.40982972799940715,1.2837617490003272,1.4992669100989011,0.7520245719684051,-0.6489150529683287,0.10759193202503266,-0.0423352494969483
7538629412294,-0.40818998699941683,1.2802695515003508,1.4993015901989326,0.752952273498181,-0.6517803979136304,0.08965357193819332,-0.014402214003175337
7538662696394,-0.4063238676995228,1.276894083500312,1.4993151652991383,0.7530434613721403,-0.6539210037102853,0.0716210819449808,0.013538345993120142
7538695984794,-0.40423894989971926,1.2736485879001986,1.4993057420995004,0.752298292333045,-0.655335607795022,0.05350671705246193,0.04146747808803134
7538729274894,-0.4019446373,1.2705475092,1.499271512,-0.7507174015,0.6560223103,-0.0353319906,-0.0693519711
7538762565194,-0.4038416462999559,1.271324026500078,1.499422525899976,0.7499551459586907,-0.6558807765212614,0.02250046776089383,0.08295429458736477
7538795852494,-0.4057663551999284,1.2720287952001301,1.4995724019999683,0.7489302814229876,-0.6555095279632965,0.009662219557339658,0.09652633749524898
7538829143494,-0.4077164539999164,1.272660966100157,1.4997209937999723,0.7476429769699497,-0.654908634502792,-0.0031808397479506415,0.11006607878768743
7538862442394,-0.4096894668999188,1.2732196939001583,1.4998681443999824,0.7460933842822065,-0.6540781107996193,-0.01602583175285174,0.12357046418847062
7538895721494,-0.4116809765999343,1.2737037698001328,1.500013559399994,0.7442834751829914,-0.6530190614865888,-0.028857575557761226,0.1370235535870832
7538929011494,-0.4136900200999618,1.2741129906000799,1.5001572032000015,0.7422123188182161,-0.6517309725039927,-0.041683415564668334,0.15043306199220222
7538962300994,-0.4157131016,1.2744466066,1.5002988577,-0.7398812771,0.6502146721,0.0544944666,-0.1637896895
7538995588594,-0.42197956959829525,1.287635822301078,1.4944662303005023,0.7258969312151102,-0.6655782881909653,-0.06221511948433771,0.16189029139766037
7539028879794,-0.42825320019724583,1.3005281209017954,1.4880065675008367,0.7115518768321984,-0.6806142148103007,-0.06990582070069676,0.15991057940891826
7539062170594,-0.4345174012968017,1.3130982247021508,1.4809324328010025,0.6968548357417623,-0.69531311332355,-0.07756183191701023,0.15785174871793822
7539095458094,-0.4407558104969105,1.3253220476021454,1.4732576368010009,-0.6818144193170099,0.7096664861019607,0.08517870362963519,-0.15571501071855323
7539128747494,-0.4469536352975175,1.3371791589017814,1.4649953012008317,-0.6664357431883061,0.723669493673948,0.09275385864133649,-0.15350109391755176
7539162041894,-0.4530957478985669,1.3486489073010641,1.456159923000497,-0.6507248826858066,0.7373163994729851,0.10028423965652163,-0.15121086402190206
7539195326594,-0.4591638744,1.3597054482,1.4467720985,-0.6346966624,0.7505945563,0.1077628136,-0.1488464922
7539228615294,-0.47006605160324255,1.3805203552001046,1.4394672415028698,-0.6132148357767807,0.7686981086808079,0.11442635696092913,-0.1413414013177131
7539261911594,-0.4807938426053391,1.400894652100367,1.4307748481047062,-0.5911822425930336,0.7861215199206351,0.12098956175447931,-0.13370878021581556
7539295194794,-0.4912984302063206,1.4207456150006712,1.4207313591055484,-0.5686322707652349,0.8028385734026284,0.12744252643896067,-0.1259601848048008
7539328529294,-0.5015582442062269,1.4400422572009026,1.409350615905442,-0.5455405031490004,0.8188654941991308,0.1337917937253848,-0.11808733109734083
7539361778594,-0.5114912243051065,1.458640261700944,1.3967214080044423,-0.5220227698763376,0.834123517664234,0.1400059009231338,-0.11012961780003701
7539395062894,-0.5210945718030107,1.4765444325006811,1.3828457047026064,-0.49801608776785494,0.8486558671765143,0.14610204951219008,-0.10206559929582748
7539428352394,-0.5303208828,1.4936760664,1.3677828312,-0.473562479,0.8624352813,0.1520691365,-0.0939094946
7539461641194,-0.541182885998977,1.5102254503001344,1.362699741297853,-0.45962403143494207,0.868033550918917,0.16342368989940903,-0.09249973938476418
7539494931394,-0.5522593253983465,1.5264204941001505,1.356975127896476,-0.44552112796848664,0.8733225748567358,0.1747204549175716,-0.09105694598812934
7539528219194,-0.5635301257980784,1.5422383469000926,1.350615684295838,-0.43126040138161004,0.8782998556565309,0.1859541132286444,-0.08958179238683525
7539561510894,-0.5749783508981421,1.5576614912000037,1.3436270820959064,-0.41684422737199844,0.8829645393087718,0.1971227809291504,-0.08807452338019334
7539594798294,-0.5865818468985055,1.572666218399929,1.336018867096647,-0.4022812987581814,0.8873138196484415,0.20821972652564708,-0.0865360480719368
7539628087594,-0.5983232032991358,1.587236044599913,1.3277983874980241,-0.38757411170410916,0.8913469900210556,0.21924306785349676,-0.08496663177602046
7539661377994,-0.6101824045,1.6013518572,1.3189753294,-0.3727282584,0.8950625062,0.2301886082,-0.0833668709
7539694666694,-0.6209110032997964,1.612833673000137,1.3160167486989796,-0.3632159053050127,0.8931928610926307,0.24797728155344548,-0.09374426307771543
7539727955694,-0.6321153725996475,1.6238013651002274,1.312875957198251,-0.3535152930111317,0.8908604565069628,0.26563764325437866,-0.10407318158737659
7539761245394,-0.6437737962995616,1.6342324105002717,1.3095626606978452,-0.343631308701893,0.8880664184813233,0.28316074044338213,-0.11434839359228066
7539794537294,-0.6558640432995471,1.6441056869002708,1.3060867982977906,-0.3335686050073557,0.8848120085923102,0.300538264544002,-0.12456503020176841
7539827825294,-0.6683601598996107,1.6533990661002247,1.302459464698115,-0.32333425270832156,0.8810995444906204,0.3177580394407687,-0.13471593110961874
7539861114194,-0.6812393439997598,1.6620948045001338,1.2986909174988432,-0.31293210200637467,0.8769304763796469,0.3348136472341965,-0.14479730921592662
7539894408194,-0.6944779754,1.67017591,1.2947916985,-0.3023661971,0.8723063469,0.3516983688,-0.1548051983
7539927693794,-0.6985522640997933,1.6841267210001276,1.2946156915998481,-0.3021907194008081,0.8695687103552325,0.3592515565258764,-0.15319708291248568
7539960981094,-0.7028232191996542,1.698019804800217,1.2944790262997632,-0.30199494632456986,0.8667725588224287,0.36678101275816316,-0.15157860121711042
7539994275994,-0.7072910860995834,1.7118546296002648,1.294380100899736,-0.30177883690817325,0.8639175287746269,0.37428754324199087,-0.14994956500159293
7540027560794,-0.7119528210995819,1.7256208952002694,1.294317360299756,-0.30154252281702726,0.8610053361994823,0.3817666561570741,-0.14831095109871484
7540060849994,-0.7168097060996507,1.7393216801002283,1.2942891545998132,-0.3012859222062581,0.8580349230686326,0.3892211135474065,-0.14666215818624595
7540094165294,-0.7218644220997898,1.752962901300139,1.2942938879998978,-0.30100885731206484,0.8550044732853365,0.39665523815917914,-0.14500220868191713
7540127429194,-0.727104187,1.7665100098,1.2943298817,-0.3007120192,0.85192132,0.4040512741,-0.1433350891
7540160718594,-0.7223053878009632,1.7898600329001688,1.296802215500314,-0.3113459505159846,0.8546692337898896,0.3946557359614335,-0.1298115941780254
7540194024094,-0.7168468350016234,1.8130015762003002,1.2998995205005488,-0.32186295770158746,0.8570833948454397,0.3851009257372474,-0.11623066607448135
7540227297094,-0.7107499191019682,1.835866511200383,1.3036172005006885,-0.3322436626996345,0.8591595684362302,0.37540463342946306,-0.1026174729765488
7540260585394,-0.7040203314019878,1.8584537520004047,1.307959520000718,-0.34249900841490766,0.8609001838713087,0.36555684574061315,-0.0889578280834542
7540293876394,-0.6966750494016721,1.8807208295003555,1.3129237712006223,-0.35262098974156875,0.8623036274328013,0.3555650290617034,-0.0752622203915023
7540327164294,-0.6887312695010122,1.902630686800224,1.3185065348003875,-0.3626038804268487,0.8633691108929935,0.34543484094067645,-0.06153840199032649
7540360453594,-0.6802048087,1.9241536856,1.3247050047,-0.3724451363,0.8640964031,0.3351688981,-0.0477898978
7540393744394,-0.6734235251009865,1.9406183972004354,1.3258190899003217,-0.3761821347324959,0.8715797120040014,0.31214462213381605,-0.03743717409289422
7540427032994,-0.6657809340016249,1.956694073100767,1.3270170515005462,-0.37965286062379794,0.8784461694851754,0.28890112782131155,-0.027058659992020475
7540460321794,-0.6572981970019247,1.9723364371009695,1.3282957654006669,-0.38285512664444105,0.8846914538344348,0.2654531904304424,-0.016660948492883475
7540493612394,-0.647998843701898,1.9875019542010175,1.3296518691006776,-0.38578679780257136,0.8903113922395303,0.24181624809771968,-0.006250891591564076
7540526904194,-0.6379092557015578,2.002147385100887,1.331081697900573,-0.388445711119224,0.8953018239799774,0.21800741940340423,0.004163961608175721
7540560189894,-0.6270603700009195,2.0162282163005556,1.3325810644003484,-0.39082946371135346,0.8996582652640872,0.1940487970947658,0.014573962507962421
7540593479994,-0.6154795289,2.0297091007,1.3341463804,-0.3929371536,0.9033790827,0.1699497849,0.0249750335
7540626774894,-0.6105702093002827,2.0407259442002834,1.3352509534998065,-0.39670169363510915,0.9051494740212899,0.14766625069805683,0.03907523961279215
7540660087594,-0.6051025411004565,2.051466501400488,1.336513582199669,-0.40018530953224124,0.9062752394147018,0.1252654879943982,0.053155112415784425
7540693347694,-0.5991053410005296,2.061878453500603,1.3379315987995926,-0.4033785937108251,0.9067541851662889,0.10281092938634975,0.06717492551548963
7540726642694,-0.5925812006005107,2.07196024360062,1.3395084066995828,-0.40628789790714276,0.906587744657927,0.08025958158425973,0.08116159691731156
7540759927594,-0.5855577742004096,2.0816696447005305,1.3412414009996445,-0.4089068974139619,0.905775539772715,0.05765789958405838,0.09508621042132914
7540793217994,-0.5780527283002358,2.090984105500326,1.343130265399782,-0.41123501351274955,0.9043179024693911,0.03501140678240711,0.1089453823236493
7540826511094,-0.5700887442,2.0998766422,1.3451733589,-0.4132702947,0.9022157788,0.0123381298,0.1227280498
7540859795994,-0.5725839305995792,2.1077541738000893,1.3458998391003107,-0.41741991151484525,0.8990726218833806,-0.007329861816417701,0.13181544361885253
7540893084594,-0.5747479923993032,2.115718342700125,1.3467444568005456,-0.4213627127315041,0.8954826665295725,-0.0269963992152523,0.14083839211679863
7540926373494,-0.57657748009917,2.1237525931001215,1.3477085963006872,-0.42509628962138846,0.8914479584191611,-0.04664970661303912,0.14979147790630698
7540959663794,-0.578069924099177,2.1318412969000926,1.3487935108007194,-0.4286188951942097,0.8869703340744666,-0.06628067140764929,0.158670544689541
7540992953394,-0.5792233848993206,2.139967939200054,1.3500001079006256,-0.4319285510927096,0.882052285784129,-0.08587830480535522,0.167470620282199
7541026242194,-0.5800367203995965,2.1481164118000176,1.351329106400391,-0.43502361797996597,0.8766963005716143,-0.1054328175006286,0.1761873132706937
7541059531794,-0.5805094838,2.1562709808,1.3527810574,-0.4379027188,0.8709048033,-0.1249354407,0.1848167181
7541092819994,-0.5900748982002152,2.1639954945987903,1.3578411589014578,-0.44540754040162384,0.863816664035576,-0.13929648300927636,0.18981407668840353
7541126110694,-0.5994227840003524,2.171868919897995,1.3630778227024136,-0.4527624714003018,0.8564362043389337,-0.15361155041287056,0.19474769310255083
7541159400594,-0.6085482447004144,2.179880081097608,1.3684940216028763,-0.4599642752750256,0.8487666043971102,-0.16787438140744398,0.19961540220631263
7541192688194,-0.617447247500405,2.1880180064976225,1.3740927216028553,-0.4670102165852865,0.8408108406204778,-0.18207952311437292,0.20441534962544183
7541225978294,-0.626117725800329,2.1962731061980305,1.3798777199023617,-0.4738989293844984,0.8325704510224918,-0.19622422451697186,0.2091466053397566
7541259270194,-0.6345564145001917,2.2046343058988254,1.3858516685014057,-0.48062791117374337,0.8240483377064898,-0.21030339751488525,0.21380745804959958
7541292555894,-0.6427586079,2.2130885124,1.3920155764,-0.4871933162,0.8152495027,-0.2243089229,0.2183952332
7541325846294,-0.6515958091998806,2.221536242299938,1.398156073999983,-0.503072853092431,0.8038389000315602,-0.22962324612406323,0.21916635717404442
7541359170694,-0.6604298028997903,2.229815066399902,1.404556862599976,-0.5187614382856722,0.7920856218135316,-0.23484843641942518,0.21984801517276173
7541392425394,-0.6692365477997357,2.2378896856998898,1.4111906061999764,-0.5342041347783838,0.7800315762960294,-0.2399662361145061,0.22043794567144606
7541425715394,-0.678047309499723,2.245776365499897,1.418070449299982,-0.5494436793734531,0.7676441673830535,-0.2449908486105882,0.2209379088712585
7541459008894,-0.6868571178997587,2.25345802859992,1.42518242269999,-0.5644588655933998,0.754939760104204,-0.24991523611761618,0.22134706328093742
7541492293694,-0.6956662034998488,2.2609230468999555,1.432515670999997,-0.5792380719913084,0.7419283061950988,-0.2547355934147335,0.22166511198180783
7541525599294,-0.7044858336,2.2681694031,1.4400682449,-0.5937882066,0.7286034822,-0.2594541609,0.2218921632
7541558877494,-0.7108081121992275,2.279936984200471,1.4447238339996848,-0.605780668992217,0.7197402594040313,-0.25746299561227964,0.2207182501713689
7541592161594,-0.7172419036987616,2.291541962600786,1.4496353965994513,-0.6176372916697719,0.7107115460916764,-0.25541284070255965,0.21949386095072682
7541625458794,-0.723790577598573,2.302979148000943,1.4547983330993126,-0.6293578000932537,0.7015172842317573,-0.25330366171218643,0.21821895964621946
7541658739294,-0.7304500342986323,2.3142309340009444,1.4602018774992833,-0.6409290582711294,0.6921678226205586,-0.25113783600380785,0.21689498592572995
7541692029994,-0.7372272993989096,2.325299230900788,1.465843998099378,-0.6523578238663319,0.6826577819286349,-0.2489141235028769,0.2155211858111744
7541725319494,-0.7441216696993755,2.3361731061004742,1.471716314599612,-0.6636375197530768,0.6729925217280919,-0.246633769399279,0.21409832289383213
7541758609094,-0.7511348724,2.3468461037,1.4778122902,-0.6747660637,0.663173914,-0.2442972213,0.2126266807
7541791898794,-0.7557116105007906,2.366689395099841,1.479246996798831,0.6808967285890932,-0.663255024965363,0.23529786391291801,-0.20274943179423283
7541825186594,-0.7608429423013022,2.386382354799724,1.4808502230980896,0.686879927121375,-0.6631928268890702,0.2262481816893506,-0.19282894067769238
7541858476994,-0.7665255128015439,2.405910696699657,1.4826196598977532,0.6927151302703038,-0.662987280925751,0.2171488912044793,-0.18286599649453864
7541891765394,-0.7727540096015248,2.4252549194996442,1.4845523923977992,0.6984002664830097,-0.6626384561274393,0.20800321500724211,-0.1728641281011066
7541925054694,-0.7795239338012548,2.444400076399693,1.486645764798205,0.7039346097594297,-0.6621464044949855,0.19881233549932842,-0.16282462789917546
7541958345394,-0.7868299603007436,2.46332996459981,1.488896870198946,0.70931703137593,-0.661511210200493,0.18957809640280432,-0.15274951110693033
7541991688294,-0.7946785688,2.4820566177,1.4913064241,-0.7145542502,0.6607317328,-0.1802883148,0.1426255107
7542024922694,-0.8050800741990792,2.5065341831004577,1.4954702280003176,0.725913280202978,-0.6639528326195325,0.14443475570621456,-0.10656053221309456
7542058212994,-0.8180015072985204,2.529787762000847,1.49987761480046,0.7353079237763981,-0.6653651707992149,0.10812629680022692,-0.07014378560673504
7542091508494,-0.833287165598299,2.5515234692011117,1.5044876115004662,0.7426926881830666,-0.6649577041090144,0.07151640530023311,-0.033529486104195115
7542124792094,-0.8507597665983798,2.571492223701202,1.5092606710003775,0.748044200244508,-0.6627323045784214,0.034724051697531705,0.0031634130991883558
7542158081494,-0.8702353008987223,2.5894859648010735,1.5141603644002388,0.7513512281842266,-0.6586943746169391,-0.0021696554015388438,0.03985405060332565
7542191375394,-0.8914993171992796,2.605305481100684,1.519146250600097,0.752603648975625,-0.6528542752125469,-0.03906241070195963,0.07644063680677857
7542224660994,-0.9143092632,2.6187713146,1.5241751671,-0.7517979145,0.6452305317,0.0758391693,-0.1128090993
7542257948294,-0.931831355600186,2.6270965476991877,1.524264019599759,0.7435398888936033,-0.6406916035259166,-0.11526478670199523,0.15289451181131786
7542291243894,-0.9501900283002328,2.6333802046986214,1.524205613799673,0.7328623920982668,-0.6340685132251502,-0.15432547210078726,0.1924928140095698
7542324528194,-0.9691359037001848,2.637537544098324,1.5239965724996978,0.7198067250919606,-0.6253869565150479,-0.19287136009714137,0.23145209350427337
7542357817494,-0.9884319055000892,2.6395174774983095,1.5236353615997886,0.7044096099978088,-0.614671487815703,-0.23079616899666794,0.2696649621022845
7542391106094,-1.0078241061999942,2.639293812298585,1.5231225151998997,0.6867232727153403,-0.6019583746268816,-0.26797002350137644,0.30700053490566936
7542424396594,-1.0270620452999484,2.636869604599152,1.5224604572999851,0.6668036997900058,-0.587287841900726,-0.30427494788871096,0.3433403162887662
7542457685994,-1.0458940268,2.6322767735,1.5216536522,-0.6447173357,0.5707088113,0.3395896256,-0.3785628676
7542490975594,-1.0592037160001357,2.6290055695005026,1.5209304588993526,0.6297520852285778,-0.5595572421231194,-0.3592759826049324,0.40153302760929527
7542524264394,-1.0722467393002582,2.624795984200827,1.5202083110989757,0.6139915164924754,-0.5476989526824825,-0.3785079302816252,0.4239953084878446
7542557552794,-1.0849573624003481,2.6196692877009777,1.5194906202988387,0.5974554118097242,-0.5351488352890714,-0.39726143479034265,0.44592163820153624
7542590844294,-1.0972726449003858,2.613650737000961,1.5187807098989086,0.5801628335291966,-0.5219213449975221,-0.4155147125023612,0.4672865501182668
7542624131994,-1.109127822000352,2.606772014900786,1.5180820850991508,0.5621392360197498,-0.5080359553797628,-0.4332409357941869,0.4880586429115675
7542657421194,-1.1204649205002293,2.5990668721004617,1.5173979351995275,0.5434045985018222,-0.49350806825401755,-0.45042058437790833,0.5082150391949505
7542690711394,-1.1312264204,2.5905742645,1.5167315006,-0.5239828229,0.4783562124,0.4670316577,-0.5277299285
7542724002794,-1.1450295355994915,2.5868458069984146,1.515307644401473,0.511697259009755,-0.4691474649627796,-0.47739988288139373,0.5386612321911914
7542757288994,-1.1586545852990962,2.582526988897382,1.5138598536024206,0.4991769209161098,-0.45972314478018433,-0.48754565958640655,0.5493416619887711
7542790579694,-1.1720802833988475,2.5776246367968882,1.5123889199028617,0.4864239318247756,-0.4500848465000825,-0.4974672306941846,0.5597693666900525
7542823876494,-1.185282278898781,2.5721473858969213,1.510896017102817,0.4734434711227894,-0.4402364664104394,-0.5071603729912159,0.5699398997798499
7542857180294,-1.1982362994989293,2.5661049666974636,1.5093823887023086,0.4602410656023614,-0.43018217540380926,-0.5166207245671799,0.5798486737466348
7542890447694,-1.2109018069993247,2.5595172414984955,1.5078513661013615,0.44684031102612,-0.4199399918387312,-0.5258318960927495,0.5894785464697344
7542923742194,-1.2232795954,2.5523841381,1.506301403,-0.4332219362,0.4094952047,0.5348073244,-0.5988435745
7542957042994,-1.2413323925002202,2.5528231831991643,1.5069390210997962,0.43874001493182185,-0.415100855962704,-0.5306567193913474,0.5946443683761482
7542990314894,-1.2593578418003797,2.553616405798612,1.5075637866996943,0.4442109344312674,-0.42066155486803397,-0.5264584695836918,0.5903913801803897
7543023610594,-1.2773775248004708,2.554764672598339,1.5081764124996735,0.44964282572031583,-0.42618556626374443,-0.522206324564137,0.5860782771711611
7543056894494,-1.2953652024004854,2.556266502498344,1.5087759615997143,0.45502933304300486,-0.4316664282915789,-0.5179052138835291,0.5817100568055236
7543090183994,-1.313323331100417,2.5581219996986237,1.5093624812997957,0.46037276363343327,-0.43710648768904936,-0.5135533190660384,0.5772848736983447
7543123472394,-1.3312413485002579,2.560330143699177,1.5099355857998977,0.4656715166968857,-0.4425041152610983,-0.5091519265196177,0.5728040347584648
7543156762694,-1.3491139412,2.5628902912,1.5104950666,-0.4709255695,0.4478592873,0.5047010779,-0.5682675838
7543190053194,-1.362654697597878,2.572897776502053,1.5089163416968008,0.49756184699408307,-0.47271090364209745,-0.4886472565125442,0.5387025790698169
7543223341794,-1.3751336213962901,2.5841949991032642,1.5073005368948091,0.5229732647148759,-0.49639886223905,-0.4713929291317135,0.5078147697003941
7543256630794,-1.3864306357953575,2.596673348103717,1.5056767323939626,0.5470991675405467,-0.5188666231413109,-0.45297939375096175,0.4756780393326823
7543289919094,-1.396435996295185,2.6102114889035066,1.5040742483941767,0.5698794602324283,-0.5400582214124162,-0.43345254574038483,0.4423724775358809
7543323248394,-1.405062982895861,2.6246966837027372,1.5025202383953447,0.5912841025500098,-0.5599456677089294,-0.41283401874829917,0.40793630906032313
7543356497994,-1.4121998207974484,2.639934558301529,1.501048772297333,0.6111855190213257,-0.578410474662939,-0.39125091322412187,0.3725806047556919
7543389787494,-1.4178062677,2.6558303833,1.499682188,-0.6296089292,0.5954760909,0.3686805069,-0.3362669647
7543423077894,-1.4264421591010084,2.6607258230992272,1.4973929836016435,0.6374677114635953,-0.6023348341910961,-0.35948444886074776,0.31874534567368284
7543456368394,-1.4348386966017044,2.666007812398722,1.4950726869026334,0.645007530810908,-0.6088921919454083,-0.35010847824825725,0.3010641746269742
7543489655594,-1.4429782927020725,2.6716652262984786,1.4927263914030309,0.6522239017439224,-0.6151442672790831,-0.34055827548234124,0.2832341318204927
7543522945794,-1.4508462377020979,2.677687847598493,1.4903585584028995,0.6591145833370083,-0.6210891193735182,-0.3308368142946811,0.2652607662954631
7543556242694,-1.458427572201768,2.6840644875987563,1.487973865002305,0.6656767499398736,-0.6267242985756124,-0.32094780551165963,0.24715101517421242
7543589523894,-1.4657021848010725,2.6907779979992617,1.4855789013013154,0.6719028388145605,-0.6320433217496386,-0.31090291471512677,0.22892617204298873
7543622813394,-1.4726608992,2.6978197098,1.4831769466,-0.6777943373,0.6370474696,0.3006999791,-0.2105822563
7543656108494,-1.485515557000133,2.6998756265998343,1.4815311946004437,0.6807284149014083,-0.6410415005446959,-0.2896544918248154,0.20438907771925763
7543689392794,-1.4983195569002281,2.702261552299718,1.4799720948007664,0.6835357244178168,-0.6449157546713548,-0.2785590514316492,0.19816013142604377
7543722682194,-1.5110697965002815,2.704977430299655,1.4784976546009523,0.6862171179405501,-0.6486713950041115,-0.26741042174029905,0.1918936025339577
7543755976994,-1.5237571720002894,2.708022085299649,1.4771066123009846,0.6887720642221564,-0.6523077044980529,-0.256210539132783,0.18559057583002242
7543789261194,-1.5363664607002474,2.7113923794997024,1.4757982666008471,0.6911988928992185,-0.6558222918876595,-0.24496686722424266,0.17925525342497634
7543822550994,-1.5488947295001523,2.7150880403998183,1.4745705512005245,0.6934983652687109,-0.6592162450700312,-0.23367602291388875,0.1728857308181975
7543855838794,-1.56133008,2.7191061974,1.4734222889,-0.6956695318,0.6624881625,0.22234267,-0.166484639
7543889132394,-1.5659513840001358,2.720383602199886,1.4735874936994524,0.698171461507246,-0.6697115161257138,-0.20392917951343204,0.14985321233931762
7543922418794,-1.570499289500231,2.721898156499814,1.4737555277991254,0.7002023884742918,-0.6764820237027787,-0.185382253491841,0.13312440374393084
7543955706894,-1.5749628805002824,2.7236461694997813,1.4739249674989974,0.7017615824578045,-0.6827970244966778,-0.16670945917620722,0.11630503405260655
7543988997194,-1.5793302861002871,2.7256230420997865,1.474094343999045,0.7028479331388874,-0.6886522772892297,-0.14792307866116783,0.0994061701613845
7544022285894,-1.5835893421002432,2.7278232717998265,1.4742621662992448,0.7034605716833983,-0.6940431554453531,-0.12903791315896265,0.08244112707807896
7544055575594,-1.587729012100148,2.7302411393998987,1.4744269803995718,0.7035991458944295,-0.6989664593700634,-0.11006521804925681,0.06542001488899615
7544088865194,-1.5917381048,2.7328701019,1.4745873213,-0.7032635808,0.7034187317,0.0910184085,-0.0483548678
7544122153494,-1.580388818300433,2.729658568298731,1.473561077399926,0.7064517101730551,-0.705684582050677,-0.05405753074581603,0.0036104319952524108
7544155443994,-1.5694748543008248,2.725162901997936,1.472630317600042,0.7072495978786202,-0.7055627257419658,-0.01691129835647432,-0.04114917170485992
7544188754994,-1.5591371357011092,2.719437860397592,1.4717818294002483,0.7056524932028545,-0.7030510247507998,0.020315061834318016,-0.08579693290621394
7544222021894,-1.549533419701224,2.712570841097669,1.471003277000444,0.7016714337098968,-0.6981653748416291,0.05742350142653102,-0.13009554170555834
7544255312394,-1.5407721357011115,2.7046395057981285,1.4702781828005305,0.6953139979194359,-0.6909145677342329,0.09436398922000672,-0.17398546470436912
7544288618494,-1.5329741608007186,2.695748897698924,1.4695912407004121,0.6865990489700549,-0.6813207269678426,0.13100222360338035,-0.2173067655835796
7544321889694,-1.5262545347,2.6860311031,1.4689273834,-0.6755713224,0.6694328785,-0.1671590954,0.2598478496
7544355180294,-1.506813415798777,2.6722888342004456,1.4709622037973917,0.6612495819839402,-0.6540030313721684,0.19953225149411133,-0.30857074698644005
7544388504994,-1.4892258036978638,2.656266175400616,1.4734252512956603,0.6443534661385446,-0.6360257270329207,0.2311661264107275,-0.35614899582583087
7544421758894,-1.4738147353973337,2.638260902400582,1.4762537030948322,0.6250055273073796,-0.6156310449075454,0.2618404105977627,-0.4022512980206074
7544455048094,-1.4607654663972438,2.618493682900422,1.4793958685948982,0.6032228307953877,-0.5928367068996769,0.29153578809006286,-0.44684867642441517
7544488343194,-1.450295158697641,2.5972806939002173,1.4827845965958266,0.5791043180888508,-0.5677465244956791,0.3201093921836278,-0.4897265050308721
7544521629194,-1.442569533998555,2.574955917700049,1.486349574797556,0.5527543850976141,-0.5404690803050973,0.34743810368569744,-0.5307000349508255
7544554915594,-1.4377043247,2.5518548489,1.4900202751,-0.5242682099,0.5111028552,-0.3734245896,0.5696233511
7544588204694,-1.4159755504006752,2.5313226265992648,1.490185081900425,-0.5010684551870116,0.48980930319150195,-0.3989441680729552,0.5914903215473055
7544621495694,-1.3962102269011807,2.50889112739883,1.490158192700716,-0.47680448369244544,0.4674755266945022,-0.4236189407751268,0.6121038386491608
7544654817794,-1.3785586182014784,2.484727696198665,1.4899135803008663,-0.4515049988832153,0.4441278559832563,-0.44741686626348703,0.631436324031287
7544688072994,-1.3632153723015348,2.459109921698738,1.4894285118008712,-0.4252995908707555,0.41988597746890316,-0.4702190286457546,0.649392091905649
7544721363994,-1.350256889401322,2.432177442599012,1.4886800541007286,-0.3981642895756446,0.3947277956717802,-0.4920487819455654,0.6659903618046624
7544754654194,-1.3398078324008165,2.404185439499446,1.4876490678004377,-0.37018504470095137,0.3687329123951608,-0.512834265874068,0.6811755190417103
7544787942394,-1.3319536448,2.3753716946,1.486318469,-0.3414223194,0.3419575095,-0.5325307846,0.6949149966
7544821231394,-1.314774041399459,2.355379005800351,1.4866690664026652,-0.33131059860726103,0.33310863350352443,-0.542944702392236,0.6960481130497514
7544854520094,-1.2982293790990673,2.3348551032005522,1.4866874810044297,-0.32110280100069444,0.32416314740087127,-0.5532009281933401,0.6969791805374795
7544887811694,-1.2823360421988441,2.313822292900623,1.486370334305299,-0.3108008931021514,0.3151227724066542,-0.5632974443086282,0.6977079850431821
7544921099194,-1.2671144769988072,2.292309951200583,1.4857147598052802,-0.3004100359954139,0.3059920384044615,-0.5732292061094482,0.6982341727310748
7544954388094,-1.2525784492989758,2.2703400684004524,1.4847181321043832,-0.2899315403709322,0.2967720985843995,-0.5829949912742329,0.698557702376194
7544987678794,-1.2387434500993673,2.247938333600252,1.4833782273026193,-0.27936830958608133,0.28746550580521546,-0.5925920581188018,0.698678454817157
7545020991894,-1.2256164551,2.2251169682,1.4816920757,-0.2687167823,0.2780691087,-0.6020233631,0.6985962391
7545054256494,-1.2080333098010037,2.2080983426989147,1.4788897442998041,-0.26964604867648356,0.27285733809363577,-0.6192433337989143,0.6851113595812154
7545087546794,-1.1905882085017048,2.19108027779817,1.4751957995996756,-0.27043932348750466,0.26750320399772115,-0.6361626527104299,0.6712687147923725
7545120842294,-1.1732992875020822,2.1741131956977817,1.4706140463996125,-0.271095529093264,0.262012530096741,-0.6527618906098375,0.6570833754900655
7545154125694,-1.156182339202117,2.1572456990977593,1.4651517075996139,0.2716140346069845,-0.25639099510354646,0.6690241076288626,-0.6425700096065278
7545187414494,-1.1392348364017924,2.1405085069981142,1.4588125336996784,0.27199489101141777,-0.25063853460171065,0.6849497062254044,-0.6277284478005807
7545220709894,-1.122462437201091,2.123940448998858,1.451603958599807,0.27223784450359284,-0.24475778898919484,0.7005309982903126,-0.6125655076671689
7545253994294,-1.1058797836,2.1075892448,1.4435398579,-0.2723426819,0.2387548834,-0.715751946,0.5970969796
7545287282194,-1.0893063087987571,2.094884744601223,1.4380816076999043,0.2527624771203296,-0.21452043221578254,0.7343080643490363,-0.5923544386209327
7545320571194,-1.073643887097848,2.0813311356020794,1.4320074079996699,0.2328435465868916,-0.18999825200374335,0.7518826287782351,-0.586819443772862
7545353861794,-1.058951594197322,2.067009198102544,1.4253013601994013,0.21261218458349326,-0.16522073311596683,0.768452244898545,-0.5804991951981016
7545387151194,-1.045284689497227,2.0520053145025923,1.4179516625992024,0.19209714887217802,-0.14022309812099215,0.7839933370915088,-0.5734026644031669
7545420439394,-1.032691582797611,2.0364083935022,1.4099494752991724,0.17132591045469459,-0.11503880662114349,0.7984852292531974,-0.5655394274871755
7545453730094,-1.0212137209985206,2.020308685301343,1.401288451899408,0.1503239319591166,-0.0896987384346094,0.8119100844203581,-0.556919084445952
7545487020294,-1.0108890533,2.0038022995,1.3919674158,-0.1291211843,0.0642390624,-0.8242486715,0.5475538969
7545520323194,-1.000603221500903,1.9944781476001188,1.3904102109970793,0.09062537526287877,-0.03078239362567389,0.8336957173890398,-0.5438666531497501
7545553598094,-0.9913342913016108,1.984243604800254,1.388366597195322,0.05191715538259408,0.002729303084686308,0.8408832898092397,-0.5387137020730414
7545586886294,-0.9831685742020558,1.9731995519003724,1.3858484837946323,0.013053239500161483,0.036247009896203455,0.8458023451037624,-0.5321035239773481
7545620201194,-0.9761914381021721,1.9614619515004394,1.3828732722948975,-0.025877129181059152,0.06969352910639771,0.8484374620829128,-0.5240487182699222
7545653465494,-0.9704913913019017,1.949187773500422,1.379472491395983,-0.06467855626207993,0.10290112791820366,0.8487778774882817,-0.5145912522765054
7545686754694,-0.9661139775011921,1.936484838900286,1.375667712597739,-0.10333431284458004,0.13585563803210124,0.8468260973052685,-0.5037368621875487
7545720045194,-0.9631094933,1.9235012531,1.3714942932,0.1417123675,-0.1684443504,-0.8425861001,0.4915209413
7545753341094,-0.9594805719986806,1.894058819298266,1.3631753534066124,-0.12010449783177,0.16653544501269724,0.847854772731564,-0.4888590180321004
7545786625794,-0.9547986947978194,1.8647563986971036,1.354926688211208,-0.098443231358211,0.16454306450943115,0.852693421194515,-0.4859510670563369
7545819912994,-0.9490692164974107,1.8356083958965217,1.3467840958136712,-0.07673061387682888,0.16246742269603384,0.8571017328029336,-0.4827974410483158
7545853209894,-0.9422993111974441,1.8066348054965238,1.3387848966138884,-0.05497289489229105,0.16030907407421371,0.8610781963628521,-0.47939891671250906
7545886490594,-0.9345056296979025,1.7778839380971088,1.330973974511751,-0.03319799591203262,0.1580708111621838,0.8646178377710071,-0.4757599251031368
7545919780994,-0.925695566598764,1.7493587693982708,1.3233835373071545,-0.011399981532034462,0.15575204685427163,0.867721750598404,-0.47187954380351704
7545953075994,-0.9158850312,1.7210887671,1.3160527945,-0.0104068052,-0.1533542573,-0.8703876138,0.4677601755
7545986360194,-0.9058625850965931,1.692385106702558,1.311217466096796,0.03671527495023412,0.1304859312642149,0.8763491848548951,-0.46220938602715583
7546019648494,-0.8938333279944375,1.6644422685044655,1.3064784659946624,0.06297992674715613,0.10744754856864172,0.881188291297262,-0.4560655089064774
7546052937894,-0.8798562354934735,1.637393383805591,1.3018931962936096,0.08916471674180741,0.08427067567645607,0.8848980268504792,-0.44933683199301094
7546086228294,-0.8639995161936314,1.6113644814058115,1.2975178557936355,0.11523599224258747,0.060985079790695715,0.887473518071959,-0.4420319455149925
7546119518594,-0.8463416037948317,1.5864770969050161,1.293407692794727,0.14115946623782463,0.03762137600124774,0.8889113322510135,-0.4341604318163431
7546152805694,-0.8269716141969865,1.5628481421031075,1.2896167778968604,0.16689952074777697,0.014211696413509065,0.8892096618154283,-0.4257331969594388
7546186096094,-0.8059817553,1.5405813456,1.2861964703,-0.1924281865,0.0092185205,-0.8883681893,0.4167594016
7546219387094,-0.791720535903427,1.5159714935981412,1.2892405888014133,0.18448240894426973,-0.015948792586290585,0.8901183172798087,-0.4164147668468549
7546252674494,-0.7772680344057022,1.4914442669968668,1.2920077610023502,0.1765169057620424,-0.022676557297005687,0.8917689346455865,-0.4160237047698432
7546285964494,-0.7626276901068317,1.4669959397961978,1.2944945884028138,0.16853108074756287,-0.02940231670336726,0.8933201571462315,-0.4155861829160896
7546319252994,-0.7478075023068207,1.442630337096156,1.2966969500028074,0.16052680755969018,-0.03612449181388853,0.8947716157842789,-0.41510230152659167
7546352543294,-0.7328122860056747,1.418345818196762,1.298611386002334,0.15250418576191055,-0.042842998622457384,0.8961232910675953,-0.4145720661119301
7546385832494,-0.7176497060033992,1.394145237798037,1.3002341749013973,0.14446480907400253,-0.04955650203412148,0.8973749112096829,-0.41399558062468245
7546419121194,-0.7023259401,1.3700288534,1.3015619516,-0.1364094317,0.0562643744,-0.8985263705,0.4133729041
7546452411594,-0.6990026956001256,1.3540584709002075,1.3011043938004123,0.10087054868580692,-0.02796806133646869,0.9064366079762257,-0.4091645093033581
7546485707194,-0.6969943051002383,1.337883885000334,1.3002449035008534,0.06510980440010496,0.00039264506867659306,0.9124042508114677,-0.4040780151183612
7546518989394,-0.6963291694003151,1.3216272447003876,1.2990388457012219,0.029223888809882605,0.028741104274044343,0.9164138904936787,-0.39812748530863323
7546552279394,-0.6970227873003388,1.3053920315003753,1.2975432576014183,-0.006733077478892376,0.057034590877465735,0.9184599772687653,-0.3913221067951088
7546585575294,-0.6990805735002973,1.2892928296003026,1.2958182666013434,-0.042681972869559805,0.08521077798655821,0.9185367943270055,-0.3836763349157154
7546618857094,-0.7024937173001845,1.2734516477001756,1.2939271435009012,-0.0785241744581633,0.11319240748911068,0.9166448581083595,-0.37521145640290443
7546652147594,-0.7072455287,1.2579678297,1.2919322252,0.1142074093,-0.1409386992,-0.9127874374,0.3659400344
7546685443994,-0.71139870220057,1.247932926099291,1.297855454498603,-0.1251126104638027,0.14573509549751332,0.9073033970373738,-0.3740436637181614
7546718726294,-0.7155930158009864,1.2380725741988008,1.3040267109976795,-0.13598348067295152,0.15049485009404984,0.9016062040142803,-0.38205503001818814
7546752014994,-0.7198232267012276,1.22838548059854,1.310447579297226,-0.1468241396818754,0.15521977139069454,0.8956937483932811,-0.3899771835188458
7546785304494,-0.7240807898012713,1.218878004398519,1.3171146944972374,-0.1576301779901242,0.1599079304869542,0.8895683598713887,-0.39780688011886967
7546818594794,-0.7283578351010958,1.2095546613987487,1.3240254744977085,-0.16839902589993402,0.1645582109850368,0.8832314783605285,-0.4055422529237031
7546851883094,-0.7326461121006791,1.200420552599239,1.3311764939986317,-0.17912722132291103,0.1691691190957023,0.8766851536153044,-0.4131808189594807
7546885172494,-0.7369381189,1.1914789677,1.3385653496,0.1898132265,-0.1737399995,-0.8699303865,0.4207215011
7546918462894,-0.7398848886002732,1.1783958191015569,1.3505805477015416,-0.1597342562209796,0.15385885157588916,0.8558568110404337,-0.46724890602009816
7546951782994,-0.7420958444004312,1.1663226914027036,1.3637770168024437,-0.12904262562753208,0.13339567887654696,0.838631656474084,-0.5121040308255265
7546985040494,-0.7436617092004866,1.1554490409033644,1.3780209271027675,-0.09793640943454397,0.11248279928010296,0.8183702056333508,-0.5550011586517715
7547018330794,-0.7446930288004544,1.145882469903477,1.3932404004025922,-0.06644100312812133,0.09113751536961115,0.7950927090858071,-0.5959086594052609
7547051620994,-0.7453010549003508,1.1377554845029836,1.4092964191020054,-0.034702329126787085,0.06945847426568813,0.7689029922750605,-0.6346333249809037
7547084910094,-0.7456050771001932,1.1311683270018364,1.4260507869011063,-0.002837600326398643,0.04752574696378628,0.7398979220695623,-0.6710322766581842
7547118198794,-0.7457288504,1.1261982918,1.4433559179,-0.0290371403,-0.0254192203,-0.7081833482,0.7049731612
7547151487394,-0.7358994673001171,1.1310078492005937,1.4538126039990573,-0.08188603587143475,0.019682003526756274,-0.692668687684639,0.7163221237457873
7547184777994,-0.7269699634002684,1.1375561456009116,1.4641325923984319,-0.1343125329776697,0.06468364172148883,-0.6735532671321628,0.7239490080899054
7547218071094,-0.7191669550004044,1.145696635000991,1.4742320104981328,-0.18604482547779208,0.10935243831425771,-0.6509353924319395,0.727813493985335
7547251355494,-0.7126958381004803,1.1552461631008801,1.4840281491981586,-0.2367969342781543,0.15344138740696114,-0.6249411585336886,0.7278952540837628
7547284646094,-0.7077290697004573,1.1659995469006355,1.493452285098496,-0.28632790137918085,0.19674113540005547,-0.5956944159371472,0.724194325685166
7547317949394,-0.7044113171003045,1.1777254729003195,1.5024405086991213,-0.334388761661086,0.2390342748795511,-0.563338790108013,0.7167260139462029
7547351223694,-0.7028554678,1.190154314,1.5109256506,-0.3806708753,0.2800489962,-0.528085053,0.7055411935
7547384514094,-0.681067036096733,1.2170306471985985,1.5126501222978694,-0.42864094298223393,0.3186523055880382,-0.506681260339781,0.6767582659733238
7547417810094,-0.6633075544943637,1.2467381034980654,1.5142368756961297,-0.4744419035937553,0.3556435916960355,-0.48270032444851896,0.644533096572373
7547451093794,-0.6499461619930559,1.2786585205981806,1.5156945540949918,-0.5178173181052353,0.3908156980027056,-0.4562776507552028,0.6090476341685211
7547484381694,-0.6412463521929247,1.3121604724986986,1.5170359883946503,-0.5585693214266928,0.4240081266156174,-0.42753520016786944,0.5704656644726819
7547517674294,-0.6373870335940376,1.3465664932993555,1.5182755782952795,0.5964905229071611,-0.4550520211959854,0.39661757424983685,-0.5289812982361144
7547550961594,-0.6384481886964087,1.3811694738998799,1.5194294479970256,0.6313770879464262,-0.4837805093198474,0.3636910831699914,-0.4848176849509085
7547584249194,-0.6444080472,1.4152743816,1.5205160379,-0.6630584598,0.5100530982,-0.3289178312,0.4381922483
7547617538394,-0.630700110704816,1.4525084418012322,1.5173537598037707,0.683348938721131,-0.5331564144944041,0.2989483486482844,-0.3992597531340204
7547650829394,-0.6213856385081358,1.4910365910016643,1.5137101040067529,0.7013447249107094,-0.5544697785897471,0.26797289774070954,-0.3589837984463999
7547684132394,-0.6165869669098509,1.5303520163015212,1.5096033818086252,0.7169893819229914,-0.5739269362050571,0.2360854885421093,-0.3174865984695997
7547717407194,-0.6163682877098945,1.5698775429010414,1.5050647833091013,0.7302132321121808,-0.591440450703805,0.20343230033623802,-0.2749584115815866
7547750697494,-0.6207269511082455,1.6091323763004668,1.5001203465079425,0.7409905840984126,-0.6069755751017459,0.1700806272312039,-0.2314869018930414
7547783987094,-0.6296026831049254,1.6475685028000406,1.4948093811049552,0.7492783579050933,-0.6204712438180756,0.13615827013167,-0.18723862701015545
7547817275994,-0.6428733468,1.6846681833,1.4891740084,-0.755048871,0.6318822503,-0.1017792225,0.1423622817
7547850565194,-0.6401028960989382,1.7086880320996312,1.4860647981987711,0.7593024685595434,-0.637684244585561,0.08209138142254543,-0.10039706441357908
7547883853894,-0.6395943779982209,1.7328548815994735,1.4829052610979965,0.7618852371966574,-0.6420829948102195,0.06222320252298733,-0.058211564015377144
7547917144894,-0.6413525394978595,1.7569652808994767,1.4797497168976554,0.7627915729736396,-0.6450690752844943,0.04221672291796087,-0.015895050112419904
7547950437894,-0.6453624665978593,1.7808139837995869,1.4766527564977219,0.762019148106258,-0.6466356136061393,0.0221161282155745,0.026458987289328835
7547983721294,-0.6515868612982207,1.8041901605997481,1.473669458498162,0.7595705056099854,-0.6467791037037086,0.0019726698112034003,0.06874261119156444
7548017012494,-0.6599741656989379,1.826907514099905,1.4708512932989362,0.7554498902803293,-0.6454994202731446,-0.018179846592757957,0.11088487218884557
7548050307594,-0.6704508662,1.8487702608,1.4682502747,-0.7496659756,0.6427987814,0.0382947065,-0.1527879983
7548083589894,-0.6594601051002238,1.8482838672003208,1.4714607299009153,0.7543875654361649,-0.6355409233189707,-0.03862606949184529,0.15967204720231193
7548116880494,-0.6484276694003663,1.847853945200541,1.4745439876015303,0.759017910419192,-0.6282033933075892,-0.038952782783062606,0.16653825090101465
7548150177094,-0.6373562644004319,1.847483047600656,1.4775002933018422,0.763556061510087,-0.6207875458029158,-0.03927478087460978,0.17338528050110932
7548183458294,-0.6262550063004241,1.8471738441006635,1.4803284045018477,0.7679985857819175,-0.6132990876830959,-0.03959181926510921,0.18020790529645478
7548216748694,-0.6151177018003471,1.8469285154005586,1.4830311126015445,0.7723482485766184,-0.6057334227818373,-0.039904094756718064,0.18701033839677692
7548250040594,-0.6039489300002046,1.8467495447003386,1.4856084594009298,0.7766034655273729,-0.5980931918237157,-0.04021149455116711,0.1937901621108672
7548283346894,-0.592746377,1.8466392756,1.4880621433,-0.780765295,0.5903763175,0.0405140966,-0.2005491555
7548316615594,-0.579034949799797,1.835718900099821,1.4912062503976677,0.7868419540158403,-0.579221744321848,-0.04445011925224913,0.20834129980335364
7548349905394,-0.5651251174997082,1.8249273796997076,1.4939640188960934,0.7927353658229206,-0.56792236563207,-0.0483780683627153,0.21608884489942104
7548383195694,-0.5510305861997052,1.8142842855996566,1.4963354967952907,0.7984403006991501,-0.5564877273207044,-0.05229456897133063,0.22378510588730205
7548416485794,-0.5367571096997605,1.803802465999664,1.4983231291952703,0.8039552790930516,-0.5449207879224133,-0.05619860688107097,0.231428089680265
7548449794894,-0.5223019403998462,1.7934884939997264,1.4999306056960429,0.8092820075841203,-0.5332175184226617,-0.060091493690647826,0.23902033937265957
7548483063194,-0.507696990999935,1.7833730106998398,1.5011586401976158,0.8144098456418459,-0.5214018371020536,-0.06396532869760421,0.24654647495520177
7548516352894,-0.4929210544,1.7734490633,1.5020134449,-0.8193473816,0.509454608,0.0678264499,-0.2540188432
7548549641694,-0.5042429703999616,1.7684560985997855,1.5053202235992469,0.8115925735361663,-0.5122702467526956,-0.08597093850597905,0.2674054722799742
7548582932194,-0.515395027799893,1.7629849353996359,1.5084451247988204,0.8033695123180168,-0.5147907214251588,-0.10406679289405041,0.2806386331730245
7548616221294,-0.526351987099821,1.7570431908995567,1.5113936731986768,0.7946836449961332,-0.5170143071943383,-0.12210189068067799,0.29370944626317674
7548649510094,-0.5370904760997716,1.750638904399552,1.5141722036987704,0.7855397274246917,-0.5189398183959066,-0.14006643527517693,0.3066108204712764
7548682804494,-0.5475890938997695,1.7437800991996242,1.5167877860990546,0.7759413024625212,-0.5205664149037823,-0.15795323417290494,0.3193375621835129
7548716088094,-0.5578200410998384,1.7364805696997736,1.5192461620994808,0.7658987359412631,-0.5218924279717141,-0.175743187458911,0.3318761093708714
7548749378594,-0.567766726,1.7287478447,1.5215560198,-0.7554125786,0.5229178667,0.1934355199,-0.3442259431
7548782675094,-0.5823159483001245,1.7243271684012353,1.518310403099701,0.7409301946768853,-0.5290718052848801,-0.21142676356104856,0.3555336764903874
7548815956494,-0.5965662248002473,1.7192266714020608,1.51478171329947,0.7259367229291369,-0.5348533149564426,-0.22926213514909233,0.3665878873747595
7548849246994,-0.6104915975003449,1.7134518178024736,1.5109864219993265,0.7104318588518098,-0.5402626427792627,-0.24694217105888788,0.3773889437943989
7548882543694,-0.6240551319003926,1.7070135204024717,1.5069443876992898,0.6944274424214939,-0.5452952784615274,-0.26445286085028263,0.38792817748599956
7548915824394,-0.6372134914003671,1.6999290813020562,1.5026787997993778,0.677945542959605,-0.5499445177976909,-0.2817703742683416,0.3981913162164019
7548949114794,-0.6499436036002441,1.6922077485012308,1.4982074482996086,0.6609850909598908,-0.5542108095041649,-0.2988960321724015,0.40817918872607667
7548982441894,-0.6622226834,1.6838582754,1.4935479164,-0.6435432434,0.5580938458,0.3158313334,-0.4178923368
7549015693794,-0.6569988557004405,1.6735935280996659,1.4870247874003826,0.6293292859179723,-0.5592895975702881,-0.3322837494607465,0.42512034270303767
7549048983494,-0.6512247915007263,1.6634778652994535,1.4807052410006007,0.6147673607528747,-0.5601918236985506,-0.34857966818494496,0.43213241922159734
7549082271894,-0.6449180694008612,1.6535461340993571,1.4746080795006753,0.5998816781318508,-0.5607984802764405,-0.36469105437785476,0.43891624670102836
7549115561794,-0.6380909754008504,1.6438198247993707,1.468743361000629,0.5846788367127529,-0.5611092957554441,-0.3806107610701345,0.4454688144805027
7549148858494,-0.630756152300699,1.634319364199487,1.4631203206004852,0.5691643215165237,-0.5611240448562868,-0.39633284877648955,0.4517876208767424
7549182139694,-0.6229336936004134,1.6250724291996996,1.4577521920002678,-0.553356825339038,0.5608428260766108,0.41183857579699,-0.4578651938885603
7549215444194,-0.6146303415,1.6160892248,1.4526418447,-0.5372461677,0.5602653623,0.4271377623,-0.4637053311
7549248719194,-0.6036496731008582,1.599707212299125,1.454061473598485,-0.5218378432284055,0.547716841973849,0.44012712570023865,-0.48371441948299027
7549282007994,-0.5916747396013905,1.584032735998491,1.4555436224975056,-0.5059197883011163,0.5346348150548381,0.4526973463830997,-0.5032652331666996
7549315297594,-0.5787546677016181,1.5691319946981312,1.4570744592970477,0.48951323780911166,-0.5210366564728985,-0.46483110509684716,0.5223309643852515
7549348587794,-0.5649382313015655,1.5550617591980764,1.4586404934970927,0.4726340891930319,-0.5069355351651694,-0.4765165942875968,0.540893072878574
7549381876494,-0.5502785481012593,1.5418763069983537,1.4602280059976176,0.4552997107839648,-0.4923459654646328,-0.487741821284273,0.5589324998790435
7549415170894,-0.5348277693007274,1.5296229801989878,1.461823637898597,0.43752299609735706,-0.47727877938829444,-0.4984982937057525,0.5764356389086863
7549448454794,-0.5186520815,1.5183539391,1.4634128809,-0.4193298519,0.4617559612,0.5087705255,-0.5933772326
7549481744894,-0.5124248567995883,1.5024842835999284,1.4665008484990754,0.4037965960012165,-0.4427458010084197,-0.5169816317208888,0.6112728173331861
7549515039394,-0.505200378099319,1.4870400283998964,1.4695864682984445,0.3878613283782496,-0.4232945906900693,-0.5246817528926798,0.6285653010011382
7549548322794,-0.4970101097991903,1.472087465799895,1.472649056298119,0.37154734667726114,-0.40343075529568995,-0.5318598156924409,0.6452296733026458
7549581613294,-0.487881387599199,1.457675645399915,1.4756711265981064,0.3548619573839148,-0.3831631824094193,-0.5385127294036167,0.6612586537186563
7549614934794,-0.47784146199934097,1.4438504113999455,1.478635743398414,0.33780910155559574,-0.36249674068536014,-0.5446377663596558,0.6766467522669839
7549648190494,-0.46695979299961005,1.4307037207999775,1.4815156443990445,0.32045572286681123,-0.34151248660363637,-0.5502119157777045,0.6913350843924665
7549681480994,-0.455246985,1.4182450771,1.4843012094,-0.3027670085,0.3201682568,0.5552473068,-0.7053545117
7549714807794,-0.4555494271018432,1.4034623845997114,1.4829373581993093,0.27973668905615845,-0.3070473319939447,-0.572481525464526,0.7069188239912046
7549748061594,-0.4549574299030357,1.3887438892994248,1.4813466121989174,0.2564774377651336,-0.293648501899193,-0.5891062885931989,0.707773736436821
7549781349494,-0.45347053010359845,1.3740983985991968,1.479539941998784,0.232938078758671,-0.2799425317864157,-0.6051594765890961,0.707922339141549
7549814637794,-0.4510922935035499,1.3595967991990838,1.477535392898869,0.20916556875757233,-0.2659565385793022,-0.6206078794991924,0.7073632336619945
7549847929094,-0.4478294134029143,1.3452933563991427,1.4753501271991298,0.1851817847454519,-0.2517033709568606,-0.6354371649739335,0.7060968269418382
7549881216594,-0.4436931388017203,1.3312455558994296,1.473002666099522,0.16101560834771764,-0.23720019815295515,-0.6496295021968282,0.7041246691745109
7549914506294,-0.4386968315,1.317504406,1.4705113173,-0.1366868615,0.2224589288,0.6631733179,-0.7014484406
7549947796794,-0.4501167379001579,1.3179010720964162,1.4639209942996376,0.15531288365073811,-0.2457679152359188,-0.6644509246727776,0.6884627867315513
7549981085194,-0.4613933235003908,1.31911874339403,1.4571876509992514,0.17377304067447286,-0.26881482445731564,-0.6650238818165792,0.6747479211530325
7550014374594,-0.4724766658006212,1.3211501967928485,1.4503301596989298,-0.1920494811795098,0.29157737164853603,0.664891657486492,-0.6603171336002711
7550047664494,-0.4833164250007721,1.3239847102928708,1.4433686334987594,-0.21012253709302464,0.3140310571517385,0.6640543462875235,-0.6451858954800561
7550080954094,-0.4938632113007678,1.327608071094085,1.436323698098826,-0.22797260692172233,0.3361515278762504,0.6625128498315019,-0.6293706099016049
7550114244094,-0.5040693591005344,1.3320028609964714,1.429216018799213,-0.2455811355356054,0.3579157893776268,0.6602687673279772,-0.6128877127781455
7550147537194,-0.5138891935,1.3371487856,1.4220660925,-0.2629308403,0.3793024719,0.6573241949,-0.5957532525
7550180821194,-0.5330705535006979,1.3651239402004534,1.420619483802971,-0.2953448643522596,0.41928382648303875,0.6401920462223689,-0.5719498473678465
7550214112694,-0.548844978601159,1.395168758200805,1.4193459629051723,-0.3267293863591638,0.4578022990954967,0.6208086718290059,-0.546133276787038
7550247405394,-0.5609940739013808,1.4268638700010197,1.4183223233064437,-0.3569678715456434,0.4947147865811408,0.5992449022995848,-0.5183982693741466
7550280689394,-0.5693523070013653,1.4597618280010676,1.4176217361066519,-0.3859455962575449,0.5298813147036651,0.575583561914294,-0.4888510532988323
7550313979994,-0.5738138561011206,1.4934231110009244,1.4173122820056916,-0.4135742626679557,0.5631947478254038,0.5498970448236571,-0.45758195481765424
7550347279694,-0.5743209381006592,1.5273853662005725,1.4174571947034882,-0.4397579499315252,0.5945392686850437,0.5222722098750027,-0.4246972359878939
7550380557694,-0.5708754659,1.5611479282,1.4181126356,-0.4643813968,0.6237770319,0.4928326011,-0.3903435767
7550413847994,-0.5755268259012717,1.5881767412999879,1.4143359248002136,-0.46805152124445737,0.6287101285158222,0.48851153078691045,-0.38341600390515407
7550447145394,-0.5796313411021197,1.6153098583999987,1.4106306178003443,-0.4716735041433577,0.6335785596171958,0.4841384758842025,-0.3764468760011789
7550480440094,-0.5831862339025432,1.642528331300022,1.4070008085003987,-0.4752459034538435,0.6383803870341143,0.4797151830932461,-0.36943897440623125
7550513715994,-0.5861890868025424,1.669807906200045,1.4034511344003842,-0.4787666665613486,0.6431128515470101,0.47524430209899865,-0.3623964576085747
7550547004294,-0.5886418735021178,1.6971630979000571,1.399981167300308,-0.4822387410385009,0.6477799153191163,0.47072212237489386,-0.3553134692882268
7550580295594,-0.5905427481012698,1.724575155300046,1.3965948331001776,-0.4856607490403987,0.6523797262244437,0.4661503589753047,-0.3481927231865041
7550613583394,-0.5918908119,1.7520276308,1.3932956457,-0.4890317023,0.6569109559,0.4615304172,-0.3410363793
7550646872494,-0.6062200883996774,1.778228307600444,1.3920316353987805,-0.4986425169280224,0.6598442176076644,0.4496123464684006,-0.33735735756700946
7550680162594,-0.619811774399431,1.804833517700752,1.3910914828978898,-0.5081257252325057,0.6626083270101839,0.4375785997784194,-0.3335916985622741
7550713451694,-0.6326494841992805,1.8318187837009159,1.3904670021973748,-0.5174782883484608,0.6652023604268817,0.4254329532974913,-0.32974056926472817
7550746740494,-0.6447187368992445,1.8591613812009289,1.390149595597282,-0.5266980113469948,0.6676257168205398,0.41317827400169055,-0.3258048817558835
7550780030494,-0.656006037699341,1.886838919500784,1.390130379797658,-0.5357829387442633,0.6698778768123016,0.4008171494050804,-0.32178546494642885
7550813320994,-0.6664978839995873,1.914826860700476,1.3904001897985494,-0.5447305384150859,0.6719582020711783,0.38835300258985,-0.317683428221757
7550846608794,-0.6761809587,1.9430981874,1.3909494877,-0.5535376668,0.6738659739,0.3757902384,-0.3135002255
7550879903594,-0.7055571454971896,1.9704808585030444,1.3870481206007037,-0.5711608268139049,0.6664378735684331,0.3606355916042752,-0.31555956752264125
7550913187594,-0.7343833182952686,1.9986058910049755,1.3848187249011947,-0.588435935938415,0.6586127406994381,0.345269706226688,-0.3174291055445181
7550946504094,-0.7626166939942672,2.0274619319058487,1.3842534984014596,-0.6053747627170227,0.65038470497884,0.32968160772148913,-0.31910996494166355
7550979771794,-0.7901107211942163,2.056927785405722,1.385342086701484,-0.6219260912459373,0.6417790603119655,0.3139188183429031,-0.32059717756529926
7551013055394,-0.8168434704951398,2.087007964004659,1.388069681001257,0.6381127265050758,-0.6327848070735433,-0.29796042482904833,0.3218930279531542
7551046345794,-0.8427322398970613,2.1176415771027286,1.392418804400766,0.653920159809155,-0.6234094020811477,-0.2818201630370683,0.32299618836412824
7551079642294,-0.8677033782,2.1487736702,1.398368001,-0.6693384051,0.6136584878,0.2655079663,-0.3239058852
7551112923494,-0.8944919366003257,2.178443433699673,1.4148999383002605,0.6695877181282709,-0.6094640302010104,-0.2705252076509254,0.3271421642777662
7551146214394,-0.9216563493005252,2.20765892949945,1.4316590273004548,0.6698014457881533,-0.605235894163623,-0.2755295044350975,0.33036196485341524
7551179511294,-0.949187978900609,2.236410350299334,1.4486401254005705,0.6699794797959062,-0.6009747084697915,-0.28052000433875557,0.33356472175252677
7551212792294,-0.9770626036005878,2.2646728661993287,1.4658284845005953,0.6701217096060406,-0.5966835171780643,-0.28549316554357346,0.3367481656529131
7551246082394,-1.005295023700472,2.292461824499436,1.4832334218005168,0.6702282453143237,-0.5923593355846521,-0.2904524632477705,0.3399145235524587
7551279370794,-1.033870093200273,2.319762123899659,1.500845788100322,0.6702990348285227,-0.588003786496406,-0.29539601895472917,0.3430625933551156
7551312660894,-1.0627845526,2.3465707302,1.518663764,-0.6703341007,0.5836166739,0.3003240824,-0.3461925387
7551345949794,-1.0875023695982649,2.3691703128022565,1.5154941720970068,0.6531310899079562,-0.57311779257649,-0.32244537754111025,0.3754793652522969
7551379238694,-1.1140190150972424,2.389607212403858,1.5121837987947493,0.6347830025811749,-0.5616141149501765,-0.3440013570214021,0.40410789634724054
7551412529294,-1.1421498669968604,2.407738994904735,1.5087534791934003,0.6153209666921142,-0.5491251304558123,-0.3649552736213726,0.43202933616470807
7551445818894,-1.1716952765970376,2.4234369730048293,1.5052253420931188,0.5947806482261706,-0.5356737177811561,-0.3852686705374643,0.4591924434008746
7551479106794,-1.2024471314976852,2.436591037304094,1.5016220122940462,0.5731986208988108,-0.5212838595499876,-0.4049055855141391,0.4855491175893769
7551512404794,-1.2342008937987066,2.447112594902492,1.4979652623963062,0.5506046974269777,-0.5059753411681175,-0.42383827813019503,0.5110621638243091
7551545687794,-1.2667096853,2.4549205303,1.494281292,-0.5270557404,0.4897867441,0.4420194626,-0.5356678367
7551578975094,-1.284948999799896,2.448643467298846,1.4899900386018403,0.47971292602143706,-0.43683691775596867,-0.489361617625656,0.5827299744205867
7551612269194,-1.3016956173996674,2.4390427193981288,1.4857445107030205,0.427801263723717,-0.3797245967612778,-0.5320625022331444,0.6242634084168964
7551645553794,-1.3163296752994247,2.426473618297838,1.481468081403533,0.3718398405069152,-0.3190207690515916,-0.5696961323139451,0.659853922282845
7551678843994,-1.3283261854992658,2.4113939327979415,1.4770813234034077,0.3123358081115233,-0.25527542386207297,-0.6019228191249943,0.6891804703849203
7551712139194,-1.3372516474992728,2.394360988298385,1.4725109035027086,0.24985413310472124,-0.18909415666468146,-0.6284330891136158,0.7119607886624651
7551745422094,-1.3427870853995056,2.376016193299099,1.467692869001532,0.1850217531112295,-0.12114079097826908,-0.6489632318390828,0.727968806582933
7551778712594,-1.3447495699,2.3570308685,1.4625674486,-0.1184165627,0.0520208925,0.6633316875,-0.7370634079
7551812028194,-1.3483903181007981,2.3713168025996305,1.4617917554011077,0.08592822910559192,-0.02945589089196348,-0.669745278715319,0.73701421395593
7551845289594,-1.3531238117013011,2.385259358899326,1.4611317371018628,0.05335507660546049,-0.00688039609947239,-0.6750755983911401,0.735784501336352
7551878583694,-1.358934024301525,2.3988088386991233,1.4605690473022523,0.020664392509564398,0.015728310193497196,-0.6793290444345133,0.7333741558906742
7551911877694,-1.365782596401486,2.411867445399058,1.4600872400022646,-0.012059333589782215,0.03831172468702395,-0.6824930181267667,0.7297876844898749
7551945158294,-1.3736253137012033,2.424349588699163,1.4596688036018939,-0.04475056798737248,0.060824650379019074,-0.6845618476010209,0.7250329822705684
7551978448794,-1.3824202613007,2.436187071299468,1.459295371401138,-0.077379780087804,0.08324675837544496,-0.6855338362207002,0.7191145292998006
7552011738094,-1.3921115398,2.4473028183,1.4589487314,0.1098837554,-0.1055345908,0.6854066849,-0.712043345
7552045027294,-1.4087966069982831,2.4584411889030315,1.4538718145009268,-0.11528410359132059,0.10579954547787242,-0.6899551949933491,0.7067374763924091
7552078316694,-1.4255488114971475,2.4695162212050543,1.4488775883015381,-0.12067548549782314,0.10605624348760809,-0.694449876781652,0.7013764103925297
7552111605394,-1.4423675707965882,2.4805258466060667,1.4439649036018378,0.1260573323083249,-0.10630465580108958,0.6988902457933676,-0.6959606982159313
7552144895394,-1.4592537477965992,2.491468974506069,1.43913216000183,0.1314295472163539,-0.10654477791265672,0.703276220691428,-0.6904904357252379
7552178183694,-1.4762056494971756,2.502342890405059,1.4343784588015183,0.13679122661969564,-0.10677656952081534,0.7076070647657903,-0.684966544011303
7552211473494,-1.493224713998311,2.5131469324030364,1.4297019852009067,0.14214246753040624,-0.10700003483502485,0.7118828567791174,-0.6793889237349058
7552244763694,-1.510310173,2.5238790512,1.4251015186,0.1474826783,-0.1072151512,0.7161031365,-0.6737582088
7552278085494,-1.5146359771000797,2.5202365896992034,1.4217354884009592,0.14699341243533617,-0.10777484693054963,0.7181765648557397,-0.6715652915106032
7552311341094,-1.518960464400135,2.516618915198672,1.4183665731015962,0.1465037067448036,-0.10833239562293479,0.7202389762934353,-0.6693702809330669
7552344636394,-1.5232974275001643,2.513014537998405,1.414984174201914,0.14601200423740968,-0.10888956560277223,0.7222969070476748,-0.6671661975780674
7552377922394,-1.5276405236001667,2.509428837398403,1.4115933748019123,0.1455190312420296,-0.10944553009147931,0.724347299160638,-0.6649562975775667
7552411210594,-1.531991280700141,2.5058606189986676,1.4081931253015922,0.14502462284475368,-0.11000047617872838,0.7263908434637588,-0.6627398407680039
7552444505794,-1.536350358300086,2.5023094247991997,1.4047830507009547,0.14452871185492205,-0.11055447817162446,0.7284278120039253,-0.660516526292061
7552477788394,-1.5407152176,2.4987773895,1.4013652802,0.1440315992,-0.1111072078,0.7304570079,-0.658287704
7552511079794,-1.5234175907,2.481447013800502,1.406488562801508,0.14985120504710608,-0.11449203996760901,0.7269103745191293,-0.660331353599422
7552544372894,-1.505927694900042,2.4643769295008293,1.4118343577025565,0.15566180852800676,-0.11786993987000123,0.7233184499909107,-0.6623341290795598
7552577656194,-1.4882562347001003,2.4475769847009867,1.417399850603119,0.16146104141384396,-0.1212395305763037,0.7196826943868175,-0.6642952112813437
7552610946394,-1.4703990079001503,2.4310426971009793,1.4231868634031697,0.1672514547953031,-0.12460229457948835,0.7160015149641794,-0.6662154678656006
7552644242294,-1.452361242300167,2.414778732100809,1.4291943157026832,0.17303247478452907,-0.12795789768860485,0.7122752476751383,-0.6680946868808152
7552677524794,-1.4341580755001253,2.3987981714004816,1.4354176345016354,0.17880042988103748,-0.1313042093031602,0.7085062767140093,-0.6699316881223636
7552710815594,-1.4157824516,2.3830943108,1.4418597221,0.1845587343,-0.134643212,0.7046924233,-0.6717275977
7552744104594,-1.4120208965010659,2.367219319099814,1.4384242263999105,0.17504783625939052,-0.12767377751600834,0.7113307619814853,-0.6686300984958261
7552777393994,-1.408654796501759,2.3513085484997247,1.434751255599818,0.16550310206413316,-0.12067966383109338,0.7178321445036845,-0.6654037528162919
7552810683394,-1.4056866132020895,2.3353745518997115,1.430843365099743,0.15592647595782552,-0.11366229543823518,0.7241952029784267,-0.6620491859930957
7552843971294,-1.4031185606020675,2.3194304284997527,1.4267034432997039,0.14632023685584503,-0.10662334244863952,0.7304184340717381,-0.6585672040875703
7552877262294,-1.400952111701704,2.303486363699829,1.4223337770997209,0.1366849062607922,-0.0995631868641921,0.7365014884021597,-0.6549579878154995
7552910550394,-1.399189149901011,2.2875576181999184,1.4177382039998132,0.1270240771540639,-0.09248446147133238,0.7424420962704198,-0.651222881888452
7552943839694,-1.3978306055,2.2716546059,1.4129194021,0.1173384264,-0.0853876621,0.7482398748,-0.6473621726
7552977130294,-1.417395728099914,2.262544461100508,1.4157165291020515,0.1141462590657129,-0.0838694495813217,0.7434868557884955,-0.6535777247106623
7553010419194,-1.4370216237998368,2.2536179228008457,1.4186670278034295,0.11094584357285223,-0.08234513447574443,0.738679293971233,-0.6597447986003684
7553043707694,-1.4567076553997802,2.244877435101012,1.421768151004128,0.10773728877830044,-0.08081476796874136,0.7338173415422057,-0.6658631684789222
7553077001994,-1.4764560880997561,2.23632417100101,1.4250176192041406,0.10452023159544076,-0.07927817647041956,0.7289004382938871,-0.6719335108310495
7553110288594,-1.4962574761997773,2.22796428210084,1.428411166103461,0.10129621419732586,-0.07773609676041458,0.7239309449397109,-0.677952921085559
7553143598394,-1.5161287899998546,2.219792787500502,1.431949060702082,0.09806247631514073,-0.07618720696252664,0.7189045775001085,-0.6839265082474741
7553176871694,-1.5360329151,2.2118268013,1.4356218576,0.0948250592,-0.074634403,0.7138307691,-0.6898431778
7553210154794,-1.5378056858002842,2.207443756999477,1.4277957988003738,0.09456274532082337,-0.07957603723957773,0.7187890676951505,-0.6841548199468969
7553243458194,-1.5396195896004925,2.2031552894991213,1.419920406800625,0.09429256711547726,-0.08451420191919705,0.723691827774414,-0.6784072522263175
7553276739694,-1.5414734022006131,2.198967151398937,1.412007390200753,0.09401488641368487,-0.08944223570158512,0.7285324194786189,-0.6726082079293663
7553310022694,-1.543369452500635,2.194876602098928,1.404052964600756,0.09372953781104183,-0.0943632084828397,0.7333139061740434,-0.666754132824326
7553343312994,-1.5453091375005477,2.190883229399099,1.3960574808006325,0.09343649161109974,-0.09927757396654444,0.7380367079884813,-0.660844462036455
7553376609794,-1.5472934736003394,2.186987420499455,1.3880228738003813,0.0931357741067519,-0.10418480884515803,0.7427002894658006,-0.6548797853154806
7553409896494,-1.5493224859,2.1831912994,1.3799549341,0.0928275585,-0.1090820655,0.7473019361,-0.648863554
7553443181594,-1.5396568655998593,2.1814359669006502,1.3801062517008653,0.09006963069815459,-0.10667153052842931,0.7521290153760525,-0.644057909220957
7553476471694,-1.530002584199758,2.179607762601082,1.380205380701442,0.08730589769145675,-0.10425424903085068,0.7569118039931992,-0.6392129948327576
7553509759494,-1.5203624452997004,2.1777078751012975,1.3802513717017302,0.08453713268205297,-0.10183089772995658,0.7616489810872568,-0.6343301751250305
7553543049694,-1.510735769799691,2.1757368500012957,1.3802433222017298,0.08176311037612762,-0.09940127933317898,0.7663409318133816,-0.6294090527438787
7553576337794,-1.501124537499735,2.173695783501078,1.3801803368014414,0.0789843716648916,-0.09696586762984756,0.7709867405897632,-0.624450586821941
7553609661194,-1.4915186484998366,2.1715831266006456,1.3800613783008637,0.07619795365463072,-0.09452206332757264,0.7755912801740599,-0.6194494471069516
7553642916294,-1.4819486141,2.169406414,1.3798860312,0.073412694,-0.0920776203,0.7801400423,-0.6144215465
7553676205894,-1.4745727720001656,2.169835779699555,1.3775292053994599,0.07636906285038723,-0.09342021392197963,0.7832018515516624,-0.6099469563791373
7553709496194,-1.467195508100273,2.170334138299259,1.3751899373990948,0.07932244486315203,-0.09475910622692676,0.786232457013684,-0.6054479210190021
7553742789594,-1.459816721900324,2.170901344099112,1.3728688273989076,0.08227293327254884,-0.09609433782761574,0.7892319373392429,-0.60092428123013
7553776077194,-1.4524388175003202,2.1715370327991135,1.3705672564989015,0.08521962177967235,-0.09742549912558685,0.7921993748419558,-0.5963774297237232
7553809368294,-1.4450601651002637,2.172241159399263,1.3682853396990795,0.08816321648515009,-0.0987529090217122,0.7951354832295205,-0.5918062804060962
7553842654894,-1.4376829695001563,2.173013325399559,1.3660243808994446,0.09110289249274411,-0.10007619582023604,0.7980394412362083,-0.5872121152028505
7553875941994,-1.4303065538,2.1738533974,1.36378479,0.0940389782,-0.1013955101,0.8009116054,-0.5825944543
7553909238094,-1.4278735053999645,2.1742423699999494,1.3635131111002892,0.0962432558952806,-0.10498562982856029,0.7963099132596928,-0.587882450213065
7553942520994,-1.4254443481999404,2.1746474214999147,1.3632390839004818,0.09844022988295202,-0.10856731243039573,0.7916568455167551,-0.5931290742820597
7553975811194,-1.4230177155999275,2.175068736199898,1.3629623085005784,0.10063110437198373,-0.11214252213361546,0.7869498308860612,-0.5983371952593172
7554009106894,-1.4205938704999268,2.1755062355998978,1.3626825673005782,0.10281561077260527,-0.11571082264977758,0.7821894080444648,-0.6035061604045295
7554042389094,-1.4181743234999382,2.175959594499915,1.3623997910004821,0.10499235886285721,-0.11926994175429444,0.777378630622215,-0.6086326890878193
7554075679794,-1.4157576024999627,2.176429035199949,1.362113564100289,0.10716264345351158,-0.12282199585919083,0.7725146522033146,-0.6137198361731616
7554108976394,-1.4133440256,2.1769144535,1.361823678,0.1093261465,-0.1263664663,0.7675981522,-0.6187668443
7554142256794,-1.4028665840997385,2.1785311352979244,1.3614611400002328,0.10456875305514156,-0.11953603668095553,0.7698479203940364,-0.6181510262743884
7554175547594,-1.3923599740995931,2.1799733520965354,1.3611099070003756,0.09980205617040136,-0.11269453700260806,0.7720408432378145,-0.6174888074180553
7554208837194,-1.381830796899547,2.1812400737958373,1.3607694138004363,0.09502806887663134,-0.10584485771393208,0.7741759609130359,-0.6167804421068112
7554242125594,-1.3712820130995822,2.1823309165958324,1.360438963700422,0.09024714878407028,-0.09898751172658876,0.7762531198962263,-0.6160259885020268
7554275416094,-1.3607155402996813,2.1832456316965243,1.3601178257003395,0.08545917919554041,-0.0921223318435681,0.7782723685144793,-0.6152254262250468
7554308705494,-1.3501353628998263,2.1839838255979127,1.3598053295001964,0.0806649780974347,-0.08525049075024531,0.7802333590427112,-0.6143788900770522
7554341994294,-1.3395442963,2.1845452785,1.3595007658,0.0758648366,-0.078372404,0.782136023,-0.6134864688
7554375284294,-1.3438718268995065,2.1892322832990367,1.3682106791009043,0.07517923901211139,-0.07176721185667115,0.7758891996616315,-0.6222487438093487
7554408572094,-1.3482245668992072,2.1941459173984024,1.3767811268015224,0.07448167121935904,-0.06515098624979862,0.769518781806,-0.6309109874545377
7554441862494,-1.3525992220990848,2.1992842707980924,1.3852085014018445,0.07377213961773768,-0.05852382643518657,0.7630248230602574,-0.6394730272259089
7554475173494,-1.3569942394991212,2.204647586898102,1.3934924546018617,0.07305036161837529,-0.051883199222883716,0.7564047231393278,-0.6479380164169565
7554508440694,-1.3613971591992977,2.210222359198427,1.4016124756015658,0.07231786022345586,-0.04524301291369048,0.7496724651659976,-0.6562883450489796
7554541734794,-1.365813371999597,2.216017221399061,1.409581382200948,0.07157320492364914,-0.03859022460136843,0.7428149109435529,-0.664540502138203
7554575041194,-1.3702369928,2.222026825,1.4173909426,0.0708168224,-0.0319288038,0.7358359694,-0.6726893783
7554608308494,-1.3801024522989063,2.230115933100142,1.410969748298347,0.07027043701927914,-0.03952047199740605,0.7350255890153189,-0.6732292191125586
7554641604294,-1.3901294866981897,2.2380891832002483,1.4046271758972377,0.06971944231919479,-0.04711631460816447,0.7341711967538436,-0.6737298465390072
7554674888594,-1.400303955697844,2.245935573900312,1.3983729321966778,0.06916452781712941,-0.05470675621802154,0.7332738197705946,-0.6741905844455092
7554708177994,-1.410628642397861,2.2536577547003263,1.392205876096671,0.06860545091188157,-0.062295135725174255,0.7323330760523149,-0.6746116467197361
7554741472894,-1.4211014581982313,2.261254488200284,1.3861279583972201,0.06804223570907844,-0.06988109513423196,0.7313489889587573,-0.674992994816653
7554774755494,-1.4317144421989474,2.2687205119001774,1.3801443614983289,0.06747521781047341,-0.077460133048034,0.7303221560093922,-0.6753344143544021
7554808045894,-1.4424716234,2.2760591507,1.3742533922,0.0669040903,-0.0850363821,0.7292520404,-0.6756361127
7554841340994,-1.4294398418994263,2.2740567173013853,1.3806647723992693,0.07161626380102448,-0.08548562684268061,0.7267009629718956,-0.6778414481117365
7554874623694,-1.416444149399051,2.272186446402304,1.3871760592987847,0.07632426589791691,-0.08593182003258625,0.7241263170697069,-0.6800230920109211
7554907913894,-1.4034784218988703,2.2704475641027604,1.3937901201985448,0.08103075189137139,-0.08637521221895651,0.7215266414377352,-0.6821822671820423
7554941203094,-1.3905476283988791,2.268840908302756,1.4005042791985476,0.08573436038859097,-0.0868156746096227,0.7189026805415754,-0.6843183425869667
7554974491994,-1.3776531389990736,2.267366775202293,1.4073176408987924,0.09043503168992677,-0.08725320170431497,0.71625446917808,-0.6864312924233678
7555007782194,-1.3647959750994487,2.2660254197013727,1.4142294933992767,0.09513283268586761,-0.08768779949373297,0.7135819684707088,-0.6885211458180336
7555041071394,-1.3519786596,2.2648172379,1.4212383032,0.0998272821,-0.0881194249,0.7108854651,-0.6905876994
7555074363494,-1.3437444579998892,2.2616928642997958,1.4192232787008923,0.09880565517929975,-0.07858824699245787,0.7051257594831174,-0.6977528167285308
7555107650494,-1.3355335068998333,2.2584108377996626,1.4173772858014866,-0.09776676117434796,0.0690446708994844,-0.6992425925836793,0.7047937929257853
7555140938794,-1.327349029899821,2.254973718199598,1.4157021668017833,-0.09671058477046697,0.05948854560723809,-0.6932358799912341,0.7117107491303395
7555174229594,-1.3191955242998423,2.251384628399601,1.4141999960017824,-0.0956372712649581,0.049921210014034746,-0.6871064434864221,0.7185026934223474
7555207517194,-1.3110791502998866,2.2476475675996705,1.4128730083014842,-0.09454719426029157,0.040345989921410814,-0.6808564173869208,0.7251672690199243
7555240806794,-1.3030033774999428,2.2437654449998043,1.4117228470008898,-0.09344037665953499,0.030763078830163132,-0.6744859342148968,0.7317043484474255
7555274100494,-1.2949724197,2.2397415638,1.4107512236,0.0923169404,-0.021173561,0.6679956913,-0.7381131649
7555307386694,-1.3024712469000077,2.245589980599355,1.413975410401275,-0.0886108757472443,0.017937691729574066,-0.6673058893376591,0.7392761337754638
7555340675094,-1.3099117992000162,2.2515201940989273,1.4171872397021295,-0.08490226015704148,0.014701141725249901,-0.666598675691957,0.7404199404513153
7555373970894,-1.3172944037000234,2.257532548098717,1.4203870349025605,-0.08119060875741127,0.011463489418999098,-0.6658739424740857,0.7415447162470781
7555407255094,-1.3246140556000274,2.263622970298721,1.423572801102565,-0.07747813655795555,0.008226666612767896,-0.6651321254563849,0.742649793642886
7555440544794,-1.3318737351000263,2.2697939332989376,1.4267460083021417,-0.07376303365909395,0.004989094706580081,-0.6643728674426465,0.743735717042991
7555473839394,-1.3390724916000176,2.2760447203993643,1.429906424601287,-0.07004546275816163,0.0017509163003136886,-0.6635961939082375,0.7448024294197791
7555507122194,-1.3462059498,2.282371521,1.4330523014,0.0663273856,0.00148616,0.6628025174,-0.745849371
7555540412494,-1.3388466206001568,2.280991288199262,1.4353549487006785,-0.07152840576587842,0.007543282598251307,-0.6599151540476719,0.747889547670291
7555573706694,-1.3314469923002699,2.279773238898585,1.4376228085012552,-0.07672137276335365,0.016572869401486036,-0.6569475328176377,0.7498393895268018
7555606989994,-1.324013749000343,2.278718302497973,1.439853313401735,-0.08190335266554076,0.025597494005299003,-0.6539013599288166,0.7516978253301235
7555640280294,-1.316546299800381,2.2778262432974263,1.442046116702123,-0.08707650647235436,0.03462091761096485,-0.6507753799727255,0.7534656454714439
7555673576794,-1.3090482224003883,2.277097461396948,1.4441996078024246,-0.09224007757011041,0.04364182851300348,-0.647569999447329,0.7551425393326006
7555706857894,-1.3015278227003693,2.27653256389654,1.4463108915026452,-0.09739009556806329,0.05265328481442818,-0.6442877185257803,0.7567272537977864
7555740148994,-1.2939828102003281,2.2761312030962038,1.4483800938027902,-0.10252987007193126,0.061661074118777685,-0.6409264485432314,0.7582208288086736
7555773438994,-1.2864191455002703,2.275893621995941,1.450405033102865,-0.10765706037873816,0.07066109982511948,-0.6374876859759323,0.7596225487379665
7555806726794,-1.278840544300199,2.2758197687957544,1.4523841959028747,-0.11277087828094198,0.07965197602851645,-0.6339719722791451,0.7609322112323729
7555840017294,-1.2712493612001199,2.275909521295645,1.4543164416028258,-0.1178714569829273,0.08863393753155577,-0.6303792138805764,0.7621498484246263
7555873304894,-1.2636503492000366,2.2761626690956147,1.456200037202723,-0.12295732107892005,0.09760438592961238,-0.6267104508510475,0.7632751088791482
7555906628894,-1.2560380109999545,2.2765794837956648,1.4580357460025724,-0.12803383658726597,0.1065728077372547,-0.6229616814840276,0.7643090453097728
7555939883994,-1.2484398870998776,2.2771580577957975,1.4598164812023797,-0.13308437069435866,0.11550979734403498,-0.6191453155080655,0.7652484010299169
7555973173094,-1.2408359511998106,2.277899494496015,1.46154649830215,-0.1381239637975869,0.12444194594742065,-0.6152501250125969,0.7660961143261634
7556006467694,-1.2332361990997582,2.278802938196317,1.4632229122018896,-0.1431476623969239,0.1333605000469892,-0.6112797829998974,0.7668511920008417
7556039753894,-1.2256472826997247,2.279867402796705,1.464843746001604,-0.14815276319225956,0.14226065874228977,-0.607236437471592,0.7675132394555273
7556073041694,-1.2180703946997145,2.2810924923971827,1.4664082460012993,-0.15314016939512734,0.15114402324439719,-0.6031193857749559,0.7680824039499726
7556106337494,-1.2105075543997326,2.2824777680977495,1.4679154580009806,-0.15811022790759946,0.16001121815600508,-0.5989283032142589,0.7685586857905693
7556139621294,-1.2029667630997833,2.284021547598407,1.469363285000654,-0.16305935510377464,0.168855847150963,-0.5946662277910278,0.7689417579510566
7556172909494,-1.195447750699871,2.285723638999157,1.4707512868003252,-0.1679893971128366,0.17768120415900895,-0.5903316002145871,0.7692317946720321
7556206205894,-1.1879531145,2.2875833511,1.4720784426,0.1729003191,-0.1864872277,0.5859244466,-0.7694287896
7556239493994,-1.1938772115007952,2.2877360683991737,1.467827429300966,-0.16753014611296124,0.17594360324357255,-0.596152665516626,0.7652316629743311
7556272778394,-1.1997739016013587,2.288119660898628,1.4635543227016117,-0.16211665511908188,0.165355030735085,-0.6062234759496017,0.7608344111245117
7556306072994,-1.2056402365016707,2.28873412359836,1.4592626232019352,-0.15665898201318984,0.154719840813494,-0.6161383591370427,0.7562362439166421
7556339356194,-1.2114670447017097,2.289578570898367,1.4549604240019358,-0.1511621003090546,0.14404772339317554,-0.6258882921285813,0.7514413607140389
7556372646894,-1.2172523127014567,2.2906527256986453,1.450650605501613,-0.14562433771149833,0.13333542477842492,-0.635476282445998,0.7464483312419278
7556405936894,-1.222989317800893,2.2919554369991912,1.4463395560009675,-0.1400484983981041,0.12258838134891165,-0.6448974036904026,0.7412596343846521
7556439229194,-1.2286733389,2.2934856415,1.442032218,0.1344355494,-0.111808449,0.6541500688,-0.7358762026
7556472514794,-1.227099813700174,2.291433994199896,1.4412564865998896,-0.13765593420834205,0.1138352961383474,-0.6522715806259476,0.7366370573342421
7556505805494,-1.225509003800321,2.289391306699806,1.4404909916997959,-0.140874262908264,0.11586034573709075,-0.6503807255109011,0.7373843870191781
7556539092594,-1.2239014148004397,2.2873582798997316,1.4397359328997192,-0.14408962490770102,0.1178830225354599,-0.6484779847943629,0.738117928402301
7556572382894,-1.2222768107005313,2.285334663999673,1.4389911536996596,-0.14730261731348082,0.11990370213901669,-0.6465630054064155,0.7388378179179649
7556605671394,-1.2206355279005958,2.2833209286996294,1.4382567640996164,-0.150512697510464,0.12192204353542073,-0.644636109580146,0.7395439333897916
7556638961994,-1.2189774686006336,2.281317002399602,1.4375326745995904,-0.15372018191814205,0.12393824544048852,-0.6426971074997772,0.7402363440142659
7556672251794,-1.217302872100645,2.279323223899591,1.4368189447995814,-0.15692473132539578,0.12595209484517642,-0.6407462032166972,0.7409149759358027
7556705539894,-1.2156118828006295,2.2773398086995966,1.4361155875995897,-0.1601262000285975,0.12796349984659194,-0.6387834872166117,0.7415797996377719
7556738833694,-1.2139042201005885,2.2753664797996196,1.4354224428996147,-0.16332523932952528,0.12997286994619253,-0.6368085575075961,0.742230948129353
7556772119094,-1.2121807089005212,2.2734042329996593,1.434739796399657,-0.16652043562716218,0.13197931704319474,-0.6348222885863745,0.7428681352065857
7556805407794,-1.2104408479004285,2.271452536399717,1.4340673983997172,-0.1697128532321443,0.13398350964602493,-0.6328240218934054,0.7434915762168345
7556838703594,-1.2086845328003106,2.269511332199793,1.433405169099794,-0.17290279572500616,0.13598563813930611,-0.6308135610558507,0.7441013241745771
7556871987994,-1.2069128460001677,2.2675818554998872,1.4327534653998886,-0.17608843203420718,0.13798455344544536,-0.6287920626781787,0.7446970317029046
7556905276094,-1.2051250935,2.2656633854,1.4321119785,0.1792711616,-0.1399811357,0.6267586946,-0.7452790141
7556938571694,-1.1988054499005765,2.259891099399245,1.4314059110009358,-0.17717151024656977,0.14241498296658464,-0.6303838626087517,0.7422562996337906
7556971859494,-1.1924936875009502,2.2541259379987406,1.4306023376015589,-0.17506658744430217,0.14484362717733987,-0.6339876743989115,0.7392101476149919
7557005145094,-1.1861895618011273,2.248367683498487,1.4297012719018691,-0.17295609795345254,0.14726739009777587,-0.6375705849310727,0.7361401043450596
7557038441194,-1.1798914897011143,2.2426148951984852,1.4287024512018678,-0.17083930323745466,0.14968711569670692,-0.6411338366702946,0.7330450895682814
7557071723094,-1.1736049602009178,2.2368725921987367,1.4276067628015556,-0.16871784334469625,0.15210093091585802,-0.6446746735963902,0.7299275041913627
7557105013294,-1.1673265380005442,2.231137642299241,1.4264136348009326,-0.16659035495282395,0.15451039013629228,-0.6481953797271972,0.7267853484192824
7557138301294,-1.1610590219,2.2254126072,1.4251235723,0.1644575745,-0.1569146514,0.651694715,-0.7236196995
7557171590694,-1.1692797080022876,2.2324033820973286,1.4320587985002398,-0.16330219453238706,0.1486226056276788,-0.6381557806184753,0.7375641762047357
7557204881294,-1.1775389193039048,2.2397383461955447,1.4385813416004032,-0.1620736327104814,0.14026369550617712,-0.6243305395068958,0.7511788140928942
7557238204394,-1.1858320371047932,2.2474104569946536,1.444684141300488,-0.16077117639081992,0.13183371328814097,-0.6102117711067021,0.764469813194343
7557271458694,-1.1941213570048967,2.255380845094657,1.4503375740004913,-0.1593994858658268,0.1233621558673095,-0.5958491624887414,0.7773913801727835
7557304749594,-1.202420649804165,2.2636587364955525,1.4555492011004123,-0.15795493245451483,0.11482605445815584,-0.5812040237239259,0.789979176521749
7557338039194,-1.210707981902548,2.2722190644973357,1.4603021858002487,-0.15643969412455527,0.1062388604366818,-0.5662991597924888,0.8022126826806295
7557371328494,-1.2189711332,2.2810454369,1.4645873308,0.1548544168,-0.0976041704,0.5511408448,-0.8140868545
7557404617594,-1.2218569384005513,2.278154630800524,1.468094276799982,-0.15350737492932204,0.09480120743689584,-0.553113413020862,0.8133349674317639
7557437906194,-1.2247665299009194,2.2752633724008793,1.4715810134999707,-0.15215819264244815,0.09199695234309842,-0.5550781658006433,0.8125716430092542
7557471200294,-1.227700392701104,2.272371363601062,1.4750481077999658,-0.15080663736077213,0.0891909338525518,-0.5570353995993536,0.811796710414396
7557504484994,-1.2306571635011048,2.269480121801068,1.4784939556999668,-0.14945333338362143,0.08638444776466168,-0.5589842123152249,0.8110105293442536
7557537773794,-1.2336379885009212,2.2665886976008958,1.481919904799973,-0.14809775150137583,0.08357639567381223,-0.5609253686124415,0.8102127948467661
7557571083794,-1.2366443769005528,2.2636958293005405,1.485327638299984,-0.14673921201109288,0.08076537347859235,-0.56285982927896,0.8094030953049827
7557604353994,-1.2396707535,2.2608070374,1.4887108803,0.1453802288,-0.0779565722,0.56478405,-0.8085829616
7557637642194,-1.2323676530981913,2.247576085599966,1.4768228704010857,-0.1409258762310107,0.07408586710104742,-0.5773625473143548,0.8008143796555399
7557670938094,-1.225254645996943,2.234618288099937,1.464518814101787,-0.13643477631830542,0.07019548990624973,-0.5897976224932471,0.7928410367211758
7557704222494,-1.2183340939962821,2.221955297599917,1.451814941902117,-0.1319106576168845,0.0662886703172022,-0.6020789607220132,0.7846695582540201
7557737512494,-1.2116004913962335,2.20959446599991,1.4387143098020896,-0.12735235190560254,0.06236439592311726,-0.6142097988073331,0.7762978704301023
7557770807194,-1.2050520166968217,2.197549899399919,1.4252269668017186,-0.122761122000808,0.058423759832146725,-0.626186663124897,0.767728229347264
7557804089194,-1.1986897466980695,2.185841078599948,1.4113703628010175,-0.11814054219150359,0.05446982523891699,-0.6380003168210843,0.7589673551381082
7557837380894,-1.1925069094,2.1744730473,1.3971458673,0.1134886816,-0.0505009368,0.6496557593,-0.7500116229
7557870668194,-1.206302579900449,2.1752665787992522,1.4079763877995992,-0.11072611347754081,0.054941726544680165,-0.6470103669250927,0.7523953213370651
7557903957394,-1.2199976632007554,2.176132548198761,1.4189299430993343,-0.10795895846984761,0.05938057164222322,-0.6443389412146033,0.75474905752309
7557937247694,-1.233590770500915,2.1770720984985217,1.4300047178992037,-0.10518738935683535,0.0638171859363651,-0.6416416284711997,0.7570726520699871
7557970537894,-1.247080377500923,2.1780863411985303,1.4411987304992062,-0.1024116169539661,0.06825123163643891,-0.638918632789084,0.7593659267888645
7558003825394,-1.2604644308007762,2.179176317598782,1.4525094849993407,-0.09963196964845512,0.07268218533496372,-0.6361702790909041,0.7616286145887015
7558037115994,-1.27374426420047,2.180343337099274,1.4639373282996053,-0.09684807434201834,0.07711064153280571,-0.6333961980867218,0.7638610185812132
7558070406694,-1.2869176865,2.1815884113,1.4754796028,0.0940602943,-0.0815360248,0.6305967569,-0.7660628557
7558103702594,-1.2841860567999561,2.180710600300141,1.4755657218997917,-0.09531290473993885,0.08000727052994629,-0.6285869226038973,0.7677191983946641
7558136983594,-1.2814560743999155,2.1798336431002707,1.4756683785996045,-0.09656393794141996,0.07847834692683738,-0.626571283006406,0.7693666110929062
7558170272294,-1.278725960999877,2.178957021600388,1.475787632699438,-0.09781422903949141,0.07694823122105034,-0.6245484832873062,0.7710061856644778
7558203566994,-1.275995931999842,2.178080858400492,1.4759234831992925,-0.09906370014521969,0.0754170174212681,-0.6225186442171666,0.7726378157965342
7558236850894,-1.2732674406998103,2.177205672800583,1.4760758521991673,-0.10031170764768604,0.07388549451887397,-0.6204828132261563,0.7742606625029206
7558270140494,-1.2705392097997819,2.176331108400661,1.4762448045990633,-0.10155885704618785,0.07235292001360769,-0.6184400043109581,0.775875514879055
7558303436594,-1.267811249999758,2.175457221900725,1.4764303465989796,-0.1028051645540744,0.07081927291494532,-0.6163901865527263,0.7774823899268097
7558336722794,-1.2650849802997381,2.1745845209007753,1.476632375998917,-0.10405000304894992,0.06928532520732224,-0.6143343925166311,0.7790804802763646
7558370008894,-1.262359673399723,2.1737128255008114,1.476850936298875,-0.10529372635536045,0.06775064190741627,-0.6122720418489261,0.7806702431125977
7558403305094,-1.2596345698997127,2.1728419463008324,1.477086092398854,-0.10653670165487711,0.06621476890300182,-0.6102025217409892,0.7822521447976729
7558436589194,-1.2569115623997074,2.1719725411008386,1.477337675998854,-0.10777808705088847,0.06467874659656422,-0.6081272346137306,0.7838251145577089
7558469876594,-1.2541894657997075,2.1711042842008292,1.4776057861988743,-0.10901844415657154,0.06314188099594945,-0.6060452451412598,0.785389866588336
7558503172394,-1.2514679390997134,2.170237120600804,1.4778904610989159,-0.11025794905780857,0.06160395279266644,-0.6039562530438449,0.7869466195868204
7558536455694,-1.2487487658997254,2.1693716712007634,1.4781915067989781,-0.11149581076539225,0.06006594379280359,-0.6018615931808287,0.7884943812303816
7558569765894,-1.2460288033997435,2.1685069897007057,1.4785092773990614,-0.11273348066205402,0.05852604948701701,-0.5997588041588461,0.7900349616967671
7558603034394,-1.243313727399768,2.167644932700632,1.4788430938991652,-0.11396839736026275,0.056987457882183505,-0.5976522432458138,0.7915651774746704
7558636323694,-1.2405985108997997,2.1667839560005406,1.4791935535992904,-0.11520286875965251,0.05544729567802567,-0.5955379815394599,0.793087894861248
7558669614194,-1.2378848293998383,2.1659246451004326,1.4795604513994365,-0.11643615366492241,0.053906485476651576,-0.593417279963457,0.7946021927883452
7558702903294,-1.2351729695998845,2.165067143800306,1.4799437427996032,-0.11766814265991109,0.05236516407054951,-0.5912903270353197,0.7961079367455747
7558736191794,-1.2324629412999384,2.1642115080001627,1.480343418999791,-0.11889885216452914,0.05082331106877566,-0.5891570948558786,0.7976051476682842
7558769482794,-1.2297545671,2.1633577347,1.4807595015,0.1201283857,-0.0492807999,0.587017417,-0.7990939617
7558802773094,-1.229491603499947,2.1642238677005756,1.4778832484001894,-0.12105641116296106,0.04982111426544895,-0.5886089818436036,0.797748499455016
7558836060194,-1.229231487799899,2.1651022551010928,1.475010759000362,-0.12198368416217639,0.05036110376624994,-0.590197168737604,0.7963987958553075
7558869350494,-1.2289741968998569,2.165993045001552,1.4721415322005178,-0.1229103758659989,0.05090086826896954,-0.5917822644538546,0.7950445852855121
7558902638694,-1.2287197991998198,2.1668960751019535,1.4692760759006565,-0.1238363335641741,0.05144031906936542,-0.5933640077428994,0.7936860905790835
7558935931894,-1.2284682677997876,2.167811518202297,1.466413830700777,-0.12476174965691018,0.051979568067503305,-0.5949427269061226,0.7923230288383452
7558969217894,-1.228219721399761,2.1687390160025823,1.4635558958008794,-0.12568627986430173,0.052518414871759476,-0.5965178349392609,0.7909559075906868
7559002506894,-1.2279741102997397,2.16967882840281,1.4607014457009637,-0.12661020276363924,0.05305702157267106,-0.5980898066340538,0.7895843160919722
7559035803194,-1.2277314308997238,2.17063106050298,1.4578501641010286,-0.12753363215961244,0.05359545457217998,-0.5996588348130876,0.7882080827725559
7559069087194,-1.2274918521997134,2.171595126403093,1.4550037794010748,-0.12845601956517347,0.0541333942757319,-0.6012239879372017,0.7868280263123242
7559102374794,-1.227255285199708,2.1725714592031475,1.4521609809011014,-0.12937780076424865,0.05467109467656858,-0.6027860064308905,0.7854434967121254
7559135671494,-1.227021719299708,2.1735602042031457,1.4493213516011079,-0.13029912276310604,0.05520864137732359,-0.6043451379236385,0.7840542703107315
7559168955994,-1.2267913298997135,2.174560704003086,1.4464867580010943,-0.13121939095803148,0.05574568787641754,-0.6059003768983101,0.7826612440860186
7559202243194,-1.226564038999724,2.17557337770297,1.44365597970106,-0.13213901285577387,0.056282471476712594,-0.607452412486169,0.781263803878503
7559235539194,-1.22633983309974,2.176598393402797,1.4408285505010046,-0.1330581513577504,0.05681908757882361,-0.6090015186935269,0.7798616991960472
7559268831494,-1.2261188234997613,2.1776353449025665,1.438005582800928,-0.13397645625210286,0.0573553317776873,-0.6105471048660914,0.7784554629690985
7559302111994,-1.2259010878997878,2.17868394740228,1.4351878107008296,-0.13489369956380515,0.05789107068399685,-0.6120887887176323,0.7770454481426631
7559335401194,-1.2256865178998195,2.1797448204019365,1.4323735478007091,-0.13581044135745948,0.05842663158257932,-0.6136275118872031,0.7756307945120063
7559368690094,-1.2254751989998567,2.180817656901537,1.4295636067005664,-0.1367264284610864,0.05896186648546157,-0.6151628486019154,0.7742118907384483
7559401980294,-1.225267147199899,2.181902483801081,1.4267579021004009,-0.13764169985814048,0.05949679818552242,-0.6166948641870711,0.7727886761276479
7559435285794,-1.2250623034999466,2.182999741000569,1.423955307100212,-0.13855663476110436,0.06003164848815076,-0.6182241917987341,0.7713605569500395
7559468571894,-1.2248609066,2.1841082573,1.4211587906,0.1394702792,-0.0605658591,0.619749248,-0.7699290514
7559501848694,-1.2463670651992234,2.186157054502504,1.4250341213021844,-0.12001300886974073,0.04523225948564268,-0.6242675392770897,0.7706107706285855
7559535138094,-1.2677471223986032,2.189241811604157,1.4289676752035954,-0.10047217508686335,0.029864136885076064,-0.6283911832025636,0.7708034744568205
7559568426794,-1.288941081398201,2.1933534074049668,1.4329659290042558,-0.08086794779578797,0.014477372282270778,-0.6321156837772224,0.7705066794220236
7559601716994,-1.3098994144980787,2.198481097504941,1.4370370046041938,-0.061211479609805906,-0.0009192798191185018,-0.6354389073883695,0.7697205367311358
7559635006094,-1.3305701615982974,2.204610866304093,1.4411882554034403,-0.04151678752068106,-0.01631483951980919,-0.638358476861903,0.7684455981941447
7559668298994,-1.350906730098918,2.2117275561024394,1.4454277703020302,-0.021793477934407085,-0.03170179362061198,-0.6408729183698115,0.7666824264980381
7559701584794,-1.3708537817,2.219810009,1.4497613907,0.0020605349,0.04706534,0.6429799199,-0.7644328475
7559734873294,-1.3659622873992983,2.222865985700538,1.4456780635014035,-0.024904340636260455,-0.0361529278096921,-0.6483352947741106,0.7600882088142321
7559768169894,-1.3611752182988524,2.226209029200885,1.4416941454023453,-0.047736551324522924,-0.025212964897362713,-0.6532454937681396,0.7552190761231771
7559801452194,-1.3565110876986486,2.2298300337010475,1.4378140829028185,-0.07052609821204972,-0.014260343484612314,-0.6577039113585467,0.7498321659267186
7559834741194,-1.3519819015986747,2.233723640901033,1.4340369057028206,-0.09327167969582827,-0.003295700571594309,-0.6617104449271083,0.7439279664045637
7559868037594,-1.3476022739989173,2.2378818064008485,1.4303638287023501,-0.11595807759246836,0.007673648941789119,-0.6652621314820287,0.7375100919777067
7559901351294,-1.343385295299364,2.242297023400501,1.426794816801407,-0.1385763254670458,0.018643406953878245,-0.6683570714138215,0.730580488713149
7559934609094,-1.3393536806,2.2469494343,1.4233381748,0.1610613316,-0.0295819417,0.6709871888,-0.7231600881
7559967906994,-1.30634382599948,2.2520909669967657,1.4201425323940626,-0.1796243189669384,0.043637167861666736,-0.6690917878412613,0.7198243404192866
7560001190594,-1.273609622599021,2.258766357394674,1.4171024541897985,-0.1980793889939289,0.05766207755957867,-0.6668249097088148,0.7160895057596753
7560034478794,-1.241204845198692,2.2669650202936875,1.4142120683873982,-0.21642677980475342,0.0716568368524253,-0.6641866364150515,0.7119556578350297
7560067767994,-1.2092048180985604,2.2766693597937695,1.4114673131870468,-0.23465426841677073,0.0856121354445757,-0.661178627923695,0.70742544381394
7560101056094,-1.177682391498692,2.2878583123948784,1.4088636241889207,-0.25275056152188746,0.09951932693296049,-0.6578027497130109,0.7025016723732287
7560134347794,-1.146702953499151,2.3005098714969714,1.4063955980931868,-0.27070812622443274,0.11337262811887648,-0.6540603628974885,0.6971863447284962
7560167635294,-1.1163423061,2.3145940304,1.4040584564,0.2885127664,-0.1271610856,0.6499544382,-0.6914836764
7560200924794,-1.1304989751006795,2.315504482897129,1.4053652567002293,-0.24589067022434996,0.09396545319926558,-0.6692169062006759,0.6948791293144962
7560234214994,-1.1444462481013749,2.3179035385952798,1.407000665700436,-0.20245592821703884,0.06045891849149857,-0.6862705152088026,0.6959806723319695
7560267504294,-1.1580164460019307,2.321748422194435,1.4090036862005837,0.15835401770558322,-0.02675370358125183,0.7010581682021948,-0.6947846351339166
7560300792794,-1.1710476075022003,2.326977314294555,1.4114085278006394,0.11373043830061193,0.007039016429782316,0.7135312688291578,-0.6912951381679928
7560334083494,-1.1833859355020473,2.3335107846955796,1.4142443645005756,0.06872845549041555,0.04081072944327238,0.7236496165358611,-0.6855232426808817
7560367372394,-1.194884157501349,2.341250880597428,1.4175341102003682,0.023502021278332348,0.0744458967545819,0.7313785526050669,-0.6774886539578037
7560400666294,-1.2054097652,2.3500862122,1.4212957621,-0.0218087975,0.1078403071,0.7366937995,-0.6672159433
7560433951294,-1.2222720512993412,2.3585657079012887,1.4123517303998736,-0.028101025427861658,0.10859630126561191,0.7391706814175053,-0.664111345674889
7560467239594,-1.2391238470988906,2.3672810461021454,1.4036121309997924,-0.03439230532635359,0.10934629616620335,0.7416064647545058,-0.660969294508751
7560500537794,-1.2559648078986554,2.3762320665025713,1.3950774032997544,-0.04068353122010229,0.11009039375221856,0.7440014623927999,-0.6577893123548905
7560533818494,-1.2727774081986418,2.3854092450025677,1.3867565015997578,-0.046969175017777205,0.11082794204973549,0.7463535839090171,-0.6545742063703213
7560567107794,-1.2895711719988574,2.3948175552021365,1.3786447722998012,-0.053253815415724014,0.11155948074718662,0.7486645589247306,-0.6513216498851583
7560600407594,-1.306343371799308,2.40445554770128,1.3707438437998825,-0.05953745701467449,0.11228500524597863,0.7509343540493514,-0.6480316078075358
7560633686794,-1.3230746984,2.4143118858,1.3630628586,-0.0658138841,0.1130038053,0.7531607747,-0.6447073817
7560666975594,-1.3056428074004642,2.4054740957012464,1.3679241757013736,-0.03517862671518802,0.09948612063607237,0.7524116978301464,-0.6501858295838004
7560700273094,-1.2878478165008316,2.397773220702117,1.3733882906022057,-0.004494833320403001,0.08585027433640634,0.7507954748473212,-0.6549165456900375
7560733555994,-1.2697883033010662,2.391241993102585,1.379443297002542,0.02618068777530077,0.0721215338358544,0.7483152949560212,-0.6588909433887059
7560766861794,-1.2515311886011342,2.385895785902627,1.3860855725024328,0.05684713087095896,0.058300223735009545,0.744970899957666,-0.6621086359808739
7560800134494,-1.2331953551010009,2.381759833602222,1.3932903466019333,0.08741766176668352,0.04442552433479671,0.7407721573608081,-0.6645608595740787
7560833422494,-1.214842776600634,2.3788383981013514,1.4010516838011018,0.1179015831539186,0.030493291232905114,0.7357184848111021,-0.6662489677191562
7560866716994,-1.1965669394,2.3771390915,1.4093495607,0.1482556313,0.0165232085,0.729816258,-0.6671698689
7560900002094,-1.1957155979000562,2.3686286812004247,1.4061983840986745,0.1357792833599059,0.01771988133632851,0.7320168814572114,-0.6673839054677269
7560933290994,-1.195075497900096,2.360114345900711,1.4030050918977974,0.12327952516107975,0.018913821336924805,0.7340992196428622,-0.6674898963716488
7560966581294,-1.1946474419001174,2.351600727200857,1.3997735591973666,0.1107592667683821,0.02010474703889154,0.7360627015677702,-0.6674877402111504
7560999870694,-1.1944320344001198,2.3430924413008603,1.396507687797376,0.09822140116859202,0.021292383039986273,0.7379068706479708,-0.6673774352099987
7561033158794,-1.194429688600102,2.3345936142007195,1.3932112215978218,0.08566811206396449,0.02247652303998169,0.7396314177828219,-0.6671590112679302
7561066449894,-1.1946407144000624,2.3261071678004335,1.3898874542986983,0.0730998108693898,0.023657127942730238,0.7412362771995673,-0.666832467199736
7561099739894,-1.1950652599,2.3176381588,1.3865405321,0.060520079,0.0248338599,0.7427209616,-0.6663978696
7561133030994,-1.2281629677003651,2.3126390626011464,1.383378803296626,0.037297907867008484,0.03463500443708072,0.7423451340888259,-0.6680815701926157
7561166317494,-1.2615102339006208,2.3091584032019963,1.380933748894224,0.014055140662505896,0.04441269112844356,0.7414955926866484,-0.6693386675771561
7561199606294,-1.2950288631007603,2.3072054568024956,1.3792083231928904,-0.009198202241702551,0.05416270921966242,0.7401727718916893,-0.6701686815688124
7561232951894,-1.3286883999007753,2.306787370202594,1.3782033223927186,-0.032485327847254324,0.06389470381286728,0.7383740921250905,-0.6705713014868521
7561266185194,-1.362232354200658,2.3079047601022413,1.3779218945937926,-0.05567334605015155,0.07355321870043847,0.7361110001983925,-0.6705452989510163
7561299474394,-1.3957448486004016,2.3105577929013914,1.378358798196195,-0.07886485645489344,0.08318107129067497,0.7333746851063028,-0.6700916467473059
7561332770294,-1.4290906191,2.3147413731,1.3795115948,-0.1020106897,0.0927577615,0.7301696539,-0.6692101359
7561366057294,-1.4292755069015672,2.303687379999451,1.3829200990987738,-0.0784275198467042,0.08156578858277197,0.731572003652464,-0.6723083739888153
7561399342294,-1.4289871370025982,2.2926528610990107,1.3863817466979138,-0.054791427626783906,0.07031797387802852,0.7324673825354006,-0.6749406014828618
7561432638894,-1.4282277842030977,2.281656642598722,1.3899068865974478,-0.03110911470847299,0.059017490774500386,0.732855275232118,-0.6771058294898912
7561465923294,-1.427001905103074,2.270729783798632,1.3935017329974009,-0.007413918090490934,0.04768024757209732,0.7327351493515134,-0.6788010229182234
7561499210494,-1.4253143396025396,2.259890351198785,1.3971764140977967,0.01628840902767175,0.036309009765843475,0.732107249215138,-0.6800259694951473
7561532500894,-1.4231714175015087,2.249161015099226,1.4009393144986562,0.03998172464659563,0.024911513362015393,0.7309718651319519,-0.6807797078217105
7561565804394,-1.4205799103,2.2385611534,1.4047996998,0.0636566356,0.0134922564,0.7293291092,-0.6810616255
7561599079194,-1.4087871621979078,2.224497064701904,1.400809679299063,0.04218643516221744,0.033051365576327464,0.7272674966257311,-0.6842586501269724
7561632368494,-1.3978469865964125,2.209746757503043,1.3968302069985512,0.020670664757969224,0.05259061959219091,0.7245806177747645,-0.6868696227775064
7561665657394,-1.387802906295581,2.1943675775034897,1.3928699044983999,-0.0008625976434832284,0.07208447771217766,0.7212715507941794,-0.6888907271935277
7561698948094,-1.378689327095473,2.1784118169033246,1.3889352794985408,-0.022396283346409328,0.0915174836337574,0.7173428795190384,-0.6903203241140642
7561732238194,-1.3705387720961424,2.161935920702629,1.385033296598903,-0.043910347145866405,0.11087154454357742,0.7127982276607191,-0.6911570506533147
7561765525594,-1.3633801173976376,2.1449981105014917,1.381170763599414,-0.06538496145270148,0.13012883257136937,0.7076418757194449,-0.6914002238050745
7561798816194,-1.3572372198,2.1276540756,1.3773534298,-0.0868054926,0.1492762268,0.7018773556,-0.691049695
7561832105394,-1.3668474002024016,2.1394115641007883,1.391778584098172,0.15782310927489604,-0.19404675448451805,-0.6797736121492124,0.6894530872209086
7561865397694,-1.3737420285039592,2.152777524601248,1.406358567997378,0.22765732796563903,-0.23735831984761163,-0.6525423004801876,0.6826578316453191
7561898684294,-1.3776854101046903,2.16727210960141,1.4209519752973967,0.29576342658682836,-0.2788731636445722,-0.6203964521115591,0.6707175234775632
7561931973694,-1.3785335363046225,2.182388684401315,1.435424510997965,0.36164553858090603,-0.3182891221166649,-0.5835708620848726,0.6537198085512231
7561965268594,-1.37623308090379,2.1975996666010125,1.4496429165987919,0.4248113452002554,-0.35531136341242575,-0.542338505200194,0.6317896024756754
7561998552794,-1.370828421502234,2.2123660515005557,1.4634737226995713,0.4847546855008829,-0.3896434082938519,-0.4970312310889199,0.6051040113735189
7562031840694,-1.3624541759,2.2261760235,1.4768079519,-0.5410506129,0.4210421443,0.4479723275,-0.573854208
7562065137294,-1.3681164459005744,2.229507505899654,1.4726885535005119,0.5406350588082557,-0.420887750990008,-0.4484734436862117,0.5739675988783665
7562098443694,-1.3737815992009574,2.2328345956994227,1.4685652741008532,0.5402191633450458,-0.4207331417258865,-0.448974525717988,0.5740807907120318
7562131708494,-1.3794408833011487,2.2361521653993073,1.4644444785010238,0.539803538946812,-0.4205785320345015,-0.44947477542071573,0.5741935771085379
7562165005594,-1.3851068623011484,2.239467586899307,1.4603170109010242,0.5393872624768749,-0.4204235786872469,-0.4499753039636341,0.5743062087287114
7562198305194,-1.3907744592009568,2.2427778837994223,1.4561865587008533,0.5389707063540212,-0.4202684200546499,-0.45047566282926726,0.5744185843055117
7562231576694,-1.3964384566005743,2.2460800198996527,1.4520569182005123,0.5385542537924302,-0.4201131990138809,-0.45097539227896727,0.5745306008344845
7562264867294,-1.4021068811,2.2493786812,1.4479222298,-0.5381373167,0.4199576974,0.451475203,-0.5746424198
7562298170794,-1.4164473295006355,2.245647487601612,1.4467234158997424,0.5014462079109032,-0.39708122693284725,-0.48177454250277685,0.5989753667602034
7562331446094,-1.4302309539012106,2.2403174996026096,1.4452278747996146,0.46309354159620836,-0.37288379011809125,-0.5104220634950043,0.6212659397524944
7562364734894,-1.4432904052016275,2.2334581133030245,1.443435633699592,0.42316190798794295,-0.34741767450803585,-0.5373579857921714,0.6414681240504572
7562398023994,-1.4554449038017938,2.225166731102903,1.441352919599648,0.38180099189221234,-0.3207781780081428,-0.5624796129062068,0.6595043958676721
7562431314594,-1.4665318423016256,2.2155579164023074,1.4389892554997548,0.3391488647970349,-0.2930542084089623,-0.585702866125405,0.6753143201896173
7562464602494,-1.4764013386010484,2.204765691801311,1.4363583653998822,0.29535499417812766,-0.264342932889047,-0.6069465038022913,0.6888426400621772
7562497892194,-1.4849226475,2.1929373741,1.4334769249,-0.2505614161,0.2347374856,0.6261417866,-0.7000456452
7562531181994,-1.4476341735988152,2.1675139628007227,1.4337961928993086,0.15232793637856526,-0.15330306199794735,-0.65658932291853,0.722623575598034
7562564529494,-1.4049045457982403,2.152762277401313,1.4344846307004548,0.051219245774319626,-0.06900504830059426,-0.6754256153900868,0.7324036661884381
7562597762294,-1.3599660342981756,2.1497582901016394,1.435692928402523,-0.05044971112483653,0.016225310096074752,-0.6822504230921485,0.72919539641326
7562631050494,-1.3157612028984798,2.1586573172016403,1.437544310904491,-0.1513941042120724,0.10130969348999574,-0.6770095418329418,0.7130738050734564
7562664340094,-1.2754740862989917,2.178837007001315,1.440110646705314,-0.2496603758233405,0.18460266850487664,-0.6597734506830037,0.6843175763477576
7562697637894,-1.2419349818995487,2.20887133630073,1.4434156299040561,-0.3435256012059505,0.2646440469036649,-0.6308389772495177,0.6434251118330117
7562730918694,-1.2175248861,2.2466051579,1.4474272728,0.4312582612,-0.339957118,0.5907450318,-0.5911563039
7562764207094,-1.2071756513012206,2.2641838460001606,1.4464374768967636,-0.45225190160272644,0.3631088495104872,-0.5748071680646801,0.5772494265439775
7562797504794,-1.198168659402059,2.2824855287001693,1.445318495094475,-0.4726070585897677,0.3857497065915468,-0.5580458972610959,0.5625162296198413
7562830785594,-1.190560277202495,2.3013917123000818,1.4440634906932264,-0.4922789613053758,0.4078298228945828,-0.5404985481899185,0.5469895604291403
7562864074694,-1.1843860103025148,2.320809118299958,1.4426645820930954,-0.5112547452919555,0.4293346794722428,-0.5221771363856933,0.5306800888058282
7562897371594,-1.1796806376021078,2.34062752969986,1.4411155166941492,0.5295065824097941,-0.4502328938748562,0.5031074813123058,-0.5136107307147705
7562930654194,-1.1764721100012694,2.3607211837998525,1.4394120531964376,0.5469965873038355,-0.47048102285605825,0.48332960611479,-0.4958173378001182
7562963943194,-1.1747746468,2.3809883595,1.4375487566,0.5637109876,-0.4900630414,0.4628596306,-0.4773144424
7562997233294,-1.1945303272990115,2.372120711099378,1.4317178140964695,0.5570291470879554,-0.48075177584785256,0.47316527732273944,-0.4844696890928227
7563030523394,-1.2145796288983932,2.363955102398954,1.4258637276941764,0.5501864575962297,-0.4713016871752925,0.4833342918438264,-0.49148503931580845
7563063812594,-1.234898592798122,2.3565012220987342,1.419992256093087,0.543185092766276,-0.46171577086985205,0.49336347413111437,-0.49835828910516544
7563097100994,-1.2554635437981725,2.349767667998725,1.4141090025931653,0.5360270653752212,-0.4519967761973157,0.5032499692535507,-0.5050874854307544
7563130390294,-1.2762515326985198,2.3437619423989298,1.4082192998943717,0.5287140758485639,-0.44214701249455957,0.5129914268424665,-0.5116710284234055
7563163681894,-1.2972392049991381,2.3384909007993544,1.4023285408966648,0.5212479061357503,-0.43216889110331475,0.5225854226440346,-0.5181072726295037
7563196968794,-1.3183976412,2.3339617252,1.3964436054,0.5136322975,-0.4220674038,0.532027185,-0.5243930221
7563230258194,-1.3336525522030036,2.302213573802658,1.4071201304032346,-0.47715399493314337,0.3713020143105171,-0.5561495053385898,0.5702250494321838
7563263564594,-1.3540731711047533,2.2733312226048916,1.4173590097054227,-0.4375101325406746,0.31806191010703627,-0.576616145929914,0.6123196269239107
7563296838194,-1.3790867697053453,2.2481371109063732,1.4269995189064764,-0.39502323665981537,0.26277896801171113,-0.5932643605393797,0.6503393383329233
7563330127794,-1.4080664529049383,2.227276660906821,1.4359259649063796,-0.34991324766519705,0.20573811690726232,-0.6060116948309049,0.6840923710201878
7563363416994,-1.44023653370374,2.211334005606007,1.444022076205182,-0.3024977966569329,0.1473420917974527,-0.6147651301945347,0.7133366846723564
7563396710094,-1.4747532217020003,2.2007494364037656,1.4511992106029983,-0.25308293996695874,0.08796805989959017,-0.6194674688907287,0.7378825793588687
7563430024194,-1.5107256174,2.1958243847,1.4573945999,0.20196715,-0.0279762503,0.6200855374,-0.7575753927
7563463285194,-1.4997394616007245,2.1853914199993545,1.4565668383005737,-0.19069188368731793,0.021477132710953077,-0.6167524177147193,0.7634080124738977
7563496573494,-1.4890357311012272,2.1746453007989412,1.4558207165009456,-0.17936640488764946,0.014968068017368275,-0.6132840910104008,0.769081447865604
7563529881194,-1.4786255862014956,2.163596891398751,1.4551604087011225,-0.16799575529562757,0.008451991324293426,-0.609681862832856,0.7745928066913379
7563563153894,-1.468533559101518,2.152273643398773,1.4545906783011093,-0.15660097389680142,0.001940946230697197,-0.6059524824314908,0.7799320205873181
7563596441594,-1.4587516843012833,2.140668245498996,1.4541142569009133,-0.14516741879460054,-0.004573450862721412,-0.6020912651154464,0.7851061154642732
7563629738094,-1.449289331800781,2.128792251599409,1.453734923700541,-0.13369964050174143,-0.011088587056475575,-0.5980996201381511,0.7901128360920329
7563663023394,-1.4401590824,2.1166627407,1.4534564018,0.1222070009,0.0175991505,0.5939808488,-0.7949481606
7563696309994,-1.4353223185995232,2.1130866130003247,1.4566973203997577,-0.09956725799564475,-0.018238118154780523,-0.6014635381232137,0.792461572878904
7563729600294,-1.4305304774991912,2.109287538900543,1.4597472711995882,-0.07686773108930887,-0.01886666645993733,-0.6086011076130139,0.7895188994736504
7563762891594,-1.4257971740990123,2.1052706898006526,1.462603925199497,-0.0541233008839728,-0.019484379865510514,-0.6153887671077503,0.7861219323745412
7563796177794,-1.4211363435989959,2.101042252100653,1.4652651988994883,-0.03135122418076491,-0.020090791772575587,-0.6218214337407667,0.7822733316232221
7563829468394,-1.4165595686991497,2.096606924500544,1.4677307104995665,-0.008558103374334188,-0.02068572677844072,-0.627897253828419,0.7779742272138659
7563862777094,-1.412077785799482,2.0919690531003257,1.4700005786997359,0.014252334931884813,-0.021269075485357444,-0.633614866440594,0.773224869234336
7563896080294,-1.4077067375,2.0871386528,1.4720728397,-0.0370508023,0.0218400825,0.6389667392,-0.7680311203
7563929335994,-1.4512568460019886,2.1152069725007028,1.4711409258008818,0.11679658872535968,-0.0754613728969334,-0.634859558774659,0.7600114990545042
7563962625094,-1.4886902877032242,2.151115572201491,1.4711130767003768,0.19553252562318393,-0.12843230810737732,-0.6248251471987305,0.7448930856745253
7563995915194,-1.5185651071037305,2.1935155421021704,1.4718810175991037,0.27244553532494686,-0.18020592121886966,-0.6089577276193919,0.7228206846872801
7564029205894,-1.5397654533035634,2.240838529502542,1.4733054105977461,0.3468165563135025,-0.23029818181968217,-0.5874051980099251,0.6940001131615993
7564062494894,-1.5514985663028082,2.2913294629024152,1.4752222959970045,0.4179463606321319,-0.278238126438244,-0.5603705106468378,0.658702721588346
7564095783694,-1.5533267179015762,2.3431207722016167,1.4774495481975543,0.48517446739659326,-0.3235806025182374,-0.5281052718133309,0.6172569576305595
7564129073894,-1.5451793671,2.3942968845,1.4797935486,-0.5478762984,0.365904361,0.4909088314,-0.5700473785
7564162366594,-1.5543042684983999,2.419424250700647,1.4796032456017303,0.5505781711109966,-0.380497405632972,-0.4878563995411935,0.560429777250773
7564195650994,-1.562658241397318,2.444806116201058,1.4790552133028934,0.5531020923949813,-0.39496429852604975,-0.48464764593035425,0.550634123145565
7564228939694,-1.5702308901967639,2.4704258016012424,1.4781610260034828,0.5554482549855941,-0.4093058917236358,-0.48128243362580464,0.5406599135473249
7564262236194,-1.577009889496748,2.496259573501215,1.4769325692034916,0.5576160526581303,-0.4235190041074222,-0.47776140780617676,0.5305092159320918
7564295519794,-1.5829795425972775,2.5222645134009887,1.4753832761029166,0.5596034809634008,-0.4375902548159224,-0.4740879264150301,0.5201916483482582
7564328808094,-1.5881326784983594,2.5484272613005783,1.4735254528017532,0.561411017362547,-0.4515226036200835,-0.47026128661886946,0.5097051405583982
7564362104694,-1.5924597979,2.5747234821,1.4713721275,-0.5630381703,0.4653129876,0.4662822187,-0.4990518391
7564395391094,-1.5944570526978843,2.562813095800314,1.4653164173999176,0.527129726075169,-0.45159473941682166,-0.49571481870527756,0.5219801353834879
7564428675894,-1.5950394194965167,2.5507116499005464,1.4593401073002419,0.48971046919729655,-0.4365813517139766,-0.5237236096972859,0.5434095696063934
7564461966694,-1.5941978705958828,2.5385621507006815,1.453487959800747,0.4508789597234325,-0.42031223211275454,-0.5502343101968031,0.5632832281342643
7564495256394,-1.5919397261959574,2.526513523400706,1.447805928801204,0.4107546159211395,-0.4028372659821186,-0.5751648488607549,0.5815394907231272
7564528544394,-1.5882889102967022,2.5147111552006076,1.4423368216013812,-0.3694534778451768,0.38420707247432234,0.5984434266598626,-0.5981258381447971
7564561834694,-1.5832846325980692,2.5032960095003753,1.4371202766010527,-0.32708909655565516,0.36447285544997887,0.6200059802366663,-0.6129966109411331
7564595142994,-1.5769785643,2.492401123,1.4321914911,-0.2837622464,0.3436810076,0.6397991776,-0.6261145473
7564628413494,-1.5549458843053645,2.4525685725944886,1.4237672005998532,-0.22923372877241172,0.30588346933950245,0.6628570773679078,-0.6438227207556452
7564661702294,-1.5272657105082523,2.416190261390419,1.4162959071983905,-0.17347143915190627,0.26645881492644613,0.6824466067585698,-0.658159546516097
7564694991394,-1.4945242766090048,2.3840634031880996,1.4098697215964475,-0.1167973847448031,0.22563407063888297,0.6984513511096501,-0.6690391223365092
7564728281394,-1.4574030420080455,2.356873246587773,1.4045539421948596,-0.05950822472656805,0.18362289253735428,0.7107873263163117,-0.6764043031162772
7564761569694,-1.4166792258058631,2.3352036806896033,1.4003909934944345,-0.0019093879080098637,0.14064928363629928,0.7193889018109126,-0.6802159518871207
7564794860794,-1.3731970493029928,2.3195182273936785,1.3973982346959237,0.05570431621213612,0.09693316044384463,0.7242118648416829,-0.6804543822948298
7564828149794,-1.3278704882,2.3101599216,1.3955694437,0.1130217612,0.0527105741,0.7252300382,-0.6771181822
7564861459694,-1.3146131367999443,2.3021142935997485,1.4081464971998248,0.11560921842188035,0.0537346358514103,0.7056947140285856,-0.6969519840834886
7564894732994,-1.3015009613000064,2.2947265833995054,1.4212342348997888,-0.11810348700391432,-0.054715580150898765,-0.6856293619737357,0.7162193446464253
7564928017794,-1.288515632600128,2.288013909099319,1.4348133552998463,-0.12050632679666168,-0.055654106554738576,-0.6650212997831685,0.7349336816749356
7564961307394,-1.2756602241002482,2.2820045384992356,1.4488423254999485,-0.1228153081924764,-0.056549261159342855,-0.643890391307383,0.7530761881230509
7564994602394,-1.2629345156003076,2.2767229170992977,1.4632810256000444,-0.12502862388265948,-0.057400339960688836,-0.6222525410004893,0.7706327396372674
7565027886694,-1.250344168400245,2.272193368199541,1.47808054090008,-0.127143496671269,-0.05820627696063865,-0.6001352431859207,0.7875812659419728
7565061174294,-1.2378829718,2.2684333324,1.4932039976,0.1291591972,0.0589667968,0.5775466561,-0.8039158583
7565094471594,-1.2313192544005462,2.2618434506998253,1.4870130084997721,-0.1298371604574195,-0.04117325146485239,-0.5931978688521771,0.7934502905144101
7565127753294,-1.2247868976009397,2.255636413899693,1.4804159365996112,-0.13042767596615681,-0.023360410672961934,-0.6084436715822038,0.782457162448415
7565161042294,-1.2183038230011616,2.249819875799613,1.473422176099523,-0.13093078446877174,-0.005527985379024916,-0.6232844605825114,0.7709364774431218
7565194333194,-1.2118933973011952,2.2444059586995944,1.4660475410995135,-0.13134603036892203,0.012309168414659106,-0.6377076972690435,0.7588976199218705
7565227621494,-1.2055785821010232,2.239405315999647,1.4583089047995874,-0.1316730814740414,0.030136667208670774,-0.6517017645778398,0.7463503138277723
7565260910194,-1.19938064040063,2.234826282099779,1.4502224484997486,-0.13191175647286293,0.04794415220080788,-0.6652585727534273,0.7333019010967196
7565294200594,-1.1933208704,2.2306764126,1.4418056011,0.1320618987,-0.0657203645,0.6783695221,-0.7197605968
7565327490594,-1.1824083378010317,2.2105261635995213,1.4363899162993679,-0.1329494401913823,0.06972462239452071,-0.6725057201924967,0.7247061333348235
7565360780494,-1.1713837918016983,2.1903589575992037,1.4312727495989388,-0.13382692189714604,0.07372359389042185,-0.66659106388745,0.7295968340287756
7565394068594,-1.160247012002012,2.1701813228990465,1.4264543009987172,-0.1346942310996358,0.07771677148430876,-0.6606262946667149,0.7344320706052131
7565427357594,-1.1489963410019863,2.1499971238990483,1.4219340411987078,-0.13555137301104983,0.08170417698328684,-0.6546113819899304,0.7392118717306537
7565460648794,-1.1376305991016338,2.1298110748992087,1.4177116189989152,-0.13639831471139197,0.08568566367548502,-0.6485465391600087,0.7439360545960649
7565493936494,-1.1261510494009672,2.1096321344995257,1.413787433099344,-0.13723484782170442,0.08966024907381887,-0.6424332662779111,0.7486034562162193
7565527227294,-1.1145547628,2.0894618034,1.4101603031,0.1380610764,-0.0936284214,0.6362708211,-0.7532146573
7565560521194,-1.0908383379002367,2.0707746572018157,1.4158389022046332,-0.16769492301666555,0.09859695157628112,-0.6316368575826914,0.7504611476134937
7565593806194,-1.0663659883005558,2.053355697003083,1.4222501579077527,-0.19716463850373206,0.10347230858177577,-0.6264157482831177,0.7470093018051062
7565627098994,-1.041216048300864,2.0372333277037655,1.4294203810093304,-0.22645755229348807,0.1082523987883312,-0.620609761792421,0.7428606321065673
7565660384294,-1.0154931159010636,2.0224473273038286,1.437366588409347,-0.2555329172901858,0.11293057219747533,-0.6142269661177625,0.7380208995266238
7565693674694,-0.989282738101055,2.00901934510324,1.4461091122077938,-0.28437467126310095,0.11750425169593809,-0.6072709547883204,0.7324928563800897
7565726969494,-0.9626823106007352,1.9969725749019716,1.455662558704673,-0.3129552286797746,0.12196903371183142,-0.5997481113504038,0.7262814761433859
7565760252194,-0.9358035922,1.9863296747,1.4660333395,0.3412339091,-0.1263185889,0.5916693807,-0.7193958759
7565793541094,-0.9346885527010532,1.9751638755001992,1.4642787895987557,-0.3233650746587659,0.11006305181411324,-0.6006150429166919,0.7228988334051141
7565826837994,-0.934133224801762,1.9639821479003878,1.4623502135979534,-0.3052733357608466,0.09372920111668138,-0.6091568070983405,0.7259139147979115
7565860119694,-0.9341382299021198,1.9528227078005322,1.4602507088975794,-0.2869835820712181,0.07733947272148681,-0.6172830683958707,0.7284371236095218
7565893409094,-0.9347022845021239,1.9417082488005986,1.4579810509976163,-0.2684956613753199,0.060893689224285015,-0.6249940646793121,0.7304686561043654
7565926720694,-0.9358237753017713,1.9306642811005539,1.4555426466980468,-0.24981376888055257,0.044395744427310486,-0.6322873749636108,0.7320073594002079
7565959987694,-0.937495781201063,1.919742894800365,1.4529436247988483,-0.23098816009732337,0.02788989853176398,-0.6391438777778745,0.7330496074303585
7565993276994,-0.9397155046,1.9089517593,1.4501824379,0.211993888,-0.0113541484,0.6455731988,-0.7335973382
7566026567594,-0.969451141499345,1.9068897723007725,1.4454922722980126,-0.16540988180268845,-0.00745015396553915,-0.6504667922670552,0.7412671707054872
7566059857594,-0.9993898721988351,1.9077131087014318,1.4418290401962117,-0.11839560861052881,-0.026234699164896305,-0.6536649812141082,0.7470048947335148
7566093144894,-1.0292168357985167,1.9114214797018816,1.439206555094896,-0.07107660230714295,-0.044949353560961386,-0.655159437809127,0.7507954337025183
7566126435194,-1.058625306798434,1.9179856908020352,1.4376272778943537,-0.023568089505762512,-0.0635485425544239,-0.6549464998046461,0.7526295305725783
7566159723794,-1.0873036785986288,1.9273453681018144,1.4370835182948585,0.02399942239547749,-0.08198116245132037,-0.6530266521479606,0.7525020320984125
7566193045494,-1.11498052059914,1.9394253445011531,1.4375573752966666,0.07155155229771755,-0.1002181222426591,-0.6494004856537154,0.7504103627820322
7566226302794,-1.141287446,1.9540696144,1.4390166998,-0.1188255623,0.118158929,0.6440904737,-0.746368885
7566259593194,-1.1244667453994683,1.9503786642003798,1.4421080821987646,0.07658158209530821,-0.08365319324051516,-0.651237526240954,0.7503513103606919
7566292882294,-1.1073535977991924,1.9485477149006494,1.4452512731981684,0.03410629749361937,-0.04889433954977507,-0.6564032919336923,0.7520510769687656
7566326171794,-1.0901536493991264,1.9485973301007917,1.448454163398083,-0.008473246807456888,-0.01398633405773187,-0.6595723691223613,0.7514631570732402
7566359465794,-1.0730723743992225,1.950525796600796,1.4517241687983706,-0.051032760504813625,0.020968940034089306,-0.6607350648766573,0.7485887622396856
7566392750694,-1.0563227864994322,1.9543069673006606,1.4550661352988858,-0.09342543480818505,0.055850891630079544,-0.6598877840121589,0.7434382815987814
7566426041494,-1.040099404299707,1.9598947692003907,1.4584868686994794,-0.13554142110418735,0.09056912492375785,-0.6570330120878181,0.736025392090797
7566459334294,-1.024600029,1.9672197104,1.4619903564,0.1772475541,-0.1250138879,0.6521790624,-0.7263727188
7566492618494,-1.0008604860003738,1.9707734284000857,1.4528036720987698,-0.21433189821252704,0.14981818992239354,-0.6476372424071315,0.7156691621302953
7566525907394,-0.9774414257006281,1.9765506240001516,1.4439183999979444,-0.2509657764129228,0.17430745811734644,-0.6417178176994242,0.70344248632082
7566559203294,-0.9545459710007597,1.9845115378001916,1.4353465746975342,-0.2870735565209794,0.1984311261175915,-0.6344322366103353,0.6897170423323671
7566592486694,-0.9323873841007652,1.9945911112002002,1.4271029423975432,-0.3225574742137364,0.222123880707292,-0.625800589988475,0.6745304137090218
7566625775594,-0.9111472566006421,2.0067162300001726,1.4191899840979665,-0.3573614552240249,0.24534828540912615,-0.6158369904012114,0.657907144223672
7566659065894,-0.891014473700388,2.0207907568001064,1.411612997298792,-0.3914069945279913,0.2680519502066934,-0.6045634375010799,0.6398841822250582
7566692367594,-0.8721603155,2.0367081165,1.4043712616,0.4246314764,-0.2901931107,0.5919998288,-0.62049371
7566725643194,-0.8958379859010827,2.0227313043030204,1.4184713943978062,-0.37185323071690296,0.24971388550298773,-0.6103447579761291,0.6533356155939021
7566758933994,-0.9212336371014028,2.012666746005034,1.4329432204963095,-0.3168781343341931,0.20775709402382705,-0.625131714004481,0.6823749541194165
7566792223894,-0.9477189308011968,2.0067393996059883,1.447742287295571,-0.26005257963495815,0.1645872327339251,-0.6362647925047866,0.7074254819166705
7566825511794,-0.9746502360007114,2.005069944105884,1.4628227273956098,-0.2017107554388665,0.12045815684610485,-0.6436790446135591,0.7283405049253384
7566858801494,-1.0013775356001942,2.007679793804773,1.478134333296406,-0.14218697973697722,0.07562273875489392,-0.6473320193012486,0.745000215411951
7566892115194,-1.0272692521998834,2.014497296202759,1.493630202297903,-0.08178850944036256,0.030312629066437426,-0.6472004064092315,0.7573132893237317
7566925380894,-1.0516424179,2.0253269672,1.5092153549,0.0209992528,0.015109349,0.6432893872,-0.7651860118
7566958670094,-1.0823646412010175,2.0364781848971036,1.499751112203125,0.028967614454188693,-0.05483853063888623,-0.6470925851236453,0.7598847275397758
7566991959394,-1.1114451162018735,2.0515896453951914,1.490599433104711,0.07881535094374953,-0.09434202474484184,-0.6482313146669948,0.7514545132659441
7567025279194,-1.1384168571024529,2.0704341811942757,1.481806717805019,0.12838371264154502,-0.13349265796070692,-0.6466982047991299,0.7399180795929654
7567058538194,-1.162753913802647,2.092648235094346,1.4734447144043525,0.17733358394190804,-0.1720227662770888,-0.6425073995255075,0.7253586764102752
7567091831994,-1.1841165698023586,2.1179285534953647,1.465530262503049,0.22560458302869224,-0.2098849775790148,-0.635667239104643,0.7077980145720861
7567125116794,-1.2021099760015004,2.1458323256972744,1.4581081503014721,0.27293370743453393,-0.2468728437971009,-0.6262117992377103,0.6873279950918937
7567158406594,-1.2164342403,2.1759142876,1.4512009621,-0.3191461265,0.2828497589,0.6141765118,-0.6640248299
7567191700694,-1.252489729505063,2.228527571096274,1.453125437588606,0.36716559384621617,-0.329193477594558,-0.5790697402437294,0.6492297874703659
7567224985594,-1.2802447825086218,2.2859638399942606,1.4537135610819605,0.4130046073775441,-0.37358133649785,-0.5405546658633901,0.6306067177874967
7567258274894,-1.2991021204104627,2.3469075569937012,1.452737886279652,0.45641174528778,-0.4157698398814183,-0.498843672052215,0.6082587852730157
7567291570194,-1.3086578160104745,2.4099423131943074,1.4500064668810992,0.4971316343096783,-0.4555108607752961,-0.4541795626530668,0.5823151369770547
7567324853794,-1.308727992208652,2.47356470479577,1.4453714990855644,0.5349030203109598,-0.49254938045036517,-0.406850411335328,0.5529435861608747
7567358141894,-1.2993581464050945,2.536321739497772,1.4387265417921846,0.5695222584285404,-0.5266856440409133,-0.35711345463054683,0.5203043436658005
7567391432194,-1.2808110714,2.596745491,1.4300140142,-0.6007816792,0.5577149391,0.3052650392,-0.4845913947
7567424720494,-1.289999031302701,2.6197799264985773,1.4312526523043838,0.6004784616672016,-0.5569940430676247,-0.3167188086203239,0.47840615519357066
7567458009494,-1.2993536154044991,2.6427381166975823,1.4326587955072863,0.6000731616499997,-0.5561784476675891,-0.32811897859716543,0.47213946128426637
7567491300394,-1.3088780321053952,2.6656173145970454,1.4342279214087184,0.5995657784126437,-0.5552682113491758,-0.33946399296233243,0.46579210845998387
7567524611594,-1.318580454305391,2.688426570096992,1.4359563517086926,0.5989560158482872,-0.5542628912986332,-0.35075813456920074,0.45936158899276797
7567557877894,-1.3284443182044894,2.711117880197449,1.4378357207072225,0.5982452840673753,-0.5531647305329532,-0.3619774431678753,0.45286166941263467
7567591168094,-1.338492358202691,2.733734863498443,1.4398648567043204,0.5974323303615333,-0.5519717340444605,-0.37314326985214197,0.4462800865138289
7567624460294,-1.3487205505,2.756259203,1.4420375824,-0.5965177417,0.5506848097,0.3842463195,-0.4396222234
7567657747394,-1.343899478500994,2.7470271287998598,1.4375419850996247,0.5889185222085714,-0.5390509020179898,-0.4041428179169911,0.44639408817700277
7567691036294,-1.3386098940016629,2.738106194199748,1.4329446530993162,0.5809450341023785,-0.5270741648182049,-0.4237838323236303,0.4528829380690723
7567724326494,-1.332865411602002,2.7295193426996773,1.42825688259911,0.5726023749306598,-0.5147623044500392,-0.44315654025688556,0.45908449218918385
7567757615994,-1.3266811198020065,2.7212890157996577,1.4234904235990418,0.5638963327271058,-0.5021238685535414,-0.46224747076717315,0.4649944325850563
7567790903694,-1.320073143201675,2.713436455199698,1.4186571120991454,0.5548327632397754,-0.4891673351718701,-0.4810439044918334,0.4706088449953087
7567824198894,-1.3130564805010057,2.7059796228998096,1.4137674244994538,0.5454147988389175,-0.47589723147859836,-0.4995390796060568,0.47592565619521093
7567857485094,-1.3056526184,2.6989412308,1.4088357687,-0.5356531143,0.462328583,0.5177121162,-0.4809388816
7567890772594,-1.298024261501109,2.6812983881007044,1.4173632338017177,0.5226555915134532,-0.46151644955370397,-0.5124979084970147,0.5011782050700644
7567924066994,-1.2897672835018454,2.6642189017011892,1.4264448715028277,0.5093383368122347,-0.4604241958419504,-0.5069717432960651,0.5211177122646942
7567957351294,-1.2808974495022083,2.6477501432014434,1.436046977203348,0.49571626407995156,-0.45905307730154055,-0.5011398322641372,0.5407351720249703
7567990640894,-1.271423741402201,2.6319216299014583,1.4461436197033002,0.48179139973152896,-0.45740335163941526,-0.4950030807177654,0.5600278306778022
7568023938194,-1.2613595438018261,2.616768321901226,1.4567043451027082,0.4675710122183509,-0.4554757377169106,-0.4885645915059584,0.5789851818578424
7568057219394,-1.25072811030109,2.6023348500007413,1.467688860201599,0.4530739966294405,-0.4532728868182387,-0.4818329832199425,0.597582312267571
7568090507994,-1.2395393848,2.588643074,1.4790711403,-0.4382990003,0.450794667,0.4748076797,-0.6158211827
7568123802594,-1.2334971240001753,2.5915454703009546,1.4781274158002191,0.4559195907140379,-0.46176402658640125,-0.46520155709103383,0.6020787505251577
7568157086794,-1.2273110982002522,2.5941309310016027,1.4772091043003739,0.47321022083564795,-0.4724013434016072,-0.4552673699977385,0.5879121358369603
7568190375994,-1.2209953938002536,2.5963933003019353,1.4763134819004589,0.4901666831630937,-0.48270406882235517,-0.44500769540825585,0.5733250000537805
7568223667594,-1.214567743700204,2.5983257843019456,1.475438267900469,0.5067754717754442,-0.4926639528281095,-0.43443052930387444,0.5583287257515182
7568256955894,-1.2080468512001283,2.5999224958016276,1.4745811951003989,0.5230219372634768,-0.5022722159105927,-0.42354522277943046,0.5429365695236833
7568290243894,-1.201450008400052,2.6011790192009796,1.4737397158002439,0.5388960399656156,-0.5115229429070922,-0.4123585919675813,0.527158162812224
7568323534794,-1.1947946548,2.6020917892,1.4729112387,-0.5543879867,0.5204104185,0.4008775055,-0.5110031962
7568356824394,-1.196983715193287,2.624381290300905,1.4690899114041724,0.5707395010642842,-0.524817487312773,-0.38874408656825565,0.4976957525374433
7568390119694,-1.1981384974888052,2.646792766401221,1.4655142482070223,0.5867449683467892,-0.5289045330093644,-0.37637098417030646,0.48408183126052823
7568423403194,-1.1982522990865692,2.66926245930112,1.4621785015085014,0.6023862710369677,-0.5326669770135979,-0.36377230837710894,0.4701769663896368
7568456692094,-1.1973216418865813,2.6917498508007753,1.4590727357085702,0.6176620367286549,-0.5361045575197526,-0.3509493141843707,0.4559825552192539
7568489981494,-1.1953451004888358,2.7141994870003594,1.4561887625071939,0.6325605846007183,-0.5392145813097577,-0.33791166578071113,0.4415092844344784
7568523269994,-1.1923240483933168,2.736558369200044,1.4535174500043446,0.6470721908942911,-0.5419950232189545,-0.3246678820887448,0.4267666117647395
7568556564894,-1.1882613897,2.7587795258,1.4510484934,-0.6611911058,0.5444447398,0.3112231195,-0.4117602706
7568589849794,-1.203256744197455,2.7372565184987585,1.4550973701017003,0.6175578984495229,-0.5112098408904863,-0.36591641697334903,0.4726435405553732
7568623139094,-1.2137719460955638,2.713195001898303,1.458990123302687,0.5679234363747331,-0.47300752770661886,-0.41706445028601236,0.5289462103624651
7568656432694,-1.219394647494504,2.6875213800984374,1.4627466429030052,0.5127674867898585,-0.43020692611635514,-0.46416896159673793,0.5801195396665547
7568689717294,-1.2199027474943962,2.6612355691989285,1.466390708702748,0.4526486142621845,-0.38324154429181945,-0.5067547752649381,0.62564746341812
7568723008194,-1.2152742997952948,2.635339034599523,1.4699535829020494,0.38812357937936603,-0.3325463633068284,-0.5444284800796774,0.6651094898280165
7568756301894,-1.2056839368971888,2.610833079499962,1.4734676109010731,0.31982396447523675,-0.27861748670519865,-0.576818254465325,0.6981157706032693
7568789585994,-1.1915050745,2.5886704922,1.4769661427,-0.248439312,0.2219994515,0.6035993099,-0.7243356705
7568822874594,-1.1729724011005802,2.558147424799707,1.4716388410984764,0.18581306408006026,-0.17189655891656844,-0.6221991903647778,0.7408058084000403
7568856190694,-1.1495553224009083,2.5311531028994625,1.466291476297489,0.1218236958783971,-0.12053909211862679,-0.6364227765606598,0.7520607447996244
7568889453094,-1.1219775042010118,2.5085110915993036,1.460975956097057,0.0570790785807753,-0.06841511262487547,-0.6461404206953456,0.7579999392457345
7568922742494,-1.0909564576009279,2.49080221319926,1.4557175753971607,-0.008120208823467439,-0.015766797923335085,-0.6513125545745346,0.758602284827499
7568956032994,-1.057387822700699,2.478548175999354,1.450556999197749,-0.07326439602466563,0.03699441237613809,-0.6518929394604757,0.7538563107182071
7568989321994,-1.0222219568003728,2.4720980718996,1.445528375398735,-0.137889148630057,0.08949244417868467,-0.6478775210772096,0.7437959416451887
7569022610694,-0.9864503741,2.4716360569,1.4406615496,0.2015412599,-0.1413591206,0.6392948627,-0.7284922004
7569055901194,-0.9978429954003915,2.4606311583005436,1.44807431310018,-0.18763112893373526,0.1330816398833514,-0.6401674056840208,0.7329867183522499
7569089190994,-1.0095547972006527,2.4500445827009134,1.4555972070002683,-0.17366820682806436,0.1247666824815899,-0.6408588156720221,0.7372737668296059
7569122478894,-1.021570854000783,2.4398874943011046,1.4632292999002838,-0.15965694492213117,0.11641689877976794,-0.6413688653563406,0.7413519705026439
7569155768894,-1.0338778008007834,2.430169023101113,1.4709707382002455,-0.14559962382282024,0.10803364798295684,-0.6416974698662575,0.7452206637053159
7569189058594,-1.0464596335006526,2.4208997551009346,1.4788200781001728,-0.13150123072978234,0.09961990359116107,-0.6418444979083322,0.748878455845701
7569222347894,-1.0593008541003914,2.412089045500565,1.4867762757000849,-0.11736579852685594,0.09117807269220446,-0.6418099132058049,0.7523243075343543
7569255636994,-1.072385788,2.4037456512,1.4948382378,0.1031972468,-0.0827104971,0.6415937543,-0.7555572987
7569288931394,-1.0755622410999712,2.397072478500001,1.4918091341998403,-0.12953964972429982,0.10056758080499163,-0.6395618701176438,0.7510434442373888
7569322216194,-1.0782852271999508,2.3902227930999853,1.488738802099776,-0.15574015022197465,0.11831524691426466,-0.6368674644174603,0.7457521979336892
7569355509794,-1.0805455196999392,2.3832222747999623,1.4856279640997825,-0.18178605501166287,0.13594489711738358,-0.6335118423899949,0.7396861230972736
7569388799794,-1.0823333426999369,2.376103571999942,1.4824803520998335,-0.20764061720973515,0.1534316555266196,-0.6294995786956148,0.7328535880987174
7569422085394,-1.083641957699945,2.368897460399935,1.479298791299904,-0.2332764771138974,0.1707570223400382,-0.6248351666168269,0.7252621175173947
7569455373894,-1.0844668044999655,2.3616332938999514,1.4760854645999681,-0.2586726881956649,0.18790684213682196,-0.6195224638805159,0.7169179700685502
7569488668594,-1.0848048925,2.354341507,1.472843051,0.2838053405,-0.2048649639,0.6135662198,-0.7078287005
7569521952494,-1.0658172005017061,2.36969374670191,1.4699474059029387,-0.3358574714862535,0.24659541984160996,-0.5950658738796266,0.6872314482791638
7569555242094,-1.0492115214030087,2.387612096302987,1.4671190858052046,-0.38616577467886815,0.28704611164058735,-0.573456923374407,0.6630442528916518
7569588530894,-1.0353358894037852,2.4077240875033334,1.464333254806571,-0.4344574860705615,0.3259977500413264,-0.5488556407695595,0.6353972343036103
7569621820894,-1.024476909503935,2.42961564990307,1.4615634562068511,-0.48048342246023346,0.36324934844289625,-0.5213888952641228,0.6044329669135939
7569655109294,-1.0168599105033824,2.4528325348023308,1.458783298105902,-0.5239995554452599,0.398603397343159,-0.49120239095631674,0.5703157096192069
7569688399394,-1.0126410514020778,2.4768969893012582,1.455966097203631,0.5647830618342529,-0.43187886794850877,0.4584506767546359,-0.5332201360300055
7569721701494,-1.0119072199,2.5013189316,1.4530853033,0.6026318669,-0.46291098,0.4232930839,-0.493326664
7569754977594,-1.0089093178002617,2.4939778467012323,1.4588057280017168,0.5935759628249652,-0.455492294441028,0.43341871995976466,-0.5023370972262577
7569788267294,-1.0061487159004359,2.486514967602049,1.464494741102875,0.5843258365701844,-0.44792437686025544,0.4434093787980885,-0.5111899765496182
7569821557994,-1.0036308177005229,2.478941674502453,1.4701508464034643,0.5748878408866572,-0.4402124304580604,0.4532579859165002,-0.5198790096491709
7569854844994,-1.0013598393005232,2.471267824702447,1.475773970603477,0.5652663603934804,-0.43236003704913545,0.46296000682813876,-0.5284002008402984
7569888135494,-0.9993388607004358,2.463500665402034,1.481366093502907,0.555462404555301,-0.42436802030650483,0.47251442680207284,-0.5367526589880014
7569921453294,-0.9975700420002612,2.4556435540012163,1.4869319740017481,0.5454718645565739,-0.4162330434947422,0.48192479820852224,-0.5449394345722779
7569954714394,-0.996060431,2.4477255344,1.4924584627,0.5353233814,-0.4079784155,0.4911645949,-0.5529375076
7569988004494,-0.9999450213005475,2.443801333700306,1.4825114011000824,-0.5308099900628993,0.4038959090863713,-0.4957935873112004,0.5561452758531801
7570021297994,-1.0039153745009062,2.4399668452005168,1.4725618855001388,-0.526259651595351,0.39978522320985144,-0.5003889729333026,0.5593151438791406
7570054582294,-1.0079684967010796,2.4362248717006274,1.4626141136001682,-0.5216743951883898,0.3956481918033801,-0.5049486918182143,0.5624456883634343
7570087870594,-1.0121044836010717,2.4325752575006345,1.45266457300017,-0.5170527261029848,0.39148346501326936,-0.5094742467239741,0.5655379447709195
7570121166094,-1.0163222593008865,2.429019023200534,1.442712739600143,-0.5123944997192226,0.38729091532438487,-0.5139657441317399,0.5685919779805154
7570154450094,-1.0206179024005282,2.4255594464003236,1.4327646353000867,-0.5077026595252212,0.3830731906277552,-0.5184203593294802,0.5716058704789355
7570187764494,-1.024995327,2.4221935272,1.4228081703,0.5029715896,-0.3788252473,0.5228433609,-0.5745831728
7570221034294,-1.031815716899601,2.45486833709933,1.4314529447062578,0.5495001551133235,-0.40965813581422744,0.49323958539551555,-0.5356720103668899
7570254318594,-1.0434788123993683,2.4860961165987883,1.4403256956106214,0.59302141513981,-0.43824736973345624,0.46090535960406087,-0.4937925613003258
7570287608294,-1.0597207032992815,2.5151692512984365,1.449340515312878,0.6332808854064588,-0.4644255372115598,0.42602530666769184,-0.44918445948548225
7570320897594,-1.0801736961993196,2.541431792998334,1.4584090646129106,0.6700488973439432,-0.48804323434460983,0.3887971978796411,-0.40210075292090325
7570354186994,-1.1043794007994643,2.564295624398532,1.467443488810703,0.7031233651972931,-0.5089706568193328,0.3494257271441102,-0.3528003189062348
7570387475694,-1.1317958823996968,2.5832465991990765,1.476356337206339,0.732321277261386,-0.5270920160049846,0.3081289262210122,-0.30155616120374606
7570420766994,-1.1618140936,2.5978586674,1.4850639105,0.7574842572,-0.5423089862,0.2651302218,-0.248645559
7570454053594,-1.170567134500183,2.6073531945994386,1.4835229321975527,0.7554218161812767,-0.5499633222204285,0.2622245487328109,-0.2410736607170605
7570487343894,-1.1795008401002978,2.6166750893990547,1.4819528453959325,0.7532620001565835,-0.5575477845886827,0.2592848312338464,-0.23346991950225823
7570520633494,-1.188611193000349,2.6258196420988553,1.480357382495134,0.751005327248115,-0.5650603624433879,0.25631182017440507,-0.22583630372281263
7570553922994,-1.1978953990003407,2.6347836611988456,1.4787400577951493,0.7486520504947812,-0.5725002273891636,0.25330584566512276,-0.21817365899941393
7570587211394,-1.2073501289002768,2.6435636173990296,1.4771044743959707,0.7462025485238138,-0.5798662028972233,0.2502673864834917,-0.2104832026002177
7570620502494,-1.2169733447001618,2.6521573241994134,1.4754540069975908,0.743656849941137,-0.587158176796347,0.24719648429750718,-0.2027650440972689
7570653792094,-1.2267606258,2.6605606079,1.4737924337,0.7410156131,-0.594374299,0.2440939248,-0.1950211525
7570687081294,-1.2187638844998196,2.6704803380005413,1.470883299202675,0.7403581409126323,-0.5842534858762699,0.2577593000097735,-0.20994720927959432
7570720370094,-1.2103388596997096,2.6800770595009,1.4681030529044825,0.7393213442059551,-0.5738334443889367,0.27129244432117705,-0.224765517276272
7570753663994,-1.201498717799662,2.689332379001077,1.4654476503054044,0.7379054877796472,-0.5631177181870702,0.28468862482486657,-0.2394709031673675
7570786949594,-1.1922625686996717,2.6982234193010735,1.4629142743054264,0.7361119214900456,-0.5521161519136516,0.29793560714251704,-0.2540499317711276
7570820236694,-1.182644121999734,2.706734450900892,1.4604980254045377,0.7339411520664498,-0.5408312316151065,0.3110305490462556,-0.2684994632639776
7570853532694,-1.1726581575998443,2.7148495007005335,1.45819406290273,0.7313936327902716,-0.5292661004516608,0.3239695779701904,-0.28281524247529266
7570886816294,-1.1623289585,2.7225465775,1.4559992552,0.728472352,-0.5174341202,0.3367378116,-0.2969807982
7570920106594,-1.1651362559963183,2.739693028599897,1.4641146034020194,0.7368573396608146,-0.5203186841508544,0.32492796045045896,-0.2841329766658834
7570953400994,-1.1686541461938789,2.7566719388999044,1.4723104688034467,0.7449609621442471,-0.5230041930409448,0.3129921275238331,-0.2711746799589013
7570986684794,-1.1728745276926762,2.773448630599976,1.4805765445042307,0.752776625924261,-0.5254884950992896,0.3009401932368507,-0.2581166268858639
7571019975194,-1.177792035192701,2.7900048754000664,1.4889103112043227,0.7603054263658818,-0.5277719581616321,0.28877056959442876,-0.244957092064999
7571053289294,-1.1834016472939417,2.80632224560013,1.4973092516036763,0.7675479484867512,-0.5298546041798144,0.2764815169831587,-0.23169422947048782
7571086553294,-1.1896805853963799,2.8223387042001225,1.5057477249022497,0.7744857238773992,-0.5317312633777503,0.264105091861099,-0.21836260556661966
7571119841694,-1.1966315508,2.8380646706,1.5142375231,0.7811319828,-0.5334056616,0.2516184449,-0.2049375772
7571153135494,-1.1980411932001773,2.8388749432997544,1.512442695900038,0.7778373083901987,-0.5335278245831874,0.25873953024745994,-0.20825714287665237
7571186420494,-1.1994555757002965,2.839700471499591,1.5106594507000632,0.7744870672688058,-0.5336112440599537,0.26583996004079785,-0.21156072057841951
7571219709994,-1.2008749410003565,2.8405416789995095,1.5088870807000754,0.7710801643807991,-0.5336559477595483,0.272922056345507,-0.21484939068910164
7571253003294,-1.2022989378003575,2.8413986464995094,1.5071256320000745,0.7676168977126173,-0.5336619168728565,0.2799851488577148,-0.21812283980539293
7571286290694,-1.2037268266002985,2.8422712107995913,1.5053756180000615,0.7640985328984218,-0.533629153054091,0.2870266689533394,-0.22137987790854688
7571319578194,-1.2051585382001795,2.843159608199755,1.5036367187000366,0.7605247057002554,-0.5335576627463418,0.29404738025485905,-0.22462085991611574
7571352868694,-1.2065938711,2.8440639973,1.5019087791,0.7568953633,-0.5334474444,0.3010473847,-0.2278458327
7571386158694,-1.2003363335019734,2.8260676946998857,1.5020861344003598,0.7515901507632405,-0.5221690187172011,0.316166600944192,-0.24998088249904352
7571419446194,-1.1951489420032924,2.8077351786999065,1.5021883744004785,0.7456286032783861,-0.5104351729343852,0.3310084181541957,-0.2718958390921506
7571452736694,-1.191048650803949,2.789127300400006,1.5022111078004279,0.7390149242048615,-0.4982542076595787,0.34556230897026086,-0.29357516409115814
7571486060494,-1.1880475196039424,2.7702916422001236,1.5021500886002812,0.7317478181985736,-0.4856249710631399,0.3598283045715328,-0.31501922047825637
7571519366294,-1.1861610808032748,2.7513227462002012,1.5020015103001116,0.7238443824811872,-0.47257764906022376,0.37377175936679435,-0.3361760661602665
7571552604194,-1.1853940942019578,2.73231552310018,1.5017624107999936,0.715325821606765,-0.45914480448586587,0.38736084608445154,-0.3569966279630388
7571585899394,-1.1857454777,2.7132647038,1.5014287233,0.7061678171,-0.4452877939,0.4006350338,-0.3775412738
7571619183094,-1.186284604492932,2.65588709180027,1.5012481502016652,0.6593439194692406,-0.4053232372645895,0.44268117827470455,-0.45278255663575634
7571652472894,-1.1988592972883687,2.5998939838992476,1.5018523318018762,0.605112430983732,-0.3608029177684779,0.479767307594873,-0.5229565287496444
7571685767694,-1.222912935486428,2.547795001297693,1.5032015349010592,-0.5440801958866543,0.3122257778675795,-0.5114734042104214,0.5872706027584965
7571719051094,-1.2573548693870096,2.5019460364963577,1.5052214615997859,-0.47696393077964766,0.2601618806634832,-0.5374297009191183,0.6449732716592637
7571752342094,-1.300661804489808,2.4643725989959324,1.507809667198721,-0.40447971506686653,0.20516649755909194,-0.5573606483214657,0.6954509156521667
7571785629394,-1.350883181194343,2.436770517397002,1.5108364879985658,-0.3274645260537916,0.14787486195757585,-0.5710347873219502,0.7381187445428877
7571818919594,-1.4057812691,2.4203696251,1.5141539574,0.2467676401,-0.0889187083,0.5783016086,-0.7725066543
7571852207794,-1.428942790902865,2.3981656064030545,1.5079897451046769,-0.2158804816665842,0.05724169135425639,-0.584686406029883,0.7799107724670602
7571885498094,-1.4539151409046889,2.3781816189052165,1.501309278508278,-0.18454813428105243,0.025445150844899185,-0.589871134810601,0.7857140540610922
7571918787794,-1.4804852816055152,2.360577355906397,1.4941199986104845,-0.15283742959571148,-0.006403061964122079,-0.5938446231873454,0.7899039716468954
7571952076194,-1.5084282787053953,2.3454913664065193,1.486433210811004,-0.12081417171820515,-0.038236885874018696,-0.5965987333939488,0.7924719728693485
7571985366894,-1.5375116788043892,2.3330398590055212,1.478263259909576,-0.08854063824065563,-0.06999439688671032,-0.5981280532091399,0.7934129894000018
7572018659894,-1.5674907930025657,2.3233194887033575,1.469629209105971,-0.05608305315988491,-0.1016103629996326,-0.5984291882119828,0.7927247517110183
7572051944694,-1.5981037617,2.31640625,1.4605568647,0.0235183258,0.1330099553,0.5975017548,-0.7904093266
7572085235294,-1.5759284995997547,2.308971152300366,1.4663474327006125,-0.04018929737658138,-0.11305277651358239,-0.5979131028205287,0.7925300067344294
7572118525694,-1.553339820799611,2.302701553800636,1.471914331301073,-0.056832805174764134,-0.0930187439128031,-0.5979173500240416,0.7941110678469854
7572151812294,-1.5304020223995567,2.2976154679007923,1.4772438029013495,-0.07343572446880417,-0.07292367500701964,-0.597514563291859,0.7951513558118048
7572185102894,-1.5071724711995806,2.293726039800821,1.4823245414014106,-0.08999064086126898,-0.05277654280310931,-0.5967049188608725,0.7956504011777845
7572218426194,-1.4836943131996703,2.2910429833007067,1.4871486188012248,-0.10650045196557446,-0.03257363800505927,-0.5954875980056485,0.7956073984445512
7572251681394,-1.4601030074998143,2.2895802546004376,1.4916907087007645,-0.12290409725629585,-0.01238985680200551,-0.5938677581724986,0.7950233708069289
7572284971494,-1.4363902807,2.2893359661,1.4959548712,0.1392413229,-0.0078235334,0.5918421149,-0.793897748
7572318265294,-1.4231614528002159,2.2931433080016843,1.5003721098991032,-0.12807154185307626,0.005899409089768033,-0.5904224261973917,0.7968464317438793
7572351550094,-1.4098174048003418,2.2966965320028137,1.5046391629985088,-0.116886968039033,0.003974984479442201,-0.588921004455643,0.799683491584006
7572384860294,-1.3963510139003887,2.2999959159033834,1.5087605791982146,-0.10567758183857812,0.002048537869700384,-0.5873364234809306,0.8024113520146485
7572418133994,-1.3827941690003671,2.3030323969033897,1.5127291054982195,-0.09446577972856063,0.00012391715988343012,-0.5856718892527774,0.8050246202718866
7572451418294,-1.3691346695002875,2.3058076605028304,1.5165509465985203,-0.0832372682237254,-0.0018013339497448537,-0.583925372453593,0.8075267622683386
7572484719794,-1.3553766107001612,2.3083191567017005,1.5202271714991151,-0.07199136742233807,-0.0037273290594621506,-0.5820966678824778,0.8099177855034798
7572517996394,-1.3415443897,2.3105611801,1.5237537622,0.0607438646,0.005651366,0.5801883936,-0.812194407
7572551285994,-1.3399659920994347,2.3130814448999497,1.5214570721003624,-0.04839673400321708,-0.017578952351748476,-0.5816122251645861,0.811834931566224
7572584575394,-1.3382919163990616,2.315556538699917,1.5191791190006243,-0.03603531229432884,-0.029501248536819607,-0.5828634071100101,0.8112344798236387
7572617865094,-1.3365238126988783,2.317983207099901,1.516920129400774,-0.023663081181634522,-0.041414893920261736,-0.5839415622082328,0.8103931867164071
7572651154494,-1.3346635005988827,2.320358172499902,1.5146803822007977,-0.011283936668176587,-0.05331613709947571,-0.5848463509617691,0.8093113171485754
7572684442594,-1.3327129393990724,2.3226781951999182,1.5124601586006847,0.0010980741435050057,-0.06520108828815335,-0.5855774901174559,0.8079892421232827
7572717732994,-1.3306739182994456,2.324940415999951,1.5102594117004229,0.013480614456705934,-0.07706750377417806,-0.5861348338358131,0.8064272003474031
7572751021694,-1.328548789,2.3271415234,1.5080785751,-0.0258585215,0.0889104381,0.5865181684,-0.8046258688
7572784311194,-1.3675326699963233,2.350836312002547,1.5079824287062782,0.11473422454688167,-0.14566823126111358,-0.5751281009865178,0.7967712918865277
7572817601194,-1.4006427093932883,2.3822175673035932,1.5084292053090675,0.20231338252821773,-0.20077907537307038,-0.5572320262923861,0.7799035369944207
7572850924094,-1.4264051226913714,2.4199107849034474,1.509365752909011,0.28768678880592896,-0.2536695829803961,-0.5330055350906503,0.754183766584653
7572884179094,-1.4435929177909408,2.4620968814025233,1.510712200406994,0.3696360595970682,-0.3035862848972921,-0.502805313612655,0.7199940053019139
7572917469694,-1.4514953661922179,2.5069980085012986,1.512377233604061,0.4474934548839704,-0.3501237378076117,-0.46688794022611385,0.6776272038009185
7572950764994,-1.4497312198952708,2.552553425100288,1.51425061680135,0.5202984553324602,-0.39270611988565474,-0.42568272320911615,0.6275871572493185
7572984048094,-1.4383835793,2.5966870785,1.5162127018,-0.587192595,0.4308316708,0.379678309,-0.5704677105
7573017337294,-1.4434168176016378,2.6229746051997136,1.5180496625994089,0.5993937614541878,-0.43402255120281374,-0.3684382374398097,0.5626764691805122
7573050631094,-1.447500240202743,2.649426436299562,1.519938358699149,0.6113891539664423,-0.43706365059963576,-0.3570690914327871,0.5546894010886466
7573083917394,-1.4506268718033053,2.675999409699522,1.5218665315991406,0.6231702602768754,-0.43995280979549745,-0.3455789347243396,0.5465121697952287
7573117204794,-1.4527935040033162,2.70266665359957,1.523823048499303,0.6347361079559752,-0.44268981886986575,-0.3339688109990876,0.5381455479753798
7573150500094,-1.4539972261027707,2.7293998102996815,1.5257966570995547,0.6460849682178782,-0.4452742278021804,-0.3222403192165219,0.5295906462252797
7573183784194,-1.4542358613016655,2.7561496235998324,1.527774541299814,0.657206436828539,-0.44770368249913123,-0.3104042627066735,0.520855359731835
7573217074694,-1.45350945,2.7828962803,1.5297460556,-0.668102622,0.4499786794,0.2984585166,-0.5119381547
7573250361894,-1.4560495594003124,2.798239088099908,1.5262828483998399,0.6663541563025077,-0.45452591746886,-0.3032600453760133,0.5073575402080891
7573283652694,-1.4584915648005203,2.8135903437998486,1.5227788245997365,0.6645603631298582,-0.45904285788487126,-0.30804155068454225,0.5027420625265638
7573316943594,-1.4608345312006235,2.828948165499821,1.5192359489996874,0.6627215165789173,-0.46352869514660033,-0.312802189356517,0.4980924919859762
7573350231694,-1.4630776316006224,2.8443109441998238,1.5156561482996909,0.6608379069994302,-0.4679827381580441,-0.3175412265618958,0.49340955289929145
7573383520794,-1.4652205221005181,2.859680160699855,1.5120406403997455,0.658909450535674,-0.4724051960811268,-0.32225888387525436,0.48869303092412075
7573416809094,-1.4672625053003103,2.875054710099915,1.5083912535998492,0.6569363818410179,-0.4767955297824246,-0.32695458627379476,0.4839435003258758
7573450100094,-1.4692032337,2.8904359341,1.5047092438,-0.6549186707,0.4811539352,0.3316285312,-0.4791608155
7573483387594,-1.4697569358011584,2.897866031799954,1.5016851472000177,0.6544236655210262,-0.48597108207483186,-0.3298208065662566,0.4762142468984157
7573516676894,-1.4702324021019366,2.905280791399929,1.4986093768000184,0.653905512210196,-0.4907713194762256,-0.32800133146744626,0.4732506942797531
7573549967894,-1.4706294765023313,2.912679199799921,1.4954824645000089,0.6533641800020898,-0.4955544253794104,-0.32617014996994925,0.4702702340629907
7573583257294,-1.4709479881023382,2.920059537699927,1.4923052577999958,0.6527997414488725,-0.5003197563244276,-0.3243275084996612,0.46727326718543705
7573616545294,-1.4711878295019545,2.9274208684999445,1.4890782893999854,0.6522122162493468,-0.5050671746342225,-0.3224734628061526,0.46425988397440526
7573649835694,-1.4713489154011758,2.9347630510999703,1.4858017405999846,0.651601557141981,-0.5097970533377845,-0.3206078662086839,0.4612298464576771
7573683132494,-1.4714311361,2.9420859814,1.4824757576,-0.6509677172,0.5145097971,0.3187305629,-0.4581829011
7573716435994,-1.473348785003787,2.925319617499865,1.4896135515992643,0.6414472374505411,-0.505690094158312,-0.32613692133346156,0.47587569677422925
7573749703794,-1.47443406590631,2.9085238048996156,1.496806603798771,0.6315935098930687,-0.4966090811178442,-0.3333607174179141,0.4932947302524709
7573782998594,-1.4746874410075683,2.8917044993993466,1.5040597302985224,0.6213933672135776,-0.4872546070388847,-0.34041175444312227,0.5104635819912227
7573816305894,-1.474107193207558,2.8749066597991555,1.5113610274985205,0.6108561190846102,-0.4776352886212513,-0.3472828626413805,0.5273650975900761
7573849570794,-1.4726970606062861,2.8581954622991375,1.5186894764987662,0.6000052212826117,-0.4677724805248557,-0.3539592851546667,0.5439627426120516
7573882866594,-1.4704578088037605,2.841571464499387,1.52605219889926,0.5888227514653176,-0.45764987101666055,-0.36045225025891303,0.5602843369205788
7573916155894,-1.4673962593,2.8250906467,1.5334318876,-0.5773269534,0.447284013,0.3667508066,-0.5763025284
7573949439394,-1.4620237594986225,2.8119561178006025,1.5273927578999003,0.5773190631134442,-0.45305469408112325,-0.3714833982342905,0.5687215736836247
7573982728394,-1.456651565197702,2.7987985880010045,1.5213970722998336,0.5772458662632415,-0.45877507942008805,-0.3761747500600993,0.561075034021577
7574016018894,-1.4512813443972392,2.785619453801205,1.5154454421998005,0.5771073136436484,-0.46444378270429404,-0.380823724840845,0.5533646282919451
7574049308994,-1.4459144250972364,2.7724192979012052,1.5095380659998006,0.5769034257634862,-0.4700598360203282,-0.3854295289475275,0.545591666100375
7574082596894,-1.4405521165976944,2.759198677501004,1.503675094899834,0.5766342441945351,-0.47562230614610407,-0.38999139706204017,0.5377574551189941
7574115886794,-1.4351947602986153,2.7459557757006023,1.4978556055999008,0.5762997661647293,-0.48113126562179886,-0.3945093885353315,0.5298618943810957
7574149175394,-1.4298439026,2.7326917648,1.4920799732,-0.5759000778,0.4865855575,0.3989825547,-0.5219066739
7574182465894,-1.421288390800877,2.7501221526002375,1.4947301025022846,0.5932042775998743,-0.4984440531349259,-0.3794630363352675,0.5056382254011833
7574215754794,-1.4115935285014218,2.7669667674004157,1.4972341155040032,0.6098636480879268,-0.5097608552092087,-0.3595325017111763,0.4888216253916808
7574249043694,-1.4008007341016557,2.7831527811005228,1.4995857175050318,0.6258609328679552,-0.5205242462781703,-0.33921164818448163,0.4714743465790722
7574282333994,-1.388956056301604,2.7986100081005456,1.5017792336052527,0.6411793946920099,-0.5307229579850135,-0.3185216591819279,0.4536144600010201
7574315624494,-1.3761109854012918,2.8132701778004736,1.503809495604555,0.6558018008103518,-0.540345509188277,-0.29748571737503,0.4352619633184426
7574348911894,-1.3623223989007474,2.827067750700295,1.5056719555028357,0.6697109195024289,-0.5493805753712045,-0.2761287887560738,0.4164386626192616
7574382202394,-1.3476473093,2.8399448395,1.5073633194,-0.6828942299,0.5578200221,0.2544700801,-0.3971614838
7574415498994,-1.3488411932995368,2.8380590384998747,1.5107535312000817,0.6776334139363183,-0.5525359301989533,-0.2615907010620393,0.40876314324319724
7574448780094,-1.3499600795992281,2.8361349493997903,1.5141455484001267,0.6722119095841201,-0.5471212774660301,-0.26864503084963554,0.42026099480799856
7574482070494,-1.3510036419990734,2.8341734462997485,1.5175415001001409,0.6666270377876163,-0.5415733779788297,-0.2756366484588048,0.4316608701069685
7574515365094,-1.351970566499073,2.8321771403997484,1.5209404678001295,0.6608809007014624,-0.5358943377003209,-0.28256275947247517,0.44295821571346683
7574548648194,-1.3528593884992275,2.830149350099791,1.5243404451000984,0.6549776437769624,-0.5300882444910322,-0.2894184526695755,0.4541450191944673
7574581938094,-1.3536696541995363,2.828091363899875,1.527742896200053,0.6489154767055775,-0.524153331525017,-0.2962058606901935,0.4652247599128624
7574615233094,-1.3544003963,2.8260056973,1.5311472416,-0.6426960826,0.5180912614,0.3029229641,-0.4761941433
7574648517194,-1.3577871938995683,2.817748253900323,1.5279284912986881,0.6422066075078376,-0.5161309172390498,-0.3024415772882817,0.479279294222719
7574681817894,-1.3611506114992824,2.8094683894005357,1.5247289289978143,0.6417079963957056,-0.5141624492303282,-0.3019557628715709,0.48235934782268597
7574715094594,-1.3644863518991415,2.8011763400006404,1.5215523187973792,0.6412008690595185,-0.5121882883023482,-0.3014661221435139,0.4854305100042444
7574748384894,-1.3677979926991441,2.7928628811006386,1.5183949308973808,0.640684663595586,-0.510206234531984,-0.3009721106493703,0.4884962115404462
7574781675094,-1.371083953299289,2.7845315606005303,1.5152579449978185,0.6401595941946929,-0.5082171268319987,-0.30047393583779725,0.4915551442485956
7574814963194,-1.3743438380995745,2.7761830190003174,1.5121414143986918,0.6396257004938058,-0.5062211127319214,-0.299971635126176,0.49460708285667715
7574848252594,-1.3775777817,2.7678165436,1.5090448856,-0.6390829682,0.5042180419,0.2994651794,-0.4976523221
7574881541594,-1.3683652485992879,2.792938800000542,1.513452154195656,0.6806498546557727,-0.5220684442091134,-0.2646142153130195,0.44061279143078297
7574914832194,-1.3552945286987605,2.816185466800935,1.5183757564925422,0.7177843267927267,-0.5365184472402925,-0.22803763093992271,0.38069995384408073
7574948121794,-1.3387192509984538,2.836953867901159,1.523796336490867,0.7502414121768757,-0.5474726676286468,-0.1899765066480306,0.3183087001265148
7574981409794,-1.319083980898399,2.854707619301194,1.5296818219907624,0.7778096388267908,-0.5548599582903209,-0.15067964265095646,0.25384687850115634
7575014700294,-1.2969097089986246,2.868990850001023,1.535988934992282,0.8003125932781958,-0.5586329552217402,-0.1103981736729286,0.18772644360940854
7575047988794,-1.2727888878991531,2.879433963300629,1.5426618563953967,0.8176005298063569,-0.558766488933294,-0.06939992598674691,0.12038702080605633
7575081277994,-1.2473598719,2.8857703209,1.5496366024,-0.8295624852,0.5552598834,0.0279487073,-0.0522619151
7575114568694,-1.2386936760005913,2.892324005400909,1.544882726199759,0.8273041678221436,-0.5602645005268475,-0.013883923389178581,0.038454388889127285
7575147879594,-1.229812260900938,2.8984874041015267,1.5399881609996233,0.8246978011328532,-0.5650373771273713,0.00019521241841137155,0.02462237088035008
7575181146094,-1.2207494433010673,2.9042396578018437,1.5349656522995783,0.8217499510978789,-0.5695675474963151,0.014255503125709532,0.010798487870971785
7575214436894,-1.2115033773010089,2.909584345201855,1.5298082795996086,0.8184560770077978,-0.5738626842960892,0.028320097433510955,-0.0030400103370602574
7575247732494,-1.202096245100791,2.9145098164015533,1.524522442899699,0.814819036328348,-0.5779181609034972,0.042374861742363046,-0.016879230645309322
7575281014894,-1.192550451800445,2.9190062935009355,1.5191148116998345,0.8108424466220149,-0.5817301790919073,0.056406321450221716,-0.030705901552906513
7575314305394,-1.1828774214,2.9230701923,1.5135859251,-0.8065254688,0.5852996111,-0.070417583,0.0445230827
7575347598794,-1.1933114973999177,2.9237498266014454,1.5157362530999265,0.8066618642493634,-0.5865790822987709,0.06147532135480285,-0.037978965752071436
7575380883994,-1.2037692086998855,2.924211473702408,1.5178153849998892,0.8066978407028953,-0.5877852413589335,0.052527611345612416,-0.03143173384067257
7575414172294,-1.2142490010998899,2.9244547132028886,1.519824273399881,0.8066334662497382,-0.5889183915869586,0.043572533442488064,-0.024879982033062135
7575447461094,-1.224744950999917,2.9244789718028867,1.5217630149998953,0.8064687377071015,-0.5899782915495371,0.03461190023447673,-0.018325036522814895
7575480751394,-1.2352522573999538,2.924283821002404,1.5236319620999248,0.8062036615391034,-0.5909648346665811,0.02564655692977797,-0.011767515714507596
7575514040494,-1.245764945899986,2.9238689729014413,1.5254312971999617,0.8058382909115405,-0.5918778171398514,0.016678345923125268,-0.005208767205453907
7575547329994,-1.2562783957,2.9232342243,1.527161479,-0.8053726554,0.5927171707,-0.0077079521,-0.0013507082
7575580619194,-1.2478959764003255,2.918986590099043,1.532508044099579,0.80879662863038,-0.5870649235517108,0.02633531161085582,-0.02256635579162366
7575613909194,-1.2397800216005888,2.9141701370984348,1.5377836276992891,0.8114420450760859,-0.5808473656888029,0.04493776540671411,-0.046462269589082325
7575647203394,-1.2319638784007607,2.9088024300981576,1.542982073699137,0.8133064540448355,-0.5740697231704092,0.06349929459861059,-0.0703164584826677
7575680487794,-1.2244837012008138,2.9029061611981968,1.5480948392991287,0.8143874744108504,-0.5667415097504839,0.08199424148877338,-0.09409594577419106
7575713776194,-1.2173679612007209,2.8965013615985313,1.5531180132992681,0.81468471813533,-0.5588668865710964,0.10041248488454776,-0.11778771587223189
7575747067794,-1.2106472064004572,2.8896123173991404,1.558045739399558,0.8141976376261131,-0.5504534472682047,0.11873582437643813,-0.14136836026584715
7575780355094,-1.2043516636,2.8822667599,1.5628715754,-0.8129268885,0.5415112376,-0.1369425058,0.1648098826
7575813664894,-1.190438567998871,2.875935578201547,1.5535131327005827,0.8052580185731475,-0.5391725984027507,0.15834522518702926,-0.18915396457844505
7575846935094,-1.177081541798025,2.8686748799025183,1.544060750200958,0.7967020447448406,-0.5362366623838376,0.1795462771905302,-0.21325859457910107
7575880228894,-1.1643163833975194,2.8605087509029468,1.5345058998011332,0.7872528557407908,-0.5327015312812673,0.20056243289874706,-0.23714284768531022
7575913512394,-1.1522153110974127,2.8514861630028663,1.5248680278011146,0.7769300585564294,-0.5285743812921992,0.2213487824125333,-0.2607556788980078
7575946803294,-1.140827746797758,2.841647468002318,1.5151521813009128,0.7657397756142685,-0.5238576921638526,0.24189325700927114,-0.2840833796905741
7575980098694,-1.1302078376986053,2.831041765901346,1.5053696689005371,0.7536949828407965,-0.5185568132825906,0.2621710500275002,-0.3070977772083249
7576013381894,-1.1204099655,2.8197267056,1.4955362082,-0.7408154607,0.5126805305,-0.2821495235,0.329761833
7576046671194,-1.1255670975004777,2.8099521927988085,1.5022028041979065,0.7338750237531826,-0.4991338545437524,0.29746537200354994,-0.35186246918128644
7576079965794,-1.1313434984007888,2.8004380804980458,1.5087410383965416,0.7262327223183312,-0.4851084118078179,0.3124996147303767,-0.3736306366196011
7576113250394,-1.1377186778009374,2.791227044297692,1.5151478696958929,0.7178994761095105,-0.47062411072122,0.32723104082633037,-0.39503561172287704
7576146538694,-1.1446750919009279,2.7823524208977295,1.5214264020959405,0.7088800077829782,-0.4556889493228507,0.34165173411282773,-0.4160658705161228
7576179831194,-1.1521908328007646,2.7738501299981384,1.5275776068966616,0.6991825499632903,-0.44031680382883215,0.355748030900904,-0.43670151431260473
7576213117994,-1.1602392812004534,2.765757175798901,1.533601075298026,0.6888192886470677,-0.42452694803678587,0.36950230588923766,-0.4569167363107377
7576246406794,-1.1687958241,2.7581045628,1.5395001173,-0.6777978539,0.4083308876,-0.3829046786,0.4766969979
7576279695794,-1.173925272800855,2.7475150749005395,1.5403825083004723,0.6632747242720767,-0.40400622736580716,0.3912234454889803,-0.4937507712309717
7576312985794,-1.179543141201395,2.737188887300937,1.5414047018008132,0.648360058356108,-0.39944321475213307,0.39931177666847023,-0.5105139155114337
7576346276794,-1.1856358839016372,2.727150245701168,1.542565736001006,0.6330625941963878,-0.39464450587294836,0.4071648689829719,-0.5269765035366526
7576379564294,-1.1921879172015983,2.7174240139012107,1.543864136201036,0.6173934622519914,-0.38961360514059085,0.41477705724254615,-0.5431266373904565
7576412853994,-1.199184544001299,2.7080313143010426,1.5452984908008873,0.6013592411992991,-0.3843526315657791,0.42214517006348556,-0.5589575771243599
7576446143294,-1.2066084145007592,2.6989949254006467,1.5468667521005468,0.5849706086099928,-0.378865079467683,0.42926426756012265,-0.574458725426355
7576479462294,-1.2144489288,2.6903283596,1.5485682487,-0.5682219863,0.373148948,-0.4361362755,0.5896345377
7576512721694,-1.2123799898980234,2.6717096025993414,1.5436755332029262,-0.5568867733741701,0.36262519903142304,-0.44690226253421994,0.59888100187777
7576546010694,-1.2110900218966951,2.6530456659988237,1.5386219994048413,-0.5452957887164829,0.35193210405183584,-0.45748066598303855,0.6078714808225766
7576579301194,-1.2105821355960251,2.6343856749984944,1.533413796305762,-0.533463558696885,0.3410831654327031,-0.46785758918126324,0.6165940171996148
7576612596994,-1.2108560596960187,2.6157609242984003,1.5280526585057101,-0.5213938837897605,0.3300818878222482,-0.47802957238996585,0.6250456728903875
7576645879694,-1.2119095355966787,2.597215029398589,1.5225442458047127,-0.5090988426949395,0.318939258220134,-0.48798657851048133,0.6332181433963321
7576679169794,-1.2137398023980057,2.578769763499107,1.5168881114027983,-0.4965763497243904,0.30765337023351735,-0.49773039855644746,0.6411129253346857
7576712466094,-1.2163426876,2.5604588985,1.5110875368,-0.4838322699,0.2962295413,-0.5072562695,0.6487261057
7576745747094,-1.2124332952993218,2.5561807602998816,1.5154731453992958,-0.4889394081754933,0.296032751597314,-0.5015623885211515,0.6494136089855822
7576779037594,-1.2085341355988692,2.5519585974997954,1.5199250474988315,-0.4940191589722882,0.295818441293835,-0.4958372928151975,0.6500629964953359
7576812332394,-1.2046470848986426,2.547793311599747,1.5244421727986042,-0.4990703893554125,0.2955866323824531,-0.4900821736958043,0.6506740752873386
7576845616394,-1.2007751591986424,2.5436869676997396,1.529022023398611,-0.5040905188455063,0.2953374486755225,-0.48429998948367037,0.6512465434887299
7576878905594,-1.1969177472988684,2.5396377562997765,1.5336663392988479,-0.5090816715489033,0.29507078977657647,-0.47848830928429076,0.6517806522073688
7576912197494,-1.193076394599321,2.535646167699862,1.5383743336993119,-0.5140431673774273,0.29478668499214694,-0.4726479027077105,0.652276316057793
7576945484594,-1.189253211,2.5317132473,1.5431444645,-0.5189735889,0.2944852114,-0.4667804241,0.6527333856
7576978774794,-1.1852886577001496,2.5300103762995465,1.5423454973002215,-0.5131139125540022,0.3001033759767068,-0.46782281608035675,0.6540595456268121
7577012062394,-1.1813426591002505,2.528282771799244,1.5415104691003705,-0.5072194142914234,0.30570046819775054,-0.4688329613118726,0.6553406319595039
7577045352694,-1.1774151674003022,2.5265299114990922,1.540639718700446,-0.5012895704010429,0.31127699980271395,-0.4698109597179585,0.6565767724568466
7577078641694,-1.1735072305003038,2.5247517639990917,1.5397338301004473,-0.495325498888247,0.31683191609351974,-0.47075662450265926,0.6577677307245168
7577111930394,-1.1696192995002543,2.522948044199243,1.5387932699003737,-0.4893274328238739,0.3223650035155495,-0.47166992153334963,0.6589134640566551
7577145220894,-1.1657516945001534,2.5211184104995454,1.537818477400225,-0.48329540407431504,0.3278762294809801,-0.4725508432813823,0.6600139627735423
7577178510494,-1.1619052887,2.5192627907,1.5368100405,-0.4772303402,0.3333647847,-0.4733992815,0.6610690951
7577211799094,-1.1599001408995946,2.5143004160000277,1.533852037900298,-0.48183062281892647,0.3436996553139055,-0.4665693868302042,0.6572844172227997
7577245089194,-1.1577913701993277,2.5093513415000506,1.5309436571005017,-0.4863400929963992,0.3539700650014091,-0.45965104821782116,0.653375405796247
7577278377194,-1.1555793074991971,2.504419194000067,1.5280844771006084,-0.49075738830784155,0.3641729469134572,-0.4526462984375811,0.6493431905151476
7577311667694,-1.1532638228992016,2.499506371600073,1.5252733320006144,-0.4950822829921827,0.37430778160530903,-0.4455554915322262,0.6451879738978689
7577344972994,-1.1508442368993381,2.4946141419000654,1.522508412300517,-0.49931548459294317,0.38437634350933025,-0.4383772819417805,0.6409089109018914
7577378245494,-1.148324424599605,2.4897525242000422,1.5197927878003132,-0.503450219974715,0.3943623992984461,-0.4311233519348365,0.6365130237814896
7577411535594,-1.1457010508,2.4849171638,1.5171214342,-0.5074920654,0.4042792618,-0.4237841666,0.6319946051
7577444831894,-1.145803660999966,2.486545575400306,1.5153490671002763,-0.5176911727863776,0.4105827088086714,-0.42057938042713816,0.6217159106906655
7577478113294,-1.1459649503999414,2.4881806298005174,1.5135886899004674,-0.5277514041104532,0.41677681172638953,-0.41726691162052276,0.6112805159117226
7577511404094,-1.1461851729999275,2.489821607100629,1.5118393139005692,-0.5376774960870725,0.42286448740748295,-0.4138452036769756,0.6006835130788137
7577544727994,-1.146464688199926,2.4914677645006367,1.5101000038005776,-0.5474736716202856,0.42884827953390675,-0.41031250287736426,0.5899198098097104
7577577982294,-1.1468025660999368,2.4931121035005375,1.508376375400488,-0.5571074320992112,0.4347083773186085,-0.40668078833743493,0.5790256230825089
7577611272894,-1.1471997612999612,2.4947579356003264,1.5066631843002967,-0.5666071680320844,0.4404620875462089,-0.40293959763718956,0.5679693189117498
7577644563594,-1.1476558447,2.4964015484,1.5049625635,-0.5759598613,0.4461014867,-0.3990938067,0.5567655563
7577677850894,-1.1440274038054972,2.524838024799456,1.505513161700311,0.6188990257133734,-0.4695260108498288,0.36891895492355714,-0.5103019947095976
7577711142394,-1.1446065094091395,2.5534914558984103,1.5064901692000547,0.6584626307146824,-0.49038852386442106,0.3367249464450356,-0.461044867725433
7577744428194,-1.1493787070108583,2.5817280837972834,1.5078855009995051,0.6944230563841748,-0.5085690476539652,0.30269730215089025,-0.4092780055182209
7577777718994,-1.1582398897106687,2.6089406553964953,1.5096826924989455,0.7265955174252005,-0.5239741872219414,0.26701104084939903,-0.3552676586001484
7577811056994,-1.1710156432086634,2.634565767096447,1.5118592313986605,0.754835671161834,-0.5365325659573305,0.2298124902835972,-0.2992359178283219
7577844296894,-1.1873620740050288,2.657937802297507,1.514370949398926,0.7788757227548733,-0.5461276099595909,0.19146971780188757,-0.24173661143435526
7577877586894,-1.2069859505,2.6786551476,1.5171869993,-0.7987003922,0.5527560115,-0.1520241052,0.1828312576
7577910876194,-1.2303702585999134,2.6899595513993684,1.5157572516981923,0.802264509576302,-0.5547244816708404,0.14883340243020654,-0.16279135244343043
7577944165994,-1.2541819107998526,2.7003872706989847,1.5147837004970481,0.8054850665892342,-0.5564553900705715,0.14557890583651095,-0.14268142324279348
7577977454894,-1.278379096099819,2.7099200407988273,1.5142680978965328,0.8083605056932215,-0.5579478930639064,0.1422621383408393,-0.12251091974040097
7578010743794,-1.3029209902998151,2.7185418469988734,1.5142113460966096,0.8108896868782078,-0.5592014014439379,0.138884433341594,-0.10228793923568019
7578044039694,-1.3277707933998426,2.7262394612991,1.51461372649724,0.8130719490578304,-0.560215566120107,0.13544650894131222,-0.08201687843145516
7578077326694,-1.3528740381999032,2.7329961242994836,1.5154743697983841,0.8149053451628735,-0.5609894891136317,0.13195148414504856,-0.061716102930463625
7578110611994,-1.3781930208,2.7388021946,1.5167918205,-0.8163896799,0.5615231395,-0.1284001321,0.0413899347
7578143901394,-1.384681339199785,2.744652688500069,1.5193089086002616,0.8179139051757945,-0.5608882505128229,0.12265687254643817,-0.037101290730551996
7578177197494,-1.3912614009996436,2.7504082065001167,1.5218133771004385,0.8193941986080364,-0.5602228970353247,0.11690582304779726,-0.032809776932479065
7578210479394,-1.3979276807995744,2.7560640104001415,1.524302883300529,0.8208295388689288,-0.5595275243091029,0.11115090263903595,-0.028518318731575027
7578243770794,-1.4046835223995762,2.7616230111001436,1.5267784303005316,0.8222208798147468,-0.5588016811408026,0.10538832614173346,-0.02422409263357572
7578277066294,-1.4115264801996485,2.7670831306001213,1.529238838100445,0.8235678932695052,-0.5580455060106587,0.09961933623276185,-0.01992802663287858
7578310349994,-1.41845183469979,2.7724407018000736,1.5316821715002682,0.8248698784754218,-0.5572594115153027,0.09384700193026986,-0.01563240513361333
7578343638294,-1.4254615307,2.7776973248,1.5341088772,-0.8261274695,0.5564430952,-0.0880687982,0.011335345
7578376929694,-1.4055736196996187,2.7810642314963183,1.5333146015010102,0.8266532472442921,-0.5535215805911048,0.09786262281831347,-0.026099342817645508
7578410217994,-1.3855794511994735,2.783719350693854,1.53253766350172,0.8269122955807235,-0.5504217706116772,0.10762396421776116,-0.040853545503157826
7578443505694,-1.3655030787994988,2.7856595382926157,1.5317758770021068,0.8269045462849811,-0.5471444299109098,0.11735040611363412,-0.055594301287633346
7578476794894,-1.3453688768996295,2.7868823481926093,1.5310270502021488,0.8266299906596337,-0.5436904017908817,0.12703942250518416,-0.0703177834695665
7578510085694,-1.3252024981998,2.787386070093839,1.5302890211018247,0.8260886791403003,-0.5400607659406145,0.136687910513798,-0.08501928256132762
7578543374494,-1.305031883799945,2.7871699766963034,1.529559694001115,0.8252808497158757,-0.5362570891216797,0.14629171450579875,-0.0996924657431001
7578576662894,-1.2848818302,2.7862343788,1.5288368464,-0.8242067695,0.5322804451,-0.1558482051,0.1143333092
7578609953994,-1.2822976150010092,2.795634225099956,1.5258041119992112,0.8145530235536784,-0.5553376861673964,0.1420995632875052,-0.08894459092774096
7578643243094,-1.2803327980017134,2.8050318152998623,1.522333516998733,0.8037120013129064,-0.5775836976986469,0.1281445245944488,-0.06342769044213692
7578676535094,-1.2789907416020896,2.8143714498997583,1.51843370949854,0.7916978544229745,-0.5989892642972758,0.11400137739269907,-0.03781606155107111
7578709821394,-1.2782717074021197,2.823593998299682,1.5141174256986027,0.7785313510187927,-0.6195177530854798,0.09969441958902492,-0.01215367415966653
7578743109894,-1.278171788801788,2.8326456151996724,1.50939781439889,0.7642287489481377,-0.6391442373015009,0.08524114548947508,0.013528130731521365
7578776400894,-1.2786838671010843,2.841471286199766,1.5042912072993677,0.7488105374040213,-0.657840079855548,0.07066247258226677,0.03919213412034955
7578809692894,-1.2797971964,2.8500168324,1.4988164902,-0.7322997451,0.6755770445,-0.0559803024,-0.0647997484
7578842978194,-1.291876672602091,2.857176740899648,1.480882587201597,0.7151390231516589,-0.6935391373929058,0.03654188827911197,0.07902109130474037
7578876268194,-1.3041130817034559,2.8628893026994224,1.4625362983026462,-0.6971195373362848,0.7106732876803472,-0.017056973974354357,-0.09314981739375021
7578909564994,-1.3164286079041065,2.8671310308993188,1.443841462503151,-0.6782612713459752,0.7269595991937654,0.0024523518291907904,-0.10716984138593863
7578942846194,-1.328735951904061,2.869883618399333,1.4248776099031206,-0.6585998151374135,0.7423679590884047,0.021949604932254858,-0.1210549943752813
7578976136294,-1.3409651885033425,2.871140622999457,1.4056990226025705,-0.6381444886231489,0.7568915183760757,0.04142578713399963,-0.13479890656302462
7579009433894,-1.3530371098019776,2.870899133899683,1.3863755480015212,-0.616920073924437,0.7705116108822062,0.06085672843591685,-0.14838442805379543
7579042714094,-1.3648649454,2.8691654205,1.3669915199,-0.5949681997,0.7832021713,0.0802046657,-0.1617852151
7579076005194,-1.3464031882995438,2.8765594057991595,1.3831447980001528,-0.61702430430421,0.7722693972694892,0.06190826963484291,-0.1380157675403265
7579109331694,-1.3276570734992175,2.8820534872985695,1.3997649730001576,-0.6381733020210433,0.7601603275974945,0.04349906323623823,-0.11401291344403915
7579142605594,-1.308799481999036,2.8856035174982506,1.416722172600073,-0.6583282458133245,0.7469260332952266,0.02505341543575574,-0.08987629234237814
7579175871894,-1.2899291479990125,2.8872001119982205,1.4339506402999571,-0.6774886789156501,0.7325716289042237,0.006574306435946366,-0.06561003704179598
7579209161594,-1.2711525033991584,2.8868356815984937,1.4513772150998683,-0.6956429042134552,0.7171045491079043,-0.011927689263753942,-0.04122797224029179
7579242451594,-1.2526061413994847,2.8845125042990842,1.468899424699864,0.7127499082381319,-0.7005576317377995,0.030411892964300895,0.016783613639147408
7579275746694,-1.2344095707,2.8802456856,1.4864286184,-0.7287861705,0.6829531789,-0.0488531291,0.0076897643
7579309030894,-1.2287800703997198,2.8789996182006847,1.482793451700121,0.7273177412811617,-0.6841613778975361,0.05267620016724516,-0.01254313146525067
7579342319894,-1.2231622271995282,2.8776695627011395,1.4791681814001951,0.725818733098058,-0.685341185822608,0.05649762307543607,-0.01739667456779076
7579375610394,-1.2175576324994284,2.8762558300013654,1.475553508300227,0.7242893168025519,-0.6864923982361473,0.060316856482775565,-0.02224970907027379
7579408897494,-1.2119681387994234,2.8747588520013627,1.4719503003002197,0.7227297839090621,-0.6876148001517371,0.06413317879034117,-0.027101318072991463
7579442187294,-1.2063937477995148,2.8731785876011338,1.4683582317001767,0.7211399148792692,-0.6887085511328062,0.06794712989455831,-0.031952187774290174
7579475476594,-1.2008360203997062,2.871515425200679,1.464777981700102,0.7195199258547271,-0.689773497618794,0.07175818359897218,-0.03680164897555299
7579508766394,-1.1952958107,2.8697695732,1.461209774,-0.7178698778,0.6908096671,-0.0755662993,0.0416496471
7579542059994,-1.2179904561016373,2.867088350301278,1.4808894332962628,0.7496947932792417,-0.6594092358553739,0.055010257309923746,-0.010537940468757605
7579575344594,-1.2402492961028484,2.8610089417022064,1.5002960964937975,0.7789712453643428,-0.6257832924461185,0.03427339951192194,0.020601064941331005
7579608651394,-1.2618564252035394,2.8516017599027323,1.5191344174926102,0.8056258215916681,-0.5900130046691546,0.013406510116424126,0.05169096045271459
7579641931194,-1.282552816103637,2.839004447702811,1.537071501692688,0.8295294612440937,-0.5522727953378771,-0.007488902278877493,0.08258055945819498
7579675212694,-1.3021422549030928,2.823376061002402,1.5538307386939898,0.8506249097480754,-0.5126602491429908,-0.028360017672654933,0.11319205476680816
7579708502794,-1.3204281637018809,2.804919316601474,1.5691378606964546,0.8688437575741986,-0.47130050825882985,-0.04914043216703647,0.14342793927876407
7579741799994,-1.3372262716,2.7838788033,1.5827335119,-0.884121418,0.428334415,0.0697587058,-0.1731840968
7579775081094,-1.3336446945000227,2.78273307869968,1.5810851193001623,0.8841237243400596,-0.436106871227167,-0.0639643600616446,0.1550632050791481
7579808371194,-1.3300958490000394,2.781429664999473,1.5794809049002925,0.8837524952751987,-0.4436971767300104,-0.0581414234681417,0.1368719011841951
7579841698594,-1.3265831242000488,2.779969136699375,1.5779213764003768,0.8830067658113917,-0.4511081724337421,-0.0522873525738178,0.11860228098825257
7579874950094,-1.3231246298000507,2.778358991799383,1.5764134442004027,0.881890032665939,-0.4583118878954745,-0.0464245423742884,0.10032420228186677
7579908239194,-1.3197146541000437,2.776596525499493,1.5749534922003567,0.880399600109905,-0.4653301952034195,-0.04053549777905655,0.08198308958602978
7579941527694,-1.3163632830000271,2.7746862907997,1.5735448086002268,0.8785371869253819,-0.47215175369661794,-0.034629431281699465,0.06360766588667656
7579974818094,-1.3130762577,2.7726311684,1.572188735,-0.8763034344,0.4787741899,0.0287083946,-0.0452043153
7580008115594,-1.3032639064977325,2.7876341530992734,1.5618744341012658,0.8618740598884367,-0.5051388818599594,-0.020378308076772298,0.039906634594033936
7580041395794,-1.2932699208961973,2.801804208098788,1.5506208947021238,0.8465903388439138,-0.5309847602936638,-0.01203217057290091,0.03457180040628811
7580074685894,-1.2831069369954136,2.8150944895985446,1.5384698158025643,0.8304553418549783,-0.5563072517025577,-0.003671517068323728,0.02920080221664202
7580107989694,-1.2727950424953973,2.8274503647985445,1.5254730623025776,0.8134824774014338,-0.5810833347665953,0.004696250935539962,0.023798366425225256
7580141264094,-1.2623696619961555,2.8388051184987875,1.511705546802158,0.7957112607372491,-0.6052565784939923,0.01305193903915747,0.018376904336734536
7580174555994,-1.2518386424976915,2.849127840399274,1.4972089331012999,0.7771348622357646,-0.628837177894943,0.021398966241944886,0.012934211947361173
7580207842894,-1.2412319183,2.8583676815,1.4820561409,-0.757784009,0.6517853141,-0.0297233388,-0.0074794004
7580241133094,-1.2509390121003092,2.8645700348005594,1.4753989157007674,0.7567349520934447,-0.6530059711667658,0.01931002823919417,0.023717856355129775
7580274426094,-1.2609129525005178,2.8703822615009313,1.4687819819012686,0.7554022560287876,-0.6539820475033722,0.008888607036390815,0.03994878965460117
7580307710594,-1.2711349218006238,2.8757926912011156,1.4622098064015088,0.753786900423495,-0.6547128704050956,-0.0015334837672126625,0.056160613452811765
7580341001294,-1.2815936666006262,2.880794555501113,1.4556816496014948,0.7518888065060565,-0.6551985141964127,-0.011956941170388806,0.07235441384987472
7580374295594,-1.2922723755005239,2.885378694800926,1.449200141501233,0.7497087091948069,-0.6554386505932415,-0.022377044273177268,0.0885228476471676
7580407578894,-1.3031498740003156,2.8895352809005543,1.4427701370007318,0.7472484750008737,-0.6554331662053838,-0.032785322276323116,0.10465277774666074
7580440868894,-1.3142151833,2.8932592869,1.4363901615,-0.7445077896,0.6551821232,0.0431834124,-0.1207467467
7580474196394,-1.317529142700337,2.89477529949854,1.4287496886998923,0.7432370103724854,-0.6581656984717111,-0.04757005957247413,0.11024404383043124
7580507446694,-1.3206589235005624,2.89628774869758,1.4210527517998182,0.7418654513191666,-0.6610505117977746,-0.05193990727026587,0.09975028332624243
7580540737594,-1.3236143893006762,2.897799949797111,1.4132759514997792,0.7403885988037568,-0.6638465162688213,-0.056307835763492464,0.0892297777134447
7580574064294,-1.326393081000677,2.8993096310971262,1.4054239619997768,0.7388065156070593,-0.6665525993567267,-0.060672579057667556,0.07868546840324489
7580607316294,-1.328984785100565,2.9008097560976176,1.3975267562998122,0.7371248492562482,-0.6691595739865319,-0.0650190701555547,0.06815380889740216
7580640606294,-1.3313973699003392,2.902303383098578,1.3895615318998864,0.7353383060344856,-0.6716760653522471,-0.06936144694695984,0.05760059538478181
7580673893994,-1.3336265087,2.9037866592,1.381541729,-0.7334491611,0.6740985513,0.0736938342,-0.0470400639
7580707185594,-1.3326885534002142,2.902595294698428,1.399443702800023,0.7373315719488268,-0.6673687246588026,-0.07916490714732172,0.06851317998101832
7580740473194,-1.3313044063003685,2.9012271939973506,1.4173018847000283,0.7408070601427654,-0.6602718177611686,-0.08459168285231199,0.08994594768642475
7580773763994,-1.3294682123004549,2.8997004066967857,1.4351081077000225,0.7438744472346581,-0.652810195861943,-0.08997234155667849,0.11133118469158522
7580807052794,-1.3271756585004661,2.8980338500967506,1.452847675800012,0.7465315411157064,-0.6449891181535823,-0.09530307385925305,0.13265375869477142
7580840342994,-1.324422954400397,2.8962463546972637,1.470510634600002,0.7487771591141785,-0.6368121078605445,-0.10058148666361412,0.153904092900896
7580873630294,-1.3212079324002426,2.8943574201983413,1.488083112099997,0.7506098013024877,-0.6282847525590093,-0.10580399196621762,0.17506773310498228
7580906920594,-1.3175284863,2.892386198,1.5055568218,-0.7520288229,0.6194102764,0.1109686419,-0.1961367726
7580940211494,-1.3290339490986576,2.88359073239972,1.5102680484015096,0.7534690774177988,-0.5948232345705249,-0.1372589321706689,0.2441918396048432
7580973500694,-1.3393552844976828,2.8734154358996284,1.5149415121025542,0.7521916971053179,-0.5680920798525554,-0.16305282376689423,0.29136371818787216
7581006792694,-1.3483522716971357,2.86199991059967,1.519489793203099,0.7482009395537157,-0.5393094849803408,-0.18826072597816856,0.33748856649574005
7581040077194,-1.3558999963970646,2.8495068045997876,1.5238253023031205,0.7415130032601627,-0.5085885701770962,-0.21278407188141005,0.38238602358726165
7581073368894,-1.3619002363975055,2.8361050788999216,1.527866780602608,0.7321490968470515,-0.4760266159618593,-0.23654523637940075,0.4259139725674197
7581106661594,-1.3662720430984816,2.8219844466000117,1.531534429401563,0.7201437539639943,-0.4417464657672819,-0.25945380008784125,0.46790678476459413
7581139945694,-1.36895895,2.8073470592,1.5347537994,-0.7055446506,0.4058822095,0.2814208567,-0.5082014799
7581173235494,-1.3814349209034795,2.785550674601805,1.5334540945972759,0.68713377565712,-0.40395968377680513,-0.2880873692988737,0.5307253676663561
7581206530894,-1.3926506371058496,2.7630552240027892,1.5325615667952828,0.6681050831528215,-0.4016754453923762,-0.29449727480712523,0.5527782462845066
7581239813994,-1.4025629217070705,2.739953509603079,1.5320878520941341,0.6484859788133813,-0.39903286058661364,-0.3006414648988754,0.5743286698728989
7581273104394,-1.411145019107113,2.716314774602807,1.5320423612939356,0.6282825938079898,-0.3960328178015628,-0.3065181209053875,0.5953701630907356
7581306400594,-1.4183676254059554,2.692224414102109,1.5324336039947872,0.6075135715822746,-0.3926779259036182,-0.31212156170126903,0.6158826491893906
7581339696994,-1.4242058905035844,2.667772623101125,1.5332683268967817,0.5862008358810222,-0.38897165492145547,-0.3174457572091481,0.6358441813132881
7581372971994,-1.4286390543,2.6430630684,1.5345506668,-0.5643777847,0.3849200606,0.3224827647,-0.6552245021
7581406260394,-1.4372440088002951,2.645027179899473,1.5362678331991952,0.5722991391811755,-0.3965071686300704,-0.3151632512109662,0.644924713128272
7581439552794,-1.4457916484005042,2.64730930799912,1.5378805377986475,0.5800172920715557,-0.40795422471259263,-0.30773043169888,0.6343936261057074
7581472839094,-1.4542672531006198,2.6499054165989424,1.5393857897983638,0.587527163482723,-0.41925368370962296,-0.30018921949782235,0.6236382071066087
7581506152094,-1.4626670611006338,2.6528145882989422,1.5407826112983516,0.594833278986403,-0.4304125091013435,-0.29253477529266275,0.6126514893998392
7581539418994,-1.4709608810005397,2.6560259910991184,1.5420658444986164,0.601917253326182,-0.44140247101953484,-0.28478664660446384,0.6014615903296718
7581572708394,-1.4791541392003307,2.6595412797994715,1.5432362119991643,0.6087913922404335,-0.4522424739194453,-0.2769317314031976,0.5900496603330959
7581605996894,-1.4872293472,2.6633532047,1.5442909002,-0.6154482365,0.4629209042,0.2689782679,-0.5784276128
7581639287494,-1.4973296498997481,2.6596504905996197,1.5407425402000892,0.6030368164103127,-0.4518578480882362,-0.2840630811793364,0.5928568537899221
7581672577694,-1.507227896299562,2.6554694723993797,1.537156764800138,0.5901961100322047,-0.4404731472066818,-0.29894542458755513,0.6068637338075665
7581705864994,-1.5168988162994526,2.650822160999272,1.533528069000152,0.5769362556132723,-0.42877578629470775,-0.3136135991750223,0.6204372590832861
7581739159094,-1.5263212692994315,2.6457200789992905,1.5298497297001385,0.563262760961544,-0.41677063383263485,-0.3280613931999988,0.6335716401326672
7581772443894,-1.5354675300995093,2.6401799907994237,1.5261180142001038,0.5491920189162527,-0.40447207650137335,-0.3422715594703906,0.6462512245768394
7581805758894,-1.544325743699696,2.634210428999664,1.5223230729000552,0.5347169887239172,-0.3918740108092908,-0.3562506070720371,0.6584815916812492
7581839028394,-1.5528544188,2.6278419495,1.51846838,-0.5198811293,0.3790142238,0.369957,-0.6702265739
7581872311694,-1.561490607101413,2.6158990764008543,1.5220264342999332,0.501496672331333,-0.36742845831157767,-0.37714368007797694,0.6864838382952781
7581905601894,-1.5694276043023936,2.6035084744013686,1.5256935957999314,0.4827130232393348,-0.35555060961202994,-0.38403450798882666,0.7022032454164786
7581938898294,-1.5766404544029164,2.590710267001574,1.5294668362999697,0.4635451550329828,-0.3433901222019254,-0.3906237262888479,0.7173717430173913
7581972180094,-1.5831028517029575,2.577553982401504,1.5333404134000217,0.4440202921221555,-0.33096428248845994,-0.3969021400848207,0.7319681107102576
7582005470794,-1.5887998296024965,2.5640729590011944,1.5373133684000617,0.4241401391143995,-0.3182741851772372,-0.40286931078315164,0.7459912894068482
7582038767194,-1.5937130263015151,2.550311845600681,1.5413814047000631,0.4039220561964788,-0.30533088695830757,-0.4085197524709284,0.7594284915832125
7582072047894,-1.5978248119,2.5363240242,1.545537591,-0.3833951354,0.2921530306,0.4138455391,-0.7722607851
7582105338294,-1.6064709592996116,2.532222478699476,1.548060154100311,0.37606175870089076,-0.2861257070585996,-0.42424579147707303,0.7724798649913158
7582138627094,-1.6150328886993444,2.5278869734991316,1.550474529900515,0.36865417321977084,-0.28004194337544064,-0.4345614287950833,0.7725457754215795
7582171917094,-1.6235055750992033,2.523320884098964,1.552777555000614,0.3611732121229185,-0.27390242488046146,-0.44479125929548047,0.7724584831198097
7582205207394,-1.6318831072991935,2.5185282369989705,1.55496587950061,0.35362055650930707,-0.26770853117294285,-0.4549329716744674,0.7722179974817421
7582238494994,-1.6401591411993202,2.5135135864991476,1.5570361296005049,0.34599839222349754,-0.2614620544866248,-0.4649836506890607,0.7718244044044353
7582271785594,-1.6483295721995874,2.5082803456994918,1.5589855627003006,0.338306924731521,-0.2551631633957687,-0.47494302279646283,0.7712777125144507
7582305074994,-1.6563879251,2.5028336048,1.5608109236,-0.3305486441,0.2488138974,0.4848078489,-0.7705780864
7582338363094,-1.6551627135010678,2.4929047052995177,1.5545718554000125,0.2678295694091127,-0.20964851458250278,-0.5082014710707605,0.791230741873061
7582371653694,-1.6523400640016894,2.4833673550990336,1.548239193200043,0.20338040211970135,-0.1691296139916684,-0.528322947115887,0.8067877349436106
7582404942994,-1.6480027740018979,2.4744732570986567,1.5418280230000805,0.13762357090019672,-0.1275227604756684,-0.545040186187814,0.8171468006017627
7582438231494,-1.6422724448017487,2.4664562588984875,1.5353546495001105,0.07098179559354964,-0.08509544957046082,-0.5582460742014066,0.8222418560225663
7582471525094,-1.6353051947013184,2.4595266441986126,1.5288359156001181,0.00387249408365711,-0.04211337936116118,-0.5678571810931635,0.8220399558107143
7582504810294,-1.6272931708007001,2.4538705264991,1.5222936081000866,-0.0632448552238327,0.0011291260472426907,-0.5738082461815563,0.8165432688940203
7582538100294,-1.6184494495,2.4496362209,1.5157449245,0.1299644709,-0.0443705842,0.576063931,-0.805785954
7582571394994,-1.6076143580997528,2.445884986500597,1.5138091815999326,-0.13870883273206855,0.054193998352933044,-0.5786310104014477,0.8018784347183986
7582604678194,-1.5967021176996044,2.4424334579009983,1.5117757999998804,-0.14742317582275458,0.06400347074656197,-0.5810845801793131,0.7978161903850779
7582637968894,-1.5857150276995444,2.4392822883012006,1.5096451747998483,-0.15611077142634291,0.07380268844573702,-0.5834255347076097,0.7935976535209723
7582671282894,-1.5746563549995638,2.4364328461012037,1.5074177760998402,-0.16477400861849378,0.08359437423951269,-0.5856543714924024,0.7892214288975787
7582704546694,-1.5635591893996528,2.4338932545010055,1.5051003198998598,-0.17339212601097218,0.09335503803308101,-0.5877658773796176,0.7846982100778653
7582737836694,-1.5524067628998015,2.4316593170006042,1.5026893442999119,-0.18198327322047586,0.10310521393596048,-0.5897646139230632,0.7800186557329009
7582771134494,-1.54121387,2.4297344685,1.5001878738,0.1905409843,-0.1128375903,0.5916489363,-0.7751860619
7582804414394,-1.5200683506988322,2.4186080196020336,1.4983667066007724,-0.19033090950275353,0.10563912602396931,-0.5955004065043515,0.7733005792018384
7582837704794,-1.4990009266980404,2.4073076420033845,1.4966131323012892,-0.19010739908977378,0.0984309704173166,-0.5993112621898039,0.7713601829797097
7582870994894,-1.4780206077976328,2.3958369668040542,1.4949251192015487,-0.1898705272820726,0.0912159608135472,-0.603079955291667,0.7693655820790857
7582904283594,-1.4571301926976172,2.3841964776040467,1.4933000673015506,-0.18962031947421162,0.08399484300965945,-0.6068060997929083,0.7673169866778656
7582937573794,-1.4363299486980015,2.3723852987033656,1.4917351669012935,-0.18935677146835497,0.07676749560654805,-0.6104897580004915,0.7652143621847941
7582970861594,-1.415624370198793,2.3604050078020156,1.490227914000777,-0.18907993317009478,0.06953527340604254,-0.614130241432715,0.7630581047223958
7583004152194,-1.3950122595,2.3482539654,1.4887753725,0.1887897849,-0.0622975565,0.6177278757,-0.7608480453
7583037440294,-1.3941538514008847,2.3427361019993556,1.4919211345990644,-0.18585707896521642,0.05905239611156261,-0.6178718790071495,0.761711429508692
7583070729594,-1.3933483977014753,2.337210666398932,1.4950680800984393,-0.18292057327664762,0.055805944924101854,-0.6180036063081524,0.7625597045303332
7583104019994,-1.3925959704017712,2.3316781415987267,1.4982161269981251,-0.1799803303732101,0.05255827603209318,-0.6181230394581585,0.7633928322890465
7583137308994,-1.391896685701772,2.326139411298734,1.5013649661981232,-0.17703662959224226,0.04930969774653698,-0.6182301671849892,0.7642107339426637
7583170597994,-1.3912505665014774,2.3205947113989516,1.5045146571984347,-0.17408940588876054,0.04606013825461107,-0.6183249927328099,0.7650134284986344
7583203893094,-1.3906575609008869,2.3150434932993753,1.50766570459906,-0.1711381770039242,0.04280906646757629,-0.618407528246222,0.7658010428357658
7583237177594,-1.3901180029,2.3094890118,1.5108164549,0.1681844741,-0.039558176,0.6184777021,-0.7665731311
7583270466794,-1.3809543826001467,2.307346169301993,1.5055465818994376,-0.18738061749646087,0.0520935617591739,-0.6142524531286343,0.764767081427635
7583303761494,-1.3716693584003232,2.3055899838033462,1.5003429437990319,-0.20647744919160502,0.06460252734281469,-0.6096905541564688,0.7625424608561985
7583337044894,-1.3622859099004836,2.3042267792040407,1.4952060859988021,-0.22545493087272964,0.0770719336220402,-0.6047969190422241,0.7599017554328756
7583370336394,-1.3528170714005798,2.303260386404063,1.4901307998987667,-0.24431376237390887,0.089502234808201,-0.5995714196802042,0.7568449300759749
7583403642194,-1.343279683200564,2.302694843003401,1.4851138589989437,-0.2630470117524315,0.10188890138610097,-0.5940156085615482,0.7533726688483616
7583436912694,-1.3337068094003872,2.302533546902049,1.4801602042993491,-0.2816166762410778,0.11420676796771806,-0.588141103867319,0.7494924307523242
7583470203294,-1.3241014481,2.3027780056,1.4752589464,0.3000436425,-0.1264696568,0.5819416046,-0.7452002168
7583503498294,-1.3143815012998739,2.3063281389995356,1.4795435748999308,-0.3023068459263032,0.13825131455170264,-0.5742232771690092,0.7481742931216628
7583536780994,-1.3046885450997523,2.3101344603992002,1.4836551089998433,-0.304505078352377,0.1499992890675244,-0.5663859790196547,0.7509885440582947
7583570071094,-1.2950229052996574,2.3141949723990085,1.4875907902997623,-0.3066391647377338,0.16171803636280294,-0.5584267167934862,0.7536440149932537
7583603360694,-1.2853929284996128,2.3185043812989767,1.4913445501997131,-0.3087081258645216,0.17340227807940384,-0.5503490312417327,0.7561394625288209
7583636650794,-1.2758043393996399,2.323058195899121,1.49491157529972,-0.3107115844623707,0.18504988497960093,-0.5421543945369292,0.7584744318922131
7583669939294,-1.2662637188997616,2.3278512891994567,1.4982868828998077,-0.3126489922662378,0.19665765168240062,-0.533845068842097,0.7606482880692275
7583703227694,-1.2567765713,2.332878828,1.5014660358,0.3145200312,-0.2082236409,0.5254224539,-0.7626606822
7583736519094,-1.2552164828998904,2.329111862899239,1.5074014616994802,-0.31330554379315817,0.1997802488011472,-0.5335797891756224,0.7597500227053129
7583769806894,-1.2537347405998218,2.3252068031987405,1.5132663502991217,-0.3120448958837378,0.19130825159679318,-0.5416574042495421,0.7567274226863552
7583803096194,-1.252332421499792,2.3211654846984993,1.5190584041989323,-0.31073808408687226,0.18280760530021908,-0.5496553492447522,0.7535928738974705
7583836386194,-1.2510108317997977,2.3169904924985105,1.5247743171989183,-0.3093853282582814,0.17427976758556096,-0.5575722419826825,0.7503469039312705
7583869675794,-1.249771233099836,2.312684542998768,1.5304107850990876,-0.3079868723917597,0.16572627990570188,-0.5654066500323085,0.7469900981152305
7583902963594,-1.2486148375999044,2.3082504879992665,1.535964511399446,-0.3065429865802351,0.15714876830104887,-0.5731570945997091,0.7435231044896677
7583936257694,-1.2475425005,2.3036899567,1.5414338112,0.3050535321,-0.1485464126,0.5808243155,-0.7399455905
7583969544694,-1.2555893753001535,2.3024341106000246,1.534252163400168,-0.3089857946886582,0.15414216080515708,-0.565836004500194,0.7487306518062367
7584002854794,-1.2635676581002604,2.30083659070004,1.5270504950002826,-0.312812969385424,0.15968800590185264,-0.5506398528910579,0.7572605491925999
7584036128094,-1.2714590946003177,2.2989010426000465,1.5198541579003422,-0.3165268986040607,0.16517207230977443,-0.5352685855196527,0.7655171130319555
7584069410694,-1.2792708713003227,2.2966262420000456,1.5126655788003451,-0.32013156859544284,0.17060011530347435,-0.5197065020017597,0.7735092315054537
7584102711694,-1.287001289100273,2.294012654000037,1.5054951955002902,-0.32362656960982705,0.1759716537093826,-0.503954543121125,0.781235968834602
7584135995794,-1.294638535800166,2.2910650061000224,1.4983629657001756,-0.32700697131089407,0.18127911750810974,-0.4880348839190317,0.788686423331665
7584169279194,-1.3021829128,2.2877845764,1.4912776947,0.3302733302,-0.1865232885,0.4719454646,-0.7958618402
7584202569394,-1.2892720591006377,2.2936063747983066,1.5040939494019094,-0.3468185549186494,0.20532148142210652,-0.4599628999228133,0.7911978955516549
7584235864994,-1.2765805274010258,2.3003561741972116,1.5166766136032457,-0.36309155918579555,0.22395997601384746,-0.4476138054785878,0.7859060566867276
7584269147194,-1.264164785801186,2.3080120157966966,1.529001467503966,-0.37907036428959273,0.24241354382793667,-0.4349150668821355,0.7799937290036659
7584302437394,-1.2520653170011404,2.316557904496742,1.5410600955040334,-0.39475265068026233,0.2606794683339583,-0.42186866927093275,0.773461948293259
7584335728094,-1.2403324939009122,2.3259687413973236,1.5528341276034134,-0.4101223433632526,0.27873908693480065,-0.4084877581533635,0.7663171251693566
7584369015394,-1.2290140007005244,2.3362170596984186,1.5643075753020774,-0.42516550510211515,0.2965760016743861,-0.39478454668986784,0.7585658377471092
7584402305894,-1.2181526423,2.3472759724,1.575469017,0.4398732185,-0.3141796291,0.3807671964,-0.750212729
7584435594194,-1.1978394983013594,2.347374327703846,1.5682627685968278,-0.4442061435775489,0.31029437095630424,-0.39228058217616374,0.7433130230315648
7584468917994,-1.1775440155023242,2.347729545306399,1.5609468898947048,-0.44844848056291065,0.3063384632314345,-0.4037221659721889,0.736246642728199
7584502172994,-1.1573307924028573,2.3483428409076614,1.55355202599364,-0.45258616936933543,0.3023252190203203,-0.4150538027864335,0.7290374215583361
7584535462494,-1.1371380787029257,2.349218211007646,1.5460630310936323,-0.4566313251585131,0.2982431327969808,-0.42630839888417893,0.7216647529595932
7584568752594,-1.1169875686024946,2.3503574464063584,1.5384951493946872,-0.46057880966523956,0.29409713268444737,-0.4374719445975854,0.7141374757875018
7584602043294,-1.0968802935015303,2.351762604803808,1.5308562019968086,-0.46442777282105274,0.28988810263926035,-0.44854204506134765,0.7064571930364006
7584635330194,-1.0768198967,2.3534352779,1.5231550932,0.4681769311,-0.2856175303,0.4595149159,-0.6986266375
7584668623794,-1.067352781800335,2.351345615898335,1.5204845970002605,-0.46716108484939667,0.2822547019367164,-0.47136079508247924,0.6927566707698767
7584701910294,-1.057929050700555,2.3492691223972244,1.517662745500433,-0.46605810204906145,0.27883981293488674,-0.4831160086700749,0.6867584192447589
7584735198694,-1.0485476790006607,2.3472091907966695,1.5146896219005186,-0.4648678763595026,0.2753725696400246,-0.4947815224687902,0.6806313616358874
7584768494394,-1.0392086642006555,2.3451694405966697,1.5115656048005175,-0.46359040116958977,0.27185303704540764,-0.5063570083673872,0.6743755973267693
7584801778794,-1.0299186832005414,2.343154937497225,1.50829350230043,-0.46222664490425175,0.2682838486655078,-0.5178338516937958,0.6679958138534624
7584835067694,-1.0206747455003216,2.341168629098335,1.5048729543002575,-0.4607762417846877,0.2646639934546138,-0.5292153824596115,0.6614902150021286
7584868362694,-1.011477828,2.339214325,1.5013049841,0.4592393637,-0.2609939575,0.5404999852,-0.6548596621
7584901645694,-1.0066760776003159,2.3326102144998666,1.4969160480998884,-0.45751988371894325,0.26364848046721784,-0.5427269413821095,0.6531558021231628
7584934935494,-1.0019031250005292,2.3260159207997755,1.4924772223998157,-0.4557918875383089,0.26629884067057996,-0.5449446669998442,0.651439937845539
7584968232094,-0.9971594044006389,2.319431489599728,1.4879887410997807,-0.4540553896189387,0.26894498125124855,-0.5471531028711507,0.6497120764124918
7585001513794,-0.9924484094006426,2.3128612462997262,1.4834538145997829,-0.4523115555402747,0.2715851321559872,-0.5493507738914157,0.6479733790376381
7585034804094,-0.9877672165005387,2.3063005856997703,1.4788695255998208,-0.45055918763594743,0.27422111174539054,-0.5515391952805555,0.6462226523259877
7585068094094,-0.9831174976003252,2.299751302499861,1.4742373558998934,-0.4487987825528623,0.27685216644776345,-0.5537177391957014,0.6444603913447667
7585101381694,-0.978499949,2.2932138443,1.4695578814,0.4470305145,-0.2794781029,0.5558862686,-0.6426867843
7585134672094,-0.9716086688008921,2.2998827566005455,1.469581127701135,-0.4721884141415751,0.2873081145477758,-0.545341984602296,0.6301541626423615
7585167961694,-0.9651191347015444,2.3069398051008703,1.4697915303018179,-0.4968912857021518,0.2948614396383843,-0.5342731316841777,0.6170153988094814
7585201251194,-0.9590567879019202,2.3143596467009964,1.4701834549020896,-0.5211158614978557,0.3021309595494301,-0.5226901131053336,0.6032828423210972
7585234540794,-0.9534455419019838,2.3221154542009472,1.4707505744019953,-0.5448389727960434,0.3091097213609752,-0.5106040072277879,0.5889696271333673
7585267828794,-0.948307864401704,2.3301786462007468,1.471485844701582,-0.568036611862559,0.31579067255396337,-0.4980270963213549,0.5740902978115376
7585301122094,-0.9436631646010514,2.3385215912004225,1.4723817938008994,0.590691169058803,-0.3221687169629028,0.48496879834195306,-0.5586559990201336
7585334429294,-0.9395291805,2.3471162319,1.4734305143,0.6127862334,-0.3282391131,0.4714379311,-0.5426771641
7585367696794,-0.943356826500418,2.3390851049010237,1.4825334771006566,0.5966956953187741,-0.32007568164582,0.48400757021810414,-0.5542945761764004
7585400990094,-0.9474379402006732,2.331216917301739,1.4916823198011024,0.5802232250869407,-0.31170773927680656,0.4962872711597099,-0.5655777920229014
7585434296394,-0.9517624608007782,2.3235266497021256,1.5008774397013318,-0.5633846847083767,0.30314332438283426,-0.5082641523646141,0.576514850926884
7585467564794,-0.9563139940007469,2.316037046102163,1.5101084720013396,-0.5462166265695966,0.2944010399565347,-0.5199128465134986,0.5870826658671436
7585500860594,-0.9610912681005954,2.3087440415018325,1.5193971366011223,-0.5286961569990075,0.2854692328670682,-0.5312491481258772,0.5972955995788839
7585534144694,-0.9660781878003405,2.3016665644011174,1.5287360592006762,-0.5108544565166296,0.2763637916713848,-0.5422524998278968,0.6071350799785095
7585567434594,-0.9712661505,2.2948105335,1.538133502,0.4926932752,-0.2670856118,0.5529219508,-0.616600275
7585600729994,-0.9932037008991674,2.2780131992996138,1.5324114084965637,-0.45967861531260623,0.24875662607665658,-0.5643885448136458,0.6389689210676675
7585634011494,-1.0166152566987143,2.263189682599262,1.5271533533944364,-0.4257324058135904,0.22992372238911282,-0.5746896984228138,0.6600142051877382
7585667302194,-1.041329377198582,2.2504579695990077,1.5223533496935377,-0.39090113288468215,0.210612687684779,-0.5838116220887356,0.6797077239591922
7585700597194,-1.0671451128987095,2.239932700598907,1.51800636279377,-0.35526105509314887,0.19086580869985922,-0.5917334862086542,0.6980052342947036
7585733880094,-1.0938423254990322,2.2317115738990116,1.5141046280950154,-0.31890329506998905,0.17073356879715668,-0.5984355214741905,0.7148605902672239
7585767170194,-1.1212219075994845,2.2258636966993635,1.5106323879971417,-0.28188172907174514,0.15024579810696084,-0.6039080947834637,0.73024920679295
7585800460194,-1.1490581036,2.2224459648,1.5075736046,0.2442804277,-0.1294490248,0.6081383824,-0.7441356182
7585833748294,-1.1805039563012376,2.2093199991009196,1.4974763132035331,-0.21166096828122938,0.10274183130921288,-0.6417209221965532,0.7299575389162627
7585867038894,-1.2131044069018886,2.199581784901584,1.4871974370056655,-0.17838155639179992,0.07571347660500663,-0.6733125292066562,0.7135108463176704
7585900328194,-1.2465721076020393,2.1933198044019684,1.4770053065065103,0.14454931970077917,-0.04845098060109613,0.7028113307137388,-0.6948483504141157
7585933621594,-1.280618060301796,2.1905775212020417,1.4671644321062034,0.1102638193094102,-0.02103459759812409,0.730130193222169,-0.6740247301105096
7585966906894,-1.314928127901282,2.191355634301767,1.4579400391049002,0.0756441762151306,0.006440454803764955,0.7551746582082944,-0.6511126743864235
7586000195494,-1.3492090564006338,2.1956102770011023,1.4495828990027713,0.04078615002454226,0.033898223904973164,0.777875995336933,-0.6261759626980581
7586033486394,-1.3831552267,2.2032556534,1.4423367977,0.0057990151,0.0612525865,0.7981624603,-0.5992923379
7586066777194,-1.3843074261002075,2.2023662222008493,1.4364838221999048,0.010259439734545092,0.05376313340419417,0.7988941087108313,-0.5989761868805992
7586100063294,-1.3854545436003463,2.2014612990014153,1.4306331009998394,0.01471844913816218,0.04627062280630822,0.7995645042195895,-0.5986142333023546
7586133356194,-1.3865967015004153,2.200540656401698,1.424782591899805,0.019177241640729214,0.038773036205880046,0.8001737704844405,-0.5982063373913258
7586166642694,-1.3877331748004154,2.199604750901698,1.4189345933998023,0.023633707944294112,0.03127392040782682,0.8007216182996051,-0.5977526911179826
7586199931494,-1.388863991400346,2.1986534371014144,1.4130875548998334,0.028088671446541678,0.023771890608061737,0.8012081600751505,-0.5972532193151233
7586233227194,-1.3899890366002077,2.197686678400849,1.407240646899899,0.032542405750495,0.016266484009539634,0.801633400401768,-0.5967078721503816
7586266511894,-1.39110744,2.1967051029,1.4013969898,0.0369921774,0.0087623112,0.8019971251,-0.5961170197
7586299800994,-1.3639707890999684,2.192854415201067,1.4029548647026104,0.07658610554014839,-0.03893675899436979,0.7945540744665289,-0.6010842869230946
7586333096194,-1.3365756219000426,2.1924052628018162,1.4047525130038352,0.11588675483163373,-0.08649176889818332,0.783991842983805,-0.6036938165182025
7586366378194,-1.3093597576001603,2.1953663609022067,1.4067172487039568,0.1547173290217336,-0.133688724398658,0.7703589315826636,-0.6039345904978928
7586399669394,-1.282724165600264,2.201695162502218,1.40877614790329,0.19295168152897244,-0.18037426101219883,0.75370021144741,-0.6018062527288786
7586432978994,-1.257072772600301,2.2113007823018425,1.4108541283021716,0.23044947531240403,-0.22637729140084864,0.7340727422115728,-0.5973136281788947
7586466246394,-1.2328453723002257,2.224014358001094,1.4128714758009566,0.2669963875004206,-0.27143464329022243,0.7115923003987226,-0.5904850222460255
7586499536294,-1.2103661299,2.2396609783,1.4147571325,0.302520901,-0.3154579401,0.6863059998,-0.581336081
7586532827194,-1.2227864322996667,2.2315505176012813,1.4217228369005273,0.2694320470279166,-0.28464787441501616,0.6979345100588232,-0.5993908401821887
7586566114494,-1.2359049271992937,2.224802087902159,1.4288551767009658,0.2356718877166652,-0.25312814389942523,0.7078135509988744,-0.6159422709381613
7586599405194,-1.2495853639989698,2.2194788852026073,1.436140124301258,0.2013178848339254,-0.2209710674132185,0.7159204063188542,-0.6309523503629287
7586632696194,-1.263681935398786,2.215631994002614,1.4435599785013509,0.16645920424251043,-0.18826009541664943,0.7222337160107243,-0.6443818194626575
7586666005394,-1.2780536191988354,2.213296178002173,1.4511004236011975,0.13116410315504257,-0.1550592124236553,0.7267395470203617,-0.6562029026777683
7586699273294,-1.2925231132992097,2.2124944436012965,1.4587283195007585,0.09558436866519135,-0.12151128212709253,0.7294204598192886,-0.6663665879827142
7586732561694,-1.3069646358,2.213228941,1.4664372206,0.0597433709,-0.0876384154,0.7302764654,-0.6748678684
7586765879894,-1.3300548883985186,2.2090041954986805,1.4580282349975893,0.030476162962927624,-0.05588348333069373,0.7365971423076345,-0.6733297035822137
7586799140394,-1.3533881224976771,2.206879450297768,1.4496249794960987,0.001201635651393449,-0.024077206531960396,0.741505685597563,-0.6705133573791552
7586832429894,-1.3768423157973892,2.2068631040972897,1.441225584095467,-0.028100686860987018,0.007802607367008652,0.7450073104343072,-0.6664184707191548
7586865722694,-1.400216202397568,2.2089588231972663,1.4328564943956275,-0.057352401270389666,0.03967072116586122,0.7470905936960953,-0.6610541435930317
7586899009494,-1.4233205788981238,2.21315027629771,1.4245397529964994,-0.08648965748397718,0.0714575686682702,0.747751160120331,-0.6544322406231396
7586932297694,-1.4459799792989652,2.2194065167986237,1.4162928214979904,-0.11546348029477639,0.10310971216952747,0.7469881936144727,-0.6465641581274995
7586965594294,-1.4680216312,2.2276825905,1.4081327915,-0.1442247033,0.1345734596,0.7448023558,-0.6374626756
7586998878994,-1.4500798656998508,2.2123740370985425,1.4151984543004041,-0.09725239989702504,0.08461422586206552,0.7485642144911685,-0.6504106551089491
7587032165694,-1.4302208962995264,2.199791034297554,1.4225158624004774,-0.04980224249262209,0.034238690957453244,0.7486698864980502,-0.6601824367061144
7587065461794,-1.408837424699158,2.1901747043970676,1.4300571063003333,-0.0020953346871640005,-0.016318363346924623,0.7451170044033988,-0.666730808002099
7587098744294,-1.3863720435988824,2.183715586397094,1.4377829583000918,0.045602353221554565,-0.0667750943544146,0.7379260640467172,-0.6700198774328533
7587132068994,-1.3632354396988402,2.18053007069762,1.4456688942998754,0.09313729852774424,-0.11696898205628749,0.7271155236231388,-0.6700348619034076
7587165329594,-1.3399631515991688,2.1806840050986076,1.4536490639998059,0.14012628532634996,-0.16649546454829353,0.7127761397751862,-0.6667788681509565
7587198616294,-1.3169571161,2.1841659546,1.4617022276,0.186467886,-0.215247795,0.6949452162,-0.6602646112
7587231902994,-1.2958849898999008,2.186517563301913,1.467218067599226,0.2094444274264911,-0.2247621133368168,0.6779857358723095,-0.6677951528590489
7587265193594,-1.2751187169999418,2.1900287520030863,1.4732624841988933,-0.23222198523284057,0.2340611225392326,-0.6603714391022332,0.6746835576092235
7587298480894,-1.254733156600061,2.19469574420358,1.4797935230988946,-0.25477368891283486,0.243133842416655,-0.642123043058661,0.6809216545848314
7587331771694,-1.2347930595001937,2.200512002403454,1.48676997929912,-0.27708242531608746,0.2519733869180151,-0.6232543880761224,0.6865047047252315
7587365061694,-1.2153682445002727,2.2074649898027725,1.494146749099456,-0.2991238012053895,0.2605700740078853,-0.603786005361265,0.6914265310312082
7587398348894,-1.1965249924002312,2.2155378034016,1.5018775318997877,-0.320875313586927,0.2689151493929522,-0.5837379066343615,0.6956822061225879
7587431639694,-1.1783226728,2.2247114182,1.5099166632,0.3423202038,-0.2770021856,0.5631255507,-0.6992684603
7587464927794,-1.1678209381992966,2.2301099475988004,1.5084180660999502,-0.3575070057940729,0.2792566978021569,-0.5524989632524596,0.6992491209474265
7587498217994,-1.1574533148988135,2.2358073400980345,1.5070965801998737,-0.37257012710058746,0.28141399480805007,-0.5416790881615006,0.6989860008376078
7587531508194,-1.1472329938985597,2.241800468997682,1.505946944099796,-0.38750333683256755,0.28347316533186295,-0.5306703347051673,0.6984791509732169
7587564795894,-1.137173043298543,2.2480856432977223,1.5049636241997435,-0.40230032171622626,0.28543334801957654,-0.5194773890822649,0.6977288135211485
7587598089194,-1.127283135098772,2.254660816798136,1.5041405706997424,-0.4169595029988339,0.2872943224068625,-0.5081014052614008,0.6967350336700009
7587631375594,-1.1175788275992549,2.2615194856989023,1.503472027099819,-0.4314702749311701,0.2890547468277124,-0.4965506308009132,0.6954985451015716
7587664664494,-1.108068943,2.2686591148,1.5029515028,0.4458317161,-0.2907145321,0.4848258793,-0.6940194964
7587697960494,-1.1135454960984306,2.2517311378993368,1.5144021542998467,-0.4137552580206769,0.27439782421805414,-0.4926596356939074,0.714701968573326
7587731243894,-1.120363928897423,2.235475924798806,1.5260899630997835,-0.38095311221835354,0.2575979739154036,-0.499611904795171,0.7341021418799775
7587764532594,-1.1284663732969589,2.2199972328984643,1.5380160168997867,-0.3474663763957601,0.2403360646985919,-0.5056743013673375,0.752196247143157
7587797828294,-1.137783684497016,2.2054019080983642,1.550174248699834,-0.31335270681559424,0.22264175701104702,-0.5108358254021327,0.7689522017993681
7587831114594,-1.1482322442975652,2.1917978964985574,1.562550202699901,-0.2786898045173421,0.20455536481109354,-0.5150848281130621,0.784332018620191
7587864401194,-1.159727661898573,2.1792746279990887,1.575137376999964,-0.24352961610082138,0.18610403619740687,-0.5184153433886333,0.7983133128866551
7587897696994,-1.1721789837,2.1679153442,1.5879276991,0.2079252601,-0.1673156023,0.520821929,-0.8108742833
7587930979394,-1.1842798166984532,2.1581828758001276,1.5788949474975136,-0.19245632039827715,0.16270817561145995,-0.5272541359147604,0.811473776833685
7587964269794,-1.196790626397445,2.148904470000198,1.569934607995835,-0.17692547307974726,0.1580504462132484,-0.533528471787844,0.8118280625964025
7587997558294,-1.2096919923969638,2.14009539080022,1.561056833494979,-0.161342015465674,0.15334519311821285,-0.53964112727022,0.8119368568746824
7588030847194,-1.2229684940969943,2.131766811000203,1.5522683736949585,-0.14570958626883623,0.14859351724000847,-0.5455906874133943,0.8118001508446447
7588064137894,-1.236603986097521,2.123929660900155,1.5435761292957835,-0.1300322505578483,0.14379665104815337,-0.5513755871087007,0.8114179557433594
7588097453094,-1.2505909925985297,2.1165898324000842,1.5349814421974635,-0.1143040132492319,0.13895272275896767,-0.5569978237149757,0.8107898357587925
7588130714794,-1.2648787498,2.1097738743,1.5265113115,0.0985665023,-0.1340745986,0.5624427795,-0.8099178076
7588164006194,-1.2473264049000128,2.110364821100237,1.527567107597398,-0.1304747514381996,0.1426232941475762,-0.5600478129770293,0.8055938073143812
7588197295294,-1.2298732882999874,2.1120455817003756,1.5290057691957009,-0.16223525233897518,0.1510123042317428,-0.5570282844586916,0.8003714744930229
7588230584694,-1.2125943802999433,2.114804600500427,1.530832983894893,-0.19381506424784734,0.1592329340239563,-0.5533873579686189,0.7942562720137859
7588263874194,-1.1955653615999005,2.118625482300403,1.5330526240949527,-0.22517876635936016,0.167275960917833,-0.5491291056809446,0.7872550421394188
7588297162094,-1.1788615375998805,2.123486827000314,1.53566667589585,-0.25628978774992567,0.17513201489705948,-0.5442585365443222,0.7793760115963456
7588330459494,-1.1625504945999061,2.1293648383001753,1.5386765173975483,-0.2871236929678539,0.18279488159559526,-0.5387792439661641,0.7706250336384113
7588363741294,-1.146715641,2.1362245083,1.5420783758,0.3176229596,-0.1902503073,0.5327016711,-0.7610187531
7588397030694,-1.1361714857995617,2.133770820700554,1.5459681963992713,-0.30781268246699,0.18640538226676773,-0.5372544694439304,0.7627988077055294
7588430326894,-1.125655352899277,2.1310716411009127,1.5497773876988181,-0.2979588799979666,0.182534526970285,-0.541735724792903,0.764476328460993
7588463610894,-1.1151791426991406,2.1281296002010825,1.5535031068986214,-0.2880684924060352,0.1786404656601662,-0.5461422567023427,0.7660501048597967
7588496898294,-1.1047438177991493,2.12494457830107,1.557146488198661,-0.27813823460350406,0.1747219082436269,-0.5504755649912808,0.7675207030294897
7588530195094,-1.094353388899298,2.1215171554008805,1.5607075401989179,-0.26816763451132475,0.17077866343374065,-0.5547358034002446,0.7688881299267605
7588563479594,-1.0840204603995833,2.117851020500522,1.5641833978993709,-0.2581645398229203,0.16681383592654517,-0.5589196305178123,0.770151323535397
7588596768594,-1.0737456083,2.113945961,1.5675753355,0.24812527,-0.1628259718,0.5630286336,-0.7713108063
7588630063094,-1.080937747499419,2.106559251400866,1.5625030712978172,-0.23331693480961513,0.15595221632438666,-0.5609831606938578,0.7788067844931031
7588663345594,-1.088385740299043,2.09935617470144,1.5575466453963436,-0.2184377101100664,0.14902998734569423,-0.5587551473097816,0.7860456189232514
7588696637094,-1.0960876972988642,2.0923422188017256,1.5527011625955915,-0.20348307559311032,0.14205718295483935,-0.5563439271796544,0.7930295261895508
7588729924294,-1.1040337122988766,2.085530032701723,1.5479666834955728,-0.18846387689473804,0.13503885657666656,-0.5537512125990514,0.799753380027463
7588763214394,-1.1122182850990738,2.0789276751014336,1.5433401335962962,-0.17338177827897908,0.12797578708570764,-0.5509773015658394,0.8062164535903735
7588796503794,-1.12063303939945,2.0725451510008583,1.5388198386977696,-0.15824333347054098,0.12087104199955438,-0.5480233828516057,0.8124159097814098
7588829793594,-1.1292704344,2.0663912296,1.5344033241,0.1430529952,-0.1137267128,0.5448903441,-0.8183499575
7588863081994,-1.1512525468999364,2.066844797701079,1.5410237746000528,-0.12424899726759175,0.09989120001031392,-0.5475232337528676,0.8214634765705049
7588896372394,-1.1732038648999012,2.0683347920017945,1.5475988986999278,-0.10537408517473695,0.08599875211003795,-0.5498487616850402,0.8241158025924097
7588929661994,-1.1950734256998898,2.0708584866021487,1.5541288790997208,-0.08644043947353852,0.07205833380386491,-0.551865391875782,0.8263051713518572
7588962952094,-1.216813150499898,2.0744109867021443,1.5606148108995281,-0.06745795668195227,0.05807723160672663,-0.5535720745367309,0.8280304448160676
7588996240694,-1.2383731015999218,2.078984743001784,1.5670572444994464,-0.048438440879913156,0.04406413980162938,-0.5549677625214471,0.8292905712659492
7589029528794,-1.259705709899957,2.084570217401068,1.5734574129995718,-0.029392005982515904,0.030026510601757327,-0.5560517419659416,0.8300849227049293
7589062822094,-1.2807668447,2.0911567211,1.5798175335,0.0103260847,-0.0159698203,0.5568234921,-0.8304130435
7589096107894,-1.2888623545005222,2.0868262522012504,1.5751484192997793,-0.007959827187017963,0.013347746895337171,-0.5597114250430749,0.8285418513751863
7589129396794,-1.296980707700871,2.0825835275020927,1.570436491999649,-0.0055931551924857355,0.010725103790986524,-0.5625859838130562,0.8266502885626793
7589162692694,-1.3051221876010461,2.0784285292025206,1.5656817519995991,-0.003225849398240444,0.008101648286822378,-0.5654474602891739,0.8247382171593721
7589195976194,-1.313281365901047,2.07436408690253,1.56088755499962,-0.000859346804266282,0.0054789727831800975,-0.5682941211149636,0.8228068025280797
7589229264994,-1.321461893400873,2.070388432202116,1.5560519442997005,0.001507553489779383,0.0028557463788495205,-0.5711274151869941,0.8208550710185801
7589262561294,-1.329663638600524,2.066501767201274,1.5511751602998305,0.003874950383496725,0.00023185957459503193,-0.5739474528451974,0.8188829295895556
7589295845994,-1.3378812075,2.0627067089,1.5462605953,-0.0062414282,0.0023911188,0.5767525434,-0.816891551
7589329133194,-1.3240974451000933,2.0604010641987607,1.5457281924004267,-0.0025825933270800937,0.00718408377555248,-0.5768844534360575,0.8167900871924156
7589362429294,-1.3102588659001295,2.058446806297925,1.5451192952006805,-0.011408535832509933,0.01676062758202617,-0.5769185268952588,0.8165500229613736
7589395711994,-1.296384140600124,2.0568463857975,1.54443421780078,-0.020228992137330593,0.02633047558699002,-0.5768547621867472,0.816171597934492
7589429034894,-1.2824603131000927,2.0555986273974907,1.543671707300743,-0.02905666584237181,0.03590740989193605,-0.5766929490884752,0.8156540998221088
7589462290494,-1.2685417754000512,2.0547078568979007,1.5428343116005887,-0.037861589049441355,0.0454589196989845,-0.5764337566210086,0.8149994545533418
7589495580194,-1.2545955775000153,2.054171320098736,1.5419196383003348,-0.046669122053387774,0.05501251710192685,-0.5760765847030483,0.8142059841132021
7589528869994,-1.2406454086,2.0539903641,1.5409286022,0.0554687679,-0.0645568147,0.5756217241,-0.8132744431
7589562159594,-1.217795453099549,2.0460130032008017,1.5437303764024688,-0.10366806375278248,0.09641840301394097,-0.5709306270127791,0.808699352823276
7589595448294,-1.1941851914993573,2.0407385871013863,1.5466135536043144,-0.15151554404621315,0.12795312922155078,-0.5643092798113346,0.8013900881303724
7589628738494,-1.1701318559993639,2.0382367879017136,1.5495814014053952,-0.19885285582069423,0.15905662481458568,-0.5557795264568938,0.7913707410600277
7589662029294,-1.1459610035995018,2.0385404453017535,1.55263576320559,-0.24551860211003973,0.18962283292062623,-0.5453702600576649,0.7786752061660389
7589695316294,-1.1220023177997018,2.0416437127014864,1.5557769696047998,-0.2913489451091401,0.21954445333436742,-0.5331183185766685,0.7633484679960332
7589728606494,-1.098574424999892,2.047503928500902,1.5590052473029516,-0.3361985712040447,0.24872661674497218,-0.5190626050842491,0.7454392013075992
7589761895394,-1.075996995,2.0560400486,1.5623185635,0.3799096942,-0.277066648,0.503252387,-0.7250101566
7589795187194,-1.068529234903458,2.07282647749953,1.5492511268986493,-0.4251310502029818,0.30824739834491843,-0.4845939832964837,0.6995825919216018
7589828474694,-1.0632378655057975,2.0904187541990344,1.5361862286979597,-0.4686413162550801,0.3381877054968569,-0.46399421534885277,0.6713521882531402
7589861766994,-1.060206164106979,2.1085403083986205,1.5231193679978192,-0.5102777816002989,0.36677560361629763,-0.44153005759319713,0.6404244299202883
7589895059694,-1.0594835042069826,2.126898998098398,1.5100513433980995,-0.5498674610893863,0.3938923042957548,-0.41729416748388015,0.6069268536122193
7589928343894,-1.0610806612058066,2.14519628139848,1.4969847369986586,0.5872417539959323,-0.41942235098835995,0.3913908614876245,-0.5710036842255515
7589961631394,-1.064971900903467,2.1631460272989775,1.4839140358993446,0.622264513292629,-0.4432727598747096,0.3639152500838525,-0.5327868491302621
7589994927594,-1.0710965395,2.1804637909,1.4708362818,0.6547996402,-0.4653508067,0.3349722922,-0.4924222827
7590028211494,-1.064696443101069,2.1929721853994875,1.4784493080016412,0.658031698498112,-0.4637141445811976,0.3342931416911776,-0.4901138350477981
7590061499594,-1.0583866358017904,2.2054724676991375,1.4861547000027264,0.6612517427626343,-0.46206852246924646,0.3336075950799932,-0.48779584432568696
7590094795894,-1.052166581502158,2.217965060098957,1.493953143203261,0.6644600648792899,-0.460413749493734,0.3329155654951926,-0.4854680501420739
7590128087494,-1.0460388688021673,2.2304440471989477,1.50184133230325,0.6676553591578623,-0.4587504966917541,0.33221733319134106,-0.4831313969305746
7590161368294,-1.0400047138018138,2.2429060787991157,1.5098174535026994,0.6708369884373199,-0.4570791063905166,0.33151304348808636,-0.48078636361991406
7590194658494,-1.034060598601093,2.2553576482994653,1.517886030401614,0.6740068244378873,-0.45539859630367635,0.3308022828953486,-0.4784315716244301
7590227946694,-1.0282087326,2.267793417,1.5260440111,0.6771637201,-0.4537095726,0.3300853074,-0.4760678709
7590261236494,-1.0081895830976777,2.282467388595795,1.521964374095374,0.680718724780652,-0.46042052782597925,0.3237436947080408,-0.468854962036488
7590294525894,-0.9885265212960795,2.2975746233930288,1.5177387994922729,0.6841716399708521,-0.46706238050003296,0.3173536256883518,-0.4615718536086174
7590327814894,-0.9692298342952373,2.3131056298916803,1.5133649537907081,0.6875219489830663,-0.47363413568890816,0.3109160586788483,-0.4542196380963266
7590361105194,-0.9503086322951806,2.3290514874917276,1.5088403573906903,0.6907693164323156,-0.48013514090346904,0.3044316281853812,-0.44679903950840716
7590394394494,-0.9317740824959378,2.345401121193146,1.5041631610922288,0.6939130297497775,-0.48656397149615177,0.29790175367713745,-0.4393116819997649
7590427682694,-0.9136358269975356,2.3621442229959118,1.4993313252953302,0.696952618033729,-0.49291965126516724,0.29132743795448574,-0.4317587167706428
7590460973494,-0.8959012628,2.3792722225,1.4943423271,0.699887991,-0.4992019534,0.2847089469,-0.4241404533
7590494262594,-0.8889224783012288,2.3876803216002935,1.496628523002707,0.7037388571574671,-0.501612273487837,0.28303310696050343,-0.415967556880762
7590527553994,-0.8820805794020572,2.3962032387004784,1.4989070705045127,0.707526509515186,-0.5039775127832197,0.28133162075604906,-0.40775657456976916
7590560841394,-0.8753788973024796,2.40483692240056,1.5011787414054152,0.7112498598363222,-0.5062969891236371,0.2796049517771272,-0.39950978289506545
7590594130094,-0.8688183447024908,2.413580263500546,1.503445103205415,0.7149091727305277,-0.5085708680447271,0.27785298378777096,-0.3912266176044493
7590627425894,-0.8623997786020847,2.4224323161004433,1.5057077559045116,0.7185047310761861,-0.5107993231311573,0.27607556038003683,-0.3829063695875769
7590660708094,-0.8561290409012562,2.431384997900259,1.5079665024027062,0.7220339940605247,-0.5129807814449437,0.27427395418768724,-0.3745549723917596
7590693997794,-0.8500039577,2.44044137,1.5102239847,0.7254989147,-0.5151164532,0.2724471986,-0.3661679029
7590727294194,-0.8543400850992181,2.428427847200516,1.514696330602416,0.715932705271842,-0.5061938776579258,0.28602222150770906,-0.386522196707472
7590760614894,-0.8593503861987127,2.416656013500825,1.5191366860040034,0.705807873385534,-0.4968747578480737,0.2993867619158338,-0.4065935165124503
7590793865994,-0.8650044283984767,2.405195256700949,1.523531413504769,0.6951618321808848,-0.4871932932256964,0.31249334081684094,-0.42631049020631173
7590827162094,-0.8713039966984988,2.394041637400908,1.5278946147047308,0.6839666899095945,-0.47712399572701003,0.32537729253393316,-0.44572623582070203
7590860446094,-0.8782202997987685,2.3832496382007236,1.5322177818039062,0.6722494600325546,-0.4666913193246046,0.3380062603501465,-0.46479204373257904
7590893735094,-0.8857358469992732,2.372847392200414,1.5365022964023194,0.6600133066182897,-0.45589804889681973,0.3503770955483822,-0.48350314891833385
7590927025294,-0.8938272595,2.3628687859,1.5407469273,0.6472688913,-0.444753617,0.3624787927,-0.501842916
7590960312894,-0.9081199433052537,2.3326745678055074,1.5294625487984062,0.6158763364963895,-0.4205012689720593,0.39076770132275407,-0.5396069166899224
7590993604394,-0.9260308776083681,2.304514579709647,1.5180689835978733,0.5821393309364113,-0.3946478728049939,0.4175747194303443,-0.575324438521492
7591026891694,-0.9472779221095291,2.278825115012095,1.5065841706981002,-0.5461943172321077,0.3672979845058356,-0.4427914831071974,0.6088510991112943
7591060180994,-0.9715362555089748,2.2559931652125678,1.4950225536987638,-0.5081714308244409,0.3385506033026214,-0.46632700837768204,0.6400659396927733
7591093471594,-0.9984316234069852,2.2363682625108265,1.4834020954995286,-0.46821567384746304,0.3085153847179075,-0.48809110057508687,0.6688493236113258
7591126760794,-1.0275476159038783,2.220251884206682,1.471742356100053,-0.4264821431486068,0.27730891601681357,-0.5079992902488552,0.6950895393973432
7591160049094,-1.0584365129,2.2078900337,1.4600623846,0.3831290007,-0.2450494468,0.5259764194,-0.7186875343
7591193339894,-1.0719405059010434,2.2060464852987325,1.4687396550981402,-0.3530679419423025,0.21990999241022374,-0.5312319026421645,0.7380889439802959
7591226629294,-1.0856360015019264,2.2054603855978527,1.4772906470967242,-0.322323351339842,0.1943450667112208,-0.5354568099776064,0.7560579719007463
7591259923194,-1.0994140230025362,2.2061425982973955,1.4857049695958673,-0.290949324634098,0.16839967281169332,-0.5386435424124454,0.7725627320219693
7591293207994,-1.1131569145027596,2.2080935370973807,1.4939683981956764,-0.25901964100926406,0.1421347949029336,-0.5407848344134505,0.7875647836957606
7591326496094,-1.1267580359024842,2.211304712797816,1.5020743865962467,-0.2265844812827396,0.11559167499561451,-0.5418776034076028,0.8010410104599969
7591359793794,-1.1401091625015993,2.2157588003986954,1.5100159361976644,-0.19370035027799481,0.08881663220083572,-0.5419193264573495,0.8129669266081471
7591393074894,-1.1530911922,2.2214236259,1.5177797079,0.160457015,-0.0618827119,0.540910244,-0.823310554
7591426364494,-1.1503706760001111,2.224120138200177,1.5146334612000494,-0.15332161046169165,0.05819046329742408,-0.5454932169591787,0.8219145357019736
7591459660294,-1.1476172822001847,2.2268031044002923,1.5115028185000792,-0.1461714645571036,0.054492436591838084,-0.5500293225139963,0.8204463551496284
7591492944094,-1.1448326997002212,2.229470399400348,1.5083892464000916,-0.1390111077643799,0.050790975390639315,-0.5545156743113598,0.8189069273611047
7591526232794,-1.1420157113002205,2.232122725300345,1.505290912900088,-0.13183753517685698,0.04708452569118072,-0.5589541730311215,0.8172956284050605
7591559528594,-1.139166311400183,2.2347595970002856,1.5022073701000702,-0.12465089377440781,0.0433731644863155,-0.5633446973867153,0.8156124540552053
7591592811994,-1.1362863853001097,2.2373788279001703,1.4991401632000403,-0.11745602388818921,0.039659390987010094,-0.567684303615273,0.813858554410875
7591626106794,-1.133374095,2.2399816513,1.4960868359,0.1102484092,-0.0359408744,0.571975708,-0.8120328188
7591659390594,-1.1239748832001812,2.235025420899593,1.4946516646999706,-0.1316779529966927,0.05783465648874308,-0.5646018107038652,0.8127366514150489
7591692679494,-1.1143056641002793,2.2306197952993143,1.4932021795999746,-0.15297993429498677,0.0796743235905175,-0.5566657516848449,0.8126329938937022
7591725969494,-1.104401386400307,2.2267803057991693,1.491727206999999,-0.17413058980010146,0.10143553289591231,-0.5481762236918958,0.8117217492102105
7591759261194,-1.0942966428002787,2.2235195541991626,1.4902154726000283,-0.19510926039286114,0.12309703839400839,-0.5391414414626337,0.8100037047724957
7591792547194,-1.084029301700208,2.2208484571992972,1.4886562229000477,-0.21589047009891252,0.14463252120046097,-0.5295724880720766,0.8074810948925177
7591825838094,-1.0736323439001103,2.2187740992995764,1.4870380556000433,-0.2364601896006915,0.1660274396044233,-0.5194758461698008,0.8041556523948421
7591859127294,-1.0631445646,2.2173025608,1.4853506088,0.2567938566,-0.1872562617,0.5088634491,-0.8000311852
7591892415794,-1.038104528398278,2.2346515193000545,1.4872035795989895,-0.3278260319102687,0.24661499051691427,-0.4989738526821866,0.7633716222088723
7591925705894,-1.016887726197066,2.256542017300349,1.488675290698014,-0.3955795741117801,0.3035075730193324,-0.48408829148410704,0.7190677852007108
7591958996194,-1.000319150796447,2.2821413221007494,1.489972049697284,-0.4593730550743825,0.3573618364901785,-0.4643560419463669,0.6675645140358342
7591992284894,-0.9890374724964622,2.3104675576010947,1.4913071725969864,-0.5185646424168899,0.4076359287219409,-0.4399760144886487,0.6093806428864706
7592025573994,-0.9834686331971041,2.340433059001207,1.492892574197275,0.5725655584016929,-0.4538297565073684,0.4111910700770724,-0.5450955304618562
7592058862394,-0.9838114334983171,2.370882179900902,1.4949300299982589,0.6208335021372865,-0.495479416332041,0.37829037649957287,-0.4753549217826858
7592092182894,-0.990037024,2.4006695747,1.4976062775,0.6629239321,-0.5322018862,0.3415656686,-0.4007818103
7592125441094,-0.9925767685001731,2.3950471798002506,1.4973837144991806,0.6582102973087123,-0.5212831011184204,0.34492289988536434,-0.4195847067515812
7592158730794,-0.9953353839002764,2.3895246914004287,1.4971088645986244,0.6531585516149828,-0.5100897381372118,0.3481084683919972,-0.438192719854069
7592192026694,-0.9983056351003167,2.3841149553005283,1.4967772560983388,0.6477744793126656,-0.49863549204923374,0.35111801399376674,-0.4565818768513449
7592225311694,-1.0014800182003012,2.378828963600543,1.4963845947983294,0.6420636455946567,-0.48693210854936636,0.3539485025865104,-0.47473345593725996
7592258598894,-1.0048533527002375,2.3736725778004635,1.4959263980986006,0.6360268283249955,-0.4749810162859723,0.3565996821056807,-0.49264548565973804
7592291895494,-1.0084197168001339,2.368652480200285,1.4953983114991567,0.6296656144940224,-0.4627855651767408,0.3590706871901148,-0.5103126259350522
7592325178594,-1.0121694803,2.3637795448,1.4947966337,0.6229876876,-0.4503603876,0.3613586128,-0.5277138352
7592358466694,-1.01557798419271,2.3210383544000845,1.5044063621059482,-0.5662995664631064,0.3978929849525408,-0.41496096496411683,0.5905873103151676
7592391756794,-1.0284958717882409,2.2799061136989547,1.5129076657108669,-0.5023629501937321,0.34033189445597095,-0.46325760698217455,0.6459087067549167
7592425059794,-1.050326765486546,2.242478918697389,1.5203314829139452,-0.431970607513655,0.2783917965497186,-0.5056424390013421,0.6929827744892929
7592458335994,-1.0799788081873725,2.210715534796137,1.526753584214586,-0.3561103357001772,0.21294106712151145,-0.54152680838341,0.7311567865668325
7592491625094,-1.1160220900902864,2.1862039106958493,1.5323170162124586,-0.2756657950028144,0.14474135660399495,-0.5704983921865476,0.7599933510672746
7592524914094,-1.156660312694716,2.17021670189703,1.537197808707516,-0.19169480110829637,0.07469012078848099,-0.5921712939020676,0.7791069552782878
7592558204094,-1.1998744011,2.1635780334,1.5416096449,0.1052687764,-0.0036812103,0.6062687039,-0.7882533669
7592591493694,-1.1960560102997848,2.164871313999472,1.5368423193998257,-0.14616025831595938,0.04322728007479336,-0.6101664667528692,0.7774737706165188
7592624782194,-1.1924792051996373,2.16664283439912,1.5320417275996692,-0.18655824470976937,0.08262648867343732,-0.6120095841320368,0.764076667377587
7592658072394,-1.1891972718995605,2.1688622712989445,1.5272163267995564,-0.22633006970708208,0.12174946797135594,-0.6117918947284282,0.7481059043609262
7592691363094,-1.1862599703995567,2.1714930747989456,1.5223754816995114,-0.26534030350957294,0.16046303137082982,-0.6095139353380368,0.7296155847605446
7592724650694,-1.1837125450996273,2.174492867899124,1.5175291159995574,-0.3034534683145923,0.19863269097098368,-0.6051838634502634,0.708670260463132
7592757940594,-1.1815942949997746,2.177815107999476,1.5126859234997143,-0.3405474323365972,0.23613612088201352,-0.5988156321894463,0.6853371559964481
7592791229794,-1.1799393892,2.1814081669,1.507855773,0.376493901,-0.2728436291,0.5904311538,-0.6596968174
7592824524594,-1.1580671005940182,2.209505890599215,1.5073688682010704,-0.4304268287251685,0.3246838750602055,-0.554601345333594,0.6338221155368841
7592857808794,-1.141311314389906,2.2408955763995957,1.5062543781024214,-0.4810947211329748,0.37405766305837235,-0.5145980204151532,0.6031729531321013
7592891096894,-1.1301447039878665,2.274651328600632,1.504393435803645,-0.5281382101756043,0.42061459468571416,-0.4707068799295527,0.5679686847678025
7592924393294,-1.1248820508879762,2.309768698301763,1.5016892592043494,0.5712063627513698,-0.46400778936149595,0.4232513489848156,-0.5284679348330816
7592957686694,-1.125661762190181,2.3451850226024087,1.4980718278041745,0.6099585206805634,-0.5038942184822586,0.3726048939820113,-0.48498124975094303
7592990964894,-1.1324317844942915,2.379827780401999,1.4935000420028088,0.6440917174481394,-0.5399612818537953,0.3191707023435852,-0.4378558397224078
7593024261694,-1.1449724436,2.412694931,1.4879547358,0.6733822227,-0.5719727278,0.2632975578,-0.387399137
7593057544494,-1.139182426496059,2.3884758819008183,1.4971651306000788,0.6528012700836232,-0.5540814013930827,0.29632224346574326,-0.42312814895125433
7593090832994,-1.1361169621933334,2.3636922570008734,1.5061947555997464,0.6301855354643274,-0.5344629306873836,0.3284305382827485,-0.4575466622497601
7593124123394,-1.1358227647919263,2.338654390200454,1.5150411308992322,0.605607248673186,-0.5131799864071351,0.35951852281516755,-0.49054316187106956
7593157425894,-1.1383124591918976,2.31366553099986,1.52370775099877,0.5791341866142595,-0.4902912803709505,0.38949826010524546,-0.5220240987366775
7593190702294,-1.1435577935932613,2.2890643182993906,1.5321879627985933,-0.550880227016538,0.46589525128795867,-0.41824283923402017,0.5518564285563803
7593223994294,-1.1515060734959872,2.265125282799342,1.5404978867989305,-0.5208987752186572,0.4400379977060516,-0.4456993678657399,0.5799854308813555
7593257280394,-1.1620618105,2.242161274,1.5486396551,0.4893017411,-0.4128160477,0.4717641473,-0.6063047051
7593290570794,-1.1740103997002487,2.1958690200981286,1.5456925540952147,-0.4224282412945264,0.3669613784149902,-0.5045464640750981,0.6575154700065236
7593323858694,-1.1949949708006566,2.1528674201967086,1.5435492592934004,-0.35122109935490037,0.31734117868734557,-0.532144261216528,0.7019692307584267
7593357148494,-1.2241759454011025,2.114910409695901,1.5421068312938488,-0.27640241876724353,0.2644586581015991,-0.5542778284282847,0.7392154016033108
7593390438894,-1.2603750945014363,2.083553005495814,1.541234037495699,-0.1987432313664393,0.20885870929978273,-0.5707183372200223,0.768869135221637
7593423757194,-1.3021631689014854,2.0600624056964945,1.5407759342979956,-0.11897514206010831,0.1510642463867791,-0.5813028346844595,0.7906399455018597
7593457016994,-1.347732596901068,2.0454471235979192,1.5405615803997452,-0.03812569296394792,0.09182067278129845,-0.5859034170856907,0.804259026330025
7593490307194,-1.3953498602,2.0402536392,1.5404084921,-0.0431888439,-0.0315804034,0.5844926834,-0.8096331358
7593523596294,-1.4305474874974475,2.040232309605375,1.5448313963022926,0.12580390191450777,-0.034855872528438754,-0.5823794455617978,0.8023668910171328
7593556893994,-1.46500873679477,2.047661386308543,1.548870517203431,0.2070185575900665,-0.10091535102193697,-0.5736844240464419,0.7860315453898461
7593590175494,-1.4971518736926308,2.062205784709579,1.5524957524035947,0.28585580479171724,-0.1658030845283359,-0.5585144876941259,0.7608267628465349
7593623463394,-1.52554706239164,2.0832244492087493,1.555701079703028,0.3614795886682049,-0.2288306043198521,-0.5370335654854598,0.7270240787242546
7593656763994,-1.5489120376923138,2.1097868744064843,1.558497037802023,0.43304669886174085,-0.2892958523206182,-0.5094749636040703,0.684991772137204
7593690041694,-1.5661677877950289,2.140673693803349,1.560909594800903,0.49967462012887787,-0.34645281680187173,-0.47618201939472393,0.6352530237112398
7593723331594,-1.5765534639,2.174530983,1.5629874468,-0.5606831908,0.3997175694,0.4374985695,-0.5783210993
7593756628194,-1.5671038776001849,2.181437478901301,1.5573355621011473,0.5669446118550776,-0.406848959814295,-0.42928821872087675,0.5733754060421307
7593789911094,-1.557499360900268,2.188050979102185,1.551607206301926,0.5731003941642302,-0.4139034566125608,-0.4210032078095756,0.568327516338093
7593823199794,-1.547742020400273,2.194370860802642,1.545801052702328,0.5791530424503262,-0.4208839227941744,-0.41264020228183884,0.5631754082119719
7593856489694,-1.537840944200224,2.200391771102662,1.5399199370023444,0.5851005868654925,-0.42778810049695243,-0.40420185447516693,0.5579206979147678
7593889779494,-1.527804404500146,2.206109290702234,1.5339661972019665,0.5909417082124478,-0.43461446092328687,-0.395690024789489,0.5525645411473746
7593923069694,-1.517640239900063,2.2115195525013487,1.5279419078011873,0.5966754306941525,-0.4413618640018085,-0.38710613225986024,0.5471078301190804
7593956358394,-1.5073571205,2.2166185379,1.5218496323,-0.6023004055,0.4480287135,0.3784522414,-0.541551888
7593989646894,-1.5037451464996767,2.219286901000389,1.524711251799224,0.6032379233126519,-0.44230505880842036,-0.3801298325645677,0.5440326766145144
7594022937794,-1.5001334415994618,2.2219617186006477,1.5275678951987064,0.6041498192402165,-0.4365621557293094,-0.381791356392288,0.5464904759290219
7594056225194,-1.4965227315993548,2.2246425514007773,1.5304191087984471,0.6050358781376669,-0.4308012557283292,-0.3834364385011884,0.5489247324165686
7594089514694,-1.4929124945993555,2.2273298841007763,1.5332654257984466,0.6058962129848342,-0.4250216361922834,-0.38506528657829037,0.551335753358559
7594122805194,-1.4893029354994636,2.230023661600647,1.536106805198705,0.6067307550904918,-0.4192237319979115,-0.38667777509264606,0.553723352953861
7594156095394,-1.4856942805996787,2.2327238110003877,1.5389431908992228,0.6075394354211089,-0.4134080159205476,-0.3882737718231389,0.5560873356722574
7594189383794,-1.4820867777,2.2354302406,1.5417745113,-0.6083222032,0.4075750113,0.3898531497,-0.5584275126
7594222673994,-1.4766232279014893,2.223405573098452,1.5396302661993158,0.5660032011948263,-0.3744675077089992,-0.4349124683319622,0.5918324144526216
7594255964194,-1.469369484002287,2.2124080794972323,1.537289512898763,0.5202693869693558,-0.3391007656968801,-0.4773478695257248,0.6216666688391553
7594289275194,-1.4604905531024845,2.2026941837964786,1.5348259865984049,0.47136520889976374,-0.30166418062105416,-0.5169270827754037,0.64776535339768
7594322542094,-1.450215310802202,2.1945122484963075,1.532322770498301,0.419683880676395,-0.2624583866105465,-0.5533375564720712,0.6699243122888645
7594355829694,-1.4387690922015834,2.1880389692968047,1.5298542450985035,0.365439591166623,-0.2216455133086842,-0.5864337855859498,0.6880571101016497
7594389126094,-1.4264265192007912,2.1834319669980284,1.5274997224990585,0.3089756785301161,-0.17948431209106527,-0.615999804950688,0.7020424859584823
7594422420094,-1.4134851694,2.1808013916,1.5253356695,-0.2506512105,0.1362429857,0.6418462396,-0.7117901444
7594455697694,-1.3858494870991613,2.1801441808029693,1.515997143200768,0.20312745312246397,-0.09813392349105518,-0.6563765979400594,0.7199157815500828
7594488994694,-1.358231841598931,2.183088779804964,1.5069994993013074,0.15476525233584665,-0.05961097639793057,-0.6682955160562486,0.725172635571296
7594522277594,-1.3311117605991123,2.189594461705942,1.4984076945015874,0.10580597794514297,-0.02086646800221794,-0.6775428403660464,0.7275337689845707
7594555566094,-1.3049170590995054,2.1995682758058956,1.490265908101592,0.056416285448439,0.017967812893605047,-0.6840881589261513,0.7269922635441518
7594588855894,-1.2800806632999102,2.212859273804848,1.4826175545013187,0.006799520058132628,0.05673190219280822,-0.6879036660800038,0.7235494482025783
7594622146694,-1.2570105747001357,2.2292640252028546,1.4754971079007801,-0.04284587123340138,0.09527073348298744,-0.6889738168250717,0.7172187939460015
7594655433794,-1.2360892296,2.2485265732,1.4689314365,0.0923147798,-0.1334251165,0.6872945428,-0.7080268264
7594688724894,-1.2447517595986712,2.258583074500142,1.4765791623999227,-0.05142243182833189,0.10114292628457124,-0.6871952479088368,0.7175573379312393
7594722013394,-1.2522549612977298,2.269618781400116,1.4840983955999107,-0.010389045534888583,0.06857956939731247,-0.6851685100377924,0.7250744949636175
7594755332694,-1.258510461697219,2.28151764019999,1.4914702078999393,0.03071144986064013,0.03579349770552354,-0.6812155218388494,0.7305621432672832
7594788591494,-1.2634226460971731,2.2941083245998377,1.4986500903999846,0.07165132445296013,0.0029665991131580037,-0.675360753009833,0.7339926023386271
7594821881294,-1.2669415506976152,2.3072788706997365,1.5056355087000237,0.11242843825140093,-0.02989918567930704,-0.667607064639782,0.7353684057743569
7594855171894,-1.2690123916985572,2.320866088799764,1.5123995632000353,0.15289116405248088,-0.06268189077468661,-0.6579805212657915,0.7346814998068109
7594888460994,-1.2696017027,2.3347122669,1.5189239979,-0.1929232329,0.0952873081,0.6465088725,-0.7319339514
7594921750294,-1.282363567702839,2.3551127026995573,1.5137046028029206,0.25609685985655384,-0.15374842536928843,-0.6285666150294236,0.7181085088888236
7594955039494,-1.2913437707048758,2.3773400928998365,1.5080849496052897,0.31724159748677166,-0.21099143138579987,-0.6056451569495636,0.6985945380328643
7594988329994,-1.2962806414059473,2.4006929675005164,1.5020352203067877,0.3758754993994091,-0.26656517329424384,-0.5779248292320031,0.6735454766346626
7595021624594,-1.297039617705964,2.42443530410124,1.4955388319071532,0.4315382753941358,-0.3200335565923359,-0.5456217883943769,0.643156360113182
7595054907694,-1.293619894204918,2.447805751201636,1.488597110806199,0.483764050913653,-0.3709488236116856,-0.5090084975916003,0.6076838509325889
7595088196394,-1.2861511290028813,2.4700777693013367,1.4812188985038206,0.5321668287925779,-0.41893445140269453,-0.46835734695035713,0.5673920931052858
7595121492194,-1.2748891115,2.490547657,1.4734296799,-0.5763630867,0.4636107087,0.4239863455,-0.5225958228
7595154775794,-1.2682761863991898,2.5026600139001935,1.4812750445990779,0.5960366937039876,-0.47638041752722626,-0.4041208494500455,0.5044683306162818
7595188064494,-1.2607486591986574,2.5142885191003077,1.4890326936984137,0.6149542025881543,-0.48854536491933204,-0.38373762484754503,0.48569557380253
7595221361194,-1.2523428431983998,2.52537037460035,1.4966957726980403,0.6330926752983378,-0.5000907254315559,-0.36286054176125127,0.4662994296089854
7595254644294,-1.2431063641984121,2.5358378344003305,1.5042523519979871,0.6504174470934089,-0.5109944657312319,-0.34152984956573235,0.4463173337034466
7595287932294,-1.2330806159986878,2.54563936600026,1.511700215698281,0.6669163947878939,-0.5212490065299035,-0.3197610449701506,0.42576386609751676
7595321222394,-1.2223164125992199,2.5547197389001464,1.5190328049989457,0.6825668532622716,-0.530840217912389,-0.29758355046607915,0.4046667571797446
7595354512794,-1.2108682394,2.5630278587,1.5262444019,-0.697347939,0.5397552848,0.2750267684,-0.3830539584
7595387800194,-1.2278695077997068,2.548962832800354,1.5266319338016574,0.6592321939102678,-0.5113683130470544,-0.3313678246992465,0.44057999010140525
7595421090694,-1.2419779735995626,2.531990510100611,1.5266188945026888,0.615348963777824,-0.47850759621934597,-0.3848168247857671,0.4942591875724132
7595454397894,-1.25270279739954,2.5126922786007575,1.5262283369030885,0.5660592424691651,-0.4414433162120404,-0.4349252625820617,0.5436402749565896
7595487669394,-1.2596548986996081,2.4917712609007796,1.525497734702902,0.5118756673863544,-0.4005610780269435,-0.48117953779986244,0.5882179666674403
7595520959494,-1.2626045979997325,2.4699229316006672,1.5244745903022257,0.4531875027814575,-0.35615468332663125,-0.5232535278994935,0.6276787987561373
7595554250794,-1.2614426442998754,2.44791833130041,1.5232178150011992,0.39053452169284936,-0.3086324480411575,-0.5607536603209287,0.6616525763714219
7595587537694,-1.2562091351,2.4265270233,1.5217944384,-0.3244755566,0.258418262,0.5933464766,-0.6898373961
7595620855394,-1.2548331337000278,2.4219548138002414,1.5172617239996997,0.30128392238631907,-0.24027065754406132,-0.6007630564201353,0.7004154190732784
7595654115894,-1.2531609340000434,2.41747681020039,1.512751010199516,0.2778213472821736,-0.22190638434075446,-0.607547282411466,0.7102528811751302
7595687406194,-1.2511947151000478,2.4131002099004544,1.5082507786994395,0.254051067074287,-0.2032966723338773,-0.6137106410923562,0.7193662261646688
7595720705094,-1.248942619800043,2.4088465768004403,1.5037641586994603,0.23001226748630585,-0.18447219214237462,-0.6192417587229426,0.7277389720124325
7595753988794,-1.2464149141000316,2.4047369905003557,1.4992945299995684,0.2057470152814192,-0.1654658870367711,-0.6241311623105854,0.7353567149096822
7595787273994,-1.2436202122000162,2.4007867871002064,1.4948397561997522,0.18126832898735507,-0.14628795693932867,-0.6283766528328127,0.7422158774475792
7595820563794,-1.2405689955,2.3970124722,1.4903994799,-0.1565991491,0.1269563735,0.6319741011,-0.7483098507
7595853859394,-1.2696600492980579,2.418319417801022,1.499496483996361,0.23420507878122587,-0.19132372452520724,-0.6090230772159424,0.7332353680267387
7595887142694,-1.2936442250966076,2.445309934201264,1.5083443159939158,0.30922638857267576,-0.2535793247102805,-0.5794337887021676,0.7101641015990815
7595920430894,-1.3114703504958085,2.476814003200958,1.5168379131927787,0.3808837530680665,-0.31307644849731087,-0.5435161202018325,0.6793385982894261
7595953727794,-1.3223393455957586,2.51145888660038,1.5248837474929604,0.4484008130526766,-0.369170506174496,-0.5016543115910793,0.6410872014684473
7595987009094,-1.3257515227964844,2.5477037286998305,1.5324014441943659,0.5109929497910844,-0.42120961469535273,-0.45433748193408474,0.595857464719369
7596020298394,-1.3215423780979392,2.5839884872996097,1.5393446960968042,0.5680229046864043,-0.46866394338038847,-0.402050506631124,0.5441134790137262
7596053589194,-1.309871912,2.6187193394,1.5456851721,-0.6188546419,0.5110042691,0.3453722298,-0.4864273965
7596086911494,-1.3129700485999984,2.617082262099836,1.54421803450014,0.6146481823963162,-0.5116934008789923,-0.3537175029379139,0.4850375279183692
7596120166594,-1.3160219585999982,2.615422341599728,1.5427003620002315,0.6103952173799928,-0.5123353650669258,-0.3620143022282833,0.4836070691000499
7596153456994,-1.319036021499999,2.6137351304996748,1.5411280729002763,0.6060830921919037,-0.5129321438786324,-0.37028749863528837,0.48213179680414336
7596186747894,-1.3220079498999997,2.6120229916996767,1.5395032641002746,0.601716612378801,-0.5134829857692647,-0.3785276510269581,0.48061331558839926
7596220036094,-1.3249364071000005,2.6102867418997318,1.5378266541002275,0.597296594296603,-0.5139877930864085,-0.3867332323381301,0.4790519115974224
7596253325594,-1.3278207077000008,2.6085268322998405,1.5360986209001355,0.5928229059875137,-0.5144465842805792,-0.3949044959320274,0.4774475396849751
7596286614094,-1.3306596279,2.606744051,1.5343198776,-0.5882962942,0.5148593187,0.4030401707,-0.4758004844
7596319905094,-1.3398000493015776,2.580565507399745,1.5304945562980483,0.5607005291881085,-0.48720514148308824,-0.4355285745292947,0.508488866593065
7596353192494,-1.3457258594025798,2.553515068299377,1.526434283397023,0.5310613855213996,-0.45777582430990454,-0.46642394025560113,0.5393179094392455
7596386482494,-1.348356444903017,2.5259825899990167,1.5221340297967778,0.49948158508805923,-0.42667335497755043,-0.49561929472332616,0.5681808770172345
7596419772394,-1.3476574319029173,2.498372116598785,1.5175933297971451,0.4660787364006776,-0.39401359108291867,-0.5230055162344038,0.5949698576444651
7596453061694,-1.343643712302332,2.4710870651987977,1.5128149789979386,0.43097531719097665,-0.35991627876776794,-0.5484822921207354,0.6195867360427303
7596486355694,-1.3363771794013297,2.444521508599169,1.5078043616989594,0.3942935836859398,-0.32450020965512266,-0.5719603130105113,0.6419451566440845
7596519640794,-1.325971961,2.4190738201,1.5025731325,-0.3561826646,0.2879093289,0.5933446884,-0.6619548202
7596552930294,-1.3340272268990057,2.4349268337990733,1.5103577239005743,0.40123624327581653,-0.33361583055181826,-0.5681382796035963,0.6363401998429741
7596586226594,-1.3397022501984397,2.451866797098455,1.5179597424006839,0.44412749835637894,-0.37752610684939514,-0.5398519382917722,0.6072764515222538
7596619508894,-1.3428608682982435,2.469521143898153,1.5253752436004844,0.4845983858470661,-0.41937584675417294,-0.5086573123954488,0.5749400335167811
7596652797094,-1.3434268267983571,2.487522924498166,1.5326134350001432,0.5224550099710639,-0.4589643872868051,-0.4747055955304771,0.5394877675449541
7596686094594,-1.3413753812987235,2.505489330298489,1.5396835056998341,0.5574945476628704,-0.49607994988995224,-0.4381751974330723,0.5011057862346453
7596719379394,-1.3367418176992876,2.5230246434991064,1.5465930542997308,0.5895047626435596,-0.5304976452812955,-0.39928822892936955,0.4600274920154325
7596752665394,-1.3296148777,2.5397617817,1.5533607006,-0.6183274388,0.5620470643,0.358240068,-0.4164593816
7596785955394,-1.3355720198018899,2.564484864899373,1.549760447199139,0.627556295265687,-0.5672554012065691,-0.34540238505046794,0.40631465451768833
7596819244594,-1.340599673503165,2.589420088499013,1.5462099784985361,0.6365464814602386,-0.5722480765998869,-0.33243377104522864,0.3960157871057271
7596852533494,-1.3446901654038137,2.6145319558988853,1.542703040898209,0.6452947010604017,-0.5770232545980759,-0.3193389501432113,0.3855665277975286
7596885823394,-1.347837254703828,2.6397853224989545,1.5392332349981754,0.6537979635899731,-0.5815793002222238,-0.3061223832550891,0.37497043460632595
7596919114294,-1.3500359192032008,2.665143853199187,1.5357942426984523,0.6620530154033277,-0.5859144622315514,-0.29278908215838595,0.36423152130495656
7596952424094,-1.3512829913019249,2.6905847310995474,1.5323778677990556,0.6700609318405654,-0.5900292240735384,-0.27933684592941144,0.35334797136298896
7596985691694,-1.3515751362,2.7160246372,1.5289839506,-0.6778042912,0.5939147472,0.2657955885,-0.3423440456
7597018980194,-1.360885619900388,2.734019549499996,1.5317208421986268,0.6824993446592965,-0.5945094669794743,-0.26286541282521125,0.33414804047254776
7597052288594,-1.3698841751006603,2.752171376899992,1.5345544990977562,0.6871301943289223,-0.5950461713322881,-0.25990767674105897,0.32591432861313124
7597085562094,-1.3785539777008082,2.7704437049999884,1.5374823810973623,0.6916887704286716,-0.5955239270245845,-0.25692753732996493,0.3176572646196676
7597118849594,-1.386905961200825,2.788856749299986,1.5405108476974172,0.6961813883000708,-0.5959434442929518,-0.25392093140848615,0.30936555461377135
7597152138594,-1.3949347822007017,2.8073971285999866,1.5436409401978934,0.7006058725977317,-0.5963044836842903,-0.25088926549674795,0.30104310402014733
7597185428094,-1.4026383141004297,2.826057686499991,1.5468746435987635,0.7049616498962433,-0.5966069934767105,-0.24783292618529515,0.29269097732707927
7597218722194,-1.4100157022,2.8448340893,1.5502144098,-0.7092488408,0.5968509912,0.2447518408,-0.28430897
7597252007194,-1.4214175002000158,2.8420993447999128,1.550242415400992,0.6960825502942598,-0.6000855384797267,-0.25467344548075177,0.30084525233132475
7597285296894,-1.4326986823000196,2.838897779099851,1.5503082908016141,0.6825275334132163,-0.6029870272077257,-0.2644549083950769,0.31721666503797047
7597318590394,-1.4438399112000142,2.835235717199816,1.550422943101889,0.6685915166716572,-0.6055536149823572,-0.2740904631853365,0.33341358881626315
7597351875194,-1.4548183699000043,2.8311220727998103,1.5505971002018402,0.6542875601983504,-0.6077829859190814,-0.2835711704031522,0.34942098092868146
7597385163594,-1.465619841999995,2.826563873499837,1.550841462701492,0.6396184145638585,-0.6096748019993746,-0.29289529849416535,0.3652359014087378
7597418493594,-1.4762383394999916,2.8215644637998993,1.5511669705008688,0.6245747650750055,-0.6112294806232296,-0.3020679762054451,0.3808671981146519
7597451741794,-1.4866174459,2.8161535263,1.5515825748,-0.6092213392,0.6124410629,0.3110504746,-0.396248728
7597485031594,-1.4932138686993537,2.8090940949995056,1.54172229709993,-0.6107505734384348,0.6184071850925896,0.3058106875893592,-0.3886336498897208
7597518325394,-1.4998894502989228,2.8021231958991746,1.5318499916998765,-0.6122046697586204,0.6242977578054878,0.30053255699574216,-0.3809697286010794
7597551612294,-1.5066400603987082,2.7952446407990075,1.521967938399844,-0.6135829375098595,0.6301100906505813,0.2952184437166798,-0.37326039563097213
7597584899794,-1.5134652261987085,2.788458350099006,1.5120729659998362,-0.614885538655554,0.6358447979872826,0.2898678165868742,-0.3655048783969092
7597618189694,-1.5203633177989242,2.7817654201991706,1.502163596399857,-0.6161123727001191,0.6415014719261736,0.284481041403783,-0.3577037081219614
7597651480494,-1.5273319899993547,2.7751675711995016,1.4922393390999105,-0.6172632216787558,0.6470791479966082,0.2790590202900352,-0.3498581921086212
7597684767994,-1.5343682766,2.7686669827,1.4823005199,-0.61833781,0.6525764465,0.2736031115,-0.3419702947
7597718058094,-1.5430101531972547,2.7598827926993414,1.46144061909958,-0.6113931977060727,0.6680797751109026,0.2778605630893627,-0.32040798892376493
7597751370094,-1.550871936895404,2.7510136462989268,1.4402915633993731,-0.603971780485687,0.6830772779807373,0.2819061962708253,-0.2985840203150374
7597784636694,-1.5579286079944656,2.7420544702987413,1.4189353533993372,-0.596094766607281,0.6975276413982534,0.2857289460717994,-0.2765595561276082
7597817926994,-1.564188082394447,2.7329639861987713,1.3973675852994267,-0.5877523301241256,0.7114502421118886,0.28933401457088953,-0.25430607433737873
7597851223994,-1.5696410184953593,2.7237242701990017,1.3756393559995972,-0.5789545396964992,0.724826488571411,0.29271647664787115,-0.23185182062884327
7597884505194,-1.5742815097972087,2.714319696699417,1.3538062263998034,-0.5697143113884159,0.737637250754071,0.2958715296342028,-0.2092293661298906
7597917795294,-1.5781131983,2.7047219276,1.3318932056,-0.5600320697,0.7498823404,0.2987991571,-0.1864394397
7597951088694,-1.5867836745994064,2.7082322426992262,1.3419116029007234,-0.5688752109390931,0.7427981762199898,0.29981064195053303,-0.18640129494311145
7597984373294,-1.5953921253989858,2.7115030928987136,1.3520587490011993,-0.577642437811473,0.7356198128899016,0.3007830826352699,-0.18633905152562394
7598017662894,-1.6039406856987528,2.71453324309846,1.3623332407014312,-0.5863362509256679,0.7283452028134424,0.3017167565420645,-0.18625269182166057
7598050956694,-1.612427711398723,2.7173200129984636,1.3727292293014237,-0.5949552854448805,0.7209754226421347,0.30261150435144,-0.1861422190190999
7598084241594,-1.6208484961989111,2.7198599768987233,1.3832368841011802,-0.6034950512427124,0.7135143454443604,0.3034668664500434,-0.1860076959097486
7598117531294,-1.629205170499332,2.7221519720992355,1.393854734900704,-0.6119579726126457,0.7059598828144906,0.30428309143500404,-0.18584908899192448
7598150826594,-1.6374965906,2.7241938114,1.4045772552,-0.6203431487,0.698312819,0.3050600886,-0.1856664121
7598184109594,-1.634193261296153,2.7387859451004517,1.4212653308986007,-0.6314340405148333,0.6888431160166091,0.2915998463516407,-0.20434222178331143
7598217398394,-1.630091844193615,2.753222061300649,1.4379172442976065,-0.642057837108451,0.67886009340475,0.277920660364463,-0.2228694997811343
7598250691594,-1.625194447392372,2.7675069495006537,1.4544882913970543,-0.6522059544145704,0.6683713224069482,0.2640331569829457,-0.24123362208404067
7598283976794,-1.619507687892409,2.781641237300527,1.4709285863969812,0.661867152687248,-0.657388581876349,-0.24995285678863668,0.2594141360748817
7598317266194,-1.6130366302937065,2.795636491200332,1.4872008229974234,0.6710378780313482,-0.6459160911169627,-0.23568509392097917,0.27740422849485985
7598350556294,-1.605791123996243,2.8094979883001345,1.5032604018984173,0.6797102444066244,-0.6339634718914962,-0.22124192742869414,0.2951885998876032
7598383876094,-1.5977754593,2.8232448101,1.5190787315,-0.6878846884,0.6215285659,0.2066212893,-0.3127692342
7598417134394,-1.5936113180007427,2.8379269639998266,1.5242997505010452,0.6954283064067396,-0.6183384361068632,-0.19318034784523694,0.31099582358540767
7598450424394,-1.589001260701231,2.852492249599746,1.5295209319016885,0.702804408984021,-0.6149899278026991,-0.17967806613942788,0.3091425948688523
7598483737194,-1.583948717101469,2.8669265591997375,1.5347305926019608,0.7100087207760062,-0.6114843801113526,-0.16612132633797513,0.3072103094584653
7598517003394,-1.5784684023014608,2.881190238799781,1.5399076527018942,0.7170246140914452,-0.6078301420395974,-0.15254182224179785,0.3052035610576793
7598550293094,-1.5725533779012106,2.895303915899854,1.545052826601523,0.7238652948393747,-0.604020591910626,-0.13891439663198937,0.3031187059279131
7598583581194,-1.5662122688007225,2.909247365299935,1.5501520140008804,0.7305237084677995,-0.6000594086486533,-0.12525271073810929,0.30095776433153804
7598616875694,-1.5594484806,2.9230146408,1.5551962852,-0.7369997501,0.59594661,0.11155691,-0.2987207472
7598650159694,-1.5746523931026324,2.9114798271025784,1.560083625597718,0.7457915449725657,-0.5831614509549254,-0.15113721153741816,0.28438571844639693
7598683454794,-1.5898485167041425,2.899353221204159,1.5633052646962493,0.753084361598471,-0.5691976344611286,-0.19042633664061936,0.26947320377602
7598716739494,-1.6049035792046638,2.886738846104811,1.5648336379955754,0.7588587557626194,-0.5540922405191704,-0.22931982222623865,0.25402282758244654
7598750028994,-1.619702114104345,2.873731244504619,1.5646580593956632,0.7631061192531678,-0.5378690774961146,-0.26775720731593483,0.2380587829974362
7598783322694,-1.6341234266033464,2.860433847603679,1.5627797494964693,0.7658172023793632,-0.5205606569964497,-0.30566020371708386,0.22161330012185856
7598816607994,-1.6480448954018387,2.8469573849020997,1.5592153511979367,0.7669858123953999,-0.502208576187739,-0.3429382700141704,0.20472579844108663
7598849897694,-1.6613587141,2.8334038258,1.5539929867,-0.7666103244,0.4828429222,0.3795307875,-0.18742387
7598883194394,-1.6636452507952857,2.826758867197836,1.5164503228992467,0.7618858451078719,-0.5016875334739406,-0.34913891459496516,0.21433990784860238
7598916475794,-1.6682391920919462,2.8176912759961183,1.479651269298649,0.7556213394339641,-0.519507984288939,-0.3180542767920464,0.24080972294812775
7598949764494,-1.6750900305901237,2.8062543642950253,1.4438686207982683,0.747825792887263,-0.536280657651499,-0.2863189614593598,0.2667978486237206
7598983065394,-1.684129650989938,2.7925221817947246,1.4093879659981616,0.738512506512504,-0.5519731200632257,-0.25399202155525913,0.29225503492422383
7599016343194,-1.6952586743914833,2.7766066818953674,1.3765242706983833,0.7277109393430111,-0.5665375200788189,-0.22117341535114896,0.31710305492909185
7599049632694,-1.708381955094825,2.758606391897087,1.3455085653989818,0.7154324373183019,-0.5799601685498242,-0.18789554653052917,0.34131787841021055
7599082922494,-1.7233742476,2.7386572361,1.3166036606,-0.701705277,0.5922086835,0.1542369425,-0.3648418486
7599116212094,-1.731740263205043,2.7195454127042566,1.2958598640978178,0.6939502131451778,-0.6036603310858683,-0.1619744183356216,0.35747950172548254
7599149500794,-1.7394597635084277,2.7000674551070176,1.2752072905962373,0.6859834774120916,-0.6149273552815934,-0.1696622298397861,0.3500082059177915
7599182790894,-1.7465360600101376,2.680224424208325,1.2546704148953338,0.6778069369965473,-0.6260070811922533,-0.1772985570483193,0.3424297185191407
7599216080694,-1.7529723380101598,2.6600201754082264,1.2342760489951838,0.6694234958114854,-0.6368955503315917,-0.18488067576554673,0.3347467355357238
7599249369894,-1.7587729255084827,2.639458206406771,1.214049953895862,0.6608357977451523,-0.6475893475927068,-0.19240620466030137,0.3269616762117526
7599282659194,-1.7639430951050978,2.6185418315040105,1.1940170780974428,-0.6520462889532024,0.6580854369256212,0.19987300537658517,-0.3190767564246931
7599315947794,-1.7684886456,2.5972757339,1.1742030382,-0.6430578828,0.6683803797,0.2072786242,-0.3110945821
7599349238294,-1.7639821755983234,2.590784626103637,1.1957620968007683,-0.6465870539512708,0.6677974306339434,0.20321894058328527,-0.30769113651440666
7599382526194,-1.7594994493971872,2.5841474414060546,1.2172796792012976,-0.6500895462616865,0.6671872577293599,0.19915127567925636,-0.30427539230140865
7599415820794,-1.7550410404966021,2.577362758607256,1.238761213201578,-0.6535661773847107,0.6665496972375252,0.19507465367898305,-0.3008465262942643
7599449106094,-1.75061090519658,2.570434339407246,1.2601958107015985,-0.6570151377080998,0.6658850847457981,0.19099120117861404,-0.2974063277871507
7599482395494,-1.7462090658971312,2.5633599365060293,1.281591547401349,-0.6604376810962775,0.6651931862183355,0.18689944286807159,-0.2939535552642205
7599515689594,-1.7418372628982677,2.5561398967036126,1.3029482363008196,-0.6638337187960868,0.6644740066026862,0.18279946916106207,-0.29048828274676664
7599548974494,-1.7374991179,2.5487778187,1.3242564201,-0.6672016978,0.6637278795,0.1786931604,-0.2870121002
7599582264494,-1.724559362896929,2.5636619547985893,1.333328515498745,0.6709663179996264,-0.6586574778867045,-0.1975081126686062,0.2774257961402203
7599615581094,-1.7121038117948892,2.5784617276977775,1.3432207834979277,0.6744076107241517,-0.6532626768055001,-0.21624203518964374,0.26769690305884136
7599648841994,-1.7001881994938826,2.593113881297491,1.353887874397539,0.6775158352201642,-0.647559840295555,-0.23483969220177509,0.2578543488655839
7599682130794,-1.6888065412939,2.6076288020976506,1.3653342118975662,0.6802977039086407,-0.6415378030777545,-0.2533389221105906,0.24787834076950724
7599715450994,-1.677982697594936,2.6219812622981773,1.377540123997996,0.6827512767199547,-0.6351980209806558,-0.2717323663275694,0.2377723477815489
7599748709494,-1.6677685821969728,2.6361054487989874,1.3904461525988123,0.6848689595179441,-0.628561707370247,-0.28995988143908036,0.227569671688569
7599781998794,-1.6581562757,2.6500153542,1.4040614367,-0.6866561174,0.6216140985,0.3080635071,-0.2172470689
7599815288894,-1.630560063498732,2.670334877698743,1.4058232265034774,0.683924289788702,-0.6151734683286479,-0.31878014003147465,0.22844778839602503
7599848579794,-1.6036662899978567,2.6915718364979457,1.4076428402057084,0.6809946091251331,-0.6085547785549444,-0.3294048401425544,0.23958271041773466
7599881867194,-1.577508956897393,2.7136988602975856,1.409523166106742,0.6778682824199538,-0.6017607813434118,-0.3399331544339145,0.25064717082503984
7599915157594,-1.5521127069973588,2.7366946999976376,1.4114676304066314,0.6745456079327479,-0.5947921191473349,-0.3503640955342786,0.26164013143879356
7599948447094,-1.5275094716977722,2.760530191198075,1.4134789979054319,0.6710279175160706,-0.5876516073248509,-0.3606934152191158,0.2725571179406907
7599981735094,-1.503727573798648,2.7851772910988717,1.4155601336032015,0.6673163128456701,-0.5803414585423801,-0.3709179508289153,0.2833947844612551
7600015025594,-1.4807912111,2.8106105328,1.417714119,-0.6634114385,0.5728629231,0.3810359836,-0.2941513062
7600048343594,-1.4722108646992433,2.8171940441993604,1.4226481850993984,0.6645975065153146,-0.5754553150202808,-0.37582213801641556,0.29311952395790064
7600081604194,-1.4635548683987487,2.8237013491989367,1.427501247798985,0.6657574438151772,-0.5780223841330587,-0.3706036537273792,0.2920788956596022
7600114892694,-1.4548021699985094,2.8301480057987267,1.4322856753987667,0.666894189497088,-0.5805706264302042,-0.36536734052838366,0.29102679295329287
7600148187894,-1.4459592443985207,2.8365285977987296,1.4369981436987513,0.6680069405728072,-0.583098293821846,-0.3601167023262356,0.28996390774420144
7600181472594,-1.4370317274987765,2.8428386426989434,1.441636077598947,0.6690950860715897,-0.5856039923335375,-0.35485464443660747,0.28889082934500177
7600214762794,-1.4280164132992716,2.849080001299368,1.4462015805993607,0.6701591150035845,-0.5880888401743497,-0.3495788314641951,0.2878070833598935
7600248056394,-1.4189149141,2.8552510738,1.4506942034,-0.6711989641,0.590552628,0.3442898095,-0.2867127955
7600281340694,-1.4163774684995427,2.852179378600969,1.4445046162996866,0.6703201079732557,-0.5947034110717856,-0.3405698122525636,0.2846243290524536
7600314630494,-1.4138664491992354,2.8490379210016106,1.4383378614994689,0.6694168863784414,-0.5988333915879029,-0.33683689504865644,0.28252523335925706
7600347924494,-1.4113826367990798,2.845827229101928,1.432194682199352,0.668489304405502,-0.6029422032239742,-0.3330913064556455,0.2804156397752083
7600381209094,-1.4089277060990775,2.842549076501923,1.4260780706993417,0.6675377801486619,-0.6070280239842957,-0.329334715021024,0.2782964887560369
7600414497694,-1.4065013241992292,2.8392026154015984,1.4199860429994426,0.6665619708611581,-0.6110923561074912,-0.32556574752087264,0.27616700626588125
7600447794094,-1.4041038880995365,2.835787893500956,1.4139183986996604,0.6655617877654451,-0.6151355046234406,-0.3217841036166713,0.274027021072275
7600481077094,-1.4017375708,2.8323075771,1.4078794718,-0.6645379066,0.6191547513,0.3179923296,-0.2718779743
7600514365194,-1.4070232759966117,2.814218750599305,1.4119363980024802,0.6734018041740638,-0.6255084484378489,-0.29277005300769243,0.26373260535979215
7600547655494,-1.4131156181943902,2.7964436744987506,1.4162470966041456,0.6817130643729377,-0.6313486884298753,-0.2673055890007732,0.2553700326390798
7600580947494,-1.4199907971933183,2.779024720998396,1.4208298915049844,0.6894646398503231,-0.6366704979009449,-0.24162020148680396,0.24679721581108532
7600614233394,-1.4276206326933725,2.762006766098296,1.42570110150499,0.6966484587813896,-0.6414683617204645,-0.2157410483916995,0.23802324640259032
7600647523794,-1.4359785990945255,2.7454239246985006,1.4308787545041592,0.7032609473915505,-0.64573990371955,-0.18968116488886064,0.2290525535867477
7600680813394,-1.4450321966967463,2.729317036399055,1.436377570502494,0.7092955256075457,-0.6494808468228757,-0.16346607828699067,0.21989390217290536
7600714100994,-1.4547474384,2.7137231827,1.4422117472,-0.7147471309,0.652688086,0.1371182948,-0.2105551809
7600747391994,-1.464811146400943,2.6941593434996394,1.4283023341012262,0.7130089232425796,-0.6594881835355576,-0.12637499499034408,0.2017993354662461
7600780709494,-1.4754318019015702,2.6746718277994375,1.4146637430020346,0.7110970839247559,-0.6661343745118619,-0.11559261508983493,0.1929877707630528
7600813970694,-1.4865793075018812,2.6553280233993717,1.401328382302429,0.7090170166898965,-0.6726087185715264,-0.10480058228734998,0.1841445619559832
7600847260494,-1.4982779428018778,2.636097398799418,1.388260484202416,0.7067641284152893,-0.6789263792881619,-0.09397399009394052,0.17524932946481508
7600880556394,-1.5105166289015612,2.617012020599553,1.375467668302002,0.7043402181323837,-0.6850813080972648,-0.08312272939882753,0.1663101628712331
7600913839194,-1.5232836021009344,2.5981015649997548,1.362955307801194,0.7017473220285394,-0.6910685227860958,-0.07225568220107943,0.15733438667269622
7600947127294,-1.5365806818,2.5793740749,1.3507142067,-0.6989847422,0.6968899965,0.061369475,-0.1483192295
7600980422594,-1.534855795299607,2.5797682712993937,1.3551459531999037,0.7017286683360157,-0.6931774596000732,-0.06700866161414934,0.15030543837942664
7601013706794,-1.5331516926993465,2.580133638098991,1.3595864894998384,0.7044317109181727,-0.6894266790965221,-0.0726421511220414,0.1522824240784194
7601047025994,-1.5314657758992178,2.58047033849879,1.3640416012998045,0.7070973660971145,-0.6856325817900811,-0.07827741592938277,0.1542527918768717
7601080290394,-1.5298023067992197,2.580777185998791,1.368498895499803,0.7097183336272849,-0.681805644433097,-0.08389895094251221,0.15621112688673988
7601113575294,-1.5281572209993515,2.5810546223989927,1.3729680676998346,0.7123004593800956,-0.67793748280184,-0.08951916774643905,0.1581617639797773
7601146864694,-1.5265310584996117,2.581302189499396,1.3774465984999,0.7148423092879884,-0.6740301331232419,-0.09513503865705855,0.1601036442851964
7601180160794,-1.5249234438,2.5815196037,1.3819344044,-0.7173438668,0.6700835228,0.1007466093,-0.1620367765
7601213443594,-1.5205418550021943,2.5938840687003544,1.3852313115006811,0.7010563025498842,-0.6786493264001975,-0.13386003054379436,0.17331083247869383
7601246732094,-1.5170872971036666,2.6065845422004874,1.3883577402010348,-0.6836704173940887,0.6861560788427805,0.16676993903673548,-0.1843159875891839
7601280023394,-1.5145723471044015,2.6195551657004605,1.3912696602011192,-0.6652144984576502,0.6925910053040525,0.1994219540101047,-0.1950339833784117
7601313310894,-1.5130035085043927,2.632726800200336,1.3939241571009957,-0.6457210937760586,0.6979428224210266,0.2317585890985506,-0.20544595898355145
7601346600194,-1.5123805692036454,2.646033820000177,1.3962809590007264,-0.6252174839870558,0.7022041638303379,0.2637347728856331,-0.21553742038726162
7601379890494,-1.512697888402173,2.659407253300045,1.3983010890003735,-0.6037360804042159,0.7053681291468595,0.29529971467657945,-0.22529231259398125
7601413179694,-1.5139437914,2.6727771759,1.3999476433,-0.5813118219,0.7074295878,0.3264020979,-0.2346947789
7601446468194,-1.5032803083999975,2.6869850680982523,1.3911661494975591,-0.5690716593061247,0.7028766908336962,0.344000545066802,-0.2525577736894861
7601479758394,-1.4933915736999892,2.701615646297096,1.3821723787959437,-0.5563759611051469,0.697761688021462,0.36132489947232777,-0.27021978768231664
7601513048094,-1.4842997627999805,2.716621876996526,1.3729599400951513,-0.5432356831698647,0.6920889671662087,0.37836014845394056,-0.2876655212563596
7601546337994,-1.4760236071999755,2.7319567787965364,1.3635223681951747,-0.5296610598342,0.6858629513392394,0.39509303590646466,-0.30488139768400674
7601579626394,-1.468579805899977,2.747571210997123,1.3538546034960026,-0.5156636605293482,0.679088967524753,0.41150934981050113,-0.3218527899742002
7601612919394,-1.4619807783999859,2.7634188291982795,1.3439500239976183,-0.5012520526301953,0.6717711141185582,0.4275989286190984,-0.33856920446745636
7601646206094,-1.4562395811,2.7794444561,1.333807826,-0.4864425361,0.6639177203,0.443343699,-0.3550118506
7601679493394,-1.4557771548996932,2.7882851973001026,1.3379669444997464,-0.4972632666018343,0.6553940804675872,0.4351419852038915,-0.36584053314160697
7601712788894,-1.4551513954994915,2.797097587800164,1.3421702938995834,-0.5079005148132238,0.6466229998765227,0.4267753596160731,-0.37653493265262966
7601746073294,-1.454361182699393,2.805876155500188,1.3464089792995073,-0.5183441272291391,0.6376128337903344,0.418251795331272,-0.38708484296739054
7601779363694,-1.453404890099396,2.814625095700178,1.3506786607995147,-0.5285956031572138,0.6283623820175674,0.4095701409549889,-0.39749176699169586
7601812657494,-1.452281512399499,2.8233434365001404,1.3549724620996018,-0.5386502218384166,0.6188757290889992,0.40073425854221445,-0.4077509343810337
7601845941194,-1.4509907957997006,2.8320274246000796,1.3592820466997648,-0.5485002035192826,0.6091603426618061,0.391751083530437,-0.41785439117015993
7601879232694,-1.4495315552,2.8406815529,1.3636031151,-0.558147192,0.599214673,0.3826191723,-0.4278038144
7601912529994,-1.4577743152999536,2.8335026232001006,1.3628882481989621,-0.5557307676180694,0.6110697182522714,0.3845692707259349,-0.4121451071783379
7601945809794,-1.4661418854999018,2.8265092539001757,1.3619178716982687,-0.5530960750132964,0.622677133943819,0.38636642241656527,-0.3963318133804324
7601979098294,-1.4746282504998567,2.819697948800221,1.3606868227979207,-0.5502421551212549,0.6340415523499592,0.38801138331626117,-0.3803577881918185
7602012396994,-1.483221148499831,2.8130703496002303,1.35919073349792,-0.5471698216253251,0.6451587829521169,0.3895034471134513,-0.36422849390045264
7602045676794,-1.4919001302998376,2.8066336726002006,1.3574273447982668,-0.5438830581489957,0.6560148176783202,0.3908407807249489,-0.3479644553216447
7602078966094,-1.50065951919989,2.800383547200125,1.3553920187989603,-0.5403804505083469,0.6666147379266626,0.3920240620902782,-0.3315582824023565
7602112256794,-1.5094840527,2.7943224907,1.3530822992,-0.5366641283,0.6769516468,0.3930524588,-0.3150203824
7602145545394,-1.5105312363023071,2.764749133601681,1.3557495214984872,-0.580380760615474,0.6807918063456191,0.3410221317026138,-0.2887639084253402
7602178834594,-1.5152803052037438,2.735459844003144,1.3573018586976497,-0.6210090482458839,0.6810084564902006,0.2871757460268839,-0.2609699888482944
7602212124494,-1.5237135585043313,2.7069762511041633,1.357956183097401,-0.6583326769353277,0.6776002341876519,0.23179964882840048,-0.23178639285133837
7602245415194,-1.5357349993041316,2.6798029141045308,1.3579484793976366,0.6921528597520669,-0.6705850265123802,-0.17518834083806098,0.2013682849627356
7602278701894,-1.5511698490032457,2.6544201863040575,1.3575289160982362,0.722285237285175,-0.6600016988584511,-0.11765144233037074,0.16988211095180258
7602311993294,-1.5697770722018118,2.631260183902588,1.3569562427990696,0.7485771613034768,-0.645903712284611,-0.05948017944022983,0.13748722226281607
7602345286394,-1.5912432671,2.6107170582,1.3564926386,-0.7708852291,0.6283664107,0.0009892937,-0.1043587402
7602378593694,-1.607910173293564,2.5842795588955894,1.3522051166009355,0.7743844932316097,-0.6253135933090466,-0.003962328133212386,0.09641507465700742
7602411859794,-1.6247362770893137,2.558073304692599,1.3474339326015483,0.777807195764067,-0.6222062242478912,-0.006931315319199791,0.08847224193365538
7602445155094,-1.6417484136872196,2.532049115591055,1.342168775901846,0.7811602577581912,-0.6190380155163104,-0.009902261206738936,0.0805141743283614
7602478439794,-1.6589176533872643,2.506244580790993,1.3364152346018334,0.7844392971380966,-0.6158130013941118,-0.012871336493143723,0.07255112071046906
7602511729594,-1.6762432532894247,2.4806537079924444,1.3301706042015173,0.7876455723799193,-0.6125299762430353,-0.015839664478669732,0.06458007078982725
7602545023994,-1.6937161595936787,2.455283128795438,1.3234348351009042,0.7907787037354687,-0.6091892709808547,-0.018806922766517655,0.056601885978479656
7602578309594,-1.7113204002,2.4301490784,1.3162109852,-0.7938371897,0.605792582,0.0217716414,-0.0486205257
7602611597994,-1.716685213000799,2.4248021761003153,1.3223929299995953,0.7941095167188444,-0.6047978519638088,-0.02882916355157035,0.05271160256948151
7602644889094,-1.7220070109013346,2.419359454000523,1.3285295228993281,0.7943282082831373,-0.6037621755370988,-0.03588530974866243,0.05679944947491167
7602678176394,-1.7272830447016045,2.4138227576006255,1.3346196103991965,0.7944931715360025,-0.6026857977775261,-0.04293822444989259,0.06088298958676178
7602711464494,-1.7325123498016077,2.4081921382006226,1.3406640948991992,0.7946044253403288,-0.601568648280887,-0.04998840574899019,0.06496251169518281
7602744754794,-1.7376934522013425,2.4024681755005166,1.3466632917993353,0.7946619595333909,-0.6004107501755643,-0.05703567294733873,0.069037911002665
7602778045994,-1.7428244683008072,2.3966519344003085,1.3526170397996027,0.7946657605824564,-0.5992122211369283,-0.06407927394199857,0.07310875220602128
7602811333194,-1.7479029894,2.390745163,1.3585245609,-0.7946158648,0.5979733467,0.0711176991,-0.0771741644
7602844623194,-1.741200560999743,2.3974126225985875,1.372155558100479,0.7876184902255469,-0.6006169169745462,-0.08912282824685493,0.10475473442333176
7602877912694,-1.7349190304995399,2.404695383497676,1.385671369300822,0.7797227364275313,-0.6025752869815233,-0.10702601864974004,0.13221538922940365
7602911200694,-1.729098561799411,2.4125624088972497,1.3990646753010134,0.7709378985496533,-0.6038462034042418,-0.12480631665591038,0.15952398734018713
7602944490994,-1.7237764211993754,2.4209811860972903,1.4123306324010383,0.7612729638269764,-0.6044283366917801,-0.14244546295476151,0.1866524857420948
7602977781394,-1.7189886551994515,2.4299152701977764,1.4254625667008844,0.7507395019230679,-0.6043209096938358,-0.15992215335641763,0.21356812314801424
7603011068894,-1.7147688262996548,2.4393254971986877,1.4384541408005411,0.7393505868274639,-0.6035241416024715,-0.177214898259843,0.24023779905676418
7603044359094,-1.7111468315,2.4491729736,1.4513030052,-0.7271173596,0.6020388603,0.1943068951,-0.2666355968
7603077681994,-1.6977537188988148,2.460904940099035,1.45117650689778,0.7106769402023531,-0.6097315936943238,-0.20343525297451032,0.28597162125427433
7603110938094,-1.6849254765980575,2.473190034798448,1.4506534078963995,0.6937121338682217,-0.6169307375730055,-0.21238577538287468,0.3050446242382267
7603144228094,-1.672647287497712,2.486026231798204,1.4497137008957983,0.6761856675771707,-0.6236530990906294,-0.22117875530390813,0.3238976893404515
7603177521494,-1.66095441299776,2.4993626003982725,1.4483398351959194,0.6581264424753442,-0.6298864283000297,-0.22979895432154576,0.3424983412381773
7603210806194,-1.6498721863981773,2.5131525359986187,1.446516064496702,0.6395553227844991,-0.6356236844217665,-0.23823651504318816,0.3608252815424533
7603244103894,-1.6394128264989356,2.5273620206992065,1.444226169298084,-0.620474688669969,0.640864005421405,0.2464902756559156,-0.3788760104337687
7603277389894,-1.6296014786,2.5419361591,1.4414583445,-0.6009136438,0.6455993652,0.2545476258,-0.3966229558
7603310674694,-1.6235754818026895,2.5480101230019896,1.445459736600201,-0.5914252681826089,0.6381520048329687,0.27838237555127837,-0.406794080420572
7603343963594,-1.6179451822045627,2.554359045903207,1.449610603100283,-0.5814524202744932,0.630182238906403,0.3019925703175697,-0.41663403149146977
7603377258594,-1.6127268218055664,2.5609598982037145,1.4539081549002764,-0.5710024281010456,0.6216958609175767,0.3253602218013473,-0.4261352011862449
7603410542894,-1.6079379905056512,2.567784950503577,1.4583466108002134,-0.5600892007967043,0.6127041928953307,0.3484544988670762,-0.4352851035570653
7603443831694,-1.6035900264047755,2.5748121684028633,1.4629239100001254,-0.5487168044447401,0.6032106195307357,0.3712671470660294,-0.44408053606834674
7603477121494,-1.5996956985029016,2.5820151161016467,1.4676351059000436,-0.536895615250346,0.5932237735199357,0.39377705383738565,-0.452513297845344
7603510410794,-1.5962659121,2.5893671513,1.4724750519,-0.5246357918,0.5827522278,0.4159647822,-0.4605760872
7603543699294,-1.5949450824016635,2.583484793499466,1.4729384757989672,-0.5123007250651066,0.5750015907440776,0.43261791054437543,-0.46878873836277807
7603576989394,-1.5933610932027542,2.5776676961990446,1.4734046926982722,-0.4996796682459189,0.5669302543468167,0.4490308336587443,-0.47674062788022925
7603610277794,-1.5915174298032806,2.5719284122987762,1.4738767009979203,-0.486780928606589,0.5585435433259307,0.46519280345375047,-0.48442656137815315
7603643567494,-1.5894178363032536,2.566278227398699,1.4743575750979157,-0.4736105337025721,0.5498453793449654,0.4810962780821334,-0.49184295501153075
7603676857594,-1.5870668260026868,2.560728906898852,1.4748503149982604,-0.4601761554569892,0.5408408191150182,0.49673194866747944,-0.4989854562017111
7603710178194,-1.5844669676015948,2.555286974099274,1.475358373598956,-0.44647277575117056,0.5315263188310574,0.5121048547948974,-0.5058561560349418
7603743435294,-1.5816315413,2.5499787331,1.4758832455,-0.4325470626,0.521933794,0.5271635056,-0.5124322772
7603776725794,-1.5785841982001318,2.5346756981998904,1.4761357829026176,-0.4254580574400583,0.5156982993231771,0.534926602314979,-0.5166180751486221
7603810021494,-1.575146944200217,2.519452800799812,1.4763760150043561,-0.41829692026183857,0.5093757414326671,0.5426016121402939,-0.5207182837601689
7603843304094,-1.5713240032002573,2.504328319199769,1.4766052802052174,-0.4110687968406281,0.5029706685901009,0.5501830555095869,-0.5247299841176989
7603876594094,-1.567115574500254,2.489302794199764,1.4768251956052068,-0.40377045983938664,0.4964802266721251,0.5576743597043874,-0.5286549997994792
7603909891994,-1.562524042800209,2.4743858877997997,1.4770372384043287,-0.39640297075773306,0.48990534427863597,0.565074323126697,-0.5324926739069566
7603943173894,-1.5575558093001234,2.4595980017998773,1.4772427439025908,-0.3889728715617727,0.48325186756792254,0.5723764337293265,-0.5362396439954826
7603976461394,-1.5522110462,2.4449391365,1.4774433374,-0.3814766407,0.476516664,0.5795843005,-0.5398977995
7604009756094,-1.551641942198982,2.418884349799787,1.4762499720998659,-0.36915167240050156,0.4629407947936789,0.592699678674806,-0.5460036210305674
7604043042294,-1.5498658984982894,2.392897600399681,1.4749131707998597,-0.35662858307896855,0.44911598845893896,0.6054885578274487,-0.5518101928939639
7604076330194,-1.5468863435979319,2.3670274022996605,1.4734376767999313,-0.3439103967078973,0.4350455882873972,0.6179479373655153,-0.5573161776349171
7604109624594,-1.5427086331979178,2.341326324799703,1.4718286392000313,-0.33100214478655626,0.42073514975191195,0.6300726958127726,-0.5625192546937051
7604142908894,-1.5373438824982548,2.315863009499789,1.4700925833001095,-0.3179173305997858,0.40619964785993784,0.6418502326236754,-0.5674140427092927
7604176198294,-1.5308013404989473,2.2906811351998946,1.4682347252001158,-0.3046571553868237,0.3914404233341093,0.6532795806801007,-0.5720001766765932
7604209488694,-1.5230954885,2.265838623,1.4662615061,-0.2912304401,0.3764672875,0.664353013,-0.5762745142
7604242776694,-1.5249648380967127,2.2390558253001847,1.4665981231025917,-0.2745241111095846,0.3517622533555647,0.6762230360038978,-0.5861930015885376
7604276065194,-1.5250399000945332,2.2122069338004837,1.466879329004193,-0.25750766932540486,0.32665980597855165,0.6873299674367757,-0.5954499872029673
7604309356794,-1.523320431693465,2.18540992380079,1.4670928593048729,-0.24019894161649033,0.3011862536712897,0.697662002204618,-0.6040356278611512
7604342644294,-1.5198150273935005,2.1587904081009976,1.4672267006047066,-0.2226212203287192,0.27537587349167736,0.7072052793345479,-0.6119384065732365
7604375933394,-1.5145394926946214,2.1324628449010024,1.4672692739037778,-0.2047913682386278,0.24925341960997058,0.7159507489634507,-0.6191508324845901
7604409223794,-1.507517839596801,2.106545230200703,1.4672093673021767,-0.1867296404378095,0.2228485750161628,0.7238883556580955,-0.625664608666537
7604442513094,-1.4987826347,2.0811553001,1.4670362473,-0.1684577316,0.1961930543,0.7310085893,-0.6314719319
7604475801994,-1.5029165779007079,2.064880968099982,1.4679260199956823,-0.14686534173181545,0.17747106131558013,0.734840726118941,-0.6379213909491562
7604509091694,-1.506101271801198,2.048399044499921,1.4689020169928544,-0.12514421813612808,0.15859368401712964,0.7380314269293687,-0.6438140887877277
7604542386794,-1.5083270428014584,2.0317634963998445,1.4699719907914959,-0.10331028613444987,0.13957474890914065,0.740578137401392,-0.6491455126925346
7604575684894,-1.5095868678014783,2.0150323127997827,1.4711431680915767,-0.08138414923677699,0.12043218650434483,0.7424782057947343,-0.6539104087156137
7604608960494,-1.5098775078012479,1.9982755015997666,1.4724214704930554,-0.059401806140105616,0.10119746329922787,0.7437290872957736,-0.6581014690450785
7604642254894,-1.5091997437007578,1.981529541399828,1.4738150005958828,-0.03735518534078806,0.08186352398669897,0.7443313500453909,-0.6617203298284257
7604675550894,-1.5075566769,1.9648603201,1.4753292799,-0.0152748814,0.0624571629,0.7442836165,-0.6647614837
7604708827394,-1.5056268889006346,1.9534367947000622,1.4792859633009587,0.005658475055380073,0.04526675147387626,0.7390395026455039,-0.6721157016470725
7604742122594,-1.5031247170010495,1.9422060866000939,1.4834877658015924,0.02659897355726151,0.028029750069918535,0.7331894514727969,-0.6789256630631496
7604775407494,-1.5000653649012483,1.9312128502001016,1.4879308655019017,0.04751129535582442,0.010775211764068513,0.7267430452249176,-0.6851796245089783
7604808696194,-1.4964627633012362,1.920486398600091,1.4926160279018907,0.06838724186001136,-0.006490086939800723,0.7197029882659687,-0.6908752945382614
7604841991094,-1.4923332480010185,1.9100592540000676,1.4975418650015653,0.0892112626629026,-0.023753303644133805,0.7120742517770519,-0.6960081832394157
7604875274694,-1.4876976599006038,1.899969005800036,1.5027031168009322,0.10995544056174174,-0.04099128524672803,0.7038672025578777,-0.7005715358106138
7604908566094,-1.4825736284,1.8902409077,1.5080993176,0.1306147724,-0.0581998639,0.6950839758,-0.7045643926
7604941853494,-1.4693258771998658,1.8840552691999408,1.5164434775000828,-0.1515721807756644,0.07640395475428505,-0.6700220581921841,0.7226747202225383
7604975143594,-1.4558863622996832,1.8791180206999374,1.5253000574000264,-0.17226954907479416,0.09447758425129509,-0.6438011064655057,0.7395385884789226
7605008431594,-1.4423300440995084,1.875467812099967,1.5345899692998977,-0.1926681371761344,0.1123869302480305,-0.6164700906537899,0.7551243567491455
7605041758994,-1.4287138221993976,1.8731313361000077,1.5442445295997629,-0.21275757529264006,0.1301230532527522,-0.5880403658878905,0.7694223373766933
7605075010494,-1.415158938599407,1.8721344240000384,1.5541465866996906,-0.23243429591153908,0.14759435385851624,-0.5586610210199219,0.782360574406822
7605108300194,-1.40169272679959,1.8724820922000416,1.5642445789997474,-0.2517324425172766,0.16483097635516328,-0.5282837326169748,0.7939633646903151
7605141590194,-1.3884038925,1.8741776943,1.5744409561,0.2705960274,-0.181783095,0.4969938397,-0.804195106
7605174879594,-1.3722163082999712,1.8646806859001972,1.571756257599992,-0.2711250495301333,0.17512820806121124,-0.4960726339301614,0.8060603328065115
7605208167894,-1.3560586469999585,1.8550810494003185,1.5692679112999794,-0.2716407912229006,0.16846497386218562,-0.49512719161861807,0.8078860669953839
7605241458594,-1.3399323064999573,1.8453778790003699,1.5669752358999665,-0.27214328760194745,0.161793021855208,-0.49415747078206423,0.8096724295432304
7605274753494,-1.3238395140999646,1.8355707490003577,1.5648776962999575,-0.2726325374052829,0.15511231506296014,-0.49316345928953986,0.8114194178631298
7605308036394,-1.3077911682999768,1.8256646166002877,1.562975737199957,-0.27310828321971764,0.1484264334764148,-0.49214569781677536,0.8131261105158838
7605341326394,-1.2917811246999897,1.8156539894001662,1.5612676782999697,-0.27357077791170176,0.1417318688773553,-0.4911036575033181,0.8147934121016089
7605374620694,-1.275813818,1.8055398464,1.5597531796,0.2740199566,-0.1350295097,0.4900374711,-0.8164210916
7605407905294,-1.2503052057001516,1.7877834480002943,1.5604943208956097,-0.2629638526257416,0.12487659406678903,-0.5026639590131141,0.8139931159265219
7605441197294,-1.2253360910003492,1.7692510953004594,1.5607251026928401,-0.2518025356225668,0.11467262494307441,-0.5150968329878083,0.8112465252860198
7605474489294,-1.200935941100538,1.7499767122005125,1.5604269564915998,-0.24054281004457334,0.10442383983089694,-0.527328398913614,0.808182886424871
7605507773494,-1.1771331110006598,1.7299962860004727,1.5595826239917934,-0.22919174714681206,0.09413665951016302,-0.5393510833962339,0.8048042253960699
7605541063294,-1.1539398752006533,1.7093341681003602,1.5581751571933242,-0.21774922235360458,0.08381096639172406,-0.5511650489871059,0.8011105334795735
7605574357394,-1.1313783764004552,1.6880242577001952,1.5561885727960938,-0.20622011456629985,0.07345118297579101,-0.562765122891978,0.7971032583825612
7605607641294,-1.1094782352,1.6661103964,1.5536090136,0.1946139783,-0.063065879,0.5741418004,-0.7927858233
7605640931194,-1.0914176855992697,1.644397477300692,1.5510731284014754,-0.17654448617926746,0.05502627006307194,-0.591895864515059,0.7845147797031076
7605674219594,-1.0742187440987212,1.6221541108011033,1.5474095729024366,-0.15833904496781212,0.04694439636247416,-0.6091906046927005,0.7756363694689582
7605707509694,-1.0579160234983935,1.5994541337012633,1.5426130096028956,-0.14001000146844025,0.03882573996540903,-0.6260142584162214,0.7661565829936687
7605740799294,-1.0425441281983232,1.5763764127012017,1.5366822289028648,-0.1215727602678178,0.030677125167711757,-0.6423526546410107,0.7560833585180637
7605774088194,-1.0281336945985455,1.5529996667009491,1.5296193768023598,-0.10304172186383198,0.022504915468909575,-0.6581930636537562,0.7454245926270184
7605807381694,-1.0147102198990945,1.5293996276005377,1.521428688401398,-0.08442827905310074,0.014314138368722092,-0.6735256451177865,0.734186744982203
7605840666694,-1.0023033619,1.5056657791,1.5121226311,0.0657541901,-0.0061143641,0.6883326173,-0.7223830819
7605873956794,-0.9902393422981993,1.4743017569000814,1.5059903338022098,-0.06274950743916595,0.00276661677287282,-0.6946079841030386,0.716641188858195
7605907265694,-0.9784293661969592,1.4429326269001097,1.499306926503662,-0.05973731683321066,-0.0005832770239342777,-0.7008225670220388,0.7108296858728692
7605940534294,-0.9668940898963048,1.4116256871001012,1.4920851684043677,0.056723243626296334,0.003929064120958089,0.706964790131867,-0.704959446777934
7605973824994,-0.9556115216962581,1.3803338442000708,1.4843125358043412,0.05370191802020398,0.007276709918287438,0.7130456582544988,-0.6990200588953976
7606007120194,-0.9445876998968433,1.3490853234000337,1.4759932591035951,0.05067521090909883,0.010624134414914404,0.7190613151096875,-0.693015133947289
7606040402494,-0.9338279520980829,1.3179080536000054,1.4671328699021438,0.04764498590337574,0.013969278712691503,0.7250080853408145,-0.6869483901727703
7606073692894,-0.9233250022,1.2867939472,1.4577270746,0.0446096137,0.0173139442,0.7308892012,-0.6808165908
7606107016494,-0.9125823856982921,1.2499392094003638,1.4595063412997054,0.04843425279656052,0.019541194117064287,0.736256276131864,-0.6746843415590426
7606140271694,-0.9017758652971872,1.2131641733006042,1.460771535899502,0.052246890300214156,0.02176219762497613,0.7415492291582169,-0.6685068510818295
7606173560894,-0.8908680612966627,1.176364158800723,1.4615282180993932,0.05605894399807657,0.023983605030386778,0.7467839855026615,-0.6622657023312681
7606206855394,-0.8798640093967011,1.1395794792007212,1.4617758795993836,0.059866792504013965,0.02620330733917561,0.7519554702534726,-0.6559667099751701
7606240140094,-0.868764543597283,1.1028353696005995,1.4615157330994781,0.06366838300780571,0.028420107846998412,0.7570609071719838,-0.6496132828899586
7606273428194,-0.857561148898389,1.066125795500359,1.4607492181996817,0.06746489840980122,0.030634695953950717,0.7621019014670741,-0.6432034628845171
7606306724194,-0.8462481499,1.0294543505,1.4594775438,0.0712565258,0.032847181,0.7670786977,-0.6367369294
7606340007694,-0.8343799218994283,1.0063730868998992,1.4613852489954249,0.06937336741187085,0.03133612826275099,0.7659564233173995,-0.6383699088602586
7606373327294,-0.8224985703990451,0.983269961899827,1.4633315016923725,0.0674874913140625,0.029823131665776055,0.7648254760961372,-0.6399984456606885
7606406585594,-0.8106386527988523,0.9602126534997862,1.4653105562908495,0.06560442672026716,0.02831262777064142,0.7636891525216771,-0.64161774650032
7606439876494,-0.7987665102988502,0.9371362046997802,1.4673279374908499,0.06371887632125843,0.02680036717334039,0.7625442651874037,-0.6432323753897441
7606473165894,-0.78689412799904,0.9140644039998118,1.4693816122923753,0.06183278912415676,0.02528791307695673,0.7613919874758674,-0.6448406539982483
7606506455294,-0.7750207965994229,0.8909963576998841,1.4714716517954254,0.05994609842584831,0.02377521218018715,0.7602322792496111,-0.6464426394942145
7606539744194,-0.7631465197,0.8679325581,1.4735980034,0.0580588542,0.0222623032,0.7590652108,-0.6480383277
7606573032494,-0.746580311197673,0.8507249955012754,1.4693079574023362,0.05247212481826041,0.03134360468517537,0.7609828677489068,-0.6458864680073784
7606606323794,-0.730358257496093,0.8332071241020927,1.4649468471038758,0.04687849320917844,0.04042190158791494,0.7628078944843976,-0.6436556477331137
7606639611694,-0.7144895512952776,0.8153900423024715,1.4605122585046282,0.0412797140977242,0.049494340189276204,0.7645396777858632,-0.6413465339302358
7606672900594,-0.6989779655952439,0.797279299502431,1.456000395904605,0.03567573088672999,0.05856101339147237,0.7661782453978322,-0.6389591115363806
7606706191594,-0.6838287723960088,0.7788822723019918,1.4514079192038176,0.03006704157305419,0.0676211137883422,0.7677234384460888,-0.6364935820898612
7606739484194,-0.6690478179975892,0.7602073456011745,1.4467317426022779,0.02445441406243889,0.07667339859126243,0.7691750295669375,-0.6339502705039483
7606772768994,-0.6546445489,0.741268158,1.4419701099,0.0188401192,0.0857142136,0.7705324888,-0.6313302517
7606806059394,-0.6344109082040345,0.7224572648960262,1.4428200918036247,0.01804387705469839,0.09755683317006696,0.769077293639389,-0.6314089001676931
7606839355194,-0.6145586531068127,0.7032536078934667,1.4439723753060416,0.017244925560886654,0.10938742236311204,0.7675118841270613,-0.6313972696289416
7606872638894,-0.5951097478082793,0.6836754245922696,1.4454214202072484,0.016443798764092677,0.1211980729391799,0.7658373092913651,-0.6312953700886753
7606905927594,-0.5760654932083823,0.6637210238923801,1.4471628624072461,0.015640200468456343,0.13299316872446407,0.7640529835164094,-0.6311031924983475
7606939222094,-0.5574368204070695,0.6433982061937434,1.4491917034060353,0.014834225272680945,0.14477129771097272,0.7621590657449901,-0.6308207159109188
7606972506894,-0.539243275404292,0.6227251640963024,1.4515016036036188,0.014026363875440286,0.15652529638422483,0.7601567276059452,-0.6304481280673973
7607005794694,-0.5214884877,0.6017029881,1.4540878534,0.0132164247,0.1682579815,0.7580455542,-0.6299853921
7607039090394,-0.5103703288991197,0.5855354697007104,1.4531490981973008,0.009893236383614976,0.17770703768750057,0.7575900856626999,-0.6279964926142297
7607072380894,-0.4995496456985223,0.5691698547011674,1.4522313228955073,0.006569533987386763,0.1871360602930032,0.757055574942633,-0.6259423237084082
7607105663494,-0.4890309682982143,0.5526130525013816,1.4513315907946165,0.003245934291569998,0.19654330430519742,0.7564421381495571,-0.6238232803247212
7607138952094,-0.4788135803982021,0.5358637108013623,1.450446517794624,-7.860350418318715e-05,0.20593171770551,0.7557495899115458,-0.6216387044038343
7607172242694,-0.46890239539849177,0.5189293994011195,1.4495732021955268,-0.0034033328995431143,0.21529918430878497,0.7549780571866602,-0.6193890632936644
7607205532394,-0.45930174029908905,0.5018172876006625,1.4487087019973197,-0.00672761679450819,0.22464390860962685,0.754127684055129,-0.617074784477946
7607238849194,-0.45000723,0.4845185578,1.4478492737,-0.0100539038,0.2339727581,0.7531977892,-0.6146941185
7607272110794,-0.44770691720139205,0.4701531478996932,1.4461895587012537,-0.012989609589880305,0.23991560190641584,0.7500797467523699,-0.6161591900771142
7607305399194,-0.4456027864023282,0.4557375489995104,1.4446021437020806,-0.01592695559025802,0.2458498412937738,0.746917321952008,-0.6175910473683153
7607338703194,-0.44369660060280286,0.4412796704994387,1.4430874567024854,-0.018864787191480936,0.2517731103927918,0.7437116373865511,-0.6189890314885835
7607371977894,-0.4419914386028113,0.4268021641994651,1.4416472314024735,-0.021798980192510573,0.2576771010871853,0.740467219706315,-0.6203512009968796
7607405267194,-0.44048550570234957,0.41228909689957627,1.4402792401020514,-0.02473324239276933,0.26356928197228136,0.7371799972994402,-0.6216792998829492
7607438557294,-0.43918010720141376,0.397749617499759,1.4389838047012249,-0.027666192493323572,0.26944687106093196,0.7338514881030028,-0.6229726790778263
7607471852294,-0.4380756319,0.3831850886,1.4377604723,-0.0305980295,0.2753102779,0.7304815054,-0.6242314577
7607505135294,-0.44529244979845184,0.3663028143994658,1.4357898785987713,-0.029794859394339818,0.2909923694484941,0.7261775930792352,-0.6221750642593058
7607538425594,-0.4528772512974363,0.3495898928990883,1.4337221489979748,-0.02898348799610113,0.30659952086212383,0.7216771422887376,-0.6199506379774582
7607571722094,-0.46082349429694414,0.3330554690988813,1.4315487667975975,-0.028164153898717622,0.3221269442892741,0.7169813477266013,-0.61755870912017
7607605003494,-0.4691190527969654,0.3167183343988576,1.4292627564976257,-0.02733760509783505,0.3375605583792699,0.7120945559814496,-0.6150015187914357
7607638294094,-0.4777626097974893,0.30057459399902886,1.4268541924980451,-0.026503462699346957,0.35290749580142733,0.7070145672045555,-0.612277933321678
7607671618194,-0.4867534726985055,0.2846207304994066,1.4243129106988424,-0.025661328898282754,0.36817464129231764,0.701738675265124,-0.6093863809978003
7607704907494,-0.4960651696,0.2688970864,1.4216361046,-0.0248131584,0.3833266199,0.6962791681,-0.6063336134
7607738161194,-0.5023427284989098,0.2558259215994004,1.4226788867014026,-0.03605097120287009,0.39221441541667934,0.6915777310776551,-0.605465458711036
7607771456594,-0.5090091276981984,0.24292672059897305,1.4237038668023396,-0.04729463650465852,0.4010237310035209,0.6867123687443436,-0.6044578621735687
7607804740794,-0.5160486206978582,0.23023152559873544,1.424711785302808,-0.058523708513874104,0.40973841124819066,0.681691663409564,-0.6033124281228536
7607838030394,-0.5234585961978788,0.21774506429870383,1.4257055606028075,-0.06974122301850769,0.4183608337533349,0.6765143001076402,-0.6020288833128915
7607871318394,-0.5312311978982499,0.20548091629889395,1.4266874060023385,-0.08094225441950699,0.4268871984387875,0.6711825243752587,-0.6006077673755364
7607904608994,-0.539360728498961,0.19344826109932112,1.427659880301402,-0.09212565432611967,0.43531662705429913,0.6656968756910056,-0.5990492197810515
7607937899394,-0.5478395224,0.1816586405,1.4286253452,-0.1032879204,0.4436464608,0.6600590348,-0.5973536968
7607971186994,-0.549682348702112,0.17323673800031303,1.4337450187998397,-0.11586519712247557,0.4359567478346097,0.660631892383547,-0.600068723463383
7608004478794,-0.5514142045035251,0.16477030270050308,1.43883235889974,-0.12841798101518118,0.42816793531600084,0.6610561211849435,-0.6026490238630897
7608037765494,-0.5530357519042358,0.1562616227005815,1.443882410699696,-0.1409399450062482,0.4202839677934449,0.6613315313795523,-0.6050933183572687
7608071055494,-0.5545486495042415,0.14770851480055952,1.4488929487997044,-0.1534314331064823,0.41230463779717647,0.6614581425154934,-0.6074016847900437
7608104345394,-0.5559540654035391,0.13911184570044813,1.4538599890997606,-0.16588835379472863,0.40423254236836786,0.6614358917989819,-0.6095733481753991
7608137633394,-0.557253368602126,0.13047212310025813,1.4587798396998606,-0.17830723359009762,0.3960699428579024,0.6612647988117736,-0.611607714688434
7608170923794,-0.5584482551,0.121788308,1.4636497498,-0.1906868815,0.3878176212,0.6609448791,-0.6135045886
7608204218194,-0.5577725706991493,0.11231918879994277,1.4664216956995046,-0.1974744289938818,0.38243338656289666,0.6749113953362853,-0.5993689708191466
7608237501594,-0.5570586547985776,0.10274543349992496,1.4687824964991705,-0.20416697989803426,0.37687130017070003,0.6885562897351315,-0.5849564969236186
7608270792494,-0.5563054049982882,0.09307969559993458,1.4707292936990002,-0.2107651233946924,0.3711309109656423,0.7018807827096899,-0.5702659700079128
7608304088394,-0.5555122176982844,0.08334078349995937,1.4722582500989962,-0.21726520919249317,0.36521524786401294,0.7148774296892823,-0.555305242297437
7608337369794,-0.5546790113985677,0.0735526883999869,1.4733659788991607,-0.22366042059282393,0.35913062786765104,0.7275326572782538,-0.540090215594831
7608370660194,-0.5538047203991393,0.06372687280000465,1.4740514860994949,-0.22995229370375475,0.3528756562883023,0.7398495382022593,-0.5246173602173166
7608403983994,-0.5528882146,0.0538745299,1.4743133783,-0.2361422926,0.3464483917,0.7518306971,-0.508882165
7608437238994,-0.5535966607007724,0.04950827840011756,1.4802067607999627,-0.2372747346042496,0.3577827511845127,0.7398697750961438,-0.5179622758198764
7608470539094,-0.554388401301277,0.04533430750020243,1.4862397103999334,-0.2383242606016547,0.3690051366726475,0.7276292983920909,-0.5268703446193465
7608503823094,-0.5552573513015187,0.04136623580025029,1.4923953640999152,-0.23928844350226103,0.3800907429662572,0.7151357261988407,-0.5355865579266162
7608537107194,-0.5561990297015041,0.03760738380025731,1.4986705005999108,-0.24016747051166654,0.39104111447487727,0.7023876113320929,-0.5441121909546509
7608570417794,-0.5572093125012407,0.03406012830021994,1.5050639355999218,-0.2409616233023443,0.4018608718536776,0.6893790807113666,-0.5524507388410778
7608603684894,-0.5582809788007368,0.030736552900135144,1.511555691899951,-0.24166901630315343,0.4125235381497583,0.6761422870208968,-0.560581862651319
7608636975394,-0.5594109893,0.0276342593,1.5181521177,-0.2422909141,0.4230469167,0.662655592,-0.5685192347
7608670279994,-0.5640090413989735,0.03327080720045422,1.526702229500011,-0.23391525399259494,0.4359358200417538,0.6437039348191839,-0.5838568823371046
7608703553494,-0.568537560098346,0.039437931000729974,1.5349022959999767,-0.2253533915749194,0.44845110142171685,0.6242360483877007,-0.5986959281911296
7608736844294,-0.5729933975980848,0.046123450800842555,1.5427356936999221,0.21660008507218179,-0.4606007722286528,-0.6042400639953861,0.6130459010807789
7608770133094,-0.5773643925981566,0.053301318300807934,1.5501700921998727,0.20766754328316822,-0.4723674509656193,-0.5837438089396276,0.6268862323098445
7608803422194,-0.5816416059985253,0.06094782580064347,1.5571798209998535,0.19856257608787137,-0.48374221449016264,-0.5627629157646022,0.6402064307218609
7608836711894,-0.5858161367991531,0.06903733930036765,1.5637401204998882,0.1892926510826183,-0.4947157089895564,-0.5413145887593352,0.6529955402002271
7608870000294,-0.5898791552,0.0775421932,1.5698273182,-0.179866001,0.5052782297,0.519417882,-0.6652422547
7608903290294,-0.596931567501472,0.09077434780006878,1.5639456586013731,0.1878776657901131,-0.5229131592108484,-0.49358213405702855,0.669059405106227
7608936582094,-0.6032573378024366,0.10414224940025482,1.557563477302333,0.19569112238284736,-0.5399961709813236,-0.46722313141188054,0.6721693725689436
7608969867894,-0.6088484166028983,0.11758514800047441,1.550679929502848,0.20329631350270821,-0.5565052954276759,-0.4403749935317773,0.6745682546259134
7609003158594,-0.6137030667028675,0.13104951440064316,1.543292475902891,0.21068769880052962,-0.5724285115145851,-0.4130573401027082,0.6762543357100267
7609036485094,-0.6178239541023586,0.1444897537006763,1.5353951570024402,0.21786391489783083,-0.5877626522014168,-0.38527289907578244,0.6772260866950484
7609069735994,-0.621201256201395,0.15780322970048974,1.5270191997014813,0.22479380400307053,-0.6024413714108485,-0.3571446343642975,0.6774805162063611
7609103026794,-0.6238536239,0.1709789336,1.5181423426,-0.2314944863,0.6165011525,0.3286052644,-0.6770194173
7609136322394,-0.6323612566971298,0.19219526899895872,1.5072396432971251,0.24572262649349014,-0.63473186799316,-0.29226825756002406,0.6717999048867767
7609169609194,-0.6391377005952795,0.21359100109789675,1.4955202071951013,0.2594846477942584,-0.6517634340034446,-0.2553909078863639,0.6653176893966567
7609202894894,-0.6441732500944304,0.23500479879703598,1.4829865366940087,-0.27275803769810775,0.667568253918498,0.21803430091272832,-0.6575840044106785
7609236189494,-0.6474698583945446,0.2562767002965988,1.4696455611939134,-0.2855216287990688,0.682120896523786,0.18025735913452945,-0.6486106432146783
7609269474794,-0.6490398948955649,0.27722983899680553,1.455521611794863,-0.2977444424812644,0.6953860534829573,0.1421518051462217,-0.6384194137763899
7609302761994,-0.6489115842974147,0.29770848789787024,1.440633139596888,-0.30940777200390224,0.7073436560343406,0.10377663047613854,-0.6270264698229037
7609336051194,-0.6471245289,0.3175533116,1.4250086546,-0.3204896152,0.7179710269,0.0652038828,-0.6144530177
7609369341594,-0.6468542133005212,0.341588331199109,1.4151953155996306,-0.33795955880321865,0.7178058132083551,0.028004043788575562,-0.608073946711511
7609402632394,-0.6448687461008278,0.36533627009858927,1.404891608899565,-0.3548451246098069,0.7163989694032061,-0.009244681316915663,-0.600642980518397
7609435919894,-0.641205573900937,0.38865059969839544,1.3940766802996947,-0.37111530181945424,0.7137532307050339,-0.046473727223291815,-0.5921739196313507
7609469209594,-0.6359127821008737,0.41139424339848274,1.3827302467999107,-0.38674466650051725,0.7098727975548316,-0.08362485042472952,-0.5826800654016939
7609502500794,-0.6290500926006694,0.4334296200988072,1.3708376059001044,-0.4017057476146127,0.7047642581676179,-0.12063299323261793,-0.572177868924141
7609535789294,-0.6206891868003631,0.45462189809932635,1.3583892099001686,-0.4159708179174428,0.6984371588610216,-0.1574294870385321,-0.560686873730804
7609569078194,-0.6109105349,0.4748468697,1.34537673,-0.4295166135,0.6909019947,-0.1939541399,-0.5482259989
7609602366494,-0.6106991774047037,0.4863536696042153,1.322501828001107,-0.4572517128064789,0.6975404482474187,-0.1964136759500602,-0.5155384196101355
7609635657694,-0.608404630707789,0.49817958870715734,1.299902953301605,-0.4841259085944649,0.7028624830446261,-0.1985025858550629,-0.48187462888678817
7609668948694,-0.6040328358092636,0.5101941189087306,1.2777138335016263,-0.5100858437096794,0.7068573804816182,-0.20021668166982062,-0.4473011916894201
7609702234894,-0.5976065204091574,0.5222647191088555,1.2560659085013155,-0.5350791340002057,0.7095173463842854,-0.20155257557335954,-0.4118883523688636
7609735524894,-0.5891612885075246,0.5342632191074693,1.235077977500829,-0.5590650907080437,0.7108381060101779,-0.20250810738197786,-0.37569386186100967
7609768820094,-0.5787483900044391,0.5460593186045261,1.214868882100333,-0.5819990157770354,0.7108166775878396,-0.20308135837530955,-0.33878423572826794
7609802102794,-0.5664412379,0.5575176477,1.1955626011,-0.6038258076,0.7094535828,-0.2032710761,-0.3012489974
7609835393194,-0.5703754462949191,0.5537432925977194,1.1731470412000828,-0.60276830211397,0.7227063280401174,-0.18347711819463683,-0.2840811230553758
7609868689894,-0.5730018484915479,0.5496417562960877,1.1505935077004346,-0.6011901094039704,0.7353375268187475,-0.1635209846954083,-0.26666469877202353
7609901992794,-0.5743101266898891,0.5452292596951772,1.127979375700877,-0.5990922798010945,0.7473358496045522,-0.14341987749823115,-0.24901467209175
7609935260994,-0.5742953547899325,0.5405290536950549,1.1054099366012309,-0.5964798651189696,0.7586770306153298,-0.12321599620534256,-0.23116823311927395
7609968555894,-0.572957533591656,0.5355510241957818,1.0829209531013195,-0.5933504864230011,0.7693724383076701,-0.10288954730881134,-0.2131079362405028
7610001868194,-0.5702985318950298,0.5303154432974152,1.0605960860009664,-0.5897066989935723,0.7794085417545564,-0.08246356160739231,-0.19485403565018647
7610035128094,-0.5663346648,0.5248539448,1.0385582447,-0.585560143,0.7887567878,-0.0619985871,-0.1764608175
7610068417594,-0.5704974857003158,0.5140575080007723,1.022496114399692,-0.569435230212478,0.8009760929693941,-0.04819105941514924,-0.1784893242656055
7610101708494,-0.574068129800454,0.5025886329013167,1.0067597705994076,-0.5529656868043429,0.8127120997639405,-0.034353843716924896,-0.18041010375298125
7610134997694,-0.5770309077004581,0.4904790790016152,0.9913825879991947,-0.5361629424958477,0.8239565549576087,-0.0204965817194463,-0.1822218010403846
7610168285894,-0.5793720598003718,0.4777608987016496,0.9763952448991006,-0.5190368342828178,0.834702962543572,-0.006627354922688702,-0.18392337302633338
7610201575594,-0.5810793534002382,0.4644668251014028,0.9618267302991726,-0.5015964145014855,0.8449456264817793,0.0072465001734960625,-0.18551391722402683
7610234866394,-0.5821418298001002,0.4506320451008582,0.9477063631994573,-0.48385239201809804,0.8546781769202647,0.02111643577037693,-0.1869924404219941
7610268154194,-0.5825501084,0.4362947047,0.9340638518,-0.4658176899,0.8638935685,0.0349723659,-0.1883578748
7610301444294,-0.586941354399273,0.4305775612999068,0.9256138891997521,-0.46573221661526526,0.8653158241232012,0.03692907356359,-0.1815441281186257
7610334732994,-0.5912298671987846,0.4248716310998441,0.9171044074995942,-0.4656223909879367,0.8666927673688932,0.03888376765824929,-0.17472117391382744
7610368023094,-0.5954151386985367,0.4191761061998122,0.9085361440995217,-0.46548821571320464,0.8680244536125106,0.040836510957269305,-0.1678887975288299
7610401314594,-0.5994963082985323,0.4134906578998115,0.8999105573995304,-0.4653296947981419,0.869310807480987,0.0427872010527714,-0.16104735502917233
7610434601194,-0.6034717945987732,0.4078160282998423,0.891230765599616,-0.4651468703105727,0.8705515255008495,0.04473536715076834,-0.15419850003910263
7610467891494,-0.6073418267992616,0.402150416499905,0.882496018099774,-0.46493970581809635,0.8717468658116273,0.04668141084835486,-0.147340821847151
7610501187394,-0.6111057997,0.3964931667,0.8737072945,-0.464708209,0.8728968501,0.0486253425,-0.1404742897
7610534469194,-0.6172886976000985,0.4042553240994646,0.8776011988007335,-0.4820927854098335,0.8633959324916076,0.05405517724191563,-0.13860753163548017
7610567759694,-0.6235181896001153,0.41183079209910656,0.8817853278012295,-0.4992767330984832,0.8535250833715452,0.05946342593869207,-0.13668129651761676
7610601056394,-0.6297942270000798,0.41920703539892634,0.886251418001484,-0.5162512886218298,0.84328896501039,0.06484736214022992,-0.13469650370911337
7610634337594,-0.6361130118000213,0.4263678400989249,0.8909878243014927,-0.5329982564365812,0.8326987557328761,0.07020119714148301,-0.1326553155979334
7610667627494,-0.6424793584999691,0.4333073460991027,0.895988825201251,-0.5495227519892261,0.8217513732609649,0.07552655313492715,-0.13055713447170525
7610700922494,-0.6488927624999524,0.4400139086994609,0.9012445102007548,-0.5658158118091982,0.8104524419919178,0.08082056833803505,-0.12840304556182583
7610734206294,-0.6553501487,0.4464739561,0.9067422748,-0.5818626285,0.798812449,0.0860784128,-0.1261950433
7610767505494,-0.656096379699112,0.45512132830045543,0.9227009502998738,-0.5970924259177095,0.7890582779056077,0.09435697905204779,-0.10938203456012809
7610800784294,-0.6572772323986315,0.4631167238008307,0.9389578969997822,-0.6119082956242753,0.7787754042134762,0.10256653666448866,-0.09250520577234286
7610834074594,-0.6589082436984908,0.4704601192010844,0.9554882092997293,-0.6263145186430646,0.7679611061347221,0.11070940857870107,-0.0755598441858812
7610867363994,-0.6610023812986235,0.47714229480117315,0.9722447651997197,-0.6402957658725684,0.7566264899478906,0.11877700907612512,-0.05856371769044137
7610900652494,-0.6635717130989631,0.48315892420105266,0.9891858372997581,-0.6538425941177844,0.744779281398088,0.12676387549420637,-0.041528351606623506
7610933942594,-0.6666272648994436,0.4885078616006771,1.0062704908998497,-0.6669468233838723,0.732426606056858,0.13466519049643277,-0.024464014117748234
7610967232594,-0.6701784134,0.4931880236,1.0234552622,-0.6795988679,0.7195774317,0.1424751878,-0.0073831431
7611000520794,-0.664854900001167,0.4849324062004497,1.0186067226987288,-0.686850831184268,0.7177665105687934,0.11379119361679256,-0.00993661223174419
7611033810694,-0.6600668501019692,0.476546071800812,1.013433756697917,-0.6934951408858269,0.7153201054851035,0.08500500292835762,-0.012481415531813794
7611067099294,-0.6558331299023893,0.4680538389010483,1.007959834497546,-0.699525308820953,0.7122405940353866,0.05614468964179116,-0.015015070832240492
7611100389594,-0.6521698321024127,0.4594793830011209,1.0022085353975938,-0.7049365289926202,0.7085304135207955,0.0272332007492058,-0.017535563430948625
7611133685294,-0.6490911812020276,0.45084646570099335,0.996204198498037,0.7097244129823796,-0.7041922353247091,0.0017070911416714378,0.020040937229591167
7611166966994,-0.6466111134012255,0.4421850663006309,0.9899763637988486,0.7138821763690211,-0.6992326687256255,0.030633707232135092,0.022527521627679965
7611200258094,-0.6447380185,0.433514148,0.9835474491,-0.7174091935,0.6936527491,-0.0595413744,-0.0249948669
7611233573694,-0.6359840274972888,0.42169264279921415,0.9685854712022864,0.7094062264834047,-0.700867075941051,0.07022336233561112,0.024430044426871
7611266835994,-0.6276416792954649,0.4094396567986751,0.9537833337038096,-0.7012529255780114,0.707908688923006,-0.08087211324604218,-0.023860507427755404
7611300125994,-0.6196944297945363,0.39673478659839184,0.9391207157045725,-0.69293149941323,0.7147932984464329,-0.09151112546144806,-0.023285006630463772
7611333436994,-0.6121486263945167,0.38358895369837454,0.9246166646045721,-0.6844451857104914,0.7215175753312619,-0.10213576597217533,-0.022703778432336664
7611366703294,-0.6050222034954151,0.3700382637986316,0.9103151905038095,-0.6758128430012129,0.7280668873087909,-0.11272266018147584,-0.022118108434445765
7611399993894,-0.5983031129972407,0.3560651087991711,0.8962018822022849,-0.6670186985824257,0.7344534635752599,-0.12329135098845616,-0.02152692163670704
7611433290194,-0.5919983983,0.3416872323,0.8823001385,-0.6580694914,0.7406720519,-0.133833468,-0.0209306777
7611466572294,-0.5899680961997923,0.33487940980056174,0.8784652736990769,-0.6548261669261748,0.7442433959208162,-0.12978040900741034,-0.021482648228139053
7611499862394,-0.5878695237996454,0.3280511813009358,0.8746999867984534,-0.6515558679918919,0.7477858264915033,-0.12572118430110052,-0.022033892113753093
7611533150394,-0.5857034260995646,0.3212057930011223,0.8710058629981345,-0.6482596994010166,0.7512981064119998,-0.12165718420340163,-0.022584219400872546
7611566440994,-0.5834696329995547,0.3143434606011216,0.8673827954981251,-0.6449373271131161,0.754780590336462,-0.11758799740624881,-0.023133685688180586
7611599728894,-0.5811686484996207,0.3074664619009341,0.8638317622984298,-0.6415894131026567,0.7582325846348228,-0.11351443460507175,-0.023682181674748556
7611633018694,-0.5788003158997675,0.30057503460056006,0.8603526601990533,-0.6382156296904099,0.7616544292310963,-0.10943609610379638,-0.024229761061294496
7611666309294,-0.5763648748,0.2936705947,0.8569459915,-0.6348162293,0.7650458813,-0.1053532809,-0.0247763842
7611699598094,-0.5747026808992546,0.29295428909945787,0.8515639267003196,-0.6271099040885962,0.7725445556329673,-0.09469171770737592,-0.030684790262919974
7611732886494,-0.5730038190987641,0.29217634089909533,0.8462019779005412,-0.6192380037792625,0.7798390514135144,-0.08400526740868992,-0.03658501897688076
7611766176994,-0.5712666544985249,0.29133805699891313,0.8408610569006602,-0.6112019952492279,0.786927962666141,-0.07329594760751407,-0.04247595368907112
7611799466394,-0.5694898878985328,0.29044094889891187,0.8355429685006709,-0.6030047668032413,0.7938087257268984,-0.0625676161157487,-0.04835547110719436
7611832760494,-0.5676717805987842,0.2894863470990922,0.830248056500568,-0.5946470303066659,0.8004806873219389,-0.05182123591753057,-0.054223040121697395
7611866048394,-0.5658115516992747,0.2884761244994547,0.8249792939003462,-0.5861337407051007,0.8069399147095111,-0.041063165218589916,-0.06007519053555899
7611899333694,-0.5639076829,0.287411809,0.8197373152,-0.5774663091,0.813185513,-0.0302950889,-0.0659110174
7611932624894,-0.5559535842999714,0.28470599560078813,0.8063262891001407,-0.5778715819266097,0.8147584420325875,-0.01803164142364739,-0.043680382849022995
7611965918194,-0.547346978599957,0.28194116870132435,0.7933355850002307,-0.5779028488285662,0.8158041119396408,-0.005755749826473849,-0.021420074746288074
7611999201494,-0.5381136766999538,0.2791150983016007,0.7808022147002721,-0.577560190697767,0.8163216249007407,0.006520179470595074,0.0008474079566071854
7612032492194,-0.5282730093999591,0.276223218401611,0.7687508451002671,-0.5768436939677227,0.8163109783631335,0.01879461806657503,0.023119292057229995
7612065787494,-0.5178511366999704,0.2732628088013498,0.7572127797002182,-0.5757536805942166,0.8157718945058522,0.031058585764534543,0.04537928676006931
7612099070494,-0.5068806965999848,0.2702326453008137,0.7462223770001281,-0.5742915385988278,0.8147051789179309,0.04329792786220878,0.06760169806249079
7612132359994,-0.4953842163,0.2671284676,0.7358005643,-0.5724574924,0.8131110668,0.0555116422,0.0897847041
7612165657094,-0.49390867120084025,0.26217984469992717,0.728542755199871,-0.5651130854187784,0.8185375610523553,0.04625680536764922,0.09221588687482032
7612198938994,-0.49258202140139484,0.2570887098998801,0.7213601495997994,-0.5576732389013195,0.8238184826265601,0.03699810657216193,0.0946298388789663
7612232228594,-0.49140562260166704,0.251855753499858,0.714251112399777,-0.5501341614847071,0.8289565807007532,0.027730796777117737,0.09702780318311015
7612265516794,-0.4903820526016601,0.24648660859985988,0.7072208865997949,-0.5424992047834974,0.833949511297332,0.01845902768299685,0.09940870038991803
7612298809294,-0.48951326310137744,0.24098467719988487,0.7002715031998439,-0.5347683841152983,0.8387972372453011,0.009182832589352999,0.1017725195030515
7612332095694,-0.4888015111008227,0.23535611919993193,0.6934082927999154,-0.5269454736933638,0.8434974085089731,-9.326850550984258e-05,0.10411811030608042
7612365385194,-0.4882484674,0.2296039164,0.6866324544,-0.5190297365,0.8480505943,-0.009370218,0.1064457223
7612398675694,-0.4955316926999991,0.22767810589934345,0.6839361972002959,-0.5141102562239617,0.8501371515605928,-0.02638882800651335,0.11072984122727259
7612431964794,-0.502905696300014,0.22598546719889923,0.681332819100499,-0.5090180184924149,0.8519376048113914,-0.043397842709864985,0.11497652632783395
7612465253394,-0.5103615966000357,0.22452954929867186,0.6788215515006055,-0.5037545696588074,0.8534513490571144,-0.06039199841097874,0.1191844573272447
7612498543194,-0.5178905927000548,0.22331358139866522,0.6764014551006121,-0.49832140688596027,0.8546779431053341,-0.07736644341931492,0.12335243184095922
7612531834094,-0.5254833865000617,0.2223405654988827,0.6740716096005154,-0.49272035727235614,0.855616940783614,-0.0943154120219475,0.12747903054471976
7612565121294,-0.5331295087000466,0.22161325919932687,0.6718312821003123,-0.4869541329661394,0.8562679242739714,-0.11123076062540949,0.13156227475014579
7612598413894,-0.5408216119,0.2211337984,0.669678688,-0.481023103,0.8566308618,-0.1281114221,0.135601908
7612631700294,-0.5507688426996973,0.22280596860141022,0.6681492404003408,-0.47848584315381354,0.8548424344535658,-0.1478734180143108,0.13575405115004882
7612665014694,-0.5606865092994501,0.22483290310234033,0.6668115758005738,-0.4757547371774793,0.8527099980969832,-0.16759278681001455,0.13585193045328295
7612698284494,-0.5705370115992863,0.22720778770279354,0.665668544800695,-0.4728369542895968,0.8502392770201807,-0.18721871170320115,0.13589532905340013
7612731568494,-0.5803219043992325,0.2299316453027777,0.6647176341007011,-0.4697287665565427,0.8474273609622957,-0.20677811477755342,0.1358843810406076
7612764858794,-0.5900229800993159,0.23300089890230039,0.6639587099005893,-0.46643198088731863,0.8442757285198144,-0.22625845627988989,0.13581904284639243
7612798154994,-0.5996243814995631,0.2364118952013706,0.6633910414003563,-0.4629478534859996,0.8407854930196724,-0.24565165676796472,0.13569931174300784
7612831436094,-0.6091045737,0.2401579916,0.6630137563,-0.4592800438,0.8369603753,-0.2649377584,0.1355253309
7612864726794,-0.6160209844990561,0.24467444769923294,0.6576648841979835,-0.4658714562761228,0.8306964443750015,-0.2749105201471614,0.13164881101746428
7612898023394,-0.6229258516984382,0.2494065066987533,0.6524870176966024,-0.47237214872092625,0.8242675570256188,-0.284830826270368,0.127745637709994
7612931304594,-0.6298098237981401,0.25434707599854267,0.6474878188958805,-0.47877673012295435,0.8176791798014013,-0.2946904042684079,0.12381909079056323
7612964595194,-0.6366731082981549,0.2594956393985816,0.6426677996958388,-0.4850887353199679,0.8109277462701464,-0.3044946721634038,0.11986702556998956
7612997883094,-0.6435082949984751,0.26484608489885086,0.6380329088964984,-0.49130459734164783,0.8040169925809013,-0.31423811627419196,0.11589165005543567
7613031176394,-0.6503121552990931,0.27039527469933056,0.6335860390978796,-0.4974245913530354,0.7969465803750325,-0.3239211789788972,0.11189277793820578
7613064461894,-0.6570771337,0.2761363685,0.6293327808,-0.5034450889,0.7897207141,-0.333538115,0.1078727841
7613097751794,-0.6596427112032864,0.28120041600123025,0.6164076626010254,-0.5121474942703487,0.78511074518536,-0.33082682159628274,0.1089021396465352
7613131042094,-0.6620750548055021,0.28648011660206546,0.6035430327017133,-0.5207960196530711,0.7804179634657014,-0.32808062359316204,0.10992002836738789
7613164331794,-0.6643752386066315,0.291974499402496,0.5907444405020611,-0.5293895003618211,0.7756430148852301,-0.32529989740598164,0.11092631389381905
7613197619694,-0.6665443957066598,0.2976824423025129,0.5780174750020663,-0.5379267268609413,0.7707865837902923,-0.3224850399121749,0.1119208551182842
7613230909294,-0.6685840116055728,0.3036035534021076,0.5653659034017264,-0.546407697455073,0.7658486715883372,-0.3196360521148944,0.11290365174178048
7613264199594,-0.6704953227033569,0.3097365971012724,0.5527951874010386,-0.5548312573161022,0.7608299383412768,-0.3167533160983038,0.11387456945855053
7613297487694,-0.6722795367,0.316079855,0.5403114557,-0.5631958246,0.7557314038,-0.313837409,0.1148334295
7613330780494,-0.6705655245974528,0.31816294409798335,0.5291250822998235,-0.5823615789181794,0.745295222643102,-0.3017782632027103,0.1196657944596113
7613364067894,-0.6684836455957327,0.32065398589662414,0.5180874376997104,-0.6011487207496037,0.7343801724727609,-0.2895264889167706,0.12442021554201049
7613397356994,-0.6660435181948564,0.3235517022959349,0.5072232007996572,-0.6195491680737923,0.7229909963902358,-0.27708738642671554,0.1290946465231541
7613430652094,-0.6632556311948373,0.3268538181959247,0.49655764599966074,-0.6375532936374744,0.7111334057375217,-0.26446730841132593,0.13368664779188086
7613463934594,-0.6601334630956849,0.33055453849659855,0.4861227581997194,-0.6551395526589444,0.6988218068498534,-0.2516814932217214,0.13819071887297266
7613497225194,-0.656687825297405,0.33465122119795787,0.47593750789983247,-0.6723076233833135,0.6860565763629151,-0.23873026983317777,0.14260677345503206
7613530520494,-0.6529324055,0.3391377926,0.4660279453,-0.6890444756,0.6728470325,-0.2256232351,0.1469314694
7613563803094,-0.6508115732002762,0.33914534670137486,0.4568076198999268,0.6939739661686435,-0.6685203371499102,0.22346693043309643,-0.14677610193741508
7613597092994,-0.6486327677004632,0.3392694171022917,0.4475995218998903,0.6988714698372313,-0.6641608381342844,0.22129950472428628,-0.1466137065389813
7613630389094,-0.6463964252005595,0.33951003830275006,0.438405725599883,0.7037365296537486,-0.6597688280642424,0.21912111313057372,-0.14644428335054
7613663670794,-0.644104360300563,0.3398669638027498,0.4292336707998977,0.7085659161317761,-0.6553472452580192,0.21693321112474725,-0.14626794775400492
7613696961394,-0.6417554033004721,0.34034033770229116,0.420078686399927,0.7133627879344999,-0.6508932131747313,0.21473437412642757,-0.1460845864625121
7613730250794,-0.639350678800285,0.3409299578013744,0.4109453071999635,0.7181254492032659,-0.6464082847606603,0.21252537041787875,-0.1458942614640209
7613763539594,-0.6368905902,0.341635704,0.4018351138,-0.7228537798,0.641892612,-0.2103062719,0.1456969827
7613796832594,-0.6377152199003938,0.34082982770014764,0.3972318536000541,0.7225124641912227,-0.6429870523606492,0.20680849370790994,-0.14755892556926622
7613830117694,-0.6385057437006695,0.34000480300030994,0.3926271629000824,0.7221589583975,-0.6440703125626128,0.20330803310254525,-0.14941792047043911
7613863408794,-0.6392624364008266,0.3391603513004877,0.388019430000086,0.7217931033962659,-0.6451428110578468,0.1998034828950743,-0.1512747085700866
7613896696694,-0.6399850288008644,0.33829676910068185,0.3834102389000657,0.721415005048404,-0.646204231800845,0.19629587060217182,-0.1531287447810718
7613929986594,-0.6406735818007826,0.337413989400893,0.3787991809000226,0.7210246113400505,-0.647254723189704,0.19278470809263623,-0.15498028737935002
7613963276294,-0.6413279961005802,0.3365121371011222,0.37418687169995773,0.7206219537235906,-0.6482941969711993,0.189270287081084,-0.1568291822758351
7613996598694,-0.641948819200257,0.3355903625013704,0.369569063199872,0.7202066231660073,-0.6493236466056704,0.18574918928489934,-0.1586772213852195
7614029853494,-0.6433965834001695,0.33747595850123707,0.36912887739996425,0.7221325882616131,-0.6492383049978171,0.17827413137631792,-0.1588473555844241
7614063146994,-0.6448596569001003,0.339349200901083,0.368671440800033,0.7240176643660091,-0.649114087597886,0.17077972706995698,-0.15900820038558997
7614096434094,-0.6463357331000489,0.34120739920090826,0.3681971880000773,0.7258591226635538,-0.6489511135918319,0.16327656026201687,-0.15915951458527772
7614129723194,-0.6478248342000141,0.3430508963007128,0.3677058460000967,0.7276573263674686,-0.6487493592914924,0.15576318795554822,-0.15930132918638884
7614163035594,-0.649327576499995,0.3448807300004961,0.36719692810009064,0.7294132690447022,-0.6485086634674331,0.14823524114362047,-0.1594337154816927
7614196300794,-0.6508404126999907,0.34669292230025867,0.3666713813000586,0.7311231765388442,-0.6482295916585057,0.1407091104354986,-0.15955639588072867
7614229592794,-0.6523663402,0.3484914005,0.3661279082,-0.7327908278,0.6479116082,-0.1331685185,0.1596696526
7614262885294,-0.652991835096116,0.3495887854022814,0.3661745729958897,0.7313540249735041,-0.6489975087723917,0.13435872286719008,-0.1608454455425523
7614296169294,-0.6536133553935322,0.3506881841037751,0.366218099593125,0.7299132086050037,-0.6500792447863907,0.13554781850647585,-0.16201997500320695
7614329459294,-0.6542311671922446,0.35179005150449794,0.36625849579171976,0.7284677229286518,-0.6511572485922329,0.13673630964536782,-0.16319373726189373
7614362754594,-0.654845250992251,0.35289434190446567,0.36629574799168985,0.7270176048728602,-0.6522314889153347,0.13792416368921057,-0.1643667002249764
7614396037094,-0.6554552694935476,0.3540004303036945,0.3663298256930498,0.7255636529946418,-0.6533013766176022,0.13911072803011804,-0.16553821948283595
7614429327794,-0.6560616038961319,0.35510899040220045,0.36636073999581503,0.7241049595298543,-0.6543675812307185,0.1402967442746166,-0.16670902724348807
7614462617094,-0.6566640735,0.3562196791,0.3663884699,-0.7226419449,0.6554297805,-0.1414818615,0.1678787768
7614495906994,-0.6562740543048363,0.35649311435787073,0.36470306297826294,0.7215567175250691,-0.656681413401643,0.13753080739838516,-0.17091138552950927
7614529196194,-0.6572085580847772,0.3559566470043166,0.36221683225857165,0.7175948693995133,-0.6604068965456388,0.13905796587459832,-0.17199772246536474
7614562484194,-0.6582347857038785,0.35564608376704787,0.3602136624516724,0.7151213265401374,-0.6627898174475958,0.13949085127903638,-0.17278150544750642
7614595775194,-0.6591997978684945,0.3557008073209006,0.3588656944881346,0.7148287640341365,-0.6630648722387926,0.1392491464109431,-0.17313141984113198
7614629062594,-0.6601736890373928,0.35591667173743324,0.3577379630429311,0.715991790496271,-0.6623167433034937,0.13796273926858613,-0.1722166369875635
7614662352594,-0.6610979252043637,0.35612821653574006,0.3565706217489609,0.7156600444677593,-0.6632256306447001,0.13811775637162985,-0.1699586684556329
7614695642294,-0.6607648061554791,0.3566300148074519,0.3558331373260667,0.7158096608242429,-0.6629714397772445,0.1390473902326956,-0.16956185532084264
7614728931494,-0.658995573465521,0.35671957144653177,0.35552122089877997,0.7158604398009288,-0.6618350913353506,0.13952881659588373,-0.17334893118938274
7614762220294,-0.6569332439067423,0.3560267750331044,0.3546623739039235,0.7132236394720073,-0.6636620440339015,0.14091796146797697,-0.17608764733154267
7614795513194,-0.6562862922903258,0.35580937017452974,0.3540328410688413,0.7125880693346494,-0.6637390672988582,0.14624000559980124,-0.17401883445572475
7614828800494,-0.6544800944652956,0.35629729128867904,0.35326691283650674,0.7156389482445373,-0.6619099081202581,0.14138650422640087,-0.17247036183159695
7614862089294,-0.6548629542409006,0.35632778562535233,0.3536143466528939,0.7171877489748213,-0.66134755137302,0.1379597500583757,-0.17096273388422975
7614895384994,-0.6550821259301546,0.3561380207474132,0.3535225525961248,0.7172801839388746,-0.661370089198685,0.13855137705717205,-0.17000664327460602
7614928670694,-0.6534580568881382,0.3569626027333218,0.35393457950248536,0.7172548277472628,-0.6617178279731011,0.13823659580604264,-0.16901382131578113
7614961957694,-0.6533523337363538,0.356953115686591,0.3540386920845294,0.7159942138949269,-0.6620822223987542,0.14006670761810786,-0.17140809161044804
7614995251794,-0.6529722437126759,0.3567283741424161,0.3540691076714067,0.7156558108296317,-0.6610844034396058,0.14313819938566047,-0.1741138358411351
7615028535494,-0.6527806852054903,0.35657220369590203,0.35413128819344974,0.7156708604938876,-0.6606252138411084,0.14409162077161242,-0.17500614589418892
7615061825994,-0.6527430854493095,0.35657359763665775,0.3540815903353825,0.7150157843632461,-0.6611899342762395,0.14437281603920588,-0.1753191059528414
7615095123894,-0.6527528122124605,0.3564897236555216,0.35410648380935056,0.7151456398815621,-0.6609353289651544,0.14442350832479794,-0.1757072990153547
7615128403694,-0.6527247497154568,0.3564837854290114,0.35409230932492985,0.714905090180399,-0.6611712592083512,0.14467983714069657,-0.1755876497819265
7615161694194,-0.6524741820580175,0.3565197576753232,0.3540187203334448,0.7145744710030681,-0.6612138598685288,0.14546708669497543,-0.1761217862642874
7615194984694,-0.6523372834413366,0.35641901819670463,0.3541134462738231,0.7156876316840768,-0.6599973654761571,0.14527815168192004,-0.1763205888796152
7615228271994,-0.652421221207556,0.356353885504038,0.35421033888300785,0.7157450412565729,-0.6599031812300016,0.14482702922006094,-0.17681051701310685
7615261562194,-0.6524314265602614,0.3563425209737238,0.35423109179291556,0.7155834901559519,-0.6600714758883373,0.14486846046909715,-0.17680227514410732
7615294852094,-0.652563762689798,0.3563357410609773,0.35426524975782203,0.7155693545437667,-0.6600693011627813,0.14435236628153675,-0.17728906015097384
7615328162694,-0.6529473367095399,0.356419788046068,0.3543107533488083,0.7154331691161249,-0.6600711377446992,0.14449702218953353,-0.17771348914259233
7615361429494,-0.6537228222178076,0.35670551944766105,0.3544235942631093,0.7151708383476044,-0.660371279042986,0.14410904258791496,-0.17796918170489498
7615394718894,-0.6541466713,0.3567696512,0.3552110791,-0.7166422606,0.6590707898,-0.1408498734,0.1794742495
7615428009194,-0.6543971004857592,0.3564790918301587,0.3561654065454983,0.7156597113389052,-0.6598565223090358,0.13690386624293752,-0.18351533707098092
7615461297994,-0.654285672716229,0.35519820476778646,0.35783078750601105,0.7138844550943977,-0.6611975304839556,0.12921765427100038,-0.19102253343831915
7615494587094,-0.6537188697717995,0.35388313613415306,0.35956773893136823,0.7121316524762232,-0.6616394779455637,0.1257119976451068,-0.19823774719634574
7615527879194,-0.6529912646762922,0.3537987162946039,0.3607825601048325,0.7142846489333943,-0.6584470328644239,0.1252454231563268,-0.20139148241305202
7615561167594,-0.6525269032532554,0.3537385409941734,0.3614361907138526,0.7147633809815628,-0.6572474847021034,0.12579293952810638,-0.20326138203171346
7615594454794,-0.6524820044846259,0.3532522942373239,0.36161409969268177,0.7129629119821485,-0.6585437790731666,0.12530660657623896,-0.2056750629763249
7615627751094,-0.649564039842664,0.3548946009689228,0.36068350373096236,0.71143723514392,-0.6600329537016627,0.12387881155469418,-0.20704492393302026
7615661035594,-0.6500651821430593,0.35644493620459405,0.3613544472695019,0.7122603189537893,-0.6598796970306141,0.11931358012963754,-0.20738440897830324
7615694323594,-0.6515021177070976,0.35910579261253517,0.3618120777793351,0.7147672410243601,-0.6589158416220173,0.11377003988879031,-0.20492457842258954
7615727619194,-0.6536933443845395,0.3615241291360951,0.3611534284029275,0.7149156744131495,-0.6597988563594561,0.111898342776724,-0.20258284357015094
7615760902294,-0.6562353657203764,0.36226160797817025,0.3603120964766205,0.7124136132354912,-0.6629922265376035,0.11034360665896162,-0.20182279280833348
7615794192494,-0.6582463393822446,0.36286180766394127,0.36028805296046384,0.7108506471468712,-0.6655314232494549,0.1066944438609946,-0.20093675066453706
7615827488994,-0.659610801329441,0.363892357772891,0.36077515410717537,0.7135023441927174,-0.6633100775666808,0.10275370806106678,-0.2009373566803398
7615860769994,-0.6613327576285197,0.36405096194508235,0.3611646134773768,0.7135149266509473,-0.6636545758308335,0.10018065141801828,-0.20105444662218053
7615894060594,-0.6631800415586094,0.3643917690886207,0.361004918615177,0.7133908207403001,-0.6650909115715173,0.09840051861450151,-0.1975979609329162
7615927350694,-0.6642616426152206,0.36561366319625715,0.36082968560339324,0.7161272582182584,-0.6635175563439007,0.09786734354659685,-0.19320503494306432
7615960638594,-0.6648243220766238,0.366460884782326,0.3606868120019788,0.7180311639341442,-0.6626392508331438,0.09791919273355691,-0.189082792895273
7615993928394,-0.6650236538465827,0.36675121179573017,0.3606555443866471,0.7181361112711547,-0.6632353387492533,0.09737853324898703,-0.1868604623369612
7616027216794,-0.6648079068439287,0.3675726635173573,0.3610590375931441,0.7201756574941174,-0.6619010172109162,0.09641424742610229,-0.1842236647701069
7616060507194,-0.6643506482897658,0.3685086275705878,0.36190675514198256,0.7241921726017073,-0.6576189921274891,0.09773999387208933,-0.18311158328606184
7616093796594,-0.6635548472,0.3686143756,0.3630811572,-0.7248376608,0.6563062668,-0.0983784571,0.1849169582
7616127085194,-0.6624104507448049,0.3685007382605042,0.3644137300439899,0.7254677616813673,-0.6545782280854106,0.09581133317715781,-0.18985272848291343
7616160375294,-0.6619398441219602,0.36830902724602343,0.36503140775194914,0.724515425481534,-0.6555246301841569,0.0930513656722903,-0.19158888487529216
7616193667894,-0.6633777267109684,0.36853855200600105,0.36457782334467437,0.7246739225455834,-0.6561746410695249,0.09384888793714305,-0.18834790318089453
7616226953194,-0.6655379736448032,0.36944832384380033,0.36371821596811676,0.7252267075723107,-0.6570921154897741,0.09475342469616432,-0.1824772941857374
7616260245494,-0.6673521106476716,0.3705269287425134,0.36329353119233665,0.7257981256481049,-0.6580715175961346,0.09285720640751126,-0.17758518449637367
7616293532894,-0.6693329770489365,0.37198886350263893,0.3630332788269824,0.7271956968175074,-0.6585579259576646,0.090333790944149,-0.17125327121575787
7616326820794,-0.6692296267,0.3747782707,0.361738205,-0.7294632792,0.6583132148,-0.0891951174,0.162945807
7616360117394,-0.6715653605246887,0.37636276880040254,0.3611679758595438,0.730393631275975,-0.6592449525829135,0.0877949512573734,-0.15560617731684961
7616393399994,-0.6737484960749611,0.37806210484971814,0.36092149507178506,0.7320245972616709,-0.6594758410317624,0.08469546408134127,-0.14852030993565996
7616426690494,-0.6758147052527476,0.37970323304543874,0.3610200708269794,0.734053039753369,-0.6587935491417095,0.08243484616491425,-0.1426943957409539
7616459985994,-0.6779401258103506,0.38083874113255684,0.36135244353389695,0.735808370634787,-0.6582373727274373,0.07987821829226423,-0.13758296802698428
7616493268094,-0.6799804891898927,0.3815661245530993,0.36139592963209005,0.737341508665818,-0.6574592825533342,0.07904642840656059,-0.13351574266369137
7616526558694,-0.6814528735706731,0.3818037878962712,0.36094539579358953,0.7366282043626469,-0.6588885064598711,0.07809378749297682,-0.1309434417889827
7616559853594,-0.6819284160558517,0.38219860071151474,0.3599517305239376,0.7354928664713131,-0.6602798703077899,0.07743067409035205,-0.1307104699174982
7616593136994,-0.6818655295839385,0.3825978455780912,0.35790201977588326,0.7326825138256876,-0.6634250062792463,0.07786939269996784,-0.1303071473787657
7616626426794,-0.6818141001619804,0.38259815345527776,0.35487536687005244,0.7277671505192366,-0.6688485528676773,0.08064719268720019,-0.1284235892022892
7616659757894,-0.6813967938088816,0.3839121280115,0.35276438725179643,0.7281711864233807,-0.668692989950144,0.08819685437738764,-0.1218101938765251
7616693004094,-0.6822916512381877,0.3851716004419657,0.3524947576183724,0.7303680196230108,-0.6672258455426655,0.08574243339459066,-0.11840803210682348
7616726295094,-0.6830897255765037,0.38617266801540084,0.3528827731659276,0.7311789793118728,-0.6672866768077224,0.08016412381372555,-0.1169594135609953
7616759584094,-0.6845483973078229,0.38700052875751295,0.3525471329520588,0.7314605534855041,-0.6676866048916821,0.07872672891977818,-0.11385147560084903
7616792873894,-0.6858242154,0.3872201443,0.3518606126,-0.731092155,0.6681896448,-0.0803749338,0.1121013314
7616826179194,-0.6861371436113417,0.38722824388895344,0.35183688631180915,0.7309007580256416,-0.668345483557014,0.08016224243372988,-0.11257180559305165
7616859451594,-0.6861344961212519,0.38722002807464023,0.3516177192781734,0.7308172081146049,-0.6684323711055502,0.08119337382020374,-0.11185709467655128
7616892742494,-0.6858597307081374,0.38692230576609093,0.3511085147393311,0.7303512577311043,-0.6685490980164469,0.0848672076081111,-0.11147511356707038
7616926030294,-0.6855553077352753,0.3866508923202418,0.3508071251360892,0.7306403757645118,-0.6679707507640608,0.08731733472225474,-0.11115484912225759
7616959319294,-0.6852272266544382,0.38665499879494986,0.3508998525744695,0.731700020757165,-0.6668512496891636,0.08726171929586948,-0.11094991102968034
7616992611694,-0.6845392601093779,0.38649795435745005,0.3509205291245077,0.7318796698358572,-0.6663274235533041,0.08861254515186985,-0.11183796467872753
7617025900294,-0.6816206161059161,0.38746108846298477,0.35134984926738727,0.7319352600253918,-0.6661415377935215,0.08961070896503462,-0.11178616907483942
7617059187594,-0.6814892970112703,0.3874338965315098,0.351391798169652,0.7320669505306824,-0.6659724811567225,0.08962053680469884,-0.11192315964760818
7617092483294,-0.6813320404135128,0.3873190488149968,0.3514883004992481,0.732416541577367,-0.6655138185595457,0.0897382523946212,-0.11226937689014091
7617125768794,-0.6807416374682983,0.38713942054320744,0.3515769840862974,0.732670880561404,-0.6650351964811433,0.09036693532634424,-0.11293974153675292
7617159057394,-0.6796499084198147,0.3868647958780506,0.3516058042745872,0.732471393744668,-0.6649500757519314,0.09149196441240856,-0.11382563222404239
7617192351794,-0.678777760040067,0.38667333669043563,0.35167359515152996,0.7329494498734082,-0.6641673877158832,0.09227858796088403,-0.11467975945594511
7617225640194,-0.6784495578822372,0.38637558778349007,0.35178213654413965,0.7334380415674118,-0.6635165073526105,0.09242244584495506,-0.11520666281248347
7617258926194,-0.6782801628372985,0.38626736311603704,0.3517693398082929,0.7332528721670487,-0.6636333350439539,0.09275686833416999,-0.11544342967033898
7617292219594,-0.6783208777858701,0.3862788533415633,0.3517411481984609,0.7329741234663123,-0.6639460896712626,0.09253230820605157,-0.11559539903080651
7617325502994,-0.6784107634857142,0.3863373992795583,0.3517338887235221,0.7330554258708448,-0.6639126137388799,0.09217074704216725,-0.11556096793213486
7617358792894,-0.6784288884415784,0.38636626491947806,0.35170086692486324,0.7330591853872807,-0.6639057003778208,0.09221109905924782,-0.11554464477186845
7617392082094,-0.6784130928426328,0.38625323788057964,0.3517082692198993,0.7333502616186408,-0.6635314316521199,0.09251976024155091,-0.11560072213617577
7617425370794,-0.678380249080911,0.3861434580058511,0.3517294096385183,0.733490397636327,-0.6632791113697232,0.0928789610630996,-0.11587128888440174
7617458661294,-0.6784148817148795,0.38606834075415825,0.3517237998091028,0.7335112880778903,-0.6632318796866625,0.09296461103324304,-0.1159406965868688
7617491950394,-0.6784988101633681,0.3860555427313474,0.35169251157049675,0.7331770629107338,-0.6635795297359539,0.09291462717437922,-0.11610544429115363
7617525251694,-0.6785163994153831,0.386068165669152,0.3516552566381353,0.7329484145997595,-0.663854526232101,0.09288125769949256,-0.11600371332423959
7617558528894,-0.678522005818524,0.38602359692642596,0.35163635453458625,0.7329828536051897,-0.663843409817137,0.09288812028247657,-0.1158441223089812
7617591817694,-0.678503709496548,0.3860020338958038,0.35162928305412855,0.7329064086769256,-0.6639175196555698,0.09304069771068325,-0.11578061920803828
7617625108394,-0.6784978040710047,0.3859543004982834,0.35168989272413304,0.7330109833685696,-0.6637718762789995,0.09301882121084752,-0.11597108873613061
7617658396494,-0.6784400488856691,0.38595255506667375,0.3516876168360766,0.7328944249926785,-0.6638965333168934,0.09316173264639907,-0.11587944785328884
7617691686094,-0.6784763442184107,0.385925059257737,0.3517440008302938,0.7332321604979919,-0.6635687604300258,0.0928873631686379,-0.11584056610869818
7617724978094,-0.6765920004947339,0.38725219960478807,0.3520477588844264,0.7335008977547903,-0.6634603698229152,0.09240541739822367,-0.1151434301331056
7617758265694,-0.6765652993041823,0.38715717008759465,0.35204878968954034,0.733721584631818,-0.6632298347669744,0.09247650462043591,-0.11500834149544287
7617791554194,-0.6765898519838227,0.38715762718644803,0.35208767911951483,0.7335690858336181,-0.6634289941079252,0.09223948268104368,-0.11502279739647285
7617824851694,-0.6765322137421423,0.3873036691195811,0.3520421949712717,0.7331846041707746,-0.6640217832708987,0.09184171857604195,-0.1143700409971057
7617858134594,-0.6765739929924368,0.387344420802757,0.3520542644480971,0.7333853750375228,-0.6639175204172745,0.09130633966257809,-0.1141164760298534
7617891421894,-0.6765598669921191,0.3873407956328849,0.3520416507357706,0.7332609061676865,-0.6640815255642029,0.09137970015204706,-0.11390312239173375
7617924718394,-0.6764967467317028,0.38732322062391916,0.35202813841721026,0.7330447867972751,-0.6642301481400819,0.09172204127805034,-0.11415217034699815
7617958000694,-0.6764761209,0.3873518705,0.3520305157,-0.7327759862,0.6645033956,-0.0917239115,0.1142864302
7617991312594,-0.6764926928456114,0.3874647699332003,0.3519674473233127,0.732078913481538,-0.6652851012419027,0.09152146281559102,-0.1143679165908725
7618024585694,-0.6764819517972899,0.38754294805088607,0.3519206900034181,0.7317847132760495,-0.6655846737164135,0.09153245226679621,-0.11449884589519677
7618057869194,-0.6764478527689369,0.3875672670532492,0.35188662237061313,0.73183738430243,-0.665596656540372,0.09129076391179379,-0.1142853016098608
7618091159294,-0.676418641097612,0.3875880049688563,0.3519020252416037,0.7319856591311042,-0.6654361536671161,0.09104733745291876,-0.11446441613816737
7618124448694,-0.6764048052766836,0.3875272646870063,0.35191045268483667,0.7321733424501006,-0.6652462762027618,0.09093682019200773,-0.11445559548214881
7618157737494,-0.6764227351795576,0.3874243538227519,0.35190985095998945,0.7323653282033044,-0.6650323334485764,0.09097885368019619,-0.11443718668617017
7618191027994,-0.6763657454614537,0.38744092320601253,0.35194891270037637,0.7325371454589008,-0.6648814214765443,0.09094028007431416,-0.11424487453824964
7618224318294,-0.6759899950236884,0.38747499286305376,0.3519703840797301,0.7324960767764985,-0.6648378028628886,0.09173112251792159,-0.11412972685977574
7618257605594,-0.6753186354848802,0.38775891697390796,0.35199874795576575,0.7323386554424797,-0.6651709618389522,0.09069088042319402,-0.11403003761733362
7618290896094,-0.674773391782752,0.38835681081601325,0.35205867832201604,0.7333086531077582,-0.6642204236621116,0.0902835796238286,-0.11365968202365544
7618324184194,-0.6747066285308133,0.38829005795586463,0.35212944113501554,0.7338226731889916,-0.6636491786035426,0.090160605540493,-0.11377661122206655
7618357473794,-0.6748303402962973,0.38816038431673744,0.3522652515441097,0.7343258829887341,-0.6630522668272887,0.08962296475805163,-0.11443300754584272
7618390763294,-0.6749384435549299,0.3880890621220094,0.35238982931874874,0.7347136367153264,-0.6625208345765745,0.08973199802775696,-0.11493556588995896
7618424052494,-0.6736281773924956,0.3894031722444032,0.3529934067819788,0.7350972676684274,-0.662249183109924,0.08955975374188643,-0.11418002034657135
7618457344494,-0.6736503353639212,0.3892070791557771,0.3530180932310954,0.7355707952887837,-0.6617130848976196,0.08982325182171119,-0.11403149488485897
7618490632594,-0.6736902408440654,0.3890120818788837,0.35308700843975943,0.7360388337954172,-0.6611458575322324,0.09000075803174806,-0.11416152489679743
7618523920594,-0.6736893291332984,0.3888632622494591,0.3531130650254041,0.7361793807928785,-0.6609426354431893,0.09028177352627073,-0.11421012791244275
7618557216494,-0.6737071319315517,0.38871449125854457,0.3531408791206429,0.7364391328276731,-0.6606099809292697,0.09043299674017277,-0.11434041209146746
7618590501194,-0.6736679383664388,0.38854959279044093,0.35316474976096063,0.7366980429081397,-0.6602701744821414,0.09063005870979612,-0.1144791803032256
7618623788594,-0.6736415101807789,0.3884145253305305,0.3531617716810448,0.7367784764943972,-0.6601471320308208,0.09077808355242602,-0.11455383098188322
7618657084494,-0.6736253798030778,0.38825858284769077,0.35319762104946695,0.7371246633661486,-0.6597308018593195,0.09089905440578858,-0.11462923555330537
7618690370594,-0.6736508050339777,0.38814504675954586,0.3532001656832206,0.7371778860518569,-0.6596464217441754,0.09089398967210996,-0.11477650124353712
7618723675694,-0.6736931606046797,0.3880336923068622,0.35322362863853013,0.7373369213104108,-0.6594732581210426,0.0908917763933903,-0.11475178116158188
7618756953694,-0.6736519422753771,0.38793907932457944,0.35324014161111006,0.7374204942940213,-0.6594189643292714,0.09105397299583802,-0.11439763144290029
7618790235294,-0.6736650150711633,0.38782802140226824,0.3532610708210155,0.737442866275159,-0.6593842773255291,0.09106734004854702,-0.11444270781596443
7618823525594,-0.6737423114987543,0.38777540461385696,0.3532633621919076,0.7373151357765092,-0.6595218489942549,0.09098258099095599,-0.11454034752126115
7618856834094,-0.673725321853858,0.38769522889864433,0.35319705011180824,0.7372310558225675,-0.6596057150531494,0.09129014278570977,-0.11435375302162551
7618890103394,-0.6733232141,0.3882907331,0.3534688652,-0.7371764183,0.6595897079,-0.0913259536,0.114769049
7618923393894,-0.673294536655917,0.38839806512780867,0.3535510953301165,0.7371312069529056,-0.6596354154095145,0.09126394949183957,-0.11484595768602823
7618956683594,-0.6732781681006578,0.3883988020297694,0.3535517703956644,0.7370798885214431,-0.6597013685283423,0.09137668204457924,-0.11470677520344268
7618989972394,-0.6731994249741412,0.3884712661969092,0.35354338497277704,0.7367569539620334,-0.6600778484739286,0.09145864392319447,-0.1145501688970641
7619023261994,-0.6731511981074556,0.3885569175120438,0.3535524123079352,0.7366074351465917,-0.6603122403821954,0.09126150692741454,-0.11431784218372489
7619056551894,-0.6730067145730702,0.3886546988677921,0.35353671897190553,0.7365361024059852,-0.6605393208955405,0.09109440252978857,-0.1135965898748687
7619089840694,-0.6728227132181176,0.388808886459415,0.3535922840566437,0.7365827630945215,-0.6605965218046337,0.0908254579508998,-0.11317598985504647
7619123130294,-0.6715498505668532,0.389837995591641,0.35372169880013266,0.7371644519278319,-0.6602092449271647,0.09005092150058713,-0.11226377538430402
7619156418594,-0.6715904358647259,0.38986783876815906,0.3537574065264922,0.7371937102064364,-0.6603146780963068,0.0895128451870904,-0.11188123197905654
7619189711594,-0.6715305298110437,0.38988594217152783,0.353749917788535,0.737190833917517,-0.6603372484072313,0.08960004610827155,-0.11169702096008598
7619222997294,-0.6714837451065957,0.3899592494564858,0.3537872849621094,0.737020695860865,-0.6605834186226671,0.08956582825976997,-0.11139121743520873
7619256286994,-0.6714620592619599,0.3900340271717125,0.3537468442383559,0.7367206434599501,-0.6609475613599707,0.08952582133377386,-0.1112481098571028
7619289583294,-0.6714669972347558,0.39003209628265223,0.3537719988567358,0.7367606689541357,-0.6609305659179812,0.08943668800797067,-0.11115566812248759
7619322897194,-0.6714844402924596,0.3900452138320023,0.35380753931577863,0.7366457375544224,-0.6610553430860258,0.08926444844287312,-0.11131374113067857
7619356155094,-0.6714498997,0.3900049031,0.3538326919,-0.7368279696,0.660869956,-0.0891756415,0.1112803444
7619389451194,-0.6716080821890403,0.3898431151584137,0.3538185819006499,0.737157205020524,-0.6606100523260492,0.08865274306533724,-0.1110599162573744
7619422734794,-0.6717982476249003,0.38966882990182816,0.3537992630947524,0.737587051561176,-0.6602065179871912,0.08822398698083453,-0.11094693820797935
7619456023994,-0.6719550106299819,0.38949858743763865,0.35375379934488604,0.7377905146225516,-0.6600317890399139,0.08789887382188163,-0.11089175790204558
7619489319794,-0.6720694999821517,0.3893230407020819,0.3537379872554679,0.737991272694097,-0.6598195838707293,0.08784979471639102,-0.11085761920721798
7619522601394,-0.67222882346538,0.389171516675939,0.35370364370902696,0.7380329235120009,-0.6597752116984301,0.08770432401533745,-0.11095956646289394
7619555893294,-0.6724053853859048,0.3889939379463265,0.35368928112075954,0.7382591071805614,-0.6595245253124143,0.08763101597420439,-0.11100313606256133
7619589180894,-0.6725623736189659,0.388857048564298,0.35368189671999045,0.7382980664958456,-0.6594559849126498,0.08761720199389947,-0.11116202088007957
7619622470194,-0.6727109283322087,0.3886918420913066,0.3536423853582093,0.7382398260646936,-0.6595020357938012,0.08758985280104582,-0.11129708748252948
7619655760694,-0.6729194320825858,0.38851531420849167,0.35363672902430177,0.7385030760395037,-0.6591761628705443,0.08737177518970525,-0.11165198557865591
7619689049794,-0.6731511356618481,0.3883033722971671,0.3536654770305332,0.7389582729575346,-0.6585787338512468,0.08729542787309164,-0.11222401890397785
7619722338094,-0.6735025415842468,0.3879164239615002,0.35372223290028126,0.7394734721897731,-0.6575128420140514,0.08827292114920506,-0.1142967099526151
7619755628494,-0.6741213839133783,0.3869211859626779,0.3538073447425685,0.7395258247828891,-0.6562422714391534,0.09156028772528825,-0.11859320961686942
7619788918094,-0.6747607458496213,0.3859708790143698,0.35388408480254135,0.739256249678855,-0.655527554181577,0.09433551021902657,-0.12200260050994809
7619822208894,-0.6735383272,0.386713773,0.3542417884,-0.7388931513,0.6555950642,-0.0955715701,0.1228748038
7619855500094,-0.6732328597789596,0.38695480894364986,0.35411885001376336,0.7376602609286073,-0.6572075297704402,0.09589347417382799,-0.1214085823599319
7619888785094,-0.6724810861843508,0.38778111583763214,0.3539971861026678,0.7356154016576999,-0.6598449575615705,0.09522620813606618,-0.12002742231913793
7619922078694,-0.6727438368576295,0.38810447818065796,0.35453870914119195,0.735336380176137,-0.6605035005925394,0.09436252484018451,-0.11879077236992215
7619955363794,-0.6726652600506211,0.388224726169518,0.354554752322073,0.7361773486560744,-0.6597298957183392,0.09397127774521467,-0.118189572213939
7619988652994,-0.6726479838679297,0.3883393363029047,0.35452411034566517,0.7360776608046276,-0.6598495824256212,0.09376479834664761,-0.11830624847459847
7620021949194,-0.6725884658890429,0.38846688843585836,0.35447588535164115,0.7360169266596122,-0.6599573930092217,0.09372693263733152,-0.11811259535463627
7620055232694,-0.6726290182244643,0.3886982329738514,0.35439765663513095,0.735568934180675,-0.6605671735124649,0.0932780958433146,-0.11784968893427113
7620088521494,-0.6726956610354646,0.38872433775518417,0.3543419091625201,0.7359027318468297,-0.6601935486784293,0.09305609139420569,-0.11803478893186012
7620121817594,-0.6726591297749893,0.38862896688691717,0.35434716582499454,0.7369536526499626,-0.6590574373321717,0.09315725606182672,-0.11774690563263246
7620155101494,-0.672662118640981,0.38867697223908715,0.35432663113176543,0.7372825691192234,-0.6590053853317991,0.09236326986424248,-0.1165990641327362
7620188407194,-0.6726435275113629,0.3887827050791742,0.35430059071837094,0.7370322287258364,-0.659311481477685,0.09229500833910918,-0.11650534600098943
7620221686194,-0.6726461896573543,0.3889293642262115,0.35421332203868494,0.7364953164667116,-0.6599202869905927,0.09232200693217038,-0.11643242966145032
7620254974194,-0.6726888170779314,0.3889753553143435,0.3541957485243281,0.7365703943887637,-0.6598319932650143,0.09214929646239248,-0.1165946050869654
7620288263194,-0.6726900614560473,0.38892086907195217,0.3542555515348483,0.736910292771887,-0.6594304546481488,0.0921713496660181,-0.11670106336333123
7620321547094,-0.6726401771735884,0.3889659626685712,0.3542175655015879,0.7369099426882234,-0.6594631322190821,0.09221619938696655,-0.11648298666182985
7620354836594,-0.672670753529528,0.38902927598970494,0.3542232502189359,0.7371393708694005,-0.6593308538347935,0.0918895613397895,-0.11603741470977239
7620388126694,-0.6725827389535635,0.3891094119115624,0.35419732464408626,0.7370233115738759,-0.6594752866018175,0.09188682504812382,-0.11595600864424323
7620421416094,-0.6725025402340563,0.3891838929725142,0.3541677294496242,0.7368717943465255,-0.6596741303820154,0.09188373469610434,-0.11579024008766695
7620454704894,-0.6724231730248432,0.3892346269694306,0.3541903796146645,0.7367370968344523,-0.6598322918039957,0.09176852641863636,-0.11583753450234317
7620487994894,-0.6723908679489278,0.38925870888242914,0.35423252716489034,0.736506815487552,-0.6600730650618676,0.09158301699492222,-0.11607674408909158
7620521285194,-0.6721724868,0.3895443678,0.3546695113,-0.7363817692,0.6603187919,-0.0914438888,0.1155811772
7620554572794,-0.6721323532651814,0.3895996476314912,0.3547162444186285,0.7361965485773417,-0.6605351512187347,0.09136462175444236,-0.11558746367543796
7620587863194,-0.6720855013447851,0.3896380660272691,0.35476134119832364,0.7360344186610464,-0.6607364667825131,0.09131962752835182,-0.11550489876251892
7620621152894,-0.6720477325930857,0.38964148078398325,0.3548235650448119,0.7360699545032537,-0.6607128377292263,0.09127150048288375,-0.1154516406855005
7620654493894,-0.6720157922540448,0.38957159095216787,0.3549208287075829,0.7366709595622043,-0.6600591760379588,0.0911976732813912,-0.11541562222616521
7620687730694,-0.6719959518038486,0.3895723055694434,0.35497287531376015,0.7367442085482067,-0.6599971737832089,0.0912095118423753,-0.115293220608712
7620721019494,-0.6719968821936654,0.3896000852252355,0.3549905630729292,0.736559704827905,-0.6602207775040819,0.09114726399812455,-0.11524106230589524
7620754315794,-0.671941936,0.3895522654,0.3550654054,-0.7367017269,0.6600661278,-0.0911012292,0.1152557582
7620787600494,-0.6719551488782742,0.389487579412459,0.3550565920604871,0.7366490186498678,-0.6601194254079779,0.09104877590848769,-0.11532860844904848
7620820887694,-0.6719821893258439,0.38942050699387515,0.3550510050540206,0.7365699075247303,-0.660204852732833,0.09105117745581881,-0.11534299649713294
7620854183894,-0.6719905704428895,0.38938905138518887,0.35507170231177315,0.736637042408046,-0.6601278457266486,0.0910332833673506,-0.1153691309145573
7620887467394,-0.6719876968347718,0.38935825169427185,0.35506223636107964,0.7365794353933607,-0.660191324129325,0.09104901328313589,-0.11536129368264768
7620920756194,-0.6719869066814597,0.38932020933826955,0.35505861586641674,0.736572737846649,-0.6601961594196253,0.09103522256641805,-0.11538726619931414
7620954052294,-0.6720016724018332,0.38928487739492207,0.3550549709322726,0.7365840363687449,-0.6601820414887012,0.09102885234743696,-0.11540094238283725
7620987336094,-0.6720569740466853,0.3892899557898751,0.35504828075516964,0.7364757975190976,-0.660270954472038,0.09103765667127575,-0.11557599844689194
7621020624494,-0.6720944530359215,0.389285016108903,0.35501834241541136,0.7364691007862596,-0.6602770995384079,0.09104031730785019,-0.11558146926177917
7621053914394,-0.6721018883476655,0.3892607973109497,0.3550039928341574,0.73645836904747,-0.6602843404104026,0.09103989239213914,-0.11560881654081569
7621087202594,-0.6721158197279733,0.3892743989627866,0.35499702262711663,0.7364137401637202,-0.6603263436286442,0.09114880370500626,-0.11556737771210714
7621120493194,-0.6721348762331883,0.3892610898739397,0.3549927420818696,0.736382218551652,-0.6603589257919219,0.09112440534072064,-0.11560129791306989
7621153783294,-0.6721630520188852,0.3892425648253894,0.3549862269240537,0.736383018555238,-0.6603524788731281,0.0911366059815228,-0.11562340887449954
7621187071194,-0.6721634528830049,0.38922895966410576,0.35498862193333974,0.7363628399677625,-0.6603705892025119,0.0911420888805576,-0.11564416312735891
7621220361194,-0.6721968651,0.3892039955,0.3549139798,-0.7364685535,0.6602603197,-0.0911937654,0.1155600324
7621253651594,-0.6721977930364993,0.38909016694641657,0.35493120716088417,0.7364854102144415,-0.6602469877948688,0.09117914351806695,-0.11554012046202893
7621286938894,-0.6722022346890889,0.38898330906515394,0.354928932551015,0.7365513882387419,-0.6601795969084937,0.09117192681540393,-0.1155103115314284
7621320229394,-0.6721891490058118,0.3888705266488414,0.35495669839790595,0.7365719397143928,-0.6601614286986076,0.09121361615385348,-0.11545017068903608
7621353517694,-0.672208368344499,0.38879374220203666,0.3549689200725805,0.7364293222467749,-0.6603243784014132,0.09118933025421826,-0.11544728091960543
7621386809694,-0.672208266626761,0.3886639967026601,0.3549953983470188,0.7365828299891224,-0.6601602700973307,0.09118617623631944,-0.11540898411143755
7621420097694,-0.6722054170461028,0.38850275348745433,0.3550127494577619,0.7367212308813594,-0.6600097316459433,0.09119336030205599,-0.11538090456450803
7621453385894,-0.6724281311,0.3887045383,0.3547456264,-0.7366084456,0.6601202488,-0.0912076533,0.1154578999
7621486682494,-0.6724980988892452,0.38866244513760173,0.3546937438851189,0.7366901721777843,-0.6600287900006941,0.09123218003744626,-0.11543949026438538
7621519987094,-0.6725646177389746,0.3886356227072098,0.3546557346163992,0.7367566323368502,-0.6599538839987587,0.09123127320364562,-0.1154443177131654
7621553253894,-0.6726274206083136,0.3886579637990791,0.3545906952260525,0.7366512540242653,-0.660073733958349,0.09122588287286652,-0.11543584355314448
7621586550294,-0.6726929796250543,0.3886286618215499,0.35455476883886844,0.7367501031375985,-0.6599641660345754,0.0912209437889095,-0.1154353693253767
7621619848594,-0.6727420883521138,0.3885875327053709,0.3545246134632685,0.7367612582324237,-0.6599517390345037,0.09122544684503937,-0.11543166099919527
7621653122094,-0.6727788431570454,0.38857030855281527,0.35449194392064853,0.736696094165581,-0.6600248373232974,0.09123031896060327,-0.11542576774654274
7621686418994,-0.6728522182,0.3885794878,0.3544377089,-0.736715138,0.6599909067,-0.0912461579,0.1154859066
7621719709294,-0.6729088404157098,0.38854775157686516,0.35439606963166703,0.7366529786384486,-0.6600548166993704,0.09125359190535169,-0.11551108163043716
