# timestamp [ns], tx [m], ty [m], tz [m], qw, qx, qy, qz
7465093169994,-0.701963,0.456254,0.337736,0.737106,-0.670176,0.0560495,-0.0663186
7465126453394,-0.7019511990366241,0.4562739386439823,0.33770991847352183,0.7370679992756335,-0.6702228516748231,0.05601779398444722,-0.06628801018132113
7465159742594,-0.7019393945975325,0.4562938744457695,0.3376838307425547,0.7370302916164656,-0.6702699874075517,0.05598610828460885,-0.06625744410684947
7465193037794,-0.7019275866742942,0.4563138076596096,0.3376577367784386,0.7369925711504081,-0.6703171295347393,0.05595441944082389,-0.06622687420117755
7465226321594,-0.7019157815332913,0.4563337277036768,0.3376316502411822,0.7369548575749406,-0.6703642534523214,0.055922744030695526,-0.06619631628790341
7465259611794,-0.7019039727036887,0.4563536452714637,0.33760555700721495,0.7369171307073081,-0.6704113843795675,0.0558910651414298,-0.06616575399507307
7465292898794,-0.7018921635766203,0.4563735546707376,0.3375794648415079,0.736879401429015,-0.6704585087076357,0.05585939185009209,-0.06613519632758319
7465326188294,-0.7018803522947599,0.45639345924851726,0.3375533691257858,0.7368416633246978,-0.6705056344643021,0.055827718724331586,-0.06610463798065379
7465359478694,-0.7018685392732943,0.4564133581562265,0.33752727110141034,0.7368039181401991,-0.6705527594607275,0.05579604742927331,-0.06607408027453024
7465392767994,-0.7018567253319516,0.4564332500331122,0.33750117237365324,0.7367661681608595,-0.6705998808395168,0.055764379669341856,-0.06604352528207118
7465426056294,-0.7018449103700239,0.4564531351574533,0.3374750728748746,0.7367284132398751,-0.6706469987835033,0.05573271548200251,-0.06601297276094964
7465459346694,-0.7018330932505212,0.45647301514686045,0.33744897018267134,0.7366906499962561,-0.6706941175457178,0.05570105180727586,-0.06598241981943265
7465492636594,-0.7018212750012017,0.45649288847299985,0.337422866392822,0.7366528812612577,-0.6707412335566817,0.05566939120668365,-0.06595186895779201
7465525926094,-0.7018094555234959,0.45651275541375685,0.3373967612379469,0.7366151069364538,-0.6707883469432101,0.05563773362158264,-0.0659213200387113
7465559214494,-0.7017976350220517,0.4565326153236755,0.33737065547270073,0.7365773278653035,-0.6708354566629917,0.055606079669674735,-0.06589077372693823
7465592503494,-0.7017858129777175,0.4565524692274884,0.3373445475894414,0.736539542109903,-0.6708825651300614,0.05557442773592112,-0.06586022847567696
7465625799994,-0.7017739868994998,0.4565723214027345,0.3373184322928492,0.736501741706084,-0.6709296822627282,0.05554277116510886,-0.0658296779123209
7465659082094,-0.7017621645675068,0.4565921586808614,0.33729232674539367,0.736463951705902,-0.6709767768560354,0.055511130929958366,-0.0657991420953965
7465692371694,-0.7017503381993065,0.4566119941298922,0.3372662137829306,0.7364261471429651,-0.6710238800025641,0.05547948615830103,-0.06576860106527542
7465725667494,-0.7017385083069716,0.45663182693453586,0.33724009435409874,0.7363883295242738,-0.6710709898450851,0.055447838042769745,-0.06573805583655515
7465758950894,-0.70172668134223,0.4566516461037098,0.3372139830631298,0.7363505199768271,-0.6711180800587218,0.05541620425412724,-0.06570752357391232
7465792239894,-0.7017148510584872,0.4566714622608692,0.3371878658942303,0.7363126980504516,-0.6711651760930855,0.055384567875204876,-0.06567698783347885
7465825536094,-0.7017030169292137,0.45669127645021657,0.33716174150795336,0.7362748618700994,-0.6712122803032854,0.05535292714990817,-0.06564644700337594
7465858822394,-0.7016911847979126,0.4567110783536077,0.33713562322586815,0.7362370309250466,-0.6712593684235697,0.05532129834904102,-0.06561591687417717
7465892129894,-0.7016793439088074,0.4567308865890662,0.33710948682175096,0.7361991698477511,-0.6713064844599382,0.05528965209685377,-0.06558536886021006
7465925404594,-0.7016675131585249,0.4567506690088161,0.3370833746101036,0.7361613400956546,-0.6713535519547598,0.055258039516478744,-0.06555485256709048
7465958686294,-0.7016556786624706,0.45677044930406047,0.3370572553077153,0.7361234962882427,-0.67140062736279,0.05522642291608744,-0.06552433136720417
7465991989594,-0.7016438349881675,0.4567902361378617,0.33703111742347364,0.736085621932789,-0.6714477311902015,0.05519478842643805,-0.06549379202574003
7466025264894,-0.701632,0.45681,0.337005,0.736048,-0.671495,0.0551632,-0.0654633
7466058554294,-0.7015395700763613,0.4572230624818193,0.3367559879849795,0.7332379083037216,-0.674761620913228,0.05474516498732608,-0.06373297168222185
7466091845194,-0.7014499927443941,0.4576328738350806,0.3365019579527961,0.7304118839052479,-0.6780140204702086,0.05432556928481792,-0.06200161625063094
7466125134394,-0.7013632775915988,0.4580393435022808,0.33624296889792843,0.7275700327493722,-0.6812516092364203,0.05390444761372091,-0.06026941915536393
7466158422994,-0.7012794219632794,0.45844243413719543,0.3359790478352208,0.7247123237243704,-0.6844744257194489,0.05348179726764507,-0.05853636253711547
7466191713994,-0.7011984189781354,0.4588421310560587,0.3357102060621977,0.7218385594286669,-0.6876826895383827,0.053057591381905,-0.05680232942366165
7466225003394,-0.7011202786288655,0.45923833585718665,0.3354365113462217,0.7189491463461525,-0.6908759453776924,0.05263189232066622,-0.05506756738193802
7466258291294,-0.701045,0.459631,0.335158,0.716044,-0.694054,0.0522047,-0.0533321
7466291581494,-0.696032912601153,0.4524933834335022,0.34152384329389623,-0.6973634092815741,0.7120555983273976,-0.058576737234158696,0.05683191128927293
7466324869494,-0.6910700074399174,0.4456050270335114,0.3482207765204003,-0.6781779376814449,0.7295381512994729,-0.06490113834891784,0.06030433551333177
7466358195394,-0.6861446536930726,0.4389752227044604,0.3552448806778896,-0.6584778104577379,0.7465092153860972,-0.07118119188288767,0.06375109724976077
7466391448094,-0.6812673730975862,0.43264204608188517,0.3625588435073984,-0.6383438096426712,0.7629006758826673,-0.07739183246520147,0.06715834792733434
7466424737994,-0.6764159792756871,0.42659963254978583,0.37017218627059356,-0.6177245439585108,0.7787558395410232,-0.08354959905613292,0.07053505986079184
7466458034094,-0.6715890308457751,0.4208689868069926,0.37806328700220454,-0.5966533322728773,0.794047260206408,-0.08964451322049284,0.0738756448082133
7466491318694,-0.666783,0.415467,0.386212,0.575157,-0.808756,0.0956693,-0.077176
7466524605794,-0.6446524275145147,0.4066524950225733,0.4090974462609896,-0.5707902796278925,0.8103573412752786,-0.10544710692932893,0.0800021484949541
7466557902394,-0.6225132733633594,0.39756517026031735,0.43188602127153536,-0.5663531661615385,0.8118568931579754,-0.11521907651934846,0.0828072497835133
7466591185594,-0.6003856359321027,0.3882104298700099,0.45456311981679814,-0.5618490071934854,0.8132532996034318,-0.12497717557814529,0.08558895597175514
7466624474194,-0.5782618988964003,0.37858229954816186,0.47714267522048187,-0.5572757456015498,0.8145472963419121,-0.13472563454142442,0.08834845094130594
7466657770694,-0.5561452994396601,0.3686792098610467,0.499627448239193,-0.5526334680810354,0.8157388419032782,-0.1444638939041283,0.09108553740898
7466691054094,-0.5340546814892976,0.35850689309585665,0.5220044433558422,-0.5479255972090503,0.8168271450886023,-0.15418453161722295,0.09379810861358857
7466724343894,-0.511982,0.348059,0.544288,0.54315,-0.817813,0.163892,-0.0964874
7466757633294,-0.49686698053230105,0.34657301975866045,0.5718010991245094,-0.5333795526715686,0.8205228259632139,-0.18830733225277543,0.08239474185323832
7466790921094,-0.4804057982403696,0.3449435457810933,0.5984854556880657,-0.5231300618833973,0.822494286283827,-0.21255902698528267,0.06824036511772794
7466824211194,-0.4626473309393174,0.3431275765437254,0.6242757367717343,-0.5124096993562751,0.8237254295974841,-0.2366282140260253,0.05403521968962328
7466857501194,-0.44364821312902214,0.34108304367567166,0.6491048452743367,-0.5012291192843813,0.824214777685779,-0.26049162766119477,0.039792991144255926
7466890789594,-0.42346930870193594,0.33876865892875035,0.6729101102447652,-0.48959920135844337,0.8239617173256019,-0.28412687659386554,0.025527013300298173
7466924079694,-0.40217274696062943,0.336143722276574,0.6956359968888957,-0.4775295358712229,0.8229662406958831,-0.30751516812286483,0.011248574125924843
7466957369294,-0.379828,0.333169,0.717227,0.465032,-0.821229,0.330634,0.00302868
7466990657294,-0.3798326686462489,0.33987708037394,0.7418429176722937,-0.46282052305067567,0.8179341647422546,-0.3411234471388578,-0.02038772676372476
7467023947494,-0.3787843317980116,0.34626604728392574,0.7665584936492416,-0.46041185783673955,0.8142991396963574,-0.3514431947690724,-0.037755967787916636
7467057237294,-0.37668167001018704,0.35233106055151747,0.791326733612919,-0.4578067235966019,0.8103260769259598,-0.36158807826535183,-0.05512453664111721
7467090530894,-0.3735246979186763,0.35806918364890983,0.8161056160365819,-0.4550053576406698,0.8060163979271048,-0.3715550635792399,-0.07248810605560228
7467123815894,-0.36931701676851464,0.3634753697159866,0.8408407771329018,-0.45200952563304636,0.8013738951858292,-0.3813362772892736,-0.08983269157070833
7467157104094,-0.36406134087036046,0.3685493109736234,0.865495941590441,-0.448818977302627,0.7963992583505267,-0.3909311190705842,-0.10715692723280122
7467190400694,-0.357762,0.37329,0.89003,0.445434,-0.791094,0.400337,0.124456
7467223705794,-0.36244772391554425,0.37957912523851783,0.9046411175149675,-0.44065634822611455,0.7939179249993895,-0.39428622777089684,-0.14161455335835213
7467256971994,-0.36697519732128814,0.38566942706520196,0.9193425681818592,-0.43569813170080235,0.7964877545170634,-0.3880671158891699,-0.1586767421592024
7467290268294,-0.371348655175614,0.3915798843180612,0.9341589532670533,-0.4305499971694381,0.7988079802690278,-0.38166998792537676,-0.1756716565441228
7467323577194,-0.37556058619326993,0.39731356285622244,0.9490768145775774,-0.42521527187445013,0.8008761060067409,-0.37510114452714016,-0.19258392136065414
7467356840694,-0.37959931713790923,0.4028675008228556,0.96406417525747,-0.41970457571200376,0.8026881912555275,-0.36837561448120365,-0.20937799168234553
7467390137194,-0.38347020367702594,0.40826187953127563,0.9791504493671929,-0.4140061629760275,0.8042480134575929,-0.3614810572029931,-0.22608731753636474
7467423431594,-0.387165,0.413498,0.994314,0.408127,-0.805553,0.354428,0.242688
7467456709994,-0.38554503155615094,0.4144457429683832,1.0004237338713162,-0.38270396902619813,0.8290896761797979,-0.33460045144833966,-0.23278857109884085
7467489999494,-0.3840888447932342,0.41581758648468814,1.0065470294928598,-0.35662414558877703,0.85122763657205,-0.31416495136239314,-0.22255586457000393
7467523287594,-0.38281816874873126,0.41760305584189644,1.0126530428633886,-0.32994325099115046,0.8719205707138769,-0.29316170232665545,-0.21200987189354017
7467556578294,-0.38175276449686923,0.419789459884944,1.0187142124371709,-0.302705278652214,0.8911359325612683,-0.27162196486004253,-0.20116603137660677
7467589866294,-0.3809113581747445,0.4223608269866751,1.024701735998717,-0.27496273022059453,0.9088382320392933,-0.2495839508112594,-0.19004319632854896
7467623155794,-0.38031092129954136,0.42529924857934237,1.0305891776983926,-0.24676114811577496,0.9249999138041856,-0.22708060114790468,-0.17865748186163388
7467656445894,-0.379967,0.428584,1.03635,0.218151,-0.939593,0.204149,0.167027
7467689735094,-0.3738253911317723,0.447456877529631,1.047476584077492,-0.2281339777133457,0.9428781017373933,-0.18542101536767272,-0.15669977835593124
7467723023194,-0.3684830385123294,0.46634231940053505,1.0591346704957596,-0.23797345721929358,0.9456313830427425,-0.1665743892519258,-0.14629727922663197
7467756314194,-0.3639570532214038,0.4852102293177038,1.071298313221539,-0.24766543662818946,0.9478515539774872,-0.1476175655270708,-0.13582458345267226
7467789603994,-0.3602638580338786,0.5040259107293403,1.0839375488601746,-0.25720359768918577,0.9495368816970831,-0.12856362766868448,-0.1252893182732956
7467822899794,-0.3574167198311426,0.5227611061283368,1.097025652479704,-0.26658494979733993,0.9506864983774655,-0.1094192575759187,-0.11469556406364503
7467856199994,-0.355428105784253,0.5413826859381466,1.1105316526374756,-0.27580404297564287,0.9512992836257945,-0.09019622088343247,-0.1040502022568298
7467889470894,-0.354309,0.55984,1.12441,0.284847,-0.951375,0.070925,0.0933705
7467922768194,-0.3520070828647282,0.5741853870179949,1.1462005058474511,-0.29735952226702234,0.9480977983598999,-0.06498641065679872,-0.09200350912973249
7467956049894,-0.3499759336033503,0.5878960077805861,1.168441064073651,-0.3098057326757058,0.9446301129234363,-0.059041109099708645,-0.09060080129778793
7467989338794,-0.34821326868805336,0.6009676431761679,1.1911282472504925,-0.32219144425269386,0.9409701091718888,-0.05308603194528772,-0.08916165155329173
7468022634994,-0.34671829161368345,0.6133865715591477,1.2142435435693457,-0.3345140152565536,0.9371184489692073,-0.047122184509267945,-0.08768629268910896
7468055918494,-0.34549069207318106,0.6251326814339866,1.2377537481558478,-0.346763436913479,0.9330783290624917,-0.04115418037252559,-0.08617589043210343
7468089206994,-0.3445284053305537,0.6362001740020561,1.2616516649730063,-0.35894363840385074,0.9288485424158304,-0.03517987846659717,-0.08462993473038166
7468122503794,-0.34383,0.646578,1.28592,0.371053,-0.924429,0.0291997,0.0830485
7468155786794,-0.34029806652125033,0.6572506309721715,1.303526228358575,-0.38484116819247033,0.9183054558873859,-0.030740936864837115,-0.08756346128601435
7468189076194,-0.336589685290911,0.667401439389721,1.3213728010659387,-0.3985353558391924,0.9119502936366108,-0.03226636793664662,-0.09206038009048474
7468222365494,-0.33270479711600875,0.6770211752533065,1.3394388049137538,-0.41212957062582684,0.905366758800715,-0.03377537279264427,-0.09653741899997925
7468255653694,-0.3286429504221563,0.6861029957991555,1.3577059759911196,-0.4256199541051696,0.8985567177104427,-0.03526758050279978,-0.10099345271069697
7468288944194,-0.32440329843461907,0.6946417599850614,1.3761582837698068,-0.43900444898149465,0.8915211756913402,-0.036742822629390715,-0.10542794721329846
7468322232594,-0.31998613383204083,0.7026308444403055,1.394775207005729,-0.4522778826011347,0.8842628300899575,-0.038200590589630386,-0.10983933316320132
7468355521594,-0.315391,0.710066,1.41354,0.465438,-0.876783,0.0396407,0.114227
7468388812394,-0.3130677843811368,0.7144689781146659,1.4225589585324923,-0.4747017512219904,0.8719722940267471,-0.042221461855234746,-0.11198175742197804
7468422102794,-0.3107014091103453,0.7186523935907109,1.4316866604180989,-0.48390619202778723,0.8670574091705633,-0.044804464948881524,-0.10972149488701535
7468455390194,-0.3082939785511526,0.7226135245711118,1.4409179627795132,-0.4930494560092176,0.8620392874754977,-0.04738917111915985,-0.10744657853272851
7468488680894,-0.3058469734293315,0.7263507950942705,1.4502501545078463,-0.5021321590353831,0.8569176000634736,-0.049975735543128265,-0.10515677543955355
7468521971194,-0.30336262024911326,0.7298615454488451,1.459677707859653,-0.5111521777977829,0.8516935371940656,-0.05256353571488985,-0.10285253787629192
7468555287194,-0.30084091303713834,0.7331461604872419,1.4692035714919962,-0.520115412992827,0.8463635341200142,-0.055154265436534185,-0.10053224499302144
7468588548294,-0.29829,0.736195,1.4788,0.528999,-0.840941,0.0577413,0.0982017
7468621836894,-0.3064144163518178,0.7327241808111201,1.4789509892197876,-0.522326424934437,0.8451957669653927,-0.05674047602908151,-0.09797826135926717
7468655154194,-0.31453696517712343,0.7292313450641893,1.479137055180686,-0.5156147769754353,0.8493999423232685,-0.05573350695700461,-0.09774925037090518
7468688416094,-0.3226371249961566,0.7257258480170841,1.479357982294225,-0.5088816415673412,0.8535429899007507,-0.05472301660065018,-0.09751528455139861
7468721705794,-0.3307351406040243,0.7221994647711547,1.4796145680987578,-0.5021106487487352,0.8576350769729432,-0.053706541077786586,-0.09727578632012276
7468755001294,-0.33882562163439667,0.7186550239201248,1.4799069770470812,-0.49530665813234204,0.8616731567675074,-0.05268480192046567,-0.09703090725480805
7468788284494,-0.34690414901368405,0.7150949870360114,1.4802353118504246,-0.48847381318806443,0.8656547937913786,-0.05165841429967546,-0.09678078346221973
7468821573094,-0.354975,0.711518,1.4806,0.481609,-0.869582,0.0506269,0.0965253
7468854871494,-0.36108379111313027,0.7140567976229523,1.4827739223284222,-0.48280264512203397,0.870001149818181,-0.040755554447227046,-0.09131588010805966
7468888154394,-0.36723633313975707,0.7165160861342329,1.4848296249944664,-0.48393156300291656,0.8703117535216041,-0.030878957678710784,-0.08610565593723501
7468921441294,-0.37343306788883,0.7188969749208642,1.4867674064052252,-0.48499632457773745,0.8705138249784532,-0.02099256290686543,-0.08089226149682253
7468954732294,-0.3796708679669635,0.7211991070490167,1.4885863229719694,-0.48599686670696274,0.8706072448885798,-0.011097581412485798,-0.07567637930903184
7468988020194,-0.38594520314240527,0.7234216822022244,1.4902851302166662,-0.48693293566689466,0.8705919216431888,-0.0011973987271982867,-0.07045983514547811
7469021310294,-0.3922538682227705,0.7255647955408654,1.49186331906272,-0.4878046571978187,0.8704678043498101,0.008708314041123183,-0.06524249591409191
7469054599194,-0.398593,0.727628,1.49332,0.488612,-0.870235,-0.0186173,0.0600256
7469087888494,-0.40017016780422227,0.7388425237521684,1.4907842678047598,-0.5016356441474379,0.8629488578210229,0.020202058052892363,-0.05720861960058605
7469121178694,-0.401720728084856,0.7501283927231488,1.4885902250478171,-0.5145428261438983,0.8554610270969181,0.021786939322948094,-0.05438235428035654
7469154469294,-0.4032466136490644,0.7614750648858892,1.4867400641098392,-0.5273302715878718,0.8477732048370901,0.023371485137791304,-0.05154756550764285
7469187756594,-0.4047496385157035,0.7728708392684205,1.4852357616112761,-0.5399936073446124,0.8398880529534932,0.024955086683635355,-0.04870529931696224
7469221046894,-0.40623208902407015,0.7843073918460266,1.4840785198891526,-0.5525322924054974,0.8318059097158734,0.02653760986428141,-0.045855748533477715
7469254337494,-0.4076958624709522,0.7957732824966881,1.4832696501935576,-0.5649423812546934,0.8235292751562505,0.028118491609468787,-0.0429998750289521
7469287628494,-0.409143,0.807258,1.48281,0.577221,-0.81506,-0.0296973,0.0401384
7469320915094,-0.4172348640825611,0.8194340483351089,1.4801080517252583,-0.5886447528319099,0.806178957397308,0.034970473536626204,-0.04847586609719514
7469354203194,-0.42558008196126584,0.8315226823462181,1.4778770308804716,-0.5998901795111093,0.7970491193210153,0.04024026143025702,-0.056790802739066046
7469387502394,-0.4341752834682591,0.8435093096906671,1.4761157789727155,-0.6109569073116257,0.787670606479858,0.04550669198054114,-0.06508313207625167
7469420783694,-0.4430067080669863,0.8553656378732337,1.47482431572957,-0.6218318711566775,0.7780545923673351,0.05076369006860148,-0.07334318700809554
7469454071994,-0.45207436939406387,0.867082864308652,1.4739994876641664,-0.6325198720298653,0.7681970072438573,0.05601370132093513,-0.08157471920413208
7469487367794,-0.4613718106564252,0.8786435050674066,1.4736390455276487,-0.6430175764453345,0.7581006272190427,0.06125530860122508,-0.0897754006431097
7469520653194,-0.470887,0.890024,1.47374,0.653316,-0.747774,-0.0664842,0.0979384
7469553939694,-0.48211997269774765,0.9006702052227974,1.4687913783880926,-0.6492964180449478,0.7514066453222379,0.07110383398945853,-0.09352250890336856
7469587236294,-0.4933083788209304,0.9112443025357487,1.463568331126093,-0.6452321604541341,0.7549846964447321,0.07572657368685319,-0.08910136523979881
7469620519794,-0.5044407679895729,0.9217362327986358,1.4580759684781643,-0.6411264436325534,0.7585054538977577,0.08034887381725278,-0.08467832165749457
7469653807894,-0.5155194304547418,0.9321489317861105,1.4523129824523033,-0.6369774265033395,0.7619705382735609,0.084972861733382,-0.08025129093741763
7469687098394,-0.5265399790862876,0.9424790401930824,1.4462812519941308,-0.6327856987797932,0.7653794337049102,0.08959790120760859,-0.07582082814445844
7469720403594,-0.53750281269064,0.952727692211565,1.439980000298465,-0.6285500110697442,0.768733091119644,0.09422537000064453,-0.07138555771374995
7469753676794,-0.548389,0.962878,1.43342,0.624277,-0.772027,-0.0988485,0.066952
7469786966494,-0.5646773656830669,0.9713138411084218,1.4308056310687682,-0.6215609625271065,0.7737181358219437,0.09842492251907084,-0.07303937834968204
7469820255194,-0.5810515376569481,0.9796147430239647,1.4282737509210035,-0.6188156302523087,0.7753730776506257,0.09799671825659846,-0.07912300184505042
7469853545394,-0.5975110397111556,0.9877813644172628,1.4258259557922253,-0.6160405968550876,0.7769914620906743,0.09756382086713955,-0.08520300301297193
7469886833494,-0.6140523662157781,0.9958128896824595,1.423464276551722,-0.61323629522375,0.7785730383308513,0.09712629577218963,-0.09127843597525975
7469920122994,-0.6306755149389657,1.0037102570244685,1.4211902144827884,-0.610402564855571,0.780117898776834,0.09668411592726815,-0.09734965101694192
7469953413294,-0.647378440147036,1.0114734257115783,1.4190055549786855,-0.6075395887585504,0.7816259386207476,0.09623730761789279,-0.10341625011953458
7469986737294,-0.664176,1.01911,1.41691,0.604645,-0.783099,-0.0957855,0.109484
7470019993894,-0.6752458501422434,1.0267250819958778,1.4192500037104339,-0.6161334243808299,0.7746630997483882,0.0892729818766555,-0.11093700895472727
7470053281394,-0.6862211343023896,1.0343823032570458,1.4219449445870018,-0.6274802874340111,0.7660269063699072,0.08273437495302216,-0.11236676910996919
7470086571094,-0.6970870307079021,1.0420646065398964,1.4249923529367836,-0.6386723746708505,0.7571992533872753,0.07617681104235388,-0.11377162195146606
7470119866994,-0.7078397058454585,1.0497623843549553,1.4283917028591657,-0.649708176161067,0.7481812132311607,0.06960108310161538,-0.11515141001520823
7470153150094,-0.7184680768370818,1.0574606914208031,1.4321395732299036,-0.6605786862508749,0.7389802393270695,0.06301253964394585,-0.1165050428213108
7470186438294,-0.7289730385395568,1.065153114587733,1.4362361308425466,-0.6712870918848882,0.7295937456535991,0.056409236769425414,-0.11783295200822111
7470219735494,-0.739351,1.07283,1.44068,0.681832,-0.720023,-0.049792,0.119135
7470253016694,-0.7454229596445833,1.0772830668722833,1.4421975095727235,-0.6805830553941037,0.7209476310751715,0.05146802435351994,-0.11996774744351192
7470286306294,-0.7515181789296818,1.0817190040055742,1.4436941899410742,-0.6793300529917738,0.7218682372805959,0.053144469940799875,-0.12079980307231719
7470319602794,-0.7576363022886327,1.0861374569329496,1.4451699756169964,-0.6780729212781045,0.7227846293524262,0.05482124135737219,-0.12163110004143812
7470352887394,-0.76377377411297,1.0905357934584536,1.4466240552752716,-0.6768123780740489,0.7236962858618209,0.05649738186622546,-0.12246116346751819
7470386174294,-0.7699331066593431,1.094915756986723,1.448057075988609,-0.6755478944220495,0.7246035927290424,0.05817359630835413,-0.12329034203315418
7470419464394,-0.776114374355597,1.099277320530836,1.4494690893824145,-0.6742794421630319,0.7255065686297701,0.059849919965939066,-0.1241186522301864
7470452755094,-0.782317,1.10362,1.45086,0.673007,-0.726405,-0.0615262,0.124946
7470486044294,-0.7835592919154404,1.112731645721231,1.4557684552053403,-0.6852572286926308,0.715832935142414,0.0551018499561611,-0.12235001275562249
7470519333094,-0.7846277232698708,1.1217056173909408,1.4609572734757932,-0.6972959616480726,0.7050376011535706,0.0486648187088679,-0.11971657466258141
7470552621094,-0.7855220393266367,1.1305306872281835,1.466420476745178,0.7091194614936778,-0.6940226102233825,-0.04221717767561384,0.11704663916040106
7470585912794,-0.7862423036429915,1.1391970836119523,1.4721525978074905,0.7207256328173707,-0.6827898470639535,-0.035760037903097626,0.11434074792283155
7470619200394,-0.7867885319424549,1.1476920332695792,1.4781457155774302,0.7321081625838962,-0.6713454169070452,-0.02929689780728566,0.111600453649646
7470652489394,-0.7871612334071169,1.1560064258932103,1.484393890474888,0.7432654293068652,-0.6596909908104232,-0.022828676276368143,0.10882623663580629
7470685780094,-0.787361,1.16413,1.49089,0.754194,-0.64783,-0.0163573,0.106019
7470719068994,-0.788453246934191,1.179861727256835,1.4920060682367668,0.7582803354462272,-0.6430801462328004,-0.017427285705716472,0.10561793460245675
7470752361194,-0.7895454372427899,1.1955814140213807,1.4933196749881776,0.7623361731521067,-0.6383038494691693,-0.018497574455105893,0.10521214091500641
7470785648094,-0.7906375070400258,1.2112824959387203,1.4948302664238429,0.7663603451716564,-0.6335025755547921,-0.019567849812927824,0.10480175269299401
7470818937594,-0.7917299343252064,1.2269661993020653,1.4965379483432095,0.7703536464475365,-0.6286753826064736,-0.02063832493546617,0.10438669576840785
7470852237994,-0.7928232115276329,1.2426339225319503,1.4984430054432614,0.7743168909919773,-0.6238212471144877,-0.02170922563452842,0.10396688653313017
7470885515594,-0.7939164520341285,1.258267326851915,1.5005431116981753,0.778245923308888,-0.6189452917538328,-0.022779427434159786,0.10354277548255614
7470918804594,-0.795011,1.27388,1.50284,0.782145,-0.614043,-0.02385,0.103114
7470952101294,-0.7934766655717403,1.2942702533409813,1.5064668956029648,0.7840282242586913,-0.6106763550347786,-0.032605071883912005,0.10635338384200733
7470985383294,-0.7923024676281141,1.314642012935122,1.5102952484132974,0.7858314807636708,-0.6072484849795491,-0.04135213853715172,0.10958175929060097
7471018672494,-0.7914891147863227,1.3350012028544653,1.5143242200218383,0.7875554460073786,-0.6037572108506031,-0.050096051867898256,0.11280086611931751
7471051969194,-0.7910382945253187,1.355340513007027,1.5185506092221104,0.7891999159271658,-0.6002028062459904,-0.05883599316003291,0.11601038739641038
7471085252094,-0.790951497925218,1.3756394686931457,1.522968210319057,0.7907637025768649,-0.5965879153746123,-0.06756548049458318,0.11920793497682113
7471118540694,-0.7912296980902411,1.395902514779925,1.5275760175070692,0.7922476009670237,-0.592910802014407,-0.07628873860489699,0.12239504883246635
7471151831394,-0.791874,1.41612,1.53237,0.793651,-0.589172,-0.0850039,0.125571
7471185121394,-0.7929839626248024,1.4325432877941047,1.5343543252595495,0.7965979915749083,-0.5808630039633531,-0.10021159570621131,0.13411728647533422
7471218408894,-0.7946531656043909,1.4488807296545987,1.536644810473401,0.7992381501906352,-0.572335432516034,-0.11538367561265545,0.14260834256329336
7471251699594,-0.7968823039351446,1.465111405564769,1.5392333778264837,0.8015711310218797,-0.5635913459388245,-0.13051696454115697,0.1510425061435726
7471284987594,-0.7996705364996495,1.4812088965934336,1.5421106299058764,0.8035955648506512,-0.554635689563699,-0.1456029917240629,0.1594151461297374
7471318301294,-0.8030195116745457,1.4971634360320882,1.5452699105653653,0.8053120278636198,-0.5454640879706107,-0.16064880079933688,0.1677302277894754
7471351566294,-0.8069190172854552,1.5129164821215628,1.5486940460882723,0.8067162963578577,-0.5361007974057236,-0.1756150940192018,0.1759661642595961
7471384855594,-0.811374,1.52848,1.55238,0.807811,-0.526529,-0.190529,0.184138
7471418146594,-0.814850542362843,1.5456219077754814,1.5519676361228927,0.8093131953761896,-0.5229924842021358,-0.18364197382488442,0.1943364060276932
7471451435394,-0.8185068802043145,1.5627193425562582,1.5516538368801789,0.8106785329031564,-0.519376721271748,-0.17671576986593318,0.2044985925909655
7471484726894,-0.8223401926593256,1.579773113976377,1.5514422694513177,0.8119072707259846,-0.5156818286379925,-0.1697505129971485,0.21462431989889685
7471518014394,-0.8263462306351886,1.5967781318340453,1.5513366037545169,0.812999052201674,-0.5119090865795285,-0.16274871322341883,0.22470977847128484
7471551305294,-0.8305223092620815,1.6137365629237772,1.5513403675031467,0.8139540295166097,-0.5080582025059013,-0.1557099284575885,0.23475544483542732
7471584597694,-0.8348645566978977,1.6306458609677925,1.5514570574276993,0.8147720467826703,-0.5041299351045483,-0.14863567379013354,0.2447589769344835
7471617882694,-0.839368,1.6475,1.55169,0.815453,-0.500126,-0.141529,0.254716
7471651170894,-0.8500740061360832,1.6650207512191588,1.5503314675305473,0.8180867508773193,-0.5086060939357699,-0.12720778334235458,0.2363727757325587
7471684466794,-0.8598969771833713,1.6830670166343251,1.5487538184090734,0.8202062271962619,-0.5167819983938655,-0.11279785164294047,0.21788702501354715
7471717750494,-0.8688079790266822,1.70158168341002,1.546949325658648,0.8218086938866018,-0.5246439436739566,-0.09831703441513417,0.19928111742573426
7471751038594,-0.8767908112112467,1.7205264245613774,1.5449089730199728,0.8228940101418982,-0.5321912793628308,-0.08376740940911793,0.1805572246231764
7471784335794,-0.883827392560325,1.7398557016819776,1.5426246692320513,0.8234612186429576,-0.5394203857748336,-0.069156204511619,0.16172411131037967
7471817619394,-0.8898968605238884,1.7595068758421706,1.5400909263238445,0.8235095684973753,-0.5463221013231756,-0.054502749732651255,0.14280617098247714
7471850906994,-0.894989,1.77944,1.5373,0.823039,-0.552896,-0.0398087,0.123805
7471884197694,-0.9120724041693606,1.8012448491939101,1.5338602361397335,0.8055053891842882,-0.5774087828513814,-0.05373858503225513,0.12195216258798339
7471917487594,-0.9293307180548512,1.8225384084959617,1.528578872683325,0.7870786097868119,-0.6012875233226901,-0.06759615221020794,0.1199638967310555
7471950775094,-0.946694997775575,1.843215273755682,1.521483384988757,0.7677801569514392,-0.6245048650359661,-0.0813654275009685,0.11784299446983594
7471984065694,-0.9640996310279953,1.8631770518260293,1.51260754476756,0.7476280985686052,-0.6470389318337602,-0.09503346560519435,0.11559189996355748
7472017376094,-0.9814847415371485,1.8823342382811536,1.5019880033375728,0.7266337011208617,-0.6688753529817728,-0.10859190924665771,0.113212295335236
7472050644294,-0.9987496976013143,1.900556955893213,1.4896968372805044,0.704860012992695,-0.68995005881051,-0.1220007040960422,0.11071181793910648
7472083934294,-1.01586,1.91779,1.47577,0.68229,-0.710281,-0.135271,0.108089
7472117222094,-1.029185324969173,1.9378044081380974,1.4753386175191074,-0.676645971348733,0.7056947802256599,0.1547363894248606,-0.1421328829213882
7472150512194,-1.0441534081918407,1.9567416947628136,1.4750609942995445,-0.6699171019080614,0.6999930505724422,0.17395994284155128,-0.17595097046607805
7472183814994,-1.0606790255441123,1.9744857528763393,1.474977687604153,-0.6621111170753883,0.693182391140402,0.19291649714241457,-0.20950003911302015
7472217093394,-1.0786421905866335,1.9909038957380272,1.475127965592287,-0.6532496247478193,0.6852819029802297,0.211554552460824,-0.24268974545235472
7472250380794,-1.097949967246418,2.005908304042614,1.4755496302215556,-0.643338515039852,0.6762970772686082,0.22986298065382268,-0.2755010498513515
7472283669794,-1.1184802379999235,2.0193987651568843,1.476278834650768,-0.6323952190915009,0.6662437651721066,0.24780803356007314,-0.30787450485968654
7472316964994,-1.14011,2.03129,1.47735,0.620435,-0.655136,-0.265363,0.339763
7472350248994,-1.1492638373467126,2.053959037816544,1.4738637228764755,-0.6026526451331649,0.6557566965718639,0.29342109224114726,-0.34741474759020846
7472383538494,-1.15962745574645,2.076031766970076,1.4698130396006337,-0.5841557571358489,0.6556204469726772,0.32113085578198597,-0.3546813420256548
7472416833794,-1.1711450405062636,2.0974339091957916,1.4651614551542722,-0.5649659072334384,0.6547267196116696,0.34846032695564866,-0.36155476324950087
7472450116794,-1.1837481116365227,2.118082911397238,1.4598783903897228,-0.5451163794364636,0.6530766858868919,0.3753630951958348,-0.3680238062762763
7472483405694,-1.1973762618285082,2.137922507449057,1.4539308806006168,-0.5246199496486782,0.6506710010937673,0.4018228198248803,-0.3740849879829914
7472516702294,-1.2119590492605317,2.1568891326118593,1.447291096187743,-0.5034993225243536,0.6475112871084806,0.42781000438169114,-0.37973170191014227
7472549983894,-1.22741,2.17491,1.43994,0.481794,-0.643603,-0.453277,0.384954
7472583273594,-1.233936306681223,2.207844421480478,1.4450257191228435,-0.4968065028803772,0.6449443925598083,0.43862689880459393,-0.38057387304765705
7472616564094,-1.2392086348940148,2.2409034495400633,1.4505737897273576,-0.511596201188673,0.6459785000537613,0.423777839965378,-0.3760231997522096
7472649903394,-1.2432194914471013,2.2740846509953654,1.4565689494219851,-0.5261770214199665,0.6467057033333958,0.4087147072884585,-0.37129740566260305
7472683141694,-1.2459438878803442,2.3071885097668674,1.4629582090408388,-0.5404771998614117,0.6471231527641123,0.3935124070395963,-0.36642053312076595
7472716431894,-1.2473895390720742,2.340316959351406,1.4697442161612255,-0.5545563533764417,0.6472332909295465,0.37810827866265917,-0.3613730034868309
7472749721594,-1.2475458799353232,2.3733675728577928,1.4768906048576667,-0.568385175299175,0.6470352190736909,0.3625331008575777,-0.35616494572174917
7472783010494,-1.24641,2.40629,1.48437,0.581957,-0.646529,-0.346794,0.350799
7472816303294,-1.253000106178603,2.4317970885902147,1.482640391959594,-0.5968885752488191,0.6472952753787767,0.3324572655801003,-0.33794233498150394
7472849588394,-1.2583072897519545,2.4576689077326956,1.481504893184584,-0.6114498686874336,0.6476934579206596,0.3179092336144855,-0.3248937700719264
7472882879694,-1.2623120687744935,2.4838486667249957,1.4809531697220417,-0.6256382120759718,0.6477238840131982,0.30315281639888464,-0.3116552062434741
7472916167694,-1.2649944407127451,2.510260666288472,1.4809741932781428,-0.6394408820798505,0.6473867591354042,0.2882012527633023,-0.2982377915804171
7472949459594,-1.266339397600388,2.536841799092738,1.4815553088060789,0.6528524622623718,-0.6466824721825725,-0.2730604861174737,0.28464611996492056
7472982747694,-1.2663342514764497,2.563516718557622,1.482682336827393,0.6658616997530934,-0.6456118647685443,-0.25774331943125656,0.27089093406860554
7473016036994,-1.26497,2.59022,1.48434,0.678463,-0.644176,-0.242257,0.256978
7473049330394,-1.2694139543770526,2.6113547453566057,1.4886277458553738,0.6869355044632779,-0.6432284411149496,-0.2339193510111414,0.244250941597244
7473082615294,-1.273176233702635,2.6325590533252634,1.4932035711290264,0.6951950424854579,-0.6420883047249513,-0.22551771581788294,0.23144809718674558
7473115904994,-1.2762567348479212,2.6538155866729882,1.4980702947131566,0.7032421896804579,-0.6407551296829024,-0.21705126792388515,0.218568143907377
7473149200694,-1.2786543549910347,2.675099275434829,1.5032289398987673,0.711074744850707,-0.6392290868608511,-0.20852231992038733,0.20561450299422981
7473182483094,-1.2803678868145234,2.6963719067840404,1.508676793379989,0.7186859193080429,-0.6375114947568621,-0.1999384997606576,0.19259864941032773
7473215771994,-1.2813993561185582,2.717620276247337,1.5144170459220936,0.7260780551895606,-0.6356018186564506,-0.19129739941189228,0.17951682615009898
7473249069694,-1.28175,2.73882,1.52045,0.733249,-0.6335,-0.182601,0.166372
7473282350094,-1.2851529761628167,2.756875414373464,1.5155229812935562,0.7291308289276797,-0.6362782385328146,-0.18820673387815826,0.16761999522649335
7473315639694,-1.2886730587616004,2.774869626779056,1.5104091985169115,0.7249668982935512,-0.6390229060790092,-0.19379922743047293,0.16886261081813692
7473348930194,-1.2923072529052297,2.79279552971877,1.5051089982010135,0.7207588074619574,-0.6417333927562731,-0.19937684892593327,0.1700995773066639
7473382219494,-1.296053132045907,2.810649410281807,1.4996219195576777,0.7165070815187453,-0.644409339053014,-0.20493893651433923,0.17133078583581998
7473415507894,-1.2999084983530145,2.8284288608098773,1.4939471801610524,0.7122119480184741,-0.6470505852090627,-0.21048523282966763,0.17255621704528862
7473448798194,-1.3038714352290057,2.8461328074651435,1.4880835904894187,0.7078733083684495,-0.6496571663783228,-0.2160158955219379,0.17377594296866727
7473482092894,-1.30794,2.86376,1.48203,0.703491,-0.652229,-0.221531,0.17499
7473515398494,-1.333356838833698,2.863799222829094,1.4851888879639934,0.6897643382623413,-0.6426940014087764,-0.2600236608691651,0.20870379489335472
7473548666894,-1.3587297227179496,2.861164210869877,1.4880138561469045,0.674052399655305,-0.631316628016278,-0.2977032947617954,0.24179624893089863
7473581962994,-1.3838188595217762,2.8558661588409118,1.490531045932704,0.6563719909368371,-0.6181074330864107,-0.33453439323055545,0.2742366686327803
7473615255094,-1.4083142773914594,2.8479532689840803,1.4927619650958899,0.636790045209212,-0.6031141807894382,-0.3703741688846398,0.305899817384952
7473648533494,-1.4319305788779226,2.837506160793582,1.4947338439945799,0.6153714597458604,-0.5863849290433332,-0.40510915463696817,0.33668569074199617
7473681825894,-1.4544186616641845,2.8246217572772903,1.4964790656822928,0.5921614263723409,-0.5679530485450914,-0.4386676080644596,0.36653091192969994
7473715113794,-1.47551,2.80944,1.49803,0.56724,-0.54788,-0.470933,0.395332
7473748403094,-1.4963979742466447,2.793952146617997,1.4914221460782358,0.5425980368288091,-0.5274116011200273,-0.4968276993439328,0.4249548335978147
7473781696794,-1.5155850213262025,2.776369339103153,1.4849183472899967,-0.5165520602936841,0.5055859609257825,0.5214467150468732,-0.45348663540167117
7473814981694,-1.532862493619928,2.756882205472812,1.4785507075348177,-0.4891799866164827,0.48246847937172194,0.5447172339243835,-0.48084326154413837
7473848271794,-1.5480561663129964,2.7356857679968494,1.4723447485975645,-0.4605409936632056,0.45810918300189807,0.5665891661803604,-0.5069661590008593
7473881564894,-1.5610039003129665,2.713001311300611,1.4663275504803077,-0.43071025717281874,0.4325719544305418,0.5870040507011434,-0.5317860688911614
7473914849294,-1.5715645294843654,2.6890729132813895,1.4605258881822079,-0.3997753580815791,0.4059317935876745,0.6059023655962547,-0.5552309117748231
7473948138094,-1.57963,2.66414,1.45496,0.367804,-0.378247,-0.623243,0.57725
7473981468294,-1.5841835895683944,2.6537666796914188,1.4596908135742277,-0.33547986527568363,0.3533430966597042,0.6311192110736639,-0.6035647914278104
7474014716994,-1.587658545679289,2.64320738626672,1.464749170021924,-0.30240778321489575,0.32766711976754576,0.6374594534012137,-0.628354387701494
7474048006394,-1.5900546520026244,2.632534728490636,1.4701549473924616,0.26854763455827013,-0.30118871954493653,-0.6422735116463404,0.6516534810998234
7474081296694,-1.5913625593415652,2.6218732583917697,1.4759010558729024,0.23402027427654362,-0.27400241812413156,-0.6455401272804866,0.6733759203894607
7474114587194,-1.5915882763975988,2.6113350736759986,1.481982955874229,0.198909857355867,-0.24617474986875829,-0.6472502509467655,0.6934695190295477
7474147874594,-1.590748499523731,2.601031822451792,1.4883924356637341,0.1633048391899466,-0.2177760431654943,-0.6473987665896844,0.7118847951308428
7474181164794,-1.58887,2.59107,1.49512,0.127285,-0.18887,-0.645984,0.728581
7474214453994,-1.5837993335387153,2.5819115356491142,1.5014735731196116,0.09781938220906083,-0.16722231350072367,-0.6323542544785205,0.7500641060433555
7474247742394,-1.5780778402821054,2.5736931095104763,1.5082469485110086,0.06816348136833664,-0.14523633768243882,-0.6174724268567728,0.7700571070355421
7474281032794,-1.5717720347526836,2.5664789489485114,1.5153854640324584,0.03837347949127791,-0.12295394231531587,-0.6013672881852625,0.7885221549465543
7474314348494,-1.5649485475901068,2.560322225107054,1.5228363348710108,0.008487324789994696,-0.10040346959379658,-0.5840582807313128,0.8054334443767653
7474347612394,-1.5576994452873403,2.5552843689502165,1.53052142409205,-0.021366759789535134,-0.07768212001328183,-0.5656213841967459,0.8207200494356743
7474380901094,-1.5500877156347004,2.5513920993232686,1.5383956381994803,-0.05119848958238976,-0.0547829717525128,-0.5460523470837357,0.8343886234332231
7474414192394,-1.5422,2.54868,1.54639,-0.080929,-0.0317666,-0.525402,0.846401
7474447480294,-1.529662669210057,2.5323561763312616,1.5444776995278124,-0.08644655782470605,-0.01863417035857286,-0.5282146235666275,0.8444933817299419
7474480769294,-1.5167419349106706,2.5163390643834367,1.5422915043173884,-0.0919351831343689,-0.005492753063727916,-0.5309143722364017,0.842405888582611
7474514063394,-1.5034486316035145,2.5006365257460543,1.5398256235512886,-0.09739430420439246,0.0076563789979009495,-0.5335009629484733,0.8401383528337667
7474547348294,-1.4898013467404352,2.4852646514177574,1.5370759480959897,-0.10282038983658508,0.020804712989406726,-0.5359728945806406,0.8376921795183064
7474580637594,-1.4758077006216905,2.4702261965609673,1.534036430397637,-0.1082144811877503,0.03395475467750718,-0.5383308149498612,0.8350668442534853
7474613931494,-1.4614808897261222,2.4555300094297356,1.5307021869881985,-0.11357542361087027,0.04710371549906275,-0.5405743294734737,0.832262733427431
7474647217594,-1.44684,2.44119,1.52707,-0.1189,0.0602438,-0.542702,0.829281
7474680504494,-1.4302120457512775,2.413035018847088,1.5241744214933246,-0.11832598707416746,0.08521457207176954,-0.5670802969664224,0.8106524374120043
7474713801094,-1.4130413377163378,2.3855943638497785,1.5188843358036472,-0.11755951313324109,0.11004923100520571,-0.5905849695785428,0.7907454213177272
7474747084494,-1.3954823348675638,2.3590294583133566,1.5112230551579524,-0.11660290376391334,0.1346916806034159,-0.6131636070446255,0.7696052916957337
7474780373194,-1.3776704171242302,2.333462556719025,1.5012213797790148,-0.11545770987025918,0.15911691184404025,-0.6347938415925065,0.7472537081025151
7474813663494,-1.359754010767027,2.3090279527701107,1.4889286182744816,-0.11412631938236288,0.18328372914962493,-0.6554392041583442,0.7237276473270302
7474846973694,-1.3418704559722696,2.285837583909239,1.474399197765068,-0.11261044201128811,0.20716713111718432,-0.6750778125667185,0.6990497944458838
7474880241194,-1.3242,2.26405,1.45774,-0.110916,0.230685,-0.693643,0.673306
7474913531494,-1.3238970039584057,2.2379038405531553,1.4551649518520855,0.12023526256371515,-0.2293927405851513,0.7034178027634372,-0.661910754527018
7474946843694,-1.3233391732111894,2.211900939956857,1.4517886247922231,0.1295125237999808,-0.22802847086196848,0.7129830822025083,-0.6502958151090343
7474980108894,-1.3225245423847638,2.186123773475071,1.4476261790766458,0.13872574937720034,-0.2265953767900168,0.7223164978931491,-0.6384892939967756
7475013399394,-1.3214485268816003,2.1605447943361464,1.4426775971262922,0.14789210340988668,-0.22509066257089097,0.7314356445554053,-0.6264694862850191
7475046714594,-1.3201078329425788,2.1351934015668594,1.43695044258483,0.15700840476939149,-0.22351446816861142,0.7403370181350744,-0.6142399717780831
7475079978194,-1.3185034776524491,2.1101554536857385,1.4304689477991328,0.16605097557033346,-0.22187078219450646,0.7489977378094619,-0.601832882349284
7475113267794,-1.31663,2.0854,1.42323,-0.175038,0.220156,-0.757435,0.589223
7475146558894,-1.3185127130880177,2.063254344559819,1.4261236609940493,0.1818067799346437,-0.20776587222643014,0.7528461561574243,-0.5974966964484222
7475179846694,-1.3207509524604168,2.0411728711835733,1.429171363463497,0.18851739744434007,-0.19531827989267947,0.7480368986312691,-0.6056011547930619
7475213134294,-1.3233487272928486,2.0191593702780275,1.43236249809057,0.19516875876315518,-0.18281591480016457,0.7430087191219706,-0.6135352803281624
7475246429794,-1.3263102519071774,1.9972143039697714,1.4356868495799984,0.20176061948639307,-0.170259408108553,0.7377617153286209,-0.6212986703433084
7475279714094,-1.3296368241341376,1.9753559723022387,1.439131298768206,0.20828738460020443,-0.1576596754293038,0.7323003900217336,-0.62888467220465
7475313043694,-1.3333373018074075,1.953553050200102,1.442690517253886,0.21475822946401724,-0.14499898289412064,0.7266166675109687,-0.6363037139074433
7475346297794,-1.3374,1.93189,1.44634,-0.221148,0.132327,-0.720733,0.643527
7475379582194,-1.3256948151431287,1.9161729641559464,1.4530205065520403,0.22168513010018392,-0.13042793097041547,0.7000598755489601,-0.6661534572165905
7475412872094,-1.3142342349738534,1.900840168005503,1.460807763989195,-0.2220135346076993,0.1284051046653033,-0.6787228304589175,0.6881550980416581
7475446167894,-1.3030355443470247,1.8859569044166158,1.46967330575655,-0.22213279678107958,0.1262603368451425,-0.6567414354481664,0.7095111238729446
7475479466794,-1.2921161004159534,1.8715882043409307,1.4795836187491511,-0.2220426973815395,0.12399577361937175,-0.6341380325302789,0.7301993182431017
7475512739094,-1.2815005788495084,1.8578079051795133,1.4904916653819607,-0.2217436113802227,0.12161568654604776,-0.6109547483165245,0.7501824385491054
7475546030594,-1.2711883958029915,1.844656262081164,1.5023712200005475,-0.22123546666084526,0.11911907584441908,-0.5871817535090409,0.7694693641772735
7475579317794,-1.2612,1.8322,1.51517,-0.220519,0.11651,-0.562858,0.788028
7475612607394,-1.2527515357149541,1.8208277881710584,1.518115278964775,-0.2207397880613774,0.11971211757586872,-0.5596267229012637,0.7897853416510792
7475645897594,-1.244251986994185,1.8095095632934228,1.5211271083279256,-0.22095610939493157,0.12291235590221417,-0.5563827201825027,0.7915233535215125
7475679186794,-1.235701722114568,1.7982466572234104,1.5242046818294561,-0.22116790325553384,0.12611045454326258,-0.5531260920218279,0.793241727438177
7475712475594,-1.2271005542257818,1.7870396466176603,1.5273473839990688,-0.22137517464985149,0.1293063914146403,-0.5498568559357025,0.7949404551087935
7475745765894,-1.2184479593306823,1.7758886728042957,1.530554724116877,-0.22157793601323486,0.1325002692779207,-0.5465749004943529,0.7966195924423285
7475779055494,-1.2097444820774166,1.7647952468646984,1.5338258127491695,-0.22177617511964584,0.13569179741619758,-0.5432805181071603,0.798278988141663
7475812344794,-1.20099,1.75376,1.53716,-0.22197,0.138881,-0.539974,0.799919
7475845634094,-1.1804805632252224,1.747210823927601,1.527025975712984,-0.22433853013901667,0.14451975687336271,-0.5560766004869011,0.7871245633057459
7475878924794,-1.1600599048825155,1.7412733625180605,1.5162340987047205,-0.22660646992043906,0.15008808986236188,-0.5719248319476921,0.7739670921126228
7475912212894,-1.139748269162028,1.7359715894355168,1.5048112483151062,-0.22877249230441205,0.15558275327101403,-0.5875092168535756,0.7604538603765103
7475945500694,-1.119561817693363,1.7313271732214595,1.4927834287836037,-0.2308358499762676,0.16100165703658884,-0.6028236538014815,0.7465901949628313
7475978796094,-1.0995131397837907,1.7273601394293,1.4801754252137396,-0.23279613462717724,0.1663436189696913,-0.6178645975131646,0.7323790680177898
7476012080794,-1.0796302882843023,1.7240922232516014,1.467023140331848,-0.2346514656135484,0.17160330938987794,-0.6326168585671222,0.7178348724800999
7476045371494,-1.05992,1.72154,1.45335,-0.236402,0.176781,-0.647081,0.702957
7476078664394,-1.025638390659197,1.714490881593074,1.4463725884792231,-0.26599172267483323,0.19066360023649656,-0.6522901869787049,0.6836763174080396
7476111948894,-0.990974802408305,1.7099711978890273,1.4395278547484318,-0.29517201770323437,0.20426493332190762,-0.6565583946622608,0.6633855525850054
7476145239794,-0.9560854644230112,1.7079922264331873,1.4329050997858601,0.32391339168758654,-0.21757031421901835,0.659881618041649,-0.6421055390096063
7476178555694,-0.9211235804319682,1.7085551088114852,1.4265922442732357,0.3521893519484097,-0.2305663849055142,0.66225567772496,-0.6198541924088402
7476211816994,-0.886345483058756,1.7116389254636941,1.4206933393551142,0.37989189252404665,-0.2432026651723027,0.6636728519229872,-0.5967184924803284
7476245105594,-0.8518373018253398,1.7172172190139934,1.4152805641274004,0.40704955147422767,-0.25549132108094363,0.6641358595497898,-0.5726765296020139
7476278419594,-0.817772,1.72525,1.41044,-0.43362,0.267412,-0.663642,0.547763
7476311684594,-0.8238914540641032,1.7099636616131773,1.4182556583739936,0.4062907963296662,-0.24871722619216025,0.6705180243107991,-0.5687469642006241
7476344973794,-0.8308623160575153,1.6952048015517027,1.4263580750909055,0.3782870125669772,-0.22963564468332331,0.6763280393285153,-0.5888520952090368
7476378264194,-0.8386330100375943,1.6810531709707088,1.4347412367818622,0.3496720316938419,-0.21020995274004095,0.6810567399446226,-0.6080320410933402
7476411553194,-0.8471500646678068,1.6675749341519053,1.443401947698976,0.32049397783255923,-0.19047219331031234,0.6846955925052262,-0.6262554585411128
7476444841794,-0.8563560381028796,1.6548303944543896,1.4523361126000829,0.2907988127678497,-0.17045278347580683,0.6872383649945584,-0.643494622182474
7476478132294,-0.8661895560914981,1.642874805874924,1.4615382585596464,0.2606320823967118,-0.1501817220810625,0.6886804843281038,-0.6597238501706062
7476511422694,-0.876584,1.63176,1.471,-0.230044,0.129692,-0.689019,0.674917
7476544709594,-0.8903442358850804,1.6274344769134768,1.467406835416713,0.21188526438164904,-0.10891139505078946,0.6908161166886021,-0.6826536718492691
7476578000194,-0.9044778578776206,1.6239670229648813,1.4637781514034856,0.19356370718782723,-0.08802755278570751,0.6920369957258902,-0.689832615753234
7476611291094,-0.9189334287224956,1.6213777083177179,1.4601088140126866,-0.1750963583051899,0.06705959488538207,-0.6926806199025914,0.6964465771711644
7476644579194,-0.9336584540319134,1.6196833198833565,1.4563937697965446,-0.15650029441271443,0.04602659209332934,-0.6927468237080615,0.7024891806365419
7476677867294,-0.9486021422893232,1.6188972760699887,1.4526274323828896,-0.13778940317605692,0.024943956360584496,-0.6922359962949229,0.7079556517516071
7476711162394,-0.9637149734320353,1.6190303618302178,1.4488038523434232,-0.11897523779680332,0.0038244675076910383,-0.6911486401483712,0.7128420746985508
7476744447594,-0.978936,1.62009,1.44492,-0.100083,-0.0173039,-0.689487,0.717142
7476777737294,-0.9695767557873736,1.621097133739531,1.440573848715272,-0.09609314560619864,-0.030809197571460695,-0.6877743070198951,0.7188764868291436
7476811030594,-0.9601146509534432,1.6219121781975943,1.436327457557857,-0.09208261113924154,-0.04430898904805781,-0.6859193962995013,0.7204665765984194
7476844314994,-0.9505594749574585,1.6225325859799133,1.4321841406416196,-0.08805371107846492,-0.057795450430769085,-0.6839230209268414,0.7219110272887638
7476877605894,-0.9409131089259221,1.622956537083505,1.428143632912844,-0.08400544183201958,-0.07127207551036444,-0.6817846704555082,0.7232102323162515
7476910899894,-0.9311828660759651,1.6231819349330452,1.424207972244378,-0.0799390713272587,-0.08473473765892119,-0.6795049294608031,0.7243637345613587
7476944183594,-0.9213791212024834,1.6232069487035756,1.4203802046625533,-0.07585710759253785,-0.09817528286323148,-0.6770852174445076,0.725370885396252
7476977471894,-0.911504,1.62303,1.41666,-0.0717586,-0.111597,-0.674525,0.726232
7477010762494,-0.898460860109661,1.6199271338232828,1.4259379307937967,-0.08970104306051488,-0.07583530173944014,-0.6789256014110174,0.7247501346206375
7477044051994,-0.8849300986946,1.6177994980584793,1.434852732398657,-0.10750852916649783,-0.03995853822207571,-0.6822313907258455,0.7220841785331473
7477077340094,-0.8709975283469531,1.6166802710614299,1.4433917046668026,-0.12515241354503603,-0.004025379367149694,-0.6844366574393026,0.7182389098747836
7477110630294,-0.8567499011547731,1.616596094630313,1.4515455768910623,-0.14260629355756574,0.03190952983363244,-0.6855375968823693,0.7132204639550916
7477143918994,-0.8422789903874424,1.6175670149656856,1.459305867887142,-0.15984031684320749,0.06778389298112299,-0.6855318412348027,0.7070378431293535
7477177208194,-0.8276756095721567,1.619606203558474,1.4666680858051964,-0.17682790456815992,0.10354156373798287,-0.6844190078786345,0.6997011207645394
7477210498494,-0.813032,1.62272,1.47363,-0.193542,0.139125,-0.6822,0.691222
7477243788594,-0.8009528464244986,1.6333751583097393,1.466361909081039,0.21511157030356604,-0.1685747963602128,0.6811229083415103,-0.6792504207477897
7477277076294,-0.7897382555988987,1.6450641873960834,1.459002729782177,0.23635068904814371,-0.1977809351817182,0.6790431471350244,-0.6662743112217926
7477310366894,-0.7794629346852331,1.6577219771863752,1.451572915056262,0.25723152381599473,-0.2267048140099977,0.6759641522899383,-0.6523107658769239
7477343686894,-0.770191104406255,1.6712871782332093,1.4440885801162353,0.27773936231212903,-0.255326060981179,0.6718869336536945,-0.6373675529800079
7477376948794,-0.7620106898586417,1.685645070454667,1.4365918589765905,0.2977907135471344,-0.28352753596511027,0.6668298483581718,-0.6215068628850846
7477410234694,-0.7549583824548832,1.700747063199136,1.4290869194649112,0.3174062077826806,-0.3113375433791415,0.6607897484674632,-0.6047140991112792
7477443528994,-0.749091,1.7165,1.4216,-0.336547,0.338701,-0.653777,0.58702
7477476813894,-0.7476384113020645,1.717824407940091,1.419780106865699,0.32997179650249736,-0.32092970706962654,0.6606863462375402,-0.5929724180165612
7477510101894,-0.7461236045131318,1.7190943945571555,1.4179892972951786,0.3232475072824589,-0.3030158657311368,0.6673098072774588,-0.598656876066923
7477543397994,-0.744548942256408,1.7203075493894309,1.4162275537927,0.3163760119646238,-0.28496487425633915,0.6736455804805669,-0.6040719091237642
7477576681894,-0.7429181173321582,1.7214606738582936,1.4144961261289972,0.3093644038783157,-0.26679582392881557,0.6796870347740795,-0.6092119407129002
7477610001994,-0.7412315201652014,1.722553013750251,1.4127926543938039,0.3022052791536707,-0.24849028980011753,0.6854399392595287,-0.6140819446902825
7477643265394,-0.7394968114992948,1.7235793310057064,1.4111219296836508,0.2949217299981112,-0.23010757962616418,0.6908859601077807,-0.6186665217218884
7477676550094,-0.737713,1.72454,1.40948,-0.2875,0.211613,-0.696036,0.622975
7477709839594,-0.7468843360277938,1.71959983264272,1.414918865431853,0.2665814056179063,-0.20570985907242315,0.702374175042302,-0.627127041589526
7477743128994,-0.7562697269675958,1.715192730307575,1.4206864400188985,0.24552168091575655,-0.19969976595656944,0.708348994965158,-0.6309364540181867
7477776418094,-0.7658399492351037,1.711327235136538,1.4267855075191092,0.2243319839322012,-0.1935862056085147,0.7139571087436265,-0.6344011261477883
7477809708194,-0.7755658423753059,1.7080105648881059,1.4332184647272213,0.20302262122277778,-0.1873724663155975,0.7191956875465736,-0.6375193621789492
7477842997394,-0.7854169998177037,1.705249073183748,1.4399864126927906,0.181606009370509,-0.18106248388012605,0.7240615863244909,-0.6402893513880578
7477876285394,-0.7953632218690385,1.7030476916489523,1.4470900402485927,0.1600936089906019,-0.17465995535014775,0.72855214543334,-0.642709660532597
7477909574794,-0.805375,1.70141,1.45453,-0.138495,0.168168,-0.732665,0.644779
7477942864994,-0.8176979065059578,1.6961622561671028,1.4512450981337703,0.1306080807414744,-0.15608549187369153,0.7267577143089773,-0.6560503587103412
7477976155094,-0.8300708070026955,1.6911675863552382,1.4479225397611502,0.12266398219576001,-0.14395774474647424,0.7205759810089694,-0.6670831813142563
7478009442394,-0.8424851783239774,1.686426413703832,1.4445569543153092,0.11466658417500064,-0.13179035013935655,0.7141227196166039,-0.6778728637518754
7478042733194,-0.8549358174410941,1.6819375466051347,1.4411421212618274,0.10661757482656424,-0.11958555833852842,0.7073989300153747,-0.6884175628120389
7478076026794,-0.8674148883386154,1.677700495645105,1.437672586117246,0.09852033488919323,-0.1073481799289993,0.7004070093648891,-0.6987131980374957
7478109312594,-0.8799108130423207,1.6737155450806087,1.434144034259125,-0.09038069835110005,0.09508668823459028,-0.6931516768377118,0.7087528511288076
7478142601294,-0.89242,1.66998,1.43055,-0.0821993,0.0828017,-0.685633,0.718536
7478175896094,-0.8933339235712174,1.6664066016739663,1.4378706939797226,-0.08808452369375568,0.07829554788940053,-0.6773944956889606,0.7261181867138722
7478209180494,-0.8943851181325734,1.6630137684722188,1.445260796380463,-0.09395549018839791,0.07378030860084173,-0.6690361569210972,0.7335662564884453
7478242468694,-0.8955754955627855,1.6598010253796371,1.4527173781828393,-0.09981370886987624,0.06925485681511565,-0.6605561796574898,0.7408822590975301
7478275763694,-0.8969066376124628,1.6567690626043134,1.4602350359681935,-0.1056586812168325,0.06471955594010238,-0.6519552980810982,0.7480654459781058
7478309047894,-0.8983791248860582,1.653920210411355,1.467803641050996,-0.1114863020333722,0.06017758194522419,-0.643239657332289,0.7551107245465323
7478342337394,-0.8999948451455227,1.6512536723385653,1.4754206616816252,-0.11729837849928582,0.05562751745549945,-0.6344066688820138,0.7620202413198768
7478375632594,-0.901755,1.64877,1.48308,-0.123094,0.0510701,-0.625458,0.768793
7478408916494,-0.8905467398060197,1.65335681140642,1.4834171526542117,-0.13946307912268419,0.05592231600363581,-0.622335485811707,0.7681935219942408
7478442206194,-0.8794915517293842,1.658282892671582,1.4838851175854106,-0.15579467697103386,0.060752523132616996,-0.619024370042329,0.7673630033134317
7478475495494,-0.8686039125512307,1.6635426543922716,1.4844806703605664,-0.17208075532415712,0.06555835103647563,-0.6155259296528917,0.7663016026222244
7478508784594,-0.8578959306593265,1.669130966431374,1.4852004854744518,-0.18831648105411958,0.07033839058240983,-0.6118411226466588,0.7650097087045016
7478542072994,-0.8473797199710774,1.6750421867856564,1.4860410691765384,-0.20449669517148175,0.07509114175162242,-0.6079710421278266,0.7634878086966316
7478575363794,-0.8370660461176798,1.6812709603057774,1.4869988817646045,-0.22061799850325847,0.07981562580240556,-0.6039164001858628,0.7617362707661594
7478608651794,-0.826968,1.68781,1.48807,-0.236673,0.0845097,-0.599679,0.759756
7478641940994,-0.8295531905320868,1.6912407708344053,1.4902847148461806,-0.2394486958656493,0.09098836564585885,-0.5872617254562265,0.767794962981336
7478675231094,-0.8321872685311602,1.6947447659183268,1.4923614164210888,-0.24216016039382426,0.0974384177459087,-0.5746851606079606,0.7756295363394909
7478708520494,-0.8348707190069398,1.698316995181203,1.494297749084515,-0.24480645141859123,0.10385781836194591,-0.5619532633574816,0.7832572276786285
7478741809194,-0.837604093989028,1.7019525584685145,1.4960916165776985,-0.24738678892297208,0.11024485427435912,-0.5490694644699513,0.7906760221222642
7478775099494,-0.8403880835004364,1.7056467450432446,1.497741183182956,-0.24990058210208982,0.11659826016854143,-0.5360363302276369,0.797884451200043
7478808392494,-0.8432232316631597,1.7093946594299736,1.4992446750715125,-0.2523471523858462,0.12291654409668736,-0.5228569044809367,0.8048807957124424
7478841677494,-0.846109,1.71319,1.5006,-0.254725,0.129196,-0.509539,0.811661
7478874968094,-0.8335790120479101,1.713602399669382,1.4983552944387193,-0.2641114906154957,0.13727205570273746,-0.524774927405924,0.7975040932898795
7478908262594,-0.8210666788957945,1.7143681790672063,1.4959323722713371,-0.27334679163844305,0.14525597058260115,-0.5397091237755176,0.7828769355553523
7478941566694,-0.8085818675861303,1.7154932638623275,1.493344887496961,-0.2824272643835332,0.15314437749335283,-0.5543350301015537,0.7677853309209006
7478974834394,-0.7961536634579937,1.7169803891321758,1.4906111506698063,-0.29133552948304625,0.16092189494222622,-0.5686240880644517,0.7522595293260878
7479008129894,-0.7837698284295344,1.7188361495787738,1.4877408457999242,-0.30008390325861894,0.16859903241185964,-0.5825954424060179,0.7362788654868433
7479041414694,-0.771456331651557,1.7210616782835235,1.484752403028796,-0.3086573006315955,0.17616236255717593,-0.5962243227730385,0.7198708562783485
7479074703894,-0.759219,1.72366,1.48166,-0.317055,0.183611,-0.609509,0.703038
7479107998594,-0.7570679779102756,1.7223605418027155,1.4750953044726152,-0.307379539390706,0.17417353617157338,-0.6180706088158585,0.7022607212278366
7479141318594,-0.7549192903250571,1.7210335742900589,1.468519818395108,-0.2976146642825094,0.16469654038429818,-0.626489208545649,0.7012929721345416
7479174573094,-0.7527799267338341,1.719683315835519,1.4619508034030888,-0.2877893502804581,0.15520840993152324,-0.6347397105119237,0.700137943016174
7479207860394,-0.7506446842131194,1.71830640938971,1.4553681959976694,-0.2778769933682259,0.14568370812195183,-0.6428445038863259,0.698792943272624
7479241150694,-0.7485165983943838,1.7169046841480775,1.4487772361972466,-0.2678886863244377,0.13613348892788626,-0.6507938985240956,0.6972593682235451
7479274443094,-0.7463968276712196,1.7154788507708723,1.4421774728160053,-0.25782704726908273,0.12656057987378871,-0.6585854943766081,0.6955377631122808
7479307728994,-0.744287,1.71403,1.43557,-0.247697,0.11697,-0.666215,0.693629
7479341018994,-0.7628094346503272,1.7071267037906943,1.4453514443483773,-0.2274744359777882,0.09902907988775608,-0.6549619109379816,0.713774136217921
7479374307594,-0.7817820011379569,1.7017415256947797,1.4552282158998466,-0.20696713373082937,0.08098069701614348,-0.6428683162553851,0.7330259614918089
7479407597894,-0.8011156983645804,1.6979003169815974,1.4651401590691426,-0.18619982066230645,0.0628456114940221,-0.6299482587879288,0.7513622609309868
7479440887794,-0.820716826786832,1.6956219353257038,1.47502530495394,-0.165200682583584,0.04464745786030529,-0.6162185464340892,0.7687587671117568
7479474175494,-0.840490547673868,1.694916943499596,1.4848218207672434,-0.14399805933565885,0.026409780441840166,-0.6016970965065016,0.7851927702546833
7479507466294,-0.860345476780879,1.6957879610483093,1.4944702975000566,-0.12261600117855209,0.00815226104851025,-0.5863996663561206,0.8006461691610152
7479540758894,-0.880186,1.69823,1.50391,-0.101083,-0.0101018,-0.570346,0.815099
7479574043694,-0.8784959176506771,1.698323412884735,1.5034057455902952,-0.10752820398741147,0.010885226744403603,-0.5706020541930329,0.8140838365528797
7479607333994,-0.8767460408139356,1.6984074298422598,1.5029141350796318,-0.11391665676933158,0.03187205036822246,-0.5705881143212516,0.8126723641856799
7479640660994,-0.8749340087376634,1.6984842105074975,1.5024331190888056,-0.12025123648252374,0.05286812503147967,-0.5703035472425416,0.8108627907868595
7479673912694,-0.8730655260851871,1.6985556146690794,1.5019626644142337,-0.12650784136241774,0.0737927409398609,-0.5697500166684208,0.8086626713066074
7479707201894,-0.8711339847880996,1.6986240083238167,1.5014995079438358,-0.13270491720915029,0.09470675372780597,-0.5689264701102774,0.8060661929114215
7479740496394,-0.8691408807843487,1.6986914398769122,1.5010424444942296,-0.13883348764887843,0.11557971042715248,-0.5678336771921599,0.8030762780030638
7479773780994,-0.867087,1.69876,1.50059,-0.144888,0.136392,-0.566473,0.799696
7479807079194,-0.854736037236566,1.6981755910865226,1.4944376963413109,-0.15795309195514234,0.14727820650388726,-0.5695647998739303,0.793067392707189
7479840364794,-0.8424471171761821,1.6981697259556445,1.488224254541213,-0.1709543991921146,0.1581178214157166,-0.5724570720998283,0.7861718950398207
7479873649094,-0.8302363243143466,1.698740400406593,1.4819549012090267,-0.18389177984913133,0.16891081155475093,-0.5751498731636364,0.7790093545289988
7479906938794,-0.8181214080433499,1.6998854066865032,1.4756357281518127,-0.19676330471859513,0.17965565946536238,-0.5776429152949646,0.7715806557631014
7479940226994,-0.80612495955668,1.7016013932916592,1.469275458428904,-0.20956179671298242,0.19034646216276677,-0.5799349231875173,0.7638897581248446
7479973517794,-0.7942654153402283,1.7038846027574401,1.4628807775486707,-0.2222843570036,0.2009808820540044,-0.5820255154389183,0.7559382574379683
7480006806994,-0.782564,1.70673,1.45646,-0.234925,0.211554,-0.583914,0.74773
7480040111994,-0.7838467508158146,1.7066556100952515,1.462671503593281,-0.2474914791759448,0.20268822451234267,-0.5920361176360055,0.7397017552999472
7480073385794,-0.7852476277459328,1.7063765479459392,1.4688165752832127,-0.2599577703153163,0.19374689022429528,-0.5999271149076658,0.7314174984095394
7480106673494,-0.7867655800638038,1.705893774823153,1.4748947206885525,-0.27233638261046145,0.1847213074567105,-0.6075946689616956,0.7228690417547701
7480139963894,-0.7883971562680138,1.7052087806107248,1.4808950719709921,-0.28461872314605613,0.17561791058156032,-0.6150330870195443,0.7140622058258549
7480173252694,-0.7901389569098776,1.7043234199305108,1.4868081934734427,-0.2967988762427498,0.16644136114393215,-0.6222385401850822,0.7050013471405101
7480206541794,-0.7919877180529905,1.7032397244653374,1.4926258986725247,-0.30887325535970683,0.15719465974212324,-0.6292086845821937,0.6956892857579461
7480239832394,-0.79394,1.70196,1.49834,-0.320838,0.147881,-0.635941,0.686129
7480273172794,-0.7944557771900601,1.7098826491676313,1.4945822744548907,-0.32764181976511264,0.16613256643017443,-0.627217378147885,0.6867671867974054
7480306410094,-0.7952765350815726,1.7177184215262498,1.4906527759037902,-0.3342658639373646,0.18425450530107948,-0.6182333372530566,0.6870983555441026
7480339700194,-0.7964047804174312,1.7254894024986551,1.4865380388932685,-0.3407384817635426,0.20232387269330784,-0.6089517176889935,0.6871245470127542
7480373023894,-0.7978398544672712,1.7331761109266963,1.4822446348964118,-0.34705226327718003,0.22032182074480536,-0.5993811639538373,0.6868444089859245
7480406278994,-0.799575128089088,1.7407406238064647,1.4777912169128393,-0.3531851461063226,0.2381852428023707,-0.5895559801536279,0.6862592723935513
7480439568594,-0.8016132216670618,1.7481922517667792,1.4731697699291586,-0.35915352241210624,0.25596165884336813,-0.5794507678472479,0.6853679188453183
7480472862794,-0.80395,1.75551,1.46839,-0.364949,0.273627,-0.569079,0.684171
7480506148294,-0.7937464208273032,1.7664823508717526,1.475670117140289,-0.37950647684536437,0.2918456475891352,-0.5566540479115606,0.678923576670726
7480539435894,-0.7841018598886916,1.7780878203426298,1.4827374461570442,-0.39380523673788104,0.3098446250824848,-0.5438355514723681,0.673169099691943
7480572730794,-0.7750476207391878,1.7902951224291683,1.489585532744667,-0.40783722934391764,0.327613122317464,-0.5306301920821666,0.6669108153998722
7480606015494,-0.766619226316675,1.8030626661154663,1.4962040258783216,-0.4215851973065621,0.3451285354691395,-0.5170541849902055,0.6601569398264542
7480639304594,-0.7588418485475535,1.8163591663432663,1.5025898078326956,-0.4350455177480924,0.36238550305377326,-0.503111163297278,0.6529098728227485
7480672593094,-0.7517439019742165,1.830144445611352,1.5087365130461643,-0.448206592122382,0.37936847649682065,-0.4888129067196973,0.6451762178217378
7480705883794,-0.74535,1.84438,1.51464,-0.46106,0.396066,-0.474168,0.636961
7480739173194,-0.7474922847844244,1.8386441170649075,1.5130199922979004,-0.4510874573582249,0.3883803157238695,-0.48373696151987106,0.6416224654980855
7480772462894,-0.749830940204118,1.8329757839963996,1.511367312370565,-0.44099310779798495,0.38058783269512453,-0.4931749542992171,0.6461086943626962
7480805751794,-0.7523637705048674,1.827381641884426,1.5096834038870097,-0.43078020914273807,0.3726911010364043,-0.5024793073277694,0.6504185577969135
7480839039994,-0.7550884446166103,1.8218680432029226,1.5079696857761666,-0.4204515091986722,0.36469226606922917,-0.5116475437180549,0.6545508922071154
7480872331494,-0.7580027782982808,1.8164406229577748,1.506227403649146,-0.4100085558131682,0.35659254481864094,-0.5206782718191669,0.658505032930783
7480905619194,-0.7611034056427579,1.811106729354487,1.504458414934421,-0.39945641101142837,0.3483958844655393,-0.5295671290710975,0.6622790493415439
7480938908194,-0.7643878379034484,1.805871626591875,1.5026639667551618,-0.38879633281378456,0.3401032846518226,-0.5383130916274073,0.6658724973612717
7480972198394,-0.7678529430805233,1.8007413259835385,1.5008456042912766,-0.37803123233885794,0.331717030133612,-0.5469137543362702,0.6692843525837928
7481005489794,-0.7714954012711391,1.7957217099076594,1.499004893963602,-0.3671640180987457,0.3232394074043768,-0.555366777412046,0.6725136518030027
7481038776094,-0.7753109607297849,1.7908194577053624,1.4971437810948767,-0.35619971096146774,0.31467435772405195,-0.563668304065855,0.675558922295787
7481072066694,-0.7792969720811559,1.7860388037205301,1.4952633570253921,-0.345138191521365,0.3060218113966427,-0.5718184410641753,0.6784201870241005
7481105362594,-0.7834497220583609,1.7813851489078667,1.4933651947775988,-0.33398208638552856,0.29728384115128964,-0.5798151649531728,0.6810966585252267
7481138661894,-0.7877649501786286,1.776864163779555,1.4914510534304224,-0.32273502192365877,0.2884633068652581,-0.587655797348062,0.683587368270881
7481171937794,-0.7922347772622172,1.7724845706872743,1.489524161104765,-0.3114091777697691,0.27956979488812395,-0.5953320527977983,0.6858897875741614
7481205229694,-0.7968600105817549,1.7682461932281974,1.4875839306379892,-0.2999942440317772,0.27059523773094685,-0.6028509992214768,0.6880060636381063
7481238522794,-0.8016341122891925,1.7641559271341098,1.4856329189790611,-0.28849832455563656,0.26154602340960403,-0.610207138122239,0.6899345207712688
7481271802394,-0.8065501327804361,1.7602202326790468,1.4836737089190914,-0.27692965438040484,0.25242866578834966,-0.6173953259295218,0.6916738731030997
7481305097894,-0.8116075122001395,1.7564402222581135,1.4817062951838016,-0.26528114159490884,0.24323760067258812,-0.6244199526797739,0.6932251497374669
7481338381894,-0.8167970485917609,1.7528234374716587,1.4797340300338289,-0.25356551335146704,0.23398289416658793,-0.6312733080609266,0.6945866009404794
7481371671294,-0.8221161264288087,1.749372221656077,1.4777576548981193,-0.2417800154653195,0.224662400686342,-0.6379570671580699,0.6957585862226303
7481404959494,-0.8275583619926629,1.7460913337391997,1.4757793072863366,-0.2299301652227733,0.21528050838467747,-0.644468067562578,0.6967405052976463
7481438250294,-0.8331188960486625,1.7429842687998764,1.4738005106501517,-0.21801781673431392,0.20583871233122472,-0.6508052832036968,0.6975321780723686
7481471540594,-0.8387916055711752,1.7400550021430874,1.4718231998806524,-0.20604730126572646,0.1963404723749576,-0.6569663960640334,0.6981332845462427
7481504827494,-0.8445702390960521,1.7373072331640587,1.4698492965933698,-0.19402291469202043,0.18678922736137848,-0.6629492367084303,0.6985436297496829
7481538118194,-0.8504501948534854,1.7347436495903512,1.4678801209973986,-0.18194531302688968,0.17718552683410932,-0.6687534805096667,0.6987631747983527
7481571407194,-0.8564245479500169,1.7323677703656197,1.4659177415738749,-0.1698197581873074,0.1675335830826861,-0.6743765843362642,0.6987917935749066
7481604730794,-0.8624938765195216,1.7301801620626684,1.4639617679524866,-0.15763624691184733,0.15782544794535922,-0.6798228905844619,0.69862921430311
7481637985294,-0.868633,1.72819,1.46202,-0.145436,0.148094,-0.685074,0.698276
7481671274794,-0.8605330456024327,1.7275182289706765,1.4562542050153082,-0.14979800750111602,0.1514589603919257,-0.6871038232153166,0.694628732769231
7481704565394,-0.8524294831141547,1.7269998232934916,1.450481697147522,-0.1541495368693605,0.1548204461936364,-0.6891009948349164,0.6909474427486461
7481737857994,-0.8443239123268944,1.7266348598950616,1.4447033880604485,0.15849053904613658,-0.15817842824600928,0.6910657562848486,-0.6872324602061064
7481771142994,-0.8362204904642726,1.7264234459684955,1.4389220147129542,0.16281954380984523,-0.16153176184483603,0.692997475921994,-0.6834850286835861
7481804433794,-0.8281177750043515,1.7263654957088412,1.433136319978789,0.16713807441549278,-0.16488162006714274,0.694896862406964,-0.6797038075968624
7481837728494,-0.8200180497456528,1.7264610627722683,1.4273477031260073,0.17144565957496774,-0.16822763285986614,0.6967637227652842,-0.6758891654654131
7481871011194,-0.811927,1.72671,1.42156,-0.17574,0.171568,-0.698597,0.672043
7481904301594,-0.8078448348657604,1.7258028333907793,1.4193169649110675,0.17940788327683968,-0.16955011767580688,0.7046667768561964,-0.6652144786528205
7481937636894,-0.8037456057203828,1.724958133136591,1.4170616943958438,0.18305981290423917,-0.1675125807086118,0.7106744484601458,-0.6583087941913534
7481970882094,-0.7996460937956386,1.724179366827684,1.414804589840172,0.1866806974953037,-0.1654638787437409,0.716595331901233,-0.6513548589755858
7482004170094,-0.7955300964591773,1.7234634365305355,1.4125378977576362,0.1902846875450234,-0.1633960363872498,0.7224526488130292,-0.6443257275647678
7482037463894,-0.7914023294425215,1.7228114038886417,1.4102653785625576,0.19386736278129602,-0.16131149656583704,0.7282391414354538,-0.6372297855603336
7482070748194,-0.787264860507551,1.722223658605031,1.4079893347124308,0.19742671557833744,-0.15921140226007957,0.7339515785142253,-0.6300710291410059
7482104037994,-0.783116,1.7217,1.40571,-0.200964,0.157095,-0.739592,0.622847
7482137325894,-0.7903315288572442,1.7172050658602984,1.405581947156311,0.20430205963637077,-0.15397960944648037,0.7413678719475298,-0.6204229418284252
7482170616394,-0.7975503751652877,1.7127141225165405,1.4053632354979095,0.20763618370622441,-0.1508589720390853,0.7431198556035176,-0.6179819301395735
7482203906994,-0.804771321712049,1.7082282145081225,1.4050538592692619,0.21096602096441713,-0.14773342333583164,0.744847733755753,-0.6155241889209847
7482237193894,-0.8119928676933491,1.7037485588396648,1.4046538681194276,0.2142910997389229,-0.14460342919250682,0.7465512609130251,-0.6130500694622122
7482270484594,-0.8192159622884201,1.6992748508241593,1.4041631817295321,0.21761207714743436,-0.14146839306853187,0.7482307692450301,-0.6105590828062238
7482303772894,-0.8264385814601252,1.6948086272542169,1.4035819068478554,0.2209282422749425,-0.13832900686158772,0.7498858938190671,-0.6080517608536053
7482337063194,-0.833661,1.69035,1.40291,-0.22424,0.135185,-0.751517,0.605528
7482370353194,-0.8311775858476833,1.6863641106764953,1.4038305435711902,0.23325449028983442,-0.1486435559746653,0.7523848720137599,-0.5978414843348312
7482403641394,-0.8285582729371861,1.6824636042262504,1.4047014897703627,0.24219668369697683,-0.1620514344169603,0.7530097749118704,-0.5899630309576749
7482436931294,-0.8258060598049142,1.678653138417468,1.4055230548883557,0.2510645854809753,-0.1754057158078664,0.753391333235222,-0.5818942410655485
7482470243894,-0.8229225120678524,1.6749353665017597,1.4062958939073,0.2598608501073762,-0.18871048286015946,0.7535293522699552,-0.5736324672713176
7482503508994,-0.8199174578169729,1.6713228419961612,1.407018689567247,0.2685642000448387,-0.20193351031545662,0.7534237247211398,-0.5651980351109489
7482536799994,-0.8167881585655855,1.6678121951959486,1.4076934059235462,0.2771911136246008,-0.21509980178477245,0.753074444483516,-0.5565752805017027
7482570099394,-0.81354,1.66441,1.40832,-0.285734,0.228198,-0.752481,0.547771
7482603377394,-0.7972881202780783,1.6624425644018064,1.4100465008616287,0.29856679793817953,-0.24307207447642423,0.7422268149842963,-0.5485190870853422
7482636667694,-0.7809752755317388,1.6611769781770247,1.4119528868918412,0.3112561243699025,-0.25783351303616187,0.7316040295930794,-0.5489964011547142
7482669991894,-0.7646211052140875,1.6606181628882244,1.4140303925033175,0.3238038253043903,-0.2724844803702021,0.7206106343575205,-0.5492026987611013
7482703249894,-0.7483050763916365,1.6607696454274472,1.4162618513521044,0.3361663012283237,-0.2869739455089567,0.7092855906584168,-0.5491376179081444
7482736536594,-0.7320109258619365,1.661632139336311,1.4186423703470585,0.3483730436740903,-0.30133633538673177,0.697602772448342,-0.5488014279220969
7482769830494,-0.7157794835774821,1.6632063186823638,1.4211593628762786,0.3604099236792189,-0.3155550701549304,0.685574927391244,-0.5481940382251044
7482803114894,-0.699649,1.66549,1.4238,-0.372265,0.329616,-0.673214,0.547316
7482836403294,-0.6689261835082261,1.6746988434095473,1.4271112365540566,0.4080514151393466,-0.36023218371037524,0.6448972011872176,-0.5365020189364852
7482869692694,-0.639936328831842,1.6870295800471866,1.431007694196731,0.44254544307584454,-0.3897334943233234,0.6145532858682501,-0.5240091535878678
7482902982794,-0.6130189340804479,1.7022870099466794,1.4353848971252683,0.4756384279682097,-0.41802738801999745,0.5822782651380705,-0.5098756815665046
7482936328894,-0.5884486694157193,1.720271315290866,1.4401404310915427,0.5072776041110743,-0.4450690227430992,0.5481158108860198,-0.4941174508339005
7482969560394,-0.5666276524421375,1.7406182405312403,1.4451339613363436,0.5372061952034591,-0.47063916435366465,0.5123529810140521,-0.4768675955205193
7483002850994,-0.5476847441222855,1.7631323270594779,1.4502726278892002,0.5654907476318818,-0.4947948064720595,0.4749201012209977,-0.4580930159773778
7483036140694,-0.531874892389265,1.787456090830288,1.4554274959135847,0.5919872747884626,-0.5174129754334519,0.43599845190527237,-0.4378815242480978
7483069429894,-0.5242906401538823,1.8125615442200986,1.4578784411177452,0.632028460320981,-0.5502460872362963,0.38419800967971773,-0.3875063330883507
7483102719094,-0.522077832453483,1.8383247122821098,1.4604248615582067,0.6670881086647106,-0.5787158708003303,0.32936037230431325,-0.3340705633807309
7483136007694,-0.5252691140332904,1.8637881739034712,1.462985714476439,0.6968884983886022,-0.6025971507491358,0.27191866717806384,-0.27799880064994487
7483169298894,-0.5337277085926455,1.888006714768321,1.465479477610515,0.7211962146036569,-0.6217033860360732,0.2123198591721722,-0.2197298278198626
7483202587194,-0.5471486124812152,1.910068087987749,1.4678257317057293,0.7398148494815192,-0.6358809484004542,0.15104353933354037,-0.15973495914662314
7483235875894,-0.5650726475971081,1.9291343742706244,1.469948950069667,0.7525992661728947,-0.6450203186151885,0.08856686519937601,-0.09848372209830837
7483269166294,-0.586899,1.94446,1.47178,-0.759448,0.64905,-0.0253799,0.0364588
7483302460994,-0.5820057327336856,1.9434968639296872,1.4700176049871323,0.7633764340226722,-0.6454649552257343,0.01988477898669999,-0.015362523195097528
7483335744294,-0.5770612275046461,1.9427360656393498,1.4681454144626365,0.7669177041452307,-0.6415589433427749,0.014370141217284235,0.005732043868098458
7483369034394,-0.5720727624708098,1.9421803618918194,1.4661640397566023,0.7700716722821371,-0.6373318754323506,0.008835802124291633,0.0268258962067635
7483402329894,-0.5670505851556146,1.941832691133058,1.4640753351395628,0.7728362427976834,-0.6327860728595764,0.0032848340200483227,0.04790759520969352
7483435613894,-0.562007376893693,1.9416955543750374,1.461882433951491,0.7752085682262793,-0.6279264075044084,-0.002277079416174383,0.06895590922105303
7483468902694,-0.5569508449628551,1.9417707787014375,1.4595865471068705,0.7771885752221933,-0.6227532294391556,-0.007849783926074987,0.08997063220581349
7483502197494,-0.551891,1.94206,1.45719,-0.778775,0.617269,0.0134306,-0.110942
7483535481994,-0.5574699376969263,1.956664877907554,1.4585637972325263,0.7715297281900453,-0.6219147611928281,-0.0334824150244237,0.1297799530497477
7483568769794,-0.5638782459856738,1.9709461906975072,1.4596981237507225,0.7636434068023323,-0.626042077304308,-0.05350418730842591,0.14851722671898862
7483602058894,-0.5710941277634208,1.9848545254651804,1.4605898770354742,0.7551230377501812,-0.6296470075163253,-0.07347814944653247,0.16713708546755293
7483635349594,-0.5790934865384609,1.9983427024046558,1.461236875130058,0.7459756600532526,-0.6327263747653578,-0.0933879585920317,0.1856241861245874
7483668639694,-0.5878489625992045,2.0113639496603906,1.4616377387693966,0.7362095687549656,-0.6352772494436775,-0.1132158370846209,0.20396191175347356
7483701926994,-0.5973304889577578,2.0238731720199845,1.4617919900384067,0.725833734835052,-0.6372972834180061,-0.13294410141617494,0.22213380612161396
7483735217494,-0.607508,2.03583,1.4617,-0.714855,0.638785,0.15256,-0.240128
7483768508194,-0.6203214727340006,2.0638696340896105,1.45340263549577,0.7105419098213243,-0.6353713706702505,-0.16283661498585875,0.25478942784193276
7483801824194,-0.634226741908383,2.0914169319646474,1.4451585810405816,0.7059756647397851,-0.6317323696037469,-0.17306596312308675,0.2693710199675012
7483835085494,-0.6491688516854575,2.118366626559145,1.4369921883073922,0.7011691420870193,-0.6278783542784997,-0.18321996605581387,0.283832786076561
7483868374094,-0.6651617009925025,2.1447468019477536,1.4288877799475626,0.6961124530319032,-0.6238014849591165,-0.1933201565357902,0.298205427807217
7483901678394,-0.6821786208536182,2.1705088727767192,1.4208527435664966,0.690808625341235,-0.6195042236522061,-0.203359339246931,0.31247870194988026
7483934953894,-0.700171762450455,2.1955814617956446,1.412902084600112,0.6852667172797537,-0.6149939832035523,-0.2133206092172511,0.32662860330234367
7483968242194,-0.719137,2.21996,1.40503,-0.679482,0.610267,0.223213,-0.340668
7484001532494,-0.7327184173657482,2.2523285491716436,1.411073934400642,0.6789283409045179,-0.6125417507313862,-0.21619778674212994,0.34220962659658133
7484034828094,-0.7460399075735608,2.284856386100915,1.4169677389812836,0.6783323657672163,-0.6147863882944313,-0.20917050793470593,0.34373041315961145
7484068110194,-0.7590945681495384,2.317521968642319,1.4227034022150487,0.677694369700272,-0.6169994307190987,-0.20213549467461037,0.34522932314841076
7484101400594,-0.7718915970512399,2.3503434949290196,1.428280014644382,0.6770140023005651,-0.619182210860377,-0.19508853795375128,0.3467072148111342
7484134697294,-0.7844307026838513,2.383315883421174,1.4336924701852702,0.6762913369631408,-0.621334454740871,-0.18803045132782883,0.3481638583683335
7484167978194,-0.7967043849223312,2.416413941026028,1.4389326239478493,0.6755269341371315,-0.6234546262366268,-0.18096632121829967,0.34959817056751125
7484201269094,-0.808723,2.44966,1.444,-0.67472,0.625544,0.173891,-0.351011
7484234563594,-0.8179918774709045,2.473240105819716,1.4463162315691154,0.6881137778858291,-0.614573075206453,-0.1642119262540972,0.3490469985415927
7484267847594,-0.8266646322800291,2.496938373232208,1.449483146727243,0.7012337120495954,-0.603358428352984,-0.15448081475357123,0.34693740918735644
7484301135794,-0.8347237935444497,2.5207313249563525,1.453491400749244,0.7140807289137515,-0.5918997596204851,-0.14469742928746462,0.34468252220386286
7484334425394,-0.8421480526590189,2.5445828857962405,1.4583290576808217,0.7266485637982314,-0.5802023947566975,-0.1348665710779469,0.3422835868899326
7484367715594,-0.8489177233034972,2.568458254508835,1.463982972895182,0.7389318838847623,-0.5682711130677568,-0.12499247858042255,0.33974180391816905
7484401006194,-0.8550143420681007,2.5923229763386315,1.4704387752662866,0.7509257084779605,-0.5561105894825498,-0.1150792289951447,0.33705839800563814
7484434293394,-0.86042,2.61614,1.47768,-0.762624,0.543727,0.105132,-0.334235
7484467584494,-0.8803693431395853,2.631416862905755,1.4849490569665869,0.7603043683782645,-0.5393851366994835,-0.11822496240964273,0.3420874157227159
7484500874294,-0.9008028522697002,2.6459960423136124,1.4921858896061997,0.7577879418306221,-0.5349064859792519,-0.13128733670295542,0.349851570948142
7484534162094,-0.9216995583278605,2.6598641679885064,1.4993779963044318,0.7550753703858156,-0.5302922604019761,-0.14431546245747282,0.3575253150340157
7484567451994,-0.9430410883575311,2.673010507155724,1.5065139565483447,0.7521670097760565,-0.5255430747951316,-0.15730757211244561,0.36510764672287016
7484600743794,-0.964805983298112,2.6854231542475944,1.5135814715295097,0.7490635837060174,-0.5206601517653886,-0.1702602178896691,0.37259658094687803
7484634030294,-0.9869676282682361,2.6970885983557324,1.5205668546084758,0.745766584856203,-0.5156458196806547,-0.1831672527857078,0.37998861438827103
7484667320894,-1.00951,2.708,1.52746,-0.742276,0.5105,0.196029,-0.387284
7484700608794,-1.0367704736614118,2.7032648977255103,1.522926519825184,0.7361728691110944,-0.5135119311187382,-0.20372846356700253,0.39095999349814875
7484733899094,-1.0638587058517226,2.6980185556071525,1.518078289550532,0.7299812111040942,-0.5164632979703168,-0.21140331647580887,0.39459058664348906
7484767194994,-1.0907647708798467,2.6922613506620094,1.5129202542166678,0.723701074500245,-0.5193539542834297,-0.21905335812991555,0.39817565373759745
7484800476194,-1.1174599721530383,2.685998308945063,1.5074613549371412,0.7173370748716695,-0.5221818067560758,-0.2266730268492991,0.40171260946912524
7484833767294,-1.1439518091980123,2.679226460186099,1.5017034390437898,0.7108852880531633,-0.5249486104494301,-0.2342670552541306,0.4052036653824119
7484867063594,-1.1702242195197181,2.6719482066302263,1.4956530796953127,0.7043473383781191,-0.5276535910338194,-0.24183345039752413,0.4086478888451555
7484900345794,-1.19625,2.66417,1.48932,-0.697728,0.530295,0.249367,-0.412043
7484933635194,-1.2282954004115887,2.6491578524850343,1.487123929403422,0.6812114419263741,-0.5265556104253085,-0.25453024512800887,0.4403459036181632
7484966981694,-1.259446341765586,2.632100970174205,1.4858724381919428,0.6639052099618808,-0.5222131730545223,-0.2594482422191246,0.4681985515603449
7485000213394,-1.2894077625395486,2.613173352362135,1.4855912595310528,0.6459190056857037,-0.5172971615751484,-0.26409092635341114,0.49542735828583767
7485033503594,-1.3182063582959296,2.5923706578021664,1.4862938809841033,0.6271804386179235,-0.5117897746479346,-0.26847810460146027,0.5221450290201494
7485066792094,-1.3456599731067858,2.569823429154349,1.4879945507903531,0.6077418856450613,-0.5057064782178841,-0.2725963681350223,0.5482718106930591
7485100082294,-1.3716503010666916,2.545634795588027,1.4907019951593403,0.5876224944767944,-0.4990543022065006,-0.27644160111398314,0.573781011020398
7485133370694,-1.39606,2.51992,1.49442,-0.566846,0.491842,0.280009,-0.598641
7485166659694,-1.4084412858788893,2.531396200835222,1.4943417389401725,0.5786056042745619,-0.5073783207359854,-0.26138277920487074,0.5826335358390714
7485199950294,-1.420574135755038,2.5434351509870936,1.494091509044573,0.5897976226268961,-0.5224429698218793,-0.24256935869645588,0.5659966553337101
7485233265894,-1.4324333664151452,2.556027125214942,1.493657328447946,0.6004208541394044,-0.5370290354969653,-0.223574348339244,0.548734110214036
7485266527594,-1.443958911707269,2.569120702809467,1.4930298418621257,0.6104428158385774,-0.5510859310923818,-0.2044619026049421,0.5309041302592009
7485299818594,-1.4551486901754627,2.5827251577743993,1.4921980700668762,0.6198817174423399,-0.5646331640918734,-0.18520339495717858,0.5124799985215717
7485333107894,-1.4659618077401555,2.5968036326339226,1.4911539583068907,0.6287211029994747,-0.5776417463562763,-0.16583565239962716,0.49349602217524047
7485366396794,-1.47637,2.61133,1.48989,-0.636955,0.590097,0.146377,-0.47397
7485399687394,-1.472875726694191,2.628608412123827,1.4895504984218881,0.6559708144817371,-0.5889759223707768,-0.13257350900970083,0.45302750261381924
7485432975294,-1.4683097886630907,2.645616201067303,1.48951530821264,0.6743340785911541,-0.5872697071781874,-0.11863388372906185,0.4316408728478165
7485466265594,-1.4626900437346757,2.6622863672485355,1.4897794944226619,0.6920293229492293,-0.5849799822128424,-0.1045697672594513,0.4098280131518566
7485499559594,-1.4560387024380925,2.67855118784484,1.490337014039571,0.7090394005688101,-0.5821089378600331,-0.09039447946202965,0.38760953418004984
7485532843094,-1.4483857069622856,2.6943372168334543,1.4911802235798552,0.7253403029989819,-0.5786609925027476,-0.07612811050337906,0.3650170015112523
7485566133794,-1.4397579058960068,2.709588153648253,1.492301058195517,0.7409245355008945,-0.5746379888002361,-0.06177720151646812,0.342060801456696
7485599429394,-1.43019,2.72424,1.49369,-0.755775,0.570044,0.0473569,-0.318765
7485632710994,-1.4418051833447763,2.730125196847052,1.492037175876407,0.746248128522218,-0.5732931390916298,-0.06543110552748166,0.3319148652546372
7485666001594,-1.4536914610974911,2.7354811637619214,1.490182921357647,0.7362746874442407,-0.5761960825293236,-0.08347970042554341,0.34486054967712404
7485699298994,-1.4658201747663955,2.7402944801215674,1.4881259854536952,0.7258609585165218,-0.5787509594306499,-0.10149060877594901,0.3575931377835235
7485732581094,-1.4781545583933484,2.7445507970907044,1.4858670389871953,0.7150201468572728,-0.5809549342189912,-0.11944105190955613,0.3700964592015852
7485765869794,-1.4906735118979388,2.7482431158985787,1.4834043645417532,0.703751671053029,-0.5828085325685828,-0.13733204685531905,0.3823711662270743
7485799158194,-1.5033449209122383,2.7513618634497434,1.4807385671040552,0.6920643821142038,-0.5843104207510972,-0.15514908477710912,0.3944071306447012
7485832449294,-1.51614,2.7539,1.47787,-0.679964,0.58546,0.172883,-0.406198
7485865736994,-1.5345113915948705,2.743340727115394,1.4727377182744572,0.6683088155424652,-0.5896539339937221,-0.18873378686982467,0.41237255350923885
7485899026394,-1.5523252624405466,2.732063549269808,1.4673279687286753,0.6563674565799952,-0.5935670507175494,-0.2045120636628926,0.41837152635130825
7485932316594,-1.569550093243193,2.72008609293232,1.4616587517279027,0.6441457257624218,-0.5971975961464207,-0.2202106540755219,0.4241916818733844
7485965605794,-1.5861549823925087,2.7074277081828426,1.4557486588995057,0.6316498504987366,-0.6005438349787765,-0.23582198257499104,0.42982968856083975
7485998894094,-1.6021111105855053,2.694108370814224,1.4496163399206579,0.6188854977897158,-0.6036043948875578,-0.2513394105537519,0.4352826389835614
7486032184894,-1.6173922380811951,2.6801478552377604,1.4432801349847224,0.6058571411441128,-0.6063782959536871,-0.26675785942363506,0.44054821660824545
7486065474594,-1.63197,2.66557,1.43676,-0.592572,0.608864,0.282069,-0.445623
7486098763694,-1.624746669283501,2.6646576849003507,1.4443517141112971,0.6075560828261183,-0.606222110715793,-0.2682464810901148,0.4375090674295131
7486132053194,-1.6174119450169895,2.6633407161108997,1.4518100069018036,0.6222524150614243,-0.603278295658485,-0.2543135928635679,0.4291641019731754
7486165341394,-1.6099846448885649,2.661616461338553,1.4591277182931985,0.6366533190336428,-0.6000337681607829,-0.24027799647053968,0.4205930489705244
7486198631694,-1.6024826331623587,2.6594828340396384,1.4662990516613787,0.6507533740332564,-0.5964893035438642,-0.22614520245344286,0.4117995924589777
7486231925794,-1.594924286570096,2.6569385452698104,1.473318050899635,0.6645464809704779,-0.5926459090515932,-0.21192145030382006,0.4027879094700963
7486265209294,-1.587331773805835,2.653984577775272,1.4801757145722252,0.678020179726894,-0.5885067551545227,-0.19761993686612825,0.3935667612662846
7486298499994,-1.57972,2.65062,1.48687,-0.691175,0.584071,0.18324,-0.384136
7486331795094,-1.5643771996157187,2.658759264735249,1.4832430780903743,0.7018602614011605,-0.577330314193878,-0.17564608100083315,0.37845783914161657
7486365077694,-1.5488926337996938,2.666604194526444,1.4795612917192844,0.7123638605159345,-0.5704526287563534,-0.1680029612505629,0.3726882525474103
7486398368094,-1.5332641441241346,2.674157143464883,1.4758147673249578,0.722689901025779,-0.563435808406317,-0.1603080025916811,0.3668252186885949
7486431664994,-1.5174996666093241,2.681415429316175,1.471996029392888,0.7328352837770074,-0.5562818625910436,-0.15256342562615385,0.3608702500413766
7486464945094,-1.5016178567656508,2.688372211579457,1.4681002783471677,0.7427904619477492,-0.5489977159577213,-0.14477663686973133,0.3548289206495782
7486498248994,-1.485607013522278,2.695034282179789,1.4641153023136455,0.752565034227064,-0.5415763296855383,-0.13694010244154983,0.34869522039520007
7486531524694,-1.4695,2.70139,1.46004,-0.762141,0.534031,0.129068,-0.34248
7486564848394,-1.4891837692696204,2.689519908142329,1.4589268419686285,0.7408956332759988,-0.5390186994511986,-0.16011619657168,0.36728096306494606
7486598103394,-1.5080525429603557,2.676183403597843,1.4574344497721243,0.7181750170068514,-0.5428862056205155,-0.1907620101745568,0.3912915385851454
7486631393194,-1.5260325717436998,2.6614062137206043,1.4556075550049092,0.6939581129799065,-0.5456389073424915,-0.22103885509288773,0.4145384719934748
7486664683094,-1.542977437238629,2.6452782021781123,1.453499027379652,0.6683178932647844,-0.5472659005012492,-0.25085283401678393,0.43694860493703935
7486697972194,-1.558768894868137,2.6278876891391283,1.4511626942467148,0.6413080747703873,-0.5477632222958115,-0.2801424002258333,0.45847534408091983
7486731260794,-1.5732987720722302,2.609332829790494,1.4486541136617452,0.6129842799808782,-0.5471293222822922,-0.3088481898185799,0.4790747048645237
7486764551394,-1.58647,2.58972,1.44603,-0.583403,0.545365,0.336914,-0.498706
7486797841694,-1.599897590455833,2.576282467649369,1.4432086203020356,0.5704245913230739,-0.5432266280952771,-0.34786897651336557,0.5084366148515301
7486831128894,-1.6126767393987755,2.5622546049912303,1.4403836091709012,0.5572303376239203,-0.5408714809717333,-0.35869037307256385,0.5179706634241371
7486864419194,-1.6247879883607461,2.5476584712676758,1.4375642146171264,0.543822684613585,-0.5382998462890913,-0.3693759814044975,0.5273059335397987
7486897708094,-1.6362088317863417,2.5325215461782045,1.4347605625705016,-0.5302086347687659,0.5355130750971691,0.37992030361731594,-0.5364374268411385
7486930997994,-1.6469203394490546,2.5168691389947337,1.4319821512682553,0.5163924957027534,-0.5325120760721349,-0.3903201128967558,0.5453621628674751
7486964291694,-1.6569045718362108,2.5007270173930256,1.4292383963514985,0.5023784255166492,-0.529297741407689,-0.4005723177661843,0.5540772840999341
7486997575294,-1.66614,2.48413,1.42654,-0.488178,0.525873,0.410669,-0.562576
7487030866294,-1.6626966592090797,2.5130733774878395,1.4312981023603875,-0.5244809565584491,0.5463329163337741,0.3761872779434052,-0.5337819804482903
7487064162794,-1.655816964300394,2.5412154125953896,1.4360801759871102,-0.5588479204627063,0.564718989484655,0.34032207639188566,-0.5029536251288528
7487097443494,-1.6456308187020579,2.5681254701690617,1.4408519484698663,0.5911299176237932,-0.5809490347533567,-0.30322996044061673,0.4702289129779375
7487130733994,-1.6323048896719559,2.593429793757401,1.4455858365800704,0.6212323213340444,-0.5949731336654214,-0.26502049034272646,0.4357080591918909
7487164031294,-1.6160588109068597,2.6167541724916377,1.4502504453751124,0.6490388231034148,-0.6067337710935616,-0.22583814142332503,0.3995245561884504
7487197311994,-1.5971696681085032,2.637742396647927,1.4548123171008707,0.6744275371736789,-0.6161777400952883,-0.1858561549632193,0.3618424786771135
7487230602694,-1.5759273747398677,2.6561060835175754,1.4592459906793795,0.6973250012597558,-0.6232761263273625,-0.1451911005789002,0.32277586229631067
7487263891194,-1.5790167494058989,2.6624993211105714,1.4569772520193656,0.6883679992410104,-0.6270530566747593,-0.15790273687603198,0.32866500790748615
7487297180694,-1.5822042273775834,2.6688042647894883,1.4546210793653354,0.6792003697642643,-0.6306597393619362,-0.17055587952803838,0.33446351492866677
7487330471294,-1.5854858939270835,2.6750170666801494,1.4521764903703502,0.6698247753144009,-0.6340949368032737,-0.18314679308054746,0.3401700070255698
7487363759194,-1.5888573161828659,2.6811332643131554,1.4496429187079694,0.6602450744132486,-0.637357083636574,-0.19567029949089074,0.34578248010630924
7487397049494,-1.5923148450938227,2.6871501379893132,1.4470192421635724,0.650462638519041,-0.6404455432994152,-0.20812459649603224,0.35130046155979966
7487430340294,-1.5958540213073722,2.6930637797056542,1.4443049810246231,0.6404808985307053,-0.6433590253340362,-0.22050526626628075,0.35672231593688697
7487463627294,-1.59947,2.69887,1.4415,-0.630304,0.646096,0.232807,-0.362046
7487496917094,-1.6227054549462365,2.67804615253608,1.4420488048478461,-0.6076526909698982,0.6334378181419301,0.2699248467554054,-0.39579706265800335
7487530206494,-1.6434788439072352,2.6547289008273793,1.442524101980623,-0.5830386917314474,0.6187860947447039,0.3061810536158738,-0.4282788989681305
7487563495394,-1.6615249074154128,2.6292114212022337,1.442944065701778,-0.5565405466495875,0.6021878314023591,0.34145846291567117,-0.45938932698656537
7487596786094,-1.676614199961629,2.6018128715949644,1.443328080575796,-0.5282406680420414,0.583694639803413,0.375645438410915,-0.4890325844893502
7487630075594,-1.688552477988396,2.5728806413759853,1.4436963892443577,-0.49823172895560847,0.563366965872493,0.4086283510594524,-0.5171128278586399
7487663363994,-1.6971874893518955,2.542779281426551,1.4440699080319097,0.46660951403861345,-0.54126953671804,-0.44030076483098435,0.5435421662750165
7487696660094,-1.70241,2.51188,1.44447,-0.433466,0.517466,0.470568,-0.568244
7487729942394,-1.7080712879115323,2.4988901307890097,1.4482112862850491,0.4205212366929505,-0.5049028459592856,-0.4803789374045033,0.5809226128586886
7487763232794,-1.713075756896354,2.4856498746895386,1.4520408670392875,0.4073338149389495,-0.49203727952048204,-0.48990274571335246,0.5932737804014965
7487796527194,-1.717410752031126,2.472192781073435,1.4559551489266855,0.39391328889202537,-0.4788781864142893,-0.4991328606704915,0.6052886838606195
7487829811094,-1.7210644642272115,2.458557314253617,1.4599490024617026,0.3802736119836931,-0.46543884207830793,-0.5080601353820834,0.6169550738499674
7487863100694,-1.7240302817372477,2.4447698456184095,1.4640207283264115,0.3664163623831185,-0.45172039584656026,-0.5166839461306878,0.6282717828813983
7487896429394,-1.7263028392485353,2.4308496286668393,1.4681707153463615,0.3523355101224983,-0.4377163357267674,-0.5250074687995667,0.6392427202943518
7487929678494,-1.72787,2.41688,1.47238,-0.33809,0.423485,0.532997,-0.649823
7487962968894,-1.7137131258592555,2.396114332624872,1.4746311291244358,0.2743793172183054,-0.35801506654366655,-0.5653586312240008,0.6905873011510384
7487996296294,-1.6953050242737917,2.379148108372833,1.4765571507244295,0.2075098887458468,-0.28855469988815213,-0.5914944208794979,0.7237473186918015
7488029559094,-1.673596526430607,2.366813541284142,1.4779996450975563,0.13842761387211977,-0.21608685896913116,-0.6110384632737185,0.7488499592699587
7488062837094,-1.649579042937345,2.3596532568006325,1.4788316248635154,0.06773634031743962,-0.14124496160378516,-0.6238307287694324,0.7657002487037237
7488096125294,-1.6243912155248157,2.3580286459507347,1.4789475750043202,-0.0037725467310718817,-0.06486347204163599,-0.6297148947981247,0.7741044174756095
7488129416294,-1.599227402681428,2.3620539068958952,1.4782734775572535,-0.07529129007474909,0.012198878247466651,-0.6286154573827242,0.7739670637358492
7488162704494,-1.57528,2.37159,1.47677,0.146015,-0.0890795,0.62054,-0.765294
7488195993894,-1.562038342733629,2.3652278010164456,1.4814825776204104,-0.15857811385029913,0.09833802223055725,-0.6152349883428392,0.7659428988575131
7488229283894,-1.5487138549638495,2.359352599178554,1.4862674495364376,-0.1710983925184603,0.10756996627267415,-0.6097627076930783,0.7663833784343841
7488262573094,-1.5353226546371823,2.3539676396776468,1.49112006511165,-0.18357188012462594,0.1167724144124284,-0.6041247741187111,0.7666151742274727
7488295861894,-1.5218802134814486,2.3490753036991987,1.496036057445979,-0.1959953364994559,0.1259429721683446,-0.5983226625584055,0.7666382375676868
7488329152194,-1.5084014472377727,2.344677276213078,1.5010112201216288,-0.20836608899395387,0.13507966340269237,-0.5923576120369766,0.7664525536223556
7488362441694,-1.4949030102331176,2.340775281303121,1.5060406577910905,-0.2206799168097738,0.14417936678498858,-0.5862316521274713,0.7660581796144511
7488395731994,-1.4814,2.33737,1.51112,0.232934,-0.15324,0.579946,-0.765455
7488429025994,-1.47237831231076,2.320747982225229,1.506946870109373,-0.22826212854959396,0.1423266106671678,-0.5886184122340116,0.7623436897785122
7488462308494,-1.4636671195187994,2.3040002188299034,1.502517036866843,-0.22354027773010574,0.13138186799048032,-0.597152056717718,0.7590638775185384
7488495599894,-1.4552621173641722,2.28712815032092,1.4978236109063767,-0.21876675572389204,0.12040156067288107,-0.6055504107673217,0.7556144988002186
7488528893194,-1.4471660177628363,2.2701470613581454,1.4928634772780434,-0.2139436873812733,0.10939044210027489,-0.6138097488082371,0.7519969561605814
7488562176194,-1.4393821878516844,2.253075097264156,1.4876348165119793,-0.20907401525918168,0.09835502588606862,-0.6219252372501506,0.7482134349887726
7488595466894,-1.4319066212581948,2.235915001072436,1.482131332194871,-0.20415627857933116,0.08729182149448395,-0.6298994540852337,0.744262742289266
7488628762894,-1.42474,2.21868,1.47635,0.199192,-0.0762041,0.63773,-0.740146
7488662044494,-1.4237564905960747,2.2218576457780848,1.4766119754901297,-0.19990665265302424,0.07033935621184158,-0.6359347735661596,0.7420759185973658
7488695335294,-1.4227695006677168,2.225031508200285,1.4768799386829345,-0.20061296519411656,0.06447003556137154,-0.634112498391292,0.7439753975063244
7488728631594,-1.4217792334329926,2.2282012250708068,1.4771539096922661,-0.20131080685931343,0.0585970279440651,-0.6322633799434715,0.7458440626164642
7488761922594,-1.42078610627814,2.2313657627376005,1.4774338444113624,-0.2019999218709984,0.05272248499824053,-0.6303880945736713,0.7476812297760971
7488795202994,-1.4197903760423825,2.234524615878111,1.4777197378888498,-0.2026801779524554,0.046847589966969694,-0.6284870371831286,0.7494865528294825
7488828491994,-1.4187915657870527,2.237679603508277,1.4780117972377658,-0.2033519398415862,0.040969200363049296,-0.6265591922011668,0.7512610011523942
7488861781994,-1.41779,2.24083,1.47831,0.204015,-0.0350889,0.624605,-0.753004
7488895070394,-1.4052877716680638,2.243403269879464,1.480612033003008,-0.2108650995660989,0.03881373144385347,-0.623016392286761,0.7522499444854566
7488928360194,-1.3927885316751265,2.246146505380403,1.4829509519059936,-0.21770169376570692,0.042537063028633464,-0.6213888904263509,0.7514468827902268
7488961650294,-1.3802954039544166,2.249059655731228,1.4853261942403395,-0.2245241472590229,0.04625852681931727,-0.6197227229202811,0.7505949658040532
7488994939594,-1.367811510206467,2.2521426051025295,1.487737184359633,-0.23133180485270716,0.04997775175857589,-0.6180180576362196,0.7496942715722866
7489028228194,-1.3553395190653983,2.25539529262683,1.4901834229354871,-0.23812425907980103,0.05369450074974123,-0.616275006101019,0.7487448528585161
7489061518694,-1.3428811614414713,2.258817880468978,1.4926645910509144,-0.24490161184834452,0.05740881570501296,-0.6144935467070892,0.7477466880226038
7489094808794,-1.33044,2.26241,1.49518,0.251663,-0.0611202,0.612674,-0.7467
7489128095894,-1.3145392745532722,2.2537367435166047,1.4914237736112992,-0.25740980511655254,0.0689397524729603,-0.614320912693237,0.7426959801874344
7489161395194,-1.298553388848607,2.245467061935974,1.4875508510239066,-0.2631258006041952,0.07676177756764044,-0.6158924518145357,0.7386128419943273
7489194675094,-1.2825062872886706,2.237610522625264,1.4835659357546993,-0.2688048040923161,0.08457798522767054,-0.6173869528087852,0.7344548265299933
7489227985394,-1.2663827161915764,2.2301572399371192,1.4794640368522705,-0.27445456461561235,0.09239921040273359,-0.6188065063130591,0.730216122544026
7489261259194,-1.2502238873222804,2.2231235506511955,1.4752544865704995,-0.2800630178715044,0.10020888558173849,-0.6201481840300134,0.7259057205418953
7489294543494,-1.2340158768853067,2.2165003313837652,1.470932568823878,-0.28563740439863244,0.10801718546050453,-0.6214138814312223,0.7215180862723997
7489327833194,-1.21777,2.21029,1.4665,0.291176,-0.115822,0.622603,-0.717054
7489361130894,-1.2301390471917752,2.2027749222132056,1.472268318206748,-0.2623111037648812,0.10072026445540136,-0.6242705716124282,0.7289269967482176
7489394410894,-1.2427428614856066,2.1959893498580434,1.4782048240111445,-0.23314190020494127,0.08551251008130831,-0.6251853894874012,0.739916004530183
7489427701394,-1.255540197306057,2.1899435635650217,1.484309983398827,-0.20367909117091512,0.07020427233313105,-0.6253474206477863,0.7500178607574132
7489460994194,-1.2684752379979651,2.184652167506065,1.4905770722843938,-0.17396531285675224,0.05481771207405032,-0.6247557760923823,0.7592175634196195
7489494279894,-1.2814908790361708,2.1801255345792088,1.4969981881961574,-0.14404484753341082,0.039375715482385894,-0.6234112791967342,0.7675017992810298
7489527570094,-1.2945378155590417,2.1763673546423883,1.5035686970230573,-0.11394339602054236,0.023891497152610214,-0.6213149508110443,0.7748637498075275
7489560859494,-1.30756,2.17338,1.51028,0.083702,-0.00838614,0.618469,-0.781293
7489594147694,-1.3140191887152057,2.1699836314630567,1.5023299853176704,-0.08544209486952804,0.004564154040383696,-0.6211259387919491,0.7790259206740313
7489627437994,-1.320436333319755,2.166664541149056,1.4942814452897895,-0.08718230528583641,0.0007390976388196384,-0.6237607514261365,0.7767375517895534
7489660726294,-1.3268096561526654,2.1634236662601176,1.4861362316190037,-0.08892243142649969,-0.003088418131510282,-0.6263733416521169,0.7744286279123499
7489694016694,-1.333138957811213,2.1602611249605803,1.477894212729603,-0.09066266074555117,-0.006918728898810249,-0.6289639533051263,0.7720989305650856
7489727306594,-1.3394227594566346,2.1571776766026125,1.469556908893013,-0.09240283030878774,-0.010751399658343512,-0.6315323055968823,0.7697487066204126
7489760594194,-1.345659749348817,2.1541739737906886,1.4611256770955836,-0.09414281896238424,-0.014586086581453724,-0.6340781862936532,0.7673781527920934
7489793885094,-1.35185,2.15125,1.4526,0.0958829,0.0184233,0.636602,-0.764987
7489827175194,-1.333752221506724,2.1324200002436107,1.4557883845384076,-0.11927585397416104,-0.005329694516374047,-0.6405637115382714,0.758566408744423
7489860462494,-1.3147481018757994,2.1145481090454656,1.4589643733095257,-0.14257016030186856,0.007775402667219749,-0.6440275167400297,0.7515596118649092
7489893758494,-1.294883363566841,2.097676106939426,1.462147341696491,-0.16575567987538956,0.020886358725075674,-0.6469919353293238,0.7439692535495475
7489927053194,-1.274218888718224,2.0818540138505823,1.4653545653946851,-0.18880734777446692,0.03398906257208833,-0.6494538066892094,0.7358031544025463
7489960331794,-1.2528221381530538,2.067129397168021,1.468602705375049,-0.21169707966293438,0.04706752956710671,-0.6514107178998505,0.7270715719431178
7489993626594,-1.2307323304624447,2.053525992482957,1.4719128654184874,-0.2344292611860367,0.06012429025961695,-0.6528632444761401,0.7177726487075377
7490026909594,-1.20803,2.04109,1.4753,0.256967,-0.0731382,0.653809,-0.707921
7490060200194,-1.1939815393540505,2.0324275509546443,1.4742950648082305,-0.25972760439893916,0.07951005859100713,-0.6537552240359992,0.7062746131227452
7490093510394,-1.1798434898463022,2.023932425643451,1.4732098226222763,-0.262481586885139,0.08587887675801131,-0.6536685307349258,0.7045890199257189
7490126777394,-1.165645200444992,2.0156215642781996,1.4720460058914349,-0.26522368935201757,0.09223234123794423,-0.6535492244883123,0.7028676980819345
7490160068094,-1.151360814273681,2.007479176885166,1.4708009654672214,-0.2679593059792645,0.09858290698091703,-0.6533970667376222,0.7011073341286441
7490193363994,-1.1370008148015849,1.9995110592423402,1.4694749283971131,-0.27068677782961686,0.1049267074845976,-0.653212073651242,0.69930897406004
7490226644994,-1.1225765623641344,1.9917229553292937,1.4680683902229303,-0.27340433498323635,0.11125958968332099,-0.6529943471100319,0.6974738389059598
7490259935894,-1.10808,1.98411,1.46658,0.276114,-0.117586,0.652744,-0.695601
7490293225794,-1.100679048885563,1.9857515220262505,1.4629012201248435,-0.2930240218513696,0.12204895211099664,-0.6506222624833534,0.6898779946249177
7490326514794,-1.0933085321194564,1.9876890894651973,1.459365324084815,-0.30982872826880176,0.12648156006013755,-0.6482844416192819,0.6839121704272172
7490359804694,-1.0859801416176946,1.9899209714376387,1.45597295292732,-0.32652314574462976,0.13088232785234014,-0.6457310807262209,0.6777048199128666
7490393092894,-1.0787064796185375,1.9924447429745948,1.4527250099763998,-0.34310025504339664,0.13524923748086343,-0.6429634191754222,0.6712584452744349
7490426383194,-1.0714986752099556,1.9952580562492854,1.4496215808228647,-0.3595562672600294,0.1395811196518087,-0.6399822411607922,0.6645743996796682
7490459671494,-1.0643694839023705,1.9983575273033019,1.4466633129650663,-0.37588352023732025,0.1438757830163761,-0.6367890881833631,0.6576556815279755
7490492960894,-1.05733,2.00174,1.44385,0.392078,-0.148132,0.633385,-0.650504
7490526251194,-1.0705304069458432,1.992834059351733,1.452117046467821,-0.368424419599471,0.13710777060780993,-0.6336017290142302,0.6663435714944109
7490559591494,-1.0841163786437304,1.9848372086022703,1.4607022809059094,-0.34439568845289703,0.12594355340333468,-0.6332129067260307,0.6815946345789171
7490592828294,-1.097967979664016,1.9778090827399966,1.469552415630602,-0.3201257782059332,0.11470090624437623,-0.632222001353008,0.6961742089735599
7490626124594,-1.1120948071544159,1.971734906208341,1.4786960690424171,-0.2955191848021521,0.10333491051251235,-0.630626230755648,0.7101414399724655
7490659408794,-1.1264083726913208,1.9666477879885902,1.4880988587848243,-0.27065135326324974,0.09187987089341224,-0.6284291927474323,0.7234519223861335
7490692698494,-1.140856791626762,1.962559091859847,1.4977493031620686,-0.2455326326730571,0.0803399318941263,-0.6256319335997451,0.7361004722835931
7490725993194,-1.15538,1.95948,1.50763,0.220187,-0.0687255,0.622237,-0.748075
7490759275694,-1.1578894327464717,1.9619595926526185,1.506099927213251,-0.21688455068851584,0.06588319333137758,-0.6249150848908192,0.7470620008975168
7490792567594,-1.160398956628434,1.964493302679523,1.5045762177534572,-0.21357697862341443,0.06303660238402818,-0.6275771830935629,0.7460282435821852
7490825860694,-1.1629074906710302,1.967080481789915,1.5030595283060821,-0.21026512452416085,0.06018648915725396,-0.6302223780738557,0.7449737700796567
7490859144394,-1.1654137745922144,1.969720230942339,1.5015506165094166,-0.20695013808159202,0.05733384519483558,-0.6328497679954372,0.7438989458866747
7490892434294,-1.167918521433713,1.9724137187443647,1.5000490508066278,-0.20363056043774624,0.05447741736413973,-0.6354605214685004,0.7428032926072179
7490925729794,-1.1704212234215046,1.9751608583293194,1.4985551384615516,-0.2003065432845393,0.05161733864468814,-0.6380545172955143,0.7416868422908868
7490959011994,-1.17292,1.97796,1.49707,0.19698,-0.0487553,0.64063,-0.74055
7490992302694,-1.197950678725743,1.9894146076579255,1.49219994041613,-0.1693977133194725,0.03171918198455287,-0.642776623457133,0.7464157826261525
7491025592294,-1.2222067046223677,2.0024014251022777,1.4875657683989354,-0.1416336197445302,0.014645261305904806,-0.6442250034841772,0.751464955247519
7491058885094,-1.2455905553453184,2.016868753644705,1.4831577928707433,-0.11371437699379525,-0.0024499328653444373,-0.6449740231853811,0.7556927601280377
7491092170594,-1.2679982607424347,2.0327518193073795,1.4789673077840466,-0.0856791644977165,-0.01954226475066134,-0.6450228724742846,0.7590933240678719
7491125459194,-1.2893444584472178,2.049989202353337,1.4749820099049542,-0.05754972344393925,-0.03661832826052399,-0.6443717554726001,0.7616640782629114
7491158749994,-1.3095403722664287,2.0685087489309564,1.4711902505197165,-0.029357371460951565,-0.05365892404155722,-0.6430213385132417,0.7634018750489451
7491192037894,-1.3285,2.08823,1.46758,0.00113707,0.0706427,0.640973,-0.764304
7491225327394,-1.3607655732142765,2.1007211840523885,1.4708050600371954,0.058795908220169155,-0.12240390745630303,-0.6316967581649042,0.7632296707675513
7491258617694,-1.3907724498999807,2.1188310295279384,1.4739146516128694,0.11839326746782364,-0.17333981662185136,-0.6183685759908523,0.7573352272401178
7491291907994,-1.4176551624818063,2.1421293038806866,1.4768978990029686,0.1772716307084341,-0.22312806563276763,-0.6010701290381092,0.7466614595993708
7491325195394,-1.4406265387644162,2.170051487572422,1.4797453286475915,0.23504844698329208,-0.2714509451572725,-0.5799099930504651,0.7312803921234149
7491358490794,-1.4590069531046324,2.20192810672428,1.482450292015626,0.291371510660516,-0.31801986790269554,-0.5550117811438366,0.7112861092317964
7491391776194,-1.472217552661945,2.2369617877501526,1.4850055969883413,0.34584893106787096,-0.36251732854934254,-0.5265446841158388,0.6868190438609073
7491425086494,-1.47983,2.27433,1.48741,-0.398186,0.404709,0.494655,-0.658008
7491458359794,-1.4773119192020738,2.2722994595874666,1.484287665528038,0.39709155858848666,-0.4087150037568982,-0.49064861579966,0.6591921386179017
7491491643494,-1.4748066830224213,2.2702389492745003,1.4812031713614278,0.3959820725144744,-0.4127064464910473,-0.4866231177303461,0.6603556076556568
7491524942094,-1.472314186010693,2.268148611294215,1.478156435183194,0.39485748969974604,-0.41668380204138666,-0.4825781967765177,0.6614986439443956
7491558226794,-1.4698368002036488,2.266030710325661,1.475150378966541,0.39371881001879433,-0.4206434942137207,-0.47851749816610534,0.6626202180449277
7491591510794,-1.4673737473789057,2.263884887267472,1.4721840647707234,0.3925656197384986,-0.4245869689168844,-0.4744395715821311,0.6637207492178208
7491624800894,-1.464924739122391,2.2617111632840197,1.4692571714969336,0.39139770865763174,-0.42851489333832554,-0.4703437285634102,0.6648004188069291
7491658096994,-1.46249,2.25951,1.46637,-0.390215,0.432427,0.46623,-0.665859
7491691378494,-1.4591611456288536,2.251017460675675,1.4685164860031263,0.39671726021845266,-0.42975318422153247,-0.46370474631828373,0.6655114757373566
7491724669194,-1.455909283226598,2.242486434882333,1.4705767621768329,0.40319934205749897,-0.42705360813676096,-0.4611546036480751,0.6651255053566661
7491757959094,-1.452736675231875,2.2339205397888136,1.4725508107534644,0.40965902474564553,-0.4243293262157102,-0.45858059381500615,0.6647013956161402
7491791246494,-1.4496447114449718,2.2253212945475727,1.4744391960759222,0.4160956154057835,-0.4215806223652387,-0.4559829963294819,0.6642392074731873
7491824536994,-1.4466340963462327,2.2166883364239385,1.4762429043833065,0.42250983146661103,-0.41880717599415035,-0.45336151912683953,0.6637388979296491
7491857825594,-1.443706491870907,2.208024053075657,1.4779623492220122,0.428900344528879,-0.41600954659308087,-0.4507167015462746,0.6632005779201906
7491891148794,-1.44086,2.19932,1.4796,-0.435274,0.413185,0.448046,-0.662624
7491924404694,-1.4403897317783991,2.205099542463196,1.4811358743116574,0.43498899648725003,-0.424283350894865,-0.44428384731115905,0.6583160898131192
7491957693494,-1.4398357921180476,2.2108910177388057,1.4826124234329376,0.434641220427621,-0.4353256890409532,-0.44044916090192493,0.6538983794344484
7491990983994,-1.4391974513532386,2.2166869383339667,1.4840294952555655,0.4342307409852364,-0.4462996003337573,-0.43654572010368253,0.6493752109408691
7492024273394,-1.4384736967252183,2.222484742889122,1.485388334818241,0.4337576767509142,-0.45720243421054346,-0.432574397419616,0.6447477046943705
7492057561694,-1.437663528051553,2.2282823553464115,1.4866903516287833,0.433222128688701,-0.46803248365221667,-0.42853575623876106,0.640016630319589
7492090856894,-1.4367657757052503,2.234079090820641,1.487937284910738,0.43262405546948857,-0.4787906289296265,-0.42442937582190543,0.6351816001882717
7492124142494,-1.43578,2.23987,1.48913,-0.431964,0.48947,0.420258,-0.630246
7492157429394,-1.4379898603546761,2.252910287012519,1.485737372901452,0.4289054981767679,-0.49219627987911735,-0.42269493311805606,0.6285792624826388
7492190726294,-1.4402052255086428,2.2659422843942902,1.4822970213533762,0.425834201774333,-0.4949090011294617,-0.4251235870575807,0.6268973192856633
7492224009094,-1.4424241550024939,2.2789564958007,1.4788114581424436,0.4227522974844408,-0.49760598649448107,-0.4275420280008193,0.625201240777262
7492257298594,-1.4446476981371341,2.2919609936784937,1.4752785383543225,0.41965795170839704,-0.5002888536253404,-0.4299517158068907,0.6234900068011245
7492290594694,-1.446875514804817,2.304955667355075,1.4716982651686643,0.4165512553106516,-0.5029575134520294,-0.4323525832963969,0.6217636488877459
7492323876894,-1.4491058961937278,2.317932457465132,1.4680728825181812,0.4134342137486061,-0.5056102558264963,-0.43474310130732274,0.620023270507509
7492357167494,-1.45134,2.3309,1.4644,-0.410305,0.508249,0.437125,-0.618268
7492390463894,-1.450866958703985,2.328756843424613,1.4719894501214372,0.40890752311723605,-0.49582388987396186,-0.444063592080204,0.6243082843893767
7492423744694,-1.4502689667673585,2.3265939802080067,1.479523544130455,0.40740570081504224,-0.4832880399989832,-0.45089567734537933,0.630195488311839
7492457035494,-1.4495460432675755,2.3244135679652214,1.4870061202831175,0.405798556213077,-0.4706346517433941,-0.4576246312579499,0.6359325854363668
7492490325394,-1.4486989415768243,2.322220143472235,1.4944327945547844,0.4040869201901504,-0.45787087267784965,-0.4642465062748858,0.6415163336159305
7492523613194,-1.4477283962185585,2.320017627339962,1.501801454785157,0.40227124296966055,-0.44500025487733386,-0.4707594019656109,0.6469452880265323
7492556903694,-1.4466350701750366,2.317809548182364,1.5091113713854278,0.40035166094823244,-0.4320240425753518,-0.47716260360178026,0.6522189999814577
7492590193194,-1.44542,2.3156,1.51636,-0.398329,0.418947,0.483454,-0.657336
7492623482194,-1.4382236330451486,2.302782285970061,1.5092741007667156,0.4083722730613081,-0.41196403227660494,-0.4880771076208006,0.6521491085033043
7492656771294,-1.43120537484102,2.2900909983383273,1.5017797248384521,0.41833474207092264,-0.40490712230015424,-0.49260741386200174,0.6468262530968059
7492690060194,-1.4243687395873468,2.277537526614706,1.4938823714210334,0.42821406326175654,-0.39777748024690207,-0.4970438535906681,0.6413682248451513
7492723350494,-1.4177166988451484,2.2651324443805616,1.4855873806621531,0.43800866192136106,-0.39057612171171946,-0.5013858621833953,0.6357758429140765
7492756660994,-1.4112488060320196,2.2528799579848937,1.476895736942859,0.44772195591988456,-0.383300287111284,-0.5056350438744763,0.6300469367386343
7492789928094,-1.4049801716513306,2.240814216111466,1.4678307904936938,0.4573334813032719,-0.37596532808855376,-0.5097826495449915,0.6241937272811897
7492823223194,-1.3989,2.22892,1.45838,-0.466862,0.368557,0.513837,-0.618205
7492856523794,-1.3892061310090862,2.2137718163822284,1.4629834569734415,0.4539992583907186,-0.3628461624944024,-0.5180032894554677,0.627614473906616
7492889796394,-1.3789569470772671,2.199005477106531,1.467749967872032,0.44100641452181666,-0.3570330400706503,-0.522016818473522,0.6368195913124085
7492923092794,-1.3681499733379923,2.184617964529267,1.4726853892051235,0.42786708705997917,-0.35111046767969933,-0.525882503859425,0.6458318569342125
7492956379594,-1.3568097397610805,2.170643518730808,1.4777831692636108,0.4145982939841865,-0.345086264623409,-0.5295951257431784,0.654639387283359
7492989665394,-1.3449482658034528,2.157097390786153,1.48304266829505,0.4012006374653117,-0.3389609001644726,-0.533154514493115,0.6632419018222
7493022960894,-1.332576868279845,2.1439939339153686,1.4884635906129893,0.3876737683585335,-0.3327343725033509,-0.5365605968458443,0.6716394960050569
7493056243394,-1.31972,2.13136,1.49404,-0.374031,0.326413,0.53981,-0.679824
7493089533894,-1.3244835364881078,2.1456770705812698,1.496279217570018,0.38871605248661006,-0.3405995187453911,-0.5291207851344247,0.6729955372128147
7493122825594,-1.3285187904496323,2.160071044616613,1.498389025076674,0.4031771730610039,-0.35459144574121876,-0.518131493797236,0.6657723551373504
7493156111494,-1.3318222887994042,2.1745031996205024,1.5003688317831048,0.41740312303961596,-0.3683776313554568,-0.5068508241287825,0.6581601595916396
7493189401494,-1.3343939824722133,2.1889420493108047,1.502219378013352,0.43139006725384244,-0.3819540828387679,-0.49528197415584235,0.6501610989238071
7493222731794,-1.3362358077333503,2.203367438596672,1.5039428743465044,0.4451447700597986,-0.3953271346236201,-0.4834184980847362,0.6417703218661527
7493255979294,-1.3373446536743268,2.217690482049272,1.5055339706856785,0.4586091147489136,-0.40843996441986574,-0.47131159142236906,0.633024374826776
7493289269894,-1.33773,2.23193,1.507,-0.471827,0.421335,0.458923,-0.623896
7493322560094,-1.3426734589828526,2.2420930568147868,1.5017516594699174,0.47475358680531393,-0.42147959581832284,-0.4584692097215283,0.6219083259304621
7493355849494,-1.3475545263134898,2.2523096113729366,1.4965451328213728,0.4776733709168183,-0.42162078970000105,-0.4580103695457023,0.6199117371032108
7493389137694,-1.352372702658295,2.26257902834105,1.4913805347928824,0.4805861756001163,-0.4217584822204123,-0.4575463972258738,0.6179061456910843
7493422426394,-1.3571277926363554,2.272901319706048,1.4862576542057868,0.48349211129137476,-0.4218926750072411,-0.45707728146819565,0.6158914740925442
7493455717994,-1.3618196897569559,2.2832767243058854,1.4811761804386319,0.48639134755726804,-0.42202337184194205,-0.4566030002421342,0.6138676003915376
7493489005194,-1.3664469330620468,2.2937024472636756,1.4761372755496702,0.4892832108799376,-0.4221505388357083,-0.45612367038916735,0.6118349936236517
7493522294494,-1.37101,2.30418,1.47114,-0.492168,0.422274,0.455639,-0.609793
7493555589394,-1.3657527258841975,2.2852924762523577,1.4782754547549644,0.47277302967216084,-0.40636572160576223,-0.4651499523659388,0.6284807749902929
7493588873894,-1.3592910767906725,2.2668158602023905,1.4854677864223675,0.4528744145162824,-0.3900325601379402,-0.4741651454390315,0.646488036671647
7493622163094,-1.3516508214071556,2.2488190061220332,1.4927080037186993,0.4324846578390721,-0.37328500722101376,-0.48267919924085045,0.6638042744198324
7493655458794,-1.3428643908483997,2.231376487933116,1.4999841169154957,0.41162411624093537,-0.3561399869122385,-0.49068304177422867,0.6804116762418251
7493688742694,-1.3329752030557984,2.2145706425747327,1.5072796102045964,0.39032656627548756,-0.33862546211597105,-0.498163663938022,0.6962836577129884
7493722038794,-1.3220191706998037,2.198459579307586,1.5145871733977474,0.3685993322689641,-0.32074764716668347,-0.5051182667318566,0.7114147986243439
7493755327794,-1.31005,2.18312,1.52189,-0.346478,0.302536,0.511535,-0.72578
7493788615394,-1.308722246118453,2.180022623889444,1.518074161030907,0.3490824320788258,-0.3087381011189409,-0.5126993870118921,0.7210836144921285
7493821900294,-1.3074179780899675,2.17690645702982,1.5142671363408633,0.35166716885371063,-0.3149142110184751,-0.5138312344583086,0.716335608876229
7493855191494,-1.3061372403595999,2.1737709908077565,1.5104674090200136,0.3542328189566101,-0.3210656147300253,-0.5149307919073234,0.7115351435858817
7493888477494,-1.3048808608533067,2.1706176512234294,1.5066758001824572,0.35677835719778794,-0.32718976244701764,-0.5159975521944493,0.7066842217811634
7493921768094,-1.3036488438302252,2.167445860484159,1.5028906991291622,0.3593043963845742,-0.333288036475222,-0.5170317065426117,0.7017817680097159
7493955057094,-1.3024417879149286,2.164256563477232,1.4991123147889223,0.361810327402255,-0.33935887780615903,-0.5180329362304716,0.69682904361088
7493988345794,-1.30126,2.16105,1.49534,-0.364296,0.345402,0.519001,-0.691826
7494021636294,-1.316221944781241,2.182202461548457,1.496001766347135,0.40091396847120947,-0.3693841103886075,-0.49995880568654105,0.6729521242210107
7494054927094,-1.3290365413560135,2.204849418241754,1.496768896372144,0.43647701928362453,-0.39239134901450023,-0.4795990595002761,0.6523048236693593
7494088239094,-1.3395674487903988,2.2287785939077267,1.4976310430180455,0.47091275112528447,-0.4143766294519454,-0.45796149411647885,0.6299241698000351
7494121504094,-1.3476778310300865,2.253698735890801,1.4985744205821014,0.5040613923759847,-0.4352383054790502,-0.43514872066440086,0.6059169258766781
7494154792894,-1.3532948128516833,2.2794101524237202,1.4995881561643636,0.535907414551342,-0.454966945406947,-0.41117348794154873,0.5802970656740816
7494188105394,-1.3563465814465814,2.3056542519818355,1.500658835852386,0.5663638771084875,-0.47350801118727753,-0.3860965658769944,0.5531288854020399
7494221371294,-1.35679,2.33211,1.50177,-0.595288,0.490775,0.360038,-0.524543
7494254660894,-1.3556359436246288,2.3740573248217673,1.5020920584778201,0.6237299408959748,-0.5121913920000427,-0.32671055886744804,0.4918141412317079
7494287955794,-1.3496499181161683,2.415747708778282,1.5020211551812053,0.6499731161454867,-0.5319005966964854,-0.2922112545747907,0.4574158788475489
7494321240794,-1.3389031033567265,2.4565975733295047,1.501520673071445,0.673913792672952,-0.5498283490901662,-0.2566784211334601,0.421479744123456
7494354529294,-1.3235255523594667,2.4960704068440753,1.5005600918084128,0.6954783535821796,-0.5659228330555724,-0.22022423824842963,0.38411260277798065
7494387825494,-1.303709789711253,2.533636097555011,1.4991155195537404,0.7145927721991885,-0.580131706099589,-0.18297316122837937,0.3454347923541469
7494421111194,-1.2797249244212137,2.5687665231919947,1.4971717115111063,0.7311800555559915,-0.5924003093328067,-0.14507794428108867,0.30559775840589115
7494454397394,-1.25188,2.601,1.49472,-0.745189,0.602693,0.106661,-0.264723
7494487694194,-1.247966943814842,2.620663403520198,1.4933797371883475,0.7506637270967622,-0.6050986233864724,-0.08614468168133593,0.2508759028185351
7494520975794,-1.243131212560362,2.64010289990328,1.4918920876773996,0.7556458698229732,-0.6071134190473005,-0.06557576211194587,0.236880635037178
7494554300194,-1.237377239782045,2.659306549519001,1.4902421159823838,0.7601399920524884,-0.6087392197290415,-0.04493171413382637,0.22272156588690908
7494587561294,-1.2307405297409193,2.678168709711204,1.488423488415563,0.7641291879101028,-0.6099703721053411,-0.024291725004372284,0.20845297175581473
7494620844094,-1.2232244680856375,2.6966942185051015,1.4864205697781687,0.7676218543344886,-0.610810170575619,-0.0036165564308701784,0.19404778996176855
7494654134794,-1.2148519574641892,2.714831897259438,1.4842230887203391,0.7706134739024392,-0.611257409734883,0.017071783559201158,0.17952104915670472
7494687427094,-1.2056474046801735,2.732536123562753,1.4818210013298208,0.7731011895002439,-0.6113117550588589,0.037755902688008026,0.16488474984782428
7494720712394,-1.2218596498386114,2.742092814862992,1.4834342463011374,0.778076496003167,-0.6052442758208425,0.03184433607125114,0.16511290444335017
7494754002894,-1.2381426882259075,2.751517558268439,1.4850966466609024,0.7829786748278147,-0.5991162002695783,0.02593096667948251,0.165323193492291
7494787293094,-1.2544933411491856,2.7608077608279484,1.4868052034532155,0.7878064228375258,-0.5929291318433151,0.02001732779565843,0.16551553200650257
7494820580194,-1.2709096961050836,2.769961707139998,1.4885570175429423,0.7925588754894287,-0.5866842100038814,0.01410447295176056,0.1656898622662443
7494853887794,-1.287402894759842,2.7789848772195236,1.4903506006373133,0.7972388802976633,-0.580377577797114,0.00818876706797264,0.16584625116652327
7494887159094,-1.3039441917026997,2.7878611305233476,1.492180092862127,0.8018380545626962,-0.5740206524458891,0.002280853265771145,0.16598440447550117
7494920449394,-1.3205604344153847,2.796604529390575,1.4940457218230807,0.8063636534404403,-0.5676035395761162,-0.0036285337870784005,0.1661045273717907
7494953738294,-1.3351579329987087,2.802494081230962,1.4895629287315675,0.8056963026969451,-0.5696686897724561,-0.010892190710244554,0.1619024764941458
7494987027294,-1.3496983728814627,2.8083514009849537,1.4848259992362938,0.8049699555708654,-0.5716896707998157,-0.018154003573758685,0.15768551957387042
7495020322894,-1.3641800921029617,2.814177516292287,1.4798350186990163,0.8041844943841548,-0.5736667335674484,-0.025414828204422143,0.1534531338796808
7495053606694,-1.378590639487875,2.8199691199928387,1.4745939675607784,0.803340413228675,-0.5755986690497981,-0.03267009170715158,0.14920796818377047
7495086895594,-1.3929329091362406,2.8257290784038047,1.4691015002979322,0.802437351832872,-0.5774863482831901,-0.03992291786406559,0.1449481788751167
7495120191894,-1.4072034291905064,2.831457697836096,1.463358412136246,0.8014752695251006,-0.5793297565804644,-0.04717324534237948,0.14067377297831699
7495153475394,-1.4213891621747585,2.8371514484927065,1.4573696389275632,0.8004548234721294,-0.5811276700201305,-0.054416116330179565,0.13638765706880127
7495186763594,-1.4310055540212707,2.832225232413548,1.4620236162038973,0.8011494717360121,-0.5763422254924502,-0.06291915555095715,0.14842622044730885
7495220059994,-1.4404542151658233,2.8269638973643683,1.4666442961770123,0.8016528643174617,-0.5714153617396356,-0.07141285145113736,0.16042871983279144
7495253343794,-1.4497196881777334,2.8213762597239107,1.4712251234678302,0.8019645596142758,-0.5663514273200881,-0.07988989440695302,0.17238477504358007
7495286632794,-1.458797571409408,2.8154652187232747,1.4757649210296406,0.8020846687058749,-0.5611490375408188,-0.08835281834057537,0.18429791476106552
7495319928794,-1.4676790122093024,2.809236367359463,1.4802603099117444,0.8020130192428396,-0.5558091462805055,-0.09680007058442226,0.1961658895189766
7495353210594,-1.476349376095961,2.802700164002822,1.4847048870635138,0.8017496913268884,-0.550336541081565,-0.10522428114957572,0.20797830334958783
7495386501394,-1.4848059079295362,2.7958588131266304,1.489098252676116,0.80129456443277,-0.5447288154228102,-0.1136293327360708,0.21974055929781078
7495419788994,-1.4839684305476433,2.795986099007524,1.489565719289784,0.8021819691175667,-0.5475106455027922,-0.1046838223360758,0.21395672185020986
7495453078594,-1.4831260598685618,2.79610262109544,1.490027898664508,0.8029699941412929,-0.5502271298891105,-0.09572296477040604,0.20814996530935953
7495486369294,-1.4822790575635165,2.7962082651951703,1.4904848019511432,0.8036584833061597,-0.5528778922355885,-0.08674811407217385,0.2023211387673007
7495519687594,-1.4814269852329245,2.796302996701491,1.490936812480313,0.8042477471396033,-0.5554646711748148,-0.07775322561116964,0.19646627243520973
7495552947094,-1.480572301598654,2.7963864863217753,1.4913827945393148,0.8047363015713181,-0.5579805739394943,-0.06876275865126703,0.1906012777033163
7495586237694,-1.4797129464308438,2.7964588790694944,1.491823991657245,0.8051255078050574,-0.5604322140669905,-0.059753544977941345,0.1847110283123038
7495619526894,-1.47885,2.79652,1.49226,-0.805415,0.562817,0.0507355,-0.178802
7495652815994,-1.4627875604202198,2.795495534425969,1.4880370402664602,0.8079664436823591,-0.5613553596133608,-0.045993274453013384,0.17307514212539424
7495686105294,-1.4467494549297384,2.794220097661497,1.4837740006899653,0.8104662877101252,-0.5598580560358648,-0.0412469009174272,0.16733812100600115
7495719393894,-1.430740058442169,2.792694296473376,1.4794699260749775,0.8129140814544304,-0.5583250821192335,-0.036496796205703314,0.16159140669098163
7495752689494,-1.4147596119696777,2.790918338445645,1.4751227485513927,0.8153102143094167,-0.5567561802693457,-0.0317421633126412,0.15583403108067972
7495785972594,-1.3988213931181213,2.7888940210237223,1.4707339759598244,0.817653137220388,-0.5551523875134771,-0.026986090584466986,0.1500697329467554
7495819262194,-1.3829202113215262,2.786621015453578,1.466300076934517,0.819944046739133,-0.5535129092771233,-0.022226167175963565,0.1442955888906373
7495852558294,-1.36706,2.7841,1.46182,-0.822183,0.551838,0.0174627,-0.138512
7495885842894,-1.3707983184614005,2.785366065163557,1.4645709625755758,0.8154942251240934,-0.5603670039483022,-0.0259848715067227,0.1424176117200293
7495919129894,-1.3745988378735159,2.786633184643285,1.467253785798785,0.8086374480591004,-0.5687817270967118,-0.034501359028690684,0.14629586714094434
7495952426394,-1.378461538549,2.787899234723504,1.4698682722317045,0.8016122934599234,-0.5770819969245435,-0.04301223676246772,0.15014675250631407
7495985710194,-1.3823829235398852,2.7891609795914367,1.4724120130479121,0.7944249200558622,-0.5852605761340914,-0.05151010019362077,0.1539669250049228
7496018999694,-1.3863641802033746,2.79041672908923,1.4748858189521863,0.7870728914236312,-0.5933203276241852,-0.05999792084608954,0.1577577316904648
7496052294494,-1.390404280118582,2.791664081231243,1.477289066251371,0.7795577338489241,-0.6012594233638707,-0.06847386406632777,0.16151834370219975
7496085576894,-1.3945,2.7929,1.47962,-0.771885,0.609072,0.0769317,-0.165246
7496118868294,-1.4088540807238812,2.799077903276364,1.4731433982097415,0.7710976511542831,-0.6115389121622008,-0.07716347140500952,0.15960692333526097
7496152155494,-1.423093733559511,2.8053567216698845,1.4665279268179832,0.7702786264301951,-0.6139840719226983,-0.07739248068019151,0.15396363539550925
7496185444994,-1.437219789156942,2.811736012113387,1.4597727809363732,0.7694278461038069,-0.6164078975000703,-0.07761878750852036,0.14831526342661638
7496218735694,-1.4512298216963246,2.818213902957446,1.4528786577161776,0.7685453663222218,-0.6188102090279488,-0.07784239399060892,0.14266221225411815
7496252024794,-1.4651207333400975,2.8247881543998803,1.445846655703504,0.7676312961592233,-0.6211907092307283,-0.0780632913854918,0.1370051767649654
7496285313394,-1.4788910919765328,2.83145726597774,1.438677092553081,0.7666856440144405,-0.6235493839820238,-0.07828149764452232,0.1313441895339572
7496318603894,-1.49254,2.83822,1.43137,-0.765708,0.625886,0.078497,-0.125679
7496351893394,-1.5051861687891888,2.8403374116077815,1.4383639851787156,0.7693296457668896,-0.6175942766005742,-0.08365875141515296,0.14039379959978085
7496385186294,-1.5177880250376892,2.8419353856483336,1.445555441014868,0.7726954182259134,-0.6091071247671394,-0.08878538410649381,0.1550724243044255
7496418471494,-1.5303233002547645,2.8430122100644826,1.452933282398608,0.7758036441396777,-0.6004303674212668,-0.09387337291214366,0.16970524292447942
7496451760194,-1.5427782203461808,2.8435677501710463,1.4604910800056046,0.7786545258862483,-0.5915638297296313,-0.0989225901889247,0.1842923921999707
7496485055894,-1.5551361407904447,2.843601907034354,1.4682206177949446,0.7812474345339392,-0.5825092591943956,-0.10393171624399267,0.19883059962066546
7496518338994,-1.5673720250125798,2.843115565376745,1.4761080070227934,0.7835801885184928,-0.5732748592920495,-0.10889599807399267,0.21330655280247018
7496551628194,-1.5794751362330042,2.842110060967545,1.484148142616117,0.7856535399821433,-0.5638583798880729,-0.11381643907375182,0.2277236499358282
7496584924194,-1.5712417754890304,2.8453162282928006,1.4894006319684667,0.7875127455952814,-0.5667197358263293,-0.1065205382199501,0.21749894594514552
7496618208094,-1.5629502586493516,2.8483566588617406,1.4946508638983418,0.7892402699266724,-0.5694813307548194,-0.09921344432356805,0.2072377926760647
7496651496194,-1.5546008811931624,2.851231275643273,1.499902209414782,0.7908367552139393,-0.5721440241674592,-0.09189277791810668,0.19693694315350582
7496684792694,-1.5461969348479927,2.853938835892669,1.5051561287908881,0.7923020995599679,-0.5747075850423135,-0.0845588039293656,0.18659684725561168
7496718076794,-1.5377480929100686,2.856476283754275,1.5104101334154567,0.7936352043736866,-0.5771699368170595,-0.0772173026901735,0.17622574890912596
7496751401794,-1.5292452228955722,2.8588461843959654,1.5156734314504663,0.7948378499587145,-0.5795344173337401,-0.06985770424920763,0.16580878310777375
7496784661294,-1.52072,2.86104,1.52093,-0.795906,0.581793,0.0625047,-0.155381
7496817943494,-1.5195104763642506,2.8624058083321966,1.5137831065581415,0.7948661902232652,-0.5843810040913255,-0.05805410998865818,0.1526967648989032
7496851271494,-1.5182957327348963,2.8636973704569746,1.5066091575275833,0.7938012169399775,-0.5869473161267613,-0.05359324468152261,0.1500008006668936
7496884521794,-1.5170810383022806,2.8649100604838447,1.4994352473182098,0.7927152790793944,-0.5894824947537063,-0.04913879450596668,0.1473032707292168
7496917811494,-1.5158628821974593,2.8660483423698984,1.4922366263198403,0.7916046326212746,-0.5919954135653066,-0.044675219205119285,0.14459481567177074
7496951101994,-1.51464343561701,2.867110832260836,1.4850220982390827,0.7904705636630199,-0.594483015735601,-0.04020782791386124,0.14187868958593458
7496984392394,-1.513423493013941,2.868097583649599,1.4777923440062883,0.7893131434889172,-0.5969451370822945,-0.0357368822814184,0.13915509359793063
7497017679594,-1.5122039288560658,2.8690086117697287,1.470548524646564,0.7881325254413151,-0.599381457093615,-0.03126294008408449,0.13642441061308896
7497050970294,-1.493023404659124,2.864727578606866,1.476890504419015,0.7925764577833397,-0.6013541824893446,-0.005361037772642342,0.1008313693459849
7497084259494,-1.474257971817692,2.8587077631181033,1.4833058608396736,0.7954906340754202,-0.6021163505894954,0.02053232252960403,0.06503057113861366
7497117547794,-1.4560598600578047,2.8509919036278157,1.4897985255009922,0.7968700114290969,-0.6016658468421515,0.04636819925245694,0.029092674796109233
7497150837694,-1.4385759903905884,2.8416353511537547,1.4963718992408679,0.7967123482732581,-0.6000027790211417,0.07209926159428316,-0.006913447286034518
7497184128094,-1.4219497738859583,2.8307071317345405,1.5030277459483161,0.795018175568961,-0.5971297076458882,0.09767561380751262,-0.04291488353779547
7497217420694,-1.4063166211124658,2.818287726391667,1.5097674375044614,0.791790857945513,-0.5930513962829999,0.12304982989076851,-0.07884172755937001
7497250706294,-1.39180905173078,2.8044738005317775,1.516589158974573,0.7870382136020895,-0.5877767154874929,0.14816666778056814,-0.11461248457113886
7497283994394,-1.3504022749219295,2.7800696475354676,1.5087814793508791,0.7781327965865871,-0.5777996264436565,0.1838875753365695,-0.1638362053843591
7497317290894,-1.312247394906587,2.750552322170149,1.5011039009045413,0.766245535976182,-0.5655281852084859,0.21889341032424992,-0.21244134542972
7497350574894,-1.2779756164330678,2.716388097314312,1.4935589854818494,0.7514307269792394,-0.551017524099627,0.25302971910525485,-0.2602066715825802
7497383862594,-1.2481163918198428,2.678081026160666,1.4861373004929677,0.7337398303317816,-0.534317370820743,0.28618419540375145,-0.30696810082646103
7497417159194,-1.2231467864347352,2.63620588792666,1.4788287168101764,0.7132369939424156,-0.5154884845023484,0.3182359814327933,-0.35254853983383033
7497450443194,-1.2034850405397035,2.5914281555319567,1.471625792310889,0.6900151763154317,-0.4946163893981295,0.34904345813503695,-0.3967396477871558
7497483730894,-1.18944,2.54441,1.46451,-0.664154,0.471773,-0.378506,0.43939
7497517027594,-1.180385792189745,2.5362335140250627,1.4765363096261175,0.6631802001945541,-0.4633344698056815,0.38349841959247444,-0.4454684650229164
7497550320894,-1.1715928024798414,2.5277438662194234,1.4885264444945967,0.6621198958513724,-0.45483354995645414,0.3884346242085609,-0.45148890137824166
7497583600194,-1.1630698344514914,2.5189497300476753,1.5004722050605086,0.6609734543738823,-0.4462739532848697,0.39331230684073565,-0.45744844575118015
7497616889894,-1.1548166603769332,2.509850598381623,1.5123779619727407,0.6597402429242544,-0.437650535588195,0.39813440730853084,-0.4633506385910101
7497650177794,-1.146842326426313,2.50045574103693,1.5242349598317124,0.6584208847038173,-0.42896756375262624,0.4028984988950562,-0.4691924630917355
7497683468694,-1.1391514634338105,2.4907700000454938,1.5360405507047208,0.6570154012541293,-0.42022492086601576,0.4076046361516843,-0.4749739350592615
7497716761494,-1.13175,2.4808,1.54779,-0.655524,0.411424,-0.412252,0.480694
7497750046194,-1.1296153506534512,2.48930871070256,1.5431482069312474,0.654133515679093,-0.4128257791419479,0.4162407247909565,-0.4779412921757783
7497783336494,-1.1275340833912713,2.497836169195006,1.5385247017664274,0.6527243653017897,-0.4142189817158037,0.42021736707257423,-0.47517460216039753
7497816625394,-1.1255065378590259,2.506380497280909,1.533920939468882,0.6512969187136525,-0.4156033054835622,0.4241810105789082,-0.47239462995412534
7497849913994,-1.1235325300882786,2.51494188612626,1.5293372443435669,0.6498511604393877,-0.41697875950046687,0.428131680247353,-0.4696013711325929
7497883204594,-1.1216118102657076,2.52352083694047,1.5247737777798607,0.6483870197395835,-0.41834540106152157,0.4320695417174508,-0.46679471844052384
7497916493694,-1.1197444594646409,2.532116354851113,1.5202314951740163,0.6469046814161695,-0.41970304949923704,0.4359940742177686,-0.463975053909018
7497949787694,-1.11793,2.54073,1.51571,-0.645404,0.421052,-0.439906,0.461142
7497983072194,-1.1119302923275403,2.544047471160688,1.516104533042905,0.6491504065241183,-0.4178367890120986,0.43504748036652446,-0.46341111044554123
7498016361194,-1.1059332561857271,2.5473756396867557,1.5165857712462736,0.6528627911292418,-0.4145992240045264,0.43016509079818505,-0.46565615433747876
7498049657194,-1.0999397101908512,2.5507146814869817,1.5171537406298883,0.6565411076456815,-0.4113391514569658,0.42525863600586467,-0.46787708744121725
7498082939994,-1.0939545549212462,2.5540624867178834,1.5178079989340822,0.6601829397075326,-0.4080587298437207,0.420331358710697,-0.47007244973713264
7498116229194,-1.087975528247319,2.557420940275995,1.5185488132994718,0.6637902500990667,-0.40475620952015917,0.41538062541602905,-0.4722434232017214
7498149525794,-1.082003718411549,2.5607900637238843,1.5193761495685019,0.667362934443205,-0.40143165471680586,0.4104065356899325,-0.47438994064553036
7498182831994,-1.07604,2.56417,1.52029,-0.670901,0.398085,-0.405409,0.476512
7498216096794,-1.0754628195161544,2.5557508591990996,1.5182976120334277,0.6654765949879886,-0.41312207676621127,0.40582087817625573,-0.47093573451992154
7498249394094,-1.0747937440372008,2.5473128959160456,1.5164472462649012,0.659855943946789,-0.4280551337227947,0.40611666254050455,-0.4652184348654021
7498282677494,-1.0740301098136333,2.5388719801127473,1.5147395512095323,0.6540483478450311,-0.44285898408584035,0.4062957604705388,-0.45936960491450596
7498315966594,-1.073168090590201,2.530427273040945,1.5131712546263614,0.6480521273197026,-0.45753813980990293,0.4063582633167658,-0.45338753040846175
7498349256294,-1.0722044915412527,2.5219841995735206,1.5117402617642959,0.6418698724283683,-0.4720861009366027,0.40630410477130907,-0.44727480883373133
7498382544494,-1.0711361955679086,2.513547422143996,1.5104441249056089,0.6355037585606966,-0.4864977781314433,0.40613330297131933,-0.44103358709513646
7498415835394,-1.06996,2.50512,1.50928,-0.628955,0.500771,-0.405846,0.434665
7498449123094,-1.0698796921731941,2.502969531250918,1.5048617214109161,0.6280672354191635,-0.5006838405753332,0.40878188272062993,-0.4332950633679556
7498482412094,-1.0698257271208729,2.500834321396788,1.50044341932062,0.627173128506332,-0.5005915560799411,0.41171310456625704,-0.43191929846842636
7498515702794,-1.0697980771891322,2.498714404711283,1.4960252336152289,0.6262724791457749,-0.5004939928425977,0.41463953940426,-0.43053756787962405
7498548991894,-1.0697967129868184,2.4966100486776535,1.4916077953526738,0.6253653845062852,-0.5003911649907492,0.4175608630035579,-0.4291500245231625
7498582280594,-1.0698215992141502,2.494521232175169,1.4871911384631975,0.6244518204641987,-0.5002830739370924,0.42047714705970435,-0.4277566348422126
7498615571094,-1.0698727048063388,2.492447873882076,1.4827751643194689,0.6235317342140292,-0.5001697167715597,0.42338855028689415,-0.4263573223701748
7498648863894,-1.06995,2.49039,1.47836,-0.622605,0.500051,-0.426295,0.424952
7498682154894,-1.067490489111078,2.498312796739156,1.4845394856952827,0.6287696908697673,-0.4998646285988775,0.41946069925161156,-0.4228909442191834
7498715438794,-1.065207570479792,2.506260509972359,1.4907616080610802,0.6348787169462667,-0.49963306395888807,0.4125934377338784,-0.42078791725363984
7498748727494,-1.0631012619091602,2.514233238575027,1.4970266574948772,0.6409338582254844,-0.49935629666864073,0.40569146955547125,-0.4186424606839317
7498782025194,-1.061172197114549,2.5222292510913245,1.5033335072048064,0.6469353200538736,-0.4990342413265706,0.3987545303527653,-0.41645448991882894
7498815305894,-1.059422543302484,2.5302395360652423,1.5096752647455411,0.6528779169585881,-0.4986671471278294,0.3917886784360171,-0.4142259448327276
7498848595894,-1.0578515174496503,2.53826764819459,1.5160549633054847,0.6587658498372743,-0.49825472533467197,0.38478905304431693,-0.4119552990642338
7498881891794,-1.05646,2.54631,1.52247,-0.664598,0.497797,-0.377757,0.409643
7498915176194,-1.0604235366392598,2.5605970652686985,1.5200064353891416,0.6638872276209044,-0.4958241912201639,0.38233128142935774,-0.4089436533842837
7498948463994,-1.0643116136561845,2.5749151206099126,1.517650981586111,0.66315996380337,-0.493837837821404,0.38689600019799003,-0.40823343490580327
7498981760394,-1.0681240337183784,2.589265315116471,1.5154031122961882,0.6624160742646464,-0.4918376529816847,0.39145172875932954,-0.4075122227818632
7499015044994,-1.071857716056664,2.6036377463554756,1.5132639610583856,0.6616560368213049,-0.489824918374077,0.39599556022718374,-0.4067804746520065
7499048344294,-1.0755148752261374,2.6180427504424872,1.5112316003487398,0.6608792644187262,-0.4877980842626676,0.4005309937525904,-0.40603762127984794
7499081622894,-1.0790909049768749,2.6324638941487684,1.5093079123339035,0.6600866077349016,-0.4857593638590192,0.40505309404286427,-0.40528447011773555
7499114926794,-1.08259,2.64692,1.50749,-0.659277,0.483706,-0.409568,0.40452
7499148203094,-1.0845002725538035,2.6505527697920535,1.5040974299975483,0.6604947261010655,-0.47870048678403926,0.41193148863013157,-0.4060849780777
7499181489294,-1.0863657662819493,2.6542248773360906,1.5007370516668719,0.6616910281072301,-0.4736768721850977,0.414282671304914,-0.40763350246980945
7499214778794,-1.0881859707852302,2.6579350123600247,1.4974100810328699,0.6628655901190094,-0.4686363137085856,0.4166209992164088,-0.40916519637149823
7499248069094,-1.0899606334595178,2.661682293338793,1.4941172994042813,0.6640182660443523,-0.46357936696608165,0.41894622699880013,-0.41067988965403274
7499281358294,-1.091689552595668,2.6654658907343403,1.4908594147699767,0.6651489374201776,-0.4585065014155691,0.4212581549251241,-0.4121774449403358
7499314646994,-1.0933726679854767,2.669285249898976,1.4876368816954506,0.6662575737454463,-0.4534178080006517,0.4235567592145563,-0.41365783993341376
7499347937394,-1.09501,2.67314,1.48445,-0.667344,0.448313,-0.425842,0.415121
7499381227194,-1.0881135277853764,2.6571050216006094,1.489372386616023,0.6620755421130823,-0.4446895883760746,0.42635369701228654,-0.4267665305170274
7499414518894,-1.081624933985897,2.640961625892727,1.4944901605651568,0.6566860293776738,-0.4409949146159696,0.4267864145207237,-0.43833811205915435
7499447805694,-1.075549265313939,2.6247247820728177,1.4998002975318736,0.6511777906969137,-0.4372305081125069,0.42714002449045824,-0.44983148751177515
7499481093594,-1.0698888384934775,2.608403306181077,1.5053016386514515,0.6455508919126074,-0.4333963469910707,0.4274144433430794,-0.46124673005600614
7499514421694,-1.0646409707555553,2.5919896842964008,1.510998784604473,0.6397995650590294,-0.4294884551492813,0.4276096997575135,-0.47259509954828105
7499547672694,-1.0598263200951734,2.5755536340888736,1.5168690322608829,0.6339453275071705,-0.42552136731449375,0.42772510723147833,-0.48383480686537056
7499580962194,-1.05543,2.55905,1.52293,-0.627969,0.421482,-0.427761,0.495003
7499614258594,-1.0560429477920434,2.5637281546219093,1.5222371610955936,0.6334237199208052,-0.42871794775080335,0.4244158266995554,-0.4846096556662505
7499647541994,-1.0567574747096857,2.56839194517244,1.5215518442534726,0.6387502344660291,-0.435861993548209,0.42098928638011535,-0.47412074548888405
7499680830294,-1.0575734885650008,2.57304110052329,1.5208744440437179,0.6439505501118934,-0.4429166317197513,0.4174803043277956,-0.4635328918803835
7499714126894,-1.058490611843492,2.5776733133561547,1.5202056556030878,0.6490241124835745,-0.44988107892517676,0.41388913902195706,-0.4528471009509616
7499747410694,-1.0595076407875614,2.5822828950248575,1.5195466531577495,0.6539667485083912,-0.456749510331826,0.4102187635528875,-0.4420723274376491
7499780698494,-1.0606243661213375,2.5868694401915953,1.5188978445437342,0.6587800457052219,-0.46352401890069705,0.4064680540628079,-0.43120535282990896
7499813988694,-1.06184,2.59143,1.51826,-0.663463,0.470203,-0.402638,0.420249
7499847276894,-1.063989833433485,2.604980754374982,1.512964265681472,0.6675397092641906,-0.47234150719792445,0.3993948025037981,-0.4144490666733673
7499880567394,-1.0663870992941544,2.61850753653351,1.5077066763389233,0.6715697316150846,-0.47445515404102967,0.3961242779798404,-0.4086220243419292
7499913856694,-1.0690312793632846,2.632004768408761,1.5024872961609503,0.6755521683671115,-0.4765434410766447,0.39282690580793256,-0.40276871608243126
7499947145294,-1.0719220472445798,2.6454685075104836,1.4973055458985431,0.6794868111634683,-0.4786062666691256,0.389502897842169,-0.3968894147397937
7499980435694,-1.0750592210451608,2.6588956230458485,1.4921605335103971,0.6833736843438428,-0.4806436508937696,0.38615226343756304,-0.3909840378377064
7500013725694,-1.0784421312694954,2.6722810938655703,1.4870520901410473,0.6872122624173004,-0.48265532528925903,0.38277548488279434,-0.3850533359496535
7500047013294,-1.08207,2.68562,1.48198,-0.691002,0.484641,-0.379373,0.379098
7500080304294,-1.0706408458533865,2.671018549495685,1.4922985562084512,0.6770630516940992,-0.46906960412719234,0.39294925767576,-0.4088400804797662
7500113594194,-1.0602590200063189,2.6556480213453706,1.5027751026445522,0.6620853738908277,-0.4528164982722517,0.4059369793471111,-0.43796728801457535
7500146886894,-1.0509801650902963,2.6395906795093795,1.513402399878783,0.6460898681077634,-0.4359044256791548,0.4183170563622911,-0.46643976498386885
7500180171894,-1.0428570020024714,2.6229399252990895,1.5241678479595677,0.629106033453169,-0.4183644666771389,0.4300660217205582,-0.49420642312319857
7500213460494,-1.0359295796105987,2.6057819670462528,1.5350651709446967,0.6111540428705998,-0.40021729931674016,0.44116922618105053,-0.5212356118698616
7500246756394,-1.0302334716002985,2.58820944855849,1.5460850994703679,0.5922586785449572,-0.38148800996956334,0.4516097989079497,-0.5474898587809318
7500280039994,-1.0258,2.57033,1.55721,-0.57246,0.362216,-0.461365,0.572915
7500313328594,-1.018301804639814,2.5250958103407584,1.5437960115603881,-0.5307031787625861,0.3293533780796422,-0.49332025397000956,0.6054053315108648
7500346624994,-1.0172371759748728,2.479732199749633,1.529771418004172,-0.48635957605420804,0.2948285134368169,-0.5228083701397803,0.6349818253751791
7500379927194,-1.0225699950968494,2.4351396801352334,1.5152343221446736,-0.43965076673504927,0.25880787597321536,-0.5496837783752925,0.6614933336282222
7500413196294,-1.034120940974388,2.392250428725816,1.5003076104604507,-0.3908657955270823,0.2215080477051169,-0.5737893559117853,0.684780176210722
7500446492994,-1.0516221591371886,2.3518348428483002,1.4850752102936708,-0.34015820692373405,0.18304078564663764,-0.595054424534689,0.704768541362327
7500479780294,-1.074655349734331,2.3147395609726398,1.4696683794833822,-0.28783385846566645,0.1436331760338216,-0.6133519404536766,0.7213325015586873
7500513064894,-1.10271,2.28169,1.4542,-0.234142,0.103468,-0.628601,0.734393
7500546361594,-1.1100431662999422,2.2656951598916937,1.4651093430505087,-0.21565835709756745,0.08599862094839525,-0.6252954386655742,0.7450512227981237
7500579660194,-1.118317782920743,2.2504576276084682,1.4761750137132026,-0.19699823042264986,0.0684776423415383,-0.6214995258230127,0.7551429329017516
7500612933494,-1.1274844936864743,2.2360406332709473,1.487372893783257,-0.17819171158456848,0.05093278967014081,-0.6172193007474416,0.7646527967933019
7500646223494,-1.1375101220565875,2.2224747591002116,1.4987017144722878,-0.1592299691019355,0.033355333396827544,-0.6124524795858595,0.7735859350601688
7500679511394,-1.1483425236140385,2.209814671965714,1.5101394243611124,-0.14013858025064482,0.015768594944383464,-0.607204745617243,0.7819302568891376
7500712802294,-1.1599338357698161,2.1981021231771996,1.5216716961064807,-0.12092969011395475,-0.0018167094274292922,-0.6014789642842077,0.7896807995256033
7500746089994,-1.17223,2.18738,1.53328,-0.101622,-0.0193839,-0.59528,0.79683
7500779379794,-1.1589628498928914,2.1800287805220866,1.5321386617845454,-0.10460029927691934,-0.016312967602046403,-0.59878468412874,0.7938825898909981
7500812669994,-1.1456316227899166,2.1728023463623987,1.5309072917233673,-0.10757737565817824,-0.013243539648595351,-0.6022650738039925,0.7909035957561117
7500845996494,-1.1322230995336116,2.1656944846099755,1.5295855427203637,-0.11055637470836555,-0.010172423492497501,-0.6057250003825633,0.7878902421804553
7500879250594,-1.1187823846420595,2.158729522414224,1.5281790115838516,-0.11352747327281255,-0.0071097393740398715,-0.6091530680557056,0.7848525365294076
7500912538294,-1.1052680195059474,2.151886364071474,1.526684524987313,-0.11650003542557548,-0.0040458272933975165,-0.6125600972760632,0.7817809797203382
7500945828094,-1.0916939828006784,2.1451730003766443,1.5251045291943572,-0.11947113684087712,-0.0009836953046386007,-0.615942676271813,0.7786785597103677
7500979123794,-1.07806,2.13859,1.52344,-0.122441,0.0020769,-0.619301,0.775545
7501012406394,-1.0615177981739687,2.131355289981612,1.5218741348358114,-0.12099714583335636,0.010122101146292098,-0.6153722107806718,0.7788287847579045
7501045694994,-1.0449213967989264,2.12425625032578,1.5201689078355207,-0.11954056813076501,0.01816140191105485,-0.6113779231764047,0.7820468343418476
7501078992594,-1.0282721552617262,2.117290523142699,1.5183224115586675,-0.11807117085192413,0.026194754677123892,-0.6073181677104738,0.7851991318193454
7501112273194,-1.0115859804114626,2.1104616406873986,1.5163345364662244,-0.11659014350191353,0.03421512423048888,-0.6031965435923177,0.7882829400097257
7501145563194,-0.9948525410996454,2.1037622339220095,1.514202209561079,-0.115096354566752,0.04222811131767544,-0.5990102156955199,0.7913004342677902
7501178859794,-0.978076104330485,2.0971910065121433,1.5119240185272922,-0.11358996130764784,0.050232271829831865,-0.5947599098881481,0.7942510240136824
7501212142294,-0.96127,2.09075,1.5095,-0.112072,0.0582219,-0.590449,0.797133
7501245430894,-0.9380628947553605,2.0888583981937088,1.5121807016062603,-0.12332615827944884,0.05525507068979351,-0.5909815827079115,0.795285046223774
7501278721594,-0.9148728608558502,2.0872549311425197,1.5152297942798423,-0.13456242242944172,0.05227093189306699,-0.5914271623055443,0.7933313405104846
7501312010894,-0.891713209300394,2.0859370275834213,1.5186486781914954,-0.1457780165554946,0.049270264254205616,-0.591785245792817,0.7912720352769975
7501345301194,-0.8685931324665969,2.084901684572334,1.5224390843328524,-0.1569722124148073,0.04625335087124408,-0.5920557148468738,0.7891073327374037
7501378589794,-0.8455253489454906,2.084145923177056,1.5266019658201457,-0.16814256935009406,0.04322093964003764,-0.5922384174839939,0.7868377746429284
7501411877894,-0.8225198438132988,2.0836664851941555,1.5311384876415701,-0.17928796218503165,0.04017342893377885,-0.5923332493863104,0.7844636663955167
7501445168994,-0.799585,2.08346,1.53605,-0.190408,0.037111,-0.59234,0.781985
7501478456294,-0.7892331714183118,2.0768612629101884,1.530622026175323,-0.19299445480437885,0.03770976756689082,-0.5934871060498638,0.7804512597192534
7501511746294,-0.778834392342826,2.070344615138954,1.5251935531874605,-0.19557827741789652,0.03831021604102755,-0.5946281935795213,0.7789087084822545
7501545036494,-0.7683898900136046,2.0639108183154673,1.5197652617033013,-0.19815927485489596,0.03891229830378089,-0.5957632721787097,0.7773576129122401
7501578325594,-0.75790052847389,2.0575603786466403,1.5143376365425194,-0.2007373145394475,0.039515981788528415,-0.5968922896977019,0.7757980486145957
7501611616894,-0.7473657223473763,2.051292925901803,1.5089104123611472,-0.20331261973868742,0.040121317357248235,-0.5980153499293762,0.7742298752937375
7501644905094,-0.736787609401846,2.0451097066609347,1.5034847253472636,-0.20588474868230736,0.0407281996315683,-0.5991322664995564,0.7726533577574739
7501678195394,-0.726165,2.03901,1.49806,-0.208454,0.0413367,-0.600243,0.771068
7501711510894,-0.7364837433142162,2.0315713631879855,1.5048078897979635,-0.19786584722081535,0.043723763957436566,-0.5946297108983208,0.7780442441699335
7501744772994,-0.7468143179461366,2.0244429797339016,1.511830248654552,-0.18725519670406696,0.04609902789323339,-0.5889082485502216,0.7848550475878526
7501778061194,-0.7571727552587973,2.01761314682577,1.519138165600001,-0.17659891329934702,0.04846773186687917,-0.5830664134314203,0.7915157991584186
7501811378794,-0.7675514751366886,2.011087418931802,1.5267274909373563,-0.16589796336212437,0.05082962968922108,-0.5771044864732112,0.7980254546005704
7501844639494,-0.7779149337049871,2.0048875291598325,1.5345724470294393,-0.15518222720603017,0.05317815688558138,-0.5710392225641215,0.8043660648504463
7501877929194,-0.7882812388301573,1.9990020362768124,1.5426869629680204,-0.14442619815402244,0.05551893454544021,-0.5648562932334488,0.8105529527355275
7501911226294,-0.798635,1.99344,1.55106,-0.133639,0.05785,-0.558561,0.816581
7501944508894,-0.796793889769092,1.999913310681566,1.5401446450774448,-0.162796861842359,0.08803869151728909,-0.5670817876063622,0.8025986647979029
7501977797194,-0.7955462342380981,2.006280793707022,1.5294353133492884,-0.19164120301851945,0.11802048790296536,-0.5744896912573267,0.7869602330358392
7502011087494,-0.7948756008934899,2.012489386781856,1.5189423953459713,-0.2201119203010762,0.14772988601904763,-0.5807668840867021,0.7696989344324151
7502044377994,-0.794760837813617,2.0184877755760677,1.5086737831438028,-0.2481514379931106,0.17710380722216892,-0.5858987756266365,0.7508513368227913
7502077665894,-0.7951763606106214,2.0242262926746992,1.4986357251252989,-0.275702294520639,0.2060791397979032,-0.5898731734006917,0.7304582618044708
7502110956194,-0.7960926088101407,2.0296587806759665,1.4888301747674386,-0.30271442922541947,0.2346004433662064,-0.5926810796548897,0.7085589207188223
7502144244194,-0.797476,2.03474,1.47926,-0.329131,0.262605,-0.594315,0.685202
7502177534394,-0.7889946787287633,2.0741248548979185,1.4875734803613276,-0.3852741673406808,0.3061856217009281,-0.5649091550326087,0.6623381520068924
7502210823394,-0.7870555630523141,2.115328224110637,1.4955758872528304,-0.4389230070735235,0.3477946785758753,-0.5317917678150254,0.635281804477359
7502244112794,-0.7918579253522535,2.1572892988533496,1.5031412438035392,-0.4897295923934738,0.38717267535297106,-0.4951751390665067,0.6042051203396168
7502277403194,-0.8034286934504715,2.198926676528952,1.5101530986717038,-0.537362576371686,0.42407301792105323,-0.4552953684758527,0.5693063010638049
7502310692494,-0.8216196901136177,2.239163911525396,1.5165076537642115,0.5815074802269932,-0.45826211064374794,0.41241342602369635,-0.5308107519858539
7502343983994,-0.8461155891224239,2.2769669098248855,1.5221184031621373,0.6218796094649814,-0.48952923333481485,0.36680317319149125,-0.48896044132318445
7502377270794,-0.8764314233807678,2.3113528637910865,1.5269161071856172,0.6582066929233502,-0.5176729696694584,0.3187705566649608,-0.44403150571555366
7502410561894,-0.8946826782508477,2.3428776552056476,1.5241704301471084,0.6638241650627374,-0.5240631037340905,0.31654768250233806,-0.42952637391171966
7502443871294,-0.9139667060356436,2.374027108327951,1.521747565538192,0.669242585759331,-0.5303249633291093,0.31421432201591515,-0.41489655881463067
7502477139494,-0.9342316764714076,2.4047130238080134,1.5196603718415544,0.6744506443575055,-0.5364458716003808,0.3117757751412682,-0.4001724893139393
7502510427694,-0.9554964583127843,2.4349597839538597,1.51791321415037,0.6794563378576588,-0.5424356215179359,0.30922871510650995,-0.385331394006622
7502543723394,-0.9777357337586623,2.4647235098283002,1.5165153480729128,0.6842558153740019,-0.5482902358830966,0.3065750577710589,-0.3703829508964878
7502577220094,-1.001068013990201,2.4941408255976385,1.515469850201081,0.688873345725363,-0.554040910418735,0.3037995237514991,-0.3552436241509284
7502610295694,-1.02503,2.52264,1.5148,-0.693224,0.559581,-0.300956,0.3402
7502643592294,-1.0285835591193015,2.540549721361137,1.5141804776509322,0.6944765104560862,-0.5554571696233527,0.3027340558495965,-0.34281452794128386
7502676875994,-1.0320032080194066,2.558482116380044,1.5136684079502014,0.6957090844358004,-0.5513193218805424,0.3045029395177651,-0.34541834777515756
7502710164094,-1.0352910025635762,2.576444808246844,1.5132642155432439,0.696922000753768,-0.5471651607428814,0.3062633786715766,-0.348012578248621
7502743454194,-1.038446910456893,2.5944348201538676,1.5129686803355513,0.6981151313933668,-0.5429950998683137,0.3080151939271485,-0.3505969554183885
7502776743694,-1.0414709344824744,2.612449056085077,1.5127825395891656,0.6992883476530712,-0.5388095831531842,0.3097581983670873,-0.3531712027944881
7502810031694,-1.0443632784226098,2.630485331368756,1.5127064826330605,0.700441585910581,-0.5346088448960612,0.31149229629606484,-0.35573517823540285
7502843322494,-1.047124596316801,2.648544278739382,1.51274118814446,0.7015749608942895,-0.5303924614592476,0.3132176620376104,-0.35828913918938454
7502876611994,-1.0401059526569343,2.635408712751415,1.5154538134441267,0.696949502484076,-0.5209485165435831,0.31816024245963503,-0.3763616534880585
7502909900794,-1.033656817149449,2.622005450919028,1.5182668289855847,0.6920026391651766,-0.5112640384754807,0.32295589492603505,-0.3942599653562312
7502943190894,-1.0277885801280922,2.60835654326389,1.5211709783370615,0.6867363466688318,-0.5013429099502273,0.3276026965307341,-0.4119768804585714
7502976479194,-1.0225124635007008,2.594486579270198,1.5241563930751223,0.6811535513514255,-0.4911906399217399,0.3320980797894421,-0.42950257290821675
7503009769394,-1.0178374801124923,2.580417740288376,1.5272136577947217,0.6752562061465708,-0.4808107863728787,0.33644047527768,-0.4468308968311869
7503043087094,-1.0137693304606001,2.566163071780528,1.5303353229221581,0.6690420838843699,-0.4701998659877416,0.34063101832769993,-0.46396690115761896
7503076349594,-1.0103247048096582,2.5517825647616097,1.5335035756874356,0.6625298593111849,-0.45938938534176066,0.34465757642375827,-0.4808604092354894
7503109637494,-1.0134033376090774,2.55132492784621,1.5340586929556657,0.6767335112048,-0.47912174140181313,0.328528301533814,-0.45226459823849174
7503142943394,-1.0164356772703336,2.5506235412392857,1.5346622994542105,0.689814121095393,-0.4980648713182524,0.3118414331779189,-0.42289807619527514
7503176220994,-1.0193975737847518,2.549684563548506,1.535314864484287,0.7017322066394491,-0.516161221917731,0.29464827430192947,-0.3928509865129773
7503209505594,-1.0222727331263297,2.5485138866204817,1.5360180335057896,0.7124816178023508,-0.5334005870330051,0.27695980251566166,-0.3621422729219504
7503242794994,-1.025041998126068,2.547119670653436,1.536772451422627,0.7220430762737812,-0.5497526007333211,0.25880646702876586,-0.3308248579174979
7503276090994,-1.0276872426284445,2.545511427016804,1.5375785090762095,0.7304005195938262,-0.5651903908325329,0.24021737874222376,-0.2989490157833816
7503309373894,-1.0301895570070692,2.5437012922806796,1.5384356951958822,0.7375354083076744,-0.5796793362817845,0.22123469799680925,-0.26658694075779965
7503342661894,-1.0612728890932335,2.567448080700303,1.5374672106841556,0.7530296067734141,-0.5936345955016555,0.17621790323993794,-0.2224671412231095
7503375959594,-1.09520767111105,2.5868937028861225,1.5358649942333744,0.7652071561865023,-0.6049766490166781,0.1304109759891889,-0.1773534313371588
7503409242194,-1.1313677805558093,2.601684799972247,1.5336248908360295,0.7740061402068669,-0.6136477045048654,0.08405009673555701,-0.13147840475424485
7503442530394,-1.1691351063383888,2.61157445468916,1.5307515413940562,0.7793946907413005,-0.6196160635822524,0.03731109093902308,-0.08501607076339654
7503475820694,-1.2078383194953892,2.6163881767940933,1.5272619526567566,0.7813473129845869,-0.6228538430157752,-0.009595188344472752,-0.038175896752795924
7503509109494,-1.2467888888501035,2.616042960633032,1.5231842740389672,0.7798551061743675,-0.6233463359404239,-0.056456877240425654,0.008830620344786688
7503542397994,-1.2852994625820893,2.6105477239675463,1.518556568308046,0.7749248855729107,-0.6210915988501953,-0.10306906725343037,0.05579798323440641
7503575688394,-1.3200640799652823,2.6135607611392433,1.5124539251870515,0.772681212087858,-0.622737967245944,-0.1029045912186969,0.06761518870003465
7503608979394,-1.354963262260614,2.6158987964559177,1.506827630821858,0.7703234682076814,-0.6242927226152901,-0.10272488753576564,0.07942259312589994
7503642268394,-1.38997526514076,2.617563194262952,1.5016851242953495,0.7678521934560701,-0.6257555197441551,-0.1025299952013865,0.09121753448996445
7503675557094,-1.4250827880256056,2.6185560116068345,1.497032837412376,0.7652676382968329,-0.6271262268722754,-0.10231993201588695,0.10299887793949765
7503708845294,-1.460266485052684,2.6188795647001557,1.4928772359597715,0.7625702040214205,-0.6284046365437596,-0.10209472827199143,0.11476481676935149
7503742136594,-1.4955109907589565,2.618536503937496,1.4892240930072378,0.7597599839236229,-0.629590687421836,-0.10185438861418789,0.12651488710861789
7503775424294,-1.53079,2.61753,1.48608,-0.756838,0.630684,0.101599,-0.138245
7503808715994,-1.557642690185079,2.6264948483028654,1.4875996727229108,0.7488207136823004,-0.6360174254337264,-0.10630336859796898,0.15313055583295226
7503842003594,-1.584713995352495,2.6346372137990115,1.4892210562003874,0.7405565541454039,-0.6411301646745493,-0.11097570701831952,0.1679657539751923
7503875292994,-1.6119835182158444,2.641953967072091,1.4909628451126753,0.7320467899415137,-0.6460214303872542,-0.11561540333536882,0.1827481527357566
7503908587194,-1.6394282929080217,2.648441967808079,1.49284348333372,0.7232934097927145,-0.6506899898212586,-0.1202214372130758,0.19747401482539725
7503941872094,-1.6670109211067219,2.654096192999779,1.4948801941932839,0.7143030776346039,-0.6551323812465679,-0.12479044693164879,0.21213208309573053
7503975165494,-1.6947201664462648,2.658918365070246,1.497091893903104,0.7050739821648957,-0.6593495360028707,-0.12932346897503658,0.2267251847925113
7504008457494,-1.7225216454802441,2.662906566497806,1.4994955688829406,0.6956118584652539,-0.6633387531678199,-0.13381774626803897,0.24124396716191832
7504041740194,-1.7538858477558554,2.6773051152742187,1.496193463576537,0.6738163977415277,-0.6484302869382121,-0.18888521066257177,0.29971987306285713
7504075028794,-1.7871552093852392,2.685830764335611,1.4930208578720947,0.6472286962742712,-0.6288507947822842,-0.24262103490123946,0.3560571949058866
7504108326094,-1.821316851369473,2.6882445214517974,1.48996597179742,0.6160330570332636,-0.6047365896444747,-0.29464704165273486,0.40985369417965906
7504141608994,-1.8553053348058663,2.6844850397212183,1.4870148543218715,0.5804745735690396,-0.5762791192878014,-0.3445581994740424,0.46068567732014803
7504174896594,-1.8881033664971691,2.674667851093733,1.484145706418446,-0.5407881151960698,0.5436688566213641,0.3920295510027503,-0.5082176895221998
7504208187194,-1.9187060900557606,2.6590793372946107,1.4813351900610463,0.497256968870826,-0.5071408336067734,-0.4367206407623517,0.5521039428677776
7504241476294,-1.946169292548935,2.638173957102706,1.4785574266725374,0.45019674114271097,-0.4669627243873524,-0.4783078203017083,0.59202224395326
7504274764594,-1.9504306725871983,2.6291974839070797,1.4759054263040956,0.39099685165645703,-0.4178356378034928,-0.5245012835728198,0.6304230685076105
7504308055494,-1.9527638518651846,2.6191275707351824,1.4731644396132635,0.3280929532375338,-0.3647005553647648,-0.5657305451253678,0.6627951940567011
7504341348394,-1.9529929473004328,2.6083600035244476,1.470334647149713,0.26208239666829336,-0.3080670597254063,-0.6016031039293426,0.6888259645304661
7504374632694,-1.9510231957979978,2.5973205774555828,1.4674203021559253,0.19361319659044635,-0.2484969530289154,-0.6317692991642132,0.7082589548145037
7504407923294,-1.9468423033963511,2.5864370392486875,1.464426570601256,0.12330452189292615,-0.1865349693454734,-0.6559573100153291,0.7209165745975701
7504441211794,-1.9405233920609777,2.5761387916702705,1.461363632199877,0.05184053185651799,-0.12279016827126782,-0.6739306735925362,0.7266722652089163
7504474536794,-1.93221,2.56682,1.45824,0.0201844,0.0577981,0.68553,-0.725466
7504507789794,-1.9288858628252596,2.563386160115547,1.4477513466845924,-0.05032953920067696,-0.033104153846712045,-0.6797339646196084,0.7309807041396166
7504541082294,-1.9254223089357119,2.5603374710150986,1.4373149114461035,-0.08041796649919378,-0.008317871176001905,-0.6728430081610198,0.7353543703902655
7504574370594,-1.9218547955339298,2.557688398176842,1.4269366005462722,-0.11036205495828307,0.016489557300571386,-0.6648757367216396,0.7385719775649989
7504607660694,-1.9182144338947118,2.5554456934490934,1.416606259524256,-0.14011945808575485,0.04128376439724926,-0.6558439627195799,0.7406287091567711
7504640953794,-1.914533229878481,2.5536140138170955,1.4063149218281277,-0.1696437595344975,0.06602680445689924,-0.6457619671628806,0.7415206927052939
7504674238394,-1.9108448065308468,2.5521958864036836,1.396057261682804,-0.19887778255920974,0.09067138907569418,-0.6346500012815703,0.7412460473289005
7504707528094,-1.90718,2.55119,1.38582,0.227787,-0.115189,0.622522,-0.739805
7504740821994,-1.915666609219617,2.5501456820969635,1.3611879234912445,-0.2268804307591358,0.11537434843477365,-0.6321502132956038,0.7318470726129354
7504774106494,-1.9243367855054945,2.54967920571365,1.3365900616423871,-0.22593940056004452,0.11553958319697033,-0.6416768281010881,0.7237767889808051
7504807395594,-1.9331938598124372,2.549789444271505,1.3120311817914014,-0.22496363495316934,0.11568473296984148,-0.6511042190693982,0.7155918539337789
7504840691294,-1.942238064997463,2.550475529854038,1.287524928995492,-0.22395323453122157,0.11580978341115393,-0.6604314194618807,0.7072929965699015
7504873973194,-1.9514632903746458,2.5517353319062197,1.2631013548345695,-0.22290901099721694,0.11591465493072876,-0.6696512820041899,0.6988866332236423
7504907262994,-1.9608748761245194,2.5535676371359073,1.2387595286787132,-0.221830479800168,0.11599941531061957,-0.6787683960869972,0.6903686249770532
7504940553094,-1.97047,2.55597,1.21452,0.220718,-0.116064,0.687779,-0.681742
7504973843294,-1.9727435272942808,2.5517012964107932,1.209926582396921,0.21448182658776385,-0.10949404223200704,0.6897363470690067,-0.682841396161052
7505007130994,-1.9751004576352653,2.547475608626063,1.2053228422717812,0.2082309185654676,-0.10291185307524857,0.6916356488458132,-0.6838780332015578
7505040421494,-1.9775402927392542,2.543293900004266,1.2007080668498107,0.2019648715929533,-0.09631702157663716,0.6934772799101976,-0.6848521623280466
7505073711694,-1.9800619098414447,2.5391581842319058,1.1960827086402188,0.19568479344216805,-0.08971076352662363,0.6952609320371094,-0.6857635721630716
7505106999194,-1.9826641816267314,2.5350703552754608,1.1914471297864753,0.18939166519335232,-0.08309416128348977,0.6969863589000883,-0.6866120979294495
7505140289594,-1.985346582721132,2.5310313108046123,1.186800581344842,0.1830849556017414,-0.07646670718741304,0.6986537298237432,-0.6873977796935302
7505173604994,-1.98811,2.52704,1.18214,0.176761,-0.0698246,0.700264,-0.688121
7505206868294,-1.9538819501345788,2.5190800521307244,1.2145235512576678,0.17185901714217364,-0.08074739327162776,0.6950507958493756,-0.6934325691052541
7505240158194,-1.9189628251304018,2.511920219067081,1.2464031741346242,-0.1669303747805544,0.09167041425274249,-0.6896958137884601,0.6986060904179322
7505273448294,-1.8833957900308183,2.505563078983211,1.2777251311375555,-0.16198002227413685,0.1025827321452118,-0.6842040461311722,0.7036363256025279
7505306736894,-1.8471995401266732,2.5000042408925136,1.3084604598571556,-0.15700929403219369,0.11348153640921861,-0.6785767577678627,0.7085221283057931
7505340026094,-1.8103892079234767,2.495238062096746,1.3385841750453484,-0.15201895931984277,0.1243652620958177,-0.6728146029394114,0.7132629442657404
7505373319594,-1.7729784965384667,2.4912583396436956,1.368073004016655,-0.14700954331944618,0.1352328638268239,-0.6669179422209875,0.7178584296767205
7505406604894,-1.735,2.48806,1.39689,0.141984,-0.146078,0.66089,-0.722306
7505439894494,-1.7052097842606162,2.482129899115198,1.4026123286752439,-0.14465387014874312,0.15533627050893575,-0.645082315177955,0.7340399904364985
7505473191194,-1.6753203050981074,2.4769870871341073,1.4084941451190858,-0.1472430915936026,0.16451528746173413,-0.6289593259701535,0.7454289761234878
7505506473294,-1.6453646990867068,2.472640368037964,1.4144994945213056,-0.14974859812785107,0.17360494727834588,-0.6125395263375547,0.7564601829001909
7505539760894,-1.6153386169715414,2.4690909750822345,1.4205996831817604,-0.15217056058889358,0.1826066540483201,-0.5958210826325084,0.7671350388803556
7505573058194,-1.5852519993226268,2.4663416491380894,1.4267631205704336,-0.1545078962925032,0.19151740565248657,-0.5788097881730592,0.7774494340022794
7505606341494,-1.5551400695567095,2.4643952843376473,1.4329529225372788,-0.15675767499218715,0.20032685074649093,-0.5615260476152687,0.7873910604335129
7505639629194,-1.525,2.46325,1.43914,0.15892,-0.209036,0.543969,-0.796961
7505672919994,-1.539334151014414,2.44347224139374,1.4460042658896948,-0.15609003378487762,0.20916050261044222,-0.5417986253699391,0.7989630999289188
7505706207894,-1.5537367114734306,2.423801425158945,1.4530380281525768,-0.15325846694261738,0.20928203943831272,-0.5396188665993972,0.8009521515602048
7505739497394,-1.5682088263416794,2.404236300277104,1.460241663304299,-0.15042490806953115,0.2094005455457111,-0.5374292686851655,0.8029281037041611
7505772787694,-1.5827493530120287,2.3847787555789783,1.4676144406733078,-0.14758947405488418,0.2095160120885442,-0.5352299190241446,0.8048908755900538
7505806112694,-1.5973723998512919,2.3654105527677425,1.4751635499632247,-0.1447493238574687,0.20962854581732432,-0.5330185988084175,0.8068424129566015
7505839364994,-1.6120299152380329,2.346195315680291,1.4828637756683567,-0.14191366274607758,0.20973778351640854,-0.5308024875952553,0.8087764175928387
7505872655794,-1.62677,2.32707,1.49074,0.139073,-0.209844,0.528574,-0.810699
7505905970994,-1.6509747271722865,2.3117001799844705,1.4792608259821791,-0.14032718997831067,0.2110229186288013,-0.5370596981272777,0.8045772108465481
7505939234494,-1.6751926756076894,2.2965896669387393,1.4675980804837323,-0.14156780128775756,0.21217409314455715,-0.5454714585918257,0.7983743480965186
7505972523994,-1.699481446580801,2.281706692919737,1.4557294057992771,-0.14279768591550562,0.2133002453342951,-0.5538282665550027,0.7920770653176288
7506005814294,-1.7238237840695858,2.2670665189639436,1.4436682840805646,-0.1440157809908655,0.2144004079333915,-0.5621227686366692,0.7856907234299207
7506039104094,-1.748219783957707,2.2526733277196853,1.4314200007433893,-0.14522192165611314,0.21547445715054872,-0.5703536940633598,0.7792162828473631
7506072390994,-1.7726687022296344,2.2385316263265076,1.4189903621729842,-0.1464159067198676,0.21652224224907732,-0.5785195200988531,0.7726549461017019
7506105686494,-1.79718,2.22464,1.40638,0.147598,-0.217544,0.586622,-0.766005
7506138970894,-1.803231468214273,2.216622789491435,1.4035615453715493,-0.1491664792473963,0.2148696260448261,-0.593820161722089,0.7608929102078982
7506172260394,-1.8092995839767299,2.20868200343881,1.4005932390584,-0.15072350885519986,0.21217296607461608,-0.6009666455467142,0.7557143291520987
7506205554394,-1.8153837975362517,2.2008206169687408,1.3974764391656391,-0.15226897863605812,0.20945435344873406,-0.6080607871040493,0.75046992688109
7506238840394,-1.8214813677766475,2.193044339647223,1.3942137598233775,-0.1538022040701762,0.20671506410610738,-0.6150993037604241,0.745162137261553
7506272128194,-1.8275936233225039,2.1853536007727974,1.3908057535128273,-0.15532353454927572,0.20395455144398164,-0.6220836601646808,0.7397898757867116
7506305425494,-1.8337215156336821,2.17774937979884,1.3872530813108166,-0.15683321141655596,0.20117242234359975,-0.6290148260449522,0.734352332944355
7506338707494,-1.83986,2.17024,1.38356,0.15833,-0.198371,0.635887,-0.728854
7506371995994,-1.8163502916140586,2.172374303024725,1.3713148959427055,-0.1585781109589657,0.19954281935966733,-0.6443956916274103,0.7209645196392904
7506405287094,-1.7929330753573338,2.17481193459749,1.3589401243216732,-0.15880332598633312,0.2006871922363323,-0.6528175581928135,0.712976430355975
7506438574394,-1.7696140652624046,2.1775549639268355,1.3464454470294016,-0.15900558748376964,0.20180374190171546,-0.6611498825429362,0.7048924071919551
7506471863994,-1.7463901454420547,2.1806062625365166,1.3338360223667294,-0.15918491168455356,0.2028925074461207,-0.6693930660946598,0.6967120763834923
7506505154494,-1.723263417409382,2.1839679702501056,1.3211198641289201,-0.15934126862543727,0.2039532758599325,-0.6775456299151289,0.6884368821916427
7506538444594,-1.7002358428170559,2.1876420193131176,1.3083050218429086,0.15947463579792037,-0.20498584553430604,0.6856061465728811,-0.6800682726382636
7506571731994,-1.67731,2.19163,1.2954,0.159585,-0.20599,0.693573,-0.671608
7506605022494,-1.6408991599100171,2.2167878814630053,1.291826062519373,0.16201231534101962,-0.1689846848752699,0.6984444125126721,-0.676292531812437
7506638314694,-1.6030533301914938,2.2399737602219143,1.2906351919379306,0.16419932842146642,-0.13173699651707022,0.7023152820606914,-0.6800273442139017
7506671600594,-1.5640141442360154,2.2610824253184796,1.2918696470132622,0.1661429578437603,-0.09430886694380103,0.7051790411549541,-0.6828066161736299
7506704890494,-1.5240087072433957,2.2800324355681005,1.2955583784809808,0.16784158791123532,-0.05674194348540275,0.7070322992361097,-0.68462754914905
7506738181594,-1.4832846898985952,2.2967458729666324,1.3017166671283937,0.16929313687635636,-0.019092760656579173,0.7078717310553577,-0.6854873541282621
7506771469194,-1.4420964753188452,2.3111576172872383,1.3103445194732148,0.17049590738671605,0.018579842825150895,0.7076958441269754,-0.6853849481936272
7506804757594,-1.40069,2.32322,1.32143,0.171449,0.0562272,0.706505,-0.684321
7506838052794,-1.3792342014946335,2.3317719411723523,1.3205204253907843,0.1664254057489289,0.05796898531483061,0.7105343814733547,-0.6812364301820262
7506871339594,-1.3577244697140634,2.340176116059678,1.3195859293472687,0.16139428655370955,0.05970829095896803,0.714524439928935,-0.6781162356136449
7506904626794,-1.3361564054857775,2.348434574450175,1.318624390922261,0.15635452424357002,0.061445461163478356,0.718475748044445,-0.6749594932460389
7506937921194,-1.3145268625257263,2.3565487595100283,1.317633726274453,0.15130536415395046,0.0631807567311686,0.7223888892982517,-0.6717657116700402
7506971205294,-1.2928485091885762,2.364514263237708,1.3166125886097282,0.14624973975245273,0.06491317253171933,0.7262616042101624,-0.6685367423741859
7507004495894,-1.2711117173270112,2.372334998203477,1.3155586019850796,0.14118537920533755,0.0666434899158429,0.7300956482319653,-0.6652711314819157
7507037789594,-1.24932,2.38001,1.31447,0.136113,0.0683714,0.73389,-0.661969
7507071073794,-1.247836864619893,2.376352257787036,1.3150547972937785,0.13291198671571516,0.05737782236149164,0.7301119808657528,-0.6678163555084746
7507104362394,-1.2463236986046495,2.3727131449714194,1.3156524590140524,0.12968377503199977,0.04637221707959968,0.7262033961142165,-0.6735431414903952
7507137688794,-1.244778902363238,2.3690895254466113,1.3162626813786735,0.1264257543498128,0.03534551506446426,0.7221612102196054,-0.679154186953201
7507170940894,-1.2432077185074784,2.3654940177757227,1.316882459192075,0.12314953271928254,0.02433677196338091,0.7179999763814535,-0.6846297890375914
7507204229794,-1.2416049671792346,2.361915021745952,1.3175129038111872,0.11984481883251011,0.013311170249051782,0.7137067757286983,-0.6899874422223562
7507237520294,-1.239972332815562,2.3583567882311747,1.3181524181735536,0.11651568111979971,0.002282315187481108,0.7092867178662843,-0.6952202808815694
7507270809894,-1.23831,2.35482,1.3188,0.113163,-0.00874701,0.704741,-0.700327
7507304098294,-1.2535553975525975,2.349235261335791,1.3165489360418985,-0.12195560533550531,0.03091619160352733,-0.6990982258632843,0.7038697962114817
7507337388894,-1.2685502556578678,2.342925755932224,1.3147016460264094,-0.1306638044464879,0.05307359843321395,-0.6930310588676006,0.7069781572310225
7507370695294,-1.2832628963292192,2.3359073893498024,1.3132663573182315,-0.13928589054097698,0.07521468130639021,-0.6865405292677209,0.7096508254662872
7507403966694,-1.2976342825676535,2.328212240331696,1.3122525047879219,-0.14780367403170602,0.09729213724971605,-0.67964105739531,0.7118822564685093
7507437257094,-1.3116519017739805,2.319850755247868,1.311664685721507,-0.15622599413869437,0.11932828810608673,-0.6723261559574384,0.7136748128024006
7507470547294,-1.3252721604977677,2.3108512560295464,1.3115090706861283,-0.16454292116068955,0.14129686786123954,-0.6646043558680044,0.7150257844230413
7507503835194,-1.33846,2.30124,1.31179,0.172749,-0.163183,0.656481,-0.715934
7507537124694,-1.3709292895673626,2.2995024637506822,1.312536717122891,-0.19112041952255215,0.20665130092694395,-0.6474433059871328,0.7082269343926263
7507570418694,-1.4031493937837685,2.2949748578009928,1.3144660966377735,-0.20903686638944435,0.24963685380751457,-0.6368424203410062,0.6988682002819818
7507603703694,-1.4348167001808398,2.287709949785137,1.3175947611532586,-0.22644710797068152,0.2920213133619597,-0.6247084676212921,0.6878841401837432
7507636993994,-1.465659544917385,2.277781492731656,1.3219305622668638,-0.24331581903759308,0.3337233299300539,-0.6110656065468972,0.6752962133478422
7507670287494,-1.4953982123403415,2.2652908562850715,1.3274693893732452,-0.25960013583099145,0.37464195796886723,-0.5959468738989788,0.6611342498281413
7507703571694,-1.5237550782680687,2.2503695119994824,1.3341935653689627,-0.2752539392186544,0.4146658944515764,-0.5793946437061809,0.6454373027396815
7507736862294,-1.55049,2.23316,1.34208,0.290246,-0.45372,0.561441,-0.628235
7507770155794,-1.5775963785252962,2.2159579477625257,1.3435314529107998,-0.29073838702907734,0.44059206929553163,-0.5746549473740641,0.6253970820527737
7507803440094,-1.60507834106992,2.199363797583964,1.3443711039448971,-0.29112328255339515,0.42731400022021354,-0.5876635161450628,0.6223355777738865
7507836728294,-1.6329275008726338,2.18339697392105,1.344614649100206,-0.291400685635296,0.4138853330420257,-0.6004672953404472,0.6190505623376001
7507870018694,-1.6611229150208915,2.168083662241943,1.344277992684209,-0.2915703836315135,0.4003114471507333,-0.6130610081532893,0.6155433834841623
7507903308794,-1.689642393959231,2.153449325395621,1.3433780276963803,0.29163222544572065,-0.3865981349778262,0.6254391986597347,-0.6118156061209227
7507936596594,-1.7184636358024665,2.1395180412222374,1.3419326010817834,0.2915861308211096,-0.372751070077532,0.6375967324166302,-0.6078688796775714
7507969887094,-1.74757,2.12631,1.33996,0.291432,-0.358773,0.649531,-0.603704
7508003186694,-1.7582539363651746,2.1187149713125204,1.3475600756064778,0.2895421723293337,-0.3394101602530399,0.6535969527693846,-0.6113731241152094
7508036464494,-1.769358283356549,2.1114892451985106,1.3548436170323768,0.2875207259158794,-0.31990643371534466,0.657363721100962,-0.6187605708322341
7508069755094,-1.7808738458965596,2.10464129764036,1.3618101819388755,0.2853665827915946,-0.30025050529220937,0.660833698468752,-0.6258708896136101
7508103044694,-1.7927747597097299,2.0981896163652687,1.3684491508960988,0.2830815549072111,-0.2804593620936763,0.6640036875845765,-0.6326977812189702
7508136342894,-1.8050425690823733,2.0921472122826272,1.3747553545793234,0.2806659879383051,-0.26053623290393196,0.6668730351270499,-0.6392400406570915
7508169622794,-1.8176445420736458,2.086532766161276,1.380717485273525,0.2781229987112385,-0.24050630105359397,0.6694382276189577,-0.6454895631563496
7508202943294,-1.83058,2.08135,1.38634,0.275449,-0.220343,0.671702,-0.651454
7508236201594,-1.8281337976628542,2.1021224962361282,1.3911715915189764,0.26329778539880994,-0.19779245791116687,0.6753800842979307,-0.6598591982622215
7508269490994,-1.8247114129140705,2.122783390448386,1.3960525018132173,0.2509403608259183,-0.1750749795163853,0.6785545331053413,-0.6677884638551999
7508302785294,-1.8203230214966373,2.143265518026908,1.4009925915422226,0.23839561883658808,-0.15222504771814105,0.6812199613179485,-0.6752291670749294
7508336070294,-1.8149825902150232,2.163510040603516,1.4060032102395454,0.22567843884608643,-0.12926926604570727,0.6833733420450405,-0.6821726866990421
7508369358894,-1.808703005115678,2.1834754215258423,1.4110995510613555,-0.21279355965997074,0.10621568205284002,-0.6850140334631725,0.6886166595514548
7508402653394,-1.8015009108628706,2.203114306526648,1.4162950398202,-0.19974976807192468,0.08307965350806785,-0.6861407061056981,0.6945565007635922
7508435938294,-1.7934,2.22237,1.4216,0.186563,-0.059889,0.686752,-0.699985
7508469261694,-1.7524712277380003,2.2447494959289975,1.4202381152771821,-0.22215918949241067,0.08238602102855613,-0.6819579451191073,0.6919473962318827
7508502522294,-1.7139309506757938,2.2707468245125364,1.4196720732044608,-0.25727098963910366,0.10469613658753385,-0.6759071188522369,0.6826418706456768
7508535806494,-1.6779886936507924,2.3002153128494465,1.4198529710822037,-0.2919251199631662,0.12683613797899548,-0.6685976538216464,0.6720636098921399
7508569101194,-1.6449570716048632,2.3329152141810994,1.420730338397136,0.32604281992955686,-0.14875590901559502,0.660044364963658,-0.6602341973762401
7508602385494,-1.6151296121502314,2.3685687028002613,1.422246985523449,0.3595393202456397,-0.17040098284679847,0.6502687847022519,-0.6471827329927806
7508635675094,-1.588740671307677,2.406912584088901,1.4243421615102074,0.3923683449367104,-0.19174140267095707,0.6392850284328238,-0.6329273013664716
7508668962994,-1.56602,2.44764,1.42695,0.424462,-0.212733,0.627116,-0.617497
7508702254694,-1.5761797675839393,2.4376189972036277,1.4346034585461886,-0.3886946353596861,0.18973092615242873,-0.6343076276688365,0.64075930706083
7508735541794,-1.5868143018120717,2.4281781851991173,1.4424060997762083,-0.3519839535773705,0.1662888447329239,-0.6400001887197834,0.6624613762175684
7508768831194,-1.5978652175839199,2.419360032183116,1.4503557775190092,-0.3144098984746722,0.14245962326685932,-0.6441805617232111,0.6825562800075751
7508802121494,-1.6092676201785028,2.4112033981529963,1.4584471246712123,-0.2760635651943248,0.11830282172156176,-0.6468375761681388,0.7009953640373399
7508835410994,-1.6209531121797354,2.403740646259921,1.4666734127005363,-0.2370384399821802,0.09387903342733472,-0.6479639144018464,0.7177341225597402
7508868699294,-1.632851041968613,2.3969969833266167,1.4750270075140692,-0.19742825075350157,0.06924853500521445,-0.6475561471916182,0.7327330772105157
7508901989394,-1.64489,2.39099,1.4835,0.157324,-0.0444695,0.645614,-0.745958
7508935281294,-1.6546498938556249,2.3807833952016315,1.4759054733680832,-0.14555686175726884,0.03819704530531829,-0.6510146141549659,0.7439987620164296
7508968569194,-1.6647963656365672,2.3710456303176186,1.4682914657877555,-0.13377043426144475,0.03190022982726509,-0.6562783437259073,0.7418804363311194
7509001857794,-1.675318563647287,2.3617854169479933,1.4606639693870465,-0.12196569541909091,0.025579600494072336,-0.6614052761607151,0.7396033489961154
7509035152394,-1.6862057294189454,2.353011199423526,1.45302883006346,-0.11014333565793012,0.01923556583641685,-0.6663952652838612,0.737167409089923
7509068437394,-1.697439854504257,2.34473638757612,1.445396681281472,-0.09831147275485472,0.012872530615899443,-0.6712451037804015,0.7345741371237844
7509101725094,-1.7090118383073996,2.336966745842892,1.4377717451015843,-0.08646831524174611,0.006489586041195229,-0.6759557645662392,0.7318230114460321
7509135020094,-1.72091,2.32971,1.43016,0.0746148,-8.72847e-05,0.680527,-0.728914
7509168304694,-1.691577350459811,2.326947716323467,1.4357088307110952,-0.11289927486843535,0.03872674067957613,-0.6771230425743407,0.7261255941676935
7509201594094,-1.6622187981368972,2.3273792747718516,1.4411610900192668,-0.15086859008803202,0.07724047559532672,-0.6716857988131686,0.7211870528007093
7509234888594,-1.6331821533385642,2.3309890607513064,1.4464977717661793,-0.18840899537838077,0.11551479564543972,-0.6642297124102994,0.7141129263630736
7509268176294,-1.6048219058098732,2.3377206581375,1.4516991062035236,-0.22539443221940628,0.15342285350168525,-0.6547790548008497,0.7049277745570802
7509301462694,-1.577469224512149,2.3474819832163645,1.4567494554578704,-0.26172014945737726,0.19085898697971837,-0.6433604361536309,0.6936589649455225
7509334769094,-1.551431905905646,2.3601535573156567,1.4616368571343865,-0.29729959051680516,0.22773602766152679,-0.6299982831095394,0.680331844368997
7509368040794,-1.52706,2.37555,1.46634,0.331968,-0.263885,0.614755,-0.66501
7509401329194,-1.519779374719416,2.376153600116195,1.467537817954838,-0.32514099450791206,0.25626077888004384,-0.6174990402091267,0.6688113951174924
7509434619694,-1.5124477409244321,2.3765214446312837,1.4687570635975011,-0.31827120869483444,0.24860467886131596,-0.6201654024457454,0.672528084895715
7509467907894,-1.5050713935768103,2.3766524006442964,1.4699974916679277,-0.3113604090426994,0.2409186789382053,-0.6227533661686003,0.6761591016507211
7509501197594,-1.4976548405707275,2.376545524199886,1.4712591484706894,-0.30440868130542337,0.23320288081580268,-0.6252628876534737,0.6797044154986367
7509534487994,-1.4902036249335449,2.376199947134335,1.4725419003941256,-0.297417066969904,0.2254584488867447,-0.627693566914905,0.6831634959175193
7509567777394,-1.4827235136243204,2.3756149634757944,1.4738455656229068,-0.29038680743351863,0.2176867640535566,-0.6300449588343768,0.6865357417293351
7509601065394,-1.47522,2.37479,1.47517,0.283319,-0.209889,0.632317,-0.689821
7509634356194,-1.4846485956300188,2.3511351430885434,1.4728815304726246,-0.259324773823212,0.1889006122653988,-0.6368210470115243,0.7010892770899034
7509667648994,-1.4956195818471296,2.3281399197694523,1.4707280491017454,-0.23503331585414486,0.16768320337942377,-0.6405896706644428,0.7115381631234134
7509700933894,-1.5080809482947986,2.305915032182315,1.4687033613357012,-0.21047988108515886,0.14626788895501158,-0.6436175489977414,0.7211521163673873
7509734224394,-1.5219822965654715,2.2845518750840847,1.466799221762452,-0.1856829207231932,0.12467108710156541,-0.6459027125947653,0.7299237349582095
7509767518694,-1.5372614726817684,2.2641484519047563,1.4650078007761822,-0.160672336278102,0.10291919599417002,-0.6474423067538081,0.7378417844471523
7509800832494,-1.553858620062547,2.244788262797891,1.4633198493204003,-0.13546504947793386,0.08102732120201676,-0.6482347175326093,0.7448996875916813
7509834091094,-1.57166,2.2266,1.46173,0.110147,-0.0590704,0.648279,-0.751075
7509867386394,-1.5970130121103951,2.20862841957085,1.4635220613291182,-0.079549370210318,0.019568818196834346,-0.6514819662962421,0.7542282192044414
7509900671094,-1.623923224280132,2.193058678812489,1.4647661328328199,-0.04875752083394779,-0.019966644100062884,-0.6530201986258786,0.7555055641569602
7509933960894,-1.6521495568610847,2.1800278620528815,1.4654514840590327,-0.01783575014307854,-0.05945620323435953,-0.6528904360530782,0.7549045796815713
7509967254694,-1.6814249643408061,2.1696568682432904,1.4655716942352701,0.013135803883336815,-0.0988001949925376,-0.6510921842251046,0.7524260360771399
7510000539394,-1.7114606104980439,2.16204172738464,1.4651260063274125,0.04406568591156451,-0.137885249284482,-0.6476309816010827,0.748077526079562
7510033829894,-1.741984977630651,2.1572434312810365,1.4641187870087888,0.07488856170951708,-0.17663158648907795,-0.6425142259480706,0.7418682197221977
7510067116994,-1.7727,2.1553,1.46256,-0.105517,0.214932,0.635756,-0.733815
7510100406694,-1.7796107824292688,2.157934395681823,1.4572176255023612,0.1306375513124668,-0.2404964019549454,-0.6356254425551501,0.7218556695146042
7510133695694,-1.7862861848630527,2.161244631614199,1.4518370616820246,0.15556235513053385,-0.26572045554330037,-0.6346001699624383,0.7088551456085702
7510166986094,-1.7926781257794366,2.16521304159815,1.4464341570865427,0.1802578051273263,-0.29056928350373296,-0.6326818951530199,0.6948310835882269
7510200275394,-1.7987392426659865,2.169817692346716,1.4410256815869154,0.2046871986000504,-0.3150050641882881,-0.6298737340069254,0.6798044126608545
7510233564094,-1.8044246568411955,2.1750333361522927,1.4356280014097895,0.22881646848790074,-0.3389928327619842,-0.6261799499619185,0.663796319175107
7510266854594,-1.8096918973564189,2.180831630500579,1.4302571670802648,0.2526133185155833,-0.3624995648888735,-0.6216057139390815,0.6468283490712251
7510300143894,-1.8145,2.18718,1.42493,-0.276042,0.385489,0.616158,-0.628926
7510333431394,-1.7871597619676225,2.1807332507069814,1.4230918627547033,0.2745995275443165,-0.37596824826991765,-0.6163391084915972,0.6351134379849563
7510366722294,-1.759781043708816,2.1746987858947295,1.4208766823753063,0.27312248907477776,-0.3663939364379333,-0.6164454708138352,0.6412133582640203
7510400013794,-1.7323787444125676,2.169076767969493,1.4182826896017617,0.2716111648138271,-0.35676822270308484,-0.6164772218210152,0.647224571067571
7510433299694,-1.704970594163471,2.1638675288658002,1.415308777513074,0.27006594784818744,-0.34709419349958026,-0.6164343999402438,0.6531451869393572
7510466590494,-1.677560586382387,2.159068587823249,1.4119525570659268,0.2684864602374091,-0.3373700882949172,-0.6163170305649276,0.6589762985333358
7510499885894,-1.650161620756484,2.1546791370085763,1.4082126454733481,0.26687281429773485,-0.3275972706149593,-0.6161251280325035,0.6647170494890041
7510533169294,-1.6228,2.1507,1.40409,-0.265226,0.317782,0.615859,-0.670364
7510566459194,-1.5645918305972628,2.1132665639766617,1.4231741548092258,0.2241431687612814,-0.2649401307940936,-0.6258934917119072,0.6984439161630209
7510599752794,-1.501255255420362,2.084427614190465,1.4409781276275366,0.18180452455915574,-0.21071110991120995,-0.6325522040027425,0.722790185476448
7510633037494,-1.4341276086360293,2.0648018472588774,1.45719422833526,0.13845539038773247,-0.155406285835911,-0.635793981412003,0.7432664423983779
7510666345094,-1.3645376344667375,2.0547888764829616,1.4715686225555562,0.094288758455235,-0.09926865553159402,-0.6355988964870631,0.7597824733713906
7510699621494,-1.2940444841831211,2.0546068589477167,1.4838492517841608,0.04961588590912156,-0.042689901124602005,-0.6319662803306351,0.7722269463910763
7510732905394,-1.2240328350562368,2.064239558016818,1.4938664193448485,0.004627760674160247,0.014092650396163102,-0.6249119088159035,0.7805543461258916
7510766200894,-1.15595,2.08348,1.50148,0.0404371,-0.0707826,0.614467,-0.78472
7510799483294,-1.1103070083371445,2.070850321640428,1.5015210652789182,-0.08176655595041106,0.12061888496123517,-0.609094289504718,0.7795957038179849
7510832773694,-1.0633021560180786,2.064220416296002,1.5002354308793602,-0.1227279964139056,0.16998087528866734,-0.6011669716900555,0.7711307366986061
7510866063294,-1.0157587866700277,2.0637126955442406,1.49758561042611,-0.1631386600082766,0.21864378460143563,-0.5907218202944342,0.7593605231337058
7510899352394,-0.9684971019095062,2.0693417272686014,1.4935582222631694,-0.20282958940774737,0.2663993889714757,-0.5778051040599422,0.7443337859714475
7510932642394,-0.9223310348419156,2.0810187744024278,1.4881639664943087,-0.24163624434510927,0.31304473236335384,-0.5624728004060037,0.7261124360329982
7510965929994,-0.8780623619453306,2.098550733336931,1.4814386338133667,-0.2793925188049946,0.3583749814090841,-0.5447932512275862,0.7047747913714818
7510999220794,-0.836449,2.12165,1.47344,0.315947,-0.402203,0.52484,-0.680407
7511032508794,-0.8240837591447622,2.102869798507766,1.4645017398003355,-0.32022905692385106,0.4007423167878149,-0.5291628362791762,0.6759035725147291
7511065798394,-0.8116571884586545,2.084258465073692,1.4552546158646142,-0.324494158571538,0.3992536140742024,-0.5334537278121025,0.6713622069978386
7511099089194,-0.7991699326359305,2.0658209892539614,1.445701467906963,-0.3287419506294567,0.3977369165964015,-0.5377122121522454,0.6667830621537006
7511132428894,-0.7866044743849558,2.0475360607782505,1.4358307666131007,-0.33297825367187367,0.39619009562879604,-0.5419440355329056,0.6621597639977709
7511165669594,-0.7740172057348991,2.0294890384643978,1.4256898938873552,-0.337184090313317,0.39462018490397094,-0.5461302204812828,0.6575131794747557
7511198956994,-0.7613536151130484,2.0116049910142104,1.4152380913251337,-0.34137771418103735,0.39302047963034226,-0.550288916895172,0.6528233044201196
7511232251894,-0.748629,1.99391,1.40449,0.345554,-0.391393,0.554415,-0.648096
7511265535894,-0.751142995745428,1.9467825386126232,1.4127629036934337,-0.3323635507270926,0.3599763482643273,-0.561601385056134,0.6667498654978425
7511298825094,-0.7571538377430337,1.8996257401984544,1.4210452454492097,-0.31865984721931234,0.3279855894859504,-0.5679284481972683,0.6843527106601982
7511332119094,-0.76665395616518,1.8526856165609875,1.4292076335488413,-0.3044633559591543,0.29547106950912877,-0.5733861112832414,0.700876079880533
7511365404694,-0.7796081115062461,1.8062247548200714,1.4371183839060793,-0.2898011460865633,0.26249688023143897,-0.5779641999291869,0.7162876986210854
7511398692194,-0.7959667506167672,1.7604697639811253,1.4446531731202643,-0.2746909009376457,0.22910481035095115,-0.5816575795433456,0.7305685149086949
7511431987894,-0.815660621258511,1.7156491620152892,1.4516887905683074,-0.25915233895275797,0.19534088797988094,-0.5844610888427861,0.7436983517040033
7511465272294,-0.838583,1.67202,1.4581,0.243218,-0.161278,0.586369,-0.755649
7511498561094,-0.8386980634134554,1.646355715999793,1.4677725543321019,-0.23941435837092895,0.14337706205220632,-0.5892589226446372,0.7582200901893829
7511531850294,-0.8398553810554897,1.6206861638132588,1.4771653152564506,-0.23554046325922207,0.1254217208702396,-0.591930503069243,0.7605316309252179
7511565143394,-0.842048272680953,1.5950412340696865,1.4862573732479636,-0.23159750831606404,0.10741636924756467,-0.5943833205172315,0.762582969945154
7511598429894,-0.8452674877411431,1.5694614999917083,1.4950244378848576,-0.22758833157527456,0.08937296709191035,-0.5966159330132161,0.7643725875243964
7511631720094,-0.8495040346719316,1.5439713917325377,1.5034482098463304,-0.22351330746737003,0.07129222810838091,-0.5986284453916835,0.7659002571903707
7511665008194,-0.8547459899238483,1.5186075245417021,1.5115065786819273,-0.21937476613267343,0.053183604651946575,-0.6004199569821737,0.7671649701582998
7511698296594,-0.860981,1.4934,1.51918,0.215174,-0.0350521,0.60199,-0.768166
7511731587894,-0.8541415275605813,1.4856482588390998,1.5134192706685832,-0.19884619946142404,0.03587709430073963,-0.6131157105237407,0.7637160130396979
7511764875094,-0.8475982747496182,1.4778739175794384,1.507336700294587,-0.18243469346743418,0.03671355558711463,-0.6239820505870568,0.7589572438555198
7511798164894,-0.8413588752226978,1.4700889710946983,1.5009381666284831,-0.16594270774502,0.03756113533026361,-0.6345865968792351,0.7538912586840253
7511831455394,-0.8354322363468785,1.4623074184551184,1.4942316243636624,-0.14937767205540076,0.03841924547531066,-0.6449240266368739,0.7485207228493397
7511864745394,-0.8298266010731048,1.454543072044489,1.487225491760561,-0.13274671527259627,0.03928729821617355,-0.6549893995154842,0.74284837235169
7511898032994,-0.8245497806527242,1.446809855564764,1.4799289162665719,-0.1160573563000692,0.04016467076167704,-0.6647777270758645,0.736877237302858
7511931323294,-0.819608,1.43912,1.47235,0.0993136,-0.0410509,0.674286,-0.730609
7511964620794,-0.8115049627675001,1.4298489963737877,1.4637624743187239,-0.09312396005870785,0.07059052918656708,-0.6747287007755388,0.7287565338313601
7511997923594,-0.8034695163447352,1.4206614863370013,1.4550144812226666,-0.08682983933003213,0.10006379105699002,-0.674592290645212,0.7262045566665564
7512031191894,-0.7955230798101592,1.4115666299380578,1.4461179785396998,-0.08044619256773548,0.1294088425873149,-0.6738782973587712,0.722959059636443
7512064485794,-0.7876630390785125,1.4025459455014766,1.4370589058025607,-0.07396890575480494,0.1586520912342641,-0.6725865884508834,0.7190169650046053
7512097787594,-0.7799053118172704,1.3936020304853498,1.4278444405034632,-0.0674087688036595,0.18775125897322087,-0.6707183989176806,0.7143824969829878
7512131058594,-0.7722701655551677,1.384742586990453,1.4184886789199733,-0.06078104763120095,0.21664631828921907,-0.6682784034231793,0.7090655911400204
7512164353994,-0.764756,1.37595,1.40898,0.0540824,-0.245359,0.665265,-0.703062
7512197638694,-0.7556124671433606,1.3698276784982315,1.4137547430566,-0.08651849723635019,0.2538587409681348,-0.6631526011967447,0.6987838841845371
7512230928494,-0.7463443380268628,1.3643326113743266,1.4188032192775701,-0.11886432284222657,0.26205329751224854,-0.6602887321210181,0.6936988772170779
7512264215994,-0.7369988628857038,1.3594664072929068,1.424138815337886,-0.15107567754074133,0.26993114770582266,-0.6566769959117232,0.6878143922557727
7512297506794,-0.7276200036347378,1.3552256624615113,1.4297756149857126,-0.18312110827293673,0.27748427530243147,-0.6523205415800736,0.6811365851996612
7512330796694,-0.7182545944867824,1.351605457651781,1.4357247460029903,-0.21495987669309444,0.2847027556979849,-0.6472244729482877,0.6736743084954885
7512364084194,-0.7089486119044269,1.3485974611070992,1.4419962763433771,-0.24655413779878813,0.291577779613172,-0.6413946028886127,0.6654370135148087
7512397373994,-0.699746,1.34619,1.4486,0.277872,-0.298102,0.634836,-0.656433
7512430663294,-0.7045033676488937,1.349689476304144,1.449042483285491,-0.2634792593003221,0.28469184940732534,-0.6414780845157321,0.6618422001395935
7512463992494,-0.7090600255503523,1.3533562324095871,1.4494922603003872,-0.24894917078861203,0.27113291637077114,-0.6478370325600332,0.6669470978029317
7512497241794,-0.7133931820741495,1.3571677905607464,1.4499477355786587,-0.23434093332873854,0.2574807112449542,-0.6538880326433991,0.6717279591241928
7512530531294,-0.7175124729583389,1.3611283509507175,1.4504105660621611,-0.21960861084127647,0.24369254697049686,-0.659650700319633,0.676200380185648
7512563821294,-0.721406589688851,1.3652238946902429,1.4508802270418217,-0.2047762552002761,0.22979110531757785,-0.6651149887666752,0.680356366135412
7512597112894,-0.7250700573616584,1.3694447566519534,1.4513567399180782,-0.18985009356828594,0.21578242979354909,-0.6702785521555737,0.6841940861223028
7512630399194,-0.728497,1.37378,1.45184,0.17484,-0.201676,0.675138,-0.687711
7512663689694,-0.7216418609416033,1.3899695756220487,1.449449762580134,-0.17420148120537388,0.20419302530128003,-0.6694702622790581,0.6926533189757873
7512696986494,-0.7148269118467624,1.406142716618438,1.4468189268321199,-0.17355008674055591,0.20670030493616318,-0.6637596442351842,0.6975517801686298
7512730267494,-0.7080567435266171,1.4222848467123963,1.4439496386982005,-0.17288632010025237,0.20919603515511795,-0.6580103224205622,0.7024028436627797
7512763557794,-0.7013263156223613,1.4384043011087255,1.4408401626877614,-0.17220974901808234,0.21168195475676568,-0.652218335298793,0.707209866640416
7512796852794,-0.6946366546400371,1.454494993889472,1.4374911970315902,-0.17152052418505406,0.21415756806428385,-0.6463848221247152,0.7119718446335336
7512830136694,-0.6879909859072963,1.470545465266048,1.433904879976364,-0.1708190425042155,0.21662155792502136,-0.6405129301912911,0.7166862225673423
7512863426294,-0.681386,1.48656,1.43008,0.170105,-0.219075,0.6346,-0.721355
7512896720394,-0.6940763453425078,1.4763894913963842,1.4370632744475487,-0.14292047002290784,0.2007652166696856,-0.6342892559252751,0.7327647691051791
7512930004794,-0.707347262008032,1.4671206879582694,1.4442729425251004,-0.11556945384619015,0.18222834957391731,-0.6332018838615114,0.743297991537373
7512963294294,-0.7211426735746577,1.4587906858302493,1.451695675642425,-0.08807318293036842,0.1634781224204878,-0.6313387369517376,0.7529471542960838
7512996582194,-0.7353955218825697,1.4514381869474648,1.4593124444281096,-0.06047067645554319,0.14454040883505528,-0.6287021193553717,0.7616987676377507
7513029872994,-0.7500411844271756,1.445094435563074,1.4671057157244254,-0.03279184111043176,0.12543499071046957,-0.6252946297828569,0.7695436207433421
7513063166094,-0.7650110205165205,1.4397871113688183,1.4750558958331355,-0.005070899699504653,0.10618472036225368,-0.6211200957967498,0.7764720972032827
7513096450494,-0.78023,1.43554,1.48314,-0.0226492,-0.0868187,0.616185,-0.782474
7513129740694,-0.808322310583173,1.411438127226808,1.480783474754854,0.07366781364057669,0.03209467372302949,-0.6209818263408878,0.7796951689643619
7513163029294,-0.840085108219531,1.3918639498783592,1.4777454728647343,0.1242411879828951,-0.022829924369004797,-0.6223138038079779,0.7725078972748112
7513196319594,-0.8747949951574178,1.3773067166408133,1.4739414074091546,0.17409156183900495,-0.0776493523437604,-0.6201754177336041,0.7609501674985033
7513229608994,-0.911656518495785,1.368146064569517,1.4693047660412863,0.22293647529778784,-0.1320486416639296,-0.6145804354245669,0.74508615113278
7513262897594,-0.949828327621784,1.364638548964955,1.4637879771964273,0.27050340760260727,-0.18571957747075385,-0.6055621025866956,0.7250039206309459
7513296188294,-0.988442861657297,1.36691414593657,1.4573632620096668,0.31653096653656815,-0.2383623618242702,-0.593171514635021,0.7008131604889972
7513329499594,-1.02664,1.37498,1.45002,-0.360786,0.289706,0.577469,-0.672631
7513362765594,-1.0352000856473564,1.359453932991574,1.4541999487506012,0.3614926073197734,-0.29127912973713066,-0.5850033648437919,0.6650192678067104
7513396055994,-1.0438689221592354,1.3438877314575566,1.457953926754535,0.36216087880674214,-0.29281885039766564,-0.5924727557882163,0.6573223352073427
7513429364894,-1.0526406526532015,1.3282924500788278,1.4612789274115878,0.36279071602393925,-0.2943248260706675,-0.5998751035036416,0.6495426493478349
7513462638394,-1.0614964535333988,1.3127016936866478,1.4641685923795382,0.3633810501227439,-0.29579451094341713,-0.6071975980409773,0.6416937717016616
7513495924094,-1.0704443014159828,1.2971015322035688,1.4666264059848229,0.3639326910030141,-0.2972299127520444,-0.6144499133447182,0.633765476635786
7513529247794,-1.0794866914962806,1.281488248018755,1.468652395316666,0.3644459071609582,-0.29863193810488275,-0.6216366359152933,0.6257523784894987
7513562503194,-1.08859,1.26592,1.47024,-0.364919,0.299996,0.628734,-0.617681
7513595792594,-1.09017969043178,1.2676546787306562,1.467780950824471,-0.39184866394105106,0.327400024376344,0.6119659468303221,-0.6039549060369077
7513629086394,-1.0919486557401166,1.2695793349210487,1.465346844844237,-0.417998244498249,0.3541928878501343,0.5940149673547755,-0.5890425148928297
7513662371694,-1.0938784862136872,1.2717082966434916,1.462937544545869,-0.443307409905547,0.38031179815362653,0.5749241706989604,-0.5729779004936434
7513695659494,-1.0959508366818063,1.2740557046156016,1.4605509567127979,-0.46773602310928514,0.4057142584021471,0.5547256135204249,-0.5557863320733016
7513728948994,-1.098145641833895,1.2766333168127069,1.458185649687874,0.4912363586667328,-0.4303495635369525,-0.5334597592449712,0.5375004914915903
7513762239294,-1.1004418647184606,1.2794510515495432,1.4558400084567644,0.51376254908657,-0.4541684495878248,-0.5111693031309117,0.5181553879790494
7513795561694,-1.10282,1.28252,1.45351,-0.535291,0.477145,0.487876,-0.497768
7513828816394,-1.0973952234336446,1.2988694724125756,1.4598076680408028,0.5735161369292171,-0.49661994099055845,-0.45522669558599976,0.4660649423826827
7513862107794,-1.0899144943381975,1.3143298650449746,1.4661805702412951,0.6095351195443426,-0.5141721344799188,-0.4207524914288531,0.4325058324726285
7513895397094,-1.0805084411498995,1.328637868376327,1.4725613027181885,0.6431611439974306,-0.5297097369290675,-0.38462596879873073,0.39725835621178857
7513928686494,-1.0693319003765427,1.3415685983979264,1.4788900518627814,0.6742645983159622,-0.5431734089098145,-0.34698657381264586,0.3604583428149042
7513961975194,-1.0565681781549714,1.3529174207681256,1.4851072544946458,0.7027226551876774,-0.554510459117289,-0.30798287737987645,0.3222507841050603
7513995263694,-1.0424249804075965,1.3625049723356046,1.491155353898238,0.7284240780627335,-0.5636770457358956,-0.2677673402337418,0.2827847275102693
7514028555694,-1.02713,1.37018,1.49698,-0.75127,0.570638,0.226493,-0.24221
7514061843294,-1.0246625302390266,1.3830480884507632,1.494440870205564,0.7446903552278639,-0.5837587043248411,-0.2228800619546366,0.23449206370083842
7514095131994,-1.0218929844718803,1.3958108245276901,1.4915734150298783,0.7378941582293908,-0.596713300202808,-0.21919339508653995,0.22671502853240338
7514128422494,-1.0188193734656232,1.4084545545932599,1.4883837268108802,0.7308834187302868,-0.6094986032813345,-0.21543422084586036,0.21888119451375407
7514161719194,-1.0154396482304744,1.4209671123524175,1.4848778254113673,0.7236590399309669,-0.6221125983568373,-0.2116032470759947,0.21099188306375993
7514195000194,-1.0117549898740321,1.4333266760847174,1.481065056819815,0.7162278318448079,-0.6345434713109949,-0.20770427741635838,0.20305469472638862
7514228290494,-1.007761907238912,1.4455290719635125,1.4769498970588486,0.7085863019652022,-0.646797069294233,-0.2037356793019318,0.19506608315914592
7514261587794,-1.00346,1.45756,1.47254,-0.700737,0.658869,0.199699,-0.187029
7514294869794,-1.0026863228955276,1.4666347167535738,1.4706703788029842,0.6987686106448739,-0.6630468459341253,-0.1970045115894654,0.182429524166559
7514328158594,-1.00181103442008,1.4756846471266618,1.4687339145005587,0.6967646122141941,-0.6671925843467102,-0.19430370669018826,0.1778178847169624
7514361453894,-1.000834076529924,1.4847081014070875,1.4667313029696702,0.6947250381048086,-0.6713058568217657,-0.19159671086520558,0.17319430825723509
7514394737694,-0.9997560146601155,1.4936986223719826,1.4646643742561978,0.6926511210277092,-0.6753842267045035,-0.18888511729422425,0.16856151198469005
7514428025894,-0.99857639949256,1.502658936137746,1.4625329088275245,0.6905420055378138,-0.6794294341340716,-0.1861677611643553,0.1639175015766187
7514461315294,-0.9972953714782191,1.5115866023728435,1.4603378566014642,0.6883980111603237,-0.6834408647577692,-0.18344503131194362,0.1592629369835412
7514494605694,-0.995913,1.52048,1.45808,-0.686219,0.687418,0.180717,-0.154598
7514527894794,-0.9979950718061049,1.531269687127542,1.4488619598110988,-0.6832360609788029,0.6935660711411679,0.17708418897045952,-0.14420741990843905
7514561183394,-0.9997445348284224,1.5420172253133309,1.4395106120552623,-0.6801369587962752,0.6995985718832495,0.17342048777213537,-0.13379420734526004
7514594477094,-1.0011610115420502,1.5527161886223027,1.4300288211416157,-0.6769219273207857,0.7055157644346519,0.1697259891916443,-0.12335841697841153
7514627764394,-1.0022436545143487,1.5633546944913623,1.4204244188990556,-0.673592607533762,0.711314627034506,0.16600261936943356,-0.11290540644768067
7514661051694,-1.0029926160433726,1.5739266547752502,1.4107002257545833,-0.6701489355942497,0.7169953432986548,0.16225032422409782,-0.10243492616834093
7514694341794,-1.0034079898928625,1.584424843807986,1.400860119216287,-0.6665911701123931,0.7225574305199474,0.15846944278651062,-0.09194785060856489
7514727630894,-1.00349,1.59484,1.39091,-0.66292,0.727999,0.154661,-0.0814471
7514760946694,-0.9986536481578201,1.6202580182471393,1.3972767272652764,-0.6718641890735302,0.7215588385186658,0.14485974542221114,-0.08346860578908798
7514794209394,-0.9934078341182357,1.6454376082242383,1.4039831992441942,-0.6806495490022243,0.7149648707563138,0.13504725430995712,-0.08546147746685744
7514827498594,-0.9877361146047904,1.6704277775616592,1.411033776668647,-0.6892956453065424,0.7082032370654967,0.12520240971442254,-0.08743022917213003
7514860788994,-0.981638250530711,1.6951979397692476,1.418411958891455,-0.697793834102071,0.7012803161443903,0.11533493316884844,-0.08937301868289373
7514894085394,-0.975109570425915,1.719740421716127,1.4261070595414904,0.7061434330889428,-0.6941965377901262,-0.1054456696162769,0.09128981095795302
7514927366594,-0.9681511310533104,1.7440287043435916,1.4341019259506333,0.7143373620859398,-0.6869579941697489,-0.09554320054631112,0.09317909746152148
7514960657194,-0.960755,1.76807,1.44239,-0.72238,0.679561,0.0856225,-0.095042
7514993953894,-0.9553142391677731,1.7992133213205033,1.4493675234340324,0.7405593922233472,-0.6521501364830697,-0.10677087401768996,0.12195067255410641
7515027234894,-0.9519538080334434,1.8301334786711443,1.458303344504137,0.7570587921259987,-0.6232873542454814,-0.1276680119223883,0.14857906324303166
7515060525394,-0.950619225256988,1.8605875151435554,1.4692105420728991,0.7718540536009318,-0.5930160418627176,-0.148282360703116,0.1748874939428104
7515093820694,-0.9512423592879252,1.890308614718489,1.4820780559762325,0.7849088026670235,-0.5614076464585235,-0.16856402646434554,0.20081283568499478
7515127103694,-0.9537350148787229,1.9190263380136785,1.4968702920599015,0.7961876856288532,-0.52854988902794,-0.18845668927947198,0.22628358386622616
7515160392294,-0.9579939085452129,1.9465099573630924,1.5135490152220614,0.8056720607284479,-0.49449935346677937,-0.20792600723269605,0.25125623474608977
7515193681894,-0.963899,1.97252,1.53205,-0.813339,0.459337,0.226925,-0.275671
7515226971894,-0.9659551827789074,1.9976727089993118,1.5361326495211944,0.8082900452647608,-0.4594621735534028,-0.22754077107356294,0.28945968855562987
7515260262094,-0.9686197002511271,2.022796706557844,1.5399857945696003,0.8030625083844752,-0.4594933448251482,-0.2281136603046491,0.3031841547163166
7515293549994,-0.9718936999858603,2.04787206833826,1.543614758234727,0.797657798930316,-0.4594305442977349,-0.22864338076974555,0.31684036233111473
7515326840294,-0.9757785232391365,2.072884313933212,1.54702581976018,0.7920763000399738,-0.4592738666306967,-0.22912979653955387,0.3304272789628862
7515360130494,-0.9802742884974733,2.0978135741530406,1.550224640690376,0.7863195984814288,-0.4590234370523837,-0.2295726646057624,0.343940932350936
7515393418494,-0.985380465847676,2.1226403546826953,1.5532171483798272,0.7803893003481741,-0.45867942339070367,-0.22997176750364773,0.35737754911480824
7515426708594,-0.991097,2.14735,1.55601,-0.774286,0.458242,0.230327,-0.370736
7515459996794,-1.0056734714751896,2.1674524939414495,1.5552552998894087,0.758466763155301,-0.4655482605521785,-0.23118534564165683,0.3931238001522027
7515493286794,-1.0211976075456952,2.186859658987269,1.5538434334335856,0.7420324012803354,-0.47248668826978935,-0.23186281055859903,0.4151913798934816
7515526576894,-1.0376407557332297,2.205506836666286,1.5518054220644084,0.7249968475657619,-0.47905140562125836,-0.23235852468561113,0.4369197155060988
7515559864994,-1.0549708902542116,2.223331733711525,1.549174440218645,0.7073749568529237,-0.4852368920952171,-0.2326718234492451,0.4582899208360382
7515593154894,-1.0731561995984267,2.2402778251297977,1.5459850710998084,0.6891789281915999,-0.49103901804544986,-0.23280223835318015,0.47928718479778626
7515626451194,-1.092162956065015,2.2562913461601544,1.5422733345659758,0.6704207109581418,-0.49645390594112,-0.23274935765999213,0.499897315558952
7515659733394,-1.11194,2.27131,1.53808,-0.651127,0.501474,0.232513,-0.520091
7515693023294,-1.1429706911960522,2.2815120985385446,1.5349424299780696,0.6433042686957425,-0.49912040165557436,-0.24124329867898114,0.5280531349887981
7515726335494,-1.1742228744504994,2.2908452544310096,1.5316672617453526,0.6353452653501184,-0.496657162657925,-0.24992709068969693,0.5359146442458457
7515759601294,-1.2056065089782098,2.2992858340914544,1.5282608680983436,0.6272683977514365,-0.49409007427725343,-0.2585448581129974,0.5436578998105095
7515792891094,-1.2371623108561416,2.3068479727124074,1.5247157565589957,0.6190584145986293,-0.49141430120850654,-0.26711317800369994,0.5512977544114892
7515826218194,-1.2688775984583212,2.3135283482933504,1.5210298209574327,0.610713424929526,-0.4886289925614801,-0.275633613206767,0.5588353348794113
7515859470294,-1.3006195657362944,2.3193028015665593,1.517215508750027,0.60226352323989,-0.4857442492028604,-0.28407586118452954,0.5662438326668927
7515892760294,-1.33247,2.32419,1.51326,-0.593682,0.482751,0.292467,-0.573547
7515926048294,-1.3624057408475332,2.328495939622674,1.5123870974191553,0.5449881653276997,-0.4584496409318065,-0.3379197480813664,0.6153227366503465
7515959338694,-1.3926986439105677,2.327902810660636,1.5111173735353398,0.4926128114533183,-0.4310253950734758,-0.3810993135471373,0.6529265196082271
7515992627194,-1.4225358547283582,2.3224230583447287,1.5094050773543517,0.43691692019637024,-0.40066867097683695,-0.42170879987751664,0.6860975944059551
7516025915994,-1.4511228016884135,2.312201345833907,1.507215709985817,0.37827375721182,-0.3675845684860111,-0.45947710275122833,0.7146127214534761
7516059206794,-1.4776980757067284,2.297509643827221,1.5045271109704905,0.31707664403972313,-0.33199659366254075,-0.4941510068274561,0.7382787048617806
7516092528394,-1.501572271862351,2.2787232471024677,1.501327235346494,0.25368341381330267,-0.2941131932510516,-0.5255215468247817,0.7569473290359026
7516125786394,-1.5220479080433365,2.2564050918720198,1.4976302289249273,0.1887046229644223,-0.2543026641639105,-0.5532934511947232,0.7704460248038308
7516159075194,-1.5263414345223643,2.263151889661645,1.4969478713870408,0.14071192469749316,-0.21392313142365196,-0.5669081175435031,0.7829765222234366
7516192364894,-1.53156273931258,2.269303360638308,1.4962991365096079,0.09211962916813045,-0.17262490636360964,-0.5781098749810827,0.7921512406568824
7516225653494,-1.5376258230616702,2.274743765962121,1.4956949613764103,0.043137876697919394,-0.13058775058716782,-0.5868503386032135,0.7979302244381226
7516258943294,-1.5444310454679973,2.2793702406007945,1.495145406349509,-0.006027832854277796,-0.08798921156400974,-0.5930928422659428,0.800288975515926
7516292231294,-1.5518650473808808,2.2830930651949664,1.494659643888092,-0.05516342546035206,-0.04501598416499901,-0.5968102703122504,0.7992171537892286
7516325522994,-1.5598056188695992,2.2858388709482202,1.4942455877184622,-0.10406746731223841,-0.0018454234423206052,-0.5979871458720944,0.7947187741781876
7516358815394,-1.56812,2.28755,1.49391,0.152527,-0.0413333,0.596618,-0.786813
7516392099094,-1.5762611970024392,2.30143740584934,1.500522872083843,-0.1688196442141557,0.051288704963089994,-0.5891132406552075,0.7885524625256931
7516425390494,-1.5850385989623121,2.3152320954663144,1.5068558185446967,-0.18504185351263713,0.06122663331712197,-0.5813544953502853,0.7899606082313685
7516458684394,-1.59444509402164,2.3289038393157977,1.512905321190087,-0.20118410666173406,0.07114137301586952,-0.5733460021616367,0.7910361698920002
7516491967594,-1.6044696329563188,2.342419455822774,1.5186671763600244,-0.21723316948435273,0.08102487600754127,-0.5650944732209342,0.7917783502211335
7516525257894,-1.615109341633745,2.3557586449871826,1.524143093936628,-0.23319081267872732,0.09087831714659103,-0.5565990863120631,0.7921872464710694
7516558553494,-1.62635481771086,2.3688933274470263,1.5293316942971558,-0.24904933270332888,0.10069704128832266,-0.5478638212266658,0.7922624370413635
7516591837494,-1.63819,2.38179,1.53423,0.264794,-0.110472,0.538897,-0.792004
7516625126394,-1.6388335675187116,2.3916445151340326,1.5343243999275726,-0.27569674112762976,0.13025747916285418,-0.5389040970709463,0.7852430644162937
7516658414194,-1.639889821419799,2.401407764494127,1.5344516598114932,-0.286436186204552,0.1499761408731818,-0.5386111324322113,0.7780485308908884
7516691705894,-1.6413537926865198,2.411063994244053,1.5346204359512392,-0.29700786259664597,0.16961993738670733,-0.5380183657246698,0.7704230296010478
7516724992994,-1.6432190151725066,2.4205937947785143,1.5348392378384648,-0.30740314333629926,0.18917290891669605,-0.5371265301331228,0.7623726179671655
7516758282394,-1.6454788670836162,2.4299825013927476,1.5351165636976143,-0.3176183711555068,0.2086282155354953,-0.5359362109055034,0.7539000038647365
7516791573294,-1.648125522086342,2.439213542734916,1.5354607604296642,-0.32764754530462215,0.22797452124189901,-0.5344482903507708,0.7450098849421536
7516824862194,-1.65115,2.44827,1.53588,0.337484,-0.247199,0.532664,-0.735708
7516858150894,-1.6434684802134418,2.4474840585364386,1.5282226689859624,-0.34911925681051614,0.2707349026373289,-0.5425655392970374,0.7144515327055739
7516891440494,-1.6360809260331557,2.4473838449735803,1.52020270154301,-0.3603271553569461,0.29394234900823674,-0.5517829811306084,0.692313352685408
7516924731994,-1.629035962177644,2.4479622489859496,1.5118509887478297,-0.37109364879525014,0.3167935187948118,-0.56030510969972,0.6693202180704042
7516958022194,-1.6223813919011505,2.449208651942558,1.5032010976972436,-0.38140390225290877,0.33925816436066647,-0.5681205567723313,0.6455029002518742
7516991309694,-1.6161626083731642,2.451108966219123,1.4942876473141389,-0.3912443381640325,0.3613078429802995,-0.5752194826949953,0.6208921461764624
7517024597494,-1.6104220358994985,2.453646113370022,1.4851453260573872,-0.40060324551492815,0.38291752362274595,-0.5815938690957199,0.5955163987799168
7517057887994,-1.6052,2.4568,1.47581,0.409469,-0.404062,0.587236,-0.569405
7517091181794,-1.5950186272900673,2.434643464447259,1.471406139623038,0.38600037143064225,-0.38877439258841917,0.6052901466931716,-0.5774790240684684
7517124465794,-1.586490862499012,2.4118542212987517,1.4667103097713274,0.36208817713001756,-0.3730320729565769,0.6226326532808819,-0.5848656286676364
7517157755894,-1.579655881208455,2.3885332304040308,1.461747548108697,0.3377492070096073,-0.35684650770631665,0.639251840875455,-0.5915599099326536
7517191051794,-1.574550235592781,2.3647946807659705,1.4565462383165992,0.3130119182901608,-0.3402368693941731,0.655127675989527,-0.5975534619310037
7517224334094,-1.5712037348639158,2.34076869065289,1.4511390693290345,0.287919771434339,-0.32323273273066916,0.6702325577136764,-0.6028359016260108
7517257646894,-1.5696325022555782,2.316540900649272,1.445549309888417,0.2624686160860943,-0.30583151178704104,0.6845681732510961,-0.607407382355171
7517290921094,-1.56985,2.29228,1.43982,0.236741,-0.28809,0.698088,-0.611253
7517324202394,-1.5486193632554368,2.2668933637851985,1.4366304129312304,0.23327427156583616,-0.2836999171386928,0.6998246008251884,-0.6126524294580028
7517357492094,-1.5277226845328493,2.241255156036849,1.4334358195219425,0.2297977988801633,-0.27929850190161,0.7015332767626566,-0.614032881904543
7517390780794,-1.5071688772693954,2.215376587766315,1.430237406080865,0.2263127978110359,-0.2748872506816234,0.7032137388139488,-0.6153941456521562
7517424092294,-1.4869464378632373,2.1892430132830443,1.427033170697809,0.2228169151789683,-0.270463147396528,0.7048670975006086,-0.6167371263930527
7517457359694,-1.4670984497492905,2.162911264270841,1.4238298426295468,0.21931732710321966,-0.2660352339442816,0.7064899976048454,-0.6180590971879764
7517490648894,-1.4475879993606182,2.136333568387122,1.4206213726583168,0.21580725685468774,-0.2615948965102047,0.7080856215060504,-0.6193626487164533
7517523939694,-1.42843,2.10953,1.41741,0.212289,-0.257145,0.709653,-0.620647
7517557228294,-1.4008704896897914,2.093610595596077,1.4236358270712153,0.265005390096826,-0.2861636421681799,0.6928874010399442,-0.6064565628309935
7517590517394,-1.3714385013924395,2.0807123633582556,1.4306276697125055,0.31662012255021743,-0.31403271045795944,0.6732511869757218,-0.589803351969531
7517623807494,-1.34054321800294,2.0710288577536513,1.4384959197425917,0.36692081059171777,-0.3406401437911183,0.6508254457103435,-0.5707535811614465
7517657097694,-1.3086195909826648,2.0647016338833826,1.4473356908040456,0.41569842879867,-0.36587785766535674,0.625703870377513,-0.5493840880104979
7517690385194,-1.2761218592034098,2.0618172259268217,1.4572248727537123,0.46274780507615904,-0.38964210410987254,0.5979932696166812,-0.5257827964998282
7517723676094,-1.243505441365378,2.0624054745786946,1.468226254912412,0.5078833907370558,-0.41184130722572704,0.5678036109414897,-0.5000402568572264
7517756964294,-1.21124,2.06644,1.48038,0.550911,-0.432382,0.535266,-0.472265
7517790254294,-1.191435298645089,2.048409366210313,1.475065372383519,0.5681883942888052,-0.4482879028933341,0.5181656565168697,-0.4557458251278307
7517823548894,-1.1705366185732125,2.0317856830490535,1.4699441552794061,0.5848297467821585,-0.4637005523346087,0.5004779095702047,-0.4387229502493953
7517856832094,-1.1486516362500592,2.016645558763122,1.4650264558339845,0.6008081806867318,-0.47859549576350824,0.4822310612084762,-0.4212233197017088
7517890122594,-1.1258699716339677,2.0030426949653233,1.4603162273098325,0.6161147431357116,-0.4929647888297572,0.4634355071142197,-0.4032565821045396
7517923419094,-1.1022977180973839,1.991034188594753,1.4558195480299563,0.6307311316230488,-0.5067917244336424,0.44411282160670684,-0.38484307104534554
7517956700294,-1.0780594492457278,1.9806755552657214,1.4515439553049865,0.6446317755475462,-0.5200524686653021,0.4242973292403253,-0.36601513655731516
7517989990294,-1.05325,1.972,1.44749,0.657811,-0.532742,0.403997,-0.34678
7518023286994,-1.0245578283276768,1.944057675595601,1.451139915239396,0.6506428745082785,-0.5266515180842063,0.40981480903301115,-0.3624277178258338
7518056568494,-0.9968555121121491,1.9150949153112986,1.4552291536133775,0.6432424742928151,-0.5203643665810607,0.41548391294943676,-0.377932749756585
7518089858894,-0.9701633589454475,1.8851308942906804,1.4597604719763828,0.6356073685873592,-0.5138786075376487,0.4210066336361601,-0.3933007299090203
7518123186194,-0.9445002663476889,1.854179751648795,1.4647378332843088,0.6277333742632635,-0.5071908293845138,0.4263853920689765,-0.40853857939549826
7518156437694,-0.9199887520182138,1.8223904722588984,1.4701422037803955,0.6196503152317975,-0.5003265044706223,0.43160040240343006,-0.42358938655558853
7518189727394,-0.8965789427040672,1.7896996129418012,1.4759892659592302,0.6113337418073479,-0.4932650143363272,0.43666799406765844,-0.43849942384972124
7518223015594,-0.874335,1.75619,1.48227,0.602796,-0.486017,0.44158,-0.453245
7518256305694,-0.8492005256933425,1.7379692536471694,1.4847435174153911,0.5893447041317926,-0.4688420525495853,0.4443624589747072,-0.48518239305116334
7518289603094,-0.8255512390496731,1.7181047695380713,1.4883548432170648,0.5749964629322996,-0.4509580815914736,0.4464914398458858,-0.5163925545619635
7518322883494,-0.8035475254460733,1.6967384035202686,1.4930785669905617,0.5597835051392744,-0.4324059347786985,0.44796242883109033,-0.5468063617935496
7518356173894,-0.7833049971795389,1.6739890699729818,1.4988892500445672,-0.543716297612342,0.4131991569181398,-0.448774430366356,0.5764031185569857
7518389464494,-0.7649537818452701,1.6500069107291013,1.5057503044282396,-0.526823004687337,0.3933724631440123,-0.448925477705766,0.6051293600866419
7518422751394,-0.7486076983741008,1.6249464245492964,1.513619156421116,-0.509130812199932,0.37295856015989165,-0.4484152068128116,0.6329388049180753
7518456042094,-0.734363,1.59896,1.52245,0.490662,-0.351984,0.447244,-0.659796
7518489330194,-0.7070467583958863,1.5941130907862833,1.5172947319087375,-0.49996665886833946,0.36823376503286753,-0.4440289625043181,0.6459686639203849
7518522620994,-0.6794686181692609,1.5904119816966262,1.5116145799063123,-0.508989228036467,0.38428430921541396,-0.44057893900422873,0.6317798144445436
7518555915594,-0.651687241462224,1.5878654518899216,1.5054017539856694,-0.5177251617242827,0.40012705348328603,-0.43689580833233005,0.6172366245209279
7518589199094,-0.6237751907743857,1.5864802845156476,1.4986529498402545,-0.526166023065236,0.41574602561599905,-0.4329834530988314,0.6023536234628516
7518622488994,-0.5957782032518563,1.5862589797591833,1.4913596756621086,-0.5343118547332529,0.4311406512126906,-0.42884214386359537,0.5871311577576884
7518655783394,-0.56775842011922,1.5872030406237234,1.4835182400505162,-0.5421577555497251,0.446301228574103,-0.4244744032523365,0.5715782207660677
7518689066194,-0.53979,1.58931,1.47513,0.549696,-0.461212,0.419885,-0.555711
7518722356894,-0.5183689695310593,1.596183966803888,1.477865951251598,0.5866091514934116,-0.5065839473667486,0.3904545782019175,-0.4967973731972278
7518755679694,-0.4985534948595819,1.606151796097387,1.479825149554676,0.6190752447125356,-0.5479694719550938,0.3580777501001719,-0.43388434412014526
7518788937694,-0.48092953967551333,1.6188561095527414,1.4810912412463901,0.646763902501843,-0.5849258589751599,0.3230939222610039,-0.36765270476464346
7518822224694,-0.4659077426776293,1.6339195969012987,1.4817806762807728,0.6695542634631408,-0.6172705667624097,0.28566978677183297,-0.29844079582536964
7518855552694,-0.4538742167575206,1.6508731182378766,1.4820238182440961,0.6872695789136991,-0.6447430741127012,0.24606394698753867,-0.22675852415378878
7518888803894,-0.44515562881766796,1.6691158749652322,1.481967570702603,0.6997252583068043,-0.6670362791802125,0.20471461692177265,-0.15342454420158916
7518922093794,-0.439903,1.68813,1.48177,0.706883,-0.684059,0.16179,-0.0787636
7518955381694,-0.4322807113661283,1.688158076035538,1.4682683866985589,-0.6906198357248752,0.7083516409544841,-0.13410225686972624,0.05743500642362535
7518988672794,-0.4247131993527668,1.687854737462238,1.4547254820015785,-0.6729521233188558,0.7311544373306794,-0.1060731477998685,0.036015494000892205
7519021960794,-0.4171741899285231,1.6872170549537293,1.4411628845717088,-0.6539182367874518,0.7524170677012862,-0.07776636356247628,0.01455639127177251
7519055249794,-0.40963490609025965,1.6862450664588742,1.427598002966259,-0.6335537811884381,0.7720995359313605,-0.04923754068032045,-0.006897647726904562
7519088540694,-0.40206739307463235,1.684941856146454,1.4140494393212983,-0.6118985643075524,0.7901627283613211,-0.02054556475112818,-0.028299990742163612
7519121829294,-0.3944451906092307,1.6833137913496494,1.4005376104185798,-0.5889984976571903,0.806568363641492,0.008245800498684968,-0.049600920398664115
7519155117594,-0.386741,1.68137,1.38708,0.564898,-0.821285,-0.0370778,0.070755
7519188408794,-0.38588531714193414,1.6859889616176165,1.3820999541224022,-0.5511198446907231,0.8298354827693892,0.05382168998284678,-0.06887099543609403
7519221697894,-0.38491981964171235,1.6904570290118548,1.3771090241463764,-0.5370337832144825,0.8379348520140234,0.07053002126070843,-0.06697324516208741
7519254987994,-0.383840781765355,1.6947772067082436,1.37211374302931,-0.5226465791144361,0.8455792768456857,0.08719558293760994,-0.06506281753256006
7519288281794,-0.38264468497898874,1.698952702960472,1.3671207004136334,-0.5079651850788021,0.852764852814863,0.10381096956778901,-0.0631407883138873
7519321564894,-0.38132891991159373,1.70298494672232,1.3621390286390749,-0.4930043863223171,0.8594844414041304,0.12036029871329774,-0.0612092194430799
7519354856494,-0.3798898233490844,1.7068797631144976,1.3571727940039076,-0.47776408450526076,0.8657380413042719,0.13684444348145422,-0.05926821815901206
7519388149194,-0.378325,1.71064,1.35223,0.462256,-0.87152,-0.153251,0.0573194
7519421433294,-0.3849069935356492,1.727686726424808,1.3491448833150206,-0.4654093184558374,0.8688157578014802,0.15808445003606675,-0.05968795479078743
7519454723494,-0.3917082174832542,1.7446808027381682,1.3462222299123177,-0.46854033017477476,0.8660708768663686,0.16291277530234918,-0.06205338739278327
7519488018994,-0.39872787343646154,1.7616180726423187,1.3434618257392201,-0.4716490044990268,0.8632859235394794,0.1677357016707448,-0.06441556612099474
7519521301294,-0.4059611978381161,1.778485440204512,1.3408647472280013,-0.47473347194754667,0.8604625909333143,0.1725503283323846,-0.06677308147256444
7519554591794,-0.4134119669881898,1.7952900701628207,1.3384288572971066,-0.4777955719624248,0.8575992058948964,0.1773595293028895,-0.06912735223484223
7519587888794,-0.42107907800045347,1.8120273763541732,1.33615392580106,-0.48083498472363717,0.854696023861316,0.18216283170791728,-0.07147815754221234
7519621184994,-0.42896,1.82869,1.33404,0.483851,-0.851754,-0.186959,0.0738249
7519654459294,-0.4443454898443886,1.855470428712171,1.3344090756027043,-0.48695124984589844,0.8478179882484227,0.19142718826331323,-0.08624830821249152
7519687747894,-0.46028389040476186,1.8819582517424305,1.3351793392110098,-0.4899549140437577,0.8437121929767407,0.1958567971716785,-0.09866120123130968
7519721040594,-0.4767566841992574,1.9081319993045933,1.3363592718196202,-0.4928603176177418,0.8394383457595649,0.20024548827286484,-0.11105726186317587
7519754326994,-0.4937441652682337,1.9339706889511852,1.3379565268481266,-0.4956660180660188,0.8349986364932683,0.2045909975493707,-0.1234301393935586
7519787616494,-0.5112361369831373,1.959469098734532,1.339979231005967,-0.49837229768376207,0.8303927064309257,0.20889367052871813,-0.13578085439696436
7519820906894,-0.5292162144750576,1.9846131968371998,1.3424347297298937,-0.500978454998535,0.8256217343572353,0.2131523361259634,-0.14810611394630543
7519854196894,-0.547668,2.00939,1.34533,0.503484,-0.820687,-0.217366,0.160403
7519887484494,-0.5633981593187478,2.0332338363146465,1.356422343554277,-0.5362241534028216,0.7888561891224838,0.22083565465061084,-0.20347280856570396
7519920774894,-0.5791803986152094,2.055325360985245,1.370587986447157,-0.5668192719141268,0.7539248788121788,0.2233934259533951,-0.24578154392790713
7519954064894,-0.5946369098370482,2.0754682418028145,1.387685059983816,-0.5951473050340121,0.7160338195015601,0.22502575057489707,-0.2871561704351206
7519987353194,-0.6093959316744485,2.0934995001709473,1.4075257556574672,-0.6210976535795047,0.6753342738855793,0.22572329986584275,-0.3274298629189857
7520020647794,-0.6231005472840695,2.1092947622810283,1.4298853641185008,0.6445758119914043,-0.6319764656315147,-0.22548056394700924,0.36645093091116515
7520053931494,-0.6354004465311557,2.122754226956687,1.4544823667934765,0.6654798342648283,-0.5861542564850145,-0.22429628439782365,0.4040432583235207
7520087252794,-0.64599,2.13384,1.48105,0.683757,-0.537979,-0.22217,0.440109
7520120516094,-0.6571388359986021,2.159221230517184,1.4818915999282292,0.6836697144447662,-0.5292380922086765,-0.2274670947001701,0.4480641518075243
7520154029994,-0.6688576824315902,2.1844223433707706,1.4832119190100528,0.683469434192435,-0.5203392630345794,-0.2327646065134661,0.45600133971725865
7520187089894,-0.6808837209047003,2.208901339630904,1.484978693753139,0.6831612591821294,-0.5114717889383827,-0.23795063286084941,0.4637529508197
7520220385994,-0.6934510281779327,2.233157685661099,1.4872236904491496,0.682739899623418,-0.5024529235465313,-0.24313300698627088,0.4714802540887187
7520253667794,-0.706456914804662,2.256989815884273,1.4899338368106654,0.6822074842662033,-0.4933511549339391,-0.24827150988135316,0.4791229943529738
7520286957994,-0.7198971121096229,2.2803992329339704,1.493109702733317,0.6815637671654697,-0.48416183344299857,-0.2533688396734522,0.4866850947038094
7520320255094,-0.733758,2.30337,1.49675,0.680809,-0.474887,-0.258424,0.494165
7520353535494,-0.7575742460951448,2.32235393072845,1.5034378288676116,0.6746170842298521,-0.46787521752205374,-0.26332820127922973,0.5065992784291634
7520386825794,-0.7819111712403978,2.340487496101919,1.5104012466064882,0.668241687758426,-0.4607395651150505,-0.26816412746219853,0.5189027853286223
7520420114394,-0.8067312132794834,2.3577479454518264,1.5176401581887107,0.661686469863367,-0.45348425267491094,-0.2729286595750073,0.5310677875358503
7520453404994,-0.8320073539160124,2.374121984678637,1.5251573173019646,0.6549524468138712,-0.44611040758294557,-0.2776210099126957,0.5430924152607512
7520486694394,-0.8577069225546217,2.389593741503309,1.5329536702770963,0.6480420545878398,-0.43862070049283974,-0.2822394278950747,0.5549723253696555
7520519982694,-0.8837992534884505,2.4041500392246085,1.541030582133681,0.6409571332549778,-0.4310171172488833,-0.28678265808570447,0.5667044247130254
7520553273394,-0.910256,2.41778,1.54939,0.633699,-0.423301,-0.29125,0.578287
7520586563294,-0.9473736581529614,2.4294559563164797,1.5422597850716286,0.6318646847424414,-0.4260041147009623,-0.2894872904316427,0.5791930793023432
7520619851194,-0.9844857955179566,2.4410619546213588,1.535007850448163,0.630020901758859,-0.4287010600888013,-0.28772131074198065,0.5800909512917857
7520653141394,-1.0215970625722768,2.452598474598181,1.5276336979264777,0.6281672581264987,-0.4313920249163076,-0.2859517757038472,0.5809805492684427
7520686447494,-1.0587224737541476,2.464069155653897,1.5201346634612503,0.6263030165996103,-0.43407806605703364,-0.28417798627577534,0.5818622140014414
7520719718994,-1.095805596785615,2.4754556548230724,1.512522675038352,0.6244310400366381,-0.4367550787209743,-0.28240266172598155,0.5827346000541574
7520753014294,-1.1329113792810521,2.486776985724715,1.5047848941092683,0.6225480757490437,-0.4394277274700952,-0.2806227141946977,0.5835992272010234
7520786297794,-1.17,2.49802,1.49693,0.620656,-0.442093,-0.27884,0.584455
7520819587994,-1.2008610408784115,2.5045895316872144,1.5093576235332191,0.6241743985307803,-0.44527637551371285,-0.27718238248536664,0.5790554347105686
7520852883594,-1.231694238892243,2.5115911994563827,1.5216375830221516,0.6276602124892665,-0.4484343962614235,-0.2755115123200416,0.573622398871161
7520886165894,-1.2624756147386318,2.51902027621988,1.533763305899796,0.6311114773059038,-0.45156522655197956,-0.2738284828215891,0.5681594066610585
7520919456094,-1.293218121374506,2.526880656706334,1.5457428610569015,0.63453022255994,-0.45467068319680937,-0.27213230395297744,0.5626632879836964
7520952772494,-1.3239319261980917,2.535176496486526,1.5575829513276274,0.6379181008978216,-0.4577522505602159,-0.2704221034899123,0.5571312768083166
7520986034294,-1.354535976681919,2.543886212780642,1.5692554349934886,0.6412667655118811,-0.46080230805764305,-0.2687021253199816,0.5515771353013141
7521019324394,-1.3851,2.55303,1.58079,0.644584,-0.463828,-0.266968,0.545987
7521052622294,-1.4071162676345486,2.5567960800935077,1.5715122742648422,0.6471698150583498,-0.45844130821122475,-0.2664637847113935,0.5477224195157637
7521085902394,-1.4292201946456868,2.56059721058082,1.5624888187540995,0.649728816362328,-0.45303925113045534,-0.26594979297708593,0.5494348093623207
7521119192394,-1.4514278140545422,2.56443442806731,1.5537132254838153,0.6522634712009363,-0.4476178584071033,-0.26542580168279944,0.5511259028325444
7521152482094,-1.4737300193499834,2.568304452418621,1.5451894441150138,0.6547728910892747,-0.4421789940795515,-0.26489198984840856,0.5527951085199104
7521185771194,-1.4961242475576921,2.5722051224349722,1.5369186546558053,0.6572569542573832,-0.4367229190391424,-0.2643483860208531,0.554442349459715
7521219060694,-1.5186087987019277,2.576134425081803,1.5289016801644604,0.6597156363573233,-0.4312496814706179,-0.26379499757848696,0.5560676133616383
7521252348694,-1.54118,2.58009,1.52114,0.662149,-0.42576,-0.263232,0.557671
7521285640094,-1.5819438562455013,2.5756200993522653,1.514565751766407,0.6513627198279498,-0.43039952096227474,-0.2704779406527479,0.563315669224662
7521318928094,-1.6224746114082338,2.5701504367669923,1.5074041048510127,0.6404322317608451,-0.434945708794035,-0.2776596283296185,0.5688355805672989
7521352217194,-1.6627455317515754,2.5636802001992223,1.4996684517179562,0.6293581972846424,-0.43939794009873623,-0.2847763048521926,0.574230063600247
7521385507694,-1.7027249569609573,2.556209919146122,1.4913734837121353,0.6181429565519369,-0.4437552096246735,-0.29182642616993176,0.5794980036074998
7521418827994,-1.742414806728736,2.5477333945985428,1.482526701306295,0.6067792357301065,-0.4480200851409399,-0.29881432467879393,0.5846425931830911
7521452084794,-1.7816730524854165,2.53827832719518,1.4731695204826336,0.5953015801065645,-0.4521797783096969,-0.30571897006746684,0.5896485293387139
7521485380594,-1.82059,2.52782,1.46329,0.583677,-0.456246,-0.31256,0.59453
7521518665494,-1.8534162354949208,2.525802036923451,1.464382906707887,0.5741218858683466,-0.46040001418237725,-0.3188504678795235,0.5972857492363676
7521551954694,-1.8861920387757858,2.5231750535682256,1.4649608122250943,0.564477174017414,-0.4644867146271667,-0.32509365448427235,0.5999431037708791
7521585249494,-1.9188999708801244,2.5199363660577707,1.4650285595774264,0.554744251094359,-0.4685058841361516,-0.3312889138946526,0.6025020397791723
7521618532294,-1.9515041213203834,2.516085923024567,1.4645916150264155,0.5449297888116406,-0.47245483728471405,-0.33743195733789205,0.6049608467984473
7521651823794,-1.984006190226855,2.5116198506739074,1.4636554419810248,0.5350292114838139,-0.47633546945536714,-0.3435255919743036,0.6073206986892904
7521685117294,-2.016381054389533,2.5065375519802955,1.4622259504799435,0.5250459999315712,-0.48014640582966905,-0.3495675537340687,0.6095807184459547
7521718402194,-2.0486,2.50084,1.46031,0.514985,-0.483886,-0.355555,0.61174
7521751690794,-2.055668629442684,2.5173569412607337,1.4614600522937493,0.5330688620545728,-0.49873005026575734,-0.34082485679746033,0.5924055555603346
7521784987394,-2.0616643766626237,2.534290052407608,1.4625212849778435,0.550533361776518,-0.5130283327512964,-0.3256962365494529,0.5723957624432534
7521818268294,-2.0665576809761608,2.5515543562458087,1.4635000253328285,0.5673461784070162,-0.5267547131256836,-0.3101978926321659,0.5517472731725969
7521851558794,-2.0703318745190087,2.569088556211994,1.4644044813755923,0.5835010142873417,-0.5399043489425627,-0.2943365055113359,0.5304676067790816
7521884850094,-2.0729698185536933,2.586812612813793,1.4652421831077687,0.5989748045547489,-0.5524586975506849,-0.27813487574404067,0.5085858451668198
7521918137794,-2.0744608396602864,2.6046477911288632,1.4660211660078049,0.6137479033259705,-0.5644020378991417,-0.2616143543240977,0.4861293864701625
7521951427094,-2.0748,2.62252,1.46675,0.627806,-0.575723,-0.244792,0.46312
7521984715794,-2.0724261487825433,2.6248983621421016,1.4581144263378818,0.6128335977974093,-0.5832395685899006,-0.2714527453468251,0.4588899585798557
7522018006694,-2.069768609197975,2.6273974851452064,1.449665127198787,0.5972220276209234,-0.5901798493373407,-0.2978297621076735,0.45421473772148074
7522051293894,-2.066842916211377,2.6300259720079744,1.4414175181770559,-0.5809897115597285,0.5965347633813336,0.3238919939405224,-0.4491004424408336
7522084583194,-2.0636646485212253,2.632792823609435,1.4333832239873996,-0.5641503181572262,0.6022983248565766,0.34961800304846996,-0.44355202439224894
7522117873694,-2.060250884622088,2.635706002039661,1.4255746623572576,-0.5467212987678891,0.6074637411568854,0.3749813930145349,-0.4375757986293486
7522151163094,-2.056619780120587,2.638772755714798,1.4180035844382934,-0.5287215564856405,0.6120246985993776,0.39995513780319636,-0.43117881645156136
7522184452194,-2.05279,2.642,1.41068,0.510169,-0.615976,-0.424515,0.424368
7522217760394,-2.04254850742172,2.639822046192245,1.4088544224836632,-0.49727591725733544,0.6018924647979653,0.4477439152548584,-0.4358526233574326
7522251034194,-2.0321561207091263,2.638345924165102,1.4071060985370791,-0.4838769387370216,0.5872041642406517,0.47048343946114674,-0.4468777359074135
7522284342694,-2.0216364636762747,2.6375766828684677,1.4054386047004357,-0.46995818932826344,0.5718956952484983,0.4927571240014445,-0.4574549494599024
7522317615794,-2.011057305453125,2.637521087745322,1.403862283753635,-0.45556345028028283,0.5560150116349779,0.5144949897010168,-0.46755123267705156
7522350898394,-2.0004503728108585,2.6381804546306813,1.4023813511323322,-0.4406888539802921,0.5395576928997184,0.5357043831808329,-0.4771704557609506
7522384202594,-1.9898578482441256,2.6395552925263543,1.4010014402218263,-0.42534382353943856,0.5225338838234004,0.5563702124119595,-0.4863056228072584
7522417483394,-1.97934,2.64164,1.39973,0.409565,-0.504984,-0.576443,0.494935
7522450766594,-1.9694273789783092,2.6401495661592826,1.3999845692648862,-0.4107642298788693,0.5047627586993993,0.5735667728360679,-0.49750222309112346
7522484056794,-1.9595167504404345,2.63864469722631,1.400181691908514,-0.4119556144132193,0.5045342144755746,0.5706800792688573,-0.5000620414534909
7522517353294,-1.9496087222417904,2.6371251660435693,1.4003214761289948,-0.4131392065353425,0.5042984979000005,0.5677831590120603,-0.50261446992843
7522550634694,-1.9397100566206515,2.6355917058029332,1.4004040054446074,-0.41431423246105326,0.504055771324273,0.5648779230933799,-0.5051578250176968
7522583925494,-1.9298138604985653,2.634042943149501,1.4004295097168686,-0.4154815432597318,0.5038058658932172,0.5619622810245845,-0.5076939347754148
7522617215694,-1.9199235029196589,2.632479089770366,1.400398117073685,-0.4166407690276713,0.5035488621374105,0.5590371504274978,-0.5102219884188186
7522650503194,-1.91004,2.6309,1.40031,0.417792,-0.503285,-0.556103,0.512742
7522683792994,-1.9000012603475271,2.604328015731361,1.4067897114722299,-0.4096134289681201,0.5010882011710341,0.5522657159239396,-0.5254807631789906
7522717081894,-1.8894742750519207,2.5780903304887697,1.4137802092251301,-0.4013345651540474,0.4987673942444521,0.548289894611044,-0.5380890676445871
7522750406294,-1.8784483056973076,2.5521796970944486,1.4212770124889353,0.392948099034708,-0.4963201841004375,-0.5441717332868261,0.5505771435603993
7522783660594,-1.8669610574922055,2.52669817513024,1.4292422105601974,0.38448285593637693,-0.49375509823519614,-0.5399255265973999,0.5629025334694093
7522816949794,-1.8549795115740777,2.5015848524514475,1.4376863174999157,0.37591438070636135,-0.4910648434101042,-0.5355391491657557,0.5751013107753983
7522850240594,-1.8425178155851045,2.4768852503031162,1.4465873215036702,0.367253233973654,-0.4882525505522941,-0.5310178647712566,0.5871580164732892
7522883531294,-1.82958,2.45262,1.45593,0.358502,-0.485319,-0.526363,0.599069
7522916818294,-1.8276735521383833,2.4578253673040833,1.451371241856422,0.3696793202087003,-0.5041615800774816,-0.5161072859714639,0.585484048246389
7522950113094,-1.8255199727426237,2.462879934926709,1.4468516685557469,0.38055600853054194,-0.5226318135555202,-0.5054615873926944,0.5714382691957443
7522983399294,-1.8231291953158797,2.4677684591599602,1.4423778567257224,0.3911186322782834,-0.5407062095543667,-0.4944398470798875,0.5569490533735846
7523016686094,-1.8205102414775534,2.472480095346064,1.4379527972536088,-0.4013623723987718,0.5583757653625031,0.48304809429730794,-0.5420233290864958
7523049982294,-1.817672621745403,2.477004289748842,1.4335794656907745,-0.411282198851085,0.5756311280183289,0.47129237074908453,-0.5266680725450047
7523083264994,-1.8146293012731527,2.4813268283072563,1.4292648457880215,-0.4208640246837954,0.592446987003344,0.459190312640674,-0.5109053699997462
7523116555494,-1.81139,2.48544,1.42501,0.430107,-0.608821,-0.446744,0.494737
7523149850794,-1.812471713093804,2.511499059181072,1.4191706169639824,-0.4544626382117869,0.6169653648983501,0.4352663669596549,-0.47261045140704555
7523183132894,-1.8117630533525126,2.5377316139493673,1.414191098664797,-0.47822101556343877,0.6243277366881914,0.42322018255899085,-0.4498935591337224
7523216423394,-1.8092586709738312,2.5640120639023034,1.4100755155839007,-0.5013668839490489,0.6309040428851611,0.4106134723289323,-0.42660041337574556
7523249720094,-1.8049614644746796,2.5901958444559443,1.406827740360969,-0.523868287065071,0.6366852859864338,0.39746314883247474,-0.4027616040985729
7523283001194,-1.7988880899133115,2.6161236103999506,1.4044480986408114,-0.5456816046229515,0.641660983538003,0.38379519858274813,-0.3784230623600953
7523316291894,-1.7910566277488136,2.6416740351503605,1.402928675199997,-0.5667952446288382,0.6458290974374259,0.3696172543058914,-0.35359724672099657
7523349581894,-1.7815,2.6667,1.40226,0.587175,-0.649183,-0.354952,0.328323
7523382869194,-1.78917916509983,2.662216282070069,1.4117686043559878,-0.5759016059551366,0.6357920054587529,0.37263180637937093,-0.35390874943617684
7523416159794,-1.7965560469028323,2.6573012175184902,1.421379204337263,-0.5638784495697067,0.6216042799459176,0.38983187903330657,-0.3790518689482253
7523449448894,-1.8035990436899343,2.6519791043528755,1.431088705929433,-0.5511228267109419,0.606639724033624,0.40652720234451717,-0.40371711489171447
7523482738194,-1.8102797764874792,2.646275393572222,1.440895414983468,-0.537650694012189,0.5909164988493268,0.42269680654804265,-0.42787478583103244
7523516027794,-1.8165714007591698,2.64021770212688,1.450796720257279,-0.5234794918365588,0.574454368209423,0.43831955670708544,-0.4514945920825133
7523549316494,-1.8224488836603243,2.6338357016754337,1.4607891721237667,-0.5086281544705268,0.5572746964545061,0.4533744414628576,-0.47454602411113506
7523582606794,-1.82789,2.62716,1.47087,0.493115,-0.539398,-0.467843,0.497002
7523615916794,-1.8276119702362992,2.625952429562531,1.465807780221386,-0.48728047325562296,0.5378755771497822,0.4805306100962218,-0.4922783121874431
7523649184394,-1.827168460318848,2.6248172831990417,1.4607342596327884,-0.48135508337443167,0.5362169058131284,0.49310172574853767,-0.4874622054001751
7523682478994,-1.8265596412598144,2.623755294074506,1.4556430474901791,-0.4753279359650709,0.534418803571604,0.5055797096710872,-0.4825443532455643
7523715784094,-1.8257866664933577,2.622770212222474,1.4505408348471243,-0.46920343764152933,0.532482324584402,0.517955447482502,-0.47752786571441475
7523749053394,-1.8248520736758203,2.6218663557705764,1.4454389137057075,-0.46299181208731854,0.530410748741685,0.5302091257784542,-0.47242068381965835
7523782348494,-1.8237556288119263,2.6210449932154902,1.4403320306729739,-0.4566832207264864,0.5282007680593109,0.5423607739474656,-0.46721427141253236
7523815632694,-1.8225,2.62031,1.43523,0.450286,-0.525855,-0.554394,0.461915
7523848921994,-1.8196739683790912,2.6287145029100163,1.433552380022116,-0.47049905079608456,0.5265769340733951,0.5457676137574334,-0.4510932137323325
7523882217294,-1.8165468438341372,2.6370338269432896,1.432031505246018,-0.49043641715113834,0.5269756721074785,0.5368067813907726,-0.4400082285499956
7523915499694,-1.8131215800412264,2.6452480909199285,1.430660149981131,-0.5100750248720173,0.5270512913030686,0.5275221070139785,-0.42867333944288083
7523948790094,-1.8093978901133865,2.653347553204853,1.4294290149136026,-0.5294154036534958,0.5268040845191643,0.5179132074925207,-0.4170883556431905
7523982084394,-1.8053785800489923,2.6613165298689516,1.4283295759376808,0.5484433188165108,-0.5262342808099015,-0.5079866668715203,0.40526158715918303
7524015367694,-1.8010687510801224,2.6691372156326825,1.427353213062865,0.5671388578938954,-0.5253428066654966,-0.4977527923557347,0.3932055557258768
7524048658194,-1.79647,2.6768,1.42649,0.585501,-0.52413,-0.487212,0.380921
7524081947094,-1.7941594044217952,2.661623880382851,1.4313266670042077,0.5721448230337703,-0.5211934641058137,-0.4946669750780075,0.3953634507844793
7524115238994,-1.791365454324451,2.646633366313283,1.4364272763701638,0.5585226627615417,-0.5180341966876059,-0.5018944672674003,0.4096278188433456
7524148525794,-1.7880979996839508,2.631855286998713,1.4417896111515256,0.5446440977913397,-0.5146543778417726,-0.5088892368146626,0.4237044049376239
7524181815894,-1.7843662434570953,2.6173087147168066,1.4474135751996027,0.5305120118992926,-0.5110546620626352,-0.5156496760145601,0.4375906183188686
7524215106494,-1.7801812544062805,2.6030173088254314,1.453296836034682,-0.5161340327295132,0.507236897641305,0.5221718930190133,-0.4512791863918991
7524248394194,-1.7755551666599625,2.5890044297980577,1.4594363873989777,-0.501518250674177,0.5032031737199422,0.5284520748060987,-0.4647627511236466
7524281682494,-1.7705,2.57529,1.46583,0.48667,-0.498955,-0.534488,0.478037
7524314974194,-1.7695878935429064,2.574779635151548,1.4615556190430155,-0.4874615140329448,0.506180321091278,0.527645042348394,-0.47723522938044033
7524348261694,-1.7687211109420522,2.5741998731720472,1.4573174471551396,-0.48819913095744694,0.5133573058424622,0.5207531537052225,-0.4763843385089681
7524381550494,-1.7679005212650782,2.573551779731918,1.453115661894146,-0.48888279703588217,0.5204862855928954,0.5138117595187559,-0.47548408285906235
7524414845294,-1.7671270246020991,2.5728364201428313,1.4489505496757935,-0.489512554502214,0.5275675385609099,0.5068205802198767,-0.4745343514510697
7524448130494,-1.7664019579730512,2.572055345458764,1.4448249077962911,-0.4900880867753989,0.5345970473661554,0.4997836198790967,-0.47353563482462907
7524481418994,-1.765725990285255,2.571209502310015,1.4407379622874987,-0.49060960763557615,0.5415768474455366,0.4926988903540885,-0.4724876026420904
7524514715294,-1.7651,2.5703,1.43669,0.491077,-0.548507,-0.485566,0.47139
7524547998894,-1.7762862614704564,2.5771350569785243,1.4416155753306534,-0.5054733848841165,0.5465648904870128,0.48542021218535425,-0.45840014753775893
7524581288394,-1.7872720858594429,2.5841156135818437,1.4467914370012431,-0.5196738106580086,0.5444225473216906,0.48509537348475695,-0.4452254475067997
7524614583194,-1.7980535776921054,2.5912291292295464,1.4522207881735663,-0.5336726388339055,0.5420807113948481,0.4845918775182763,-0.4318711950767534
7524647866294,-1.8086220220652434,2.5984592767512003,1.457903583170468,0.5474574381168846,-0.5395413529725944,-0.4839104358349751,0.41834934202530316
7524681156394,-1.818980460789946,2.6057972779184855,1.463845387297242,0.5610307368224624,-0.5368038772039675,-0.48305117186904817,0.4046574787584832
7524714450894,-1.8291253694546288,2.6132296587462176,1.4700479188117228,0.5743861859004471,-0.5338692589372491,-0.48201459568377303,0.39080180828181765
7524747734894,-1.83905,2.62074,1.47651,0.587513,-0.53074,-0.480802,0.376794
7524781024694,-1.8449707798471524,2.624481978516445,1.4710102214309402,0.5786784746912857,-0.5286147120762236,-0.4924211864675555,0.3784429735421484
7524814313894,-1.8508951817761619,2.6281006093866863,1.4654087487031378,0.5697148025202208,-0.5263783356089252,-0.5039318005883363,0.38000477884721495
7524847602494,-1.8568182521894077,2.6315959391653982,1.4597053696036193,0.5606236990091906,-0.524031204837312,-0.515331089854039,0.381479006363202
7524880892394,-1.862735374425968,2.6349683157506907,1.4538996324589915,0.5514065998627157,-0.5215737338499213,-0.5266171488208357,0.38286548597843656
7524914182294,-1.8686413657888918,2.6382178648938472,1.4479917305077008,0.5420658445064167,-0.5190065871669245,-0.5377870026522805,0.3841639265667238
7524947470194,-1.8745309293788484,2.6413447785752653,1.4419820950561046,-0.5326040198625959,0.51633052654641,0.5488374890505668,-0.3853740468624993
7524980760994,-1.8804,2.64435,1.43587,0.523022,-0.513546,-0.559768,0.386496
7525014049094,-1.8788732972738524,2.6313218747049567,1.4397537774047646,-0.5147172423041603,0.49001569536223705,0.5666448690773949,-0.4169704679251585
7525047373894,-1.8763919988353774,2.6185697480432957,1.4436766745535456,-0.505575621761721,0.4656778468296431,0.5726223590208349,-0.4468121166684839
7525080628094,-1.872988193184525,2.606201906801155,1.447591104529747,-0.4956422479787205,0.4406506575774656,0.5776726688535857,-0.4758781857311
7525113917394,-1.8686811359427438,2.594243893324842,1.4514745939308185,-0.4849027996659051,0.41489583801089497,0.5818050812406546,-0.504215793009263
7525147211294,-1.863507515883372,2.5827701739821345,1.4552888184893198,-0.47338293147539806,0.38847693860318877,0.5850073970500432,-0.531752398920763
7525180496894,-1.857509364178315,2.5718447661845896,1.458998056004251,-0.46110572583468784,0.3614465647240448,0.5872732571576451,-0.5584335339851139
7525213785494,-1.85073,2.56152,1.46257,0.448087,-0.333839,-0.5886,0.584226
7525247086794,-1.8354442770220574,2.5360234731691604,1.4607719928441456,0.40880976664162944,-0.31577389204046474,-0.6027043608266461,0.6082013459739936
7525280366194,-1.8177562410411687,2.512244699923984,1.4598849905226705,0.3684678088926402,-0.2969087034505144,-0.6152045833148638,0.6305553237373991
7525313653694,-1.797851139304152,2.490407536415549,1.4599210712795583,0.3271321165764823,-0.2772766011801506,-0.6260788375705335,0.6512507611423607
7525346949494,-1.7759503731737631,2.47073917316053,1.4608846679468948,0.2849111624875903,-0.2569286185253473,-0.635296319688947,0.670232721270982
7525380232194,-1.7523125113270936,2.4534546263004926,1.4627689449807757,0.24194401255210543,-0.23593149786385614,-0.6428262073883199,0.6874400993545929
7525413522694,-1.7271856604649147,2.438720277734149,1.465559113241585,0.1983176721605471,-0.21432740921382734,-0.6486528360951588,0.7028394986013646
7525446817394,-1.70085,2.42669,1.46923,0.154152,-0.192175,-0.652758,0.716388
7525480100294,-1.6829717230466632,2.416774321247655,1.4740892306762228,0.11020428820665906,-0.15059792484784051,-0.6531431564515295,0.7338796202872243
7525513390994,-1.6636773447224027,2.4091421676193625,1.4790936863068744,0.06582443024926937,-0.1083994803433849,-0.6509309151564654,0.7484688642403302
7525546681494,-1.6432608046704602,2.4039547197849744,1.4841670863741494,0.021199279941302704,-0.0657566518245936,-0.6461310657784058,0.7600929542541827
7525579968494,-1.6220318129799909,2.401331885552892,1.4892325763458039,-0.023489560388421146,-0.022842482187096332,-0.6387645669859046,0.768704292640285
7525613259194,-1.6003061885390337,2.4013522894034973,1.4942149125139002,-0.06807438758252261,0.020182401459042716,-0.6288600575853335,0.7742697052063846
7525646548494,-1.5784154333344291,2.4040534717177753,1.4990382296074685,-0.11237148577053872,0.06314103169036342,-0.6164591238298242,0.776765091871258
7525679836994,-1.55669,2.40943,1.50363,-0.156206,0.105864,-0.601612,0.77618
7525713127494,-1.5629207524481827,2.4173280245484876,1.5076124543911655,-0.1639284237656619,0.10643884714658182,-0.594242401735211,0.7801757569162094
7525746416694,-1.5693091222658935,2.4252187452328893,1.5114014326908882,-0.17162530316925764,0.10700241816017451,-0.5867931082433684,0.7840721178169915
7525779705594,-1.5758528228344966,2.4330976039846135,1.5149953403709056,-0.1792958930813555,0.10755471904133443,-0.5792649181787869,0.7878687198406993
7525812995494,-1.582549569786077,2.4409601170134967,1.5183926927781797,-0.18693950937248052,0.10809575469856195,-0.5716585295581552,0.791565192031037
7525846283494,-1.5893961533320624,2.448800816889231,1.521591687017312,-0.19455450848605121,0.10862546346550286,-0.5639756132631567,0.795160713038001
7525879577994,-1.5963916365245534,2.4566169024943196,1.5245916794110468,-0.2021418314530738,0.10914396259298387,-0.5562152302610468,0.7986556786450274
7525912863594,-1.60353,2.4644,1.52739,-0.209697,0.109651,-0.548382,0.802048
7525946151994,-1.6037577819902953,2.4608447433775478,1.518851816893442,-0.20639286378877256,0.11646531253966515,-0.5676390828724163,0.7884311563782025
7525979447394,-1.6041586806001318,2.4575859642760496,1.5102010895093225,-0.202960026844792,0.12320190279362915,-0.5865541334021722,0.7743272998157931
7526012747194,-1.6047363993516213,2.4546278742432035,1.501455499425623,-0.199400991300421,0.12985604122859573,-0.6051138918616893,0.7597458990352278
7526046019494,-1.605493402298557,2.451976063454931,1.49264079615005,-0.19572167044468752,0.1364173375491081,-0.6232895754564289,0.7447103080135917
7526079315594,-1.6064335830452563,2.449628725763617,1.4837608789637342,-0.19191886302376573,0.14289187587455437,-0.6410981113905324,0.7292066054255192
7526112604194,-1.6075584939170815,2.4475898822529905,1.4748416768409722,-0.18799858032571712,0.14926951680334896,-0.658511554584739,0.7132584928531873
7526145888794,-1.60887,2.44586,1.4659,-0.183963,0.155547,-0.675521,0.696874
7526179184294,-1.6023644480345713,2.4393052904269963,1.4686546790503472,-0.18568663936495738,0.15336391011006123,-0.6737228021201093,0.698639799138676
7526212466894,-1.5958773237815342,2.4327571067254468,1.4714678894398123,-0.1874073137575957,0.15117944297920985,-0.67191570322875,0.7003945763105768
7526245757494,-1.589404930638403,2.426211560570833,1.474341262211296,-0.189126148633029,0.14899231498258608,-0.67009885105584,0.7021396725673679
7526279045694,-1.5829496740444209,2.4196709222724366,1.4772737891184493,-0.1908425814447136,0.14680323800948528,-0.668272837392695,0.703874515251522
7526312334694,-1.5765113108662008,2.413134786530911,1.4802656186844507,-0.19255675261528532,0.14461203115524862,-0.6664375140892767,0.7055992469397304
7526345625294,-1.5700900662126922,2.406603220213383,1.4833166970280214,-0.19426867822009602,0.14241867079027182,-0.6645928628824278,0.7073138832786245
7526378950394,-1.56368,2.40007,1.48643,-0.19598,0.140221,-0.662737,0.70902
7526412203194,-1.5492302477383306,2.391681457965214,1.4893453794971978,-0.20105322872226228,0.13156693428717328,-0.6418244214989253,0.7282370170419782
7526445493194,-1.5349365083188509,2.383392266482329,1.4930415168540694,-0.20594037161713896,0.12280151331301052,-0.6202994285520878,0.7468178965478686
7526478782994,-1.520839060339891,2.375252311764763,1.4975025455774922,-0.21063175114404967,0.11394267189457476,-0.5982047802322977,0.7647237238629025
7526512071994,-1.506961309453506,2.3673016010537884,1.502712553451271,-0.21512358712911026,0.10499888624623742,-0.5755609162039448,0.7819377902916763
7526545361794,-1.493324886422625,2.3595789356607586,1.508653267155835,-0.21941257937340464,0.09597810070944511,-0.5523872696277007,0.7984451318344743
7526578649894,-1.4799521592715068,2.352123238572525,1.5153030297397199,-0.22349508935476428,0.08688942180525468,-0.5287066087681345,0.8142293873703856
7526611945094,-1.46686,2.34497,1.52264,-0.227369,0.0777389,-0.504534,0.82928
7526645228894,-1.435984488094919,2.325589390099453,1.5221238751042008,-0.22261840849500406,0.0771182011421122,-0.5079507286450258,0.8285408164482567
7526678517894,-1.4052619742991435,2.3059615200213317,1.5213305881834014,-0.21785812757175357,0.07649553193104461,-0.5113489137452252,0.8277732529244313
7526711813894,-1.3746945087945646,2.2860881281572256,1.5202594065836126,-0.21308807545594183,0.07587087174451469,-0.5147286364142378,0.8269773357077869
7526745098094,-1.344302919683738,2.2659834515540633,1.518910498855223,-0.20831111413455733,0.07524458349478465,-0.5180878692718969,0.8261535523714837
7526778386894,-1.314075762369501,2.245640656656663,1.5172828352730343,-0.20352505930170728,0.07461636853064459,-0.5214281513125218,0.8253015393190185
7526811682894,-1.284014330304846,2.2250610561240407,1.5153757260868634,-0.1987297002104236,0.07398618645584286,-0.5247496114107816,0.8244212489936381
7526844966294,-1.25414,2.20426,1.51319,-0.193928,0.0733544,-0.52805,0.823513
7526878256294,-1.2341394740942593,2.1881995334392292,1.520862767122359,-0.18748591702030404,0.06978608121669545,-0.5316498169066989,0.8229990315732736
7526911550594,-1.2143503108327915,2.171783992972237,1.5283792914413705,-0.18103036307038267,0.06621308213553695,-0.5352146391238699,0.8224287965947107
7526944832994,-1.1947875302046103,2.1550257478533674,1.5357340072705383,-0.17456497334695015,0.062637409791043,-0.5387426600959917,0.8218028785345927
7526978124694,-1.175444052943601,2.1379185195853956,1.542929696865152,-0.16808606355785755,0.05905703277458264,-0.5422358909739177,0.8211209293747224
7527011411794,-1.156333350018452,2.1204738235565737,1.5499614436404041,-0.16159676957498986,0.05547369095437421,-0.545692627850416,0.8203832699321298
7527044701094,-1.1374567788654595,2.102692669131456,1.5568288660164211,-0.15509620119242074,0.051886898555325064,-0.5491133454230658,0.8195898071671454
7527077991894,-1.11882,2.08458,1.56353,-0.148585,0.048297,-0.552498,0.818741
7527111280594,-1.1067838005208468,2.066046657486127,1.5588835866274329,-0.14186018662628233,0.045363182559454714,-0.5570055366474232,0.8170451035668411
7527144569394,-1.0950331172808496,2.047389179875497,1.5540097954359957,-0.13512490089217907,0.042426680649748146,-0.5614713065571382,0.8152859681369129
7527177860194,-1.0835699075766856,2.028612772579453,1.5489082607601297,-0.12837919737127013,0.03948753899238327,-0.5658949459954895,0.8134632296812165
7527211149794,-1.0723977952396893,2.0097255543506414,1.5435794691355227,-0.1216242366566695,0.036546276090563865,-0.5702756839634877,0.8115772046093773
7527244445794,-1.0615167207442686,1.9907295420224211,1.538022225790873,-0.11485898799562541,0.03360245591100434,-0.5746141696046381,0.8096275958259712
7527277727994,-1.0509355187895975,1.9716426784150913,1.5322401235177299,-0.10808807254332277,0.03065810135485352,-0.5789074475400685,0.8076157604813243
7527311016294,-1.04065,1.95246,1.52623,-0.101308,0.0277117,-0.583158,0.805541
7527344310994,-1.0320778204242815,1.9271341603026222,1.5243972314058292,-0.10561595201412734,0.03722653346018543,-0.5879415049242246,0.8011143755258205
7527377595194,-1.0230374027564753,1.902001234749439,1.522171990872519,-0.10990523602934194,0.0467332265682119,-0.5926348960579974,0.7965680916294511
7527410884694,-1.013532779428,1.8770623431581164,1.5195500289990014,-0.1141772002073852,0.05623483204503318,-0.597239488228323,0.7919003752483266
7527444180694,-1.003571859987367,1.8523296680412331,1.5165279927901265,-0.11843134041511907,0.06573023939119539,-0.6017547137180372,0.7871116933162521
7527477465794,-0.9931687110582994,1.8278289339122857,1.5131047346899518,-0.122664792097753,0.07521304010344777,-0.6061775587634565,0.7822052893132267
7527510752594,-0.9823286203421007,1.8035634751476797,1.509276562191625,-0.12687852370604014,0.08468538127371725,-0.6105090769722634,0.7771800906837333
7527544049294,-0.971058,1.77954,1.50504,-0.131073,0.0941482,-0.61475,0.772036
7527577333694,-0.9564299302998938,1.7592428061943401,1.5079511282898004,-0.13672850652115562,0.10181255046272195,-0.6143312728937516,0.7704132704058991
7527610620894,-0.9413837958912004,1.7391728920137435,1.5107744461563466,-0.14237515576088203,0.10946507213751994,-0.6138594493544947,0.7687153500758189
7527643917494,-0.9259211257088684,1.7193341452870357,1.51350810586777,-0.14801349887191184,0.11710647136639606,-0.6133340561125675,0.7669415975993946
7527677210394,-0.9100527941295378,1.6997420890310224,1.5161486954535373,-0.15364082831213616,0.12473299030648913,-0.6127552979225193,0.7650928844739355
7527710528094,-0.8937698867492689,1.6803877639938707,1.5186961179289982,-0.15926146479560105,0.1323503968116633,-0.6121226446694342,0.7631677575591441
7527743778494,-0.8771233764460316,1.661331654914216,1.521141299265202,-0.1648594076204773,0.13993691913816117,-0.6114379684857746,0.7611718893095923
7527777067694,-0.860066,1.64252,1.52349,-0.170452,0.147516,-0.610699,0.759099
7527810358294,-0.8418445432030548,1.6293369312672252,1.5192972652137855,-0.16661940273293774,0.14005546542471348,-0.6108506902083004,0.7612383828405063
7527843647394,-0.8238215263416784,1.6158600341611054,1.5152608869727582,-0.1627766936938669,0.1325832717016435,-0.6109575354898257,0.7633192738842507
7527876936094,-0.8060019755596444,1.6020922738471994,1.5113795884879855,-0.15892407166255165,0.12509978078933676,-0.6110197325826278,0.7653417999085835
7527910239294,-0.7883836249056848,1.5880307750744702,1.5076505496101456,-0.15506008142230282,0.11760220168890063,-0.6110372952796321,0.7673066643035129
7527943516294,-0.7709934070074971,1.5736964255982744,1.5040770169599056,-0.15118972626349547,0.1101002694906551,-0.6110102429045363,0.7692113366274537
7527976804094,-0.7538172839105287,1.5590771181897032,1.5006536316568737,-0.14730898580044077,0.10258621708074392,-0.6109385972627479,0.7710578195843254
7528010094494,-0.736865,1.54418,1.49738,-0.143419,0.0950624,-0.610822,0.772845
7528043382894,-0.7201110369062842,1.5351561743060964,1.5030655565731896,-0.14545953043914597,0.09338103170067362,-0.6020930419707435,0.7794905238252466
7528076676494,-0.7033846458084618,1.526265049201538,1.5091005120208818,-0.1474886204067444,0.09168418404594524,-0.5932866353618366,0.7860356770194187
7528109962594,-0.6866953705386273,1.517517290291298,1.5154796412287308,-0.14950528541371133,0.08997269862327094,-0.5844076581499936,0.7924776162337023
7528143250594,-0.670041653283554,1.5089176075159472,1.5222015934051158,-0.1515097997251737,0.08824623279309324,-0.5754547689689616,0.7988173707775414
7528176546994,-0.6534234198391116,1.5004715337703824,1.5292645977710366,-0.15350225092845832,0.08650458185198857,-0.5664273425391106,0.8050553284728885
7528209832094,-0.6368536503299864,1.4921911069516398,1.5366610149442388,-0.15548116468717055,0.08474892008522669,-0.5573318953051265,0.811187023101026
7528243118894,-0.620329,1.48408,1.54439,-0.157447,0.0829787,-0.548166,0.817214
7528276415294,-0.6255650471401543,1.4805220888463095,1.5467231404279804,-0.14970651395483536,0.06245066983962,-0.5396582142677878,0.8261094874708654
7528309699794,-0.6310786672004001,1.477183185225252,1.5490252194509948,-0.14189010754048434,0.041877696079176636,-0.5308205170338457,0.8344717099154234
7528342986694,-0.6368629120406907,1.4740708583067532,1.551284434699754,-0.13399905402245338,0.02126390830952673,-0.5216553209106477,0.8422991308852816
7528376283294,-0.6429093057696439,1.47119306037199,1.5534885552514603,-0.12603619668531713,0.0006177375720084311,-0.5121666288981659,0.8495880412108451
7528409576694,-0.6492050236156219,1.468558875673743,1.5556241474923547,-0.11800924967612657,-0.020039826457058867,-0.5023644130659908,0.8563306714297412
7528442856194,-0.6557366604091954,1.4661762283883701,1.557678197308968,-0.10992552048143099,-0.04068912897517362,-0.4922586437479624,0.862520841710822
7528476145394,-0.662497,1.46405,1.55964,-0.101784,-0.0613318,-0.481849,0.868159
7528509433694,-0.6750364040608096,1.4672763919289982,1.546351400309167,-0.08747930183486129,-0.06677743509951058,-0.5113431490862698,0.8523006099930663
7528542724694,-0.6875864906126316,1.471756845030106,1.5334723597632334,-0.0730622889707183,-0.07213040877920567,-0.5401492703096598,0.8352831087982362
7528576021194,-0.7001158184518849,1.4774602844624154,1.5210878045630571,-0.058551151530279025,-0.07738357979198393,-0.5682304572438011,0.8171277083134293
7528609302194,-0.7125841886479591,1.4843440489173665,1.5092884263277437,-0.04397463170354357,-0.0825262714170676,-0.5955312853620272,0.797871001132129
7528642592694,-0.7249690144767275,1.4923680552439291,1.498145179748964,-0.029341440646977985,-0.08755511596873397,-0.6220354567710727,0.7775249655464861
7528675881794,-0.7372347590587063,1.501478987339545,1.4877383504978163,-0.014676053303041206,-0.09246132591608196,-0.6476980733688061,0.7561234835816324
7528709170394,-0.749351,1.51162,1.47814,2.18486e-06,-0.0972381,-0.672485,0.733695
7528742461294,-0.7701618570824268,1.5213986388593104,1.47542888854821,0.020820389591910973,-0.10861255694723056,-0.6741936894800505,0.7302278363058361
7528775750394,-0.7905640284068373,1.532051004600667,1.4730278196148472,0.041629458175021165,-0.11991726553531792,-0.6755110378247782,0.7263412940315851
7528809042794,-0.8105182091835104,1.5435556609874286,1.4709420391083847,0.06242054146463798,-0.13114751503730565,-0.6764364248727083,0.7220372347796409
7528842328994,-0.8299774043649634,1.5558841401957064,1.4691769424826773,0.08317568532352437,-0.1422937063275352,-0.6769689611650314,0.7173195467360928
7528875616894,-0.848906099296303,1.569012233248975,1.4677361246902574,0.10388781436746729,-0.15335214849774742,-0.6771084044026849,0.7121900373245372
7528908913494,-0.8672689932635581,1.5829142616375185,1.466622742259347,0.12454927309873329,-0.16431882475664225,-0.6768543796808987,0.7066505155364702
7528942196094,-0.885016,1.59755,1.46584,0.145134,-0.17518,-0.676207,0.700708
7528975485694,-0.9057422908629437,1.6103410414716324,1.4692887547724582,0.20229909294191795,-0.21295582055339568,-0.6619794301046101,0.6895709750313472
7529008781494,-0.9244716039191698,1.6254929460094607,1.4732190446556381,0.2584898165331483,-0.24962422546551996,-0.6444346130107484,0.6749628066516594
7529042111494,-0.9408958398413877,1.6427173687858327,1.4775955565691374,0.31346912569428054,-0.2850288900144859,-0.6236374485807211,0.6569413762439552
7529075353394,-0.9546878653187412,1.661600871381918,1.4823527515458628,0.3667631180486874,-0.3188653527295295,-0.5997734267139596,0.6356740821173
7529108650694,-0.9656901903991577,1.6818426256201515,1.4874539208937578,0.41833614384825735,-0.35111159008116294,-0.5728612669041035,0.6111836801992288
7529141933594,-0.9737101534469946,1.702996404893188,1.492825197666608,0.46781776781137163,-0.3815352474949054,-0.5430840150548368,0.58364127992364
7529175222494,-0.978649,1.72465,1.4984,0.51499,-0.410003,-0.510571,0.553172
7529208512094,-0.967523413350136,1.732773351741655,1.4994227095672987,0.5477170973937975,-0.42900983265494264,-0.48445443974416014,0.5303399292152755
7529241800794,-0.955608907052076,1.7397128022852277,1.5002096488663874,0.5789871167177505,-0.44690229098980344,-0.45704982807961564,0.506120258076403
7529275092094,-0.9430320206130176,1.745396429698842,1.5007434693903918,0.6087206486536715,-0.4636358243052109,-0.42842737003932907,0.4805735978231273
7529308379094,-0.9299302125183115,1.7497638095930637,1.5010094746268894,0.6368329521617397,-0.4791635570382708,-0.3986692826337973,0.4537718366444181
7529341668394,-0.9164412913457692,1.752770410653495,1.5009960971570728,0.6632553448026977,-0.4934483037647332,-0.36784899320337994,0.42577956421324653
7529374959194,-0.9027099618825062,1.7543847182132575,1.5006947314287669,0.6879169871747265,-0.5064523622732379,-0.33604911257984954,0.3966701620220505
7529408249594,-0.888884,1.75459,1.5001,0.710751,-0.518141,-0.303356,0.366521
7529441536794,-0.8899526739487414,1.7391849259403926,1.4987961472296876,0.6995892812546005,-0.5135370874131775,-0.3157231718205134,0.3836318237326726
7529474827194,-0.8904841715593429,1.7238469446296456,1.497565773368443,0.6880101578873965,-0.5086322832647809,-0.32790628539401795,0.4005155316135847
7529508117794,-0.8904825208540579,1.7086035638545378,1.496410369503625,0.6760215779444839,-0.5034300438120678,-0.33989697671582286,0.41716071526484033
7529541410694,-0.8899530714963517,1.6934797301142765,1.4953310736698349,0.6636298052602762,-0.4979331347252026,-0.35168879144402193,0.43355861066940465
7529574695494,-0.8889027719415314,1.6785057415011708,1.494329235611206,0.650846118847706,-0.4921466477959453,-0.36327102930977273,0.449694525103775
7529607983894,-0.8873392262795823,1.663701568577281,1.4934053472434856,0.6376736438536714,-0.4860720751001818,-0.3746408555580023,0.4655647012918317
7529641280794,-0.885271,1.64909,1.49256,0.624118,-0.479712,-0.385793,0.481162
7529674562694,-0.8925535507543099,1.6218500391454973,1.4885743620140508,0.5570805551142464,-0.43979261040272094,-0.44208834164358046,0.5484538386515245
7529707851794,-0.8939170410629907,1.5939103705157924,1.4848495306270033,0.48239203708219597,-0.39373557695828815,-0.4923241245774531,0.6081835038506533
7529741148394,-0.8893641792958328,1.5666660939641228,1.4814909868498978,0.40107506360323636,-0.34217498403379504,-0.5358105607751785,0.6595165779712598
7529774431494,-0.87923113417433,1.5414908187109388,1.478585242895629,0.31430110307980985,-0.2858596422673144,-0.5719289251756903,0.701709616631408
7529807719994,-0.864152796146476,1.5196130247052217,1.4761899842620148,0.22321648337115094,-0.2255407995042847,-0.6002101288370871,0.7342026631331108
7529841016894,-0.8450355889763146,1.502095266032824,1.4743370155860458,0.1290632516571948,-0.16204821741073566,-0.6202669625247668,0.7565394553531061
7529874300594,-0.823025,1.48977,1.47303,0.033197,-0.0963052,-0.631816,0.768395
7529907601694,-0.8193443721836293,1.4978864652810475,1.4778232919110332,0.00557909998633045,-0.08582132252047318,-0.6274343926756715,0.7739054574894086
7529940878694,-0.8162389405390953,1.5066533359976995,1.4826291911236305,-0.022032032841370834,-0.0752760296387988,-0.6224901956328035,0.7786873989167474
7529974166894,-0.813740718340685,1.5160468465955022,1.4874318993362106,-0.04964030165052152,-0.06466842952595343,-0.6169830482925224,0.7827424562359955
7530007456994,-0.811884183854565,1.5260297671140817,1.4922092044581818,-0.0772126235220919,-0.05401170733251672,-0.6109189260151143,0.7860655265793061
7530040745394,-0.8107006187450975,1.5365638913755852,1.4969398167292414,-0.10472068005167279,-0.04331730749406948,-0.6043037518125725,0.7886533874816163
7530074035194,-0.8102185169432206,1.547611040164025,1.501603571968068,-0.13214174733680067,-0.03259455360602702,-0.5971426881440897,0.7905041199652608
7530107325694,-0.810464,1.55913,1.50618,-0.15945,-0.021854,-0.589442,0.791616
7530140614994,-0.7965405080167731,1.5655928053893824,1.505623000089502,-0.1760505142747571,-5.606674103974537e-05,-0.5921125673374547,0.7863898021217991
7530173903394,-0.7828991620897953,1.5728503295728675,1.504854579696758,-0.19250389380039332,0.021750573693144443,-0.5943102223930518,0.780553984663987
7530207196694,-0.7695831464132056,1.5808880155121552,1.5038805117338276,-0.20879979707687676,0.04355272127579552,-0.5960339439050089,0.7741119705334422
7530240483994,-0.7566412855187542,1.5896847849725622,1.5027076879276262,-0.22491982341740974,0.06532624300021672,-0.5972821515214997,0.767070783228775
7530273774394,-0.7441133182819681,1.5992221460227496,1.501342978312704,-0.2408554709788521,0.08706010986623869,-0.5980545879391157,0.7594339268261646
7530307061594,-0.7320436373886746,1.6094751745300013,1.4997943871973494,-0.2565909487692064,0.10873325211739585,-0.5983508279213627,0.7512086605061961
7530340350594,-0.720471,1.62042,1.49807,-0.272116,0.130332,-0.598171,0.7424
7530373695794,-0.6871071345177362,1.6328683077172426,1.4940643160975753,-0.31578905484137804,0.17699364647810578,-0.5933150068497233,0.7189769291122527
7530406928894,-0.6558190366633726,1.6491260995839234,1.4895880930734453,-0.3578584011373442,0.22267354597006933,-0.5857216810097305,0.6923033793472878
7530440218194,-0.626951963715949,1.6689700428253134,1.4846914646932456,-0.3983451611342275,0.26739324440821544,-0.57539442535849,0.662376962697351
7530473514294,-0.6010188767371475,1.6920186082576842,1.4794596935474194,-0.43699645939255294,0.3108762556277245,-0.5623883879542688,0.6293721865950682
7530506797794,-0.5784427729404871,1.7178360248335474,1.4739811425067166,-0.47361067474936275,0.3528961824007523,-0.5467718354954171,0.5934625288250311
7530540086594,-0.5595570236935323,1.7459622188914894,1.4683426444353656,-0.5080379349472832,0.39328143630762774,-0.5286093881836327,0.5547966142961176
7530573382794,-0.544640792491562,1.7758842723810255,1.4626362827417612,0.540119015193136,-0.4318465210846316,0.5079824715607052,-0.5135502314681353
7530606667094,-0.5401579908424758,1.8079437305727224,1.4621034646256261,0.5778013517394676,-0.46267281082638245,0.47838998707379404,-0.47246427200116803
7530639954294,-0.540108805707613,1.8397817536051086,1.4619055167138344,0.6126363007792531,-0.4912198548484914,0.44642297916737944,-0.42905284154922113
7530673244794,-0.5444205537754734,1.8707781221436288,1.462021612551933,0.6444508878392109,-0.5173472724663447,0.41223824196587827,-0.38352898807752295
7530706549094,-0.5529379240666268,1.9003375618261658,1.4624247442915277,0.6730950078828086,-0.5409331858269559,0.37599226150345116,-0.33610149973462233
7530739823594,-0.5654041258003041,1.9278473404651901,1.463081152568153,0.6983915442576779,-0.5618330355022283,0.3379128728921747,-0.2870675555709576
7530773112694,-0.58151240440052,1.9528102624805381,1.4639534204680886,0.7202509949579541,-0.5799741294214932,0.2981387531479813,-0.23660472804917781
7530806401094,-0.6008652473192032,1.974728402181262,1.464998862707738,0.7385526462524811,-0.5952576264364458,0.25688368331413114,-0.18498410777596963
7530839692294,-0.6157716838445897,1.986672054890396,1.4638529111175054,0.748410357793419,-0.596393589132158,0.23807518173785025,-0.16588197922040537
7530872982094,-0.6312743299166927,1.997585866217743,1.4626635709987161,0.7576537889881921,-0.5970462948150081,0.21906623240197887,-0.14665075417708845
7530906269494,-0.6473148143321398,2.0074391760042847,1.4614110419675685,0.7662750641886343,-0.5972154719786096,0.1998730406346804,-0.12730661278786048
7530939560494,-0.6638364721668689,2.016206659666387,1.4600754697895137,0.7742685098640307,-0.5969011815632344,0.18050789635626985,-0.10786173294724348
7530972850194,-0.680775755824258,2.0238634283874846,1.458637704811453,0.7816262065008089,-0.5961038677219392,0.16098953575048153,-0.08833471331783602
7531006140694,-0.6980711743266391,2.0303901370015356,1.4570786731193068,0.788342476090092,-0.594824329812548,0.14133276669518335,-0.06874013466295278
7531039428194,-0.715657,2.03577,1.45538,-0.794411,0.593064,-0.121556,0.0490961
7531072716394,-0.713633494438153,2.0360813611828785,1.4623037423426721,0.789321354632253,-0.5901277149545008,0.14234797200776836,-0.0919681141992182
7531106011994,-0.7113752578762352,2.0362331363183106,1.4692325304361895,0.7823954533840459,-0.5858508448380741,0.16281532220813952,-0.1346377100991675
7531139296194,-0.7088996430324652,2.036204725148821,1.4761675456657932,0.7736536195966541,-0.5802458945899147,0.1828982689622232,-0.1769830554238658
7531172584294,-0.7062235586768705,2.0359772856578022,1.4831169980977295,0.7631127724130592,-0.5733236114507134,0.20255876391250235,-0.2189266550591887
7531205880794,-0.7033662856383912,2.0355336080557502,1.4900867482238214,0.7507950048640025,-0.5650981976087417,0.2217527883853164,-0.26037778049202137
7531239182194,-0.7003493710476055,2.03485851934589,1.4970808343452904,0.7367292035490163,-0.5555885672265148,0.2404326750312079,-0.301236706565714
7531272452994,-0.6971989311588968,2.033940063298408,1.5040963275091028,0.7209650514222449,-0.544828049298051,0.2585350119064814,-0.34136701502095357
7531305749394,-0.6915429323791206,2.0213342074232115,1.51101731520431,0.6848856036057417,-0.5069592573452555,0.29454118902892595,-0.43263091582892277
7531339063594,-0.6883386574207272,2.0077676848622548,1.5182653850228185,0.6402830618578109,-0.462839841287542,0.32690859132823025,-0.5186016341380943
7531372320994,-0.6877491720431494,1.9938230515078008,1.5256916026409773,-0.5878241823507917,0.4131222959506022,-0.3551667483686784,0.5980378584047553
7531405611294,-0.6898015291583326,1.9800337398301864,1.5331744041780875,-0.5280267310797061,0.35829135865861705,-0.3790419688090992,0.6701807662542727
7531438901294,-0.6943986213934797,1.9669761458724804,1.5405626446443526,-0.4616808832704474,0.29906924349984837,-0.3982044124154775,0.7340583052781928
7531472190094,-0.7013156478554448,1.9551770221351468,1.5477169631400498,-0.38961151084739487,0.23618679508519644,-0.41241282967176146,0.7888816935160332
7531505479794,-0.710214,1.9451,1.55451,-0.312708,0.170414,-0.421489,0.833979
7531538767694,-0.7040866637333835,1.951130356779523,1.5567037429885404,-0.29194137547428106,0.16235121471193872,-0.4227938365512892,0.8424118281113963
7531572058594,-0.6977406979671311,1.957038915899135,1.5588594942391962,-0.2710096627697971,0.15418809408414025,-0.42386027022161504,0.8503659598406798
7531605346394,-0.6911834554150407,1.9628141122309297,1.5609774825419676,-0.2499283936831082,0.14593071623309298,-0.42468741405350957,0.8578348468296335
7531638635894,-0.6844206779398224,1.9684466103666536,1.5630587288463542,-0.2287065025553876,0.1375826366171167,-0.42527509193619284,0.8648152692737493
7531671926594,-0.6774595844300675,1.9739264607077862,1.5651039973986405,-0.2073563335310014,0.1291487643435252,-0.4256230886428492,0.8713030093068898
7531705252994,-0.6703002450950849,1.9792495756439974,1.5671162352180705,-0.18586768807650048,0.12062507502755951,-0.4257313261892411,0.8773001947479794
7531738507994,-0.662974,1.98439,1.56909,-0.164322,0.112044,-0.4256,0.882785
7531771794794,-0.6583890675057572,1.973982944077531,1.5660984610242061,-0.15929526657594387,0.10772606607478638,-0.4464776403012147,0.8738866227638509
7531805083994,-0.6539993599640479,1.9636388879045412,1.562534483895931,-0.15418512995620948,0.10334088952912598,-0.4671072017390992,0.8644989695396891
7531838379794,-0.6498061734402364,1.9533849593476498,1.5584021043743674,-0.14899389302935084,0.09889046263642189,-0.4874796202560311,0.8546257169513146
7531871661994,-0.645813297303331,1.943255528222655,1.5537099882423966,-0.1437277753958582,0.0943801326982752,-0.507571268145224,0.8442784640656557
7531904950994,-0.6420190670213408,1.9332722525794002,1.548462664661598,-0.13838665785126988,0.08980981977014973,-0.527383344549111,0.8334567397854569
7531938248994,-0.6384237521429545,1.923462157431277,1.5426678661403705,-0.1329732589938662,0.08518188301414457,-0.5469059103937759,0.8221654847870167
7531971529994,-0.63503,1.91386,1.53634,-0.127495,0.0805027,-0.566113,0.81042
7532004819094,-0.6235899340642307,1.8970311679616183,1.5319438230060285,-0.1653486604038136,0.10747952456929047,-0.5732900053655102,0.7952650765933564
7532038115694,-0.6103700159810101,1.8812706512195712,1.5269518076337671,-0.20282559182914064,0.13417868097137814,-0.5790601134732593,0.778169162750797
7532071398394,-0.595491338983947,1.8667675240865909,1.5213927016903162,-0.2398103386568212,0.16051858169506036,-0.5834047573097649,0.7591861929409949
7532104690194,-0.5790722726506192,1.8536786292106324,1.5152938951599844,-0.276238188847305,0.18645388938726826,-0.5863155256346495,0.7383505363677105
7532137977394,-0.5612624660418435,1.8421629612208503,1.508694304623579,-0.3120050156391488,0.21191129929089855,-0.5877827410805633,0.7157219577019258
7532171266894,-0.5422151334236902,1.8323560215462804,1.5016341687996775,-0.347030825365142,0.2368347893625283,-0.587802221658006,0.6913518908688306
7532204556794,-0.5221,1.82438,1.49416,-0.381228,0.261163,-0.586373,0.665302
7532237845994,-0.5080144496809589,1.8304468451071922,1.4898682372229788,-0.43652095185509204,0.3291872283356912,-0.5650878938535298,0.6178680275854804
7532271134194,-0.4953109272059609,1.839769597313114,1.4850482900419648,-0.4871928774471042,0.39386492979001697,-0.5379612394073635,0.5640134946449504
7532304425694,-0.48462940466317905,1.8520064421643636,1.4797637763121514,0.5327243508893335,-0.4545287586574359,0.5052792965088789,-0.504282863125807
7532337712494,-0.4765296747682509,1.8666899218988977,1.4740999581739385,0.572633855167217,-0.5105303096943469,0.4673981658521382,-0.43930425146791163
7532371002694,-0.47145991252236447,1.883257328690397,1.4681559643888473,0.6065196737596935,-0.5612969943656353,0.4247104758014942,-0.36973041692969677
7532404292594,-0.4697456264326179,1.9010626861251858,1.462045535177888,0.6340288753155866,-0.6062897373587316,0.3776712061692199,-0.2962846598631447
7532437582094,-0.471572,1.91941,1.45589,-0.65488,0.645035,-0.326776,0.219724
7532470873394,-0.47739640486622903,1.927411523042551,1.4524913269409852,-0.6598886232383944,0.6618096552605691,-0.3023050712608145,0.18752767532931536
7532504160294,-0.48395627020763216,1.9347540049559424,1.4491561420031742,-0.6636175860416572,0.6773015353055293,-0.2772176308486974,0.15499908037034313
7532537455494,-0.4911934303686162,1.9413788869416122,1.4458946166264686,-0.6660597302549768,0.6914876903381361,-0.2515531714892587,0.12218924566913916
7532570767094,-0.4990442881115822,1.9472312347258627,1.442716849791715,-0.6672080779014092,0.7043437120997529,-0.22535507300695304,0.08915383939392876
7532604029394,-0.5074217708937846,1.9522510179878987,1.4396390629243097,-0.667058668037872,0.7158224609214539,-0.19872699385338014,0.05602249324951893
7532637317494,-0.5162693395524629,1.9564071638410883,1.4366635202235831,-0.6656114438212747,0.7259301449583433,-0.17166151422374548,0.022784973761841562
7532670619094,-0.525506,1.95966,1.4338,-0.662866,0.734642,-0.144221,-0.010482
7532703896194,-0.535424355391708,1.970302168832053,1.4328603858652242,-0.6614799959893394,0.7395560236686551,-0.12038943489895475,-0.031740931398772036
7532737185794,-0.546014781912165,1.9803750738748334,1.4319007118080505,-0.6593977773548169,0.7437018521059707,-0.09641828827486629,-0.05296829315563217
7532770481894,-0.5572374035391591,1.9898343161071619,1.4309217257994569,-0.6566211797928743,0.7470739736637019,-0.07233702395857194,-0.07413810819381228
7532803764994,-0.5690443011174098,1.99863504016989,1.4299246738895626,-0.6531547418060895,0.7496672587383731,-0.048185119025480956,-0.09521595841251636
7532837053594,-0.5813982079894686,2.0067456057595914,1.4289097498658243,-0.6490002068586084,0.7514808392179624,-0.023974608478819392,-0.11619164313339334
7532870343894,-0.5942519719922235,2.0141310041698888,1.4278778796698577,-0.6441619868293773,0.7525124946416505,0.0002662652364121813,-0.13704090351078768
7532903634294,-0.607557,2.02076,1.42683,-0.638645,0.752761,0.0245108,-0.157741
7532936921794,-0.6222326276075077,2.0448642181611603,1.4200694148280186,-0.6268001657982852,0.7565813719003223,0.056068468683490594,-0.1776583988111931
7532970212294,-0.6385940029047696,2.067623975204675,1.4127999905211421,-0.6139962635039936,0.7592199717170883,0.08754670342587458,-0.19730483437640348
7533003500994,-0.656524911812075,2.0889046146842483,1.4050239964969609,-0.6002550728773502,0.7606725194159685,0.11889260365692102,-0.2166465196721342
7533036840694,-0.6759332903288858,2.108614128509967,1.3967322758811447,-0.5855740562577669,0.7609365351061993,0.15010729553473995,-0.2356828674419158
7533070079594,-0.696595150360394,2.1265543067423973,1.3879709929387256,-0.5700447601172522,0.7600131910201228,0.1810012283481012,-0.25429800682418513
7533103368794,-0.7184608500993546,2.1427090558843673,1.3787116840433915,-0.5536226499873088,0.7579025568027006,0.2116678366241011,-0.2725479824761719
7533136659194,-0.741353,2.15696,1.36898,-0.536355,0.754608,0.242014,-0.290376
7533169949994,-0.7553148318838051,2.1844078030292255,1.3730710001109951,-0.5328993510685377,0.7420789511257038,0.26123903519087155,-0.3115947342614272
7533203239694,-0.7708338316421753,2.2109141377842474,1.3776563103044206,-0.5289051686875185,0.7288233414099673,0.28020051940279445,-0.3325109448996262
7533236526994,-0.7878415916113805,2.2363824818609106,1.382751100206298,-0.5243771370682501,0.7148551829789273,0.29887879694809927,-0.3531035970124448
7533269816894,-0.8062672537551898,2.2607251321986492,1.3883696310941105,-0.519319263991378,0.7001860423394273,0.31725786515004606,-0.3733556684462398
7533303110494,-0.8260328069370586,2.283855518652089,1.3945237466489815,-0.5137364605877862,0.6848295959427184,0.33531973852151176,-0.39324794537483854
7533336393694,-0.8470452271437844,2.3056820277579173,1.4012201583006318,-0.5076370046504154,0.6688075789381408,0.3530386856733011,-0.4127526865842605
7533369685194,-0.869227,2.32614,1.40847,-0.501024,0.652127,0.370407,-0.431862
7533402978994,-0.8722483211749561,2.350961885487705,1.4219778379906451,-0.515278788366984,0.6400403032670755,0.359159093494701,-0.4425391802009261
7533436263494,-0.8744253844751726,2.3755978229716126,1.4358706774932188,-0.529221641597603,0.627584206240376,0.3476963873242342,-0.4529566650178044
7533469551794,-0.8757433383119129,2.400047076281467,1.4501112999530976,-0.5428498028507758,0.6147610690841993,0.33602092658280674,-0.4631121423389356
7533502848794,-0.8761880273471152,2.4243031183631807,1.4646585620549577,-0.5561571662299074,0.6015764475118124,0.3241376570764658,-0.473000807097796
7533536132494,-0.8757475718093527,2.448340435058222,1.4794586545274628,-0.5691272700660384,0.5880469814523679,0.3120613775125074,-0.4826101892178961
7533569420294,-0.8744124619537286,2.4721626554840967,1.4944744571033135,0.5817594943912349,-0.5741738010575318,-0.2997928819347281,0.4919395946720197
7533602710494,-0.872175,2.49576,1.50966,-0.594046,0.559966,0.28734,-0.500983
7533636000594,-0.8688624887279007,2.5203522256141877,1.5119698032586357,0.6058769515259196,-0.5534172882755686,-0.272416876107715,0.5024255867878232
7533669287794,-0.8648606677086378,2.544849979102193,1.5143152495908887,0.6174621955852342,-0.5466363618457541,-0.2573893011822079,0.5036664298601153
7533702578794,-0.8601707729303707,2.5692422032055853,1.5166744896294029,0.6287989901346821,-0.5396243803967546,-0.24226019918282485,0.5047052149313704
7533735887094,-0.8547934147665254,2.593522886379744,1.5190261337862574,0.6398869688935558,-0.5323811428266287,-0.22702945467608812,0.5055418998582694
7533769157394,-0.8487424074099194,2.617636284625368,1.5213439859456055,0.6507033451141624,-0.5249218390752792,-0.21172858297732772,0.5061750948727909
7533802446894,-0.8420132532327569,2.641608673268801,1.5236098096593977,0.661262422588669,-0.5172368823213133,-0.1963375288058117,0.5066059522164339
7533835734894,-0.834616,2.66541,1.5258,-0.671553,0.509334,0.180872,-0.506834
7533869025594,-0.8422659046952177,2.679030509786254,1.530724795626079,0.6765163987357231,-0.5097307962887028,-0.18376960060339945,0.4987271914088907
7533902342794,-0.8498045784718365,2.6927001141778666,1.5357153803561492,0.6814158877700255,-0.5100803230503546,-0.1866493090258339,0.4905634386821065
7533935605194,-0.8572138815474662,2.706383354550528,1.5407609511107416,0.6862391150211001,-0.5103817833052844,-0.18950387417150177,0.4823635495755943
7533968893994,-0.8645122002851725,2.7201115204515207,1.545875175315826,0.6909974455676041,-0.5106359581669581,-0.192340037732587,0.47410838247281134
7534002202294,-0.871697971702778,2.7338797540631035,1.551058536053535,0.6956892607203039,-0.5108426853820046,-0.19515691780623737,0.46580036576038564
7534035477294,-0.8787601112771567,2.747664118052186,1.556304159688555,0.7003066833648517,-0.5110016598154737,-0.19794981364795888,0.457453521329862
7534068761294,-0.885708,2.76148,1.56162,-0.704855,0.511113,0.200722,-0.449058
7534102050894,-0.9019799626968619,2.760122690763733,1.5619407023802028,0.7269493295799025,-0.5246887474243901,-0.1871656171115158,0.40151640355136203
7534135347294,-0.9178572133062926,2.7601680281614347,1.5618494687503857,0.7467468334585632,-0.5366659779306001,-0.17315755210293593,0.352668763857987
7534168629994,-0.9331684592231883,2.761566969416082,1.5613702264888611,0.7641785996200738,-0.5469942982854114,-0.15875265754563364,0.3026977027467372
7534201918394,-0.947768162656298,2.7642544565506504,1.560531817142292,0.7792054642657129,-0.5556417271110492,-0.14398959921015195,0.2517302343200057
7534235215294,-0.9615112680137853,2.7681501439719725,1.5593678841159102,0.7917845514973364,-0.5625745009643357,-0.1289145738890078,0.19992045296543828
7534268496994,-0.974253226014658,2.7731546045670004,1.5579178677256413,0.8018727881756444,-0.5677601254473387,-0.11358661727226248,0.1474671214613102
7534301786394,-0.9858804942508453,2.779160873151455,1.5562235565389577,0.8094509052914091,-0.5711801003965685,-0.09804390861818774,0.0944982371092317
7534335076894,-1.0189808444768753,2.7715101995849754,1.556291095785758,0.8090390713479259,-0.5772115145795226,-0.08505983587584318,0.07104556840559562
7534368365894,-1.0522817294031257,2.765512810072616,1.5561528641677569,0.8080263991141171,-0.5827897500550957,-0.07205636861773287,0.047511317672931104
7534401654694,-1.0856932732293958,2.7611753468842615,1.555788470797825,0.8064144134449421,-0.5879098487031627,-0.059042331829455806,0.02391247871332055
7534434944994,-1.1191256298070777,2.758499697056993,1.5551782654041184,0.8042049644019836,-0.5925671922531376,-0.04602637546519489,0.00026581567736912864
7534468234894,-1.152485207575737,2.7574831095518495,1.5543035059702535,0.8014005630991718,-0.5967570012995121,-0.033018533995427556,-0.02340929894587512
7534501528594,-1.1856846432477377,2.7581177352448027,1.5531461960061599,0.7980036245597623,-0.600475607715064,-0.02002643104916234,-0.04709778963114667
7534534813194,-1.21862,2.76039,1.55169,-0.794019,0.603718,0.00706432,0.0707724
7534568101194,-1.2488223144260695,2.764282885252487,1.55651448036779,0.7913590150169925,-0.6066214164056986,-0.00942224911984567,-0.07531658337181345
7534601392694,-1.2790341900407747,2.7683781616340495,1.5610159098343526,0.7886642906975789,-0.6095021415680387,-0.011778995266077967,-0.07985631642506948
7534634680494,-1.3092452885938637,2.7726723088263703,1.5651918691896565,0.7859354308764434,-0.6123593620503117,-0.014133966331867129,-0.08439040939659098
7534667971794,-1.3394583444246473,2.7771635870663918,1.5690418686753052,0.7831719604663782,-0.6151935766537421,-0.01648759012151197,-0.0889196432472109
7534701260294,-1.3696638447708498,2.7818484520675932,1.5725638264693356,0.7803745177187831,-0.6180041296910375,-0.018839339401375176,-0.09344296159112168
7534734549194,-1.3998609043144767,2.7867246000333084,1.5757568261991413,0.7775429553052537,-0.6207911762098269,-0.021189359279321477,-0.09796060049082833
7534767843194,-1.43005,2.79179,1.57862,-0.774677,0.623555,0.0235379,0.102473
7534801127994,-1.446864300762463,2.8128640579854114,1.5678008278114166,0.7665632669102708,-0.6376428337859774,-0.03469664481588731,-0.06773859449207524
7534834417594,-1.4652938092089662,2.8322416437141054,1.5568891202259199,0.7572194083689052,-0.6507142741589638,-0.0458903982620754,-0.032920697783707924
7534867713594,-1.4852264049206227,2.8498167033737554,1.5459831390473366,0.7466571446644015,-0.6627509781450074,-0.05710115961068859,0.001925320896271113
7534900996194,-1.506526240094754,2.865484316027673,1.5351877825853337,0.7348978979590043,-0.6737293380207755,-0.06830355850207938,0.03672169061301298
7534934284794,-1.5290727889641482,2.8791708557603455,1.5245941935765832,0.7219519113012681,-0.6836410076568087,-0.07948530288994513,0.07143176494335611
7534967582094,-1.5527280658594587,2.890804892799809,1.5142976372253765,0.7078359705036279,-0.6924726819107759,-0.0906283609197163,0.10600152765639827
7535000864894,-1.5773275711954906,2.9003203395910977,1.5043990545796104,-0.6925807146877891,0.7002068153023344,0.10170600630433503,-0.14035048175313267
7535034152794,-1.583731366029192,2.9193783506414523,1.4977948528036864,-0.692098607380525,0.7054685618362178,0.08710341684135772,-0.12540582401641925
7535067443194,-1.589353228799676,2.938754671375821,1.4910285719753946,-0.691287121215447,0.7104095062577439,0.07244540668077498,-0.11041789941465922
7535100733794,-1.594180321438521,2.9584133482277326,1.4840993124550135,-0.6901462885538023,0.7150273105309538,0.05774005828345637,-0.09539460812701091
7535134021294,-1.5982013967276139,2.97831724391099,1.4770066365925185,-0.6886764399007728,0.7193197484047864,0.042995940409513926,-0.08034432020232515
7535167311494,-1.6014077963492404,2.9984342277440557,1.469748370429538,-0.6868776579713606,0.7232859097190572,0.028217616779753433,-0.06527129449402362
7535200601394,-1.6037912856067058,3.0187265396072482,1.4623244176483519,-0.6847505603960099,0.7269238856575404,0.013413570665607116,-0.05018376849034333
7535233911594,-1.6053462632553894,3.039170572426473,1.454729513479223,-0.6822941850627005,0.7302342623136733,-0.0014181992906285306,-0.035079279975553115
7535267179594,-1.590308338441911,3.041266931310854,1.4576623451724564,-0.6815007451303983,0.7287061936489332,-0.052958446256597326,0.041706362757767214
7535300493994,-1.5752362813972849,3.041135245534889,1.4611112816542586,-0.6748411539083657,0.720945925669361,-0.1042207741033912,0.11817114494521744
7535333781294,-1.560581921635165,3.0388096719283024,1.4650612919199713,-0.6623734758063504,0.707039741842806,-0.15465009567285956,0.1934929712197518
7535367046294,-1.5467463450333057,3.0344049366302284,1.469487314151854,-0.6442072586758385,0.6871261971285432,-0.20382024882031735,0.2670428865554213
7535400338394,-1.5340858402660782,3.028095078714007,1.4743558691758016,-0.620462047644135,0.6613526571112659,-0.25137812748229393,0.3383024495752447
7535433626694,-1.5229495756018256,3.020129683395562,1.4796086561650492,-0.5913499260330244,0.6299648855398872,-0.2968652047542721,0.40659630860800694
7535466915694,-1.51362,3.01081,1.48518,-0.55711,0.593235,-0.339892,0.471353
7535500209694,-1.5184799514049745,3.004336496052109,1.4878576241777015,-0.5413174220694135,0.5739921349646548,-0.3594397590929489,0.4983086765711036
7535533496594,-1.5240631326119478,2.998208591669764,1.4904360853397098,-0.5245920740657473,0.5537620598065255,-0.37835835788671457,0.5244003146104135
7535566785394,-1.530338748426276,2.992482412652626,1.4929047257699213,-0.5069588289849638,0.5325744998434182,-0.3966204140431813,0.5495902064219691
7535600077694,-1.537270344826043,2.9872128754271747,1.495253002557058,-0.4884472395443212,0.510464688262519,-0.41419506060530786,0.5738358197156632
7535633362794,-1.5448141439997658,2.9824535163143677,1.497470367685909,-0.46909552806362625,0.4874779467933882,-0.4310463859206449,0.5970876402384834
7535666651394,-1.5529267850822108,2.978251123781371,1.4995486273206604,-0.4489312016646091,0.4636466202737323,-0.4471507974924052,0.6193131291863766
7535699947894,-1.56156,2.97465,1.50148,-0.427986,0.439008,-0.462482,0.640476
7535733230194,-1.5608304884478164,2.9677492677535624,1.5054126173189952,-0.42150241571177227,0.427618321725282,-0.46716206536471505,0.6490284193763531
7535766519394,-1.5603556419947644,2.9608000606397273,1.5093468686795577,-0.4149046901764578,0.4161120863287256,-0.47171782183580296,0.6574094053504396
7535799809694,-1.560136934209334,2.9538113145848865,1.5132789011884167,-0.4081958828387863,0.40449451135216313,-0.4761474087870287,0.6656154720443607
7535833100094,-1.5601754110873594,2.9467910223435294,1.5172054311275278,-0.401377986680091,0.3927690363651234,-0.4804495013459908,0.6736441735351373
7535866387494,-1.5604717868687628,2.939747659277491,1.5211229341147987,-0.39445347755870463,0.38093989204695033,-0.48462256464735415,0.6814926430444597
7535899677794,-1.5610265887887242,2.932687820270948,1.5250289543110773,-0.3874229838580073,0.3690081353460122,-0.4886662224591357,0.6891601777921704
7535932967994,-1.56184,2.92562,1.52892,-0.380289,0.356978,-0.492579,0.696644
7535966255494,-1.5533054625793161,2.905974436528662,1.528313747168114,-0.3642085229561961,0.3417287443156896,-0.4978407255315745,0.7090333060700912
7535999546094,-1.5457876781017705,2.88592071180007,1.527881295100764,-0.347878255067425,0.32625187043445014,-0.5027681845945883,0.7209470086273531
7536032860294,-1.5393042874789642,2.865498877436459,1.527613929643854,-0.3312988560840377,0.31054801231634377,-0.5073605976218996,0.7323839320906249
7536066124494,-1.533886591244744,2.8448082042150404,1.5275029822705715,-0.31451838008733524,0.2946626690290792,-0.5116050323542163,0.7433117723659025
7536099414094,-1.5295365182754737,2.823856690347093,1.5275385621624555,-0.29751034301582163,0.27857074842564833,-0.5155085277979212,0.7537485599905331
7536132703894,-1.526271101037266,2.8027151527221394,1.5277109688926744,-0.2802988222363814,0.2622950256549486,-0.5190650027593195,0.763678867509135
7536165992894,-1.5241,2.78144,1.52801,-0.262896,0.245847,-0.522272,0.773096
7536199282394,-1.507067067957432,2.7542120259967895,1.5275246910922509,-0.25857397637086,0.2378628904428356,-0.5166339880902523,0.7808009134497107
7536232576394,-1.4904760828146724,2.726715747966249,1.5276928702348487,-0.25420994037457323,0.22983384673591406,-0.5109060061872115,0.7883709545329289
7536265860994,-1.4743474060880666,2.6989797091809056,1.5285115089706085,-0.24980638565770588,0.22176453455404044,-0.5050913662338067,0.7958014656022757
7536299154494,-1.4586853857606397,2.6710058376313772,1.5299777683635891,-0.24536162945239223,0.21365189461773101,-0.4991879259110118,0.8030952330473536
7536332444594,-1.4435088294598273,2.6428217316810567,1.5320875354665937,-0.2408780479358841,0.2055002976328584,-0.49319891207191485,0.8102482501224451
7536365728994,-1.4288311588721305,2.61444687844578,1.5348362151616184,-0.2363567167318097,0.19731171387877214,-0.4871258559729477,0.8172588270949441
7536399018094,-1.41466,2.58589,1.53822,-0.231797,0.189085,-0.480968,0.824128
7536432314094,-1.3992557232912486,2.560898959062354,1.5411677961527692,-0.21302227386891823,0.17718733113891388,-0.48459422796020357,0.8296954831426038
7536465597394,-1.384993574572764,2.535144345488185,1.5441704477751563,-0.19413856129317578,0.16520156756534532,-0.4879657864865867,0.8348101893912744
7536498885694,-1.3719002396590902,2.508666121896768,1.5472268878012876,-0.1751458940268191,0.15312796932138942,-0.49108263466748214,0.8394722072499471
7536532175894,-1.3600094547424344,2.4815214722396917,1.550334092872314,-0.15605611939867864,0.14097429710160697,-0.49394265353001193,0.8436784874456997
7536565464394,-1.3493520852430618,2.453769695424324,1.5534888692946045,-0.13688146561168305,0.1287485681777787,-0.49654391670294695,0.8474263444981319
7536598753794,-1.3399541756687048,2.425466323302119,1.5566885097221799,-0.11763064974892715,0.11645657203194701,-0.49888515678869966,0.8507141102662679
7536632044294,-1.33184,2.39667,1.55993,-0.0983138,0.104105,-0.500965,0.85354
7536665373394,-1.309600492601008,2.374582801929455,1.5547073053632279,-0.08388535020316755,0.09672785990790318,-0.5051045824290039,0.8535082483187557
7536698621394,-1.2882557315488186,2.351923707036374,1.549304563197928,-0.06946915219187837,0.08933706174217958,-0.5090868881319468,0.8532429118516874
7536731911794,-1.2677456091479746,2.328638383232116,1.5437020450860337,-0.05501580362541772,0.0819071711843034,-0.5129259371687749,0.852743489942649
7536765226294,-1.2481037057771667,2.304767290435338,1.5379024694455479,-0.04053730783295607,0.07444415582562472,-0.5166181662434288,0.852009662295178
7536798490494,-1.2293915570584077,2.2803944374208673,1.5319194437360504,-0.026070127453450248,0.06696669274403007,-0.5201545429847317,0.851043513534903
7536831780294,-1.211583185079098,2.2554954454605594,1.525740168091099,-0.011585379584279114,0.059459736192422875,-0.5235423838926142,0.8498433332208086
7536865070194,-1.19471,2.23012,1.51937,0.00290173,0.051931,-0.526778,0.84841
7536898360194,-1.1708742759961912,2.1948109176271946,1.5173436316599866,-0.027757858145115704,0.05962224708962879,-0.5444976402247514,0.836180009778311
7536931647394,-1.1449822763050332,2.161181485468885,1.5142329140084931,-0.058363573958942455,0.06725141476089364,-0.561423730461648,0.8227237296455745
7536964942494,-1.1171088172278083,2.129386811360223,1.5101506867860783,-0.0888799574940639,0.07480935967706663,-0.577537526892648,0.8080558878513816
7536998227094,-1.0873647574661198,2.0995991962642555,1.5052188925005423,-0.11924504541157518,0.0822804047042199,-0.5928073714825282,0.7922057652292599
7537031517694,-1.0558420517848173,2.071947007278468,1.4995596946796836,-0.14942902538847297,0.08965684891507589,-0.6072193718689384,0.7751885256124232
7537064820994,-1.0226497182193384,2.046557845891531,1.4933000052299161,-0.1793931781108248,0.09692877275959264,-0.6207553065605,0.7570242730821759
7537098095294,-0.987957,2.02358,1.48658,-0.209056,0.104076,-0.63338,0.737763
7537131385794,-0.9755579314665327,1.9881653314021106,1.4865169748332367,-0.22463696745763784,0.10146327072349864,-0.6377373200982792,0.7297496475500288
7537164682094,-0.962364864304846,1.953089657445892,1.4860089914698686,-0.24014747617446736,0.09881295622812786,-0.6418804474252311,0.7214947543687875
7537197963894,-0.948385558418498,1.9184006912407137,1.4850806113072705,-0.25557290068098926,0.09612760449936956,-0.645805295492638,0.7130059581829487
7537231251694,-0.9336121687573139,1.884102867252127,1.4837560642420244,-0.2709176726205301,0.09340654197541946,-0.6495130126713979,0.7042809659138844
7537264542994,-0.9180469837531138,1.8502243258212407,1.4820604563377133,-0.2861755303840029,0.09065093748464223,-0.6530019482606161,0.6953232549760074
7537297830994,-0.901695747544392,1.8167967960345557,1.480019802097603,-0.3013383124500472,0.08786234551247328,-0.6562701824317339,0.6861376518905106
7537331120094,-0.88456,1.78384,1.47766,-0.316403,0.0850414,-0.659317,0.676726
7537364410294,-0.879084544056846,1.7440070253674607,1.4739205264578834,-0.319292182119629,0.0843657975351083,-0.6590755421845587,0.6756880525343635
7537397699894,-0.8734328292939824,1.7042051898400543,1.47013427866033,-0.3221781255453663,0.08368974998673434,-0.6588277495260956,0.6746430742411965
7537430988194,-0.8676048359572288,1.6644360818200254,1.4663021795546165,-0.3250607592835777,0.08301328239943541,-0.65857366952365,0.6735911367657758
7537464278294,-0.8615998706786321,1.6246967516734157,1.4624247125632768,-0.32794032245375604,0.08233633716705431,-0.6583132817848296,0.6725321520318023
7537497568394,-0.8554181040298146,1.5849901032620608,1.4585029270212129,-0.3308166300420368,0.08165895673824601,-0.6580466035213476,0.6714661865396275
7537530857594,-0.8490595773322743,1.5453179603490717,1.454537775734368,-0.33368957537319754,0.08098116505116093,-0.6577736457442214,0.6703932794700193
7537564146794,-0.842524,1.50568,1.45053,-0.336559,0.0803029,-0.657494,0.669313
7537597436494,-0.8321437228273438,1.4758250002069802,1.4571618595260458,-0.33559197253453843,0.08745615501996727,-0.6572875792371516,0.6691057368608241
7537630725694,-0.8214661813291346,1.446073700114588,1.4638375325615602,-0.3346072193322107,0.0946046867570774,-0.6570491040227074,0.6688605511743974
7537664014094,-0.8104917902308558,1.4164289237225094,1.4705528011039675,-0.3336050361277471,0.10174810870656174,-0.6567789890233667,0.668577865190201
7537697308794,-0.7992185019850571,1.3868869141215925,1.4773049425017668,-0.3325852842347827,0.10888757180607776,-0.6564771757326118,0.6682576173593374
7537730593994,-0.7876521410434436,1.3574641901610356,1.4840865757746244,-0.3315485304073221,0.11601931757928363,-0.6561438206125607,0.6678999750001
7537763883294,-0.7757885509559652,1.3281511947426194,1.4908962858303485,-0.33049443651253624,0.1231458904653611,-0.6557788052886865,0.6675048131885623
7537797177194,-0.763628,1.29895,1.49773,-0.329423,0.130267,-0.655382,0.667072
7537830461994,-0.7443134667834296,1.283687360911659,1.4966712825542696,-0.3350053931119615,0.14942039777362182,-0.6491618746895369,0.6663586059807729
7537863752494,-0.724477627924622,1.2690839729804222,1.49561148448329,-0.3404435402794626,0.16851218326452863,-0.6426598094948652,0.6653496894366387
7537897045794,-0.7041452978982746,1.2551588982159987,1.494530650963788,-0.34573468758577136,0.187532301962554,-0.6358791936814412,0.66404579101417
7537930330294,-0.6833478530906174,1.2419331480183347,1.4934091666307854,-0.3508748092138532,0.2064657903264503,-0.6288253913378627,0.6624480152380264
7537963618094,-0.6621028476397137,1.2294168706587225,1.4922267134921527,-0.35586365360294064,0.22531123099989,-0.6214989514591626,0.6605565551599969
7537996944894,-0.64041249782392,1.217611915062257,1.4909620570303284,-0.36070418566717954,0.2440803642442769,-0.6138946677116396,0.6583696554275369
7538030196994,-0.618378,1.20657,1.4896,-0.365378,0.262701,-0.606042,0.655896
7538063486694,-0.5941387394803851,1.2027995579400494,1.4881629331598705,-0.4032008008214829,0.2990657527842805,-0.5842036198374154,0.6377263678862174
7538096776894,-0.569479300783207,1.2020100273087588,1.4869121779382704,-0.43957174224496276,0.33438039563721145,-0.5602470795171343,0.6173245858750096
7538130065894,-0.544757121515124,1.2042314866360995,1.4858098668233386,-0.47435750644806735,0.3685199443630646,-0.5342603083085562,0.5947637595289933
7538163354194,-0.5203287085135336,1.2094510563807024,1.4848152378874915,-0.5074328474424733,0.40136584150437327,-0.5063368982635115,0.570123067474731
7538196648494,-0.49654184831901366,1.2176152253955843,1.4838851322012276,-0.538684239378624,0.4328097190402522,-0.4765716333599941,0.5434836847835994
7538229935594,-0.47374912196256325,1.2286235121433282,1.4829753149039884,0.5679862465571666,-0.46272948009591636,0.4450839186641957,-0.5149498590334676
7538263222994,-0.452274,1.24234,1.48204,-0.59524,0.491028,-0.411981,0.484616
7538296512794,-0.4439854428860818,1.2495337073398984,1.4829946056767398,0.62670319736758,-0.5196708405298802,0.38031663674750105,-0.43879901518267933
7538329803494,-0.4369444124505166,1.257755747432134,1.483923834409893,0.6550894294832739,-0.5457642810612909,0.3467474039328649,-0.3908521801944435
7538363091494,-0.43128321462500235,1.2668215192648036,1.484843017906018,0.6802543759115176,-0.5691798283103117,0.3114421562267389,-0.3410162612291613
7538396381094,-0.42710568447593783,1.276531884253904,1.485767627191973,0.7020758113512499,-0.5898079202249865,0.27457023967245936,-0.28952954226048905
7538429676594,-0.42448737533303055,1.286675270141301,1.4867127674031833,0.7204461991456704,-0.6075511910953929,0.23630809958468804,-0.23663749999904815
7538462960294,-0.4234742736301254,1.2970247041445768,1.4876922523120768,0.7352645099178486,-0.622316074357405,0.19686505199221302,-0.18262791505067857
7538496249994,-0.424079,1.30736,1.48872,-0.746465,0.634041,-0.156415,0.127737
7538529543894,-0.422563421821322,1.3028844491721723,1.4883832051169605,0.7498761972053641,-0.6390917314350743,0.13880821053546122,-0.09989859040088606
7538562827994,-0.42080037918834,1.2984801574212166,1.4880318250861853,0.7524502003667027,-0.643419603011456,0.12104367440766978,-0.07196067894746087
7538596118094,-0.41879439048515676,1.2941613205482358,1.4876634792153196,0.7541851690737567,-0.6470220401151994,0.10313271642895186,-0.04394147421673494
7538629412294,-0.416551863211709,1.2899441426231153,1.4872760504282996,0.7550784946054551,-0.6498946928694465,0.08509622741790318,-0.015874106076508125
7538662696394,-0.41408127865740724,1.285845851312555,1.4868676753799772,0.7551288358151815,-0.6520335449093884,0.06696200590525309,0.012197844008277486
7538695984794,-0.411390115036422,1.2818795747320435,1.486436254486907,0.7543361880450791,-0.6534375510723466,0.048742430525019295,0.040254909274612616
7538729274894,-0.408488,1.27806,1.48598,-0.752701,0.654105,-0.0304592,-0.0682633
7538762565194,-0.40986175254773827,1.2779249438682472,1.485614559357985,0.7519407341886383,-0.6538768693411465,0.01775965615026928,0.08194367957260036
7538795852494,-0.41126272071186215,1.2777182736575503,1.4852493727880183,0.7509233291231232,-0.653414936560373,0.005050938804668535,0.09559059825966595
7538829143494,-0.4126884994823393,1.2774389757451965,1.4848841802168902,0.7496489462201061,-0.652719417554395,-0.007665170623431363,0.10920194383732229
7538862442394,-0.4141365580252428,1.2770861085465197,1.4845187459809914,0.7481176730466105,-0.6517904326482785,-0.020385937682018608,0.12277456059102702
7538895721494,-0.41560292830256484,1.2766592397843657,1.4841531820955627,0.7463313907984914,-0.6506292929788307,-0.03309643932851041,0.1362923472922477
7538929011494,-0.4170861762670069,1.2761573436921454,1.4837869571962754,0.744289111866817,-0.6492355172878265,-0.045804060404687444,0.1497629763958937
7538962300994,-0.418583,1.27558,1.48342,-0.741992,0.64761,0.0585001,-0.163177
7538995588594,-0.42443227360345354,1.287708582992536,1.477222074496259,0.7281664293073861,-0.6628999023634585,-0.06600187519747527,0.16118660970026574
7539028879794,-0.43028141682933424,1.299551707750454,1.4704055267296652,0.7139848120198117,-0.6778695982656804,-0.07347214721099349,0.15912366114555598
7539062170594,-0.436114785824261,1.3110846350125338,1.4629826178310308,0.6994557678634056,-0.6925099909843581,-0.0809065195469861,0.15698941456114568
7539095458094,-0.441916971157306,1.3222837377367327,1.4549668006114722,-0.6845876942623778,0.7068127159547515,0.08830086961949032,-0.15478510863009667
7539128747494,-0.44767404012569456,1.3331287538323575,1.4463707168949858,-0.6693855300718832,0.7207730475581898,0.09565289302749909,-0.15251147530442843
7539162041894,-0.4533717604896315,1.3435992288066514,1.4372083705608454,-0.6538551601632502,0.7343853629253728,0.10295981893824502,-0.15016938414025202
7539195326594,-0.458993,1.35367,1.4275,-0.638011,0.747637,0.110215,-0.147761
7539228615294,-0.4700387203530869,1.3741528237093878,1.4205283372807254,-0.6165841091592738,0.7659381767469026,0.11655214744744892,-0.13992263097613494
7539261911594,-0.48087280290453255,1.3942212846802382,1.4121554197281663,-0.5945933698753443,0.7835613213673784,0.1227732835344623,-0.13197386486519364
7539295194794,-0.4914471096631647,1.4137913060151974,1.4024173073716453,-0.5720722940142808,0.800479844323346,0.1288695378674392,-0.12392720227271584
7539328529294,-0.5017411171902303,1.4328297157595995,1.3913283073941753,-0.548996549657057,0.8167099773007302,0.13484755931531117,-0.11577451009954978
7539361778594,-0.5116738812597081,1.4511914066707774,1.3789760196164238,-0.5254819929502057,0.832171736130979,0.14067826937889574,-0.10755696720525086
7539395062894,-0.5212441060356724,1.4688783431625358,1.3653635129486261,-0.5014657735173287,0.8469086933143904,0.1463783786749545,-0.09925277545575589
7539428352394,-0.530406,1.48581,1.35055,-0.47699,0.860893,0.151938,-0.090877
7539461641194,-0.5418684993458156,1.502691797506673,1.3461012065878897,-0.4629180864811467,0.8666606807145583,0.16319488450959094,-0.08929467723169951
7539494931394,-0.5535338076318158,1.5192271792074588,1.3409925004837884,-0.44867580207377106,0.872117823847428,0.17438970680859492,-0.08768555251748812
7539528219194,-0.5653816588283095,1.5353927343691693,1.3352305744443922,-0.43426995479916386,0.877261805122394,0.18551723968701844,-0.08605048175949015
7539561510894,-0.5773951285566753,1.5511704728054752,1.3288213285335089,-0.4197030437524845,0.882091674415469,0.19657565750118314,-0.08438983273944857
7539594798294,-0.5895518555189541,1.5665360424379282,1.3217743301057787,-0.4049839538490126,0.8866044586417976,0.20755833760176443,-0.082704700793231
7539628087594,-0.6018344933239694,1.5814724539437504,1.314097244659748,-0.3901153111764905,0.8907993568713658,0.21846346155265856,-0.08099546746368776
7539661377994,-0.614223,1.59596,1.3058,-0.375103,0.894675,0.229287,-0.0792629
7539694666694,-0.6250042992503161,1.6077524102302663,1.303250874931081,-0.36537159024443305,0.892992337227636,0.24704517982979105,-0.0896491261409965
7539727955694,-0.6362615534365508,1.619032731625273,1.3005039810486048,-0.3554520877826081,0.8908442943877589,0.2646711716925841,-0.09999713657218333
7539761245394,-0.647973292627889,1.6297781255218546,1.2975696691130436,-0.34534956096312286,0.8882315141022984,0.28215600371000793,-0.11030162133221158
7539794537294,-0.6601175356566076,1.6399671698487575,1.2944585847483652,-0.3350689626216569,0.8851550862354424,0.29949142853049276,-0.12055765357677586
7539827825294,-0.67266856759593,1.649577370584139,1.2911824962001055,-0.3246177122605856,0.8816171200797324,0.31666534576204336,-0.13075799502297303
7539861114194,-0.685603843500785,1.6585907288942021,1.2877524983093898,-0.3139999361352548,0.8776189190570033,0.3336714033246321,-0.14089878503253192
7539894408194,-0.6989,1.66699,1.28418,-0.30322,0.873162,0.350503,-0.150976
7539927693794,-0.7027823878499639,1.6817912399767685,1.2839030853644777,-0.30273320317442576,0.8704806291028969,0.3581429198637553,-0.14949826421681492
7539960981094,-0.7068697544904299,1.6965331733009295,1.2836476561026753,-0.3022279143847901,0.8677384244762839,0.36575936634199296,-0.14801486542621417
7539994275994,-0.7111622750913458,1.7112153190447235,1.2834121648719814,-0.3017040546876818,0.8649349006418445,0.37335309224920427,-0.1465255934799514
7540027560794,-0.7156569534284406,1.7258268246049975,1.283195221384341,-0.3011619775333651,0.862071738709304,0.38091954001533346,-0.1450313229665144
7540060849994,-0.7203549480742211,1.7403710317727024,1.2829952106289126,-0.30060152553482083,0.859147895217616,0.38846149030377175,-0.1435314862329918
7540094165294,-0.7252587955971199,1.7548542959492284,1.2828105055869776,-0.3000223835182923,0.8561615739535532,0.39598330367906426,-0.14202518044625456
7540127429194,-0.730356,1.76924,1.28264,-0.299426,0.85312,0.403467,-0.140516
7540160718594,-0.7255024587046001,1.7922219325964908,1.2850394822067088,-0.3101761547855164,0.8558412480546077,0.3940304693564998,-0.12675369954955681
7540194024094,-0.7199809880960841,1.8149881677714295,1.2880854395620176,-0.32080877542564207,0.858218790678751,0.38443214843074575,-0.1129343180292119
7540227297094,-0.7138138604183341,1.8374699841900035,1.291773479673928,-0.331304181328283,0.8602484524160677,0.37468996980869135,-0.09908363172047545
7540260585394,-0.7070074893894706,1.8596646264655163,1.2961078891257445,-0.3416733467103062,0.8619326081292701,0.3647939347078817,-0.08518737225431355
7540293876394,-0.699579725544774,1.8815286643569644,1.3010859985452123,-0.35190808941853385,0.8632696697914382,0.3547516064399526,-0.07125637900042131
7540327164294,-0.6915486585276456,1.9030240355361272,1.3067043397880118,-0.36200253135768296,0.8642588809882932,0.3445687338788991,-0.05729870466760865
7540360453594,-0.682931,1.92412,1.31296,-0.371954,0.8649,0.334248,-0.0433181
7540393744394,-0.676224484264487,1.9401952450622828,1.314482440201347,-0.3756771300744025,0.8723010120948169,0.31123645467183825,-0.033007688812205276
7540427032994,-0.6686620506007619,1.955878489362007,1.3160878959327977,-0.3791329287909031,0.8790877253676436,0.28800872424515633,-0.02267086617339768
7540460321794,-0.6602649641684464,1.9711258145968171,1.3177731874164496,-0.3823193400948634,0.8852558657740193,0.26457954747294965,-0.012314112275314482
7540493612394,-0.6510568345524914,1.9858940546733324,1.3195349078131315,-0.38523434960535774,0.890801277925081,0.24096431135428545,-0.0019441668484813277
7540526904194,-0.6410640949629441,2.0001403659139982,1.3213693424020347,-0.3878759174275047,0.895719819734671,0.21718007844064013,0.008431532647007347
7540560189894,-0.6303176896562329,2.01382071040613,1.3232721937176057,-0.3902417687428797,0.9000070355753275,0.19324887577734878,0.01880345325016171
7540593479994,-0.618845,2.0269,1.32524,-0.392331,0.903661,0.16918,0.0291676
7540626774894,-0.613949736810982,2.037660331604772,1.326507398597638,-0.3961025780155734,0.9053623133689942,0.1467765233810718,0.043341451345397526
7540660087594,-0.6084923870457198,2.048138486123266,1.3279355453934665,-0.3995896384309777,0.9064119887877569,0.12425697955725892,0.057494612545269996
7540693347694,-0.602502181974672,2.0582823497841307,1.3295213869961158,-0.4027829472865033,0.9068082894331464,0.1016853709032795,0.07158707239992132
7540726642694,-0.5959821916896014,2.0680893350855034,1.3312687305852935,-0.40568891862690737,0.9065524526438341,0.07901866198381685,0.08564579947123428
7540759927594,-0.5889605437772071,2.0775172794872225,1.3331747040262698,-0.40830129311407426,0.9056442392512635,0.05630373069535478,0.0996416371912872
7540793217994,-0.5814554110829303,2.0865432332958713,1.3352390279959157,-0.41061955927224947,0.9040839727112818,0.03354630966729115,0.11357109199684566
7540826511094,-0.57349,2.09514,1.33746,-0.412642,0.901873,0.0107647,0.127423
7540859795994,-0.5763655547069565,2.102998373599717,1.338108805553078,-0.4168834548711743,0.898605570547662,-0.008791305901904477,0.1365244541315719
7540893084594,-0.5789129927131461,2.110940330661035,1.338879148219478,-0.42092146227523486,0.894893814154683,-0.02834609353672873,0.1455564597157018
7540926373494,-0.5811290107873485,2.1189494224464496,1.3397725590552592,-0.4247533451993265,0.8907395233638765,-0.04788804107411085,0.15451353591695485
7540959663794,-0.5830113268254646,2.1270101307118954,1.3407904182027748,-0.4283772581892307,0.8861446129911404,-0.06740816991444448,0.1633915180229521
7540992953394,-0.5845581404560665,2.135106058315316,1.3419337566505212,-0.43179111175689233,0.8811116627784819,-0.086895635095158,0.17218542947907955
7541026242194,-0.585768460511935,2.143221218176404,1.3432034018305414,-0.4349931584233739,0.8756432377672183,-0.1063407834757492,0.1808908788390507
7541059531794,-0.586642,2.15134,1.3446,-0.437982,0.869742,-0.125735,0.189504
7541092819994,-0.5966362459106542,2.1593185263356247,1.349815806378073,-0.44543794493464484,0.8626389972872304,-0.14004348490814295,0.1944911820789438
7541126110694,-0.6064128518142724,2.1674470112232673,1.355207625382041,-0.4527448103658717,0.8552457113824586,-0.15430499396633027,0.1994163450816758
7541159400594,-0.6159669362319525,2.1757143281861104,1.3607783318523177,-0.45989935729308223,0.8475651292430715,-0.16851326652054566,0.20427729158954744
7541192688194,-0.6252945037947496,2.1841095723170842,1.3665308077648224,-0.46689892853115744,0.8396001987189817,-0.1826628726621515,0.20907216887552066
7541225978294,-0.6343936055994661,2.192623273302779,1.3724688009045194,-0.4737422271152788,0.8313524266415953,-0.19675107432621067,0.21380004610960346
7541259270194,-0.6432610225578782,2.201244437909163,1.378594894070864,-0.4804268267290521,0.8228246846785351,-0.21077280596794196,0.2184592106255152
7541292555894,-0.651892,2.20996,1.38491,-0.486949,0.814022,-0.22472,0.223047
7541325846294,-0.6611415132443009,2.2190594864033946,1.391426949818194,-0.502783554799818,0.8026984805589982,-0.22988114395813722,0.22369288317609112
7541359170694,-0.6703923474994405,2.227988912105386,1.39820595771375,-0.5184282674381012,0.7910370367686822,-0.23495914269736906,0.22424704957762243
7541392425394,-0.6796188599461728,2.2367111020454074,1.4052185864921307,-0.5338283749587266,0.7790791108850709,-0.2399362781295699,0.22470778248379064
7541425715394,-0.6888533303512158,2.2452445055885883,1.41247926204175,-0.5490265498823742,0.7667922831109318,-0.2448264016975736,0.22507659833398938
7541459008894,-0.6980900780726832,2.2535715527045235,1.41997375051257,-0.5640016985819919,0.7541927063465975,-0.24962271182460305,0.22535293970027107
7541492293694,-0.7073288589128625,2.2616804971856723,1.4276911611767398,-0.5787422840901705,0.7412901659570437,-0.2543215401593778,0.22553672133919334
7541525599294,-0.716581,2.26957,1.43563,-0.593255,0.728078,-0.258925,0.225628
7541558877494,-0.7227217937504405,2.2814891134885977,1.4398017526766183,-0.6054050042656124,0.7191978820996492,-0.25681897272152554,0.22423916349244927
7541592161594,-0.7289841009393218,2.29323832112674,1.444238838399721,-0.6174157179649542,0.7101469513268645,-0.2546586365672073,0.22279613451025435
7541625458794,-0.7353709566089535,2.3048120600208186,1.448936437646215,-0.6292870412414352,0.7009254728844919,-0.2524440997213246,0.221299068464243
7541658739294,-0.7418780882606562,2.3161922101948145,1.4538840650684421,-0.6410055992942768,0.6915438484473945,-0.2501778840448574,0.219749752406664
7541692029994,-0.7485120695084617,2.3273804006404166,1.459079174636928,-0.6525781670638408,0.6819967042012502,-0.24785871570919138,0.21814740057406307
7541725319494,-0.7552719143942056,2.338365272670276,1.464513391086128,-0.6639980156059017,0.6722894428084099,-0.2454879212393795,0.21649300424113202
7541758609094,-0.762159,2.34914,1.47018,-0.675263,0.662424,-0.243066,0.214787
7541791898794,-0.7665008855610013,2.3684387853539026,1.47120525177675,0.681448070346118,-0.6624981320105623,0.2340094466834882,-0.20485197428132207
7541825186594,-0.7714044641368552,2.3875860036517658,1.4724022007886564,0.6874838918987429,-0.6624270349954829,0.22490116206365712,-0.19487377706933193
7541858476994,-0.7768662970586725,2.4065669619914276,1.4737683880920582,0.6933698698045045,-0.6622106570951207,0.21574187463123431,-0.18485321962988324
7541891765394,-0.782881038201261,2.425361905453434,1.4753008520029853,0.6991038844546204,-0.6618490883788026,0.2065348468502198,-0.1747938785803585
7541925054694,-0.7894440940599151,2.4439555144854177,1.4769967913987716,0.7046851740054253,-0.6613424002755459,0.19728128816247734,-0.1646970809567568
7541958345394,-0.7965500503872295,2.462331257439368,1.4788531759419872,0.7101125708489159,-0.6606906978490358,0.1879830741755409,-0.15456488062173399
7541991688294,-0.804205,2.4805,1.48087,-0.715393,0.659893,-0.178628,0.144384
7542024922694,-0.8126233940598285,2.5058951235515354,1.4853026256167743,0.726605385546038,-0.6632929165566936,0.14291355821867652,-0.1079946082843283
7542058212994,-0.8235660599977344,2.530061837389915,1.4899821414002177,0.7358694871101705,-0.6648483578459691,0.10675827970165092,-0.07124204323906747
7542091508494,-0.8368785184795362,2.552702904446411,1.4948734572179994,0.7431405378835472,-0.6645469942399517,0.07031393952271085,-0.03428386369116548
7542124792094,-0.8523825209202917,2.573567007607394,1.4999428509927224,0.7483957867083011,-0.6623900598949365,0.03369791059136311,0.002757863561154767
7542158081494,-0.8698909005548318,2.592444995675178,1.5051595958333792,0.7516244174131571,-0.6583826193816738,-0.003010166764925684,0.039799504274623546
7542191375394,-0.8891870789657307,2.6091362818850556,1.5104882744920713,0.752816691004473,-0.6525348418408823,-0.03970959269385303,0.07673628982990348
7542224660994,-0.910027,2.62346,1.51589,-0.751969,0.644865,0.076287,-0.113451
7542257948294,-0.9283765708001588,2.6294871405870968,1.516325766031059,0.743624888127556,-0.6404207450159054,-0.11559836562603844,0.15336333647629494
7542291243894,-0.9475547614057116,2.6334855661041137,1.5166075544434443,0.7328757921249048,-0.633908248905267,-0.15453465136708106,0.19280157368135273
7542324528194,-0.9673141036764229,2.6353728418951015,1.516733273645214,0.7197639954197513,-0.6253522324134713,-0.19294734113494075,0.23161541369658656
7542357817494,-0.9874204401399858,2.635097343373374,1.516703172545681,0.7043266791441612,-0.6147760027600189,-0.23073138505854185,0.26969876422619715
7542391106094,-1.007622295728143,2.6326334513712735,1.5165194425170294,0.6866164674331341,-0.6022144137731811,-0.26775827339385755,0.30692203166701504
7542424396594,-1.0276718822233577,2.6279838332915264,1.5161863080165627,0.6666896294411592,-0.587706229708678,-0.3039114028963481,0.34316786671655913
7542457685994,-1.04732,2.62118,1.51571,-0.644613,0.571299,0.339071,-0.378316
7542490975594,-1.0601099828489438,2.618730833599502,1.5139838090793654,0.6296290372128063,-0.5599852063074763,-0.3587563575574728,0.4015939742169231
7542524264394,-1.0726306852431986,2.6153293725055677,1.512271031327536,0.6138468446619405,-0.5479441131778853,-0.37798779800557325,0.4243518878138501
7542557552794,-1.0848149084052272,2.610997337911219,1.5105747192715648,0.597286122341578,-0.5351910948212206,-0.3967411555213611,0.44656045010479845
7542590844294,-1.0965982400907808,2.6057606450842887,1.5088976313881335,0.5799660674284142,-0.5217413040451856,-0.4149946261242531,0.4681931573323565
7542624131994,-1.1079146645937625,2.5996515222656296,1.5072428961264257,0.5619122856641686,-0.5076150317478139,-0.43272136195836947,0.489217523876884
7542657421194,-1.1187048282752063,2.592704676038671,1.5056128635975818,0.5431449048280671,-0.49282846158573274,-0.4499018228595336,0.5096097228252408
7542690711394,-1.12891,2.58496,1.50401,-0.523688,0.477401,0.466514,-0.529343
7542724002794,-1.142652685753287,2.5814668967788674,1.5029412467596914,0.5112735143612465,-0.46800502650385195,-0.47699203912411847,0.5404158429321301
7542757288994,-1.1562112470447214,2.5773684768180347,1.501850819181453,0.4986192012794976,-0.45838737762999876,-0.48724332032550266,0.5512293995634382
7542790579694,-1.1695634188468211,2.5726720361378987,1.5007395017124792,0.48572732498832444,-0.4485498135305947,-0.4972659532756431,0.561781632179463
7542823876494,-1.182683906082588,2.5673866728435417,1.4996083672959715,0.4726032532879919,-0.4384964572157605,-0.5070555689176067,0.5720678910937713
7542857180294,-1.1955475176944812,2.56152262832728,1.4984585436067488,0.4592527084318621,-0.42823171560191803,-0.5166076609550642,0.5820833893809156
7542890447694,-1.208112963511137,2.555100115719214,1.4972927514677152,0.4456996913491624,-0.4177741384231664,-0.5259055872693216,0.5918106687741886
7542923742194,-1.22038,2.54812,1.49611,-0.431925,0.407109,0.534963,-0.601264
7542957042994,-1.2367391866735251,2.54964246664434,1.4970175870583813,0.43727470830631976,-0.4125739658739036,-0.5309676081819633,0.5971992558771546
7542990314894,-1.2530755708209962,2.551496729205329,1.4979109382581195,0.44258054703049526,-0.4179965229567621,-0.5269277364552192,0.5930839120566531
7543023610594,-1.2694086880707915,2.553685413746857,1.4987912309539808,0.44785028495806783,-0.4233846214082991,-0.5228371597098771,0.5889116139493576
7543056894494,-1.285714732753298,2.556206005569244,1.4996572810741686,0.4530777881512736,-0.42873198909788385,-0.5187005936850726,0.5846871757776758
7543090183994,-1.3019959071037974,2.5590592543440636,1.500509315796985,0.45826532609911724,-0.43404094505477403,-0.5145162617653399,0.5804087915342501
7543123472394,-1.3182426106433798,2.562244057883531,1.5013469365291223,0.4634113756862382,-0.43930992927551366,-0.5102853733623831,0.5760777036624005
7543156762694,-1.33445,2.56576,1.50217,-0.468516,0.444539,0.506008,-0.571694
7543190053194,-1.3468867053804843,2.5759811358430458,1.5000611920520412,0.49549624920118684,-0.4693467499973329,-0.4897006081029895,0.5425775610159885
7543223341794,-1.358275842325614,2.587505306124853,1.497931123481419,0.5212293734878931,-0.49303500794888927,-0.4721676422347644,0.5121465989116014
7543256630794,-1.3684956434671443,2.6002247744161844,1.4958039842815438,0.5456527905395561,-0.515548038208292,-0.4534528046831009,0.48047248245972063
7543289919094,-1.3774346020215118,2.6140189118156223,1.4937039690890745,0.5687046301726211,-0.5368305331162898,-0.43360458975244603,0.44763275358257193
7543323248394,-1.3850027164129166,2.6287758934944723,1.4916522572517796,0.5903535140727341,-0.556855157576991,-0.4126468839280129,0.41366364486908913
7543356497994,-1.3910899316259036,2.6443007452855705,1.4896792546387063,0.6104695490326855,-0.5755030976661474,-0.39071081482829034,0.3787719280209558
7543389787494,-1.39565,2.6605,1.4878,-0.629077,0.592798,0.367775,-0.342918
7543423077894,-1.4051894482171867,2.6622131227856896,1.486054104975636,0.6373828171612319,-0.5998769420752408,-0.35827869999605555,0.3248494603400263
7543456368394,-1.4144777627922382,2.664342862739134,1.4842790552597374,0.645347925004474,-0.6066349499655065,-0.3485817671820622,0.3066118796801554
7543489655594,-1.4234954342730155,2.666877514385035,1.4824805215651986,0.6529676019170657,-0.6130683487293341,-0.33869068049928974,0.28821716391619034
7543522945794,-1.4322261465348158,2.669805257052815,1.480663685485292,0.6602390638428447,-0.6191750715957521,-0.3286088719602652,0.26967168661044394
7543556242694,-1.4406533215395758,2.673113447563068,1.47883388482353,0.6671589208594865,-0.6249525386327958,-0.3183405469781356,0.2509832562616301
7543589523894,-1.448754650350362,2.676785762419173,1.4769979114932668,0.6737188064369166,-0.6303940602000901,-0.30789819665634677,0.2321745016435511
7543622813394,-1.45652,2.68081,1.47516,-0.67992,0.635501,0.29728,-0.213242
7543656108494,-1.4702989745195254,2.683192309410167,1.4748916227408306,0.682623969408869,-0.6396234214961182,-0.28635595271949454,0.20713923675679938
7543689392794,-1.4840264828916931,2.685896156164255,1.4747012585393242,0.6852041971094814,-0.643628799999432,-0.27538651406260445,0.20099612918484036
7543722682194,-1.4977002206599905,2.688921768043626,1.474587180844577,0.6876614404883503,-0.6475182109057566,-0.2643683924858006,0.19481083867528778
7543755976994,-1.5113114468907918,2.692268107592725,1.4745477575260784,0.6899952729185679,-0.6512908749356527,-0.2533034518558257,0.18858441307145812
7543789261194,-1.524844846777939,2.695932041201421,1.4745812731904744,0.6922042336194697,-0.6549442691637755,-0.2421990126097579,0.18232098491306262
7543822550994,-1.5382982858105418,2.699913596558033,1.474685962274324,0.6942890800043073,-0.6584794820880243,-0.23105167964018966,0.176018653532252
7543855838794,-1.55166,2.70421,1.47486,-0.696249,0.661895,0.219866,-0.16968
7543889132394,-1.5561640078838703,2.7072473784156124,1.4774385814379867,0.698135008899354,-0.6695390868112265,-0.20198120133596154,0.15339007428112728
7543922418794,-1.5605986765952842,2.710511304077081,1.4800093801974101,0.6995727767235607,-0.6767435211026798,-0.18399338768048099,0.13697653084632522
7543955706894,-1.5649538939017988,2.7139988647120994,1.482570856150077,0.7005625507090842,-0.6835049955769685,-0.16590921750340298,0.12044569362463198
7543988997194,-1.5692185968316885,2.7177058428299836,1.48512086764055,0.7011043139413116,-0.6898184899133818,-0.14773989295288492,0.10380807279192979
7544022285894,-1.5733814116821805,2.721626942815533,1.487657002372909,0.7011983266748846,-0.6956785227965692,-0.12949901402963407,0.08707643167515494
7544055575594,-1.5774320394109722,2.7257570304699175,1.4901774028540726,0.7008452290996583,-0.7010811144532912,-0.11119671772709942,0.07026041397471486
7544088865194,-1.58136,2.73009,1.49268,-0.700046,0.706022,0.0928452,-0.0533716
7544122153494,-1.5743580771279804,2.7275988652185656,1.4892450266181034,-0.7038421080061031,0.7081539273543986,0.055467662373718814,-0.006902217097523272
7544155443994,-1.5678045569506363,2.7237561105795516,1.4859341717933332,-0.705166778529155,0.7077128857621838,0.017835502765462512,0.03954972346400345
7544188754994,-1.5618549866193199,2.7186202923064395,1.4827255000371475,-0.7040105917680646,0.7047004685470426,-0.01994006205786302,0.08584130843065295
7544222021894,-1.5566699431100515,2.712283075109779,1.4796033251999878,-0.7003796300011111,0.6991390939649548,-0.05765311471785059,0.13171567686763513
7544255312394,-1.552377085289235,2.7048303136340324,1.4765381801664066,-0.6942787356469189,0.6910429046751496,-0.09524768760925782,0.1771005904330562
7544288618494,-1.5491052556962428,2.696375472794711,1.4735069952975297,-0.6857236909168565,0.6804416658742948,-0.13258195379458076,0.22182016271202676
7544321889694,-1.54697,2.68706,1.47049,-0.674757,0.667395,-0.169468,0.265646
7544355180294,-1.5262846334617346,2.6717234482102845,1.474318605008496,0.6601239098917767,-0.6520170102353147,0.20181350167649895,-0.3136583371983997
7544388504994,-1.5074489394297372,2.65415810367996,1.4785420177448694,0.6429341941029445,-0.6341683983923744,0.23339008103834316,-0.3605483803965341
7544421758894,-1.4907805451379865,2.6346648549933125,1.4830996196073332,0.6233131173544425,-0.613975161591119,0.26397782051771046,-0.405993804087902
7544455048094,-1.476452129593068,2.6134566136262283,1.4879537081163037,0.6012786127433914,-0.5914515416356344,0.2935575536405067,-0.44997007284353374
7544488343194,-1.4646743132313165,2.5908468203005053,1.4930445280818117,0.5769315187909331,-0.5666967262895131,0.32198703509687643,-0.49226943056405476
7544521629194,-1.4556068990597866,2.567164934124184,1.498310221652879,0.5503778191195545,-0.5398141507382573,0.3491439796562052,-0.532713262791311
7544554915594,-1.44936,2.54274,1.50369,-0.521714,0.510897,-0.374932,0.571161
7544588204694,-1.4290763494450234,2.5222197324810276,1.5048811239777056,-0.4984250847016857,0.48953129994695066,-0.4003938978203275,0.5929724006230065
7544621495694,-1.410770016435705,2.4998106217697775,1.505881323588391,-0.47407326866119875,0.4671283058802676,-0.4250057747653109,0.6135273206650669
7544654817794,-1.3945916797111206,2.475681293632694,1.5066657951421323,-0.4486874106471071,0.4437143525513293,-0.44873542681159206,0.632798307196667
7544688072994,-1.3807306366251866,2.450110377068653,1.5072091382262618,-0.42239763054147833,0.4194094078979821,-0.4714640950553984,0.6506900931727816
7544721363994,-1.3692667434877432,2.4232387034623075,1.5074919892450533,-0.39517997848493297,0.3941912576119516,-0.4932148784924218,0.6672219425803243
7544754654194,-1.3603218332697893,2.395322369712721,1.5074945017595764,-0.3671207855481128,0.3681396434180978,-0.513915976869476,0.6823385526854135
7544787942394,-1.35398,2.3666,1.5072,-0.338281,0.341311,-0.533523,0.696008
7544821231394,-1.3337372301799906,2.347316575793698,1.504870034393178,-0.3280570993926939,0.33251559402223124,-0.5438412159692488,0.6971718949320778
7544854520094,-1.3141351055373978,2.327504408694807,1.50221491937683,-0.3177386726337187,0.323621163840079,-0.5539993999782975,0.6981376247212592
7544887811694,-1.2951897964890198,2.3071858004195294,1.4992317581058225,-0.3073275764311639,0.3146291737259334,-0.5639952814586892,0.6989045473437825
7544921099194,-1.2769224638999763,2.2863898989412803,1.4959189657856036,-0.296829086564243,0.3055440770768346,-0.5738238978319034,0.699472261501272
7544954388094,-1.2593464363267335,2.2651387299145154,1.4922741809423783,-0.28624458697416244,0.2963669701426892,-0.5834840722152739,0.6998406910915617
7544987678794,-1.2424772290996933,2.2434579041757274,1.4882958343078567,-0.27557707057219377,0.28710034274733426,-0.5929731248743405,0.700009674608838
7545020991894,-1.22632,2.22136,1.48398,-0.264823,0.277741,-0.602294,0.699979
7545054256494,-1.2087825157890502,2.2042861347011042,1.4813839873538706,-0.2659108671044143,0.27274036756517633,-0.6194273450289953,0.686450192575194
7545087546794,-1.1913659036344053,2.1872324811091963,1.477892606369454,-0.2668525840845834,0.2676055206541811,-0.6362648594714583,0.6725652476039411
7545120842294,-1.174088689065568,2.170248977781361,1.4735095222633834,-0.26764676070144927,0.262341755142278,-0.6527873074624126,0.6583393852800118
7545154125694,-1.1569671870222409,2.153383685548037,1.4682418353411217,0.268292499057616,-0.2569542144373478,0.6689779107936012,-0.6437874039638655
7545187414494,-1.1399994869877021,2.1366667647727797,1.4620933677655823,0.26878973346313656,-0.2514425326287156,0.6848371509713371,-0.6289092212867732
7545220709894,-1.1231919406982371,2.120136493410922,1.4550715149379978,0.2691380335197714,-0.2458089329912456,0.7003574534731246,-0.6137117603072764
7545253994294,-1.10656,2.10384,1.44719,-0.269337,0.240059,-0.715523,0.598211
7545287282194,-1.0908476195894288,2.089893241625366,1.4410514610503484,0.25001118157469554,-0.21556643756618987,0.7341084811684981,-0.5933887915685023
7545320571194,-1.0760440655793875,2.07510544298128,1.4343048301175927,0.23034505095814117,-0.19079900781865902,0.751720573911904,-0.5877525626248382
7545353861794,-1.062207311546151,2.0595582937767136,1.4269315485880338,0.21036388396252936,-0.16578989767482666,0.768335480940719,-0.5813100161538283
7545387151194,-1.0493914005243359,2.043339222863447,1.4189172626933828,0.19009543703082268,-0.14057513730331528,0.783929279106417,-0.5740707630178602
7545420439394,-1.0376435786821976,2.0265380891923583,1.4102505899466367,0.16956621519876539,-0.11518893297456163,0.7984809285752614,-0.566045064535445
7545453730094,-1.0270042122985559,2.009245961142125,1.4009226559430696,0.1488007572059124,-0.08966285004082218,0.8119722182678536,-0.5572432366020114
7545487020294,-1.01751,1.99156,1.39093,-0.127828,0.0640337,-0.824383,0.547678
7545520323194,-1.0063559049589792,1.9799810743760429,1.38909651998598,0.08925466155265854,-0.03069426238122159,0.8337534199867687,-0.5440098365915457
7545553598094,-0.9962203314509211,1.967497615358312,1.386775554785181,0.050472263111974204,0.002702982440839488,0.8408583916009829,-0.5388899793246191
7545586886294,-0.9871883285163485,1.9542073316099202,1.3839799015367278,0.011538111772835234,0.03610985109348541,0.8456895706596511,-0.5323270617845941
7545620201194,-0.979344750539769,1.9402248469210799,1.3807281143331642,-0.027457973457060306,0.06945010793223906,0.8482318054492387,-0.5243334305822553
7545653465494,-0.9727799716241564,1.9257118431298386,1.377053634257328,-0.06631986850892663,0.10255723564807748,0.8484748948687889,-0.5149505230938025
7545686754694,-0.9675374508676299,1.910770519458439,1.3729786693402,-0.10503042167210934,0.13541777704721328,0.8464214972806102,-0.504183781099928
7545720045194,-0.963668,1.89555,1.36854,0.143457,-0.16792,-0.842076,0.492068
7545753341094,-0.956119587371621,1.8678395645954518,1.3610627731554388,-0.1222386630666202,0.16577070300469382,0.8473470673718458,-0.48946984656191805
7545786625794,-0.9475320956784884,1.8402688609316231,1.3536401861408383,-0.10097032139275045,0.1635417693540866,0.8522075522719619,-0.4866224118605832
7545819912994,-0.9379088425574312,1.8128531360819262,1.3463055604985086,-0.07965361981384829,0.1612336868955873,0.856657216803256,-0.4835260199405051
7545853209894,-0.9272556046351115,1.7856128820868615,1.339093602372183,-0.058294321192860786,0.1588473210337517,0.8606945720694676,-0.4801813764893635
7545886490594,-0.9155913530158812,1.7585951758105436,1.3320458665514847,-0.03691945975195844,0.15638599486514956,0.864314574254771,-0.4765927935171229
7545919780994,-0.9029196363486585,1.7318044481965353,1.3251925018712656,-0.015522831417882675,0.15384929642529488,0.8675183378675856,-0.4727593141945229
7545953075994,-0.889256,1.70527,1.31857,-0.00588186,-0.151239,-0.870303,0.468683
7545986360194,-0.8801534377328071,1.6777367017576474,1.3130673851404087,0.0327885438206977,0.1284270414565785,0.8763910824157248,-0.46300116315083123
7546019648494,-0.869002382340678,1.6509746664256375,1.307675233651929,0.05965664697540802,0.10543437875339678,0.881314509919005,-0.45673779223397
7546052937894,-0.8558629692007993,1.6251201185724768,1.3024578692954794,0.08644765310821041,0.08229255506943821,0.8850667946598776,-0.44990166441425417
7546086228294,-0.8408051836201863,1.6003021736263636,1.2974780805000612,0.11312548358667635,0.05903126657766641,0.8876431196807171,-0.442501555492183
7546119518594,-0.8239097323465352,1.5766452817141174,1.2927973931404164,0.13965341073993376,0.035681088183324806,0.8890402196425898,-0.4345472041937594
7546152805694,-0.8052684638403735,1.5542690299636366,1.2884757997817922,0.16599334947750138,0.012274144375887839,0.8892565740790234,-0.42604964354675673
7546186096094,-0.784977,1.53328,1.28457,-0.192115,0.0111641,-0.888292,0.417018
7546219387094,-0.7727353577524595,1.5088535838454453,1.286529993773158,0.18467412779576234,-0.01804937428798434,0.8899698884845723,-0.4165612610426524
7546252674494,-0.7602707124887053,1.4845312719249348,1.2882296634068153,0.17721526507557023,-0.02493443529524784,0.8915490050807561,-0.41606897901696116
7546285964494,-0.7475864018002715,1.4603098785717359,1.2896658982436449,0.1697377968047753,-0.031819758124318434,0.8930297046165807,-0.41554124945809323
7546319252994,-0.7346896989884879,1.436193688272318,1.2908351757892793,0.16224337005313016,-0.03870368464135183,0.8944116452295507,-0.4149782193642868
7546352543294,-0.721585115950579,1.4121815544060834,1.2917343829128622,0.15473197054009216,-0.045586086779826444,0.8956948188524161,-0.41437991923574163
7546385832494,-0.7082796489903213,1.388276760108866,1.292360316149223,0.1472049827904304,-0.052465554606551404,0.8968789778972067,-0.4137464895652385
7546419121194,-0.694779,1.36448,1.29271,-0.139663,0.0593414,-0.897964,0.413078
7546452411594,-0.6912131129028023,1.3472655290857205,1.2916231822401827,0.10390642337515844,-0.03088555916244183,0.9061067698995922,-0.4089254931631595
7546485707194,-0.6889762638024671,1.3298335559990868,1.2901239055507836,0.06791767487764924,-0.002359612010672232,0.91228300873069,-0.40388282168427614
7546518989394,-0.6880985273791306,1.312308986520532,1.288268731630775,0.031795024790897915,0.026158516924722455,0.916476586522145,-0.3979641626422695
7546552279394,-0.6885965352661099,1.294796645126346,1.286115248157775,-0.004406085691261369,0.054625014994133976,0.9186815362114709,-0.39117889663158456
7546585575294,-0.6904767042837789,1.2774133987588572,1.2837246886506626,-0.040605036105947366,0.08297635054968004,0.918891683703707,-0.3835416925347987
7546618857094,-0.6937310026705287,1.2602842787900563,1.2811618963934133,-0.07670154807920711,0.1111339653226108,0.9171071515462901,-0.37507410848601114
7546652147594,-0.698343,1.24351,1.27849,0.112642,-0.139056,-0.913331,0.365789
7546685443994,-0.7005439684920871,1.2322696896642167,1.2847161537483587,-0.12371265777984998,0.1438843986611169,0.9079291327513132,-0.3737073026158613
7546718726294,-0.7027891002822554,1.2211999261558046,1.291182909501946,-0.13475175445500667,0.1486684263596121,0.9023140620675624,-0.3815350535274439
7546752014994,-0.705071690355202,1.2102983807627417,1.2978923244005622,-0.14576339412514996,0.1534099070663909,0.8964837574387508,-0.3892753601186398
7546785304494,-0.7073832583367691,1.1995713219204869,1.304841272128241,-0.15674301058631548,0.15810689681842535,0.8904404885073518,-0.39692514941431334
7546818594794,-0.7097156685463667,1.1890229706720226,1.312027460475418,-0.16768790432630185,0.16275827267406548,0.8841856489770245,-0.4044826937730287
7546851883094,-0.7120605663906614,1.178658236520559,1.3194477321638687,-0.1785944672165515,0.16736253897444447,0.8777212355596535,-0.4119456632558461
7546885172494,-0.71441,1.16848,1.3271,0.189461,-0.171919,-0.871048,0.419313
7546918462894,-0.7160414033896982,1.1550885220923637,1.3396592086402332,-0.15898667912605818,0.15168891725554653,0.8572557166678139,-0.4656461580241599
7546951782994,-0.7169197683988296,1.1426857060752418,1.3533898675669975,-0.1278476747492462,0.1309261894426533,0.8403053932925275,-0.5102941808238932
7546985040494,-0.7171442691378408,1.1314621362390103,1.3681596374821607,-0.09624722901938446,0.10976812945482228,0.8203091669264259,-0.5529740494078841
7547018330794,-0.7168267807841682,1.1215244694456443,1.3839012736871255,-0.06421355802662257,0.08823510298561206,0.7972855033889902,-0.5936556338926167
7547051620994,-0.7160853469341077,1.1130054238009048,1.4004784415867995,-0.03189756920210559,0.06642948149611844,0.771335465335079,-0.6321481384797957
7547084910094,-0.7150449460053703,1.1060049787204382,1.4177561528608538,0.0005786704588904248,0.044434382615865915,0.7425534960258283,-0.6683109727678179
7547118198794,-0.713835,1.1006,1.43559,-0.033094,-0.0223323,-0.711043,0.702014
7547151487394,-0.7055271092022756,1.1077690911228777,1.4460516774420258,-0.08623667419829964,0.02268565932523966,-0.6950639313824926,0.7133966135154478
7547184777994,-0.6981386921992631,1.1166891544958952,1.4563773228152532,-0.1389103001396098,0.06761905726912172,-0.6754568449126308,0.7210337317142889
7547218071094,-0.6918965884539859,1.1272102936733182,1.466478932559948,-0.19084110085864853,0.11223267465330104,-0.6523252368079134,0.7248829466794794
7547251355494,-0.6870053042700447,1.1391448595557545,1.4762700596262304,-0.24174145575129627,0.156277345366943,-0.6258006352762049,0.7249220818710133
7547284646094,-0.6836370703425102,1.1522848427008998,1.4856787431129537,-0.29136928332389656,0.1995413287092201,-0.5960120492159433,0.7211496627342274
7547317949394,-0.6819353743541581,1.1663954105402794,1.4946384203299574,-0.33947479911760814,0.2418046848576754,-0.5631084838069346,0.7135798417903881
7547351223694,-0.682009,1.1812,1.50308,-0.385749,0.282793,-0.527307,0.702263
7547384514094,-0.6589300373937561,1.2085434899768044,1.5053908298655245,-0.4331559200919016,0.3211010456288838,-0.505547138762255,0.6735667434446813
7547417810094,-0.6398597156733339,1.2386347660770032,1.5075318437928793,-0.4783765292913583,0.35783481875234335,-0.48127313207476086,0.6414719877395907
7547451093794,-0.6251538412568208,1.2708630449196396,1.5095057975142134,-0.5211619395558396,0.3927892569116368,-0.45462239155825757,0.6061561791378937
7547484381694,-0.6150630775433598,1.3046068379675544,1.5113217901885512,-0.5613212730474314,0.42580527869953005,-0.42571804547519043,0.5677785121090886
7547517674294,-0.6097563004147801,1.3392002451542255,1.5129919291587466,0.5986543505882403,-0.4567151132363757,0.3947053971340884,-0.5265281790526299
7547550961594,-0.6093063710522385,1.3739491040968916,1.5145317163852061,0.632964620320551,-0.4853525248835559,0.3617508314053088,-0.4826230951676328
7547584249194,-0.6136863293679473,1.4081723826639345,1.5159609759070878,0.6640883373478692,-0.5115770994253147,0.3270158413820982,-0.43627536147172324
7547617538394,-0.5983523716816108,1.445636134649794,1.513089340493292,0.6838737272217598,-0.5346853851332506,0.2971407784649419,-0.39766269867058673
7547650829394,-0.5873474002600709,1.4843433225790934,1.5096845203318867,0.7013870243639104,-0.5560375785492319,0.2663129887925082,-0.3577091630017993
7547684132394,-0.5807878245970869,1.5237983525532226,1.5057647792411195,0.7165757065353993,-0.5755666649002952,0.23462508462602014,-0.31653331692426545
7547717407194,-0.5787365810338313,1.5634357766861298,1.5013624118803814,0.7293744701863345,-0.5931840488885152,0.20222115303427393,-0.2743212927392264
7547750697494,-0.581187210487033,1.6027872510264383,1.4965063232388691,0.7397606951838317,-0.6088538225604754,0.1691666547732625,-0.23115747776668413
7547783987094,-0.5880808792510591,1.641317137491285,1.4912397315758934,0.7476949450178446,-0.6225133725671292,0.13558683907564378,-0.18720464534657408
7547817275994,-0.599298,1.67852,1.48561,-0.753153,0.634116,-0.101593,0.142608
7547850565194,-0.5974877081378733,1.7022542704951527,1.4827015920105358,0.7574848848170935,-0.6398099409511422,0.08191995244513915,-0.10074229561170835
7547883853894,-0.5979318478770465,1.726137186013618,1.4797547288333395,0.7601475843764827,-0.6441144103342856,0.06205620858546742,-0.05866262304321891
7547917144894,-0.6006352870683849,1.7499662729700465,1.47682215668054,0.7611346767058214,-0.6470204340997607,0.042044258145510105,-0.016457281983232364
7547950437894,-0.6055833148829766,1.773537226506705,1.4739566944813793,0.7604432836646752,-0.6485217570710229,0.02192881888526696,0.02578119153756845
7547983721294,-0.6127386913220862,1.7966401753520924,1.4712114193152948,0.7580753776229022,-0.6486154298530147,0.0017617264519541145,0.06794587786166148
7548017012494,-0.6220508929752895,1.8190894560111301,1.4686358946272078,0.7540347123841455,-0.6473017624951302,-0.018422609474767343,0.10996675975310541
7548050307594,-0.633447,1.84069,1.46628,-0.748329,0.644583,0.0385768,-0.151747
7548083589894,-0.6195875907768611,1.8397461783124038,1.4693833254356603,0.753017744852874,-0.6373499257866779,-0.03893686185893721,0.15884983105117303
7548116880494,-0.6056838026545178,1.8388669693293058,1.4723546687653084,0.7576129882737311,-0.6300353571616086,-0.03928791981571442,0.16593513215032474
7548150177094,-0.5917386847008659,1.8380549777421546,1.4751942271571963,0.7621142282550606,-0.6226410127884866,-0.03962991488079061,0.17300156684684204
7548183458294,-0.5777633508315733,1.8373131662318374,1.477900783194714,0.7665180731836007,-0.6151725835638948,-0.03996258146445658,0.18004368357962422
7548216748694,-0.5637496371041215,1.836643403865244,1.4804769888052556,0.7708272776171584,-0.6076254861000346,-0.0402861201213763,0.18706577786592296
7548250040594,-0.5497029436321708,1.836048283908031,1.4829228627396112,0.775040283478258,-0.6000023540301208,-0.04060040539039408,0.19406530144874135
7548283346894,-0.53562,1.83553,1.48524,-0.779158,0.592301,0.0409055,-0.201044
7548316615594,-0.5219233522437008,1.8253136003655765,1.4885617756331793,0.7853870294395193,-0.5810603952642769,-0.044681951755062684,0.20866133861079364
7548349905394,-0.5080389335241546,1.8152092690687636,1.4914898323996002,0.7914340575892749,-0.5696743626411835,-0.04845778542243563,0.21622926737398632
7548383195694,-0.4939802887585279,1.8052361743026333,1.494024140002132,0.7972938087854679,-0.5581526866031977,-0.05222983352777824,0.22374138061533203
7548416485794,-0.4797529893131416,1.7954071988298799,1.4961671896929285,0.802964697842085,-0.5464983991822561,-0.05599717951520649,0.23119582521521073
7548449794894,-0.46535411519872794,1.7857293364916502,1.497922819361484,0.8084484192921849,-0.5347074925683645,-0.05976115363089668,0.2385951702191905
7548483063194,-0.45081523542102225,1.7762321715145521,1.499291563997716,0.8137339467156612,-0.5228041143991012,-0.06351416593052724,0.2459245263410594
7548516352894,-0.436115,1.76691,1.50028,-0.81883,0.510769,0.0672624,-0.253196
7548549641694,-0.44720972839489936,1.7617824638726303,1.5025683500425362,0.8111226165505271,-0.5134809406613445,-0.08533620684554426,0.26671174758338273
7548582932194,-0.45813267554709886,1.7561723577257837,1.5046796141262107,0.8029506802055353,-0.5158933280041773,-0.10336648413942877,0.2800707932557337
7548616221294,-0.468858593237819,1.7500874444086265,1.5066189976025262,0.7943196107179844,-0.5180046782202137,-0.12134120908744668,0.2932640795392427
7548649510094,-0.4793640674241523,1.7435358988502268,1.5083923675724489,0.7852340797563168,-0.5198140009623053,-0.1392506654707915,0.3062843393951979
7548682804494,-0.48962761684970924,1.7365258640508974,1.510006163711642,0.7756975516748424,-0.5213206375947737,-0.15708772923738618,0.3191262234077225
7548716088094,-0.49962151571528846,1.7290713626400946,1.5114661506464637,0.7657202674427258,-0.5225231863402089,-0.17483339473281176,0.3317759422419244
7548749378594,-0.509329,1.72118,1.51278,-0.755303,0.523422,0.192487,-0.344233
7548782675094,-0.5235686151011607,1.7170507660557903,1.5095255303156228,0.7409268710778821,-0.5295029301779339,-0.21043517502402787,0.35548706834472654
7548815956494,-0.5375129064547777,1.7122478863142805,1.505988393568355,0.7260443969806522,-0.5352172080676422,-0.22823026441595984,0.3664874079772736
7548849246994,-0.5511361103953996,1.7067769972465023,1.5021845307173287,0.7106548555313908,-0.540564968866321,-0.2458727820198764,0.37723436456136644
7548882543694,-0.5644017231880928,1.700648905173361,1.4981332745821299,0.6947698618050506,-0.5455418398792012,-0.2633487994351504,0.3877194216242873
7548915824394,-0.5772669883414774,1.6938805767591008,1.4938572956062137,0.6784111802571731,-0.5501412715122197,-0.2806345816257603,0.3979284904059048
7548949114794,-0.5897089692370527,1.686481335360229,1.4893738535689889,0.6615776064405157,-0.5543637839776921,-0.29773149395876797,0.40786250523363043
7548982441894,-0.601705,1.67846,1.4847,-0.644266,0.558209,0.314641,-0.417522
7549015693794,-0.5963203338913434,1.6685126532662355,1.4786009416487775,0.6301156523581756,-0.5595599397651674,-0.3309228618114119,0.4246610389402097
7549048983494,-0.5903941732005156,1.6587054195796178,1.4727092474406922,0.6156201064884247,-0.5606217300132444,-0.347046829586252,0.4315943215547076
7549082271894,-0.5839439542663878,1.6490721905536336,1.467043101800373,0.6008035947554113,-0.5613920625170352,-0.3629854301007567,0.438309902017298
7549115561794,-0.5769815746667233,1.6396339387696328,1.4616124617985329,0.5856726408367785,-0.5618704410112696,-0.3787317805858161,0.44480490517458615
7549148858494,-0.5695192426135476,1.6304106274169616,1.4564264794071786,0.5702326583196902,-0.5620564255454119,-0.39428019371858863,0.45107695433263545
7549182139694,-0.5615766798991719,1.621429286089927,1.4514979257543268,-0.5545022022438475,0.5619497519000412,0.4096123248850532,-0.45711872347177723
7549215444194,-0.55316,1.6127,1.44683,-0.538471,0.56155,0.424738,-0.462934
7549248719194,-0.5436075895193586,1.597627256526086,1.4491845104924548,-0.5228365773301953,0.5490954324840791,0.43813643219848253,-0.48287947379356844
7549282007994,-0.5330435871204025,1.5832692617088424,1.4516185962180954,-0.5066693354118061,0.5361168109123835,0.4510982721582706,-0.5023696830684721
7549315297594,-0.5215175626473488,1.5696934157575948,1.454120573104587,-0.48999153408652246,0.522631315613819,0.46360500490265466,-0.5213781774226024
7549348587794,-0.5090793753318665,1.5569581153014422,1.4566793070835495,0.472819963228292,-0.5086518391568737,-0.47564375250801105,0.539886663657498
7549381876494,-0.49578323222732024,1.5451190981804799,1.4592832127637738,0.4551729434982861,-0.49419259327243076,-0.4872014735887272,0.5578763271503361
7549415170894,-0.4816828254786325,1.534225447599714,1.461921175105115,0.4370642696032547,-0.4792641272919244,-0.4982687575695127,0.5753337863861445
7549448454794,-0.466845,1.52433,1.46458,-0.418521,0.463888,0.508829,-0.592234
7549481744894,-0.4608460228999312,1.5087324639179054,1.4670675131604123,0.4030985740082144,-0.44467327881203994,-0.5168549627444758,0.6104409572018414
7549515039394,-0.45383838180908614,1.4935620319586294,1.469550903547502,0.38728052285981457,-0.42499818072992135,-0.524375067603532,0.6280295625728753
7549548322794,-0.44585355575206564,1.4788854432402225,1.4720071565891932,0.37108980670913494,-0.40489198792644376,-0.5313788395295079,0.6449739237905847
7549581613294,-0.4369192125859586,1.4647524441348627,1.4744158849627234,0.3545334821234913,-0.38436421491955663,-0.5378635679352606,0.6612661662527551
7549614934794,-0.4270630454813747,1.4512095988008564,1.4767571833451598,0.33761526516603724,-0.36342030459184677,-0.5438268808677039,0.6769002427115387
7549648190494,-0.41635442011673585,1.4383485167871606,1.479003178292067,0.3204013629461872,-0.3421429682275768,-0.5492466795022909,0.6918159010678758
7549681480994,-0.404805,1.42618,1.48114,-0.302857,0.32049,0.554135,-0.706044
7549714807794,-0.40429967782998943,1.4108937157748827,1.4787548180550785,0.27976046285728917,-0.3073176691572497,-0.571348656688287,0.7077080232314176
7549748061594,-0.4028964985414588,1.395671155551506,1.4761492143437016,0.25643715323185884,-0.29386024433715413,-0.5879514121927312,0.7086602007598717
7549781349494,-0.4005923889086339,1.3805199220031084,1.4733306926772949,0.23283595902052626,-0.28008846804830273,-0.6039812221519855,0.7089037660650004
7549814637794,-0.39739176760651,1.3655118415634304,1.470318103814007,0.20900414165820705,-0.26602964764844583,-0.6194049895639405,0.7084369797272405
7549847929094,-0.3933013363531584,1.3507015804238542,1.4671282732796629,0.18496380762307058,-0.25169677396237694,-0.6342084751168376,0.7072600186186715
7549881216594,-0.38833262605532826,1.3361471763357813,1.463779636726208,0.1607440783508686,-0.23710719532502858,-0.6483739520120688,0.7053741826523566
7549914506294,-0.382499,1.3219,1.46029,-0.136365,0.222273,0.66189,-0.702781
7549947796794,-0.3982674252900526,1.3243603540068036,1.4540749490538487,0.15475636498589945,-0.24557526537290641,-0.6631602490247054,0.6898998047882521
7549981085194,-0.41389163216011704,1.3276301450973236,1.4477099269186753,0.17298133488127693,-0.26861785994083626,-0.6637410761810123,0.6762911258426867
7550014374594,-0.42932286656468366,1.3317025440679904,1.4412133243297034,-0.19102268707321912,0.29137857614279017,0.6636319408792211,-0.6619679036276648
7550047664494,-0.4445114819210101,1.3365670894277344,1.4346047845854755,-0.20886141987317122,0.31383300600564984,0.6628329546608597,-0.646945303596506
7550080954094,-0.4594087319590139,1.3422098994799898,1.4279045166476623,-0.22647859983980814,0.3359568827558128,0.6613450038493577,-0.6312394178337488
7550114244094,-0.4739677747538469,1.3486140643098234,1.4211328435599562,-0.24385632780588679,0.35772729298813605,0.6591696435712863,-0.6148663726652416
7550147537194,-0.488144,1.35576,1.41431,-0.260978,0.379123,0.656309,-0.597842
7550180821194,-0.506517323501013,1.3817241033280203,1.4125534851283195,-0.2937555630047859,0.4195322038127627,0.6391088418914894,-0.5737946386851894
7550214112694,-0.521417082610881,1.4098069841901306,1.4109786411849972,-0.3254876560409147,0.45844981126545536,0.6196037907017768,-0.547697634524423
7550247405394,-0.5326177971870887,1.4395773371050098,1.4096647894618655,-0.35605336912214136,0.4957289374531131,0.5978664883473771,-0.5196484205879544
7550280689394,-0.5399490387890826,1.4705749215793078,1.4086872385610596,-0.38533378555665937,0.5312260959222771,0.5739821171428794,-0.48975630462499214
7550313979994,-0.5433014589225086,1.5023452702608147,1.4081155554149005,-0.41323683062644384,0.5648311340930711,0.548025630836657,-0.45811463600176666
7550347279694,-0.5426162897491876,1.5344114315605373,1.4080141203574033,-0.43966287238672497,0.5964253157313247,0.5200868461395863,-0.4248329952722861
7550380557694,-0.537898,1.56626,1.40844,-0.464493,0.625868,0.490293,-0.390062
7550413847994,-0.541072495350824,1.5911362827025715,1.4043794889097185,-0.46813123049688654,0.6306311866349301,0.4861417583902182,-0.383175740654543
7550447145394,-0.5437231439646347,1.6161118457776302,1.4004023543686592,-0.4717252967057864,0.6353307974644719,0.4819392372450533,-0.3762507061051877
7550480440094,-0.5458477641145987,1.6411690442721185,1.3965128093406414,-0.47527373517147314,0.639964951104016,0.4776870451615301,-0.3692896219763523
7550513715994,-0.5474447510101956,1.6662853422423918,1.3927156319233123,-0.4787745028707563,0.6445310194064332,0.47338769542280484,-0.36229660534712466
7550547004294,-0.5485148777734029,1.6914738962532434,1.3890101750994206,-0.4822305285069787,0.6490328590278425,0.46903758499269566,-0.35526582884122787
7550580295594,-0.5490568103063529,1.7167172341899581,1.3854004464407783,-0.4856404417160749,0.6534687159626428,0.46463832739573613,-0.34819997608104936
7550613583394,-0.54907,1.742,1.38189,-0.489003,0.657837,0.460191,-0.341101
7550646872494,-0.564113683410148,1.76927184826399,1.3814272987484335,-0.4983623556881075,0.6608984216984444,0.4483893299155446,-0.337335511690356
7550680162594,-0.5784248181928964,1.7969426426315613,1.38125685306542,-0.5075995907202095,0.6637927232338778,0.43647842503875195,-0.33347932553326143
7550713451694,-0.5919876776138286,1.8249883916807026,1.3813712594888672,-0.5167121197166522,0.6665192148728065,0.42446220461596623,-0.32953385015171827
7550746740494,-0.6047884689821476,1.8533869425180172,1.3817628267288917,-0.5256979222014705,0.6690771946508833,0.4123434442405476,-0.32550005558064515
7550780030494,-0.6168143740560326,1.88211649873175,1.3824236501751168,-0.5345552092172731,0.6714660446237465,0.40012464086264227,-0.3213788278504981
7550813320994,-0.6280524875466971,1.9111530438957478,1.3833455536036698,-0.5432816276247318,0.6736850179293805,0.3878091149155548,-0.31717134185062584
7550846608794,-0.63849,1.94047,1.38452,-0.551874,0.675733,0.375401,-0.312879
7550879903594,-0.6682762867871845,1.9676000916807683,1.3799463055316343,-0.5696369312643442,0.6683387928140876,0.36013356742522623,-0.3148663814590704
7550913187594,-0.6975000070329002,1.9954960649515288,1.3770572341845781,-0.5870497984597843,0.6605400472790458,0.34465436475180933,-0.3166587262755433
7550946504094,-0.7261174217961769,2.0241452503360375,1.3758443760094718,-0.604124567421521,0.6523311746745007,0.3289526598431881,-0.3182572751213051
7550979771794,-0.7539796535575468,2.053425796768232,1.376299119257635,-0.6208094900167291,0.6437374143634639,0.31307648948219385,-0.31965736373078696
7551013055394,-0.7810641770619119,2.083340581267954,1.378405508666223,0.6371274353768038,-0.6347477955331866,-0.297004957195372,0.32086122008948376
7551046345794,-0.8072869122201513,2.113827439509339,1.3821462896141448,0.6530636608651538,-0.6253697692994323,-0.28075206749733944,0.3218676484205077
7551079642294,-0.832573,2.14483,1.3875,-0.668608,0.615609,0.264328,-0.322676
7551112923494,-0.8590154072890753,2.1735022926563143,1.4028190956255369,0.6690932815482328,-0.6113491609240129,-0.26914593112624846,0.3257711647502084
7551146214394,-0.8857943696472519,2.201741196162196,1.4183993621949453,0.6695446949950006,-0.6070573516520845,-0.2739542581449577,0.3288469821261172
7551179511294,-0.9129018939074315,2.2295373837846038,1.4342356585040448,0.6699620537155127,-0.6027342074301377,-0.2787521766778693,0.3319029161851495
7551212792294,-0.9403146999810917,2.2568669920817337,1.4503138058390213,0.67034505192386,-0.598382825291718,-0.2835362997233483,0.3349368186632973
7551246082394,-0.9680479151597683,2.2837449995394667,1.4666420942598648,0.6706939428226205,-0.5940001876066735,-0.2883099887469556,0.33795082863193926
7551279370794,-0.996087221612482,2.3101569371610715,1.4832115380754483,0.6710085587807445,-0.5895879493732984,-0.2930714555951287,0.3409438163570793
7551312660894,-1.02443,2.3361,1.50002,-0.671289,0.585146,0.297821,-0.343916
7551345949794,-1.0486825981783725,2.3574922604522186,1.4969937275440326,0.6544582287280172,-0.5746675668835242,-0.3198113127466167,0.37304468721809
7551379238694,-1.0747245907477845,2.3767716832580064,1.4938527193876527,0.6364972095780254,-0.5631988712736858,-0.34126152365651363,0.40152074176444297
7551412529294,-1.102376872050331,2.393797695293525,1.4906159079530172,0.6174354308582164,-0.5507594265523382,-0.3621355372569432,0.4292963957923401
7551445818894,-1.1314455720197671,2.4084429940943206,1.4873031690453435,0.5973069054772399,-0.5373721523004487,-0.38239551728275,0.4563214864141786
7551479106794,-1.1617284643731518,2.4205981331773745,1.4839345835562392,0.5761465298569192,-0.5230610168042411,-0.4020060287304137,0.48254896300577144
7551512404794,-1.1930268005350586,2.4301741698569193,1.4805292065597448,0.5539825600247894,-0.5078457718180329,-0.4209397761133326,0.5079426149877412
7551545687794,-1.2251,2.43709,1.47711,-0.53087,0.491765,0.43915,-0.53244
7551578975094,-1.2472942131314442,2.430956011992596,1.4729666123642473,0.4832700202032072,-0.4388909402752942,-0.4872113496066237,0.5800430423094067
7551612269194,-1.2680064867666772,2.421430921056867,1.4688553632448982,0.43099853930569854,-0.3817751586807617,-0.5305502121440541,0.6220968250397463
7551645553794,-1.2865980814951126,2.4088717851634365,1.4647028663531778,0.3745884992193634,-0.3209930004450785,-0.5687280136632205,0.6581758096379255
7551678843994,-1.3025300620395297,2.3937421065530793,1.4604336583480497,0.3145621553416172,-0.2571002224779844,-0.6013951431719095,0.6879491316935038
7551712139194,-1.3153551878685221,2.37660839158085,1.45597866916964,0.25150090412950277,-0.19070932389682185,-0.628233953937938,0.7111254095589362
7551745422094,-1.3247416712289446,2.3581241517634948,1.4512782557331863,0.18604934247372118,-0.12249220983253603,-0.6489746770712588,0.7274703906109811
7551778712594,-1.3305015437548986,2.3389746939324216,1.4462769255245047,0.11880295572452708,-0.053063140261229956,-0.6634322324055174,0.7368363684442868
7551812028194,-1.3378720974509932,2.353087776013418,1.4456304129376907,0.08567161671420298,-0.030149675196960046,-0.6698232200997991,0.7369451980915736
7551845289594,-1.3463696861379169,2.3668462025913555,1.445090416394583,0.0524597709132707,-0.007211010196412643,-0.6750880347372025,0.7358343014037442
7551878583694,-1.355986582112663,2.380195186416082,1.4446381225252942,0.019136152274774765,0.01577472554553402,-0.6792331817956206,0.7335034086204898
7551911877694,-1.3666787270774976,2.3930326549585463,1.4442562806330048,-0.014211018350015737,0.038746853924931865,-0.682246466335099,0.7299564969514597
7551945158294,-1.3783978561119432,2.4052688888753373,1.4439267795345743,-0.047512893336545604,0.06165815558577972,-0.6841228006630775,0.725201206858798
7551978448794,-1.3911018068431902,2.416831555519902,1.44363087237005,-0.08073733509193172,0.08448668614964686,-0.684860995634426,0.7192418920254346
7552011738094,-1.40473,2.42764,1.44335,0.113818,-0.107187,0.68446,-0.71209
7552045027294,-1.4229662913041998,2.4393070726894663,1.438915196640616,-0.11913758408467044,0.10719337025232802,-0.6889423710106604,0.7068763872549606
7552078316694,-1.4412548169117112,2.4509254663416207,1.4345470638020132,-0.12445220214086,0.10719201888918188,-0.6933705547400532,0.7016115693802538
7552111605394,-1.4595951200073072,2.4624932429427133,1.4302444027312666,0.1297612328918385,-0.10718292393541912,0.6977436669394438,-0.6962956401564947
7552144895394,-1.477988323179934,2.4740094903032523,1.426005617816815,0.1350645891878511,-0.10716613038685846,0.7020616353136153,-0.6909286775537662
7552178183694,-1.4964327682267713,2.485471585253613,1.421829727273297,0.14036138684765537,-0.10714168594029412,0.7063237425450979,-0.685511568781418
7552211473494,-1.5149302088052423,2.4968790642633416,1.417714943732092,0.14565172925872097,-0.1071096349238289,0.7105300741907888,-0.6800441996965054
7552244763694,-1.53348,2.50823,1.41366,0.150935,-0.10707,0.71468,-0.674527
7552278085494,-1.53757837560306,2.504829738723927,1.4102666667338026,0.1504235464855241,-0.10769841311308383,0.7167082870670677,-0.6723860793658882
7552311341094,-1.5416761332287305,2.501452265635085,1.4068722820625803,0.1499112503391914,-0.10832435329010016,0.718725735546304,-0.6702430667820789
7552344636394,-1.5457863491550343,2.4980868523841027,1.4034661577654657,0.1493965229217649,-0.10894983287384213,0.7207389252595336,-0.6680913219548513
7552377922394,-1.5499030205705813,2.494738519207822,1.4000534077856033,0.14888012456404862,-0.10957392253884558,0.7227448657697252,-0.6659340230178561
7552411210594,-1.5540276030789832,2.49140614897333,1.3966329678492142,0.14836188307140552,-0.11019683117446442,0.7247442337555141,-0.6637704465315898
7552444505794,-1.5581607295585913,2.4880893118912644,1.3932044542353186,0.1478417283383635,-0.11081864103064569,0.7267372962985986,-0.6616002980128179
7552477788394,-1.5623,2.48479,1.38977,0.14732,-0.111439,0.728723,-0.659425
7552511079794,-1.543109058403366,2.4679717825676724,1.3948598317752303,0.15288901261767854,-0.11486458919978906,0.7252390045319452,-0.6614071834159864
7552544372894,-1.5237320598765591,2.4514051533672565,1.4001524525081328,0.158450333392899,-0.1182843593584962,0.7217136068244777,-0.6633489066119224
7552577656194,-1.5041798698565318,2.4350995404672635,1.4056448853728314,0.1640017001955475,-0.1216968919251028,0.7181481116164368,-0.6652492755429993
7552610946394,-1.4844468500871162,2.4190504662965524,1.4113387403329705,0.16954558350703838,-0.12510368172290592,0.7145409459218695,-0.6671091368986876
7552644242294,-1.4645378044271982,2.4032623339297445,1.4172327613039406,0.17508146288517804,-0.12850438437379613,0.7108924296895957,-0.6689282905967734
7552677524794,-1.4444684453792593,2.387747720985372,1.423322290199348,0.18060585052150954,-0.1318968336978286,0.7072048853265561,-0.6707056002361559
7552710815594,-1.42423,2.3725,1.42961,0.186122,-0.135283,0.703476,-0.672442
7552744104594,-1.4216765683045485,2.3568412593598382,1.4265111881907053,0.17659403419352088,-0.1279519246148671,0.7101381785903713,-0.6694375395680758
7552777393994,-1.4195330999500761,2.3411410912463793,1.4231770166611946,0.16703669154191747,-0.12059381827088618,0.7166637217533195,-0.6662949681606934
7552810683394,-1.417801795983176,2.325412743536317,1.4196094444236769,0.15745197794725496,-0.11321035574734657,0.7230514239947139,-0.6630150286767811
7552843971294,-1.4164845442606948,2.309670010255504,1.4158107492850227,0.14784218715316852,-0.1058034379184339,0.7292997734981796,-0.6595984843811512
7552877262294,-1.4155826991665013,2.2939238134797453,1.4117826680294716,0.13820785348118397,-0.09837361071131286,0.7354084169840146,-0.6560454878899848
7552910550394,-1.415097601266945,2.2781900916911417,1.4075283779651986,0.128552580959874,-0.09092378909906777,0.741375072680648,-0.6523573408126772
7552943839694,-1.41503,2.26248,1.40305,0.118877,-0.0834546,0.747199,-0.648534
7552977130294,-1.433917115911936,2.253233970932655,1.4056445983204744,0.11569799529564365,-0.08197249120044116,0.7423660161427951,-0.6548184348712535
7553010419194,-1.452863711574999,2.2441690032474084,1.4083959041645204,0.11251159959846876,-0.08048310015511041,0.7374769491461212,-0.6610532202654683
7553043707694,-1.4718691675650617,2.2352876118369744,1.411301032900737,0.10931797352805922,-0.0789865086514163,0.7325323196630961,-0.6672384227274251
7553077001994,-1.4909356672153469,2.226591016651534,1.414357537610619,0.10611675198402763,-0.07748253890412453,0.7275315701599103,-0.6733747140589604
7553110288594,-1.5100540876198072,2.2180854991711874,1.4175610960660927,0.1029094654855672,-0.07597190454229476,0.7224771139795034,-0.6794591462402572
7553143598394,-1.5292408114426137,2.209766011059789,1.4209116666974213,0.09969336462089522,-0.0744533022127335,0.7173646062103475,-0.6854968713253605
7553176871694,-1.54846,2.20165,1.4244,0.0964745,-0.0729296,0.712204,-0.691477
7553210154794,-1.5499646399653837,2.1970598948064115,1.4169777446918668,0.0962083650626382,-0.07785753740980648,0.7172947634808527,-0.6856897087191862
7553243458194,-1.5515106198109663,2.192569636552772,1.409502896949414,0.09593615740099432,-0.0827819501847957,0.7223287790392368,-0.6798415531566302
7553276739694,-1.5530970524650705,2.1881852904192893,1.4019867532646733,0.09565819569507117,-0.08769616419377406,0.7272988738885378,-0.6739400866713057
7553310022694,-1.5547260761782082,2.183904027967234,1.3944259072421537,0.09537431378539142,-0.09260324487656217,0.7322081736338225,-0.6679817136509947
7553343312994,-1.5563990391668392,2.179725458917957,1.3868208734281815,0.09508448367823519,-0.09750364870134441,0.7370570899433337,-0.661965879496695
7553376609794,-1.5581169619990636,2.17565002919,1.3791736725338244,0.09478873313624858,-0.10239685789585234,0.7418450534753936,-0.6558932048722353
7553409896494,-1.55988,2.17168,1.37149,0.0944872,-0.10728,0.746569,-0.649767
7553443181594,-1.550258470925588,2.1703159331569513,1.3716782978834003,0.09179759665284143,-0.10490968347112772,0.7513446239057187,-0.6450181514428291
7553476471694,-1.5406476496317583,2.1688812861513336,1.3718162723770768,0.08910219268114526,-0.1025331077796737,0.7560769758741458,-0.6402307143690159
7553509759494,-1.531050289722036,2.167377129660036,1.3719029939781622,0.08640176877905617,-0.10015097177580615,0.7607650150240625,-0.6354062551782523
7553543049694,-1.521465677946791,2.1658040323705086,1.3719375934232478,0.08369609899922768,-0.0977630778172786,0.7654091296690605,-0.6305443742095044
7553576337794,-1.5118957484495714,2.1641630030416836,1.371919196324028,0.08098570468396192,-0.09536988783522106,0.7700084206498902,-0.6256460119423773
7553609661194,-1.502330406801644,2.1624529106996855,1.3718468445443497,0.07826768938581063,-0.0929688444321594,0.7745677202347905,-0.620705896164548
7553642916294,-1.4928,2.16068,1.37172,0.0755507,-0.0905676,0.779073,-0.61574
7553676205894,-1.48541607699718,2.161098588635701,1.3696382582259325,0.07858258708514437,-0.09206595581680056,0.7821599285141563,-0.6112073977082366
7553709496194,-1.4780315141657254,2.1615913435548357,1.3675728807594878,0.08160999106458075,-0.09356091551673197,0.7852152466718428,-0.6066491414649716
7553742789594,-1.4706462740586583,2.162158115172296,1.3655245115490529,0.08463296931877953,-0.09505247503919975,0.7882386997862999,-0.6020648134980257
7553776077194,-1.4632628253249729,2.1627985333798034,1.3634944831922962,0.0876505877409826,-0.09654016550181509,0.7912293604655959,-0.5974558310458997
7553809368294,-1.4558795989324542,2.1635125477398427,1.3614830109944762,0.09066356391157813,-0.09802433203110787,0.7941879456590748,-0.5928210990497259
7553842654894,-1.4484988625956257,2.1642997499941474,1.3594913582789838,0.09367104795714071,-0.0995045477594404,0.7971136254764984,-0.5881619231381041
7553875941994,-1.44112,2.16516,1.35752,0.0966734,-0.100981,0.800007,-0.583478
7553909238094,-1.438443462825387,2.1653896121632044,1.3577307073590459,0.09865890315196424,-0.10447542454866884,0.795496905415053,-0.5886730671342975
7553942520994,-1.4357707830075603,2.1656336574311195,1.3579376596063086,0.10063726392563621,-0.1079641977149663,0.7909389094039625,-0.5938278493908785
7553975811194,-1.4331004267184966,2.165892226124556,1.3581407675024115,0.10260956461782596,-0.11144921097666671,0.7863302352995228,-0.5989449988733654
7554009106894,-1.430432653029926,2.1661652527234705,1.358339800989738,0.10457559076300124,-0.11493005004485403,0.7816713981765148,-0.6040238858571979
7554042389094,-1.4277690952459703,2.1664525120812805,1.3585344322497859,0.10653411897632503,-0.11840450678834595,0.7769653719714446,-0.6090612982479033
7554075679794,-1.4251081038259585,2.166754123092993,1.358724575964238,0.10848634197164722,-0.12187465584718775,0.7722093578105915,-0.6140602491429439
7554108976394,-1.42245,2.16707,1.35891,0.110432,-0.12534,0.767404,-0.61902
7554142256794,-1.412869267614612,2.1690694329137314,1.3577784754828641,0.10590697834098325,-0.11866318534122575,0.7694911254086683,-0.6185355028619277
7554175547594,-1.4032611167165452,2.170905365844569,1.3566617979465254,0.10137556461610431,-0.11197479320117618,0.7715262570829786,-0.6180063715026322
7554208837194,-1.3936315637387255,2.1725766868343688,1.3555598914815348,0.09683964198379108,-0.1052776298626037,0.7735085357071474,-0.6174327895238061
7554242125594,-1.383983295196704,2.1740830543454313,1.3544722778628726,0.09229951721734854,-0.0985721765980567,0.7754378426540206,-0.6168147836281523
7554275416094,-1.374318042620976,2.1754242972406375,1.3533983679128603,0.08775504664573967,-0.09185824963878646,0.777314246515413,-0.6161523155240743
7554308705494,-1.3646394271707067,2.1766000101037926,1.3523377782746935,0.08320697360514269,-0.08513697560107683,0.7791374475242997,-0.6154454750782509
7554341994294,-1.35495,2.17761,1.35129,0.0786555,-0.0784087,0.780907,-0.614694
7554375284294,-1.3588142015996627,2.181966551413461,1.3601262197514634,0.0778662827726434,-0.07160059624372203,0.7747600840778243,-0.6233434115673615
7554408572094,-1.3626999051603699,2.186548173666657,1.3688247927664656,0.07705923435376183,-0.0647841406905314,0.7684889677196303,-0.6318936587820917
7554441862494,-1.3666034407130905,2.1913530524391707,1.377382339174354,0.07623444072990619,-0.05795953226125451,0.7620940804322114,-0.6403449189591789
7554475173494,-1.3705226918720437,2.196381392099902,1.3857987901417412,0.07539160735464626,-0.051124220679418596,0.7555728288694774,-0.6487003313353406
7554508440694,-1.3744458238311545,2.2016204765000755,1.3940535803133611,0.07453255530399193,-0.04429257329457451,0.7489389591985417,-0.6569425405204077
7554541734794,-1.3783769167625584,2.2070783670069622,1.4021600132797132,0.07365564927960844,-0.037451222847207456,0.7421794965493345,-0.6650878484367494
7554575041194,-1.38231,2.21275,1.41011,0.0727614,-0.0306043,0.735298,-0.673131
7554608308494,-1.391615558684232,2.221033918349048,1.4039750259336954,0.0721828427137329,-0.03809279254347111,0.7343122656349546,-0.6738872850203249
7554641604294,-1.401077579143098,2.229199536544177,1.3979073858579887,0.0715953789541905,-0.045585247451549446,0.7332834097639268,-0.6746047197375481
7554674888594,-1.4106827148724568,2.2372358465240207,1.391916587546485,0.0709997700368967,-0.05307224050964668,0.7322129614244779,-0.6752825697913357
7554708177994,-1.420433586997637,2.2451458220577796,1.3860017687434556,0.07039576030949997,-0.060557075292872,0.7311004827882404,-0.6759211208633911
7554741472894,-1.4303282206594012,2.2529284581815516,1.3801650261035183,0.06978337783459114,-0.06803940878535722,0.7299460265550465,-0.6765203007646061
7554774755494,-1.4403590900270886,2.2605786268753296,1.3744115685404108,0.06916299280416807,-0.07551481128003727,0.7287503114906948,-0.6770797421322886
7554808045894,-1.45053,2.2681,1.36874,0.0685343,-0.0829874,0.727513,-0.6776
7554841340994,-1.43784822032663,2.2658093955970973,1.375539113257521,0.0731473612557934,-0.08359571565984475,0.7250785800965079,-0.679648639040692
7554874623694,-1.425197457436484,2.2636493045937307,1.3824258596975052,0.07775763442277413,-0.08419985759549051,0.7226233904521324,-0.6816740935676948
7554907913894,-1.412571712196355,2.2616186552092215,1.3894035073428324,0.08236769882586717,-0.08480012436890044,0.7201457569741914,-0.6836772555886436
7554941203094,-1.3999757845191605,2.2597182350942613,1.3964694606695998,0.0869762263066862,-0.0853963311001669,0.7176463809021787,-0.6856575491235286
7554974491994,-1.387410972704652,2.2579482110042743,1.4036230122006905,0.09158316322285898,-0.08598846000010524,0.7151252865244334,-0.6876149602315621
7555007782194,-1.37487823630964,2.2563087009745484,1.4108636487839865,0.09618858006436208,-0.08657650888769856,0.7125824280462237,-0.6895495257149907
7555041071394,-1.36238,2.2548,1.41819,0.100792,-0.0871604,0.710018,-0.691461
7555074363494,-1.3525950476444686,2.251849514934561,1.416397062596027,0.09929429127670118,-0.07715391442364451,0.7042941745594663,-0.6986827841664389
7555107650494,-1.3428430972204435,2.2487195882767375,1.4147732536750097,-0.09777016966767094,0.06714325198526688,-0.6984335957019614,0.7057784992693013
7555140938794,-1.3331276918742974,2.2454129466062223,1.4133204534186883,-0.09621979432808128,0.05712843735303126,-0.6924362459751834,0.712748299250765
7555174229594,-1.3234538747321674,2.2419328732957173,1.41204073915897,-0.09464355071381708,0.04711104975269902,-0.6863029405873832,0.7195911485285175
7555207517194,-1.3138286462240902,2.2382835344814715,1.4109363025064887,-0.0930421614133419,0.03709474419099421,-0.6800358152156742,0.7263046373092297
7555240806794,-1.304255800282893,2.2344680644156045,1.4100088161267252,-0.09141583556896594,0.02707989416486182,-0.6736350056277195,0.7328886024029778
7555274100494,-1.29474,2.23049,1.40926,0.0897649,-0.0170678,0.667101,-0.739342
7555307386694,-1.303528004722658,2.236407586754347,1.411739457393298,-0.08646180932189859,0.013957762296647025,-0.6663138797379681,0.7405101957900313
7555340675094,-1.3122685523281217,2.2423960890589805,1.4141989572063354,-0.08315738630451718,0.010845536456579373,-0.6655126792278975,0.7416603651462548
7555373970894,-1.3209623546223308,2.248455979369332,1.4166387294958842,-0.07985120888770776,0.00773071710395476,-0.6646974984863852,0.7427928755434939
7555407255094,-1.3296038313246876,2.254583286908724,1.4190572435379871,-0.07654523078369617,0.004615158225861477,-0.6638688313718516,0.7439070524546686
7555440544794,-1.3381968113718328,2.2607806351591275,1.4214556078759282,-0.07323782085958079,0.0014973360163317152,-0.663026282061432,0.7450034421909664
7555473839394,-1.3467404959804048,2.267047433429404,1.4238336333594896,-0.06992910517706147,-0.0016226176479018483,-0.662169886009241,0.7460819857251701
7555507122194,-1.35523,2.27338,1.42619,0.0666208,0.00474306,0.6613,-0.747142
7555540412494,-1.348374387791689,2.271796093916187,1.428339312165439,-0.07191989648030593,0.004423426682834272,-0.6583736628477727,0.7492343304034134
7555573706694,-1.341476739053489,2.2703797819159695,1.4304534325795202,-0.07721070959539066,0.013590000642507266,-0.6553638119691341,0.7512337134125427
7555606989994,-1.33454367972152,2.2691321147038734,1.4325297887222121,-0.08249022933022827,0.022751445479490612,-0.652272289834585,0.7531391595897715
7555640280294,-1.3275750536621285,2.268052781524974,1.4345678777741098,-0.08776062637473504,0.0319115476802626,-0.6490978332168641,0.754951474265821
7555673576794,-1.3205745921621452,2.267142214459482,1.4365660195555128,-0.09302109882612201,0.04106894389828127,-0.645840864739542,0.7566703340641426
7555706857894,-1.3135504459601548,2.26640115506804,1.4385213473624867,-0.09826757092373933,0.050216555654598524,-0.6425039369201717,0.758294450121466
7555740148994,-1.3065008713463806,2.2658291332922915,1.4404337962386504,-0.10350338340335627,0.05936022649092787,-0.6390849385163112,0.7598248840993604
7555773438994,-1.299431831618267,2.265426459298956,1.442301164955163,-0.10872612087750272,0.06849576644535624,-0.6355854031817829,0.7612608986939001
7555806726794,-1.2923471948678023,2.2651930885466234,1.4441218743061421,-0.11393494967627411,0.07762173738532822,-0.632005894765789,0.762602283047227
7555840017294,-1.2852495572400588,2.2651288727016783,1.445894689917931,-0.11912997471068976,0.08673834631458571,-0.6283463309437015,0.7638490667622955
7555873304894,-1.2781437576171009,2.265233619027191,1.4476178358548557,-0.12430966255498309,0.09584292465464345,-0.6246077845224123,0.7650008869949856
7555906628894,-1.2710250497265954,2.2655074186883697,1.4492918152397198,-0.12947944698071193,0.10494506904365025,-0.6207861891795192,0.7660588179878636
7555939883994,-1.2639195829061236,2.265948788919348,1.4509099857071739,-0.1346223595918597,0.11401490496320402,-0.6168942120733057,0.7670195257323028
7555973173094,-1.2568090234120526,2.2665583755422847,1.452476034129119,-0.13975368603059946,0.12307938859365027,-0.6129204196898569,0.7678860139835103
7556006467694,-1.249703112849932,2.2673354157938532,1.4539871469604853,-0.1448683513872782,0.13212960512101551,-0.6088685716353647,0.7686572647751451
7556039753894,-1.2426084641052788,2.2682789405662858,1.4554413507662673,-0.14996357309677927,0.14116065209372328,-0.6047408755581274,0.7693328736468443
7556073041694,-1.2355265846396057,2.2693884755814917,1.456837777453577,-0.15504024048640366,0.15017412380019557,-0.6005366303203821,0.7699129898983408
7556106337494,-1.2284597548510263,2.2706635163693605,1.4581753761110392,-0.16009867620438317,0.15917062323552283,-0.5962555199582401,0.7703976125973834
7556139621294,-1.2214158424541692,2.272102394963066,1.4594520891977967,-0.1651352028728505,0.16814363051175593,-0.5919006644988272,0.7707864085830235
7556172909494,-1.2143949851753846,2.273704809822555,1.4606673311359606,-0.17015166938101212,0.17709645730144352,-0.5874704880537231,0.7710795548346833
7556206205894,-1.2074,2.27547,1.46182,0.175148,-0.186029,0.582965,-0.771277
7556239493994,-1.2145056023673932,2.275192374173641,1.4574086069496666,-0.16985589014155444,0.1753179368988459,-0.5932366767873319,0.7671263539340019
7556272778394,-1.2215814223903152,2.2751480134979754,1.4529701791738898,-0.16452357460045028,0.16456179581224348,-0.6033513376742391,0.7627703272194363
7556306072994,-1.2286248866396285,2.275336768071944,1.4485082266891887,-0.15915019735590952,0.15375898748947056,-0.6133105029555674,0.7582081610034126
7556339356194,-1.2356259497246982,2.275758056954716,1.4440310415463287,-0.15374063880098413,0.14291945016629504,-0.6231051083924711,0.7534440063073274
7556372646894,-1.2425831617104313,2.276411386408577,1.439541501701963,-0.14829323564566604,0.13203997466142545,-0.6327381742656009,0.748476428606929
7556405936894,-1.2494894136720793,2.277295729369204,1.435046142158126,-0.14281072893484784,0.12112617816822513,-0.6422047506640283,0.7433078789357813
7556439229194,-1.25634,2.27841,1.43055,0.137294,-0.11018,0.651503,-0.737939
7556472514794,-1.2544178404276591,2.2765744765344977,1.4303240645157795,-0.1404963978171301,0.11223034618130558,-0.6496489147290825,0.7386618977500874
7556505805494,-1.252478452306177,2.2747482440296416,1.4301079308885267,-0.14369695713607725,0.11427857401027793,-0.6477824926268996,0.7393709720283118
7556539092594,-1.2505224314011474,2.272931944357847,1.4299016535517814,-0.14689482333673634,0.11632414201511278,-0.6459044488653922,0.7400662455464451
7556572382894,-1.2485494695981783,2.2711253694943028,1.4297051866411987,-0.1500905904668094,0.11836742932532046,-0.6440144334763385,0.740747849002878
7556605671394,-1.2465599546995703,2.2693289540559696,1.429518556370609,-0.15328371902305107,0.12040809036736982,-0.6421127630124408,0.7414156680520548
7556638961994,-1.2445537471853996,2.267542649390951,1.4293417360906115,-0.15647452394145964,0.12244632533411905,-0.6401992486609851,0.7420697694849016
7556672251794,-1.2425311157741579,2.2657667728329227,1.4291747364627356,-0.15966266796527762,0.12448191815565676,-0.638274090302728,0.7427100848640221
7556705539894,-1.2404922133503957,2.2640015314200896,1.429017554513092,-0.1628480062799905,0.1265147752622314,-0.6363373757246551,0.7433365877897028
7556738833694,-1.2384366810866054,2.2622466941566093,1.4288701503939196,-0.16603118711492665,0.12854530976930537,-0.6343887067795574,0.7439494048334756
7556772119094,-1.2363654902940275,2.2605031617185407,1.4287325777594961,-0.16921080400491445,0.13057262355931323,-0.632428944820456,0.7445482681049853
7556805407794,-1.2342780165432408,2.258770476453595,1.4286047777253206,-0.1723879161631974,0.13259739146379804,-0.6304574385485785,0.7451333815610949
7556838703594,-1.2321741150144954,2.2570486031147894,1.4284867315893583,-0.17556282598354833,0.1346198050115731,-0.6284739927557714,0.7457047959219084
7556871987994,-1.2300550603327456,2.2553386522958334,1.4283784932538517,-0.1787337111128106,0.13663870285545474,-0.626479746972398,0.7462621871884045
7556905276094,-1.22792,2.25364,1.42828,0.181902,-0.138655,0.624474,-0.746806
7556938571694,-1.2216071462117075,2.248200883784203,1.4274167010396621,-0.1797672795312318,0.14119658126773799,-0.6281166581211323,0.7437853954192591
7556971859494,-1.2153010460547882,2.242769256761537,1.4264535024840144,-0.17762626897582864,0.14373261292041822,-0.6317375979946617,0.7407411503573507
7557005145094,-1.2090015190325492,2.2373449497397053,1.4253903874594231,-0.17547863587592846,0.14626339823842574,-0.6353371558136587,0.7376726680103322
7557038441194,-1.2027070461748437,2.231926642024133,1.424227026434757,-0.17332363095704498,0.14878981194772106,-0.6389165790919673,0.7345788696755753
7557071723094,-1.196423176906018,2.2265190967793527,1.4229644257102307,-0.17116292668298455,0.15130989199407296,-0.6424730988051613,0.7314621565233232
7557105013294,-1.1901465410910226,2.2211194001025625,1.4216018983522087,-0.16899513744132022,0.15382525481119622,-0.646009008647595,0.7283205305698937
7557138301294,-1.18388,2.21573,1.42014,0.166821,-0.156335,0.649523,-0.725155
7557171590694,-1.192324639140625,2.2221715689944577,1.4274906636142684,-0.16567561540686895,0.14804012445595913,-0.6360731452314963,0.7389497045983111
7557204881294,-1.2008061367957523,2.2289506325444877,1.4344331826980592,-0.1644567297838883,0.1396796672093822,-0.622342037601181,0.752418741680107
7557238204394,-1.2093202313947529,2.236059933767371,1.4409612964291085,-0.1631636442496506,0.13124938832618108,-0.6083224803465159,0.7655684052808343
7557271458694,-1.2178287030720758,2.2434626619816775,1.4470444567003868,-0.16180097997170081,0.12277873492980836,-0.5940637120851264,0.7783534744014915
7557304749594,-1.2263461760984382,2.251166609284587,1.452691934852098,-0.16036512601010583,0.1142446897464712,-0.5795272222619918,0.79080931701757
7557338039194,-1.2348506258559548,2.2591477278921395,1.4578867404990865,-0.15885823837855484,0.10566065311606182,-0.5647355530609759,0.8029157126319446
7557371328494,-1.24333,2.26739,1.46262,0.157281,-0.0970302,0.549695,-0.814668
7557404617594,-1.2454727247310295,2.265101845397538,1.4642704304738,-0.15574678114901033,0.09412676491606688,-0.551448697439864,0.8141175752801527
7557437906194,-1.2476422038730475,2.2628198944069045,1.4659036472881612,-0.1542125631587915,0.0912204241517245,-0.5531939783420958,0.8135562315584709
7557471200294,-1.2498387868109768,2.2605439557965754,1.4675198797087783,-0.15267804082097483,0.08831066350098388,-0.5549309394893915,0.8129835760705786
7557504484994,-1.2520614363861209,2.2582752654227427,1.4691183467899909,-0.15114392854237413,0.08539883111270198,-0.5566587862425446,0.8123998696506167
7557537773794,-1.2543109966374935,2.256013119920891,1.470699640891087,-0.14960963181067027,0.08248379192524417,-0.5583782026011936,0.8118048811130475
7557571083794,-1.2565886003678413,2.253756583335477,1.472264495234068,-0.14807439001758846,0.07956409075869876,-0.5600900434111195,0.8111982949651652
7557604353994,-1.25889,2.25151,1.47381,0.146541,-0.0766451,0.561791,-0.810581
7557637642194,-1.2520170064709564,2.238181816196644,1.46285040404511,-0.14225354635668608,0.07274437279973521,-0.5744390639201996,0.8028025576799094
7557670938094,-1.2453234195772254,2.225129638459293,1.451471553816597,-0.13792949082009043,0.06882844750043442,-0.5869447220444567,0.7948169560602908
7557704222494,-1.238811326319074,2.2123752972543635,1.4396890698364726,-0.13357240677969368,0.06490061657861107,-0.5992977645838408,0.7866311152500945
7557737512494,-1.2324754172263388,2.199926219653418,1.4275064168589007,-0.12918110560300722,0.06095987744746633,-0.611501428937949,0.7782429811463905
7557770807194,-1.2263138568916774,2.1877966374105893,1.4149335634185287,-0.12475673924527314,0.05700734538209761,-0.6235522037067363,0.7696548368183275
7557804089194,-1.220327544086797,2.176006195065457,1.4019874404484378,-0.12030268855692701,0.05304610552418332,-0.6354407763617955,0.7608734412183218
7557837380894,-1.21451,2.16456,1.38867,0.115817,-0.0490745,0.647172,-0.751895
7557870668194,-1.2277548266569536,2.165369154650955,1.4003215391262158,-0.11294660827357512,0.053529696268341115,-0.6446754040893585,0.7541692506719807
7557903957394,-1.2408951738746767,2.16624603173823,1.4121027389463092,-0.110073455717278,0.057984716442135424,-0.642153338517978,0.7564130464473738
7557937247694,-1.253929563519909,2.167191609109614,1.4240117816952198,-0.10719775811718672,0.06243928257566847,-0.6396060879956237,0.7586264092720604
7557970537894,-1.2668563899184044,2.1682068353836694,1.436046673183194,-0.10431974171603212,0.06689305239006292,-0.63703383351351,0.7608091784339369
7558003825394,-1.2796735436538245,2.1692925918559185,1.4482048690278972,-0.10143975408247169,0.07134549665319397,-0.6344368703665857,0.7629611090471446
7558037115994,-1.2923821600431837,2.170450028414554,1.4604868826720332,-0.09855741595014528,0.07579720944235147,-0.6318148378388373,0.7650824984854028
7558070406694,-1.30498,2.17168,1.47289,0.0956731,-0.0802476,0.629168,-0.767173
7558103702594,-1.3025264172978825,2.17079222255908,1.4725868969041194,-0.0969467673480502,0.0786885905713744,-0.6271179803701233,0.7688513957268669
7558136983594,-1.300074451873019,2.169905373034674,1.472301094065413,-0.09821877939982762,0.07712939812007058,-0.625061877380662,0.770520458368372
7558170272294,-1.2976225183134042,2.169018930592447,1.472032386432685,-0.09948999569538221,0.075568989404757,-0.6229983816040571,0.7721813809692658
7558203566994,-1.2951708219971791,2.1681330223830133,1.47178079226063,-0.10076033652545388,0.07400746090086212,-0.62092761697123,0.7738340550768713
7558236850894,-1.292720679876522,2.16724817660459,1.4715464280496096,-0.10202914704770284,0.07244561783031489,-0.6188506528354726,0.7754776302995539
7558270140494,-1.2902709567244501,2.1663640360422813,1.4713291658270937,-0.10329704237445864,0.0708827035965179,-0.6167664840827364,0.7771129052330539
7558303436594,-1.287821674103089,2.1654806612041506,1.4711290017613492,-0.10456403847214553,0.06931869740425069,-0.6146750799141538,0.7787398963589206
7558336722794,-1.2853741178299098,2.164598568332676,1.4709460224224846,-0.1058294973265659,0.0677543871254241,-0.6125774946515694,0.780357785613286
7558370008894,-1.2829276467016653,2.1637175786983858,1.470780156522877,-0.10709377815167298,0.06618932977579166,-0.6104731369790417,0.7819670353231011
7558403305094,-1.2804815909046783,2.1628375040704184,1.4706313502035921,-0.10835725369145939,0.0646230628635007,-0.6083613823684267,0.783568116861171
7558436589194,-1.278037661052643,2.1619590123364363,1.470499689844675,-0.10961906767923785,0.06305664799002406,-0.6062436626734466,0.7851599458796158
7558469876594,-1.2755948051884265,2.161081777510144,1.4703850956776439,-0.11087979049971129,0.06148937803908772,-0.6041190242789807,0.7867432446175301
7558503172394,-1.273152729229695,2.1602057472275087,1.4702875461013412,-0.11213960061904878,0.059921029973312195,-0.6019871615234544,0.7883182336473463
7558536455694,-1.2707130453919129,2.159331551879046,1.4702070856151117,-0.11339769361110771,0.05835260562981881,-0.5998494374839011,0.7898839084638576
7558569765894,-1.268272945872287,2.1584582388311913,1.4701436156034124,-0.11465554406121989,0.05678226542590893,-0.5977033409273353,0.7914420994573318
7558603034394,-1.2658375340497428,2.157587686308314,1.4700972403051291,-0.11591054836551655,0.05521326100805079,-0.595553319727166,0.7929895862799298
7558636323694,-1.2634023122014346,2.1567183379551325,1.4700678406666552,-0.11716505152490957,0.05364266288100527,-0.5933953648121129,0.7945292672014668
7558669614194,-1.2609687951463633,2.155850788243939,1.4700554341876166,-0.11841829978290398,0.0520714124982453,-0.5912307639147784,0.7960602100832019
7558702903294,-1.2585372517128033,2.15498518552515,1.4700600043225849,-0.11967018146762896,0.05049964996655937,-0.5890597102757504,0.7975822783579188
7558736191794,-1.2561077024223966,2.154121589390056,1.4700815314033435,-0.12092071278648885,0.0489273550995295,-0.5868821762517125,0.7990954926291514
7558769482794,-1.25368,2.15326,1.47012,0.12217,-0.0473544,0.584698,-0.8006
7558802773094,-1.2533872431718824,2.1540048023202893,1.4672863529586897,-0.1231654157000313,0.04796633647606675,-0.586271889768916,0.799258895607229
7558836060194,-1.2530978155693822,2.1547617695266035,1.4644563112695699,-0.12415976154251884,0.0485782417457873,-0.5878423915636256,0.7979134230750539
7558869350494,-1.252811695186311,2.155531025410885,1.4616293807506495,-0.12515321889848766,0.04919022781073112,-0.5894097815842059,0.7965633073774705
7558902638694,-1.2525289617439066,2.1563124260401785,1.4588060613220295,-0.1261456233156352,0.049802193359779874,-0.5909738016514025,0.7952087707115371
7558935931894,-1.252249589053626,2.157106117271854,1.4559858013210458,-0.12713718023256565,0.05041426467192211,-0.5925347765367227,0.7938495310288202
7558969217894,-1.251973712633172,2.1579117844299205,1.4531696833569132,-0.1281275200736876,0.05102621351032296,-0.5940921259930566,0.7924860944947968
7559002506894,-1.251701280957723,2.1587296490887145,1.4503568935589557,-0.12911694055713901,0.05163822317871393,-0.5956463196269982,0.7911180515466207
7559035803194,-1.2514322938264826,2.159559799520951,1.4475471197258793,-0.1301055627173594,0.05225036855989608,-0.5971975482106826,0.7897452310375187
7559069087194,-1.2511669422107752,2.160401720678119,1.4447420646614197,-0.13109279868326937,0.05286228546272613,-0.598744890940585,0.7883684496994995
7559102374794,-1.2509051311717971,2.16125578630381,1.4419404362812067,-0.13207911426772545,0.0534742619628675,-0.6002890799948013,0.7869870591825351
7559135671494,-1.250646852802543,2.1621221203711625,1.4391418231083963,-0.13306466588356555,0.054086394956269594,-0.6018303603019344,0.7856008362984178
7559168955994,-1.25039230477206,2.1630001427295404,1.4363480642520623,-0.1340488168146827,0.05469828903805576,-0.6033677380222864,0.7842106761583667
7559202243194,-1.2501414045432049,2.1638902166128626,1.433557956495304,-0.13503200223930956,0.05531021374260917,-0.6049018945539566,0.7828159659792485
7559235539194,-1.2498941410679119,2.164792486498565,1.4307710398421465,-0.13601439547624386,0.05592227723271051,-0.6064331008745593,0.7814164557366364
7559268831494,-1.2496506408977137,2.1657065911305136,1.4279884102913911,-0.13699562143311977,0.0565342456869185,-0.6079607733027548,0.7800126773956182
7559302111994,-1.2494109932527353,2.1666322745571125,1.4252107911021985,-0.13797543600027135,0.05714596593158077,-0.6094845341787049,0.7786049834384886
7559335401194,-1.2491750825729704,2.1675700794455643,1.4224365194956985,-0.1389544367788964,0.05775781085032504,-0.6110053143603834,0.7771925151522028
7559368690094,-1.2489430067432112,2.16851973087964,1.4196663960641667,-0.13993235259313894,0.05836961077055942,-0.6125226931778366,0.7757756605993854
7559401980294,-1.2487147871620288,2.1694812486749626,1.416900336293103,-0.1409092243440189,0.058981391007781235,-0.6140367353506804,0.7743543592241428
7559435285794,-1.248490363142906,2.170455019615422,1.4141372287092657,-0.1418854558604643,0.059593404719577935,-0.6155480667236508,0.7729280180469413
7559468571894,-1.24827,2.17144,1.41138,0.14286,-0.060205,0.617055,-0.771498
7559501848694,-1.270486692349284,2.1730813900428028,1.4160952968627445,-0.12329059863959678,0.04465598305498857,-0.6217443853863486,0.7721652612653811
7559535138094,-1.2925800281238913,2.1757783441072687,1.4208640243913846,-0.10363248027708927,0.029074286425713386,-0.6260339781483406,0.7723318283640894
7559568426794,-1.3144882801484583,2.1795218984494134,1.4256932602003478,-0.08390618203739529,0.013476243365935057,-0.6299191282604601,0.7719974322057241
7559601716994,-1.3361605294101448,2.1843011713091514,1.43059212801675,-0.06412314788987428,-0.002129054108333716,-0.633397512409945,0.7711622918077561
7559635006094,-1.3575433360746347,2.1901019560721076,1.435568869696653,-0.04429770870857884,-0.01773026132329203,-0.6364665490571431,0.7698270473085946
7559668298994,-1.3785888084748128,2.196908726749235,1.4406326514320575,-0.024439759436077176,-0.03331954979803058,-0.6391246016516189,0.7679923497819642
7559701584794,-1.39924,2.2047,1.44579,0.00456864,0.0488817,0.641369,-0.76566
7559734873294,-1.3914546950713256,2.208923255387943,1.4411198558700442,-0.027192092007281125,-0.03801620294412914,-0.6466079232827857,0.7613892250313905
7559768169894,-1.3837717596576673,2.213428704897728,1.4365453920446023,-0.04980269553441578,-0.027122104763759664,-0.6514106700256009,0.7566030808339917
7559801452194,-1.376211231225207,2.2182066549297748,1.4320713326201506,-0.07236996899270265,-0.01621409358137621,-0.6557709816449337,0.7513082658867597
7559834741194,-1.3687828753477165,2.223252699822499,1.4276962278750813,-0.09489290787166145,-0.005292651961093213,-0.6596888194427887,0.7455051880255824
7559868037594,-1.3615008428223347,2.228559064618508,1.4234211869631208,-0.11735672595105365,0.005635087244706615,-0.6631613416511521,0.7391973211566975
7559901351294,-1.3543769715716387,2.2341188535196643,1.4192459161595334,-0.13975282721022608,0.016564996358804124,-0.6661867408916742,0.732386492531444
7559934609094,-1.34744,2.23991,1.41518,0.162017,-0.0274657,0.668757,-0.725093
7559967906994,-1.3170602028488432,2.243576424871983,1.4120520999290733,-0.18121309468762206,0.041954882557236124,-0.6667627342528035,0.7216848746891324
7560001190594,-1.2869711869223377,2.248877974269652,1.4090943013837478,-0.20029355004141544,0.0564129476751617,-0.6643696315194265,0.717853094902535
7560034478794,-1.2572353205609679,2.255801817807835,1.4062999886778087,-0.21925787720973144,0.07083962932285326,-0.6615780482204388,0.7135980775700829
7560067767994,-1.2279346364733303,2.264328662282151,1.4036642262764962,-0.2380926670168666,0.08522488658682052,-0.6583898501366893,0.7089227079562674
7560101056094,-1.1991486720065496,2.274435225395884,1.4011814961572848,-0.25678548073094987,0.09955936491462737,-0.6548071419581766,0.7038300622907033
7560134347794,-1.170949905348577,2.286096640983949,1.3988453896978386,-0.27532777236121425,0.1138366631774454,-0.6508315118199877,0.6983224005467287
7560167635294,-1.14342,2.29928,1.39665,0.293704,-0.128045,0.646466,-0.692404
7560200924794,-1.1605144991443737,2.2995034891159793,1.397922439634083,-0.25132455135194676,0.09474516134255709,-0.6661146681737221,0.6958092936528857
7560234214994,-1.1774156595134149,2.301217072968924,1.3995153919223222,-0.20810685718350475,0.06114474576504442,-0.6835713445228747,0.6969096591422175
7560267504294,-1.1939558979602118,2.3043793887728867,1.401470775442096,0.16419537678695045,-0.02735675001181778,0.6987772823248183,-0.6957023761475332
7560300792794,-1.2099733029402924,2.3089299097065488,1.4038257800279066,0.11973459332354189,0.006507017161899719,0.7116819081440058,-0.6921922764014401
7560334083494,-1.2253141904476865,2.3147903404287846,1.40661257016897,0.07486688488687934,0.040337498538311624,0.7222430213917274,-0.6863911813317211
7560367372394,-1.2398305707865742,2.3218638923743646,1.4098570237298087,0.02974540953537735,0.07401868426965087,0.7304238170684662,-0.6783196093654483
7560400666294,-1.25339,2.33004,1.41358,-0.0154904,0.107446,0.736198,-0.668003
7560433951294,-1.2656921832816892,2.34012410387219,1.4047940147632627,-0.022402630622467466,0.10828742457226141,0.7386603488414609,-0.6649457458094694
7560467239594,-1.2779843939065518,2.350478593470055,1.3962389399802035,-0.02931323509856974,0.10912748554734773,0.741075574681243,-0.6618450866759041
7560500537794,-1.2902642082639681,2.3611036318929073,1.3879152989863457,-0.036223117766002164,0.10996628424917385,0.7434439595381082,-0.6587005245891643
7560533818494,-1.3025166802678934,2.371988268894361,1.3798318831912162,-0.043126130399456224,0.11080307143506063,0.7457634417185701,-0.6555148398269858
7560567107794,-1.3147465854397828,2.3831387516320444,1.3719842227719958,-0.050027225003204445,0.11163844450698199,0.7480357331805841,-0.6522857321385516
7560600407594,-1.326949761735136,2.3945536930521003,1.3643739804777801,-0.05692632926368255,0.11247238993563041,0.7502607993918354,-0.6490131642999659
7560633686794,-1.33911,2.40622,1.35701,-0.0638165,0.113304,0.752436,-0.6457
7560666975594,-1.3223923578714423,2.396456691060089,1.3625450173337017,-0.03289690821917119,0.09966207925497805,0.7516845144424888,-0.6511187711436016
7560700273094,-1.3053117787849473,2.3878504010208497,1.368691600218111,-0.0019275933516814919,0.0859073207718209,0.7500487203337423,-0.6557767407795079
7560733555994,-1.2879688636372104,2.3804345263729205,1.375437660565799,0.02903336347878241,0.07206549111802157,0.7475322028083743,-0.6596660022765208
7560766861794,-1.2704338789233194,2.3742232944567188,1.3827805553718149,0.059984443199281735,0.05813711912817347,0.7441345768914727,-0.6627862954437861
7560800134494,-1.2528270169864966,2.3692430364714796,1.3906944256398952,0.09083729845816271,0.04416187740528788,0.7398657681070554,-0.6651292798969385
7560833422494,-1.2352138056486774,2.3654962310177052,1.3991743481849674,0.12160060952475019,0.030135770784563715,0.7347251068689494,-0.6666964409825812
7560866716994,-1.21769,2.36299,1.4082,0.15223,0.0160788,0.728719,-0.667485
7560900002094,-1.2194086549604448,2.35466135103728,1.4039132403859427,0.14009881369943367,0.017218915863329992,0.7308375863848343,-0.6677965660765957
7560933290994,-1.2213269129981619,2.346326463723475,1.3995884911008734,0.12794493217745148,0.018358815822055518,0.7328439944754667,-0.6680065328819484
7560966581294,-1.2234453798821021,2.337989604437299,1.3952294191633192,0.1157710836065715,0.01949825224283197,0.7347377268894525,-0.6681147708630273
7560999870694,-1.225764489411619,2.3296550190068825,1.390839708835573,0.10357997644563363,0.02063698146677534,0.7365183798923034,-0.6681212311820951
7561033158794,-1.2282846460279684,2.3213264776222617,1.3864228171069697,0.09137362936362972,0.021774824831199448,0.7381856904954683,-0.6680259001028457
7561066449894,-1.2310065200949887,2.3130065742763573,1.381981588879981,0.0791523375600548,0.02291176394086463,0.7397396300510656,-0.6678287492043227
7561099739894,-1.23393,2.3047,1.37752,0.0669195,0.0240475,0.74118,-0.66753
7561133030994,-1.2660266194807097,2.299291404858697,1.3746272355796536,0.04328492849388149,0.03412266406097571,0.7410106341741202,-0.6692273894600622
7561166317494,-1.2984020571103618,2.2954629118049916,1.3724651303043736,0.01962270334829705,0.04416872033902419,0.7403514708581209,-0.6704802556788193
7561199606294,-1.33097313625453,2.2932245815095222,1.3710385614150695,-0.004056415665604008,0.05418105276885484,0.7392025488632662,-0.671287979012627
7561232951894,-1.3637030424586098,2.292583811362188,1.3703506298820083,-0.027775493832754326,0.06416927248699096,0.737561353819606,-0.6716502629811344
7561266185194,-1.3963350419188214,2.293542424466456,1.3704044921295704,-0.051398580624671036,0.07407620345435276,0.7354384229875702,-0.6715662498853813
7561299474394,-1.428943652471972,2.296099543491042,1.3711981057081686,-0.07502960501171894,0.0839455096985149,0.7328255670127283,-0.6710368083091384
7561332770294,-1.46139,2.30025,1.37273,-0.0986179,0.0937559,0.729727,-0.670062
7561366057294,-1.4603248041787436,2.2888214955782855,1.3762747694766237,-0.07498624813605874,0.08237076075392474,0.7310505311333844,-0.6731695486969785
7561399342294,-1.4587786400997271,2.277414205419698,1.3798749574051872,-0.051303075048605117,0.07092893224981588,0.73186737076309,-0.6758011783600114
7561432638894,-1.4567534074344441,2.2660472731576196,1.3835406864586615,-0.027575168503830245,0.05943387219019991,0.7321769605900641,-0.6779558417032484
7561465923294,-1.4542546334835633,2.2547524812920363,1.387277783118574,-0.0038360082949525664,0.047901998086682836,0.731978858663263,-0.6796305129183736
7561499210494,-1.4512867763661557,2.243548175010453,1.3910961496119691,0.019908563169463347,0.03633635785677632,0.7312733084903607,-0.6808249896264046
7561532500894,-1.4478563596947582,2.232457452038595,1.395003882239327,0.04364229488279543,0.024745054923996923,0.7300606339619367,-0.6815383357473496
7561565804394,-1.44397,2.2215,1.39901,0.0673557,0.0131329,0.728341,-0.68177
7561599079194,-1.434089846554263,2.2076359269986003,1.3952802891685052,0.04655311560670601,0.03244346676431755,0.726410942367057,-0.6849141345460945
7561632368494,-1.4250171195648837,2.193110505379056,1.3915688600641798,0.025702962190351314,0.051737839507986064,0.7238932638948083,-0.6874889789555965
7561665657394,-1.4167923169365968,2.1779773228574775,1.3878823632950366,0.004831376035507872,0.0709912652081037,0.7207907438611781,-0.6894908278097728
7561698948094,-1.4094481029099966,2.16228484481989,1.3842254147920656,-0.016046166296027887,0.09018894162750038,0.7171057137574411,-0.6909181359985731
7561732238194,-1.4030153249624957,2.146085504632458,1.3806030052939828,-0.03691129745730219,0.1093134550088884,0.7128414512397213,-0.6917696076501818
7561765525594,-1.3975215369301175,2.129433384488307,1.3770199374939522,-0.05774585208656501,0.12834764403019183,0.7080018214568928,-0.6920445936877319
7561798816194,-1.39299,2.11238,1.37348,-0.0785367,0.147279,0.70259,-0.691743
7561832105394,-1.4029880045790806,2.123622904492903,1.3873765714184105,0.15069795707114536,-0.19245064812556334,-0.6810700152734959,0.6902148274747466
7561865397694,-1.4102131025631983,2.1365223122980694,1.4014806656679564,0.22172070427522775,-0.2360934076634801,-0.6542465573560795,0.6834188132772326
7561898684294,-1.4144149867279892,2.1505855214096288,1.4156458746671257,0.2910343797384648,-0.2778644662272677,-0.6223310348059302,0.6714122514043535
7561931973694,-1.415439035416577,2.1652907512777477,1.4297300402625124,0.3581179610246973,-0.3174579804450199,-0.5855594333974836,0.6542874800899837
7561965268594,-1.4132254777802284,2.180094081384323,1.4435899231089235,0.4224541284498942,-0.35457660234683075,-0.544208349604002,0.6321749873611784
7561998552794,-1.4078167294378408,2.19443995055291,1.4570805530923088,0.4835117595989164,-0.38892260822131064,-0.4986159259297668,0.6052584089073807
7562031840694,-1.39935,2.2078,1.47008,-0.540843,0.420253,0.449114,-0.573736
7562065137294,-1.4009027629375497,2.211795997841058,1.4659971217926389,0.5407163452439087,-0.4200103093381303,-0.4493417828805276,0.5738546298440982
7562098443694,-1.4024594525651026,2.215793358823615,1.4619180022444642,0.5405897281711475,-0.4197674805936842,-0.4495697285271709,0.5739730544406086
7562131708494,-1.4040176664849802,2.219785914996199,1.4578489291770103,0.5404633124912759,-0.4195248642645372,-0.4497974586244897,0.5740910575246141
7562165005594,-1.405580870015915,2.223782537347249,1.4537808605742664,0.5403368172016304,-0.41928192177992557,-0.45002547897811956,0.574208901285463
7562198305194,-1.407147674586808,2.22777965041245,1.4497174446870171,0.5402103555911314,-0.4190388706332006,-0.4502535855632445,0.5743264797116683
7562231576694,-1.4087166414757886,2.2317735822995903,1.4456624094447263,0.5400840437206366,-0.41879593456296293,-0.45048156867551603,0.5744436849644586
7562264867294,-1.41029,2.23577,1.44161,-0.539958,0.418553,0.45071,-0.574561
7562298170794,-1.424456912599148,2.2321991519889037,1.4407505348212475,0.5031625685171167,-0.39557523173991155,-0.4811665344454681,0.5990212281771917
7562331446094,-1.4380655843867691,2.2270147001329232,1.4395922075958651,0.4646940097883803,-0.3712596243263189,-0.5099616001428239,0.6214217046351438
7562364734894,-1.4509460628487914,2.2202869508130063,1.438135304419115,0.42463595916182234,-0.3456593298713957,-0.5370346149046226,0.6417146969283317
7562398023994,-1.4629153989885049,2.2121143311404987,1.4363857244311224,0.3831396758244454,-0.3188710464502278,-0.5622821511105398,0.659821208424964
7562431314594,-1.4738089372131291,2.2026128360458186,1.4343527793771305,0.34034480081533347,-0.29098515153586824,-0.5856195430438352,0.6756795164489956
7562464602494,-1.48347502266035,2.191918213873602,1.4320498996929962,0.2964024299133569,-0.26210042025305597,-0.6069650270449092,0.6892332153843153
7562497892194,-1.4917813693725355,2.1801798059879216,1.4294935262423483,0.25145619580980016,-0.2323116345803756,-0.6262494064548753,0.700437553920672
7562531181994,-1.4542178750249313,2.15495005184918,1.4299094851647112,0.15305236704427322,-0.15066701867842305,-0.6568406710284506,0.7227964826336635
7562564529494,-1.4112178699541078,2.1404466828151363,1.4306799167069355,0.05176528327188542,-0.0661777975653185,-0.6757806887959761,0.732298651649463
7562597762294,-1.366034159142843,2.137741699559371,1.4319650973684188,-0.050080185305856895,0.019213471808171064,-0.6826678900815037,0.7287574146397934
7562631050494,-1.3216259825982455,2.1469825606653106,1.4338993756089005,-0.15119136017142096,0.10441917408402798,-0.6774489009212368,0.7122505144496097
7562664340094,-1.2811925286325192,2.167531102118279,1.4365654334045028,-0.2496061008374757,0.18778385064295433,-0.6601957740858116,0.6830633643679426
7562697637894,-1.2475736629937035,2.1979411342757214,1.4399975645348733,-0.34359392346076967,0.26783835290833746,-0.6312082769003785,0.6417023793353419
7562730918694,-1.2231534000532678,2.2360339163576115,1.444173251094842,0.4314165864822603,-0.343098114283611,0.5910294775893423,-0.588937661814469
7562764207094,-1.2127346780535704,2.253913009796305,1.4434039049289693,0.45251431315810087,-0.3663678432079712,0.5749678552724876,-0.574819419690695
7562797504794,-1.203681848475256,2.272516499998184,1.4425063196831842,-0.47296420939785755,0.3891151208356159,-0.5580746107284686,0.559863383537459
7562830785594,-1.1960517324216793,2.2917231811594525,1.4414738425312323,-0.4927210233763987,0.4112892703547226,-0.5403876943461536,0.544103178646516
7562864074694,-1.189879994678211,2.3114374840968326,1.440299147218298,-0.5117715767615182,0.4328751467867002,-0.5219195564967887,0.5275499379770769
7562897371594,-1.1852013707961968,2.331546643480607,1.438976392570625,0.5300876790484361,-0.4538406849680862,0.5026965722305489,-0.5102272449177886
7562930654194,-1.1820434777203837,2.351922167373566,1.437501622792999,0.5476310807390175,-0.4741417613319484,0.48275944608708665,-0.4921718264827261
7562963943194,-1.18042,2.37246,1.43587,0.564388,-0.493762,0.462125,-0.473399
7562997233294,-1.2016464056821585,2.3656096490141176,1.4325469995492481,0.5579459725630845,-0.4847578566742393,0.4721827534012433,-0.48036398645574185
7563030523394,-1.2231557417271854,2.359418192675395,1.4292013734171412,0.5513510970590805,-0.475623276289659,0.4821133683380371,-0.4871972566558554
7563063812594,-1.244926173810593,2.3538946510040377,1.425838498748487,0.5446050887767958,-0.4663608040401761,0.49191366277458604,-0.4938965945510351
7563097100994,-1.2669362241589124,2.3490471121241083,1.422463673479836,0.5377097531979498,-0.4569729603748972,0.5015809902226692,-0.5004602332346191
7563130390294,-1.2891652346735167,2.344882755017792,1.4190820468306362,0.5306665925031832,-0.44746183767994036,0.5111131936733367,-0.5068867473846533
7563163681894,-1.311592149166833,2.3414081871488635,1.4156988072880428,0.5234771851847043,-0.4378296240782365,0.5205080405896425,-0.5131746647605864
7563196968794,-1.33419,2.33863,1.41232,0.516145,-0.428081,0.529761,-0.519321
7563230258194,-1.3477363215534022,2.3020648581956378,1.4218348394231461,-0.4799354608502685,0.3772143873401454,-0.5542348129275781,0.5658577838478247
7563263564594,-1.3665543215622822,2.2683088567885075,1.430908686899225,-0.4405103989249833,0.32379738874722724,-0.5750489261638384,0.6086251490016212
7563296838194,-1.3900773683564018,2.2382118980564227,1.4393729479927544,-0.39819154840430376,0.26826887275774974,-0.5920369313170709,0.6472770462833787
7563330127794,-1.4176758970337329,2.212432312486694,1.4471017461736395,-0.3531991786986499,0.210920801130618,-0.6051139065030625,0.6816156658804289
7563363416994,-1.4485705992336828,2.191575932061102,1.4539723795338524,-0.30585140246418513,0.15216393258665226,-0.6141838848516245,0.7113924464169005
7563396710094,-1.4819095094989096,2.1761002476659876,1.4598907490575521,-0.2564553699837151,0.0923837809085533,-0.6191871432628535,0.7364123585665459
7563430024194,-1.51679,2.16632,1.46479,0.205311,-0.0319491,0.620088,-0.756516
7563463285194,-1.5055460464973915,2.1585016715698555,1.4633512284987256,-0.19451142270156996,0.025557336873385555,-0.6166104420816951,0.7624327456808031
7563496573494,-1.4945628886232127,2.1503867091190685,1.4620099017108008,-0.18366636957284804,0.019146133877597473,-0.6130055567901074,0.7681954683476867
7563529881194,-1.4838511650031332,2.1419846482144766,1.4607702762341757,-0.17278059571987475,0.012718332106731275,-0.6092751163931547,0.7738016168988121
7563563153894,-1.4734354127125187,2.133317856320463,1.4596379321487039,-0.16187405775308558,0.006285774873469274,-0.6054261731144176,0.7792409302448262
7563596441594,-1.4633067367767478,2.1243822323305297,1.45861459811591,-0.15093255456421317,-0.00015985365114555672,-0.6014539509003237,0.7845205436226143
7563629738094,-1.453474124404535,2.1151880587483447,1.4577040046003857,-0.13996025755073344,-0.006616018788692774,-0.5973599813919411,0.7896381495553136
7563663023394,-1.44395,2.10575,1.45691,0.128966,0.0130775,0.593148,-0.79459
7563696309994,-1.437949448560219,2.103864869486628,1.4605487748782895,-0.10632949056459665,-0.013636164346819728,-0.600697104755778,0.7922569550317661
7563729600294,-1.4319888603314954,2.1017560535008823,1.4639957153031007,-0.08362865944736007,-0.014184049030957905,-0.6079003076642149,0.7894696169035753
7563762891594,-1.426081993124102,2.0994284157050536,1.4672483725095165,-0.060878304868023515,-0.014720836605586618,-0.6147524367260965,0.7862293370927814
7563796177794,-1.4202430579264211,2.0968876618321683,1.4703045075453904,-0.0380956693172049,-0.015246174847045936,-0.6212483075184637,0.7825386984279129
7563829468394,-1.4144833719661565,2.094138800302434,1.4731637728172704,-0.015287339170496494,-0.015759966492020452,-0.6273859961309279,0.7783988261656489
7563862777094,-1.408813461446777,2.091186697316203,1.4758263741205837,0.007542979986768423,-0.016262171742814427,-0.6331640790795052,0.7738099858405347
7563896080294,-1.40325,2.08804,1.47829,-0.030366,0.0167522,0.638575,-0.768778
7563929335994,-1.448675014764118,2.114869787857272,1.4769281359030917,0.11050666234797182,-0.07097078915225227,-0.6350244669792757,0.7612459201871001
7563962625094,-1.4880305629403667,2.149735838748077,1.4764544364403418,0.1896990138493496,-0.12454909986851583,-0.6255043170426453,0.7464892197664617
7563995915194,-1.5198272010062666,2.191285772816139,1.4767767592661323,0.2671183851739002,-0.17692452039379697,-0.6101021422526018,0.7246522327325701
7564029205894,-1.5429067058175543,2.2379362701722596,1.4777716424689928,0.3420340497373861,-0.22759838566739035,-0.5889607358781066,0.6959431982969302
7564062494894,-1.5564392920952632,2.287908417678485,1.479290256743058,0.41373483223412616,-0.2760857331802016,-0.5622788497918895,0.6606380640012047
7564095783694,-1.559957613631935,2.3393035715477892,1.481163913704117,0.4815482980120357,-0.32192835564611016,-0.530304898964381,0.6190719543373621
7564129073894,-1.55337,2.39017,1.48321,-0.544838,0.364693,0.493336,-0.571638
7564162366594,-1.5603800358469373,2.416144233683133,1.4825462357199273,0.5480497622054363,-0.37933402126477317,-0.4898287197634166,0.5619741842403384
7564195650994,-1.5665709941501713,2.4423958387291895,1.4815304821614073,0.5510677118322602,-0.3938557358465215,-0.48614973173894377,0.5521417160900861
7564228939694,-1.5719317498933527,2.4689059610405413,1.4801717949730906,0.5538917976415901,-0.4082589594684281,-0.4822992382732826,0.5421401509574214
7564262236194,-1.5764498586586655,2.4956484236182273,1.4784796462780676,0.5565210068947306,-0.42254044460694273,-0.4782783271781461,0.531971600095265
7564295519794,-1.5801112393488328,2.5225771496818434,1.4764653725437422,0.5589526155978849,-0.4366866858181223,-0.47409118162655833,0.5216457259955279
7564328808094,-1.5829077754979448,2.5496766363972125,1.4741386352584231,0.5611869173364197,-0.45070059562099574,-0.46973735272157835,0.511160480060274
7564362104694,-1.58483,2.57692,1.47151,-0.563223,0.464579,0.465218,-0.500518
7564395391094,-1.582925388144223,2.5647476316203837,1.4664187989629278,0.5276816843509121,-0.451161517627246,-0.49440518827032026,0.5230380816195451
7564428675894,-1.5796372924230067,2.5523873570846143,1.4614029251839282,0.4906547849118447,-0.4364911919957701,-0.5221863121277707,0.5441091588823165
7564461966694,-1.5749560755371175,2.5399763383109395,1.4565076938666501,0.452238056262512,-0.42060433314561047,-0.548489296477353,0.5636774140027432
7564495256394,-1.5688893754127315,2.5276577914240024,1.4517792215979999,0.4125477565070475,-0.4035473120583492,-0.5732342389961586,0.5816841262867487
7564528544394,-1.5614599027248683,2.515571478526709,1.447260691393064,0.3716967196138263,-0.3853670895354689,-0.5963513518270197,0.5980792757698338
7564561834694,-1.552704385109459,2.5038529388069137,1.4429922645568152,-0.32979525025935547,0.3661110901471056,0.6177784441755143,-0.612819350616271
7564595142994,-1.54267,2.49263,1.43901,-0.286941,0.345822,0.637464,-0.625869
7564628413494,-1.5241066984710057,2.4525901368940137,1.4304243632905227,-0.23184940445522284,0.3075957402246725,0.6609627059590433,-0.6440178689917645
7564661702294,-1.4997336630510445,2.4160515236693287,1.4228052257281452,-0.17548448736686756,0.26768650999982935,0.6809150196330798,-0.6587137945236775
7564694991394,-1.470151674161168,2.38384399195175,1.41624630468226,-0.11817921170523984,0.22632908869101614,0.697200079864531,-0.6698663046981196
7564728281394,-1.4360644329217034,2.356681434564108,1.4108133751380032,-0.0602411783519928,0.18374518560171563,0.7097307296409255,-0.6774149382780942
7564761569694,-1.3982760168669603,2.335171554731483,1.4065482896414192,-0.00198697047284783,0.14016732011285962,0.7184390992955163,-0.6813181598373601
7564794860794,-1.357662066063764,2.3197960987355546,1.4034667713503075,0.056277537549353586,0.09582412812307647,0.7232797235819594,-0.6815548522987991
7564828149794,-1.31517,2.31091,1.40156,0.11423,0.0509608,0.724226,-0.678123
7564861459694,-1.306371157417086,2.30117227749036,1.415581601978538,0.11704731845716715,0.051865953684716755,0.704784761044491,-0.6977738091171245
7564894732994,-1.2977084484741848,2.292100547129664,1.4301065537680036,-0.11977887797361682,-0.052741378897401825,-0.684820670276938,0.7168626206636998
7564928017794,-1.2891712121053072,2.2837086753730587,1.4451181877219257,-0.12242631474658315,-0.053587924415605004,-0.664321045495789,0.7354030733725416
7564961307394,-1.2807628956838462,2.276024508106368,1.460575269610675,-0.12498666397882698,-0.05440495235166964,-0.6433054530324779,0.7533767510918656
7564994602394,-1.272484664340138,2.26907174870902,1.4764383321462309,-0.12745762279177186,-0.05519203093784605,-0.6217895113721543,0.7707698733479429
7565027886694,-1.264341361529341,2.262874867601129,1.4926584359864068,-0.12983577388807052,-0.055948368135430165,-0.5998003535041723,0.7875607835958686
7565061174294,-1.25633,2.25745,1.5092,0.13212,0.0566739,0.577346,-0.803744
7565094471594,-1.2483484990224472,2.2537609182199447,1.4997233666148178,-0.1325605385567382,-0.03900753594360193,-0.5926824319269094,0.7934945813566471
7565127753294,-1.240407660267289,2.2504371130825755,1.489850705640422,-0.13290958205071604,-0.021330746799060035,-0.607630798341278,0.7827291071291776
7565161042294,-1.2325236814247256,2.247487466733211,1.4795884345635084,-0.13316739323990356,-0.00364299007050679,-0.6221916908060653,0.7714471296809166
7565194333194,-1.2247193813128647,2.2449229578418426,1.4689521454847403,-0.13333397307761988,0.014041240711152347,-0.6363531275125388,0.7596575493521003
7565227621494,-1.2170171081890042,2.2427532766427407,1.457958364543117,-0.1334094449627864,0.03170793575418606,-0.6501040067486603,0.7473695921124084
7565260910194,-1.2094371784152635,2.24098653135404,1.4466221625074882,-0.13339403017078486,0.04934708513880914,-0.663436671473324,0.7345901448069501
7565294200594,-1.202,2.23963,1.43496,0.133288,-0.0669478,0.676343,-0.721327
7565327490594,-1.1915074990036383,2.220070421804627,1.4318608070602823,-0.1341742431281606,0.07117967593810538,-0.6705868900801585,0.7261156581887993
7565360780494,-1.1808933506443726,2.2005065318084727,1.4290389755465303,-0.1350555765010219,0.0754057941573359,-0.664780574172884,0.7308493317133491
7565394068594,-1.170156969731456,2.1809446655645024,1.4264944191252147,-0.13593187512190313,0.07962557623802237,-0.658924709317303,0.7355273756874819
7565427357594,-1.1592963947866064,2.1613885766595184,1.4242266285304201,-0.13680314277446962,0.08383900837578824,-0.6530192478645961,0.7401498380192687
7565460648794,-1.1483101307780295,2.141842846060954,1.4222351779796674,-0.13766934507584483,0.08804589866390553,-0.6470643814913908,0.7447165617602561
7565493936494,-1.137199055416815,2.1223161632264573,1.4205199317582462,-0.13853026653615644,0.09224517221374819,-0.6410615654143067,0.7492264429431439
7565527227294,-1.12596,2.10281,1.41908,0.139386,-0.0964373,0.63501,-0.75368
7565560521194,-1.1012017495231767,2.0860864323611903,1.4239455992116672,-0.168710682028796,0.10120623120057587,-0.6303390166258691,0.7509771825126821
7565593806194,-1.0757205127229559,2.0706023660889983,1.4295483080010187,-0.19787144852842845,0.10589100568290921,-0.6250861311365857,0.7475970260999029
7565627098994,-1.0495912817334243,2.056385756732677,1.4359131384210588,-0.22685631458776445,0.1104900369033353,-0.6192537884020087,0.7435407923083421
7565660384294,-1.0229161516311374,2.043474371435799,1.4430565659764325,-0.2556255011382461,0.11499733325656508,-0.6128501992793192,0.7388138126449709
7565693674694,-0.9957772508227624,2.0318897304639254,1.4509976937694997,-0.28416365288190776,0.11941080622639745,-0.6058790707155021,0.7334184545033565
7565726969494,-0.9682688662839677,2.0216544307781263,1.4597502133123026,-0.31244401025367,0.12372659306592791,-0.5983469019201069,0.727359234207907
7565760252194,-0.9405,2.01279,1.46932,0.340427,-0.127939,0.590265,-0.720645
7565793541094,-0.9457114268220331,2.001962303203678,1.4665389158450608,-0.3234900279404705,0.1115648808562889,-0.5989171598524372,0.7240205209915572
7565826837994,-0.9514486090526342,1.9911197227677937,1.4635849634807372,-0.30634529575270997,0.09512015320017758,-0.6072128284242504,0.7269094147294981
7565860119694,-0.9577071626774463,1.980297966331783,1.460459573740597,-0.2890150673442749,0.07862749793233623,-0.6151407923360901,0.7293077628964414
7565893409094,-0.9644896639250519,1.9695176956297638,1.4571604456892517,-0.2714980153406638,0.062086878838744454,-0.6227015660708494,0.7312159781863737
7565926720694,-0.9717968827478596,1.9588023116119926,1.4536861797374183,-0.2537969242227656,0.04550236290601543,-0.6298930950609202,0.732633158558639
7565959987694,-0.9796094363214156,1.9482010330868036,1.4500446691952402,-0.23595821485112442,0.02891856708311618,-0.6366967163320739,0.733556220568052
7565993276994,-0.987937,1.93772,1.44623,0.217957,-0.0123135,0.643122,-0.733987
7566026567594,-1.016884693649569,1.9349490962028946,1.4422382455744556,-0.17106624534409065,-0.006582196830567924,-0.6484097139665722,0.7417936756420529
7566059857594,-1.0460753929989866,1.9351018338754247,1.4392951084100336,-0.12371897111351945,-0.02544641197096816,-0.6519703737663507,0.7476501374542648
7566093144894,-1.0751876363968924,1.9381801619628936,1.4374187849907916,-0.07604380037704037,-0.044228878773081085,-0.6537941099102701,0.7515413551850163
7566126435194,-1.1039076086981212,1.9441562091103588,1.4366156488207877,-0.028159000903829712,-0.06288397415484369,-0.6538758378671949,0.7534580712395781
7566159723794,-1.1319166290506881,1.9529703401125478,1.4368809862638559,0.01980169451748832,-0.08136059297330378,-0.6522147119267628,0.7533951926788215
7566193045494,-1.1589353235129545,1.9645467587624408,1.4382001366549402,0.06776110341414764,-0.09962974734996631,-0.6488104493997766,0.7513503490760746
7566226302794,-1.18459,1.97873,1.44054,-0.115452,0.117591,0.643684,-0.747338
7566259593194,-1.1570985635201518,1.975302678622757,1.4428198654939957,0.07472773590084357,-0.08368785983768344,-0.6503656359991763,0.7512899886956493
7566292882294,-1.1293320938629965,1.973630835722829,1.4451151338204893,0.03380385155815176,-0.04953378756924697,-0.6552177835916692,0.7530560135701062
7566326171794,-1.1014778044448867,1.9737329824594336,1.4474308165822445,-0.0072060456820810794,-0.015227157952604646,-0.6582275210084239,0.7526305449245463
7566359465794,-1.0737218124190526,1.9756079563969415,1.4497722531015398,-0.0481911004786219,0.019135686113779814,-0.6593867297839241,0.7500137224987797
7566392750694,-1.0462636714815217,1.979232845963792,1.4521436364759008,-0.08901881519028293,0.053439961153775875,-0.6586924291374977,0.7452141335823844
7566426041494,-1.019275828311102,1.9845672833903267,1.454551240211862,-0.12959227637952833,0.08760050598292861,-0.65614687823592,0.7382433659949569
7566459334294,-0.992941,1.99155,1.457,0.169792,-0.121513,0.651757,-0.729121
7566492618494,-0.9682589218402698,1.9967130590014823,1.4482085608693505,-0.20732589864285839,0.14690549130706781,-0.6473243496563221,0.7186138982219729
7566525907394,-0.9438756588566197,2.0041618611922236,1.4397015286220858,-0.24440285610116805,0.1719923103014688,-0.6414888116447571,0.7065252958396835
7566559203294,-0.9200032926379476,2.013858501767279,1.431490167451426,-0.28094459137696276,0.19671961625016882,-0.6342627079665294,0.6928797489040814
7566592486694,-0.8968647032537551,2.0257374835865005,1.4235884434620152,-0.3168504262323647,0.22101836687066814,-0.6256668699390382,0.6777150262188957
7566625775594,-0.874649882715897,2.0397261339278554,1.4159986832455085,-0.3520619354087985,0.24484807581770435,-0.6157163099996846,0.661056154199438
7566659065894,-0.8535565326002986,2.055726509408368,1.408726033797796,-0.38649806456417624,0.26815291039596567,-0.6044339920883733,0.6429407530577225
7566692367594,-0.833764,2.07363,1.40177,0.420094,-0.290888,0.591841,-0.623402
7566725643194,-0.8627960283017229,2.0500476786365502,1.417836422121675,-0.36789801015332463,0.2503317393027522,-0.6099001281228813,0.6557491198153271
7566758933994,-0.8935039882400765,2.0303006165313664,1.434222171446626,-0.3135331455809784,0.20835272758367912,-0.624497858321565,0.6843161056721645
7566792223894,-0.9252707587157519,2.0146089658606403,1.450887856211238,-0.25733492913072736,0.1652143438059048,-0.6355380751710832,0.7089247561327666
7566825511794,-0.9574675910385959,2.003087321339887,1.4677953588869814,-0.19962694608514672,0.12116869151652952,-0.6429544916991372,0.7294359137009873
7566858801494,-0.9894607698455601,1.9957527844941985,1.4849039228687786,-0.14073302564455525,0.07646628206487485,-0.6467022503911941,0.745736764910427
7566892115194,-1.0206379892740438,1.99252709608414,1.5021781065193005,-0.08095038587356997,0.03133593603273706,-0.6467547522048067,0.7577422943457568
7566925380894,-1.05032,1.99324,1.51953,0.0207514,0.0138635,0.643112,-0.765365
7566958670094,-1.081832174952345,2.0057767810673175,1.51261006056088,0.028355528757516117,-0.05386299388439061,-0.6475457894493034,0.7595914641734531
7566991959394,-1.1117079804778887,2.0222464085395444,1.5059525172240364,0.0774123250106502,-0.09354717320688591,-0.6494206428155745,0.7506724232356298
7567025279194,-1.139493959486722,2.042428082047465,1.4996330877516915,0.1262680655228586,-0.13278609183569487,-0.6487215261220518,0.738636995411138
7567058538194,-1.1646736773859983,2.0659612567217858,1.4937448679301313,0.17459478496576644,-0.17130993502942826,-0.6454506842499628,0.723576520780094
7567091831994,-1.1869202584134277,2.092554469625644,1.488340196111008,0.22233883100695817,-0.20907018043146622,-0.639608771915961,0.705518052759084
7567125116794,-1.2058465591602483,2.1217722832098445,1.4834884825283272,0.26924588217902534,-0.24585996487703202,-0.6312177459930162,0.684560946697808
7567158406594,-1.22116,2.15318,1.47924,-0.315148,0.281543,0.620302,-0.660788
7567191700694,-1.2616090395197803,2.1960146188786793,1.487061148011141,0.3647061369600621,-0.3295821250405841,-0.5863645901528797,0.6438490692175044
7567224985594,-1.2932496440165107,2.2440071944541318,1.4938533434165138,0.4122776751573336,-0.3752820194206572,-0.548860888078925,0.622850102354998
7567258274894,-1.3154111848917414,2.2957312926481377,1.4995041465802021,0.4575869465325241,-0.4183696877621153,-0.5079894431238055,0.5979362143235993
7567291570194,-1.327638168992772,2.3496563060595714,1.5039192358406,0.5003519657582884,-0.4585716577048981,-0.46398063972658493,0.5692819258245492
7567324853794,-1.329719685204665,2.404167493588285,1.5070243588559529,0.5402819725856037,-0.4956127923840924,-0.4171118660886385,0.5371043113700589
7567358141894,-1.3217034481059764,2.457693535947651,1.5087710636236973,0.5771446165518619,-0.5292789296351926,-0.36763233935687895,0.5016117714811106
7567391432194,-1.30388,2.50866,1.50913,-0.610701,0.559356,0.315832,-0.463049
7567424720494,-1.3116803687162806,2.529100158218158,1.5102970534266942,0.6102464530932855,-0.5590238597411761,-0.3268741886922791,0.4563385316778615
7567458009494,-1.3196036549997083,2.5494836767231406,1.5116038153990174,0.6096778642812147,-0.5586070279100175,-0.33786352271748654,0.4495545908918785
7567491300394,-1.3276533304075482,2.5698086874427912,1.513045500099872,0.6089955393203531,-0.5581056931137603,-0.34879876285096845,0.4426984204123109
7567524611594,-1.3358370345401063,2.590083825809942,1.5146180811181849,0.6081990657546907,-0.5575194608971203,-0.35968412983497966,0.43576745390283494
7567557877894,-1.3441415529240104,2.6102670046628274,1.5163132874805427,0.6072902279088074,-0.556849552267006,-0.37049662449023657,0.42877663936814975
7567591168094,-1.3525867686646993,2.630397618189764,1.5181293594751406,0.6062673740839319,-0.5560946546185283,-0.38125691698095276,0.42171289935245354
7567624460294,-1.36117,2.65046,1.52006,-0.605131,0.555255,0.391956,-0.414582
7567657747394,-1.359929869213591,2.645314711784544,1.5144032464859087,0.5972136923414454,-0.5441167480180363,-0.4119715413907548,0.42136945699741923
7567691036294,-1.3582110564543222,2.640468708847386,1.508665978011653,0.5889185568716566,-0.5326336248147863,-0.4317294074871754,0.42788558494022616
7567724326494,-1.3560267384592801,2.6359449058734072,1.5028596538966807,0.580251012547516,-0.52081329577519,-0.4512168831803077,0.43412624628604923
7567757615994,-1.3533914277665005,2.63176556322255,1.4969961912275727,0.5712169654841779,-0.5086640447086676,-0.4704204575007177,0.4400871062965622
7567790903694,-1.3503207931551398,2.6279518824883787,1.4910875153391396,0.5618223821743511,-0.49619410008027254,-0.4893273740038855,0.4457642280218631
7567824198894,-1.3468305016254618,2.624523072487712,1.4851438193913715,0.5520704022190184,-0.48340789122959027,-0.5079308670210031,0.45115553417639037
7567857485094,-1.34294,2.6215,1.47918,-0.541972,0.47032,0.52621,-0.456255
7567890772594,-1.3385054014205306,2.6051340146172586,1.4884166940159538,0.5291415492125539,-0.4698921597817711,-0.521249414352298,0.47697969255508893
7567924066994,-1.3334244627624134,2.589306505822222,1.4982556349621923,0.5159755781581428,-0.46918305723637727,-0.5159646697105904,0.4974102141664747
7567957351294,-1.32771044516466,2.574066968558863,1.5086635327992366,0.5024891068539299,-0.4681935714046711,-0.510361513436994,0.5175235287315737
7567990640894,-1.3213729906504306,2.5594482899461495,1.5196154921799412,0.4886844581373642,-0.46692398275115854,-0.5044406602682231,0.5373165872881144
7568023938194,-1.3144249742750516,2.545488331078064,1.5310816874365418,0.47456914685244295,-0.4653748811008736,-0.4982049341870626,0.5567784015636356
7568057219394,-1.3068867866889227,2.5322337180598913,1.5430215593044148,0.4601622613105833,-0.46354849111452556,-0.4916625398071468,0.5758831796478892
7568090507994,-1.29877,2.51971,1.55541,-0.445463,0.461445,0.484813,-0.594633
7568123802594,-1.2938144656823332,2.5235504807269753,1.5539545637263492,0.46313188148444584,-0.47191658258668756,-0.4750811085811864,0.5806044606284475
7568157086794,-1.2887239667370574,2.5270673643460744,1.552520736439248,0.4804630174473376,-0.482050964163076,-0.4650202414561489,0.5661610476277164
7568190375994,-1.2835133178984388,2.5302554686847714,1.5511051052181188,0.4974520961600641,-0.49184531345630167,-0.45463288567403015,0.5513062115745977
7568223667594,-1.2782003646818143,2.5331084822400696,1.5497049878873375,0.5140856926573804,-0.5012915804707793,-0.4439272330725114,0.5360515494713861
7568256955894,-1.2728037862643984,2.5356209308860573,1.548317778277668,0.5303492472043839,-0.5103812387556743,-0.4329128392753434,0.5204105501491367
7568290243894,-1.2673411122194036,2.5377890650410873,1.5469404648852478,0.5462328238474761,-0.5191084949658281,-0.4215966874593449,0.5043930072168255
7568323534794,-1.26183,2.53961,1.54557,-0.561727,0.527468,0.409986,-0.488009
7568356824394,-1.264450065023503,2.5615887094833307,1.5427450065016381,0.5786204639173139,-0.5313691574489902,-0.39756123343562133,0.47412049409112267
7568390119694,-1.265979813634517,2.5836548625172338,1.5402218031968782,0.5951431302488291,-0.5349252366872127,-0.38487844334468463,0.4599219819940411
7568423403194,-1.2664133472726058,2.605740267001295,1.537992342843661,0.6112754478909902,-0.5381318610600553,-0.37195234113211595,0.44542999769217273
7568456692094,-1.2657486358139918,2.6277996842823867,1.5360453435361998,0.6270154288931743,-0.5409886802287343,-0.3587846621461245,0.4306465673878899
7568489981494,-1.2639857455327992,2.6497732892364745,1.5343703921939185,0.6423504704888524,-0.5434933004146222,-0.3453857796553749,0.4155834076079313
7568523269994,-1.2611278613132195,2.671603810520075,1.5329560773531705,0.6572700158295215,-0.5456439719344292,-0.3317649087733867,0.40025095563866814
7568556564894,-1.25718,2.69324,1.53179,-0.671768,0.54744,0.317928,-0.384656
7568589849794,-1.261651560930227,2.6739335366645514,1.52719712828736,0.6274984788373181,-0.5170726198352109,-0.37225309500443515,0.4475591560154059
7568623139094,-1.261678750172758,2.6519163301958746,1.522704246395519,0.5772998419188943,-0.48135462155831993,-0.42290280264448993,0.5061381632917065
7568656432694,-1.2568104409176648,2.628109485992241,1.5183503735548303,0.5216647089563262,-0.4406308518323645,-0.4694057032059008,0.559793416932327
7568689717294,-1.24679062950626,2.6035156192344693,1.514164018215618,0.46116256632410785,-0.39531747527651934,-0.5113154570269096,0.6079553310628373
7568723008194,-1.2315567086159074,2.579148559775778,1.5101575679261179,0.3963581094421566,-0.34584100203203333,-0.5482679508015166,0.6501511397489237
7568756301894,-1.2112522402690913,2.5560283012185594,1.5063337835354966,0.3278883588254251,-0.2926952867367584,-0.5799215423225385,0.6859370947974052
7568789585994,-1.1862273988516088,2.5351323173141624,1.5026853019499409,0.2564453897686827,-0.23643000406215203,-0.6059817939622872,0.71492844441371
7568822874594,-1.1569283708918883,2.5058588464883025,1.4902523047385714,0.19388065152570746,-0.1861571466641714,-0.62383556983984,0.7338834999592398
7568856190694,-1.122601011586038,2.4799660712027394,1.4779445589555236,0.1300570600377818,-0.13430599095831244,-0.6373749971063818,0.7475293806872573
7568889453094,-1.0839815731131814,2.45830882404855,1.4657623010590684,0.06557790010218743,-0.08138465425240558,-0.6464924172861906,0.7557272202732029
7568922742494,-1.0417527133972009,2.4415057953768082,1.4536429803110351,0.0007383892435421577,-0.027655835210268563,-0.651165916808505,0.7584309845642427
7568956032994,-0.9968162974625999,2.430113561940112,1.4415621555904377,-0.06395949321193072,0.026443100957041787,-0.6513675963452321,0.7555992324448745
7568989321994,-0.9501270543145037,2.4245159625463724,1.4294878824991413,-0.1280607419120313,0.08050748427265071,-0.6471096366752235,0.747240329130521
7569022610694,-0.902685,2.42493,1.41739,0.191123,-0.134138,0.638435,-0.733403
7569055901194,-0.9167661752835035,2.4099019739097565,1.4265513323862904,-0.17752872708768996,0.12610664456269105,-0.6393941828363902,0.7373979551170105
7569089190994,-0.9311329654811948,2.3952676376755706,1.435809335565875,-0.16388240911747587,0.11805111013428775,-0.6401808404616809,0.7411983424723037
7569122478894,-0.9457712727635746,2.381036837890376,1.4451640132974057,-0.15018820652502143,0.10997378842874661,-0.6407945481236215,0.7448030716736275
7569155768894,-0.9606690183088291,2.367216798582306,1.4546167365611755,-0.13644817075167398,0.10187582505074269,-0.6412350761610974,0.7482117281020287
7569189058594,-0.975811029908891,2.353817035636394,1.4641669745009156,-0.12266699957446338,0.0937599208104725,-0.6415021241831367,0.7514232556512581
7569222347894,-0.9911828718208455,2.3408456089893623,1.4738147331787939,-0.10884845918818165,0.08562822176939432,-0.6415954893190039,0.7544369083326175
7569255636994,-1.00677,2.32831,1.48356,0.0949962,-0.0774828,0.641515,-0.757252
7569288931394,-1.008655555140261,2.3311231274048954,1.4791321477587658,-0.12113798840820375,0.09520075965721106,-0.6395998483487714,0.7531098439917863
7569322216194,-1.0100994149945377,2.3337496122544574,1.4746669201942264,-0.14714364472963656,0.11282466099446489,-0.637032797707147,0.7482035540764075
7569355509794,-1.0110913453512411,2.336219312718096,1.4701643806713203,-0.17300103052361307,0.13034634612841603,-0.6338153207376529,0.7425352602314353
7569388799794,-1.0116216623952166,2.338560306197209,1.4656288590746687,-0.19867412310798324,0.14774146048426165,-0.6299519779438428,0.7361124636534091
7569422085394,-1.0116831892546825,2.3408021279344924,1.461063257409744,-0.22413621189682761,0.16499195011961093,-0.6254472674996744,0.7289419253201582
7569455373894,-1.0112705462744558,2.3429752197484524,1.4564694648562835,-0.24936695284388996,0.18208406304056318,-0.6203050711879976,0.7210292195705016
7569488668594,-1.01038,2.34511,1.45185,0.274343,-0.199002,0.61453,-0.712381
7569521952494,-1.0033449091376052,2.368641643667831,1.4513928537192786,-0.32733959880652697,0.24165227397955272,-0.5962850759226452,0.692023896816879
7569555242094,-0.9987077046010087,2.394868705042929,1.450997282415721,-0.3785798302093672,0.28301746995698573,-0.5748283572677335,0.6679451950112916
7569588530894,-0.9968372617994397,2.4234077884041874,1.4506379690363136,-0.42777771177240903,0.32286705969090845,-0.5502792615934916,0.640277928197928
7569621820894,-0.9980416153813589,2.453832112744094,1.4502887115805434,-0.47467150694072036,0.3609892978743679,-0.5227687518999617,0.6091687117340753
7569655109294,-1.002562700304752,2.48567013818958,1.4499231691534602,-0.5190051013476669,0.397176169335409,-0.49244760635601215,0.5747870477675909
7569688399394,-1.010571905803739,2.518425665549949,1.4495153260167786,0.5605444339823517,-0.43123675893438307,0.459476353227462,-0.5373139455662457
7569721701494,-1.02217,2.55159,1.44904,0.599077,-0.462997,0.424021,-0.496937
7569754977594,-1.0192874592359238,2.5426190754581874,1.4543743341436453,0.5903519096722385,-0.4555822748679819,0.4340038787207205,-0.5055393622932102
7569788267294,-1.016628521423211,2.533527042239199,1.459670257865157,0.5814379757334673,-0.4480326373154138,0.44386279017464264,-0.5139868284047207
7569821557994,-1.0141981567066074,2.524325281973457,1.4649262328877974,0.5723411945253067,-0.44035331876704276,0.45359086766926054,-0.5222737179556746
7569854844994,-1.0120002173534757,2.5150232471051988,1.4701420740911546,0.5630655736061184,-0.43254783945881004,0.46318367008690675,-0.5303964688456664
7569888135494,-1.010037479397461,2.5056271806746744,1.4753195215767438,0.5536118663649721,-0.42461696881689037,0.47264022957336776,-0.5383544785747423
7569921453294,-1.0083118376758438,2.4961386059360997,1.4804628935269932,-0.5439758867096807,0.41655736019172407,-0.48196410786581456,0.5461508940555059
7569954714394,-1.00683,2.48659,1.48556,0.534185,-0.408392,0.491129,-0.553764
7569988004494,-1.0150474593275667,2.4830539868228065,1.4772633638234194,-0.5294447117667407,0.40413131228071825,-0.49573118181815146,0.5573300413486398
7570021297994,-1.0233516152815414,2.4796066707857993,1.468965037792031,-0.5246676836645553,0.39983612557704495,-0.5002964336433957,0.5608550373182959
7570054582294,-1.0317376140374366,2.4762509015655265,1.4606684190925565,-0.5198561215467796,0.3955084157898454,-0.5048227475499915,0.564337398624107
7570087870594,-1.040207046207565,2.4729868658658867,1.4523704742289978,-0.5150084904730939,0.39114679874498093,-0.5093116161034138,0.5677782263122702
7570121166094,-1.0487590254218768,2.4698158059482167,1.4440706618309562,-0.5101246739197358,0.3867511656087412,-0.5137631433743383,0.571177542860959
7570154450094,-1.0573869655853287,2.4667409637710547,1.4357738996651543,-0.5052077915842216,0.3823243211115189,-0.5181745309831435,0.574533163750892
7570187764494,-1.0661,2.46376,1.42747,0.500252,-0.377861,0.522551,-0.577849
7570221034294,-1.0692599816888533,2.4939211704598057,1.4355571928755337,0.5470448162831523,-0.40910674550317994,0.4930781614338739,-0.5387462913826129
7570254318594,-1.077317292139097,2.522648112040367,1.443892438916581,0.5908246855575898,-0.4380708717877484,0.4608508268871117,-0.496625228501697
7570287608294,-1.0900089171707408,2.5492208478802962,1.452394485912981,0.6313332848564438,-0.4645819439898265,0.4260536154556853,-0.4517302486087744
7570320897594,-1.1069653458150188,2.5729712728034246,1.4609786099183029,0.6683373159220505,-0.4884870782712237,0.3888846000472798,-0.4043196437896876
7570354186994,-1.1277235161068273,2.593299536564833,1.469559412628658,0.7016313184754616,-0.50965356085764,0.34954905981679946,-0.35465785712529324
7570387475694,-1.1517349948862037,2.6096811516642093,1.478050808436749,0.7310291341500679,-0.5279632061206725,0.30826586448699245,-0.30302378586287554
7570420766994,-1.1783821272726567,2.6216810464873532,1.4863692863651787,0.7563694947563477,-0.543315827767979,0.2652595109647036,-0.24970080204434494
7570454053594,-1.1837930639366072,2.628461659870261,1.484465080329266,0.7544368630023012,-0.5510042260000316,0.2622503625177434,-0.24175216655216436
7570487343894,-1.1893996367894886,2.6350564517609025,1.4825396272877756,0.7524031849383459,-0.5586194490958188,0.2591990746246083,-0.2337725349570901
7570520633494,-1.1951978762452342,2.6414606820364006,1.4805966859150272,0.7502689440213108,-0.5661594879811113,0.25610647094499567,-0.22576408338399015
7570553922994,-1.2011845208633978,2.6476707269146917,1.4786397368064605,0.7480343469932762,-0.5736234990195244,0.25297292968845636,-0.21772779780216397
7570587211394,-1.2073559200966248,2.6536827633092077,1.4766723603172285,0.7456997215303949,-0.5810102901680477,0.2497989859378938,-0.20966505348467712
7570620502494,-1.2137092302051113,2.659493916858383,1.4746978559705965,0.7432650625389833,-0.5883197373115089,0.2465847194412376,-0.20157606414632845
7570653792094,-1.22024,2.6651,1.47272,0.740731,-0.59555,0.243331,-0.193463
7570687081294,-1.2133958447979722,2.6735052568320046,1.469546885337525,0.7403073168236827,-0.5850676449940028,0.2570838603134905,-0.20868353122564512
7570720370094,-1.2061074876652262,2.681582865530828,1.4665244472630714,0.7394939808852666,-0.5742706107735007,0.27070953984374424,-0.22378173042918373
7570753663994,-1.1983890258523158,2.6893130793759106,1.463648505634177,0.7382909371403421,-0.5631629621929916,0.28420316825332625,-0.23875202471439347
7570786949594,-1.1902599094104507,2.6966725808904104,1.4609161440287952,0.7366991395204746,-0.5517553310153018,0.29755232306366103,-0.2535804558032929
7570820236694,-1.181735008124068,2.7036441865046346,1.4583221287189942,0.7347188573326673,-0.5400507302004929,0.31075403793390927,-0.2682635595780104
7570853532694,-1.1728302065032876,2.710210624579644,1.455861236996125,0.7323502924389257,-0.5280528599897774,0.3238043089395548,-0.2827967392552712
7570886816294,-1.16357,2.71635,1.45353,0.729596,-0.515776,0.336688,-0.297163
7570920106594,-1.16720480893812,2.7324721745926155,1.4621515582984121,0.7379932849491411,-0.5187328321110656,0.3248234801824689,-0.28420391795708616
7570953400994,-1.171557926873582,2.748425076046992,1.4708522233220276,0.7461066412696614,-0.5214861844735983,0.3128334749168225,-0.27113143718119265
7570986684794,-1.1766206878340222,2.7641739057235934,1.4796216776712483,0.7539295008210876,-0.5240338292193094,0.30072794970544076,-0.25795649612168237
7571019975194,-1.1823879397946682,2.7796993379567514,1.4884578748943373,0.7614629496195868,-0.5263760926798668,0.28850532926177447,-0.2446774619765174
7571053289294,-1.1888548600750446,2.7949818537211115,1.4973587670145767,0.7687075598621697,-0.5285129493727568,0.2761638877137018,-0.23129257852104237
7571086553294,-1.1959964896434259,2.809961166231457,1.5062978137642813,0.775644851676234,-0.5304390474326134,0.2637358364177527,-0.21783684173243778
7571119841694,-1.2038171558716215,2.8246448422479604,1.515288139205354,0.7822880387138,-0.5321581580227167,0.2511982454188862,-0.20428548855378476
7571153135494,-1.2060699984166863,2.8244521287843996,1.5139509438593588,0.7790079734672553,-0.5323442666947577,0.25830259174051395,-0.20745103058744757
7571186420494,-1.2083283383453274,2.824274045591119,1.512625617288225,0.7756721933840434,-0.5324940948812504,0.2653857869032284,-0.21060168906525728
7571219709994,-1.2105927641609893,2.8241106123362885,1.511311637616306,0.7722796176311725,-0.5326076905264968,0.27245015376664883,-0.21373851757699383
7571253003294,-1.2128629160253053,2.8239619276064993,1.5100090432948594,0.7688305418345348,-0.5326850209742624,0.27949502651300523,-0.21686123795311998
7571286290694,-1.2151378167656857,2.823828118758598,1.5087182156403907,0.7653262255179664,-0.5327260531854692,0.2865178462437221,-0.21996873545055104
7571319578194,-1.2174175586242402,2.8237092387856944,1.5074389187600332,0.7617663050428904,-0.5327307922510531,0.2935193777832422,-0.22306136903239354
7571352868694,-1.2197020232387068,2.823605356645841,1.5061710390064837,0.7581507199318147,-0.5326992243781697,0.30049972310710804,-0.2261392018786632
7571386158694,-1.2142271280224657,2.804621622036826,1.5067473466492973,0.7528747978273375,-0.5215193457291595,0.3156492790694131,-0.2481182045913501
7571419446194,-1.2098108247357378,2.78530144654265,1.507246346128306,0.7469457256913408,-0.5098917386372988,0.3305240752626573,-0.26988207315906376
7571452736694,-1.2064702019983282,2.76570454851307,1.5076643685678712,0.7403676712473951,-0.4978245155608687,0.3451136043844325,-0.29141561925724047
7571486060494,-1.2042180781912226,2.745876632031777,1.5079981913282383,0.733139322204879,-0.4853164166521757,0.35941794196940247,-0.3127194476768943
7571519366294,-1.2030689897079538,2.725912790142996,1.508244069956744,0.7252776573536724,-0.47239721021902814,0.3734023885176668,-0.3337421935718491
7571552604194,-1.2030268776325532,2.705908471886894,1.5083991210006513,0.7168037399846303,-0.45909899269985577,0.3870350439765681,-0.3544353085967599
7571585899394,-1.2040937160103136,2.6858537003761564,1.50846142962109,0.7076933278126061,-0.4453833543956955,0.40035552505440486,-0.374859006768104
7571619183094,-1.2051246270020275,2.6274717682471125,1.5085565449374734,0.6610179392606214,-0.4057326188912149,0.44259033307269563,-0.450055688791863
7571652472894,-1.2181658354549199,2.5704012655835333,1.5094557215410793,0.6069319060901119,-0.36154198765820633,0.47987028749989785,-0.5202360615189439
7571685767694,-1.2426769044117316,2.5171451284035267,1.5111312029721957,-0.546039670579864,0.3133044236831205,-0.5117735237076848,0.5846100210272155
7571719051094,-1.2775849607143754,2.4700571782770955,1.5135188145160263,-0.47905536452537945,0.26158352182422984,-0.5379282380479902,0.6424276064585593
7571752342094,-1.321385847680879,2.4311639811187824,1.5165243424849848,-0.4066925593830394,0.20692823450297748,-0.5580569879694613,0.6930759453958897
7571785629394,-1.3721475646329255,2.4021681271291166,1.5200232834782899,-0.32978557963299476,0.14996705390139986,-0.5719261938167561,0.7359699606889826
7571818919594,-1.42765,2.38431,1.52387,0.249181,-0.0913251,0.579383,-0.770638
7571852207794,-1.4535295860009874,2.3607420925178144,1.5124894626870673,-0.21803631896559095,0.05954013467055793,-0.5854207552925869,0.7785869734641109
7571885498094,-1.4812619277086096,2.3394025880921427,1.5006345929628084,-0.18647424655815426,0.027589919579725147,-0.5902346686396702,0.7849134905478258
7571918787794,-1.5106294981016644,2.3204544706059913,1.4883040890164128,-0.15456319329417975,-0.004456474028442939,-0.5938165090791087,0.7896026295948113
7571952076194,-1.5414025030921017,2.304038998595244,1.4754997204876894,-0.12237026396751013,-0.036531640616463336,-0.5961608419922462,0.7926431783630562
7571985366894,-1.5733435387756665,2.2902743923911597,1.462225292265754,-0.08995888562703115,-0.06857217865208312,-0.5972649802709773,0.7940275804741035
7572018659894,-1.6062022780458636,2.2792589146267677,1.448489670380483,-0.05739631859175754,-0.10051119508651031,-0.5971283642820334,0.7937511441530389
7572051944694,-1.63971,2.27107,1.43431,0.0247604,0.132272,0.595754,-0.791814
7572085235294,-1.6159833741988876,2.2671189973268024,1.4444281301593338,-0.041503839403007205,-0.11213415681085298,-0.5961546394712509,0.79391624748964
7572118525694,-1.5918406817981559,2.2643496615043746,1.4543133247346538,-0.05821938265185646,-0.09191978685884046,-0.5961438910594824,0.7954707520832693
7572151812294,-1.5673477614662246,2.2627797845993065,1.4639511546942012,-0.07489367103257351,-0.07164496424289214,-0.5957214578510177,0.7964759141328491
7572185102894,-1.5425630056919255,2.262423406405445,1.473331153122212,-0.09151909553410419,-0.051318935346660495,-0.5948875062884387,0.7969312874328801
7572218426194,-1.5175296233011053,2.2632932937650723,1.4824489484935799,-0.10809840190788714,-0.03093815358335405,-0.5936411910714344,0.796836057430324
7572251681394,-1.4923891791519484,2.265392518713834,1.4912661452163076,-0.12457011130665946,-0.010578364928643152,-0.5919877740903109,0.7961914725065085
7572284971494,-1.46713,2.26873,1.4998,0.140974,-0.0098094,0.589924,-0.794997
7572318265294,-1.4536051451983765,2.2707360788935125,1.5036968189147828,-0.12998573599044785,0.007800574277516694,-0.5885555837353206,0.7979004852322994
7572351550094,-1.4399679400599503,2.2724926997213806,1.5074533582168903,-0.1189822683080718,0.00579220324918515,-0.5871097775001738,0.8006945605994104
7572384860294,-1.4262106537139834,2.273998415023885,1.5110736124432205,-0.10795366689646675,0.003782504243324204,-0.5855850823898167,0.8033814845686746
7572418133994,-1.412365405939875,2.2752476150669874,1.5145512109512989,-0.09692192165892909,0.0017755063494867662,-0.5839845661755291,0.8059559635289775
7572451418294,-1.3984192754682956,2.2762395659535133,1.5178915978191003,-0.08587292386395282,-0.00023133764720545646,-0.5823062593283179,0.8084214295632016
7572484719794,-1.3843759917650762,2.276971479114116,1.521095693936691,-0.07480595777344122,-0.002238130137813829,-0.5805499483310675,0.8107779085223519
7572517996394,-1.37026,2.27744,1.52416,0.0637365,0.00424204,0.578718,-0.813022
7572551285994,-1.3670048470641287,2.2791203524197625,1.5213752671102785,-0.05158593052028054,-0.016034456055671522,-0.5801453408761166,0.8127196142896332
7572584575394,-1.3636562204832372,2.2807571911048026,1.5186088398166018,-0.03942126775450842,-0.027822889690571947,-0.5814053329538433,0.8121820542653748
7572617865094,-1.3602156567875696,2.282347375962926,1.5158609523860571,-0.027245849897020794,-0.039604107268360764,-0.5824977516441316,0.8114096053661165
7572651154494,-1.3566849116378599,2.283887767453382,1.5131319091101652,-0.015063408405567639,-0.05137448706100632,-0.5834222764738038,0.8104024945177243
7572684442594,-1.3530658948058862,2.2853752696284744,1.5104220239441788,-0.002877823245514773,-0.06313026961281118,-0.5841786393971986,0.8091610497694629
7572717732994,-1.3493601102539212,2.2868070477719487,1.507731216468982,0.00930870897775391,-0.07486932301376135,-0.584766710653344,0.8076854749964847
7572751021694,-1.34557,2.28818,1.50506,-0.0214912,0.0865868,0.585186,-0.805976
7572784311194,-1.3874029187571149,2.3106286976559542,1.50371743216702,0.109715839751764,-0.1439213962347027,-0.5739974792838545,0.798608765284479
7572817601194,-1.4234686193843653,2.340787816527242,1.5027787646124218,0.19668974102569103,-0.19967433977889568,-0.5564499753977492,0.7821807519294712
7572850924094,-1.4522942405240575,2.3773080192342366,1.5022104365781375,0.2815228520319902,-0.2532578851160151,-0.5327183111123958,0.7568464364822591
7572884179094,-1.4726347773954047,2.4183989562642556,1.5019685380679337,0.3630171709794178,-0.3039003182789804,-0.5031526577284532,0.7229803131101349
7572917469694,-1.4837741950942556,2.462302030755942,1.501996406062127,0.4405211684336331,-0.3511816122393277,-0.4680034340807217,0.6808710311619264
7572950764994,-1.4853074705923908,2.5069764158654255,1.5022304751283053,0.5130911409483826,-0.39450805940145767,-0.4276885013804588,0.6310177635649573
7572984048094,-1.47729,2.55036,1.5026,-0.579883,0.43336,0.382682,-0.574011
7573017337294,-1.4830523422656425,2.5739709931768946,1.506148974628121,0.5924378623534216,-0.4371178512532304,-0.3714551055998984,0.5656557856944766
7573050631094,-1.487794494622647,2.597771255219161,1.5097502493112542,0.6047857551499132,-0.44070276089267135,-0.3601021590020977,0.5570832092168587
7573083917394,-1.4915082382533478,2.621714475026013,1.5133933858300501,0.6169179341400132,-0.4441120231295792,-0.34863144784960565,0.5482999972811039
7573117204794,-1.4941896806165742,2.645768941157341,1.517070140712549,0.6288331912882684,-0.44734506586613104,-0.3370440997244049,0.539307411798136
7573150500094,-1.4958352884928763,2.6699015778441817,1.5207720623576124,0.6405295441484865,-0.45040104370174167,-0.3253417970679754,0.5301070816220949
7573183784194,-1.4964421039711622,2.694060403303492,1.5244877820780636,0.6519960678719406,-0.4532768658161378,-0.31353540269308394,0.5207079427601545
7573217074694,-1.49601,2.71822,1.52821,-0.663235,0.455973,0.301623,-0.511109
7573250361894,-1.49768768832394,2.734136423973027,1.5233049743470135,0.6615261771967516,-0.46027182900906644,-0.3064361823152359,0.5065864452116386
7573283652694,-1.4992729647245326,2.750062869922819,1.5183710261532442,0.659776085670986,-0.4645415291333861,-0.3112290263747526,0.5020290605422267
7573316943594,-1.5007650463075337,2.765997483726286,1.5134101924769006,0.6579847159752386,-0.4687811815969082,-0.31600056579296903,0.4974373927863835
7573350231694,-1.5021632384354393,2.781938692315854,1.508424440533037,0.6561523389403161,-0.4729901596989655,-0.32075006374901477,0.4928121483243922
7573383520794,-1.5034671570978666,2.7978881271074227,1.5034147437876657,0.6542788608501131,-0.4771686874477665,-0.32547774200075835,0.48815310654152566
7573416809094,-1.5046762049753197,2.8138447348753246,1.4983829216686126,0.6523644975399583,-0.4813162816471567,-0.33018302398490645,0.4834608257583808
7573450100094,-1.50579,2.82981,1.49333,-0.650409,0.485433,0.334866,-0.478735
7573483387594,-1.5058125490903973,2.837781122628671,1.4908929941851496,0.6497450909799722,-0.49036974355328056,-0.33297335175353787,0.47591761721639636
7573516676894,-1.5057592376579125,2.845733298568418,1.4883973283930314,0.6490557631990687,-0.4952894414816556,-0.33107125605962795,0.4730822431945258
7573549967894,-1.5056299122323986,2.8536654785859277,1.4858435551702494,0.6483412132931093,-0.5001920117861356,-0.32915987532135055,0.4702290920066412
7573583257294,-1.5054244540170214,2.861575857806313,1.4832324906425856,0.6476015494117053,-0.5050767841644641,-0.3272394742908581,0.4673585366327278
7573616545294,-1.5051427513046916,2.86946347197683,1.4805646992911117,0.6468368090659335,-0.5099436066624119,-0.32531011811405713,0.4644706530171209
7573649835694,-1.5047846577845854,2.8773282098811186,1.4778404553433735,0.6460469434253382,-0.5147928509434331,-0.3233716616433966,0.46156520227839837
7573683132494,-1.50435,2.88517,1.47506,-0.645232,0.519625,0.321424,-0.458642
7573716435994,-1.5054105868278407,2.8665214236806134,1.4823017344952167,0.6358913773356467,-0.5106007643568592,-0.32875432725018483,0.47628731663003965
7573749703794,-1.5056416032270665,2.84784070104644,1.4895857281384322,0.6262169434587174,-0.5013177921152112,-0.33591518974765494,0.49365351850336125
7573782998594,-1.505041975785192,2.82912977049483,1.4969162442935255,0.6161954406045034,-0.4917638351499848,-0.34291614482330096,0.5107641598980154
7573816305894,-1.5036104261222365,2.810433952498038,1.5042806746963198,0.6058357707548045,-0.48194796139375656,-0.3497499795185408,0.5276022490561563
7573849570794,-1.5013521448966993,2.7918211229417023,1.511657354926949,0.5951607734782302,-0.4718922001000858,-0.3564018789833705,0.544131515219086
7573882866594,-1.4982660682275175,2.773287232876172,1.5190530459552807,0.5841525926723165,-0.46158016284194126,-0.3628828943837558,0.5603797879194841
7573916155894,-1.49436,2.75489,1.52645,-0.572829,0.451029,0.369182,-0.57632
7573949439394,-1.4883005385838473,2.7441005399452036,1.5188589939802284,0.5723607820258084,-0.45662351020901054,-0.37388718053542347,0.5693035054823379
7573982728394,-1.4822149124902104,2.7332931362285033,1.5113266593781982,0.5718342876726072,-0.4621645086793026,-0.37856333155038385,0.562227105682975
7574016018894,-1.4761047347897887,2.722468991707462,1.5038538376931962,0.5712496305474514,-0.467650633893475,-0.3832092997797266,0.5550922236716735
7574049308994,-1.4699712412760226,2.7116286367301767,1.4964408576900585,0.5706070059492918,-0.47308096868734445,-0.3878242969170514,0.5478999512212275
7574082596894,-1.4638156520373848,2.7007725766291846,1.4890879950967446,0.5699066258061276,-0.478454631520724,-0.3924075575503098,0.5406513777065985
7574115886794,-1.4576380742684991,2.6898993635116306,1.4817941855618617,0.5691485788928292,-0.48377171319914425,-0.39695914274317357,0.5333462886767308
7574149175394,-1.45144,2.67901,1.47456,-0.568333,0.489031,0.401478,-0.525986
7574182465894,-1.4427415018264644,2.6957271266365077,1.478691625495947,0.5861968812712299,-0.5011958598518096,-0.3822153883953347,0.5090062114838013
7574215754794,-1.4328524918709231,2.7118425918241478,1.4827293968688762,0.6034205293620156,-0.5127670970791501,-0.3625180764071188,0.4914613038435161
7574249043694,-1.4218157547072108,2.7272788511947215,1.4866676963830048,0.6199852420638481,-0.5237325384843907,-0.3424066145977169,0.47337114195465957
7574282333994,-1.4096791070157675,2.741961210705384,1.490501132295523,0.6358726979693554,-0.5340804423984998,-0.3219019860016832,0.45475609334319844
7574315624494,-1.396496222081312,2.7558171880601527,1.494224299332998,0.6510640410351277,-0.5437989525815621,-0.30102720663903626,0.43563853652461054
7574348911894,-1.3823265693377176,2.7687773574055337,1.4978318996960516,0.6655403887592409,-0.5528764893561104,-0.2798071209998891,0.4160427303597727
7574382202394,-1.36723,2.78078,1.50132,-0.679288,0.561305,0.258261,-0.395988
7574415498994,-1.3678754667535247,2.777900744696775,1.5045143694658665,0.6739424404935574,-0.5562498571836889,-0.2651738872609284,0.4075174754530683
7574448780094,-1.368448265803254,2.774987223830849,1.5077127564380435,0.6684427554038416,-0.5510653270890739,-0.2720170750110333,0.4189486829323777
7574482070494,-1.368947710001396,2.772039495161153,1.510917210550439,0.6627859853956657,-0.5457485355058386,-0.2787940044932755,0.4302873186778022
7574515365094,-1.369372613006737,2.7690602425066433,1.5141269055977522,0.6569742819633374,-0.5403014061076864,-0.28550203000942087,0.4415289053474462
7574548648194,-1.3697218044506294,2.7660531637204326,1.5173399813892994,0.6510118510784022,-0.5347277691837237,-0.2921364636422811,0.45266551583907155
7574581938094,-1.3699945690255457,2.76301892296668,1.520557852580414,0.644896897443112,-0.5290258370877734,-0.29869943785373876,0.4637006590330551
7574615233094,-1.37019,2.75996,1.52378,-0.638631,0.523197,0.305189,-0.474631
7574648517194,-1.3745867245794317,2.7523415281101697,1.519951790945715,0.6377201035354079,-0.5210000589179486,-0.3048866681957973,0.47845180291305056
7574681817894,-1.3789356302240936,2.7446876343946696,1.5161524554300032,0.636794522032541,-0.5187934264656812,-0.3045754048930624,0.482265424947272
7574715094594,-1.3832311038308045,2.7370079476709246,1.512386470344774,0.6358555533802157,-0.5165799514461252,-0.30425565858256126,0.4860672414594
7574748384894,-1.3874776975779786,2.7292940940077317,1.5086494195165547,0.6349021697524324,-0.5143571795121492,-0.3039270723531578,0.4898614716619369
7574781675094,-1.3916733103747119,2.7215495203904325,1.5049427108631468,0.6339347818926775,-0.5121260632699696,-0.30358977641377655,0.4936464679133436
7574814963194,-1.395817375250209,2.71377498824693,1.5012664139149492,0.6329534764797542,-0.5098867804008242,-0.30324379270935714,0.49742192348942527
7574848252594,-1.39991,2.70597,1.49762,-0.631958,0.507639,0.302889,-0.501188
7574881541594,-1.39060715771443,2.732554677136058,1.5021747321760701,0.6740880195251872,-0.5256018834055664,-0.26855469693184303,0.44410176406875296
7574914832194,-1.377413824528682,2.7573113600623804,1.5073039221753728,0.7118118619770318,-0.5401338360113185,-0.23244458356985126,0.3841208506622982
7574948121794,-1.3606771098443453,2.7796296573397696,1.5129878774546246,0.7448791462880349,-0.5511402351018742,-0.19479776299029605,0.3216416176601464
7574981409794,-1.3408363092329603,2.7989646701303172,1.5191925685797356,0.7730727929383501,-0.5585507675304203,-0.15586148524824148,0.2570733248042072
7575014700294,-1.3184084672870784,2.8148516239209047,1.5258713029686333,0.7962109010812138,-0.5623191243246322,-0.11588587363472551,0.19082942045223752
7575047988794,-1.2939835763135188,2.826911267627003,1.5329634008819728,0.8141381502105727,-0.5624213964274172,-0.0751381518590504,0.12335113841204436
7575081277994,-1.268198924294595,2.834867594707579,1.540398932196151,0.8267383040217413,-0.5588583879404575,-0.033882080589323134,0.05507343739759285
7575114568694,-1.2590885335067659,2.8427410031569336,1.5359812354816134,0.8246597599972347,-0.5637859109651661,-0.01976289074899229,0.04112365484395165
7575147879594,-1.2497559680894412,2.8502242267258158,1.5314277706186787,0.8222297659338696,-0.5684798313487003,-0.005622866357591197,0.02715284029363769
7575181146094,-1.2402361986735793,2.857293639528921,1.526750196053423,0.8194543725361404,-0.5729294224043457,0.008504531507688881,0.013193984184395699
7575214436894,-1.2305267286240626,2.863955344171537,1.5219418744747388,0.8163292693850847,-0.5771423064827517,0.02264243963907597,-0.0007758480356511514
7575247732494,-1.220650305232762,2.8701967320925466,1.517008577517126,0.812857084487836,-0.5811140184009734,0.03677654057379798,-0.014742587263843535
7575281014894,-1.2106299045711526,2.8760071404618257,1.5119563515849515,0.8090412259320054,-0.5848409218309281,0.05089316156768546,-0.02869280397649357
7575314305394,-1.2004769758495315,2.8813836642653694,1.5067855300123956,0.8048808776700838,-0.5883239786392013,0.06499530855619713,-0.04262955295169228
7575347598794,-1.210442909731089,2.883235704612537,1.509198291927624,0.8050132366245477,-0.5894834680456874,0.05621463858823013,-0.03609493272598746
7575380883994,-1.2204291638030587,2.884872786234031,1.511545034883688,0.8050488061157727,-0.5905702851071947,0.04742790714928801,-0.029559291997857944
7575414172294,-1.2304342132617718,2.8862950000079577,1.5138266937480176,0.8049876010905725,-0.5915847041624153,0.03863319114607192,-0.023021217026563612
7575447461094,-1.2404523612331235,2.887501789290935,1.516043232628318,0.8048296029857633,-0.5925265317293159,0.029832235687821923,-0.016482022584402577
7575480751394,-1.250478983643308,2.8884928647564454,1.518194895853631,0.8045748022259525,-0.5933956961257735,0.021025836106144,-0.009942316556803478
7575514040494,-1.2605083377775244,2.889267940721891,1.5202817217659959,0.8042232337863868,-0.5941920412645753,0.012215767544021771,-0.0034034334596760637
7575547329994,-1.2705359734761257,2.889826964416081,1.5223040569988986,0.8037749113684458,-0.5949155325642868,0.0034026684525063724,0.0031341371700534136
7575580619194,-1.2616574570276269,2.8869434674614807,1.5280515463914335,0.8074185418457569,-0.5891954310164461,0.022123079079934424,-0.02084734335686775
7575613909194,-1.2530408600938554,2.883482354375646,1.5337248359958762,0.810274594562621,-0.5829069895577929,0.04082734143481267,-0.04480682004356498
7575647203394,-1.2447200239012621,2.8794612795411103,1.539317319570877,0.8123403153449001,-0.5760556761441682,0.05949907056430444,-0.06872358146529828
7575680487794,-1.2367318662075735,2.874902372625506,1.5448198355264662,0.8136129389762506,-0.5686512907883904,0.07811216975122705,-0.09256448537036777
7575713776194,-1.2291051995002962,2.8698262708959263,1.5502282193829129,0.8140918771608076,-0.560698221388012,0.09665616246831889,-0.11631640610855633
7575747067794,-1.2218711318958222,2.864257321658941,1.5555362282121896,0.8137763124022531,-0.5522043231245998,0.11511243444538807,-0.13995580135010227
7575780355094,-1.2150605491738489,2.8582231007322165,1.5607370005302799,0.8126665820656944,-0.5431798971890133,0.13345877123117378,-0.16345452598463087
7575813664894,-1.200591804435076,2.8531954619081055,1.5517706370750495,0.8051444983116836,-0.5407559182928502,0.15499345356496766,-0.18788933716868525
7575846935094,-1.1866801664174103,2.8472309034151455,1.5427034398691453,0.7967250765480762,-0.5377339892781452,0.17633362850379727,-0.21207960918758484
7575880228894,-1.173361342317067,2.8403561082663877,1.5335269399577993,0.7874023051567167,-0.5341123821829085,0.19749582412143138,-0.2360444290539059
7575913512394,-1.1607090589343902,2.8326189269181885,1.5242595909229046,0.7771954741490009,-0.5298986677877371,0.21843446649323278,-0.2597325175770413
7575946803294,-1.148773364530615,2.824060656340355,1.5149061117361884,0.7661106099027848,-0.5250955853150028,0.239137037254155,-0.28313007097513143
7575980098694,-1.137609345323766,2.814730604261733,1.505477328995718,0.7541605377169125,-0.5197087953905665,0.25957817987674997,-0.30620878477943303
7576013381894,-1.1272725073391747,2.8046861613626906,1.495988422858921,0.7413648475097807,-0.5137474037861438,0.2797246123700111,-0.3289314658317803
7576046671194,-1.1319419017216008,2.796147158648371,1.5029553825566866,0.7344990224045358,-0.5001138008941475,0.29522123175428366,-0.3510581099525744
7576079965794,-1.137233621160299,2.7878652554946948,1.5097896159229593,0.7269195988416773,-0.48600235059383406,0.3104389357771124,-0.37285021012559033
7576113250394,-1.1431274369939348,2.7798831670516186,1.5164884275365258,0.7186374693299982,-0.47143327798443296,0.325355950566374,-0.39427700606918425
7576146538694,-1.1496056061221689,2.772235334513146,1.5230555521107743,0.7096573674509694,-0.45641479624840614,0.3399639421574054,-0.4153269466587522
7576179831194,-1.1566461747572996,2.764958282344936,1.5294924989577332,0.6999875306605174,-0.44096102784244934,0.354248755137697,-0.43598010083868943
7576213117994,-1.1642225859150324,2.7580892232447227,1.535799331234363,0.6896401677788839,-0.42509151378889715,0.3681922123183517,-0.4562106297300562
7576246406794,-1.17231,2.75166,1.54198,-0.678623,0.408818,-0.381784,0.476004
7576279695794,-1.1769537522931852,2.7404312942719495,1.5425812473203664,0.6640537956415704,-0.404476663919756,0.39028529611976637,-0.4930604146259103
7576312985794,-1.182090467413904,2.72946644956314,1.5433218802643534,0.6490861544957045,-0.399902032621186,0.39855399111436196,-0.5098237386727253
7576346276794,-1.1877063772402745,2.7187899820831447,1.5442014750019752,0.6337289067248476,-0.395096766950982,0.4065849531152794,-0.5262840425345015
7576379564294,-1.1937857188863517,2.7084271042136545,1.545219130935063,0.6179933257071797,-0.3900643900097431,0.4143721867551205,-0.5424294533591317
7576412853994,-1.2003134519015664,2.698399082818478,1.5463739204958706,0.6018861209005385,-0.3848070325156287,0.4219122479044371,-0.55825325817414
7576446143294,-1.2072719833546603,2.6887289898057514,1.5476643440175653,0.5854181243620252,-0.379328195046931,0.4291998839553483,-0.5737448908039194
7576479462294,-1.21465,2.67943,1.54909,-0.568584,0.373626,-0.436237,0.588909
7576512721694,-1.2124410049019403,2.6615474761521267,1.5444301065632156,-0.557132619992436,0.36292820848070384,-0.4470253337322383,0.5983767293527814
7576546010694,-1.2110290677256919,2.643617422011871,1.5396124745360562,-0.5454234774397831,0.3520521173023357,-0.4576228226220717,0.6075803561471064
7576579301194,-1.2104173515576653,2.6256896201145095,1.5346424715236358,-0.5334711886083165,0.3410115152430031,-0.46801539664093844,0.6165072796841302
7576612596994,-1.2106054305397507,2.6077967314718933,1.5295212671307945,-0.5212796998708692,0.32981014332188496,-0.4781995741971779,0.6251543098325181
7576645879694,-1.211590867455431,2.589983247476286,1.5242537909559883,-0.5088613195651506,0.31845937030376725,-0.4881652931947634,0.6335127729069181
7576679169794,-1.2133705642431902,2.5722726664623314,1.5188391445283453,-0.49621404966883326,0.3069574392396434,-0.4979143345473892,0.6415840263433372
7576712466094,-1.21594,2.5547,1.51328,-0.483344,0.29531,-0.507442,0.649364
7576745747094,-1.2120549644934844,2.5513541141167644,1.5173938465789523,-0.48858283008791625,0.2952679063595601,-0.5016957737581278,0.6499269437487247
7576779037594,-1.2081752465433975,2.548068234630061,1.5215732296490636,-0.49379519846360836,0.2952057095006994,-0.4959188989299546,0.6504493344885333
7576812332394,-1.2043027819024188,2.5448431037165387,1.5258171233588749,-0.4989798507503312,0.2951233328096889,-0.49011250486012253,0.6509309176527225
7576845616394,-1.200440647343218,2.5416803411568214,1.5301231566624998,-0.5041341209114033,0.29502080697643235,-0.4842795828839645,0.6513714740342831
7576878905594,-1.1965883040653251,2.538578569839878,1.534492941276729,-0.5092601724430149,0.294898076976868,-0.4784176874411652,0.6517712154599217
7576912197494,-1.1927473623897258,2.5355381875586227,1.5389257143877042,-0.5143572904034104,0.29475513483949894,-0.4725276019032679,0.6521300895788794
7576945484594,-1.18892,2.53256,1.54342,-0.519424,0.294592,-0.466611,0.652448
7576978774794,-1.1850376428136506,2.530688600557305,1.5424322276293456,-0.5134022157410931,0.3002648570181751,-0.4677966553948854,0.6537778443120796
7577012062394,-1.1811752875929344,2.5287905524022523,1.5414053314582559,-0.5073450725147173,0.30591705638472527,-0.46894929387115547,0.6550589987059837
7577045352694,-1.177332958450726,2.526865323481916,1.5403396378126515,-0.5012520569841503,0.31154910752225007,-0.4700690096290105,0.656291593087744
7577078641694,-1.1735117512695075,2.524912920888501,1.5392357728344892,-0.49512434139551065,0.3171599369908046,-0.47115556900243954,0.6574753917247689
7577111930394,-1.1697121772663157,2.522933072825398,1.5380942171222414,-0.4889621886776722,0.32274932073924684,-0.47220891247615365,0.6586103529280294
7577145220894,-1.1659346193340419,2.5209254453497,1.5369154176258026,-0.48276565512700864,0.32831721755838056,-0.47322901174406806,0.6596964675729634
7577178510494,-1.16218,2.51889,1.5357,-0.476536,0.333863,-0.474216,0.660734
7577211799094,-1.1604259459761723,2.5142119416355397,1.5319789142783562,-0.48148715000992404,0.3442363339073641,-0.46705044992955563,0.656913501165822
7577245089194,-1.1585574240270815,2.509548915153966,1.5283119174157336,-0.48633851282909424,0.35454336771238804,-0.4597871028508328,0.6529698855248847
7577278377194,-1.1565748611533646,2.504904782764865,1.524698838476094,-0.4910882105416452,0.364780802208393,-0.45242794772798206,0.6489039127034545
7577311667694,-1.1544782882963112,2.5002822476206337,1.5211385725149749,-0.4957358715253503,0.3749480937281709,-0.4449734939351951,0.6447157997038053
7577344972994,-1.1522672353688304,2.495682950236527,1.5176291988881594,-0.5002821269917931,0.3850469989133641,-0.43742246259911105,0.6404047089568505
7577378245494,-1.1499454317184012,2.491116750883738,1.5141750054336565,-0.5047195803769156,0.3950612155356105,-0.4297872875728258,0.6359777265002834
7577411535594,-1.14751,2.48658,1.51077,-0.509054,0.405004,-0.422058,0.631429
7577444831894,-1.1471751393847356,2.489749082048051,1.5089052735241282,-0.5189061967355831,0.4109295045618606,-0.4190161278718276,0.6215293925899694
7577478113294,-1.1468937807642963,2.492924363783749,1.5070524530923464,-0.5286313103200878,0.41675305542199936,-0.4158707669726049,0.6114878034133735
7577511404094,-1.1466658391299793,2.496106474525703,1.5052104223752039,-0.5382341600147502,0.4224776585333458,-0.41262042631065754,0.6012994269285556
7577544727994,-1.1464913375145767,2.49929599534828,1.503378119238264,-0.547718992911561,0.4281058977348451,-0.40926334723033225,0.5909591844978911
7577577982294,-1.1463707573214201,2.502481395630277,1.5015613860036496,-0.5570544744235815,0.4336193244761831,-0.4058108244392753,0.580501652653463
7577611272894,-1.1463036146408558,2.5056711185951697,1.4997546216979356,0.5662682450088876,-0.4390344049090491,0.40225282191969847,-0.5698962478016073
7577644563594,-1.14629,2.50886,1.49796,-0.575348,0.444344,-0.398594,0.559157
7577677850894,-1.1426801192824878,2.536945429189801,1.4983626589006478,0.6183825543130622,-0.46797439555414316,0.36831369976595335,-0.5127845553365491
7577711142394,-1.1432911518450353,2.565266454636415,1.4991721871041837,0.6580303191825064,-0.48905079928757533,0.3360098145560242,-0.4635976911879293
7577744428194,-1.1481112017918176,2.5931866612714844,1.5003799365237989,0.6940623133877248,-0.5074516352728705,0.3018693871533888,-0.41188009917135693
7577777718994,-1.1570381306434598,2.620095617801409,1.501969255299942,0.7262927578670818,-0.5230821456066569,0.2660690602671033,-0.3578982452959853
7577811056994,-1.1698989528328265,2.645426266245836,1.5039177011367773,0.7545764915780222,-0.5358697923746814,0.2287567173071368,-0.30187455716734685
7577844296894,-1.1863499880396149,2.6685108597564158,1.5061830401973706,0.7786448735164517,-0.5456955293070967,0.19030264014712836,-0.24436336753660373
7577877586894,-1.2060983888749865,2.6889430990348995,1.50873477417414,0.7984822173867114,-0.5525555698359781,0.15074942930901666,-0.18542680583843324
7577910876194,-1.229620422171383,2.6999590254822254,1.50702793878768,0.8020841369681927,-0.5545984090633129,0.14746028039932585,-0.1653393709706918
7577944165994,-1.2535788211048695,2.7100896655265485,1.5057706520341207,0.8053377796690785,-0.5564052005337666,0.14410769998238498,-0.14518017861417848
7577977454894,-1.2779313920372986,2.7193164378542076,1.5049648519027863,0.8082416067354428,-0.5579750824420966,0.14069335595554183,-0.12495876161923455
7578010743794,-1.3026369165008609,2.7276230237967027,1.5046116273928483,0.8107944545370607,-0.5593074176657444,0.13721871047618134,-0.10468328678103585
7578044039694,-1.3276582125957683,2.7349958639407608,1.5047114104106851,0.8129956449776575,-0.5604018229488855,0.1336845926756791,-0.08435821100560592
7578077326694,-1.3529402923810856,2.7414181272393234,1.505263711462042,0.8148432059637001,-0.5612573094922112,0.13009429825332536,-0.06400199839331895
7578110611994,-1.3784450309244245,2.746879912239288,1.5062672654935918,0.8163369082160193,-0.561873791225263,0.12644870541531278,-0.04361903159460759
7578143901394,-1.385129322670813,2.752355347353776,1.5085730202079695,0.8178510772909766,-0.5612783346763346,0.12059953512555244,-0.0392682890440916
7578177197494,-1.3919084563856323,2.7577331148417783,1.510864031051569,0.8193197621373998,-0.5606516203495556,0.11474275927475186,-0.03491399668541108
7578210479394,-1.398776710194486,2.7630086527224234,1.5131380795036171,0.8207419765798816,-0.5599940836414329,0.1088823846795582,-0.030559130760441894
7578243770794,-1.405737499273375,2.768184540978392,1.5153960059562366,0.8221186659227792,-0.5593052960955096,0.10301456824023636,-0.02620083264214774
7578277066294,-1.4127882734373924,2.7732587024769675,1.51763665548566,0.8234495040730958,-0.5585853854081321,0.09714058706038323,-0.021840050269752283
7578310349994,-1.4199241386016324,2.778227596969394,1.5198581904371231,0.8247337993325632,-0.5578347429337436,0.09126357738324795,-0.017479109180152823
7578343638294,-1.4271470667966948,2.783092576697668,1.5220609415817794,0.8259721300591315,-0.5570530471907512,0.08538097449592856,-0.013116103659447126
7578376929694,-1.4074546221562516,2.7860699441900003,1.5212184323996134,0.8265329111790802,-0.5541059355819096,0.095058157001235,-0.02781916027237331
7578410217994,-1.3876569328484012,2.7883442363956203,1.5203991078403083,0.8268312399508548,-0.5509808813758179,0.10470397255414458,-0.04251172933485311
7578443505694,-1.3677775931663205,2.7899123272522943,1.5196007057221337,0.8268670852680935,-0.5476786749974322,0.11431610486836792,-0.05719021263318342
7578476794894,-1.3478405128715096,2.7907717731197796,1.5188209477693826,0.82664042502712,-0.5442001529967926,0.12389212399989218,-0.07185083715619155
7578510085694,-1.327870865944569,2.7909208668284387,1.518057575733653,0.8261512913179708,-0.5405463895569533,0.13342902961444159,-0.08648895100959618
7578543374494,-1.3078960917657854,2.7903588996575466,1.517308387136416,0.8253998945747965,-0.5367189482774162,0.1429227802263418,-0.10109828627762141
7578576662894,-1.2879405157786763,2.7890861226311108,1.516571036127365,0.8243864632082024,-0.5327188851253274,0.15237083936334062,-0.11567487204060536
7578609953994,-1.2855522065314728,2.7981199833142436,1.513382899203509,0.8146519176850914,-0.5558679939730741,0.13855546957064369,-0.09030729837843818
7578643243094,-1.2837834745254872,2.8071504781595347,1.5097524161284768,0.8037223580864764,-0.5782044568012269,0.12453573947335779,-0.06481378588646011
7578676535094,-1.2826375062910258,2.8161214257025926,1.5056880956677756,0.7916120470745298,-0.5996988867084657,0.11033033187462697,-0.03922792469063446
7578709821394,-1.2821142824498604,2.8249733747052046,1.501202632955588,0.7783419088015111,-0.6203144361561034,0.09596396170524907,-0.013593798342961802
7578743109894,-1.2822096890367956,2.83365199197102,1.4963090858906953,0.7639283300040722,-0.6400260111745122,0.0814545095141125,0.012057135524156727
7578776400894,-1.2829163338923293,2.8421018787854235,1.4910237657746033,0.7483919715121035,-0.6588047909641388,0.06682329231106454,0.03768755741135485
7578809692894,-1.2842231684682288,2.8502685159978927,1.485365582346085,0.7317560395682123,-0.6766223348646245,0.05209260969880276,0.06325879016039708
7578842978194,-1.2963942171181786,2.856987263448833,1.467163552250667,0.7144628867213677,-0.6946100659878247,0.03259538883930278,0.07744146403945804
7578876268194,-1.3087129777490147,2.8622510790407425,1.44854786908925,-0.6963061566579096,0.7117653288527083,-0.013054829699510762,-0.0915282703048815
7578909564994,-1.3211010136704908,2.8660367442042327,1.4295831139103996,-0.6773060520476596,0.7280681810003958,0.0065066435981501365,-0.10550307703320562
7578942846194,-1.3334704096605863,2.8683266415424225,1.41034978151182,-0.6574984797231204,0.7434884437327984,0.02605218045320805,-0.11933971296764724
7578976136294,-1.3457507741751684,2.8691144484403073,1.3909027582188562,-0.636892884850461,0.7580192312271605,0.045572489985014605,-0.1330317498689986
7579009433894,-1.3578624354736537,2.868397803311798,1.3713127219806935,-0.6155142959297865,0.7716418361826538,0.0650430718240676,-0.14656202429828474
7579042714094,-1.3697182124287455,2.86618394035203,1.3516650338598675,-0.5934046995867719,0.7843301486724998,0.08442581303798982,-0.1599042291016149
7579076005194,-1.3516351555853876,2.873316059820628,1.367793943178241,-0.6155775816925119,0.7733704082668637,0.06633794386336994,-0.13624143913921263
7579109331694,-1.3332689845181778,2.8785592256170265,1.3843996704371764,-0.6368530351821018,0.7612347197680698,0.048131241236347086,-0.11235344505631072
7579142605594,-1.3147895466353818,2.881869306710632,1.4013515925995583,-0.6571436752736324,0.7479742548535989,0.02988089851077953,-0.08833932322728631
7579175871894,-1.2962940455194982,2.8832358036469947,1.4185830594634297,-0.6764490683900665,0.7335941014122717,0.011589542331173522,-0.06420307434918412
7579209161594,-1.2778872122088278,2.882650036331983,1.4360199792345336,-0.6947574990653016,0.7181016767155108,-0.0067327082213406485,-0.03995835370615054
7579242451594,-1.2597033444298147,2.880113446146783,1.4535588681007416,0.7120276713360397,-0.7015298394022239,0.025045920083068825,0.015658274721658608
7579275746694,-1.24186,2.87564,1.47111,-0.728236,0.683901,-0.0433255,0.0086642
7579309030894,-1.2380751346019374,2.87387776985526,1.467537442874162,0.7268095593969556,-0.6850589410711903,0.047466310388493645,-0.013749945662662546
7579342319894,-1.2343050401350608,2.8720232900845044,1.463972853098243,0.7253483196701709,-0.6861864430252956,0.05160667120463105,-0.018834331608245474
7579375610394,-1.2305513147610443,2.8700769459854745,1.4604169074453366,0.7238523251413788,-0.6872831982396366,0.05574596100383256,-0.02391661842057277
7579408897494,-1.2268157265682895,2.868039276341903,1.4568704485982193,0.7223218614640531,-0.688349004985861,0.05988336898444682,-0.028995825650478358
7579442187294,-1.2230988043009108,2.865910172069254,1.4533331452995153,0.720756713633884,-0.6893840177801582,0.06401945176713524,-0.034072651443719855
7579475476594,-1.2194021171234242,2.863690107406732,1.4498056559979282,0.7191570944390558,-0.6903880939477964,0.06815361013271087,-0.03914637504267954
7579508766394,-1.215726760543305,2.8613793109436525,1.4462881914162515,0.717523023547573,-0.6913612246250697,0.0722857665541154,-0.04421691664687825
7579542059994,-1.2404734053649538,2.8581641952803567,1.4657919284045655,0.7492898899722298,-0.6600694152641692,0.05195707355311429,-0.013171572647856589
7579575344594,-1.2647810944200515,2.851582942008078,1.4850395824111755,0.7785348257081735,-0.6265585080748516,0.031436517330272015,0.01788033827151517
7579608651394,-1.2884412395514515,2.8417037481591185,1.5037365623019994,0.805184431868838,-0.5909097051914642,0.010772275191294057,0.048864190096597475
7579641931194,-1.311197109962431,2.828662560568987,1.5215507858303967,0.8291094616252166,-0.5532970804286717,-0.009937119206387755,0.07963099330367424
7579675212694,-1.3328593808743583,2.812615057521345,1.5382058376211496,0.8502522893191192,-0.5138181022620715,-0.030641202484099458,0.11010503624143932
7579708502794,-1.3532366901258424,2.793760397803927,1.5534274784923359,0.8685439980927997,-0.4725976729633667,-0.05127592452140415,0.1401910926238213
7579741799994,-1.3721489932035043,2.7723392691825617,1.5669561400749121,0.8839192926839148,-0.4297762980032613,-0.07177207487201914,0.16978747587600548
7579775081094,-1.3705033566859715,2.770707392188511,1.5653537824955368,0.8839713582833528,-0.43745961946983236,-0.0657401055802388,0.1513339274131639
7579808371194,-1.3688945201801477,2.7689127212214744,1.563794297986462,0.8836354786213098,-0.4449587173010768,-0.05967193881765356,0.13281317907953086
7579841698594,-1.367327862866014,2.7669555197537488,1.5622781758276911,0.8829106402306923,-0.45227641022862025,-0.053565115733998164,0.11421746142576059
7579874950094,-1.3658152002865902,2.764845115963653,1.560812132567447,0.8818002311897413,-0.45938509607733274,-0.0474432139575905,0.09561813230299475
7579908239194,-1.3643577674096083,2.7625772582343497,1.5593926535216818,0.8803015520810054,-0.4663063753825728,-0.041288183323604365,0.07695990903825604
7579941527694,-1.3629637175487306,2.760157241955332,1.5580229388724578,0.8784162690396178,-0.4730290666716315,-0.035109853356761714,0.05827227958085801
7579974818094,-1.361639227315915,2.75758809642878,1.5567042988578161,0.8761449797487256,-0.479550832820605,-0.028910582594013697,0.039561994593853234
7580008115594,-1.3535647463556415,2.7719912813850494,1.5464444608988663,0.8617281232520252,-0.5058308233631684,-0.020151220954096657,0.033966866595860304
7580041395794,-1.3452925967274012,2.785544884937064,1.5352456844231084,0.8464529682268904,-0.5315865390721503,-0.011358649318713646,0.02835674774783645
7580074685894,-1.3368401500138292,2.7982016111024284,1.5231494243390409,0.8303225517253845,-0.5568134639592057,-0.0025350276933867643,0.022733237441907177
7580107989694,-1.3282311200557622,2.8099068478578197,1.5102072568070497,0.8133502294359327,-0.5814886913893873,0.006311294785178164,0.017101860159297332
7580141264094,-1.319502269932854,2.8205949099474483,1.4964937250277213,0.7955754784619697,-0.6055560660863529,0.01515944487878008,0.011476067575428125
7580174555994,-1.3106674539597287,2.8302341972130716,1.4820502677077652,0.7769914348459556,-0.6290257882679363,0.024012448705727222,0.005854073545767198
7580207842894,-1.3017591266340334,2.8387746183710174,1.466949466082249,0.7576287610390487,-0.6518582343163741,0.03285486848147282,0.0002457995937060701
7580241133094,-1.313238383830664,2.844590715053233,1.4602521292722872,0.7567001619091677,-0.6531630746091823,0.022769818461631824,0.016260329053979693
7580274426094,-1.3249839480127144,2.850036533063678,1.4535980767747396,0.7555019054803715,-0.654228417817681,0.012675194697053069,0.03227053725448962
7580307710594,-1.336977447397148,2.855100864070934,1.4469919236870896,0.754034897280931,-0.6550535870459908,0.0025779795923621656,0.048265161368606375
7580341001294,-1.3492094756400508,2.859777073720885,1.4404330402802963,0.7522990426297018,-0.6556386829208481,-0.007522729242961156,0.06424543922323886
7580374295594,-1.3616641634728082,2.8640562711013398,1.4339241741974926,0.7502949796324743,-0.6559833530806589,-0.017622585175397224,0.08020429234833094
7580407578894,-1.3743206487364932,2.8679289331971582,1.4274702933267438,0.7480243925816698,-0.6560874143458612,-0.027713603652456783,0.09612891871014069
7580440868894,-1.38717,2.87139,1.42107,-0.745487,0.655951,0.0377976,-0.112022
7580474196394,-1.3896650566082172,2.8736769320983937,1.4136706016039937,0.7441374339836533,-0.6588968464812135,-0.04220978865389549,0.10165017847072226
7580507446694,-1.3919798335374889,2.875955544339698,1.4062158229536936,0.7426906488841684,-0.6617440180768644,-0.046605246561767885,0.09128748869596744
7580540737594,-1.394121373925484,2.878232007903064,1.3986830741050251,0.7411418140326808,-0.664502317534984,-0.05099892282410911,0.08089864865226773
7580574064294,-1.3960874101721898,2.880504069278687,1.391076951564678,0.739491013368755,-0.6671706605217409,-0.05538952860241876,0.07048653067812193
7580607316294,-1.3978704828767303,2.882762307779807,1.383426560536349,0.7377441147741277,-0.6697400078303479,-0.05976189163199543,0.060087097917188435
7580640606294,-1.3994757759442522,2.885012495317942,1.3757098807150896,0.7358955953489779,-0.672218879829074,-0.0641302180892694,0.04966654281446697
7580673893994,-1.4009,2.88725,1.36794,-0.733948,0.674604,0.0684886,-0.0392389
7580707185594,-1.3975871632220855,2.8880635200713662,1.3850378947235573,0.7378625091878882,-0.6679757234722228,-0.07454289802424878,0.061730922080109746
7580740473194,-1.3938034144040574,2.888710081833105,1.40209240225774,0.7413266378967885,-0.6609548571108247,-0.08053037694110288,0.08419234642161326
7580773763994,-1.3895410309755196,2.889211052911768,1.419094526389744,0.7443391915102802,-0.6535435779918704,-0.08644843444215973,0.1066143884750384
7580807052794,-1.3847949190906412,2.8895879607476527,1.4360290023073958,0.7468982118648803,-0.6457471380043561,-0.09229231644688726,0.1289799333117174
7580840342994,-1.3795600744853065,2.889862803390156,1.4528850624581493,0.749002785113061,-0.6375690957149356,-0.0980588515078369,0.15127768415427675
7580873630294,-1.3738338861760808,2.8900577936789156,1.4696481745031913,0.7506517597340546,-0.6290151028009197,-0.10374358785624221,0.17349122178147772
7580906920594,-1.3676132371847447,2.8901954445496414,1.4863091126545351,0.7518447919875678,-0.6200884355168034,-0.10934388025817172,0.19561098320283685
7580940211494,-1.3765758910525474,2.8835205501024364,1.4902508458634014,0.7530644433832413,-0.595402594641909,-0.1360183648424397,0.2447216762592976
7580973500694,-1.384307404694423,2.8754191679274985,1.4941751397675394,0.7514848539631566,-0.5684817924322791,-0.16212705003734432,0.2929399009748326
7581006792694,-1.390658816729006,2.8660393571973484,1.4979927976613523,0.7471139173420621,-0.5394204041634805,-0.18757645406588352,0.3400904232200245
7581040077194,-1.3954992376253532,2.855552361495283,1.5016142561594141,0.7399721893264988,-0.5083340011616567,-0.21226455990830007,0.38598116390993065
7581073368894,-1.3987241936335129,2.844138068250616,1.5049552694531154,0.7300854642762958,-0.47532268573081876,-0.23611099071939867,0.43045924237215644
7581106661594,-1.4002500541465452,2.831996436897785,1.5079330833301936,0.7174936659698445,-0.44051295477068847,-0.25902304085068867,0.4733479061755877
7581139945694,-1.40002,2.81934,1.51047,-0.70225,0.404043,0.28091,-0.514473
7581173235494,-1.4130840239539195,2.798033611866319,1.5087388988266663,0.6836133849870637,-0.4017832275512619,-0.28751610306030984,0.537194069593134
7581206530894,-1.424850230620102,2.7760330342032855,1.5074232178123739,0.6643513866953441,-0.3991479021034999,-0.29387199681531906,0.5594259886080781
7581239813994,-1.4352744865513625,2.753433753226397,1.5065325372142755,0.6444924269423981,-0.3961415215271468,-0.29996893272221564,0.5811368564611522
7581273104394,-1.4443298930010353,2.7303082704835835,1.5060736789139482,0.6240429231309106,-0.39276545210736924,-0.30580519300617465,0.6023196108807837
7581306400594,-1.4519868726782945,2.7067449254024347,1.506052782120937,0.6030219669270991,-0.389023026195916,-0.311375221109729,0.622953500810142
7581339696994,-1.4582204912099852,2.6828367690433077,1.5064742360551975,0.5814519778341639,-0.384918513082684,-0.3166731014008685,0.6430159271807426
7581372971994,-1.46301,2.65869,1.50734,-0.559367,0.380459,0.321691,-0.662476
7581406260394,-1.4719218763855684,2.661419953777642,1.5092747242324778,0.5671844408231593,-0.3922250847189906,-0.3146738596375736,0.6522588865366983
7581439552794,-1.4807854392100508,2.664463162803595,1.511096549439292,0.5748079428282811,-0.4038494130434755,-0.30754879109719113,0.6418062180601058
7581472839094,-1.4895859738045518,2.6678156535048685,1.5128025308703252,0.5822325723953717,-0.41532427952432033,-0.3003203468802268,0.6311249192744752
7581506152094,-1.4983201319921962,2.671477557036604,1.5143920105235484,0.5894628987659706,-0.42665671812233114,-0.29298373335118794,0.6202080843161437
7581539418994,-1.5069570512284776,2.6754367205426406,1.5158595669601673,0.5964808066593236,-0.437818022709207,-0.28555752913131266,0.6090836755606431
7581572708394,-1.5155029055979035,2.6796966784534435,1.5172064818747482,0.6032985619201846,-0.4488273566129236,-0.2780290177203912,0.5977329792192557
7581605996894,-1.52394,2.68425,1.51843,-0.609909,0.459673,0.270406,-0.586168
7581639287494,-1.5325244757574368,2.679098941405759,1.51365724582708,0.5977450795243046,-0.4483438013543399,-0.28494484422635197,0.6004124344485573
7581672577694,-1.5409103976804874,2.6734885606093366,1.5088634272934611,0.5851799867687494,-0.436695365234845,-0.29929711376074053,0.6142334887990252
7581705864994,-1.5490741124666627,2.667430817060754,1.5040426370829572,0.5722230454179046,-0.4247368650096548,-0.3134520842592427,0.6276202455848328
7581739159094,-1.5569955432284304,2.6609365757683077,1.4991872379994715,0.5588791757598356,-0.41247337087496866,-0.32740437551747265,0.6405670613706744
7581772443894,-1.5646491825982574,2.654022930513009,1.4942934190474313,0.5451638928351054,-0.39991966974025306,-0.3411379307155297,0.6530585731240708
7581805758894,-1.5720228913698073,2.6466963689711913,1.4893492445415277,0.5310698513987546,-0.3870696323976875,-0.3546596390514561,0.6651003330616476
7581839028394,-1.57908,2.63899,1.48436,-0.516639,0.373962,0.36793,-0.676657
7581872311694,-1.5882370651337059,2.627763203975605,1.4896662093222637,0.4976913717944506,-0.36176450490998674,-0.37565602886464056,0.6930456618479323
7581905601894,-1.5966451610741272,2.6160674595383373,1.495059389458261,0.4783117017487873,-0.34927966720248793,-0.3830732878588392,0.7088557583726872
7581938898294,-1.6042778492999612,2.603946847330997,1.5005355972448968,0.4585161607874895,-0.33651802175926376,-0.39017459511206576,0.7240734331938082
7581972180094,-1.6111074497117075,2.5914545861099163,1.5060872988487515,0.4383337905510695,-0.3234984103379024,-0.3969491715282521,0.7386769400712435
7582005470794,-1.6171184551034397,2.5786286990010736,1.511714121642489,0.4177673044924695,-0.3102226827738034,-0.4033956890006996,0.752664788923576
7582038767194,-1.6222919494190238,2.565518063055156,1.517411122643828,0.3968356258325432,-0.29670312660657355,-0.40950738782468804,0.7660237855634627
7582072047894,-1.62661,2.55218,1.52317,-0.37557,0.28296,0.415275,-0.778735
7582105338294,-1.6339834991440414,2.546946715672293,1.5275993303571902,0.3686060179163087,-0.27784025899075565,-0.42575867780513776,0.7782441405583806
7582138627094,-1.6412924207195545,2.5415107039786897,1.5318887297855541,0.36154998829556445,-0.2726841168449416,-0.4361547082021507,0.7776207616165274
7582171917094,-1.6485323690100415,2.5358749335088167,1.5360355610388183,0.35440249555474673,-0.26749167430912085,-0.4464616612747377,0.7768648919417536
7582205207394,-1.6556981547373457,2.530043108518856,1.5400368319756896,0.3471650595312541,-0.2622637073285141,-0.4566771128931505,0.7759769222203333
7582238494994,-1.6627841791926676,2.524019481516994,1.543889459702573,0.3398396966351108,-0.25700133281655235,-0.4667980328664389,0.7749573485253847
7582271785594,-1.669786723352449,2.5178068627087558,1.547591498070544,0.33242652792546235,-0.2517042950548932,-0.47682405283909574,0.7738064189553098
7582305074994,-1.6767,2.51141,1.55114,-0.324928,0.246374,0.486752,-0.772525
7582338363094,-1.6743698549265775,2.5017893582754867,1.5434298711547478,0.2618356371532087,-0.20661427166963078,-0.509526666897457,0.7931804445265713
7582371653694,-1.6704408446996262,2.4925778544393284,1.5356377127439658,0.197081774420872,-0.16544224354334977,-0.5290247917921301,0.8086534535335621
7582404942994,-1.6650012172022584,2.4840298619569943,1.527773489209631,0.13109349211390908,-0.12313387419965312,-0.5451219388941944,0.818837356919064
7582438231494,-1.658178431915325,2.4763810230688827,1.519847874991254,0.06429755299028547,-0.07996784494103887,-0.5577186839123499,0.8236630610085799
7582471525094,-1.6501346532608099,2.469842458077759,1.5118717604922634,-0.002885306393625033,-0.03622157365125361,-0.566739054777698,0.82309569091262
7582504810294,-1.641068850715186,2.4645997841799105,1.5038619823379096,-0.06999302028495939,0.007797907477888195,-0.572125379421784,0.8171369040569856
7582538100294,-1.6312,2.4608,1.49583,0.136618,-0.0518166,0.573849,-0.805821
7582571394994,-1.6246126135187824,2.4556872417535796,1.4927051929596715,-0.14577051537894678,0.061485556065047506,-0.5760677405823159,0.8019454105498166
7582604678194,-1.6179454879108648,2.4508855440277806,1.4895054703943842,-0.15488680384647,0.07114853053645355,-0.578161617012763,0.7979204905314287
7582637968894,-1.6112035942975858,2.446394592327371,1.4862303303228939,-0.16397013313507897,0.08080923200687831,-0.5801316620259347,0.7937448697013101
7582671282894,-1.6043924677984034,2.442214922646199,1.4828794667755552,-0.17302280067262937,0.0904704177875293,-0.5819783638723782,0.7894171254395103
7582704546694,-1.5975360876094213,2.438357353478368,1.479461749428952,-0.1820229260099607,0.10010896142548903,-0.5836975521881599,0.7849477803132083
7582737836694,-1.5906276918496736,2.43481440745184,1.4759708321669247,-0.19098927800815174,0.10974518983876162,-0.5852930900937716,0.7803275515331131
7582771134494,-1.58368,2.43159,1.47241,0.199915,-0.119372,0.586764,-0.77556
7582804414394,-1.565257209153255,2.421366000131575,1.4726848058285056,-0.19957544250675496,0.11200431192524604,-0.5909829906532345,0.7735397737782744
7582837704794,-1.5469199963100622,2.4109485571807663,1.47301592290175,-0.19921817102442263,0.10462475331710877,-0.5951572799907976,0.771461984417232
7582870994894,-1.5286767343694336,2.4003409263710385,1.4734002904039276,-0.19884324023990957,0.0972362079712558,-0.5992848687825932,0.7693270642051365
7582904283594,-1.5105303776189944,2.38954349533539,1.4738348930232914,-0.19845071082434657,0.08983947394826583,-0.6033652940099606,0.7671352594414393
7582937573794,-1.4924816796481495,2.3785554041589925,1.4743167523554241,-0.19804059711520225,0.08243446117369901,-0.6073985840196243,0.7648865547492724
7582970861594,-1.4745350599182752,2.3673780887683535,1.4748427769768022,-0.1976129978706913,0.07502259224134045,-0.6113839454681378,0.7625813956226317
7583004152194,-1.45669,2.35601,1.47541,0.197168,-0.0676033,0.615322,-0.76022
7583037440294,-1.4525906955908459,2.350159553280475,1.4779371413817657,-0.19399559759952292,0.06468708343182719,-0.6154489320125104,0.7611858520977307
7583070729594,-1.4485390449699718,2.3443026245085505,1.4804675783219188,-0.19082025095913602,0.06176920830583115,-0.6155612156131881,0.7621394797292538
7583104019994,-1.4445351359591585,2.3384396971954384,1.483001362723057,-0.18764194183236077,0.05884969488729903,-0.615658529198116,0.7630804613555935
7583137308994,-1.440579335869174,2.3325716792107136,1.4855383630050767,-0.184460983951958,0.05592880877025644,-0.6157408657108681,0.7640087041668087
7583170597994,-1.436671538080304,2.3266987919004025,1.4880787437869536,-0.18127731873731207,0.0530064738908887,-0.6158082301546303,0.7649242257314692
7583203893094,-1.4328110989521077,2.3208204261663865,1.4906230293197547,-0.1780904372929054,0.05008220094391877,-0.615860631660726,0.7658271682722454
7583237177594,-1.429,2.31494,1.49317,0.174902,-0.0471575,0.615898,-0.766717
7583270466794,-1.418929051354662,2.313159939128891,1.4874370103892487,-0.19409343391144374,0.05950288413814029,-0.6115809867087771,0.7646932995574276
7583303761494,-1.4087408228897054,2.3117669144042114,1.481774100142038,-0.21318171539974307,0.07181769538471643,-0.6069237001627146,0.7622594027164575
7583337044894,-1.39845871902596,2.310766623213636,1.4761822664931892,-0.23214676681800892,0.08408922312153669,-0.6019311710308038,0.7594180314900659
7583370336394,-1.3880951967583965,2.3101626736278056,1.4706562361046531,-0.2509892336796278,0.09631813660245334,-0.5966032694585167,0.756169134525969
7583403642194,-1.3776668582757585,2.309958745353085,1.4651928832833592,-0.2697021316728486,0.1085001971324574,-0.5909415855109986,0.7525134616118747
7583436912694,-1.3672079926530873,2.310157285439944,1.4597979681704736,-0.28824744919358836,0.12061087970194315,-0.5849579630368589,0.7484588199832254
7583470203294,-1.35672,2.31076,1.45446,0.306646,-0.132664,0.578646,-0.744001
7583503498294,-1.3480085858918611,2.3133959029299955,1.45823785338139,-0.30884880894826683,0.1444456593851733,-0.5708543823283281,0.7469090566277548
7583536780994,-1.339326914116037,2.3162865143978015,1.461837898134956,-0.31098724987423604,0.15619282910327328,-0.5629451269899889,0.7496555972915833
7583570071094,-1.3306759299408921,2.319429174423521,1.4652571452556735,-0.313062142470452,0.167909933936975,-0.5549151854466657,0.7522416406965144
7583603360694,-1.3220637617947073,2.3228186877211923,1.4684897234520724,-0.31507255684032737,0.17959166738772464,-0.5467681118621562,0.7546659849109991
7583636650794,-1.3134961865704604,2.3264504189240416,1.4715308850300208,-0.31701814848057414,0.19123587196030623,-0.5385053721747491,0.75692819933496
7583669939294,-1.304979742123781,2.3303191851470397,1.4743757670475073,-0.3188984066927683,0.20283931445546824,-0.5301292282527086,0.7590276807022501
7583703227694,-1.29652,2.33442,1.47702,0.320713,-0.2144,0.521641,-0.760964
7583736519094,-1.2965190234651174,2.331039637889731,1.4843323301302616,-0.3196765545262204,0.20591284610258753,-0.5299224123585511,0.7580165151078639
7583769806894,-1.2965959531290763,2.3275165427111455,1.491573565153024,-0.31859252989154907,0.19739903322198082,-0.5381257103223734,0.7549524100699134
7583803096194,-1.2967520039257348,2.323852585510807,1.4987414145766047,-0.31746091270674204,0.1888585816206579,-0.5462510033977925,0.7517718046977689
7583836386194,-1.2969883429146594,2.3200503218864434,1.5058323357711672,-0.31628183743859634,0.18029299074780294,-0.5542968745717554,0.7484752578633859
7583869675794,-1.2973060780184624,2.3161124396270254,1.5128427766807047,-0.31505546159466014,0.1717038432211787,-0.5622618548477311,0.7450633885285478
7583902963594,-1.2977062534106356,2.3120417630261034,1.5197691818243484,-0.3137819678026902,0.16309280551472086,-0.5701444270776285,0.7415368809058198
7583936257694,-1.29819,2.30784,1.52661,0.312461,-0.154459,0.577945,-0.737895
7583969544694,-1.3041616502433855,2.3076139452908166,1.519474235089815,-0.3162512763048241,0.15972991406803902,-0.5628965540316411,0.7467388795601114
7584002854794,-1.3100577665136321,2.307056836876953,1.5123190415584056,-0.31992722755996494,0.16495750888115307,-0.5476432463356292,0.7553293745595309
7584036128094,-1.3158644725736166,2.3061704117684365,1.5051697791253698,-0.32348135315798787,0.17013079644825574,-0.5322182489958501,0.7636485197358474
7584069410694,-1.321586712348171,2.304954847793374,1.4980290294808531,-0.32691763513617994,0.17525531842899206,-0.5166057971691809,0.7717051791523205
7584102711694,-1.3272228585331958,2.303410865219362,1.4909073337239203,-0.33023581872957014,0.1803307401179233,-0.5008068343307029,0.7794983276981372
7584135995794,-1.332763973380714,2.301542004453975,1.483824685696158,-0.33343137710511567,0.185350020279445,-0.4848435958968789,0.7870168830857311
7584169279194,-1.33821,2.29935,1.47679,0.336505,-0.190314,0.468714,-0.794262
7584202569394,-1.3220972756272769,2.3048345139172284,1.4898289421815682,-0.352962561579211,0.2092872399747792,-0.45655778491842014,0.789411977574173
7584235864994,-1.30621152837335,2.311252794002748,1.5026186337271283,-0.3691433543075719,0.22809532883502934,-0.4440401059458195,0.7839222469389548
7584269147194,-1.2906116784016748,2.3185818872232162,1.515134627588562,-0.3850255378565308,0.2467124376118045,-0.4311781203910305,0.777800576511736
7584302437394,-1.2753367697746028,2.326804366355562,1.5273686183960897,-0.400606814942743,0.2651354538374874,-0.4179738729313157,0.7710481259212143
7584335728094,-1.2604384606393033,2.3358939488916164,1.5393022738171198,-0.41587121822092693,0.28334518207562676,-0.40444070632930146,0.7636716262333098
7584369015394,-1.245965322419058,2.3458219158125324,1.55091977144818,-0.4308049130841231,0.30132472109877123,-0.39059100410282527,0.7556779782627489
7584402305894,-1.23196,2.35656,1.56221,0.445399,-0.319063,0.376433,-0.747072
7584435594194,-1.2117144596171971,2.35681343520197,1.5542870686996693,-0.4491924603243317,0.31538173335501307,-0.38779760856158724,0.7405224578955558
7584468917994,-1.191491902187143,2.3572747364579256,1.5462469303173907,-0.4529016808012449,0.31162251369700444,-0.39909506065527417,0.7338219191637237
7584502172994,-1.1713561182571275,2.357944709862829,1.5381217632552058,-0.45651462672796755,0.3077980098728028,-0.41028780343375787,0.7269929154092689
7584535462494,-1.1512450029346657,2.3588274871645987,1.529893412399017,-0.460042082926344,0.3038972393692785,-0.4214084052226958,0.7200157677774748
7584568752594,-1.1311795708038415,2.3599246912359892,1.5215771019310056,-0.4634797580381815,0.2999248617838411,-0.43244310015374976,0.7128986998881585
7584602043294,-1.111160236178885,2.361238329467882,1.5131798862094172,-0.46682710687089596,0.2958816919450715,-0.44338959121519117,0.7056430734190599
7584635330194,-1.09119,2.36277,1.50471,0.470083,-0.291769,0.454244,-0.698251
7584668623794,-1.0811984917000983,2.3613727114247602,1.502497255185658,-0.46927452675126796,0.28796616637278044,-0.46655544315480474,0.6922303980825759
7584701910294,-1.0712494010626812,2.3599909413286206,1.500134796603112,-0.46837893077858533,0.2841118774341477,-0.478768315604046,0.6860630570707169
7584735198694,-1.0613414234623217,2.358628911744974,1.4976228013287383,-0.46739624888682685,0.28020612537101836,-0.49088365596520556,0.6797488581360902
7584768494394,-1.0514743304550633,2.3572909960228547,1.4949617130613233,-0.4663263834120292,0.2762491777451736,-0.5029009510165228,0.6732879988501574
7584801778794,-1.041654952900294,2.355982503095957,1.4921540900899506,-0.4651700621587804,0.27224418491218033,-0.5148110894002846,0.6666854275317493
7584835067694,-1.0318799070237232,2.3547073464737083,1.4891998208716126,-0.46392689333052567,0.26819020062119686,-0.5266173614828581,0.6599393976118427
7584868362694,-1.02215,2.35347,1.4861,0.462597,-0.264088,0.538318,-0.653051
7584901645694,-1.0161212066094305,2.3474909943191706,1.48286914062192,-0.4602671402587804,0.2668603854698612,-0.5406035419084828,0.6516805235242837
7584934935494,-1.0101402087615838,2.3415059506304963,1.4795909047570899,-0.457926830205828,0.2696239470732499,-0.5428823408991156,0.6502958628825658
7584968232094,-1.0042075203567367,2.3355148933428818,1.4762655678344128,-0.45557605262195683,0.2723785778129029,-0.5451542560910423,0.648896916075149
7585001513794,-0.9983274698005685,2.3295217578993612,1.4728956223059104,-0.45321640935473945,0.27512242915406315,-0.5474177632361744,0.6474846158492638
7585034804094,-0.9924963687303593,2.32352234445193,1.4694790147634516,-0.45084630377736895,0.2778573847025033,-0.5496744163951753,0.6460579850889493
7585068094094,-0.9867162689524722,2.3175182873907985,1.4660169587278942,-0.4484664324525068,0.2805826535072576,-0.5519235633357039,0.6446174165727813
7585101381694,-0.980988,2.31151,1.46251,0.446077,-0.283298,0.554165,-0.643163
7585134672094,-0.9716644129479776,2.3190206723143136,1.4631587937965498,-0.47141998426355025,0.291532337694619,-0.5435951726265298,0.6302986457326385
7585167961694,-0.9627566304314491,2.326931516621027,1.4639889655589717,-0.4962983527407649,0.2994746364243051,-0.5325028768138276,0.6168010808926419
7585201251194,-0.9542908559397848,2.3352159139005164,1.4649954088365529,-0.5206882966689805,0.3071167372219271,-0.5208988051748279,0.6026835340355253
7585234540794,-0.9462917039397287,2.3438456573715416,1.4661723533762823,-0.5445660792903181,0.3144506399503631,-0.5087942682469156,0.5879600096267295
7585267828794,-0.9387823751588109,2.3527906527345777,1.4675133131613136,-0.5679071382061434,0.3214682550137433,-0.4962017784447517,0.5726459975073545
7585301122094,-0.9317822946032757,2.3620219104820324,1.4690115629397225,0.5906933664257624,-0.3281635634728581,0.4831309770779866,-0.5567535194833219
7585334429294,-0.925309,2.37151,1.47066,0.612908,-0.334531,0.469591,-0.540294
7585367696794,-0.9323217651985466,2.3618155673569574,1.478355521003728,0.5970468923764959,-0.32616081854867895,0.4821345984042843,-0.5519967008676447
7585400990094,-0.9395984161611683,2.3522710810774687,1.4860852789214887,0.5808046122720334,-0.3175863657581686,0.4944014812296404,-0.5633578596291963
7585434296394,-0.9471278342811601,2.3428921828562097,1.4938500564217347,-0.5641964501907898,0.30881612602048075,-0.5063786696140583,0.5743653966437311
7585467564794,-0.9548888774581333,2.3337042463710804,1.501641581416023,-0.5472582484037214,0.29986944713068403,-0.5180407365507536,0.5849961705050568
7585500860594,-0.9628867310727258,2.3246999135501407,1.5094786847784025,-0.5299672064987558,0.2907347020264352,-0.5294034367403868,0.5952647261857303
7585534144694,-0.9711016865382744,2.3159001483200554,1.5173556572289444,-0.5123538777249798,0.28142844237141795,-0.5404461158788849,0.6051524862677184
7585567434594,-0.979527,2.30731,1.52528,0.49442,-0.271952,0.551168,-0.614659
7585600729994,-1.0020082844453302,2.288939412870473,1.5182776668193652,-0.4613695789878209,0.2532494100497071,-0.5624532358259295,0.63769052478692
7585634011494,-1.0260043796412273,2.272571275013639,1.5117168833926908,-0.42737825988759764,0.23399315412878016,-0.5725732150242904,0.6593594924114324
7585667302194,-1.0513403660446692,2.258328878220863,1.5055841309952025,-0.39249310861232545,0.21421122293206757,-0.5815148617594006,0.6796345909492297
7585700597194,-1.0778107174313831,2.2463327969852185,1.499868319925363,-0.3567912503388016,0.19394873355040887,-0.5892584703120409,0.698468573095011
7585733880094,-1.105189892238488,2.2366863643015242,1.494556623837838,-0.3203647315860018,0.17325939675399868,-0.5957854580270128,0.715812341466541
7585767170194,-1.133273611742892,2.2294619517877314,1.4896272841431213,-0.28326830464978514,0.1521758461015482,-0.6010871888839331,0.7316390987390747
7585800460194,-1.16183,2.22472,1.48506,0.245587,-0.130748,0.605152,-0.745911
7585833748294,-1.1940244568484735,2.212068185298801,1.471967408243108,-0.2129068049183612,0.10425022885841358,-0.6387270838343745,0.7320042995630963
7585867038894,-1.2273934333771044,2.202784414011108,1.4587092509813877,-0.17955863210864986,0.07740573607232018,-0.6703136093021208,0.715853836228274
7585900328194,-1.2616508783772609,2.196959823706551,1.445550317863829,0.14565080142106765,-0.0502994136124151,0.6998104851562376,-0.6975106435754508
7585933621594,-1.2965086520664348,2.194641281576199,1.4327504044009802,0.11128408826746843,-0.023009593286146657,0.7271313961409853,-0.6770275792472166
7585966906894,-1.3316523744906466,2.1958332507152045,1.4205713180457822,0.07657889583994171,0.004370325711281634,0.7521827054304782,-0.6544751718869092
7586000195494,-1.3667884608650538,2.2004964552937416,1.4092581423927297,0.04163222422272811,0.03176595265238596,0.7748965073871831,-0.6299151411083086
7586033486394,-1.40161,2.20855,1.39905,0.00655463,0.0590926,0.795202,-0.603423
7586066777194,-1.4026535181728659,2.2075415173948265,1.396518963965457,0.010561293809816385,0.052304461308311734,0.7960587494905565,-0.6028624799735356
7586100063294,-1.4036922472245927,2.2065282672151985,1.3939881947250925,0.014571742944334928,0.04551691522135751,0.7968649849525632,-0.6022641202104334
7586133356194,-1.4047263496780809,2.2055099584512377,1.3914567717087167,0.018587107909736656,0.03872802964595791,0.797620722328274,-0.601627660976302
7586166642694,-1.405755220411179,2.2044870575918143,1.388925652628422,0.02260554221145238,0.031940921447738614,0.7983255801396497,-0.6009534383736292
7586199931494,-1.4067789355167604,2.2034593638787268,1.3863941297317253,0.026627839867389865,0.025154241736639937,0.798979674055806,-0.6002413703772252
7586233227194,-1.4077974414549055,2.202426802191141,1.3838618070870896,0.03065430222604052,0.018367477822563927,0.7995829989205767,-0.5994914322579176
7586266511894,-1.40881,2.20139,1.38133,0.0346825,0.0115847,0.800135,-0.598704
7586299800994,-1.3794236010765217,2.197464686020451,1.3841032362476504,0.07459803926152497,-0.036858601718511574,0.7927718714115737,-0.603812335015014
7586333096194,-1.349751404989982,2.197025023844649,1.38709941086732,0.11422419139581526,-0.08515987478865276,0.7822192480432977,-0.6064929330309887
7586366378194,-1.3202482190329263,2.2000817668623136,1.390243169272739,0.15337883390750082,-0.1330970260577312,0.7685266847910525,-0.60673457930782
7586399669394,-1.291329253840042,2.2065918244637435,1.3934606539165872,0.19193092896960348,-0.18050959202181005,0.7517404364942573,-0.6045371136931201
7586432978994,-1.2634133113448331,2.2164612343884214,1.3966756423849112,0.22973517657904055,-0.22721917837111819,0.7319194246697155,-0.5999059504736586
7586466246394,-1.2369590594788413,2.229514791293217,1.3998052856399392,0.26657178206317367,-0.2729540349099838,0.7091823804379516,-0.5928709228073037
7586499536294,-1.2123,2.24557,1.40278,0.302365,-0.31762,0.683579,-0.583449
7586532827194,-1.2281958247464544,2.2328819319949504,1.408848905178242,0.26990021181280366,-0.28686622038363624,0.6952551414881158,-0.6012336779493901
7586566114494,-1.2447840567629016,2.221519225557136,1.4150578547977377,0.23675805463902563,-0.255428930852104,0.7052391422113173,-0.6175268715937313
7586599405194,-1.2619335871637014,2.2115424599079714,1.4213950527215191,0.2030122439855707,-0.22337946138881506,0.7135077083244448,-0.6322929662610404
7586632696194,-1.2795028329138702,2.2030021147391476,1.4278457033603442,0.16874803490089585,-0.19080009068390835,0.7200385651608465,-0.6454950741819863
7586666005394,-1.297357255336254,2.195930002165102,1.4343981244384645,0.13403019524646376,-0.1577535922157476,0.7248167710132621,-0.6571075706177268
7586699273294,-1.315317913272775,2.1903578860779773,1.4410244209022358,0.0990057825645687,-0.12438110203025184,0.7278229157420901,-0.6670839525855797
7586732561694,-1.33327,2.18628,1.44772,0.0636956,-0.0907035,0.729056,-0.675421
7586765879894,-1.3524819220688453,2.180216315130925,1.4372640716419527,0.033783850798554164,-0.05841141486656908,0.7352852009945108,-0.6743904145500355
7586799140394,-1.3719754787092122,2.17631549767943,1.4268263919955915,0.003893179301293462,-0.026025121287442235,0.7400464407154406,-0.6720407739127963
7586832429894,-1.3916080616064939,2.17458365243124,1.4163939221346538,-0.02599474081906087,0.0064757571723152605,0.743345890866843,-0.6683705742701235
7586865722694,-1.4111706607969285,2.175027116845288,1.4059887061394856,-0.05579733471529298,0.03900212851231297,0.7451738071800592,-0.6633863794976158
7586899009494,-1.4304643601698515,2.17763010243257,1.3956273373918362,-0.08544706855068906,0.07148066710785571,0.7455277087489216,-0.6570979745772262
7586932297694,-1.4493021574518514,2.182360220840405,1.3853208420658139,-0.11489170701591948,0.10385438606759219,0.7444087465123668,-0.6495150346753942
7586965594294,-1.4675,2.18917,1.37508,-0.144079,0.136066,0.74182,-0.640649
7586998878994,-1.4451980554051191,2.175849590301474,1.383853176676035,-0.09742202828727131,0.08591705163817215,0.7456768118086722,-0.6535237570073882
7587032165694,-1.4209761330552988,2.165242443588438,1.3928429754217084,-0.050269069862664766,0.03536289192432193,0.7459051163500913,-0.6632104069544207
7587065461794,-1.3952242684855216,2.1575897656132614,1.4020226258143593,-0.002839064163980891,-0.015361097881258164,0.7425005445256321,-0.6696632868581756
7587098744294,-1.368386396477688,2.1530806936742173,1.411353433076531,0.04460418196716345,-0.06597241751300244,0.7354815463850211,-0.6728484242425099
7587132068994,-1.340864252634115,2.1518351359810364,1.4208159834126797,0.09190852712516306,-0.11630838786000157,0.7248647875651334,-0.6727527192834265
7587165329594,-1.3132058786564782,2.1539133422201595,1.430342587048714,0.1386930298614035,-0.16596374794972737,0.710738127483255,-0.6693814995769899
7587198616294,-1.2858,2.15931,1.43992,0.184857,-0.214832,0.693137,-0.662749
7587231902994,-1.2692605691392,2.1613633585831233,1.4459926996305004,0.2079387541645641,-0.22434454015919544,0.6762180098484617,-0.6701941546849196
7587265193594,-1.2530281025637493,2.164580069994104,1.4526001295199487,-0.23082108731958703,0.2336329770311527,-0.658640701020078,0.6770005056511738
7587298480894,-1.2371771227517563,2.168955908600702,1.459700827438615,-0.25347672649109,0.24268654306341775,-0.6404256732597826,0.6831601188396783
7587331771694,-1.2217739134993115,2.174483774852093,1.4672542616989621,-0.27588819724261754,0.2514985693691917,-0.6215866522469398,0.6886684296349808
7587365061694,-1.2068882732891837,2.1811506804026073,1.4752157513645998,-0.2980307139785828,0.2600596141637638,-0.6021440523326397,0.6935194523925323
7587398348894,-1.1925867303646753,2.1889392664408653,1.483539392117256,-0.3198813932106531,0.2683611804158252,-0.5821177808074677,0.697708435086767
7587431639694,-1.17893,2.19783,1.49218,0.341423,-0.276397,0.561523,-0.701232
7587464927794,-1.1689266705415577,2.2008608043547118,1.4904227700209545,-0.3573876279221611,0.27936526877630397,-0.5505139871283108,0.7008305643918539
7587498217994,-1.1590838676909454,2.2042391278229023,1.488839301558186,-0.37322745516590167,0.2822129316205872,-0.5393063291558787,0.7001469926157718
7587531508194,-1.149416805462027,2.207961027889226,1.4874242206042516,-0.38893544115129003,0.2849384219801981,-0.5279051047868254,0.6991820354070154
7587564795894,-1.1399405305323,2.2120218933150246,1.4861718895202005,-0.4045043307217382,0.2875401375029816,-0.5163154739711813,0.6979364205212676
7587598089194,-1.1306668502216501,2.2164179411281637,1.485076072873707,-0.41993185095679725,0.2900173342162685,-0.5045389417232835,0.6964105417717602
7587631375594,-1.121613038645631,2.2211421676350813,1.4841310021424703,-0.43520622955824,0.29236778267754576,-0.4925843582761649,0.6946058359872704
7587664664494,-1.11279,2.22619,1.48333,0.450326,-0.294591,0.480453,-0.692523
7587697960494,-1.1196205444322058,2.2077880161281533,1.4955897449042668,-0.41855208945988215,0.2781480942279827,-0.4884892282641855,0.7133204468932379
7587731243894,-1.1277996217641346,2.190031295347356,1.5080666293657974,-0.38604002489454475,0.26122791171553755,-0.495662784282256,0.7328379640805467
7587764532594,-1.1372719382275955,2.1730229054113863,1.520762377512625,-0.3528300639913335,0.24385185981048615,-0.5019644635695972,0.7510518582122844
7587797828294,-1.1479702363181834,2.156869867197935,1.5336713878860173,-0.31897901387599675,0.22605002752307937,-0.5073824248496129,0.7679302368817356
7587831114594,-1.1598119806154115,2.1416813267543486,1.546779498394491,-0.28456362587633716,0.20786317708930221,-0.5119039789402351,0.7834352294756785
7587864401194,-1.1727148832176983,2.127546854219806,1.5600813048733218,-0.24963513892432412,0.18931878455368636,-0.5155222738168924,0.7975446573252243
7587897696994,-1.18659,2.11455,1.57357,0.214246,-0.170445,0.518231,-0.810237
7587930979394,-1.1967790492415589,2.104803118813313,1.5639591433837243,-0.19813795917348864,0.16585611049590457,-0.5247234104982005,0.8111093897994723
7587964269794,-1.207417223198669,2.09552625646656,1.5544409039516045,-0.18196304748765943,0.161203342820567,-0.5310432983564798,0.811724058337037
7587997558294,-1.2184841289834933,2.0867363736622857,1.5450258505720733,-0.16573134541279763,0.1564894644895132,-0.5371867586494193,0.812080387020386
7588030847194,-1.2299625945885204,2.078446279958339,1.5357208832622395,-0.14944706404518127,0.15171559575438037,-0.5431523634685679,0.8121782212739257
7588064137894,-1.241834702013679,2.0706684865925284,1.5265330158450547,-0.13311485949518279,0.14688299383981843,-0.5489385402935143,0.8120174254796848
7588097453094,-1.2540900363157923,2.063410467801995,1.5174633535737834,-0.11672890783593944,0.14198978162699674,-0.5545472727008036,0.8115975519486535
7588130714794,-1.26668,2.0567,1.50854,0.100333,-0.137049,0.559964,-0.81092
7588164006194,-1.24663585286904,2.0588895087130137,1.5099452319188837,-0.13247067800384174,0.14553221710694428,-0.5575947765124875,0.8064489806919772
7588197295294,-1.226700046458712,2.0621792700635937,1.5117459764656451,-0.16445697314478314,0.15384921802690366,-0.5545844696953056,0.801074520921333
7588230584694,-1.2069487543827924,2.0665570411099936,1.5139484011704074,-0.19625811492515988,0.1619916892124893,-0.5509362314375716,0.7948023111701888
7588263874194,-1.1874590210730662,2.0720055150777625,1.5165566897384457,-0.22783783969050272,0.16995080362612167,-0.5466541532946395,0.7876394351717801
7588297162094,-1.1683075756598773,2.0785022213511977,1.51957297945852,-0.25915873335466644,0.17771760057045347,-0.5417433062938931,0.7795943788017247
7588330459494,-1.1495624324809774,2.0860228452444347,1.5229988170867117,-0.2901956058571656,0.18528624753038073,-0.5362073643585615,0.7706731987197609
7588363741294,-1.13131,2.09453,1.52683,0.32089,-0.192643,0.530057,-0.760893
7588397030694,-1.1225841807362458,2.0911442865205,1.529946614363764,-0.31126234050918866,0.1890457599389409,-0.5346543505590038,0.7625760168390954
7588430326894,-1.1138793323078138,2.087524149762424,1.5329770748845477,-0.3015901439001246,0.18542646419656003,-0.539180271508202,0.7641629710305294
7588463610894,-1.1052059596191746,2.0836726537857375,1.5359189261041137,-0.2918801555946227,0.1817875764919161,-0.5436315001773474,0.7656526913804859
7588496898294,-1.0965655141813675,2.079589145276337,1.538772885089357,-0.2821291104683116,0.17812782347812922,-0.5480095432535999,0.7670457509381593
7588530195094,-1.087961971068331,2.07527393224029,1.541538769565807,-0.27233650325112807,0.17444696014455258,-0.5523145485598422,0.7683421936496857
7588563479594,-1.0794064221367972,2.0707311511056,1.5442141945962273,-0.2625100013174968,0.17074781632360836,-0.5565431315854784,0.7695410483619674
7588596768594,-1.0709,2.06596,1.5468,0.252646,-0.167029,0.560697,-0.770643
7588630063094,-1.0784170373781177,2.0583426422990847,1.5421153500350935,-0.23788903395464733,0.1599441097047984,-0.5585126679053191,0.7783895484165668
7588663345594,-1.086191584339595,2.050905963344077,1.5375453517831603,-0.22305961966500032,0.1528018537097315,-0.5561482382409019,0.7858722139631331
7588696637094,-1.0942220869377914,2.0436556758081266,1.5330848168196216,-0.20815321147538365,0.14560014791664525,-0.5536030003898926,0.7930930307589671
7588729924294,-1.1024986224950883,2.036604888971194,1.5287331117280039,-0.19318062945989653,0.13834432948782455,-0.5508788731386985,0.800046597411351
7588763214394,-1.1110158611514445,2.029761970530075,1.5244867033328042,-0.1781435426789403,0.13103532593131176,-0.5479762770128919,0.8067320629496276
7588796503794,-1.1197654742954675,2.0231373050341936,1.5203433339727466,-0.1630484950112308,0.12367643515191887,-0.5448965646640247,0.8131463960936125
7588829793594,-1.12874,2.01674,1.5163,0.1479,-0.11627,0.541641,-0.819288
7588863081994,-1.152530066845239,2.0160321871761795,1.5228544099631058,-0.12916387145673683,0.10244275131073882,-0.5445493808089602,0.8223674050415495
7588896372394,-1.1762990466800334,2.016352259573094,1.5293653163373822,-0.1103478413277155,0.08856601110728649,-0.5471515440891903,0.8249876383265826
7588929661994,-1.199996018157224,2.017698220973437,1.5358343560001324,-0.0914639862805237,0.07464862474632178,-0.549445333319388,0.8271467510246931
7588962952094,-1.2235731400056762,2.0200657718900215,1.5422640456050314,-0.07252217872299505,0.060697802051841825,-0.5514293448311566,0.8288437657836529
7588996240694,-1.2469805018642177,2.023448083551962,1.5486563326842635,-0.05353420319389274,0.04672214872571188,-0.5531021507858314,0.8300777919586424
7589029528794,-1.2701706986403511,2.0278362379150887,1.5550138072206707,-0.034510166542855554,0.03272902216722068,-0.5544626826281444,0.8308483574551758
7589062822094,-1.2931,2.03322,1.56134,0.0154575,-0.0187238,0.55551,-0.831155
7589096107894,-1.2968713514540826,2.0325024916775014,1.555463901619456,-0.01216808982719244,0.015782738198167785,-0.5581812977411361,0.8294796450889839
7589129396794,-1.3006867238003796,2.031897582530547,1.5495573239487956,-0.008881857936663469,0.012833203983325481,-0.5608336629825647,0.8277813865633091
7589162692694,-1.3045454689839702,2.031405748141049,1.543620000518405,-0.005598557520509576,0.009874949270767482,-0.5634674722747399,0.8260602576198087
7589195976194,-1.3084442076118394,2.0310277300829664,1.5376558382697167,-0.0023202334985594607,0.006909796621453248,-0.5660811347535966,0.8243173054735917
7589229264994,-1.3123838724735413,2.030763761121026,1.531662117350887,0.0009547262227643651,0.0039362690811395725,-0.5686759859949014,0.8225516501936443
7589262561294,-1.3163636132771603,2.0306143478219805,1.525638869190997,0.004226403534462252,0.0009542635045778465,-0.5712521266510855,0.8207632025687678
7589295845994,-1.32038,2.03058,1.51959,-0.00749279,0.00203441,0.573808,-0.818953
7589329133194,-1.3087715508616178,2.028214866117355,1.5197937579275065,-0.0017773088588113966,0.007473029891746013,-0.573986852610613,0.8188284851100504
7589362429294,-1.2971049938551076,2.026219182687304,1.5199380322225473,-0.011050303605565916,0.016981225753774105,-0.5740554629333429,0.818565729943851
7589395711994,-1.2853980868097439,2.024595541536284,1.5200228132493747,-0.02031824192489803,0.02648222469642412,-0.5740138103975376,0.8181650238754461
7589429034894,-1.2736419055654205,2.023342844358838,1.5200482680582998,-0.029594302802251442,0.03598973586144089,-0.5738616949481669,0.817625630240081
7589462290494,-1.2618843980118768,2.022465477722043,1.5200145158070675,-0.03884682596942607,0.045471511623823097,-0.5735997634645135,0.8169495560291344
7589495580194,-1.2500997538343568,2.0219607429578406,1.5199216977601768,-0.048102290703636745,0.05495489091951489,-0.5732274244735327,0.8161350681256918
7589528869994,-1.23831,2.02183,1.51977,0.0573495,-0.0644286,0.572745,-0.815183
7589562159594,-1.2223949347124943,2.0200327295343596,1.527227206588181,-0.1049545796109606,0.09579369704216714,-0.5684881796852842,0.8103266584432428
7589595448294,-1.2057467641748276,2.020859990129086,1.5347544860642652,-0.15224854980273012,0.12678804153922063,-0.5623342004959785,0.8028234043413054
7589628738494,-1.1886704981516905,2.0243785348835788,1.5423644377986383,-0.19907787466837892,0.1573134601040426,-0.554299667717617,0.7926994092692099
7589662029294,-1.171478454292333,2.030619685340607,1.5500676940673914,-0.2452857202658502,0.18727041709266834,-0.5444080642014524,0.7799901063141945
7589695316294,-1.154486311221622,2.039577516488966,1.5578725868300223,-0.2907125075637917,0.21655843815269663,-0.5326906304289047,0.7647413765869434
7589728606494,-1.1380013395023112,2.0512133280758813,1.5657884380720415,-0.3352166811501713,0.24508945744897467,-0.5191807591272375,0.747002191347587
7589761895394,-1.12233,2.06545,1.57382,0.378644,-0.272768,0.503922,-0.726835
7589795187194,-1.1156066667990543,2.078846246393479,1.556379679305677,-0.4251362802497192,0.30447636282834023,-0.48445002036309026,0.7013283578071392
7589828474694,-1.111127836178918,2.0930865934634233,1.5389290331867767,-0.46980765261269053,0.3349466237756834,-0.46291337746963734,0.67290618493775
7589861766994,-1.1089836654113336,2.1078747128654847,1.5214538823724297,-0.5124813667086511,0.36406123819318653,-0.43939925753994447,0.6416779223995654
7589895059694,-1.1092268138298678,2.122899224281153,1.5039475690908193,-0.5529709411861844,0.39169573695283066,-0.41401188533571787,0.6077760662097585
7589928343894,-1.111867796162765,2.137842489792707,1.4864064963145045,0.5910953464853755,-0.4177290494348391,0.3868682379964771,-0.5713507670871729
7589961631394,-1.1168778904333772,2.1523974286619567,1.4688170462000545,0.6267076699374052,-0.44206306066081463,0.3580761068400166,-0.5325403726959282
7589994927594,-1.12419,2.16626,1.45117,0.659662,-0.4646,0.327754,-0.491498
7590028211494,-1.1178924545577444,2.177972390375591,1.4587971171922631,0.6628954603477043,-0.46307308294891675,0.3272623395161719,-0.488909285689066
7590061499594,-1.1116831252598864,2.189674558217639,1.4665146221608039,0.6661161972125681,-0.46153488869002834,0.32676605485285243,-0.4863113238747921
7590094795894,-1.105561306102525,2.2013666963809415,1.4743233499269444,0.6693245002914289,-0.45998523290448373,0.3262650723867067,-0.4837038364122555
7590128087494,-1.0995293660751708,2.213043067064847,1.4822201395619716,0.6725190620222024,-0.45842474045414716,0.32575958773467706,-0.48108789171549327
7590161368294,-1.0935883240004098,2.2247003368740375,1.490203324773993,0.6756992441413703,-0.45685373148538305,0.32524969874504783,-0.47846403518019837
7590194658494,-1.0877345368438605,2.2363443792981985,1.4982775808229862,0.6788669158316695,-0.45527127989685984,0.3247350988016526,-0.47583073450183205
7590227946694,-1.08197,2.24797,1.50644,0.682021,-0.453678,0.324216,-0.473189
7590261236494,-1.066167360033814,2.263331686305627,1.5041039468431519,0.6851637705352428,-0.4601730991216146,0.3180097862222008,-0.46654164043271434
7590294525894,-1.0506811661358961,2.2790656529757647,1.5016213277223116,0.688210859289601,-0.46661014296962977,0.31176587246421283,-0.45982912956919
7590327814894,-1.0355196998650527,2.295163717664912,1.498989220437458,0.6911618348306083,-0.47298816921128123,0.3054851101253876,-0.4530522677919483
7590361105194,-1.0206903237873093,2.3116183499586396,1.4962046467147774,0.6940164964380711,-0.4793065930413324,0.2991680663961587,-0.44621156482964347
7590394394494,-1.006202016614088,2.328419857735852,1.493265051289347,0.6967743116837265,-0.4855640765055928,0.2928160706046344,-0.43930835978911437
7590427682694,-0.9920625612566966,2.345559409484234,1.4901678060619448,0.6994349611828815,-0.4917597135635949,0.28643004236222885,-0.4323435555473497
7590460973494,-0.978278,2.36303,1.48691,0.701998,-0.497893,0.28001,-0.425317
7590494262594,-0.9717795195947375,2.370499174656218,1.4907138762808438,0.705714559512958,-0.5007200679640029,0.27839546445890123,-0.41682411086484505
7590527553994,-0.9654231030424878,2.3780910119263097,1.4944909636930088,0.7093634613757492,-0.503495662736108,0.27676055622908796,-0.40828812349456034
7590560841394,-0.9592121740827936,2.3858014116431945,1.4982419460027632,0.7129441353527941,-0.50621924597861,0.27510589060886553,-0.3997117509145903
7590594130094,-0.9531478987346952,2.3936288904891234,1.5019688335372614,0.7164568539475216,-0.5088909426432792,0.27343134148637727,-0.3910944725002067
7590627425894,-0.9472313893592377,2.4015721178579197,1.5056736894696068,0.7199019039228127,-0.5115108887136939,0.27173674638797823,-0.3824356156506765
7590660708094,-0.941468331603241,2.4096233449695945,1.5093556518957572,0.7232768708209067,-0.5140771664753818,0.2700233023687557,-0.37374142294109125
7590693997794,-0.935857020093485,2.417784828670562,1.5130185070504927,0.7265836270788134,-0.5165911183212015,0.2682900677233911,-0.3650072449878554
7590727294194,-0.9405496982251198,2.404809146993913,1.5189233242718445,0.717019885075352,-0.508026933280154,0.28197606610217146,-0.3850722238931744
7590760614894,-0.9458995625979788,2.3920678586548467,1.5248107582902257,0.7068990688902451,-0.4990843101757432,0.2954433136979509,-0.4048725801158695
7590793865994,-0.9518760479812085,2.3796321839022974,1.530664279725195,0.6962587811293685,-0.4897955089297192,0.3086438395215808,-0.424338366705039
7590827162094,-0.9584829276176626,2.367493964638423,1.5365041170877358,0.6850713331027449,-0.48013549445123166,0.3216131010495256,-0.44352247830544844
7590860446094,-0.9656917836836705,2.3557085444666295,1.5423202638443343,0.6733639100127616,-0.47012713545897294,0.3343183882239887,-0.46237726640999605
7590893735094,-0.9734862654138952,2.3443027897721733,1.5481157630023823,0.6611398590869015,-0.4597724976153217,0.34675641655145895,-0.4808984557508084
7590927025294,-0.981844,2.33331,1.55389,0.64841,-0.44908,0.358916,-0.49907
7590960312894,-0.9940365583432231,2.300698599095879,1.541360385213351,0.6176831902507923,-0.4247104708989511,0.38678487225733044,-0.537108885593299
7590993604394,-1.0098102819972594,2.2700616850214486,1.5286691995211708,0.5846532299212509,-0.39870723014405896,0.4132415294511746,-0.5731008495111097
7591026891694,-1.0288925032047296,2.2418329713815823,1.515822204687364,-0.5494506179799845,0.37117705561320347,-0.43818205610283417,0.6069004016288165
7591060180994,-1.050967599948673,2.216397174767079,1.5028228399910222,-0.5121995345006122,0.3422212648509086,-0.46151926654379904,0.638385627462018
7591093471594,-1.0756714163945456,2.194103527880087,1.4896803200639301,-0.4730386120431878,0.3119520224424968,-0.48316631584894004,0.6674359283401313
7591126760794,-1.102598023359016,2.175254903193298,1.476407762568906,-0.4321162952219981,0.28048858710761604,-0.5030415318455325,0.6939386695843435
7591160049094,-1.13131,2.1601,1.46302,0.389584,-0.247952,0.521072,-0.717794
7591193339894,-1.1435965783573772,2.158457341317894,1.472044602367609,-0.35957060278142805,0.22274356400267042,-0.5266926206961564,0.7373528121699976
7591226629294,-1.1560881191698644,2.158074585605091,1.4809441484000259,-0.32885109617687863,0.19711222674492818,-0.5312760256472332,0.7554796563663391
7591259923194,-1.1686745688058613,2.158964424422897,1.4897094213556314,-0.29748023270644847,0.1711029942174361,-0.5348134539377293,0.7721423741810455
7591293207994,-1.1812377560955298,2.1611288654398555,1.4983270725766729,-0.2655325330565949,0.14477688435685654,-0.5372963505586759,0.78730220329985
7591326496094,-1.1936694774691052,2.164561052551521,1.5067916038989115,-0.23305897282518304,0.1181751037454206,-0.5387206642160357,0.800935831379183
7591359793794,-1.2058600634568597,2.169245126208494,1.5150968931131206,-0.20011688879643813,0.091343930057086,-0.5390828824696886,0.8130185502731978
7591393074894,-1.21769,2.17515,1.52323,0.166797,-0.0643564,0.538382,-0.823518
7591426364494,-1.2131716120533174,2.178223168204846,1.5193026029692835,-0.15919118980774555,0.06058652845266532,-0.542883935300053,0.822353008415958
7591459660294,-1.208616763715456,2.1812756152332513,1.5153869158422613,-0.15157144854038834,0.05680291781623598,-0.5473340577573915,0.8211120226459718
7591492944094,-1.2040281450439188,2.1843049427917602,1.5114848265267289,-0.14394269572272167,0.0530079888900285,-0.5517295611563879,0.8197957945781927
7591526232794,-1.199403642273714,2.187311966105342,1.507594096331959,-0.13630181891002252,0.0492001717750578,-0.5560723277243041,0.8184037656306319
7591559528594,-1.1947431498137953,2.1902961465730897,1.5037142167089923,-0.12864906527212358,0.04537956291515397,-0.5603622542665245,0.8169358954456447
7591592811994,-1.1900496383767887,2.1932550232237977,1.4998471951770898,-0.1209896779534012,0.041548759147816305,-0.5645964850600067,0.8153931613031193
7591626106794,-1.18532,2.19619,1.49599,0.113319,-0.0377054,0.568778,-0.813775
7591659390594,-1.1792438376949725,2.1916372402483666,1.494701657578226,-0.1346274901712727,0.05945692979362481,-0.5610295946053232,0.8146079464175922
7591692679494,-1.172903545170939,2.1876291758276,1.4934083386099772,-0.15578827508655954,0.08116881019204084,-0.5527212301819684,0.8146415649251483
7591725969494,-1.1663332054846092,2.1841807024924025,1.4920978513765268,-0.1767777534710165,0.10281719300949063,-0.5438622680142292,0.813874734913063
7591759261194,-1.1595669573362812,2.181303849039223,1.4907578541868605,-0.19757551022179995,0.12438129673671817,-0.5344618483282679,0.8123076655210264
7591792547194,-1.152641367750005,2.1790088790309254,1.4893764202504496,-0.21815639921696986,0.14583525391953164,-0.5245320633575439,0.809941960084048
7591825838094,-1.1455898828106608,2.1773024407786483,1.4879410139912295,-0.23850665051227826,0.1671648962196228,-0.5140802049225773,0.8067787912681255
7591859127294,-1.13845,2.17619,1.48644,0.258602,-0.188345,0.503119,-0.802821
7591892415794,-1.1135550683190911,2.193835107614113,1.487346562436952,-0.32921851445273326,0.2484641480287945,-0.4932235121300274,0.7659055450693522
7591925705894,-1.092520548822449,2.21601633339251,1.4877841592120173,-0.39653593079815175,0.30606729738678956,-0.47839655035856493,0.7212619535657036
7591958996194,-1.0761733337982777,2.2418936469924113,1.4879736949883582,-0.45987639313139017,0.3605696083505391,-0.45878575909180186,0.6693421306245119
7591992284894,-1.0651511946959367,2.2704777149966087,1.488146608416833,-0.5186017930880459,0.41141748852255844,-0.43458752170522413,0.6106730027778907
7592025573994,-1.0598763381665817,2.300673753409596,1.4885353595321333,0.5721272397378521,-0.45810034063298605,0.4060415425537777,-0.5458431690352433
7592058862394,-1.0605410245008273,2.3313197528808383,1.4893638679687946,0.6199145462653934,-0.500145024163133,0.3734332138910649,-0.4755087222085635
7592092182894,-1.0671076735931577,2.3612653825833454,1.4908401728733078,0.6615228954333577,-0.5371609533038938,0.33705028216804,-0.40030323050602956
7592125441094,-1.0697231853108298,2.35579604682277,1.4898296754966096,0.6569670811739997,-0.5263768802499754,0.3404159950970548,-0.4188538939464459
7592158730794,-1.0725539222789875,2.350422229967112,1.4887667487876912,0.6520792624890184,-0.5153269509456653,0.343615991064146,-0.43721713112117017
7592192026694,-1.0755928805168857,2.3451563902117605,1.487647778020624,0.6468650545086221,-0.5040245789655071,0.3466458528709657,-0.455369605640914
7592225311694,-1.0788328353688565,2.340009195848577,1.486469123607802,0.6413298229300474,-0.4924811929325972,0.3495024476603378,-0.4732931141561568
7592258598894,-1.082268967781102,2.3349863308925087,1.485226236033496,0.6354742959665582,-0.4806980344262421,0.3521854396535318,-0.4909859824481784
7592291895494,-1.0858957222865169,2.3300942871753105,1.483914826261908,0.6292999808110511,-0.46867823751893234,0.35469387702646776,-0.5084432096382946
7592325178594,-1.0897038001609698,2.325343653535402,1.4825319563931945,0.6228142802900964,-0.456436029799471,0.35702471337700453,-0.525644249474579
7592358466694,-1.0927102268419444,2.282840177711536,1.4917664296521185,-0.5667026971017257,0.4042600236049743,-0.4105626282816543,0.588948397290455
7592391756794,-1.105201731527469,2.2418199407132087,1.4999106726128058,-0.5033326068207536,0.3469654359071612,-0.4588484700353906,0.6447707768990152
7592425059794,-1.126610622428669,2.204374411178337,1.5069854465611723,-0.43348886827616895,0.28525778825141757,-0.5012742455287026,0.6924157176813549
7592458335994,-1.155875337553483,2.172465097678766,1.5130559923148206,-0.3581508407235669,0.2199957542743847,-0.5372486847854099,0.7312275255258067
7592491625094,-1.1915944949569817,2.1476899308023376,1.5182532012290537,-0.2781954443297291,0.1519317817210265,-0.5663564645383004,0.7607656561208164
7592524914094,-1.231998376743988,2.131338901977205,1.5227408804289435,-0.19467342505433,0.08195399090856312,-0.5882081083016845,0.7806388552204722
7592558204094,-1.27509,2.12426,1.52672,0.10865,-0.0109474,0.602523,-0.790596
7592591493694,-1.2664806979634542,2.1283510520332825,1.521267956448659,-0.14884082525519632,0.050484396661707405,-0.606305988068209,0.7795452413193787
7592624782194,-1.2581182082543791,2.1329083260198978,1.5157777354154343,-0.18853333262838515,0.08985262939490661,-0.6080921876824793,0.7659018075173819
7592658072394,-1.2500537043242141,2.137901897687548,1.5102583000165073,-0.22759986898760085,0.12892419887735998,-0.6078756262742897,0.7497093260473009
7592691363094,-1.2423354520584198,2.1432955297176246,1.5047196937677096,-0.26591010609008064,0.16756744970003512,-0.6056568410499438,0.7310217207235307
7592724650694,-1.2350076225762536,2.1490471966349936,1.4991726525457865,-0.30333366718572147,0.20564948124793736,-0.6014436263598135,0.7099031916573366
7592757940594,-1.2281072568028675,2.1551116691571672,1.4936265655111056,-0.3397532592816058,0.2430495682105762,-0.5952492592685578,0.6864203883484318
7592791229794,-1.2216676082790419,2.1614381334633634,1.4880922352293264,-0.375045473352065,0.27963964843662614,-0.5870945660548184,0.6606531090135506
7592824524594,-1.1951292201571204,2.1924372551385627,1.4864565898377249,-0.42836077645009724,0.33138901983060887,-0.5515630458944618,0.6344025292654516
7592857808794,-1.1736795110500833,2.2266513716657563,1.4841793056559078,-0.47845018565247627,0.3806607942940802,-0.5119402910268884,0.6034069256810165
7592891096894,-1.157776911910005,2.2631663062365277,1.481156727351621,-0.5249638090842844,0.4271076956907663,-0.46850715761257733,0.5678847230725849
7592924393294,-1.147726458669211,2.3009910005224268,1.477308052875174,0.567559806726906,-0.4703857171561504,0.42158113030060645,-0.5280932620835779
7592957686694,-1.1436625599157364,2.3390768094796077,1.4725796818158412,0.6059061428036332,-0.5101544709815861,0.3715285197359403,-0.48434153329354523
7592990964894,-1.1455330673413442,2.376366312284849,1.4669462739667152,0.6397075981252506,-0.5461036810038846,0.31874438241331743,-0.43697480153297547
7593024261694,-1.1531151349823334,2.411876512304612,1.4604018261080458,0.6687468546954931,-0.5779988736305166,0.2635695012824591,-0.3862978959436032
7593057544494,-1.1421875306927745,2.390516923540579,1.4691730423041045,0.6478828089313043,-0.5600979414581853,0.2965549390022396,-0.4226030407119241
7593090832994,-1.1340270228902096,2.3685867120352593,1.4778019299799838,0.6249648201543924,-0.5404227709458695,0.3285964755618395,-0.45758776039237936
7593124123394,-1.1286819340296368,2.3464033703271228,1.4862839534713912,0.6000678490744905,-0.5190365935299391,0.35958875059906475,-0.4911369681937563
7593157425894,-1.1261632235288817,2.324278603198196,1.4946198512538942,0.5732623856242576,-0.49599883167128495,0.389442503884641,-0.52315383242137
7593190702294,-1.1264470526464665,2.302555260808106,1.502800135884322,0.5446656551799539,-0.4714091241556712,0.4180299021911327,-0.5535013663978134
7593223994294,-1.1294720467815864,2.2815187509889023,1.5108368461753783,-0.5143337220100233,0.4453145732647613,-0.4452969812986086,0.5821222824181241
7593257280394,-1.1351423770744955,2.2614869573987972,1.518728151925279,-0.48238188875286353,0.41781326674025704,-0.4711394437959375,0.6089067350906128
7593290570794,-1.1425086194484904,2.218010287888165,1.5158846220925353,-0.415145628138947,0.3715100912112285,-0.5032525209600205,0.6605840292595093
7593323858694,-1.1589627261644333,2.1779250302508992,1.5139087324976028,-0.3436100268384212,0.32136272412704964,-0.5301311750649216,0.7054212119167008
7593357148494,-1.1836414031404348,2.1430018135182403,1.512665997598985,-0.26850848057441173,0.2678829423611346,-0.5515003410499861,0.7429598231891891
7593390438894,-1.215339379458912,2.114805102869446,1.5119914182204697,-0.1906232219118008,0.21162528897622282,-0.5671370796254215,0.7728085514845464
7593423757194,-1.252593910077032,2.0946066732473074,1.511695574135477,-0.1106966133618347,0.1531225954397093,-0.5768847104644649,0.7946721093560276
7593457016994,-1.2935787251539166,2.08339986097823,1.51157322549491,-0.029766826713041178,0.09313341315305097,-0.5806255567180472,0.8082784583717154
7593490307194,-1.3365187424969727,2.081725259509247,1.5114103547758384,0.0515405872317514,0.03212003753981263,-0.578338905697592,0.8135330240455879
7593523596294,-1.3669328581199744,2.085214750119819,1.5156236615998249,0.13400866873215478,-0.03517541566214054,-0.5753286806747585,0.8061025220346808
7593556893994,-1.3965085003242765,2.096203653054623,1.5193404689095986,0.21495990186034186,-0.10210089379774887,-0.5657440546815937,0.7894943398595858
7593590175494,-1.4236527560679217,2.1143281480402996,1.5225143090198456,0.2934112868789359,-0.1678460398583135,-0.5497052179956652,0.7639121002734978
7593623463394,-1.4469236555644844,2.1389197998086984,1.5251278032856252,0.3685220870699418,-0.23170824427422593,-0.52738869131875,0.729632735796624
7593656763994,-1.4650360804307239,2.169016820788289,1.5271863330312525,0.43944631939260315,-0.2929711087536253,-0.49904122524335254,0.6870318168146067
7593690041694,-1.476922501105347,2.2033638459935685,1.5287183602031618,0.5053016845074108,-0.3508737994746833,-0.4650207140849974,0.6366423799497266
7593723331594,-1.48183,2.24058,1.52978,-0.565409,0.40482,0.425684,-0.578988
7593756628194,-1.4788778261891267,2.2426044662910147,1.5267535873406917,0.5709376020218387,-0.41184101365936865,-0.4179853510872884,0.5741998609735224
7593789911094,-1.4757840556283324,2.244364168146546,1.523669605044994,0.5763750512371161,-0.4187917551845703,-0.4102287245622491,0.5693133229117944
7593823199794,-1.4725531372484164,2.2458564939035006,1.5205286904586766,0.5817236194732837,-0.4256749724728044,-0.4024107006642862,0.5643262144788757
7593856489694,-1.4691917721089307,2.247077585359389,1.5173337097282402,0.5869817607428983,-0.4324884648977388,-0.39453356771878295,0.5592400238078931
7593889779494,-1.4657064664743302,2.2480239849867747,1.514087259347717,0.5921485004110932,-0.43923074693958347,-0.38659886571326596,0.5540557927077427
7593923069694,-1.462103626791354,2.2486924803372608,1.5107917867770075,0.5972231644443715,-0.44590071442925316,-0.37860771797874715,0.5487743075340338
7593956358394,-1.45839,2.24908,1.50745,-0.602205,0.452497,0.370562,-0.543397
7593989646894,-1.4572537841246158,2.2504725864760493,1.5112770122515153,0.6035683200717712,-0.44679776664630483,-0.3723289590760135,0.5453881048931912
7594022937794,-1.456114700172558,2.251860507802654,1.5151051525884514,0.6049034858520677,-0.4410805986884962,-0.3740875913567978,0.5473555994575051
7594056225194,-1.454973013747861,2.253243568237923,1.5189338085579758,0.6062099041257725,-0.4353465566922077,-0.37583733582624523,0.5492988482739523
7594089514694,-1.4538285963113051,2.2546220499525975,1.522763691162893,0.60748770862487,-0.4295949261812533,-0.37757840297145384,0.5512181354768321
7594122805194,-1.4526815485376834,2.2559959548176653,1.526594741525076,0.6087367665903377,-0.42382614487721715,-0.37931064966494943,0.5531133509240315
7594156095394,-1.4515319781201963,2.257365276544494,1.5304268788810143,0.6099569431353943,-0.4180406879861854,-0.38103392369318356,0.5549843778917919
7594189383794,-1.45038,2.25873,1.53426,-0.611148,0.412239,0.382748,-0.556831
7594222673994,-1.4468760521513901,2.2458434410663544,1.5316309098503245,0.568824315072026,-0.3789834407503971,-0.4283138915355468,0.5910648530724073
7594255964194,-1.4415345594985887,2.2339764127245636,1.528793782994466,0.5230102742278558,-0.3433844194709232,-0.47122894255588815,0.6216837437269689
7594289275194,-1.4345229665755936,2.2233950382316827,1.5258213962709326,0.47395725774686,-0.30563513328978925,-0.5112543166307655,0.6485142302636221
7594322542094,-1.4260697250049634,2.214359012372294,1.5227973337729392,0.4220664940117774,-0.26604166303733856,-0.548070361611381,0.6713423767974904
7594355829694,-1.4164086400590152,2.2070520778508933,1.5197945979402887,0.3675601285336291,-0.22477098669873685,-0.5815268324321979,0.6900754296540291
7594389126094,-1.4058200041031939,2.201639684901519,1.516892418994896,0.3107903813554621,-0.18208817032158361,-0.6114027485996121,0.7045849246831102
7594422420094,-1.3946083583503475,2.198238289685838,1.5141673068313404,0.2521257278262067,-0.13826847827049446,-0.6375045888091664,0.7147743311928061
7594455697694,-1.3686993876194247,2.1967275190606528,1.5042318722100239,0.20420305306532757,-0.09958458851107257,-0.652199446308334,0.7232011511916874
7594488994694,-1.3427949820678837,2.1989001040892813,1.4946162635952285,0.15542617344053355,-0.06045977438719557,-0.6642272287017755,0.7286902695534242
7594522277594,-1.3173888515867873,2.2047167415167737,1.4853860429103785,0.10604368755243868,-0.02109222992594521,-0.6735267346797605,0.7312124122569661
7594555566094,-1.292925526566361,2.2140820117496594,1.4765850474464035,0.05622888223810546,0.018381185543459088,-0.6800672072845588,0.7307592205346787
7594588855894,-1.2698527897695848,2.226840446742481,1.4682568534763933,0.0061920478023346935,0.057794874587626076,-0.6838209513916021,0.7273309545545951
7594622146694,-1.248592677066921,2.2427815352961304,1.4604360966411427,-0.043861509630618134,0.09698811970967323,-0.684773068749006,0.7209405779425754
7594655433794,-1.22954,2.26164,1.45315,0.0937199,-0.135796,0.682921,-0.711615
7594688724894,-1.2421989561166988,2.268863982773785,1.4602501604826121,-0.053466509937693606,0.10349407628372663,-0.6830304321305581,0.7210407320483385
7594722013394,-1.2537269763328018,2.2770500677471466,1.4672210385825755,-0.013054410679277912,0.07092590219750518,-0.6812676903474547,0.728473357678873
7594755332694,-1.2640412310541662,2.28608322445437,1.4740469961247875,0.027446017943550092,0.0381487134062265,-0.6776322760169594,0.7338977382882218
7594788591494,-1.2730358414371798,2.2958041779910396,1.4806886952710538,0.06781265672502163,0.0053430954019462774,-0.672145743509365,0.7372875927354692
7594821881294,-1.280672339628018,2.306097476446696,1.4871455829728737,0.10804563321134705,-0.02749031754573092,-0.66480966685127,0.7386464177441718
7594855171894,-1.2868919491719155,2.316807061606171,1.4933944604701013,0.14799760012185398,-0.060231002599967845,-0.6556473219732109,0.7379671577199973
7594888460994,-1.29166,2.32778,1.49942,-0.187556,0.0927863,0.644684,-0.735253
7594921750294,-1.3066107184328044,2.3450455733468747,1.4926997389504137,0.25185059311217856,-0.15213951076056467,-0.6267717851556682,0.7215136709358714
7594955039494,-1.3176910223014886,2.364225972152266,1.485575033467582,0.3140685848336227,-0.21026693457883536,-0.6036871118462779,0.7019334806334037
7594988329994,-1.324622791441377,2.384589293311833,1.478009806349098,0.37370002802859187,-0.26670100675945074,-0.5756190946676775,0.6766694317751383
7595021624594,-1.327262704743156,2.4053660316626138,1.46998163194393,0.4302581530628286,-0.3209897300686629,-0.5427959984802183,0.6459226106487321
7595054907694,-1.3256082366584334,2.4257618277005397,1.4614877563679405,0.4832519503523469,-0.37266965881868824,-0.5055056755283313,0.6099581050246492
7595088196394,-1.3197971320068123,2.4450148771463445,1.4525327140128885,0.53227322131129,-0.421350198451403,-0.4640380021554972,0.5690500511338178
7595121492194,-1.3101,2.46239,1.44314,-0.576918,0.466638,0.418731,-0.523525
7595154775794,-1.304421919641539,2.4724441785961853,1.4508174257156798,0.5966333321323224,-0.48000463840460855,-0.3986120820457553,0.5047104339578199
7595188064494,-1.2978066971113693,2.4819872612345026,1.4584112269050424,0.615571643397222,-0.4927240752885195,-0.37797914402693067,0.4852074856769891
7595221361194,-1.2902936046422584,2.490952363146095,1.4659173022314078,0.6337095909082905,-0.5047795809402003,-0.35685717525810856,0.4650405203027867
7595254644294,-1.2819329192735551,2.4992695240179845,1.473326535989705,0.6510119941236845,-0.5161468362406982,-0.3352875860932785,0.4442499989392956
7595287932294,-1.2727700623687441,2.506882758199244,1.4806392699536814,0.6674662614045647,-0.5268166841725113,-0.3132867375202767,0.42285268268984083
7595321222394,-1.2628595872103496,2.51373408903723,1.4878515135384667,0.6830493179517767,-0.5367732074422099,-0.2908850669757222,0.40087907257469146
7595354512794,-1.25226,2.51977,1.49496,-0.69774,0.546002,0.268113,-0.37836
7595387800194,-1.2684546823489136,2.5069293837355455,1.4982808448986629,0.6602863081249798,-0.5177289524671497,-0.32493954577052075,0.4363404802151638
7595421090694,-1.2817935556701028,2.491113919182095,1.5011833869377107,0.6169629728196748,-0.48497953230688823,-0.3789323042798881,0.49047105132314944
7595454397894,-1.2917711472851705,2.4729020971318456,1.5036873239221509,0.5681267366707463,-0.4480258492263785,-0.4296285316068755,0.5403000780438133
7595487669394,-1.297985046637629,2.452994862992444,1.505823585450849,0.514287046240858,-0.40725479295847405,-0.4764988910281427,0.5853214283879878
7595520959494,-1.3001903025432966,2.432091538405305,1.5076448713049666,0.45583299981478376,-0.3629612950004768,-0.5192033689753427,0.625222549382287
7595554250794,-1.2982649620729816,2.410967202251805,1.5092114449628733,0.3933050841085291,-0.31555402752745026,-0.557333317218777,0.6596334891767566
7595587537694,-1.2922376325820983,2.3903980301416388,1.5105947993097015,0.3272647611148619,-0.26545671517455005,-0.5905407240730552,0.6882529779902459
7595620855394,-1.2897869024009727,2.386694406000637,1.5087480182463182,0.30389381437356094,-0.24734579501054144,-0.5984653429498576,0.6987902693684281
7595654115894,-1.2870297123504855,2.3830881136355737,1.5069148543902005,0.2802240738370086,-0.22903506560532563,-0.605741472461513,0.7085863925489347
7595687406194,-1.2839653140008744,2.379589062389511,1.5050916062029749,0.2562191172149507,-0.2104958110219928,-0.6123804576963489,0.7176583118360682
7595720705094,-1.2806024632021618,2.3762187082567543,1.5032805376631109,0.23191912667611558,-0.19175857136214994,-0.6183691650130803,0.7259901822696786
7595753988794,-1.276952197497986,2.372997941553502,1.5014839909140023,0.20736731021627874,-0.1728560658040394,-0.6236964119875429,0.733568241435165
7595787273994,-1.2730225880847343,2.369942983125056,1.4997020687010385,0.18257755577051352,-0.1537983376322541,-0.6283588860967606,0.7403895040677296
7595820563794,-1.2688240578679253,2.3670708623894727,1.4979355765965896,0.15757380618336278,-0.13460312714359718,-0.6323511551723706,0.74644792873999
7595853859394,-1.2966294084624594,2.3896267846605275,1.509372821173434,0.23492289428178267,-0.19877478123471543,-0.6098806263050519,0.7303050333560074
7595887142694,-1.3192982048241846,2.417770695585568,1.5206285780205928,0.3097611924696112,-0.2606858062543002,-0.5808327158071263,0.7062041279300681
7595920430894,-1.335796420592286,2.4503300589093886,1.531635161864418,0.38131760525114067,-0.31969231038648693,-0.5455017681333219,0.6744045755840518
7595953727794,-1.3453423143851235,2.4859338499948875,1.5423302904748197,0.4488223047736413,-0.3751548610447621,-0.5042551295080397,0.6352512363915492
7595987009094,-1.3474534424866884,2.5230466403503384,1.5526551524278271,0.5114951635674193,-0.4264296674798874,-0.4575636379186865,0.5892079035406338
7596020298394,-1.3419786780832337,2.560119001515209,1.5625798993314386,0.56870138359951,-0.47299619042177565,-0.40589425286779446,0.5367524528377914
7596053589194,-1.32909,2.59557,1.57208,-0.619805,0.514337,0.349807,-0.47847
7596086911494,-1.3309060916222832,2.5913220240344175,1.5689643902078116,0.6157937972476233,-0.5151255934867913,-0.3576772366886137,0.47698072975858413
7596120166594,-1.3326824541885929,2.58706115970108,1.5658060715232018,0.6117386658638454,-0.5158733441074455,-0.36550147926247684,0.4754567973890637
7596153456994,-1.3344236897213675,2.5827747936198895,1.5625958603971672,0.6076277280579401,-0.5165827231692334,-0.37330338485712367,0.4738938879880384
7596186747894,-1.3361270044973566,2.578467867215987,1.5593375315673126,0.6034655215663771,-0.5172528498066559,-0.38107412077326364,0.4722937307697377
7596220036094,-1.3377913366492888,2.5741412971172415,1.556031915529556,0.5992527797153745,-0.5178835906216865,-0.3888123174971508,0.4706566416515136
7596253325594,-1.339415998555716,2.5697950708244046,1.5526791467037293,0.5949893316720005,-0.5184749539866582,-0.3965182843767776,0.46898258756582395
7596286614094,-1.341,2.56543,1.54928,-0.590676,0.519027,0.404191,-0.467272
7596319905094,-1.3480560873725163,2.5382679199792633,1.54478991410936,0.5629158648369411,-0.4916737188311957,-0.4366915852628275,0.5006826766388267
7596353192494,-1.3518755735607009,2.5101767669182986,1.5401280949610683,0.5331134335878694,-0.4624742943783203,-0.4675815489627534,0.532235933620626
7596386482494,-1.3523710287134194,2.4815517344802593,1.535286696684463,0.5013727807797225,-0.4315314462318567,-0.49675462184771957,0.5618191802343346
7596419772394,-1.3495028885740405,2.4528032669739814,1.530261335711747,0.4678130226423557,-0.39896228507980225,-0.5241026015165263,0.5893187032614311
7596453061694,-1.3432818642367004,2.4243417479412663,1.5250496960116955,0.4325580815247028,-0.3648882726472756,-0.5495261991102799,0.614630792495434
7596486355694,-1.33376647694768,2.396568468437397,1.519650974662268,0.39573157266911063,-0.3294303341100518,-0.5729372135411983,0.6376638038187673
7596519640794,-1.32107,2.36989,1.51407,-0.357484,0.292735,0.594242,-0.658322
7596552930294,-1.3306378040873796,2.394590435078345,1.5203349586744817,0.40194967381536956,-0.3378148182325503,-0.5690567461818377,0.6328443947189283
7596586226594,-1.3378704042961516,2.4203473328505036,1.5264185181939898,0.44426963685298354,-0.38114375314485976,-0.5408764865594065,0.6039921816516507
7596619508894,-1.342637610538871,2.4467935351867776,1.5323166482307136,0.4841958815444127,-0.42246443346753226,-0.5098708995320855,0.5719351506602197
7596652797094,-1.3448687596386324,2.4735792930588074,1.538037027765478,0.5215435840176558,-0.4615817933354894,-0.4761884737249385,0.5368231324400297
7596686094594,-1.344541515556261,2.5003352254268503,1.543588505888607,0.5561189377428425,-0.4982892700288778,-0.4400040163569097,0.49883463797900907
7596719379394,-1.3416897075704006,2.5266724800995335,1.5489799406107405,0.5877185963115042,-0.532366703328419,-0.4015348505520612,0.4581946186163695
7596752665394,-1.3364,2.55224,1.55423,-0.616192,0.563647,0.360971,-0.415101
7596785955394,-1.3417803294058062,2.5759261726749694,1.551411096675828,0.6256891070224251,-0.5687385135532841,-0.3479988142980045,0.4049030375310418
7596819244594,-1.3462172889970352,2.599831719550973,1.5486649004105608,0.6349402680736969,-0.5736110420538999,-0.33488656218585994,0.39455318891079505
7596852533494,-1.349702826902729,2.6239201047575293,1.54598424042543,0.6439421349025067,-0.5782630522281944,-0.3216392830719203,0.3840553878152415
7596885823394,-1.3522303683546717,2.648155114230795,1.5433617664783918,0.6526914722117787,-0.5826930240231607,-0.3082616355660285,0.3734132374393312
7596919114294,-1.3537946410306902,2.6724993799758794,1.540790125388826,0.6611847772022605,-0.5868993278820388,-0.29475884087828663,0.36263079716386104
7596952424094,-1.3543919356091023,2.6969285079930936,1.5382605166708945,0.6694230037660066,-0.5908824995832536,-0.28112881597752615,0.35170627310615005
7596985691694,-1.35402,2.72136,1.53577,-0.677388,0.594634,0.267402,-0.340664
7597018980194,-1.3630338044752646,2.739632743114312,1.5380614423397068,0.6821611634168729,-0.5951575980046884,-0.2642673642842195,0.33257531603728485
7597052288594,-1.3717284877236433,2.758064928697923,1.540458194133753,0.6868675546089665,-0.5956268535760635,-0.2611028686550801,0.3244486179731159
7597085562094,-1.3800875454597674,2.776619568464856,1.5429579447544615,0.6914990392598834,-0.5960410284690162,-0.2579141063737562,0.3162980948688789
7597118849594,-1.3881212753231074,2.7953171790488955,1.545565929766048,0.6960620203442074,-0.5964007511658566,-0.25469677293000303,0.3081125795909428
7597152138594,-1.3958242613522314,2.8141441617044554,1.548282863641456,0.7005542728958435,-0.5967058218565077,-0.25145241627914205,0.29989590733670707
7597185428094,-1.4031941982761875,2.8330932389512427,1.551110251231448,0.7049752003457518,-0.5969562046338515,-0.24818149333324072,0.2916491093994581
7597218722194,-1.41023,2.85216,1.55405,-0.709325,0.597152,0.244884,-0.283372
7597252007194,-1.4211836935051785,2.8495703635152205,1.5538875664974217,0.6960764119835682,-0.6003275170593817,-0.25491816806116324,0.3001686668087462
7597285296894,-1.4320135680050197,2.8465003537458635,1.5537665040410211,0.6824305406608044,-0.603161051557001,-0.26481493225173314,0.3167938678613667
7597318590394,-1.442699463741723,2.8429565186374464,1.5536977656066415,0.6683951752046102,-0.6056508112462906,-0.27456828918558224,0.3332375116543919
7597351875194,-1.4532179125537699,2.838948009027462,1.553692174544021,0.6539835776017514,-0.6077946481515561,-0.28416904788827035,0.34948404559838514
7597385163594,-1.4635537193965817,2.8344822188831618,1.553760379442832,0.6391986326943144,-0.6095923415594064,-0.29361531126729173,0.3655302095083938
7597418493594,-1.4736995579779106,2.829562942361197,1.553913129536564,0.6240310588442111,-0.6110443408755355,-0.30291213941860856,0.38138469669691355
7597451741794,-1.4836,2.82422,1.55416,-0.608546,0.612145,0.31202,-0.39698
7597485031594,-1.490426682052262,2.8176997137118516,1.544608519665709,-0.6101282733004699,0.6178861600957487,0.3069741951178095,-0.3895215357503241
7597518325394,-1.4973288295789877,2.811268309018897,1.5350419731190597,-0.6116405614261168,0.6235550095430777,0.3018897311518235,-0.38201775340572425
7597551612294,-1.504302391987172,2.804929317932082,1.5254626844424386,-0.6130823828593882,0.6291492607410858,0.29676896457323576,-0.37447213675055907
7597584899794,-1.5113471048173677,2.7986826849525865,1.5158676964124727,-0.6144538928712735,0.6346695591721057,0.29161134028705354,-0.3668838922760318
7597618189694,-1.5184615102751566,2.792529444028836,1.5062556925540787,-0.6157549746479529,0.6401155662786632,0.2864171669811131,-0.3592535030623342
7597651480494,-1.5256434171008575,2.7864712051493084,1.4966263150940247,-0.616985385625193,0.6454864072044233,0.28118727062311144,-0.35158221069727436
7597684767994,-1.53289,2.78051,1.48698,-0.618145,0.650781,0.275923,-0.343872
7597718058094,-1.5413353232388392,2.7698738567807752,1.4647210467655674,-0.6111994184302243,0.666612276758353,0.27987058141138327,-0.3220804263628183
7597751370094,-1.5490094045893203,2.7591439894925296,1.4421802941700443,-0.6037493077358137,0.6819353607012916,0.2836046059326422,-0.30003227280996964
7597784636694,-1.555887570431826,2.7483166565793615,1.4194429675714542,-0.595815960725054,0.6967073267964752,0.28711531219893976,-0.27778955926077503
7597817926994,-1.5619774300677771,2.737344328084646,1.3965022708366757,-0.5873896857391157,0.7109474666012683,0.29040801018777185,-0.255323803119334
7597851223994,-1.5672699098496257,2.726207710303306,1.3734105601460305,-0.5784808240419433,0.7246362711754722,0.2934786893297726,-0.2326638554265368
7597884505194,-1.5717594717265622,2.7148902324391,1.3502249166728995,-0.5691026878889026,0.7377536610240887,0.2963235107999049,-0.20984290131047845
7597917795294,-1.57545,2.70336,1.32697,-0.559256,0.750299,0.298943,-0.186862
7597951088694,-1.5844805543718197,2.70734496076258,1.3377363202939176,-0.5680765475908127,0.7430895893880529,0.30030278012351835,-0.1868826863850253
7597984373294,-1.5934589904090344,2.7110748252914374,1.348628059381367,-0.576819524733392,0.7357834272662688,0.30162104965220415,-0.1868869349455703
7598017662894,-1.6023872139299635,2.7145485888776024,1.359644032120356,-0.5854873893559626,0.728378414177193,0.3028980727700876,-0.18687471786740897
7598050956694,-1.6112631816187373,2.717763599943732,1.370778278763174,-0.5940787840182719,0.7208756838000018,0.30413354582611857,-0.18684601464436915
7598084241594,-1.6200816254628618,2.720716321653975,1.3820205863756818,-0.6025892377949935,0.7132792177067077,0.3053267414156898,-0.18680082724076122
7598117531294,-1.6288444187250626,2.7234058264096372,1.3933696947912426,-0.6110211716881961,0.7055869285804617,0.30647791412428094,-0.18673912851677504
7598150826594,-1.63755,2.72583,1.40482,-0.619374,0.6978,0.307587,-0.186661
7598184109594,-1.6364342160608223,2.739125232664657,1.4210050521105666,-0.6300644983484229,0.6887234934827257,0.2940707590002459,-0.20542898078635233
7598217398394,-1.6345264243642426,2.752300361386165,1.4371288375495246,-0.6403020885514328,0.679148386153119,0.28031844627089103,-0.22403632219477454
7598250691594,-1.631828539822464,2.765359918312885,1.4531476417119693,-0.6500787191817916,0.6690810936882063,0.2663406579620404,-0.24246814811909273
7598283976794,-1.6283462179927244,2.778304471842504,1.4690127368839638,0.6593840834439411,-0.6585324179939323,-0.25215310301543115,0.2607038503581185
7598317266194,-1.6240851519055517,2.791144455901792,1.4846875237997936,0.6682152699240794,-0.6475058987062043,-0.23776125531227404,0.27873652371602126
7598350556294,-1.6190547445446584,2.8038844085556427,1.5001283357641317,0.6765651850806768,-0.6360102589098271,-0.22317738335960058,0.29655076539264935
7598383876094,-1.6132609714008466,2.8165414367426775,1.5153068453175889,0.6844347205893189,-0.6240428641085054,-0.20839949248163306,0.3141484816778082
7598417134394,-1.6112837701014169,2.830059264193238,1.5198439078435833,0.6916999692279064,-0.6212869284355618,-0.1948884662513567,0.3123654764013018
7598450424394,-1.6088634522047542,2.8434709469778383,1.5243566013119896,0.698804327533942,-0.618378584046571,-0.1813191594298161,0.310489615021273
7598483737194,-1.6060027791913305,2.8567625525413733,1.5288341414173467,0.7057438513875628,-0.615318784754695,-0.1676985534178121,0.308521643549084
7598517003394,-1.6027118075206794,2.869896591679436,1.5332577975825505,0.7125026766421308,-0.6121146450232704,-0.15405853792601382,0.3064662526575053
7598550293094,-1.5989881128241838,2.882891055235743,1.537627550718976,0.7190936762413734,-0.6087601835012573,-0.14037388943457313,0.30431972485889397
7598583581194,-1.5948385622344492,2.8957262880357764,1.5419307248436602,0.7255102044173368,-0.6052584351536497,-0.12665837848657172,0.30208413583109894
7598616875694,-1.5902669751205774,2.9083957545685357,1.5461590844077346,0.7317523012609665,-0.6016092144013419,-0.11291219820976964,0.2997595006703169
7598650159694,-1.607537602478301,2.8956648055890715,1.5504656287860543,0.7402646277875059,-0.5891440780910183,-0.15251961779314666,0.28575391910723086
7598683454794,-1.624791567882336,2.8823258746233194,1.5531316811696423,0.747292429455378,-0.575493998424036,-0.19184920248720674,0.27120945072326885
7598716739494,-1.6418935063438067,2.8684790853606588,1.5541309476331715,0.7528181731948441,-0.5606936416956843,-0.2307965930261842,0.25616473394500544
7598750028994,-1.658728193458491,2.854213861153271,1.5534530605625683,0.7568348239787912,-0.5447647501198551,-0.2693014183445651,0.24064322620312764
7598783322694,-1.675174277950787,2.839629266742804,1.5510994703209304,0.7593347884337659,-0.5277376353445009,-0.3072854032053083,0.2246760963969995
7598816607994,-1.6911078504359247,2.824832392497638,1.5470868387707493,0.7603135423067724,-0.5096516264364772,-0.3446579214305073,0.20830135441418432
7598849897694,-1.7064214578449481,2.809920879712022,1.5414425851149067,0.7597709176420411,-0.4905347836972851,-0.3813582758588575,0.1915454100791463
7598883194394,-1.7105077459655567,2.801255684150952,1.5034363289968606,0.7546055309090621,-0.5098926768002744,-0.3506891902408322,0.21816746484096344
7598916475794,-1.71687791391333,2.7901021647814144,1.4662251558713857,0.7479048243613678,-0.5282089959500822,-0.31929680633570867,0.2443014116991849
7598949764494,-1.7254859533942666,2.776521950160918,1.4300859676308069,0.7396795384467845,-0.5454578416430585,-0.2872238008246405,0.2699118590078904
7598983065394,-1.736267565984755,2.760599468782192,1.3953082286616985,0.72994497649001,-0.5616042507864701,-0.25453005461214256,0.29494990777199154
7599016343194,-1.7491253595277283,2.7424606739930084,1.3622104780279127,0.7187330977945839,-0.5765973758816034,-0.22131694631137033,0.31933839345819337
7599049632694,-1.7639700445512818,2.722214245864967,1.3310261150961349,0.7060568654354058,-0.5904215251271706,-0.1876176104219176,0.34305357846494594
7599082922494,-1.78068,2.70001,1.30202,-0.691947,0.603042,0.153512,-0.366039
7599116212094,-1.7890950091686857,2.6820786838652775,1.2837842721159798,0.6837151134246054,-0.6147560491954578,-0.16086140612570252,0.35879276981515784
7599149500794,-1.7968932895569911,2.6637401566305328,1.2657136646415097,0.6752596026024761,-0.6262771937791752,-0.16816944281453686,0.3514546686966553
7599182790894,-1.8040786890058904,2.6449959949339363,1.2478334655950953,0.6665823877442902,-0.6376021969701644,-0.17543460365073069,0.3440262469781217
7599216080694,-1.8106548775537274,2.6258505673815744,1.2301709552420654,0.6576867558532122,-0.6487267417383878,-0.18265457661687728,0.33651010589532354
7599249369894,-1.816626627232185,2.606308067939375,1.2127524329003518,-0.6485757225103872,0.6596470705890921,0.18982737083997842,-0.3289085643660561
7599282659194,-1.8219996170738568,2.586372669494797,1.1956034348459053,-0.6392520980503061,0.6703598169494883,0.19695122245268204,-0.32122373345088406
7599315947794,-1.82678,2.56605,1.17875,-0.629719,0.680861,0.204024,-0.313458
7599349238294,-1.8217478555613673,2.5612519008911945,1.199409306986451,-0.6331688774331291,0.6802742181755135,0.2000883113554607,-0.31030441246409185
7599382526194,-1.8167164754316338,2.5563180805577717,1.2200311213993733,-0.6365929407382132,0.6796635031733249,0.19614362569191193,-0.3071394282030048
7599415820794,-1.8116860620467226,2.551247512466024,1.2406206917547842,-0.6399921883892375,0.6790289041068367,0.1921890558729803,-0.3039623545620013
7599449106094,-1.8066606378430143,2.546043046000808,1.261167629861011,-0.6433648582946557,0.6783707597142157,0.18822666233810503,-0.300774824513809
7599482395494,-1.801639781620686,2.540703033892767,1.281679726352874,-0.6467121837607044,0.6776888424321368,0.18425501121011065,-0.29757566275220443
7599515689594,-1.7966250057416528,2.5352277624670476,1.3021568546630546,-0.6500340854637554,0.6769831631770479,0.18027418724213587,-0.2943649128620548
7599548974494,-1.79162,2.52962,1.32259,-0.653329,0.676254,0.176286,-0.291144
7599582264494,-1.7788425516836943,2.5436331181807033,1.3302775524292672,-0.657286243182193,0.6711560507360118,0.1950628406174499,-0.2819128203791563
7599615581094,-1.7665353137308233,2.5575791434785575,1.338780221814219,-0.6609288687185273,0.6657368060326848,0.2137599371055134,-0.27253297942908533
7599648841994,-1.7547528397097645,2.571396421103184,1.3480574908612255,0.6642464813751103,-0.6600127780146898,-0.23232237387698945,0.26303243038507135
7599682130794,-1.74348872402947,2.5850927205711094,1.3581117056530079,0.667246107072798,-0.6539727767165643,-0.2507881151341232,0.2533921096192554
7599715450994,-1.7327660837137306,2.598642263794678,1.3689244738871191,0.6699256431212646,-0.6476182913821953,-0.26915001905274316,0.2436153702040865
7599748709494,-1.7226359239919113,2.611980938771602,1.3804416659806098,0.6722766415695999,-0.6409705925179192,-0.28734824142081583,0.23373447516250564
7599781998794,-1.71309,2.62512,1.39267,-0.674305,0.634015,0.305425,-0.223727
7599815288894,-1.686623726803112,2.644565256362694,1.394492182091203,0.6716384370495858,-0.6272302730815433,-0.3166114799467275,0.23503439146981245
7599848579794,-1.6609056840856218,2.664975680840251,1.3964180765108851,0.6687520516992657,-0.6202665204783622,-0.3277060334614637,0.2462699586929807
7599881867194,-1.6359722226875555,2.6863218898589394,1.398451298496799,0.6656469512500803,-0.6131267087593526,-0.3387035409886783,0.25742899335375596
7599915157594,-1.6118506443696023,2.708580244774269,1.4005959039528473,0.6623234665683942,-0.6058116878762603,-0.3496025518101451,0.2685104844008454
7599948447094,-1.5885750665484923,2.7317193182928623,1.402855093663811,0.658782969722649,-0.598324588470164,-0.36039820879104056,0.2795099582047582
7599981735094,-1.5661760176351185,2.7557086096155814,1.4052320317482914,0.655026621588067,-0.5906679038229676,-0.37108678841763665,0.2904240827930578
7600015025594,-1.54468,2.78052,1.40773,-0.651055,0.582843,0.381666,-0.301251
7600048343594,-1.5359189258385908,2.787319476470774,1.4121513416926001,0.6521702567089253,-0.5856765576358332,-0.3762253453155395,0.3001856353029873
7600081604194,-1.5270742540262678,2.7940398356688894,1.4164841583763932,0.6532567155674727,-0.5884828778092311,-0.37077969357630697,0.29910865069874487
7600114892694,-1.5181245690643206,2.8006969647563316,1.4207395670710614,0.6543172680508857,-0.5912691642283623,-0.36531537843788253,0.29801738613695994
7600148187894,-1.5090765702661801,2.8072850898514345,1.4249146424147776,0.6553511620837108,-0.594033490943686,-0.3598360771451029,0.2969125520715
7600181472594,-1.4999361145049366,2.8137994038898864,1.429007166398267,0.6563578346337121,-0.5967743180102969,-0.3543448424353337,0.2957947580971784
7600214762794,-1.4907000108492414,2.8202416501881684,1.4330190633674846,0.6573377431099545,-0.5994928531299377,-0.3488392581182363,0.29466350728374374
7600248056394,-1.48137,2.82661,1.43695,-0.658291,0.602189,0.34332,-0.293519
7600281340694,-1.4785215354617274,2.8237337613420497,1.430724332793647,0.6573252219057398,-0.6063072805407755,-0.3396573045006626,0.291458315560156
7600314630494,-1.475699265224761,2.820788507500082,1.4245237363200312,0.6563353365194096,-0.6104053473698828,-0.3359828711755986,0.28938684872469095
7600347924494,-1.4729039404789162,2.8177747627493877,1.418348961722205,0.6553211934931523,-0.6144826860972548,-0.33229685818090576,0.2873046464791549
7600381209094,-1.470137322030294,2.8146942231481797,1.4122030191396369,0.654283251710546,-0.6185374900661251,-0.32860090694778343,0.28521262922049345
7600414497694,-1.4673989104419531,2.8115461228777985,1.4060839175348152,0.6532211390738109,-0.6225712514603581,-0.3248936657997068,0.28311002498220555
7600447794094,-1.4646890259958698,2.808330534824402,1.3999914597550764,0.6521347625009766,-0.6265842745599224,-0.32117483933522495,0.280996656545951
7600481077094,-1.46201,2.80505,1.39393,-0.651025,0.630574,0.317447,-0.278874
7600514365194,-1.4670167920960298,2.7890161682241272,1.4002189926602713,0.6596954135679992,-0.6371491844313856,-0.2928368376905976,0.270350632673825
7600547655494,-1.4728145013608434,2.7732898183836627,1.4067397287535035,0.667844367331084,-0.6432145748569819,-0.2679937839041996,0.26160704024243236
7600580947494,-1.479380975479088,2.7579124642397663,1.4135077602229107,0.675465094453365,-0.6487649089970815,-0.2429378584349441,0.25265034329713176
7600614233394,-1.4866898944650107,2.742927743454714,1.4205362771286931,0.682549920074137,-0.6537944556599691,-0.21769488977599183,0.2434899409020684
7600647523794,-1.494716547670272,2.7283697284342603,1.4278414982312007,0.6890955667657456,-0.6583007373547343,-0.19227692273921898,0.23413035694660728
7600680813394,-1.5034305243116175,2.7142783211637087,1.4354354364367021,0.6950957577451635,-0.6622792524090374,-0.16670818045367194,0.22458063577038342
7600714100994,-1.5128,2.70069,1.44333,-0.700546,0.665727,0.14101,-0.214849
7600747391994,-1.5220956053714347,2.6800015319820814,1.4296073919113135,0.6990433420219514,-0.6724814853498858,-0.12966451098490075,0.2056554702103474
7600780709494,-1.5320339858631011,2.659424373544431,1.4161618545927634,0.6973482117465422,-0.6790720679115001,-0.11826954802375243,0.19641515258898953
7600813970694,-1.5425855966250372,2.639030840115542,1.4030262187113383,0.6954650059772339,-0.6854806666852239,-0.10685656798817171,0.18715329262306937
7600847260494,-1.5537719560731837,2.618789920975568,1.390166133589471,0.6933895031752112,-0.6917223158372351,-0.09539965627339003,0.1778486441953532
7600880556394,-1.565581224629074,2.5987366529336,1.3775900108245407,-0.6911232072522242,0.6977910325437685,0.083909685600591,-0.1685097978199213
7600913839194,-1.5780005198208813,2.5789034523465504,1.36530401731699,-0.6886679361500404,0.7036819225176804,0.07239648235088834,-0.15914450975098957
7600947127294,-1.59103,2.5593,1.3533,-0.686023,0.709397,0.0608569,-0.14975
7600980422594,-1.5890065502048216,2.5601242499979726,1.357944457855931,-0.6886785450341841,0.7057816987202162,0.06675142798314915,-0.15211279441064673
7601013706794,-1.5870053830622566,2.560924592249241,1.3625985902237405,-0.6912926423703585,0.702123506517217,0.07263687341242471,-0.15446989616570206
7601047025994,-1.5850234198362436,2.561701744167112,1.3672685071690776,-0.6938686367056103,0.6984174128553513,0.0785209987321338,-0.15682437685144424
7601080290394,-1.5830656474718166,2.5624532745987323,1.3719412633627466,0.6963994901552238,-0.6946736525826217,-0.08438758052868862,0.1591697294449462
7601113575294,-1.581127260662009,2.563180571679183,1.3766270682774753,0.6988908658306394,-0.6908840286302591,-0.0902495401481042,0.16151110533080457
7601146864694,-1.5792088678961824,2.5638829143822615,1.3813233273661074,0.7013413930765359,-0.6870505263365055,-0.09610367998031986,0.16384720721585455
7601180160794,-1.57731,2.56456,1.38603,-0.703751,0.683173,0.10195,-0.166178
7601213443594,-1.5728170961693084,2.577414860292014,1.3890404797162712,-0.6870960769062097,0.6913811618107655,0.13489035429850244,-0.17803275684692577
7601246732094,-1.5692571120434677,2.5905927218151845,1.391858623095334,-0.6693600839807997,0.6985018070768519,0.16762293231441458,-0.18961765752668236
7601280023394,-1.5666419666543356,2.6040254377599896,1.394442564382932,-0.6505722960817013,0.7045225949572896,0.20009356066743772,-0.20091333391553812
7601313310894,-1.5649774636930838,2.617641598159673,1.3967517525347368,-0.6307661850560634,0.70943272579858,0.2322449830814888,-0.21189972909207763
7601346600194,-1.564262609245475,2.6313735509812735,1.3987482949578163,-0.6099698121459116,0.7132252189814577,0.264032301693369,-0.22256135994829618
7601379890494,-1.5644909586265798,2.6451503019637457,1.400395781413065,-0.5882164074344061,0.7158936964275,0.29540494448809446,-0.23288106881478607
7601413179694,-1.56565,2.6589,1.40166,-0.565542,0.717434,0.326312,-0.242842
7601446468194,-1.5552694118836456,2.673436942219823,1.393510765291457,-0.5530343294232678,0.7124565520983687,0.3438762916380764,-0.26135758626966565
7601479758394,-1.545700080866473,2.6883969675696453,1.3851224877818562,-0.5400652457745951,0.7068864811671078,0.3611562965372393,-0.2796554353505686
7601513048094,-1.5369648918927978,2.703729652162121,1.3764902494826352,-0.526646051630977,0.7007284114301774,0.3781362758303568,-0.29771897255161706
7601546337994,-1.5290830861248084,2.7193846200756235,1.3676092186283917,-0.5127876159278925,0.6939873777774906,0.3948024301138571,-0.31553355069263855
7601579626394,-1.5220716128941587,2.7353092978942457,1.3584760309076511,-0.49850218222286197,0.6866693994725416,0.41114002809002487,-0.33308345418107654
7601612919394,-1.5159430160189205,2.7514539809610725,1.3490859783655054,-0.48379894212883656,0.6787791775067304,0.4271383884343718,-0.3503572589571865
7601646206094,-1.51071,2.76776,1.33944,-0.468695,0.670326,0.442779,-0.367335
7601679493394,-1.509563361192195,2.7781793651802276,1.3432754965521423,-0.47981109985691917,0.6623862659556395,0.43387334138736333,-0.3778619678676365
7601712788894,-1.5082311030134905,2.788575090018519,1.3471551574388283,-0.4907630344064016,0.6541865785205707,0.42481113525379155,-0.38823583542500956
7601746073294,-1.5067125756352149,2.7989399717390055,1.3510702763385705,-0.501540164568122,0.6457345389184026,0.41560132818870893,-0.39844686544205643
7601779363694,-1.5050058464659202,2.8092781921337417,1.3550163453571191,-0.5121438584102653,0.6370288433144138,0.4062429935713912,-0.4084966967458865
7601812657494,-1.5031100272011397,2.8195878150304647,1.358986509035722,-0.5225690659160526,0.6280731438106705,0.39674062329705745,-0.4183808972661965
7601845941194,-1.5010252561256923,2.829863588834827,1.3629725549897151,-0.5328075308558491,0.618874322432049,0.38710198560545883,-0.4280920004366783
7601879232694,-1.49875,2.84011,1.36697,-0.542861,0.609431,0.377326,-0.437632
7601912529994,-1.5056166134101678,2.8333567628683065,1.3654076514660205,-0.540035475144315,0.6213740803070867,0.3796786183461904,-0.4220190572461202
7601945809794,-1.5126075501150358,2.826773953229891,1.3635842973618721,-0.5369939151043843,0.6330591376327266,0.38188840285376363,-0.4062448906341783
7601979098294,-1.5197155340154547,2.8203579032356534,1.3614936958845412,-0.5337351615060438,0.644490444613152,0.38395609027809896,-0.3903031705134043
7602012396994,-1.5269280565429348,2.814109775953253,1.3591310495043438,-0.5302603620469735,0.6556636426521676,0.3858808129295677,-0.3741993243696726
7602045676794,-1.5342256867103503,2.8080359982613032,1.3564944997067965,-0.5265742019634002,0.6665645243497916,0.38766015992393676,-0.35795383097920924
7602078966094,-1.54160137612894,2.8021320722357053,1.3535783335666778,-0.5226752764275221,0.6771980665605755,0.38929497947714564,-0.3415592964800116
7602112256794,-1.54904,2.7964,1.35038,-0.518566,0.687557,0.390784,-0.325026
7602145545394,-1.5459442734490387,2.767377808612217,1.3536067247880739,-0.5635230931481965,0.6919827733990603,0.33940478831043364,-0.2973313883187977
7602178834594,-1.5465972612806533,2.7385455422170977,1.3555502162473798,-0.6054369049180373,0.6925871544210412,0.2861245682425576,-0.2681453321283858
7602212124494,-1.550987261674689,2.7104509590622254,1.3564148165475067,-0.6440729827434406,0.6893738419053989,0.23122823043488216,-0.23762829050117482
7602245415194,-1.5590219263739642,2.683623960559362,1.3564299432970686,-0.6792144125942128,0.6823673160618515,0.17500965473995092,-0.20594719819081514
7602278701894,-1.5705282922246542,2.658568645604292,1.355845154970032,0.7106588491297319,-0.671614747288072,-0.11777875262255873,0.17327953372934277
7602311993294,-1.5852631583039114,2.6357387567130095,1.3549242194791555,0.7382366782804148,-0.6571794142978468,-0.0598280977521054,0.13979421656135513
7602345286394,-1.6029100496248148,2.6155470893231514,1.353939679345869,0.7617876579175346,-0.6391479645385642,-0.0014745683900315584,0.10567530136598129
7602378593694,-1.6157682729407148,2.589422152707257,1.3492063646277668,0.7661723702651685,-0.6351671319361611,-0.004197443855709255,0.09759608094243902
7602411859794,-1.6288418223283503,2.5635632917311133,1.3438712942165072,0.7704657946308642,-0.6311288819230269,-0.006898089944478751,0.08950536331158561
7602445155094,-1.6421498281757132,2.537926182355424,1.3379245254145906,0.7746764887869334,-0.6270252781440808,-0.009582031582326716,0.08138687215910081
7602478439794,-1.6556680744668302,2.512552101666809,1.3313739065719867,0.7787987822306609,-0.6228617564667247,-0.012245847387146312,0.07325113206631549
7602511729594,-1.6693943039822774,2.487439344764371,1.324217976080744,0.7828340862308882,-0.6186369570428593,-0.014890605034079737,0.06509515110606168
7602545023994,-1.6833197384510021,2.4625986268553506,1.316458283782227,0.7867817570872735,-0.6143515122191241,-0.017516066333547207,0.056919887288511405
7602578309594,-1.69743,2.43805,1.3081,-0.79064,0.610008,0.020121,-0.0487295
7602611597994,-1.7022971531106408,2.432449582833935,1.3138102234367728,0.7910333187072057,-0.6088899412416614,-0.027032325925847075,0.052807021359183255
7602644889094,-1.7071221127360445,2.426751339780176,1.3194742408133677,0.7913752006275578,-0.6077317645422469,-0.033943893883377214,0.05687887363594542
7602678176394,-1.7119023133485787,2.420957174941062,1.3250908676188768,0.7916652326062521,-0.6065335528979909,-0.040853895232745685,0.06094397374425803
7602711464494,-1.7166368075581209,2.415067111414366,1.3306608173422854,0.7919034277276876,-0.6052952443273124,-0.04776283352035495,0.0650026159626293
7602744754794,-1.7213241856708321,2.409081723329741,1.3361842614179225,0.7920897583815754,-0.6040168822022501,-0.054670547544696003,0.06905470232253505
7602778045994,-1.725962667583197,2.4030020896162814,1.3416609328946592,0.7922241829953894,-0.6026986141472035,-0.06157631588463262,0.07309980645941602
7602811333194,-1.73055,2.39683,1.34709,-0.792307,0.601341,0.0684787,-0.0771371
7602844623194,-1.7237335622761771,2.40346922897248,1.3609602546923938,0.7852377267866895,-0.6039814044924612,-0.08690698191282582,0.10514443377083903
7602877912694,-1.717366554906057,2.4107439236800943,1.374714720533056,0.7772311573555857,-0.6059230752064939,-0.10523017595474365,0.13302467829893808
7602911200694,-1.711491172970103,2.418621406150157,1.3883455095243253,0.7682967599603657,-0.607163454933079,-0.1234255744374891,0.1607443784488496
7602944490994,-1.7061465450956261,2.427067338801214,1.4018472120628087,0.7584440679129283,-0.6077011646217396,-0.14147326337683536,0.18827428426256038
7602977781394,-1.7013704123677311,2.436043276663213,1.4152125199062153,0.7476853157943184,-0.6075354115663275,-0.15935022597319362,0.2155803741549207
7603011068894,-1.6971978304249153,2.445507892035523,1.4284344367463877,0.7360343499600542,-0.6066664336011601,-0.17703327333739294,0.24262830451531728
7603044359094,-1.69366,2.45542,1.44151,-0.723503,0.605095,0.194504,-0.269391
7603077681994,-1.6807436171209105,2.4670547833274235,1.4397552451573028,0.7068833237909454,-0.6126951791299252,-0.20337622638503275,0.28906520814272724
7603110938094,-1.6684023115959006,2.4792434830918415,1.4375765676316232,0.6897394483531784,-0.6197786221200624,-0.21207664110729119,0.3084760140514323
7603144228094,-1.65662379616339,2.4919824931458345,1.4349498362826396,0.672033959971445,-0.6263619867415168,-0.22062527327118878,0.32766676212934936
7603177521494,-1.645443953001129,2.5052196513176646,1.4318599732584765,0.653796223703295,-0.6324332259962485,-0.22900758314211506,0.34660386522757713
7603210806194,-1.634888963416725,2.518907045119426,1.428292968820412,-0.635047470060307,0.6379855129367098,0.23721425318167041,-0.3652651011804292
7603244103894,-1.624972404702039,2.5330092252380707,1.4242326924530546,-0.6157902669427342,0.643018044741943,0.24524441727919447,-0.3836473863696105
7603277389894,-1.61572,2.54747,1.41967,-0.596054,0.647523,0.253086,-0.401722
7603310674694,-1.609767810652536,2.5538439711269874,1.4226708360446192,-0.586605927705968,0.639794488281104,0.27668824176420675,-0.4123107022801774
7603343963594,-1.60421032235721,2.5604963764366193,1.4258090573905375,-0.5766923925990747,0.6315271480420735,0.3000697814703216,-0.4225606132291003
7603377258594,-1.599063513041629,2.5674038330046685,1.4290828701604879,-0.5663208736771874,0.6227273570643045,0.32321312681310427,-0.43246338741783624
7603410542894,-1.594344649361664,2.5745380694510174,1.4324881380658736,-0.5555051936519128,0.613407066568713,0.34608799568686677,-0.44200548610935225
7603443831694,-1.5900647960553815,2.581876793276114,1.4360235170598121,-0.5442493871228782,0.6035700078848089,0.36868646257257626,-0.45118304768023326
7603477121494,-1.586236391680555,2.5893931278622504,1.4396854080396286,-0.5325637242666492,0.5932253626561125,0.39098786238218364,-0.45998699999735987
7603510410794,-1.58287,2.59706,1.44347,-0.520458,0.582382,0.412973,-0.468409
7603543699294,-1.581311084606082,2.5914391057355353,1.4442749004400321,-0.50816499154876,0.5744010607035954,0.4296390998733353,-0.47669907351164775
7603576989394,-1.5794873980833921,2.5858864804272503,1.4450795674791734,-0.4955867473077277,0.566096069236512,0.4460647570210503,-0.4847218262381714
7603610277794,-1.5774025740142186,2.58041480825542,1.4458868254263568,-0.48273183638951334,0.5574728028900745,0.4622393453874781,-0.49247216748730915
7603643567494,-1.5750604667144998,2.575035548414617,1.4466996449609604,-0.4696063247337306,0.5485353354056967,0.4781552646802089,-0.4999464255698179
7603676857594,-1.5724657349080418,2.5697606002294116,1.4475208897402614,-0.4562179176774512,0.5392889065041614,0.49380314720726626,-0.507140156879531
7603710178194,-1.5696208711205604,2.5645968720308683,1.4483541847467292,-0.4425616748290788,0.529729930448831,0.5091879858883486,-0.5140554053661184
7603743435294,-1.56654,2.55957,1.4492,-0.428684,0.519891,0.524258,-0.520669
7603776725794,-1.563485857453645,2.5447364670062447,1.4498641792267741,-0.421750381337329,0.5136602853262605,0.5319605372410116,-0.5246882064032092
7603810021494,-1.5600546466317322,2.5299840353739804,1.4505082584898028,-0.4147446682577477,0.5073471796063196,0.5395772374704288,-0.5286228374758928
7603843304094,-1.5562505544905498,2.515330280563761,1.4511334497786765,-0.4076720277677705,0.5009563845824987,0.5471028720312403,-0.5324703427768671
7603876594094,-1.5520737444273722,2.500775589837858,1.451741716005906,-0.4005292709515006,0.49448501359915614,0.5545408515635548,-0.5362325226840211
7603909891994,-1.5475265510830087,2.4863291898289814,1.4523346419487606,-0.3933174044306437,0.48793395720803423,0.561889993041143,-0.5399087964605449
7603943173894,-1.5426152649108855,2.472010704240104,1.4529134061030753,-0.3860428013488217,0.481308999608683,0.5691438368784798,-0.5434959938819103
7603976461394,-1.53734,2.45782,1.45348,-0.378702,0.474607,0.576306,-0.546996
7604009756094,-1.5364681921579921,2.4322121009556317,1.4525676499537326,-0.3666464439096461,0.46097484702931174,0.5892688248605642,-0.5530233517873934
7604043042294,-1.5344137269408975,2.406677627343937,1.4514998976306634,-0.3543975991598874,0.4471000338919447,0.6019142740467819,-0.5587513830875636
7604076330194,-1.531180209606026,2.3812637237682233,1.4502805347750145,-0.3419582433045896,0.4329857886986295,0.6142394720300318,-0.5641788170618716
7604109624594,-1.526773134854941,2.3560215152966597,1.4489137357825366,-0.32933313230246486,0.418637578887363,0.626239468569437,-0.5693034283376863
7604142908894,-1.521203791678856,2.331017904212741,1.4474049347187554,-0.31653530623579357,0.40407030738057587,0.637901901753867,-0.5741199790447804
7604176198294,-1.5144812906047742,2.306295275075898,1.445758518396446,-0.30356577138843704,0.3892852032359155,0.6492259184222268,-0.5786281706171343
7604209488694,-1.50662,2.28191,1.44398,-0.290433,0.374292,0.660204,-0.582825
7604242776694,-1.5089921419296217,2.2551017283039756,1.4454349723777995,-0.27377729690876906,0.3493443435900469,0.6722520465482789,-0.5925214824887092
7604276065194,-1.509553165121113,2.2282342034096905,1.4467976638699196,-0.25679511251286224,0.32400827223094625,0.683531561326358,-0.6015475994351362
7604309356794,-1.5083034964288864,2.201427086754732,1.4480562399866994,-0.23950454676226093,0.298310475028572,0.6940300200840847,-0.6098940594812486
7604342644294,-1.5052523978287689,2.174807657208131,1.4491990727081425,-0.22192921392530085,0.27228567592954406,0.7037328470442313,-0.6175500098624482
7604375933394,-1.5004166531709018,2.1484920010523694,1.4502156192416955,-0.2040863406922034,0.2459589717765935,0.712630361740678,-0.6245085405907731
7604409223794,-1.4938212934719326,2.1225996970158985,1.4510957532670627,-0.18599657778678347,0.21936041032271364,0.7207118693401382,-0.6307619874619105
7604442513094,-1.4855,2.09725,1.45183,-0.167682,0.192522,0.727967,-0.636303
7604475801994,-1.4897830433544101,2.0813862622861343,1.4527810931256528,-0.1461902255823279,0.1736451810120943,0.7318640791635248,-0.6425346206124547
7604509091694,-1.4931149397481451,2.065321583780617,1.4538050221389036,-0.12456489985741807,0.1546223814325311,0.7351232929775454,-0.6482046351311399
7604542386794,-1.4954863761026038,2.049110057391078,1.4549088582866447,-0.10282190575938491,0.13546762244860627,0.7377421132212627,-0.6533090794899117
7604575684894,-1.4968906653370795,2.032809677013095,1.4560992165479167,-0.08098173886698079,0.1161989841032838,0.7397176606486947,-0.6578430942009406
7604608960494,-1.4973248106765522,2.016490114301251,1.457381495927304,-0.05908024604792133,0.09684814292866441,0.7410471026176997,-0.6617999346026703
7604642254894,-1.4967901270660735,2.000188355889038,1.4587633697482218,-0.03710937573815472,0.07740800595685535,0.7417308737491951,-0.665181333001283
7604675550894,-1.49529,1.98397,1.46025,-0.0150996,0.0579055,0.741767,-0.667982
7604708827394,-1.493677536405566,1.972589447076633,1.4640521283521686,0.005571850909965979,0.04086210084299411,0.7365558330876586,-0.6751183214346056
7604742122594,-1.4915072857754625,1.9614024253996434,1.4680894594800888,0.02624941214023812,0.023776173053398752,0.7307535938510503,-0.6817219719438423
7604775407494,-1.4887939210120615,1.9504522114777874,1.4723582252823295,0.04689857624501463,0.00667616307009472,0.724370020561818,-0.6877819608743191
7604808696194,-1.4855511783734754,1.9397668189450243,1.4768590808783761,0.06751162328030884,-0.010431593261859818,0.7174076855734226,-0.6932961670630107
7604841991094,-1.4817950013835708,1.9293774831532944,1.4815906272491048,0.08807357420291613,-0.02753474825670932,0.7098713956657633,-0.6982603273716076
7604875274694,-1.4775455225776528,1.9193205222054417,1.4865477613992228,-0.10855723846588787,0.04461074216003859,-0.7017712668416539,0.7026679846812799
7604908566094,-1.47282,1.90962,1.49173,0.128958,-0.0616558,0.693109,-0.706518
7604941853494,-1.4597040083841941,1.9028201374500575,1.499611770947833,-0.1496506461935305,0.07988696980456098,-0.6679383994846626,0.7246247654083947
7604975143594,-1.4463969490043396,1.8972636586730967,1.5079934800521428,-0.17007595655535646,0.09800854405560676,-0.6416209714573587,0.7414789432478822
7605008431594,-1.4329718191622316,1.8929889074498707,1.516794763566938,-0.19019680423663748,0.115986855706551,-0.6142064771627165,0.7570486301241445
7605041758994,-1.4194837461672751,1.8900214186763744,1.525945053228513,-0.2100040167518664,0.13381314112132917,-0.5857066571211036,0.77132358191316
7605075010494,-1.40605164570869,1.888388874146769,1.5353278283648104,-0.22939657981835196,0.1513954253063116,-0.5562712475420776,0.784231428547686
7605108300194,-1.3927014557773993,1.8880938051443055,1.5448887587711362,-0.24840925448645007,0.16876408506878568,-0.5258520958248899,0.7957958904096909
7605141590194,-1.37952,1.88914,1.55453,0.266988,-0.185869,0.494535,-0.805981
7605174879594,-1.3642442033341762,1.8789979939890709,1.55113046704394,-0.2675045081832037,0.17914495150892845,-0.49353229459487424,0.8079444898273918
7605208167894,-1.3489993694554478,1.8687490471295047,1.547936344768973,-0.268008532066392,0.1724123431684501,-0.49250401691800455,0.8098673990119692
7605241458594,-1.3337871341342606,1.8583922964332849,1.5449469366132558,-0.26850008816311155,0.16567079332025794,-0.49145008572658905,0.8117497792647473
7605274753494,-1.3186099162490157,1.8479273924001471,1.5421617287861191,-0.2689791797494454,0.15892027278782908,-0.49037049496365037,0.8135916207947709
7605308036394,-1.3034783099363254,1.8373597278449878,1.5395815514406281,-0.26944555890747796,0.15216440723735472,-0.48926583859013123,0.8153919444928538
7605341326394,-1.2883868380021126,1.8266835471032208,1.5372043849305734,-0.2698994777159499,0.14539965997878598,-0.48813554948864785,0.8171516971359277
7605374620694,-1.27334,1.8159,1.53503,0.270341,-0.138627,0.48698,-0.818871
7605407905294,-1.2482265958372032,1.7986776214375941,1.5352494520559268,-0.259338863713021,0.1283689517137062,-0.49940647287253576,0.8166137035691824
7605441197294,-1.223657119476275,1.7806782596644717,1.5349912720691596,-0.2482384881137291,0.11805596968231306,-0.5116440271840659,0.8140398211931955
7605474489294,-1.1996606124146474,1.7619350240795524,1.5342372799044453,-0.23704648638928838,0.10769431137174061,-0.5236849898081741,0.8111503744918522
7605507773494,-1.1762649790334714,1.7424830616550337,1.5329705062555163,-0.22576984970287375,0.09729048797566366,-0.5355220246145415,0.8079472118073938
7605541063294,-1.1534822872339212,1.7223462007792736,1.5311739480785944,-0.21440841622408616,0.08684440041436636,-0.5471554099616257,0.8044302570880049
7605574357394,-1.1313342803522897,1.7015575647974852,1.5288316944523244,-0.20296699341666563,0.07636054177749677,-0.5585801700985629,0.8006008123999795
7605607641294,-1.10985,1.68016,1.52593,0.191455,-0.0658476,0.569787,-0.796462
7605640931194,-1.0911058407570364,1.658003541367087,1.5243270431407654,-0.17321741332643303,0.05759463091020492,-0.5877171966866607,0.7882049751997193
7605674219594,-1.0732475292850638,1.6352964721784995,1.5215829605034432,-0.1548422695750564,0.04929731433062809,-0.6051813086063219,0.7793261384466535
7605707509694,-1.056310590206759,1.6121148853625251,1.5176917447748315,-0.13634233277786748,0.040961366927288384,-0.6221672256570945,0.7698317205924237
7605740799294,-1.0403305214480223,1.5885400630418263,1.512651487147761,-0.1177334362517727,0.03259387728368791,-0.6386603560517395,0.7597298380081112
7605774088194,-1.0253386822160346,1.5646531839826785,1.506463811841032,-0.09903040247373862,0.02420146150910405,-0.6546475740600936,0.7490285858523338
7605807381694,-1.01136106850533,1.5405324123571134,1.4991326959043205,-0.08024502066650817,0.01578936400056495,-0.6701186803942482,0.7377346317134373
7605840666694,-0.998428,1.51627,1.49067,0.0613995,-0.00736749,0.685055,-0.725861
7605873956794,-0.9853190033223594,1.4847352412453745,1.4848170125987452,-0.05854592953236739,0.004156157443673312,-0.6913460082080468,0.7201359575977956
7605907265694,-0.9724388818044032,1.4532023767433981,1.4784122321852498,-0.05568208216278589,0.0009451782105304551,-0.6975773150097476,0.7143420062882755
7605940534294,-0.9598103009586849,1.4217386443670155,1.4714678691161607,-0.05281332590810419,-0.0022594854455274143,-0.7037377840576572,0.7084904929649121
7605973824994,-0.9474093454489464,1.390296309091877,1.4639718654404645,0.049934526812258455,0.005463583774912878,0.7098384489998747,-0.7025710416789344
7606007120194,-0.9352427428068651,1.3589033431317035,1.4559282488987026,0.047047438458222096,0.008665157934965972,0.715875440559934,-0.696587257402547
7606040402494,-0.9233165742121736,1.3275874107074808,1.447342352202387,0.044153814687609066,0.011862274596492944,0.7218450670359079,-0.6905428489861115
7606073692894,-0.911623,1.29634,1.43821,0.0412521,0.0150567,0.727751,-0.684435
7606107016494,-0.9015048419625179,1.260354013869516,1.439920957506325,0.04500469150576449,0.01742484853439363,0.7331956485512461,-0.6783030984313297
7606140271694,-0.8913461665076513,1.2244345658314586,1.4411103843584987,0.0487475985250407,0.01978811353311553,0.7385650617605197,-0.6721262915163502
7606173560894,-0.8811114046162157,1.1884797353358307,1.4417835256095992,0.05249201359314779,0.022153537095465206,0.7438749593906376,-0.6658857665505953
7606206855394,-0.8708048986363144,1.152529191028119,1.4419398437562316,0.05623439423258709,0.024518853772996712,0.7491201865790463,-0.6595873443106133
7606240140094,-0.860426994220958,1.1166078924942509,1.4415805125135925,0.059972733296803464,0.026882765105473893,0.7542979215030651,-0.6532344401647471
7606273428194,-0.8499692780797318,1.08071023174287,1.440706858055298,0.06370820403148998,0.02924598274245867,0.7594097863012661,-0.6468251028696824
7606306724194,-0.839426,1.04484,1.43932,0.067441,0.0316086,0.764456,-0.640359
7606340007694,-0.8279500025356513,1.0211123549487424,1.4414897276531338,0.06543667370659559,0.03020300178183651,0.7633531854412128,-0.6419483894319983
7606373327294,-0.816474891305048,0.9973548814659741,1.4436923343187993,0.06342925181218625,0.028794967445467536,0.7622422488064242,-0.6435326984690722
7606406585594,-0.8050340122950549,0.973637165649146,1.445921330260493,0.06142462482316057,0.027388625432638328,0.7611264492510286,-0.6451072832581928
7606439876494,-0.7935948636096282,0.9498923821783354,1.4481829520623222,0.05941715612793336,0.02598001826896579,0.7600026558851645,-0.6466765831974354
7606473165894,-0.7821689969962844,0.9261449805503631,1.450474906764373,0.05740892288800894,0.024570599196997212,0.7588720205283763,-0.6482389664985582
7606506455294,-0.770755713378309,0.9023940235207928,1.4527972751904978,0.05539985652400605,0.02316031668044465,0.7577345032430824,-0.6497944892220465
7606539744194,-0.759355,0.87864,1.45515,0.05339,0.0217492,0.75659,-0.651343
7606573032494,-0.7433795801683634,0.8616758885321762,1.4508836597925776,0.04767960557117884,0.0309927890179749,0.7585004758250279,-0.6491865143505914
7606606323794,-0.7277652525307524,0.8443912568457185,1.4465449679853295,0.04196257464002274,0.04023370606959601,0.7603141541072318,-0.6469488220019345
7606639611694,-0.7125214421677847,0.8267976083103586,1.4421314755797607,0.03624075280050086,0.04946901934254504,0.7620305908562411,-0.6446307490036666
7606672900594,-0.6976523398264007,0.8089009824984915,1.4376393619228447,0.03051412182650499,0.058698791348721635,0.763649806997931,-0.642232288611667
7606706191594,-0.6831635654482181,0.7907092310024451,1.433065262335823,0.024783230374436273,0.06792216815232127,0.7651716382678305,-0.6397536514598567
7606739484194,-0.6690612696391296,0.7722312126694185,1.42840606833087,0.01904890289238207,0.07713785254186871,0.7665958538251139,-0.6371951725350485
7606772768994,-0.655355,0.753481,1.42366,0.0133135,0.0863421,0.767922,-0.634558
7606806059394,-0.6344442643061835,0.7341527919676242,1.4240986927242945,0.012665445521309807,0.09816238056201879,0.7664748527815167,-0.6346022640880635
7606839355194,-0.6139094057900566,0.7144434911075509,1.424844516198207,0.012013227124222623,0.10997069078984235,0.764920030998851,-0.6345545490483726
7606872638894,-0.593772658609084,0.6943713040934901,1.4258918152928048,0.011357252016709733,0.12175913403126146,0.7632584884953534,-0.6344148531098363
7606905927594,-0.5740348839078268,0.673933981784184,1.4272356867716391,0.010697250433428345,0.1335320904086245,0.761489625621464,-0.6341831752223879
7606939222094,-0.5547069076580822,0.6531390106128449,1.4288707894118273,0.010033271564191232,0.1452881551121739,0.75961358228663,-0.6338595199659727
7606972506894,-0.5358085191591345,0.6320044865939514,1.430790627595025,0.009365692778248435,0.15702018254790193,0.757631500166469,-0.6334441222609242
7607005794694,-0.517343,0.610531,1.43299,0.00869433,0.168731,0.755543,-0.632937
7607039090394,-0.5061110610830092,0.5942192728124073,1.4321571964954127,0.005458259919895224,0.17813030839970737,0.7550416716810213,-0.6309927690973969
7607072380894,-0.4951727326180396,0.5777150659715361,1.4313503795462061,0.0022224001062187315,0.18750987667474847,0.7544631877714224,-0.6289836288688061
7607105663494,-0.4845324453294409,0.5610251675100474,1.4305666450019778,-0.0010126600413984815,0.19686797090266087,0.7538076220356632,-0.6269099181806335
7607138952094,-0.4741893243350942,0.5441480357063644,1.4298026987674302,-0.004247943928153213,0.20620753699856423,0.7530747766240641,-0.6247709880187982
7607172242694,-0.4641481917633322,0.5270911202909659,1.429055665879259,-0.007482735151034715,0.21552648317953288,0.7522647889208952,-0.62256729039737
7607205532394,-0.4544132841360975,0.5098614602870065,1.4283226304561751,-0.010716424132488467,0.22482303653495914,0.7513778110173033,-0.6202992387613083
7607238849194,-0.44498,0.49245,1.4276,-0.0139514,0.234104,0.750413,-0.617965
7607272110794,-0.442700629803058,0.47876599537676706,1.4262346692092138,-0.016805343388109104,0.23989222359001353,0.7472981819966578,-0.6194471153207003
7607305399194,-0.44060852492803393,0.46503532780433643,1.4249430611537888,-0.019659868053262346,0.24567249096965676,0.744140512598296,-0.6208972654786279
7607338703194,-0.43870535367321806,0.45126549918587927,1.4237255548170726,-0.022513858340859776,0.25144255719077113,0.740941248992495,-0.6223148979073335
7607371977894,-0.43699412691163586,0.43747804826408815,1.4225835306019432,-0.025363314410075333,0.25719434485221465,0.7377049037835467,-0.6236980408754577
7607405267194,-0.4354729826247555,0.42365776568150415,1.4215152014137256,-0.028211843727184344,0.2629351457704032,0.7344274103746191,-0.6250484620272582
7607438557294,-0.43414316486962085,0.409813328963288,1.4205208137684606,-0.03105811078659384,0.2686622658370298,0.7311102791091885,-0.626365500686752
7607471852294,-0.433005,0.395946,1.4196,-0.0339023,0.274376,0.727753,-0.627649
7607505135294,-0.4396917144519643,0.3797389044480716,1.4177483132424582,-0.032815318941764385,0.2896998495195265,0.7235115031879418,-0.6257221881840526
7607538425594,-0.44671922132701974,0.36368908281776036,1.4158076640212292,-0.031718500738605236,0.3049528079860246,0.7190871451917817,-0.6236276126281352
7607571722094,-0.45408152322635653,0.3478046345973867,1.4137695638197663,-0.03061229859312661,0.3201305003720888,0.7144813819258543,-0.6213659990598802
7607605003494,-0.4617674541166645,0.3321029433777815,1.4116269644499781,-0.029497836423509338,0.3352193426282872,0.7096984246816014,-0.618939428360033
7607638294094,-0.4697758670238577,0.31657960456464607,1.4093700495881762,-0.028374717793379994,0.3502264874775174,0.7047360664643415,-0.6163467850842363
7607671618194,-0.47810619773426744,0.30123056662380726,1.4069887778590733,-0.0272425251827717,0.3651588524791176,0.699591626947901,-0.6135865161345945
7607704907494,-0.486734,0.286094,1.40448,-0.026104,0.379982,0.694277,-0.610665
7607738161194,-0.4930493801482463,0.27294002286962804,1.4058236597031983,-0.03732404732874994,0.3891218413962148,0.6895010758767696,-0.6097371354970907
7607771456594,-0.49976398406137096,0.259961610031704,1.4071458734190634,-0.04855150466911583,0.3981810879318308,0.6845612779425854,-0.6086628207385455
7607804740794,-0.5068617756952629,0.24719136852688472,1.4084465264626,-0.059765940501398454,0.40714304950715274,0.6794663704805078,-0.6074438418323498
7607838030394,-0.5143399290255999,0.2346344127950096,1.4097283160473804,-0.07097036741084999,0.4160100780043228,0.6742150346985553,-0.6060799525927518
7607871318394,-0.5221903204194358,0.2223047537944032,1.4109930354119864,-0.08215984655119216,0.4247781731302891,0.668809565003009,-0.6045717732472008
7607904608994,-0.5304069949389475,0.21021196870446265,1.4122429301729058,-0.09333321111445272,0.43344634012236855,0.6632505248904713,-0.6029194997427961
7607937899394,-0.538982,0.198368,1.41348,-0.104487,0.442012,0.65754,-0.601124
7607971186994,-0.5402418080076645,0.18963966278816824,1.4191480361316173,-0.1171209791848123,0.4344752107959489,0.6580286057264256,-0.6037485581633656
7608004478794,-0.5413963946856231,0.18086688557477634,1.4247821396375515,-0.1297305135408416,0.4268399620846774,0.6583733465007696,-0.606236073853543
7608037765494,-0.5424466233784665,0.17205194620974182,1.430377257821827,-0.1423091757551289,0.41910982112662637,0.6585737206390202,-0.6085850070571743
7608071055494,-0.5433940459071371,0.16319249035840902,1.4359313574325385,-0.15485729773010423,0.41128453041347823,0.6586297580274397,-0.6107954602180757
7608104345394,-0.5442399244469299,0.15428932426694505,1.4414404527132032,-0.16737075569428841,0.4033665824254775,0.6585414314992345,-0.6128667174187652
7608137633394,-0.5449856907478083,0.14534288273389287,1.4469008762087003,-0.1798460466377615,0.39535814132880204,0.6583087897061758,-0.614798240880204
7608170923794,-0.545633,0.136352,1.45231,-0.192282,0.38726,0.657932,-0.61659
7608204218194,-0.5429361581016584,0.12888529765273032,1.455234034600038,-0.19884390802334553,0.38129695662083146,0.6722672964584249,-0.6026030312122364
7608237501594,-0.5401735365177887,0.12131153075081726,1.4577411397664892,-0.2053358263900349,0.3751392248784734,0.6862666939450432,-0.5883415548302194
7608270792494,-0.5373429574657963,0.11364496476436012,1.4598282973203016,-0.21175851829652523,0.3687868622159305,0.6999309685195364,-0.5738041647575349
7608304088394,-0.5344441272562489,0.10590477011489219,1.4614914338099954,-0.21810866630219375,0.36224386750216025,0.7132521488203164,-0.5589985351896344
7608337369794,-0.5314784895383414,0.09811429133526994,1.4627268844877435,-0.224379811895759,0.35551787955253167,0.7262160009520809,-0.5439403067371112
7608370660194,-0.5284438693521674,0.09028693453286822,1.4635335657732123,-0.23057365433167468,0.3486080169696454,0.7388253584595345,-0.5286258886299171
7608403983994,-0.525338,0.0824359,1.46391,-0.236692,0.341513,0.751083,-0.513051
7608437238994,-0.5256115692083325,0.07694541074310039,1.470444648585917,-0.2374851129503583,0.35284355125924305,0.7394175570420076,-0.5218849737248151
7608470539094,-0.5259734004518821,0.07163853535036299,1.4771141903562752,-0.23820587849352126,0.36407305011744007,0.727482488328416,-0.53054500544705
7608503823094,-0.5264187412455616,0.06653069897262989,1.4839006988367467,-0.23885262989035405,0.37517650272001707,0.7153029900468065,-0.5390117303281414
7608537107194,-0.5269434255785227,0.0616244260498835,1.4908014016293438,-0.23942565701798774,0.38615544679962677,0.7028774579119489,-0.5472865838184984
7608570417794,-0.5275435219771952,0.056920947345239704,1.497815766264383,-0.2399252700860291,0.39701452398357895,0.6901999750159322,-0.5553731421380087
7608603684894,-0.5282131684948943,0.052434576595096,1.504922699743432,-0.24035044245442092,0.40772714505938457,0.6773016770297402,-0.5632518781916215
7608636975394,-0.528949,0.0481604,1.51213,-0.240702,0.418311,0.664161,-0.570936
7608670279994,-0.5324696383026838,0.0548002990570882,1.5203213323685831,-0.23182185008680736,0.4310086001681523,0.6453431224799521,-0.5865342877200321
7608703553494,-0.535940027333892,0.06197005002729121,1.5281564027843066,-0.22273628802507944,0.44334973174998304,0.6260116719947468,-0.601613620092139
7608736844294,-0.5393568714842653,0.06965863632869275,1.5356172328847875,0.21344050002592907,-0.4553428669693421,-0.6061550734141814,0.6161834576025795
7608770133094,-0.5427099230011116,0.07783911170724132,1.5426709218502366,0.20394810588046083,-0.46697125084039054,-0.585800888286191,0.6302224530111913
7608803422194,-0.5459913560057233,0.08648750187211161,1.5492910430774134,0.1942670188039998,-0.4782264466875324,-0.5649645666000983,0.6437195271078751
7608836711894,-0.5491933269168244,0.09557782844149876,1.5554521577438658,0.18440587101271771,-0.4890995708733807,-0.5436631168681918,0.6566631555559355
7608870000294,-0.552308,0.105082,1.56113,-0.174374,0.499581,0.521915,-0.669041
7608903290294,-0.5610087748564475,0.11930660232208916,1.5550818067408627,0.18243166918892845,-0.5174912273461084,-0.4960909381524197,0.6729155197941358
7608936582094,-0.5689790924318959,0.13368282042080404,1.5485314070901866,0.1902944466060316,-0.534843762093011,-0.4697323275235095,0.6760781864699121
7608969867894,-0.5762096728669299,0.1481489173449358,1.5414778671408678,0.19795196382505748,-0.5516165579380318,-0.44287391989284325,0.6785255220735242
7609003158594,-0.5826985473574638,0.16265089896573195,1.533918473415845,0.20539827010651776,-0.567797317354384,-0.4155355995792437,0.6802557772814087
7609036485094,-0.5884491985191735,0.1771433130613733,1.5258469961815522,0.21263163009191546,-0.5833827558325041,-0.3877203436130452,0.6812674109557201
7609069735994,-0.593445761319305,0.1915190988519566,1.5172951544531548,0.2196202661567132,-0.5983053739012781,-0.3595515421157241,0.6815572659845327
7609103026794,-0.597712,0.20577,1.50824,-0.226381,0.612602,0.330962,-0.681127
7609136322394,-0.6074775011040638,0.22804123193343065,1.4977751537819326,0.24054852213570116,-0.6312534395733375,-0.29489174564627874,0.675791655671222
7609169609194,-0.6155075509860182,0.25052125869711084,1.4864905375047814,0.2542825451560086,-0.6487038379819003,-0.25828015291835626,0.6691898687405582
7609202894894,-0.6217891880068119,0.2730499577495234,1.4743917966849605,-0.2675604668473597,0.6649246770870614,0.2211873597165098,-0.6613340474243931
7609236189494,-0.6263211807124855,0.29546850624509036,1.4614888853528778,-0.28036088324938396,0.6798894445856412,0.18367124261593645,-0.6522369147177823
7609269474794,-0.6291116933357582,0.3176000154229082,1.4478086061040198,-0.292652442833572,0.6935614270505434,0.14582225801789653,-0.6419213064525269
7609302761994,-0.6301858935165014,0.33928955322888893,1.4333720549104503,-0.30441599744046743,0.7059195423408545,0.10769836531455203,-0.6304042848459845
7609336051194,-0.62958,0.360378,1.41821,-0.315629,0.71694,0.0693705,-0.617708
7609369341594,-0.6312141242522085,0.3850206295880187,1.4087901623766297,-0.3331466233113612,0.7171259885302166,0.03210097263727689,-0.6113208417079681
7609402632394,-0.6311166837261853,0.40939850418129614,1.3988752873489494,-0.3500937602155524,0.7160628843281545,-0.005221027511318319,-0.6038717128807288
7609435919894,-0.6293228983178798,0.43336338004333164,1.388445784780791,-0.3664390963270953,0.7137525659269677,-0.04252662293816583,-0.5953747976334963
7609469209594,-0.6258792808599136,0.45677652307413885,1.377482747582846,-0.38215689519979434,0.7101985079362076,-0.07975727881699649,-0.5858438044838793
7609502500794,-0.620843778165197,0.47949847258480616,1.3659727688404493,-0.3972193299867348,0.7054065399235231,-0.11684763395581498,-0.5752956177105303
7609535789294,-0.6142862709719096,0.501392354108303,1.3539075348786176,-0.4115982729313565,0.6993854516763396,-0.1537287092549933,-0.5637502422653146
7609569078194,-0.606286,0.522332,1.34128,-0.42527,0.692145,-0.19034,-0.551227
7609602366494,-0.6076061298472714,0.5343930897489294,1.318408955563681,-0.4535857177145253,0.698715530485155,-0.19310920836218817,-0.5184259231461872
7609635657694,-0.6068141090974866,0.5468022992567623,1.295814785942465,-0.48100823097690754,0.7039568905363657,-0.19552411379363865,-0.4846092229044446
7609668948694,-0.6039132728643916,0.55942145873543,1.2736321305639555,-0.5074817131947544,0.7078591014690733,-0.19757852580921428,-0.44984500595135113
7609702234894,-0.5989243604486165,0.5721101415062749,1.2519932716669333,-0.532951394441928,0.7104150765249088,-0.19926696618999276,-0.4142051501296778
7609735524894,-0.5918822414403453,0.5847324483687126,1.231017776482521,-0.5573745386647693,0.7116212477688967,-0.20058528855138671,-0.37774907728389123
7609768820094,-0.5828377962122243,0.5971502251332451,1.2108251680067856,-0.5807044349332902,0.7114753965546678,-0.20152948631699222,-0.3405451298888232
7609802102794,-0.571864,0.60922,1.19154,-0.602884,0.709979,-0.202096,-0.302685
7609835393194,-0.5765950392237144,0.6056009112181191,1.16928565532915,-0.6017197652472774,0.723314382700286,-0.18226132581324256,-0.285535351580964
7609868689894,-0.5800154933163911,0.6016437261539909,1.1468955075985583,-0.6000336616941884,0.7360242238159103,-0.16225768721103287,-0.2681424802804994
7609901992794,-0.5821149205028917,0.5973652747447565,1.1244472689562977,-0.5978270177717966,0.7480968407173384,-0.14210231862893644,-0.2505212661054894
7609935260994,-0.5828873249377456,0.5927893619951456,1.1020463379474637,-0.5951053665216526,0.7595076169048385,-0.12183756581805474,-0.2327088097949752
7609968555894,-0.5823340776435219,0.5879268998091056,1.0797290779387891,-0.5918664762213038,0.7702677932056895,-0.10144360874569622,-0.21468766923152294
7610001868194,-0.5804567569687884,0.5827989877179733,1.0575793735435752,-0.588113282863801,0.7803635607413134,-0.08094357992996555,-0.19647803046249837
7610035128094,-0.57727,0.577438,1.03572,-0.583858,0.789766,-0.0603983,-0.178134
7610068417594,-0.5818063671930508,0.566199500252986,1.019316202322701,-0.5676404956824886,0.8019663806123392,-0.046398270373852565,-0.18022594856234855
7610101708494,-0.5857363033308419,0.5542868648704468,1.0032417791387391,-0.5510766468291638,0.8136760904504217,-0.03236632255612028,-0.1822036506578162
7610134997694,-0.5890435735843721,0.5417328722054326,0.987530334037497,-0.5341780458430302,0.824886851987413,-0.018312429384228383,-0.18406561788575587
7610168285894,-0.5917139800943148,0.5285705655041358,0.9722127216749308,-0.5169546781511611,0.8355921431215302,-0.004244983639339163,-0.18581068646635862
7610201575594,-0.5937349341490484,0.5148336636212612,0.9573180756719525,-0.4994157414898974,0.8457862469786555,0.009828375179517698,-0.18743784200418953
7610234866394,-0.5950951598133805,0.5005583932749251,0.9428758733876016,-0.48157210083537305,0.855462784583975,0.023898776665728375,-0.1889459826583213
7610268154194,-0.595785,0.485784,0.928916,-0.463437,0.864615,0.0379558,-0.190334
7610301444294,-0.5986854066030709,0.48065442070819475,0.9211778793505715,-0.46323783389234857,0.8661166984287166,0.039952927294433754,-0.1834566367136116
7610334732994,-0.6014799733523167,0.47553125495945325,0.9133821594477558,-0.4630139391335218,0.8675720099096169,0.04194998931335689,-0.17657037743080328
7610368023094,-0.6041680328614674,0.4704137086325237,0.9055296841880631,-0.4627651780629204,0.8689807011841213,0.043947035306649396,-0.16967495109680272
7610401314594,-0.6067486915069014,0.4653014189186238,0.897621959696876,-0.46249157508829736,0.8703426835715572,0.0459439581499859,-0.16277072474901197
7610434601194,-0.609220620758698,0.46019498847224777,0.8896620164616931,-0.46219321465538205,0.8716576265190016,0.047940272827491734,-0.15585937475497097
7610467891494,-0.6115836309659646,0.4550927334733246,0.8816493391881743,-0.4618700510907526,0.8729257945802318,0.04993638789231,-0.14893948511447683
7610501187394,-0.613837,0.449994,0.873585,-0.461522,0.874147,0.0519323,-0.142011
7610534469194,-0.6200604241095384,0.4579538803910661,0.8778204881514498,-0.4788295009366893,0.8647236984860938,0.057228000953452984,-0.14035736609143135
7610567759694,-0.6263261025701249,0.46573143296654396,0.8823467855341101,-0.4959418191628628,0.8549353494073796,0.062496637549461345,-0.13864137417857417
7610601056394,-0.6326336594930374,0.4733143041766248,0.8871558798633179,-0.512850427251877,0.8447867363821893,0.06773565603501379,-0.13686376511627488
7610634337594,-0.6389789713970978,0.480686325682742,0.8922361898961894,-0.5295372869529679,0.834288898046569,0.07293952230345202,-0.13502637671535106
7610667627494,-0.6453665818704443,0.48784195927625457,0.897582542230009,-0.5460075806502389,0.8234387328154922,0.07810991287326594,-0.13312857199947817
7610700922494,-0.6517957048677254,0.49476969676056504,0.9031852981526647,-0.5622524625004223,0.8122417682357396,0.08324414522919885,-0.13117122638197143
7610734206294,-0.658263,0.501456,0.909032,-0.578257,0.800708,0.0883376,-0.129156
7610767505494,-0.6584047091974333,0.50957566408831,0.9239938156890315,-0.5938113412549338,0.7908603670356041,0.09660876446422764,-0.11222618891337965
7610800784294,-0.6589781215540977,0.5170263353503379,0.9392681412573337,-0.6089411703442128,0.7804733413358225,0.1048067860298256,-0.09522369519198237
7610834074594,-0.6599989576514923,0.5238070256909398,0.9548278672263265,-0.6236508156563544,0.7695447066014246,0.11293406155117545,-0.07814411311446642
7610867363994,-0.6614811629331241,0.5299083744188721,0.9706249418758836,-0.6379243376735758,0.7580858746352476,0.1209820589067288,-0.06100563502603729
7610900652494,-0.6634375407133495,0.5353258228072514,0.9866163050374862,-0.6517518182782805,0.7461048526716086,0.1289453699295625,-0.043820175314124445
7610933942594,-0.6658797862422714,0.5400570544456351,1.002759590461235,-0.6651246393586865,0.7336090492023345,0.13681923394393117,-0.026598388474116514
7610967232594,-0.668818,0.544101,1.01901,-0.678033,0.720608,0.144598,-0.00935313
7611000520794,-0.6645820251513611,0.5353657767488984,1.0144961446373861,-0.6853648372090336,0.7188276920634317,0.11586615248848381,-0.011697168362929104
7611033810694,-0.6608835620300157,0.5264952699850909,1.009655878796318,-0.6920956746627268,0.7164020385340477,0.08703265554261834,-0.014036137880689498
7611067099294,-0.6577414585922365,0.5175150077981927,1.0045121721813302,-0.6982185616425017,0.7133332572076528,0.05812565032056791,-0.01636805163138715
7611100389594,-0.6551719778313977,0.508449298776278,0.9990881741892127,-0.7037284766818794,0.7096239012480818,0.0291681912665579,-0.018691348337983554
7611133685294,-0.6531895302713299,0.4993225333263246,0.9934078130570151,0.7086208107799168,-0.7052767708650155,-0.00018275496900123652,0.021004514001783915
7611166966994,-0.6518074680929077,0.4901656665525539,0.9875000111567915,0.712888474006335,-0.700298632707739,0.028788047987757748,0.02330444055636173
7611200258094,-0.651035,0.480998,0.981387,-0.716531,0.694691,-0.0577389,-0.025591
7611233573694,-0.6422533856122636,0.46929093713770426,0.9667560359650325,0.7084438182859479,-0.7019815206183653,0.0684691006098488,0.02532357211044351
7611266835994,-0.6338884140790351,0.4571528565218919,0.9522798531064903,-0.7002000512790855,0.7091024365952999,-0.07915896649169499,-0.02504956341618423
7611300125994,-0.625922746425098,0.4445632523417748,0.9379397902424015,-0.691781424372646,0.7160692711969612,-0.08983203948127183,-0.024768213965509607
7611333436994,-0.6183619897413191,0.4315326470073266,0.9237556853661966,-0.6831912472373739,0.7228786309168848,-0.10048362966213985,-0.024479477770038637
7611366703294,-0.6112233351292391,0.41809654931739754,0.909771783046612,-0.6744486603676639,0.7295156574495612,-0.11109028583662904,-0.024183847025113135
7611399993894,-0.6044939213783366,0.4042372260728394,0.8959751944690092,-0.6655377416394275,0.7359927028885505,-0.12167157079581752,-0.02388063249528526
7611433290194,-0.59818,0.389972,0.88239,-0.656465,0.742304,-0.132219,-0.0235699
7611466572294,-0.5962985336553851,0.383818955146372,0.8793817588595144,-0.6532002176690092,0.745890434157577,-0.12807524283823166,-0.023951368255452497
7611499862394,-0.5943472817617264,0.37764509833423987,0.8764462528310093,-0.6499063546613073,0.7494476920970979,-0.12392685690889475,-0.024331484086814483
7611533150394,-0.5923270311497907,0.37145348128156175,0.8735848896315079,-0.6465848881583993,0.7529749387502039,-0.11977534329155859,-0.02471014283055293
7611566440994,-0.5902377193802107,0.36524441631245425,0.8707977528827887,-0.6432354834186444,0.7564725271453624,-0.11562028838554245,-0.025087396420029044
7611599728894,-0.5880799146750328,0.35902008168149796,0.8680857595147942,-0.6398588097820028,0.7599397574963717,-0.11146252644668424,-0.025463183595868095
7611633018694,-0.5858535674906903,0.35278080988036636,0.8654489934331668,-0.6364545388577417,0.7633769680682506,-0.10730165585172273,-0.025837554872372014
7611666309294,-0.583559,0.346528,0.862888,-0.633023,0.766784,-0.103138,-0.0262105
7611699598094,-0.581032508640741,0.34574674825185,0.8566139425714849,-0.6252316842857257,0.7742347048644735,-0.09268009595122585,-0.03250173169429191
7611732886494,-0.5784780305106623,0.34490448404539253,0.8503574155257935,-0.6172834168892836,0.7814738285249767,-0.08219004707196592,-0.038789621373693434
7611766176994,-0.5758937917144717,0.3440025430662434,0.8441191607554679,-0.6091796366896967,0.788499884075469,-0.07166971754670785,-0.045072770520083516
7611799466394,-0.573278496293041,0.3430424771967113,0.8379009612269361,-0.60092328447971,0.7953103295840797,-0.06112279497674446,-0.051348707493090756
7611832760494,-0.5706301792159809,0.34202564093518234,0.8317028902030117,-0.5925151045142872,0.8019045183439458,-0.05055012511159953,-0.05761665760168063
7611866048394,-0.5679482463366659,0.34095396291566327,0.8255280982655905,-0.583960104619553,0.8082785675958013,-0.03995786642823681,-0.06387270378263017
7611899333694,-0.565231,0.339829,0.819377,-0.57526,0.814432,-0.0293476,-0.0701157
7611932624894,-0.5558373711411854,0.3372404667162571,0.8063294388000002,-0.575722922125349,0.8160657258721676,-0.016937148774013915,-0.04788508105441947
7611965918194,-0.5457834726360449,0.3345982516824386,0.793702190596335,-0.5758138916048137,0.8171667188711578,-0.004512187756385554,-0.025623348062214408
7611999201494,-0.5350956383564988,0.3319004532566201,0.7815326073412804,-0.5755327116909269,0.8177335836740836,0.007914619973008633,-0.003353012960291469
7612032492194,-0.5237924606734385,0.3291429337710115,0.7698460128048074,-0.5748795234845524,0.8177662677129842,0.020341605740630393,0.01892310610979796
7612065787494,-0.5119002659733715,0.32632331253465513,0.7586741398443957,-0.5738546658614306,0.8172644169684089,0.03275955569561048,0.041188672435255036
7612099070494,-0.49945251460550016,0.32344062295249454,0.7480516108606116,-0.5724595128496157,0.816228758305294,0.04515401241069096,0.06341794246578784
7612132359994,-0.486471,0.320491,0.738,-0.570694,0.814659,0.0575238,0.085609
7612165657094,-0.48637853525851205,0.3146894671026388,0.7305667011403092,-0.5634118674279376,0.820032735176565,0.0483100659608515,0.08820157825721668
7612198938994,-0.4864312626200395,0.30874822262263146,0.7232082245336049,-0.5560370384667822,0.8252603510322696,0.039089353828447096,0.0907754773298374
7612232228594,-0.4866315998333139,0.30266736943938605,0.7159226111317216,-0.548566067816202,0.8303450862278615,0.029856971836582435,0.0933320322861611
7612265516794,-0.486981861009857,0.29645276985049734,0.7087149502159045,-0.5410022463639135,0.8352846459742261,0.02061705768909649,0.09587005038673882
7612298809294,-0.48748434770742793,0.2901076765545527,0.7015870419510953,-0.5333455580074794,0.8400790185599123,0.011369647171279468,0.09838947836179279
7612332095694,-0.4881410050784797,0.2836385062222491,0.6945440742457742,-0.5255997085865326,0.8447259051714644,0.002119249981630011,0.10088904918531882
7612365385194,-0.488954,0.277048,0.687587,-0.517764,0.849226,-0.00713507,0.103369
7612398675694,-0.4960503310752001,0.2752687944107939,0.6849732771762993,-0.512666261033634,0.8514611613878535,-0.024127914118788594,0.1077266875296828
7612431964794,-0.5032387996672183,0.27372136981068806,0.6824528161718957,-0.5073957066797119,0.8534069396820712,-0.04111053548078542,0.11205407631121876
7612465253394,-0.5105105132729624,0.2724094533700848,0.6800245371866132,-0.5019539840162407,0.8550625171156631,-0.05807767812974095,0.11634978752498074
7612498543194,-0.5178566532913108,0.2713364527377615,0.677687188411784,-0.49634275079497897,0.8564273500553596,-0.0750244987499276,0.12061257147474282
7612531834094,-0.525267911450235,0.27050553718658493,0.6754395298397039,-0.4905640044639483,0.8575008842386423,-0.09194524209787222,0.12484095285524495
7612565121294,-0.532733831130474,0.26991960805179455,0.6732804954263661,-0.484620652505549,0.8582825779387179,-0.1088317798424484,0.12903287669539665
7612598413894,-0.540247,0.269581,0.671208,-0.478513,0.858772,-0.125683,0.133188
7612631700294,-0.5503866443630742,0.2711180581019306,0.6699008405742254,-0.4759217537273187,0.8570181482661913,-0.14561204351215706,0.13347475662354932
7612665014694,-0.5604973045430003,0.2730182913792464,0.6687843906355617,-0.4731362477336994,0.8549120435924022,-0.16549861845204064,0.13370750200195936
7612698284494,-0.5705405370446726,0.2752752046637023,0.6678609690513421,-0.47016400188808516,0.852459698683061,-0.18529139101080702,0.1338856746147462
7612731568494,-0.5805178159605471,0.27788962469467854,0.6671284021078194,-0.46700123943814154,0.8496582602622839,-0.20501737748213167,0.13400954466625778
7612764858794,-0.5904104684340895,0.2808580072553833,0.6665864529313549,-0.46364982794946136,0.84650921680944,-0.22466379794523245,0.1340789349298665
7612798154994,-0.6002022183922842,0.2841766787302831,0.6662343377693745,-0.4601110725706205,0.8430137029761307,-0.24422237094405594,0.13409373968552504
7612831436094,-0.609871,0.287839,0.666071,-0.456389,0.839176,-0.263673,0.134054
7612864726794,-0.6168047909390304,0.2926060872414782,0.6606965653230968,-0.462969726782242,0.8329442689587405,-0.27375232715313536,0.1300866644595367
7612898023394,-0.6237300021095215,0.2975908748682289,0.6554961621976796,-0.4694574359963722,0.8265460276002504,-0.2837810253949619,0.12609405089750375
7612931304594,-0.6306370902881105,0.30278611511157894,0.6504775081625246,-0.47584646680064296,0.8199861965612891,-0.29375053803369783,0.12207947774793473
7612964595194,-0.6375260973095969,0.3081914859550482,0.6456411366369501,-0.48214034909509107,0.8132612269441473,-0.30366631394128285,0.11804079930718148
7612997883094,-0.6443894178434844,0.3138007852558974,0.6409930346194201,-0.48833552880794684,0.806374841093451,-0.313522748170372,0.11398031994634858
7613031176394,-0.6512236395869204,0.31961093865179896,0.6365361176407924,-0.4944322839812902,0.7993267035180851,-0.32332025900470607,0.10989789678190394
7613064461894,-0.658021,0.325615,0.632276,-0.500427,0.792121,-0.333053,0.105796
7613097751794,-0.6605185065807471,0.3307203772829609,0.619208150978992,-0.5089267623263113,0.7877331477426017,-0.3303551833930355,0.1064682644779401
7613131042094,-0.662906546893181,0.33603134111110516,0.606199041960206,-0.5173768112611665,0.7832644219530864,-0.32763047815718327,0.10712772868972913
7613164331794,-0.6651863263624975,0.3415471899792141,0.5932537383570876,-0.525776055871347,0.7787154071115816,-0.32487926562427255,0.10777437806291114
7613197619694,-0.6673590898333306,0.3472670766453154,0.5803773517284063,-0.5341233551762036,0.7740867161447937,-0.3221019413682528,0.10840819484839366
7613230909294,-0.6694264199741119,0.35319088927525627,0.5675731562426606,-0.5424187486841625,0.7693783109745329,-0.3192985092717344,0.10902925137196132
7613264199594,-0.6713896350899589,0.35931767395969827,0.5548461464754576,-0.5506611479790143,0.7645907811913523,-0.3164693482232456,0.10963753489925612
7613297487694,-0.67325,0.365646,0.542202,-0.558849,0.759725,-0.313615,0.110233
7613330780494,-0.6717470379114869,0.3674986600068906,0.530622321459703,-0.5784878227252523,0.7490986459368973,-0.30155489858010837,0.11518550584359312
7613364067894,-0.6698619959103557,0.3697777053593746,0.5191902651605971,-0.597734348795688,0.7379758525264583,-0.2892913132562561,0.12006592119378756
7613397356994,-0.6676044566786038,0.3724815043369796,0.5079321061933231,-0.6165798854802685,0.7263618553743515,-0.27682974036862656,0.12487191327799613
7613430652094,-0.6649849184557399,0.3756073794227375,0.49687473066461807,-0.6350141208964443,0.7142628236773931,-0.26417671105638296,0.1296007342183901
7613463934594,-0.6620168313019401,0.37914916892075945,0.4860519780754227,-0.653014558727085,0.7016938165541026,-0.2513476839408423,0.13424647361395584
7613497225194,-0.6587112366145459,0.3831035943584667,0.47548418157249633,-0.6705804439287398,0.6886555867261055,-0.23834317552806739,0.13880879572438612
7613530520494,-0.655082,0.387464,0.465199,-0.687698,0.675158,-0.225173,0.143284
7613563803094,-0.6529282779865684,0.3873904844549978,0.4551595972877711,0.6926653828811101,-0.6707662960634398,0.22320825036067166,-0.14305705293492763
7613597092994,-0.6507224249351469,0.38743693508249105,0.4451303612196723,0.6976005570751349,-0.6663409086844453,0.22123311578763388,-0.1428256442693136
7613630389094,-0.6484648047033406,0.3876033594690171,0.4351134168194667,0.7025030839420895,-0.661882165839075,0.2192477288740646,-0.14258979269075905
7613663670794,-0.646157164081881,0.3878895229300692,0.42511673911663844,0.7073697062275626,-0.6573930574963859,0.21725340076518176,-0.14234966288350911
7613696961394,-0.6437982401351926,0.38829548511610057,0.41513510597408,0.7122036040776104,-0.6528706701826457,0.2152488175019048,-0.1421051051797834
7613730250794,-0.6413890794769518,0.3888210301522601,0.40517332870705114,0.7170030657150814,-0.6483165875149272,0.21323466385657278,-0.14185620972713486
7613763539594,-0.63893,0.389466,0.395233,-0.721768,0.643731,-0.211211,0.141603
7613796832594,-0.6396743835629761,0.38863194926380906,0.3906227984363937,0.721476763605296,-0.6447929673471524,0.20769089818144787,-0.14344964151180511
7613830117694,-0.6403842271718359,0.38777965928150443,0.38601075191114,0.7211733993695589,-0.6458436166967811,0.20416824949002166,-0.1452937600654496
7613863408794,-0.6410597679767922,0.38690884464591635,0.38139524382351003,0.7208577343284033,-0.646883325054267,0.20064162875783595,-0.14713608474830187
7613896696694,-0.6417007552093518,0.38601981380145955,0.37677785845136613,0.7205298584978712,-0.6479117869876538,0.19711207056716573,-0.1489760750329645
7613929986594,-0.6423072331656476,0.38511250015971327,0.37215818406231255,0.7201897257265094,-0.6489291473357196,0.19357908429789988,-0.1508139874762868
7613963276294,-0.6428791041101042,0.3841870346386898,0.36753683516584174,0.7198373621651187,-0.6499353216068314,0.1900429640590533,-0.15264966940887165
7613996598694,-0.6434168295059411,0.3832425497715212,0.3629095524216867,0.7194724065488753,-0.6509312716980801,0.18650027124425825,-0.1544849007706197
7614029853494,-0.6447662745306403,0.3851075338611353,0.36246177996631357,0.7214592474118504,-0.6507970983314885,0.1790165538324473,-0.15463752643260972
7614063146994,-0.6461310382122154,0.3869600288435782,0.36199708209465653,0.7234050409379926,-0.650623502329806,0.17151338438008146,-0.15478166538737304
7614096434094,-0.6475089446732669,0.3887973768567881,0.36151589624379427,0.7253069681468575,-0.6504106756740153,0.16400136099483678,-0.1549171020860048
7614129723194,-0.6488999886344464,0.39061992037565635,0.36101794009028326,0.7271654000025015,-0.6501585888658613,0.15647904094928525,-0.15504386510515591
7614163035594,-0.650304721060907,0.3924286886159717,0.3605027155260269,0.7289813607965024,-0.6498670546616174,0.14894205190567428,-0.15516201871218774
7614196300794,-0.6517197991788648,0.3942197533081956,0.35997117502085263,0.7307509421410778,-0.6495367534705111,0.1414068062047698,-0.1552713161207905
7614229592794,-0.653148,0.395997,0.359422,-0.732478,0.649167,-0.133857,0.155372
7614262885294,-0.6534991629910509,0.3968698518724156,0.3593990843734432,0.7309828590290136,-0.6502836303022277,0.1351712922410059,-0.15660134648406357
7614296169294,-0.6538458697539846,0.3977451284720245,0.3593730260116679,0.7294830842056861,-0.6513957698891187,0.13648440239011705,-0.15782898571724663
7614329459294,-0.654188266296079,0.39862318329603885,0.3593438001439522,0.7279780438121014,-0.6525039067544655,0.13779689509045903,-0.15905544662505275
7614362754594,-0.6545263382228337,0.39950397179105873,0.3593113923706947,0.7264677768927079,-0.6536080083034466,0.13910873267997279,-0.16028069475248874
7614396037094,-0.6548598980938432,0.4003869865966241,0.359275807823373,0.7249531160684153,-0.6547074687155,0.14041919272299017,-0.16150405637587337
7614429327794,-0.6551891524463275,0.40127275683696134,0.3592370114140724,0.7234331165670389,-0.6558029756992036,0.14172909256691635,-0.16272629547288672
7614462617094,-0.655514,0.402161,0.359195,-0.721908,0.656894,-0.143038,0.163947
7614495906994,-0.6552033252110879,0.40242732684587973,0.357482261652883,0.7208529002169206,-0.6581324387993113,0.13907348717435822,-0.16700704899521102
7614529196194,-0.656220270572846,0.4018777630961625,0.3549804790488523,0.7168934422024235,-0.6618449551266584,0.14057254925925025,-0.1681202138212647
7614562484194,-0.6573256949813125,0.40155464396380425,0.3529620249886764,0.7144271081541986,-0.6642126996967986,0.14098634807515817,-0.1689326681028567
7614595775194,-0.6583658821129922,0.40159811225820197,0.35159764571669033,0.7141450617335192,-0.6644711230579283,0.14073853425928867,-0.16931515702473507
7614629062594,-0.6594136393144068,0.4018031365535029,0.35045324704820896,0.7153210450791397,-0.6637005119382293,0.13945441739165543,-0.1684336616884332
7614662352594,-0.6604118895369075,0.40200410982863444,0.3492687542357097,0.7149931804656665,-0.664583369625863,0.13960371728020426,-0.16620619370490844
7614695642294,-0.6601503881879864,0.40250042468011704,0.3485039713308941,0.7151478193575718,-0.6643121116597508,0.14053034354160154,-0.16584401500914098
7614728931494,-0.6584480162213381,0.4025900050507006,0.3481543471923995,0.7152131806789475,-0.6631738124331752,0.14100730432877828,-0.1696689152787933
7614762220294,-0.6564539742557133,0.4018974325268933,0.34725673557756376,0.7125838000839347,-0.6649945001770339,0.14237741433158121,-0.17243930665741203
7614795513194,-0.6558751098442326,0.4016756188136998,0.3465987185224591,0.7119337877309752,-0.6650548697188345,0.14769400741317484,-0.17040769444050335
7614828800494,-0.6541403403838477,0.4021627998590289,0.3457949261315561,0.7150104997997746,-0.6631961088613534,0.14285174726321917,-0.16889133983446844
7614862089294,-0.6545846843397677,0.4021865271619813,0.34612140934731167,0.7165789558540391,-0.6626060078359479,0.13942826047554685,-0.16741457101341511
7614895384994,-0.6548679046714212,0.4019900506467001,0.3460076677068178,0.7166767353036321,-0.6626087247395914,0.14001636823638974,-0.1664918964976724
7614928670694,-0.6533075117944755,0.40281437751265536,0.3463832017300207,0.7166598635665109,-0.6629350252046238,0.1396971178097634,-0.16553098678320013
7614961957694,-0.6532649816495262,0.40279936555439355,0.3464628971943009,0.715405366711649,-0.66329301708024,0.1415164677990631,-0.1679601860990876
7614995251794,-0.6529479766847054,0.4025698605618651,0.3464671570762548,0.7150698227526262,-0.6622921329742089,0.14458260261396694,-0.17070486287851486
7615028535494,-0.652819485068474,0.4024083478261951,0.34650449359820096,0.7150922341790492,-0.6618200802647026,0.14553206691226053,-0.1716324429572796
7615061825994,-0.6528462462525796,0.4024038024424855,0.3464308978696638,0.7144455250644585,-0.6623684477163667,0.14580568461489296,-0.1719777122744791
7615095123894,-0.6529195651038627,0.4023139180986841,0.3464323013855922,0.7145850651611989,-0.6620977677311739,0.14585279869629691,-0.17239980199066102
7615128403694,-0.6529555707247483,0.4023020464207863,0.3463943126665423,0.7143524925099064,-0.6623159721725371,0.14610377165065622,-0.17231296341101007
7615161694194,-0.652769626021365,0.4023326706487157,0.3462953405815218,0.7140290877540896,-0.6623438170828085,0.14688535959711785,-0.1728809444365202
7615194984694,-0.6526957988737704,0.40222639005065586,0.3463656023306738,0.715152868427675,-0.6611106111989433,0.1466976606313654,-0.1731153687721375
7615228271994,-0.6528429008776784,0.4021550827009017,0.34643950577010024,0.7152216732921044,-0.6609998465911883,0.146242401999672,-0.1736384770637957
7615261562194,-0.6529169530738907,0.40213768559575247,0.34643671924110814,0.715069025102363,-0.6611504696679337,0.1462788063264923,-0.17366305484104452
7615294852094,-0.6531130590421349,0.4021245520518854,0.3464481428600747,0.7150663869036493,-0.6611315691666249,0.14575823076013864,-0.1741828026457005
7615328162694,-0.653560609359436,0.4022015886173518,0.34647246526427533,0.7149393952498997,-0.6611172941770319,0.14589802876269206,-0.1746406300461273
7615361429494,-0.6544000676087309,0.40247936804048123,0.34656652175217173,0.71468763983133,-0.6614000196970217,0.14550447797053276,-0.17492866634038362
7615394718894,-0.654883,0.402537,0.347333,-0.716181,0.660083,-0.142247,0.176468
7615428009194,-0.655244469611331,0.4021970362854585,0.3483848501153024,0.7152267874323991,-0.6608565187005767,0.13830461647323794,-0.1805301561852613
7615461297994,-0.6552371473323558,0.4008680538807476,0.35014599922427114,0.7134956495148533,-0.6621915502236625,0.13061793674081182,-0.1880565434579015
7615494587094,-0.6547741391278923,0.3995059013646376,0.35197574241066454,0.7117730282545532,-0.6626319333642294,0.1271134521901725,-0.19529528260463225
7615527879194,-0.6541568307621592,0.39937428926419255,0.3532816126731751,0.7139422554442697,-0.6594298104229377,0.12666625539012263,-0.19848032840098268
7615561167594,-0.6538064253127259,0.39926585081548677,0.35402797900296923,0.7144317145888504,-0.6582171278393002,0.12722575511360446,-0.20037750633339854
7615594454794,-0.6538775221407727,0.3987300536718099,0.3543014889143605,0.7126451471566643,-0.6595001550594922,0.1267412473430012,-0.20281295799948856
7615627751094,-0.6510874434531123,0.40032874892998366,0.35344760763201677,0.7111350228721259,-0.6609718131978233,0.12531636299615573,-0.20420345385927832
7615661035594,-0.6517059614220158,0.40182839645907187,0.35421683863122994,0.7119825595703496,-0.6607949403771946,0.12076355719627421,-0.2045655026949942
7615694323594,-0.6532638755505414,0.40443645583937315,0.35477828041218834,0.7145139335022257,-0.6597982088636023,0.11523902765914837,-0.2021289907849278
7615727619194,-0.6555822448100274,0.40680013234678897,0.35422834591390073,0.7146752497394893,-0.6606524312952708,0.11337686048513679,-0.19980825793740362
7615760902294,-0.6582487454322996,0.4074824589469955,0.35349837446606447,0.7121865091092838,-0.66382197235208,0.11182084647329772,-0.19906497321056152
7615794192494,-0.6603788416348462,0.4080290736013734,0.3535823922207435,0.7106433356857275,-0.6663351502890619,0.1081741585775229,-0.19819653970430665
7615827488994,-0.6618601385505878,0.4090075972829441,0.35417347515126735,0.713317078739501,-0.6640909012563921,0.10425345722273643,-0.19822521712467506
7615860769994,-0.6636977161280885,0.4091135885480742,0.35466917888395827,0.7133472769860316,-0.6644140282471006,0.10168977195916873,-0.19836545002587355
7615894060594,-0.6656643152291718,0.4094015962540616,0.3546164160036517,0.7132349226898964,-0.6658190532827579,0.09991781265748316,-0.19492912572248874
7615927350694,-0.6668669050372156,0.4105722723471228,0.35454337005713277,0.7159787933023986,-0.664213032454745,0.09940411218503444,-0.1905629490200508
7615960638594,-0.6675495911316852,0.4113693190061427,0.3544996233252594,0.7178887448813989,-0.6633034112726658,0.0994719964282304,-0.1864662341906349
7615993928394,-0.6678672286948218,0.41161016224729396,0.3545653581696526,0.7180033114653903,-0.6638733495145653,0.09894048979191675,-0.18426665463067723
7616027216794,-0.6677680802505863,0.4123828363721375,0.3550634179338823,0.7200534518472332,-0.662511354997975,0.0979926374572189,-0.18165674770238885
7616060507194,-0.667424946238395,0.4132703299636167,0.3560043630028909,0.7240749862079596,-0.658207996315986,0.09934286938805512,-0.18057863172420507
7616093796594,-0.66674,0.413328,0.35727,-0.72473,0.656882,-0.0999934,0.182412
7616127085194,-0.665704393724684,0.4132221623226872,0.358515593592159,0.7253639082266451,-0.6551509423999041,0.09740043758611147,-0.18745025492839118
7616160375294,-0.665346817317544,0.4130370909064985,0.3590505441500178,0.724412936231306,-0.656084918932368,0.0946079340726383,-0.18928237049644503
7616193667894,-0.6669041362600888,0.4132707474574834,0.35852475977001946,0.724559454795023,-0.6567114047067695,0.09537613591861445,-0.18613736887695229
7616226953194,-0.6691863764880426,0.41418404687318716,0.35759635496547426,0.7250989494676897,-0.6575991051032359,0.09625226012969054,-0.18036194961300062
7616260245494,-0.6711199687539937,0.41526688420977614,0.3571004681904237,0.7256653389005899,-0.6585506558794305,0.09432776223349613,-0.1755651526672789
7616293532894,-0.6732193779612635,0.41673318821839783,0.3567692857543586,0.7270588887012227,-0.6590065314588697,0.09177837123113845,-0.16932954387599436
7616326820794,-0.67324,0.419529,0.355393,-0.729319,0.658729,-0.090616,0.16112
7616360117394,-0.6757367198696839,0.42102804635154906,0.3548436061568985,0.7302568947039747,-0.6596241953043013,0.08925655275322217,-0.15379875323640455
7616393399994,-0.6780791078320547,0.42264250576571694,0.3546174979295332,0.731900452150481,-0.6598187829762554,0.08619945972643875,-0.146732937394863
7616426690494,-0.6803026894920912,0.42419917188319717,0.35473614053266167,0.7339404768639369,-0.6591033927364081,0.0839822533297638,-0.1409293270747743
7616459985994,-0.6825838859555498,0.4252504964357153,0.355089012666547,0.7357087747377705,-0.6585157217409096,0.08146815382355804,-0.13584028454946084
7616493268094,-0.6847809755063503,0.4258941766637376,0.35515270239231583,0.7372514197166856,-0.6577090183241793,0.08067826572491903,-0.13179608787970715
7616526558694,-0.6864122179364128,0.4260487920286272,0.35471969869291686,0.7365487706191471,-0.6591133736165192,0.07976180681967455,-0.129242111527686
7616559853594,-0.6870492802209746,0.42636126811147135,0.353738931911967,0.7354239667693867,-0.6604856286723846,0.07913422522741782,-0.1290275079821399
7616593136994,-0.6871529386226608,0.4266788649139391,0.35169959706528425,0.732621891601525,-0.6636117358614005,0.07960434013920988,-0.12863816309409498
7616626426794,-0.687272814060056,0.4265981074941794,0.34868326433766067,0.7277097252815018,-0.6690132587227884,0.08240824490721625,-0.12676236253379386
7616659757894,-0.6870226917325373,0.42783079720645045,0.3465814200787041,0.7281044662299273,-0.6688229102513704,0.08999613806757106,-0.12016861533629589
7616693004094,-0.6880752196028591,0.42900855254446196,0.34632735840896606,0.7303162901129447,-0.6673280954569523,0.08758468610989306,-0.11679149013731062
7616726295094,-0.6890278089922707,0.4299276201039466,0.34673049049506977,0.7311504238245299,-0.6673666920059721,0.08204644461595345,-0.11536523335952442
7616759584094,-0.6906444132066069,0.43067420368117365,0.34641325618649477,0.7314455303082836,-0.6677403149326924,0.08064731537066484,-0.11227786304132797
7616792873894,-0.69208,0.430813,0.345744,-0.731083,0.66822,-0.0823325,0.110547
7616826179194,-0.6924893147642284,0.430800969458105,0.3456716701514505,0.7309064996403087,-0.6683551718738351,0.08213443546511182,-0.11104497973287779
7616859451594,-0.6925839261001069,0.4307726818385105,0.34540237922644895,0.7308348667548231,-0.6684180667974216,0.08318001098144068,-0.1103574704647819
7616892742494,-0.6924080345134668,0.43045498372220903,0.3448414717281547,0.7303743892774371,-0.6685110152088796,0.08686746501056417,-0.11000144342072282
7616926030294,-0.6922014651245034,0.43016342345133907,0.3444882417961407,0.7306717521453193,-0.6679088936187704,0.0893328693833226,-0.10970933820592337
7616959319294,-0.6919691772492352,0.43014701151949875,0.34452923745006314,0.7317454658466223,-0.666766208181739,0.0892942202005727,-0.1095351043210684
7616992611694,-0.6913774825239771,0.42996921145204675,0.34449631130567115,0.7319356500189289,-0.6662216910250729,0.09066050969570362,-0.11045150347901753
7617025900294,-0.6885523282173431,0.43090939658364913,0.3448624600560665,0.7320030941333819,-0.666012948835343,0.09167351518353614,-0.11042730086667915
7617059187594,-0.6885170311271991,0.4308615612998935,0.3448537387349472,0.7321489390604469,-0.6658217926901838,0.09169845749007256,-0.11059233384567663
7617092483294,-0.6884556456215664,0.4307259626547933,0.34489934301748515,0.7325121638999369,-0.6653413446069302,0.09183178569261354,-0.11096732866830775
7617125768794,-0.6879612064530551,0.4305251595466542,0.3449350210557015,0.7327787185628751,-0.6648414867956002,0.09247600572348809,-0.11166617850627726
7617159057394,-0.6869658595346697,0.4302288432014182,0.3449083723314208,0.7325903563781199,-0.6647355838357508,0.09361583037815484,-0.11257908165787862
7617192351794,-0.6861898705627115,0.4300157392890574,0.3449218364792615,0.7330798813470757,-0.663931720953537,0.09441848725059733,-0.11346235825656435
7617225640194,-0.6859577612770374,0.4296967986273183,0.34497847547481847,0.733581630015217,-0.6632591728238384,0.09457825073241238,-0.1140184908585097
7617258926194,-0.6858848263939485,0.42956768361289793,0.3449147545692604,0.7334098001481889,-0.6633539497729922,0.09492725702707569,-0.1142821868905194
7617292219594,-0.6860219532926866,0.42955854338359273,0.3448367586993056,0.7331458689634875,-0.6636448504000924,0.09471715709295032,-0.11446094317032855
7617325502994,-0.6862080606641413,0.42959650700734614,0.3447800020968052,0.7332421719479801,-0.6635889557814969,0.09437054877783227,-0.11445442134405373
7617358792894,-0.68632257782892,0.4296047376859654,0.34469710414441684,0.7332600164911416,-0.6635594591755118,0.09442570413722479,-0.1144656225785818
7617392082094,-0.6864031886058198,0.429470971118346,0.3446542616050469,0.73356423388631,-0.6631623564070892,0.09474960964579952,-0.11455005578067921
7617425370794,-0.6864666970973969,0.4293404019315245,0.34462507541411463,0.7337173168299259,-0.6628877324572091,0.0951239478927097,-0.11484854234572948
7617458661294,-0.6865977666702509,0.4292446366730063,0.3445694871924198,0.7337520724102736,-0.6628180176996055,0.09522445895805784,-0.11494552650076943
7617491950394,-0.6867781498531599,0.42921131897734277,0.3444885393990049,0.7334322659840883,-0.6631437977033525,0.09518894189276104,-0.11513678874433303
7617525251694,-0.6868922136867276,0.4292033269009096,0.34440135047315745,0.7332181702816688,-0.6633962326131165,0.095170023758788,-0.11506180904747336
7617558528894,-0.686994240382343,0.4291381104154394,0.34433239596593795,0.7332668746960462,-0.6633621884460723,0.09519162476157629,-0.11492976981087955
7617591817694,-0.6870723090406039,0.42909583002105206,0.344275186780499,0.7332043794113022,-0.6634135447737313,0.09535885632998574,-0.11489340774072596
7617625108394,-0.6871625286398714,0.42902727162959925,0.3442856589488662,0.7333228521043292,-0.663245690280986,0.09535206942949856,-0.11511182285405183
7617658396494,-0.6872010853299083,0.42900471814182406,0.34423310860228457,0.733220344812647,-0.6633475684616174,0.0955095716847239,-0.11504716895901228
7617691686094,-0.6873334927868654,0.428956476038255,0.3442395747246565,0.733572547269003,-0.6629970925274109,0.09525038856839697,-0.11503710997341525
7617724978094,-0.6855414528446709,0.43025843425816607,0.3444878690607399,0.7338570757585163,-0.6628648590392076,0.09478300620553368,-0.1143684954204292
7617758265694,-0.6856111732801834,0.4301425110808977,0.3444386772133042,0.7340916710756836,-0.6626111882960148,0.09486895976677243,-0.11426159492596032
7617791554194,-0.6857317922128832,0.43012209979402893,0.3444277565643737,0.7339540340567088,-0.6627882482796725,0.09464660864267847,-0.11430325151406066
7617824851694,-0.6857702816447894,0.430247268009978,0.34433241755330696,0.7335859366578136,-0.6633579678389453,0.09426275235078108,-0.11367679429733583
7617858134594,-0.6859081239135223,0.430267251164191,0.34429485570979496,0.733802196492174,-0.6632310503624139,0.0937421712219134,-0.11345182058050658
7617891421894,-0.68599027790897,0.43024278410605754,0.3442322704331275,0.7336921978023698,-0.6633721651193465,0.09382998364606601,-0.11326545633059422
7617924718394,-0.6860235020394977,0.43020424512168937,0.3441685358351753,0.7334894372615218,-0.663498645169102,0.09418711213635401,-0.11354109913135466
7617958000694,-0.686099,0.430212,0.344121,-0.733235,0.66375,-0.0942037,0.113702
7617991312594,-0.6861444547125239,0.43034295530642336,0.34399815144067336,0.732550625586256,-0.664517333018839,0.09400747542049394,-0.11379318800253278
7618024585694,-0.6861625750597948,0.43043906362685985,0.3438914957506497,0.7322680496290249,-0.6648019315770326,0.09402499879756107,-0.1139350466935838
7618057869194,-0.6861574258908255,0.4304812288346491,0.34379728843246465,0.7323329550199723,-0.6647981247675845,0.09378978077963432,-0.11373378266164694
7618091159294,-0.6861569728216117,0.43051970248389937,0.34375255494503637,0.7324927474090366,-0.6646225236763882,0.09355329021784138,-0.11392566833074318
7618124448694,-0.686172134242535,0.43047675183881917,0.34370070541646497,0.7326918686395648,-0.6644169381800927,0.0934495096884159,-0.11392957047162237
7618157737494,-0.6862192108964384,0.43039173476014475,0.3436398457401384,0.7328949531886726,-0.664187057505908,0.09349823654886805,-0.11392374640288588
7618191027994,-0.6861908951220632,0.4304258934189818,0.3436186507268692,0.7330783411734138,-0.6640199779711224,0.09346616093919252,-0.11374397266209393
7618224318294,-0.6858438454940289,0.4304767380169524,0.343578622427461,0.7330471996014621,-0.6639595173866616,0.09426330082353887,-0.11363974897005343
7618257605594,-0.6852004787325062,0.4307765919525434,0.3435449873204905,0.7329039133660096,-0.6642784877389427,0.09322965431667551,-0.11355252553794319
7618290896094,-0.6846822251459099,0.43139063280466045,0.34354432671403307,0.7338853655018831,-0.6633108291444612,0.09282909875933212,-0.11319793578235039
7618324184194,-0.6846442101385128,0.43134128527858334,0.3435546326478757,0.7344100954214359,-0.6627236676253911,0.09271310698227495,-0.1133288661635722
7618357473794,-0.6847965885893684,0.43122935347814373,0.3436305682288082,0.7349240319598663,-0.6621124971907766,0.09218314165339181,-0.11399989783573528
7618390763294,-0.6849332478856361,0.4311757559373487,0.34369536593687344,0.7353214836687185,-0.6615657407616833,0.09229949108476639,-0.11451589519002506
7618424052494,-0.6836457042798262,0.4325021512954383,0.34423751558521964,0.7357175080237477,-0.6612766375633881,0.09213309394505059,-0.11377367885543183
7618457344494,-0.6836971574743569,0.4323237683097072,0.34420176632355354,0.7362013096105666,-0.6607235352484467,0.0924030926183556,-0.11363850655057384
7618490632594,-0.6837661862050795,0.43214639585915454,0.34421031298831367,0.7366793278764733,-0.6601399673901327,0.09258743393542615,-0.11378206541839173
7618523920594,-0.6837944430642727,0.4320152068489685,0.34417596625059366,0.7368302977543564,-0.6599205622052947,0.0928750303279515,-0.11384284181035012
7618557216494,-0.6838414214653459,0.431884116888333,0.3441434278226704,0.737100406031981,-0.6595718776788612,0.09303300063349271,-0.11398592191932698
7618590501194,-0.683831465574715,0.43173673397641776,0.34410668270951145,0.7373695402360431,-0.6592159806659615,0.09323680144651822,-0.114137420781809
7618623788594,-0.6838343008174755,0.4316193004919019,0.3440432185646231,0.7374607173378261,-0.6590770564593297,0.0933914346275466,-0.1142241829504305
7618657084494,-0.6838473590814435,0.43148090171752657,0.3440185328976771,0.7378172305128186,-0.6586444543649017,0.09351909040782398,-0.11431271504976429
7618690370594,-0.6839019717040629,0.43138513254082994,0.34396084937885185,0.7378814293527399,-0.658544590914134,0.09352074944696044,-0.11447221242280764
7618723675694,-0.6839734481390596,0.4312915387315664,0.3439241156408529,0.7380515545168362,-0.6583554213794417,0.0935250558156292,-0.11446006268678502
7618756953694,-0.6839613083405532,0.43121443440192453,0.3438802047584843,0.738146591459406,-0.6582843590116118,0.09369325650639747,-0.11411785961346561
7618790235294,-0.6840035011368001,0.43112103745597846,0.3438408548150267,0.7381801315774826,-0.6582340031193167,0.09371318969345505,-0.11417499095357292
7618823525594,-0.6841098160905678,0.4310863486523455,0.34378328854234225,0.7380639651299163,-0.6583564073393864,0.09363507173410589,-0.11428428427929434
7618856834094,-0.6841222144151266,0.4310240468320672,0.34365662785929707,0.7379910661068195,-0.6584238586433268,0.09394880071112055,-0.11410885837959542
7618890103394,-0.683746,0.431635,0.343869,-0.737947,0.658393,-0.0939917,0.114536
7618923393894,-0.6838256596712101,0.4316510386785132,0.3438235860860285,0.7379282649580106,-0.6584033655559001,0.09393539612876668,-0.11464303448032027
7618956683594,-0.6839182834097435,0.4315608105065051,0.3436962935678369,0.7379034981591566,-0.6584333080637356,0.09405347154468048,-0.11453362269272521
7618989972394,-0.683948324771952,0.4315421394605687,0.3435599682831969,0.7376077895429587,-0.6587742999975793,0.0941407590480816,-0.11440580384797273
7619023261994,-0.6840087710434751,0.4315366914260626,0.34344122164474344,0.7374859077559939,-0.6589732447375344,0.09394889843108768,-0.114203340866144
7619056551894,-0.6839730045809846,0.43154313380062975,0.34329746074472756,0.7374430141058289,-0.6591638266151706,0.09378625461011868,-0.11351206576730725
7619089840694,-0.6838972566845907,0.4316055586316263,0.34322506054957913,0.7375174756224627,-0.6591850580181942,0.09352222564553316,-0.1131221717760323
7619123130294,-0.6827292585806876,0.4325386792982295,0.34322621677563653,0.7381278501857935,-0.6587608080450382,0.09275172730664041,-0.11224344811872893
7619156418594,-0.6828785560070898,0.4324775513123046,0.34313441555175606,0.7381854129206299,-0.6588309191146842,0.09221858774740442,-0.11189212771046028
7619189711594,-0.6829275729242428,0.43240448710530205,0.34299899738333883,0.7382092391402099,-0.6588174581462993,0.09231090076113765,-0.11173796888412252
7619222997294,-0.6829893300847948,0.4323865046366093,0.34290873959452844,0.7380667210211491,-0.6590279844613378,0.09228165470013976,-0.11146177471994695
7619256286994,-0.6830764508547565,0.43237041095505563,0.34274075544014126,0.7377942830350358,-0.6593570708584576,0.09224697449149305,-0.11134785461309175
7619289583294,-0.6831902888112313,0.43227741380701673,0.3426380919548397,0.73786109849094,-0.6593044697073001,0.09216312694098167,-0.11128599907526503
7619322897194,-0.6833166027820893,0.4321994212900242,0.34254584349201983,0.7377729361142281,-0.6593945433007061,0.09199675495297614,-0.11147433821632056
7619356155094,-0.683391,0.432068,0.342443,-0.737981,0.659173,-0.0919132,0.111472
7619389451194,-0.6834556041369475,0.4319554917325501,0.3423390638031215,0.7383461067877849,-0.6588801654990335,0.09138704185666756,-0.1112221321679046
7619422734794,-0.6835522828394516,0.4318306088875902,0.34222998394729587,0.7388106662025595,-0.6584430281496598,0.0909551139457587,-0.11107990562451264
7619456023994,-0.683615604193556,0.4317097696416926,0.34209464104482207,0.7390490930407249,-0.6582350716791666,0.09062704721719954,-0.11099444490557207
7619489319794,-0.683636548473732,0.4315833292937756,0.34198875083626246,0.7392842196200061,-0.657989117416661,0.09057499306714832,-0.11092941274958702
7619522601394,-0.6837023294407476,0.43148114793171954,0.3418646216310744,0.7393605384934719,-0.6579117928117219,0.09042694794527806,-0.11100015352787208
7619555893294,-0.6837853414448845,0.43135288288188633,0.34176035710529484,0.739620851296162,-0.6576274251852448,0.09035085373211407,-0.11101301366076091
7619589180894,-0.6838486127355116,0.4312651843659644,0.3416632164076707,0.7396940895359116,-0.6575257629030253,0.0903345869617782,-0.11114039509952439
7619622470194,-0.6839036485084987,0.4311493076677939,0.3415337555356403,0.7396705046110653,-0.6575389324166606,0.09030477238011222,-0.111243629256449
7619655760694,-0.6840185458851539,0.43102213212382184,0.3414382749740996,0.7399673407037127,-0.657180007786224,0.09008474155971248,-0.11156841576402322
7619689049794,-0.6841566400313424,0.4308594137279336,0.34137707038987597,0.7404547346874041,-0.656549092628429,0.09000696649505821,-0.11211075251799035
7619722338094,-0.6844149165205938,0.4305219108560421,0.34134327533015846,0.7409964109767181,-0.6554503333847909,0.09098670895859831,-0.11415164553466803
7619755628494,-0.6849425107253203,0.4295768136793316,0.34133519291340214,0.7410669116533415,-0.6541483314808084,0.094281878534542,-0.11840912234051425
7619788918094,-0.6854904085810232,0.4286766869869439,0.3413189206937658,0.740819490389235,-0.6534026765885468,0.09706312393979816,-0.12177920535709058
7619822208894,-0.68417,0.429462,0.341587,-0.740488,0.653438,-0.0982991,0.122615
7619855500094,-0.6839497289421472,0.4296482404692837,0.34140925236500924,0.7392650633124618,-0.6550453694330544,0.09862984452317516,-0.12113993527846037
7619888785094,-0.6832812351528361,0.4304182984363846,0.34123471150476803,0.7372351944144786,-0.6576821207212732,0.09797189359389832,-0.11974975685086162
7619922078694,-0.6836265210324969,0.430684668254218,0.34172394653347965,0.7369653599134478,-0.6583352530235973,0.09711789672464945,-0.11851104188968696
7619955363794,-0.6836329939909324,0.4307500126597205,0.34168528229534,0.7378093154873722,-0.657553222570218,0.09673792895519205,-0.11791075679952677
7619988652994,-0.6837009627876033,0.4308101961778882,0.3416001190279169,0.7377138287156982,-0.6576683192977796,0.0965446605713251,-0.11802464670070825
7620021949194,-0.6837267292352341,0.4308832811182884,0.3414972899080618,0.7376574658604707,-0.6577705814333817,0.09651911449798614,-0.11782778024568048
7620055232694,-0.6838522983978883,0.4310606914566527,0.3413654856164466,0.7372162564550131,-0.6583765438642428,0.09608249641252048,-0.11756135245466218
7620088521494,-0.6840045691984594,0.43103281186093995,0.34125500406556014,0.7375526773991685,-0.6579971728833758,0.09587389676173921,-0.11774533731117495
7620121817594,-0.6840538675716691,0.43088273553952483,0.3412043869340171,0.7386040537974834,-0.6568516991699571,0.09598708572620193,-0.1174579771035382
7620155101494,-0.6841422734683238,0.43087634324861535,0.3411290274057099,0.7389398654040896,-0.656792362742336,0.09520293690203777,-0.11631022468017348
7620188407194,-0.6842089828811762,0.4309276058058624,0.3410484043107495,0.7386944302057817,-0.6570937076021801,0.09514726928677374,-0.11621271599892243
7620221686194,-0.6842969692853461,0.4310202905556778,0.34090693707504843,0.738163152143061,-0.6576985338399066,0.09518687893308814,-0.11613465237402171
7620254974194,-0.6844250209998537,0.4310120007732023,0.3408346826286857,0.7382416883243448,-0.6576051559171342,0.09502749858504311,-0.11629463893014268
7620288263194,-0.6845117397070181,0.43090261572318156,0.3408390217210052,0.7385837885450733,-0.6571972784221259,0.09506268664692868,-0.11639935627152302
7620321547094,-0.6845473527902227,0.43089325422758745,0.34074600649664666,0.7385874977617877,-0.6572240098366697,0.09511974322703294,-0.1161780680361565
7620354836594,-0.6846632103172631,0.43090210464313927,0.3406970788293136,0.7388215769794134,-0.6570852552791038,0.09480476509235047,-0.11573115915876836
7620388126694,-0.6846605441050847,0.43092757222972083,0.3406161882900357,0.738709795654347,-0.6572244387872384,0.0948146272646371,-0.11564627673116122
7620421416094,-0.6846657258333531,0.43094743657154133,0.34053162499546447,0.7385628767256959,-0.65741798045837,0.0948238920259987,-0.11547686172452354
7620454704894,-0.684671615276845,0.4309432289619126,0.3404991608182768,0.738432506665009,-0.6575713989794876,0.09472167151838387,-0.11552096471790041
7620487994894,-0.684724583945127,0.43091240603214687,0.34048620956682163,0.7382066255659547,-0.6578082369504628,0.09454971233544787,-0.11575687136379516
7620521285194,-0.684589,0.43114,0.340869,-0.738087,0.658048,-0.094422,0.115258
7620554572794,-0.6845673312318956,0.43120833971958067,0.34086775634353034,0.7378790149834602,-0.6582781833782504,0.09434955072011436,-0.1153367019390695
7620587863194,-0.6845390093186694,0.4312597980187918,0.34086474346947815,0.7376939620547142,-0.6584928486401561,0.09431112564160898,-0.11532648532753963
7620621152894,-0.6845198391207463,0.4312761738033551,0.34087868179765707,0.7377058202035544,-0.65848202148038,0.09426963269953696,-0.1153463765170277
7620654493894,-0.684506698555649,0.43121907251289254,0.3409271677292644,0.7382811987551815,-0.6578395546069632,0.09420228387685085,-0.11538596826091868
7620687730694,-0.6845055038189393,0.4312328553077264,0.34093107329878686,0.7383307420988557,-0.6577900099857918,0.0942204506599146,-0.11533657144239833
7620721019494,-0.6845251234644005,0.43127401447165353,0.34090078523263195,0.7381233477178413,-0.6580271463765389,0.09416488871562723,-0.1153567159662991
7620754315794,-0.684489,0.431239,0.340927,-0.738241,0.657885,-0.0941255,0.115445
7620787600494,-0.6844708239738458,0.43118752365195634,0.3409331059717487,0.7382019542042423,-0.6579299047940347,0.09406793598680491,-0.11548739587475676
7620820887694,-0.6844664658899424,0.4311336995164574,0.3409424700297003,0.738136471522174,-0.658006654308706,0.09406505046520153,-0.1154710291598591
7620854183894,-0.6844431936832278,0.43111525638495296,0.34097826737607484,0.7382167623487425,-0.6579205944759273,0.09404181647165817,-0.11546705117259136
7620887467394,-0.6844087785083037,0.43109759813037757,0.3409838591983763,0.7381727401173878,-0.6579752678064151,0.0940521803474203,-0.11542850633426852
7620920756194,-0.684376448069503,0.43107267294078044,0.3409952603515314,0.7381794348218418,-0.6579712645711995,0.09403309291565998,-0.11542406352835535
7620954052294,-0.6843596521830425,0.4310505230802037,0.34100671076457106,0.7382040821816023,-0.6579482143524812,0.09402138238976647,-0.11540736516495413
7620987336094,-0.684383251585853,0.43106895401919004,0.34101550472321934,0.7381091589153858,-0.6580288267337764,0.09402533354458656,-0.11555158745954562
7621020624494,-0.6843891491123084,0.43107743817647504,0.3410009300119177,0.7381158742239708,-0.6580260681636021,0.0940226384460147,-0.11552659129128588
7621053914394,-0.6843650206332547,0.43106643011801704,0.3410017159903618,0.7381185213588439,-0.6580244639308118,0.09401692038284314,-0.11552346937885671
7621087202594,-0.6843472178334422,0.4310932189512056,0.3410101401690999,0.7380873077913884,-0.6580573952736766,0.09412032620701342,-0.11545109266512003
7621120493194,-0.6843346307146476,0.4310930994684991,0.34102110720071727,0.738069275653211,-0.6580812586113071,0.09409066256956466,-0.11545453052402485
7621153783294,-0.6843311901128544,0.43108780945355085,0.3410298414280469,0.7380833963238651,-0.6580659021468823,0.09409754827935823,-0.1154461775480336
7621187071194,-0.684299924454977,0.43108727846598444,0.3410474111746749,0.738076630246975,-0.6580751806777494,0.09409771858523404,-0.11543640593968506
7621220361194,-0.684302,0.431076,0.340988,-0.738195,0.657955,-0.0941437,0.115322
7621253651594,-0.6842643163903838,0.4310574294065845,0.34098102969265265,0.7382078666690637,-0.657944314940516,0.09412970122131334,-0.11531705586491324
7621286938894,-0.6842302009892316,0.43104595850378186,0.3409546185641779,0.7382692418191887,-0.6578789871754005,0.09412301455568756,-0.11530231111187354
7621320229394,-0.6841784655040042,0.4310283181020248,0.34095814146357684,0.7382853112783647,-0.6578628819259128,0.09416513931066416,-0.1152569055343066
7621353517694,-0.6841589660788462,0.4310468856235868,0.34094647307164977,0.7381388095351957,-0.6580286393135432,0.09414149771003401,-0.11526832223140322
7621386809694,-0.6841202850907714,0.43101234436638264,0.34094864980531614,0.738287416226981,-0.6578662968007679,0.0941388318356684,-0.11524542036518498
7621420097694,-0.6840790155839944,0.4309463435771208,0.3409414942006469,0.7384209240404027,-0.657717573827846,0.09414652787505488,-0.11523264861314822
7621453385894,-0.684263,0.431246,0.340653,-0.738304,0.657831,-0.0941617,0.115324
7621486682494,-0.684299071754782,0.4312237208920278,0.3406534200483855,0.7383803223693868,-0.6577459482128118,0.09418297443589671,-0.11530106015868553
7621519987094,-0.6843315768312682,0.4312166149647439,0.34066781161397547,0.7384415687499908,-0.6576777100352547,0.09417890887328714,-0.11530139803260628
7621553253894,-0.684360321009943,0.4312588041573804,0.34065541088011925,0.7383316281948554,-0.6578047416496575,0.09417036427721774,-0.11528777542418422
7621586550294,-0.684391874036092,0.4312491946596346,0.34067185745512996,0.7384251741282504,-0.6577017371280207,0.09416224733080136,-0.1152829491731549
7621619848594,-0.6844069957891303,0.43122766207865537,0.34069394552244936,0.7384313194857823,-0.657696124675487,0.094163579324146,-0.11527451721086594
7621653122094,-0.6844097090251954,0.43122998953346553,0.3407135857778808,0.7383614193041032,-0.6577762644144618,0.09416529081060976,-0.11526360424149341
7621686418994,-0.684449,0.431259,0.340712,-0.738375,0.657749,-0.0941781,0.115319
7621719709294,-0.6845058920558948,0.4312277291359378,0.3406703764624894,0.7383132282220141,-0.6578133569910415,0.0941856447571891,-0.11534395830834515
