#t_ns,out_ts
9901947094408,10491371745788
9901965601408,10491393811621
9901984107408,10491421750762
9902002614408,10491447450273
9902021121408,10491479277218
9902039629408,10491530128791
9902058135408,10491587027020
9902076642408,10491645798661
9902095151408,10491695549796
9902113658408,10491746570892
9902132163408,10491795428529
9902150671408,10491857110823
9902169177408,10491906054874
9902187684408,10491963589221
9902206191408,10492012160316
9902224698408,10492063643339
9902243205408,10492117087207
9902261712408,10492171509703
9902280218408,10492215615473
9902298728408,10492261224760
9902317235408,10492309758871
9902335740408,10492359829018
9902354247408,10492402598812
9902372755408,10492453721885
9902391261408,10492498433852
9902409768408,10492544477865
9902428276408,10492594741158
9902446784408,10492637955230
9902465290408,10492681649876
9902483797408,10492732855869
9902502302408,10492781569147
9902520809408,10492828779813
9902539316408,10492873015890
9902557825408,10492930047486
9902576333408,10492978457721
9902594840408,10493023061175
9902613345408,10493071403425
9902631852408,10493138277829
9902650365408,10493187387697
9902668868408,10493237060089
9902687372408,10493283650280
9902705880408,10493332373173
9902724386408,10493382750922
9902742894408,10493426276985
9902761402408,10493482970708
9902779909408,10493527548404
9902798416408,10493574439506
9902816924408,10493625157258
9902835429408,10493681351368
9902853936408,10493739077602
9902872443408,10493788564432
9902890949408,10493841278518
9902909457408,10493888878771
9902927966408,10493927180855
9902946473408,10493960816893
9902964977408,10494004946676
9902983488408,10494047040324
9903001994408,10494094283378
9903020501408,10494133247546
9903039005408,10494166191645
9903057513408,10494205988230
9903076019408,10494244410049
9903094527408,10494282008899
9903113035408,10494321705267
9903131541408,10494357360787
9903150049408,10494398881326
9903168555408,10494437841078
9903187062408,10494476166426
9903205568408,10494512937223
9903224075408,10494546678738
9903242582408,10494582434870
9903261091408,10494621251839
9903279598408,10494660886747
9903298105408,10494705576730
9903316610408,10494754273570
9903335116408,10494788390554
9903353627408,10494823713508
9903372132408,10494858552118
9903390640408,10494883554230
9903409145408,10494912382617
9903427653408,10494935603247
9903446160408,10494966588279
9903464667408,10494990536104
9903483174408,10495023728440
9903501682408,10495058548802
9903520188408,10495100194824
9903538695408,10495132846277
9903557202408,10495163415126
9903575708408,10495198349344
9903594216408,10495226170471
9903612723408,10495257564281
9903631230408,10495294865740
9903649739408,10495325262465
9903668242408,10495356770657
9903686750408,10495389926493
9903705259408,10495422416411
9903723765408,10495460128205
9903742271408,10495489172846
9903760779408,10495518921075
9903779286408,10495560693246
9903797793408,10495595987994
9903816300408,10495629992153
9903834808408,10495670108061
9903853316408,10495713460216
9903871820408,10495762283724
9903890327408,10495808053082
9903908834408,10495851215904
9903927342408,10495889912826
9903945850408,10495940892608
9903964355408,10495983729690
9903982865408,10496025047072
9904001371408,10496060282534
9904019876408,10496118807560
9904038382408,10496169162223
9904056893408,10496215414964
9904075403408,10496257882300
9904093905408,10496294558515
9904112412408,10496326558138
9904130918408,10496354234375
9904149425408,10496385695638
9904167933408,10496412966714
9904186441408,10496441013804
9904204949408,10496477894931
9904223454408,10496519588967
9904241962408,10496546017325
9904260467408,10496581784287
9904278975408,10496615406594
9904297482408,10496657238773
9904315989408,10496696652768
9904334497408,10496734295984
9904353002408,10496766012221
9904371508408,10496809197730
9904390015408,10496844859448
9904408525408,10496878634986
9904427030408,10496909644334
9904445538408,10496936878868
9904464044408,10496979337133
9904482552408,10497005129482
9904501059408,10497038891692
9904519567408,10497069946442
9904538073408,10497097223139
9904556579408,10497129187186
9904575087408,10497157756886
9904593594408,10497187854584
9904612101408,10497215694043
9904630607408,10497232891589
9904649115408,10497254461156
9904667622408,10497280404034
9904686130408,10497307691400
9904704635408,10497334431467
9904723141408,10497364517233
9904741648408,10497392800336
9904760156408,10497431520553
9904778665408,10497469889890
9904797169408,10497494413405
9904815677408,10497522515747
9904834186408,10497548408520
9904852691408,10497588096100
9904871198408,10497627553037
9904889707408,10497660924726
9904908212408,10497692403830
9904926719408,10497727635652
9904945226408,10497759593856
9904963734408,10497800435063
9904982240408,10497839680008
9905000747408,10497861414462
9905019255408,10497883501918
9905037765408,10497917962323
9905056268408,10497952539508
9905074774408,10497989209728
9905093282408,10498021368937
9905111789408,10498063472040
9905130295408,10498090825884
9905148804408,10498129548018
9905167310408,10498168265566
9905185817408,10498208508711
9905204325408,10498252091690
9905222833408,10498302407607
9905241340408,10498353401931
9905259846408,10498403630542
9905278352408,10498442353079
9905296860408,10498491892159
9905315365408,10498527836033
9905333873408,10498568128273
9905352380408,10498589911953
9905370889408,10498616086930
9905389394408,10498647415589
9905407901408,10498680109477
9905426406408,10498731756992
9905444915408,10498780595096
9905463430408,10498829932036
9905481931408,10498869364436
9905500452408,10498914760347
9905518944408,10498964056669
9905537450408,10499016070366
9905555957408,10499073784862
9905574465408,10499133899100
9905592972408,10499173036124
9905611482408,10499219529712
9905629984408,10499265120210
9905648491408,10499314462098
9905666999408,10499357261028
9905685506408,10499410740475
9905704013408,10499462106385
9905722522408,10499510014684
9905741026408,10499557447404
9905759534408,10499608757422
9905778041408,10499650468790
9905796548408,10499695389586
9905815054408,10499743205690
9905833561408,10499785949151
9905852070408,10499840984155
9905870577408,10499889383238
9905889083408,10499942334801
9905907591408,10499990466955
9905926100408,10500037603562
9905944604408,10500099847711
9905963112408,10500145970732
9905981617408,10500195810457
9906000125408,10500252113476
9906018632408,10500304296613
9906037138408,10500342728098
9906055646408,10500379147935
9906074155408,10500431400954
9906092661408,10500487467791
9906111166408,10500527804417
9906129672408,10500568015784
9906148181408,10500613512124
9906166687408,10500667900736
9906185194408,10500710838464
9906203702408,10500754944494
9906222208408,10500813910302
9906240716408,10500862885635
9906259224408,10500910080935
9906277732408,10500950913096
9906296236408,10501029448021
9906314743408,10501085262935
9906333251408,10501139591957
9906351757408,10501181108376
9906370265408,10501251156081
9906388772408,10501320903956
9906407280408,10501388981108
9906425787408,10501446350719
9906444293408,10501504745557
9906462800408,10501563134712
9906481306408,10501628581574
9906499813408,10501684196679
9906518319408,10501736576350
9906536829408,10501802450158
9906555333408,10501863326508
9906573843408,10501922550996
9906592348408,10501956686322
9906610857408,10501997329930
9906629364408,10502029667038
9906647869408,10502062207120
9906666376408,10502115656961
9906684884408,10502164066410
9906703392408,10502211585492
9906721897408,10502247038914
9906740405408,10502296012608
9906758913408,10502345835448
9906777418408,10502382990917
9906795925408,10502427668410
9906814432408,10502461875131
9906832939408,10502514524632
9906851447408,10502571272380
9906869954408,10502619419198
9906888468408,10502654326580
9906906967408,10502686264690
9906925474408,10502720284766
9906943982408,10502765475997
9906962490408,10502799739633
9906980996408,10502838275939
9906999503408,10502888372679
9907018009408,10502934298535
9907036516408,10502965451087
9907055022408,10503009368349
9907073531408,10503056463564
9907092038408,10503101298342
9907110546408,10503147132374
9907129051408,10503201431845
9907147558408,10503252907795
9907166066408,10503314254968
9907184571408,10503366210912
9907203079408,10503417195242
9907221585408,10503447446614
9907240093408,10503493536400
9907258601408,10503538880030
9907277106408,10503576934545
9907295615408,10503630017848
9907314123408,10503675546092
9907332629408,10503723254347
9907351135408,10503758312999
9907369644408,10503790598782
9907388149408,10503835815501
9907406656408,10503872738648
9907425163408,10503923068286
9907443672408,10503976541692
9907462179408,10504028928606
9907480684408,10504081307976
9907499191408,10504132047424
9907517698408,10504176727663
9907536206408,10504226819286
9907554712408,10504277568023
9907573217408,10504314834344
9907591726408,10504346984693
9907610233408,10504389561846
9907628740408,10504448119406
9907647249408,10504501506055
9907665756408,10504566119527
9907684262408,10504617602175
9907702769408,10504679003701
9907721274408,10504740435772
9907739783408,10504784309092
9907758288408,10504835595670
9907776797408,10504892816660
9907795305408,10504945443522
9907813813408,10505001743374
9907832316408,10505049629685
9907850824408,10505107698166
9907869331408,10505162811559
9907887837408,10505210989192
9907906343408,10505262469684
9907924852408,10505316792953
9907943360408,10505368597954
9907961865408,10505418891318
9907980373408,10505471622410
9907998881408,10505526612477
9908017388408,10505580945846
9908035895408,10505624810187
9908054399408,10505667431004
9908072909408,10505720498973
9908091414408,10505775922882
9908109922408,10505817945368
9908128431408,10505868868974
9908146939408,10505912273288
9908165442408,10505954111987
9908183950408,10506003707241
9908202457408,10506048277786
9908220963408,10506106420193
9908239470408,10506154944888
9908257977408,10506199117867
9908276483408,10506242113499
9908294992408,10506292465237
9908313504408,10506330228824
9908332007408,10506376262495
9908350514408,10506408736172
9908369020408,10506448761372
9908387526408,10506483033325
9908406034408,10506520930054
9908424542408,10506563834879
9908443048408,10506609487291
9908461554408,10506644484720
9908480062408,10506676806487
9908498572408,10506709496729
9908517075408,10506755193887
9908535583408,10506792088480
9908554090408,10506832670309
9908572596408,10506865382405
9908591102408,10506903217724
9908609611408,10506934288460
9908628116408,10506959903233
9908646624408,10506985487512
9908665131408,10507010253666
9908683639408,10507046146616
9908702148408,10507080744128
9908720653408,10507114567234
9908739159408,10507154889393
9908757667408,10507187066462
9908776173408,10507224445952
9908794681408,10507257684880
9908813188408,10507285687961
9908831696408,10507324759669
9908850203408,10507372468633
9908868709408,10507411125767
9908887217408,10507444226126
9908905722408,10507485073456
9908924229408,10507528072012
9908942736408,10507566836075
9908961245408,10507596744587
9908979749408,10507622728988
9908998258408,10507646447456
9909016765408,10507686417696
9909035273408,10507721231227
9909053780408,10507768033590
9909072285408,10507813295620
9909090792408,10507861906855
9909109299408,10507910110250
9909127806408,10507956520861
9909146313408,10508000092184
9909164822408,10508053818241
9909183372408,10508097501044
9909201837408,10508132685373
9909220343408,10508188110405
9909238849408,10508240118504
9909257354408,10508288562136
9909275862408,10508333918328
9909294370408,10508380624667
9909312876408,10508423955400
9909331382408,10508467574838
9909349891408,10508507529232
9909368399408,10508541264944
9909386906408,10508586806925
9909405413408,10508627795675
9909423919408,10508665735769
9909442425408,10508711984694
9909460932408,10508752623557
9909479439408,10508793923991
9909497949408,10508830377384
9909516454408,10508863467825
9909534962408,10508918054425
9909553468408,10508973021020
9909571974408,10509022846590
9909590480408,10509072004245
9909608988408,10509116402348
9909627496408,10509163520370
9909646002408,10509211341599
9909664509408,10509257114614
9909683016408,10509315125545
9909701533408,10509367647058
9909720034408,10509418580666
9909738539408,10509463970428
9909757043408,10509530199832
9909775551408,10509580262262
9909794058408,10509612252714
9909812564408,10509658714625
9909831073408,10509700504870
9909849578408,10509745289150
9909868087408,10509793968447
9909886601408,10509828426972
9909905101408,10509872803958
9909923607408,10509922132604
9909942114408,10509974165151
9909960621408,10510017069107
9909979127408,10510070505498
9909997636408,10510125974352
9910016141408,10510174795707
9910034649408,10510213180821
9910053156408,10510263249286
9910071665408,10510300240273
9910090171408,10510364116110
9910108677408,10510415575927
9910127183408,10510468066475
9910145691408,10510524175556
9910164198408,10510571401299
9910182705408,10510605249870
9910238227408,10510657981065
9910256733408,10510705709477
9910275239408,10510752477328
9910293748408,10510805137894
9910312254408,10510851200740
9910330761408,10510895036768
9910349268408,10510947305934
9910367774408,10510995121472
9910386282408,10511043303956
9910404789408,10511083646586
9910423296408,10511130029866
9910441806408,10511163043899
9910460309408,10511203727547
9910478817408,10511245495868
9910497324408,10511292631202
9910515830408,10511340629431
9910534338408,10511403376110
9910552846408,10511462940865
9910571355408,10511503560542
9910589862408,10511564031785
9910608367408,10511612397833
9910626873408,10511654162650
9910645379408,10511703770519
9910663888408,10511765077666
9910682394408,10511831364952
9910700902408,10511894519575
9910719407408,10511932874255
9910737915408,10511988939395
9910756422408,10512034688279
9910774930408,10512107609063
9910793439408,10512164220188
9910811944408,10512224383869
9910830449408,10512279520704
9910848957408,10512342697657
9910867463408,10512402341067
9910885971408,10512448055491
9910904478408,10512507137095
9910922987408,10512564837398
9910941491408,10512611195916
9910960000408,10512663463804
9910978507408,10512715754673
9910997012408,10512774627118
9911015520408,10512848326832
9911034026408,10512911092093
9911052535408,10512977421120
9911071040408,10513033125595
9911089546408,10513083926912
9911108057408,10513143787809
9911126568408,10513198109825
9911145069408,10513254594011
9911163576408,10513305154653
9911182082408,10513363447195
9911200590408,10513418731620
9911219096408,10513484361401
9911237603408,10513540530883
9911256113408,10513587357280
9911274620408,10513646027602
9911293129408,10513700116525
9911311631408,10513754482970
9911330138408,10513802187534
9911348646408,10513857970891
9911367152408,10513912582036
9911385659408,10513957516486
9911404168408,10514006629013
9911422673408,10514048633681
9911441180408,10514094534627
9911459688408,10514147218804
9911478196408,10514206522517
9911496702408,10514264279494
9911515209408,10514325437540
9911533715408,10514392972317
9911552222408,10514460867683
9911570729408,10514515256896
9911589236408,10514583763712
9911607744408,10514645685732
9911626252408,10514713395372
9911644760408,10514782010744
9911663264408,10514852779124
9911681771408,10514914304586
9911700278408,10515003531076
9911718785408,10515078912961
9911737292408,10515145886509
9911755800408,10515202273008
9911774305408,10515269337645
9911792812408,10515332720751
9911811322408,10515404734881
9911829830408,10515470769663
9911848335408,10515534354120
9911866841408,10515605791240
9911885347408,10515663925368
9911903855408,10515733814999
9911922361408,10515826233023
9911940869408,10515876219348
9911959377408,10515942651810
9911977886408,10516010834393
9911996390408,10516057437422
9912014897408,10516124623548
9912033404408,10516197098297
9912051911408,10516272534575
9912070417408,10516341252426
9912088925408,10516408756668
9912107433408,10516476408422
9912125939408,10516574328969
9912144445408,10516666328339
9912162954408,10516735924389
9912181462408,10516799367721
9912199968408,10516871875834
9912218474408,10516943097776
9912236981408,10517020060985
9912255488408,10517107091868
9912273995408,10517177395458
9912292502408,10517247146794
9912311012408,10517319271144
9912329516408,10517390349691
9912348024408,10517450897728
9912366530408,10517521409874
9912385038408,10517594205204
9912403544408,10517659063752
9912422051408,10517716561059
9912440560408,10517781335278
9912459066408,10517849308524
9912477571408,10517916641776
9912496080408,10517983353734
9912514592408,10518057216109
9912533096408,10518119026208
9912551600408,10518170729765
9912570106408,10518223035782
9912588613408,10518297768671
9912607121408,10518358122165
9912625627408,10518410593758
9912644136408,10518461447134
9912662643408,10518521480504
9912681149408,10518573239021
9912699656408,10518630958890
9912718162408,10518700851870
9912736670408,10518752332922
9912755176408,10518829863275
9912773684408,10518882216244
9912792192408,10518931352527
9912810699408,10518984080567
9912829204408,10519044245206
9912847711408,10519102164155
9912866220408,10519170849214
9912884725408,10519233108215
9912903232408,10519283174729
9912921740408,10519335752667
9912940246408,10519385669149
9912958753408,10519459996076
9912977260408,10519541643995
9912995768408,10519619611151
9913014277408,10519672676781
9913032782408,10519725665868
9913051289408,10519785774417
9913069797408,10519834648780
9913088303408,10519886223373
9913106809408,10519944142147
9913125317408,10519999891751
9913143825408,10520049794605
9913162333408,10520107584451
9913180837408,10520167467241
9913199343408,10520219876044
9913217854408,10520294552534
9913236359408,10520354237098
9913254865408,10520408143640
9913273372408,10520457219396
9913291880408,10520507860583
9913310390408,10520568828804
9913328894408,10520622432766
9913347402408,10520677830936
9913365910408,10520739367953
9913384415408,10520787908508
9913402921408,10520837907603
9913421428408,10520901335806
9913439938408,10520965790879
9913458443408,10521025874344
9913476951408,10521076306916
9913495457408,10521163721428
9913513963408,10521220294666
9913532469408,10521271494987
9913550977408,10521325211551
9913569487408,10521389084265
9913587993408,10521453478847
9913606498408,10521509876707
9913625006408,10521568114872
9913643513408,10521625059572
9913662020408,10521675569116
9913680527408,10521725835986
9913699036408,10521786141099
9913717540408,10521861106016
9913736047408,10521923901346
9913754554408,10521973732084
9913773062408,10522034765180
9913791568408,10522093973898
9913810075408,10522147140511
9913828583408,10522194726099
9913847092408,10522256276377
9913865596408,10522309282214
9913884105408,10522367460376
9913902610408,10522417957010
9913921117408,10522470232377
9913939634408,10522530358927
9913958132408,10522582441026
9913976640408,10522639779038
9913995145408,10522690498309
9914013651408,10522756021725
9914032160408,10522809284057
9914050667408,10522861767174
9914069175408,10522938046319
9914087679408,10523013464265
9914106187408,10523076501143
9914124694408,10523134884514
9914143200408,10523190523233
9914161708408,10523265571250
9914180217408,10523320364565
9914198724408,10523369853465
9914217230408,10523419710025
9914235736408,10523486014626
9914254242408,10523538335719
9914272749408,10523587937620
9914291256408,10523634181474
9914309764408,10523686335996
9914328270408,10523736546243
9914346778408,10523786038298
9914365284408,10523842930516
9914383793408,10523895766075
9914402302408,10523945250398
9914420805408,10523997390207
9914439312408,10524070479193
9914457820408,10524143863877
9914476327408,10524204059789
9914494833408,10524250466337
9914513341408,10524300959715
9914531849408,10524352275514
9914550357408,10524412936167
9914568863408,10524463420090
9914587367408,10524506731072
9914605875408,10524552315884
9914624383408,10524604401723
9914642889408,10524656818008
9914661396408,10524706220409
9914679904408,10524757331446
9914698412408,10524814931804
9914716918408,10524862332438
9914735426408,10524912052496
9914753934408,10524961245280
9914772438408,10525013714241
9914790945408,10525065115731
9914809452408,10525116887600
9914827959408,10525165757852
9914846466408,10525216868269
9914864975408,10525273616620
9914883488408,10525322517016
9914901988408,10525369524335
9914920495408,10525416630644
9914939000408,10525460314781
9914957507408,10525503215175
9914976015408,10525556520579
9914994522408,10525606471996
9915013029408,10525664769547
9915031537408,10525718784275
9915050044408,10525775311636
9915068551408,10525821126624
9915087058408,10525870929573
9915105565408,10525918095639
9915124073408,10525969157741
9915142578408,10526018738044
9915161087408,10526067100324
9915179593408,10526112071125
9915198099408,10526155270944
9915216608408,10526200488774
9915235116408,10526248404292
9915253619408,10526288358022
9915272128408,10526335928188
9915290633408,10526377154159
9915309140408,10526434774451
9915327657408,10526485344570
9915346156408,10526533979998
9915364663408,10526586706576
9915383171408,10526640797540
9915401677408,10526693306900
9915420185408,10526741782581
9915438693408,10526786743062
9915457199408,10526863650725
9915475704408,10526928560154
9915494212408,10526986530803
9915512718408,10527035777904
9915531226408,10527081801704
9915549732408,10527128382860
9915568240408,10527189187325
9915586749408,10527239228103
9915605252408,10527289953003
9915623760408,10527341085523
9915642266408,10527393526933
9915660776408,10527438756314
9915679280408,10527517403048
9915697788408,10527595216318
9915716294408,10527657069294
9915734802408,10527713232596
9915753309408,10527763037226
9915771817408,10527811424982
9915790326408,10527864361094
9915808830408,10527942654939
9915827337408,10528003152331
9915845844408,10528063306620
9915864351408,10528112015659
9915882858408,10528158799549
9915901365408,10528203154299
9915919874408,10528260933199
9915938381408,10528310402519
9915956886408,10528358368911
9915975394408,10528430918801
9915993900408,10528487317616
9916012405408,10528533895136
9916030914408,10528579681016
9916049421408,10528625004367
9916067930408,10528672473453
9916086434408,10528721223271
9916104943408,10528772353757
9916123450408,10528826180943
9916141958408,10528883752056
9916160463408,10528937016501
9916178969408,10528989434267
9916197476408,10529043533817
9916215984408,10529099067701
9916234491408,10529146851353
9916252999408,10529198815916
9916271507408,10529269807002
9916290013408,10529326116736
9916308520408,10529379042612
9916327026408,10529429248584
9916345532408,10529507212541
9916364039408,10529553829297
9916382545408,10529620324101
9916401054408,10529668557426
9916419561408,10529716593174
9916438068408,10529758922807
9916456576408,10529799448374
9916475084408,10529851227004
9916493590408,10529894954257
9916512097408,10529938967451
9916530602408,10529982183609
9916549109408,10530054203352
9916567616408,10530105814504
9916586124408,10530154938718
9916604631408,10530197641584
9916623139408,10530258406639
9916641645408,10530303218605
9916660153408,10530351073714
9916678657408,10530395243403
9916697165408,10530438567212
9916715671408,10530479147576
9916734179408,10530529140011
9916752692408,10530567177731
9916771193408,10530610565185
9916789700408,10530677350869
9916808208408,10530758447790
9916826717408,10530821209461
9916845222408,10530871229668
9916863728408,10530922503808
9916882236408,10530972295745
9916900743408,10531022806771
9916919249408,10531073976084
9916937757408,10531131455501
9916956265408,10531179328406
9916974772408,10531224035266
9916993278408,10531271488332
9917011785408,10531332410076
9917030291408,10531394637085
9917048798408,10531447192404
9917067304408,10531533659068
9917085812408,10531617814396
9917104318408,10531702856788
9917122826408,10531760094296
9917141333408,10531813057971
9917159843408,10531869543400
9917178349408,10531956891613
9917196855408,10532018076810
9917215362408,10532070233937
9917233868408,10532126175125
9917252375408,10532176375397
9917270883408,10532233645080
9917289389408,10532290919706
9917307898408,10532343763195
9917326406408,10532412444786
9917344911408,10532468710494
9917363417408,10532527453384
9917381924408,10532604670821
9917400430408,10532662911752
9917418937408,10532726064826
9917437444408,10532820064919
9917455953408,10532882598750
9917474460408,10532937047869
9917492966408,10532991256769
9917511475408,10533049090501
9917529983408,10533105668669
9917548486408,10533154603539
9917566994408,10533207268395
9917585501408,10533263844450
9917604008408,10533351902027
9917622515408,10533412418214
9917641023408,10533464403654
9917659531408,10533552686240
9917678038408,10533608137751
9917696544408,10533690666827
9917715050408,10533772282448
9917733557408,10533829699083
9917752065408,10533889679239
9917770571408,10533949003596
9917789079408,10534001626641
9917807585408,10534052836109
9917826093408,10534108668660
9917844601408,10534185288503
9917863107408,10534256347154
9917881615408,10534302943396
9917900121408,10534372292881
9917918628408,10534417114192
9917937134408,10534466420309
9917955642408,10534514548815
9917974149408,10534561599076
9917992657408,10534609800462
9918011164408,10534661670840
9918029669408,10534712231578
9918048176408,10534763467996
9918066683408,10534808719085
9918085190408,10534852830944
9918103697408,10534890546960
9918122203408,10534967896962
9918140710408,10535026888866
9918159219408,10535087636937
9918177735408,10535146314581
9918196233408,10535208779720
9918214740408,10535283930349
9918233247408,10535340191394
9918251753408,10535418871720
9918270260408,10535474276412
9918288766408,10535554263789
9918307274408,10535602787751
9918325781408,10535643999725
9918344290408,10535697536299
9918362797408,10535749805696
9918381301408,10535801958818
9918399809408,10535857594408
9918418315408,10535909234521
9918436823408,10535964469007
9918455329408,10536014803105
9918473836408,10536075694853
9918492343408,10536127340854
9918510854408,10536164139443
9918529357408,10536213262493
9918547869408,10536269896013
9918566373408,10536328982837
9918584878408,10536381149311
9918603386408,10536466323781
9918621893408,10536519204818
9918640399408,10536584788732
9918658906408,10536653883874
9918677415408,10536710838525
9918695922408,10536774624408
9918714430408,10536822527830
9918732935408,10536877244482
9918751443408,10536944872374
9918769948408,10537004955568
9918788455408,10537057110894
9918806962408,10537113401033
9918825469408,10537162457956
9918843976408,10537205820077
9918862484408,10537252900358
9918880990408,10537306982291
9918899499408,10537359198984
9918918006408,10537411755016
9918936513408,10537496689378
9918955020408,10537553393270
9918973525408,10537612545802
9918992033408,10537669023403
9919010539408,10537709206539
9919029048408,10537753285578
9919047556408,10537904161218
9919066065408,10538029191621
9919084566408,10538113833391
9919103074408,10538179337764
9919121582408,10538264743349
9919140089408,10538357786225
9919158596408,10538438294011
9919177102408,10538532417717
9919195609408,10538607757637
9919214117408,10538679841819
9919232623408,10538738480655
9919251132408,10538797003791
9919269639408,10538843113708
9919288144408,10538911879404
9919306651408,10538968858807
9919325158408,10539032952812
9919343666408,10539080038909
9919362172408,10539136431484
9919380680408,10539207399904
9919399189408,10539270274155
9919417692408,10539325514200
9919436201408,10539385216209
9919454708408,10539443510556
9919473215408,10539501788192
9919491721408,10539554586640
9919510229408,10539618979998
9919528734408,10539680861687
9919547241408,10539733307268
9919565761408,10539776051547
9919584257408,10539838474103
9919602765408,10539891093722
9919621270408,10539949943088
9919639776408,10540004574040
9919658284408,10540066966565
9919676791408,10540135322860
9919695299408,10540195612107
9919713806408,10540255589245
9919732314408,10540316212951
9919750821408,10540360869578
9919769327408,10540416339899
9919787834408,10540470545714
9919806340408,10540524418789
9919824849408,10540572683311
9919843354408,10540642090809
9919861862408,10540696449434
9919880367408,10540750743889
9919898875408,10540797737014
9919917382408,10540837423809
9919935891408,10540890842211
9919954397408,10540941076272
9919972903408,10540987633014
9919991411408,10541041706667
9920009917408,10541089083227
9920028425408,10541136339990
9920046931408,10541181938246
9920065438408,10541236491590
9920083947408,10541283679862
9920102454408,10541334657879
9920120959408,10541397957567
9920139466408,10541481964559
9920157973408,10541604795333
9920176480408,10541680778230
9920194987408,10541757234410
9920213494408,10541818493956
9920232000408,10541900723537
9920250507408,10541976222176
9920269016408,10542044282084
9920287523408,10542113807219
9920306031408,10542175477164
9920324536408,10542238947917
9920343044408,10542311279300
9920361549408,10542380707504
9920380056408,10542444382351
9920398563408,10542505587383
9920417071408,10542577473662
9920435578408,10542651621576
9920454088408,10542706176338
9920472592408,10542770064832
9920491099408,10542820290485
9920509605408,10542865035429
9920528113408,10542911684794
9920546619408,10542951664919
9920565128408,10543012673689
9920583632408,10543064229083
9920602140408,10543113818086
9920620648408,10543155539669
9920639156408,10543210881259
9920657663408,10543274430001
9920676170408,10543325244565
9920694675408,10543373399173
9920713183408,10543430929206
9920731689408,10543490266256
9920750197408,10543548249247
9920768704408,10543610821199
9920787213408,10543670918398
9920805717408,10543722206381
9920824225408,10543770653301
9920842732408,10543815002928
9920861239408,10543860840157
9920879745408,10543908367766
9920898252408,10543953977268
9920916760408,10544007533540
9920935266408,10544062663976
9920953772408,10544116893077
9920972282408,10544169454813
9920990788408,10544215577604
9921009294408,10544275323832
9921027801408,10544327164884
9921046309408,10544412457054
9921064816408,10544465025671
9921083324408,10544519424109
9921101829408,10544570308403
9921120338408,10544617769196
9921138845408,10544660582677
9921157350408,10544715031545
9921175858408,10544763829494
9921194367408,10544892182400
9921212871408,10544947728280
9921231377408,10544993737313
9921249885408,10545043166437
9921268393408,10545128356411
9921286899408,10545176967235
9921305406408,10545226841049
9921323914408,10545281583734
9921342423408,10545338696444
9921360927408,10545389117795
9921379434408,10545442422431
9921397941408,10545490132636
9921416448408,10545529840747
9921434955408,10545579353824
9921453462408,10545631189941
9921471971408,10545676216115
9921490480408,10545725559602
9921508984408,10545769032529
9921527490408,10545806006362
9921545997408,10545854261082
9921564503408,10545903929570
9921583010408,10545954314937
9921601518408,10546008105210
9921620026408,10546047915654
9921638532408,10546087880453
9921657038408,10546141029078
9921675546408,10546184816089
9921694056408,10546235707226
9921712559408,10546291088234
9921731066408,10546333814150
9921749573408,10546385167671
9921768081408,10546421512099
9921786589408,10546473843452
9921805096408,10546527810478
9921823603408,10546579046664
9921842111408,10546629321247
9921860615408,10546674888247
9921879123408,10546735864972
9921897629408,10546778882799
9921916139408,10546840804555
9921934643408,10546888276233
9921953153408,10546940890377
9921971659408,10546993545234
9921990164408,10547051920110
9922008672408,10547101123013
9922027181408,10547167437774
9922045690408,10547223121870
9922064193408,10547270561334
9922082699408,10547324310856
9922101207408,10547369337202
9922119714408,10547414548071
9922138220408,10547461106682
9922156727408,10547501241062
9922175237408,10547545969694
9922193741408,10547588571005
9922212248408,10547640454727
9922230755408,10547695867838
9922249262408,10547749432261
9922267769408,10547793702709
9922286276408,10547837790816
9922304784408,10547892571121
9922323293408,10547947878835
9922341798408,10548009004572
9922360304408,10548065306831
9922378827408,10548131105835
9922397318408,10548180504414
9922415829408,10548226955576
9922434332408,10548269500287
9922452839408,10548333164502
9922471346408,10548386856851
9922489853408,10548456738348
9922508362408,10548520280333
9922526871408,10548578787704
9922545374408,10548637885646
9922563883408,10548687104445
9922582389408,10548729631193
9922600895408,10548791375616
9922619402408,10548844977231
9922656418408,10548904084344
9922674925408,10548956852561
9922693429408,10549012627128
9922711937408,10549128263654
9922730445408,10549170129502
9922748951408,10549195641543
9922767459408,10549240695775
9922785966408,10549289524015
9922804473408,10549349574424
9922822979408,10549410605769
9922841487408,10549478693700
9922859995408,10549546189101
9922878503408,10549612164882
9922897008408,10549694174372
9922915514408,10549749893967
9922934021408,10549836855537
9922952529408,10549912194930
9922971036408,10549981616484
9922989542408,10550032462915
9923008052408,10550088150752
9923026559408,10550127243940
9923045063408,10550191811338
9923063569408,10550251678924
9923082081408,10550306515117
9923100583408,10550364007999
9923119091408,10550420410574
9923137598408,10550491337739
9923156105408,10550539523455
9923174612408,10550597397851
9923193119408,10550664944542
9923211627408,10550738272668
9923230135408,10550805484122
9923248640408,10550877853085
9923267147408,10550951184076
9923285654408,10551016672083
9923304161408,10551083778931
9923322668408,10551153376592
9923341176408,10551220400258
9923359685408,10551292335089
9923378189408,10551359900690
9923396695408,10551427142276
9923415202408,10551494531668
9923433712408,10551550261064
9923452217408,10551610094582
9923470723408,10551663723335
9923489232408,10551723108428
9923507739408,10551775507123
9923526246408,10551857329391
9923544752408,10551912767832
9923563260408,10551965038078
9923581769408,10552043379526
9923600273408,10552098472524
9923618781408,10552145099321
9923637287408,10552199120576
9923655793408,10552253831888
9923674303408,10552308413203
9923692808408,10552362079120
9923711317408,10552418499331
9923729821408,10552481492391
9923748328408,10552605984271
9923766836408,10552743138217
9923785343408,10552806701463
9923803852408,10552860102296
9923822356408,10552917821336
9923840863408,10552982003489
9923859370408,10553043923608
9923877878408,10553106943362
9923896386408,10553164321090
9923914893408,10553224575296
9923933399408,10553283994285
9923951905408,10553339778522
9923970413408,10553399540808
9923988919408,10553452158683
9924007425408,10553514087609
9924025934408,10553559118205
9924044442408,10553615943550
9924062949408,10553669316416
9924081455408,10553725937158
9924099960408,10553800304598
9924118468408,10553846310947
9924136977408,10553896930823
9924155491408,10553955082282
9924173989408,10554030248778
9924192495408,10554095807803
9924211003408,10554180380206
9924229510408,10554240726728
9924248018408,10554303162728
9924266527408,10554405010587
9924285031408,10554479071719
9924303538408,10554549992923
9924322045408,10554601270085
9924340553408,10554656548943
9924359059408,10554716043626
9924377566408,10554764243930
9924396075408,10554821834270
9924414582408,10554883482179
9924433088408,10554967699044
9924451594408,10555071032976
9924470101408,10555164468236
9924488607408,10555225272331
9924507115408,10555321765027
9924525624408,10555418573714
9924544129408,10555507621885
9924562637408,10555595432389
9924581144408,10555685994688
9924599651408,10555768505344
9924618161408,10555834361536
9924636664408,10555899764453
9924655171408,10555950916898
9924673677408,10555997294048
9924692185408,10556035370087
9924710693408,10556069183084
9924729200408,10556115717643
9924747708408,10556160901959
9924766213408,10556210329537
9924784721408,10556257414420
9924803228408,10556309321160
9924821734408,10556352517282
9924840241408,10556405582196
9924858748408,10556446568478
9924877256408,10556508100515
9924895763408,10556583063445
9924914269408,10556639776868
9924932777408,10556698538433
9924951285408,10556756518758
9924969790408,10556809792924
9924988297408,10556867979733
9925006803408,10556923720111
9925025311408,10556969700919
9925043819408,10557024399530
9925062325408,10557087240980
9925080833408,10557134440247
9925099341408,10557182921102
9925117845408,10557237274552
9925136353408,10557287949181
9925154859408,10557347485568
9925173366408,10557404591109
9925191880408,10557453297863
9925210381408,10557511815161
9925228899408,10557573122654
9925247395408,10557634992189
9925265902408,10557689859250
9925284411408,10557740367942
9925302917408,10557796488214
9925321422408,10557853668631
9925339929408,10557911928441
9925358437408,10557975190938
9925376944408,10558028744477
9925395452408,10558081959819
9925413959408,10558131679491
9925432467408,10558189889393
9925450975408,10558249917931
9925469478408,10558306619076
9925487985408,10558359257845
9925506491408,10558413399578
9925524998408,10558468128970
9925543506408,10558528292562
9925562014408,10558585500447
9925580520408,10558664729317
9925599027408,10558725059848
9925617535408,10558776351253
9925636043408,10558835562943
9925654550408,10558892289496
9925673055408,10558945319022
9925691563408,10558999185676
9925710069408,10559062472138
9925728576408,10559117070374
9925747083408,10559175951197
9925765591408,10559233294139
9925784101408,10559294867289
9925802607408,10559354740730
9925821112408,10559405503273
9925839618408,10559466165525
9925858125408,10559525763657
9925876631408,10559587201835
9925895140408,10559669128219
9925913647408,10559750369319
9925932154408,10559809829758
9925950661408,10559864707302
9925969167408,10559917345072
9925987676408,10559964090384
9926006184408,10560013577470
9926024688408,10560058298801
9926043195408,10560111070379
9926061703408,10560178517884
9926080210408,10560231904921
9926098716408,10560291330609
9926117225408,10560373473459
9926135733408,10560435277474
9926154237408,10560487995367
9926172743408,10560539576739
9926191252408,10560621651183
9926209757408,10560679224244
9926228265408,10560721267583
9926246772408,10560772970434
9926265280408,10560834995940
9926283786408,10560926149641
9926302294408,10560981384423
9926320801408,10561035946622
9926339309408,10561090924212
9926357813408,10561146853986
9926376321408,10561226986682
9926394828408,10561307216466
9926413335408,10561363928743
9926431841408,10561420600282
9926450350408,10561476795432
9926468857408,10561529692807
9926487365408,10561580045889
9926505870408,10561658364063
9926524378408,10561741058673
9926542883408,10561798804002
9926561390408,10561880622366
9926579897408,10561937174099
9926598404408,10562003179318
9926616917408,10562058052201
9926635419408,10562113574641
9926653925408,10562169205496
9926672433408,10562232875595
9926690941408,10562295292175
9926709447408,10562376312192
9926727954408,10562437589729
9926746461408,10562494542533
9926764967408,10562547624892
9926783475408,10562600155667
9926801982408,10562660291951
9926820489408,10562720556001
9926838997408,10562812928372
9926857501408,10562874707431
9926876009408,10562941873118
9926894517408,10563038564818
9926913023408,10563100448208
9926931530408,10563184760307
9926950038408,10563242708340
9926968545408,10563312144902
9926987051408,10563369007976
9927005558408,10563425645725
9927024066408,10563483501298
9927042576408,10563534080459
9927061080408,10563602589887
9927079586408,10563670206913
9927098093408,10563724759414
9927116601408,10563792627796
9927135108408,10563850590224
9927153614408,10563935094130
9927172123408,10563994440822
9927190631408,10564045642930
9927209136408,10564116020905
9927227643408,10564198661417
9927246150408,10564260094845
9927264655408,10564308206607
9927283163408,10564358352414
9927301669408,10564405258292
9927320178408,10564491545120
9927338685408,10564572453377
9927357191408,10564633952783
9927375699408,10564720389076
9927394209408,10564783267610
9927412711408,10564841206722
9927431219408,10564902828434
9927449727408,10564956627998
9927468234408,10565011789436
9927486740408,10565095916235
9927505248408,10565154828299
9927523755408,10565206071283
9927542261408,10565254186373
9927560769408,10565306468622
9927579275408,10565357440078
9927597782408,10565407652286
9927616290408,10565460558427
9927634796408,10565519526513
9927653303408,10565574606564
9927671811408,10565645246914
9927690317408,10565702313452
9927708825408,10565766456521
9927727334408,10565833972098
9927745841408,10565924771504
9927764347408,10565987927896
9927782854408,10566051211993
9927801360408,10566109133547
9927819866408,10566206268090
9927838373408,10566274241270
9927856880408,10566337460446
9927875389408,10566409858378
9927893893408,10566477401245
9927912401408,10566547385437
9927930909408,10566612302975
9927949415408,10566672225242
9927967922408,10566744164225
9927986428408,10566813590095
9928004934408,10566873937126
9928023444408,10566930112249
9928041949408,10567002847913
9928060459408,10567072413775
9928078965408,10567134581868
9928097471408,10567193507860
9928115978408,10567253668995
9928134484408,10567311257243
9928152992408,10567362764349
9928171498408,10567426980415
9928190006408,10567484696776
9928208513408,10567549806201
9928227022408,10567611579457
9928245527408,10567667543883
9928264034408,10567722869322
9928282541408,10567775074725
9928301049408,10567830773785
9928319554408,10567893057758
9928338062408,10567955161921
9928356568408,10568014543832
9928375075408,10568072765615
9928393583408,10568136598276
9928412090408,10568199258009
9928430598408,10568255193565
9928449105408,10568308320648
9928467610408,10568358743741
9928486117408,10568416740886
9928504624408,10568467452165
9928523131408,10568528997978
9928541638408,10568584042581
9928560148408,10568646588544
9928578654408,10568711800209
9928597159408,10568765909940
9928615667408,10568820805715
9928634174408,10568873505862
9928652680408,10568925214601
9928671188408,10568984126003
9928689693408,10569044488870
9928708201408,10569109731469
9928726709408,10569160142133
9928745216408,10569226202262
9928763723408,10569286317078
9928782233408,10569347551011
9928800737408,10569402908204
9928819243408,10569450525071
9928837749408,10569498302137
9928856258408,10569544479821
9928874765408,10569594279482
9928893272408,10569658994960
9928911779408,10569725263227
9928930288408,10569782291074
9928948792408,10569844247788
9928967300408,10569911356170
9928985807408,10569976736380
9929004313408,10570044653767
9929022820408,10570101056773
9929041327408,10570150768949
9929059833408,10570217974826
9929078341408,10570276073439
9929096848408,10570336594108
9929115357408,10570393563380
9929133866408,10570462130221
9929152369408,10570512338043
9929170877408,10570568844980
9929189383408,10570624593313
9929207890408,10570747149366
9929226397408,10570862525779
9929244905408,10570939793900
9929263413408,10571010134740
9929281917408,10571088504170
9929300425408,10571170546541
9929318932408,10571223782330
9929337440408,10571290796120
9929355945408,10571432805877
9929374454408,10571510902911
9929392959408,10571577682628
9929411466408,10571637715577
9929429973408,10571751487032
9929448482408,10571801755527
9929466990408,10571859956999
9929485498408,10571910168636
9929504001408,10571939862061
9929522509408,10571975873942
9929541015408,10572023246356
9929559523408,10572069873833
9929578030408,10572123786617
9929596539408,10572189201959
9929615046408,10572256810668
9929633550408,10572338757117
9929652057408,10572405771851
9929670565408,10572478608876
9929689072408,10572552890361
9929707578408,10572623985673
9929726086408,10572704915293
9929744593408,10572774839650
9929763099408,10572830192992
9929781606408,10572886312252
9929800116408,10572990645053
9929818624408,10573055732759
9929837127408,10573121595371
9929855635408,10573190626807
9929874142408,10573251958486
9929892647408,10573324690393
9929911157408,10573400641403
9929929662408,10573483322296
9929948170408,10573555640501
9929966679408,10573641543683
9929985184408,10573719981218
9930003691408,10573832289177
9930022197408,10573970304577
9930040704408,10574058873896
9930059211408,10574142692908
9930077719408,10574233172520
9930096225408,10574321453640
9930114731408,10574401395781
9930133241408,10574483554113
9930151748408,10574553033252
9930170255408,10574622407622
9930188762408,10574697642315
9930207267408,10574763727200
9930225773408,10574830521617
9930244282408,10574896524266
9930262789408,10574968605136
9930281296408,10575046795424
9930299805408,10575113012895
9930318312408,10575185367231
9930336816408,10575249373492
9930355323408,10575310563865
9930373830408,10575381513503
9930392338408,10575453885621
9930410845408,10575512464512
9930429352408,10575577758697
9930447858408,10575633367050
9930466365408,10575700880479
9930484872408,10575764245214
9930503381408,10575821546146
9930521888408,10575877457894
9930540393408,10575939779064
9930558900408,10576000829521
9930577407408,10576056884096
9930595914408,10576118580501
9930614421408,10576184150765
9930632929408,10576237956204
9930651438408,10576304365870
9930669942408,10576370360818
9930688449408,10576430527285
9930706955408,10576510361672
9930725463408,10576576200197
9930743972408,10576645376865
9930762477408,10576720744001
9930780984408,10576787925744
9930799502408,10576852053653
9930817997408,10576924087843
9930836506408,10576992230957
9930855015408,10577071162115
9930873522408,10577139796516
9930892026408,10577214171563
9930910535408,10577277049377
9930929040408,10577350157251
9930947547408,10577423565614
9930966054408,10577495720666
9930984562408,10577568868771
9931003070408,10577636487630
9931021575408,10577694180988
9931040081408,10577748037099
9931058588408,10577803731624
9931077097408,10577870806265
9931095602408,10577930158287
9931114110408,10577987922189
9931132619408,10578050106919
9931151123408,10578108149548
9931169630408,10578166626793
9931188138408,10578212053173
9931206646408,10578271484065
9931225151408,10578328621211
9931243659408,10578398372761
9931262166408,10578463682076
9931280672408,10578523977076
9931299180408,10578597447436
9931317687408,10578659317231
9931336194408,10578723053660
9931354703408,10578798750492
9931373208408,10578875634044
9931391714408,10578932169179
9931410222408,10579000829829
9931428728408,10579060357603
9931447236408,10579124578338
9931465744408,10579191460312
9931484251408,10579264606847
9931502755408,10579329823055
9931521263408,10579401913182
9931539771408,10579458365500
9931558279408,10579520320289
9931576784408,10579589359212
9931595291408,10579661867117
9931613797408,10579723664428
9931632312408,10579788454864
9931650813408,10579855397519
9931669321408,10579919892437
9931687828408,10579979774063
9931706337408,10580048501889
9931724840408,10580116885582
9931743347408,10580185030518
9931761854408,10580243225404
9931780363408,10580308719468
9931798869408,10580371903006
9931817376408,10580426133295
9931835883408,10580485330302
9931854389408,10580541082793
9931872896408,10580602719422
9931891404408,10580664079582
9931909913408,10580720140284
9931928418408,10580777982290
9931946924408,10580851821707
9931965431408,10580915525910
9931983938408,10580982310413
9932002448408,10581047051995
9932020952408,10581121014445
9932039463408,10581177750385
9932057965408,10581241086167
9932076474408,10581292423431
9932094980408,10581344390582
9932113488408,10581398952480
9932131995408,10581456450028
9932150501408,10581508914556
9932169010408,10581555085456
9932187519408,10581607964040
9932206021408,10581653208135
9932224528408,10581689958463
9932243041408,10581720597954
9932261545408,10581744466548
9932280053408,10581765962073
9932298558408,10581783076812
9932317063408,10581797137679
9932335571408,10581823233561
9932354078408,10581848559103
9932372586408,10581865068545
9932391094408,10581890496056
9932409599408,10581923203069
9932428106408,10581961960303
9932446613408,10581991980775
9932465119408,10582024278093
9932483627408,10582054184711
9932502134408,10582079126353
9932520641408,10582110670670
9932539150408,10582150309444
9932557653408,10582190428395
9932576161408,10582227188528
9932594670408,10582262730158
9932613176408,10582303314393
9932631683408,10582339285403
9932650189408,10582375982098
9932668696408,10582412347817
9932687204408,10582455779702
9932705710408,10582502159034
9932724220408,10582541799250
9932742726408,10582591823421
9932761232408,10582640049172
9932779738408,10582685112916
9932798246408,10582724349703
9932816753408,10582757137615
9932835260408,10582799735041
9932853767408,10582839841884
9932872275408,10582875483762
9932890783408,10582912537658
9932909287408,10582945498186
9932927795408,10582977743748
9932946304408,10583011565239
9932964809408,10583059070099
9932983316408,10583106374749
9933001822408,10583149957051
9933020330408,10583200753926
9933038836408,10583244393642
9933057344408,10583291326256
9933075851408,10583335429883
9933094361408,10583386884671
9933112863408,10583432547474
9933131371408,10583485711661
9933149878408,10583536521444
9933168388408,10583589605929
9933186892408,10583633670243
9933205400408,10583674909544
9933223909408,10583710736181
9933242413408,10583747237230
9933260919408,10583781450326
9933279426408,10583813078005
9933297936408,10583843287795
9933316441408,10583881881696
9933334950408,10583930277449
9933353455408,10583974949800
9933371962408,10584016866865
9933390470408,10584061216456
9933408976408,10584097181491
9933427489408,10584142040704
9933445992408,10584187082556
9933464497408,10584237329777
9933483005408,10584279825330
9933501512408,10584314773382
9933520017408,10584352339307
9933538525408,10584399452721
9933557033408,10584441678894
9933575541408,10584488726280
9933594046408,10584529735104
9933612552408,10584573987994
9933631059408,10584615144213
9933649571408,10584656515524
9933668075408,10584694410575
9933686581408,10584732778412
9933705088408,10584775027767
9933723596408,10584814139419
9933742102408,10584851839172
9933760612408,10584891181775
9933779117408,10584931778215
9933797624408,10584987614639
9933816130408,10585029300790
9933834636408,10585067193399
9933853143408,10585094441364
9933871649408,10585118806722
9933890158408,10585148096603
9933908666408,10585173427916
9933927174408,10585211859511
9933945677408,10585250763331
9933964186408,10585279420168
9933982692408,10585302757317
9934001203408,10585315681268
9934019707408,10585333699788
9934038215408,10585358549075
9934056720408,10585386935833
9934075227408,10585414142199
9934093735408,10585437693008
9934112242408,10585449690751
9934130750408,10585463559756
9934149257408,10585482454476
9934167763408,10585503746830
9934186269408,10585516114199
9934204776408,10585528311397
9934223283408,10585538084643
9934241791408,10585547509451
9934260299408,10585561061828
9934278807408,10585573685805
9934297312408,10585586573085
9934315817408,10585600032724
9934334324408,10585610723954
9934352831408,10585624934685
9934371339408,10585658909261
9934389846408,10585692586664
9934408354408,10585724871450
9934426860408,10585753066986
9934445368408,10585780220149
9934463879408,10585803811296
9934482383408,10585840712876
9934500888408,10585872806392
9934519395408,10585904376924
9934537902408,10585930862525
9934556409408,10585957331307
9934574915408,10585981452328
9934593423408,10586007134022
9934611931408,10586042473720
9934630439408,10586073030940
9934648944408,10586109765938
9934667452408,10586162889124
9934685958408,10586198701218
9934704464408,10586229089010
9934722972408,10586258775491
9934741479408,10586295658457
9934759986408,10586320283421
9934778493408,10586366811707
9934797000408,10586403253799
9934815509408,10586457487480
9934834017408,10586508479827
9934852521408,10586544742812
9934871028408,10586589521695
9934889535408,10586634369342
9934908043408,10586678984962
9934926550408,10586715973794
9934945057408,10586749901712
9934963566408,10586794564497
9934982070408,10586834694706
9935000577408,10586885457868
9935019084408,10586922172600
9935037591408,10586960118190
9935056104408,10586994581947
9935074605408,10587028231871
9935093112408,10587062171521
9935111621408,10587094577373
9935130126408,10587123525579
9935148635408,10587163027441
9935167142408,10587198016428
9935185647408,10587232912414
9935204153408,10587263090789
9935222662408,10587292519732
9935241168408,10587332577969
9935259676408,10587382662443
9935278182408,10587431587495
9935296689408,10587478748145
9935315198408,10587519655515
9935333703408,10587560114878
9935352210408,10587596238103
9935370717408,10587634664329
9935389223408,10587673322398
9935407730408,10587716840261
9935426238408,10587761026616
9935444744408,10587803094329
9935463251408,10587840602849
9935481758408,10587878681173
9935500266408,10587913665821
9935518775408,10587943271653
9935537280408,10587973592864
9935555786408,10588025460619
9935574293408,10588070220487
9935592801408,10588123346477
9935611308408,10588163641242
9935629816408,10588205034170
9935648323408,10588245595688
9935666831408,10588279902542
9935685336408,10588338799522
9935703842408,10588391871174
9935722348408,10588445306001
9935740855408,10588497290435
9935759362408,10588559684709
9935777870408,10588610984854
9935796377408,10588652891457
9935814885408,10588714450301
9935833393408,10588761083366
9935851898408,10588794216092
9935870407408,10588836157657
9935888912408,10588876571787
9935907419408,10588937811404
9935925926408,10588985422160
9935944433408,10589030356290
9935962939408,10589083648266
9935981449408,10589128648459
9935999956408,10589170448994
9936018463408,10589226665303
9936036968408,10589288394664
9936055475408,10589334227105
9936073981408,10589386219965
9936092488408,10589431903655
9936110996408,10589481659578
9936129502408,10589524912226
9936148010408,10589576847924
9936166519408,10589632162699
9936185024408,10589697571077
9936203533408,10589767232129
9936222041408,10589842524922
9936240545408,10589907018709
9936259051408,10589991841324
9936277560408,10590068861053
9936296066408,10590158256013
9936314574408,10590247523018
9936333081408,10590323739802
9936351589408,10590395107337
9936370093408,10590466737017
9936388600408,10590551701543
9936407107408,10590646884719
9936425614408,10590737075586
9936444121408,10590827057370
9936462629408,10590904123774
9936481140408,10590965499415
9936499644408,10591050956978
9936518149408,10591133272205
9936536657408,10591202811039
9936555165408,10591289077024
9936573671408,10591361391886
9936592177408,10591437787060
9936610685408,10591504186957
9936629192408,10591571181411
9936647699408,10591641326225
9936666206408,10591699890407
9936684715408,10591767287138
9936703221408,10591835732166
9936721726408,10591911423930
9936740234408,10591984154950
9936758740408,10592065565151
9936777247408,10592130683260
9936795754408,10592188977230
9936814261408,10592248250048
9936832770408,10592316913134
9936851276408,10592388794744
9936869782408,10592446663352
9936888291408,10592510602400
9936906798408,10592574958073
9936925302408,10592637508751
9936943810408,10592709420740
9936962318408,10592776164333
9936980824408,10592834469440
9936999332408,10592907145419
9937017839408,10592976087711
9937036347408,10593036662738
9937054854408,10593100836226
9937073359408,10593164151758
9937091867408,10593229096557
9937110374408,10593295058143
9937128880408,10593395060253
9937147386408,10593464872466
9937165893408,10593529106707
9937184401408,10593594180415
9937202907408,10593645949284
9937221415408,10593699621428
9937239923408,10593756339266
9937258431408,10593809857734
9937276936408,10593867073813
9937295443408,10593934788635
9937313950408,10594001150827
9937332457408,10594064285041
9937350963408,10594125478995
9937369472408,10594182678945
9937387979408,10594235341700
9937406487408,10594295831163
9937424992408,10594365247687
9937443499408,10594417422364
9937462005408,10594477042552
9937480513408,10594531346792
9937499019408,10594579461021
9937517528408,10594642628367
9937536034408,10594696257008
9937554540408,10594763817104
9937573049408,10594819908186
9937591557408,10594881694065
9937610065408,10594934876744
9937628568408,10594997794955
9937647081408,10595058940926
9937665583408,10595122512699
9937684090408,10595190667338
9937702597408,10595242968800
9937721103408,10595304648540
9937739612408,10595369043992
9937758120408,10595431661877
9937776625408,10595486282597
9937795132408,10595539931383
9937813640408,10595585552648
9937832146408,10595639612766
9937850652408,10595686707024
9937869162408,10595737062097
9937887667408,10595776190343
9937906179408,10595820450693
9937924681408,10595866029063
9937943189408,10595903608166
9937961699408,10595944160729
9937980201408,10595972383047
9937998708408,10595999122850
9938017216408,10596026225805
9938035723408,10596052779702
9938054229408,10596075538510
9938072737408,10596096565136
9938091245408,10596110608417
9938109750408,10596121905825
9938128257408,10596131864561
9938146764408,10596141529911
9938165271408,10596163659450
9938183777408,10596179386617
9938202284408,10596191217608
9938220791408,10596203885371
9938239299408,10596213941887
9938257807408,10596225057943
9938276315408,10596235087349
9938294823408,10596252216008
9938313328408,10596272377078
9938331835408,10596286514577
9938350341408,10596304157164
9938368848408,10596319268207
9938387355408,10596334209179
9938405862408,10596347366558
9938424370408,10596367166257
9938442879408,10596387155762
9938461383408,10596412646484
9938479890408,10596434643093
9938498397408,10596454578116
9938516905408,10596474295503
9938535410408,10596492621449
9938553916408,10596510215116
9938572424408,10596532657508
9938590932408,10596563934103
9938609439408,10596592043422
9938627947408,10596626961668
9938646455408,10596655374182
9938664962408,10596687437556
9938683467408,10596721998342
9938701974408,10596746944413
9938720481408,10596780596349
9938738987408,10596808537707
9938757495408,10596846703700
9938776005408,10596889417142
9938794511408,10596917340344
9938813015408,10596955622798
9938831524408,10596981981500
9938850029408,10597016426449
9938868537408,10597044895842
9938887043408,10597073408506
9938905550408,10597100042084
9938924057408,10597125616115
9938942565408,10597152745792
9938961072408,10597178281647
9938979580408,10597213781039
9938998088408,10597254569545
9939016593408,10597293226153
9939035098408,10597337264901
9939053606408,10597361993910
9939072113408,10597411592249
9939090621408,10597459201443
9939109128408,10597506417409
9939127637408,10597536592912
9939146143408,10597564656223
9939164668408,10597599951857
9939183156408,10597632404211
9939201662408,10597651878116
9939220169408,10597688401135
9939238677408,10597736883215
9939257185408,10597762300381
9939275691408,10597792264507
9939294202408,10597818558007
9939312705408,10597848474690
9939331213408,10597869715593
9939349722408,10597911921544
9939368226408,10597955310866
9939386733408,10597981630099
9939405240408,10598009083939
9939423746408,10598049188199
9939442254408,10598065754714
9939460763408,10598109759636
9939479270408,10598152137982
9939497775408,10598198066043
9939516281408,10598225164953
9939534788408,10598250577344
9939553296408,10598269198855
9939571803408,10598291658072
9939590309408,10598315140717
9939608815408,10598335493236
9939627322408,10598355922908
9939645830408,10598375108338
9939664338408,10598409358636
9939682847408,10598443815529
9939701351408,10598487307606
9939719858408,10598526350454
9939738365408,10598559322119
9939756871408,10598590456776
9939775379408,10598618507901
9939793887408,10598646168432
9939812395408,10598678019243
9939830903408,10598715821286
9939849408408,10598743411806
9939867914408,10598780178423
9939886421408,10598805568032
9939904928408,10598844294909
9939923435408,10598875142243
9939941942408,10598903200015
9939960448408,10598938141090
9939978956408,10598980368810
9939997464408,10599014942100
9940015971408,10599056862560
9940034480408,10599108136909
9940052983408,10599156103391
9940071499408,10599221794815
9940089997408,10599275729807
9940108505408,10599329919930
9940127012408,10599384164563
9940145519408,10599425334987
9940164027408,10599461985852
9940182536408,10599507343215
9940201039408,10599552765931
9940219546408,10599596759463
9940238053408,10599651690570
9940256561408,10599687584712
9940275066408,10599735289030
9940293576408,10599786008797
9940312081408,10599836997994
9940330589408,10599881538421
9940349097408,10599939106726
9940367604408,10599991416592
9940386111408,10600039217782
9940404617408,10600084193734
9940423123408,10600140919632
9940441631408,10600209508081
9940460138408,10600276302913
9940478646408,10600339725472
9940497152408,10600393613990
9940515661408,10600442062010
9940534167408,10600501856844
9940552672408,10600548271689
9940571179408,10600591787261
9940589686408,10600643525049
9940608193408,10600674472773
9940626701408,10600719961959
9940645208408,10600765908887
9940663715408,10600808517539
9940682221408,10600827846696
9940700729408,10600849254162
9940719236408,10600890407933
9940737746408,10600933267424
9940756250408,10600967055577
9940774756408,10601002472883
9940793263408,10601035687660
9940811771408,10601066888417
9940830277408,10601098799471
9940848785408,10601130837208
9940867294408,10601162902339
9940885798408,10601196316352
9940904305408,10601217644340
9940922812408,10601259083938
9940941319408,10601291849786
9940959827408,10601318927540
9940978333408,10601356802924
9940996842408,10601368818287
9941015346408,10601384929170
9941033853408,10601396961406
9941052362408,10601415069256
9941070869408,10601471188764
9941089375408,10601505111438
9941107881408,10601548224363
9941126390408,10601585586192
9941144895408,10601613352202
9941163403408,10601651499122
9941181910408,10601666166717
9941200418408,10601704505398
9941218926408,10601734133096
9941237431408,10601771916892
9941255938408,10601806162495
9941274445408,10601851130261
9941292951408,10601895833674
9941348475408,10601937799285
9941366979408,10601993584010
9941385486408,10602056842515
9941403995408,10602125113616
9941422502408,10602173446906
9941441007408,10602257623323
9941459515408,10602399746635
9941478022408,10602443200684
9941496529408,10602499387698
9941515036408,10602591902278
9941533543408,10602746997551
9941552050408,10602831196554
9941570560408,10602912528346
9941589063408,10602994485823
9941607571408,10603089849963
9941626077408,10603164361832
9941644585408,10603247234014
9941663091408,10603323142603
9941681601408,10603450142065
9941700107408,10603544920577
9941718612408,10603628016808
9941737118408,10603696920984
9941755629408,10603791051138
9941774134408,10603866810654
9941792641408,10603952527603
9941811148408,10604029996522
9941829655408,10604121979305
9941848163408,10604224457177
9941866669408,10604314464005
9941885175408,10604382980288
9941903684408,10604455274615
9941922191408,10604517319720
9941940696408,10604603781814
9941959205408,10604671631805
9941977710408,10604755574302
9941996218408,10604816820882
9942014726408,10604897454469
9942033232408,10604956716150
9942051740408,10605032804621
9942070244408,10605170312189
9942088751408,10605323180060
9942107272408,10605386761730
9942125768408,10605440815044
9942144278408,10605487570673
9942162781408,10605549500806
9942181287408,10605619909536
9942199796408,10605674839205
9942218301408,10605733007908
9942236808408,10605786678447
9942255316408,10605840215908
9942273825408,10605900442310
9942292330408,10605954308639
9942310837408,10606008813497
9942329343408,10606062474593
9942347850408,10606112610393
9942366358408,10606157720591
9942384865408,10606202116516
9942403372408,10606284025958
9942421877408,10606337551836
9942440385408,10606386371294
9942458893408,10606439248512
9942477399408,10606493108285
9942495905408,10606540765857
9942514413408,10606589881289
9942532920408,10606644708439
9942551427408,10606692360475
9942569933408,10606739412998
9942588442408,10606792041718
9942606949408,10606846953482
9942625455408,10606896242959
9942643961408,10606981984637
9942662470408,10607036702901
9942680976408,10607087144247
9942699500408,10607132126644
9942717989408,10607176120665
9942736498408,10607211369633
9942755005408,10607247248330
9942773510408,10607276633255
9942792016408,10607314815166
9942810526408,10607358121019
9942829031408,10607397809518
9942847538408,10607444225848
9942866046408,10607493307874
9942884552408,10607538241392
9942903059408,10607587688923
9942921568408,10607626686310
9942940074408,10607667120503
9942958583408,10607707583173
9942977088408,10607753021971
9942995596408,10607799755787
9943014101408,10607848221938
9943032608408,10607889049441
9943051115408,10607930677006
9943069622408,10607971439422
9943088130408,10608013113511
9943106639408,10608054320488
9943125142408,10608094156599
9943143650408,10608133812652
9943162158408,10608182893031
9943180680408,10608232113164
9943199170408,10608274479362
9943217678408,10608319100569
9943236184408,10608372290917
9943254692408,10608417222082
9943273199408,10608468862352
9943291708408,10608519419141
9943310217408,10608568466912
9943328721408,10608610095089
9943347227408,10608664354984
9943365736408,10608710291097
9943384241408,10608755791637
9943402749408,10608804801280
9943421255408,10608845651282
9943439764408,10608891904459
9943458269408,10608941653605
9943476775408,10608996390556
9943495282408,10609049249521
9943513793408,10609096794261
9943532303408,10609138696028
9943550804408,10609186011431
9943569311408,10609233650047
9943587818408,10609280611393
9943606324408,10609330355597
9943624834408,10609383096547
9943643340408,10609427099959
9943661849408,10609476386136
9943680353408,10609526127261
9943698861408,10609576502074
9943717366408,10609649921901
9943735874408,10609709656954
9943754381408,10609788735918
9943772888408,10609854752180
9943791396408,10609913457075
9943809902408,10609965480384
9943828408408,10610015499843
9943846915408,10610064360450
9943865426408,10610118343655
9943883930408,10610170252450
9943902437408,10610226202002
9943920942408,10610282092150
9943939450408,10610358710521
9943957956408,10610419071515
9943976466408,10610475613972
9943994973408,10610532797845
9944013478408,10610588331224
9944031985408,10610640988038
9944050492408,10610697363746
9944069000408,10610751087409
9944087507408,10610804070791
9944106014408,10610862553047
9944124522408,10610918470529
9944143029408,10610972173376
9944161534408,10611050629869
9944180041408,10611104372260
9944198549408,10611153145081
9944217054408,10611211127006
9944235563408,10611268370604
9944254070408,10611321244549
9944272576408,10611376150012
9944291083408,10611432021500
9944309591408,10611483632064
9944328098408,10611545206451
9944346607408,10611606088639
9944365111408,10611661722244
9944383619408,10611712495332
9944402124408,10611761428160
9944420632408,10611818830491
9944439138408,10611895834009
9944457646408,10611953698617
9944476154408,10612006530426
9944494662408,10612063139281
9944513166408,10612121369624
9944531675408,10612174691596
9944550179408,10612224277937
9944568688408,10612277428740
9944587195408,10612332744508
9944605702408,10612388426335
9944624208408,10612444453806
9944642715408,10612497854919
9944661222408,10612556968399
9944679732408,10612611832437
9944698239408,10612668380703
9944716744408,10612720503296
9944735250408,10612768049904
9944753758408,10612838849491
9944772266408,10612886337050
9944790772408,10612941126727
9944809279408,10613000508840
9944827788408,10613061330542
9944846322408,10613111301281
9944864801408,10613158403112
9944883306408,10613206442148
9944901813408,10613253450347
9944920321408,10613304828022
9944938827408,10613374355769
9944957338408,10613433109639
9944975842408,10613483009460
9944994348408,10613529208212
9945012857408,10613574033028
9945031365408,10613633647551
9945049872408,10613683795610
9945068376408,10613739114530
9945086884408,10613803125644
9945105390408,10613862694851
9945123898408,10613928287853
9945142404408,10613995329584
9945160911408,10614061265900
9945179420408,10614119327896
9945197926408,10614174725118
9945216433408,10614229957377
9945234938408,10614296019539
9945253446408,10614355545966
9945271952408,10614412623191
9945290461408,10614480965497
9945308967408,10614546361556
9945327474408,10614617315959
9945345981408,10614683728342
9945364489408,10614751300701
9945382996408,10614816638644
9945401505408,10614879584841
9945420008408,10614949258078
9945438516408,10615011433411
9945457023408,10615082139532
9945475530408,10615142680074
9945494037408,10615208186751
9945512545408,10615276679152
9945531053408,10615335863953
9945549559408,10615400744862
9945568065408,10615468751025
9945586571408,10615537254039
9945605078408,10615604580479
9945623586408,10615668332995
9945642093408,10615730344695
9945660599408,10615799511424
9945679107408,10615863607937
9945697614408,10615922435519
9945716122408,10615980993804
9945734630408,10616035515756
9945753134408,10616100046422
9945771643408,10616156826902
9945790148408,10616217103694
9945808656408,10616276957636
9945827163408,10616330593649
9945845670408,10616377628861
9945864179408,10616429650455
9945882686408,10616482522965
9945901190408,10616543042863
9945919697408,10616608611886
9945938204408,10616662811627
9945956711408,10616730547637
9945975218408,10616800667529
9945993727408,10616869510962
9946012232408,10616936098926
9946030740408,10616996642413
9946049248408,10617057842170
9946067755408,10617108546451
9946086262408,10617159862338
9946104767408,10617221682617
9946123274408,10617282414480
9946141781408,10617336609937
9946160289408,10617390187094
9946178795408,10617450375134
9946197304408,10617509826338
9946215812408,10617578575462
9946234319408,10617639950142
9946252823408,10617700312506
9946271330408,10617761834826
9946289837408,10617820832586
9946308344408,10617881052574
9946326851408,10617935716327
9946345363408,10617993563778
9946363867408,10618059797271
9946382373408,10618124786398
9946400880408,10618179663103
9946419387408,10618243473593
9946437895408,10618300096631
9946474965408,10618350442435
9946493414408,10618408453103
9946511923408,10618469105942
9946530429408,10618518343823
9946548937408,10618569872746
9946567444408,10618615259742
9946585948408,10618670782726
9946604457408,10618721998982
9946622963408,10618782271854
9946641469408,10618839904285
9946659976408,10618896367300
9946678483408,10618953493135
9946696995408,10619000191725
9946715498408,10619053901344
9946734006408,10619106814389
9946752513408,10619178659454
9946771020408,10619249673964
9946789526408,10619322863350
9946808033408,10619397260837
9946826541408,10619452151321
9946845047408,10619500703734
9946863554408,10619542551396
9946882062408,10619595367524
9946900570408,10619649441575
9946919077408,10619703607455
9946937581408,10619760908661
9946956089408,10619817167878
9946974596408,10619873374116
9946993102408,10619929818725
9947011609408,10619986536462
9947030116408,10620043732186
9947048624408,10620101635323
9947067130408,10620157110586
9947085638408,10620203766471
9947104145408,10620261459364
9947122653408,10620329420368
9947141158408,10620381698200
9947159666408,10620434980365
9947178172408,10620491050927
9947196680408,10620540756370
9947215185408,10620594122684
9947233695408,10620644685895
9947252202408,10620700288599
9947270709408,10620769632108
9947289214408,10620823791694
9947307723408,10620872156307
9947326229408,10620926640277
9947344735408,10620976032520
9947363243408,10621014689581
9947381749408,10621062780779
9947400258408,10621121176157
9947418764408,10621173015206
9947437270408,10621225897904
9947455779408,10621276530350
9947474286408,10621343484811
9947492791408,10621400937281
9947511298408,10621454787665
9947529806408,10621529126479
9947548313408,10621586746713
9947566819408,10621640297235
9947585326408,10621698768036
9947603835408,10621757073815
9947622341408,10621802147457
9947640847408,10621852926562
9947659353408,10621907586440
9947677862408,10621954898134
9947696369408,10622017106043
9947714874408,10622074082348
9947733381408,10622123449385
9947751889408,10622178013401
9947770408408,10622214110924
9947788904408,10622262481662
9947807412408,10622309791794
9947825920408,10622356797868
9947844424408,10622403762104
9947862932408,10622469682543
9947881437408,10622518128961
9947899946408,10622556351997
9947918453408,10622587630941
9947936960408,10622632505609
9947955468408,10622680192399
9947973975408,10622721829502
9947992480408,10622760734245
9948010986408,10622796504899
9948029494408,10622835639412
9948048000408,10622867196775
9948066508408,10622905051557
9948085014408,10622937427625
9948103522408,10622961972794
9948122028408,10622998370575
9948140536408,10623046898969
9948159044408,10623080606904
9948177553408,10623115435564
9948196057408,10623138931664
9948214563408,10623162629039
9948233070408,10623189685833
9948251577408,10623213732578
9948270085408,10623239625209
9948288593408,10623262960093
9948307100408,10623286372993
9948325605408,10623307898214
9948344113408,10623333416894
9948362619408,10623350852776
9948381126408,10623367963577
9948399633408,10623382408417
9948418139408,10623396264113
9948436648408,10623412237076
9948455154408,10623430139218
9948473661408,10623462949752
9948492170408,10623493872495
9948510677408,10623517834604
9948529183408,10623542926832
9948547690408,10623568513503
9948566197408,10623599707009
9948584703408,10623627829177
9948603210408,10623659525988
9948621717408,10623690157396
9948640224408,10623712075824
9948658733408,10623735998003
9948677239408,10623760852226
9948695747408,10623783239653
9948714252408,10623816161771
9948732760408,10623843592512
9948751265408,10623873967333
9948769772408,10623902187953
9948788279408,10623940974128
9948806787408,10623970761470
9948825293408,10624009287365
9948843803408,10624046548588
9948862310408,10624086096985
9948880816408,10624124744263
9948899322408,10624170546326
9948917829408,10624212809940
9948936335408,10624250546633
9948954843408,10624287620475
9948973350408,10624325559708
9948991859408,10624365096637
9949010366408,10624408092546
9949028871408,10624448365124
9949047379408,10624487228236
9949065886408,10624533426400
9949084391408,10624576712529
9949102899408,10624618301167
9949121405408,10624671589783
9949139912408,10624711081822
9949158422408,10624745856435
9949176927408,10624779927188
9949195435408,10624809935378
9949213944408,10624843299436
9949232448408,10624879673351
9949250955408,10624914384331
9949269461408,10624949879256
9949287970408,10624989507164
9949306475408,10625031911405
9949324983408,10625071099959
9949343491408,10625098633174
9949361999408,10625123519442
9949380504408,10625148204193
9949399012408,10625184776168
9949417517408,10625215462727
9949436024408,10625250669726
9949454532408,10625289496196
9949473037408,10625326440915
9949491545408,10625358377965
9949510052408,10625383013289
9949528560408,10625414693456
9949547069408,10625449042946
9949565577408,10625483205931
9949584080408,10625509906641
9949602588408,10625534439598
9949621094408,10625569078466
9949639601408,10625606470799
9949658108408,10625634036219
9949676616408,10625661661148
9949695123408,10625700078542
9949713630408,10625736680646
9949732138408,10625777147487
9949750643408,10625814655284
9949769149408,10625852397718
9949787657408,10625885887790
9949806165408,10625921778208
9949824670408,10625946492454
9949843177408,10625970978786
9949861686408,10626002707216
9949880193408,10626037838514
9949898700408,10626073127463
9949917208408,10626093936492
9949935713408,10626116480491
9949954220408,10626162176960
9949972726408,10626204036176
9949991233408,10626250273337
9950009741408,10626283832842
9950028249408,10626314323417
9950046757408,10626352253274
9950065262408,10626393464883
9950083769408,10626430885774
9950102275408,10626469725311
9950120783408,10626507070077
9950139289408,10626548097868
9950157798408,10626583232385
9950176303408,10626622492068
9950194811408,10626642990584
9950213318408,10626664863004
9950231826408,10626695707022
9950250333408,10626740581932
9950268839408,10626773601392
9950287347408,10626808872641
9950305853408,10626840849014
9950324361408,10626872696883
9950342867408,10626913644105
9950361373408,10626946904573
9950379882408,10626974699405
9950398389408,10626998102764
9950416894408,10627036766485
9950435401408,10627077395563
9950453908408,10627105346367
9950472416408,10627131951797
9950490923408,10627158450232
9950509429408,10627189887023
9950527937408,10627214875868
9950546445408,10627230956799
9950564951408,10627248057219
9950583463408,10627264269775
9950601966408,10627288435834
9950620471408,10627314443567
9950638978408,10627338773786
9950657485408,10627366978265
9950675993408,10627393536116
9950694499408,10627421491995
9950713008408,10627447322406
9950731515408,10627477930046
9950750022408,10627516409559
9950768528408,10627545204886
9950787036408,10627577495904
9950805541408,10627608956530
9950824048408,10627641886840
9950842555408,10627670732237
9950861063408,10627693532217
9950879568408,10627722868399
9950898077408,10627755966298
9950916583408,10627786802047
9950935091408,10627818992784
9950953599408,10627840572127
9950972104408,10627865517822
9950990610408,10627897440830
9951009119408,10627928699299
9951027626408,10627948958568
9951046132408,10627967386340
9951064639408,10627984952427
9951083147408,10628005276895
9951101653408,10628039557451
9951120160408,10628068050142
9951138666408,10628086467829
9951157173408,10628103877881
9951175682408,10628121466489
9951194188408,10628142938590
9951212696408,10628161128916
9951231201408,10628184256874
9951249708408,10628209364744
9951268216408,10628239073294
9951286724408,10628270738829
9951305231408,10628299491283
9951323737408,10628327217833
9951342245408,10628361282759
9951360750408,10628392224924
9951379257408,10628419461933
9951397764408,10628447132424
9951416271408,10628472129261
9951434781408,10628502358126
9951453285408,10628529059936
9951471793408,10628552512584
9951490300408,10628576410932
9951508807408,10628597146448
9951527314408,10628622567542
9951545821408,10628647752129
9951564329408,10628674921856
9951582835408,10628706069689
9951601342408,10628740421459
9951619850408,10628779315147
9951638356408,10628812198641
9951656862408,10628851406197
9951675369408,10628896098301
9951693875408,10628937072713
9951712382408,10628975452197
9951730890408,10629010622229
9951749396408,10629043475940
9951767905408,10629080797151
9951786413408,10629120158940
9951804918408,10629160559767
9951823425408,10629209226616
9951841933408,10629262375404
9951860439408,10629299532254
9951878947408,10629364847158
9951897454408,10629411329505
9951915961408,10629463986925
9951934468408,10629518473209
9951952974408,10629572862489
9951971492408,10629619635604
9951989990408,10629662331259
9952008505408,10629713307825
9952027003408,10629759348970
9952045509408,10629805341678
9952064017408,10629847020990
9952082523408,10629882989190
9952101030408,10629923195228
9952119539408,10629957263828
9952138047408,10629995590284
9952156551408,10630040078795
9952175057408,10630080282562
9952193565408,10630114453254
9952212072408,10630147725494
9952230579408,10630179383447
9952249086408,10630216135090
9952267595408,10630259547553
9952286100408,10630312741141
9952304606408,10630370052044
9952323114408,10630435102753
9952341622408,10630501397247
9952360128408,10630566227120
9952378636408,10630634344347
9952397142408,10630694776946
9952415648408,10630757051208
9952434155408,10630833079987
9952452663408,10630901795951
9952471170408,10630972104571
9952489677408,10631025994731
9952508183408,10631089592338
9952526692408,10631142961974
9952545196408,10631224745552
9952563705408,10631277341202
9952582211408,10631340304392
9952600719408,10631409571124
9952619227408,10631473783363
9952637732408,10631545635829
9952656238408,10631600531156
9952674748408,10631663598329
9952693256408,10631730081816
9952711761408,10631794186422
9952730266408,10631864447174
9952748774408,10631925924289
9952767280408,10631985492851
9952785788408,10632046531401
9952804296408,10632109627177
9952822805408,10632172702972
9952841309408,10632240884571
9952859816408,10632295035663
9952878323408,10632346271845
9952896830408,10632420266090
9952915337408,10632484330182
9952933844408,10632549703184
9952952353408,10632609262985
9952970861408,10632678945224
9952989365408,10632748413264
9953007872408,10632829010985
9953026380408,10632905981699
9953044886408,10632966102801
9953063394408,10633015420031
9953081900408,10633075078233
9953100406408,10633136600514
9953118913408,10633201135557
9953137422408,10633266692878
9953155930408,10633339158434
9953174439408,10633415471680
9953192942408,10633482428811
9953211449408,10633561246465
9953229957408,10633648038381
9953248462408,10633708463381
9953266969408,10633777445069
9953285476408,10633842445068
9953303986408,10633921135471
9953322492408,10633993625609
9953340998408,10634067293274
9953359504408,10634141733290
9953378014408,10634217749508
9953396522408,10634290757603
9953415026408,10634365569055
9953433532408,10634442043010
9953452039408,10634515566599
9953470546408,10634592733632
9953489054408,10634664396835
9953507561408,10634734336516
9953526071408,10634809396382
9953544575408,10634868269835
9953563084408,10634930718608
9953581588408,10634995938598
9953600094408,10635065031618
9953618602408,10635139084423
9953637109408,10635209373582
9953655618408,10635279083446
9953674125408,10635355789452
9953692630408,10635424619701
9953711136408,10635541388696
9953729648408,10635597986721
9953748153408,10635649564553
9953766658408,10635703355823
9953785166408,10635764349541
9953803673408,10635862431119
9953822179408,10635947823092
9953840686408,10636087359447
9953859195408,10636179481742
9953877703408,10636257861352
9953896207408,10636338509198
9953914714408,10636412855081
9953933220408,10636507219619
9953951729408,10636574645004
9953970234408,10636640381726
9953988743408,10636717013809
9954007251408,10636789630864
9954025758408,10636847303765
9954044262408,10636933419711
9954062770408,10636991269733
9954081278408,10637048501197
9954099783408,10637110016931
9954118291408,10637161701660
9954136798408,10637212558433
9954155304408,10637269593295
9954173812408,10637344391323
9954192319408,10637418060767
9954210828408,10637482764022
9954229332408,10637549344295
9954247839408,10637610061528
9954266346408,10637670992803
9954284855408,10637724874746
9954303360408,10637786845600
9954321868408,10637845936468
9954340377408,10637920604027
9954358883408,10637974260172
9954377387408,10638034760616
9954395895408,10638100544923
9954414402408,10638163503077
9954432913408,10638233047937
9954451416408,10638295846031
9954469923408,10638354938439
9954488430408,10638417786702
9954506937408,10638478161707
9954525445408,10638531293975
9954543952408,10638588272108
9954562460408,10638640621600
9954580966408,10638702052359
9954599472408,10638758459695
9954617979408,10638816844203
9954636486408,10638878721014
9954654993408,10638941151409
9954673501408,10639007077501
9954692009408,10639053235072
9954710518408,10639102520046
9954729023408,10639147299605
9954747528408,10639204045411
9954766036408,10639252679459
9954784552408,10639304521531
9954803049408,10639357980252
9954821557408,10639407573695
9954840064408,10639459572686
9954858570408,10639508533645
9954877078408,10639559482706
9954895585408,10639611223742
9954914093408,10639657636043
9954932598408,10639700137559
9954951108408,10639738947277
9954969612408,10639785211133
9954988119408,10639831234638
9955006629408,10639881811986
9955025134408,10639923906774
9955043641408,10639960540593
9955062149408,10639998565934
9955080654408,10640035863409
9955099159408,10640054865584
9955117667408,10640061870374
9955154682408,10640080257082
9955173188408,10640094996506
9955191696408,10640109325686
9955210202408,10640124444922
9955228710408,10640133366496
9955247220408,10640142788870
9955265726408,10640151957675
9955284231408,10640161210492
9955302737408,10640170270583
9955321244408,10640179127116
9955339752408,10640188170783
9955358258408,10640201424996
9955376766408,10640212519031
9955395275408,10640228788339
9955413780408,10640246653250
9955432287408,10640260878185
9955450793408,10640277336231
9955469299408,10640313271680
9955487807408,10640357561073
9955506313408,10640408675497
9955524821408,10640452613127
9955543328408,10640491868947
9955561835408,10640528611220
9955580345408,10640556719227
9955598852408,10640585006757
9955617358408,10640609694342
9955635863408,10640643755933
9955654369408,10640679708269
9955672879408,10640712014864
9955691383408,10640740526240
9955709891408,10640765406566
9955728398408,10640791566700
9955746906408,10640822655437
9955765411408,10640851568350
9955783919408,10640891830334
9955802425408,10640927480582
9955820933408,10640963040536
9955839438408,10640994952778
9955857947408,10641023248436
9955876454408,10641048170875
9955894961408,10641071902289
9955913467408,10641095991221
9955931976408,10641116483330
9955950484408,10641137413901
9955968989408,10641158656872
9955987498408,10641186849083
9956006003408,10641220596448
9956024510408,10641252678258
9956043018408,10641287590464
9956061524408,10641322713265
9956080032408,10641368438487
9956098540408,10641401292880
9956117045408,10641432032692
9956135552408,10641462485936
9956154058408,10641489485707
9956172566408,10641518830363
9956191073408,10641545160462
9956209593408,10641569919609
9956228086408,10641597675646
9956246593408,10641632742897
9956265101408,10641672340453
9956283609408,10641709931059
9956302116408,10641756982012
9956320621408,10641789817019
9956339128408,10641825910374
9956357637408,10641872572255
9956376142408,10641913780749
9956394649408,10641957662237
9956413157408,10642000572707
9956431665408,10642043860967
9956450173408,10642083805421
9956468679408,10642123139009
9956487186408,10642165885937
9956505690408,10642208829899
9956524197408,10642244866263
9956542705408,10642276347054
9956561212408,10642311580746
9956579720408,10642345959898
9956598226408,10642374442930
9956616734408,10642405244499
9956635241408,10642434346180
9956653749408,10642460325718
9956672254408,10642477231848
9956690762408,10642495350766
9956709268408,10642528607789
9956727776408,10642560077661
9956746281408,10642585471902
9956764790408,10642616345326
9956783298408,10642648696450
9956801806408,10642676629085
9956820310408,10642708726354
9956838818408,10642742832961
9956857324408,10642766798828
9956875831408,10642796044918
9956894337408,10642828430795
9956912845408,10642845766731
9956931352408,10642868153938
9956949859408,10642891213258
9956968366408,10642908107734
9956986874408,10642920512265
9957005382408,10642935457895
9957023887408,10642943831695
9957042393408,10642950923327
9957060902408,10642964511625
9957079409408,10642972551298
9957097915408,10642986298590
9957116422408,10643005388264
9957134931408,10643030598575
9957153435408,10643057069295
9957171943408,10643076645146
9957190449408,10643094473347
9957208956408,10643108772777
9957227464408,10643123394784
9957245971408,10643134874329
9957264479408,10643147103665
9957282984408,10643162182109
9957301492408,10643175054416
9957320000408,10643187736630
9957338508408,10643197407320
9957357012408,10643207253159
9957375519408,10643217836795
9957394027408,10643224905497
9957412534408,10643231776918
9957431042408,10643240233888
9957449547408,10643248610113
9957468055408,10643253209976
9957486562408,10643259460420
9957505068408,10643264573479
9957523575408,10643273047950
9957542082408,10643281724347
9957560589408,10643295105038
9957579095408,10643312677606
9957597605408,10643319517856
9957616110408,10643326201702
9957634623408,10643333550676
9957653124408,10643340230785
9957671631408,10643349395108
9957690141408,10643381575550
9957708646408,10643399441618
9957727153408,10643417437625
9957745659408,10643440675513
9957764166408,10643470480601
9957782673408,10643498159997
9957801181408,10643527966796
9957819689408,10643556691607
9957838196408,10643589442102
9957856701408,10643621497321
9957875207408,10643650010511
9957893717408,10643678215400
9957912222408,10643711487733
9957930728408,10643744868637
9957949234408,10643775411743
9957967743408,10643813498740
9957986250408,10643851675880
9958004757408,10643896716483
9958023264408,10643943438655
9958041774408,10644000590727
9958060277408,10644051100590
9958078787408,10644095480119
9958097292408,10644140700853
9958115799408,10644192737389
9958134305408,10644238756773
9958152813408,10644280414123
9958171321408,10644326179149
9958189831408,10644363143144
9958208333408,10644405266313
9958226840408,10644444706140
9958245347408,10644487296703
9958263854408,10644528818125
9958282360408,10644565690624
9958300867408,10644596301714
9958319376408,10644631290139
9958337883408,10644663116926
9958356389408,10644681495184
9958374899408,10644697582682
9958393407408,10644710234545
9958411911408,10644730737165
9958430417408,10644750653892
9958448925408,10644775676948
9958467431408,10644800712832
9958485938408,10644826658516
9958504446408,10644848007302
9958522955408,10644861364053
9958541460408,10644871176648
9958559966408,10644892758003
9958578472408,10644926773067
9958596980408,10644969896771
9958615489408,10645011714984
9958633993408,10645047102556
9958652500408,10645077655438
9958671008408,10645107704248
9958689514408,10645140899657
9958708022408,10645162264283
9958726530408,10645179348846
9958745036408,10645187441444
9958763542408,10645203683925
9958782050408,10645217671346
9958800556408,10645236860203
9958819064408,10645253442406
9958837571408,10645270665729
9958856078408,10645287607610
9958874588408,10645306637244
9958893093408,10645321988351
9958911599408,10645336938064
9958930106408,10645351932912
9958948613408,10645370077010
9958967119408,10645397636115
9958985626408,10645429531698
9959004133408,10645466979725
9959022649408,10645509185920
9959041147408,10645545916721
9959059657408,10645586334576
9959078164408,10645632435093
9959096668408,10645681466408
9959115175408,10645732637710
9959133682408,10645796677376
9959152189408,10645872649033
9959170696408,10645921590805
9959189203408,10645972395383
9959207711408,10646015996196
9959226219408,10646058983387
9959244724408,10646097972981
9959263231408,10646138646569
9959281739408,10646186767366
9959300244408,10646224734803
9959318751408,10646264976966
9959337258408,10646306421927
9959355766408,10646351698855
9959374273408,10646397158913
9959392781408,10646455353375
9959411288408,10646503314734
9959429797408,10646550113997
9959448301408,10646586481295
9959466808408,10646605948844
9959485314408,10646622605407
9959503822408,10646630466867
9959522329408,10646637411717
9959540836408,10646667024412
9959559345408,10646697838265
9959577852408,10646715035084
9959596357408,10646731990760
9959614864408,10646748990656
9959633373408,10646765724525
9959651878408,10646781715946
9959670383408,10646798424325
9959688892408,10646805832587
9959707399408,10646816533888
9959725906408,10646844345273
9959744413408,10646852174594
9959762921408,10646858385033
9959781428408,10646863637319
9959799933408,10646881702313
9959818440408,10646888798942
9959836949408,10646899319853
9959855454408,10646908745994
9959873961408,10646930515770
9959892469408,10646937997397
9959910977408,10646949593414
9959929485408,10646967239881
9959947989408,10646994806726
9959966497408,10647030968956
9959985002408,10647054175126
9960003510408,10647078656228
9960022019408,10647101403009
9960040524408,10647124856203
9960059033408,10647145556134
9960077538408,10647172394715
9960096047408,10647207515230
9960114553408,10647239434019
9960133062408,10647265885141
9960151567408,10647306782376
9960170073408,10647356461157
9960188580408,10647407272960
9960207088408,10647469632576
9960225593408,10647523593467
9960244103408,10647574163885
9960262611408,10647642576182
9960281116408,10647710690048
9960299622408,10647788129936
9960318130408,10647851299988
9960336635408,10647951832757
9960355143408,10648036832909
9960373650408,10648109433269
9960392157408,10648221427454
9960410663408,10648323780365
9960429172408,10648409867928
9960447679408,10648488703430
9960466188408,10648590909661
9960484692408,10648685947315
9960503200408,10648750548712
9960521706408,10648858468634
9960540213408,10648985585917
9960558720408,10649089464162
9960577228408,10649216752222
9960595735408,10649336088610
9960614243408,10649423413496
9960632748408,10649515342822
9960651254408,10649593410011
9960669762408,10649673040017
9960688268408,10649780573600
9960706777408,10649857963655
9960725283408,10649931200985
9960743789408,10650009663113
9960762296408,10650094279227
9960780804408,10650178566350
9960799312408,10650278813741
9960817820408,10650361318848
9960836327408,10650447299169
9960854831408,10650530702000
9960873338408,10650606952526
9960891845408,10650689016339
9960910352408,10650772876226
9960928860408,10650859762501
9960947368408,10650944370982
9960965876408,10651031866585
9960984381408,10651102633298
9961002888408,10651170256153
9961021395408,10651235033005
9961039902408,10651302561132
9961058409408,10651378561822
9961076915408,10651452194238
9961095422408,10651514168920
9961113930408,10651603385313
9961132436408,10651671386763
9961150945408,10651768448873
9961169452408,10651845096301
9961187958408,10651920811456
9961206464408,10652002540185
9961224971408,10652082892917
9961243481408,10652162079366
9961261985408,10652245911068
9961280493408,10652331946298
9961299001408,10652414569937
9961317508408,10652501469539
9961336013408,10652573739917
9961354520408,10652640099378
9961373027408,10652700152078
9961391534408,10652750266552
9961410041408,10652797837135
9961428549408,10652849533162
9961447054408,10652879928103
9961465561408,10652906668257
9961484070408,10652928117239
9961502577408,10652945750364
9961521085408,10652957399443
9961539590408,10652968203970
9961558097408,10652985764890
9961576605408,10653007582936
9961595111408,10653029129052
9961613617408,10653050857581
9961632125408,10653072598118
9961650633408,10653094810646
9961669140408,10653118271335
9961687645408,10653151455374
9961706153408,10653187191255
9961724660408,10653221558869
9961743167408,10653261764221
9961761674408,10653303248218
9961780183408,10653343611719
9961798688408,10653388343060
9961817195408,10653418824476
9961835724408,10653441424962
9961854210408,10653472484407
9961872716408,10653508888379
9961891222408,10653546576812
9961909729408,10653572141001
9961928236408,10653593188154
9961946744408,10653626948043
9961965251408,10653662129928
9961983758408,10653684866458
9962002266408,10653713560857
9962020773408,10653738286321
9962039278408,10653769524956
9962057785408,10653802436434
9962076293408,10653835530161
9962094799408,10653871461886
9962113305408,10653910324121
9962131815408,10653947784476
9962150318408,10653984082279
9962168827408,10654022204262
9962187337408,10654064667038
9962205843408,10654107035320
9962224349408,10654144794476
9962242855408,10654185720314
9962261361408,10654221087578
9962279869408,10654271116640
9962298376408,10654328714282
9962316883408,10654377954591
9962335395408,10654420195423
9962353899408,10654459326010
9962372404408,10654531158703
9962390911408,10654589351615
9962409418408,10654616885011
9962427924408,10654654923490
9962446431408,10654687741047
9962464940408,10654718105382
9962483447408,10654752235961
9962501954408,10654784885881
9962520460408,10654801689846
9962538968408,10654809797883
9962557475408,10654819409183
9962575981408,10654826526753
9962594488408,10654846422568
9962612995408,10654884035388
9962631502408,10654908760622
9962650009408,10654938688180
9962668516408,10654967288231
9962687025408,10654999963741
9962705532408,10655032285376
9962724037408,10655049581741
9962742543408,10655061584193
9962761050408,10655074750557
9962779556408,10655093915983
9962798064408,10655117899420
9962816573408,10655138537018
9962835080408,10655147292092
9962853585408,10655156203473
9962872091408,10655163705888
9962890601408,10655181395467
9962909109408,10655200857023
9962927614408,10655244891395
9962946120408,10655291305456
9962964628408,10655337663531
9962983134408,10655393693164
9963001641408,10655451673714
9963020149408,10655500939433
9963038656408,10655558724195
9963057164408,10655607912873
9963075670408,10655658541723
9963094177408,10655705318417
9963112683408,10655763435829
9963131191408,10655805046380
9963149696408,10655840667839
9963168205408,10655873777443
9963186714408,10655905611452
9963205221408,10655938203721
9963223723408,10655970791447
9963242235408,10656012228735
9963260749408,10656051497976
9963279246408,10656096302791
9963297753408,10656151288187
9963316261408,10656213556430
9963334767408,10656266106799
9963353275408,10656303970438
9963371781408,10656359361321
9963390289408,10656414526538
9963408794408,10656474308558
9963427303408,10656523161407
9963445808408,10656576135450
9963464317408,10656618102555
9963482822408,10656654767107
9963501330408,10656686055108
9963519839408,10656697559198
9963538345408,10656713539120
9963556850408,10656723263763
9963575357408,10656750296257
9963593866408,10656780113136
9963612371408,10656818233500
9963630878408,10656867757969
9963649385408,10656920953093
9963667893408,10656981071549
9963686399408,10657046556361
9963704906408,10657105731404
9963723415408,10657164070040
9963741922408,10657203634500
9963760427408,10657279601980
9963778934408,10657327468956
9963797441408,10657341150168
9963815948408,10657380055133
9963834456408,10657415942595
9963852963408,10657446107065
9963871470408,10657473569125
9963889980408,10657517648391
9963908482408,10657561077008
9963926989408,10657592416026
9963945498408,10657634537071
9963964004408,10657667958439
9963982512408,10657696485723
9964001018408,10657729325150
9964019525408,10657781642039
9964038032408,10657845398237
9964056539408,10657883432004
9964075048408,10657898438913
9964093554408,10657912569812
9964112059408,10657942152762
9964130567408,10657968719118
9964149074408,10657983653731
9964167580408,10657994440099
9964186088408,10658007180366
9964204596408,10658017339863
9964223103408,10658026643324
9964241608408,10658037323352
9964260116408,10658046932238
9964278622408,10658058085798
9964297133408,10658070173757
9964315637408,10658081510992
9964334143408,10658096545420
9964352650408,10658109016433
9964371159408,10658119541080
9964389664408,10658129368862
9964408172408,10658140674435
9964426681408,10658151798134
9964445188408,10658164827686
9964463692408,10658195192904
9964482199408,10658230138567
9964500707408,10658266810812
9964519213408,10658306605731
9964537721408,10658353949163
9964556228408,10658400843630
9964574736408,10658429466318
9964593242408,10658468686542
9964611749408,10658513326630
9964630255408,10658529435612
9964648773408,10658542672157
9964667270408,10658552827426
9964685777408,10658573012357
9964704283408,10658585540260
9964722790408,10658606836347
9964741298408,10658637974105
9964759805408,10658665141871
9964778313408,10658688557600
9964796819408,10658709543917
9964815325408,10658730916321
9964833832408,10658764100806
9964852340408,10658802296717
9964870846408,10658844287840
9964889353408,10658876178523
9964907861408,10658904721359
9964926370408,10658942681418
9964944873408,10658981345412
9964963381408,10659013061358
9964981887408,10659051498701
9965000399408,10659083498004
9965018903408,10659110317286
9965037409408,10659138947061
9965055915408,10659166431431
9965074423408,10659193101202
9965092930408,10659221088766
9965111438408,10659250564397
9965129945408,10659289777797
9965148451408,10659323339550
9965166958408,10659347532072
9965185465408,10659362544786
9965203972408,10659387562864
9965222479408,10659413993315
9965240986408,10659429909073
9965259493408,10659441559489
9965278001408,10659460338483
9965296506408,10659489954962
9965315013408,10659526973704
9965333519408,10659567331088
9965352028408,10659598813757
9965370535408,10659647009737
9965389041408,10659697765146
9965407548408,10659730550695
9965426056408,10659766789938
9965444563408,10659803755984
9965463070408,10659832779345
9965481578408,10659855508975
9965500084408,10659875809827
9965518590408,10659910220245
9965537098408,10659951830922
9965555604408,10659993146662
9965574112408,10660039856171
9965592619408,10660091658620
9965611127408,10660143392532
9965629638408,10660187710083
9965648140408,10660224687559
9965666645408,10660258879608
9965685153408,10660320653979
9965703659408,10660375099730
9965722167408,10660429656188
9965740673408,10660475337177
9965759181408,10660511114619
9965777687408,10660555748925
9965796196408,10660595753092
9965814703408,10660634115911
9965833212408,10660665596329
9965851716408,10660696721228
9965870224408,10660749530449
9965888729408,10660809547257
9965907238408,10660859032595
9965925744408,10660898727084
9965944252408,10660948778074
9965962759408,10660991522833
9965981265408,10661053157526
9965999771408,10661096515594
9966018278408,10661158326325
9966036785408,10661269195963
9966055293408,10661346838975
9966073807408,10661423952321
9966092307408,10661483514509
9966110814408,10661554053105
9966129321408,10661626035873
9966147829408,10661705102175
9966166336408,10661774638383
9966184844408,10661838337199
9966203349408,10661912063532
9966221855408,10661984235878
9966240363408,10662052815958
9966258869408,10662137091794
9966277378408,10662218862046
9966295885408,10662306936523
9966314392408,10662399773475
9966332897408,10662464810066
9966351404408,10662535314606
9966369911408,10662626299114
9966388418408,10662731926716
9966406925408,10662841052469
9966425431408,10662942953189
9966443941408,10663047521168
9966462446408,10663153167471
9966480954408,10663264250807
9966499461408,10663366500714
9966517970408,10663472367916
9966536474408,10663570457668
9966554981408,10663677791307
9966573488408,10663778043550
9966591995408,10663879810275
9966610501408,10663980084393
9966629010408,10664077531496
9966647517408,10664169802117
9966666025408,10664266653539
9966684530408,10664354185252
9966703037408,10664438300713
9966721544408,10664520865352
9966740050408,10664613983716
9966758557408,10664702434878
9966777065408,10664788946944
9966795571408,10664876552992
9966814079408,10664967291925
9966832585408,10665047523827
9966851094408,10665114874508
9966869601408,10665182839423
9966888106408,10665257535325
9966906613408,10665321145238
9966925122408,10665383658864
9966943628408,10665455785766
9966962136408,10665519248218
9966980643408,10665578023536
9966999150408,10665620437693
9967017658408,10665668321969
9967036164408,10665721260968
9967054670408,10665769783131
9967073176408,10665813216128
9967091683408,10665873723562
9967110190408,10665928285981
9967128697408,10665986143827
9967147204408,10666051339818
9967165710408,10666108937643
9967184219408,10666161895754
9967202726408,10666227600114
9967221236408,10666292122658
9967239739408,10666363409047
9967258246408,10666419239806
9967276754408,10666472505531
9967295261408,10666534069584
9967313766408,10666608831520
9967332275408,10666674041310
9967350782408,10666724244561
9967369288408,10666780220193
9967387795408,10666838102368
9967406302408,10666895367930
9967424808408,10666969526361
9967443315408,10667034553382
9967461825408,10667108624544
9967480332408,10667169341326
9967498845408,10667237386722
9967517344408,10667297174437
9967535851408,10667348726231
9967554360408,10667409940614
9967572868408,10667464927004
9967591371408,10667527881639
9967609879408,10667587008211
9967628386408,10667647171448
9967646893408,10667703579737
9967665399408,10667755281769
9967683907408,10667811894577
9967702415408,10667867800901
9967720921408,10667909163727
9967739427408,10667968507000
9967757935408,10668020447075
9967776441408,10668067976550
9967794950408,10668111528402
9967813455408,10668152792641
9967831962408,10668200202314
9967850469408,10668245392324
9967868978408,10668289307718
9967887485408,10668332830898
9967905992408,10668390962186
9967924497408,10668439765064
9967943005408,10668482390718
9967961512408,10668527472078
9967980019408,10668574699875
9967998526408,10668619629206
9968017032408,10668679257373
9968035539408,10668731155829
9968054048408,10668781942903
9968072552408,10668829866896
9968091060408,10668878841204
9968109567408,10668935361154
9968128074408,10668998593683
9968146581408,10669045571972
9968165088408,10669092236034
9968183595408,10669139329981
9968202102408,10669201917740
9968220609408,10669247703009
9968239117408,10669306933129
9968257624408,10669357220462
9968276131408,10669424209684
9968294637408,10669481715676
9968313144408,10669542304925
9968331650408,10669618038409
9968350159408,10669702087245
9968368666408,10669787869994
9968387173408,10669872124005
9968405681408,10669961409782
9968424185408,10670029774858
9968442692408,10670094965532
9968461201408,10670161143763
9968479706408,10670224752050
9968498213408,10670285981866
9968516721408,10670358922948
9968535228408,10670456590319
9968553735408,10670558497101
9968572242408,10670643122438
9968590750408,10670733492661
9968609258408,10670823654360
9968627763408,10670920886981
9968646270408,10671002974915
9968664777408,10671101341357
9968683283408,10671192625033
9968701791408,10671294293380
9968720298408,10671389146334
9968738805408,10671472743212
9968757314408,10671562628721
9968775818408,10671639796677
9968794327408,10671715496794
9968812833408,10671790718857
9968831340408,10671865406047
9968849845408,10671932960747
9968868353408,10672005253552
9968886867408,10672068136707
9968905367408,10672127567933
9968923874408,10672177398459
9968942383408,10672252847303
9968960890408,10672318301171
9968979395408,10672380952874
9968997902408,10672437209947
9969016410408,10672492531722
9969034916408,10672541275397
9969053423408,10672603365884
9969071930408,10672672490340
9969090440408,10672739396385
9969108944408,10672798391473
9969127452408,10672883955851
9969145958408,10672956497812
9969164465408,10673053293615
9969182971408,10673129734098
9969201478408,10673226202388
9969219985408,10673294867553
9969238493408,10673373803653
9969257000408,10673441184895
9969275507408,10673528499824
9969294017408,10673602558432
9969312522408,10673691242065
9969331028408,10673755715381
9969349534408,10673822748224
9969368042408,10673894759778
9969386549408,10673956754519
9969405055408,10674012800011
9969423563408,10674074318373
9969442073408,10674147565837
9969460578408,10674221640775
9969479084408,10674275758647
9969497591408,10674327312110
9969516099408,10674388652710
9969534604408,10674442223893
9969553111408,10674493330981
9969571618408,10674531374974
9969590125408,10674576209786
9969608632408,10674621824587
9969627141408,10674662978953
9969645649408,10674699817395
9969664153408,10674729931264
9969682660408,10674755261428
9969701167408,10674782114164
9969719673408,10674819658651
9969738182408,10674857277706
9969756689408,10674895722179
9969775196408,10674926818924
9969793705408,10674971498004
9969812209408,10675018410084
9969830716408,10675065525743
9969849223408,10675108897409
9969867729408,10675150063453
9969886236408,10675188601864
9969904743408,10675234393681
9969923251408,10675279948742
9969941758408,10675331597151
9969960267408,10675381939636
9969978773408,10675432244913
9969997281408,10675482903950
9970015786408,10675537716365
9970034293408,10675588910956
9970052799408,10675644581724
9970071308408,10675715681995
9970089814408,10675781513695
9970108322408,10675844168665
9970126829408,10675899858440
9970145338408,10675955805602
9970163842408,10676017199626
9970182349408,10676071580038
9970200855408,10676122521509
9970219364408,10676172638449
9970237870408,10676223098205
9970256376408,10676285072007
9970274882408,10676327698442
9970293391408,10676376836370
9970311897408,10676419847818
9970330406408,10676462853871
9970348914408,10676508068732
9970367419408,10676537865594
9970385925408,10676564967942
9970404433408,10676605363415
9970422939408,10676651342159
9970441450408,10676700590051
9970459956408,10676748272308
9970478462408,10676796036008
9970496969408,10676851582916
9970515474408,10676907891348
9970533982408,10676971103324
9970552487408,10677035804936
9970570996408,10677116672310
9970589502408,10677176412320
9970608008408,10677229213909
9970626517408,10677266953602
9970645024408,10677320058921
9970663530408,10677360842237
9970682039408,10677389330660
9970700546408,10677415562498
9970719052408,10677455205622
9970737558408,10677493224543
9970756066408,10677529971436
9970774572408,10677567983500
9970793079408,10677615997676
9970811587408,10677658738592
9970830096408,10677707368079
9970848600408,10677748091084
9970867108408,10677796555017
9970885613408,10677851593454
9970904121408,10677900662223
9970922627408,10677959715102
9970941135408,10678014608800
9970959643408,10678072098765
9970978148408,10678121796361
9970996655408,10678180125464
9971015164408,10678220972878
9971033670408,10678265186629
9971052176408,10678313302646
9971070684408,10678364502287
9971089192408,10678407100234
9971107698408,10678449254449
9971126205408,10678489370965
9971144712408,10678543516948
9971163219408,10678593745883
9971181726408,10678645464034
9971200232408,10678694582255
9971218739408,10678745867259
9971237248408,10678802147211
9971255753408,10678848522402
9971274262408,10678905106630
9971292768408,10678969971476
9971311274408,10679012723694
9971329780408,10679067996479
9971348288408,10679121421592
9971366796408,10679185775573
9971385305408,10679239010465
9971403808408,10679291900423
9971422317408,10679365339672
9971440823408,10679426120006
9971459330408,10679482531960
9971477838408,10679538246978
9971496345408,10679593692426
9971514852408,10679648024188
9971533360408,10679696550505
9971551865408,10679757381312
9971570373408,10679811495136
9971588878408,10679862596935
9971607386408,10679933988393
9971625892408,10679999280503
9971644403408,10680054175894
9971662907408,10680102138626
9971681413408,10680160763165
9971699927408,10680222972497
9971718430408,10680276065532
9971736937408,10680343170440
9971755443408,10680394033130
9971773949408,10680439581106
9971792457408,10680493457218
9971810962408,10680555364912
9971829470408,10680610432378
9971847976408,10680662888881
9971866486408,10680712613159
9971884993408,10680772709675
9971903497408,10680834655039
9971922006408,10680893829385
9971940511408,10680965278313
9971959019408,10681032603575
9971977528408,10681085766933
9971996033408,10681134101369
9972014540408,10681181180498
9972033046408,10681220662161
9972051555408,10681260210207
9972070063408,10681306869821
9972088569408,10681373490028
9972107074408,10681422276966
9972125580408,10681463762868
9972144088408,10681514628238
9972162595408,10681562271729
9972181103408,10681610820260
9972199609408,10681657148602
9972218117408,10681699013926
9972236623408,10681738913851
9972255134408,10681780151523
9972273637408,10681831650484
9972292144408,10681879904038
9972310651408,10681925095744
9972329158408,10681975316620
9972347665408,10682029244675
9972366172408,10682077822189
9972384679408,10682134952491
9972403187408,10682233225530
9972421694408,10682325635049
9972440202408,10682382945707
9972458708408,10682446307476
9972477214408,10682506378355
9972495721408,10682562534465
9972514228408,10682607224462
9972532733408,10682672880950
9972551243408,10682734482968
9972569750408,10682794277794
9972588255408,10682852923556
9972606763408,10682904389389
9972625270408,10682972276677
9972643776408,10683059963040
9972662284408,10683122277627
9972680791408,10683185566633
9972699299408,10683248623309
9972717807408,10683308220691
9972736312408,10683369098183
9972754819408,10683467049199
9972773327408,10683534922919
9972791834408,10683612131649
9972810340408,10683679597035
9972828847408,10683761855604
9972847354408,10683844220821
9972865860408,10683970694618
9972884368408,10684063950408
9972902875408,10684153666171
9972921383408,10684233212986
9972939888408,10684315956110
9972958395408,10684415543135
9972976901408,10684502843427
9972995409408,10684595555423
9973013916408,10684688761728
9973032424408,10684791524692
9973050932408,10684864886179
9973069438408,10684952273203
9973087942408,10685031035179
9973106452408,10685092522787
9973124966408,10685167150183
9973143465408,10685250911240
9973161972408,10685310615746
9973180480408,10685382303169
9973198985408,10685444286505
9973217493408,10685512324221
9973236002408,10685576663741
9973254508408,10685643146227
9973273016408,10685693550139
9973291520408,10685739945969
9973310028408,10685784580452
9973328534408,10685839974000
9973347042408,10685885623528
9973365548408,10685932876825
9973384056408,10685978995623
9973402565408,10686025321883
9973421069408,10686067276553
9973439575408,10686104302332
9973458085408,10686142119233
9973476592408,10686196016599
9973495098408,10686244574692
9973513605408,10686288529490
9973532111408,10686325747203
9973550619408,10686365029145
9973569126408,10686402718448
9973587632408,10686444398847
9973606141408,10686475871528
9973624650408,10686500122736
9973643153408,10686516721529
9973661659408,10686549289517
9973680168408,10686585928808
9973698674408,10686628413933
9973717181408,10686665505959
9973735690408,10686706031698
9973754198408,10686741782180
9973772701408,10686778614429
9973791209408,10686828399260
9973809717408,10686873124351
9973828225408,10686909460056
9973846729408,10686938543206
9973865239408,10686971816694
9973883744408,10687002591162
9973902251408,10687038454079
9973920757408,10687053102502
9973939267408,10687085695251
9973957773408,10687112177695
9973976280408,10687135782716
9973994786408,10687163213698
9974013293408,10687190090045
9974031799408,10687216832428
9974050308408,10687253755489
9974068814408,10687291613761
9974087323408,10687332874364
9974105829408,10687376687521
9974124334408,10687420057447
9974142841408,10687474994780
9974161350408,10687526914366
9974179857408,10687585645586
9974198363408,10687637352880
9974216870408,10687679178813
9974235377408,10687733882033
9974253884408,10687786619891
9974272391408,10687888070334
9974290899408,10687955215433
9974309407408,10688016441239
9974327911408,10688075607381
9974346419408,10688128314633
9974364924408,10688185855515
9974383434408,10688246959275
9974401940408,10688339042011
9974420447408,10688407305581
9974438954408,10688469110071
9974457463408,10688534190073
9974475966408,10688611645234
9974494478408,10688694406741
9974512988408,10688777217846
9974531499408,10688853959155
9974550001408,10688942072614
9974568503408,10689051453586
9974587009408,10689138583615
9974605516408,10689219505860
9974624024408,10689305916165
9974642533408,10689371414767
9974661039408,10689450395578
9974679545408,10689539776824
9974698051408,10689623025331
9974716558408,10689709264910
9974735065408,10689813763540
9974753572408,10689896618030
9974772079408,10689984999827
9974790587408,10690078335417
9974809095408,10690166426971
9974827599408,10690259844196
9974846107408,10690353939966
9974864617408,10690442196417
9974883121408,10690563471323
9974901627408,10690688933615
9974920136408,10690790475166
9974938641408,10690878912967
9974957149408,10690969526477
9974975656408,10691063888761
9974994164408,10691183432958
9975012673408,10691282271759
9975031178408,10691406528174
9975049683408,10691503380451
9975068191408,10691596402169
9975086698408,10691680198821
9975105204408,10691762448745
9975123711408,10691878573054
9975142221408,10691972227031
9975160725408,10692059669353
9975179232408,10692151922776
9975197739408,10692237590870
9975216248408,10692326875120
9975234754408,10692406283454
9975253260408,10692472233952
9975271767408,10692532137826
9975290274408,10692594127495
9975308781408,10692684207748
9975327289408,10692799603659
9975345796408,10692929879242
9975364303408,10693044077742
9975382809408,10693160202724
9975401316408,10693247497878
9975419823408,10693307031602
9975438332408,10693366298056
9975456836408,10693422977076
9975475344408,10693480390941
9975493853408,10693537333827
9975512357408,10693615684475
9975530865408,10693675706234
9975549371408,10693736522435
9975567881408,10693796879630
9975586386408,10693865034764
9975604894408,10693956804819
9975623400408,10694042194704
9975641907408,10694105442354
9975660414408,10694168234602
9975678921408,10694232446473
9975697431408,10694299860409
9975715935408,10694352916686
9975734442408,10694416691822
9975752949408,10694471881652
9975771458408,10694543351979
9975789962408,10694614795102
9975808470408,10694693064547
9975826977408,10694759110027
9975845486408,10694832678951
9975863990408,10694903720697
9975882496408,10694980990692
9975901004408,10695058826878
9975919512408,10695143182997
9975938023408,10695221538029
9975956525408,10695302230485
9975975032408,10695385741395
9975993539408,10695493612754
9976012046408,10695586952174
9976030555408,10695700252849
9976049062408,10695789271705
9976067567408,10695870535733
9976086075408,10695952014888
9976104582408,10696032254074
9976123088408,10696108755178
9976141595408,10696216430029
9976160103408,10696279090752
9976178610408,10696336538529
9976197119408,10696392103352
9976215623408,10696447036675
9976234130408,10696501760966
9976252636408,10696554301676
9976271144408,10696597506142
9976289651408,10696673060291
9976308159408,10696726411431
9976326665408,10696802199944
9976345173408,10696860571857
9976363680408,10696905617428
9976382187408,10696954844345
9976400695408,10697007495867
9976419200408,10697061780208
9976437707408,10697109771188
9976456215408,10697157581846
9976474720408,10697206284823
9976493228408,10697256172355
9976511736408,10697325964693
9976530244408,10697394160227
9976548751408,10697463746413
9976567257408,10697525724357
9976585763408,10697574480354
9976604269408,10697611721093
9976622775408,10697655882619
9976641284408,10697677837523
9976659790408,10697716085857
9976678298408,10697743879720
9976696804408,10697760142580
9976715311408,10697772730083
9976733820408,10697784197549
9976752328408,10697794354339
9976770831408,10697803388244
9976789340408,10697812127626
9976807846408,10697825333974
9976826353408,10697843354112
9976844860408,10697863222410
9976863369408,10697887096876
9976881876408,10697912653080
9976900381408,10697942899660
9976918889408,10697971841357
9976937395408,10698000095948
9976955901408,10698033574310
9976974409408,10698071066179
9976992915408,10698112819460
9977011423408,10698149788791
9977029930408,10698184120795
9977048437408,10698221092794
9977066945408,10698261099535
9977085452408,10698302174089
9977103958408,10698338152800
9977122466408,10698375263203
9977140971408,10698416142659
9977159483408,10698455594910
9977177987408,10698490846135
9977196494408,10698528300548
9977215000408,10698577135302
9977233509408,10698619988448
9977252014408,10698661828288
9977270521408,10698700292603
9977289027408,10698738265778
9977307534408,10698773882450
9977326053408,10698814325741
9977344550408,10698852560775
9977363067408,10698893156023
9977381563408,10698932194200
9977400070408,10698964718372
9977418578408,10699005884215
9977437086408,10699047615215
9977455591408,10699082922240
9977474098408,10699128925789
9977492605408,10699171365442
9977511113408,10699210903438
9977529619408,10699249554304
9977548126408,10699286179953
9977566633408,10699320356296
9977585141408,10699354148910
9977603646408,10699385983483
9977622153408,10699417518076
9977640659408,10699451555028
9977659168408,10699488545571
9977677673408,10699531329281
9977696182408,10699571424024
9977714687408,10699611761690
9977733196408,10699651947517
9977751702408,10699687578846
9977770210408,10699725132739
9977788719408,10699763106304
9977807222408,10699797474748
9977825730408,10699832770265
9977844239408,10699870235247
9977862744408,10699902358565
9977881251408,10699938778969
9977899759408,10699983824238
9977918267408,10700030543132
9977936773408,10700065957630
9977955280408,10700105438626
9977973786408,10700145117711
9977992292408,10700187744341
9978010799408,10700223843235
9978029308408,10700271582465
9978047814408,10700323458552
9978066321408,10700374672990
9978084828408,10700424826152
9978103336408,10700472073742
9978121843408,10700524778755
9978140351408,10700575622074
9978158856408,10700621447241
9978177363408,10700661237335
9978195869408,10700710446935
9978214376408,10700757068376
9978232884408,10700801072904
9978251392408,10700850969000
9978269899408,10700894765235
9978288405408,10700943440618
9978306911408,10700993402332
9978325419408,10701040938213
9978343926408,10701096123009
9978362433408,10701149022528
9978380938408,10701196883741
9978399447408,10701242089898
9978417952408,10701285405107
9978436461408,10701332722490
9978454968408,10701376843012
9978473476408,10701421827164
9978491985408,10701479918788
9978510488408,10701545039841
9978528995408,10701601928042
9978547503408,10701656217194
9978566010408,10701704054902
9978584517408,10701750864830
9978603024408,10701797363269
9978621532408,10701849360175
9978640037408,10701902539413
9978658544408,10701955238910
9978677051408,10702001146668
9978695558408,10702056083159
9978714064408,10702111303067
9978732571408,10702174716965
9978751086408,10702244536319
9978769586408,10702298170032
9978788099408,10702364492273
9978806601408,10702421819545
9978825109408,10702484356398
9978862120408,10702548844768
9978880628408,10702616551446
9978899134408,10702662903441
9978917641408,10702714375044
9978936149408,10702779793332
9978954656408,10702835498678
9978973165408,10702892844048
9978991670408,10702950977671
9979010177408,10703013231311
9979028685408,10703080822715
9979047189408,10703136994698
9979065696408,10703191947202
9979121218408,10703257387339
9979139725408,10703330666209
9979158234408,10703395023977
9979176740408,10703461307345
9979195245408,10703520121587
9979213752408,10703591469324
9979232260408,10703651083231
9979250768408,10703709439545
9979269273408,10703769593600
9979287780408,10703848999341
9979306288408,10703913908113
9979324796408,10703977455445
9979343301408,10704046605910
9979361808408,10704117681044
9979380315408,10704178611079
9979398822408,10704246949055
9979417329408,10704312633901
9979435837408,10704378702720
9979454343408,10704448640272
9979472849408,10704529029306
9979491357408,10704594319053
9979509864408,10704649873620
9979528373408,10704713916767
9979546877408,10704785279101
9979565385408,10704859045438
9979583893408,10704925877743
9979602400408,10704991174578
9979620905408,10705069964912
9979639414408,10705132212655
9979657921408,10705199656459
9979676429408,10705273259295
9979694934408,10705339919093
9979713442408,10705402523156
9979731949408,10705477283613
9979750455408,10705549648674
9979768960408,10705619809114
9979787468408,10705687802299
9979805975408,10705744293423
9979824482408,10705797129822
9979842989408,10705848644172
9979861498408,10705904728153
9979880005408,10705958042771
9979898510408,10706007798876
9979917017408,10706057761494
9979935524408,10706113501893
9979954031408,10706160439038
9979972539408,10706208480752
9979991045408,10706236612750
9980009554408,10706257270331
9980028059408,10706273159067
9980046566408,10706293038864
9980065073408,10706311659890
9980083581408,10706336341011
9980102086408,10706371244364
9980120594408,10706410082619
9980139100408,10706453192915
9980157608408,10706484769713
9980176115408,10706538286014
9980194623408,10706586457377
9980213132408,10706632420569
9980231637408,10706675848792
9980250144408,10706711685520
9980268650408,10706756669963
9980287157408,10706798105580
9980305664408,10706852543874
9980324171408,10706904050073
9980342679408,10706946633006
9980361187408,10706990843576
9980379691408,10707035450127
9980398199408,10707078421559
9980416705408,10707118600706
9980435214408,10707156036582
9980453718408,10707199276733
9980472226408,10707241418608
9980490732408,10707283668664
9980509241408,10707325073949
9980527750408,10707369409398
9980546256408,10707412745092
9980564765408,10707451801623
9980583270408,10707490450106
9980601775408,10707533347516
9980620282408,10707575743809
9980638789408,10707616210120
9980657296408,10707660807078
9980675803408,10707707038944
9980694312408,10707749906342
9980712819408,10707788021117
9980731324408,10707836603336
9980749831408,10707890579400
9980768339408,10707936483563
9980786845408,10707982344398
9980805352408,10708028864819
9980823858408,10708075584494
9980842365408,10708119084501
9980860874408,10708155484186
9980879380408,10708193032414
9980897888408,10708235202992
9980916397408,10708279678413
9980934901408,10708323205937
9980953408408,10708364869953
9980971914408,10708405830819
9980990422408,10708446269368
9981008928408,10708487371612
9981027437408,10708532041883
9981045945408,10708579430828
9981064452408,10708627399917
9981082957408,10708675724226
9981101465408,10708719569478
9981119971408,10708761167559
9981138477408,10708805962882
9981156985408,10708855570930
9981175491408,10708904296632
9981193997408,10708950406649
9981212506408,10709010594726
9981231012408,10709062112625
9981249521408,10709112878633
9981268030408,10709165739771
9981286533408,10709217652318
9981305040408,10709273584470
9981323547408,10709325939098
9981342055408,10709380091934
9981360562408,10709446085294
9981379070408,10709515754089
9981397577408,10709585690947
9981416082408,10709643991682
9981434590408,10709697130857
9981453096408,10709758946039
9981471603408,10709830600475
9981490109408,10709890169206
9981508617408,10709951322576
9981527123408,10710009512651
9981545631408,10710059629541
9981564143408,10710104295761
9981582646408,10710159106257
9981601154408,10710206733618
9981619662408,10710254425497
9981638166408,10710302569617
9981656674408,10710352418870
9981675180408,10710401124385
9981693687408,10710447598711
9981712194408,10710497339247
9981730703408,10710548127908
9981749211408,10710603820177
9981767716408,10710655113233
9981786222408,10710715123805
9981804728408,10710766715114
9981823236408,10710821768372
9981841742408,10710872806050
9981860250408,10710929633150
9981878756408,10710976453151
9981897263408,10711020740276
9981915770408,10711059467787
9981934280408,10711101213420
9981952787408,10711141410759
9981971294408,10711182794166
9981989798408,10711231963068
9982008306408,10711279036274
9982026812408,10711322200049
9982045320408,10711365566959
9982063826408,10711409799533
9982082335408,10711450627366
9982100844408,10711502243150
9982119347408,10711557372705
9982137854408,10711602939118
9982156362408,10711644847340
9982174868408,10711689298134
9982193375408,10711736127728
9982211883408,10711777292689
9982230389408,10711822287363
9982248895408,10711861346384
9982267404408,10711902313695
9982304420408,10711937489322
9982322924408,10711977969064
9982341431408,10712009085465
9982359937408,10712044060869
9982378445408,10712084311343
9982396952408,10712120613985
9982415459408,10712157353934
9982433968408,10712194986266
9982452475408,10712230561425
9982470979408,10712266826540
9982489487408,10712309964465
9982507993408,10712346900277
9982526501408,10712383571207
9982545008408,10712425398361
9982563515408,10712466902159
9982582020408,10712502845184
9982600529408,10712542035328
9982619036408,10712584098437
9982637546408,10712626903851
9982656051408,10712667568795
9982674557408,10712700162029
9982693064408,10712741754738
9982711572408,10712790992588
9982730077408,10712832431121
9982748586408,10712870266121
9982767092408,10712913501513
9982785600408,10712957127413
9982804109408,10713002305963
9982822612408,10713048669635
9982841119408,10713102861484
9982859627408,10713150495044
9982878133408,10713197598016
9982896641408,10713248347131
9982915148408,10713287504798
9982933654408,10713338921628
9982952160408,10713389188639
9982970669408,10713434857419
9982989181408,10713474561865
9983007684408,10713512445575
9983026189408,10713551672275
9983044697408,10713598356029
9983063203408,10713643998076
9983081710408,10713688920848
9983100218408,10713734452611
9983118725408,10713786538647
9983137233408,10713845137933
9983155738408,10713900437557
9983174245408,10713946278119
9983192752408,10713985780192
9983211259408,10714031676474
9983229765408,10714082344590
9983248274408,10714133572764
9983266781408,10714181978234
9983285286408,10714224838559
9983303793408,10714267236570
9983322301408,10714321219819
9983340809408,10714369285598
9983359315408,10714417346336
9983377823408,10714468133046
9983396329408,10714522232540
9983414835408,10714574369501
9983433344408,10714623777092
9983451849408,10714678760096
9983470358408,10714732063133
9983488865408,10714780875410
9983507371408,10714833311710
9983525877408,10714885047650
9983544385408,10714938343461
9983562892408,10714986433530
9983581400408,10715025283302
9983599906408,10715069668651
9983618414408,10715112423598
9983636919408,10715159356650
9983655426408,10715199662183
9983673934408,10715241812943
9983692443408,10715285296143
9983710947408,10715327248118
9983729455408,10715379025668
9983747963408,10715431490022
9983766469408,10715481294815
9983784976408,10715533728536
9983803487408,10715584552432
9983821990408,10715636027869
9983840500408,10715680926888
9983859002408,10715730105126
9983877510408,10715780377205
9983896016408,10715830593081
9983914524408,10715874862439
9983933031408,10715920614620
9983951540408,10715966925902
9983970047408,10716026155234
9983988552408,10716080442901
9984007058408,10716137753437
9984025568408,10716190770876
9984044075408,10716241939975
9984062580408,10716288773525
9984081087408,10716332425947
9984099595408,10716383301306
9984155115408,10716438501589
9984173623408,10716493273774
9984192132408,10716552720663
9984210635408,10716609159814
9984229142408,10716674961562
9984247649408,10716725768568
9984266156408,10716785431298
9984284664408,10716839868961
9984303170408,10716885837561
9984321679408,10716932149017
9984340185408,10716991389758
9984358691408,10717047491823
9984377204408,10717106850902
9984395709408,10717169074475
9984414212408,10717229532050
9984432721408,10717294663390
9984451226408,10717352719654
9984469733408,10717415519353
9984488240408,10717481737802
9984506749408,10717540300133
9984525256408,10717604183344
9984543761408,10717666065058
9984562269408,10717731137380
9984580775408,10717797224605
9984599282408,10717852304804
9984617790408,10717909925367
9984636296408,10717968175365
9984654803408,10718018932945
9984673312408,10718080027348
9984691816408,10718146641951
9984710323408,10718199327609
9984728833408,10718256468509
9984747340408,10718320146203
9984765845408,10718383977585
9984784352408,10718439110367
9984802859408,10718494906625
9984821366408,10718552989524
9984839872408,10718610225103
9984858380408,10718666899001
9984876888408,10718732767635
9984895393408,10718798266341
9984913900408,10718855454369
9984932407408,10718909312681
9984950914408,10718962433547
9984969422408,10719011204046
9984987928408,10719056630701
9985006436408,10719107540140
9985024944408,10719173397786
9985043449408,10719226292389
9985061955408,10719282435857
9985080466408,10719343631818
9985098970408,10719402106791
9985117478408,10719468093740
9985135984408,10719522818387
9985154491408,10719583784446
9985172997408,10719641734635
9985191505408,10719700839336
9985210013408,10719766104142
9985228521408,10719827640737
9985247025408,10719892448450
9985265533408,10719951419510
9985284041408,10720012161251
9985302547408,10720074400007
9985321053408,10720132376257
9985339561408,10720198867322
9985358069408,10720269137594
9985376577408,10720322161012
9985395081408,10720379796407
9985413588408,10720437826362
9985432097408,10720503096059
9985450604408,10720563097557
9985469109408,10720616086013
9985487616408,10720675026716
9985506123408,10720730773629
9985524631408,10720793777177
9985543137408,10720848164982
9985561646408,10720908429080
9985580154408,10720966757084
9985598658408,10721025184672
9985617166408,10721090607882
9985635673408,10721144610994
9985654179408,10721203827083
9985672687408,10721256709035
9985691193408,10721312196798
9985709702408,10721378412986
9985728209408,10721444494167
9985746714408,10721501340853
9985765220408,10721556328448
9985783732408,10721621848684
9985802237408,10721676220021
9985820742408,10721740886012
9985839249408,10721800442105
9985857756408,10721858203275
9985876263408,10721926801848
9985894771408,10721988312152
9985913279408,10722045808631
9985931787408,10722106743589
9985950292408,10722165101488
9985968800408,10722223734675
9985987305408,10722290132304
9986005812408,10722357180435
9986024319408,10722424212043
9986042827408,10722491853594
9986061336408,10722544891180
9986079839408,10722610575292
9986098347408,10722671155372
9986116854408,10722723174971
9986135363408,10722777808094
9986153868408,10722838300318
9986172375408,10722888551050
9986190881408,10722953943545
9986209389408,10723024135510
9986227897408,10723082777206
9986246404408,10723152138064
9986264911408,10723214738758
9986283418408,10723272023410
9986301924408,10723325190234
9986320430408,10723378468367
9986338937408,10723447706498
9986357444408,10723516938435
9986375951408,10723579144891
9986394460408,10723637861559
9986412967408,10723697139844
9986431472408,10723751203222
9986449980408,10723808453342
9986468486408,10723874400112
9986486992408,10723928573411
9986505501408,10723987422024
9986524007408,10724052065267
9986542514408,10724110665105
9986561021408,10724171069791
9986579529408,10724232348798
9986598037408,10724291795897
9986616546408,10724354099673
9986635050408,10724414429556
9986653556408,10724475278632
9986672063408,10724538996436
9986690570408,10724596241149
9986709076408,10724653983210
9986727584408,10724710322739
9986746093408,10724772469888
9986764600408,10724836610968
9986783105408,10724903102394
9986801611408,10724966740842
9986820117408,10725035042799
9986838625408,10725099431111
9986857133408,10725157847475
9986875640408,10725216162106
9986894147408,10725278370811
9986912654408,10725342059770
9986931161408,10725409609252
9986949669408,10725475674317
9986968177408,10725534731773
9986986681408,10725590169568
9987005188408,10725645699181
9987023695408,10725713236550
9987042202408,10725767020039
9987060709408,10725817039173
9987079217408,10725869708222
9987097726408,10725930798136
9987116234408,10725990334387
9987134738408,10726036027590
9987153244408,10726095366031
9987171751408,10726161644365
9987190264408,10726232047632
9987208765408,10726302753829
9987227272408,10726363210981
9987245780408,10726421928031
9987264286408,10726481128667
9987282795408,10726548145919
9987301302408,10726606593000
9987319810408,10726673415272
9987338314408,10726737696998
9987356821408,10726795562664
9987375328408,10726856600454
9987393835408,10726909820064
9987412343408,10726974729410
9987430851408,10727037742949
9987449358408,10727098846876
9987467866408,10727166363320
9987486370408,10727235683662
9987504876408,10727295531109
9987523384408,10727359852310
9987541891408,10727415613696
9987560398408,10727476083042
9987578905408,10727533916523
9987597413408,10727589747003
9987615919408,10727657892240
9987634428408,10727719343754
9987652934408,10727779776340
9987671442408,10727841550831
9987689948408,10727899711646
9987708455408,10727963636869
9987726960408,10728026123750
9987745468408,10728083029764
9987763975408,10728135494455
9987782484408,10728202006970
9987800991408,10728260157708
9987819496408,10728327434246
9987838003408,10728382409163
9987856511408,10728437454972
9987875017408,10728502123772
9987893524408,10728558976449
9987912031408,10728615334999
9987930538408,10728673490811
9987949046408,10728737786061
9987967552408,10728793752944
9987986059408,10728849968707
9988004568408,10728901704411
9988023072408,10728959491322
9988041580408,10729023717471
9988060087408,10729085267978
9988078595408,10729148739684
9988097100408,10729209831069
9988115609408,10729264782993
9988134116408,10729315462207
9988152624408,10729366734269
9988171129408,10729420593084
9988189636408,10729477108036
9988208142408,10729535918753
9988226649408,10729594986553
9988245156408,10729652868221
9988263663408,10729707210991
9988282172408,10729774091568
9988300678408,10729834382962
9988319184408,10729894420234
9988337692408,10729966192279
9988356200408,10730026226249
9988374707408,10730083663465
9988393211408,10730149308018
9988411720408,10730214643730
9988430226408,10730269804230
9988448734408,10730324079210
9988467242408,10730382189224
9988485749408,10730435929085
9988504257408,10730494683115
9988522761408,10730552312055
9988541268408,10730610094542
9988559775408,10730666890310
9988578281408,10730721002549
9988596790408,10730779521102
9988615300408,10730833314403
9988633805408,10730890270602
9988652309408,10730950566176
9988670818408,10731010097840
9988689325408,10731068857807
9988707834408,10731123394894
9988726337408,10731182045084
9988744845408,10731234090079
9988763352408,10731294894367
9988781858408,10731360726396
9988800366408,10731426231730
9988818873408,10731495903931
9988837381408,10731557657968
9988855889408,10731626550275
9988874394408,10731684147695
9988892900408,10731738210903
9988911407408,10731802862138
9988929913408,10731860227221
9988948421408,10731922054880
9988966928408,10731976884324
9988985435408,10732029168831
9989003942408,10732098038348
9989022451408,10732165751131
9989040958408,10732235026353
9989059466408,10732296339574
9989077970408,10732358251148
9989096477408,10732414475695
9989114984408,10732471708254
9989133491408,10732538307285
9989151997408,10732592080931
9989170506408,10732650075665
9989189013408,10732709919970
9989207519408,10732769979498
