#t_ns,in_ts
9901891573408,18012082360761
9901910079408,18012106628823
9901928586408,18012119519277
9901947094408,18012138881868
9901965601408,18012158472418
9901984107408,18012178766597
9902002614408,18012194621361
9902021121408,18012211697157
9902039629408,18012229860848
9902058135408,18012242531351
9902076642408,18012255059242
9902095151408,18012270826276
9902113658408,18012284169366
9902132163408,18012308462212
9902150671408,18012329247429
9902169177408,18012343206263
9902187684408,18012355406281
9902206191408,18012373014277
9902224698408,18012385570458
9902243205408,18012397832997
9902261712408,18012412244571
9902280218408,18012422202541
9902298728408,18012434686624
9902317235408,18012446800820
9902335740408,18012462244993
9902354247408,18012472860212
9902372755408,18012485026857
9902391261408,18012497497859
9902409768408,18012509760628
9902428276408,18012527615310
9902446784408,18012538344067
9902465290408,18012550073980
9902483797408,18012560890413
9902502302408,18012571518562
9902520809408,18012581945473
9902539316408,18012594183986
9902557825408,18012608239990
9902576333408,18012619821790
9902594840408,18012630991064
9902613345408,18012642223322
9902631852408,18012654666120
9902650365408,18012666262693
9902668868408,18012683731846
9902687372408,18012696197190
9902705880408,18012708418053
9902724386408,18012724762218
9902742894408,18012738702179
9902761402408,18012750214252
9902779909408,18012762158082
9902798416408,18012775481251
9902816924408,18012789873870
9902835429408,18012800640005
9902853936408,18012812584565
9902872443408,18012824440216
9902890949408,18012837492081
9902909457408,18012848829599
9902927966408,18012860371333
9902946473408,18012872367838
9902964977408,18012889027988
9902983488408,18012901775423
9903001994408,18012915151606
9903020501408,18012927175339
9903039005408,18012940513477
9903057513408,18012953765943
9903076019408,18012967257791
9903094527408,18012979719997
9903113035408,18012991347150
9903131541408,18013002963261
9903150049408,18013016524366
9903168555408,18013034808698
9903187062408,18013046366564
9903205568408,18013059410232
9903224075408,18013072545657
9903242582408,18013085417789
9903261091408,18013098776400
9903279598408,18013110679272
9903298105408,18013121730566
9903316610408,18013135255857
9903335116408,18013150127266
9903353627408,18013168357561
9903372132408,18013182207709
9903390640408,18013196620021
9903409145408,18013208788371
9903427653408,18013222202052
9903446160408,18013233390321
9903464667408,18013247364460
9903483174408,18013259674037
9903501682408,18013272056483
9903520188408,18013283168699
9903538695408,18013294247305
9903557202408,18013306778392
9903575708408,18013317558081
9903594216408,18013331869472
9903612723408,18013345402465
9903631230408,18013358528617
9903649739408,18013371543398
9903668242408,18013384617612
9903686750408,18013398251752
9903705259408,18013410262278
9903723765408,18013426168818
9903742271408,18013438448212
9903760779408,18013450882207
9903779286408,18013463473214
9903797793408,18013475394499
9903816300408,18013487569482
9903834808408,18013499274932
9903853316408,18013514788012
9903871820408,18013529280652
9903890327408,18013542026476
9903908834408,18013554672280
9903927342408,18013568837782
9903945850408,18013583742586
9903964355408,18013596789103
9903982865408,18013611614079
9904001371408,18013625515887
9904019876408,18013640154580
9904038382408,18013655447036
9904056893408,18013669483024
9904075403408,18013684215576
9904093905408,18013697894193
9904112412408,18013713455159
9904130918408,18013727294647
9904149425408,18013740745356
9904167933408,18013755545807
9904186441408,18013768714552
9904204949408,18013782486693
9904223454408,18013795925234
9904241962408,18013812935529
9904260467408,18013827788977
9904278975408,18013840754178
9904297482408,18013853919419
9904315989408,18013867495987
9904334497408,18013880358590
9904353002408,18013894299306
9904371508408,18013909402494
9904390015408,18013924748300
9904408525408,18013940294529
9904427030408,18013956150297
9904445538408,18013971369043
9904464044408,18013984251521
9904482552408,18013997863587
9904501059408,18014011874797
9904519567408,18014026423033
9904538073408,18014040656156
9904556579408,18014054515208
9904575087408,18014067521149
9904593594408,18014079922097
9904612101408,18014093702415
9904630607408,18014109125906
9904649115408,18014124135338
9904667622408,18014137122273
9904686130408,18014151427965
9904704635408,18014164705384
9904723141408,18014178301068
9904741648408,18014191115480
9904760156408,18014206367056
9904778665408,18014220486564
9904797169408,18014234055032
9904815677408,18014247446708
9904834186408,18014260826153
9904852691408,18014273783659
9904871198408,18014287471809
9904889707408,18014303864760
9904908212408,18014317445481
9904926719408,18014332241599
9904945226408,18014346560528
9904963734408,18014358822487
9904982240408,18014372926884
9905000747408,18014385918367
9905019255408,18014400680999
9905037765408,18014414625054
9905056268408,18014427834676
9905074774408,18014440881284
9905093282408,18014452391742
9905111789408,18014464984623
9905130295408,18014477838845
9905148804408,18014494115993
9905167310408,18014506687798
9905185817408,18014520200587
9905204325408,18014532367245
9905222833408,18014545616396
9905241340408,18014557825359
9905259846408,18014570118385
9905278352408,18014582326535
9905296860408,18014593954213
9905315365408,18014605467025
9905333873408,18014617946687
9905352380408,18014629254214
9905370889408,18014640520970
9905389394408,18014653044957
9905407901408,18014664622236
9905426406408,18014675928713
9905444915408,18014688592515
9905463430408,18014700134637
9905481931408,18014711358183
9905500452408,18014722886150
9905518944408,18014735545351
9905537450408,18014749197055
9905555957408,18014761185688
9905574465408,18014772256190
9905592972408,18014783566433
9905611482408,18014795469386
9905629984408,18014807099116
9905648491408,18014818580844
9905666999408,18014832908864
9905685506408,18014847814303
9905704013408,18014861280093
9905722522408,18014875645219
9905741026408,18014888638974
9905759534408,18014903019135
9905778041408,18014916309225
9905796548408,18014931198913
9905815054408,18014944783109
9905833561408,18014958500141
9905852070408,18014973134159
9905870577408,18014986510762
9905889083408,18015000095179
9905907591408,18015014749744
9905926100408,18015028208872
9905944604408,18015040797667
9905963112408,18015053793267
9905981617408,18015064651770
9906000125408,18015075898517
9906018632408,18015088478581
9906037138408,18015100949092
9906055646408,18015114875426
9906074155408,18015129375359
9906092661408,18015141760500
9906111166408,18015156047907
9906129672408,18015169555770
9906148181408,18015181940963
9906166687408,18015194795814
9906185194408,18015209925762
9906203702408,18015222687337
9906222208408,18015236172087
9906240716408,18015248406221
9906259224408,18015259900239
9906277732408,18015271642036
9906296236408,18015283315450
9906314743408,18015298112603
9906333251408,18015313253493
9906351757408,18015327677413
9906370265408,18015342102725
9906388772408,18015355770720
9906407280408,18015369582470
9906425787408,18015383469895
9906444293408,18015399348062
9906462800408,18015415825559
9906481306408,18015432847983
9906499813408,18015447678926
9906518319408,18015462967714
9906536829408,18015477491764
9906555333408,18015490007660
9906573843408,18015503642116
9906592348408,18015516996795
9906610857408,18015530127594
9906629364408,18015542556441
9906647869408,18015555706659
9906666376408,18015568616031
9906684884408,18015580012086
9906703392408,18015593782617
9906721897408,18015606007273
9906740405408,18015616779526
9906758913408,18015630137368
9906777418408,18015642218758
9906795925408,18015653804267
9906814432408,18015665167915
9906832939408,18015678846619
9906851447408,18015692122315
9906869954408,18015704127602
9906888468408,18015716359212
9906906967408,18015727354752
9906925474408,18015739953983
9906943982408,18015751846991
9906962490408,18015766261567
9906980996408,18015780121027
9906999503408,18015793997871
9907018009408,18015806995972
9907036516408,18015821785488
9907055022408,18015834390435
9907073531408,18015846943946
9907092038408,18015861862808
9907110546408,18015874920777
9907129051408,18015887866930
9907147558408,18015900106772
9907166066408,18015913071984
9907184571408,18015927664169
9907203079408,18015940322175
9907221585408,18015955185807
9907240093408,18015967799948
9907258601408,18015981305007
9907277106408,18015997304232
9907295615408,18016009588356
9907314123408,18016022173979
9907332629408,18016033342708
9907351135408,18016047047515
9907369644408,18016059977469
9907388149408,18016073795073
9907406656408,18016086607710
9907425163408,18016099042685
9907443672408,18016111717115
9907462179408,18016124434934
9907480684408,18016139053189
9907499191408,18016153879834
9907517698408,18016166684494
9907536206408,18016179863555
9907554712408,18016193651394
9907573217408,18016205807584
9907591726408,18016219566591
9907610233408,18016235161042
9907628740408,18016250787496
9907647249408,18016264215772
9907665756408,18016277059151
9907684262408,18016291972238
9907702769408,18016304805678
9907721274408,18016319248623
9907739783408,18016335635074
9907758288408,18016350646566
9907776797408,18016364806479
9907795305408,18016378632490
9907813813408,18016394524620
9907832316408,18016407558757
9907850824408,18016422287793
9907869331408,18016438475279
9907887837408,18016454080867
9907906343408,18016468416383
9907924852408,18016482699275
9907943360408,18016495368010
9907961865408,18016507894363
9907980373408,18016522484649
9907998881408,18016537375350
9908017388408,18016552092911
9908035895408,18016564906282
9908054399408,18016578038912
9908072909408,18016589815199
9908091414408,18016602887056
9908109922408,18016616780074
9908128431408,18016633076947
9908146939408,18016645049622
9908165442408,18016656182561
9908183950408,18016670912332
9908202457408,18016682924675
9908220963408,18016695016931
9908239470408,18016707205628
9908257977408,18016721643137
9908276483408,18016734210254
9908294992408,18016748793804
9908313504408,18016761881103
9908332007408,18016774874256
9908350514408,18016785450177
9908369020408,18016796351718
9908387526408,18016809454649
9908406034408,18016820623530
9908424542408,18016832690078
9908443048408,18016844865975
9908461554408,18016856813659
9908480062408,18016867385259
9908498572408,18016879271313
9908517075408,18016892731145
9908535583408,18016905133205
9908554090408,18016916513791
9908572596408,18016929525926
9908591102408,18016943543729
9908609611408,18016955842121
9908628116408,18016968423402
9908646624408,18016980885683
9908665131408,18016994605271
9908683639408,18017008149746
9908702148408,18017020487379
9908720653408,18017033915486
9908739159408,18017046261867
9908757667408,18017058755183
9908776173408,18017072952051
9908794681408,18017084971083
9908813188408,18017098082761
9908831696408,18017112124949
9908850203408,18017126650787
9908868709408,18017139531692
9908887217408,18017151448237
9908905722408,18017164129304
9908924229408,18017176459459
9908942736408,18017188940048
9908961245408,18017203323205
9908979749408,18017214374725
9908998258408,18017226971178
9909016765408,18017238941133
9909035273408,18017251999651
9909053780408,18017266227321
9909072285408,18017279637273
9909090792408,18017293277500
9909109299408,18017305892008
9909127806408,18017319265039
9909146313408,18017331266468
9909164822408,18017345316298
9909183372408,18017358264925
9909201837408,18017371568026
9909220343408,18017385078480
9909238849408,18017398280782
9909257354408,18017410495437
9909275862408,18017423381713
9909294370408,18017435784868
9909312876408,18017448557384
9909331382408,18017461110701
9909349891408,18017473219124
9909368399408,18017485368064
9909386906408,18017498164268
9909405413408,18017510704827
9909423919408,18017523960823
9909442425408,18017537590228
9909460932408,18017549272941
9909479439408,18017561060457
9909497949408,18017573500191
9909516454408,18017584979682
9909534962408,18017596861636
9909553468408,18017609057735
9909571974408,18017620536017
9909590480408,18017632991926
9909608988408,18017644756306
9909627496408,18017655924450
9909646002408,18017666737323
9909664509408,18017677379964
9909683016408,18017689408707
9909701533408,18017702024388
9909720034408,18017714357607
9909738539408,18017736931899
9909757043408,18017752285056
9909775551408,18017763515211
9909794058408,18017775554434
9909812564408,18017788146122
9909831073408,18017799035308
9909849578408,18017810642470
9909868087408,18017821336589
9909886601408,18017833549991
9909905101408,18017843735139
9909923607408,18017855421241
9909942114408,18017867294908
9909960621408,18017879249377
9909979127408,18017890988538
9909997636408,18017903101645
9910016141408,18017913782051
9910034649408,18017923875630
9910053156408,18017935450353
9910071665408,18017946797776
9910090171408,18017958694905
9910108677408,18017970514885
9910127183408,18017981954586
9910145691408,18017993794202
9910164198408,18018005140639
9910182705408,18018015377165
9910238227408,18018028145482
9910256733408,18018039854873
9910275239408,18018051446422
9910293748408,18018063371310
9910312254408,18018074086828
9910330761408,18018086426643
9910349268408,18018097022389
9910367774408,18018109473759
9910386282408,18018122084412
9910404789408,18018135232901
9910423296408,18018148160797
9910441806408,18018159813905
9910460309408,18018170787245
9910478817408,18018182376922
9910497324408,18018195302685
9910515830408,18018206797454
9910534338408,18018220126239
9910552846408,18018231902782
9910571355408,18018245224836
9910589862408,18018259573293
9910608367408,18018272790163
9910626873408,18018286114293
9910645379408,18018299564744
9910663888408,18018312620474
9910682394408,18018327297190
9910700902408,18018342257599
9910719407408,18018355529823
9910737915408,18018370381816
9910756422408,18018384342516
9910774930408,18018397586567
9910793439408,18018410475340
9910811944408,18018422781605
9910830449408,18018435942701
9910848957408,18018449356538
9910867463408,18018461866646
9910885971408,18018475895624
9910904478408,18018489381833
9910922987408,18018504257775
9910941491408,18018516501098
9910960000408,18018531659680
9910978507408,18018546506531
9910997012408,18018558677119
9911015520408,18018570898991
9911034026408,18018586702845
9911052535408,18018600910536
9911071040408,18018615085168
9911089546408,18018627357116
9911108057408,18018640601462
9911126568408,18018655358983
9911145069408,18018670341744
9911163576408,18018685325599
9911182082408,18018700167423
9911200590408,18018714516555
9911219096408,18018727409082
9911237603408,18018742124478
9911256113408,18018756416742
9911274620408,18018771711237
9911293129408,18018784346187
9911311631408,18018797946337
9911330138408,18018813713605
9911348646408,18018829382466
9911367152408,18018845053895
9911385659408,18018860410590
9911404168408,18018875643855
9911422673408,18018887439700
9911441180408,18018897896547
9911459688408,18018909012555
9911478196408,18018919644658
9911496702408,18018929384375
9911515209408,18018940881013
9911533715408,18018952091660
9911552222408,18018962232202
9911570729408,18018973654997
9911589236408,18018984327550
9911607744408,18018996238468
9911626252408,18019007211622
9911644760408,18019019337623
9911663264408,18019031777623
9911681771408,18019042670275
9911700278408,18019054403454
9911718785408,18019066591939
9911737292408,18019078670767
9911755800408,18019090699737
9911774305408,18019102848967
9911792812408,18019117845586
9911811322408,18019130764221
9911829830408,18019144241926
9911848335408,18019157622352
9911866841408,18019171722788
9911885347408,18019185284253
9911903855408,18019198271122
9911922361408,18019213869679
9911940869408,18019229625419
9911959377408,18019243891410
9911977886408,18019258599570
9911996390408,18019274747530
9912014897408,18019289135825
9912033404408,18019303835651
9912051911408,18019319278696
9912070417408,18019333112490
9912088925408,18019345836890
9912107433408,18019360202711
9912125939408,18019374606517
9912144445408,18019389865475
9912162954408,18019403358212
9912181462408,18019418143016
9912199968408,18019431689702
9912218474408,18019445481776
9912236981408,18019459775256
9912255488408,18019474454913
9912273995408,18019489856770
9912292502408,18019504096984
9912311012408,18019519339827
9912329516408,18019533493185
9912348024408,18019545481877
9912366530408,18019561701756
9912385038408,18019575174897
9912403544408,18019588777088
9912422051408,18019605305688
9912440560408,18019618878047
9912459066408,18019632772719
9912477571408,18019645193314
9912496080408,18019660201917
9912514592408,18019673267334
9912533096408,18019686469279
9912551600408,18019698723316
9912570106408,18019715397231
9912588613408,18019728221394
9912607121408,18019742673025
9912625627408,18019760504769
9912644136408,18019772966625
9912662643408,18019788116573
9912681149408,18019800331398
9912699656408,18019816906612
9912718162408,18019830526148
9912736670408,18019844721693
9912755176408,18019859111545
9912773684408,18019871806439
9912792192408,18019885650903
9912810699408,18019900279413
9912829204408,18019914464058
9912847711408,18019928116438
9912866220408,18019945072621
9912884725408,18019960960165
9912903232408,18019973459917
9912921740408,18019986945215
9912940246408,18020002817950
9912958753408,18020021278104
9912977260408,18020036597355
9912995768408,18020051798240
9913014277408,18020067362136
9913032782408,18020080265868
9913051289408,18020094512447
9913069797408,18020107402008
9913088303408,18020127137450
9913106809408,18020143130737
9913125317408,18020158979649
9913143825408,18020175468298
9913162333408,18020188624347
9913180837408,18020202227176
9913199343408,18020216983949
9913217854408,18020233716331
9913236359408,18020249756999
9913254865408,18020263394002
9913273372408,18020276432474
9913291880408,18020289452933
9913310390408,18020304328422
9913328894408,18020319853229
9913347402408,18020335628434
9913365910408,18020348720822
9913384415408,18020366304779
9913402921408,18020380039336
9913421428408,18020393811304
9913439938408,18020406066904
9913458443408,18020421420959
9913476951408,18020437655880
9913495457408,18020452860679
9913513963408,18020468643032
9913532469408,18020481119391
9913550977408,18020495075145
9913569487408,18020507524400
9913587993408,18020522756351
9913606498408,18020539800670
9913625006408,18020553044550
9913643513408,18020567148825
9913662020408,18020581840080
9913680527408,18020595197690
9913699036408,18020608409306
9913717540408,18020623265028
9913736047408,18020637602808
9913754554408,18020649864922
9913773062408,18020667151179
9913791568408,18020682429809
9913810075408,18020695322603
9913828583408,18020706969385
9913847092408,18020722428320
9913865596408,18020740368553
9913884105408,18020755204901
9913902610408,18020768632106
9913921117408,18020782858502
9913939634408,18020794272572
9913958132408,18020806681916
9913976640408,18020821497004
9913995145408,18020839268902
9914013651408,18020855653543
9914032160408,18020871538684
9914050667408,18020886349287
9914069175408,18020900508934
9914087679408,18020915576445
9914106187408,18020929481595
9914124694408,18020945205381
9914143200408,18020958841244
9914161708408,18020973213395
9914180217408,18020986602698
9914198724408,18020998297171
9914217230408,18021012594356
9914235736408,18021027091976
9914254242408,18021041230717
9914272749408,18021054416860
9914291256408,18021069507813
9914309764408,18021084492539
9914328270408,18021099850716
9914346778408,18021113319179
9914365284408,18021126290460
9914383793408,18021140223398
9914402302408,18021156166825
9914420805408,18021169451029
9914439312408,18021183039574
9914457820408,18021194241221
9914476327408,18021205435571
9914494833408,18021216855496
9914513341408,18021233638217
9914531849408,18021244430431
9914550357408,18021255914246
9914568863408,18021270856369
9914587367408,18021281571124
9914605875408,18021296172377
9914624383408,18021307048055
9914642889408,18021322382425
9914661396408,18021334046395
9914679904408,18021347006607
9914698412408,18021361235893
9914716918408,18021373645602
9914735426408,18021389577442
9914753934408,18021401346034
9914772438408,18021417889217
9914790945408,18021431531720
9914809452408,18021445946188
9914827959408,18021461474145
9914846466408,18021474409941
9914864975408,18021488732049
9914883488408,18021501068775
9914901988408,18021514397730
9914920495408,18021529802947
9914939000408,18021542663440
9914957507408,18021554920924
9914976015408,18021569394952
9914994522408,18021582187845
9915013029408,18021594745130
9915031537408,18021611670667
9915050044408,18021623042275
9915068551408,18021636007238
9915087058408,18021649014398
9915105565408,18021664446667
9915124073408,18021675913574
9915142578408,18021690419971
9915161087408,18021705443761
9915179593408,18021717203132
9915198099408,18021732570155
9915216608408,18021744054603
9915235116408,18021755082598
9915253619408,18021770088247
9915272128408,18021785584416
9915290633408,18021797963250
9915309140408,18021809560431
9915327657408,18021826635175
9915346156408,18021838170133
9915364663408,18021852108847
9915383171408,18021867935225
9915401677408,18021880417317
9915420185408,18021893674759
9915438693408,18021905048695
9915457199408,18021921021780
9915475704408,18021934262727
9915494212408,18021945667546
9915512718408,18021961087723
9915531226408,18021975500697
9915549732408,18021992805440
9915568240408,18022007005137
9915586749408,18022021686161
9915605252408,18022036625543
9915623760408,18022050591388
9915642266408,18022065341444
9915660776408,18022079764983
9915679280408,18022097689465
9915697788408,18022112125047
9915716294408,18022129452738
9915734802408,18022142743718
9915753309408,18022161576022
9915771817408,18022179637466
9915790326408,18022197112243
9915808830408,18022213364844
9915827337408,18022227655556
9915845844408,18022244721518
9915864351408,18022257433982
9915882858408,18022272714089
9915901365408,18022284749590
9915919874408,18022296815889
9915938381408,18022312747102
9915956886408,18022324700059
9915975394408,18022337200129
9915993900408,18022350893748
9916012405408,18022363440742
9916030914408,18022377254173
9916049421408,18022391796256
9916067930408,18022404726357
9916086434408,18022416495076
9916104943408,18022429848524
9916123450408,18022445458433
9916141958408,18022459760361
9916160463408,18022471155143
9916178969408,18022483765787
9916197476408,18022502006968
9916215984408,18022515231284
9916234491408,18022533841123
9916252999408,18022547637173
9916271507408,18022562212792
9916290013408,18022573083053
9916308520408,18022588078562
9916327026408,18022605099093
9916345532408,18022616844814
9916364039408,18022628708979
9916382545408,18022642682998
9916401054408,18022655933226
9916419561408,18022669652552
9916438068408,18022682565725
9916456576408,18022697076466
9916475084408,18022708636769
9916493590408,18022722603380
9916512097408,18022736013230
9916530602408,18022750519797
9916549109408,18022764643313
9916567616408,18022777979543
9916586124408,18022791915468
9916604631408,18022806751438
9916623139408,18022817523772
9916641645408,18022830907282
9916660153408,18022843151693
9916678657408,18022856345086
9916697165408,18022870151314
9916715671408,18022885492473
9916734179408,18022898750084
9916752692408,18022911443591
9916771193408,18022921739432
9916789700408,18022932579703
9916808208408,18022942893988
9916826717408,18022958203080
9916845222408,18022972591629
9916863728408,18022983856750
9916882236408,18022995201161
9916900743408,18023007431843
9916919249408,18023020954823
9916937757408,18023033026120
9916956265408,18023043825681
9916974772408,18023059066208
9916993278408,18023070146390
9917011785408,18023083205370
9917030291408,18023097484653
9917048798408,18023109780509
9917067304408,18023124788197
9917085812408,18023136981877
9917104318408,18023152023496
9917122826408,18023166067529
9917141333408,18023181322816
9917159843408,18023196679146
9917178349408,18023212859573
9917196855408,18023227249762
9917215362408,18023242878463
9917233868408,18023257060882
9917252375408,18023270670455
9917270883408,18023282693991
9917289389408,18023294593308
9917307898408,18023310228498
9917326406408,18023326734924
9917344911408,18023339335659
9917363417408,18023360155015
9917381924408,18023373224840
9917400430408,18023384950646
9917418937408,18023397801519
9917437444408,18023408762261
9917455953408,18023426742758
9917474460408,18023438115560
9917492966408,18023452288352
9917511475408,18023464612032
9917529983408,18023478536767
9917548486408,18023491962643
9917566994408,18023505288162
9917585501408,18023516596781
9917604008408,18023528912922
9917622515408,18023546319425
9917641023408,18023560136908
9917659531408,18023575904343
9917678038408,18023591365452
9917696544408,18023602979660
9917715050408,18023615746859
9917733557408,18023628772966
9917752065408,18023645395147
9917770571408,18023658518376
9917789079408,18023671482466
9917807585408,18023688092489
9917826093408,18023701890994
9917844601408,18023714191640
9917863107408,18023726252073
9917881615408,18023741034146
9917900121408,18023753235575
9917918628408,18023764666726
9917937134408,18023778744348
9917955642408,18023790480837
9917974149408,18023802976731
9917992657408,18023817161306
9918011164408,18023830519839
9918029669408,18023844859188
9918048176408,18023857606208
9918066683408,18023872563411
9918085190408,18023884574052
9918103697408,18023898375800
9918122203408,18023910084549
9918140710408,18023925894005
9918159219408,18023937702445
9918177735408,18023952591543
9918196233408,18023964511159
9918214740408,18023976902565
9918233247408,18023991760233
9918251753408,18024004597023
9918270260408,18024017241495
9918288766408,18024028943827
9918307274408,18024043801776
9918325781408,18024055620394
9918344290408,18024067643608
9918362797408,18024080113785
9918381301408,18024091623110
9918399809408,18024108199699
9918418315408,18024120602122
9918436823408,18024132734316
9918455329408,18024145977431
9918473836408,18024157726363
9918492343408,18024172899745
9918510854408,18024186416558
9918529357408,18024206921243
9918547869408,18024219170791
9918566373408,18024231623661
9918584878408,18024246772998
9918603386408,18024262580131
9918621893408,18024275055733
9918640399408,18024289287606
9918658906408,18024305982899
9918677415408,18024322073784
9918695922408,18024334730993
9918714430408,18024348447734
9918732935408,18024364192563
9918751443408,18024376793326
9918769948408,18024389454187
9918788455408,18024401879412
9918806962408,18024413810592
9918825469408,18024425579064
9918843976408,18024437479838
9918862484408,18024449202011
9918880990408,18024460743690
9918899499408,18024473540563
9918918006408,18024491805523
9918936513408,18024507610558
9918955020408,18024524187425
9918973525408,18024539042303
9918992033408,18024553029408
9919010539408,18024567918575
9919029048408,18024583425743
9919047556408,18024600021900
9919066065408,18024616369775
9919084566408,18024633541622
9919103074408,18024650123716
9919121582408,18024665734837
9919140089408,18024680524926
9919158596408,18024696327910
9919177102408,18024713121635
9919195609408,18024727634595
9919214117408,18024744492144
9919232623408,18024757683066
9919251132408,18024771703002
9919269639408,18024787520272
9919288144408,18024802088433
9919306651408,18024819106476
9919325158408,18024831299079
9919343666408,18024847864353
9919362172408,18024864455632
9919380680408,18024883533355
9919399189408,18024896936589
9919417692408,18024911763668
9919436201408,18024924774233
9919454708408,18024938268822
9919473215408,18024952052951
9919491721408,18024966398491
9919510229408,18024979784413
9919528734408,18024992502368
9919547241408,18025006298880
9919565761408,18025021511356
9919584257408,18025035348435
9919602765408,18025046621739
9919621270408,18025058631200
9919639776408,18025070933676
9919658284408,18025082357625
9919676791408,18025094654149
9919695299408,18025109945727
9919713806408,18025122541139
9919732314408,18025135097090
9919750821408,18025147283479
9919769327408,18025159611549
9919787834408,18025170677707
9919806340408,18025181365284
9919824849408,18025196246775
9919843354408,18025210692978
9919861862408,18025224803054
9919880367408,18025240027260
9919898875408,18025255387104
9919917382408,18025270427973
9919935891408,18025286286975
9919954397408,18025302679223
9919972903408,18025316718692
9919991411408,18025329938601
9920009917408,18025342962792
9920028425408,18025358153579
9920046931408,18025370573472
9920065438408,18025384813269
9920083947408,18025399955642
9920102454408,18025413691840
9920120959408,18025425716843
9920139466408,18025441010042
9920157973408,18025453094882
9920176480408,18025466286616
9920194987408,18025477930807
9920213494408,18025495202693
9920232000408,18025508269674
9920250507408,18025521894598
9920269016408,18025534660456
9920287523408,18025548958668
9920306031408,18025562167420
9920324536408,18025575767373
9920343044408,18025589632759
9920361549408,18025604530100
9920380056408,18025617277552
9920398563408,18025631049810
9920417071408,18025643631502
9920435578408,18025654836726
9920454088408,18025665433692
9920472592408,18025677948325
9920491099408,18025688537314
9920509605408,18025700611592
9920528113408,18025711216774
9920546619408,18025723615705
9920565128408,18025736471848
9920583632408,18025746990680
9920602140408,18025760747634
9920620648408,18025772040708
9920639156408,18025783374288
9920657663408,18025794921809
9920676170408,18025807610870
9920694675408,18025819294777
9920713183408,18025831379901
9920731689408,18025844337083
9920750197408,18025856601221
9920768704408,18025869292629
9920787213408,18025880548660
9920805717408,18025893160449
9920824225408,18025905209988
9920842732408,18025917640754
9920861239408,18025931256014
9920879745408,18025942985742
9920898252408,18025955442497
9920916760408,18025969976778
9920935266408,18025981770568
9920953772408,18025994221032
9920972282408,18026010699875
9920990788408,18026023674884
9921009294408,18026035520665
9921027801408,18026046556110
9921046309408,18026060612790
9921064816408,18026072615580
9921083324408,18026084314965
9921101829408,18026096240854
9921120338408,18026108321589
9921138845408,18026120991117
9921157350408,18026133493604
9921175858408,18026146254977
9921194367408,18026159025045
9921212871408,18026170216918
9921231377408,18026182422831
9921249885408,18026196233822
9921268393408,18026207897135
9921286899408,18026218491198
9921305406408,18026230494786
9921323914408,18026244324443
9921342423408,18026255458441
9921360927408,18026267069062
9921379434408,18026278019378
9921397941408,18026289961433
9921416448408,18026301674168
9921434955408,18026313530241
9921453462408,18026326307604
9921471971408,18026336538047
9921490480408,18026348438255
9921508984408,18026359583065
9921527490408,18026371352976
9921545997408,18026383246047
9921564503408,18026393955590
9921583010408,18026405684450
9921601518408,18026419263006
9921620026408,18026430279903
9921638532408,18026444341326
9921657038408,18026455826612
9921675546408,18026468270524
9921694056408,18026482474146
9921712559408,18026494255278
9921731066408,18026506244033
9921749573408,18026516538249
9921768081408,18026529752802
9921786589408,18026540277398
9921805096408,18026550373200
9921823603408,18026561924556
9921842111408,18026572560563
9921860615408,18026585464405
9921879123408,18026595985646
9921897629408,18026607598652
9921916139408,18026619455595
9921934643408,18026632194983
9921953153408,18026644984539
9921971659408,18026655822820
9921990164408,18026667394747
9922008672408,18026678254593
9922027181408,18026691262882
9922045690408,18026701778292
9922064193408,18026715696855
9922082699408,18026726290430
9922101207408,18026738023754
9922119714408,18026750634947
9922138220408,18026761344013
9922156727408,18026773624225
9922175237408,18026784180473
9922193741408,18026795353316
9922212248408,18026806738115
9922230755408,18026818220259
9922249262408,18026829360285
9922267769408,18026840570218
9922286276408,18026855709280
9922304784408,18026866530457
9922323293408,18026878692619
9922341798408,18026892321783
9922360304408,18026903837193
9922378827408,18026917914728
9922397318408,18026930033133
9922415829408,18026942693894
9922434332408,18026955750342
9922452839408,18026966815527
9922471346408,18026979124021
9922489853408,18026993868663
9922508362408,18027005084652
9922526871408,18027017093158
9922545374408,18027033650092
9922563883408,18027045752854
9922582389408,18027057819659
9922600895408,18027071077348
9922619402408,18027083338447
9922656418408,18027094391407
9922674925408,18027108624233
9922693429408,18027123897824
9922711937408,18027139084494
9922730445408,18027154756220
9922748951408,18027166753716
9922767459408,18027182689366
9922785966408,18027195912558
9922804473408,18027207925136
9922822979408,18027223364098
9922841487408,18027234415193
9922859995408,18027244999772
9922878503408,18027256192489
9922897008408,18027265547112
9922915514408,18027275444205
9922934021408,18027286407235
9922952529408,18027303488824
9922971036408,18027315660771
9922989542408,18027326834830
9923008052408,18027338080769
9923026559408,18027348453630
9923045063408,18027361876341
9923063569408,18027375292776
9923082081408,18027389138680
9923100583408,18027400586839
9923119091408,18027413985505
9923137598408,18027426258384
9923156105408,18027440352296
9923174612408,18027452422693
9923193119408,18027464112434
9923211627408,18027478922674
9923230135408,18027491893655
9923248640408,18027507471777
9923267147408,18027520914167
9923285654408,18027533869229
9923304161408,18027549517448
9923322668408,18027566877866
9923341176408,18027581699812
9923359685408,18027595652397
9923378189408,18027610033337
9923396695408,18027623892996
9923415202408,18027639261262
9923433712408,18027656188443
9923452217408,18027670412809
9923470723408,18027684487026
9923489232408,18027696571039
9923507739408,18027711308900
9923526246408,18027726742938
9923544752408,18027741676489
9923563260408,18027755215146
9923581769408,18027768132970
9923600273408,18027783197280
9923618781408,18027797385114
9923637287408,18027810724623
9923655793408,18027825904784
9923674303408,18027841235971
9923692808408,18027855383496
9923711317408,18027870561008
9923729821408,18027887593022
9923748328408,18027903155911
9923766836408,18027915391270
9923785343408,18027927092974
9923803852408,18027939850919
9923822356408,18027952325405
9923840863408,18027968821744
9923859370408,18027985425193
9923877878408,18027998836389
9923896386408,18028010353012
9923914893408,18028027464101
9923933399408,18028041600687
9923951905408,18028056386819
9923970413408,18028071110944
9923988919408,18028087654960
9924007425408,18028101695388
9924025934408,18028116847918
9924044442408,18028132958436
9924062949408,18028146300300
9924081455408,18028160309275
9924099960408,18028172087785
9924118468408,18028187468432
9924136977408,18028200508714
9924155491408,18028212220672
9924173989408,18028227342857
9924192495408,18028238621572
9924211003408,18028249981188
9924229510408,18028264612501
9924248018408,18028276190054
9924266527408,18028288671093
9924285031408,18028303517232
9924303538408,18028315827193
9924322045408,18028331079621
9924340553408,18028344164908
9924359059408,18028357110811
9924377566408,18028372899499
9924396075408,18028384564643
9924414582408,18028396703879
9924433088408,18028407693669
9924451594408,18028422159678
9924470101408,18028432868845
9924488607408,18028443920751
9924507115408,18028456664923
9924525624408,18028467602950
9924544129408,18028478697453
9924562637408,18028489473599
9924581144408,18028503729030
9924599651408,18028515062199
9924618161408,18028527213067
9924636664408,18028541484078
9924655171408,18028553978746
9924673677408,18028573849735
9924692185408,18028586180284
9924710693408,18028599684724
9924729200408,18028611557643
9924747708408,18028622903960
9924766213408,18028634617655
9924784721408,18028644705787
9924803228408,18028655987092
9924821734408,18028667132617
9924840241408,18028677695346
9924858748408,18028687818359
9924877256408,18028699189715
9924895763408,18028709900126
9924914269408,18028721670505
9924932777408,18028731793534
9924951285408,18028741826349
9924969790408,18028753114350
9924988297408,18028764633491
9925006803408,18028774990561
9925025311408,18028789911278
9925043819408,18028800648902
9925062325408,18028813464724
9925080833408,18028825085304
9925099341408,18028838787006
9925117845408,18028851592975
9925136353408,18028863345259
9925154859408,18028876599928
9925173366408,18028889609277
9925191880408,18028902219874
9925210381408,18028913472868
9925228899408,18028927519130
9925247395408,18028938559869
9925265902408,18028950727389
9925284411408,18028963136618
9925302917408,18028975384376
9925321422408,18028987010418
9925339929408,18028998648213
9925358437408,18029010783377
9925376944408,18029023587428
9925395452408,18029035300056
9925413959408,18029053367404
9925432467408,18029065014147
9925450975408,18029077431804
9925469478408,18029088136413
9925487985408,18029100061664
9925506491408,18029112895606
9925524998408,18029125266737
9925543506408,18029136598953
9925562014408,18029148657340
9925580520408,18029159902315
9925599027408,18029171696587
9925617535408,18029182289037
9925636043408,18029193412276
9925654550408,18029205874445
9925673055408,18029221311154
9925691563408,18029231978818
9925710069408,18029242730374
9925728576408,18029256863742
9925747083408,18029268318412
9925765591408,18029280021196
9925784101408,18029293322758
9925802607408,18029305575224
9925821112408,18029320461168
9925839618408,18029331991362
9925858125408,18029344329457
9925876631408,18029358334929
9925895140408,18029373388487
9925913647408,18029386159311
9925932154408,18029400355486
9925950661408,18029415547420
9925969167408,18029429414003
9925987676408,18029441602032
9926006184408,18029453809879
9926024688408,18029468558887
9926043195408,18029480395821
9926061703408,18029494277194
9926080210408,18029506889406
9926098716408,18029520047830
9926117225408,18029533137137
9926135733408,18029545395375
9926154237408,18029557662791
9926172743408,18029569911186
9926191252408,18029583635378
9926209757408,18029596493573
9926228265408,18029609974632
9926246772408,18029625969481
9926265280408,18029638518392
9926283786408,18029650702728
9926302294408,18029661732580
9926320801408,18029676478750
9926339309408,18029687906256
9926357813408,18029700925415
9926376321408,18029716233250
9926394828408,18029727340961
9926413335408,18029739873300
9926431841408,18029752148490
9926450350408,18029765080283
9926468857408,18029777958723
9926487365408,18029789500732
9926505870408,18029800974335
9926524378408,18029811827186
9926542883408,18029824275253
9926561390408,18029836890952
9926579897408,18029851160147
9926598404408,18029865824050
9926616917408,18029878515119
9926635419408,18029891300006
9926653925408,18029901959614
9926672433408,18029914202939
9926690941408,18029925908533
9926709447408,18029938556830
9926727954408,18029953906587
9926746461408,18029965508175
9926764967408,18029977082601
9926783475408,18029990764020
9926801982408,18030002765113
9926820489408,18030016176330
9926838997408,18030030800499
9926857501408,18030046611434
9926876009408,18030062474382
9926894517408,18030074018080
9926913023408,18030087926362
9926931530408,18030101053871
9926950038408,18030113570357
9926968545408,18030129314396
9926987051408,18030141076779
9927005558408,18030155437693
9927024066408,18030168154127
9927042576408,18030181093719
9927061080408,18030193657144
9927079586408,18030207243918
9927098093408,18030219884100
9927116601408,18030231292345
9927135108408,18030243987012
9927153614408,18030257566896
9927172123408,18030271580657
9927190631408,18030282832287
9927209136408,18030294182717
9927227643408,18030309712240
9927246150408,18030320650893
9927264655408,18030332916515
9927283163408,18030343927887
9927301669408,18030356801193
9927320178408,18030369211241
9927338685408,18030381099212
9927357191408,18030393175983
9927375699408,18030405295757
9927394209408,18030418402956
9927412711408,18030429723029
9927431219408,18030439956131
9927449727408,18030451317476
9927468234408,18030461226667
9927486740408,18030474580481
9927505248408,18030486308553
9927523755408,18030498726863
9927542261408,18030510795306
9927560769408,18030522130950
9927579275408,18030536360402
9927597782408,18030548793790
9927616290408,18030561524118
9927634796408,18030575333769
9927653303408,18030588171943
9927671811408,18030601819753
9927690317408,18030613988624
9927708825408,18030625748911
9927727334408,18030637446301
9927745841408,18030651380347
9927764347408,18030664623727
9927782854408,18030677890490
9927801360408,18030691878339
9927819866408,18030703795658
9927838373408,18030717348412
9927856880408,18030729375310
9927875389408,18030746493622
9927893893408,18030759408268
9927912401408,18030773485338
9927930909408,18030786749874
9927949415408,18030799959356
9927967922408,18030815569264
9927986428408,18030828250399
9928004934408,18030845665181
9928023444408,18030859486185
9928041949408,18030873701270
9928060459408,18030888617330
9928078965408,18030901789680
9928097471408,18030916805297
9928115978408,18030930271880
9928134484408,18030946031128
9928152992408,18030958704912
9928171498408,18030970716663
9928190006408,18030983236559
9928208513408,18030996064273
9928227022408,18031008145701
9928245527408,18031019507481
9928264034408,18031030905459
9928282541408,18031041681518
9928301049408,18031053529070
9928319554408,18031063804332
9928338062408,18031075039579
9928356568408,18031084990437
9928375075408,18031096461058
9928393583408,18031111562913
9928412090408,18031123667783
9928430598408,18031134820474
9928449105408,18031147069160
9928467610408,18031159564200
9928486117408,18031171274019
9928504624408,18031182325605
9928523131408,18031193812562
9928541638408,18031205680691
9928560148408,18031217384250
9928578654408,18031230382627
9928597159408,18031242904490
9928615667408,18031255248706
9928634174408,18031266834854
9928652680408,18031281645718
9928671188408,18031294580034
9928689693408,18031306500248
9928708201408,18031321149682
9928726709408,18031334236031
9928745216408,18031348156495
9928763723408,18031359710516
9928782233408,18031375244301
9928800737408,18031388557265
9928819243408,18031402745368
9928837749408,18031414260257
9928856258408,18031425957057
9928874765408,18031438154322
9928893272408,18031450060089
9928911779408,18031465052441
9928930288408,18031476574659
9928948792408,18031488997722
9928967300408,18031501197065
9928985807408,18031513457782
9929004313408,18031525707119
9929022820408,18031536879625
9929041327408,18031552517144
9929059833408,18031564847769
9929078341408,18031577309275
9929096848408,18031589695509
9929115357408,18031600791479
9929133866408,18031612446074
9929152369408,18031623440872
9929170877408,18031636984477
9929189383408,18031648934783
9929207890408,18031660013615
9929226397408,18031672061670
9929244905408,18031684293237
9929263413408,18031696720866
9929281917408,18031708167064
9929300425408,18031723221176
9929318932408,18031736803070
9929337440408,18031749536110
9929355945408,18031760938146
9929374454408,18031772526825
9929392959408,18031783634369
9929411466408,18031795644007
9929429973408,18031806804734
9929448482408,18031821830242
9929466990408,18031836247058
9929485498408,18031848760614
9929504001408,18031861025294
9929522509408,18031871312203
9929541015408,18031881873671
9929559523408,18031895154840
9929578030408,18031907566026
9929596539408,18031919254507
9929615046408,18031932148452
9929633550408,18031945089683
9929652057408,18031958114345
9929670565408,18031970373020
9929689072408,18031984621620
9929707578408,18031996808954
9929726086408,18032009815194
9929744593408,18032023423842
9929763099408,18032038735298
9929781606408,18032050809499
9929800116408,18032062656326
9929818624408,18032077438997
9929837127408,18032090318352
9929855635408,18032101672927
9929874142408,18032113973686
9929892647408,18032125425817
9929911157408,18032136530310
9929929662408,18032148413961
9929948170408,18032161311526
9929966679408,18032173984780
9929985184408,18032186681691
9930003691408,18032199181509
9930022197408,18032212036071
9930040704408,18032223504226
9930059211408,18032238023565
9930077719408,18032252690864
9930096225408,18032263733162
9930114731408,18032274960021
9930133241408,18032290632956
9930151748408,18032302589764
9930170255408,18032316269360
9930188762408,18032328138474
9930207267408,18032341899846
9930225773408,18032357050858
9930244282408,18032369628042
9930262789408,18032384161467
9930281296408,18032397131590
9930299805408,18032411375876
9930318312408,18032425990037
9930336816408,18032440199506
9930355323408,18032454256239
9930373830408,18032467288682
9930392338408,18032482050069
9930410845408,18032496283935
9930429352408,18032508344090
9930447858408,18032518781350
9930466365408,18032531167577
9930484872408,18032541498552
9930503381408,18032552467734
9930521888408,18032563693399
9930540393408,18032573037372
9930558900408,18032584022849
9930577407408,18032595036561
9930595914408,18032608734280
9930614421408,18032621105905
9930632929408,18032634124462
9930651438408,18032646167948
9930669942408,18032659204898
9930688449408,18032671961181
9930706955408,18032684323711
9930725463408,18032696496946
9930743972408,18032707362354
9930762477408,18032720804906
9930780984408,18032733268473
9930799502408,18032744271107
9930817997408,18032756751569
9930836506408,18032767444685
9930855015408,18032781188480
9930873522408,18032791450973
9930892026408,18032802760413
9930910535408,18032815276279
9930929040408,18032828790090
9930947547408,18032841540045
9930966054408,18032856238608
9930984562408,18032870346022
9931003070408,18032885192577
9931021575408,18032899918424
9931040081408,18032912488131
9931058588408,18032923871004
9931077097408,18032936224454
9931095602408,18032946900135
9931114110408,18032959099740
9931132619408,18032971553071
9931151123408,18032982090750
9931169630408,18032992216969
9931188138408,18033004019852
9931206646408,18033015252103
9931225151408,18033024884680
9931243659408,18033038235161
9931262166408,18033048058455
9931280672408,18033057997857
9931299180408,18033068973767
9931317687408,18033079757211
9931336194408,18033090650962
9931354703408,18033099330383
9931373208408,18033111674995
9931391714408,18033121734980
9931410222408,18033135316145
9931428728408,18033147192503
9931447236408,18033161153848
9931465744408,18033171692980
9931484251408,18033184906661
9931502755408,18033196658766
9931521263408,18033208412717
9931539771408,18033219272040
9931558279408,18033233718249
9931576784408,18033246315383
9931595291408,18033256124294
9931613797408,18033265968133
9931632312408,18033280019681
9931650813408,18033293448490
9931669321408,18033305186558
9931687828408,18033316976110
9931706337408,18033329403297
9931724840408,18033341333714
9931743347408,18033353048244
9931761854408,18033365218045
9931780363408,18033378449462
9931798869408,18033388407267
9931817376408,18033399708294
9931835883408,18033412337089
9931854389408,18033423218000
9931872896408,18033435143929
9931891404408,18033447218629
9931909913408,18033458343431
9931928418408,18033471196396
9931946924408,18033482630061
9931965431408,18033494223762
9931983938408,18033505521377
9932002448408,18033518060428
9932020952408,18033531647116
9932039463408,18033543868297
9932057965408,18033555172881
9932076474408,18033566997041
9932094980408,18033580022506
9932113488408,18033592049638
9932131995408,18033603236929
9932150501408,18033614155640
9932169010408,18033623878563
9932187519408,18033634868650
9932206021408,18033643768506
9932224528408,18033654473676
9932243041408,18033664522623
9932261545408,18033683211544
9932280053408,18033694068194
9932298558408,18033714739103
9932317063408,18033726179437
9932335571408,18033737602025
9932354078408,18033754811195
9932372586408,18033765734378
9932391094408,18033788025729
9932409599408,18033808885988
9932428106408,18033822442508
9932446613408,18033841287839
9932465119408,18033854699506
9932483627408,18033867394203
9932502134408,18033879011844
9932520641408,18033891518966
9932539150408,18033905690446
9932557653408,18033921737313
9932576161408,18033933435640
9932594670408,18033946390267
9932613176408,18033959722979
9932631683408,18033975881378
9932650189408,18033988723007
9932668696408,18034002991307
9932687204408,18034017005880
9932705710408,18034030017534
9932724220408,18034042098355
9932742726408,18034054391249
9932761232408,18034070538261
9932779738408,18034085306037
9932798246408,18034098008281
9932816753408,18034110527925
9932835260408,18034126517352
9932853767408,18034137646671
9932872275408,18034149278749
9932890783408,18034160396697
9932909287408,18034170326588
9932927795408,18034183566991
9932946304408,18034199620885
9932964809408,18034217311692
9932983316408,18034229132316
9933001822408,18034240022662
9933020330408,18034251173067
9933038836408,18034267811736
9933057344408,18034280382853
9933075851408,18034292350387
9933094361408,18034304009858
9933112863408,18034326431581
9933131371408,18034339897395
9933149878408,18034355715655
9933168388408,18034368242651
9933186892408,18034384847053
9933205400408,18034397801175
9933223909408,18034411049966
9933242413408,18034425313522
9933260919408,18034439334914
9933279426408,18034452635267
9933297936408,18034465712460
9933316441408,18034482704185
9933334950408,18034494654158
9933353455408,18034510849138
9933371962408,18034522997345
9933390470408,18034534868460
9933408976408,18034546654000
9933427489408,18034563124093
9933445992408,18034577681269
9933464497408,18034591691331
9933483005408,18034607957419
9933501512408,18034629091948
9933520017408,18034642383371
9933538525408,18034655545236
9933557033408,18034670606183
9933575541408,18034687967233
9933594046408,18034703252397
9933612552408,18034717812704
9933631059408,18034731358395
9933649571408,18034746905545
9933668075408,18034759320515
9933686581408,18034771341462
9933705088408,18034783885258
9933723596408,18034794622717
9933742102408,18034806057415
9933760612408,18034817166158
9933779117408,18034828470387
9933797624408,18034848598037
9933816130408,18034859799507
9933834636408,18034872730475
9933853143408,18034884758232
9933871649408,18034897592575
9933890158408,18034910232295
9933908666408,18034920072855
9933927174408,18034931094961
9933945677408,18034942061176
9933964186408,18034954967296
9933982692408,18034966902047
9934001203408,18034977331032
9934019707408,18034989105695
9934038215408,18035000997945
9934056720408,18035012633171
9934075227408,18035022404357
9934093735408,18035034564697
9934112242408,18035045178743
9934130750408,18035055848864
9934149257408,18035067787259
9934167763408,18035088672991
9934186269408,18035100609944
9934204776408,18035112398469
9934223283408,18035125479112
9934241791408,18035138375328
9934260299408,18035150615057
9934278807408,18035163181767
9934297312408,18035179150180
9934315817408,18035191554014
9934334324408,18035202983126
9934352831408,18035219075797
9934371339408,18035231349253
9934389846408,18035243184878
9934408354408,18035255477480
9934426860408,18035267569163
9934445368408,18035285076483
9934463879408,18035302339798
9934482383408,18035316045004
9934500888408,18035328885531
9934519395408,18035342728932
9934537902408,18035355665980
9934556409408,18035367663028
9934574915408,18035379970655
9934593423408,18035392119667
9934611931408,18035409481339
9934630439408,18035420937665
9934648944408,18035432404675
9934667452408,18035443679806
9934685958408,18035464877819
9934704464408,18035476489984
9934722972408,18035492051660
9934741479408,18035505090673
9934759986408,18035517717961
9934778493408,18035533589359
9934797000408,18035546394296
9934815509408,18035559371343
9934834017408,18035570067412
9934852521408,18035581378867
9934871028408,18035602458057
9934889535408,18035615754465
9934908043408,18035627234898
9934926550408,18035643345119
9934945057408,18035656307894
9934963566408,18035668565131
9934982070408,18035680210513
9935000577408,18035693940128
9935019084408,18035705686423
9935037591408,18035718926221
9935056104408,18035734745697
9935074605408,18035745635921
9935093112408,18035757658622
9935111621408,18035770504136
9935130126408,18035786064611
9935148635408,18035800177711
9935167142408,18035812059975
9935185647408,18035823443757
9935204153408,18035834280876
9935222662408,18035846962037
9935241168408,18035858649638
9935259676408,18035875027305
9935278182408,18035886288577
9935296689408,18035897804935
9935315198408,18035909973561
9935333703408,18035921456794
9935352210408,18035932030719
9935370717408,18035948377643
9935389223408,18035959311335
9935407730408,18035972453148
9935426238408,18035988039941
9935444744408,18036000092414
9935463251408,18036010400479
9935481758408,18036026945737
9935500266408,18036043809951
9935518775408,18036054807839
9935537280408,18036066639585
9935555786408,18036078014110
9935574293408,18036089790918
9935592801408,18036099548151
9935611308408,18036110433475
9935629816408,18036124566437
9935648323408,18036141145314
9935666831408,18036152705372
9935685336408,18036164734952
9935703842408,18036181903636
9935722348408,18036194384992
9935740855408,18036206817731
9935759362408,18036218357472
9935777870408,18036232897939
9935796377408,18036246371058
9935814885408,18036259451432
9935833393408,18036272776797
9935851898408,18036283875262
9935870407408,18036294874267
9935888912408,18036306556710
9935907419408,18036319198631
9935925926408,18036335352000
9935944433408,18036346666193
9935962939408,18036357918120
9935981449408,18036369743111
9935999956408,18036382738014
9936018463408,18036393836675
9936036968408,18036407418046
9936055475408,18036419752668
9936073981408,18036436011520
9936092488408,18036449540142
9936110996408,18036460533603
9936129502408,18036472419431
9936148010408,18036484634123
9936166519408,18036497308851
9936185024408,18036510915112
9936203533408,18036523928112
9936222041408,18036536930568
9936240545408,18036548326587
9936259051408,18036559845213
9936277560408,18036571778282
9936296066408,18036589009633
9936314574408,18036602890873
9936333081408,18036617298831
9936351589408,18036633269727
9936370093408,18036646310784
9936388600408,18036659745204
9936407107408,18036672570925
9936425614408,18036688346217
9936444121408,18036701930578
9936462629408,18036714446231
9936481140408,18036728692832
9936499644408,18036740999663
9936518149408,18036752809733
9936536657408,18036767377963
9936555165408,18036780111231
9936573671408,18036792768749
9936592177408,18036808710835
9936610685408,18036822702817
9936629192408,18036836337371
9936647699408,18036849512301
9936666206408,18036862404677
9936684715408,18036878576835
9936703221408,18036893615455
9936721726408,18036906207479
9936740234408,18036918382748
9936758740408,18036932789975
9936777247408,18036948196614
9936795754408,18036961015174
9936814261408,18036978000016
9936832770408,18036992474359
9936851276408,18037006226650
9936869782408,18037018937263
9936888291408,18037030993798
9936906798408,18037047100139
9936925302408,18037059394534
9936943810408,18037075332409
9936962318408,18037087736999
9936980824408,18037100811302
9936999332408,18037113991075
9937017839408,18037126073910
9937036347408,18037136788005
9937054854408,18037149009502
9937073359408,18037162950252
9937091867408,18037176036314
9937110374408,18037197871716
9937128880408,18037210327223
9937147386408,18037222360981
9937165893408,18037234018690
9937184401408,18037246240865
9937202907408,18037257952502
9937221415408,18037269469722
9937239923408,18037280871105
9937258431408,18037292471725
9937276936408,18037304983228
9937295443408,18037317791370
9937313950408,18037330276170
9937332457408,18037342135149
9937350963408,18037353514446
9937369472408,18037368330500
9937387979408,18037380674117
9937406487408,18037392579469
9937424992408,18037406777346
9937443499408,18037418302384
9937462005408,18037431321193
9937480513408,18037442987440
9937499019408,18037459355421
9937517528408,18037473273324
9937536034408,18037486460979
9937554540408,18037500332732
9937573049408,18037513967918
9937591557408,18037529336285
9937610065408,18037542242326
9937628568408,18037554240555
9937647081408,18037566225567
9937665583408,18037578402162
9937684090408,18037592870962
9937702597408,18037607695057
9937721103408,18037622842379
9937739612408,18037635771052
9937758120408,18037648098559
9937776625408,18037661165145
9937795132408,18037672481925
9937813640408,18037683835396
9937832146408,18037694682151
9937850652408,18037706417770
9937869162408,18037718310850
9937887667408,18037729488552
9937906179408,18037739834311
9937924681408,18037750772007
9937943189408,18037767224747
9937961699408,18037778230074
9937980201408,18037795052396
9937998708408,18037806631251
9938017216408,18037822745979
9938035723408,18037839103009
9938054229408,18037855611626
9938072737408,18037867105710
9938091245408,18037876910842
9938109750408,18037887409652
9938128257408,18037903498725
9938146764408,18037920189387
9938165271408,18037937308952
9938183777408,18037948671720
9938202284408,18037966062111
9938220791408,18037983250773
9938239299408,18037995676004
9938257807408,18038007679661
9938276315408,18038017781326
9938294823408,18038034315995
9938313328408,18038046613595
9938331835408,18038063022234
9938350341408,18038074893994
9938368848408,18038087842555
9938387355408,18038098927502
9938405862408,18038111050651
9938424370408,18038123407592
9938442879408,18038135606089
9938461383408,18038155546102
9938479890408,18038173523166
9938498397408,18038191687426
9938516905408,18038203010434
9938535410408,18038215675272
9938553916408,18038226536071
9938572424408,18038248705674
9938590932408,18038267708059
9938609439408,18038280073159
9938627947408,18038298897360
9938646455408,18038311414881
9938664962408,18038333536751
9938683467408,18038347569384
9938701974408,18038360559781
9938720481408,18038370495615
9938738987408,18038380711647
9938757495408,18038392829993
9938776005408,18038403992366
9938794511408,18038415838867
9938813015408,18038426135626
9938831524408,18038437835163
9938850029408,18038449358721
9938868537408,18038461990817
9938887043408,18038473523564
9938905550408,18038484710790
9938924057408,18038497462546
9938942565408,18038506884793
9938961072408,18038517936471
9938979580408,18038539290102
9938998088408,18038551212976
9939016593408,18038562452856
9939035098408,18038574124559
9939053606408,18038592454819
9939072113408,18038605239276
9939090621408,18038616882104
9939109128408,18038627335510
9939127637408,18038638882960
9939146143408,18038659554792
9939164668408,18038672298190
9939183156408,18038684032945
9939201662408,18038695133379
9939220169408,18038705547547
9939238677408,18038717484268
9939257185408,18038727600387
9939275691408,18038739856923
9939294202408,18038751881373
9939312705408,18038762194455
9939331213408,18038773518532
9939349722408,18038783552907
9939368226408,18038803926207
9939386733408,18038815690383
9939405240408,18038826978680
9939423746408,18038844102988
9939442254408,18038855327858
9939460763408,18038867686608
9939479270408,18038879628942
9939497775408,18038891478778
9939516281408,18038901006916
9939534788408,18038911810894
9939553296408,18038922772726
9939571803408,18038939118240
9939590309408,18038950736595
9939608815408,18038961975312
9939627322408,18038971825882
9939645830408,18038993102481
9939664338408,18039006636028
9939682847408,18039019648221
9939701351408,18039037303662
9939719858408,18039049421240
9939738365408,18039061615810
9939756871408,18039072773776
9939775379408,18039083876444
9939793887408,18039096137954
9939812395408,18039111891800
9939830903408,18039124553009
9939849408408,18039137805679
9939867914408,18039148575534
9939886421408,18039160903850
9939904928408,18039177050067
9939923435408,18039189949005
9939941942408,18039202914757
9939960448408,18039214367140
9939978956408,18039235663617
9939997464408,18039248112240
9940015971408,18039260251870
9940034480408,18039272412797
9940052983408,18039287310973
9940071499408,18039301572487
9940089997408,18039313491213
9940108505408,18039327611481
9940127012408,18039339695769
9940145519408,18039351859637
9940164027408,18039363924242
9940182536408,18039376106135
9940201039408,18039389612154
9940219546408,18039402995938
9940238053408,18039415849739
9940256561408,18039428378078
9940275066408,18039438764014
9940293576408,18039451007626
9940312081408,18039461942483
9940330589408,18039473671471
9940349097408,18039485414726
9940367604408,18039501768334
9940386111408,18039513646708
9940404617408,18039524501212
9940423123408,18039535775142
9940441631408,18039548522932
9940460138408,18039560574080
9940478646408,18039577490686
9940497152408,18039589458460
9940515661408,18039601843995
9940534167408,18039612526984
9940552672408,18039623167740
9940571179408,18039640883753
9940589686408,18039653269290
9940608193408,18039663997850
9940626701408,18039681687903
9940645208408,18039700691996
9940663715408,18039712657909
9940682221408,18039723737860
9940700729408,18039736632464
9940719236408,18039748450075
9940737746408,18039759303138
9940756250408,18039769544823
9940774756408,18039785034516
9940793263408,18039795544891
9940811771408,18039806679647
9940830277408,18039823386989
9940848785408,18039839600193
9940867294408,18039855725659
9940885798408,18039866613558
9940904305408,18039882016166
9940922812408,18039897690992
9940941319408,18039913418820
9940959827408,18039929647967
9940978333408,18039945469525
9940996842408,18039960260218
9941015346408,18039971174794
9941033853408,18039986575481
9941052362408,18039997195585
9941070869408,18040009584336
9941089375408,18040026672055
9941107881408,18040042618654
9941126390408,18040053032338
9941144895408,18040063828563
9941163403408,18040074582444
9941181910408,18040090585945
9941200418408,18040107230324
9941218926408,18040127173248
9941237431408,18040139717896
9941255938408,18040150522703
9941274445408,18040161484141
9941292951408,18040172200828
9941348475408,18040183216147
9941366979408,18040194108813
9941385486408,18040213041929
9941403995408,18040226768045
9941422502408,18040237949070
9941441007408,18040250263799
9941459515408,18040263084696
9941478022408,18040275605644
9941496529408,18040287876678
9941515036408,18040301673728
9941533543408,18040314914436
9941552050408,18040327417061
9941570560408,18040339982851
9941589063408,18040352913350
9941607571408,18040368846217
9941626077408,18040381466703
9941644585408,18040395662436
9941663091408,18040409905350
9941681601408,18040424479520
9941700107408,18040438825652
9941718612408,18040452677866
9941737118408,18040465347982
9941755629408,18040476955005
9941774134408,18040490425544
9941792641408,18040503884495
9941811148408,18040516798492
9941829655408,18040527365753
9941848163408,18040537846089
9941866669408,18040554756610
9941885175408,18040566112961
9941903684408,18040580391245
9941922191408,18040591903490
9941940696408,18040602482717
9941959205408,18040619317754
9941977710408,18040632601894
9941996218408,18040644679407
9942014726408,18040655326999
9942033232408,18040667251155
9942051740408,18040679981762
9942070244408,18040690203180
9942088751408,18040701956905
9942107272408,18040712386529
9942125768408,18040723615658
9942144278408,18040735782637
9942162781408,18040749046637
9942181287408,18040763566015
9942199796408,18040774648927
9942218301408,18040791293531
9942236808408,18040802646460
9942255316408,18040815191978
9942273825408,18040826783449
9942292330408,18040841431091
9942310837408,18040852452330
9942329343408,18040866204872
9942347850408,18040880610514
9942366358408,18040895582871
9942384865408,18040907031458
9942403372408,18040920437834
9942421877408,18040936363002
9942440385408,18040949250475
9942458893408,18040961641789
9942477399408,18040972814541
9942495905408,18040984504045
9942514413408,18041000768474
9942532920408,18041012961211
9942551427408,18041025652937
9942569933408,18041038015869
9942588442408,18041050139578
9942606949408,18041064895529
9942625455408,18041077460937
9942643961408,18041092750147
9942662470408,18041107081027
9942680976408,18041123410595
9942699500408,18041138059105
9942717989408,18041152140291
9942736498408,18041166601435
9942755005408,18041178483546
9942773510408,18041189964284
9942792016408,18041200611011
9942810526408,18041212317913
9942829031408,18041224846376
9942847538408,18041238162991
9942866046408,18041253881301
9942884552408,18041264793189
9942903059408,18041277338729
9942921568408,18041288034446
9942940074408,18041304865397
9942958583408,18041316135499
9942977088408,18041326522233
9942995596408,18041336944225
9943014101408,18041348671014
9943032608408,18041364864935
9943051115408,18041378966741
9943069622408,18041393294061
9943088130408,18041407762277
9943106639408,18041421365420
9943125142408,18041434988344
9943143650408,18041447980482
9943162158408,18041458586592
9943180680408,18041475083125
9943199170408,18041488549415
9943217678408,18041498832658
9943236184408,18041509576768
9943254692408,18041521480741
9943273199408,18041533150918
9943291708408,18041549627149
9943310217408,18041560881722
9943328721408,18041574190791
9943347227408,18041585705412
9943365736408,18041597451964
9943384241408,18041609145970
9943402749408,18041620953579
9943421255408,18041637470174
9943439764408,18041650637062
9943458269408,18041665456817
9943476775408,18041679709652
9943495282408,18041692834122
9943513793408,18041706792984
9943532303408,18041719667663
9943550804408,18041731909023
9943569311408,18041748402432
9943587818408,18041762027381
9943606324408,18041776355347
9943624834408,18041787039927
9943643340408,18041798425567
9943661849408,18041809284560
9943680353408,18041820486931
9943698861408,18041832455628
9943717366408,18041848996928
9943735874408,18041861133316
9943754381408,18041872669912
9943772888408,18041884131786
9943791396408,18041895968554
9943809902408,18041907285879
9943828408408,18041924263298
9943846915408,18041936112843
9943865426408,18041948630894
9943883930408,18041959815280
9943902437408,18041972096354
9943920942408,18041988535694
9943939450408,18042002770091
9943957956408,18042014562644
9943976466408,18042027647288
9943994973408,18042040004420
9944013478408,18042052369593
9944031985408,18042065369148
9944050492408,18042079281377
9944069000408,18042095642109
9944087507408,18042107684127
9944106014408,18042119564864
9944124522408,18042135852046
9944143029408,18042150420397
9944161534408,18042165557724
9944180041408,18042181522108
9944198549408,18042196062124
9944217054408,18042212486416
9944235563408,18042228506925
9944254070408,18042241612625
9944272576408,18042254170119
9944291083408,18042269470623
9944309591408,18042285164986
9944328098408,18042299653951
9944346607408,18042314629722
9944365111408,18042331773649
9944383619408,18042345788695
9944402124408,18042358718928
9944420632408,18042371255324
9944439138408,18042384342336
9944457646408,18042400769183
9944476154408,18042415912550
9944494662408,18042432746228
9944513166408,18042449286682
9944531675408,18042463690672
9944550179408,18042480189230
9944568688408,18042496902067
9944587195408,18042512387414
9944605702408,18042527384477
9944624208408,18042545022848
9944642715408,18042560960340
9944661222408,18042574454205
9944679732408,18042590565322
9944698239408,18042603387079
9944716744408,18042615692986
9944735250408,18042627621648
9944753758408,18042644078241
9944772266408,18042655752706
9944790772408,18042668222103
9944809279408,18042682695562
9944827788408,18042695997857
9944846322408,18042712022369
9944864801408,18042723515173
9944883306408,18042738358021
9944901813408,18042751718431
9944920321408,18042763913453
9944938827408,18042776116583
9944957338408,18042791082976
9944975842408,18042803106551
9944994348408,18042815121760
9945012857408,18042828355856
9945031365408,18042844920318
9945049872408,18042856664145
9945068376408,18042868588699
9945086884408,18042884820590
9945105390408,18042896158935
9945123898408,18042907535408
9945142404408,18042920169239
9945160911408,18042935975900
9945179420408,18042947930054
9945197926408,18042959380246
9945216433408,18042971354893
9945234938408,18042982282227
9945253446408,18042993204374
9945271952408,18043010024432
9945290461408,18043022896346
9945308967408,18043034063026
9945327474408,18043045743897
9945345981408,18043057686440
9945364489408,18043069673308
9945382996408,18043081443016
9945401505408,18043094300339
9945420008408,18043106613147
9945438516408,18043118795472
9945457023408,18043131047676
9945475530408,18043142497796
9945494037408,18043159281233
9945512545408,18043171157291
9945531053408,18043187881202
9945549559408,18043202733893
9945568065408,18043216899489
9945586571408,18043232597904
9945605078408,18043244167303
9945623586408,18043254821011
9945642093408,18043264863925
9945660599408,18043277142859
9945679107408,18043288409885
9945697614408,18043300212831
9945716122408,18043311387875
9945734630408,18043324663688
9945753134408,18043336970768
9945771643408,18043348903568
9945790148408,18043362407408
9945808656408,18043373995655
9945827163408,18043384971022
9945845670408,18043396094747
9945864179408,18043409673255
9945882686408,18043425363028
9945901190408,18043436492490
9945919697408,18043448351369
9945938204408,18043462188723
9945956711408,18043477808009
9945975218408,18043488894824
9945993727408,18043499858245
9946012232408,18043511337240
9946030740408,18043520750483
9946049248408,18043533469506
9946067755408,18043544133740
9946086262408,18043560815379
9946104767408,18043572115600
9946123274408,18043583791334
9946141781408,18043594483973
9946160289408,18043605910996
9946178795408,18043619723291
9946197304408,18043630910459
9946215812408,18043643713981
9946234319408,18043655377289
9946252823408,18043666388958
9946271330408,18043677475079
9946289837408,18043688484537
9946308344408,18043703530766
9946326851408,18043715106455
9946345363408,18043728852859
9946363867408,18043740969766
9946382373408,18043752885520
9946400880408,18043764527620
9946419387408,18043774704989
9946437895408,18043787420195
9946474965408,18043798587722
9946493414408,18043815077637
9946511923408,18043829366702
9946530429408,18043841833042
9946548937408,18043852023897
9946567444408,18043862836198
9946585948408,18043875340537
9946604457408,18043886501922
9946622963408,18043903060419
9946641469408,18043914352625
9946659976408,18043925535487
9946678483408,18043936362994
9946696995408,18043949225603
9946715498408,18043963303613
9946734006408,18043974336087
9946752513408,18043985470932
9946771020408,18044002207871
9946789526408,18044019063275
9946808033408,18044031055634
9946826541408,18044043966947
9946845047408,18044055609694
9946863554408,18044071896637
9946882062408,18044085217876
9946900570408,18044098338143
9946919077408,18044109335693
9946937581408,18044120171924
9946956089408,18044132676331
9946974596408,18044146925103
9946993102408,18044161322681
9947011609408,18044174060771
9947030116408,18044185918771
9947048624408,18044197232663
9947067130408,18044208166781
9947085638408,18044220851220
9947104145408,18044236899151
9947122653408,18044253436442
9947141158408,18044266975647
9947159666408,18044277859813
9947178172408,18044294481925
9947196680408,18044307455761
9947215185408,18044319919713
9947233695408,18044334124876
9947252202408,18044348708114
9947270709408,18044363916627
9947289214408,18044378337982
9947307723408,18044390423039
9947326229408,18044404682785
9947344735408,18044416113684
9947363243408,18044432325475
9947381749408,18044446793708
9947400258408,18044460101323
9947418764408,18044475522685
9947437270408,18044490369214
9947455779408,18044506308998
9947474286408,18044523236767
9947492791408,18044538495879
9947511298408,18044553259211
9947529806408,18044567263442
9947548313408,18044580712343
9947566819408,18044595531529
9947585326408,18044611350503
9947603835408,18044624650647
9947622341408,18044640088002
9947640847408,18044654611034
9947659353408,18044669577661
9947677862408,18044684100257
9947696369408,18044699349004
9947714874408,18044714523278
9947733381408,18044731384428
9947751889408,18044747509792
9947770408408,18044762272703
9947788904408,18044778121566
9947807412408,18044793197335
9947825920408,18044807120611
9947844424408,18044820916489
9947862932408,18044833905134
9947881437408,18044850858900
9947899946408,18044866055331
9947918453408,18044880733569
9947936960408,18044893837481
9947955468408,18044907812348
9947973975408,18044922845011
9947992480408,18044933747950
9948010986408,18044946289670
9948029494408,18044958211312
9948048000408,18044971838124
9948066508408,18044982644334
9948085014408,18044998661201
9948103522408,18045009542843
9948122028408,18045019495739
9948140536408,18045034952518
9948159044408,18045045207651
9948177553408,18045061410585
9948196057408,18045072474745
9948214563408,18045082553432
9948233070408,18045091615068
9948251577408,18045100612474
9948270085408,18045110783028
9948288593408,18045121559499
9948307100408,18045137574405
9948325605408,18045148663420
9948344113408,18045162314722
9948362619408,18045172961192
9948381126408,18045189115872
9948399633408,18045200540058
9948418139408,18045211131674
9948436648408,18045221500867
9948455154408,18045231454574
9948473661408,18045241589758
9948492170408,18045257839415
9948510677408,18045269065183
9948529183408,18045279864978
9948547690408,18045290481485
9948566197408,18045306671001
9948584703408,18045317738137
9948603210408,18045328637032
9948621717408,18045339125124
9948640224408,18045349558433
9948658733408,18045365965682
9948677239408,18045384212320
9948695747408,18045396237288
9948714252408,18045409367125
9948732760408,18045420322187
9948751265408,18045436187782
9948769772408,18045448927254
9948788279408,18045459615047
9948806787408,18045470040693
9948825293408,18045480387023
9948843803408,18045492098468
9948862310408,18045505619100
9948880816408,18045518424458
9948899322408,18045529924516
9948917829408,18045540837711
9948936335408,18045551119638
9948954843408,18045561638240
9948973350408,18045573941541
9948991859408,18045589645916
9949010366408,18045600678745
9949028871408,18045610893502
9949047379408,18045627314808
9949065886408,18045638472565
9949084391408,18045649578798
9949102899408,18045659696499
9949121405408,18045676176121
9949139912408,18045687359163
9949158422408,18045698047792
9949176927408,18045711108489
9949195435408,18045726279127
9949213944408,18045737832503
9949232448408,18045748841695
9949250955408,18045759474661
9949269461408,18045772947869
9949287970408,18045784212153
9949306475408,18045797605372
9949324983408,18045809553713
9949343491408,18045825457491
9949361999408,18045836430410
9949380504408,18045847764169
9949399012408,18045857249268
9949417517408,18045867420084
9949436024408,18045880755858
9949454532408,18045893625664
9949473037408,18045905809333
9949491545408,18045917527480
9949510052408,18045929903225
9949528560408,18045944353589
9949547069408,18045956933696
9949565577408,18045969644889
9949584080408,18045981662127
9949602588408,18045994576454
9949621094408,18046009884718
9949639601408,18046025349519
9949658108408,18046037289493
9949676616408,18046050058350
9949695123408,18046062945882
9949713630408,18046074856564
9949732138408,18046085885177
9949750643408,18046097551140
9949769149408,18046109233699
9949787657408,18046121072103
9949806165408,18046134967557
9949824670408,18046147712701
9949843177408,18046163302375
9949861686408,18046175599061
9949880193408,18046187349046
9949898700408,18046199341233
9949917208408,18046215095618
9949935713408,18046225972426
9949954220408,18046237809285
9949972726408,18046250879679
9949991233408,18046266361556
9950009741408,18046277285594
9950028249408,18046294443447
9950046757408,18046306900110
9950065262408,18046318896412
9950083769408,18046335084211
9950102275408,18046352792922
9950120783408,18046364641712
9950139289408,18046375724492
9950157798408,18046392283289
9950176303408,18046403450382
9950194811408,18046419576884
9950213318408,18046433615141
9950231826408,18046444723548
9950250333408,18046456545953
9950268839408,18046467396791
9950287347408,18046478020998
9950305853408,18046488520886
9950324361408,18046499398480
9950342867408,18046514044612
9950361373408,18046525461993
9950379882408,18046536980787
9950398389408,18046548503848
9950416894408,18046560469764
9950435401408,18046571797694
9950453908408,18046583216446
9950472416408,18046595776122
9950490923408,18046607654702
9950509429408,18046623203973
9950527937408,18046635014800
9950546445408,18046646254368
9950564951408,18046662332214
9950583463408,18046675296901
9950601966408,18046688573265
9950620471408,18046699945450
9950638978408,18046716028037
9950657485408,18046728384989
9950675993408,18046740547375
9950694499408,18046752685048
9950713008408,18046765965396
9950731515408,18046779706625
9950750022408,18046790982992
9950768528408,18046803469470
9950787036408,18046815975586
9950805541408,18046831709324
9950824048408,18046842649041
9950842555408,18046857925956
9950861063408,18046871032714
9950879568408,18046883076917
9950898077408,18046898374263
9950916583408,18046911219701
9950935091408,18046921593214
9950953599408,18046931888395
9950972104408,18046942068853
9950990610408,18046958612157
9951009119408,18046970971238
9951027626408,18046981474046
9951046132408,18046993729084
9951064639408,18047004140027
9951083147408,18047020555193
9951101653408,18047031699540
9951120160408,18047042620202
9951138666408,18047052795269
9951157173408,18047063848255
9951175682408,18047074656582
9951194188408,18047084891748
9951212696408,18047101321528
9951231201408,18047112455395
9951249708408,18047124928817
9951268216408,18047140510706
9951286724408,18047153143730
9951305231408,18047164516697
9951323737408,18047176429752
9951342245408,18047188198293
9951360750408,18047199703402
9951379257408,18047212514343
9951397764408,18047224963196
9951416271408,18047238096631
9951434781408,18047250826941
9951453285408,18047266347682
9951471793408,18047278284461
9951490300408,18047290664127
9951508807408,18047302854599
9951527314408,18047318621480
9951545821408,18047329693223
9951564329408,18047340772913
9951582835408,18047351722488
9951601342408,18047363657482
9951619850408,18047374437263
9951638356408,18047388354182
9951656862408,18047404051183
9951675369408,18047415110754
9951693875408,18047427904947
9951712382408,18047439947503
9951730890408,18047451517495
9951749396408,18047463278839
9951767905408,18047479404675
9951786413408,18047490935257
9951804918408,18047502845101
9951823425408,18047515672933
9951841933408,18047527897514
9951860439408,18047540384099
9951878947408,18047552763614
9951897454408,18047567963787
9951915961408,18047580587275
9951934468408,18047593135291
9951952974408,18047605630963
9951971492408,18047621555124
9951989990408,18047633916893
9952008505408,18047645386323
9952027003408,18047657881537
9952045509408,18047670632227
9952064017408,18047683885759
9952082523408,18047699708221
9952101030408,18047711373054
9952119539408,18047722519019
9952138047408,18047738714944
9952156551408,18047749835238
9952175057408,18047760483891
9952193565408,18047771320546
9952212072408,18047781868637
9952230579408,18047792345364
9952249086408,18047802878916
9952267595408,18047813813993
9952286100408,18047826571596
9952304606408,18047837503971
9952323114408,18047849478379
9952341622408,18047860882522
9952360128408,18047871966465
9952378636408,18047889257263
9952397142408,18047900740582
9952415648408,18047917564858
9952434155408,18047932552689
9952452663408,18047947977852
9952471170408,18047961672597
9952489677408,18047974818410
9952508183408,18047990975000
9952526692408,18048005943155
9952545196408,18048017966581
9952563705408,18048028714226
9952582211408,18048040600622
9952600719408,18048051936734
9952619227408,18048063238017
9952637732408,18048075237626
9952656238408,18048086316282
9952674748408,18048100723243
9952693256408,18048112404853
9952711761408,18048125464557
9952730266408,18048137703993
9952748774408,18048149256291
9952767280408,18048165824404
9952785788408,18048177118440
9952804296408,18048189963689
9952822805408,18048201903059
9952841309408,18048218325381
9952859816408,18048229448125
9952878323408,18048239854071
9952896830408,18048250273870
9952915337408,18048261165900
9952933844408,18048273024759
9952952353408,18048284406691
9952970861408,18048295554164
9952989365408,18048312272860
9953007872408,18048324879295
9953026380408,18048337016274
9953044886408,18048347566823
9953063394408,18048359492586
9953081900408,18048371195286
9953100406408,18048387760047
9953118913408,18048399465982
9953137422408,18048409914188
9953155930408,18048422845682
9953174439408,18048438713115
9953192942408,18048451565997
9953211449408,18048463143524
9953229957408,18048474994916
9953248462408,18048486870429
9953266969408,18048501194881
9953285476408,18048513423802
9953303986408,18048526175785
9953322492408,18048541743729
9953340998408,18048556831893
9953359504408,18048567986905
9953378014408,18048579090341
9953396522408,18048595718609
9953415026408,18048607119148
9953433532408,18048620802234
9953452039408,18048633543587
9953470546408,18048645767808
9953489054408,18048658025724
9953507561408,18048671641474
9953526071408,18048684760535
9953544575408,18048698290996
9953563084408,18048714025570
9953581588408,18048728398647
9953600094408,18048742355840
9953618602408,18048758273966
9953637109408,18048773577696
9953655618408,18048789176780
9953674125408,18048804093494
9953692630408,18048816958491
9953711136408,18048830556185
9953729648408,18048844143816
9953748153408,18048860149287
9953766658408,18048872343939
9953785166408,18048884864420
9953803673408,18048896853842
9953822179408,18048908351797
9953840686408,18048925058795
9953859195408,18048941053935
9953877703408,18048955608613
9953896207408,18048968167589
9953914714408,18048980478028
9953933220408,18048991632464
9953951729408,18049001803384
9953970234408,18049016286449
9953988743408,18049029040524
9954007251408,18049040290782
9954025758408,18049051464660
9954044262408,18049064933084
9954062770408,18049077097492
9954081278408,18049089467129
9954099783408,18049103239485
9954118291408,18049114819236
9954136798408,18049126252027
9954155304408,18049137241470
9954173812408,18049154114949
9954192319408,18049165558421
9954210828408,18049175954630
9954229332408,18049192899724
9954247839408,18049204368282
9954266346408,18049215707722
9954284855408,18049226826064
9954303360408,18049243539366
9954321868408,18049254850799
9954340377408,18049265128639
9954358883408,18049276130260
9954377387408,18049292820238
9954395895408,18049304033690
9954414402408,18049314816255
9954432913408,18049327783446
9954451416408,18049340330279
9954469923408,18049350575519
9954488430408,18049367560811
9954506937408,18049388720542
9954525445408,18049403404423
9954543952408,18049418605574
9954562460408,18049430081379
9954580966408,18049441173505
9954599472408,18049452142132
9954617979408,18049464171463
9954636486408,18049475589917
9954654993408,18049492382934
9954673501408,18049503670607
9954692009408,18049517815209
9954710518408,18049533523637
9954729023408,18049546733624
9954747528408,18049560618121
9954766036408,18049572444875
9954784552408,18049588666883
9954803049408,18049602025221
9954821557408,18049621780056
9954840064408,18049635457760
9954858570408,18049646701753
9954877078408,18049660940345
9954895585408,18049674943702
9954914093408,18049687454146
9954932598408,18049703107962
9954951108408,18049718862807
9954969612408,18049729246577
9954988119408,18049745748701
9955006629408,18049757398996
9955025134408,18049768562360
9955043641408,18049784585588
9955062149408,18049795634827
9955080654408,18049806276851
9955099159408,18049815812509
9955117667408,18049833090622
9955154682408,18049843830552
9955173188408,18049860139915
9955191696408,18049871361154
9955210202408,18049883653889
9955228710408,18049900309821
9955247220408,18049911558911
9955265726408,18049920970989
9955284231408,18049936777517
9955302737408,18049951892557
9955321244408,18049962746350
9955339752408,18049972454320
9955358258408,18049989203600
9955376766408,18050003466219
9955395275408,18050013981433
9955413780408,18050026111673
9955432287408,18050037136210
9955450793408,18050052505152
9955469299408,18050068610798
9955487807408,18050080966332
9955506313408,18050094031910
9955524821408,18050107542998
9955543328408,18050126804308
9955561835408,18050140376160
9955580345408,18050152388802
9955598852408,18050163569766
9955617358408,18050180028940
9955635863408,18050191184688
9955654369408,18050201958889
9955672879408,18050221312496
9955691383408,18050232646884
9955709891408,18050243682900
9955728398408,18050260451244
9955746906408,18050276925361
9955765411408,18050293408714
9955783919408,18050304982475
9955802425408,18050318269718
9955820933408,18050336790978
9955839438408,18050349987166
9955857947408,18050363005261
9955876454408,18050375280706
9955894961408,18050387371734
9955913467408,18050400596366
9955931976408,18050413641411
9955950484408,18050426086479
9955968989408,18050439029313
9955987498408,18050451176978
9956006003408,18050462214043
9956024510408,18050477248547
9956043018408,18050489360726
9956061524408,18050502766374
9956080032408,18050516014997
9956098540408,18050527372698
9956117045408,18050539038422
9956135552408,18050552724621
9956154058408,18050565427946
9956172566408,18050578548108
9956191073408,18050592953510
9956209593408,18050604546908
9956228086408,18050617325401
9956246593408,18050633432691
9956265101408,18050644757885
9956283609408,18050656371511
9956302116408,18050668755924
9956320621408,18050684122275
9956339128408,18050695899495
9956357637408,18050707955655
9956376142408,18050722017538
9956394649408,18050733913475
9956413157408,18050750215336
9956431665408,18050761670178
9956450173408,18050773494144
9956468679408,18050787916074
9956487186408,18050803184158
9956505690408,18050815973274
9956524197408,18050828363104
9956542705408,18050842424032
9956561212408,18050858493126
9956579720408,18050872853802
9956598226408,18050885579702
9956616734408,18050899277215
9956635241408,18050915225408
9956653749408,18050926285573
9956672254408,18050936858698
9956690762408,18050953654397
9956709268408,18050965016946
9956727776408,18050974623365
9956746281408,18050984755762
9956764790408,18051001789197
9956783298408,18051013128659
9956801806408,18051023391192
9956820310408,18051033637643
9956838818408,18051050587183
9956857324408,18051062025441
9956875831408,18051072511131
9956894337408,18051082756419
9956912845408,18051095334460
9956931352408,18051107351705
9956949859408,18051123599837
9956968366408,18051134643550
9956986874408,18051144812248
9957005382408,18051155337404
9957023887408,18051167716037
9957042393408,18051183798217
9957060902408,18051194814743
9957079409408,18051204322283
9957097915408,18051216598575
9957116422408,18051232256973
9957134931408,18051243929457
9957153435408,18051265296013
9957171943408,18051275026211
9957190449408,18051291505626
9957208956408,18051301807862
9957227464408,18051315700528
9957245971408,18051327334196
9957264479408,18051339840103
9957282984408,18051350247437
9957301492408,18051363809478
9957320000408,18051374904176
9957338508408,18051386877883
9957357012408,18051399108432
9957375519408,18051410542544
9957394027408,18051421114544
9957412534408,18051434378549
9957431042408,18051445605010
9957449547408,18051457543508
9957468055408,18051470897896
9957486562408,18051483707382
9957505068408,18051495425251
9957523575408,18051507445805
9957542082408,18051521060139
9957560589408,18051532962829
9957579095408,18051544524708
9957597605408,18051557219230
9957616110408,18051573404735
9957634623408,18051586827594
9957653124408,18051599561180
9957671631408,18051611576920
9957690141408,18051623536656
9957708646408,18051637436198
9957727153408,18051649498627
9957745659408,18051663457546
9957764166408,18051676627789
9957782673408,18051691215935
9957801181408,18051704037251
9957819689408,18051715973589
9957838196408,18051728448376
9957856701408,18051742561878
9957875207408,18051756494869
9957893717408,18051769213815
9957912222408,18051780371606
9957930728408,18051792528450
9957949234408,18051803860617
9957967743408,18051816377881
9957986250408,18051830831807
9958004757408,18051844922123
9958023264408,18051857141874
9958041774408,18051870246110
9958060277408,18051883614152
9958078787408,18051897865570
9958097292408,18051910160404
9958115799408,18051920687437
9958134305408,18051934616790
9958152813408,18051948195140
9958171321408,18051961406949
9958189831408,18051975716394
9958208333408,18051989407753
9958226840408,18052002374444
9958245347408,18052015529845
9958263854408,18052029058271
9958282360408,18052043997655
9958300867408,18052056249688
9958319376408,18052067614893
9958337883408,18052080876535
9958356389408,18052093266333
9958374899408,18052104389400
9958393407408,18052115992017
9958411911408,18052128312085
9958430417408,18052140605196
9958448925408,18052151095630
9958467431408,18052160574226
9958485938408,18052171170488
9958504446408,18052183827349
9958522955408,18052197288635
9958541460408,18052209769812
9958559966408,18052221962642
9958578472408,18052232697134
9958596980408,18052246106336
9958615489408,18052261021530
9958633993408,18052271661216
9958652500408,18052286161633
9958671008408,18052299029758
9958689514408,18052313484215
9958708022408,18052325914289
9958726530408,18052337098492
9958745036408,18052350458963
9958763542408,18052362127637
9958782050408,18052373221891
9958800556408,18052384655399
9958819064408,18052397670489
9958837571408,18052408846944
9958856078408,18052419418474
9958874588408,18052433966797
9958893093408,18052444204091
9958911599408,18052460745996
9958930106408,18052473861709
9958948613408,18052486449136
9958967119408,18052498308480
9958985626408,18052512726313
9959004133408,18052528633083
9959022649408,18052544193892
9959041147408,18052558364076
9959059657408,18052573369785
9959078164408,18052587483652
9959096668408,18052600949560
9959115175408,18052612851447
9959133682408,18052624547390
9959152189408,18052637081978
9959170696408,18052651357854
9959189203408,18052663849012
9959207711408,18052677588934
9959226219408,18052691640280
9959244724408,18052705555214
9959263231408,18052721698341
9959281739408,18052734742926
9959300244408,18052747673628
9959318751408,18052759973417
9959337258408,18052773051646
9959355766408,18052785966995
9959374273408,18052800978734
9959392781408,18052813907939
9959411288408,18052825028735
9959429797408,18052835901982
9959448301408,18052848913904
9959466808408,18052859791701
9959485314408,18052870349496
9959503822408,18052886648151
9959522329408,18052897187773
9959540836408,18052907884433
9959559345408,18052919485434
9959577852408,18052933728321
9959596357408,18052945485503
9959614864408,18052961113677
9959633373408,18052973018182
9959651878408,18052987543898
9959670383408,18052998956897
9959688892408,18053010457171
9959707399408,18053022147764
9959725906408,18053036197992
9959744413408,18053052299823
9959762921408,18053062503576
9959781428408,18053073905261
9959799933408,18053084719404
9959818440408,18053100294177
9959836949408,18053115822080
9959855454408,18053126678282
9959873961408,18053142545657
9959892469408,18053153721271
9959910977408,18053163962438
9959929485408,18053174790278
9959947989408,18053187992817
9959966497408,18053200812506
9959985002408,18053211587269
9960003510408,18053228084112
9960022019408,18053244134763
9960040524408,18053254617199
9960059033408,18053270867817
9960077538408,18053286117349
9960096047408,18053299951318
9960114553408,18053313123065
9960133062408,18053325080006
9960151567408,18053339468739
9960170073408,18053351810746
9960188580408,18053363447757
9960207088408,18053378029704
9960225593408,18053393429770
9960244103408,18053406432950
9960262611408,18053418751848
9960281116408,18053430866868
9960299622408,18053442668160
9960318130408,18053454731066
9960336635408,18053471496937
9960355143408,18053485341114
9960373650408,18053497866913
9960392157408,18053510212528
9960410663408,18053522257519
9960429172408,18053534600741
9960447679408,18053548780485
9960466188408,18053563245143
9960484692408,18053576254538
9960503200408,18053588642896
9960521706408,18053600878052
9960540213408,18053613293828
9960558720408,18053626254634
9960577228408,18053638392941
9960595735408,18053655028944
9960614243408,18053669098970
9960632748408,18053682212368
9960651254408,18053696315122
9960669762408,18053709936201
9960688268408,18053723575345
9960706777408,18053736939395
9960725283408,18053752321327
9960743789408,18053767722588
9960762296408,18053782731742
9960780804408,18053798816289
9960799312408,18053813445556
9960817820408,18053830893738
9960836327408,18053845145490
9960854831408,18053859807403
9960873338408,18053875207280
9960891845408,18053890033490
9960910352408,18053905246811
9960928860408,18053921875860
9960947368408,18053937461269
9960965876408,18053952918955
9960984381408,18053969821591
9961002888408,18053987859320
9961021395408,18054004758962
9961039902408,18054021268254
9961058409408,18054037452873
9961076915408,18054053294925
9961095422408,18054069978556
9961113930408,18054087438709
9961132436408,18054103677749
9961150945408,18054119097382
9961169452408,18054134720117
9961187958408,18054152811180
9961206464408,18054168076579
9961224971408,18054183411178
9961243481408,18054200887928
9961261985408,18054217259422
9961280493408,18054234565256
9961299001408,18054253655649
9961317508408,18054269496187
9961336013408,18054284988926
9961354520408,18054300089421
9961373027408,18054316191185
9961391534408,18054332345189
9961410041408,18054347491344
9961428549408,18054360880001
9961447054408,18054373772476
9961465561408,18054385762891
9961484070408,18054397243270
9961502577408,18054410192664
9961521085408,18054422488657
9961539590408,18054434454565
9961558097408,18054446638201
9961576605408,18054459656173
9961595111408,18054471401491
9961613617408,18054482591592
9961632125408,18054496734335
9961650633408,18054510968620
9961669140408,18054525858404
9961687645408,18054537813715
9961706153408,18054548849132
9961724660408,18054561266747
9961743167408,18054577703647
9961761674408,18054591443957
9961780183408,18054604709874
9961798688408,18054626277752
9961817195408,18054644781470
9961835724408,18054657906789
9961854210408,18054670660098
9961872716408,18054682686124
9961891222408,18054698317126
9961909729408,18054711811059
9961928236408,18054727122732
9961946744408,18054740636488
9961965251408,18054752165186
9961983758408,18054763751491
9962002266408,18054779946864
9962020773408,18054792929859
9962039278408,18054806093084
9962057785408,18054819369261
9962076293408,18054834916634
9962094799408,18054847834360
9962113305408,18054863397314
9962131815408,18054885132269
9962150318408,18054899357482
9962168827408,18054911679951
9962187337408,18054927180934
9962205843408,18054939447206
9962224349408,18054950653313
9962242855408,18054961713542
9962261361408,18054972840846
9962279869408,18054995630136
9962298376408,18055010488874
9962316883408,18055025382601
9962335395408,18055041605777
9962353899408,18055055550532
9962372404408,18055068517866
9962390911408,18055083758185
9962409418408,18055098126000
9962427924408,18055111445580
9962446431408,18055124467060
9962464940408,18055136405061
9962483447408,18055146829408
9962501954408,18055160095939
9962520460408,18055171869923
9962538968408,18055185960588
9962557475408,18055200368440
9962575981408,18055213582560
9962594488408,18055225171742
9962612995408,18055235699360
9962631502408,18055247470043
9962650009408,18055258962183
9962668516408,18055275637299
9962687025408,18055288992892
9962705532408,18055299962973
9962724037408,18055313018482
9962742543408,18055328409790
9962761050408,18055341365528
9962779556408,18055353894238
9962798064408,18055372580391
9962816573408,18055385962864
9962835080408,18055397603376
9962853585408,18055410076894
9962872091408,18055421515977
9962890601408,18055433136607
9962909109408,18055444553750
9962927614408,18055459594267
9962946120408,18055472403309
9962964628408,18055484950253
9962983134408,18055496711507
9963001641408,18055510497739
9963020149408,18055522634446
9963038656408,18055533408423
9963057164408,18055548858003
9963075670408,18055562595939
9963094177408,18055575228704
9963112683408,18055587339462
9963131191408,18055600591912
9963149696408,18055611186116
9963168205408,18055621576577
9963186714408,18055639452414
9963205221408,18055652471326
9963223723408,18055664975060
9963242235408,18055679852482
9963260749408,18055691642584
9963279246408,18055702504623
9963297753408,18055712769547
9963316261408,18055725371704
9963334767408,18055737486420
9963353275408,18055749644511
9963371781408,18055760286444
9963390289408,18055771566525
9963408794408,18055781987456
9963427303408,18055791836442
9963445808408,18055808049999
9963464317408,18055821535511
9963482822408,18055833927986
9963501330408,18055844562313
9963519839408,18055858823866
9963538345408,18055871381518
9963556850408,18055881831319
9963575357408,18055893341533
9963593866408,18055905748365
9963612371408,18055917291280
9963630878408,18055928208043
9963649385408,18055939733460
9963667893408,18055951430670
9963686399408,18055965008968
9963704906408,18055979987789
9963723415408,18055995484778
9963741922408,18056010396852
9963760427408,18056022500300
9963778934408,18056032842514
9963797441408,18056045778276
9963815948408,18056059426455
9963834456408,18056073107828
9963852963408,18056085925573
9963871470408,18056097278076
9963889980408,18056111654422
9963908482408,18056123395989
9963926989408,18056133866233
9963945498408,18056144861275
9963964004408,18056155750102
9963982512408,18056165739463
9964001018408,18056176397354
9964019525408,18056186822741
9964038032408,18056202145847
9964056539408,18056217580828
9964075048408,18056232090148
9964093554408,18056244921885
9964112059408,18056257186639
9964130567408,18056269962954
9964149074408,18056285450679
9964167580408,18056296149004
9964186088408,18056309271209
9964204596408,18056320493978
9964223103408,18056333881015
9964241608408,18056346625994
9964260116408,18056358861638
9964278622408,18056371205388
9964297133408,18056388965866
9964315637408,18056400590176
9964334143408,18056412152799
9964352650408,18056431149294
9964371159408,18056445235033
9964389664408,18056458626124
9964408172408,18056470835527
9964426681408,18056487818740
9964445188408,18056499969300
9964463692408,18056511209528
9964482199408,18056529515989
9964500707408,18056545751885
9964519213408,18056560954854
9964537721408,18056578018919
9964556228408,18056591646786
9964574736408,18056604246173
9964593242408,18056617913565
9964611749408,18056632338098
9964630255408,18056644949333
9964648773408,18056655957165
9964667270408,18056667685247
9964685777408,18056681163418
9964704283408,18056693957699
9964722790408,18056710023276
9964741298408,18056728695777
9964759805408,18056741376048
9964778313408,18056753449083
9964796819408,18056764897531
9964815325408,18056778219155
9964833832408,18056789943507
9964852340408,18056800831046
9964870846408,18056814957947
9964889353408,18056827719917
9964907861408,18056839700716
9964926370408,18056856538682
9964944873408,18056869591167
9964963381408,18056880447868
9964981887408,18056892486840
9965000399408,18056905755238
9965018903408,18056918360877
9965037409408,18056931607220
9965055915408,18056944373966
9965074423408,18056956333664
9965092930408,18056969325014
9965111438408,18056983510773
9965129945408,18056996339377
9965148451408,18057008212554
9965166958408,18057022444422
9965185465408,18057034414145
9965203972408,18057046332815
9965222479408,18057057125630
9965240986408,18057069021124
9965259493408,18057082011450
9965278001408,18057096336839
9965296506408,18057109724908
9965315013408,18057122187580
9965333519408,18057134980996
9965352028408,18057149459616
9965370535408,18057162324529
9965389041408,18057176551724
9965407548408,18057190076755
9965426056408,18057203975639
9965444563408,18057218166892
9965463070408,18057231875777
9965481578408,18057244991069
9965500084408,18057257787472
9965518590408,18057270916275
9965537098408,18057283506864
9965555604408,18057296525237
9965574112408,18057308716456
9965592619408,18057321157625
9965611127408,18057332975157
9965629638408,18057344824679
9965648140408,18057358879339
9965666645408,18057372736441
9965685153408,18057386340896
9965703659408,18057399562849
9965722167408,18057414143327
9965740673408,18057426083192
9965759181408,18057438061867
9965777687408,18057452107161
9965796196408,18057466548684
9965814703408,18057479092179
9965833212408,18057494729829
9965851716408,18057505294703
9965870224408,18057515867094
9965888729408,18057526645849
9965907238408,18057542227630
9965925744408,18057555674583
9965944252408,18057567702955
9965962759408,18057581119734
9965981265408,18057600614166
9965999771408,18057613657411
9966018278408,18057625444944
9966036785408,18057638998449
9966055293408,18057651940619
9966073807408,18057664638899
9966092307408,18057677371266
9966110814408,18057690382195
9966129321408,18057704910717
9966147829408,18057717836175
9966166336408,18057733109499
9966184844408,18057746717239
9966203349408,18057760937544
9966221855408,18057775546097
9966240363408,18057789741898
9966258869408,18057803057340
9966277378408,18057817692896
9966295885408,18057833143839
9966314392408,18057847546225
9966332897408,18057861972906
9966351404408,18057876706939
9966369911408,18057890459272
9966388418408,18057903648447
9966406925408,18057917098262
9966425431408,18057933192826
9966443941408,18057948717354
9966462446408,18057963742977
9966480954408,18057982394109
9966499461408,18057998271668
9966517970408,18058013160218
9966536474408,18058028307459
9966554981408,18058044076422
9966573488408,18058062059799
9966591995408,18058077039521
9966610501408,18058092545576
9966629010408,18058107581954
9966647517408,18058122981501
9966666025408,18058138398882
9966684530408,18058155440167
9966703037408,18058172356187
9966721544408,18058187310458
9966740050408,18058202987797
9966758557408,18058220337996
9966777065408,18058234609000
9966795571408,18058249668250
9966814079408,18058266049040
9966832585408,18058281386488
9966851094408,18058297157835
9966869601408,18058312378654
9966888106408,18058327806496
9966906613408,18058343690877
9966925122408,18058360339923
9966943628408,18058376114283
9966962136408,18058390737548
9966980643408,18058404533102
9966999150408,18058417920207
9967017658408,18058429336583
9967036164408,18058440987777
9967054670408,18058453287231
9967073176408,18058468338320
9967091683408,18058481403156
9967110190408,18058493979531
9967128697408,18058506265427
9967147204408,18058520702099
9967165710408,18058533985222
9967184219408,18058546203821
9967202726408,18058561768416
9967221236408,18058576612751
9967239739408,18058592012404
9967258246408,18058605145306
9967276754408,18058618159977
9967295261408,18058631304402
9967313766408,18058644942804
9967332275408,18058661318844
9967350782408,18058675459308
9967369288408,18058688974121
9967387795408,18058703468251
9967406302408,18058719502543
9967424808408,18058732822267
9967443315408,18058746758781
9967461825408,18058762078986
9967480332408,18058777825555
9967498845408,18058792378579
9967517344408,18058807613272
9967535851408,18058822552348
9967554360408,18058836887680
9967572868408,18058850417447
9967591371408,18058865360095
9967609879408,18058880756484
9967628386408,18058894252700
9967646893408,18058907360379
9967665399408,18058921942550
9967683907408,18058938290802
9967702415408,18058951255962
9967720921408,18058967470693
9967739427408,18058982537921
9967757935408,18058998174169
9967776441408,18059013788049
9967794950408,18059028426225
9967813455408,18059042825857
9967831962408,18059056845412
9967850469408,18059072831774
9967868978408,18059087840495
9967887485408,18059102874978
9967905992408,18059117726760
9967924497408,18059133955122
9967943005408,18059147106315
9967961512408,18059159679913
9967980019408,18059174798618
9967998526408,18059189973072
9968017032408,18059204477764
9968035539408,18059221351965
9968054048408,18059235477341
9968072552408,18059248935662
9968091060408,18059263850260
9968109567408,18059279462954
9968128074408,18059293640490
9968146581408,18059307848140
9968165088408,18059323285343
9968183595408,18059336657623
9968202102408,18059349775046
9968220609408,18059361283564
9968239117408,18059375304048
9968257624408,18059389086495
9968276131408,18059402011363
9968294637408,18059417397993
9968313144408,18059430645100
9968331650408,18059443120760
9968350159408,18059455860097
9968368666408,18059470534193
9968387173408,18059484970590
9968405681408,18059497318752
9968424185408,18059512415259
9968442692408,18059526140664
9968461201408,18059539339474
9968479706408,18059554675524
9968498213408,18059569663792
9968516721408,18059583349850
9968535228408,18059597527201
9968553735408,18059612774147
9968572242408,18059630070152
9968590750408,18059644249129
9968609258408,18059657923932
9968627763408,18059675609569
9968646270408,18059690917506
9968664777408,18059706413098
9968683283408,18059722330951
9968701791408,18059737982543
9968720298408,18059753753539
9968738805408,18059769775217
9968757314408,18059784875807
9968775818408,18059802493865
9968794327408,18059816671081
9968812833408,18059832200785
9968831340408,18059847352049
9968849845408,18059862654066
9968868353408,18059878262584
9968886867408,18059895614993
9968905367408,18059913610499
9968923874408,18059929595123
9968942383408,18059946080546
9968960890408,18059962229381
9968979395408,18059978605117
9968997902408,18059996364328
9969016410408,18060014563648
9969034916408,18060031493436
9969053423408,18060049903764
9969071930408,18060066978297
9969090440408,18060083331526
9969108944408,18060099391699
9969127452408,18060116105625
9969145958408,18060135266501
9969164465408,18060150784900
9969182971408,18060168863208
9969201478408,18060182707109
9969219985408,18060197827136
9969238493408,18060213639015
9969257000408,18060228994074
9969275507408,18060246779993
9969294017408,18060266137273
9969312522408,18060283759113
9969331028408,18060300563892
9969349534408,18060316044004
9969368042408,18060330980800
9969386549408,18060347668619
9969405055408,18060363090736
9969423563408,18060378409888
9969442073408,18060393476896
9969460578408,18060409555187
9969479084408,18060422585952
9969497591408,18060433888914
9969516099408,18060447486967
9969534604408,18060466868198
9969553111408,18060481388138
9969571618408,18060492770587
9969590125408,18060503531276
9969608632408,18060514748450
9969627141408,18060527479834
9969645649408,18060538854241
9969664153408,18060550840218
9969682660408,18060564884690
9969701167408,18060576490415
9969719673408,18060587402402
9969738182408,18060598692123
9969756689408,18060609743814
9969775196408,18060623918458
9969793705408,18060636616139
9969812209408,18060648304357
9969830716408,18060659666323
9969849223408,18060670407821
9969867729408,18060684532529
9969886236408,18060695913215
9969904743408,18060706770284
9969923251408,18060719645990
9969941758408,18060733339952
9969960267408,18060746034039
9969978773408,18060761224703
9969997281408,18060774567232
9970015786408,18060787087580
9970034293408,18060799483931
9970052799408,18060815638971
9970071308408,18060829941427
9970089814408,18060844233186
9970108322408,18060858963079
9970126829408,18060873969830
9970145338408,18060889745176
9970163842408,18060904383324
9970182349408,18060921574190
9970200855408,18060938742462
9970219364408,18060953928064
9970237870408,18060969622756
9970256376408,18060986310633
9970274882408,18061005179312
9970293391408,18061016061494
9970311897408,18061028926521
9970330406408,18061040594322
9970348914408,18061051757118
9970367419408,18061064480308
9970385925408,18061074771204
9970404433408,18061085763835
9970422939408,18061099087251
9970441450408,18061120216901
9970459956408,18061132168192
9970478462408,18061145021211
9970496969408,18061157945545
9970515474408,18061170309893
9970533982408,18061181982902
9970552487408,18061195797457
9970570996408,18061209857788
9970589502408,18061223323138
9970608008408,18061237150170
9970626517408,18061249535862
9970645024408,18061260533233
9970663530408,18061271011526
9970682039408,18061280578045
9970700546408,18061295272888
9970719052408,18061308242664
9970737558408,18061320357405
9970756066408,18061330994489
9970774572408,18061342905695
9970793079408,18061354561437
9970811587408,18061365248768
9970830096408,18061379915181
9970848600408,18061392994845
9970867108408,18061404010122
9970885613408,18061418910785
9970904121408,18061431635882
9970922627408,18061443806920
9970941135408,18061456623749
9970959643408,18061471847605
9970978148408,18061484934817
9970996655408,18061498719557
9971015164408,18061511801878
9971033670408,18061524530030
9971052176408,18061535938116
9971070684408,18061550519962
9971089192408,18061563971753
9971107698408,18061576573213
9971126205408,18061589060396
9971144712408,18061601676445
9971163219408,18061613676894
9971181726408,18061625908440
9971200232408,18061637386199
9971218739408,18061649943980
9971237248408,18061661317246
9971255753408,18061673324078
9971274262408,18061687617437
9971292768408,18061699783715
9971311274408,18061711753715
9971329780408,18061725846512
9971348288408,18061740374264
9971366796408,18061754721706
9971385305408,18061768415764
9971403808408,18061781645061
9971422317408,18061795008881
9971440823408,18061809050784
9971459330408,18061822175920
9971477838408,18061837339235
9971496345408,18061849644430
9971514852408,18061862256142
9971533360408,18061878195970
9971551865408,18061891450148
9971570373408,18061904854715
9971588878408,18061917360037
9971607386408,18061930724429
9971625892408,18061943895567
9971644403408,18061960052974
9971662907408,18061973383724
9971681413408,18061987140502
9971699927408,18062000193320
9971718430408,18062016059114
9971736937408,18062030045922
9971755443408,18062042621053
9971773949408,18062056873888
9971792457408,18062071582071
9971810962408,18062085535314
9971829470408,18062099028491
9971847976408,18062112498043
9971866486408,18062127636679
9971884993408,18062141790223
9971903497408,18062157419550
9971922006408,18062171556670
9971940511408,18062185981014
9971959019408,18062198185905
9971977528408,18062211565730
9971996033408,18062225607895
9972014540408,18062239157783
9972033046408,18062250025861
9972051555408,18062261629070
9972070063408,18062272212695
9972088569408,18062286767034
9972107074408,18062298612344
9972125580408,18062312181953
9972144088408,18062325034901
9972162595408,18062338548426
9972181103408,18062353609433
9972199609408,18062366469663
9972218117408,18062379667334
9972236623408,18062394358075
9972255134408,18062408797815
9972273637408,18062422689729
9972292144408,18062436377981
9972310651408,18062449386857
9972329158408,18062462482802
9972347665408,18062477968496
9972366172408,18062490722032
9972384679408,18062504405900
9972403187408,18062517947250
9972421694408,18062531340764
9972440202408,18062544840018
9972458708408,18062559656332
9972477214408,18062572863591
9972495721408,18062584854777
9972514228408,18062598089593
9972532733408,18062612603568
9972551243408,18062627915821
9972569750408,18062641768282
9972588255408,18062654781963
9972606763408,18062667858351
9972625270408,18062680656177
9972643776408,18062695670002
9972662284408,18062707905392
9972680791408,18062720219580
9972699299408,18062737258089
9972717807408,18062751647870
9972736312408,18062765465630
9972754819408,18062777740023
9972773327408,18062794349944
9972791834408,18062807571894
9972810340408,18062823503927
9972828847408,18062840078649
9972847354408,18062853906476
9972865860408,18062869820401
9972884368408,18062885311471
9972902875408,18062898908192
9972921383408,18062912197898
9972939888408,18062925104147
9972958395408,18062944016950
9972976901408,18062958014104
9972995409408,18062971542421
9973013916408,18062987023829
9973032424408,18063004605243
9973050932408,18063018336420
9973069438408,18063034954188
9973087942408,18063051203949
9973106452408,18063066139026
9973124966408,18063080477405
9973143465408,18063096565090
9973161972408,18063113780840
9973180480408,18063131183401
9973198985408,18063146922618
9973217493408,18063163519400
9973236002408,18063178505558
9973254508408,18063193468567
9973273016408,18063205165777
9973291520408,18063219414142
9973310028408,18063233552345
9973328534408,18063247504843
9973347042408,18063263886022
9973365548408,18063276723588
9973384056408,18063287982458
9973402565408,18063298963711
9973421069408,18063311421255
9973439575408,18063325119033
9973458085408,18063341826732
9973476592408,18063353887804
9973495098408,18063365412433
9973513605408,18063376947472
9973532111408,18063391212086
9973550619408,18063405505622
9973569126408,18063417203194
9973587632408,18063432041231
9973606141408,18063444745334
9973624650408,18063455885148
9973643153408,18063466565253
9973661659408,18063480924897
9973680168408,18063493860859
9973698674408,18063505050632
9973717181408,18063521607830
9973735690408,18063533055268
9973754198408,18063544800571
9973772701408,18063556404567
9973791209408,18063566966443
9973809717408,18063579061512
9973828225408,18063591261663
9973846729408,18063604444481
9973865239408,18063616803057
9973883744408,18063629912682
9973902251408,18063643179999
9973920757408,18063654947999
9973939267408,18063666977047
9973957773408,18063677758316
9973976280408,18063688595830
9973994786408,18063699046686
9974013293408,18063709774367
9974031799408,18063720188931
9974050308408,18063730862187
9974068814408,18063746186475
9974087323408,18063759142334
9974105829408,18063774143565
9974124334408,18063787495441
9974142841408,18063800414674
9974161350408,18063814844741
9974179857408,18063827271473
9974198363408,18063842463630
9974216870408,18063856507083
9974235377408,18063870783846
9974253884408,18063884482531
9974272391408,18063897990171
9974290899408,18063912216644
9974309407408,18063926661888
9974327911408,18063941228283
9974346419408,18063955713487
9974364924408,18063969550363
9974383434408,18063985174023
9974401940408,18063999934063
9974420447408,18064013723476
9974438954408,18064030826692
9974457463408,18064048236556
9974475966408,18064063200285
9974494478408,18064079120735
9974512988408,18064095658309
9974531499408,18064111193842
9974550001408,18064123809634
9974568503408,18064137752482
9974587009408,18064155163448
9974605516408,18064172904749
9974624024408,18064188886359
9974642533408,18064205922432
9974661039408,18064218933253
9974679545408,18064234539211
9974698051408,18064247433578
9974716558408,18064260752269
9974735065408,18064274594502
9974753572408,18064289702094
9974772079408,18064303522153
9974790587408,18064315982369
9974809095408,18064333513849
9974827599408,18064347687606
9974846107408,18064361338878
9974864617408,18064373126719
9974883121408,18064385850773
9974901627408,18064401592744
9974920136408,18064419737384
9974938641408,18064437701141
9974957149408,18064455653154
9974975656408,18064473434321
9974994164408,18064488418505
9975012673408,18064504812565
9975031178408,18064518695299
9975049683408,18064532569277
9975068191408,18064546100629
9975086698408,18064558899556
9975105204408,18064576886321
9975123711408,18064590749504
9975142221408,18064604418718
9975160725408,18064621854333
9975179232408,18064639522551
9975197739408,18064656403497
9975216248408,18064673873936
9975234754408,18064692600805
9975253260408,18064710688455
9975271767408,18064726674171
9975290274408,18064742035996
9975308781408,18064756342148
9975327289408,18064771442794
9975345796408,18064786259034
9975364303408,18064803969026
9975382809408,18064817557913
9975401316408,18064831316287
9975419823408,18064844219452
9975438332408,18064857531111
9975456836408,18064869301748
9975475344408,18064880228222
9975493853408,18064894419600
9975512357408,18064907881479
9975530865408,18064922553768
9975549371408,18064934017814
9975567881408,18064945726047
9975586386408,18064957861638
9975604894408,18064968458328
9975623400408,18064984458384
9975641907408,18064998485954
9975660414408,18065010567313
9975678921408,18065025334960
9975697431408,18065040048193
9975715935408,18065052895657
9975734442408,18065065217689
9975752949408,18065079992117
9975771458408,18065096837793
9975789962408,18065110816896
9975808470408,18065125020063
9975826977408,18065141653498
9975845486408,18065153269237
9975863990408,18065165149629
9975882496408,18065180153106
9975901004408,18065192475304
9975919512408,18065203942350
9975938023408,18065215543879
9975956525408,18065231031841
9975975032408,18065246183563
9975993539408,18065258790257
9976012046408,18065271682707
9976030555408,18065284822424
9976049062408,18065298743220
9976067567408,18065314470413
9976086075408,18065330090744
9976104582408,18065345231006
9976123088408,18065363900478
9976141595408,18065381524558
9976160103408,18065398997098
9976178610408,18065413401554
9976197119408,18065426264296
9976215623408,18065440984819
9976234130408,18065456060019
9976252636408,18065467998710
9976271144408,18065481597433
9976289651408,18065493492073
9976308159408,18065504964718
9976326665408,18065519810888
9976345173408,18065532361834
9976363680408,18065543469798
9976382187408,18065555155881
9976400695408,18065568907026
9976419200408,18065582777656
9976437707408,18065595543868
9976456215408,18065609901034
9976474720408,18065622929748
9976493228408,18065637067562
9976511736408,18065650034943
9976530244408,18065662941132
9976548751408,18065673812526
9976567257408,18065688272214
9976585763408,18065699276921
9976604269408,18065708337335
9976622775408,18065721164838
9976641284408,18065731984631
9976659790408,18065743231099
9976678298408,18065753938052
9976696804408,18065765228583
9976715311408,18065776059232
9976733820408,18065787856181
9976752328408,18065798320224
9976770831408,18065813419771
9976789340408,18065830751129
9976807846408,18065849938933
9976826353408,18065866161782
9976844860408,18065878078678
9976863369408,18065890444608
9976881876408,18065902273698
9976900381408,18065918689445
9976918889408,18065931716512
9976937395408,18065943892404
9976955901408,18065955782390
9976974409408,18065972660369
9976992915408,18065984027068
9977011423408,18065997571964
9977029930408,18066008722558
9977048437408,18066025459845
9977066945408,18066037983322
9977085452408,18066052096417
9977103958408,18066067533115
9977122466408,18066079494560
9977140971408,18066092680479
9977159483408,18066103940538
9977177987408,18066116980712
9977196494408,18066129444677
9977215000408,18066142920693
9977233509408,18066156384753
9977252014408,18066172125778
9977270521408,18066184933670
9977289027408,18066197589031
9977307534408,18066213375991
9977326053408,18066224539307
9977344550408,18066236086077
9977363067408,18066249929390
9977381563408,18066264977145
9977400070408,18066276663238
9977418578408,18066289971400
9977437086408,18066301671820
9977455591408,18066315690028
9977474098408,18066327725272
9977492605408,18066339403976
9977511113408,18066351311663
9977529619408,18066367160433
9977548126408,18066378820112
9977566633408,18066391405609
9977585141408,18066403276060
9977603646408,18066419205434
9977622153408,18066432827553
9977640659408,18066447815628
9977659168408,18066463201940
9977677673408,18066474884118
9977696182408,18066488102742
9977714687408,18066503503729
9977733196408,18066515091173
9977751702408,18066527702825
9977770210408,18066540389201
9977788719408,18066552562753
9977807222408,18066564870025
9977825730408,18066577917954
9977844239408,18066592743490
9977862744408,18066607514469
9977881251408,18066620348883
9977899759408,18066635833755
9977918267408,18066651188519
9977936773408,18066663520438
9977955280408,18066677930694
9977973786408,18066693047331
9977992292408,18066704621373
9978010799408,18066716237575
9978029308408,18066728389201
9978047814408,18066739091746
9978066321408,18066753457493
9978084828408,18066770483218
9978103336408,18066784359988
9978121843408,18066797488440
9978140351408,18066810200567
9978158856408,18066825813137
9978177363408,18066838148277
9978195869408,18066853162632
9978214376408,18066867143776
9978232884408,18066880512275
9978251392408,18066893641585
9978269899408,18066907656272
9978288405408,18066920823151
9978306911408,18066936391149
9978325419408,18066952335198
9978343926408,18066969263791
9978362433408,18066981311955
9978380938408,18066996387903
9978399447408,18067011839206
9978417952408,18067024474853
9978436461408,18067036215751
9978454968408,18067049521797
9978473476408,18067065685138
9978491985408,18067077528837
9978510488408,18067094747017
9978528995408,18067107380840
9978547503408,18067120499894
9978566010408,18067136522219
9978584517408,18067150213072
9978603024408,18067165496620
9978621532408,18067180631654
9978640037408,18067195395323
9978658544408,18067210164331
9978677051408,18067222406171
9978695558408,18067239160435
9978714064408,18067254788424
9978732571408,18067270433562
9978751086408,18067283796062
9978769586408,18067299279201
9978788099408,18067314607899
9978806601408,18067330656900
9978825109408,18067342941723
9978862120408,18067357474882
9978880628408,18067375538371
9978899134408,18067389530239
9978917641408,18067402510763
9978936149408,18067420884826
9978954656408,18067436674267
9978973165408,18067449492512
9978991670408,18067464631122
9979010177408,18067482021188
9979028685408,18067499211774
9979047189408,18067515993305
9979065696408,18067532246264
9979121218408,18067549330378
9979139725408,18067566410158
9979158234408,18067583281293
9979176740408,18067600940285
9979195245408,18067617335913
9979213752408,18067634614913
9979232260408,18067651623791
9979250768408,18067668491696
9979269273408,18067685151838
9979287780408,18067703301170
9979306288408,18067720702397
9979324796408,18067733918359
9979343301408,18067751401766
9979361808408,18067768824958
9979380315408,18067785930052
9979398822408,18067802384261
9979417329408,18067818318591
9979435837408,18067836045424
9979454343408,18067853533217
9979472849408,18067868733510
9979491357408,18067885559508
9979509864408,18067902476517
9979528373408,18067918500325
9979546877408,18067935571234
9979565385408,18067951940444
9979583893408,18067970027317
9979602400408,18067987249129
9979620905408,18068004867756
9979639414408,18068020728708
9979657921408,18068038089252
9979676429408,18068056896053
9979694934408,18068073987847
9979713442408,18068091020939
9979731949408,18068106522463
9979750455408,18068123332145
9979768960408,18068139836717
9979787468408,18068155696569
9979805975408,18068170880825
9979824482408,18068187915516
9979842989408,18068203833437
9979861498408,18068219612562
9979880005408,18068232096013
9979898510408,18068243817223
9979917017408,18068259812578
9979935524408,18068270940336
9979954031408,18068283698677
9979972539408,18068295677767
9979991045408,18068305660885
9980009554408,18068317046100
9980028059408,18068326958439
9980046566408,18068343160541
9980065073408,18068354289839
9980083581408,18068366965106
9980102086408,18068378582036
9980120594408,18068394501865
9980139100408,18068407736690
9980157608408,18068420280922
9980176115408,18068433251913
9980194623408,18068448953793
9980213132408,18068463440426
9980231637408,18068476332583
9980250144408,18068491869299
9980268650408,18068503092374
9980287157408,18068514657873
9980305664408,18068530762460
9980324171408,18068541902795
9980342679408,18068556580432
9980361187408,18068571545532
9980379691408,18068583354781
9980398199408,18068599484052
9980416705408,18068611773690
9980435214408,18068624348182
9980453718408,18068636353718
9980472226408,18068651910699
9980490732408,18068665396906
9980509241408,18068680980746
9980527750408,18068697146266
9980546256408,18068708760113
9980564765408,18068722068068
9980583270408,18068733701339
9980601775408,18068746803672
9980620282408,18068761882505
9980638789408,18068774074554
9980657296408,18068787096482
9980675803408,18068799703160
9980694312408,18068812429599
9980712819408,18068824907390
9980731324408,18068842007857
9980749831408,18068858346526
9980768339408,18068873974733
9980786845408,18068890364873
9980805352408,18068905987166
9980823858408,18068920010908
9980842365408,18068933039790
9980860874408,18068949183985
9980879380408,18068964502907
9980897888408,18068977903746
9980916397408,18068995605039
9980934901408,18069007937810
9980953408408,18069021011010
9980971914408,18069036553494
9980990422408,18069053945917
9981008928408,18069069545761
9981027437408,18069084753916
9981045945408,18069101258132
9981064452408,18069116316863
9981082957408,18069131697943
9981101465408,18069146385491
9981119971408,18069163799302
9981138477408,18069180248792
9981156985408,18069196711855
9981175491408,18069214185563
9981193997408,18069229824672
9981212506408,18069246260275
9981231012408,18069264144179
9981249521408,18069283676928
9981268030408,18069301318892
9981286533408,18069318367035
9981305040408,18069335999313
9981323547408,18069352736663
9981342055408,18069369144701
9981360562408,18069385368992
9981379070408,18069400983841
9981397577408,18069418136047
9981416082408,18069435057254
9981434590408,18069458566891
9981453096408,18069476154073
9981471603408,18069494136784
9981490109408,18069509331787
9981508617408,18069530339996
9981527123408,18069549148312
9981545631408,18069568500307
9981564143408,18069586099181
9981582646408,18069602295430
9981601154408,18069618307035
9981619662408,18069632906195
9981638166408,18069649635766
9981656674408,18069666121291
9981675180408,18069682312773
9981693687408,18069699656346
9981712194408,18069715063497
9981730703408,18069729980100
9981749211408,18069748104068
9981767716408,18069766433104
9981786222408,18069782745922
9981804728408,18069800273719
9981823236408,18069817498417
9981841742408,18069834340812
9981860250408,18069849092326
9981878756408,18069862734513
9981897263408,18069880566084
9981915770408,18069896397646
9981934280408,18069911905106
9981952787408,18069926971013
9981971294408,18069940512203
9981989798408,18069953803326
9982008306408,18069967412358
9982026812408,18069982721006
9982045320408,18069997954660
9982063826408,18070012711990
9982082335408,18070027218282
9982100844408,18070040051262
9982119347408,18070053688476
9982137854408,18070067787227
9982156362408,18070082025093
9982174868408,18070093424159
9982193375408,18070105724543
9982211883408,18070117319513
9982230389408,18070129601988
9982248895408,18070145814648
9982267404408,18070158985931
9982304420408,18070171647453
9982322924408,18070184441623
9982341431408,18070196698070
9982359937408,18070207496552
9982378445408,18070224042364
9982396952408,18070235240348
9982415459408,18070246941429
9982433968408,18070257748654
9982452475408,18070269716477
9982470979408,18070281395908
9982489487408,18070293449267
9982507993408,18070309477494
9982526501408,18070320520680
9982545008408,18070333073205
9982563515408,18070348707428
9982582020408,18070360460630
9982600529408,18070373726365
9982619036408,18070386417165
9982637546408,18070400125497
9982656051408,18070411171721
9982674557408,18070423550725
9982693064408,18070437444259
9982711572408,18070452697443
9982730077408,18070464450131
9982748586408,18070476798564
9982767092408,18070487978809
9982785600408,18070501547877
9982804109408,18070514279873
9982822612408,18070530117002
9982841119408,18070542729666
9982859627408,18070554061525
9982878133408,18070566485216
9982896641408,18070578771498
9982915148408,18070590239796
9982933654408,18070602915343
9982952160408,18070617367167
9982970669408,18070632144979
9982989181408,18070647553661
9983007684408,18070662409089
9983026189408,18070676968882
9983044697408,18070688011395
9983063203408,18070699278369
9983081710408,18070712681414
9983100218408,18070728591924
9983118725408,18070739684136
9983137233408,18070755178267
9983155738408,18070767220301
9983174245408,18070778932216
9983192752408,18070791896814
9983211259408,18070807493278
9983229765408,18070821855779
9983248274408,18070835238883
9983266781408,18070851526750
9983285286408,18070866989705
9983303793408,18070880839321
9983322301408,18070892677449
9983340809408,18070908747922
9983359315408,18070921818539
9983377823408,18070935553476
9983396329408,18070949615880
9983414835408,18070962952526
9983433344408,18070975355166
9983451849408,18070990322095
9983470358408,18071007907484
9983488865408,18071022573789
9983507371408,18071038013975
9983525877408,18071052079236
9983544385408,18071067252862
9983562892408,18071082532564
9983581400408,18071099041240
9983599906408,18071114824238
9983618414408,18071130528153
9983636919408,18071143834433
9983655426408,18071156721292
9983673934408,18071172292957
9983692443408,18071186033777
9983710947408,18071200326554
9983729455408,18071215439346
9983747963408,18071230259647
9983766469408,18071244931738
9983784976408,18071258146271
9983803487408,18071270501030
9983821990408,18071285303173
9983840500408,18071296240565
9983859002408,18071311518628
9983877510408,18071325392317
9983896016408,18071341831673
9983914524408,18071356403581
9983933031408,18071367076720
9983951540408,18071378650564
9983970047408,18071389609994
9983988552408,18071406028629
9984007058408,18071417632610
9984025568408,18071430328448
9984044075408,18071441902069
9984062580408,18071458140453
9984081087408,18071470769471
9984099595408,18071482124283
9984155115408,18071497074132
9984173623408,18071512451065
9984192132408,18071524930923
9984210635408,18071540761483
9984229142408,18071553727954
9984247649408,18071565556492
9984266156408,18071580690474
9984284664408,18071593201445
9984303170408,18071606024575
9984321679408,18071618447621
9984340185408,18071630664776
9984358691408,18071642585150
9984377204408,18071658927602
9984395709408,18071673384339
9984414212408,18071689041284
9984432721408,18071706283453
9984451226408,18071721183152
9984469733408,18071737188648
9984488240408,18071749291921
9984506749408,18071764768811
9984525256408,18071777638401
9984543761408,18071790963230
9984562269408,18071807213581
9984580775408,18071823063497
9984599282408,18071836908661
9984617790408,18071849973174
9984636296408,18071865649203
9984654803408,18071877728732
9984673312408,18071891729340
9984691816408,18071904384238
9984710323408,18071920125737
9984728833408,18071936287221
9984747340408,18071948506747
9984765845408,18071962630141
9984784352408,18071976327331
9984802859408,18071993121198
9984821366408,18072007569957
9984839872408,18072021530633
9984858380408,18072037313583
9984876888408,18072049602647
9984895393408,18072062942768
9984913900408,18072077041044
9984932407408,18072092029573
9984950914408,18072107527461
9984969422408,18072121339134
9984987928408,18072136026782
9985006436408,18072149281925
9985024944408,18072163219430
9985043449408,18072174993756
9985061955408,18072190057474
9985080466408,18072205866863
9985098970408,18072221166547
9985117478408,18072236121415
9985135984408,18072249317035
9985154491408,18072261331455
9985172997408,18072277347855
9985191505408,18072290943065
9985210013408,18072303358624
9985228521408,18072319236091
9985247025408,18072331498230
9985265533408,18072343801033
9985284041408,18072354591415
9985302547408,18072365976194
9985321053408,18072382562587
9985339561408,18072394418035
9985358069408,18072406804492
9985376577408,18072420559868
9985395081408,18072431603985
9985413588408,18072442568351
9985432097408,18072453915636
9985450604408,18072468946356
9985469109408,18072483703245
9985487616408,18072499023781
9985506123408,18072510677703
9985524631408,18072521797164
9985543137408,18072532687641
9985561646408,18072544080154
9985580154408,18072560747011
9985598658408,18072575536386
9985617166408,18072589360675
9985635673408,18072601366317
9985654179408,18072613733125
9985672687408,18072625976404
9985691193408,18072642013782
9985709702408,18072659167500
9985728209408,18072680910571
9985746714408,18072696888679
9985765220408,18072711177534
9985783732408,18072731558015
9985802237408,18072746492661
9985820742408,18072759998846
9985839249408,18072773379024
9985857756408,18072788899899
9985876263408,18072802483212
9985894771408,18072816730122
9985913279408,18072836682208
9985931787408,18072849322264
9985950292408,18072863242309
9985968800408,18072881451373
9985987305408,18072895758330
9986005812408,18072909594842
9986024319408,18072924992669
9986042827408,18072938399758
9986061336408,18072951449637
9986079839408,18072964866078
9986098347408,18072982727672
9986116854408,18072997237816
9986135363408,18073011614279
9986153868408,18073024020587
9986172375408,18073039859706
9986190881408,18073052133192
9986209389408,18073063958303
9986227897408,18073082800037
9986246404408,18073095564484
9986264911408,18073108575420
9986283418408,18073123699851
9986301924408,18073139055538
9986320430408,18073150066828
9986338937408,18073161851700
9986357444408,18073175858083
9986375951408,18073191017549
9986394460408,18073206033472
9986412967408,18073218509190
9986431472408,18073233834744
9986449980408,18073247784022
9986468486408,18073261824221
9986486992408,18073279881571
9986505501408,18073295081135
9986524007408,18073307926648
9986542514408,18073320624580
9986561021408,18073334623386
9986579529408,18073347526712
9986598037408,18073363259323
9986616546408,18073376812545
9986635050408,18073390366191
9986653556408,18073405510582
9986672063408,18073420419664
9986690570408,18073435986722
9986709076408,18073450267566
9986727584408,18073465531052
9986746093408,18073481943038
9986764600408,18073498545920
9986783105408,18073514043906
9986801611408,18073529835074
9986820117408,18073542610563
9986838625408,18073556628581
9986857133408,18073567786584
9986875640408,18073585405406
9986894147408,18073597009011
9986912654408,18073609078356
9986931161408,18073622517939
9986949669408,18073634195350
9986968177408,18073648461645
9986986681408,18073660247951
9987005188408,18073672738896
9987023695408,18073687420382
9987042202408,18073699789056
9987060709408,18073714313688
9987079217408,18073725529696
9987097726408,18073741938640
9987116234408,18073756529941
9987134738408,18073769806854
9987153244408,18073781304895
9987171751408,18073793191518
9987190264408,18073807373601
9987208765408,18073819510916
9987227272408,18073831473944
9987245780408,18073847554488
9987264286408,18073861342976
9987282795408,18073873126846
9987301302408,18073885376317
9987319810408,18073899505242
9987338314408,18073911487544
9987356821408,18073927800723
9987375328408,18073940652852
9987393835408,18073953200806
9987412343408,18073964902520
9987430851408,18073977196656
9987449358408,18073992985019
9987467866408,18074010855074
9987486370408,18074024571314
9987504876408,18074040011398
9987523384408,18074062084637
9987541891408,18074077496733
9987560398408,18074091645115
9987578905408,18074104011790
9987597413408,18074115842039
9987615919408,18074131954410
9987634428408,18074143790502
9987652934408,18074156999541
9987671442408,18074168588704
9987689948408,18074184616640
9987708455408,18074198731480
9987726960408,18074210015665
9987745468408,18074226245218
9987763975408,18074238196445
9987782484408,18074251603314
9987800991408,18074263177826
9987819496408,18074276110180
9987838003408,18074288499913
9987856511408,18074299806010
9987875017408,18074314601189
9987893524408,18074326076394
9987912031408,18074341111933
9987930538408,18074354377635
9987949046408,18074366084831
9987967552408,18074382265286
9987986059408,18074393587236
9988004568408,18074405611383
9988023072408,18074416772762
9988041580408,18074429110864
9988060087408,18074440221625
9988078595408,18074453281085
9988097100408,18074466426772
9988115609408,18074477514073
9988134116408,18074494018838
9988152624408,18074506394201
9988171129408,18074518559902
9988189636408,18074533460364
9988208142408,18074547398420
9988226649408,18074562696625
9988245156408,18074573622276
9988263663408,18074590993682
9988282172408,18074602603904
9988300678408,18074615562865
9988319184408,18074627860443
9988337692408,18074643615177
9988356200408,18074656073107
9988374707408,18074668187713
9988393211408,18074679907517
9988411720408,18074692557802
9988430226408,18074708389205
9988448734408,18074726576808
9988467242408,18074740857249
9988485749408,18074753769897
9988504257408,18074766203875
9988522761408,18074777480928
9988541268408,18074789944662
9988559775408,18074802444234
9988578281408,18074818241768
9988596790408,18074830090273
9988615300408,18074842773916
9988633805408,18074853738349
9988652309408,18074864947778
9988670818408,18074881317968
9988689325408,18074897658299
9988707834408,18074910767051
9988726337408,18074925073961
9988744845408,18074940324667
9988763352408,18074958675200
9988781858408,18074972215761
9988800366408,18074983604888
9988818873408,18074996516679
9988837381408,18075008140113
9988855889408,18075024726991
9988874394408,18075035986172
9988892900408,18075047574746
9988911407408,18075059454186
9988929913408,18075071312968
9988948421408,18075087317536
9988966928408,18075101457689
9988985435408,18075116409974
9989003942408,18075129140379
9989022451408,18075143238703
9989040958408,18075155911808
9989059466408,18075168487067
9989077970408,18075184564160
9989096477408,18075200491616
9989114984408,18075214199188
9989133491408,18075227102600
9989151997408,18075238094007
9989170506408,18075252850760
9989189013408,18075266905090
9989207519408,18075278979728
