#t_ns,in_ts
7465093169994,12625136334104
7465126453394,12625147611616
7465159742594,12625159657976
7465193037794,12625169732694
7465226321594,12625176025493
7465259611794,12625188082541
7465292898794,12625194943094
7465326188294,12625202192510
7465359478694,12625209855940
7465392767994,12625219957227
7465426056294,12625227862866
7465459346694,12625234704611
7465492636594,12625240826618
7465525926094,12625247538559
7465559214494,12625253633093
7465592503494,12625259128582
7465625799994,12625268213337
7465659082094,12625275744066
7465692371694,12625282497137
7465725667494,12625289058960
7465758950894,12625295417383
7465792239894,12625301963836
7465825536094,12625309920006
7465858822394,12625316910327
7465892129894,12625323587215
7465925404594,12625331920000
7465958686294,12625339734552
7465991989594,12625346968063
7466025264894,12625355361427
7466058554294,12625362637776
7466091845194,12625369044625
7466125134394,12625376365260
7466158422994,12625385382192
7466191713994,12625391988648
7466225003394,12625398317495
7466258291294,12625405165107
7466291581494,12625412527471
7466324869494,12625419479476
7466358195394,12625426383623
7466391448094,12625433117307
7466424737994,12625440205219
7466458034094,12625447075704
7466491318694,12625453848558
7466524605794,12625462855137
7466557902394,12625471666984
7466591185594,12625480150746
7466624474194,12625488619902
7466657770694,12625497170821
7466691054094,12625505716488
7466724343894,12625513590313
7466757633294,12625524714370
7466790921094,12625534812024
7466824211194,12625543455302
7466857501194,12625552900501
7466890789594,12625561724000
7466924079694,12625570482511
7466957369294,12625579869341
7466990657294,12625590311470
7467023947494,12625600016181
7467057237294,12625609475656
7467090530894,12625619275089
7467123815894,12625628078510
7467157104094,12625636016362
7467190400694,12625644116039
7467223705794,12625653223212
7467256971994,12625664034808
7467290268294,12625673190336
7467323577194,12625683033999
7467356840694,12625691815164
7467390137194,12625701320024
7467423431594,12625710757505
7467456709994,12625721250203
7467489999494,12625730442579
7467523287594,12625739243715
7467556578294,12625748431053
7467589866294,12625756202445
7467623155794,12625764078130
7467656445894,12625770906063
7467689735094,12625779632994
7467723023194,12625787563193
7467756314194,12625795058139
7467789603994,12625803204699
7467822899794,12625811048785
7467856199994,12625820998847
7467889470894,12625829247263
7467922768194,12625839665371
7467956049894,12625848314795
7467989338794,12625855994902
7468022634994,12625864263015
7468055918494,12625872172965
7468089206994,12625881254080
7468122503794,12625888988399
7468155786794,12625898414669
7468189076194,12625907449279
7468222365494,12625914928201
7468255653694,12625923721182
7468288944194,12625932439777
7468322232594,12625940908161
7468355521594,12625949509379
7468388812394,12625959095800
7468422102794,12625967864777
7468455390194,12625976449962
7468488680894,12625985835577
7468521971194,12625994458856
7468555287194,12626003565670
7468588548294,12626011512391
7468621836894,12626021999365
7468655154194,12626030473162
7468688416094,12626038984743
7468721705794,12626048298801
7468755001294,12626056496250
7468788284494,12626064779373
7468821573094,12626073319615
7468854871494,12626082103440
7468888154394,12626091301721
7468921441294,12626100244955
7468954732294,12626108906217
7468988020194,12626117122778
7469021310294,12626123833960
7469054599194,12626132422397
7469087888494,12626142264802
7469121178694,12626150971619
7469154469294,12626158962437
7469187756594,12626167261419
7469221046894,12626176220442
7469254337494,12626184356897
7469287628494,12626193026525
7469320915094,12626201869566
7469354203194,12626210683114
7469387502394,12626219070192
7469420783694,12626227496102
7469454071994,12626237302202
7469487367794,12626246948665
7469520653194,12626256087338
7469553939694,12626265685176
7469587236294,12626276339492
7469620519794,12626286492538
7469653807894,12626295292311
7469687098394,12626303309409
7469720403594,12626311721128
7469753676794,12626319902845
7469786966494,12626329427151
7469820255194,12626338123762
7469853545394,12626347172075
7469886833494,12626355626804
7469920122994,12626364229927
7469953413294,12626372583338
7469986737294,12626381026534
7470019993894,12626390827761
7470053281394,12626400611990
7470086571094,12626410309543
7470119866994,12626419147961
7470153150094,12626427674924
7470186438294,12626437076458
7470219735494,12626445133569
7470253016694,12626453725544
7470286306294,12626462070571
7470319602794,12626470686035
7470352887394,12626480366221
7470386174294,12626488729618
7470419464394,12626497156150
7470452755094,12626505787110
7470486044294,12626516216934
7470519333094,12626526996480
7470552621094,12626537897172
7470585912794,12626547142269
7470619200394,12626556189722
7470652489394,12626565686739
7470685780094,12626575225528
7470719068994,12626585599421
7470752361194,12626594954544
7470785648094,12626604165634
7470818937594,12626613301349
7470852237994,12626621077310
7470885515594,12626629239125
7470918804594,12626638431289
7470952101294,12626648086471
7470985383294,12626656817512
7471018672494,12626665464995
7471051969194,12626674216890
7471085252094,12626683086675
7471118540694,12626691798343
7471151831394,12626701516580
7471185121394,12626711100445
7471218408894,12626720117423
7471251699594,12626729699534
7471284987594,12626738616992
7471318301294,12626747480583
7471351566294,12626757302706
7471384855594,12626766038418
7471418146594,12626775444436
7471451435394,12626785703404
7471484726894,12626795447961
7471518014394,12626803619687
7471551305294,12626812287866
7471584597694,12626820124818
7471617882694,12626828633970
7471651170894,12626837445418
7471684466794,12626846327948
7471717750494,12626854847749
7471751038594,12626863670509
7471784335794,12626872434340
7471817619394,12626880842182
7471850906994,12626890326441
7471884197694,12626899142624
7471917487594,12626907367790
7471950775094,12626915418241
7471984065694,12626923203222
7472017376094,12626931098321
7472050644294,12626939229043
7472083934294,12626947382112
7472117222094,12626956019277
7472150512194,12626964463886
7472183814994,12626972988785
7472217093394,12626982171554
7472250380794,12626989813255
7472283669794,12626997335024
7472316964994,12627005816897
7472350248994,12627015162914
7472383538494,12627025633348
7472416833794,12627035677327
7472450116794,12627045325674
7472483405694,12627054488570
7472516702294,12627063961025
7472549983894,12627073803061
7472583273594,12627084727679
7472616564094,12627094425584
7472649903394,12627103562029
7472683141694,12627112503591
7472716431894,12627121581283
7472749721594,12627130291089
7472783010494,12627139081983
7472816303294,12627150030907
7472849588394,12627159516603
7472882879694,12627168859761
7472916167694,12627178800268
7472949459594,12627188703639
7472982747694,12627198498928
7473016036994,12627207738716
7473049330394,12627218189947
7473082615294,12627228331467
7473115904994,12627238859182
7473149200694,12627248060618
7473182483094,12627258066465
7473215771994,12627265497184
7473249069694,12627272058521
7473282350094,12627282274661
7473315639694,12627289216194
7473348930194,12627297171202
7473382219494,12627305962259
7473415507894,12627314101764
7473448798194,12627322943001
7473482092894,12627331550914
7473515398494,12627340672700
7473548666894,12627349418380
7473581962994,12627357305807
7473615255094,12627365794626
7473648533494,12627374412266
7473681825894,12627383491247
7473715113794,12627393147340
7473748403094,12627402883786
7473781696794,12627412071597
7473814981694,12627420915368
7473848271794,12627428663259
7473881564894,12627437896589
7473914849294,12627445470917
7473948138094,12627454011466
7473981468294,12627463973673
7474014716994,12627471945150
7474048006394,12627480512157
7474081296694,12627489340007
7474114587194,12627498109113
7474147874594,12627508134945
7474181164794,12627517461919
7474214453994,12627528500036
7474247742394,12627537466596
7474281032794,12627545563127
7474314348494,12627555352177
7474347612394,12627564391197
7474380901094,12627573501040
7474414192394,12627582509121
7474447480294,12627593109209
7474480769294,12627603272004
7474514063394,12627612350586
7474547348294,12627621700311
7474580637594,12627630146939
7474613931494,12627638603125
7474647217594,12627647178280
7474680504494,12627656897645
7474713801094,12627665510860
7474747084494,12627674500458
7474780373194,12627684032477
7474813663494,12627693997620
7474846973694,12627702474919
7474880241194,12627711390547
7474913531494,12627722015061
7474946843694,12627731815487
7474980108894,12627742095169
7475013399394,12627752877283
7475046714594,12627762079680
7475079978194,12627769736243
7475113267794,12627778011485
7475146558894,12627786600777
7475179846694,12627794255783
7475213134294,12627802072577
7475246429794,12627810080022
7475279714094,12627817571584
7475313043694,12627825009892
7475346297794,12627832251355
7475379582194,12627840197644
7475412872094,12627849126525
7475446167894,12627857024380
7475479466794,12627865663617
7475512739094,12627873158376
7475546030594,12627881038639
7475579317794,12627888734843
7475612607394,12627897061002
7475645897594,12627904102273
7475679186794,12627912170445
7475712475594,12627919474389
7475745765894,12627927476561
7475779055494,12627934739784
7475812344794,12627942380702
7475845634094,12627951534224
7475878924794,12627959950155
7475912212894,12627967733564
7475945500694,12627976700574
7475978796094,12627984775220
7476012080794,12627992125397
7476045371494,12628000337715
7476078664394,12628009673752
7476111948894,12628017516478
7476145239794,12628025134326
7476178555694,12628032500771
7476211816994,12628038934021
7476245105594,12628045268484
7476278419594,12628050938095
7476311684594,12628057521952
7476344973794,12628064177446
7476378264194,12628071082004
7476411553194,12628076972947
7476444841794,12628082590103
7476478132294,12628088289162
7476511422694,12628093424159
7476544709594,12628099780649
7476578000194,12628106872245
7476611291094,12628113101796
7476644579194,12628119925568
7476677867294,12628126084310
7476711162394,12628132318162
7476744447594,12628137943914
7476777737294,12628144917520
7476811030594,12628152287099
7476844314994,12628159450294
7476877605894,12628166646183
7476910899894,12628172461536
7476944183594,12628179378568
7476977471894,12628185731446
7477010762494,12628192569221
7477044051994,12628199856446
7477077340094,12628206414329
7477110630294,12628213635733
7477143918994,12628220117061
7477177208194,12628226936837
7477210498494,12628233661562
7477243788594,12628241314875
7477277076294,12628248712152
7477310366894,12628255784319
7477343686894,12628263848397
7477376948794,12628270485996
7477410234694,12628278133831
7477443528994,12628284521225
7477476813894,12628292844871
7477510101894,12628300575687
7477543397994,12628307650382
7477576681894,12628314402316
7477610001994,12628320861890
7477643265394,12628327182966
7477676550094,12628332724808
7477709839594,12628339251968
7477743128994,12628345403561
7477776418094,12628351247308
7477809708194,12628356954145
7477842997394,12628362547124
7477876285394,12628367943054
7477909574794,12628372862710
7477942864994,12628379431545
7477976155094,12628385978253
7478009442394,12628392068708
7478042733194,12628398385667
7478076026794,12628404393518
7478109312594,12628410492520
7478142601294,12628416464480
7478175896094,12628423562297
7478209180494,12628430508131
7478242468694,12628438451378
7478275763694,12628445777004
7478309047894,12628453561670
7478342337394,12628460992732
7478375632594,12628467761690
7478408916494,12628475302531
7478442206194,12628482794401
7478475495494,12628490436558
7478508784594,12628497966740
7478542072994,12628504800063
7478575363794,12628511864340
7478608651794,12628519790932
7478641940994,12628528051885
7478675231094,12628536193123
7478708520494,12628544764181
7478741809194,12628552739375
7478775099494,12628560067650
7478808392494,12628566760350
7478841677494,12628574410939
7478874968094,12628581699464
7478908262594,12628590151205
7478941566694,12628598279591
7478974834394,12628605263377
7479008129894,12628612627528
7479041414694,12628618924094
7479074703894,12628625466025
7479107998594,12628633436072
7479141318594,12628640926620
7479174573094,12628648656382
7479207860394,12628655609311
7479241150694,12628662281090
7479274443094,12628674038186
7479307728994,12628684813634
7479341018994,12628695572993
7479374307594,12628703729929
7479407597894,12628711191759
7479440887794,12628717638612
7479474175494,12628725221978
7479507466294,12628731592943
7479540758894,12628738366473
7479574043694,12628745348193
7479607333994,12628751884622
7479640660994,12628759013751
7479673912694,12628765911494
7479707201894,12628772214738
7479740496394,12628778653147
7479773780994,12628785274111
7479807079194,12628793495962
7479840364794,12628801291443
7479873649094,12628809065406
7479906938794,12628816639771
7479940226994,12628823460564
7479973517794,12628830598528
7480006806994,12628837658654
7480040111994,12628847951404
7480073385794,12628858738485
7480106673494,12628868728240
7480139963894,12628877776452
7480173252694,12628886224486
7480206541794,12628893932201
7480239832394,12628902240196
7480273172794,12628910628048
7480306410094,12628918538895
7480339700194,12628926849534
7480373023894,12628933986614
7480406278994,12628941615416
7480439568594,12628949012748
7480472862794,12628955071084
7480506148294,12628962894117
7480539435894,12628970758560
7480572730794,12628978376787
7480606015494,12628986889825
7480639304594,12628993745655
7480672593094,12629000829853
7480705883794,12629008096593
7480739173194,12629019192770
7480772462894,12629028437668
7480805751794,12629037508862
7480839039994,12629045920797
7480872331494,12629053386530
7480905619194,12629059930425
7480938908194,12629066632574
7480972198394,12629074808796
7481005489794,12629082795845
7481038776094,12629090203102
7481072066694,12629097401459
7481105362594,12629102681213
7481138661894,12629109433825
7481171937794,12629115434859
7481205229694,12629123721373
7481238522794,12629130886677
7481271802394,12629136862097
7481305097894,12629144670527
7481338381894,12629150336089
7481371671294,12629156392604
7481404959494,12629161858002
7481438250294,12629169158470
7481471540594,12629177126029
7481504827494,12629184321513
7481538118194,12629191651629
7481571407194,12629198924468
7481604730794,12629206272479
7481637985294,12629213096712
7481671274794,12629221302854
7481704565394,12629228634120
7481737857994,12629236005818
7481771142994,12629243497346
7481804433794,12629251963101
7481837728494,12629259321405
7481871011194,12629266839650
7481904301594,12629275720994
7481937636894,12629281866720
7481970882094,12629290165462
7482004170094,12629298499072
7482037463894,12629306573595
7482070748194,12629314986076
7482104037994,12629323540546
7482137325894,12629332469189
7482170616394,12629339399117
7482203906994,12629346789796
7482237193894,12629353177179
7482270484594,12629361380027
7482303772894,12629370673659
7482337063194,12629379549193
7482370353194,12629388665447
7482403641394,12629398558275
7482436931294,12629408827326
7482470243894,12629414453753
7482503508994,12629421909218
7482536799994,12629427913143
7482570099394,12629434208243
7482603377394,12629441654496
7482636667694,12629449671125
7482669991894,12629458093826
7482703249894,12629465841797
7482736536594,12629474374535
7482769830494,12629483219387
7482803114894,12629490031475
7482836403294,12629499783992
7482869692694,12629507200732
7482902982794,12629514888802
7482936328894,12629524779611
7482969560394,12629532406139
7483002850994,12629541370425
7483036140694,12629549125802
7483069429894,12629555602270
7483102719094,12629560740846
7483136007694,12629564643535
7483169298894,12629568820614
7483202587194,12629573171338
7483235875894,12629577527360
7483269166294,12629581428220
7483302460994,12629586742165
7483335744294,12629592270134
7483369034394,12629598292614
7483402329894,12629603694660
7483435613894,12629609310927
7483468902694,12629614113292
7483502197494,12629619512323
7483535481994,12629624867038
7483568769794,12629629981306
7483602058894,12629635577637
7483635349594,12629640761459
7483668639694,12629645960148
7483701926994,12629650664575
7483735217494,12629656336421
7483768508194,12629662664977
7483801824194,12629669493417
7483835085494,12629675301712
7483868374094,12629680152184
7483901678394,12629685775058
7483934953894,12629690589067
7483968242194,12629695197542
7484001532494,12629705366318
7484034828094,12629713852066
7484068110194,12629720781974
7484101400594,12629728839725
7484134697294,12629737013550
7484167978194,12629743967394
7484201269094,12629750139480
7484234563594,12629757424998
7484267847594,12629765769333
7484301135794,12629772442395
7484334425394,12629779993461
7484367715594,12629786300507
7484401006194,12629793744856
7484434293394,12629800765891
7484467584494,12629808260607
7484500874294,12629818699491
7484534162094,12629828310500
7484567451994,12629836083762
7484600743794,12629843276071
7484634030294,12629850762070
7484667320894,12629858116314
7484700608794,12629865361588
7484733899094,12629871265238
7484767194994,12629878422830
7484800476194,12629883608456
7484833767294,12629888970347
7484867063594,12629894319227
7484900345794,12629899561032
7484933635194,12629907914591
7484966981694,12629915365847
7485000213394,12629923269241
7485033503594,12629930261618
7485066792094,12629935876495
7485100082294,12629942149653
7485133370694,12629952953352
7485166659694,12629963970849
7485199950294,12629972231988
7485233265894,12629979930419
7485266527594,12629988167145
7485299818594,12629995306175
7485333107894,12630001857409
7485366396794,12630008318934
7485399687394,12630016085194
7485432975294,12630021818379
7485466265594,12630028488818
7485499559594,12630034236890
7485532843094,12630040588590
7485566133794,12630050544866
7485599429394,12630059363163
7485632710994,12630067314949
7485666001594,12630072372384
7485699298994,12630078782782
7485732581094,12630085513144
7485765869794,12630092259212
7485799158194,12630099190488
7485832449294,12630105408843
7485865736994,12630112229391
7485899026394,12630118792974
7485932316594,12630125303634
7485965605794,12630131950635
7485998894094,12630138162343
7486032184894,12630144318474
7486065474594,12630150651764
7486098763694,12630157400830
7486132053194,12630162847810
7486165341394,12630169284679
7486198631694,12630174453480
7486231925794,12630179884550
7486265209294,12630185493179
7486298499994,12630191758320
7486331795094,12630198260484
7486365077694,12630203496167
7486398368094,12630210142286
7486431664994,12630216302864
7486464945094,12630222432798
7486498248994,12630229175392
7486531524694,12630234861752
7486564848394,12630241709507
7486598103394,12630247948947
7486631393194,12630254396489
7486664683094,12630261480876
7486697972194,12630267739741
7486731260794,12630273170877
7486764551394,12630279068451
7486797841694,12630284966547
7486831128894,12630290661884
7486864419194,12630296870196
7486897708094,12630302615048
7486930997994,12630308431984
7486964291694,12630314703179
7486997575294,12630320661357
7487030866294,12630327850270
7487064162794,12630333698947
7487097443494,12630339756475
7487130733994,12630345804483
7487164031294,12630352517657
7487197311994,12630358867915
7487230602694,12630365065990
7487263891194,12630371967252
7487297180694,12630378163906
7487330471294,12630386273356
7487363759194,12630392709966
7487397049494,12630398399247
7487430340294,12630404293409
7487463627294,12630414301419
7487496917094,12630423216829
7487530206494,12630430448924
7487563495394,12630436425285
7487596786094,12630441816103
7487630075594,12630446499877
7487663363994,12630451582594
7487696660094,12630456728473
7487729942394,12630464492578
7487763232794,12630471894350
7487796527194,12630478755756
7487829811094,12630484211121
7487863100694,12630491703559
7487896429394,12630497260376
7487929678494,12630504456031
7487962968894,12630513376048
7487996296294,12630520005525
7488029559094,12630526510122
7488062837094,12630533176677
7488096125294,12630539571810
7488129416294,12630544559334
7488162704494,12630550027804
7488195993894,12630556885610
7488229283894,12630562760051
7488262573094,12630568621796
7488295861894,12630574700917
7488329152194,12630580908740
7488362441694,12630586326568
7488395731994,12630591449043
7488429025994,12630597930320
7488462308494,12630604989233
7488495599894,12630610852235
7488528893194,12630616701480
7488562176194,12630622836604
7488595466894,12630628960452
7488628762894,12630635700984
7488662044494,12630643174645
7488695335294,12630651739477
7488728631594,12630658704526
7488761922594,12630665609941
7488795202994,12630671398041
7488828491994,12630677961813
7488861781994,12630683978745
7488895070394,12630691178822
7488928360194,12630697430300
7488961650294,12630703634314
7488994939594,12630708870002
7489028228194,12630715547562
7489061518694,12630722204483
7489094808794,12630728779511
7489128095894,12630735970525
7489161395194,12630743926658
7489194675094,12630751270217
7489227985394,12630758688080
7489261259194,12630765862972
7489294543494,12630772739350
7489327833194,12630779694485
7489361130894,12630787470579
7489394410894,12630794442911
7489427701394,12630801618654
7489460994194,12630808632073
7489494279894,12630813782476
7489527570094,12630819365215
7489560859494,12630826314690
7489594147694,12630834709996
7489627437994,12630842914459
7489660726294,12630849744223
7489694016694,12630857450386
7489727306594,12630865298368
7489760594194,12630873170999
7489793885094,12630880288412
7489827175194,12630887022278
7489860462494,12630893921321
7489893758494,12630901622165
7489927053194,12630909564714
7489960331794,12630917084784
7489993626594,12630924800379
7490026909594,12630931830489
7490060200194,12630940667571
7490093510394,12630948891981
7490126777394,12630957254667
7490160068094,12630964593752
7490193363994,12630972033760
7490226644994,12630980258795
7490259935894,12630987952961
7490293225794,12630995733079
7490326514794,12631003968016
7490359804694,12631012524761
7490393092894,12631019877325
7490426383194,12631027548372
7490459671494,12631034837068
7490492960894,12631042247243
7490526251194,12631050373863
7490559591494,12631057800110
7490592828294,12631064924552
7490626124594,12631071844786
7490659408794,12631078506729
7490692698494,12631085432650
7490725993194,12631092252232
7490759275694,12631101346676
7490792567594,12631109292432
7490825860694,12631117518731
7490859144394,12631125686138
7490892434294,12631133238948
7490925729794,12631138648573
7490959011994,12631145971225
7490992302694,12631152272758
7491025592294,12631159561078
7491058885094,12631167585803
7491092170594,12631174467581
7491125459194,12631181904367
7491158749994,12631188745614
7491192037894,12631195237282
7491225327394,12631204250945
7491258617694,12631211945656
7491291907994,12631217870465
7491325195394,12631222929651
7491358490794,12631228506097
7491391776194,12631233585859
7491425086494,12631239359235
7491458359794,12631245854595
7491491643494,12631251700752
7491524942094,12631258012844
7491558226794,12631263634722
7491591510794,12631269450087
7491624800894,12631274776457
7491658096994,12631280289926
7491691378494,12631287498515
7491724669194,12631293329363
7491757959094,12631299679557
7491791246494,12631303974500
7491824536994,12631308084418
7491857825594,12631314389828
7491891148794,12631318702609
7491924404694,12631326847730
7491957693494,12631334534445
7491990983994,12631341758427
7492024273394,12631346917659
7492057561694,12631352499941
7492090856894,12631357313684
7492124142494,12631365712095
7492157429394,12631372868530
7492190726294,12631380527333
7492224009094,12631386998342
7492257298594,12631393837934
7492290594694,12631399289003
7492323876894,12631405025624
7492357167494,12631410886350
7492390463894,12631418867265
7492423744694,12631426556775
7492457035494,12631433070458
7492490325394,12631440235047
7492523613194,12631445116500
7492556903694,12631449839275
7492590193194,12631454863352
7492623482194,12631462510191
7492656771294,12631469966706
7492690060194,12631477210549
7492723350494,12631485083198
7492756660994,12631492818464
7492789928094,12631498389211
7492823223194,12631504909520
7492856523794,12631513484105
7492889796394,12631521357373
7492923092794,12631528891209
7492956379594,12631535302954
7492989665394,12631543386990
7493022960894,12631551608024
7493056243394,12631558360211
7493089533894,12631565898276
7493122825594,12631573567230
7493156111494,12631579597976
7493189401494,12631585070624
7493222731794,12631592624813
7493255979294,12631600574747
7493289269894,12631607435173
7493322560094,12631616421968
7493355849494,12631624740666
7493389137694,12631632816776
7493422426394,12631639588442
7493455717994,12631646269459
7493489005194,12631652931911
7493522294494,12631658466715
7493555589394,12631666484026
7493588873894,12631674475010
7493622163094,12631682460200
7493655458794,12631689294174
7493688742694,12631696888198
7493722038794,12631704582014
7493755327794,12631710567003
7493788615394,12631719155168
7493821900294,12631727510843
7493855191494,12631733489767
7493888477494,12631740816937
7493921768094,12631748532468
7493955057094,12631756325659
7493988345794,12631763793115
7494021636294,12631772492067
7494054927094,12631779411711
7494088239094,12631787454125
7494121504094,12631794240880
7494154792894,12631801589980
7494188105394,12631808104740
7494221371294,12631814936984
7494254660894,12631821844859
7494287955794,12631828449529
7494321240794,12631836206067
7494354529294,12631842787495
7494387825494,12631848742834
7494421111194,12631854913151
7494454397394,12631859320968
7494487694194,12631868830196
7494520975794,12631877014692
7494554300194,12631883922205
7494587561294,12631889736584
7494620844094,12631894401258
7494654134794,12631899954335
7494687427094,12631904978971
7494720712394,12631910020930
7494754002894,12631915712403
7494787293094,12631921495438
7494820580194,12631926549266
7494853887794,12631931776977
7494887159094,12631937695331
7494920449394,12631947831924
7494953738294,12631957745839
7494987027294,12631965329150
7495020322894,12631972406313
7495053606694,12631978254556
7495086895594,12631984681565
7495120191894,12631989440294
7495153475394,12631994504569
7495186763594,12632000921794
7495220059994,12632006519865
7495253343794,12632012373080
7495286632794,12632017442252
7495319928794,12632024166158
7495353210594,12632028751041
7495386501394,12632034728221
7495419788994,12632040762946
7495453078594,12632047590256
7495486369294,12632053533399
7495519687594,12632060253770
7495552947094,12632066623097
7495586237694,12632072953032
7495619526894,12632078245666
7495652815994,12632085169770
7495686105294,12632091443241
7495719393894,12632097357958
7495752689494,12632103362357
7495785972594,12632109709578
7495819262194,12632115360274
7495852558294,12632119961425
7495885842894,12632126796972
7495919129894,12632131521853
7495952426394,12632136958847
7495985710194,12632143385932
7496018999694,12632148413326
7496052294494,12632152936884
7496085576894,12632157539221
7496118868294,12632164479122
7496152155494,12632170871679
7496185444994,12632175952487
7496218735694,12632181919522
7496252024794,12632188154325
7496285313394,12632193292835
7496318603894,12632200210018
7496351893394,12632206914047
7496385186294,12632213762975
7496418471494,12632219781767
7496451760194,12632224854920
7496485055894,12632232252230
7496518338994,12632237741372
7496551628194,12632243426294
7496584924194,12632254570835
7496618208094,12632264137984
7496651496194,12632272744287
7496684792694,12632280457204
7496718076794,12632287113529
7496751401794,12632293602207
7496784661294,12632300656662
7496817943494,12632307551790
7496851271494,12632312846305
7496884521794,12632319379351
7496917811494,12632325413990
7496951101994,12632330343268
7496984392394,12632335431413
7497017679594,12632341581939
7497050970294,12632349471795
7497084259494,12632354441794
7497117547794,12632360735472
7497150837694,12632367525987
7497184128094,12632373490280
7497217420694,12632380182346
7497250706294,12632385664306
7497283994394,12632391670742
7497317290894,12632396938694
7497350574894,12632401324791
7497383862594,12632405866857
7497417159194,12632410598356
7497450443194,12632415281388
7497483730894,12632424907224
7497517027594,12632434969759
7497550320894,12632442331933
7497583600194,12632449496630
7497616889894,12632456080308
7497650177794,12632462245518
7497683468694,12632470225604
7497716761494,12632477397550
7497750046194,12632484908018
7497783336494,12632491733147
7497816625394,12632497406368
7497849913994,12632502975278
7497883204594,12632509111792
7497916493694,12632514933697
7497949787694,12632520828710
7497983072194,12632527656268
7498016361194,12632533970681
7498049657194,12632540396311
7498082939994,12632544923058
7498116229194,12632550836975
7498149525794,12632556536257
7498182831994,12632562733108
7498216096794,12632567491973
7498249394094,12632573672600
7498282677494,12632579575357
7498315966594,12632585101622
7498349256294,12632589983646
7498382544494,12632595920470
7498415835394,12632601963472
7498449123094,12632608334873
7498482412094,12632614066467
7498515702794,12632620796637
7498548991894,12632625796608
7498582280594,12632631646525
7498615571094,12632637112933
7498648863894,12632643387133
7498682154894,12632650404857
7498715438794,12632657299774
7498748727494,12632663982740
7498782025194,12632669821483
7498815305894,12632675885561
7498848595894,12632680740340
7498881891794,12632685720982
7498915176194,12632691331012
7498948463994,12632698264831
7498981760394,12632703872263
7499015044994,12632710511831
7499048344294,12632714934215
7499081622894,12632721198309
7499114926794,12632727846889
7499148203094,12632734945774
7499181489294,12632742341786
7499214778794,12632748120226
7499248069094,12632754404857
7499281358294,12632761080364
7499314646994,12632766382473
7499347937394,12632772774166
7499381227194,12632778839304
7499414518894,12632785869947
7499447805694,12632792942611
7499481093594,12632798836693
7499514421694,12632805274913
7499547672694,12632811975805
7499580962194,12632817478136
7499614258594,12632823033183
7499647541994,12632829500621
7499680830294,12632835497071
7499714126894,12632841356076
7499747410694,12632847917058
7499780698494,12632853837577
7499813988694,12632859687241
7499847276894,12632865106677
7499880567394,12632871738929
7499913856694,12632878896266
7499947145294,12632884649702
7499980435694,12632889806264
7500013725694,12632896112668
7500047013294,12632901934771
7500080304294,12632908802985
7500113594194,12632914528685
7500146886894,12632920651013
7500180171894,12632925696490
7500213460494,12632931310048
7500246756394,12632936968306
7500280039994,12632943189308
7500313328594,12632949819572
7500346624994,12632955805531
7500379927194,12632962206327
7500413196294,12632967802319
7500446492994,12632973076449
7500479780294,12632978663203
7500513064894,12632984088064
7500546361594,12632991909612
7500579660194,12632998985414
7500612933494,12633006479891
7500646223494,12633013570222
7500679511394,12633020186074
7500712802294,12633027224802
7500746089994,12633034590149
7500779379794,12633042791740
7500812669994,12633049864689
7500845996494,12633056332641
7500879250594,12633063153915
7500912538294,12633069455884
7500945828094,12633076323978
7500979123794,12633083173101
7501012406394,12633091213860
7501045694994,12633099427643
7501078992594,12633106551290
7501112273194,12633114805757
7501145563194,12633122521685
7501178859794,12633130122104
7501212142294,12633137066387
7501245430894,12633144920265
7501278721594,12633152901819
7501312010894,12633160677829
7501345301194,12633169209018
7501378589794,12633177423712
7501411877894,12633184528549
7501445168994,12633190093855
7501478456294,12633201463609
7501511746294,12633211843724
7501545036494,12633221530971
7501578325594,12633229973040
7501611616894,12633237843683
7501644905094,12633245642530
7501678195394,12633253537121
7501711510894,12633261608921
7501744772994,12633272993904
7501778061194,12633280308308
7501811378794,12633286395794
7501844639494,12633292319745
7501877929194,12633298089789
7501911226294,12633305636988
7501944508894,12633312520083
7501977797194,12633320346031
7502011087494,12633328784070
7502044377994,12633336550804
7502077665894,12633343957782
7502110956194,12633351570549
7502144244194,12633360809075
7502177534394,12633368536469
7502210823394,12633375812522
7502244112794,12633382732614
7502277403194,12633389542165
7502310692494,12633395699623
7502343983994,12633400543627
7502377270794,12633404481488
7502410561894,12633410205140
7502443871294,12633415915772
7502477139494,12633421321401
7502510427694,12633429473987
7502543723394,12633437702677
7502577220094,12633445701853
7502610295694,12633453482736
7502643592294,12633461588312
7502676875994,12633469537947
7502710164094,12633475994681
7502743454194,12633482529427
7502776743694,12633488357604
7502810031694,12633493599963
7502843322494,12633498974067
7502876611994,12633505201838
7502909900794,12633511077847
7502943190894,12633516403798
7502976479194,12633522296270
7503009769394,12633528085795
7503043087094,12633533790483
7503076349594,12633539444891
7503109637494,12633545303497
7503142943394,12633550263283
7503176220994,12633555549019
7503209505594,12633561678455
7503242794994,12633567165317
7503276090994,12633572787557
7503309373894,12633577258690
7503342661894,12633582634165
7503375959594,12633587549051
7503409242194,12633592373280
7503442530394,12633596698469
7503475820694,12633601399652
7503509109494,12633606517710
7503542397994,12633611768571
7503575688394,12633617945801
7503608979394,12633623180853
7503642268394,12633629461280
7503675557094,12633634080353
7503708845294,12633639511026
7503742136594,12633648573301
7503775424294,12633656842168
7503808715994,12633665266248
7503842003594,12633672457031
7503875292994,12633679426426
7503908587194,12633688419390
7503941872094,12633696539762
7503975165494,12633703442471
7504008457494,12633712860002
7504041740194,12633721183546
7504075028794,12633727853213
7504108326094,12633733926789
7504141608994,12633739071127
7504174896594,12633750761617
7504208187194,12633759096932
7504241476294,12633765612053
7504274764594,12633772771258
7504308055494,12633780864253
7504341348394,12633786737902
7504374632694,12633792478564
7504407923294,12633798331718
7504441211794,12633803374948
7504474536794,12633808396130
7504507789794,12633817191959
7504541082294,12633830747721
7504574370594,12633839959555
7504607660694,12633847649233
7504640953794,12633853734922
7504674238394,12633859868596
7504707528094,12633865742977
7504740821994,12633875267189
7504774106494,12633883110804
7504807395594,12633890826022
7504840691294,12633898433526
7504873973194,12633905760926
7504907262994,12633912569502
7504940553094,12633919773727
7504973843294,12633928663430
7505007130994,12633935563793
7505040421494,12633943228914
7505073711694,12633951401456
7505106999194,12633957037680
7505140289594,12633965260388
7505173604994,12633973673112
7505206868294,12633982241494
7505240158194,12633990321592
7505273448294,12633999515332
7505306736894,12634008269544
7505340026094,12634016642238
7505373319594,12634025200509
7505406604894,12634033451955
7505439894494,12634043119382
7505473191194,12634052394499
7505506473294,12634059558232
7505539760894,12634068062517
7505573058194,12634077370995
7505606341494,12634085867474
7505639629194,12634094765978
7505672919994,12634103619944
7505706207894,12634113636494
7505739497394,12634122769220
7505772787694,12634132192115
7505806112694,12634140431795
7505839364994,12634149555827
7505872655794,12634158273979
7505905970994,12634169080905
7505939234494,12634178786376
7505972523994,12634187387039
7506005814294,12634196567251
7506039104094,12634206492683
7506072390994,12634215461277
7506105686494,12634224888661
7506138970894,12634233746931
7506172260394,12634239633750
7506205554394,12634249192809
7506238840394,12634257766966
7506272128194,12634265674989
7506305425494,12634274040808
7506338707494,12634282323620
7506371995994,12634291849649
7506405287094,12634300423821
7506438574394,12634309416590
7506471863994,12634315587911
7506505154494,12634323522848
7506538444594,12634332301037
7506571731994,12634339531290
7506605022494,12634348546558
7506638314694,12634357623689
7506671600594,12634368545801
7506704890494,12634377866846
7506738181594,12634386242753
7506771469194,12634392049501
7506804757594,12634400280868
7506838052794,12634409892201
7506871339594,12634418939851
7506904626794,12634427288628
7506937921194,12634436368200
7506971205294,12634444984140
7507004495894,12634451254509
7507037789594,12634457307681
7507071073794,12634467289019
7507104362394,12634476397931
7507137688794,12634485505308
7507170940894,12634493826913
7507204229794,12634499628842
7507237520294,12634504933672
7507270809894,12634513361384
7507304098294,12634521664603
7507337388894,12634529771726
7507370695294,12634539088401
7507403966694,12634547203441
7507437257094,12634555573356
7507470547294,12634564724880
7507503835194,12634574833449
7507537124694,12634585141787
7507570418694,12634595942905
7507603703694,12634606173277
7507636993994,12634615617955
7507670287494,12634624482821
7507703571694,12634633304101
7507736862294,12634641612700
7507770155794,12634650703781
7507803440094,12634659645147
7507836728294,12634668262558
7507870018694,12634677274834
7507903308794,12634685544508
7507936596594,12634694098019
7507969887094,12634702338746
7508003186694,12634711815424
7508036464494,12634720517118
7508069755094,12634729968804
7508103044694,12634738476496
7508136342894,12634744054760
7508169622794,12634750084186
7508202943294,12634757326772
7508236201594,12634766064733
7508269490994,12634775516697
7508302785294,12634784659081
7508336070294,12634793011375
7508369358894,12634799765812
7508402653394,12634807880038
7508435938294,12634816132476
7508469261694,12634826631494
7508502522294,12634835788704
7508535806494,12634845641734
7508569101194,12634855084086
7508602385494,12634864350178
7508635675094,12634873606490
7508668962994,12634882014709
7508702254694,12634890399791
7508735541794,12634898494405
7508768831194,12634906281265
7508802121494,12634914560726
7508835410994,12634922524077
7508868699294,12634930187973
7508901989394,12634938054633
7508935281294,12634947599653
7508968569194,12634956757364
7509001857794,12634965310721
7509035152394,12634973077159
7509068437394,12634980251247
7509101725094,12634987903141
7509135020094,12634995101362
7509168304694,12635003255701
7509201594094,12635011750600
7509234888594,12635019446607
7509268176294,12635027095991
7509301462694,12635034828239
7509334769094,12635043199427
7509368040794,12635051343844
7509401329194,12635064872323
7509434619694,12635076447594
7509467907894,12635086521980
7509501197594,12635096753552
7509534487994,12635105395869
7509567777394,12635113739683
7509601065394,12635121390531
7509634356194,12635130835469
7509667648994,12635139610834
7509700933894,12635147671592
7509734224394,12635154599040
7509767518694,12635162400638
7509800832494,12635170095963
7509834091094,12635180289486
7509867386394,12635189485948
7509900671094,12635198127468
7509933960894,12635206947110
7509967254694,12635215476081
7510000539394,12635223048527
7510033829894,12635231247277
7510067116994,12635239235278
7510100406694,12635248738224
7510133695694,12635256787577
7510166986094,12635265099063
7510200275394,12635271797372
7510233564094,12635278483204
7510266854594,12635285738026
7510300143894,12635292793592
7510333431394,12635300910424
7510366722294,12635307077465
7510400013794,12635313101201
7510433299694,12635321871511
7510466590494,12635327863325
7510499885894,12635336462515
7510533169294,12635344945582
7510566459194,12635355766138
7510599752794,12635365890807
7510633037494,12635374890714
7510666345094,12635384855113
7510699621494,12635395195065
7510732905394,12635402688577
7510766200894,12635412537997
7510799483294,12635422066468
7510832773694,12635432371060
7510866063294,12635440780221
7510899352394,12635450813237
7510932642394,12635460837115
7510965929994,12635468572542
7510999220794,12635476911676
7511032508794,12635487097209
7511065798394,12635496490604
7511099089194,12635503522069
7511132428894,12635511242487
7511165669594,12635518598012
7511198956994,12635525753724
7511232251894,12635531624345
7511265535894,12635540585737
7511298825094,12635548940788
7511332119094,12635556999384
7511365404694,12635564421815
7511398692194,12635571764050
7511431987894,12635578789469
7511465272294,12635585706598
7511498561094,12635594666211
7511531850294,12635601682278
7511565143394,12635608578395
7511598429894,12635615964714
7511631720094,12635623018619
7511665008194,12635630553146
7511698296594,12635638619015
7511731587894,12635647876416
7511764875094,12635656490187
7511798164894,12635665261331
7511831455394,12635672654950
7511864745394,12635680786513
7511898032994,12635688681336
7511931323294,12635696719050
7511964620794,12635704659865
7511997923594,12635712544509
7512031191894,12635720150059
7512064485794,12635727816449
7512097787594,12635735927589
7512131058594,12635743401614
7512164353994,12635751259489
7512197638694,12635758752517
7512230928494,12635765367289
7512264215994,12635772937446
7512297506794,12635780738668
7512330796694,12635788414963
7512364084194,12635796332737
7512397373994,12635804705647
7512430663294,12635813406422
7512463992494,12635822152962
7512497241794,12635830738597
7512530531294,12635846281937
7512563821294,12635859219264
7512597112894,12635870401946
7512630399194,12635878516137
7512663689694,12635890360047
7512696986494,12635900229335
7512730267494,12635909116828
7512763557794,12635919768561
7512796852794,12635928535730
7512830136694,12635937319637
7512863426294,12635946200971
7512896720394,12635956603344
7512930004794,12635967161077
7512963294294,12635977714331
7512996582194,12635987760255
7513029872994,12635996270688
7513063166094,12636005219970
7513096450494,12636013883724
7513129740694,12636023454013
7513163029294,12636032264505
7513196319594,12636040789427
7513229608994,12636047608886
7513262897594,12636054767614
7513296188294,12636061910948
7513329499594,12636068737130
7513362765594,12636077424807
7513396055994,12636083521028
7513429364894,12636091318313
7513462638394,12636097771577
7513495924094,12636106258556
7513529247794,12636112588475
7513562503194,12636120719308
7513595792594,12636130123253
7513629086394,12636138850733
7513662371694,12636146951213
7513695659494,12636155905636
7513728948994,12636164407686
7513762239294,12636173401992
7513795561694,12636181608525
7513828816394,12636187348241
7513862107794,12636192247044
7513895397094,12636198994696
7513928686494,12636205932700
7513961975194,12636212734687
7513995263694,12636219510148
7514028555694,12636225921645
7514061843294,12636235158581
7514095131994,12636242971499
7514128422494,12636250868101
7514161719194,12636259511932
7514195000194,12636267244235
7514228290494,12636275862119
7514261587794,12636283243336
7514294869794,12636292465866
7514328158594,12636300447561
7514361453894,12636308350588
7514394737694,12636316676060
7514428025894,12636325341062
7514461315294,12636333293865
7514494605694,12636338975219
7514527894794,12636348560843
7514561183394,12636354698186
7514594477094,12636363176963
7514627764394,12636369822043
7514661051694,12636375466933
7514694341794,12636385012220
7514727630894,12636392128611
7514760946694,12636402809479
7514794209394,12636410093834
7514827498594,12636419395059
7514860788994,12636428307978
7514894085394,12636436237830
7514927366594,12636442023864
7514960657194,12636450950811
7514993953894,12636460726830
7515027234894,12636469565325
7515060525394,12636478879141
7515093820694,12636487507740
7515127103694,12636495775559
7515160392294,12636504698093
7515193681894,12636511848583
7515226971894,12636521547193
7515260262094,12636531044404
7515293549994,12636540244274
7515326840294,12636549347431
7515360130494,12636556664840
7515393418494,12636565628135
7515426708594,12636573520267
7515459996794,12636584357750
7515493286794,12636591829048
7515526576894,12636601893913
7515559864994,12636611673200
7515593154894,12636620858720
7515626451194,12636629813099
7515659733394,12636638612771
7515693023294,12636649107530
7515726335494,12636658319298
7515759601294,12636667413801
7515792891094,12636674741159
7515826218194,12636682221032
7515859470294,12636689035269
7515892760294,12636695446212
7515926048294,12636705321046
7515959338694,12636714716981
7515992627194,12636724414891
7516025915994,12636736081534
7516059206794,12636746709360
7516092528394,12636758368869
7516125786394,12636765695636
7516159075194,12636775232520
7516192364894,12636783953591
7516225653494,12636792574325
7516258943294,12636800422617
7516292231294,12636807852229
7516325522994,12636815183313
7516358815394,12636821193718
7516392099094,12636831265497
7516425390494,12636840433292
7516458684394,12636849781358
7516491967594,12636858666709
7516525257894,12636865513756
7516558553494,12636872588729
7516591837494,12636880864398
7516625126394,12636892207671
7516658414194,12636902325303
7516691705894,12636912654235
7516724992994,12636919896246
7516758282394,12636930503990
7516791573294,12636938153211
7516824862194,12636948235799
7516858150894,12636958593785
7516891440494,12636966652389
7516924731994,12636976669491
7516958022194,12636985892278
7516991309694,12636995990985
7517024597494,12637004911906
7517057887994,12637013210546
7517091181794,12637022801465
7517124465794,12637031575192
7517157755894,12637040720293
7517191051794,12637049467178
7517224334094,12637057878226
7517257646894,12637065007658
7517290921094,12637072008773
7517324202394,12637081138614
7517357492094,12637089648097
7517390780794,12637097177931
7517424092294,12637106137705
7517457359694,12637113817647
7517490648894,12637123225260
7517523939694,12637131093680
7517557228294,12637140173511
7517590517394,12637149690604
7517623807494,12637158593982
7517657097694,12637165740857
7517690385194,12637173836404
7517723676094,12637182046164
7517756964294,12637190728875
7517790254294,12637199213373
7517823548894,12637207418117
7517856832094,12637215400373
7517890122594,12637223601493
7517923419094,12637232989027
7517956700294,12637240773939
7517989990294,12637248045612
7518023286994,12637257397380
7518056568494,12637265976467
7518089858894,12637273886888
7518123186194,12637283272895
7518156437694,12637290311594
7518189727394,12637298688491
7518223015594,12637307914611
7518256305694,12637317430595
7518289603094,12637326469595
7518322883494,12637335312210
7518356173894,12637344355114
7518389464494,12637353352060
7518422751394,12637361517820
7518456042094,12637369552054
7518489330194,12637379302252
7518522620994,12637388407821
7518555915594,12637396748201
7518589199094,12637405687339
7518622488994,12637414033570
7518655783394,12637422309845
7518689066194,12637430576282
7518722356894,12637439719921
7518755679694,12637449076244
7518788937694,12637456835209
7518822224694,12637464358710
7518855552694,12637470930239
7518888803894,12637477780933
7518922093794,12637483489667
7518955381694,12637490405757
7518988672794,12637500153200
7519021960794,12637507564730
7519055249794,12637513510697
7519088540694,12637519863772
7519121829294,12637526819624
7519155117594,12637532119886
7519188408794,12637540756337
7519221697894,12637549300845
7519254987994,12637557035243
7519288281794,12637564401768
7519321564894,12637571513805
7519354856494,12637578363994
7519388149194,12637585362290
7519421433294,12637593590461
7519454723494,12637600889996
7519488018994,12637608588671
7519521301294,12637615879311
7519554591794,12637623066034
7519587888794,12637629948055
7519621184994,12637636660929
7519654459294,12637646387017
7519687747894,12637652351368
7519721040594,12637660564023
7519754326994,12637667079999
7519787616494,12637673282040
7519820906894,12637682627181
7519854196894,12637689717732
7519887484494,12637700220016
7519920774894,12637710256247
7519954064894,12637719232298
7519987353194,12637725916880
7520020647794,12637733708037
7520053931494,12637741802589
7520087252794,12637751065065
7520120516094,12637758879333
7520154029994,12637767114854
7520187089894,12637775173695
7520220385994,12637783500520
7520253667794,12637789821995
7520286957994,12637796583194
7520320255094,12637805604049
7520353535494,12637817119630
7520386825794,12637823891852
7520420114394,12637831878294
7520453404994,12637840469204
7520486694394,12637847983162
7520519982694,12637858374419
7520553273394,12637865209184
7520586563294,12637876252880
7520619851194,12637885998828
7520653141394,12637895912777
7520686447494,12637902984377
7520719718994,12637910679605
7520753014294,12637918210653
7520786297794,12637925890267
7520819587994,12637934843178
7520852883594,12637943031609
7520886165894,12637951276321
7520919456094,12637962840196
7520952772494,12637970884237
7520986034294,12637978500933
7521019324394,12637986312081
7521052622294,12637997689922
7521085902394,12638005254448
7521119192394,12638016156102
7521152482094,12638025797425
7521185771194,12638033294769
7521219060694,12638042701492
7521252348694,12638050268312
7521285640094,12638060668957
7521318928094,12638068107477
7521352217194,12638075831217
7521385507694,12638083232162
7521418827994,12638089749488
7521452084794,12638096810452
7521485380594,12638106494276
7521518665494,12638117238795
7521551954694,12638124865075
7521585249494,12638133564904
7521618532294,12638142044401
7521651823794,12638150487177
7521685117294,12638157957346
7521718402194,12638166161692
7521751690794,12638176301700
7521784987394,12638184851604
7521818268294,12638193752366
7521851558794,12638200500421
7521884850094,12638207203803
7521918137794,12638216939324
7521951427094,12638223722583
7521984715794,12638232903616
7522018006694,12638240160698
7522051293894,12638248614426
7522084583194,12638256662672
7522117873694,12638264630851
7522151163094,12638272138128
7522184452194,12638279634316
7522217760394,12638287961954
7522251034194,12638296279377
7522284342694,12638304258650
7522317615794,12638312179333
7522350898394,12638320058742
7522384202594,12638328013847
7522417483394,12638334386651
7522450766594,12638344170295
7522484056794,12638350597152
7522517353294,12638356885455
7522550634694,12638362937470
7522583925494,12638369252783
7522617215694,12638375576573
7522650503194,12638384838659
7522683792994,12638396243226
7522717081894,12638407247351
7522750406294,12638417572366
7522783660594,12638427526509
7522816949794,12638435573246
7522850240594,12638444229243
7522883531294,12638453923427
7522916818294,12638464297428
7522950113094,12638475257224
7522983399294,12638484713136
7523016686094,12638493908485
7523049982294,12638503584034
7523083264994,12638512785966
7523116555494,12638521947335
7523149850794,12638531642396
7523183132894,12638540758627
7523216423394,12638550070084
7523249720094,12638559429276
7523283001194,12638566570627
7523316291894,12638574117878
7523349581894,12638583116133
7523382869194,12638593849054
7523416159794,12638603136435
7523449448894,12638612489373
7523482738194,12638622354230
7523516027794,12638631866075
7523549316494,12638640517920
7523582606794,12638649047253
7523615916794,12638659201162
7523649184394,12638668393120
7523682478994,12638677938572
7523715784094,12638687299521
7523749053394,12638696544664
7523782348494,12638705895256
7523815632694,12638714505814
7523848921994,12638723918051
7523882217294,12638733225315
7523915499694,12638741859631
7523948790094,12638751086254
7523982084394,12638759602772
7524015367694,12638768090782
7524048658194,12638776248824
7524081947094,12638785168879
7524115238994,12638793664952
7524148525794,12638802313932
7524181815894,12638811920576
7524215106494,12638821654786
7524248394194,12638831107587
7524281682494,12638839815829
7524314974194,12638850326546
7524348261694,12638859935186
7524381550494,12638870253579
7524414845294,12638879484008
7524448130494,12638888720734
7524481418994,12638899082428
7524514715294,12638906044830
7524547998894,12638917061916
7524581288394,12638926658418
7524614583194,12638936217646
7524647866294,12638945378475
7524681156394,12638954026370
7524714450894,12638962885354
7524747734894,12638972467828
7524781024694,12638980164289
7524814313894,12638988587156
7524847602494,12638997240796
7524880892394,12639006331040
7524914182294,12639017258604
7524947470194,12639025708651
7524980760994,12639034739352
7525014049094,12639042355885
7525047373894,12639051292447
7525080628094,12639060879048
7525113917394,12639071256552
7525147211294,12639079280383
7525180496894,12639087053260
7525213785494,12639095215338
7525247086794,12639104415819
7525280366194,12639113265149
7525313653694,12639124544706
7525346949494,12639134278710
7525380232194,12639144115890
7525413522694,12639151572988
7525446817394,12639159444867
7525480100294,12639170396911
7525513390994,12639181747940
7525546681494,12639193508690
7525579968494,12639203659099
7525613259194,12639213206254
7525646548494,12639221663242
7525679836994,12639229946729
7525713127494,12639239198665
7525746416694,12639248847078
7525779705594,12639255739633
7525812995494,12639264865947
7525846283494,12639274179398
7525879577994,12639282799808
7525912863594,12639291648232
7525946151994,12639302214424
7525979447394,12639311916681
7526012747194,12639321521071
7526046019494,12639329994786
7526079315594,12639336110071
7526112604194,12639345313078
7526145888794,12639354780259
7526179184294,12639364790529
7526212466894,12639373498414
7526245757494,12639379434400
7526279045694,12639386557599
7526312334694,12639391882909
7526345625294,12639397355236
7526378950394,12639403545234
7526412203194,12639413160270
7526445493194,12639422318862
7526478782994,12639432466804
7526512071994,12639441221177
7526545361794,12639451866092
7526578649894,12639461298473
7526611945094,12639471280032
7526645228894,12639482494661
7526678517894,12639491466668
7526711813894,12639499069664
7526745098094,12639506938396
7526778386894,12639517110997
7526811682894,12639527409790
7526844966294,12639536416051
7526878256294,12639548111514
7526911550594,12639558998519
7526944832994,12639569146566
7526978124694,12639579559134
7527011411794,12639590064295
7527044701094,12639601381516
7527077991894,12639612190786
7527111280594,12639621281597
7527144569394,12639627809192
7527177860194,12639634632348
7527211149794,12639641277474
7527244445794,12639650923132
7527277727994,12639659806806
7527311016294,12639668439143
7527344310994,12639678807305
7527377595194,12639688705396
7527410884694,12639697997492
7527444180694,12639708363012
7527477465794,12639714848262
7527510752594,12639721794469
7527544049294,12639732178973
7527577333694,12639742477812
7527610620894,12639749881014
7527643917494,12639756574245
7527677210394,12639765906379
7527710528094,12639772888034
7527743778494,12639783482388
7527777067694,12639793391502
7527810358294,12639804738244
7527843647394,12639815027879
7527876936094,12639825419145
7527910239294,12639834593636
7527943516294,12639842943951
7527976804094,12639850844667
7528010094494,12639859464953
7528043382894,12639869125544
7528076676494,12639878385056
7528109962594,12639885623938
7528143250594,12639895475826
7528176546994,12639902658820
7528209832094,12639910428418
7528243118894,12639919146671
7528276415294,12639929039251
7528309699794,12639937535016
7528342986694,12639947380613
7528376283294,12639957689914
7528409576694,12639966668311
7528442856194,12639975715939
7528476145394,12639986127193
7528509433694,12639996274863
7528542724694,12640005902189
7528576021194,12640013922817
7528609302194,12640023370737
7528642592694,12640032190097
7528675881794,12640040649920
7528709170394,12640048919348
7528742461294,12640057873589
7528775750394,12640066458461
7528809042794,12640075255105
7528842328994,12640084313044
7528875616894,12640092766026
7528908913494,12640101680047
7528942196094,12640109885541
7528975485694,12640119442214
7529008781494,12640127565228
7529042111494,12640135892258
7529075353394,12640146047673
7529108650694,12640155028694
7529141933594,12640163708246
7529175222494,12640169267671
7529208512094,12640178492258
7529241800794,12640184751016
7529275092094,12640190585066
7529308379094,12640196970713
7529341668394,12640204693533
7529374959194,12640210792288
7529408249594,12640218472780
7529441536794,12640226588401
7529474827194,12640231982274
7529508117794,12640237777420
7529541410694,12640244213153
7529574695494,12640252610789
7529607983894,12640261257057
7529641280794,12640270383844
7529674562694,12640279365478
7529707851794,12640287192499
7529741148394,12640295467541
7529774431494,12640303582779
7529807719994,12640311590191
7529841016894,12640318085652
7529874300594,12640323943710
7529907601694,12640332838725
7529940878694,12640341824311
7529974166894,12640350244510
7530007456994,12640358445116
7530040745394,12640367603195
7530074035194,12640375736392
7530107325694,12640383711568
7530140614994,12640394971454
7530173903394,12640404360135
7530207196694,12640413483898
7530240483994,12640422025386
7530273774394,12640430709743
7530307061594,12640439391676
7530340350594,12640449197764
7530373695794,12640460035238
7530406928894,12640469018177
7530440218194,12640477710466
7530473514294,12640486498753
7530506797794,12640494338468
7530540086594,12640502495265
7530573382794,12640511805282
7530606667094,12640520861428
7530639954294,12640529290322
7530673244794,12640537006054
7530706549094,12640544272702
7530739823594,12640551864396
7530773112694,12640559039762
7530806401094,12640564655386
7530839692294,12640572269860
7530872982094,12640577655022
7530906269494,12640583546460
7530939560494,12640589453425
7530972850194,12640595568581
7531006140694,12640603359168
7531039428194,12640610894796
7531072716394,12640618545688
7531106011994,12640625150293
7531139296194,12640633185466
7531172584294,12640641486865
7531205880794,12640650481480
7531239182194,12640658940910
7531272452994,12640666401879
7531305749394,12640674963554
7531339063594,12640681900491
7531372320994,12640688290906
7531405611294,12640694541482
7531438901294,12640700394379
7531472190094,12640706833336
7531505479794,12640712929581
7531538767694,12640721874375
7531572058594,12640729622575
7531605346394,12640737868749
7531638635894,12640745421236
7531671926594,12640753461537
7531705252994,12640760981920
7531738507994,12640768946290
7531771794794,12640777889867
7531805083994,12640785762184
7531838379794,12640793713506
7531871661994,12640801823269
7531904950994,12640810116104
7531938248994,12640818468946
7531971529994,12640825231453
7532004819094,12640835643603
7532038115694,12640845324365
7532071398394,12640853758685
7532104690194,12640863238749
7532137977394,12640872189146
7532171266894,12640880449008
7532204556794,12640889074581
7532237845994,12640898224281
7532271134194,12640907706120
7532304425694,12640916669932
7532337712494,12640922513481
7532371002694,12640928012157
7532404292594,12640934341048
7532437582094,12640939246863
7532470873394,12640946809902
7532504160294,12640952333615
7532537455494,12640957692633
7532570767094,12640964552339
7532604029394,12640971352634
7532637317494,12640978526401
7532670619094,12640985766002
7532703896194,12640994939514
7532737185794,12641003164737
7532770481894,12641008810494
7532803764994,12641015291916
7532837053594,12641021262810
7532870343894,12641026774172
7532903634294,12641032868253
7532936921794,12641039911254
7532970212294,12641046216644
7533003500994,12641054437305
7533036840694,12641060781910
7533070079594,12641067017238
7533103368794,12641072787475
7533136659194,12641078901170
7533169949994,12641086509026
7533203239694,12641096559829
7533236526994,12641104967627
7533269816894,12641113213000
7533303110494,12641120666762
7533336393694,12641130568854
7533369685194,12641140468711
7533402978994,12641149387073
7533436263494,12641160344345
7533469551794,12641171292875
7533502848794,12641182557476
7533536132494,12641193239477
7533569420294,12641201574362
7533602710494,12641211463757
7533636000594,12641223037371
7533669287794,12641233873023
7533702578794,12641244952683
7533735887094,12641254093324
7533769157394,12641264332789
7533802446894,12641272551222
7533835734894,12641282592198
7533869025594,12641290586529
7533902342794,12641298454099
7533935605194,12641304852650
7533968893994,12641312515977
7534002202294,12641320781486
7534035477294,12641330885269
7534068761294,12641339901973
7534102050894,12641349496062
7534135347294,12641360484378
7534168629994,12641370294211
7534201918394,12641381995225
7534235215294,12641392295802
7534268496994,12641401363365
7534301786394,12641408504184
7534335076894,12641415563923
7534368365894,12641423944013
7534401654694,12641431948216
7534434944994,12641439812278
7534468234894,12641447715459
7534501528594,12641455205157
7534534813194,12641461484271
7534568101194,12641470746549
7534601392694,12641477511307
7534634680494,12641486475948
7534667971794,12641493537446
7534701260294,12641500881442
7534734549194,12641508702562
7534767843194,12641516696812
7534801127994,12641525662926
7534834417594,12641534971865
7534867713594,12641544241967
7534900996194,12641554923586
7534934284794,12641563247717
7534967582094,12641571045962
7535000864894,12641579052694
7535034152794,12641587875304
7535067443194,12641596231536
7535100733794,12641604355245
7535134021294,12641612529915
7535167311494,12641618462680
7535200601394,12641624781614
7535233911594,12641633023337
7535267179594,12641641875097
7535300493994,12641650387370
7535333781294,12641657306487
7535367046294,12641665212713
7535400338394,12641672369702
7535433626694,12641678476687
7535466915694,12641685604296
7535500209694,12641694421715
7535533496594,12641702595306
7535566785394,12641710762802
7535600077694,12641717433800
7535633362794,12641723609196
7535666651394,12641729928673
7535699947894,12641735149381
7535733230194,12641744308693
7535766519394,12641752369867
7535799809694,12641758818960
7535833100094,12641766791937
7535866387494,12641772857542
7535899677794,12641781086060
7535932967994,12641789033824
7535966255494,12641798321735
7535999546094,12641807285847
7536032860294,12641814428146
7536066124494,12641825638694
7536099414094,12641834557966
7536132703894,12641842600367
7536165992894,12641852446427
7536199282394,12641863401099
7536232576394,12641873955281
7536265860994,12641884948850
7536299154494,12641892393090
7536332444594,12641902806239
7536365728994,12641910753726
7536399018094,12641918008486
7536432314094,12641929438774
7536465597394,12641936321562
7536498885694,12641946124377
7536532175894,12641954983732
7536565464394,12641965485402
7536598753794,12641973275659
7536632044294,12641981099005
7536665373394,12641989644210
7536698621394,12641998713874
7536731911794,12642007992294
7536765226294,12642016825250
7536798490494,12642025557835
7536831780294,12642034370498
7536865070194,12642042876144
7536898360194,12642052253124
7536931647394,12642061042397
7536964942494,12642070100102
7536998227094,12642079221364
7537031517694,12642088352491
7537064820994,12642097768086
7537098095294,12642106781791
7537131385794,12642116869476
7537164682094,12642126499196
7537197963894,12642134688689
7537231251694,12642144154751
7537264542994,12642153949833
7537297830994,12642162758073
7537331120094,12642172531758
7537364410294,12642179731640
7537397699894,12642189424165
7537430988194,12642196022786
7537464278294,12642204877114
7537497568394,12642211459388
7537530857594,12642217759570
7537564146794,12642225057061
7537597436494,12642235460703
7537630725694,12642244566414
7537664014094,12642252080010
7537697308794,12642262747612
7537730593994,12642271742459
7537763883294,12642280355096
7537797177194,12642290118613
7537830461994,12642299987348
7537863752494,12642309818918
7537897045794,12642316894587
7537930330294,12642325890491
7537963618094,12642334878041
7537996944894,12642343939449
7538030196994,12642352301248
7538063486694,12642363780909
7538096776894,12642370478740
7538130065894,12642381350918
7538163354194,12642391074306
7538196648494,12642399524199
7538229935594,12642407881451
7538263222994,12642415314084
7538296512794,12642423103425
7538329803494,12642430084887
7538363091494,12642436516404
7538396381094,12642442687485
7538429676594,12642447910747
7538462960294,12642453481126
7538496249994,12642459666808
7538529543894,12642465667505
7538562827994,12642472492100
7538596118094,12642479169790
7538629412294,12642484914322
7538662696394,12642490916554
7538695984794,12642496057055
7538729274894,12642501214565
7538762565194,12642510539745
7538795852494,12642516530786
7538829143494,12642522902068
7538862442394,12642529343817
7538895721494,12642537226437
7538929011494,12642543516489
7538962300994,12642549151080
7538995588594,12642556156640
7539028879794,12642564991275
7539062170594,12642570935867
7539095458094,12642576838741
7539128747494,12642582783933
7539162041894,12642591250480
7539195326594,12642597184737
7539228615294,12642607518636
7539261911594,12642614068665
7539295194794,12642620916430
7539328529294,12642630293404
7539361778594,12642636570066
7539395062894,12642643014963
7539428352394,12642649336411
7539461641194,12642657239784
7539494931394,12642666723091
7539528219194,12642676614136
7539561510894,12642683228953
7539594798294,12642689372036
7539628087594,12642695061862
7539661377994,12642700168651
7539694666694,12642710107517
7539727955694,12642715691628
7539761245394,12642722028873
7539794537294,12642727456184
7539827825294,12642733238503
7539861114194,12642738672940
7539894408194,12642744068709
7539927693794,12642754392608
7539960981094,12642761780973
7539994275994,12642768241482
7540027560794,12642775584960
7540060849994,12642784515457
7540094165294,12642793711678
7540127429194,12642802966461
7540160718594,12642812065114
7540194024094,12642821641215
7540227297094,12642830714071
7540260585394,12642840290124
7540293876394,12642849414354
7540327164294,12642857777071
7540360453594,12642863744421
7540393744394,12642873385447
7540427032994,12642879473871
7540460321794,12642885203624
7540493612394,12642890746893
7540526904194,12642896813075
7540560189894,12642904801659
7540593479994,12642910252160
7540626774894,12642916912969
7540660087594,12642923400476
7540693347694,12642929329594
7540726642694,12642934962289
7540759927594,12642941293549
7540793217994,12642947707490
7540826511094,12642956984225
7540859795994,12642967483587
7540893084594,12642974347043
7540926373494,12642983671007
7540959663794,12642990010304
7540992953394,12642996980043
7541026242194,12643003931268
7541059531794,12643011895554
7541092819994,12643021933595
7541126110694,12643032534784
7541159400594,12643044939826
7541192688194,12643054091796
7541225978294,12643062943153
7541259270194,12643071784397
7541292555894,12643082069762
7541325846294,12643094449584
7541359170694,12643102992587
7541392425394,12643114526982
7541425715394,12643122273893
7541459008894,12643132574180
7541492293694,12643140387663
7541525599294,12643147816708
7541558877494,12643156525990
7541592161594,12643164232187
7541625458794,12643174702511
7541658739294,12643185872001
7541692029994,12643192483096
7541725319494,12643201138971
7541758609094,12643208689848
7541791898794,12643218298719
7541825186594,12643228162256
7541858476994,12643239120695
7541891765394,12643247976862
7541925054694,12643255964391
7541958345394,12643265416570
7541991688294,12643275364702
7542024922694,12643286178301
7542058212994,12643295334826
7542091508494,12643303168126
7542124792094,12643312020448
7542158081494,12643318665988
7542191375394,12643326974070
7542224660994,12643333760104
7542257948294,12643342734800
7542291243894,12643349991971
7542324528194,12643355788608
7542357817494,12643363234697
7542391106094,12643370944326
7542424396594,12643376977077
7542457685994,12643383449400
7542490975594,12643390846724
7542524264394,12643396895148
7542557552794,12643403694680
7542590844294,12643411857016
7542624131994,12643419849880
7542657421194,12643427768005
7542690711394,12643434592573
7542724002794,12643443708731
7542757288994,12643450594328
7542790579694,12643456694499
7542823876494,12643463983794
7542857180294,12643471613193
7542890447694,12643479274926
7542923742194,12643488694630
7542957042994,12643501538311
7542990314894,12643514803411
7543023610594,12643524292952
7543056894494,12643534771482
7543090183994,12643543342178
7543123472394,12643552720810
7543156762694,12643565027951
7543190053194,12643577189544
7543223341794,12643588295443
7543256630794,12643595744263
7543289919094,12643606988827
7543323248394,12643617102376
7543356497994,12643627831814
7543389787494,12643638804506
7543423077894,12643651884066
7543456368394,12643664229698
7543489655594,12643674515212
7543522945794,12643684807502
7543556242694,12643693988311
7543589523894,12643708900756
7543622813394,12643724276326
7543656108494,12643742050024
7543689392794,12643758736587
7543722682194,12643765444139
7543755976994,12643774361598
7543789261194,12643781628315
7543822550994,12643788861763
7543855838794,12643795289568
7543889132394,12643802184382
7543922418794,12643808893231
7543955706894,12643814879064
7543988997194,12643824859496
7544022285894,12643833558636
7544055575594,12643842900643
7544088865194,12643850047127
7544122153494,12643857955425
7544155443994,12643866873774
7544188754994,12643876405149
7544222021894,12643884818450
7544255312394,12643892011232
7544288618494,12643898574757
7544321889694,12643906111032
7544355180294,12643915021303
7544388504994,12643923246124
7544421758894,12643930383506
7544455048094,12643937032015
7544488343194,12643943381113
7544521629194,12643949397604
7544554915594,12643955750881
7544588204694,12643965875821
7544621495694,12643977089704
7544654817794,12643987516732
7544688072994,12643998274308
7544721363994,12644006883706
7544754654194,12644014624878
7544787942394,12644021761714
7544821231394,12644033928311
7544854520094,12644044315189
7544887811694,12644055747468
7544921099194,12644067113775
7544954388094,12644077589772
7544987678794,12644088269075
7545020991894,12644100209981
7545054256494,12644113963545
7545087546794,12644124109096
7545120842294,12644132946835
7545154125694,12644142497805
7545187414494,12644151555052
7545220709894,12644160854623
7545253994294,12644170846994
7545287282194,12644181827741
7545320571194,12644194946941
7545353861794,12644208355395
7545387151194,12644221739648
7545420439394,12644234187314
7545453730094,12644243263587
7545487020294,12644255513551
7545520323194,12644268139193
7545553598094,12644280090694
7545586886294,12644289362242
7545620201194,12644301089149
7545653465494,12644312035151
7545686754694,12644323143854
7545720045194,12644335273035
7545753341094,12644347600817
7545786625794,12644359525729
7545819912994,12644371467675
7545853209894,12644383402406
7545886490594,12644394893894
7545919780994,12644406814847
7545953075994,12644418148142
7545986360194,12644431767741
7546019648494,12644444244191
7546052937894,12644457874673
7546086228294,12644471337042
7546119518594,12644484495210
7546152805694,12644497811227
7546186096094,12644507019831
7546219387094,12644520057202
7546252674494,12644529547506
7546285964494,12644545845704
7546319252994,12644561795473
7546352543294,12644575790373
7546385832494,12644589920832
7546419121194,12644603168466
7546452411594,12644617922082
7546485707194,12644632486410
7546518989394,12644648374161
7546552279394,12644663427370
7546585575294,12644679051076
7546618857094,12644690503873
7546652147594,12644702587871
7546685443994,12644716651563
7546718726294,12644729786739
7546752014994,12644742975397
7546785304494,12644755512025
7546818594794,12644766023203
7546851883094,12644778858114
7546885172494,12644789443891
7546918462894,12644804637768
7546951782994,12644819533001
7546985040494,12644833428951
7547018330794,12644847287372
7547051620994,12644860407592
7547084910094,12644872445369
7547118198794,12644884255152
7547151487394,12644897701638
7547184777994,12644908121433
7547218071094,12644918847278
7547251355494,12644929400324
7547284646094,12644939474319
7547317949394,12644949503685
7547351223694,12644958990070
7547384514094,12644969334620
7547417810094,12644979713074
7547451093794,12644990056128
7547484381694,12644997952508
7547517674294,12645005395233
7547550961594,12645014113073
7547584249194,12645021616420
7547617538394,12645028830841
7547650829394,12645034638794
7547684132394,12645040973915
7547717407194,12645048027298
7547750697494,12645053958675
7547783987094,12645060936576
7547817275994,12645067476754
7547850565194,12645076891674
7547883853894,12645085307307
7547917144894,12645092055466
7547950437894,12645098810186
7547983721294,12645106864801
7548017012494,12645113110662
7548050307594,12645120687605
7548083589894,12645130299292
7548116880494,12645138671441
7548150177094,12645145745102
7548183458294,12645154806925
7548216748694,12645162345687
7548250040594,12645169391556
7548283346894,12645177778656
7548316615594,12645187810852
7548349905394,12645195726244
7548383195694,12645203637981
7548416485794,12645211191714
7548449794894,12645221921925
7548483063194,12645228969110
7548516352894,12645241039147
7548549641694,12645251007811
7548582932194,12645258800121
7548616221294,12645268039863
7548649510094,12645279036500
7548682804494,12645287250426
7548716088094,12645297036626
7548749378594,12645304116652
7548782675094,12645315428258
7548815956494,12645324520265
7548849246994,12645332877976
7548882543694,12645338789828
7548915824394,12645348970244
7548949114794,12645360954420
7548982441894,12645369861869
7549015693794,12645386074001
7549048983494,12645397177129
7549082271894,12645412201462
7549115561794,12645422786949
7549148858494,12645431149366
7549182139694,12645440392785
7549215444194,12645449838182
7549248719194,12645460059777
7549282007994,12645471353695
7549315297594,12645482991495
7549348587794,12645491692797
7549381876494,12645499594506
7549415170894,12645506780527
7549448454794,12645513645779
7549481744894,12645525155600
7549515039394,12645533544425
7549548322794,12645543257414
7549581613294,12645553566423
7549614934794,12645564140073
7549648190494,12645574526136
7549681480994,12645583043543
7549714807794,12645591626092
7549748061594,12645600451141
7549781349494,12645608460781
7549814637794,12645618577378
7549847929094,12645627318534
7549881216594,12645635748914
7549914506294,12645642495529
7549947796794,12645651858489
7549981085194,12645663138249
7550014374594,12645675252629
7550047664494,12645686026847
7550080954094,12645697265615
7550114244094,12645707737039
7550147537194,12645717815700
7550180821194,12645729351800
7550214112694,12645741392400
7550247405394,12645753026654
7550280689394,12645763991038
7550313979994,12645774627731
7550347279694,12645784788632
7550380557694,12645795189144
7550413847994,12645807828800
7550447145394,12645819394600
7550480440094,12645827347232
7550513715994,12645834707780
7550547004294,12645846075466
7550580295594,12645854766737
7550613583394,12645866757743
7550646872494,12645880034163
7550680162594,12645889182548
7550713451694,12645901136932
7550746740494,12645913785420
7550780030494,12645922155787
7550813320994,12645931492770
7550846608794,12645939926490
7550879903594,12645953742906
7550913187594,12645963041330
7550946504094,12645973030795
7550979771794,12645985412046
7551013055394,12645994889623
7551046345794,12646004120002
7551079642294,12646013137599
7551112923494,12646024022126
7551146214394,12646033453068
7551179511294,12646043675635
7551212792294,12646050651648
7551246082394,12646056390481
7551279370794,12646063409146
7551312660894,12646069143076
7551345949794,12646077183534
7551379238694,12646085414999
7551412529294,12646092648519
7551445818894,12646098244682
7551479106794,12646105833038
7551512404794,12646114086757
7551545687794,12646121390308
7551578975094,12646128887490
7551612269194,12646136611343
7551645553794,12646142090048
7551678843994,12646148936848
7551712139194,12646154729822
7551745422094,12646164738814
7551778712594,12646170882073
7551812028194,12646178142306
7551845289594,12646184414552
7551878583694,12646190749695
7551911877694,12646201714104
7551945158294,12646210844066
7551978448794,12646217592241
7552011738094,12646224252805
7552045027294,12646234490860
7552078316694,12646243371190
7552111605394,12646252801802
7552144895394,12646263970565
7552178183694,12646275886419
7552211473494,12646287208211
7552244763694,12646295925120
7552278085494,12646304165335
7552311341094,12646312098154
7552344636394,12646319245226
7552377922394,12646328086548
7552411210594,12646333279276
7552444505794,12646338231548
7552477788394,12646344442504
7552511079794,12646351474415
7552544372894,12646360192745
7552577656194,12646367075953
7552610946394,12646373686781
7552644242294,12646381039215
7552677524794,12646387592049
7552710815594,12646394853223
7552744104594,12646403342289
7552777393994,12646411201400
7552810683394,12646417878747
7552843971294,12646426410778
7552877262294,12646431485775
7552910550394,12646436808556
7552943839694,12646443402960
7552977130294,12646449524309
7553010419194,12646457273902
7553043707694,12646463327826
7553077001994,12646469163692
7553110288594,12646478745921
7553143598394,12646483561648
7553176871694,12646492293371
7553210154794,12646500751742
7553243458194,12646508222360
7553276739694,12646515730851
7553310022694,12646521531289
7553343312994,12646529576485
7553376609794,12646536676845
7553409896494,12646544636231
7553443181594,12646552762627
7553476471694,12646557562209
7553509759494,12646562417085
7553543049694,12646569972957
7553576337794,12646577150592
7553609661194,12646583427382
7553642916294,12646594238006
7553676205894,12646606015758
7553709496194,12646613809620
7553742789594,12646621481776
7553776077194,12646631315691
7553809368294,12646645467882
7553842654894,12646657287309
7553875941994,12646664232150
7553909238094,12646672514189
7553942520994,12646676862894
7553975811194,12646682291856
7554009106894,12646689098904
7554042389094,12646696257032
7554075679794,12646703018439
7554108976394,12646709780898
7554142256794,12646717154395
7554175547594,12646726014958
7554208837194,12646732090797
7554242125594,12646739041053
7554275416094,12646746340180
7554308705494,12646751508787
7554341994294,12646756852817
7554375284294,12646765879712
7554408572094,12646774255397
7554441862494,12646782635668
7554475173494,12646789506063
7554508440694,12646796643997
7554541734794,12646804445832
7554575041194,12646810049676
7554608308494,12646819342351
7554641604294,12646828016923
7554674888594,12646833989988
7554708177994,12646844809401
7554741472894,12646853933282
7554774755494,12646861336647
7554808045894,12646869249404
7554841340994,12646878004029
7554874623694,12646886964143
7554907913894,12646892757654
7554941203094,12646901597124
7554974491994,12646910255724
7555007782194,12646919003830
7555041071394,12646926477629
7555074363494,12646935690196
7555107650494,12646944041686
7555140938794,12646952662014
7555174229594,12646958973922
7555207517194,12646967055560
7555240806794,12646975303591
7555274100494,12646983458918
7555307386694,12646997062656
7555340675094,12647008235136
7555373970894,12647018733259
7555407255094,12647027740503
7555440544794,12647035713614
7555473839394,12647041903028
7555507122194,12647050889784
7555540412494,12647059659394
7555573706694,12647068422145
7555606989994,12647076971583
7555640280294,12647083077025
7555673576794,12647091264445
7555706857894,12647100075363
7555740148994,12647107823323
7555773438994,12647116863579
7555806726794,12647125344156
7555840017294,12647133553754
7555873304894,12647141248686
7555906628894,12647146854820
7555939883994,12647152828985
7555973173094,12647158841189
7556006467694,12647165072018
7556039753894,12647172115889
7556073041694,12647177975968
7556106337494,12647186183283
7556139621294,12647195137868
7556172909494,12647202939508
7556206205894,12647212680099
7556239493994,12647223677653
7556272778394,12647233290818
7556306072994,12647241589457
7556339356194,12647251130366
7556372646894,12647260685284
7556405936894,12647269495891
7556439229194,12647274859026
7556472514794,12647284940610
7556505805494,12647294387795
7556539092594,12647305213787
7556572382894,12647311511802
7556605671394,12647320786457
7556638961994,12647327701166
7556672251794,12647335661689
7556705539894,12647346104176
7556738833694,12647354124788
7556772119094,12647361859785
7556805407794,12647369295869
7556838703594,12647378259865
7556871987994,12647387147296
7556905276094,12647393917100
7556938571694,12647400253712
7556971859494,12647410889367
7557005145094,12647417381054
7557038441194,12647424277466
7557071723094,12647430526394
7557105013294,12647438163014
7557138301294,12647443829203
7557171590694,12647451382878
7557204881294,12647457364878
7557238204394,12647467035588
7557271458694,12647475043578
7557304749594,12647481451099
7557338039194,12647489021010
7557371328494,12647494357182
7557404617594,12647504163442
7557437906194,12647513444215
7557471200294,12647522516830
7557504484994,12647531915457
7557537773794,12647538722437
7557571083794,12647546613588
7557604353994,12647553771897
7557637642194,12647563901088
7557670938094,12647570444306
7557704222494,12647579551119
7557737512494,12647585471492
7557770807194,12647591413342
7557804089194,12647599734186
7557837380894,12647608704299
7557870668194,12647619103744
7557903957394,12647625244867
7557937247694,12647631328724
7557970537894,12647638581463
7558003825394,12647645399068
7558037115994,12647653130596
7558070406694,12647662771968
7558103702594,12647673563092
7558136983594,12647684675314
7558170272294,12647694331104
7558203566994,12647704126155
7558236850894,12647710543863
7558270140494,12647717186562
7558303436594,12647723795880
7558336722794,12647731261084
7558370008894,12647738753475
7558403305094,12647744738882
7558436589194,12647754130814
7558469876594,12647763378938
7558503172394,12647770959470
7558536455694,12647779137713
7558569765894,12647788069943
7558603034394,12647797454262
7558636323694,12647808026318
7558669614194,12647815045725
7558702903294,12647820242560
7558736191794,12647826839048
7558769482794,12647832847794
7558802773094,12647843523746
7558836060194,12647850902184
7558869350494,12647857988749
7558902638694,12647864847960
7558935931894,12647871267957
7558969217894,12647880391414
7559002506894,12647887096436
7559035803194,12647894532108
7559069087194,12647904534444
7559102374794,12647913690005
7559135671494,12647920724340
7559168955994,12647928922129
7559202243194,12647935425657
7559235539194,12647941686411
7559268831494,12647952898151
7559302111994,12647962745162
7559335401194,12647972441759
7559368690094,12647979472239
7559401980294,12647986259215
7559435285794,12647992308834
7559468571894,12648001501370
7559501848694,12648012139795
7559535138094,12648020121098
7559568426794,12648030846689
7559601716994,12648038857770
7559635006094,12648045025315
7559668298994,12648053967021
7559701584794,12648065345285
7559734873294,12648077504057
7559768169894,12648088465173
7559801452194,12648099415006
7559834741194,12648108803394
7559868037594,12648115624322
7559901351294,12648125500377
7559934609094,12648135405417
7559967906994,12648145717506
7560001190594,12648158965732
7560034478794,12648171056604
7560067767994,12648182407882
7560101056094,12648192720136
7560134347794,12648202050849
7560167635294,12648211679054
7560200924794,12648221081558
7560234214994,12648230245991
7560267504294,12648238865699
7560300792794,12648246911487
7560334083494,12648254184512
7560367372394,12648262611908
7560400666294,12648270608936
7560433951294,12648279458706
7560467239594,12648286823524
7560500537794,12648294500299
7560533818494,12648303673163
7560567107794,12648311877545
7560600407594,12648320081581
7560633686794,12648328263582
7560666975594,12648337598690
7560700273094,12648346914154
7560733555994,12648355757583
7560766861794,12648365934443
7560800134494,12648378299437
7560833422494,12648389304559
7560866716994,12648396936261
7560900002094,12648407813562
7560933290994,12648414157265
7560966581294,12648425704649
7560999870694,12648435115929
7561033158794,12648444173204
7561066449894,12648453906234
7561099739894,12648462208153
7561133030994,12648473202539
7561166317494,12648482062130
7561199606294,12648494284133
7561232951894,12648505946746
7561266185194,12648517428395
7561299474394,12648525523101
7561332770294,12648533839231
7561366057294,12648544636298
7561399342294,12648553247355
7561432638894,12648563753921
7561465923294,12648573612642
7561499210494,12648580255173
7561532500894,12648589756758
7561565804394,12648600006631
7561599079194,12648608081754
7561632368494,12648617804381
7561665657394,12648627292244
7561698948094,12648638848758
7561732238194,12648649456930
7561765525594,12648659536185
7561798816194,12648670418165
7561832105394,12648680570926
7561865397694,12648690164258
7561898684294,12648697536201
7561931973694,12648705525766
7561965268594,12648712844737
7561998552794,12648719942728
7562031840694,12648726756901
7562065137294,12648734595374
7562098443694,12648741775848
7562131708494,12648748645206
7562165005594,12648755516042
7562198305194,12648762021239
7562231576694,12648768605295
7562264867294,12648775463360
7562298170794,12648782403933
7562331446094,12648787931852
7562364734894,12648794048257
7562398023994,12648800706258
7562431314594,12648808218676
7562464602494,12648815342939
7562497892194,12648823509989
7562531181994,12648833069798
7562564529494,12648842013339
7562597762294,12648848832188
7562631050494,12648856871302
7562664340094,12648863051875
7562697637894,12648868439904
7562730918694,12648874646164
7562764207094,12648884185139
7562797504794,12648892579259
7562830785594,12648900697885
7562864074694,12648908432239
7562897371594,12648915613809
7562930654194,12648923566458
7562963943194,12648931425070
7562997233294,12648940598382
7563030523394,12648948819649
7563063812594,12648956934460
7563097100994,12648965107756
7563130390294,12648973121967
7563163681894,12648981176744
7563196968794,12648989249427
7563230258194,12648999343498
7563263564594,12649008620444
7563296838194,12649016978144
7563330127794,12649023685341
7563363416994,12649031867550
7563396710094,12649039871687
7563430024194,12649048526690
7563463285194,12649058516019
7563496573494,12649067103425
7563529881194,12649075655593
7563563153894,12649084505177
7563596441594,12649092132473
7563629738094,12649100238573
7563663023394,12649106545667
7563696309994,12649116082653
7563729600294,12649122507617
7563762891594,12649131597856
7563796177794,12649137725673
7563829468394,12649151372095
7563862777094,12649167012245
7563896080294,12649180774096
7563929335994,12649195164020
7563962625094,12649208310559
7563995915194,12649217237100
7564029205894,12649225981952
7564062494894,12649232372465
7564095783694,12649239420170
7564129073894,12649244518118
7564162366594,12649253959171
7564195650994,12649265166774
7564228939694,12649272984559
7564262236194,12649282947552
7564295519794,12649292713175
7564328808094,12649302877832
7564362104694,12649312567595
7564395391094,12649322737810
7564428675894,12649332360237
7564461966694,12649340766769
7564495256394,12649347944235
7564528544394,12649357199647
7564561834694,12649366293117
7564595142994,12649372843556
7564628413494,12649381294934
7564661702294,12649389290750
7564694991394,12649399333277
7564728281394,12649407712856
7564761569694,12649414390062
7564794860794,12649422656725
7564828149794,12649430657080
7564861459694,12649441094311
7564894732994,12649455725723
7564928017794,12649468933115
7564961307394,12649480436444
7564994602394,12649492181441
7565027886694,12649503262305
7565061174294,12649513538280
7565094471594,12649525208761
7565127753294,12649536049149
7565161042294,12649546676411
7565194333194,12649561482059
7565227621494,12649575676087
7565260910194,12649588066762
7565294200594,12649599400941
7565327490594,12649618684239
7565360780494,12649634279109
7565394068594,12649648166375
7565427357594,12649660823170
7565460648794,12649673960851
7565493936494,12649685669432
7565527227294,12649695485106
7565560521194,12649707536970
7565593806194,12649718039094
7565627098994,12649730374953
7565660384294,12649743663559
7565693674694,12649756856693
7565726969494,12649766639711
7565760252194,12649778801256
7565793541094,12649789666852
7565826837994,12649802990005
7565860119694,12649815571740
7565893409094,12649826539574
7565926720694,12649838455196
7565959987694,12649850248928
7565993276994,12649861567463
7566026567594,12649874387704
7566059857594,12649886811430
7566093144894,12649898895080
7566126435194,12649910481286
7566159723794,12649922682552
7566193045494,12649934566098
7566226302794,12649945979245
7566259593194,12649959787298
7566292882294,12649971289212
7566326171794,12649986962166
7566359465794,12650002462620
7566392750694,12650017214643
7566426041494,12650030579699
7566459334294,12650042358380
7566492618494,12650055023823
7566525907394,12650068822051
7566559203294,12650081844742
7566592486694,12650093442502
7566625775594,12650104339281
7566659065894,12650113274476
7566692367594,12650120986983
7566725643194,12650130655930
7566758933994,12650139432681
7566792223894,12650148546552
7566825511794,12650157429695
7566858801494,12650165727639
7566892115194,12650173535639
7566925380894,12650181304940
7566958670094,12650192125867
7566991959394,12650202988990
7567025279194,12650213554803
7567058538194,12650225994342
7567091831994,12650232818853
7567125116794,12650239545250
7567158406594,12650246963915
7567191700694,12650260584973
7567224985594,12650269588576
7567258274894,12650279489001
7567291570194,12650290063901
7567324853794,12650298993099
7567358141894,12650304856790
7567391432194,12650310190918
7567424720494,12650319735614
7567458009494,12650329571076
7567491300394,12650339630847
7567524611594,12650349151820
7567557877894,12650359288537
7567591168094,12650368611663
7567624460294,12650378080884
7567657747394,12650389228153
7567691036294,12650399287346
7567724326494,12650406245483
7567757615994,12650416178959
7567790903694,12650426203128
7567824198894,12650435670588
7567857485094,12650445385565
7567890772594,12650455658791
7567924066994,12650465146573
7567957351294,12650474820740
7567990640894,12650482689295
7568023938194,12650490989239
7568057219394,12650498950097
7568090507994,12650507168349
7568123802594,12650518775261
7568157086794,12650529797370
7568190375994,12650540464024
7568223667594,12650552100739
7568256955894,12650562462519
7568290243894,12650573602163
7568323534794,12650581811067
7568356824394,12650591918478
7568390119694,12650602632914
7568423403194,12650614174049
7568456692094,12650624518788
7568489981494,12650636552501
7568523269994,12650644979000
7568556564894,12650653869428
7568589849794,12650664102032
7568623139094,12650676118579
7568656432694,12650687976069
7568689717294,12650701626204
7568723008194,12650712741723
7568756301894,12650723017254
7568789585994,12650731964947
7568822874594,12650741288477
7568856190694,12650751468057
7568889453094,12650759703509
7568922742494,12650769319531
7568956032994,12650776547654
7568989321994,12650783508837
7569022610694,12650790898966
7569055901194,12650800931632
7569089190994,12650808139521
7569122478894,12650817463037
7569155768894,12650825681916
7569189058594,12650833988907
7569222347894,12650841110226
7569255636994,12650849608852
7569288931394,12650860627919
7569322216194,12650870855732
7569355509794,12650880322084
7569388799794,12650890641444
7569422085394,12650901518457
7569455373894,12650912747751
7569488668594,12650923887668
7569521952494,12650934689525
7569555242094,12650945778247
7569588530894,12650956360730
7569621820894,12650966176260
7569655109294,12650975522454
7569688399394,12650981987876
7569721701494,12650988122499
7569754977594,12650996272461
7569788267294,12651002413343
7569821557994,12651009902084
7569854844994,12651017291953
7569888135494,12651024227561
7569921453294,12651031022966
7569954714394,12651038010196
7569988004494,12651047527979
7570021297994,12651055989532
7570054582294,12651064811785
7570087870594,12651071877140
7570121166094,12651080222743
7570154450094,12651087160458
7570187764494,12651095928391
7570221034294,12651107686581
7570254318594,12651119222665
7570287608294,12651128626684
7570320897594,12651138920679
7570354186994,12651147161387
7570387475694,12651155922343
7570420766994,12651161861079
7570454053594,12651170040108
7570487343894,12651177309895
7570520633494,12651183993442
7570553922994,12651190264587
7570587211394,12651197775765
7570620502494,12651205356848
7570653792094,12651213312679
7570687081294,12651222660978
7570720370094,12651230976901
7570753663994,12651239701546
7570786949594,12651248443047
7570820236694,12651256633080
7570853532694,12651263019487
7570886816294,12651269942857
7570920106594,12651277263432
7570953400994,12651286250090
7570986684794,12651295040768
7571019975194,12651304297363
7571053289294,12651313065238
7571086553294,12651321983555
7571119841694,12651328483761
7571153135494,12651337816807
7571186420494,12651344858119
7571219709994,12651353336078
7571253003294,12651361993690
7571286290694,12651371252894
7571319578194,12651379960482
7571352868694,12651386964226
7571386158694,12651396388181
7571419446194,12651404957430
7571452736694,12651412595438
7571486060494,12651421391188
7571519366294,12651428994691
7571552604194,12651435625475
7571585899394,12651441976501
7571619183094,12651449698049
7571652472894,12651459761564
7571685767694,12651468912384
7571719051094,12651477298350
7571752342094,12651485293769
7571785629394,12651492042938
7571818919594,12651498346169
7571852207794,12651508555053
7571885498094,12651517798268
7571918787794,12651526724151
7571952076194,12651536741162
7571985366894,12651544930042
7572018659894,12651553024614
7572051944694,12651561384387
7572085235294,12651571773747
7572118525694,12651582449341
7572151812294,12651592887736
7572185102894,12651603297262
7572218426194,12651613370304
7572251681394,12651623519592
7572284971494,12651634227286
7572318265294,12651645835853
7572351550094,12651657245152
7572384860294,12651668034431
7572418133994,12651680162961
7572451418294,12651689730704
7572484719794,12651699112258
7572517996394,12651710638752
7572551285994,12651724112876
7572584575394,12651741012772
7572617865094,12651760221059
7572651154494,12651774314782
7572684442594,12651788413810
7572717732994,12651800648854
7572751021694,12651813322432
7572784311194,12651829017282
7572817601194,12651842273687
7572850924094,12651848617678
7572884179094,12651858413102
7572917469694,12651864203779
7572950764994,12651869934395
7572984048094,12651876321839
7573017337294,12651885397509
7573050631094,12651892206851
7573083917394,12651898269909
7573117204794,12651904160721
7573150500094,12651911470170
7573183784194,12651919357664
7573217074694,12651926867110
7573250361894,12651933167734
7573283652694,12651939731040
7573316943594,12651945588140
7573350231694,12651951448702
7573383520794,12651956663111
7573416809094,12651963282040
7573450100094,12651969152640
7573483387594,12651976023454
7573516676894,12651981934902
7573549967894,12651987890972
7573583257294,12651993243229
7573616545294,12651998814629
7573649835694,12652005027649
7573683132494,12652010800995
7573716435994,12652018874426
7573749703794,12652025363321
7573782998594,12652033107240
7573816305894,12652038914447
7573849570794,12652046631864
7573882866594,12652054052262
7573916155894,12652059866852
7573949439394,12652069158276
7573982728394,12652077888013
7574016018894,12652086210797
7574049308994,12652094960415
7574082596894,12652102905333
7574115886794,12652111242436
7574149175394,12652119427318
7574182465894,12652128396270
7574215754794,12652137065912
7574249043694,12652144897779
7574282333994,12652152784182
7574315624494,12652159630033
7574348911894,12652168210628
7574382202394,12652175080055
7574415498994,12652182435487
7574448780094,12652191137443
7574482070494,12652200452751
7574515365094,12652207578090
7574548648194,12652215051782
7574581938094,12652221574993
7574615233094,12652229498241
7574648517194,12652239095699
7574681817894,12652247339689
7574715094594,12652254800426
7574748384894,12652263396995
7574781675094,12652272344019
7574814963194,12652279990891
7574848252594,12652287739005
7574881541594,12652295852322
7574914832194,12652303777810
7574948121794,12652311610210
7574981409794,12652319711872
7575014700294,12652326856959
7575047988794,12652333335952
7575081277994,12652338506227
7575114568694,12652344925869
7575147879594,12652351377458
7575181146094,12652360466737
7575214436894,12652368760754
7575247732494,12652374863371
7575281014894,12652381257050
7575314305394,12652387827107
7575347598794,12652396893612
7575380883994,12652405240716
7575414172294,12652412479565
7575447461094,12652419408777
7575480751394,12652425396114
7575514040494,12652432045096
7575547329994,12652438710131
7575580619194,12652446486737
7575613909194,12652451979646
7575647203394,12652458242654
7575680487794,12652464833439
7575713776194,12652471625062
7575747067794,12652478639041
7575780355094,12652485608737
7575813664894,12652492037363
7575846935094,12652498923239
7575880228894,12652505083323
7575913512394,12652511458133
7575946803294,12652518127650
7575980098694,12652524964787
7576013381894,12652531315089
7576046671194,12652538152428
7576079965794,12652544914212
7576113250394,12652551050181
7576146538694,12652558206339
7576179831194,12652565219436
7576213117994,12652571461140
7576246406794,12652576816896
7576279695794,12652584945866
7576312985794,12652591316064
7576346276794,12652598549345
7576379564294,12652604313560
7576412853994,12652613542429
7576446143294,12652621789460
7576479462294,12652627390384
7576512721694,12652635676899
7576546010694,12652641862452
7576579301194,12652649124130
7576612596994,12652657138064
7576645879694,12652663308875
7576679169794,12652669566275
7576712466094,12652675774292
7576745747094,12652683690690
7576779037594,12652692117591
7576812332394,12652700110364
7576845616394,12652706256181
7576878905594,12652714095007
7576912197494,12652721967967
7576945484594,12652729905396
7576978774794,12652736618336
7577012062394,12652743610772
7577045352694,12652751192880
7577078641694,12652757442549
7577111930394,12652764008606
7577145220894,12652771390036
7577178510494,12652777821585
7577211799094,12652786500817
7577245089194,12652794885735
7577278377194,12652803181256
7577311667694,12652811310846
7577344972994,12652819486380
7577378245494,12652827376632
7577411535594,12652835081986
7577444831894,12652843528041
7577478113294,12652851470727
7577511404094,12652858804589
7577544727994,12652867433177
7577577982294,12652875643053
7577611272894,12652884256054
7577644563594,12652892517335
7577677850894,12652900441556
7577711142394,12652907875160
7577744428194,12652914302158
7577777718994,12652920888581
7577811056994,12652925356488
7577844296894,12652931105753
7577877586894,12652937295003
7577910876194,12652943248057
7577944165994,12652949432848
7577977454894,12652954593549
7578010743794,12652960105980
7578044039694,12652965965700
7578077326694,12652971189288
7578110611994,12652976711527
7578143901394,12652983446727
7578177197494,12652988988309
7578210479394,12652994726923
7578243770794,12652999850378
7578277066294,12653006093537
7578310349994,12653011952050
7578343638294,12653018763831
7578376929694,12653025764309
7578410217994,12653031763951
7578443505694,12653037482325
7578476794894,12653042377393
7578510085694,12653047381863
7578543374494,12653052758770
7578576662894,12653058413646
7578609953994,12653064854501
7578643243094,12653071564881
7578676535094,12653078017422
7578709821394,12653083865475
7578743109894,12653089977448
7578776400894,12653096311314
7578809692894,12653101361632
7578842978194,12653108108791
7578876268194,12653113634119
7578909564994,12653119256891
7578942846194,12653125510231
7578976136294,12653131415643
7579009433894,12653137153986
7579042714094,12653143563108
7579076005194,12653150166623
7579109331694,12653156163274
7579142605594,12653162713274
7579175871894,12653168729749
7579209161594,12653177733224
7579242451594,12653184160784
7579275746694,12653189748324
7579309030894,12653197666425
7579342319894,12653205276847
7579375610394,12653212451646
7579408897494,12653217904345
7579442187294,12653224309838
7579475476594,12653230991931
7579508766394,12653237254692
7579542059994,12653244537088
7579575344594,12653251362878
7579608651394,12653258522879
7579641931194,12653264082608
7579675212694,12653269849688
7579708502794,12653275953929
7579741799994,12653282244006
7579775081094,12653289232293
7579808371194,12653297605028
7579841698594,12653304500139
7579874950094,12653310731223
7579908239194,12653317344919
7579941527694,12653324217163
7579974818094,12653330581657
7580008115594,12653337255250
7580041395794,12653346676985
7580074685894,12653354539084
7580107989694,12653359453952
7580141264094,12653365611240
7580174555994,12653370737393
7580207842894,12653376639115
7580241133094,12653383342112
7580274426094,12653389939230
7580307710594,12653395781081
7580341001294,12653400885044
7580374295594,12653405473124
7580407578894,12653410580106
7580440868894,12653415398038
7580474196394,12653422402031
7580507446694,12653428009074
7580540737594,12653434435341
7580574064294,12653440956494
7580607316294,12653445888925
7580640606294,12653451076488
7580673893994,12653457161542
7580707185594,12653464068826
7580740473194,12653470929370
7580773763994,12653477987984
7580807052794,12653482957394
7580840342994,12653488253515
7580873630294,12653493825276
7580906920594,12653498978485
7580940211494,12653505349790
7580973500694,12653510847304
7581006792694,12653516271025
7581040077194,12653522278113
7581073368894,12653528837041
7581106661594,12653535699415
7581139945694,12653541789036
7581173235494,12653547824084
7581206530894,12653552965775
7581239813994,12653558015930
7581273104394,12653564455825
7581306400594,12653569906637
7581339696994,12653575129863
7581372971994,12653580819111
7581406260394,12653586907325
7581439552794,12653592283093
7581472839094,12653598625603
7581506152094,12653605550570
7581539418994,12653610445529
7581572708394,12653615650970
7581605996894,12653621995625
7581639287494,12653628837898
7581672577694,12653635751408
7581705864994,12653640959956
7581739159094,12653647795134
7581772443894,12653654761519
7581805758894,12653661711183
7581839028394,12653666898278
7581872311694,12653673848431
7581905601894,12653680753922
7581938898294,12653686008104
7581972180094,12653692656697
7582005470794,12653699224817
7582038767194,12653704822490
7582072047894,12653710903386
7582105338294,12653718483031
7582138627094,12653724704112
7582171917094,12653729938494
7582205207394,12653735874927
7582238494994,12653741687218
7582271785594,12653747773366
7582305074994,12653753476058
7582338363094,12653760945144
7582371653694,12653768391431
7582404942994,12653775620052
7582438231494,12653784564857
7582471525094,12653791877061
7582504810294,12653798742371
7582538100294,12653805255172
7582571394994,12653812460706
7582604678194,12653819067801
7582637968894,12653825170155
7582671282894,12653831928081
7582704546694,12653838337177
7582737836694,12653844625403
7582771134494,12653850802570
7582804414394,12653857980972
7582837704794,12653865327704
7582870994894,12653872311223
7582904283594,12653879462584
7582937573794,12653886096670
7582970861594,12653893011932
7583004152194,12653898642926
7583037440294,12653907480679
7583070729594,12653914828216
7583104019994,12653922351384
7583137308994,12653930202612
7583170597994,12653937117037
7583203893094,12653944256151
7583237177594,12653950114498
7583270466794,12653956720927
7583303761494,12653962574849
7583337044894,12653969980707
7583370336394,12653977118424
7583403642194,12653984717900
7583436912694,12653992013743
7583470203294,12653999380807
7583503498294,12654005629407
7583536780994,12654012896725
7583570071094,12654019808417
7583603360694,12654027016906
7583636650794,12654034383200
7583669939294,12654041651497
7583703227694,12654047150243
7583736519094,12654055455057
7583769806894,12654063639038
7583803096194,12654071395600
7583836386194,12654078057432
7583869675794,12654085450491
7583902963594,12654092187292
7583936257694,12654097518821
7583969544694,12654105393611
7584002854794,12654112278853
7584036128094,12654118459912
7584069410694,12654124372709
7584102711694,12654131170370
7584135995794,12654138047264
7584169279194,12654144589867
7584202569394,12654152793299
7584235864994,12654160668116
7584269147194,12654166668670
7584302437394,12654173216417
7584335728094,12654180159229
7584369015394,12654187274996
7584402305894,12654192930385
7584435594194,12654200317637
7584468917994,12654206642945
7584502172994,12654213566373
7584535462494,12654220067272
7584568752594,12654225279134
7584602043294,12654232030058
7584635330194,12654238450568
7584668623794,12654246203237
7584701910294,12654253292973
7584735198694,12654260491361
7584768494394,12654267177676
7584801778794,12654273630947
7584835067694,12654280379122
7584868362694,12654287086546
7584901645694,12654294255621
7584934935494,12654301125237
7584968232094,12654307713944
7585001513794,12654314392774
7585034804094,12654321799430
7585068094094,12654328520731
7585101381694,12654336102795
7585134672094,12654343798624
7585167961694,12654350973855
7585201251194,12654358424361
7585234540794,12654365409498
7585267828794,12654372345578
7585301122094,12654379432670
7585334429294,12654386600793
7585367696794,12654393639632
7585400990094,12654400291398
7585434296394,12654406929290
7585467564794,12654413361428
7585500860594,12654419993507
7585534144694,12654426078045
7585567434594,12654432442902
7585600729994,12654440073457
7585634011494,12654447407680
7585667302194,12654453893620
7585700597194,12654460647687
7585733880094,12654467121751
7585767170194,12654472043609
7585800460194,12654477610781
7585833748294,12654485939572
7585867038894,12654491930339
7585900328194,12654499942814
7585933621594,12654507262980
7585966906894,12654514637415
7586000195494,12654521842370
7586033486394,12654527825448
7586066777194,12654534694136
7586100063294,12654539938895
7586133356194,12654546049545
7586166642694,12654552767155
7586199931494,12654559468757
7586233227194,12654566021895
7586266511894,12654573744468
7586299800994,12654582133986
7586333096194,12654590140813
7586366378194,12654597704529
7586399669394,12654604839850
7586432978994,12654611921406
7586466246394,12654619408583
7586499536294,12654626711726
7586532827194,12654634990824
7586566114494,12654642478736
7586599405194,12654649608057
7586632696194,12654656866999
7586666005394,12654663969572
7586699273294,12654670929650
7586732561694,12654677459205
7586765879894,12654686100269
7586799140394,12654693831919
7586832429894,12654701384458
7586865722694,12654708550273
7586899009494,12654715753998
7586932297694,12654722427918
7586965594294,12654730445621
7586998878994,12654742708386
7587032165694,12654752652208
7587065461794,12654763230615
7587098744294,12654772709927
7587132068994,12654782899878
7587165329594,12654798013441
7587198616294,12654810009708
7587231902994,12654823129449
7587265193594,12654833026152
7587298480894,12654842629763
7587331771694,12654852320910
7587365061694,12654861665847
7587398348894,12654869900459
7587431639694,12654879554988
7587464927794,12654892722617
7587498217994,12654904774159
7587531508194,12654913796891
7587564795894,12654923718117
7587598089194,12654932955992
7587631375594,12654942787209
7587664664494,12654952911191
7587697960494,12654963459568
7587731243894,12654973982177
7587764532594,12654983601597
7587797828294,12654993524904
7587831114594,12655003761414
7587864401194,12655013494926
7587897696994,12655022993687
7587930979394,12655033951879
7587964269794,12655045009428
7587997558294,12655053980386
7588030847194,12655063597084
7588064137894,12655074307297
7588097453094,12655084389815
7588130714794,12655094594448
7588164006194,12655106275384
7588197295294,12655115505904
7588230584694,12655125780912
7588263874194,12655134786347
7588297162094,12655145611189
7588330459494,12655156549723
7588363741294,12655167890766
7588397030694,12655179782242
7588430326894,12655190979722
7588463610894,12655202846354
7588496898294,12655212098701
7588530195094,12655223657101
7588563479594,12655235342072
7588596768594,12655245932439
7588630063094,12655259265164
7588663345594,12655272269689
7588696637094,12655283033815
7588729924294,12655292081186
7588763214394,12655304434088
7588796503794,12655317009734
7588829793594,12655328758389
7588863081994,12655342104181
7588896372394,12655354533076
7588929661994,12655364705265
7588962952094,12655378374067
7588996240694,12655391509809
7589029528794,12655406749045
7589062822094,12655421085205
7589096107894,12655436721273
7589129396794,12655451761551
7589162692694,12655464295261
7589195976194,12655477451495
7589229264994,12655490517908
7589262561294,12655506343017
7589295845994,12655520591387
7589329133194,12655540158127
7589362429294,12655552230975
7589395711994,12655563736013
7589429034894,12655575443357
7589462290494,12655586547198
7589495580194,12655596494118
7589528869994,12655609447866
7589562159594,12655624308595
7589595448294,12655638974942
7589628738494,12655654216915
7589662029294,12655666915306
7589695316294,12655681124175
7589728606494,12655695590805
7589761895394,12655709530968
7589795187194,12655723666567
7589828474694,12655736728248
7589861766994,12655749172006
7589895059694,12655759868808
7589928343894,12655771290834
7589961631394,12655781280317
7589994927594,12655790857433
7590028211494,12655801265776
7590061499594,12655811430906
7590094795894,12655820647295
7590128087494,12655830612488
7590161368294,12655840173826
7590194658494,12655849505291
7590227946694,12655858140427
7590261236494,12655869413629
7590294525894,12655880646755
7590327814894,12655890049238
7590361105194,12655901228848
7590394394494,12655912241981
7590427682694,12655921769070
7590460973494,12655932911254
7590494262594,12655942784809
7590527553994,12655952268488
7590560841394,12655962621250
7590594130094,12655971893578
7590627425894,12655982342146
7590660708094,12655993280703
7590693997794,12656003692791
7590727294194,12656013998626
7590760614894,12656024964668
7590793865994,12656035934573
7590827162094,12656046663521
7590860446094,12656056724213
7590893735094,12656066748773
7590927025294,12656076279056
7590960312894,12656086164901
7590993604394,12656096392879
7591026891694,12656107205226
7591060180994,12656117525474
7591093471594,12656126822749
7591126760794,12656135774077
7591160049094,12656143856797
7591193339894,12656153084155
7591226629294,12656162488243
7591259923194,12656171480215
7591293207994,12656177391464
7591326496094,12656183714102
7591359793794,12656189766359
7591393074894,12656197157981
7591426364494,12656204821011
7591459660294,12656210914249
7591492944094,12656218221195
7591526232794,12656225472266
7591559528594,12656232497810
7591592811994,12656237457895
7591626106794,12656242466802
7591659390594,12656249194066
7591692679494,12656256173959
7591725969494,12656263421285
7591759261194,12656270582950
7591792547194,12656279829944
7591825838094,12656287183461
7591859127294,12656291723317
7591892415794,12656296638905
7591925705894,12656301400822
7591958996194,12656305716123
7591992284894,12656309639566
7592025573994,12656314099730
7592058862394,12656318118581
7592092182894,12656322039000
7592125441094,12656327742800
7592158730794,12656332165062
7592192026694,12656335760710
7592225311694,12656339315799
7592258598894,12656342906893
7592291895494,12656346493190
7592325178594,12656349979739
7592358466694,12656357325291
7592391756794,12656361623823
7592425059794,12656365237320
7592458335994,12656370542387
7592491625094,12656374005269
7592524914094,12656377536666
7592558204094,12656380955808
7592591493694,12656387209219
7592624782194,12656392150687
7592658072394,12656397222404
7592691363094,12656403191524
7592724650694,12656407672837
7592757940594,12656412366398
7592791229794,12656422291653
7592824524594,12656427997795
7592857808794,12656436598297
7592891096894,12656447178625
7592924393294,12656455901347
7592957686694,12656467019234
7592990964894,12656476537363
7593024261694,12656483783119
7593057544494,12656490867023
7593090832994,12656498458272
7593124123394,12656504390437
7593157425894,12656509935837
7593190702294,12656515415891
7593223994294,12656520227767
7593257280394,12656525570193
7593290570794,12656533359085
7593323858694,12656540462791
7593357148494,12656547390373
7593390438894,12656554603211
7593423757194,12656562029320
7593457016994,12656569064008
7593490307194,12656576035747
7593523596294,12656585884212
7593556893994,12656598884898
7593590175494,12656611891057
7593623463394,12656622224127
7593656763994,12656630100364
7593690041694,12656636761682
7593723331594,12656641774378
7593756628194,12656651556815
7593789911094,12656661365214
7593823199794,12656670024760
7593856489694,12656678338315
7593889779494,12656686951137
7593923069694,12656695145678
7593956358394,12656703909264
7593989646894,12656713331138
7594022937794,12656722709919
7594056225194,12656730750002
7594089514694,12656737982523
7594122805194,12656744517036
7594156095394,12656750804270
7594189383794,12656759575927
7594222673994,12656768593916
7594255964194,12656776906232
7594289275194,12656783660997
7594322542094,12656792420084
7594355829694,12656805494982
7594389126094,12656816562418
7594422420094,12656829010836
7594455697694,12656842020175
7594488994694,12656858605113
7594522277594,12656870915504
7594555566094,12656883222662
7594588855894,12656889832620
7594622146694,12656896518241
7594655433794,12656903319511
7594688724894,12656912715224
7594722013394,12656921493140
7594755332694,12656930174801
7594788591494,12656939701951
7594821881294,12656948600955
7594855171894,12656957969501
7594888460994,12656966945715
7594921750294,12656977689048
7594955039494,12656987361901
7594988329994,12656995812005
7595021624594,12657004819587
7595054907694,12657011228171
7595088196394,12657021962656
7595121492194,12657032020648
7595154775794,12657046886546
7595188064494,12657057622251
7595221361194,12657067651691
7595254644294,12657078556298
7595287932294,12657089991684
7595321222394,12657098496068
7595354512794,12657103595823
7595387800194,12657109711002
7595421090694,12657115253285
7595454397894,12657120803614
7595487669394,12657125591870
7595520959494,12657130635101
7595554250794,12657135790124
7595587537694,12657140259812
7595620855394,12657149558120
7595654115894,12657157291896
7595687406194,12657163631955
7595720705094,12657170182339
7595753988794,12657176286419
7595787273994,12657183552485
7595820563794,12657189076323
7595853859394,12657196047762
7595887142694,12657202585412
7595920430894,12657209188954
7595953727794,12657215232464
7595987009094,12657220628773
7596020298394,12657226318611
7596053589194,12657230633418
7596086911494,12657238786386
7596120166594,12657246095362
7596153456994,12657252581913
7596186747894,12657259563409
7596220036094,12657265259820
7596253325594,12657271462213
7596286614094,12657278463088
7596319905094,12657285004801
7596353192494,12657291233153
7596386482494,12657298254890
7596419772394,12657304208699
7596453061694,12657310920776
7596486355694,12657316248293
7596519640794,12657323212784
7596552930294,12657331652046
7596586226594,12657339656980
7596619508894,12657350784840
7596652797094,12657360232010
7596686094594,12657368733412
7596719379394,12657377011553
7596752665394,12657383601704
7596785955394,12657391720646
7596819244594,12657399141776
7596852533494,12657406178715
7596885823394,12657411993317
7596919114294,12657418765451
7596952424094,12657425554815
7596985691694,12657431158447
7597018980194,12657437421682
7597052288594,12657444153803
7597085562094,12657450780436
7597118849594,12657457236105
7597152138594,12657463405713
7597185428094,12657470154434
7597218722194,12657475865899
7597252007194,12657482681053
7597285296894,12657490865667
7597318590394,12657497649793
7597351875194,12657503855926
7597385163594,12657510945033
7597418493594,12657517278595
7597451741794,12657523270108
7597485031594,12657530176309
7597518325394,12657537917798
7597551612294,12657543287708
7597584899794,12657548971298
7597618189694,12657554880040
7597651480494,12657560632300
7597684767994,12657566452415
7597718058094,12657574896832
7597751370094,12657582733847
7597784636694,12657589952499
7597817926994,12657596238706
7597851223994,12657602447508
7597884505194,12657609031101
7597917795294,12657615244824
7597951088694,12657621247421
7597984373294,12657627247312
7598017662894,12657632625365
7598050956694,12657639941441
7598084241594,12657645140117
7598117531294,12657650736197
7598150826594,12657656330729
7598184109594,12657662704868
7598217398394,12657668374319
7598250691594,12657678677125
7598283976794,12657688815378
7598317266194,12657698947802
7598350556294,12657707920932
7598383876094,12657715300767
7598417134394,12657723482277
7598450424394,12657730782325
7598483737194,12657737607483
7598517003394,12657744228064
7598550293094,12657751156113
7598583581194,12657757387374
7598616875694,12657763107666
7598650159694,12657770120968
7598683454794,12657777118371
7598716739494,12657783347669
7598750028994,12657796457485
7598783322694,12657806016750
7598816607994,12657813788378
7598849897694,12657820032675
7598883194394,12657828076525
7598916475794,12657842552021
7598949764494,12657853055763
7598983065394,12657861920014
7599016343194,12657869632514
7599049632694,12657876575119
7599082922494,12657883713580
7599116212094,12657891784981
7599149500794,12657899742631
7599182790894,12657907262281
7599216080694,12657914384772
7599249369894,12657921349284
7599282659194,12657928197097
7599315947794,12657933931431
7599349238294,12657942086388
7599382526194,12657949866119
7599415820794,12657957778288
7599449106094,12657965667911
7599482395494,12657973299622
7599515689594,12657980825997
7599548974494,12657987209431
7599582264494,12657993751802
7599615581094,12657999610677
7599648841994,12658008013851
7599682130794,12658014210687
7599715450994,12658020586379
7599748709494,12658029487867
7599781998794,12658038190831
7599815288894,12658044872700
7599848579794,12658053763821
7599881867194,12658060389703
7599915157594,12658069397325
7599948447094,12658078070176
7599981735094,12658085379431
7600015025594,12658094404031
7600048343594,12658104471437
7600081604194,12658112253282
7600114892694,12658121857934
7600148187894,12658131241249
7600181472594,12658140457549
7600214762794,12658149397689
7600248056394,12658158366359
7600281340694,12658165290384
7600314630494,12658171348679
7600347924494,12658179501788
7600381209094,12658187255492
7600414497694,12658193159340
7600447794094,12658199504621
7600481077094,12658207994593
7600514365194,12658217160450
7600547655494,12658223538798
7600580947494,12658232762310
7600614233394,12658242183697
7600647523794,12658250182371
7600680813394,12658257665218
7600714100994,12658265287046
7600747391994,12658273728503
7600780709494,12658281900065
7600813970694,12658289782698
7600847260494,12658297393297
7600880556394,12658305338864
7600913839194,12658313226837
7600947127294,12658320236899
7600980422594,12658328566334
7601013706794,12658336888661
7601047025994,12658344744952
7601080290394,12658352936341
7601113575294,12658360687084
7601146864694,12658368115594
7601180160794,12658373932596
7601213443594,12658380480555
7601246732094,12658388202249
7601280023394,12658395238125
7601313310894,12658403706927
7601346600194,12658410063950
7601379890494,12658416590910
7601413179694,12658422766132
7601446468194,12658430645342
7601479758394,12658438432821
7601513048094,12658445635628
7601546337994,12658451190457
7601579626394,12658456570527
7601612919394,12658462441082
7601646206094,12658469830962
7601679493394,12658478912767
7601712788894,12658487109896
7601746073294,12658495581001
7601779363694,12658503991424
7601812657494,12658511826127
7601845941194,12658519553653
7601879232694,12658527624476
7601912529994,12658536588448
7601945809794,12658545439391
7601979098294,12658554263949
7602012396994,12658562599654
7602045676794,12658569303995
7602078966094,12658577323268
7602112256794,12658585422791
7602145545394,12658594396880
7602178834594,12658603268599
7602212124494,12658611425350
7602245415194,12658619302263
7602278701894,12658627115889
7602311993294,12658633261708
7602345286394,12658639698507
7602378593694,12658647901831
7602411859794,12658654836399
7602445155094,12658661502376
7602478439794,12658668092503
7602511729594,12658674475422
7602545023994,12658681233830
7602578309594,12658686630630
7602611597994,12658693766839
7602644889094,12658700937397
7602678176394,12658707578086
7602711464494,12658714854217
7602744754794,12658721989255
7602778045994,12658728769495
7602811333194,12658736049985
7602844623194,12658744663936
7602877912694,12658752505737
7602911200694,12658758974458
7602944490994,12658766885532
7602977781394,12658773168722
7603011068894,12658779682222
7603044359094,12658785730152
7603077681994,12658793293727
7603110938094,12658800707331
7603144228094,12658807754400
7603177521494,12658813420480
7603210806194,12658820601600
7603244103894,12658826979630
7603277389894,12658832250768
7603310674694,12658837889064
7603343963594,12658845166420
7603377258594,12658850460820
7603410542894,12658856329964
7603443831694,12658863110652
7603477121494,12658868171835
7603510410794,12658874033812
7603543699294,12658882144817
7603576989394,12658889260239
7603610277794,12658895259460
7603643567494,12658901902048
7603676857594,12658908342095
7603710178194,12658914310268
7603743435294,12658920166590
7603776725794,12658927088606
7603810021494,12658933824483
7603843304094,12658942435432
7603876594094,12658950460874
7603909891994,12658959089783
7603943173894,12658969529012
7603976461394,12658987233049
7604009756094,12659003293508
7604043042294,12659018693993
7604076330194,12659031207919
7604109624594,12659049013720
7604142908894,12659055984495
7604176198294,12659063034514
7604209488694,12659073039300
7604242776694,12659086020313
7604276065194,12659094437302
7604309356794,12659103323243
7604342644294,12659112446962
7604375933394,12659123709538
7604409223794,12659135581004
7604442513094,12659144586016
7604475801994,12659153250961
7604509091694,12659160919241
7604542386794,12659168925710
7604575684894,12659181552533
7604608960494,12659193151799
7604642254894,12659206139020
7604675550894,12659216645386
7604708827394,12659230172539
7604742122594,12659239483251
7604775407494,12659249831520
7604808696194,12659259324489
7604841991094,12659270054582
7604875274694,12659280293785
7604908566094,12659288876827
7604941853494,12659306341450
7604975143594,12659321265310
7605008431594,12659335920080
7605041758994,12659350468486
7605075010494,12659364163175
7605108300194,12659379019189
7605141590194,12659393933253
7605174879594,12659412016919
7605208167894,12659425147387
7605241458594,12659431888572
7605274753494,12659439169536
7605308036394,12659446398001
7605341326394,12659453490221
7605374620694,12659460274094
7605407905294,12659469110491
7605441197294,12659479108183
7605474489294,12659490161963
7605507773494,12659498171216
7605541063294,12659506635740
7605574357394,12659514060947
7605607641294,12659524639194
7605640931194,12659534455690
7605674219594,12659543024771
7605707509694,12659555073439
7605740799294,12659564512186
7605774088194,12659573884158
7605807381694,12659585958196
7605840666694,12659597930642
7605873956794,12659612657930
7605907265694,12659623262602
7605940534294,12659636818046
7605973824994,12659648667720
7606007120194,12659660941500
7606040402494,12659667966829
7606073692894,12659682572709
7606107016494,12659697023252
7606140271694,12659707576662
7606173560894,12659719067243
7606206855394,12659730021381
7606240140094,12659737455921
7606273428194,12659743380256
7606306724194,12659749222159
7606340007694,12659756657831
7606373327294,12659761947262
7606406585594,12659768869741
7606439876494,12659775190385
7606473165894,12659780278100
7606506455294,12659784760991
7606539744194,12659790918699
7606573032494,12659796419181
7606606323794,12659803950946
7606639611694,12659810910558
7606672900594,12659817277291
7606706191594,12659822268113
7606739484194,12659826526007
7606772768994,12659833305729
7606806059394,12659840963018
7606839355194,12659847946398
7606872638894,12659855196728
7606905927594,12659863398172
7606939222094,12659872745734
7606972506894,12659878928372
7607005794694,12659887335066
7607039090394,12659895988624
7607072380894,12659905252794
7607105663494,12659911340180
7607138952094,12659916621319
7607172242694,12659924791899
7607205532394,12659934218244
7607238849194,12659943273956
7607272110794,12659952937710
7607305399194,12659959290382
7607338703194,12659968624912
7607371977894,12659977230161
7607405267194,12659985953009
7607438557294,12659991520576
7607471852294,12660000206882
7607505135294,12660009929189
7607538425594,12660018516810
7607571722094,12660024354407
7607605003494,12660032226394
7607638294094,12660038744308
7607671618194,12660046789983
7607704907494,12660052625377
7607738161194,12660059978745
7607771456594,12660070284819
7607804740794,12660079592161
7607838030394,12660087253333
7607871318394,12660100782881
7607904608994,12660111532611
7607937899394,12660120448305
7607971186994,12660129387098
7608004478794,12660141573102
7608037765494,12660154149274
7608071055494,12660163928538
7608104345394,12660172352260
7608137633394,12660181956380
7608170923794,12660188936134
7608204218194,12660199647869
7608237501594,12660210234934
7608270792494,12660220821463
7608304088394,12660230885155
7608337369794,12660241061269
7608370660194,12660248141157
7608403983994,12660257855531
7608437238994,12660268440383
7608470539094,12660278238776
7608503823094,12660286890498
7608537107194,12660295293558
7608570417794,12660301102407
7608603684894,12660309323229
7608636975394,12660317632936
7608670279994,12660327408654
7608703553494,12660337194145
7608736844294,12660345873148
7608770133094,12660355761177
7608803422194,12660362771646
7608836711894,12660372074229
7608870000294,12660382034418
7608903290294,12660392174386
7608936582094,12660402291103
7608969867894,12660412678089
7609003158594,12660420206445
7609036485094,12660429826508
7609069735994,12660437069634
7609103026794,12660446249939
7609136322394,12660455579687
7609169609194,12660462104786
7609202894894,12660467958244
7609236189494,12660474152237
7609269474794,12660480562368
7609302761994,12660489252644
7609336051194,12660495326629
7609369341594,12660502871466
7609402632394,12660509470205
7609435919894,12660518242152
7609469209594,12660528165149
7609502500794,12660535566428
7609535789294,12660545844806
7609569078194,12660552692367
7609602366494,12660564118319
7609635657694,12660572856342
7609668948694,12660582428907
7609702234894,12660589308070
7609735524894,12660596235107
7609768820094,12660603222065
7609802102794,12660612134774
7609835393194,12660621487081
7609868689894,12660628571076
7609901992794,12660636234537
7609935260994,12660642794657
7609968555894,12660650318084
7610001868194,12660659224696
7610035128094,12660667883538
7610068417594,12660675605098
7610101708494,12660681587494
7610134997694,12660687532626
7610168285894,12660694771655
7610201575594,12660702060641
7610234866394,12660710287240
7610268154194,12660715871285
7610301444294,12660724905312
7610334732994,12660733102067
7610368023094,12660741698232
7610401314594,12660750251267
7610434601194,12660756346041
7610467891494,12660763009095
7610501187394,12660771424872
7610534469194,12660779013875
7610567759694,12660786839605
7610601056394,12660792839649
7610634337594,12660800277465
7610667627494,12660809540494
7610700922494,12660816574539
7610734206294,12660826932878
7610767505494,12660834980189
7610800784294,12660844899890
7610834074594,12660852457831
7610867363994,12660862773664
7610900652494,12660872517193
7610933942594,12660881926471
7610967232594,12660890056436
7611000520794,12660899168295
7611033810694,12660907234400
7611067099294,12660915663442
7611100389594,12660922208642
7611133685294,12660930990315
7611166966994,12660938037131
7611200258094,12660946994474
7611233573694,12660955783312
7611266835994,12660964093929
7611300125994,12660972169614
7611333436994,12660982016675
7611366703294,12660988967618
7611399993894,12660995316571
7611433290194,12661001566944
7611466572294,12661011490728
7611499862394,12661020787280
7611533150394,12661026951527
7611566440994,12661034304270
7611599728894,12661044070456
7611633018694,12661053005481
7611666309294,12661058940186
7611699598094,12661068184934
7611732886494,12661076685991
7611766176994,12661083044551
7611799466394,12661092284629
7611832760494,12661101324906
7611866048394,12661109936038
7611899333694,12661119070408
7611932624894,12661127767884
7611965918194,12661138984993
7611999201494,12661149974871
7612032492194,12661156733222
7612065787494,12661163696539
7612099070494,12661169439062
7612132359994,12661174575512
7612165657094,12661183476173
7612198938994,12661192954550
7612232228594,12661202245004
7612265516794,12661210949482
7612298809294,12661218295100
7612332095694,12661224371866
7612365385194,12661230483318
7612398675694,12661239736760
7612431964794,12661246511044
7612465253394,12661253836623
7612498543194,12661259716026
7612531834094,12661265308376
7612565121294,12661270919709
7612598413894,12661277627542
7612631700294,12661283926946
7612665014694,12661292691288
7612698284494,12661298543273
7612731568494,12661305314092
7612764858794,12661311892021
7612798154994,12661318076783
7612831436094,12661326494662
7612864726794,12661333608795
7612898023394,12661340699875
7612931304594,12661347757784
7612964595194,12661358558435
7612997883094,12661364995520
7613031176394,12661371726402
7613064461894,12661378549081
7613097751794,12661389573561
7613131042094,12661397704241
7613164331794,12661405612651
7613197619694,12661413498296
7613230909294,12661420700871
7613264199594,12661431660649
7613297487694,12661439081990
7613330780494,12661448034162
7613364067894,12661457484395
7613397356994,12661465102846
7613430652094,12661473827356
7613463934594,12661482913878
7613497225194,12661489286409
7613530520494,12661496377468
7613563803094,12661506789180
7613597092994,12661514966415
7613630389094,12661523261052
7613663670794,12661531096249
7613696961394,12661540495567
7613730250794,12661549804474
7613763539594,12661557426636
7613796832594,12661565764589
7613830117694,12661574451973
7613863408794,12661586072430
7613896696694,12661594445605
7613929986594,12661604184039
7613963276294,12661611224629
7613996598694,12661618949020
7614029853494,12661630205424
7614063146994,12661637864822
7614096434094,12661646466952
7614129723194,12661655398615
7614163035594,12661662626836
7614196300794,12661669749220
7614229592794,12661679550877
7614262885294,12661688698120
7614296169294,12661696377237
7614329459294,12661705673787
7614362754594,12661714224602
7614396037094,12661721392733
7614429327794,12661727707931
7614462617094,12661734664223
7614495906994,12661743766868
7614529196194,12661750805556
7614562484194,12661758559930
7614595775194,12661765840459
7614629062594,12661772534054
7614662352594,12661778544794
7614695642294,12661788549644
7614728931494,12661794405518
7614762220294,12661800421117
7614795513194,12661806540559
7614828800494,12661813233773
7614862089294,12661819533299
7614895384994,12661825957526
7614928670694,12661833384564
7614961957694,12661839548367
7614995251794,12661846017764
7615028535494,12661853653494
7615061825994,12661860971993
7615095123894,12661866868844
7615128403694,12661873601552
7615161694194,12661880184322
7615194984694,12661887042395
7615228271994,12661893116181
7615261562194,12661897825043
7615294852094,12661902537756
7615328162694,12661906959854
7615361429494,12661911573888
7615394718894,12661916193575
7615428009194,12661921437963
7615461297994,12661926747182
7615494587094,12661931942562
7615527879194,12661937042867
7615561167594,12661942706750
7615594454794,12661948159939
7615627751094,12661953007732
7615661035594,12661961354349
7615694323594,12661966859939
7615727619194,12661971969990
7615760902294,12661977906291
7615794192494,12661984704840
7615827488994,12661990151305
7615860769994,12661995862346
7615894060594,12662002473937
7615927350694,12662008489861
7615960638594,12662014731738
7615993928394,12662020652670
7616027216794,12662025987466
7616060507194,12662031444186
7616093796594,12662036977055
7616127085194,12662043175624
7616160375294,12662049030119
7616193667894,12662056340012
7616226953194,12662062850564
7616260245494,12662068719745
7616293532894,12662074443445
7616326820794,12662080314879
7616360117394,12662089703592
7616393399994,12662096443277
7616426690494,12662102665518
7616459985994,12662108177757
7616493268094,12662113662118
7616526558694,12662119580107
7616559853594,12662125257446
7616593136994,12662132406076
7616626426794,12662141187049
7616659757894,12662149645132
7616693004094,12662157445507
7616726295094,12662163864937
7616759584094,12662170494169
7616792873894,12662176655373
7616826179194,12662183549222
7616859451594,12662190938208
7616892742494,12662198052043
7616926030294,12662204243224
7616959319294,12662210193158
7616992611694,12662216261039
7617025900294,12662222215504
7617059187594,12662231692333
7617092483294,12662237404199
7617125768794,12662243459931
7617159057394,12662249305364
7617192351794,12662255985464
7617225640194,12662261713364
7617258926194,12662267691010
7617292219594,12662274805511
7617325502994,12662281253240
7617358792894,12662287344648
7617392082094,12662293292116
7617425370794,12662299429504
7617458661294,12662305943997
7617491950394,12662311948936
7617525251694,12662318847519
7617558528894,12662324525456
7617591817694,12662331729123
7617625108394,12662337735794
7617658396494,12662343706003
7617691686094,12662349607700
7617724978094,12662355370592
7617758265694,12662364818541
7617791554194,12662371537706
7617824851694,12662377959157
7617858134594,12662383999779
7617891421894,12662389921376
7617924718394,12662396267627
7617958000694,12662402830942
7617991312594,12662410203028
7618024585694,12662416326429
7618057869194,12662422554334
7618091159294,12662429986359
7618124448694,12662437566323
7618157737494,12662444080362
7618191027994,12662451549368
7618224318294,12662459015071
7618257605594,12662465921891
7618290896094,12662475331741
7618324184194,12662481480610
7618357473794,12662487838657
7618390763294,12662494015392
7618424052494,12662500069154
7618457344494,12662510199634
7618490632594,12662516688501
7618523920594,12662522879018
7618557216494,12662528925518
7618590501194,12662534567374
7618623788594,12662540372291
7618657084494,12662546051812
7618690370594,12662553153543
7618723675694,12662559907021
7618756953694,12662566279757
7618790235294,12662573447266
7618823525594,12662579922992
7618856834094,12662586841651
7618890103394,12662592758207
7618923393894,12662602402115
7618956683594,12662609631860
7618989972394,12662615886737
7619023261994,12662622107191
7619056551894,12662629406078
7619089840694,12662636376239
7619123130294,12662642987516
7619156418594,12662652449168
7619189711594,12662659234445
7619222997294,12662665338686
7619256286994,12662671523570
7619289583294,12662677307747
7619322897194,12662682826388
7619356155094,12662688632005
7619389451194,12662695368636
7619422734794,12662701923309
7619456023994,12662707860733
7619489319794,12662714105509
7619522601394,12662719747721
7619555893294,12662725582496
7619589180894,12662731439324
7619622470194,12662738635609
7619655760694,12662745871394
7619689049794,12662751907079
7619722338094,12662758807250
7619755628494,12662764712362
7619788918094,12662770534720
7619822208894,12662776167423
7619855500094,12662785327564
7619888785094,12662791545652
7619922078694,12662800368216
7619955363794,12662815237655
7619988652994,12662825094444
7620021949194,12662833919367
7620055232694,12662841300723
7620088521494,12662849976369
7620121817594,12662857413203
7620155101494,12662864623653
7620188407194,12662871631641
7620221686194,12662883437015
7620254974194,12662893357078
7620288263194,12662902783165
7620321547094,12662912339399
7620354836594,12662918793646
7620388126694,12662925447655
7620421416094,12662931460083
7620454704894,12662937295279
7620487994894,12662943333637
7620521285194,12662949629799
7620554572794,12662959727155
7620587863194,12662965853780
7620621152894,12662972912171
7620654493894,12662980049411
7620687730694,12662987735918
7620721019494,12662995243944
7620754315794,12663000613047
7620787600494,12663009671150
7620820887694,12663017200808
7620854183894,12663025101577
7620887467394,12663032831089
7620920756194,12663040110036
7620954052294,12663046349806
7620987336094,12663053738919
7621020624494,12663062481498
7621053914394,12663069856392
7621087202594,12663076835885
7621120493194,12663082565909
7621153783294,12663089677476
7621187071194,12663097041679
7621220361194,12663104596074
7621253651594,12663112298605
7621286938894,12663119633355
7621320229394,12663127066350
7621353517694,12663133669264
7621386809694,12663140398066
7621420097694,12663146958621
7621453385894,12663153796629
7621486682494,12663161868379
7621519987094,12663167525593
7621553253894,12663173949550
7621586550294,12663179881716
7621619848594,12663185092744
7621653122094,12663192443015
7621686418994,12663199408200
7621719709294,12663207857330
