#t_ns,out_ts
7465093169994,12625147564666
7465126453394,12625159539623
7465159742594,12625169640316
7465193037794,12625175887940
7465226321594,12625188059207
7465259611794,12625194924934
7465292898794,12625202094368
7465326188294,12625209752287
7465359478694,12625219875350
7465392767994,12625227845607
7465426056294,12625234622737
7465459346694,12625240815063
7465492636594,12625247373447
7465525926094,12625253548786
7465559214494,12625259097743
7465592503494,12625268200537
7465625799994,12625275727107
7465659082094,12625282484099
7465692371694,12625289044482
7465725667494,12625295405560
7465758950894,12625301946909
7465792239894,12625309808890
7465825536094,12625316896626
7465858822394,12625323573797
7465892129894,12625331903387
7465925404594,12625339720825
7465958686294,12625346953883
7465991989594,12625355340363
7466025264894,12625362615845
7466058554294,12625369029003
7466091845194,12625376349239
7466125134394,12625385361587
7466158422994,12625391966669
7466191713994,12625398303592
7466225003394,12625405150218
7466258291294,12625412506104
7466291581494,12625419465710
7466324869494,12625426369992
7466358195394,12625433111308
7466391448094,12625440188982
7466424737994,12625447060693
7466458034094,12625453832950
7466491318694,12625462828446
7466524605794,12625471597409
7466557902394,12625480133569
7466591185594,12625488602594
7466624474194,12625497154124
7466657770694,12625505698943
7466691054094,12625513573284
7466724343894,12625524693808
7466757633294,12625534797275
7466790921094,12625543440869
7466824211194,12625552884619
7466857501194,12625561711508
7466890789594,12625570466840
7466924079694,12625579856520
7466957369294,12625590289629
7466990657294,12625599994130
7467023947494,12625609460356
7467057237294,12625619257166
7467090530894,12625628072626
7467123815894,12625635996527
7467157104094,12625644101786
7467190400694,12625653192461
7467223705794,12625664011784
7467256971994,12625673175878
7467290268294,12625682946621
7467323577194,12625691795920
7467356840694,12625701299604
7467390137194,12625710739172
7467423431594,12625721227384
7467456709994,12625730424377
7467489999494,12625739224648
7467523287594,12625748412687
7467556578294,12625756184731
7467589866294,12625764062849
7467623155794,12625770893433
7467656445894,12625779614731
7467689735094,12625787547895
7467723023194,12625795042719
7467756314194,12625803189803
7467789603994,12625811026252
7467822899794,12625820985860
7467856199994,12625829234600
7467889470894,12625839575664
7467922768194,12625848301227
7467956049894,12625855977162
7467989338794,12625864246935
7468022634994,12625872153477
7468055918494,12625881189763
7468089206994,12625888972103
7468122503794,12625898391111
7468155786794,12625907431930
7468189076194,12625914914092
7468222365494,12625923704970
7468255653694,12625932423799
7468288944194,12625940892474
7468322232594,12625949493489
7468355521594,12625959082397
7468388812394,12625967849208
7468422102794,12625976434958
7468455390194,12625985817069
7468488680894,12625994438362
7468521971194,12626003550448
7468555287194,12626011498645
7468588548294,12626021971308
7468621836894,12626030457774
7468655154194,12626038969778
7468688416094,12626048283540
7468721705794,12626056483336
7468755001294,12626064765178
7468788284494,12626073300191
7468821573094,12626082036700
7468854871494,12626091287095
7468888154394,12626100224871
7468921441294,12626108892742
7468954732294,12626117106202
7468988020194,12626123817876
7469021310294,12626132406168
7469054599194,12626142245967
7469087888494,12626150957521
7469121178694,12626158947224
7469154469294,12626167242606
7469187756594,12626176205290
7469221046894,12626184342443
7469254337494,12626193008792
7469287628494,12626201838287
7469320915094,12626210661685
7469354203194,12626219053517
7469387502394,12626227472680
7469420783694,12626237286305
7469454071994,12626246931977
7469487367794,12626256081777
7469520653194,12626265667095
7469553939694,12626276320493
7469587236294,12626286422330
7469620519794,12626295277308
7469653807894,12626303300717
7469687098394,12626311705599
7469720403594,12626319890344
7469753676794,12626329407675
7469786966494,12626338107238
7469820255194,12626347157911
7469853545394,12626355614375
7469886833494,12626364212722
7469920122994,12626372568161
7469953413294,12626381013615
7469986737294,12626390810822
7470019993894,12626400593892
7470053281394,12626410294162
7470086571094,12626419133054
7470119866994,12626427656347
7470153150094,12626437060415
7470186438294,12626445117396
7470219735494,12626453704659
7470253016694,12626462053925
7470286306294,12626470671084
7470319602794,12626480349670
7470352887394,12626488661810
7470386174294,12626497141921
7470419464394,12626505770096
7470452755094,12626516196841
7470486044294,12626526978081
7470519333094,12626537876881
7470552621094,12626547128784
7470585912794,12626556175035
7470619200394,12626565668478
7470652489394,12626575206320
7470685780094,12626585580239
7470719068994,12626594943033
7470752361194,12626604146406
7470785648094,12626613286988
7470818937594,12626621068053
7470852237994,12626629225091
7470885515594,12626638416393
7470918804594,12626648079548
7470952101294,12626656801002
7470985383294,12626665450468
7471018672494,12626674199936
7471051969194,12626683071913
7471085252094,12626691718905
7471118540694,12626701497613
7471151831394,12626711036911
7471185121394,12626720102509
7471218408894,12626729681735
7471251699594,12626738601364
7471284987594,12626747463522
7471318301294,12626757286597
7471351566294,12626766020283
7471384855594,12626775419930
7471418146594,12626785686639
7471451435394,12626795428034
7471484726894,12626803602936
7471518014394,12626812271293
7471551305294,12626820109454
7471584597694,12626828615956
7471617882694,12626837423271
7471651170894,12626846311227
7471684466794,12626854831905
7471717750494,12626863655946
7471751038594,12626872421192
7471784335794,12626880829677
7471817619394,12626890312932
7471850906994,12626899071541
7471884197694,12626907353632
7471917487594,12626915400965
7471950775094,12626923187053
7471984065694,12626931091736
7472017376094,12626939213155
7472050644294,12626947365655
7472083934294,12626955994143
7472117222094,12626964449414
7472150512194,12626972971403
7472183814994,12626982153694
7472217093394,12626989798164
7472250380794,12626997320297
7472283669794,12627005803645
7472316964994,12627015138565
7472350248994,12627025617449
7472383538494,12627035664145
7472416833794,12627045308288
7472450116794,12627054472613
7472483405694,12627063948771
7472516702294,12627073784508
7472549983894,12627084712835
7472583273594,12627094405659
7472616564094,12627103499789
7472649903394,12627112486402
7472683141694,12627121566262
7472716431894,12627130271432
7472749721594,12627139066660
7472783010494,12627150010446
7472816303294,12627159497809
7472849588394,12627168841738
7472882879694,12627178783465
7472916167694,12627188685024
7472949459594,12627198482939
7472982747694,12627207725439
7473016036994,12627218168877
7473049330394,12627228310212
7473082615294,12627238841707
7473115904994,12627248044708
7473149200694,12627258046960
7473182483094,12627265483692
7473215771994,12627272042838
7473249069694,12627282255290
7473282350094,12627289202615
7473315639694,12627297154622
7473348930194,12627305954093
7473382219494,12627314037888
7473415507894,12627322928639
7473448798194,12627331536306
7473482092894,12627340651194
7473515398494,12627349403841
7473548666894,12627357287457
7473581962994,12627365781182
7473615255094,12627374387276
7473648533494,12627383474833
7473681825894,12627393132511
7473715113794,12627402863210
7473748403094,12627412035207
7473781696794,12627420898214
7473814981694,12627428641670
7473848271794,12627437878008
7473881564894,12627445455493
7473914849294,12627453992225
7473948138094,12627463953297
7473981468294,12627471933176
7474014716994,12627480492961
7474048006394,12627489326655
7474081296694,12627498089414
7474114587194,12627508115670
7474147874594,12627517386970
7474181164794,12627528480238
7474214453994,12627537450421
7474247742394,12627545551110
7474281032794,12627555337003
7474314348494,12627564374364
7474347612394,12627573487615
7474380901094,12627582493704
7474414192394,12627593025091
7474447480294,12627603256867
7474480769294,12627612336817
7474514063394,12627621687545
7474547348294,12627630132715
7474580637594,12627638587735
7474613931494,12627647162536
7474647217594,12627656879205
7474680504494,12627665494080
7474713801094,12627674483869
7474747084494,12627684011008
7474780373194,12627693979689
7474813663494,12627702454841
7474846973694,12627711369205
7474880241194,12627721981076
7474913531494,12627731716041
7474946843694,12627742085478
7474980108894,12627752862515
7475013399394,12627762068641
7475046714594,12627769727910
7475079978194,12627777997946
7475113267794,12627786480980
7475146558894,12627794248437
7475179846694,12627802064953
7475213134294,12627810074616
7475246429794,12627817558266
7475279714094,12627824997984
7475313043694,12627832133264
7475346297794,12627840047802
7475379582194,12627849118606
7475412872094,12627857018887
7475446167894,12627865655744
7475479466794,12627873152224
7475512739094,12627880870901
7475546030594,12627888606049
7475579317794,12627896900724
7475612607394,12627904095380
7475645897594,12627912078819
7475679186794,12627919315980
7475712475594,12627927468570
7475745765894,12627934734036
7475779055494,12627942375366
7475812344794,12627951400771
7475845634094,12627959797983
7475878924794,12627967726437
7475912212894,12627976569400
7475945500694,12627984767874
7475978796094,12627992111209
7476012080794,12628000199541
7476045371494,12628009664883
7476078664394,12628017510881
7476111948894,12628025087318
7476145239794,12628032494419
7476178555694,12628038928533
7476211816994,12628045263652
7476245105594,12628050932494
7476278419594,12628057513569
7476311684594,12628064171065
7476344973794,12628071074862
7476378264194,12628076967235
7476411553194,12628082530706
7476444841794,12628088151670
7476478132294,12628093305192
7476511422694,12628099658068
7476544709594,12628106865737
7476578000194,12628113096228
7476611291094,12628119918600
7476644579194,12628126078516
7476677867294,12628132312568
7476711162394,12628137937495
7476744447594,12628144724705
7476777737294,12628152280930
7476811030594,12628159299312
7476844314994,12628166546228
7476877605894,12628172310634
7476910899894,12628179372980
7476944183594,12628185725852
7476977471894,12628192561746
7477010762494,12628199851363
7477044051994,12628206408150
7477077340094,12628213517625
7477110630294,12628219961751
7477143918994,12628226930190
7477177208194,12628233604327
7477210498494,12628241306628
7477243788594,12628248705789
7477277076294,12628255779031
7477310366894,12628263712998
7477343686894,12628270480513
7477376948794,12628278053828
7477410234694,12628284370475
7477443528994,12628292722410
7477476813894,12628300569275
7477510101894,12628307644824
7477543397994,12628314397015
7477576681894,12628320734750
7477610001994,12628327175744
7477643265394,12628332719429
7477676550094,12628339188033
7477709839594,12628345398287
7477743128994,12628351241297
7477776418094,12628356948741
7477809708194,12628362541789
7477842997394,12628367934861
7477876285394,12628372857100
7477909574794,12628379422387
7477942864994,12628385923844
7477976155094,12628392062260
7478009442394,12628398380923
7478042733194,12628404389034
7478076026794,12628410487077
7478109312594,12628416448138
7478142601294,12628423553903
7478175896094,12628430502269
7478209180494,12628438307147
7478242468694,12628445651961
7478275763694,12628453555552
7478309047894,12628460867203
7478342337394,12628467630907
7478375632594,12628475294390
7478408916494,12628482788655
7478442206194,12628490319510
7478475495494,12628497961588
7478508784594,12628504794852
7478542072994,12628511754622
7478575363794,12628519785453
7478608651794,12628527884146
7478641940994,12628536049502
7478675231094,12628544756507
7478708520494,12628552672931
7478741809194,12628560060810
7478775099494,12628566755394
7478808392494,12628574268209
7478841677494,12628581682428
7478874968094,12628590117922
7478908262594,12628598149446
7478941566694,12628605257030
7478974834394,12628612621601
7479008129894,12628618798663
7479041414694,12628625460883
7479074703894,12628633325649
7479107998594,12628640912254
7479141318594,12628648650807
7479174573094,12628655476904
7479207860394,12628662275693
7479241150694,12628674024310
7479274443094,12628684801795
7479307728994,12628695556119
7479341018994,12628703713081
7479374307594,12628711183223
7479407597894,12628717633750
7479440887794,12628725212659
7479474175494,12628731506062
7479507466294,12628738221852
7479540758894,12628745339864
7479574043694,12628751879526
7479607333994,12628759005912
7479640660994,12628765906845
7479673912694,12628772210266
7479707201894,12628778507143
7479740496394,12628785124744
7479773780994,12628793345406
7479807079194,12628801153453
7479840364794,12628808922229
7479873649094,12628816507567
7479906938794,12628823454848
7479940226994,12628830445994
7479973517794,12628837638489
7480006806994,12628847937718
7480040111994,12628858727960
7480073385794,12628868601646
7480106673494,12628877656147
7480139963894,12628886085551
7480173252694,12628893925639
7480206541794,12628902175416
7480239832394,12628910618160
7480273172794,12628918532169
7480306410094,12628926843501
7480339700194,12628933864137
7480373023894,12628941482118
7480406278994,12628949005968
7480439568594,12628955065209
7480472862794,12628962883851
7480506148294,12628970752108
7480539435894,12628978368897
7480572730794,12628986882361
7480606015494,12628993733517
7480639304594,12629000824739
7480672593094,12629008085920
7480705883794,12629019048719
7480739173194,12629028319493
7480772462894,12629037499548
7480805751794,12629045912552
7480839039994,12629053262742
7480872331494,12629059924175
7480905619194,12629066625265
7480938908194,12629074610837
7480972198394,12629082641147
7481005489794,12629090068034
7481038776094,12629097252767
7481072066694,12629102552170
7481105362594,12629109425536
7481138661894,12629115428127
7481171937794,12629123493271
7481205229694,12629130881065
7481238522794,12629136739200
7481271802394,12629144531686
7481305097894,12629150330124
7481338381894,12629156237543
7481371671294,12629161851195
7481404959494,12629168945218
7481438250294,12629177119390
7481471540594,12629184316232
7481504827494,12629191500174
7481538118194,12629198796629
7481571407194,12629206265222
7481604730794,12629213091440
7481637985294,12629221294163
7481671274794,12629228490819
7481704565394,12629235996358
7481737857994,12629243440647
7481771142994,12629251956711
7481804433794,12629259179638
7481837728494,12629266696994
7481871011194,12629275710897
7481904301594,12629281861239
7481937636894,12629290159679
7481970882094,12629298493045
7482004170094,12629306432520
7482037463894,12629314855931
7482070748194,12629323534132
7482104037994,12629332452178
7482137325894,12629339289506
7482170616394,12629346783477
7482203906994,12629353171229
7482237193894,12629361374824
7482270484594,12629370573173
7482303772894,12629379542536
7482337063194,12629388657490
7482370353194,12629398551999
7482403641394,12629408677697
7482436931294,12629414331500
7482470243894,12629421903084
7482503508994,12629427761887
7482536799994,12629434054940
7482570099394,12629441646509
7482603377394,12629449665874
7482636667694,12629458031475
7482669991894,12629465836048
7482703249894,12629474367862
7482736536594,12629483214102
7482769830494,12629490025522
7482803114894,12629499768191
7482836403294,12629507070889
7482869692694,12629514878703
7482902982794,12629524649242
7482936328894,12629532289051
7482969560394,12629541227687
7483002850994,12629549119079
7483036140694,12629555585062
7483069429894,12629560735361
7483102719094,12629564614775
7483136007694,12629568811846
7483169298894,12629573164112
7483202587194,12629577510965
7483235875894,12629581259276
7483269166294,12629586561876
7483302460994,12629592124776
7483335744294,12629598148466
7483369034394,12629603680260
7483402329894,12629609166112
7483435613894,12629613965341
7483468902694,12629619506712
7483502197494,12629624854212
7483535481994,12629629974651
7483568769794,12629635549155
7483602058894,12629640753257
7483635349594,12629645953993
7483668639694,12629650658272
7483701926994,12629656330164
7483735217494,12629662653079
7483768508194,12629669347981
7483801824194,12629675292496
7483835085494,12629680146536
7483868374094,12629685769416
7483901678394,12629690583859
7483934953894,12629695042166
7483968242194,12629705186195
7484001532494,12629713841927
7484034828094,12629720637631
7484068110194,12629728693590
7484101400594,12629736858420
7484134697294,12629743959413
7484167978194,12629750131735
7484201269094,12629757371397
7484234563594,12629765759759
7484267847594,12629772291106
7484301135794,12629779986251
7484334425394,12629786155195
7484367715594,12629793737239
7484401006194,12629800632576
7484434293394,12629808079703
7484467584494,12629818569485
7484500874294,12629828150373
7484534162094,12629835914088
7484567451994,12629843233204
7484600743794,12629850630185
7484634030294,12629858107322
7484667320894,12629865200501
7484700608794,12629871113827
7484733899094,12629878414432
7484767194994,12629883536182
7484800476194,12629888857675
7484833767294,12629894184473
7484867063594,12629899442351
7484900345794,12629907754695
7484933635194,12629915206333
7484966981694,12629923261772
7485000213394,12629930254798
7485033503594,12629935742089
7485066792094,12629942136434
7485100082294,12629952938358
7485133370694,12629963787481
7485166659694,12629972095735
7485199950294,12629979765761
7485233265894,12629988027308
7485266527594,12629995289809
7485299818594,12630001848368
7485333107894,12630008159412
7485366396794,12630016071062
7485399687394,12630021810788
7485432975294,12630028333678
7485466265594,12630034111575
7485499559594,12630040573457
7485532843094,12630050353800
7485566133794,12630059338245
7485599429394,12630067151962
7485632710994,12630072365533
7485666001594,12630078774247
7485699298994,12630085505796
7485732581094,12630092111175
7485765869794,12630099042926
7485799158194,12630105400055
7485832449294,12630112214937
7485865736994,12630118784851
7485899026394,12630125176101
7485932316594,12630131942042
7485965605794,12630138127897
7485998894094,12630144177941
7486032184894,12630150644884
7486065474594,12630157388095
7486098763694,12630162836513
7486132053194,12630169142984
7486165341394,12630174446884
7486198631694,12630179879312
7486231925794,12630185486890
7486265209294,12630191746298
7486298499994,12630198071769
7486331795094,12630203491955
7486365077694,12630210132453
7486398368094,12630216292958
7486431664994,12630222422011
7486464945094,12630229044023
7486498248994,12630234712378
7486531524694,12630241567394
7486564848394,12630247942281
7486598103394,12630254236121
7486631393194,12630261320652
7486664683094,12630267734406
7486697972194,12630273148800
7486731260794,12630278909039
7486764551394,12630284956318
7486797841694,12630290656140
7486831128894,12630296863060
7486864419194,12630302597879
7486897708094,12630308425031
7486930997994,12630314689191
7486964291694,12630320510886
7486997575294,12630327838687
7487030866294,12630333572963
7487064162794,12630339694154
7487097443494,12630345640766
7487130733994,12630352511369
7487164031294,12630358861579
7487197311994,12630365058786
7487230602694,12630371957008
7487263891194,12630378157924
7487297180694,12630386255945
7487330471294,12630392556637
7487363759194,12630398271060
7487397049494,12630404283108
7487430340294,12630414116927
7487463627294,12630423147024
7487496917094,12630430246546
7487530206494,12630436417888
7487563495394,12630441669200
7487596786094,12630446494937
7487630075594,12630451578123
7487663363994,12630456721105
7487696660094,12630464480275
7487729942394,12630471769736
7487763232794,12630478747389
7487796527194,12630484197402
7487829811094,12630491511669
7487863100694,12630497133157
7487896429394,12630504296692
7487929678494,12630513221499
7487962968894,12630519993315
7487996296294,12630526341663
7488029559094,12630533058136
7488062837094,12630539562481
7488096125294,12630544552320
7488129416294,12630549848075
7488162704494,12630556755366
7488195993894,12630562622991
7488229283894,12630568476929
7488262573094,12630574545745
7488295861894,12630580753045
7488329152194,12630586308600
7488362441694,12630591397041
7488395731994,12630597771766
7488429025994,12630604982180
7488462308494,12630610702993
7488495599894,12630616692493
7488528893194,12630622829993
7488562176194,12630628956182
7488595466894,12630635542520
7488628762894,12630643163883
7488662044494,12630651599034
7488695335294,12630658591559
7488728631594,12630665467459
7488761922594,12630671237151
7488795202994,12630677954048
7488828491994,12630683972458
7488861781994,12630691168228
7488895070394,12630697423768
7488928360194,12630703493561
7488961650294,12630708863404
7488994939594,12630715532297
7489028228194,12630722198601
7489061518694,12630728774407
7489094808794,12630735961398
7489128095894,12630743920108
7489161395194,12630751263257
7489194675094,12630758538574
7489227985394,12630765856639
7489261259194,12630772627882
7489294543494,12630779687791
7489327833194,12630787409350
7489361130894,12630794435557
7489394410894,12630801485967
7489427701394,12630808625387
7489460994194,12630813656054
7489494279894,12630819236182
7489527570094,12630826175162
7489560859494,12630834538010
7489594147694,12630842900742
7489627437994,12630849738266
7489660726294,12630857334118
7489694016694,12630865166578
7489727306594,12630873014227
7489760594194,12630880137909
7489793885094,12630887013046
7489827175194,12630893915690
7489860462494,12630901615594
7489893758494,12630909558670
7489927053194,12630917077671
7489960331794,12630924675555
7489993626594,12630931824033
7490026909594,12630940519607
7490060200194,12630948758055
7490093510394,12630957193768
7490126777394,12630964588677
7490160068094,12630972029338
7490193363994,12630980120460
7490226644994,12630987948495
7490259935894,12630995599673
7490293225794,12631003956203
7490326514794,12631012516980
7490359804694,12631019870103
7490393092894,12631027402776
7490426383194,12631034830893
7490459671494,12631042241977
7490492960894,12631050200698
7490526251194,12631057793547
7490559591494,12631064915993
7490592828294,12631071838326
7490626124594,12631078495987
7490659408794,12631085427420
7490692698494,12631092111282
7490725993194,12631101189142
7490759275694,12631109161262
7490792567594,12631117399984
7490825860694,12631125537892
7490859144394,12631133190305
7490892434294,12631138643628
7490925729794,12631145965068
7490959011994,12631152039328
7490992302694,12631159423301
7491025592294,12631167577554
7491058885094,12631174462244
7491092170594,12631181792048
7491125459194,12631188601870
7491158749994,12631195231887
7491192037894,12631204110912
7491225327394,12631211939182
7491258617694,12631217864946
7491291907994,12631222924987
7491325195394,12631228356577
7491358490794,12631233407703
7491391776194,12631239200410
7491425086494,12631245725053
7491458359794,12631251695574
7491491643494,12631258005524
7491524942094,12631263629370
7491558226794,12631269443514
7491591510794,12631274770467
7491624800894,12631280230850
7491658096994,12631287488674
7491691378494,12631293177637
7491724669194,12631299534658
7491757959094,12631303969611
7491791246494,12631308079212
7491824536994,12631314271134
7491857825594,12631318695460
7491891148794,12631326675031
7491924404694,12631334527688
7491957693494,12631341744638
7491990983994,12631346912752
7492024273394,12631352348814
7492057561694,12631357306184
7492090856894,12631365557525
7492124142494,12631372707481
7492157429394,12631380305726
7492190726294,12631386991792
7492224009094,12631393691443
7492257298594,12631399154808
7492290594694,12631404886643
7492323876894,12631410880307
7492357167494,12631418723844
7492390463894,12631426497642
7492423744694,12631433062474
7492457035494,12631440114154
7492490325394,12631445110702
7492523613194,12631449719745
7492556903694,12631454734446
7492590193194,12631462353541
7492623482194,12631469958578
7492656771294,12631477031898
7492690060194,12631484959291
7492723350494,12631492687707
7492756660994,12631498380816
7492789928094,12631504903831
7492823223194,12631513334294
7492856523794,12631521351145
7492889796394,12631528882157
7492923092794,12631535295111
7492956379594,12631543379863
7492989665394,12631551601125
7493022960894,12631558355291
7493056243394,12631565890235
7493089533894,12631573560798
7493122825594,12631579591916
7493156111494,12631584835317
7493189401494,12631592619051
7493222731794,12631600438985
7493255979294,12631607430121
7493289269894,12631616298751
7493322560094,12631624612207
7493355849494,12631632802932
7493389137694,12631639460707
7493422426394,12631646149936
7493455717994,12631652810469
7493489005194,12631658324693
7493522294494,12631666353635
7493555589394,12631674358385
7493588873894,12631682343815
7493622163094,12631689151835
7493655458794,12631696749714
7493688742694,12631704575793
7493722038794,12631710445009
7493755327794,12631719128539
7493788615394,12631727372869
7493821900294,12631733352655
7493855191494,12631740811084
7493888477494,12631748345491
7493921768094,12631756200342
7493955057094,12631763785986
7493988345794,12631772437239
7494021636294,12631779280365
7494054927094,12631787445926
7494088239094,12631794234442
7494121504094,12631801460142
7494154792894,12631808099952
7494188105394,12631814931561
7494221371294,12631821836917
7494254660894,12631828444257
7494287955794,12631836027071
7494321240794,12631842616781
7494354529294,12631848602494
7494387825494,12631854741030
7494421111194,12631859307129
7494454397394,12631868815066
7494487694194,12631876874440
7494520975794,12631883908976
7494554300194,12631889558516
7494587561294,12631894258709
7494620844094,12631899944596
7494654134794,12631904913861
7494687427094,12631910007265
7494720712394,12631915704734
7494754002894,12631921487837
7494787293094,12631926541560
7494820580194,12631931770687
7494853887794,12631937688253
7494887159094,12631947817353
7494920449394,12631957726099
7494953738294,12631965176788
7494987027294,12631972283115
7495020322894,12631978104920
7495053606694,12631984536418
7495086895594,12631989307118
7495120191894,12631994488991
7495153475394,12632000908032
7495186763594,12632006512016
7495220059994,12632012210471
7495253343794,12632017435160
7495286632794,12632024011638
7495319928794,12632028736840
7495353210594,12632034548532
7495386501394,12632040611154
7495419788994,12632047397024
7495453078594,12632053518087
7495486369294,12632060245331
7495519687594,12632066615442
7495552947094,12632072945020
7495586237694,12632078072444
7495619526894,12632085113191
7495652815994,12632091433271
7495686105294,12632097342882
7495719393894,12632103348345
7495752689494,12632109702585
7495785972594,12632115354090
7495819262194,12632119954169
7495852558294,12632126784127
7495885842894,12632131384263
7495919129894,12632136939961
7495952426394,12632143236861
7495985710194,12632148265804
7496018999694,12632152930878
7496052294494,12632157362846
7496085576894,12632164330451
7496118868294,12632170864479
7496152155494,12632175944834
7496185444994,12632181850161
7496218735694,12632188147186
7496252024794,12632193155685
7496285313394,12632200078203
7496318603894,12632206775987
7496351893394,12632213755327
7496385186294,12632219767573
7496418471494,12632224669164
7496451760194,12632232089933
7496485055894,12632237572553
7496518338994,12632243215628
7496551628194,12632254453335
7496584924194,12632264111917
7496618208094,12632272612090
7496651496194,12632280263454
7496684792694,12632287104225
7496718076794,12632293428350
7496751401794,12632300480009
7496784661294,12632307380611
7496817943494,12632312837416
7496851271494,12632319245161
7496884521794,12632325262074
7496917811494,12632330184464
7496951101994,12632335257907
7496984392394,12632341429781
7497017679594,12632349327446
7497050970294,12632354421248
7497084259494,12632360591401
7497117547794,12632367357885
7497150837694,12632373484482
7497184128094,12632380175130
7497217420694,12632385657939
7497250706294,12632391611497
7497283994394,12632396749322
7497317290894,12632401318860
7497350574894,12632405862910
7497383862594,12632410462868
7497417159194,12632415264787
7497450443194,12632424891829
7497483730894,12632434830214
7497517027594,12632442190219
7497550320894,12632449343121
7497583600194,12632456069855
7497616889894,12632462236851
7497650177794,12632470077530
7497683468694,12632477186306
7497716761494,12632484721394
7497750046194,12632491716699
7497783336494,12632497388557
7497816625394,12632502967528
7497849913994,12632509104644
7497883204594,12632514927093
7497916493694,12632520821917
7497949787694,12632527527103
7497983072194,12632533963344
7498016361194,12632540269292
7498049657194,12632544916088
7498082939994,12632550829831
7498116229194,12632556530701
7498149525794,12632562612508
7498182831994,12632567371357
7498216096794,12632573531700
7498249394094,12632579558070
7498282677494,12632585094849
7498315966594,12632589977623
7498349256294,12632595776645
7498382544494,12632601955179
7498415835394,12632608197468
7498449123094,12632613905557
7498482412094,12632620788965
7498515702794,12632625632179
7498548991894,12632631639542
7498582280594,12632637105773
7498615571094,12632643245430
7498648863894,12632650395359
7498682154894,12632657153302
7498715438794,12632663975076
7498748727494,12632669814809
7498782025194,12632675763673
7498815305894,12632680734193
7498848595894,12632685708724
7498881891794,12632691177911
7498915176194,12632698131783
7498948463994,12632703742772
7498981760394,12632710504561
7499015044994,12632714928754
7499048344294,12632721192267
7499081622894,12632727840428
7499114926794,12632734934881
7499148203094,12632742325201
7499181489294,12632748092364
7499214778794,12632754242097
7499248069094,12632761074941
7499281358294,12632766375335
7499314646994,12632772767728
7499347937394,12632778829793
7499381227194,12632785731047
7499414518894,12632792812026
7499447805694,12632798687499
7499481093594,12632805121158
7499514421694,12632811848135
7499547672694,12632817465366
7499580962194,12632823024827
7499614258594,12632829495346
7499647541994,12632835482994
7499680830294,12632841350427
7499714126894,12632847911119
7499747410694,12632853830926
7499780698494,12632859537369
7499813988694,12632864964725
7499847276894,12632871605377
7499880567394,12632878889374
7499913856694,12632884642685
7499947145294,12632889689854
7499980435694,12632895964199
7500013725694,12632901817367
7500047013294,12632908791665
7500080304294,12632914506594
7500113594194,12632920522919
7500146886894,12632925690947
7500180171894,12632931304351
7500213460494,12632936962246
7500246756394,12632943045752
7500280039994,12632949669563
7500313328594,12632955663710
7500346624994,12632962037509
7500379927194,12632967789008
7500413196294,12632972946979
7500446492994,12632978657112
7500479780294,12632984082433
7500513064894,12632991744222
7500546361594,12632998977731
7500579660194,12633006332872
7500612933494,12633013561577
7500646223494,12633020179262
7500679511394,12633027021369
7500712802294,12633034582669
7500746089994,12633042735408
7500779379794,12633049856586
7500812669994,12633056325567
7500845996494,12633063147263
7500879250594,12633069450238
7500912538294,12633076316278
7500945828094,12633083166150
7500979123794,12633091080348
7501012406394,12633099418804
7501045694994,12633106542168
7501078992594,12633114655637
7501112273194,12633122506911
7501145563194,12633130114956
7501178859794,12633137060546
7501212142294,12633144911305
7501245430894,12633152893307
7501278721594,12633160525834
7501312010894,12633169058534
7501345301194,12633177415566
7501378589794,12633184523167
7501411877894,12633190005141
7501445168994,12633201451632
7501478456294,12633211828154
7501511746294,12633221466338
7501545036494,12633229963095
7501578325594,12633237836313
7501611616894,12633245634857
7501644905094,12633253530139
7501678195394,12633261594096
7501711510894,12633272983280
7501744772994,12633280300565
7501778061194,12633286388994
7501811378794,12633292305443
7501844639494,12633298082021
7501877929194,12633305630434
7501911226294,12633312363171
7501944508894,12633320223639
7501977797194,12633328775690
7502011087494,12633336543182
7502044377994,12633343951849
7502077665894,12633351563980
7502110956194,12633360801969
7502144244194,12633368526062
7502177534394,12633375803485
7502210823394,12633382727105
7502244112794,12633389536532
7502277403194,12633395539273
7502310692494,12633400377387
7502343983994,12633404473692
7502377270794,12633410044160
7502410561894,12633415908302
7502443871294,12633421306753
7502477139494,12633429259866
7502510427694,12633437564476
7502543723394,12633445684680
7502577220094,12633453335722
7502610295694,12633461423432
7502643592294,12633469406261
7502676875994,12633475828003
7502710164094,12633482378212
7502743454194,12633488331844
7502776743694,12633493475128
7502810031694,12633498966915
7502843322494,12633505191037
7502876611994,12633511070154
7502909900794,12633516394212
7502943190894,12633522149822
7502976479194,12633527953222
7503009769394,12633533727973
7503043087094,12633539438296
7503076349594,12633545284045
7503109637494,12633550256647
7503142943394,12633555392543
7503176220994,12633561518861
7503209505594,12633567158094
7503242794994,12633572781134
7503276090994,12633577245025
7503309373894,12633582509653
7503342661894,12633587372187
7503375959594,12633592204241
7503409242194,12633596545962
7503442530394,12633601390959
7503475820694,12633606304370
7503509109494,12633611661305
7503542397994,12633617925842
7503575688394,12633623024834
7503608979394,12633629310807
7503642268394,12633633907735
7503675557094,12633639500135
7503708845294,12633648430263
7503742136594,12633656826402
7503775424294,12633665179971
7503808715994,12633672310631
7503842003594,12633679270159
7503875292994,12633688411403
7503908587194,12633696531398
7503941872094,12633703251374
7503975165494,12633712678837
7504008457494,12633721166111
7504041740194,12633727844665
7504075028794,12633733916897
7504108326094,12633739049909
7504141608994,12633750747398
7504174896594,12633759074944
7504208187194,12633765534825
7504241476294,12633772680352
7504274764594,12633780842701
7504308055494,12633786717402
7504341348394,12633792459468
7504374632694,12633798115572
7504407923294,12633803196168
7504441211794,12633808300296
7504474536794,12633817181028
7504507789794,12633830731599
7504541082294,12633839887680
7504574370594,12633847629809
7504607660694,12633853710146
7504640953794,12633859855260
7504674238394,12633865723409
7504707528094,12633875241251
7504740821994,12633883093751
7504774106494,12633890810099
7504807395594,12633898416731
7504840691294,12633905744834
7504873973194,12633912555872
7504907262994,12633919759057
7504940553094,12633928645813
7504973843294,12633935548413
7505007130994,12633943214544
7505040421494,12633951385952
7505073711694,12633957022398
7505106999194,12633965244106
7505140289594,12633973659301
7505173604994,12633982220069
7505206868294,12633990307333
7505240158194,12633999499446
7505273448294,12634008255629
7505306736894,12634016565374
7505340026094,12634025187682
7505373319594,12634033436879
7505406604894,12634043101937
7505439894494,12634052381113
7505473191194,12634059543537
7505506473294,12634068044864
7505539760894,12634077355848
7505573058194,12634085850768
7505606341494,12634094751802
7505639629194,12634103601981
7505672919994,12634113622935
7505706207894,12634122752594
7505739497394,12634132176217
7505772787694,12634140416950
7505806112694,12634149537078
7505839364994,12634158256683
7505872655794,12634169059288
7505905970994,12634178772583
7505939234494,12634187371110
7505972523994,12634196552637
7506005814294,12634206477954
7506039104094,12634215445171
7506072390994,12634224811182
7506105686494,12634233729115
7506138970894,12634239618812
7506172260394,12634249177368
7506205554394,12634257753275
7506238840394,12634265658832
7506272128194,12634274026075
7506305425494,12634282307961
7506338707494,12634291830090
7506371995994,12634300407214
7506405287094,12634309400085
7506438574394,12634315573423
7506471863994,12634323508157
7506505154494,12634332285740
7506538444594,12634339516786
7506571731994,12634348529015
7506605022494,12634357608027
7506638314694,12634368530335
7506671600594,12634377850410
7506704890494,12634386227588
7506738181594,12634392031765
7506771469194,12634400266121
7506804757594,12634409874971
7506838052794,12634418880864
7506871339594,12634427274223
7506904626794,12634436353189
7506937921194,12634444969930
7506971205294,12634451242213
7507004495894,12634457292248
7507037789594,12634467231877
7507071073794,12634476383372
7507104362394,12634485492175
7507137688794,12634493813205
7507170940894,12634499617115
7507204229794,12634504918087
7507237520294,12634513346600
7507270809894,12634521645887
7507304098294,12634529761525
7507337388894,12634539072306
7507370695294,12634547189121
7507403966694,12634555557877
7507437257094,12634564709526
7507470547294,12634574815231
7507503835194,12634585124338
7507537124694,12634595926642
7507570418694,12634606102357
7507603703694,12634615603035
7507636993994,12634624469368
7507670287494,12634633290864
7507703571694,12634641597771
7507736862294,12634650686156
7507770155794,12634659628894
7507803440094,12634668247878
7507836728294,12634677260736
7507870018694,12634685530789
7507903308794,12634694082699
7507936596594,12634702324954
7507969887094,12634711801302
7508003186694,12634720500650
7508036464494,12634729954365
7508069755094,12634738460473
7508103044694,12634744040727
7508136342894,12634750068826
7508169622794,12634757313508
7508202943294,12634766047981
7508236201594,12634775502279
7508269490994,12634784642825
7508302785294,12634792987596
7508336070294,12634799701638
7508369358894,12634807867542
7508402653394,12634816119297
7508435938294,12634826615122
7508469261694,12634835773672
7508502522294,12634845625354
7508535806494,12634855070919
7508569101194,12634864333010
7508602385494,12634873590472
7508635675094,12634881994244
7508668962994,12634890384825
7508702254694,12634898481519
7508735541794,12634906269622
7508768831194,12634914545457
7508802121494,12634922509868
7508835410994,12634930169712
7508868699294,12634938037825
7508901989394,12634947577333
7508935281294,12634956739570
7508968569194,12634965295112
7509001857794,12634973062821
7509035152394,12634980237281
7509068437394,12634987887347
7509101725094,12634995035885
7509135020094,12635003241865
7509168304694,12635011736736
7509201594094,12635019429734
7509234888594,12635027081092
7509268176294,12635034814720
7509301462694,12635043186387
7509334769094,12635051335463
7509368040794,12635064854462
7509401329194,12635076432265
7509434619694,12635086505733
7509467907894,12635096737651
7509501197594,12635105380832
7509534487994,12635113724374
7509567777394,12635121374941
7509601065394,12635130814599
7509634356194,12635139595771
7509667648994,12635147655881
7509700933894,12635154584303
7509734224394,12635162386591
7509767518694,12635170081926
7509800832494,12635180269153
7509834091094,12635189468244
7509867386394,12635198059025
7509900671094,12635206931973
7509933960894,12635215461437
7509967254694,12635223033620
7510000539394,12635231231493
7510033829894,12635239221065
7510067116994,12635248710830
7510100406694,12635256767520
7510133695694,12635265081963
7510166986094,12635271785510
7510200275394,12635278459728
7510233564094,12635285715569
7510266854594,12635292770814
7510300143894,12635300834042
7510333431394,12635307056025
7510366722294,12635313075984
7510400013794,12635321846178
7510433299694,12635327839049
7510466590494,12635336437353
7510499885894,12635344921905
7510533169294,12635355750171
7510566459194,12635365876443
7510599752794,12635374867124
7510633037494,12635384780451
7510666345094,12635395170652
7510699621494,12635402664910
7510732905394,12635412512789
7510766200894,12635422035193
7510799483294,12635432346667
7510832773694,12635440756355
7510866063294,12635450788240
7510899352394,12635460814539
7510932642394,12635468559467
7510965929994,12635476899048
7510999220794,12635487065144
7511032508794,12635496474743
7511065798394,12635503509375
7511099089194,12635511219073
7511132428894,12635518575657
7511165669594,12635525731118
7511198956994,12635531599100
7511232251894,12635540553710
7511265535894,12635548917363
7511298825094,12635556984957
7511332119094,12635564409891
7511365404694,12635571750907
7511398692194,12635578746770
7511431987894,12635585693984
7511465272294,12635594635177
7511498561094,12635601667890
7511531850294,12635608566493
7511565143394,12635615948095
7511598429894,12635622987295
7511631720094,12635630539072
7511665008194,12635638593412
7511698296594,12635647859612
7511731587894,12635656464431
7511764875094,12635665235717
7511798164894,12635672640778
7511831455394,12635680771681
7511864745394,12635688667018
7511898032994,12635696704991
7511931323294,12635704641870
7511964620794,12635712529344
7511997923594,12635720131084
7512031191894,12635727802982
7512064485794,12635735912458
7512097787594,12635743387423
7512131058594,12635751214310
7512164353994,12635758737542
7512197638694,12635765350924
7512230928494,12635772912145
7512264215994,12635780723156
7512297506794,12635788397131
7512330796694,12635796318049
7512364084194,12635804692981
7512397373994,12635813389203
7512430663294,12635822126191
7512463992494,12635830720196
7512497241794,12635846258372
7512530531294,12635859195295
7512563821294,12635870378599
7512597112894,12635878493672
7512630399194,12635890342824
7512663689694,12635900213576
7512696986494,12635909091386
7512730267494,12635919749775
7512763557794,12635928520863
7512796852794,12635937307346
7512830136694,12635946177891
7512863426294,12635956569523
7512896720394,12635967074295
7512930004794,12635977688727
7512963294294,12635987735221
7512996582194,12635996257895
7513029872994,12636005205149
7513063166094,12636013869532
7513096450494,12636023423773
7513129740694,12636032239457
7513163029294,12636040761692
7513196319594,12636047595408
7513229608994,12636054744928
7513262897594,12636061886968
7513296188294,12636068714691
7513329499594,12636077408619
7513362765594,12636083495814
7513396055994,12636091301224
7513429364894,12636097751080
7513462638394,12636106238947
7513495924094,12636112565881
7513529247794,12636120706720
7513562503194,12636130035690
7513595792594,12636138837988
7513629086394,12636146926942
7513662371694,12636155832865
7513695659494,12636164393505
7513728948994,12636173387462
7513762239294,12636181582298
7513795561694,12636187325819
7513828816394,12636192233677
7513862107794,12636198980415
7513895397094,12636205908710
7513928686494,12636212710715
7513961975194,12636219487210
7513995263694,12636225899094
7514028555694,12636235136893
7514061843294,12636242950810
7514095131994,12636250853331
7514128422494,12636259497143
7514161719194,12636267229851
7514195000194,12636275848744
7514228290494,12636283216015
7514261587794,12636292438386
7514294869794,12636300433860
7514328158594,12636308322862
7514361453894,12636316648704
7514394737694,12636325316672
7514428025894,12636333209892
7514461315294,12636338950762
7514494605694,12636348529111
7514527894794,12636354686790
7514561183394,12636363158998
7514594477094,12636369794937
7514627764394,12636375453364
7514661051694,12636384974175
7514694341794,12636392109834
7514727630894,12636402782029
7514760946694,12636410069403
7514794209394,12636419369751
7514827498594,12636428282434
7514860788994,12636436213160
7514894085394,12636441990327
7514927366594,12636450938103
7514960657194,12636460700621
7514993953894,12636469539916
7515027234894,12636478852439
7515060525394,12636487483962
7515093820694,12636495763795
7515127103694,12636504671894
7515160392294,12636511824885
7515193681894,12636521470794
7515226971894,12636531018259
7515260262094,12636540221281
7515293549994,12636549333020
7515326840294,12636556643748
7515360130494,12636565614639
7515393418494,12636573494161
7515426708594,12636584346135
7515459996794,12636591807294
7515493286794,12636601864287
7515526576894,12636611648446
7515559864994,12636620835165
7515593154894,12636629786405
7515626451194,12636638589945
7515659733394,12636649095524
7515693023294,12636658304744
7515726335494,12636667399150
7515759601294,12636674716281
7515792891094,12636682195598
7515826218194,12636688997318
7515859470294,12636695421984
7515892760294,12636705305393
7515926048294,12636714704174
7515959338694,12636724364106
7515992627194,12636736057201
7516025915994,12636746692601
7516059206794,12636758344929
7516092528394,12636765672385
7516125786394,12636775220008
7516159075194,12636783928840
7516192364894,12636792546532
7516225653494,12636800401886
7516258943294,12636807841985
7516292231294,12636815160257
7516325522994,12636821170561
7516358815394,12636831250831
7516392099094,12636840406501
7516425390494,12636849749999
7516458684394,12636858641422
7516491967594,12636865488820
7516525257894,12636872566215
7516558553494,12636880849171
7516591837494,12636892176908
7516625126394,12636902310487
7516658414194,12636912641956
7516691705894,12636919820243
7516724992994,12636930476291
7516758282394,12636938124719
7516791573294,12636948218526
7516824862194,12636958540792
7516858150894,12636966627933
7516891440494,12636976652830
7516924731994,12636985871214
7516958022194,12636995974719
7516991309694,12637004888003
7517024597494,12637013195867
7517057887994,12637022790465
7517091181794,12637031548791
7517124465794,12637040693461
7517157755894,12637049447862
7517191051794,12637057859178
7517224334094,12637064985264
7517257646894,12637071990027
7517290921094,12637081111688
7517324202394,12637089637811
7517357492094,12637097162887
7517390780794,12637106125162
7517424092294,12637113791327
7517457359694,12637123157515
7517490648894,12637131067374
7517523939694,12637140145147
7517557228294,12637149674197
7517590517394,12637158577924
7517623807494,12637165717763
7517657097694,12637173822951
7517690385194,12637182032419
7517723676094,12637190700955
7517756964294,12637199199158
7517790254294,12637207392686
7517823548894,12637215376746
7517856832094,12637223577728
7517890122594,12637232968025
7517923419094,12637240757085
7517956700294,12637248029832
7517989990294,12637257383777
7518023286994,12637265953138
7518056568494,12637273864616
7518089858894,12637283246846
7518123186194,12637290285879
7518156437694,12637298670942
7518189727394,12637307901339
7518223015594,12637317377102
7518256305694,12637326442976
7518289603094,12637335296778
7518322883494,12637344337890
7518356173894,12637353322923
7518389464494,12637361500739
7518422751394,12637369536966
7518456042094,12637379290036
7518489330194,12637388393817
7518522620994,12637396721561
7518555915594,12637405673401
7518589199094,12637414014818
7518622488994,12637422296097
7518655783394,12637430561927
7518689066194,12637439706131
7518722356894,12637449062891
7518755679694,12637456819561
7518788937694,12637464344525
7518822224694,12637470916719
7518855552694,12637477757957
7518888803894,12637483466973
7518922093794,12637490384606
7518955381694,12637500134295
7518988672794,12637507505048
7519021960794,12637513486451
7519055249794,12637519851720
7519088540694,12637526806024
7519121829294,12637532095830
7519155117594,12637540730614
7519188408794,12637549273086
7519221697894,12637556995041
7519254987994,12637564374918
7519288281794,12637571489824
7519321564894,12637578350681
7519354856494,12637585348960
7519388149194,12637593562007
7519421433294,12637600875848
7519454723494,12637608565169
7519488018994,12637615853292
7519521301294,12637623038548
7519554591794,12637629934282
7519587888794,12637636637122
7519621184994,12637646353661
7519654459294,12637652335484
7519687747894,12637660548071
7519721040594,12637667056986
7519754326994,12637673214285
7519787616494,12637682600566
7519820906894,12637689706621
7519854196894,12637700186492
7519887484494,12637710234442
7519920774894,12637719206186
7519954064894,12637725892418
7519987353194,12637733695340
7520020647794,12637741789501
7520053931494,12637751038108
7520087252794,12637758832194
7520120516094,12637767090837
7520154029994,12637775158989
7520187089894,12637783472693
7520220385994,12637789796512
7520253667794,12637796557620
7520286957994,12637805577542
7520320255094,12637817106162
7520353535494,12637823866590
7520386825794,12637831850040
7520420114394,12637840455869
7520453404994,12637847955954
7520486694394,12637858357514
7520519982694,12637865137872
7520553273394,12637876235330
7520586563294,12637885984290
7520619851194,12637895896557
7520653141394,12637902964015
7520686447494,12637910660172
7520719718994,12637918193895
7520753014294,12637925865800
7520786297794,12637934810465
7520819587994,12637942995781
7520852883594,12637951248423
7520886165894,12637962810208
7520919456094,12637970866410
7520952772494,12637978472478
7520986034294,12637986286810
7521019324394,12637997656050
7521052622294,12638005230029
7521085902394,12638016129307
7521119192394,12638025783899
7521152482094,12638033269856
7521185771194,12638042675620
7521219060694,12638050244409
7521252348694,12638060594654
7521285640094,12638068079035
7521318928094,12638075804926
7521352217194,12638083207071
7521385507694,12638089724955
7521418827994,12638096786091
7521452084794,12638106468235
7521485380594,12638117221639
7521518665494,12638124840889
7521551954694,12638133538147
7521585249494,12638142017108
7521618532294,12638150460737
7521651823794,12638157944774
7521685117294,12638166148752
7521718402194,12638176287509
7521751690794,12638184836196
7521784987394,12638193736506
7521818268294,12638200475907
7521851558794,12638207180030
7521884850094,12638216916123
7521918137794,12638223699753
7521951427094,12638232891022
7521984715794,12638240137388
7522018006694,12638248546517
7522051293894,12638256637723
7522084583194,12638264611751
7522117873694,12638272124947
7522151163094,12638279620996
7522184452194,12638287930696
7522217760394,12638296255007
7522251034194,12638304232516
7522284342694,12638312165076
7522317615794,12638320045825
7522350898394,12638327976908
7522384202594,12638334364004
7522417483394,12638344139507
7522450766594,12638350573538
7522484056794,12638356861436
7522517353294,12638362924263
7522550634694,12638369226996
7522583925494,12638375555966
7522617215694,12638384815903
7522650503194,12638396206840
7522683792994,12638407223468
7522717081894,12638417545144
7522750406294,12638427501464
7522783660594,12638435504433
7522816949794,12638444216103
7522850240594,12638453910544
7522883531294,12638464284696
7522916818294,12638475230647
7522950113094,12638484687557
7522983399294,12638493896540
7523016686094,12638503567667
7523049982294,12638512762560
7523083264994,12638521923950
7523116555494,12638531628320
7523149850794,12638540733793
7523183132894,12638550044070
7523216423394,12638559414521
7523249720094,12638566544819
7523283001194,12638574102338
7523316291894,12638583091169
7523349581894,12638593764163
7523382869194,12638603111238
7523416159794,12638612475412
7523449448894,12638622331325
7523482738194,12638631851082
7523516027794,12638640492665
7523549316494,12638648972519
7523582606794,12638659188104
7523615916794,12638668368694
7523649184394,12638677912552
7523682478994,12638687275722
7523715784094,12638696517769
7523749053394,12638705871059
7523782348494,12638714489574
7523815632694,12638723886349
7523848921994,12638733199436
7523882217294,12638741844380
7523915499694,12638751069862
7523948790094,12638759588980
7523982084394,12638768078029
7524015367694,12638776232992
7524048658194,12638785136930
7524081947094,12638793642821
7524115238994,12638802288301
7524148525794,12638811898765
7524181815894,12638821627924
7524215106494,12638831083823
7524248394194,12638839794242
7524281682494,12638850300091
7524314974194,12638859860698
7524348261694,12638870228039
7524381550494,12638879457265
7524414845294,12638888705395
7524448130494,12638899066549
7524481418994,12638906029942
7524514715294,12638917045053
7524547998894,12638926634402
7524581288394,12638936201908
7524614583194,12638945363075
7524647866294,12638954009917
7524681156394,12638962857056
7524714450894,12638972448562
7524747734894,12638980151633
7524781024694,12638988567600
7524814313894,12638997226967
7524847602494,12639006316818
7524880892394,12639017232469
7524914182294,12639025695610
7524947470194,12639034710470
7524980760994,12639042319818
7525014049094,12639051267255
7525047373894,12639060859878
7525080628094,12639071177039
7525113917394,12639079255813
7525147211294,12639087028049
7525180496894,12639095193032
7525213785494,12639104383741
7525247086794,12639113245010
7525280366194,12639124527113
7525313653694,12639134255664
7525346949494,12639144092842
7525380232194,12639151557592
7525413522694,12639159431816
7525446817394,12639170376755
7525480100294,12639181733345
7525513390994,12639193492227
7525546681494,12639203646158
7525579968494,12639213182308
7525613259194,12639221646711
7525646548494,12639229934034
7525679836994,12639239179973
7525713127494,12639248832767
7525746416694,12639255720553
7525779705594,12639264854907
7525812995494,12639274130135
7525846283494,12639282780274
7525879577994,12639291634893
7525912863594,12639302196629
7525946151994,12639311900779
7525979447394,12639321496277
7526012747194,12639329980270
7526046019494,12639336090964
7526079315594,12639345289074
7526112604194,12639354764560
7526145888794,12639364756157
7526179184294,12639373474342
7526212466894,12639379411102
7526245757494,12639386542365
7526279045694,12639391867920
7526312334694,12639397331082
7526345625294,12639403527828
7526378950394,12639413141739
7526412203194,12639422293060
7526445493194,12639432445047
7526478782994,12639441194492
7526512071994,12639451841517
7526545361794,12639461282082
7526578649894,12639471225765
7526611945094,12639482427526
7526645228894,12639491451833
7526678517894,12639499043958
7526711813894,12639506913794
7526745098094,12639517096526
7526778386894,12639527382711
7526811682894,12639536399150
7526844966294,12639548079232
7526878256294,12639558983573
7526911550594,12639569121796
7526944832994,12639579531765
7526978124694,12639590046490
7527011411794,12639601354448
7527044701094,12639612166467
7527077991894,12639621249024
7527111280594,12639627795221
7527144569394,12639634610392
7527177860194,12639641249990
7527211149794,12639650896306
7527244445794,12639659790156
7527277727994,12639668414278
7527311016294,12639678777581
7527344310994,12639688635469
7527377595194,12639697972318
7527410884694,12639708348059
7527444180694,12639714833982
7527477465794,12639721770400
7527510752594,12639732155320
7527544049294,12639742458086
7527577333694,12639749862379
7527610620894,12639756548448
7527643917494,12639765889231
7527677210394,12639772870199
7527710528094,12639783452874
7527743778494,12639793371917
7527777067694,12639804702898
7527810358294,12639814989400
7527843647394,12639825403930
7527876936094,12639834566631
7527910239294,12639842931200
7527943516294,12639850831366
7527976804094,12639859445407
7528010094494,12639869104606
7528043382894,12639878358429
7528076676494,12639885597279
7528109962594,12639895396216
7528143250594,12639902645153
7528176546994,12639910404358
7528209832094,12639919119877
7528243118894,12639928999253
7528276415294,12639937508620
7528309699794,12639947363310
7528342986694,12639957671212
7528376283294,12639966654355
7528409576694,12639975702069
7528442856194,12639986100399
7528476145394,12639996244592
7528509433694,12640005889051
7528542724694,12640013902678
7528576021194,12640023347652
7528609302194,12640032165862
7528642592694,12640040624193
7528675881794,12640048905275
7528709170394,12640057855170
7528742461294,12640066440555
7528775750394,12640075227625
7528809042794,12640084284980
7528842328994,12640092738834
7528875616894,12640101595648
7528908913494,12640109871107
7528942196094,12640119424970
7528975485694,12640127548374
7529008781494,12640135879357
7529042111494,12640146028536
7529075353394,12640154990667
7529108650694,12640163692911
7529141933594,12640169241620
7529175222494,12640178460181
7529208512094,12640184726228
7529241800794,12640190558935
7529275092094,12640196956167
7529308379094,12640204679898
7529341668394,12640210767735
7529374959194,12640218448238
7529408249594,12640226557358
7529441536794,12640231955927
7529474827194,12640237751298
7529508117794,12640244188474
7529541410694,12640252584664
7529574695494,12640261233114
7529607983894,12640270357198
7529641280794,12640279307103
7529674562694,12640287177232
7529707851794,12640295443217
7529741148394,12640303567708
7529774431494,12640311575523
7529807719994,12640318062460
7529841016894,12640323920500
7529874300594,12640332784218
7529907601694,12640341804306
7529940878694,12640350230235
7529974166894,12640358432936
7530007456994,12640367580171
7530040745394,12640375725804
7530074035194,12640383697646
7530107325694,12640394944082
7530140614994,12640404343373
7530173903394,12640413457699
7530207196694,12640421984564
7530240483994,12640430683736
7530273774394,12640439364932
7530307061594,12640449169218
7530340350594,12640459998707
7530373695794,12640468950555
7530406928894,12640477692442
7530440218194,12640486473172
7530473514294,12640494324260
7530506797794,12640502471357
7530540086594,12640511779851
7530573382794,12640520843512
7530606667094,12640529273186
7530639954294,12640536976449
7530673244794,12640544246599
7530706549094,12640551839999
7530739823594,12640559014562
7530773112694,12640564631809
7530806401094,12640572239124
7530839692294,12640577626453
7530872982094,12640583522177
7530906269494,12640589429065
7530939560494,12640595542264
7530972850194,12640603345718
7531006140694,12640610879974
7531039428194,12640618516932
7531072716394,12640625126922
7531106011994,12640633170956
7531139296194,12640641434366
7531172584294,12640650466733
7531205880794,12640658925842
7531239182194,12640666388181
7531272452994,12640674949314
7531305749394,12640681876207
7531339063594,12640688269128
7531372320994,12640694516004
7531405611294,12640700377695
7531438901294,12640706668298
7531472190094,12640712720957
7531505479794,12640721844602
7531538767694,12640729597272
7531572058594,12640737854234
7531605346394,12640745407578
7531638635894,12640753438452
7531671926594,12640760966525
7531705252994,12640768923763
7531738507994,12640777862329
7531771794794,12640785736397
7531805083994,12640793694515
7531838379794,12640801808901
7531871661994,12640810087209
7531904950994,12640818415797
7531938248994,12640825205327
7531971529994,12640835624760
7532004819094,12640845313757
7532038115694,12640853739278
7532071398394,12640863212631
7532104690194,12640872161376
7532137977394,12640880431151
7532171266894,12640889044957
7532204556794,12640898209053
7532237845994,12640907688268
7532271134194,12640916644993
7532304425694,12640922488233
7532337712494,12640927989404
7532371002694,12640934320680
7532404292594,12640939220268
7532437582094,12640946795311
7532470873394,12640952310768
7532504160294,12640957670003
7532537455494,12640964527107
7532570767094,12640971334548
7532604029394,12640978504286
7532637317494,12640985742762
7532670619094,12640994872637
7532703896194,12641003151554
7532737185794,12641008785389
7532770481894,12641015264810
7532803764994,12641021236199
7532837053594,12641026755639
7532870343894,12641032841310
7532903634294,12641039883308
7532936921794,12641046190449
7532970212294,12641054422116
7533003500994,12641060767631
7533036840694,12641066994820
7533070079594,12641072767725
7533103368794,12641078875166
7533136659194,12641086436432
7533169949994,12641096540392
7533203239694,12641104938415
7533236526994,12641113185332
7533269816894,12641120603765
7533303110494,12641130557522
7533336393694,12641140440380
7533369685194,12641149370737
7533402978994,12641160320673
7533436263494,12641171233967
7533469551794,12641182541028
7533502848794,12641193223780
7533536132494,12641201550460
7533569420294,12641211444661
7533602710494,12641222988004
7533636000594,12641233858593
7533669287794,12641244938056
7533702578794,12641254074244
7533735887094,12641264306985
7533769157394,12641272526085
7533802446894,12641282565321
7533835734894,12641290549254
7533869025594,12641298439236
7533902342794,12641304835775
7533935605194,12641312491872
7533968893994,12641320755688
7534002202294,12641330861340
7534035477294,12641339886471
7534068761294,12641349463239
7534102050894,12641360469347
7534135347294,12641370269172
7534168629994,12641381968497
7534201918394,12641392235898
7534235215294,12641401338341
7534268496994,12641408479002
7534301786394,12641415532634
7534335076894,12641423930877
7534368365894,12641431933018
7534401654694,12641439787881
7534434944994,12641447692041
7534468234894,12641455180184
7534501528594,12641461469995
7534534813194,12641470714794
7534568101194,12641477485124
7534601392694,12641486451956
7534634680494,12641493512700
7534667971794,12641500856427
7534701260294,12641508676858
7534734549194,12641516674404
7534767843194,12641525646621
7534801127994,12641534947648
7534834417594,12641544213801
7534867713594,12641554893216
7534900996194,12641563233378
7534934284794,12641570967772
7534967582094,12641579027484
7535000864894,12641587861545
7535034152794,12641596218427
7535067443194,12641604328515
7535100733794,12641612504540
7535134021294,12641618448206
7535167311494,12641624759073
7535200601394,12641632991946
7535233911594,12641641864045
7535267179594,12641650362608
7535300493994,12641657279461
7535333781294,12641665185942
7535367046294,12641672344648
7535400338394,12641678453531
7535433626694,12641685581720
7535466915694,12641694402407
7535500209694,12641702577620
7535533496594,12641710737120
7535566785394,12641717406894
7535600077694,12641723592791
7535633362794,12641729913854
7535666651394,12641735121604
7535699947894,12641744217472
7535733230194,12641752355643
7535766519394,12641758794147
7535799809694,12641766778249
7535833100094,12641772832376
7535866387494,12641781061295
7535899677794,12641788991807
7535932967994,12641798285020
7535966255494,12641807259807
7535999546094,12641814420554
7536032860294,12641825610072
7536066124494,12641834542004
7536099414094,12641842572083
7536132703894,12641852421975
7536165992894,12641863368527
7536199282394,12641873946621
7536232576394,12641884919090
7536265860994,12641892364765
7536299154494,12641902789189
7536332444594,12641910737935
7536365728994,12641917985086
7536399018094,12641929357651
7536432314094,12641936303091
7536465597394,12641946052084
7536498885694,12641954968193
7536532175894,12641965458911
7536565464394,12641973255723
7536598753794,12641981075617
7536632044294,12641989615005
7536665373394,12641998694747
7536698621394,12642007975333
7536731911794,12642016799978
7536765226294,12642025528939
7536798490494,12642034345398
7536831780294,12642042851151
7536865070194,12642052238823
7536898360194,12642061031662
7536931647394,12642070087664
7536964942494,12642079206861
7536998227094,12642088338068
7537031517694,12642097753873
7537064820994,12642106770035
7537098095294,12642116840259
7537131385794,12642126490958
7537164682094,12642134662490
7537197963894,12642144138640
7537231251694,12642153875678
7537264542994,12642162743873
7537297830994,12642172511718
7537331120094,12642179702112
7537364410294,12642189408294
7537397699894,12642196004030
7537430988194,12642204857491
7537464278294,12642211432079
7537497568394,12642217732558
7537530857594,12642225029425
7537564146794,12642235440430
7537597436494,12642244550521
7537630725694,12642252052805
7537664014094,12642262731374
7537697308794,12642271725985
7537730593994,12642280340307
7537763883294,12642290104159
7537797177194,12642299971987
7537830461994,12642309802805
7537863752494,12642316878172
7537897045794,12642325865489
7537930330294,12642334854183
7537963618094,12642343916107
7537996944894,12642352211095
7538030196994,12642363750136
7538063486694,12642370451115
7538096776894,12642381336374
7538130065894,12642391050799
7538163354194,12642399500271
7538196648494,12642407857741
7538229935594,12642415302510
7538263222994,12642423086984
7538296512794,12642430072421
7538329803494,12642436490199
7538363091494,12642442665152
7538396381094,12642447888001
7538429676594,12642453457614
7538462960294,12642459648780
7538496249994,12642465647839
7538529543894,12642472469833
7538562827994,12642479147639
7538596118094,12642484889796
7538629412294,12642490903266
7538662696394,12642496043655
7538695984794,12642501194152
7538729274894,12642510523499
7538762565194,12642516458733
7538795852494,12642522878721
7538829143494,12642529329840
7538862442394,12642537201291
7538895721494,12642543501029
7538929011494,12642549136603
7538962300994,12642556124839
7538995588594,12642564967966
7539028879794,12642570910142
7539062170594,12642576816305
7539095458094,12642582758535
7539128747494,12642591225759
7539162041894,12642597169243
7539195326594,12642607501032
7539228615294,12642614047833
7539261911594,12642620893879
7539295194794,12642630269388
7539328529294,12642636544211
7539361778594,12642642987370
7539395062894,12642649311891
7539428352394,12642657211057
7539461641194,12642666703924
7539494931394,12642676531340
7539528219194,12642683203549
7539561510894,12642689346325
7539594798294,12642695037453
7539628087594,12642700143235
7539661377994,12642710023686
7539694666694,12642715668003
7539727955694,12642721995675
7539761245394,12642727441967
7539794537294,12642733213048
7539827825294,12642738654891
7539861114194,12642744045038
7539894408194,12642754359616
7539927693794,12642761755438
7539960981094,12642768217207
7539994275994,12642775569802
7540027560794,12642784494856
7540060849994,12642793686668
7540094165294,12642802941945
7540127429194,12642812032244
7540160718594,12642821626303
7540194024094,12642830691888
7540227297094,12642840273451
7540260585394,12642849343247
7540293876394,12642857753046
7540327164294,12642863732407
7540360453594,12642873354198
7540393744394,12642879449138
7540427032994,12642885178383
7540460321794,12642890721707
7540493612394,12642896788324
7540526904194,12642904788688
7540560189894,12642910229187
7540593479994,12642916881093
7540626774894,12642923376129
7540660087594,12642929303405
7540693347694,12642934948846
7540726642694,12642941268331
7540759927594,12642947683067
7540793217994,12642956969694
7540826511094,12642967464318
7540859795994,12642974323276
7540893084594,12642983647913
7540926373494,12642989976823
7540959663794,12642996966664
7540992953394,12643003916579
7541026242194,12643011812163
7541059531794,12643021910428
7541092819994,12643032510238
7541126110694,12643044924694
7541159400594,12643054068661
7541192688194,12643062917726
7541225978294,12643071759467
7541259270194,12643082055207
7541292555894,12643094423121
7541325846294,12643102968421
7541359170694,12643114509133
7541392425394,12643122261520
7541425715394,12643132545906
7541459008894,12643140370745
7541492293694,12643147793106
7541525599294,12643156497437
7541558877494,12643164206606
7541592161594,12643174675300
7541625458794,12643185846094
7541658739294,12643192459248
7541692029994,12643201114573
7541725319494,12643208666052
7541758609094,12643218263380
7541791898794,12643228076129
7541825186594,12643239092573
7541858476994,12643247950786
7541891765394,12643255936630
7541925054694,12643265389791
7541958345394,12643275339575
7541991688294,12643286155688
7542024922694,12643295319835
7542058212994,12643303140577
7542091508494,12643311988842
7542124792094,12643318640455
7542158081494,12643326948032
7542191375394,12643333736542
7542224660994,12643342705918
7542257948294,12643349966935
7542291243894,12643355766346
7542324528194,12643363209996
7542357817494,12643370929666
7542391106094,12643376955911
7542424396594,12643383433869
7542457685994,12643390813466
7542490975594,12643396870864
7542524264394,12643403663900
7542557552794,12643411781729
7542590844294,12643419828637
7542624131994,12643427744442
7542657421194,12643434581125
7542690711394,12643443680228
7542724002794,12643450570132
7542757288994,12643456665903
7542790579694,12643463956290
7542823876494,12643471584303
7542857180294,12643479241759
7542890447694,12643488655383
7542923742194,12643501391041
7542957042994,12643514623473
7542990314894,12643524261986
7543023610594,12643534739211
7543056894494,12643543286560
7543090183994,12643552690560
7543123472394,12643564986220
7543156762694,12643577149395
7543190053194,12643588276771
7543223341794,12643595713950
7543256630794,12643606957381
7543289919094,12643617066128
7543323248394,12643627758393
7543356497994,12643638781583
7543389787494,12643651850072
7543423077894,12643664211101
7543456368394,12643674505770
7543489655594,12643684799928
7543522945794,12643693873360
7543556242694,12643708858432
7543589523894,12643724206905
7543622813394,12643741230156
7543656108494,12643758622085
7543689392794,12643765332331
7543722682194,12643774236452
7543755976994,12643781476637
7543789261194,12643788738113
7543822550994,12643795138827
7543855838794,12643802120112
7543889132394,12643808870997
7543922418794,12643814844824
7543955706894,12643824846311
7543988997194,12643833440044
7544022285894,12643842776386
7544055575594,12643849862701
7544088865194,12643857797799
7544122153494,12643866717764
7544155443994,12643876262794
7544188754994,12643884696451
7544222021894,12643891894185
7544255312394,12643898403162
7544288618494,12643906096556
7544321889694,12643914840837
7544355180294,12643923222711
7544388504994,12643930248898
7544421758894,12643936902690
7544455048094,12643943252792
7544488343194,12643949251028
7544521629194,12643955589267
7544554915594,12643965839279
7544588204694,12643976933294
7544621495694,12643987383753
7544654817794,12643998158426
7544688072994,12644006688939
7544721363994,12644014481401
7544754654194,12644021618335
7544787942394,12644033892245
7544821231394,12644044087814
7544854520094,12644055732239
7544887811694,12644066954761
7544921099194,12644077574079
7544954388094,12644088128616
7544987678794,12644100081782
7545020991894,12644113796797
7545054256494,12644123899342
7545087546794,12644132824625
7545120842294,12644142385402
7545154125694,12644151293098
7545187414494,12644160714227
7545220709894,12644170722342
7545253994294,12644181807271
7545287282194,12644194908838
7545320571194,12644208209113
7545353861794,12644221582184
7545387151194,12644234047884
7545420439394,12644243166590
7545453730094,12644255485450
7545487020294,12644268094442
7545520323194,12644279910649
7545553598094,12644289192936
7545586886294,12644301026341
7545620201194,12644311984940
7545653465494,12644323128736
7545686754694,12644335152879
7545720045194,12644347464188
7545753341094,12644359388430
7545786625794,12644371344102
7545819912994,12644383369951
7545853209894,12644394872849
7545886490594,12644406698552
7545919780994,12644418130475
7545953075994,12644431587732
7545986360194,12644444219531
7546019648494,12644457721308
7546052937894,12644471215928
7546086228294,12644484480922
7546119518594,12644497686835
7546152805694,12644506826863
7546186096094,12644519966325
7546219387094,12644529523937
7546252674494,12644545736112
7546285964494,12644561774634
7546319252994,12644575771952
7546352543294,12644589846085
7546385832494,12644603022895
7546419121194,12644617795982
7546452411594,12644632349674
7546485707194,12644648248332
7546518989394,12644663310893
7546552279394,12644678922210
7546585575294,12644690389620
7546618857094,12644702564340
7546652147594,12644716533514
7546685443994,12644729770304
7546718726294,12644742957336
7546752014994,12644755325748
7546785304494,12644765898618
7546818594794,12644778746915
7546851883094,12644789319188
7546885172494,12644804446547
7546918462894,12644819377163
7546951782994,12644833298614
7546985040494,12644847166062
7547018330794,12644860379803
7547051620994,12644872284502
7547084910094,12644884239025
7547118198794,12644897620294
7547151487394,12644907983814
7547184777994,12644918648206
7547218071094,12644929255298
7547251355494,12644939447055
7547284646094,12644949488127
7547317949394,12644958807248
7547351223694,12644969318597
7547384514094,12644979578607
7547417810094,12644990040460
7547451093794,12644997828190
7547484381694,12645005263059
7547517674294,12645013973470
7547550961594,12645021603050
7547584249194,12645028708061
7547617538394,12645034512515
7547650829394,12645040959787
7547684132394,12645047876914
7547717407194,12645053858175
7547750697494,12645060921510
7547783987094,12645067314212
7547817275994,12645076774433
7547850565194,12645085293777
7547883853894,12645091889447
7547917144894,12645098679227
7547950437894,12645106852914
7547983721294,12645113083989
7548017012494,12645120662740
7548050307594,12645130107903
7548083589894,12645138656299
7548116880494,12645145574206
7548150177094,12645154684890
7548183458294,12645162332798
7548216748694,12645169262283
7548250040594,12645177758139
7548283346894,12645187793470
7548316615594,12645195586990
7548349905394,12645203496211
7548383195694,12645210974102
7548416485794,12645221803980
7548449794894,12645228850561
7548483063194,12645240892706
7548516352894,12645250985061
7548549641694,12645258667648
7548582932194,12645267888211
7548616221294,12645278853238
7548649510094,12645287103850
7548682804494,12645296889719
7548716088094,12645303914057
7548749378594,12645315154602
7548782675094,12645324385815
7548815956494,12645332728774
7548849246994,12645338748525
7548882543694,12645348879771
7548915824394,12645360912063
7548949114794,12645369828014
7548982441894,12645386018631
7549015693794,12645397108978
7549048983494,12645412140634
7549082271894,12645422636601
7549115561794,12645431066865
7549148858494,12645440265964
7549182139694,12645449670095
7549215444194,12645459895600
7549248719194,12645471219902
7549282007994,12645482812138
7549315297594,12645491556715
7549348587794,12645499468012
7549381876494,12645506581771
7549415170894,12645513479634
7549448454794,12645524948370
7549481744894,12645533424381
7549515039394,12645543237830
7549548322794,12645553548788
7549581613294,12645563994500
7549614934794,12645574497727
7549648190494,12645582913051
7549681480994,12645591473547
7549714807794,12645600429433
7549748061594,12645608431403
7549781349494,12645618544146
7549814637794,12645627180961
7549847929094,12645635731388
7549881216594,12645642328196
7549914506294,12645651827534
7549947796794,12645662990333
7549981085194,12645675228134
7550014374594,12645685884839
7550047664494,12645697162092
7550080954094,12645707577000
7550114244094,12645717679042
7550147537194,12645729108718
7550180821194,12645741232437
7550214112694,12645752824114
7550247405394,12645763875429
7550280689394,12645774494145
7550313979994,12645784764598
7550347279694,12645795159525
7550380557694,12645807792063
7550413847994,12645819370948
7550447145394,12645827210023
7550480440094,12645834554757
7550513715994,12645845936095
7550547004294,12645854628956
7550580295594,12645866733787
7550613583394,12645879874815
7550646872494,12645889120858
7550680162594,12645901089267
7550713451694,12645913762716
7550746740494,12645922121845
7550780030494,12645931335177
7550813320994,12645939764574
7550846608794,12645953602439
7550879903594,12645963010304
7550913187594,12645972842125
7550946504094,12645985379635
7550979771794,12645994736801
7551013055394,12646003976255
7551046345794,12646013018390
7551079642294,12646023904155
7551112923494,12646033329728
7551146214394,12646043552207
7551179511294,12646050517124
7551212792294,12646056240806
7551246082394,12646063398079
7551279370794,12646069130924
7551312660894,12646077163325
7551345949794,12646085259075
7551379238694,12646092634599
7551412529294,12646098200561
7551445818894,12646105820959
7551479106794,12646113931652
7551512404794,12646121264239
7551545687794,12646128869056
7551578975094,12646136599453
7551612269194,12646142076890
7551645553794,12646148804138
7551678843994,12646154544240
7551712139194,12646164718621
7551745422094,12646170865813
7551778712594,12646178116390
7551812028194,12646184407315
7551845289594,12646190737706
7551878583694,12646201693382
7551911877694,12646210830232
7551945158294,12646217572179
7551978448794,12646224088215
7552011738094,12646234336653
7552045027294,12646243252182
7552078316694,12646252661895
7552111605394,12646263828596
7552144895394,12646275755770
7552178183694,12646287070373
7552211473494,12646295911107
7552244763694,12646303974758
7552278085494,12646312085716
7552311341094,12646319117681
7552344636394,12646328076996
7552377922394,12646333259366
7552411210594,12646338217649
7552444505794,12646344374262
7552477788394,12646351452489
7552511079794,12646360179093
7552544372894,12646367063671
7552577656194,12646373563721
7552610946394,12646381024855
7552644242294,12646387579685
7552677524794,12646394840688
7552710815594,12646403261673
7552744104594,12646411186256
7552777393994,12646417866482
7552810683394,12646426254296
7552843971294,12646431457732
7552877262294,12646436790294
7552910550394,12646443390773
7552943839694,12646449503683
7552977130294,12646457260457
7553010419194,12646463315683
7553043707694,12646468976945
7553077001994,12646478731533
7553110288594,12646483547469
7553143598394,12646492041282
7553176871694,12646500676399
7553210154794,12646508209658
7553243458194,12646515585017
7553276739694,12646521510288
7553310022694,12646529379402
7553343312994,12646536660944
7553376609794,12646544622371
7553409896494,12646552743256
7553443181594,12646557520482
7553476471694,12646562404386
7553509759494,12646569962406
7553543049694,12646577129343
7553576337794,12646583402285
7553609661194,12646594180271
7553642916294,12646602698654
7553676205894,12646613750079
7553709496194,12646621454002
7553742789594,12646631281460
7553776077194,12646645427906
7553809368294,12646657160626
7553842654894,12646664220473
7553875941994,12646672491520
7553909238094,12646676844094
7553942520994,12646682112696
7553975811194,12646689088222
7554009106894,12646696251289
7554042389094,12646702994524
7554075679794,12646709767157
7554108976394,12646717131721
7554142256794,12646725993011
7554175547594,12646732082593
7554208837194,12646739029143
7554242125594,12646746329523
7554275416094,12646751487446
7554308705494,12646756835825
7554341994294,12646765861141
7554375284294,12646774242210
7554408572094,12646782627564
7554441862494,12646789493341
7554475173494,12646796631315
7554508440694,12646804433007
7554541734794,12646809895098
7554575041194,12646819196886
7554608308494,12646828006769
7554641604294,12646833977495
7554674888594,12646844794799
7554708177994,12646853849479
7554741472894,12646861325322
7554774755494,12646869236836
7554808045894,12646877990939
7554841340994,12646886950243
7554874623694,12646892748764
7554907913894,12646901586406
7554941203094,12646910243247
7554974491994,12646918987677
7555007782194,12646926467046
7555041071394,12646935668935
7555074363494,12646944034252
7555107650494,12646952649382
7555140938794,12646958825107
7555174229594,12646967043258
7555207517194,12646975291887
7555240806794,12646983444681
7555274100494,12646996927832
7555307386694,12647008225187
7555340675094,12647018720835
7555373970894,12647027726780
7555407255094,12647035698749
7555440544794,12647041891731
7555473839394,12647050762659
7555507122194,12647059637923
7555540412494,12647068409569
7555573706694,12647076957843
7555606989994,12647083071138
7555640280294,12647091253860
7555673576794,12647100058447
7555706857894,12647107812118
7555740148994,12647116843780
7555773438994,12647125330138
7555806726794,12647133541042
7555840017294,12647141239197
7555873304894,12647146843500
7555906628894,12647152812231
7555939883994,12647158832131
7555973173094,12647164968663
7556006467694,12647172104124
7556039753894,12647177961966
7556073041694,12647186170754
7556106337494,12647195125333
7556139621294,12647202928427
7556172909494,12647212669573
7556206205894,12647223668158
7556239493994,12647233231080
7556272778394,12647241484417
7556306072994,12647251070671
7556339356194,12647260675237
7556372646894,12647269479145
7556405936894,12647274854822
7556439229194,12647284786053
7556472514794,12647294380249
7556505805494,12647305070241
7556539092594,12647311360789
7556572382894,12647320678198
7556605671394,12647327595475
7556638961994,12647335561754
7556672251794,12647346047085
7556705539894,12647354117880
7556738833694,12647361852466
7556772119094,12647369185744
7556805407794,12647378242032
7556838703594,12647387132476
7556871987994,12647393893524
7556905276094,12647400111410
7556938571694,12647410717332
7556971859494,12647417202251
7557005145094,12647424109489
7557038441194,12647430319609
7557071723094,12647438147610
7557105013294,12647443812474
7557138301294,12647451239112
7557171590694,12647457210965
7557204881294,12647466999294
7557238204394,12647474819390
7557271458694,12647481436266
7557304749594,12647489012494
7557338039194,12647494353098
7557371328494,12647504155453
7557404617594,12647513428818
7557437906194,12647522510818
7557471200294,12647531825619
7557504484994,12647538581858
7557537773794,12647546479338
7557571083794,12647553602109
7557604353994,12647563882156
7557637642194,12647570334444
7557670938094,12647579537901
7557704222494,12647585465643
7557737512494,12647591359290
7557770807194,12647599728560
7557804089194,12647608698212
7557837380894,12647619080542
7557870668194,12647625226504
7557903957394,12647631311358
7557937247694,12647638457029
7557970537894,12647645238015
7558003825394,12647652949725
7558037115994,12647662610206
7558070406694,12647673544599
7558103702594,12647684657543
7558136983594,12647694313121
7558170272294,12647704092660
7558203566994,12647710529397
7558236850894,12647717124298
7558270140494,12647723605063
7558303436594,12647731129566
7558336722794,12647738616861
7558370008894,12647744610508
7558403305094,12647754105450
7558436589194,12647763364873
7558469876594,12647770952361
7558503172394,12647779087651
7558536455694,12647788063373
7558569765894,12647797355305
7558603034394,12647808010414
7558636323694,12647814871117
7558669614194,12647820104997
7558702903294,12647826730601
7558736191794,12647832833967
7558769482794,12647843515778
7558802773094,12647850885314
7558836060194,12647857858810
7558869350494,12647864838734
7558902638694,12647871252074
7558935931894,12647880374015
7558969217894,12647886950026
7559002506894,12647894503576
7559035803194,12647904525573
7559069087194,12647913682455
7559102374794,12647920614585
7559135671494,12647928907299
7559168955994,12647935287947
7559202243194,12647941670843
7559235539194,12647952732706
7559268831494,12647962715599
7559302111994,12647972256255
7559335401194,12647979329756
7559368690094,12647986154444
7559401980294,12647992130672
7559435285794,12648001405292
7559468571894,12648012026758
7559501848694,12648019954240
7559535138094,12648030830278
7559568426794,12648038695114
7559601716994,12648044899120
7559635006094,12648053961334
7559668298994,12648065213189
7559701584794,12648077340925
7559734873294,12648088442999
7559768169894,12648099396097
7559801452194,12648108794215
7559834741194,12648115615675
7559868037594,12648125484544
7559901351294,12648135399606
7559934609094,12648145689512
7559967906994,12648158820353
7560001190594,12648171038152
7560034478794,12648182267081
7560067767994,12648192711700
7560101056094,12648201957805
7560134347794,12648211669953
7560167635294,12648221061902
7560200924794,12648230234289
7560234214994,12648238741092
7560267504294,12648246904885
7560300792794,12648254021298
7560334083494,12648262605539
7560367372394,12648270593115
7560400666294,12648279435520
7560433951294,12648286817372
7560467239594,12648294493991
7560500537794,12648303490210
7560533818494,12648311721131
7560567107794,12648320075796
7560600407594,12648328243127
7560633686794,12648337575866
7560666975594,12648346897179
7560700273094,12648355738533
7560733555994,12648365913905
7560766861794,12648378282808
7560800134494,12648389234207
7560833422494,12648396906296
7560866716994,12648407691734
7560900002094,12648414150118
7560933290994,12648425547480
7560966581294,12648434979656
7560999870694,12648444143690
7561033158794,12648453879617
7561066449894,12648462143395
7561099739894,12648473172518
7561133030994,12648482037520
7561166317494,12648493879150
7561199606294,12648505887825
7561232951894,12648517305330
7561266185194,12648525364126
7561299474394,12648533813227
7561332770294,12648544607882
7561366057294,12648553225703
7561399342294,12648563727254
7561432638894,12648573586155
7561465923294,12648580230025
7561499210494,12648589734045
7561532500894,12648599987273
7561565804394,12648608018959
7561599079194,12648617781570
7561632368494,12648627274111
7561665657394,12648638823905
7561698948094,12648649432431
7561732238194,12648659512383
7561765525594,12648670392375
7561798816194,12648680539277
7561832105394,12648690137830
7561865397694,12648697510477
7561898684294,12648705500261
7561931973694,12648712831154
7561965268594,12648719926906
7561998552794,12648726742741
7562031840694,12648734567603
7562065137294,12648741763909
7562098443694,12648748633560
7562131708494,12648755503442
7562165005594,12648762006731
7562198305194,12648768582677
7562231576694,12648775439654
7562264867294,12648782374289
7562298170794,12648787857644
7562331446094,12648794021820
7562364734894,12648800691158
7562398023994,12648808204941
7562431314594,12648815317333
7562464602494,12648823482907
7562497892194,12648832975985
7562531181994,12648841994289
7562564529494,12648848807500
7562597762294,12648856847410
7562631050494,12648863027164
7562664340094,12648868415051
7562697637894,12648874620175
7562730918694,12648884168454
7562764207094,12648892565384
7562797504794,12648900684882
7562830785594,12648908409325
7562864074694,12648915599857
7562897371594,12648923542014
7562930654194,12648931397926
7562963943194,12648940570420
7562997233294,12648948802758
7563030523394,12648956908754
7563063812594,12648965052056
7563097100994,12648973106318
7563130390294,12648981161339
7563163681894,12648989234070
7563196968794,12648999328368
7563230258194,12649008605500
7563263564594,12649016949728
7563296838194,12649023658290
7563330127794,12649031854812
7563363416994,12649039855401
7563396710094,12649048512592
7563430024194,12649058484661
7563463285194,12649067088151
7563496573494,12649075637506
7563529881194,12649084474576
7563563153894,12649092115962
7563596441594,12649100212763
7563629738094,12649106521135
7563663023394,12649116064507
7563696309994,12649122483020
7563729600294,12649131582835
7563762891594,12649137705239
7563796177794,12649151351936
7563829468394,12649166890302
7563862777094,12649180744318
7563896080294,12649193564116
7563929335994,12649208288817
7563962625094,12649217223868
7563995915194,12649225857615
7564029205894,12649232244444
7564062494894,12649239253956
7564095783694,12649244348200
7564129073894,12649253793330
7564162366594,12649265030385
7564195650994,12649272966470
7564228939694,12649282822753
7564262236194,12649292592468
7564295519794,12649302853197
7564328808094,12649312438623
7564362104694,12649322603659
7564395391094,12649332338583
7564428675894,12649340745653
7564461966694,12649347764325
7564495256394,12649356992951
7564528544394,12649366189281
7564561834694,12649372830589
7564595142994,12649381124166
7564628413494,12649389264718
7564661702294,12649399213127
7564694991394,12649407586225
7564728281394,12649414236480
7564761569694,12649422641253
7564794860794,12649430546736
7564828149794,12649441074071
7564861459694,12649455607150
7564894732994,12649468910711
7564928017794,12649480419529
7564961307394,12649492045024
7564994602394,12649503247026
7565027886694,12649513419894
7565061174294,12649525192179
7565094471594,12649535933721
7565127753294,12649546659145
7565161042294,12649561360613
7565194333194,12649575555956
7565227621494,12649587949229
7565260910194,12649599276471
7565294200594,12649618637789
7565327490594,12649634249365
7565360780494,12649648072198
7565394068594,12649660792107
7565427357594,12649673938120
7565460648794,12649685633299
7565493936494,12649695446815
7565527227294,12649707492393
7565560521194,12649717992873
7565593806194,12649730339966
7565627098994,12649743639408
7565660384294,12649756830080
7565693674694,12649766604473
7565726969494,12649778770105
7565760252194,12649789626360
7565793541094,12649802954790
7565826837994,12649815547884
7565860119694,12649826516356
7565893409094,12649838418982
7565926720694,12649850225180
7565959987694,12649861539908
7565993276994,12649874305615
7566026567594,12649886787085
7566059857594,12649898861843
7566093144894,12649910455769
7566126435194,12649922582368
7566159723794,12649934544259
7566193045494,12649945946232
7566226302794,12649959747061
7566259593194,12649971267782
7566292882294,12649986935334
7566326171794,12650002428119
7566359465794,12650017182717
7566392750694,12650030558541
7566426041494,12650042323659
7566459334294,12650054971058
7566492618494,12650068798519
7566525907394,12650081812692
7566559203294,12650093407390
7566592486694,12650104309481
7566625775594,12650113243282
7566659065894,12650120958284
7566692367594,12650130622828
7566725643194,12650139412092
7566758933994,12650148525046
7566792223894,12650157410420
7566825511794,12650165704765
7566858801494,12650173451730
7566892115194,12650181285981
7566925380894,12650192077402
7566958670094,12650202956439
7566991959394,12650213533322
7567025279194,12650225976395
7567058538194,12650232756108
7567091831994,12650239531669
7567125116794,12650246952037
7567158406594,12650257889625
7567191700694,12650269569250
7567224985594,12650279474108
7567258274894,12650290049007
7567291570194,12650298971509
7567324853794,12650304712519
7567358141894,12650310047767
7567391432194,12650319694221
7567424720494,12650329539634
7567458009494,12650339607016
7567491300394,12650349132482
7567524611594,12650359252528
7567557877894,12650368589071
7567591168094,12650378061109
7567624460294,12650389114112
7567657747394,12650399254626
7567691036294,12650406213559
7567724326494,12650416146347
7567757615994,12650426169443
7567790903694,12650435648240
7567824198894,12650445366780
7567857485094,12650455636062
7567890772594,12650465130383
7567924066994,12650474794758
7567957351294,12650482652536
7567990640894,12650490966854
7568023938194,12650498916668
7568057219394,12650507134734
7568090507994,12650518733378
7568123802594,12650529764249
7568157086794,12650540429890
7568190375994,12650552063035
7568223667594,12650562426553
7568256955894,12650573580500
7568290243894,12650581775323
7568323534794,12650591882247
7568356824394,12650602599049
7568390119694,12650614094857
7568423403194,12650624486420
7568456692094,12650636519057
7568489981494,12650644941885
7568523269994,12650653833307
7568556564894,12650664052834
7568589849794,12650676096892
7568623139094,12650687954781
7568656432694,12650701589253
7568689717294,12650712711969
7568723008194,12650722979618
7568756301894,12650731944855
7568789585994,12650741261808
7568822874594,12650751437744
7568856190694,12650759685739
7568889453094,12650769291306
7568922742494,12650776519341
7568956032994,12650783488826
7568989321994,12650790864016
7569022610694,12650800909252
7569055901194,12650808123045
7569089190994,12650817433119
7569122478894,12650825658486
7569155768894,12650833910443
7569189058594,12650841089779
7569222347894,12650849575322
7569255636994,12650860563608
7569288931394,12650870828922
7569322216194,12650880304155
7569355509794,12650890620696
7569388799794,12650901482037
7569422085394,12650912709293
7569455373894,12650923853889
7569488668594,12650934649640
7569521952494,12650945757103
7569555242094,12650956326881
7569588530894,12650966144863
7569621820894,12650975491139
7569655109294,12650981953285
7569688399394,12650988058407
7569721701494,12650996235003
7569754977594,12651002381965
7569788267294,12651009882173
7569821557994,12651017258072
7569854844994,12651024195963
7569888135494,12651030986874
7569921453294,12651037932081
7569954714394,12651047501753
7569988004494,12651055971979
7570021297994,12651064775392
7570054582294,12651071844991
7570087870594,12651080184283
7570121166094,12651087125730
7570154450094,12651095906582
7570187764494,12651107639501
7570221034294,12651119186140
7570254318594,12651128604257
7570287608294,12651138889778
7570320897594,12651147142411
7570354186994,12651155899058
7570387475694,12651161827730
7570420766994,12651169987333
7570454053594,12651177279417
7570487343894,12651183972910
7570520633494,12651190227937
7570553922994,12651197746085
7570587211394,12651205322516
7570620502494,12651213290671
7570653792094,12651222623946
7570687081294,12651230898043
7570720370094,12651239674645
7570753663994,12651248421271
7570786949594,12651256614226
7570820236694,12651262974440
7570853532694,12651269922369
7570886816294,12651277224670
7570920106594,12651286215794
7570953400994,12651294992578
7570986684794,12651304276853
7571019975194,12651313044494
7571053289294,12651321962611
7571086553294,12651328467471
7571119841694,12651337796402
7571153135494,12651344823726
7571186420494,12651353312289
7571219709994,12651361973466
7571253003294,12651371220506
7571286290694,12651379925545
7571319578194,12651386929974
7571352868694,12651396338117
7571386158694,12651404937684
7571419446194,12651412501150
7571452736694,12651421372432
7571486060494,12651428961022
7571519366294,12651435591673
7571552604194,12651441942748
7571585899394,12651449654754
7571619183094,12651459731018
7571652472894,12651468888215
7571685767694,12651477264464
7571719051094,12651485272500
7571752342094,12651491994283
7571785629394,12651498306228
7571818919594,12651508514262
7571852207794,12651517778084
7571885498094,12651526705640
7571918787794,12651536707974
7571952076194,12651544911131
7571985366894,12651552995490
7572018659894,12651561348063
7572051944694,12651571749074
7572085235294,12651582426809
7572118525694,12651592853281
7572151812294,12651603265105
7572185102894,12651613301918
7572218426194,12651623486998
7572251681394,12651634194019
7572284971494,12651645790357
7572318265294,12651657219850
7572351550094,12651668011310
7572384860294,12651680134952
7572418133994,12651689710404
7572451418294,12651699038255
7572484719794,12651710609666
7572517996394,12651723859014
7572551285994,12651739996660
7572584575394,12651760106253
7572617865094,12651774280094
7572651154494,12651788388953
7572684442594,12651800617097
7572717732994,12651813298190
7572751021694,12651826047776
7572784311194,12651842137089
7572817601194,12651848593019
7572850924094,12651858381605
7572884179094,12651864174825
7572917469694,12651869906401
7572950764994,12651875884777
7572984048094,12651885334022
7573017337294,12651892175109
7573050631094,12651898049269
7573083917394,12651904140310
7573117204794,12651911062391
7573150500094,12651919067773
7573183784194,12651926736545
7573217074694,12651933132509
7573250361894,12651939698521
7573283652694,12651945561683
7573316943594,12651951421500
7573350231694,12651956639369
7573383520794,12651963259976
7573416809094,12651969145800
7573450100094,12651976012331
7573483387594,12651981924870
7573516676894,12651987881639
7573549967894,12651993235359
7573583257294,12651998790987
7573616545294,12652005015960
7573649835694,12652010778632
7573683132494,12652018847492
7573716435994,12652025323071
7573749703794,12652033100489
7573782998594,12652038905344
7573816305894,12652046609347
7573849570794,12652054027146
7573882866594,12652059841643
7573916155894,12652069131118
7573949439394,12652077877953
7573982728394,12652086190794
7574016018894,12652094953750
7574049308994,12652102881124
7574082596894,12652111217045
7574115886794,12652119417311
7574149175394,12652128365392
7574182465894,12652137039395
7574215754794,12652144889629
7574249043694,12652152760942
7574282333994,12652159605183
7574315624494,12652168188785
7574348911894,12652175056133
7574382202394,12652182408714
7574415498994,12652191127604
7574448780094,12652200431267
7574482070494,12652207504182
7574515365094,12652215043618
7574548648194,12652221552909
7574581938094,12652229473510
7574615233094,12652239070372
7574648517194,12652247317353
7574681817894,12652254775915
7574715094594,12652263375646
7574748384894,12652272322334
7574781675094,12652279967236
7574814963194,12652287730074
7574848252594,12652295823747
7574881541594,12652303755782
7574914832194,12652311602294
7574948121794,12652319689321
7574981409794,12652326848657
7575014700294,12652333309509
7575047988794,12652338479722
7575081277994,12652344877445
7575114568694,12652351266285
7575147879594,12652360444336
7575181146094,12652368607304
7575214436894,12652374744747
7575247732494,12652381104225
7575281014894,12652387711930
7575314305394,12652396713873
7575347598794,12652405219744
7575380883994,12652412469704
7575414172294,12652419395863
7575447461094,12652425368940
7575480751394,12652432032815
7575514040494,12652438701240
7575547329994,12652446473360
7575580619194,12652451959371
7575613909194,12652458218085
7575647203394,12652464811474
7575680487794,12652471601166
7575713776194,12652478622701
7575747067794,12652485587815
7575780355094,12652491953749
7575813664894,12652498902370
7575846935094,12652505055302
7575880228894,12652511433757
7575913512394,12652518103653
7575946803294,12652524953616
7575980098694,12652531269373
7576013381894,12652538125590
7576046671194,12652544904453
7576079965794,12652551025158
7576113250394,12652558183269
7576146538694,12652565195314
7576179831194,12652571436621
7576213117994,12652576808045
7576246406794,12652584934031
7576279695794,12652591306998
7576312985794,12652598524381
7576346276794,12652604293149
7576379564294,12652613522119
7576412853994,12652621765833
7576446143294,12652627368996
7576479462294,12652635647713
7576512721694,12652641853242
7576546010694,12652649102367
7576579301194,12652657115084
7576612596994,12652663285942
7576645879694,12652669558298
7576679169794,12652675751601
7576712466094,12652683670896
7576745747094,12652692064603
7576779037594,12652700086648
7576812332394,12652706233187
7576845616394,12652714073652
7576878905594,12652721959225
7576912197494,12652729892298
7576945484594,12652736591899
7576978774794,12652743589865
7577012062394,12652751182203
7577045352694,12652757419156
7577078641694,12652763986402
7577111930394,12652771366767
7577145220894,12652777796549
7577178510494,12652786475969
7577211799094,12652794872885
7577245089194,12652803155396
7577278377194,12652811286795
7577311667694,12652819464577
7577344972994,12652827369461
7577378245494,12652835073875
7577411535594,12652843499308
7577444831894,12652851463413
7577478113294,12652858798678
7577511404094,12652867379300
7577544727994,12652875618565
7577577982294,12652884248440
7577611272894,12652892510160
7577644563594,12652900432429
7577677850894,12652907869928
7577711142394,12652914294464
7577744428194,12652920882970
7577777718994,12652925347570
7577811056994,12652931081562
7577844296894,12652937272077
7577877586894,12652943223637
7577910876194,12652949411602
7577944165994,12652954571376
7577977454894,12652960082060
7578010743794,12652965957019
7578044039694,12652971166326
7578077326694,12652976705069
7578110611994,12652983436502
7578143901394,12652988980851
7578177197494,12652994709842
7578210479394,12652999842312
7578243770794,12653006064022
7578277066294,12653011884888
7578310349994,12653018535821
7578343638294,12653025645452
7578376929694,12653031666408
7578410217994,12653037368640
7578443505694,12653042250449
7578476794894,12653047273406
7578510085694,12653052751676
7578543374494,12653058288159
7578576662894,12653064830926
7578609953994,12653071551372
7578643243094,12653077994882
7578676535094,12653083851387
7578709821394,12653089973327
7578743109894,12653096295906
7578776400894,12653101357400
7578809692894,12653108087958
7578842978194,12653113629116
7578876268194,12653119244405
7578909564994,12653125496211
7578942846194,12653131251824
7578976136294,12653136966451
7579009433894,12653143363867
7579042714094,12653150022138
7579076005194,12653156151876
7579109331694,12653162707095
7579142605594,12653168723876
7579175871894,12653177727592
7579209161594,12653184147922
7579242451594,12653189736904
7579275746694,12653197643991
7579309030894,12653205264697
7579342319894,12653212437572
7579375610394,12653217899498
7579408897494,12653224184011
7579442187294,12653230978665
7579475476594,12653237250474
7579508766394,12653244517705
7579542059994,12653251351311
7579575344594,12653258510535
7579608651394,12653264071032
7579641931194,12653269837059
7579675212694,12653275949699
7579708502794,12653282240312
7579741799994,12653289216587
7579775081094,12653297593978
7579808371194,12653304424254
7579841698594,12653310727273
7579874950094,12653317330713
7579908239194,12653324204334
7579941527694,12653330577373
7579974818094,12653337230832
7580008115594,12653346657143
7580041395794,12653354520795
7580074685894,12653359441761
7580107989694,12653365591769
7580141264094,12653370721578
7580174555994,12653376622911
7580207842894,12653383320408
7580241133094,12653389924898
7580274426094,12653395765809
7580307710594,12653400876183
7580341001294,12653405456499
7580374295594,12653410565869
7580407578894,12653415387900
7580440868894,12653422378819
7580474196394,12653427986520
7580507446694,12653434420905
7580540737594,12653440860245
7580574064294,12653445867438
7580607316294,12653451055783
7580640606294,12653457148778
7580673893994,12653464048189
7580707185594,12653470916773
7580740473194,12653477973336
7580773763994,12653482938608
7580807052794,12653488239467
7580840342994,12653493811249
7580873630294,12653498964549
7580906920594,12653505327762
7580940211494,12653510832122
7580973500694,12653516256177
7581006792694,12653522262682
7581040077194,12653528823542
7581073368894,12653535686003
7581106661594,12653541773966
7581139945694,12653547801333
7581173235494,12653552954557
7581206530894,12653557995439
7581239813994,12653564451384
7581273104394,12653569885003
7581306400594,12653575050069
7581339696994,12653580801644
7581372971994,12653586885173
7581406260394,12653592263791
7581439552794,12653598607785
7581472839094,12653605535109
7581506152094,12653610431712
7581539418994,12653615631414
7581572708394,12653621981256
7581605996894,12653628815591
7581639287494,12653635736753
7581672577694,12653640941026
7581705864994,12653647782407
7581739159094,12653654749726
7581772443894,12653661699888
7581805758894,12653666878819
7581839028394,12653673825316
7581872311694,12653680740583
7581905601894,12653685989138
7581938898294,12653692640750
7581972180094,12653699210050
7582005470794,12653704809686
7582038767194,12653710888702
7582072047894,12653718396700
7582105338294,12653724691018
7582138627094,12653729926612
7582171917094,12653735862160
7582205207394,12653741674013
7582238494994,12653747758250
7582271785594,12653753461409
7582305074994,12653760873008
7582338363094,12653768376252
7582371653694,12653775603424
7582404942994,12653784552211
7582438231494,12653791864424
7582471525094,12653798726591
7582504810294,12653805240718
7582538100294,12653812437611
7582571394994,12653819050332
7582604678194,12653825150795
7582637968894,12653831909252
7582671282894,12653838319186
7582704546694,12653844616108
7582737836694,12653850789562
7582771134494,12653857961003
7582804414394,12653865313214
7582837704794,12653872230783
7582870994894,12653879446891
7582904283594,12653886089039
7582937573794,12653892991246
7582970861594,12653898624875
7583004152194,12653907452777
7583037440294,12653914816435
7583070729594,12653922326079
7583104019994,12653930187878
7583137308994,12653937110929
7583170597994,12653944242722
7583203893094,12653950094500
7583237177594,12653956699208
7583270466794,12653962567655
7583303761494,12653969966583
7583337044894,12653977104936
7583370336394,12653984704309
7583403642194,12653991986224
7583436912694,12653999367785
7583470203294,12654005607149
7583503498294,12654012882498
7583536780994,12654019784427
7583570071094,12654026996179
7583603360694,12654034289580
7583636650794,12654041634828
7583669939294,12654047127166
7583703227694,12654055431938
7583736519094,12654063624777
7583769806894,12654071376271
7583803096194,12654078044247
7583836386194,12654085437665
7583869675794,12654092167665
7583902963594,12654097499269
7583936257694,12654105374380
7583969544694,12654112263083
7584002854794,12654118449055
7584036128094,12654124357339
7584069410694,12654131156375
7584102711694,12654138022630
7584135995794,12654144567412
7584169279194,12654152776591
7584202569394,12654160656962
7584235864994,12654166659522
7584269147194,12654173194898
7584302437394,12654180137445
7584335728094,12654187255558
7584369015394,12654192851222
7584402305894,12654200298225
7584435594194,12654206628793
7584468917994,12654213551869
7584502172994,12654220052162
7584535462494,12654225260514
7584568752594,12654232015833
7584602043294,12654238437704
7584635330194,12654246180946
7584668623794,12654253274091
7584701910294,12654260477492
7584735198694,12654267156758
7584768494394,12654273618616
7584801778794,12654280357221
7584835067694,12654287081062
7584868362694,12654294233903
7584901645694,12654301112772
7584934935494,12654307690262
7584968232094,12654314370066
7585001513794,12654321775991
7585034804094,12654328508628
7585068094094,12654336090248
7585101381694,12654343704361
7585134672094,12654350950028
7585167961694,12654358409677
7585201251194,12654365387025
7585234540794,12654372331450
7585267828794,12654379419829
7585301122094,12654386579489
7585334429294,12654393619745
7585367696794,12654400280730
7585400990094,12654406916822
7585434296394,12654413347653
7585467564794,12654419981514
7585500860594,12654426067027
7585534144694,12654432430508
7585567434594,12654439975775
7585600729994,12654447398080
7585634011494,12654453885242
7585667302194,12654460636774
7585700597194,12654467108552
7585733880094,12654472030244
7585767170194,12654477598666
7585800460194,12654485918135
7585833748294,12654491921251
7585867038894,12654499870443
7585900328194,12654507250827
7585933621594,12654514624354
7585966906894,12654521829545
7586000195494,12654527814665
7586033486394,12654534677230
7586066777194,12654539930872
7586100063294,12654546041494
7586133356194,12654552753953
7586166642694,12654559456552
7586199931494,12654566009814
7586233227194,12654573731904
7586266511894,12654582115493
7586299800994,12654590126116
7586333096194,12654597688425
7586366378194,12654604828019
7586399669394,12654611912832
7586432978994,12654619395236
7586466246394,12654626699392
7586499536294,12654634971727
7586532827194,12654642462618
7586566114494,12654649592070
7586599405194,12654656852402
7586632696194,12654663893150
7586666005394,12654670914374
7586699273294,12654677445247
7586732561694,12654686071912
7586765879894,12654693818198
7586799140394,12654701370248
7586832429894,12654708536853
7586865722694,12654715741345
7586899009494,12654722414404
7586932297694,12654730418092
7586965594294,12654742674818
7586998878994,12654752628022
7587032165694,12654763207336
7587065461794,12654772671969
7587098744294,12654782817599
7587132068994,12654794616244
7587165329594,12654806901968
7587198616294,12654823106919
7587231902994,12654833007856
7587265193594,12654842610708
7587298480894,12654852306938
7587331771694,12654861647461
7587365061694,12654869870214
7587398348894,12654879461982
7587431639694,12654892676685
7587464927794,12654904756288
7587498217994,12654913763262
7587531508194,12654923687716
7587564795894,12654932923662
7587598089194,12654942754788
7587631375594,12654952877874
7587664664494,12654963438639
7587697960494,12654973959517
7587731243894,12654983582800
7587764532594,12654993494053
7587797828294,12655003728605
7587831114594,12655013464405
7587864401194,12655022961755
7587897696994,12655033904706
7587930979394,12655044965703
7587964269794,12655053949114
7587997558294,12655063560811
7588030847194,12655074272773
7588064137894,12655084367271
7588097453094,12655094557378
7588130714794,12655106237249
7588164006194,12655115412071
7588197295294,12655125757671
7588230584694,12655134762722
7588263874194,12655145590138
7588297162094,12655156526822
7588330459494,12655167870874
7588363741294,12655179756498
7588397030694,12655190947353
7588430326894,12655202812856
7588463610894,12655212064753
7588496898294,12655223636404
7588530195094,12655235302968
7588563479594,12655245894997
7588596768594,12655259219445
7588630063094,12655272246303
7588663345594,12655282989753
7588696637094,12655292044542
7588729924294,12655304396600
7588763214394,12655316965121
7588796503794,12655328728009
7588829793594,12655342018070
7588863081994,12655354505586
7588896372394,12655364669607
7588929661994,12655378280875
7588962952094,12655391471041
7588996240694,12655406711649
7589029528794,12655421055243
7589062822094,12655436694378
7589096107894,12655451723555
7589129396794,12655464271536
7589162692694,12655477420985
7589195976194,12655490481084
7589229264994,12655506276831
7589262561294,12655520548921
7589295845994,12655540100494
7589329133194,12655552116315
7589362429294,12655563716772
7589395711994,12655575423579
7589429034894,12655586517920
7589462290494,12655596479141
7589495580194,12655609421263
7589528869994,12655624282455
7589562159594,12655638951117
7589595448294,12655654195563
7589628738494,12655666879990
7589662029294,12655681063443
7589695316294,12655695564933
7589728606494,12655709495447
7589761895394,12655723639599
7589795187194,12655736699505
7589828474694,12655749154269
7589861766994,12655759836699
7589895059694,12655771261961
7589928343894,12655781258604
7589961631394,12655790843668
7589994927594,12655801235634
7590028211494,12655811414885
7590061499594,12655820622941
7590094795894,12655830584804
7590128087494,12655840141807
7590161368294,12655849481051
7590194658494,12655858115962
7590227946694,12655869377412
7590261236494,12655880630065
7590294525894,12655890022633
7590327814894,12655901203411
7590361105194,12655912217047
7590394394494,12655921739576
7590427682694,12655932848551
7590460973494,12655942749991
7590494262594,12655952244042
7590527553994,12655962606155
7590560841394,12655971876245
7590594130094,12655982325289
7590627425894,12655993264877
7590660708094,12656003675266
7590693997794,12656013975203
7590727294194,12656024947648
7590760614894,12656035910575
7590793865994,12656046633055
7590827162094,12656056689464
7590860446094,12656066717060
7590893735094,12656076251488
7590927025294,12656086144437
7590960312894,12656096367926
7590993604394,12656107178148
7591026891694,12656117502501
7591060180994,12656126796593
7591093471594,12656135635772
7591126760794,12656143712359
7591160049094,12656152920408
7591193339894,12656162420918
7591226629294,12656171462014
7591259923194,12656177378255
7591293207994,12656183697989
7591326496094,12656189752921
7591359793794,12656197151581
7591393074894,12656204675840
7591426364494,12656210899354
7591459660294,12656218207867
7591492944094,12656225335990
7591526232794,12656232481283
7591559528594,12656237453291
7591592811994,12656242443788
7591626106794,12656249186179
7591659390594,12656256164282
7591692679494,12656263413928
7591725969494,12656270574875
7591759261194,12656279814401
7591792547194,12656287172704
7591825838094,12656291716640
7591859127294,12656296629956
7591892415794,12656301393795
7591925705894,12656305710710
7591958996194,12656309567369
7591992284894,12656314086539
7592025573994,12656318111346
7592058862394,12656322032045
7592092182894,12656327705582
7592125441094,12656332157304
7592158730794,12656335753901
7592192026694,12656339309393
7592225311694,12656342891993
7592258598894,12656346485420
7592291895494,12656349972646
7592325178594,12656357318002
7592358466694,12656361618764
7592391756794,12656365229775
7592425059794,12656370535582
7592458335994,12656373995574
7592491625094,12656377531018
7592524914094,12656380951296
7592558204094,12656387198446
7592591493694,12656392144866
7592624782194,12656397213525
7592658072394,12656403184005
7592691363094,12656407663444
7592724650694,12656412315475
7592757940594,12656422273818
7592791229794,12656427969647
7592824524594,12656436443095
7592857808794,12656447152066
7592891096894,12656455867754
7592924393294,12656466963722
7592957686694,12656476480153
7592990964894,12656483491700
7593024261694,12656490834500
7593057544494,12656498432671
7593090832994,12656504256450
7593124123394,12656509921301
7593157425894,12656515389640
7593190702294,12656520204840
7593223994294,12656525546253
7593257280394,12656533329858
7593290570794,12656540449573
7593323858694,12656547369720
7593357148494,12656554457097
7593390438894,12656561873356
7593423757194,12656569042083
7593457016994,12656575847874
7593490307194,12656585711604
7593523596294,12656598723273
7593556893994,12656611872570
7593590175494,12656622101128
7593623463394,12656630088277
7593656763994,12656636651109
7593690041694,12656641612520
7593723331594,12656651378104
7593756628194,12656661349195
7593789911094,12656669988534
7593823199794,12656678314466
7593856489694,12656686920455
7593889779494,12656695132670
7593923069694,12656703790793
7593956358394,12656713198024
7593989646894,12656722695840
7594022937794,12656730736746
7594056225194,12656737761458
7594089514694,12656744365765
7594122805194,12656750692349
7594156095394,12656759447389
7594189383794,12656768569076
7594222673994,12656776834000
7594255964194,12656783531925
7594289275194,12656792379913
7594322542094,12656805443207
7594355829694,12656816526561
7594389126094,12656828190814
7594422420094,12656841492032
7594455697694,12656858572242
7594488994694,12656870886585
7594522277594,12656883094432
7594555566094,12656889823805
7594588855894,12656896376075
7594622146694,12656903199442
7594655433794,12656912687218
7594688724894,12656921469536
7594722013394,12656930070404
7594755332694,12656939690448
7594788591494,12656948447013
7594821881294,12656957949351
7594855171894,12656966805580
7594888460994,12656977549367
7594921750294,12656987239389
7594955039494,12656995788972
7594988329994,12657004750582
7595021624594,12657011206123
7595054907694,12657021925497
7595088196394,12657031987799
7595121492194,12657046851238
7595154775794,12657057348435
7595188064494,12657067589889
7595221361194,12657078500692
7595254644294,12657089930398
7595287932294,12657098478880
7595321222394,12657103579762
7595354512794,12657109616864
7595387800194,12657115241626
7595421090694,12657120790738
7595454397894,12657125430534
7595487669394,12657130480088
7595520959494,12657135777421
7595554250794,12657140215760
7595587537694,12657149425535
7595620855394,12657157150832
7595654115894,12657163617759
7595687406194,12657170044557
7595720705094,12657176065507
7595753988794,12657183329739
7595787273994,12657188978997
7595820563794,12657195897867
7595853859394,12657202561015
7595887142694,12657209065593
7595920430894,12657215219384
7595953727794,12657220617240
7595987009094,12657226306597
7596020298394,12657230617259
7596053589194,12657238767728
7596086911494,12657246083361
7596120166594,12657252568590
7596153456994,12657259428524
7596186747894,12657265103391
7596220036094,12657271296264
7596253325594,12657278451988
7596286614094,12657284979724
7596319905094,12657291089367
7596353192494,12657298243373
7596386482494,12657304190406
7596419772394,12657310761605
7596453061694,12657316229512
7596486355694,12657323196403
7596519640794,12657331449707
7596552930294,12657339534316
7596586226594,12657350772002
7596619508894,12657360077598
7596652797094,12657368721616
7596686094594,12657376861679
7596719379394,12657383590987
7596752665394,12657391574113
7596785955394,12657399129686
7596819244594,12657406167112
7596852533494,12657411983154
7596885823394,12657418612748
7596919114294,12657425400394
7596952424094,12657431016836
7596985691694,12657437228474
7597018980194,12657444025718
7597052288594,12657450638693
7597085562094,12657457066738
7597118849594,12657463252257
7597152138594,12657470008355
7597185428094,12657475722865
7597218722194,12657482514030
7597252007194,12657490727801
7597285296894,12657497448290
7597318590394,12657503844261
7597351875194,12657510933011
7597385163594,12657517115050
7597418493594,12657523107000
7597451741794,12657530030311
7597485031594,12657537768034
7597518325394,12657543276251
7597551612294,12657548821890
7597584899794,12657554734769
7597618189694,12657560477143
7597651480494,12657566277083
7597684767994,12657574881192
7597718058094,12657582716469
7597751370094,12657589934660
7597784636694,12657596228075
7597817926994,12657602309839
7597851223994,12657609019845
7597884505194,12657615108402
7597917795294,12657621106811
7597951088694,12657627233690
7597984373294,12657632530441
7598017662894,12657639821597
7598050956694,12657644933173
7598084241594,12657650578140
7598117531294,12657656319932
7598150826594,12657662535658
7598184109594,12657668359749
7598217398394,12657678665532
7598250691594,12657688802941
7598283976794,12657698935814
7598317266194,12657707910401
7598350556294,12657715290335
7598383876094,12657723463777
7598417134394,12657730770850
7598450424394,12657737590064
7598483737194,12657744217612
7598517003394,12657750999743
7598550293094,12657757239173
7598583581194,12657763097598
7598616875694,12657770023216
7598650159694,12657776954017
7598683454794,12657783339805
7598716739494,12657796446029
7598750028994,12657805995472
7598783322694,12657813712800
7598816607994,12657820019956
7598849897694,12657828059052
7598883194394,12657842536785
7598916475794,12657853038950
7598949764494,12657861904175
7598983065394,12657869615678
7599016343194,12657876557845
7599049632694,12657883700735
7599082922494,12657891762952
7599116212094,12657899723268
7599149500794,12657907244475
7599182790894,12657914368235
7599216080694,12657921330527
7599249369894,12657928176472
7599282659194,12657933910442
7599315947794,12657942057965
7599349238294,12657949846460
7599382526194,12657957758088
7599415820794,12657965648220
7599449106094,12657973283212
7599482395494,12657980808669
7599515689594,12657987189848
7599548974494,12657993660614
7599582264494,12657999589917
7599615581094,12658007987546
7599648841994,12658014190016
7599682130794,12658020569699
7599715450994,12658029467532
7599748709494,12658038169520
7599781998794,12658044847516
7599815288894,12658053746566
7599848579794,12658060371950
7599881867194,12658069379051
7599915157594,12658078052645
7599948447094,12658085361391
7599981735094,12658094381949
7600015025594,12658104456314
7600048343594,12658112235410
7600081604194,12658121839739
7600114892694,12658131220222
7600148187894,12658140435317
7600181472594,12658149374629
7600214762794,12658158349859
7600248056394,12658165262615
7600281340694,12658171330538
7600314630494,12658179418096
7600347924494,12658187239525
7600381209094,12658193140752
7600414497694,12658199487297
7600447794094,12658207978258
7600481077094,12658217130720
7600514365194,12658223517525
7600547655494,12658232743309
7600580947494,12658242166106
7600614233394,12658250161930
7600647523794,12658257647731
7600680813394,12658265268655
7600714100994,12658273704687
7600747391994,12658281881095
7600780709494,12658289764235
7600813970694,12658297374390
7600847260494,12658305316609
7600880556394,12658313209044
7600913839194,12658320218997
7600947127294,12658328539157
7600980422594,12658336868444
7601013706794,12658344726681
7601047025994,12658352918241
7601080290394,12658360608244
7601113575294,12658368098337
7601146864694,12658373913403
7601180160794,12658380455338
7601213443594,12658388186248
7601246732094,12658395219686
7601280023394,12658403689463
7601313310894,12658410044702
7601346600194,12658416572970
7601379890494,12658422748901
7601413179694,12658430615094
7601446468194,12658438340692
7601479758394,12658445614210
7601513048094,12658451177304
7601546337994,12658456551361
7601579626394,12658462418474
7601612919394,12658469810225
7601646206094,12658478881700
7601679493394,12658487096329
7601712788894,12658495561913
7601746073294,12658503975452
7601779363694,12658511809776
7601812657494,12658519533891
7601845941194,12658527540449
7601879232694,12658536527614
7601912529994,12658545421075
7601945809794,12658554245800
7601979098294,12658562590536
7602012396994,12658569283006
7602045676794,12658577307711
7602078966094,12658585406476
7602112256794,12658594369175
7602145545394,12658603248517
7602178834594,12658611404519
7602212124494,12658619284843
7602245415194,12658627097442
7602278701894,12658633242434
7602311993294,12658639678492
7602345286394,12658647877828
7602378593694,12658654820713
7602411859794,12658661486279
7602445155094,12658668078178
7602478439794,12658674459743
7602511729594,12658681216473
7602545023994,12658686613175
7602578309594,12658693744924
7602611597994,12658700858153
7602644889094,12658707561086
7602678176394,12658714836280
7602711464494,12658721970111
7602744754794,12658728749164
7602778045994,12658736028645
7602811333194,12658744637713
7602844623194,12658752485486
7602877912694,12658758953706
7602911200694,12658766866691
7602944490994,12658773148088
7602977781394,12658779663345
7603011068894,12658785711981
7603044359094,12658793270605
7603077681994,12658800691362
7603110938094,12658807738864
7603144228094,12658813400555
7603177521494,12658820584448
7603210806194,12658826961565
7603244103894,12658832233037
7603277389894,12658837859981
7603310674694,12658845147766
7603343963594,12658850375670
7603377258594,12658856311211
7603410542894,12658863097556
7603443831694,12658868149153
7603477121494,12658874014050
7603510410794,12658882122199
7603543699294,12658889237216
7603576989394,12658895240573
7603610277794,12658901884363
7603643567494,12658908323140
7603676857594,12658914288071
7603710178194,12658920147454
7603743435294,12658927071057
7603776725794,12658933805773
7603810021494,12658942413357
7603843304094,12658950440765
7603876594094,12658959076802
7603909891994,12658969496146
7603943173894,12658986257448
7603976461394,12659003170978
7604009756094,12659018568658
7604043042294,12659031168155
7604076330194,12659048852705
7604109624594,12659055903888
7604142908894,12659062983967
7604176198294,12659073015198
7604209488694,12659085739015
7604242776694,12659094401673
7604276065194,12659103137835
7604309356794,12659112421818
7604342644294,12659123678328
7604375933394,12659135566169
7604409223794,12659144454987
7604442513094,12659153124960
7604475801994,12659160803589
7604509091694,12659168787315
7604542386794,12659181444103
7604575684894,12659192978653
7604608960494,12659206010867
7604642254894,12659216521335
7604675550894,12659230011948
7604708827394,12659239351297
7604742122594,12659249815078
7604775407494,12659259307064
7604808696194,12659270043452
7604841991094,12659280283140
7604875274694,12659288779383
7604908566094,12659306261201
7604941853494,12659321221372
7604975143594,12659335875018
7605008431594,12659350430328
7605041758994,12659364130729
7605075010494,12659378934384
7605108300194,12659393861532
7605141590194,12659409080078
7605174879594,12659425021707
7605208167894,12659431750109
7605241458594,12659439010126
7605274753494,12659446230472
7605308036394,12659453361134
7605341326394,12659460042506
7605374620694,12659469091365
7605407905294,12659479077040
7605441197294,12659490105467
7605474489294,12659498130258
7605507773494,12659506521568
7605541063294,12659513891798
7605574357394,12659524615175
7605607641294,12659534259314
7605640931194,12659542821398
7605674219594,12659555059711
7605707509694,12659564368942
7605740799294,12659573704565
7605774088194,12659585804959
7605807381694,12659597774426
7605840666694,12659612514823
7605873956794,12659623227487
7605907265694,12659636680420
7605940534294,12659648639125
7605973824994,12659660907176
7606007120194,12659667933406
7606040402494,12659682519807
7606073692894,12659693767988
7606107016494,12659707550689
7606140271694,12659717279006
7606173560894,12659729995098
7606206855394,12659737448291
7606240140094,12659743245385
7606273428194,12659749205936
7606306724194,12659756489326
7606340007694,12659761824583
7606373327294,12659768852885
7606406585594,12659775118980
7606439876494,12659780262122
7606473165894,12659784752437
7606506455294,12659790912684
7606539744194,12659796274449
7606573032494,12659803768424
7606606323794,12659810903777
7606639611694,12659817251000
7606672900594,12659822258770
7606706191594,12659826510280
7606739484194,12659833292688
7606772768994,12659840940541
7606806059394,12659847939900
7606839355194,12659855048613
7606872638894,12659863242268
7606905927594,12659872730384
7606939222094,12659878790285
7606972506894,12659887215472
7607005794694,12659895883302
7607039090394,12659905101368
7607072380894,12659911176354
7607105663494,12659916607753
7607138952094,12659924771646
7607172242694,12659934167552
7607205532394,12659943267685
7607238849194,12659952929733
7607272110794,12659959119892
7607305399194,12659968512586
7607338703194,12659977223219
7607371977894,12659985945713
7607405267194,12659991509832
7607438557294,12660000077863
7607471852294,12660009906472
7607505135294,12660018511149
7607538425594,12660024247606
7607571722094,12660032220620
7607605003494,12660038727930
7607638294094,12660046784863
7607671618194,12660052542106
7607704907494,12660059856830
7607738161194,12660070267924
7607771456594,12660079473151
7607804740794,12660087225670
7607838030394,12660100760435
7607871318394,12660111508117
7607904608994,12660120379774
7607937899394,12660129356766
7607971186994,12660141545514
7608004478794,12660154123896
7608037765494,12660163916168
7608071055494,12660172329556
7608104345394,12660181932072
7608137633394,12660188922015
7608170923794,12660199632857
7608204218194,12660210222613
7608237501594,12660220792791
7608270792494,12660230867064
7608304088394,12660241039990
7608337369794,12660248119730
7608370660194,12660257842147
7608403983994,12660268386327
7608437238994,12660278215344
7608470539094,12660286869929
7608503823094,12660295270767
7608537107194,12660301076368
7608570417794,12660309309280
7608603684894,12660317610449
7608636975394,12660327375748
7608670279994,12660337134342
7608703553494,12660345863014
7608736844294,12660355745457
7608770133094,12660362750333
7608803422194,12660372051884
7608836711894,12660382011617
7608870000294,12660392160453
7608903290294,12660402273442
7608936582094,12660412651190
7608969867894,12660420182067
7609003158594,12660429813951
7609036485094,12660437042926
7609069735994,12660446233761
7609103026794,12660455551026
7609136322394,12660462091522
7609169609194,12660467941232
7609202894894,12660474127081
7609236189494,12660480537705
7609269474794,12660489228606
7609302761994,12660495313717
7609336051194,12660502842694
7609369341594,12660509455486
7609402632394,12660518216087
7609435919894,12660528110526
7609469209594,12660535543188
7609502500794,12660545828478
7609535789294,12660552678374
7609569078194,12660564103087
7609602366494,12660572826737
7609635657694,12660582413040
7609668948694,12660589289664
7609702234894,12660596211933
7609735524894,12660603195718
7609768820094,12660612111372
7609802102794,12660621472075
7609835393194,12660628546487
7609868689894,12660636210437
7609901992794,12660642771224
7609935260994,12660650297419
7609968555894,12660659208468
7610001868194,12660667868775
7610035128094,12660675587791
7610068417594,12660681562576
7610101708494,12660687506792
7610134997694,12660694746882
7610168285894,12660702045782
7610201575594,12660710211801
7610234866394,12660715851315
7610268154194,12660724889898
7610301444294,12660733088736
7610334732994,12660741685394
7610368023094,12660750237866
7610401314594,12660756323527
7610434601194,12660762987882
7610467891494,12660771400302
7610501187394,12660778992338
7610534469194,12660786827180
7610567759694,12660792822721
7610601056394,12660800253254
7610634337594,12660809525467
7610667627494,12660816551082
7610700922494,12660826919189
7610734206294,12660834953169
7610767505494,12660844882160
7610800784294,12660852434590
7610834074594,12660862751200
7610867363994,12660872493383
7610900652494,12660881913661
7610933942594,12660890044217
7610967232594,12660899085197
7611000520794,12660907219106
7611033810694,12660915647974
7611067099294,12660922185197
7611100389594,12660930977929
7611133685294,12660938024442
7611166966994,12660946970196
7611200258094,12660955764134
7611233573694,12660964079654
7611266835994,12660972144811
7611300125994,12660981998597
7611333436994,12660988941274
7611366703294,12660995293424
7611399993894,12661001543663
7611433290194,12661011474336
7611466572294,12661020772211
7611499862394,12661026938353
7611533150394,12661034280192
7611566440994,12661044056465
7611599728894,12661052984391
7611633018694,12661058922847
7611666309294,12661068105983
7611699598094,12661076667436
7611732886494,12661082989705
7611766176994,12661092271453
7611799466394,12661101312467
7611832760494,12661109922196
7611866048394,12661119051684
7611899333694,12661127746165
7611932624894,12661138965258
7611965918194,12661149963464
7611999201494,12661156717833
7612032492194,12661163683207
7612065787494,12661169424353
7612099070494,12661174562252
7612132359994,12661183446648
7612165657094,12661192940008
7612198938994,12661202235568
7612232228594,12661210936239
7612265516794,12661218269336
7612298809294,12661224345057
7612332095694,12661230462321
7612365385194,12661239723942
7612398675694,12661246496050
7612431964794,12661253818943
7612465253394,12661259657833
7612498543194,12661265283423
7612531834094,12661270908626
7612565121294,12661277614201
7612598413894,12661283896898
7612631700294,12661292667515
7612665014694,12661298519441
7612698284494,12661305294696
7612731568494,12661311878375
7612764858794,12661318054855
7612798154994,12661326469030
7612831436094,12661333578993
7612864726794,12661340677026
7612898023394,12661347732083
7612931304594,12661358545492
7612964595194,12661364969764
7612997883094,12661371712705
7613031176394,12661378524405
7613064461894,12661389559825
7613097751794,12661397692336
7613131042094,12661405588611
7613164331794,12661413475873
7613197619694,12661420684265
7613230909294,12661431610271
7613264199594,12661439066980
7613297487694,12661448017578
7613330780494,12661457472548
7613364067894,12661465086735
7613397356994,12661473815144
7613430652094,12661482902239
7613463934594,12661489264051
7613497225194,12661496355192
7613530520494,12661506772477
7613563803094,12661514952758
7613597092994,12661523235253
7613630389094,12661531072119
7613663670794,12661540471949
7613696961394,12661549789318
7613730250794,12661557400968
7613763539594,12661565748350
7613796832594,12661574428045
7613830117694,12661586044120
7613863408794,12661594423553
7613896696694,12661604170525
7613929986594,12661611199864
7613963276294,12661618924389
7613996598694,12661630149824
7614029853494,12661637838633
7614063146994,12661646441595
7614096434094,12661655374501
7614129723194,12661662601748
7614163035594,12661669726763
7614196300794,12661679536131
7614229592794,12661688685030
7614262885294,12661696359347
7614296169294,12661705657152
7614329459294,12661714199387
7614362754594,12661721366804
7614396037094,12661727694030
7614429327794,12661734640277
7614462617094,12661743752110
7614495906994,12661750777808
7614529196194,12661758533264
7614562484194,12661765827525
7614595775194,12661772510911
7614629062594,12661778524853
7614662352594,12661788514794
7614695642294,12661794365217
7614728931494,12661800395658
7614762220294,12661806421005
7614795513194,12661813208936
7614828800494,12661819508472
7614862089294,12661825930100
7614895384994,12661832645978
7614928670694,12661839443221
7614961957694,12661845988027
7614995251794,12661853622901
7615028535494,12661860613500
7615061825994,12661866840020
7615095123894,12661873493916
7615128403694,12661880158620
7615161694194,12661886878067
7615194984694,12661893083850
7615228271994,12661897804941
7615261562194,12661902410443
7615294852094,12661906943136
7615328162694,12661911428258
7615361429494,12661916035305
7615394718894,12661921309909
7615428009194,12661926590638
7615461297994,12661931794741
7615494587094,12661936841346
7615527879194,12661942543770
7615561167594,12661948032081
7615594454794,12661952995584
7615627751094,12661961346630
7615661035594,12661966853457
7615694323594,12661971963605
7615727619194,12661977804032
7615760902294,12661984529515
7615794192494,12661990023619
7615827488994,12661995845002
7615860769994,12662002444273
7615894060594,12662008343085
7615927350694,12662014551316
7615960638594,12662020508145
7615993928394,12662025842425
7616027216794,12662031281053
7616060507194,12662036797644
7616093796594,12662042980967
7616127085194,12662048761549
7616160375294,12662056176108
7616193667894,12662062705227
7616226953194,12662068609022
7616260245494,12662074276812
7616293532894,12662080140923
7616326820794,12662089695629
7616360117394,12662096420925
7616393399994,12662102640971
7616426690494,12662108116000
7616459985994,12662113492273
7616493268094,12662119394609
7616526558694,12662125158815
7616559853594,12662132367017
7616593136994,12662141159354
7616626426794,12662149621242
7616659757894,12662157424156
7616693004094,12662163838091
7616726295094,12662170470555
7616759584094,12662176632093
7616792873894,12662183525630
7616826179194,12662190929396
7616859451594,12662198028469
7616892742494,12662204231753
7616926030294,12662210172909
7616959319294,12662216236535
7616992611694,12662222191261
7617025900294,12662231639125
7617059187594,12662237389323
7617092483294,12662243437586
7617125768794,12662249282659
7617159057394,12662255962598
7617192351794,12662261703715
7617225640194,12662267672877
7617258926194,12662274776971
7617292219594,12662281229607
7617325502994,12662287320919
7617358792894,12662293262130
7617392082094,12662299403657
7617425370794,12662305921453
7617458661294,12662311926027
7617491950394,12662318836301
7617525251694,12662324508882
7617558528894,12662331705438
7617591817694,12662337725016
7617625108394,12662343679903
7617658396494,12662349584633
7617691686094,12662355346735
7617724978094,12662364808407
7617758265694,12662371512351
7617791554194,12662377879724
7617824851694,12662383988187
7617858134594,12662389896698
7617891421894,12662396244381
7617924718394,12662402807521
7617958000694,12662410174964
7617991312594,12662416302171
7618024585694,12662422532151
7618057869194,12662429974874
7618091159294,12662437540559
7618124448694,12662444045676
7618157737494,12662451526520
7618191027994,12662458918751
7618224318294,12662465911605
7618257605594,12662475306984
7618290896094,12662481451336
7618324184194,12662487813421
7618357473794,12662493982584
7618390763294,12662500044071
7618424052494,12662510167458
7618457344494,12662516657219
7618490632594,12662522853407
7618523920594,12662528898536
7618557216494,12662534489441
7618590501194,12662540345302
7618623788594,12662546040897
7618657084494,12662553128546
7618690370594,12662559882569
7618723675694,12662566255296
7618756953694,12662573421030
7618790235294,12662579897678
7618823525594,12662586818406
7618856834094,12662592735180
7618890103394,12662602391180
7618923393894,12662609622762
7618956683594,12662615864272
7618989972394,12662622084426
7619023261994,12662629384071
7619056551894,12662636351739
7619089840694,12662642962963
7619123130294,12662652437849
7619156418594,12662659210022
7619189711594,12662665314454
7619222997294,12662671497775
7619256286994,12662677282525
7619289583294,12662682801211
7619322897194,12662688572694
7619356155094,12662695341470
7619389451194,12662701900938
7619422734794,12662707850124
7619456023994,12662714092716
7619489319794,12662719735115
7619522601394,12662725556013
7619555893294,12662731415957
7619589180894,12662738608555
7619622470194,12662745860766
7619655760694,12662751898960
7619689049794,12662758778218
7619722338094,12662764688424
7619755628494,12662770509386
7619788918094,12662776154801
7619822208894,12662785318299
7619855500094,12662791518565
7619888785094,12662800353998
7619922078694,12662815216072
7619955363794,12662825070778
7619988652994,12662833896931
7620021949194,12662841275984
7620055232694,12662849948967
7620088521494,12662857331944
7620121817594,12662864597779
7620155101494,12662871609221
7620188407194,12662883415415
7620221686194,12662893333482
7620254974194,12662902759948
7620288263194,12662912321066
7620321547094,12662918767582
7620354836594,12662925422081
7620388126694,12662931434901
7620421416094,12662937285742
7620454704894,12662943315289
7620487994894,12662949605191
7620521285194,12662959696159
7620554572794,12662965828766
7620587863194,12662972892618
7620621152894,12662980041577
7620654493894,12662987725678
7620687730694,12662995220692
7620721019494,12663000588827
7620754315794,12663009637564
7620787600494,12663017193255
7620820887694,12663025090776
7620854183894,12663032782230
7620887467394,12663040101773
7620920756194,12663046322896
7620954052294,12663053714335
7620987336094,12663062455159
7621020624494,12663069849151
7621053914394,12663076822956
7621087202594,12663082559773
7621120493194,12663089654076
7621153783294,12663097029223
7621187071194,12663104589379
7621220361194,12663112283669
7621253651594,12663119609963
7621286938894,12663127028734
7621320229394,12663133662102
7621353517694,12663140391921
7621386809694,12663146933701
7621420097694,12663153774977
7621453385894,12663161808417
7621486682494,12663167515143
7621519987094,12663173941653
7621553253894,12663179872212
7621586550294,12663185047285
7621619848594,12663192419533
7621653122094,12663199384154
7621686418994,12663207829424
7621719709294,12663215602551
