#t_ns,in_ts
7669888561715,1882218787153
7669921856015,1882222502940
7669955139515,1882227347914
7669988430115,1882235090303
7670021726915,1882242016392
7670055008015,1882255192496
7670088298215,1882266634316
7670121622415,1882280334418
7670154876515,1882293536250
7670188166415,1882308922445
7670221460715,1882323616540
7670254745415,1882338237284
7670288047815,1882353362900
7670321322715,1882367752154
7670354628015,1882381492048
7670387903615,1882398427455
7670421190915,1882414316977
7670454481015,1882431249494
7670487771015,1882448276861
7670521060215,1882464531162
7670554349315,1882480649044
7670587637915,1882502084170
7670620928215,1882517659735
7670654220015,1882534186745
7670687506015,1882549748645
7670720796515,1882566209822
7670754141715,1882580032510
7670787374215,1882592187618
7670820664715,1882601897198
7670853960315,1882614049066
7670887243115,1882625254662
7670920532215,1882632120473
7670953827315,1882641384722
7670987112615,1882652206954
7671020399815,1882663128837
7671053689215,1882673704797
7671086979515,1882684806295
7671120274415,1882696467531
7671153557315,1882710772624
7671186847315,1882726850366
7671220137315,1882742469576
7671253426915,1882760499040
7671286714915,1882780733631
7671320004315,1882801829978
7671353295315,1882823082630
7671386585715,1882846823685
7671419872315,1882873854218
7671453162315,1882902322796
7671486460915,1882930595875
7671519740215,1882958831853
7671553030915,1882987044502
7671586333215,1883018495354
7671619631815,1883047746229
7671652899215,1883083071013
7671686193715,1883118845172
7671719494615,1883149611483
7671752766215,1883184508318
7671786055115,1883220306962
7671819346015,1883245581565
7671852635315,1883277043190
7671885924015,1883313927468
7671919213615,1883347207016
7671952504315,1883385757449
7671985791615,1883413226687
7672019082515,1883447375456
7672052370415,1883479721900
7672085717815,1883507762555
7672118952315,1883533741918
7672152238415,1883559786044
7672185529115,1883584126174
7672218826115,1883610672672
7672252119915,1883640974421
7672285397215,1883669867276
7672318692515,1883699010349
7672351975515,1883725489155
7672385265715,1883752302745
7672418592115,1883778480335
7672451844315,1883808350169
7672485134015,1883837711583
7672518422015,1883871516912
7672551712215,1883901425125
7672585002615,1883931947148
7672618289915,1883956792355
7672651580115,1883983349821
7672684870015,1884009286918
7672718158315,1884034806108
7672751448615,1884064031265
7672784736915,1884094351608
7672818027515,1884126563227
7672851321015,1884157054582
7672884605215,1884185307736
7672917895515,1884206589470
7672951211815,1884228526068
7672984473615,1884254329129
7673017763615,1884275197393
7673051070315,1884295666762
7673084341115,1884318617782
7673117631515,1884340634567
7673150958915,1884361945979
7673184210515,1884377993654
7673217499915,1884391470207
7673250788415,1884409789308
7673284078915,1884425463798
7673317367115,1884441651455
7673350656415,1884456111403
7673383950615,1884470821337
7673417269415,1884487209064
7673450524415,1884505486978
7673483814615,1884524849307
7673517104415,1884541914277
7673550396615,1884557514817
7673583685615,1884573114302
7673616971815,1884592408020
7673650262715,1884611998278
7673683555915,1884631999734
7673716839315,1884646556061
7673750130015,1884665066814
7673783425015,1884680462384
7673816707815,1884696945615
7673849998015,1884712946878
7673883294215,1884728602493
7673916576715,1884749297969
7673949866515,1884767409725
7673983154815,1884784045149
7674016445515,1884799643665
7674049733215,1884815975760
7674083022715,1884833559949
7674116313515,1884851089784
7674149619715,1884868386962
7674182890715,1884884857153
7674216181115,1884901820896
7674249472015,1884925889156
7674282759015,1884944529647
7674316052015,1884968209706
7674349337615,1884987465244
7674382650115,1885006255910
7674415922015,1885020406076
7674449206215,1885042494390
7674482496615,1885061707734
7674515792215,1885076520861
7674549074215,1885096401959
7674582364615,1885111347179
7674615662015,1885126036600
7674648942215,1885140005478
7674682232715,1885155137663
7674715521515,1885170699952
7674748810815,1885183154417
7674782099715,1885201151368
7674815389615,1885215794176
7674848679815,1885233844463
7674881969915,1885251724129
7674915257415,1885264748725
7674948547415,1885282832009
7674981838015,1885297987084
7675015125715,1885315532884
7675048417915,1885331935360
7675081704315,1885350766901
7675114994815,1885369617661
7675148289515,1885384532532
7675181572415,1885405033794
7675214863215,1885424557137
7675248157815,1885444180367
7675281444415,1885463994735
7675314730615,1885484910562
7675348027515,1885504240539
7675381308615,1885515808621
7675414599515,1885536496260
7675447888715,1885555306449
7675481177815,1885574166527
7675514467915,1885592265303
7675547755815,1885609363242
7675581046215,1885627029175
7675614334515,1885643648650
7675647623915,1885660253466
7675680914315,1885673150461
7675714237515,1885690778654
7675747491815,1885708985902
7675780784515,1885724795126
7675814072015,1885742819890
7675847361115,1885758347200
7675880656715,1885771830959
7675913939015,1885790879225
7675947234415,1885808565217
7675980522715,1885825246556
7676013806615,1885844225138
7676047097315,1885861521615
7676080394215,1885878188544
7676113675015,1885898424136
7676146965515,1885920008903
7676180256215,1885942901810
7676213544815,1885959209112
7676246833715,1885976542302
7676280122115,1885997252130
7676313412815,1886017818789
7676346701015,1886034624129
7676379989915,1886049806256
7676413280515,1886066252791
7676446569715,1886080642376
7676479858115,1886094928159
7676513151015,1886110174065
7676546438315,1886126497774
7676579732015,1886140744718
7676613022915,1886158258351
7676646305315,1886172906677
7676679595315,1886190500927
7676712889315,1886203790667
7676746173315,1886216385544
7676779463815,1886229271315
7676812759915,1886242174355
7676846041415,1886255226123
7676879331515,1886268585166
7676912622115,1886280885790
7676945909815,1886293302107
7676979199915,1886311051886
7677012488315,1886326729429
7677045804515,1886345784518
7677079067515,1886362548269
7677112356415,1886375615084
7677145647115,1886392655946
7677178939815,1886412118804
7677212224715,1886429369836
7677245517115,1886443267046
7677278805715,1886456485803
7677312092815,1886470288087
7677345388615,1886484344705
7677378671815,1886502944658
7677411961815,1886513943328
7677445256915,1886529299149
7677478540115,1886544723696
7677511830315,1886560778653
7677545127715,1886577633522
7677578408115,1886594336460
7677611697715,1886619278193
7677644988715,1886641631482
7677678276115,1886665302177
7677711566415,1886683544953
7677744855915,1886706095146
7677778144815,1886727677054
7677811434815,1886744701966
7677844722515,1886765673494
7677878013815,1886789717923
7677911316515,1886815331951
7677944591315,1886833429882
7677977883515,1886847672761
7678011178215,1886869525861
7678044459415,1886888687892
7678077755015,1886910018070
7678111039415,1886924668345
7678144328515,1886943475916
7678177623315,1886960666756
7678210905715,1886978741355
7678244196715,1886995659996
7678277490815,1887011507422
7678310774615,1887024635253
7678344064415,1887038838999
7678377409915,1887062528812
7678410643715,1887081253170
7678443932615,1887105224364
7678477222115,1887121945813
7678510511615,1887141514853
7678543801015,1887161444260
7678577089315,1887180733273
7678610381015,1887196433725
7678643668315,1887221903742
7678676958015,1887245917302
7678710249315,1887266952262
7678743536815,1887287816609
7678776825315,1887309054133
7678810121715,1887330314967
7678843405515,1887349432169
7678876695315,1887373362778
7678909990015,1887395766393
7678943272315,1887419212597
7678976563415,1887440254351
7679009857215,1887460317617
7679043140715,1887481262133
7679076444815,1887502609929
7679109720615,1887526490316
7679143008815,1887547058587
7679176298715,1887566577895
7679209594215,1887586061042
7679242899315,1887606385395
7679276167515,1887630014662
7679309455815,1887649577427
7679342757815,1887671260155
7679376034415,1887691501555
7679409324015,1887711425333
7679442615715,1887732752786
7679475903815,1887754059490
7679509191915,1887775020128
7679542488615,1887795160743
7679575772515,1887814607147
7679609060215,1887834088770
7679642356015,1887853600581
7679675638715,1887873485035
7679708986815,1887892249029
7679742224215,1887911978896
7679775507215,1887931138534
7679808797415,1887950085319
7679842101815,1887969551313
7679875375315,1887989792869
7679908665615,1888009098833
7679941955215,1888028420785
7679975243415,1888048571233
7680008533315,1888074188345
7680041823615,1888094053881
7680075112415,1888115244698
7680108402515,1888135253763
7680141690215,1888155220414
7680174982215,1888174835603
7680208270515,1888195085585
7680241558515,1888214253914
7680274854115,1888235554764
7680308138915,1888255412055
7680341426315,1888274899131
7680374722815,1888300878505
7680408008815,1888324258632
7680441295215,1888346371627
7680474591315,1888371327818
7680507873415,1888392708275
7680541163715,1888413578494
7680574480815,1888433101875
7680607741815,1888453455174
7680641031815,1888474278671
7680674340715,1888492727944
7680707609615,1888510343228
7680740899615,1888529173492
7680774189715,1888548050808
7680807478115,1888565487007
7680840767915,1888576921305
7680874056715,1888594412404
7680907348715,1888613520383
7680940635715,1888630505960
7680973941315,1888649590374
7681007220815,1888672428545
7681040537615,1888696799346
7681073792415,1888722168679
7681107089315,1888749704998
7681140372715,1888776652574
7681173663315,1888796845915
7681206958115,1888817747185
7681240239515,1888839020164
7681273531515,1888859926675
7681306818315,1888879438280
7681340107915,1888899160431
7681373398415,1888918713065
7681406687715,1888938844829
7681439976015,1888962169785
7681473265915,1888984731309
7681506556115,1889010234673
7681539844815,1889033853362
7681573134715,1889059740630
7681606423015,1889079233666
7681639715115,1889098341848
7681673001715,1889115121781
7681706290915,1889132369356
7681739590815,1889152548280
7681772871815,1889176629307
7681806158915,1889204082509
7681839455715,1889227434692
7681872740015,1889239990413
7681906027015,1889258849857
7681939324015,1889277094679
7681972615815,1889296208032
7682005925715,1889317943107
7682039184715,1889345907691
7682072474315,1889360050113
7682105764715,1889382753203
7682139054215,1889410721583
7682172342515,1889429939491
7682205632415,1889448339994
7682238923615,1889465927188
7682272210515,1889485917703
7682305500715,1889506338024
7682338789615,1889525739507
7682372080315,1889550643793
7682405369015,1889578218474
7682438657415,1889605119088
7682471954215,1889629276199
7682505240915,1889654396200
7682538525615,1889672936509
7682571821515,1889695447425
7682605106115,1889717118873
7682638393715,1889730486921
7682671690315,1889752802885
7682704980715,1889772845803
7682738263015,1889788856972
7682771552515,1889807149420
7682804840715,1889828834379
7682838131115,1889849079147
7682871420115,1889870290079
7682904708915,1889890402751
7682937998915,1889914121102
7682971288515,1889936832032
7683004577515,1889958926372
7683037867115,1889980198552
7683071157215,1890004151662
7683104447515,1890031493283
7683137735415,1890060134832
7683171023815,1890078414303
7683204320515,1890104132003
7683237603015,1890126793723
7683270892315,1890146635285
7683304188215,1890168643595
7683337508815,1890189676018
7683370759915,1890208038584
7683404056715,1890232322412
7683437340315,1890254854242
7683470629415,1890276099687
7683503918715,1890299698843
7683537206815,1890325658100
7683570498315,1890349656078
7683603785515,1890373394088
7683637075415,1890401600556
7683670365715,1890426739460
7683703656415,1890446589310
7683736943515,1890473149549
7683770234015,1890492406736
7683803524115,1890512668197
7683836816715,1890531849454
7683870102015,1890551769549
7683903390215,1890573605511
7683936688515,1890594925902
7683969969115,1890622493480
7684003258115,1890652853955
7684036554615,1890681214656
7684069838415,1890708276162
7684103126315,1890738513794
7684136423315,1890763033778
7684169707115,1890786487931
7684203003715,1890809380183
7684236284915,1890831916274
7684269573715,1890853954631
7684302863415,1890877532785
7684336152515,1890902591999
7684369441315,1890929950817
7684402732115,1890960785083
7684436023115,1890991375369
7684469309515,1891015981228
7684502600215,1891038889665
7684535890515,1891066552118
7684569178515,1891089014718
7684602468315,1891113726764
7684635756915,1891137501655
7684669080515,1891160038451
7684702334615,1891182584081
7684735624615,1891200089978
7684768921215,1891224072478
7684802204815,1891247346416
7684835493015,1891270159110
7684868789015,1891294779916
7684902075215,1891319298758
7684935361315,1891343261821
7684968655015,1891368421171
7685001953315,1891392730772
7685035229815,1891414851897
7685068519415,1891438957315
7685101807715,1891464925437
7685135098315,1891488544723
7685168391915,1891511232309
7685201675815,1891536603815
7685234966515,1891559499922
7685268256615,1891583555744
7685301544715,1891608130988
7685334835015,1891631205047
7685368123215,1891657193921
7685401419015,1891678148001
7685434703115,1891702209168
7685467990915,1891724310227
7685501287615,1891745892350
7685534588515,1891768301652
7685567859215,1891788941170
7685601155915,1891809466439
7685634449415,1891830535833
7685667727415,1891855509636
7685701021315,1891877929043
7685734307315,1891903462743
7685767596215,1891924857426
7685800886715,1891946484762
7685834174215,1891968513361
7685867464715,1891991118995
7685900753115,1892015477991
7685934054215,1892035309102
7685967333015,1892055669616
7686000658515,1892077874883
7686033910715,1892102462289
7686067200715,1892126453470
7686100490915,1892150641491
7686133786415,1892170850393
7686167069015,1892194085351
7686200357715,1892216794411
7686233655015,1892239662758
7686266936015,1892264779930
7686300225515,1892287352359
7686333522315,1892309377988
7686366805115,1892333421119
7686400094115,1892355747403
7686433387315,1892381059304
7686466673815,1892402975129
7686499963715,1892424898435
7686533252415,1892449577555
7686566540515,1892471688262
7686599832115,1892494037709
7686633119715,1892515485160
7686666408815,1892536932909
7686699702615,1892559761078
7686732988115,1892581592757
7686766276915,1892604023257
7686799567515,1892628500025
7686832859915,1892652046421
7686866174415,1892673491127
7686899435715,1892694131485
7686932724115,1892714492157
7686966028915,1892736601728
7686999302515,1892759437899
7687032592215,1892781396785
7687065888915,1892807601044
7687099171615,1892829029679
7687132460515,1892851796055
7687165753615,1892875706274
7687199041015,1892897398244
7687232328215,1892918841011
7687265618915,1892942619443
7687298907215,1892965651543
7687332228815,1892992520910
7687365485915,1893020200373
7687398775315,1893046522024
7687432065615,1893073086003
7687465356215,1893096097676
7687498643315,1893116997033
7687531933815,1893137776142
7687565223315,1893158934444
7687598516515,1893180469785
7687631801515,1893202955312
7687665091415,1893225887277
7687698386115,1893250174571
7687731670615,1893273628701
7687764958315,1893297632440
7687798255215,1893318044010
7687831538415,1893339057916
7687864826815,1893355690196
7687898119915,1893374483663
7687931406615,1893397661081
7687964694415,1893416216569
7687997985615,1893433639477
7688031291615,1893449597170
7688064563715,1893472932511
7688097853615,1893497816871
7688131141615,1893514665604
7688164432015,1893537999062
7688197748515,1893561289859
7688231015015,1893583590025
7688264300315,1893605091105
7688297608615,1893630765848
7688330882415,1893655739443
7688364168215,1893671243086
7688397458015,1893696774569
7688430753415,1893719693510
7688464036315,1893744468867
7688497324515,1893769361825
7688530621815,1893794561418
7688563903215,1893820235890
7688597196215,1893846580094
7688630489815,1893871627809
7688663772215,1893898224001
7688697060615,1893917702733
7688730350915,1893944484706
7688763640815,1893970336252
7688796930715,1893996769617
7688830219315,1894024610454
7688863508015,1894053228370
7688896799015,1894081612970
7688930086615,1894107045290
7688963376115,1894132258990
7688996666615,1894156537538
7689029955615,1894181703977
7689063249015,1894208528640
7689096534315,1894236108821
7689129824215,1894262255506
7689163119215,1894286625895
7689196402415,1894313467721
7689229691015,1894342253260
7689262988215,1894368778790
7689296270115,1894399593442
7689329559115,1894424470320
7689362855815,1894450110431
7689396140415,1894480386419
7689429428015,1894506614402
7689462718015,1894534612341
7689496008215,1894559128359
7689529295615,1894589219794
7689562586015,1894618544035
7689595897515,1894648414139
7689629196815,1894674371682
7689662452915,1894698540005
7689695743015,1894722889986
7689729033315,1894747934579
7689762321915,1894776779294
7689795616115,1894795977826
7689828901515,1894820136171
7689862191415,1894841765094
7689895484315,1894863829790
7689928768915,1894894077925
7689962057415,1894918798920
7689995353715,1894942861950
7690028637215,1894972964865
7690061925815,1894998705337
7690095222515,1895025814019
7690128506115,1895052068815
7690161793615,1895078373020
7690195084215,1895103503084
7690228374615,1895129544326
7690261661615,1895155160580
7690294951715,1895183473536
7690328263615,1895210604214
7690361531415,1895237592254
7690394820615,1895262298822
7690428108915,1895280685738
7690461399515,1895307340698
7690494694315,1895333077657
7690527982015,1895359755752
7690561267015,1895383827619
7690594557215,1895409641157
7690627850815,1895433987652
7690661135515,1895458047780
7690694425215,1895484979490
7690727720515,1895517170161
7690761003515,1895543674955
7690794291815,1895564155832
7690827589215,1895585577865
7690860871015,1895606806378
7690894160215,1895628881410
7690927450715,1895649990344
7690960763015,1895672251278
7690994028315,1895696334494
7691027318415,1895720839957
7691060608015,1895741961547
7691093897215,1895765270845
7691127187115,1895784214412
7691160475215,1895810890925
7691193766315,1895835254212
7691227054115,1895860875194
7691260354815,1895888658379
7691293633515,1895913246831
7691326924315,1895934030329
7691360217115,1895953596307
7691393502215,1895972829021
7691426792615,1895993791761
7691460088115,1896012650910
7691493369915,1896035489284
7691526658115,1896062290905
7691559956015,1896089783986
7691593239215,1896108065590
7691626526515,1896128416246
7691659816515,1896147986497
7691693106415,1896166483582
7691726394915,1896188243611
7691759684515,1896208618971
7691792974815,1896227522105
7691826276715,1896244480230
7691859553415,1896260959406
7691892841515,1896276266359
7691926141915,1896291786900
7691959420315,1896305196718
7691992714015,1896320208460
7692026000215,1896334522195
7692059289315,1896353171346
7692092583915,1896370824709
7692125868315,1896386254793
7692159158715,1896401683931
7692192452415,1896417504291
7692225736815,1896433498473
7692259024915,1896442236178
7692292371915,1896454738484
7692325604915,1896468805304
7692358892915,1896484202272
7692392202515,1896498204988
7692425473815,1896508164647
7692458760815,1896524304909
7692492051615,1896540469354
7692525341815,1896553940180
7692558629715,1896568287759
7692591919415,1896583959867
7692625207915,1896602748612
7692658498015,1896615673351
7692691787615,1896632228601
7692725080415,1896651072230
7692758366715,1896667268960
7692791656415,1896685785554
7692824950015,1896700377742
7692858234215,1896712537256
7692891524815,1896728166817
7692924818815,1896742605419
7692958102815,1896752073315
7692991391315,1896762782420
7693024687215,1896774920232
7693057970915,1896790815086
7693091259215,1896805722549
7693124550415,1896820161638
7693157868215,1896835303114
7693191127615,1896850780466
7693224417915,1896865249692
7693257719215,1896876193454
7693290995515,1896888187375
7693324286015,1896902947573
7693357575915,1896916225166
7693390864515,1896930216942
7693424153915,1896942667882
7693457446815,1896953434980
7693490733215,1896965652061
7693524021315,1896975712553
7693557316415,1896988900427
7693590601015,1897005911132
7693623921615,1897021754609
7693657184915,1897037037729
7693690469415,1897054637271
7693723758915,1897070604004
7693757054815,1897086698356
7693790337415,1897100152512
7693823626015,1897111826574
7693856917415,1897127540887
7693890204315,1897143437023
7693923494115,1897159558255
7693956784415,1897179051900
7693990073415,1897197766046
7694023362115,1897216139121
7694056652515,1897229950962
7694089942315,1897248616205
7694123231515,1897268624696
7694156520115,1897283587594
7694189813115,1897298330500
7694223099915,1897316616599
7694256388015,1897333143799
7694289685815,1897347335020
7694322967315,1897360925780
7694356256615,1897374734355
7694389551015,1897383174349
7694422835715,1897395251557
7694456126215,1897407243843
7694489442415,1897417328097
7694522703515,1897432041743
7694555991915,1897442124200
7694589300015,1897452667004
7694622570715,1897467232069
7694655860215,1897481846197
7694689150115,1897497968949
7694722439215,1897508096197
7694755728115,1897516748016
7694789018715,1897529856859
7694822308915,1897543786221
7694855596315,1897554956388
7694888886415,1897573219817
7694922179215,1897586515152
7694955498915,1897600068328
7694988753915,1897616784219
7695022049315,1897627730195
7695055342915,1897645601254
7695088624015,1897661542307
7695121917715,1897677547038
7695155202015,1897688516019
7695188491415,1897706632359
7695221785815,1897715374884
7695255069915,1897728517078
7695288359415,1897739700091
7695321648115,1897748337752
7695354938715,1897759905381
7695388226515,1897771233665
7695421517115,1897784661673
7695454806215,1897798413110
7695488094815,1897816075616
7695521384915,1897833965343
7695554674515,1897849175270
7695587962415,1897868229670
7695621252515,1897882465273
7695654573915,1897902427423
7695687831815,1897916774630
7695721120915,1897935742530
7695754415315,1897955333674
7695787699915,1897969327033
7695820988515,1897981617969
7695854283715,1897999965319
7695887568515,1898018777896
7695920887115,1898037502326
7695954152115,1898054518663
7695987436815,1898070405720
7696020725915,1898088926549
7696054015415,1898107156064
7696087304415,1898126655317
7696120593115,1898146026252
7696153883715,1898165061340
7696187174515,1898182045778
7696220461315,1898202890572
7696253751715,1898223186696
7696287040315,1898242840254
7696320329215,1898262390550
7696353619715,1898283713355
7696386913015,1898305033790
7696420199015,1898327721083
7696453487415,1898344527948
7696486781815,1898364020252
7696520067415,1898383431751
7696553354615,1898403271811
7696586650115,1898421852778
7696619934515,1898436790437
7696653223915,1898459579256
7696686518715,1898480263331
7696719803015,1898498590800
7696753092315,1898516133408
7696786381015,1898528300315
7696819670915,1898551207652
7696852959415,1898564970361
7696886249515,1898575801565
7696919538315,1898593711340
7696952846215,1898611115845
7696986118215,1898629681667
7697019408215,1898648761140
7697052695715,1898667504457
7697085985915,1898688042750
7697119280615,1898707729402
7697152563915,1898727959022
7697185854415,1898749198020
7697219177515,1898777614448
7697252470415,1898814585753
7697285721715,1898840010950
7697319016615,1898870289490
7697352300615,1898896265014
7697385590315,1898925044286
7697418885115,1898952509081
7697452168415,1898979339650
7697485459115,1898999546150
7697518747215,1899019999628
7697552037615,1899037640478
7697585325715,1899059052655
7697618615715,1899081234336
7697651904815,1899102118291
7697685193815,1899122921593
7697718484115,1899143317634
7697751774215,1899165111741
7697785062015,1899177885539
7697818352415,1899198606774
7697851646415,1899217267475
7697884930315,1899239076583
7697918220915,1899258004075
7697951543715,1899281176062
7697984798915,1899296705865
7698018088315,1899323437437
7698051383315,1899348646768
7698084669215,1899372736705
7698117964915,1899397398164
7698151251015,1899419855366
7698184535315,1899444433641
7698217824015,1899467010527
7698251113615,1899494042041
7698284405015,1899519125608
7698317693515,1899540805810
7698350982015,1899553951417
7698384272115,1899572471380
7698417560015,1899593606286
7698450850615,1899612253086
7698484138715,1899637051640
7698517428315,1899661996135
7698550718915,1899688242233
7698584044015,1899713389709
7698617296515,1899736475727
7698650587015,1899757698937
7698683910615,1899777895731
7698717165815,1899797786702
7698750454415,1899819698919
7698783749215,1899846254057
7698817034715,1899871480603
7698850325415,1899895243547
7698883617615,1899918133457
7698916901315,1899946842143
7698950192215,1899970182311
7698983479515,1899991381865
7699016770415,1900010562363
7699050060515,1900030664768
7699083349715,1900053807527
7699116638015,1900077680164
7699149926415,1900100126354
7699183217815,1900121153686
7699216505615,1900140188535
7699249794815,1900157752039
7699283085115,1900175800786
7699316377215,1900189993270
7699349662715,1900203758886
7699382953415,1900216421308
7699416249215,1900226772488
7699449550615,1900234798182
7699482820615,1900242487020
7699516115115,1900254597124
7699549411315,1900267750025
7699582688615,1900281294344
7699615991415,1900292746322
7699649267815,1900307154344
7699682557715,1900321812523
7699715846515,1900334735236
7699749136315,1900348697152
7699782426715,1900364370731
7699815713515,1900382534118
7699849004415,1900402161632
7699882293115,1900422562226
7699915640115,1900435386217
7699948871615,1900450872560
7699982160815,1900468773732
7700015451415,1900479710013
7700048744415,1900496918868
7700082029215,1900513602473
7700115319815,1900530189475
7700148616515,1900548626878
7700181897215,1900563834780
7700215187815,1900581645935
7700248482015,1900600296335
7700281766415,1900619183131
7700315055315,1900633492179
7700348350615,1900647966821
7700381634515,1900665099475
7700414924215,1900682590219
7700448212515,1900698906417
7700481502515,1900714566306
7700514792515,1900731396060
7700548081015,1900749588618
7700581370915,1900768665659
7700614659215,1900785297058
7700647949615,1900804217035
7700681238915,1900823359202
7700714527515,1900840406291
7700747821015,1900857908392
7700781130815,1900878665004
7700814395515,1900896227723
7700847686015,1900911248676
7700881005415,1900933581222
7700914263215,1900956750755
7700947553915,1900972791007
7700980850215,1900989473403
7701014132715,1901004217168
7701047422715,1901019566931
7701080716815,1901029297184
7701114001315,1901046518812
7701147289515,1901058771671
7701180578815,1901073595125
7701213869115,1901087306328
7701247192315,1901100013086
7701280446715,1901115403748
7701313737415,1901127631754
7701347026615,1901140428474
7701380316315,1901153351108
7701413605415,1901163341810
7701446893615,1901178343084
7701480185415,1901186976879
7701513475215,1901202152195
7701546761815,1901211601920
7701580052415,1901223707524
7701613347115,1901236186553
7701646630215,1901257343106
7701679920615,1901274533449
7701713216015,1901290731363
7701746499215,1901307893106
7701779789215,1901323787741
7701813083215,1901333627234
7701846367815,1901351318715
7701879655615,1901371733320
7701912944815,1901390922687
7701946235215,1901408761046
7701979524615,1901427168791
7702012813215,1901445627859
7702046103515,1901466308263
7702079394015,1901489349251
7702112681315,1901510679945
7702145971815,1901529745428
7702179259615,1901547992952
7702212573415,1901565847189
7702245841215,1901584364226
7702279144815,1901608707953
7702312418815,1901633760291
7702345714715,1901660723143
7702378996715,1901682663558
7702412286915,1901705863730
7702445583415,1901719667820
7702478864715,1901739484075
7702512155315,1901759271532
7702545449515,1901778757608
7702578733515,1901797977013
7702612022015,1901816386020
7702645311615,1901834796778
7702678601515,1901855540866
7702711892115,1901871396120
7702745179415,1901889676697
7702778469815,1901909096452
7702811759615,1901928425044
7702845047715,1901948264367
7702878338215,1901967310585
7702911627815,1901986713914
7702944916715,1902005700444
7702978208515,1902028166742
7703011494615,1902053050425
7703044785115,1902079051188
7703078080815,1902106462369
7703111362915,1902135754942
7703144653515,1902161925928
7703177948615,1902190035940
7703211230715,1902220814780
7703244521515,1902251153258
7703277847315,1902272733869
7703311100515,1902302275571
7703344389115,1902328744343
7703377678015,1902356993534
7703410968315,1902381103088
7703444256515,1902408531311
7703477546015,1902436079554
7703510836315,1902463745122
7703544144815,1902487178100
7703577413715,1902517726161
7703610704515,1902552704121
7703643994215,1902588484375
7703677283515,1902630827514
7703710574915,1902669964492
7703743861015,1902709428224
7703777152515,1902742104904
7703810448515,1902782129144
7703843729315,1902818609934
7703877019815,1902856625538
7703910314515,1902893801731
7703943597015,1902932156274
7703976888215,1902970651526
7704010183915,1903008676182
7704043466715,1903045508890
7704076755415,1903085023382
7704110043815,1903120673001
7704143336015,1903150170339
7704176622815,1903172827148
7704209912015,1903209174197
7704243202615,1903247103422
7704276492015,1903287281425
7704309780815,1903324101234
7704343070815,1903361408252
7704376360215,1903395714842
7704409657515,1903433220206
7704442941215,1903469332024
7704476227315,1903506577549
7704509517815,1903542325407
7704542811715,1903578957705
7704576099015,1903616414538
7704609386315,1903657248717
7704642683415,1903692868189
7704675963715,1903731111951
7704709254315,1903767889089
7704742549915,1903795022465
7704775831915,1903846324230
7704809122615,1903880302793
7704842412115,1903916193951
7704875729215,1903954270227
7704908989615,1903991280315
7704942278415,1904027365852
7704975568915,1904063627974
7705008858415,1904101775331
7705042147015,1904138156157
7705075436915,1904175926877
7705108727815,1904211893225
7705142014515,1904251195182
7705175307315,1904288527464
7705208594215,1904324536452
7705241883915,1904353892544
7705275178915,1904388548339
7705308461915,1904416148229
7705341752815,1904440665451
7705375049215,1904466140145
7705408330315,1904493181521
7705441621115,1904523842823
7705474917415,1904548028219
7705508197815,1904573642230
7705541488215,1904598597938
7705574778115,1904627269998
7705608067215,1904654559353
7705641356815,1904679504130
7705674645315,1904697967107
7705707935615,1904722337667
7705741242215,1904746409904
7705774513015,1904775953035
7705807803715,1904807086378
7705841101715,1904832205271
7705874381915,1904863888501
7705907674515,1904890655717
7705940961615,1904915795469
7705974250715,1904946229100
7706007545515,1904975114642
7706040828215,1904998208002
7706074118815,1905024146013
7706107412915,1905045046184
7706140696415,1905072370505
7706173986615,1905102720887
7706207314715,1905127942077
7706240564215,1905154410392
7706273854915,1905182045338
7706307144815,1905216967363
7706340435615,1905237594126
7706373723215,1905263504666
7706407010915,1905289408742
7706440302915,1905313751321
7706473607515,1905347341788
7706506879715,1905378010780
7706540170415,1905411951583
7706573460115,1905442416894
7706606747415,1905471239310
7706640038915,1905500086009
7706673329315,1905531092808
7706706617815,1905559849002
7706739911715,1905592150586
7706773194715,1905620924708
7706806486015,1905651219454
7706839779015,1905678310263
7706873063015,1905703086044
7706906353515,1905728667516
7706939648715,1905757312149
7706972931015,1905783583674
7707006221715,1905810082396
7707039515715,1905836087880
7707072821615,1905864312417
7707106089815,1905894418228
7707139377615,1905920550314
7707172691415,1905945382820
7707205956115,1905979233615
7707239245915,1906004720476
7707272536415,1906029059735
7707305825615,1906056792329
7707339114315,1906086478075
7707372406715,1906109235928
7707405694815,1906135187068
7707438982015,1906161585077
7707472278415,1906187974726
7707505561115,1906208869787
7707538890915,1906227250512
7707572145815,1906251031252
7707605428915,1906276463336
7707638719515,1906298412681
7707672015515,1906325135148
7707705297215,1906352787266
7707738587615,1906379099013
7707771881815,1906413671982
7707805165415,1906446845494
7707838455615,1906476997555
7707871744115,1906505881357
7707905034415,1906532475547
7707938323515,1906553378421
7707971612415,1906582520783
7708004902815,1906609750639
7708038192815,1906636486242
7708071480515,1906669283313
7708104771715,1906701188945
7708138060515,1906738601652
7708171348515,1906773966287
7708204644615,1906803999735
7708237927515,1906839729545
7708271217815,1906869986469
7708304512315,1906898987869
7708337795215,1906927021577
7708371089215,1906954428032
7708404403815,1906982926272
7708437663715,1907011256533
7708470954115,1907041890940
7708504281815,1907079497893
7708537531215,1907115613986
7708570822215,1907151987745
7708604111915,1907185037558
7708637400215,1907204703547
7708670690815,1907234315513
7708703978715,1907265419215
7708737269015,1907299465704
7708770557115,1907327623418
7708803847115,1907360138290
7708837137715,1907391153568
7708870426315,1907421520460
7708903715015,1907451877656
7708937010915,1907480116641
7708970295115,1907509448562
7709003585115,1907540204681
7709036879615,1907572202976
7709070162015,1907607082333
7709103453215,1907638313356
7709136747015,1907668353504
7709170030315,1907697837393
7709203320215,1907729052391
7709236609615,1907759429798
7709269898015,1907781060202
7709303188515,1907803990696
7709336478515,1907825702527
7709369769215,1907846159586
7709403056915,1907865517820
7709436344815,1907882324556
7709469635515,1907897802304
7709502923715,1907911468642
7709536213015,1907924160294
7709569504215,1907941385483
7709602792515,1907958584543
7709636081415,1907974962234
7709669377415,1907995238490
7709702661715,1908013504497
7709735949015,1908033282136
7709769245915,1908055022080
7709802528515,1908078783925
7709835850615,1908102700816
7709869113415,1908128316958
7709902417115,1908154768044
7709935687315,1908179347287
7709968976315,1908203415072
7710002264115,1908225143671
7710035555015,1908244576693
7710068845415,1908266895753
7710102132515,1908291574574
7710135423215,1908317769424
7710168711715,1908346107988
7710202001715,1908374503583
7710235290715,1908394353423
7710268580115,1908420039822
7710301871015,1908446627136
7710335160115,1908475963029
7710368447715,1908507929928
7710401743915,1908536847737
7710435027615,1908561519100
7710468315515,1908597455067
7710501612015,1908626007104
7710534896115,1908652474068
7710568184915,1908683097590
7710601481115,1908709938339
7710634762615,1908735158499
7710668053115,1908765107212
7710701356715,1908795796963
7710734631415,1908822876221
7710767921415,1908861077934
7710801229115,1908894606502
7710834499115,1908923470437
7710867789515,1908949260873
7710901079115,1908973763507
7710934367915,1909003906305
7710967657215,1909031386591
7711000945815,1909057192241
7711034237715,1909080303895
7711067524915,1909103143387
7711100814315,1909126470601
7711134110015,1909150672368
7711167444615,1909174992631
7711200682015,1909200424150
7711233978415,1909228525909
7711267262115,1909257865531
7711300551715,1909288538938
7711333846915,1909325853076
7711367129015,1909351565927
7711400420215,1909375584390
7711433716215,1909402816304
7711466997115,1909428825245
7711500287715,1909452470567
7711533576815,1909476936845
7711566865415,1909499998262
7711600155415,1909518086849
7711633445415,1909536335966
7711666734815,1909553454324
7711700023715,1909571244709
7711733312315,1909591542821
7711766605615,1909610509814
7711799891315,1909627216975
7711833180415,1909646939691
7711866476615,1909666550286
7711899759915,1909685334506
7711933048415,1909705998892
7711966344515,1909726164001
7711999630115,1909745477246
7712032936115,1909764507273
7712066213615,1909782628383
7712099495615,1909797284873
7712132791715,1909815516960
7712166074215,1909833621161
7712199363615,1909850728501
7712232653615,1909867709424
7712265944615,1909882516973
7712299232115,1909898072420
7712332522415,1909915994512
7712365812315,1909935240444
7712399099815,1909955497171
7712432389915,1909972488319
7712465680115,1909989854388
7712498999915,1910007824699
7712532257615,1910025294944
7712565546615,1910041900376
7712598842715,1910060116172
7712632127115,1910078902089
7712665415415,1910100646134
7712698710815,1910120448854
7712731995515,1910141191042
7712765283115,1910164024327
7712798579815,1910188936654
7712831869615,1910213402440
7712865152015,1910233925089
7712898441515,1910256781411
7712931730115,1910280462048
7712965020615,1910303443792
7712998310315,1910329244964
7713031598115,1910354501894
7713064888515,1910380555263
7713098178115,1910412549891
7713131466415,1910440541539
7713164756315,1910472947150
7713198045915,1910503954219
7713231336015,1910536352689
7713264625115,1910563959348
7713297913515,1910600105071
7713331224415,1910638285097
7713364514115,1910670528534
7713397781515,1910700654610
7713431077615,1910732112792
7713464381915,1910762985030
7713497649415,1910792903063
7713530945915,1910825571169
7713564237615,1910858734278
7713597518715,1910892291656
7713630811815,1910925697325
7713664096415,1910959501751
7713697386915,1910992516327
7713730675115,1911026473374
7713763964515,1911064647602
7713797254915,1911098886439
7713830544215,1911133955830
7713863832115,1911167989478
7713897122915,1911203450599
7713930412615,1911236216459
7713963706715,1911275714325
7713996990415,1911316514190
7714030279415,1911351458851
7714063576915,1911389392886
7714096858115,1911426027171
7714130147715,1911461662451
7714163444315,1911497408279
7714196728215,1911531450477
7714230016215,1911567147926
7714263312415,1911607160294
7714296597015,1911642189140
7714329886315,1911677204663
7714363178115,1911708969882
7714396462615,1911740162007
7714429753815,1911770937163
7714463045015,1911800812018
7714496330915,1911833397553
7714529621415,1911865384802
7714562910615,1911894445084
7714596199015,1911924922693
7714629489215,1911954304241
7714662780115,1911983537255
7714696066915,1912018317988
7714729357215,1912051173349
7714762645915,1912084840075
7714795960815,1912119023352
7714829224815,1912144752533
7714862513815,1912170693395
7714895810615,1912197636109
7714929093715,1912222073454
7714962382115,1912240250227
7714995678815,1912260093298
7715028962815,1912282158485
7715062250315,1912304836717
7715095544215,1912325543336
7715128829415,1912347765277
7715162119115,1912371018723
7715195407715,1912389065475
7715228697215,1912414189702
7715261987215,1912441473623
7715295277615,1912460662507
7715328565315,1912480512532
7715361855815,1912497742790
7715395146115,1912514455640
7715428434015,1912530191300
7715461723515,1912544973214
7715495012515,1912562525843
7715528308215,1912581150045
7715561591515,1912603790241
7715594880515,1912623854973
7715628176615,1912648922961
7715661460415,1912672191096
7715694748315,1912694055094
7715728045215,1912716396294
7715761328415,1912738067551
7715794616715,1912753224055
7715827913715,1912773743198
7715861207715,1912790531423
7715894485515,1912806160851
7715927775315,1912821379338
7715961063415,1912841295824
7715994354215,1912860768515
7716027642115,1912875727181
7716060931915,1912894278950
7716094222415,1912918780910
7716127545815,1912944501013
7716160799315,1912969846741
7716194090115,1912989151719
7716227380115,1913009768217
7716260675715,1913028957550
7716293957915,1913049873344
7716327247315,1913071492783
7716360546915,1913095190391
7716393825815,1913113681069
7716427114815,1913137518023
7716460411415,1913159927746
7716493694515,1913180704016
7716526983115,1913201678775
7716560279815,1913219488666
7716593562915,1913239933305
7716626853215,1913263183773
7716660141515,1913288619272
7716693429815,1913308067719
7716726721615,1913329508896
7716760008715,1913350749747
7716793298215,1913373181250
7716826588915,1913394659279
7716859877815,1913416406468
7716893166315,1913439108009
7716926456115,1913461244728
7716959746415,1913486597711
7716993050015,1913509633624
7717026324415,1913532401861
7717059613215,1913557057206
7717092910215,1913586722127
7717126191915,1913611031270
7717159481315,1913633735664
7717192777615,1913659543955
7717226060915,1913686913407
7717259349315,1913710283099
7717292642915,1913731288532
7717325930115,1913756665236
7717359217615,1913784055566
7717392508215,1913814622856
7717425796215,1913845474560
7717459111815,1913875007511
7717492375115,1913904914584
7717525665015,1913935392640
7717558955515,1913974870506
7717592244415,1914008462673
7717625532715,1914043314557
7717658822715,1914080356356
7717692113415,1914111535004
7717725406615,1914141893323
7717758691715,1914179873605
7717791979115,1914213961437
7717825275415,1914251187691
7717858559515,1914288378131
7717891847615,1914322709606
7717925144515,1914359277221
7717958428015,1914397128537
7717991715815,1914424069668
7718025012515,1914457477937
7718058296115,1914491383549
7718091583815,1914525676082
7718124874515,1914559086841
7718158164015,1914591388499
7718191453015,1914621078792
7718224742815,1914650973244
7718258034415,1914680453600
7718291321515,1914713184262
7718324634615,1914744142182
7718357899115,1914773422002
7718391189015,1914800348121
7718424483615,1914827413713
7718457772415,1914852144223
7718491057715,1914873924249
7718524347115,1914898252421
7718557643115,1914916737358
7718590925915,1914937729027
7718624214415,1914957167100
7718657511715,1914973815111
7718690792915,1914990989388
7718724082215,1915007457205
7718757378915,1915025882431
7718790711615,1915045627207
7718823950115,1915063699675
7718857240715,1915083072168
7718890530215,1915103183034
7718923819515,1915125972899
7718957109115,1915145423013
7718990397415,1915168671504
7719023688915,1915189859311
7719056975815,1915209050287
7719090265215,1915226577936
7719123555915,1915243988237
7719156845315,1915263720794
7719190138115,1915286661594
7719223423115,1915311904549
7719256713715,1915339447085
7719290009915,1915368119221
7719323291915,1915400711240
7719356580315,1915419849692
7719389878515,1915442732475
7719423160815,1915472599578
7719456448815,1915505051933
7719489744915,1915534466740
7719523028215,1915569310854
7719556316715,1915606189764
7719589606815,1915641169940
7719622898015,1915674985624
7719656206615,1915710892983
7719689475515,1915750673560
7719722763415,1915790997073
7719756067915,1915821304643
7719789342015,1915855794787
7719822631615,1915884920822
7719855921915,1915911484046
7719889212615,1915937902186
7719922504715,1915959181400
7719955789815,1915977815828
7719989080415,1915996138113
7720022373515,1916018965729
7720055658015,1916044301406
7720088947815,1916064842185
7720122277215,1916085336575
7720155539115,1916107730017
7720188815315,1916129826860
7720222111615,1916152091573
7720255399315,1916176324992
7720288682915,1916207581141
7720321973715,1916239288846
7720355422415,1916270726981
7720388550815,1916302059926
7720421841815,1916328599428
7720455153015,1916359652711
7720488420115,1916390480456
7720521710115,1916422882553
7720554998215,1916456111040
7720588288415,1916486878179
7720621578715,1916516757240
7720654870915,1916541716507
7720688156015,1916565136268
7720721446615,1916587999231
7720754740115,1916604738634
7720788025015,1916618867568
7720821314715,1916635209504
7720854610215,1916651965879
7720887892915,1916669116893
7720921181215,1916687608736
7720954478715,1916709289937
7720987760215,1916729747042
7721021049215,1916755960280
7721054339515,1916781541608
7721087661815,1916801432328
7721120917415,1916827200128
7721154207715,1916851192471
7721187497315,1916875587679
7721220786815,1916900254017
7721254076615,1916927526512
7721287364515,1916956262354
7721320655815,1916982333931
7721353942515,1917002880740
7721387237515,1917031604454
7721420523515,1917051148130
7721453812115,1917074810824
7721487106115,1917093264123
7721520390915,1917116055820
7721553680815,1917135350861
7721586977615,1917151184287
7721620259315,1917174015128
7721653547315,1917192233519
7721686845615,1917206845710
7721720126215,1917228973951
7721753416015,1917254027844
7721786706615,1917280173860
7721819996515,1917299844516
7721853284215,1917316207213
7721886574315,1917336790913
7721919864915,1917349587077
7721953152715,1917370583958
7721986442715,1917389013286
7722019730915,1917409152816
7722053025215,1917425760767
7722086309315,1917443584738
7722119603515,1917465093217
7722152889415,1917491164327
7722186178215,1917516536801
7722219473115,1917539960706
7722252757215,1917557694509
7722286047515,1917580900568
7722319341715,1917603876642
7722352625515,1917623481252
7722385914315,1917647552460
7722419245715,1917670414744
7722452492815,1917692562482
7722485782215,1917714926129
7722519072215,1917737774037
7722552361615,1917759525569
7722585650515,1917782466167
7722618940915,1917804645778
7722652231215,1917826159042
7722685518415,1917848404788
7722718808715,1917870199788
7722752097415,1917884837598
7722785387415,1917910703274
7722818683115,1917927056346
7722851969715,1917954090028
7722885255715,1917980380083
7722918546015,1918009578026
7722951840715,1918037843730
7722985124015,1918053966950
7723018414515,1918074710469
7723051707715,1918095838700
7723084992215,1918122303324
7723118280515,1918147302846
7723151577115,1918170782982
7723184860415,1918192586054
7723218148615,1918208429917
7723251439115,1918224124449
7723284737115,1918239634462
7723318016515,1918261129406
7723351307315,1918281429569
7723384596115,1918301035997
7723417884615,1918319757358
7723451175115,1918336339981
7723484492115,1918348288615
7723517753715,1918366148212
7723551043815,1918383890671
7723584336715,1918401877405
7723617622215,1918421160343
7723650910315,1918439501279
7723684205715,1918461046325
7723717489815,1918480493171
7723750801015,1918500990380
7723784073915,1918519447660
7723817358715,1918534397224
7723850649115,1918553268168
7723883944015,1918569185547
7723917226715,1918583486174
7723950518015,1918601238723
7723983806415,1918620253122
7724017094015,1918642470349
7724050383015,1918668037627
7724083673415,1918693977737
7724116962315,1918717279739
7724150251215,1918739213750
7724183541415,1918757165912
7724216831115,1918777473763
7724250120915,1918798661346
7724283409615,1918813756037
7724316702415,1918834280952
7724349991115,1918853857570
7724383276615,1918877087467
7724416571715,1918900607499
7724449858315,1918918089866
7724483146115,1918937967900
7724516440615,1918956078546
7724549724915,1918973859189
7724583014715,1918992975839
7724616327615,1919011748745
7724649592715,1919028999163
7724682881315,1919042859167
7724716179115,1919053484792
7724749460215,1919070873009
7724782749415,1919087346101
7724816039715,1919102607590
7724849328715,1919116562859
7724882617715,1919129181254
7724915907715,1919142521458
7724949197815,1919156868021
7724982486015,1919169865626
7725015776515,1919181827358
7725049069215,1919198673988
7725082388715,1919215936837
7725115643415,1919233411226
7725148938315,1919251032951
7725182222615,1919266289204
7725215512615,1919285818697
7725248806615,1919302873655
7725282091315,1919321756045
7725315381515,1919338997799
7725348674615,1919356290440
7725381959115,1919374182158
7725415247715,1919391715006
7725448538015,1919408934589
7725481827315,1919425710915
7725515115815,1919441968048
7725548406115,1919457591841
7725581695215,1919475744458
7725614984015,1919493221912
7725648274115,1919513924823
7725681563415,1919531005367
7725714851915,1919547565036
7725748142615,1919564988886
7725781436515,1919581650038
7725814720915,1919598445525
7725848013315,1919614038921
7725881305015,1919630018402
7725914590615,1919646970330
7725947900415,1919663076267
7725981173315,1919680680102
7726014457715,1919697391836
7726047761515,1919713082829
7726081041615,1919731158819
7726114325515,1919748871094
7726147615015,1919770520608
7726180904515,1919789967192
7726214194515,1919809292360
7726247482015,1919828316213
7726280773015,1919850067023
7726314060815,1919870502584
7726347350715,1919891020386
7726380640415,1919913976815
7726413929915,1919938194902
7726447217815,1919961319798
7726480509015,1919985065526
7726513802415,1920008878228
7726547088715,1920035131454
7726580376415,1920059666232
7726613671015,1920084655974
7726646956715,1920110931982
7726680244315,1920137216901
7726713539115,1920159092168
7726746824015,1920184443807
7726780112815,1920207095922
7726813407815,1920227624450
7726846691915,1920250381675
7726879981515,1920271432687
7726913271215,1920291976666
7726946559915,1920313036738
7726979848415,1920334123834
7727013140115,1920354424741
7727046427815,1920373117633
7727079716515,1920393043207
7727113006915,1920413020839
7727146296415,1920435373480
7727179584515,1920455316838
7727212875315,1920475659165
7727246170815,1920497601021
7727279452815,1920520752732
7727312742815,1920538901131
7727346037615,1920558881995
7727379359415,1920577936110
7727412610515,1920596439053
7727445905715,1920610753425
7727479190715,1920626355624
7727512480615,1920639995473
7727545773915,1920655442796
7727579058415,1920670664566
7727612347915,1920684693723
7727645636115,1920698143836
7727678926715,1920713074796
7727712216215,1920732176192
7727745508515,1920750403242
7727778793415,1920767009851
7727812083015,1920782559379
7727845373515,1920798342727
7727878663715,1920817675638
7727911951215,1920832891435
7727945241415,1920852412936
7727978536215,1920869566057
7728011818715,1920887873950
7728045109415,1920902831558
7728078433115,1920926345224
7728111688315,1920949287533
7728144978115,1920979773940
7728178272315,1921007273726
7728211556315,1921033539462
7728244845715,1921057443708
7728278140415,1921089599156
7728311424715,1921119058108
7728344713815,1921151972199
7728378001815,1921180917489
7728411292615,1921201664154
7728444581315,1921226456560
7728477871815,1921251921253
7728511161415,1921277235132
7728544449715,1921302722003
7728577739915,1921323893226
7728611027815,1921341053262
7728644317315,1921366406771
7728677607915,1921390629696
7728710937315,1921411203074
7728744185815,1921439820963
7728777475815,1921467356709
7728810800215,1921494678996
7728844054515,1921525139150
7728877344515,1921554690154
7728910638215,1921586224790
7728943924115,1921616858283
7728977211515,1921638266293
7729010506815,1921667230107
7729043791415,1921695305297
7729077080315,1921718315998
7729110368215,1921742302959
7729143659315,1921770635503
7729176948815,1921791628607
7729210238515,1921818847657
7729243527315,1921845012740
7729276816115,1921872797929
7729310107315,1921898954439
7729343394015,1921923634253
7729376684115,1921947983797
7729409974715,1921972856363
7729443268115,1921994823715
7729476551915,1922022136703
7729509841815,1922042541997
7729543139315,1922062701312
7729576424615,1922081774225
7729609710315,1922094857667
7729643022215,1922111160926
7729676289315,1922126687945
7729709577715,1922142492034
7729742873115,1922158995406
7729776157615,1922176435625
7729809446715,1922194468520
7729842735115,1922212395440
7729876025615,1922230795990
7729909315815,1922247689708
7729942603415,1922270332798
7729975893615,1922293295233
7730009181915,1922315152006
7730042514315,1922339059602
7730075761115,1922363339872
7730109050315,1922385252098
7730142340615,1922408630425
7730175633815,1922428048995
7730208918315,1922451800230
7730242209015,1922474846769
7730275505715,1922500247364
7730308786415,1922525702792
7730342076815,1922544982189
7730375371215,1922565412070
7730408664115,1922586585343
7730441944915,1922606393398
7730475239715,1922627235621
7730508524115,1922648434593
7730541814115,1922669886105
7730575101115,1922684961678
7730608392115,1922706063732
7730641682215,1922728099637
7730674969315,1922744053200
7730708259915,1922767797657
7730741548415,1922792219802
7730774838115,1922817202714
7730808128515,1922842414699
7730841416415,1922861120651
7730874707215,1922885008428
7730908015115,1922907616558
7730941284815,1922923758932
7730974575215,1922948348922
7731007871115,1922970368733
7731041152615,1922992592463
7731074442915,1923014336894
7731107767215,1923038810546
7731141021815,1923059891131
7731174311215,1923080498649
7731207605615,1923102253065
7731240890015,1923118996153
7731274178615,1923142780555
7731307468015,1923166193408
7731340758215,1923187086426
7731374075615,1923213111696
7731407335815,1923232814828
7731440626315,1923254898344
7731473917315,1923276528324
7731507205115,1923298078540
7731540497515,1923311264673
7731573783415,1923332950944
7731607074215,1923348689721
7731640364415,1923368724517
7731673651115,1923385025510
7731706941515,1923402478117
7731740236615,1923417301960
7731773519615,1923435254993
7731806809715,1923451148549
7731840105315,1923467785577
7731873389215,1923484706856
7731906677815,1923501442214
7731939972315,1923517654657
7731973257315,1923534096842
7732006545115,1923550438485
7732039834315,1923566908476
7732073123415,1923583742663
7732106414215,1923598558462
7732139702415,1923614414813
7732172992815,1923630216041
7732206282515,1923645721804
7732239598915,1923661699669
7732272860915,1923677491886
7732306149415,1923693797325
7732339447615,1923713806471
7732372731115,1923730886371
7732406017615,1923747839597
7732439307715,1923763661478
7732472603515,1923778684003
7732505885415,1923793771603
7732539175815,1923808560096
7732572472715,1923823432091
7732605754115,1923837563960
7732639044215,1923850297558
7732672342615,1923865171811
7732705658115,1923892860594
7732738911215,1923911466688
7732772200315,1923925612020
7732805490715,1923941405636
7732838780215,1923956851169
7732872068615,1923971183680
7732905359315,1923985284304
7732938649415,1923998008538
7732971936715,1924008850829
7733005227415,1924019307760
7733038515815,1924029425024
7733071806115,1924039054783
7733105097815,1924043154567
7733138383615,1924049185843
7733171674215,1924056669779
7733204970515,1924071211146
7733238251915,1924082855504
7733271542515,1924091452994
7733304837715,1924103891831
7733338120415,1924114868475
7733371410815,1924125302776
7733404706515,1924133912381
7733437991515,1924144021043
7733471278215,1924149320120
7733504566515,1924159883975
7733537872815,1924170970263
7733571169015,1924185513567
7733604435215,1924199984020
7733637725415,1924215182179
7733671033215,1924231337599
7733704303115,1924246460133
7733737593615,1924259883848
7733770882815,1924274221254
7733804172415,1924286054630
7733837464215,1924298664643
7733870750115,1924311068154
7733904040515,1924324620130
7733937334715,1924338840290
7733970618415,1924349374640
7734003908815,1924364592455
7734037237915,1924383246111
7734070486415,1924405196270
7734103776915,1924424296849
7734137072415,1924442142083
7734170356615,1924460928122
7734203645215,1924477296056
7734236933315,1924493087312
7734270224315,1924510932432
7734303512215,1924523495853
7734336801415,1924538115484
7734370091515,1924552018969
7734403381215,1924563618549
7734436669415,1924581742038
7734469960415,1924594411121
7734503249415,1924609240763
7734536539315,1924627067472
7734569845615,1924645126277
7734603116215,1924657419671
7734636407415,1924670605616
7734669700815,1924678561516
7734702984715,1924689695748
7734736275215,1924700181684
7734769570815,1924708596154
7734802852915,1924715278612
7734836143215,1924725220204
7734869440215,1924738761440
7734902720915,1924761064355
7734936011515,1924783239579
7734969299815,1924802331902
7735002627715,1924824420987
7735035878415,1924847613684
7735069167915,1924868816668
7735102457515,1924891461929
7735135748515,1924907891915
7735169036015,1924927349880
7735202326315,1924945442357
7735235615715,1924957763023
7735268903815,1924976297923
7735302196515,1924995763728
7735335497215,1925016552005
7735368773315,1925037846221
7735402066915,1925056626580
7735435351315,1925074716082
7735468641715,1925088685999
7735501938215,1925109269622
7735535219215,1925137127099
7735568509315,1925155385597
7735601807015,1925169953942
7735635087115,1925179624444
7735668377415,1925190701205
7735701666115,1925213477323
7735734956115,1925241643183
7735768246115,1925267092034
7735801534215,1925295803011
7735834824615,1925329270313
7735868113315,1925367416676
7735901402215,1925406481878
7735934692415,1925445733024
7735967982115,1925476371014
7736001270115,1925506550095
7736034562815,1925543712725
7736067849515,1925581486489
7736101155315,1925614018891
7736134435015,1925635211657
7736167717215,1925664220882
7736201007915,1925699201229
7736234302015,1925728183015
7736267585615,1925753332090
7736300875715,1925768776605
7736334203315,1925795510398
7736367453215,1925823219952
7736400744415,1925854905168
7736434033515,1925886255952
7736467322715,1925923314949
7736500611915,1925956698750
7736533901015,1925990584557
7736567192015,1926024217376
7736600479015,1926056501948
7736633768315,1926082966564
7736667059215,1926114837220
7736700348215,1926144568064
7736733636715,1926181522608
7736766928815,1926216970847
7736800216815,1926254698624
7736833506715,1926293130150
7736866807415,1926330025020
7736900083515,1926361340371
7736933374615,1926399189485
7736966668415,1926434588436
7736999951915,1926472618978
7737033242215,1926505805370
7737066539115,1926542201287
7737099819815,1926579360622
7737133110315,1926617360403
7737166401115,1926651982900
7737199699115,1926688670771
7737232978215,1926725538274
7737266266715,1926761372003
7737299557215,1926799648646
7737332845315,1926836216212
7737366135015,1926872448308
7737399425315,1926906775612
7737432715015,1926940503996
7737466003215,1926977442017
7737499296115,1927009530298
7737532583815,1927048853060
7737565870715,1927081127934
7737599167315,1927119022914
7737632449915,1927155470646
7737665763515,1927194424553
7737699034615,1927232805694
7737732317915,1927258296150
7737765608615,1927297263811
7737798905115,1927335441940
7737832186615,1927374309347
7737865476815,1927411053238
7737898771315,1927449150939
7737932054515,1927488833301
7737965344615,1927521937041
7737998636915,1927560095719
7738031923515,1927586799383
7738065212415,1927622186706
7738098501515,1927658026967
7738131792315,1927693883283
7738165081915,1927718253824
7738198369315,1927738991665
7738231661815,1927773465050
7738264950315,1927808153311
7738298237515,1927848165747
7738331533515,1927891039435
7738364816715,1927928329773
7738398106315,1927965743408
7738431402115,1928002886771
7738464684815,1928042263482
7738497975015,1928074090376
7738531290015,1928108970626
7738564552515,1928144541178
7738597843115,1928178643305
7738631133115,1928216122046
7738664420715,1928243063919
7738697711215,1928279572183
7738731000615,1928316639308
7738764290115,1928353675621
7738797578915,1928389623164
7738830867715,1928426185945
7738864158115,1928460508217
7738897446515,1928500079049
7738930735715,1928531867684
7738964027815,1928563125105
7738997348015,1928594235632
7739030603915,1928631938879
7739063900015,1928664656633
7739097185415,1928700506472
7739130473515,1928733202278
7739163768915,1928766396902
7739197052815,1928796669322
7739230342415,1928827620588
7739263636015,1928857143683
7739296918915,1928886445772
7739330209415,1928923051022
7739363498615,1928961060485
7739396786815,1928998200675
7739430077315,1929036126299
7739463367415,1929067210053
7739496657315,1929100351805
7739529945515,1929137058906
7739563233915,1929167962602
7739596525015,1929197901176
7739629812915,1929229214384
7739663102315,1929265888528
7739696393915,1929293482005
7739729681715,1929326547010
7739762970315,1929359376546
7739796266415,1929393842032
7739829551415,1929423868305
7739862860815,1929454228345
7739896137615,1929487377259
7739929418715,1929526392912
7739962724915,1929560754373
7739996001815,1929600368132
7740029285315,1929635296445
7740062576015,1929671074977
7740095864515,1929707640855
7740129153415,1929742337336
7740162444015,1929779336793
7740195734015,1929816866469
7740229021315,1929855151822
7740262312115,1929894642522
7740295600215,1929928673374
7740328890115,1929964871219
7740362178915,1930003831886
7740395468215,1930040485404
7740428760015,1930079142972
7740462049115,1930114371297
7740495336615,1930149868162
7740528632515,1930183329415
7740561917115,1930221367115
7740595204215,1930257942105
7740628501015,1930293285729
7740661790715,1930328409105
7740695073215,1930363282943
7740728369415,1930399073028
7740761651515,1930438930645
7740794942315,1930472376027
7740828231815,1930509178983
7740861519815,1930543647276
7740894810615,1930586986203
7740928099715,1930622567054
7740961387915,1930665676923
7740994678015,1930700471098
7741027968015,1930735936930
7741061257015,1930782080088
7741094546515,1930825130726
7741127834515,1930869638919
7741161126715,1930903917992
7741194413815,1930938488142
7741227702915,1930975590557
7741260999115,1931026195104
7741294312615,1931064128428
7741327570915,1931101104373
7741360867615,1931136743632
7741394150815,1931182389864
7741427442015,1931215104254
7741460736215,1931249228355
7741494019415,1931283565444
7741527308615,1931319539094
7741560597215,1931347392739
7741593886215,1931384916321
7741627176615,1931418941862
7741660465615,1931456803720
7741693754215,1931490834379
7741727045115,1931526035352
7741760334215,1931558466236
7741793624215,1931592010883
7741826912615,1931626275107
7741860201215,1931660638753
7741893494315,1931694614733
7741926780315,1931727912256
7741960069415,1931761022926
7741993365115,1931798563173
7742026649115,1931836154943
7742059937215,1931873086980
7742093234215,1931910073143
7742126517315,1931946992493
7742159805915,1931980452207
7742193102615,1932017039489
7742226384215,1932054583821
7742259674515,1932092726229
7742292963415,1932128266013
7742326252615,1932164727881
7742359542715,1932201077729
7742392832315,1932239013514
7742426120515,1932271757515
7742459411215,1932306207847
7742492701715,1932343184837
7742525989115,1932377789628
7742559278915,1932416670488
7742592567715,1932453684754
7742625883615,1932490089553
7742659146215,1932525354508
7742692435815,1932559814382
7742725731615,1932597352819
7742759016715,1932634611577
7742792303415,1932671641571
7742825599615,1932709323226
7742858883715,1932742534706
7742892171915,1932783482893
7742925468715,1932823729494
7742958759515,1932859622045
7742992040915,1932891677049
7743025330015,1932927853020
7743058618815,1932966580625
7743091909515,1933007912313
7743125199715,1933044472437
7743158486915,1933082120392
7743191777515,1933117963872
7743225067915,1933155213875
7743258354915,1933192967609
7743291645815,1933229838503
7743324937415,1933268406846
7743358225215,1933298129200
7743391513815,1933332022712
7743424802015,1933359473788
7743458098315,1933386776564
7743491391415,1933414099183
7743524670115,1933438944663
7743557966115,1933464965270
7743591249615,1933492800629
7743624538515,1933517286426
7743657835115,1933543051727
7743691126415,1933569443208
7743724406915,1933596041231
7743757697215,1933625909721
7743790985015,1933650732710
7743824275315,1933681810927
7743857563815,1933709748579
7743890853715,1933740922524
7743924143815,1933766479965
7743957461015,1933792250339
7743990721215,1933818823555
7744024012015,1933844406094
7744057301715,1933870068741
7744090592315,1933894035712
7744123879515,1933916853978
7744157168515,1933942033128
7744190466115,1933969157158
7744223747015,1933996450247
7744257036415,1934022426874
7744290332615,1934047995763
7744323615915,1934073216351
7744356904415,1934093435997
7744390201515,1934116279146
7744423486215,1934138180992
7744456774315,1934160431078
7744490063215,1934181994840
7744523351515,1934203456740
7744556642915,1934223285947
7744589930315,1934243982876
7744623219815,1934265212169
7744656510215,1934288287008
7744689800115,1934309946511
7744723088015,1934329160087
7744756378315,1934350289211
7744789668615,1934373671565
7744822980415,1934395676943
7744856258815,1934415652219
7744889534815,1934434950737
7744922831215,1934453704289
7744956113315,1934472517906
7744989403115,1934490581936
7745022698815,1934509624782
7745055982515,1934528404530
7745089270915,1934547199075
7745122567515,1934565891628
7745155851615,1934585219161
7745189138915,1934604758466
7745222433215,1934624892479
7745255717915,1934644267824
7745289065015,1934665998393
7745322296815,1934686910987
7745355585815,1934704591917
7745388876515,1934728114051
7745422165815,1934748045101
7745455453815,1934769926610
7745488744915,1934790618818
7745522034615,1934811037939
7745555322515,1934831979670
7745588612615,1934850490719
7745621901115,1934870946053
7745655197215,1934889504037
7745688480415,1934911468112
7745721769315,1934931375258
7745755065215,1934953532213
7745788349615,1934969234123
7745821637215,1934989745521
7745854933815,1935009773363
7745888219915,1935030380631
7745921505615,1935047912682
7745954795815,1935070754115
7745988112315,1935090929455
7746021373915,1935113033454
7746054664015,1935132986252
7746087952515,1935154561282
7746121242915,1935175636775
7746154558815,1935199111662
7746187820515,1935226161959
7746221111015,1935248828335
7746254414315,1935266274847
7746287688615,1935288375812
7746320979015,1935310014252
7746354268715,1935333036703
7746387564615,1935353665824
7746420846715,1935374176621
7746454135515,1935395427962
7746487432615,1935416769913
7746520714215,1935436998000
7746554003515,1935457015255
7746587300215,1935480477014
7746620620615,1935504421586
7746653871415,1935528352231
7746687165815,1935552666484
7746720452915,1935578365306
7746753752215,1935604705628
7746787030415,1935631149421
7746820318615,1935657364635
7746853610415,1935686289224
7746886897515,1935714474050
7746920187115,1935737933579
7746953477015,1935764325678
7746986766615,1935789354015
7747020054915,1935814780064
7747053345415,1935843006719
7747086635215,1935869125780
7747119931015,1935895227036
7747153213615,1935919361768
7747186502215,1935944537375
7747219799315,1935969547476
7747253080215,1935993964327
7747286370215,1936021589111
7747319666415,1936045732778
7747352951315,1936071877012
7747386237515,1936095473073
7747419535215,1936119069540
7747452819315,1936143287418
7747486106615,1936166758502
7747519398315,1936188941832
7747552685015,1936212600016
7747586000115,1936235734068
7747619264015,1936259538494
7747652553215,1936282219325
7747685843715,1936307570482
7747719133315,1936330519487
7747752421615,1936352530799
7747785711715,1936375884170
7747819002015,1936400109866
7747852296615,1936419870687
7747885583615,1936442120750
7747918868715,1936464525764
7747952164615,1936487272169
7747985447015,1936509171887
7748018736315,1936531240815
7748052032815,1936553960923
7748085317615,1936576678299
7748118604715,1936601429202
7748151898415,1936625208600
7748185185015,1936648032421
7748218472515,1936669689065
7748251763015,1936690056711
7748285069615,1936712882969
7748318341115,1936738813920
7748351631115,1936765202675
7748384919515,1936788043167
7748418210315,1936810726087
7748451498915,1936833155426
7748484787815,1936854856758
7748518078315,1936875581022
7748551367515,1936900636841
7748584663115,1936923956901
7748617946715,1936946860107
7748651235915,1936973398864
7748684531215,1936996339398
7748717814715,1937018758745
7748751102815,1937041056627
7748784399515,1937063782840
7748817681215,1937086177561
7748850970715,1937111851477
7748884264515,1937134553869
7748917585115,1937155469118
7748950839115,1937173281768
7748984129615,1937193640703
7749017419115,1937214757579
7749050708115,1937229917348
7749083997515,1937251321284
7749117286115,1937272008024
7749150581815,1937295639101
7749183864515,1937317940337
7749217154215,1937340207576
7749250444515,1937360741364
7749283733815,1937382406420
7749317027615,1937405303351
7749350312415,1937425392971
7749383602015,1937446307101
7749416899215,1937467298466
7749450180915,1937489688235
7749483469515,1937511702829
7749516767515,1937532991541
7749550047715,1937554547107
7749583337515,1937575415040
7749616633815,1937597524667
7749649916715,1937619564894
7749683205415,1937643255117
7749716495715,1937668557014
7749749785315,1937694233609
7749783081315,1937720239002
7749816363815,1937749029595
7749849652415,1937775847746
7749882942515,1937798756323
7749916231415,1937825394140
7749949520615,1937850989866
7749982810915,1937873165378
7750016099915,1937894224954
7750049393915,1937914012360
7750082679215,1937937416247
7750115969215,1937959221417
7750149262415,1937981746622
7750182547115,1938004234758
7750215835615,1938027960617
7750249154915,1938053045064
7750282414615,1938077122897
7750315703515,1938100333362
7750349000115,1938122530460
7750382284515,1938145172047
7750415571915,1938169228673
7750448862115,1938195358497
7750482151815,1938219547583
7750515439815,1938242970298
7750548730515,1938262985674
7750582042515,1938284622151
7750615308715,1938303582290
7750648598515,1938323101482
7750681887315,1938341858621
7750715177115,1938363647114
7750748467615,1938383537570
7750781760015,1938404164196
7750815045515,1938424545981
7750848335415,1938448402504
7750881628515,1938470790556
7750914913615,1938491219306
7750948202515,1938513430949
7750981498615,1938533891925
7751014782015,1938559578136
7751048070215,1938581044029
7751081366815,1938608734777
7751114661315,1938632698646
7751147938215,1938655395283
7751181228315,1938679045321
7751214519215,1938703529442
7751247806215,1938727099530
7751281096515,1938749193349
7751314408615,1938772491357
7751347675315,1938794997728
7751380965315,1938813448647
7751414253615,1938832258731
7751447543815,1938853263781
7751480831915,1938873021534
7751514126115,1938889467688
7751547411315,1938902566169
7751580725715,1938930973544
7751613994815,1938943665553
7751647280315,1938952998425
7751680572615,1938974759915
7751713865715,1938995129279
7751747148215,1939012164199
7751780436815,1939027201348
7751813733715,1939044025127
7751847016915,1939062749609
7751880304415,1939078142077
7751913594915,1939094567708
7751946884315,1939108909488
7751980172815,1939125738296
7752013462815,1939141772348
7752046752815,1939160749652
7752080042515,1939181637230
7752113330615,1939201990031
7752146619615,1939221440413
7752179911015,1939240828996
7752213198115,1939264835800
7752246492415,1939288731537
7752279778515,1939314908776
7752313068715,1939339008650
7752346361215,1939365266587
7752379646215,1939389466606
7752412937015,1939413464144
7752446250515,1939439441372
7752479514115,1939466475527
7752512803115,1939484719230
7752546100615,1939508396847
7752579383715,1939533030592
7752612671015,1939556908390
7752645961115,1939580910117
7752679250715,1939604322261
7752712539315,1939626431979
7752745829515,1939650763255
7752779119715,1939673687511
7752812406815,1939694141850
7752845697515,1939713248015
7752878986115,1939731146730
7752912309015,1939744341710
7752945565015,1939754705665
7752978858815,1939769070611
7753012144515,1939785368444
7753045434015,1939804797687
7753078727915,1939823046724
7753112012315,1939842715154
7753145303015,1939863335982
7753178596615,1939881713683
7753211880315,1939894884824
7753245169315,1939914561872
7753278465715,1939935065425
7753311749015,1939957350756
7753345037015,1939974693584
7753378327615,1939993027221
7753411617415,1940012812408
7753444905515,1940030366854
7753478195815,1940047320709
7753511485715,1940067649777
7753544773515,1940087828033
7753578086915,1940107451079
7753611381215,1940125302014
7753644642715,1940143067030
7753677932215,1940157908080
7753711224915,1940174377488
7753744510515,1940191483945
7753777821415,1940207540709
7753811094815,1940230445489
7753844379015,1940245333003
7753877684215,1940261655131
7753910962715,1940278626877
7753944247415,1940296141033
7753977536615,1940314260627
7754010832515,1940331878481
7754044115615,1940349409874
7754077403815,1940367832732
7754110694015,1940387725256
7754143982515,1940405681375
7754177271915,1940423832347
7754210562715,1940448632052
7754243887115,1940467317874
7754277139815,1940485913822
7754310430315,1940505062418
7754343731915,1940526356214
7754377009815,1940543034660
7754410298315,1940563133096
7754443591615,1940583943688
7754476878015,1940600206877
7754510165615,1940623129876
7754543460615,1940641149861
7754576747115,1940661806319
7754610034615,1940684038052
7754643329515,1940703152208
7754676613715,1940724320501
7754709903315,1940746110799
7754743199515,1940764667899
7754776481215,1940782464343
7754809770015,1940797085353
7754843061115,1940810570509
7754876349015,1940822182296
7754909638215,1940832724924
7754942928915,1940851148175
7754976217615,1940871669374
7755009506215,1940893034634
7755042796715,1940910845294
7755076087115,1940929028383
7755109374215,1940947710082
7755142664115,1940968231674
7755175958015,1940987518008
7755209271315,1941010292833
7755242531915,1941037990417
7755275827515,1941053985025
7755309111215,1941064517417
7755342401315,1941077742912
7755375695615,1941098703670
7755408980015,1941117773387
7755442270015,1941137153737
7755475580215,1941160473036
7755508847915,1941186038960
7755542136515,1941209539990
7755575426415,1941225826868
7755608715315,1941251916962
7755642004315,1941276374559
7755675295515,1941298207186
7755708585115,1941326937745
7755741872315,1941349058703
7755775162915,1941370217324
7755808453115,1941389884106
7755841740615,1941405087974
7755875030615,1941431939771
7755908352815,1941451615264
7755941609815,1941475104884
7755974899315,1941498742551
7756008193215,1941516117922
7756041478015,1941536681560
7756074767415,1941560377547
7756108061915,1941579942611
7756141347915,1941604039302
7756174635515,1941628298854
7756207929915,1941655545286
7756241214515,1941673997697
7756274504215,1941697827200
7756307793215,1941721475460
7756341082915,1941747691275
7756374370815,1941772909861
7756407661515,1941789955417
7756440949015,1941807136367
7756474238715,1941821979872
7756507529215,1941837547834
7756540839415,1941857774640
7756574106715,1941877291741
7756607397515,1941897775392
7756640719615,1941918387242
7756673976215,1941938637591
7756707265415,1941958986350
7756740560015,1941978969206
7756773845615,1941998944024
7756807132415,1942023259228
7756840427815,1942052070349
7756873712715,1942071025435
7756907001715,1942091932629
7756940296115,1942111827377
7756973580615,1942129810922
7757006869915,1942151691398
7757040160615,1942172856170
7757073449115,1942191932927
7757106736515,1942213937617
7757140028515,1942232624039
7757173315615,1942251194375
7757206605415,1942272031820
7757239895715,1942294726281
7757273184915,1942315554504
7757306473315,1942336638136
7757339763715,1942355010361
7757373061115,1942370071048
7757406345615,1942387428520
7757439631515,1942405473459
7757472925815,1942421580077
7757506210815,1942442218688
7757539499315,1942462456747
7757572794515,1942482588982
7757606079115,1942500080604
7757639368415,1942520996385
7757672662715,1942539714888
7757705947315,1942559740318
7757739237215,1942579263101
7757772524715,1942600623962
7757805815415,1942629788899
7757839103615,1942653581455
7757872420115,1942673293721
7757905682215,1942695257674
7757938971315,1942719396455
7757972262115,1942745105243
7758005552115,1942772255315
7758038839715,1942792849729
7758072130015,1942811423173
7758105423715,1942832842365
7758138708115,1942854913395
7758171997915,1942878288354
7758205322415,1942901495339
7758238577015,1942923593252
7758271866115,1942945429023
7758305161115,1942972217257
7758338445315,1942996403245
7758371735415,1943019501850
7758405029415,1943043783850
7758438313715,1943063879904
7758471603915,1943085187617
7758504890915,1943105844349
7758538181715,1943127446285
7758571469715,1943150340456
7758604760415,1943174496384
7758638049915,1943198366588
7758671337915,1943221704563
7758704628815,1943245343816
7758737935415,1943268727635
7758771205715,1943293587822
7758804496715,1943317236111
7758837790215,1943335939246
7758871074415,1943355956149
7758904366115,1943380722316
7758937688115,1943406517654
7758970943215,1943431665290
7759004232215,1943450569358
7759037527015,1943474099061
7759070811515,1943492657692
7759104100215,1943518061495
7759137395115,1943541358057
7759170679915,1943562766419
7759203994215,1943585670081
7759237256815,1943606330716
7759270548015,1943627073343
7759303837215,1943647919844
7759337126715,1943672457629
7759370416515,1943699822873
7759403704015,1943728406870
7759436996215,1943754233108
7759470283215,1943783068216
7759503572615,1943805109187
7759536863115,1943834483665
7759570155215,1943861948994
7759603440515,1943892593876
7759636731015,1943939117057
7759670034415,1943965262066
7759703310515,1943995167451
7759736599415,1944017857913
7759769893415,1944044613291
7759803178515,1944078116293
7759836466015,1944105332526
7759869761815,1944136799942
7759903046215,1944161699592
7759936336915,1944193570278
7759969623815,1944226095502
7760002914715,1944260061124
7760036208715,1944291746085
7760069520415,1944328709377
7760102782015,1944357479446
7760136070615,1944385829504
7760169373615,1944420677670
7760202649615,1944454436605
7760235938915,1944485812138
7760269229415,1944516415724
7760302523015,1944551264389
7760335806715,1944584850570
7760369097715,1944618682130
7760402393715,1944651581064
7760435675015,1944685769825
7760468965715,1944720409396
7760502260315,1944754582011
7760535577815,1944787754659
7760568832915,1944823381361
7760602128115,1944856951641
7760635412715,1944888475555
7760668701715,1944919138242
7760701990015,1944950025505
7760735280715,1944981055530
7760768571115,1945011877034
7760801858315,1945041156682
7760835148315,1945069718121
7760868437115,1945099191002
7760901727315,1945127343638
7760935017315,1945154314974
7760968305315,1945183633276
7761001596015,1945210028596
7761034889515,1945236494578
7761068173615,1945262614514
7761101463415,1945289624252
7761134760115,1945316543570
7761168041815,1945344752734
7761201331915,1945369901012
7761234656315,1945396009549
7761267910615,1945419174916
7761301200515,1945442297435
7761334495015,1945460806808
7761367778515,1945486355036
7761401089915,1945511024675
7761434356515,1945533821376
7761467647215,1945560221083
7761500953715,1945583898223
7761534225115,1945606516900
7761567516315,1945629824543
7761600804715,1945652453408
7761634094115,1945673818541
7761667382915,1945698504467
7761700671315,1945721111141
7761733962215,1945742157172
7761767253015,1945763976317
7761800539915,1945786481093
7761833830015,1945810693954
7761867160415,1945833640154
7761900407515,1945855295582
7761933698715,1945876893544
7761966994815,1945898770683
7762000278415,1945921437789
7762033566615,1945944611575
7762066861215,1945966803157
7762100145615,1945990123232
7762133433315,1946014271204
7762166723015,1946039411085
7762200013315,1946058844975
7762233302715,1946084173309
7762266591315,1946105623146
7762299881615,1946131885731
7762333171215,1946155668188
7762366460215,1946181533084
7762399750215,1946205670168
7762433038015,1946231849798
7762466328715,1946257743611
7762499619315,1946283930307
7762532906315,1946312249633
7762566196815,1946340238996
7762599492015,1946367045173
7762632774015,1946395072203
7762666064815,1946423293900
7762699361115,1946452909908
7762732642715,1946485840252
7762765933115,1946519999242
7762799227715,1946552092573
7762832541915,1946583818644
7762865800315,1946617195673
7762899088915,1946648326978
7762932379715,1946681145987
7762965668615,1946713141096
7762998957215,1946743031209
7763032247915,1946771637825
7763065537915,1946805490801
7763098825415,1946836427066
7763132116215,1946867870401
7763165404515,1946900257363
7763198694415,1946931450004
7763231986115,1946962876996
7763265272515,1946993675286
7763298562715,1947015551356
7763331860415,1947046499078
7763365140615,1947074942401
7763398431115,1947105675445
7763431728015,1947138505925
7763465011915,1947169214501
7763498298415,1947198871931
7763531594015,1947228807801
7763564879215,1947258363385
7763598167315,1947286953120
7763631455615,1947315267197
7763664746215,1947343583629
7763698035515,1947374254905
7763731323515,1947405682260
7763764614115,1947433744689
7763797903715,1947461948130
7763831191815,1947489540007
7763864482715,1947514756023
7763897771815,1947542792840
7763931060915,1947570225312
7763964353215,1947597322880
7763997638815,1947623646437
7764030929215,1947654815980
7764064223415,1947684699092
7764097506815,1947710772266
7764130797515,1947736723532
7764164120915,1947763847309
7764197374915,1947791471242
7764230665615,1947823933080
7764263992015,1947852504078
7764297245215,1947882859686
7764330534215,1947912703766
7764363822115,1947942918723
7764397112915,1947971831724
7764430400915,1948001119703
7764463690115,1948023028877
7764496980615,1948054653359
7764530269215,1948084397310
7764563558115,1948112906179
7764596848515,1948136768094
7764630137515,1948163394240
7764663427915,1948190400184
7764696719515,1948217101102
7764730005315,1948245214138
7764763296615,1948274257162
7764796589415,1948304961826
7764829873515,1948331873642
7764863163915,1948359597576
7764896458715,1948381767297
7764929741615,1948406878690
7764963031715,1948434610893
7764996328215,1948459067463
7765029613515,1948482585439
7765062900215,1948503678771
7765096188515,1948522361890
7765129486015,1948545942221
7765162767315,1948570624922
7765196056615,1948593714270
7765229347115,1948616146419
7765262635715,1948637557269
7765295924715,1948660738363
7765329215015,1948685684987
7765362521315,1948706852195
7765395792615,1948734262000
7765429085515,1948760551872
7765462371515,1948783385612
7765495703315,1948809220552
7765528956215,1948834790929
7765562239515,1948857338709
7765595529815,1948884004376
7765628827315,1948906500771
7765662107815,1948939705999
7765695397815,1948970611737
7765728694015,1948993474117
7765761976315,1949014905508
7765795265815,1949038887215
7765828556015,1949063455163
7765861845115,1949089140105
7765895134015,1949115457863
7765928422715,1949135213873
7765961713215,1949157350544
7765995003515,1949176326504
7766028291015,1949201223057
7766061581215,1949223951713
7766094871615,1949249624946
7766128158715,1949268787341
7766161451615,1949292859832
7766194738115,1949318119687
7766228028215,1949332573734
7766261323515,1949361089453
7766294606015,1949385685561
7766327896515,1949406528551
7766361201515,1949430920981
7766394474115,1949449495430
7766427764615,1949469561893
7766461060715,1949495227521
7766494343615,1949512794043
7766527632115,1949544412904
7766560922515,1949572599485
7766594211315,1949597605284
7766627501315,1949620002654
7766660789515,1949646072747
7766694079715,1949667307134
7766727367715,1949686426592
7766760657215,1949705661894
7766793948015,1949729623243
7766827264415,1949748827691
7766860525315,1949773443835
7766893833015,1949795034868
7766927105415,1949813950372
7766960394315,1949831320871
7766993689515,1949849436206
7767026972415,1949870734296
7767060264215,1949895080494
7767093557115,1949912736056
7767126840215,1949930621295
7767160131215,1949951724425
7767193426415,1949972692692
7767226708915,1949993852293
7767259999215,1950014899620
7767293288615,1950038115442
7767326578315,1950058737444
7767359866915,1950084477393
7767393155615,1950105338767
7767426446715,1950125040217
7767459734215,1950146626951
7767493023815,1950171405266
7767526314015,1950194951430
7767559604715,1950213706195
7767592891715,1950244099963
7767626184015,1950271071982
7767659472715,1950301062879
7767692779515,1950332940341
7767726055815,1950361313737
7767759339115,1950384096656
7767792640215,1950404325614
7767825923415,1950434500830
7767859206915,1950460537981
7767892497815,1950490225844
7767925793215,1950518131048
7767959075115,1950551055456
7767992365515,1950579694956
7768025659815,1950610859936
7768058943015,1950642602412
7768092233615,1950673491618
7768125521715,1950705516502
7768158861815,1950731825482
7768192100715,1950763313833
7768225390015,1950799547548
7768258680215,1950821614052
7768291969915,1950854343752
7768325258315,1950884428123
7768358550515,1950917249301
7768391838815,1950948723135
7768425126115,1950980774995
7768458422615,1951015619955
7768491705415,1951051475052
7768524995215,1951085550861
7768558290515,1951122983979
7768591573215,1951158900174
7768624863915,1951196682137
7768658160315,1951235542192
7768691441315,1951274911539
7768724732115,1951312451110
7768758022115,1951346300511
7768791312615,1951384180200
7768824600115,1951421530448
7768857888715,1951457673154
7768891178715,1951495218256
7768924468515,1951531719254
7768957756515,1951568837024
7768991047015,1951605740122
7769024357815,1951641432260
7769057624415,1951677228944
7769090916815,1951715287761
7769124217215,1951751681350
7769157492315,1951784637951
7769190788915,1951808959565
7769224072615,1951843562410
7769257362115,1951880470457
7769290656615,1951909802372
7769323940015,1951943683134
7769357230115,1951965469525
7769390525015,1951991832588
7769423807815,1952027356288
7769457098415,1952052808581
7769490428615,1952087957721
7769523675715,1952114658263
7769556969615,1952141537349
7769590257015,1952173563040
7769623545415,1952199068790
7769656834515,1952234814081
7769690122915,1952264958300
7769723414015,1952294169070
7769756701515,1952325796443
7769789990915,1952365061119
7769823282615,1952402814814
7769856570615,1952438790618
7769889859015,1952467994570
7769923154615,1952498956751
7769956438915,1952534201422
7769989728815,1952570253704
7770023023515,1952604536897
7770056305915,1952624455144
7770089596515,1952657803661
7770122891315,1952691391847
7770156174315,1952727999066
7770189464715,1952757456162
7770222754115,1952789467741
7770256042415,1952821569166
7770289332415,1952849875293
7770322623015,1952876356864
7770355933115,1952900031198
7770389200415,1952926621896
7770422489315,1952957744631
7770455798415,1952983945307
7770489068315,1953007698570
7770522357515,1953030494529
7770555649115,1953055079265
7770588937115,1953075211196
7770622225415,1953103975613
7770655521415,1953127745196
7770688806415,1953154082486
7770722093515,1953179615513
7770755389415,1953205634953
7770788674115,1953226801316
7770821996115,1953249561360
7770855257115,1953277100076
7770888540615,1953303562396
7770921831315,1953331412677
7770955120415,1953354693429
7770988408415,1953380044895
7771021699415,1953406506216
7771054989715,1953436092850
7771088278115,1953460371133
7771121567315,1953488257741
7771154855615,1953508716026
7771188145815,1953532943025
7771221436115,1953557575142
7771254724015,1953583269859
7771288015215,1953606914313
7771321304015,1953629791007
7771354591815,1953646828633
7771387887715,1953667503081
7771421172115,1953686779717
7771454463315,1953709985593
7771487756015,1953733626828
7771521040115,1953750494149
7771554328915,1953772656117
7771587624915,1953794853701
7771620907115,1953814578476
7771654197415,1953830746600
7771687485915,1953852717071
7771720775215,1953876410400
7771754065715,1953897826693
7771787382215,1953914121693
7771820643215,1953947753741
7771853933415,1953968571779
7771887223515,1953985019258
7771920512315,1954001667019
7771953801615,1954019695619
7771987090515,1954038210586
7772020381915,1954058115945
7772053668915,1954077706634
7772086958715,1954104750450
7772120254315,1954127816813
7772153537715,1954149863246
7772186825715,1954178628573
7772220122115,1954207098783
7772253406015,1954233986803
7772286696515,1954259483969
7772319990815,1954287894372
7772353273515,1954317792827
7772386564615,1954342059572
7772419852015,1954361871395
7772453141215,1954389184569
7772486431715,1954410607395
7772519721215,1954436861744
7772553009715,1954462829087
7772586299715,1954485294895
7772619589615,1954510579054
7772652880715,1954535763350
7772686168115,1954557412610
7772719456215,1954577759884
7772752748615,1954601244900
7772786035215,1954621704230
7772819324515,1954640541004
7772852620815,1954658605149
7772885904015,1954677062470
7772919192615,1954697701104
7772952488515,1954724025849
7772985776515,1954744826562
7773019060715,1954770076405
7773052358315,1954789736620
7773085639615,1954811703106
7773118963215,1954831749321
7773152218215,1954857549265
7773185507815,1954877630511
7773218798015,1954896680191
7773252088615,1954921204090
7773285376215,1954942280718
7773318666415,1954963363074
7773351955615,1954983222428
7773385244215,1955002650836
7773418534315,1955016130382
7773451823715,1955033695728
7773485113515,1955048994642
7773518402415,1955063182596
7773551690715,1955080795424
7773584987315,1955096396906
7773618271215,1955116176805
7773651558815,1955134381806
7773684855615,1955152393786
7773718139515,1955169368341
7773751427115,1955188875851
7773784723815,1955210758276
7773818013515,1955229463341
7773851296115,1955250362453
7773884589715,1955270642050
7773917874115,1955285153571
7773951164515,1955301176311
7773984456615,1955310295388
7774017741915,1955322719129
7774051032815,1955332337349
7774084321915,1955340861727
7774117610315,1955356550435
7774150900515,1955371043329
7774184189915,1955386026664
7774217481115,1955399815321
7774250768715,1955414181307
7774284057015,1955428106494
7774317354315,1955445809627
7774350636415,1955464271156
7774383925415,1955482778172
7774417221615,1955500575205
7774450527215,1955516794103
7774483793215,1955534356791
7774517090515,1955553736629
7774550373415,1955573864856
7774583662815,1955595630764
7774616959015,1955618672240
7774650240515,1955645301966
7774683531415,1955668233297
7774716819715,1955694488419
7774750108515,1955715313574
7774783399215,1955741762269
7774816688015,1955760678778
7774849976715,1955784617668
7774883280615,1955807232910
7774916556515,1955832778413
7774949847915,1955859224175
7774983135215,1955877863962
7775016423815,1955907458149
7775049721515,1955932357353
7775083003215,1955963315354
7775116291515,1955993382457
7775149588115,1956013681256
7775182872715,1956041938650
7775216160015,1956081025676
7775249456815,1956116748266
7775282741215,1956150152257
7775316039215,1956184226938
7775349326415,1956219738050
7775382619515,1956255208932
7775415898115,1956291901528
7775449185215,1956328764112
7775482475215,1956365113292
7775515765515,1956402654648
7775549054815,1956439426832
7775582343815,1956471318694
7775615633515,1956502067354
7775648943515,1956538072011
7775682210915,1956573880047
7775715501715,1956610749300
7775748790115,1956642344047
7775782114915,1956679358348
7775815369015,1956713550040
7775848658015,1956745616933
7775881954215,1956779716399
7775915237715,1956815766438
7775948526315,1956851398326
7775981822915,1956886130531
7776015107015,1956919719211
7776048394115,1956955914447
7776081688315,1956992557342
7776114973515,1957027191637
7776148263715,1957060656379
7776181552615,1957097625758
7776214841115,1957127925638
7776248131615,1957164816747
7776281421715,1957197058394
7776314709215,1957236656567
7776348000215,1957270270009
7776381290415,1957305745616
7776414580315,1957338413687
7776447868015,1957357805781
7776481156315,1957394122031
7776514452215,1957429010732
7776547736115,1957469281954
7776581024415,1957504104781
7776614320815,1957538994938
7776647620815,1957575328102
7776680892815,1957612230466
7776714189615,1957647665970
7776747482115,1957685041842
7776780760415,1957721467035
7776814054415,1957759843200
7776847353215,1957799558534
7776880630115,1957840036523
7776913919315,1957878225793
7776947207415,1957915524335
7776980498515,1957951345275
7777013786715,1957990444412
7777047075615,1958026558952
7777080366515,1958062021807
7777113692215,1958097712464
7777146943415,1958134633431
7777180234315,1958160943658
7777213524815,1958198250717
7777246819815,1958236519369
7777280102415,1958271764004
7777313391015,1958294747324
7777346688715,1958329653495
7777379969815,1958360590811
7777413259515,1958396872992
7777446555615,1958419712295
7777479840515,1958453657246
7777513127315,1958477208018
7777546427215,1958515879384
7777579707015,1958551725461
7777612996815,1958591255645
7777646285815,1958630664784
7777679574215,1958666188105
7777712865415,1958702796410
7777746152415,1958743020932
7777779442315,1958783811529
7777812732515,1958824521082
7777846021615,1958866381008
7777879310215,1958906007717
7777912601115,1958945985355
7777945890715,1958981248343
7777979206615,1959021226990
7778012469215,1959059902109
7778045757015,1959099399838
7778079058515,1959137444663
7778112336015,1959176613437
7778145625315,1959216184777
7778178921915,1959253697099
7778212205115,1959291828377
7778245493515,1959319989974
7778278790615,1959355771031
7778312075615,1959393677425
7778345361715,1959431550883
7778378652315,1959467204935
7778411940115,1959502857989
7778445285015,1959538646223
7778478519215,1959574278897
7778511808515,1959611223874
7778545099115,1959646306650
7778578388715,1959682679698
7778611676915,1959720429423
7778644967715,1959757862380
7778678257315,1959796694388
7778711550315,1959835557677
7778744835515,1959872399410
7778778124015,1959912090080
7778811419515,1959948952368
7778844703315,1959987848448
7778877991715,1960028258350
7778911288515,1960066755788
7778944572515,1960101751693
7778977859915,1960136722282
7779011156515,1960177340711
7779044439815,1960214179496
7779077727915,1960252619725
7779111018315,1960288557212
7779144308415,1960321139189
7779177597715,1960355878989
7779210887015,1960386217413
7779244175315,1960421843362
7779277465415,1960458608398
7779310782715,1960490723658
7779344043215,1960525287493
7779377333615,1960561160869
7779410639215,1960597153226
7779443919715,1960630190332
7779477201815,1960664721916
7779510491415,1960693816933
7779543787115,1960727855930
7779577070315,1960762952571
7779610358115,1960798184332
7779643655115,1960834203161
7779676936515,1960863561785
7779710226115,1960896603695
7779743522615,1960922363585
7779776805815,1960953331260
7779810094215,1960987986215
7779843384915,1961020704152
7779876674615,1961048361414
7779909964215,1961080921631
7779943253015,1961115251803
7779976541015,1961145560328
7780009832715,1961173710946
7780043119815,1961204213883
7780076409815,1961239236925
7780109700015,1961276336794
7780142989015,1961306285459
7780176282315,1961344154380
7780209568415,1961378619210
7780242857315,1961411826463
7780276154915,1961447037319
7780309436015,1961478565369
7780342724115,1961501427133
7780376021715,1961534332353
7780409302515,1961567330161
7780442592815,1961596669866
7780475889315,1961628623013
7780509172015,1961659702427
7780542460415,1961690945722
7780575751415,1961724036624
7780609041715,1961757821500
7780642329315,1961790960233
7780675619115,1961821430098
7780708907415,1961849581549
7780742222215,1961881330123
7780775486615,1961912865008
7780808776315,1961941169780
7780842066315,1961972746140
7780875356515,1962004363896
7780908648515,1962035538190
7780941934815,1962066629442
7780975224215,1962097424099
7781008518315,1962120544481
7781041802615,1962150739577
7781075091915,1962181904567
7781108387615,1962210975991
7781141669715,1962238021348
7781174959015,1962270322005
7781208256015,1962299828435
7781241541415,1962329983897
7781274827115,1962361065759
7781308118015,1962390109637
7781341411415,1962418195613
7781374694615,1962450295444
7781407985615,1962477467968
7781441296615,1962503632310
7781474564215,1962530596081
7781507854015,1962558451826
7781541142315,1962584443190
7781574432815,1962609682193
7781607722215,1962636015291
7781641014915,1962660620159
7781674300715,1962688537613
7781707590415,1962714464364
7781740884315,1962738630576
7781774168715,1962756346947
7781807458115,1962781489998
7781840754215,1962806756102
7781874037315,1962830951610
7781907325615,1962855679355
7781940622115,1962879953607
7781973905515,1962904595179
7782007193715,1962930234488
7782040484415,1962957851213
7782073810315,1962986046458
7782107061115,1963012424487
7782140351715,1963034137509
7782173663015,1963064216623
7782206930615,1963094152429
7782240220115,1963125340151
7782273509015,1963156258418
7782306801915,1963189396502
7782340087115,1963222921097
7782373380715,1963256020937
7782406667215,1963289761888
7782439955915,1963320750117
7782473250315,1963353745492
7782506535315,1963382868047
7782539824515,1963413411793
7782573121715,1963440419863
7782606403715,1963469207338
7782639691515,1963496138207
7782672990315,1963524959023
7782706271815,1963551701266
7782739559615,1963570710940
7782772850115,1963597482303
7782806140715,1963622373710
7782839428515,1963647019702
7782872722215,1963679949993
7782906009115,1963710428603
7782939296915,1963733477329
7782972586215,1963761471621
7783005874715,1963788636376
7783039165515,1963815771364
7783072453215,1963843634489
7783105747115,1963871663404
7783139033315,1963899825355
7783172322615,1963932175671
7783205616615,1963962389776
7783238905215,1963995346947
7783272191815,1964028616084
7783305485815,1964060521647
7783338770315,1964091946516
7783372058515,1964125377855
7783405387215,1964161981151
7783438638615,1964199009386
7783471926215,1964238972439
7783505216815,1964277629266
7783538505815,1964317101881
7783571794715,1964357642498
7783605084815,1964394098725
7783638374615,1964432135717
7783671662315,1964462750300
7783704952715,1964500800131
7783738241415,1964527599671
7783771531315,1964564913626
7783804820515,1964601333571
7783838113415,1964638423130
7783871399715,1964677793856
7783904690115,1964714428688
7783937985115,1964748352807
7783971268015,1964778114852
7784004558415,1964809350421
7784037851715,1964843828541
7784071136315,1964879068606
7784104424515,1964914785284
7784137721415,1964943534664
7784171004415,1964973243879
7784204292615,1965007489424
7784237583215,1965046622963
7784270880815,1965077550909
7784304160615,1965110572523
7784337450915,1965144941666
7784370740115,1965179985812
7784404028815,1965214124965
7784437318715,1965250370638
7784470636215,1965272818128
7784503898215,1965303543053
7784537187015,1965331227993
7784570479815,1965356830530
7784603766315,1965384748081
7784637054415,1965417025068
7784670350415,1965450203343
7784703634315,1965482488950
7784736944515,1965511402810
7784770217715,1965542807301
7784803503015,1965579013267
7784836793315,1965615881325
7784870088115,1965652071528
7784903370715,1965687144827
7784936659115,1965718833863
7784969950715,1965743824882
7785003238115,1965764930066
7785036527315,1965784831574
7785069817515,1965800722038
7785103106615,1965819172476
7785136399015,1965841153899
7785169685715,1965872257703
7785202975015,1965910876095
7785236265115,1965946652789
7785269553815,1965981209189
7785302845915,1966018405853
7785336133615,1966048726990
7785369420815,1966075858831
7785402716415,1966104142321
7785436000715,1966114668861
7785469289915,1966132704900
7785502584515,1966153713170
7785535868615,1966165751282
7785569158615,1966178898277
7785602469115,1966202205269
7785635736915,1966226880744
7785669025215,1966247373084
7785702316215,1966267621624
7785735604415,1966289882230
7785768893815,1966310094604
7785802184015,1966334840718
7785835473015,1966357333640
7785868761415,1966382232395
7785902057515,1966403792327
7785935342015,1966425723564
7785968629715,1966448026733
7786001919815,1966471792172
7786035212415,1966497081733
7786068548415,1966522425743
7786101787315,1966547989174
7786135082415,1966573656234
7786168367215,1966599845496
7786201656515,1966624081350
7786234950515,1966647931963
7786268236515,1966671386323
7786301525815,1966695427005
7786334819415,1966718710399
7786368103415,1966741371897
7786401391715,1966763971457
7786434682215,1966786301023
7786467971915,1966808593333
7786501259615,1966831160919
7786534550115,1966854577493
7786567839715,1966877710045
7786601127615,1966901660716
7786634418815,1966924976806
7786667707915,1966948024701
7786700996015,1966971483632
7786734286615,1966995780536
7786767580015,1967023302827
7786800865015,1967048232717
7786834154115,1967072896635
7786867448815,1967099844272
7786900733415,1967125620258
7786934044015,1967150615855
7786967317015,1967176514139
7787000601715,1967204134146
7787033904915,1967220359888
7787067185615,1967241152526
7787100469815,1967253329312
7787133758915,1967264882855
7787167048015,1967280369720
7787200338015,1967296423675
7787233626115,1967319279324
7787266916715,1967340436032
7787300204915,1967356993997
7787333494815,1967375154259
7787366784515,1967390971560
7787400127415,1967409024811
7787433362115,1967426832949
7787466653315,1967440969172
7787499946215,1967460802770
7787533231915,1967481749621
7787566520915,1967503654111
7787599814715,1967525554193
7787633101015,1967548210613
7787666388115,1967573764890
7787699683315,1967595971959
7787732968215,1967616104412
7787766257415,1967638419870
7787799552315,1967659513344
7787832836015,1967681709724
7787866125615,1967704652623
7787899415515,1967728115900
7787932704315,1967749798146
7787965992115,1967769267234
7787999283715,1967791513826
7788032571015,1967814997286
7788065860915,1967838057432
7788099151015,1967861720965
7788132440015,1967884614624
7788165728715,1967908373817
7788199019315,1967931861280
7788232313415,1967955746765
7788265619115,1967980118867
7788298886915,1968006074015
7788332182315,1968030452943
7788365485715,1968056255553
7788398754215,1968080879231
7788432049615,1968103319762
7788465334415,1968128311595
7788498624615,1968154567784
7788531918315,1968181292735
7788565202615,1968212213342
7788598492315,1968238744288
7788631780215,1968262981022
7788665070615,1968286988880
7788698359415,1968312734087
7788731649515,1968338637378
7788764937915,1968363016359
7788798227215,1968386746138
7788831517715,1968409280999
7788864807815,1968429581180
7788898095115,1968451210584
7788931388815,1968474472985
7788964680315,1968496669480
7788997962915,1968519823134
7789031254015,1968543189956
7789064548215,1968571205416
7789097832315,1968596926731
7789131121915,1968620969634
7789164416215,1968645598818
7789197700515,1968671461812
7789230990515,1968693561906
7789264284615,1968715855860
7789297569015,1968738308910
7789330860015,1968766180095
7789364146615,1968790654976
7789397437515,1968814535370
7789430726515,1968839115498
7789464015315,1968863575521
7789497305315,1968888607598
7789530593515,1968914315400
7789563883415,1968940356041
7789597172215,1968965607811
7789630461315,1968988798054
7789663751915,1969013997054
7789697070115,1969038905023
7789730329615,1969062787316
7789763620115,1969088230770
7789796943815,1969113445019
7789830198715,1969138882935
7789863488315,1969164937706
7789896782215,1969193893357
7789930069415,1969221022191
7789963355115,1969246341668
7789996650715,1969271195312
7790029935515,1969293721910
7790063224415,1969315871609
7790096512515,1969337781729
7790129803415,1969361092990
7790163093015,1969384768170
7790196382915,1969408917960
7790229671315,1969435053612
7790262959515,1969461969133
7790296251215,1969487772859
7790329538315,1969512975152
7790362827815,1969538924202
7790396118315,1969562850675
7790429411415,1969586020991
7790462696215,1969609294727
7790495986415,1969632643802
7790529283315,1969657644899
7790562565115,1969689987229
7790595854715,1969717550267
7790629149315,1969747155971
7790662433515,1969775273593
7790695721615,1969802540744
7790729017515,1969830100519
7790762301515,1969858598566
7790795590915,1969885217549
7790828882215,1969912913669
7790862170415,1969939564028
7790895460215,1969965547672
7790928747515,1969991558150
7790962037815,1970020632888
7790995326315,1970050659112
7791028649415,1970080412198
7791061904915,1970106809610
7791095194115,1970132875384
7791128484615,1970160447608
7791161777815,1970187131083
7791195062515,1970212323585
7791228354215,1970242449568
7791261650115,1970271185443
7791294930515,1970297757379
7791328221015,1970324045680
7791361515315,1970350656449
7791394799315,1970376945797
7791428088415,1970405744081
7791461383615,1970432194410
7791494668115,1970458381942
7791527958215,1970484355449
7791561245715,1970508821475
7791594544215,1970536054965
7791627826615,1970563565837
7791661114115,1970588943738
7791694403915,1970616066194
7791727692715,1970642904380
7791760982715,1970670259595
7791794272215,1970696672916
7791827560515,1970722268948
7791860851215,1970749248045
7791894147915,1970780482380
7791927429015,1970810072071
7791960719215,1970835503567
7791994015115,1970861753050
7792027297015,1970889363722
7792060587215,1970910571490
7792093911515,1970941091239
7792127165915,1970969671925
7792160455015,1970994433034
7792193749715,1971021232100
7792227034515,1971047707746
7792260322415,1971072829828
7792293611815,1971100732886
7792326902415,1971128049759
7792360212415,1971155920005
7792393479815,1971184508608
7792426770815,1971214241922
7792460060115,1971243573254
7792493349315,1971273458856
7792526638815,1971303693192
7792559927615,1971336835051
7792593218615,1971377126392
7792626508115,1971402595404
7792659795215,1971432449696
7792693086015,1971459945375
7792726383515,1971488750045
7792759663915,1971520680161
7792792953715,1971554077399
7792826249315,1971586321779
7792859533315,1971617463503
7792892821815,1971647877246
7792926116415,1971678743461
7792959401815,1971711191099
7792992688715,1971742433894
7793025978415,1971773105624
7793059269015,1971803274227
7793092558315,1971834783294
7793125846615,1971865395043
7793159137115,1971895899396
7793192427615,1971934487392
7793225723915,1971965962635
7793259004715,1972001895499
7793292293815,1972034556078
7793325583815,1972069353737
7793358874115,1972100239973
7793392161615,1972131391924
7793425452115,1972165467157
7793458747715,1972200617055
7793492029715,1972231728155
7793525319815,1972262669752
7793558616815,1972291995790
7793591898515,1972320279638
7793625188315,1972348945899
7793658482815,1972376974496
7793691796115,1972409980891
7793725055515,1972438531465
7793758345015,1972467627765
7793791635315,1972497330409
7793824924915,1972525745895
7793858214115,1972559231501
7793891503515,1972591867553
7793924793615,1972623496276
7793958081015,1972651309287
7793991371415,1972689050038
7794024659615,1972725367141
7794057950415,1972762287269
7794091240615,1972790869649
7794124528115,1972828502789
7794157818215,1972868295976
7794191114815,1972901085679
7794224396515,1972934455707
7794257686615,1972967293873
7794290982715,1972999407984
7794324264315,1973032561792
7794357554615,1973064424803
7794390850815,1973097583006
7794424135015,1973130220271
7794457423115,1973163504016
7794490711315,1973199130119
7794524001415,1973236802899
7794557305315,1973262026308
7794590579315,1973296308039
7794623870115,1973329074070
7794657163715,1973362654674
7794690447615,1973397534540
7794723737615,1973432071476
7794757027015,1973466964180
7794790316615,1973499047329
7794823608015,1973528616636
7794856894215,1973559462911
7794890184915,1973589247519
7794923479115,1973618063476
7794956762415,1973649898560
7794990052915,1973679430845
7795023397915,1973707602783
7795056630615,1973734154305
7795089920315,1973760557080
7795123217215,1973786575757
7795156501815,1973812834410
7795189789415,1973837938097
7795223077215,1973861969014
7795256368815,1973891642489
7795289656915,1973916936784
7795322945615,1973942176383
7795356235915,1973961662595
7795389528815,1973981183894
7795422814315,1974005118277
7795456104215,1974028141344
7795489393515,1974050417606
7795522683515,1974070278133
7795555974115,1974090989696
7795589260615,1974109608651
7795622551815,1974130283829
7795655844615,1974151219866
7795689129315,1974172373162
7795722419115,1974194487032
7795755714615,1974217955203
7795788996815,1974237100636
7795822288115,1974255266185
7795855585015,1974277353899
7795888887615,1974295373259
7795922155215,1974317788800
7795955444315,1974336531585
7795988741215,1974360400894
7796022022915,1974383440574
7796055311915,1974401362638
7796088602415,1974424489656
7796121892815,1974449984968
7796155200715,1974473212955
7796188470215,1974496740061
7796221760815,1974520329297
7796255048915,1974545069530
7796288340015,1974569908363
7796321627215,1974595563614
7796354974515,1974622673521
7796388211815,1974649077724
7796421495315,1974675113745
7796454785415,1974700057092
7796488081815,1974725090440
7796521363415,1974751213262
7796554654115,1974777284034
7796587950315,1974801899076
7796621231615,1974823389414
7796654521615,1974845203141
7796687810215,1974868245321
7796721100615,1974890751596
7796754389715,1974910610492
7796787678215,1974933379622
7796820968815,1974952170448
7796854259215,1974968133233
7796887546415,1974990572429
7796920837315,1975011493999
7796954126815,1975038960757
7796987414715,1975065236273
7797020706515,1975091603764
7797053993315,1975118499950
7797087283715,1975149732279
7797120579215,1975184814393
7797153861715,1975218320561
7797187152315,1975254306825
7797220468415,1975287417355
7797253730015,1975321701044
7797287024015,1975352445195
7797320323115,1975387563400
7797353598315,1975417472232
7797386887915,1975446139884
7797420177815,1975473371870
7797453466915,1975499694664
7797486756015,1975523908352
7797520045115,1975546957789
7797553335215,1975571861285
7797586623915,1975594251938
7797619913015,1975614858579
7797653203815,1975637486150
7797686523615,1975658807855
7797719780415,1975682170953
7797753072415,1975707631933
7797786361415,1975733207413
7797819651215,1975759210567
7797852945415,1975785754267
7797886228015,1975815235264
7797919519715,1975846323823
7797952812915,1975884262999
7797986096515,1975917279103
7798019386215,1975954343316
7798052683315,1975989249787
7798085964115,1976021076125
7798119255115,1976061146470
7798152548515,1976091470771
7798185833615,1976128754013
7798219123015,1976171206111
7798252411415,1976208193261
7798285702115,1976244579292
7798318990215,1976284221387
7798352279415,1976321544780
7798385569915,1976359661986
7798418858715,1976385950248
7798452147715,1976420373448
7798485438715,1976457677461
7798518728415,1976487682286
7798552038215,1976515155118
7798585311715,1976550995142
7798618594715,1976588854418
7798651904315,1976617065450
7798685178515,1976654776335
7798718462815,1976692078536
7798751753015,1976726468388
7798785049215,1976764878649
7798818330515,1976802064746
7798851621415,1976840107789
7798884918715,1976874692732
7798918198815,1976904472467
7798951488815,1976933398542
7798984777815,1976965946607
7799018067215,1976999251835
7799051356515,1977034500698
7799084645915,1977073040665
7799117936415,1977107471563
7799151226815,1977137442005
7799184517515,1977169879662
7799217805215,1977204796020
7799251095015,1977245601361
7799284381715,1977272956288
7799317678215,1977308299238
7799350960615,1977343533091
7799384251115,1977379029279
7799417546815,1977408969518
7799450937515,1977439533561
7799484119215,1977476117041
7799517415615,1977511770677
7799550697315,1977547517976
7799583987815,1977581497213
7799617277215,1977615294096
7799650565715,1977649327259
7799683855615,1977679137240
7799717145115,1977716323964
7799750434215,1977748440953
7799783723615,1977780065657
7799817012515,1977814516742
7799850302615,1977847605975
7799883590815,1977880997413
7799916880615,1977918903907
7799950173615,1977951803221
7799983486015,1977986555839
7800016748215,1978022091420
7800050044615,1978054388991
7800083328415,1978086947202
7800116617715,1978122464379
7800149912415,1978155767052
7800183195315,1978187012988
7800216486015,1978223771317
7800249780515,1978265517540
7800283063315,1978302776269
7800316353615,1978337803124
7800349642415,1978371805301
7800382931515,1978406979987
7800416222015,1978440455682
7800449511915,1978473805333
7800482801015,1978508106110
7800516089715,1978543989108
7800549378615,1978582794650
7800582669415,1978615941395
7800615957115,1978644538728
7800649246615,1978683262313
7800682537715,1978719538222
7800715826015,1978763351024
7800749114615,1978795715550
7800782410915,1978831495139
7800815695015,1978863185606
7800848983615,1978895545901
7800882278615,1978928858928
7800915561715,1978959498967
7800948852315,1978990452227
7800982146715,1979019060272
7801015430115,1979047177006
7801048720615,1979075998819
7801082036515,1979105187961
7801115297715,1979134909854
7801148588915,1979165099454
7801181878815,1979194330291
7801215166015,1979222732934
7801248456215,1979260446395
7801281745315,1979300645058
7801315072415,1979337255680
7801348323615,1979368426129
7801381613515,1979408970919
7801414903715,1979442457343
7801448192415,1979475445352
7801481480915,1979514172019
7801514777015,1979545073632
7801548061915,1979575452138
7801581349115,1979611273118
7801614645715,1979643452241
7801647928015,1979675914792
7801681218115,1979708889745
7801714513315,1979742731861
7801747796415,1979776138589
7801781086615,1979812792169
7801814383615,1979853450032
7801847664615,1979888721860
7801880954915,1979914405047
7801914244015,1979946837725
7801947532715,1979975336042
7801980823015,1980006943991
7802014112715,1980039058546
7802047401315,1980071314745
7802080691615,1980106487527
7802113979515,1980141752172
7802147269815,1980177636129
7802180559115,1980214900193
7802213847615,1980251168813
7802247143615,1980285098919
7802280427115,1980318543352
7802313715915,1980352205544
7802347011515,1980380368130
7802380295815,1980409593253
7802413584415,1980438244019
7802446880915,1980467290454
7802480162515,1980495789660
7802513452915,1980524166676
7802546741315,1980551582611
7802580030515,1980580762321
7802613321315,1980613036750
7802646647815,1980646215659
7802679898315,1980680626802
7802713189215,1980711105815
7802746478515,1980741292563
7802779768015,1980771654471
7802813057215,1980806120267
7802846345915,1980840083101
7802879638215,1980873799134
7802912924415,1980907657899
7802946214115,1980942635123
7802979510115,1980977333135
7803012795915,1981015760147
7803046082215,1981048262987
7803079378215,1981083427313
7803112661915,1981118221660
7803145952115,1981157750855
7803179247015,1981188453560
7803212530615,1981223319714
7803245820515,1981257789594
7803279107915,1981286031037
7803312397115,1981324598435
7803345687315,1981359067949
7803378976515,1981396991435
7803412265615,1981430080595
7803445555815,1981460494081
7803478853315,1981494857989
7803512146515,1981524576136
7803545423715,1981553145988
7803578711815,1981581814663
7803612003215,1981610947705
7803645290715,1981639671130
7803678579915,1981668632726
7803711876315,1981699087468
7803745160915,1981730211155
7803778448115,1981762090934
7803811744815,1981793253957
7803845029515,1981823137305
7803878316815,1981855308099
7803911613115,1981885213170
7803944904015,1981916132674
7803978223315,1981951773704
7804011474115,1981984795955
7804044763815,1982019987417
7804078054115,1982052271381
7804111343415,1982090172260
7804144646615,1982128085984
7804177922015,1982163394341
7804211212115,1982201047685
7804244499815,1982237045568
7804277790015,1982270664170
7804311078315,1982302546980
7804344368915,1982335085213
7804377657515,1982367688225
7804410946815,1982399934663
7804444242615,1982431388257
7804477526915,1982459385417
7804510815015,1982489923421
7804544110515,1982517118851
7804577395515,1982549289051
7804610682815,1982581684567
7804643979615,1982610170982
7804677269315,1982645506036
7804710552215,1982679503753
7804743844615,1982708872092
7804777129915,1982740390387
7804810420315,1982773719848
7804843728515,1982804017175
7804876997615,1982831763838
7804910288415,1982865130660
7804943578015,1982900454532
7804976866415,1982927115418
7805010157015,1982954777415
7805043446215,1982980283797
7805076735415,1983006256357
7805110024515,1983031255885
7805143313415,1983056069424
7805176609515,1983078404469
7805209892015,1983099235753
7805243181215,1983123885723
7805276495815,1983148145616
7805309810915,1983170384390
7805343049115,1983195133013
7805376346015,1983214565851
7805409631015,1983232628068
7805442918615,1983257204865
7805476214015,1983278564384
7805509496615,1983302968199
7805542787615,1983327427100
7805576075215,1983355657662
7805609364115,1983382103707
7805642654615,1983407592070
7805675944715,1983439399754
7805709232615,1983470407417
7805742522715,1983503525227
7805775813215,1983540236858
7805809103215,1983569884459
7805842391015,1983605173783
7805875679415,1983641559992
7805908976815,1983679209708
7805942258115,1983716156319
7805975547815,1983756495558
7806008843615,1983795278378
7806042129215,1983833365808
7806075415915,1983872203778
7806108712615,1983910738283
7806141996415,1983950633775
7806175303215,1983988832523
7806208580615,1984028230146
7806241862615,1984068452476
7806275159315,1984107288857
7806308441115,1984146917742
7806341730715,1984186906877
7806375021015,1984226061693
7806408310815,1984263535922
7806441599115,1984295027786
7806474889315,1984334368577
7806508179415,1984372455230
7806541467215,1984413029253
7806574757315,1984453803515
7806608045915,1984490601848
7806641390715,1984532501506
7806674624515,1984567765967
7806707913715,1984608388799
7806741210115,1984648405981
7806774494015,1984689625080
7806807783315,1984729857974
7806841078915,1984768589824
7806874362815,1984809892149
7806907650315,1984847353691
7806940943315,1984884017087
7806974241215,1984921267126
7807007519315,1984959825485
7807040808815,1984997384563
7807074097315,1985035902007
7807107387715,1985075870032
7807140677615,1985117392251
7807173968715,1985161253839
7807207255815,1985203281921
7807240545915,1985245136060
7807273833615,1985289744316
7807307124015,1985337188198
7807340413415,1985381886210
7807373707415,1985427823990
7807406992415,1985470125005
7807440280115,1985510189006
7807473576715,1985551544688
7807506881415,1985591507628
7807540148715,1985630044365
7807573445115,1985668335779
7807606745615,1985707769172
7807640016315,1985744954931
7807673313215,1985783152098
7807706596715,1985821847508
7807739885815,1985860117433
7807773175315,1985897959744
7807806463715,1985936974293
7807839754215,1985976055143
7807873042515,1986010862842
7807906331715,1986048762210
7807939622815,1986088176201
7807972968615,1986128675315
7808006199915,1986166143648
7808039490615,1986199782649
7808072780015,1986233570032
7808106076115,1986270305940
7808139358215,1986305003720
7808172647015,1986342762329
7808205944815,1986379271508
7808239224815,1986417526839
7808272514915,1986455361164
7808305811115,1986491520036
7808339093715,1986528786252
7808372382715,1986564190126
7808405679715,1986601839398
7808438962515,1986637602182
7808472252715,1986674058298
7808505541215,1986711097232
7808538829815,1986748488374
7808572120815,1986785942954
7808605408615,1986819989372
7808638698215,1986856236898
7808671988315,1986892362028
7808705277615,1986929105356
7808738566315,1986968668202
7808771856715,1987003747140
7808805147215,1987037764087
7808838461515,1987075280779
7808871724515,1987097056626
7808905013315,1987133534849
7808938321315,1987162024180
7808971592015,1987199975108
7809004880815,1987232205455
7809038177715,1987268096707
7809071477115,1987305628841
7809104749415,1987339762285
7809138046115,1987375702315
7809171330115,1987412874103
7809204617515,1987449317500
7809237908015,1987485371774
7809271196315,1987522985632
7809304519815,1987559197840
7809337775215,1987593015953
7809371064015,1987630706693
7809404355015,1987669021016
7809437645115,1987704428557
7809470932515,1987740522086
7809504222815,1987777207858
7809537512415,1987814229628
7809570806515,1987850485677
7809604091415,1987887373759
7809637380715,1987924613760
7809670675815,1987962586533
7809703959315,1987999993882
7809737247615,1988037565868
7809770544215,1988075412674
7809803827315,1988112729648
7809837130515,1988150096096
7809870412515,1988186906650
7809903695715,1988223023073
7809936983615,1988260716270
7809970274315,1988297460544
7810003579915,1988334207226
7810036852815,1988371140314
7810070141815,1988409673689
7810103430715,1988449598624
7810136721215,1988488466293
7810170009215,1988532649164
7810203298915,1988561361033
7810236588715,1988601457546
7810269897315,1988639437080
7810303170215,1988676432213
7810336457615,1988715228299
7810369746915,1988749789992
7810403042715,1988778153255
7810436325615,1988813966208
7810469613915,1988841876880
7810502910915,1988877823224
7810536192315,1988914527743
7810569481815,1988954375101
7810602778515,1988990135032
7810636061315,1989028280533
7810669349615,1989063444312
7810702640615,1989100375764
7810735930215,1989126682818
7810769220115,1989155582943
7810802508515,1989183146874
7810835797115,1989211023062
7810869088515,1989239169249
7810902375815,1989264395124
7810935665415,1989297061359
7810968974615,1989320164407
7811002245215,1989346449216
7811035537515,1989369364811
7811068823715,1989396101412
7811102113515,1989422483000
7811135409015,1989450423337
7811168691715,1989480355037
7811201980115,1989509652284
7811235277015,1989540319226
7811268558515,1989568413253
7811301848415,1989597433532
7811335144915,1989630366827
7811368429215,1989659809480
7811401716815,1989694027322
7811435007115,1989723279611
7811468298815,1989755160529
7811501584715,1989785888862
7811534875315,1989820823216
7811568185615,1989853112850
7811601483915,1989886336236
7811634742115,1989918378122
7811668031915,1989950184504
7811701322215,1989983387120
7811734611515,1990016545049
7811767903515,1990052184767
7811801189815,1990087850201
7811834481015,1990117190879
7811867773415,1990145597636
7811901058215,1990170381527
7811934347115,1990203065772
7811967642515,1990238100449
7812000926315,1990269675386
7812034214715,1990310090120
7812067511515,1990348852607
7812100797015,1990384052795
7812134083115,1990411844535
7812167373015,1990453143840
7812200663515,1990493968393
7812233951215,1990533426201
7812267241815,1990572894449
7812300552415,1990613928976
7812333820115,1990652799443
7812367109115,1990689291294
7812400398115,1990728595412
7812433688515,1990764810651
7812466977615,1990805651102
7812500269715,1990846692155
7812533556115,1990883939976
7812566846115,1990921301652
7812600140315,1990958543991
7812633424415,1990995220028
7812666714215,1991032586376
7812700009615,1991068981415
7812733293015,1991105930069
7812766581015,1991145883974
7812799878215,1991181887711
7812833160015,1991217248436
7812866453015,1991253395722
7812899740015,1991291079748
7812933049515,1991329819868
7812966317015,1991370343699
7812999607615,1991404049997
7813032897415,1991442175504
7813066186715,1991479031411
7813099476215,1991517261746
7813132764615,1991553763422
7813166055615,1991588993331
7813199342915,1991629039521
7813232635715,1991667088561
7813265922315,1991703613099
7813299213415,1991740710823
7813332506415,1991779217549
7813365791315,1991813957633
7813399081615,1991851288394
7813432376615,1991883010749
7813465658915,1991919916630
7813498947615,1991960260585
7813532245515,1991997587795
7813565528015,1992034415451
7813598815615,1992072785507
7813632106015,1992109773276
7813665395415,1992146484318
7813698683715,1992183395584
7813731974015,1992220634273
7813765263615,1992258792376
7813798561115,1992298498859
7813831842615,1992334318496
7813865130415,1992373610411
7813898422615,1992412994174
7813931709315,1992448507550
7813965001815,1992483737610
7813998289215,1992520935227
7814031578715,1992551167478
7814064872415,1992589825695
7814098157115,1992626651539
7814131448015,1992661858471
7814164740915,1992701126201
7814198026115,1992746020862
7814231313615,1992781929776
7814264638115,1992820875452
7814297894515,1992858306040
7814331181915,1992894262025
7814364472715,1992933662492
7814397761515,1992973077410
7814431050315,1993013459407
7814464340615,1993048987310
7814497630715,1993086542268
7814530918515,1993124688668
7814564208515,1993164128948
7814597496815,1993202522581
7814630787315,1993239049698
7814664076315,1993277135529
7814697368515,1993320723967
7814730655815,1993360531164
7814763948715,1993403955953
7814797238715,1993455700298
7814830523515,1993504117735
7814863814215,1993547370683
7814897107615,1993594072795
7814930391915,1993638921685
7814963680515,1993685831033
7814996977115,1993732971948
7815030260415,1993779348641
7815063548315,1993827612104
7815096838815,1993872360201
7815130143915,1993918428397
7815163416215,1993966404993
7815196707015,1994011703956
7815229998115,1994056976714
7815263284115,1994102343937
7815296575115,1994155286171
7815329865015,1994201969451
7815363153415,1994250651375
7815396443415,1994302748315
7815429735815,1994352991075
7815463021915,1994397360925
7815496310115,1994437715882
7815529605515,1994479118324
7815562889615,1994518799906
7815596207915,1994557387432
7815629473415,1994598599057
7815662758115,1994638964995
7815696048315,1994679770537
7815729344015,1994717743150
7815762626415,1994756140615
7815795914715,1994793673564
7815829206515,1994830826348
7815862493315,1994869655977
7815895782515,1994907232096
7815929073015,1994945364833
7815962362315,1994984688420
7815995651015,1995022828822
7816028941115,1995063137149
7816062230915,1995101774544
7816095520615,1995140509947
7816128810215,1995177282777
7816162100515,1995216319559
7816195389215,1995258162638
7816228676915,1995297892954
7816261971815,1995336405878
7816295256715,1995376229769
7816328545415,1995413176564
7816361839515,1995450599794
7816395124215,1995488714970
7816428415015,1995527925152
7816461730415,1995566010011
7816494992515,1995606055839
7816528281415,1995647883859
7816561583215,1995681917288
7816594859815,1995722624811
7816628149315,1995760179684
7816661442615,1995797775420
7816694728615,1995834996984
7816728017315,1995873257894
7816761307915,1995910127875
7816794597815,1995948605033
7816827885915,1995987182234
7816861176415,1996025627000
7816894467415,1996067745352
7816927787415,1996103312283
7816961042815,1996141126996
7816994338215,1996176459832
7817027622715,1996209470439
7817060913015,1996243163816
7817094205915,1996275408438
7817127490715,1996313097467
7817160780215,1996351352437
7817194075015,1996388481012
7817227359015,1996423712723
7817260648815,1996458076598
7817293937615,1996494900666
7817327227715,1996524728767
7817360515415,1996555341218
7817393806515,1996586602520
7817427095515,1996622635556
7817460383815,1996657912920
7817493673915,1996693197886
7817526963815,1996727551178
7817560251615,1996761536781
7817593542315,1996795172613
7817626862715,1996826190190
7817660120715,1996852034991
7817693410615,1996881247081
7817726704415,1996904876485
7817759989315,1996935364337
7817793300115,1996963424386
7817826572615,1996990329955
7817859857415,1997019797548
7817893164015,1997051933091
7817926441615,1997082352782
7817959725515,1997112040502
7817993014615,1997144289570
7818026304115,1997170707987
7818059594015,1997202761578
7818092881715,1997230287233
7818126172615,1997259351491
7818159460515,1997292049182
7818192768115,1997323083830
7818226041115,1997353353190
7818259329315,1997388816672
7818292618315,1997423101996
7818325908915,1997460826286
7818359200615,1997490756365
7818392488415,1997529288969
7818425776915,1997559271830
7818459070915,1997592765496
7818492356715,1997622326714
7818525643415,1997651618373
7818558938415,1997687403982
7818592223915,1997723175057
7818625513015,1997751492896
7818658807315,1997781108308
7818692091215,1997808587473
7818725381215,1997839679374
7818758670615,1997874455284
7818791960115,1997908548419
7818825248315,1997944217130
7818858539015,1997971916011
7818891827215,1997999724733
7818925116115,1998034626412
7818958406615,1998063859482
7818991697215,1998096756364
7819024984315,1998129931683
7819058275115,1998162012920
7819091568515,1998196127426
7819124853115,1998224274626
7819158143115,1998257610086
7819191467015,1998287066156
7819224748915,1998318506718
7819258010315,1998349273650
7819291305915,1998381955725
7819324589915,1998415238038
7819357879315,1998446533219
7819391174015,1998480278255
7819424457815,1998513784716
7819457748415,1998549775955
7819491035415,1998575505844
7819524326315,1998605052083
7819557614315,1998642580488
7819590904715,1998679803939
7819624193215,1998715711852
7819657483015,1998744636407
7819690773515,1998778668921
7819724063515,1998803706953
7819757351015,1998834006988
7819790641515,1998863427168
7819823934615,1998896268981
7819857218915,1998930222556
7819890509615,1998962522443
7819923833115,1998990278272
7819957087915,1999026031203
7819990377315,1999060237553
7820023671815,1999092073893
7820056956015,1999124964970
7820090245915,1999158386924
7820123540915,1999193048906
7820156824715,1999223794165
7820190113815,1999254173657
7820223402315,1999288752843
7820256692015,1999317824174
7820289981215,1999346594602
7820323271715,1999374408233
7820356561415,1999402481378
7820389849215,1999431110103
7820423140115,1999459442876
7820456427915,1999488140064
7820489717715,1999517200878
7820523008115,1999553236663
7820556336415,1999585486420
7820589585315,1999612510780
7820622875915,1999641096272
7820656200015,1999674021684
7820689454315,1999705326474
7820722744015,1999732553545
7820756038115,1999758390233
7820789323515,1999783715909
7820822611215,1999814131989
7820855909715,1999848652084
7820889190415,1999880215213
7820922481415,1999908043997
7820955768215,1999936092995
7820989059115,1999961463947
7821022349415,1999986442694
7821055638815,2000014598223
7821088926615,2000043772095
7821122215615,2000077826050
7821155506915,2000109059917
7821188794215,2000140710804
7821222083715,2000175957661
7821255374215,2000202863936
7821288665115,2000239734132
7821321952015,2000281008861
7821355242315,2000316188413
7821388538215,2000353069820
7821421823515,2000391592625
7821455110415,2000427099851
7821488404315,2000460305593
7821521689515,2000495164565
7821554977815,2000529770419
7821588273115,2000564901230
7821621557515,2000600209598
7821654846315,2000636964601
7821688134915,2000678327671
7821721425215,2000716474937
7821754715915,2000755829498
7821788003015,2000797128679
7821821293215,2000834157073
7821854581515,2000865862805
7821887913515,2000904877639
7821921160515,2000943612297
7821954450115,2000983920102
7821987740615,2001021993006
7822021032315,2001059987513
7822054318315,2001091238832
7822087608715,2001124877065
7822120905015,2001152923351
7822154186315,2001187935083
7822187477015,2001222840680
7822220771115,2001254275984
7822254055215,2001282683453
7822287344815,2001316940715
7822320639715,2001346562119
7822353923615,2001372457049
7822387230315,2001392517911
7822420501415,2001416991572
7822453791815,2001435657850
7822487082315,2001457548988
7822520369015,2001476880177
7822553659715,2001495334032
7822586948515,2001515920817
7822620238415,2001532840185
7822653528215,2001555323317
7822686816415,2001570679555
7822720106615,2001592982624
7822753411815,2001611609105
7822786684715,2001636312922
7822819975015,2001661056746
7822853270915,2001685440839
7822886552315,2001709535032
7822919843415,2001733501766
7822953139015,2001755527090
7822986421715,2001779534896
7823019711715,2001804451355
7823053005915,2001830521536
7823086290215,2001855130388
7823119578615,2001878958125
7823152868015,2001905418323
7823186158615,2001930325627
7823219471815,2001955153486
7823252735815,2001980067338
7823286026115,2002009435087
7823319315815,2002038957694
7823352605015,2002066241705
7823385895015,2002094285403
7823419182615,2002124884707
7823452474415,2002146720221
7823485762915,2002174398830
7823519050815,2002208437120
7823552341615,2002239064877
7823585635715,2002273768151
7823618919215,2002306380702
7823652209315,2002338915152
7823685505215,2002368789181
7823718789215,2002402057993
7823752077415,2002431114734
7823785372015,2002465138581
7823818657015,2002505703473
7823851945115,2002544944779
7823885234215,2002578073352
7823918524515,2002618448780
7823951813215,2002654828986
7823985102915,2002689138068
7824018392815,2002724402603
7824051682615,2002761834779
7824084996515,2002799410856
7824118260415,2002837116587
7824151548915,2002878945605
7824184843915,2002919927815
7824218128615,2002955577654
7824251417615,2002994295129
7824284711615,2003030578091
7824318003415,2003068577378
7824351285315,2003104750610
7824384576215,2003141936173
7824417872415,2003169741850
7824451153615,2003200178595
7824484444215,2003234183704
7824517738915,2003269472845
7824551074315,2003298521553
7824584311415,2003327332061
7824617600615,2003354201218
7824650891015,2003380822477
7824684181015,2003406819226
7824717468415,2003428555952
7824750759215,2003454556697
7824784048015,2003479641078
7824817337015,2003497648796
7824850627215,2003525588754
7824883916715,2003561902519
7824917205715,2003585993904
7824950495715,2003611356988
7824983783715,2003636318245
7825017074215,2003669186089
7825050369915,2003698346704
7825083651715,2003727841660
7825116942515,2003751927280
7825150238815,2003782723902
7825183519515,2003814493278
7825216810215,2003843899233
7825250137215,2003875908475
7825283388815,2003907483712
7825316679015,2003937025728
7825349967015,2003967897873
7825383257315,2003999158006
7825416571215,2004029637946
7825449834815,2004062810684
7825483125315,2004094295166
7825516427915,2004121746871
7825549702515,2004154128430
7825582993515,2004186411010
7825616283115,2004222945266
7825649572115,2004245131758
7825682862515,2004275238420
7825716150015,2004300057500
7825749440315,2004329860834
7825782735015,2004358234132
7825816018215,2004386841182
7825849308215,2004414665302
7825882634515,2004442141226
7825915885815,2004469477120
7825949176415,2004494017518
7825982472315,2004519635403
7826015756615,2004544691641
7826049045015,2004569646844
7826082333515,2004598731478
7826115624415,2004627794424
7826148911715,2004656845726
7826182204615,2004681430922
7826215491815,2004704781529
7826248781215,2004733430634
7826282069715,2004770732604
7826315360215,2004798685199
7826348649615,2004831142923
7826381939015,2004853986545
7826415229015,2004886310430
7826448516715,2004915890136
7826481807315,2004938601355
7826515100615,2004968449639
7826548384815,2004996109200
7826581674615,2005022825202
7826614971515,2005046465512
7826648252515,2005072438164
7826681542915,2005098571146
7826714839915,2005121209920
7826748143315,2005150616007
7826781411215,2005181926624
7826814699615,2005215936988
7826848017615,2005238926032
7826881278015,2005272353237
7826914567815,2005302890211
7826947858315,2005330249441
7826981147515,2005360348044
7827014435815,2005385643241
7827047726415,2005414286416
7827081016815,2005441584200
7827114303815,2005474790770
7827147595015,2005508403798
7827180882615,2005539626312
7827214173015,2005568398373
7827247466815,2005596882487
7827280750715,2005626581640
7827314041215,2005656169683
7827347338315,2005685884959
7827380619115,2005718672938
7827413909615,2005755432672
7827447206515,2005796808573
7827480486815,2005833715496
7827513777515,2005867272659
7827547065815,2005895242968
7827580356115,2005918036691
7827613646015,2005951057913
7827646934215,2005982262652
7827680224615,2006009777029
7827713513815,2006037561273
7827746802515,2006065058812
7827780092915,2006097698447
7827813382315,2006132056065
7827846670315,2006159834860
7827879961615,2006188014511
7827913249315,2006217720929
7827946539315,2006244390417
7827979834215,2006270771201
7828013117215,2006294483924
7828046407915,2006321945919
7828079726815,2006346120688
7828112985615,2006370238018
7828146274915,2006389245416
7828179598815,2006414550393
7828212853115,2006437417924
7828246144315,2006458689965
7828279437015,2006482326468
7828312722815,2006494097854
7828346012015,2006514746422
7828379300515,2006539884043
7828412592315,2006562907963
7828445879315,2006584858321
7828479168815,2006607450550
7828512458915,2006630539374
7828545749615,2006652443873
7828579036615,2006670785375
7828612327815,2006691799012
7828645617815,2006709232182
7828678906615,2006730375630
7828712201215,2006751065668
7828745484115,2006769841739
7828778775115,2006792520597
7828812068015,2006815064602
7828845351815,2006840095611
7828878641715,2006865838591
7828911937615,2006890141575
7828945220015,2006915867725
7828978510415,2006940126239
7829011803415,2006964110728
7829045093615,2006987782336
7829078378815,2007014732617
7829111667315,2007042296574
7829144956815,2007062656693
7829178245615,2007087258358
7829211535115,2007106905592
7829244825515,2007129842652
7829278114315,2007157029152
7829311403515,2007181151805
7829344693715,2007201995421
7829377983915,2007227007708
7829411271115,2007254272116
7829444567515,2007280386649
7829477850315,2007301111501
7829511178715,2007323042756
7829544434315,2007336155692
7829577718315,2007353480831
7829611022115,2007369211871
7829644305115,2007380930546
7829677586215,2007396206904
7829710876615,2007420064047
7829744173915,2007447696188
7829777454615,2007472358041
7829810745015,2007497543383
7829844033115,2007527334898
7829877323615,2007558335858
7829910613215,2007584943806
7829943901115,2007612565394
7829977191815,2007639240056
7830010481715,2007674845155
7830043769215,2007706125231
7830077060015,2007733748105
7830110350215,2007764717938
7830143637615,2007791183384
7830176933615,2007821899428
7830210216415,2007858974637
7830243506815,2007888993835
7830276801615,2007916511934
7830310084415,2007947339532
7830343374615,2007979605846
7830376679015,2008004061602
7830409952915,2008033324676
7830443242615,2008065185732
7830476539515,2008093200220
7830509822115,2008124220603
7830543111115,2008151363014
7830576401015,2008179088215
7830609690015,2008207255097
7830642979315,2008237017918
7830676267715,2008265694689
7830709558715,2008295262084
7830742850015,2008325069692
7830776135915,2008356805612
7830809426315,2008387541015
7830842748315,2008417953944
7830876003715,2008448583279
7830909299715,2008477671976
7830942584015,2008508413492
7830975873315,2008540639010
7831009168015,2008572258081
7831042450815,2008604555165
7831075742415,2008637759373
7831109035715,2008671161210
7831142319515,2008699597703
7831175608915,2008726381290
7831208902015,2008759084539
7831242187115,2008790163510
7831275477415,2008815149322
7831308767415,2008847304529
7831342056915,2008877498432
7831375345615,2008909111232
7831408634215,2008942941131
7831441925315,2008981154909
7831475213015,2009009125203
7831508503415,2009036226723
7831541792915,2009063958123
7831575081615,2009100721285
7831608370215,2009131413465
7831641666315,2009164428400
7831674950015,2009197807602
7831708255515,2009231338671
7831741534915,2009269921192
7831774817215,2009296082038
7831808111315,2009326478285
7831841402215,2009360781753
7831874685215,2009393948716
7831907976115,2009425531484
7831941272315,2009461216983
7831974553415,2009499303118
7832007843715,2009535404721
7832041134215,2009571020863
7832074421815,2009608662410
7832107712515,2009644456399
7832141000615,2009675193164
7832174341115,2009708404496
7832207579315,2009746664958
7832240868415,2009776658720
7832274158815,2009807343917
7832307449615,2009835853016
7832340736715,2009866491974
7832374032515,2009895488781
7832407316315,2009931526723
7832440605315,2009964150268
7832473901015,2010000799642
7832507185015,2010033066282
7832540474215,2010068047862
7832573769515,2010108864322
7832607052115,2010144870607
7832640346115,2010175041516
7832673638615,2010214769731
7832706919615,2010250744775
7832740210115,2010287320752
7832773500715,2010324041356
7832806787615,2010358479836
7832840079015,2010390741711
7832873368015,2010424028774
7832906657315,2010456724677
7832939946415,2010484816257
7832973235015,2010517793329
7833006525415,2010558051299
7833039836315,2010588708582
7833073103215,2010624067723
7833106398715,2010657154523
7833139698815,2010683552765
7833172971315,2010715389940
7833206267115,2010747757890
7833239550615,2010786938503
7833272841015,2010819729925
7833306136515,2010860920189
7833339418815,2010899283492
7833372708815,2010936209810
7833406000815,2010970899117
7833439286515,2011004105307
7833472576515,2011036920978
7833505905715,2011062397027
7833539154215,2011087269340
7833572444615,2011117126490
7833605734415,2011144846764
7833639023615,2011176203046
7833672312715,2011210426087
7833705601215,2011241943187
7833738893015,2011274024516
7833772180015,2011306628218
7833805469515,2011341385586
7833838765015,2011369168097
7833872049215,2011403206210
7833905337315,2011437639543
7833938633515,2011464469862
7833971917515,2011501494162
7834005207215,2011535562988
7834038502315,2011571233472
7834071786515,2011604826799
7834105075815,2011637673574
7834138366715,2011672236501
7834171653115,2011707143616
7834204943015,2011741744314
7834238233715,2011778859651
7834271521215,2011810640141
7834304811015,2011843618555
7834338101615,2011876277409
7834371411115,2011906055605
7834404679315,2011944214057
7834437967815,2011972414318
7834471274715,2012004955229
7834504546215,2012035470286
7834537839215,2012069157707
7834571130915,2012104716815
7834604415115,2012137674228
7834637703915,2012167643204
7834671000115,2012196203734
7834704284815,2012227010118
7834737571515,2012260007033
7834770868815,2012288560448
7834804150515,2012308728114
7834837474615,2012335617730
7834870732915,2012359502202
7834904019015,2012384054967
7834937309715,2012405325365
7834970598915,2012432312755
7835003887115,2012462735424
7835037177415,2012491018512
7835070467915,2012518612879
7835103755815,2012546357396
7835137045915,2012567265135
7835170334215,2012597563212
7835203624315,2012622994278
7835236913915,2012654321728
7835270202015,2012684487360
7835303497515,2012712679652
7835336782515,2012741738547
7835370070415,2012770050101
7835403367115,2012801977344
7835436650415,2012830408432
7835469938815,2012859021758
7835503235015,2012888673312
7835536523615,2012921216960
7835569807915,2012949802173
7835603103415,2012978367884
7835636385215,2013008250580
7835669676015,2013038016461
7835702992915,2013068198821
7835736253415,2013102845631
7835769544315,2013134032159
7835802870515,2013164369053
7835836121415,2013189126476
7835869411415,2013222533959
7835902701515,2013258708823
7835935990115,2013292807203
7835969280415,2013329569765
7836002569015,2013359527189
7836035864115,2013393385837
7836069147715,2013421879420
7836102437015,2013455490983
7836135732915,2013491734018
7836169017615,2013523922410
7836202304615,2013557946077
7836235601615,2013593036888
7836268887315,2013627526822
7836302174615,2013661922616
7836335469515,2013696325694
7836368751915,2013731046863
7836402043215,2013765116644
7836435330515,2013800214529
7836468620215,2013836462753
7836501910115,2013871892915
7836535199515,2013909820847
7836568488015,2013946098902
7836601778215,2013984048029
7836635068215,2014020223318
7836668357515,2014062066675
7836701646715,2014102393787
7836734934615,2014137746655
7836768230515,2014172754496
7836801513515,2014210765968
7836834803215,2014245228605
7836868099315,2014282414362
7836901383015,2014316931334
7836934671215,2014351421855
7836967967315,2014388970163
7837001251715,2014425197083
7837034539015,2014459511769
7837067836115,2014492690354
7837101118115,2014530242448
7837134438215,2014562909491
7837167696915,2014600046669
7837200985615,2014634849588
7837234276815,2014668598369
7837267566015,2014702421594
7837300854415,2014735125934
7837334144715,2014758711220
7837367435315,2014796847477
7837400722715,2014832354750
7837434013015,2014866372985
7837467301415,2014902446267
7837500595115,2014936805346
7837533881215,2014972427290
7837567169515,2015009099117
7837600466015,2015043957002
7837633750515,2015078281048
7837667037315,2015108188665
7837700334115,2015138377338
7837733618615,2015167582837
7837766905615,2015196281295
7837800202415,2015224268971
7837833496015,2015254837294
7837866774715,2015287086344
7837900064515,2015318763348
7837933352615,2015351607034
7837966646015,2015384486515
7837999932015,2015416639861
7838033220215,2015448218824
7838066511215,2015472977402
7838099800415,2015504594901
7838133088715,2015535042699
7838166378815,2015559381043
7838199669015,2015581098269
7838232962815,2015611292164
7838266247415,2015641976033
7838299535815,2015669676789
7838332832415,2015702560556
7838366114315,2015724969388
7838399404115,2015753685136
7838432700515,2015779374601
7838466003715,2015806680542
7838499271915,2015837796195
7838532568615,2015868385847
7838565852015,2015889652773
7838599141115,2015910708629
7838632431415,2015929457152
7838665719215,2015948194109
7838699010015,2015960013784
7838732297615,2015976605812
7838765587515,2015991157284
7838798877415,2016006424020
7838832166415,2016017586180
7838865455115,2016028600735
7838898745515,2016042592028
7838932035415,2016057050902
7838965329915,2016076975259
7838998613415,2016103150164
7839031901715,2016124026352
7839065199315,2016143735997
7839098481115,2016163486156
7839131769915,2016183781522
7839165066615,2016203777206
7839198350315,2016224489388
7839231638415,2016244977399
7839264934615,2016266227390
7839298218615,2016288819568
7839331511515,2016311322852
7839364797215,2016334125160
7839398085315,2016356799571
7839431375815,2016379354905
7839464664415,2016403440863
7839497955515,2016426374072
7839531244115,2016450417230
7839564533515,2016474909809
7839597821815,2016499313008
7839631112015,2016525471658
7839664402215,2016550581541
7839697694915,2016576007170
7839730979815,2016601469313
7839764268515,2016628342907
7839797588115,2016655537646
7839830847215,2016683024878
7839864151715,2016711912363
7839897432815,2016742282471
7839930717415,2016772430490
7839964004815,2016802633225
7839997301215,2016834087855
7840030584915,2016864468115
7840063873015,2016898599620
7840097163415,2016930872397
7840130467515,2016964893489
7840163741715,2017001384673
7840197031615,2017037215748
7840230319615,2017066571550
7840263612015,2017092983291
7840296900915,2017129524410
7840330188015,2017163642410
7840363478615,2017195688983
7840396768515,2017232646061
7840430059415,2017267807306
7840463345915,2017304757745
7840496635015,2017340643194
7840529930615,2017379544500
7840563214715,2017411011824
7840596502815,2017441950339
7840629799815,2017477834500
7840663094515,2017512426802
7840696371115,2017550686331
7840729667915,2017586963087
7840762951915,2017620733693
7840796239215,2017647243127
7840829529715,2017682935182
7840862834715,2017717854256
7840896108315,2017757343085
7840929398215,2017794771965
7840962686315,2017834454655
7840995976715,2017870449638
7841029265215,2017904313840
7841062554515,2017934376709
7841095844615,2017974607018
7841129164615,2018010038425
7841162425315,2018044387157
7841195713215,2018082469220
7841229002315,2018117957755
7841262297715,2018152348519
7841295580615,2018183581673
7841328869415,2018218319317
7841362166915,2018245694684
7841395449615,2018275858491
7841428737515,2018310441729
7841462034315,2018339166365
7841495317215,2018377097419
7841528605215,2018413601917
7841561895915,2018448719997
7841595185815,2018482917778
7841628475815,2018517524058
7841661764115,2018546751265
7841695052415,2018574479512
7841728343815,2018607735772
7841761646215,2018639595723
7841794921015,2018674092516
7841828211215,2018707957689
7841861501815,2018735924963
7841894792115,2018765337367
7841928078715,2018796525805
7841961369815,2018830171497
7841994683315,2018869254116
7842027947315,2018906923633
7842061235615,2018944828147
7842094532715,2018975536388
7842127814115,2019012935832
7842161103815,2019053891462
7842194400815,2019097449390
7842227683715,2019130767838
7842260972015,2019168098669
7842294262215,2019207061007
7842327552715,2019244553558
7842360839715,2019282102471
7842394130715,2019320878079
7842427419115,2019359057495
7842460758715,2019397835141
7842493997615,2019437054795
7842527286815,2019475210400
7842560577015,2019513913343
7842593867415,2019551755360
7842627158415,2019591699429
7842660445015,2019632113879
7842693736015,2019670932922
7842727029615,2019709063933
7842760313615,2019747185992
7842793602015,2019785523572
7842826898015,2019824159344
7842860181815,2019862636963
7842893470315,2019894869034
7842926767015,2019934515646
7842960050615,2019972231124
7842993338415,2020008180821
7843026628715,2020045312998
7843059918915,2020075556101
7843093206215,2020115837717
7843126497015,2020154466656
7843159806215,2020192694649
7843193075415,2020231103649
7843226364715,2020272886988
7843259653415,2020308754926
7843292944015,2020350229439
7843326261015,2020390074948
7843359524315,2020427650861
7843392811515,2020459123584
7843426114315,2020501403322
7843459395215,2020538692523
7843492680315,2020576451053
7843525969515,2020616272350
7843559265715,2020653693984
7843592548615,2020685048338
7843625836415,2020723881477
7843659133815,2020759699641
7843692415215,2020795662817
7843725704715,2020834659730
7843758995115,2020874012302
7843792286015,2020914543752
7843825573215,2020949851163
7843858863515,2020988487401
7843892153315,2021026201871
7843925441815,2021066716039
7843958731115,2021109019707
7843992019915,2021142939423
7844025311515,2021182406916
7844058598615,2021220284914
7844091890915,2021251367694
7844125177715,2021291457142
7844158467415,2021331441159
7844191761515,2021367828442
7844225046315,2021400695339
7844258336115,2021438603187
7844291632615,2021476908495
7844324914315,2021508485082
7844358202915,2021547221580
7844391500915,2021585248549
7844424785315,2021614569423
7844458071515,2021645905896
7844491361515,2021683766858
7844524651015,2021723706147
7844557939015,2021759255202
7844591229615,2021792894582
7844624520115,2021831765267
7844657829915,2021870535323
7844691097515,2021905443435
7844724386415,2021939745378
7844757694315,2021975023443
7844790964715,2022013179793
7844824257315,2022053058165
7844857544215,2022085763110
7844890833815,2022122065764
7844924127815,2022159418266
7844957412715,2022196013280
7844990702815,2022228385219
7845023996215,2022267310851
7845057280715,2022305561896
7845090569415,2022341308788
7845123899615,2022379427289
7845157147815,2022417519878
7845190437615,2022447362545
7845223727615,2022484168671
7845257018215,2022518692322
7845290305515,2022556665040
7845323596115,2022593424347
7845356886315,2022624282240
7845390173415,2022661890213
7845423464215,2022702839473
7845456778815,2022741205848
7845490042815,2022772955775
7845523332315,2022809315547
7845556622915,2022843838191
7845589910715,2022874144588
7845623200615,2022915897406
7845656494515,2022951139338
7845689779015,2022990578200
7845723068615,2023026421808
7845756362215,2023065774789
7845789647715,2023103396791
7845822937315,2023140160609
7845856232915,2023178021402
7845889515815,2023217785020
7845922803815,2023253450682
7845956094315,2023287903912
7845989404615,2023326701409
7846022671915,2023358689201
7846055962515,2023388962144
7846089281715,2023423843111
7846122540215,2023452660091
7846155830515,2023490326594
7846189146215,2023526652283
7846222408615,2023556365618
7846255699215,2023592457335
7846288989515,2023633641393
7846322296115,2023668451888
7846355565715,2023706883116
7846388861015,2023743233070
7846422145815,2023773946095
7846455474315,2023809828891
7846488729015,2023841186399
7846522013715,2023877307327
7846555303515,2023915067787
7846588603415,2023945984133
7846621881715,2023985565941
7846655170115,2024025890495
7846688461415,2024065153926
7846721748915,2024097582873
7846755039115,2024135349832
7846788328815,2024168334022
7846821617815,2024205582046
7846854906715,2024242811515
7846888196715,2024283350631
7846921486615,2024313596607
7846954775815,2024352287471
7846988065115,2024388403208
7847021355415,2024417781927
7847054644715,2024456481540
7847087932215,2024493372193
7847121227215,2024530180534
7847154511815,2024568635586
7847187801515,2024606674092
7847221095615,2024641667555
7847254380215,2024675761013
7847287670715,2024711768237
7847320987015,2024748241665
7847354248915,2024777437575
7847387536615,2024807796142
7847420856215,2024846271111
7847454115615,2024882890590
7847487405015,2024917323452
7847520695115,2024947499188
7847553985815,2024983778572
7847587272715,2025022419733
7847620565315,2025063007091
7847653852515,2025099748591
7847687141615,2025137763817
7847720431015,2025173902132
7847753751815,2025202703887
7847787010215,2025240213135
7847820298615,2025276246855
7847853594615,2025312158761
7847886878715,2025342146394
7847920168315,2025374838129
7847953463615,2025407829553
7847986746815,2025438585136
7848020037015,2025467379318
7848053329815,2025505377835
7848086614615,2025543977553
7848119903215,2025574094389
7848153192915,2025611439770
7848186483115,2025648390828
7848219786815,2025685973270
7848253061115,2025724949791
7848286352515,2025763256434
7848319639415,2025801899948
7848352929715,2025841742745
7848386219215,2025878521577
7848419507515,2025909799156
7848452797315,2025948087957
7848486117315,2025982553771
7848519376315,2026018272911
7848552665815,2026052113220
7848585960215,2026082101376
7848619245015,2026119764148
7848652533215,2026155728674
7848685828315,2026184609891
7848719112815,2026214630883
7848752434815,2026255311166
7848785696315,2026292311091
7848818981115,2026329200175
7848852270415,2026365494687
7848885559515,2026404342171
7848918849115,2026442839056
7848952137315,2026473250967
7848985429115,2026510503385
7849018715915,2026547599696
7849052005915,2026581677324
7849085296415,2026615079397
7849118585515,2026647079860
7849151873515,2026684048681
7849185163615,2026723904180
7849218455415,2026757066706
7849251744015,2026789157106
7849285032515,2026821542424
7849318326315,2026859892407
7849351611815,2026901460101
7849384899215,2026934845216
7849418194415,2026966387423
7849451479215,2027005249001
7849484769815,2027043324786
7849518063315,2027078478407
7849551347515,2027116761623
7849584638115,2027149217463
7849617931215,2027187808229
7849651215715,2027222991546
