#t_ns,out_ts
7669888561715,1882225066364
7669921856015,1882232338877
7669955139515,1882239244843
7669988430115,1882251829108
7670021726915,1882262978359
7670055008015,1882276757198
7670088298215,1882290086873
7670121622415,1882305181712
7670154876515,1882320039677
7670188166415,1882334391741
7670221460715,1882349922001
7670254745415,1882364184367
7670288047815,1882375887609
7670321322715,1882394083325
7670354628015,1882409721956
7670387903615,1882426913218
7670421190915,1882442714831
7670454481015,1882460711952
7670487771015,1882475354093
7670521060215,1882494666856
7670554349315,1882513078140
7670587637915,1882530449446
7670620928215,1882545849967
7670654220015,1882562679000
7670687506015,1882576700490
7670720796515,1882589164280
7670754141715,1882599069159
7670787374215,1882610869853
7670820664715,1882622636683
7670853960315,1882630483830
7670887243115,1882637829796
7670920532215,1882647562236
7670953827315,1882658240449
7670987112615,1882668972448
7671020399815,1882679791915
7671053689215,1882690975096
7671086979515,1882705119923
7671120274415,1882721112505
7671153557315,1882735716696
7671186847315,1882753759377
7671220137315,1882773961864
7671253426915,1882795349306
7671286714915,1882816010224
7671320004315,1882839029927
7671353295315,1882865350283
7671386585715,1882891783905
7671419872315,1882922052263
7671453162315,1882949716132
7671486460915,1882978007873
7671519740215,1883009560952
7671553030915,1883039051313
7671586333215,1883074651216
7671619631815,1883109765438
7671652899215,1883141216677
7671686193715,1883176222986
7671719494615,1883211895002
7671752766215,1883235917178
7671786055115,1883269182083
7671819346015,1883305392175
7671852635315,1883338123577
7671885924015,1883376783141
7671919213615,1883404018297
7671952504315,1883438334840
7671985791615,1883469908460
7672019082515,1883498893307
7672052370415,1883525440080
7672085717815,1883551504672
7672118952315,1883576380234
7672152238415,1883602890753
7672185529115,1883632656176
7672218826115,1883662510423
7672252119915,1883691939009
7672285397215,1883718435623
7672318692515,1883744511890
7672351975515,1883771040475
7672385265715,1883801283641
7672418592115,1883830827451
7672451844315,1883864536522
7672485134015,1883895085042
7672518422015,1883925608541
7672551712215,1883950253355
7672585002615,1883976608150
7672618289915,1884002780584
7672651580115,1884028243729
7672684870015,1884058025177
7672718158315,1884088029768
7672751448615,1884120144548
7672784736915,1884150220369
7672818027515,1884179722866
7672851321015,1884201016868
7672884605215,1884222909244
7672917895515,1884248779761
7672951211815,1884270738440
7672984473615,1884291073022
7673017763615,1884314174214
7673051070315,1884334831776
7673084341115,1884357371452
7673117631515,1884373316071
7673150958915,1884386947531
7673184210515,1884405213661
7673217499915,1884420710217
7673250788415,1884436653719
7673284078915,1884451783586
7673317367115,1884466165519
7673350656415,1884481713427
7673383950615,1884500661265
7673417269415,1884520096777
7673450524415,1884537159833
7673483814615,1884552858665
7673517104415,1884568395643
7673550396615,1884587173552
7673583685615,1884605924201
7673616971815,1884626179355
7673650262715,1884641169086
7673683555915,1884659934944
7673716839315,1884675529332
7673750130015,1884692163369
7673783425015,1884708617731
7673816707815,1884724043586
7673849998015,1884744475339
7673883294215,1884763127829
7673916576715,1884779514035
7673949866515,1884795444169
7673983154815,1884811254661
7674016445515,1884828333597
7674049733215,1884846597124
7674083022715,1884863143881
7674116313515,1884879957277
7674149619715,1884897186406
7674182890715,1884918975334
7674216181115,1884937545052
7674249472015,1884963751626
7674282759015,1884982473643
7674316052015,1885001686002
7674349337615,1885015197386
7674382650115,1885037050657
7674415922015,1885056320638
7674449206215,1885070724443
7674482496615,1885090839227
7674515792215,1885105674291
7674549074215,1885120541521
7674582364615,1885134328442
7674615662015,1885149545359
7674648942215,1885165030033
7674682232715,1885178210962
7674715521515,1885196242236
7674748810815,1885211157946
7674782099715,1885229229738
7674815389615,1885246746638
7674848679815,1885259693017
7674881969915,1885278233260
7674915257415,1885293396129
7674948547415,1885310643840
7674981838015,1885326813806
7675015125715,1885345424883
7675048417915,1885364144549
7675081704315,1885379076780
7675114994815,1885399204585
7675148289515,1885419105974
7675181572415,1885438744851
7675214863215,1885458725562
7675248157815,1885480033222
7675281444415,1885499176399
7675314730615,1885510506628
7675348027515,1885531085480
7675381308615,1885549657644
7675414599515,1885568874229
7675447888715,1885586961567
7675481177815,1885604204643
7675514467915,1885621928617
7675547755815,1885638680723
7675581046215,1885654965246
7675614334515,1885668007837
7675647623915,1885684437967
7675680914315,1885703155560
7675714237515,1885719469583
7675747491815,1885737929701
7675780784515,1885753424898
7675814072015,1885767423962
7675847361115,1885785344159
7675880656715,1885803605850
7675913939015,1885820006715
7675947234415,1885837955416
7675980522715,1885856420060
7676013806615,1885872926686
7676047097315,1885892841395
7676080394215,1885915142625
7676113675015,1885938216857
7676146965515,1885954794535
7676180256215,1885971585898
7676213544815,1885992596499
7676246833715,1886012862193
7676280122115,1886030513466
7676313412815,1886045669979
7676346701015,1886062171566
7676379989915,1886076854492
7676413280515,1886091120134
7676446569715,1886106265289
7676479858115,1886122768501
7676513151015,1886136739565
7676546438315,1886154138226
7676579732015,1886168830798
7676613022915,1886186487003
7676646305315,1886199894017
7676679595315,1886212751620
7676712889315,1886225196387
7676746173315,1886238107965
7676779463815,1886251399896
7676812759915,1886264823481
7676846041415,1886276975430
7676879331515,1886289337692
7676912622115,1886306362196
7676945909815,1886322610953
7676979199915,1886341405211
7677012488315,1886357972463
7677045804515,1886371941805
7677079067515,1886388879691
7677112356415,1886408191167
7677145647115,1886425234214
7677178939815,1886439245098
7677212224715,1886452400837
7677245517115,1886466021513
7677278805715,1886479596935
7677312092815,1886498064898
7677345388615,1886509521901
7677378671815,1886525214989
7677411961815,1886539971547
7677445256915,1886555967591
7677478540115,1886572522269
7677511830315,1886589413852
7677545127715,1886612515190
7677578408115,1886636044735
7677611697715,1886659285923
7677644988715,1886677391668
7677678276115,1886699787400
7677711566415,1886721857566
7677744855915,1886737994553
7677778144815,1886759782434
7677811434815,1886782198409
7677844722515,1886809270999
7677878013815,1886827112885
7677911316515,1886841630675
7677944591315,1886863543129
7677977883515,1886882484192
7678011178215,1886903986628
7678044459415,1886918695144
7678077755015,1886937393050
7678111039415,1886954806173
7678144328515,1886972669962
7678177623315,1886989278071
7678210905715,1887004478249
7678244196715,1887018933834
7678277490815,1887032408438
7678310774615,1887055676477
7678344064415,1887075074683
7678377409915,1887097509421
7678410643715,1887115789334
7678443932615,1887135222407
7678477222115,1887155156376
7678510511615,1887174558021
7678543801015,1887189604019
7678577089315,1887215781435
7678610381015,1887239563772
7678643668315,1887260993469
7678676958015,1887282181657
7678710249315,1887302822567
7678743536815,1887324338682
7678776825315,1887343565940
7678810121715,1887367887980
7678843405515,1887389532974
7678876695315,1887413666731
7678909990015,1887434636398
7678943272315,1887454667215
7678976563415,1887475116224
7679009857215,1887496690886
7679043140715,1887520745822
7679076444815,1887541454332
7679109720615,1887561050974
7679143008815,1887579937140
7679176298715,1887600252811
7679209594215,1887623976308
7679242899315,1887644116288
7679276167515,1887665402168
7679309455815,1887685993507
7679342757815,1887705860331
7679376034415,1887727456464
7679409324015,1887748557237
7679442615715,1887769399154
7679475903815,1887789655105
7679509191915,1887809191683
7679542488615,1887828540871
7679575772515,1887847989453
7679609060215,1887867824199
7679642356015,1887887114507
7679675638715,1887906050542
7679708986815,1887925733227
7679742224215,1887944544299
7679775507215,1887963748037
7679808797415,1887984099330
7679842101815,1888003537121
7679875375315,1888022861921
7679908665615,1888042151210
7679941955215,1888068003461
7679975243415,1888088465419
7680008533315,1888109576559
7680041823615,1888129598595
7680075112415,1888149669716
7680108402515,1888169230025
7680141690215,1888189356376
7680174982215,1888208682955
7680208270515,1888229795929
7680241558515,1888249684826
7680274854115,1888269272380
7680308138915,1888294488794
7680341426315,1888318721935
7680374722815,1888340277381
7680408008815,1888366004505
7680441295215,1888386857514
7680474591315,1888408165177
7680507873415,1888427797804
7680541163715,1888447768261
7680574480815,1888469138836
7680607741815,1888487677253
7680641031815,1888505425267
7680674340715,1888524030870
7680707609615,1888542889691
7680740899615,1888560543140
7680774189715,1888571956349
7680807478115,1888589410111
7680840767915,1888608665848
7680874056715,1888625526810
7680907348715,1888643777191
7680940635715,1888666988026
7680973941315,1888690873772
7681007220815,1888715368228
7681040537615,1888743803744
7681073792415,1888769751809
7681107089315,1888791346092
7681140372715,1888812125581
7681173663315,1888831747590
7681206958115,1888854135382
7681240239515,1888873920798
7681273531515,1888893446606
7681306818315,1888913242655
7681340107915,1888932977194
7681373398415,1888955770695
7681406687715,1888979112342
7681439976015,1889003576015
7681473265915,1889028038917
7681506556115,1889054014142
7681539844815,1889073631561
7681573134715,1889092684288
7681606423015,1889109517450
7681639715115,1889126793667
7681673001715,1889147045879
7681706290915,1889170049475
7681739590815,1889197596228
7681772871815,1889221813280
7681806158915,1889234386212
7681839455715,1889253249252
7681872740015,1889271701648
7681906027015,1889290665298
7681939324015,1889311747547
7681972615815,1889339557306
7682005925715,1889354462731
7682039184715,1889377203772
7682072474315,1889404808414
7682105764715,1889424792928
7682139054215,1889442786705
7682172342515,1889460560368
7682205632415,1889480537090
7682238923615,1889500709446
7682272210515,1889520416781
7682305500715,1889544381562
7682338789615,1889571767183
7682372080315,1889598278148
7682405369015,1889622824766
7682438657415,1889647720700
7682471954215,1889666020974
7682505240915,1889688683164
7682538525615,1889710587921
7682571821515,1889724278360
7682605106115,1889746709989
7682638393715,1889766581504
7682671690315,1889782613875
7682704980715,1889801024569
7682738263015,1889822518425
7682771552515,1889842930515
7682804840715,1889863840698
7682838131115,1889883663949
7682871420115,1889907821003
7682904708915,1889930363246
7682937998915,1889952994484
7682971288515,1889974714897
7683004577515,1889998325019
7683037867115,1890024360287
7683071157215,1890053622239
7683104447515,1890071581535
7683137735415,1890097889831
7683171023815,1890120903771
7683204320515,1890140609249
7683237603015,1890162083408
7683270892315,1890183791268
7683304188215,1890201852270
7683337508815,1890226047521
7683370759915,1890248840933
7683404056715,1890269924881
7683437340315,1890292987973
7683470629415,1890319883551
7683503918715,1890343181794
7683537206815,1890367517909
7683570498315,1890394892427
7683603785515,1890421117350
7683637075415,1890440908422
7683670365715,1890467252269
7683703656415,1890486647188
7683736943515,1890506793480
7683770234015,1890525922013
7683803524115,1890545610403
7683836816715,1890567581826
7683870102015,1890588740517
7683903390215,1890613838195
7683936688515,1890645415390
7683969969115,1890673411023
7684003258115,1890701688287
7684036554615,1890731150052
7684069838415,1890756344063
7684103126315,1890779648949
7684136423315,1890802653872
7684169707115,1890825365587
7684203003715,1890847581004
7684236284915,1890870938314
7684269573715,1890895125402
7684302863415,1890922277935
7684336152515,1890952699403
7684369441315,1890984619520
7684402732115,1891009358676
7684436023115,1891032139114
7684469309515,1891060055285
7684502600215,1891082286198
7684535890515,1891106413753
7684569178515,1891131053203
7684602468315,1891153228928
7684635756915,1891175696021
7684669080515,1891192866235
7684702334615,1891217060686
7684735624615,1891240717269
7684768921215,1891263630762
7684802204815,1891287958781
7684835493015,1891312669211
7684868789015,1891336191059
7684902075215,1891361901210
7684935361315,1891386494556
7684968655015,1891408552170
7685001953315,1891432463195
7685035229815,1891458559923
7685068519415,1891481956703
7685101807715,1891504826182
7685135098315,1891529972823
7685168391915,1891553116259
7685201675815,1891577049441
7685234966515,1891601926952
7685268256615,1891624636286
7685301544715,1891650962648
7685334835015,1891671847236
7685368123215,1891695675001
7685401419015,1891717777359
7685434703115,1891739530819
7685467990915,1891761594784
7685501287615,1891782879896
7685534588515,1891803333228
7685567859215,1891824199395
7685601155915,1891848469870
7685634449415,1891871737139
7685667727415,1891896771303
7685701021315,1891918966211
7685734307315,1891940454295
7685767596215,1891962566691
7685800886715,1891984595209
7685834174215,1892009318695
7685867464715,1892030088620
7685900753115,1892051579070
7685934054215,1892073784908
7685967333015,1892096835351
7686000658515,1892120821250
7686033910715,1892144928086
7686067200715,1892164955207
7686100490915,1892188145376
7686133786415,1892210597079
7686167069015,1892233674301
7686200357715,1892258742150
7686233655015,1892281388225
7686266936015,1892303272786
7686300225515,1892327359364
7686333522315,1892348979532
7686366805115,1892374544799
7686400094115,1892396561804
7686433387315,1892418336041
7686466673815,1892442914802
7686499963715,1892464992366
7686533252415,1892487314497
7686566540515,1892508830591
7686599832115,1892530271054
7686633119715,1892552893318
7686666408815,1892575162878
7686699702615,1892597362645
7686732988115,1892622143351
7686766276915,1892645819128
7686799567515,1892667210645
7686832859915,1892688011705
7686866174415,1892708342852
7686899435715,1892730388333
7686932724115,1892752679491
7686966028915,1892775268912
7686999302515,1892800857073
7687032592215,1892822881411
7687065888915,1892845849500
7687099171615,1892869794050
7687132460515,1892891176911
7687165753615,1892912633441
7687199041015,1892936265825
7687232328215,1892959226550
7687265618915,1892985556097
7687298907215,1893012714489
7687332228815,1893040197135
7687365485915,1893065705979
7687398775315,1893089652656
7687432065615,1893110659333
7687465356215,1893131324874
7687498643315,1893152714986
7687531933815,1893173496604
7687565223315,1893195822618
7687598516515,1893218532097
7687631801515,1893243039893
7687665091415,1893265906681
7687698386115,1893290504488
7687731670615,1893310672590
7687764958315,1893330788579
7687798255215,1893348342584
7687831538415,1893367153235
7687864826815,1893389844238
7687898119915,1893408642018
7687931406615,1893426340083
7687964694415,1893442283397
7687997985615,1893465777652
7688031291615,1893490471594
7688064563715,1893507511723
7688097853615,1893530709704
7688131141615,1893554289873
7688164432015,1893576861941
7688197748515,1893598141019
7688231015015,1893623866127
7688264300315,1893649116340
7688297608615,1893664645894
7688330882415,1893690259433
7688364168215,1893712539911
7688397458015,1893736457625
7688430753415,1893761232397
7688464036315,1893786592087
7688497324515,1893811928360
7688530621815,1893838790745
7688563903215,1893863777447
7688597196215,1893890090951
7688630489815,1893909863943
7688663772215,1893936309610
7688697060615,1893962459208
7688730350915,1893988233905
7688763640815,1894015898675
7688796930715,1894045129768
7688830219315,1894073841338
7688863508015,1894099077149
7688896799015,1894124091221
7688930086615,1894148920111
7688963376115,1894173610863
7688996666615,1894200451924
7689029955615,1894227745256
7689063249015,1894254237285
7689096534315,1894278791453
7689129824215,1894304683754
7689163119215,1894334310350
7689196402415,1894361085607
7689229691015,1894391760814
7689262988215,1894416616797
7689296270115,1894442158240
7689329559115,1894471184076
7689362855815,1894498956132
7689396140415,1894527026567
7689429428015,1894551552158
7689462718015,1894580467709
7689496008215,1894610650846
7689529295615,1894640096382
7689562586015,1894666875674
7689595897515,1894691196082
7689629196815,1894715120975
7689662452915,1894740389821
7689695743015,1894768492458
7689729033315,1894787705801
7689762321915,1894812866347
7689795616115,1894834129244
7689828901515,1894855887949
7689862191415,1894884586685
7689895484315,1894910656245
7689928768915,1894935004561
7689962057415,1894964654612
7689995353715,1894990769077
7690028637215,1895017820638
7690061925815,1895044114029
7690095222515,1895070835410
7690128506115,1895095895818
7690161793615,1895121637311
7690195084215,1895147404924
7690228374615,1895174805360
7690261661615,1895203076568
7690294951715,1895230045995
7690328263615,1895254470769
7690361531415,1895272705567
7690394820615,1895299634563
7690428108915,1895326045976
7690461399515,1895351364892
7690494694315,1895376934660
7690527982015,1895402696163
7690561267015,1895426869832
7690594557215,1895452251532
7690627850815,1895477197128
7690661135515,1895510013045
7690694425215,1895537345518
7690727720515,1895557989421
7690761003515,1895579282509
7690794291815,1895600422838
7690827589215,1895622533960
7690860871015,1895643618428
7690894160215,1895665700174
7690927450715,1895689783281
7690960763015,1895714205584
7690994028315,1895735168726
7691027318415,1895758303873
7691060608015,1895777119759
7691093897215,1895802562272
7691127187115,1895828154099
7691160475215,1895853519337
7691193766315,1895881452341
7691227054115,1895906715201
7691260354815,1895927939374
7691293633515,1895948027308
7691326924315,1895966668333
7691360217115,1895987764873
7691393502215,1896006887832
7691426792615,1896029288600
7691460088115,1896055318631
7691493369915,1896083356715
7691526658115,1896101588547
7691559956015,1896122835861
7691593239215,1896142309815
7691626526515,1896160556446
7691659816515,1896181929313
7691693106415,1896202403540
7691726394915,1896222349915
7691759684515,1896239445966
7691792974815,1896256328082
7691826276715,1896271898567
7691859553415,1896287860124
7691892841515,1896303102147
7691926141915,1896318447894
7691959420315,1896330870142
7691992714015,1896347460455
7692026000215,1896366042200
7692059289315,1896382440354
7692092583915,1896397785610
7692125868315,1896413434188
7692159158715,1896429658888
7692192452415,1896437950551
7692225736815,1896449796344
7692259024915,1896464979746
7692292371915,1896480853259
7692325604915,1896495121688
7692358892915,1896504060418
7692392202515,1896518878041
7692425473815,1896534472648
7692458760815,1896549496160
7692492051615,1896563308762
7692525341815,1896578468798
7692558629715,1896597129948
7692591919415,1896610108478
7692625207915,1896626836871
7692658498015,1896645940374
7692691787615,1896662300908
7692725080415,1896680848055
7692758366715,1896695403798
7692791656415,1896707076895
7692824950015,1896722252484
7692858234215,1896737884555
7692891524815,1896750520662
7692924818815,1896761850241
7692958102815,1896773952132
7692991391315,1896783946729
7693024687215,1896801277859
7693057970915,1896815402390
7693091259215,1896830888026
7693124550415,1896846838451
7693157868215,1896861385123
7693191127615,1896871153018
7693224417915,1896884070429
7693257719215,1896898734939
7693290995515,1896911869533
7693324286015,1896926172579
7693357575915,1896938677758
7693390864515,1896951384029
7693424153915,1896964092596
7693457446815,1896974022216
7693490733215,1896986538503
7693524021315,1897002364867
7693557316415,1897017442811
7693590601015,1897033698433
7693623921615,1897049729618
7693657184915,1897065261326
7693690469415,1897083483265
7693723758915,1897097245186
7693757054815,1897108925061
7693790337415,1897124520510
7693823626015,1897139719610
7693856917415,1897155840010
7693890204315,1897175289073
7693923494115,1897193966990
7693956784415,1897212265126
7693990073415,1897225560053
7694023362115,1897244360480
7694056652515,1897264909757
7694089942315,1897279901824
7694123231515,1897294622627
7694156520115,1897312772392
7694189813115,1897330033488
7694223099915,1897343879984
7694256388015,1897357963428
7694289685815,1897373010648
7694322967315,1897381767369
7694356256615,1897394353482
7694389551015,1897406598487
7694422835715,1897416350484
7694456126215,1897431080336
7694489442415,1897441331531
7694522703515,1897451602112
7694555991915,1897464514460
7694589300015,1897477802869
7694622570715,1897493849092
7694655860215,1897503450261
7694689150115,1897512514041
7694722439215,1897525640308
7694755728115,1897539133132
7694789018715,1897550153855
7694822308915,1897567859441
7694855596315,1897581370602
7694888886415,1897594611309
7694922179215,1897611818581
7694955498915,1897623227689
7694988753915,1897640828273
7695022049315,1897656716006
7695055342915,1897671750434
7695088624015,1897683532780
7695121917715,1897701637887
7695155202015,1897712849645
7695188491415,1897723982073
7695221785815,1897738063425
7695255069915,1897747213101
7695288359415,1897758545730
7695321648115,1897768481012
7695354938715,1897781949071
7695388226515,1897795477133
7695421517115,1897812470248
7695454806215,1897830251780
7695488094815,1897845255297
7695521384915,1897863986428
7695554674515,1897878496015
7695587962415,1897898025347
7695621252515,1897911787192
7695654573915,1897931838648
7695687831815,1897951532695
7695721120915,1897964906141
7695754415315,1897977564332
7695787699915,1897995713008
7695820988515,1898014785140
7695854283715,1898033582749
7695887568515,1898050615043
7695920887115,1898066969797
7695954152115,1898085350424
7695987436815,1898103282256
7696020725915,1898122514842
7696054015415,1898141837059
7696087304415,1898160749074
7696120593115,1898177961499
7696153883715,1898197464925
7696187174515,1898219385545
7696220461315,1898239168003
7696253751715,1898258325267
7696287040315,1898278172885
7696320329215,1898297831516
7696353619715,1898323880098
7696386913015,1898340877157
7696420199015,1898360438096
7696453487415,1898379345481
7696486781815,1898399649445
7696520067415,1898418237457
7696553354615,1898433535697
7696586650115,1898453542043
7696619934515,1898476697024
7696653223915,1898495225865
7696686518715,1898512730321
7696719803015,1898524952274
7696753092315,1898543462592
7696786381015,1898561223063
7696819670915,1898572277205
7696852959415,1898589641801
7696886249515,1898606901577
7696919538315,1898625531423
7696952846215,1898644473581
7696986118215,1898663454211
7697019408215,1898683740262
7697052695715,1898703387782
7697085985915,1898723657382
7697119280615,1898745198310
7697152563915,1898768672246
7697185854415,1898798752148
7697219177515,1898835341657
7697252470415,1898861209019
7697285721715,1898891769133
7697319016615,1898917150258
7697352300615,1898948059946
7697385590315,1898974907965
7697418885115,1898995170043
7697452168415,1899015785345
7697485459115,1899033193889
7697518747215,1899053940835
7697552037615,1899077051231
7697585325715,1899098211684
7697618615715,1899118905863
7697651904815,1899139358342
7697685193815,1899160863538
7697718484115,1899174424414
7697751774215,1899194757346
7697785062015,1899213242006
7697818352415,1899235262529
7697851646415,1899254356430
7697884930315,1899274581958
7697918220915,1899292484999
7697951543715,1899318447348
7697984798915,1899342975673
7698018088315,1899368713869
7698051383315,1899392189152
7698084669215,1899414740241
7698117964915,1899440596868
7698151251015,1899462843731
7698184535315,1899486449007
7698217824015,1899515097833
7698251113615,1899537031892
7698284405015,1899550252892
7698317693515,1899569058291
7698350982015,1899589844706
7698384272115,1899608382647
7698417560015,1899633224370
7698450850615,1899658237522
7698484138715,1899683848293
7698517428315,1899709549296
7698550718915,1899732388223
7698584044015,1899753759604
7698617296515,1899774029441
7698650587015,1899792574840
7698683910615,1899815106970
7698717165815,1899837333117
7698750454415,1899867465750
7698783749215,1899891253162
7698817034715,1899912863113
7698850325415,1899942874618
7698883617615,1899965876194
7698916901315,1899987544549
7698950192215,1900006781725
7698983479515,1900026411163
7699016770415,1900049409372
7699050060515,1900072262719
7699083349715,1900094139223
7699116638015,1900117160500
7699149926415,1900136290854
7699183217815,1900154258519
7699216505615,1900172205379
7699249794815,1900188308490
7699283085115,1900202758014
7699316377215,1900215452099
7699349662715,1900225979556
7699382953415,1900233706308
7699416249215,1900240042285
7699449550615,1900252064437
7699482820615,1900265166584
7699516115115,1900278120763
7699549411315,1900289383382
7699582688615,1900304203047
7699615991415,1900318791844
7699649267815,1900331679827
7699682557715,1900345354754
7699715846515,1900360778754
7699749136315,1900378621779
7699782426715,1900398505257
7699815713515,1900416796489
7699849004415,1900431888229
7699882293115,1900447693175
7699915640115,1900465546980
7699948871615,1900476620657
7699982160815,1900493852355
7700015451415,1900510482251
7700048744415,1900526823930
7700082029215,1900544759677
7700115319815,1900560246889
7700148616515,1900578201544
7700181897215,1900596546357
7700215187815,1900615492993
7700248482015,1900630355681
7700281766415,1900644525730
7700315055315,1900661679893
7700348350615,1900678883425
7700381634515,1900694960705
7700414924215,1900710421857
7700448212515,1900726808057
7700481502515,1900743838483
7700514792515,1900764343620
7700548081015,1900780966424
7700581370915,1900799521834
7700614659215,1900819110177
7700647949615,1900836688525
7700681238915,1900854273344
7700714527515,1900874557350
7700747821015,1900892453158
7700781130815,1900906187359
7700814395515,1900928281803
7700847686015,1900951349443
7700881005415,1900968108833
7700914263215,1900985670408
7700947553915,1901000701600
7700980850215,1901016281212
7701014132715,1901026735691
7701047422715,1901044863603
7701080716815,1901056611917
7701114001315,1901071282147
7701147289515,1901084577313
7701180578815,1901097367693
7701213869115,1901113062519
7701247192315,1901125263609
7701280446715,1901137801899
7701313737415,1901150258822
7701347026615,1901160289209
7701380316315,1901174716278
7701413605415,1901184062849
7701446893615,1901199203215
7701480185415,1901209055041
7701513475215,1901221226069
7701546761815,1901232355654
7701580052415,1901251164664
7701613347115,1901270931260
7701646630215,1901286725750
7701679920615,1901301742871
7701713216015,1901321220038
7701746499215,1901329946256
7701779789215,1901345942136
7701813083215,1901365952929
7701846367815,1901385981242
7701879655615,1901403481174
7701912944815,1901423534122
7701946235215,1901439562052
7701979524615,1901462106400
7702012813215,1901484984536
7702046103515,1901506356945
7702079394015,1901524822020
7702112681315,1901543374514
7702145971815,1901561329204
7702179259615,1901580108384
7702212573415,1901604241511
7702245841215,1901628057981
7702279144815,1901656343162
7702312418815,1901678635337
7702345714715,1901702110095
7702378996715,1901715677867
7702412286915,1901736110716
7702445583415,1901755584379
7702478864715,1901775097017
7702512155315,1901794511740
7702545449515,1901811959788
7702578733515,1901830489862
7702612022015,1901850415228
7702645311615,1901866509527
7702678601515,1901884836057
7702711892115,1901904110576
7702745179415,1901923874399
7702778469815,1901943052017
7702811759615,1901963181376
7702845047715,1901982852930
7702878338215,1902001686937
7702911627815,1902023700812
7702944916715,1902048309864
7702978208515,1902074262033
7703011494615,1902101356998
7703044785115,1902127472106
7703078080815,1902153103998
7703111362915,1902181906271
7703144653515,1902211587617
7703177948615,1902242523421
7703211230715,1902268338285
7703244521515,1902295229819
7703277847315,1902322958883
7703311100515,1902351213518
7703344389115,1902375881394
7703377678015,1902404834375
7703410968315,1902432149828
7703444256515,1902460022215
7703477546015,1902483185915
7703510836315,1902513407841
7703544144815,1902546988695
7703577413715,1902582905331
7703610704515,1902624691261
7703643994215,1902664390944
7703677283515,1902704396455
7703710574915,1902737589773
7703743861015,1902776908531
7703777152515,1902813981004
7703810448515,1902851943215
7703843729315,1902889108842
7703877019815,1902927551186
7703910314515,1902965816485
7703943597015,1903004016094
7703976888215,1903040961556
7704010183915,1903078011436
7704043466715,1903112985688
7704076755415,1903142728127
7704110043815,1903165134051
7704143336015,1903201652029
7704176622815,1903239388751
7704209912015,1903278243916
7704243202615,1903316234770
7704276492015,1903351004962
7704309780815,1903387165229
7704343070815,1903424624140
7704376360215,1903461267395
7704409657515,1903498081178
7704442941215,1903534193623
7704476227315,1903570517738
7704509517815,1903607658821
7704542811715,1903646675808
7704576099015,1903685018143
7704609386315,1903721917996
7704642683415,1903759117616
7704675963715,1903787203841
7704709254315,1903825925865
7704742549915,1903872207835
7704775831915,1903908063387
7704809122615,1903945656406
7704842412115,1903983167888
7704875729215,1904019383941
7704908989615,1904056049314
7704942278415,1904094342368
7704975568915,1904130626164
7705008858415,1904168630579
7705042147015,1904204312133
7705075436915,1904242896832
7705108727815,1904279963608
7705142014515,1904316198040
7705175307315,1904345512178
7705208594215,1904378729770
7705241883915,1904408141383
7705275178915,1904432820223
7705308461915,1904458032916
7705341752815,1904484246167
7705375049215,1904516176725
7705408330315,1904539322277
7705441621115,1904565472400
7705474917415,1904590562661
7705508197815,1904619179417
7705541488215,1904646682149
7705574778115,1904671549989
7705608067215,1904690197032
7705641356815,1904714363315
7705674645315,1904738840660
7705707935615,1904767394551
7705741242215,1904798506779
7705774513015,1904822893392
7705807803715,1904854825950
7705841101715,1904880762735
7705874381915,1904905930939
7705907674515,1904935860515
7705940961615,1904964430956
7705974250715,1904987559261
7706007545515,1905013452942
7706040828215,1905035067125
7706074118815,1905061187670
7706107412915,1905091772307
7706140696415,1905117182144
7706173986615,1905144311687
7706207314715,1905172031760
7706240564215,1905206670317
7706273854915,1905227805546
7706307144815,1905253795627
7706340435615,1905279639828
7706373723215,1905304089733
7706407010915,1905337771167
7706440302915,1905368058340
7706473607515,1905402421806
7706506879715,1905431749157
7706540170415,1905461698669
7706573460115,1905491169518
7706606747415,1905522421431
7706640038915,1905551262964
7706673329315,1905582379275
7706706617815,1905612154870
7706739911715,1905642562386
7706773194715,1905670379498
7706806486015,1905694589342
7706839779015,1905720576688
7706873063015,1905748947011
7706906353515,1905775166440
7706939648715,1905800915718
7706972931015,1905827703912
7707006221715,1905854364240
7707039515715,1905884795172
7707072821615,1905911355480
7707106089815,1905936650254
7707139377615,1905967734815
7707172691415,1905996260066
7707205956115,1906020528274
7707239245915,1906047865903
7707272536415,1906077359944
7707305825615,1906100715282
7707339114315,1906126735101
7707372406715,1906153344886
7707405694815,1906179713499
7707438982015,1906200290051
7707472278415,1906218920221
7707505561115,1906242351154
7707538890915,1906268052105
7707572145815,1906290432254
7707605428915,1906316709686
7707638719515,1906344354288
7707672015515,1906370809215
7707705297215,1906404323350
7707738587615,1906438414164
7707771881815,1906467941656
7707805165415,1906496997334
7707838455615,1906523989211
7707871744115,1906544561220
7707905034415,1906573443683
7707938323515,1906600384226
7707971612415,1906627351987
7708004902815,1906659862946
7708038192815,1906692502158
7708071480515,1906729772120
7708104771715,1906764944895
7708138060515,1906794418839
7708171348515,1906831089945
7708204644615,1906861567254
7708237927515,1906890767494
7708271217815,1906919250641
7708304512315,1906946724516
7708337795215,1906974733173
7708371089215,1907003083584
7708404403815,1907033098642
7708437663715,1907070913462
7708470954115,1907106280518
7708504281815,1907142595614
7708537531215,1907176480695
7708570822215,1907196210586
7708604111915,1907226355853
7708637400215,1907256867230
7708670690815,1907290526518
7708703978715,1907318987168
7708737269015,1907351665431
7708770557115,1907382126040
7708803847115,1907412620956
7708837137715,1907443157301
7708870426315,1907472003810
7708903715015,1907501169118
7708937010915,1907531645446
7708970295115,1907563055096
7709003585115,1907598397455
7709036879615,1907629552995
7709070162015,1907659882792
7709103453215,1907689361829
7709136747015,1907720139028
7709170030315,1907750437838
7709203320215,1907773462522
7709236609615,1907797111682
7709269898015,1907819293984
7709303188515,1907840397923
7709336478515,1907862654618
7709369769215,1907877942449
7709403056915,1907893259007
7709436344815,1907907951243
7709469635515,1907920716353
7709502923715,1907937562132
7709536213015,1907954672792
7709569504215,1907971200240
7709602792515,1907988977717
7709636081415,1908007414251
7709669377415,1908026474327
7709702661715,1908048300403
7709735949015,1908071559995
7709769245915,1908095455707
7709802528515,1908120939075
7709835850615,1908146293421
7709869113415,1908171734167
7709902417115,1908195859061
7709935687315,1908217824715
7709968976315,1908236833540
7710002264115,1908259180904
7710035555015,1908284170850
7710068845415,1908310157116
7710102132515,1908337406399
7710135423215,1908367209438
7710168711715,1908386818149
7710202001715,1908412209356
7710235290715,1908438330291
7710268580115,1908467308596
7710301871015,1908495879754
7710335160115,1908528091081
7710368447715,1908552569164
7710401743915,1908587989736
7710435027615,1908617499600
7710468315515,1908644304099
7710501612015,1908674797663
7710534896115,1908702309974
7710568184915,1908726091563
7710601481115,1908756912849
7710634762615,1908787529396
7710668053115,1908815230213
7710701356715,1908841837853
7710734631415,1908886922159
7710767921415,1908916236676
7710801229115,1908942151138
7710834499115,1908966394367
7710867789515,1908996931525
7710901079115,1909024529520
7710934367915,1909050539926
7710967657215,1909073882359
7711000945815,1909097042248
7711034237715,1909120172130
7711067524915,1909144456382
7711100814315,1909168381585
7711134110015,1909194204814
7711167444615,1909222354978
7711200682015,1909250782804
7711233978415,1909281906810
7711267262115,1909318634612
7711300551715,1909344612304
7711333846915,1909369505158
7711367129015,1909395469423
7711400420215,1909421877336
7711433716215,1909446049023
7711466997115,1909469798517
7711500287715,1909493498198
7711533576815,1909511820270
7711566865415,1909530039322
7711600155415,1909548051879
7711633445415,1909565270833
7711666734815,1909585066168
7711700023715,1909604236305
7711733312315,1909620573469
7711766605615,1909639884947
7711799891315,1909659512100
7711833180415,1909678923361
7711866476615,1909699217209
7711899759915,1909719495898
7711933048415,1909739293758
7711966344515,1909758303810
7711999630115,1909776552354
7712032936115,1909790975036
7712066213615,1909809424945
7712099495615,1909827695570
7712132791715,1909845163493
7712166074215,1909861907291
7712199363615,1909876792058
7712232653615,1909891613198
7712265944615,1909909867035
7712299232115,1909928893693
7712332522415,1909949691190
7712365812315,1909966659087
7712399099815,1909983835347
7712432389915,1910001882953
7712465680115,1910019291188
7712498999915,1910035819267
7712532257615,1910053703543
7712565546615,1910072480655
7712598842715,1910093817775
7712632127115,1910113676258
7712665415415,1910134051792
7712698710815,1910156917937
7712731995515,1910181102190
7712765283115,1910205686139
7712798579815,1910225944998
7712831869615,1910248506472
7712865152015,1910271065496
7712898441515,1910294816543
7712931730115,1910320786370
7712965020615,1910345442803
7712998310315,1910371225726
7713031598115,1910401959056
7713064888515,1910431157468
7713098178115,1910462998561
7713131466415,1910493559004
7713164756315,1910526061294
7713198045915,1910554899432
7713231336015,1910591345449
7713264625115,1910628769436
7713297913515,1910660776350
7713331224415,1910691311991
7713364514115,1910722147354
7713397781515,1910752591772
7713431077615,1910783111028
7713464381915,1910814790910
7713497649415,1910848186325
7713530945915,1910881480541
7713564237615,1910914928969
7713597518715,1910948857125
7713630811815,1910981817072
7713664096415,1911015804346
7713697386915,1911053654877
7713730675115,1911088195439
7713763964515,1911123127859
7713797254915,1911157091056
7713830544215,1911192361097
7713863832115,1911225409427
7713897122915,1911265316566
7713930412615,1911305762781
7713963706715,1911340444179
7713996990415,1911377808426
7714030279415,1911414908385
7714063576915,1911450490068
7714096858115,1911486238944
7714130147715,1911520355425
7714163444315,1911556780810
7714196728215,1911595302021
7714230016215,1911631724591
7714263312415,1911666797131
7714296597015,1911698884573
7714329886315,1911730096151
7714363178115,1911760834697
7714396462615,1911790655991
7714429753815,1911823229182
7714463045015,1911855431304
7714496330915,1911885013192
7714529621415,1911915495526
7714562910615,1911944586922
7714596199015,1911972957217
7714629489215,1912007225336
7714662780115,1912040656020
7714696066915,1912074411198
7714729357215,1912109483157
7714762645915,1912136105223
7714795960815,1912162315700
7714829224815,1912189351748
7714862513815,1912212943743
7714895810615,1912236250022
7714929093715,1912255886932
7714962382115,1912277934169
7714995678815,1912300214724
7715028962815,1912321123222
7715062250315,1912342990611
7715095544215,1912366395739
7715128829415,1912384485890
7715162119115,1912409104128
7715195407715,1912435714772
7715228697215,1912455517050
7715261987215,1912475751309
7715295277615,1912492948594
7715328565315,1912509953756
7715361855815,1912525926897
7715395146115,1912541108937
7715428434015,1912558427997
7715461723515,1912576159560
7715495012515,1912596387861
7715528308215,1912616490841
7715561591515,1912640725645
7715594880515,1912663757137
7715628176615,1912685385822
7715661460415,1912707767986
7715694748315,1912730284475
7715728045215,1912746265841
7715761328415,1912766900045
7715794616715,1912786799393
7715827913715,1912802431569
7715861207715,1912817688045
7715894485515,1912836663147
7715927775315,1912857152244
7715961063415,1912871850936
7715994354215,1912889614011
7716027642115,1912911560113
7716060931915,1912938665999
7716094222415,1912963425475
7716127545815,1912985226304
7716160799315,1913005814270
7716194090115,1913025113415
7716227380115,1913045100171
7716260675715,1913066593288
7716293957915,1913088892444
7716327247315,1913110213525
7716360546915,1913130791803
7716393825815,1913155927778
7716427114815,1913176297238
7716460411415,1913197281994
7716493694515,1913215476153
7716526983115,1913235312850
7716560279815,1913256963768
7716593562915,1913281567067
7716626853215,1913301304962
7716660141515,1913322742118
7716693429815,1913344259441
7716726721615,1913366640779
7716760008715,1913387306597
7716793298215,1913409095684
7716826588915,1913431477860
7716859877815,1913453920710
7716893166315,1913478482003
7716926456115,1913501879684
7716959746415,1913524470432
7716993050015,1913548819076
7717026324415,1913578050500
7717059613215,1913602789338
7717092910215,1913625150747
7717126191915,1913650976639
7717159481315,1913677420271
7717192777615,1913701361088
7717226060915,1913721692388
7717259349315,1913746681301
7717292642915,1913773951048
7717325930115,1913804324678
7717359217615,1913834704533
7717392508215,1913864102201
7717425796215,1913893675186
7717459111815,1913923661172
7717492375115,1913962300453
7717525665015,1913996642508
7717558955515,1914032174117
7717592244415,1914069236736
7717625532715,1914101055890
7717658822715,1914130689213
7717692113415,1914168375048
7717725406615,1914201425830
7717758691715,1914238371879
7717791979115,1914275445784
7717825275415,1914309915761
7717858559515,1914346485015
7717891847615,1914384293059
7717925144515,1914412049877
7717958428015,1914445625647
7717991715815,1914480194208
7718025012515,1914513985024
7718058296115,1914548050691
7718091583815,1914580429166
7718124874515,1914611337953
7718158164015,1914640362965
7718191453015,1914670719378
7718224742815,1914704200137
7718258034415,1914734292216
7718291321515,1914764524705
7718324634615,1914792534570
7718357899115,1914819992780
7718391189015,1914844716379
7718424483615,1914866326657
7718457772415,1914890101965
7718491057715,1914908910743
7718524347115,1914931244583
7718557643115,1914950312014
7718590925915,1914967119187
7718624214415,1914984191154
7718657511715,1915000673907
7718690792915,1915019134727
7718724082215,1915038676187
7718757378915,1915057321722
7718790711615,1915076301099
7718823950115,1915095819732
7718857240715,1915119039637
7718890530215,1915139009082
7718923819515,1915157660748
7718957109115,1915181290308
7718990397415,1915199774031
7719023688915,1915218987146
7719056975815,1915237530834
7719090265215,1915257558714
7719123555915,1915279235803
7719156845315,1915305277198
7719190138115,1915331520077
7719223423115,1915359047335
7719256713715,1915391930419
7719290009915,1915410690475
7719323291915,1915433346689
7719356580315,1915462512634
7719389878515,1915495410904
7719423160815,1915524635346
7719456448815,1915559729457
7719489744915,1915596580677
7719523028215,1915631427353
7719556316715,1915663897301
7719589606815,1915701183045
7719622898015,1915740286272
7719656206615,1915779556524
7719689475515,1915810674499
7719722763415,1915845893005
7719756067915,1915879754120
7719789342015,1915905745172
7719822631615,1915935068814
7719855921915,1915955389185
7719889212615,1915975624985
7719922504715,1915992888171
7719955789815,1916013379474
7719989080415,1916040995670
7720022373515,1916061620881
7720055658015,1916082135824
7720088947815,1916104257894
7720122277215,1916126123355
7720155539115,1916148622710
7720188815315,1916172663578
7720222111615,1916203523738
7720255399315,1916235397330
7720288682915,1916266986724
7720321973715,1916298272132
7720355422415,1916324749634
7720388550815,1916356111830
7720421841815,1916386672684
7720455153015,1916418768292
7720488420115,1916452606115
7720521710115,1916483431344
7720554998215,1916512924986
7720588288415,1916538397224
7720621578715,1916561850897
7720654870915,1916586166913
7720688156015,1916602849802
7720721446615,1916617486561
7720754740115,1916632264889
7720788025015,1916647293470
7720821314715,1916665576484
7720854610215,1916683065458
7720887892915,1916705059570
7720921181215,1916725320346
7720954478715,1916751378808
7720987760215,1916777084878
7721021049215,1916796821896
7721054339515,1916823193448
7721087661815,1916847173001
7721120917415,1916871427115
7721154207715,1916895819941
7721187497315,1916921410878
7721220786815,1916951561446
7721254076615,1916975617697
7721287364515,1916997935949
7721320655815,1917022994228
7721353942515,1917046243116
7721387237515,1917070401388
7721420523515,1917088726800
7721453812115,1917111659096
7721487106115,1917130794035
7721520390915,1917146925035
7721553680815,1917169544051
7721586977615,1917187529093
7721620259315,1917202367232
7721653547315,1917224766730
7721686845615,1917247473124
7721720126215,1917273134013
7721753416015,1917295923630
7721786706615,1917310575180
7721819996515,1917332554426
7721853284215,1917344914124
7721886574315,1917364864898
7721919864915,1917384701711
7721953152715,1917404847363
7721986442715,1917421506786
7722019730915,1917438766836
7722053025215,1917460613649
7722086309315,1917483362287
7722119603515,1917511796030
7722152889415,1917534822190
7722186178215,1917552904725
7722219473115,1917576188429
7722252757215,1917599330238
7722286047515,1917618633509
7722319341715,1917642753647
7722352625515,1917665577309
7722385914315,1917688198513
7722419245715,1917710344344
7722452492815,1917733305164
7722485782215,1917755136478
7722519072215,1917777912322
7722552361615,1917799852247
7722585650515,1917821627362
7722618940915,1917844145093
7722652231215,1917865943248
7722685518415,1917880500797
7722718808715,1917902503738
7722752097415,1917922740783
7722785387415,1917946745200
7722818683115,1917973121020
7722851969715,1917999845285
7722885255715,1918029226231
7722918546015,1918049986037
7722951840715,1918070659521
7722985124015,1918090501269
7723018414515,1918115056705
7723051707715,1918141140343
7723084992215,1918166282488
7723118280515,1918187700011
7723151577115,1918204069541
7723184860415,1918220345731
7723218148615,1918236113196
7723251439115,1918254341226
7723284737115,1918274618339
7723318016515,1918293915408
7723351307315,1918312930508
7723384596115,1918329418407
7723417884615,1918341687339
7723451175115,1918359470118
7723484492115,1918377429732
7723517753715,1918395194227
7723551043815,1918413807408
7723584336715,1918432678401
7723617622215,1918453773745
7723650910315,1918473723408
7723684205715,1918493923569
7723717489815,1918511943537
7723750801015,1918527599728
7723784073915,1918546334114
7723817358715,1918562486098
7723850649115,1918576802291
7723883944015,1918594874826
7723917226715,1918612977073
7723950518015,1918634749058
7723983806415,1918659192152
7724017094015,1918685355642
7724050383015,1918709398149
7724083673415,1918731107293
7724116962315,1918749537299
7724150251215,1918770303143
7724183541415,1918790809056
7724216831115,1918806369521
7724250120915,1918827109292
7724283409615,1918846379550
7724316702415,1918869168559
7724349991115,1918893134713
7724383276615,1918910560760
7724416571715,1918931105309
7724449858315,1918948737861
7724483146115,1918969356554
7724516440615,1918987023426
7724549724915,1919007174823
7724583014715,1919022879041
7724616327615,1919036932504
7724649592715,1919050085246
7724682881315,1919067409904
7724716179115,1919081233053
7724749460215,1919096708592
7724782749415,1919110871388
7724816039715,1919123813924
7724849328715,1919137019131
7724882617715,1919153625813
7724915907715,1919166392289
7724949197815,1919178270254
7724982486015,1919195223776
7725015776515,1919209210164
7725049069215,1919226547326
7725082388715,1919244582317
7725115643415,1919260010101
7725148938315,1919279176787
7725182222615,1919295910127
7725215512615,1919315891061
7725248806615,1919332682852
7725282091315,1919350441580
7725315381515,1919367443261
7725348674615,1919385877578
7725381959115,1919403306987
7725415247715,1919419828926
7725448538015,1919436174036
7725481827315,1919451664296
7725515115815,1919469808921
7725548406115,1919487560971
7725581695215,1919508184678
7725614984015,1919525138963
7725648274115,1919541657633
7725681563415,1919558835736
7725714851915,1919575868063
7725748142615,1919592272760
7725781436515,1919608264025
7725814720915,1919624192731
7725848013315,1919640916661
7725881305015,1919657357794
7725914590615,1919674624814
7725947900415,1919691579683
7725981173315,1919707438764
7726014457715,1919725208216
7726047761515,1919743151254
7726081041615,1919762377185
7726114325515,1919783056724
7726147615015,1919802487873
7726180904515,1919821014940
7726214194515,1919842217543
7726247482015,1919863041657
7726280773015,1919883378632
7726314060815,1919905889242
7726347350715,1919930117788
7726380640415,1919953071469
7726413929915,1919977117995
7726447217815,1920000228827
7726480509015,1920026125075
7726513802415,1920051486221
7726547088715,1920076647419
7726580376415,1920102583752
7726613671015,1920129300996
7726646956715,1920151603996
7726680244315,1920177115720
7726713539115,1920199804043
7726746824015,1920220694594
7726780112815,1920242368243
7726813407815,1920264116868
7726846691915,1920284465471
7726879981515,1920305498939
7726913271215,1920327196689
7726946559915,1920347234745
7726979848415,1920365534222
7727013140115,1920385863275
7727046427815,1920405852330
7727079716515,1920428030045
7727113006915,1920448611008
7727146296415,1920468657505
7727179584515,1920490700696
7727212875315,1920513670577
7727246170815,1920532574990
7727279452815,1920552311186
7727312742815,1920571383471
7727346037615,1920590019261
7727379359415,1920607288402
7727412610515,1920622785862
7727445905715,1920636696578
7727479190715,1920652196140
7727512480615,1920667431447
7727545773915,1920681475933
7727579058415,1920694577543
7727612347915,1920708983535
7727645636115,1920725916803
7727678926715,1920745795081
7727712216215,1920763398648
7727745508515,1920778656037
7727778793415,1920794356259
7727812083015,1920813373618
7727845373515,1920828764595
7727878663715,1920847741980
7727911951215,1920865457901
7727945241415,1920883573391
7727978536215,1920897884108
7728011818715,1920921576160
7728045109415,1920943783770
7728078433115,1920969228896
7728111688315,1921001589262
7728144978115,1921028140111
7728178272315,1921049730290
7728211556315,1921083778256
7728244845715,1921113475622
7728278140415,1921141698823
7728311424715,1921175811270
7728344713815,1921195628044
7728378001815,1921220294895
7728411292615,1921246862528
7728444581315,1921272267562
7728477871815,1921297795874
7728511161415,1921318934014
7728544449715,1921336197243
7728577739915,1921361470072
7728611027815,1921385757058
7728644317315,1921406497813
7728677607915,1921432169183
7728710937315,1921458961663
7728744185815,1921488507946
7728777475815,1921519261499
7728810800215,1921548786936
7728844054515,1921580188132
7728877344515,1921610935000
7728910638215,1921632464851
7728943924115,1921661758186
7728977211515,1921689540184
7729010506815,1921712249897
7729043791415,1921737310435
7729077080315,1921765154951
7729110368215,1921786193492
7729143659315,1921813409178
7729176948815,1921839675066
7729210238515,1921867309439
7729243527315,1921894116181
7729276816115,1921918539441
7729310107315,1921943011069
7729343394015,1921966070645
7729376684115,1921990071176
7729409974715,1922015602041
7729443268115,1922036861538
7729476551915,1922057036096
7729509841815,1922077567705
7729543139315,1922091202221
7729576424615,1922104435756
7729609710315,1922122312487
7729643022215,1922138082166
7729676289315,1922154439907
7729709577715,1922171817658
7729742873115,1922189412440
7729776157615,1922207599345
7729809446715,1922226194208
7729842735115,1922242682198
7729876025615,1922262793015
7729909315815,1922287295298
7729942603415,1922309777198
7729975893615,1922331071990
7730009181915,1922358394456
7730042514315,1922380600153
7730075761115,1922403972128
7730109050315,1922423526649
7730142340615,1922447120778
7730175633815,1922470741931
7730208918315,1922493794306
7730242209015,1922521282253
7730275505715,1922540780037
7730308786415,1922561380334
7730342076815,1922582597698
7730375371215,1922602624912
7730408664115,1922623401835
7730441944915,1922644446005
7730475239715,1922666051884
7730508524115,1922681043525
7730541814115,1922702352584
7730575101115,1922724406282
7730608392115,1922739821048
7730641682215,1922763877461
7730674969315,1922786552386
7730708259915,1922812557031
7730741548415,1922837290435
7730774838115,1922856926837
7730808128515,1922876567737
7730841416415,1922901884101
7730874707215,1922919763889
7730908015115,1922944159805
7730941284815,1922964915692
7730974575215,1922988507735
7731007871115,1923009203000
7731041152615,1923034792217
7731074442915,1923055900055
7731107767215,1923076530632
7731141021815,1923098286708
7731174311215,1923114653017
7731207605615,1923136161779
7731240890015,1923161717302
7731274178615,1923181556127
7731307468015,1923209298524
7731340758215,1923229103480
7731374075615,1923250964730
7731407335815,1923272709982
7731440626315,1923294205851
7731473917315,1923307555510
7731507205115,1923326679869
7731540497515,1923345165048
7731573783415,1923363673527
7731607074215,1923381425266
7731640364415,1923399060236
7731673651115,1923413335079
7731706941515,1923432063244
7731740236615,1923447956737
7731773519615,1923464626673
7731806809715,1923481496187
7731840105315,1923498289510
7731873389215,1923514581107
7731906677815,1923531123501
7731939972315,1923547089398
7731973257315,1923563663068
7732006545115,1923580368974
7732039834315,1923595406401
7732073123415,1923611357286
7732106414215,1923627129570
7732139702415,1923642818267
7732172992815,1923657424677
7732206282515,1923674533082
7732239598915,1923690179633
7732272860915,1923708200074
7732306149415,1923727578054
7732339447615,1923744309348
7732372731115,1923760581578
7732406017615,1923775830664
7732439307715,1923790791010
7732472603515,1923805788976
7732505885415,1923820657017
7732539175815,1923834394497
7732572472715,1923847136227
7732605754115,1923861330114
7732639044215,1923877488449
7732672342615,1923905593730
7732705658115,1923921471247
7732738911215,1923937864956
7732772200315,1923953036786
7732805490715,1923967614042
7732838780215,1923983167086
7732872068615,1923996502745
7732905359315,1924008359192
7732938649415,1924018729170
7732971936715,1924028848657
7733005227415,1924038214156
7733038515815,1924042505971
7733071806115,1924048196403
7733105097815,1924053525459
7733138383615,1924068203983
7733171674215,1924080122953
7733204970515,1924090262331
7733238251915,1924102517118
7733271542515,1924114015097
7733304837715,1924124287997
7733338120415,1924132789599
7733371410815,1924143104403
7733404706515,1924147330301
7733437991515,1924156613793
7733471278215,1924167899527
7733504566515,1924181574023
7733537872815,1924195933955
7733571169015,1924211155812
7733604435215,1924227344697
7733637725415,1924243010954
7733671033215,1924258040659
7733704303115,1924272687777
7733737593615,1924284853278
7733770882815,1924297587173
7733804172415,1924309899996
7733837464215,1924323467255
7733870750115,1924337521784
7733904040515,1924344734593
7733937334715,1924360945299
7733970618415,1924377088750
7734003908815,1924398535174
7734037237915,1924417325583
7734070486415,1924435179512
7734103776915,1924454221302
7734137072415,1924471588390
7734170356615,1924487648262
7734203645215,1924505120529
7734236933315,1924521200878
7734270224315,1924536946772
7734303512215,1924550940198
7734336801415,1924561999108
7734370091515,1924577046740
7734403381215,1924590995088
7734436669415,1924605669053
7734469960415,1924621118595
7734503249415,1924638284627
7734536539315,1924651625577
7734569845615,1924667243438
7734603116215,1924676798383
7734636407415,1924687654227
7734669700815,1924698404718
7734702984715,1924707147960
7734736275215,1924714368723
7734769570815,1924723881124
7734802852915,1924733860776
7734836143215,1924755084042
7734869440215,1924777103673
7734902720915,1924795742488
7734936011515,1924817643338
7734969299815,1924840999753
7735002627715,1924862315753
7735035878415,1924885460876
7735069167915,1924904703516
7735102457515,1924922675310
7735135748515,1924940477294
7735169036015,1924953199800
7735202326315,1924971783438
7735235615715,1924990771045
7735268903815,1925011031902
7735302196515,1925031958502
7735335497215,1925050649458
7735368773315,1925069144196
7735402066915,1925082780520
7735435351315,1925103809521
7735468641715,1925134770753
7735501938215,1925153245570
7735535219215,1925167613067
7735568509315,1925177542035
7735601807015,1925188861772
7735635087115,1925207182962
7735668377415,1925234626843
7735701666115,1925260081323
7735734956115,1925288179777
7735768246115,1925320692462
7735801534215,1925357309047
7735834824615,1925395955318
7735868113315,1925435164987
7735901402215,1925465323408
7735934692415,1925496152266
7735967982115,1925534117864
7736001270115,1925572193030
7736034562815,1925604342578
7736067849515,1925626860410
7736101155315,1925656890539
7736134435015,1925693017259
7736167717215,1925721733814
7736201007915,1925747586355
7736234302015,1925762274426
7736267585615,1925789296756
7736300875715,1925816782102
7736334203315,1925848575023
7736367453215,1925879629727
7736400744415,1925916630451
7736434033515,1925949342295
7736467322715,1925983117083
7736500611915,1926016235036
7736533901015,1926051855141
7736567192015,1926078050038
7736600479015,1926109810380
7736633768315,1926140025391
7736667059215,1926176343414
7736700348215,1926211715327
7736733636715,1926248846357
7736766928815,1926287367187
7736800216815,1926324258278
7736833506715,1926355294963
7736866807415,1926392856875
7736900083515,1926428504952
7736933374615,1926466971017
7736966668415,1926500830205
7736999951915,1926537235700
7737033242215,1926574480847
7737066539115,1926612609659
7737099819815,1926647877709
7737133110315,1926684441129
7737166401115,1926721379726
7737199699115,1926757513095
7737232978215,1926795337771
7737266266715,1926831872828
7737299557215,1926867594639
7737332845315,1926901837771
7737366135015,1926934432719
7737399425315,1926972103430
7737432715015,1927003640457
7737466003215,1927039542178
7737499296115,1927076016119
7737532583815,1927113637315
7737565870715,1927149198715
7737599167315,1927187999698
7737632449915,1927226494376
7737665763515,1927252449080
7737699034615,1927290966258
7737732317915,1927329339027
7737765608615,1927368089074
7737798905115,1927405096054
7737832186615,1927443305541
7737865476815,1927483264287
7737898771315,1927517339427
7737932054515,1927555243504
7737965344615,1927581888920
7737998636915,1927617709251
7738031923515,1927653516627
7738065212415,1927689608058
7738098501515,1927714246484
7738131792315,1927734866632
7738165081915,1927769162219
7738198369315,1927803367226
7738231661815,1927842362559
7738264950315,1927881672618
7738298237515,1927916632345
7738331533515,1927954989225
7738364816715,1927994661206
7738398106315,1928033325954
7738431402115,1928064674331
7738464684815,1928098710400
7738497975015,1928134082863
7738531290015,1928168772659
7738564552515,1928205971320
7738597843115,1928232741854
7738631133115,1928269315347
7738664420715,1928307339553
7738697711215,1928343579121
7738731000615,1928379881910
7738764290115,1928416475058
7738797578915,1928450557950
7738830867715,1928489100901
7738864158115,1928521511697
7738897446515,1928553084228
7738930735715,1928584073650
7738964027815,1928622111982
7738997348015,1928654152635
7739030603915,1928690900940
7739063900015,1928724241143
7739097185415,1928757637696
7739130473515,1928787560506
7739163768915,1928818874670
7739197052815,1928848268907
7739230342415,1928877433026
7739263636015,1928914818599
7739296918915,1928951410418
7739330209415,1928988982985
7739363498615,1929026981124
7739396786815,1929057960328
7739430077315,1929091515348
7739463367415,1929128748874
7739496657315,1929159264209
7739529945515,1929192855530
7739563233915,1929221384553
7739596525015,1929259637947
7739629812915,1929287406033
7739663102315,1929319940683
7739696393915,1929352241654
7739729681715,1929385967109
7739762970315,1929420276387
7739796266415,1929450713403
7739829551415,1929482600606
7739862860815,1929521144652
7739896137615,1929555531434
7739929418715,1929591202490
7739962724915,1929626607759
7739996001815,1929662115333
7740029285315,1929698627748
7740062576015,1929734534759
7740095864515,1929770819072
7740129153415,1929808086064
7740162444015,1929845948244
7740195734015,1929883524109
7740229021315,1929918841713
7740262312115,1929955587737
7740295600215,1929993613752
7740328890115,1930029572619
7740362178915,1930068791130
7740395468215,1930104185389
7740428760015,1930140704983
7740462049115,1930174805797
7740495336615,1930212560652
7740528632515,1930249281162
7740561917115,1930284198374
7740595204215,1930319206689
7740628501015,1930353556193
7740661790715,1930389308585
7740695073215,1930429577385
7740728369415,1930462948644
7740761651515,1930500254012
7740794942315,1930533970511
7740828231815,1930577351717
7740861519815,1930612956626
7740894810615,1930656549393
7740928099715,1930690529268
7740961387915,1930725384907
7740994678015,1930771102188
7741027968015,1930814921014
7741061257015,1930859547028
7741094546515,1930893852448
7741127834515,1930928094477
7741161126715,1930964756444
7741194413815,1931009438375
7741227702915,1931054516796
7741260999115,1931090381328
7741294312615,1931126248600
7741327570915,1931172358452
7741360867615,1931206017781
7741394150815,1931239815810
7741427442015,1931275534100
7741460736215,1931311690246
7741494019415,1931338664379
7741527308615,1931376251730
7741560597215,1931410199256
7741593886215,1931447459029
7741627176615,1931481625596
7741660465615,1931516584309
7741693754215,1931549334694
7741727045115,1931582237872
7741760334215,1931615611638
7741793624215,1931649823852
7741826912615,1931683336243
7741860201215,1931716453607
7741893494315,1931749811420
7741926780315,1931787721609
7741960069415,1931825359278
7741993365115,1931862451507
7742026649115,1931899385909
7742059937215,1931936354076
7742093234215,1931969794896
7742126517315,1932005775760
7742159805915,1932043226973
7742193102615,1932081224920
7742226384215,1932116778310
7742259674515,1932153284883
7742292963415,1932189525708
7742326252615,1932226346459
7742359542715,1932260172539
7742392832315,1932294208057
7742426120515,1932331259201
7742459411215,1932366137097
7742492701715,1932404738927
7742525989115,1932441700331
7742559278915,1932477979475
7742592567715,1932514052433
7742625883615,1932547294444
7742659146215,1932584680186
7742692435815,1932621971311
7742725731615,1932658900845
7742759016715,1932696168732
7742792303415,1932728877652
7742825599615,1932770022499
7742858883715,1932809568867
7742892171915,1932846526277
7742925468715,1932878910604
7742958759515,1932915332262
7742992040915,1932954419597
7743025330015,1932994240502
7743058618815,1933032113315
7743091909515,1933069418870
7743125199715,1933105771147
7743158486915,1933142881903
7743191777515,1933180736498
7743225067915,1933217676828
7743258354915,1933256394286
7743291645815,1933286718825
7743324937415,1933320178821
7743358225215,1933348258994
7743391513815,1933375294034
7743424802015,1933403258556
7743458098315,1933428932663
7743491391415,1933454791394
7743524670115,1933483045158
7743557966115,1933507429544
7743591249615,1933532823941
7743624538515,1933558952395
7743657835115,1933585998000
7743691126415,1933614946077
7743724406915,1933640856161
7743757697215,1933671842259
7743790985015,1933699570604
7743824275315,1933730990320
7743857563815,1933756786908
7743890853715,1933782491981
7743924143815,1933808783803
7743957461015,1933834494396
7743990721215,1933859947755
7744024012015,1933884423501
7744057301715,1933906894846
7744090592315,1933931606653
7744123879515,1933958194259
7744157168515,1933985455490
7744190466115,1934012277368
7744223747015,1934038173887
7744257036415,1934063892598
7744290332615,1934084355221
7744323615915,1934107641280
7744356904415,1934129374453
7744390201515,1934151339528
7744423486215,1934173225087
7744456774315,1934194805498
7744490063215,1934215149341
7744523351515,1934235970388
7744556642915,1934256998006
7744589930315,1934279601342
7744623219815,1934301886373
7744656510215,1934320623836
7744689800115,1934342150032
7744723088015,1934364941138
7744756378315,1934387976258
7744789668615,1934407381226
7744822980415,1934426858149
7744856258815,1934445684475
7744889534815,1934464788400
7744922831215,1934482766161
7744956113315,1934501767833
7744989403115,1934520394732
7745022698815,1934539318855
7745055982515,1934557650217
7745089270915,1934576723173
7745122567515,1934596087006
7745155851615,1934616330782
7745189138915,1934635590768
7745222433215,1934657584309
7745255717915,1934678729083
7745289065015,1934696280682
7745322296815,1934719489378
7745355585815,1934739847141
7745388876515,1934761928415
7745422165815,1934782486144
7745455453815,1934802849641
7745488744915,1934823929391
7745522034615,1934842012274
7745555322515,1934862300808
7745588612615,1934881246646
7745621901115,1934902701325
7745655197215,1934923244107
7745688480415,1934944967227
7745721769315,1934961065288
7745755065215,1934981082996
7745788349615,1935001201283
7745821637215,1935021739256
7745854933815,1935039411600
7745888219915,1935061477262
7745921505615,1935082598803
7745954795815,1935104519045
7745988112315,1935124481569
7746021373915,1935145696312
7746054664015,1935166974995
7746087952515,1935190024799
7746121242915,1935215530747
7746154558815,1935240201146
7746187820515,1935257432218
7746221111015,1935279959601
7746254414315,1935301700242
7746287688615,1935324352906
7746320979015,1935345076915
7746354268715,1935365490345
7746387564615,1935386664840
7746420846715,1935408382118
7746454135515,1935428056372
7746487432615,1935447645306
7746520714215,1935470769435
7746554003515,1935494721925
7746587300215,1935518943399
7746620620615,1935542816029
7746653871415,1935567861299
7746687165815,1935594525046
7746720452915,1935621292173
7746753752215,1935646852026
7746787030415,1935675123044
7746820318615,1935704960399
7746853610415,1935728446777
7746886897515,1935754813510
7746920187115,1935779684971
7746953477015,1935805235614
7746986766615,1935831209393
7747020054915,1935858850754
7747053345415,1935885462371
7747086635215,1935909616936
7747119931015,1935934802585
7747153213615,1935959973540
7747186502215,1935984232775
7747219799315,1936011487028
7747253080215,1936036084479
7747286370215,1936062297036
7747319666415,1936086396556
7747352951315,1936109347204
7747386237515,1936133945487
7747419535215,1936156965268
7747452819315,1936179942476
7747486106615,1936203200833
7747519398315,1936226606351
7747552685015,1936250549017
7747586000115,1936273517397
7747619264015,1936298784117
7747652553215,1936321608015
7747685843715,1936343661586
7747719133315,1936366647861
7747752421615,1936391008215
7747785711715,1936410896227
7747819002015,1936433478536
7747852296615,1936456014095
7747885583615,1936478629222
7747918868715,1936500701842
7747952164615,1936522483785
7747985447015,1936545575318
7748018736315,1936568072355
7748052032815,1936592474635
7748085317615,1936616293362
7748118604715,1936639495345
7748151898415,1936661556640
7748185185015,1936681744465
7748218472515,1936704701212
7748251763015,1936729801108
7748285069615,1936755752482
7748318341115,1936778484237
7748351631115,1936801399346
7748384919515,1936824026192
7748418210315,1936845688291
7748451498915,1936866225442
7748484787815,1936891336985
7748518078315,1936914733037
7748551367515,1936937913010
7748584663115,1936963477561
7748617946715,1936987119425
7748651235915,1937009646282
7748684531215,1937031708261
7748717814715,1937054300494
7748751102815,1937076987563
7748784399515,1937102924934
7748817681215,1937125637961
7748850970715,1937146936159
7748884264515,1937164646125
7748917585115,1937184889559
7748950839115,1937206007826
7748984129615,1937221142168
7749017419115,1937242813453
7749050708115,1937263517572
7749083997515,1937286562696
7749117286115,1937309381383
7749150581815,1937331852771
7749183864515,1937352418311
7749217154215,1937373912174
7749250444515,1937396467090
7749283733815,1937416840687
7749317027615,1937438189288
7749350312415,1937458585112
7749383602015,1937480511588
7749416899215,1937502951844
7749450180915,1937524406853
7749483469515,1937545986614
7749516767515,1937566851840
7749550047715,1937588967384
7749583337515,1937610330358
7749616633815,1937634399742
7749649916715,1937658965112
7749683205415,1937685317859
7749716495715,1937710276172
7749749785315,1937737748654
7749783081315,1937765253291
7749816363815,1937789004905
7749849652415,1937815855637
7749882942515,1937841552995
7749916231415,1937864400990
7749949520615,1937885575597
7749982810915,1937905822551
7750016099915,1937929206543
7750049393915,1937950657046
7750082679215,1937973139481
7750115969215,1937995485120
7750149262415,1938018863076
7750182547115,1938043764687
7750215835615,1938068145019
7750249154915,1938091506882
7750282414615,1938113741513
7750315703515,1938135822602
7750349000115,1938159714270
7750382284515,1938186478631
7750415571915,1938209870490
7750448862115,1938234417803
7750482151815,1938254992865
7750515439815,1938276481799
7750548730515,1938295725080
7750582042515,1938315348952
7750615308715,1938333812922
7750648598515,1938355216650
7750681887315,1938375181415
7750715177115,1938395794814
7750748467615,1938416957972
7750781760015,1938440803385
7750815045515,1938462656607
7750848335415,1938482870607
7750881628515,1938504123084
7750914913615,1938525106193
7750948202515,1938550562964
7750981498615,1938571820194
7751014782015,1938598876121
7751048070215,1938623452138
7751081366815,1938646388596
7751114661315,1938670020686
7751147938215,1938694667667
7751181228315,1938717569597
7751214519215,1938740691202
7751247806215,1938763624011
7751281096515,1938786449793
7751314408615,1938805995138
7751347675315,1938825036497
7751380965315,1938846470547
7751414253615,1938866247383
7751447543815,1938886944026
7751480831915,1938900977227
7751514126115,1938914169083
7751547411315,1938942265240
7751580725715,1938951366977
7751613994815,1938965482966
7751647280315,1938987551460
7751680572615,1939004578176
7751713865715,1939020591383
7751747148215,1939036178336
7751780436815,1939055026361
7751813733715,1939070492345
7751847016915,1939086969065
7751880304415,1939101711691
7751913594915,1939117418210
7751946884315,1939134491748
7751980172815,1939153217573
7752013462815,1939173902598
7752046752815,1939193467114
7752080042515,1939212638149
7752113330615,1939231658466
7752146619615,1939253992395
7752179911015,1939278661201
7752213198115,1939303917082
7752246492415,1939329151824
7752279778515,1939354980330
7752313068715,1939379416138
7752346361215,1939403432491
7752379646215,1939429154444
7752412937015,1939455998576
7752446250515,1939475157659
7752479514115,1939498718724
7752512803115,1939524096120
7752546100615,1939547659823
7752579383715,1939571156927
7752612671015,1939594723016
7752645961115,1939617112696
7752679250715,1939641271857
7752712539315,1939664210794
7752745829515,1939685787625
7752779119715,1939705055371
7752812406815,1939723601155
7752845697515,1939741753890
7752878986115,1939752095983
7752912309015,1939767336761
7752945565015,1939779879909
7752978858815,1939796685357
7753012144515,1939817067089
7753045434015,1939834712055
7753078727915,1939855572958
7753112012315,1939873927944
7753145303015,1939887511257
7753178596615,1939907623686
7753211880315,1939927511343
7753245169315,1939949787931
7753278465715,1939967136246
7753311749015,1939985064639
7753345037015,1940006140795
7753378327615,1940023044811
7753411617415,1940039769388
7753444905515,1940060054880
7753478195815,1940079391444
7753511485715,1940099141019
7753544773515,1940117482480
7753578086915,1940135018681
7753611381215,1940149993643
7753644642715,1940166201952
7753677932215,1940184087431
7753711224915,1940200639554
7753744510515,1940222695301
7753777821415,1940241589720
7753811094815,1940257935148
7753844379015,1940273907006
7753877684215,1940291207031
7753910962715,1940306348423
7753944247415,1940324257782
7753977536615,1940341925730
7754010832515,1940359892395
7754044115615,1940378630023
7754077403815,1940397457146
7754110694015,1940415797909
7754143982515,1940439628641
7754177271915,1940458764059
7754210562715,1940477033586
7754243887115,1940495438180
7754277139815,1940517525218
7754310430315,1940534864963
7754343731915,1940555321635
7754377009815,1940576489933
7754410298315,1940592158396
7754443591615,1940614207689
7754476878015,1940631939182
7754510165615,1940652554937
7754543460615,1940674860690
7754576747115,1940694084244
7754610034615,1940715954689
7754643329515,1940737603209
7754676613715,1940757348347
7754709903315,1940774975613
7754743199515,1940793884994
7754776481215,1940808705596
7754809770015,1940820535661
7754843061115,1940831333484
7754876349015,1940845132685
7754909638215,1940864942254
7754942928915,1940886415877
7754976217615,1940903733940
7755009506215,1940921965188
7755042796715,1940939563924
7755076087115,1940960860984
7755109374215,1940979692232
7755142664115,1941001415670
7755175958015,1941030033677
7755209271315,1941049959244
7755242531915,1941059779957
7755275827515,1941072050331
7755309111215,1941093688068
7755342401315,1941112880695
7755375695615,1941132301359
7755408980015,1941155424774
7755442270015,1941179233660
7755475580215,1941204284048
7755508847915,1941221068317
7755542136515,1941247163747
7755575426415,1941271324203
7755608715315,1941292215633
7755642004315,1941316674638
7755675295515,1941341256022
7755708585115,1941367535713
7755741872315,1941388157061
7755775162915,1941402379115
7755808453115,1941424469987
7755841740615,1941443572339
7755875030615,1941467252404
7755908352815,1941491209551
7755941609815,1941508861065
7755974899315,1941528862667
7756008193215,1941552781801
7756041478015,1941571905196
7756074767415,1941595821159
7756108061915,1941620686420
7756141347915,1941647561886
7756174635515,1941666026634
7756207929915,1941689617173
7756241214515,1941713683274
7756274504215,1941737868571
7756307793215,1941763715684
7756341082915,1941781520590
7756374370815,1941798975616
7756407661515,1941813929688
7756440949015,1941829868234
7756474238715,1941850172657
7756507529215,1941869349878
7756540839415,1941889473889
7756574106715,1941909910532
7756607397515,1941930493286
7756640719615,1941950388981
7756673976215,1941970781780
7756707265415,1941990122035
7756740560015,1942014176780
7756773845615,1942042320353
7756807132415,1942062845523
7756840427815,1942082718705
7756873712715,1942103042096
7756907001715,1942125061459
7756940296115,1942143293389
7756973580615,1942164880727
7757006869915,1942184142899
7757040160615,1942205557680
7757073449115,1942224126204
7757106736515,1942242186386
7757140028515,1942263409630
7757173315615,1942285329253
7757206605415,1942306607005
7757239895715,1942327696370
7757273184915,1942346328383
7757306473315,1942361317069
7757339763715,1942378680802
7757373061115,1942396792485
7757406345615,1942412676587
7757439631515,1942433587901
7757472925815,1942453810812
7757506210815,1942473922665
7757539499315,1942491109759
7757572794515,1942511729227
7757606079115,1942530833249
7757639368415,1942550833550
7757672662715,1942570626712
7757705947315,1942590973625
7757739237215,1942619257786
7757772524715,1942645613422
7757805815415,1942664511032
7757839103615,1942686551979
7757872420115,1942710401189
7757905682215,1942736274278
7757938971315,1942763379246
7757972262115,1942784150351
7758005552115,1942803208960
7758038839715,1942823967570
7758072130015,1942845800650
7758105423715,1942868441865
7758138708115,1942892064809
7758171997915,1942914028645
7758205322415,1942936165264
7758238577015,1942962633857
7758271866115,1942987399191
7758305161115,1943011160062
7758338445315,1943035070375
7758371735415,1943055194101
7758405029415,1943075881029
7758438313715,1943097092537
7758471603915,1943117956923
7758504890915,1943140850253
7758538181715,1943164708636
7758571469715,1943188620455
7758604760415,1943212448326
7758638049915,1943236323253
7758671337915,1943259602665
7758704628815,1943284190965
7758737935415,1943308130064
7758771205715,1943326756213
7758804496715,1943346594768
7758837790215,1943370981203
7758871074415,1943397211645
7758904366115,1943422905195
7758937688115,1943441011732
7758970943215,1943464900329
7759004232215,1943484022662
7759037527015,1943508787622
7759070811515,1943532304174
7759104100215,1943553178170
7759137395115,1943575458799
7759170679915,1943597332314
7759203994215,1943616788372
7759237256815,1943638595953
7759270548015,1943662750292
7759303837215,1943689322877
7759337126715,1943718497732
7759370416515,1943744577005
7759403704015,1943772348341
7759436996215,1943794682061
7759470283215,1943823736667
7759503572615,1943851225471
7759536863115,1943881608315
7759570155215,1943917723492
7759603440515,1943954749393
7759636731015,1943984960274
7759670034415,1944006744159
7759703310515,1944039072321
7759736599415,1944072355270
7759769893415,1944097943374
7759803178515,1944131054455
7759836466015,1944155902966
7759869761815,1944187870948
7759903046215,1944219575751
7759936336915,1944253405845
7759969623815,1944285848918
7760002914715,1944316524373
7760036208715,1944351504328
7760069520415,1944378064742
7760102782015,1944414278493
7760136070615,1944446271120
7760169373615,1944479238446
7760202649615,1944510036968
7760235938915,1944544824329
7760269229415,1944578636047
7760302523015,1944612316185
7760335806715,1944645322815
7760369097715,1944679312458
7760402393715,1944713933670
7760435675015,1944747707574
7760468965715,1944781435372
7760502260315,1944817254275
7760535577815,1944851057813
7760568832915,1944882886553
7760602128115,1944913612344
7760635412715,1944944739045
7760668701715,1944974476620
7760701990015,1945006610112
7760735280715,1945035972586
7760768571115,1945064537667
7760801858315,1945094109375
7760835148315,1945122219983
7760868437115,1945149391601
7760901727315,1945176360725
7760935017315,1945205269567
7760968305315,1945231418124
7761001596015,1945257866596
7761034889515,1945284129798
7761068173615,1945310332935
7761101463415,1945339243303
7761134760115,1945365080320
7761168041815,1945390798705
7761201331915,1945414245299
7761234656315,1945437408156
7761267910615,1945455121911
7761301200515,1945481596696
7761334495015,1945505679144
7761367778515,1945529072743
7761401089915,1945554007093
7761434356515,1945579367427
7761467647215,1945602101281
7761500953715,1945624871629
7761534225115,1945647748738
7761567516315,1945668867172
7761600804715,1945692457581
7761634094115,1945715952739
7761667382915,1945737856096
7761700671315,1945758664208
7761733962215,1945781810685
7761767253015,1945805320886
7761800539915,1945829103260
7761833830015,1945850780163
7761867160415,1945871959480
7761900407515,1945893730952
7761933698715,1945916227152
7761966994815,1945939178797
7762000278415,1945961203194
7762033566615,1945984679886
7762066861215,1946008643227
7762100145615,1946033900236
7762133433315,1946053109891
7762166723015,1946078552467
7762200013315,1946099701956
7762233302715,1946124259419
7762266591315,1946148866523
7762299881615,1946174757709
7762333171215,1946199356445
7762366460215,1946225331348
7762399750215,1946251083365
7762433038015,1946277673760
7762466328715,1946304772137
7762499619315,1946333655033
7762532906315,1946360477747
7762566196815,1946388446432
7762599492015,1946416483625
7762632774015,1946446123701
7762666064815,1946478952417
7762699361115,1946513609323
7762732642715,1946545434485
7762765933115,1946575365495
7762799227715,1946610836335
7762832541915,1946642270866
7762865800315,1946673991867
7762899088915,1946707005415
7762932379715,1946736802879
7762965668615,1946764754994
7762998957215,1946795671863
7763032247915,1946830147370
7763065537915,1946861384817
7763098825415,1946893597438
7763132116215,1946924920283
7763165404515,1946956446761
7763198694415,1946987156216
7763231986115,1947009329071
7763265272515,1947040236163
7763298562715,1947068613863
7763331860415,1947099402439
7763365140615,1947129463550
7763398431115,1947163064063
7763431728015,1947192842760
7763465011915,1947222612867
7763498298415,1947252413257
7763531594015,1947281120957
7763564879215,1947309400457
7763598167315,1947337416303
7763631455615,1947366134940
7763664746215,1947399648242
7763698035515,1947427891587
7763731323515,1947456215254
7763764614115,1947483907670
7763797903715,1947507992444
7763831191815,1947537312808
7763864482715,1947564328992
7763897771815,1947591699923
7763931060915,1947617527266
7763964353215,1947646114150
7763997638815,1947679387018
7764030929215,1947705386273
7764064223415,1947731244051
7764097506815,1947758172596
7764130797515,1947785466595
7764164120915,1947814817431
7764197374915,1947846659398
7764230665615,1947876737384
7764263992015,1947906872199
7764297245215,1947937220174
7764330534215,1947966210115
7764363822115,1947995299268
7764397112915,1948017723961
7764430400915,1948048299411
7764463690115,1948078913914
7764496980615,1948107189109
7764530269215,1948131465935
7764563558115,1948158172186
7764596848515,1948184786174
7764630137515,1948211447167
7764663427915,1948238137129
7764696719515,1948268389000
7764730005315,1948298779350
7764763296615,1948326375064
7764796589415,1948353680059
7764829873515,1948375814664
7764863163915,1948401413340
7764896458715,1948429178616
7764929741615,1948453890271
7764963031715,1948473482536
7764996328215,1948497711813
7765029613515,1948517144917
7765062900215,1948540449038
7765096188515,1948565055939
7765129486015,1948588083496
7765162767315,1948610439934
7765196056615,1948631855382
7765229347115,1948655181014
7765262635715,1948679852297
7765295924715,1948700056816
7765329215015,1948728150231
7765362521315,1948754908701
7765395792615,1948778097415
7765429085515,1948803809988
7765462371515,1948828133202
7765495703315,1948850659333
7765528956215,1948877974860
7765562239515,1948900825222
7765595529815,1948920475918
7765628827315,1948964674532
7765662107815,1948987932723
7765695397815,1949009650361
7765728694015,1949033194813
7765761976315,1949057967616
7765795265815,1949083652566
7765828556015,1949109599583
7765861845115,1949128667164
7765895134015,1949151282527
7765928422715,1949170839640
7765961713215,1949195888959
7765995003515,1949217279188
7766028291015,1949244034467
7766061581215,1949263350522
7766094871615,1949287359447
7766128158715,1949312787699
7766161451615,1949327276723
7766194738115,1949352701809
7766228028215,1949380038631
7766261323515,1949401239245
7766294606015,1949425633968
7766327896515,1949443211177
7766361201515,1949464114187
7766394474115,1949485801793
7766427764615,1949505997684
7766461060715,1949536225601
7766494343615,1949566653364
7766527632115,1949591920364
7766560922515,1949614843480
7766594211315,1949640706564
7766627501315,1949661533134
7766660789515,1949681036114
7766694079715,1949698916230
7766727367715,1949724330989
7766760657215,1949743820842
7766793948015,1949766709256
7766827264415,1949790149364
7766860525315,1949808662631
7766893833015,1949823937904
7766927105415,1949844240695
7766960394315,1949865487584
7766993689515,1949887263508
7767026972415,1949907673829
7767060264215,1949925194751
7767093557115,1949946537307
7767126840215,1949967465698
7767160131215,1949988971118
7767193426415,1950009817848
7767226708915,1950032843509
7767259999215,1950053871412
7767293288615,1950079031692
7767326578315,1950100294620
7767359866915,1950120027474
7767393155615,1950141119766
7767426446715,1950166314609
7767459734215,1950190173780
7767493023815,1950207060037
7767526314015,1950239019943
7767559604715,1950264794992
7767592891715,1950293671540
7767626184015,1950327245373
7767659472715,1950356149829
7767692779515,1950378303983
7767726055815,1950397550903
7767759339115,1950426995204
7767792640215,1950453500888
7767825923415,1950484558788
7767859206915,1950512065586
7767892497815,1950545372424
7767925793215,1950573627384
7767959075115,1950604784882
7767992365515,1950636317616
7768025659815,1950667194241
7768058943015,1950699257690
7768092233615,1950725695862
7768125521715,1950757403366
7768158861815,1950792187986
7768192100715,1950815529613
7768225390015,1950848118051
7768258680215,1950878601683
7768291969915,1950911296838
7768325258315,1950942648103
7768358550515,1950974667966
7768391838815,1951009028884
7768425126115,1951044900373
7768458422615,1951079237042
7768491705415,1951116861529
7768524995215,1951152771099
7768558290515,1951190393852
7768591573215,1951229426549
7768624863915,1951268713997
7768658160315,1951306476513
7768691441315,1951340365878
7768724732115,1951378259432
7768758022115,1951416237320
7768791312615,1951452722720
7768824600115,1951489857579
7768857888715,1951526488732
7768891178715,1951564107596
7768924468515,1951600959460
7768957756515,1951636270456
7768991047015,1951672151545
7769024357815,1951710010604
7769057624415,1951746515122
7769090916815,1951779575717
7769124217215,1951803609094
7769157492315,1951837768648
7769190788915,1951874876720
7769224072615,1951904205928
7769257362115,1951937880246
7769290656615,1951959722414
7769323940015,1951986050482
7769357230115,1952021289285
7769390525015,1952046771244
7769423807815,1952082043171
7769457098415,1952107338699
7769490428615,1952135485646
7769523675715,1952167622677
7769556969615,1952192458429
7769590257015,1952229065484
7769623545415,1952259401991
7769656834515,1952288693548
7769690122915,1952320194866
7769723414015,1952358962443
7769756701515,1952396512075
7769789990915,1952432506823
7769823282615,1952461025906
7769856570615,1952493046365
7769889859015,1952528056383
7769923154615,1952563047875
7769956438915,1952598421720
7769989728815,1952617102787
7770023023515,1952651825486
7770056305915,1952682271212
7770089596515,1952721803235
7770122891315,1952751526990
7770156174315,1952783644894
7770189464715,1952815347274
7770222754115,1952844388142
7770256042415,1952871083083
7770289332415,1952893718375
7770322623015,1952920989243
7770355933115,1952950497816
7770389200415,1952978710505
7770422489315,1953001726336
7770455798415,1953024130068
7770489068315,1953048416310
7770522357515,1953067658846
7770555649115,1953097463759
7770588937115,1953121467483
7770622225415,1953147933218
7770655521415,1953173019782
7770688806415,1953199718951
7770722093515,1953220548101
7770755389415,1953243667502
7770788674115,1953270966299
7770821996115,1953297617372
7770855257115,1953325079163
7770888540615,1953346572508
7770921831315,1953373944277
7770955120415,1953400926819
7770988408415,1953430625736
7771021699415,1953454643051
7771054989715,1953479021577
7771088278115,1953503478941
7771121567315,1953527426653
7771154855615,1953552541392
7771188145815,1953576255937
7771221436115,1953601314823
7771254724015,1953623605967
7771288015215,1953640388587
7771321304015,1953661534275
7771354591815,1953681024106
7771387887715,1953704677728
7771421172115,1953728688455
7771454463315,1953745749756
7771487756015,1953767917858
7771521040115,1953786262257
7771554328915,1953805736542
7771587624915,1953821968826
7771620907115,1953843440712
7771654197415,1953866958216
7771687485915,1953888352892
7771720775215,1953904906205
7771754065715,1953927015249
7771787382215,1953958726442
7771820643215,1953975828284
7771853933415,1953992952587
7771887223515,1954010781120
7771920512315,1954029972119
7771953801615,1954049372289
7771987090515,1954068412488
7772020381915,1954094312924
7772053668915,1954117349763
7772086958715,1954136124732
7772120254315,1954165592559
7772153537715,1954194703345
7772186825715,1954221976203
7772220122115,1954247284848
7772253406015,1954275046763
7772286696515,1954305189918
7772319990815,1954333593595
7772353273515,1954356175056
7772386564615,1954381976920
7772419852015,1954404412988
7772453141215,1954430477259
7772486431715,1954456716177
7772519721215,1954479806736
7772553009715,1954504996332
7772586299715,1954530094271
7772619589615,1954552127188
7772652880715,1954572670582
7772686168115,1954595931702
7772719456215,1954615791094
7772752748615,1954635373917
7772786035215,1954652769759
7772819324515,1954671220155
7772852620815,1954691341823
7772885904015,1954713489610
7772919192615,1954734596642
7772952488515,1954760490770
7772985776515,1954780876797
7773019060715,1954801571228
7773052358315,1954822610422
7773085639615,1954848829331
7773118963215,1954868583824
7773152218215,1954887471414
7773185507815,1954912483595
7773218798015,1954932628199
7773252088615,1954953468301
7773285376215,1954975378071
7773318666415,1954995897599
7773351955615,1955012215787
7773385244215,1955029508419
7773418534315,1955047262033
7773451823715,1955059206542
7773485113515,1955076829496
7773518402415,1955092149101
7773551690715,1955111219784
7773584987315,1955129319517
7773618271215,1955148191038
7773651558815,1955162019687
7773684855615,1955183969043
7773718139515,1955203194287
7773751427115,1955223355604
7773784723815,1955245686705
7773818013515,1955266149487
7773851296115,1955280952852
7773884589715,1955296611763
7773917874115,1955308251875
7773951164515,1955321583680
7773984456615,1955331266820
7774017741915,1955340115883
7774051032815,1955348487713
7774084321915,1955366064658
7774117610315,1955381684219
7774150900515,1955395299764
7774184189915,1955409494371
7774217481115,1955424065869
7774250768715,1955441782788
7774284057015,1955459666942
7774317354315,1955478153397
7774350636415,1955495352250
7774383925415,1955511898131
7774417221615,1955529442369
7774450527215,1955547938885
7774483793215,1955568708519
7774517090515,1955588254382
7774550373415,1955611669197
7774583662815,1955637791409
7774616959015,1955663307021
7774650240515,1955687186121
7774683531415,1955710747232
7774716819715,1955735342853
7774750108515,1955754959134
7774783399215,1955779445252
7774816688015,1955801845198
7774849976715,1955827256093
7774883280615,1955853941252
7774916556515,1955871141178
7774949847915,1955901809978
7774983135215,1955926941391
7775016423815,1955957778894
7775049721515,1955987960183
7775083003215,1956008255029
7775116291515,1956036582862
7775149588115,1956075437131
7775182872715,1956111512846
7775216160015,1956144636389
7775249456815,1956178784367
7775282741215,1956214680691
7775316039215,1956250385414
7775349326415,1956287152998
7775382619515,1956323909439
7775415898115,1956360487544
7775449185215,1956397916598
7775482475215,1956435076330
7775515765515,1956466976216
7775549054815,1956497793648
7775582343815,1956533838342
7775615633515,1956569444964
7775648943515,1956606473740
7775682210915,1956637901367
7775715501715,1956674469878
7775748790115,1956708553348
7775782114915,1956741305175
7775815369015,1956775075544
7775848658015,1956811157309
7775881954215,1956846914529
7775915237715,1956881836638
7775948526315,1956915398782
7775981822915,1956951556477
7776015107015,1956988079422
7776048394115,1957022646980
7776081688315,1957056388083
7776114973515,1957093188878
7776148263715,1957123913848
7776181552615,1957160536053
7776214841115,1957194951580
7776248131615,1957232476790
7776281421715,1957268444415
7776314709215,1957304734903
7776348000215,1957337026864
7776381290415,1957356627129
7776414580315,1957392470894
7776447868015,1957427377479
7776481156315,1957464548919
7776514452215,1957499715413
7776547736115,1957534288193
7776581024415,1957570373535
7776614320815,1957606994183
7776647620815,1957641787293
7776680892815,1957678837633
7776714189615,1957715325001
7776747482115,1957753477437
7776780760415,1957792994207
7776814054415,1957833430513
7776847353215,1957871621756
7776880630115,1957909507497
7776913919315,1957945847004
7776947207415,1957984525464
7776980498515,1958021016819
7777013786715,1958056506856
7777047075615,1958094562555
7777080366515,1958133025284
7777113692215,1958159629358
7777146943415,1958196678549
7777180234315,1958234903845
7777213524815,1958269946404
7777246819815,1958293489536
7777280102415,1958328251883
7777313391015,1958359090839
7777346688715,1958392857199
7777379969815,1958414391996
7777413259515,1958448465826
7777446555615,1958471657737
7777479840515,1958509747243
7777513127315,1958545685989
7777546427215,1958584969223
7777579707015,1958623915664
7777612996815,1958659533978
7777646285815,1958695813904
7777679574215,1958735828970
7777712865415,1958776624937
7777746152415,1958817353040
7777779442315,1958859136367
7777812732515,1958899061550
7777846021615,1958938786204
7777879310215,1958974307745
7777912601115,1959013949656
7777945890715,1959053123087
7777979206615,1959092504423
7778012469215,1959130999360
7778045757015,1959169913289
7778079058515,1959210008437
7778112336015,1959247950377
7778145625315,1959284524030
7778178921915,1959313378758
7778212205115,1959349704509
7778245493515,1959387784516
7778278790615,1959425699551
7778312075615,1959461726788
7778345361715,1959497641264
7778378652315,1959533089091
7778411940115,1959569127992
7778445285015,1959605992380
7778478519215,1959640980588
7778511808515,1959676824413
7778545099115,1959714718265
7778578388715,1959751819988
7778611676915,1959790720239
7778644967715,1959829428115
7778678257315,1959866258873
7778711550315,1959906055987
7778744835515,1959942951336
7778778124015,1959981269954
7778811419515,1960020918105
7778844703315,1960060600200
7778877991715,1960095574685
7778911288515,1960130452336
7778944572515,1960170962780
7778977859915,1960208173486
7779011156515,1960246240141
7779044439815,1960282323962
7779077727915,1960315129837
7779111018315,1960349348556
7779144308415,1960379913086
7779177597715,1960415220696
7779210887015,1960450764581
7779244175315,1960484494943
7779277465415,1960518940755
7779310782715,1960554476057
7779344043215,1960590790029
7779377333615,1960623878711
7779410639215,1960658181705
7779443919715,1960687321984
7779477201815,1960721353420
7779510491415,1960756170146
7779543787115,1960791099553
7779577070315,1960827631607
7779610358115,1960856346865
7779643655115,1960889267881
7779676936515,1960915486071
7779710226115,1960946359969
7779743522615,1960980470495
7779776805815,1961013549912
7779810094215,1961040872818
7779843384915,1961073633925
7779876674615,1961106878050
7779909964215,1961138327796
7779943253015,1961166609222
7779976541015,1961194446557
7780009832715,1961231784611
7780043119815,1961268642273
7780076409815,1961295588566
7780109700015,1961336538244
7780142989015,1961371097592
7780176282315,1961402118388
7780209568415,1961436044935
7780242857315,1961471368880
7780276154915,1961494613818
7780309436015,1961527231087
7780342724115,1961560224218
7780376021715,1961589791434
7780409302515,1961621698637
7780442592815,1961652843436
7780475889315,1961681405191
7780509172015,1961716666509
7780542460415,1961750676992
7780575751415,1961782337636
7780609041715,1961806861154
7780642329315,1961836628098
7780675619115,1961868085412
7780708907415,1961899111707
7780742222215,1961927024066
7780775486615,1961960244242
7780808776315,1961990524656
7780842066315,1962021966011
7780875356515,1962053349247
7780908648515,1962084101906
7780941934815,1962107183004
7780975224215,1962137557660
7781008518315,1962169114277
7781041802615,1962197958057
7781075091915,1962224477229
7781108387615,1962256574766
7781141669715,1962286751331
7781174959015,1962317094221
7781208256015,1962348207412
7781241541415,1962377480841
7781274827115,1962406050860
7781308118015,1962438580197
7781341411415,1962465500123
7781374694615,1962491898645
7781407985615,1962518497716
7781441296615,1962545877531
7781474564215,1962572634774
7781507854015,1962597925596
7781541142315,1962623986146
7781574432815,1962648840729
7781607722215,1962676257933
7781641014915,1962702600932
7781674300715,1962727216619
7781707590415,1962745387840
7781740884315,1962769509689
7781774168715,1962794916239
7781807458115,1962819608968
7781840754215,1962843717177
7781874037315,1962868183805
7781907325615,1962892511355
7781940622115,1962918544732
7781973905515,1962945466233
7782007193715,1962973243343
7782040484415,1962999795454
7782073810315,1963020951921
7782107061115,1963050135136
7782140351715,1963080291057
7782173663015,1963111380210
7782206930615,1963142050297
7782240220115,1963174408154
7782273509015,1963207495538
7782306801915,1963241155514
7782340087115,1963274945032
7782373380715,1963306846900
7782406667215,1963339506468
7782439955915,1963368628674
7782473250315,1963400399670
7782506535315,1963427632483
7782539824515,1963456331193
7782573121715,1963484397523
7782606403715,1963513794198
7782639691515,1963540298658
7782672990315,1963559682658
7782706271815,1963586650868
7782739559615,1963611647109
7782772850115,1963636072069
7782806140715,1963668766773
7782839428515,1963699613310
7782872722215,1963722947042
7782906009115,1963750745741
7782939296915,1963778096911
7782972586215,1963804937479
7783005874715,1963832845468
7783039165515,1963860790941
7783072453215,1963888869514
7783105747115,1963921872106
7783139033315,1963951369504
7783172322615,1963983640351
7783205616615,1964016962030
7783238905215,1964047644670
7783272191815,1964079221031
7783305485815,1964113067256
7783338770315,1964148789784
7783372058515,1964187984174
7783405387215,1964227338167
7783438638615,1964265776500
7783471926215,1964304370711
7783505216815,1964343495854
7783538505815,1964379932660
7783571794715,1964417958970
7783605084815,1964448547640
7783638374615,1964486806777
7783671662315,1964514262042
7783704952715,1964551215549
7783738241415,1964588081797
7783771531315,1964625397166
7783804820515,1964664033965
7783838113415,1964701820808
7783871399715,1964736043131
7783904690115,1964766841807
7783937985115,1964796766005
7783971268015,1964831851028
7784004558415,1964865819431
7784037851715,1964902309122
7784071136315,1964931452935
7784104424515,1964961303708
7784137721415,1964995245124
7784171004415,1965033765057
7784204292615,1965064599702
7784237583215,1965096843486
7784270880815,1965130710933
7784304160615,1965166033211
7784337450915,1965200289108
7784370740115,1965232297185
7784404028815,1965264008087
7784437318715,1965290652924
7784470636215,1965324842260
7784503898215,1965349411598
7784537187015,1965377478402
7784570479815,1965408646821
7784603766315,1965442478535
7784637054415,1965474771279
7784670350415,1965503566559
7784703634315,1965535011209
7784736944515,1965569468160
7784770217715,1965603855384
7784803503015,1965642299021
7784836793315,1965676930878
7784870088115,1965711116716
7784903370715,1965736716361
7784936659115,1965758352680
7784969950715,1965779224553
7785003238115,1965798603789
7785036527315,1965814963756
7785069817515,1965833344363
7785103106615,1965862710574
7785136399015,1965899652135
7785169685715,1965931471272
7785202975015,1965966049555
7785236265115,1966002949567
7785269553815,1966035453789
7785302845915,1966072441882
7785336133615,1966099791045
7785369420815,1966111902511
7785402716415,1966130483571
7785436000715,1966151886804
7785469289915,1966164044447
7785502584515,1966176680432
7785535868615,1966192546876
7785569158615,1966217660350
7785602469115,1966237708231
7785635736915,1966257010248
7785669025215,1966279092379
7785702316215,1966299721139
7785735604415,1966324015365
7785768893815,1966346574695
7785802184015,1966372095860
7785835473015,1966392814408
7785868761415,1966415081342
7785902057515,1966437465992
7785935342015,1966460119802
7785968629715,1966485226198
7786001919815,1966510982349
7786035212415,1966535851668
7786068548415,1966561485407
7786101787315,1966588114804
7786135082415,1966613062200
7786168367215,1966636526616
7786201656515,1966660361070
7786234950515,1966684274922
7786268236515,1966706910896
7786301525815,1966730180046
7786334819415,1966752706324
7786368103415,1966775073732
7786401391715,1966797449775
7786434682215,1966820078182
7786467971915,1966843672179
7786501259615,1966866993028
7786534550115,1966890306916
7786567839715,1966913799245
7786601127615,1966936891535
7786634418815,1966959903485
7786667707915,1966983976665
7786700996015,1967011362123
7786734286615,1967036474685
7786767580015,1967061206562
7786800865015,1967087445251
7786834154115,1967113902889
7786867448815,1967139483465
7786900733415,1967166604751
7786934044015,1967194480377
7786967317015,1967210162369
7787000601715,1967231188970
7787033904915,1967250737117
7787067185615,1967263111417
7787100469815,1967278519764
7787133758915,1967286940470
7787167048015,1967309260133
7787200338015,1967330947586
7787233626115,1967347684276
7787266916715,1967366212315
7787300204915,1967382181993
7787333494815,1967399983381
7787366784515,1967417401991
7787400127415,1967431622894
7787433362115,1967450473561
7787466653315,1967471251450
7787499946215,1967492400605
7787533231915,1967514727906
7787566520915,1967536974211
7787599814715,1967563184158
7787633101015,1967585208742
7787666388115,1967605547778
7787699683315,1967627586511
7787732968215,1967648892537
7787766257415,1967670531756
7787799552315,1967694106007
7787832836015,1967717606864
7787866125615,1967738363471
7787899415515,1967757390793
7787932704315,1967781366860
7787965992115,1967803727055
7787999283715,1967826988739
7788032571015,1967850573670
7788065860915,1967873593117
7788099151015,1967897156464
7788132440015,1967920723361
7788165728715,1967944433213
7788199019315,1967968786975
7788232313415,1967994376258
7788265619115,1968019321452
7788298886915,1968044561056
7788332182315,1968069683194
7788365485715,1968091602367
7788398754215,1968116528539
7788432049615,1968142543317
7788465334415,1968168784820
7788498624615,1968200861979
7788531918315,1968227703598
7788565202615,1968252200438
7788598492315,1968275612644
7788631780215,1968300871602
7788665070615,1968327430177
7788698359415,1968351799401
7788731649515,1968375647971
7788764937915,1968398546960
7788798227215,1968418925120
7788831517715,1968440746729
7788864807815,1968463340036
7788898095115,1968485568478
7788931388815,1968508597928
7788964680315,1968532318162
7788997962915,1968560574587
7789031254015,1968586107476
7789064548215,1968609964254
7789097832315,1968633818806
7789131121915,1968661090142
7789164416215,1968683058676
7789197700515,1968704747682
7789230990515,1968726956921
7789264284615,1968754451628
7789297569015,1968779090628
7789330860015,1968802733599
7789364146615,1968827357846
7789397437515,1968851580743
7789430726515,1968876751757
7789464015315,1968901931415
7789497305315,1968928639059
7789530593515,1968953185870
7789563883415,1968977978253
7789597172215,1969002566481
7789630461315,1969027580924
7789663751915,1969051518351
7789697070115,1969076339843
7789730329615,1969101567526
7789763620115,1969126887619
7789796943815,1969152443050
7789830198715,1969181982020
7789863488315,1969208834539
7789896782215,1969234720627
7789930069415,1969259914567
7789963355115,1969283020451
7789996650715,1969304726493
7790029935515,1969327055329
7790063224415,1969349683785
7790096512515,1969372831953
7790129803415,1969396534892
7790163093015,1969422458494
7790196382915,1969449673648
7790229671315,1969475708337
7790262959515,1969500549027
7790296251215,1969527009155
7790329538315,1969550814029
7790362827815,1969574403885
7790396118315,1969597832060
7790429411415,1969620481416
7790462696215,1969645570938
7790495986415,1969677700647
7790529283315,1969705658579
7790562565115,1969734507539
7790595854715,1969762814395
7790629149315,1969790230611
7790662433515,1969816394396
7790695721615,1969845686355
7790729017515,1969872537997
7790762301515,1969899657944
7790795590915,1969926958169
7790828882215,1969953045863
7790862170415,1969979345036
7790895460215,1970007522112
7790928747515,1970037597171
7790962037815,1970067295690
7790995326315,1970094797414
7791028649415,1970120643927
7791061904915,1970147193459
7791095194115,1970174689763
7791128484615,1970199583873
7791161777815,1970230169103
7791195062515,1970258536524
7791228354215,1970284939855
7791261650115,1970311562380
7791294930515,1970337617245
7791328221015,1970363605197
7791361515315,1970392466087
7791394799315,1970419767239
7791428088415,1970445533779
7791461383615,1970471925425
7791494668115,1970496509801
7791527958215,1970523420242
7791561245715,1970552035167
7791594544215,1970576659426
7791627826615,1970603445087
7791661114115,1970630457797
7791694403915,1970657605953
7791727692715,1970684065680
7791760982715,1970709409988
7791794272215,1970737055154
7791827560515,1970769631501
7791860851215,1970797757670
7791894147915,1970823313181
7791927429015,1970849467354
7791960719215,1970875958796
7791994015115,1970897838728
7792027297015,1970927240226
7792060587215,1970957788954
7792093911515,1970983007666
7792127165915,1971009212443
7792160455015,1971035611410
7792193749715,1971060868610
7792227034515,1971087532918
7792260322415,1971115431235
7792293611815,1971143702385
7792326902415,1971171962055
7792360212415,1971201195750
7792393479815,1971230280399
7792426770815,1971260346342
7792460060115,1971290701108
7792493349315,1971323902360
7792526638815,1971364030588
7792559927615,1971389866750
7792593218615,1971419823487
7792626508115,1971447474311
7792659795215,1971475337252
7792693086015,1971507383957
7792726383515,1971540507248
7792759663915,1971573676369
7792792953715,1971605226375
7792826249315,1971635817845
7792859533315,1971666531296
7792892821815,1971699168036
7792926116415,1971729851049
7792959401815,1971760585775
7792992688715,1971790591005
7793025978415,1971821910047
7793059269015,1971852985128
7793092558315,1971883239122
7793125846615,1971921240025
7793159137115,1971953023571
7793192427615,1971988297062
7793225723915,1972020660480
7793259004715,1972055824616
7793292293815,1972087448483
7793325583815,1972118109288
7793358874115,1972151594237
7793392161615,1972186635882
7793425452115,1972218575715
7793458747715,1972249558078
7793492029715,1972280067547
7793525319815,1972307852788
7793558616815,1972336151278
7793591898515,1972364606033
7793625188315,1972397765751
7793658482815,1972425458685
7793691796115,1972454372433
7793725055515,1972484295792
7793758345015,1972513100137
7793791635315,1972546111985
7793824924915,1972578311961
7793858214115,1972609550158
7793891503515,1972637452729
7793924793615,1972674181372
7793958081015,1972710928857
7793991371415,1972748678985
7794024659615,1972777808820
7794057950415,1972814055269
7794091240615,1972854050854
7794124528115,1972886668374
7794157818215,1972919945186
7794191114815,1972952135554
7794224396515,1972984645510
7794257686615,1973017189501
7794290982715,1973049426678
7794324264315,1973082004194
7794357554615,1973115225646
7794390850815,1973148310954
7794424135015,1973184087346
7794457423115,1973221314069
7794490711315,1973246863419
7794524001415,1973280779662
7794557305315,1973314174595
7794590579315,1973347336653
7794623870115,1973381834951
7794657163715,1973417430378
7794690447615,1973453326322
7794723737615,1973485232943
7794757027015,1973515453891
7794790316615,1973545390767
7794823608015,1973575284285
7794856894215,1973604180487
7794890184915,1973635904183
7794923479115,1973665415523
7794956762415,1973693702652
7794990052915,1973720975750
7795023397915,1973747647774
7795056630615,1973773998166
7795089920315,1973801116965
7795123217215,1973826678964
7795156501815,1973851293072
7795189789415,1973880556462
7795223077215,1973906622323
7795256368815,1973933201411
7795289656915,1973951856888
7795322945615,1973971015020
7795356235915,1973994980197
7795389528815,1974017224247
7795422814315,1974039475346
7795456104215,1974059804421
7795489393515,1974080016292
7795522683515,1974098668186
7795555974115,1974119413320
7795589260615,1974140058000
7795622551815,1974161172529
7795655844615,1974183620479
7795689129315,1974207061624
7795722419115,1974225919239
7795755714615,1974244134574
7795788996815,1974266433404
7795822288115,1974284490145
7795855585015,1974306763651
7795888887615,1974324798834
7795922155215,1974348976999
7795955444315,1974372213597
7795988741215,1974389859425
7796022022915,1974412887494
7796055311915,1974438491590
7796088602415,1974461974684
7796121892815,1974484554148
7796155200715,1974508150688
7796188470215,1974532518253
7796221760815,1974556880472
7796255048915,1974583444417
7796288340015,1974610011331
7796321627215,1974636564610
7796354974515,1974662926830
7796388211815,1974688475808
7796421495315,1974713031586
7796454785415,1974739404837
7796488081815,1974765597723
7796521363415,1974790503502
7796554654115,1974812213179
7796587950315,1974835178241
7796621231615,1974857309653
7796654521615,1974880243300
7796687810215,1974899785394
7796721100615,1974922395773
7796754389715,1974941814656
7796787678215,1974957770655
7796820968815,1974980275342
7796854259215,1975000625133
7796887546415,1975026050883
7796920837315,1975053045112
7796954126815,1975079707537
7796987414715,1975105912506
7797020706515,1975136928669
7797053993315,1975170720451
7797087283715,1975205122506
7797120579215,1975240465880
7797153861715,1975273574616
7797187152315,1975308466920
7797220468415,1975339808738
7797253730015,1975375068869
7797287024015,1975405087914
7797320323115,1975433955573
7797353598315,1975461360874
7797386887915,1975488440197
7797420177815,1975512582454
7797453466915,1975535688604
7797486756015,1975559941115
7797520045115,1975582833755
7797553335215,1975603430743
7797586623915,1975626027763
7797619913015,1975647089717
7797653203815,1975670203765
7797686523615,1975695667316
7797719780415,1975720351202
7797753072415,1975747017479
7797786361415,1975773363078
7797819651215,1975802255774
7797852945415,1975832413013
7797886228015,1975870848926
7797919519715,1975903345529
7797952812915,1975940279233
7797986096515,1975974932720
7798019386215,1976007183206
7798052683315,1976045998762
7798085964115,1976076609276
7798119255115,1976114569141
7798152548515,1976155157128
7798185833615,1976193429927
7798219123015,1976229682517
7798252411415,1976269034546
7798285702115,1976306902431
7798318990215,1976344191671
7798352279415,1976371251269
7798385569915,1976405735476
7798418858715,1976442686348
7798452147715,1976472756397
7798485438715,1976501026329
7798518728415,1976536953365
7798552038215,1976574246630
7798585311715,1976602798790
7798618594715,1976639297281
7798651904315,1976677345471
7798685178515,1976711183730
7798718462815,1976749466628
7798751753015,1976787108850
7798785049215,1976825109571
7798818330515,1976860130444
7798851621415,1976890151847
7798884918715,1976919383566
7798918198815,1976952093695
7798951488815,1976984777854
7798984777815,1977019710975
7799018067215,1977057671924
7799051356515,1977092333247
7799084645915,1977121575725
7799117936415,1977154105516
7799151226815,1977189652325
7799184517515,1977228688169
7799217805215,1977257780740
7799251095015,1977293045744
7799284381715,1977329265752
7799317678215,1977363784305
7799350960615,1977394230918
7799384251115,1977425065171
7799417546815,1977461262603
7799450937515,1977497203139
7799484119215,1977533087767
7799517415615,1977567635053
7799550697315,1977600550479
7799583987815,1977634418866
7799617277215,1977663964084
7799650565715,1977701023488
7799683855615,1977733125568
7799717145115,1977764085641
7799750434215,1977798813465
7799783723615,1977831865182
7799817012515,1977865641905
7799850302615,1977902865968
7799883590815,1977936592063
7799916880615,1977971737835
7799950173615,1978007012607
7799983486015,1978039365095
7800016748215,1978071567128
7800050044615,1978106479613
7800083328415,1978139890134
7800116617715,1978171856548
7800149912415,1978206936724
7800183195315,1978247036805
7800216486015,1978287164806
7800249780515,1978322004654
7800283063315,1978356041814
7800316353615,1978390849184
7800349642415,1978424905222
7800382931515,1978458435163
7800416222015,1978492468626
7800449511915,1978526427987
7800482801015,1978566503553
7800516089715,1978600469974
7800549378615,1978627479577
7800582669415,1978666964530
7800615957115,1978702074949
7800649246615,1978746014458
7800682537715,1978780665998
7800715826015,1978815883847
7800749114615,1978848668761
7800782410915,1978879942013
7800815695015,1978913341893
7800848983615,1978944573365
7800882278615,1978974979592
7800915561715,1979005280516
7800948852315,1979034353794
7800982146715,1979062300862
7801015430115,1979091444465
7801048720615,1979120505258
7801082036515,1979150696047
7801115297715,1979179927255
7801148588915,1979207849009
7801181878815,1979245184251
7801215166015,1979283668486
7801248456215,1979321145755
7801281745315,1979352163966
7801315072415,1979392287804
7801348323615,1979426374309
7801381613515,1979459789372
7801414903715,1979499673014
7801448192415,1979530064638
7801481480915,1979560544050
7801514777015,1979596985042
7801548061915,1979629141251
7801581349115,1979660919069
7801614645715,1979693159320
7801647928015,1979727023056
7801681218115,1979760807383
7801714513315,1979797121660
7801747796415,1979836143355
7801781086615,1979873744610
7801814383615,1979899702770
7801847664615,1979932050941
7801880954915,1979960919258
7801914244015,1979992793987
7801947532715,1980024365091
7801980823015,1980056455215
7802014112715,1980090499556
7802047401315,1980126610833
7802080691615,1980160514245
7802113979515,1980198961798
7802147269815,1980234666687
7802180559115,1980269598205
7802213847615,1980303838118
7802247143615,1980336821338
7802280427115,1980366692313
7802313715915,1980395258886
7802347011515,1980424524925
7802380295815,1980453447530
7802413584415,1980482287922
7802446880915,1980510830659
7802480162515,1980537815494
7802513452915,1980566358702
7802546741315,1980597847112
7802580030515,1980632496933
7802613321315,1980665388821
7802646647815,1980696435234
7802679898315,1980727017582
7802713189215,1980757667035
7802746478515,1980789713320
7802779768015,1980824445929
7802813057215,1980858134367
7802846345915,1980891555183
7802879638215,1980926188269
7802912924415,1980960516693
7802946214115,1980999897756
7802979510115,1981032422189
7803012795915,1981067924924
7803046082215,1981102852050
7803079378215,1981141777439
7803112661915,1981172677663
7803145952115,1981207501545
7803179247015,1981242241792
7803212530615,1981270853941
7803245820515,1981307368882
7803279107915,1981343821609
7803312397115,1981381409924
7803345687315,1981415680187
7803378976515,1981446132772
7803412265615,1981481010280
7803445555815,1981510203259
7803478853315,1981539157821
7803512146515,1981568261820
7803545423715,1981596942157
7803578711815,1981625814274
7803612003215,1981654828614
7803645290715,1981684888950
7803678579915,1981716341682
7803711876315,1981747216624
7803745160915,1981778719604
7803778448115,1981808482689
7803811744815,1981840603290
7803845029515,1981870873711
7803878316815,1981901372440
7803911613115,1981936488726
7803944904015,1981968633773
7803978223315,1982005076090
7804011474115,1982036976661
7804044763815,1982073995558
7804078054115,1982112582268
7804111343415,1982146738121
7804144646615,1982185404931
7804177922015,1982220774539
7804211212115,1982255587758
7804244499815,1982287086155
7804277790015,1982319792415
7804311078315,1982352392164
7804344368915,1982384896346
7804377657515,1982415857026
7804410946815,1982444351998
7804444242615,1982474444378
7804477526915,1982502142316
7804510815015,1982533637759
7804544110515,1982566730622
7804577395515,1982593965729
7804610682815,1982628696806
7804643979615,1982663991163
7804677269315,1982694127593
7804710552215,1982725120824
7804743844615,1982760310573
7804777129915,1982791219304
7804810420315,1982818155475
7804843728515,1982850040935
7804876997615,1982886447852
7804910288415,1982914035176
7804943578015,1982941607879
7804976866415,1982967473928
7805010157015,1982993415269
7805043446215,1983018729066
7805076735415,1983043529756
7805110024515,1983066411057
7805143313415,1983086909657
7805176609515,1983110717721
7805209892015,1983135346833
7805243181215,1983158588516
7805276495815,1983182876987
7805309810915,1983208569386
7805343049115,1983226369866
7805376346015,1983250349190
7805409631015,1983271171855
7805442918615,1983295303273
7805476214015,1983319833480
7805509496615,1983348551462
7805542787615,1983374909028
7805576075215,1983399985251
7805609364115,1983431484032
7805642654615,1983462367549
7805675944715,1983495299821
7805709232615,1983531748700
7805742522715,1983561327664
7805775813215,1983597253224
7805809103215,1983633770563
7805842391015,1983671145058
7805875679415,1983708405015
7805908976815,1983748944911
7805942258115,1983787524860
7805975547815,1983825794184
7806008843615,1983864534602
7806042129215,1983903629988
7806075415915,1983943351034
7806108712615,1983981546153
7806141996415,1984021410500
7806175303215,1984061267290
7806208580615,1984100265669
7806241862615,1984139731130
7806275159315,1984179534692
7806308441115,1984218371783
7806341730715,1984255807449
7806375021015,1984287420218
7806408310815,1984326749908
7806441599115,1984364816413
7806474889315,1984405040832
7806508179415,1984445774310
7806541467215,1984482808796
7806574757315,1984520984820
7806608045915,1984559279914
7806641390715,1984599957454
7806674624515,1984640341837
7806707913715,1984681558039
7806741210115,1984721997895
7806774494015,1984760248069
7806807783315,1984801815182
7806841078915,1984839255982
7806874362815,1984875648687
7806907650315,1984913235075
7806940943315,1984951522424
7806974241215,1984989253664
7807007519315,1985027798966
7807040808815,1985066977092
7807074097315,1985108277408
7807107387715,1985152532927
7807140677615,1985194948001
7807173968715,1985236847095
7807207255815,1985280672558
7807240545915,1985328078912
7807273833615,1985372923461
7807307124015,1985419305354
7807340413415,1985460933900
7807373707415,1985501596912
7807406992415,1985543193635
7807440280115,1985583278909
7807473576715,1985622177658
7807506881415,1985660511700
7807540148715,1985699661307
7807573445115,1985737300292
7807606745615,1985775310558
7807640016315,1985814145994
7807673313215,1985852435290
7807706596715,1985890521184
7807739885815,1985929525857
7807773175315,1985968464670
7807806463715,1986003819684
7807839754215,1986041389860
7807873042515,1986080480428
7807906331715,1986120753133
7807939622815,1986157412397
7807972968615,1986192814442
7808006199915,1986226867812
7808039490615,1986263878084
7808072780015,1986299485976
7808106076115,1986336327726
7808139358215,1986372322883
7808172647015,1986410724172
7808205944815,1986446703516
7808239224815,1986484712367
7808272514915,1986521159028
7808305811115,1986557376004
7808339093715,1986594448068
7808372382715,1986630025739
7808405679715,1986666912579
7808438962515,1986703571603
7808472252715,1986740943971
7808505541215,1986778554471
7808538829815,1986813538507
7808572120815,1986849898955
7808605408615,1986885299559
7808638698215,1986921883075
7808671988315,1986960916499
7808705277615,1986996950781
7808738566315,1987031207639
7808771856715,1987069667968
7808805147215,1987091679382
7808838461515,1987127988989
7808871724515,1987157065555
7808905013315,1987193992158
7808938321315,1987226339914
7808971592015,1987261459733
7809004880815,1987299605066
7809038177715,1987333675287
7809071477115,1987368870742
7809104749415,1987406444709
7809138046115,1987443101441
7809171330115,1987479060367
7809204617515,1987516663616
7809237908015,1987552857764
7809271196315,1987586434827
7809304519815,1987624405965
7809337775215,1987662436003
7809371064015,1987697761701
7809404355015,1987733538457
7809437645115,1987770854793
7809470932515,1987807748931
7809504222815,1987844041256
7809537512415,1987880943147
7809570806515,1987918131534
7809604091415,1987955753691
7809637380715,1987993501629
7809670675815,1988030589385
7809703959315,1988068666873
7809737247615,1988106143875
7809770544215,1988143695668
7809803827315,1988180434496
7809837130515,1988216564309
7809870412515,1988254064830
7809903695715,1988290894713
7809936983615,1988327624799
7809970274315,1988363908831
7810003579915,1988402385787
7810036852815,1988442104488
7810070141815,1988479756600
7810103430715,1988518799363
7810136721215,1988547134378
7810170009215,1988587081114
7810203298915,1988624670885
7810236588715,1988662119253
7810269897315,1988699344251
7810303170215,1988735723616
7810336457615,1988763758427
7810369746915,1988801417362
7810403042715,1988828497209
7810436325615,1988864402440
7810469613915,1988901075746
7810502910915,1988940421206
7810536192315,1988976489670
7810569481815,1989014346088
7810602778515,1989050383344
7810636061315,1989086747853
7810669349615,1989112863710
7810702640615,1989141773035
7810735930215,1989169629693
7810769220115,1989197234366
7810802508515,1989225097497
7810835797115,1989250412231
7810869088515,1989280641239
7810902375815,1989305974955
7810935665415,1989332120224
7810968974615,1989354967527
7811002245215,1989381661025
7811035537515,1989407822141
7811068823715,1989435719856
7811102113515,1989464958974
7811135409015,1989494950696
7811168691715,1989524731339
7811201980115,1989560632625
7811235277015,1989589524269
7811268558515,1989621227518
7811301848415,1989650443200
7811335144915,1989684054858
7811368429215,1989714971237
7811401716815,1989746747395
7811435007115,1989778289746
7811468298815,1989812835602
7811501584715,1989845479202
7811534875315,1989878580303
7811568185615,1989910850062
7811601483915,1989942743429
7811634742115,1989976279016
7811668031915,1990009261885
7811701322215,1990043938040
7811734611515,1990079736599
7811767903515,1990110176177
7811801189815,1990138200737
7811834481015,1990163403209
7811867773415,1990195711367
7811901058215,1990230129522
7811934347115,1990261930359
7811967642515,1990301717378
7812000926315,1990339946161
7812034214715,1990376241669
7812067511515,1990403667845
7812100797015,1990444538386
7812134083115,1990485522425
7812167373015,1990525296906
7812200663515,1990564491478
7812233951215,1990605522754
7812267241815,1990644334547
7812300552415,1990681580128
7812333820115,1990720846424
7812367109115,1990757314452
7812400398115,1990797684775
7812433688515,1990838370406
7812466977615,1990876112864
7812500269715,1990913682331
7812533556115,1990950731325
7812566846115,1990987579742
7812600140315,1991024949271
7812633424415,1991061671474
7812666714215,1991098428614
7812700009615,1991138866201
7812733293015,1991174871362
7812766581015,1991210262669
7812799878215,1991246294278
7812833160015,1991283934337
7812866453015,1991323204466
7812899740015,1991361639705
7812933049515,1991397533411
7812966317015,1991435641456
7812999607615,1991472343496
7813032897415,1991510869061
7813066186715,1991546761994
7813099476215,1991583214123
7813132764615,1991622532758
7813166055615,1991660469258
7813199342915,1991696757539
7813232635715,1991733806674
7813265922315,1991770384486
7813299213415,1991806871601
7813332506415,1991844028974
7813365791315,1991875844760
7813399081615,1991913044129
7813432376615,1991952789505
7813465658915,1991990235864
7813498947615,1992027743012
7813532245515,1992064901263
7813565528015,1992101821640
7813598815615,1992138958138
7813632106015,1992175762715
7813665395415,1992212317176
7813698683715,1992250554838
7813731974015,1992290351705
7813765263615,1992326883364
7813798561115,1992366194476
7813831842615,1992405869746
7813865130415,1992441710663
7813898422615,1992477041518
7813931709315,1992514406809
7813965001815,1992544444305
7813998289215,1992582648194
7814031578715,1992618855019
7814064872415,1992654145153
7814098157115,1992692700611
7814131448015,1992730696498
7814164740915,1992766513053
7814198026115,1992805148285
7814231313615,1992841449228
7814264638115,1992877296386
7814297894515,1992915952317
7814331181915,1992956222698
7814364472715,1992995774999
7814397761515,1993032073747
7814431050315,1993068404928
7814464340615,1993106791582
7814497630715,1993147360411
7814530918515,1993184824713
7814564208515,1993222295263
7814597496815,1993260093594
7814630787315,1993302479637
7814664076315,1993343227162
7814697368515,1993382629892
7814730655815,1993438411489
7814763948715,1993485952599
7814797238715,1993528327532
7814830523515,1993574819051
7814863814215,1993619323173
7814897107615,1993666729063
7814930391915,1993713905730
7814963680515,1993760814331
7814996977115,1993808286618
7815030260415,1993854735564
7815063548315,1993899474436
7815096838815,1993947513095
7815130143915,1993993798660
7815163416215,1994038451553
7815196707015,1994083980130
7815229998115,1994136657788
7815263284115,1994182942552
7815296575115,1994230147818
7815329865015,1994282037323
7815363153415,1994332102956
7815396443415,1994374807293
7815429735815,1994417626078
7815463021915,1994459148641
7815496310115,1994499977939
7815529605515,1994537312913
7815562889615,1994576944619
7815596207915,1994618483634
7815629473415,1994659315293
7815662758115,1994697851927
7815696048315,1994735839176
7815729344015,1994773258719
7815762626415,1994810730649
7815795914715,1994848948290
7815829206515,1994886346524
7815862493315,1994924270906
7815895782515,1994963562877
7815929073015,1995001608791
7815962362315,1995041644664
7815995651015,1995080682137
7816028941115,1995120462563
7816062230915,1995158131558
7816095520615,1995196624484
7816128810215,1995238130077
7816162100515,1995277647932
7816195389215,1995316999683
7816228676915,1995356639265
7816261971815,1995394540782
7816295256715,1995432100197
7816328545415,1995470270953
7816361839515,1995509062887
7816395124215,1995546959632
7816428415015,1995585297009
7816461730415,1995627551158
7816494992515,1995662635928
7816528281415,1995702737519
7816561583215,1995740925722
7816594859815,1995779354264
7816628149315,1995816940301
7816661442615,1995855316644
7816694728615,1995892648260
7816728017315,1995930546326
7816761307915,1995970329294
7816794597815,1996006499516
7816827885915,1996048329560
7816861176415,1996085318870
7816894467415,1996123708463
7816927787415,1996159141559
7816961042815,1996192219463
7816994338215,1996226265937
7817027622715,1996257215626
7817060913015,1996295907493
7817094205915,1996332486339
7817127490715,1996370487442
7817160780215,1996406234093
7817194075015,1996441161392
7817227359015,1996476764433
7817260648815,1996506197666
7817293937615,1996546458692
7817327227715,1996577196779
7817360515415,1996614253346
7817393806515,1996648793833
7817427095515,1996685081624
7817460383815,1996719380355
7817493673915,1996753326770
7817526963815,1996787350370
7817560251615,1996818888743
7817593542315,1996843635341
7817626862715,1996874105026
7817660120715,1996896511428
7817693410615,1996924927758
7817726704415,1996955901976
7817759989315,1996982391846
7817793300115,1997012026100
7817826572615,1997041382894
7817859857415,1997074665181
7817893164015,1997101255193
7817926441615,1997136247310
7817959725515,1997162345160
7817993014615,1997194629113
7818026304115,1997222264387
7818059594015,1997251223502
7818092881715,1997282391164
7818126172615,1997315462830
7818159460515,1997343686492
7818192768115,1997378122739
7818226041115,1997414735698
7818259329315,1997452200099
7818292618315,1997482982577
7818325908915,1997519640842
7818359200615,1997551651870
7818392488415,1997584301591
7818425776915,1997613686291
7818459070915,1997643954639
7818492356715,1997679057181
7818525643415,1997713553151
7818558938415,1997743094713
7818592223915,1997772999702
7818625513015,1997799925751
7818658807315,1997831353678
7818692091215,1997865728204
7818725381215,1997900483589
7818758670615,1997932370800
7818791960115,1997964612429
7818825248315,1997992293356
7818858539015,1998027178863
7818891827215,1998056020661
7818925116115,1998089258388
7818958406615,1998122295515
7818991697215,1998154381586
7819024984315,1998186131767
7819058275115,1998216830973
7819091568515,1998249767540
7819124853115,1998279354765
7819158143115,1998310820126
7819191467015,1998341126971
7819224748915,1998374228896
7819258010315,1998407053823
7819291305915,1998438381187
7819324589915,1998472154982
7819357879315,1998505404040
7819391174015,1998541664986
7819424457815,1998567477771
7819457748415,1998593597558
7819491035415,1998631770594
7819524326315,1998671227388
7819557614315,1998707383298
7819590904715,1998735374363
7819624193215,1998770829659
7819657483015,1998795969920
7819690773515,1998826137663
7819724063515,1998855805484
7819757351015,1998888327308
7819790641515,1998922324503
7819823934615,1998954423115
7819857218915,1998982682967
7819890509615,1999017962946
7819923833115,1999052222304
7819957087915,1999084557138
7819990377315,1999117138046
7820023671815,1999149987891
7820056956015,1999185718472
7820090245915,1999216751087
7820123540915,1999247230639
7820156824715,1999278540169
7820190113815,1999311038390
7820223402315,1999339941868
7820256692015,1999367700445
7820289981215,1999395981462
7820323271715,1999424274987
7820356561415,1999452851716
7820389849215,1999481143336
7820423140115,1999509979172
7820456427915,1999540446687
7820489717715,1999578240632
7820523008115,1999605505832
7820556336415,1999633901238
7820589585315,1999665979407
7820622875915,1999697072460
7820656200015,1999724944864
7820689454315,1999751045750
7820722744015,1999775928718
7820756038115,1999805449175
7820789323515,1999836837744
7820822611215,1999872884264
7820855909715,1999900971244
7820889190415,1999929053903
7820922481415,1999954372954
7820955768215,1999979403143
7820989059115,2000006942666
7821022349415,2000036482195
7821055638815,2000068466959
7821088926615,2000101475081
7821122215615,2000132359589
7821155506915,2000167627928
7821188794215,2000194797699
7821222083715,2000228963503
7821255374215,2000270042841
7821288665115,2000308044678
7821321952015,2000342666221
7821355242315,2000381366987
7821388538215,2000418323179
7821421823515,2000443815876
7821455110415,2000477524005
7821488404315,2000511217126
7821521689515,2000546803540
7821554977815,2000580708146
7821588273115,2000617562766
7821621557515,2000659819035
7821654846315,2000696458253
7821688134915,2000735664247
7821721425215,2000776787427
7821754715915,2000815036383
7821788003015,2000846933026
7821821293215,2000885563588
7821854581515,2000924483170
7821887913515,2000964315979
7821921160515,2001002381488
7821954450115,2001040496847
7821987740615,2001081998475
7822021032315,2001116707223
7822054318315,2001144557118
7822087608715,2001179739256
7822120905015,2001214451248
7822154186315,2001246981478
7822187477015,2001274528465
7822220771115,2001309271639
7822254055215,2001339350457
7822287344815,2001365453500
7822320639715,2001386364169
7822353923615,2001409361418
7822387230315,2001433282961
7822420501415,2001451566787
7822453791815,2001471500923
7822487082315,2001489624416
7822520369015,2001509226519
7822553659715,2001526910372
7822586948515,2001548542700
7822620238415,2001563690455
7822653528215,2001587311924
7822686816415,2001605820985
7822720106615,2001630430268
7822753411815,2001655190375
7822786684715,2001679370497
7822819975015,2001703568723
7822853270915,2001727562480
7822886552315,2001749671791
7822919843415,2001773691644
7822953139015,2001798332132
7822986421715,2001824465826
7823019711715,2001848954330
7823053005915,2001872961686
7823086290215,2001899493148
7823119578615,2001924506794
7823152868015,2001949391779
7823186158615,2001974282940
7823219471815,2001999522498
7823252735815,2002031943432
7823286026115,2002059329455
7823319315815,2002087132520
7823352605015,2002117385538
7823385895015,2002139645644
7823419182615,2002166706995
7823452474415,2002195194245
7823485762915,2002223628317
7823519050815,2002258539817
7823552341615,2002290174978
7823585635715,2002323960467
7823618919215,2002353796028
7823652209315,2002385571695
7823685505215,2002414188343
7823718789215,2002448895077
7823752077415,2002488256976
7823785372015,2002526610128
7823818657015,2002560523408
7823851945115,2002600542134
7823885234215,2002637379319
7823918524515,2002672810839
7823951813215,2002707089931
7823985102915,2002744232132
7824018392815,2002782559676
7824051682615,2002819669100
7824084996515,2002860936600
7824118260415,2002901204227
7824151548915,2002938810350
7824184843915,2002978992839
7824218128615,2003013286992
7824251417615,2003050726504
7824284711615,2003087729318
7824318003415,2003124471837
7824351285315,2003162042509
7824384576215,2003191982590
7824417872415,2003226106283
7824451153615,2003261381700
7824484444215,2003290625843
7824517738915,2003318338982
7824551074315,2003347705073
7824584311415,2003373780343
7824617600615,2003399450046
7824650891015,2003421689224
7824684181015,2003447134905
7824717468415,2003471122995
7824750759215,2003490611028
7824784048015,2003510191760
7824817337015,2003547214281
7824850627215,2003570624049
7824883916715,2003596516645
7824917205715,2003620874000
7824950495715,2003652705833
7824983783715,2003681790089
7825017074215,2003711508954
7825050369915,2003736107206
7825083651715,2003766471765
7825116942515,2003797589326
7825150238815,2003828126912
7825183519515,2003859761209
7825216810215,2003891664317
7825250137215,2003921847909
7825283388815,2003952440530
7825316679015,2003983765331
7825349967015,2004013884026
7825383257315,2004046182169
7825416571215,2004077865010
7825449834815,2004104661530
7825483125315,2004137160703
7825516427915,2004169160058
7825549702515,2004205626211
7825582993515,2004236710238
7825616283115,2004267676635
7825649572115,2004292856136
7825682862515,2004320791437
7825716150015,2004350586566
7825749440315,2004379446847
7825782735015,2004407317761
7825816018215,2004434901294
7825849308215,2004462337940
7825882634515,2004486636899
7825915885815,2004512355908
7825949176415,2004537338065
7825982472315,2004562577516
7826015756615,2004591269738
7826049045015,2004620441115
7826082333515,2004649504905
7826115624415,2004674662649
7826148911715,2004697897001
7826182204615,2004724679077
7826215491815,2004762132718
7826248781215,2004790969437
7826282069715,2004821978489
7826315360215,2004845647267
7826348649615,2004876711346
7826381939015,2004908392904
7826415229015,2004931257633
7826448516715,2004960848885
7826481807315,2004989335598
7826515100615,2005016256894
7826548384815,2005039826217
7826581674615,2005065870866
7826614971515,2005091159951
7826648252515,2005114175834
7826681542915,2005143566941
7826714839915,2005171612930
7826748143315,2005204848588
7826781411215,2005231677635
7826814699615,2005263047471
7826848017615,2005295601791
7826881278015,2005323090067
7826914567815,2005353256064
7826947858315,2005378391255
7826981147515,2005407309926
7827014435815,2005434709983
7827047726415,2005463430490
7827081016815,2005500649085
7827114303815,2005531979033
7827147595015,2005561121626
7827180882615,2005589485629
7827214173015,2005618980082
7827247466815,2005648329808
7827280750715,2005678075525
7827314041215,2005710933210
7827347338315,2005744510776
7827380619115,2005788188419
7827413909615,2005825782863
7827447206515,2005857870077
7827480486815,2005887222992
7827513777515,2005910160089
7827547065815,2005935834432
7827580356115,2005966736519
7827613646015,2005994219162
7827646934215,2006022485926
7827680224615,2006050119028
7827713513815,2006082904578
7827746802515,2006117564926
7827780092915,2006144544859
7827813382315,2006173339260
7827846670315,2006204210659
7827879961615,2006229773497
7827913249315,2006256782138
7827946539315,2006280547911
7827979834215,2006308622120
7828013117215,2006332843333
7828046407915,2006356616651
7828079726815,2006376363436
7828112985615,2006401608228
7828146274915,2006425263023
7828179598815,2006447062292
7828212853115,2006471288244
7828246144315,2006492324499
7828279437015,2006505220593
7828312722815,2006529566615
7828346012015,2006550261259
7828379300515,2006573117673
7828412592315,2006595231225
7828445879315,2006617981214
7828479168815,2006639657517
7828512458915,2006658209826
7828545749615,2006679365855
7828579036615,2006697554825
7828612327815,2006718051775
7828645617815,2006739031018
7828678906615,2006757012171
7828712201215,2006778264204
7828745484115,2006801697544
7828778775115,2006826868196
7828812068015,2006851924478
7828845351815,2006875979179
7828878641715,2006901469979
7828911937615,2006925566699
7828945220015,2006949575756
7828978510415,2006973184335
7829011803415,2007000599498
7829045093615,2007028084903
7829078378815,2007048951158
7829111667315,2007073770288
7829144956815,2007092953892
7829178245615,2007116174646
7829211535115,2007143031639
7829244825515,2007167813358
7829278114315,2007187835203
7829311403515,2007213229167
7829344693715,2007240665519
7829377983915,2007266790991
7829411271115,2007287456817
7829444567515,2007309642909
7829477850315,2007333924606
7829511178715,2007351474139
7829544434315,2007367798854
7829577718315,2007379987069
7829611022115,2007394132923
7829644305115,2007408362594
7829677586215,2007436928781
7829710876615,2007460322349
7829744173915,2007484130070
7829777454615,2007514557756
7829810745015,2007544745521
7829844033115,2007571860450
7829877323615,2007598372704
7829910613215,2007624487783
7829943901115,2007659563005
7829977191815,2007691252657
7830010481715,2007718052519
7830043769215,2007749225748
7830077060015,2007775566191
7830110350215,2007807783740
7830143637615,2007843272983
7830176933615,2007873578316
7830210216415,2007901196544
7830243506815,2007933123953
7830276801615,2007964193740
7830310084415,2007988653389
7830343374615,2008018698235
7830376679015,2008050141029
7830409952915,2008077845339
7830443242615,2008110208104
7830476539515,2008136437122
7830509822115,2008164463665
7830543111115,2008191977382
7830576401015,2008221636604
7830609690015,2008249733307
7830642979315,2008279198773
7830676267715,2008308785059
7830709558715,2008340695183
7830742850015,2008372180212
7830776135915,2008401505730
7830809426315,2008432938296
7830842748315,2008461418702
7830876003715,2008492121083
7830909299715,2008524266086
7830942584015,2008555736907
7830975873315,2008588385537
7831009168015,2008620655895
7831042450815,2008653779258
7831075742415,2008682384379
7831109035715,2008709305371
7831142319515,2008742527718
7831175608915,2008773920354
7831208902015,2008798916009
7831242187115,2008831050782
7831275477415,2008862007902
7831308767415,2008893394399
7831342056915,2008925433538
7831375345615,2008964125379
7831408634215,2008991724245
7831441925315,2009019543569
7831475213015,2009047362369
7831508503415,2009083614967
7831541792915,2009114158645
7831575081615,2009147608365
7831608370215,2009180725374
7831641666315,2009214134731
7831674950015,2009253037911
7831708255515,2009278732655
7831741534915,2009309373091
7831774817215,2009343365796
7831808111315,2009376237480
7831841402215,2009407957217
7831874685215,2009443213535
7831907976115,2009481061172
7831941272315,2009517561610
7831974553415,2009553162563
7832007843715,2009590766174
7832041134215,2009626635321
7832074421815,2009657197733
7832107712515,2009690279248
7832141000615,2009728484140
7832174341115,2009758556832
7832207579315,2009789422248
7832240868415,2009817894263
7832274158815,2009848987387
7832307449615,2009877578554
7832340736715,2009913570954
7832374032515,2009946480570
7832407316315,2009982455239
7832440605315,2010015363438
7832473901015,2010050541728
7832507185015,2010091416369
7832540474215,2010126759551
7832573769515,2010156285576
7832607052115,2010196752361
7832640346115,2010232499537
7832673638615,2010269355312
7832706919615,2010305309434
7832740210115,2010340066207
7832773500715,2010372700729
7832806787615,2010406037214
7832840079015,2010439141618
7832873368015,2010466709042
7832906657315,2010500352798
7832939946415,2010540492645
7832973235015,2010570797150
7833006525415,2010606175472
7833039836315,2010639702736
7833073103215,2010666908620
7833106398715,2010698376609
7833139698815,2010730250882
7833172971315,2010769897488
7833206267115,2010802179632
7833239550615,2010842737858
7833272841015,2010879734639
7833306136515,2010917957419
7833339418815,2010953394377
7833372708815,2010987768232
7833406000815,2011020259445
7833439286515,2011047303488
7833472576515,2011079271914
7833505905715,2011109245759
7833539154215,2011137019274
7833572444615,2011168025157
7833605734415,2011198918617
7833639023615,2011233834708
7833672312715,2011265739731
7833705601215,2011298343485
7833738893015,2011331877471
7833772180015,2011358502414
7833805469515,2011394250661
7833838765015,2011429402892
7833872049215,2011454979571
7833905337315,2011489447062
7833938633515,2011527163335
7833971917515,2011561994574
7834005207215,2011596449989
7834038502315,2011629225193
7834071786515,2011663970471
7834105075815,2011698268223
7834138366715,2011731849883
7834171653115,2011770476457
7834204943015,2011801805140
7834238233715,2011835168196
7834271521215,2011868153287
7834304811015,2011897728436
7834338101615,2011933940391
7834371411115,2011963572808
7834404679315,2011996492231
7834437967815,2012026477549
7834471274715,2012060514575
7834504546215,2012095907535
7834537839215,2012128893128
7834571130915,2012159858427
7834604415115,2012188949218
7834637703915,2012219028898
7834671000115,2012251873865
7834704284815,2012280998166
7834737571515,2012301595353
7834770868815,2012327991094
7834804150515,2012352038960
7834837474615,2012376329327
7834870732915,2012397860854
7834904019015,2012424952977
7834937309715,2012451357345
7834970598915,2012483614316
7835003887115,2012511189673
7835037177415,2012539215921
7835070467915,2012560108316
7835103755815,2012589514492
7835137045915,2012615998967
7835170334215,2012645985049
7835203624315,2012676089493
7835236913915,2012705078871
7835270202015,2012731709605
7835303497515,2012762643755
7835336782515,2012790621349
7835370070415,2012822755685
7835403367115,2012851418033
7835436650415,2012880960141
7835469938815,2012912541418
7835503235015,2012942202678
7835536523615,2012969885011
7835569807915,2013000211070
7835603103415,2013030129103
7835636385215,2013058132343
7835669676015,2013094759525
7835702992915,2013126285829
7835736253415,2013156927475
7835769544315,2013181256645
7835802870515,2013214133502
7835836121415,2013246690060
7835869411415,2013284586908
7835902701515,2013319319169
7835935990115,2013351847975
7835969280415,2013385133746
7836002569015,2013414177736
7836035864115,2013447205048
7836069147715,2013482739613
7836102437015,2013515897406
7836135732915,2013549369408
7836169017615,2013584320796
7836202304615,2013619150453
7836235601615,2013651404416
7836268887315,2013688053477
7836302174615,2013722389329
7836335469515,2013756222415
7836368751915,2013791570153
7836402043215,2013827247606
7836435330515,2013863263902
7836468620215,2013900976746
7836501910115,2013937636892
7836535199515,2013975406922
7836568488015,2014011332792
7836601778215,2014050487267
7836635068215,2014091662524
7836668357515,2014129233946
7836701646715,2014164292708
7836734934615,2014202301241
7836768230515,2014236947563
7836801513515,2014271209768
7836834803215,2014308619268
7836868099315,2014343096838
7836901383015,2014380719547
7836934671215,2014416997567
7836967967315,2014451398994
7837001251715,2014484655835
7837034539015,2014519124717
7837067836115,2014554573677
7837101118115,2014590558217
7837134438215,2014626512971
7837167696915,2014660458760
7837200985615,2014693711241
7837234276815,2014727352279
7837267566015,2014751076833
7837300854415,2014785298930
7837334144715,2014824061185
7837367435315,2014857733407
7837400722715,2014894547646
7837434013015,2014926009030
7837467301415,2014962692468
7837500595115,2014997557659
7837533881215,2015035489248
7837567169515,2015070570653
7837600466015,2015100834454
7837633750515,2015130848694
7837667037315,2015160301220
7837700334115,2015188847851
7837733618615,2015216899502
7837766905615,2015247449539
7837800202415,2015277977291
7837833496015,2015310645685
7837866774715,2015343662993
7837900064515,2015376532375
7837933352615,2015408718502
7837966646015,2015440530846
7837999932015,2015465373011
7838033220215,2015495950672
7838066511215,2015527452868
7838099800415,2015551117736
7838133088715,2015573803483
7838166378815,2015603535761
7838199669015,2015634854055
7838232962815,2015662164105
7838266247415,2015694300429
7838299535815,2015716960656
7838332832415,2015746349055
7838366114315,2015772174343
7838399404115,2015799689645
7838432700515,2015827019498
7838466003715,2015859967317
7838499271915,2015882096971
7838532568615,2015908377258
7838565852015,2015928124175
7838599141115,2015947186407
7838632431415,2015959395719
7838665719215,2015975821108
7838699010015,2015990644963
7838732297615,2016005694883
7838765587515,2016016542282
7838798877415,2016027950958
7838832166415,2016041634527
7838865455115,2016051823227
7838898745515,2016071582899
7838932035415,2016091268727
7838965329915,2016112033222
7838998613415,2016132010835
7839031901715,2016151744801
7839065199315,2016171777221
7839098481115,2016192014544
7839131769915,2016212022758
7839165066615,2016232749267
7839198350315,2016253291156
7839231638415,2016275438405
7839264934615,2016297754332
7839298218615,2016320391352
7839331511515,2016343150476
7839364797215,2016365422858
7839398085315,2016389105854
7839431375815,2016411782523
7839464664415,2016436553416
7839497955515,2016460453998
7839531244115,2016485161179
7839564533515,2016510334754
7839597821815,2016536377486
7839631112015,2016561700588
7839664402215,2016587062024
7839697694915,2016613388639
7839730979815,2016640370703
7839764268515,2016667835914
7839797588115,2016695733147
7839830847215,2016726562101
7839864151715,2016755858697
7839897432815,2016786412046
7839930717415,2016817272341
7839964004815,2016847718513
7839997301215,2016881484777
7840030584915,2016913920349
7840063873015,2016947664778
7840097163415,2016984075186
7840130467515,2017019692686
7840163741715,2017050532380
7840197031615,2017075670361
7840230319615,2017112281696
7840263612015,2017146259326
7840296900915,2017178594988
7840330188015,2017214732300
7840363478615,2017250347744
7840396768515,2017286869511
7840430059415,2017322645520
7840463345915,2017360380681
7840496635015,2017392826580
7840529930615,2017424075933
7840563214715,2017459022771
7840596502815,2017494754423
7840629799815,2017531630982
7840663094515,2017568962026
7840696371115,2017602733551
7840729667915,2017629816722
7840762951915,2017664974226
7840796239215,2017699832141
7840829529715,2017739498707
7840862834715,2017776150991
7840896108315,2017816224708
7840929398215,2017852130060
7840962686315,2017886410072
7840995976715,2017915870877
7841029265215,2017956267412
7841062554515,2017991563568
7841095844615,2018027466242
7841129164615,2018062922529
7841162425315,2018098987594
7841195713215,2018133882731
7841229002315,2018165782289
7841262297715,2018200326225
7841295580615,2018228223621
7841328869415,2018258384842
7841362166915,2018292151253
7841395449615,2018321482278
7841428737515,2018358595305
7841462034315,2018396076637
7841495317215,2018431805682
7841528605215,2018466635855
7841561895915,2018500247159
7841595185815,2018529270670
7841628475815,2018556997476
7841661764115,2018590438781
7841695052415,2018622209011
7841728343815,2018656863326
7841761646215,2018690461567
7841794921015,2018718448543
7841828211215,2018747727659
7841861501815,2018778329708
7841894792115,2018811162549
7841928078715,2018849601723
7841961369815,2018888018465
7841994683315,2018925929140
7842027947315,2018956218170
7842061235615,2018994006342
7842094532715,2019033720108
7842127814115,2019074800879
7842161103815,2019110482617
7842194400815,2019148697636
7842227683715,2019187048162
7842260972015,2019225211161
7842294262215,2019263063787
7842327552715,2019301114425
7842360839715,2019339212824
7842394130715,2019377669481
7842427419115,2019416620960
7842460758715,2019455798743
7842493997615,2019493958616
7842527286815,2019532048160
7842560577015,2019571649334
7842593867415,2019613130005
7842627158415,2019651402535
7842660445015,2019689508198
7842693736015,2019728046223
7842727029615,2019766658463
7842760313615,2019805327705
7842793602015,2019843764413
7842826898015,2019875595833
7842860181815,2019915127353
7842893470315,2019953751595
7842926767015,2019990597503
7842960050615,2020026579245
7842993338415,2020056914557
7843026628715,2020095529149
7843059918915,2020134126764
7843093206215,2020171930129
7843126497015,2020211128667
7843159806215,2020251656481
7843193075415,2020289135489
7843226364715,2020329190374
7843259653415,2020369404231
7843292944015,2020408884396
7843326261015,2020438953163
7843359524315,2020481219927
7843392811515,2020519015912
7843426114315,2020557089081
7843459395215,2020595731898
7843492680315,2020633575570
7843525969515,2020665282012
7843559265715,2020703734135
7843592548615,2020741721610
7843625836415,2020776260368
7843659133815,2020815108787
7843692415215,2020853595095
7843725704715,2020894241586
7843758995115,2020929654522
7843792286015,2020968245696
7843825573215,2021006294003
7843858863515,2021047695756
7843892153315,2021088878848
7843925441815,2021122732112
7843958731115,2021162447915
7843992019915,2021200274474
7844025311515,2021231484821
7844058598615,2021270984387
7844091890915,2021311280667
7844125177715,2021348744811
7844158467415,2021380731766
7844191761515,2021419198616
7844225046315,2021457287738
7844258336115,2021489724746
7844291632615,2021527637454
7844324914315,2021565455104
7844358202915,2021595076078
7844391500915,2021626046904
7844424785315,2021664181309
7844458071515,2021703501249
7844491361515,2021739756015
7844524651015,2021773242488
7844557939015,2021811957462
7844591229615,2021850588991
7844624520115,2021885577272
7844657829915,2021920198936
7844691097515,2021954979068
7844724386415,2021993291188
7844757694315,2022033440900
7844790964715,2022066200373
7844824257315,2022101987961
7844857544215,2022139012577
7844890833815,2022176719828
7844924127815,2022208422693
7844957412715,2022247867757
7844990702815,2022286903609
7845023996215,2022321781669
7845057280715,2022359958836
7845090569415,2022398209771
7845123899615,2022428571111
7845157147815,2022464529274
7845190437615,2022500375159
7845223727615,2022537977594
7845257018215,2022574684354
7845290305515,2022605720527
7845323596115,2022643403610
7845356886315,2022684269028
7845390173415,2022722287314
7845423464215,2022753396959
7845456778815,2022790386745
7845490042815,2022824828014
7845523332315,2022854703614
7845556622915,2022896615210
7845589910715,2022931525898
7845623200615,2022970904535
7845656494515,2023009757371
7845689779015,2023046291925
7845723068615,2023083695800
7845756362215,2023120156748
7845789647715,2023157991909
7845822937315,2023197621896
7845856232915,2023233938522
7845889515815,2023268436879
7845922803815,2023306664111
7845956094315,2023339194093
7845989404615,2023369753252
7846022671915,2023404282388
7846055962515,2023434136201
7846089281715,2023472022048
7846122540215,2023508150432
7846155830515,2023537401395
7846189146215,2023573503819
7846222408615,2023613112225
7846255699215,2023649204926
7846288989515,2023687752105
7846322296115,2023724125067
7846355565715,2023755281037
7846388861015,2023790340936
7846422145815,2023822059564
7846455474315,2023858163371
7846488729015,2023895744461
7846522013715,2023926834952
7846555303515,2023966169991
7846588603415,2024006617155
7846621881715,2024045271731
7846655170115,2024078553653
7846688461415,2024115524793
7846721748915,2024149257417
7846755039115,2024185974819
7846788328815,2024223849279
7846821617815,2024263997454
7846854906715,2024294694946
7846888196715,2024333178132
7846921486615,2024369393890
7846954775815,2024398818267
7846988065115,2024437126062
7847021355415,2024474229095
7847054644715,2024511979931
7847087932215,2024549461105
7847121227215,2024587778904
7847154511815,2024622669347
7847187801515,2024656760624
7847221095615,2024695162482
7847254380215,2024731625398
7847287670715,2024760564084
7847320987015,2024788451423
7847354248915,2024827115647
7847387536615,2024863928767
7847420856215,2024898489733
7847454115615,2024928527348
7847487405015,2024965318200
7847520695115,2025003241040
7847553985815,2025043839524
7847587272715,2025080410735
7847620565315,2025118417668
7847653852515,2025156232574
7847687141615,2025184192720
7847720431015,2025221623333
7847753751815,2025257901745
7847787010215,2025294149773
7847820298615,2025322925703
7847853594615,2025356004481
7847886878715,2025390248578
7847920168315,2025419352178
7847953463615,2025447894918
7847986746815,2025486156607
7848020037015,2025524873540
7848053329815,2025554867587
7848086614615,2025592351213
7848119903215,2025629827051
7848153192915,2025667701595
7848186483115,2025705762581
7848219786815,2025743994988
7848253061115,2025782826683
7848286352515,2025821693998
7848319639415,2025859515614
7848352929715,2025890918904
7848386219215,2025929039127
7848419507515,2025963858298
7848452797315,2025999253621
7848486117315,2026033124185
7848519376315,2026062934260
7848552665815,2026100350284
7848585960215,2026137816782
7848619245015,2026166414096
7848652533215,2026195131236
7848685828315,2026235812466
7848719112815,2026272367940
7848752434815,2026310813486
7848785696315,2026347118433
7848818981115,2026385031749
7848852270415,2026423737998
7848885559515,2026453704066
7848918849115,2026491720664
7848952137315,2026527776082
7848985429115,2026562489334
7849018715915,2026595909252
7849052005915,2026628441337
7849085296415,2026665638504
7849118585515,2026704229614
7849151873515,2026737971961
7849185163615,2026770458043
7849218455415,2026802246732
7849251744015,2026840613613
7849285032515,2026881485840
7849318326315,2026916486620
7849351611815,2026947170883
7849384899215,2026985985577
7849418194415,2027023867096
7849451479215,2027059304913
7849484769815,2027097746398
7849518063315,2027130324040
7849551347515,2027169019991
7849584638115,2027203729284
7849617931215,2027241219684
7849651215715,2027274661968
