#t_ns,in_ts
9901891573408,10112873290323
9901910079408,10112946184947
9901928586408,10113006470054
9901947094408,10113066361839
9901965601408,10113120547955
9901984107408,10113168980899
9902002614408,10113215145065
9902021121408,10113260495955
9902039629408,10113303499269
9902058135408,10113343350222
9902076642408,10113387839753
9902095151408,10113432996552
9902113658408,10113477812260
9902132163408,10113519145405
9902150671408,10113564071892
9902169177408,10113608157790
9902187684408,10113653881023
9902206191408,10113698550847
9902224698408,10113740945440
9902243205408,10113779798302
9902261712408,10113824972993
9902280218408,10113865443556
9902298728408,10113904593380
9902317235408,10113948881073
9902335740408,10113992239959
9902354247408,10114039154260
9902372755408,10114084549144
9902391261408,10114127642524
9902409768408,10114169657647
9902428276408,10114212498327
9902446784408,10114254490200
9902465290408,10114294047000
9902483797408,10114336166291
9902502302408,10114375671407
9902520809408,10114417850243
9902539316408,10114458198451
9902557825408,10114502104547
9902576333408,10114542659200
9902594840408,10114583680414
9902613345408,10114621161272
9902631852408,10114654743419
9902650365408,10114695754134
9902668868408,10114739880050
9902687372408,10114783639062
9902705880408,10114819151577
9902724386408,10114862970234
9902742894408,10114913943581
9902761402408,10114956743385
9902779909408,10114999628371
9902798416408,10115038410804
9902816924408,10115078392773
9902835429408,10115118578314
9902853936408,10115158837140
9902872443408,10115197336008
9902890949408,10115238596310
9902909457408,10115282912187
9902927966408,10115324358148
9902946473408,10115359896719
9902964977408,10115399971334
9902983488408,10115442144435
9903001994408,10115484221991
9903020501408,10115517637036
9903039005408,10115549030010
9903057513408,10115588342140
9903076019408,10115621899121
9903094527408,10115654821385
9903113035408,10115684963946
9903131541408,10115714909701
9903150049408,10115744723583
9903168555408,10115775832219
9903187062408,10115824210583
9903205568408,10115873580587
9903224075408,10115922115099
9903242582408,10115977407283
9903261091408,10116025574244
9903279598408,10116071540975
9903298105408,10116116191283
9903316610408,10116171704080
9903335116408,10116222111039
9903353627408,10116269321368
9903372132408,10116313164237
9903390640408,10116357860950
9903409145408,10116404207983
9903427653408,10116454450706
9903446160408,10116503804861
9903464667408,10116560368414
9903483174408,10116611788577
9903501682408,10116662540186
9903520188408,10116713568638
9903538695408,10116764960169
9903557202408,10116814444005
9903575708408,10116863785840
9903594216408,10116913923397
9903612723408,10116973269456
9903631230408,10117023884643
9903649739408,10117074648340
9903668242408,10117121963287
9903686750408,10117173223979
9903705259408,10117222595547
9903723765408,10117270068193
9903742271408,10117320147178
9903760779408,10117371944056
9903779286408,10117423011951
9903797793408,10117473169828
9903816300408,10117522623177
9903834808408,10117570909521
9903853316408,10117617507884
9903871820408,10117663421687
9903890327408,10117709689415
9903908834408,10117758561575
9903927342408,10117809739266
9903945850408,10117861983681
9903964355408,10117925796256
9903982865408,10117976700834
9904001371408,10118028254190
9904019876408,10118086472521
9904038382408,10118136506044
9904056893408,10118184666606
9904075403408,10118232414799
9904093905408,10118277218999
9904112412408,10118328783562
9904130918408,10118375413143
9904149425408,10118426259013
9904167933408,10118476410801
9904186441408,10118523959631
9904204949408,10118572006673
9904223454408,10118618383493
9904241962408,10118668560385
9904260467408,10118718165339
9904278975408,10118769892596
9904297482408,10118815876928
9904315989408,10118861105639
9904334497408,10118908166318
9904353002408,10118957152327
9904371508408,10119004166748
9904390015408,10119054175794
9904408525408,10119104070722
9904427030408,10119154341448
9904445538408,10119210017253
9904464044408,10119258579675
9904482552408,10119309071294
9904501059408,10119364234414
9904519567408,10119416343740
9904538073408,10119464502913
9904556579408,10119511187462
9904575087408,10119557697796
9904593594408,10119600027542
9904612101408,10119640598109
9904630607408,10119680581872
9904649115408,10119720701572
9904667622408,10119761265019
9904686130408,10119799218690
9904704635408,10119843213303
9904723141408,10119886352521
9904741648408,10119926581866
9904760156408,10119967637683
9904778665408,10120022811638
9904797169408,10120067467521
9904815677408,10120115016025
9904834186408,10120158643095
9904852691408,10120201282635
9904871198408,10120241106845
9904889707408,10120281499896
9904908212408,10120321909614
9904926719408,10120374014504
9904945226408,10120419152063
9904963734408,10120461400464
9904982240408,10120502722771
9905000747408,10120550035989
9905019255408,10120592905851
9905037765408,10120637738852
9905056268408,10120685413892
9905074774408,10120732652148
9905093282408,10120779466385
9905111789408,10120827186495
9905130295408,10120873785142
9905148804408,10120923823171
9905167310408,10120969592979
9905185817408,10121018230857
9905204325408,10121068952658
9905222833408,10121117596703
9905241340408,10121163051784
9905259846408,10121203856663
9905278352408,10121246030044
9905296860408,10121294391093
9905315365408,10121339795298
9905333873408,10121382711423
9905352380408,10121425361714
9905370889408,10121475428818
9905389394408,10121523982793
9905407901408,10121571070770
9905426406408,10121616893335
9905444915408,10121662745909
9905463430408,10121714102201
9905481931408,10121765239277
9905500452408,10121814436471
9905518944408,10121862809579
9905537450408,10121904356857
9905555957408,10121943984040
9905574465408,10121985634988
9905592972408,10122031615386
9905611482408,10122084857625
9905629984408,10122133259572
9905648491408,10122186765981
9905666999408,10122234967114
9905685506408,10122305819949
9905704013408,10122356349554
9905722522408,10122408784855
9905741026408,10122455928525
9905759534408,10122507905726
9905778041408,10122551190120
9905796548408,10122593344728
9905815054408,10122641358988
9905833561408,10122695934406
9905852070408,10122750347999
9905870577408,10122797976881
9905889083408,10122842748247
9905907591408,10122889356331
9905926100408,10122932405687
9905944604408,10122975949748
9905963112408,10123021224870
9905981617408,10123063620713
9906000125408,10123108735612
9906018632408,10123148260299
9906037138408,10123204374417
9906055646408,10123255432014
9906074155408,10123313163528
9906092661408,10123362536969
9906111166408,10123409175855
9906129672408,10123461785222
9906148181408,10123512109592
9906166687408,10123570152931
9906185194408,10123617590165
9906203702408,10123664528815
9906222208408,10123710004898
9906240716408,10123753293976
9906259224408,10123796741661
9906277732408,10123841373021
9906296236408,10123888617542
9906314743408,10123934296207
9906333251408,10123982153006
9906351757408,10124029513508
9906370265408,10124076718006
9906388772408,10124127073357
9906407280408,10124179313612
9906425787408,10124230035914
9906444293408,10124282369578
9906462800408,10124341725565
9906481306408,10124394655050
9906499813408,10124445312124
9906518319408,10124489220652
9906536829408,10124536358301
9906555333408,10124586138926
9906573843408,10124631694273
9906592348408,10124676057552
9906610857408,10124719369911
9906629364408,10124762866097
9906647869408,10124806497415
9906666376408,10124853346724
9906684884408,10124898630329
9906703392408,10124945856888
9906721897408,10125000285190
9906740405408,10125050534591
9906758913408,10125099819831
9906777418408,10125149713003
9906795925408,10125200075975
9906814432408,10125250829212
9906832939408,10125308472496
9906851447408,10125360570939
9906869954408,10125411740259
9906888468408,10125462470442
9906906967408,10125515357549
9906925474408,10125563294141
9906943982408,10125617317263
9906962490408,10125677863857
9906980996408,10125727823024
9906999503408,10125779146154
9907018009408,10125828389544
9907036516408,10125875207903
9907055022408,10125929022995
9907073531408,10125980880878
9907092038408,10126032241612
9907110546408,10126092697291
9907129051408,10126145058784
9907147558408,10126194243540
9907166066408,10126246053315
9907184571408,10126296572326
9907203079408,10126347567177
9907221585408,10126410224238
9907240093408,10126463691782
9907258601408,10126514694935
9907277106408,10126566612163
9907295615408,10126623709220
9907314123408,10126681221212
9907332629408,10126737789897
9907351135408,10126798400869
9907369644408,10126867080501
9907388149408,10126945867048
9907406656408,10127027119897
9907425163408,10127105492582
9907443672408,10127182632738
9907462179408,10127258006936
9907480684408,10127334944924
9907499191408,10127413457310
9907517698408,10127489516086
9907536206408,10127568442138
9907554712408,10127645330912
9907573217408,10127723418300
9907591726408,10127803476709
9907610233408,10127896670690
9907628740408,10127954268899
9907647249408,10128003292141
9907665756408,10128061637179
9907684262408,10128113692174
9907702769408,10128164402981
9907721274408,10128215732226
9907739783408,10128266556219
9907758288408,10128318099769
9907776797408,10128372450722
9907795305408,10128421085999
9907813813408,10128469615205
9907832316408,10128530020106
9907850824408,10128583143273
9907869331408,10128635736193
9907887837408,10128694957620
9907906343408,10128748812279
9907924852408,10128801613839
9907943360408,10128861184814
9907961865408,10128914742064
9907980373408,10128968684579
9907998881408,10129020301549
9908017388408,10129072659665
9908035895408,10129122529070
9908054399408,10129173124246
9908072909408,10129223665938
9908091414408,10129275866143
9908109922408,10129325129940
9908128431408,10129373279643
9908146939408,10129425431370
9908165442408,10129473397573
9908183950408,10129522231117
9908202457408,10129569107974
9908220963408,10129621865486
9908239470408,10129676671472
9908257977408,10129728432158
9908276483408,10129781413168
9908294992408,10129833945167
9908313504408,10129882143624
9908332007408,10129931871144
9908350514408,10129978299502
9908369020408,10130028180908
9908387526408,10130087507559
9908406034408,10130138648373
9908424542408,10130199487861
9908443048408,10130253814856
9908461554408,10130307389267
9908480062408,10130360735140
9908498572408,10130415194912
9908517075408,10130468464110
9908535583408,10130524423291
9908554090408,10130569511733
9908572596408,10130617798842
9908591102408,10130669659040
9908609611408,10130723390077
9908628116408,10130774564803
9908646624408,10130826502097
9908665131408,10130889176715
9908683639408,10130944787637
9908702148408,10130999608093
9908720653408,10131055127613
9908739159408,10131107814778
9908757667408,10131161967021
9908776173408,10131215989660
9908794681408,10131268187721
9908813188408,10131325964812
9908831696408,10131382976041
9908850203408,10131436951103
9908868709408,10131492267426
9908887217408,10131546525571
9908905722408,10131605009464
9908924229408,10131666561643
9908942736408,10131724448473
9908961245408,10131778609731
9908979749408,10131831861954
9908998258408,10131887493549
9909016765408,10131942410158
9909035273408,10131994968452
9909053780408,10132047387589
9909072285408,10132100297746
9909090792408,10132150672720
9909109299408,10132213822917
9909127806408,10132269762147
9909146313408,10132321346506
9909164822408,10132370498978
9909183372408,10132418858583
9909201837408,10132470945999
9909220343408,10132523790267
9909238849408,10132575480320
9909257354408,10132626008106
9909275862408,10132686867909
9909294370408,10132741457364
9909312876408,10132794562374
9909331382408,10132856646240
9909349891408,10132912809329
9909368399408,10132963937693
9909386906408,10133014439940
9909405413408,10133065879514
9909423919408,10133120874105
9909442425408,10133176875390
9909460932408,10133232227852
9909479439408,10133284682626
9909497949408,10133338451807
9909516454408,10133388311092
9909534962408,10133443279922
9909553468408,10133497183049
9909571974408,10133549228306
9909590480408,10133602587597
9909608988408,10133657245996
9909627496408,10133710338071
9909646002408,10133768646143
9909664509408,10133821985225
9909683016408,10133877633650
9909701533408,10133930525555
9909720034408,10133992691334
9909738539408,10134048994963
9909757043408,10134104312610
9909775551408,10134158029866
9909794058408,10134209815534
9909812564408,10134269840814
9909831073408,10134322797694
9909849578408,10134372385202
9909868087408,10134422940157
9909886601408,10134469557137
9909905101408,10134519494076
9909923607408,10134572287454
9909942114408,10134619857213
9909960621408,10134676614383
9909979127408,10134726248491
9909997636408,10134783174030
9910016141408,10134833885444
9910034649408,10134890042389
9910053156408,10134934194919
9910071665408,10134978498070
9910090171408,10135026295331
9910108677408,10135070536235
9910127183408,10135116846412
9910145691408,10135157233907
9910164198408,10135211223792
9910182705408,10135255061479
9910238227408,10135334029332
9910256733408,10135381635774
9910275239408,10135437071966
9910293748408,10135479787182
9910312254408,10135529027429
9910330761408,10135577198109
9910349268408,10135621285313
9910367774408,10135663757572
9910386282408,10135705730816
9910404789408,10135746134345
9910423296408,10135793297027
9910441806408,10135841646500
9910460309408,10135895626703
9910478817408,10135940363774
9910497324408,10135988953922
9910515830408,10136038750332
9910534338408,10136087037273
9910552846408,10136138741507
9910571355408,10136196768939
9910589862408,10136248214117
9910608367408,10136298270445
9910626873408,10136347464176
9910645379408,10136396805998
9910663888408,10136444207247
9910682394408,10136493025094
9910700902408,10136544672533
9910719407408,10136593637020
9910737915408,10136642264173
9910756422408,10136685134440
9910774930408,10136734366614
9910793439408,10136828413398
9910811944408,10136884239926
9910830449408,10136933372512
9910848957408,10136988370767
9910867463408,10137041735243
9910885971408,10137091859617
9910904478408,10137146099456
9910922987408,10137198536000
9910941491408,10137250891706
9910960000408,10137303586787
9910978507408,10137354527313
9910997012408,10137406995200
9911015520408,10137457474022
9911034026408,10137520612227
9911052535408,10137577765414
9911071040408,10137626081366
9911089546408,10137683451036
9911108057408,10137738534735
9911126568408,10137801573766
9911145069408,10137856325267
9911163576408,10137913336156
9911182082408,10137966187262
9911200590408,10138014684560
9911219096408,10138063329085
9911237603408,10138112708727
9911256113408,10138163411242
9911274620408,10138213983217
9911293129408,10138263137241
9911311631408,10138311299395
9911330138408,10138366906107
9911348646408,10138424483394
9911367152408,10138476967945
9911385659408,10138531174160
9911404168408,10138590443581
9911422673408,10138642911798
9911441180408,10138691852671
9911459688408,10138742098996
9911478196408,10138791563895
9911496702408,10138839231492
9911515209408,10138887537373
9911533715408,10138932735765
9911552222408,10138987008985
9911570729408,10139039589105
9911589236408,10139095243584
9911607744408,10139148380697
9911626252408,10139212095734
9911644760408,10139267831207
9911663264408,10139322390260
9911681771408,10139377167483
9911700278408,10139431114240
9911718785408,10139485809261
9911737292408,10139540663912
9911755800408,10139599304577
9911774305408,10139658397196
9911792812408,10139714564180
9911811322408,10139769055854
9911829830408,10139825536228
9911848335408,10139874301698
9911866841408,10139927733070
9911885347408,10139983497530
9911903855408,10140037962671
9911922361408,10140094549455
9911940869408,10140154527110
9911959377408,10140210565864
9911977886408,10140268736674
9911996390408,10140324254945
9912014897408,10140378644055
9912033404408,10140433016332
9912051911408,10140489977980
9912070417408,10140547651835
9912088925408,10140609888355
9912107433408,10140666045063
9912125939408,10140721470220
9912144445408,10140777686554
9912162954408,10140835481019
9912181462408,10140894836167
9912199968408,10140955829673
9912218474408,10141012255751
9912236981408,10141067774571
9912255488408,10141122625804
9912273995408,10141177662802
9912292502408,10141232610563
9912311012408,10141287663377
9912329516408,10141347963474
9912348024408,10141407999004
9912366530408,10141472176857
9912385038408,10141530361981
9912403544408,10141588132686
9912422051408,10141647948799
9912440560408,10141705655917
9912459066408,10141761916196
9912477571408,10141819493106
9912496080408,10141880700981
9912514592408,10141938447444
9912533096408,10141992353907
9912551600408,10142058437960
9912570106408,10142117090201
9912588613408,10142175935931
9912607121408,10142247327868
9912625627408,10142308014167
9912644136408,10142360589818
9912662643408,10142411229824
9912681149408,10142461693711
9912699656408,10142511070074
9912718162408,10142562062008
9912736670408,10142611910446
9912755176408,10142660402724
9912773684408,10142709925325
9912792192408,10142762180952
9912810699408,10142811297094
9912829204408,10142860928343
9912847711408,10142911734279
9912866220408,10142967821079
9912884725408,10143018630441
9912903232408,10143068212606
9912921740408,10143116814822
9912940246408,10143175891802
9912958753408,10143230204398
9912977260408,10143282613902
9912995768408,10143331983617
9913014277408,10143382351925
9913032782408,10143435291355
9913051289408,10143488294977
9913069797408,10143540353644
9913088303408,10143592048799
9913106809408,10143641219904
9913125317408,10143694640278
9913143825408,10143747076718
9913162333408,10143806063621
9913180837408,10143862312503
9913199343408,10143916348393
9913217854408,10143966938460
9913236359408,10144019704380
9913254865408,10144070324010
9913273372408,10144124450863
9913291880408,10144185087443
9913310390408,10144238855053
9913328894408,10144288571325
9913347402408,10144336380050
9913365910408,10144393205595
9913384415408,10144448399580
9913402921408,10144500711208
9913421428408,10144550438842
9913439938408,10144601797850
9913458443408,10144653369323
9913476951408,10144707260358
9913495457408,10144758686733
9913513963408,10144812851826
9913532469408,10144866350220
9913550977408,10144916998185
9913569487408,10144973281655
9913587993408,10145025995111
9913606498408,10145080181340
9913625006408,10145139781488
9913643513408,10145198662064
9913662020408,10145252691894
9913680527408,10145302724401
9913699036408,10145354114398
9913717540408,10145405358751
9913736047408,10145455312357
9913754554408,10145508685464
9913773062408,10145560391709
9913791568408,10145611296070
9913810075408,10145660123776
9913828583408,10145723046019
9913847092408,10145765353870
9913865596408,10145806678445
9913884105408,10145859558794
9913902610408,10145910380322
9913921117408,10145961653564
9913939634408,10146010061039
9913958132408,10146062134211
9913976640408,10146113159800
9913995145408,10146176973288
9914013651408,10146232740398
9914032160408,10146285890828
9914050667408,10146338589674
9914069175408,10146387863448
9914087679408,10146436514238
9914106187408,10146484930174
9914124694408,10146536179244
9914143200408,10146588157120
9914161708408,10146638760150
9914180217408,10146690217165
9914198724408,10146741483575
9914217230408,10146796703421
9914235736408,10146850787429
9914254242408,10146901515091
9914272749408,10146952713609
9914291256408,10147002439272
9914309764408,10147052522634
9914328270408,10147101376413
9914346778408,10147151345618
9914365284408,10147201430378
9914383793408,10147262922446
9914402302408,10147342661811
9914420805408,10147399809158
9914439312408,10147449468202
9914457820408,10147503529626
9914476327408,10147555934831
9914494833408,10147607493865
9914513341408,10147661174472
9914531849408,10147716781599
9914550357408,10147773936496
9914568863408,10147828889030
9914587367408,10147882184072
9914605875408,10147938958365
9914624383408,10147995879603
9914642889408,10148052018632
9914661396408,10148120070662
9914679904408,10148172761776
9914698412408,10148228523211
9914716918408,10148282977375
9914735426408,10148340405817
9914753934408,10148399146925
9914772438408,10148452045730
9914790945408,10148507572632
9914809452408,10148568772509
9914827959408,10148624341183
9914846466408,10148680057817
9914864975408,10148737223167
9914883488408,10148793018415
9914901988408,10148848635872
9914920495408,10148913822784
9914939000408,10148971361830
9914957507408,10149024663969
9914976015408,10149077402337
9914994522408,10149130223247
9915013029408,10149185047806
9915031537408,10149243861978
9915050044408,10149302628213
9915068551408,10149357412070
9915087058408,10149413740052
9915105565408,10149469220070
9915124073408,10149520824782
9915142578408,10149581047361
9915161087408,10149636250356
9915179593408,10149687485487
9915198099408,10149741209605
9915216608408,10149793891720
9915235116408,10149845934400
9915253619408,10149901493284
9915272128408,10149956305876
9915290633408,10150007469313
9915309140408,10150067802568
9915327657408,10150121436551
9915346156408,10150177244712
9915364663408,10150230579805
9915383171408,10150287352357
9915401677408,10150353272620
9915420185408,10150409261717
9915438693408,10150477566081
9915457199408,10150533845470
9915475704408,10150592558245
9915494212408,10150648196720
9915512718408,10150715106036
9915531226408,10150781725176
9915549732408,10150837473169
9915568240408,10150890865925
9915586749408,10150946856773
9915605252408,10151002495208
9915623760408,10151068110196
9915642266408,10151127949742
9915660776408,10151183081353
9915679280408,10151239235950
9915697788408,10151304879157
9915716294408,10151366411353
9915734802408,10151425253302
9915753309408,10151483919058
9915771817408,10151554417616
9915790326408,10151614581099
9915808830408,10151674200009
9915827337408,10151733099315
9915845844408,10151792830069
9915864351408,10151852723011
9915882858408,10151911264536
9915901365408,10151972910856
9915919874408,10152040324526
9915938381408,10152099227995
9915956886408,10152154817637
9915975394408,10152213001886
9915993900408,10152268778085
9916012405408,10152329484121
9916030914408,10152388055945
9916049421408,10152444566209
9916067930408,10152502519053
9916086434408,10152560870336
9916104943408,10152615694970
9916123450408,10152674861077
9916141958408,10152735028822
9916160463408,10152795232879
9916178969408,10152851690970
9916197476408,10152910581374
9916215984408,10152967724878
9916234491408,10153035285849
9916252999408,10153085744695
9916271507408,10153133999214
9916290013408,10153182651795
9916308520408,10153232067669
9916327026408,10153283381750
9916345532408,10153335714308
9916364039408,10153388447341
9916382545408,10153445154317
9916401054408,10153497691115
9916419561408,10153544069239
9916438068408,10153591285968
9916456576408,10153637084957
9916475084408,10153690041027
9916493590408,10153740935430
9916512097408,10153800077423
9916530602408,10153858757937
9916549109408,10153911395256
9916567616408,10153963011449
9916586124408,10154009105577
9916604631408,10154057843636
9916623139408,10154110613235
9916641645408,10154161265199
9916660153408,10154214600948
9916678657408,10154268380715
9916697165408,10154319379337
9916715671408,10154371992918
9916734179408,10154433334852
9916752692408,10154489423347
9916771193408,10154541867972
9916789700408,10154590619648
9916808208408,10154654474080
9916826717408,10154707893922
9916845222408,10154759947125
9916863728408,10154811319519
9916882236408,10154871834756
9916900743408,10154927198754
9916919249408,10154979033676
9916937757408,10155032121894
9916956265408,10155085225661
9916974772408,10155135503167
9916993278408,10155190375252
9917011785408,10155243686405
9917030291408,10155298322605
9917048798408,10155357161210
9917067304408,10155409816639
9917085812408,10155461336837
9917104318408,10155523170802
9917122826408,10155582627040
9917141333408,10155633254514
9917159843408,10155689567469
9917178349408,10155741149482
9917196855408,10155790263990
9917215362408,10155840578946
9917233868408,10155893456788
9917252375408,10155951173926
9917270883408,10156006805385
9917289389408,10156065236722
9917307898408,10156124479899
9917326406408,10156179690363
9917344911408,10156228138723
9917363417408,10156286776003
9917381924408,10156343642419
9917400430408,10156393411214
9917418937408,10156446473567
9917437444408,10156508272396
9917455953408,10156569401532
9917474460408,10156623052544
9917492966408,10156671597103
9917511475408,10156722087144
9917529983408,10156769503980
9917548486408,10156819745866
9917566994408,10156870674631
9917585501408,10156921555024
9917604008408,10156972061137
9917622515408,10157020783410
9917641023408,10157079587511
9917659531408,10157135539236
9917678038408,10157185629352
9917696544408,10157241644373
9917715050408,10157291037713
9917733557408,10157343503561
9917752065408,10157389697776
9917770571408,10157436831504
9917789079408,10157492109147
9917807585408,10157547990355
9917826093408,10157599673259
9917844601408,10157651460743
9917863107408,10157699829600
9917881615408,10157745396037
9917900121408,10157802373857
9917918628408,10157856872938
9917937134408,10157901001255
9917955642408,10157962980586
9917974149408,10158011519831
9917992657408,10158072621906
9918011164408,10158137996447
9918029669408,10158182445479
9918048176408,10158244026764
9918066683408,10158304408419
9918085190408,10158346209500
9918103697408,10158386010848
9918122203408,10158423447208
9918140710408,10158460361777
9918159219408,10158495262674
9918177735408,10158529787512
9918196233408,10158562853226
9918214740408,10158597725975
9918233247408,10158631713806
9918251753408,10158673270658
9918270260408,10158718218481
9918288766408,10158763077233
9918307274408,10158805189143
9918325781408,10158843953567
9918344290408,10158881947430
9918362797408,10158934031899
9918381301408,10158982302967
9918399809408,10159033988859
9918418315408,10159078425287
9918436823408,10159127152351
9918455329408,10159171974313
9918473836408,10159220927153
9918492343408,10159264929142
9918510854408,10159306181016
9918529357408,10159354883489
9918547869408,10159400967527
9918566373408,10159444039533
9918584878408,10159484134759
9918603386408,10159545545255
9918621893408,10159589805109
9918640399408,10159629781264
9918658906408,10159680682615
9918677415408,10159739227907
9918695922408,10159783974591
9918714430408,10159841195737
9918732935408,10159904592498
9918751443408,10159948675691
9918769948408,10159990249485
9918788455408,10160041921859
9918806962408,10160097882785
9918825469408,10160144138666
9918843976408,10160184294575
9918862484408,10160220273015
9918880990408,10160268748946
9918899499408,10160312290463
9918918006408,10160352110722
9918936513408,10160403088249
9918955020408,10160451340921
9918973525408,10160501019153
9918992033408,10160539852049
9919010539408,10160583910436
9919029048408,10160624273888
9919047556408,10160671197378
9919066065408,10160720141432
9919084566408,10160781308064
9919103074408,10160830647898
9919121582408,10160891793144
9919140089408,10160950147949
9919158596408,10160993514376
9919177102408,10161043028260
9919195609408,10161098896994
9919214117408,10161140314469
9919232623408,10161192685123
9919251132408,10161234759944
9919269639408,10161273284040
9919288144408,10161312258770
9919306651408,10161349377255
9919325158408,10161387365711
9919343666408,10161424039949
9919362172408,10161468835034
9919380680408,10161510547130
9919399189408,10161548549927
9919417692408,10161594492607
9919436201408,10161641042723
9919454708408,10161687460027
9919473215408,10161734699155
9919491721408,10161776936728
9919510229408,10161823303017
9919528734408,10161869922423
9919547241408,10161917796330
9919565761408,10161966357396
9919584257408,10162011246946
9919602765408,10162058114466
9919621270408,10162108426359
9919639776408,10162155889022
9919658284408,10162203140679
9919676791408,10162250141737
9919695299408,10162295314049
9919713806408,10162335743188
9919732314408,10162382428474
9919750821408,10162434295473
9919769327408,10162479613518
9919787834408,10162525867355
9919806340408,10162571832253
9919824849408,10162613053537
9919843354408,10162659319469
9919861862408,10162702236993
9919880367408,10162743334041
9919898875408,10162791761682
9919917382408,10162838101208
9919935891408,10162887611729
9919954397408,10162933369399
9919972903408,10162980924911
9919991411408,10163029261780
9920009917408,10163089692976
9920028425408,10163141747739
9920046931408,10163181089617
9920065438408,10163226930975
9920083947408,10163269499354
9920102454408,10163310219301
9920120959408,10163351462780
9920139466408,10163392241755
9920157973408,10163445750081
9920176480408,10163494540920
9920194987408,10163542554283
9920213494408,10163593214415
9920232000408,10163642093341
9920250507408,10163694643795
9920269016408,10163745161522
9920287523408,10163796121307
9920306031408,10163842446812
9920324536408,10163895493465
9920343044408,10163952151601
9920361549408,10164008489467
9920380056408,10164059787334
9920398563408,10164105877191
9920417071408,10164158686685
9920435578408,10164204732893
9920454088408,10164253081057
9920472592408,10164296448267
9920491099408,10164339785241
9920509605408,10164391539303
9920528113408,10164438753623
9920546619408,10164487842887
9920565128408,10164538189483
9920583632408,10164586975191
9920602140408,10164637266488
9920620648408,10164686043510
9920639156408,10164736213880
9920657663408,10164784771972
9920676170408,10164829388552
9920694675408,10164871606181
9920713183408,10164920989389
9920731689408,10164971292748
9920750197408,10165017873099
9920768704408,10165068005888
9920787213408,10165115093464
9920805717408,10165163226873
9920824225408,10165208760055
9920842732408,10165253054699
9920861239408,10165296452808
9920879745408,10165338407543
9920898252408,10165386686915
9920916760408,10165434198658
9920935266408,10165482575747
9920953772408,10165536431072
9920972282408,10165586903102
9920990788408,10165636538517
9921009294408,10165685776488
9921027801408,10165736487583
9921046309408,10165787544825
9921064816408,10165840662304
9921083324408,10165892957574
9921101829408,10165951335039
9921120338408,10166004738432
9921138845408,10166056547257
9921157350408,10166107645086
9921175858408,10166157978553
9921194367408,10166208600601
9921212871408,10166258982081
9921231377408,10166310624847
9921249885408,10166361339233
9921268393408,10166410181722
9921286899408,10166461499653
9921305406408,10166505247278
9921323914408,10166550600569
9921342423408,10166601131232
9921360927408,10166648129508
9921379434408,10166696880145
9921397941408,10166753347042
9921416448408,10166799690625
9921434955408,10166848462961
9921453462408,10166896537524
9921471971408,10166941622170
9921490480408,10166987228429
9921508984408,10167032681544
9921527490408,10167078918991
9921545997408,10167133567767
9921564503408,10167182016909
9921583010408,10167226280908
9921601518408,10167270575297
9921620026408,10167314423624
9921638532408,10167363428031
9921657038408,10167413701230
9921675546408,10167462125164
9921694056408,10167506264353
9921712559408,10167549708727
9921731066408,10167592466195
9921749573408,10167633502490
9921768081408,10167674317839
9921786589408,10167715953499
9921805096408,10167761267360
9921823603408,10167808913669
9921842111408,10167852264601
9921860615408,10167900536963
9921879123408,10167948761311
9921897629408,10168003912676
9921916139408,10168053299728
9921934643408,10168098925384
9921953153408,10168141987526
9921971659408,10168185591206
9921990164408,10168230579417
9922008672408,10168288578003
9922027181408,10168341409478
9922045690408,10168392457631
9922064193408,10168441772734
9922082699408,10168492767357
9922101207408,10168547488223
9922119714408,10168598404470
9922138220408,10168652996984
9922156727408,10168701948303
9922175237408,10168746636613
9922193741408,10168794750037
9922212248408,10168840564474
9922230755408,10168894350602
9922249262408,10168943101463
9922267769408,10168987987390
9922286276408,10169035793224
9922304784408,10169086170952
9922323293408,10169142303010
9922341798408,10169191993577
9922360304408,10169239105768
9922378827408,10169284060648
9922397318408,10169326902030
9922415829408,10169384900349
9922434332408,10169435996047
9922452839408,10169487787630
9922471346408,10169535368833
9922489853408,10169583260662
9922508362408,10169632317564
9922526871408,10169681232297
9922545374408,10169732777167
9922563883408,10169784499047
9922582389408,10169845375200
9922600895408,10169896587785
9922619402408,10169940493790
9922656418408,10169987772478
9922674925408,10170033686222
9922693429408,10170092320533
9922711937408,10170141293374
9922730445408,10170187062254
9922748951408,10170235849117
9922767459408,10170282587605
9922785966408,10170329241939
9922804473408,10170378666784
9922822979408,10170421918762
9922841487408,10170459447032
9922859995408,10170509394601
9922878503408,10170563515531
9922897008408,10170614654688
9922915514408,10170672870174
9922934021408,10170725219018
9922952529408,10170773772404
9922971036408,10170834475189
9922989542408,10170888281930
9923008052408,10170936985187
9923026559408,10170982771591
9923045063408,10171033568392
9923063569408,10171082711663
9923082081408,10171130021763
9923100583408,10171175736717
9923119091408,10171222866151
9923137598408,10171268394873
9923156105408,10171323871748
9923174612408,10171377555429
9923193119408,10171429804370
9923211627408,10171478297568
9923230135408,10171527280816
9923248640408,10171576444682
9923267147408,10171626926032
9923285654408,10171677254148
9923304161408,10171732683181
9923322668408,10171783690038
9923341176408,10171842113008
9923359685408,10171897525903
9923378189408,10171955929628
9923396695408,10172014023813
9923415202408,10172065626136
9923433712408,10172115013685
9923452217408,10172162712035
9923470723408,10172211299137
9923489232408,10172267108525
9923507739408,10172320193065
9923526246408,10172380860497
9923544752408,10172435240565
9923563260408,10172488320194
9923581769408,10172541873720
9923600273408,10172591788065
9923618781408,10172652780362
9923637287408,10172701969815
9923655793408,10172749339277
9923674303408,10172802220780
9923692808408,10172854317751
9923711317408,10172907828990
9923729821408,10172951937790
9923748328408,10173003797310
9923766836408,10173056112282
9923785343408,10173108554416
9923803852408,10173157564812
9923822356408,10173206235410
9923840863408,10173259622760
9923859370408,10173309399706
9923877878408,10173356145904
9923896386408,10173407883736
9923914893408,10173460377570
9923933399408,10173511546914
9923951905408,10173572328448
9923970413408,10173626768269
9923988919408,10173680283753
9924007425408,10173730271343
9924025934408,10173778749588
9924044442408,10173836447930
9924062949408,10173893060241
9924081455408,10173940657432
9924099960408,10173994957822
9924118468408,10174046293228
9924136977408,10174099050105
9924155491408,10174147521010
9924173989408,10174201294752
9924192495408,10174254220010
9924211003408,10174304769626
9924229510408,10174351363709
9924248018408,10174395186988
9924266527408,10174449711632
9924285031408,10174502024236
9924303538408,10174555322747
9924322045408,10174610197364
9924340553408,10174662564276
9924359059408,10174711313686
9924377566408,10174760118390
9924396075408,10174810776391
9924414582408,10174864514211
9924433088408,10174930824752
9924451594408,10174983398723
9924470101408,10175033753346
9924488607408,10175082260925
9924507115408,10175130885192
9924525624408,10175180761256
9924544129408,10175230247100
9924562637408,10175288173242
9924581144408,10175342601480
9924599651408,10175395120402
9924618161408,10175448971432
9924636664408,10175499689669
9924655171408,10175548020246
9924673677408,10175597423715
9924692185408,10175647633404
9924710693408,10175696969935
9924729200408,10175745121108
9924747708408,10175797493060
9924766213408,10175851384098
9924784721408,10175902208080
9924803228408,10175958246858
9924821734408,10176009089978
9924840241408,10176055686696
9924858748408,10176106597835
9924877256408,10176155213700
9924895763408,10176202345056
9924914269408,10176260306745
9924932777408,10176313339122
9924951285408,10176363851269
9924969790408,10176416907444
9924988297408,10176474647470
9925006803408,10176525139291
9925025311408,10176581814809
9925043819408,10176634386511
9925062325408,10176680163582
9925080833408,10176733151051
9925099341408,10176790369305
9925117845408,10176843626945
9925136353408,10176897709609
9925154859408,10176958262568
9925173366408,10177012363068
9925191880408,10177062878904
9925210381408,10177114718809
9925228899408,10177162893346
9925247395408,10177209844045
9925265902408,10177251487391
9925284411408,10177299781445
9925302917408,10177352384210
9925321422408,10177405123665
9925339929408,10177465917786
9925358437408,10177523274698
9925376944408,10177575443361
9925395452408,10177627660446
9925413959408,10177680974469
9925432467408,10177735451152
9925450975408,10177791361786
9925469478408,10177841794791
9925487985408,10177891057368
9925506491408,10177941532015
9925524998408,10177999750358
9925543506408,10178052595594
9925562014408,10178104829834
9925580520408,10178163135831
9925599027408,10178219065252
9925617535408,10178270386081
9925636043408,10178320074222
9925654550408,10178380433872
9925673055408,10178432039205
9925691563408,10178486048274
9925710069408,10178537287337
9925728576408,10178586246994
9925747083408,10178635623039
9925765591408,10178686405080
9925784101408,10178734057384
9925802607408,10178785133295
9925821112408,10178836377494
9925839618408,10178887005046
9925858125408,10178941639507
9925876631408,10178995508365
9925895140408,10179047987232
9925913647408,10179097626716
9925932154408,10179160910495
9925950661408,10179213138209
9925969167408,10179264470879
9925987676408,10179321472215
9926006184408,10179377276327
9926024688408,10179433008494
9926043195408,10179485273092
9926061703408,10179540490943
9926080210408,10179601828542
9926098716408,10179654914386
9926117225408,10179707227764
9926135733408,10179757689771
9926154237408,10179818486440
9926172743408,10179873108831
9926191252408,10179926115805
9926209757408,10179979828834
9926228265408,10180032791503
9926246772408,10180085089513
9926265280408,10180140438708
9926283786408,10180193162827
9926302294408,10180247397271
9926320801408,10180300144130
9926339309408,10180352907848
9926357813408,10180406270889
9926376321408,10180465603044
9926394828408,10180516970343
9926413335408,10180572266231
9926431841408,10180624153877
9926450350408,10180675292481
9926468857408,10180726377943
9926487365408,10180780477472
9926505870408,10180833218932
9926524378408,10180890540265
9926542883408,10180950377937
9926561390408,10181003364502
9926579897408,10181053573077
9926598404408,10181102831791
9926616917408,10181155116322
9926635419408,10181217151288
9926653925408,10181271465179
9926672433408,10181324477916
9926690941408,10181375698107
9926709447408,10181424734968
9926727954408,10181472173802
9926746461408,10181516749382
9926764967408,10181566024282
9926783475408,10181620253439
9926801982408,10181674019975
9926820489408,10181725053557
9926838997408,10181778511857
9926857501408,10181832125161
9926876009408,10181888562802
9926894517408,10181941916808
9926913023408,10181994755220
9926931530408,10182055938623
9926950038408,10182109822214
9926968545408,10182161429111
9926987051408,10182214803956
9927005558408,10182266905891
9927024066408,10182318563177
9927042576408,10182368623602
9927061080408,10182421918133
9927079586408,10182484672848
9927098093408,10182539905127
9927116601408,10182592465588
9927135108408,10182643161095
9927153614408,10182693661369
9927172123408,10182747737443
9927190631408,10182797203364
9927209136408,10182861396842
9927227643408,10182916711602
9927246150408,10182969662968
9927264655408,10183018954363
9927283163408,10183069003675
9927301669408,10183122376444
9927320178408,10183174634094
9927338685408,10183225373555
9927357191408,10183276155614
9927375699408,10183328478707
9927394209408,10183383786044
9927412711408,10183438106996
9927431219408,10183488896146
9927449727408,10183547338844
9927468234408,10183601998695
9927486740408,10183655090448
9927505248408,10183704135294
9927523755408,10183749099642
9927542261408,10183799546167
9927560769408,10183853215102
9927579275408,10183903887808
9927597782408,10183960464916
9927616290408,10184023311426
9927634796408,10184081090621
9927653303408,10184139364222
9927671811408,10184196304044
9927690317408,10184260222571
9927708825408,10184318505983
9927727334408,10184376607985
9927745841408,10184434528511
9927764347408,10184487480409
9927782854408,10184542754954
9927801360408,10184607843544
9927819866408,10184663992557
9927838373408,10184720079793
9927856880408,10184775800878
9927875389408,10184834096477
9927893893408,10184890933711
9927912401408,10184953792269
9927930909408,10185012757571
9927949415408,10185077753566
9927967922408,10185134180410
9927986428408,10185190030583
9928004934408,10185242819335
9928023444408,10185291359284
9928041949408,10185337303457
9928060459408,10185388783164
9928078965408,10185443064639
9928097471408,10185495724380
9928115978408,10185549983113
9928134484408,10185603320067
9928152992408,10185652074384
9928171498408,10185698326658
9928190006408,10185750559849
9928208513408,10185804688343
9928227022408,10185861201120
9928245527408,10185917686039
9928264034408,10185971065903
9928282541408,10186030763212
9928301049408,10186085235091
9928319554408,10186139721043
9928338062408,10186202855908
9928356568408,10186259688959
9928375075408,10186314589068
9928393583408,10186372702369
9928412090408,10186425156656
9928430598408,10186480854223
9928449105408,10186533826024
9928467610408,10186593181921
9928486117408,10186648319310
9928504624408,10186696506646
9928523131408,10186746321054
9928541638408,10186793554955
9928560148408,10186839263246
9928578654408,10186891089294
9928597159408,10186942522542
9928615667408,10186994339488
9928634174408,10187047833160
9928652680408,10187099666746
9928671188408,10187151398334
9928689693408,10187204339539
9928708201408,10187256254514
9928726709408,10187308595356
9928745216408,10187361925220
9928763723408,10187414628720
9928782233408,10187474832565
9928800737408,10187528291424
9928819243408,10187577200366
9928837749408,10187624136145
9928856258408,10187675648798
9928874765408,10187726558448
9928893272408,10187775473869
9928911779408,10187822988688
9928930288408,10187868304263
9928948792408,10187911965060
9928967300408,10187966045658
9928985807408,10188021318566
9929004313408,10188076744723
9929022820408,10188126685582
9929041327408,10188182568262
9929059833408,10188236891356
9929078341408,10188293206410
9929096848408,10188346941006
9929115357408,10188396751541
9929133866408,10188448561545
9929152369408,10188503240866
9929170877408,10188557855136
9929189383408,10188609636732
9929207890408,10188654663610
9929226397408,10188705964168
9929244905408,10188758767217
9929263413408,10188811207429
9929281917408,10188861091902
9929300425408,10188924538814
9929318932408,10188989004215
9929337440408,10189042393059
9929355945408,10189088474547
9929374454408,10189143586111
9929392959408,10189195627600
9929411466408,10189250786150
9929429973408,10189305887623
9929448482408,10189358523269
9929466990408,10189410743697
9929485498408,10189461650983
9929504001408,10189508846852
9929522509408,10189556173234
9929541015408,10189601558206
9929559523408,10189645206382
9929578030408,10189690922334
9929596539408,10189740925864
9929615046408,10189794892401
9929633550408,10189848194730
9929652057408,10189899851566
9929670565408,10189963490708
9929689072408,10190018238891
9929707578408,10190073684599
9929726086408,10190128836894
9929744593408,10190182293154
9929763099408,10190234604181
9929781606408,10190284804796
9929800116408,10190332887859
9929818624408,10190392229476
9929837127408,10190447733349
9929855635408,10190499247086
9929874142408,10190555341393
9929892647408,10190608888766
9929911157408,10190659101099
9929929662408,10190710292025
9929948170408,10190761274896
9929966679408,10190812829522
9929985184408,10190862853279
9930003691408,10190914651728
9930022197408,10190972015446
9930040704408,10191029430196
9930059211408,10191079692180
9930077719408,10191125174174
9930096225408,10191175978431
9930114731408,10191231162353
9930133241408,10191283913753
9930151748408,10191340124576
9930170255408,10191394967875
9930188762408,10191449578997
9930207267408,10191500677863
9930225773408,10191559860721
9930244282408,10191615479485
9930262789408,10191666124527
9930281296408,10191719165787
9930299805408,10191774002906
9930318312408,10191826886105
9930336816408,10191880377528
9930355323408,10191935071732
9930373830408,10191996651518
9930392338408,10192052271787
9930410845408,10192103947681
9930429352408,10192149321603
9930447858408,10192195861863
9930466365408,10192247149554
9930484872408,10192299061001
9930503381408,10192352051381
9930521888408,10192406446976
9930540393408,10192459202127
9930558900408,10192509391883
9930577407408,10192562992010
9930595914408,10192614614679
9930614421408,10192665531937
9930632929408,10192716952897
9930651438408,10192768220749
9930669942408,10192818070194
9930688449408,10192867675382
9930706955408,10192919926814
9930725463408,10192971323377
9930743972408,10193025142796
9930762477408,10193073309256
9930780984408,10193120707481
9930799502408,10193172333198
9930817997408,10193222074182
9930836506408,10193275345835
9930855015408,10193324103788
9930873522408,10193372192408
9930892026408,10193430371986
9930910535408,10193482427813
9930929040408,10193530912009
9930947547408,10193588685026
9930966054408,10193637197788
9930984562408,10193686678698
9931003070408,10193736103518
9931021575408,10193786543120
9931040081408,10193845715166
9931058588408,10193898714102
9931077097408,10193956576255
9931095602408,10194009023946
9931114110408,10194061216765
9931132619408,10194107945357
9931151123408,10194155246098
9931169630408,10194202645040
9931188138408,10194254162532
9931206646408,10194304033015
9931225151408,10194350436634
9931243659408,10194398314932
9931262166408,10194445674325
9931280672408,10194503443756
9931299180408,10194558176192
9931317687408,10194608185463
9931336194408,10194668794485
9931354703408,10194720831657
9931373208408,10194782134357
9931391714408,10194835633362
9931410222408,10194892681774
9931428728408,10194945715533
9931447236408,10194990874337
9931465744408,10195040565774
9931484251408,10195089227920
9931502755408,10195140477432
9931521263408,10195197477378
9931539771408,10195251145939
9931558279408,10195305512543
9931576784408,10195358411382
9931595291408,10195408306210
9931613797408,10195459090763
9931632312408,10195507380296
9931650813408,10195559482217
9931669321408,10195613325313
9931687828408,10195666609926
9931706337408,10195716401994
9931724840408,10195769332789
9931743347408,10195829627382
9931761854408,10195884383932
9931780363408,10195940188297
9931798869408,10195994390675
9931817376408,10196047328070
9931835883408,10196100122067
9931854389408,10196150140470
9931872896408,10196199958634
9931891404408,10196259169665
9931909913408,10196314149483
9931928418408,10196368835076
9931946924408,10196422908716
9931965431408,10196478178200
9931983938408,10196535634231
9932002448408,10196586387601
9932020952408,10196638997708
9932039463408,10196688239407
9932057965408,10196740669126
9932076474408,10196803507351
9932094980408,10196859165457
9932113488408,10196909116321
9932131995408,10196949804556
9932150501408,10197002095236
9932169010408,10197054326731
9932187519408,10197101588509
9932206021408,10197148386980
9932224528408,10197195370920
9932243041408,10197241133363
9932261545408,10197286925618
9932280053408,10197334670922
9932298558408,10197380231418
9932317063408,10197424719735
9932335571408,10197469024344
9932354078408,10197515347406
9932372586408,10197556287030
9932391094408,10197605382877
9932409599408,10197656618089
9932428106408,10197702583528
9932446613408,10197750748376
9932465119408,10197796847451
9932483627408,10197843390458
9932502134408,10197887392472
9932520641408,10197932632554
9932539150408,10197985777915
9932557653408,10198034544576
9932576161408,10198080025255
9932594670408,10198125550222
9932613176408,10198178540594
9932631683408,10198228500861
9932650189408,10198282780310
9932668696408,10198333208316
9932687204408,10198380428236
9932705710408,10198428267295
9932724220408,10198478555695
9932742726408,10198523139886
9932761232408,10198573603614
9932779738408,10198619556785
9932798246408,10198665045357
9932816753408,10198712857442
9932835260408,10198761153593
9932853767408,10198811624444
9932872275408,10198861387887
9932890783408,10198921059594
9932909287408,10198979420879
9932927795408,10199033310596
9932946304408,10199085368501
9932964809408,10199139368471
9932983316408,10199195551583
9933001822408,10199248259706
9933020330408,10199307913061
9933038836408,10199362938826
9933057344408,10199413782973
9933075851408,10199462198879
9933094361408,10199517728458
9933112863408,10199566963450
9933131371408,10199621484504
9933149878408,10199675105675
9933168388408,10199726897834
9933186892408,10199782267756
9933205400408,10199831885997
9933223909408,10199883959735
9933242413408,10199937179085
9933260919408,10199990170280
9933279426408,10200041313629
9933297936408,10200089880237
9933316441408,10200140256172
9933334950408,10200193237503
9933353455408,10200240474406
9933371962408,10200290044822
9933390470408,10200343494629
9933408976408,10200397988821
9933427489408,10200451879011
9933445992408,10200503546246
9933464497408,10200564623726
9933483005408,10200620595367
9933501512408,10200681938043
9933520017408,10200739336032
9933538525408,10200793210483
9933557033408,10200847710442
9933575541408,10200904022764
9933594046408,10200960382995
9933612552408,10201012026885
9933631059408,10201060801202
9933649571408,10201115473128
9933668075408,10201166753752
9933686581408,10201217197859
9933705088408,10201263734123
9933723596408,10201312259231
9933742102408,10201362404159
9933760612408,10201417306803
9933779117408,10201467176215
9933797624408,10201512022424
9933816130408,10201555930168
9933834636408,10201601731524
9933853143408,10201656927826
9933871649408,10201704568593
9933890158408,10201752143646
9933908666408,10201797347497
9933927174408,10201842681897
9933945677408,10201885014008
9933964186408,10201935412117
9933982692408,10201979396292
9934001203408,10202017717045
9934019707408,10202055660467
9934038215408,10202094717394
9934056720408,10202132359939
9934075227408,10202177446047
9934093735408,10202220542107
9934112242408,10202261342664
9934130750408,10202300522163
9934149257408,10202342449890
9934167763408,10202384726592
9934186269408,10202432357042
9934204776408,10202476195071
9934223283408,10202511047909
9934241791408,10202543444135
9934260299408,10202574117108
9934278807408,10202610035832
9934297312408,10202646558260
9934315817408,10202712262162
9934334324408,10202757467238
9934352831408,10202809469541
9934371339408,10202869218940
9934389846408,10202916136794
9934408354408,10202972064123
9934426860408,10203026011477
9934445368408,10203063337744
9934463879408,10203110607122
9934482383408,10203167008342
9934500888408,10203211810890
9934519395408,10203262055679
9934537902408,10203318733681
9934556409408,10203361219008
9934574915408,10203410793330
9934593423408,10203473877719
9934611931408,10203517862312
9934630439408,10203577701395
9934648944408,10203635961995
9934667452408,10203681035511
9934685958408,10203741423027
9934704464408,10203782972885
9934722972408,10203823590591
9934741479408,10203861489331
9934759986408,10203905933908
9934778493408,10203950508293
9934797000408,10203990943749
9934815509408,10204031692389
9934834017408,10204070548245
9934852521408,10204114674504
9934871028408,10204159699679
9934889535408,10204200027071
9934908043408,10204237561869
9934926550408,10204275502044
9934945057408,10204321253938
9934963566408,10204365447426
9934982070408,10204416085795
9935000577408,10204462027236
9935019084408,10204516520500
9935037591408,10204564265552
9935056104408,10204605873745
9935074605408,10204655312677
9935093112408,10204700005085
9935111621408,10204752035287
9935130126408,10204798028979
9935148635408,10204836766536
9935167142408,10204881462194
9935185647408,10204922019995
9935204153408,10204967437016
9935222662408,10205010357189
9935241168408,10205064523896
9935259676408,10205113692769
9935278182408,10205160158661
9935296689408,10205206619199
9935315198408,10205254284366
9935333703408,10205298753255
9935352210408,10205352264907
9935370717408,10205396424929
9935389223408,10205440531464
9935407730408,10205491831043
9935426238408,10205545792196
9935444744408,10205590004589
9935463251408,10205629045206
9935481758408,10205681766181
9935500266408,10205727855401
9935518775408,10205782037854
9935537280408,10205831895910
9935555786408,10205875785535
9935574293408,10205918451742
9935592801408,10205962730345
9935611308408,10206011858390
9935629816408,10206070016174
9935648323408,10206114124745
9935666831408,10206165183534
9935685336408,10206208679858
9935703842408,10206247737382
9935722348408,10206286948337
9935740855408,10206334124511
9935759362408,10206382831686
9935777870408,10206430994485
9935796377408,10206477686933
9935814885408,10206524566060
9935833393408,10206577342351
9935851898408,10206625159815
9935870407408,10206670857413
9935888912408,10206718210624
9935907419408,10206777207067
9935925926408,10206822429601
9935944433408,10206870519740
9935962939408,10206933987602
9935981449408,10206983294445
9935999956408,10207037258713
9936018463408,10207098643096
9936036968408,10207146751285
9936055475408,10207200945052
9936073981408,10207262932958
9936092488408,10207310758654
9936110996408,10207363829803
9936129502408,10207422875717
9936148010408,10207470234290
9936166519408,10207524048437
9936185024408,10207582883625
9936203533408,10207633871380
9936222041408,10207692029431
9936240545408,10207751674698
9936259051408,10207798166053
9936277560408,10207861891698
9936296066408,10207910646928
9936314574408,10207952972260
9936333081408,10207999937072
9936351589408,10208045624470
9936370093408,10208089850530
9936388600408,10208130211724
9936407107408,10208167414601
9936425614408,10208213024262
9936444121408,10208257108620
9936462629408,10208296643287
9936481140408,10208342529207
9936499644408,10208385573081
9936518149408,10208430492435
9936536657408,10208480910897
9936555165408,10208531709618
9936573671408,10208579610767
9936592177408,10208629571128
9936610685408,10208680188947
9936629192408,10208728663239
9936647699408,10208788759723
9936666206408,10208841893656
9936684715408,10208896486640
9936703221408,10208948863156
9936721726408,10208994529812
9936740234408,10209046332005
9936758740408,10209098210491
9936777247408,10209148016717
9936795754408,10209198200626
9936814261408,10209251309827
9936832770408,10209304034067
9936851276408,10209354279516
9936869782408,10209412440843
9936888291408,10209466030388
9936906798408,10209513589471
9936925302408,10209559380733
9936943810408,10209604619612
9936962318408,10209661082008
9936980824408,10209712627143
9936999332408,10209763337811
9937017839408,10209811910096
9937036347408,10209862039671
9937054854408,10209913188871
9937073359408,10209964252121
9937091867408,10210013557229
9937110374408,10210064461285
9937128880408,10210126339522
9937147386408,10210190474768
9937165893408,10210243452196
9937184401408,10210296159791
9937202907408,10210345565197
9937221415408,10210395549012
9937239923408,10210443170087
9937258431408,10210488338302
9937276936408,10210536254847
9937295443408,10210580783414
9937313950408,10210633012663
9937332457408,10210683623172
9937350963408,10210736016696
9937369472408,10210786846326
9937387979408,10210846161489
9937406487408,10210908882130
9937424992408,10210961560415
9937443499408,10211014127423
9937462005408,10211067731094
9937480513408,10211126380265
9937499019408,10211185519099
9937517528408,10211243710609
9937536034408,10211296132016
9937554540408,10211351281997
9937573049408,10211407013154
9937591557408,10211460365707
9937610065408,10211516444817
9937628568408,10211581357855
9937647081408,10211639915250
9937665583408,10211692132015
9937684090408,10211747544489
9937702597408,10211801153008
9937721103408,10211850330965
9937739612408,10211897448310
9937758120408,10211952150473
9937776625408,10211999442531
9937795132408,10212049322158
9937813640408,10212097140676
9937832146408,10212143705677
9937850652408,10212187567886
9937869162408,10212231297422
9937887667408,10212274169514
9937906179408,10212332007043
9937924681408,10212382250660
9937943189408,10212437092592
9937961699408,10212493341823
9937980201408,10212539772572
9937998708408,10212587524578
9938017216408,10212632100207
9938035723408,10212673244742
9938054229408,10212733978480
9938072737408,10212774468292
9938091245408,10212817641192
9938109750408,10212873928290
9938128257408,10212919512269
9938146764408,10212974214716
9938165271408,10213036356809
9938183777408,10213082257066
9938202284408,10213132626397
9938220791408,10213193609427
9938239299408,10213236373687
9938257807408,10213281396636
9938276315408,10213337726248
9938294823408,10213382347136
9938313328408,10213430898965
9938331835408,10213481967340
9938350341408,10213521783195
9938368848408,10213569422556
9938387355408,10213629021367
9938405862408,10213671995466
9938424370408,10213718494087
9938442879408,10213776445888
9938461383408,10213817177081
9938479890408,10213865105822
9938498397408,10213920451281
9938516905408,10213962389494
9938535410408,10214011942059
9938553916408,10214067934318
9938572424408,10214112346778
9938590932408,10214160215201
9938609439408,10214219918134
9938627947408,10214260207414
9938646455408,10214310959583
9938664962408,10214373092756
9938683467408,10214415799238
9938701974408,10214475342363
9938720481408,10214539119409
9938738987408,10214585654828
9938757495408,10214637989366
9938776005408,10214697566554
9938794511408,10214741158926
9938813015408,10214790350525
9938831524408,10214850352179
9938850029408,10214894655697
9938868537408,10214938524290
9938887043408,10214998570148
9938905550408,10215040908497
9938924057408,10215088572277
9938942565408,10215146331754
9938961072408,10215191777236
9938979580408,10215238544856
9938998088408,10215296279048
9939016593408,10215341987721
9939035098408,10215392134386
9939053606408,10215449897315
9939072113408,10215493566045
9939090621408,10215542292116
9939109128408,10215591208675
9939127637408,10215638747941
9939146143408,10215681788632
9939164668408,10215728705040
9939183156408,10215771076486
9939201662408,10215818902745
9939220169408,10215862090445
9939238677408,10215911278876
9939257185408,10215960881147
9939275691408,10216001014994
9939294202408,10216042401572
9939312705408,10216084370362
9939331213408,10216127123225
9939349722408,10216176505105
9939368226408,10216220936940
9939386733408,10216266589294
9939405240408,10216315704616
9939423746408,10216358219539
9939442254408,10216401886418
9939460763408,10216446314887
9939479270408,10216488131195
9939497775408,10216528143027
9939516281408,10216572374594
9939534788408,10216617813349
9939553296408,10216655884307
9939571803408,10216691247916
9939590309408,10216732876009
9939608815408,10216771947236
9939627322408,10216809721355
9939645830408,10216848379690
9939664338408,10216886207496
9939682847408,10216923965750
9939701351408,10216962568735
9939719858408,10217010107307
9939738365408,10217054030410
9939756871408,10217094547988
9939775379408,10217133513090
9939793887408,10217178024706
9939812395408,10217223128040
9939830903408,10217267825994
9939849408408,10217311868378
9939867914408,10217350693932
9939886421408,10217394315553
9939904928408,10217447757663
9939923435408,10217493216830
9939941942408,10217540057756
9939960448408,10217583389825
9939978956408,10217625700964
9939997464408,10217671725632
9940015971408,10217719446498
9940034480408,10217771783369
9940052983408,10217822454386
9940071499408,10217869586128
9940089997408,10217918267924
9940108505408,10217962978115
9940127012408,10218011297241
9940145519408,10218053463723
9940164027408,10218104084651
9940182536408,10218155162210
9940201039408,10218202446869
9940219546408,10218248352878
9940238053408,10218294364596
9940256561408,10218340273892
9940275066408,10218388413459
9940293576408,10218435559794
9940312081408,10218481383733
9940330589408,10218526047627
9940349097408,10218576901349
9940367604408,10218625702551
9940386111408,10218673888346
9940404617408,10218723072368
9940423123408,10218764147369
9940441631408,10218804340139
9940460138408,10218845274278
9940478646408,10218885661148
9940497152408,10218943991451
9940515661408,10218990947140
9940534167408,10219041910269
9940552672408,10219083699481
9940571179408,10219132248373
9940589686408,10219176049486
9940608193408,10219223991550
9940626701408,10219272284197
9940645208408,10219316438276
9940663715408,10219366411643
9940682221408,10219416195795
9940700729408,10219464021778
9940719236408,10219510104538
9940737746408,10219555142109
9940756250408,10219599532352
9940774756408,10219642530927
9940793263408,10219705540371
9940811771408,10219749028764
9940830277408,10219800989147
9940848785408,10219863850498
9940867294408,10219910389651
9940885798408,10219962514776
9940904305408,10220025765465
9940922812408,10220073495125
9940941319408,10220128575723
9940959827408,10220186342025
9940978333408,10220230784178
9940996842408,10220280885171
9941015346408,10220339246144
9941033853408,10220380738615
9941052362408,10220432306639
9941070869408,10220492785895
9941089375408,10220533387775
9941107881408,10220582379146
9941126390408,10220639830935
9941144895408,10220682158379
9941163403408,10220733752224
9941181910408,10220797454993
9941200418408,10220842138801
9941218926408,10220899401305
9941237431408,10220956872962
9941255938408,10221001293847
9941274445408,10221054158775
9941292951408,10221112045215
9941348475408,10221189345977
9941366979408,10221251683274
9941385486408,10221314422340
9941403995408,10221367579677
9941422502408,10221450773010
9941441007408,10221502776826
9941459515408,10221552291725
9941478022408,10221602228695
9941496529408,10221650247543
9941515036408,10221696270757
9941533543408,10221746299601
9941552050408,10221788962308
9941570560408,10221828382044
9941589063408,10221866700624
9941607571408,10221906287068
9941626077408,10221944270258
9941644585408,10221981262173
9941663091408,10222019268010
9941681601408,10222071349458
9941700107408,10222118055283
9941718612408,10222159503322
9941737118408,10222200590385
9941755629408,10222247059559
9941774134408,10222302476330
9941792641408,10222350433510
9941811148408,10222399794988
9941829655408,10222450524471
9941848163408,10222497200199
9941866669408,10222546159425
9941885175408,10222602057432
9941903684408,10222652717929
9941922191408,10222700264445
9941940696408,10222757292859
9941959205408,10222816159079
9941977710408,10222868033362
9941996218408,10222918931602
9942014726408,10222970335919
9942033232408,10223024203219
9942051740408,10223076324336
9942070244408,10223135514648
9942088751408,10223194438336
9942107272408,10223248011627
9942125768408,10223306289307
9942144278408,10223362357337
9942162781408,10223419616694
9942181287408,10223473985937
9942199796408,10223535437675
9942218301408,10223597130309
9942236808408,10223652877579
9942255316408,10223708402500
9942273825408,10223757934222
9942292330408,10223807265363
9942310837408,10223860447458
9942329343408,10223908161157
9942347850408,10223958447015
9942366358408,10224007979215
9942384865408,10224057731511
9942403372408,10224111583474
9942421877408,10224162774476
9942440385408,10224217168042
9942458893408,10224287219049
9942477399408,10224346522101
9942495905408,10224413592916
9942514413408,10224472877277
9942532920408,10224529610449
9942551427408,10224584395251
9942569933408,10224641890368
9942588442408,10224698160688
9942606949408,10224755445104
9942625455408,10224810268252
9942643961408,10224865533343
9942662470408,10224919383477
9942680976408,10224971160902
9942699500408,10225022344605
9942717989408,10225089688351
9942736498408,10225140300454
9942755005408,10225195677668
9942773510408,10225244655347
9942792016408,10225297595849
9942810526408,10225345690978
9942829031408,10225396251547
9942847538408,10225444289656
9942866046408,10225497277868
9942884552408,10225550089139
9942903059408,10225611377663
9942921568408,10225666834492
9942940074408,10225716844847
9942958583408,10225769791781
9942977088408,10225823609668
9942995596408,10225874025720
9943014101408,10225926435974
9943032608408,10225989906560
9943051115408,10226045704927
9943069622408,10226098848465
9943088130408,10226150663523
9943106639408,10226200452051
9943125142408,10226260442547
9943143650408,10226313255331
9943162158408,10226364985637
9943180680408,10226414329764
9943199170408,10226459235935
9943217678408,10226512976588
9943236184408,10226567786230
9943254692408,10226619083371
9943273199408,10226677312884
9943291708408,10226730263868
9943310217408,10226779610525
9943328721408,10226830667117
9943347227408,10226877908563
9943365736408,10226925134488
9943384241408,10226973956253
9943402749408,10227022262639
9943421255408,10227068729650
9943439764408,10227118212810
9943458269408,10227166026765
9943476775408,10227217027694
9943495282408,10227266834630
9943513793408,10227312134788
9943532303408,10227356279000
9943550804408,10227404546279
9943569311408,10227455978520
9943587818408,10227518615522
9943606324408,10227573374967
9943624834408,10227628930237
9943643340408,10227683735808
9943661849408,10227739711625
9943680353408,10227794303372
9943698861408,10227851390110
9943717366408,10227906844762
9943735874408,10227960883287
9943754381408,10228013979135
9943772888408,10228065537182
9943791396408,10228114017660
9943809902408,10228173099690
9943828408408,10228224382991
9943846915408,10228271495644
9943865426408,10228319368079
9943883930408,10228371937314
9943902437408,10228418043056
9943920942408,10228463821336
9943939450408,10228517901322
9943957956408,10228570752792
9943976466408,10228619873759
9943994973408,10228672481342
9944013478408,10228721727115
9944031985408,10228771866219
9944050492408,10228829844522
9944069000408,10228888709178
9944087507408,10228937289844
9944106014408,10228984913545
9944124522408,10229033102524
9944143029408,10229081886964
9944161534408,10229135328077
9944180041408,10229188244332
9944198549408,10229241371302
9944217054408,10229291983961
9944235563408,10229336667638
9944254070408,10229385865102
9944272576408,10229436116580
9944291083408,10229484920025
9944309591408,10229537062469
9944328098408,10229587982694
9944346607408,10229636796133
9944365111408,10229696423001
9944383619408,10229748182463
9944402124408,10229801071019
9944420632408,10229850792582
9944439138408,10229898189235
9944457646408,10229950329051
9944476154408,10230000888664
9944494662408,10230060080458
9944513166408,10230116117176
9944531675408,10230169409115
9944550179408,10230218980042
9944568688408,10230272254148
9944587195408,10230323259961
9944605702408,10230373953968
9944624208408,10230426973716
9944642715408,10230476118921
9944661222408,10230521652497
9944679732408,10230577826866
9944698239408,10230631673013
9944716744408,10230679315591
9944735250408,10230732488251
9944753758408,10230787245339
9944772266408,10230840010525
9944790772408,10230890875526
9944809279408,10230940464416
9944827788408,10230992161509
9944846322408,10231046728989
9944864801408,10231101214002
9944883306408,10231150657082
9944901813408,10231198979348
9944920321408,10231246622543
9944938827408,10231294142438
9944957338408,10231338245700
9944975842408,10231383915825
9944994348408,10231436056700
9945012857408,10231487925609
9945031365408,10231539062245
9945049872408,10231591858132
9945068376408,10231638514860
9945086884408,10231681505541
9945105390408,10231728230856
9945123898408,10231780799433
9945142404408,10231836409765
9945160911408,10231886630416
9945179420408,10231935143979
9945197926408,10231979913073
9945216433408,10232020785757
9945234938408,10232066530044
9945253446408,10232115626827
9945271952408,10232164832892
9945290461408,10232214314775
9945308967408,10232273945211
9945327474408,10232329782945
9945345981408,10232382466856
9945364489408,10232437171574
9945382996408,10232494620887
9945401505408,10232552204742
9945420008408,10232609271741
9945438516408,10232662741902
9945457023408,10232715302181
9945475530408,10232779630793
9945494037408,10232835052146
9945512545408,10232891514142
9945531053408,10232938637263
9945549559408,10232993193070
9945568065408,10233046610257
9945586571408,10233099433630
9945605078408,10233161220365
9945623586408,10233212628368
9945642093408,10233259297818
9945660599408,10233314260410
9945679107408,10233370202139
9945697614408,10233420180172
9945716122408,10233470684387
9945734630408,10233522205387
9945753134408,10233573212800
9945771643408,10233627362561
9945790148408,10233678742362
9945808656408,10233728647209
9945827163408,10233773774467
9945845670408,10233817239650
9945864179408,10233862842359
9945882686408,10233910828799
9945901190408,10233958266304
9945919697408,10234008607214
9945938204408,10234066574904
9945956711408,10234119501199
9945975218408,10234170230601
9945993727408,10234219243823
9946012232408,10234271544560
9946030740408,10234324850312
9946049248408,10234373360344
9946067755408,10234427297589
9946086262408,10234478010290
9946104767408,10234530243980
9946123274408,10234586335578
9946141781408,10234638492359
9946160289408,10234690386888
9946178795408,10234742269839
9946197304408,10234794342885
9946215812408,10234845742986
9946234319408,10234900904959
9946252823408,10234956407274
9946271330408,10235012349412
9946289837408,10235067506511
9946308344408,10235122569378
9946326851408,10235199787067
9946345363408,10235253080969
9946363867408,10235307293467
9946382373408,10235361226380
9946400880408,10235413182842
9946419387408,10235464152238
9946437895408,10235509915429
9946474965408,10235556107739
9946493414408,10235599687035
9946511923408,10235644407371
9946530429408,10235692360725
9946548937408,10235737006102
9946567444408,10235789633906
9946585948408,10235842004387
9946604457408,10235893019604
9946622963408,10235956171025
9946641469408,10236016639176
9946659976408,10236071802416
9946678483408,10236127376234
9946696995408,10236183954185
9946715498408,10236238448969
9946734006408,10236294313797
9946752513408,10236345407411
9946771020408,10236392437799
9946789526408,10236446302453
9946808033408,10236499765516
9946826541408,10236553907830
9946845047408,10236603378475
9946863554408,10236656009781
9946882062408,10236709462493
9946900570408,10236757279003
9946919077408,10236808343071
9946937581408,10236861599809
9946956089408,10236912310475
9946974596408,10236961647495
9946993102408,10237010669523
9947011609408,10237061614045
9947030116408,10237111721067
9947048624408,10237164218305
9947067130408,10237217961364
9947085638408,10237272577212
9947104145408,10237324500468
9947122653408,10237377866891
9947141158408,10237429802858
9947159666408,10237481451650
9947178172408,10237529584593
9947196680408,10237580301194
9947215185408,10237632528121
9947233695408,10237683786451
9947252202408,10237735651737
9947270709408,10237790428126
9947289214408,10237839280978
9947307723408,10237892560192
9947326229408,10237945987819
9947344735408,10238003597734
9947363243408,10238057127378
9947381749408,10238109456133
9947400258408,10238159839766
9947418764408,10238213389909
9947437270408,10238267334533
9947455779408,10238316692982
9947474286408,10238367118999
9947492791408,10238418174178
9947511298408,10238470704150
9947529806408,10238519459358
9947548313408,10238571504730
9947566819408,10238620635345
9947585326408,10238671892872
9947603835408,10238725186417
9947622341408,10238775965737
9947640847408,10238826619856
9947659353408,10238878177606
9947677862408,10238932383818
9947696369408,10238992262219
9947714874408,10239044876585
9947733381408,10239103218413
9947751889408,10239153890476
9947770408408,10239202718191
9947788904408,10239253977907
9947807412408,10239302925072
9947825920408,10239354123596
9947844424408,10239404328455
9947862932408,10239455278564
9947881437408,10239505351406
9947899946408,10239556345529
9947918453408,10239604694136
9947936960408,10239656127613
9947955468408,10239702596152
9947973975408,10239748724805
9947992480408,10239796625384
9948010986408,10239842310339
9948029494408,10239897486040
9948048000408,10239944177252
9948066508408,10239990140225
9948085014408,10240033648960
9948103522408,10240075189572
9948122028408,10240115499085
9948140536408,10240157147590
9948159044408,10240197471732
9948177553408,10240244022853
9948196057408,10240288879372
9948214563408,10240328724833
9948233070408,10240380326438
9948251577408,10240426110663
9948270085408,10240469805707
9948288593408,10240512036982
9948307100408,10240554667905
9948325605408,10240596061612
9948344113408,10240634052397
9948362619408,10240673711715
9948381126408,10240718380441
9948399633408,10240760543563
9948418139408,10240801167060
9948436648408,10240842695587
9948455154408,10240885023513
9948473661408,10240932810890
9948492170408,10240974974443
9948510677408,10241016664060
9948529183408,10241063891152
9948547690408,10241107171958
9948566197408,10241149504243
9948584703408,10241190843731
9948603210408,10241230986711
9948621717408,10241270085125
9948640224408,10241309264168
9948658733408,10241347320425
9948677239408,10241398131093
9948695747408,10241446918282
9948714252408,10241497306023
9948732760408,10241543447829
9948751265408,10241592101974
9948769772408,10241637650958
9948788279408,10241691650188
9948806787408,10241740544262
9948825293408,10241786726311
9948843803408,10241836376572
9948862310408,10241891393065
9948880816408,10241945444062
9948899322408,10241995424389
9948917829408,10242040271916
9948936335408,10242085510631
9948954843408,10242130331923
9948973350408,10242187695523
9948991859408,10242240830256
9949010366408,10242291588086
9949028871408,10242342532923
9949047379408,10242395972726
9949065886408,10242443699949
9949084391408,10242489990734
9949102899408,10242539669700
9949121405408,10242584524843
9949139912408,10242630884981
9949158422408,10242679218973
9949176927408,10242723776326
9949195435408,10242768581164
9949213944408,10242819436599
9949232448408,10242867742437
9949250955408,10242918616248
9949269461408,10242967362133
9949287970408,10243016042307
9949306475408,10243065265465
9949324983408,10243120836069
9949343491408,10243171617504
9949361999408,10243223129476
9949380504408,10243279725446
9949399012408,10243329225500
9949417517408,10243377668855
9949436024408,10243424539705
9949454532408,10243470340957
9949473037408,10243516616510
9949491545408,10243562952331
9949510052408,10243613795229
9949528560408,10243664039141
9949547069408,10243708976775
9949565577408,10243752846510
9949584080408,10243797395809
9949602588408,10243839919896
9949621094408,10243889939019
9949639601408,10243936370123
9949658108408,10243982464645
9949676616408,10244027542173
9949695123408,10244073823276
9949713630408,10244117200164
9949732138408,10244164560156
9949750643408,10244207113379
9949769149408,10244260631566
9949787657408,10244299565461
9949806165408,10244341757674
9949824670408,10244384933103
9949843177408,10244423910114
9949861686408,10244466385930
9949880193408,10244512515311
9949898700408,10244562635962
9949917208408,10244608233390
9949935713408,10244654535975
9949954220408,10244703711749
9949972726408,10244745194893
9949991233408,10244787227913
9950009741408,10244826315030
9950028249408,10244867528128
9950046757408,10244916482209
9950065262408,10244962948006
9950083769408,10245011305947
9950102275408,10245054231989
9950120783408,10245103982160
9950139289408,10245147942830
9950157798408,10245189367680
9950176303408,10245231638630
9950194811408,10245271439396
9950213318408,10245322397086
9950231826408,10245359141142
9950250333408,10245407270490
9950268839408,10245458931287
9950287347408,10245501791344
9950305853408,10245541548153
9950324361408,10245581788752
9950342867408,10245620157110
9950361373408,10245668696600
9950379882408,10245715177587
9950398389408,10245755572296
9950416894408,10245795426850
9950435401408,10245843243823
9950453908408,10245887062580
9950472416408,10245930616105
9950490923408,10245979907121
9950509429408,10246022508655
9950527937408,10246062232440
9950546445408,10246102835925
9950564951408,10246150596965
9950583463408,10246198937090
9950601966408,10246240325988
9950620471408,10246282781647
9950638978408,10246323494452
9950657485408,10246373893939
9950675993408,10246428867666
9950694499408,10246478068396
9950713008408,10246532950799
9950731515408,10246580755890
9950750022408,10246635079219
9950768528408,10246682738031
9950787036408,10246732542921
9950805541408,10246768135339
9950824048408,10246809647982
9950842555408,10246848610467
9950861063408,10246898577970
9950879568408,10246943368391
9950898077408,10246984770688
9950916583408,10247024673708
9950935091408,10247065940852
9950953599408,10247112721703
9950972104408,10247157475505
9950990610408,10247200164674
9951009119408,10247239121633
9951027626408,10247277339817
9951046132408,10247316628535
9951064639408,10247363145360
9951083147408,10247414189217
9951101653408,10247457315636
9951120160408,10247504757336
9951138666408,10247542016041
9951157173408,10247584949978
9951175682408,10247629186916
9951194188408,10247673493242
9951212696408,10247713629792
9951231201408,10247751517972
9951249708408,10247783893190
9951268216408,10247823441881
9951286724408,10247863958216
9951305231408,10247904225964
9951323737408,10247951742248
9951342245408,10247999979303
9951360750408,10248047506760
9951379257408,10248091470692
9951397764408,10248135145152
9951416271408,10248183062401
9951434781408,10248226007768
9951453285408,10248269403023
9951471793408,10248311936607
9951490300408,10248353432014
9951508807408,10248396192772
9951527314408,10248437154164
9951545821408,10248478804385
9951564329408,10248520997541
9951582835408,10248563932199
9951601342408,10248607083685
9951619850408,10248648683873
9951638356408,10248689025382
9951656862408,10248734255965
9951675369408,10248775881258
9951693875408,10248822326556
9951712382408,10248868591147
9951730890408,10248912527291
9951749396408,10248953439550
9951767905408,10248995561741
9951786413408,10249043208987
9951804918408,10249090451600
9951823425408,10249139872890
9951841933408,10249188419794
9951860439408,10249236519264
9951878947408,10249288886953
9951897454408,10249335610867
9951915961408,10249380800208
9951934468408,10249437167255
9951952974408,10249486209272
9951971492408,10249536354370
9951989990408,10249585637887
9952008505408,10249634370289
9952027003408,10249687354708
9952045509408,10249739505957
9952064017408,10249792012117
9952082523408,10249846539208
9952101030408,10249895470627
9952119539408,10249942137984
9952138047408,10249984850432
9952156551408,10250041415118
9952175057408,10250092163117
9952193565408,10250146513537
9952212072408,10250195838488
9952230579408,10250246811013
9952249086408,10250293425349
9952267595408,10250338614574
9952286100408,10250390029169
9952304606408,10250437640532
9952323114408,10250487065772
9952341622408,10250535209591
9952360128408,10250587857229
9952378636408,10250637560154
9952397142408,10250685040672
9952415648408,10250731651504
9952434155408,10250786769353
9952452663408,10250827739206
9952471170408,10250874537839
9952489677408,10250925928278
9952508183408,10250982757702
9952526692408,10251033861377
9952545196408,10251084049663
9952563705408,10251130839021
9952582211408,10251182453527
9952600719408,10251237067295
9952619227408,10251290355503
9952637732408,10251340912891
9952656238408,10251395895212
9952674748408,10251450501346
9952693256408,10251502019135
9952711761408,10251555384020
9952730266408,10251609979685
9952748774408,10251659501146
9952767280408,10251713810762
9952785788408,10251763810652
9952804296408,10251814548646
9952822805408,10251863495118
9952841309408,10251911848297
9952859816408,10251959595694
9952878323408,10252010192188
9952896830408,10252067624130
9952915337408,10252119900562
9952933844408,10252168892382
9952952353408,10252217529944
9952970861408,10252268206197
9952989365408,10252319940194
9953007872408,10252370983297
9953026380408,10252423377337
9953044886408,10252473621756
9953063394408,10252518879985
9953081900408,10252572716379
9953100406408,10252620779922
9953118913408,10252666632923
9953137422408,10252713511641
9953155930408,10252762852670
9953174439408,10252813034772
9953192942408,10252867007098
9953211449408,10252911860816
9953229957408,10252960791917
9953248462408,10253007727355
9953266969408,10253052370998
9953285476408,10253100697918
9953303986408,10253149682978
9953322492408,10253200416898
9953340998408,10253255993021
9953359504408,10253313243457
9953378014408,10253361616095
9953396522408,10253425503344
9953415026408,10253479101874
9953433532408,10253532711520
9953452039408,10253584425622
9953470546408,10253644963471
9953489054408,10253699584364
9953507561408,10253753179269
9953526071408,10253803254662
9953544575408,10253854205947
9953563084408,10253904105148
9953581588408,10253954190802
9953600094408,10254007659970
9953618602408,10254064390886
9953637109408,10254157129470
9953655618408,10254213342731
9953674125408,10254264261763
9953692630408,10254317004453
9953711136408,10254370206655
9953729648408,10254430772131
9953748153408,10254482554356
9953766658408,10254538430744
9953785166408,10254589794937
9953803673408,10254641771275
9953822179408,10254701923743
9953840686408,10254755938264
9953859195408,10254817278052
9953877703408,10254869400466
9953896207408,10254922794641
9953914714408,10254979751851
9953933220408,10255032008291
9953951729408,10255084765100
9953970234408,10255131547755
9953988743408,10255182062346
9954007251408,10255228908262
9954025758408,10255278258605
9954044262408,10255330387277
9954062770408,10255381973389
9954081278408,10255432711055
9954099783408,10255478934738
9954118291408,10255529649465
9954136798408,10255581401605
9954155304408,10255630184779
9954173812408,10255675864496
9954192319408,10255722816495
9954210828408,10255773776386
9954229332408,10255819859585
9954247839408,10255866266457
9954266346408,10255915402823
9954284855408,10255965784682
9954303360408,10256014441164
9954321868408,10256058576001
9954340377408,10256115116903
9954358883408,10256168839907
9954377387408,10256216969252
9954395895408,10256267339466
9954414402408,10256318656687
9954432913408,10256369624285
9954451416408,10256420110459
9954469923408,10256468322502
9954488430408,10256520703682
9954506937408,10256569665285
9954525445408,10256617863388
9954543952408,10256665737148
9954562460408,10256721303112
9954580966408,10256772457822
9954599472408,10256819529712
9954617979408,10256864645954
9954636486408,10256919517189
9954654993408,10256969927868
9954673501408,10257019169149
9954692009408,10257070348876
9954710518408,10257115349915
9954729023408,10257165758664
9954747528408,10257211307320
9954766036408,10257258689707
9954784552408,10257306048609
9954803049408,10257351352392
9954821557408,10257397180048
9954840064408,10257441512536
9954858570408,10257491493259
9954877078408,10257538971243
9954895585408,10257585807857
9954914093408,10257642589343
9954932598408,10257695833928
9954951108408,10257749796833
9954969612408,10257800570138
9954988119408,10257854847486
9955006629408,10257906140963
9955025134408,10257954614737
9955043641408,10257998529578
9955062149408,10258044896075
9955080654408,10258088645031
9955099159408,10258128339724
9955117667408,10258169487257
9955154682408,10258243915039
9955173188408,10258293339641
9955191696408,10258343458802
9955210202408,10258405093002
9955228710408,10258449156015
9955247220408,10258496083883
9955265726408,10258557256282
9955284231408,10258604982729
9955302737408,10258657198798
9955321244408,10258716839381
9955339752408,10258761232181
9955358258408,10258810177330
9955376766408,10258867579050
9955395275408,10258912223917
9955413780408,10258969351800
9955432287408,10259026383341
9955450793408,10259069480390
9955469299408,10259120966426
9955487807408,10259163825933
9955506313408,10259213013373
9955524821408,10259264238825
9955543328408,10259309274402
9955561835408,10259359360263
9955580345408,10259406506398
9955598852408,10259467416643
9955617358408,10259514033794
9955635863408,10259563934945
9955654369408,10259621496972
9955672879408,10259672587304
9955691383408,10259727278544
9955709891408,10259791150690
9955728398408,10259832929802
9955746906408,10259888665333
9955765411408,10259947908794
9955783919408,10259992958907
9955802425408,10260049222263
9955820933408,10260096780234
9955839438408,10260147195810
9955857947408,10260192837110
9955876454408,10260237365928
9955894961408,10260280188510
9955913467408,10260320018265
9955931976408,10260370032983
9955950484408,10260418194115
9955968989408,10260468734166
9955987498408,10260515401648
9956006003408,10260559961668
9956024510408,10260600872330
9956043018408,10260649590736
9956061524408,10260703835663
9956080032408,10260754464725
9956098540408,10260805558153
9956117045408,10260854175985
9956135552408,10260901627276
9956154058408,10260952680096
9956172566408,10261003095194
9956191073408,10261054971900
9956209593408,10261102477448
9956228086408,10261149302197
9956246593408,10261198803083
9956265101408,10261245632737
9956283609408,10261304161828
9956302116408,10261355829015
9956320621408,10261406885048
9956339128408,10261457481414
9956357637408,10261505891634
9956376142408,10261554789176
9956394649408,10261611596569
9956413157408,10261672793165
9956431665408,10261724763326
9956450173408,10261770687154
9956468679408,10261816554279
9956487186408,10261861397628
9956505690408,10261915245671
9956524197408,10261961778359
9956542705408,10262004361738
9956561212408,10262051406563
9956579720408,10262096577692
9956598226408,10262137609775
9956616734408,10262190484471
9956635241408,10262238640091
9956653749408,10262292892317
9956672254408,10262339505908
9956690762408,10262391547622
9956709268408,10262445113290
9956727776408,10262490420301
9956746281408,10262532779902
9956764790408,10262572196116
9956783298408,10262609067652
9956801806408,10262654908270
9956820310408,10262695761110
9956838818408,10262738165987
9956857324408,10262780399371
9956875831408,10262821963639
9956894337408,10262864460716
9956912845408,10262898973182
9956931352408,10262942245239
9956949859408,10262991379348
9956968366408,10263035449548
9956986874408,10263074292989
9957005382408,10263113692518
9957023887408,10263156542103
9957042393408,10263201326560
9957060902408,10263244491320
9957079409408,10263283834818
9957097915408,10263322470750
9957116422408,10263366230660
9957134931408,10263402293341
9957153435408,10263439753818
9957171943408,10263474806364
9957190449408,10263520844602
9957208956408,10263563738891
9957227464408,10263611310699
9957245971408,10263654470918
9957264479408,10263694949876
9957282984408,10263740714247
9957301492408,10263779781745
9957320000408,10263817278596
9957338508408,10263852798470
9957357012408,10263890488458
9957375519408,10263925613899
9957394027408,10263959485003
9957412534408,10263993947917
9957431042408,10264037180571
9957449547408,10264079296942
9957468055408,10264119038120
9957486562408,10264160978579
9957505068408,10264199606970
9957523575408,10264249146015
9957542082408,10264293228671
9957560589408,10264341633299
9957579095408,10264383741061
9957597605408,10264424554322
9957616110408,10264468226115
9957634623408,10264508827841
9957653124408,10264549701500
9957671631408,10264595851070
9957690141408,10264640007916
9957708646408,10264683515177
9957727153408,10264725505575
9957745659408,10264765562058
9957764166408,10264816977070
9957782673408,10264862150391
9957801181408,10264904815797
9957819689408,10264951226255
9957838196408,10264993821525
9957856701408,10265034484898
9957875207408,10265146922547
9957893717408,10265189917293
9957912222408,10265252138859
9957930728408,10265305251047
9957949234408,10265358467254
9957967743408,10265411674327
9957986250408,10265462653080
9958004757408,10265510979908
9958023264408,10265556921698
9958041774408,10265603046460
9958060277408,10265647040139
9958078787408,10265689122718
9958097292408,10265734482259
9958115799408,10265780787785
9958134305408,10265822460229
9958152813408,10265863834999
9958171321408,10265913550685
9958189831408,10265964484643
9958208333408,10266015570446
9958226840408,10266078049264
9958245347408,10266130762472
9958263854408,10266176129588
9958282360408,10266219953824
9958300867408,10266271612129
9958319376408,10266320591938
9958337883408,10266363678798
9958356389408,10266404567037
9958374899408,10266451876828
9958393407408,10266500568218
9958411911408,10266557929573
9958430417408,10266601040766
9958448925408,10266652852997
9958467431408,10266694835893
9958485938408,10266733684944
9958504446408,10266791213328
9958522955408,10266831429510
9958541460408,10266872635454
9958559966408,10266933469476
9958578472408,10266974921092
9958596980408,10267021901896
9958615489408,10267076922899
9958633993408,10267119341191
9958652500408,10267161709793
9958671008408,10267217366146
9958689514408,10267251668586
9958708022408,10267288759660
9958726530408,10267344262878
9958745036408,10267382593753
9958763542408,10267430070999
9958782050408,10267483099861
9958800556408,10267524402553
9958819064408,10267573574813
9958837571408,10267618845064
9958856078408,10267662444493
9958874588408,10267706765047
9958893093408,10267748014841
9958911599408,10267792020566
9958930106408,10267852155057
9958948613408,10267899206686
9958967119408,10267956266574
9958985626408,10268002346359
9959004133408,10268045381919
9959022649408,10268086505673
9959041147408,10268131722280
9959059657408,10268175999334
9959078164408,10268216140534
9959096668408,10268251012516
9959115175408,10268285609708
9959133682408,10268326903391
9959152189408,10268371572707
9959170696408,10268418412610
9959189203408,10268464717574
9959207711408,10268511442179
9959226219408,10268590743107
9959244724408,10268634417715
9959263231408,10268691283146
9959281739408,10268740082059
9959300244408,10268782710184
9959318751408,10268831804529
9959337258408,10268890252851
9959355766408,10268937192001
9959374273408,10268989126707
9959392781408,10269050099165
9959411288408,10269091119757
9959429797408,10269144236420
9959448301408,10269200582201
9959466808408,10269241219964
9959485314408,10269299209390
9959503822408,10269361258593
9959522329408,10269406985770
9959540836408,10269454246374
9959559345408,10269515968439
9959577852408,10269563712018
9959596357408,10269612260228
9959614864408,10269670632852
9959633373408,10269714605895
9959651878408,10269765913529
9959670383408,10269827145168
9959688892408,10269871963365
9959707399408,10269920818809
9959725906408,10269976084757
9959744413408,10270016937618
9959762921408,10270063858772
9959781428408,10270120030615
9959799933408,10270162650583
9959818440408,10270208501328
9959836949408,10270265537061
9959855454408,10270303696489
9959873961408,10270348441854
9959892469408,10270400651121
9959910977408,10270441564646
9959929485408,10270491722627
9959947989408,10270548151542
9959966497408,10270588577311
9959985002408,10270645807100
9960003510408,10270693086815
9960022019408,10270733896082
9960040524408,10270775168553
9960059033408,10270834836049
9960077538408,10270876208138
9960096047408,10270931066113
9960114553408,10270977692141
9960133062408,10271021433022
9960151567408,10271062795794
9960170073408,10271107098406
9960188580408,10271151448334
9960207088408,10271196649323
9960225593408,10271235477930
9960244103408,10271270078415
9960262611408,10271322639577
9960281116408,10271362282081
9960299622408,10271409140345
9960318130408,10271458094302
9960336635408,10271502525735
9960355143408,10271544026305
9960373650408,10271583904682
9960392157408,10271632215691
9960410663408,10271675682925
9960429172408,10271720182540
9960447679408,10271772821429
9960466188408,10271820579138
9960484692408,10271865403307
9960503200408,10271906515888
9960521706408,10271941932615
9960540213408,10271980539925
9960558720408,10272037127192
9960577228408,10272092161924
9960595735408,10272149905908
9960614243408,10272201783741
9960632748408,10272250825936
9960651254408,10272297969167
9960669762408,10272343756647
9960688268408,10272390511581
9960706777408,10272438214064
9960725283408,10272484823053
9960743789408,10272541425071
9960762296408,10272592060892
9960780804408,10272641674061
9960799312408,10272693317116
9960817820408,10272746385081
9960836327408,10272807213014
9960854831408,10272860124616
9960873338408,10272916760980
9960891845408,10272973027051
9960910352408,10273029801348
9960928860408,10273081910401
9960947368408,10273146843841
9960965876408,10273200454098
9960984381408,10273258467431
9961002888408,10273312247903
9961021395408,10273360580168
9961039902408,10273411801818
9961058409408,10273463290296
9961076915408,10273519823731
9961095422408,10273576669425
9961113930408,10273636018184
9961132436408,10273693797299
9961150945408,10273749750738
9961169452408,10273807304878
9961187958408,10273866055189
9961206464408,10273923743149
9961224971408,10273977916242
9961243481408,10274035246722
9961261985408,10274091877875
9961280493408,10274148260856
9961299001408,10274200958970
9961317508408,10274263912535
9961336013408,10274315271424
9961354520408,10274369246138
9961373027408,10274422520223
9961391534408,10274473553967
9961410041408,10274518839540
9961428549408,10274565562471
9961447054408,10274609344998
9961465561408,10274651293112
9961484070408,10274692743565
9961502577408,10274734737090
9961521085408,10274776751718
9961539590408,10274817160349
9961558097408,10274862887077
9961576605408,10274921379389
9961595111408,10274964707821
9961613617408,10275021395493
9961632125408,10275066343781
9961650633408,10275105698778
9961669140408,10275142511521
9961687645408,10275206610060
9961706153408,10275248860403
9961724660408,10275307239676
9961743167408,10275363593418
9961761674408,10275404987071
9961780183408,10275457772646
9961798688408,10275516642516
9961817195408,10275558006054
9961835724408,10275607787334
9961854210408,10275668307132
9961872716408,10275708598645
9961891222408,10275754039750
9961909729408,10275797104051
9961928236408,10275840702714
9961946744408,10275890439020
9961965251408,10275947745690
9961983758408,10275995925116
9962002266408,10276055414026
9962020773408,10276119260757
9962039278408,10276167971450
9962057785408,10276210268321
9962076293408,10276270478348
9962094799408,10276317202212
9962113305408,10276368799984
9962131815408,10276415319692
9962150318408,10276455097861
9962168827408,10276498698124
9962187337408,10276545812667
9962205843408,10276587484449
9962224349408,10276627951002
9962242855408,10276677649775
9962261361408,10276720310007
9962279869408,10276766415574
9962298376408,10276809453787
9962316883408,10276858273212
9962335395408,10276905742740
9962353899408,10276951096463
9962372404408,10277003339817
9962390911408,10277048831030
9962409418408,10277090532978
9962427924408,10277133376229
9962446431408,10277174765016
9962464940408,10277220827919
9962483447408,10277260618667
9962501954408,10277317030096
9962520460408,10277361977537
9962538968408,10277414084208
9962557475408,10277469711302
9962575981408,10277510990731
9962594488408,10277561912365
9962612995408,10277619706932
9962631502408,10277660481409
9962650009408,10277708255634
9962668516408,10277768336588
9962687025408,10277811185380
9962705532408,10277862877276
9962724037408,10277919299813
9962742543408,10277963277996
9962761050408,10278009097965
9962779556408,10278068439796
9962798064408,10278108435073
9962816573408,10278164130163
9962835080408,10278223029313
9962853585408,10278263693810
9962872091408,10278315457759
9962890601408,10278361391017
9962909109408,10278403451316
9962927614408,10278441360193
9962946120408,10278498711170
9962964628408,10278538068566
9962983134408,10278593826876
9963001641408,10278642198553
9963020149408,10278696389974
9963038656408,10278747805288
9963057164408,10278799199888
9963075670408,10278844251355
9963094177408,10278888645448
9963112683408,10278939225072
9963131191408,10278982602510
9963149696408,10279021549686
9963168205408,10279057675554
9963186714408,10279093279426
9963205221408,10279127779668
9963223723408,10279169585953
9963242235408,10279241818563
9963260749408,10279287732834
9963279246408,10279346114016
9963297753408,10279391911648
9963316261408,10279437492877
9963334767408,10279484448150
9963353275408,10279532383358
9963371781408,10279573527868
9963390289408,10279612825433
9963408794408,10279664554807
9963427303408,10279707994342
9963445808408,10279752521349
9963464317408,10279794254766
9963482822408,10279846768627
9963501330408,10279892282504
9963519839408,10279932491026
9963538345408,10280003711711
9963556850408,10280047500063
9963575357408,10280100819625
9963593866408,10280156583189
9963612371408,10280207970134
9963630878408,10280256460892
9963649385408,10280308766878
9963667893408,10280354985417
9963686399408,10280402997424
9963704906408,10280447421400
9963723415408,10280492878566
9963741922408,10280552340798
9963760427408,10280597198880
9963778934408,10280646710346
9963797441408,10280689983890
9963815948408,10280748764804
9963834456408,10280792617851
9963852963408,10280838040226
9963871470408,10280897783125
9963889980408,10280942850424
9963908482408,10280988772771
9963926989408,10281044685731
9963945498408,10281086470387
9963964004408,10281141828145
9963982512408,10281200254382
9964001018408,10281242304515
9964019525408,10281298610601
9964038032408,10281359188347
9964056539408,10281400324365
9964075048408,10281453414862
9964093554408,10281508365824
9964112059408,10281551117080
9964130567408,10281597620840
9964149074408,10281655879975
9964167580408,10281698579717
9964186088408,10281739057445
9964204596408,10281794955701
9964223103408,10281836484077
9964241608408,10281881312127
9964260116408,10281936384344
9964278622408,10281975950095
9964297133408,10282029924508
9964315637408,10282088703631
9964334143408,10282138069027
9964352650408,10282202722091
9964371159408,10282248466950
9964389664408,10282285166990
9964408172408,10282320251441
9964426681408,10282374466882
9964445188408,10282420970426
9964463692408,10282480433440
9964482199408,10282538212094
9964500707408,10282585308504
9964519213408,10282652439346
9964537721408,10282701681383
9964556228408,10282747073708
9964574736408,10282789451176
9964593242408,10282836450112
9964611749408,10282878058737
9964630255408,10282935721193
9964648773408,10282978933231
9964667270408,10283032989816
9964685777408,10283078794522
9964704283408,10283122284781
9964722790408,10283163401407
9964741298408,10283209133620
9964759805408,10283248695896
9964778313408,10283303278000
9964796819408,10283345249609
9964815325408,10283390233048
9964833832408,10283444818594
9964852340408,10283475041958
9964870846408,10283517379133
9964889353408,10283572698690
9964907861408,10283615068183
9964926370408,10283661804958
9964944873408,10283718881753
9964963381408,10283759436063
9964981887408,10283804292592
9965000399408,10283863330710
9965018903408,10283901953366
9965037409408,10283945077783
9965055915408,10283999161957
9965074423408,10284037385144
9965092930408,10284078472811
9965111438408,10284135648080
9965129945408,10284175039588
9965148451408,10284219317193
9965166958408,10284269959912
9965185465408,10284307572230
9965203972408,10284351288506
9965222479408,10284406556153
9965240986408,10284448834735
9965259493408,10284494063095
9965278001408,10284549327327
9965296506408,10284586297853
9965315013408,10284634746799
9965333519408,10284677739070
9965352028408,10284718628970
9965370535408,10284754403492
9965389041408,10284795099654
9965407548408,10284838052123
9965426056408,10284876116323
9965444563408,10284914796881
9965463070408,10284951867926
9965481578408,10284996445549
9965500084408,10285040964588
9965518590408,10285084739929
9965537098408,10285130297385
9965555604408,10285176454072
9965574112408,10285218281384
9965592619408,10285265025941
9965611127408,10285313157359
9965629638408,10285354421355
9965648140408,10285397435148
9965666645408,10285438267885
9965685153408,10285480453110
9965703659408,10285519979684
9965722167408,10285558280477
9965740673408,10285606345470
9965759181408,10285667033475
9965777687408,10285712497339
9965796196408,10285766272898
9965814703408,10285816139441
9965833212408,10285867379506
9965851716408,10285907602219
9965870224408,10285963956589
9965888729408,10286002337789
9965907238408,10286052895468
9965925744408,10286096943836
9965944252408,10286137126283
9965962759408,10286185871320
9965981265408,10286231206488
9965999771408,10286269747350
9966018278408,10286308082894
9966036785408,10286354076052
9966055293408,10286410879456
9966073807408,10286452646978
9966092307408,10286511813028
9966110814408,10286564036659
9966129321408,10286615484799
9966147829408,10286663708460
9966166336408,10286723044115
9966184844408,10286771617870
9966203349408,10286820771238
9966221855408,10286869606056
9966240363408,10286927407430
9966258869408,10286980261083
9966277378408,10287029915181
9966295885408,10287078897759
9966314392408,10287130198892
9966332897408,10287181450061
9966351404408,10287242758631
9966369911408,10287296535333
9966388418408,10287350020736
9966406925408,10287404203414
9966425431408,10287455987286
9966443941408,10287507723923
9966462446408,10287566115155
9966480954408,10287614786934
9966499461408,10287670762628
9966517970408,10287722225129
9966536474408,10287778356328
9966554981408,10287831225618
9966573488408,10287883947148
9966591995408,10287935413293
9966610501408,10287984489117
9966629010408,10288035830441
9966647517408,10288090937161
9966666025408,10288144100794
9966684530408,10288199697875
9966703037408,10288256301551
9966721544408,10288310826261
9966740050408,10288365595689
9966758557408,10288421904417
9966777065408,10288478659119
9966795571408,10288532631578
9966814079408,10288584024828
9966832585408,10288644594602
9966851094408,10288700509267
9966869601408,10288752332143
9966888106408,10288807615244
9966906613408,10288862423649
9966925122408,10288915917347
9966943628408,10288965215876
9966962136408,10289013421414
9966980643408,10289064940500
9966999150408,10289110975167
9967017658408,10289156432912
9967036164408,10289195262582
9967054670408,10289235246081
9967073176408,10289274558049
9967091683408,10289316633018
9967110190408,10289360876824
9967128697408,10289405746270
9967147204408,10289448401345
9967165710408,10289497142050
9967184219408,10289546032372
9967202726408,10289597664773
9967221236408,10289654009413
9967239739408,10289710047829
9967258246408,10289759535902
9967276754408,10289807134459
9967295261408,10289854206701
9967313766408,10289901662714
9967332275408,10289955055091
9967350782408,10290002476196
9967369288408,10290046025021
9967387795408,10290097459956
9967406302408,10290141251163
9967424808408,10290189477608
9967443315408,10290236113751
9967461825408,10290283034513
9967480332408,10290332226288
9967498845408,10290390645756
9967517344408,10290440002368
9967535851408,10290485626635
9967554360408,10290526140225
9967572868408,10290566107429
9967591371408,10290615705037
9967609879408,10290661437592
9967628386408,10290711363185
9967646893408,10290755564081
9967665399408,10290801412072
9967683907408,10290851205475
9967702415408,10290900281775
9967720921408,10290945968156
9967739427408,10290991017807
9967757935408,10291044587012
9967776441408,10291091521791
9967794950408,10291135926281
9967813455408,10291179441261
9967831962408,10291219980154
9967850469408,10291265280410
9967868978408,10291309708592
9967887485408,10291353125571
9967905992408,10291405643180
9967924497408,10291455026364
9967943005408,10291504260332
9967961512408,10291547052553
9967980019408,10291592511935
9967998526408,10291637651324
9968017032408,10291696036519
9968035539408,10291748643040
9968054048408,10291801318463
9968072552408,10291853082685
9968091060408,10291902660159
9968109567408,10291953732336
9968128074408,10292002806561
9968146581408,10292051517728
9968165088408,10292097158361
9968183595408,10292155886360
9968202102408,10292206930090
9968220609408,10292257861326
9968239117408,10292318012886
9968257624408,10292370060697
9968276131408,10292421304307
9968294637408,10292469983407
9968313144408,10292523875829
9968331650408,10292577028850
9968350159408,10292629478453
9968368666408,10292681595294
9968387173408,10292732825035
9968405681408,10292790612045
9968424185408,10292850160029
9968442692408,10292902415729
9968461201408,10292950083316
9968479706408,10292995414650
9968498213408,10293042092903
9968516721408,10293092770174
9968535228408,10293140595977
9968553735408,10293187525847
9968572242408,10293236668516
9968590750408,10293287617995
9968609258408,10293338544149
9968627763408,10293389659385
9968646270408,10293438388537
9968664777408,10293486532271
9968683283408,10293537685240
9968701791408,10293594272399
9968720298408,10293653392946
9968738805408,10293705154220
9968757314408,10293756469957
9968775818408,10293807677014
9968794327408,10293864416466
9968812833408,10293915399251
9968831340408,10293966870460
9968849845408,10294018856604
9968868353408,10294068341705
9968886867408,10294114399636
9968905367408,10294166779162
9968923874408,10294215784452
9968942383408,10294265620036
9968960890408,10294316118555
9968979395408,10294375887184
9968997902408,10294429723551
9969016410408,10294486935477
9969034916408,10294541150215
9969053423408,10294592231231
9969071930408,10294633492998
9969090440408,10294682882416
9969108944408,10294735281677
9969127452408,10294781750141
9969145958408,10294828947320
9969164465408,10294885352493
9969182971408,10294936601219
9969201478408,10294989865545
9969219985408,10295041720351
9969238493408,10295090524797
9969257000408,10295148857320
9969275507408,10295197766205
9969294017408,10295249804865
9969312522408,10295304069858
9969331028408,10295358512389
9969349534408,10295408178979
9969368042408,10295461499071
9969386549408,10295512504127
9969405055408,10295561825622
9969423563408,10295608909123
9969442073408,10295657491636
9969460578408,10295705191325
9969479084408,10295761585728
9969497591408,10295812875832
9969516099408,10295872428122
9969534604408,10295926297932
9969553111408,10295974425183
9969571618408,10296018095846
9969590125408,10296062571804
9969608632408,10296104446703
9969627141408,10296154870417
9969645649408,10296203012213
9969664153408,10296248701836
9969682660408,10296294462093
9969701167408,10296337590050
9969719673408,10296380470938
9969738182408,10296420644141
9969756689408,10296461244560
9969775196408,10296502415656
9969793705408,10296543190435
9969812209408,10296585796425
9969830716408,10296627160432
9969849223408,10296670165449
9969867729408,10296714387089
9969886236408,10296763304435
9969904743408,10296809608425
9969923251408,10296849976831
9969941758408,10296895178202
9969960267408,10296942456903
9969978773408,10296990118150
9969997281408,10297038198741
9970015786408,10297090702276
9970034293408,10297144071054
9970052799408,10297205493317
9970071308408,10297261930867
9970089814408,10297323021158
9970108322408,10297377573351
9970126829408,10297433591203
9970145338408,10297486402207
9970163842408,10297540511942
9970182349408,10297594246694
9970200855408,10297646060094
9970219364408,10297701927509
9970237870408,10297751278824
9970256376408,10297803660074
9970274882408,10297854968855
9970293391408,10297908715889
9970311897408,10297957715496
9970330406408,10298011827266
9970348914408,10298063095686
9970367419408,10298116670408
9970385925408,10298165562421
9970404433408,10298212042990
9970422939408,10298258962594
9970441450408,10298304513284
9970459956408,10298354083710
9970478462408,10298402836578
9970496969408,10298450911121
9970515474408,10298502121299
9970533982408,10298554926179
9970552487408,10298607501505
9970570996408,10298662327094
9970589502408,10298713019960
9970608008408,10298761049625
9970626517408,10298809519037
9970645024408,10298857500453
9970663530408,10298904046479
9970682039408,10298952059208
9970700546408,10298999143778
9970719052408,10299046617088
9970737558408,10299095567972
9970756066408,10299143316600
9970774572408,10299189678259
9970793079408,10299241662099
9970811587408,10299286841962
9970830096408,10299331865601
9970848600408,10299378373902
9970867108408,10299432142231
9970885613408,10299482710590
9970904121408,10299532824007
9970922627408,10299588250657
9970941135408,10299638202763
9970959643408,10299696691307
9970978148408,10299752337115
9970996655408,10299807840314
9971015164408,10299847005014
9971033670408,10299957313875
9971052176408,10300001365049
9971070684408,10300061653626
9971089192408,10300110252347
9971107698408,10300156292395
9971126205408,10300199189482
9971144712408,10300240093968
9971163219408,10300280998488
9971181726408,10300320449129
9971200232408,10300365499789
9971218739408,10300408861258
9971237248408,10300455729252
9971255753408,10300500327376
9971274262408,10300551697315
9971292768408,10300605582768
9971311274408,10300658918993
9971329780408,10300710765462
9971348288408,10300765327820
9971366796408,10300821600048
9971385305408,10300881275502
9971403808408,10300936249094
9971422317408,10300992712398
9971440823408,10301049561187
9971459330408,10301105710105
9971477838408,10301163713917
9971496345408,10301218517126
9971514852408,10301270970769
9971533360408,10301324821604
9971551865408,10301381170563
9971570373408,10301436258136
9971588878408,10301497572492
9971607386408,10301565930170
9971625892408,10301636818609
9971644403408,10301689833979
9971662907408,10301738474205
9971681413408,10301786358940
9971699927408,10301832613247
9971718430408,10301881279116
9971736937408,10301930672551
9971755443408,10301981470741
9971773949408,10302026821734
9971792457408,10302077501478
9971810962408,10302125778798
9971829470408,10302177009140
9971847976408,10302230933922
9971866486408,10302283389487
9971884993408,10302330547906
9971903497408,10302377642829
9971922006408,10302426302177
9971940511408,10302474456719
9971959019408,10302523561159
9971977528408,10302581815018
9971996033408,10302629214167
9972014540408,10302675738489
9972033046408,10302722265340
9972051555408,10302769364387
9972070063408,10302818978240
9972088569408,10302865587857
9972107074408,10302911822730
9972125580408,10302958355524
9972144088408,10303007642904
9972162595408,10303057239512
9972181103408,10303107340169
9972199609408,10303156019195
9972218117408,10303203803237
9972236623408,10303250733952
9972255134408,10303305721460
9972273637408,10303354898215
9972292144408,10303400925449
9972310651408,10303459071512
9972329158408,10303511388625
9972347665408,10303560813047
9972366172408,10303624514229
9972384679408,10303674242298
9972403187408,10303721976786
9972421694408,10303769746650
9972440202408,10303816118820
9972458708408,10303865113770
9972477214408,10303915489462
9972495721408,10303962152437
9972514228408,10304006552779
9972532733408,10304058388650
9972551243408,10304109083872
9972569750408,10304156361387
9972588255408,10304205342597
9972606763408,10304251848962
9972625270408,10304299250063
9972643776408,10304346648493
9972662284408,10304397451134
9972680791408,10304456070824
9972699299408,10304506041710
9972717807408,10304563968789
9972736312408,10304614123348
9972754819408,10304665406985
9972773327408,10304715275164
9972791834408,10304765827361
9972810340408,10304817692581
9972828847408,10304867866927
9972847354408,10304917277077
9972865860408,10304967637539
9972884368408,10305020409586
9972902875408,10305070153708
9972921383408,10305117749377
9972939888408,10305171922363
9972958395408,10305223745476
9972976901408,10305274259787
9972995409408,10305325590906
9973013916408,10305377358133
9973032424408,10305436219335
9973050932408,10305489356437
9973069438408,10305534079511
9973087942408,10305582368379
9973106452408,10305631282347
9973124966408,10305680920904
9973143465408,10305735196884
9973161972408,10305789172683
9973180480408,10305839075955
9973198985408,10305892899372
9973217493408,10305944935797
9973236002408,10305998742957
9973254508408,10306047748544
9973273016408,10306094262656
9973291520408,10306137794116
9973310028408,10306179267882
9973328534408,10306230703377
9973347042408,10306280091337
9973365548408,10306325183108
9973384056408,10306369468407
9973402565408,10306415261429
9973421069408,10306463891314
9973439575408,10306510226401
9973458085408,10306559152196
9973476592408,10306613139594
9973495098408,10306662543047
9973513605408,10306712477741
9973532111408,10306760395999
9973550619408,10306805440353
9973569126408,10306859448472
9973587632408,10306905226757
9973606141408,10306952048667
9973624650408,10307005807309
9973643153408,10307051099727
9973661659408,10307096242191
9973680168408,10307142221522
9973698674408,10307194387230
9973717181408,10307241752878
9973735690408,10307293500525
9973754198408,10307340774411
9973772701408,10307384929002
9973791209408,10307427322451
9973809717408,10307465814451
9973828225408,10307500308470
9973846729408,10307539792234
9973865239408,10307585439175
9973883744408,10307638284920
9973902251408,10307679925457
9973920757408,10307731571209
9973939267408,10307778205644
9973957773408,10307820484824
9973976280408,10307862784348
9973994786408,10307907886217
9974013293408,10307954058998
9974031799408,10308000180988
9974050308408,10308051423479
9974068814408,10308094942255
9974087323408,10308131466332
9974105829408,10308176753059
9974124334408,10308228189299
9974142841408,10308280922593
9974161350408,10308330022659
9974179857408,10308377524501
9974198363408,10308423960830
9974216870408,10308473458197
9974235377408,10308527219451
9974253884408,10308575968813
9974272391408,10308625739382
9974290899408,10308674066859
9974309407408,10308725171364
9974327911408,10308780291633
9974346419408,10308833236058
9974364924408,10308890736912
9974383434408,10308946196344
9974401940408,10308998287663
9974420447408,10309049449103
9974438954408,10309099186967
9974457463408,10309159032331
9974475966408,10309215482000
9974494478408,10309267033455
9974512988408,10309319995689
9974531499408,10309372480044
9974550001408,10309432310012
9974568503408,10309490206724
9974587009408,10309542497915
9974605516408,10309593034015
9974624024408,10309644424891
9974642533408,10309694318869
9974661039408,10309755604388
9974679545408,10309810097998
9974698051408,10309859638187
9974716558408,10309910816831
9974735065408,10309964714706
9974753572408,10310021697265
9974772079408,10310079827399
9974790587408,10310138082737
9974809095408,10310195046419
9974827599408,10310250953889
9974846107408,10310305464949
9974864617408,10310358560350
9974883121408,10310410622320
9974901627408,10310461836175
9974920136408,10310518235783
9974938641408,10310572904068
9974957149408,10310625933951
9974975656408,10310677952712
9974994164408,10310733468346
9975012673408,10310789584326
9975031178408,10310842635001
9975049683408,10310901970145
9975068191408,10310965462236
9975086698408,10311020562615
9975105204408,10311073261583
9975123711408,10311122334921
9975142221408,10311183809691
9975160725408,10311238346568
9975179232408,10311291963909
9975197739408,10311346097326
9975216248408,10311399817540
9975234754408,10311452736289
9975253260408,10311515761630
9975271767408,10311573589588
9975290274408,10311629315809
9975308781408,10311680662852
9975327289408,10311731715870
9975345796408,10311788252232
9975364303408,10311848385133
9975382809408,10311905229571
9975401316408,10311959377426
9975419823408,10312012331651
9975438332408,10312063946520
9975456836408,10312116339495
9975475344408,10312170449625
9975493853408,10312222721085
9975512357408,10312275862935
9975530865408,10312331472595
9975549371408,10312382312778
9975567881408,10312442710934
9975586386408,10312504310100
9975604894408,10312561247579
9975623400408,10312614952830
9975641907408,10312667741944
9975660414408,10312718047562
9975678921408,10312772216241
9975697431408,10312825958097
9975715935408,10312880347191
9975734442408,10312931952849
9975752949408,10312986210652
9975771458408,10313040968436
9975789962408,10313093414672
9975808470408,10313149255991
9975826977408,10313206367616
9975845486408,10313259993448
9975863990408,10313315375520
9975882496408,10313365803206
9975901004408,10313418166283
9975919512408,10313467140981
9975938023408,10313518592012
9975956525408,10313577313323
9975975032408,10313631177426
9975993539408,10313679104198
9976012046408,10313731249089
9976030555408,10313786482408
9976049062408,10313841417437
9976067567408,10313895398308
9976086075408,10313948857978
9976104582408,10314011524901
9976123088408,10314069903349
9976141595408,10314122914773
9976160103408,10314184207868
9976178610408,10314233974042
9976197119408,10314286091385
9976215623408,10314335364994
9976234130408,10314389832517
9976252636408,10314443413280
9976271144408,10314499714985
9976289651408,10314553494036
9976308159408,10314607372390
9976326665408,10314661101293
9976345173408,10314711400153
9976363680408,10314760939640
9976382187408,10314815388949
9976400695408,10314872243643
9976419200408,10314930665647
9976437707408,10314994172687
9976456215408,10315049271025
9976474720408,10315098359446
9976493228408,10315147755235
9976511736408,10315196348838
9976530244408,10315244796720
9976548751408,10315293043959
9976567257408,10315339878182
9976585763408,10315387413687
9976604269408,10315433963833
9976622775408,10315482733132
9976641284408,10315529721791
9976659790408,10315576578118
9976678298408,10315629367525
9976696804408,10315677658668
9976715311408,10315725337408
9976733820408,10315771533368
9976752328408,10315817964092
9976770831408,10315871879734
9976789340408,10315920513154
9976807846408,10315967326774
9976826353408,10316015939438
9976844860408,10316061515071
9976863369408,10316107080484
9976881876408,10316156102646
9976900381408,10316203207610
9976918889408,10316250511988
9976937395408,10316297408490
9976955901408,10316343918460
9976974409408,10316389235078
9976992915408,10316433763600
9977011423408,10316483737133
9977029930408,10316534640125
9977048437408,10316583947732
9977066945408,10316630071942
9977085452408,10316674083072
9977103958408,10316730514114
9977122466408,10316781775336
9977140971408,10316830998461
9977159483408,10316884849401
9977177987408,10316942554844
9977196494408,10316992160863
9977215000408,10317040292774
9977233509408,10317084879298
9977252014408,10317129267871
9977270521408,10317172126588
9977289027408,10317225911946
9977307534408,10317273827080
9977326053408,10317320907440
9977344550408,10317368393727
9977363067408,10317418295458
9977381563408,10317464510794
9977400070408,10317511725533
9977418578408,10317566170621
9977437086408,10317613479261
9977455591408,10317660960496
9977474098408,10317703374566
9977492605408,10317746152609
9977511113408,10317799694195
9977529619408,10317849394964
9977548126408,10317897795083
9977566633408,10317941370856
9977585141408,10317987426098
9977603646408,10318042775801
9977622153408,10318092614254
9977640659408,10318137597185
9977659168408,10318181567854
9977677673408,10318225947415
9977696182408,10318268592001
9977714687408,10318316604188
9977733196408,10318363579062
9977751702408,10318411610682
9977770210408,10318459382379
9977788719408,10318507225529
9977807222408,10318559236895
9977825730408,10318609679791
9977844239408,10318656627667
9977862744408,10318704543358
9977881251408,10318759939452
9977899759408,10318805066046
9977918267408,10318852771571
9977936773408,10318903319243
9977955280408,10318950501050
9977973786408,10319001233725
9977992292408,10319054686559
9978010799408,10319112789341
9978029308408,10319166204095
9978047814408,10319215963646
9978066321408,10319267639477
9978084828408,10319319748075
9978103336408,10319370290135
9978121843408,10319417939445
9978140351408,10319465932535
9978158856408,10319514297514
9978177363408,10319568542131
9978195869408,10319623032949
9978214376408,10319676104073
9978232884408,10319721810957
9978251392408,10319815386457
9978269899408,10319860724735
9978288405408,10319915396582
9978306911408,10319964961821
9978325419408,10320024918070
9978343926408,10320076537087
9978362433408,10320120966662
9978380938408,10320165328470
9978399447408,10320215724323
9978417952408,10320261942959
9978436461408,10320315761848
9978454968408,10320364744682
9978473476408,10320410150461
9978491985408,10320452005800
9978510488408,10320499188874
9978528995408,10320544735861
9978547503408,10320592415446
9978566010408,10320639492349
9978584517408,10320684533285
9978603024408,10320730148022
9978621532408,10320775729541
9978640037408,10320820059402
9978658544408,10320864405025
9978677051408,10320902224626
9978695558408,10320945914267
9978714064408,10320987685078
9978732571408,10321030570975
9978751086408,10321077926211
9978769586408,10321128415443
9978788099408,10321179766856
9978806601408,10321237917186
9978825109408,10321291538806
9978862120408,10321344873020
9978880628408,10321394707443
9978899134408,10321443551945
9978917641408,10321490843608
9978936149408,10321542875089
9978954656408,10321591637080
9978973165408,10321641475200
9978991670408,10321689211493
9979010177408,10321735197175
9979028685408,10321781660265
9979047189408,10321827411122
9979065696408,10321874831016
9979121218408,10321943351782
9979139725408,10322006004445
9979158234408,10322059342735
9979176740408,10322108263616
9979195245408,10322159847649
9979213752408,10322221483209
9979232260408,10322273552350
9979250768408,10322335331756
9979269273408,10322388354705
9979287780408,10322440848721
9979306288408,10322487653922
9979324796408,10322538636039
9979343301408,10322586418454
9979361808408,10322634045382
9979380315408,10322694468575
9979398822408,10322747243975
9979417329408,10322798440105
9979435837408,10322850204101
9979454343408,10322911431684
9979472849408,10322961555660
9979491357408,10323023706921
9979509864408,10323077639690
9979528373408,10323126519036
9979546877408,10323176123597
9979565385408,10323233214173
9979583893408,10323287389340
9979602400408,10323342315052
9979620905408,10323396602743
9979639414408,10323447777248
9979657921408,10323503938797
9979676429408,10323557629040
9979694934408,10323609938793
9979713442408,10323665136151
9979731949408,10323716063516
9979750455408,10323766668037
9979768960408,10323817252321
9979787468408,10323865225592
9979805975408,10323914972667
9979824482408,10323967860938
9979842989408,10324029661219
9979861498408,10324084130756
9979880005408,10324136498330
9979898510408,10324186753091
9979917017408,10324244360721
9979935524408,10324295098718
9979954031408,10324340247246
9979972539408,10324387715484
9979991045408,10324430455053
9980009554408,10324470546445
9980028059408,10324514602724
9980046566408,10324562847203
9980065073408,10324604783708
9980083581408,10324643878254
9980102086408,10324695426914
9980120594408,10324740477829
9980139100408,10324785930797
9980157608408,10324841768300
9980176115408,10324890338905
9980194623408,10324944507757
9980213132408,10324992375609
9980231637408,10325039489707
9980250144408,10325093264256
9980268650408,10325142220654
9980287157408,10325193954950
9980305664408,10325240159223
9980324171408,10325288064484
9980342679408,10325337488596
9980361187408,10325388259467
9980379691408,10325443129254
9980398199408,10325492193644
9980416705408,10325541999652
9980435214408,10325587701040
9980453718408,10325636805106
9980472226408,10325684384309
9980490732408,10325740312392
9980509241408,10325792441010
9980527750408,10325846735248
9980546256408,10325897389347
9980564765408,10325943282471
9980583270408,10325985436914
9980601775408,10326035705663
9980620282408,10326087732089
9980638789408,10326133518137
9980657296408,10326173522742
9980675803408,10326223622706
9980694312408,10326273092361
9980712819408,10326319712080
9980731324408,10326367857112
9980749831408,10326417734266
9980768339408,10326469137440
9980786845408,10326515519558
9980805352408,10326560960527
9980823858408,10326604108685
9980842365408,10326649075044
9980860874408,10326691847707
9980879380408,10326736386482
9980897888408,10326776694654
9980916397408,10326818446568
9980934901408,10326861739121
9980953408408,10326910198638
9980971914408,10326959944010
9980990422408,10327008456931
9981008928408,10327051972897
9981027437408,10327093470614
9981045945408,10327144853577
9981064452408,10327194584518
9981082957408,10327244410549
9981101465408,10327303348365
9981119971408,10327353885816
9981138477408,10327401210369
9981156985408,10327445271941
9981175491408,10327503278768
9981193997408,10327561242302
9981212506408,10327610441751
9981231012408,10327658414001
9981249521408,10327705012843
9981268030408,10327755228771
9981286533408,10327808807380
9981305040408,10327864859051
9981323547408,10327914577455
9981342055408,10327965919428
9981360562408,10328016687925
9981379070408,10328076523640
9981397577408,10328130212042
9981416082408,10328181010352
9981434590408,10328233137062
9981453096408,10328282671766
9981471603408,10328330087538
9981490109408,10328377040924
9981508617408,10328423957352
9981527123408,10328467086744
9981545631408,10328512366126
9981564143408,10328571665647
9981582646408,10328623663112
9981601154408,10328669961877
9981619662408,10328718460846
9981638166408,10328769692216
9981656674408,10328820438293
9981675180408,10328871013797
9981693687408,10328920012310
9981712194408,10328969525850
9981730703408,10329019983159
9981749211408,10329074828365
9981767716408,10329127819589
9981786222408,10329180457066
9981804728408,10329236049719
9981823236408,10329292850848
9981841742408,10329350243940
9981860250408,10329410468960
9981878756408,10329463895177
9981897263408,10329517771205
9981915770408,10329579996707
9981934280408,10329636075861
9981952787408,10329685340867
9981971294408,10329738079806
9981989798408,10329788780531
9982008306408,10329836687664
9982026812408,10329889104807
9982045320408,10329938742717
9982063826408,10329987984193
9982082335408,10330036213739
9982100844408,10330082182209
9982119347408,10330133500565
9982137854408,10330181732452
9982156362408,10330227002582
9982174868408,10330268423120
9982193375408,10330310205537
9982211883408,10330362196151
9982230389408,10330415949829
9982248895408,10330467648224
9982267404408,10330521468443
9982304420408,10330573059275
9982322924408,10330611848089
9982341431408,10330654063846
9982359937408,10330693512647
9982378445408,10330736147442
9982396952408,10330779572255
9982415459408,10330822559346
9982433968408,10330864234339
9982452475408,10330915702338
9982470979408,10330962015460
9982489487408,10331003311769
9982507993408,10331047250677
9982526501408,10331103593052
9982545008408,10331152376556
9982563515408,10331200587139
9982582020408,10331256135653
9982600529408,10331302721109
9982619036408,10331347600545
9982637546408,10331394853773
9982656051408,10331443380521
9982674557408,10331489714669
9982693064408,10331536973934
9982711572408,10331583086117
9982730077408,10331630931210
9982748586408,10331679844210
9982767092408,10331728801913
9982785600408,10331775392787
9982804109408,10331826726677
9982822612408,10331878942575
9982841119408,10331929284302
9982859627408,10331980212046
9982878133408,10332031617758
9982896641408,10332083378588
9982915148408,10332131851920
9982933654408,10332180442111
9982952160408,10332227900862
9982970669408,10332276921408
9982989181408,10332325988442
9983007684408,10332376567682
9983026189408,10332426140833
9983044697408,10332486794470
9983063203408,10332539974226
9983081710408,10332591042027
9983100218408,10332642729748
9983118725408,10332687691267
9983137233408,10332736868142
9983155738408,10332798027545
9983174245408,10332856913382
9983192752408,10332912786076
9983211259408,10332963418750
9983229765408,10333014272313
9983248274408,10333075169508
9983266781408,10333128152908
9983285286408,10333181779431
9983303793408,10333237964262
9983322301408,10333291532149
9983340809408,10333365243754
9983359315408,10333440114970
9983377823408,10333516505702
9983396329408,10333593405704
9983414835408,10333670028890
9983433344408,10333745714727
9983451849408,10333824534595
9983470358408,10333911940904
9983488865408,10333986690339
9983507371408,10334060986086
9983525877408,10334138069823
9983544385408,10334219222719
9983562892408,10334291787086
9983581400408,10334366436372
9983599906408,10334440722191
9983618414408,10334512597867
9983636919408,10334583952311
9983655426408,10334657506159
9983673934408,10334732944854
9983692443408,10334805595177
9983710947408,10334881299974
9983729455408,10334957677174
9983747963408,10335034740094
9983766469408,10335116066913
9983784976408,10335196321471
9983803487408,10335275190886
9983821990408,10335356556960
9983840500408,10335438999800
9983859002408,10335524899640
9983877510408,10335581094947
9983896016408,10335631161365
9983914524408,10335681896288
9983933031408,10335739995685
9983951540408,10335793085655
9983970047408,10335846139124
9983988552408,10335897858696
9984007058408,10335947679498
9984025568408,10335997870932
9984044075408,10336044861663
9984062580408,10336105565405
9984081087408,10336160635942
9984099595408,10336211792437
9984155115408,10336286025094
9984173623408,10336340186205
9984192132408,10336391088034
9984210635408,10336441193733
9984229142408,10336491832819
9984247649408,10336542667399
9984266156408,10336596899012
9984284664408,10336643281498
9984303170408,10336688351788
9984321679408,10336735501496
9984340185408,10336784541999
9984358691408,10336836478243
9984377204408,10336892464281
9984395709408,10336944211246
9984414212408,10336993993980
9984432721408,10337046699895
9984451226408,10337116170657
9984469733408,10337171185807
9984488240408,10337223152220
9984506749408,10337279506274
9984525256408,10337329993513
9984543761408,10337384709165
9984562269408,10337436377295
9984580775408,10337487541446
9984599282408,10337539212616
9984617790408,10337588496250
9984636296408,10337642359895
9984654803408,10337694931719
9984673312408,10337748500235
9984691816408,10337801418869
9984710323408,10337854793492
9984728833408,10337907526131
9984747340408,10337958697976
9984765845408,10338008396515
9984784352408,10338055974134
9984802859408,10338108640550
9984821366408,10338163588025
9984839872408,10338216960519
9984858380408,10338268709399
9984876888408,10338321439489
9984895393408,10338374370139
9984913900408,10338428424304
9984932407408,10338480337311
9984950914408,10338529874109
9984969422408,10338578791410
9984987928408,10338638290222
9985006436408,10338692055629
9985024944408,10338743234451
9985043449408,10338794195315
9985061955408,10338858247830
9985080466408,10338912530556
9985098970408,10338966864514
9985117478408,10339023926969
9985135984408,10339073574899
9985154491408,10339123117570
9985172997408,10339175221353
9985191505408,10339226532264
9985210013408,10339279155694
9985228521408,10339334857505
9985247025408,10339398307781
9985265533408,10339454755545
9985284041408,10339510748149
9985302547408,10339563107510
9985321053408,10339618770479
9985339561408,10339673618128
9985358069408,10339729887346
9985376577408,10339786785816
9985395081408,10339844911539
9985413588408,10339898525768
9985432097408,10339954664763
9985450604408,10340010029845
9985469109408,10340064506531
9985487616408,10340115422434
9985506123408,10340171524186
9985524631408,10340228313202
9985543137408,10340283930380
9985561646408,10340341095136
9985580154408,10340396446551
9985598658408,10340451393524
9985617166408,10340507564143
9985635673408,10340559767870
9985654179408,10340612827135
9985672687408,10340665910626
9985691193408,10340722979053
9985709702408,10340777615050
9985728209408,10340833942731
9985746714408,10340891771023
9985765220408,10340947108778
9985783732408,10341006389562
9985802237408,10341063600908
9985820742408,10341119173991
9985839249408,10341173597777
9985857756408,10341228722382
9985876263408,10341283853729
9985894771408,10341337653042
9985913279408,10341392298626
9985931787408,10341452226937
9985950292408,10341507424175
9985968800408,10341568136640
9985987305408,10341620989609
9986005812408,10341681077920
9986024319408,10341734092377
9986042827408,10341788445630
9986061336408,10341849463488
9986079839408,10341903576195
9986098347408,10341954748178
9986116854408,10342004685326
9986135363408,10342067369001
9986153868408,10342119379677
9986172375408,10342170740149
9986190881408,10342219675263
9986209389408,10342269456276
9986227897408,10342320081054
9986246404408,10342370363347
9986264911408,10342418511858
9986283418408,10342470269375
9986301924408,10342519848708
9986320430408,10342570939684
9986338937408,10342620579944
9986357444408,10342674141698
9986375951408,10342725484500
9986394460408,10342773281901
9986412967408,10342826353792
9986431472408,10342877737531
9986449980408,10342930216997
9986468486408,10342978039305
9986486992408,10343028785621
9986505501408,10343081234265
9986524007408,10343133607655
9986542514408,10343186605510
9986561021408,10343240217507
9986579529408,10343293212641
9986598037408,10343346652253
9986616546408,10343398134459
9986635050408,10343446117212
9986653556408,10343494990030
9986672063408,10343546797488
9986690570408,10343597380263
9986709076408,10343657881189
9986727584408,10343710331758
9986746093408,10343767973687
9986764600408,10343830785118
9986783105408,10343882862517
9986801611408,10343936960923
9986820117408,10343986087233
9986838625408,10344037032356
9986857133408,10344084804499
9986875640408,10344137170200
9986894147408,10344198329798
9986912654408,10344254223701
9986931161408,10344312950559
9986949669408,10344366275197
9986968177408,10344419921368
9986986681408,10344468630846
9987005188408,10344519654754
9987023695408,10344573382111
9987042202408,10344629183982
9987060709408,10344683141469
9987079217408,10344735574111
9987097726408,10344789847892
9987116234408,10344843587999
9987134738408,10344896227681
9987153244408,10344947979630
9987171751408,10345001331616
9987190264408,10345053801121
9987208765408,10345106269247
9987227272408,10345159125063
9987245780408,10345213643862
9987264286408,10345265184195
9987282795408,10345318943184
9987301302408,10345368686611
9987319810408,10345418326588
9987338314408,10345468655811
9987356821408,10345516915987
9987375328408,10345563806930
9987393835408,10345614687248
9987412343408,10345665016157
9987430851408,10345717886415
9987449358408,10345768517019
9987467866408,10345822691894
9987486370408,10345876824130
9987504876408,10345927330262
9987523384408,10345980788780
9987541891408,10346033106701
9987560398408,10346084522892
9987578905408,10346137436763
9987597413408,10346191209767
9987615919408,10346244490894
9987634428408,10346293288491
9987652934408,10346342238796
9987671442408,10346401796555
9987689948408,10346462348229
9987708455408,10346515463930
9987726960408,10346565892701
9987745468408,10346616719958
9987763975408,10346666161863
9987782484408,10346728386678
9987800991408,10346784727364
9987819496408,10346838627972
9987838003408,10346893014630
9987856511408,10346956105742
9987875017408,10347012752446
9987893524408,10347066823376
9987912031408,10347121832617
9987930538408,10347176069942
9987949046408,10347230471291
9987967552408,10347287768329
9987986059408,10347344387728
9988004568408,10347397954834
9988023072408,10347450855065
9988041580408,10347504227554
9988060087408,10347565181242
9988078595408,10347619654603
9988097100408,10347675354693
9988115609408,10347725715089
9988134116408,10347781277670
9988152624408,10347837137915
9988171129408,10347892719500
9988189636408,10347956044551
9988208142408,10348015173723
9988226649408,10348071797094
9988245156408,10348126206039
9988263663408,10348180228292
9988282172408,10348232296271
9988300678408,10348284540561
9988319184408,10348339788272
9988337692408,10348393324419
9988356200408,10348442571645
9988374707408,10348497710068
9988393211408,10348550754453
9988411720408,10348604460078
9988430226408,10348657293880
9988448734408,10348721952349
9988467242408,10348776188406
9988485749408,10348832966359
9988504257408,10348892105110
9988522761408,10348942523351
9988541268408,10348997535916
9988559775408,10349054693611
9988578281408,10349106686517
9988596790408,10349161014368
9988615300408,10349215372987
9988633805408,10349272527127
9988652309408,10349330162131
9988670818408,10349384601905
9988689325408,10349438350352
9988707834408,10349489498255
9988726337408,10349544917024
9988744845408,10349597495052
9988763352408,10349648299118
9988781858408,10349701020059
9988800366408,10349753184282
9988818873408,10349806456978
9988837381408,10349852693309
9988855889408,10349907523440
9988874394408,10349960200850
9988892900408,10350013837080
9988911407408,10350067995932
9988929913408,10350120478711
9988948421408,10350170737909
9988966928408,10350221408468
9988985435408,10350273363786
9989003942408,10350324695071
9989022451408,10350379507706
9989040958408,10350434317992
9989059466408,10350490050403
9989077970408,10350544194702
9989096477408,10350598282833
9989114984408,10350649101985
9989133491408,10350700599084
9989151997408,10350751645121
9989170506408,10350807433212
9989189013408,10350868346047
9989207519408,10350922783496
