#t_ns,out_ts
9901891573408,10112917487816
9901910079408,10112979409019
9901928586408,10113039107621
9901947094408,10113096306903
9901965601408,10113146571734
9901984107408,10113192831395
9902002614408,10113242368647
9902021121408,10113286287813
9902039629408,10113326918893
9902058135408,10113370710814
9902076642408,10113415527692
9902095151408,10113460911182
9902113658408,10113502928858
9902132163408,10113541885021
9902150671408,10113590473044
9902169177408,10113637059681
9902187684408,10113681393634
9902206191408,10113724321270
9902224698408,10113763742699
9902243205408,10113802912488
9902261712408,10113848199815
9902280218408,10113888666387
9902298728408,10113931376331
9902317235408,10113975152682
9902335740408,10114017802991
9902354247408,10114066283452
9902372755408,10114110583256
9902391261408,10114153538614
9902409768408,10114195623910
9902428276408,10114238401999
9902446784408,10114282240501
9902465290408,10114320829604
9902483797408,10114362054224
9902502302408,10114402807786
9902520809408,10114442293143
9902539316408,10114486069408
9902557825408,10114526871550
9902576333408,10114568977926
9902594840408,10114607056974
9902613345408,10114641434309
9902631852408,10114680572453
9902650365408,10114723294919
9902668868408,10114767722897
9902687372408,10114809655654
9902705880408,10114848138306
9902724386408,10114891795043
9902742894408,10114940209139
9902761402408,10114983883897
9902779909408,10115024281890
9902798416408,10115065514215
9902816924408,10115104644539
9902835429408,10115144558749
9902853936408,10115183128785
9902872443408,10115224088769
9902890949408,10115267588887
9902909457408,10115309669648
9902927966408,10115346563178
9902946473408,10115385966311
9902964977408,10115427281419
9902983488408,10115469061036
9903001994408,10115506542058
9903020501408,10115537055481
9903039005408,10115574546828
9903057513408,10115609226107
9903076019408,10115642270918
9903094527408,10115673703822
9903113035408,10115703573224
9903131541408,10115733447515
9903150049408,10115764441499
9903168555408,10115814729983
9903187062408,10115864131428
9903205568408,10115912681443
9903224075408,10115968612474
9903242582408,10116016752473
9903261091408,10116062620372
9903279598408,10116107253087
9903298105408,10116162609536
9903316610408,10116213294406
9903335116408,10116259757762
9903353627408,10116304081728
9903372132408,10116349042086
9903390640408,10116395160199
9903409145408,10116445124071
9903427653408,10116494585512
9903446160408,10116551667714
9903464667408,10116603048903
9903483174408,10116653809265
9903501682408,10116704377619
9903520188408,10116756177151
9903538695408,10116805676685
9903557202408,10116854992362
9903575708408,10116905227573
9903594216408,10116964445601
9903612723408,10117015060631
9903631230408,10117065875590
9903649739408,10117113258636
9903668242408,10117164523265
9903686750408,10117213913953
9903705259408,10117261549171
9903723765408,10117311219509
9903742271408,10117363303038
9903760779408,10117414448353
9903779286408,10117464566750
9903797793408,10117513917107
9903816300408,10117562395489
9903834808408,10117608968197
9903853316408,10117654847423
9903871820408,10117700908878
9903890327408,10117749940316
9903908834408,10117800614065
9903927342408,10117852686020
9903945850408,10117916791387
9903964355408,10117968044255
9903982865408,10118019575640
9904001371408,10118077779784
9904019876408,10118127830411
9904038382408,10118175657080
9904056893408,10118223108615
9904075403408,10118268098794
9904093905408,10118320223345
9904112412408,10118366788728
9904130918408,10118417598828
9904149425408,10118467639532
9904167933408,10118515276036
9904186441408,10118563368608
9904204949408,10118609650704
9904223454408,10118660047477
9904241962408,10118709543449
9904260467408,10118761279278
9904278975408,10118806926068
9904297482408,10118852497430
9904315989408,10118899596713
9904334497408,10118948552422
9904353002408,10118995456050
9904371508408,10119045549547
9904390015408,10119095361003
9904408525408,10119145704929
9904427030408,10119196631947
9904445538408,10119248019192
9904464044408,10119298986027
9904482552408,10119355099904
9904501059408,10119407712131
9904519567408,10119455900112
9904538073408,10119502756437
9904556579408,10119549123970
9904575087408,10119591340243
9904593594408,10119632149038
9904612101408,10119671887828
9904630607408,10119711761268
9904649115408,10119752180312
9904667622408,10119790521890
9904686130408,10119833636080
9904704635408,10119876479848
9904723141408,10119917778777
9904741648408,10119958246642
9904760156408,10120011412829
9904778665408,10120058464261
9904797169408,10120105292608
9904815677408,10120149312665
9904834186408,10120191377480
9904852691408,10120231952670
9904871198408,10120272030022
9904889707408,10120312757406
9904908212408,10120361721603
9904926719408,10120409730721
9904945226408,10120452204356
9904963734408,10120493902262
9904982240408,10120541300829
9905000747408,10120584370824
9905019255408,10120629242901
9905037765408,10120676919218
9905056268408,10120724134728
9905074774408,10120770919151
9905093282408,10120818388909
9905111789408,10120865161220
9905130295408,10120915108483
9905148804408,10120960822162
9905167310408,10121009046283
9905185817408,10121059825308
9905204325408,10121108323066
9905222833408,10121153591780
9905241340408,10121195071140
9905259846408,10121237287645
9905278352408,10121285679353
9905296860408,10121330881065
9905315365408,10121374046207
9905333873408,10121415888588
9905352380408,10121460112838
9905370889408,10121512178774
9905389394408,10121560011035
9905407901408,10121605912935
9905426406408,10121651607580
9905444915408,10121697445070
9905463430408,10121752660106
9905481931408,10121802681531
9905500452408,10121852158462
9905518944408,10121893677944
9905537450408,10121933402946
9905555957408,10121974761260
9905574465408,10122020437113
9905592972408,10122069800859
9905611482408,10122121300342
9905629984408,10122169686034
9905648491408,10122222870665
9905666999408,10122291593042
9905685506408,10122343588770
9905704013408,10122391489461
9905722522408,10122443693145
9905741026408,10122490687424
9905759534408,10122540317326
9905778041408,10122582283015
9905796548408,10122629015509
9905815054408,10122680396312
9905833561408,10122733612219
9905852070408,10122786625121
9905870577408,10122832195430
9905889083408,10122878489888
9905907591408,10122922105767
9905926100408,10122965485611
9905944604408,10123011217988
9905963112408,10123053301322
9905981617408,10123098648991
9906000125408,10123139523760
9906018632408,10123194195888
9906037138408,10123246565401
9906055646408,10123303230398
9906074155408,10123353454486
9906092661408,10123400390493
9906111166408,10123452846230
9906129672408,10123503193354
9906148181408,10123560330106
9906166687408,10123609010847
9906185194408,10123655935838
9906203702408,10123701363457
9906222208408,10123744594806
9906240716408,10123787937454
9906259224408,10123832596158
9906277732408,10123879768465
9906296236408,10123925341122
9906314743408,10123973331777
9906333251408,10124020721930
9906351757408,10124067899851
9906370265408,10124118219687
9906388772408,10124170469898
9906407280408,10124221173981
9906425787408,10124273545466
9906444293408,10124329150688
9906462800408,10124384508835
9906481306408,10124435352616
9906499813408,10124479198459
9906518319408,10124525994346
9906536829408,10124576020822
9906555333408,10124621461725
9906573843408,10124666096033
9906592348408,10124709117638
9906610857408,10124752825381
9906629364408,10124796452638
9906647869408,10124843240635
9906666376408,10124888593520
9906684884408,10124935234188
9906703392408,10124986796084
9906721897408,10125040236642
9906740405408,10125089248295
9906758913408,10125139535626
9906777418408,10125189675169
9906795925408,10125240501593
9906814432408,10125295731151
9906832939408,10125350047364
9906851447408,10125401280943
9906869954408,10125452094745
9906888468408,10125505266313
9906906967408,10125552954640
9906925474408,10125606201742
9906943982408,10125665518834
9906962490408,10125717581893
9906980996408,10125769004909
9906999503408,10125818186824
9907018009408,10125864902847
9907036516408,10125918879220
9907055022408,10125970671984
9907073531408,10126022241006
9907092038408,10126082076231
9907110546408,10126134674371
9907129051408,10126184148926
9907147558408,10126235688184
9907166066408,10126286545530
9907184571408,10126337373929
9907203079408,10126400547476
9907221585408,10126454684162
9907240093408,10126505815911
9907258601408,10126557664320
9907277106408,10126614952704
9907295615408,10126672212916
9907314123408,10126728957148
9907332629408,10126789023936
9907351135408,10126844406996
9907369644408,10126925781065
9907388149408,10127006868518
9907406656408,10127085323188
9907425163408,10127162521051
9907443672408,10127237927562
9907462179408,10127315007488
9907480684408,10127393522894
9907499191408,10127469773934
9907517698408,10127548605443
9907536206408,10127625323043
9907554712408,10127703496827
9907573217408,10127783394059
9907591726408,10127872542581
9907610233408,10127944153225
9907628740408,10127993235277
9907647249408,10128049959385
9907665756408,10128103616044
9907684262408,10128154195181
9907702769408,10128205720386
9907721274408,10128256360237
9907739783408,10128308187692
9907758288408,10128362050573
9907776797408,10128410993142
9907795305408,10128459491425
9907813813408,10128518654312
9907832316408,10128572969157
9907850824408,10128625702419
9907869331408,10128683320609
9907887837408,10128738642485
9907906343408,10128791513968
9907924852408,10128849685836
9907943360408,10128904631161
9907961865408,10128958399317
9907980373408,10129010160095
9907998881408,10129062480386
9908017388408,10129112470634
9908035895408,10129162818057
9908054399408,10129213466100
9908072909408,10129265615588
9908091414408,10129314761460
9908109922408,10129363029161
9908128431408,10129416392505
9908146939408,10129464343303
9908165442408,10129513106692
9908183950408,10129559909079
9908202457408,10129612829981
9908220963408,10129667509943
9908239470408,10129719067420
9908257977408,10129772084185
9908276483408,10129824911869
9908294992408,10129872998978
9908313504408,10129922725735
9908332007408,10129969205512
9908350514408,10130018314930
9908369020408,10130076759384
9908387526408,10130129654664
9908406034408,10130189366364
9908424542408,10130244755946
9908443048408,10130298353339
9908461554408,10130351184943
9908480062408,10130405750257
9908498572408,10130459333413
9908517075408,10130515309023
9908535583408,10130560364293
9908554090408,10130608695908
9908572596408,10130660451052
9908591102408,10130714353700
9908609611408,10130764986984
9908628116408,10130817283386
9908646624408,10130880011367
9908665131408,10130935533603
9908683639408,10130990366505
9908702148408,10131045866955
9908720653408,10131098226595
9908739159408,10131152480725
9908757667408,10131206856599
9908776173408,10131259018841
9908794681408,10131316864341
9908813188408,10131373865935
9908831696408,10131427651368
9908850203408,10131483037498
9908868709408,10131536874436
9908887217408,10131595801636
9908905722408,10131657466653
9908924229408,10131715213335
9908942736408,10131769467874
9908961245408,10131822715478
9908979749408,10131877981374
9908998258408,10131932814976
9909016765408,10131985829933
9909035273408,10132038108730
9909053780408,10132091080993
9909072285408,10132141332522
9909090792408,10132204366722
9909109299408,10132260589280
9909127806408,10132311736961
9909146313408,10132361212824
9909164822408,10132409642340
9909183372408,10132461834555
9909201837408,10132514556471
9909220343408,10132566360841
9909238849408,10132616772299
9909257354408,10132677903133
9909275862408,10132732211715
9909294370408,10132785308870
9909312876408,10132847091680
9909331382408,10132903799982
9909349891408,10132954823047
9909368399408,10133004702122
9909386906408,10133056804049
9909405413408,10133111854417
9909423919408,10133167766464
9909442425408,10133223122160
9909460932408,10133275730432
9909479439408,10133329529738
9909497949408,10133379381300
9909516454408,10133434314655
9909534962408,10133488340349
9909553468408,10133540379334
9909571974408,10133593662092
9909590480408,10133648375801
9909608988408,10133701481671
9909627496408,10133759800064
9909646002408,10133813136481
9909664509408,10133868851516
9909683016408,10133921564181
9909701533408,10133983671703
9909720034408,10134040074092
9909738539408,10134095373261
9909757043408,10134149106353
9909775551408,10134200796341
9909794058408,10134258753516
9909812564408,10134312513399
9909831073408,10134362536103
9909849578408,10134412687119
9909868087408,10134459484549
9909886601408,10134509361177
9909905101408,10134562100820
9909923607408,10134609574221
9909942114408,10134664897172
9909960621408,10134715811842
9909979127408,10134769347808
9909997636408,10134823366926
9910016141408,10134874848640
9910034649408,10134923982863
9910053156408,10134967910753
9910071665408,10135015103251
9910090171408,10135059266608
9910108677408,10135105223552
9910127183408,10135141252082
9910145691408,10135193113550
9910164198408,10135237703040
9910182705408,10135278135277
9910238227408,10135363304656
9910256733408,10135425767094
9910275239408,10135469795723
9910293748408,10135518898671
9910312254408,10135567227795
9910330761408,10135611396294
9910349268408,10135653907153
9910367774408,10135695780383
9910386282408,10135736274276
9910404789408,10135783438132
9910423296408,10135831500733
9910441806408,10135882550450
9910460309408,10135930296404
9910478817408,10135978630112
9910497324408,10136028449696
9910515830408,10136076971231
9910534338408,10136128592952
9910552846408,10136186274651
9910571355408,10136238166622
9910589862408,10136288104141
9910608367408,10136337012715
9910626873408,10136386905323
9910645379408,10136434119812
9910663888408,10136483027977
9910682394408,10136534186726
9910700902408,10136583544231
9910719407408,10136632068169
9910737915408,10136674856832
9910756422408,10136724069292
9910774930408,10136818024865
9910793439408,10136873953712
9910811944408,10136923188384
9910830449408,10136977629523
9910848957408,10137031705917
9910867463408,10137081857345
9910885971408,10137135856777
9910904478408,10137187871839
9910922987408,10137240796486
9910941491408,10137293488024
9910960000408,10137344418816
9910978507408,10137396548213
9910997012408,10137447458062
9911015520408,10137511176437
9911034026408,10137568158367
9911052535408,10137616882377
9911071040408,10137674281995
9911089546408,10137729366439
9911108057408,10137792487806
9911126568408,10137847212951
9911145069408,10137904081016
9911163576408,10137956585476
9911182082408,10138005308401
9911200590408,10138054055008
9911219096408,10138103499863
9911237603408,10138154217762
9911256113408,10138204775577
9911274620408,10138253463852
9911293129408,10138301944840
9911311631408,10138357538135
9911330138408,10138415339997
9911348646408,10138467757492
9911367152408,10138521928996
9911385659408,10138581341131
9911404168408,10138633851378
9911422673408,10138682615404
9911441180408,10138732956225
9911459688408,10138782371264
9911478196408,10138830019070
9911496702408,10138878303677
9911515209408,10138923503712
9911533715408,10138977740386
9911552222408,10139029895154
9911570729408,10139085492057
9911589236408,10139138983333
9911607744408,10139202869525
9911626252408,10139258524888
9911644760408,10139313054472
9911663264408,10139367856134
9911681771408,10139421880065
9911700278408,10139476327948
9911718785408,10139530889636
9911737292408,10139590027310
9911755800408,10139648682214
9911774305408,10139705151515
9911792812408,10139759717364
9911811322408,10139816195406
9911829830408,10139864960377
9911848335408,10139918459815
9911866841408,10139973720316
9911885347408,10140028532518
9911903855408,10140085239596
9911922361408,10140145117289
9911940869408,10140201154015
9911959377408,10140259474129
9911977886408,10140314897712
9911996390408,10140369401856
9912014897408,10140423716122
9912033404408,10140480639351
9912051911408,10140538006947
9912070417408,10140600565255
9912088925408,10140656877652
9912107433408,10140712143426
9912125939408,10140768362030
9912144445408,10140826172384
9912162954408,10140885491926
9912181462408,10140946363577
9912199968408,10141002975331
9912218474408,10141058040493
9912236981408,10141113313438
9912255488408,10141168367277
9912273995408,10141223283588
9912292502408,10141278513288
9912311012408,10141338622310
9912329516408,10141398584090
9912348024408,10141462475409
9912366530408,10141521022377
9912385038408,10141578517522
9912403544408,10141638678239
9912422051408,10141696363073
9912440560408,10141752668868
9912459066408,10141810262002
9912477571408,10141871373620
9912496080408,10141929171054
9912514592408,10141982781076
9912533096408,10142049012343
9912551600408,10142107610721
9912570106408,10142166690722
9912588613408,10142238093384
9912607121408,10142298634425
9912625627408,10142351176190
9912644136408,10142401382327
9912662643408,10142452250498
9912681149408,10142501507980
9912699656408,10142552739581
9912718162408,10142602501275
9912736670408,10142651129618
9912755176408,10142700593030
9912773684408,10142752863162
9912792192408,10142802074765
9912810699408,10142851218469
9912829204408,10142902487687
9912847711408,10142958665777
9912866220408,10143009334067
9912884725408,10143058996284
9912903232408,10143107687987
9912921740408,10143166789240
9912940246408,10143220847315
9912958753408,10143273488277
9912977260408,10143322852245
9912995768408,10143373220056
9913014277408,10143426143550
9913032782408,10143479079280
9913051289408,10143530737451
9913069797408,10143582883652
9913088303408,10143632014467
9913106809408,10143685451165
9913125317408,10143737810582
9913143825408,10143796698071
9913162333408,10143853067215
9913180837408,10143907158938
9913199343408,10143957381355
9913217854408,10144010444321
9913236359408,10144061046115
9913254865408,10144115106168
9913273372408,10144172713234
9913291880408,10144228548719
9913310390408,10144278176940
9913328894408,10144325661423
9913347402408,10144381354323
9913365910408,10144437988314
9913384415408,10144490196265
9913402921408,10144539918617
9913421428408,10144591390369
9913439938408,10144642946035
9913458443408,10144696773415
9913476951408,10144748191415
9913495457408,10144802421628
9913513963408,10144855842770
9913532469408,10144906694113
9913550977408,10144961881613
9913569487408,10145015439816
9913587993408,10145069301931
9913606498408,10145128102470
9913625006408,10145186155150
9913643513408,10145242240183
9913662020408,10145292376078
9913680527408,10145343806095
9913699036408,10145394927072
9913717540408,10145444507893
9913736047408,10145498293964
9913754554408,10145549831497
9913773062408,10145600847220
9913791568408,10145636559793
9913810075408,10145702905062
9913828583408,10145748150890
9913847092408,10145790597634
9913865596408,10145848611254
9913884105408,10145899893398
9913902610408,10145951257671
9913921117408,10145999967763
9913939634408,10146051918175
9913958132408,10146102898127
9913976640408,10146167531284
9913995145408,10146223030929
9914013651408,10146276715869
9914032160408,10146329480884
9914050667408,10146378418004
9914069175408,10146427041821
9914087679408,10146475635356
9914106187408,10146526923051
9914124694408,10146578665784
9914143200408,10146629746886
9914161708408,10146681060309
9914180217408,10146732212948
9914198724408,10146787213826
9914217230408,10146841680846
9914235736408,10146892326624
9914254242408,10146943251129
9914272749408,10146993277057
9914291256408,10147043284635
9914309764408,10147092165714
9914328270408,10147141798525
9914346778408,10147192207769
9914365284408,10147253392800
9914383793408,10147333231816
9914402302408,10147390754469
9914420805408,10147440290453
9914439312408,10147494018315
9914457820408,10147546507262
9914476327408,10147598383269
9914494833408,10147651948071
9914513341408,10147707311179
9914531849408,10147764817967
9914550357408,10147819725046
9914568863408,10147872987900
9914587367408,10147929800324
9914605875408,10147986594387
9914624383408,10148042625308
9914642889408,10148110847965
9914661396408,10148163561698
9914679904408,10148219387391
9914698412408,10148273569886
9914716918408,10148330898283
9914735426408,10148389913483
9914753934408,10148442502720
9914772438408,10148498038373
9914790945408,10148559645780
9914809452408,10148615201123
9914827959408,10148670986242
9914846466408,10148728007654
9914864975408,10148783691169
9914883488408,10148839039306
9914901988408,10148904349823
9914920495408,10148962519381
9914939000408,10149015493217
9914957507408,10149068371982
9914976015408,10149120627446
9914994522408,10149175964478
9915013029408,10149234612758
9915031537408,10149293533536
9915050044408,10149348419726
9915068551408,10149404672570
9915087058408,10149460112093
9915105565408,10149511742437
9915124073408,10149570896958
9915142578408,10149626178530
9915161087408,10149677034424
9915179593408,10149730970803
9915198099408,10149783762938
9915216608408,10149835693696
9915235116408,10149891378253
9915253619408,10149946176880
9915272128408,10149997297813
9915290633408,10150057746766
9915309140408,10150111309013
9915327657408,10150167062806
9915346156408,10150220448795
9915364663408,10150277186729
9915383171408,10150343210721
9915401677408,10150399023191
9915420185408,10150467374028
9915438693408,10150523559573
9915457199408,10150582408766
9915475704408,10150637992161
9915494212408,10150704845506
9915512718408,10150771540395
9915531226408,10150827315263
9915549732408,10150880629203
9915568240408,10150936797222
9915586749408,10150992285730
9915605252408,10151057729985
9915623760408,10151117570162
9915642266408,10151172865852
9915660776408,10151228904393
9915679280408,10151295419395
9915697788408,10151357345980
9915716294408,10151416032032
9915734802408,10151474717942
9915753309408,10151545011548
9915771817408,10151605551903
9915790326408,10151664678608
9915808830408,10151723415566
9915827337408,10151783682632
9915845844408,10151843548020
9915864351408,10151902137232
9915882858408,10151963833352
9915901365408,10152031318633
9915919874408,10152090047713
9915938381408,10152145178019
9915956886408,10152203697143
9915975394408,10152259425432
9915993900408,10152320285595
9916012405408,10152378626100
9916030914408,10152435302560
9916049421408,10152493221185
9916067930408,10152551455479
9916086434408,10152606518868
9916104943408,10152665676274
9916123450408,10152725894802
9916141958408,10152785706625
9916160463408,10152842393156
9916178969408,10152901323445
9916197476408,10152958102913
9916215984408,10153026087797
9916234491408,10153076435730
9916252999408,10153124763169
9916271507408,10153172980744
9916290013408,10153222892769
9916308520408,10153273968065
9916327026408,10153326305175
9916345532408,10153379244350
9916364039408,10153435874563
9916382545408,10153488479936
9916401054408,10153534477468
9916419561408,10153582043904
9916438068408,10153627679527
9916456576408,10153680335221
9916475084408,10153731650094
9916493590408,10153790624121
9916512097408,10153848973565
9916530602408,10153902231677
9916549109408,10153953812226
9916567616408,10153999839501
9916586124408,10154048258879
9916604631408,10154101567019
9916623139408,10154152143019
9916641645408,10154205259484
9916660153408,10154258758030
9916678657408,10154310143871
9916697165408,10154362933225
9916715671408,10154423704654
9916734179408,10154480306905
9916752692408,10154532757442
9916771193408,10154581557555
9916789700408,10154645348255
9916808208408,10154698921863
9916826717408,10154750619273
9916845222408,10154801791215
9916863728408,10154862771556
9916882236408,10154918227924
9916900743408,10154970054647
9916919249408,10155023007628
9916937757408,10155075673449
9916956265408,10155126251453
9916974772408,10155181097170
9916993278408,10155234335428
9917011785408,10155288735435
9917030291408,10155346283211
9917048798408,10155399496896
9917067304408,10155451063918
9917085812408,10155512232571
9917104318408,10155571805415
9917122826408,10155622617353
9917141333408,10155678918959
9917159843408,10155730802623
9917178349408,10155779696909
9917196855408,10155830214111
9917215362408,10155882885770
9917233868408,10155940068042
9917252375408,10155996551095
9917270883408,10156053996499
9917289389408,10156113709068
9917307898408,10156169561591
9917326406408,10156217800267
9917344911408,10156275639426
9917363417408,10156333374911
9917381924408,10156383196622
9917400430408,10156436165571
9917418937408,10156496842295
9917437444408,10156558178598
9917455953408,10156612872684
9917474460408,10156661390451
9917492966408,10156711778484
9917511475408,10156758812732
9917529983408,10156809404529
9917548486408,10156860296828
9917566994408,10156911161152
9917585501408,10156961659427
9917604008408,10157010057249
9917622515408,10157068173702
9917641023408,10157125213386
9917659531408,10157175179811
9917678038408,10157231281663
9917696544408,10157280646860
9917715050408,10157333067792
9917733557408,10157379339916
9917752065408,10157426283012
9917770571408,10157479959226
9917789079408,10157536845703
9917807585408,10157588507314
9917826093408,10157640867101
9917844601408,10157689355153
9917863107408,10157734769403
9917881615408,10157787875996
9917900121408,10157845631563
9917918628408,10157885980653
9917937134408,10157942839312
9917955642408,10157988533668
9917974149408,10158055951787
9917992657408,10158115946804
9918011164408,10158165130608
9918029669408,10158224467697
9918048176408,10158284545898
9918066683408,10158330665603
9918085190408,10158370452293
9918103697408,10158408926652
9918122203408,10158445768278
9918140710408,10158481775518
9918159219408,10158516502617
9918177735408,10158549337517
9918196233408,10158583816219
9918214740408,10158618016160
9918233247408,10158657826267
9918251753408,10158701653047
9918270260408,10158746883491
9918288766408,10158788943988
9918307274408,10158828638329
9918325781408,10158866935737
9918344290408,10158920088553
9918362797408,10158968399246
9918381301408,10159013851490
9918399809408,10159064734846
9918418315408,10159113117988
9918436823408,10159159045681
9918455329408,10159205897046
9918473836408,10159250892881
9918492343408,10159292540671
9918510854408,10159339294111
9918529357408,10159387699843
9918547869408,10159430022202
9918566373408,10159469904237
9918584878408,10159526308765
9918603386408,10159572869657
9918621893408,10159615031013
9918640399408,10159666273313
9918658906408,10159720462000
9918677415408,10159767589201
9918695922408,10159826027831
9918714430408,10159884828694
9918732935408,10159930947018
9918751443408,10159974357313
9918769948408,10160027227441
9918788455408,10160082762876
9918806962408,10160127582870
9918825469408,10160168350590
9918843976408,10160206056627
9918862484408,10160254757835
9918880990408,10160299716896
9918899499408,10160339278364
9918918006408,10160386617488
9918936513408,10160436267402
9918955020408,10160485466479
9918973525408,10160530691053
9918992033408,10160571454225
9919010539408,10160611235728
9919029048408,10160656241177
9919047556408,10160704349111
9919066065408,10160763954646
9919084566408,10160812090704
9919103074408,10160874592183
9919121582408,10160930755461
9919140089408,10160976517257
9919158596408,10161030437143
9919177102408,10161080801514
9919195609408,10161125083402
9919214117408,10161178679459
9919232623408,10161223043789
9919251132408,10161261017686
9919269639408,10161299883581
9919288144408,10161337523686
9919306651408,10161375383025
9919325158408,10161412185517
9919343666408,10161455739037
9919362172408,10161497449517
9919380680408,10161535909600
9919399189408,10161580183122
9919417692408,10161626504723
9919436201408,10161673239381
9919454708408,10161719935043
9919473215408,10161764386382
9919491721408,10161810788234
9919510229408,10161857514177
9919528734408,10161905075939
9919547241408,10161952903923
9919565761408,10161998821703
9919584257408,10162046119834
9919602765408,10162095098241
9919621270408,10162142969630
9919639776408,10162190389270
9919658284408,10162237032914
9919676791408,10162282983985
9919695299408,10162323221763
9919713806408,10162368977393
9919732314408,10162416618692
9919750821408,10162467128161
9919769327408,10162513188129
9919787834408,10162559136310
9919806340408,10162601452444
9919824849408,10162645903606
9919843354408,10162689352313
9919861862408,10162729572906
9919880367408,10162777783652
9919898875408,10162824696892
9919917382408,10162874022767
9919935891408,10162919946414
9919954397408,10162967048517
9919972903408,10163015910069
9919991411408,10163076499833
9920009917408,10163130145761
9920028425408,10163171569193
9920046931408,10163217051617
9920065438408,10163258844141
9920083947408,10163299493550
9920102454408,10163341338169
9920120959408,10163381885238
9920139466408,10163430291990
9920157973408,10163482807600
9920176480408,10163530929640
9920194987408,10163581145311
9920213494408,10163630090124
9920232000408,10163679135572
9920250507408,10163734486357
9920269016408,10163785521761
9920287523408,10163832436049
9920306031408,10163883373118
9920324536408,10163936752861
9920343044408,10163994396716
9920361549408,10164048246709
9920380056408,10164094496427
9920398563408,10164145737589
9920417071408,10164194684690
9920435578408,10164242644221
9920454088408,10164286401810
9920472592408,10164329460518
9920491099408,10164380512224
9920509605408,10164428309609
9920528113408,10164476788498
9920546619408,10164527427879
9920565128408,10164576850288
9920583632408,10164626343933
9920602140408,10164675383423
9920620648408,10164725251167
9920639156408,10164774591088
9920657663408,10164819175015
9920676170408,10164861321598
9920694675408,10164908594055
9920713183408,10164960797010
9920731689408,10165007298188
9920750197408,10165057350701
9920768704408,10165105628106
9920787213408,10165153360105
9920805717408,10165199267079
9920824225408,10165243156678
9920842732408,10165286516432
9920861239408,10165328851830
9920879745408,10165376730139
9920898252408,10165424341978
9920916760408,10165471848162
9920935266408,10165522845544
9920953772408,10165576431539
9920972282408,10165626359844
9920990788408,10165675686052
9921009294408,10165726079359
9921027801408,10165778066121
9921046309408,10165829079420
9921064816408,10165883478214
9921083324408,10165940691425
9921101829408,10165995213995
9921120338408,10166046549920
9921138845408,10166098020319
9921157350408,10166148241090
9921175858408,10166198776837
9921194367408,10166249396772
9921212871408,10166301279919
9921231377408,10166351829030
9921249885408,10166400429912
9921268393408,10166451755536
9921286899408,10166496026067
9921305406408,10166539307576
9921323914408,10166591610554
9921342423408,10166638471994
9921360927408,10166686997410
9921379434408,10166742102699
9921397941408,10166790422259
9921416448408,10166839278299
9921434955408,10166886755697
9921453462408,10166932412998
9921471971408,10166977781629
9921490480408,10167023389357
9921508984408,10167069730590
9921527490408,10167121972540
9921545997408,10167172665060
9921564503408,10167216244740
9921583010408,10167260406040
9921601518408,10167304542684
9921620026408,10167353491717
9921638532408,10167403253072
9921657038408,10167451951379
9921675546408,10167496542778
9921694056408,10167540097318
9921712559408,10167582818219
9921731066408,10167623872627
9921749573408,10167664450200
9921768081408,10167706351866
9921786589408,10167751269011
9921805096408,10167799362434
9921823603408,10167842735405
9921842111408,10167891037206
9921860615408,10167939272182
9921879123408,10167991989920
9921897629408,10168043197162
9921916139408,10168088954940
9921934643408,10168132277334
9921953153408,10168176079103
9921971659408,10168220801991
9921990164408,10168271935296
9922008672408,10168329396563
9922027181408,10168380099784
9922045690408,10168429874480
9922064193408,10168480833758
9922082699408,10168531353632
9922101207408,10168586226504
9922119714408,10168636273749
9922138220408,10168689690249
9922156727408,10168734948428
9922175237408,10168783289117
9922193741408,10168829029227
9922212248408,10168877294693
9922230755408,10168931015822
9922249262408,10168976665732
9922267769408,10169023982649
9922286276408,10169074565421
9922304784408,10169126315409
9922323293408,10169180118867
9922341798408,10169227707449
9922360304408,10169273377623
9922378827408,10169316148246
9922397318408,10169369863226
9922415829408,10169424501328
9922434332408,10169476168896
9922452839408,10169524800620
9922471346408,10169572297017
9922489853408,10169621319071
9922508362408,10169669792780
9922526871408,10169721755469
9922545374408,10169773068369
9922563883408,10169833663309
9922582389408,10169887062387
9922600895408,10169931377906
9922619402408,10169970342815
9922656418408,10170024275933
9922674925408,10170081183098
9922693429408,10170131891674
9922711937408,10170177594145
9922730445408,10170226394086
9922748951408,10170272856586
9922767459408,10170320016014
9922785966408,10170368943412
9922804473408,10170412760441
9922822979408,10170450358084
9922841487408,10170498404957
9922859995408,10170554131315
9922878503408,10170605538226
9922897008408,10170663206544
9922915514408,10170716102667
9922934021408,10170764657558
9922952529408,10170824778759
9922971036408,10170879068451
9922989542408,10170927854334
9923008052408,10170973602563
9923026559408,10171024551477
9923045063408,10171073566122
9923063569408,10171120865124
9923082081408,10171166300695
9923100583408,10171213334700
9923119091408,10171259293642
9923137598408,10171312087754
9923156105408,10171367077546
9923174612408,10171419548194
9923193119408,10171467828808
9923211627408,10171516579680
9923230135408,10171566407253
9923248640408,10171616503451
9923267147408,10171666478974
9923285654408,10171721030917
9923304161408,10171773481644
9923322668408,10171831033565
9923341176408,10171887056828
9923359685408,10171944632190
9923378189408,10172003279801
9923396695408,10172055462042
9923415202408,10172104836905
9923433712408,10172152613655
9923452217408,10172200776685
9923470723408,10172256187924
9923489232408,10172310016350
9923507739408,10172369882214
9923526246408,10172425271783
9923544752408,10172478205688
9923563260408,10172531690044
9923581769408,10172581264667
9923600273408,10172643625072
9923618781408,10172692628328
9923637287408,10172739924958
9923655793408,10172793018880
9923674303408,10172845049318
9923692808408,10172898144141
9923711317408,10172942655145
9923729821408,10172994567315
9923748328408,10173046795841
9923766836408,10173098913861
9923785343408,10173148302187
9923803852408,10173196995999
9923822356408,10173250308948
9923840863408,10173300134309
9923859370408,10173346426569
9923877878408,10173398595993
9923896386408,10173451184600
9923914893408,10173502369575
9923933399408,10173562474288
9923951905408,10173617534882
9923970413408,10173671118078
9923988919408,10173721025067
9924007425408,10173769119755
9924025934408,10173826241965
9924044442408,10173883755307
9924062949408,10173931137384
9924081455408,10173985782155
9924099960408,10174037160809
9924118468408,10174089813655
9924136977408,10174138418873
9924155491408,10174192043240
9924173989408,10174244909775
9924192495408,10174294986132
9924211003408,10174342061987
9924229510408,10174385748646
9924248018408,10174439675295
9924266527408,10174492801246
9924285031408,10174546007860
9924303538408,10174600826363
9924322045408,10174653269048
9924340553408,10174702146074
9924359059408,10174750494104
9924377566408,10174801527558
9924396075408,10174855006407
9924414582408,10174921134683
9924433088408,10174973915166
9924451594408,10175024348003
9924470101408,10175073449670
9924488607408,10175121638947
9924507115408,10175171411704
9924525624408,10175220933247
9924544129408,10175277581012
9924562637408,10175333417568
9924581144408,10175385677351
9924599651408,10175439438327
9924618161408,10175490203827
9924636664408,10175538698781
9924655171408,10175587737427
9924673677408,10175637626603
9924692185408,10175687458447
9924710693408,10175735628450
9924729200408,10175787491608
9924747708408,10175842025103
9924766213408,10175892884449
9924784721408,10175949030433
9924803228408,10175999357101
9924821734408,10176046313793
9924840241408,10176097117761
9924858748408,10176145981560
9924877256408,10176193009688
9924895763408,10176249454440
9924914269408,10176303949491
9924932777408,10176354480855
9924951285408,10176407445071
9924969790408,10176463645178
9924988297408,10176515972454
9925006803408,10176568161504
9925025311408,10176624011165
9925043819408,10176669575169
9925062325408,10176723471192
9925080833408,10176778805969
9925099341408,10176833974142
9925117845408,10176887977582
9925136353408,10176947307326
9925154859408,10177002810040
9925173366408,10177053048981
9925191880408,10177105242733
9925210381408,10177153555286
9925228899408,10177200513859
9925247395408,10177242011541
9925265902408,10177290355551
9925284411408,10177342892878
9925302917408,10177395736274
9925321422408,10177456075909
9925339929408,10177513917465
9925358437408,10177565626763
9925376944408,10177618145025
9925395452408,10177671490431
9925413959408,10177725932812
9925432467408,10177780439341
9925450975408,10177832428539
9925469478408,10177881880990
9925487985408,10177932169395
9925506491408,10177989551740
9925524998408,10178043398263
9925543506408,10178095076516
9925562014408,10178152636696
9925580520408,10178209729800
9925599027408,10178260806989
9925617535408,10178310762504
9925636043408,10178370567351
9925654550408,10178422698117
9925673055408,10178476665056
9925691563408,10178527862917
9925710069408,10178576827865
9925728576408,10178626233506
9925747083408,10178676936729
9925765591408,10178724294958
9925784101408,10178775632978
9925802607408,10178826702130
9925821112408,10178877625177
9925839618408,10178932229755
9925858125408,10178986070296
9925876631408,10179038560452
9925895140408,10179088187482
9925913647408,10179150486792
9925932154408,10179203609202
9925950661408,10179254729773
9925969167408,10179311645406
9925987676408,10179367229943
9926006184408,10179423463156
9926024688408,10179475937793
9926043195408,10179530379346
9926061703408,10179591488902
9926080210408,10179645233064
9926098716408,10179697028546
9926117225408,10179748126883
9926135733408,10179806461630
9926154237408,10179862695099
9926172743408,10179915592823
9926191252408,10179969364970
9926209757408,10180022345099
9926228265408,10180074779621
9926246772408,10180130054717
9926265280408,10180182853878
9926283786408,10180236819486
9926302294408,10180289604023
9926320801408,10180342106039
9926339309408,10180395541892
9926357813408,10180452229025
9926376321408,10180506098204
9926394828408,10180561310032
9926413335408,10180613162609
9926431841408,10180664622061
9926450350408,10180715798586
9926468857408,10180769388761
9926487365408,10180822408208
9926505870408,10180877241731
9926524378408,10180939386654
9926542883408,10180993975499
9926561390408,10181044181329
9926579897408,10181093384191
9926598404408,10181145586001
9926616917408,10181206665469
9926635419408,10181262144188
9926653925408,10181314471381
9926672433408,10181366319681
9926690941408,10181415214141
9926709447408,10181462886317
9926727954408,10181507344986
9926746461408,10181556557016
9926764967408,10181610762685
9926783475408,10181664304079
9926801982408,10181715765138
9926820489408,10181768379924
9926838997408,10181822792142
9926857501408,10181879045469
9926876009408,10181932302063
9926894517408,10181985476599
9926913023408,10182045690968
9926931530408,10182100698318
9926950038408,10182152167812
9926968545408,10182205582247
9926987051408,10182257658993
9927005558408,10182309307512
9927024066408,10182359354526
9927042576408,10182412291328
9927061080408,10182475250534
9927079586408,10182530754495
9927098093408,10182583296840
9927116601408,10182634029288
9927135108408,10182684525356
9927153614408,10182738622011
9927172123408,10182787655058
9927190631408,10182851957525
9927209136408,10182907517649
9927227643408,10182960384743
9927246150408,10183009655558
9927264655408,10183059756181
9927283163408,10183113126611
9927301669408,10183165062161
9927320178408,10183216072501
9927338685408,10183266851578
9927357191408,10183319355554
9927375699408,10183374594643
9927394209408,10183428755451
9927412711408,10183479687167
9927431219408,10183537803499
9927449727408,10183592843135
9927468234408,10183645824856
9927486740408,10183694901207
9927505248408,10183739824839
9927523755408,10183790244407
9927542261408,10183843805406
9927560769408,10183894662348
9927579275408,10183951111587
9927597782408,10184013976267
9927616290408,10184071722674
9927634796408,10184130059802
9927653303408,10184186870625
9927671811408,10184250739530
9927690317408,10184308820312
9927708825408,10184367041599
9927727334408,10184425252367
9927745841408,10184478171307
9927764347408,10184533514821
9927782854408,10184598480308
9927801360408,10184654701065
9927819866408,10184710913053
9927838373408,10184766256575
9927856880408,10184824862940
9927875389408,10184881542636
9927893893408,10184944437916
9927912401408,10185003470707
9927930909408,10185068434667
9927949415408,10185124993546
9927967922408,10185180438108
9927986428408,10185233538200
9928004934408,10185281961486
9928023444408,10185328019708
9928041949408,10185379430949
9928060459408,10185433857323
9928078965408,10185486229203
9928097471408,10185540542270
9928115978408,10185594021180
9928134484408,10185642565479
9928152992408,10185686481672
9928171498408,10185741153011
9928190006408,10185794890780
9928208513408,10185851678419
9928227022408,10185907795616
9928245527408,10185961607618
9928264034408,10186020550356
9928282541408,10186075943419
9928301049408,10186130453386
9928319554408,10186193091308
9928338062408,10186250443159
9928356568408,10186305306924
9928375075408,10186363313148
9928393583408,10186415743256
9928412090408,10186471483877
9928430598408,10186524487233
9928449105408,10186580894658
9928467610408,10186637474619
9928486117408,10186685819928
9928504624408,10186735448962
9928523131408,10186782907962
9928541638408,10186828722921
9928560148408,10186880024839
9928578654408,10186931720651
9928597159408,10186983031189
9928615667408,10187036709813
9928634174408,10187088101035
9928652680408,10187140423904
9928671188408,10187193426075
9928689693408,10187245313246
9928708201408,10187297468308
9928726709408,10187350847590
9928745216408,10187403776387
9928763723408,10187460290716
9928782233408,10187516845774
9928800737408,10187566371469
9928819243408,10187613313937
9928837749408,10187664182919
9928856258408,10187715326913
9928874765408,10187764660883
9928893272408,10187812197899
9928911779408,10187859048057
9928930288408,10187902202783
9928948792408,10187956611490
9928967300408,10188011721958
9928985807408,10188067302852
9929004313408,10188117106895
9929022820408,10188173086707
9929041327408,10188227364605
9929059833408,10188283826695
9929078341408,10188337354080
9929096848408,10188387221254
9929115357408,10188439089877
9929133866408,10188493672353
9929152369408,10188548305576
9929170877408,10188600121826
9929189383408,10188645249306
9929207890408,10188696317099
9929226397408,10188749300395
9929244905408,10188801728588
9929263413408,10188851594057
9929281917408,10188913757090
9929300425408,10188978421564
9929318932408,10189032765806
9929337440408,10189079003944
9929355945408,10189133343082
9929374454408,10189185981929
9929392959408,10189241161413
9929411466408,10189296017526
9929429973408,10189348966410
9929448482408,10189401085616
9929466990408,10189451897694
9929485498408,10189499466123
9929504001408,10189546740734
9929522509408,10189592151053
9929541015408,10189635732173
9929559523408,10189681126808
9929578030408,10189731292580
9929596539408,10189785363264
9929615046408,10189838453726
9929633550408,10189890402835
9929652057408,10189952974234
9929670565408,10190008613416
9929689072408,10190064049598
9929707578408,10190119441252
9929726086408,10190172960180
9929744593408,10190224962619
9929763099408,10190275398604
9929781606408,10190323491336
9929800116408,10190381896655
9929818624408,10190438016608
9929837127408,10190489940101
9929855635408,10190546094206
9929874142408,10190599633543
9929892647408,10190649544796
9929911157408,10190700990636
9929929662408,10190751876551
9929948170408,10190803424222
9929966679408,10190853280255
9929985184408,10190905310363
9930003691408,10190962692081
9930022197408,10191019708680
9930040704408,10191070531430
9930059211408,10191115858699
9930077719408,10191166711388
9930096225408,10191221775714
9930114731408,10191274715816
9930133241408,10191330543451
9930151748408,10191385616916
9930170255408,10191440195391
9930188762408,10191491397321
9930207267408,10191548174829
9930225773408,10191605124667
9930244282408,10191655751947
9930262789408,10191708698752
9930281296408,10191763678258
9930299805408,10191816502265
9930318312408,10191870059485
9930336816408,10191924362373
9930355323408,10191985228306
9930373830408,10192041924062
9930392338408,10192093622178
9930410845408,10192138958148
9930429352408,10192185602771
9930447858408,10192236447731
9930466365408,10192288630014
9930484872408,10192341656050
9930503381408,10192396022208
9930521888408,10192448888325
9930540393408,10192499129636
9930558900408,10192552665173
9930577407408,10192604103419
9930595914408,10192654984516
9930614421408,10192706590031
9930632929408,10192757953892
9930651438408,10192807679161
9930669942408,10192857275139
9930688449408,10192909556768
9930706955408,10192960885196
9930725463408,10193014701746
9930743972408,10193062965453
9930762477408,10193110477608
9930780984408,10193161918664
9930799502408,10193211692320
9930817997408,10193264988497
9930836506408,10193313808332
9930855015408,10193361928404
9930873522408,10193418694333
9930892026408,10193472202053
9930910535408,10193520238707
9930929040408,10193577308163
9930947547408,10193626835620
9930966054408,10193676293579
9930984562408,10193725708523
9931003070408,10193776165347
9931021575408,10193833166615
9931040081408,10193887788248
9931058588408,10193943495148
9931077097408,10193997618407
9931095602408,10194049865436
9931114110408,10194097554520
9931132619408,10194144432496
9931151123408,10194191733377
9931169630408,10194243624982
9931188138408,10194293684077
9931206646408,10194339933617
9931225151408,10194387810262
9931243659408,10194435235314
9931262166408,10194492701358
9931280672408,10194547804627
9931299180408,10194597852218
9931317687408,10194656755347
9931336194408,10194710659772
9931354703408,10194772353912
9931373208408,10194826316968
9931391714408,10194883476257
9931410222408,10194936456904
9931428728408,10194981283069
9931447236408,10195031139554
9931465744408,10195079800218
9931484251408,10195131134594
9931502755408,10195187432170
9931521263408,10195241525126
9931539771408,10195295876045
9931558279408,10195348684922
9931576784408,10195398765931
9931595291408,10195449596221
9931613797408,10195498051897
9931632312408,10195550067510
9931650813408,10195603857395
9931669321408,10195657018688
9931687828408,10195706917544
9931706337408,10195759963402
9931724840408,10195818259685
9931743347408,10195875166201
9931761854408,10195930601295
9931780363408,10195984610644
9931798869408,10196037834067
9931817376408,10196090595820
9931835883408,10196140491573
9931854389408,10196190444567
9931872896408,10196248498727
9931891404408,10196304686137
9931909913408,10196359076649
9931928418408,10196413536925
9931946924408,10196468940027
9931965431408,10196526213865
9931983938408,10196577050089
9932002448408,10196629323859
9932020952408,10196678914492
9932039463408,10196731065842
9932057965408,10196792944049
9932076474408,10196849688528
9932094980408,10196900029574
9932113488408,10196940715167
9932131995408,10196991154688
9932150501408,10197044173055
9932169010408,10197092465647
9932187519408,10197138459400
9932206021408,10197184925763
9932224528408,10197230905875
9932243041408,10197276794950
9932261545408,10197324714553
9932280053408,10197370306323
9932298558408,10197414585124
9932317063408,10197458898743
9932335571408,10197505677448
9932354078408,10197546181308
9932372586408,10197594307842
9932391094408,10197644599617
9932409599408,10197692333968
9932428106408,10197739151144
9932446613408,10197784760234
9932465119408,10197832603316
9932483627408,10197877130572
9932502134408,10197921223309
9932520641408,10197971877125
9932539150408,10198023687904
9932557653408,10198069739813
9932576161408,10198114816966
9932594670408,10198163110908
9932613176408,10198216670393
9932631683408,10198266792135
9932650189408,10198322188720
9932668696408,10198369142476
9932687204408,10198418185122
9932705710408,10198468182720
9932724220408,10198513658618
9932742726408,10198562970916
9932761232408,10198609041502
9932779738408,10198654544866
9932798246408,10198702701151
9932816753408,10198751760821
9932835260408,10198801544725
9932853767408,10198850809569
9932872275408,10198909942294
9932890783408,10198969684292
9932909287408,10199023989851
9932927795408,10199075906804
9932946304408,10199129995923
9932964809408,10199186354562
9932983316408,10199238960401
9933001822408,10199296966961
9933020330408,10199353671740
9933038836408,10199404311179
9933057344408,10199452710777
9933075851408,10199506141589
9933094361408,10199557057955
9933112863408,10199610942183
9933131371408,10199664993354
9933149878408,10199716691025
9933168388408,10199771879561
9933186892408,10199822469730
9933205400408,10199874537650
9933223909408,10199927635961
9933242413408,10199980728232
9933260919408,10200031866076
9933279426408,10200080714860
9933297936408,10200131064276
9933316441408,10200184080354
9933334950408,10200231321967
9933353455408,10200280943504
9933371962408,10200334509600
9933390470408,10200388925969
9933408976408,10200442934890
9933427489408,10200494547902
9933445992408,10200555484256
9933464497408,10200611596361
9933483005408,10200672980029
9933501512408,10200730385451
9933520017408,10200784196124
9933538525408,10200838722424
9933557033408,10200895052246
9933575541408,10200951387729
9933594046408,10201002720219
9933612552408,10201052049813
9933631059408,10201103998964
9933649571408,10201156076676
9933668075408,10201206564224
9933686581408,10201253518134
9933705088408,10201301267980
9933723596408,10201351195071
9933742102408,10201404486366
9933760612408,10201455637073
9933779117408,10201500345127
9933797624408,10201544996088
9933816130408,10201589713723
9933834636408,10201641558240
9933853143408,10201693674123
9933871649408,10201740889254
9933890158408,10201785846226
9933908666408,10201831084403
9933927174408,10201873465002
9933945677408,10201917451605
9933964186408,10201967054106
9933982692408,10202005986648
9934001203408,10202044986275
9934019707408,10202082686585
9934038215408,10202119271179
9934056720408,10202158106913
9934075227408,10202205248534
9934093735408,10202247593372
9934112242408,10202286463806
9934130750408,10202328458121
9934149257408,10202369954139
9934167763408,10202411960538
9934186269408,10202461068149
9934204776408,10202502209978
9934223283408,10202534514182
9934241791408,10202563558369
9934260299408,10202598305259
9934278807408,10202634162288
9934297312408,10202693138139
9934315817408,10202741580086
9934334324408,10202794389348
9934352831408,10202851373836
9934371339408,10202899445830
9934389846408,10202956155740
9934408354408,10203012493025
9934426860408,10203049383216
9934445368408,10203095981640
9934463879408,10203149134529
9934482383408,10203195753277
9934500888408,10203248445323
9934519395408,10203301575852
9934537902408,10203345653692
9934556409408,10203395789411
9934574915408,10203449758619
9934593423408,10203500009007
9934611931408,10203561617157
9934630439408,10203617810223
9934648944408,10203664550852
9934667452408,10203726981776
9934685958408,10203771808165
9934704464408,10203811496163
9934722972408,10203849780770
9934741479408,10203893872354
9934759986408,10203939028616
9934778493408,10203980167302
9934797000408,10204021217862
9934815509408,10204059598670
9934834017408,10204103432969
9934852521408,10204148949989
9934871028408,10204189112259
9934889535408,10204226880060
9934908043408,10204264542031
9934926550408,10204310959106
9934945057408,10204356247288
9934963566408,10204403589282
9934982070408,10204451951058
9935000577408,10204501871937
9935019084408,10204553304905
9935037591408,10204595136844
9935056104408,10204636220715
9935074605408,10204686586454
9935093112408,10204733203259
9935111621408,10204784123679
9935130126408,10204824884507
9935148635408,10204869501995
9935167142408,10204910369862
9935185647408,10204956996025
9935204153408,10205000482844
9935222662408,10205053635827
9935241168408,10205105407606
9935259676408,10205150979731
9935278182408,10205197715244
9935296689408,10205245458515
9935315198408,10205290046458
9935333703408,10205341762649
9935352210408,10205387384973
9935370717408,10205431568367
9935389223408,10205480830350
9935407730408,10205534304284
9935426238408,10205580851892
9935444744408,10205619730047
9935463251408,10205662416622
9935481758408,10205714539066
9935500266408,10205763646692
9935518775408,10205818128332
9935537280408,10205862955161
9935555786408,10205905059201
9935574293408,10205948691986
9935592801408,10205990639860
9935611308408,10206052469074
9935629816408,10206097492243
9935648323408,10206150171253
9935666831408,10206194486173
9935685336408,10206234997529
9935703842408,10206274052580
9935722348408,10206314318222
9935740855408,10206367690389
9935759362408,10206416292662
9935777870408,10206464084527
9935796377408,10206510458013
9935814885408,10206557178104
9935833393408,10206609411147
9935851898408,10206656044642
9935870407408,10206702431583
9935888912408,10206757201905
9935907419408,10206804270715
9935925926408,10206855130772
9935944433408,10206913845414
9935962939408,10206960536061
9935981449408,10207021361695
9935999956408,10207079040222
9936018463408,10207128515646
9936036968408,10207186039411
9936055475408,10207242998708
9936073981408,10207292431913
9936092488408,10207346957343
9936110996408,10207404154407
9936129502408,10207452055718
9936148010408,10207506415102
9936166519408,10207563715788
9936185024408,10207610764985
9936203533408,10207675834923
9936222041408,10207731846372
9936240545408,10207780210097
9936259051408,10207844019413
9936277560408,10207893609682
9936296066408,10207938366085
9936314574408,10207983862186
9936333081408,10208030173358
9936351589408,10208074675993
9936370093408,10208115714267
9936388600408,10208153854539
9936407107408,10208197584988
9936425614408,10208243520449
9936444121408,10208283020883
9936462629408,10208321260368
9936481140408,10208369041678
9936499644408,10208413899103
9936518149408,10208471468780
9936536657408,10208522087784
9936555165408,10208570396623
9936573671408,10208620249557
9936592177408,10208670876282
9936610685408,10208719455707
9936629192408,10208779085663
9936647699408,10208832659770
9936666206408,10208887134697
9936684715408,10208939663519
9936703221408,10208984935424
9936721726408,10209036918593
9936740234408,10209089014878
9936758740408,10209138885632
9936777247408,10209188994552
9936795754408,10209241233621
9936814261408,10209294499576
9936832770408,10209344718464
9936851276408,10209402329240
9936869782408,10209456546542
9936888291408,10209504416546
9936906798408,10209550241654
9936925302408,10209595189618
9936943810408,10209650566754
9936962318408,10209703581545
9936980824408,10209753809512
9936999332408,10209802599520
9937017839408,10209852748822
9937036347408,10209903902054
9937054854408,10209955165803
9937073359408,10210003951546
9937091867408,10210055180603
9937110374408,10210117078401
9937128880408,10210180965978
9937147386408,10210234335995
9937165893408,10210287101778
9937184401408,10210336223163
9937202907408,10210386032965
9937221415408,10210433800521
9937239923408,10210479081805
9937258431408,10210526722352
9937276936408,10210571426944
9937295443408,10210623592606
9937313950408,10210674293208
9937332457408,10210726726725
9937350963408,10210777217044
9937369472408,10210829936998
9937387979408,10210899839837
9937406487408,10210952267076
9937424992408,10211004670450
9937443499408,10211058539984
9937462005408,10211117144245
9937480513408,10211175451390
9937499019408,10211233592251
9937517528408,10211285666938
9937536034408,10211340915431
9937554540408,10211396517245
9937573049408,10211449934461
9937591557408,10211506070508
9937610065408,10211571118022
9937628568408,10211629506157
9937647081408,10211681841568
9937665583408,10211737209251
9937684090408,10211790786885
9937702597408,10211840030865
9937721103408,10211887112588
9937739612408,10211938366736
9937758120408,10211988605037
9937776625408,10212038193571
9937795132408,10212086831384
9937813640408,10212133351198
9937832146408,10212176418665
9937850652408,10212219916722
9937869162408,10212262325022
9937887667408,10212313823506
9937906179408,10212367976085
9937924681408,10212416979374
9937943189408,10212475203248
9937961699408,10212527021889
9937980201408,10212573784937
9937998708408,10212618267017
9938017216408,10212658438098
9938035723408,10212713328751
9938054229408,10212757077580
9938072737408,10212801535047
9938091245408,10212853977146
9938109750408,10212897176613
9938128257408,10212955585876
9938146764408,10213015482029
9938165271408,10213064341856
9938183777408,10213115437086
9938202284408,10213173265929
9938220791408,10213219223745
9938239299408,10213265841240
9938257807408,10213318511216
9938276315408,10213364151298
9938294823408,10213413832732
9938313328408,10213464099014
9938331835408,10213504929251
9938350341408,10213552339619
9938368848408,10213608521881
9938387355408,10213653850453
9938405862408,10213704784128
9938424370408,10213756720591
9938442879408,10213799586782
9938461383408,10213848117336
9938479890408,10213900832472
9938498397408,10213944673071
9938516905408,10213995358256
9938535410408,10214047983442
9938553916408,10214093775446
9938572424408,10214144632670
9938590932408,10214196279143
9938609439408,10214247362077
9938627947408,10214294572397
9938646455408,10214353134559
9938664962408,10214399180856
9938683467408,10214455528502
9938701974408,10214519185622
9938720481408,10214567544408
9938738987408,10214622050174
9938757495408,10214678648449
9938776005408,10214723227791
9938794511408,10214774304526
9938813015408,10214829913404
9938831524408,10214876186289
9938850029408,10214925587050
9938868537408,10214978302474
9938887043408,10215023388653
9938905550408,10215072703720
9938924057408,10215126065220
9938942565408,10215170130632
9938961072408,10215223844637
9938979580408,10215277153671
9938998088408,10215320771309
9939016593408,10215375795034
9939035098408,10215430538570
9939053606408,10215476349768
9939072113408,10215527634081
9939090621408,10215571085930
9939109128408,10215617234522
9939127637408,10215665592981
9939146143408,10215706810888
9939164668408,10215754921502
9939183156408,10215797591090
9939201662408,10215846671719
9939220169408,10215890592053
9939238677408,10215939882656
9939257185408,10215985576054
9939275691408,10216028119347
9939294202408,10216069349464
9939312705408,10216112587676
9939331213408,10216156900218
9939349722408,10216208233896
9939368226408,10216253347873
9939386733408,10216295781135
9939405240408,10216344879934
9939423746408,10216389698711
9939442254408,10216433055400
9939460763408,10216475634075
9939479270408,10216515396313
9939497775408,10216554509401
9939516281408,10216604761934
9939534788408,10216644361832
9939553296408,10216680508054
9939571803408,10216720315065
9939590309408,10216759671365
9939608815408,10216797599809
9939627322408,10216836869644
9939645830408,10216875949829
9939664338408,10216912590438
9939682847408,10216951108856
9939701351408,10216991414298
9939719858408,10217041715669
9939738365408,10217082698363
9939756871408,10217121799623
9939775379408,10217165244364
9939793887408,10217209798827
9939812395408,10217254113212
9939830903408,10217298763194
9939849408408,10217341641241
9939867914408,10217384963727
9939886421408,10217436034823
9939904928408,10217483521649
9939923435408,10217530419178
9939941942408,10217573638530
9939960448408,10217615973190
9939978956408,10217661276840
9939997464408,10217708818788
9940015971408,10217752774259
9940034480408,10217808573965
9940052983408,10217856271988
9940071499408,10217904246209
9940089997408,10217949738551
9940108505408,10217999798614
9940127012408,10218042542292
9940145519408,10218086295333
9940164027408,10218141163421
9940182536408,10218188733118
9940201039408,10218234531145
9940219546408,10218279693312
9940238053408,10218325146361
9940256561408,10218373196117
9940275066408,10218420711818
9940293576408,10218467215284
9940312081408,10218511777587
9940330589408,10218557306263
9940349097408,10218609947314
9940367604408,10218659989239
9940386111408,10218709223706
9940404617408,10218752058749
9940423123408,10218791949287
9940441631408,10218832520338
9940460138408,10218872663696
9940478646408,10218923313100
9940497152408,10218975702597
9940515661408,10219021372056
9940534167408,10219071138412
9940552672408,10219112529180
9940571179408,10219161017151
9940589686408,10219204944421
9940608193408,10219256847678
9940626701408,10219303044056
9940645208408,10219349598193
9940663715408,10219398459187
9940682221408,10219451135673
9940700729408,10219496821829
9940719236408,10219541829981
9940737746408,10219585906022
9940756250408,10219628666559
9940774756408,10219684747439
9940793263408,10219731405070
9940811771408,10219783877713
9940830277408,10219843683194
9940848785408,10219891690933
9940867294408,10219945226536
9940885798408,10220006273762
9940904305408,10220055553054
9940922812408,10220110944097
9940941319408,10220166863680
9940959827408,10220213665803
9940978333408,10220266428142
9940996842408,10220320264714
9941015346408,10220364577561
9941033853408,10220417405886
9941052362408,10220474283757
9941070869408,10220518922855
9941089375408,10220567143551
9941107881408,10220620702687
9941126390408,10220665410668
9941144895408,10220718236442
9941163403408,10220777830571
9941181910408,10220825028569
9941200418408,10220882063256
9941218926408,10220937814673
9941237431408,10220984193217
9941255938408,10221038256002
9941274445408,10221093392474
9941292951408,10221140384980
9941348475408,10221234614015
9941366979408,10221296578926
9941385486408,10221343741885
9941403995408,10221432320810
9941422502408,10221487092750
9941441007408,10221532610069
9941459515408,10221585132416
9941478022408,10221629360824
9941496529408,10221679962942
9941515036408,10221726097989
9941533543408,10221776322658
9941552050408,10221815718703
9941570560408,10221854850356
9941589063408,10221894086963
9941607571408,10221932616791
9941626077408,10221969640046
9941644585408,10222006691092
9941663091408,10222057864480
9941681601408,10222108089599
9941700107408,10222149405719
9941718612408,10222190843977
9941737118408,10222237134077
9941755629408,10222288264109
9941774134408,10222340778705
9941792641408,10222390042735
9941811148408,10222441052972
9941829655408,10222487405148
9941848163408,10222537075468
9941866669408,10222591442991
9941885175408,10222643492501
9941903684408,10222691127104
9941922191408,10222748115018
9941940696408,10222807072667
9941959205408,10222858963310
9941977710408,10222909645811
9941996218408,10222960865160
9942014726408,10223015056980
9942033232408,10223067234445
9942051740408,10223126347101
9942070244408,10223183300198
9942088751408,10223238714949
9942107272408,10223296872039
9942125768408,10223352857222
9942144278408,10223410402329
9942162781408,10223464858815
9942181287408,10223526211884
9942199796408,10223587966769
9942218301408,10223643850213
9942236808408,10223699419132
9942255316408,10223748959975
9942273825408,10223798258917
9942292330408,10223851291596
9942310837408,10223899007709
9942329343408,10223949347244
9942347850408,10223998824290
9942366358408,10224048603079
9942384865408,10224102294358
9942403372408,10224153552365
9942421877408,10224207852260
9942440385408,10224278108972
9942458893408,10224336887861
9942477399408,10224404159456
9942495905408,10224463762425
9942514413408,10224520514883
9942532920408,10224575256796
9942551427408,10224632867424
9942569933408,10224689072342
9942588442408,10224746033482
9942606949408,10224800774628
9942625455408,10224856506688
9942643961408,10224910403987
9942662470408,10224962234887
9942680976408,10225013289777
9942699500408,10225080728493
9942717989408,10225130988607
9942736498408,10225185523170
9942755005408,10225234773166
9942773510408,10225287310939
9942792016408,10225335757900
9942810526408,10225385970262
9942829031408,10225434156724
9942847538408,10225486859925
9942866046408,10225539996058
9942884552408,10225601174241
9942903059408,10225656857596
9942921568408,10225706409533
9942940074408,10225759680804
9942958583408,10225813137707
9942977088408,10225863965956
9942995596408,10225916105501
9943014101408,10225979926088
9943032608408,10226035442557
9943051115408,10226088725180
9943069622408,10226140509330
9943088130408,10226190583351
9943106639408,10226250263145
9943125142408,10226303239071
9943143650408,10226354564386
9943162158408,10226404452335
9943180680408,10226449292456
9943199170408,10226500920339
9943217678408,10226557667004
9943236184408,10226608589070
9943254692408,10226667180122
9943273199408,10226720082905
9943291708408,10226769519355
9943310217408,10226820165904
9943328721408,10226867849332
9943347227408,10226914605597
9943365736408,10226963712628
9943384241408,10227011897782
9943402749408,10227058314437
9943421255408,10227107739845
9943439764408,10227155282392
9943458269408,10227206376281
9943476775408,10227256518771
9943495282408,10227301870264
9943513793408,10227346098503
9943532303408,10227394276008
9943550804408,10227445701386
9943569311408,10227509321148
9943587818408,10227563672428
9943606324408,10227619683542
9943624834408,10227674420403
9943643340408,10227730300976
9943661849408,10227784919750
9943680353408,10227840867471
9943698861408,10227897594856
9943717366408,10227951674822
9943735874408,10228004203777
9943754381408,10228056081006
9943772888408,10228104669142
9943791396408,10228162917026
9943809902408,10228214909279
9943828408408,10228262156285
9943846915408,10228310083613
9943865426408,10228362457772
9943883930408,10228408731529
9943902437408,10228454207876
9943920942408,10228508435614
9943939450408,10228561369999
9943957956408,10228610215370
9943976466408,10228663124479
9943994973408,10228712358722
9944013478408,10228762545642
9944031985408,10228813006298
9944050492408,10228879423765
9944069000408,10228927920853
9944087507408,10228975466813
9944106014408,10229023826896
9944124522408,10229072312518
9944143029408,10229125983634
9944161534408,10229178876222
9944180041408,10229232106932
9944198549408,10229282686907
9944217054408,10229327372629
9944235563408,10229376453310
9944254070408,10229426401756
9944272576408,10229475541231
9944291083408,10229527829631
9944309591408,10229578670345
9944328098408,10229627643015
9944346607408,10229686648674
9944365111408,10229738874158
9944383619408,10229791837629
9944402124408,10229841202437
9944420632408,10229888612757
9944439138408,10229940545200
9944457646408,10229991307025
9944476154408,10230050178107
9944494662408,10230106533908
9944513166408,10230160227847
9944531675408,10230209766376
9944550179408,10230262998221
9944568688408,10230314030472
9944587195408,10230364656038
9944605702408,10230417406201
9944624208408,10230466437364
9944642715408,10230512318377
9944661222408,10230566190236
9944679732408,10230622511487
9944698239408,10230669527035
9944716744408,10230722917480
9944735250408,10230777556082
9944753758408,10230830622297
9944772266408,10230881426945
9944790772408,10230930926159
9944809279408,10230982542349
9944827788408,10231036512802
9944846322408,10231091474920
9944864801408,10231141099576
9944883306408,10231189462163
9944901813408,10231237241825
9944920321408,10231284801076
9944938827408,10231328564115
9944957338408,10231374605843
9944975842408,10231426541114
9944994348408,10231478385411
9945012857408,10231529535787
9945031365408,10231582448846
9945049872408,10231629251756
9945068376408,10231672098214
9945086884408,10231718924072
9945105390408,10231771087380
9945123898408,10231827062273
9945142404408,10231877472884
9945160911408,10231925816315
9945179420408,10231970839987
9945197926408,10232011601368
9945216433408,10232057238725
9945234938408,10232105895669
9945253446408,10232155606311
9945271952408,10232204962135
9945290461408,10232264269319
9945308967408,10232320551847
9945327474408,10232373217021
9945345981408,10232427822920
9945364489408,10232485095459
9945382996408,10232542777348
9945401505408,10232599644227
9945420008408,10232653526306
9945438516408,10232706085537
9945457023408,10232770613042
9945475530408,10232825967868
9945494037408,10232882378411
9945512545408,10232929369393
9945531053408,10232983450211
9945549559408,10233037288596
9945568065408,10233090213467
9945586571408,10233151683680
9945605078408,10233203354737
9945623586408,10233250029803
9945642093408,10233305062814
9945660599408,10233361043637
9945679107408,10233410737292
9945697614408,10233461114499
9945716122408,10233512920275
9945734630408,10233563980315
9945753134408,10233616431068
9945771643408,10233669239477
9945790148408,10233719319366
9945808656408,10233764549496
9945827163408,10233807977922
9945845670408,10233853576918
9945864179408,10233901536959
9945882686408,10233949135453
9945901190408,10233999432413
9945919697408,10234056018010
9945938204408,10234109718999
9945956711408,10234160930110
9945975218408,10234209682276
9945993727408,10234262309311
9946012232408,10234315825154
9946030740408,10234364166457
9946049248408,10234418116008
9946067755408,10234468721872
9946086262408,10234520765016
9946104767408,10234576784320
9946123274408,10234629355709
9946141781408,10234681209694
9946160289408,10234733063329
9946178795408,10234785084178
9946197304408,10234836542072
9946215812408,10234891589925
9946234319408,10234946957228
9946252823408,10235002934825
9946271330408,10235058158499
9946289837408,10235113110869
9946308344408,10235190405583
9946326851408,10235243797890
9946345363408,10235297956038
9946363867408,10235351838285
9946382373408,10235403975880
9946400880408,10235454652682
9946419387408,10235500702787
9946437895408,10235544291687
9946474965408,10235590295258
9946493414408,10235635106302
9946511923408,10235682931542
9946530429408,10235727714482
9946548937408,10235779976514
9946567444408,10235832559679
9946585948408,10235883773443
9946604457408,10235946685899
9946622963408,10236006914223
9946641469408,10236062561407
9946659976408,10236117892420
9946678483408,10236174252740
9946696995408,10236229093069
9946715498408,10236285015431
9946734006408,10236336157613
9946752513408,10236383129933
9946771020408,10236437037539
9946789526408,10236490390905
9946808033408,10236544614706
9946826541408,10236593921670
9946845047408,10236646766415
9946863554408,10236700142020
9946882062408,10236747641373
9946900570408,10236799249816
9946919077408,10236852401054
9946937581408,10236903125695
9946956089408,10236952550610
9946974596408,10237001517425
9946993102408,10237052095436
9947011609408,10237102669007
9947030116408,10237155027834
9947048624408,10237208762571
9947067130408,10237263317853
9947085638408,10237315381298
9947104145408,10237368478363
9947122653408,10237420683217
9947141158408,10237472273428
9947159666408,10237520498650
9947178172408,10237571174350
9947196680408,10237623443055
9947215185408,10237674704865
9947233695408,10237726543464
9947252202408,10237781369693
9947270709408,10237830163554
9947289214408,10237883461018
9947307723408,10237936977033
9947326229408,10237991695284
9947344735408,10238046808973
9947363243408,10238099303073
9947381749408,10238149605379
9947400258408,10238203230556
9947418764408,10238256890174
9947437270408,10238306615445
9947455779408,10238356831988
9947474286408,10238408005565
9947492791408,10238460345242
9947511298408,10238509367565
9947529806408,10238560854518
9947548313408,10238610497340
9947566819408,10238661462586
9947585326408,10238714905192
9947603835408,10238765697865
9947622341408,10238816559705
9947640847408,10238867628186
9947659353408,10238922328841
9947677862408,10238981267261
9947696369408,10239034742759
9947714874408,10239092702148
9947733381408,10239143633787
9947751889408,10239192611881
9947770408408,10239243896653
9947788904408,10239292538043
9947807412408,10239344137299
9947825920408,10239393960576
9947844424408,10239445162889
9947862932408,10239494912941
9947881437408,10239546324409
9947899946408,10239594352714
9947918453408,10239645601805
9947936960408,10239691831808
9947955468408,10239737955525
9947973975408,10239785606924
9947992480408,10239831682245
9948010986408,10239882056905
9948029494408,10239932784664
9948048000408,10239978580500
9948066508408,10240021733677
9948085014408,10240063411942
9948103522408,10240102886835
9948122028408,10240143575526
9948140536408,10240183802042
9948159044408,10240224209166
9948177553408,10240273072297
9948196057408,10240315082685
9948214563408,10240360905090
9948233070408,10240412400732
9948251577408,10240456346486
9948270085408,10240498877109
9948288593408,10240540900990
9948307100408,10240583045763
9948325605408,10240621015450
9948344113408,10240661204041
9948362619408,10240701469013
9948381126408,10240747155282
9948399633408,10240787915263
9948418139408,10240830032563
9948436648408,10240870771290
9948455154408,10240911553088
9948473661408,10240959375433
9948492170408,10241001775396
9948510677408,10241042121345
9948529183408,10241091920785
9948547690408,10241135595801
9948566197408,10241177097814
9948584703408,10241218050097
9948603210408,10241256824456
9948621717408,10241296536334
9948640224408,10241334935165
9948658733408,10241383348037
9948677239408,10241435719542
9948695747408,10241486173825
9948714252408,10241532279118
9948732760408,10241581847121
9948751265408,10241627469374
9948769772408,10241678393145
9948788279408,10241730191236
9948806787408,10241776407218
9948825293408,10241826448606
9948843803408,10241879074385
9948862310408,10241935189919
9948880816408,10241985457552
9948899322408,10242030250354
9948917829408,10242075589529
9948936335408,10242120332233
9948954843408,10242177272112
9948973350408,10242231719564
9948991859408,10242282114072
9949010366408,10242333621011
9949028871408,10242386813681
9949047379408,10242434947430
9949065886408,10242481240957
9949084391408,10242530686684
9949102899408,10242575622956
9949121405408,10242622066588
9949139912408,10242670136902
9949158422408,10242715093893
9949176927408,10242759911850
9949195435408,10242809867681
9949213944408,10242858350539
9949232448408,10242909637345
9949250955408,10242957964002
9949269461408,10243006795864
9949287970408,10243055802607
9949306475408,10243107721928
9949324983408,10243162567019
9949343491408,10243214077102
9949361999408,10243268576943
9949380504408,10243319735261
9949399012408,10243368148776
9949417517408,10243414984555
9949436024408,10243460975570
9949454532408,10243507009923
9949473037408,10243552786541
9949491545408,10243597747704
9949510052408,10243651599795
9949528560408,10243696410082
9949547069408,10243740680707
9949565577408,10243784347156
9949584080408,10243827542737
9949602588408,10243871837151
9949621094408,10243923146095
9949639601408,10243969957694
9949658108408,10244015179701
9949676616408,10244061667628
9949695123408,10244104728186
9949713630408,10244151920413
9949732138408,10244195254688
9949750643408,10244244304447
9949769149408,10244290754691
9949787657408,10244330919681
9949806165408,10244373990403
9949824670408,10244414709863
9949843177408,10244455089031
9949861686408,10244501210712
9949880193408,10244545640255
9949898700408,10244596577701
9949917208408,10244642294091
9949935713408,10244686950871
9949954220408,10244735034265
9949972726408,10244776139500
9949991233408,10244814919227
9950009741408,10244855247414
9950028249408,10244898556037
9950046757408,10244949846251
9950065262408,10244993009915
9950083769408,10245041194457
9950102275408,10245085946500
9950120783408,10245135155766
9950139289408,10245177377996
9950157798408,10245219374155
9950176303408,10245261038436
9950194811408,10245303774617
9950213318408,10245349365464
9950231826408,10245389168093
9950250333408,10245441471939
9950268839408,10245488815460
9950287347408,10245529670489
9950305853408,10245569605785
9950324361408,10245608967400
9950342867408,10245649869957
9950361373408,10245701608374
9950379882408,10245744065534
9950398389408,10245783477358
9950416894408,10245824487518
9950435401408,10245873828536
9950453908408,10245916776610
9950472416408,10245960802973
9950490923408,10246010060173
9950509429408,10246050128743
9950527937408,10246090928783
9950546445408,10246132340779
9950564951408,10246182628905
9950583463408,10246227703283
9950601966408,10246269666093
9950620471408,10246311092186
9950638978408,10246355499881
9950657485408,10246411150218
9950675993408,10246461999024
9950694499408,10246515471913
9950713008408,10246564932794
9950731515408,10246617759317
9950750022408,10246666961585
9950768528408,10246711544131
9950787036408,10246758414540
9950805541408,10246797761817
9950824048408,10246836633369
9950842555408,10246877826175
9950861063408,10246929040293
9950879568408,10246971480623
9950898077408,10247011820172
9950916583408,10247053151402
9950935091408,10247091827866
9950953599408,10247140913897
9950972104408,10247185600943
9950990610408,10247225550566
9951009119408,10247263667612
9951027626408,10247302845885
9951046132408,10247343466030
9951064639408,10247394658704
9951083147408,10247441318446
9951101653408,10247489866503
9951120160408,10247532332003
9951138666408,10247571093929
9951157173408,10247615414666
9951175682408,10247659442572
9951194188408,10247700433381
9951212696408,10247739753404
9951231201408,10247775218022
9951249708408,10247812045557
9951268216408,10247851744870
9951286724408,10247892143508
9951305231408,10247932603756
9951323737408,10247985325587
9951342245408,10248034017225
9951360750408,10248078307584
9951379257408,10248121751433
9951397764408,10248169130308
9951416271408,10248212455195
9951434781408,10248256715741
9951453285408,10248299422077
9951471793408,10248341634113
9951490300408,10248383654651
9951508807408,10248425609213
9951527314408,10248466830414
9951545821408,10248509424124
9951564329408,10248552129758
9951582835408,10248595613870
9951601342408,10248637009381
9951619850408,10248678031717
9951638356408,10248723221480
9951656862408,10248764615798
9951675369408,10248811639195
9951693875408,10248857412096
9951712382408,10248902503150
9951730890408,10248943325377
9951749396408,10248985077986
9951767905408,10249032550770
9951786413408,10249079740284
9951804918408,10249128431248
9951823425408,10249177150805
9951841933408,10249225188628
9951860439408,10249278107266
9951878947408,10249325570265
9951897454408,10249370815258
9951915961408,10249424544642
9951934468408,10249475788170
9951952974408,10249525504057
9951971492408,10249575846820
9951989990408,10249623828046
9952008505408,10249674248643
9952027003408,10249729163835
9952045509408,10249781813049
9952064017408,10249834695569
9952082523408,10249885287147
9952101030408,10249932240180
9952119539408,10249975342008
9952138047408,10250029619187
9952156551408,10250081478053
9952175057408,10250131986285
9952193565408,10250184414097
9952212072408,10250235809850
9952230579408,10250282542712
9952249086408,10250327449586
9952267595408,10250379540077
9952286100408,10250426971967
9952304606408,10250476877334
9952323114408,10250524985043
9952341622408,10250577902142
9952360128408,10250627717074
9952378636408,10250675481142
9952397142408,10250722161305
9952415648408,10250776903885
9952434155408,10250818549766
9952452663408,10250864756873
9952471170408,10250915740415
9952489677408,10250968977686
9952508183408,10251023200420
9952526692408,10251073607998
9952545196408,10251120852251
9952563705408,10251171655859
9952582211408,10251227065207
9952600719408,10251280784575
9952619227408,10251331153937
9952637732408,10251386366638
9952656238408,10251440711644
9952674748408,10251492120955
9952693256408,10251545572880
9952711761408,10251600262626
9952730266408,10251649833718
9952748774408,10251703593571
9952767280408,10251754115685
9952785788408,10251804724507
9952804296408,10251853143051
9952822805408,10251902633050
9952841309408,10251949922803
9952859816408,10252000473007
9952878323408,10252056796858
9952896830408,10252110657198
9952915337408,10252159228031
9952933844408,10252208195326
9952952353408,10252258977949
9952970861408,10252310605011
9952989365408,10252361723160
9953007872408,10252414071815
9953026380408,10252464437979
9953044886408,10252509628181
9953063394408,10252563235527
9953081900408,10252611319390
9953100406408,10252657296238
9953118913408,10252704404921
9953137422408,10252753641600
9953155930408,10252803819270
9953174439408,10252857855616
9953192942408,10252902738127
9953211449408,10252951649097
9953229957408,10252997986756
9953248462408,10253042837273
9953266969408,10253091407799
9953285476408,10253140444279
9953303986408,10253191188168
9953322492408,10253246949909
9953340998408,10253303930765
9953359504408,10253352011794
9953378014408,10253416189903
9953396522408,10253470023018
9953415026408,10253523562849
9953433532408,10253575234884
9953452039408,10253633768474
9953470546408,10253689377062
9953489054408,10253742881738
9953507561408,10253793188010
9953526071408,10253844110121
9953544575408,10253893761278
9953563084408,10253943751815
9953581588408,10253997364769
9953600094408,10254054103221
9953618602408,10254146196087
9953637109408,10254202822729
9953655618408,10254253825992
9953674125408,10254306391446
9953692630408,10254359795815
9953711136408,10254419790462
9953729648408,10254471960165
9953748153408,10254527931803
9953766658408,10254579476260
9953785166408,10254631463239
9953803673408,10254689345515
9953822179408,10254745617908
9953840686408,10254804526843
9953859195408,10254858731388
9953877703408,10254912556341
9953896207408,10254967663745
9953914714408,10255021446564
9953933220408,10255074264537
9953951729408,10255121318917
9953970234408,10255171771126
9953988743408,10255218653284
9954007251408,10255267636340
9954025758408,10255320352528
9954044262408,10255371160087
9954062770408,10255421855501
9954081278408,10255468588317
9954099783408,10255519263394
9954118291408,10255570643498
9954136798408,10255619539318
9954155304408,10255665438985
9954173812408,10255712463809
9954192319408,10255763335681
9954210828408,10255809442003
9954229332408,10255856063533
9954247839408,10255905049943
9954266346408,10255955507309
9954284855408,10256004165833
9954303360408,10256048025051
9954321868408,10256102067271
9954340377408,10256158005234
9954358883408,10256206464140
9954377387408,10256257101687
9954395895408,10256308447865
9954414402408,10256359402995
9954432913408,10256409449839
9954451416408,10256458149553
9954469923408,10256510312012
9954488430408,10256559493806
9954506937408,10256607569164
9954525445408,10256655586690
9954543952408,10256710201203
9954562460408,10256762265400
9954580966408,10256809321147
9954599472408,10256854333215
9954617979408,10256907976246
9954636486408,10256959638241
9954654993408,10257008668588
9954673501408,10257060100175
9954692009408,10257104996591
9954710518408,10257155348178
9954729023408,10257200891981
9954747528408,10257248285388
9954766036408,10257295770478
9954784552408,10257341202822
9954803049408,10257386698419
9954821557408,10257431156522
9954840064408,10257480919624
9954858570408,10257528592978
9954877078408,10257575636148
9954895585408,10257630705212
9954914093408,10257685173921
9954932598408,10257738847205
9954951108408,10257789984079
9954969612408,10257840270528
9954988119408,10257893186456
9955006629408,10257942186723
9955025134408,10257985919383
9955043641408,10258030531959
9955062149408,10258074422524
9955080654408,10258113910536
9955099159408,10258153884338
9955117667408,10258216670499
9955154682408,10258272219543
9955173188408,10258325083656
9955191696408,10258384433647
9955210202408,10258432195228
9955228710408,10258479817899
9955247220408,10258536943798
9955265726408,10258581598725
9955284231408,10258638573016
9955302737408,10258696233335
9955321244408,10258743133924
9955339752408,10258794413620
9955358258408,10258847756771
9955376766408,10258893841173
9955395275408,10258949196467
9955413780408,10259006740984
9955432287408,10259052211763
9955450793408,10259108267397
9955469299408,10259151144385
9955487807408,10259192777666
9955506313408,10259243992695
9955524821408,10259293546889
9955543328408,10259338304606
9955561835408,10259389903221
9955580345408,10259447575187
9955598852408,10259496161830
9955617358408,10259549599415
9955635863408,10259601897901
9955654369408,10259647734578
9955672879408,10259708477458
9955691383408,10259770522896
9955709891408,10259816526561
9955728398408,10259871082535
9955746906408,10259927746960
9955765411408,10259974887119
9955783919408,10260034431977
9955802425408,10260082647654
9955820933408,10260129219791
9955839438408,10260180660183
9955857947408,10260225209507
9955876454408,10260268607403
9955894961408,10260308988415
9955913467408,10260353588381
9955931976408,10260406789099
9955950484408,10260452236646
9955968989408,10260503838454
9955987498408,10260549110481
9956006003408,10260589663921
9956024510408,10260633220971
9956043018408,10260694815442
9956061524408,10260745337494
9956080032408,10260796013473
9956098540408,10260845005073
9956117045408,10260892466710
9956135552408,10260943182794
9956154058408,10260993746313
9956172566408,10261045915082
9956191073408,10261092970932
9956209593408,10261139995344
9956228086408,10261189610011
9956246593408,10261236486962
9956265101408,10261294621298
9956283609408,10261346329790
9956302116408,10261397674095
9956320621408,10261448199903
9956339128408,10261496793809
9956357637408,10261545346482
9956376142408,10261600599856
9956394649408,10261661983339
9956413157408,10261714760881
9956431665408,10261760632608
9956450173408,10261806393128
9956468679408,10261851358342
9956487186408,10261903427321
9956505690408,10261951656045
9956524197408,10261994384225
9956542705408,10262041065272
9956561212408,10262086497899
9956579720408,10262127558089
9956598226408,10262176458653
9956616734408,10262227600441
9956635241408,10262276026934
9956653749408,10262327201564
9956672254408,10262378184431
9956690762408,10262428538581
9956709268408,10262478233619
9956727776408,10262521097838
9956746281408,10262560190568
9956764790408,10262597228495
9956783298408,10262635547775
9956801806408,10262682667785
9956820310408,10262725433425
9956838818408,10262766884340
9956857324408,10262808234066
9956875831408,10262849946875
9956894337408,10262888399564
9956912845408,10262923397094
9956931352408,10262970824970
9956949859408,10263019367522
9956968366408,10263059881801
9956986874408,10263099481751
9957005382408,10263140967634
9957023887408,10263181833030
9957042393408,10263229889035
9957060902408,10263270461625
9957079409408,10263310149634
9957097915408,10263347737890
9957116422408,10263389413358
9957134931408,10263427197618
9957153435408,10263462695767
9957171943408,10263499987924
9957190449408,10263548773050
9957208956408,10263591185445
9957227464408,10263639658087
9957245971408,10263680979602
9957264479408,10263719273780
9957282984408,10263765855642
9957301492408,10263803616664
9957320000408,10263838940236
9957338508408,10263875922075
9957357012408,10263911697264
9957375519408,10263946306669
9957394027408,10263980562866
9957412534408,10264017224889
9957431042408,10264062511854
9957449547408,10264105461654
9957468055408,10264147484308
9957486562408,10264186580193
9957505068408,10264230822330
9957523575408,10264280822585
9957542082408,10264323435479
9957560589408,10264370341264
9957579095408,10264412034407
9957597605408,10264458344788
9957616110408,10264498471536
9957634623408,10264540248885
9957653124408,10264585508668
9957671631408,10264630257934
9957690141408,10264673767962
9957708646408,10264715254774
9957727153408,10264755461607
9957745659408,10264801279797
9957764166408,10264851291322
9957782673408,10264892919473
9957801181408,10264938010124
9957819689408,10264980161655
9957838196408,10265020628271
9957856701408,10265128315055
9957875207408,10265175726854
9957893717408,10265242532335
9957912222408,10265295874437
9957930728408,10265349147949
9957949234408,10265402581890
9957967743408,10265453540079
9957986250408,10265501393632
9958004757408,10265547603475
9958023264408,10265593025463
9958041774408,10265637728517
9958060277408,10265679435613
9958078787408,10265724830142
9958097292408,10265771041240
9958115799408,10265813125345
9958134305408,10265854685382
9958152813408,10265904498338
9958171321408,10265955050502
9958189831408,10266006086297
9958208333408,10266069085091
9958226840408,10266121820726
9958245347408,10266167159583
9958263854408,10266211024472
9958282360408,10266255243584
9958300867408,10266308296876
9958319376408,10266352415454
9958337883408,10266391756449
9958356389408,10266430693419
9958374899408,10266478264635
9958393407408,10266537519748
9958411911408,10266583473043
9958430417408,10266634898670
9958448925408,10266680051644
9958467431408,10266718432386
9958485938408,10266771343979
9958504446408,10266814723603
9958522955408,10266856727711
9958541460408,10266911164286
9958559966408,10266956630132
9958578472408,10267005011080
9958596980408,10267056637494
9958615489408,10267102501276
9958633993408,10267145203015
9958652500408,10267197707730
9958671008408,10267239043813
9958689514408,10267274636342
9958708022408,10267324809708
9958726530408,10267365845866
9958745036408,10267409336045
9958763542408,10267464259640
9958782050408,10267507724234
9958800556408,10267562205677
9958819064408,10267607303538
9958837571408,10267650397797
9958856078408,10267694683301
9958874588408,10267735613206
9958893093408,10267777842636
9958911599408,10267829932256
9958930106408,10267881691312
9958948613408,10267945092199
9958967119408,10267991897069
9958985626408,10268035378197
9959004133408,10268075477867
9959022649408,10268120013071
9959041147408,10268163566268
9959059657408,10268204090309
9959078164408,10268240387695
9959096668408,10268274470382
9959115175408,10268314159636
9959133682408,10268358595443
9959152189408,10268405600939
9959170696408,10268451475818
9959189203408,10268498047032
9959207711408,10268570602348
9959226219408,10268617561233
9959244724408,10268679160359
9959263231408,10268727348203
9959281739408,10268769922487
9959300244408,10268813303461
9959318751408,10268870562805
9959337258408,10268919830872
9959355766408,10268973231794
9959374273408,10269030931785
9959392781408,10269075300861
9959411288408,10269127811391
9959429797408,10269182606677
9959448301408,10269225765116
9959466808408,10269283571791
9959485314408,10269342408075
9959503822408,10269390239683
9959522329408,10269440527245
9959540836408,10269496928896
9959559345408,10269545619890
9959577852408,10269596437387
9959596357408,10269651544317
9959614864408,10269697955612
9959633373408,10269749108718
9959651878408,10269807164231
9959670383408,10269854308988
9959688892408,10269904101616
9959707399408,10269957134641
9959725906408,10270000199732
9959744413408,10270047412620
9959762921408,10270100491826
9959781428408,10270145080716
9959799933408,10270192022284
9959818440408,10270248133722
9959836949408,10270287920321
9959855454408,10270332157105
9959873961408,10270381579845
9959892469408,10270424213583
9959910977408,10270475415567
9959929485408,10270529989460
9959947989408,10270572650168
9959966497408,10270632550253
9959985002408,10270680846716
9960003510408,10270722238800
9960022019408,10270761219561
9960040524408,10270816324534
9960059033408,10270861300147
9960077538408,10270919557633
9960096047408,10270967085160
9960114553408,10271010687445
9960133062408,10271051867282
9960151567408,10271095512728
9960170073408,10271140409931
9960188580408,10271184758720
9960207088408,10271223587388
9960225593408,10271258110691
9960244103408,10271304870766
9960262611408,10271349910844
9960281116408,10271397832811
9960299622408,10271445688216
9960318130408,10271489259531
9960336635408,10271532938846
9960355143408,10271573004852
9960373650408,10271620760713
9960392157408,10271664778652
9960410663408,10271709434705
9960429172408,10271758109150
9960447679408,10271809410501
9960466188408,10271855008659
9960484692408,10271896593299
9960503200408,10271932299178
9960521706408,10271970754162
9960540213408,10272026703964
9960558720408,10272078929296
9960577228408,10272139557223
9960595735408,10272192802968
9960614243408,10272241689267
9960632748408,10272288922694
9960651254408,10272334691722
9960669762408,10272381477665
9960688268408,10272429159238
9960706777408,10272475250496
9960725283408,10272531688698
9960743789408,10272582706322
9960762296408,10272632422191
9960780804408,10272684157645
9960799312408,10272737104804
9960817820408,10272798041791
9960836327408,10272850458517
9960854831408,10272907550919
9960873338408,10272963836136
9960891845408,10273020613329
9960910352408,10273072627405
9960928860408,10273137691871
9960947368408,10273191306650
9960965876408,10273249021387
9960984381408,10273302860796
9961002888408,10273351515759
9961021395408,10273402706534
9961039902408,10273453961415
9961058409408,10273510539210
9961076915408,10273567340551
9961095422408,10273626607251
9961113930408,10273684278492
9961132436408,10273740441578
9961150945408,10273798021614
9961169452408,10273856892318
9961187958408,10273914503331
9961206464408,10273968852511
9961224971408,10274026070044
9961243481408,10274082199924
9961261985408,10274138736304
9961280493408,10274191901838
9961299001408,10274254966867
9961317508408,10274306290581
9961336013408,10274360195551
9961354520408,10274413519693
9961373027408,10274464676057
9961391534408,10274509999525
9961410041408,10274556653878
9961428549408,10274600149495
9961447054408,10274641468989
9961465561408,10274683049684
9961484070408,10274723890930
9961502577408,10274765321293
9961521085408,10274805539584
9961539590408,10274849774365
9961558097408,10274902991592
9961576605408,10274948332966
9961595111408,10275008016719
9961613617408,10275052834419
9961632125408,10275093833487
9961650633408,10275130486031
9961669140408,10275187214014
9961687645408,10275232734279
9961706153408,10275291666262
9961724660408,10275347241659
9961743167408,10275389747808
9961761674408,10275441804533
9961780183408,10275498352241
9961798688408,10275542284535
9961817195408,10275594420542
9961835724408,10275649706109
9961854210408,10275692216518
9961872716408,10275737094568
9961891222408,10275781356872
9961909729408,10275825376506
9961928236408,10275874785963
9961946744408,10275928375314
9961965251408,10275972833433
9961983758408,10276039104214
9962002266408,10276099556726
9962020773408,10276145508059
9962039278408,10276194104137
9962057785408,10276258200265
9962076293408,10276306156945
9962094799408,10276354167963
9962113305408,10276403545173
9962131815408,10276443686983
9962150318408,10276486014514
9962168827408,10276533413244
9962187337408,10276577239696
9962205843408,10276616790904
9962224349408,10276661312200
9962242855408,10276709978884
9962261361408,10276753354188
9962279869408,10276797697285
9962298376408,10276846589589
9962316883408,10276896408688
9962335395408,10276941748628
9962353899408,10276992904208
9962372404408,10277039700957
9962390911408,10277081125065
9962409418408,10277123430777
9962427924408,10277164265196
9962446431408,10277208975471
9962464940408,10277247842206
9962483447408,10277298022945
9962501954408,10277343899872
9962520460408,10277396468144
9962538968408,10277450881933
9962557475408,10277494575599
9962575981408,10277545486684
9962594488408,10277600575903
9962612995408,10277643394628
9962631502408,10277692309575
9962650009408,10277749904112
9962668516408,10277794369448
9962687025408,10277846381756
9962705532408,10277900612068
9962724037408,10277946026709
9962742543408,10277996641419
9962761050408,10278050333344
9962779556408,10278093377055
9962798064408,10278145968378
9962816573408,10278204644796
9962835080408,10278249128743
9962853585408,10278304117892
9962872091408,10278349851795
9962890601408,10278391925211
9962909109408,10278428892353
9962927614408,10278479442193
9962946120408,10278523560074
9962964628408,10278582247797
9962983134408,10278632079484
9963001641408,10278682582062
9963020149408,10278738168032
9963038656408,10278789620941
9963057164408,10278835016334
9963075670408,10278879440151
9963094177408,10278928157262
9963112683408,10278972999574
9963131191408,10279011249609
9963149696408,10279047223879
9963168205408,10279082623630
9963186714408,10279117703445
9963205221408,10279157904873
9963223723408,10279222188938
9963242235408,10279271516541
9963260749408,10279335342707
9963279246408,10279380953809
9963297753408,10279425996831
9963316261408,10279472967770
9963334767408,10279520306046
9963353275408,10279562126525
9963371781408,10279602346944
9963390289408,10279652217917
9963408794408,10279697459491
9963427303408,10279741584390
9963445808408,10279782945105
9963464317408,10279828678874
9963482822408,10279877767789
9963501330408,10279919666717
9963519839408,10279983372227
9963538345408,10280031292946
9963556850408,10280088334723
9963575357408,10280139133129
9963593866408,10280191595572
9963612371408,10280240241782
9963630878408,10280287204963
9963649385408,10280339361611
9963667893408,10280384711309
9963686399408,10280434266249
9963704906408,10280475673216
9963723415408,10280530746651
9963741922408,10280579491197
9963760427408,10280633162453
9963778934408,10280675189722
9963797441408,10280728963349
9963815948408,10280774478189
9963834456408,10280821253003
9963852963408,10280877954008
9963871470408,10280924427788
9963889980408,10280970899220
9963908482408,10281026715342
9963926989408,10281069743014
9963945498408,10281120239507
9963964004408,10281179861221
9963982512408,10281225454582
9964001018408,10281282745379
9964019525408,10281340154700
9964038032408,10281386207441
9964056539408,10281437505306
9964075048408,10281489869054
9964093554408,10281533904463
9964112059408,10281580905857
9964130567408,10281636837956
9964149074408,10281681165507
9964167580408,10281726726873
9964186088408,10281775783761
9964204596408,10281820158099
9964223103408,10281865634761
9964241608408,10281917496501
9964260116408,10281962985224
9964278622408,10282012855367
9964297133408,10282069821897
9964315637408,10282115909512
9964334143408,10282188898069
9964352650408,10282236060458
9964371159408,10282275499726
9964389664408,10282309016791
9964408172408,10282356551962
9964426681408,10282403822209
9964445188408,10282464165967
9964463692408,10282520018332
9964482199408,10282568155824
9964500707408,10282639659924
9964519213408,10282689659788
9964537721408,10282734682792
9964556228408,10282777862930
9964574736408,10282822248655
9964593242408,10282864809582
9964611749408,10282918334558
9964630255408,10282962804585
9964648773408,10283020145111
9964667270408,10283066810213
9964685777408,10283110794290
9964704283408,10283152213183
9964722790408,10283190674315
9964741298408,10283234229780
9964759805408,10283283182628
9964778313408,10283327576656
9964796819408,10283374410767
9964815325408,10283425802053
9964833832408,10283465629455
9964852340408,10283503689825
9964870846408,10283553422168
9964889353408,10283597289650
9964907861408,10283646709991
9964926370408,10283700198252
9964944873408,10283742415688
9964963381408,10283789683236
9964981887408,10283843913262
9965000399408,10283885870664
9965018903408,10283931931864
9965037409408,10283980317122
9965055915408,10284021858832
9965074423408,10284064328264
9965092930408,10284112934522
9965111438408,10284157898134
9965129945408,10284202465995
9965148451408,10284252724915
9965166958408,10284291759614
9965185465408,10284335402982
9965203972408,10284388117958
9965222479408,10284432256882
9965240986408,10284478479996
9965259493408,10284533249541
9965278001408,10284571813504
9965296506408,10284621306741
9965315013408,10284665411858
9965333519408,10284706989794
9965352028408,10284744947106
9965370535408,10284784180263
9965389041408,10284826505857
9965407548408,10284865376065
9965426056408,10284904053408
9965444563408,10284941316384
9965463070408,10284984160238
9965481578408,10285029037199
9965500084408,10285071745113
9965518590408,10285117215487
9965537098408,10285163414406
9965555604408,10285208217825
9965574112408,10285254690164
9965592619408,10285303166808
9965611127408,10285345382843
9965629638408,10285387514746
9965648140408,10285428321088
9965666645408,10285469395472
9965685153408,10285508968860
9965703659408,10285546982926
9965722167408,10285587591869
9965740673408,10285648228942
9965759181408,10285696533542
9965777687408,10285756113040
9965796196408,10285798421993
9965814703408,10285851248221
9965833212408,10285893778197
9965851716408,10285949203231
9965870224408,10285988239527
9965888729408,10286042068382
9965907238408,10286086309925
9965925744408,10286127468432
9965944252408,10286169761867
9965962759408,10286219454606
9965981265408,10286258569040
9965999771408,10286296097090
9966018278408,10286340111667
9966036785408,10286392802491
9966055293408,10286438272151
9966073807408,10286501852024
9966092307408,10286554806253
9966110814408,10286606360453
9966129321408,10286654600198
9966147829408,10286713988694
9966166336408,10286762602356
9966184844408,10286811701385
9966203349408,10286860521823
9966221855408,10286917895728
9966240363408,10286971023912
9966258869408,10287020867247
9966277378408,10287069748274
9966295885408,10287121019979
9966314392408,10287172234029
9966332897408,10287233297775
9966351404408,10287287066527
9966369911408,10287340941826
9966388418408,10287395018039
9966406925408,10287446769046
9966425431408,10287498499524
9966443941408,10287555167382
9966462446408,10287604687874
9966480954408,10287659616328
9966499461408,10287712027220
9966517970408,10287767582803
9966536474408,10287820890610
9966554981408,10287873846451
9966573488408,10287925120473
9966591995408,10287974206411
9966610501408,10288025478251
9966629010408,10288080819408
9966647517408,10288133989964
9966666025408,10288189777108
9966684530408,10288246131278
9966703037408,10288300674501
9966721544408,10288355446719
9966740050408,10288411757173
9966758557408,10288468464868
9966777065408,10288522620441
9966795571408,10288573708555
9966814079408,10288635637246
9966832585408,10288691514217
9966851094408,10288743322687
9966869601408,10288798737542
9966888106408,10288853494506
9966906613408,10288906798102
9966925122408,10288955876664
9966943628408,10289004530345
9966962136408,10289056086820
9966980643408,10289102147282
9966999150408,10289147433414
9967017658408,10289186312677
9967036164408,10289226081862
9967054670408,10289264945279
9967073176408,10289306761170
9967091683408,10289350303257
9967110190408,10289396808990
9967128697408,10289439522655
9967147204408,10289488175659
9967165710408,10289536841676
9967184219408,10289588178980
9967202726408,10289643572411
9967221236408,10289698749842
9967239739408,10289750806822
9967258246408,10289797577600
9967276754408,10289844108799
9967295261408,10289891315737
9967313766408,10289941695473
9967332275408,10289992365225
9967350782408,10290036465219
9967369288408,10290088818457
9967387795408,10290132312366
9967406302408,10290180740472
9967424808408,10290227467222
9967443315408,10290274308933
9967461825408,10290323603192
9967480332408,10290380891501
9967498845408,10290431454214
9967517344408,10290477130332
9967535851408,10290517539068
9967554360408,10290557930735
9967572868408,10290606523191
9967591371408,10290652410339
9967609879408,10290702307943
9967628386408,10290746760886
9967646893408,10290792516412
9967665399408,10290842342436
9967683907408,10290891466728
9967702415408,10290937101420
9967720921408,10290981862786
9967739427408,10291034258331
9967757935408,10291082478218
9967776441408,10291127165073
9967794950408,10291170797719
9967813455408,10291211243268
9967831962408,10291256331118
9967850469408,10291300329430
9967868978408,10291343917906
9967887485408,10291396655309
9967905992408,10291446035074
9967924497408,10291495332407
9967943005408,10291538135312
9967961512408,10291583203408
9967980019408,10291628147686
9967998526408,10291685689512
9968017032408,10291738554120
9968035539408,10291791199491
9968054048408,10291842974565
9968072552408,10291892479878
9968091060408,10291943826875
9968109567408,10291992849047
9968128074408,10292041546292
9968146581408,10292087917072
9968165088408,10292146191340
9968183595408,10292197825140
9968202102408,10292248722214
9968220609408,10292308962214
9968239117408,10292360995091
9968257624408,10292412121396
9968276131408,10292460814815
9968294637408,10292514247786
9968313144408,10292567754253
9968331650408,10292620302231
9968350159408,10292672491109
9968368666408,10292723628126
9968387173408,10292779934793
9968405681408,10292840013332
9968424185408,10292892266565
9968442692408,10292940013954
9968461201408,10292985284109
9968479706408,10293031983281
9968498213408,10293082658184
9968516721408,10293130435022
9968535228408,10293177360651
9968553735408,10293226186561
9968572242408,10293277203005
9968590750408,10293328179227
9968609258408,10293379337414
9968627763408,10293427963365
9968646270408,10293476316398
9968664777408,10293527323206
9968683283408,10293581611624
9968701791408,10293641591201
9968720298408,10293694717034
9968738805408,10293745989724
9968757314408,10293797322549
9968775818408,10293851743429
9968794327408,10293904970580
9968812833408,10293956641807
9968831340408,10294008457317
9968849845408,10294057997928
9968868353408,10294104183112
9968886867408,10294156567231
9968905367408,10294205553358
9968923874408,10294255383023
9968942383408,10294305664782
9968960890408,10294363545472
9968979395408,10294419294208
9968997902408,10294474922643
9969016410408,10294530839104
9969034916408,10294581948917
9969053423408,10294623204413
9969071930408,10294672705251
9969090440408,10294724980796
9969108944408,10294771399720
9969127452408,10294818599284
9969145958408,10294874893745
9969164465408,10294926158041
9969182971408,10294978946869
9969201478408,10295031274872
9969219985408,10295080136184
9969238493408,10295136724448
9969257000408,10295187596634
9969275507408,10295239556157
9969294017408,10295293715205
9969312522408,10295348137272
9969331028408,10295397902641
9969349534408,10295451158599
9969368042408,10295502244168
9969386549408,10295551436398
9969405055408,10295598693841
9969423563408,10295646978715
9969442073408,10295694415200
9969460578408,10295747808644
9969479084408,10295802389975
9969497591408,10295861215175
9969516099408,10295916450184
9969534604408,10295965080701
9969553111408,10296008046337
9969571618408,10296051937866
9969590125408,10296093860278
9969608632408,10296137426347
9969627141408,10296191442546
9969645649408,10296237088141
9969664153408,10296283660828
9969682660408,10296326263974
9969701167408,10296370007597
9969719673408,10296411191284
9969738182408,10296451219182
9969756689408,10296491935684
9969775196408,10296533134677
9969793705408,10296575472189
9969812209408,10296616844153
9969830716408,10296659134982
9969849223408,10296703118695
9969867729408,10296753179576
9969886236408,10296799022466
9969904743408,10296841008334
9969923251408,10296885628471
9969941758408,10296932750073
9969960267408,10296979978700
9969978773408,10297029052045
9969997281408,10297081480607
9970015786408,10297134730588
9970034293408,10297196249209
9970052799408,10297252583673
9970071308408,10297313681730
9970089814408,10297368556228
9970108322408,10297424527134
9970126829408,10297477297593
9970145338408,10297531473548
9970163842408,10297585195879
9970182349408,10297636660236
9970200855408,10297692429048
9970219364408,10297742202503
9970237870408,10297794644082
9970256376408,10297846024148
9970274882408,10297899369969
9970293391408,10297949344912
9970311897408,10298001546215
9970330406408,10298053010241
9970348914408,10298104799908
9970367419408,10298155975616
9970385925408,10298202246374
9970404433408,10298249907828
9970422939408,10298295270394
9970441450408,10298344290427
9970459956408,10298393772418
9970478462408,10298441859483
9970496969408,10298492094175
9970515474408,10298545501501
9970533982408,10298598198856
9970552487408,10298653117489
9970570996408,10298704084822
9970589502408,10298751754177
9970608008408,10298799842241
9970626517408,10298847637694
9970645024408,10298893861875
9970663530408,10298941078148
9970682039408,10298989374555
9970700546408,10299036637035
9970719052408,10299085069898
9970737558408,10299133706151
9970756066408,10299179677781
9970774572408,10299231819513
9970793079408,10299277851190
9970811587408,10299322845486
9970830096408,10299369176411
9970848600408,10299422904234
9970867108408,10299473175128
9970885613408,10299523325782
9970904121408,10299578834579
9970922627408,10299628869345
9970941135408,10299687590787
9970959643408,10299743297874
9970978148408,10299798549529
9970996655408,10299833075612
9971015164408,10299937660848
9971033670408,10299985334617
9971052176408,10300051108043
9971070684408,10300100342363
9971089192408,10300147414205
9971107698408,10300190163442
9971126205408,10300230906821
9971144712408,10300271260762
9971163219408,10300309926343
9971181726408,10300353277818
9971200232408,10300396331062
9971218739408,10300442419167
9971237248408,10300487502173
9971255753408,10300533224565
9971274262408,10300589311480
9971292768408,10300642726541
9971311274408,10300694716790
9971329780408,10300749268773
9971348288408,10300805217807
9971366796408,10300863391474
9971385305408,10300919988796
9971403808408,10300976461192
9971422317408,10301033311445
9971440823408,10301089079341
9971459330408,10301147326864
9971477838408,10301202325391
9971496345408,10301254762289
9971514852408,10301308661338
9971533360408,10301364899195
9971551865408,10301420099065
9971570373408,10301481438151
9971588878408,10301549393333
9971607386408,10301616050776
9971625892408,10301679220980
9971644403408,10301728025474
9971662907408,10301776114238
9971681413408,10301822149193
9971699927408,10301870849084
9971718430408,10301920517899
9971736937408,10301971097809
9971755443408,10302016781785
9971773949408,10302067218156
9971792457408,10302115702210
9971810962408,10302166707133
9971829470408,10302220715560
9971847976408,10302273192890
9971866486408,10302320526177
9971884993408,10302367406436
9971903497408,10302416210607
9971922006408,10302464199245
9971940511408,10302513495827
9971959019408,10302569534416
9971977528408,10302618867760
9971996033408,10302665494688
9972014540408,10302712012590
9972033046408,10302758803457
9972051555408,10302808144351
9972070063408,10302854988807
9972088569408,10302901723037
9972107074408,10302947964703
9972125580408,10302994884144
9972144088408,10303046692400
9972162595408,10303096344877
9972181103408,10303144889319
9972199609408,10303192982287
9972218117408,10303239268647
9972236623408,10303288306115
9972255134408,10303342585042
9972273637408,10303389169084
9972292144408,10303435562418
9972310651408,10303493966161
9972329158408,10303547333311
9972347665408,10303610786135
9972366172408,10303663681586
9972384679408,10303711214939
9972403187408,10303758440727
9972421694408,10303805041380
9972440202408,10303853556514
9972458708408,10303904014590
9972477214408,10303950948612
9972495721408,10303994937325
9972514228408,10304046571402
9972532733408,10304097040726
9972551243408,10304144810310
9972569750408,10304193450860
9972588255408,10304240086118
9972606763408,10304289076469
9972625270408,10304336505354
9972643776408,10304386944014
9972662284408,10304444091226
9972680791408,10304495553013
9972699299408,10304550090430
9972717807408,10304603267491
9972736312408,10304654187438
9972754819408,10304703956072
9972773327408,10304754457464
9972791834408,10304805922158
9972810340408,10304856353962
9972828847408,10304905941669
9972847354408,10304956287466
9972865860408,10305010149337
9972884368408,10305059946264
9972902875408,10305107496406
9972921383408,10305161653730
9972939888408,10305213479649
9972958395408,10305263832218
9972976901408,10305315189521
9972995409408,10305366896413
9973013916408,10305425086069
9973032424408,10305479073955
9973050932408,10305523389322
9973069438408,10305571790847
9973087942408,10305620187012
9973106452408,10305670276485
9973124966408,10305724819566
9973143465408,10305778768703
9973161972408,10305828854038
9973180480408,10305882713302
9973198985408,10305934692790
9973217493408,10305988536959
9973236002408,10306037350392
9973254508408,10306083491029
9973273016408,10306127050019
9973291520408,10306168493805
9973310028408,10306213447479
9973328534408,10306267567455
9973347042408,10306313427984
9973365548408,10306357229695
9973384056408,10306404836672
9973402565408,10306452100135
9973421069408,10306498201506
9973439575408,10306547991976
9973458085408,10306595601654
9973476592408,10306652230588
9973495098408,10306700833633
9973513605408,10306749614302
9973532111408,10306794152230
9973550619408,10306842794332
9973569126408,10306894064695
9973587632408,10306939829372
9973606141408,10306986067939
9973624650408,10307037898788
9973643153408,10307082532979
9973661659408,10307129795907
9973680168408,10307173664127
9973698674408,10307227171396
9973717181408,10307272900266
9973735690408,10307325699236
9973754198408,10307370456717
9973772701408,10307415196088
9973791209408,10307453202691
9973809717408,10307491251973
9973828225408,10307529169192
9973846729408,10307573480463
9973865239408,10307615635527
9973883744408,10307669865950
9973902251408,10307715311010
9973920757408,10307766516794
9973939267408,10307810536649
9973957773408,10307852089393
9973976280408,10307898220338
9973994786408,10307944470918
9974013293408,10307990821630
9974031799408,10308041887268
9974050308408,10308086208074
9974068814408,10308122279556
9974087323408,10308167111374
9974105829408,10308218801836
9974124334408,10308271801610
9974142841408,10308320766960
9974161350408,10308368130233
9974179857408,10308414619938
9974198363408,10308464135378
9974216870408,10308517524438
9974235377408,10308566529043
9974253884408,10308614155763
9974272391408,10308664128383
9974290899408,10308715173742
9974309407408,10308770762506
9974327911408,10308823445757
9974346419408,10308881128628
9974364924408,10308936480495
9974383434408,10308988406964
9974401940408,10309039951741
9974420447408,10309089547119
9974438954408,10309148010258
9974457463408,10309206164440
9974475966408,10309257499974
9974494478408,10309310480058
9974512988408,10309362893717
9974531499408,10309422545432
9974550001408,10309480493612
9974568503408,10309532972342
9974587009408,10309583607801
9974605516408,10309634981476
9974624024408,10309684724238
9974642533408,10309746118284
9974661039408,10309800637808
9974679545408,10309850066667
9974698051408,10309901257005
9974716558408,10309954905348
9974735065408,10310012130385
9974753572408,10310070235159
9974772079408,10310128694814
9974790587408,10310185545408
9974809095408,10310241423672
9974827599408,10310295940077
9974846107408,10310348950050
9974864617408,10310401116114
9974883121408,10310452028148
9974901627408,10310508628335
9974920136408,10310562719900
9974938641408,10310616528916
9974957149408,10310668451981
9974975656408,10310724089432
9974994164408,10310780271100
9975012673408,10310833401274
9975031178408,10310890812913
9975049683408,10310953995663
9975068191408,10311010145493
9975086698408,10311062550572
9975105204408,10311112020209
9975123711408,10311172725537
9975142221408,10311227773785
9975160725408,10311281698117
9975179232408,10311335354719
9975197739408,10311389495197
9975216248408,10311441999348
9975234754408,10311506360766
9975253260408,10311563992673
9975271767408,10311619959802
9975290274408,10311671520182
9975308781408,10311722382420
9975327289408,10311778745996
9975345796408,10311838602990
9975364303408,10311895808481
9975382809408,10311949670913
9975401316408,10312002907701
9975419823408,10312054856115
9975438332408,10312107078616
9975456836408,10312160739524
9975475344408,10312213210543
9975493853408,10312266619916
9975512357408,10312322168621
9975530865408,10312372818730
9975549371408,10312432808439
9975567881408,10312494785213
9975586386408,10312551940966
9975604894408,10312605825068
9975623400408,10312658196497
9975641907408,10312708471758
9975660414408,10312762859145
9975678921408,10312816605512
9975697431408,10312871072058
9975715935408,10312922385609
9975734442408,10312976944838
9975752949408,10313031679462
9975771458408,10313083945969
9975789962408,10313139941641
9975808470408,10313197089624
9975826977408,10313250707952
9975845486408,10313305798456
9975863990408,10313356558630
9975882496408,10313408878629
9975901004408,10313457676522
9975919512408,10313509330075
9975938023408,10313568021695
9975956525408,10313621420678
9975975032408,10313669920039
9975993539408,10313721991854
9976012046408,10313777258574
9976030555408,10313831861813
9976049062408,10313886136277
9976067567408,10313939493955
9976086075408,10314002370372
9976104582408,10314060715108
9976123088408,10314113676483
9976141595408,10314174116008
9976160103408,10314224873451
9976178610408,10314276792390
9976197119408,10314325987918
9976215623408,10314380633460
9976234130408,10314433815230
9976252636408,10314490240602
9976271144408,10314544247160
9976289651408,10314597907914
9976308159408,10314651419436
9976326665408,10314701920080
9976345173408,10314751548224
9976363680408,10314805516064
9976382187408,10314862434877
9976400695408,10314920994764
9976419200408,10314983493218
9976437707408,10315039804144
9976456215408,10315088757124
9976474720408,10315138329736
9976493228408,10315187045099
9976511736408,10315235337666
9976530244408,10315283718558
9976548751408,10315330380484
9976567257408,10315377523973
9976585763408,10315424216835
9976604269408,10315472229471
9976622775408,10315518734413
9976641284408,10315565725961
9976659790408,10315618207397
9976678298408,10315666587799
9976696804408,10315715671546
9976715311408,10315761602473
9976733820408,10315807768207
9976752328408,10315854125952
9976770831408,10315909107644
9976789340408,10315956142465
9976807846408,10316003538960
9976826353408,10316050146755
9976844860408,10316095844402
9976863369408,10316144464999
9976881876408,10316191131874
9976900381408,10316239208033
9976918889408,10316285888954
9976937395408,10316331695485
9976955901408,10316377753011
9976974409408,10316421832830
9976992915408,10316470304265
9977011423408,10316523594043
9977029930408,10316573151457
9977048437408,10316619371344
9977066945408,10316664140445
9977085452408,10316715672988
9977103958408,10316771733983
9977122466408,10316820934017
9977140971408,10316867633239
9977159483408,10316926629928
9977177987408,10316981134182
9977196494408,10317029216243
9977215000408,10317073752481
9977233509408,10317118316191
9977252014408,10317161185356
9977270521408,10317211277427
9977289027408,10317262425688
9977307534408,10317309730557
9977326053408,10317357355023
9977344550408,10317407454006
9977363067408,10317453334605
9977381563408,10317501023594
9977400070408,10317550628728
9977418578408,10317602713544
9977437086408,10317649922852
9977455591408,10317692709914
9977474098408,10317735090041
9977492605408,10317784660470
9977511113408,10317838097201
9977529619408,10317887395497
9977548126408,10317930537866
9977566633408,10317976039990
9977585141408,10318027055473
9977603646408,10318081232344
9977622153408,10318126766697
9977640659408,10318170422836
9977659168408,10318215130783
9977677673408,10318258260643
9977696182408,10318304617146
9977714687408,10318351617413
9977733196408,10318399304428
9977751702408,10318447297115
9977770210408,10318495404620
9977788719408,10318541188763
9977807222408,10318596927646
9977825730408,10318644731484
9977844239408,10318692025568
9977862744408,10318742096553
9977881251408,10318794059644
9977899759408,10318841305303
9977918267408,10318891740788
9977936773408,10318939969886
9977955280408,10318989976431
9977973786408,10319042995701
9977992292408,10319097844147
9978010799408,10319154928642
9978029308408,10319205477738
9978047814408,10319257162528
9978066321408,10319309476818
9978084828408,10319360208176
9978103336408,10319407904309
9978121843408,10319455586445
9978140351408,10319504369570
9978158856408,10319558097198
9978177363408,10319612931654
9978195869408,10319666051459
9978214376408,10319706106091
9978232884408,10319792985131
9978251392408,10319842642311
9978269899408,10319903459851
9978288405408,10319954469720
9978306911408,10320013736464
9978325419408,10320066964189
9978343926408,10320111560855
9978362433408,10320155333808
9978380938408,10320206366793
9978399447408,10320252792212
9978417952408,10320303917961
9978436461408,10320355487550
9978454968408,10320400110329
9978473476408,10320442282241
9978491985408,10320488781795
9978510488408,10320534640460
9978528995408,10320583403749
9978547503408,10320630433253
9978566010408,10320675437957
9978584517408,10320720736313
9978603024408,10320766376565
9978621532408,10320810468605
9978640037408,10320854523851
9978658544408,10320893019225
9978677051408,10320936230273
9978695558408,10320978411575
9978714064408,10321020935374
9978732571408,10321068067622
9978751086408,10321118154229
9978769586408,10321169403612
9978788099408,10321228055672
9978806601408,10321282307740
9978825109408,10321335680303
9978862120408,10321385479581
9978880628408,10321434389523
9978899134408,10321481379396
9978917641408,10321533799087
9978936149408,10321581818636
9978954656408,10321632236003
9978973165408,10321679967179
9978991670408,10321726058378
9979010177408,10321772573522
9979028685408,10321817885344
9979047189408,10321865370113
9979065696408,10321917929678
9979121218408,10321996415163
9979139725408,10322049811220
9979158234408,10322099017688
9979176740408,10322150630185
9979195245408,10322212232384
9979213752408,10322264111894
9979232260408,10322325845954
9979250768408,10322379076576
9979269273408,10322431641097
9979287780408,10322478366453
9979306288408,10322529033292
9979324796408,10322577153675
9979343301408,10322624753838
9979361808408,10322685279398
9979380315408,10322737989469
9979398822408,10322788983917
9979417329408,10322840852959
9979435837408,10322901931744
9979454343408,10322952302083
9979472849408,10323014583383
9979491357408,10323068433768
9979509864408,10323117167804
9979528373408,10323166601133
9979546877408,10323223671760
9979565385408,10323277881479
9979583893408,10323332951952
9979602400408,10323387368029
9979620905408,10323438556518
9979639414408,10323494767479
9979657921408,10323548469448
9979676429408,10323600771180
9979694934408,10323655648119
9979713442408,10323706913937
9979731949408,10323757627457
9979750455408,10323808152359
9979768960408,10323856210900
9979787468408,10323905978336
9979805975408,10323958810317
9979824482408,10324020637407
9979842989408,10324075102612
9979861498408,10324127466983
9979880005408,10324178012945
9979898510408,10324233786336
9979917017408,10324285440282
9979935524408,10324329866020
9979954031408,10324375808219
9979972539408,10324418599240
9979991045408,10324458929529
9980009554408,10324502482730
9980028059408,10324545813403
9980046566408,10324591540708
9980065073408,10324632086040
9980083581408,10324686532717
9980102086408,10324731236688
9980120594408,10324776720929
9980139100408,10324827047062
9980157608408,10324879413954
9980176115408,10324930105761
9980194623408,10324981245949
9980213132408,10325027969701
9980231637408,10325076635219
9980250144408,10325131013838
9980268650408,10325176964192
9980287157408,10325228676788
9980305664408,10325275771942
9980324171408,10325324711750
9980342679408,10325377191045
9980361187408,10325429411066
9980379691408,10325481344042
9980398199408,10325531534017
9980416705408,10325576522352
9980435214408,10325625730440
9980453718408,10325673007712
9980472226408,10325723775772
9980490732408,10325779730046
9980509241408,10325829163264
9980527750408,10325884577092
9980546256408,10325931071932
9980564765408,10325974386456
9980583270408,10326017967970
9980601775408,10326076307030
9980620282408,10326120906918
9980638789408,10326162044498
9980657296408,10326207167276
9980675803408,10326260352996
9980694312408,10326309090467
9980712819408,10326356081317
9980731324408,10326406127519
9980749831408,10326457232412
9980768339408,10326504324230
9980786845408,10326549333305
9980805352408,10326593025230
9980823858408,10326638947790
9980842365408,10326681309821
9980860874408,10326725654043
9980879380408,10326766644996
9980897888408,10326807927964
9980916397408,10326851269706
9980934901408,10326899785874
9980953408408,10326949104300
9980971914408,10326998226836
9980990422408,10327041924709
9981008928408,10327083378083
9981027437408,10327134331735
9981045945408,10327184334540
9981064452408,10327233734180
9981082957408,10327289961166
9981101465408,10327343550977
9981119971408,10327390589789
9981138477408,10327434827032
9981156985408,10327490529372
9981175491408,10327547178076
9981193997408,10327599768686
9981212506408,10327647530859
9981231012408,10327694873418
9981249521408,10327744746264
9981268030408,10327797695416
9981286533408,10327853986384
9981305040408,10327904114020
9981323547408,10327955596705
9981342055408,10328006143183
9981360562408,10328063258080
9981379070408,10328119740861
9981397577408,10328170526630
9981416082408,10328222758681
9981434590408,10328272443156
9981453096408,10328319865229
9981471603408,10328366785759
9981490109408,10328413816135
9981508617408,10328456965109
9981527123408,10328501788991
9981545631408,10328561837431
9981564143408,10328614908663
9981582646408,10328661496995
9981601154408,10328709276624
9981619662408,10328760764117
9981638166408,10328811347009
9981656674408,10328861683451
9981675180408,10328910991529
9981693687408,10328960466273
9981712194408,10329010879597
9981730703408,10329065716058
9981749211408,10329118886792
9981767716408,10329171430962
9981786222408,10329226670285
9981804728408,10329283887520
9981823236408,10329341381870
9981841742408,10329400951804
9981860250408,10329455075125
9981878756408,10329508846054
9981897263408,10329569893373
9981915770408,10329627178970
9981934280408,10329676215673
9981952787408,10329728989345
9981971294408,10329779722923
9981989798408,10329827565933
9982008306408,10329879384108
9982026812408,10329929424877
9982045320408,10329978153473
9982063826408,10330026640116
9982082335408,10330072951942
9982100844408,10330123104776
9982119347408,10330171660271
9982137854408,10330217307267
9982156362408,10330259049273
9982174868408,10330299896002
9982193375408,10330346643554
9982211883408,10330400897284
9982230389408,10330456491306
9982248895408,10330503321187
9982267404408,10330560378486
9982304420408,10330603020329
9982322924408,10330643437059
9982341431408,10330683524391
9982359937408,10330725503432
9982378445408,10330769080590
9982396952408,10330811761446
9982415459408,10330854361989
9982433968408,10330900402648
9982452475408,10330951049386
9982470979408,10330993187631
9982489487408,10331037085980
9982507993408,10331088326529
9982526501408,10331142175622
9982545008408,10331190287361
9982563515408,10331243568351
9982582020408,10331293004872
9982600529408,10331337293192
9982619036408,10331384999673
9982637546408,10331433890520
9982656051408,10331479839061
9982674557408,10331526323980
9982693064408,10331574038016
9982711572408,10331621265726
9982730077408,10331670191457
9982748586408,10331719014407
9982767092408,10331766035917
9982785600408,10331816713943
9982804109408,10331869351309
9982822612408,10331919594893
9982841119408,10331970530495
9982859627408,10332022171320
9982878133408,10332073690091
9982896641408,10332122779727
9982915148408,10332171482102
9982933654408,10332218644576
9982952160408,10332267805938
9982970669408,10332316896709
9982989181408,10332367284756
9983007684408,10332416661937
9983026189408,10332476022733
9983044697408,10332530660013
9983063203408,10332581966824
9983081710408,10332633270250
9983100218408,10332678611843
9983118725408,10332727742132
9983137233408,10332788588029
9983155738408,10332847895767
9983174245408,10332903714562
9983192752408,10332954046815
9983211259408,10333004835291
9983229765408,10333065867249
9983248274408,10333119091686
9983266781408,10333172603593
9983285286408,10333228908696
9983303793408,10333282449419
9983322301408,10333344248448
9983340809408,10333419574453
9983359315408,10333495842410
9983377823408,10333572801404
9983396329408,10333649428734
9983414835408,10333724917284
9983433344408,10333803979403
9983451849408,10333891600818
9983470358408,10333966249536
9983488865408,10334040512516
9983507371408,10334117615997
9983525877408,10334198757067
9983544385408,10334271220900
9983562892408,10334346045666
9983581400408,10334420492429
9983599906408,10334492212432
9983618414408,10334563755481
9983636919408,10334637421380
9983655426408,10334712605260
9983673934408,10334785129779
9983692443408,10334861054632
9983710947408,10334937375160
9983729455408,10335014277530
9983747963408,10335095815648
9983766469408,10335175962212
9983784976408,10335254577871
9983803487408,10335336040216
9983821990408,10335418598051
9983840500408,10335505329336
9983859002408,10335570676873
9983877510408,10335620852427
9983896016408,10335671774007
9983914524408,10335728662300
9983933031408,10335782888687
9983951540408,10335835796347
9983970047408,10335887756461
9983988552408,10335936852861
9984007058408,10335987728620
9984025568408,10336034764629
9984044075408,10336082351990
9984062580408,10336150460382
9984081087408,10336201231141
9984099595408,10336250131706
9984155115408,10336330134180
9984173623408,10336380699852
9984192132408,10336431236288
9984210635408,10336481475577
9984229142408,10336532623793
9984247649408,10336586492876
9984266156408,10336633160182
9984284664408,10336677873822
9984303170408,10336725377019
9984321679408,10336774364196
9984340185408,10336826475067
9984358691408,10336882192018
9984377204408,10336934087392
9984395709408,10336983703294
9984414212408,10337036349447
9984432721408,10337105061200
9984451226408,10337160742824
9984469733408,10337213019044
9984488240408,10337269264762
9984506749408,10337319947394
9984525256408,10337374291321
9984543761408,10337426377005
9984562269408,10337477141410
9984580775408,10337529107580
9984599282408,10337578516546
9984617790408,10337632287800
9984636296408,10337684340436
9984654803408,10337738459126
9984673312408,10337791249798
9984691816408,10337844881702
9984710323408,10337897185475
9984728833408,10337948676512
9984747340408,10337997959965
9984765845408,10338045756342
9984784352408,10338098610860
9984802859408,10338153539307
9984821366408,10338206859781
9984839872408,10338258609251
9984858380408,10338311449620
9984876888408,10338363927630
9984895393408,10338418275066
9984913900408,10338470076754
9984932407408,10338519832540
9984950914408,10338568459247
9984969422408,10338627556634
9984987928408,10338681885251
9985006436408,10338732650301
9985024944408,10338784033918
9985043449408,10338847856663
9985061955408,10338902404401
9985080466408,10338956328703
9985098970408,10339013761739
9985117478408,10339063464843
9985135984408,10339112944101
9985154491408,10339164706947
9985172997408,10339216438452
9985191505408,10339269046847
9985210013408,10339324812366
9985228521408,10339388915969
9985247025408,10339445604841
9985265533408,10339501891412
9985284041408,10339554044361
9985302547408,10339609855452
9985321053408,10339664571860
9985339561408,10339720850279
9985358069408,10339777390517
9985376577408,10339835447720
9985395081408,10339889535921
9985413588408,10339946185580
9985432097408,10340000974103
9985450604408,10340055364242
9985469109408,10340106475667
9985487616408,10340162063719
9985506123408,10340219280407
9985524631408,10340274990206
9985543137408,10340332171672
9985561646408,10340387557243
9985580154408,10340442439046
9985598658408,10340498677500
9985617166408,10340550900390
9985635673408,10340604009170
9985654179408,10340656569769
9985672687408,10340713690385
9985691193408,10340768659660
9985709702408,10340825061525
9985728209408,10340882878397
9985746714408,10340938136249
9985765220408,10340997243001
9985783732408,10341054624391
9985802237408,10341110204374
9985820742408,10341164679169
9985839249408,10341219907068
9985857756408,10341274893934
9985876263408,10341328659934
9985894771408,10341383300324
9985913279408,10341441125229
9985931787408,10341497323826
9985950292408,10341557583018
9985968800408,10341610757858
9985987305408,10341670461718
9986005812408,10341724136933
9986024319408,10341777939863
9986042827408,10341838723543
9986061336408,10341893535839
9986079839408,10341944707154
9986098347408,10341994230061
9986116854408,10342056641444
9986135363408,10342109361236
9986153868408,10342160747942
9986172375408,10342209057938
9986190881408,10342259358124
9986209389408,10342309625049
9986227897408,10342360247235
9986246404408,10342408430426
9986264911408,10342460160130
9986283418408,10342509487828
9986301924408,10342560938276
9986320430408,10342610072201
9986338937408,10342664046443
9986357444408,10342715488300
9986375951408,10342763277676
9986394460408,10342815849356
9986412967408,10342867670084
9986431472408,10342920228760
9986449980408,10342967889716
9986468486408,10343018314727
9986486992408,10343071153790
9986505501408,10343123194802
9986524007408,10343176694598
9986542514408,10343230168188
9986561021408,10343283128248
9986579529408,10343336245857
9986598037408,10343388205146
9986616546408,10343436042271
9986635050408,10343484905923
9986653556408,10343536401155
9986672063408,10343587293907
9986690570408,10343646736450
9986709076408,10343700349571
9986727584408,10343757036108
9986746093408,10343820152017
9986764600408,10343872762287
9986783105408,10343926869123
9986801611408,10343976042896
9986820117408,10344026922818
9986838625408,10344074792388
9986857133408,10344127115521
9986875640408,10344187937082
9986894147408,10344244021729
9986912654408,10344302225547
9986931161408,10344355793357
9986949669408,10344409807942
9986968177408,10344458531024
9986986681408,10344509204450
9987005188408,10344563369880
9987023695408,10344618813464
9987042202408,10344672959069
9987060709408,10344725374266
9987079217408,10344779790866
9987097726408,10344833391446
9987116234408,10344886077950
9987134738408,10344937499979
9987153244408,10344990873721
9987171751408,10345043782348
9987190264408,10345096232417
9987208765408,10345149148318
9987227272408,10345203573280
9987245780408,10345255210656
9987264286408,10345308503135
9987282795408,10345358703131
9987301302408,10345408215139
9987319810408,10345458636882
9987338314408,10345506564892
9987356821408,10345553765559
9987375328408,10345604451095
9987393835408,10345654976598
9987412343408,10345707652352
9987430851408,10345758393956
9987449358408,10345812442194
9987467866408,10345866762555
9987486370408,10345917215531
9987504876408,10345970627690
9987523384408,10346023042053
9987541891408,10346074523859
9987560398408,10346127321938
9987578905408,10346181172067
9987597413408,10346234455592
9987615919408,10346283028434
9987634428408,10346332250431
9987652934408,10346391632938
9987671442408,10346451334307
9987689948408,10346505404682
9987708455408,10346555871135
9987726960408,10346606577272
9987745468408,10346656097843
9987763975408,10346719391519
9987782484408,10346775900456
9987800991408,10346829736546
9987819496408,10346884200112
9987838003408,10346947212608
9987856511408,10347003982657
9987875017408,10347058018680
9987893524408,10347112934622
9987912031408,10347167245662
9987930538408,10347221515774
9987949046408,10347278866825
9987967552408,10347335390513
9987986059408,10347388955569
9988004568408,10347441876922
9988023072408,10347494739550
9988041580408,10347556280506
9988060087408,10347610815148
9988078595408,10347666555416
9988097100408,10347716799460
9988115609408,10347772308841
9988134116408,10347828224489
9988152624408,10347883814488
9988171129408,10347946756879
9988189636408,10348006141015
9988208142408,10348063061399
9988226649408,10348117303368
9988245156408,10348171283678
9988263663408,10348223374260
9988282172408,10348275343480
9988300678408,10348330908266
9988319184408,10348384331736
9988337692408,10348433179678
9988356200408,10348488828646
9988374707408,10348541790677
9988393211408,10348595319459
9988411720408,10348648499426
9988430226408,10348712996091
9988448734408,10348767026953
9988467242408,10348824092251
9988485749408,10348883288143
9988504257408,10348933531541
9988522761408,10348988548294
9988541268408,10349045689714
9988559775408,10349097877140
9988578281408,10349151992159
9988596790408,10349206495947
9988615300408,10349263634073
9988633805408,10349321242004
9988652309408,10349375585133
9988670818408,10349429492252
9988689325408,10349480307871
9988707834408,10349535395296
9988726337408,10349588087719
9988744845408,10349639386836
9988763352408,10349692140811
9988781858408,10349744283135
9988800366408,10349797496888
9988818873408,10349843575886
9988837381408,10349898092396
9988855889408,10349951319917
9988874394408,10350004949017
9988892900408,10350059190989
9988911407408,10350111583910
9988929913408,10350161888277
9988948421408,10350212501556
9988966928408,10350264456531
9988985435408,10350315819796
9989003942408,10350370645013
9989022451408,10350425369240
9989040958408,10350480936928
9989059466408,10350535125859
9989077970408,10350589254359
9989096477408,10350640183240
9989114984408,10350691690693
9989133491408,10350742349134
9989151997408,10350798085270
9989170506408,10350859575072
9989189013408,10350914031487
9989207519408,10350965897734
