W20250111 19:39:07.930408 1694375 ImuError.cpp:650] gyr saturation
W20250111 19:39:07.930416 1694375 ImuError.cpp:650] gyr saturation
W20250111 19:39:07.930423 1694375 ImuError.cpp:650] gyr saturation
W20250111 19:39:07.930429 1694375 ImuError.cpp:650] gyr saturation
W20250111 19:39:07.930433 1694375 ImuError.cpp:650] gyr saturation
W20250111 19:39:07.930439 1694375 ImuError.cpp:650] gyr saturation
W20250111 19:39:07.930444 1694375 ImuError.cpp:650] gyr saturation
W20250111 19:39:07.930449 1694375 ImuError.cpp:650] gyr saturation
W20250111 19:39:07.930454 1694375 ImuError.cpp:650] gyr saturation
W20250111 19:39:07.930459 1694375 ImuError.cpp:650] gyr saturation
W20250111 19:39:07.930464 1694375 ImuError.cpp:650] gyr saturation
W20250111 19:39:07.960232 1694375 ImuError.cpp:650] gyr saturation
W20250111 19:39:07.960269 1694375 ImuError.cpp:650] gyr saturation
W20250111 19:39:07.960274 1694375 ImuError.cpp:650] gyr saturation
W20250111 19:39:07.960278 1694375 ImuError.cpp:650] gyr saturation
W20250111 19:39:07.960282 1694375 ImuError.cpp:650] gyr saturation
W20250111 19:39:07.960286 1694375 ImuError.cpp:650] gyr saturation
W20250111 19:39:07.960292 1694375 ImuError.cpp:650] gyr saturation
W20250111 19:39:07.960297 1694375 ImuError.cpp:650] gyr saturation
W20250111 19:39:07.960300 1694375 ImuError.cpp:650] gyr saturation
W20250111 19:39:07.960305 1694375 ImuError.cpp:650] gyr saturation
W20250111 19:39:07.960316 1694375 ImuError.cpp:650] gyr saturation
W20250111 19:39:07.960320 1694375 ImuError.cpp:650] gyr saturation
W20250111 19:39:07.960325 1694375 ImuError.cpp:650] gyr saturation
W20250111 19:39:07.960328 1694375 ImuError.cpp:650] gyr saturation
W20250111 19:39:07.960332 1694375 ImuError.cpp:650] gyr saturation
W20250111 19:39:07.960336 1694375 ImuError.cpp:650] gyr saturation
W20250111 19:39:07.960340 1694375 ImuError.cpp:650] gyr saturation
W20250111 19:39:07.960345 1694375 ImuError.cpp:650] gyr saturation
W20250111 19:39:07.960348 1694375 ImuError.cpp:650] gyr saturation
W20250111 19:39:07.960352 1694375 ImuError.cpp:650] gyr saturation
W20250111 19:39:07.960359 1694375 ImuError.cpp:650] gyr saturation
W20250111 19:39:07.960363 1694375 ImuError.cpp:650] gyr saturation
W20250111 19:39:07.960367 1694375 ImuError.cpp:650] gyr saturation
W20250111 19:39:07.960372 1694375 ImuError.cpp:650] gyr saturation
W20250111 19:39:07.960376 1694375 ImuError.cpp:650] gyr saturation
W20250111 19:39:07.960379 1694375 ImuError.cpp:650] gyr saturation
W20250111 19:39:07.960383 1694375 ImuError.cpp:650] gyr saturation
W20250111 19:39:07.960387 1694375 ImuError.cpp:650] gyr saturation
W20250111 19:39:07.960391 1694375 ImuError.cpp:650] gyr saturation
W20250111 19:39:07.960395 1694375 ImuError.cpp:650] gyr saturation
W20250111 19:39:07.960404 1694375 ImuError.cpp:650] gyr saturation
W20250111 19:39:07.960408 1694375 ImuError.cpp:650] gyr saturation
W20250111 19:39:07.960412 1694375 ImuError.cpp:650] gyr saturation
W20250111 19:39:07.960417 1694375 ImuError.cpp:650] gyr saturation
W20250111 19:39:07.960515 1694375 ImuError.cpp:650] gyr saturation
W20250111 19:39:07.960520 1694375 ImuError.cpp:650] gyr saturation
W20250111 19:39:07.960525 1694375 ImuError.cpp:650] gyr saturation
W20250111 19:39:07.960528 1694375 ImuError.cpp:650] gyr saturation
W20250111 19:39:07.960531 1694375 ImuError.cpp:650] gyr saturation
W20250111 19:39:07.960536 1694375 ImuError.cpp:650] gyr saturation
W20250111 19:39:07.960539 1694375 ImuError.cpp:650] gyr saturation
W20250111 19:39:07.960542 1694375 ImuError.cpp:650] gyr saturation
W20250111 19:39:07.960546 1694375 ImuError.cpp:650] gyr saturation
W20250111 19:39:07.960551 1694375 ImuError.cpp:650] gyr saturation
W20250111 19:39:07.960553 1694375 ImuError.cpp:650] gyr saturation
W20250111 19:39:07.960558 1694375 ImuError.cpp:650] gyr saturation
W20250111 19:39:07.960561 1694375 ImuError.cpp:650] gyr saturation
W20250111 19:39:07.960565 1694375 ImuError.cpp:650] gyr saturation
W20250111 19:39:07.960569 1694375 ImuError.cpp:650] gyr saturation
W20250111 19:39:07.960573 1694375 ImuError.cpp:650] gyr saturation
W20250111 19:39:07.960577 1694375 ImuError.cpp:650] gyr saturation
W20250111 19:39:07.960587 1694375 ImuError.cpp:650] gyr saturation
W20250111 19:39:07.960590 1694375 ImuError.cpp:650] gyr saturation
W20250111 19:39:07.960594 1694375 ImuError.cpp:650] gyr saturation
W20250111 19:39:07.960597 1694375 ImuError.cpp:650] gyr saturation
W20250111 19:39:07.960601 1694375 ImuError.cpp:650] gyr saturation
W20250111 19:39:07.960604 1694375 ImuError.cpp:650] gyr saturation
W20250111 19:39:07.960608 1694375 ImuError.cpp:650] gyr saturation
W20250111 19:39:07.960611 1694375 ImuError.cpp:650] gyr saturation
W20250111 19:39:07.960614 1694375 ImuError.cpp:650] gyr saturation
W20250111 19:39:07.960618 1694375 ImuError.cpp:650] gyr saturation
W20250111 19:39:07.960621 1694375 ImuError.cpp:650] gyr saturation
W20250111 19:39:07.960625 1694375 ImuError.cpp:650] gyr saturation
W20250111 19:39:07.960628 1694375 ImuError.cpp:650] gyr saturation
W20250111 19:39:07.960636 1694375 ImuError.cpp:650] gyr saturation
W20250111 19:39:07.960639 1694375 ImuError.cpp:650] gyr saturation
W20250111 19:39:07.960642 1694375 ImuError.cpp:650] gyr saturation
W20250111 19:39:07.960646 1694375 ImuError.cpp:650] gyr saturation
W20250111 19:39:07.962193 1694375 ImuError.cpp:368] gyr saturation
W20250111 19:39:07.962218 1694375 ImuError.cpp:368] gyr saturation
W20250111 19:39:07.962225 1694375 ImuError.cpp:368] gyr saturation
W20250111 19:39:07.962239 1694375 ImuError.cpp:368] gyr saturation
W20250111 19:39:07.962253 1694375 ImuError.cpp:368] gyr saturation
W20250111 19:39:07.962261 1694375 ImuError.cpp:368] gyr saturation
W20250111 19:39:07.962270 1694375 ImuError.cpp:368] gyr saturation
W20250111 19:39:07.962277 1694375 ImuError.cpp:368] gyr saturation
W20250111 19:39:07.962285 1694375 ImuError.cpp:368] gyr saturation
W20250111 19:39:07.962293 1694375 ImuError.cpp:368] gyr saturation
W20250111 19:39:07.962301 1694375 ImuError.cpp:368] gyr saturation
W20250111 19:39:07.962312 1694375 ImuError.cpp:368] gyr saturation
W20250111 19:39:07.962320 1694375 ImuError.cpp:368] gyr saturation
W20250111 19:39:07.962328 1694375 ImuError.cpp:368] gyr saturation
W20250111 19:39:07.962337 1694375 ImuError.cpp:368] gyr saturation
W20250111 19:39:07.962345 1694375 ImuError.cpp:368] gyr saturation
W20250111 19:39:07.962353 1694375 ImuError.cpp:368] gyr saturation
W20250111 19:39:07.962361 1694375 ImuError.cpp:368] gyr saturation
W20250111 19:39:07.962369 1694375 ImuError.cpp:368] gyr saturation
W20250111 19:39:07.962378 1694375 ImuError.cpp:368] gyr saturation
W20250111 19:39:07.962386 1694375 ImuError.cpp:368] gyr saturation
W20250111 19:39:07.962394 1694375 ImuError.cpp:368] gyr saturation
W20250111 19:39:07.962402 1694375 ImuError.cpp:368] gyr saturation
W20250111 19:39:07.962414 1694375 ImuError.cpp:368] gyr saturation
W20250111 19:39:07.962421 1694375 ImuError.cpp:368] gyr saturation
W20250111 19:39:07.962430 1694375 ImuError.cpp:368] gyr saturation
W20250111 19:39:07.962437 1694375 ImuError.cpp:368] gyr saturation
W20250111 19:39:07.962445 1694375 ImuError.cpp:368] gyr saturation
W20250111 19:39:07.962453 1694375 ImuError.cpp:368] gyr saturation
W20250111 19:39:07.962461 1694375 ImuError.cpp:368] gyr saturation
W20250111 19:39:07.962469 1694375 ImuError.cpp:368] gyr saturation
W20250111 19:39:07.962477 1694375 ImuError.cpp:368] gyr saturation
W20250111 19:39:07.962486 1694375 ImuError.cpp:368] gyr saturation
W20250111 19:39:07.962493 1694375 ImuError.cpp:368] gyr saturation
W20250111 19:39:07.963999 1694375 Frontend.cpp:612] 3d2d tracking weak: quality=0. Number of 3d2d-matches: 4
W20250111 19:39:07.965667 1694375 ImuError.cpp:650] gyr saturation
W20250111 19:39:07.965680 1694375 ImuError.cpp:650] gyr saturation
W20250111 19:39:07.965684 1694375 ImuError.cpp:650] gyr saturation
W20250111 19:39:07.965688 1694375 ImuError.cpp:650] gyr saturation
W20250111 19:39:07.965692 1694375 ImuError.cpp:650] gyr saturation
W20250111 19:39:07.965698 1694375 ImuError.cpp:650] gyr saturation
W20250111 19:39:07.965704 1694375 ImuError.cpp:650] gyr saturation
W20250111 19:39:07.965708 1694375 ImuError.cpp:650] gyr saturation
W20250111 19:39:07.965713 1694375 ImuError.cpp:650] gyr saturation
W20250111 19:39:07.965723 1694375 ImuError.cpp:650] gyr saturation
W20250111 19:39:07.965727 1694375 ImuError.cpp:650] gyr saturation
W20250111 19:39:07.965734 1694375 ImuError.cpp:650] gyr saturation
W20250111 19:39:07.965740 1694375 ImuError.cpp:650] gyr saturation
W20250111 19:39:07.965744 1694375 ImuError.cpp:650] gyr saturation
W20250111 19:39:07.965747 1694375 ImuError.cpp:650] gyr saturation
W20250111 19:39:07.965751 1694375 ImuError.cpp:650] gyr saturation
W20250111 19:39:07.965755 1694375 ImuError.cpp:650] gyr saturation
W20250111 19:39:07.965761 1694375 ImuError.cpp:650] gyr saturation
W20250111 19:39:07.965765 1694375 ImuError.cpp:650] gyr saturation
W20250111 19:39:07.965770 1694375 ImuError.cpp:650] gyr saturation
W20250111 19:39:07.965775 1694375 ImuError.cpp:650] gyr saturation
W20250111 19:39:07.965778 1694375 ImuError.cpp:650] gyr saturation
W20250111 19:39:07.965782 1694375 ImuError.cpp:650] gyr saturation
W20250111 19:39:07.965788 1694375 ImuError.cpp:650] gyr saturation
W20250111 19:39:07.965791 1694375 ImuError.cpp:650] gyr saturation
W20250111 19:39:07.965795 1694375 ImuError.cpp:650] gyr saturation
W20250111 19:39:07.965801 1694375 ImuError.cpp:650] gyr saturation
W20250111 19:39:07.965806 1694375 ImuError.cpp:650] gyr saturation
W20250111 19:39:07.965809 1694375 ImuError.cpp:650] gyr saturation
W20250111 19:39:07.965813 1694375 ImuError.cpp:650] gyr saturation
W20250111 19:39:07.965817 1694375 ImuError.cpp:650] gyr saturation
W20250111 19:39:07.965821 1694375 ImuError.cpp:650] gyr saturation
W20250111 19:39:07.965826 1694375 ImuError.cpp:650] gyr saturation
W20250111 19:39:07.965830 1694375 ImuError.cpp:650] gyr saturation
W20250111 19:39:07.965835 1694375 ImuError.cpp:650] gyr saturation
W20250111 19:39:07.965838 1694375 ImuError.cpp:650] gyr saturation
W20250111 19:39:07.965843 1694375 ImuError.cpp:650] gyr saturation
W20250111 19:39:07.965849 1694375 ImuError.cpp:650] gyr saturation
W20250111 19:39:07.965854 1694375 ImuError.cpp:650] gyr saturation
W20250111 19:39:07.965857 1694375 ImuError.cpp:650] gyr saturation
W20250111 19:39:07.965860 1694375 ImuError.cpp:650] gyr saturation
W20250111 19:39:07.965864 1694375 ImuError.cpp:650] gyr saturation
W20250111 19:39:07.965868 1694375 ImuError.cpp:650] gyr saturation
W20250111 19:39:07.965873 1694375 ImuError.cpp:650] gyr saturation
W20250111 19:39:07.965878 1694375 ImuError.cpp:650] gyr saturation
W20250111 19:39:07.965883 1694375 ImuError.cpp:650] gyr saturation
W20250111 19:39:07.965886 1694375 ImuError.cpp:650] gyr saturation
W20250111 19:39:07.965890 1694375 ImuError.cpp:650] gyr saturation
W20250111 19:39:07.965894 1694375 ImuError.cpp:650] gyr saturation
W20250111 19:39:07.965898 1694375 ImuError.cpp:650] gyr saturation
W20250111 19:39:07.965902 1694375 ImuError.cpp:650] gyr saturation
W20250111 19:39:07.965909 1694375 ImuError.cpp:650] gyr saturation
W20250111 19:39:07.965914 1694375 ImuError.cpp:650] gyr saturation
W20250111 19:39:07.965917 1694375 ImuError.cpp:650] gyr saturation
W20250111 19:39:07.965922 1694375 ImuError.cpp:650] gyr saturation
W20250111 19:39:07.965926 1694375 ImuError.cpp:650] gyr saturation
W20250111 19:39:07.965929 1694375 ImuError.cpp:650] gyr saturation
W20250111 19:39:07.965935 1694375 ImuError.cpp:650] gyr saturation
W20250111 19:39:07.965939 1694375 ImuError.cpp:650] gyr saturation
W20250111 19:39:07.965943 1694375 ImuError.cpp:650] gyr saturation
W20250111 19:39:07.965947 1694375 ImuError.cpp:650] gyr saturation
W20250111 19:39:07.965950 1694375 ImuError.cpp:650] gyr saturation
W20250111 19:39:07.965955 1694375 ImuError.cpp:650] gyr saturation
W20250111 19:39:07.965960 1694375 ImuError.cpp:650] gyr saturation
W20250111 19:39:07.965963 1694375 ImuError.cpp:650] gyr saturation
W20250111 19:39:07.965967 1694375 ImuError.cpp:650] gyr saturation
W20250111 19:39:07.965971 1694375 ImuError.cpp:650] gyr saturation
W20250111 19:39:07.996701 1891928 ViSlamBackend.cpp:466] TRACKING FAILURE: quality=0
W20250111 19:39:07.998338 1694375 ImuError.cpp:650] gyr saturation
W20250111 19:39:07.998373 1694375 ImuError.cpp:650] gyr saturation
W20250111 19:39:07.998386 1694375 ImuError.cpp:650] gyr saturation
W20250111 19:39:07.998395 1694375 ImuError.cpp:650] gyr saturation
W20250111 19:39:07.998399 1694375 ImuError.cpp:650] gyr saturation
W20250111 19:39:07.998405 1694375 ImuError.cpp:650] gyr saturation
W20250111 19:39:07.998409 1694375 ImuError.cpp:650] gyr saturation
W20250111 19:39:07.998414 1694375 ImuError.cpp:650] gyr saturation
W20250111 19:39:07.998416 1694375 ImuError.cpp:650] gyr saturation
W20250111 19:39:07.998421 1694375 ImuError.cpp:650] gyr saturation
W20250111 19:39:07.998425 1694375 ImuError.cpp:650] gyr saturation
W20250111 19:39:07.998430 1694375 ImuError.cpp:650] gyr saturation
W20250111 19:39:07.998432 1694375 ImuError.cpp:650] gyr saturation
W20250111 19:39:07.998436 1694375 ImuError.cpp:650] gyr saturation
W20250111 19:39:07.998440 1694375 ImuError.cpp:650] gyr saturation
W20250111 19:39:07.998445 1694375 ImuError.cpp:650] gyr saturation
W20250111 19:39:07.998448 1694375 ImuError.cpp:650] gyr saturation
W20250111 19:39:07.998452 1694375 ImuError.cpp:650] gyr saturation
W20250111 19:39:07.998456 1694375 ImuError.cpp:650] gyr saturation
W20250111 19:39:07.998461 1694375 ImuError.cpp:650] gyr saturation
W20250111 19:39:07.998466 1694375 ImuError.cpp:650] gyr saturation
W20250111 19:39:07.998469 1694375 ImuError.cpp:650] gyr saturation
W20250111 19:39:07.998473 1694375 ImuError.cpp:650] gyr saturation
W20250111 19:39:07.998478 1694375 ImuError.cpp:650] gyr saturation
W20250111 19:39:07.998483 1694375 ImuError.cpp:650] gyr saturation
W20250111 19:39:07.998487 1694375 ImuError.cpp:650] gyr saturation
W20250111 19:39:07.998490 1694375 ImuError.cpp:650] gyr saturation
W20250111 19:39:07.998495 1694375 ImuError.cpp:650] gyr saturation
W20250111 19:39:07.998499 1694375 ImuError.cpp:650] gyr saturation
W20250111 19:39:07.998505 1694375 ImuError.cpp:650] gyr saturation
W20250111 19:39:07.998509 1694375 ImuError.cpp:650] gyr saturation
W20250111 19:39:07.998513 1694375 ImuError.cpp:650] gyr saturation
W20250111 19:39:07.998518 1694375 ImuError.cpp:650] gyr saturation
W20250111 19:39:07.998522 1694375 ImuError.cpp:650] gyr saturation
W20250111 19:39:07.998625 1694375 ImuError.cpp:650] gyr saturation
W20250111 19:39:07.998636 1694375 ImuError.cpp:650] gyr saturation
W20250111 19:39:07.998639 1694375 ImuError.cpp:650] gyr saturation
W20250111 19:39:07.998642 1694375 ImuError.cpp:650] gyr saturation
W20250111 19:39:07.998646 1694375 ImuError.cpp:650] gyr saturation
W20250111 19:39:07.998648 1694375 ImuError.cpp:650] gyr saturation
W20250111 19:39:07.998651 1694375 ImuError.cpp:650] gyr saturation
W20250111 19:39:07.998656 1694375 ImuError.cpp:650] gyr saturation
W20250111 19:39:07.998658 1694375 ImuError.cpp:650] gyr saturation
W20250111 19:39:07.998661 1694375 ImuError.cpp:650] gyr saturation
W20250111 19:39:07.998664 1694375 ImuError.cpp:650] gyr saturation
W20250111 19:39:07.998668 1694375 ImuError.cpp:650] gyr saturation
W20250111 19:39:07.998672 1694375 ImuError.cpp:650] gyr saturation
W20250111 19:39:07.998674 1694375 ImuError.cpp:650] gyr saturation
W20250111 19:39:07.998677 1694375 ImuError.cpp:650] gyr saturation
W20250111 19:39:07.998680 1694375 ImuError.cpp:650] gyr saturation
W20250111 19:39:07.998684 1694375 ImuError.cpp:650] gyr saturation
W20250111 19:39:07.998688 1694375 ImuError.cpp:650] gyr saturation
W20250111 19:39:07.998693 1694375 ImuError.cpp:650] gyr saturation
W20250111 19:39:07.998697 1694375 ImuError.cpp:650] gyr saturation
W20250111 19:39:07.998703 1694375 ImuError.cpp:650] gyr saturation
W20250111 19:39:07.998708 1694375 ImuError.cpp:650] gyr saturation
W20250111 19:39:07.998711 1694375 ImuError.cpp:650] gyr saturation
W20250111 19:39:07.998715 1694375 ImuError.cpp:650] gyr saturation
W20250111 19:39:07.998719 1694375 ImuError.cpp:650] gyr saturation
W20250111 19:39:07.998725 1694375 ImuError.cpp:650] gyr saturation
W20250111 19:39:07.998730 1694375 ImuError.cpp:650] gyr saturation
W20250111 19:39:07.998734 1694375 ImuError.cpp:650] gyr saturation
W20250111 19:39:07.998739 1694375 ImuError.cpp:650] gyr saturation
W20250111 19:39:07.998746 1694375 ImuError.cpp:650] gyr saturation
W20250111 19:39:07.998750 1694375 ImuError.cpp:650] gyr saturation
W20250111 19:39:07.998756 1694375 ImuError.cpp:650] gyr saturation
W20250111 19:39:07.998762 1694375 ImuError.cpp:650] gyr saturation
W20250111 19:39:07.998766 1694375 ImuError.cpp:650] gyr saturation
W20250111 19:39:07.999508 1694375 Frontend.cpp:615] 3d2d tracking lost. Number of 3d2d-matches: 0
W20250111 19:39:08.001351 1694375 ImuError.cpp:650] gyr saturation
W20250111 19:39:08.001364 1694375 ImuError.cpp:650] gyr saturation
W20250111 19:39:08.001367 1694375 ImuError.cpp:650] gyr saturation
W20250111 19:39:08.001370 1694375 ImuError.cpp:650] gyr saturation
W20250111 19:39:08.001374 1694375 ImuError.cpp:650] gyr saturation
W20250111 19:39:08.001376 1694375 ImuError.cpp:650] gyr saturation
W20250111 19:39:08.001379 1694375 ImuError.cpp:650] gyr saturation
W20250111 19:39:08.001384 1694375 ImuError.cpp:650] gyr saturation
W20250111 19:39:08.001386 1694375 ImuError.cpp:650] gyr saturation
W20250111 19:39:08.001390 1694375 ImuError.cpp:650] gyr saturation
W20250111 19:39:08.001394 1694375 ImuError.cpp:650] gyr saturation
W20250111 19:39:08.001396 1694375 ImuError.cpp:650] gyr saturation
W20250111 19:39:08.001400 1694375 ImuError.cpp:650] gyr saturation
W20250111 19:39:08.001403 1694375 ImuError.cpp:650] gyr saturation
W20250111 19:39:08.001408 1694375 ImuError.cpp:650] gyr saturation
W20250111 19:39:08.001411 1694375 ImuError.cpp:650] gyr saturation
W20250111 19:39:08.001415 1694375 ImuError.cpp:650] gyr saturation
W20250111 19:39:08.001423 1694375 ImuError.cpp:650] gyr saturation
W20250111 19:39:08.001427 1694375 ImuError.cpp:650] gyr saturation
W20250111 19:39:08.001430 1694375 ImuError.cpp:650] gyr saturation
W20250111 19:39:08.001434 1694375 ImuError.cpp:650] gyr saturation
W20250111 19:39:08.001437 1694375 ImuError.cpp:650] gyr saturation
W20250111 19:39:08.001441 1694375 ImuError.cpp:650] gyr saturation
W20250111 19:39:08.001444 1694375 ImuError.cpp:650] gyr saturation
W20250111 19:39:08.001448 1694375 ImuError.cpp:650] gyr saturation
W20250111 19:39:08.001452 1694375 ImuError.cpp:650] gyr saturation
W20250111 19:39:08.001456 1694375 ImuError.cpp:650] gyr saturation
W20250111 19:39:08.001461 1694375 ImuError.cpp:650] gyr saturation
W20250111 19:39:08.001463 1694375 ImuError.cpp:650] gyr saturation
W20250111 19:39:08.001467 1694375 ImuError.cpp:650] gyr saturation
W20250111 19:39:08.001471 1694375 ImuError.cpp:650] gyr saturation
W20250111 19:39:08.001475 1694375 ImuError.cpp:650] gyr saturation
W20250111 19:39:08.001478 1694375 ImuError.cpp:650] gyr saturation
W20250111 19:39:08.001484 1694375 ImuError.cpp:650] gyr saturation
W20250111 19:39:08.001488 1694375 ImuError.cpp:650] gyr saturation
W20250111 19:39:08.001492 1694375 ImuError.cpp:650] gyr saturation
W20250111 19:39:08.001495 1694375 ImuError.cpp:650] gyr saturation
W20250111 19:39:08.001499 1694375 ImuError.cpp:650] gyr saturation
W20250111 19:39:08.001503 1694375 ImuError.cpp:650] gyr saturation
W20250111 19:39:08.001506 1694375 ImuError.cpp:650] gyr saturation
W20250111 19:39:08.001510 1694375 ImuError.cpp:650] gyr saturation
W20250111 19:39:08.001513 1694375 ImuError.cpp:650] gyr saturation
W20250111 19:39:08.001518 1694375 ImuError.cpp:650] gyr saturation
W20250111 19:39:08.001520 1694375 ImuError.cpp:650] gyr saturation
W20250111 19:39:08.001524 1694375 ImuError.cpp:650] gyr saturation
W20250111 19:39:08.001528 1694375 ImuError.cpp:650] gyr saturation
W20250111 19:39:08.001533 1694375 ImuError.cpp:650] gyr saturation
W20250111 19:39:08.001536 1694375 ImuError.cpp:650] gyr saturation
W20250111 19:39:08.001539 1694375 ImuError.cpp:650] gyr saturation
W20250111 19:39:08.001543 1694375 ImuError.cpp:650] gyr saturation
W20250111 19:39:08.001547 1694375 ImuError.cpp:650] gyr saturation
W20250111 19:39:08.001550 1694375 ImuError.cpp:650] gyr saturation
W20250111 19:39:08.001554 1694375 ImuError.cpp:650] gyr saturation
W20250111 19:39:08.001557 1694375 ImuError.cpp:650] gyr saturation
W20250111 19:39:08.001561 1694375 ImuError.cpp:650] gyr saturation
W20250111 19:39:08.001567 1694375 ImuError.cpp:650] gyr saturation
W20250111 19:39:08.001571 1694375 ImuError.cpp:650] gyr saturation
W20250111 19:39:08.001574 1694375 ImuError.cpp:650] gyr saturation
W20250111 19:39:08.001578 1694375 ImuError.cpp:650] gyr saturation
W20250111 19:39:08.001582 1694375 ImuError.cpp:650] gyr saturation
W20250111 19:39:08.001586 1694375 ImuError.cpp:650] gyr saturation
W20250111 19:39:08.001590 1694375 ImuError.cpp:650] gyr saturation
W20250111 19:39:08.001593 1694375 ImuError.cpp:650] gyr saturation
W20250111 19:39:08.001596 1694375 ImuError.cpp:650] gyr saturation
W20250111 19:39:08.001600 1694375 ImuError.cpp:650] gyr saturation
W20250111 19:39:08.001603 1694375 ImuError.cpp:650] gyr saturation
W20250111 19:39:08.001607 1694375 ImuError.cpp:650] gyr saturation
W20250111 19:39:08.001611 1694375 ImuError.cpp:650] gyr saturation
W20250111 19:39:08.003856 1694387 ImuError.cpp:368] gyr saturation
W20250111 19:39:08.003933 1694387 ImuError.cpp:368] gyr saturation
W20250111 19:39:08.003952 1694387 ImuError.cpp:368] gyr saturation
W20250111 19:39:08.003970 1694387 ImuError.cpp:368] gyr saturation
W20250111 19:39:08.003985 1694387 ImuError.cpp:368] gyr saturation
W20250111 19:39:08.003996 1694387 ImuError.cpp:368] gyr saturation
W20250111 19:39:08.004009 1694387 ImuError.cpp:368] gyr saturation
W20250111 19:39:08.004020 1694387 ImuError.cpp:368] gyr saturation
W20250111 19:39:08.004032 1694387 ImuError.cpp:368] gyr saturation
W20250111 19:39:08.004045 1694387 ImuError.cpp:368] gyr saturation
W20250111 19:39:08.004055 1694387 ImuError.cpp:368] gyr saturation
W20250111 19:39:08.004067 1694387 ImuError.cpp:368] gyr saturation
W20250111 19:39:08.004078 1694387 ImuError.cpp:368] gyr saturation
W20250111 19:39:08.004089 1694387 ImuError.cpp:368] gyr saturation
W20250111 19:39:08.004101 1694387 ImuError.cpp:368] gyr saturation
W20250111 19:39:08.004112 1694387 ImuError.cpp:368] gyr saturation
W20250111 19:39:08.004123 1694387 ImuError.cpp:368] gyr saturation
W20250111 19:39:08.004135 1694387 ImuError.cpp:368] gyr saturation
W20250111 19:39:08.004146 1694387 ImuError.cpp:368] gyr saturation
W20250111 19:39:08.004158 1694387 ImuError.cpp:368] gyr saturation
W20250111 19:39:08.004169 1694387 ImuError.cpp:368] gyr saturation
W20250111 19:39:08.004182 1694387 ImuError.cpp:368] gyr saturation
W20250111 19:39:08.004194 1694387 ImuError.cpp:368] gyr saturation
W20250111 19:39:08.004204 1694387 ImuError.cpp:368] gyr saturation
W20250111 19:39:08.004215 1694387 ImuError.cpp:368] gyr saturation
W20250111 19:39:08.004226 1694387 ImuError.cpp:368] gyr saturation
W20250111 19:39:08.004246 1694387 ImuError.cpp:368] gyr saturation
W20250111 19:39:08.004258 1694387 ImuError.cpp:368] gyr saturation
W20250111 19:39:08.004269 1694387 ImuError.cpp:368] gyr saturation
W20250111 19:39:08.004280 1694387 ImuError.cpp:368] gyr saturation
W20250111 19:39:08.004292 1694387 ImuError.cpp:368] gyr saturation
W20250111 19:39:08.004303 1694387 ImuError.cpp:368] gyr saturation
W20250111 19:39:08.004313 1694387 ImuError.cpp:368] gyr saturation
W20250111 19:39:08.004325 1694387 ImuError.cpp:368] gyr saturation
W20250111 19:39:08.034778 1892034 ViSlamBackend.cpp:466] TRACKING FAILURE: quality=0
W20250111 19:39:08.036762 1694375 ImuError.cpp:650] gyr saturation
W20250111 19:39:08.036800 1694375 ImuError.cpp:650] gyr saturation
W20250111 19:39:08.036805 1694375 ImuError.cpp:650] gyr saturation
W20250111 19:39:08.036810 1694375 ImuError.cpp:650] gyr saturation
W20250111 19:39:08.036814 1694375 ImuError.cpp:650] gyr saturation
W20250111 19:39:08.036821 1694375 ImuError.cpp:650] gyr saturation
W20250111 19:39:08.036825 1694375 ImuError.cpp:650] gyr saturation
W20250111 19:39:08.036830 1694375 ImuError.cpp:650] gyr saturation
W20250111 19:39:08.036835 1694375 ImuError.cpp:650] gyr saturation
W20250111 19:39:08.036839 1694375 ImuError.cpp:650] gyr saturation
W20250111 19:39:08.036844 1694375 ImuError.cpp:650] gyr saturation
W20250111 19:39:08.036849 1694375 ImuError.cpp:650] gyr saturation
W20250111 19:39:08.036860 1694375 ImuError.cpp:650] gyr saturation
W20250111 19:39:08.036864 1694375 ImuError.cpp:650] gyr saturation
W20250111 19:39:08.036867 1694375 ImuError.cpp:650] gyr saturation
W20250111 19:39:08.036873 1694375 ImuError.cpp:650] gyr saturation
W20250111 19:39:08.036876 1694375 ImuError.cpp:650] gyr saturation
W20250111 19:39:08.036880 1694375 ImuError.cpp:650] gyr saturation
W20250111 19:39:08.036885 1694375 ImuError.cpp:650] gyr saturation
W20250111 19:39:08.036890 1694375 ImuError.cpp:650] gyr saturation
W20250111 19:39:08.036892 1694375 ImuError.cpp:650] gyr saturation
W20250111 19:39:08.036896 1694375 ImuError.cpp:650] gyr saturation
W20250111 19:39:08.036899 1694375 ImuError.cpp:650] gyr saturation
W20250111 19:39:08.036903 1694375 ImuError.cpp:650] gyr saturation
W20250111 19:39:08.036909 1694375 ImuError.cpp:650] gyr saturation
W20250111 19:39:08.036914 1694375 ImuError.cpp:650] gyr saturation
W20250111 19:39:08.036917 1694375 ImuError.cpp:650] gyr saturation
W20250111 19:39:08.036921 1694375 ImuError.cpp:650] gyr saturation
W20250111 19:39:08.036924 1694375 ImuError.cpp:650] gyr saturation
W20250111 19:39:08.036928 1694375 ImuError.cpp:650] gyr saturation
W20250111 19:39:08.036931 1694375 ImuError.cpp:650] gyr saturation
W20250111 19:39:08.036935 1694375 ImuError.cpp:650] gyr saturation
W20250111 19:39:08.036939 1694375 ImuError.cpp:650] gyr saturation
W20250111 19:39:08.036944 1694375 ImuError.cpp:650] gyr saturation
W20250111 19:39:08.036947 1694375 ImuError.cpp:650] gyr saturation
W20250111 19:39:08.037094 1694375 ImuError.cpp:650] gyr saturation
W20250111 19:39:08.037099 1694375 ImuError.cpp:650] gyr saturation
W20250111 19:39:08.037103 1694375 ImuError.cpp:650] gyr saturation
W20250111 19:39:08.037110 1694375 ImuError.cpp:650] gyr saturation
W20250111 19:39:08.037113 1694375 ImuError.cpp:650] gyr saturation
W20250111 19:39:08.037118 1694375 ImuError.cpp:650] gyr saturation
W20250111 19:39:08.037122 1694375 ImuError.cpp:650] gyr saturation
W20250111 19:39:08.037125 1694375 ImuError.cpp:650] gyr saturation
W20250111 19:39:08.037129 1694375 ImuError.cpp:650] gyr saturation
W20250111 19:39:08.037133 1694375 ImuError.cpp:650] gyr saturation
W20250111 19:39:08.037137 1694375 ImuError.cpp:650] gyr saturation
W20250111 19:39:08.037142 1694375 ImuError.cpp:650] gyr saturation
W20250111 19:39:08.037145 1694375 ImuError.cpp:650] gyr saturation
W20250111 19:39:08.037150 1694375 ImuError.cpp:650] gyr saturation
W20250111 19:39:08.037153 1694375 ImuError.cpp:650] gyr saturation
W20250111 19:39:08.037158 1694375 ImuError.cpp:650] gyr saturation
W20250111 19:39:08.037160 1694375 ImuError.cpp:650] gyr saturation
W20250111 19:39:08.037168 1694375 ImuError.cpp:650] gyr saturation
W20250111 19:39:08.037173 1694375 ImuError.cpp:650] gyr saturation
W20250111 19:39:08.037175 1694375 ImuError.cpp:650] gyr saturation
W20250111 19:39:08.037180 1694375 ImuError.cpp:650] gyr saturation
W20250111 19:39:08.037184 1694375 ImuError.cpp:650] gyr saturation
W20250111 19:39:08.037189 1694375 ImuError.cpp:650] gyr saturation
W20250111 19:39:08.037192 1694375 ImuError.cpp:650] gyr saturation
W20250111 19:39:08.037196 1694375 ImuError.cpp:650] gyr saturation
W20250111 19:39:08.037200 1694375 ImuError.cpp:650] gyr saturation
W20250111 19:39:08.037204 1694375 ImuError.cpp:650] gyr saturation
W20250111 19:39:08.037207 1694375 ImuError.cpp:650] gyr saturation
W20250111 19:39:08.037212 1694375 ImuError.cpp:650] gyr saturation
W20250111 19:39:08.037216 1694375 ImuError.cpp:650] gyr saturation
W20250111 19:39:08.037220 1694375 ImuError.cpp:650] gyr saturation
W20250111 19:39:08.037225 1694375 ImuError.cpp:650] gyr saturation
W20250111 19:39:08.037230 1694375 ImuError.cpp:650] gyr saturation
W20250111 19:39:08.037235 1694375 ImuError.cpp:650] gyr saturation
W20250111 19:39:08.037238 1694375 ImuError.cpp:650] gyr saturation
W20250111 19:39:08.037595 1694375 Frontend.cpp:615] 3d2d tracking lost. Number of 3d2d-matches: 0
W20250111 19:39:08.038272 1694375 ImuError.cpp:650] gyr saturation
W20250111 19:39:08.038281 1694375 ImuError.cpp:650] gyr saturation
W20250111 19:39:08.038288 1694375 ImuError.cpp:650] gyr saturation
W20250111 19:39:08.038292 1694375 ImuError.cpp:650] gyr saturation
W20250111 19:39:08.038296 1694375 ImuError.cpp:650] gyr saturation
W20250111 19:39:08.038300 1694375 ImuError.cpp:650] gyr saturation
W20250111 19:39:08.038303 1694375 ImuError.cpp:650] gyr saturation
W20250111 19:39:08.038307 1694375 ImuError.cpp:650] gyr saturation
W20250111 19:39:08.038311 1694375 ImuError.cpp:650] gyr saturation
W20250111 19:39:08.038316 1694375 ImuError.cpp:650] gyr saturation
W20250111 19:39:08.038319 1694375 ImuError.cpp:650] gyr saturation
W20250111 19:39:08.038322 1694375 ImuError.cpp:650] gyr saturation
W20250111 19:39:08.038327 1694375 ImuError.cpp:650] gyr saturation
W20250111 19:39:08.038331 1694375 ImuError.cpp:650] gyr saturation
W20250111 19:39:08.038336 1694375 ImuError.cpp:650] gyr saturation
W20250111 19:39:08.038340 1694375 ImuError.cpp:650] gyr saturation
W20250111 19:39:08.038344 1694375 ImuError.cpp:650] gyr saturation
W20250111 19:39:08.038352 1694375 ImuError.cpp:650] gyr saturation
W20250111 19:39:08.038355 1694375 ImuError.cpp:650] gyr saturation
W20250111 19:39:08.038360 1694375 ImuError.cpp:650] gyr saturation
W20250111 19:39:08.038365 1694375 ImuError.cpp:650] gyr saturation
W20250111 19:39:08.038369 1694375 ImuError.cpp:650] gyr saturation
W20250111 19:39:08.038374 1694375 ImuError.cpp:650] gyr saturation
W20250111 19:39:08.038379 1694375 ImuError.cpp:650] gyr saturation
W20250111 19:39:08.038384 1694375 ImuError.cpp:650] gyr saturation
W20250111 19:39:08.038389 1694375 ImuError.cpp:650] gyr saturation
W20250111 19:39:08.038393 1694375 ImuError.cpp:650] gyr saturation
W20250111 19:39:08.038398 1694375 ImuError.cpp:650] gyr saturation
W20250111 19:39:08.038403 1694375 ImuError.cpp:650] gyr saturation
W20250111 19:39:08.038407 1694375 ImuError.cpp:650] gyr saturation
W20250111 19:39:08.038412 1694375 ImuError.cpp:650] gyr saturation
W20250111 19:39:08.038416 1694375 ImuError.cpp:650] gyr saturation
W20250111 19:39:08.038420 1694375 ImuError.cpp:650] gyr saturation
W20250111 19:39:08.038426 1694375 ImuError.cpp:650] gyr saturation
W20250111 19:39:08.038432 1694375 ImuError.cpp:650] gyr saturation
W20250111 19:39:08.038436 1694375 ImuError.cpp:650] gyr saturation
W20250111 19:39:08.038441 1694375 ImuError.cpp:650] gyr saturation
W20250111 19:39:08.038445 1694375 ImuError.cpp:650] gyr saturation
W20250111 19:39:08.038450 1694375 ImuError.cpp:650] gyr saturation
W20250111 19:39:08.038455 1694375 ImuError.cpp:650] gyr saturation
W20250111 19:39:08.038458 1694375 ImuError.cpp:650] gyr saturation
W20250111 19:39:08.038463 1694375 ImuError.cpp:650] gyr saturation
W20250111 19:39:08.038468 1694375 ImuError.cpp:650] gyr saturation
W20250111 19:39:08.038475 1694375 ImuError.cpp:650] gyr saturation
W20250111 19:39:08.038478 1694375 ImuError.cpp:650] gyr saturation
W20250111 19:39:08.038482 1694375 ImuError.cpp:650] gyr saturation
W20250111 19:39:08.038487 1694375 ImuError.cpp:650] gyr saturation
W20250111 19:39:08.038491 1694375 ImuError.cpp:650] gyr saturation
W20250111 19:39:08.038497 1694375 ImuError.cpp:650] gyr saturation
W20250111 19:39:08.038502 1694375 ImuError.cpp:650] gyr saturation
W20250111 19:39:08.038506 1694375 ImuError.cpp:650] gyr saturation
W20250111 19:39:08.038511 1694375 ImuError.cpp:650] gyr saturation
W20250111 19:39:08.038516 1694375 ImuError.cpp:650] gyr saturation
W20250111 19:39:08.038522 1694375 ImuError.cpp:650] gyr saturation
W20250111 19:39:08.038527 1694375 ImuError.cpp:650] gyr saturation
W20250111 19:39:08.038532 1694375 ImuError.cpp:650] gyr saturation
W20250111 19:39:08.038535 1694375 ImuError.cpp:650] gyr saturation
W20250111 19:39:08.038539 1694375 ImuError.cpp:650] gyr saturation
W20250111 19:39:08.038547 1694375 ImuError.cpp:650] gyr saturation
W20250111 19:39:08.038550 1694375 ImuError.cpp:650] gyr saturation
W20250111 19:39:08.038554 1694375 ImuError.cpp:650] gyr saturation
W20250111 19:39:08.038560 1694375 ImuError.cpp:650] gyr saturation
W20250111 19:39:08.038566 1694375 ImuError.cpp:650] gyr saturation
W20250111 19:39:08.038573 1694375 ImuError.cpp:650] gyr saturation
W20250111 19:39:08.038578 1694375 ImuError.cpp:650] gyr saturation
W20250111 19:39:08.038583 1694375 ImuError.cpp:650] gyr saturation
W20250111 19:39:08.038586 1694375 ImuError.cpp:650] gyr saturation
W20250111 19:39:08.038590 1694375 ImuError.cpp:650] gyr saturation
W20250111 19:39:08.040879 1892044 ImuError.cpp:368] gyr saturation
W20250111 19:39:08.040961 1892044 ImuError.cpp:368] gyr saturation
W20250111 19:39:08.040978 1892044 ImuError.cpp:368] gyr saturation
W20250111 19:39:08.040992 1892044 ImuError.cpp:368] gyr saturation
W20250111 19:39:08.041003 1892044 ImuError.cpp:368] gyr saturation
W20250111 19:39:08.041014 1892044 ImuError.cpp:368] gyr saturation
W20250111 19:39:08.041028 1892044 ImuError.cpp:368] gyr saturation
W20250111 19:39:08.041039 1892044 ImuError.cpp:368] gyr saturation
W20250111 19:39:08.041050 1892044 ImuError.cpp:368] gyr saturation
W20250111 19:39:08.041061 1892044 ImuError.cpp:368] gyr saturation
W20250111 19:39:08.041072 1892044 ImuError.cpp:368] gyr saturation
W20250111 19:39:08.041083 1892044 ImuError.cpp:368] gyr saturation
W20250111 19:39:08.041095 1892044 ImuError.cpp:368] gyr saturation
W20250111 19:39:08.041105 1892044 ImuError.cpp:368] gyr saturation
W20250111 19:39:08.041115 1892044 ImuError.cpp:368] gyr saturation
W20250111 19:39:08.041126 1892044 ImuError.cpp:368] gyr saturation
W20250111 19:39:08.041134 1892044 ImuError.cpp:368] gyr saturation
W20250111 19:39:08.041144 1892044 ImuError.cpp:368] gyr saturation
W20250111 19:39:08.041154 1892044 ImuError.cpp:368] gyr saturation
W20250111 19:39:08.041164 1892044 ImuError.cpp:368] gyr saturation
W20250111 19:39:08.041174 1892044 ImuError.cpp:368] gyr saturation
W20250111 19:39:08.041184 1892044 ImuError.cpp:368] gyr saturation
W20250111 19:39:08.041194 1892044 ImuError.cpp:368] gyr saturation
W20250111 19:39:08.041204 1892044 ImuError.cpp:368] gyr saturation
W20250111 19:39:08.041214 1892044 ImuError.cpp:368] gyr saturation
W20250111 19:39:08.041224 1892044 ImuError.cpp:368] gyr saturation
W20250111 19:39:08.041234 1892044 ImuError.cpp:368] gyr saturation
W20250111 19:39:08.041244 1892044 ImuError.cpp:368] gyr saturation
W20250111 19:39:08.041253 1892044 ImuError.cpp:368] gyr saturation
W20250111 19:39:08.041265 1892044 ImuError.cpp:368] gyr saturation
W20250111 19:39:08.041275 1892044 ImuError.cpp:368] gyr saturation
W20250111 19:39:08.041286 1892044 ImuError.cpp:368] gyr saturation
W20250111 19:39:08.041297 1892044 ImuError.cpp:368] gyr saturation
W20250111 19:39:08.041308 1892044 ImuError.cpp:368] gyr saturation
W20250111 19:39:08.041319 1892044 ImuError.cpp:368] gyr saturation
W20250111 19:39:08.062059 1892044 ViSlamBackend.cpp:466] TRACKING FAILURE: quality=0
W20250111 19:39:08.063447 1694375 ImuError.cpp:650] gyr saturation
W20250111 19:39:08.063485 1694375 ImuError.cpp:650] gyr saturation
W20250111 19:39:08.063489 1694375 ImuError.cpp:650] gyr saturation
W20250111 19:39:08.063493 1694375 ImuError.cpp:650] gyr saturation
W20250111 19:39:08.063495 1694375 ImuError.cpp:650] gyr saturation
W20250111 19:39:08.063501 1694375 ImuError.cpp:650] gyr saturation
W20250111 19:39:08.063506 1694375 ImuError.cpp:650] gyr saturation
W20250111 19:39:08.063513 1694375 ImuError.cpp:650] gyr saturation
W20250111 19:39:08.063516 1694375 ImuError.cpp:650] gyr saturation
W20250111 19:39:08.063519 1694375 ImuError.cpp:650] gyr saturation
W20250111 19:39:08.063524 1694375 ImuError.cpp:650] gyr saturation
W20250111 19:39:08.063526 1694375 ImuError.cpp:650] gyr saturation
W20250111 19:39:08.063532 1694375 ImuError.cpp:650] gyr saturation
W20250111 19:39:08.063536 1694375 ImuError.cpp:650] gyr saturation
W20250111 19:39:08.063539 1694375 ImuError.cpp:650] gyr saturation
W20250111 19:39:08.063544 1694375 ImuError.cpp:650] gyr saturation
W20250111 19:39:08.063548 1694375 ImuError.cpp:650] gyr saturation
W20250111 19:39:08.063553 1694375 ImuError.cpp:650] gyr saturation
W20250111 19:39:08.063557 1694375 ImuError.cpp:650] gyr saturation
W20250111 19:39:08.063561 1694375 ImuError.cpp:650] gyr saturation
W20250111 19:39:08.063573 1694375 ImuError.cpp:650] gyr saturation
W20250111 19:39:08.063577 1694375 ImuError.cpp:650] gyr saturation
W20250111 19:39:08.063582 1694375 ImuError.cpp:650] gyr saturation
W20250111 19:39:08.063586 1694375 ImuError.cpp:650] gyr saturation
W20250111 19:39:08.063591 1694375 ImuError.cpp:650] gyr saturation
W20250111 19:39:08.063596 1694375 ImuError.cpp:650] gyr saturation
W20250111 19:39:08.063599 1694375 ImuError.cpp:650] gyr saturation
W20250111 19:39:08.063603 1694375 ImuError.cpp:650] gyr saturation
W20250111 19:39:08.063607 1694375 ImuError.cpp:650] gyr saturation
W20250111 19:39:08.063611 1694375 ImuError.cpp:650] gyr saturation
W20250111 19:39:08.063616 1694375 ImuError.cpp:650] gyr saturation
W20250111 19:39:08.063619 1694375 ImuError.cpp:650] gyr saturation
W20250111 19:39:08.063623 1694375 ImuError.cpp:650] gyr saturation
W20250111 19:39:08.063627 1694375 ImuError.cpp:650] gyr saturation
W20250111 19:39:08.063714 1694375 ImuError.cpp:650] gyr saturation
W20250111 19:39:08.063719 1694375 ImuError.cpp:650] gyr saturation
W20250111 19:39:08.063722 1694375 ImuError.cpp:650] gyr saturation
W20250111 19:39:08.063726 1694375 ImuError.cpp:650] gyr saturation
W20250111 19:39:08.063730 1694375 ImuError.cpp:650] gyr saturation
W20250111 19:39:08.063733 1694375 ImuError.cpp:650] gyr saturation
W20250111 19:39:08.063740 1694375 ImuError.cpp:650] gyr saturation
W20250111 19:39:08.063743 1694375 ImuError.cpp:650] gyr saturation
W20250111 19:39:08.063747 1694375 ImuError.cpp:650] gyr saturation
W20250111 19:39:08.063751 1694375 ImuError.cpp:650] gyr saturation
W20250111 19:39:08.063755 1694375 ImuError.cpp:650] gyr saturation
W20250111 19:39:08.063757 1694375 ImuError.cpp:650] gyr saturation
W20250111 19:39:08.063761 1694375 ImuError.cpp:650] gyr saturation
W20250111 19:39:08.063764 1694375 ImuError.cpp:650] gyr saturation
W20250111 19:39:08.063768 1694375 ImuError.cpp:650] gyr saturation
W20250111 19:39:08.063771 1694375 ImuError.cpp:650] gyr saturation
W20250111 19:39:08.063774 1694375 ImuError.cpp:650] gyr saturation
W20250111 19:39:08.063779 1694375 ImuError.cpp:650] gyr saturation
W20250111 19:39:08.063782 1694375 ImuError.cpp:650] gyr saturation
W20250111 19:39:08.063786 1694375 ImuError.cpp:650] gyr saturation
W20250111 19:39:08.063789 1694375 ImuError.cpp:650] gyr saturation
W20250111 19:39:08.063793 1694375 ImuError.cpp:650] gyr saturation
W20250111 19:39:08.063796 1694375 ImuError.cpp:650] gyr saturation
W20250111 19:39:08.063799 1694375 ImuError.cpp:650] gyr saturation
W20250111 19:39:08.063803 1694375 ImuError.cpp:650] gyr saturation
W20250111 19:39:08.063807 1694375 ImuError.cpp:650] gyr saturation
W20250111 19:39:08.063812 1694375 ImuError.cpp:650] gyr saturation
W20250111 19:39:08.063817 1694375 ImuError.cpp:650] gyr saturation
W20250111 19:39:08.063819 1694375 ImuError.cpp:650] gyr saturation
W20250111 19:39:08.063823 1694375 ImuError.cpp:650] gyr saturation
W20250111 19:39:08.063827 1694375 ImuError.cpp:650] gyr saturation
W20250111 19:39:08.063830 1694375 ImuError.cpp:650] gyr saturation
W20250111 19:39:08.063834 1694375 ImuError.cpp:650] gyr saturation
W20250111 19:39:08.063838 1694375 ImuError.cpp:650] gyr saturation
W20250111 19:39:08.064153 1694375 Frontend.cpp:615] 3d2d tracking lost. Number of 3d2d-matches: 0
W20250111 19:39:08.064580 1694375 ImuError.cpp:650] gyr saturation
W20250111 19:39:08.064589 1694375 ImuError.cpp:650] gyr saturation
W20250111 19:39:08.064591 1694375 ImuError.cpp:650] gyr saturation
W20250111 19:39:08.064595 1694375 ImuError.cpp:650] gyr saturation
W20250111 19:39:08.064599 1694375 ImuError.cpp:650] gyr saturation
W20250111 19:39:08.064602 1694375 ImuError.cpp:650] gyr saturation
W20250111 19:39:08.064605 1694375 ImuError.cpp:650] gyr saturation
W20250111 19:39:08.064610 1694375 ImuError.cpp:650] gyr saturation
W20250111 19:39:08.064615 1694375 ImuError.cpp:650] gyr saturation
W20250111 19:39:08.064618 1694375 ImuError.cpp:650] gyr saturation
W20250111 19:39:08.064625 1694375 ImuError.cpp:650] gyr saturation
W20250111 19:39:08.064637 1694375 ImuError.cpp:650] gyr saturation
W20250111 19:39:08.064644 1694375 ImuError.cpp:650] gyr saturation
W20250111 19:39:08.064647 1694375 ImuError.cpp:650] gyr saturation
W20250111 19:39:08.064651 1694375 ImuError.cpp:650] gyr saturation
W20250111 19:39:08.064656 1694375 ImuError.cpp:650] gyr saturation
W20250111 19:39:08.064661 1694375 ImuError.cpp:650] gyr saturation
W20250111 19:39:08.064663 1694375 ImuError.cpp:650] gyr saturation
W20250111 19:39:08.064667 1694375 ImuError.cpp:650] gyr saturation
W20250111 19:39:08.064671 1694375 ImuError.cpp:650] gyr saturation
W20250111 19:39:08.064675 1694375 ImuError.cpp:650] gyr saturation
W20250111 19:39:08.064680 1694375 ImuError.cpp:650] gyr saturation
W20250111 19:39:08.064685 1694375 ImuError.cpp:650] gyr saturation
W20250111 19:39:08.064689 1694375 ImuError.cpp:650] gyr saturation
W20250111 19:39:08.064693 1694375 ImuError.cpp:650] gyr saturation
W20250111 19:39:08.064700 1694375 ImuError.cpp:650] gyr saturation
W20250111 19:39:08.064704 1694375 ImuError.cpp:650] gyr saturation
W20250111 19:39:08.064707 1694375 ImuError.cpp:650] gyr saturation
W20250111 19:39:08.064713 1694375 ImuError.cpp:650] gyr saturation
W20250111 19:39:08.064716 1694375 ImuError.cpp:650] gyr saturation
W20250111 19:39:08.064719 1694375 ImuError.cpp:650] gyr saturation
W20250111 19:39:08.064723 1694375 ImuError.cpp:650] gyr saturation
W20250111 19:39:08.064726 1694375 ImuError.cpp:650] gyr saturation
W20250111 19:39:08.064731 1694375 ImuError.cpp:650] gyr saturation
W20250111 19:39:08.064736 1694375 ImuError.cpp:650] gyr saturation
W20250111 19:39:08.064740 1694375 ImuError.cpp:650] gyr saturation
W20250111 19:39:08.064744 1694375 ImuError.cpp:650] gyr saturation
W20250111 19:39:08.064749 1694375 ImuError.cpp:650] gyr saturation
W20250111 19:39:08.064754 1694375 ImuError.cpp:650] gyr saturation
W20250111 19:39:08.064757 1694375 ImuError.cpp:650] gyr saturation
W20250111 19:39:08.064760 1694375 ImuError.cpp:650] gyr saturation
W20250111 19:39:08.064764 1694375 ImuError.cpp:650] gyr saturation
W20250111 19:39:08.064769 1694375 ImuError.cpp:650] gyr saturation
W20250111 19:39:08.064774 1694375 ImuError.cpp:650] gyr saturation
W20250111 19:39:08.064777 1694375 ImuError.cpp:650] gyr saturation
W20250111 19:39:08.064781 1694375 ImuError.cpp:650] gyr saturation
W20250111 19:39:08.064785 1694375 ImuError.cpp:650] gyr saturation
W20250111 19:39:08.064790 1694375 ImuError.cpp:650] gyr saturation
W20250111 19:39:08.064795 1694375 ImuError.cpp:650] gyr saturation
W20250111 19:39:08.064800 1694375 ImuError.cpp:650] gyr saturation
W20250111 19:39:08.064805 1694375 ImuError.cpp:650] gyr saturation
W20250111 19:39:08.064808 1694375 ImuError.cpp:650] gyr saturation
W20250111 19:39:08.064812 1694375 ImuError.cpp:650] gyr saturation
W20250111 19:39:08.064817 1694375 ImuError.cpp:650] gyr saturation
W20250111 19:39:08.064823 1694375 ImuError.cpp:650] gyr saturation
W20250111 19:39:08.064827 1694375 ImuError.cpp:650] gyr saturation
W20250111 19:39:08.064831 1694375 ImuError.cpp:650] gyr saturation
W20250111 19:39:08.064836 1694375 ImuError.cpp:650] gyr saturation
W20250111 19:39:08.064841 1694375 ImuError.cpp:650] gyr saturation
W20250111 19:39:08.064846 1694375 ImuError.cpp:650] gyr saturation
W20250111 19:39:08.064849 1694375 ImuError.cpp:650] gyr saturation
W20250111 19:39:08.064853 1694375 ImuError.cpp:650] gyr saturation
W20250111 19:39:08.064857 1694375 ImuError.cpp:650] gyr saturation
W20250111 19:39:08.064862 1694375 ImuError.cpp:650] gyr saturation
W20250111 19:39:08.064864 1694375 ImuError.cpp:650] gyr saturation
W20250111 19:39:08.064868 1694375 ImuError.cpp:650] gyr saturation
W20250111 19:39:08.064872 1694375 ImuError.cpp:650] gyr saturation
W20250111 19:39:08.067061 1892054 ImuError.cpp:368] gyr saturation
W20250111 19:39:08.067142 1892054 ImuError.cpp:368] gyr saturation
W20250111 19:39:08.067157 1892054 ImuError.cpp:368] gyr saturation
W20250111 19:39:08.067168 1892054 ImuError.cpp:368] gyr saturation
W20250111 19:39:08.067180 1892054 ImuError.cpp:368] gyr saturation
W20250111 19:39:08.067191 1892054 ImuError.cpp:368] gyr saturation
W20250111 19:39:08.067214 1892054 ImuError.cpp:368] gyr saturation
W20250111 19:39:08.067227 1892054 ImuError.cpp:368] gyr saturation
W20250111 19:39:08.067238 1892054 ImuError.cpp:368] gyr saturation
W20250111 19:39:08.067250 1892054 ImuError.cpp:368] gyr saturation
W20250111 19:39:08.067261 1892054 ImuError.cpp:368] gyr saturation
W20250111 19:39:08.067272 1892054 ImuError.cpp:368] gyr saturation
W20250111 19:39:08.067284 1892054 ImuError.cpp:368] gyr saturation
W20250111 19:39:08.067296 1892054 ImuError.cpp:368] gyr saturation
W20250111 19:39:08.067307 1892054 ImuError.cpp:368] gyr saturation
W20250111 19:39:08.067318 1892054 ImuError.cpp:368] gyr saturation
W20250111 19:39:08.067330 1892054 ImuError.cpp:368] gyr saturation
W20250111 19:39:08.067341 1892054 ImuError.cpp:368] gyr saturation
W20250111 19:39:08.067353 1892054 ImuError.cpp:368] gyr saturation
W20250111 19:39:08.067364 1892054 ImuError.cpp:368] gyr saturation
W20250111 19:39:08.067375 1892054 ImuError.cpp:368] gyr saturation
W20250111 19:39:08.067386 1892054 ImuError.cpp:368] gyr saturation
W20250111 19:39:08.067397 1892054 ImuError.cpp:368] gyr saturation
W20250111 19:39:08.067409 1892054 ImuError.cpp:368] gyr saturation
W20250111 19:39:08.067420 1892054 ImuError.cpp:368] gyr saturation
W20250111 19:39:08.067431 1892054 ImuError.cpp:368] gyr saturation
W20250111 19:39:08.067442 1892054 ImuError.cpp:368] gyr saturation
W20250111 19:39:08.067453 1892054 ImuError.cpp:368] gyr saturation
W20250111 19:39:08.067464 1892054 ImuError.cpp:368] gyr saturation
W20250111 19:39:08.067474 1892054 ImuError.cpp:368] gyr saturation
W20250111 19:39:08.067485 1892054 ImuError.cpp:368] gyr saturation
W20250111 19:39:08.067497 1892054 ImuError.cpp:368] gyr saturation
W20250111 19:39:08.067507 1892054 ImuError.cpp:368] gyr saturation
W20250111 19:39:08.067518 1892054 ImuError.cpp:368] gyr saturation
W20250111 19:39:08.098426 1892054 ViSlamBackend.cpp:466] TRACKING FAILURE: quality=0
W20250111 19:39:08.100512 1694375 ImuError.cpp:650] gyr saturation
W20250111 19:39:08.100553 1694375 ImuError.cpp:650] gyr saturation
W20250111 19:39:08.100558 1694375 ImuError.cpp:650] gyr saturation
W20250111 19:39:08.100562 1694375 ImuError.cpp:650] gyr saturation
W20250111 19:39:08.100566 1694375 ImuError.cpp:650] gyr saturation
W20250111 19:39:08.100569 1694375 ImuError.cpp:650] gyr saturation
W20250111 19:39:08.100575 1694375 ImuError.cpp:650] gyr saturation
W20250111 19:39:08.100579 1694375 ImuError.cpp:650] gyr saturation
W20250111 19:39:08.100582 1694375 ImuError.cpp:650] gyr saturation
W20250111 19:39:08.100589 1694375 ImuError.cpp:650] gyr saturation
W20250111 19:39:08.100598 1694375 ImuError.cpp:650] gyr saturation
W20250111 19:39:08.100602 1694375 ImuError.cpp:650] gyr saturation
W20250111 19:39:08.100607 1694375 ImuError.cpp:650] gyr saturation
W20250111 19:39:08.100611 1694375 ImuError.cpp:650] gyr saturation
W20250111 19:39:08.100615 1694375 ImuError.cpp:650] gyr saturation
W20250111 19:39:08.100620 1694375 ImuError.cpp:650] gyr saturation
W20250111 19:39:08.100625 1694375 ImuError.cpp:650] gyr saturation
W20250111 19:39:08.100627 1694375 ImuError.cpp:650] gyr saturation
W20250111 19:39:08.100638 1694375 ImuError.cpp:650] gyr saturation
W20250111 19:39:08.100643 1694375 ImuError.cpp:650] gyr saturation
W20250111 19:39:08.100649 1694375 ImuError.cpp:650] gyr saturation
W20250111 19:39:08.100656 1694375 ImuError.cpp:650] gyr saturation
W20250111 19:39:08.100659 1694375 ImuError.cpp:650] gyr saturation
W20250111 19:39:08.100664 1694375 ImuError.cpp:650] gyr saturation
W20250111 19:39:08.100670 1694375 ImuError.cpp:650] gyr saturation
W20250111 19:39:08.100677 1694375 ImuError.cpp:650] gyr saturation
W20250111 19:39:08.100682 1694375 ImuError.cpp:650] gyr saturation
W20250111 19:39:08.100687 1694375 ImuError.cpp:650] gyr saturation
W20250111 19:39:08.100692 1694375 ImuError.cpp:650] gyr saturation
W20250111 19:39:08.100697 1694375 ImuError.cpp:650] gyr saturation
W20250111 19:39:08.100701 1694375 ImuError.cpp:650] gyr saturation
W20250111 19:39:08.100706 1694375 ImuError.cpp:650] gyr saturation
W20250111 19:39:08.100715 1694375 ImuError.cpp:650] gyr saturation
W20250111 19:39:08.100721 1694375 ImuError.cpp:650] gyr saturation
W20250111 19:39:08.100797 1694375 ImuError.cpp:650] gyr saturation
W20250111 19:39:08.100802 1694375 ImuError.cpp:650] gyr saturation
W20250111 19:39:08.100808 1694375 ImuError.cpp:650] gyr saturation
W20250111 19:39:08.100813 1694375 ImuError.cpp:650] gyr saturation
W20250111 19:39:08.100817 1694375 ImuError.cpp:650] gyr saturation
W20250111 19:39:08.100822 1694375 ImuError.cpp:650] gyr saturation
W20250111 19:39:08.100826 1694375 ImuError.cpp:650] gyr saturation
W20250111 19:39:08.100831 1694375 ImuError.cpp:650] gyr saturation
W20250111 19:39:08.100834 1694375 ImuError.cpp:650] gyr saturation
W20250111 19:39:08.100839 1694375 ImuError.cpp:650] gyr saturation
W20250111 19:39:08.100843 1694375 ImuError.cpp:650] gyr saturation
W20250111 19:39:08.100847 1694375 ImuError.cpp:650] gyr saturation
W20250111 19:39:08.100852 1694375 ImuError.cpp:650] gyr saturation
W20250111 19:39:08.100855 1694375 ImuError.cpp:650] gyr saturation
W20250111 19:39:08.100859 1694375 ImuError.cpp:650] gyr saturation
W20250111 19:39:08.100863 1694375 ImuError.cpp:650] gyr saturation
W20250111 19:39:08.100867 1694375 ImuError.cpp:650] gyr saturation
W20250111 19:39:08.100872 1694375 ImuError.cpp:650] gyr saturation
W20250111 19:39:08.100875 1694375 ImuError.cpp:650] gyr saturation
W20250111 19:39:08.100879 1694375 ImuError.cpp:650] gyr saturation
W20250111 19:39:08.100883 1694375 ImuError.cpp:650] gyr saturation
W20250111 19:39:08.100888 1694375 ImuError.cpp:650] gyr saturation
W20250111 19:39:08.100891 1694375 ImuError.cpp:650] gyr saturation
W20250111 19:39:08.100895 1694375 ImuError.cpp:650] gyr saturation
W20250111 19:39:08.100899 1694375 ImuError.cpp:650] gyr saturation
W20250111 19:39:08.100904 1694375 ImuError.cpp:650] gyr saturation
W20250111 19:39:08.100908 1694375 ImuError.cpp:650] gyr saturation
W20250111 19:39:08.100912 1694375 ImuError.cpp:650] gyr saturation
W20250111 19:39:08.100916 1694375 ImuError.cpp:650] gyr saturation
W20250111 19:39:08.100920 1694375 ImuError.cpp:650] gyr saturation
W20250111 19:39:08.100924 1694375 ImuError.cpp:650] gyr saturation
W20250111 19:39:08.100929 1694375 ImuError.cpp:650] gyr saturation
W20250111 19:39:08.100934 1694375 ImuError.cpp:650] gyr saturation
W20250111 19:39:08.100939 1694375 ImuError.cpp:650] gyr saturation
W20250111 19:39:08.101305 1694375 Frontend.cpp:615] 3d2d tracking lost. Number of 3d2d-matches: 0
W20250111 19:39:08.101893 1694375 ImuError.cpp:650] gyr saturation
W20250111 19:39:08.101902 1694375 ImuError.cpp:650] gyr saturation
W20250111 19:39:08.101909 1694375 ImuError.cpp:650] gyr saturation
W20250111 19:39:08.101913 1694375 ImuError.cpp:650] gyr saturation
W20250111 19:39:08.101917 1694375 ImuError.cpp:650] gyr saturation
W20250111 19:39:08.101922 1694375 ImuError.cpp:650] gyr saturation
W20250111 19:39:08.101928 1694375 ImuError.cpp:650] gyr saturation
W20250111 19:39:08.101933 1694375 ImuError.cpp:650] gyr saturation
W20250111 19:39:08.101935 1694375 ImuError.cpp:650] gyr saturation
W20250111 19:39:08.101940 1694375 ImuError.cpp:650] gyr saturation
W20250111 19:39:08.101943 1694375 ImuError.cpp:650] gyr saturation
W20250111 19:39:08.101948 1694375 ImuError.cpp:650] gyr saturation
W20250111 19:39:08.101951 1694375 ImuError.cpp:650] gyr saturation
W20250111 19:39:08.101954 1694375 ImuError.cpp:650] gyr saturation
W20250111 19:39:08.101958 1694375 ImuError.cpp:650] gyr saturation
W20250111 19:39:08.101960 1694375 ImuError.cpp:650] gyr saturation
W20250111 19:39:08.101965 1694375 ImuError.cpp:650] gyr saturation
W20250111 19:39:08.101969 1694375 ImuError.cpp:650] gyr saturation
W20250111 19:39:08.101972 1694375 ImuError.cpp:650] gyr saturation
W20250111 19:39:08.101976 1694375 ImuError.cpp:650] gyr saturation
W20250111 19:39:08.101980 1694375 ImuError.cpp:650] gyr saturation
W20250111 19:39:08.101984 1694375 ImuError.cpp:650] gyr saturation
W20250111 19:39:08.101989 1694375 ImuError.cpp:650] gyr saturation
W20250111 19:39:08.101994 1694375 ImuError.cpp:650] gyr saturation
W20250111 19:39:08.101998 1694375 ImuError.cpp:650] gyr saturation
W20250111 19:39:08.102002 1694375 ImuError.cpp:650] gyr saturation
W20250111 19:39:08.102006 1694375 ImuError.cpp:650] gyr saturation
W20250111 19:39:08.102010 1694375 ImuError.cpp:650] gyr saturation
W20250111 19:39:08.102016 1694375 ImuError.cpp:650] gyr saturation
W20250111 19:39:08.102020 1694375 ImuError.cpp:650] gyr saturation
W20250111 19:39:08.102025 1694375 ImuError.cpp:650] gyr saturation
W20250111 19:39:08.102028 1694375 ImuError.cpp:650] gyr saturation
W20250111 19:39:08.102032 1694375 ImuError.cpp:650] gyr saturation
W20250111 19:39:08.102036 1694375 ImuError.cpp:650] gyr saturation
W20250111 19:39:08.102041 1694375 ImuError.cpp:650] gyr saturation
W20250111 19:39:08.102044 1694375 ImuError.cpp:650] gyr saturation
W20250111 19:39:08.102047 1694375 ImuError.cpp:650] gyr saturation
W20250111 19:39:08.102052 1694375 ImuError.cpp:650] gyr saturation
W20250111 19:39:08.102056 1694375 ImuError.cpp:650] gyr saturation
W20250111 19:39:08.102059 1694375 ImuError.cpp:650] gyr saturation
W20250111 19:39:08.102063 1694375 ImuError.cpp:650] gyr saturation
W20250111 19:39:08.102066 1694375 ImuError.cpp:650] gyr saturation
W20250111 19:39:08.102070 1694375 ImuError.cpp:650] gyr saturation
W20250111 19:39:08.102074 1694375 ImuError.cpp:650] gyr saturation
W20250111 19:39:08.102078 1694375 ImuError.cpp:650] gyr saturation
W20250111 19:39:08.102082 1694375 ImuError.cpp:650] gyr saturation
W20250111 19:39:08.102085 1694375 ImuError.cpp:650] gyr saturation
W20250111 19:39:08.102089 1694375 ImuError.cpp:650] gyr saturation
W20250111 19:39:08.102093 1694375 ImuError.cpp:650] gyr saturation
W20250111 19:39:08.102097 1694375 ImuError.cpp:650] gyr saturation
W20250111 19:39:08.102100 1694375 ImuError.cpp:650] gyr saturation
W20250111 19:39:08.102106 1694375 ImuError.cpp:650] gyr saturation
W20250111 19:39:08.102111 1694375 ImuError.cpp:650] gyr saturation
W20250111 19:39:08.102115 1694375 ImuError.cpp:650] gyr saturation
W20250111 19:39:08.102119 1694375 ImuError.cpp:650] gyr saturation
W20250111 19:39:08.102125 1694375 ImuError.cpp:650] gyr saturation
W20250111 19:39:08.102128 1694375 ImuError.cpp:650] gyr saturation
W20250111 19:39:08.102131 1694375 ImuError.cpp:650] gyr saturation
W20250111 19:39:08.102135 1694375 ImuError.cpp:650] gyr saturation
W20250111 19:39:08.102139 1694375 ImuError.cpp:650] gyr saturation
W20250111 19:39:08.102144 1694375 ImuError.cpp:650] gyr saturation
W20250111 19:39:08.102147 1694375 ImuError.cpp:650] gyr saturation
W20250111 19:39:08.102152 1694375 ImuError.cpp:650] gyr saturation
W20250111 19:39:08.102157 1694375 ImuError.cpp:650] gyr saturation
W20250111 19:39:08.102161 1694375 ImuError.cpp:650] gyr saturation
W20250111 19:39:08.102165 1694375 ImuError.cpp:650] gyr saturation
W20250111 19:39:08.102169 1694375 ImuError.cpp:650] gyr saturation
W20250111 19:39:08.102175 1694375 ImuError.cpp:650] gyr saturation
W20250111 19:39:08.104472 1892064 ImuError.cpp:368] gyr saturation
W20250111 19:39:08.104547 1892064 ImuError.cpp:368] gyr saturation
W20250111 19:39:08.104563 1892064 ImuError.cpp:368] gyr saturation
W20250111 19:39:08.104575 1892064 ImuError.cpp:368] gyr saturation
W20250111 19:39:08.104589 1892064 ImuError.cpp:368] gyr saturation
W20250111 19:39:08.104600 1892064 ImuError.cpp:368] gyr saturation
W20250111 19:39:08.104612 1892064 ImuError.cpp:368] gyr saturation
W20250111 19:39:08.104625 1892064 ImuError.cpp:368] gyr saturation
W20250111 19:39:08.104645 1892064 ImuError.cpp:368] gyr saturation
W20250111 19:39:08.104657 1892064 ImuError.cpp:368] gyr saturation
W20250111 19:39:08.104671 1892064 ImuError.cpp:368] gyr saturation
W20250111 19:39:08.104683 1892064 ImuError.cpp:368] gyr saturation
W20250111 19:39:08.104696 1892064 ImuError.cpp:368] gyr saturation
W20250111 19:39:08.104708 1892064 ImuError.cpp:368] gyr saturation
W20250111 19:39:08.104719 1892064 ImuError.cpp:368] gyr saturation
W20250111 19:39:08.104732 1892064 ImuError.cpp:368] gyr saturation
W20250111 19:39:08.104743 1892064 ImuError.cpp:368] gyr saturation
W20250111 19:39:08.104765 1892064 ImuError.cpp:368] gyr saturation
W20250111 19:39:08.104779 1892064 ImuError.cpp:368] gyr saturation
W20250111 19:39:08.104790 1892064 ImuError.cpp:368] gyr saturation
W20250111 19:39:08.104801 1892064 ImuError.cpp:368] gyr saturation
W20250111 19:39:08.104813 1892064 ImuError.cpp:368] gyr saturation
W20250111 19:39:08.104825 1892064 ImuError.cpp:368] gyr saturation
W20250111 19:39:08.104835 1892064 ImuError.cpp:368] gyr saturation
W20250111 19:39:08.104846 1892064 ImuError.cpp:368] gyr saturation
W20250111 19:39:08.104858 1892064 ImuError.cpp:368] gyr saturation
W20250111 19:39:08.104869 1892064 ImuError.cpp:368] gyr saturation
W20250111 19:39:08.104882 1892064 ImuError.cpp:368] gyr saturation
W20250111 19:39:08.104892 1892064 ImuError.cpp:368] gyr saturation
W20250111 19:39:08.104904 1892064 ImuError.cpp:368] gyr saturation
W20250111 19:39:08.104915 1892064 ImuError.cpp:368] gyr saturation
W20250111 19:39:08.104928 1892064 ImuError.cpp:368] gyr saturation
W20250111 19:39:08.104939 1892064 ImuError.cpp:368] gyr saturation
W20250111 19:39:08.104951 1892064 ImuError.cpp:368] gyr saturation
W20250111 19:39:08.135655 1892064 ViSlamBackend.cpp:466] TRACKING FAILURE: quality=0
W20250111 19:39:08.135931 1892064 ImuError.cpp:165] gyr saturation
W20250111 19:39:08.135955 1892064 ImuError.cpp:165] gyr saturation
W20250111 19:39:08.135968 1892064 ImuError.cpp:165] gyr saturation
W20250111 19:39:08.135980 1892064 ImuError.cpp:165] gyr saturation
W20250111 19:39:08.135990 1892064 ImuError.cpp:165] gyr saturation
W20250111 19:39:08.136001 1892064 ImuError.cpp:165] gyr saturation
W20250111 19:39:08.136011 1892064 ImuError.cpp:165] gyr saturation
W20250111 19:39:08.136021 1892064 ImuError.cpp:165] gyr saturation
W20250111 19:39:08.136031 1892064 ImuError.cpp:165] gyr saturation
W20250111 19:39:08.136041 1892064 ImuError.cpp:165] gyr saturation
W20250111 19:39:08.136052 1892064 ImuError.cpp:165] gyr saturation
W20250111 19:39:08.136063 1892064 ImuError.cpp:165] gyr saturation
W20250111 19:39:08.136073 1892064 ImuError.cpp:165] gyr saturation
W20250111 19:39:08.136083 1892064 ImuError.cpp:165] gyr saturation
W20250111 19:39:08.136093 1892064 ImuError.cpp:165] gyr saturation
W20250111 19:39:08.136104 1892064 ImuError.cpp:165] gyr saturation
W20250111 19:39:08.136114 1892064 ImuError.cpp:165] gyr saturation
W20250111 19:39:08.136125 1892064 ImuError.cpp:165] gyr saturation
W20250111 19:39:08.136135 1892064 ImuError.cpp:165] gyr saturation
W20250111 19:39:08.136145 1892064 ImuError.cpp:165] gyr saturation
W20250111 19:39:08.136157 1892064 ImuError.cpp:165] gyr saturation
W20250111 19:39:08.136176 1892064 ImuError.cpp:165] gyr saturation
W20250111 19:39:08.136188 1892064 ImuError.cpp:165] gyr saturation
W20250111 19:39:08.136197 1892064 ImuError.cpp:165] gyr saturation
W20250111 19:39:08.136209 1892064 ImuError.cpp:165] gyr saturation
W20250111 19:39:08.136219 1892064 ImuError.cpp:165] gyr saturation
W20250111 19:39:08.136229 1892064 ImuError.cpp:165] gyr saturation
W20250111 19:39:08.136240 1892064 ImuError.cpp:165] gyr saturation
W20250111 19:39:08.136250 1892064 ImuError.cpp:165] gyr saturation
W20250111 19:39:08.136260 1892064 ImuError.cpp:165] gyr saturation
W20250111 19:39:08.136270 1892064 ImuError.cpp:165] gyr saturation
W20250111 19:39:08.136281 1892064 ImuError.cpp:165] gyr saturation
W20250111 19:39:08.136291 1892064 ImuError.cpp:165] gyr saturation
W20250111 19:39:08.136302 1892064 ImuError.cpp:165] gyr saturation
W20250111 19:39:08.136312 1892064 ImuError.cpp:165] gyr saturation
W20250111 19:39:08.136394 1892064 ImuError.cpp:165] gyr saturation
W20250111 19:39:08.136408 1892064 ImuError.cpp:165] gyr saturation
W20250111 19:39:08.136420 1892064 ImuError.cpp:165] gyr saturation
W20250111 19:39:08.136430 1892064 ImuError.cpp:165] gyr saturation
W20250111 19:39:08.136440 1892064 ImuError.cpp:165] gyr saturation
W20250111 19:39:08.136451 1892064 ImuError.cpp:165] gyr saturation
W20250111 19:39:08.136461 1892064 ImuError.cpp:165] gyr saturation
W20250111 19:39:08.136477 1892064 ImuError.cpp:165] gyr saturation
W20250111 19:39:08.136488 1892064 ImuError.cpp:165] gyr saturation
W20250111 19:39:08.136499 1892064 ImuError.cpp:165] gyr saturation
W20250111 19:39:08.136509 1892064 ImuError.cpp:165] gyr saturation
W20250111 19:39:08.136520 1892064 ImuError.cpp:165] gyr saturation
W20250111 19:39:08.136530 1892064 ImuError.cpp:165] gyr saturation
W20250111 19:39:08.136541 1892064 ImuError.cpp:165] gyr saturation
W20250111 19:39:08.136551 1892064 ImuError.cpp:165] gyr saturation
W20250111 19:39:08.136562 1892064 ImuError.cpp:165] gyr saturation
W20250111 19:39:08.136572 1892064 ImuError.cpp:165] gyr saturation
W20250111 19:39:08.136583 1892064 ImuError.cpp:165] gyr saturation
W20250111 19:39:08.136595 1892064 ImuError.cpp:165] gyr saturation
W20250111 19:39:08.136605 1892064 ImuError.cpp:165] gyr saturation
W20250111 19:39:08.136615 1892064 ImuError.cpp:165] gyr saturation
W20250111 19:39:08.136626 1892064 ImuError.cpp:165] gyr saturation
W20250111 19:39:08.136643 1892064 ImuError.cpp:165] gyr saturation
W20250111 19:39:08.136654 1892064 ImuError.cpp:165] gyr saturation
W20250111 19:39:08.136665 1892064 ImuError.cpp:165] gyr saturation
W20250111 19:39:08.136675 1892064 ImuError.cpp:165] gyr saturation
W20250111 19:39:08.136687 1892064 ImuError.cpp:165] gyr saturation
W20250111 19:39:08.136696 1892064 ImuError.cpp:165] gyr saturation
W20250111 19:39:08.136708 1892064 ImuError.cpp:165] gyr saturation
W20250111 19:39:08.136718 1892064 ImuError.cpp:165] gyr saturation
W20250111 19:39:08.136729 1892064 ImuError.cpp:165] gyr saturation
W20250111 19:39:08.136739 1892064 ImuError.cpp:165] gyr saturation
W20250111 19:39:08.136749 1892064 ImuError.cpp:165] gyr saturation
W20250111 19:39:08.136759 1892064 ImuError.cpp:165] gyr saturation
W20250111 19:39:08.136770 1892064 ImuError.cpp:165] gyr saturation
W20250111 19:39:08.138716 1694375 ImuError.cpp:650] gyr saturation
W20250111 19:39:08.138756 1694375 ImuError.cpp:650] gyr saturation
W20250111 19:39:08.138760 1694375 ImuError.cpp:650] gyr saturation
W20250111 19:39:08.138764 1694375 ImuError.cpp:650] gyr saturation
W20250111 19:39:08.138772 1694375 ImuError.cpp:650] gyr saturation
W20250111 19:39:08.138777 1694375 ImuError.cpp:650] gyr saturation
W20250111 19:39:08.138782 1694375 ImuError.cpp:650] gyr saturation
W20250111 19:39:08.138785 1694375 ImuError.cpp:650] gyr saturation
W20250111 19:39:08.138790 1694375 ImuError.cpp:650] gyr saturation
W20250111 19:39:08.138795 1694375 ImuError.cpp:650] gyr saturation
W20250111 19:39:08.138799 1694375 ImuError.cpp:650] gyr saturation
W20250111 19:39:08.138803 1694375 ImuError.cpp:650] gyr saturation
W20250111 19:39:08.138813 1694375 ImuError.cpp:650] gyr saturation
W20250111 19:39:08.138818 1694375 ImuError.cpp:650] gyr saturation
W20250111 19:39:08.138821 1694375 ImuError.cpp:650] gyr saturation
W20250111 19:39:08.138825 1694375 ImuError.cpp:650] gyr saturation
W20250111 19:39:08.138829 1694375 ImuError.cpp:650] gyr saturation
W20250111 19:39:08.138833 1694375 ImuError.cpp:650] gyr saturation
W20250111 19:39:08.138842 1694375 ImuError.cpp:650] gyr saturation
W20250111 19:39:08.138846 1694375 ImuError.cpp:650] gyr saturation
W20250111 19:39:08.138851 1694375 ImuError.cpp:650] gyr saturation
W20250111 19:39:08.138855 1694375 ImuError.cpp:650] gyr saturation
W20250111 19:39:08.138859 1694375 ImuError.cpp:650] gyr saturation
W20250111 19:39:08.138864 1694375 ImuError.cpp:650] gyr saturation
W20250111 19:39:08.138868 1694375 ImuError.cpp:650] gyr saturation
W20250111 19:39:08.138872 1694375 ImuError.cpp:650] gyr saturation
W20250111 19:39:08.138876 1694375 ImuError.cpp:650] gyr saturation
W20250111 19:39:08.138880 1694375 ImuError.cpp:650] gyr saturation
W20250111 19:39:08.138887 1694375 ImuError.cpp:650] gyr saturation
W20250111 19:39:08.138893 1694375 ImuError.cpp:650] gyr saturation
W20250111 19:39:08.138898 1694375 ImuError.cpp:650] gyr saturation
W20250111 19:39:08.138902 1694375 ImuError.cpp:650] gyr saturation
W20250111 19:39:08.138907 1694375 ImuError.cpp:650] gyr saturation
W20250111 19:39:08.138911 1694375 ImuError.cpp:650] gyr saturation
W20250111 19:39:08.138919 1694375 ImuError.cpp:650] gyr saturation
W20250111 19:39:08.138958 1694375 ImuError.cpp:650] gyr saturation
W20250111 19:39:08.138962 1694375 ImuError.cpp:650] gyr saturation
W20250111 19:39:08.138967 1694375 ImuError.cpp:650] gyr saturation
W20250111 19:39:08.138971 1694375 ImuError.cpp:650] gyr saturation
W20250111 19:39:08.138975 1694375 ImuError.cpp:650] gyr saturation
W20250111 19:39:08.138980 1694375 ImuError.cpp:650] gyr saturation
W20250111 19:39:08.138984 1694375 ImuError.cpp:650] gyr saturation
W20250111 19:39:08.138988 1694375 ImuError.cpp:650] gyr saturation
W20250111 19:39:08.138993 1694375 ImuError.cpp:650] gyr saturation
W20250111 19:39:08.138996 1694375 ImuError.cpp:650] gyr saturation
W20250111 19:39:08.139001 1694375 ImuError.cpp:650] gyr saturation
W20250111 19:39:08.139008 1694375 ImuError.cpp:650] gyr saturation
W20250111 19:39:08.139015 1694375 ImuError.cpp:650] gyr saturation
W20250111 19:39:08.139019 1694375 ImuError.cpp:650] gyr saturation
W20250111 19:39:08.139024 1694375 ImuError.cpp:650] gyr saturation
W20250111 19:39:08.139027 1694375 ImuError.cpp:650] gyr saturation
W20250111 19:39:08.139031 1694375 ImuError.cpp:650] gyr saturation
W20250111 19:39:08.139037 1694375 ImuError.cpp:650] gyr saturation
W20250111 19:39:08.139041 1694375 ImuError.cpp:650] gyr saturation
W20250111 19:39:08.139045 1694375 ImuError.cpp:650] gyr saturation
W20250111 19:39:08.139050 1694375 ImuError.cpp:650] gyr saturation
W20250111 19:39:08.139055 1694375 ImuError.cpp:650] gyr saturation
W20250111 19:39:08.139058 1694375 ImuError.cpp:650] gyr saturation
W20250111 19:39:08.139062 1694375 ImuError.cpp:650] gyr saturation
W20250111 19:39:08.139066 1694375 ImuError.cpp:650] gyr saturation
W20250111 19:39:08.139070 1694375 ImuError.cpp:650] gyr saturation
W20250111 19:39:08.139076 1694375 ImuError.cpp:650] gyr saturation
W20250111 19:39:08.139081 1694375 ImuError.cpp:650] gyr saturation
W20250111 19:39:08.139086 1694375 ImuError.cpp:650] gyr saturation
W20250111 19:39:08.139089 1694375 ImuError.cpp:650] gyr saturation
W20250111 19:39:08.139094 1694375 ImuError.cpp:650] gyr saturation
W20250111 19:39:08.139098 1694375 ImuError.cpp:650] gyr saturation
W20250111 19:39:08.139103 1694375 ImuError.cpp:650] gyr saturation
W20250111 19:39:08.139109 1694375 ImuError.cpp:650] gyr saturation
W20250111 19:39:08.139113 1694375 ImuError.cpp:650] gyr saturation
W20250111 19:39:08.139601 1694375 Frontend.cpp:615] 3d2d tracking lost. Number of 3d2d-matches: 0
W20250111 19:39:08.140163 1694375 ImuError.cpp:650] gyr saturation
W20250111 19:39:08.140172 1694375 ImuError.cpp:650] gyr saturation
W20250111 19:39:08.140177 1694375 ImuError.cpp:650] gyr saturation
W20250111 19:39:08.140182 1694375 ImuError.cpp:650] gyr saturation
W20250111 19:39:08.140185 1694375 ImuError.cpp:650] gyr saturation
W20250111 19:39:08.140188 1694375 ImuError.cpp:650] gyr saturation
W20250111 19:39:08.140192 1694375 ImuError.cpp:650] gyr saturation
W20250111 19:39:08.140197 1694375 ImuError.cpp:650] gyr saturation
W20250111 19:39:08.140200 1694375 ImuError.cpp:650] gyr saturation
W20250111 19:39:08.140204 1694375 ImuError.cpp:650] gyr saturation
W20250111 19:39:08.140208 1694375 ImuError.cpp:650] gyr saturation
W20250111 19:39:08.140211 1694375 ImuError.cpp:650] gyr saturation
W20250111 19:39:08.140218 1694375 ImuError.cpp:650] gyr saturation
W20250111 19:39:08.140221 1694375 ImuError.cpp:650] gyr saturation
W20250111 19:39:08.140224 1694375 ImuError.cpp:650] gyr saturation
W20250111 19:39:08.140234 1694375 ImuError.cpp:650] gyr saturation
W20250111 19:39:08.140237 1694375 ImuError.cpp:650] gyr saturation
W20250111 19:39:08.140240 1694375 ImuError.cpp:650] gyr saturation
W20250111 19:39:08.140244 1694375 ImuError.cpp:650] gyr saturation
W20250111 19:39:08.140249 1694375 ImuError.cpp:650] gyr saturation
W20250111 19:39:08.140251 1694375 ImuError.cpp:650] gyr saturation
W20250111 19:39:08.140256 1694375 ImuError.cpp:650] gyr saturation
W20250111 19:39:08.140260 1694375 ImuError.cpp:650] gyr saturation
W20250111 19:39:08.140269 1694375 ImuError.cpp:650] gyr saturation
W20250111 19:39:08.140275 1694375 ImuError.cpp:650] gyr saturation
W20250111 19:39:08.140277 1694375 ImuError.cpp:650] gyr saturation
W20250111 19:39:08.140281 1694375 ImuError.cpp:650] gyr saturation
W20250111 19:39:08.140285 1694375 ImuError.cpp:650] gyr saturation
W20250111 19:39:08.140288 1694375 ImuError.cpp:650] gyr saturation
W20250111 19:39:08.140292 1694375 ImuError.cpp:650] gyr saturation
W20250111 19:39:08.140296 1694375 ImuError.cpp:650] gyr saturation
W20250111 19:39:08.140300 1694375 ImuError.cpp:650] gyr saturation
W20250111 19:39:08.140303 1694375 ImuError.cpp:650] gyr saturation
W20250111 19:39:08.140306 1694375 ImuError.cpp:650] gyr saturation
W20250111 19:39:08.140311 1694375 ImuError.cpp:650] gyr saturation
W20250111 19:39:08.140316 1694375 ImuError.cpp:650] gyr saturation
W20250111 19:39:08.140321 1694375 ImuError.cpp:650] gyr saturation
W20250111 19:39:08.140324 1694375 ImuError.cpp:650] gyr saturation
W20250111 19:39:08.140331 1694375 ImuError.cpp:650] gyr saturation
W20250111 19:39:08.140336 1694375 ImuError.cpp:650] gyr saturation
W20250111 19:39:08.140340 1694375 ImuError.cpp:650] gyr saturation
W20250111 19:39:08.140345 1694375 ImuError.cpp:650] gyr saturation
W20250111 19:39:08.140349 1694375 ImuError.cpp:650] gyr saturation
W20250111 19:39:08.140354 1694375 ImuError.cpp:650] gyr saturation
W20250111 19:39:08.140358 1694375 ImuError.cpp:650] gyr saturation
W20250111 19:39:08.140363 1694375 ImuError.cpp:650] gyr saturation
W20250111 19:39:08.140367 1694375 ImuError.cpp:650] gyr saturation
W20250111 19:39:08.140370 1694375 ImuError.cpp:650] gyr saturation
W20250111 19:39:08.140374 1694375 ImuError.cpp:650] gyr saturation
W20250111 19:39:08.140378 1694375 ImuError.cpp:650] gyr saturation
W20250111 19:39:08.140381 1694375 ImuError.cpp:650] gyr saturation
W20250111 19:39:08.140385 1694375 ImuError.cpp:650] gyr saturation
W20250111 19:39:08.140388 1694375 ImuError.cpp:650] gyr saturation
W20250111 19:39:08.140393 1694375 ImuError.cpp:650] gyr saturation
W20250111 19:39:08.140398 1694375 ImuError.cpp:650] gyr saturation
W20250111 19:39:08.140401 1694375 ImuError.cpp:650] gyr saturation
W20250111 19:39:08.140406 1694375 ImuError.cpp:650] gyr saturation
W20250111 19:39:08.140410 1694375 ImuError.cpp:650] gyr saturation
W20250111 19:39:08.140413 1694375 ImuError.cpp:650] gyr saturation
W20250111 19:39:08.140417 1694375 ImuError.cpp:650] gyr saturation
W20250111 19:39:08.140421 1694375 ImuError.cpp:650] gyr saturation
W20250111 19:39:08.140426 1694375 ImuError.cpp:650] gyr saturation
W20250111 19:39:08.140430 1694375 ImuError.cpp:650] gyr saturation
W20250111 19:39:08.140434 1694375 ImuError.cpp:650] gyr saturation
W20250111 19:39:08.140439 1694375 ImuError.cpp:650] gyr saturation
W20250111 19:39:08.140444 1694375 ImuError.cpp:650] gyr saturation
W20250111 19:39:08.140448 1694375 ImuError.cpp:650] gyr saturation
W20250111 19:39:08.140452 1694375 ImuError.cpp:650] gyr saturation
W20250111 19:39:08.142719 1694388 ImuError.cpp:368] gyr saturation
W20250111 19:39:08.142792 1694388 ImuError.cpp:368] gyr saturation
W20250111 19:39:08.142807 1694388 ImuError.cpp:368] gyr saturation
W20250111 19:39:08.142819 1694388 ImuError.cpp:368] gyr saturation
W20250111 19:39:08.142832 1694388 ImuError.cpp:368] gyr saturation
W20250111 19:39:08.142844 1694388 ImuError.cpp:368] gyr saturation
W20250111 19:39:08.142855 1694388 ImuError.cpp:368] gyr saturation
W20250111 19:39:08.142866 1694388 ImuError.cpp:368] gyr saturation
W20250111 19:39:08.142879 1694388 ImuError.cpp:368] gyr saturation
W20250111 19:39:08.142890 1694388 ImuError.cpp:368] gyr saturation
W20250111 19:39:08.142901 1694388 ImuError.cpp:368] gyr saturation
W20250111 19:39:08.142912 1694388 ImuError.cpp:368] gyr saturation
W20250111 19:39:08.142923 1694388 ImuError.cpp:368] gyr saturation
W20250111 19:39:08.142935 1694388 ImuError.cpp:368] gyr saturation
W20250111 19:39:08.142946 1694388 ImuError.cpp:368] gyr saturation
W20250111 19:39:08.142956 1694388 ImuError.cpp:368] gyr saturation
W20250111 19:39:08.142984 1694388 ImuError.cpp:368] gyr saturation
W20250111 19:39:08.142997 1694388 ImuError.cpp:368] gyr saturation
W20250111 19:39:08.143008 1694388 ImuError.cpp:368] gyr saturation
W20250111 19:39:08.143019 1694388 ImuError.cpp:368] gyr saturation
W20250111 19:39:08.143030 1694388 ImuError.cpp:368] gyr saturation
W20250111 19:39:08.143043 1694388 ImuError.cpp:368] gyr saturation
W20250111 19:39:08.143054 1694388 ImuError.cpp:368] gyr saturation
W20250111 19:39:08.143065 1694388 ImuError.cpp:368] gyr saturation
W20250111 19:39:08.143076 1694388 ImuError.cpp:368] gyr saturation
W20250111 19:39:08.143088 1694388 ImuError.cpp:368] gyr saturation
W20250111 19:39:08.143098 1694388 ImuError.cpp:368] gyr saturation
W20250111 19:39:08.143110 1694388 ImuError.cpp:368] gyr saturation
W20250111 19:39:08.143121 1694388 ImuError.cpp:368] gyr saturation
W20250111 19:39:08.143131 1694388 ImuError.cpp:368] gyr saturation
W20250111 19:39:08.143142 1694388 ImuError.cpp:368] gyr saturation
W20250111 19:39:08.143152 1694388 ImuError.cpp:368] gyr saturation
W20250111 19:39:08.143163 1694388 ImuError.cpp:368] gyr saturation
W20250111 19:39:08.143174 1694388 ImuError.cpp:368] gyr saturation
W20250111 19:39:08.143186 1694388 ImuError.cpp:368] gyr saturation
W20250111 19:39:08.169842 1892082 ViSlamBackend.cpp:466] TRACKING FAILURE: quality=0
W20250111 19:39:08.170123 1892082 ImuError.cpp:165] gyr saturation
W20250111 19:39:08.170150 1892082 ImuError.cpp:165] gyr saturation
W20250111 19:39:08.170162 1892082 ImuError.cpp:165] gyr saturation
W20250111 19:39:08.170176 1892082 ImuError.cpp:165] gyr saturation
W20250111 19:39:08.170187 1892082 ImuError.cpp:165] gyr saturation
W20250111 19:39:08.170200 1892082 ImuError.cpp:165] gyr saturation
W20250111 19:39:08.170212 1892082 ImuError.cpp:165] gyr saturation
W20250111 19:39:08.170223 1892082 ImuError.cpp:165] gyr saturation
W20250111 19:39:08.170233 1892082 ImuError.cpp:165] gyr saturation
W20250111 19:39:08.170244 1892082 ImuError.cpp:165] gyr saturation
W20250111 19:39:08.170255 1892082 ImuError.cpp:165] gyr saturation
W20250111 19:39:08.170267 1892082 ImuError.cpp:165] gyr saturation
W20250111 19:39:08.170277 1892082 ImuError.cpp:165] gyr saturation
W20250111 19:39:08.170289 1892082 ImuError.cpp:165] gyr saturation
W20250111 19:39:08.170300 1892082 ImuError.cpp:165] gyr saturation
W20250111 19:39:08.170312 1892082 ImuError.cpp:165] gyr saturation
W20250111 19:39:08.170322 1892082 ImuError.cpp:165] gyr saturation
W20250111 19:39:08.170334 1892082 ImuError.cpp:165] gyr saturation
W20250111 19:39:08.170346 1892082 ImuError.cpp:165] gyr saturation
W20250111 19:39:08.170356 1892082 ImuError.cpp:165] gyr saturation
W20250111 19:39:08.170377 1892082 ImuError.cpp:165] gyr saturation
W20250111 19:39:08.170387 1892082 ImuError.cpp:165] gyr saturation
W20250111 19:39:08.170398 1892082 ImuError.cpp:165] gyr saturation
W20250111 19:39:08.170409 1892082 ImuError.cpp:165] gyr saturation
W20250111 19:39:08.170420 1892082 ImuError.cpp:165] gyr saturation
W20250111 19:39:08.170431 1892082 ImuError.cpp:165] gyr saturation
W20250111 19:39:08.170442 1892082 ImuError.cpp:165] gyr saturation
W20250111 19:39:08.170454 1892082 ImuError.cpp:165] gyr saturation
W20250111 19:39:08.170465 1892082 ImuError.cpp:165] gyr saturation
W20250111 19:39:08.170476 1892082 ImuError.cpp:165] gyr saturation
W20250111 19:39:08.170486 1892082 ImuError.cpp:165] gyr saturation
W20250111 19:39:08.170497 1892082 ImuError.cpp:165] gyr saturation
W20250111 19:39:08.170508 1892082 ImuError.cpp:165] gyr saturation
W20250111 19:39:08.170519 1892082 ImuError.cpp:165] gyr saturation
W20250111 19:39:08.170589 1892082 ImuError.cpp:165] gyr saturation
W20250111 19:39:08.170603 1892082 ImuError.cpp:165] gyr saturation
W20250111 19:39:08.170614 1892082 ImuError.cpp:165] gyr saturation
W20250111 19:39:08.170625 1892082 ImuError.cpp:165] gyr saturation
W20250111 19:39:08.170643 1892082 ImuError.cpp:165] gyr saturation
W20250111 19:39:08.170655 1892082 ImuError.cpp:165] gyr saturation
W20250111 19:39:08.170667 1892082 ImuError.cpp:165] gyr saturation
W20250111 19:39:08.170684 1892082 ImuError.cpp:165] gyr saturation
W20250111 19:39:08.170698 1892082 ImuError.cpp:165] gyr saturation
W20250111 19:39:08.170709 1892082 ImuError.cpp:165] gyr saturation
W20250111 19:39:08.170720 1892082 ImuError.cpp:165] gyr saturation
W20250111 19:39:08.170732 1892082 ImuError.cpp:165] gyr saturation
W20250111 19:39:08.170745 1892082 ImuError.cpp:165] gyr saturation
W20250111 19:39:08.170756 1892082 ImuError.cpp:165] gyr saturation
W20250111 19:39:08.170766 1892082 ImuError.cpp:165] gyr saturation
W20250111 19:39:08.170778 1892082 ImuError.cpp:165] gyr saturation
W20250111 19:39:08.170789 1892082 ImuError.cpp:165] gyr saturation
W20250111 19:39:08.170800 1892082 ImuError.cpp:165] gyr saturation
W20250111 19:39:08.170812 1892082 ImuError.cpp:165] gyr saturation
W20250111 19:39:08.170823 1892082 ImuError.cpp:165] gyr saturation
W20250111 19:39:08.170835 1892082 ImuError.cpp:165] gyr saturation
W20250111 19:39:08.170845 1892082 ImuError.cpp:165] gyr saturation
W20250111 19:39:08.170856 1892082 ImuError.cpp:165] gyr saturation
W20250111 19:39:08.170867 1892082 ImuError.cpp:165] gyr saturation
W20250111 19:39:08.170878 1892082 ImuError.cpp:165] gyr saturation
W20250111 19:39:08.170889 1892082 ImuError.cpp:165] gyr saturation
W20250111 19:39:08.170900 1892082 ImuError.cpp:165] gyr saturation
W20250111 19:39:08.170912 1892082 ImuError.cpp:165] gyr saturation
W20250111 19:39:08.170923 1892082 ImuError.cpp:165] gyr saturation
W20250111 19:39:08.170935 1892082 ImuError.cpp:165] gyr saturation
W20250111 19:39:08.170946 1892082 ImuError.cpp:165] gyr saturation
W20250111 19:39:08.170957 1892082 ImuError.cpp:165] gyr saturation
W20250111 19:39:08.170969 1892082 ImuError.cpp:165] gyr saturation
W20250111 19:39:08.170979 1892082 ImuError.cpp:165] gyr saturation
W20250111 19:39:08.173727 1694375 ImuError.cpp:650] gyr saturation
W20250111 19:39:08.173766 1694375 ImuError.cpp:650] gyr saturation
W20250111 19:39:08.173771 1694375 ImuError.cpp:650] gyr saturation
W20250111 19:39:08.173775 1694375 ImuError.cpp:650] gyr saturation
W20250111 19:39:08.173779 1694375 ImuError.cpp:650] gyr saturation
W20250111 19:39:08.173784 1694375 ImuError.cpp:650] gyr saturation
W20250111 19:39:08.173789 1694375 ImuError.cpp:650] gyr saturation
W20250111 19:39:08.173792 1694375 ImuError.cpp:650] gyr saturation
W20250111 19:39:08.173797 1694375 ImuError.cpp:650] gyr saturation
W20250111 19:39:08.173801 1694375 ImuError.cpp:650] gyr saturation
W20250111 19:39:08.173805 1694375 ImuError.cpp:650] gyr saturation
W20250111 19:39:08.173810 1694375 ImuError.cpp:650] gyr saturation
W20250111 19:39:08.173813 1694375 ImuError.cpp:650] gyr saturation
W20250111 19:39:08.173822 1694375 ImuError.cpp:650] gyr saturation
W20250111 19:39:08.173827 1694375 ImuError.cpp:650] gyr saturation
W20250111 19:39:08.173831 1694375 ImuError.cpp:650] gyr saturation
W20250111 19:39:08.173836 1694375 ImuError.cpp:650] gyr saturation
W20250111 19:39:08.173840 1694375 ImuError.cpp:650] gyr saturation
W20250111 19:39:08.173843 1694375 ImuError.cpp:650] gyr saturation
W20250111 19:39:08.173847 1694375 ImuError.cpp:650] gyr saturation
W20250111 19:39:08.173851 1694375 ImuError.cpp:650] gyr saturation
W20250111 19:39:08.173856 1694375 ImuError.cpp:650] gyr saturation
W20250111 19:39:08.173859 1694375 ImuError.cpp:650] gyr saturation
W20250111 19:39:08.173863 1694375 ImuError.cpp:650] gyr saturation
W20250111 19:39:08.173867 1694375 ImuError.cpp:650] gyr saturation
W20250111 19:39:08.173871 1694375 ImuError.cpp:650] gyr saturation
W20250111 19:39:08.173875 1694375 ImuError.cpp:650] gyr saturation
W20250111 19:39:08.173878 1694375 ImuError.cpp:650] gyr saturation
W20250111 19:39:08.173882 1694375 ImuError.cpp:650] gyr saturation
W20250111 19:39:08.173884 1694375 ImuError.cpp:650] gyr saturation
W20250111 19:39:08.173888 1694375 ImuError.cpp:650] gyr saturation
W20250111 19:39:08.173892 1694375 ImuError.cpp:650] gyr saturation
W20250111 19:39:08.173894 1694375 ImuError.cpp:650] gyr saturation
W20250111 19:39:08.173898 1694375 ImuError.cpp:650] gyr saturation
W20250111 19:39:08.174049 1694375 ImuError.cpp:650] gyr saturation
W20250111 19:39:08.174055 1694375 ImuError.cpp:650] gyr saturation
W20250111 19:39:08.174059 1694375 ImuError.cpp:650] gyr saturation
W20250111 19:39:08.174062 1694375 ImuError.cpp:650] gyr saturation
W20250111 19:39:08.174067 1694375 ImuError.cpp:650] gyr saturation
W20250111 19:39:08.174069 1694375 ImuError.cpp:650] gyr saturation
W20250111 19:39:08.174073 1694375 ImuError.cpp:650] gyr saturation
W20250111 19:39:08.174077 1694375 ImuError.cpp:650] gyr saturation
W20250111 19:39:08.174079 1694375 ImuError.cpp:650] gyr saturation
W20250111 19:39:08.174083 1694375 ImuError.cpp:650] gyr saturation
W20250111 19:39:08.174088 1694375 ImuError.cpp:650] gyr saturation
W20250111 19:39:08.174091 1694375 ImuError.cpp:650] gyr saturation
W20250111 19:39:08.174096 1694375 ImuError.cpp:650] gyr saturation
W20250111 19:39:08.174100 1694375 ImuError.cpp:650] gyr saturation
W20250111 19:39:08.174104 1694375 ImuError.cpp:650] gyr saturation
W20250111 19:39:08.174109 1694375 ImuError.cpp:650] gyr saturation
W20250111 19:39:08.174113 1694375 ImuError.cpp:650] gyr saturation
W20250111 19:39:08.174118 1694375 ImuError.cpp:650] gyr saturation
W20250111 19:39:08.174121 1694375 ImuError.cpp:650] gyr saturation
W20250111 19:39:08.174127 1694375 ImuError.cpp:650] gyr saturation
W20250111 19:39:08.174130 1694375 ImuError.cpp:650] gyr saturation
W20250111 19:39:08.174135 1694375 ImuError.cpp:650] gyr saturation
W20250111 19:39:08.174139 1694375 ImuError.cpp:650] gyr saturation
W20250111 19:39:08.174144 1694375 ImuError.cpp:650] gyr saturation
W20250111 19:39:08.174147 1694375 ImuError.cpp:650] gyr saturation
W20250111 19:39:08.174152 1694375 ImuError.cpp:650] gyr saturation
W20250111 19:39:08.174155 1694375 ImuError.cpp:650] gyr saturation
W20250111 19:39:08.174160 1694375 ImuError.cpp:650] gyr saturation
W20250111 19:39:08.174165 1694375 ImuError.cpp:650] gyr saturation
W20250111 19:39:08.174170 1694375 ImuError.cpp:650] gyr saturation
W20250111 19:39:08.174173 1694375 ImuError.cpp:650] gyr saturation
W20250111 19:39:08.174176 1694375 ImuError.cpp:650] gyr saturation
W20250111 19:39:08.174180 1694375 ImuError.cpp:650] gyr saturation
W20250111 19:39:08.174183 1694375 ImuError.cpp:650] gyr saturation
W20250111 19:39:08.174660 1694375 Frontend.cpp:615] 3d2d tracking lost. Number of 3d2d-matches: 0
W20250111 19:39:08.175402 1694375 ImuError.cpp:650] gyr saturation
W20250111 19:39:08.175411 1694375 ImuError.cpp:650] gyr saturation
W20250111 19:39:08.175415 1694375 ImuError.cpp:650] gyr saturation
W20250111 19:39:08.175418 1694375 ImuError.cpp:650] gyr saturation
W20250111 19:39:08.175421 1694375 ImuError.cpp:650] gyr saturation
W20250111 19:39:08.175427 1694375 ImuError.cpp:650] gyr saturation
W20250111 19:39:08.175431 1694375 ImuError.cpp:650] gyr saturation
W20250111 19:39:08.175434 1694375 ImuError.cpp:650] gyr saturation
W20250111 19:39:08.175437 1694375 ImuError.cpp:650] gyr saturation
W20250111 19:39:08.175441 1694375 ImuError.cpp:650] gyr saturation
W20250111 19:39:08.175444 1694375 ImuError.cpp:650] gyr saturation
W20250111 19:39:08.175448 1694375 ImuError.cpp:650] gyr saturation
W20250111 19:39:08.175452 1694375 ImuError.cpp:650] gyr saturation
W20250111 19:39:08.175455 1694375 ImuError.cpp:650] gyr saturation
W20250111 19:39:08.175459 1694375 ImuError.cpp:650] gyr saturation
W20250111 19:39:08.175462 1694375 ImuError.cpp:650] gyr saturation
W20250111 19:39:08.175465 1694375 ImuError.cpp:650] gyr saturation
W20250111 19:39:08.175468 1694375 ImuError.cpp:650] gyr saturation
W20250111 19:39:08.175472 1694375 ImuError.cpp:650] gyr saturation
W20250111 19:39:08.175475 1694375 ImuError.cpp:650] gyr saturation
W20250111 19:39:08.175479 1694375 ImuError.cpp:650] gyr saturation
W20250111 19:39:08.175483 1694375 ImuError.cpp:650] gyr saturation
W20250111 19:39:08.175489 1694375 ImuError.cpp:650] gyr saturation
W20250111 19:39:08.175494 1694375 ImuError.cpp:650] gyr saturation
W20250111 19:39:08.175498 1694375 ImuError.cpp:650] gyr saturation
W20250111 19:39:08.175504 1694375 ImuError.cpp:650] gyr saturation
W20250111 19:39:08.175509 1694375 ImuError.cpp:650] gyr saturation
W20250111 19:39:08.175513 1694375 ImuError.cpp:650] gyr saturation
W20250111 19:39:08.175516 1694375 ImuError.cpp:650] gyr saturation
W20250111 19:39:08.175520 1694375 ImuError.cpp:650] gyr saturation
W20250111 19:39:08.175523 1694375 ImuError.cpp:650] gyr saturation
W20250111 19:39:08.175526 1694375 ImuError.cpp:650] gyr saturation
W20250111 19:39:08.175529 1694375 ImuError.cpp:650] gyr saturation
W20250111 19:39:08.175534 1694375 ImuError.cpp:650] gyr saturation
W20250111 19:39:08.175539 1694375 ImuError.cpp:650] gyr saturation
W20250111 19:39:08.175544 1694375 ImuError.cpp:650] gyr saturation
W20250111 19:39:08.175547 1694375 ImuError.cpp:650] gyr saturation
W20250111 19:39:08.175552 1694375 ImuError.cpp:650] gyr saturation
W20250111 19:39:08.175555 1694375 ImuError.cpp:650] gyr saturation
W20250111 19:39:08.175561 1694375 ImuError.cpp:650] gyr saturation
W20250111 19:39:08.175565 1694375 ImuError.cpp:650] gyr saturation
W20250111 19:39:08.175568 1694375 ImuError.cpp:650] gyr saturation
W20250111 19:39:08.175572 1694375 ImuError.cpp:650] gyr saturation
W20250111 19:39:08.175577 1694375 ImuError.cpp:650] gyr saturation
W20250111 19:39:08.175580 1694375 ImuError.cpp:650] gyr saturation
W20250111 19:39:08.175585 1694375 ImuError.cpp:650] gyr saturation
W20250111 19:39:08.175587 1694375 ImuError.cpp:650] gyr saturation
W20250111 19:39:08.175592 1694375 ImuError.cpp:650] gyr saturation
W20250111 19:39:08.175596 1694375 ImuError.cpp:650] gyr saturation
W20250111 19:39:08.175602 1694375 ImuError.cpp:650] gyr saturation
W20250111 19:39:08.175606 1694375 ImuError.cpp:650] gyr saturation
W20250111 19:39:08.175608 1694375 ImuError.cpp:650] gyr saturation
W20250111 19:39:08.175612 1694375 ImuError.cpp:650] gyr saturation
W20250111 19:39:08.175616 1694375 ImuError.cpp:650] gyr saturation
W20250111 19:39:08.175619 1694375 ImuError.cpp:650] gyr saturation
W20250111 19:39:08.175623 1694375 ImuError.cpp:650] gyr saturation
W20250111 19:39:08.175627 1694375 ImuError.cpp:650] gyr saturation
W20250111 19:39:08.175635 1694375 ImuError.cpp:650] gyr saturation
W20250111 19:39:08.175640 1694375 ImuError.cpp:650] gyr saturation
W20250111 19:39:08.175644 1694375 ImuError.cpp:650] gyr saturation
W20250111 19:39:08.175649 1694375 ImuError.cpp:650] gyr saturation
W20250111 19:39:08.175653 1694375 ImuError.cpp:650] gyr saturation
W20250111 19:39:08.175658 1694375 ImuError.cpp:650] gyr saturation
W20250111 19:39:08.175662 1694375 ImuError.cpp:650] gyr saturation
W20250111 19:39:08.175665 1694375 ImuError.cpp:650] gyr saturation
W20250111 19:39:08.175670 1694375 ImuError.cpp:650] gyr saturation
W20250111 19:39:08.175674 1694375 ImuError.cpp:650] gyr saturation
W20250111 19:39:08.175679 1694375 ImuError.cpp:650] gyr saturation
W20250111 19:39:08.177734 1892108 ImuError.cpp:368] gyr saturation
W20250111 19:39:08.177809 1892108 ImuError.cpp:368] gyr saturation
W20250111 19:39:08.177821 1892108 ImuError.cpp:368] gyr saturation
W20250111 19:39:08.177835 1892108 ImuError.cpp:368] gyr saturation
W20250111 19:39:08.177846 1892108 ImuError.cpp:368] gyr saturation
W20250111 19:39:08.177857 1892108 ImuError.cpp:368] gyr saturation
W20250111 19:39:08.177868 1892108 ImuError.cpp:368] gyr saturation
W20250111 19:39:08.177879 1892108 ImuError.cpp:368] gyr saturation
W20250111 19:39:08.177891 1892108 ImuError.cpp:368] gyr saturation
W20250111 19:39:08.177901 1892108 ImuError.cpp:368] gyr saturation
W20250111 19:39:08.177912 1892108 ImuError.cpp:368] gyr saturation
W20250111 19:39:08.177923 1892108 ImuError.cpp:368] gyr saturation
W20250111 19:39:08.177933 1892108 ImuError.cpp:368] gyr saturation
W20250111 19:39:08.177944 1892108 ImuError.cpp:368] gyr saturation
W20250111 19:39:08.177956 1892108 ImuError.cpp:368] gyr saturation
W20250111 19:39:08.177968 1892108 ImuError.cpp:368] gyr saturation
W20250111 19:39:08.177978 1892108 ImuError.cpp:368] gyr saturation
W20250111 19:39:08.177989 1892108 ImuError.cpp:368] gyr saturation
W20250111 19:39:08.177999 1892108 ImuError.cpp:368] gyr saturation
W20250111 19:39:08.178023 1892108 ImuError.cpp:368] gyr saturation
W20250111 19:39:08.178035 1892108 ImuError.cpp:368] gyr saturation
W20250111 19:39:08.178046 1892108 ImuError.cpp:368] gyr saturation
W20250111 19:39:08.178057 1892108 ImuError.cpp:368] gyr saturation
W20250111 19:39:08.178068 1892108 ImuError.cpp:368] gyr saturation
W20250111 19:39:08.178079 1892108 ImuError.cpp:368] gyr saturation
W20250111 19:39:08.178090 1892108 ImuError.cpp:368] gyr saturation
W20250111 19:39:08.178102 1892108 ImuError.cpp:368] gyr saturation
W20250111 19:39:08.178112 1892108 ImuError.cpp:368] gyr saturation
W20250111 19:39:08.178122 1892108 ImuError.cpp:368] gyr saturation
W20250111 19:39:08.178133 1892108 ImuError.cpp:368] gyr saturation
W20250111 19:39:08.178144 1892108 ImuError.cpp:368] gyr saturation
W20250111 19:39:08.178155 1892108 ImuError.cpp:368] gyr saturation
W20250111 19:39:08.178166 1892108 ImuError.cpp:368] gyr saturation
W20250111 19:39:08.178177 1892108 ImuError.cpp:368] gyr saturation
W20250111 19:39:08.195364 1892108 ViSlamBackend.cpp:466] TRACKING FAILURE: quality=0
W20250111 19:39:08.195556 1892108 ImuError.cpp:165] gyr saturation
W20250111 19:39:08.195581 1892108 ImuError.cpp:165] gyr saturation
W20250111 19:39:08.195593 1892108 ImuError.cpp:165] gyr saturation
W20250111 19:39:08.195605 1892108 ImuError.cpp:165] gyr saturation
W20250111 19:39:08.195617 1892108 ImuError.cpp:165] gyr saturation
W20250111 19:39:08.195628 1892108 ImuError.cpp:165] gyr saturation
W20250111 19:39:08.195647 1892108 ImuError.cpp:165] gyr saturation
W20250111 19:39:08.195662 1892108 ImuError.cpp:165] gyr saturation
W20250111 19:39:08.195672 1892108 ImuError.cpp:165] gyr saturation
W20250111 19:39:08.195684 1892108 ImuError.cpp:165] gyr saturation
W20250111 19:39:08.195695 1892108 ImuError.cpp:165] gyr saturation
W20250111 19:39:08.195708 1892108 ImuError.cpp:165] gyr saturation
W20250111 19:39:08.195719 1892108 ImuError.cpp:165] gyr saturation
W20250111 19:39:08.195730 1892108 ImuError.cpp:165] gyr saturation
W20250111 19:39:08.195741 1892108 ImuError.cpp:165] gyr saturation
W20250111 19:39:08.195752 1892108 ImuError.cpp:165] gyr saturation
W20250111 19:39:08.195763 1892108 ImuError.cpp:165] gyr saturation
W20250111 19:39:08.195775 1892108 ImuError.cpp:165] gyr saturation
W20250111 19:39:08.195786 1892108 ImuError.cpp:165] gyr saturation
W20250111 19:39:08.195797 1892108 ImuError.cpp:165] gyr saturation
W20250111 19:39:08.195808 1892108 ImuError.cpp:165] gyr saturation
W20250111 19:39:08.195820 1892108 ImuError.cpp:165] gyr saturation
W20250111 19:39:08.195832 1892108 ImuError.cpp:165] gyr saturation
W20250111 19:39:08.195842 1892108 ImuError.cpp:165] gyr saturation
W20250111 19:39:08.195865 1892108 ImuError.cpp:165] gyr saturation
W20250111 19:39:08.195878 1892108 ImuError.cpp:165] gyr saturation
W20250111 19:39:08.195888 1892108 ImuError.cpp:165] gyr saturation
W20250111 19:39:08.195899 1892108 ImuError.cpp:165] gyr saturation
W20250111 19:39:08.195910 1892108 ImuError.cpp:165] gyr saturation
W20250111 19:39:08.195922 1892108 ImuError.cpp:165] gyr saturation
W20250111 19:39:08.195932 1892108 ImuError.cpp:165] gyr saturation
W20250111 19:39:08.195945 1892108 ImuError.cpp:165] gyr saturation
W20250111 19:39:08.195955 1892108 ImuError.cpp:165] gyr saturation
W20250111 19:39:08.195966 1892108 ImuError.cpp:165] gyr saturation
W20250111 19:39:08.196029 1892108 ImuError.cpp:165] gyr saturation
W20250111 19:39:08.196043 1892108 ImuError.cpp:165] gyr saturation
W20250111 19:39:08.196054 1892108 ImuError.cpp:165] gyr saturation
W20250111 19:39:08.196066 1892108 ImuError.cpp:165] gyr saturation
W20250111 19:39:08.196077 1892108 ImuError.cpp:165] gyr saturation
W20250111 19:39:08.196089 1892108 ImuError.cpp:165] gyr saturation
W20250111 19:39:08.196099 1892108 ImuError.cpp:165] gyr saturation
W20250111 19:39:08.196110 1892108 ImuError.cpp:165] gyr saturation
W20250111 19:39:08.196121 1892108 ImuError.cpp:165] gyr saturation
W20250111 19:39:08.196132 1892108 ImuError.cpp:165] gyr saturation
W20250111 19:39:08.196143 1892108 ImuError.cpp:165] gyr saturation
W20250111 19:39:08.196161 1892108 ImuError.cpp:165] gyr saturation
W20250111 19:39:08.196172 1892108 ImuError.cpp:165] gyr saturation
W20250111 19:39:08.196183 1892108 ImuError.cpp:165] gyr saturation
W20250111 19:39:08.196194 1892108 ImuError.cpp:165] gyr saturation
W20250111 19:39:08.196205 1892108 ImuError.cpp:165] gyr saturation
W20250111 19:39:08.196216 1892108 ImuError.cpp:165] gyr saturation
W20250111 19:39:08.196228 1892108 ImuError.cpp:165] gyr saturation
W20250111 19:39:08.196238 1892108 ImuError.cpp:165] gyr saturation
W20250111 19:39:08.196250 1892108 ImuError.cpp:165] gyr saturation
W20250111 19:39:08.196261 1892108 ImuError.cpp:165] gyr saturation
W20250111 19:39:08.196272 1892108 ImuError.cpp:165] gyr saturation
W20250111 19:39:08.196283 1892108 ImuError.cpp:165] gyr saturation
W20250111 19:39:08.196295 1892108 ImuError.cpp:165] gyr saturation
W20250111 19:39:08.196305 1892108 ImuError.cpp:165] gyr saturation
W20250111 19:39:08.196317 1892108 ImuError.cpp:165] gyr saturation
W20250111 19:39:08.196329 1892108 ImuError.cpp:165] gyr saturation
W20250111 19:39:08.196341 1892108 ImuError.cpp:165] gyr saturation
W20250111 19:39:08.196352 1892108 ImuError.cpp:165] gyr saturation
W20250111 19:39:08.196363 1892108 ImuError.cpp:165] gyr saturation
W20250111 19:39:08.196375 1892108 ImuError.cpp:165] gyr saturation
W20250111 19:39:08.196388 1892108 ImuError.cpp:165] gyr saturation
W20250111 19:39:08.196398 1892108 ImuError.cpp:165] gyr saturation
W20250111 19:39:08.196410 1892108 ImuError.cpp:165] gyr saturation
W20250111 19:39:08.197203 1694375 ImuError.cpp:650] gyr saturation
W20250111 19:39:08.197219 1694375 ImuError.cpp:650] gyr saturation
W20250111 19:39:08.197227 1694375 ImuError.cpp:650] gyr saturation
W20250111 19:39:08.197230 1694375 ImuError.cpp:650] gyr saturation
W20250111 19:39:08.197234 1694375 ImuError.cpp:650] gyr saturation
W20250111 19:39:08.197238 1694375 ImuError.cpp:650] gyr saturation
W20250111 19:39:08.197242 1694375 ImuError.cpp:650] gyr saturation
W20250111 19:39:08.197247 1694375 ImuError.cpp:650] gyr saturation
W20250111 19:39:08.197252 1694375 ImuError.cpp:650] gyr saturation
W20250111 19:39:08.197255 1694375 ImuError.cpp:650] gyr saturation
W20250111 19:39:08.197260 1694375 ImuError.cpp:650] gyr saturation
W20250111 19:39:08.197266 1694375 ImuError.cpp:650] gyr saturation
W20250111 19:39:08.197270 1694375 ImuError.cpp:650] gyr saturation
W20250111 19:39:08.197274 1694375 ImuError.cpp:650] gyr saturation
W20250111 19:39:08.197278 1694375 ImuError.cpp:650] gyr saturation
W20250111 19:39:08.197283 1694375 ImuError.cpp:650] gyr saturation
W20250111 19:39:08.197286 1694375 ImuError.cpp:650] gyr saturation
W20250111 19:39:08.197292 1694375 ImuError.cpp:650] gyr saturation
W20250111 19:39:08.197296 1694375 ImuError.cpp:650] gyr saturation
W20250111 19:39:08.197300 1694375 ImuError.cpp:650] gyr saturation
W20250111 19:39:08.197305 1694375 ImuError.cpp:650] gyr saturation
W20250111 19:39:08.197309 1694375 ImuError.cpp:650] gyr saturation
W20250111 19:39:08.197314 1694375 ImuError.cpp:650] gyr saturation
W20250111 19:39:08.197317 1694375 ImuError.cpp:650] gyr saturation
W20250111 19:39:08.197321 1694375 ImuError.cpp:650] gyr saturation
W20250111 19:39:08.197325 1694375 ImuError.cpp:650] gyr saturation
W20250111 19:39:08.197329 1694375 ImuError.cpp:650] gyr saturation
W20250111 19:39:08.197333 1694375 ImuError.cpp:650] gyr saturation
W20250111 19:39:08.197337 1694375 ImuError.cpp:650] gyr saturation
W20250111 19:39:08.197341 1694375 ImuError.cpp:650] gyr saturation
W20250111 19:39:08.197345 1694375 ImuError.cpp:650] gyr saturation
W20250111 19:39:08.197350 1694375 ImuError.cpp:650] gyr saturation
W20250111 19:39:08.197355 1694375 ImuError.cpp:650] gyr saturation
W20250111 19:39:08.197357 1694375 ImuError.cpp:650] gyr saturation
W20250111 19:39:08.197361 1694375 ImuError.cpp:650] gyr saturation
W20250111 19:39:08.197399 1694375 ImuError.cpp:650] gyr saturation
W20250111 19:39:08.197403 1694375 ImuError.cpp:650] gyr saturation
W20250111 19:39:08.197407 1694375 ImuError.cpp:650] gyr saturation
W20250111 19:39:08.197414 1694375 ImuError.cpp:650] gyr saturation
W20250111 19:39:08.197418 1694375 ImuError.cpp:650] gyr saturation
W20250111 19:39:08.197422 1694375 ImuError.cpp:650] gyr saturation
W20250111 19:39:08.197425 1694375 ImuError.cpp:650] gyr saturation
W20250111 19:39:08.197429 1694375 ImuError.cpp:650] gyr saturation
W20250111 19:39:08.197433 1694375 ImuError.cpp:650] gyr saturation
W20250111 19:39:08.197436 1694375 ImuError.cpp:650] gyr saturation
W20250111 19:39:08.197441 1694375 ImuError.cpp:650] gyr saturation
W20250111 19:39:08.197445 1694375 ImuError.cpp:650] gyr saturation
W20250111 19:39:08.197448 1694375 ImuError.cpp:650] gyr saturation
W20250111 19:39:08.197453 1694375 ImuError.cpp:650] gyr saturation
W20250111 19:39:08.197456 1694375 ImuError.cpp:650] gyr saturation
W20250111 19:39:08.197460 1694375 ImuError.cpp:650] gyr saturation
W20250111 19:39:08.197463 1694375 ImuError.cpp:650] gyr saturation
W20250111 19:39:08.197467 1694375 ImuError.cpp:650] gyr saturation
W20250111 19:39:08.197471 1694375 ImuError.cpp:650] gyr saturation
W20250111 19:39:08.197474 1694375 ImuError.cpp:650] gyr saturation
W20250111 19:39:08.197479 1694375 ImuError.cpp:650] gyr saturation
W20250111 19:39:08.197482 1694375 ImuError.cpp:650] gyr saturation
W20250111 19:39:08.197485 1694375 ImuError.cpp:650] gyr saturation
W20250111 19:39:08.197489 1694375 ImuError.cpp:650] gyr saturation
W20250111 19:39:08.197494 1694375 ImuError.cpp:650] gyr saturation
W20250111 19:39:08.197497 1694375 ImuError.cpp:650] gyr saturation
W20250111 19:39:08.197500 1694375 ImuError.cpp:650] gyr saturation
W20250111 19:39:08.197504 1694375 ImuError.cpp:650] gyr saturation
W20250111 19:39:08.197508 1694375 ImuError.cpp:650] gyr saturation
W20250111 19:39:08.197512 1694375 ImuError.cpp:650] gyr saturation
W20250111 19:39:08.197515 1694375 ImuError.cpp:650] gyr saturation
W20250111 19:39:08.197520 1694375 ImuError.cpp:650] gyr saturation
W20250111 19:39:08.197523 1694375 ImuError.cpp:650] gyr saturation
W20250111 19:39:08.197526 1694375 ImuError.cpp:650] gyr saturation
W20250111 19:39:08.197530 1694375 ImuError.cpp:650] gyr saturation
W20250111 19:39:08.197885 1694375 Frontend.cpp:615] 3d2d tracking lost. Number of 3d2d-matches: 0
W20250111 19:39:08.198386 1694375 ImuError.cpp:650] gyr saturation
W20250111 19:39:08.198396 1694375 ImuError.cpp:650] gyr saturation
W20250111 19:39:08.198402 1694375 ImuError.cpp:650] gyr saturation
W20250111 19:39:08.198405 1694375 ImuError.cpp:650] gyr saturation
W20250111 19:39:08.198410 1694375 ImuError.cpp:650] gyr saturation
W20250111 19:39:08.198413 1694375 ImuError.cpp:650] gyr saturation
W20250111 19:39:08.198418 1694375 ImuError.cpp:650] gyr saturation
W20250111 19:39:08.198421 1694375 ImuError.cpp:650] gyr saturation
W20250111 19:39:08.198426 1694375 ImuError.cpp:650] gyr saturation
W20250111 19:39:08.198428 1694375 ImuError.cpp:650] gyr saturation
W20250111 19:39:08.198432 1694375 ImuError.cpp:650] gyr saturation
W20250111 19:39:08.198436 1694375 ImuError.cpp:650] gyr saturation
W20250111 19:39:08.198439 1694375 ImuError.cpp:650] gyr saturation
W20250111 19:39:08.198442 1694375 ImuError.cpp:650] gyr saturation
W20250111 19:39:08.198446 1694375 ImuError.cpp:650] gyr saturation
W20250111 19:39:08.198449 1694375 ImuError.cpp:650] gyr saturation
W20250111 19:39:08.198453 1694375 ImuError.cpp:650] gyr saturation
W20250111 19:39:08.198457 1694375 ImuError.cpp:650] gyr saturation
W20250111 19:39:08.198459 1694375 ImuError.cpp:650] gyr saturation
W20250111 19:39:08.198463 1694375 ImuError.cpp:650] gyr saturation
W20250111 19:39:08.198467 1694375 ImuError.cpp:650] gyr saturation
W20250111 19:39:08.198470 1694375 ImuError.cpp:650] gyr saturation
W20250111 19:39:08.198474 1694375 ImuError.cpp:650] gyr saturation
W20250111 19:39:08.198477 1694375 ImuError.cpp:650] gyr saturation
W20250111 19:39:08.198480 1694375 ImuError.cpp:650] gyr saturation
W20250111 19:39:08.198484 1694375 ImuError.cpp:650] gyr saturation
W20250111 19:39:08.198487 1694375 ImuError.cpp:650] gyr saturation
W20250111 19:39:08.198491 1694375 ImuError.cpp:650] gyr saturation
W20250111 19:39:08.198498 1694375 ImuError.cpp:650] gyr saturation
W20250111 19:39:08.198500 1694375 ImuError.cpp:650] gyr saturation
W20250111 19:39:08.198504 1694375 ImuError.cpp:650] gyr saturation
W20250111 19:39:08.198508 1694375 ImuError.cpp:650] gyr saturation
W20250111 19:39:08.198511 1694375 ImuError.cpp:650] gyr saturation
W20250111 19:39:08.198514 1694375 ImuError.cpp:650] gyr saturation
W20250111 19:39:08.198518 1694375 ImuError.cpp:650] gyr saturation
W20250111 19:39:08.198521 1694375 ImuError.cpp:650] gyr saturation
W20250111 19:39:08.198524 1694375 ImuError.cpp:650] gyr saturation
W20250111 19:39:08.198529 1694375 ImuError.cpp:650] gyr saturation
W20250111 19:39:08.198531 1694375 ImuError.cpp:650] gyr saturation
W20250111 19:39:08.198535 1694375 ImuError.cpp:650] gyr saturation
W20250111 19:39:08.198539 1694375 ImuError.cpp:650] gyr saturation
W20250111 19:39:08.198542 1694375 ImuError.cpp:650] gyr saturation
W20250111 19:39:08.198546 1694375 ImuError.cpp:650] gyr saturation
W20250111 19:39:08.198549 1694375 ImuError.cpp:650] gyr saturation
W20250111 19:39:08.198554 1694375 ImuError.cpp:650] gyr saturation
W20250111 19:39:08.198556 1694375 ImuError.cpp:650] gyr saturation
W20250111 19:39:08.198559 1694375 ImuError.cpp:650] gyr saturation
W20250111 19:39:08.198563 1694375 ImuError.cpp:650] gyr saturation
W20250111 19:39:08.198566 1694375 ImuError.cpp:650] gyr saturation
W20250111 19:39:08.198570 1694375 ImuError.cpp:650] gyr saturation
W20250111 19:39:08.198573 1694375 ImuError.cpp:650] gyr saturation
W20250111 19:39:08.198576 1694375 ImuError.cpp:650] gyr saturation
W20250111 19:39:08.198580 1694375 ImuError.cpp:650] gyr saturation
W20250111 19:39:08.198585 1694375 ImuError.cpp:650] gyr saturation
W20250111 19:39:08.198587 1694375 ImuError.cpp:650] gyr saturation
W20250111 19:39:08.198590 1694375 ImuError.cpp:650] gyr saturation
W20250111 19:39:08.198594 1694375 ImuError.cpp:650] gyr saturation
W20250111 19:39:08.198597 1694375 ImuError.cpp:650] gyr saturation
W20250111 19:39:08.198601 1694375 ImuError.cpp:650] gyr saturation
W20250111 19:39:08.198604 1694375 ImuError.cpp:650] gyr saturation
W20250111 19:39:08.198607 1694375 ImuError.cpp:650] gyr saturation
W20250111 19:39:08.198611 1694375 ImuError.cpp:650] gyr saturation
W20250111 19:39:08.198614 1694375 ImuError.cpp:650] gyr saturation
W20250111 19:39:08.198618 1694375 ImuError.cpp:650] gyr saturation
W20250111 19:39:08.198621 1694375 ImuError.cpp:650] gyr saturation
W20250111 19:39:08.198624 1694375 ImuError.cpp:650] gyr saturation
W20250111 19:39:08.198628 1694375 ImuError.cpp:650] gyr saturation
W20250111 19:39:08.198633 1694375 ImuError.cpp:650] gyr saturation
W20250111 19:39:08.200838 1694388 ImuError.cpp:368] gyr saturation
W20250111 19:39:08.200871 1694388 ImuError.cpp:368] gyr saturation
W20250111 19:39:08.200884 1694388 ImuError.cpp:368] gyr saturation
W20250111 19:39:08.200893 1694388 ImuError.cpp:368] gyr saturation
W20250111 19:39:08.200904 1694388 ImuError.cpp:368] gyr saturation
W20250111 19:39:08.200914 1694388 ImuError.cpp:368] gyr saturation
W20250111 19:39:08.200923 1694388 ImuError.cpp:368] gyr saturation
W20250111 19:39:08.200932 1694388 ImuError.cpp:368] gyr saturation
W20250111 19:39:08.200942 1694388 ImuError.cpp:368] gyr saturation
W20250111 19:39:08.200949 1694388 ImuError.cpp:368] gyr saturation
W20250111 19:39:08.200956 1694388 ImuError.cpp:368] gyr saturation
W20250111 19:39:08.200964 1694388 ImuError.cpp:368] gyr saturation
W20250111 19:39:08.200971 1694388 ImuError.cpp:368] gyr saturation
W20250111 19:39:08.200979 1694388 ImuError.cpp:368] gyr saturation
W20250111 19:39:08.200987 1694388 ImuError.cpp:368] gyr saturation
W20250111 19:39:08.200994 1694388 ImuError.cpp:368] gyr saturation
W20250111 19:39:08.201002 1694388 ImuError.cpp:368] gyr saturation
W20250111 19:39:08.201010 1694388 ImuError.cpp:368] gyr saturation
W20250111 19:39:08.201017 1694388 ImuError.cpp:368] gyr saturation
W20250111 19:39:08.201025 1694388 ImuError.cpp:368] gyr saturation
W20250111 19:39:08.201033 1694388 ImuError.cpp:368] gyr saturation
W20250111 19:39:08.201046 1694388 ImuError.cpp:368] gyr saturation
W20250111 19:39:08.201054 1694388 ImuError.cpp:368] gyr saturation
W20250111 19:39:08.201062 1694388 ImuError.cpp:368] gyr saturation
W20250111 19:39:08.201071 1694388 ImuError.cpp:368] gyr saturation
W20250111 19:39:08.201077 1694388 ImuError.cpp:368] gyr saturation
W20250111 19:39:08.201085 1694388 ImuError.cpp:368] gyr saturation
W20250111 19:39:08.201093 1694388 ImuError.cpp:368] gyr saturation
W20250111 19:39:08.201100 1694388 ImuError.cpp:368] gyr saturation
W20250111 19:39:08.201108 1694388 ImuError.cpp:368] gyr saturation
W20250111 19:39:08.201117 1694388 ImuError.cpp:368] gyr saturation
W20250111 19:39:08.201124 1694388 ImuError.cpp:368] gyr saturation
W20250111 19:39:08.201133 1694388 ImuError.cpp:368] gyr saturation
W20250111 19:39:08.201139 1694388 ImuError.cpp:368] gyr saturation
W20250111 19:39:08.201148 1694388 ImuError.cpp:368] gyr saturation
W20250111 19:39:08.230347 1892134 ViSlamBackend.cpp:466] TRACKING FAILURE: quality=0
W20250111 19:39:08.230566 1892134 ImuError.cpp:165] gyr saturation
W20250111 19:39:08.230599 1892134 ImuError.cpp:165] gyr saturation
W20250111 19:39:08.230613 1892134 ImuError.cpp:165] gyr saturation
W20250111 19:39:08.230625 1892134 ImuError.cpp:165] gyr saturation
W20250111 19:39:08.230647 1892134 ImuError.cpp:165] gyr saturation
W20250111 19:39:08.230659 1892134 ImuError.cpp:165] gyr saturation
W20250111 19:39:08.230669 1892134 ImuError.cpp:165] gyr saturation
W20250111 19:39:08.230682 1892134 ImuError.cpp:165] gyr saturation
W20250111 19:39:08.230695 1892134 ImuError.cpp:165] gyr saturation
W20250111 19:39:08.230706 1892134 ImuError.cpp:165] gyr saturation
W20250111 19:39:08.230718 1892134 ImuError.cpp:165] gyr saturation
W20250111 19:39:08.230731 1892134 ImuError.cpp:165] gyr saturation
W20250111 19:39:08.230742 1892134 ImuError.cpp:165] gyr saturation
W20250111 19:39:08.230754 1892134 ImuError.cpp:165] gyr saturation
W20250111 19:39:08.230767 1892134 ImuError.cpp:165] gyr saturation
W20250111 19:39:08.230777 1892134 ImuError.cpp:165] gyr saturation
W20250111 19:39:08.230789 1892134 ImuError.cpp:165] gyr saturation
W20250111 19:39:08.230799 1892134 ImuError.cpp:165] gyr saturation
W20250111 19:39:08.230811 1892134 ImuError.cpp:165] gyr saturation
W20250111 19:39:08.230823 1892134 ImuError.cpp:165] gyr saturation
W20250111 19:39:08.230835 1892134 ImuError.cpp:165] gyr saturation
W20250111 19:39:08.230846 1892134 ImuError.cpp:165] gyr saturation
W20250111 19:39:08.230858 1892134 ImuError.cpp:165] gyr saturation
W20250111 19:39:08.230870 1892134 ImuError.cpp:165] gyr saturation
W20250111 19:39:08.230896 1892134 ImuError.cpp:165] gyr saturation
W20250111 19:39:08.230908 1892134 ImuError.cpp:165] gyr saturation
W20250111 19:39:08.230921 1892134 ImuError.cpp:165] gyr saturation
W20250111 19:39:08.230932 1892134 ImuError.cpp:165] gyr saturation
W20250111 19:39:08.230944 1892134 ImuError.cpp:165] gyr saturation
W20250111 19:39:08.230957 1892134 ImuError.cpp:165] gyr saturation
W20250111 19:39:08.230968 1892134 ImuError.cpp:165] gyr saturation
W20250111 19:39:08.230980 1892134 ImuError.cpp:165] gyr saturation
W20250111 19:39:08.230991 1892134 ImuError.cpp:165] gyr saturation
W20250111 19:39:08.231003 1892134 ImuError.cpp:165] gyr saturation
W20250111 19:39:08.231015 1892134 ImuError.cpp:165] gyr saturation
W20250111 19:39:08.231096 1892134 ImuError.cpp:165] gyr saturation
W20250111 19:39:08.231110 1892134 ImuError.cpp:165] gyr saturation
W20250111 19:39:08.231122 1892134 ImuError.cpp:165] gyr saturation
W20250111 19:39:08.231133 1892134 ImuError.cpp:165] gyr saturation
W20250111 19:39:08.231144 1892134 ImuError.cpp:165] gyr saturation
W20250111 19:39:08.231155 1892134 ImuError.cpp:165] gyr saturation
W20250111 19:39:08.231168 1892134 ImuError.cpp:165] gyr saturation
W20250111 19:39:08.231179 1892134 ImuError.cpp:165] gyr saturation
W20250111 19:39:08.231190 1892134 ImuError.cpp:165] gyr saturation
W20250111 19:39:08.231201 1892134 ImuError.cpp:165] gyr saturation
W20250111 19:39:08.231213 1892134 ImuError.cpp:165] gyr saturation
W20250111 19:39:08.231230 1892134 ImuError.cpp:165] gyr saturation
W20250111 19:39:08.231242 1892134 ImuError.cpp:165] gyr saturation
W20250111 19:39:08.231254 1892134 ImuError.cpp:165] gyr saturation
W20250111 19:39:08.231266 1892134 ImuError.cpp:165] gyr saturation
W20250111 19:39:08.231277 1892134 ImuError.cpp:165] gyr saturation
W20250111 19:39:08.231289 1892134 ImuError.cpp:165] gyr saturation
W20250111 19:39:08.231302 1892134 ImuError.cpp:165] gyr saturation
W20250111 19:39:08.231312 1892134 ImuError.cpp:165] gyr saturation
W20250111 19:39:08.231324 1892134 ImuError.cpp:165] gyr saturation
W20250111 19:39:08.231336 1892134 ImuError.cpp:165] gyr saturation
W20250111 19:39:08.231348 1892134 ImuError.cpp:165] gyr saturation
W20250111 19:39:08.231359 1892134 ImuError.cpp:165] gyr saturation
W20250111 19:39:08.231370 1892134 ImuError.cpp:165] gyr saturation
W20250111 19:39:08.231381 1892134 ImuError.cpp:165] gyr saturation
W20250111 19:39:08.231392 1892134 ImuError.cpp:165] gyr saturation
W20250111 19:39:08.231403 1892134 ImuError.cpp:165] gyr saturation
W20250111 19:39:08.231415 1892134 ImuError.cpp:165] gyr saturation
W20250111 19:39:08.231426 1892134 ImuError.cpp:165] gyr saturation
W20250111 19:39:08.231437 1892134 ImuError.cpp:165] gyr saturation
W20250111 19:39:08.231449 1892134 ImuError.cpp:165] gyr saturation
W20250111 19:39:08.231459 1892134 ImuError.cpp:165] gyr saturation
W20250111 19:39:08.231470 1892134 ImuError.cpp:165] gyr saturation
W20250111 19:39:08.231482 1892134 ImuError.cpp:165] gyr saturation
W20250111 19:39:08.231492 1892134 ImuError.cpp:165] gyr saturation
W20250111 19:39:08.231972 1694375 ImuError.cpp:650] gyr saturation
W20250111 19:39:08.232002 1694375 ImuError.cpp:650] gyr saturation
W20250111 19:39:08.232005 1694375 ImuError.cpp:650] gyr saturation
W20250111 19:39:08.232009 1694375 ImuError.cpp:650] gyr saturation
W20250111 19:39:08.232013 1694375 ImuError.cpp:650] gyr saturation
W20250111 19:39:08.232017 1694375 ImuError.cpp:650] gyr saturation
W20250111 19:39:08.232020 1694375 ImuError.cpp:650] gyr saturation
W20250111 19:39:08.232024 1694375 ImuError.cpp:650] gyr saturation
W20250111 19:39:08.232028 1694375 ImuError.cpp:650] gyr saturation
W20250111 19:39:08.232033 1694375 ImuError.cpp:650] gyr saturation
W20250111 19:39:08.232038 1694375 ImuError.cpp:650] gyr saturation
W20250111 19:39:08.232043 1694375 ImuError.cpp:650] gyr saturation
W20250111 19:39:08.232048 1694375 ImuError.cpp:650] gyr saturation
W20250111 19:39:08.232051 1694375 ImuError.cpp:650] gyr saturation
W20250111 19:39:08.232055 1694375 ImuError.cpp:650] gyr saturation
W20250111 19:39:08.232059 1694375 ImuError.cpp:650] gyr saturation
W20250111 19:39:08.232067 1694375 ImuError.cpp:650] gyr saturation
W20250111 19:39:08.232071 1694375 ImuError.cpp:650] gyr saturation
W20250111 19:39:08.232074 1694375 ImuError.cpp:650] gyr saturation
W20250111 19:39:08.232079 1694375 ImuError.cpp:650] gyr saturation
W20250111 19:39:08.232081 1694375 ImuError.cpp:650] gyr saturation
W20250111 19:39:08.232087 1694375 ImuError.cpp:650] gyr saturation
W20250111 19:39:08.232090 1694375 ImuError.cpp:650] gyr saturation
W20250111 19:39:08.232095 1694375 ImuError.cpp:650] gyr saturation
W20250111 19:39:08.232098 1694375 ImuError.cpp:650] gyr saturation
W20250111 19:39:08.232102 1694375 ImuError.cpp:650] gyr saturation
W20250111 19:39:08.232105 1694375 ImuError.cpp:650] gyr saturation
W20250111 19:39:08.232110 1694375 ImuError.cpp:650] gyr saturation
W20250111 19:39:08.232115 1694375 ImuError.cpp:650] gyr saturation
W20250111 19:39:08.232118 1694375 ImuError.cpp:650] gyr saturation
W20250111 19:39:08.232121 1694375 ImuError.cpp:650] gyr saturation
W20250111 19:39:08.232125 1694375 ImuError.cpp:650] gyr saturation
W20250111 19:39:08.232128 1694375 ImuError.cpp:650] gyr saturation
W20250111 19:39:08.232132 1694375 ImuError.cpp:650] gyr saturation
W20250111 19:39:08.232168 1694375 ImuError.cpp:650] gyr saturation
W20250111 19:39:08.232172 1694375 ImuError.cpp:650] gyr saturation
W20250111 19:39:08.232175 1694375 ImuError.cpp:650] gyr saturation
W20250111 19:39:08.232182 1694375 ImuError.cpp:650] gyr saturation
W20250111 19:39:08.232187 1694375 ImuError.cpp:650] gyr saturation
W20250111 19:39:08.232190 1694375 ImuError.cpp:650] gyr saturation
W20250111 19:39:08.232194 1694375 ImuError.cpp:650] gyr saturation
W20250111 19:39:08.232197 1694375 ImuError.cpp:650] gyr saturation
W20250111 19:39:08.232201 1694375 ImuError.cpp:650] gyr saturation
W20250111 19:39:08.232205 1694375 ImuError.cpp:650] gyr saturation
W20250111 19:39:08.232209 1694375 ImuError.cpp:650] gyr saturation
W20250111 19:39:08.232213 1694375 ImuError.cpp:650] gyr saturation
W20250111 19:39:08.232216 1694375 ImuError.cpp:650] gyr saturation
W20250111 19:39:08.232219 1694375 ImuError.cpp:650] gyr saturation
W20250111 19:39:08.232223 1694375 ImuError.cpp:650] gyr saturation
W20250111 19:39:08.232226 1694375 ImuError.cpp:650] gyr saturation
W20250111 19:39:08.232230 1694375 ImuError.cpp:650] gyr saturation
W20250111 19:39:08.232234 1694375 ImuError.cpp:650] gyr saturation
W20250111 19:39:08.232237 1694375 ImuError.cpp:650] gyr saturation
W20250111 19:39:08.232240 1694375 ImuError.cpp:650] gyr saturation
W20250111 19:39:08.232244 1694375 ImuError.cpp:650] gyr saturation
W20250111 19:39:08.232247 1694375 ImuError.cpp:650] gyr saturation
W20250111 19:39:08.232251 1694375 ImuError.cpp:650] gyr saturation
W20250111 19:39:08.232255 1694375 ImuError.cpp:650] gyr saturation
W20250111 19:39:08.232259 1694375 ImuError.cpp:650] gyr saturation
W20250111 19:39:08.232262 1694375 ImuError.cpp:650] gyr saturation
W20250111 19:39:08.232265 1694375 ImuError.cpp:650] gyr saturation
W20250111 19:39:08.232270 1694375 ImuError.cpp:650] gyr saturation
W20250111 19:39:08.232273 1694375 ImuError.cpp:650] gyr saturation
W20250111 19:39:08.232276 1694375 ImuError.cpp:650] gyr saturation
W20250111 19:39:08.232280 1694375 ImuError.cpp:650] gyr saturation
W20250111 19:39:08.232283 1694375 ImuError.cpp:650] gyr saturation
W20250111 19:39:08.232287 1694375 ImuError.cpp:650] gyr saturation
W20250111 19:39:08.232290 1694375 ImuError.cpp:650] gyr saturation
W20250111 19:39:08.232709 1694375 Frontend.cpp:615] 3d2d tracking lost. Number of 3d2d-matches: 0
W20250111 19:39:08.233294 1694375 ImuError.cpp:650] gyr saturation
W20250111 19:39:08.233304 1694375 ImuError.cpp:650] gyr saturation
W20250111 19:39:08.233307 1694375 ImuError.cpp:650] gyr saturation
W20250111 19:39:08.233311 1694375 ImuError.cpp:650] gyr saturation
W20250111 19:39:08.233314 1694375 ImuError.cpp:650] gyr saturation
W20250111 19:39:08.233318 1694375 ImuError.cpp:650] gyr saturation
W20250111 19:39:08.233321 1694375 ImuError.cpp:650] gyr saturation
W20250111 19:39:08.233327 1694375 ImuError.cpp:650] gyr saturation
W20250111 19:39:08.233330 1694375 ImuError.cpp:650] gyr saturation
W20250111 19:39:08.233335 1694375 ImuError.cpp:650] gyr saturation
W20250111 19:39:08.233338 1694375 ImuError.cpp:650] gyr saturation
W20250111 19:39:08.233341 1694375 ImuError.cpp:650] gyr saturation
W20250111 19:39:08.233345 1694375 ImuError.cpp:650] gyr saturation
W20250111 19:39:08.233350 1694375 ImuError.cpp:650] gyr saturation
W20250111 19:39:08.233353 1694375 ImuError.cpp:650] gyr saturation
W20250111 19:39:08.233356 1694375 ImuError.cpp:650] gyr saturation
W20250111 19:39:08.233361 1694375 ImuError.cpp:650] gyr saturation
W20250111 19:39:08.233364 1694375 ImuError.cpp:650] gyr saturation
W20250111 19:39:08.233368 1694375 ImuError.cpp:650] gyr saturation
W20250111 19:39:08.233371 1694375 ImuError.cpp:650] gyr saturation
W20250111 19:39:08.233376 1694375 ImuError.cpp:650] gyr saturation
W20250111 19:39:08.233379 1694375 ImuError.cpp:650] gyr saturation
W20250111 19:39:08.233382 1694375 ImuError.cpp:650] gyr saturation
W20250111 19:39:08.233386 1694375 ImuError.cpp:650] gyr saturation
W20250111 19:39:08.233389 1694375 ImuError.cpp:650] gyr saturation
W20250111 19:39:08.233393 1694375 ImuError.cpp:650] gyr saturation
W20250111 19:39:08.233397 1694375 ImuError.cpp:650] gyr saturation
W20250111 19:39:08.233400 1694375 ImuError.cpp:650] gyr saturation
W20250111 19:39:08.233403 1694375 ImuError.cpp:650] gyr saturation
W20250111 19:39:08.233409 1694375 ImuError.cpp:650] gyr saturation
W20250111 19:39:08.233413 1694375 ImuError.cpp:650] gyr saturation
W20250111 19:39:08.233417 1694375 ImuError.cpp:650] gyr saturation
W20250111 19:39:08.233420 1694375 ImuError.cpp:650] gyr saturation
W20250111 19:39:08.233424 1694375 ImuError.cpp:650] gyr saturation
W20250111 19:39:08.233428 1694375 ImuError.cpp:650] gyr saturation
W20250111 19:39:08.233431 1694375 ImuError.cpp:650] gyr saturation
W20250111 19:39:08.233434 1694375 ImuError.cpp:650] gyr saturation
W20250111 19:39:08.233438 1694375 ImuError.cpp:650] gyr saturation
W20250111 19:39:08.233441 1694375 ImuError.cpp:650] gyr saturation
W20250111 19:39:08.233445 1694375 ImuError.cpp:650] gyr saturation
W20250111 19:39:08.233449 1694375 ImuError.cpp:650] gyr saturation
W20250111 19:39:08.233453 1694375 ImuError.cpp:650] gyr saturation
W20250111 19:39:08.233456 1694375 ImuError.cpp:650] gyr saturation
W20250111 19:39:08.233459 1694375 ImuError.cpp:650] gyr saturation
W20250111 19:39:08.233464 1694375 ImuError.cpp:650] gyr saturation
W20250111 19:39:08.233466 1694375 ImuError.cpp:650] gyr saturation
W20250111 19:39:08.233470 1694375 ImuError.cpp:650] gyr saturation
W20250111 19:39:08.233474 1694375 ImuError.cpp:650] gyr saturation
W20250111 19:39:08.233476 1694375 ImuError.cpp:650] gyr saturation
W20250111 19:39:08.235512 1694388 ImuError.cpp:368] gyr saturation
W20250111 19:39:08.235543 1694388 ImuError.cpp:368] gyr saturation
W20250111 19:39:08.235555 1694388 ImuError.cpp:368] gyr saturation
W20250111 19:39:08.235565 1694388 ImuError.cpp:368] gyr saturation
W20250111 19:39:08.235574 1694388 ImuError.cpp:368] gyr saturation
W20250111 19:39:08.235584 1694388 ImuError.cpp:368] gyr saturation
W20250111 19:39:08.235594 1694388 ImuError.cpp:368] gyr saturation
W20250111 19:39:08.235602 1694388 ImuError.cpp:368] gyr saturation
W20250111 19:39:08.235611 1694388 ImuError.cpp:368] gyr saturation
W20250111 19:39:08.235621 1694388 ImuError.cpp:368] gyr saturation
W20250111 19:39:08.235633 1694388 ImuError.cpp:368] gyr saturation
W20250111 19:39:08.235642 1694388 ImuError.cpp:368] gyr saturation
W20250111 19:39:08.235651 1694388 ImuError.cpp:368] gyr saturation
W20250111 19:39:08.235661 1694388 ImuError.cpp:368] gyr saturation
W20250111 19:39:08.235669 1694388 ImuError.cpp:368] gyr saturation
W20250111 19:39:08.235678 1694388 ImuError.cpp:368] gyr saturation
W20250111 19:39:08.235687 1694388 ImuError.cpp:368] gyr saturation
W20250111 19:39:08.235695 1694388 ImuError.cpp:368] gyr saturation
W20250111 19:39:08.235702 1694388 ImuError.cpp:368] gyr saturation
W20250111 19:39:08.235713 1694388 ImuError.cpp:368] gyr saturation
W20250111 19:39:08.235721 1694388 ImuError.cpp:368] gyr saturation
W20250111 19:39:08.235729 1694388 ImuError.cpp:368] gyr saturation
W20250111 19:39:08.235738 1694388 ImuError.cpp:368] gyr saturation
W20250111 19:39:08.235745 1694388 ImuError.cpp:368] gyr saturation
W20250111 19:39:08.235754 1694388 ImuError.cpp:368] gyr saturation
W20250111 19:39:08.235761 1694388 ImuError.cpp:368] gyr saturation
W20250111 19:39:08.235769 1694388 ImuError.cpp:368] gyr saturation
W20250111 19:39:08.235776 1694388 ImuError.cpp:368] gyr saturation
W20250111 19:39:08.235785 1694388 ImuError.cpp:368] gyr saturation
W20250111 19:39:08.235792 1694388 ImuError.cpp:368] gyr saturation
W20250111 19:39:08.235800 1694388 ImuError.cpp:368] gyr saturation
W20250111 19:39:08.235807 1694388 ImuError.cpp:368] gyr saturation
W20250111 19:39:08.235816 1694388 ImuError.cpp:368] gyr saturation
W20250111 19:39:08.235823 1694388 ImuError.cpp:368] gyr saturation
W20250111 19:39:08.261898 1892160 ViSlamBackend.cpp:466] TRACKING FAILURE: quality=0
W20250111 19:39:08.262810 1694375 ImuError.cpp:650] gyr saturation
W20250111 19:39:08.262828 1694375 ImuError.cpp:650] gyr saturation
W20250111 19:39:08.262832 1694375 ImuError.cpp:650] gyr saturation
W20250111 19:39:08.262835 1694375 ImuError.cpp:650] gyr saturation
W20250111 19:39:08.262838 1694375 ImuError.cpp:650] gyr saturation
W20250111 19:39:08.262843 1694375 ImuError.cpp:650] gyr saturation
W20250111 19:39:08.262858 1694375 ImuError.cpp:650] gyr saturation
W20250111 19:39:08.262862 1694375 ImuError.cpp:650] gyr saturation
W20250111 19:39:08.262867 1694375 ImuError.cpp:650] gyr saturation
W20250111 19:39:08.262876 1694375 ImuError.cpp:650] gyr saturation
W20250111 19:39:08.262881 1694375 ImuError.cpp:650] gyr saturation
W20250111 19:39:08.262885 1694375 ImuError.cpp:650] gyr saturation
W20250111 19:39:08.262890 1694375 ImuError.cpp:650] gyr saturation
W20250111 19:39:08.262894 1694375 ImuError.cpp:650] gyr saturation
W20250111 19:39:08.262898 1694375 ImuError.cpp:650] gyr saturation
W20250111 19:39:08.262902 1694375 ImuError.cpp:650] gyr saturation
W20250111 19:39:08.262933 1694375 ImuError.cpp:650] gyr saturation
W20250111 19:39:08.262936 1694375 ImuError.cpp:650] gyr saturation
W20250111 19:39:08.262944 1694375 ImuError.cpp:650] gyr saturation
W20250111 19:39:08.262948 1694375 ImuError.cpp:650] gyr saturation
W20250111 19:39:08.262952 1694375 ImuError.cpp:650] gyr saturation
W20250111 19:39:08.262956 1694375 ImuError.cpp:650] gyr saturation
W20250111 19:39:08.262960 1694375 ImuError.cpp:650] gyr saturation
W20250111 19:39:08.262964 1694375 ImuError.cpp:650] gyr saturation
W20250111 19:39:08.262969 1694375 ImuError.cpp:650] gyr saturation
W20250111 19:39:08.262972 1694375 ImuError.cpp:650] gyr saturation
W20250111 19:39:08.262976 1694375 ImuError.cpp:650] gyr saturation
W20250111 19:39:08.262979 1694375 ImuError.cpp:650] gyr saturation
W20250111 19:39:08.262984 1694375 ImuError.cpp:650] gyr saturation
W20250111 19:39:08.262987 1694375 ImuError.cpp:650] gyr saturation
W20250111 19:39:08.262992 1694375 ImuError.cpp:650] gyr saturation
W20250111 19:39:08.262996 1694375 ImuError.cpp:650] gyr saturation
W20250111 19:39:08.263437 1694375 Frontend.cpp:615] 3d2d tracking lost. Number of 3d2d-matches: 1
W20250111 19:39:08.264228 1694375 ImuError.cpp:650] gyr saturation
W20250111 19:39:08.264238 1694375 ImuError.cpp:650] gyr saturation
W20250111 19:39:08.264242 1694375 ImuError.cpp:650] gyr saturation
W20250111 19:39:08.264246 1694375 ImuError.cpp:650] gyr saturation
W20250111 19:39:08.264250 1694375 ImuError.cpp:650] gyr saturation
W20250111 19:39:08.264254 1694375 ImuError.cpp:650] gyr saturation
W20250111 19:39:08.264257 1694375 ImuError.cpp:650] gyr saturation
W20250111 19:39:08.264261 1694375 ImuError.cpp:650] gyr saturation
W20250111 19:39:08.264264 1694375 ImuError.cpp:650] gyr saturation
W20250111 19:39:08.264269 1694375 ImuError.cpp:650] gyr saturation
W20250111 19:39:08.264272 1694375 ImuError.cpp:650] gyr saturation
W20250111 19:39:08.264276 1694375 ImuError.cpp:650] gyr saturation
W20250111 19:39:08.264282 1694375 ImuError.cpp:650] gyr saturation
W20250111 19:39:08.264285 1694375 ImuError.cpp:650] gyr saturation
W20250111 19:39:08.264289 1694375 ImuError.cpp:650] gyr saturation
W20250111 19:39:08.264293 1694375 ImuError.cpp:650] gyr saturation
W20250111 19:39:08.266736 1694387 ImuError.cpp:368] gyr saturation
W20250111 19:39:08.266772 1694387 ImuError.cpp:368] gyr saturation
W20250111 19:39:08.266782 1694387 ImuError.cpp:368] gyr saturation
W20250111 19:39:08.266793 1694387 ImuError.cpp:368] gyr saturation
W20250111 19:39:08.266801 1694387 ImuError.cpp:368] gyr saturation
W20250111 19:39:08.266810 1694387 ImuError.cpp:368] gyr saturation
W20250111 19:39:08.266822 1694387 ImuError.cpp:368] gyr saturation
W20250111 19:39:08.266834 1694387 ImuError.cpp:368] gyr saturation
W20250111 19:39:08.266844 1694387 ImuError.cpp:368] gyr saturation
W20250111 19:39:08.266852 1694387 ImuError.cpp:368] gyr saturation
W20250111 19:39:08.266862 1694387 ImuError.cpp:368] gyr saturation
W20250111 19:39:08.266872 1694387 ImuError.cpp:368] gyr saturation
W20250111 19:39:08.266881 1694387 ImuError.cpp:368] gyr saturation
W20250111 19:39:08.266891 1694387 ImuError.cpp:368] gyr saturation
W20250111 19:39:08.266901 1694387 ImuError.cpp:368] gyr saturation
W20250111 19:39:08.266911 1694387 ImuError.cpp:368] gyr saturation
W20250111 19:39:08.295758 1892194 ViSlamBackend.cpp:466] TRACKING FAILURE: quality=0
W20250111 19:39:08.299566 1694375 Frontend.cpp:612] 3d2d tracking weak: quality=0. Number of 3d2d-matches: 5
I20250111 19:39:08.646543 1694375 okvis_app_synchronous.cpp:210] OKVIS Timing
-----------
1 DetectAndDescribe                	   3241	00:00:06.198773	(00:00:00.001913 +- 00:00:00.000409)	[00:00:00.000922,00:00:00.004225]
2 Match                            	   3241	00:00:20.262438	(00:00:00.006252 +- 00:00:00.002304)	[00:00:00.000194,00:00:00.016228]
2.01 match to map                  	   3240	00:00:14.428202	(00:00:00.004453 +- 00:00:00.001891)	[00:00:00.000047,00:00:00.011113]
2.02 match motion stereo           	   3240	00:00:04.129302	(00:00:00.001274 +- 00:00:00.000422)	[00:00:00.000047,00:00:00.005286]
2.02.1 match motion stereo: prepare	   3240	00:00:00.924843	(00:00:00.000285 +- 00:00:00.000112)	[00:00:00.000001,00:00:00.000994]
2.10 match stereo                  	    870	00:00:00.031282	(00:00:00.000036 +- 00:00:00.000043)	[00:00:00.000001,00:00:00.000370]
3 Optimise                         	   3240	00:00:47.631655	(00:00:00.014701 +- 00:00:00.005716)	[00:00:00.001096,00:00:00.034739]
4 Prepare publishing               	   3240	00:00:02.596835	(00:00:00.000801 +- 00:00:00.000321)	[00:00:00.000031,00:00:00.003110]
6 Visualising                      	   3240	00:00:00.000781	(00:00:00.000000 +- 00:00:00.000000)	[00:00:00.000000,00:00:00.000009]
7 Marginalise                      	   3240	00:00:05.539993	(00:00:00.001710 +- 00:00:00.000697)	[00:00:00.000003,00:00:00.004994]
7.1 check/handle lost              	   3240	00:00:00.094531	(00:00:00.000029 +- 00:00:00.000019)	[00:00:00.000000,00:00:00.000243]
7.2 eliminate IMU frames           	   3240	00:00:02.468138	(00:00:00.000762 +- 00:00:00.000546)	[00:00:00.000000,00:00:00.002428]
7.3 convert to posegraph           	   1031	00:00:00.810047	(00:00:00.000786 +- 00:00:00.000421)	[00:00:00.000104,00:00:00.003690]
7.4 freezing                       	   3239	00:00:00.003480	(00:00:00.000001 +- 00:00:00.000002)	[00:00:00.000000,00:00:00.000015]
7.6 expand                         	   3213	00:00:00.694850	(00:00:00.000216 +- 00:00:00.000110)	[00:00:00.000022,00:00:00.001604]
7.7 prune place recognition frames 	   3239	00:00:00.703287	(00:00:00.000217 +- 00:00:00.000111)	[00:00:00.000002,00:00:00.000844]
I20250111 19:39:08.646639 1694375 okvis_app_synchronous.cpp:219] Progress: 60% (1 [1%/s], ETA: 40s)
I20250111 19:39:09.189569 1694375 Frontend.cpp:2274] RANSAC FAIL: 9 inliers, ratio = 0.9
I20250111 19:39:09.926400 1694375 Frontend.cpp:2274] RANSAC FAIL: 72 inliers, ratio = 0.666667
I20250111 19:39:10.631382 1694375 okvis_app_synchronous.cpp:210] OKVIS Timing
-----------
1 DetectAndDescribe                	   3295	00:00:06.295933	(00:00:00.001911 +- 00:00:00.000408)	[00:00:00.000922,00:00:00.004225]
2 Match                            	   3295	00:00:20.587784	(00:00:00.006248 +- 00:00:00.002287)	[00:00:00.000194,00:00:00.016228]
2.01 match to map                  	   3294	00:00:14.668874	(00:00:00.004453 +- 00:00:00.001876)	[00:00:00.000047,00:00:00.011113]
2.02 match motion stereo           	   3294	00:00:04.190887	(00:00:00.001272 +- 00:00:00.000420)	[00:00:00.000047,00:00:00.005286]
2.02.1 match motion stereo: prepare	   3294	00:00:00.938616	(00:00:00.000285 +- 00:00:00.000112)	[00:00:00.000001,00:00:00.000994]
2.10 match stereo                  	    887	00:00:00.031987	(00:00:00.000036 +- 00:00:00.000043)	[00:00:00.000001,00:00:00.000370]
3 Optimise                         	   3294	00:00:49.107833	(00:00:00.014908 +- 00:00:00.005901)	[00:00:00.001096,00:00:00.034739]
4 Prepare publishing               	   3294	00:00:02.656763	(00:00:00.000807 +- 00:00:00.000322)	[00:00:00.000031,00:00:00.003110]
6 Visualising                      	   3294	00:00:00.000801	(00:00:00.000000 +- 00:00:00.000000)	[00:00:00.000000,00:00:00.000009]
7 Marginalise                      	   3294	00:00:05.654004	(00:00:00.001716 +- 00:00:00.000697)	[00:00:00.000003,00:00:00.004994]
7.1 check/handle lost              	   3294	00:00:00.096485	(00:00:00.000029 +- 00:00:00.000019)	[00:00:00.000000,00:00:00.000243]
7.2 eliminate IMU frames           	   3294	00:00:02.515209	(00:00:00.000764 +- 00:00:00.000548)	[00:00:00.000000,00:00:00.002428]
7.3 convert to posegraph           	   1050	00:00:00.829393	(00:00:00.000790 +- 00:00:00.000421)	[00:00:00.000104,00:00:00.003690]
7.4 freezing                       	   3293	00:00:00.003607	(00:00:00.000001 +- 00:00:00.000002)	[00:00:00.000000,00:00:00.000015]
7.6 expand                         	   3267	00:00:00.709352	(00:00:00.000217 +- 00:00:00.000110)	[00:00:00.000022,00:00:00.001604]
7.7 prune place recognition frames 	   3293	00:00:00.718351	(00:00:00.000218 +- 00:00:00.000111)	[00:00:00.000002,00:00:00.000844]
I20250111 19:39:10.631474 1694375 okvis_app_synchronous.cpp:219] Progress: 61% (1 [1%/s], ETA: 39s)
I20250111 19:39:12.321688 1694375 okvis_app_synchronous.cpp:210] OKVIS Timing
-----------
1 DetectAndDescribe                	   3349	00:00:06.416265	(00:00:00.001916 +- 00:00:00.000408)	[00:00:00.000922,00:00:00.004225]
2 Match                            	   3349	00:00:21.105294	(00:00:00.006302 +- 00:00:00.002336)	[00:00:00.000194,00:00:00.016228]
2.01 match to map                  	   3348	00:00:15.085773	(00:00:00.004506 +- 00:00:00.001936)	[00:00:00.000047,00:00:00.012322]
2.02 match motion stereo           	   3348	00:00:04.260811	(00:00:00.001273 +- 00:00:00.000417)	[00:00:00.000047,00:00:00.005286]
2.02.1 match motion stereo: prepare	   3348	00:00:00.959335	(00:00:00.000287 +- 00:00:00.000112)	[00:00:00.000001,00:00:00.000994]
2.10 match stereo                  	    890	00:00:00.032274	(00:00:00.000036 +- 00:00:00.000043)	[00:00:00.000001,00:00:00.000370]
3 Optimise                         	   3348	00:00:50.071911	(00:00:00.014956 +- 00:00:00.005888)	[00:00:00.001096,00:00:00.034739]
4 Prepare publishing               	   3348	00:00:02.718001	(00:00:00.000812 +- 00:00:00.000325)	[00:00:00.000031,00:00:00.003110]
6 Visualising                      	   3348	00:00:00.000815	(00:00:00.000000 +- 00:00:00.000000)	[00:00:00.000000,00:00:00.000009]
7 Marginalise                      	   3348	00:00:05.793216	(00:00:00.001730 +- 00:00:00.000706)	[00:00:00.000003,00:00:00.004994]
7.1 check/handle lost              	   3348	00:00:00.098890	(00:00:00.000030 +- 00:00:00.000019)	[00:00:00.000000,00:00:00.000243]
7.2 eliminate IMU frames           	   3348	00:00:02.586358	(00:00:00.000773 +- 00:00:00.000552)	[00:00:00.000000,00:00:00.002428]
7.3 convert to posegraph           	   1057	00:00:00.836857	(00:00:00.000792 +- 00:00:00.000421)	[00:00:00.000104,00:00:00.003690]
7.4 freezing                       	   3347	00:00:00.003645	(00:00:00.000001 +- 00:00:00.000002)	[00:00:00.000000,00:00:00.000015]
7.6 expand                         	   3321	00:00:00.727382	(00:00:00.000219 +- 00:00:00.000111)	[00:00:00.000022,00:00:00.001604]
7.7 prune place recognition frames 	   3347	00:00:00.739846	(00:00:00.000221 +- 00:00:00.000113)	[00:00:00.000002,00:00:00.000844]
I20250111 19:39:12.321808 1694375 okvis_app_synchronous.cpp:219] Progress: 62% (1 [1%/s], ETA: 38s)
I20250111 19:39:12.879496 1694375 Frontend.cpp:2274] RANSAC FAIL: 61 inliers, ratio = 0.677778
I20250111 19:39:13.390095 1694375 Frontend.cpp:2274] RANSAC FAIL: 22 inliers, ratio = 0.666667
I20250111 19:39:13.803290 1694375 okvis_app_synchronous.cpp:210] OKVIS Timing
-----------
1 DetectAndDescribe                	   3403	00:00:06.525629	(00:00:00.001918 +- 00:00:00.000407)	[00:00:00.000922,00:00:00.004225]
2 Match                            	   3403	00:00:21.748440	(00:00:00.006391 +- 00:00:00.002426)	[00:00:00.000194,00:00:00.016228]
2.01 match to map                  	   3402	00:00:15.602025	(00:00:00.004586 +- 00:00:00.002025)	[00:00:00.000047,00:00:00.012322]
2.02 match motion stereo           	   3402	00:00:04.352558	(00:00:00.001279 +- 00:00:00.000420)	[00:00:00.000047,00:00:00.005286]
2.02.1 match motion stereo: prepare	   3402	00:00:00.979219	(00:00:00.000288 +- 00:00:00.000112)	[00:00:00.000001,00:00:00.000994]
2.10 match stereo                  	    916	00:00:00.033072	(00:00:00.000036 +- 00:00:00.000043)	[00:00:00.000001,00:00:00.000370]
3 Optimise                         	   3402	00:00:50.776481	(00:00:00.014925 +- 00:00:00.005855)	[00:00:00.001096,00:00:00.034739]
4 Prepare publishing               	   3402	00:00:02.758644	(00:00:00.000811 +- 00:00:00.000323)	[00:00:00.000031,00:00:00.003110]
6 Visualising                      	   3402	00:00:00.000823	(00:00:00.000000 +- 00:00:00.000000)	[00:00:00.000000,00:00:00.000009]
7 Marginalise                      	   3402	00:00:05.879275	(00:00:00.001728 +- 00:00:00.000703)	[00:00:00.000003,00:00:00.004994]
7.1 check/handle lost              	   3402	00:00:00.100152	(00:00:00.000029 +- 00:00:00.000019)	[00:00:00.000000,00:00:00.000243]
7.2 eliminate IMU frames           	   3402	00:00:02.611315	(00:00:00.000768 +- 00:00:00.000552)	[00:00:00.000000,00:00:00.002428]
7.3 convert to posegraph           	   1083	00:00:00.860217	(00:00:00.000794 +- 00:00:00.000419)	[00:00:00.000104,00:00:00.003690]
7.4 freezing                       	   3401	00:00:00.003706	(00:00:00.000001 +- 00:00:00.000002)	[00:00:00.000000,00:00:00.000015]
7.6 expand                         	   3375	00:00:00.739156	(00:00:00.000219 +- 00:00:00.000110)	[00:00:00.000022,00:00:00.001604]
7.7 prune place recognition frames 	   3401	00:00:00.751032	(00:00:00.000221 +- 00:00:00.000113)	[00:00:00.000002,00:00:00.000844]
I20250111 19:39:13.803437 1694375 okvis_app_synchronous.cpp:219] Progress: 63% (1 [1%/s], ETA: 37s)
W20250111 19:39:13.866070 1694375 ImuError.cpp:650] gyr saturation
W20250111 19:39:13.866132 1694375 ImuError.cpp:650] gyr saturation
W20250111 19:39:13.866142 1694375 ImuError.cpp:650] gyr saturation
W20250111 19:39:13.866147 1694375 ImuError.cpp:650] gyr saturation
W20250111 19:39:13.866153 1694375 ImuError.cpp:650] gyr saturation
W20250111 19:39:13.866159 1694375 ImuError.cpp:650] gyr saturation
W20250111 19:39:13.866164 1694375 ImuError.cpp:650] gyr saturation
W20250111 19:39:13.866170 1694375 ImuError.cpp:650] gyr saturation
W20250111 19:39:13.866175 1694375 ImuError.cpp:650] gyr saturation
W20250111 19:39:13.866181 1694375 ImuError.cpp:650] gyr saturation
W20250111 19:39:13.866187 1694375 ImuError.cpp:650] gyr saturation
W20250111 19:39:13.866192 1694375 ImuError.cpp:650] gyr saturation
W20250111 19:39:13.866197 1694375 ImuError.cpp:650] gyr saturation
W20250111 19:39:13.866204 1694375 ImuError.cpp:650] gyr saturation
W20250111 19:39:13.866209 1694375 ImuError.cpp:650] gyr saturation
W20250111 19:39:13.866214 1694375 ImuError.cpp:650] gyr saturation
W20250111 19:39:13.866218 1694375 ImuError.cpp:650] gyr saturation
W20250111 19:39:13.866225 1694375 ImuError.cpp:650] gyr saturation
W20250111 19:39:13.866230 1694375 ImuError.cpp:650] gyr saturation
W20250111 19:39:13.866235 1694375 ImuError.cpp:650] gyr saturation
W20250111 19:39:13.866240 1694375 ImuError.cpp:650] gyr saturation
W20250111 19:39:13.866245 1694375 ImuError.cpp:650] gyr saturation
W20250111 19:39:13.866251 1694375 ImuError.cpp:650] gyr saturation
W20250111 19:39:13.866256 1694375 ImuError.cpp:650] gyr saturation
W20250111 19:39:13.866261 1694375 ImuError.cpp:650] gyr saturation
W20250111 19:39:13.866267 1694375 ImuError.cpp:650] gyr saturation
W20250111 19:39:13.866272 1694375 ImuError.cpp:650] gyr saturation
W20250111 19:39:13.866278 1694375 ImuError.cpp:650] gyr saturation
W20250111 19:39:13.866283 1694375 ImuError.cpp:650] gyr saturation
W20250111 19:39:13.866288 1694375 ImuError.cpp:650] gyr saturation
W20250111 19:39:13.866293 1694375 ImuError.cpp:650] gyr saturation
W20250111 19:39:13.866298 1694375 ImuError.cpp:650] gyr saturation
W20250111 19:39:13.866303 1694375 ImuError.cpp:650] gyr saturation
W20250111 19:39:13.887394 1694375 ImuError.cpp:650] gyr saturation
W20250111 19:39:13.887447 1694375 ImuError.cpp:650] gyr saturation
W20250111 19:39:13.887454 1694375 ImuError.cpp:650] gyr saturation
W20250111 19:39:13.887459 1694375 ImuError.cpp:650] gyr saturation
W20250111 19:39:13.887463 1694375 ImuError.cpp:650] gyr saturation
W20250111 19:39:13.887480 1694375 ImuError.cpp:650] gyr saturation
W20250111 19:39:13.887485 1694375 ImuError.cpp:650] gyr saturation
W20250111 19:39:13.887497 1694375 ImuError.cpp:650] gyr saturation
W20250111 19:39:13.887504 1694375 ImuError.cpp:650] gyr saturation
W20250111 19:39:13.887511 1694375 ImuError.cpp:650] gyr saturation
W20250111 19:39:13.887516 1694375 ImuError.cpp:650] gyr saturation
W20250111 19:39:13.887521 1694375 ImuError.cpp:650] gyr saturation
W20250111 19:39:13.887526 1694375 ImuError.cpp:650] gyr saturation
W20250111 19:39:13.887535 1694375 ImuError.cpp:650] gyr saturation
W20250111 19:39:13.887540 1694375 ImuError.cpp:650] gyr saturation
W20250111 19:39:13.887547 1694375 ImuError.cpp:650] gyr saturation
W20250111 19:39:13.887555 1694375 ImuError.cpp:650] gyr saturation
W20250111 19:39:13.887562 1694375 ImuError.cpp:650] gyr saturation
W20250111 19:39:13.887567 1694375 ImuError.cpp:650] gyr saturation
W20250111 19:39:13.887573 1694375 ImuError.cpp:650] gyr saturation
W20250111 19:39:13.887578 1694375 ImuError.cpp:650] gyr saturation
W20250111 19:39:13.887583 1694375 ImuError.cpp:650] gyr saturation
W20250111 19:39:13.887589 1694375 ImuError.cpp:650] gyr saturation
W20250111 19:39:13.887598 1694375 ImuError.cpp:650] gyr saturation
W20250111 19:39:13.887603 1694375 ImuError.cpp:650] gyr saturation
W20250111 19:39:13.887609 1694375 ImuError.cpp:650] gyr saturation
W20250111 19:39:13.887614 1694375 ImuError.cpp:650] gyr saturation
W20250111 19:39:13.887619 1694375 ImuError.cpp:650] gyr saturation
W20250111 19:39:13.887624 1694375 ImuError.cpp:650] gyr saturation
W20250111 19:39:13.887634 1694375 ImuError.cpp:650] gyr saturation
W20250111 19:39:13.887639 1694375 ImuError.cpp:650] gyr saturation
W20250111 19:39:13.887645 1694375 ImuError.cpp:650] gyr saturation
W20250111 19:39:13.887650 1694375 ImuError.cpp:650] gyr saturation
W20250111 19:39:13.887876 1694375 ImuError.cpp:650] gyr saturation
W20250111 19:39:13.887887 1694375 ImuError.cpp:650] gyr saturation
W20250111 19:39:13.887892 1694375 ImuError.cpp:650] gyr saturation
W20250111 19:39:13.887897 1694375 ImuError.cpp:650] gyr saturation
W20250111 19:39:13.887902 1694375 ImuError.cpp:650] gyr saturation
W20250111 19:39:13.887907 1694375 ImuError.cpp:650] gyr saturation
W20250111 19:39:13.887912 1694375 ImuError.cpp:650] gyr saturation
W20250111 19:39:13.887917 1694375 ImuError.cpp:650] gyr saturation
W20250111 19:39:13.887923 1694375 ImuError.cpp:650] gyr saturation
W20250111 19:39:13.887928 1694375 ImuError.cpp:650] gyr saturation
W20250111 19:39:13.887933 1694375 ImuError.cpp:650] gyr saturation
W20250111 19:39:13.887938 1694375 ImuError.cpp:650] gyr saturation
W20250111 19:39:13.887943 1694375 ImuError.cpp:650] gyr saturation
W20250111 19:39:13.887948 1694375 ImuError.cpp:650] gyr saturation
W20250111 19:39:13.887953 1694375 ImuError.cpp:650] gyr saturation
W20250111 19:39:13.887959 1694375 ImuError.cpp:650] gyr saturation
W20250111 19:39:13.887964 1694375 ImuError.cpp:650] gyr saturation
W20250111 19:39:13.887969 1694375 ImuError.cpp:650] gyr saturation
W20250111 19:39:13.887974 1694375 ImuError.cpp:650] gyr saturation
W20250111 19:39:13.887979 1694375 ImuError.cpp:650] gyr saturation
W20250111 19:39:13.887984 1694375 ImuError.cpp:650] gyr saturation
W20250111 19:39:13.887990 1694375 ImuError.cpp:650] gyr saturation
W20250111 19:39:13.887995 1694375 ImuError.cpp:650] gyr saturation
W20250111 19:39:13.888000 1694375 ImuError.cpp:650] gyr saturation
W20250111 19:39:13.888005 1694375 ImuError.cpp:650] gyr saturation
W20250111 19:39:13.888010 1694375 ImuError.cpp:650] gyr saturation
W20250111 19:39:13.888016 1694375 ImuError.cpp:650] gyr saturation
W20250111 19:39:13.888021 1694375 ImuError.cpp:650] gyr saturation
W20250111 19:39:13.888026 1694375 ImuError.cpp:650] gyr saturation
W20250111 19:39:13.888031 1694375 ImuError.cpp:650] gyr saturation
W20250111 19:39:13.888036 1694375 ImuError.cpp:650] gyr saturation
W20250111 19:39:13.888041 1694375 ImuError.cpp:650] gyr saturation
W20250111 19:39:13.888046 1694375 ImuError.cpp:650] gyr saturation
W20250111 19:39:13.892066 1694375 ImuError.cpp:368] gyr saturation
W20250111 19:39:13.892129 1694375 ImuError.cpp:368] gyr saturation
W20250111 19:39:13.892156 1694375 ImuError.cpp:368] gyr saturation
W20250111 19:39:13.892171 1694375 ImuError.cpp:368] gyr saturation
W20250111 19:39:13.892184 1694375 ImuError.cpp:368] gyr saturation
W20250111 19:39:13.892200 1694375 ImuError.cpp:368] gyr saturation
W20250111 19:39:13.892212 1694375 ImuError.cpp:368] gyr saturation
W20250111 19:39:13.892223 1694375 ImuError.cpp:368] gyr saturation
W20250111 19:39:13.892234 1694375 ImuError.cpp:368] gyr saturation
W20250111 19:39:13.892246 1694375 ImuError.cpp:368] gyr saturation
W20250111 19:39:13.892257 1694375 ImuError.cpp:368] gyr saturation
W20250111 19:39:13.892268 1694375 ImuError.cpp:368] gyr saturation
W20250111 19:39:13.892279 1694375 ImuError.cpp:368] gyr saturation
W20250111 19:39:13.892290 1694375 ImuError.cpp:368] gyr saturation
W20250111 19:39:13.892302 1694375 ImuError.cpp:368] gyr saturation
W20250111 19:39:13.892311 1694375 ImuError.cpp:368] gyr saturation
W20250111 19:39:13.892323 1694375 ImuError.cpp:368] gyr saturation
W20250111 19:39:13.892333 1694375 ImuError.cpp:368] gyr saturation
W20250111 19:39:13.892344 1694375 ImuError.cpp:368] gyr saturation
W20250111 19:39:13.892355 1694375 ImuError.cpp:368] gyr saturation
W20250111 19:39:13.892367 1694375 ImuError.cpp:368] gyr saturation
W20250111 19:39:13.892378 1694375 ImuError.cpp:368] gyr saturation
W20250111 19:39:13.892390 1694375 ImuError.cpp:368] gyr saturation
W20250111 19:39:13.892400 1694375 ImuError.cpp:368] gyr saturation
W20250111 19:39:13.892411 1694375 ImuError.cpp:368] gyr saturation
W20250111 19:39:13.892423 1694375 ImuError.cpp:368] gyr saturation
W20250111 19:39:13.892434 1694375 ImuError.cpp:368] gyr saturation
W20250111 19:39:13.892446 1694375 ImuError.cpp:368] gyr saturation
W20250111 19:39:13.892457 1694375 ImuError.cpp:368] gyr saturation
W20250111 19:39:13.892468 1694375 ImuError.cpp:368] gyr saturation
W20250111 19:39:13.892480 1694375 ImuError.cpp:368] gyr saturation
W20250111 19:39:13.892491 1694375 ImuError.cpp:368] gyr saturation
W20250111 19:39:13.892503 1694375 ImuError.cpp:368] gyr saturation
W20250111 19:39:13.899020 1694375 ImuError.cpp:650] gyr saturation
W20250111 19:39:13.899080 1694375 ImuError.cpp:650] gyr saturation
W20250111 19:39:13.899086 1694375 ImuError.cpp:650] gyr saturation
W20250111 19:39:13.899091 1694375 ImuError.cpp:650] gyr saturation
W20250111 19:39:13.899096 1694375 ImuError.cpp:650] gyr saturation
W20250111 19:39:13.899101 1694375 ImuError.cpp:650] gyr saturation
W20250111 19:39:13.899106 1694375 ImuError.cpp:650] gyr saturation
W20250111 19:39:13.899111 1694375 ImuError.cpp:650] gyr saturation
W20250111 19:39:13.899116 1694375 ImuError.cpp:650] gyr saturation
W20250111 19:39:13.899119 1694375 ImuError.cpp:650] gyr saturation
W20250111 19:39:13.899124 1694375 ImuError.cpp:650] gyr saturation
W20250111 19:39:13.899128 1694375 ImuError.cpp:650] gyr saturation
W20250111 19:39:13.899132 1694375 ImuError.cpp:650] gyr saturation
W20250111 19:39:13.899137 1694375 ImuError.cpp:650] gyr saturation
W20250111 19:39:13.899142 1694375 ImuError.cpp:650] gyr saturation
W20250111 19:39:13.899147 1694375 ImuError.cpp:650] gyr saturation
W20250111 19:39:13.899152 1694375 ImuError.cpp:650] gyr saturation
W20250111 19:39:13.899155 1694375 ImuError.cpp:650] gyr saturation
W20250111 19:39:13.899160 1694375 ImuError.cpp:650] gyr saturation
W20250111 19:39:13.899164 1694375 ImuError.cpp:650] gyr saturation
W20250111 19:39:13.899169 1694375 ImuError.cpp:650] gyr saturation
W20250111 19:39:13.899173 1694375 ImuError.cpp:650] gyr saturation
W20250111 19:39:13.899178 1694375 ImuError.cpp:650] gyr saturation
W20250111 19:39:13.899183 1694375 ImuError.cpp:650] gyr saturation
W20250111 19:39:13.899187 1694375 ImuError.cpp:650] gyr saturation
W20250111 19:39:13.899191 1694375 ImuError.cpp:650] gyr saturation
W20250111 19:39:13.899195 1694375 ImuError.cpp:650] gyr saturation
W20250111 19:39:13.899200 1694375 ImuError.cpp:650] gyr saturation
W20250111 19:39:13.899214 1694375 ImuError.cpp:650] gyr saturation
W20250111 19:39:13.899219 1694375 ImuError.cpp:650] gyr saturation
W20250111 19:39:13.899230 1694375 ImuError.cpp:650] gyr saturation
W20250111 19:39:13.899235 1694375 ImuError.cpp:650] gyr saturation
W20250111 19:39:13.899241 1694375 ImuError.cpp:650] gyr saturation
W20250111 19:39:13.899246 1694375 ImuError.cpp:650] gyr saturation
W20250111 19:39:13.899253 1694375 ImuError.cpp:650] gyr saturation
W20250111 19:39:13.899259 1694375 ImuError.cpp:650] gyr saturation
W20250111 19:39:13.899264 1694375 ImuError.cpp:650] gyr saturation
W20250111 19:39:13.899271 1694375 ImuError.cpp:650] gyr saturation
W20250111 19:39:13.899276 1694375 ImuError.cpp:650] gyr saturation
W20250111 19:39:13.899283 1694375 ImuError.cpp:650] gyr saturation
W20250111 19:39:13.899291 1694375 ImuError.cpp:650] gyr saturation
W20250111 19:39:13.899296 1694375 ImuError.cpp:650] gyr saturation
W20250111 19:39:13.899302 1694375 ImuError.cpp:650] gyr saturation
W20250111 19:39:13.899308 1694375 ImuError.cpp:650] gyr saturation
W20250111 19:39:13.899317 1694375 ImuError.cpp:650] gyr saturation
W20250111 19:39:13.899322 1694375 ImuError.cpp:650] gyr saturation
W20250111 19:39:13.899328 1694375 ImuError.cpp:650] gyr saturation
W20250111 19:39:13.899334 1694375 ImuError.cpp:650] gyr saturation
W20250111 19:39:13.899341 1694375 ImuError.cpp:650] gyr saturation
W20250111 19:39:13.899348 1694375 ImuError.cpp:650] gyr saturation
W20250111 19:39:13.899355 1694375 ImuError.cpp:650] gyr saturation
W20250111 19:39:13.899361 1694375 ImuError.cpp:650] gyr saturation
W20250111 19:39:13.899369 1694375 ImuError.cpp:650] gyr saturation
W20250111 19:39:13.899374 1694375 ImuError.cpp:650] gyr saturation
W20250111 19:39:13.899380 1694375 ImuError.cpp:650] gyr saturation
W20250111 19:39:13.899386 1694375 ImuError.cpp:650] gyr saturation
W20250111 19:39:13.899394 1694375 ImuError.cpp:650] gyr saturation
W20250111 19:39:13.899399 1694375 ImuError.cpp:650] gyr saturation
W20250111 19:39:13.899405 1694375 ImuError.cpp:650] gyr saturation
W20250111 19:39:13.899412 1694375 ImuError.cpp:650] gyr saturation
W20250111 19:39:13.899420 1694375 ImuError.cpp:650] gyr saturation
W20250111 19:39:13.899426 1694375 ImuError.cpp:650] gyr saturation
W20250111 19:39:13.899433 1694375 ImuError.cpp:650] gyr saturation
W20250111 19:39:13.899441 1694375 ImuError.cpp:650] gyr saturation
W20250111 19:39:13.899446 1694375 ImuError.cpp:650] gyr saturation
W20250111 19:39:13.899453 1694375 ImuError.cpp:650] gyr saturation
W20250111 19:39:13.920713 1694375 ImuError.cpp:650] gyr saturation
W20250111 19:39:13.920774 1694375 ImuError.cpp:650] gyr saturation
W20250111 19:39:13.920784 1694375 ImuError.cpp:650] gyr saturation
W20250111 19:39:13.920791 1694375 ImuError.cpp:650] gyr saturation
W20250111 19:39:13.920799 1694375 ImuError.cpp:650] gyr saturation
W20250111 19:39:13.920804 1694375 ImuError.cpp:650] gyr saturation
W20250111 19:39:13.920810 1694375 ImuError.cpp:650] gyr saturation
W20250111 19:39:13.920818 1694375 ImuError.cpp:650] gyr saturation
W20250111 19:39:13.920825 1694375 ImuError.cpp:650] gyr saturation
W20250111 19:39:13.920830 1694375 ImuError.cpp:650] gyr saturation
W20250111 19:39:13.920836 1694375 ImuError.cpp:650] gyr saturation
W20250111 19:39:13.920843 1694375 ImuError.cpp:650] gyr saturation
W20250111 19:39:13.920850 1694375 ImuError.cpp:650] gyr saturation
W20250111 19:39:13.920856 1694375 ImuError.cpp:650] gyr saturation
W20250111 19:39:13.920862 1694375 ImuError.cpp:650] gyr saturation
W20250111 19:39:13.920868 1694375 ImuError.cpp:650] gyr saturation
W20250111 19:39:13.920874 1694375 ImuError.cpp:650] gyr saturation
W20250111 19:39:13.920881 1694375 ImuError.cpp:650] gyr saturation
W20250111 19:39:13.920887 1694375 ImuError.cpp:650] gyr saturation
W20250111 19:39:13.920892 1694375 ImuError.cpp:650] gyr saturation
W20250111 19:39:13.920897 1694375 ImuError.cpp:650] gyr saturation
W20250111 19:39:13.920900 1694375 ImuError.cpp:650] gyr saturation
W20250111 19:39:13.920904 1694375 ImuError.cpp:650] gyr saturation
W20250111 19:39:13.920919 1694375 ImuError.cpp:650] gyr saturation
W20250111 19:39:13.920925 1694375 ImuError.cpp:650] gyr saturation
W20250111 19:39:13.920936 1694375 ImuError.cpp:650] gyr saturation
W20250111 19:39:13.920944 1694375 ImuError.cpp:650] gyr saturation
W20250111 19:39:13.920950 1694375 ImuError.cpp:650] gyr saturation
W20250111 19:39:13.920958 1694375 ImuError.cpp:650] gyr saturation
W20250111 19:39:13.920964 1694375 ImuError.cpp:650] gyr saturation
W20250111 19:39:13.920971 1694375 ImuError.cpp:650] gyr saturation
W20250111 19:39:13.920979 1694375 ImuError.cpp:650] gyr saturation
W20250111 19:39:13.920984 1694375 ImuError.cpp:650] gyr saturation
W20250111 19:39:13.920990 1694375 ImuError.cpp:650] gyr saturation
W20250111 19:39:13.921206 1694375 ImuError.cpp:650] gyr saturation
W20250111 19:39:13.921216 1694375 ImuError.cpp:650] gyr saturation
W20250111 19:39:13.921222 1694375 ImuError.cpp:650] gyr saturation
W20250111 19:39:13.921231 1694375 ImuError.cpp:650] gyr saturation
W20250111 19:39:13.921236 1694375 ImuError.cpp:650] gyr saturation
W20250111 19:39:13.921241 1694375 ImuError.cpp:650] gyr saturation
W20250111 19:39:13.921247 1694375 ImuError.cpp:650] gyr saturation
W20250111 19:39:13.921252 1694375 ImuError.cpp:650] gyr saturation
W20250111 19:39:13.921257 1694375 ImuError.cpp:650] gyr saturation
W20250111 19:39:13.921263 1694375 ImuError.cpp:650] gyr saturation
W20250111 19:39:13.921268 1694375 ImuError.cpp:650] gyr saturation
W20250111 19:39:13.921273 1694375 ImuError.cpp:650] gyr saturation
W20250111 19:39:13.921278 1694375 ImuError.cpp:650] gyr saturation
W20250111 19:39:13.921283 1694375 ImuError.cpp:650] gyr saturation
W20250111 19:39:13.921288 1694375 ImuError.cpp:650] gyr saturation
W20250111 19:39:13.921294 1694375 ImuError.cpp:650] gyr saturation
W20250111 19:39:13.921299 1694375 ImuError.cpp:650] gyr saturation
W20250111 19:39:13.921304 1694375 ImuError.cpp:650] gyr saturation
W20250111 19:39:13.921309 1694375 ImuError.cpp:650] gyr saturation
W20250111 19:39:13.921315 1694375 ImuError.cpp:650] gyr saturation
W20250111 19:39:13.921320 1694375 ImuError.cpp:650] gyr saturation
W20250111 19:39:13.921325 1694375 ImuError.cpp:650] gyr saturation
W20250111 19:39:13.921330 1694375 ImuError.cpp:650] gyr saturation
W20250111 19:39:13.921335 1694375 ImuError.cpp:650] gyr saturation
W20250111 19:39:13.921341 1694375 ImuError.cpp:650] gyr saturation
W20250111 19:39:13.921346 1694375 ImuError.cpp:650] gyr saturation
W20250111 19:39:13.921351 1694375 ImuError.cpp:650] gyr saturation
W20250111 19:39:13.921356 1694375 ImuError.cpp:650] gyr saturation
W20250111 19:39:13.921361 1694375 ImuError.cpp:650] gyr saturation
W20250111 19:39:13.921367 1694375 ImuError.cpp:650] gyr saturation
W20250111 19:39:13.921372 1694375 ImuError.cpp:650] gyr saturation
W20250111 19:39:13.921377 1694375 ImuError.cpp:650] gyr saturation
W20250111 19:39:13.921383 1694375 ImuError.cpp:650] gyr saturation
W20250111 19:39:13.921388 1694375 ImuError.cpp:650] gyr saturation
W20250111 19:39:13.925439 1694375 ImuError.cpp:368] gyr saturation
W20250111 19:39:13.925523 1694375 ImuError.cpp:368] gyr saturation
W20250111 19:39:13.925537 1694375 ImuError.cpp:368] gyr saturation
W20250111 19:39:13.925549 1694375 ImuError.cpp:368] gyr saturation
W20250111 19:39:13.925561 1694375 ImuError.cpp:368] gyr saturation
W20250111 19:39:13.925572 1694375 ImuError.cpp:368] gyr saturation
W20250111 19:39:13.925585 1694375 ImuError.cpp:368] gyr saturation
W20250111 19:39:13.925595 1694375 ImuError.cpp:368] gyr saturation
W20250111 19:39:13.925606 1694375 ImuError.cpp:368] gyr saturation
W20250111 19:39:13.925618 1694375 ImuError.cpp:368] gyr saturation
W20250111 19:39:13.925637 1694375 ImuError.cpp:368] gyr saturation
W20250111 19:39:13.925649 1694375 ImuError.cpp:368] gyr saturation
W20250111 19:39:13.925661 1694375 ImuError.cpp:368] gyr saturation
W20250111 19:39:13.925673 1694375 ImuError.cpp:368] gyr saturation
W20250111 19:39:13.925684 1694375 ImuError.cpp:368] gyr saturation
W20250111 19:39:13.925695 1694375 ImuError.cpp:368] gyr saturation
W20250111 19:39:13.925706 1694375 ImuError.cpp:368] gyr saturation
W20250111 19:39:13.925727 1694375 ImuError.cpp:368] gyr saturation
W20250111 19:39:13.925745 1694375 ImuError.cpp:368] gyr saturation
W20250111 19:39:13.925757 1694375 ImuError.cpp:368] gyr saturation
W20250111 19:39:13.925769 1694375 ImuError.cpp:368] gyr saturation
W20250111 19:39:13.925781 1694375 ImuError.cpp:368] gyr saturation
W20250111 19:39:13.925794 1694375 ImuError.cpp:368] gyr saturation
W20250111 19:39:13.925806 1694375 ImuError.cpp:368] gyr saturation
W20250111 19:39:13.925819 1694375 ImuError.cpp:368] gyr saturation
W20250111 19:39:13.925832 1694375 ImuError.cpp:368] gyr saturation
W20250111 19:39:13.925845 1694375 ImuError.cpp:368] gyr saturation
W20250111 19:39:13.925858 1694375 ImuError.cpp:368] gyr saturation
W20250111 19:39:13.925868 1694375 ImuError.cpp:368] gyr saturation
W20250111 19:39:13.925881 1694375 ImuError.cpp:368] gyr saturation
W20250111 19:39:13.925894 1694375 ImuError.cpp:368] gyr saturation
W20250111 19:39:13.925906 1694375 ImuError.cpp:368] gyr saturation
W20250111 19:39:13.925920 1694375 ImuError.cpp:368] gyr saturation
W20250111 19:39:13.925931 1694375 ImuError.cpp:368] gyr saturation
W20250111 19:39:13.932260 1694375 ImuError.cpp:650] gyr saturation
W20250111 19:39:13.932294 1694375 ImuError.cpp:650] gyr saturation
W20250111 19:39:13.932299 1694375 ImuError.cpp:650] gyr saturation
W20250111 19:39:13.932302 1694375 ImuError.cpp:650] gyr saturation
W20250111 19:39:13.932307 1694375 ImuError.cpp:650] gyr saturation
W20250111 19:39:13.932310 1694375 ImuError.cpp:650] gyr saturation
W20250111 19:39:13.932313 1694375 ImuError.cpp:650] gyr saturation
W20250111 19:39:13.932317 1694375 ImuError.cpp:650] gyr saturation
W20250111 19:39:13.932320 1694375 ImuError.cpp:650] gyr saturation
W20250111 19:39:13.932323 1694375 ImuError.cpp:650] gyr saturation
W20250111 19:39:13.932328 1694375 ImuError.cpp:650] gyr saturation
W20250111 19:39:13.932332 1694375 ImuError.cpp:650] gyr saturation
W20250111 19:39:13.932336 1694375 ImuError.cpp:650] gyr saturation
W20250111 19:39:13.932341 1694375 ImuError.cpp:650] gyr saturation
W20250111 19:39:13.932344 1694375 ImuError.cpp:650] gyr saturation
W20250111 19:39:13.932348 1694375 ImuError.cpp:650] gyr saturation
W20250111 19:39:13.932353 1694375 ImuError.cpp:650] gyr saturation
W20250111 19:39:13.932356 1694375 ImuError.cpp:650] gyr saturation
W20250111 19:39:13.932360 1694375 ImuError.cpp:650] gyr saturation
W20250111 19:39:13.932364 1694375 ImuError.cpp:650] gyr saturation
W20250111 19:39:13.932369 1694375 ImuError.cpp:650] gyr saturation
W20250111 19:39:13.932374 1694375 ImuError.cpp:650] gyr saturation
W20250111 19:39:13.932377 1694375 ImuError.cpp:650] gyr saturation
W20250111 19:39:13.932381 1694375 ImuError.cpp:650] gyr saturation
W20250111 19:39:13.932385 1694375 ImuError.cpp:650] gyr saturation
W20250111 19:39:13.932389 1694375 ImuError.cpp:650] gyr saturation
W20250111 19:39:13.932392 1694375 ImuError.cpp:650] gyr saturation
W20250111 19:39:13.932396 1694375 ImuError.cpp:650] gyr saturation
W20250111 19:39:13.932400 1694375 ImuError.cpp:650] gyr saturation
W20250111 19:39:13.932404 1694375 ImuError.cpp:650] gyr saturation
W20250111 19:39:13.932407 1694375 ImuError.cpp:650] gyr saturation
W20250111 19:39:13.932411 1694375 ImuError.cpp:650] gyr saturation
W20250111 19:39:13.932415 1694375 ImuError.cpp:650] gyr saturation
W20250111 19:39:13.932420 1694375 ImuError.cpp:650] gyr saturation
W20250111 19:39:13.932422 1694375 ImuError.cpp:650] gyr saturation
W20250111 19:39:13.932426 1694375 ImuError.cpp:650] gyr saturation
W20250111 19:39:13.932430 1694375 ImuError.cpp:650] gyr saturation
W20250111 19:39:13.932435 1694375 ImuError.cpp:650] gyr saturation
W20250111 19:39:13.932438 1694375 ImuError.cpp:650] gyr saturation
W20250111 19:39:13.932441 1694375 ImuError.cpp:650] gyr saturation
W20250111 19:39:13.932446 1694375 ImuError.cpp:650] gyr saturation
W20250111 19:39:13.932449 1694375 ImuError.cpp:650] gyr saturation
W20250111 19:39:13.932453 1694375 ImuError.cpp:650] gyr saturation
W20250111 19:39:13.932457 1694375 ImuError.cpp:650] gyr saturation
W20250111 19:39:13.932468 1694375 ImuError.cpp:650] gyr saturation
W20250111 19:39:13.932479 1694375 ImuError.cpp:650] gyr saturation
W20250111 19:39:13.932484 1694375 ImuError.cpp:650] gyr saturation
W20250111 19:39:13.932488 1694375 ImuError.cpp:650] gyr saturation
W20250111 19:39:13.932492 1694375 ImuError.cpp:650] gyr saturation
W20250111 19:39:13.932497 1694375 ImuError.cpp:650] gyr saturation
W20250111 19:39:13.932500 1694375 ImuError.cpp:650] gyr saturation
W20250111 19:39:13.932504 1694375 ImuError.cpp:650] gyr saturation
W20250111 19:39:13.932509 1694375 ImuError.cpp:650] gyr saturation
W20250111 19:39:13.932513 1694375 ImuError.cpp:650] gyr saturation
W20250111 19:39:13.932518 1694375 ImuError.cpp:650] gyr saturation
W20250111 19:39:13.932521 1694375 ImuError.cpp:650] gyr saturation
W20250111 19:39:13.932525 1694375 ImuError.cpp:650] gyr saturation
W20250111 19:39:13.932529 1694375 ImuError.cpp:650] gyr saturation
W20250111 19:39:13.932533 1694375 ImuError.cpp:650] gyr saturation
W20250111 19:39:13.932538 1694375 ImuError.cpp:650] gyr saturation
W20250111 19:39:13.932541 1694375 ImuError.cpp:650] gyr saturation
W20250111 19:39:13.932545 1694375 ImuError.cpp:650] gyr saturation
W20250111 19:39:13.932549 1694375 ImuError.cpp:650] gyr saturation
W20250111 19:39:13.932554 1694375 ImuError.cpp:650] gyr saturation
W20250111 19:39:13.932559 1694375 ImuError.cpp:650] gyr saturation
W20250111 19:39:13.932562 1694375 ImuError.cpp:650] gyr saturation
W20250111 19:39:13.932565 1694375 ImuError.cpp:650] gyr saturation
W20250111 19:39:13.932570 1694375 ImuError.cpp:650] gyr saturation
W20250111 19:39:13.951396 1694375 ImuError.cpp:650] gyr saturation
W20250111 19:39:13.951467 1694375 ImuError.cpp:650] gyr saturation
W20250111 19:39:13.951475 1694375 ImuError.cpp:650] gyr saturation
W20250111 19:39:13.951481 1694375 ImuError.cpp:650] gyr saturation
W20250111 19:39:13.951488 1694375 ImuError.cpp:650] gyr saturation
W20250111 19:39:13.951494 1694375 ImuError.cpp:650] gyr saturation
W20250111 19:39:13.951500 1694375 ImuError.cpp:650] gyr saturation
W20250111 19:39:13.951508 1694375 ImuError.cpp:650] gyr saturation
W20250111 19:39:13.951514 1694375 ImuError.cpp:650] gyr saturation
W20250111 19:39:13.951519 1694375 ImuError.cpp:650] gyr saturation
W20250111 19:39:13.951524 1694375 ImuError.cpp:650] gyr saturation
W20250111 19:39:13.951530 1694375 ImuError.cpp:650] gyr saturation
W20250111 19:39:13.951535 1694375 ImuError.cpp:650] gyr saturation
W20250111 19:39:13.951541 1694375 ImuError.cpp:650] gyr saturation
W20250111 19:39:13.951548 1694375 ImuError.cpp:650] gyr saturation
W20250111 19:39:13.951555 1694375 ImuError.cpp:650] gyr saturation
W20250111 19:39:13.951560 1694375 ImuError.cpp:650] gyr saturation
W20250111 19:39:13.951565 1694375 ImuError.cpp:650] gyr saturation
W20250111 19:39:13.951571 1694375 ImuError.cpp:650] gyr saturation
W20250111 19:39:13.951576 1694375 ImuError.cpp:650] gyr saturation
W20250111 19:39:13.951582 1694375 ImuError.cpp:650] gyr saturation
W20250111 19:39:13.951588 1694375 ImuError.cpp:650] gyr saturation
W20250111 19:39:13.951593 1694375 ImuError.cpp:650] gyr saturation
W20250111 19:39:13.951601 1694375 ImuError.cpp:650] gyr saturation
W20250111 19:39:13.951606 1694375 ImuError.cpp:650] gyr saturation
W20250111 19:39:13.951611 1694375 ImuError.cpp:650] gyr saturation
W20250111 19:39:13.951617 1694375 ImuError.cpp:650] gyr saturation
W20250111 19:39:13.951623 1694375 ImuError.cpp:650] gyr saturation
W20250111 19:39:13.951633 1694375 ImuError.cpp:650] gyr saturation
W20250111 19:39:13.951640 1694375 ImuError.cpp:650] gyr saturation
W20250111 19:39:13.951646 1694375 ImuError.cpp:650] gyr saturation
W20250111 19:39:13.951653 1694375 ImuError.cpp:650] gyr saturation
W20250111 19:39:13.951658 1694375 ImuError.cpp:650] gyr saturation
W20250111 19:39:13.951663 1694375 ImuError.cpp:650] gyr saturation
W20250111 19:39:13.951669 1694375 ImuError.cpp:650] gyr saturation
W20250111 19:39:13.951846 1694375 ImuError.cpp:650] gyr saturation
W20250111 19:39:13.951859 1694375 ImuError.cpp:650] gyr saturation
W20250111 19:39:13.951876 1694375 ImuError.cpp:650] gyr saturation
W20250111 19:39:13.951889 1694375 ImuError.cpp:650] gyr saturation
W20250111 19:39:13.951894 1694375 ImuError.cpp:650] gyr saturation
W20250111 19:39:13.951900 1694375 ImuError.cpp:650] gyr saturation
W20250111 19:39:13.951905 1694375 ImuError.cpp:650] gyr saturation
W20250111 19:39:13.951910 1694375 ImuError.cpp:650] gyr saturation
W20250111 19:39:13.951915 1694375 ImuError.cpp:650] gyr saturation
W20250111 19:39:13.951920 1694375 ImuError.cpp:650] gyr saturation
W20250111 19:39:13.951925 1694375 ImuError.cpp:650] gyr saturation
W20250111 19:39:13.951929 1694375 ImuError.cpp:650] gyr saturation
W20250111 19:39:13.951934 1694375 ImuError.cpp:650] gyr saturation
W20250111 19:39:13.951939 1694375 ImuError.cpp:650] gyr saturation
W20250111 19:39:13.951944 1694375 ImuError.cpp:650] gyr saturation
W20250111 19:39:13.951949 1694375 ImuError.cpp:650] gyr saturation
W20250111 19:39:13.951954 1694375 ImuError.cpp:650] gyr saturation
W20250111 19:39:13.951961 1694375 ImuError.cpp:650] gyr saturation
W20250111 19:39:13.951965 1694375 ImuError.cpp:650] gyr saturation
W20250111 19:39:13.951970 1694375 ImuError.cpp:650] gyr saturation
W20250111 19:39:13.951975 1694375 ImuError.cpp:650] gyr saturation
W20250111 19:39:13.951982 1694375 ImuError.cpp:650] gyr saturation
W20250111 19:39:13.951988 1694375 ImuError.cpp:650] gyr saturation
W20250111 19:39:13.951994 1694375 ImuError.cpp:650] gyr saturation
W20250111 19:39:13.952000 1694375 ImuError.cpp:650] gyr saturation
W20250111 19:39:13.952008 1694375 ImuError.cpp:650] gyr saturation
W20250111 19:39:13.952011 1694375 ImuError.cpp:650] gyr saturation
W20250111 19:39:13.952016 1694375 ImuError.cpp:650] gyr saturation
W20250111 19:39:13.952023 1694375 ImuError.cpp:650] gyr saturation
W20250111 19:39:13.952029 1694375 ImuError.cpp:650] gyr saturation
W20250111 19:39:13.952035 1694375 ImuError.cpp:650] gyr saturation
W20250111 19:39:13.952040 1694375 ImuError.cpp:650] gyr saturation
W20250111 19:39:13.952046 1694375 ImuError.cpp:650] gyr saturation
W20250111 19:39:13.952051 1694375 ImuError.cpp:650] gyr saturation
W20250111 19:39:13.952057 1694375 ImuError.cpp:650] gyr saturation
I20250111 19:39:13.954041 1694375 Frontend.cpp:2274] RANSAC FAIL: 38 inliers, ratio = 0.666667
W20250111 19:39:13.956789 1694375 ImuError.cpp:368] gyr saturation
W20250111 19:39:13.956858 1694375 ImuError.cpp:368] gyr saturation
W20250111 19:39:13.956872 1694375 ImuError.cpp:368] gyr saturation
W20250111 19:39:13.956883 1694375 ImuError.cpp:368] gyr saturation
W20250111 19:39:13.956894 1694375 ImuError.cpp:368] gyr saturation
W20250111 19:39:13.956905 1694375 ImuError.cpp:368] gyr saturation
W20250111 19:39:13.956916 1694375 ImuError.cpp:368] gyr saturation
W20250111 19:39:13.956928 1694375 ImuError.cpp:368] gyr saturation
W20250111 19:39:13.956938 1694375 ImuError.cpp:368] gyr saturation
W20250111 19:39:13.956949 1694375 ImuError.cpp:368] gyr saturation
W20250111 19:39:13.956959 1694375 ImuError.cpp:368] gyr saturation
W20250111 19:39:13.956970 1694375 ImuError.cpp:368] gyr saturation
W20250111 19:39:13.956981 1694375 ImuError.cpp:368] gyr saturation
W20250111 19:39:13.956992 1694375 ImuError.cpp:368] gyr saturation
W20250111 19:39:13.957002 1694375 ImuError.cpp:368] gyr saturation
W20250111 19:39:13.957013 1694375 ImuError.cpp:368] gyr saturation
W20250111 19:39:13.957023 1694375 ImuError.cpp:368] gyr saturation
W20250111 19:39:13.957034 1694375 ImuError.cpp:368] gyr saturation
W20250111 19:39:13.957046 1694375 ImuError.cpp:368] gyr saturation
W20250111 19:39:13.957056 1694375 ImuError.cpp:368] gyr saturation
W20250111 19:39:13.957067 1694375 ImuError.cpp:368] gyr saturation
W20250111 19:39:13.957077 1694375 ImuError.cpp:368] gyr saturation
W20250111 19:39:13.957088 1694375 ImuError.cpp:368] gyr saturation
W20250111 19:39:13.957098 1694375 ImuError.cpp:368] gyr saturation
W20250111 19:39:13.957109 1694375 ImuError.cpp:368] gyr saturation
W20250111 19:39:13.957120 1694375 ImuError.cpp:368] gyr saturation
W20250111 19:39:13.957131 1694375 ImuError.cpp:368] gyr saturation
W20250111 19:39:13.957141 1694375 ImuError.cpp:368] gyr saturation
W20250111 19:39:13.957167 1694375 ImuError.cpp:368] gyr saturation
W20250111 19:39:13.957180 1694375 ImuError.cpp:368] gyr saturation
W20250111 19:39:13.957190 1694375 ImuError.cpp:368] gyr saturation
W20250111 19:39:13.957201 1694375 ImuError.cpp:368] gyr saturation
W20250111 19:39:13.957212 1694375 ImuError.cpp:368] gyr saturation
W20250111 19:39:13.957222 1694375 ImuError.cpp:368] gyr saturation
W20250111 19:39:13.957233 1694375 ImuError.cpp:368] gyr saturation
W20250111 19:39:13.964191 1694375 ImuError.cpp:650] gyr saturation
W20250111 19:39:13.964257 1694375 ImuError.cpp:650] gyr saturation
W20250111 19:39:13.964264 1694375 ImuError.cpp:650] gyr saturation
W20250111 19:39:13.964274 1694375 ImuError.cpp:650] gyr saturation
W20250111 19:39:13.964282 1694375 ImuError.cpp:650] gyr saturation
W20250111 19:39:13.964288 1694375 ImuError.cpp:650] gyr saturation
W20250111 19:39:13.964295 1694375 ImuError.cpp:650] gyr saturation
W20250111 19:39:13.964301 1694375 ImuError.cpp:650] gyr saturation
W20250111 19:39:13.964308 1694375 ImuError.cpp:650] gyr saturation
W20250111 19:39:13.964315 1694375 ImuError.cpp:650] gyr saturation
W20250111 19:39:13.964321 1694375 ImuError.cpp:650] gyr saturation
W20250111 19:39:13.964327 1694375 ImuError.cpp:650] gyr saturation
W20250111 19:39:13.964334 1694375 ImuError.cpp:650] gyr saturation
W20250111 19:39:13.964339 1694375 ImuError.cpp:650] gyr saturation
W20250111 19:39:13.964345 1694375 ImuError.cpp:650] gyr saturation
W20250111 19:39:13.964354 1694375 ImuError.cpp:650] gyr saturation
W20250111 19:39:13.964360 1694375 ImuError.cpp:650] gyr saturation
W20250111 19:39:13.964367 1694375 ImuError.cpp:650] gyr saturation
W20250111 19:39:13.964372 1694375 ImuError.cpp:650] gyr saturation
W20250111 19:39:13.964380 1694375 ImuError.cpp:650] gyr saturation
W20250111 19:39:13.964385 1694375 ImuError.cpp:650] gyr saturation
W20250111 19:39:13.964391 1694375 ImuError.cpp:650] gyr saturation
W20250111 19:39:13.964397 1694375 ImuError.cpp:650] gyr saturation
W20250111 19:39:13.964404 1694375 ImuError.cpp:650] gyr saturation
W20250111 19:39:13.964411 1694375 ImuError.cpp:650] gyr saturation
W20250111 19:39:13.964417 1694375 ImuError.cpp:650] gyr saturation
W20250111 19:39:13.964423 1694375 ImuError.cpp:650] gyr saturation
W20250111 19:39:13.964428 1694375 ImuError.cpp:650] gyr saturation
W20250111 19:39:13.964435 1694375 ImuError.cpp:650] gyr saturation
W20250111 19:39:13.964440 1694375 ImuError.cpp:650] gyr saturation
W20250111 19:39:13.964447 1694375 ImuError.cpp:650] gyr saturation
W20250111 19:39:13.964453 1694375 ImuError.cpp:650] gyr saturation
W20250111 19:39:13.964459 1694375 ImuError.cpp:650] gyr saturation
W20250111 19:39:13.964465 1694375 ImuError.cpp:650] gyr saturation
W20250111 19:39:13.964470 1694375 ImuError.cpp:650] gyr saturation
W20250111 19:39:13.964476 1694375 ImuError.cpp:650] gyr saturation
W20250111 19:39:13.964483 1694375 ImuError.cpp:650] gyr saturation
W20250111 19:39:13.964490 1694375 ImuError.cpp:650] gyr saturation
W20250111 19:39:13.964496 1694375 ImuError.cpp:650] gyr saturation
W20250111 19:39:13.964502 1694375 ImuError.cpp:650] gyr saturation
W20250111 19:39:13.964509 1694375 ImuError.cpp:650] gyr saturation
W20250111 19:39:13.964515 1694375 ImuError.cpp:650] gyr saturation
W20250111 19:39:13.964520 1694375 ImuError.cpp:650] gyr saturation
W20250111 19:39:13.964527 1694375 ImuError.cpp:650] gyr saturation
W20250111 19:39:13.964533 1694375 ImuError.cpp:650] gyr saturation
W20250111 19:39:13.964540 1694375 ImuError.cpp:650] gyr saturation
W20250111 19:39:13.964545 1694375 ImuError.cpp:650] gyr saturation
W20250111 19:39:13.964550 1694375 ImuError.cpp:650] gyr saturation
W20250111 19:39:13.964556 1694375 ImuError.cpp:650] gyr saturation
W20250111 19:39:13.964563 1694375 ImuError.cpp:650] gyr saturation
W20250111 19:39:13.964569 1694375 ImuError.cpp:650] gyr saturation
W20250111 19:39:13.964576 1694375 ImuError.cpp:650] gyr saturation
W20250111 19:39:13.964582 1694375 ImuError.cpp:650] gyr saturation
W20250111 19:39:13.964587 1694375 ImuError.cpp:650] gyr saturation
W20250111 19:39:13.964607 1694375 ImuError.cpp:650] gyr saturation
W20250111 19:39:13.964614 1694375 ImuError.cpp:650] gyr saturation
W20250111 19:39:13.964620 1694375 ImuError.cpp:650] gyr saturation
W20250111 19:39:13.964625 1694375 ImuError.cpp:650] gyr saturation
W20250111 19:39:13.964637 1694375 ImuError.cpp:650] gyr saturation
W20250111 19:39:13.964643 1694375 ImuError.cpp:650] gyr saturation
W20250111 19:39:13.964648 1694375 ImuError.cpp:650] gyr saturation
W20250111 19:39:13.964653 1694375 ImuError.cpp:650] gyr saturation
W20250111 19:39:13.964660 1694375 ImuError.cpp:650] gyr saturation
W20250111 19:39:13.964666 1694375 ImuError.cpp:650] gyr saturation
W20250111 19:39:13.964672 1694375 ImuError.cpp:650] gyr saturation
W20250111 19:39:13.964679 1694375 ImuError.cpp:650] gyr saturation
W20250111 19:39:13.964684 1694375 ImuError.cpp:650] gyr saturation
W20250111 19:39:13.964690 1694375 ImuError.cpp:650] gyr saturation
W20250111 19:39:13.982939 1694375 ImuError.cpp:650] gyr saturation
W20250111 19:39:13.982998 1694375 ImuError.cpp:650] gyr saturation
W20250111 19:39:13.983006 1694375 ImuError.cpp:650] gyr saturation
W20250111 19:39:13.983013 1694375 ImuError.cpp:650] gyr saturation
W20250111 19:39:13.983018 1694375 ImuError.cpp:650] gyr saturation
W20250111 19:39:13.983026 1694375 ImuError.cpp:650] gyr saturation
W20250111 19:39:13.983031 1694375 ImuError.cpp:650] gyr saturation
W20250111 19:39:13.983036 1694375 ImuError.cpp:650] gyr saturation
W20250111 19:39:13.983042 1694375 ImuError.cpp:650] gyr saturation
W20250111 19:39:13.983047 1694375 ImuError.cpp:650] gyr saturation
W20250111 19:39:13.983052 1694375 ImuError.cpp:650] gyr saturation
W20250111 19:39:13.983057 1694375 ImuError.cpp:650] gyr saturation
W20250111 19:39:13.983063 1694375 ImuError.cpp:650] gyr saturation
W20250111 19:39:13.983067 1694375 ImuError.cpp:650] gyr saturation
W20250111 19:39:13.983073 1694375 ImuError.cpp:650] gyr saturation
W20250111 19:39:13.983079 1694375 ImuError.cpp:650] gyr saturation
W20250111 19:39:13.983085 1694375 ImuError.cpp:650] gyr saturation
W20250111 19:39:13.983091 1694375 ImuError.cpp:650] gyr saturation
W20250111 19:39:13.983098 1694375 ImuError.cpp:650] gyr saturation
W20250111 19:39:13.983103 1694375 ImuError.cpp:650] gyr saturation
W20250111 19:39:13.983109 1694375 ImuError.cpp:650] gyr saturation
W20250111 19:39:13.983114 1694375 ImuError.cpp:650] gyr saturation
W20250111 19:39:13.983120 1694375 ImuError.cpp:650] gyr saturation
W20250111 19:39:13.983126 1694375 ImuError.cpp:650] gyr saturation
W20250111 19:39:13.983132 1694375 ImuError.cpp:650] gyr saturation
W20250111 19:39:13.983139 1694375 ImuError.cpp:650] gyr saturation
W20250111 19:39:13.983146 1694375 ImuError.cpp:650] gyr saturation
W20250111 19:39:13.983152 1694375 ImuError.cpp:650] gyr saturation
W20250111 19:39:13.983158 1694375 ImuError.cpp:650] gyr saturation
W20250111 19:39:13.983165 1694375 ImuError.cpp:650] gyr saturation
W20250111 19:39:13.983171 1694375 ImuError.cpp:650] gyr saturation
W20250111 19:39:13.983177 1694375 ImuError.cpp:650] gyr saturation
W20250111 19:39:13.983183 1694375 ImuError.cpp:650] gyr saturation
W20250111 19:39:13.983188 1694375 ImuError.cpp:650] gyr saturation
W20250111 19:39:13.983352 1694375 ImuError.cpp:650] gyr saturation
W20250111 19:39:13.983361 1694375 ImuError.cpp:650] gyr saturation
W20250111 19:39:13.983366 1694375 ImuError.cpp:650] gyr saturation
W20250111 19:39:13.983372 1694375 ImuError.cpp:650] gyr saturation
W20250111 19:39:13.983378 1694375 ImuError.cpp:650] gyr saturation
W20250111 19:39:13.983384 1694375 ImuError.cpp:650] gyr saturation
W20250111 19:39:13.983390 1694375 ImuError.cpp:650] gyr saturation
W20250111 19:39:13.983395 1694375 ImuError.cpp:650] gyr saturation
W20250111 19:39:13.983402 1694375 ImuError.cpp:650] gyr saturation
W20250111 19:39:13.983407 1694375 ImuError.cpp:650] gyr saturation
W20250111 19:39:13.983414 1694375 ImuError.cpp:650] gyr saturation
W20250111 19:39:13.983419 1694375 ImuError.cpp:650] gyr saturation
W20250111 19:39:13.983425 1694375 ImuError.cpp:650] gyr saturation
W20250111 19:39:13.983446 1694375 ImuError.cpp:650] gyr saturation
W20250111 19:39:13.983453 1694375 ImuError.cpp:650] gyr saturation
W20250111 19:39:13.983458 1694375 ImuError.cpp:650] gyr saturation
W20250111 19:39:13.983464 1694375 ImuError.cpp:650] gyr saturation
W20250111 19:39:13.983470 1694375 ImuError.cpp:650] gyr saturation
W20250111 19:39:13.983476 1694375 ImuError.cpp:650] gyr saturation
W20250111 19:39:13.983482 1694375 ImuError.cpp:650] gyr saturation
W20250111 19:39:13.983489 1694375 ImuError.cpp:650] gyr saturation
W20250111 19:39:13.983494 1694375 ImuError.cpp:650] gyr saturation
W20250111 19:39:13.983500 1694375 ImuError.cpp:650] gyr saturation
W20250111 19:39:13.983506 1694375 ImuError.cpp:650] gyr saturation
W20250111 19:39:13.983511 1694375 ImuError.cpp:650] gyr saturation
W20250111 19:39:13.983517 1694375 ImuError.cpp:650] gyr saturation
W20250111 19:39:13.983522 1694375 ImuError.cpp:650] gyr saturation
W20250111 19:39:13.983528 1694375 ImuError.cpp:650] gyr saturation
W20250111 19:39:13.983534 1694375 ImuError.cpp:650] gyr saturation
W20250111 19:39:13.983541 1694375 ImuError.cpp:650] gyr saturation
W20250111 19:39:13.983546 1694375 ImuError.cpp:650] gyr saturation
W20250111 19:39:13.983552 1694375 ImuError.cpp:650] gyr saturation
W20250111 19:39:13.983558 1694375 ImuError.cpp:650] gyr saturation
W20250111 19:39:13.983564 1694375 ImuError.cpp:650] gyr saturation
I20250111 19:39:13.985565 1694375 Frontend.cpp:2274] RANSAC FAIL: 50 inliers, ratio = 0.657895
W20250111 19:39:13.988245 1694387 ImuError.cpp:368] gyr saturation
W20250111 19:39:13.988289 1694387 ImuError.cpp:368] gyr saturation
W20250111 19:39:13.988301 1694387 ImuError.cpp:368] gyr saturation
W20250111 19:39:13.988308 1694387 ImuError.cpp:368] gyr saturation
W20250111 19:39:13.988318 1694387 ImuError.cpp:368] gyr saturation
W20250111 19:39:13.988328 1694387 ImuError.cpp:368] gyr saturation
W20250111 19:39:13.988337 1694387 ImuError.cpp:368] gyr saturation
W20250111 19:39:13.988348 1694387 ImuError.cpp:368] gyr saturation
W20250111 19:39:13.988356 1694387 ImuError.cpp:368] gyr saturation
W20250111 19:39:13.988365 1694387 ImuError.cpp:368] gyr saturation
W20250111 19:39:13.988375 1694387 ImuError.cpp:368] gyr saturation
W20250111 19:39:13.988384 1694387 ImuError.cpp:368] gyr saturation
W20250111 19:39:13.988392 1694387 ImuError.cpp:368] gyr saturation
W20250111 19:39:13.988401 1694387 ImuError.cpp:368] gyr saturation
W20250111 19:39:13.988411 1694387 ImuError.cpp:368] gyr saturation
W20250111 19:39:13.988420 1694387 ImuError.cpp:368] gyr saturation
W20250111 19:39:13.988430 1694387 ImuError.cpp:368] gyr saturation
W20250111 19:39:13.988438 1694387 ImuError.cpp:368] gyr saturation
W20250111 19:39:13.988448 1694387 ImuError.cpp:368] gyr saturation
W20250111 19:39:13.988457 1694387 ImuError.cpp:368] gyr saturation
W20250111 19:39:13.988466 1694387 ImuError.cpp:368] gyr saturation
W20250111 19:39:13.988476 1694387 ImuError.cpp:368] gyr saturation
W20250111 19:39:13.988484 1694387 ImuError.cpp:368] gyr saturation
W20250111 19:39:13.988494 1694387 ImuError.cpp:368] gyr saturation
W20250111 19:39:13.988503 1694387 ImuError.cpp:368] gyr saturation
W20250111 19:39:13.988512 1694387 ImuError.cpp:368] gyr saturation
W20250111 19:39:13.988521 1694387 ImuError.cpp:368] gyr saturation
W20250111 19:39:13.988530 1694387 ImuError.cpp:368] gyr saturation
W20250111 19:39:13.988539 1694387 ImuError.cpp:368] gyr saturation
W20250111 19:39:13.988548 1694387 ImuError.cpp:368] gyr saturation
W20250111 19:39:13.988557 1694387 ImuError.cpp:368] gyr saturation
W20250111 19:39:13.988566 1694387 ImuError.cpp:368] gyr saturation
W20250111 19:39:13.988575 1694387 ImuError.cpp:368] gyr saturation
W20250111 19:39:13.988584 1694387 ImuError.cpp:368] gyr saturation
W20250111 19:39:13.995615 1694375 ImuError.cpp:650] gyr saturation
W20250111 19:39:13.995687 1694375 ImuError.cpp:650] gyr saturation
W20250111 19:39:13.995695 1694375 ImuError.cpp:650] gyr saturation
W20250111 19:39:13.995703 1694375 ImuError.cpp:650] gyr saturation
W20250111 19:39:13.995709 1694375 ImuError.cpp:650] gyr saturation
W20250111 19:39:13.995729 1694375 ImuError.cpp:650] gyr saturation
W20250111 19:39:13.995738 1694375 ImuError.cpp:650] gyr saturation
W20250111 19:39:13.995744 1694375 ImuError.cpp:650] gyr saturation
W20250111 19:39:13.995750 1694375 ImuError.cpp:650] gyr saturation
W20250111 19:39:13.995755 1694375 ImuError.cpp:650] gyr saturation
W20250111 19:39:13.995761 1694375 ImuError.cpp:650] gyr saturation
W20250111 19:39:13.995767 1694375 ImuError.cpp:650] gyr saturation
W20250111 19:39:13.995774 1694375 ImuError.cpp:650] gyr saturation
W20250111 19:39:13.995779 1694375 ImuError.cpp:650] gyr saturation
W20250111 19:39:13.995785 1694375 ImuError.cpp:650] gyr saturation
W20250111 19:39:13.995791 1694375 ImuError.cpp:650] gyr saturation
W20250111 19:39:13.995797 1694375 ImuError.cpp:650] gyr saturation
W20250111 19:39:13.995803 1694375 ImuError.cpp:650] gyr saturation
W20250111 19:39:13.995810 1694375 ImuError.cpp:650] gyr saturation
W20250111 19:39:13.995815 1694375 ImuError.cpp:650] gyr saturation
W20250111 19:39:13.995820 1694375 ImuError.cpp:650] gyr saturation
W20250111 19:39:13.995826 1694375 ImuError.cpp:650] gyr saturation
W20250111 19:39:13.995832 1694375 ImuError.cpp:650] gyr saturation
W20250111 19:39:13.995838 1694375 ImuError.cpp:650] gyr saturation
W20250111 19:39:13.995844 1694375 ImuError.cpp:650] gyr saturation
W20250111 19:39:13.995851 1694375 ImuError.cpp:650] gyr saturation
W20250111 19:39:13.995855 1694375 ImuError.cpp:650] gyr saturation
W20250111 19:39:13.995862 1694375 ImuError.cpp:650] gyr saturation
W20250111 19:39:13.995867 1694375 ImuError.cpp:650] gyr saturation
W20250111 19:39:13.995873 1694375 ImuError.cpp:650] gyr saturation
W20250111 19:39:13.995879 1694375 ImuError.cpp:650] gyr saturation
W20250111 19:39:13.995885 1694375 ImuError.cpp:650] gyr saturation
W20250111 19:39:13.995891 1694375 ImuError.cpp:650] gyr saturation
W20250111 19:39:13.995896 1694375 ImuError.cpp:650] gyr saturation
W20250111 19:39:13.995903 1694375 ImuError.cpp:650] gyr saturation
W20250111 19:39:13.995909 1694375 ImuError.cpp:650] gyr saturation
W20250111 19:39:13.995914 1694375 ImuError.cpp:650] gyr saturation
W20250111 19:39:13.995920 1694375 ImuError.cpp:650] gyr saturation
W20250111 19:39:13.995926 1694375 ImuError.cpp:650] gyr saturation
W20250111 19:39:13.995931 1694375 ImuError.cpp:650] gyr saturation
W20250111 19:39:13.995937 1694375 ImuError.cpp:650] gyr saturation
W20250111 19:39:13.995944 1694375 ImuError.cpp:650] gyr saturation
W20250111 19:39:13.995949 1694375 ImuError.cpp:650] gyr saturation
W20250111 19:39:13.995954 1694375 ImuError.cpp:650] gyr saturation
W20250111 19:39:13.995959 1694375 ImuError.cpp:650] gyr saturation
W20250111 19:39:13.995966 1694375 ImuError.cpp:650] gyr saturation
W20250111 19:39:13.995972 1694375 ImuError.cpp:650] gyr saturation
W20250111 19:39:13.995978 1694375 ImuError.cpp:650] gyr saturation
W20250111 19:39:13.995985 1694375 ImuError.cpp:650] gyr saturation
W20250111 19:39:13.995990 1694375 ImuError.cpp:650] gyr saturation
W20250111 19:39:13.995995 1694375 ImuError.cpp:650] gyr saturation
W20250111 19:39:13.996003 1694375 ImuError.cpp:650] gyr saturation
W20250111 19:39:13.996009 1694375 ImuError.cpp:650] gyr saturation
W20250111 19:39:13.996016 1694375 ImuError.cpp:650] gyr saturation
W20250111 19:39:13.996022 1694375 ImuError.cpp:650] gyr saturation
W20250111 19:39:13.996027 1694375 ImuError.cpp:650] gyr saturation
W20250111 19:39:13.996033 1694375 ImuError.cpp:650] gyr saturation
W20250111 19:39:13.996039 1694375 ImuError.cpp:650] gyr saturation
W20250111 19:39:13.996047 1694375 ImuError.cpp:650] gyr saturation
W20250111 19:39:13.996053 1694375 ImuError.cpp:650] gyr saturation
W20250111 19:39:13.996068 1694375 ImuError.cpp:650] gyr saturation
W20250111 19:39:13.996073 1694375 ImuError.cpp:650] gyr saturation
W20250111 19:39:13.996078 1694375 ImuError.cpp:650] gyr saturation
W20250111 19:39:13.996084 1694375 ImuError.cpp:650] gyr saturation
W20250111 19:39:13.996090 1694375 ImuError.cpp:650] gyr saturation
W20250111 19:39:13.996096 1694375 ImuError.cpp:650] gyr saturation
W20250111 19:39:13.996105 1694375 ImuError.cpp:650] gyr saturation
W20250111 19:39:13.996111 1694375 ImuError.cpp:650] gyr saturation
W20250111 19:39:14.016813 1694375 ImuError.cpp:650] gyr saturation
W20250111 19:39:14.016875 1694375 ImuError.cpp:650] gyr saturation
W20250111 19:39:14.016885 1694375 ImuError.cpp:650] gyr saturation
W20250111 19:39:14.016892 1694375 ImuError.cpp:650] gyr saturation
W20250111 19:39:14.016898 1694375 ImuError.cpp:650] gyr saturation
W20250111 19:39:14.016904 1694375 ImuError.cpp:650] gyr saturation
W20250111 19:39:14.016911 1694375 ImuError.cpp:650] gyr saturation
W20250111 19:39:14.016919 1694375 ImuError.cpp:650] gyr saturation
W20250111 19:39:14.016930 1694375 ImuError.cpp:650] gyr saturation
W20250111 19:39:14.016935 1694375 ImuError.cpp:650] gyr saturation
W20250111 19:39:14.016944 1694375 ImuError.cpp:650] gyr saturation
W20250111 19:39:14.016950 1694375 ImuError.cpp:650] gyr saturation
W20250111 19:39:14.016956 1694375 ImuError.cpp:650] gyr saturation
W20250111 19:39:14.016963 1694375 ImuError.cpp:650] gyr saturation
W20250111 19:39:14.016968 1694375 ImuError.cpp:650] gyr saturation
W20250111 19:39:14.016978 1694375 ImuError.cpp:650] gyr saturation
W20250111 19:39:14.016985 1694375 ImuError.cpp:650] gyr saturation
W20250111 19:39:14.016991 1694375 ImuError.cpp:650] gyr saturation
W20250111 19:39:14.016996 1694375 ImuError.cpp:650] gyr saturation
W20250111 19:39:14.017002 1694375 ImuError.cpp:650] gyr saturation
W20250111 19:39:14.017009 1694375 ImuError.cpp:650] gyr saturation
W20250111 19:39:14.017014 1694375 ImuError.cpp:650] gyr saturation
W20250111 19:39:14.017019 1694375 ImuError.cpp:650] gyr saturation
W20250111 19:39:14.017025 1694375 ImuError.cpp:650] gyr saturation
W20250111 19:39:14.017031 1694375 ImuError.cpp:650] gyr saturation
W20250111 19:39:14.017036 1694375 ImuError.cpp:650] gyr saturation
W20250111 19:39:14.017042 1694375 ImuError.cpp:650] gyr saturation
W20250111 19:39:14.017048 1694375 ImuError.cpp:650] gyr saturation
W20250111 19:39:14.017053 1694375 ImuError.cpp:650] gyr saturation
W20250111 19:39:14.017059 1694375 ImuError.cpp:650] gyr saturation
W20250111 19:39:14.017066 1694375 ImuError.cpp:650] gyr saturation
W20250111 19:39:14.017071 1694375 ImuError.cpp:650] gyr saturation
W20250111 19:39:14.017076 1694375 ImuError.cpp:650] gyr saturation
W20250111 19:39:14.017082 1694375 ImuError.cpp:650] gyr saturation
W20250111 19:39:14.017087 1694375 ImuError.cpp:650] gyr saturation
W20250111 19:39:14.017155 1694375 ImuError.cpp:650] gyr saturation
W20250111 19:39:14.017163 1694375 ImuError.cpp:650] gyr saturation
W20250111 19:39:14.017167 1694375 ImuError.cpp:650] gyr saturation
W20250111 19:39:14.017174 1694375 ImuError.cpp:650] gyr saturation
W20250111 19:39:14.017179 1694375 ImuError.cpp:650] gyr saturation
W20250111 19:39:14.017184 1694375 ImuError.cpp:650] gyr saturation
W20250111 19:39:14.017190 1694375 ImuError.cpp:650] gyr saturation
W20250111 19:39:14.017196 1694375 ImuError.cpp:650] gyr saturation
W20250111 19:39:14.017201 1694375 ImuError.cpp:650] gyr saturation
W20250111 19:39:14.017208 1694375 ImuError.cpp:650] gyr saturation
W20250111 19:39:14.017215 1694375 ImuError.cpp:650] gyr saturation
W20250111 19:39:14.017220 1694375 ImuError.cpp:650] gyr saturation
W20250111 19:39:14.017225 1694375 ImuError.cpp:650] gyr saturation
W20250111 19:39:14.017230 1694375 ImuError.cpp:650] gyr saturation
W20250111 19:39:14.017235 1694375 ImuError.cpp:650] gyr saturation
W20250111 19:39:14.017241 1694375 ImuError.cpp:650] gyr saturation
W20250111 19:39:14.017246 1694375 ImuError.cpp:650] gyr saturation
W20250111 19:39:14.017254 1694375 ImuError.cpp:650] gyr saturation
W20250111 19:39:14.017261 1694375 ImuError.cpp:650] gyr saturation
W20250111 19:39:14.017267 1694375 ImuError.cpp:650] gyr saturation
W20250111 19:39:14.017273 1694375 ImuError.cpp:650] gyr saturation
W20250111 19:39:14.017280 1694375 ImuError.cpp:650] gyr saturation
W20250111 19:39:14.017287 1694375 ImuError.cpp:650] gyr saturation
W20250111 19:39:14.017292 1694375 ImuError.cpp:650] gyr saturation
W20250111 19:39:14.017309 1694375 ImuError.cpp:650] gyr saturation
W20250111 19:39:14.017316 1694375 ImuError.cpp:650] gyr saturation
W20250111 19:39:14.017323 1694375 ImuError.cpp:650] gyr saturation
W20250111 19:39:14.017330 1694375 ImuError.cpp:650] gyr saturation
W20250111 19:39:14.017338 1694375 ImuError.cpp:650] gyr saturation
W20250111 19:39:14.017343 1694375 ImuError.cpp:650] gyr saturation
W20250111 19:39:14.017349 1694375 ImuError.cpp:650] gyr saturation
W20250111 19:39:14.017354 1694375 ImuError.cpp:650] gyr saturation
W20250111 19:39:14.017360 1694375 ImuError.cpp:650] gyr saturation
W20250111 19:39:14.017366 1694375 ImuError.cpp:650] gyr saturation
W20250111 19:39:14.017372 1694375 ImuError.cpp:650] gyr saturation
W20250111 19:39:14.022400 1694375 ImuError.cpp:368] gyr saturation
W20250111 19:39:14.022485 1694375 ImuError.cpp:368] gyr saturation
W20250111 19:39:14.022500 1694375 ImuError.cpp:368] gyr saturation
W20250111 19:39:14.022511 1694375 ImuError.cpp:368] gyr saturation
W20250111 19:39:14.022522 1694375 ImuError.cpp:368] gyr saturation
W20250111 19:39:14.022533 1694375 ImuError.cpp:368] gyr saturation
W20250111 19:39:14.022544 1694375 ImuError.cpp:368] gyr saturation
W20250111 19:39:14.022555 1694375 ImuError.cpp:368] gyr saturation
W20250111 19:39:14.022567 1694375 ImuError.cpp:368] gyr saturation
W20250111 19:39:14.022578 1694375 ImuError.cpp:368] gyr saturation
W20250111 19:39:14.022588 1694375 ImuError.cpp:368] gyr saturation
W20250111 19:39:14.022598 1694375 ImuError.cpp:368] gyr saturation
W20250111 19:39:14.022609 1694375 ImuError.cpp:368] gyr saturation
W20250111 19:39:14.022620 1694375 ImuError.cpp:368] gyr saturation
W20250111 19:39:14.022637 1694375 ImuError.cpp:368] gyr saturation
W20250111 19:39:14.022648 1694375 ImuError.cpp:368] gyr saturation
W20250111 19:39:14.022660 1694375 ImuError.cpp:368] gyr saturation
W20250111 19:39:14.022670 1694375 ImuError.cpp:368] gyr saturation
W20250111 19:39:14.022681 1694375 ImuError.cpp:368] gyr saturation
W20250111 19:39:14.022692 1694375 ImuError.cpp:368] gyr saturation
W20250111 19:39:14.022703 1694375 ImuError.cpp:368] gyr saturation
W20250111 19:39:14.022714 1694375 ImuError.cpp:368] gyr saturation
W20250111 19:39:14.022725 1694375 ImuError.cpp:368] gyr saturation
W20250111 19:39:14.022735 1694375 ImuError.cpp:368] gyr saturation
W20250111 19:39:14.022747 1694375 ImuError.cpp:368] gyr saturation
W20250111 19:39:14.022758 1694375 ImuError.cpp:368] gyr saturation
W20250111 19:39:14.022768 1694375 ImuError.cpp:368] gyr saturation
W20250111 19:39:14.022778 1694375 ImuError.cpp:368] gyr saturation
W20250111 19:39:14.022789 1694375 ImuError.cpp:368] gyr saturation
W20250111 19:39:14.022800 1694375 ImuError.cpp:368] gyr saturation
W20250111 19:39:14.022810 1694375 ImuError.cpp:368] gyr saturation
W20250111 19:39:14.022821 1694375 ImuError.cpp:368] gyr saturation
W20250111 19:39:14.022832 1694375 ImuError.cpp:368] gyr saturation
W20250111 19:39:14.022843 1694375 ImuError.cpp:368] gyr saturation
W20250111 19:39:14.022854 1694375 ImuError.cpp:368] gyr saturation
W20250111 19:39:14.029045 1694375 ImuError.cpp:650] gyr saturation
W20250111 19:39:14.029107 1694375 ImuError.cpp:650] gyr saturation
W20250111 19:39:14.029114 1694375 ImuError.cpp:650] gyr saturation
W20250111 19:39:14.029121 1694375 ImuError.cpp:650] gyr saturation
W20250111 19:39:14.029129 1694375 ImuError.cpp:650] gyr saturation
W20250111 19:39:14.029135 1694375 ImuError.cpp:650] gyr saturation
W20250111 19:39:14.029141 1694375 ImuError.cpp:650] gyr saturation
W20250111 19:39:14.029147 1694375 ImuError.cpp:650] gyr saturation
W20250111 19:39:14.029152 1694375 ImuError.cpp:650] gyr saturation
W20250111 19:39:14.029158 1694375 ImuError.cpp:650] gyr saturation
W20250111 19:39:14.029163 1694375 ImuError.cpp:650] gyr saturation
W20250111 19:39:14.029170 1694375 ImuError.cpp:650] gyr saturation
W20250111 19:39:14.029176 1694375 ImuError.cpp:650] gyr saturation
W20250111 19:39:14.029182 1694375 ImuError.cpp:650] gyr saturation
W20250111 19:39:14.029188 1694375 ImuError.cpp:650] gyr saturation
W20250111 19:39:14.029196 1694375 ImuError.cpp:650] gyr saturation
W20250111 19:39:14.029225 1694375 ImuError.cpp:650] gyr saturation
W20250111 19:39:14.029237 1694375 ImuError.cpp:650] gyr saturation
W20250111 19:39:14.029243 1694375 ImuError.cpp:650] gyr saturation
W20250111 19:39:14.029249 1694375 ImuError.cpp:650] gyr saturation
W20250111 19:39:14.029255 1694375 ImuError.cpp:650] gyr saturation
W20250111 19:39:14.029260 1694375 ImuError.cpp:650] gyr saturation
W20250111 19:39:14.029268 1694375 ImuError.cpp:650] gyr saturation
W20250111 19:39:14.029274 1694375 ImuError.cpp:650] gyr saturation
W20250111 19:39:14.029279 1694375 ImuError.cpp:650] gyr saturation
W20250111 19:39:14.029286 1694375 ImuError.cpp:650] gyr saturation
W20250111 19:39:14.029294 1694375 ImuError.cpp:650] gyr saturation
W20250111 19:39:14.029300 1694375 ImuError.cpp:650] gyr saturation
W20250111 19:39:14.029305 1694375 ImuError.cpp:650] gyr saturation
W20250111 19:39:14.029313 1694375 ImuError.cpp:650] gyr saturation
W20250111 19:39:14.029321 1694375 ImuError.cpp:650] gyr saturation
W20250111 19:39:14.029327 1694375 ImuError.cpp:650] gyr saturation
W20250111 19:39:14.029333 1694375 ImuError.cpp:650] gyr saturation
W20250111 19:39:14.029340 1694375 ImuError.cpp:650] gyr saturation
W20250111 19:39:14.029345 1694375 ImuError.cpp:650] gyr saturation
W20250111 19:39:14.029351 1694375 ImuError.cpp:650] gyr saturation
W20250111 19:39:14.029357 1694375 ImuError.cpp:650] gyr saturation
W20250111 19:39:14.029363 1694375 ImuError.cpp:650] gyr saturation
W20250111 19:39:14.029368 1694375 ImuError.cpp:650] gyr saturation
W20250111 19:39:14.029374 1694375 ImuError.cpp:650] gyr saturation
W20250111 19:39:14.029381 1694375 ImuError.cpp:650] gyr saturation
W20250111 19:39:14.029386 1694375 ImuError.cpp:650] gyr saturation
W20250111 19:39:14.029393 1694375 ImuError.cpp:650] gyr saturation
W20250111 19:39:14.029399 1694375 ImuError.cpp:650] gyr saturation
W20250111 19:39:14.029405 1694375 ImuError.cpp:650] gyr saturation
W20250111 19:39:14.029412 1694375 ImuError.cpp:650] gyr saturation
W20250111 19:39:14.029417 1694375 ImuError.cpp:650] gyr saturation
W20250111 19:39:14.029423 1694375 ImuError.cpp:650] gyr saturation
W20250111 19:39:14.029429 1694375 ImuError.cpp:650] gyr saturation
W20250111 19:39:14.029435 1694375 ImuError.cpp:650] gyr saturation
W20250111 19:39:14.029440 1694375 ImuError.cpp:650] gyr saturation
W20250111 19:39:14.029446 1694375 ImuError.cpp:650] gyr saturation
W20250111 19:39:14.029453 1694375 ImuError.cpp:650] gyr saturation
W20250111 19:39:14.029458 1694375 ImuError.cpp:650] gyr saturation
W20250111 19:39:14.029465 1694375 ImuError.cpp:650] gyr saturation
W20250111 19:39:14.029470 1694375 ImuError.cpp:650] gyr saturation
W20250111 19:39:14.029476 1694375 ImuError.cpp:650] gyr saturation
W20250111 19:39:14.029482 1694375 ImuError.cpp:650] gyr saturation
W20250111 19:39:14.029489 1694375 ImuError.cpp:650] gyr saturation
W20250111 19:39:14.029495 1694375 ImuError.cpp:650] gyr saturation
W20250111 19:39:14.029501 1694375 ImuError.cpp:650] gyr saturation
W20250111 19:39:14.029507 1694375 ImuError.cpp:650] gyr saturation
W20250111 19:39:14.029515 1694375 ImuError.cpp:650] gyr saturation
W20250111 19:39:14.029520 1694375 ImuError.cpp:650] gyr saturation
W20250111 19:39:14.029525 1694375 ImuError.cpp:650] gyr saturation
W20250111 19:39:14.029532 1694375 ImuError.cpp:650] gyr saturation
W20250111 19:39:14.029538 1694375 ImuError.cpp:650] gyr saturation
W20250111 19:39:14.052523 1694375 ImuError.cpp:650] gyr saturation
W20250111 19:39:14.052592 1694375 ImuError.cpp:650] gyr saturation
W20250111 19:39:14.052600 1694375 ImuError.cpp:650] gyr saturation
W20250111 19:39:14.052606 1694375 ImuError.cpp:650] gyr saturation
W20250111 19:39:14.052613 1694375 ImuError.cpp:650] gyr saturation
W20250111 19:39:14.052619 1694375 ImuError.cpp:650] gyr saturation
W20250111 19:39:14.052625 1694375 ImuError.cpp:650] gyr saturation
W20250111 19:39:14.052637 1694375 ImuError.cpp:650] gyr saturation
W20250111 19:39:14.052644 1694375 ImuError.cpp:650] gyr saturation
W20250111 19:39:14.052649 1694375 ImuError.cpp:650] gyr saturation
W20250111 19:39:14.052667 1694375 ImuError.cpp:650] gyr saturation
W20250111 19:39:14.052676 1694375 ImuError.cpp:650] gyr saturation
W20250111 19:39:14.052683 1694375 ImuError.cpp:650] gyr saturation
W20250111 19:39:14.052690 1694375 ImuError.cpp:650] gyr saturation
W20250111 19:39:14.052698 1694375 ImuError.cpp:650] gyr saturation
W20250111 19:39:14.052704 1694375 ImuError.cpp:650] gyr saturation
W20250111 19:39:14.052711 1694375 ImuError.cpp:650] gyr saturation
W20250111 19:39:14.052717 1694375 ImuError.cpp:650] gyr saturation
W20250111 19:39:14.052723 1694375 ImuError.cpp:650] gyr saturation
W20250111 19:39:14.052729 1694375 ImuError.cpp:650] gyr saturation
W20250111 19:39:14.052737 1694375 ImuError.cpp:650] gyr saturation
W20250111 19:39:14.052743 1694375 ImuError.cpp:650] gyr saturation
W20250111 19:39:14.052748 1694375 ImuError.cpp:650] gyr saturation
W20250111 19:39:14.052753 1694375 ImuError.cpp:650] gyr saturation
W20250111 19:39:14.052760 1694375 ImuError.cpp:650] gyr saturation
W20250111 19:39:14.052767 1694375 ImuError.cpp:650] gyr saturation
W20250111 19:39:14.052773 1694375 ImuError.cpp:650] gyr saturation
W20250111 19:39:14.052780 1694375 ImuError.cpp:650] gyr saturation
W20250111 19:39:14.052786 1694375 ImuError.cpp:650] gyr saturation
W20250111 19:39:14.052793 1694375 ImuError.cpp:650] gyr saturation
W20250111 19:39:14.052798 1694375 ImuError.cpp:650] gyr saturation
W20250111 19:39:14.052805 1694375 ImuError.cpp:650] gyr saturation
W20250111 19:39:14.052811 1694375 ImuError.cpp:650] gyr saturation
W20250111 19:39:14.052944 1694375 ImuError.cpp:650] gyr saturation
W20250111 19:39:14.052953 1694375 ImuError.cpp:650] gyr saturation
W20250111 19:39:14.052958 1694375 ImuError.cpp:650] gyr saturation
W20250111 19:39:14.052963 1694375 ImuError.cpp:650] gyr saturation
W20250111 19:39:14.052968 1694375 ImuError.cpp:650] gyr saturation
W20250111 19:39:14.052974 1694375 ImuError.cpp:650] gyr saturation
W20250111 19:39:14.052979 1694375 ImuError.cpp:650] gyr saturation
W20250111 19:39:14.052985 1694375 ImuError.cpp:650] gyr saturation
W20250111 19:39:14.052991 1694375 ImuError.cpp:650] gyr saturation
W20250111 19:39:14.052996 1694375 ImuError.cpp:650] gyr saturation
W20250111 19:39:14.053001 1694375 ImuError.cpp:650] gyr saturation
W20250111 19:39:14.053006 1694375 ImuError.cpp:650] gyr saturation
W20250111 19:39:14.053012 1694375 ImuError.cpp:650] gyr saturation
W20250111 19:39:14.053017 1694375 ImuError.cpp:650] gyr saturation
W20250111 19:39:14.053022 1694375 ImuError.cpp:650] gyr saturation
W20250111 19:39:14.053027 1694375 ImuError.cpp:650] gyr saturation
W20250111 19:39:14.053033 1694375 ImuError.cpp:650] gyr saturation
W20250111 19:39:14.053038 1694375 ImuError.cpp:650] gyr saturation
W20250111 19:39:14.053043 1694375 ImuError.cpp:650] gyr saturation
W20250111 19:39:14.053049 1694375 ImuError.cpp:650] gyr saturation
W20250111 19:39:14.053054 1694375 ImuError.cpp:650] gyr saturation
W20250111 19:39:14.053059 1694375 ImuError.cpp:650] gyr saturation
W20250111 19:39:14.053066 1694375 ImuError.cpp:650] gyr saturation
W20250111 19:39:14.053071 1694375 ImuError.cpp:650] gyr saturation
W20250111 19:39:14.053076 1694375 ImuError.cpp:650] gyr saturation
W20250111 19:39:14.053081 1694375 ImuError.cpp:650] gyr saturation
W20250111 19:39:14.053086 1694375 ImuError.cpp:650] gyr saturation
W20250111 19:39:14.053092 1694375 ImuError.cpp:650] gyr saturation
W20250111 19:39:14.053097 1694375 ImuError.cpp:650] gyr saturation
W20250111 19:39:14.053102 1694375 ImuError.cpp:650] gyr saturation
W20250111 19:39:14.053107 1694375 ImuError.cpp:650] gyr saturation
W20250111 19:39:14.053113 1694375 ImuError.cpp:650] gyr saturation
W20250111 19:39:14.053118 1694375 ImuError.cpp:650] gyr saturation
W20250111 19:39:14.058480 1694375 ImuError.cpp:368] gyr saturation
W20250111 19:39:14.058559 1694375 ImuError.cpp:368] gyr saturation
W20250111 19:39:14.058573 1694375 ImuError.cpp:368] gyr saturation
W20250111 19:39:14.058584 1694375 ImuError.cpp:368] gyr saturation
W20250111 19:39:14.058596 1694375 ImuError.cpp:368] gyr saturation
W20250111 19:39:14.058621 1694375 ImuError.cpp:368] gyr saturation
W20250111 19:39:14.058642 1694375 ImuError.cpp:368] gyr saturation
W20250111 19:39:14.058655 1694375 ImuError.cpp:368] gyr saturation
W20250111 19:39:14.058665 1694375 ImuError.cpp:368] gyr saturation
W20250111 19:39:14.058676 1694375 ImuError.cpp:368] gyr saturation
W20250111 19:39:14.058687 1694375 ImuError.cpp:368] gyr saturation
W20250111 19:39:14.058698 1694375 ImuError.cpp:368] gyr saturation
W20250111 19:39:14.058709 1694375 ImuError.cpp:368] gyr saturation
W20250111 19:39:14.058722 1694375 ImuError.cpp:368] gyr saturation
W20250111 19:39:14.058732 1694375 ImuError.cpp:368] gyr saturation
W20250111 19:39:14.058743 1694375 ImuError.cpp:368] gyr saturation
W20250111 19:39:14.058753 1694375 ImuError.cpp:368] gyr saturation
W20250111 19:39:14.058764 1694375 ImuError.cpp:368] gyr saturation
W20250111 19:39:14.058775 1694375 ImuError.cpp:368] gyr saturation
W20250111 19:39:14.058786 1694375 ImuError.cpp:368] gyr saturation
W20250111 19:39:14.058797 1694375 ImuError.cpp:368] gyr saturation
W20250111 19:39:14.058807 1694375 ImuError.cpp:368] gyr saturation
W20250111 19:39:14.058818 1694375 ImuError.cpp:368] gyr saturation
W20250111 19:39:14.058830 1694375 ImuError.cpp:368] gyr saturation
W20250111 19:39:14.058841 1694375 ImuError.cpp:368] gyr saturation
W20250111 19:39:14.058851 1694375 ImuError.cpp:368] gyr saturation
W20250111 19:39:14.058862 1694375 ImuError.cpp:368] gyr saturation
W20250111 19:39:14.058872 1694375 ImuError.cpp:368] gyr saturation
W20250111 19:39:14.058884 1694375 ImuError.cpp:368] gyr saturation
W20250111 19:39:14.058894 1694375 ImuError.cpp:368] gyr saturation
W20250111 19:39:14.058905 1694375 ImuError.cpp:368] gyr saturation
W20250111 19:39:14.058916 1694375 ImuError.cpp:368] gyr saturation
W20250111 19:39:14.058928 1694375 ImuError.cpp:368] gyr saturation
W20250111 19:39:14.065658 1694375 ImuError.cpp:650] gyr saturation
W20250111 19:39:14.065716 1694375 ImuError.cpp:650] gyr saturation
W20250111 19:39:14.065727 1694375 ImuError.cpp:650] gyr saturation
W20250111 19:39:14.065734 1694375 ImuError.cpp:650] gyr saturation
W20250111 19:39:14.065739 1694375 ImuError.cpp:650] gyr saturation
W20250111 19:39:14.065745 1694375 ImuError.cpp:650] gyr saturation
W20250111 19:39:14.066144 1694375 ImuError.cpp:650] gyr saturation
W20250111 19:39:14.066155 1694375 ImuError.cpp:650] gyr saturation
W20250111 19:39:14.066160 1694375 ImuError.cpp:650] gyr saturation
W20250111 19:39:14.066167 1694375 ImuError.cpp:650] gyr saturation
W20250111 19:39:14.066174 1694375 ImuError.cpp:650] gyr saturation
W20250111 19:39:14.066180 1694375 ImuError.cpp:650] gyr saturation
W20250111 19:39:14.066185 1694375 ImuError.cpp:650] gyr saturation
W20250111 19:39:14.066192 1694375 ImuError.cpp:650] gyr saturation
W20250111 19:39:14.066205 1694375 ImuError.cpp:650] gyr saturation
W20250111 19:39:14.066210 1694375 ImuError.cpp:650] gyr saturation
W20250111 19:39:14.066216 1694375 ImuError.cpp:650] gyr saturation
W20250111 19:39:14.066224 1694375 ImuError.cpp:650] gyr saturation
W20250111 19:39:14.066229 1694375 ImuError.cpp:650] gyr saturation
W20250111 19:39:14.066236 1694375 ImuError.cpp:650] gyr saturation
W20250111 19:39:14.066244 1694375 ImuError.cpp:650] gyr saturation
W20250111 19:39:14.066249 1694375 ImuError.cpp:650] gyr saturation
W20250111 19:39:14.066255 1694375 ImuError.cpp:650] gyr saturation
W20250111 19:39:14.066262 1694375 ImuError.cpp:650] gyr saturation
W20250111 19:39:14.066267 1694375 ImuError.cpp:650] gyr saturation
W20250111 19:39:14.066272 1694375 ImuError.cpp:650] gyr saturation
W20250111 19:39:14.066279 1694375 ImuError.cpp:650] gyr saturation
W20250111 19:39:14.066286 1694375 ImuError.cpp:650] gyr saturation
W20250111 19:39:14.066293 1694375 ImuError.cpp:650] gyr saturation
W20250111 19:39:14.066299 1694375 ImuError.cpp:650] gyr saturation
W20250111 19:39:14.066305 1694375 ImuError.cpp:650] gyr saturation
W20250111 19:39:14.066311 1694375 ImuError.cpp:650] gyr saturation
W20250111 19:39:14.066318 1694375 ImuError.cpp:650] gyr saturation
I20250111 19:39:14.093773 1694375 Frontend.cpp:2274] RANSAC FAIL: 43 inliers, ratio = 0.605634
W20250111 19:39:14.128993 1904151 ImuError.cpp:165] gyr saturation
W20250111 19:39:14.129127 1904151 ImuError.cpp:165] gyr saturation
W20250111 19:39:14.129139 1904151 ImuError.cpp:165] gyr saturation
W20250111 19:39:14.129154 1904151 ImuError.cpp:165] gyr saturation
W20250111 19:39:14.129165 1904151 ImuError.cpp:165] gyr saturation
W20250111 19:39:14.129179 1904151 ImuError.cpp:165] gyr saturation
W20250111 19:39:14.129189 1904151 ImuError.cpp:165] gyr saturation
W20250111 19:39:14.129201 1904151 ImuError.cpp:165] gyr saturation
W20250111 19:39:14.129211 1904151 ImuError.cpp:165] gyr saturation
W20250111 19:39:14.129222 1904151 ImuError.cpp:165] gyr saturation
W20250111 19:39:14.129233 1904151 ImuError.cpp:165] gyr saturation
W20250111 19:39:14.129244 1904151 ImuError.cpp:165] gyr saturation
W20250111 19:39:14.129256 1904151 ImuError.cpp:165] gyr saturation
W20250111 19:39:14.129266 1904151 ImuError.cpp:165] gyr saturation
W20250111 19:39:14.129277 1904151 ImuError.cpp:165] gyr saturation
W20250111 19:39:14.129288 1904151 ImuError.cpp:165] gyr saturation
W20250111 19:39:14.129299 1904151 ImuError.cpp:165] gyr saturation
W20250111 19:39:14.129310 1904151 ImuError.cpp:165] gyr saturation
W20250111 19:39:14.129320 1904151 ImuError.cpp:165] gyr saturation
W20250111 19:39:14.129331 1904151 ImuError.cpp:165] gyr saturation
W20250111 19:39:14.129343 1904151 ImuError.cpp:165] gyr saturation
W20250111 19:39:14.129354 1904151 ImuError.cpp:165] gyr saturation
W20250111 19:39:14.129364 1904151 ImuError.cpp:165] gyr saturation
W20250111 19:39:14.129375 1904151 ImuError.cpp:165] gyr saturation
W20250111 19:39:14.129385 1904151 ImuError.cpp:165] gyr saturation
W20250111 19:39:14.129396 1904151 ImuError.cpp:165] gyr saturation
W20250111 19:39:14.129407 1904151 ImuError.cpp:165] gyr saturation
W20250111 19:39:14.129418 1904151 ImuError.cpp:165] gyr saturation
W20250111 19:39:14.129429 1904151 ImuError.cpp:165] gyr saturation
W20250111 19:39:14.129439 1904151 ImuError.cpp:165] gyr saturation
W20250111 19:39:14.129451 1904151 ImuError.cpp:165] gyr saturation
W20250111 19:39:14.129462 1904151 ImuError.cpp:165] gyr saturation
W20250111 19:39:14.129472 1904151 ImuError.cpp:165] gyr saturation
W20250111 19:39:14.129482 1904151 ImuError.cpp:165] gyr saturation
W20250111 19:39:14.129493 1904151 ImuError.cpp:165] gyr saturation
W20250111 19:39:14.129742 1904151 ImuError.cpp:165] gyr saturation
W20250111 19:39:14.129757 1904151 ImuError.cpp:165] gyr saturation
W20250111 19:39:14.129768 1904151 ImuError.cpp:165] gyr saturation
W20250111 19:39:14.129779 1904151 ImuError.cpp:165] gyr saturation
W20250111 19:39:14.129791 1904151 ImuError.cpp:165] gyr saturation
W20250111 19:39:14.129801 1904151 ImuError.cpp:165] gyr saturation
W20250111 19:39:14.129812 1904151 ImuError.cpp:165] gyr saturation
W20250111 19:39:14.129823 1904151 ImuError.cpp:165] gyr saturation
W20250111 19:39:14.129833 1904151 ImuError.cpp:165] gyr saturation
W20250111 19:39:14.129844 1904151 ImuError.cpp:165] gyr saturation
W20250111 19:39:14.129855 1904151 ImuError.cpp:165] gyr saturation
W20250111 19:39:14.129866 1904151 ImuError.cpp:165] gyr saturation
W20250111 19:39:14.129877 1904151 ImuError.cpp:165] gyr saturation
W20250111 19:39:14.129887 1904151 ImuError.cpp:165] gyr saturation
W20250111 19:39:14.129899 1904151 ImuError.cpp:165] gyr saturation
W20250111 19:39:14.129909 1904151 ImuError.cpp:165] gyr saturation
W20250111 19:39:14.129920 1904151 ImuError.cpp:165] gyr saturation
W20250111 19:39:14.129930 1904151 ImuError.cpp:165] gyr saturation
W20250111 19:39:14.129941 1904151 ImuError.cpp:165] gyr saturation
W20250111 19:39:14.129952 1904151 ImuError.cpp:165] gyr saturation
W20250111 19:39:14.129962 1904151 ImuError.cpp:165] gyr saturation
W20250111 19:39:14.129973 1904151 ImuError.cpp:165] gyr saturation
W20250111 19:39:14.129984 1904151 ImuError.cpp:165] gyr saturation
W20250111 19:39:14.129995 1904151 ImuError.cpp:165] gyr saturation
W20250111 19:39:14.130007 1904151 ImuError.cpp:165] gyr saturation
W20250111 19:39:14.130023 1904151 ImuError.cpp:165] gyr saturation
W20250111 19:39:14.130035 1904151 ImuError.cpp:165] gyr saturation
W20250111 19:39:14.130048 1904151 ImuError.cpp:165] gyr saturation
W20250111 19:39:14.130059 1904151 ImuError.cpp:165] gyr saturation
W20250111 19:39:14.130069 1904151 ImuError.cpp:165] gyr saturation
W20250111 19:39:14.130079 1904151 ImuError.cpp:165] gyr saturation
W20250111 19:39:14.130090 1904151 ImuError.cpp:165] gyr saturation
W20250111 19:39:14.130101 1904151 ImuError.cpp:165] gyr saturation
W20250111 19:39:14.130111 1904151 ImuError.cpp:165] gyr saturation
W20250111 19:39:14.130122 1904151 ImuError.cpp:165] gyr saturation
I20250111 19:39:14.133160 1694375 Frontend.cpp:2274] RANSAC FAIL: 40 inliers, ratio = 0.634921
I20250111 19:39:15.138844 1694375 Frontend.cpp:2274] RANSAC FAIL: 53 inliers, ratio = 0.6625
I20250111 19:39:15.169657 1694375 Frontend.cpp:2274] RANSAC FAIL: 43 inliers, ratio = 0.661538
I20250111 19:39:15.254655 1694375 Frontend.cpp:2274] RANSAC FAIL: 53 inliers, ratio = 0.670886
W20250111 19:39:15.590811 1694375 ImuError.cpp:650] gyr saturation
W20250111 19:39:15.590853 1694375 ImuError.cpp:650] gyr saturation
W20250111 19:39:15.590862 1694375 ImuError.cpp:650] gyr saturation
W20250111 19:39:15.590867 1694375 ImuError.cpp:650] gyr saturation
W20250111 19:39:15.590871 1694375 ImuError.cpp:650] gyr saturation
W20250111 19:39:15.590876 1694375 ImuError.cpp:650] gyr saturation
W20250111 19:39:15.590883 1694375 ImuError.cpp:650] gyr saturation
W20250111 19:39:15.590888 1694375 ImuError.cpp:650] gyr saturation
W20250111 19:39:15.590893 1694375 ImuError.cpp:650] gyr saturation
W20250111 19:39:15.590896 1694375 ImuError.cpp:650] gyr saturation
W20250111 19:39:15.590901 1694375 ImuError.cpp:650] gyr saturation
W20250111 19:39:15.590906 1694375 ImuError.cpp:650] gyr saturation
W20250111 19:39:15.590914 1694375 ImuError.cpp:650] gyr saturation
W20250111 19:39:15.590922 1694375 ImuError.cpp:650] gyr saturation
W20250111 19:39:15.590929 1694375 ImuError.cpp:650] gyr saturation
W20250111 19:39:15.590934 1694375 ImuError.cpp:650] gyr saturation
W20250111 19:39:15.590938 1694375 ImuError.cpp:650] gyr saturation
W20250111 19:39:15.590943 1694375 ImuError.cpp:650] gyr saturation
W20250111 19:39:15.590950 1694375 ImuError.cpp:650] gyr saturation
W20250111 19:39:15.590953 1694375 ImuError.cpp:650] gyr saturation
W20250111 19:39:15.590960 1694375 ImuError.cpp:650] gyr saturation
W20250111 19:39:15.614830 1694375 ImuError.cpp:650] gyr saturation
W20250111 19:39:15.614866 1694375 ImuError.cpp:650] gyr saturation
W20250111 19:39:15.614872 1694375 ImuError.cpp:650] gyr saturation
W20250111 19:39:15.614877 1694375 ImuError.cpp:650] gyr saturation
W20250111 19:39:15.614881 1694375 ImuError.cpp:650] gyr saturation
W20250111 19:39:15.614885 1694375 ImuError.cpp:650] gyr saturation
W20250111 19:39:15.614890 1694375 ImuError.cpp:650] gyr saturation
W20250111 19:39:15.614893 1694375 ImuError.cpp:650] gyr saturation
W20250111 19:39:15.614898 1694375 ImuError.cpp:650] gyr saturation
W20250111 19:39:15.614902 1694375 ImuError.cpp:650] gyr saturation
W20250111 19:39:15.614907 1694375 ImuError.cpp:650] gyr saturation
W20250111 19:39:15.614910 1694375 ImuError.cpp:650] gyr saturation
W20250111 19:39:15.614914 1694375 ImuError.cpp:650] gyr saturation
W20250111 19:39:15.614918 1694375 ImuError.cpp:650] gyr saturation
W20250111 19:39:15.614923 1694375 ImuError.cpp:650] gyr saturation
W20250111 19:39:15.614926 1694375 ImuError.cpp:650] gyr saturation
W20250111 19:39:15.614930 1694375 ImuError.cpp:650] gyr saturation
W20250111 19:39:15.614936 1694375 ImuError.cpp:650] gyr saturation
W20250111 19:39:15.614941 1694375 ImuError.cpp:650] gyr saturation
W20250111 19:39:15.614945 1694375 ImuError.cpp:650] gyr saturation
W20250111 19:39:15.614950 1694375 ImuError.cpp:650] gyr saturation
W20250111 19:39:15.615082 1694375 ImuError.cpp:650] gyr saturation
W20250111 19:39:15.615088 1694375 ImuError.cpp:650] gyr saturation
W20250111 19:39:15.615092 1694375 ImuError.cpp:650] gyr saturation
W20250111 19:39:15.615101 1694375 ImuError.cpp:650] gyr saturation
W20250111 19:39:15.615105 1694375 ImuError.cpp:650] gyr saturation
W20250111 19:39:15.615110 1694375 ImuError.cpp:650] gyr saturation
W20250111 19:39:15.615114 1694375 ImuError.cpp:650] gyr saturation
W20250111 19:39:15.615118 1694375 ImuError.cpp:650] gyr saturation
W20250111 19:39:15.615121 1694375 ImuError.cpp:650] gyr saturation
W20250111 19:39:15.615125 1694375 ImuError.cpp:650] gyr saturation
W20250111 19:39:15.615130 1694375 ImuError.cpp:650] gyr saturation
W20250111 19:39:15.615135 1694375 ImuError.cpp:650] gyr saturation
W20250111 19:39:15.615141 1694375 ImuError.cpp:650] gyr saturation
W20250111 19:39:15.615144 1694375 ImuError.cpp:650] gyr saturation
W20250111 19:39:15.615149 1694375 ImuError.cpp:650] gyr saturation
W20250111 19:39:15.615152 1694375 ImuError.cpp:650] gyr saturation
W20250111 19:39:15.615156 1694375 ImuError.cpp:650] gyr saturation
W20250111 19:39:15.615159 1694375 ImuError.cpp:650] gyr saturation
W20250111 19:39:15.615163 1694375 ImuError.cpp:650] gyr saturation
W20250111 19:39:15.615167 1694375 ImuError.cpp:650] gyr saturation
W20250111 19:39:15.615170 1694375 ImuError.cpp:650] gyr saturation
I20250111 19:39:15.616914 1694375 Frontend.cpp:2274] RANSAC FAIL: 41 inliers, ratio = 0.650794
W20250111 19:39:15.618248 1694375 ImuError.cpp:368] gyr saturation
W20250111 19:39:15.618273 1694375 ImuError.cpp:368] gyr saturation
W20250111 19:39:15.618281 1694375 ImuError.cpp:368] gyr saturation
W20250111 19:39:15.618291 1694375 ImuError.cpp:368] gyr saturation
W20250111 19:39:15.618304 1694375 ImuError.cpp:368] gyr saturation
W20250111 19:39:15.618311 1694375 ImuError.cpp:368] gyr saturation
W20250111 19:39:15.618319 1694375 ImuError.cpp:368] gyr saturation
W20250111 19:39:15.618326 1694375 ImuError.cpp:368] gyr saturation
W20250111 19:39:15.618336 1694375 ImuError.cpp:368] gyr saturation
W20250111 19:39:15.618345 1694375 ImuError.cpp:368] gyr saturation
W20250111 19:39:15.618351 1694375 ImuError.cpp:368] gyr saturation
W20250111 19:39:15.618359 1694375 ImuError.cpp:368] gyr saturation
W20250111 19:39:15.618367 1694375 ImuError.cpp:368] gyr saturation
W20250111 19:39:15.618374 1694375 ImuError.cpp:368] gyr saturation
W20250111 19:39:15.618381 1694375 ImuError.cpp:368] gyr saturation
W20250111 19:39:15.618389 1694375 ImuError.cpp:368] gyr saturation
W20250111 19:39:15.618396 1694375 ImuError.cpp:368] gyr saturation
W20250111 19:39:15.618404 1694375 ImuError.cpp:368] gyr saturation
W20250111 19:39:15.618412 1694375 ImuError.cpp:368] gyr saturation
W20250111 19:39:15.618418 1694375 ImuError.cpp:368] gyr saturation
W20250111 19:39:15.618427 1694375 ImuError.cpp:368] gyr saturation
I20250111 19:39:15.622339 1694375 okvis_app_synchronous.cpp:210] OKVIS Timing
-----------
1 DetectAndDescribe                	   3457	00:00:06.630600	(00:00:00.001918 +- 00:00:00.000407)	[00:00:00.000922,00:00:00.004225]
2 Match                            	   3457	00:00:22.364224	(00:00:00.006469 +- 00:00:00.002503)	[00:00:00.000194,00:00:00.017610]
2.01 match to map                  	   3456	00:00:16.094089	(00:00:00.004657 +- 00:00:00.002105)	[00:00:00.000047,00:00:00.014422]
2.02 match motion stereo           	   3456	00:00:04.439227	(00:00:00.001284 +- 00:00:00.000420)	[00:00:00.000047,00:00:00.005286]
2.02.1 match motion stereo: prepare	   3456	00:00:00.997788	(00:00:00.000289 +- 00:00:00.000112)	[00:00:00.000001,00:00:00.000994]
2.10 match stereo                  	    934	00:00:00.034230	(00:00:00.000037 +- 00:00:00.000043)	[00:00:00.000001,00:00:00.000370]
3 Optimise                         	   3456	00:00:51.813338	(00:00:00.014992 +- 00:00:00.005845)	[00:00:00.001096,00:00:00.034739]
4 Prepare publishing               	   3456	00:00:02.809420	(00:00:00.000813 +- 00:00:00.000323)	[00:00:00.000031,00:00:00.003110]
6 Visualising                      	   3456	00:00:00.000836	(00:00:00.000000 +- 00:00:00.000000)	[00:00:00.000000,00:00:00.000009]
7 Marginalise                      	   3456	00:00:05.985875	(00:00:00.001732 +- 00:00:00.000706)	[00:00:00.000003,00:00:00.004994]
7.1 check/handle lost              	   3456	00:00:00.101834	(00:00:00.000029 +- 00:00:00.000019)	[00:00:00.000000,00:00:00.000243]
7.2 eliminate IMU frames           	   3456	00:00:02.655022	(00:00:00.000768 +- 00:00:00.000553)	[00:00:00.000000,00:00:00.002428]
7.3 convert to posegraph           	   1101	00:00:00.879657	(00:00:00.000799 +- 00:00:00.000428)	[00:00:00.000104,00:00:00.003838]
7.4 freezing                       	   3455	00:00:00.003779	(00:00:00.000001 +- 00:00:00.000002)	[00:00:00.000000,00:00:00.000015]
7.6 expand                         	   3428	00:00:00.753255	(00:00:00.000220 +- 00:00:00.000113)	[00:00:00.000022,00:00:00.001671]
7.7 prune place recognition frames 	   3455	00:00:00.763909	(00:00:00.000221 +- 00:00:00.000112)	[00:00:00.000002,00:00:00.000844]
I20250111 19:39:15.622452 1694375 okvis_app_synchronous.cpp:219] Progress: 64% (1 [1%/s], ETA: 36s)
W20250111 19:39:15.622481 1694375 ImuError.cpp:650] gyr saturation
W20250111 19:39:15.622491 1694375 ImuError.cpp:650] gyr saturation
W20250111 19:39:15.622496 1694375 ImuError.cpp:650] gyr saturation
W20250111 19:39:15.622502 1694375 ImuError.cpp:650] gyr saturation
W20250111 19:39:15.622507 1694375 ImuError.cpp:650] gyr saturation
W20250111 19:39:15.622511 1694375 ImuError.cpp:650] gyr saturation
W20250111 19:39:15.622517 1694375 ImuError.cpp:650] gyr saturation
W20250111 19:39:15.622521 1694375 ImuError.cpp:650] gyr saturation
W20250111 19:39:15.622526 1694375 ImuError.cpp:650] gyr saturation
W20250111 19:39:15.622531 1694375 ImuError.cpp:650] gyr saturation
W20250111 19:39:15.622535 1694375 ImuError.cpp:650] gyr saturation
W20250111 19:39:15.622540 1694375 ImuError.cpp:650] gyr saturation
W20250111 19:39:15.622545 1694375 ImuError.cpp:650] gyr saturation
W20250111 19:39:15.622550 1694375 ImuError.cpp:650] gyr saturation
W20250111 19:39:15.622555 1694375 ImuError.cpp:650] gyr saturation
W20250111 19:39:15.622561 1694375 ImuError.cpp:650] gyr saturation
W20250111 19:39:15.622565 1694375 ImuError.cpp:650] gyr saturation
W20250111 19:39:15.622570 1694375 ImuError.cpp:650] gyr saturation
W20250111 19:39:15.622574 1694375 ImuError.cpp:650] gyr saturation
W20250111 19:39:15.622579 1694375 ImuError.cpp:650] gyr saturation
W20250111 19:39:15.622583 1694375 ImuError.cpp:650] gyr saturation
W20250111 19:39:15.622588 1694375 ImuError.cpp:650] gyr saturation
W20250111 19:39:15.622592 1694375 ImuError.cpp:650] gyr saturation
W20250111 19:39:15.622596 1694375 ImuError.cpp:650] gyr saturation
W20250111 19:39:15.622601 1694375 ImuError.cpp:650] gyr saturation
W20250111 19:39:15.622606 1694375 ImuError.cpp:650] gyr saturation
W20250111 19:39:15.622611 1694375 ImuError.cpp:650] gyr saturation
W20250111 19:39:15.622617 1694375 ImuError.cpp:650] gyr saturation
W20250111 19:39:15.622622 1694375 ImuError.cpp:650] gyr saturation
W20250111 19:39:15.622625 1694375 ImuError.cpp:650] gyr saturation
W20250111 19:39:15.622637 1694375 ImuError.cpp:650] gyr saturation
W20250111 19:39:15.622644 1694375 ImuError.cpp:650] gyr saturation
W20250111 19:39:15.622648 1694375 ImuError.cpp:650] gyr saturation
W20250111 19:39:15.622653 1694375 ImuError.cpp:650] gyr saturation
W20250111 19:39:15.622658 1694375 ImuError.cpp:650] gyr saturation
W20250111 19:39:15.622661 1694375 ImuError.cpp:650] gyr saturation
W20250111 19:39:15.622668 1694375 ImuError.cpp:650] gyr saturation
W20250111 19:39:15.622673 1694375 ImuError.cpp:650] gyr saturation
W20250111 19:39:15.622676 1694375 ImuError.cpp:650] gyr saturation
W20250111 19:39:15.622681 1694375 ImuError.cpp:650] gyr saturation
W20250111 19:39:15.622685 1694375 ImuError.cpp:650] gyr saturation
W20250111 19:39:15.622689 1694375 ImuError.cpp:650] gyr saturation
W20250111 19:39:15.622695 1694375 ImuError.cpp:650] gyr saturation
W20250111 19:39:15.622699 1694375 ImuError.cpp:650] gyr saturation
W20250111 19:39:15.622704 1694375 ImuError.cpp:650] gyr saturation
W20250111 19:39:15.622707 1694375 ImuError.cpp:650] gyr saturation
W20250111 19:39:15.622712 1694375 ImuError.cpp:650] gyr saturation
W20250111 19:39:15.622716 1694375 ImuError.cpp:650] gyr saturation
W20250111 19:39:15.622725 1694375 ImuError.cpp:650] gyr saturation
W20250111 19:39:15.622730 1694375 ImuError.cpp:650] gyr saturation
W20250111 19:39:15.622736 1694375 ImuError.cpp:650] gyr saturation
W20250111 19:39:15.622742 1694375 ImuError.cpp:650] gyr saturation
W20250111 19:39:15.622746 1694375 ImuError.cpp:650] gyr saturation
W20250111 19:39:15.622751 1694375 ImuError.cpp:650] gyr saturation
W20250111 19:39:15.640439 1694375 ImuError.cpp:650] gyr saturation
W20250111 19:39:15.640460 1694375 ImuError.cpp:650] gyr saturation
W20250111 19:39:15.640463 1694375 ImuError.cpp:650] gyr saturation
W20250111 19:39:15.640466 1694375 ImuError.cpp:650] gyr saturation
W20250111 19:39:15.640471 1694375 ImuError.cpp:650] gyr saturation
W20250111 19:39:15.640475 1694375 ImuError.cpp:650] gyr saturation
W20250111 19:39:15.640478 1694375 ImuError.cpp:650] gyr saturation
W20250111 19:39:15.640483 1694375 ImuError.cpp:650] gyr saturation
W20250111 19:39:15.640492 1694375 ImuError.cpp:650] gyr saturation
W20250111 19:39:15.640501 1694375 ImuError.cpp:650] gyr saturation
W20250111 19:39:15.640504 1694375 ImuError.cpp:650] gyr saturation
W20250111 19:39:15.640511 1694375 ImuError.cpp:650] gyr saturation
W20250111 19:39:15.640515 1694375 ImuError.cpp:650] gyr saturation
W20250111 19:39:15.640519 1694375 ImuError.cpp:650] gyr saturation
W20250111 19:39:15.640523 1694375 ImuError.cpp:650] gyr saturation
W20250111 19:39:15.640527 1694375 ImuError.cpp:650] gyr saturation
W20250111 19:39:15.640532 1694375 ImuError.cpp:650] gyr saturation
W20250111 19:39:15.640535 1694375 ImuError.cpp:650] gyr saturation
W20250111 19:39:15.640539 1694375 ImuError.cpp:650] gyr saturation
W20250111 19:39:15.640544 1694375 ImuError.cpp:650] gyr saturation
W20250111 19:39:15.640548 1694375 ImuError.cpp:650] gyr saturation
W20250111 19:39:15.640553 1694375 ImuError.cpp:650] gyr saturation
W20250111 19:39:15.640558 1694375 ImuError.cpp:650] gyr saturation
W20250111 19:39:15.640563 1694375 ImuError.cpp:650] gyr saturation
W20250111 19:39:15.640566 1694375 ImuError.cpp:650] gyr saturation
W20250111 19:39:15.640570 1694375 ImuError.cpp:650] gyr saturation
W20250111 19:39:15.640574 1694375 ImuError.cpp:650] gyr saturation
W20250111 19:39:15.640578 1694375 ImuError.cpp:650] gyr saturation
W20250111 19:39:15.640584 1694375 ImuError.cpp:650] gyr saturation
W20250111 19:39:15.640589 1694375 ImuError.cpp:650] gyr saturation
W20250111 19:39:15.640594 1694375 ImuError.cpp:650] gyr saturation
W20250111 19:39:15.640599 1694375 ImuError.cpp:650] gyr saturation
W20250111 19:39:15.640604 1694375 ImuError.cpp:650] gyr saturation
W20250111 19:39:15.640609 1694375 ImuError.cpp:650] gyr saturation
W20250111 19:39:15.640745 1694375 ImuError.cpp:650] gyr saturation
W20250111 19:39:15.640753 1694375 ImuError.cpp:650] gyr saturation
W20250111 19:39:15.640756 1694375 ImuError.cpp:650] gyr saturation
W20250111 19:39:15.640761 1694375 ImuError.cpp:650] gyr saturation
W20250111 19:39:15.640769 1694375 ImuError.cpp:650] gyr saturation
W20250111 19:39:15.640774 1694375 ImuError.cpp:650] gyr saturation
W20250111 19:39:15.640777 1694375 ImuError.cpp:650] gyr saturation
W20250111 19:39:15.640781 1694375 ImuError.cpp:650] gyr saturation
W20250111 19:39:15.640785 1694375 ImuError.cpp:650] gyr saturation
W20250111 19:39:15.640789 1694375 ImuError.cpp:650] gyr saturation
W20250111 19:39:15.640794 1694375 ImuError.cpp:650] gyr saturation
W20250111 19:39:15.640797 1694375 ImuError.cpp:650] gyr saturation
W20250111 19:39:15.640802 1694375 ImuError.cpp:650] gyr saturation
W20250111 19:39:15.640807 1694375 ImuError.cpp:650] gyr saturation
W20250111 19:39:15.640811 1694375 ImuError.cpp:650] gyr saturation
W20250111 19:39:15.640816 1694375 ImuError.cpp:650] gyr saturation
W20250111 19:39:15.640820 1694375 ImuError.cpp:650] gyr saturation
W20250111 19:39:15.640825 1694375 ImuError.cpp:650] gyr saturation
W20250111 19:39:15.640830 1694375 ImuError.cpp:650] gyr saturation
W20250111 19:39:15.640834 1694375 ImuError.cpp:650] gyr saturation
W20250111 19:39:15.640841 1694375 ImuError.cpp:650] gyr saturation
W20250111 19:39:15.640847 1694375 ImuError.cpp:650] gyr saturation
W20250111 19:39:15.640851 1694375 ImuError.cpp:650] gyr saturation
W20250111 19:39:15.640856 1694375 ImuError.cpp:650] gyr saturation
W20250111 19:39:15.640859 1694375 ImuError.cpp:650] gyr saturation
W20250111 19:39:15.640863 1694375 ImuError.cpp:650] gyr saturation
W20250111 19:39:15.640867 1694375 ImuError.cpp:650] gyr saturation
W20250111 19:39:15.640872 1694375 ImuError.cpp:650] gyr saturation
W20250111 19:39:15.640875 1694375 ImuError.cpp:650] gyr saturation
W20250111 19:39:15.640882 1694375 ImuError.cpp:650] gyr saturation
W20250111 19:39:15.640885 1694375 ImuError.cpp:650] gyr saturation
W20250111 19:39:15.640889 1694375 ImuError.cpp:650] gyr saturation
W20250111 19:39:15.640893 1694375 ImuError.cpp:650] gyr saturation
W20250111 19:39:15.640898 1694375 ImuError.cpp:650] gyr saturation
I20250111 19:39:15.642270 1694375 Frontend.cpp:2274] RANSAC FAIL: 32 inliers, ratio = 0.680851
W20250111 19:39:15.643525 1694375 ImuError.cpp:368] gyr saturation
W20250111 19:39:15.643553 1694375 ImuError.cpp:368] gyr saturation
W20250111 19:39:15.643565 1694375 ImuError.cpp:368] gyr saturation
W20250111 19:39:15.643579 1694375 ImuError.cpp:368] gyr saturation
W20250111 19:39:15.643587 1694375 ImuError.cpp:368] gyr saturation
W20250111 19:39:15.643595 1694375 ImuError.cpp:368] gyr saturation
W20250111 19:39:15.643604 1694375 ImuError.cpp:368] gyr saturation
W20250111 19:39:15.643610 1694375 ImuError.cpp:368] gyr saturation
W20250111 19:39:15.643618 1694375 ImuError.cpp:368] gyr saturation
W20250111 19:39:15.643626 1694375 ImuError.cpp:368] gyr saturation
W20250111 19:39:15.643638 1694375 ImuError.cpp:368] gyr saturation
W20250111 19:39:15.643646 1694375 ImuError.cpp:368] gyr saturation
W20250111 19:39:15.643654 1694375 ImuError.cpp:368] gyr saturation
W20250111 19:39:15.643662 1694375 ImuError.cpp:368] gyr saturation
W20250111 19:39:15.643671 1694375 ImuError.cpp:368] gyr saturation
W20250111 19:39:15.643680 1694375 ImuError.cpp:368] gyr saturation
W20250111 19:39:15.643689 1694375 ImuError.cpp:368] gyr saturation
W20250111 19:39:15.643697 1694375 ImuError.cpp:368] gyr saturation
W20250111 19:39:15.643705 1694375 ImuError.cpp:368] gyr saturation
W20250111 19:39:15.643713 1694375 ImuError.cpp:368] gyr saturation
W20250111 19:39:15.643721 1694375 ImuError.cpp:368] gyr saturation
W20250111 19:39:15.643731 1694375 ImuError.cpp:368] gyr saturation
W20250111 19:39:15.643739 1694375 ImuError.cpp:368] gyr saturation
W20250111 19:39:15.643747 1694375 ImuError.cpp:368] gyr saturation
W20250111 19:39:15.643756 1694375 ImuError.cpp:368] gyr saturation
W20250111 19:39:15.643764 1694375 ImuError.cpp:368] gyr saturation
W20250111 19:39:15.643772 1694375 ImuError.cpp:368] gyr saturation
W20250111 19:39:15.643780 1694375 ImuError.cpp:368] gyr saturation
W20250111 19:39:15.643790 1694375 ImuError.cpp:368] gyr saturation
W20250111 19:39:15.643797 1694375 ImuError.cpp:368] gyr saturation
W20250111 19:39:15.643806 1694375 ImuError.cpp:368] gyr saturation
W20250111 19:39:15.643819 1694375 ImuError.cpp:368] gyr saturation
W20250111 19:39:15.643828 1694375 ImuError.cpp:368] gyr saturation
W20250111 19:39:15.643837 1694375 ImuError.cpp:368] gyr saturation
W20250111 19:39:15.647473 1694375 ImuError.cpp:650] gyr saturation
W20250111 19:39:15.647500 1694375 ImuError.cpp:650] gyr saturation
W20250111 19:39:15.647504 1694375 ImuError.cpp:650] gyr saturation
W20250111 19:39:15.647508 1694375 ImuError.cpp:650] gyr saturation
W20250111 19:39:15.647513 1694375 ImuError.cpp:650] gyr saturation
W20250111 19:39:15.647518 1694375 ImuError.cpp:650] gyr saturation
W20250111 19:39:15.647524 1694375 ImuError.cpp:650] gyr saturation
W20250111 19:39:15.647527 1694375 ImuError.cpp:650] gyr saturation
W20250111 19:39:15.647531 1694375 ImuError.cpp:650] gyr saturation
W20250111 19:39:15.647536 1694375 ImuError.cpp:650] gyr saturation
W20250111 19:39:15.647539 1694375 ImuError.cpp:650] gyr saturation
W20250111 19:39:15.647545 1694375 ImuError.cpp:650] gyr saturation
W20250111 19:39:15.647550 1694375 ImuError.cpp:650] gyr saturation
W20250111 19:39:15.647562 1694375 ImuError.cpp:650] gyr saturation
W20250111 19:39:15.647567 1694375 ImuError.cpp:650] gyr saturation
W20250111 19:39:15.647572 1694375 ImuError.cpp:650] gyr saturation
W20250111 19:39:15.647576 1694375 ImuError.cpp:650] gyr saturation
W20250111 19:39:15.647580 1694375 ImuError.cpp:650] gyr saturation
W20250111 19:39:15.647585 1694375 ImuError.cpp:650] gyr saturation
W20250111 19:39:15.647590 1694375 ImuError.cpp:650] gyr saturation
W20250111 19:39:15.647595 1694375 ImuError.cpp:650] gyr saturation
W20250111 19:39:15.647599 1694375 ImuError.cpp:650] gyr saturation
W20250111 19:39:15.647604 1694375 ImuError.cpp:650] gyr saturation
W20250111 19:39:15.647608 1694375 ImuError.cpp:650] gyr saturation
W20250111 19:39:15.647614 1694375 ImuError.cpp:650] gyr saturation
W20250111 19:39:15.647619 1694375 ImuError.cpp:650] gyr saturation
W20250111 19:39:15.647621 1694375 ImuError.cpp:650] gyr saturation
W20250111 19:39:15.647626 1694375 ImuError.cpp:650] gyr saturation
W20250111 19:39:15.647635 1694375 ImuError.cpp:650] gyr saturation
W20250111 19:39:15.647639 1694375 ImuError.cpp:650] gyr saturation
W20250111 19:39:15.647644 1694375 ImuError.cpp:650] gyr saturation
W20250111 19:39:15.647648 1694375 ImuError.cpp:650] gyr saturation
W20250111 19:39:15.647652 1694375 ImuError.cpp:650] gyr saturation
W20250111 19:39:15.647656 1694375 ImuError.cpp:650] gyr saturation
W20250111 19:39:15.647661 1694375 ImuError.cpp:650] gyr saturation
W20250111 19:39:15.647665 1694375 ImuError.cpp:650] gyr saturation
W20250111 19:39:15.647670 1694375 ImuError.cpp:650] gyr saturation
W20250111 19:39:15.647673 1694375 ImuError.cpp:650] gyr saturation
W20250111 19:39:15.647678 1694375 ImuError.cpp:650] gyr saturation
W20250111 19:39:15.647682 1694375 ImuError.cpp:650] gyr saturation
W20250111 19:39:15.647687 1694375 ImuError.cpp:650] gyr saturation
W20250111 19:39:15.647691 1694375 ImuError.cpp:650] gyr saturation
W20250111 19:39:15.647696 1694375 ImuError.cpp:650] gyr saturation
W20250111 19:39:15.647701 1694375 ImuError.cpp:650] gyr saturation
W20250111 19:39:15.647704 1694375 ImuError.cpp:650] gyr saturation
W20250111 19:39:15.647709 1694375 ImuError.cpp:650] gyr saturation
W20250111 19:39:15.647712 1694375 ImuError.cpp:650] gyr saturation
W20250111 19:39:15.647717 1694375 ImuError.cpp:650] gyr saturation
W20250111 19:39:15.647723 1694375 ImuError.cpp:650] gyr saturation
W20250111 19:39:15.647727 1694375 ImuError.cpp:650] gyr saturation
W20250111 19:39:15.647730 1694375 ImuError.cpp:650] gyr saturation
W20250111 19:39:15.647734 1694375 ImuError.cpp:650] gyr saturation
W20250111 19:39:15.647738 1694375 ImuError.cpp:650] gyr saturation
W20250111 19:39:15.647742 1694375 ImuError.cpp:650] gyr saturation
W20250111 19:39:15.647747 1694375 ImuError.cpp:650] gyr saturation
W20250111 19:39:15.647751 1694375 ImuError.cpp:650] gyr saturation
W20250111 19:39:15.647755 1694375 ImuError.cpp:650] gyr saturation
W20250111 19:39:15.647759 1694375 ImuError.cpp:650] gyr saturation
W20250111 19:39:15.647763 1694375 ImuError.cpp:650] gyr saturation
W20250111 19:39:15.647768 1694375 ImuError.cpp:650] gyr saturation
W20250111 19:39:15.647773 1694375 ImuError.cpp:650] gyr saturation
W20250111 19:39:15.647778 1694375 ImuError.cpp:650] gyr saturation
W20250111 19:39:15.647780 1694375 ImuError.cpp:650] gyr saturation
W20250111 19:39:15.647785 1694375 ImuError.cpp:650] gyr saturation
W20250111 19:39:15.647789 1694375 ImuError.cpp:650] gyr saturation
W20250111 19:39:15.647794 1694375 ImuError.cpp:650] gyr saturation
W20250111 19:39:15.647799 1694375 ImuError.cpp:650] gyr saturation
W20250111 19:39:15.647804 1694375 ImuError.cpp:650] gyr saturation
W20250111 19:39:15.662065 1694375 ImuError.cpp:650] gyr saturation
W20250111 19:39:15.662096 1694375 ImuError.cpp:650] gyr saturation
W20250111 19:39:15.662099 1694375 ImuError.cpp:650] gyr saturation
W20250111 19:39:15.662104 1694375 ImuError.cpp:650] gyr saturation
W20250111 19:39:15.662108 1694375 ImuError.cpp:650] gyr saturation
W20250111 19:39:15.662112 1694375 ImuError.cpp:650] gyr saturation
W20250111 19:39:15.662127 1694375 ImuError.cpp:650] gyr saturation
W20250111 19:39:15.662132 1694375 ImuError.cpp:650] gyr saturation
W20250111 19:39:15.662137 1694375 ImuError.cpp:650] gyr saturation
W20250111 19:39:15.662142 1694375 ImuError.cpp:650] gyr saturation
W20250111 19:39:15.662145 1694375 ImuError.cpp:650] gyr saturation
W20250111 19:39:15.662150 1694375 ImuError.cpp:650] gyr saturation
W20250111 19:39:15.662155 1694375 ImuError.cpp:650] gyr saturation
W20250111 19:39:15.662158 1694375 ImuError.cpp:650] gyr saturation
W20250111 19:39:15.662164 1694375 ImuError.cpp:650] gyr saturation
W20250111 19:39:15.662168 1694375 ImuError.cpp:650] gyr saturation
W20250111 19:39:15.662173 1694375 ImuError.cpp:650] gyr saturation
W20250111 19:39:15.662176 1694375 ImuError.cpp:650] gyr saturation
W20250111 19:39:15.662180 1694375 ImuError.cpp:650] gyr saturation
W20250111 19:39:15.662184 1694375 ImuError.cpp:650] gyr saturation
W20250111 19:39:15.662189 1694375 ImuError.cpp:650] gyr saturation
W20250111 19:39:15.662192 1694375 ImuError.cpp:650] gyr saturation
W20250111 19:39:15.662199 1694375 ImuError.cpp:650] gyr saturation
W20250111 19:39:15.662204 1694375 ImuError.cpp:650] gyr saturation
W20250111 19:39:15.662207 1694375 ImuError.cpp:650] gyr saturation
W20250111 19:39:15.662210 1694375 ImuError.cpp:650] gyr saturation
W20250111 19:39:15.662214 1694375 ImuError.cpp:650] gyr saturation
W20250111 19:39:15.662217 1694375 ImuError.cpp:650] gyr saturation
W20250111 19:39:15.662221 1694375 ImuError.cpp:650] gyr saturation
W20250111 19:39:15.662225 1694375 ImuError.cpp:650] gyr saturation
W20250111 19:39:15.662228 1694375 ImuError.cpp:650] gyr saturation
W20250111 19:39:15.662232 1694375 ImuError.cpp:650] gyr saturation
W20250111 19:39:15.662236 1694375 ImuError.cpp:650] gyr saturation
W20250111 19:39:15.662240 1694375 ImuError.cpp:650] gyr saturation
W20250111 19:39:15.662243 1694375 ImuError.cpp:650] gyr saturation
W20250111 19:39:15.662288 1694375 ImuError.cpp:650] gyr saturation
W20250111 19:39:15.662292 1694375 ImuError.cpp:650] gyr saturation
W20250111 19:39:15.662297 1694375 ImuError.cpp:650] gyr saturation
W20250111 19:39:15.662299 1694375 ImuError.cpp:650] gyr saturation
W20250111 19:39:15.662303 1694375 ImuError.cpp:650] gyr saturation
W20250111 19:39:15.662307 1694375 ImuError.cpp:650] gyr saturation
W20250111 19:39:15.662309 1694375 ImuError.cpp:650] gyr saturation
W20250111 19:39:15.662313 1694375 ImuError.cpp:650] gyr saturation
W20250111 19:39:15.662317 1694375 ImuError.cpp:650] gyr saturation
W20250111 19:39:15.662320 1694375 ImuError.cpp:650] gyr saturation
W20250111 19:39:15.662324 1694375 ImuError.cpp:650] gyr saturation
W20250111 19:39:15.662328 1694375 ImuError.cpp:650] gyr saturation
W20250111 19:39:15.662331 1694375 ImuError.cpp:650] gyr saturation
W20250111 19:39:15.662335 1694375 ImuError.cpp:650] gyr saturation
W20250111 19:39:15.662338 1694375 ImuError.cpp:650] gyr saturation
W20250111 19:39:15.662343 1694375 ImuError.cpp:650] gyr saturation
W20250111 19:39:15.662346 1694375 ImuError.cpp:650] gyr saturation
W20250111 19:39:15.662350 1694375 ImuError.cpp:650] gyr saturation
W20250111 19:39:15.662354 1694375 ImuError.cpp:650] gyr saturation
W20250111 19:39:15.662357 1694375 ImuError.cpp:650] gyr saturation
W20250111 19:39:15.662361 1694375 ImuError.cpp:650] gyr saturation
W20250111 19:39:15.662364 1694375 ImuError.cpp:650] gyr saturation
W20250111 19:39:15.662369 1694375 ImuError.cpp:650] gyr saturation
W20250111 19:39:15.662372 1694375 ImuError.cpp:650] gyr saturation
W20250111 19:39:15.662375 1694375 ImuError.cpp:650] gyr saturation
W20250111 19:39:15.662379 1694375 ImuError.cpp:650] gyr saturation
W20250111 19:39:15.662382 1694375 ImuError.cpp:650] gyr saturation
W20250111 19:39:15.662386 1694375 ImuError.cpp:650] gyr saturation
W20250111 19:39:15.662389 1694375 ImuError.cpp:650] gyr saturation
W20250111 19:39:15.662393 1694375 ImuError.cpp:650] gyr saturation
W20250111 19:39:15.662396 1694375 ImuError.cpp:650] gyr saturation
W20250111 19:39:15.662400 1694375 ImuError.cpp:650] gyr saturation
W20250111 19:39:15.662405 1694375 ImuError.cpp:650] gyr saturation
W20250111 19:39:15.662410 1694375 ImuError.cpp:650] gyr saturation
W20250111 19:39:15.662413 1694375 ImuError.cpp:650] gyr saturation
W20250111 19:39:15.664745 1694375 ImuError.cpp:368] gyr saturation
W20250111 19:39:15.664781 1694375 ImuError.cpp:368] gyr saturation
W20250111 19:39:15.664791 1694375 ImuError.cpp:368] gyr saturation
W20250111 19:39:15.664798 1694375 ImuError.cpp:368] gyr saturation
W20250111 19:39:15.664806 1694375 ImuError.cpp:368] gyr saturation
W20250111 19:39:15.664814 1694375 ImuError.cpp:368] gyr saturation
W20250111 19:39:15.664822 1694375 ImuError.cpp:368] gyr saturation
W20250111 19:39:15.664830 1694375 ImuError.cpp:368] gyr saturation
W20250111 19:39:15.664839 1694375 ImuError.cpp:368] gyr saturation
W20250111 19:39:15.664846 1694375 ImuError.cpp:368] gyr saturation
W20250111 19:39:15.664855 1694375 ImuError.cpp:368] gyr saturation
W20250111 19:39:15.664862 1694375 ImuError.cpp:368] gyr saturation
W20250111 19:39:15.664870 1694375 ImuError.cpp:368] gyr saturation
W20250111 19:39:15.664878 1694375 ImuError.cpp:368] gyr saturation
W20250111 19:39:15.664886 1694375 ImuError.cpp:368] gyr saturation
W20250111 19:39:15.664894 1694375 ImuError.cpp:368] gyr saturation
W20250111 19:39:15.664901 1694375 ImuError.cpp:368] gyr saturation
W20250111 19:39:15.664909 1694375 ImuError.cpp:368] gyr saturation
W20250111 19:39:15.664917 1694375 ImuError.cpp:368] gyr saturation
W20250111 19:39:15.664925 1694375 ImuError.cpp:368] gyr saturation
W20250111 19:39:15.664933 1694375 ImuError.cpp:368] gyr saturation
W20250111 19:39:15.664940 1694375 ImuError.cpp:368] gyr saturation
W20250111 19:39:15.664948 1694375 ImuError.cpp:368] gyr saturation
W20250111 19:39:15.664955 1694375 ImuError.cpp:368] gyr saturation
W20250111 19:39:15.664963 1694375 ImuError.cpp:368] gyr saturation
W20250111 19:39:15.664969 1694375 ImuError.cpp:368] gyr saturation
W20250111 19:39:15.664978 1694375 ImuError.cpp:368] gyr saturation
W20250111 19:39:15.664984 1694375 ImuError.cpp:368] gyr saturation
W20250111 19:39:15.664991 1694375 ImuError.cpp:368] gyr saturation
W20250111 19:39:15.664999 1694375 ImuError.cpp:368] gyr saturation
W20250111 19:39:15.665006 1694375 ImuError.cpp:368] gyr saturation
W20250111 19:39:15.665014 1694375 ImuError.cpp:368] gyr saturation
W20250111 19:39:15.665021 1694375 ImuError.cpp:368] gyr saturation
W20250111 19:39:15.665028 1694375 ImuError.cpp:368] gyr saturation
W20250111 19:39:15.665036 1694375 ImuError.cpp:368] gyr saturation
W20250111 19:39:15.668578 1694375 ImuError.cpp:650] gyr saturation
W20250111 19:39:15.668606 1694375 ImuError.cpp:650] gyr saturation
W20250111 19:39:15.668612 1694375 ImuError.cpp:650] gyr saturation
W20250111 19:39:15.668615 1694375 ImuError.cpp:650] gyr saturation
W20250111 19:39:15.668618 1694375 ImuError.cpp:650] gyr saturation
W20250111 19:39:15.668622 1694375 ImuError.cpp:650] gyr saturation
W20250111 19:39:15.668625 1694375 ImuError.cpp:650] gyr saturation
W20250111 19:39:15.668638 1694375 ImuError.cpp:650] gyr saturation
W20250111 19:39:15.668642 1694375 ImuError.cpp:650] gyr saturation
W20250111 19:39:15.668646 1694375 ImuError.cpp:650] gyr saturation
W20250111 19:39:15.668649 1694375 ImuError.cpp:650] gyr saturation
W20250111 19:39:15.668653 1694375 ImuError.cpp:650] gyr saturation
W20250111 19:39:15.668658 1694375 ImuError.cpp:650] gyr saturation
W20250111 19:39:15.668664 1694375 ImuError.cpp:650] gyr saturation
W20250111 19:39:15.668668 1694375 ImuError.cpp:650] gyr saturation
W20250111 19:39:15.668673 1694375 ImuError.cpp:650] gyr saturation
W20250111 19:39:15.668678 1694375 ImuError.cpp:650] gyr saturation
W20250111 19:39:15.668682 1694375 ImuError.cpp:650] gyr saturation
W20250111 19:39:15.668685 1694375 ImuError.cpp:650] gyr saturation
W20250111 19:39:15.668689 1694375 ImuError.cpp:650] gyr saturation
W20250111 19:39:15.668694 1694375 ImuError.cpp:650] gyr saturation
W20250111 19:39:15.668697 1694375 ImuError.cpp:650] gyr saturation
W20250111 19:39:15.668701 1694375 ImuError.cpp:650] gyr saturation
W20250111 19:39:15.668709 1694375 ImuError.cpp:650] gyr saturation
W20250111 19:39:15.668713 1694375 ImuError.cpp:650] gyr saturation
W20250111 19:39:15.668717 1694375 ImuError.cpp:650] gyr saturation
W20250111 19:39:15.668721 1694375 ImuError.cpp:650] gyr saturation
W20250111 19:39:15.668725 1694375 ImuError.cpp:650] gyr saturation
W20250111 19:39:15.668728 1694375 ImuError.cpp:650] gyr saturation
W20250111 19:39:15.668731 1694375 ImuError.cpp:650] gyr saturation
W20250111 19:39:15.668735 1694375 ImuError.cpp:650] gyr saturation
W20250111 19:39:15.668740 1694375 ImuError.cpp:650] gyr saturation
W20250111 19:39:15.668743 1694375 ImuError.cpp:650] gyr saturation
W20250111 19:39:15.668747 1694375 ImuError.cpp:650] gyr saturation
W20250111 19:39:15.668751 1694375 ImuError.cpp:650] gyr saturation
W20250111 19:39:15.668756 1694375 ImuError.cpp:650] gyr saturation
W20250111 19:39:15.668761 1694375 ImuError.cpp:650] gyr saturation
W20250111 19:39:15.668766 1694375 ImuError.cpp:650] gyr saturation
W20250111 19:39:15.668769 1694375 ImuError.cpp:650] gyr saturation
W20250111 19:39:15.668774 1694375 ImuError.cpp:650] gyr saturation
W20250111 19:39:15.668778 1694375 ImuError.cpp:650] gyr saturation
W20250111 19:39:15.668782 1694375 ImuError.cpp:650] gyr saturation
W20250111 19:39:15.668787 1694375 ImuError.cpp:650] gyr saturation
W20250111 19:39:15.668790 1694375 ImuError.cpp:650] gyr saturation
W20250111 19:39:15.668793 1694375 ImuError.cpp:650] gyr saturation
W20250111 19:39:15.668797 1694375 ImuError.cpp:650] gyr saturation
W20250111 19:39:15.668802 1694375 ImuError.cpp:650] gyr saturation
W20250111 19:39:15.668804 1694375 ImuError.cpp:650] gyr saturation
W20250111 19:39:15.668808 1694375 ImuError.cpp:650] gyr saturation
W20250111 19:39:15.668812 1694375 ImuError.cpp:650] gyr saturation
W20250111 19:39:15.668816 1694375 ImuError.cpp:650] gyr saturation
W20250111 19:39:15.668821 1694375 ImuError.cpp:650] gyr saturation
W20250111 19:39:15.668828 1694375 ImuError.cpp:650] gyr saturation
W20250111 19:39:15.668831 1694375 ImuError.cpp:650] gyr saturation
W20250111 19:39:15.668838 1694375 ImuError.cpp:650] gyr saturation
W20250111 19:39:15.668841 1694375 ImuError.cpp:650] gyr saturation
W20250111 19:39:15.668845 1694375 ImuError.cpp:650] gyr saturation
W20250111 19:39:15.668850 1694375 ImuError.cpp:650] gyr saturation
W20250111 19:39:15.668854 1694375 ImuError.cpp:650] gyr saturation
W20250111 19:39:15.668859 1694375 ImuError.cpp:650] gyr saturation
W20250111 19:39:15.668864 1694375 ImuError.cpp:650] gyr saturation
W20250111 19:39:15.668869 1694375 ImuError.cpp:650] gyr saturation
W20250111 19:39:15.668872 1694375 ImuError.cpp:650] gyr saturation
W20250111 19:39:15.668876 1694375 ImuError.cpp:650] gyr saturation
W20250111 19:39:15.668880 1694375 ImuError.cpp:650] gyr saturation
W20250111 19:39:15.668884 1694375 ImuError.cpp:650] gyr saturation
W20250111 19:39:15.668888 1694375 ImuError.cpp:650] gyr saturation
W20250111 19:39:15.668893 1694375 ImuError.cpp:650] gyr saturation
W20250111 19:39:15.681557 1907229 ImuError.cpp:165] gyr saturation
W20250111 19:39:15.681651 1907229 ImuError.cpp:165] gyr saturation
W20250111 19:39:15.681660 1907229 ImuError.cpp:165] gyr saturation
W20250111 19:39:15.681671 1907229 ImuError.cpp:165] gyr saturation
W20250111 19:39:15.681680 1907229 ImuError.cpp:165] gyr saturation
W20250111 19:39:15.681689 1907229 ImuError.cpp:165] gyr saturation
W20250111 19:39:15.681696 1907229 ImuError.cpp:165] gyr saturation
W20250111 19:39:15.681705 1907229 ImuError.cpp:165] gyr saturation
W20250111 19:39:15.681715 1907229 ImuError.cpp:165] gyr saturation
W20250111 19:39:15.681723 1907229 ImuError.cpp:165] gyr saturation
W20250111 19:39:15.681733 1907229 ImuError.cpp:165] gyr saturation
W20250111 19:39:15.681741 1907229 ImuError.cpp:165] gyr saturation
W20250111 19:39:15.681749 1907229 ImuError.cpp:165] gyr saturation
W20250111 19:39:15.681757 1907229 ImuError.cpp:165] gyr saturation
W20250111 19:39:15.681766 1907229 ImuError.cpp:165] gyr saturation
W20250111 19:39:15.681774 1907229 ImuError.cpp:165] gyr saturation
W20250111 19:39:15.681789 1907229 ImuError.cpp:165] gyr saturation
W20250111 19:39:15.681799 1907229 ImuError.cpp:165] gyr saturation
W20250111 19:39:15.681807 1907229 ImuError.cpp:165] gyr saturation
W20250111 19:39:15.681815 1907229 ImuError.cpp:165] gyr saturation
W20250111 19:39:15.681824 1907229 ImuError.cpp:165] gyr saturation
W20250111 19:39:15.682056 1907229 ImuError.cpp:165] gyr saturation
W20250111 19:39:15.682065 1907229 ImuError.cpp:165] gyr saturation
W20250111 19:39:15.682072 1907229 ImuError.cpp:165] gyr saturation
W20250111 19:39:15.682080 1907229 ImuError.cpp:165] gyr saturation
W20250111 19:39:15.682087 1907229 ImuError.cpp:165] gyr saturation
W20250111 19:39:15.682096 1907229 ImuError.cpp:165] gyr saturation
W20250111 19:39:15.682102 1907229 ImuError.cpp:165] gyr saturation
W20250111 19:39:15.682112 1907229 ImuError.cpp:165] gyr saturation
W20250111 19:39:15.682119 1907229 ImuError.cpp:165] gyr saturation
W20250111 19:39:15.682126 1907229 ImuError.cpp:165] gyr saturation
W20250111 19:39:15.682135 1907229 ImuError.cpp:165] gyr saturation
W20250111 19:39:15.682142 1907229 ImuError.cpp:165] gyr saturation
W20250111 19:39:15.682150 1907229 ImuError.cpp:165] gyr saturation
W20250111 19:39:15.682158 1907229 ImuError.cpp:165] gyr saturation
W20250111 19:39:15.682165 1907229 ImuError.cpp:165] gyr saturation
W20250111 19:39:15.682173 1907229 ImuError.cpp:165] gyr saturation
W20250111 19:39:15.682180 1907229 ImuError.cpp:165] gyr saturation
W20250111 19:39:15.682188 1907229 ImuError.cpp:165] gyr saturation
W20250111 19:39:15.682196 1907229 ImuError.cpp:165] gyr saturation
W20250111 19:39:15.682204 1907229 ImuError.cpp:165] gyr saturation
W20250111 19:39:15.682211 1907229 ImuError.cpp:165] gyr saturation
W20250111 19:39:15.682895 1694375 ImuError.cpp:650] gyr saturation
W20250111 19:39:15.682912 1694375 ImuError.cpp:650] gyr saturation
W20250111 19:39:15.682916 1694375 ImuError.cpp:650] gyr saturation
W20250111 19:39:15.682921 1694375 ImuError.cpp:650] gyr saturation
W20250111 19:39:15.682925 1694375 ImuError.cpp:650] gyr saturation
W20250111 19:39:15.682929 1694375 ImuError.cpp:650] gyr saturation
W20250111 19:39:15.682934 1694375 ImuError.cpp:650] gyr saturation
W20250111 19:39:15.682938 1694375 ImuError.cpp:650] gyr saturation
W20250111 19:39:15.682943 1694375 ImuError.cpp:650] gyr saturation
W20250111 19:39:15.682947 1694375 ImuError.cpp:650] gyr saturation
W20250111 19:39:15.682951 1694375 ImuError.cpp:650] gyr saturation
W20250111 19:39:15.682955 1694375 ImuError.cpp:650] gyr saturation
W20250111 19:39:15.682958 1694375 ImuError.cpp:650] gyr saturation
W20250111 19:39:15.682961 1694375 ImuError.cpp:650] gyr saturation
W20250111 19:39:15.682965 1694375 ImuError.cpp:650] gyr saturation
W20250111 19:39:15.682971 1694375 ImuError.cpp:650] gyr saturation
W20250111 19:39:15.682973 1694375 ImuError.cpp:650] gyr saturation
W20250111 19:39:15.682978 1694375 ImuError.cpp:650] gyr saturation
W20250111 19:39:15.682982 1694375 ImuError.cpp:650] gyr saturation
W20250111 19:39:15.682987 1694375 ImuError.cpp:650] gyr saturation
W20250111 19:39:15.682992 1694375 ImuError.cpp:650] gyr saturation
W20250111 19:39:15.682996 1694375 ImuError.cpp:650] gyr saturation
W20250111 19:39:15.683000 1694375 ImuError.cpp:650] gyr saturation
W20250111 19:39:15.683005 1694375 ImuError.cpp:650] gyr saturation
W20250111 19:39:15.683009 1694375 ImuError.cpp:650] gyr saturation
W20250111 19:39:15.683012 1694375 ImuError.cpp:650] gyr saturation
W20250111 19:39:15.683018 1694375 ImuError.cpp:650] gyr saturation
W20250111 19:39:15.683022 1694375 ImuError.cpp:650] gyr saturation
W20250111 19:39:15.683025 1694375 ImuError.cpp:650] gyr saturation
W20250111 19:39:15.683029 1694375 ImuError.cpp:650] gyr saturation
W20250111 19:39:15.683033 1694375 ImuError.cpp:650] gyr saturation
W20250111 19:39:15.683037 1694375 ImuError.cpp:650] gyr saturation
W20250111 19:39:15.683043 1694375 ImuError.cpp:650] gyr saturation
W20250111 19:39:15.683046 1694375 ImuError.cpp:650] gyr saturation
W20250111 19:39:15.683140 1694375 ImuError.cpp:650] gyr saturation
W20250111 19:39:15.683147 1694375 ImuError.cpp:650] gyr saturation
W20250111 19:39:15.683154 1694375 ImuError.cpp:650] gyr saturation
W20250111 19:39:15.683158 1694375 ImuError.cpp:650] gyr saturation
W20250111 19:39:15.683161 1694375 ImuError.cpp:650] gyr saturation
W20250111 19:39:15.683166 1694375 ImuError.cpp:650] gyr saturation
W20250111 19:39:15.683171 1694375 ImuError.cpp:650] gyr saturation
W20250111 19:39:15.683173 1694375 ImuError.cpp:650] gyr saturation
W20250111 19:39:15.683177 1694375 ImuError.cpp:650] gyr saturation
W20250111 19:39:15.683182 1694375 ImuError.cpp:650] gyr saturation
W20250111 19:39:15.683185 1694375 ImuError.cpp:650] gyr saturation
W20250111 19:39:15.683189 1694375 ImuError.cpp:650] gyr saturation
W20250111 19:39:15.683193 1694375 ImuError.cpp:650] gyr saturation
W20250111 19:39:15.683198 1694375 ImuError.cpp:650] gyr saturation
W20250111 19:39:15.683202 1694375 ImuError.cpp:650] gyr saturation
W20250111 19:39:15.683207 1694375 ImuError.cpp:650] gyr saturation
W20250111 19:39:15.683210 1694375 ImuError.cpp:650] gyr saturation
W20250111 19:39:15.683213 1694375 ImuError.cpp:650] gyr saturation
W20250111 19:39:15.683218 1694375 ImuError.cpp:650] gyr saturation
W20250111 19:39:15.683221 1694375 ImuError.cpp:650] gyr saturation
W20250111 19:39:15.683224 1694375 ImuError.cpp:650] gyr saturation
W20250111 19:39:15.683228 1694375 ImuError.cpp:650] gyr saturation
W20250111 19:39:15.683233 1694375 ImuError.cpp:650] gyr saturation
W20250111 19:39:15.683236 1694375 ImuError.cpp:650] gyr saturation
W20250111 19:39:15.683239 1694375 ImuError.cpp:650] gyr saturation
W20250111 19:39:15.683244 1694375 ImuError.cpp:650] gyr saturation
W20250111 19:39:15.683248 1694375 ImuError.cpp:650] gyr saturation
W20250111 19:39:15.683251 1694375 ImuError.cpp:650] gyr saturation
W20250111 19:39:15.683255 1694375 ImuError.cpp:650] gyr saturation
W20250111 19:39:15.683259 1694375 ImuError.cpp:650] gyr saturation
W20250111 19:39:15.683264 1694375 ImuError.cpp:650] gyr saturation
W20250111 19:39:15.683266 1694375 ImuError.cpp:650] gyr saturation
W20250111 19:39:15.683271 1694375 ImuError.cpp:650] gyr saturation
W20250111 19:39:15.683274 1694375 ImuError.cpp:650] gyr saturation
W20250111 19:39:15.684926 1694375 ImuError.cpp:368] gyr saturation
W20250111 19:39:15.684953 1694375 ImuError.cpp:368] gyr saturation
W20250111 19:39:15.684963 1694375 ImuError.cpp:368] gyr saturation
W20250111 19:39:15.684973 1694375 ImuError.cpp:368] gyr saturation
W20250111 19:39:15.684981 1694375 ImuError.cpp:368] gyr saturation
W20250111 19:39:15.684990 1694375 ImuError.cpp:368] gyr saturation
W20250111 19:39:15.684998 1694375 ImuError.cpp:368] gyr saturation
W20250111 19:39:15.685006 1694375 ImuError.cpp:368] gyr saturation
W20250111 19:39:15.685017 1694375 ImuError.cpp:368] gyr saturation
W20250111 19:39:15.685025 1694375 ImuError.cpp:368] gyr saturation
W20250111 19:39:15.685034 1694375 ImuError.cpp:368] gyr saturation
W20250111 19:39:15.685043 1694375 ImuError.cpp:368] gyr saturation
W20250111 19:39:15.685050 1694375 ImuError.cpp:368] gyr saturation
W20250111 19:39:15.685061 1694375 ImuError.cpp:368] gyr saturation
W20250111 19:39:15.685070 1694375 ImuError.cpp:368] gyr saturation
W20250111 19:39:15.685078 1694375 ImuError.cpp:368] gyr saturation
W20250111 19:39:15.685086 1694375 ImuError.cpp:368] gyr saturation
W20250111 19:39:15.685094 1694375 ImuError.cpp:368] gyr saturation
W20250111 19:39:15.685102 1694375 ImuError.cpp:368] gyr saturation
W20250111 19:39:15.685110 1694375 ImuError.cpp:368] gyr saturation
W20250111 19:39:15.685118 1694375 ImuError.cpp:368] gyr saturation
W20250111 19:39:15.685127 1694375 ImuError.cpp:368] gyr saturation
W20250111 19:39:15.685134 1694375 ImuError.cpp:368] gyr saturation
W20250111 19:39:15.685142 1694375 ImuError.cpp:368] gyr saturation
W20250111 19:39:15.685150 1694375 ImuError.cpp:368] gyr saturation
W20250111 19:39:15.685158 1694375 ImuError.cpp:368] gyr saturation
W20250111 19:39:15.685168 1694375 ImuError.cpp:368] gyr saturation
W20250111 19:39:15.685175 1694375 ImuError.cpp:368] gyr saturation
W20250111 19:39:15.685184 1694375 ImuError.cpp:368] gyr saturation
W20250111 19:39:15.685194 1694375 ImuError.cpp:368] gyr saturation
W20250111 19:39:15.685202 1694375 ImuError.cpp:368] gyr saturation
W20250111 19:39:15.685210 1694375 ImuError.cpp:368] gyr saturation
W20250111 19:39:15.685218 1694375 ImuError.cpp:368] gyr saturation
W20250111 19:39:15.685226 1694375 ImuError.cpp:368] gyr saturation
W20250111 19:39:15.686906 1694375 Frontend.cpp:612] 3d2d tracking weak: quality=0. Number of 3d2d-matches: 6
W20250111 19:39:15.688477 1694375 ImuError.cpp:650] gyr saturation
W20250111 19:39:15.688491 1694375 ImuError.cpp:650] gyr saturation
W20250111 19:39:15.688496 1694375 ImuError.cpp:650] gyr saturation
W20250111 19:39:15.688499 1694375 ImuError.cpp:650] gyr saturation
W20250111 19:39:15.688503 1694375 ImuError.cpp:650] gyr saturation
W20250111 19:39:15.688508 1694375 ImuError.cpp:650] gyr saturation
W20250111 19:39:15.688510 1694375 ImuError.cpp:650] gyr saturation
W20250111 19:39:15.688514 1694375 ImuError.cpp:650] gyr saturation
W20250111 19:39:15.688519 1694375 ImuError.cpp:650] gyr saturation
W20250111 19:39:15.688522 1694375 ImuError.cpp:650] gyr saturation
W20250111 19:39:15.688529 1694375 ImuError.cpp:650] gyr saturation
W20250111 19:39:15.688532 1694375 ImuError.cpp:650] gyr saturation
W20250111 19:39:15.688535 1694375 ImuError.cpp:650] gyr saturation
W20250111 19:39:15.688539 1694375 ImuError.cpp:650] gyr saturation
W20250111 19:39:15.688542 1694375 ImuError.cpp:650] gyr saturation
W20250111 19:39:15.688546 1694375 ImuError.cpp:650] gyr saturation
W20250111 19:39:15.688551 1694375 ImuError.cpp:650] gyr saturation
W20250111 19:39:15.688555 1694375 ImuError.cpp:650] gyr saturation
W20250111 19:39:15.688558 1694375 ImuError.cpp:650] gyr saturation
W20250111 19:39:15.688562 1694375 ImuError.cpp:650] gyr saturation
W20250111 19:39:15.688567 1694375 ImuError.cpp:650] gyr saturation
W20250111 19:39:15.688572 1694375 ImuError.cpp:650] gyr saturation
W20250111 19:39:15.688577 1694375 ImuError.cpp:650] gyr saturation
W20250111 19:39:15.688581 1694375 ImuError.cpp:650] gyr saturation
W20250111 19:39:15.688585 1694375 ImuError.cpp:650] gyr saturation
W20250111 19:39:15.688589 1694375 ImuError.cpp:650] gyr saturation
W20250111 19:39:15.688594 1694375 ImuError.cpp:650] gyr saturation
W20250111 19:39:15.688597 1694375 ImuError.cpp:650] gyr saturation
W20250111 19:39:15.688601 1694375 ImuError.cpp:650] gyr saturation
W20250111 19:39:15.688606 1694375 ImuError.cpp:650] gyr saturation
W20250111 19:39:15.688611 1694375 ImuError.cpp:650] gyr saturation
W20250111 19:39:15.688614 1694375 ImuError.cpp:650] gyr saturation
W20250111 19:39:15.688619 1694375 ImuError.cpp:650] gyr saturation
W20250111 19:39:15.688624 1694375 ImuError.cpp:650] gyr saturation
W20250111 19:39:15.688634 1694375 ImuError.cpp:650] gyr saturation
W20250111 19:39:15.688638 1694375 ImuError.cpp:650] gyr saturation
W20250111 19:39:15.688643 1694375 ImuError.cpp:650] gyr saturation
W20250111 19:39:15.688647 1694375 ImuError.cpp:650] gyr saturation
W20250111 19:39:15.688657 1694375 ImuError.cpp:650] gyr saturation
W20250111 19:39:15.688660 1694375 ImuError.cpp:650] gyr saturation
W20250111 19:39:15.688665 1694375 ImuError.cpp:650] gyr saturation
W20250111 19:39:15.688668 1694375 ImuError.cpp:650] gyr saturation
W20250111 19:39:15.688673 1694375 ImuError.cpp:650] gyr saturation
W20250111 19:39:15.688678 1694375 ImuError.cpp:650] gyr saturation
W20250111 19:39:15.688683 1694375 ImuError.cpp:650] gyr saturation
W20250111 19:39:15.688685 1694375 ImuError.cpp:650] gyr saturation
W20250111 19:39:15.688690 1694375 ImuError.cpp:650] gyr saturation
W20250111 19:39:15.688694 1694375 ImuError.cpp:650] gyr saturation
W20250111 19:39:15.688697 1694375 ImuError.cpp:650] gyr saturation
W20250111 19:39:15.688701 1694375 ImuError.cpp:650] gyr saturation
W20250111 19:39:15.688705 1694375 ImuError.cpp:650] gyr saturation
W20250111 19:39:15.688709 1694375 ImuError.cpp:650] gyr saturation
W20250111 19:39:15.688714 1694375 ImuError.cpp:650] gyr saturation
W20250111 19:39:15.688719 1694375 ImuError.cpp:650] gyr saturation
W20250111 19:39:15.688726 1694375 ImuError.cpp:650] gyr saturation
W20250111 19:39:15.688731 1694375 ImuError.cpp:650] gyr saturation
W20250111 19:39:15.688740 1694375 ImuError.cpp:650] gyr saturation
W20250111 19:39:15.688742 1694375 ImuError.cpp:650] gyr saturation
W20250111 19:39:15.688747 1694375 ImuError.cpp:650] gyr saturation
W20250111 19:39:15.688751 1694375 ImuError.cpp:650] gyr saturation
W20250111 19:39:15.688755 1694375 ImuError.cpp:650] gyr saturation
W20250111 19:39:15.688759 1694375 ImuError.cpp:650] gyr saturation
W20250111 19:39:15.688766 1694375 ImuError.cpp:650] gyr saturation
W20250111 19:39:15.688768 1694375 ImuError.cpp:650] gyr saturation
W20250111 19:39:15.688773 1694375 ImuError.cpp:650] gyr saturation
W20250111 19:39:15.688777 1694375 ImuError.cpp:650] gyr saturation
W20250111 19:39:15.688782 1694375 ImuError.cpp:650] gyr saturation
W20250111 19:39:15.688787 1694375 ImuError.cpp:650] gyr saturation
W20250111 19:39:15.700942 1907303 ViSlamBackend.cpp:464] Tracking quality weak: quality=0.00928074
W20250111 19:39:15.702320 1694375 ImuError.cpp:650] gyr saturation
W20250111 19:39:15.702339 1694375 ImuError.cpp:650] gyr saturation
W20250111 19:39:15.702343 1694375 ImuError.cpp:650] gyr saturation
W20250111 19:39:15.702347 1694375 ImuError.cpp:650] gyr saturation
W20250111 19:39:15.702351 1694375 ImuError.cpp:650] gyr saturation
W20250111 19:39:15.702356 1694375 ImuError.cpp:650] gyr saturation
W20250111 19:39:15.702360 1694375 ImuError.cpp:650] gyr saturation
W20250111 19:39:15.702365 1694375 ImuError.cpp:650] gyr saturation
W20250111 19:39:15.702369 1694375 ImuError.cpp:650] gyr saturation
W20250111 19:39:15.702374 1694375 ImuError.cpp:650] gyr saturation
W20250111 19:39:15.702379 1694375 ImuError.cpp:650] gyr saturation
W20250111 19:39:15.702383 1694375 ImuError.cpp:650] gyr saturation
W20250111 19:39:15.702386 1694375 ImuError.cpp:650] gyr saturation
W20250111 19:39:15.702390 1694375 ImuError.cpp:650] gyr saturation
W20250111 19:39:15.702394 1694375 ImuError.cpp:650] gyr saturation
W20250111 19:39:15.702397 1694375 ImuError.cpp:650] gyr saturation
W20250111 19:39:15.702401 1694375 ImuError.cpp:650] gyr saturation
W20250111 19:39:15.702405 1694375 ImuError.cpp:650] gyr saturation
W20250111 19:39:15.702411 1694375 ImuError.cpp:650] gyr saturation
W20250111 19:39:15.702417 1694375 ImuError.cpp:650] gyr saturation
W20250111 19:39:15.702422 1694375 ImuError.cpp:650] gyr saturation
W20250111 19:39:15.702426 1694375 ImuError.cpp:650] gyr saturation
W20250111 19:39:15.702430 1694375 ImuError.cpp:650] gyr saturation
W20250111 19:39:15.702435 1694375 ImuError.cpp:650] gyr saturation
W20250111 19:39:15.702438 1694375 ImuError.cpp:650] gyr saturation
W20250111 19:39:15.702442 1694375 ImuError.cpp:650] gyr saturation
W20250111 19:39:15.702447 1694375 ImuError.cpp:650] gyr saturation
W20250111 19:39:15.702450 1694375 ImuError.cpp:650] gyr saturation
W20250111 19:39:15.702455 1694375 ImuError.cpp:650] gyr saturation
W20250111 19:39:15.702461 1694375 ImuError.cpp:650] gyr saturation
W20250111 19:39:15.702471 1694375 ImuError.cpp:650] gyr saturation
W20250111 19:39:15.702474 1694375 ImuError.cpp:650] gyr saturation
W20250111 19:39:15.702478 1694375 ImuError.cpp:650] gyr saturation
W20250111 19:39:15.702481 1694375 ImuError.cpp:650] gyr saturation
W20250111 19:39:15.702486 1694375 ImuError.cpp:650] gyr saturation
W20250111 19:39:15.702607 1694375 ImuError.cpp:650] gyr saturation
W20250111 19:39:15.702613 1694375 ImuError.cpp:650] gyr saturation
W20250111 19:39:15.702617 1694375 ImuError.cpp:650] gyr saturation
W20250111 19:39:15.702621 1694375 ImuError.cpp:650] gyr saturation
W20250111 19:39:15.702625 1694375 ImuError.cpp:650] gyr saturation
W20250111 19:39:15.702628 1694375 ImuError.cpp:650] gyr saturation
W20250111 19:39:15.702636 1694375 ImuError.cpp:650] gyr saturation
W20250111 19:39:15.702639 1694375 ImuError.cpp:650] gyr saturation
W20250111 19:39:15.702644 1694375 ImuError.cpp:650] gyr saturation
W20250111 19:39:15.702651 1694375 ImuError.cpp:650] gyr saturation
W20250111 19:39:15.702653 1694375 ImuError.cpp:650] gyr saturation
W20250111 19:39:15.702661 1694375 ImuError.cpp:650] gyr saturation
W20250111 19:39:15.702666 1694375 ImuError.cpp:650] gyr saturation
W20250111 19:39:15.702672 1694375 ImuError.cpp:650] gyr saturation
W20250111 19:39:15.702675 1694375 ImuError.cpp:650] gyr saturation
W20250111 19:39:15.702680 1694375 ImuError.cpp:650] gyr saturation
W20250111 19:39:15.702684 1694375 ImuError.cpp:650] gyr saturation
W20250111 19:39:15.702688 1694375 ImuError.cpp:650] gyr saturation
W20250111 19:39:15.702693 1694375 ImuError.cpp:650] gyr saturation
W20250111 19:39:15.702697 1694375 ImuError.cpp:650] gyr saturation
W20250111 19:39:15.702701 1694375 ImuError.cpp:650] gyr saturation
W20250111 19:39:15.702704 1694375 ImuError.cpp:650] gyr saturation
W20250111 19:39:15.702709 1694375 ImuError.cpp:650] gyr saturation
W20250111 19:39:15.702713 1694375 ImuError.cpp:650] gyr saturation
W20250111 19:39:15.702718 1694375 ImuError.cpp:650] gyr saturation
W20250111 19:39:15.702720 1694375 ImuError.cpp:650] gyr saturation
W20250111 19:39:15.702724 1694375 ImuError.cpp:650] gyr saturation
W20250111 19:39:15.702728 1694375 ImuError.cpp:650] gyr saturation
W20250111 19:39:15.702733 1694375 ImuError.cpp:650] gyr saturation
W20250111 19:39:15.702735 1694375 ImuError.cpp:650] gyr saturation
W20250111 19:39:15.702739 1694375 ImuError.cpp:650] gyr saturation
W20250111 19:39:15.702744 1694375 ImuError.cpp:650] gyr saturation
W20250111 19:39:15.702749 1694375 ImuError.cpp:650] gyr saturation
W20250111 19:39:15.702751 1694375 ImuError.cpp:650] gyr saturation
W20250111 19:39:15.702756 1694375 ImuError.cpp:650] gyr saturation
W20250111 19:39:15.703156 1694375 Frontend.cpp:615] 3d2d tracking lost. Number of 3d2d-matches: 0
W20250111 19:39:15.704360 1694375 ImuError.cpp:650] gyr saturation
W20250111 19:39:15.704371 1694375 ImuError.cpp:650] gyr saturation
W20250111 19:39:15.704375 1694375 ImuError.cpp:650] gyr saturation
W20250111 19:39:15.704380 1694375 ImuError.cpp:650] gyr saturation
W20250111 19:39:15.704383 1694375 ImuError.cpp:650] gyr saturation
W20250111 19:39:15.704386 1694375 ImuError.cpp:650] gyr saturation
W20250111 19:39:15.704389 1694375 ImuError.cpp:650] gyr saturation
W20250111 19:39:15.704394 1694375 ImuError.cpp:650] gyr saturation
W20250111 19:39:15.704399 1694375 ImuError.cpp:650] gyr saturation
W20250111 19:39:15.704403 1694375 ImuError.cpp:650] gyr saturation
W20250111 19:39:15.704407 1694375 ImuError.cpp:650] gyr saturation
W20250111 19:39:15.704412 1694375 ImuError.cpp:650] gyr saturation
W20250111 19:39:15.704416 1694375 ImuError.cpp:650] gyr saturation
W20250111 19:39:15.704419 1694375 ImuError.cpp:650] gyr saturation
W20250111 19:39:15.704422 1694375 ImuError.cpp:650] gyr saturation
W20250111 19:39:15.704425 1694375 ImuError.cpp:650] gyr saturation
W20250111 19:39:15.704430 1694375 ImuError.cpp:650] gyr saturation
W20250111 19:39:15.704433 1694375 ImuError.cpp:650] gyr saturation
W20250111 19:39:15.704438 1694375 ImuError.cpp:650] gyr saturation
W20250111 19:39:15.704447 1694375 ImuError.cpp:650] gyr saturation
W20250111 19:39:15.704452 1694375 ImuError.cpp:650] gyr saturation
W20250111 19:39:15.704457 1694375 ImuError.cpp:650] gyr saturation
W20250111 19:39:15.704461 1694375 ImuError.cpp:650] gyr saturation
W20250111 19:39:15.704464 1694375 ImuError.cpp:650] gyr saturation
W20250111 19:39:15.704468 1694375 ImuError.cpp:650] gyr saturation
W20250111 19:39:15.704473 1694375 ImuError.cpp:650] gyr saturation
W20250111 19:39:15.704478 1694375 ImuError.cpp:650] gyr saturation
W20250111 19:39:15.704481 1694375 ImuError.cpp:650] gyr saturation
W20250111 19:39:15.704485 1694375 ImuError.cpp:650] gyr saturation
W20250111 19:39:15.704488 1694375 ImuError.cpp:650] gyr saturation
W20250111 19:39:15.704493 1694375 ImuError.cpp:650] gyr saturation
W20250111 19:39:15.704496 1694375 ImuError.cpp:650] gyr saturation
W20250111 19:39:15.704500 1694375 ImuError.cpp:650] gyr saturation
W20250111 19:39:15.704504 1694375 ImuError.cpp:650] gyr saturation
W20250111 19:39:15.704509 1694375 ImuError.cpp:650] gyr saturation
W20250111 19:39:15.704515 1694375 ImuError.cpp:650] gyr saturation
W20250111 19:39:15.704520 1694375 ImuError.cpp:650] gyr saturation
W20250111 19:39:15.704524 1694375 ImuError.cpp:650] gyr saturation
W20250111 19:39:15.704530 1694375 ImuError.cpp:650] gyr saturation
W20250111 19:39:15.704533 1694375 ImuError.cpp:650] gyr saturation
W20250111 19:39:15.704538 1694375 ImuError.cpp:650] gyr saturation
W20250111 19:39:15.704542 1694375 ImuError.cpp:650] gyr saturation
W20250111 19:39:15.704547 1694375 ImuError.cpp:650] gyr saturation
W20250111 19:39:15.704552 1694375 ImuError.cpp:650] gyr saturation
W20250111 19:39:15.704556 1694375 ImuError.cpp:650] gyr saturation
W20250111 19:39:15.704560 1694375 ImuError.cpp:650] gyr saturation
W20250111 19:39:15.704564 1694375 ImuError.cpp:650] gyr saturation
W20250111 19:39:15.704568 1694375 ImuError.cpp:650] gyr saturation
W20250111 19:39:15.705746 1907361 ImuError.cpp:368] gyr saturation
W20250111 19:39:15.705785 1907361 ImuError.cpp:368] gyr saturation
W20250111 19:39:15.705796 1907361 ImuError.cpp:368] gyr saturation
W20250111 19:39:15.705806 1907361 ImuError.cpp:368] gyr saturation
W20250111 19:39:15.705816 1907361 ImuError.cpp:368] gyr saturation
W20250111 19:39:15.705825 1907361 ImuError.cpp:368] gyr saturation
W20250111 19:39:15.705837 1907361 ImuError.cpp:368] gyr saturation
W20250111 19:39:15.705847 1907361 ImuError.cpp:368] gyr saturation
W20250111 19:39:15.705858 1907361 ImuError.cpp:368] gyr saturation
W20250111 19:39:15.705868 1907361 ImuError.cpp:368] gyr saturation
W20250111 19:39:15.705878 1907361 ImuError.cpp:368] gyr saturation
W20250111 19:39:15.705888 1907361 ImuError.cpp:368] gyr saturation
W20250111 19:39:15.705896 1907361 ImuError.cpp:368] gyr saturation
W20250111 19:39:15.705906 1907361 ImuError.cpp:368] gyr saturation
W20250111 19:39:15.705916 1907361 ImuError.cpp:368] gyr saturation
W20250111 19:39:15.705925 1907361 ImuError.cpp:368] gyr saturation
W20250111 19:39:15.705935 1907361 ImuError.cpp:368] gyr saturation
W20250111 19:39:15.705943 1907361 ImuError.cpp:368] gyr saturation
W20250111 19:39:15.705953 1907361 ImuError.cpp:368] gyr saturation
W20250111 19:39:15.705962 1907361 ImuError.cpp:368] gyr saturation
W20250111 19:39:15.705971 1907361 ImuError.cpp:368] gyr saturation
W20250111 19:39:15.705981 1907361 ImuError.cpp:368] gyr saturation
W20250111 19:39:15.705989 1907361 ImuError.cpp:368] gyr saturation
W20250111 19:39:15.705998 1907361 ImuError.cpp:368] gyr saturation
W20250111 19:39:15.706007 1907361 ImuError.cpp:368] gyr saturation
W20250111 19:39:15.706017 1907361 ImuError.cpp:368] gyr saturation
W20250111 19:39:15.706025 1907361 ImuError.cpp:368] gyr saturation
W20250111 19:39:15.706034 1907361 ImuError.cpp:368] gyr saturation
W20250111 19:39:15.706043 1907361 ImuError.cpp:368] gyr saturation
W20250111 19:39:15.706053 1907361 ImuError.cpp:368] gyr saturation
W20250111 19:39:15.706061 1907361 ImuError.cpp:368] gyr saturation
W20250111 19:39:15.706070 1907361 ImuError.cpp:368] gyr saturation
W20250111 19:39:15.706079 1907361 ImuError.cpp:368] gyr saturation
W20250111 19:39:15.706091 1907361 ImuError.cpp:368] gyr saturation
W20250111 19:39:15.706101 1907361 ImuError.cpp:368] gyr saturation
W20250111 19:39:15.717381 1907361 ViSlamBackend.cpp:466] TRACKING FAILURE: quality=0
W20250111 19:39:15.718660 1694375 ImuError.cpp:650] gyr saturation
W20250111 19:39:15.718676 1694375 ImuError.cpp:650] gyr saturation
W20250111 19:39:15.718680 1694375 ImuError.cpp:650] gyr saturation
W20250111 19:39:15.718684 1694375 ImuError.cpp:650] gyr saturation
W20250111 19:39:15.718688 1694375 ImuError.cpp:650] gyr saturation
W20250111 19:39:15.718691 1694375 ImuError.cpp:650] gyr saturation
W20250111 19:39:15.718705 1694375 ImuError.cpp:650] gyr saturation
W20250111 19:39:15.718708 1694375 ImuError.cpp:650] gyr saturation
W20250111 19:39:15.718717 1694375 ImuError.cpp:650] gyr saturation
W20250111 19:39:15.718722 1694375 ImuError.cpp:650] gyr saturation
W20250111 19:39:15.718726 1694375 ImuError.cpp:650] gyr saturation
W20250111 19:39:15.718730 1694375 ImuError.cpp:650] gyr saturation
W20250111 19:39:15.718740 1694375 ImuError.cpp:650] gyr saturation
W20250111 19:39:15.718745 1694375 ImuError.cpp:650] gyr saturation
W20250111 19:39:15.718874 1694375 ImuError.cpp:650] gyr saturation
W20250111 19:39:15.718880 1694375 ImuError.cpp:650] gyr saturation
W20250111 19:39:15.718883 1694375 ImuError.cpp:650] gyr saturation
W20250111 19:39:15.718887 1694375 ImuError.cpp:650] gyr saturation
W20250111 19:39:15.718891 1694375 ImuError.cpp:650] gyr saturation
W20250111 19:39:15.718895 1694375 ImuError.cpp:650] gyr saturation
W20250111 19:39:15.718901 1694375 ImuError.cpp:650] gyr saturation
W20250111 19:39:15.718907 1694375 ImuError.cpp:650] gyr saturation
W20250111 19:39:15.718911 1694375 ImuError.cpp:650] gyr saturation
W20250111 19:39:15.718915 1694375 ImuError.cpp:650] gyr saturation
W20250111 19:39:15.718920 1694375 ImuError.cpp:650] gyr saturation
W20250111 19:39:15.718924 1694375 ImuError.cpp:650] gyr saturation
W20250111 19:39:15.718928 1694375 ImuError.cpp:650] gyr saturation
W20250111 19:39:15.718932 1694375 ImuError.cpp:650] gyr saturation
W20250111 19:39:15.720453 1694375 ImuError.cpp:368] gyr saturation
W20250111 19:39:15.720481 1694375 ImuError.cpp:368] gyr saturation
W20250111 19:39:15.720491 1694375 ImuError.cpp:368] gyr saturation
W20250111 19:39:15.720499 1694375 ImuError.cpp:368] gyr saturation
W20250111 19:39:15.720508 1694375 ImuError.cpp:368] gyr saturation
W20250111 19:39:15.720517 1694375 ImuError.cpp:368] gyr saturation
W20250111 19:39:15.720526 1694375 ImuError.cpp:368] gyr saturation
W20250111 19:39:15.720535 1694375 ImuError.cpp:368] gyr saturation
W20250111 19:39:15.720541 1694375 ImuError.cpp:368] gyr saturation
W20250111 19:39:15.720549 1694375 ImuError.cpp:368] gyr saturation
W20250111 19:39:15.720557 1694375 ImuError.cpp:368] gyr saturation
W20250111 19:39:15.720566 1694375 ImuError.cpp:368] gyr saturation
W20250111 19:39:15.720573 1694375 ImuError.cpp:368] gyr saturation
W20250111 19:39:15.720582 1694375 ImuError.cpp:368] gyr saturation
W20250111 19:39:15.722206 1694375 Frontend.cpp:612] 3d2d tracking weak: quality=0. Number of 3d2d-matches: 5
W20250111 19:39:15.722817 1694375 ImuError.cpp:650] gyr saturation
W20250111 19:39:15.722839 1694375 ImuError.cpp:650] gyr saturation
W20250111 19:39:15.722846 1694375 ImuError.cpp:650] gyr saturation
W20250111 19:39:15.722851 1694375 ImuError.cpp:650] gyr saturation
W20250111 19:39:15.722853 1694375 ImuError.cpp:650] gyr saturation
W20250111 19:39:15.722857 1694375 ImuError.cpp:650] gyr saturation
W20250111 19:39:15.722860 1694375 ImuError.cpp:650] gyr saturation
W20250111 19:39:15.722864 1694375 ImuError.cpp:650] gyr saturation
W20250111 19:39:15.722870 1694375 ImuError.cpp:650] gyr saturation
W20250111 19:39:15.722875 1694375 ImuError.cpp:650] gyr saturation
W20250111 19:39:15.722880 1694375 ImuError.cpp:650] gyr saturation
W20250111 19:39:15.722885 1694375 ImuError.cpp:650] gyr saturation
W20250111 19:39:15.722889 1694375 ImuError.cpp:650] gyr saturation
W20250111 19:39:15.722894 1694375 ImuError.cpp:650] gyr saturation
W20250111 19:39:15.734105 1907379 ViSlamBackend.cpp:466] TRACKING FAILURE: quality=0
W20250111 19:39:15.740830 1694375 Frontend.cpp:612] 3d2d tracking weak: quality=0. Number of 3d2d-matches: 7
W20250111 19:39:15.760882 1907565 ImuError.cpp:165] gyr saturation
W20250111 19:39:15.760934 1907565 ImuError.cpp:165] gyr saturation
W20250111 19:39:15.760943 1907565 ImuError.cpp:165] gyr saturation
W20250111 19:39:15.760953 1907565 ImuError.cpp:165] gyr saturation
W20250111 19:39:15.760960 1907565 ImuError.cpp:165] gyr saturation
W20250111 19:39:15.760973 1907565 ImuError.cpp:165] gyr saturation
W20250111 19:39:15.760980 1907565 ImuError.cpp:165] gyr saturation
W20250111 19:39:15.760991 1907565 ImuError.cpp:165] gyr saturation
W20250111 19:39:15.760999 1907565 ImuError.cpp:165] gyr saturation
W20250111 19:39:15.761008 1907565 ImuError.cpp:165] gyr saturation
W20250111 19:39:15.761016 1907565 ImuError.cpp:165] gyr saturation
W20250111 19:39:15.761027 1907565 ImuError.cpp:165] gyr saturation
W20250111 19:39:15.761036 1907565 ImuError.cpp:165] gyr saturation
W20250111 19:39:15.761054 1907565 ImuError.cpp:165] gyr saturation
W20250111 19:39:15.761063 1907565 ImuError.cpp:165] gyr saturation
W20250111 19:39:15.761073 1907565 ImuError.cpp:165] gyr saturation
W20250111 19:39:15.761081 1907565 ImuError.cpp:165] gyr saturation
W20250111 19:39:15.761090 1907565 ImuError.cpp:165] gyr saturation
W20250111 19:39:15.761098 1907565 ImuError.cpp:165] gyr saturation
W20250111 19:39:15.761108 1907565 ImuError.cpp:165] gyr saturation
W20250111 19:39:15.761116 1907565 ImuError.cpp:165] gyr saturation
W20250111 19:39:15.761124 1907565 ImuError.cpp:165] gyr saturation
W20250111 19:39:15.761132 1907565 ImuError.cpp:165] gyr saturation
W20250111 19:39:15.761140 1907565 ImuError.cpp:165] gyr saturation
W20250111 19:39:15.761148 1907565 ImuError.cpp:165] gyr saturation
W20250111 19:39:15.761157 1907565 ImuError.cpp:165] gyr saturation
W20250111 19:39:15.761165 1907565 ImuError.cpp:165] gyr saturation
W20250111 19:39:15.761173 1907565 ImuError.cpp:165] gyr saturation
W20250111 19:39:15.761183 1907565 ImuError.cpp:165] gyr saturation
W20250111 19:39:15.761190 1907565 ImuError.cpp:165] gyr saturation
W20250111 19:39:15.761198 1907565 ImuError.cpp:165] gyr saturation
W20250111 19:39:15.761206 1907565 ImuError.cpp:165] gyr saturation
W20250111 19:39:15.761214 1907565 ImuError.cpp:165] gyr saturation
W20250111 19:39:15.761222 1907565 ImuError.cpp:165] gyr saturation
W20250111 19:39:15.761230 1907565 ImuError.cpp:165] gyr saturation
W20250111 19:39:15.761286 1907565 ImuError.cpp:165] gyr saturation
W20250111 19:39:15.761294 1907565 ImuError.cpp:165] gyr saturation
W20250111 19:39:15.761302 1907565 ImuError.cpp:165] gyr saturation
W20250111 19:39:15.761310 1907565 ImuError.cpp:165] gyr saturation
W20250111 19:39:15.761318 1907565 ImuError.cpp:165] gyr saturation
W20250111 19:39:15.761327 1907565 ImuError.cpp:165] gyr saturation
W20250111 19:39:15.761334 1907565 ImuError.cpp:165] gyr saturation
W20250111 19:39:15.761343 1907565 ImuError.cpp:165] gyr saturation
W20250111 19:39:15.761350 1907565 ImuError.cpp:165] gyr saturation
W20250111 19:39:15.761360 1907565 ImuError.cpp:165] gyr saturation
W20250111 19:39:15.761368 1907565 ImuError.cpp:165] gyr saturation
W20250111 19:39:15.761375 1907565 ImuError.cpp:165] gyr saturation
W20250111 19:39:15.761384 1907565 ImuError.cpp:165] gyr saturation
W20250111 19:39:15.761392 1907565 ImuError.cpp:165] gyr saturation
W20250111 19:39:15.761399 1907565 ImuError.cpp:165] gyr saturation
W20250111 19:39:15.761408 1907565 ImuError.cpp:165] gyr saturation
W20250111 19:39:15.761416 1907565 ImuError.cpp:165] gyr saturation
W20250111 19:39:15.761425 1907565 ImuError.cpp:165] gyr saturation
W20250111 19:39:15.761432 1907565 ImuError.cpp:165] gyr saturation
W20250111 19:39:15.761440 1907565 ImuError.cpp:165] gyr saturation
W20250111 19:39:15.761448 1907565 ImuError.cpp:165] gyr saturation
W20250111 19:39:15.761457 1907565 ImuError.cpp:165] gyr saturation
W20250111 19:39:15.761464 1907565 ImuError.cpp:165] gyr saturation
W20250111 19:39:15.761474 1907565 ImuError.cpp:165] gyr saturation
W20250111 19:39:15.761482 1907565 ImuError.cpp:165] gyr saturation
W20250111 19:39:15.761490 1907565 ImuError.cpp:165] gyr saturation
W20250111 19:39:15.761499 1907565 ImuError.cpp:165] gyr saturation
W20250111 19:39:15.761508 1907565 ImuError.cpp:165] gyr saturation
W20250111 19:39:15.761516 1907565 ImuError.cpp:165] gyr saturation
W20250111 19:39:15.761524 1907565 ImuError.cpp:165] gyr saturation
W20250111 19:39:15.761533 1907565 ImuError.cpp:165] gyr saturation
W20250111 19:39:15.761540 1907565 ImuError.cpp:165] gyr saturation
W20250111 19:39:15.761548 1907565 ImuError.cpp:165] gyr saturation
W20250111 19:39:15.761556 1907565 ImuError.cpp:165] gyr saturation
W20250111 19:39:15.761565 1907565 ImuError.cpp:165] gyr saturation
W20250111 19:39:15.796149 1907791 ImuError.cpp:165] gyr saturation
W20250111 19:39:15.796243 1907791 ImuError.cpp:165] gyr saturation
W20250111 19:39:15.796258 1907791 ImuError.cpp:165] gyr saturation
W20250111 19:39:15.796272 1907791 ImuError.cpp:165] gyr saturation
W20250111 19:39:15.796298 1907791 ImuError.cpp:165] gyr saturation
W20250111 19:39:15.796310 1907791 ImuError.cpp:165] gyr saturation
W20250111 19:39:15.796321 1907791 ImuError.cpp:165] gyr saturation
W20250111 19:39:15.796332 1907791 ImuError.cpp:165] gyr saturation
W20250111 19:39:15.796343 1907791 ImuError.cpp:165] gyr saturation
W20250111 19:39:15.796355 1907791 ImuError.cpp:165] gyr saturation
W20250111 19:39:15.796365 1907791 ImuError.cpp:165] gyr saturation
W20250111 19:39:15.796376 1907791 ImuError.cpp:165] gyr saturation
W20250111 19:39:15.796386 1907791 ImuError.cpp:165] gyr saturation
W20250111 19:39:15.796397 1907791 ImuError.cpp:165] gyr saturation
W20250111 19:39:15.796566 1907791 ImuError.cpp:165] gyr saturation
W20250111 19:39:15.796581 1907791 ImuError.cpp:165] gyr saturation
W20250111 19:39:15.796591 1907791 ImuError.cpp:165] gyr saturation
W20250111 19:39:15.796602 1907791 ImuError.cpp:165] gyr saturation
W20250111 19:39:15.796613 1907791 ImuError.cpp:165] gyr saturation
W20250111 19:39:15.796624 1907791 ImuError.cpp:165] gyr saturation
W20250111 19:39:15.796640 1907791 ImuError.cpp:165] gyr saturation
W20250111 19:39:15.796651 1907791 ImuError.cpp:165] gyr saturation
W20250111 19:39:15.796662 1907791 ImuError.cpp:165] gyr saturation
W20250111 19:39:15.796674 1907791 ImuError.cpp:165] gyr saturation
W20250111 19:39:15.796684 1907791 ImuError.cpp:165] gyr saturation
W20250111 19:39:15.796695 1907791 ImuError.cpp:165] gyr saturation
W20250111 19:39:15.796707 1907791 ImuError.cpp:165] gyr saturation
W20250111 19:39:15.796718 1907791 ImuError.cpp:165] gyr saturation
W20250111 19:39:15.947757 1694375 Frontend.cpp:612] 3d2d tracking weak: quality=0. Number of 3d2d-matches: 7
W20250111 19:39:15.972095 1908721 ViSlamBackend.cpp:466] TRACKING FAILURE: quality=0
W20250111 19:39:15.977458 1694375 Frontend.cpp:615] 3d2d tracking lost. Number of 3d2d-matches: 2
W20250111 19:39:15.979534 1694375 ImuError.cpp:650] gyr saturation
W20250111 19:39:15.979578 1694375 ImuError.cpp:650] gyr saturation
W20250111 19:39:15.979588 1694375 ImuError.cpp:650] gyr saturation
W20250111 19:39:15.979593 1694375 ImuError.cpp:650] gyr saturation
W20250111 19:39:15.979598 1694375 ImuError.cpp:650] gyr saturation
W20250111 19:39:15.979607 1694375 ImuError.cpp:650] gyr saturation
W20250111 19:39:15.979611 1694375 ImuError.cpp:650] gyr saturation
W20250111 19:39:15.979617 1694375 ImuError.cpp:650] gyr saturation
W20250111 19:39:15.979624 1694375 ImuError.cpp:650] gyr saturation
W20250111 19:39:15.979638 1694375 ImuError.cpp:650] gyr saturation
W20250111 19:39:15.979646 1694375 ImuError.cpp:650] gyr saturation
W20250111 19:39:15.979652 1694375 ImuError.cpp:650] gyr saturation
W20250111 19:39:15.979658 1694375 ImuError.cpp:650] gyr saturation
W20250111 19:39:15.979665 1694375 ImuError.cpp:650] gyr saturation
W20250111 19:39:15.979672 1694375 ImuError.cpp:650] gyr saturation
W20250111 19:39:15.997927 1908771 ViSlamBackend.cpp:466] TRACKING FAILURE: quality=0
W20250111 19:39:16.003664 1694375 ImuError.cpp:650] gyr saturation
W20250111 19:39:16.003777 1694375 ImuError.cpp:650] gyr saturation
W20250111 19:39:16.003785 1694375 ImuError.cpp:650] gyr saturation
W20250111 19:39:16.003791 1694375 ImuError.cpp:650] gyr saturation
W20250111 19:39:16.003798 1694375 ImuError.cpp:650] gyr saturation
W20250111 19:39:16.003804 1694375 ImuError.cpp:650] gyr saturation
W20250111 19:39:16.003811 1694375 ImuError.cpp:650] gyr saturation
W20250111 19:39:16.003816 1694375 ImuError.cpp:650] gyr saturation
W20250111 19:39:16.003821 1694375 ImuError.cpp:650] gyr saturation
W20250111 19:39:16.003826 1694375 ImuError.cpp:650] gyr saturation
W20250111 19:39:16.003832 1694375 ImuError.cpp:650] gyr saturation
W20250111 19:39:16.003839 1694375 ImuError.cpp:650] gyr saturation
W20250111 19:39:16.003844 1694375 ImuError.cpp:650] gyr saturation
W20250111 19:39:16.003849 1694375 ImuError.cpp:650] gyr saturation
W20250111 19:39:16.003854 1694375 ImuError.cpp:650] gyr saturation
W20250111 19:39:16.005059 1694375 ImuError.cpp:650] gyr saturation
W20250111 19:39:16.005117 1694375 ImuError.cpp:650] gyr saturation
W20250111 19:39:16.005154 1694375 ImuError.cpp:650] gyr saturation
W20250111 19:39:16.005163 1694375 ImuError.cpp:650] gyr saturation
W20250111 19:39:16.005170 1694375 ImuError.cpp:650] gyr saturation
W20250111 19:39:16.005177 1694375 ImuError.cpp:650] gyr saturation
W20250111 19:39:16.005182 1694375 ImuError.cpp:650] gyr saturation
W20250111 19:39:16.005193 1694375 ImuError.cpp:650] gyr saturation
W20250111 19:39:16.005199 1694375 ImuError.cpp:650] gyr saturation
W20250111 19:39:16.005204 1694375 ImuError.cpp:650] gyr saturation
W20250111 19:39:16.005213 1694375 ImuError.cpp:650] gyr saturation
W20250111 19:39:16.005218 1694375 ImuError.cpp:650] gyr saturation
W20250111 19:39:16.005224 1694375 ImuError.cpp:650] gyr saturation
W20250111 19:39:16.005230 1694375 ImuError.cpp:650] gyr saturation
W20250111 19:39:16.005236 1694375 ImuError.cpp:650] gyr saturation
W20250111 19:39:16.005795 1694375 Frontend.cpp:615] 3d2d tracking lost. Number of 3d2d-matches: 0
W20250111 19:39:16.007812 1694375 ImuError.cpp:650] gyr saturation
W20250111 19:39:16.007856 1694375 ImuError.cpp:650] gyr saturation
W20250111 19:39:16.007863 1694375 ImuError.cpp:650] gyr saturation
W20250111 19:39:16.007870 1694375 ImuError.cpp:650] gyr saturation
W20250111 19:39:16.007876 1694375 ImuError.cpp:650] gyr saturation
W20250111 19:39:16.007881 1694375 ImuError.cpp:650] gyr saturation
W20250111 19:39:16.007887 1694375 ImuError.cpp:650] gyr saturation
W20250111 19:39:16.007894 1694375 ImuError.cpp:650] gyr saturation
W20250111 19:39:16.007899 1694375 ImuError.cpp:650] gyr saturation
W20250111 19:39:16.007905 1694375 ImuError.cpp:650] gyr saturation
W20250111 19:39:16.007910 1694375 ImuError.cpp:650] gyr saturation
W20250111 19:39:16.007916 1694375 ImuError.cpp:650] gyr saturation
W20250111 19:39:16.007922 1694375 ImuError.cpp:650] gyr saturation
W20250111 19:39:16.007928 1694375 ImuError.cpp:650] gyr saturation
W20250111 19:39:16.007934 1694375 ImuError.cpp:650] gyr saturation
W20250111 19:39:16.007941 1694375 ImuError.cpp:650] gyr saturation
W20250111 19:39:16.007946 1694375 ImuError.cpp:650] gyr saturation
W20250111 19:39:16.007951 1694375 ImuError.cpp:650] gyr saturation
W20250111 19:39:16.007957 1694375 ImuError.cpp:650] gyr saturation
W20250111 19:39:16.007964 1694375 ImuError.cpp:650] gyr saturation
W20250111 19:39:16.007969 1694375 ImuError.cpp:650] gyr saturation
W20250111 19:39:16.007975 1694375 ImuError.cpp:650] gyr saturation
W20250111 19:39:16.007982 1694375 ImuError.cpp:650] gyr saturation
W20250111 19:39:16.007987 1694375 ImuError.cpp:650] gyr saturation
W20250111 19:39:16.007992 1694375 ImuError.cpp:650] gyr saturation
W20250111 19:39:16.007998 1694375 ImuError.cpp:650] gyr saturation
W20250111 19:39:16.008003 1694375 ImuError.cpp:650] gyr saturation
W20250111 19:39:16.008010 1694375 ImuError.cpp:650] gyr saturation
W20250111 19:39:16.008016 1694375 ImuError.cpp:650] gyr saturation
W20250111 19:39:16.008023 1694375 ImuError.cpp:650] gyr saturation
W20250111 19:39:16.008036 1694375 ImuError.cpp:650] gyr saturation
W20250111 19:39:16.008044 1694375 ImuError.cpp:650] gyr saturation
W20250111 19:39:16.008050 1694375 ImuError.cpp:650] gyr saturation
W20250111 19:39:16.008056 1694375 ImuError.cpp:650] gyr saturation
W20250111 19:39:16.008064 1694375 ImuError.cpp:650] gyr saturation
W20250111 19:39:16.008070 1694375 ImuError.cpp:650] gyr saturation
W20250111 19:39:16.008076 1694375 ImuError.cpp:650] gyr saturation
W20250111 19:39:16.008082 1694375 ImuError.cpp:650] gyr saturation
W20250111 19:39:16.008088 1694375 ImuError.cpp:650] gyr saturation
W20250111 19:39:16.008095 1694375 ImuError.cpp:650] gyr saturation
W20250111 19:39:16.008100 1694375 ImuError.cpp:650] gyr saturation
W20250111 19:39:16.008105 1694375 ImuError.cpp:650] gyr saturation
W20250111 19:39:16.008111 1694375 ImuError.cpp:650] gyr saturation
W20250111 19:39:16.008116 1694375 ImuError.cpp:650] gyr saturation
W20250111 19:39:16.008122 1694375 ImuError.cpp:650] gyr saturation
W20250111 19:39:16.008128 1694375 ImuError.cpp:650] gyr saturation
W20250111 19:39:16.008139 1694375 ImuError.cpp:650] gyr saturation
W20250111 19:39:16.008147 1694375 ImuError.cpp:650] gyr saturation
W20250111 19:39:16.008152 1694375 ImuError.cpp:650] gyr saturation
W20250111 19:39:16.009215 1694387 ImuError.cpp:368] gyr saturation
W20250111 19:39:16.009255 1694387 ImuError.cpp:368] gyr saturation
W20250111 19:39:16.009266 1694387 ImuError.cpp:368] gyr saturation
W20250111 19:39:16.009275 1694387 ImuError.cpp:368] gyr saturation
W20250111 19:39:16.009284 1694387 ImuError.cpp:368] gyr saturation
W20250111 19:39:16.009291 1694387 ImuError.cpp:368] gyr saturation
W20250111 19:39:16.009300 1694387 ImuError.cpp:368] gyr saturation
W20250111 19:39:16.009308 1694387 ImuError.cpp:368] gyr saturation
W20250111 19:39:16.009316 1694387 ImuError.cpp:368] gyr saturation
W20250111 19:39:16.009325 1694387 ImuError.cpp:368] gyr saturation
W20250111 19:39:16.009331 1694387 ImuError.cpp:368] gyr saturation
W20250111 19:39:16.009339 1694387 ImuError.cpp:368] gyr saturation
W20250111 19:39:16.009347 1694387 ImuError.cpp:368] gyr saturation
W20250111 19:39:16.009354 1694387 ImuError.cpp:368] gyr saturation
W20250111 19:39:16.009362 1694387 ImuError.cpp:368] gyr saturation
W20250111 19:39:16.012948 1908797 ViSlamBackend.cpp:466] TRACKING FAILURE: quality=0
W20250111 19:39:16.015605 1694375 ImuError.cpp:650] gyr saturation
W20250111 19:39:16.015666 1694375 ImuError.cpp:650] gyr saturation
W20250111 19:39:16.015673 1694375 ImuError.cpp:650] gyr saturation
W20250111 19:39:16.015678 1694375 ImuError.cpp:650] gyr saturation
W20250111 19:39:16.015686 1694375 ImuError.cpp:650] gyr saturation
W20250111 19:39:16.015691 1694375 ImuError.cpp:650] gyr saturation
W20250111 19:39:16.015698 1694375 ImuError.cpp:650] gyr saturation
W20250111 19:39:16.015704 1694375 ImuError.cpp:650] gyr saturation
W20250111 19:39:16.015710 1694375 ImuError.cpp:650] gyr saturation
W20250111 19:39:16.015717 1694375 ImuError.cpp:650] gyr saturation
W20250111 19:39:16.015722 1694375 ImuError.cpp:650] gyr saturation
W20250111 19:39:16.015728 1694375 ImuError.cpp:650] gyr saturation
W20250111 19:39:16.015734 1694375 ImuError.cpp:650] gyr saturation
W20250111 19:39:16.015740 1694375 ImuError.cpp:650] gyr saturation
W20250111 19:39:16.015745 1694375 ImuError.cpp:650] gyr saturation
W20250111 19:39:16.015751 1694375 ImuError.cpp:650] gyr saturation
W20250111 19:39:16.015758 1694375 ImuError.cpp:650] gyr saturation
W20250111 19:39:16.015763 1694375 ImuError.cpp:650] gyr saturation
W20250111 19:39:16.015769 1694375 ImuError.cpp:650] gyr saturation
W20250111 19:39:16.015776 1694375 ImuError.cpp:650] gyr saturation
W20250111 19:39:16.015781 1694375 ImuError.cpp:650] gyr saturation
W20250111 19:39:16.015789 1694375 ImuError.cpp:650] gyr saturation
W20250111 19:39:16.015794 1694375 ImuError.cpp:650] gyr saturation
W20250111 19:39:16.015799 1694375 ImuError.cpp:650] gyr saturation
W20250111 19:39:16.015805 1694375 ImuError.cpp:650] gyr saturation
W20250111 19:39:16.015811 1694375 ImuError.cpp:650] gyr saturation
W20250111 19:39:16.015826 1694375 ImuError.cpp:650] gyr saturation
W20250111 19:39:16.015834 1694375 ImuError.cpp:650] gyr saturation
W20250111 19:39:16.015839 1694375 ImuError.cpp:650] gyr saturation
W20250111 19:39:16.015846 1694375 ImuError.cpp:650] gyr saturation
W20250111 19:39:16.015851 1694375 ImuError.cpp:650] gyr saturation
W20250111 19:39:16.015857 1694375 ImuError.cpp:650] gyr saturation
W20250111 19:39:16.015863 1694375 ImuError.cpp:650] gyr saturation
W20250111 19:39:16.015868 1694375 ImuError.cpp:650] gyr saturation
W20250111 19:39:16.015875 1694375 ImuError.cpp:650] gyr saturation
W20250111 19:39:16.016134 1694375 ImuError.cpp:650] gyr saturation
W20250111 19:39:16.016144 1694375 ImuError.cpp:650] gyr saturation
W20250111 19:39:16.016150 1694375 ImuError.cpp:650] gyr saturation
W20250111 19:39:16.016157 1694375 ImuError.cpp:650] gyr saturation
W20250111 19:39:16.016165 1694375 ImuError.cpp:650] gyr saturation
W20250111 19:39:16.016171 1694375 ImuError.cpp:650] gyr saturation
W20250111 19:39:16.016178 1694375 ImuError.cpp:650] gyr saturation
W20250111 19:39:16.016191 1694375 ImuError.cpp:650] gyr saturation
W20250111 19:39:16.016197 1694375 ImuError.cpp:650] gyr saturation
W20250111 19:39:16.016203 1694375 ImuError.cpp:650] gyr saturation
W20250111 19:39:16.016209 1694375 ImuError.cpp:650] gyr saturation
W20250111 19:39:16.016216 1694375 ImuError.cpp:650] gyr saturation
W20250111 19:39:16.016223 1694375 ImuError.cpp:650] gyr saturation
W20250111 19:39:16.016229 1694375 ImuError.cpp:650] gyr saturation
W20250111 19:39:16.016237 1694375 ImuError.cpp:650] gyr saturation
W20250111 19:39:16.016244 1694375 ImuError.cpp:650] gyr saturation
W20250111 19:39:16.016251 1694375 ImuError.cpp:650] gyr saturation
W20250111 19:39:16.016258 1694375 ImuError.cpp:650] gyr saturation
W20250111 19:39:16.016264 1694375 ImuError.cpp:650] gyr saturation
W20250111 19:39:16.016270 1694375 ImuError.cpp:650] gyr saturation
W20250111 19:39:16.016278 1694375 ImuError.cpp:650] gyr saturation
W20250111 19:39:16.016283 1694375 ImuError.cpp:650] gyr saturation
W20250111 19:39:16.016289 1694375 ImuError.cpp:650] gyr saturation
W20250111 19:39:16.016296 1694375 ImuError.cpp:650] gyr saturation
W20250111 19:39:16.016302 1694375 ImuError.cpp:650] gyr saturation
W20250111 19:39:16.016309 1694375 ImuError.cpp:650] gyr saturation
W20250111 19:39:16.016315 1694375 ImuError.cpp:650] gyr saturation
W20250111 19:39:16.016321 1694375 ImuError.cpp:650] gyr saturation
W20250111 19:39:16.016327 1694375 ImuError.cpp:650] gyr saturation
W20250111 19:39:16.016335 1694375 ImuError.cpp:650] gyr saturation
W20250111 19:39:16.016340 1694375 ImuError.cpp:650] gyr saturation
W20250111 19:39:16.016346 1694375 ImuError.cpp:650] gyr saturation
W20250111 19:39:16.016353 1694375 ImuError.cpp:650] gyr saturation
W20250111 19:39:16.016359 1694375 ImuError.cpp:650] gyr saturation
W20250111 19:39:16.016366 1694375 ImuError.cpp:650] gyr saturation
W20250111 19:39:16.017015 1694375 Frontend.cpp:615] 3d2d tracking lost. Number of 3d2d-matches: 0
W20250111 19:39:16.018328 1694375 ImuError.cpp:650] gyr saturation
W20250111 19:39:16.018361 1694375 ImuError.cpp:650] gyr saturation
W20250111 19:39:16.018368 1694375 ImuError.cpp:650] gyr saturation
W20250111 19:39:16.018375 1694375 ImuError.cpp:650] gyr saturation
W20250111 19:39:16.018381 1694375 ImuError.cpp:650] gyr saturation
W20250111 19:39:16.018389 1694375 ImuError.cpp:650] gyr saturation
W20250111 19:39:16.018397 1694375 ImuError.cpp:650] gyr saturation
W20250111 19:39:16.018404 1694375 ImuError.cpp:650] gyr saturation
W20250111 19:39:16.018411 1694375 ImuError.cpp:650] gyr saturation
W20250111 19:39:16.018419 1694375 ImuError.cpp:650] gyr saturation
W20250111 19:39:16.018424 1694375 ImuError.cpp:650] gyr saturation
W20250111 19:39:16.018431 1694375 ImuError.cpp:650] gyr saturation
W20250111 19:39:16.018438 1694375 ImuError.cpp:650] gyr saturation
W20250111 19:39:16.018446 1694375 ImuError.cpp:650] gyr saturation
W20250111 19:39:16.018453 1694375 ImuError.cpp:650] gyr saturation
W20250111 19:39:16.018461 1694375 ImuError.cpp:650] gyr saturation
W20250111 19:39:16.018476 1694375 ImuError.cpp:650] gyr saturation
W20250111 19:39:16.018484 1694375 ImuError.cpp:650] gyr saturation
W20250111 19:39:16.018491 1694375 ImuError.cpp:650] gyr saturation
W20250111 19:39:16.018496 1694375 ImuError.cpp:650] gyr saturation
W20250111 19:39:16.018502 1694375 ImuError.cpp:650] gyr saturation
W20250111 19:39:16.018508 1694375 ImuError.cpp:650] gyr saturation
W20250111 19:39:16.018515 1694375 ImuError.cpp:650] gyr saturation
W20250111 19:39:16.018522 1694375 ImuError.cpp:650] gyr saturation
W20250111 19:39:16.018528 1694375 ImuError.cpp:650] gyr saturation
W20250111 19:39:16.018534 1694375 ImuError.cpp:650] gyr saturation
W20250111 19:39:16.018543 1694375 ImuError.cpp:650] gyr saturation
W20250111 19:39:16.018548 1694375 ImuError.cpp:650] gyr saturation
W20250111 19:39:16.018554 1694375 ImuError.cpp:650] gyr saturation
W20250111 19:39:16.018560 1694375 ImuError.cpp:650] gyr saturation
W20250111 19:39:16.018566 1694375 ImuError.cpp:650] gyr saturation
W20250111 19:39:16.018574 1694375 ImuError.cpp:650] gyr saturation
W20250111 19:39:16.018585 1694375 ImuError.cpp:650] gyr saturation
W20250111 19:39:16.018594 1694375 ImuError.cpp:650] gyr saturation
W20250111 19:39:16.018600 1694375 ImuError.cpp:650] gyr saturation
W20250111 19:39:16.018607 1694375 ImuError.cpp:650] gyr saturation
W20250111 19:39:16.018612 1694375 ImuError.cpp:650] gyr saturation
W20250111 19:39:16.018620 1694375 ImuError.cpp:650] gyr saturation
W20250111 19:39:16.018625 1694375 ImuError.cpp:650] gyr saturation
W20250111 19:39:16.018636 1694375 ImuError.cpp:650] gyr saturation
W20250111 19:39:16.018643 1694375 ImuError.cpp:650] gyr saturation
W20250111 19:39:16.018651 1694375 ImuError.cpp:650] gyr saturation
W20250111 19:39:16.018657 1694375 ImuError.cpp:650] gyr saturation
W20250111 19:39:16.018663 1694375 ImuError.cpp:650] gyr saturation
W20250111 19:39:16.018671 1694375 ImuError.cpp:650] gyr saturation
W20250111 19:39:16.018676 1694375 ImuError.cpp:650] gyr saturation
W20250111 19:39:16.018683 1694375 ImuError.cpp:650] gyr saturation
W20250111 19:39:16.018689 1694375 ImuError.cpp:650] gyr saturation
W20250111 19:39:16.018695 1694375 ImuError.cpp:650] gyr saturation
W20250111 19:39:16.018702 1694375 ImuError.cpp:650] gyr saturation
W20250111 19:39:16.018709 1694375 ImuError.cpp:650] gyr saturation
W20250111 19:39:16.018714 1694375 ImuError.cpp:650] gyr saturation
W20250111 19:39:16.018721 1694375 ImuError.cpp:650] gyr saturation
W20250111 19:39:16.018728 1694375 ImuError.cpp:650] gyr saturation
W20250111 19:39:16.018734 1694375 ImuError.cpp:650] gyr saturation
W20250111 19:39:16.018740 1694375 ImuError.cpp:650] gyr saturation
W20250111 19:39:16.018747 1694375 ImuError.cpp:650] gyr saturation
W20250111 19:39:16.018754 1694375 ImuError.cpp:650] gyr saturation
W20250111 19:39:16.018759 1694375 ImuError.cpp:650] gyr saturation
W20250111 19:39:16.018766 1694375 ImuError.cpp:650] gyr saturation
W20250111 19:39:16.018774 1694375 ImuError.cpp:650] gyr saturation
W20250111 19:39:16.018779 1694375 ImuError.cpp:650] gyr saturation
W20250111 19:39:16.018785 1694375 ImuError.cpp:650] gyr saturation
W20250111 19:39:16.018791 1694375 ImuError.cpp:650] gyr saturation
W20250111 19:39:16.018797 1694375 ImuError.cpp:650] gyr saturation
W20250111 19:39:16.018803 1694375 ImuError.cpp:650] gyr saturation
W20250111 19:39:16.018810 1694375 ImuError.cpp:650] gyr saturation
W20250111 19:39:16.018815 1694375 ImuError.cpp:650] gyr saturation
W20250111 19:39:16.019411 1908807 ImuError.cpp:368] gyr saturation
W20250111 19:39:16.019445 1908807 ImuError.cpp:368] gyr saturation
W20250111 19:39:16.019455 1908807 ImuError.cpp:368] gyr saturation
W20250111 19:39:16.019465 1908807 ImuError.cpp:368] gyr saturation
W20250111 19:39:16.019474 1908807 ImuError.cpp:368] gyr saturation
W20250111 19:39:16.019482 1908807 ImuError.cpp:368] gyr saturation
W20250111 19:39:16.019490 1908807 ImuError.cpp:368] gyr saturation
W20250111 19:39:16.019500 1908807 ImuError.cpp:368] gyr saturation
W20250111 19:39:16.019507 1908807 ImuError.cpp:368] gyr saturation
W20250111 19:39:16.019520 1908807 ImuError.cpp:368] gyr saturation
W20250111 19:39:16.019528 1908807 ImuError.cpp:368] gyr saturation
W20250111 19:39:16.019537 1908807 ImuError.cpp:368] gyr saturation
W20250111 19:39:16.019546 1908807 ImuError.cpp:368] gyr saturation
W20250111 19:39:16.019553 1908807 ImuError.cpp:368] gyr saturation
W20250111 19:39:16.019562 1908807 ImuError.cpp:368] gyr saturation
W20250111 19:39:16.019570 1908807 ImuError.cpp:368] gyr saturation
W20250111 19:39:16.019579 1908807 ImuError.cpp:368] gyr saturation
W20250111 19:39:16.019587 1908807 ImuError.cpp:368] gyr saturation
W20250111 19:39:16.019595 1908807 ImuError.cpp:368] gyr saturation
W20250111 19:39:16.019604 1908807 ImuError.cpp:368] gyr saturation
W20250111 19:39:16.019614 1908807 ImuError.cpp:368] gyr saturation
W20250111 19:39:16.019624 1908807 ImuError.cpp:368] gyr saturation
W20250111 19:39:16.019634 1908807 ImuError.cpp:368] gyr saturation
W20250111 19:39:16.019644 1908807 ImuError.cpp:368] gyr saturation
W20250111 19:39:16.019654 1908807 ImuError.cpp:368] gyr saturation
W20250111 19:39:16.019666 1908807 ImuError.cpp:368] gyr saturation
W20250111 19:39:16.019676 1908807 ImuError.cpp:368] gyr saturation
W20250111 19:39:16.019685 1908807 ImuError.cpp:368] gyr saturation
W20250111 19:39:16.019692 1908807 ImuError.cpp:368] gyr saturation
W20250111 19:39:16.019701 1908807 ImuError.cpp:368] gyr saturation
W20250111 19:39:16.019709 1908807 ImuError.cpp:368] gyr saturation
W20250111 19:39:16.019719 1908807 ImuError.cpp:368] gyr saturation
W20250111 19:39:16.019727 1908807 ImuError.cpp:368] gyr saturation
W20250111 19:39:16.019735 1908807 ImuError.cpp:368] gyr saturation
W20250111 19:39:16.019743 1908807 ImuError.cpp:368] gyr saturation
W20250111 19:39:16.030987 1908807 ViSlamBackend.cpp:466] TRACKING FAILURE: quality=0
W20250111 19:39:16.034173 1694375 ImuError.cpp:650] gyr saturation
W20250111 19:39:16.034195 1694375 ImuError.cpp:650] gyr saturation
W20250111 19:39:16.034202 1694375 ImuError.cpp:650] gyr saturation
W20250111 19:39:16.034210 1694375 ImuError.cpp:650] gyr saturation
W20250111 19:39:16.034216 1694375 ImuError.cpp:650] gyr saturation
W20250111 19:39:16.034222 1694375 ImuError.cpp:650] gyr saturation
W20250111 19:39:16.034227 1694375 ImuError.cpp:650] gyr saturation
W20250111 19:39:16.034232 1694375 ImuError.cpp:650] gyr saturation
W20250111 19:39:16.034237 1694375 ImuError.cpp:650] gyr saturation
W20250111 19:39:16.034243 1694375 ImuError.cpp:650] gyr saturation
W20250111 19:39:16.034248 1694375 ImuError.cpp:650] gyr saturation
W20250111 19:39:16.034253 1694375 ImuError.cpp:650] gyr saturation
W20250111 19:39:16.034258 1694375 ImuError.cpp:650] gyr saturation
W20250111 19:39:16.034263 1694375 ImuError.cpp:650] gyr saturation
W20250111 19:39:16.034268 1694375 ImuError.cpp:650] gyr saturation
W20250111 19:39:16.034274 1694375 ImuError.cpp:650] gyr saturation
W20250111 19:39:16.034279 1694375 ImuError.cpp:650] gyr saturation
W20250111 19:39:16.034284 1694375 ImuError.cpp:650] gyr saturation
W20250111 19:39:16.034289 1694375 ImuError.cpp:650] gyr saturation
W20250111 19:39:16.034294 1694375 ImuError.cpp:650] gyr saturation
W20250111 19:39:16.034300 1694375 ImuError.cpp:650] gyr saturation
W20250111 19:39:16.034305 1694375 ImuError.cpp:650] gyr saturation
W20250111 19:39:16.034310 1694375 ImuError.cpp:650] gyr saturation
W20250111 19:39:16.034315 1694375 ImuError.cpp:650] gyr saturation
W20250111 19:39:16.034320 1694375 ImuError.cpp:650] gyr saturation
W20250111 19:39:16.034327 1694375 ImuError.cpp:650] gyr saturation
W20250111 19:39:16.034332 1694375 ImuError.cpp:650] gyr saturation
W20250111 19:39:16.034336 1694375 ImuError.cpp:650] gyr saturation
W20250111 19:39:16.034341 1694375 ImuError.cpp:650] gyr saturation
W20250111 19:39:16.034346 1694375 ImuError.cpp:650] gyr saturation
W20250111 19:39:16.034351 1694375 ImuError.cpp:650] gyr saturation
W20250111 19:39:16.034356 1694375 ImuError.cpp:650] gyr saturation
W20250111 19:39:16.034363 1694375 ImuError.cpp:650] gyr saturation
W20250111 19:39:16.034368 1694375 ImuError.cpp:650] gyr saturation
W20250111 19:39:16.034425 1694375 ImuError.cpp:650] gyr saturation
W20250111 19:39:16.034431 1694375 ImuError.cpp:650] gyr saturation
W20250111 19:39:16.034437 1694375 ImuError.cpp:650] gyr saturation
W20250111 19:39:16.034442 1694375 ImuError.cpp:650] gyr saturation
W20250111 19:39:16.034447 1694375 ImuError.cpp:650] gyr saturation
W20250111 19:39:16.034453 1694375 ImuError.cpp:650] gyr saturation
W20250111 19:39:16.034458 1694375 ImuError.cpp:650] gyr saturation
W20250111 19:39:16.034463 1694375 ImuError.cpp:650] gyr saturation
W20250111 19:39:16.034468 1694375 ImuError.cpp:650] gyr saturation
W20250111 19:39:16.034473 1694375 ImuError.cpp:650] gyr saturation
W20250111 19:39:16.034479 1694375 ImuError.cpp:650] gyr saturation
W20250111 19:39:16.034484 1694375 ImuError.cpp:650] gyr saturation
W20250111 19:39:16.034489 1694375 ImuError.cpp:650] gyr saturation
W20250111 19:39:16.034494 1694375 ImuError.cpp:650] gyr saturation
W20250111 19:39:16.034499 1694375 ImuError.cpp:650] gyr saturation
W20250111 19:39:16.034504 1694375 ImuError.cpp:650] gyr saturation
W20250111 19:39:16.034516 1694375 ImuError.cpp:650] gyr saturation
W20250111 19:39:16.034523 1694375 ImuError.cpp:650] gyr saturation
W20250111 19:39:16.034528 1694375 ImuError.cpp:650] gyr saturation
W20250111 19:39:16.034533 1694375 ImuError.cpp:650] gyr saturation
W20250111 19:39:16.034538 1694375 ImuError.cpp:650] gyr saturation
W20250111 19:39:16.034543 1694375 ImuError.cpp:650] gyr saturation
W20250111 19:39:16.034548 1694375 ImuError.cpp:650] gyr saturation
W20250111 19:39:16.034554 1694375 ImuError.cpp:650] gyr saturation
W20250111 19:39:16.034559 1694375 ImuError.cpp:650] gyr saturation
W20250111 19:39:16.034564 1694375 ImuError.cpp:650] gyr saturation
W20250111 19:39:16.034569 1694375 ImuError.cpp:650] gyr saturation
W20250111 19:39:16.034574 1694375 ImuError.cpp:650] gyr saturation
W20250111 19:39:16.034579 1694375 ImuError.cpp:650] gyr saturation
W20250111 19:39:16.034585 1694375 ImuError.cpp:650] gyr saturation
W20250111 19:39:16.034590 1694375 ImuError.cpp:650] gyr saturation
W20250111 19:39:16.034595 1694375 ImuError.cpp:650] gyr saturation
W20250111 19:39:16.034600 1694375 ImuError.cpp:650] gyr saturation
W20250111 19:39:16.034605 1694375 ImuError.cpp:650] gyr saturation
W20250111 19:39:16.035326 1694375 Frontend.cpp:615] 3d2d tracking lost. Number of 3d2d-matches: 0
W20250111 19:39:16.036370 1694375 ImuError.cpp:650] gyr saturation
W20250111 19:39:16.036414 1694375 ImuError.cpp:650] gyr saturation
W20250111 19:39:16.036422 1694375 ImuError.cpp:650] gyr saturation
W20250111 19:39:16.036428 1694375 ImuError.cpp:650] gyr saturation
W20250111 19:39:16.036434 1694375 ImuError.cpp:650] gyr saturation
W20250111 19:39:16.036441 1694375 ImuError.cpp:650] gyr saturation
W20250111 19:39:16.036449 1694375 ImuError.cpp:650] gyr saturation
W20250111 19:39:16.036458 1694375 ImuError.cpp:650] gyr saturation
W20250111 19:39:16.036464 1694375 ImuError.cpp:650] gyr saturation
W20250111 19:39:16.036471 1694375 ImuError.cpp:650] gyr saturation
W20250111 19:39:16.036478 1694375 ImuError.cpp:650] gyr saturation
W20250111 19:39:16.036486 1694375 ImuError.cpp:650] gyr saturation
W20250111 19:39:16.036494 1694375 ImuError.cpp:650] gyr saturation
W20250111 19:39:16.036500 1694375 ImuError.cpp:650] gyr saturation
W20250111 19:39:16.036507 1694375 ImuError.cpp:650] gyr saturation
W20250111 19:39:16.036513 1694375 ImuError.cpp:650] gyr saturation
W20250111 19:39:16.036520 1694375 ImuError.cpp:650] gyr saturation
W20250111 19:39:16.036525 1694375 ImuError.cpp:650] gyr saturation
W20250111 19:39:16.036531 1694375 ImuError.cpp:650] gyr saturation
W20250111 19:39:16.036537 1694375 ImuError.cpp:650] gyr saturation
W20250111 19:39:16.036545 1694375 ImuError.cpp:650] gyr saturation
W20250111 19:39:16.036550 1694375 ImuError.cpp:650] gyr saturation
W20250111 19:39:16.036558 1694375 ImuError.cpp:650] gyr saturation
W20250111 19:39:16.036566 1694375 ImuError.cpp:650] gyr saturation
W20250111 19:39:16.036571 1694375 ImuError.cpp:650] gyr saturation
W20250111 19:39:16.036589 1694375 ImuError.cpp:650] gyr saturation
W20250111 19:39:16.036598 1694375 ImuError.cpp:650] gyr saturation
W20250111 19:39:16.036607 1694375 ImuError.cpp:650] gyr saturation
W20250111 19:39:16.036614 1694375 ImuError.cpp:650] gyr saturation
W20250111 19:39:16.036621 1694375 ImuError.cpp:650] gyr saturation
W20250111 19:39:16.036640 1694375 ImuError.cpp:650] gyr saturation
W20250111 19:39:16.036648 1694375 ImuError.cpp:650] gyr saturation
W20250111 19:39:16.036656 1694375 ImuError.cpp:650] gyr saturation
W20250111 19:39:16.036664 1694375 ImuError.cpp:650] gyr saturation
W20250111 19:39:16.036671 1694375 ImuError.cpp:650] gyr saturation
W20250111 19:39:16.036680 1694375 ImuError.cpp:650] gyr saturation
W20250111 19:39:16.036688 1694375 ImuError.cpp:650] gyr saturation
W20250111 19:39:16.036695 1694375 ImuError.cpp:650] gyr saturation
W20250111 19:39:16.036703 1694375 ImuError.cpp:650] gyr saturation
W20250111 19:39:16.036711 1694375 ImuError.cpp:650] gyr saturation
W20250111 19:39:16.036718 1694375 ImuError.cpp:650] gyr saturation
W20250111 19:39:16.036736 1694375 ImuError.cpp:650] gyr saturation
W20250111 19:39:16.036749 1694375 ImuError.cpp:650] gyr saturation
W20250111 19:39:16.036757 1694375 ImuError.cpp:650] gyr saturation
W20250111 19:39:16.036767 1694375 ImuError.cpp:650] gyr saturation
W20250111 19:39:16.036774 1694375 ImuError.cpp:650] gyr saturation
W20250111 19:39:16.036782 1694375 ImuError.cpp:650] gyr saturation
W20250111 19:39:16.036789 1694375 ImuError.cpp:650] gyr saturation
W20250111 19:39:16.036796 1694375 ImuError.cpp:650] gyr saturation
W20250111 19:39:16.036803 1694375 ImuError.cpp:650] gyr saturation
W20250111 19:39:16.036810 1694375 ImuError.cpp:650] gyr saturation
W20250111 19:39:16.040330 1908825 ImuError.cpp:368] gyr saturation
W20250111 19:39:16.040416 1908825 ImuError.cpp:368] gyr saturation
W20250111 19:39:16.040433 1908825 ImuError.cpp:368] gyr saturation
W20250111 19:39:16.040446 1908825 ImuError.cpp:368] gyr saturation
W20250111 19:39:16.040458 1908825 ImuError.cpp:368] gyr saturation
W20250111 19:39:16.040470 1908825 ImuError.cpp:368] gyr saturation
W20250111 19:39:16.040481 1908825 ImuError.cpp:368] gyr saturation
W20250111 19:39:16.040493 1908825 ImuError.cpp:368] gyr saturation
W20250111 19:39:16.040503 1908825 ImuError.cpp:368] gyr saturation
W20250111 19:39:16.040514 1908825 ImuError.cpp:368] gyr saturation
W20250111 19:39:16.040525 1908825 ImuError.cpp:368] gyr saturation
W20250111 19:39:16.040536 1908825 ImuError.cpp:368] gyr saturation
W20250111 19:39:16.040547 1908825 ImuError.cpp:368] gyr saturation
W20250111 19:39:16.040558 1908825 ImuError.cpp:368] gyr saturation
W20250111 19:39:16.040570 1908825 ImuError.cpp:368] gyr saturation
W20250111 19:39:16.040580 1908825 ImuError.cpp:368] gyr saturation
W20250111 19:39:16.040591 1908825 ImuError.cpp:368] gyr saturation
W20250111 19:39:16.040601 1908825 ImuError.cpp:368] gyr saturation
W20250111 19:39:16.040612 1908825 ImuError.cpp:368] gyr saturation
W20250111 19:39:16.040623 1908825 ImuError.cpp:368] gyr saturation
W20250111 19:39:16.040642 1908825 ImuError.cpp:368] gyr saturation
W20250111 19:39:16.040652 1908825 ImuError.cpp:368] gyr saturation
W20250111 19:39:16.040663 1908825 ImuError.cpp:368] gyr saturation
W20250111 19:39:16.040674 1908825 ImuError.cpp:368] gyr saturation
W20250111 19:39:16.040685 1908825 ImuError.cpp:368] gyr saturation
W20250111 19:39:16.040696 1908825 ImuError.cpp:368] gyr saturation
W20250111 19:39:16.040706 1908825 ImuError.cpp:368] gyr saturation
W20250111 19:39:16.040717 1908825 ImuError.cpp:368] gyr saturation
W20250111 19:39:16.040728 1908825 ImuError.cpp:368] gyr saturation
W20250111 19:39:16.040740 1908825 ImuError.cpp:368] gyr saturation
W20250111 19:39:16.040750 1908825 ImuError.cpp:368] gyr saturation
W20250111 19:39:16.040761 1908825 ImuError.cpp:368] gyr saturation
W20250111 19:39:16.040772 1908825 ImuError.cpp:368] gyr saturation
W20250111 19:39:16.040782 1908825 ImuError.cpp:368] gyr saturation
W20250111 19:39:16.052331 1908825 ViSlamBackend.cpp:466] TRACKING FAILURE: quality=0
W20250111 19:39:16.052821 1908825 ImuError.cpp:165] gyr saturation
W20250111 19:39:16.052836 1908825 ImuError.cpp:165] gyr saturation
W20250111 19:39:16.052848 1908825 ImuError.cpp:165] gyr saturation
W20250111 19:39:16.052858 1908825 ImuError.cpp:165] gyr saturation
W20250111 19:39:16.052871 1908825 ImuError.cpp:165] gyr saturation
W20250111 19:39:16.052882 1908825 ImuError.cpp:165] gyr saturation
W20250111 19:39:16.052893 1908825 ImuError.cpp:165] gyr saturation
W20250111 19:39:16.052903 1908825 ImuError.cpp:165] gyr saturation
W20250111 19:39:16.052915 1908825 ImuError.cpp:165] gyr saturation
W20250111 19:39:16.052927 1908825 ImuError.cpp:165] gyr saturation
W20250111 19:39:16.052937 1908825 ImuError.cpp:165] gyr saturation
W20250111 19:39:16.052948 1908825 ImuError.cpp:165] gyr saturation
W20250111 19:39:16.052958 1908825 ImuError.cpp:165] gyr saturation
W20250111 19:39:16.052970 1908825 ImuError.cpp:165] gyr saturation
W20250111 19:39:16.052982 1908825 ImuError.cpp:165] gyr saturation
W20250111 19:39:16.053153 1908825 ImuError.cpp:165] gyr saturation
W20250111 19:39:16.053176 1908825 ImuError.cpp:165] gyr saturation
W20250111 19:39:16.053190 1908825 ImuError.cpp:165] gyr saturation
W20250111 19:39:16.053202 1908825 ImuError.cpp:165] gyr saturation
W20250111 19:39:16.053212 1908825 ImuError.cpp:165] gyr saturation
W20250111 19:39:16.053225 1908825 ImuError.cpp:165] gyr saturation
W20250111 19:39:16.053237 1908825 ImuError.cpp:165] gyr saturation
W20250111 19:39:16.053249 1908825 ImuError.cpp:165] gyr saturation
W20250111 19:39:16.053260 1908825 ImuError.cpp:165] gyr saturation
W20250111 19:39:16.053272 1908825 ImuError.cpp:165] gyr saturation
W20250111 19:39:16.053283 1908825 ImuError.cpp:165] gyr saturation
W20250111 19:39:16.053295 1908825 ImuError.cpp:165] gyr saturation
W20250111 19:39:16.053306 1908825 ImuError.cpp:165] gyr saturation
W20250111 19:39:16.053318 1908825 ImuError.cpp:165] gyr saturation
W20250111 19:39:16.053329 1908825 ImuError.cpp:165] gyr saturation
W20250111 19:39:16.055624 1694375 ImuError.cpp:650] gyr saturation
W20250111 19:39:16.055680 1694375 ImuError.cpp:650] gyr saturation
W20250111 19:39:16.055687 1694375 ImuError.cpp:650] gyr saturation
W20250111 19:39:16.055692 1694375 ImuError.cpp:650] gyr saturation
W20250111 19:39:16.055697 1694375 ImuError.cpp:650] gyr saturation
W20250111 19:39:16.055701 1694375 ImuError.cpp:650] gyr saturation
W20250111 19:39:16.055706 1694375 ImuError.cpp:650] gyr saturation
W20250111 19:39:16.055711 1694375 ImuError.cpp:650] gyr saturation
W20250111 19:39:16.055716 1694375 ImuError.cpp:650] gyr saturation
W20250111 19:39:16.055719 1694375 ImuError.cpp:650] gyr saturation
W20250111 19:39:16.055725 1694375 ImuError.cpp:650] gyr saturation
W20250111 19:39:16.055732 1694375 ImuError.cpp:650] gyr saturation
W20250111 19:39:16.055738 1694375 ImuError.cpp:650] gyr saturation
W20250111 19:39:16.055743 1694375 ImuError.cpp:650] gyr saturation
W20250111 19:39:16.055750 1694375 ImuError.cpp:650] gyr saturation
W20250111 19:39:16.055755 1694375 ImuError.cpp:650] gyr saturation
W20250111 19:39:16.055761 1694375 ImuError.cpp:650] gyr saturation
W20250111 19:39:16.055766 1694375 ImuError.cpp:650] gyr saturation
W20250111 19:39:16.055825 1694375 ImuError.cpp:650] gyr saturation
W20250111 19:39:16.055833 1694375 ImuError.cpp:650] gyr saturation
W20250111 19:39:16.055840 1694375 ImuError.cpp:650] gyr saturation
W20250111 19:39:16.055845 1694375 ImuError.cpp:650] gyr saturation
W20250111 19:39:16.055850 1694375 ImuError.cpp:650] gyr saturation
W20250111 19:39:16.055855 1694375 ImuError.cpp:650] gyr saturation
W20250111 19:39:16.055861 1694375 ImuError.cpp:650] gyr saturation
W20250111 19:39:16.055866 1694375 ImuError.cpp:650] gyr saturation
W20250111 19:39:16.055871 1694375 ImuError.cpp:650] gyr saturation
W20250111 19:39:16.055877 1694375 ImuError.cpp:650] gyr saturation
W20250111 19:39:16.055882 1694375 ImuError.cpp:650] gyr saturation
W20250111 19:39:16.055888 1694375 ImuError.cpp:650] gyr saturation
W20250111 19:39:16.055894 1694375 ImuError.cpp:650] gyr saturation
W20250111 19:39:16.055908 1694375 ImuError.cpp:650] gyr saturation
W20250111 19:39:16.055915 1694375 ImuError.cpp:650] gyr saturation
W20250111 19:39:16.055922 1694375 ImuError.cpp:650] gyr saturation
W20250111 19:39:16.055928 1694375 ImuError.cpp:650] gyr saturation
W20250111 19:39:16.055933 1694375 ImuError.cpp:650] gyr saturation
W20250111 19:39:16.056481 1694375 Frontend.cpp:615] 3d2d tracking lost. Number of 3d2d-matches: 0
W20250111 19:39:16.057370 1694375 ImuError.cpp:650] gyr saturation
W20250111 19:39:16.057401 1694375 ImuError.cpp:650] gyr saturation
W20250111 19:39:16.057407 1694375 ImuError.cpp:650] gyr saturation
W20250111 19:39:16.057413 1694375 ImuError.cpp:650] gyr saturation
W20250111 19:39:16.057418 1694375 ImuError.cpp:650] gyr saturation
W20250111 19:39:16.057423 1694375 ImuError.cpp:650] gyr saturation
W20250111 19:39:16.057428 1694375 ImuError.cpp:650] gyr saturation
W20250111 19:39:16.057435 1694375 ImuError.cpp:650] gyr saturation
W20250111 19:39:16.057440 1694375 ImuError.cpp:650] gyr saturation
W20250111 19:39:16.057446 1694375 ImuError.cpp:650] gyr saturation
W20250111 19:39:16.057464 1694375 ImuError.cpp:650] gyr saturation
W20250111 19:39:16.057471 1694375 ImuError.cpp:650] gyr saturation
W20250111 19:39:16.057475 1694375 ImuError.cpp:650] gyr saturation
W20250111 19:39:16.057480 1694375 ImuError.cpp:650] gyr saturation
W20250111 19:39:16.057485 1694375 ImuError.cpp:650] gyr saturation
W20250111 19:39:16.057490 1694375 ImuError.cpp:650] gyr saturation
W20250111 19:39:16.057497 1694375 ImuError.cpp:650] gyr saturation
W20250111 19:39:16.057502 1694375 ImuError.cpp:650] gyr saturation
W20250111 19:39:16.058609 1908835 ImuError.cpp:368] gyr saturation
W20250111 19:39:16.058661 1908835 ImuError.cpp:368] gyr saturation
W20250111 19:39:16.058671 1908835 ImuError.cpp:368] gyr saturation
W20250111 19:39:16.058682 1908835 ImuError.cpp:368] gyr saturation
W20250111 19:39:16.058691 1908835 ImuError.cpp:368] gyr saturation
W20250111 19:39:16.058699 1908835 ImuError.cpp:368] gyr saturation
W20250111 19:39:16.058707 1908835 ImuError.cpp:368] gyr saturation
W20250111 19:39:16.058715 1908835 ImuError.cpp:368] gyr saturation
W20250111 19:39:16.058723 1908835 ImuError.cpp:368] gyr saturation
W20250111 19:39:16.058732 1908835 ImuError.cpp:368] gyr saturation
W20250111 19:39:16.058741 1908835 ImuError.cpp:368] gyr saturation
W20250111 19:39:16.058750 1908835 ImuError.cpp:368] gyr saturation
W20250111 19:39:16.058759 1908835 ImuError.cpp:368] gyr saturation
W20250111 19:39:16.058768 1908835 ImuError.cpp:368] gyr saturation
W20250111 19:39:16.058776 1908835 ImuError.cpp:368] gyr saturation
W20250111 19:39:16.058785 1908835 ImuError.cpp:368] gyr saturation
W20250111 19:39:16.058794 1908835 ImuError.cpp:368] gyr saturation
W20250111 19:39:16.058802 1908835 ImuError.cpp:368] gyr saturation
W20250111 19:39:16.065521 1908835 ViSlamBackend.cpp:466] TRACKING FAILURE: quality=0
W20250111 19:39:16.065721 1908835 ImuError.cpp:165] gyr saturation
W20250111 19:39:16.065738 1908835 ImuError.cpp:165] gyr saturation
W20250111 19:39:16.065752 1908835 ImuError.cpp:165] gyr saturation
W20250111 19:39:16.065762 1908835 ImuError.cpp:165] gyr saturation
W20250111 19:39:16.065778 1908835 ImuError.cpp:165] gyr saturation
W20250111 19:39:16.065786 1908835 ImuError.cpp:165] gyr saturation
W20250111 19:39:16.065796 1908835 ImuError.cpp:165] gyr saturation
W20250111 19:39:16.065806 1908835 ImuError.cpp:165] gyr saturation
W20250111 19:39:16.065816 1908835 ImuError.cpp:165] gyr saturation
W20250111 19:39:16.065827 1908835 ImuError.cpp:165] gyr saturation
W20250111 19:39:16.065836 1908835 ImuError.cpp:165] gyr saturation
W20250111 19:39:16.065847 1908835 ImuError.cpp:165] gyr saturation
W20250111 19:39:16.065858 1908835 ImuError.cpp:165] gyr saturation
W20250111 19:39:16.065869 1908835 ImuError.cpp:165] gyr saturation
W20250111 19:39:16.065879 1908835 ImuError.cpp:165] gyr saturation
W20250111 19:39:16.065891 1908835 ImuError.cpp:165] gyr saturation
W20250111 19:39:16.065901 1908835 ImuError.cpp:165] gyr saturation
W20250111 19:39:16.065912 1908835 ImuError.cpp:165] gyr saturation
W20250111 19:39:16.065929 1908835 ImuError.cpp:165] gyr saturation
W20250111 19:39:16.065940 1908835 ImuError.cpp:165] gyr saturation
W20250111 19:39:16.065951 1908835 ImuError.cpp:165] gyr saturation
W20250111 19:39:16.065963 1908835 ImuError.cpp:165] gyr saturation
W20250111 19:39:16.065972 1908835 ImuError.cpp:165] gyr saturation
W20250111 19:39:16.065982 1908835 ImuError.cpp:165] gyr saturation
W20250111 19:39:16.065992 1908835 ImuError.cpp:165] gyr saturation
W20250111 19:39:16.066001 1908835 ImuError.cpp:165] gyr saturation
W20250111 19:39:16.066012 1908835 ImuError.cpp:165] gyr saturation
W20250111 19:39:16.066021 1908835 ImuError.cpp:165] gyr saturation
W20250111 19:39:16.066032 1908835 ImuError.cpp:165] gyr saturation
W20250111 19:39:16.066042 1908835 ImuError.cpp:165] gyr saturation
W20250111 19:39:16.066052 1908835 ImuError.cpp:165] gyr saturation
W20250111 19:39:16.066061 1908835 ImuError.cpp:165] gyr saturation
W20250111 19:39:16.066071 1908835 ImuError.cpp:165] gyr saturation
W20250111 19:39:16.066082 1908835 ImuError.cpp:165] gyr saturation
W20250111 19:39:16.066097 1908835 ImuError.cpp:165] gyr saturation
W20250111 19:39:16.066154 1908835 ImuError.cpp:165] gyr saturation
W20250111 19:39:16.066164 1908835 ImuError.cpp:165] gyr saturation
W20250111 19:39:16.066174 1908835 ImuError.cpp:165] gyr saturation
W20250111 19:39:16.066185 1908835 ImuError.cpp:165] gyr saturation
W20250111 19:39:16.066195 1908835 ImuError.cpp:165] gyr saturation
W20250111 19:39:16.066205 1908835 ImuError.cpp:165] gyr saturation
W20250111 19:39:16.066215 1908835 ImuError.cpp:165] gyr saturation
W20250111 19:39:16.066226 1908835 ImuError.cpp:165] gyr saturation
W20250111 19:39:16.066234 1908835 ImuError.cpp:165] gyr saturation
W20250111 19:39:16.066246 1908835 ImuError.cpp:165] gyr saturation
W20250111 19:39:16.066255 1908835 ImuError.cpp:165] gyr saturation
W20250111 19:39:16.066264 1908835 ImuError.cpp:165] gyr saturation
W20250111 19:39:16.066275 1908835 ImuError.cpp:165] gyr saturation
W20250111 19:39:16.066283 1908835 ImuError.cpp:165] gyr saturation
W20250111 19:39:16.066294 1908835 ImuError.cpp:165] gyr saturation
W20250111 19:39:16.066304 1908835 ImuError.cpp:165] gyr saturation
W20250111 19:39:16.066313 1908835 ImuError.cpp:165] gyr saturation
W20250111 19:39:16.066323 1908835 ImuError.cpp:165] gyr saturation
W20250111 19:39:16.066334 1908835 ImuError.cpp:165] gyr saturation
W20250111 19:39:16.066344 1908835 ImuError.cpp:165] gyr saturation
W20250111 19:39:16.066354 1908835 ImuError.cpp:165] gyr saturation
W20250111 19:39:16.066363 1908835 ImuError.cpp:165] gyr saturation
W20250111 19:39:16.066372 1908835 ImuError.cpp:165] gyr saturation
W20250111 19:39:16.066382 1908835 ImuError.cpp:165] gyr saturation
W20250111 19:39:16.066391 1908835 ImuError.cpp:165] gyr saturation
W20250111 19:39:16.066401 1908835 ImuError.cpp:165] gyr saturation
W20250111 19:39:16.066411 1908835 ImuError.cpp:165] gyr saturation
W20250111 19:39:16.066421 1908835 ImuError.cpp:165] gyr saturation
W20250111 19:39:16.066430 1908835 ImuError.cpp:165] gyr saturation
W20250111 19:39:16.066439 1908835 ImuError.cpp:165] gyr saturation
W20250111 19:39:16.066449 1908835 ImuError.cpp:165] gyr saturation
W20250111 19:39:16.066459 1908835 ImuError.cpp:165] gyr saturation
W20250111 19:39:16.066471 1908835 ImuError.cpp:165] gyr saturation
W20250111 19:39:16.066485 1908835 ImuError.cpp:165] gyr saturation
W20250111 19:39:16.066495 1908835 ImuError.cpp:165] gyr saturation
W20250111 19:39:16.068540 1694375 Frontend.cpp:615] 3d2d tracking lost. Number of 3d2d-matches: 0
W20250111 19:39:16.078052 1908853 ViSlamBackend.cpp:466] TRACKING FAILURE: quality=0
W20250111 19:39:16.078258 1908853 ImuError.cpp:165] gyr saturation
W20250111 19:39:16.078274 1908853 ImuError.cpp:165] gyr saturation
W20250111 19:39:16.078284 1908853 ImuError.cpp:165] gyr saturation
W20250111 19:39:16.078294 1908853 ImuError.cpp:165] gyr saturation
W20250111 19:39:16.078302 1908853 ImuError.cpp:165] gyr saturation
W20250111 19:39:16.078311 1908853 ImuError.cpp:165] gyr saturation
W20250111 19:39:16.078325 1908853 ImuError.cpp:165] gyr saturation
W20250111 19:39:16.078334 1908853 ImuError.cpp:165] gyr saturation
W20250111 19:39:16.078346 1908853 ImuError.cpp:165] gyr saturation
W20250111 19:39:16.078356 1908853 ImuError.cpp:165] gyr saturation
W20250111 19:39:16.078366 1908853 ImuError.cpp:165] gyr saturation
W20250111 19:39:16.078374 1908853 ImuError.cpp:165] gyr saturation
W20250111 19:39:16.078384 1908853 ImuError.cpp:165] gyr saturation
W20250111 19:39:16.078394 1908853 ImuError.cpp:165] gyr saturation
W20250111 19:39:16.078405 1908853 ImuError.cpp:165] gyr saturation
W20250111 19:39:16.078414 1908853 ImuError.cpp:165] gyr saturation
W20250111 19:39:16.078424 1908853 ImuError.cpp:165] gyr saturation
W20250111 19:39:16.078433 1908853 ImuError.cpp:165] gyr saturation
W20250111 19:39:16.078442 1908853 ImuError.cpp:165] gyr saturation
W20250111 19:39:16.078452 1908853 ImuError.cpp:165] gyr saturation
W20250111 19:39:16.078462 1908853 ImuError.cpp:165] gyr saturation
W20250111 19:39:16.078470 1908853 ImuError.cpp:165] gyr saturation
W20250111 19:39:16.078483 1908853 ImuError.cpp:165] gyr saturation
W20250111 19:39:16.078492 1908853 ImuError.cpp:165] gyr saturation
W20250111 19:39:16.078500 1908853 ImuError.cpp:165] gyr saturation
W20250111 19:39:16.078510 1908853 ImuError.cpp:165] gyr saturation
W20250111 19:39:16.078518 1908853 ImuError.cpp:165] gyr saturation
W20250111 19:39:16.078526 1908853 ImuError.cpp:165] gyr saturation
W20250111 19:39:16.078536 1908853 ImuError.cpp:165] gyr saturation
W20250111 19:39:16.078543 1908853 ImuError.cpp:165] gyr saturation
W20250111 19:39:16.078552 1908853 ImuError.cpp:165] gyr saturation
W20250111 19:39:16.078560 1908853 ImuError.cpp:165] gyr saturation
W20250111 19:39:16.078568 1908853 ImuError.cpp:165] gyr saturation
W20250111 19:39:16.078577 1908853 ImuError.cpp:165] gyr saturation
W20250111 19:39:16.078624 1908853 ImuError.cpp:165] gyr saturation
W20250111 19:39:16.078637 1908853 ImuError.cpp:165] gyr saturation
W20250111 19:39:16.078644 1908853 ImuError.cpp:165] gyr saturation
W20250111 19:39:16.078652 1908853 ImuError.cpp:165] gyr saturation
W20250111 19:39:16.078660 1908853 ImuError.cpp:165] gyr saturation
W20250111 19:39:16.078667 1908853 ImuError.cpp:165] gyr saturation
W20250111 19:39:16.078675 1908853 ImuError.cpp:165] gyr saturation
W20250111 19:39:16.078682 1908853 ImuError.cpp:165] gyr saturation
W20250111 19:39:16.078689 1908853 ImuError.cpp:165] gyr saturation
W20250111 19:39:16.078697 1908853 ImuError.cpp:165] gyr saturation
W20250111 19:39:16.078706 1908853 ImuError.cpp:165] gyr saturation
W20250111 19:39:16.078714 1908853 ImuError.cpp:165] gyr saturation
W20250111 19:39:16.078724 1908853 ImuError.cpp:165] gyr saturation
W20250111 19:39:16.078732 1908853 ImuError.cpp:165] gyr saturation
W20250111 19:39:16.078742 1908853 ImuError.cpp:165] gyr saturation
W20250111 19:39:16.078750 1908853 ImuError.cpp:165] gyr saturation
W20250111 19:39:16.078760 1908853 ImuError.cpp:165] gyr saturation
W20250111 19:39:16.078768 1908853 ImuError.cpp:165] gyr saturation
W20250111 19:39:16.078776 1908853 ImuError.cpp:165] gyr saturation
W20250111 19:39:16.078783 1908853 ImuError.cpp:165] gyr saturation
W20250111 19:39:16.078792 1908853 ImuError.cpp:165] gyr saturation
W20250111 19:39:16.078800 1908853 ImuError.cpp:165] gyr saturation
W20250111 19:39:16.078809 1908853 ImuError.cpp:165] gyr saturation
W20250111 19:39:16.078819 1908853 ImuError.cpp:165] gyr saturation
W20250111 19:39:16.078826 1908853 ImuError.cpp:165] gyr saturation
W20250111 19:39:16.078835 1908853 ImuError.cpp:165] gyr saturation
W20250111 19:39:16.078842 1908853 ImuError.cpp:165] gyr saturation
W20250111 19:39:16.078851 1908853 ImuError.cpp:165] gyr saturation
W20250111 19:39:16.078859 1908853 ImuError.cpp:165] gyr saturation
W20250111 19:39:16.078868 1908853 ImuError.cpp:165] gyr saturation
W20250111 19:39:16.078876 1908853 ImuError.cpp:165] gyr saturation
W20250111 19:39:16.078884 1908853 ImuError.cpp:165] gyr saturation
W20250111 19:39:16.078892 1908853 ImuError.cpp:165] gyr saturation
W20250111 19:39:16.078902 1908853 ImuError.cpp:165] gyr saturation
W20250111 19:39:16.081236 1694375 Frontend.cpp:615] 3d2d tracking lost. Number of 3d2d-matches: 1
W20250111 19:39:16.094841 1908879 ImuError.cpp:165] gyr saturation
W20250111 19:39:16.094933 1908879 ImuError.cpp:165] gyr saturation
W20250111 19:39:16.094947 1908879 ImuError.cpp:165] gyr saturation
W20250111 19:39:16.094961 1908879 ImuError.cpp:165] gyr saturation
W20250111 19:39:16.094972 1908879 ImuError.cpp:165] gyr saturation
W20250111 19:39:16.094985 1908879 ImuError.cpp:165] gyr saturation
W20250111 19:39:16.094995 1908879 ImuError.cpp:165] gyr saturation
W20250111 19:39:16.095007 1908879 ImuError.cpp:165] gyr saturation
W20250111 19:39:16.095018 1908879 ImuError.cpp:165] gyr saturation
W20250111 19:39:16.095031 1908879 ImuError.cpp:165] gyr saturation
W20250111 19:39:16.095041 1908879 ImuError.cpp:165] gyr saturation
W20250111 19:39:16.095052 1908879 ImuError.cpp:165] gyr saturation
W20250111 19:39:16.095063 1908879 ImuError.cpp:165] gyr saturation
W20250111 19:39:16.095073 1908879 ImuError.cpp:165] gyr saturation
W20250111 19:39:16.095099 1908879 ImuError.cpp:165] gyr saturation
W20250111 19:39:16.095113 1908879 ImuError.cpp:165] gyr saturation
W20250111 19:39:16.095124 1908879 ImuError.cpp:165] gyr saturation
W20250111 19:39:16.095134 1908879 ImuError.cpp:165] gyr saturation
W20250111 19:39:16.095283 1908879 ImuError.cpp:165] gyr saturation
W20250111 19:39:16.095297 1908879 ImuError.cpp:165] gyr saturation
W20250111 19:39:16.095309 1908879 ImuError.cpp:165] gyr saturation
W20250111 19:39:16.095319 1908879 ImuError.cpp:165] gyr saturation
W20250111 19:39:16.095330 1908879 ImuError.cpp:165] gyr saturation
W20250111 19:39:16.095341 1908879 ImuError.cpp:165] gyr saturation
W20250111 19:39:16.095353 1908879 ImuError.cpp:165] gyr saturation
W20250111 19:39:16.095363 1908879 ImuError.cpp:165] gyr saturation
W20250111 19:39:16.095374 1908879 ImuError.cpp:165] gyr saturation
W20250111 19:39:16.095386 1908879 ImuError.cpp:165] gyr saturation
W20250111 19:39:16.095396 1908879 ImuError.cpp:165] gyr saturation
W20250111 19:39:16.095407 1908879 ImuError.cpp:165] gyr saturation
W20250111 19:39:16.095418 1908879 ImuError.cpp:165] gyr saturation
W20250111 19:39:16.095429 1908879 ImuError.cpp:165] gyr saturation
W20250111 19:39:16.095440 1908879 ImuError.cpp:165] gyr saturation
W20250111 19:39:16.095450 1908879 ImuError.cpp:165] gyr saturation
W20250111 19:39:16.095461 1908879 ImuError.cpp:165] gyr saturation
W20250111 19:39:16.095472 1908879 ImuError.cpp:165] gyr saturation
I20250111 19:39:16.097967 1694375 Frontend.cpp:2274] RANSAC FAIL: 14 inliers, ratio = 0.608696
I20250111 19:39:16.162150 1694375 Frontend.cpp:2274] RANSAC FAIL: 24 inliers, ratio = 0.666667
I20250111 19:39:16.205168 1694375 Frontend.cpp:2274] RANSAC FAIL: 39 inliers, ratio = 0.696429
I20250111 19:39:16.899281 1694375 okvis_app_synchronous.cpp:210] OKVIS Timing
-----------
1 DetectAndDescribe                	   3511	00:00:06.729100	(00:00:00.001917 +- 00:00:00.000405)	[00:00:00.000922,00:00:00.004225]
2 Match                            	   3511	00:00:22.866343	(00:00:00.006513 +- 00:00:00.002545)	[00:00:00.000194,00:00:00.017610]
2.01 match to map                  	   3510	00:00:16.491565	(00:00:00.004698 +- 00:00:00.002154)	[00:00:00.000047,00:00:00.014422]
2.02 match motion stereo           	   3510	00:00:04.512611	(00:00:00.001286 +- 00:00:00.000442)	[00:00:00.000047,00:00:00.005286]
2.02.1 match motion stereo: prepare	   3510	00:00:01.017317	(00:00:00.000290 +- 00:00:00.000117)	[00:00:00.000001,00:00:00.001300]
2.10 match stereo                  	    945	00:00:00.034839	(00:00:00.000037 +- 00:00:00.000044)	[00:00:00.000001,00:00:00.000370]
3 Optimise                         	   3510	00:00:52.433042	(00:00:00.014938 +- 00:00:00.005825)	[00:00:00.001096,00:00:00.034739]
4 Prepare publishing               	   3510	00:00:02.846815	(00:00:00.000811 +- 00:00:00.000323)	[00:00:00.000031,00:00:00.003110]
6 Visualising                      	   3510	00:00:00.000845	(00:00:00.000000 +- 00:00:00.000000)	[00:00:00.000000,00:00:00.000009]
7 Marginalise                      	   3510	00:00:06.096850	(00:00:00.001737 +- 00:00:00.000728)	[00:00:00.000003,00:00:00.007842]
7.1 check/handle lost              	   3510	00:00:00.103408	(00:00:00.000029 +- 00:00:00.000019)	[00:00:00.000000,00:00:00.000243]
7.2 eliminate IMU frames           	   3510	00:00:02.692763	(00:00:00.000767 +- 00:00:00.000551)	[00:00:00.000000,00:00:00.002428]
7.3 convert to posegraph           	   1123	00:00:00.922339	(00:00:00.000821 +- 00:00:00.000495)	[00:00:00.000104,00:00:00.005075]
7.4 freezing                       	   3509	00:00:00.003844	(00:00:00.000001 +- 00:00:00.000002)	[00:00:00.000000,00:00:00.000015]
7.6 expand                         	   3469	00:00:00.760749	(00:00:00.000219 +- 00:00:00.000117)	[00:00:00.000022,00:00:00.002037]
7.7 prune place recognition frames 	   3509	00:00:00.772309	(00:00:00.000220 +- 00:00:00.000112)	[00:00:00.000002,00:00:00.000844]
I20250111 19:39:16.899394 1694375 okvis_app_synchronous.cpp:219] Progress: 65% (1 [1%/s], ETA: 35s)
W20250111 19:39:17.054301 1694375 ImuError.cpp:650] gyr saturation
W20250111 19:39:17.070326 1694375 ImuError.cpp:650] gyr saturation
W20250111 19:39:17.070556 1694375 ImuError.cpp:650] gyr saturation
W20250111 19:39:17.074707 1694375 ImuError.cpp:368] gyr saturation
W20250111 19:39:17.080191 1694375 ImuError.cpp:650] gyr saturation
W20250111 19:39:17.080246 1694375 ImuError.cpp:650] gyr saturation
W20250111 19:39:17.080255 1694375 ImuError.cpp:650] gyr saturation
W20250111 19:39:17.080263 1694375 ImuError.cpp:650] gyr saturation
W20250111 19:39:17.080269 1694375 ImuError.cpp:650] gyr saturation
W20250111 19:39:17.080274 1694375 ImuError.cpp:650] gyr saturation
W20250111 19:39:17.080286 1694375 ImuError.cpp:650] gyr saturation
W20250111 19:39:17.080291 1694375 ImuError.cpp:650] gyr saturation
W20250111 19:39:17.080297 1694375 ImuError.cpp:650] gyr saturation
W20250111 19:39:17.080302 1694375 ImuError.cpp:650] gyr saturation
W20250111 19:39:17.080307 1694375 ImuError.cpp:650] gyr saturation
W20250111 19:39:17.080313 1694375 ImuError.cpp:650] gyr saturation
W20250111 19:39:17.080320 1694375 ImuError.cpp:650] gyr saturation
W20250111 19:39:17.080327 1694375 ImuError.cpp:650] gyr saturation
W20250111 19:39:17.080332 1694375 ImuError.cpp:650] gyr saturation
W20250111 19:39:17.080338 1694375 ImuError.cpp:650] gyr saturation
W20250111 19:39:17.080343 1694375 ImuError.cpp:650] gyr saturation
W20250111 19:39:17.080349 1694375 ImuError.cpp:650] gyr saturation
W20250111 19:39:17.080354 1694375 ImuError.cpp:650] gyr saturation
W20250111 19:39:17.080374 1694375 ImuError.cpp:650] gyr saturation
W20250111 19:39:17.080380 1694375 ImuError.cpp:650] gyr saturation
W20250111 19:39:17.080387 1694375 ImuError.cpp:650] gyr saturation
W20250111 19:39:17.080394 1694375 ImuError.cpp:650] gyr saturation
W20250111 19:39:17.080399 1694375 ImuError.cpp:650] gyr saturation
W20250111 19:39:17.080405 1694375 ImuError.cpp:650] gyr saturation
W20250111 19:39:17.080411 1694375 ImuError.cpp:650] gyr saturation
W20250111 19:39:17.080417 1694375 ImuError.cpp:650] gyr saturation
W20250111 19:39:17.080425 1694375 ImuError.cpp:650] gyr saturation
W20250111 19:39:17.080430 1694375 ImuError.cpp:650] gyr saturation
W20250111 19:39:17.080438 1694375 ImuError.cpp:650] gyr saturation
W20250111 19:39:17.080444 1694375 ImuError.cpp:650] gyr saturation
W20250111 19:39:17.080451 1694375 ImuError.cpp:650] gyr saturation
W20250111 19:39:17.080456 1694375 ImuError.cpp:650] gyr saturation
W20250111 19:39:17.080463 1694375 ImuError.cpp:650] gyr saturation
W20250111 19:39:17.080469 1694375 ImuError.cpp:650] gyr saturation
W20250111 19:39:17.098264 1694375 ImuError.cpp:650] gyr saturation
W20250111 19:39:17.098340 1694375 ImuError.cpp:650] gyr saturation
W20250111 19:39:17.098345 1694375 ImuError.cpp:650] gyr saturation
W20250111 19:39:17.098352 1694375 ImuError.cpp:650] gyr saturation
W20250111 19:39:17.098357 1694375 ImuError.cpp:650] gyr saturation
W20250111 19:39:17.098362 1694375 ImuError.cpp:650] gyr saturation
W20250111 19:39:17.098368 1694375 ImuError.cpp:650] gyr saturation
W20250111 19:39:17.098373 1694375 ImuError.cpp:650] gyr saturation
W20250111 19:39:17.098379 1694375 ImuError.cpp:650] gyr saturation
W20250111 19:39:17.098385 1694375 ImuError.cpp:650] gyr saturation
W20250111 19:39:17.098390 1694375 ImuError.cpp:650] gyr saturation
W20250111 19:39:17.098397 1694375 ImuError.cpp:650] gyr saturation
W20250111 19:39:17.098402 1694375 ImuError.cpp:650] gyr saturation
W20250111 19:39:17.098408 1694375 ImuError.cpp:650] gyr saturation
W20250111 19:39:17.098413 1694375 ImuError.cpp:650] gyr saturation
W20250111 19:39:17.098419 1694375 ImuError.cpp:650] gyr saturation
W20250111 19:39:17.098424 1694375 ImuError.cpp:650] gyr saturation
W20250111 19:39:17.098429 1694375 ImuError.cpp:650] gyr saturation
W20250111 19:39:17.098436 1694375 ImuError.cpp:650] gyr saturation
W20250111 19:39:17.098443 1694375 ImuError.cpp:650] gyr saturation
W20250111 19:39:17.098448 1694375 ImuError.cpp:650] gyr saturation
W20250111 19:39:17.098453 1694375 ImuError.cpp:650] gyr saturation
W20250111 19:39:17.098459 1694375 ImuError.cpp:650] gyr saturation
W20250111 19:39:17.098477 1694375 ImuError.cpp:650] gyr saturation
W20250111 19:39:17.098484 1694375 ImuError.cpp:650] gyr saturation
W20250111 19:39:17.098490 1694375 ImuError.cpp:650] gyr saturation
W20250111 19:39:17.098495 1694375 ImuError.cpp:650] gyr saturation
W20250111 19:39:17.098502 1694375 ImuError.cpp:650] gyr saturation
W20250111 19:39:17.098508 1694375 ImuError.cpp:650] gyr saturation
W20250111 19:39:17.098513 1694375 ImuError.cpp:650] gyr saturation
W20250111 19:39:17.098520 1694375 ImuError.cpp:650] gyr saturation
W20250111 19:39:17.098526 1694375 ImuError.cpp:650] gyr saturation
W20250111 19:39:17.098529 1694375 ImuError.cpp:650] gyr saturation
W20250111 19:39:17.098536 1694375 ImuError.cpp:650] gyr saturation
W20250111 19:39:17.098541 1694375 ImuError.cpp:650] gyr saturation
W20250111 19:39:17.098672 1694375 ImuError.cpp:650] gyr saturation
W20250111 19:39:17.098680 1694375 ImuError.cpp:650] gyr saturation
W20250111 19:39:17.098687 1694375 ImuError.cpp:650] gyr saturation
W20250111 19:39:17.098693 1694375 ImuError.cpp:650] gyr saturation
W20250111 19:39:17.098699 1694375 ImuError.cpp:650] gyr saturation
W20250111 19:39:17.098706 1694375 ImuError.cpp:650] gyr saturation
W20250111 19:39:17.098711 1694375 ImuError.cpp:650] gyr saturation
W20250111 19:39:17.098717 1694375 ImuError.cpp:650] gyr saturation
W20250111 19:39:17.098723 1694375 ImuError.cpp:650] gyr saturation
W20250111 19:39:17.098729 1694375 ImuError.cpp:650] gyr saturation
W20250111 19:39:17.098737 1694375 ImuError.cpp:650] gyr saturation
W20250111 19:39:17.098743 1694375 ImuError.cpp:650] gyr saturation
W20250111 19:39:17.098749 1694375 ImuError.cpp:650] gyr saturation
W20250111 19:39:17.098755 1694375 ImuError.cpp:650] gyr saturation
W20250111 19:39:17.098762 1694375 ImuError.cpp:650] gyr saturation
W20250111 19:39:17.098767 1694375 ImuError.cpp:650] gyr saturation
W20250111 19:39:17.098773 1694375 ImuError.cpp:650] gyr saturation
W20250111 19:39:17.098778 1694375 ImuError.cpp:650] gyr saturation
W20250111 19:39:17.098783 1694375 ImuError.cpp:650] gyr saturation
W20250111 19:39:17.098789 1694375 ImuError.cpp:650] gyr saturation
W20250111 19:39:17.098795 1694375 ImuError.cpp:650] gyr saturation
W20250111 19:39:17.098801 1694375 ImuError.cpp:650] gyr saturation
W20250111 19:39:17.098806 1694375 ImuError.cpp:650] gyr saturation
W20250111 19:39:17.098811 1694375 ImuError.cpp:650] gyr saturation
W20250111 19:39:17.098817 1694375 ImuError.cpp:650] gyr saturation
W20250111 19:39:17.098824 1694375 ImuError.cpp:650] gyr saturation
W20250111 19:39:17.098829 1694375 ImuError.cpp:650] gyr saturation
W20250111 19:39:17.098835 1694375 ImuError.cpp:650] gyr saturation
W20250111 19:39:17.098841 1694375 ImuError.cpp:650] gyr saturation
W20250111 19:39:17.098847 1694375 ImuError.cpp:650] gyr saturation
W20250111 19:39:17.098853 1694375 ImuError.cpp:650] gyr saturation
W20250111 19:39:17.098860 1694375 ImuError.cpp:650] gyr saturation
W20250111 19:39:17.098865 1694375 ImuError.cpp:650] gyr saturation
W20250111 19:39:17.098871 1694375 ImuError.cpp:650] gyr saturation
W20250111 19:39:17.098876 1694375 ImuError.cpp:650] gyr saturation
W20250111 19:39:17.102036 1694375 ImuError.cpp:368] gyr saturation
W20250111 19:39:17.102106 1694375 ImuError.cpp:368] gyr saturation
W20250111 19:39:17.102121 1694375 ImuError.cpp:368] gyr saturation
W20250111 19:39:17.102133 1694375 ImuError.cpp:368] gyr saturation
W20250111 19:39:17.102144 1694375 ImuError.cpp:368] gyr saturation
W20250111 19:39:17.102154 1694375 ImuError.cpp:368] gyr saturation
W20250111 19:39:17.102164 1694375 ImuError.cpp:368] gyr saturation
W20250111 19:39:17.102176 1694375 ImuError.cpp:368] gyr saturation
W20250111 19:39:17.102187 1694375 ImuError.cpp:368] gyr saturation
W20250111 19:39:17.102198 1694375 ImuError.cpp:368] gyr saturation
W20250111 19:39:17.102208 1694375 ImuError.cpp:368] gyr saturation
W20250111 19:39:17.102219 1694375 ImuError.cpp:368] gyr saturation
W20250111 19:39:17.102231 1694375 ImuError.cpp:368] gyr saturation
W20250111 19:39:17.102241 1694375 ImuError.cpp:368] gyr saturation
W20250111 19:39:17.102263 1694375 ImuError.cpp:368] gyr saturation
W20250111 19:39:17.102275 1694375 ImuError.cpp:368] gyr saturation
W20250111 19:39:17.102286 1694375 ImuError.cpp:368] gyr saturation
W20250111 19:39:17.102298 1694375 ImuError.cpp:368] gyr saturation
W20250111 19:39:17.102308 1694375 ImuError.cpp:368] gyr saturation
W20250111 19:39:17.102319 1694375 ImuError.cpp:368] gyr saturation
W20250111 19:39:17.102329 1694375 ImuError.cpp:368] gyr saturation
W20250111 19:39:17.102340 1694375 ImuError.cpp:368] gyr saturation
W20250111 19:39:17.102351 1694375 ImuError.cpp:368] gyr saturation
W20250111 19:39:17.102362 1694375 ImuError.cpp:368] gyr saturation
W20250111 19:39:17.102373 1694375 ImuError.cpp:368] gyr saturation
W20250111 19:39:17.102384 1694375 ImuError.cpp:368] gyr saturation
W20250111 19:39:17.102396 1694375 ImuError.cpp:368] gyr saturation
W20250111 19:39:17.102406 1694375 ImuError.cpp:368] gyr saturation
W20250111 19:39:17.102416 1694375 ImuError.cpp:368] gyr saturation
W20250111 19:39:17.102427 1694375 ImuError.cpp:368] gyr saturation
W20250111 19:39:17.102437 1694375 ImuError.cpp:368] gyr saturation
W20250111 19:39:17.102449 1694375 ImuError.cpp:368] gyr saturation
W20250111 19:39:17.102460 1694375 ImuError.cpp:368] gyr saturation
W20250111 19:39:17.102470 1694375 ImuError.cpp:368] gyr saturation
W20250111 19:39:17.102481 1694375 ImuError.cpp:368] gyr saturation
W20250111 19:39:17.106225 1694375 Frontend.cpp:612] 3d2d tracking weak: quality=0. Number of 3d2d-matches: 4
W20250111 19:39:17.107795 1694375 ImuError.cpp:650] gyr saturation
W20250111 19:39:17.107841 1694375 ImuError.cpp:650] gyr saturation
W20250111 19:39:17.107849 1694375 ImuError.cpp:650] gyr saturation
W20250111 19:39:17.107856 1694375 ImuError.cpp:650] gyr saturation
W20250111 19:39:17.107861 1694375 ImuError.cpp:650] gyr saturation
W20250111 19:39:17.107867 1694375 ImuError.cpp:650] gyr saturation
W20250111 19:39:17.107872 1694375 ImuError.cpp:650] gyr saturation
W20250111 19:39:17.107877 1694375 ImuError.cpp:650] gyr saturation
W20250111 19:39:17.107883 1694375 ImuError.cpp:650] gyr saturation
W20250111 19:39:17.107888 1694375 ImuError.cpp:650] gyr saturation
W20250111 19:39:17.107893 1694375 ImuError.cpp:650] gyr saturation
W20250111 19:39:17.107898 1694375 ImuError.cpp:650] gyr saturation
W20250111 19:39:17.107903 1694375 ImuError.cpp:650] gyr saturation
W20250111 19:39:17.107911 1694375 ImuError.cpp:650] gyr saturation
W20250111 19:39:17.107916 1694375 ImuError.cpp:650] gyr saturation
W20250111 19:39:17.107923 1694375 ImuError.cpp:650] gyr saturation
W20250111 19:39:17.107928 1694375 ImuError.cpp:650] gyr saturation
W20250111 19:39:17.107934 1694375 ImuError.cpp:650] gyr saturation
W20250111 19:39:17.107939 1694375 ImuError.cpp:650] gyr saturation
W20250111 19:39:17.107945 1694375 ImuError.cpp:650] gyr saturation
W20250111 19:39:17.107951 1694375 ImuError.cpp:650] gyr saturation
W20250111 19:39:17.107956 1694375 ImuError.cpp:650] gyr saturation
W20250111 19:39:17.107962 1694375 ImuError.cpp:650] gyr saturation
W20250111 19:39:17.107967 1694375 ImuError.cpp:650] gyr saturation
W20250111 19:39:17.107973 1694375 ImuError.cpp:650] gyr saturation
W20250111 19:39:17.107980 1694375 ImuError.cpp:650] gyr saturation
W20250111 19:39:17.107985 1694375 ImuError.cpp:650] gyr saturation
W20250111 19:39:17.107991 1694375 ImuError.cpp:650] gyr saturation
W20250111 19:39:17.107996 1694375 ImuError.cpp:650] gyr saturation
W20250111 19:39:17.108002 1694375 ImuError.cpp:650] gyr saturation
W20250111 19:39:17.108009 1694375 ImuError.cpp:650] gyr saturation
W20250111 19:39:17.108016 1694375 ImuError.cpp:650] gyr saturation
W20250111 19:39:17.108021 1694375 ImuError.cpp:650] gyr saturation
W20250111 19:39:17.108026 1694375 ImuError.cpp:650] gyr saturation
W20250111 19:39:17.108032 1694375 ImuError.cpp:650] gyr saturation
W20250111 19:39:17.108037 1694375 ImuError.cpp:650] gyr saturation
W20250111 19:39:17.108043 1694375 ImuError.cpp:650] gyr saturation
W20250111 19:39:17.108048 1694375 ImuError.cpp:650] gyr saturation
W20250111 19:39:17.108065 1694375 ImuError.cpp:650] gyr saturation
W20250111 19:39:17.108071 1694375 ImuError.cpp:650] gyr saturation
W20250111 19:39:17.108078 1694375 ImuError.cpp:650] gyr saturation
W20250111 19:39:17.108084 1694375 ImuError.cpp:650] gyr saturation
W20250111 19:39:17.108090 1694375 ImuError.cpp:650] gyr saturation
W20250111 19:39:17.108095 1694375 ImuError.cpp:650] gyr saturation
W20250111 19:39:17.108101 1694375 ImuError.cpp:650] gyr saturation
W20250111 19:39:17.108108 1694375 ImuError.cpp:650] gyr saturation
W20250111 19:39:17.108114 1694375 ImuError.cpp:650] gyr saturation
W20250111 19:39:17.108119 1694375 ImuError.cpp:650] gyr saturation
W20250111 19:39:17.108126 1694375 ImuError.cpp:650] gyr saturation
W20250111 19:39:17.108131 1694375 ImuError.cpp:650] gyr saturation
W20250111 19:39:17.108137 1694375 ImuError.cpp:650] gyr saturation
W20250111 19:39:17.108144 1694375 ImuError.cpp:650] gyr saturation
W20250111 19:39:17.108150 1694375 ImuError.cpp:650] gyr saturation
W20250111 19:39:17.108155 1694375 ImuError.cpp:650] gyr saturation
W20250111 19:39:17.108161 1694375 ImuError.cpp:650] gyr saturation
W20250111 19:39:17.108167 1694375 ImuError.cpp:650] gyr saturation
W20250111 19:39:17.108175 1694375 ImuError.cpp:650] gyr saturation
W20250111 19:39:17.108179 1694375 ImuError.cpp:650] gyr saturation
W20250111 19:39:17.108186 1694375 ImuError.cpp:650] gyr saturation
W20250111 19:39:17.108191 1694375 ImuError.cpp:650] gyr saturation
W20250111 19:39:17.108196 1694375 ImuError.cpp:650] gyr saturation
W20250111 19:39:17.108203 1694375 ImuError.cpp:650] gyr saturation
W20250111 19:39:17.108211 1694375 ImuError.cpp:650] gyr saturation
W20250111 19:39:17.108217 1694375 ImuError.cpp:650] gyr saturation
W20250111 19:39:17.108222 1694375 ImuError.cpp:650] gyr saturation
W20250111 19:39:17.108227 1694375 ImuError.cpp:650] gyr saturation
W20250111 19:39:17.108232 1694375 ImuError.cpp:650] gyr saturation
W20250111 19:39:17.108238 1694375 ImuError.cpp:650] gyr saturation
W20250111 19:39:17.112741 1910957 ViSlamBackend.cpp:466] TRACKING FAILURE: quality=0
W20250111 19:39:17.113843 1694375 ImuError.cpp:650] gyr saturation
W20250111 19:39:17.113891 1694375 ImuError.cpp:650] gyr saturation
W20250111 19:39:17.113898 1694375 ImuError.cpp:650] gyr saturation
W20250111 19:39:17.113902 1694375 ImuError.cpp:650] gyr saturation
W20250111 19:39:17.113909 1694375 ImuError.cpp:650] gyr saturation
W20250111 19:39:17.113914 1694375 ImuError.cpp:650] gyr saturation
W20250111 19:39:17.113921 1694375 ImuError.cpp:650] gyr saturation
W20250111 19:39:17.113926 1694375 ImuError.cpp:650] gyr saturation
W20250111 19:39:17.113931 1694375 ImuError.cpp:650] gyr saturation
W20250111 19:39:17.113937 1694375 ImuError.cpp:650] gyr saturation
W20250111 19:39:17.113942 1694375 ImuError.cpp:650] gyr saturation
W20250111 19:39:17.113948 1694375 ImuError.cpp:650] gyr saturation
W20250111 19:39:17.113953 1694375 ImuError.cpp:650] gyr saturation
W20250111 19:39:17.113960 1694375 ImuError.cpp:650] gyr saturation
W20250111 19:39:17.113965 1694375 ImuError.cpp:650] gyr saturation
W20250111 19:39:17.113970 1694375 ImuError.cpp:650] gyr saturation
W20250111 19:39:17.113977 1694375 ImuError.cpp:650] gyr saturation
W20250111 19:39:17.113983 1694375 ImuError.cpp:650] gyr saturation
W20250111 19:39:17.113988 1694375 ImuError.cpp:650] gyr saturation
W20250111 19:39:17.113994 1694375 ImuError.cpp:650] gyr saturation
W20250111 19:39:17.114001 1694375 ImuError.cpp:650] gyr saturation
W20250111 19:39:17.114006 1694375 ImuError.cpp:650] gyr saturation
W20250111 19:39:17.114012 1694375 ImuError.cpp:650] gyr saturation
W20250111 19:39:17.114019 1694375 ImuError.cpp:650] gyr saturation
W20250111 19:39:17.114024 1694375 ImuError.cpp:650] gyr saturation
W20250111 19:39:17.114029 1694375 ImuError.cpp:650] gyr saturation
W20250111 19:39:17.114035 1694375 ImuError.cpp:650] gyr saturation
W20250111 19:39:17.114040 1694375 ImuError.cpp:650] gyr saturation
W20250111 19:39:17.114046 1694375 ImuError.cpp:650] gyr saturation
W20250111 19:39:17.114053 1694375 ImuError.cpp:650] gyr saturation
W20250111 19:39:17.114075 1694375 ImuError.cpp:650] gyr saturation
W20250111 19:39:17.114081 1694375 ImuError.cpp:650] gyr saturation
W20250111 19:39:17.114087 1694375 ImuError.cpp:650] gyr saturation
W20250111 19:39:17.114092 1694375 ImuError.cpp:650] gyr saturation
W20250111 19:39:17.114303 1694375 ImuError.cpp:650] gyr saturation
W20250111 19:39:17.114313 1694375 ImuError.cpp:650] gyr saturation
W20250111 19:39:17.114320 1694375 ImuError.cpp:650] gyr saturation
W20250111 19:39:17.114326 1694375 ImuError.cpp:650] gyr saturation
W20250111 19:39:17.114333 1694375 ImuError.cpp:650] gyr saturation
W20250111 19:39:17.114338 1694375 ImuError.cpp:650] gyr saturation
W20250111 19:39:17.114344 1694375 ImuError.cpp:650] gyr saturation
W20250111 19:39:17.114351 1694375 ImuError.cpp:650] gyr saturation
W20250111 19:39:17.114356 1694375 ImuError.cpp:650] gyr saturation
W20250111 19:39:17.114362 1694375 ImuError.cpp:650] gyr saturation
W20250111 19:39:17.114367 1694375 ImuError.cpp:650] gyr saturation
W20250111 19:39:17.114372 1694375 ImuError.cpp:650] gyr saturation
W20250111 19:39:17.114378 1694375 ImuError.cpp:650] gyr saturation
W20250111 19:39:17.114384 1694375 ImuError.cpp:650] gyr saturation
W20250111 19:39:17.114389 1694375 ImuError.cpp:650] gyr saturation
W20250111 19:39:17.114395 1694375 ImuError.cpp:650] gyr saturation
W20250111 19:39:17.114403 1694375 ImuError.cpp:650] gyr saturation
W20250111 19:39:17.114408 1694375 ImuError.cpp:650] gyr saturation
W20250111 19:39:17.114413 1694375 ImuError.cpp:650] gyr saturation
W20250111 19:39:17.114420 1694375 ImuError.cpp:650] gyr saturation
W20250111 19:39:17.114428 1694375 ImuError.cpp:650] gyr saturation
W20250111 19:39:17.114434 1694375 ImuError.cpp:650] gyr saturation
W20250111 19:39:17.114439 1694375 ImuError.cpp:650] gyr saturation
W20250111 19:39:17.114444 1694375 ImuError.cpp:650] gyr saturation
W20250111 19:39:17.114450 1694375 ImuError.cpp:650] gyr saturation
W20250111 19:39:17.114456 1694375 ImuError.cpp:650] gyr saturation
W20250111 19:39:17.114462 1694375 ImuError.cpp:650] gyr saturation
W20250111 19:39:17.114468 1694375 ImuError.cpp:650] gyr saturation
W20250111 19:39:17.114475 1694375 ImuError.cpp:650] gyr saturation
W20250111 19:39:17.114481 1694375 ImuError.cpp:650] gyr saturation
W20250111 19:39:17.114486 1694375 ImuError.cpp:650] gyr saturation
W20250111 19:39:17.114492 1694375 ImuError.cpp:650] gyr saturation
W20250111 19:39:17.114497 1694375 ImuError.cpp:650] gyr saturation
W20250111 19:39:17.114504 1694375 ImuError.cpp:650] gyr saturation
W20250111 19:39:17.117646 1694375 ImuError.cpp:368] gyr saturation
W20250111 19:39:17.117719 1694375 ImuError.cpp:368] gyr saturation
W20250111 19:39:17.117731 1694375 ImuError.cpp:368] gyr saturation
W20250111 19:39:17.117743 1694375 ImuError.cpp:368] gyr saturation
W20250111 19:39:17.117754 1694375 ImuError.cpp:368] gyr saturation
W20250111 19:39:17.117764 1694375 ImuError.cpp:368] gyr saturation
W20250111 19:39:17.117775 1694375 ImuError.cpp:368] gyr saturation
W20250111 19:39:17.117786 1694375 ImuError.cpp:368] gyr saturation
W20250111 19:39:17.117796 1694375 ImuError.cpp:368] gyr saturation
W20250111 19:39:17.117808 1694375 ImuError.cpp:368] gyr saturation
W20250111 19:39:17.117820 1694375 ImuError.cpp:368] gyr saturation
W20250111 19:39:17.117830 1694375 ImuError.cpp:368] gyr saturation
W20250111 19:39:17.117841 1694375 ImuError.cpp:368] gyr saturation
W20250111 19:39:17.117852 1694375 ImuError.cpp:368] gyr saturation
W20250111 19:39:17.117862 1694375 ImuError.cpp:368] gyr saturation
W20250111 19:39:17.117873 1694375 ImuError.cpp:368] gyr saturation
W20250111 19:39:17.117884 1694375 ImuError.cpp:368] gyr saturation
W20250111 19:39:17.117894 1694375 ImuError.cpp:368] gyr saturation
W20250111 19:39:17.117905 1694375 ImuError.cpp:368] gyr saturation
W20250111 19:39:17.117916 1694375 ImuError.cpp:368] gyr saturation
W20250111 19:39:17.117928 1694375 ImuError.cpp:368] gyr saturation
W20250111 19:39:17.117937 1694375 ImuError.cpp:368] gyr saturation
W20250111 19:39:17.117949 1694375 ImuError.cpp:368] gyr saturation
W20250111 19:39:17.117975 1694375 ImuError.cpp:368] gyr saturation
W20250111 19:39:17.117987 1694375 ImuError.cpp:368] gyr saturation
W20250111 19:39:17.117998 1694375 ImuError.cpp:368] gyr saturation
W20250111 19:39:17.118008 1694375 ImuError.cpp:368] gyr saturation
W20250111 19:39:17.118019 1694375 ImuError.cpp:368] gyr saturation
W20250111 19:39:17.118029 1694375 ImuError.cpp:368] gyr saturation
W20250111 19:39:17.118041 1694375 ImuError.cpp:368] gyr saturation
W20250111 19:39:17.118052 1694375 ImuError.cpp:368] gyr saturation
W20250111 19:39:17.118062 1694375 ImuError.cpp:368] gyr saturation
W20250111 19:39:17.118073 1694375 ImuError.cpp:368] gyr saturation
W20250111 19:39:17.118084 1694375 ImuError.cpp:368] gyr saturation
W20250111 19:39:17.122198 1694375 Frontend.cpp:612] 3d2d tracking weak: quality=0. Number of 3d2d-matches: 3
W20250111 19:39:17.124022 1694375 ImuError.cpp:650] gyr saturation
W20250111 19:39:17.124075 1694375 ImuError.cpp:650] gyr saturation
W20250111 19:39:17.124082 1694375 ImuError.cpp:650] gyr saturation
W20250111 19:39:17.124089 1694375 ImuError.cpp:650] gyr saturation
W20250111 19:39:17.124094 1694375 ImuError.cpp:650] gyr saturation
W20250111 19:39:17.124099 1694375 ImuError.cpp:650] gyr saturation
W20250111 19:39:17.124104 1694375 ImuError.cpp:650] gyr saturation
W20250111 19:39:17.124109 1694375 ImuError.cpp:650] gyr saturation
W20250111 19:39:17.124114 1694375 ImuError.cpp:650] gyr saturation
W20250111 19:39:17.124118 1694375 ImuError.cpp:650] gyr saturation
W20250111 19:39:17.124133 1694375 ImuError.cpp:650] gyr saturation
W20250111 19:39:17.124138 1694375 ImuError.cpp:650] gyr saturation
W20250111 19:39:17.124143 1694375 ImuError.cpp:650] gyr saturation
W20250111 19:39:17.124150 1694375 ImuError.cpp:650] gyr saturation
W20250111 19:39:17.124154 1694375 ImuError.cpp:650] gyr saturation
W20250111 19:39:17.124159 1694375 ImuError.cpp:650] gyr saturation
W20250111 19:39:17.124166 1694375 ImuError.cpp:650] gyr saturation
W20250111 19:39:17.124171 1694375 ImuError.cpp:650] gyr saturation
W20250111 19:39:17.124176 1694375 ImuError.cpp:650] gyr saturation
W20250111 19:39:17.124182 1694375 ImuError.cpp:650] gyr saturation
W20250111 19:39:17.124188 1694375 ImuError.cpp:650] gyr saturation
W20250111 19:39:17.124194 1694375 ImuError.cpp:650] gyr saturation
W20250111 19:39:17.124199 1694375 ImuError.cpp:650] gyr saturation
W20250111 19:39:17.124204 1694375 ImuError.cpp:650] gyr saturation
W20250111 19:39:17.124208 1694375 ImuError.cpp:650] gyr saturation
W20250111 19:39:17.124214 1694375 ImuError.cpp:650] gyr saturation
W20250111 19:39:17.124219 1694375 ImuError.cpp:650] gyr saturation
W20250111 19:39:17.124225 1694375 ImuError.cpp:650] gyr saturation
W20250111 19:39:17.124231 1694375 ImuError.cpp:650] gyr saturation
W20250111 19:39:17.124238 1694375 ImuError.cpp:650] gyr saturation
W20250111 19:39:17.124244 1694375 ImuError.cpp:650] gyr saturation
W20250111 19:39:17.124251 1694375 ImuError.cpp:650] gyr saturation
W20250111 19:39:17.124256 1694375 ImuError.cpp:650] gyr saturation
W20250111 19:39:17.124262 1694375 ImuError.cpp:650] gyr saturation
W20250111 19:39:17.124269 1694375 ImuError.cpp:650] gyr saturation
W20250111 19:39:17.124274 1694375 ImuError.cpp:650] gyr saturation
W20250111 19:39:17.124279 1694375 ImuError.cpp:650] gyr saturation
W20250111 19:39:17.124285 1694375 ImuError.cpp:650] gyr saturation
W20250111 19:39:17.124290 1694375 ImuError.cpp:650] gyr saturation
W20250111 19:39:17.124296 1694375 ImuError.cpp:650] gyr saturation
W20250111 19:39:17.124302 1694375 ImuError.cpp:650] gyr saturation
W20250111 19:39:17.124307 1694375 ImuError.cpp:650] gyr saturation
W20250111 19:39:17.124312 1694375 ImuError.cpp:650] gyr saturation
W20250111 19:39:17.124318 1694375 ImuError.cpp:650] gyr saturation
W20250111 19:39:17.124325 1694375 ImuError.cpp:650] gyr saturation
W20250111 19:39:17.124329 1694375 ImuError.cpp:650] gyr saturation
W20250111 19:39:17.124336 1694375 ImuError.cpp:650] gyr saturation
W20250111 19:39:17.124341 1694375 ImuError.cpp:650] gyr saturation
W20250111 19:39:17.124347 1694375 ImuError.cpp:650] gyr saturation
W20250111 19:39:17.124361 1694375 ImuError.cpp:650] gyr saturation
W20250111 19:39:17.124369 1694375 ImuError.cpp:650] gyr saturation
W20250111 19:39:17.124377 1694375 ImuError.cpp:650] gyr saturation
W20250111 19:39:17.124382 1694375 ImuError.cpp:650] gyr saturation
W20250111 19:39:17.124387 1694375 ImuError.cpp:650] gyr saturation
W20250111 19:39:17.124393 1694375 ImuError.cpp:650] gyr saturation
W20250111 19:39:17.124399 1694375 ImuError.cpp:650] gyr saturation
W20250111 19:39:17.124404 1694375 ImuError.cpp:650] gyr saturation
W20250111 19:39:17.124410 1694375 ImuError.cpp:650] gyr saturation
W20250111 19:39:17.124418 1694375 ImuError.cpp:650] gyr saturation
W20250111 19:39:17.124424 1694375 ImuError.cpp:650] gyr saturation
W20250111 19:39:17.124430 1694375 ImuError.cpp:650] gyr saturation
W20250111 19:39:17.124436 1694375 ImuError.cpp:650] gyr saturation
W20250111 19:39:17.124441 1694375 ImuError.cpp:650] gyr saturation
W20250111 19:39:17.124447 1694375 ImuError.cpp:650] gyr saturation
W20250111 19:39:17.124454 1694375 ImuError.cpp:650] gyr saturation
W20250111 19:39:17.124459 1694375 ImuError.cpp:650] gyr saturation
W20250111 19:39:17.124466 1694375 ImuError.cpp:650] gyr saturation
W20250111 19:39:17.124471 1694375 ImuError.cpp:650] gyr saturation
W20250111 19:39:17.134172 1911015 ViSlamBackend.cpp:466] TRACKING FAILURE: quality=0
W20250111 19:39:17.134883 1694375 ImuError.cpp:650] gyr saturation
W20250111 19:39:17.134933 1694375 ImuError.cpp:650] gyr saturation
W20250111 19:39:17.134949 1694375 ImuError.cpp:650] gyr saturation
W20250111 19:39:17.134955 1694375 ImuError.cpp:650] gyr saturation
W20250111 19:39:17.134960 1694375 ImuError.cpp:650] gyr saturation
W20250111 19:39:17.134965 1694375 ImuError.cpp:650] gyr saturation
W20250111 19:39:17.134971 1694375 ImuError.cpp:650] gyr saturation
W20250111 19:39:17.134977 1694375 ImuError.cpp:650] gyr saturation
W20250111 19:39:17.134982 1694375 ImuError.cpp:650] gyr saturation
W20250111 19:39:17.134989 1694375 ImuError.cpp:650] gyr saturation
W20250111 19:39:17.134994 1694375 ImuError.cpp:650] gyr saturation
W20250111 19:39:17.134999 1694375 ImuError.cpp:650] gyr saturation
W20250111 19:39:17.135004 1694375 ImuError.cpp:650] gyr saturation
W20250111 19:39:17.135010 1694375 ImuError.cpp:650] gyr saturation
W20250111 19:39:17.135015 1694375 ImuError.cpp:650] gyr saturation
W20250111 19:39:17.135020 1694375 ImuError.cpp:650] gyr saturation
W20250111 19:39:17.135026 1694375 ImuError.cpp:650] gyr saturation
W20250111 19:39:17.135033 1694375 ImuError.cpp:650] gyr saturation
W20250111 19:39:17.135038 1694375 ImuError.cpp:650] gyr saturation
W20250111 19:39:17.135044 1694375 ImuError.cpp:650] gyr saturation
W20250111 19:39:17.135051 1694375 ImuError.cpp:650] gyr saturation
W20250111 19:39:17.135056 1694375 ImuError.cpp:650] gyr saturation
W20250111 19:39:17.135063 1694375 ImuError.cpp:650] gyr saturation
W20250111 19:39:17.135069 1694375 ImuError.cpp:650] gyr saturation
W20250111 19:39:17.135075 1694375 ImuError.cpp:650] gyr saturation
W20250111 19:39:17.135082 1694375 ImuError.cpp:650] gyr saturation
W20250111 19:39:17.135087 1694375 ImuError.cpp:650] gyr saturation
W20250111 19:39:17.135092 1694375 ImuError.cpp:650] gyr saturation
W20250111 19:39:17.135097 1694375 ImuError.cpp:650] gyr saturation
W20250111 19:39:17.135102 1694375 ImuError.cpp:650] gyr saturation
W20250111 19:39:17.135108 1694375 ImuError.cpp:650] gyr saturation
W20250111 19:39:17.135114 1694375 ImuError.cpp:650] gyr saturation
W20250111 19:39:17.135119 1694375 ImuError.cpp:650] gyr saturation
W20250111 19:39:17.135124 1694375 ImuError.cpp:650] gyr saturation
W20250111 19:39:17.135131 1694375 ImuError.cpp:650] gyr saturation
W20250111 19:39:17.135228 1694375 ImuError.cpp:650] gyr saturation
W20250111 19:39:17.135236 1694375 ImuError.cpp:650] gyr saturation
W20250111 19:39:17.135241 1694375 ImuError.cpp:650] gyr saturation
W20250111 19:39:17.135246 1694375 ImuError.cpp:650] gyr saturation
W20250111 19:39:17.135252 1694375 ImuError.cpp:650] gyr saturation
W20250111 19:39:17.135257 1694375 ImuError.cpp:650] gyr saturation
W20250111 19:39:17.135268 1694375 ImuError.cpp:650] gyr saturation
W20250111 19:39:17.135275 1694375 ImuError.cpp:650] gyr saturation
W20250111 19:39:17.135282 1694375 ImuError.cpp:650] gyr saturation
W20250111 19:39:17.135286 1694375 ImuError.cpp:650] gyr saturation
W20250111 19:39:17.135291 1694375 ImuError.cpp:650] gyr saturation
W20250111 19:39:17.135296 1694375 ImuError.cpp:650] gyr saturation
W20250111 19:39:17.135303 1694375 ImuError.cpp:650] gyr saturation
W20250111 19:39:17.135308 1694375 ImuError.cpp:650] gyr saturation
W20250111 19:39:17.135313 1694375 ImuError.cpp:650] gyr saturation
W20250111 19:39:17.135319 1694375 ImuError.cpp:650] gyr saturation
W20250111 19:39:17.135324 1694375 ImuError.cpp:650] gyr saturation
W20250111 19:39:17.135330 1694375 ImuError.cpp:650] gyr saturation
W20250111 19:39:17.135336 1694375 ImuError.cpp:650] gyr saturation
W20250111 19:39:17.135341 1694375 ImuError.cpp:650] gyr saturation
W20250111 19:39:17.135346 1694375 ImuError.cpp:650] gyr saturation
W20250111 19:39:17.135351 1694375 ImuError.cpp:650] gyr saturation
W20250111 19:39:17.135357 1694375 ImuError.cpp:650] gyr saturation
W20250111 19:39:17.135363 1694375 ImuError.cpp:650] gyr saturation
W20250111 19:39:17.135370 1694375 ImuError.cpp:650] gyr saturation
W20250111 19:39:17.135375 1694375 ImuError.cpp:650] gyr saturation
W20250111 19:39:17.135380 1694375 ImuError.cpp:650] gyr saturation
W20250111 19:39:17.135385 1694375 ImuError.cpp:650] gyr saturation
W20250111 19:39:17.135391 1694375 ImuError.cpp:650] gyr saturation
W20250111 19:39:17.135397 1694375 ImuError.cpp:650] gyr saturation
W20250111 19:39:17.135403 1694375 ImuError.cpp:650] gyr saturation
W20250111 19:39:17.135409 1694375 ImuError.cpp:650] gyr saturation
W20250111 19:39:17.135414 1694375 ImuError.cpp:650] gyr saturation
W20250111 19:39:17.135419 1694375 ImuError.cpp:650] gyr saturation
W20250111 19:39:17.135425 1694375 ImuError.cpp:650] gyr saturation
W20250111 19:39:17.138784 1694375 ImuError.cpp:368] gyr saturation
W20250111 19:39:17.138854 1694375 ImuError.cpp:368] gyr saturation
W20250111 19:39:17.138867 1694375 ImuError.cpp:368] gyr saturation
W20250111 19:39:17.138880 1694375 ImuError.cpp:368] gyr saturation
W20250111 19:39:17.138892 1694375 ImuError.cpp:368] gyr saturation
W20250111 19:39:17.138902 1694375 ImuError.cpp:368] gyr saturation
W20250111 19:39:17.138913 1694375 ImuError.cpp:368] gyr saturation
W20250111 19:39:17.138926 1694375 ImuError.cpp:368] gyr saturation
W20250111 19:39:17.138935 1694375 ImuError.cpp:368] gyr saturation
W20250111 19:39:17.138947 1694375 ImuError.cpp:368] gyr saturation
W20250111 19:39:17.138957 1694375 ImuError.cpp:368] gyr saturation
W20250111 19:39:17.138968 1694375 ImuError.cpp:368] gyr saturation
W20250111 19:39:17.138979 1694375 ImuError.cpp:368] gyr saturation
W20250111 19:39:17.138990 1694375 ImuError.cpp:368] gyr saturation
W20250111 19:39:17.139000 1694375 ImuError.cpp:368] gyr saturation
W20250111 19:39:17.139012 1694375 ImuError.cpp:368] gyr saturation
W20250111 19:39:17.139024 1694375 ImuError.cpp:368] gyr saturation
W20250111 19:39:17.139034 1694375 ImuError.cpp:368] gyr saturation
W20250111 19:39:17.139045 1694375 ImuError.cpp:368] gyr saturation
W20250111 19:39:17.139056 1694375 ImuError.cpp:368] gyr saturation
W20250111 19:39:17.139067 1694375 ImuError.cpp:368] gyr saturation
W20250111 19:39:17.139078 1694375 ImuError.cpp:368] gyr saturation
W20250111 19:39:17.139089 1694375 ImuError.cpp:368] gyr saturation
W20250111 19:39:17.139099 1694375 ImuError.cpp:368] gyr saturation
W20250111 19:39:17.139110 1694375 ImuError.cpp:368] gyr saturation
W20250111 19:39:17.139122 1694375 ImuError.cpp:368] gyr saturation
W20250111 19:39:17.139132 1694375 ImuError.cpp:368] gyr saturation
W20250111 19:39:17.139143 1694375 ImuError.cpp:368] gyr saturation
W20250111 19:39:17.139153 1694375 ImuError.cpp:368] gyr saturation
W20250111 19:39:17.139164 1694375 ImuError.cpp:368] gyr saturation
W20250111 19:39:17.139174 1694375 ImuError.cpp:368] gyr saturation
W20250111 19:39:17.139185 1694375 ImuError.cpp:368] gyr saturation
W20250111 19:39:17.139209 1694375 ImuError.cpp:368] gyr saturation
W20250111 19:39:17.139220 1694375 ImuError.cpp:368] gyr saturation
W20250111 19:39:17.139231 1694375 ImuError.cpp:368] gyr saturation
W20250111 19:39:17.143478 1694375 Frontend.cpp:612] 3d2d tracking weak: quality=0. Number of 3d2d-matches: 4
W20250111 19:39:17.144811 1694375 ImuError.cpp:650] gyr saturation
W20250111 19:39:17.144855 1694375 ImuError.cpp:650] gyr saturation
W20250111 19:39:17.144862 1694375 ImuError.cpp:650] gyr saturation
W20250111 19:39:17.144869 1694375 ImuError.cpp:650] gyr saturation
W20250111 19:39:17.144881 1694375 ImuError.cpp:650] gyr saturation
W20250111 19:39:17.144886 1694375 ImuError.cpp:650] gyr saturation
W20250111 19:39:17.144894 1694375 ImuError.cpp:650] gyr saturation
W20250111 19:39:17.144903 1694375 ImuError.cpp:650] gyr saturation
W20250111 19:39:17.144909 1694375 ImuError.cpp:650] gyr saturation
W20250111 19:39:17.144915 1694375 ImuError.cpp:650] gyr saturation
W20250111 19:39:17.144922 1694375 ImuError.cpp:650] gyr saturation
W20250111 19:39:17.144929 1694375 ImuError.cpp:650] gyr saturation
W20250111 19:39:17.144937 1694375 ImuError.cpp:650] gyr saturation
W20250111 19:39:17.144943 1694375 ImuError.cpp:650] gyr saturation
W20250111 19:39:17.144949 1694375 ImuError.cpp:650] gyr saturation
W20250111 19:39:17.144955 1694375 ImuError.cpp:650] gyr saturation
W20250111 19:39:17.144961 1694375 ImuError.cpp:650] gyr saturation
W20250111 19:39:17.144968 1694375 ImuError.cpp:650] gyr saturation
W20250111 19:39:17.144982 1694375 ImuError.cpp:650] gyr saturation
W20250111 19:39:17.144989 1694375 ImuError.cpp:650] gyr saturation
W20250111 19:39:17.144995 1694375 ImuError.cpp:650] gyr saturation
W20250111 19:39:17.145001 1694375 ImuError.cpp:650] gyr saturation
W20250111 19:39:17.145007 1694375 ImuError.cpp:650] gyr saturation
W20250111 19:39:17.145013 1694375 ImuError.cpp:650] gyr saturation
W20250111 19:39:17.145020 1694375 ImuError.cpp:650] gyr saturation
W20250111 19:39:17.145025 1694375 ImuError.cpp:650] gyr saturation
W20250111 19:39:17.145030 1694375 ImuError.cpp:650] gyr saturation
W20250111 19:39:17.145036 1694375 ImuError.cpp:650] gyr saturation
W20250111 19:39:17.145042 1694375 ImuError.cpp:650] gyr saturation
W20250111 19:39:17.145048 1694375 ImuError.cpp:650] gyr saturation
W20250111 19:39:17.145054 1694375 ImuError.cpp:650] gyr saturation
W20250111 19:39:17.145061 1694375 ImuError.cpp:650] gyr saturation
W20250111 19:39:17.145066 1694375 ImuError.cpp:650] gyr saturation
W20250111 19:39:17.145072 1694375 ImuError.cpp:650] gyr saturation
W20250111 19:39:17.145078 1694375 ImuError.cpp:650] gyr saturation
W20250111 19:39:17.145084 1694375 ImuError.cpp:650] gyr saturation
W20250111 19:39:17.145090 1694375 ImuError.cpp:650] gyr saturation
W20250111 19:39:17.145097 1694375 ImuError.cpp:650] gyr saturation
W20250111 19:39:17.145102 1694375 ImuError.cpp:650] gyr saturation
W20250111 19:39:17.145107 1694375 ImuError.cpp:650] gyr saturation
W20250111 19:39:17.145113 1694375 ImuError.cpp:650] gyr saturation
W20250111 19:39:17.145119 1694375 ImuError.cpp:650] gyr saturation
W20250111 19:39:17.145124 1694375 ImuError.cpp:650] gyr saturation
W20250111 19:39:17.145130 1694375 ImuError.cpp:650] gyr saturation
W20250111 19:39:17.145136 1694375 ImuError.cpp:650] gyr saturation
W20250111 19:39:17.145143 1694375 ImuError.cpp:650] gyr saturation
W20250111 19:39:17.145148 1694375 ImuError.cpp:650] gyr saturation
W20250111 19:39:17.145154 1694375 ImuError.cpp:650] gyr saturation
W20250111 19:39:17.145160 1694375 ImuError.cpp:650] gyr saturation
W20250111 19:39:17.145165 1694375 ImuError.cpp:650] gyr saturation
W20250111 19:39:17.145171 1694375 ImuError.cpp:650] gyr saturation
W20250111 19:39:17.145177 1694375 ImuError.cpp:650] gyr saturation
W20250111 19:39:17.145184 1694375 ImuError.cpp:650] gyr saturation
W20250111 19:39:17.145190 1694375 ImuError.cpp:650] gyr saturation
W20250111 19:39:17.145195 1694375 ImuError.cpp:650] gyr saturation
W20250111 19:39:17.145201 1694375 ImuError.cpp:650] gyr saturation
W20250111 19:39:17.145213 1694375 ImuError.cpp:650] gyr saturation
W20250111 19:39:17.145221 1694375 ImuError.cpp:650] gyr saturation
W20250111 19:39:17.145227 1694375 ImuError.cpp:650] gyr saturation
W20250111 19:39:17.145233 1694375 ImuError.cpp:650] gyr saturation
W20250111 19:39:17.145241 1694375 ImuError.cpp:650] gyr saturation
W20250111 19:39:17.145246 1694375 ImuError.cpp:650] gyr saturation
W20250111 19:39:17.145251 1694375 ImuError.cpp:650] gyr saturation
W20250111 19:39:17.145257 1694375 ImuError.cpp:650] gyr saturation
W20250111 19:39:17.145263 1694375 ImuError.cpp:650] gyr saturation
W20250111 19:39:17.153607 1911065 ViSlamBackend.cpp:466] TRACKING FAILURE: quality=0
W20250111 19:39:17.154474 1694375 ImuError.cpp:650] gyr saturation
W20250111 19:39:17.154625 1694375 ImuError.cpp:650] gyr saturation
W20250111 19:39:17.154651 1694375 ImuError.cpp:650] gyr saturation
W20250111 19:39:17.154668 1694375 ImuError.cpp:650] gyr saturation
W20250111 19:39:17.154673 1694375 ImuError.cpp:650] gyr saturation
W20250111 19:39:17.154681 1694375 ImuError.cpp:650] gyr saturation
W20250111 19:39:17.154687 1694375 ImuError.cpp:650] gyr saturation
W20250111 19:39:17.154692 1694375 ImuError.cpp:650] gyr saturation
W20250111 19:39:17.154699 1694375 ImuError.cpp:650] gyr saturation
W20250111 19:39:17.154706 1694375 ImuError.cpp:650] gyr saturation
W20250111 19:39:17.154712 1694375 ImuError.cpp:650] gyr saturation
W20250111 19:39:17.154718 1694375 ImuError.cpp:650] gyr saturation
W20250111 19:39:17.154724 1694375 ImuError.cpp:650] gyr saturation
W20250111 19:39:17.154739 1694375 ImuError.cpp:650] gyr saturation
W20250111 19:39:17.154747 1694375 ImuError.cpp:650] gyr saturation
W20250111 19:39:17.154754 1694375 ImuError.cpp:650] gyr saturation
W20250111 19:39:17.154760 1694375 ImuError.cpp:650] gyr saturation
W20250111 19:39:17.154767 1694375 ImuError.cpp:650] gyr saturation
W20250111 19:39:17.154773 1694375 ImuError.cpp:650] gyr saturation
W20250111 19:39:17.154780 1694375 ImuError.cpp:650] gyr saturation
W20250111 19:39:17.154786 1694375 ImuError.cpp:650] gyr saturation
W20250111 19:39:17.154791 1694375 ImuError.cpp:650] gyr saturation
W20250111 19:39:17.154798 1694375 ImuError.cpp:650] gyr saturation
W20250111 19:39:17.154803 1694375 ImuError.cpp:650] gyr saturation
W20250111 19:39:17.154808 1694375 ImuError.cpp:650] gyr saturation
W20250111 19:39:17.154814 1694375 ImuError.cpp:650] gyr saturation
W20250111 19:39:17.154819 1694375 ImuError.cpp:650] gyr saturation
W20250111 19:39:17.154825 1694375 ImuError.cpp:650] gyr saturation
W20250111 19:39:17.154830 1694375 ImuError.cpp:650] gyr saturation
W20250111 19:39:17.154836 1694375 ImuError.cpp:650] gyr saturation
W20250111 19:39:17.154842 1694375 ImuError.cpp:650] gyr saturation
W20250111 19:39:17.155007 1694375 ImuError.cpp:650] gyr saturation
W20250111 19:39:17.155017 1694375 ImuError.cpp:650] gyr saturation
W20250111 19:39:17.155023 1694375 ImuError.cpp:650] gyr saturation
W20250111 19:39:17.155028 1694375 ImuError.cpp:650] gyr saturation
W20250111 19:39:17.155033 1694375 ImuError.cpp:650] gyr saturation
W20250111 19:39:17.155040 1694375 ImuError.cpp:650] gyr saturation
W20250111 19:39:17.155045 1694375 ImuError.cpp:650] gyr saturation
W20250111 19:39:17.155050 1694375 ImuError.cpp:650] gyr saturation
W20250111 19:39:17.155055 1694375 ImuError.cpp:650] gyr saturation
W20250111 19:39:17.155061 1694375 ImuError.cpp:650] gyr saturation
W20250111 19:39:17.155066 1694375 ImuError.cpp:650] gyr saturation
W20250111 19:39:17.155071 1694375 ImuError.cpp:650] gyr saturation
W20250111 19:39:17.155076 1694375 ImuError.cpp:650] gyr saturation
W20250111 19:39:17.155081 1694375 ImuError.cpp:650] gyr saturation
W20250111 19:39:17.155086 1694375 ImuError.cpp:650] gyr saturation
W20250111 19:39:17.155092 1694375 ImuError.cpp:650] gyr saturation
W20250111 19:39:17.155097 1694375 ImuError.cpp:650] gyr saturation
W20250111 19:39:17.155102 1694375 ImuError.cpp:650] gyr saturation
W20250111 19:39:17.155107 1694375 ImuError.cpp:650] gyr saturation
W20250111 19:39:17.155112 1694375 ImuError.cpp:650] gyr saturation
W20250111 19:39:17.155123 1694375 ImuError.cpp:650] gyr saturation
W20250111 19:39:17.155130 1694375 ImuError.cpp:650] gyr saturation
W20250111 19:39:17.155136 1694375 ImuError.cpp:650] gyr saturation
W20250111 19:39:17.155141 1694375 ImuError.cpp:650] gyr saturation
W20250111 19:39:17.155146 1694375 ImuError.cpp:650] gyr saturation
W20250111 19:39:17.155153 1694375 ImuError.cpp:650] gyr saturation
W20250111 19:39:17.155157 1694375 ImuError.cpp:650] gyr saturation
W20250111 19:39:17.155162 1694375 ImuError.cpp:650] gyr saturation
W20250111 19:39:17.155169 1694375 ImuError.cpp:650] gyr saturation
W20250111 19:39:17.155174 1694375 ImuError.cpp:650] gyr saturation
W20250111 19:39:17.155179 1694375 ImuError.cpp:650] gyr saturation
W20250111 19:39:17.155946 1694375 Frontend.cpp:615] 3d2d tracking lost. Number of 3d2d-matches: 2
W20250111 19:39:17.156987 1694375 ImuError.cpp:650] gyr saturation
W20250111 19:39:17.157022 1694375 ImuError.cpp:650] gyr saturation
W20250111 19:39:17.157028 1694375 ImuError.cpp:650] gyr saturation
W20250111 19:39:17.157035 1694375 ImuError.cpp:650] gyr saturation
W20250111 19:39:17.157042 1694375 ImuError.cpp:650] gyr saturation
W20250111 19:39:17.157047 1694375 ImuError.cpp:650] gyr saturation
W20250111 19:39:17.157053 1694375 ImuError.cpp:650] gyr saturation
W20250111 19:39:17.157059 1694375 ImuError.cpp:650] gyr saturation
W20250111 19:39:17.157065 1694375 ImuError.cpp:650] gyr saturation
W20250111 19:39:17.157070 1694375 ImuError.cpp:650] gyr saturation
W20250111 19:39:17.157084 1694375 ImuError.cpp:650] gyr saturation
W20250111 19:39:17.157091 1694375 ImuError.cpp:650] gyr saturation
W20250111 19:39:17.157097 1694375 ImuError.cpp:650] gyr saturation
W20250111 19:39:17.157104 1694375 ImuError.cpp:650] gyr saturation
W20250111 19:39:17.157110 1694375 ImuError.cpp:650] gyr saturation
W20250111 19:39:17.157116 1694375 ImuError.cpp:650] gyr saturation
W20250111 19:39:17.157123 1694375 ImuError.cpp:650] gyr saturation
W20250111 19:39:17.157130 1694375 ImuError.cpp:650] gyr saturation
W20250111 19:39:17.157135 1694375 ImuError.cpp:650] gyr saturation
W20250111 19:39:17.157141 1694375 ImuError.cpp:650] gyr saturation
W20250111 19:39:17.157150 1694375 ImuError.cpp:650] gyr saturation
W20250111 19:39:17.157156 1694375 ImuError.cpp:650] gyr saturation
W20250111 19:39:17.157162 1694375 ImuError.cpp:650] gyr saturation
W20250111 19:39:17.157167 1694375 ImuError.cpp:650] gyr saturation
W20250111 19:39:17.157173 1694375 ImuError.cpp:650] gyr saturation
W20250111 19:39:17.157178 1694375 ImuError.cpp:650] gyr saturation
W20250111 19:39:17.157186 1694375 ImuError.cpp:650] gyr saturation
W20250111 19:39:17.157191 1694375 ImuError.cpp:650] gyr saturation
W20250111 19:39:17.157196 1694375 ImuError.cpp:650] gyr saturation
W20250111 19:39:17.157202 1694375 ImuError.cpp:650] gyr saturation
W20250111 19:39:17.157208 1694375 ImuError.cpp:650] gyr saturation
W20250111 19:39:17.158231 1911099 ImuError.cpp:368] gyr saturation
W20250111 19:39:17.158273 1911099 ImuError.cpp:368] gyr saturation
W20250111 19:39:17.158284 1911099 ImuError.cpp:368] gyr saturation
W20250111 19:39:17.158295 1911099 ImuError.cpp:368] gyr saturation
W20250111 19:39:17.158304 1911099 ImuError.cpp:368] gyr saturation
W20250111 19:39:17.158314 1911099 ImuError.cpp:368] gyr saturation
W20250111 19:39:17.158324 1911099 ImuError.cpp:368] gyr saturation
W20250111 19:39:17.158336 1911099 ImuError.cpp:368] gyr saturation
W20250111 19:39:17.158345 1911099 ImuError.cpp:368] gyr saturation
W20250111 19:39:17.158353 1911099 ImuError.cpp:368] gyr saturation
W20250111 19:39:17.158363 1911099 ImuError.cpp:368] gyr saturation
W20250111 19:39:17.158373 1911099 ImuError.cpp:368] gyr saturation
W20250111 19:39:17.158382 1911099 ImuError.cpp:368] gyr saturation
W20250111 19:39:17.158391 1911099 ImuError.cpp:368] gyr saturation
W20250111 19:39:17.158402 1911099 ImuError.cpp:368] gyr saturation
W20250111 19:39:17.158412 1911099 ImuError.cpp:368] gyr saturation
W20250111 19:39:17.158421 1911099 ImuError.cpp:368] gyr saturation
W20250111 19:39:17.158432 1911099 ImuError.cpp:368] gyr saturation
W20250111 19:39:17.158447 1911099 ImuError.cpp:368] gyr saturation
W20250111 19:39:17.158457 1911099 ImuError.cpp:368] gyr saturation
W20250111 19:39:17.158466 1911099 ImuError.cpp:368] gyr saturation
W20250111 19:39:17.158476 1911099 ImuError.cpp:368] gyr saturation
W20250111 19:39:17.158485 1911099 ImuError.cpp:368] gyr saturation
W20250111 19:39:17.158496 1911099 ImuError.cpp:368] gyr saturation
W20250111 19:39:17.158505 1911099 ImuError.cpp:368] gyr saturation
W20250111 19:39:17.158515 1911099 ImuError.cpp:368] gyr saturation
W20250111 19:39:17.158524 1911099 ImuError.cpp:368] gyr saturation
W20250111 19:39:17.158535 1911099 ImuError.cpp:368] gyr saturation
W20250111 19:39:17.158545 1911099 ImuError.cpp:368] gyr saturation
W20250111 19:39:17.158555 1911099 ImuError.cpp:368] gyr saturation
W20250111 19:39:17.158563 1911099 ImuError.cpp:368] gyr saturation
W20250111 19:39:17.165997 1911099 ViSlamBackend.cpp:466] TRACKING FAILURE: quality=0
W20250111 19:39:17.167657 1694375 Frontend.cpp:615] 3d2d tracking lost. Number of 3d2d-matches: 1
W20250111 19:39:17.180862 1911133 ViSlamBackend.cpp:466] TRACKING FAILURE: quality=0
W20250111 19:39:17.181061 1911133 ImuError.cpp:165] gyr saturation
W20250111 19:39:17.181087 1911133 ImuError.cpp:165] gyr saturation
W20250111 19:39:17.181100 1911133 ImuError.cpp:165] gyr saturation
W20250111 19:39:17.181111 1911133 ImuError.cpp:165] gyr saturation
W20250111 19:39:17.181123 1911133 ImuError.cpp:165] gyr saturation
W20250111 19:39:17.181144 1911133 ImuError.cpp:165] gyr saturation
W20250111 19:39:17.181156 1911133 ImuError.cpp:165] gyr saturation
W20250111 19:39:17.181166 1911133 ImuError.cpp:165] gyr saturation
W20250111 19:39:17.181177 1911133 ImuError.cpp:165] gyr saturation
W20250111 19:39:17.181188 1911133 ImuError.cpp:165] gyr saturation
W20250111 19:39:17.181198 1911133 ImuError.cpp:165] gyr saturation
W20250111 19:39:17.181209 1911133 ImuError.cpp:165] gyr saturation
W20250111 19:39:17.181221 1911133 ImuError.cpp:165] gyr saturation
W20250111 19:39:17.181231 1911133 ImuError.cpp:165] gyr saturation
W20250111 19:39:17.181241 1911133 ImuError.cpp:165] gyr saturation
W20250111 19:39:17.181252 1911133 ImuError.cpp:165] gyr saturation
W20250111 19:39:17.181262 1911133 ImuError.cpp:165] gyr saturation
W20250111 19:39:17.181273 1911133 ImuError.cpp:165] gyr saturation
W20250111 19:39:17.181284 1911133 ImuError.cpp:165] gyr saturation
W20250111 19:39:17.181294 1911133 ImuError.cpp:165] gyr saturation
W20250111 19:39:17.181305 1911133 ImuError.cpp:165] gyr saturation
W20250111 19:39:17.181316 1911133 ImuError.cpp:165] gyr saturation
W20250111 19:39:17.181326 1911133 ImuError.cpp:165] gyr saturation
W20250111 19:39:17.181337 1911133 ImuError.cpp:165] gyr saturation
W20250111 19:39:17.181349 1911133 ImuError.cpp:165] gyr saturation
W20250111 19:39:17.181360 1911133 ImuError.cpp:165] gyr saturation
W20250111 19:39:17.181370 1911133 ImuError.cpp:165] gyr saturation
W20250111 19:39:17.181380 1911133 ImuError.cpp:165] gyr saturation
W20250111 19:39:17.181391 1911133 ImuError.cpp:165] gyr saturation
W20250111 19:39:17.181401 1911133 ImuError.cpp:165] gyr saturation
W20250111 19:39:17.181412 1911133 ImuError.cpp:165] gyr saturation
W20250111 19:39:17.181423 1911133 ImuError.cpp:165] gyr saturation
W20250111 19:39:17.181433 1911133 ImuError.cpp:165] gyr saturation
W20250111 19:39:17.181447 1911133 ImuError.cpp:165] gyr saturation
W20250111 19:39:17.181457 1911133 ImuError.cpp:165] gyr saturation
W20250111 19:39:17.181532 1911133 ImuError.cpp:165] gyr saturation
W20250111 19:39:17.181546 1911133 ImuError.cpp:165] gyr saturation
W20250111 19:39:17.181557 1911133 ImuError.cpp:165] gyr saturation
W20250111 19:39:17.181568 1911133 ImuError.cpp:165] gyr saturation
W20250111 19:39:17.181579 1911133 ImuError.cpp:165] gyr saturation
W20250111 19:39:17.181591 1911133 ImuError.cpp:165] gyr saturation
W20250111 19:39:17.181602 1911133 ImuError.cpp:165] gyr saturation
W20250111 19:39:17.181614 1911133 ImuError.cpp:165] gyr saturation
W20250111 19:39:17.181625 1911133 ImuError.cpp:165] gyr saturation
W20250111 19:39:17.181646 1911133 ImuError.cpp:165] gyr saturation
W20250111 19:39:17.181659 1911133 ImuError.cpp:165] gyr saturation
W20250111 19:39:17.181670 1911133 ImuError.cpp:165] gyr saturation
W20250111 19:39:17.181680 1911133 ImuError.cpp:165] gyr saturation
W20250111 19:39:17.181691 1911133 ImuError.cpp:165] gyr saturation
W20250111 19:39:17.181702 1911133 ImuError.cpp:165] gyr saturation
W20250111 19:39:17.181713 1911133 ImuError.cpp:165] gyr saturation
W20250111 19:39:17.181723 1911133 ImuError.cpp:165] gyr saturation
W20250111 19:39:17.181735 1911133 ImuError.cpp:165] gyr saturation
W20250111 19:39:17.181746 1911133 ImuError.cpp:165] gyr saturation
W20250111 19:39:17.181756 1911133 ImuError.cpp:165] gyr saturation
W20250111 19:39:17.181766 1911133 ImuError.cpp:165] gyr saturation
W20250111 19:39:17.181777 1911133 ImuError.cpp:165] gyr saturation
W20250111 19:39:17.181788 1911133 ImuError.cpp:165] gyr saturation
W20250111 19:39:17.181798 1911133 ImuError.cpp:165] gyr saturation
W20250111 19:39:17.181809 1911133 ImuError.cpp:165] gyr saturation
W20250111 19:39:17.181820 1911133 ImuError.cpp:165] gyr saturation
W20250111 19:39:17.181830 1911133 ImuError.cpp:165] gyr saturation
W20250111 19:39:17.181841 1911133 ImuError.cpp:165] gyr saturation
W20250111 19:39:17.181852 1911133 ImuError.cpp:165] gyr saturation
W20250111 19:39:17.181862 1911133 ImuError.cpp:165] gyr saturation
W20250111 19:39:17.181874 1911133 ImuError.cpp:165] gyr saturation
W20250111 19:39:17.181885 1911133 ImuError.cpp:165] gyr saturation
W20250111 19:39:17.181895 1911133 ImuError.cpp:165] gyr saturation
W20250111 19:39:17.181906 1911133 ImuError.cpp:165] gyr saturation
W20250111 19:39:17.181917 1911133 ImuError.cpp:165] gyr saturation
W20250111 19:39:17.182886 1694375 Frontend.cpp:615] 3d2d tracking lost. Number of 3d2d-matches: 1
W20250111 19:39:17.189673 1911175 ImuError.cpp:165] gyr saturation
W20250111 19:39:17.189718 1911175 ImuError.cpp:165] gyr saturation
W20250111 19:39:17.189728 1911175 ImuError.cpp:165] gyr saturation
W20250111 19:39:17.189735 1911175 ImuError.cpp:165] gyr saturation
W20250111 19:39:17.189743 1911175 ImuError.cpp:165] gyr saturation
W20250111 19:39:17.189751 1911175 ImuError.cpp:165] gyr saturation
W20250111 19:39:17.189759 1911175 ImuError.cpp:165] gyr saturation
W20250111 19:39:17.189769 1911175 ImuError.cpp:165] gyr saturation
W20250111 19:39:17.189777 1911175 ImuError.cpp:165] gyr saturation
W20250111 19:39:17.189785 1911175 ImuError.cpp:165] gyr saturation
W20250111 19:39:17.189793 1911175 ImuError.cpp:165] gyr saturation
W20250111 19:39:17.189801 1911175 ImuError.cpp:165] gyr saturation
W20250111 19:39:17.189810 1911175 ImuError.cpp:165] gyr saturation
W20250111 19:39:17.189821 1911175 ImuError.cpp:165] gyr saturation
W20250111 19:39:17.189831 1911175 ImuError.cpp:165] gyr saturation
W20250111 19:39:17.189838 1911175 ImuError.cpp:165] gyr saturation
W20250111 19:39:17.189846 1911175 ImuError.cpp:165] gyr saturation
W20250111 19:39:17.189854 1911175 ImuError.cpp:165] gyr saturation
W20250111 19:39:17.189862 1911175 ImuError.cpp:165] gyr saturation
W20250111 19:39:17.189872 1911175 ImuError.cpp:165] gyr saturation
W20250111 19:39:17.189879 1911175 ImuError.cpp:165] gyr saturation
W20250111 19:39:17.189888 1911175 ImuError.cpp:165] gyr saturation
W20250111 19:39:17.189896 1911175 ImuError.cpp:165] gyr saturation
W20250111 19:39:17.189904 1911175 ImuError.cpp:165] gyr saturation
W20250111 19:39:17.189913 1911175 ImuError.cpp:165] gyr saturation
W20250111 19:39:17.189921 1911175 ImuError.cpp:165] gyr saturation
W20250111 19:39:17.189929 1911175 ImuError.cpp:165] gyr saturation
W20250111 19:39:17.189937 1911175 ImuError.cpp:165] gyr saturation
W20250111 19:39:17.189945 1911175 ImuError.cpp:165] gyr saturation
W20250111 19:39:17.189953 1911175 ImuError.cpp:165] gyr saturation
W20250111 19:39:17.189961 1911175 ImuError.cpp:165] gyr saturation
W20250111 19:39:17.190021 1911175 ImuError.cpp:165] gyr saturation
W20250111 19:39:17.190029 1911175 ImuError.cpp:165] gyr saturation
W20250111 19:39:17.190038 1911175 ImuError.cpp:165] gyr saturation
W20250111 19:39:17.190054 1911175 ImuError.cpp:165] gyr saturation
W20250111 19:39:17.190062 1911175 ImuError.cpp:165] gyr saturation
W20250111 19:39:17.190071 1911175 ImuError.cpp:165] gyr saturation
W20250111 19:39:17.190079 1911175 ImuError.cpp:165] gyr saturation
W20250111 19:39:17.190088 1911175 ImuError.cpp:165] gyr saturation
W20250111 19:39:17.190099 1911175 ImuError.cpp:165] gyr saturation
W20250111 19:39:17.190106 1911175 ImuError.cpp:165] gyr saturation
W20250111 19:39:17.190114 1911175 ImuError.cpp:165] gyr saturation
W20250111 19:39:17.190122 1911175 ImuError.cpp:165] gyr saturation
W20250111 19:39:17.190130 1911175 ImuError.cpp:165] gyr saturation
W20250111 19:39:17.190138 1911175 ImuError.cpp:165] gyr saturation
W20250111 19:39:17.190146 1911175 ImuError.cpp:165] gyr saturation
W20250111 19:39:17.190155 1911175 ImuError.cpp:165] gyr saturation
W20250111 19:39:17.190162 1911175 ImuError.cpp:165] gyr saturation
W20250111 19:39:17.190171 1911175 ImuError.cpp:165] gyr saturation
W20250111 19:39:17.190179 1911175 ImuError.cpp:165] gyr saturation
W20250111 19:39:17.190187 1911175 ImuError.cpp:165] gyr saturation
W20250111 19:39:17.190194 1911175 ImuError.cpp:165] gyr saturation
W20250111 19:39:17.190204 1911175 ImuError.cpp:165] gyr saturation
W20250111 19:39:17.190212 1911175 ImuError.cpp:165] gyr saturation
W20250111 19:39:17.190220 1911175 ImuError.cpp:165] gyr saturation
W20250111 19:39:17.190232 1911175 ImuError.cpp:165] gyr saturation
W20250111 19:39:17.190240 1911175 ImuError.cpp:165] gyr saturation
W20250111 19:39:17.190248 1911175 ImuError.cpp:165] gyr saturation
W20250111 19:39:17.190256 1911175 ImuError.cpp:165] gyr saturation
W20250111 19:39:17.190264 1911175 ImuError.cpp:165] gyr saturation
W20250111 19:39:17.190272 1911175 ImuError.cpp:165] gyr saturation
W20250111 19:39:17.190281 1911175 ImuError.cpp:165] gyr saturation
I20250111 19:39:17.191612 1694375 Frontend.cpp:2274] RANSAC FAIL: 9 inliers, ratio = 0.9
I20250111 19:39:18.084753 1694375 okvis_app_synchronous.cpp:210] OKVIS Timing
-----------
1 DetectAndDescribe                	   3565	00:00:06.831169	(00:00:00.001916 +- 00:00:00.000402)	[00:00:00.000922,00:00:00.004225]
2 Match                            	   3565	00:00:23.408612	(00:00:00.006566 +- 00:00:00.002577)	[00:00:00.000194,00:00:00.017610]
2.01 match to map                  	   3564	00:00:16.956972	(00:00:00.004758 +- 00:00:00.002206)	[00:00:00.000047,00:00:00.014422]
2.02 match motion stereo           	   3564	00:00:04.562159	(00:00:00.001280 +- 00:00:00.000441)	[00:00:00.000047,00:00:00.005286]
2.02.1 match motion stereo: prepare	   3564	00:00:01.028730	(00:00:00.000289 +- 00:00:00.000117)	[00:00:00.000001,00:00:00.001300]
2.10 match stereo                  	    952	00:00:00.035089	(00:00:00.000037 +- 00:00:00.000044)	[00:00:00.000001,00:00:00.000370]
3 Optimise                         	   3564	00:00:52.981513	(00:00:00.014866 +- 00:00:00.005817)	[00:00:00.001096,00:00:00.034739]
4 Prepare publishing               	   3564	00:00:02.874739	(00:00:00.000807 +- 00:00:00.000323)	[00:00:00.000031,00:00:00.003110]
6 Visualising                      	   3564	00:00:00.000852	(00:00:00.000000 +- 00:00:00.000000)	[00:00:00.000000,00:00:00.000009]
7 Marginalise                      	   3564	00:00:06.157345	(00:00:00.001728 +- 00:00:00.000727)	[00:00:00.000003,00:00:00.007842]
7.1 check/handle lost              	   3564	00:00:00.104624	(00:00:00.000029 +- 00:00:00.000019)	[00:00:00.000000,00:00:00.000243]
7.2 eliminate IMU frames           	   3564	00:00:02.728656	(00:00:00.000766 +- 00:00:00.000549)	[00:00:00.000000,00:00:00.002428]
7.3 convert to posegraph           	   1131	00:00:00.925775	(00:00:00.000819 +- 00:00:00.000494)	[00:00:00.000104,00:00:00.005075]
7.4 freezing                       	   3563	00:00:00.003867	(00:00:00.000001 +- 00:00:00.000002)	[00:00:00.000000,00:00:00.000015]
7.6 expand                         	   3523	00:00:00.767306	(00:00:00.000218 +- 00:00:00.000117)	[00:00:00.000022,00:00:00.002037]
7.7 prune place recognition frames 	   3563	00:00:00.777824	(00:00:00.000218 +- 00:00:00.000113)	[00:00:00.000002,00:00:00.000844]
I20250111 19:39:18.084906 1694375 okvis_app_synchronous.cpp:219] Progress: 66% (1 [1%/s], ETA: 34s)
I20250111 19:39:18.633126 1694375 Frontend.cpp:2274] RANSAC FAIL: 46 inliers, ratio = 0.686567
I20250111 19:39:19.416445 1694375 okvis_app_synchronous.cpp:210] OKVIS Timing
-----------
1 DetectAndDescribe                	   3619	00:00:06.931514	(00:00:00.001915 +- 00:00:00.000400)	[00:00:00.000922,00:00:00.004225]
2 Match                            	   3619	00:00:24.010720	(00:00:00.006635 +- 00:00:00.002618)	[00:00:00.000194,00:00:00.017610]
2.01 match to map                  	   3618	00:00:17.465029	(00:00:00.004827 +- 00:00:00.002262)	[00:00:00.000047,00:00:00.014422]
2.02 match motion stereo           	   3618	00:00:04.629060	(00:00:00.001279 +- 00:00:00.000439)	[00:00:00.000047,00:00:00.005286]
2.02.1 match motion stereo: prepare	   3618	00:00:01.042515	(00:00:00.000288 +- 00:00:00.000116)	[00:00:00.000001,00:00:00.001300]
2.10 match stereo                  	    960	00:00:00.035526	(00:00:00.000037 +- 00:00:00.000044)	[00:00:00.000001,00:00:00.000370]
3 Optimise                         	   3618	00:00:53.598214	(00:00:00.014814 +- 00:00:00.005791)	[00:00:00.001096,00:00:00.034739]
4 Prepare publishing               	   3618	00:00:02.907324	(00:00:00.000804 +- 00:00:00.000322)	[00:00:00.000031,00:00:00.003110]
6 Visualising                      	   3618	00:00:00.000861	(00:00:00.000000 +- 00:00:00.000000)	[00:00:00.000000,00:00:00.000009]
7 Marginalise                      	   3618	00:00:06.229941	(00:00:00.001722 +- 00:00:00.000725)	[00:00:00.000003,00:00:00.007842]
7.1 check/handle lost              	   3618	00:00:00.105700	(00:00:00.000029 +- 00:00:00.000019)	[00:00:00.000000,00:00:00.000243]
7.2 eliminate IMU frames           	   3618	00:00:02.768332	(00:00:00.000765 +- 00:00:00.000546)	[00:00:00.000000,00:00:00.002428]
7.3 convert to posegraph           	   1141	00:00:00.931488	(00:00:00.000816 +- 00:00:00.000493)	[00:00:00.000104,00:00:00.005075]
7.4 freezing                       	   3617	00:00:00.003895	(00:00:00.000001 +- 00:00:00.000002)	[00:00:00.000000,00:00:00.000015]
7.6 expand                         	   3577	00:00:00.775938	(00:00:00.000217 +- 00:00:00.000116)	[00:00:00.000022,00:00:00.002037]
7.7 prune place recognition frames 	   3617	00:00:00.786002	(00:00:00.000217 +- 00:00:00.000112)	[00:00:00.000002,00:00:00.000844]
I20250111 19:39:19.416589 1694375 okvis_app_synchronous.cpp:219] Progress: 67% (1 [1%/s], ETA: 33s)
I20250111 19:39:19.526163 1694375 Frontend.cpp:2274] RANSAC FAIL: 35 inliers, ratio = 0.660377
I20250111 19:39:20.833060 1694375 Frontend.cpp:2274] RANSAC FAIL: 41 inliers, ratio = 0.694915
I20250111 19:39:20.873097 1694375 okvis_app_synchronous.cpp:210] OKVIS Timing
-----------
1 DetectAndDescribe                	   3673	00:00:07.036633	(00:00:00.001916 +- 00:00:00.000397)	[00:00:00.000922,00:00:00.004225]
2 Match                            	   3673	00:00:24.669655	(00:00:00.006716 +- 00:00:00.002684)	[00:00:00.000194,00:00:00.017610]
2.01 match to map                  	   3672	00:00:18.002368	(00:00:00.004903 +- 00:00:00.002329)	[00:00:00.000047,00:00:00.014422]
2.02 match motion stereo           	   3672	00:00:04.717143	(00:00:00.001285 +- 00:00:00.000439)	[00:00:00.000047,00:00:00.005286]
2.02.1 match motion stereo: prepare	   3672	00:00:01.060430	(00:00:00.000289 +- 00:00:00.000115)	[00:00:00.000001,00:00:00.001300]
2.10 match stereo                  	    979	00:00:00.035966	(00:00:00.000037 +- 00:00:00.000044)	[00:00:00.000001,00:00:00.000370]
3 Optimise                         	   3672	00:00:54.249040	(00:00:00.014774 +- 00:00:00.005761)	[00:00:00.001096,00:00:00.034739]
4 Prepare publishing               	   3672	00:00:02.949532	(00:00:00.000803 +- 00:00:00.000321)	[00:00:00.000031,00:00:00.003110]
6 Visualising                      	   3672	00:00:00.000871	(00:00:00.000000 +- 00:00:00.000000)	[00:00:00.000000,00:00:00.000009]
7 Marginalise                      	   3672	00:00:06.327285	(00:00:00.001723 +- 00:00:00.000723)	[00:00:00.000003,00:00:00.007842]
7.1 check/handle lost              	   3672	00:00:00.107026	(00:00:00.000029 +- 00:00:00.000019)	[00:00:00.000000,00:00:00.000243]
7.2 eliminate IMU frames           	   3672	00:00:02.803470	(00:00:00.000763 +- 00:00:00.000546)	[00:00:00.000000,00:00:00.002428]
7.3 convert to posegraph           	   1166	00:00:00.954611	(00:00:00.000819 +- 00:00:00.000494)	[00:00:00.000104,00:00:00.005075]
7.4 freezing                       	   3671	00:00:00.003957	(00:00:00.000001 +- 00:00:00.000002)	[00:00:00.000000,00:00:00.000015]
7.6 expand                         	   3628	00:00:00.788593	(00:00:00.000217 +- 00:00:00.000117)	[00:00:00.000022,00:00:00.002037]
7.7 prune place recognition frames 	   3671	00:00:00.797232	(00:00:00.000217 +- 00:00:00.000111)	[00:00:00.000002,00:00:00.000844]
I20250111 19:39:20.873284 1694375 okvis_app_synchronous.cpp:219] Progress: 68% (1 [1%/s], ETA: 32s)
I20250111 19:39:22.270593 1694375 Frontend.cpp:2274] RANSAC FAIL: 40 inliers, ratio = 0.645161
I20250111 19:39:22.526979 1694375 okvis_app_synchronous.cpp:210] OKVIS Timing
-----------
1 DetectAndDescribe                	   3727	00:00:07.146984	(00:00:00.001918 +- 00:00:00.000395)	[00:00:00.000922,00:00:00.004225]
2 Match                            	   3727	00:00:25.346277	(00:00:00.006801 +- 00:00:00.002755)	[00:00:00.000194,00:00:00.017610]
2.01 match to map                  	   3726	00:00:18.560885	(00:00:00.004981 +- 00:00:00.002403)	[00:00:00.000047,00:00:00.014422]
2.02 match motion stereo           	   3726	00:00:04.802401	(00:00:00.001289 +- 00:00:00.000438)	[00:00:00.000047,00:00:00.005286]
2.02.1 match motion stereo: prepare	   3726	00:00:01.078311	(00:00:00.000289 +- 00:00:00.000115)	[00:00:00.000001,00:00:00.001300]
2.10 match stereo                  	    997	00:00:00.036777	(00:00:00.000037 +- 00:00:00.000043)	[00:00:00.000001,00:00:00.000370]
3 Optimise                         	   3726	00:00:55.092297	(00:00:00.014786 +- 00:00:00.005727)	[00:00:00.001096,00:00:00.034739]
4 Prepare publishing               	   3726	00:00:02.991175	(00:00:00.000803 +- 00:00:00.000319)	[00:00:00.000031,00:00:00.003110]
6 Visualising                      	   3726	00:00:00.000880	(00:00:00.000000 +- 00:00:00.000000)	[00:00:00.000000,00:00:00.000009]
7 Marginalise                      	   3726	00:00:06.412749	(00:00:00.001721 +- 00:00:00.000719)	[00:00:00.000003,00:00:00.007842]
7.1 check/handle lost              	   3726	00:00:00.108265	(00:00:00.000029 +- 00:00:00.000019)	[00:00:00.000000,00:00:00.000243]
7.2 eliminate IMU frames           	   3726	00:00:02.835150	(00:00:00.000761 +- 00:00:00.000545)	[00:00:00.000000,00:00:00.002428]
7.3 convert to posegraph           	   1186	00:00:00.971460	(00:00:00.000819 +- 00:00:00.000491)	[00:00:00.000104,00:00:00.005075]
7.4 freezing                       	   3725	00:00:00.004018	(00:00:00.000001 +- 00:00:00.000002)	[00:00:00.000000,00:00:00.000015]
7.6 expand                         	   3682	00:00:00.800212	(00:00:00.000217 +- 00:00:00.000116)	[00:00:00.000022,00:00:00.002037]
7.7 prune place recognition frames 	   3725	00:00:00.808422	(00:00:00.000217 +- 00:00:00.000111)	[00:00:00.000002,00:00:00.000844]
I20250111 19:39:22.527110 1694375 okvis_app_synchronous.cpp:219] Progress: 69% (1 [1%/s], ETA: 31s)
W20250111 19:39:23.763711 1694375 Frontend.cpp:612] 3d2d tracking weak: quality=0. Number of 3d2d-matches: 9
W20250111 19:39:23.792616 1694375 Frontend.cpp:612] 3d2d tracking weak: quality=0. Number of 3d2d-matches: 6
W20250111 19:39:23.808004 1925925 ViSlamBackend.cpp:466] TRACKING FAILURE: quality=0
W20250111 19:39:23.818840 1694375 Frontend.cpp:612] 3d2d tracking weak: quality=0. Number of 3d2d-matches: 7
I20250111 19:39:24.097951 1694375 okvis_app_synchronous.cpp:210] OKVIS Timing
-----------
1 DetectAndDescribe                	   3781	00:00:07.253683	(00:00:00.001918 +- 00:00:00.000393)	[00:00:00.000922,00:00:00.004225]
2 Match                            	   3781	00:00:26.040701	(00:00:00.006887 +- 00:00:00.002837)	[00:00:00.000194,00:00:00.017610]
2.01 match to map                  	   3780	00:00:19.140597	(00:00:00.005064 +- 00:00:00.002490)	[00:00:00.000047,00:00:00.014422]
2.02 match motion stereo           	   3780	00:00:04.882481	(00:00:00.001292 +- 00:00:00.000436)	[00:00:00.000047,00:00:00.005286]
2.02.1 match motion stereo: prepare	   3780	00:00:01.096857	(00:00:00.000290 +- 00:00:00.000115)	[00:00:00.000001,00:00:00.001300]
2.10 match stereo                  	   1009	00:00:00.036961	(00:00:00.000037 +- 00:00:00.000043)	[00:00:00.000001,00:00:00.000370]
3 Optimise                         	   3780	00:00:55.818794	(00:00:00.014767 +- 00:00:00.005703)	[00:00:00.001096,00:00:00.034739]
4 Prepare publishing               	   3780	00:00:03.036102	(00:00:00.000803 +- 00:00:00.000319)	[00:00:00.000031,00:00:00.003110]
6 Visualising                      	   3780	00:00:00.000891	(00:00:00.000000 +- 00:00:00.000000)	[00:00:00.000000,00:00:00.000009]
7 Marginalise                      	   3780	00:00:06.510672	(00:00:00.001722 +- 00:00:00.000719)	[00:00:00.000003,00:00:00.007842]
7.1 check/handle lost              	   3780	00:00:00.110108	(00:00:00.000029 +- 00:00:00.000019)	[00:00:00.000000,00:00:00.000278]
7.2 eliminate IMU frames           	   3780	00:00:02.882523	(00:00:00.000763 +- 00:00:00.000545)	[00:00:00.000000,00:00:00.002428]
7.3 convert to posegraph           	   1201	00:00:00.982790	(00:00:00.000818 +- 00:00:00.000491)	[00:00:00.000104,00:00:00.005075]
7.4 freezing                       	   3779	00:00:00.004071	(00:00:00.000001 +- 00:00:00.000002)	[00:00:00.000000,00:00:00.000015]
7.6 expand                         	   3735	00:00:00.812715	(00:00:00.000218 +- 00:00:00.000117)	[00:00:00.000022,00:00:00.002037]
7.7 prune place recognition frames 	   3779	00:00:00.820678	(00:00:00.000217 +- 00:00:00.000111)	[00:00:00.000002,00:00:00.000844]
I20250111 19:39:24.098100 1694375 okvis_app_synchronous.cpp:219] Progress: 70% (1 [1%/s], ETA: 30s)
I20250111 19:39:24.717024 1694375 Frontend.cpp:2274] RANSAC FAIL: 9 inliers, ratio = 0.9
W20250111 19:39:24.747004 1694375 Frontend.cpp:612] 3d2d tracking weak: quality=0. Number of 3d2d-matches: 6
I20250111 19:39:25.450421 1694375 okvis_app_synchronous.cpp:210] OKVIS Timing
-----------
1 DetectAndDescribe                	   3835	00:00:07.350158	(00:00:00.001917 +- 00:00:00.000392)	[00:00:00.000922,00:00:00.004225]
2 Match                            	   3835	00:00:26.661352	(00:00:00.006952 +- 00:00:00.002871)	[00:00:00.000194,00:00:00.017610]
2.01 match to map                  	   3834	00:00:19.655507	(00:00:00.005127 +- 00:00:00.002530)	[00:00:00.000047,00:00:00.014422]
2.02 match motion stereo           	   3834	00:00:04.961233	(00:00:00.001294 +- 00:00:00.000435)	[00:00:00.000047,00:00:00.005286]
2.02.1 match motion stereo: prepare	   3834	00:00:01.111288	(00:00:00.000290 +- 00:00:00.000114)	[00:00:00.000001,00:00:00.001300]
2.10 match stereo                  	   1029	00:00:00.037308	(00:00:00.000036 +- 00:00:00.000043)	[00:00:00.000001,00:00:00.000370]
3 Optimise                         	   3834	00:00:56.438264	(00:00:00.014720 +- 00:00:00.005690)	[00:00:00.001096,00:00:00.034739]
4 Prepare publishing               	   3834	00:00:03.067803	(00:00:00.000800 +- 00:00:00.000319)	[00:00:00.000031,00:00:00.003110]
6 Visualising                      	   3834	00:00:00.000899	(00:00:00.000000 +- 00:00:00.000000)	[00:00:00.000000,00:00:00.000009]
7 Marginalise                      	   3834	00:00:06.584373	(00:00:00.001717 +- 00:00:00.000718)	[00:00:00.000003,00:00:00.007842]
7.1 check/handle lost              	   3834	00:00:00.111124	(00:00:00.000029 +- 00:00:00.000019)	[00:00:00.000000,00:00:00.000278]
7.2 eliminate IMU frames           	   3834	00:00:02.912596	(00:00:00.000760 +- 00:00:00.000544)	[00:00:00.000000,00:00:00.002428]
7.3 convert to posegraph           	   1223	00:00:00.997131	(00:00:00.000815 +- 00:00:00.000489)	[00:00:00.000104,00:00:00.005075]
7.4 freezing                       	   3833	00:00:00.004127	(00:00:00.000001 +- 00:00:00.000002)	[00:00:00.000000,00:00:00.000015]
7.6 expand                         	   3787	00:00:00.822962	(00:00:00.000217 +- 00:00:00.000118)	[00:00:00.000022,00:00:00.002037]
7.7 prune place recognition frames 	   3833	00:00:00.829628	(00:00:00.000216 +- 00:00:00.000111)	[00:00:00.000002,00:00:00.000844]
I20250111 19:39:25.450570 1694375 okvis_app_synchronous.cpp:219] Progress: 71% (1 [1%/s], ETA: 29s)
W20250111 19:39:25.541168 1694375 ImuError.cpp:650] gyr saturation
W20250111 19:39:25.541230 1694375 ImuError.cpp:650] gyr saturation
W20250111 19:39:25.541240 1694375 ImuError.cpp:650] gyr saturation
W20250111 19:39:25.541246 1694375 ImuError.cpp:650] gyr saturation
W20250111 19:39:25.541252 1694375 ImuError.cpp:650] gyr saturation
W20250111 19:39:25.541258 1694375 ImuError.cpp:650] gyr saturation
W20250111 19:39:25.541265 1694375 ImuError.cpp:650] gyr saturation
W20250111 19:39:25.541270 1694375 ImuError.cpp:650] gyr saturation
W20250111 19:39:25.541275 1694375 ImuError.cpp:650] gyr saturation
W20250111 19:39:25.541280 1694375 ImuError.cpp:650] gyr saturation
W20250111 19:39:25.541285 1694375 ImuError.cpp:650] gyr saturation
W20250111 19:39:25.541291 1694375 ImuError.cpp:650] gyr saturation
W20250111 19:39:25.541298 1694375 ImuError.cpp:650] gyr saturation
W20250111 19:39:25.550806 1694375 ImuError.cpp:650] gyr saturation
W20250111 19:39:25.550877 1694375 ImuError.cpp:650] gyr saturation
W20250111 19:39:25.550886 1694375 ImuError.cpp:650] gyr saturation
W20250111 19:39:25.550895 1694375 ImuError.cpp:650] gyr saturation
W20250111 19:39:25.550901 1694375 ImuError.cpp:650] gyr saturation
W20250111 19:39:25.550908 1694375 ImuError.cpp:650] gyr saturation
W20250111 19:39:25.550913 1694375 ImuError.cpp:650] gyr saturation
W20250111 19:39:25.550920 1694375 ImuError.cpp:650] gyr saturation
W20250111 19:39:25.550925 1694375 ImuError.cpp:650] gyr saturation
W20250111 19:39:25.550931 1694375 ImuError.cpp:650] gyr saturation
W20250111 19:39:25.550937 1694375 ImuError.cpp:650] gyr saturation
W20250111 19:39:25.550944 1694375 ImuError.cpp:650] gyr saturation
W20250111 19:39:25.550949 1694375 ImuError.cpp:650] gyr saturation
W20250111 19:39:25.551085 1694375 ImuError.cpp:650] gyr saturation
W20250111 19:39:25.551095 1694375 ImuError.cpp:650] gyr saturation
W20250111 19:39:25.551100 1694375 ImuError.cpp:650] gyr saturation
W20250111 19:39:25.551106 1694375 ImuError.cpp:650] gyr saturation
W20250111 19:39:25.551113 1694375 ImuError.cpp:650] gyr saturation
W20250111 19:39:25.551120 1694375 ImuError.cpp:650] gyr saturation
W20250111 19:39:25.551126 1694375 ImuError.cpp:650] gyr saturation
W20250111 19:39:25.551131 1694375 ImuError.cpp:650] gyr saturation
W20250111 19:39:25.551136 1694375 ImuError.cpp:650] gyr saturation
W20250111 19:39:25.551142 1694375 ImuError.cpp:650] gyr saturation
W20250111 19:39:25.551147 1694375 ImuError.cpp:650] gyr saturation
W20250111 19:39:25.551153 1694375 ImuError.cpp:650] gyr saturation
W20250111 19:39:25.551160 1694375 ImuError.cpp:650] gyr saturation
W20250111 19:39:25.555583 1694375 ImuError.cpp:368] gyr saturation
W20250111 19:39:25.555656 1694375 ImuError.cpp:368] gyr saturation
W20250111 19:39:25.555673 1694375 ImuError.cpp:368] gyr saturation
W20250111 19:39:25.555685 1694375 ImuError.cpp:368] gyr saturation
W20250111 19:39:25.555697 1694375 ImuError.cpp:368] gyr saturation
W20250111 19:39:25.555708 1694375 ImuError.cpp:368] gyr saturation
W20250111 19:39:25.555719 1694375 ImuError.cpp:368] gyr saturation
W20250111 19:39:25.555730 1694375 ImuError.cpp:368] gyr saturation
W20250111 19:39:25.555742 1694375 ImuError.cpp:368] gyr saturation
W20250111 19:39:25.555763 1694375 ImuError.cpp:368] gyr saturation
W20250111 19:39:25.555775 1694375 ImuError.cpp:368] gyr saturation
W20250111 19:39:25.555786 1694375 ImuError.cpp:368] gyr saturation
W20250111 19:39:25.555796 1694375 ImuError.cpp:368] gyr saturation
W20250111 19:39:25.562484 1694375 ImuError.cpp:650] gyr saturation
W20250111 19:39:25.562542 1694375 ImuError.cpp:650] gyr saturation
W20250111 19:39:25.562551 1694375 ImuError.cpp:650] gyr saturation
W20250111 19:39:25.562556 1694375 ImuError.cpp:650] gyr saturation
W20250111 19:39:25.562561 1694375 ImuError.cpp:650] gyr saturation
W20250111 19:39:25.562584 1694375 ImuError.cpp:650] gyr saturation
W20250111 19:39:25.562592 1694375 ImuError.cpp:650] gyr saturation
W20250111 19:39:25.562597 1694375 ImuError.cpp:650] gyr saturation
W20250111 19:39:25.562603 1694375 ImuError.cpp:650] gyr saturation
W20250111 19:39:25.562613 1694375 ImuError.cpp:650] gyr saturation
W20250111 19:39:25.562619 1694375 ImuError.cpp:650] gyr saturation
W20250111 19:39:25.562625 1694375 ImuError.cpp:650] gyr saturation
W20250111 19:39:25.562637 1694375 ImuError.cpp:650] gyr saturation
W20250111 19:39:25.562644 1694375 ImuError.cpp:650] gyr saturation
W20250111 19:39:25.562650 1694375 ImuError.cpp:650] gyr saturation
W20250111 19:39:25.562657 1694375 ImuError.cpp:650] gyr saturation
W20250111 19:39:25.562664 1694375 ImuError.cpp:650] gyr saturation
W20250111 19:39:25.562669 1694375 ImuError.cpp:650] gyr saturation
W20250111 19:39:25.562675 1694375 ImuError.cpp:650] gyr saturation
W20250111 19:39:25.562683 1694375 ImuError.cpp:650] gyr saturation
W20250111 19:39:25.562690 1694375 ImuError.cpp:650] gyr saturation
W20250111 19:39:25.562695 1694375 ImuError.cpp:650] gyr saturation
W20250111 19:39:25.562701 1694375 ImuError.cpp:650] gyr saturation
W20250111 19:39:25.562707 1694375 ImuError.cpp:650] gyr saturation
W20250111 19:39:25.562713 1694375 ImuError.cpp:650] gyr saturation
W20250111 19:39:25.562719 1694375 ImuError.cpp:650] gyr saturation
W20250111 19:39:25.562726 1694375 ImuError.cpp:650] gyr saturation
W20250111 19:39:25.562731 1694375 ImuError.cpp:650] gyr saturation
W20250111 19:39:25.562737 1694375 ImuError.cpp:650] gyr saturation
W20250111 19:39:25.562743 1694375 ImuError.cpp:650] gyr saturation
W20250111 19:39:25.562749 1694375 ImuError.cpp:650] gyr saturation
W20250111 19:39:25.562755 1694375 ImuError.cpp:650] gyr saturation
W20250111 19:39:25.562762 1694375 ImuError.cpp:650] gyr saturation
W20250111 19:39:25.562769 1694375 ImuError.cpp:650] gyr saturation
W20250111 19:39:25.562774 1694375 ImuError.cpp:650] gyr saturation
W20250111 19:39:25.562780 1694375 ImuError.cpp:650] gyr saturation
W20250111 19:39:25.562785 1694375 ImuError.cpp:650] gyr saturation
W20250111 19:39:25.562790 1694375 ImuError.cpp:650] gyr saturation
W20250111 19:39:25.562798 1694375 ImuError.cpp:650] gyr saturation
W20250111 19:39:25.562803 1694375 ImuError.cpp:650] gyr saturation
W20250111 19:39:25.562808 1694375 ImuError.cpp:650] gyr saturation
W20250111 19:39:25.562813 1694375 ImuError.cpp:650] gyr saturation
W20250111 19:39:25.562819 1694375 ImuError.cpp:650] gyr saturation
W20250111 19:39:25.562825 1694375 ImuError.cpp:650] gyr saturation
W20250111 19:39:25.562831 1694375 ImuError.cpp:650] gyr saturation
W20250111 19:39:25.562837 1694375 ImuError.cpp:650] gyr saturation
W20250111 19:39:25.562842 1694375 ImuError.cpp:650] gyr saturation
W20250111 19:39:25.573945 1694375 ImuError.cpp:650] gyr saturation
W20250111 19:39:25.574016 1694375 ImuError.cpp:650] gyr saturation
W20250111 19:39:25.574023 1694375 ImuError.cpp:650] gyr saturation
W20250111 19:39:25.574028 1694375 ImuError.cpp:650] gyr saturation
W20250111 19:39:25.574035 1694375 ImuError.cpp:650] gyr saturation
W20250111 19:39:25.574040 1694375 ImuError.cpp:650] gyr saturation
W20250111 19:39:25.574046 1694375 ImuError.cpp:650] gyr saturation
W20250111 19:39:25.574052 1694375 ImuError.cpp:650] gyr saturation
W20250111 19:39:25.574059 1694375 ImuError.cpp:650] gyr saturation
W20250111 19:39:25.574064 1694375 ImuError.cpp:650] gyr saturation
W20250111 19:39:25.574079 1694375 ImuError.cpp:650] gyr saturation
W20250111 19:39:25.574085 1694375 ImuError.cpp:650] gyr saturation
W20250111 19:39:25.574090 1694375 ImuError.cpp:650] gyr saturation
W20250111 19:39:25.574097 1694375 ImuError.cpp:650] gyr saturation
W20250111 19:39:25.574105 1694375 ImuError.cpp:650] gyr saturation
W20250111 19:39:25.574111 1694375 ImuError.cpp:650] gyr saturation
W20250111 19:39:25.574116 1694375 ImuError.cpp:650] gyr saturation
W20250111 19:39:25.574121 1694375 ImuError.cpp:650] gyr saturation
W20250111 19:39:25.574127 1694375 ImuError.cpp:650] gyr saturation
W20250111 19:39:25.574141 1694375 ImuError.cpp:650] gyr saturation
W20250111 19:39:25.574147 1694375 ImuError.cpp:650] gyr saturation
W20250111 19:39:25.574153 1694375 ImuError.cpp:650] gyr saturation
W20250111 19:39:25.574158 1694375 ImuError.cpp:650] gyr saturation
W20250111 19:39:25.574164 1694375 ImuError.cpp:650] gyr saturation
W20250111 19:39:25.574169 1694375 ImuError.cpp:650] gyr saturation
W20250111 19:39:25.574175 1694375 ImuError.cpp:650] gyr saturation
W20250111 19:39:25.574180 1694375 ImuError.cpp:650] gyr saturation
W20250111 19:39:25.574187 1694375 ImuError.cpp:650] gyr saturation
W20250111 19:39:25.574193 1694375 ImuError.cpp:650] gyr saturation
W20250111 19:39:25.574198 1694375 ImuError.cpp:650] gyr saturation
W20250111 19:39:25.574203 1694375 ImuError.cpp:650] gyr saturation
W20250111 19:39:25.574209 1694375 ImuError.cpp:650] gyr saturation
W20250111 19:39:25.574215 1694375 ImuError.cpp:650] gyr saturation
W20250111 19:39:25.574222 1694375 ImuError.cpp:650] gyr saturation
W20250111 19:39:25.574229 1694375 ImuError.cpp:650] gyr saturation
W20250111 19:39:25.574383 1694375 ImuError.cpp:650] gyr saturation
W20250111 19:39:25.574390 1694375 ImuError.cpp:650] gyr saturation
W20250111 19:39:25.574397 1694375 ImuError.cpp:650] gyr saturation
W20250111 19:39:25.574402 1694375 ImuError.cpp:650] gyr saturation
W20250111 19:39:25.574409 1694375 ImuError.cpp:650] gyr saturation
W20250111 19:39:25.574414 1694375 ImuError.cpp:650] gyr saturation
W20250111 19:39:25.574421 1694375 ImuError.cpp:650] gyr saturation
W20250111 19:39:25.574426 1694375 ImuError.cpp:650] gyr saturation
W20250111 19:39:25.574432 1694375 ImuError.cpp:650] gyr saturation
W20250111 19:39:25.574438 1694375 ImuError.cpp:650] gyr saturation
W20250111 19:39:25.574445 1694375 ImuError.cpp:650] gyr saturation
W20250111 19:39:25.574450 1694375 ImuError.cpp:650] gyr saturation
W20250111 19:39:25.574455 1694375 ImuError.cpp:650] gyr saturation
W20250111 19:39:25.574461 1694375 ImuError.cpp:650] gyr saturation
W20250111 19:39:25.574466 1694375 ImuError.cpp:650] gyr saturation
W20250111 19:39:25.574472 1694375 ImuError.cpp:650] gyr saturation
W20250111 19:39:25.574478 1694375 ImuError.cpp:650] gyr saturation
W20250111 19:39:25.574483 1694375 ImuError.cpp:650] gyr saturation
W20250111 19:39:25.574489 1694375 ImuError.cpp:650] gyr saturation
W20250111 19:39:25.574494 1694375 ImuError.cpp:650] gyr saturation
W20250111 19:39:25.574501 1694375 ImuError.cpp:650] gyr saturation
W20250111 19:39:25.574507 1694375 ImuError.cpp:650] gyr saturation
W20250111 19:39:25.574513 1694375 ImuError.cpp:650] gyr saturation
W20250111 19:39:25.574520 1694375 ImuError.cpp:650] gyr saturation
W20250111 19:39:25.574527 1694375 ImuError.cpp:650] gyr saturation
W20250111 19:39:25.574532 1694375 ImuError.cpp:650] gyr saturation
W20250111 19:39:25.574538 1694375 ImuError.cpp:650] gyr saturation
W20250111 19:39:25.574543 1694375 ImuError.cpp:650] gyr saturation
W20250111 19:39:25.574549 1694375 ImuError.cpp:650] gyr saturation
W20250111 19:39:25.574554 1694375 ImuError.cpp:650] gyr saturation
W20250111 19:39:25.574560 1694375 ImuError.cpp:650] gyr saturation
W20250111 19:39:25.574566 1694375 ImuError.cpp:650] gyr saturation
W20250111 19:39:25.574573 1694375 ImuError.cpp:650] gyr saturation
W20250111 19:39:25.574579 1694375 ImuError.cpp:650] gyr saturation
W20250111 19:39:25.574584 1694375 ImuError.cpp:650] gyr saturation
W20250111 19:39:25.578820 1694387 ImuError.cpp:368] gyr saturation
W20250111 19:39:25.578876 1694387 ImuError.cpp:368] gyr saturation
W20250111 19:39:25.578886 1694387 ImuError.cpp:368] gyr saturation
W20250111 19:39:25.578894 1694387 ImuError.cpp:368] gyr saturation
W20250111 19:39:25.578903 1694387 ImuError.cpp:368] gyr saturation
W20250111 19:39:25.578913 1694387 ImuError.cpp:368] gyr saturation
W20250111 19:39:25.578922 1694387 ImuError.cpp:368] gyr saturation
W20250111 19:39:25.578931 1694387 ImuError.cpp:368] gyr saturation
W20250111 19:39:25.578940 1694387 ImuError.cpp:368] gyr saturation
W20250111 19:39:25.578948 1694387 ImuError.cpp:368] gyr saturation
W20250111 19:39:25.578960 1694387 ImuError.cpp:368] gyr saturation
W20250111 19:39:25.578969 1694387 ImuError.cpp:368] gyr saturation
W20250111 19:39:25.578979 1694387 ImuError.cpp:368] gyr saturation
W20250111 19:39:25.578986 1694387 ImuError.cpp:368] gyr saturation
W20250111 19:39:25.578994 1694387 ImuError.cpp:368] gyr saturation
W20250111 19:39:25.579003 1694387 ImuError.cpp:368] gyr saturation
W20250111 19:39:25.579012 1694387 ImuError.cpp:368] gyr saturation
W20250111 19:39:25.579020 1694387 ImuError.cpp:368] gyr saturation
W20250111 19:39:25.579028 1694387 ImuError.cpp:368] gyr saturation
W20250111 19:39:25.579037 1694387 ImuError.cpp:368] gyr saturation
W20250111 19:39:25.579044 1694387 ImuError.cpp:368] gyr saturation
W20250111 19:39:25.579051 1694387 ImuError.cpp:368] gyr saturation
W20250111 19:39:25.579059 1694387 ImuError.cpp:368] gyr saturation
W20250111 19:39:25.579066 1694387 ImuError.cpp:368] gyr saturation
W20250111 19:39:25.579073 1694387 ImuError.cpp:368] gyr saturation
W20250111 19:39:25.579080 1694387 ImuError.cpp:368] gyr saturation
W20250111 19:39:25.579088 1694387 ImuError.cpp:368] gyr saturation
W20250111 19:39:25.579095 1694387 ImuError.cpp:368] gyr saturation
W20250111 19:39:25.579102 1694387 ImuError.cpp:368] gyr saturation
W20250111 19:39:25.579109 1694387 ImuError.cpp:368] gyr saturation
W20250111 19:39:25.579116 1694387 ImuError.cpp:368] gyr saturation
W20250111 19:39:25.579124 1694387 ImuError.cpp:368] gyr saturation
W20250111 19:39:25.579131 1694387 ImuError.cpp:368] gyr saturation
W20250111 19:39:25.579138 1694387 ImuError.cpp:368] gyr saturation
W20250111 19:39:25.579145 1694387 ImuError.cpp:368] gyr saturation
W20250111 19:39:25.585837 1694375 ImuError.cpp:650] gyr saturation
W20250111 19:39:25.585901 1694375 ImuError.cpp:650] gyr saturation
W20250111 19:39:25.585908 1694375 ImuError.cpp:650] gyr saturation
W20250111 19:39:25.585917 1694375 ImuError.cpp:650] gyr saturation
W20250111 19:39:25.585927 1694375 ImuError.cpp:650] gyr saturation
W20250111 19:39:25.585935 1694375 ImuError.cpp:650] gyr saturation
W20250111 19:39:25.585944 1694375 ImuError.cpp:650] gyr saturation
W20250111 19:39:25.585951 1694375 ImuError.cpp:650] gyr saturation
W20250111 19:39:25.585958 1694375 ImuError.cpp:650] gyr saturation
W20250111 19:39:25.585964 1694375 ImuError.cpp:650] gyr saturation
W20250111 19:39:25.585971 1694375 ImuError.cpp:650] gyr saturation
W20250111 19:39:25.585979 1694375 ImuError.cpp:650] gyr saturation
W20250111 19:39:25.585986 1694375 ImuError.cpp:650] gyr saturation
W20250111 19:39:25.585994 1694375 ImuError.cpp:650] gyr saturation
W20250111 19:39:25.586001 1694375 ImuError.cpp:650] gyr saturation
W20250111 19:39:25.586007 1694375 ImuError.cpp:650] gyr saturation
W20250111 19:39:25.586014 1694375 ImuError.cpp:650] gyr saturation
W20250111 19:39:25.586021 1694375 ImuError.cpp:650] gyr saturation
W20250111 19:39:25.586027 1694375 ImuError.cpp:650] gyr saturation
W20250111 19:39:25.586033 1694375 ImuError.cpp:650] gyr saturation
W20250111 19:39:25.586040 1694375 ImuError.cpp:650] gyr saturation
W20250111 19:39:25.586045 1694375 ImuError.cpp:650] gyr saturation
W20250111 19:39:25.586051 1694375 ImuError.cpp:650] gyr saturation
W20250111 19:39:25.586058 1694375 ImuError.cpp:650] gyr saturation
W20250111 19:39:25.586066 1694375 ImuError.cpp:650] gyr saturation
W20250111 19:39:25.586071 1694375 ImuError.cpp:650] gyr saturation
W20250111 19:39:25.586077 1694375 ImuError.cpp:650] gyr saturation
W20250111 19:39:25.586094 1694375 ImuError.cpp:650] gyr saturation
W20250111 19:39:25.586102 1694375 ImuError.cpp:650] gyr saturation
W20250111 19:39:25.586107 1694375 ImuError.cpp:650] gyr saturation
W20250111 19:39:25.586114 1694375 ImuError.cpp:650] gyr saturation
W20250111 19:39:25.586122 1694375 ImuError.cpp:650] gyr saturation
W20250111 19:39:25.586126 1694375 ImuError.cpp:650] gyr saturation
W20250111 19:39:25.586136 1694375 ImuError.cpp:650] gyr saturation
W20250111 19:39:25.586143 1694375 ImuError.cpp:650] gyr saturation
W20250111 19:39:25.586150 1694375 ImuError.cpp:650] gyr saturation
W20250111 19:39:25.586161 1694375 ImuError.cpp:650] gyr saturation
W20250111 19:39:25.586169 1694375 ImuError.cpp:650] gyr saturation
W20250111 19:39:25.586174 1694375 ImuError.cpp:650] gyr saturation
W20250111 19:39:25.586182 1694375 ImuError.cpp:650] gyr saturation
W20250111 19:39:25.586189 1694375 ImuError.cpp:650] gyr saturation
W20250111 19:39:25.586195 1694375 ImuError.cpp:650] gyr saturation
W20250111 19:39:25.586201 1694375 ImuError.cpp:650] gyr saturation
W20250111 19:39:25.586208 1694375 ImuError.cpp:650] gyr saturation
W20250111 19:39:25.586215 1694375 ImuError.cpp:650] gyr saturation
W20250111 19:39:25.586221 1694375 ImuError.cpp:650] gyr saturation
W20250111 19:39:25.586228 1694375 ImuError.cpp:650] gyr saturation
W20250111 19:39:25.586236 1694375 ImuError.cpp:650] gyr saturation
W20250111 19:39:25.586241 1694375 ImuError.cpp:650] gyr saturation
W20250111 19:39:25.586247 1694375 ImuError.cpp:650] gyr saturation
W20250111 19:39:25.586253 1694375 ImuError.cpp:650] gyr saturation
W20250111 19:39:25.586259 1694375 ImuError.cpp:650] gyr saturation
W20250111 19:39:25.586266 1694375 ImuError.cpp:650] gyr saturation
W20250111 19:39:25.586272 1694375 ImuError.cpp:650] gyr saturation
W20250111 19:39:25.586278 1694375 ImuError.cpp:650] gyr saturation
W20250111 19:39:25.586284 1694375 ImuError.cpp:650] gyr saturation
W20250111 19:39:25.586292 1694375 ImuError.cpp:650] gyr saturation
W20250111 19:39:25.586298 1694375 ImuError.cpp:650] gyr saturation
W20250111 19:39:25.586304 1694375 ImuError.cpp:650] gyr saturation
W20250111 19:39:25.586309 1694375 ImuError.cpp:650] gyr saturation
W20250111 19:39:25.586316 1694375 ImuError.cpp:650] gyr saturation
W20250111 19:39:25.586323 1694375 ImuError.cpp:650] gyr saturation
W20250111 19:39:25.586328 1694375 ImuError.cpp:650] gyr saturation
W20250111 19:39:25.586334 1694375 ImuError.cpp:650] gyr saturation
W20250111 19:39:25.586341 1694375 ImuError.cpp:650] gyr saturation
W20250111 19:39:25.586347 1694375 ImuError.cpp:650] gyr saturation
W20250111 19:39:25.586354 1694375 ImuError.cpp:650] gyr saturation
W20250111 19:39:25.586361 1694375 ImuError.cpp:650] gyr saturation
W20250111 19:39:25.599407 1694375 ImuError.cpp:650] gyr saturation
W20250111 19:39:25.599462 1694375 ImuError.cpp:650] gyr saturation
W20250111 19:39:25.599468 1694375 ImuError.cpp:650] gyr saturation
W20250111 19:39:25.599473 1694375 ImuError.cpp:650] gyr saturation
W20250111 19:39:25.599480 1694375 ImuError.cpp:650] gyr saturation
W20250111 19:39:25.599485 1694375 ImuError.cpp:650] gyr saturation
W20250111 19:39:25.599490 1694375 ImuError.cpp:650] gyr saturation
W20250111 19:39:25.599495 1694375 ImuError.cpp:650] gyr saturation
W20250111 19:39:25.599501 1694375 ImuError.cpp:650] gyr saturation
W20250111 19:39:25.599507 1694375 ImuError.cpp:650] gyr saturation
W20250111 19:39:25.599514 1694375 ImuError.cpp:650] gyr saturation
W20250111 19:39:25.599519 1694375 ImuError.cpp:650] gyr saturation
W20250111 19:39:25.599524 1694375 ImuError.cpp:650] gyr saturation
W20250111 19:39:25.599529 1694375 ImuError.cpp:650] gyr saturation
W20250111 19:39:25.599535 1694375 ImuError.cpp:650] gyr saturation
W20250111 19:39:25.599540 1694375 ImuError.cpp:650] gyr saturation
W20250111 19:39:25.599546 1694375 ImuError.cpp:650] gyr saturation
W20250111 19:39:25.599552 1694375 ImuError.cpp:650] gyr saturation
W20250111 19:39:25.599557 1694375 ImuError.cpp:650] gyr saturation
W20250111 19:39:25.599565 1694375 ImuError.cpp:650] gyr saturation
W20250111 19:39:25.599577 1694375 ImuError.cpp:650] gyr saturation
W20250111 19:39:25.599584 1694375 ImuError.cpp:650] gyr saturation
W20250111 19:39:25.599591 1694375 ImuError.cpp:650] gyr saturation
W20250111 19:39:25.599596 1694375 ImuError.cpp:650] gyr saturation
W20250111 19:39:25.599602 1694375 ImuError.cpp:650] gyr saturation
W20250111 19:39:25.599608 1694375 ImuError.cpp:650] gyr saturation
W20250111 19:39:25.599613 1694375 ImuError.cpp:650] gyr saturation
W20250111 19:39:25.599619 1694375 ImuError.cpp:650] gyr saturation
W20250111 19:39:25.599625 1694375 ImuError.cpp:650] gyr saturation
W20250111 19:39:25.599639 1694375 ImuError.cpp:650] gyr saturation
W20250111 19:39:25.599647 1694375 ImuError.cpp:650] gyr saturation
W20250111 19:39:25.599653 1694375 ImuError.cpp:650] gyr saturation
W20250111 19:39:25.599658 1694375 ImuError.cpp:650] gyr saturation
W20250111 19:39:25.599663 1694375 ImuError.cpp:650] gyr saturation
W20250111 19:39:25.599777 1694375 ImuError.cpp:650] gyr saturation
W20250111 19:39:25.599784 1694375 ImuError.cpp:650] gyr saturation
W20250111 19:39:25.599790 1694375 ImuError.cpp:650] gyr saturation
W20250111 19:39:25.599795 1694375 ImuError.cpp:650] gyr saturation
W20250111 19:39:25.599802 1694375 ImuError.cpp:650] gyr saturation
W20250111 19:39:25.599807 1694375 ImuError.cpp:650] gyr saturation
W20250111 19:39:25.599812 1694375 ImuError.cpp:650] gyr saturation
W20250111 19:39:25.599817 1694375 ImuError.cpp:650] gyr saturation
W20250111 19:39:25.599822 1694375 ImuError.cpp:650] gyr saturation
W20250111 19:39:25.599828 1694375 ImuError.cpp:650] gyr saturation
W20250111 19:39:25.599833 1694375 ImuError.cpp:650] gyr saturation
W20250111 19:39:25.599838 1694375 ImuError.cpp:650] gyr saturation
W20250111 19:39:25.599845 1694375 ImuError.cpp:650] gyr saturation
W20250111 19:39:25.599853 1694375 ImuError.cpp:650] gyr saturation
W20250111 19:39:25.599858 1694375 ImuError.cpp:650] gyr saturation
W20250111 19:39:25.599864 1694375 ImuError.cpp:650] gyr saturation
W20250111 19:39:25.599869 1694375 ImuError.cpp:650] gyr saturation
W20250111 19:39:25.599875 1694375 ImuError.cpp:650] gyr saturation
W20250111 19:39:25.599881 1694375 ImuError.cpp:650] gyr saturation
W20250111 19:39:25.599886 1694375 ImuError.cpp:650] gyr saturation
W20250111 19:39:25.599892 1694375 ImuError.cpp:650] gyr saturation
W20250111 19:39:25.599897 1694375 ImuError.cpp:650] gyr saturation
W20250111 19:39:25.599902 1694375 ImuError.cpp:650] gyr saturation
W20250111 19:39:25.599908 1694375 ImuError.cpp:650] gyr saturation
W20250111 19:39:25.599913 1694375 ImuError.cpp:650] gyr saturation
W20250111 19:39:25.599920 1694375 ImuError.cpp:650] gyr saturation
W20250111 19:39:25.599925 1694375 ImuError.cpp:650] gyr saturation
W20250111 19:39:25.599931 1694375 ImuError.cpp:650] gyr saturation
W20250111 19:39:25.599937 1694375 ImuError.cpp:650] gyr saturation
W20250111 19:39:25.599942 1694375 ImuError.cpp:650] gyr saturation
W20250111 19:39:25.599948 1694375 ImuError.cpp:650] gyr saturation
W20250111 19:39:25.599953 1694375 ImuError.cpp:650] gyr saturation
W20250111 19:39:25.599959 1694375 ImuError.cpp:650] gyr saturation
W20250111 19:39:25.599965 1694375 ImuError.cpp:650] gyr saturation
W20250111 19:39:25.604305 1694375 ImuError.cpp:368] gyr saturation
W20250111 19:39:25.604385 1694375 ImuError.cpp:368] gyr saturation
W20250111 19:39:25.604398 1694375 ImuError.cpp:368] gyr saturation
W20250111 19:39:25.604411 1694375 ImuError.cpp:368] gyr saturation
W20250111 19:39:25.604422 1694375 ImuError.cpp:368] gyr saturation
W20250111 19:39:25.604434 1694375 ImuError.cpp:368] gyr saturation
W20250111 19:39:25.604444 1694375 ImuError.cpp:368] gyr saturation
W20250111 19:39:25.604455 1694375 ImuError.cpp:368] gyr saturation
W20250111 19:39:25.604466 1694375 ImuError.cpp:368] gyr saturation
W20250111 19:39:25.604476 1694375 ImuError.cpp:368] gyr saturation
W20250111 19:39:25.604487 1694375 ImuError.cpp:368] gyr saturation
W20250111 19:39:25.604498 1694375 ImuError.cpp:368] gyr saturation
W20250111 19:39:25.604508 1694375 ImuError.cpp:368] gyr saturation
W20250111 19:39:25.604529 1694375 ImuError.cpp:368] gyr saturation
W20250111 19:39:25.604542 1694375 ImuError.cpp:368] gyr saturation
W20250111 19:39:25.604552 1694375 ImuError.cpp:368] gyr saturation
W20250111 19:39:25.604562 1694375 ImuError.cpp:368] gyr saturation
W20250111 19:39:25.604573 1694375 ImuError.cpp:368] gyr saturation
W20250111 19:39:25.604584 1694375 ImuError.cpp:368] gyr saturation
W20250111 19:39:25.604595 1694375 ImuError.cpp:368] gyr saturation
W20250111 19:39:25.604606 1694375 ImuError.cpp:368] gyr saturation
W20250111 19:39:25.604616 1694375 ImuError.cpp:368] gyr saturation
W20250111 19:39:25.604637 1694375 ImuError.cpp:368] gyr saturation
W20250111 19:39:25.604650 1694375 ImuError.cpp:368] gyr saturation
W20250111 19:39:25.604669 1694375 ImuError.cpp:368] gyr saturation
W20250111 19:39:25.604681 1694375 ImuError.cpp:368] gyr saturation
W20250111 19:39:25.604691 1694375 ImuError.cpp:368] gyr saturation
W20250111 19:39:25.604702 1694375 ImuError.cpp:368] gyr saturation
W20250111 19:39:25.604713 1694375 ImuError.cpp:368] gyr saturation
W20250111 19:39:25.604724 1694375 ImuError.cpp:368] gyr saturation
W20250111 19:39:25.604735 1694375 ImuError.cpp:368] gyr saturation
W20250111 19:39:25.604746 1694375 ImuError.cpp:368] gyr saturation
W20250111 19:39:25.604758 1694375 ImuError.cpp:368] gyr saturation
W20250111 19:39:25.604768 1694375 ImuError.cpp:368] gyr saturation
W20250111 19:39:25.611297 1694375 ImuError.cpp:650] gyr saturation
W20250111 19:39:25.611357 1694375 ImuError.cpp:650] gyr saturation
W20250111 19:39:25.611363 1694375 ImuError.cpp:650] gyr saturation
W20250111 19:39:25.611371 1694375 ImuError.cpp:650] gyr saturation
W20250111 19:39:25.611378 1694375 ImuError.cpp:650] gyr saturation
W20250111 19:39:25.611384 1694375 ImuError.cpp:650] gyr saturation
W20250111 19:39:25.611389 1694375 ImuError.cpp:650] gyr saturation
W20250111 19:39:25.611394 1694375 ImuError.cpp:650] gyr saturation
W20250111 19:39:25.611399 1694375 ImuError.cpp:650] gyr saturation
W20250111 19:39:25.611406 1694375 ImuError.cpp:650] gyr saturation
W20250111 19:39:25.611411 1694375 ImuError.cpp:650] gyr saturation
W20250111 19:39:25.611418 1694375 ImuError.cpp:650] gyr saturation
W20250111 19:39:25.611424 1694375 ImuError.cpp:650] gyr saturation
W20250111 19:39:25.611430 1694375 ImuError.cpp:650] gyr saturation
W20250111 19:39:25.611438 1694375 ImuError.cpp:650] gyr saturation
W20250111 19:39:25.611442 1694375 ImuError.cpp:650] gyr saturation
W20250111 19:39:25.611449 1694375 ImuError.cpp:650] gyr saturation
W20250111 19:39:25.611454 1694375 ImuError.cpp:650] gyr saturation
W20250111 19:39:25.611460 1694375 ImuError.cpp:650] gyr saturation
W20250111 19:39:25.611466 1694375 ImuError.cpp:650] gyr saturation
W20250111 19:39:25.611471 1694375 ImuError.cpp:650] gyr saturation
W20250111 19:39:25.611477 1694375 ImuError.cpp:650] gyr saturation
W20250111 19:39:25.611483 1694375 ImuError.cpp:650] gyr saturation
W20250111 19:39:25.611490 1694375 ImuError.cpp:650] gyr saturation
W20250111 19:39:25.611496 1694375 ImuError.cpp:650] gyr saturation
W20250111 19:39:25.611501 1694375 ImuError.cpp:650] gyr saturation
W20250111 19:39:25.611508 1694375 ImuError.cpp:650] gyr saturation
W20250111 19:39:25.611515 1694375 ImuError.cpp:650] gyr saturation
W20250111 19:39:25.611521 1694375 ImuError.cpp:650] gyr saturation
W20250111 19:39:25.611527 1694375 ImuError.cpp:650] gyr saturation
W20250111 19:39:25.611534 1694375 ImuError.cpp:650] gyr saturation
W20250111 19:39:25.611541 1694375 ImuError.cpp:650] gyr saturation
W20250111 19:39:25.611546 1694375 ImuError.cpp:650] gyr saturation
W20250111 19:39:25.611552 1694375 ImuError.cpp:650] gyr saturation
W20250111 19:39:25.611558 1694375 ImuError.cpp:650] gyr saturation
W20250111 19:39:25.611564 1694375 ImuError.cpp:650] gyr saturation
W20250111 19:39:25.611572 1694375 ImuError.cpp:650] gyr saturation
W20250111 19:39:25.611578 1694375 ImuError.cpp:650] gyr saturation
W20250111 19:39:25.611584 1694375 ImuError.cpp:650] gyr saturation
W20250111 19:39:25.611590 1694375 ImuError.cpp:650] gyr saturation
W20250111 19:39:25.611605 1694375 ImuError.cpp:650] gyr saturation
W20250111 19:39:25.611611 1694375 ImuError.cpp:650] gyr saturation
W20250111 19:39:25.611617 1694375 ImuError.cpp:650] gyr saturation
W20250111 19:39:25.611624 1694375 ImuError.cpp:650] gyr saturation
W20250111 19:39:25.611639 1694375 ImuError.cpp:650] gyr saturation
W20250111 19:39:25.611644 1694375 ImuError.cpp:650] gyr saturation
W20250111 19:39:25.611650 1694375 ImuError.cpp:650] gyr saturation
W20250111 19:39:25.611656 1694375 ImuError.cpp:650] gyr saturation
W20250111 19:39:25.611662 1694375 ImuError.cpp:650] gyr saturation
W20250111 19:39:25.611673 1694375 ImuError.cpp:650] gyr saturation
W20250111 19:39:25.611680 1694375 ImuError.cpp:650] gyr saturation
W20250111 19:39:25.611685 1694375 ImuError.cpp:650] gyr saturation
W20250111 19:39:25.611690 1694375 ImuError.cpp:650] gyr saturation
W20250111 19:39:25.611696 1694375 ImuError.cpp:650] gyr saturation
W20250111 19:39:25.611701 1694375 ImuError.cpp:650] gyr saturation
W20250111 19:39:25.611706 1694375 ImuError.cpp:650] gyr saturation
W20250111 19:39:25.611711 1694375 ImuError.cpp:650] gyr saturation
W20250111 19:39:25.611716 1694375 ImuError.cpp:650] gyr saturation
W20250111 19:39:25.611721 1694375 ImuError.cpp:650] gyr saturation
W20250111 19:39:25.611726 1694375 ImuError.cpp:650] gyr saturation
W20250111 19:39:25.611732 1694375 ImuError.cpp:650] gyr saturation
W20250111 19:39:25.611737 1694375 ImuError.cpp:650] gyr saturation
W20250111 19:39:25.611742 1694375 ImuError.cpp:650] gyr saturation
W20250111 19:39:25.611747 1694375 ImuError.cpp:650] gyr saturation
W20250111 19:39:25.611752 1694375 ImuError.cpp:650] gyr saturation
W20250111 19:39:25.611757 1694375 ImuError.cpp:650] gyr saturation
W20250111 19:39:25.624065 1694375 ImuError.cpp:650] gyr saturation
W20250111 19:39:25.624122 1694375 ImuError.cpp:650] gyr saturation
W20250111 19:39:25.624128 1694375 ImuError.cpp:650] gyr saturation
W20250111 19:39:25.624135 1694375 ImuError.cpp:650] gyr saturation
W20250111 19:39:25.624140 1694375 ImuError.cpp:650] gyr saturation
W20250111 19:39:25.624145 1694375 ImuError.cpp:650] gyr saturation
W20250111 19:39:25.624150 1694375 ImuError.cpp:650] gyr saturation
W20250111 19:39:25.624156 1694375 ImuError.cpp:650] gyr saturation
W20250111 19:39:25.624162 1694375 ImuError.cpp:650] gyr saturation
W20250111 19:39:25.624167 1694375 ImuError.cpp:650] gyr saturation
W20250111 19:39:25.624174 1694375 ImuError.cpp:650] gyr saturation
W20250111 19:39:25.624179 1694375 ImuError.cpp:650] gyr saturation
W20250111 19:39:25.624186 1694375 ImuError.cpp:650] gyr saturation
W20250111 19:39:25.624191 1694375 ImuError.cpp:650] gyr saturation
W20250111 19:39:25.624197 1694375 ImuError.cpp:650] gyr saturation
W20250111 19:39:25.624202 1694375 ImuError.cpp:650] gyr saturation
W20250111 19:39:25.624208 1694375 ImuError.cpp:650] gyr saturation
W20250111 19:39:25.624213 1694375 ImuError.cpp:650] gyr saturation
W20250111 19:39:25.624218 1694375 ImuError.cpp:650] gyr saturation
W20250111 19:39:25.624224 1694375 ImuError.cpp:650] gyr saturation
W20250111 19:39:25.624229 1694375 ImuError.cpp:650] gyr saturation
W20250111 19:39:25.624235 1694375 ImuError.cpp:650] gyr saturation
W20250111 19:39:25.624240 1694375 ImuError.cpp:650] gyr saturation
W20250111 19:39:25.624245 1694375 ImuError.cpp:650] gyr saturation
W20250111 19:39:25.624251 1694375 ImuError.cpp:650] gyr saturation
W20250111 19:39:25.624258 1694375 ImuError.cpp:650] gyr saturation
W20250111 19:39:25.624264 1694375 ImuError.cpp:650] gyr saturation
W20250111 19:39:25.624269 1694375 ImuError.cpp:650] gyr saturation
W20250111 19:39:25.624274 1694375 ImuError.cpp:650] gyr saturation
W20250111 19:39:25.624279 1694375 ImuError.cpp:650] gyr saturation
W20250111 19:39:25.624285 1694375 ImuError.cpp:650] gyr saturation
W20250111 19:39:25.624291 1694375 ImuError.cpp:650] gyr saturation
W20250111 19:39:25.624298 1694375 ImuError.cpp:650] gyr saturation
W20250111 19:39:25.624403 1694375 ImuError.cpp:650] gyr saturation
W20250111 19:39:25.624410 1694375 ImuError.cpp:650] gyr saturation
W20250111 19:39:25.624416 1694375 ImuError.cpp:650] gyr saturation
W20250111 19:39:25.624429 1694375 ImuError.cpp:650] gyr saturation
W20250111 19:39:25.624434 1694375 ImuError.cpp:650] gyr saturation
W20250111 19:39:25.624439 1694375 ImuError.cpp:650] gyr saturation
W20250111 19:39:25.624445 1694375 ImuError.cpp:650] gyr saturation
W20250111 19:39:25.624451 1694375 ImuError.cpp:650] gyr saturation
W20250111 19:39:25.624457 1694375 ImuError.cpp:650] gyr saturation
W20250111 19:39:25.624464 1694375 ImuError.cpp:650] gyr saturation
W20250111 19:39:25.624468 1694375 ImuError.cpp:650] gyr saturation
W20250111 19:39:25.624473 1694375 ImuError.cpp:650] gyr saturation
W20250111 19:39:25.624485 1694375 ImuError.cpp:650] gyr saturation
W20250111 19:39:25.624490 1694375 ImuError.cpp:650] gyr saturation
W20250111 19:39:25.624497 1694375 ImuError.cpp:650] gyr saturation
W20250111 19:39:25.624506 1694375 ImuError.cpp:650] gyr saturation
W20250111 19:39:25.624513 1694375 ImuError.cpp:650] gyr saturation
W20250111 19:39:25.624519 1694375 ImuError.cpp:650] gyr saturation
W20250111 19:39:25.624526 1694375 ImuError.cpp:650] gyr saturation
W20250111 19:39:25.624531 1694375 ImuError.cpp:650] gyr saturation
W20250111 19:39:25.624536 1694375 ImuError.cpp:650] gyr saturation
W20250111 19:39:25.624542 1694375 ImuError.cpp:650] gyr saturation
W20250111 19:39:25.624548 1694375 ImuError.cpp:650] gyr saturation
W20250111 19:39:25.624554 1694375 ImuError.cpp:650] gyr saturation
W20250111 19:39:25.624559 1694375 ImuError.cpp:650] gyr saturation
W20250111 19:39:25.624567 1694375 ImuError.cpp:650] gyr saturation
W20250111 19:39:25.624572 1694375 ImuError.cpp:650] gyr saturation
W20250111 19:39:25.624576 1694375 ImuError.cpp:650] gyr saturation
W20250111 19:39:25.624583 1694375 ImuError.cpp:650] gyr saturation
W20250111 19:39:25.624588 1694375 ImuError.cpp:650] gyr saturation
W20250111 19:39:25.624593 1694375 ImuError.cpp:650] gyr saturation
W20250111 19:39:25.624599 1694375 ImuError.cpp:650] gyr saturation
W20250111 19:39:25.624605 1694375 ImuError.cpp:650] gyr saturation
W20250111 19:39:25.628965 1694375 ImuError.cpp:368] gyr saturation
W20250111 19:39:25.629040 1694375 ImuError.cpp:368] gyr saturation
W20250111 19:39:25.629052 1694375 ImuError.cpp:368] gyr saturation
W20250111 19:39:25.629063 1694375 ImuError.cpp:368] gyr saturation
W20250111 19:39:25.629076 1694375 ImuError.cpp:368] gyr saturation
W20250111 19:39:25.629087 1694375 ImuError.cpp:368] gyr saturation
W20250111 19:39:25.629098 1694375 ImuError.cpp:368] gyr saturation
W20250111 19:39:25.629109 1694375 ImuError.cpp:368] gyr saturation
W20250111 19:39:25.629120 1694375 ImuError.cpp:368] gyr saturation
W20250111 19:39:25.629132 1694375 ImuError.cpp:368] gyr saturation
W20250111 19:39:25.629142 1694375 ImuError.cpp:368] gyr saturation
W20250111 19:39:25.629154 1694375 ImuError.cpp:368] gyr saturation
W20250111 19:39:25.629165 1694375 ImuError.cpp:368] gyr saturation
W20250111 19:39:25.629176 1694375 ImuError.cpp:368] gyr saturation
W20250111 19:39:25.629187 1694375 ImuError.cpp:368] gyr saturation
W20250111 19:39:25.629199 1694375 ImuError.cpp:368] gyr saturation
W20250111 19:39:25.629209 1694375 ImuError.cpp:368] gyr saturation
W20250111 19:39:25.629220 1694375 ImuError.cpp:368] gyr saturation
W20250111 19:39:25.629232 1694375 ImuError.cpp:368] gyr saturation
W20250111 19:39:25.629244 1694375 ImuError.cpp:368] gyr saturation
W20250111 19:39:25.629256 1694375 ImuError.cpp:368] gyr saturation
W20250111 19:39:25.629266 1694375 ImuError.cpp:368] gyr saturation
W20250111 19:39:25.629277 1694375 ImuError.cpp:368] gyr saturation
W20250111 19:39:25.629290 1694375 ImuError.cpp:368] gyr saturation
W20250111 19:39:25.629302 1694375 ImuError.cpp:368] gyr saturation
W20250111 19:39:25.629312 1694375 ImuError.cpp:368] gyr saturation
W20250111 19:39:25.629323 1694375 ImuError.cpp:368] gyr saturation
W20250111 19:39:25.629333 1694375 ImuError.cpp:368] gyr saturation
W20250111 19:39:25.629344 1694375 ImuError.cpp:368] gyr saturation
W20250111 19:39:25.629355 1694375 ImuError.cpp:368] gyr saturation
W20250111 19:39:25.629366 1694375 ImuError.cpp:368] gyr saturation
W20250111 19:39:25.629388 1694375 ImuError.cpp:368] gyr saturation
W20250111 19:39:25.629400 1694375 ImuError.cpp:368] gyr saturation
W20250111 19:39:25.636874 1694375 ImuError.cpp:650] gyr saturation
W20250111 19:39:25.636938 1694375 ImuError.cpp:650] gyr saturation
W20250111 19:39:25.636945 1694375 ImuError.cpp:650] gyr saturation
W20250111 19:39:25.636951 1694375 ImuError.cpp:650] gyr saturation
W20250111 19:39:25.636960 1694375 ImuError.cpp:650] gyr saturation
W20250111 19:39:25.636965 1694375 ImuError.cpp:650] gyr saturation
W20250111 19:39:25.636971 1694375 ImuError.cpp:650] gyr saturation
W20250111 19:39:25.636992 1694375 ImuError.cpp:650] gyr saturation
W20250111 19:39:25.636999 1694375 ImuError.cpp:650] gyr saturation
W20250111 19:39:25.637005 1694375 ImuError.cpp:650] gyr saturation
W20250111 19:39:25.637012 1694375 ImuError.cpp:650] gyr saturation
W20250111 19:39:25.637017 1694375 ImuError.cpp:650] gyr saturation
W20250111 19:39:25.637022 1694375 ImuError.cpp:650] gyr saturation
W20250111 19:39:25.637028 1694375 ImuError.cpp:650] gyr saturation
W20250111 19:39:25.637033 1694375 ImuError.cpp:650] gyr saturation
W20250111 19:39:25.637038 1694375 ImuError.cpp:650] gyr saturation
W20250111 19:39:25.637044 1694375 ImuError.cpp:650] gyr saturation
W20250111 19:39:25.637050 1694375 ImuError.cpp:650] gyr saturation
W20250111 19:39:25.637055 1694375 ImuError.cpp:650] gyr saturation
W20250111 19:39:25.637063 1694375 ImuError.cpp:650] gyr saturation
W20250111 19:39:25.637068 1694375 ImuError.cpp:650] gyr saturation
W20250111 19:39:25.637074 1694375 ImuError.cpp:650] gyr saturation
W20250111 19:39:25.637080 1694375 ImuError.cpp:650] gyr saturation
W20250111 19:39:25.637087 1694375 ImuError.cpp:650] gyr saturation
W20250111 19:39:25.637094 1694375 ImuError.cpp:650] gyr saturation
W20250111 19:39:25.637100 1694375 ImuError.cpp:650] gyr saturation
W20250111 19:39:25.637106 1694375 ImuError.cpp:650] gyr saturation
W20250111 19:39:25.637112 1694375 ImuError.cpp:650] gyr saturation
W20250111 19:39:25.637117 1694375 ImuError.cpp:650] gyr saturation
W20250111 19:39:25.637125 1694375 ImuError.cpp:650] gyr saturation
W20250111 19:39:25.637130 1694375 ImuError.cpp:650] gyr saturation
W20250111 19:39:25.637136 1694375 ImuError.cpp:650] gyr saturation
W20250111 19:39:25.637141 1694375 ImuError.cpp:650] gyr saturation
I20250111 19:39:27.211771 1694375 okvis_app_synchronous.cpp:210] OKVIS Timing
-----------
1 DetectAndDescribe                	   3889	00:00:07.460397	(00:00:00.001918 +- 00:00:00.000390)	[00:00:00.000922,00:00:00.004225]
2 Match                            	   3889	00:00:27.412175	(00:00:00.007049 +- 00:00:00.002969)	[00:00:00.000194,00:00:00.017610]
2.01 match to map                  	   3888	00:00:20.281271	(00:00:00.005216 +- 00:00:00.002629)	[00:00:00.000047,00:00:00.014422]
2.02 match motion stereo           	   3888	00:00:05.047897	(00:00:00.001298 +- 00:00:00.000434)	[00:00:00.000047,00:00:00.005286]
2.02.1 match motion stereo: prepare	   3888	00:00:01.130921	(00:00:00.000291 +- 00:00:00.000114)	[00:00:00.000001,00:00:00.001300]
2.10 match stereo                  	   1041	00:00:00.037821	(00:00:00.000036 +- 00:00:00.000043)	[00:00:00.000001,00:00:00.000370]
3 Optimise                         	   3888	00:00:57.295170	(00:00:00.014736 +- 00:00:00.005672)	[00:00:00.001096,00:00:00.034739]
4 Prepare publishing               	   3888	00:00:03.117669	(00:00:00.000802 +- 00:00:00.000319)	[00:00:00.000031,00:00:00.003110]
6 Visualising                      	   3888	00:00:00.000911	(00:00:00.000000 +- 00:00:00.000000)	[00:00:00.000000,00:00:00.000009]
7 Marginalise                      	   3888	00:00:06.680670	(00:00:00.001718 +- 00:00:00.000716)	[00:00:00.000003,00:00:00.007842]
7.1 check/handle lost              	   3888	00:00:00.112798	(00:00:00.000029 +- 00:00:00.000019)	[00:00:00.000000,00:00:00.000278]
7.2 eliminate IMU frames           	   3888	00:00:02.953600	(00:00:00.000760 +- 00:00:00.000544)	[00:00:00.000000,00:00:00.002428]
7.3 convert to posegraph           	   1242	00:00:01.009097	(00:00:00.000812 +- 00:00:00.000487)	[00:00:00.000104,00:00:00.005075]
7.4 freezing                       	   3887	00:00:00.004183	(00:00:00.000001 +- 00:00:00.000002)	[00:00:00.000000,00:00:00.000015]
7.6 expand                         	   3841	00:00:00.836701	(00:00:00.000218 +- 00:00:00.000119)	[00:00:00.000022,00:00:00.002037]
7.7 prune place recognition frames 	   3887	00:00:00.842981	(00:00:00.000217 +- 00:00:00.000111)	[00:00:00.000002,00:00:00.000844]
I20250111 19:39:27.211913 1694375 okvis_app_synchronous.cpp:219] Progress: 72% (1 [1%/s], ETA: 28s)
I20250111 19:39:27.507361 1694375 Frontend.cpp:2274] RANSAC FAIL: 28 inliers, ratio = 0.54902
I20250111 19:39:29.038399 1694375 okvis_app_synchronous.cpp:210] OKVIS Timing
-----------
1 DetectAndDescribe                	   3943	00:00:07.569524	(00:00:00.001920 +- 00:00:00.000388)	[00:00:00.000922,00:00:00.004225]
2 Match                            	   3943	00:00:28.225736	(00:00:00.007158 +- 00:00:00.003094)	[00:00:00.000194,00:00:00.018107]
2.01 match to map                  	   3942	00:00:20.962496	(00:00:00.005318 +- 00:00:00.002751)	[00:00:00.000047,00:00:00.015263]
2.02 match motion stereo           	   3942	00:00:05.137051	(00:00:00.001303 +- 00:00:00.000435)	[00:00:00.000047,00:00:00.005286]
2.02.1 match motion stereo: prepare	   3942	00:00:01.154329	(00:00:00.000293 +- 00:00:00.000115)	[00:00:00.000001,00:00:00.001300]
2.10 match stereo                  	   1047	00:00:00.038136	(00:00:00.000036 +- 00:00:00.000043)	[00:00:00.000001,00:00:00.000370]
3 Optimise                         	   3942	00:00:58.125459	(00:00:00.014745 +- 00:00:00.005638)	[00:00:00.001096,00:00:00.034739]
4 Prepare publishing               	   3942	00:00:03.170408	(00:00:00.000804 +- 00:00:00.000319)	[00:00:00.000031,00:00:00.003110]
6 Visualising                      	   3942	00:00:00.000921	(00:00:00.000000 +- 00:00:00.000000)	[00:00:00.000000,00:00:00.000009]
7 Marginalise                      	   3942	00:00:06.802723	(00:00:00.001726 +- 00:00:00.000723)	[00:00:00.000003,00:00:00.007842]
7.1 check/handle lost              	   3942	00:00:00.114771	(00:00:00.000029 +- 00:00:00.000019)	[00:00:00.000000,00:00:00.000278]
7.2 eliminate IMU frames           	   3942	00:00:03.008020	(00:00:00.000763 +- 00:00:00.000544)	[00:00:00.000000,00:00:00.002428]
7.3 convert to posegraph           	   1253	00:00:01.024625	(00:00:00.000818 +- 00:00:00.000495)	[00:00:00.000104,00:00:00.005075]
7.4 freezing                       	   3941	00:00:00.004216	(00:00:00.000001 +- 00:00:00.000002)	[00:00:00.000000,00:00:00.000015]
7.6 expand                         	   3892	00:00:00.852962	(00:00:00.000219 +- 00:00:00.000120)	[00:00:00.000022,00:00:00.002037]
7.7 prune place recognition frames 	   3941	00:00:00.859809	(00:00:00.000218 +- 00:00:00.000111)	[00:00:00.000002,00:00:00.000844]
I20250111 19:39:29.038523 1694375 okvis_app_synchronous.cpp:219] Progress: 73% (1 [1%/s], ETA: 27s)
I20250111 19:39:30.811094 1694375 okvis_app_synchronous.cpp:210] OKVIS Timing
-----------
1 DetectAndDescribe                	   3997	00:00:07.683816	(00:00:00.001922 +- 00:00:00.000386)	[00:00:00.000922,00:00:00.004225]
2 Match                            	   3997	00:00:29.022742	(00:00:00.007261 +- 00:00:00.003198)	[00:00:00.000194,00:00:00.018107]
2.01 match to map                  	   3996	00:00:21.618738	(00:00:00.005410 +- 00:00:00.002845)	[00:00:00.000047,00:00:00.015263]
2.02 match motion stereo           	   3996	00:00:05.232804	(00:00:00.001310 +- 00:00:00.000436)	[00:00:00.000047,00:00:00.005286]
2.02.1 match motion stereo: prepare	   3996	00:00:01.179070	(00:00:00.000295 +- 00:00:00.000116)	[00:00:00.000001,00:00:00.001300]
2.10 match stereo                  	   1050	00:00:00.038314	(00:00:00.000036 +- 00:00:00.000043)	[00:00:00.000001,00:00:00.000370]
3 Optimise                         	   3996	00:00:58.871954	(00:00:00.014733 +- 00:00:00.005605)	[00:00:00.001096,00:00:00.034739]
4 Prepare publishing               	   3996	00:00:03.229646	(00:00:00.000808 +- 00:00:00.000321)	[00:00:00.000031,00:00:00.003110]
6 Visualising                      	   3996	00:00:00.000932	(00:00:00.000000 +- 00:00:00.000000)	[00:00:00.000000,00:00:00.000009]
7 Marginalise                      	   3996	00:00:06.965137	(00:00:00.001743 +- 00:00:00.000748)	[00:00:00.000003,00:00:00.007928]
7.1 check/handle lost              	   3996	00:00:00.116868	(00:00:00.000029 +- 00:00:00.000019)	[00:00:00.000000,00:00:00.000278]
7.2 eliminate IMU frames           	   3996	00:00:03.069569	(00:00:00.000768 +- 00:00:00.000544)	[00:00:00.000000,00:00:00.002428]
7.3 convert to posegraph           	   1287	00:00:01.062806	(00:00:00.000826 +- 00:00:00.000502)	[00:00:00.000104,00:00:00.005075]
7.4 freezing                       	   3995	00:00:00.004274	(00:00:00.000001 +- 00:00:00.000002)	[00:00:00.000000,00:00:00.000015]
7.6 expand                         	   3944	00:00:00.877106	(00:00:00.000222 +- 00:00:00.000126)	[00:00:00.000022,00:00:00.002037]
7.7 prune place recognition frames 	   3995	00:00:00.877301	(00:00:00.000220 +- 00:00:00.000111)	[00:00:00.000002,00:00:00.000844]
I20250111 19:39:30.811269 1694375 okvis_app_synchronous.cpp:219] Progress: 74% (1 [1%/s], ETA: 26s)
I20250111 19:39:31.288636 1694375 Frontend.cpp:2274] RANSAC FAIL: 94 inliers, ratio = 0.691176
I20250111 19:39:32.582964 1694375 okvis_app_synchronous.cpp:210] OKVIS Timing
-----------
1 DetectAndDescribe                	   4051	00:00:07.795955	(00:00:00.001924 +- 00:00:00.000384)	[00:00:00.000922,00:00:00.004225]
2 Match                            	   4051	00:00:29.826710	(00:00:00.007363 +- 00:00:00.003296)	[00:00:00.000194,00:00:00.018107]
2.01 match to map                  	   4050	00:00:22.284871	(00:00:00.005502 +- 00:00:00.002936)	[00:00:00.000047,00:00:00.015263]
2.02 match motion stereo           	   4050	00:00:05.325906	(00:00:00.001315 +- 00:00:00.000438)	[00:00:00.000047,00:00:00.005286]
2.02.1 match motion stereo: prepare	   4050	00:00:01.203893	(00:00:00.000297 +- 00:00:00.000117)	[00:00:00.000001,00:00:00.001300]
2.10 match stereo                  	   1054	00:00:00.038742	(00:00:00.000037 +- 00:00:00.000043)	[00:00:00.000001,00:00:00.000370]
3 Optimise                         	   4050	00:00:59.626476	(00:00:00.014723 +- 00:00:00.005573)	[00:00:00.001096,00:00:00.034739]
4 Prepare publishing               	   4050	00:00:03.285432	(00:00:00.000811 +- 00:00:00.000320)	[00:00:00.000031,00:00:00.003110]
6 Visualising                      	   4050	00:00:00.000942	(00:00:00.000000 +- 00:00:00.000000)	[00:00:00.000000,00:00:00.000009]
7 Marginalise                      	   4050	00:00:07.115440	(00:00:00.001757 +- 00:00:00.000762)	[00:00:00.000003,00:00:00.007928]
7.1 check/handle lost              	   4050	00:00:00.118867	(00:00:00.000029 +- 00:00:00.000019)	[00:00:00.000000,00:00:00.000278]
7.2 eliminate IMU frames           	   4050	00:00:03.127877	(00:00:00.000772 +- 00:00:00.000543)	[00:00:00.000000,00:00:00.002428]
7.3 convert to posegraph           	   1309	00:00:01.095383	(00:00:00.000837 +- 00:00:00.000511)	[00:00:00.000104,00:00:00.005075]
7.4 freezing                       	   4049	00:00:00.004307	(00:00:00.000001 +- 00:00:00.000002)	[00:00:00.000000,00:00:00.000015]
7.6 expand                         	   3994	00:00:00.897605	(00:00:00.000225 +- 00:00:00.000130)	[00:00:00.000022,00:00:00.002037]
7.7 prune place recognition frames 	   4049	00:00:00.896313	(00:00:00.000221 +- 00:00:00.000112)	[00:00:00.000002,00:00:00.000844]
I20250111 19:39:32.583115 1694375 okvis_app_synchronous.cpp:219] Progress: 75% (1 [1%/s], ETA: 25s)
I20250111 19:39:33.040782 1694375 Frontend.cpp:2274] RANSAC FAIL: 21 inliers, ratio = 0.7
I20250111 19:39:33.088209 1694375 Frontend.cpp:2274] RANSAC FAIL: 13 inliers, ratio = 0.619048
I20250111 19:39:33.200605 1694375 Frontend.cpp:2274] RANSAC FAIL: 41 inliers, ratio = 0.640625
I20250111 19:39:34.316497 1694375 okvis_app_synchronous.cpp:210] OKVIS Timing
-----------
1 DetectAndDescribe                	   4106	00:00:07.886163	(00:00:00.001921 +- 00:00:00.000384)	[00:00:00.000922,00:00:00.004225]
2 Match                            	   4106	00:00:30.329589	(00:00:00.007387 +- 00:00:00.003296)	[00:00:00.000194,00:00:00.018107]
2.01 match to map                  	   4105	00:00:22.660678	(00:00:00.005520 +- 00:00:00.002935)	[00:00:00.000047,00:00:00.015263]
2.02 match motion stereo           	   4105	00:00:05.419426	(00:00:00.001320 +- 00:00:00.000438)	[00:00:00.000047,00:00:00.005286]
2.02.1 match motion stereo: prepare	   4105	00:00:01.223522	(00:00:00.000298 +- 00:00:00.000117)	[00:00:00.000001,00:00:00.001300]
2.10 match stereo                  	   1098	00:00:00.039916	(00:00:00.000036 +- 00:00:00.000042)	[00:00:00.000001,00:00:00.000370]
3 Optimise                         	   4105	00:01:00.664971	(00:00:00.014778 +- 00:00:00.005621)	[00:00:00.001096,00:00:00.034739]
4 Prepare publishing               	   4105	00:00:03.345364	(00:00:00.000815 +- 00:00:00.000323)	[00:00:00.000031,00:00:00.003110]
6 Visualising                      	   4105	00:00:00.000956	(00:00:00.000000 +- 00:00:00.000000)	[00:00:00.000000,00:00:00.000009]
7 Marginalise                      	   4105	00:00:07.238829	(00:00:00.001763 +- 00:00:00.000765)	[00:00:00.000003,00:00:00.007928]
7.1 check/handle lost              	   4105	00:00:00.120522	(00:00:00.000029 +- 00:00:00.000019)	[00:00:00.000000,00:00:00.000278]
7.2 eliminate IMU frames           	   4105	00:00:03.142004	(00:00:00.000765 +- 00:00:00.000545)	[00:00:00.000000,00:00:00.002428]
7.3 convert to posegraph           	   1355	00:00:01.149568	(00:00:00.000848 +- 00:00:00.000513)	[00:00:00.000104,00:00:00.005075]
7.4 freezing                       	   4104	00:00:00.004438	(00:00:00.000001 +- 00:00:00.000002)	[00:00:00.000000,00:00:00.000015]
7.6 expand                         	   4047	00:00:00.916168	(00:00:00.000226 +- 00:00:00.000133)	[00:00:00.000022,00:00:00.002037]
7.7 prune place recognition frames 	   4104	00:00:00.911598	(00:00:00.000222 +- 00:00:00.000113)	[00:00:00.000002,00:00:00.000844]
I20250111 19:39:34.316644 1694375 okvis_app_synchronous.cpp:219] Progress: 76% (1 [1%/s], ETA: 24s)
W20250111 19:39:35.991838 1694375 ImuError.cpp:650] gyr saturation
W20250111 19:39:35.991879 1694375 ImuError.cpp:650] gyr saturation
W20250111 19:39:35.991886 1694375 ImuError.cpp:650] gyr saturation
W20250111 19:39:35.991890 1694375 ImuError.cpp:650] gyr saturation
W20250111 19:39:35.991895 1694375 ImuError.cpp:650] gyr saturation
W20250111 19:39:35.991899 1694375 ImuError.cpp:650] gyr saturation
W20250111 19:39:35.991904 1694375 ImuError.cpp:650] gyr saturation
W20250111 19:39:35.991907 1694375 ImuError.cpp:650] gyr saturation
W20250111 19:39:35.991910 1694375 ImuError.cpp:650] gyr saturation
W20250111 19:39:35.991915 1694375 ImuError.cpp:650] gyr saturation
W20250111 19:39:35.991919 1694375 ImuError.cpp:650] gyr saturation
W20250111 19:39:35.991923 1694375 ImuError.cpp:650] gyr saturation
W20250111 19:39:35.991927 1694375 ImuError.cpp:650] gyr saturation
W20250111 19:39:35.991932 1694375 ImuError.cpp:650] gyr saturation
W20250111 19:39:35.991936 1694375 ImuError.cpp:650] gyr saturation
W20250111 19:39:35.991940 1694375 ImuError.cpp:650] gyr saturation
W20250111 19:39:35.991945 1694375 ImuError.cpp:650] gyr saturation
W20250111 19:39:36.024550 1694375 ImuError.cpp:650] gyr saturation
W20250111 19:39:36.024576 1694375 ImuError.cpp:650] gyr saturation
W20250111 19:39:36.024580 1694375 ImuError.cpp:650] gyr saturation
W20250111 19:39:36.024583 1694375 ImuError.cpp:650] gyr saturation
W20250111 19:39:36.024587 1694375 ImuError.cpp:650] gyr saturation
W20250111 19:39:36.024590 1694375 ImuError.cpp:650] gyr saturation
W20250111 19:39:36.024595 1694375 ImuError.cpp:650] gyr saturation
W20250111 19:39:36.024598 1694375 ImuError.cpp:650] gyr saturation
W20250111 19:39:36.024601 1694375 ImuError.cpp:650] gyr saturation
W20250111 19:39:36.024612 1694375 ImuError.cpp:650] gyr saturation
W20250111 19:39:36.024616 1694375 ImuError.cpp:650] gyr saturation
W20250111 19:39:36.024618 1694375 ImuError.cpp:650] gyr saturation
W20250111 19:39:36.024622 1694375 ImuError.cpp:650] gyr saturation
W20250111 19:39:36.024626 1694375 ImuError.cpp:650] gyr saturation
W20250111 19:39:36.024631 1694375 ImuError.cpp:650] gyr saturation
W20250111 19:39:36.024634 1694375 ImuError.cpp:650] gyr saturation
W20250111 19:39:36.024638 1694375 ImuError.cpp:650] gyr saturation
W20250111 19:39:36.024900 1694375 ImuError.cpp:650] gyr saturation
W20250111 19:39:36.024906 1694375 ImuError.cpp:650] gyr saturation
W20250111 19:39:36.024909 1694375 ImuError.cpp:650] gyr saturation
W20250111 19:39:36.024912 1694375 ImuError.cpp:650] gyr saturation
W20250111 19:39:36.024914 1694375 ImuError.cpp:650] gyr saturation
W20250111 19:39:36.024917 1694375 ImuError.cpp:650] gyr saturation
W20250111 19:39:36.024920 1694375 ImuError.cpp:650] gyr saturation
W20250111 19:39:36.024926 1694375 ImuError.cpp:650] gyr saturation
W20250111 19:39:36.024930 1694375 ImuError.cpp:650] gyr saturation
W20250111 19:39:36.024932 1694375 ImuError.cpp:650] gyr saturation
W20250111 19:39:36.024935 1694375 ImuError.cpp:650] gyr saturation
W20250111 19:39:36.024938 1694375 ImuError.cpp:650] gyr saturation
W20250111 19:39:36.024941 1694375 ImuError.cpp:650] gyr saturation
W20250111 19:39:36.024945 1694375 ImuError.cpp:650] gyr saturation
W20250111 19:39:36.024947 1694375 ImuError.cpp:650] gyr saturation
W20250111 19:39:36.024950 1694375 ImuError.cpp:650] gyr saturation
W20250111 19:39:36.024953 1694375 ImuError.cpp:650] gyr saturation
W20250111 19:39:36.027871 1694375 ImuError.cpp:368] gyr saturation
W20250111 19:39:36.027902 1694375 ImuError.cpp:368] gyr saturation
W20250111 19:39:36.027909 1694375 ImuError.cpp:368] gyr saturation
W20250111 19:39:36.027918 1694375 ImuError.cpp:368] gyr saturation
W20250111 19:39:36.027930 1694375 ImuError.cpp:368] gyr saturation
W20250111 19:39:36.027937 1694375 ImuError.cpp:368] gyr saturation
W20250111 19:39:36.027947 1694375 ImuError.cpp:368] gyr saturation
W20250111 19:39:36.027956 1694375 ImuError.cpp:368] gyr saturation
W20250111 19:39:36.027964 1694375 ImuError.cpp:368] gyr saturation
W20250111 19:39:36.027973 1694375 ImuError.cpp:368] gyr saturation
W20250111 19:39:36.027982 1694375 ImuError.cpp:368] gyr saturation
W20250111 19:39:36.027992 1694375 ImuError.cpp:368] gyr saturation
W20250111 19:39:36.027999 1694375 ImuError.cpp:368] gyr saturation
W20250111 19:39:36.028008 1694375 ImuError.cpp:368] gyr saturation
W20250111 19:39:36.028017 1694375 ImuError.cpp:368] gyr saturation
W20250111 19:39:36.028025 1694375 ImuError.cpp:368] gyr saturation
W20250111 19:39:36.028034 1694375 ImuError.cpp:368] gyr saturation
W20250111 19:39:36.032330 1694375 ImuError.cpp:650] gyr saturation
W20250111 19:39:36.032358 1694375 ImuError.cpp:650] gyr saturation
W20250111 19:39:36.032364 1694375 ImuError.cpp:650] gyr saturation
W20250111 19:39:36.032369 1694375 ImuError.cpp:650] gyr saturation
W20250111 19:39:36.032374 1694375 ImuError.cpp:650] gyr saturation
W20250111 19:39:36.032385 1694375 ImuError.cpp:650] gyr saturation
W20250111 19:39:36.032388 1694375 ImuError.cpp:650] gyr saturation
W20250111 19:39:36.032392 1694375 ImuError.cpp:650] gyr saturation
W20250111 19:39:36.032397 1694375 ImuError.cpp:650] gyr saturation
W20250111 19:39:36.032402 1694375 ImuError.cpp:650] gyr saturation
W20250111 19:39:36.032407 1694375 ImuError.cpp:650] gyr saturation
W20250111 19:39:36.032413 1694375 ImuError.cpp:650] gyr saturation
W20250111 19:39:36.032416 1694375 ImuError.cpp:650] gyr saturation
W20250111 19:39:36.032421 1694375 ImuError.cpp:650] gyr saturation
W20250111 19:39:36.032426 1694375 ImuError.cpp:650] gyr saturation
W20250111 19:39:36.032430 1694375 ImuError.cpp:650] gyr saturation
W20250111 19:39:36.032434 1694375 ImuError.cpp:650] gyr saturation
W20250111 19:39:36.032441 1694375 ImuError.cpp:650] gyr saturation
W20250111 19:39:36.032451 1694375 ImuError.cpp:650] gyr saturation
W20250111 19:39:36.032460 1694375 ImuError.cpp:650] gyr saturation
W20250111 19:39:36.032465 1694375 ImuError.cpp:650] gyr saturation
W20250111 19:39:36.032469 1694375 ImuError.cpp:650] gyr saturation
W20250111 19:39:36.032474 1694375 ImuError.cpp:650] gyr saturation
W20250111 19:39:36.032480 1694375 ImuError.cpp:650] gyr saturation
W20250111 19:39:36.032485 1694375 ImuError.cpp:650] gyr saturation
W20250111 19:39:36.032490 1694375 ImuError.cpp:650] gyr saturation
W20250111 19:39:36.032495 1694375 ImuError.cpp:650] gyr saturation
W20250111 19:39:36.032500 1694375 ImuError.cpp:650] gyr saturation
W20250111 19:39:36.032503 1694375 ImuError.cpp:650] gyr saturation
W20250111 19:39:36.032509 1694375 ImuError.cpp:650] gyr saturation
W20250111 19:39:36.032514 1694375 ImuError.cpp:650] gyr saturation
W20250111 19:39:36.032518 1694375 ImuError.cpp:650] gyr saturation
W20250111 19:39:36.032523 1694375 ImuError.cpp:650] gyr saturation
W20250111 19:39:36.032528 1694375 ImuError.cpp:650] gyr saturation
W20250111 19:39:36.032536 1694375 ImuError.cpp:650] gyr saturation
W20250111 19:39:36.032542 1694375 ImuError.cpp:650] gyr saturation
W20250111 19:39:36.032547 1694375 ImuError.cpp:650] gyr saturation
W20250111 19:39:36.032553 1694375 ImuError.cpp:650] gyr saturation
W20250111 19:39:36.032557 1694375 ImuError.cpp:650] gyr saturation
W20250111 19:39:36.032562 1694375 ImuError.cpp:650] gyr saturation
W20250111 19:39:36.032567 1694375 ImuError.cpp:650] gyr saturation
W20250111 19:39:36.032572 1694375 ImuError.cpp:650] gyr saturation
W20250111 19:39:36.032577 1694375 ImuError.cpp:650] gyr saturation
W20250111 19:39:36.032582 1694375 ImuError.cpp:650] gyr saturation
W20250111 19:39:36.032586 1694375 ImuError.cpp:650] gyr saturation
W20250111 19:39:36.032591 1694375 ImuError.cpp:650] gyr saturation
W20250111 19:39:36.032596 1694375 ImuError.cpp:650] gyr saturation
W20250111 19:39:36.032601 1694375 ImuError.cpp:650] gyr saturation
W20250111 19:39:36.032608 1694375 ImuError.cpp:650] gyr saturation
W20250111 19:39:36.032611 1694375 ImuError.cpp:650] gyr saturation
W20250111 19:39:36.032614 1694375 ImuError.cpp:650] gyr saturation
W20250111 19:39:36.061203 1694375 ImuError.cpp:650] gyr saturation
W20250111 19:39:36.061230 1694375 ImuError.cpp:650] gyr saturation
W20250111 19:39:36.061234 1694375 ImuError.cpp:650] gyr saturation
W20250111 19:39:36.061237 1694375 ImuError.cpp:650] gyr saturation
W20250111 19:39:36.061240 1694375 ImuError.cpp:650] gyr saturation
W20250111 19:39:36.061245 1694375 ImuError.cpp:650] gyr saturation
W20250111 19:39:36.061249 1694375 ImuError.cpp:650] gyr saturation
W20250111 19:39:36.061251 1694375 ImuError.cpp:650] gyr saturation
W20250111 19:39:36.061255 1694375 ImuError.cpp:650] gyr saturation
W20250111 19:39:36.061259 1694375 ImuError.cpp:650] gyr saturation
W20250111 19:39:36.061262 1694375 ImuError.cpp:650] gyr saturation
W20250111 19:39:36.061265 1694375 ImuError.cpp:650] gyr saturation
W20250111 19:39:36.061268 1694375 ImuError.cpp:650] gyr saturation
W20250111 19:39:36.061272 1694375 ImuError.cpp:650] gyr saturation
W20250111 19:39:36.061275 1694375 ImuError.cpp:650] gyr saturation
W20250111 19:39:36.061280 1694375 ImuError.cpp:650] gyr saturation
W20250111 19:39:36.061283 1694375 ImuError.cpp:650] gyr saturation
W20250111 19:39:36.061287 1694375 ImuError.cpp:650] gyr saturation
W20250111 19:39:36.061290 1694375 ImuError.cpp:650] gyr saturation
W20250111 19:39:36.061295 1694375 ImuError.cpp:650] gyr saturation
W20250111 19:39:36.061298 1694375 ImuError.cpp:650] gyr saturation
W20250111 19:39:36.061301 1694375 ImuError.cpp:650] gyr saturation
W20250111 19:39:36.061305 1694375 ImuError.cpp:650] gyr saturation
W20250111 19:39:36.061308 1694375 ImuError.cpp:650] gyr saturation
W20250111 19:39:36.061312 1694375 ImuError.cpp:650] gyr saturation
W20250111 19:39:36.061316 1694375 ImuError.cpp:650] gyr saturation
W20250111 19:39:36.061319 1694375 ImuError.cpp:650] gyr saturation
W20250111 19:39:36.061323 1694375 ImuError.cpp:650] gyr saturation
W20250111 19:39:36.061326 1694375 ImuError.cpp:650] gyr saturation
W20250111 19:39:36.061334 1694375 ImuError.cpp:650] gyr saturation
W20250111 19:39:36.061338 1694375 ImuError.cpp:650] gyr saturation
W20250111 19:39:36.061342 1694375 ImuError.cpp:650] gyr saturation
W20250111 19:39:36.061345 1694375 ImuError.cpp:650] gyr saturation
W20250111 19:39:36.061350 1694375 ImuError.cpp:650] gyr saturation
W20250111 19:39:36.061354 1694375 ImuError.cpp:650] gyr saturation
W20250111 19:39:36.061581 1694375 ImuError.cpp:650] gyr saturation
W20250111 19:39:36.061589 1694375 ImuError.cpp:650] gyr saturation
W20250111 19:39:36.061594 1694375 ImuError.cpp:650] gyr saturation
W20250111 19:39:36.061599 1694375 ImuError.cpp:650] gyr saturation
W20250111 19:39:36.061602 1694375 ImuError.cpp:650] gyr saturation
W20250111 19:39:36.061605 1694375 ImuError.cpp:650] gyr saturation
W20250111 19:39:36.061609 1694375 ImuError.cpp:650] gyr saturation
W20250111 19:39:36.061612 1694375 ImuError.cpp:650] gyr saturation
W20250111 19:39:36.061615 1694375 ImuError.cpp:650] gyr saturation
W20250111 19:39:36.061625 1694375 ImuError.cpp:650] gyr saturation
W20250111 19:39:36.061627 1694375 ImuError.cpp:650] gyr saturation
W20250111 19:39:36.061635 1694375 ImuError.cpp:650] gyr saturation
W20250111 19:39:36.061638 1694375 ImuError.cpp:650] gyr saturation
W20250111 19:39:36.061642 1694375 ImuError.cpp:650] gyr saturation
W20250111 19:39:36.061646 1694375 ImuError.cpp:650] gyr saturation
W20250111 19:39:36.061650 1694375 ImuError.cpp:650] gyr saturation
W20250111 19:39:36.061653 1694375 ImuError.cpp:650] gyr saturation
W20250111 19:39:36.061656 1694375 ImuError.cpp:650] gyr saturation
W20250111 19:39:36.061661 1694375 ImuError.cpp:650] gyr saturation
W20250111 19:39:36.061663 1694375 ImuError.cpp:650] gyr saturation
W20250111 19:39:36.061667 1694375 ImuError.cpp:650] gyr saturation
W20250111 19:39:36.061671 1694375 ImuError.cpp:650] gyr saturation
W20250111 19:39:36.061673 1694375 ImuError.cpp:650] gyr saturation
W20250111 19:39:36.061677 1694375 ImuError.cpp:650] gyr saturation
W20250111 19:39:36.061681 1694375 ImuError.cpp:650] gyr saturation
W20250111 19:39:36.061684 1694375 ImuError.cpp:650] gyr saturation
W20250111 19:39:36.061688 1694375 ImuError.cpp:650] gyr saturation
W20250111 19:39:36.061692 1694375 ImuError.cpp:650] gyr saturation
W20250111 19:39:36.061695 1694375 ImuError.cpp:650] gyr saturation
W20250111 19:39:36.061698 1694375 ImuError.cpp:650] gyr saturation
W20250111 19:39:36.061702 1694375 ImuError.cpp:650] gyr saturation
W20250111 19:39:36.061705 1694375 ImuError.cpp:650] gyr saturation
W20250111 19:39:36.061709 1694375 ImuError.cpp:650] gyr saturation
W20250111 19:39:36.061713 1694375 ImuError.cpp:650] gyr saturation
W20250111 19:39:36.061717 1694375 ImuError.cpp:650] gyr saturation
I20250111 19:39:36.064142 1694375 Frontend.cpp:2274] RANSAC FAIL: 6 inliers, ratio = 0.545455
W20250111 19:39:36.065627 1694375 ImuError.cpp:368] gyr saturation
W20250111 19:39:36.065663 1694375 ImuError.cpp:368] gyr saturation
W20250111 19:39:36.065673 1694375 ImuError.cpp:368] gyr saturation
W20250111 19:39:36.065682 1694375 ImuError.cpp:368] gyr saturation
W20250111 19:39:36.065691 1694375 ImuError.cpp:368] gyr saturation
W20250111 19:39:36.065699 1694375 ImuError.cpp:368] gyr saturation
W20250111 19:39:36.065707 1694375 ImuError.cpp:368] gyr saturation
W20250111 19:39:36.065716 1694375 ImuError.cpp:368] gyr saturation
W20250111 19:39:36.065727 1694375 ImuError.cpp:368] gyr saturation
W20250111 19:39:36.065737 1694375 ImuError.cpp:368] gyr saturation
W20250111 19:39:36.065744 1694375 ImuError.cpp:368] gyr saturation
W20250111 19:39:36.065752 1694375 ImuError.cpp:368] gyr saturation
W20250111 19:39:36.065760 1694375 ImuError.cpp:368] gyr saturation
W20250111 19:39:36.065769 1694375 ImuError.cpp:368] gyr saturation
W20250111 19:39:36.065778 1694375 ImuError.cpp:368] gyr saturation
W20250111 19:39:36.065786 1694375 ImuError.cpp:368] gyr saturation
W20250111 19:39:36.065795 1694375 ImuError.cpp:368] gyr saturation
W20250111 19:39:36.065804 1694375 ImuError.cpp:368] gyr saturation
W20250111 19:39:36.065811 1694375 ImuError.cpp:368] gyr saturation
W20250111 19:39:36.065822 1694375 ImuError.cpp:368] gyr saturation
W20250111 19:39:36.065835 1694375 ImuError.cpp:368] gyr saturation
W20250111 19:39:36.065843 1694375 ImuError.cpp:368] gyr saturation
W20250111 19:39:36.065853 1694375 ImuError.cpp:368] gyr saturation
W20250111 19:39:36.065861 1694375 ImuError.cpp:368] gyr saturation
W20250111 19:39:36.065871 1694375 ImuError.cpp:368] gyr saturation
W20250111 19:39:36.065878 1694375 ImuError.cpp:368] gyr saturation
W20250111 19:39:36.065887 1694375 ImuError.cpp:368] gyr saturation
W20250111 19:39:36.065896 1694375 ImuError.cpp:368] gyr saturation
W20250111 19:39:36.065904 1694375 ImuError.cpp:368] gyr saturation
W20250111 19:39:36.065912 1694375 ImuError.cpp:368] gyr saturation
W20250111 19:39:36.065922 1694375 ImuError.cpp:368] gyr saturation
W20250111 19:39:36.065930 1694375 ImuError.cpp:368] gyr saturation
W20250111 19:39:36.065938 1694375 ImuError.cpp:368] gyr saturation
W20250111 19:39:36.065946 1694375 ImuError.cpp:368] gyr saturation
W20250111 19:39:36.065959 1694375 ImuError.cpp:368] gyr saturation
W20250111 19:39:36.068101 1694375 Frontend.cpp:612] 3d2d tracking weak: quality=0. Number of 3d2d-matches: 11
W20250111 19:39:36.069789 1694375 ImuError.cpp:650] gyr saturation
W20250111 19:39:36.069805 1694375 ImuError.cpp:650] gyr saturation
W20250111 19:39:36.069811 1694375 ImuError.cpp:650] gyr saturation
W20250111 19:39:36.069815 1694375 ImuError.cpp:650] gyr saturation
W20250111 19:39:36.069820 1694375 ImuError.cpp:650] gyr saturation
W20250111 19:39:36.069824 1694375 ImuError.cpp:650] gyr saturation
W20250111 19:39:36.069828 1694375 ImuError.cpp:650] gyr saturation
W20250111 19:39:36.069833 1694375 ImuError.cpp:650] gyr saturation
W20250111 19:39:36.069835 1694375 ImuError.cpp:650] gyr saturation
W20250111 19:39:36.069839 1694375 ImuError.cpp:650] gyr saturation
W20250111 19:39:36.069844 1694375 ImuError.cpp:650] gyr saturation
W20250111 19:39:36.069849 1694375 ImuError.cpp:650] gyr saturation
W20250111 19:39:36.069852 1694375 ImuError.cpp:650] gyr saturation
W20250111 19:39:36.069857 1694375 ImuError.cpp:650] gyr saturation
W20250111 19:39:36.069861 1694375 ImuError.cpp:650] gyr saturation
W20250111 19:39:36.069867 1694375 ImuError.cpp:650] gyr saturation
W20250111 19:39:36.069871 1694375 ImuError.cpp:650] gyr saturation
W20250111 19:39:36.069876 1694375 ImuError.cpp:650] gyr saturation
W20250111 19:39:36.069880 1694375 ImuError.cpp:650] gyr saturation
W20250111 19:39:36.069885 1694375 ImuError.cpp:650] gyr saturation
W20250111 19:39:36.069890 1694375 ImuError.cpp:650] gyr saturation
W20250111 19:39:36.069895 1694375 ImuError.cpp:650] gyr saturation
W20250111 19:39:36.069898 1694375 ImuError.cpp:650] gyr saturation
W20250111 19:39:36.069903 1694375 ImuError.cpp:650] gyr saturation
W20250111 19:39:36.069907 1694375 ImuError.cpp:650] gyr saturation
W20250111 19:39:36.069912 1694375 ImuError.cpp:650] gyr saturation
W20250111 19:39:36.069917 1694375 ImuError.cpp:650] gyr saturation
W20250111 19:39:36.069921 1694375 ImuError.cpp:650] gyr saturation
W20250111 19:39:36.069926 1694375 ImuError.cpp:650] gyr saturation
W20250111 19:39:36.069931 1694375 ImuError.cpp:650] gyr saturation
W20250111 19:39:36.069934 1694375 ImuError.cpp:650] gyr saturation
W20250111 19:39:36.069938 1694375 ImuError.cpp:650] gyr saturation
W20250111 19:39:36.069944 1694375 ImuError.cpp:650] gyr saturation
W20250111 19:39:36.069948 1694375 ImuError.cpp:650] gyr saturation
W20250111 19:39:36.069953 1694375 ImuError.cpp:650] gyr saturation
W20250111 19:39:36.069957 1694375 ImuError.cpp:650] gyr saturation
W20250111 19:39:36.069962 1694375 ImuError.cpp:650] gyr saturation
W20250111 19:39:36.069967 1694375 ImuError.cpp:650] gyr saturation
W20250111 19:39:36.069972 1694375 ImuError.cpp:650] gyr saturation
W20250111 19:39:36.069976 1694375 ImuError.cpp:650] gyr saturation
W20250111 19:39:36.069980 1694375 ImuError.cpp:650] gyr saturation
W20250111 19:39:36.069984 1694375 ImuError.cpp:650] gyr saturation
W20250111 19:39:36.069989 1694375 ImuError.cpp:650] gyr saturation
W20250111 19:39:36.069993 1694375 ImuError.cpp:650] gyr saturation
W20250111 19:39:36.069996 1694375 ImuError.cpp:650] gyr saturation
W20250111 19:39:36.070005 1694375 ImuError.cpp:650] gyr saturation
W20250111 19:39:36.070009 1694375 ImuError.cpp:650] gyr saturation
W20250111 19:39:36.070013 1694375 ImuError.cpp:650] gyr saturation
W20250111 19:39:36.070019 1694375 ImuError.cpp:650] gyr saturation
W20250111 19:39:36.070022 1694375 ImuError.cpp:650] gyr saturation
W20250111 19:39:36.070026 1694375 ImuError.cpp:650] gyr saturation
W20250111 19:39:36.070030 1694375 ImuError.cpp:650] gyr saturation
W20250111 19:39:36.070034 1694375 ImuError.cpp:650] gyr saturation
W20250111 19:39:36.070037 1694375 ImuError.cpp:650] gyr saturation
W20250111 19:39:36.070041 1694375 ImuError.cpp:650] gyr saturation
W20250111 19:39:36.070045 1694375 ImuError.cpp:650] gyr saturation
W20250111 19:39:36.070050 1694375 ImuError.cpp:650] gyr saturation
W20250111 19:39:36.070055 1694375 ImuError.cpp:650] gyr saturation
W20250111 19:39:36.070061 1694375 ImuError.cpp:650] gyr saturation
W20250111 19:39:36.070067 1694375 ImuError.cpp:650] gyr saturation
W20250111 19:39:36.070071 1694375 ImuError.cpp:650] gyr saturation
W20250111 19:39:36.070076 1694375 ImuError.cpp:650] gyr saturation
W20250111 19:39:36.070080 1694375 ImuError.cpp:650] gyr saturation
W20250111 19:39:36.070086 1694375 ImuError.cpp:650] gyr saturation
W20250111 19:39:36.070091 1694375 ImuError.cpp:650] gyr saturation
W20250111 19:39:36.070094 1694375 ImuError.cpp:650] gyr saturation
W20250111 19:39:36.070098 1694375 ImuError.cpp:650] gyr saturation
W20250111 19:39:36.070102 1694375 ImuError.cpp:650] gyr saturation
W20250111 19:39:36.096539 1694375 ImuError.cpp:650] gyr saturation
W20250111 19:39:36.096571 1694375 ImuError.cpp:650] gyr saturation
W20250111 19:39:36.096575 1694375 ImuError.cpp:650] gyr saturation
W20250111 19:39:36.096580 1694375 ImuError.cpp:650] gyr saturation
W20250111 19:39:36.096583 1694375 ImuError.cpp:650] gyr saturation
W20250111 19:39:36.096587 1694375 ImuError.cpp:650] gyr saturation
W20250111 19:39:36.096591 1694375 ImuError.cpp:650] gyr saturation
W20250111 19:39:36.096596 1694375 ImuError.cpp:650] gyr saturation
W20250111 19:39:36.096606 1694375 ImuError.cpp:650] gyr saturation
W20250111 19:39:36.096609 1694375 ImuError.cpp:650] gyr saturation
W20250111 19:39:36.096613 1694375 ImuError.cpp:650] gyr saturation
W20250111 19:39:36.096616 1694375 ImuError.cpp:650] gyr saturation
W20250111 19:39:36.096621 1694375 ImuError.cpp:650] gyr saturation
W20250111 19:39:36.096624 1694375 ImuError.cpp:650] gyr saturation
W20250111 19:39:36.096628 1694375 ImuError.cpp:650] gyr saturation
W20250111 19:39:36.096635 1694375 ImuError.cpp:650] gyr saturation
W20250111 19:39:36.096638 1694375 ImuError.cpp:650] gyr saturation
W20250111 19:39:36.096642 1694375 ImuError.cpp:650] gyr saturation
W20250111 19:39:36.096645 1694375 ImuError.cpp:650] gyr saturation
W20250111 19:39:36.096650 1694375 ImuError.cpp:650] gyr saturation
W20250111 19:39:36.096653 1694375 ImuError.cpp:650] gyr saturation
W20250111 19:39:36.096657 1694375 ImuError.cpp:650] gyr saturation
W20250111 19:39:36.096660 1694375 ImuError.cpp:650] gyr saturation
W20250111 19:39:36.096665 1694375 ImuError.cpp:650] gyr saturation
W20250111 19:39:36.096670 1694375 ImuError.cpp:650] gyr saturation
W20250111 19:39:36.096675 1694375 ImuError.cpp:650] gyr saturation
W20250111 19:39:36.096679 1694375 ImuError.cpp:650] gyr saturation
W20250111 19:39:36.096683 1694375 ImuError.cpp:650] gyr saturation
W20250111 19:39:36.096688 1694375 ImuError.cpp:650] gyr saturation
W20250111 19:39:36.096691 1694375 ImuError.cpp:650] gyr saturation
W20250111 19:39:36.096695 1694375 ImuError.cpp:650] gyr saturation
W20250111 19:39:36.096699 1694375 ImuError.cpp:650] gyr saturation
W20250111 19:39:36.096705 1694375 ImuError.cpp:650] gyr saturation
W20250111 19:39:36.096709 1694375 ImuError.cpp:650] gyr saturation
W20250111 19:39:36.096800 1694375 ImuError.cpp:650] gyr saturation
W20250111 19:39:36.096805 1694375 ImuError.cpp:650] gyr saturation
W20250111 19:39:36.096809 1694375 ImuError.cpp:650] gyr saturation
W20250111 19:39:36.096813 1694375 ImuError.cpp:650] gyr saturation
W20250111 19:39:36.096820 1694375 ImuError.cpp:650] gyr saturation
W20250111 19:39:36.096825 1694375 ImuError.cpp:650] gyr saturation
W20250111 19:39:36.096830 1694375 ImuError.cpp:650] gyr saturation
W20250111 19:39:36.096834 1694375 ImuError.cpp:650] gyr saturation
W20250111 19:39:36.096838 1694375 ImuError.cpp:650] gyr saturation
W20250111 19:39:36.096844 1694375 ImuError.cpp:650] gyr saturation
W20250111 19:39:36.096848 1694375 ImuError.cpp:650] gyr saturation
W20250111 19:39:36.096851 1694375 ImuError.cpp:650] gyr saturation
W20250111 19:39:36.096855 1694375 ImuError.cpp:650] gyr saturation
W20250111 19:39:36.096860 1694375 ImuError.cpp:650] gyr saturation
W20250111 19:39:36.096864 1694375 ImuError.cpp:650] gyr saturation
W20250111 19:39:36.096868 1694375 ImuError.cpp:650] gyr saturation
W20250111 19:39:36.096871 1694375 ImuError.cpp:650] gyr saturation
W20250111 19:39:36.096880 1694375 ImuError.cpp:650] gyr saturation
W20250111 19:39:36.096885 1694375 ImuError.cpp:650] gyr saturation
W20250111 19:39:36.096889 1694375 ImuError.cpp:650] gyr saturation
W20250111 19:39:36.096894 1694375 ImuError.cpp:650] gyr saturation
W20250111 19:39:36.096899 1694375 ImuError.cpp:650] gyr saturation
W20250111 19:39:36.096902 1694375 ImuError.cpp:650] gyr saturation
W20250111 19:39:36.096906 1694375 ImuError.cpp:650] gyr saturation
W20250111 19:39:36.096909 1694375 ImuError.cpp:650] gyr saturation
W20250111 19:39:36.096913 1694375 ImuError.cpp:650] gyr saturation
W20250111 19:39:36.096917 1694375 ImuError.cpp:650] gyr saturation
W20250111 19:39:36.096920 1694375 ImuError.cpp:650] gyr saturation
W20250111 19:39:36.096925 1694375 ImuError.cpp:650] gyr saturation
W20250111 19:39:36.096930 1694375 ImuError.cpp:650] gyr saturation
W20250111 19:39:36.096935 1694375 ImuError.cpp:650] gyr saturation
W20250111 19:39:36.096938 1694375 ImuError.cpp:650] gyr saturation
W20250111 19:39:36.096941 1694375 ImuError.cpp:650] gyr saturation
W20250111 19:39:36.096946 1694375 ImuError.cpp:650] gyr saturation
I20250111 19:39:36.098045 1694375 Frontend.cpp:2274] RANSAC FAIL: 10 inliers, ratio = 0.666667
W20250111 19:39:36.099469 1694375 ImuError.cpp:368] gyr saturation
W20250111 19:39:36.099498 1694375 ImuError.cpp:368] gyr saturation
W20250111 19:39:36.099505 1694375 ImuError.cpp:368] gyr saturation
W20250111 19:39:36.099515 1694375 ImuError.cpp:368] gyr saturation
W20250111 19:39:36.099524 1694375 ImuError.cpp:368] gyr saturation
W20250111 19:39:36.099531 1694375 ImuError.cpp:368] gyr saturation
W20250111 19:39:36.099539 1694375 ImuError.cpp:368] gyr saturation
W20250111 19:39:36.099546 1694375 ImuError.cpp:368] gyr saturation
W20250111 19:39:36.099555 1694375 ImuError.cpp:368] gyr saturation
W20250111 19:39:36.099565 1694375 ImuError.cpp:368] gyr saturation
W20250111 19:39:36.099572 1694375 ImuError.cpp:368] gyr saturation
W20250111 19:39:36.099582 1694375 ImuError.cpp:368] gyr saturation
W20250111 19:39:36.099589 1694375 ImuError.cpp:368] gyr saturation
W20250111 19:39:36.099597 1694375 ImuError.cpp:368] gyr saturation
W20250111 19:39:36.099606 1694375 ImuError.cpp:368] gyr saturation
W20250111 19:39:36.099615 1694375 ImuError.cpp:368] gyr saturation
W20250111 19:39:36.099622 1694375 ImuError.cpp:368] gyr saturation
W20250111 19:39:36.099632 1694375 ImuError.cpp:368] gyr saturation
W20250111 19:39:36.099640 1694375 ImuError.cpp:368] gyr saturation
W20250111 19:39:36.099648 1694375 ImuError.cpp:368] gyr saturation
W20250111 19:39:36.099656 1694375 ImuError.cpp:368] gyr saturation
W20250111 19:39:36.099664 1694375 ImuError.cpp:368] gyr saturation
W20250111 19:39:36.099673 1694375 ImuError.cpp:368] gyr saturation
W20250111 19:39:36.099680 1694375 ImuError.cpp:368] gyr saturation
W20250111 19:39:36.099689 1694375 ImuError.cpp:368] gyr saturation
W20250111 19:39:36.099697 1694375 ImuError.cpp:368] gyr saturation
W20250111 19:39:36.099705 1694375 ImuError.cpp:368] gyr saturation
W20250111 19:39:36.099715 1694375 ImuError.cpp:368] gyr saturation
W20250111 19:39:36.099723 1694375 ImuError.cpp:368] gyr saturation
W20250111 19:39:36.099732 1694375 ImuError.cpp:368] gyr saturation
W20250111 19:39:36.099741 1694375 ImuError.cpp:368] gyr saturation
W20250111 19:39:36.099753 1694375 ImuError.cpp:368] gyr saturation
W20250111 19:39:36.099762 1694375 ImuError.cpp:368] gyr saturation
W20250111 19:39:36.099771 1694375 ImuError.cpp:368] gyr saturation
W20250111 19:39:36.103430 1694375 ImuError.cpp:650] gyr saturation
W20250111 19:39:36.103458 1694375 ImuError.cpp:650] gyr saturation
W20250111 19:39:36.103463 1694375 ImuError.cpp:650] gyr saturation
W20250111 19:39:36.103466 1694375 ImuError.cpp:650] gyr saturation
W20250111 19:39:36.103470 1694375 ImuError.cpp:650] gyr saturation
W20250111 19:39:36.103475 1694375 ImuError.cpp:650] gyr saturation
W20250111 19:39:36.103480 1694375 ImuError.cpp:650] gyr saturation
W20250111 19:39:36.103484 1694375 ImuError.cpp:650] gyr saturation
W20250111 19:39:36.103492 1694375 ImuError.cpp:650] gyr saturation
W20250111 19:39:36.103503 1694375 ImuError.cpp:650] gyr saturation
W20250111 19:39:36.103508 1694375 ImuError.cpp:650] gyr saturation
W20250111 19:39:36.103513 1694375 ImuError.cpp:650] gyr saturation
W20250111 19:39:36.103519 1694375 ImuError.cpp:650] gyr saturation
W20250111 19:39:36.103523 1694375 ImuError.cpp:650] gyr saturation
W20250111 19:39:36.103526 1694375 ImuError.cpp:650] gyr saturation
W20250111 19:39:36.103530 1694375 ImuError.cpp:650] gyr saturation
W20250111 19:39:36.103533 1694375 ImuError.cpp:650] gyr saturation
W20250111 19:39:36.103538 1694375 ImuError.cpp:650] gyr saturation
W20250111 19:39:36.103542 1694375 ImuError.cpp:650] gyr saturation
W20250111 19:39:36.103545 1694375 ImuError.cpp:650] gyr saturation
W20250111 19:39:36.103549 1694375 ImuError.cpp:650] gyr saturation
W20250111 19:39:36.103554 1694375 ImuError.cpp:650] gyr saturation
W20250111 19:39:36.103559 1694375 ImuError.cpp:650] gyr saturation
W20250111 19:39:36.103562 1694375 ImuError.cpp:650] gyr saturation
W20250111 19:39:36.103566 1694375 ImuError.cpp:650] gyr saturation
W20250111 19:39:36.103571 1694375 ImuError.cpp:650] gyr saturation
W20250111 19:39:36.103575 1694375 ImuError.cpp:650] gyr saturation
W20250111 19:39:36.103579 1694375 ImuError.cpp:650] gyr saturation
W20250111 19:39:36.103582 1694375 ImuError.cpp:650] gyr saturation
W20250111 19:39:36.103587 1694375 ImuError.cpp:650] gyr saturation
W20250111 19:39:36.103591 1694375 ImuError.cpp:650] gyr saturation
W20250111 19:39:36.103596 1694375 ImuError.cpp:650] gyr saturation
W20250111 19:39:36.103601 1694375 ImuError.cpp:650] gyr saturation
W20250111 19:39:36.103605 1694375 ImuError.cpp:650] gyr saturation
W20250111 19:39:36.103610 1694375 ImuError.cpp:650] gyr saturation
W20250111 19:39:36.103614 1694375 ImuError.cpp:650] gyr saturation
W20250111 19:39:36.103618 1694375 ImuError.cpp:650] gyr saturation
W20250111 19:39:36.103622 1694375 ImuError.cpp:650] gyr saturation
W20250111 19:39:36.103627 1694375 ImuError.cpp:650] gyr saturation
W20250111 19:39:36.103634 1694375 ImuError.cpp:650] gyr saturation
W20250111 19:39:36.103637 1694375 ImuError.cpp:650] gyr saturation
W20250111 19:39:36.103643 1694375 ImuError.cpp:650] gyr saturation
W20250111 19:39:36.103648 1694375 ImuError.cpp:650] gyr saturation
W20250111 19:39:36.103652 1694375 ImuError.cpp:650] gyr saturation
W20250111 19:39:36.103657 1694375 ImuError.cpp:650] gyr saturation
W20250111 19:39:36.103660 1694375 ImuError.cpp:650] gyr saturation
W20250111 19:39:36.103664 1694375 ImuError.cpp:650] gyr saturation
W20250111 19:39:36.103668 1694375 ImuError.cpp:650] gyr saturation
W20250111 19:39:36.103672 1694375 ImuError.cpp:650] gyr saturation
W20250111 19:39:36.103675 1694375 ImuError.cpp:650] gyr saturation
W20250111 19:39:36.103680 1694375 ImuError.cpp:650] gyr saturation
W20250111 19:39:36.103685 1694375 ImuError.cpp:650] gyr saturation
W20250111 19:39:36.103689 1694375 ImuError.cpp:650] gyr saturation
W20250111 19:39:36.103694 1694375 ImuError.cpp:650] gyr saturation
W20250111 19:39:36.103698 1694375 ImuError.cpp:650] gyr saturation
W20250111 19:39:36.103703 1694375 ImuError.cpp:650] gyr saturation
W20250111 19:39:36.103705 1694375 ImuError.cpp:650] gyr saturation
W20250111 19:39:36.103709 1694375 ImuError.cpp:650] gyr saturation
W20250111 19:39:36.103714 1694375 ImuError.cpp:650] gyr saturation
W20250111 19:39:36.103718 1694375 ImuError.cpp:650] gyr saturation
W20250111 19:39:36.103724 1694375 ImuError.cpp:650] gyr saturation
W20250111 19:39:36.103726 1694375 ImuError.cpp:650] gyr saturation
W20250111 19:39:36.103731 1694375 ImuError.cpp:650] gyr saturation
W20250111 19:39:36.103737 1694375 ImuError.cpp:650] gyr saturation
W20250111 19:39:36.103742 1694375 ImuError.cpp:650] gyr saturation
W20250111 19:39:36.103746 1694375 ImuError.cpp:650] gyr saturation
W20250111 19:39:36.103750 1694375 ImuError.cpp:650] gyr saturation
W20250111 19:39:36.130612 1694375 ImuError.cpp:650] gyr saturation
W20250111 19:39:36.130638 1694375 ImuError.cpp:650] gyr saturation
W20250111 19:39:36.130641 1694375 ImuError.cpp:650] gyr saturation
W20250111 19:39:36.130654 1694375 ImuError.cpp:650] gyr saturation
W20250111 19:39:36.130658 1694375 ImuError.cpp:650] gyr saturation
W20250111 19:39:36.130663 1694375 ImuError.cpp:650] gyr saturation
W20250111 19:39:36.130667 1694375 ImuError.cpp:650] gyr saturation
W20250111 19:39:36.130671 1694375 ImuError.cpp:650] gyr saturation
W20250111 19:39:36.130674 1694375 ImuError.cpp:650] gyr saturation
W20250111 19:39:36.130679 1694375 ImuError.cpp:650] gyr saturation
W20250111 19:39:36.130682 1694375 ImuError.cpp:650] gyr saturation
W20250111 19:39:36.130686 1694375 ImuError.cpp:650] gyr saturation
W20250111 19:39:36.130690 1694375 ImuError.cpp:650] gyr saturation
W20250111 19:39:36.130694 1694375 ImuError.cpp:650] gyr saturation
W20250111 19:39:36.130698 1694375 ImuError.cpp:650] gyr saturation
W20250111 19:39:36.130702 1694375 ImuError.cpp:650] gyr saturation
W20250111 19:39:36.130707 1694375 ImuError.cpp:650] gyr saturation
W20250111 19:39:36.130710 1694375 ImuError.cpp:650] gyr saturation
W20250111 19:39:36.130714 1694375 ImuError.cpp:650] gyr saturation
W20250111 19:39:36.130718 1694375 ImuError.cpp:650] gyr saturation
W20250111 19:39:36.130724 1694375 ImuError.cpp:650] gyr saturation
W20250111 19:39:36.130728 1694375 ImuError.cpp:650] gyr saturation
W20250111 19:39:36.130731 1694375 ImuError.cpp:650] gyr saturation
W20250111 19:39:36.130735 1694375 ImuError.cpp:650] gyr saturation
W20250111 19:39:36.130738 1694375 ImuError.cpp:650] gyr saturation
W20250111 19:39:36.130743 1694375 ImuError.cpp:650] gyr saturation
W20250111 19:39:36.130745 1694375 ImuError.cpp:650] gyr saturation
W20250111 19:39:36.130749 1694375 ImuError.cpp:650] gyr saturation
W20250111 19:39:36.130753 1694375 ImuError.cpp:650] gyr saturation
W20250111 19:39:36.130756 1694375 ImuError.cpp:650] gyr saturation
W20250111 19:39:36.130759 1694375 ImuError.cpp:650] gyr saturation
W20250111 19:39:36.130764 1694375 ImuError.cpp:650] gyr saturation
W20250111 19:39:36.130766 1694375 ImuError.cpp:650] gyr saturation
W20250111 19:39:36.130770 1694375 ImuError.cpp:650] gyr saturation
W20250111 19:39:36.130913 1694375 ImuError.cpp:650] gyr saturation
W20250111 19:39:36.130919 1694375 ImuError.cpp:650] gyr saturation
W20250111 19:39:36.130923 1694375 ImuError.cpp:650] gyr saturation
W20250111 19:39:36.130926 1694375 ImuError.cpp:650] gyr saturation
W20250111 19:39:36.130930 1694375 ImuError.cpp:650] gyr saturation
W20250111 19:39:36.130934 1694375 ImuError.cpp:650] gyr saturation
W20250111 19:39:36.130937 1694375 ImuError.cpp:650] gyr saturation
W20250111 19:39:36.130940 1694375 ImuError.cpp:650] gyr saturation
W20250111 19:39:36.130944 1694375 ImuError.cpp:650] gyr saturation
W20250111 19:39:36.130947 1694375 ImuError.cpp:650] gyr saturation
W20250111 19:39:36.130951 1694375 ImuError.cpp:650] gyr saturation
W20250111 19:39:36.130954 1694375 ImuError.cpp:650] gyr saturation
W20250111 19:39:36.130959 1694375 ImuError.cpp:650] gyr saturation
W20250111 19:39:36.130961 1694375 ImuError.cpp:650] gyr saturation
W20250111 19:39:36.130964 1694375 ImuError.cpp:650] gyr saturation
W20250111 19:39:36.130968 1694375 ImuError.cpp:650] gyr saturation
W20250111 19:39:36.130971 1694375 ImuError.cpp:650] gyr saturation
W20250111 19:39:36.130975 1694375 ImuError.cpp:650] gyr saturation
W20250111 19:39:36.130980 1694375 ImuError.cpp:650] gyr saturation
W20250111 19:39:36.130982 1694375 ImuError.cpp:650] gyr saturation
W20250111 19:39:36.130985 1694375 ImuError.cpp:650] gyr saturation
W20250111 19:39:36.130990 1694375 ImuError.cpp:650] gyr saturation
W20250111 19:39:36.130992 1694375 ImuError.cpp:650] gyr saturation
W20250111 19:39:36.130995 1694375 ImuError.cpp:650] gyr saturation
W20250111 19:39:36.130998 1694375 ImuError.cpp:650] gyr saturation
W20250111 19:39:36.131002 1694375 ImuError.cpp:650] gyr saturation
W20250111 19:39:36.131006 1694375 ImuError.cpp:650] gyr saturation
W20250111 19:39:36.131008 1694375 ImuError.cpp:650] gyr saturation
W20250111 19:39:36.131011 1694375 ImuError.cpp:650] gyr saturation
W20250111 19:39:36.131016 1694375 ImuError.cpp:650] gyr saturation
W20250111 19:39:36.131021 1694375 ImuError.cpp:650] gyr saturation
W20250111 19:39:36.131026 1694375 ImuError.cpp:650] gyr saturation
W20250111 19:39:36.131028 1694375 ImuError.cpp:650] gyr saturation
W20250111 19:39:36.131031 1694375 ImuError.cpp:650] gyr saturation
W20250111 19:39:36.133301 1694375 ImuError.cpp:368] gyr saturation
W20250111 19:39:36.133333 1694375 ImuError.cpp:368] gyr saturation
W20250111 19:39:36.133342 1694375 ImuError.cpp:368] gyr saturation
W20250111 19:39:36.133351 1694375 ImuError.cpp:368] gyr saturation
W20250111 19:39:36.133358 1694375 ImuError.cpp:368] gyr saturation
W20250111 19:39:36.133365 1694375 ImuError.cpp:368] gyr saturation
W20250111 19:39:36.133373 1694375 ImuError.cpp:368] gyr saturation
W20250111 19:39:36.133379 1694375 ImuError.cpp:368] gyr saturation
W20250111 19:39:36.133386 1694375 ImuError.cpp:368] gyr saturation
W20250111 19:39:36.133395 1694375 ImuError.cpp:368] gyr saturation
W20250111 19:39:36.133402 1694375 ImuError.cpp:368] gyr saturation
W20250111 19:39:36.133411 1694375 ImuError.cpp:368] gyr saturation
W20250111 19:39:36.133417 1694375 ImuError.cpp:368] gyr saturation
W20250111 19:39:36.133425 1694375 ImuError.cpp:368] gyr saturation
W20250111 19:39:36.133433 1694375 ImuError.cpp:368] gyr saturation
W20250111 19:39:36.133442 1694375 ImuError.cpp:368] gyr saturation
W20250111 19:39:36.133450 1694375 ImuError.cpp:368] gyr saturation
W20250111 19:39:36.133457 1694375 ImuError.cpp:368] gyr saturation
W20250111 19:39:36.133464 1694375 ImuError.cpp:368] gyr saturation
W20250111 19:39:36.133472 1694375 ImuError.cpp:368] gyr saturation
W20250111 19:39:36.133479 1694375 ImuError.cpp:368] gyr saturation
W20250111 19:39:36.133487 1694375 ImuError.cpp:368] gyr saturation
W20250111 19:39:36.133495 1694375 ImuError.cpp:368] gyr saturation
W20250111 19:39:36.133502 1694375 ImuError.cpp:368] gyr saturation
W20250111 19:39:36.133509 1694375 ImuError.cpp:368] gyr saturation
W20250111 19:39:36.133517 1694375 ImuError.cpp:368] gyr saturation
W20250111 19:39:36.133525 1694375 ImuError.cpp:368] gyr saturation
W20250111 19:39:36.133533 1694375 ImuError.cpp:368] gyr saturation
W20250111 19:39:36.133540 1694375 ImuError.cpp:368] gyr saturation
W20250111 19:39:36.133548 1694375 ImuError.cpp:368] gyr saturation
W20250111 19:39:36.133555 1694375 ImuError.cpp:368] gyr saturation
W20250111 19:39:36.133562 1694375 ImuError.cpp:368] gyr saturation
W20250111 19:39:36.133569 1694375 ImuError.cpp:368] gyr saturation
W20250111 19:39:36.133579 1694375 ImuError.cpp:368] gyr saturation
W20250111 19:39:36.137218 1694375 ImuError.cpp:650] gyr saturation
W20250111 19:39:36.137248 1694375 ImuError.cpp:650] gyr saturation
W20250111 19:39:36.137252 1694375 ImuError.cpp:650] gyr saturation
W20250111 19:39:36.137255 1694375 ImuError.cpp:650] gyr saturation
W20250111 19:39:36.137259 1694375 ImuError.cpp:650] gyr saturation
W20250111 19:39:36.137264 1694375 ImuError.cpp:650] gyr saturation
W20250111 19:39:36.137269 1694375 ImuError.cpp:650] gyr saturation
W20250111 19:39:36.137272 1694375 ImuError.cpp:650] gyr saturation
W20250111 19:39:36.137284 1694375 ImuError.cpp:650] gyr saturation
W20250111 19:39:36.137287 1694375 ImuError.cpp:650] gyr saturation
W20250111 19:39:36.137293 1694375 ImuError.cpp:650] gyr saturation
W20250111 19:39:36.137302 1694375 ImuError.cpp:650] gyr saturation
W20250111 19:39:36.137306 1694375 ImuError.cpp:650] gyr saturation
W20250111 19:39:36.137310 1694375 ImuError.cpp:650] gyr saturation
W20250111 19:39:36.137315 1694375 ImuError.cpp:650] gyr saturation
W20250111 19:39:36.137318 1694375 ImuError.cpp:650] gyr saturation
W20250111 19:39:36.137321 1694375 ImuError.cpp:650] gyr saturation
W20250111 19:39:36.137326 1694375 ImuError.cpp:650] gyr saturation
W20250111 19:39:36.137331 1694375 ImuError.cpp:650] gyr saturation
W20250111 19:39:36.137336 1694375 ImuError.cpp:650] gyr saturation
W20250111 19:39:36.137341 1694375 ImuError.cpp:650] gyr saturation
W20250111 19:39:36.137343 1694375 ImuError.cpp:650] gyr saturation
W20250111 19:39:36.137349 1694375 ImuError.cpp:650] gyr saturation
W20250111 19:39:36.137355 1694375 ImuError.cpp:650] gyr saturation
W20250111 19:39:36.137362 1694375 ImuError.cpp:650] gyr saturation
W20250111 19:39:36.137367 1694375 ImuError.cpp:650] gyr saturation
W20250111 19:39:36.137372 1694375 ImuError.cpp:650] gyr saturation
W20250111 19:39:36.137377 1694375 ImuError.cpp:650] gyr saturation
W20250111 19:39:36.137380 1694375 ImuError.cpp:650] gyr saturation
W20250111 19:39:36.137385 1694375 ImuError.cpp:650] gyr saturation
W20250111 19:39:36.137389 1694375 ImuError.cpp:650] gyr saturation
W20250111 19:39:36.137393 1694375 ImuError.cpp:650] gyr saturation
W20250111 19:39:36.137398 1694375 ImuError.cpp:650] gyr saturation
W20250111 19:39:36.137403 1694375 ImuError.cpp:650] gyr saturation
W20250111 19:39:36.137408 1694375 ImuError.cpp:650] gyr saturation
W20250111 19:39:36.137413 1694375 ImuError.cpp:650] gyr saturation
W20250111 19:39:36.137416 1694375 ImuError.cpp:650] gyr saturation
W20250111 19:39:36.137420 1694375 ImuError.cpp:650] gyr saturation
W20250111 19:39:36.137424 1694375 ImuError.cpp:650] gyr saturation
W20250111 19:39:36.137428 1694375 ImuError.cpp:650] gyr saturation
W20250111 19:39:36.137432 1694375 ImuError.cpp:650] gyr saturation
W20250111 19:39:36.137436 1694375 ImuError.cpp:650] gyr saturation
W20250111 19:39:36.137441 1694375 ImuError.cpp:650] gyr saturation
W20250111 19:39:36.137446 1694375 ImuError.cpp:650] gyr saturation
W20250111 19:39:36.137451 1694375 ImuError.cpp:650] gyr saturation
W20250111 19:39:36.137454 1694375 ImuError.cpp:650] gyr saturation
W20250111 19:39:36.137459 1694375 ImuError.cpp:650] gyr saturation
W20250111 19:39:36.137463 1694375 ImuError.cpp:650] gyr saturation
W20250111 19:39:36.137466 1694375 ImuError.cpp:650] gyr saturation
W20250111 19:39:36.137470 1694375 ImuError.cpp:650] gyr saturation
W20250111 19:39:36.137475 1694375 ImuError.cpp:650] gyr saturation
W20250111 19:39:36.137480 1694375 ImuError.cpp:650] gyr saturation
W20250111 19:39:36.137485 1694375 ImuError.cpp:650] gyr saturation
W20250111 19:39:36.137488 1694375 ImuError.cpp:650] gyr saturation
W20250111 19:39:36.137492 1694375 ImuError.cpp:650] gyr saturation
W20250111 19:39:36.137496 1694375 ImuError.cpp:650] gyr saturation
W20250111 19:39:36.137501 1694375 ImuError.cpp:650] gyr saturation
W20250111 19:39:36.137506 1694375 ImuError.cpp:650] gyr saturation
W20250111 19:39:36.137509 1694375 ImuError.cpp:650] gyr saturation
W20250111 19:39:36.137513 1694375 ImuError.cpp:650] gyr saturation
W20250111 19:39:36.137517 1694375 ImuError.cpp:650] gyr saturation
W20250111 19:39:36.137521 1694375 ImuError.cpp:650] gyr saturation
W20250111 19:39:36.137524 1694375 ImuError.cpp:650] gyr saturation
W20250111 19:39:36.137529 1694375 ImuError.cpp:650] gyr saturation
W20250111 19:39:36.137533 1694375 ImuError.cpp:650] gyr saturation
W20250111 19:39:36.137538 1694375 ImuError.cpp:650] gyr saturation
W20250111 19:39:36.167611 1694375 ImuError.cpp:650] gyr saturation
W20250111 19:39:36.167637 1694375 ImuError.cpp:650] gyr saturation
W20250111 19:39:36.167640 1694375 ImuError.cpp:650] gyr saturation
W20250111 19:39:36.167644 1694375 ImuError.cpp:650] gyr saturation
W20250111 19:39:36.167646 1694375 ImuError.cpp:650] gyr saturation
W20250111 19:39:36.167649 1694375 ImuError.cpp:650] gyr saturation
W20250111 19:39:36.167652 1694375 ImuError.cpp:650] gyr saturation
W20250111 19:39:36.167658 1694375 ImuError.cpp:650] gyr saturation
W20250111 19:39:36.167661 1694375 ImuError.cpp:650] gyr saturation
W20250111 19:39:36.167665 1694375 ImuError.cpp:650] gyr saturation
W20250111 19:39:36.167670 1694375 ImuError.cpp:650] gyr saturation
W20250111 19:39:36.167673 1694375 ImuError.cpp:650] gyr saturation
W20250111 19:39:36.167676 1694375 ImuError.cpp:650] gyr saturation
W20250111 19:39:36.167685 1694375 ImuError.cpp:650] gyr saturation
W20250111 19:39:36.167688 1694375 ImuError.cpp:650] gyr saturation
W20250111 19:39:36.167693 1694375 ImuError.cpp:650] gyr saturation
W20250111 19:39:36.167697 1694375 ImuError.cpp:650] gyr saturation
W20250111 19:39:36.167701 1694375 ImuError.cpp:650] gyr saturation
W20250111 19:39:36.167706 1694375 ImuError.cpp:650] gyr saturation
W20250111 19:39:36.167716 1694375 ImuError.cpp:650] gyr saturation
W20250111 19:39:36.167719 1694375 ImuError.cpp:650] gyr saturation
W20250111 19:39:36.167724 1694375 ImuError.cpp:650] gyr saturation
W20250111 19:39:36.167728 1694375 ImuError.cpp:650] gyr saturation
W20250111 19:39:36.167734 1694375 ImuError.cpp:650] gyr saturation
W20250111 19:39:36.167739 1694375 ImuError.cpp:650] gyr saturation
W20250111 19:39:36.167743 1694375 ImuError.cpp:650] gyr saturation
W20250111 19:39:36.167747 1694375 ImuError.cpp:650] gyr saturation
W20250111 19:39:36.167752 1694375 ImuError.cpp:650] gyr saturation
W20250111 19:39:36.167755 1694375 ImuError.cpp:650] gyr saturation
W20250111 19:39:36.167759 1694375 ImuError.cpp:650] gyr saturation
W20250111 19:39:36.167763 1694375 ImuError.cpp:650] gyr saturation
W20250111 19:39:36.167768 1694375 ImuError.cpp:650] gyr saturation
W20250111 19:39:36.167774 1694375 ImuError.cpp:650] gyr saturation
W20250111 19:39:36.167867 1694375 ImuError.cpp:650] gyr saturation
W20250111 19:39:36.167872 1694375 ImuError.cpp:650] gyr saturation
W20250111 19:39:36.167876 1694375 ImuError.cpp:650] gyr saturation
W20250111 19:39:36.167881 1694375 ImuError.cpp:650] gyr saturation
W20250111 19:39:36.167883 1694375 ImuError.cpp:650] gyr saturation
W20250111 19:39:36.167888 1694375 ImuError.cpp:650] gyr saturation
W20250111 19:39:36.167892 1694375 ImuError.cpp:650] gyr saturation
W20250111 19:39:36.167896 1694375 ImuError.cpp:650] gyr saturation
W20250111 19:39:36.167901 1694375 ImuError.cpp:650] gyr saturation
W20250111 19:39:36.167904 1694375 ImuError.cpp:650] gyr saturation
W20250111 19:39:36.167908 1694375 ImuError.cpp:650] gyr saturation
W20250111 19:39:36.167912 1694375 ImuError.cpp:650] gyr saturation
W20250111 19:39:36.167917 1694375 ImuError.cpp:650] gyr saturation
W20250111 19:39:36.167919 1694375 ImuError.cpp:650] gyr saturation
W20250111 19:39:36.167923 1694375 ImuError.cpp:650] gyr saturation
W20250111 19:39:36.167928 1694375 ImuError.cpp:650] gyr saturation
W20250111 19:39:36.167932 1694375 ImuError.cpp:650] gyr saturation
W20250111 19:39:36.167935 1694375 ImuError.cpp:650] gyr saturation
W20250111 19:39:36.167939 1694375 ImuError.cpp:650] gyr saturation
W20250111 19:39:36.167943 1694375 ImuError.cpp:650] gyr saturation
W20250111 19:39:36.167948 1694375 ImuError.cpp:650] gyr saturation
W20250111 19:39:36.167951 1694375 ImuError.cpp:650] gyr saturation
W20250111 19:39:36.167955 1694375 ImuError.cpp:650] gyr saturation
W20250111 19:39:36.167958 1694375 ImuError.cpp:650] gyr saturation
W20250111 19:39:36.167963 1694375 ImuError.cpp:650] gyr saturation
W20250111 19:39:36.167966 1694375 ImuError.cpp:650] gyr saturation
W20250111 19:39:36.167969 1694375 ImuError.cpp:650] gyr saturation
W20250111 19:39:36.167973 1694375 ImuError.cpp:650] gyr saturation
W20250111 19:39:36.167979 1694375 ImuError.cpp:650] gyr saturation
W20250111 19:39:36.167982 1694375 ImuError.cpp:650] gyr saturation
W20250111 19:39:36.167986 1694375 ImuError.cpp:650] gyr saturation
W20250111 19:39:36.167989 1694375 ImuError.cpp:650] gyr saturation
W20250111 19:39:36.167994 1694375 ImuError.cpp:650] gyr saturation
W20250111 19:39:36.170172 1694375 ImuError.cpp:368] gyr saturation
W20250111 19:39:36.170218 1694375 ImuError.cpp:368] gyr saturation
W20250111 19:39:36.170233 1694375 ImuError.cpp:368] gyr saturation
W20250111 19:39:36.170239 1694375 ImuError.cpp:368] gyr saturation
W20250111 19:39:36.170246 1694375 ImuError.cpp:368] gyr saturation
W20250111 19:39:36.170254 1694375 ImuError.cpp:368] gyr saturation
W20250111 19:39:36.170261 1694375 ImuError.cpp:368] gyr saturation
W20250111 19:39:36.170270 1694375 ImuError.cpp:368] gyr saturation
W20250111 19:39:36.170279 1694375 ImuError.cpp:368] gyr saturation
W20250111 19:39:36.170285 1694375 ImuError.cpp:368] gyr saturation
W20250111 19:39:36.170297 1694375 ImuError.cpp:368] gyr saturation
W20250111 19:39:36.170305 1694375 ImuError.cpp:368] gyr saturation
W20250111 19:39:36.170312 1694375 ImuError.cpp:368] gyr saturation
W20250111 19:39:36.170320 1694375 ImuError.cpp:368] gyr saturation
W20250111 19:39:36.170331 1694375 ImuError.cpp:368] gyr saturation
W20250111 19:39:36.170339 1694375 ImuError.cpp:368] gyr saturation
W20250111 19:39:36.170347 1694375 ImuError.cpp:368] gyr saturation
W20250111 19:39:36.170357 1694375 ImuError.cpp:368] gyr saturation
W20250111 19:39:36.170364 1694375 ImuError.cpp:368] gyr saturation
W20250111 19:39:36.170372 1694375 ImuError.cpp:368] gyr saturation
W20250111 19:39:36.170379 1694375 ImuError.cpp:368] gyr saturation
W20250111 19:39:36.170387 1694375 ImuError.cpp:368] gyr saturation
W20250111 19:39:36.170394 1694375 ImuError.cpp:368] gyr saturation
W20250111 19:39:36.170403 1694375 ImuError.cpp:368] gyr saturation
W20250111 19:39:36.170409 1694375 ImuError.cpp:368] gyr saturation
W20250111 19:39:36.170416 1694375 ImuError.cpp:368] gyr saturation
W20250111 19:39:36.170426 1694375 ImuError.cpp:368] gyr saturation
W20250111 19:39:36.170434 1694375 ImuError.cpp:368] gyr saturation
W20250111 19:39:36.170441 1694375 ImuError.cpp:368] gyr saturation
W20250111 19:39:36.170449 1694375 ImuError.cpp:368] gyr saturation
W20250111 19:39:36.170456 1694375 ImuError.cpp:368] gyr saturation
W20250111 19:39:36.170464 1694375 ImuError.cpp:368] gyr saturation
W20250111 19:39:36.170472 1694375 ImuError.cpp:368] gyr saturation
W20250111 19:39:36.172340 1694375 Frontend.cpp:612] 3d2d tracking weak: quality=0. Number of 3d2d-matches: 9
W20250111 19:39:36.173950 1694375 ImuError.cpp:650] gyr saturation
W20250111 19:39:36.173966 1694375 ImuError.cpp:650] gyr saturation
W20250111 19:39:36.173970 1694375 ImuError.cpp:650] gyr saturation
W20250111 19:39:36.173974 1694375 ImuError.cpp:650] gyr saturation
W20250111 19:39:36.173977 1694375 ImuError.cpp:650] gyr saturation
W20250111 19:39:36.173983 1694375 ImuError.cpp:650] gyr saturation
W20250111 19:39:36.173987 1694375 ImuError.cpp:650] gyr saturation
W20250111 19:39:36.173991 1694375 ImuError.cpp:650] gyr saturation
W20250111 19:39:36.173995 1694375 ImuError.cpp:650] gyr saturation
W20250111 19:39:36.174000 1694375 ImuError.cpp:650] gyr saturation
W20250111 19:39:36.174005 1694375 ImuError.cpp:650] gyr saturation
W20250111 19:39:36.174010 1694375 ImuError.cpp:650] gyr saturation
W20250111 19:39:36.174013 1694375 ImuError.cpp:650] gyr saturation
W20250111 19:39:36.174019 1694375 ImuError.cpp:650] gyr saturation
W20250111 19:39:36.174024 1694375 ImuError.cpp:650] gyr saturation
W20250111 19:39:36.174028 1694375 ImuError.cpp:650] gyr saturation
W20250111 19:39:36.174033 1694375 ImuError.cpp:650] gyr saturation
W20250111 19:39:36.174037 1694375 ImuError.cpp:650] gyr saturation
W20250111 19:39:36.174042 1694375 ImuError.cpp:650] gyr saturation
W20250111 19:39:36.174047 1694375 ImuError.cpp:650] gyr saturation
W20250111 19:39:36.174052 1694375 ImuError.cpp:650] gyr saturation
W20250111 19:39:36.174057 1694375 ImuError.cpp:650] gyr saturation
W20250111 19:39:36.174060 1694375 ImuError.cpp:650] gyr saturation
W20250111 19:39:36.174065 1694375 ImuError.cpp:650] gyr saturation
W20250111 19:39:36.174070 1694375 ImuError.cpp:650] gyr saturation
W20250111 19:39:36.174074 1694375 ImuError.cpp:650] gyr saturation
W20250111 19:39:36.174079 1694375 ImuError.cpp:650] gyr saturation
W20250111 19:39:36.174082 1694375 ImuError.cpp:650] gyr saturation
W20250111 19:39:36.174093 1694375 ImuError.cpp:650] gyr saturation
W20250111 19:39:36.174098 1694375 ImuError.cpp:650] gyr saturation
W20250111 19:39:36.174101 1694375 ImuError.cpp:650] gyr saturation
W20250111 19:39:36.174105 1694375 ImuError.cpp:650] gyr saturation
W20250111 19:39:36.174109 1694375 ImuError.cpp:650] gyr saturation
W20250111 19:39:36.207052 1694375 Frontend.cpp:612] 3d2d tracking weak: quality=0. Number of 3d2d-matches: 6
W20250111 19:39:36.244341 1694375 Frontend.cpp:612] 3d2d tracking weak: quality=0. Number of 3d2d-matches: 8
I20250111 19:39:36.426607 1694375 Frontend.cpp:2274] RANSAC FAIL: 32 inliers, ratio = 0.666667
I20250111 19:39:36.432293 1694375 okvis_app_synchronous.cpp:210] OKVIS Timing
-----------
1 DetectAndDescribe                	   4160	00:00:07.970314	(00:00:00.001916 +- 00:00:00.000384)	[00:00:00.000922,00:00:00.004225]
2 Match                            	   4160	00:00:30.741709	(00:00:00.007390 +- 00:00:00.003276)	[00:00:00.000194,00:00:00.018107]
2.01 match to map                  	   4159	00:00:22.960640	(00:00:00.005521 +- 00:00:00.002917)	[00:00:00.000047,00:00:00.015263]
2.02 match motion stereo           	   4159	00:00:05.498370	(00:00:00.001322 +- 00:00:00.000437)	[00:00:00.000047,00:00:00.005286]
2.02.1 match motion stereo: prepare	   4159	00:00:01.241813	(00:00:00.000299 +- 00:00:00.000116)	[00:00:00.000001,00:00:00.001300]
2.10 match stereo                  	   1132	00:00:00.040866	(00:00:00.000036 +- 00:00:00.000042)	[00:00:00.000001,00:00:00.000370]
3 Optimise                         	   4159	00:01:02.127362	(00:00:00.014938 +- 00:00:00.005760)	[00:00:00.001096,00:00:00.034739]
4 Prepare publishing               	   4159	00:00:03.427251	(00:00:00.000824 +- 00:00:00.000334)	[00:00:00.000031,00:00:00.003110]
6 Visualising                      	   4159	00:00:00.000974	(00:00:00.000000 +- 00:00:00.000000)	[00:00:00.000000,00:00:00.000009]
7 Marginalise                      	   4159	00:00:07.388062	(00:00:00.001776 +- 00:00:00.000774)	[00:00:00.000003,00:00:00.007928]
7.1 check/handle lost              	   4159	00:00:00.123006	(00:00:00.000030 +- 00:00:00.000019)	[00:00:00.000000,00:00:00.000278]
7.2 eliminate IMU frames           	   4159	00:00:03.177531	(00:00:00.000764 +- 00:00:00.000551)	[00:00:00.000000,00:00:00.002428]
7.3 convert to posegraph           	   1388	00:00:01.196167	(00:00:00.000862 +- 00:00:00.000520)	[00:00:00.000104,00:00:00.005075]
7.4 freezing                       	   4158	00:00:00.004638	(00:00:00.000001 +- 00:00:00.000002)	[00:00:00.000000,00:00:00.000019]
7.6 expand                         	   4101	00:00:00.936378	(00:00:00.000228 +- 00:00:00.000133)	[00:00:00.000022,00:00:00.002037]
7.7 prune place recognition frames 	   4158	00:00:00.933043	(00:00:00.000224 +- 00:00:00.000115)	[00:00:00.000002,00:00:00.000844]
I20250111 19:39:36.432401 1694375 okvis_app_synchronous.cpp:219] Progress: 77% (0.5 [1%/s], ETA: 46s)
I20250111 19:39:36.646077 1694375 Frontend.cpp:2274] RANSAC FAIL: 17 inliers, ratio = 0.586207
I20250111 19:39:36.683693 1694375 Frontend.cpp:2274] RANSAC FAIL: 15 inliers, ratio = 0.681818
W20250111 19:39:36.721853 1694375 Frontend.cpp:612] 3d2d tracking weak: quality=0. Number of 3d2d-matches: 8
W20250111 19:39:36.758145 1694375 Frontend.cpp:612] 3d2d tracking weak: quality=0. Number of 3d2d-matches: 9
W20250111 19:39:36.759891 1694375 ImuError.cpp:650] gyr saturation
W20250111 19:39:36.759907 1694375 ImuError.cpp:650] gyr saturation
W20250111 19:39:36.759912 1694375 ImuError.cpp:650] gyr saturation
W20250111 19:39:36.759918 1694375 ImuError.cpp:650] gyr saturation
W20250111 19:39:36.759922 1694375 ImuError.cpp:650] gyr saturation
W20250111 19:39:36.759927 1694375 ImuError.cpp:650] gyr saturation
W20250111 19:39:36.759931 1694375 ImuError.cpp:650] gyr saturation
W20250111 19:39:36.759935 1694375 ImuError.cpp:650] gyr saturation
W20250111 19:39:36.759940 1694375 ImuError.cpp:650] gyr saturation
W20250111 19:39:36.789014 1694375 ImuError.cpp:650] gyr saturation
W20250111 19:39:36.789038 1694375 ImuError.cpp:650] gyr saturation
W20250111 19:39:36.789041 1694375 ImuError.cpp:650] gyr saturation
W20250111 19:39:36.789044 1694375 ImuError.cpp:650] gyr saturation
W20250111 19:39:36.789047 1694375 ImuError.cpp:650] gyr saturation
W20250111 19:39:36.789052 1694375 ImuError.cpp:650] gyr saturation
W20250111 19:39:36.789055 1694375 ImuError.cpp:650] gyr saturation
W20250111 19:39:36.789058 1694375 ImuError.cpp:650] gyr saturation
W20250111 19:39:36.789068 1694375 ImuError.cpp:650] gyr saturation
W20250111 19:39:36.789139 1694375 ImuError.cpp:650] gyr saturation
W20250111 19:39:36.789145 1694375 ImuError.cpp:650] gyr saturation
W20250111 19:39:36.789149 1694375 ImuError.cpp:650] gyr saturation
W20250111 19:39:36.789153 1694375 ImuError.cpp:650] gyr saturation
W20250111 19:39:36.789156 1694375 ImuError.cpp:650] gyr saturation
W20250111 19:39:36.789170 1694375 ImuError.cpp:650] gyr saturation
W20250111 19:39:36.789173 1694375 ImuError.cpp:650] gyr saturation
W20250111 19:39:36.789177 1694375 ImuError.cpp:650] gyr saturation
W20250111 19:39:36.789180 1694375 ImuError.cpp:650] gyr saturation
W20250111 19:39:36.791733 1694375 ImuError.cpp:368] gyr saturation
W20250111 19:39:36.791765 1694375 ImuError.cpp:368] gyr saturation
W20250111 19:39:36.791774 1694375 ImuError.cpp:368] gyr saturation
W20250111 19:39:36.791782 1694375 ImuError.cpp:368] gyr saturation
W20250111 19:39:36.791791 1694375 ImuError.cpp:368] gyr saturation
W20250111 19:39:36.791802 1694375 ImuError.cpp:368] gyr saturation
W20250111 19:39:36.791810 1694375 ImuError.cpp:368] gyr saturation
W20250111 19:39:36.791819 1694375 ImuError.cpp:368] gyr saturation
W20250111 19:39:36.791827 1694375 ImuError.cpp:368] gyr saturation
W20250111 19:39:36.793862 1694375 Frontend.cpp:612] 3d2d tracking weak: quality=0. Number of 3d2d-matches: 13
W20250111 19:39:36.796011 1694375 ImuError.cpp:650] gyr saturation
W20250111 19:39:36.796026 1694375 ImuError.cpp:650] gyr saturation
W20250111 19:39:36.796030 1694375 ImuError.cpp:650] gyr saturation
W20250111 19:39:36.796033 1694375 ImuError.cpp:650] gyr saturation
W20250111 19:39:36.796038 1694375 ImuError.cpp:650] gyr saturation
W20250111 19:39:36.796043 1694375 ImuError.cpp:650] gyr saturation
W20250111 19:39:36.796052 1694375 ImuError.cpp:650] gyr saturation
W20250111 19:39:36.796056 1694375 ImuError.cpp:650] gyr saturation
W20250111 19:39:36.796062 1694375 ImuError.cpp:650] gyr saturation
W20250111 19:39:36.796066 1694375 ImuError.cpp:650] gyr saturation
W20250111 19:39:36.796070 1694375 ImuError.cpp:650] gyr saturation
W20250111 19:39:36.796075 1694375 ImuError.cpp:650] gyr saturation
W20250111 19:39:36.796085 1694375 ImuError.cpp:650] gyr saturation
W20250111 19:39:36.796089 1694375 ImuError.cpp:650] gyr saturation
W20250111 19:39:36.796094 1694375 ImuError.cpp:650] gyr saturation
W20250111 19:39:36.796097 1694375 ImuError.cpp:650] gyr saturation
W20250111 19:39:36.796103 1694375 ImuError.cpp:650] gyr saturation
W20250111 19:39:36.796108 1694375 ImuError.cpp:650] gyr saturation
W20250111 19:39:36.796113 1694375 ImuError.cpp:650] gyr saturation
W20250111 19:39:36.796118 1694375 ImuError.cpp:650] gyr saturation
W20250111 19:39:36.796123 1694375 ImuError.cpp:650] gyr saturation
W20250111 19:39:36.796128 1694375 ImuError.cpp:650] gyr saturation
W20250111 19:39:36.796132 1694375 ImuError.cpp:650] gyr saturation
W20250111 19:39:36.796136 1694375 ImuError.cpp:650] gyr saturation
W20250111 19:39:36.796140 1694375 ImuError.cpp:650] gyr saturation
W20250111 19:39:36.796144 1694375 ImuError.cpp:650] gyr saturation
W20250111 19:39:36.796149 1694375 ImuError.cpp:650] gyr saturation
W20250111 19:39:36.796154 1694375 ImuError.cpp:650] gyr saturation
W20250111 19:39:36.796157 1694375 ImuError.cpp:650] gyr saturation
W20250111 19:39:36.796161 1694375 ImuError.cpp:650] gyr saturation
W20250111 19:39:36.796167 1694375 ImuError.cpp:650] gyr saturation
W20250111 19:39:36.796171 1694375 ImuError.cpp:650] gyr saturation
W20250111 19:39:36.796177 1694375 ImuError.cpp:650] gyr saturation
W20250111 19:39:36.796182 1694375 ImuError.cpp:650] gyr saturation
W20250111 19:39:36.796187 1694375 ImuError.cpp:650] gyr saturation
W20250111 19:39:36.796192 1694375 ImuError.cpp:650] gyr saturation
W20250111 19:39:36.796197 1694375 ImuError.cpp:650] gyr saturation
W20250111 19:39:36.796201 1694375 ImuError.cpp:650] gyr saturation
W20250111 19:39:36.796205 1694375 ImuError.cpp:650] gyr saturation
W20250111 19:39:36.796211 1694375 ImuError.cpp:650] gyr saturation
W20250111 19:39:36.796214 1694375 ImuError.cpp:650] gyr saturation
W20250111 19:39:36.796218 1694375 ImuError.cpp:650] gyr saturation
W20250111 19:39:36.825625 1694375 ImuError.cpp:650] gyr saturation
W20250111 19:39:36.825668 1694375 ImuError.cpp:650] gyr saturation
W20250111 19:39:36.825678 1694375 ImuError.cpp:650] gyr saturation
W20250111 19:39:36.825682 1694375 ImuError.cpp:650] gyr saturation
W20250111 19:39:36.825686 1694375 ImuError.cpp:650] gyr saturation
W20250111 19:39:36.825700 1694375 ImuError.cpp:650] gyr saturation
W20250111 19:39:36.825706 1694375 ImuError.cpp:650] gyr saturation
W20250111 19:39:36.825711 1694375 ImuError.cpp:650] gyr saturation
W20250111 19:39:36.825717 1694375 ImuError.cpp:650] gyr saturation
W20250111 19:39:36.825721 1694375 ImuError.cpp:650] gyr saturation
W20250111 19:39:36.825726 1694375 ImuError.cpp:650] gyr saturation
W20250111 19:39:36.825731 1694375 ImuError.cpp:650] gyr saturation
W20250111 19:39:36.825734 1694375 ImuError.cpp:650] gyr saturation
W20250111 19:39:36.825738 1694375 ImuError.cpp:650] gyr saturation
W20250111 19:39:36.825742 1694375 ImuError.cpp:650] gyr saturation
W20250111 19:39:36.825747 1694375 ImuError.cpp:650] gyr saturation
W20250111 19:39:36.825750 1694375 ImuError.cpp:650] gyr saturation
W20250111 19:39:36.825757 1694375 ImuError.cpp:650] gyr saturation
W20250111 19:39:36.825762 1694375 ImuError.cpp:650] gyr saturation
W20250111 19:39:36.825765 1694375 ImuError.cpp:650] gyr saturation
W20250111 19:39:36.825768 1694375 ImuError.cpp:650] gyr saturation
W20250111 19:39:36.825773 1694375 ImuError.cpp:650] gyr saturation
W20250111 19:39:36.825778 1694375 ImuError.cpp:650] gyr saturation
W20250111 19:39:36.825781 1694375 ImuError.cpp:650] gyr saturation
W20250111 19:39:36.825785 1694375 ImuError.cpp:650] gyr saturation
W20250111 19:39:36.825789 1694375 ImuError.cpp:650] gyr saturation
W20250111 19:39:36.825793 1694375 ImuError.cpp:650] gyr saturation
W20250111 19:39:36.825798 1694375 ImuError.cpp:650] gyr saturation
W20250111 19:39:36.825801 1694375 ImuError.cpp:650] gyr saturation
W20250111 19:39:36.825805 1694375 ImuError.cpp:650] gyr saturation
W20250111 19:39:36.825810 1694375 ImuError.cpp:650] gyr saturation
W20250111 19:39:36.825814 1694375 ImuError.cpp:650] gyr saturation
W20250111 19:39:36.825819 1694375 ImuError.cpp:650] gyr saturation
W20250111 19:39:36.825824 1694375 ImuError.cpp:650] gyr saturation
W20250111 19:39:36.825913 1694375 ImuError.cpp:650] gyr saturation
W20250111 19:39:36.825918 1694375 ImuError.cpp:650] gyr saturation
W20250111 19:39:36.825922 1694375 ImuError.cpp:650] gyr saturation
W20250111 19:39:36.825927 1694375 ImuError.cpp:650] gyr saturation
W20250111 19:39:36.825932 1694375 ImuError.cpp:650] gyr saturation
W20250111 19:39:36.825935 1694375 ImuError.cpp:650] gyr saturation
W20250111 19:39:36.825938 1694375 ImuError.cpp:650] gyr saturation
W20250111 19:39:36.825943 1694375 ImuError.cpp:650] gyr saturation
W20250111 19:39:36.825948 1694375 ImuError.cpp:650] gyr saturation
W20250111 19:39:36.825953 1694375 ImuError.cpp:650] gyr saturation
W20250111 19:39:36.825956 1694375 ImuError.cpp:650] gyr saturation
W20250111 19:39:36.825960 1694375 ImuError.cpp:650] gyr saturation
W20250111 19:39:36.825964 1694375 ImuError.cpp:650] gyr saturation
W20250111 19:39:36.825968 1694375 ImuError.cpp:650] gyr saturation
W20250111 19:39:36.825973 1694375 ImuError.cpp:650] gyr saturation
W20250111 19:39:36.825977 1694375 ImuError.cpp:650] gyr saturation
W20250111 19:39:36.825981 1694375 ImuError.cpp:650] gyr saturation
W20250111 19:39:36.825985 1694375 ImuError.cpp:650] gyr saturation
W20250111 19:39:36.825989 1694375 ImuError.cpp:650] gyr saturation
W20250111 19:39:36.825992 1694375 ImuError.cpp:650] gyr saturation
W20250111 19:39:36.825997 1694375 ImuError.cpp:650] gyr saturation
W20250111 19:39:36.826001 1694375 ImuError.cpp:650] gyr saturation
W20250111 19:39:36.826005 1694375 ImuError.cpp:650] gyr saturation
W20250111 19:39:36.826010 1694375 ImuError.cpp:650] gyr saturation
W20250111 19:39:36.826014 1694375 ImuError.cpp:650] gyr saturation
W20250111 19:39:36.826017 1694375 ImuError.cpp:650] gyr saturation
W20250111 19:39:36.826020 1694375 ImuError.cpp:650] gyr saturation
W20250111 19:39:36.826025 1694375 ImuError.cpp:650] gyr saturation
W20250111 19:39:36.826028 1694375 ImuError.cpp:650] gyr saturation
W20250111 19:39:36.826031 1694375 ImuError.cpp:650] gyr saturation
W20250111 19:39:36.826035 1694375 ImuError.cpp:650] gyr saturation
W20250111 19:39:36.826040 1694375 ImuError.cpp:650] gyr saturation
W20250111 19:39:36.826046 1694375 ImuError.cpp:650] gyr saturation
W20250111 19:39:36.826050 1694375 ImuError.cpp:650] gyr saturation
I20250111 19:39:36.827198 1694375 Frontend.cpp:2274] RANSAC FAIL: 15 inliers, ratio = 0.625
W20250111 19:39:36.828670 1694375 ImuError.cpp:368] gyr saturation
W20250111 19:39:36.828699 1694375 ImuError.cpp:368] gyr saturation
W20250111 19:39:36.828709 1694375 ImuError.cpp:368] gyr saturation
W20250111 19:39:36.828717 1694375 ImuError.cpp:368] gyr saturation
W20250111 19:39:36.828725 1694375 ImuError.cpp:368] gyr saturation
W20250111 19:39:36.828735 1694375 ImuError.cpp:368] gyr saturation
W20250111 19:39:36.828743 1694375 ImuError.cpp:368] gyr saturation
W20250111 19:39:36.828751 1694375 ImuError.cpp:368] gyr saturation
W20250111 19:39:36.828760 1694375 ImuError.cpp:368] gyr saturation
W20250111 19:39:36.828768 1694375 ImuError.cpp:368] gyr saturation
W20250111 19:39:36.828778 1694375 ImuError.cpp:368] gyr saturation
W20250111 19:39:36.828786 1694375 ImuError.cpp:368] gyr saturation
W20250111 19:39:36.828794 1694375 ImuError.cpp:368] gyr saturation
W20250111 19:39:36.828802 1694375 ImuError.cpp:368] gyr saturation
W20250111 19:39:36.828810 1694375 ImuError.cpp:368] gyr saturation
W20250111 19:39:36.828819 1694375 ImuError.cpp:368] gyr saturation
W20250111 19:39:36.828828 1694375 ImuError.cpp:368] gyr saturation
W20250111 19:39:36.828836 1694375 ImuError.cpp:368] gyr saturation
W20250111 19:39:36.828845 1694375 ImuError.cpp:368] gyr saturation
W20250111 19:39:36.828853 1694375 ImuError.cpp:368] gyr saturation
W20250111 19:39:36.828861 1694375 ImuError.cpp:368] gyr saturation
W20250111 19:39:36.828869 1694375 ImuError.cpp:368] gyr saturation
W20250111 19:39:36.828877 1694375 ImuError.cpp:368] gyr saturation
W20250111 19:39:36.828886 1694375 ImuError.cpp:368] gyr saturation
W20250111 19:39:36.828898 1694375 ImuError.cpp:368] gyr saturation
W20250111 19:39:36.828907 1694375 ImuError.cpp:368] gyr saturation
W20250111 19:39:36.828914 1694375 ImuError.cpp:368] gyr saturation
W20250111 19:39:36.828922 1694375 ImuError.cpp:368] gyr saturation
W20250111 19:39:36.828930 1694375 ImuError.cpp:368] gyr saturation
W20250111 19:39:36.828939 1694375 ImuError.cpp:368] gyr saturation
W20250111 19:39:36.828948 1694375 ImuError.cpp:368] gyr saturation
W20250111 19:39:36.828956 1694375 ImuError.cpp:368] gyr saturation
W20250111 19:39:36.828963 1694375 ImuError.cpp:368] gyr saturation
W20250111 19:39:36.828972 1694375 ImuError.cpp:368] gyr saturation
W20250111 19:39:36.832754 1694375 ImuError.cpp:650] gyr saturation
W20250111 19:39:36.832785 1694375 ImuError.cpp:650] gyr saturation
W20250111 19:39:36.832790 1694375 ImuError.cpp:650] gyr saturation
W20250111 19:39:36.832794 1694375 ImuError.cpp:650] gyr saturation
W20250111 19:39:36.832798 1694375 ImuError.cpp:650] gyr saturation
W20250111 19:39:36.832803 1694375 ImuError.cpp:650] gyr saturation
W20250111 19:39:36.832805 1694375 ImuError.cpp:650] gyr saturation
W20250111 19:39:36.832810 1694375 ImuError.cpp:650] gyr saturation
W20250111 19:39:36.832814 1694375 ImuError.cpp:650] gyr saturation
W20250111 19:39:36.832818 1694375 ImuError.cpp:650] gyr saturation
W20250111 19:39:36.832821 1694375 ImuError.cpp:650] gyr saturation
W20250111 19:39:36.832825 1694375 ImuError.cpp:650] gyr saturation
W20250111 19:39:36.832829 1694375 ImuError.cpp:650] gyr saturation
W20250111 19:39:36.832834 1694375 ImuError.cpp:650] gyr saturation
W20250111 19:39:36.832837 1694375 ImuError.cpp:650] gyr saturation
W20250111 19:39:36.832841 1694375 ImuError.cpp:650] gyr saturation
W20250111 19:39:36.832844 1694375 ImuError.cpp:650] gyr saturation
W20250111 19:39:36.832849 1694375 ImuError.cpp:650] gyr saturation
W20250111 19:39:36.832851 1694375 ImuError.cpp:650] gyr saturation
W20250111 19:39:36.832856 1694375 ImuError.cpp:650] gyr saturation
W20250111 19:39:36.832860 1694375 ImuError.cpp:650] gyr saturation
W20250111 19:39:36.832864 1694375 ImuError.cpp:650] gyr saturation
W20250111 19:39:36.832868 1694375 ImuError.cpp:650] gyr saturation
W20250111 19:39:36.832873 1694375 ImuError.cpp:650] gyr saturation
W20250111 19:39:36.832885 1694375 ImuError.cpp:650] gyr saturation
W20250111 19:39:36.832890 1694375 ImuError.cpp:650] gyr saturation
W20250111 19:39:36.832895 1694375 ImuError.cpp:650] gyr saturation
W20250111 19:39:36.832899 1694375 ImuError.cpp:650] gyr saturation
W20250111 19:39:36.832903 1694375 ImuError.cpp:650] gyr saturation
W20250111 19:39:36.832908 1694375 ImuError.cpp:650] gyr saturation
W20250111 19:39:36.832913 1694375 ImuError.cpp:650] gyr saturation
W20250111 19:39:36.832917 1694375 ImuError.cpp:650] gyr saturation
W20250111 19:39:36.832921 1694375 ImuError.cpp:650] gyr saturation
W20250111 19:39:36.832926 1694375 ImuError.cpp:650] gyr saturation
W20250111 19:39:36.832930 1694375 ImuError.cpp:650] gyr saturation
W20250111 19:39:36.832934 1694375 ImuError.cpp:650] gyr saturation
W20250111 19:39:36.832938 1694375 ImuError.cpp:650] gyr saturation
W20250111 19:39:36.832943 1694375 ImuError.cpp:650] gyr saturation
W20250111 19:39:36.832947 1694375 ImuError.cpp:650] gyr saturation
W20250111 19:39:36.832952 1694375 ImuError.cpp:650] gyr saturation
W20250111 19:39:36.832955 1694375 ImuError.cpp:650] gyr saturation
W20250111 19:39:36.832959 1694375 ImuError.cpp:650] gyr saturation
W20250111 19:39:36.832963 1694375 ImuError.cpp:650] gyr saturation
W20250111 19:39:36.832968 1694375 ImuError.cpp:650] gyr saturation
W20250111 19:39:36.832973 1694375 ImuError.cpp:650] gyr saturation
W20250111 19:39:36.832976 1694375 ImuError.cpp:650] gyr saturation
W20250111 19:39:36.832979 1694375 ImuError.cpp:650] gyr saturation
W20250111 19:39:36.832984 1694375 ImuError.cpp:650] gyr saturation
W20250111 19:39:36.832988 1694375 ImuError.cpp:650] gyr saturation
W20250111 19:39:36.832993 1694375 ImuError.cpp:650] gyr saturation
W20250111 19:39:36.832996 1694375 ImuError.cpp:650] gyr saturation
W20250111 19:39:36.833001 1694375 ImuError.cpp:650] gyr saturation
W20250111 19:39:36.833006 1694375 ImuError.cpp:650] gyr saturation
W20250111 19:39:36.833009 1694375 ImuError.cpp:650] gyr saturation
W20250111 19:39:36.833014 1694375 ImuError.cpp:650] gyr saturation
W20250111 19:39:36.833019 1694375 ImuError.cpp:650] gyr saturation
W20250111 19:39:36.833022 1694375 ImuError.cpp:650] gyr saturation
W20250111 19:39:36.833025 1694375 ImuError.cpp:650] gyr saturation
W20250111 19:39:36.833029 1694375 ImuError.cpp:650] gyr saturation
W20250111 19:39:36.833032 1694375 ImuError.cpp:650] gyr saturation
W20250111 19:39:36.833036 1694375 ImuError.cpp:650] gyr saturation
W20250111 19:39:36.833041 1694375 ImuError.cpp:650] gyr saturation
W20250111 19:39:36.833045 1694375 ImuError.cpp:650] gyr saturation
W20250111 19:39:36.833050 1694375 ImuError.cpp:650] gyr saturation
W20250111 19:39:36.833052 1694375 ImuError.cpp:650] gyr saturation
W20250111 19:39:36.833056 1694375 ImuError.cpp:650] gyr saturation
W20250111 19:39:36.833060 1694375 ImuError.cpp:650] gyr saturation
W20250111 19:39:36.864693 1694375 ImuError.cpp:650] gyr saturation
W20250111 19:39:36.864722 1694375 ImuError.cpp:650] gyr saturation
W20250111 19:39:36.864725 1694375 ImuError.cpp:650] gyr saturation
W20250111 19:39:36.864729 1694375 ImuError.cpp:650] gyr saturation
W20250111 19:39:36.864733 1694375 ImuError.cpp:650] gyr saturation
W20250111 19:39:36.864737 1694375 ImuError.cpp:650] gyr saturation
W20250111 19:39:36.864740 1694375 ImuError.cpp:650] gyr saturation
W20250111 19:39:36.864744 1694375 ImuError.cpp:650] gyr saturation
W20250111 19:39:36.864748 1694375 ImuError.cpp:650] gyr saturation
W20250111 19:39:36.864751 1694375 ImuError.cpp:650] gyr saturation
W20250111 19:39:36.864755 1694375 ImuError.cpp:650] gyr saturation
W20250111 19:39:36.864763 1694375 ImuError.cpp:650] gyr saturation
W20250111 19:39:36.864766 1694375 ImuError.cpp:650] gyr saturation
W20250111 19:39:36.864770 1694375 ImuError.cpp:650] gyr saturation
W20250111 19:39:36.864773 1694375 ImuError.cpp:650] gyr saturation
W20250111 19:39:36.864777 1694375 ImuError.cpp:650] gyr saturation
W20250111 19:39:36.864782 1694375 ImuError.cpp:650] gyr saturation
W20250111 19:39:36.864786 1694375 ImuError.cpp:650] gyr saturation
W20250111 19:39:36.864799 1694375 ImuError.cpp:650] gyr saturation
W20250111 19:39:36.864802 1694375 ImuError.cpp:650] gyr saturation
W20250111 19:39:36.864807 1694375 ImuError.cpp:650] gyr saturation
W20250111 19:39:36.864810 1694375 ImuError.cpp:650] gyr saturation
W20250111 19:39:36.864814 1694375 ImuError.cpp:650] gyr saturation
W20250111 19:39:36.864820 1694375 ImuError.cpp:650] gyr saturation
W20250111 19:39:36.864825 1694375 ImuError.cpp:650] gyr saturation
W20250111 19:39:36.864831 1694375 ImuError.cpp:650] gyr saturation
W20250111 19:39:36.864835 1694375 ImuError.cpp:650] gyr saturation
W20250111 19:39:36.864840 1694375 ImuError.cpp:650] gyr saturation
W20250111 19:39:36.864843 1694375 ImuError.cpp:650] gyr saturation
W20250111 19:39:36.864850 1694375 ImuError.cpp:650] gyr saturation
W20250111 19:39:36.864856 1694375 ImuError.cpp:650] gyr saturation
W20250111 19:39:36.864861 1694375 ImuError.cpp:650] gyr saturation
W20250111 19:39:36.864864 1694375 ImuError.cpp:650] gyr saturation
W20250111 19:39:36.864869 1694375 ImuError.cpp:650] gyr saturation
W20250111 19:39:36.865041 1694375 ImuError.cpp:650] gyr saturation
W20250111 19:39:36.865047 1694375 ImuError.cpp:650] gyr saturation
W20250111 19:39:36.865051 1694375 ImuError.cpp:650] gyr saturation
W20250111 19:39:36.865057 1694375 ImuError.cpp:650] gyr saturation
W20250111 19:39:36.865060 1694375 ImuError.cpp:650] gyr saturation
W20250111 19:39:36.865064 1694375 ImuError.cpp:650] gyr saturation
W20250111 19:39:36.865068 1694375 ImuError.cpp:650] gyr saturation
W20250111 19:39:36.865072 1694375 ImuError.cpp:650] gyr saturation
W20250111 19:39:36.865077 1694375 ImuError.cpp:650] gyr saturation
W20250111 19:39:36.865080 1694375 ImuError.cpp:650] gyr saturation
W20250111 19:39:36.865083 1694375 ImuError.cpp:650] gyr saturation
W20250111 19:39:36.865087 1694375 ImuError.cpp:650] gyr saturation
W20250111 19:39:36.865095 1694375 ImuError.cpp:650] gyr saturation
W20250111 19:39:36.865098 1694375 ImuError.cpp:650] gyr saturation
W20250111 19:39:36.865103 1694375 ImuError.cpp:650] gyr saturation
W20250111 19:39:36.865108 1694375 ImuError.cpp:650] gyr saturation
W20250111 19:39:36.865113 1694375 ImuError.cpp:650] gyr saturation
W20250111 19:39:36.865118 1694375 ImuError.cpp:650] gyr saturation
W20250111 19:39:36.865121 1694375 ImuError.cpp:650] gyr saturation
W20250111 19:39:36.865125 1694375 ImuError.cpp:650] gyr saturation
W20250111 19:39:36.865129 1694375 ImuError.cpp:650] gyr saturation
W20250111 19:39:36.865134 1694375 ImuError.cpp:650] gyr saturation
W20250111 19:39:36.865137 1694375 ImuError.cpp:650] gyr saturation
W20250111 19:39:36.865141 1694375 ImuError.cpp:650] gyr saturation
W20250111 19:39:36.865145 1694375 ImuError.cpp:650] gyr saturation
W20250111 19:39:36.865149 1694375 ImuError.cpp:650] gyr saturation
W20250111 19:39:36.865154 1694375 ImuError.cpp:650] gyr saturation
W20250111 19:39:36.865157 1694375 ImuError.cpp:650] gyr saturation
W20250111 19:39:36.865161 1694375 ImuError.cpp:650] gyr saturation
W20250111 19:39:36.865164 1694375 ImuError.cpp:650] gyr saturation
W20250111 19:39:36.865168 1694375 ImuError.cpp:650] gyr saturation
W20250111 19:39:36.865172 1694375 ImuError.cpp:650] gyr saturation
W20250111 19:39:36.865177 1694375 ImuError.cpp:650] gyr saturation
W20250111 19:39:36.865180 1694375 ImuError.cpp:650] gyr saturation
I20250111 19:39:36.866483 1694375 Frontend.cpp:2274] RANSAC FAIL: 10 inliers, ratio = 0.588235
W20250111 19:39:36.867971 1694375 ImuError.cpp:368] gyr saturation
W20250111 19:39:36.867997 1694375 ImuError.cpp:368] gyr saturation
W20250111 19:39:36.868008 1694375 ImuError.cpp:368] gyr saturation
W20250111 19:39:36.868021 1694375 ImuError.cpp:368] gyr saturation
W20250111 19:39:36.868029 1694375 ImuError.cpp:368] gyr saturation
W20250111 19:39:36.868037 1694375 ImuError.cpp:368] gyr saturation
W20250111 19:39:36.868044 1694375 ImuError.cpp:368] gyr saturation
W20250111 19:39:36.868052 1694375 ImuError.cpp:368] gyr saturation
W20250111 19:39:36.868062 1694375 ImuError.cpp:368] gyr saturation
W20250111 19:39:36.868069 1694375 ImuError.cpp:368] gyr saturation
W20250111 19:39:36.868084 1694375 ImuError.cpp:368] gyr saturation
W20250111 19:39:36.868093 1694375 ImuError.cpp:368] gyr saturation
W20250111 19:39:36.868101 1694375 ImuError.cpp:368] gyr saturation
W20250111 19:39:36.868108 1694375 ImuError.cpp:368] gyr saturation
W20250111 19:39:36.868117 1694375 ImuError.cpp:368] gyr saturation
W20250111 19:39:36.868125 1694375 ImuError.cpp:368] gyr saturation
W20250111 19:39:36.868134 1694375 ImuError.cpp:368] gyr saturation
W20250111 19:39:36.868142 1694375 ImuError.cpp:368] gyr saturation
W20250111 19:39:36.868150 1694375 ImuError.cpp:368] gyr saturation
W20250111 19:39:36.868160 1694375 ImuError.cpp:368] gyr saturation
W20250111 19:39:36.868168 1694375 ImuError.cpp:368] gyr saturation
W20250111 19:39:36.868176 1694375 ImuError.cpp:368] gyr saturation
W20250111 19:39:36.868184 1694375 ImuError.cpp:368] gyr saturation
W20250111 19:39:36.868192 1694375 ImuError.cpp:368] gyr saturation
W20250111 19:39:36.868201 1694375 ImuError.cpp:368] gyr saturation
W20250111 19:39:36.868208 1694375 ImuError.cpp:368] gyr saturation
W20250111 19:39:36.868217 1694375 ImuError.cpp:368] gyr saturation
W20250111 19:39:36.868225 1694375 ImuError.cpp:368] gyr saturation
W20250111 19:39:36.868233 1694375 ImuError.cpp:368] gyr saturation
W20250111 19:39:36.868242 1694375 ImuError.cpp:368] gyr saturation
W20250111 19:39:36.868250 1694375 ImuError.cpp:368] gyr saturation
W20250111 19:39:36.868257 1694375 ImuError.cpp:368] gyr saturation
W20250111 19:39:36.868266 1694375 ImuError.cpp:368] gyr saturation
W20250111 19:39:36.868274 1694375 ImuError.cpp:368] gyr saturation
W20250111 19:39:36.872318 1694375 ImuError.cpp:650] gyr saturation
W20250111 19:39:36.872351 1694375 ImuError.cpp:650] gyr saturation
W20250111 19:39:36.872356 1694375 ImuError.cpp:650] gyr saturation
W20250111 19:39:36.872359 1694375 ImuError.cpp:650] gyr saturation
W20250111 19:39:36.872363 1694375 ImuError.cpp:650] gyr saturation
W20250111 19:39:36.872371 1694375 ImuError.cpp:650] gyr saturation
W20250111 19:39:36.872375 1694375 ImuError.cpp:650] gyr saturation
W20250111 19:39:36.872378 1694375 ImuError.cpp:650] gyr saturation
W20250111 19:39:36.872382 1694375 ImuError.cpp:650] gyr saturation
W20250111 19:39:36.872385 1694375 ImuError.cpp:650] gyr saturation
W20250111 19:39:36.872390 1694375 ImuError.cpp:650] gyr saturation
W20250111 19:39:36.872393 1694375 ImuError.cpp:650] gyr saturation
W20250111 19:39:36.872396 1694375 ImuError.cpp:650] gyr saturation
W20250111 19:39:36.872399 1694375 ImuError.cpp:650] gyr saturation
W20250111 19:39:36.872404 1694375 ImuError.cpp:650] gyr saturation
W20250111 19:39:36.872409 1694375 ImuError.cpp:650] gyr saturation
W20250111 19:39:36.872414 1694375 ImuError.cpp:650] gyr saturation
W20250111 19:39:36.872419 1694375 ImuError.cpp:650] gyr saturation
W20250111 19:39:36.872423 1694375 ImuError.cpp:650] gyr saturation
W20250111 19:39:36.872427 1694375 ImuError.cpp:650] gyr saturation
W20250111 19:39:36.872432 1694375 ImuError.cpp:650] gyr saturation
W20250111 19:39:36.872437 1694375 ImuError.cpp:650] gyr saturation
W20250111 19:39:36.872440 1694375 ImuError.cpp:650] gyr saturation
W20250111 19:39:36.872444 1694375 ImuError.cpp:650] gyr saturation
W20250111 19:39:36.872448 1694375 ImuError.cpp:650] gyr saturation
W20250111 19:39:36.872452 1694375 ImuError.cpp:650] gyr saturation
W20250111 19:39:36.872457 1694375 ImuError.cpp:650] gyr saturation
W20250111 19:39:36.872460 1694375 ImuError.cpp:650] gyr saturation
W20250111 19:39:36.872464 1694375 ImuError.cpp:650] gyr saturation
W20250111 19:39:36.872468 1694375 ImuError.cpp:650] gyr saturation
W20250111 19:39:36.872473 1694375 ImuError.cpp:650] gyr saturation
W20250111 19:39:36.872476 1694375 ImuError.cpp:650] gyr saturation
W20250111 19:39:36.872480 1694375 ImuError.cpp:650] gyr saturation
W20250111 19:39:36.872484 1694375 ImuError.cpp:650] gyr saturation
W20250111 19:39:36.872488 1694375 ImuError.cpp:650] gyr saturation
W20250111 19:39:36.872493 1694375 ImuError.cpp:650] gyr saturation
W20250111 19:39:36.872496 1694375 ImuError.cpp:650] gyr saturation
W20250111 19:39:36.872503 1694375 ImuError.cpp:650] gyr saturation
W20250111 19:39:36.872509 1694375 ImuError.cpp:650] gyr saturation
W20250111 19:39:36.872512 1694375 ImuError.cpp:650] gyr saturation
W20250111 19:39:36.872516 1694375 ImuError.cpp:650] gyr saturation
W20250111 19:39:36.872520 1694375 ImuError.cpp:650] gyr saturation
W20250111 19:39:36.872524 1694375 ImuError.cpp:650] gyr saturation
W20250111 19:39:36.872529 1694375 ImuError.cpp:650] gyr saturation
W20250111 19:39:36.872532 1694375 ImuError.cpp:650] gyr saturation
W20250111 19:39:36.872536 1694375 ImuError.cpp:650] gyr saturation
W20250111 19:39:36.872540 1694375 ImuError.cpp:650] gyr saturation
W20250111 19:39:36.872545 1694375 ImuError.cpp:650] gyr saturation
W20250111 19:39:36.872548 1694375 ImuError.cpp:650] gyr saturation
W20250111 19:39:36.872552 1694375 ImuError.cpp:650] gyr saturation
W20250111 19:39:36.872556 1694375 ImuError.cpp:650] gyr saturation
W20250111 19:39:36.872560 1694375 ImuError.cpp:650] gyr saturation
W20250111 19:39:36.872565 1694375 ImuError.cpp:650] gyr saturation
W20250111 19:39:36.872568 1694375 ImuError.cpp:650] gyr saturation
W20250111 19:39:36.872572 1694375 ImuError.cpp:650] gyr saturation
W20250111 19:39:36.872576 1694375 ImuError.cpp:650] gyr saturation
W20250111 19:39:36.872581 1694375 ImuError.cpp:650] gyr saturation
W20250111 19:39:36.872583 1694375 ImuError.cpp:650] gyr saturation
W20250111 19:39:36.872587 1694375 ImuError.cpp:650] gyr saturation
W20250111 19:39:36.872592 1694375 ImuError.cpp:650] gyr saturation
W20250111 19:39:36.872596 1694375 ImuError.cpp:650] gyr saturation
W20250111 19:39:36.872601 1694375 ImuError.cpp:650] gyr saturation
W20250111 19:39:36.872606 1694375 ImuError.cpp:650] gyr saturation
W20250111 19:39:36.872610 1694375 ImuError.cpp:650] gyr saturation
W20250111 19:39:36.872613 1694375 ImuError.cpp:650] gyr saturation
W20250111 19:39:36.872617 1694375 ImuError.cpp:650] gyr saturation
W20250111 19:39:36.872623 1694375 ImuError.cpp:650] gyr saturation
W20250111 19:39:36.872627 1694375 ImuError.cpp:650] gyr saturation
W20250111 19:39:36.900725 1694375 ImuError.cpp:650] gyr saturation
W20250111 19:39:36.900760 1694375 ImuError.cpp:650] gyr saturation
W20250111 19:39:36.900764 1694375 ImuError.cpp:650] gyr saturation
W20250111 19:39:36.900767 1694375 ImuError.cpp:650] gyr saturation
W20250111 19:39:36.900770 1694375 ImuError.cpp:650] gyr saturation
W20250111 19:39:36.900775 1694375 ImuError.cpp:650] gyr saturation
W20250111 19:39:36.900779 1694375 ImuError.cpp:650] gyr saturation
W20250111 19:39:36.900784 1694375 ImuError.cpp:650] gyr saturation
W20250111 19:39:36.900789 1694375 ImuError.cpp:650] gyr saturation
W20250111 19:39:36.900792 1694375 ImuError.cpp:650] gyr saturation
W20250111 19:39:36.900795 1694375 ImuError.cpp:650] gyr saturation
W20250111 19:39:36.900799 1694375 ImuError.cpp:650] gyr saturation
W20250111 19:39:36.900805 1694375 ImuError.cpp:650] gyr saturation
W20250111 19:39:36.900808 1694375 ImuError.cpp:650] gyr saturation
W20250111 19:39:36.900812 1694375 ImuError.cpp:650] gyr saturation
W20250111 19:39:36.900816 1694375 ImuError.cpp:650] gyr saturation
W20250111 19:39:36.900820 1694375 ImuError.cpp:650] gyr saturation
W20250111 19:39:36.900823 1694375 ImuError.cpp:650] gyr saturation
W20250111 19:39:36.900827 1694375 ImuError.cpp:650] gyr saturation
W20250111 19:39:36.900830 1694375 ImuError.cpp:650] gyr saturation
W20250111 19:39:36.900835 1694375 ImuError.cpp:650] gyr saturation
W20250111 19:39:36.900837 1694375 ImuError.cpp:650] gyr saturation
W20250111 19:39:36.900841 1694375 ImuError.cpp:650] gyr saturation
W20250111 19:39:36.900844 1694375 ImuError.cpp:650] gyr saturation
W20250111 19:39:36.900848 1694375 ImuError.cpp:650] gyr saturation
W20250111 19:39:36.900852 1694375 ImuError.cpp:650] gyr saturation
W20250111 19:39:36.900856 1694375 ImuError.cpp:650] gyr saturation
W20250111 19:39:36.900861 1694375 ImuError.cpp:650] gyr saturation
W20250111 19:39:36.900863 1694375 ImuError.cpp:650] gyr saturation
W20250111 19:39:36.900867 1694375 ImuError.cpp:650] gyr saturation
W20250111 19:39:36.900877 1694375 ImuError.cpp:650] gyr saturation
W20250111 19:39:36.900882 1694375 ImuError.cpp:650] gyr saturation
W20250111 19:39:36.900885 1694375 ImuError.cpp:650] gyr saturation
W20250111 19:39:36.900889 1694375 ImuError.cpp:650] gyr saturation
W20250111 19:39:36.900893 1694375 ImuError.cpp:650] gyr saturation
W20250111 19:39:36.901019 1694375 ImuError.cpp:650] gyr saturation
W20250111 19:39:36.901024 1694375 ImuError.cpp:650] gyr saturation
W20250111 19:39:36.901027 1694375 ImuError.cpp:650] gyr saturation
W20250111 19:39:36.901031 1694375 ImuError.cpp:650] gyr saturation
W20250111 19:39:36.901036 1694375 ImuError.cpp:650] gyr saturation
W20250111 19:39:36.901038 1694375 ImuError.cpp:650] gyr saturation
W20250111 19:39:36.901042 1694375 ImuError.cpp:650] gyr saturation
W20250111 19:39:36.901046 1694375 ImuError.cpp:650] gyr saturation
W20250111 19:39:36.901049 1694375 ImuError.cpp:650] gyr saturation
W20250111 19:39:36.901053 1694375 ImuError.cpp:650] gyr saturation
W20250111 19:39:36.901057 1694375 ImuError.cpp:650] gyr saturation
W20250111 19:39:36.901062 1694375 ImuError.cpp:650] gyr saturation
W20250111 19:39:36.901064 1694375 ImuError.cpp:650] gyr saturation
W20250111 19:39:36.901068 1694375 ImuError.cpp:650] gyr saturation
W20250111 19:39:36.901072 1694375 ImuError.cpp:650] gyr saturation
W20250111 19:39:36.901075 1694375 ImuError.cpp:650] gyr saturation
W20250111 19:39:36.901079 1694375 ImuError.cpp:650] gyr saturation
W20250111 19:39:36.901083 1694375 ImuError.cpp:650] gyr saturation
W20250111 19:39:36.901086 1694375 ImuError.cpp:650] gyr saturation
W20250111 19:39:36.901090 1694375 ImuError.cpp:650] gyr saturation
W20250111 19:39:36.901094 1694375 ImuError.cpp:650] gyr saturation
W20250111 19:39:36.901098 1694375 ImuError.cpp:650] gyr saturation
W20250111 19:39:36.901101 1694375 ImuError.cpp:650] gyr saturation
W20250111 19:39:36.901105 1694375 ImuError.cpp:650] gyr saturation
W20250111 19:39:36.901109 1694375 ImuError.cpp:650] gyr saturation
W20250111 19:39:36.901113 1694375 ImuError.cpp:650] gyr saturation
W20250111 19:39:36.901118 1694375 ImuError.cpp:650] gyr saturation
W20250111 19:39:36.901120 1694375 ImuError.cpp:650] gyr saturation
W20250111 19:39:36.901124 1694375 ImuError.cpp:650] gyr saturation
W20250111 19:39:36.901129 1694375 ImuError.cpp:650] gyr saturation
W20250111 19:39:36.901131 1694375 ImuError.cpp:650] gyr saturation
W20250111 19:39:36.901135 1694375 ImuError.cpp:650] gyr saturation
W20250111 19:39:36.901139 1694375 ImuError.cpp:650] gyr saturation
W20250111 19:39:36.901142 1694375 ImuError.cpp:650] gyr saturation
W20250111 19:39:36.901146 1694375 ImuError.cpp:650] gyr saturation
W20250111 19:39:36.903252 1694375 ImuError.cpp:368] gyr saturation
W20250111 19:39:36.903285 1694375 ImuError.cpp:368] gyr saturation
W20250111 19:39:36.903293 1694375 ImuError.cpp:368] gyr saturation
W20250111 19:39:36.903301 1694375 ImuError.cpp:368] gyr saturation
W20250111 19:39:36.903309 1694375 ImuError.cpp:368] gyr saturation
W20250111 19:39:36.903317 1694375 ImuError.cpp:368] gyr saturation
W20250111 19:39:36.903324 1694375 ImuError.cpp:368] gyr saturation
W20250111 19:39:36.903332 1694375 ImuError.cpp:368] gyr saturation
W20250111 19:39:36.903340 1694375 ImuError.cpp:368] gyr saturation
W20250111 19:39:36.903348 1694375 ImuError.cpp:368] gyr saturation
W20250111 19:39:36.903357 1694375 ImuError.cpp:368] gyr saturation
W20250111 19:39:36.903364 1694375 ImuError.cpp:368] gyr saturation
W20250111 19:39:36.903373 1694375 ImuError.cpp:368] gyr saturation
W20250111 19:39:36.903380 1694375 ImuError.cpp:368] gyr saturation
W20250111 19:39:36.903388 1694375 ImuError.cpp:368] gyr saturation
W20250111 19:39:36.903396 1694375 ImuError.cpp:368] gyr saturation
W20250111 19:39:36.903404 1694375 ImuError.cpp:368] gyr saturation
W20250111 19:39:36.903412 1694375 ImuError.cpp:368] gyr saturation
W20250111 19:39:36.903420 1694375 ImuError.cpp:368] gyr saturation
W20250111 19:39:36.903429 1694375 ImuError.cpp:368] gyr saturation
W20250111 19:39:36.903436 1694375 ImuError.cpp:368] gyr saturation
W20250111 19:39:36.903450 1694375 ImuError.cpp:368] gyr saturation
W20250111 19:39:36.903458 1694375 ImuError.cpp:368] gyr saturation
W20250111 19:39:36.903467 1694375 ImuError.cpp:368] gyr saturation
W20250111 19:39:36.903474 1694375 ImuError.cpp:368] gyr saturation
W20250111 19:39:36.903482 1694375 ImuError.cpp:368] gyr saturation
W20250111 19:39:36.903491 1694375 ImuError.cpp:368] gyr saturation
W20250111 19:39:36.903498 1694375 ImuError.cpp:368] gyr saturation
W20250111 19:39:36.903506 1694375 ImuError.cpp:368] gyr saturation
W20250111 19:39:36.903514 1694375 ImuError.cpp:368] gyr saturation
W20250111 19:39:36.903522 1694375 ImuError.cpp:368] gyr saturation
W20250111 19:39:36.903529 1694375 ImuError.cpp:368] gyr saturation
W20250111 19:39:36.903537 1694375 ImuError.cpp:368] gyr saturation
W20250111 19:39:36.903545 1694375 ImuError.cpp:368] gyr saturation
W20250111 19:39:36.903553 1694375 ImuError.cpp:368] gyr saturation
W20250111 19:39:36.907397 1694375 ImuError.cpp:650] gyr saturation
W20250111 19:39:36.907428 1694375 ImuError.cpp:650] gyr saturation
W20250111 19:39:36.907431 1694375 ImuError.cpp:650] gyr saturation
W20250111 19:39:36.907435 1694375 ImuError.cpp:650] gyr saturation
W20250111 19:39:36.907440 1694375 ImuError.cpp:650] gyr saturation
W20250111 19:39:36.907447 1694375 ImuError.cpp:650] gyr saturation
W20250111 19:39:36.907451 1694375 ImuError.cpp:650] gyr saturation
W20250111 19:39:36.907454 1694375 ImuError.cpp:650] gyr saturation
W20250111 19:39:36.907459 1694375 ImuError.cpp:650] gyr saturation
W20250111 19:39:36.907464 1694375 ImuError.cpp:650] gyr saturation
W20250111 19:39:36.907466 1694375 ImuError.cpp:650] gyr saturation
W20250111 19:39:36.907470 1694375 ImuError.cpp:650] gyr saturation
W20250111 19:39:36.907476 1694375 ImuError.cpp:650] gyr saturation
W20250111 19:39:36.907480 1694375 ImuError.cpp:650] gyr saturation
W20250111 19:39:36.907485 1694375 ImuError.cpp:650] gyr saturation
W20250111 19:39:36.907493 1694375 ImuError.cpp:650] gyr saturation
W20250111 19:39:36.907497 1694375 ImuError.cpp:650] gyr saturation
W20250111 19:39:36.907501 1694375 ImuError.cpp:650] gyr saturation
W20250111 19:39:36.907506 1694375 ImuError.cpp:650] gyr saturation
W20250111 19:39:36.907511 1694375 ImuError.cpp:650] gyr saturation
W20250111 19:39:36.907516 1694375 ImuError.cpp:650] gyr saturation
W20250111 19:39:36.907518 1694375 ImuError.cpp:650] gyr saturation
W20250111 19:39:36.907522 1694375 ImuError.cpp:650] gyr saturation
W20250111 19:39:36.907526 1694375 ImuError.cpp:650] gyr saturation
W20250111 19:39:36.907531 1694375 ImuError.cpp:650] gyr saturation
W20250111 19:39:36.907534 1694375 ImuError.cpp:650] gyr saturation
W20250111 19:39:36.907538 1694375 ImuError.cpp:650] gyr saturation
W20250111 19:39:36.907542 1694375 ImuError.cpp:650] gyr saturation
W20250111 19:39:36.907546 1694375 ImuError.cpp:650] gyr saturation
W20250111 19:39:36.907550 1694375 ImuError.cpp:650] gyr saturation
W20250111 19:39:36.907554 1694375 ImuError.cpp:650] gyr saturation
W20250111 19:39:36.907558 1694375 ImuError.cpp:650] gyr saturation
W20250111 19:39:36.907562 1694375 ImuError.cpp:650] gyr saturation
W20250111 19:39:36.907567 1694375 ImuError.cpp:650] gyr saturation
W20250111 19:39:36.907570 1694375 ImuError.cpp:650] gyr saturation
W20250111 19:39:36.907574 1694375 ImuError.cpp:650] gyr saturation
W20250111 19:39:36.907578 1694375 ImuError.cpp:650] gyr saturation
W20250111 19:39:36.907582 1694375 ImuError.cpp:650] gyr saturation
W20250111 19:39:36.907588 1694375 ImuError.cpp:650] gyr saturation
W20250111 19:39:36.907591 1694375 ImuError.cpp:650] gyr saturation
W20250111 19:39:36.907595 1694375 ImuError.cpp:650] gyr saturation
W20250111 19:39:36.907599 1694375 ImuError.cpp:650] gyr saturation
W20250111 19:39:36.907603 1694375 ImuError.cpp:650] gyr saturation
W20250111 19:39:36.907608 1694375 ImuError.cpp:650] gyr saturation
W20250111 19:39:36.907611 1694375 ImuError.cpp:650] gyr saturation
W20250111 19:39:36.907615 1694375 ImuError.cpp:650] gyr saturation
W20250111 19:39:36.907619 1694375 ImuError.cpp:650] gyr saturation
W20250111 19:39:36.907626 1694375 ImuError.cpp:650] gyr saturation
W20250111 19:39:36.907635 1694375 ImuError.cpp:650] gyr saturation
W20250111 19:39:36.907640 1694375 ImuError.cpp:650] gyr saturation
W20250111 19:39:36.907644 1694375 ImuError.cpp:650] gyr saturation
W20250111 19:39:36.907650 1694375 ImuError.cpp:650] gyr saturation
W20250111 19:39:36.907655 1694375 ImuError.cpp:650] gyr saturation
W20250111 19:39:36.907658 1694375 ImuError.cpp:650] gyr saturation
W20250111 19:39:36.907662 1694375 ImuError.cpp:650] gyr saturation
W20250111 19:39:36.907666 1694375 ImuError.cpp:650] gyr saturation
W20250111 19:39:36.907670 1694375 ImuError.cpp:650] gyr saturation
W20250111 19:39:36.907675 1694375 ImuError.cpp:650] gyr saturation
W20250111 19:39:36.907678 1694375 ImuError.cpp:650] gyr saturation
W20250111 19:39:36.907683 1694375 ImuError.cpp:650] gyr saturation
W20250111 19:39:36.907687 1694375 ImuError.cpp:650] gyr saturation
W20250111 19:39:36.907691 1694375 ImuError.cpp:650] gyr saturation
W20250111 19:39:36.907694 1694375 ImuError.cpp:650] gyr saturation
W20250111 19:39:36.907697 1694375 ImuError.cpp:650] gyr saturation
W20250111 19:39:36.907701 1694375 ImuError.cpp:650] gyr saturation
W20250111 19:39:36.907704 1694375 ImuError.cpp:650] gyr saturation
W20250111 19:39:36.907708 1694375 ImuError.cpp:650] gyr saturation
W20250111 19:39:36.907711 1694375 ImuError.cpp:650] gyr saturation
W20250111 19:39:36.934922 1694375 ImuError.cpp:650] gyr saturation
W20250111 19:39:36.934970 1694375 ImuError.cpp:650] gyr saturation
W20250111 19:39:36.934975 1694375 ImuError.cpp:650] gyr saturation
W20250111 19:39:36.934979 1694375 ImuError.cpp:650] gyr saturation
W20250111 19:39:36.934983 1694375 ImuError.cpp:650] gyr saturation
W20250111 19:39:36.934986 1694375 ImuError.cpp:650] gyr saturation
W20250111 19:39:36.934989 1694375 ImuError.cpp:650] gyr saturation
W20250111 19:39:36.934993 1694375 ImuError.cpp:650] gyr saturation
W20250111 19:39:36.935001 1694375 ImuError.cpp:650] gyr saturation
W20250111 19:39:36.935004 1694375 ImuError.cpp:650] gyr saturation
W20250111 19:39:36.935009 1694375 ImuError.cpp:650] gyr saturation
W20250111 19:39:36.935011 1694375 ImuError.cpp:650] gyr saturation
W20250111 19:39:36.935014 1694375 ImuError.cpp:650] gyr saturation
W20250111 19:39:36.935019 1694375 ImuError.cpp:650] gyr saturation
W20250111 19:39:36.935022 1694375 ImuError.cpp:650] gyr saturation
W20250111 19:39:36.935025 1694375 ImuError.cpp:650] gyr saturation
W20250111 19:39:36.935029 1694375 ImuError.cpp:650] gyr saturation
W20250111 19:39:36.935031 1694375 ImuError.cpp:650] gyr saturation
W20250111 19:39:36.935034 1694375 ImuError.cpp:650] gyr saturation
W20250111 19:39:36.935037 1694375 ImuError.cpp:650] gyr saturation
W20250111 19:39:36.935040 1694375 ImuError.cpp:650] gyr saturation
W20250111 19:39:36.935043 1694375 ImuError.cpp:650] gyr saturation
W20250111 19:39:36.935046 1694375 ImuError.cpp:650] gyr saturation
W20250111 19:39:36.935050 1694375 ImuError.cpp:650] gyr saturation
W20250111 19:39:36.935052 1694375 ImuError.cpp:650] gyr saturation
W20250111 19:39:36.935055 1694375 ImuError.cpp:650] gyr saturation
W20250111 19:39:36.935058 1694375 ImuError.cpp:650] gyr saturation
W20250111 19:39:36.935061 1694375 ImuError.cpp:650] gyr saturation
W20250111 19:39:36.935065 1694375 ImuError.cpp:650] gyr saturation
W20250111 19:39:36.935067 1694375 ImuError.cpp:650] gyr saturation
W20250111 19:39:36.935070 1694375 ImuError.cpp:650] gyr saturation
W20250111 19:39:36.935073 1694375 ImuError.cpp:650] gyr saturation
W20250111 19:39:36.935076 1694375 ImuError.cpp:650] gyr saturation
W20250111 19:39:36.935081 1694375 ImuError.cpp:650] gyr saturation
W20250111 19:39:36.935159 1694375 ImuError.cpp:650] gyr saturation
W20250111 19:39:36.935164 1694375 ImuError.cpp:650] gyr saturation
W20250111 19:39:36.935168 1694375 ImuError.cpp:650] gyr saturation
W20250111 19:39:36.935170 1694375 ImuError.cpp:650] gyr saturation
W20250111 19:39:36.935173 1694375 ImuError.cpp:650] gyr saturation
W20250111 19:39:36.935176 1694375 ImuError.cpp:650] gyr saturation
W20250111 19:39:36.935184 1694375 ImuError.cpp:650] gyr saturation
W20250111 19:39:36.935186 1694375 ImuError.cpp:650] gyr saturation
W20250111 19:39:36.935190 1694375 ImuError.cpp:650] gyr saturation
W20250111 19:39:36.935194 1694375 ImuError.cpp:650] gyr saturation
W20250111 19:39:36.935196 1694375 ImuError.cpp:650] gyr saturation
W20250111 19:39:36.935199 1694375 ImuError.cpp:650] gyr saturation
W20250111 19:39:36.935202 1694375 ImuError.cpp:650] gyr saturation
W20250111 19:39:36.935205 1694375 ImuError.cpp:650] gyr saturation
W20250111 19:39:36.935209 1694375 ImuError.cpp:650] gyr saturation
W20250111 19:39:36.935211 1694375 ImuError.cpp:650] gyr saturation
W20250111 19:39:36.935214 1694375 ImuError.cpp:650] gyr saturation
W20250111 19:39:36.935217 1694375 ImuError.cpp:650] gyr saturation
W20250111 19:39:36.935220 1694375 ImuError.cpp:650] gyr saturation
W20250111 19:39:36.935223 1694375 ImuError.cpp:650] gyr saturation
W20250111 19:39:36.935226 1694375 ImuError.cpp:650] gyr saturation
W20250111 19:39:36.935230 1694375 ImuError.cpp:650] gyr saturation
W20250111 19:39:36.935233 1694375 ImuError.cpp:650] gyr saturation
W20250111 19:39:36.935236 1694375 ImuError.cpp:650] gyr saturation
W20250111 19:39:36.935240 1694375 ImuError.cpp:650] gyr saturation
W20250111 19:39:36.935242 1694375 ImuError.cpp:650] gyr saturation
W20250111 19:39:36.935245 1694375 ImuError.cpp:650] gyr saturation
W20250111 19:39:36.935248 1694375 ImuError.cpp:650] gyr saturation
W20250111 19:39:36.935251 1694375 ImuError.cpp:650] gyr saturation
W20250111 19:39:36.935254 1694375 ImuError.cpp:650] gyr saturation
W20250111 19:39:36.935257 1694375 ImuError.cpp:650] gyr saturation
W20250111 19:39:36.935261 1694375 ImuError.cpp:650] gyr saturation
W20250111 19:39:36.935264 1694375 ImuError.cpp:650] gyr saturation
W20250111 19:39:36.935267 1694375 ImuError.cpp:650] gyr saturation
W20250111 19:39:36.937433 1694375 ImuError.cpp:368] gyr saturation
W20250111 19:39:36.937469 1694375 ImuError.cpp:368] gyr saturation
W20250111 19:39:36.937477 1694375 ImuError.cpp:368] gyr saturation
W20250111 19:39:36.937484 1694375 ImuError.cpp:368] gyr saturation
W20250111 19:39:36.937494 1694375 ImuError.cpp:368] gyr saturation
W20250111 19:39:36.937502 1694375 ImuError.cpp:368] gyr saturation
W20250111 19:39:36.937512 1694375 ImuError.cpp:368] gyr saturation
W20250111 19:39:36.937520 1694375 ImuError.cpp:368] gyr saturation
W20250111 19:39:36.937530 1694375 ImuError.cpp:368] gyr saturation
W20250111 19:39:36.937539 1694375 ImuError.cpp:368] gyr saturation
W20250111 19:39:36.937547 1694375 ImuError.cpp:368] gyr saturation
W20250111 19:39:36.937556 1694375 ImuError.cpp:368] gyr saturation
W20250111 19:39:36.937566 1694375 ImuError.cpp:368] gyr saturation
W20250111 19:39:36.937574 1694375 ImuError.cpp:368] gyr saturation
W20250111 19:39:36.937583 1694375 ImuError.cpp:368] gyr saturation
W20250111 19:39:36.937592 1694375 ImuError.cpp:368] gyr saturation
W20250111 19:39:36.937599 1694375 ImuError.cpp:368] gyr saturation
W20250111 19:39:36.937608 1694375 ImuError.cpp:368] gyr saturation
W20250111 19:39:36.937616 1694375 ImuError.cpp:368] gyr saturation
W20250111 19:39:36.937624 1694375 ImuError.cpp:368] gyr saturation
W20250111 19:39:36.937640 1694375 ImuError.cpp:368] gyr saturation
W20250111 19:39:36.937649 1694375 ImuError.cpp:368] gyr saturation
W20250111 19:39:36.937659 1694375 ImuError.cpp:368] gyr saturation
W20250111 19:39:36.937667 1694375 ImuError.cpp:368] gyr saturation
W20250111 19:39:36.937676 1694375 ImuError.cpp:368] gyr saturation
W20250111 19:39:36.937685 1694375 ImuError.cpp:368] gyr saturation
W20250111 19:39:36.937693 1694375 ImuError.cpp:368] gyr saturation
W20250111 19:39:36.937705 1694375 ImuError.cpp:368] gyr saturation
W20250111 19:39:36.937712 1694375 ImuError.cpp:368] gyr saturation
W20250111 19:39:36.937721 1694375 ImuError.cpp:368] gyr saturation
W20250111 19:39:36.937729 1694375 ImuError.cpp:368] gyr saturation
W20250111 19:39:36.937737 1694375 ImuError.cpp:368] gyr saturation
W20250111 19:39:36.937745 1694375 ImuError.cpp:368] gyr saturation
W20250111 19:39:36.937757 1694375 ImuError.cpp:368] gyr saturation
W20250111 19:39:36.939854 1694375 Frontend.cpp:612] 3d2d tracking weak: quality=0. Number of 3d2d-matches: 5
W20250111 19:39:36.941408 1694375 ImuError.cpp:650] gyr saturation
W20250111 19:39:36.941424 1694375 ImuError.cpp:650] gyr saturation
W20250111 19:39:36.941428 1694375 ImuError.cpp:650] gyr saturation
W20250111 19:39:36.941431 1694375 ImuError.cpp:650] gyr saturation
W20250111 19:39:36.941437 1694375 ImuError.cpp:650] gyr saturation
W20250111 19:39:36.941440 1694375 ImuError.cpp:650] gyr saturation
W20250111 19:39:36.941444 1694375 ImuError.cpp:650] gyr saturation
W20250111 19:39:36.941448 1694375 ImuError.cpp:650] gyr saturation
W20250111 19:39:36.941452 1694375 ImuError.cpp:650] gyr saturation
W20250111 19:39:36.941455 1694375 ImuError.cpp:650] gyr saturation
W20250111 19:39:36.941459 1694375 ImuError.cpp:650] gyr saturation
W20250111 19:39:36.941462 1694375 ImuError.cpp:650] gyr saturation
W20250111 19:39:36.941468 1694375 ImuError.cpp:650] gyr saturation
W20250111 19:39:36.941473 1694375 ImuError.cpp:650] gyr saturation
W20250111 19:39:36.941476 1694375 ImuError.cpp:650] gyr saturation
W20250111 19:39:36.941481 1694375 ImuError.cpp:650] gyr saturation
W20250111 19:39:36.941484 1694375 ImuError.cpp:650] gyr saturation
W20250111 19:39:36.941489 1694375 ImuError.cpp:650] gyr saturation
W20250111 19:39:36.941493 1694375 ImuError.cpp:650] gyr saturation
W20250111 19:39:36.941498 1694375 ImuError.cpp:650] gyr saturation
W20250111 19:39:36.941502 1694375 ImuError.cpp:650] gyr saturation
W20250111 19:39:36.941507 1694375 ImuError.cpp:650] gyr saturation
W20250111 19:39:36.941511 1694375 ImuError.cpp:650] gyr saturation
W20250111 19:39:36.941516 1694375 ImuError.cpp:650] gyr saturation
W20250111 19:39:36.941521 1694375 ImuError.cpp:650] gyr saturation
W20250111 19:39:36.941525 1694375 ImuError.cpp:650] gyr saturation
W20250111 19:39:36.941530 1694375 ImuError.cpp:650] gyr saturation
W20250111 19:39:36.941540 1694375 ImuError.cpp:650] gyr saturation
W20250111 19:39:36.941545 1694375 ImuError.cpp:650] gyr saturation
W20250111 19:39:36.941548 1694375 ImuError.cpp:650] gyr saturation
W20250111 19:39:36.941555 1694375 ImuError.cpp:650] gyr saturation
W20250111 19:39:36.941560 1694375 ImuError.cpp:650] gyr saturation
W20250111 19:39:36.941565 1694375 ImuError.cpp:650] gyr saturation
W20250111 19:39:36.941570 1694375 ImuError.cpp:650] gyr saturation
W20250111 19:39:36.941577 1694375 ImuError.cpp:650] gyr saturation
W20250111 19:39:36.941581 1694375 ImuError.cpp:650] gyr saturation
W20250111 19:39:36.941584 1694375 ImuError.cpp:650] gyr saturation
W20250111 19:39:36.941591 1694375 ImuError.cpp:650] gyr saturation
W20250111 19:39:36.941594 1694375 ImuError.cpp:650] gyr saturation
W20250111 19:39:36.941599 1694375 ImuError.cpp:650] gyr saturation
W20250111 19:39:36.941603 1694375 ImuError.cpp:650] gyr saturation
W20250111 19:39:36.941608 1694375 ImuError.cpp:650] gyr saturation
W20250111 19:39:36.972373 1953812 ViSlamBackend.cpp:466] TRACKING FAILURE: quality=0
W20250111 19:39:36.973412 1694375 ImuError.cpp:650] gyr saturation
W20250111 19:39:36.973436 1694375 ImuError.cpp:650] gyr saturation
W20250111 19:39:36.973440 1694375 ImuError.cpp:650] gyr saturation
W20250111 19:39:36.973443 1694375 ImuError.cpp:650] gyr saturation
W20250111 19:39:36.973446 1694375 ImuError.cpp:650] gyr saturation
W20250111 19:39:36.973449 1694375 ImuError.cpp:650] gyr saturation
W20250111 19:39:36.973452 1694375 ImuError.cpp:650] gyr saturation
W20250111 19:39:36.973455 1694375 ImuError.cpp:650] gyr saturation
W20250111 19:39:36.973459 1694375 ImuError.cpp:650] gyr saturation
W20250111 19:39:36.973523 1694375 ImuError.cpp:650] gyr saturation
W20250111 19:39:36.973527 1694375 ImuError.cpp:650] gyr saturation
W20250111 19:39:36.973531 1694375 ImuError.cpp:650] gyr saturation
W20250111 19:39:36.973533 1694375 ImuError.cpp:650] gyr saturation
W20250111 19:39:36.973536 1694375 ImuError.cpp:650] gyr saturation
W20250111 19:39:36.973539 1694375 ImuError.cpp:650] gyr saturation
W20250111 19:39:36.973544 1694375 ImuError.cpp:650] gyr saturation
W20250111 19:39:36.973554 1694375 ImuError.cpp:650] gyr saturation
W20250111 19:39:36.973562 1694375 ImuError.cpp:650] gyr saturation
W20250111 19:39:36.975446 1694375 ImuError.cpp:368] gyr saturation
W20250111 19:39:36.975477 1694375 ImuError.cpp:368] gyr saturation
W20250111 19:39:36.975486 1694375 ImuError.cpp:368] gyr saturation
W20250111 19:39:36.975495 1694375 ImuError.cpp:368] gyr saturation
W20250111 19:39:36.975502 1694375 ImuError.cpp:368] gyr saturation
W20250111 19:39:36.975512 1694375 ImuError.cpp:368] gyr saturation
W20250111 19:39:36.975521 1694375 ImuError.cpp:368] gyr saturation
W20250111 19:39:36.975529 1694375 ImuError.cpp:368] gyr saturation
W20250111 19:39:36.975538 1694375 ImuError.cpp:368] gyr saturation
W20250111 19:39:36.977492 1694375 Frontend.cpp:612] 3d2d tracking weak: quality=0. Number of 3d2d-matches: 4
W20250111 19:39:36.978924 1694375 ImuError.cpp:650] gyr saturation
W20250111 19:39:36.978940 1694375 ImuError.cpp:650] gyr saturation
W20250111 19:39:36.978942 1694375 ImuError.cpp:650] gyr saturation
W20250111 19:39:36.978945 1694375 ImuError.cpp:650] gyr saturation
W20250111 19:39:36.978951 1694375 ImuError.cpp:650] gyr saturation
W20250111 19:39:36.978955 1694375 ImuError.cpp:650] gyr saturation
W20250111 19:39:36.978962 1694375 ImuError.cpp:650] gyr saturation
W20250111 19:39:36.978966 1694375 ImuError.cpp:650] gyr saturation
W20250111 19:39:36.978971 1694375 ImuError.cpp:650] gyr saturation
W20250111 19:39:36.994604 1953886 ViSlamBackend.cpp:466] TRACKING FAILURE: quality=0
W20250111 19:39:36.999238 1694375 Frontend.cpp:612] 3d2d tracking weak: quality=0. Number of 3d2d-matches: 7
W20250111 19:39:37.035778 1694375 Frontend.cpp:612] 3d2d tracking weak: quality=0. Number of 3d2d-matches: 8
I20250111 19:39:38.391953 1694375 okvis_app_synchronous.cpp:210] OKVIS Timing
-----------
1 DetectAndDescribe                	   4214	00:00:08.049933	(00:00:00.001910 +- 00:00:00.000386)	[00:00:00.000922,00:00:00.004225]
2 Match                            	   4214	00:00:31.082324	(00:00:00.007376 +- 00:00:00.003258)	[00:00:00.000194,00:00:00.018107]
2.01 match to map                  	   4213	00:00:23.218594	(00:00:00.005511 +- 00:00:00.002900)	[00:00:00.000047,00:00:00.015263]
2.02 match motion stereo           	   4213	00:00:05.559428	(00:00:00.001320 +- 00:00:00.000436)	[00:00:00.000047,00:00:00.005286]
2.02.1 match motion stereo: prepare	   4213	00:00:01.252937	(00:00:00.000297 +- 00:00:00.000116)	[00:00:00.000001,00:00:00.001300]
2.10 match stereo                  	   1159	00:00:00.041144	(00:00:00.000035 +- 00:00:00.000042)	[00:00:00.000001,00:00:00.000370]
3 Optimise                         	   4213	00:01:03.607113	(00:00:00.015098 +- 00:00:00.005897)	[00:00:00.001096,00:00:00.034739]
4 Prepare publishing               	   4213	00:00:03.474806	(00:00:00.000825 +- 00:00:00.000333)	[00:00:00.000031,00:00:00.003110]
6 Visualising                      	   4213	00:00:00.000993	(00:00:00.000000 +- 00:00:00.000000)	[00:00:00.000000,00:00:00.000009]
7 Marginalise                      	   4213	00:00:07.470172	(00:00:00.001773 +- 00:00:00.000772)	[00:00:00.000003,00:00:00.007928]
7.1 check/handle lost              	   4213	00:00:00.124395	(00:00:00.000030 +- 00:00:00.000019)	[00:00:00.000000,00:00:00.000278]
7.2 eliminate IMU frames           	   4213	00:00:03.205785	(00:00:00.000761 +- 00:00:00.000552)	[00:00:00.000000,00:00:00.002428]
7.3 convert to posegraph           	   1419	00:00:01.216501	(00:00:00.000857 +- 00:00:00.000517)	[00:00:00.000104,00:00:00.005075]
7.4 freezing                       	   4212	00:00:00.004790	(00:00:00.000001 +- 00:00:00.000002)	[00:00:00.000000,00:00:00.000020]
7.6 expand                         	   4155	00:00:00.946581	(00:00:00.000228 +- 00:00:00.000133)	[00:00:00.000022,00:00:00.002037]
7.7 prune place recognition frames 	   4212	00:00:00.942727	(00:00:00.000224 +- 00:00:00.000115)	[00:00:00.000002,00:00:00.000844]
I20250111 19:39:38.392081 1694375 okvis_app_synchronous.cpp:219] Progress: 78% (1 [1%/s], ETA: 22s)
I20250111 19:39:39.186354 1694375 Frontend.cpp:2274] RANSAC FAIL: 18 inliers, ratio = 0.62069
I20250111 19:39:39.526997 1694375 Frontend.cpp:2274] RANSAC FAIL: 47 inliers, ratio = 0.635135
I20250111 19:39:39.589622 1694375 Frontend.cpp:2274] RANSAC FAIL: 49 inliers, ratio = 0.680556
I20250111 19:39:40.106570 1694375 okvis_app_synchronous.cpp:210] OKVIS Timing
-----------
1 DetectAndDescribe                	   4268	00:00:08.155133	(00:00:00.001911 +- 00:00:00.000385)	[00:00:00.000922,00:00:00.004225]
2 Match                            	   4268	00:00:31.699804	(00:00:00.007427 +- 00:00:00.003288)	[00:00:00.000194,00:00:00.018107]
2.01 match to map                  	   4267	00:00:23.712546	(00:00:00.005557 +- 00:00:00.002931)	[00:00:00.000047,00:00:00.015263]
2.02 match motion stereo           	   4267	00:00:05.649056	(00:00:00.001324 +- 00:00:00.000436)	[00:00:00.000047,00:00:00.005286]
2.02.1 match motion stereo: prepare	   4267	00:00:01.271532	(00:00:00.000298 +- 00:00:00.000116)	[00:00:00.000001,00:00:00.001300]
2.10 match stereo                  	   1194	00:00:00.042412	(00:00:00.000036 +- 00:00:00.000041)	[00:00:00.000001,00:00:00.000370]
3 Optimise                         	   4267	00:01:04.541048	(00:00:00.015126 +- 00:00:00.005893)	[00:00:00.001096,00:00:00.034739]
4 Prepare publishing               	   4267	00:00:03.526647	(00:00:00.000826 +- 00:00:00.000332)	[00:00:00.000031,00:00:00.003110]
6 Visualising                      	   4267	00:00:00.001008	(00:00:00.000000 +- 00:00:00.000000)	[00:00:00.000000,00:00:00.000009]
7 Marginalise                      	   4267	00:00:07.573222	(00:00:00.001775 +- 00:00:00.000769)	[00:00:00.000003,00:00:00.007928]
7.1 check/handle lost              	   4267	00:00:00.125855	(00:00:00.000029 +- 00:00:00.000019)	[00:00:00.000000,00:00:00.000278]
7.2 eliminate IMU frames           	   4267	00:00:03.230325	(00:00:00.000757 +- 00:00:00.000553)	[00:00:00.000000,00:00:00.002428]
7.3 convert to posegraph           	   1450	00:00:01.249412	(00:00:00.000862 +- 00:00:00.000516)	[00:00:00.000104,00:00:00.005075]
7.4 freezing                       	   4266	00:00:00.004894	(00:00:00.000001 +- 00:00:00.000002)	[00:00:00.000000,00:00:00.000020]
7.6 expand                         	   4209	00:00:00.960685	(00:00:00.000228 +- 00:00:00.000132)	[00:00:00.000022,00:00:00.002037]
7.7 prune place recognition frames 	   4266	00:00:00.956516	(00:00:00.000224 +- 00:00:00.000114)	[00:00:00.000002,00:00:00.000844]
I20250111 19:39:40.106683 1694375 okvis_app_synchronous.cpp:219] Progress: 79% (1 [1%/s], ETA: 21s)
I20250111 19:39:40.135277 1694375 Frontend.cpp:2274] RANSAC FAIL: 54 inliers, ratio = 0.692308
I20250111 19:39:40.207448 1694375 Frontend.cpp:2274] RANSAC FAIL: 59 inliers, ratio = 0.621053
I20250111 19:39:40.245883 1694375 Frontend.cpp:2274] RANSAC FAIL: 41 inliers, ratio = 0.554054
I20250111 19:39:40.281708 1694375 Frontend.cpp:2274] RANSAC FAIL: 47 inliers, ratio = 0.61039
W20250111 19:39:41.491077 1694375 Frontend.cpp:612] 3d2d tracking weak: quality=0. Number of 3d2d-matches: 6
I20250111 19:39:41.970543 1694375 Frontend.cpp:2274] RANSAC FAIL: 12 inliers, ratio = 0.6
I20250111 19:39:42.007478 1694375 Frontend.cpp:2274] RANSAC FAIL: 15 inliers, ratio = 0.416667
I20250111 19:39:42.044121 1694375 Frontend.cpp:2274] RANSAC FAIL: 41 inliers, ratio = 0.683333
I20250111 19:39:42.080915 1694375 Frontend.cpp:2274] RANSAC FAIL: 40 inliers, ratio = 0.634921
I20250111 19:39:42.117386 1694375 Frontend.cpp:2274] RANSAC FAIL: 38 inliers, ratio = 0.655172
I20250111 19:39:42.124156 1694375 okvis_app_synchronous.cpp:210] OKVIS Timing
-----------
1 DetectAndDescribe                	   4322	00:00:08.240786	(00:00:00.001907 +- 00:00:00.000386)	[00:00:00.000922,00:00:00.004225]
2 Match                            	   4322	00:00:32.087812	(00:00:00.007424 +- 00:00:00.003269)	[00:00:00.000194,00:00:00.018107]
2.01 match to map                  	   4321	00:00:23.998596	(00:00:00.005554 +- 00:00:00.002914)	[00:00:00.000047,00:00:00.015263]
2.02 match motion stereo           	   4321	00:00:05.724557	(00:00:00.001325 +- 00:00:00.000435)	[00:00:00.000047,00:00:00.005286]
2.02.1 match motion stereo: prepare	   4321	00:00:01.287625	(00:00:00.000298 +- 00:00:00.000115)	[00:00:00.000001,00:00:00.001300]
2.10 match stereo                  	   1231	00:00:00.043427	(00:00:00.000035 +- 00:00:00.000041)	[00:00:00.000001,00:00:00.000370]
3 Optimise                         	   4321	00:01:05.990620	(00:00:00.015272 +- 00:00:00.006005)	[00:00:00.001096,00:00:00.034739]
4 Prepare publishing               	   4321	00:00:03.589604	(00:00:00.000831 +- 00:00:00.000334)	[00:00:00.000031,00:00:00.003110]
6 Visualising                      	   4321	00:00:00.001026	(00:00:00.000000 +- 00:00:00.000000)	[00:00:00.000000,00:00:00.000009]
7 Marginalise                      	   4321	00:00:07.680802	(00:00:00.001778 +- 00:00:00.000768)	[00:00:00.000003,00:00:00.007928]
7.1 check/handle lost              	   4321	00:00:00.127747	(00:00:00.000030 +- 00:00:00.000019)	[00:00:00.000000,00:00:00.000278]
7.2 eliminate IMU frames           	   4321	00:00:03.254037	(00:00:00.000753 +- 00:00:00.000555)	[00:00:00.000000,00:00:00.002428]
7.3 convert to posegraph           	   1487	00:00:01.284578	(00:00:00.000864 +- 00:00:00.000512)	[00:00:00.000104,00:00:00.005075]
7.4 freezing                       	   4320	00:00:00.005049	(00:00:00.000001 +- 00:00:00.000002)	[00:00:00.000000,00:00:00.000020]
7.6 expand                         	   4263	00:00:00.975857	(00:00:00.000229 +- 00:00:00.000132)	[00:00:00.000022,00:00:00.002037]
7.7 prune place recognition frames 	   4320	00:00:00.970578	(00:00:00.000225 +- 00:00:00.000114)	[00:00:00.000002,00:00:00.000844]
I20250111 19:39:42.124253 1694375 okvis_app_synchronous.cpp:219] Progress: 80% (0.5 [1%/s], ETA: 40s)
I20250111 19:39:42.156227 1694375 Frontend.cpp:2274] RANSAC FAIL: 30 inliers, ratio = 0.566038
I20250111 19:39:42.195853 1694375 Frontend.cpp:2274] RANSAC FAIL: 19 inliers, ratio = 0.558824
I20250111 19:39:42.346504 1694375 Frontend.cpp:2274] RANSAC FAIL: 14 inliers, ratio = 0.7
I20250111 19:39:42.524173 1694375 Frontend.cpp:2274] RANSAC FAIL: 31 inliers, ratio = 0.596154
I20250111 19:39:42.559028 1694375 Frontend.cpp:2274] RANSAC FAIL: 30 inliers, ratio = 0.697674
I20250111 19:39:42.672515 1694375 Frontend.cpp:2274] RANSAC FAIL: 35 inliers, ratio = 0.648148
I20250111 19:39:42.784003 1694375 Frontend.cpp:2274] RANSAC FAIL: 36 inliers, ratio = 0.692308
I20250111 19:39:42.862854 1694375 Frontend.cpp:2274] RANSAC FAIL: 50 inliers, ratio = 0.649351
I20250111 19:39:43.288904 1694375 Frontend.cpp:2274] RANSAC FAIL: 46 inliers, ratio = 0.666667
I20250111 19:39:44.382537 1694375 okvis_app_synchronous.cpp:210] OKVIS Timing
-----------
1 DetectAndDescribe                	   4376	00:00:08.352884	(00:00:00.001909 +- 00:00:00.000386)	[00:00:00.000922,00:00:00.004225]
2 Match                            	   4376	00:00:32.913229	(00:00:00.007521 +- 00:00:00.003405)	[00:00:00.000194,00:00:00.022069]
2.01 match to map                  	   4375	00:00:24.663005	(00:00:00.005637 +- 00:00:00.003029)	[00:00:00.000047,00:00:00.018555]
2.02 match motion stereo           	   4375	00:00:05.838087	(00:00:00.001334 +- 00:00:00.000444)	[00:00:00.000047,00:00:00.005286]
2.02.1 match motion stereo: prepare	   4375	00:00:01.313950	(00:00:00.000300 +- 00:00:00.000117)	[00:00:00.000001,00:00:00.001300]
2.10 match stereo                  	   1264	00:00:00.045484	(00:00:00.000036 +- 00:00:00.000041)	[00:00:00.000001,00:00:00.000370]
3 Optimise                         	   4375	00:01:07.233215	(00:00:00.015368 +- 00:00:00.006048)	[00:00:00.001096,00:00:00.034739]
4 Prepare publishing               	   4375	00:00:03.654329	(00:00:00.000835 +- 00:00:00.000335)	[00:00:00.000031,00:00:00.003110]
6 Visualising                      	   4375	00:00:00.001040	(00:00:00.000000 +- 00:00:00.000000)	[00:00:00.000000,00:00:00.000009]
7 Marginalise                      	   4375	00:00:07.798041	(00:00:00.001782 +- 00:00:00.000767)	[00:00:00.000003,00:00:00.007928]
7.1 check/handle lost              	   4375	00:00:00.129611	(00:00:00.000030 +- 00:00:00.000019)	[00:00:00.000000,00:00:00.000278]
7.2 eliminate IMU frames           	   4375	00:00:03.275600	(00:00:00.000749 +- 00:00:00.000557)	[00:00:00.000000,00:00:00.002428]
7.3 convert to posegraph           	   1524	00:00:01.321888	(00:00:00.000867 +- 00:00:00.000508)	[00:00:00.000104,00:00:00.005075]
7.4 freezing                       	   4374	00:00:00.005195	(00:00:00.000001 +- 00:00:00.000002)	[00:00:00.000000,00:00:00.000020]
7.6 expand                         	   4317	00:00:00.994720	(00:00:00.000230 +- 00:00:00.000132)	[00:00:00.000022,00:00:00.002037]
7.7 prune place recognition frames 	   4374	00:00:00.986176	(00:00:00.000225 +- 00:00:00.000114)	[00:00:00.000002,00:00:00.000844]
I20250111 19:39:44.382731 1694375 okvis_app_synchronous.cpp:219] Progress: 81% (0.5 [1%/s], ETA: 38s)
I20250111 19:39:46.428164 1694375 okvis_app_synchronous.cpp:210] OKVIS Timing
-----------
1 DetectAndDescribe                	   4430	00:00:08.455345	(00:00:00.001909 +- 00:00:00.000384)	[00:00:00.000922,00:00:00.004225]
2 Match                            	   4430	00:00:33.929988	(00:00:00.007659 +- 00:00:00.003607)	[00:00:00.000194,00:00:00.022069]
2.01 match to map                  	   4429	00:00:25.506909	(00:00:00.005759 +- 00:00:00.003206)	[00:00:00.000047,00:00:00.018555]
2.02 match motion stereo           	   4429	00:00:05.952479	(00:00:00.001344 +- 00:00:00.000451)	[00:00:00.000047,00:00:00.005286]
2.02.1 match motion stereo: prepare	   4429	00:00:01.343762	(00:00:00.000303 +- 00:00:00.000120)	[00:00:00.000001,00:00:00.001300]
2.10 match stereo                  	   1276	00:00:00.046471	(00:00:00.000036 +- 00:00:00.000041)	[00:00:00.000001,00:00:00.000370]
3 Optimise                         	   4429	00:01:08.044196	(00:00:00.015363 +- 00:00:00.006014)	[00:00:00.001096,00:00:00.034739]
4 Prepare publishing               	   4429	00:00:03.720321	(00:00:00.000840 +- 00:00:00.000338)	[00:00:00.000031,00:00:00.003110]
6 Visualising                      	   4429	00:00:00.001050	(00:00:00.000000 +- 00:00:00.000000)	[00:00:00.000000,00:00:00.000009]
7 Marginalise                      	   4429	00:00:07.942172	(00:00:00.001793 +- 00:00:00.000772)	[00:00:00.000003,00:00:00.007928]
7.1 check/handle lost              	   4429	00:00:00.132046	(00:00:00.000030 +- 00:00:00.000019)	[00:00:00.000000,00:00:00.000278]
7.2 eliminate IMU frames           	   4429	00:00:03.330356	(00:00:00.000752 +- 00:00:00.000558)	[00:00:00.000000,00:00:00.002428]
7.3 convert to posegraph           	   1538	00:00:01.343675	(00:00:00.000874 +- 00:00:00.000515)	[00:00:00.000104,00:00:00.005075]
7.4 freezing                       	   4428	00:00:00.005261	(00:00:00.000001 +- 00:00:00.000002)	[00:00:00.000000,00:00:00.000020]
7.6 expand                         	   4370	00:00:01.015916	(00:00:00.000232 +- 00:00:00.000134)	[00:00:00.000022,00:00:00.002037]
7.7 prune place recognition frames 	   4428	00:00:01.008080	(00:00:00.000228 +- 00:00:00.000116)	[00:00:00.000002,00:00:00.000844]
I20250111 19:39:46.428341 1694375 okvis_app_synchronous.cpp:219] Progress: 82% (0.5 [1%/s], ETA: 36s)
I20250111 19:39:48.127815 1694375 okvis_app_synchronous.cpp:210] OKVIS Timing
-----------
1 DetectAndDescribe                	   4484	00:00:08.549547	(00:00:00.001907 +- 00:00:00.000384)	[00:00:00.000922,00:00:00.004225]
2 Match                            	   4484	00:00:34.373825	(00:00:00.007666 +- 00:00:00.003588)	[00:00:00.000194,00:00:00.022069]
2.01 match to map                  	   4483	00:00:25.854127	(00:00:00.005767 +- 00:00:00.003189)	[00:00:00.000047,00:00:00.018555]
2.02 match motion stereo           	   4483	00:00:06.020477	(00:00:00.001343 +- 00:00:00.000449)	[00:00:00.000047,00:00:00.005286]
2.02.1 match motion stereo: prepare	   4483	00:00:01.363580	(00:00:00.000304 +- 00:00:00.000120)	[00:00:00.000001,00:00:00.001300]
2.10 match stereo                  	   1283	00:00:00.046668	(00:00:00.000036 +- 00:00:00.000041)	[00:00:00.000001,00:00:00.000370]
3 Optimise                         	   4483	00:01:09.062074	(00:00:00.015405 +- 00:00:00.005997)	[00:00:00.001096,00:00:00.034739]
4 Prepare publishing               	   4483	00:00:03.791418	(00:00:00.000846 +- 00:00:00.000341)	[00:00:00.000031,00:00:00.003110]
6 Visualising                      	   4483	00:00:00.001069	(00:00:00.000000 +- 00:00:00.000000)	[00:00:00.000000,00:00:00.000009]
7 Marginalise                      	   4483	00:00:08.101234	(00:00:00.001807 +- 00:00:00.000782)	[00:00:00.000003,00:00:00.007928]
7.1 check/handle lost              	   4483	00:00:00.134333	(00:00:00.000030 +- 00:00:00.000019)	[00:00:00.000000,00:00:00.000278]
7.2 eliminate IMU frames           	   4483	00:00:03.402380	(00:00:00.000759 +- 00:00:00.000562)	[00:00:00.000000,00:00:00.002428]
7.3 convert to posegraph           	   1560	00:00:01.365940	(00:00:00.000876 +- 00:00:00.000512)	[00:00:00.000104,00:00:00.005075]
7.4 freezing                       	   4482	00:00:00.005328	(00:00:00.000001 +- 00:00:00.000002)	[00:00:00.000000,00:00:00.000020]
7.6 expand                         	   4424	00:00:01.036010	(00:00:00.000234 +- 00:00:00.000134)	[00:00:00.000022,00:00:00.002037]
7.7 prune place recognition frames 	   4482	00:00:01.029689	(00:00:00.000230 +- 00:00:00.000117)	[00:00:00.000002,00:00:00.000844]
I20250111 19:39:48.127892 1694375 okvis_app_synchronous.cpp:219] Progress: 83% (1 [1%/s], ETA: 17s)
I20250111 19:39:49.811548 1694375 okvis_app_synchronous.cpp:210] OKVIS Timing
-----------
1 DetectAndDescribe                	   4538	00:00:08.649339	(00:00:00.001906 +- 00:00:00.000382)	[00:00:00.000922,00:00:00.004225]
2 Match                            	   4538	00:00:34.792847	(00:00:00.007667 +- 00:00:00.003569)	[00:00:00.000194,00:00:00.022069]
2.01 match to map                  	   4537	00:00:26.184165	(00:00:00.005771 +- 00:00:00.003172)	[00:00:00.000047,00:00:00.018555]
2.02 match motion stereo           	   4537	00:00:06.083126	(00:00:00.001341 +- 00:00:00.000448)	[00:00:00.000047,00:00:00.005286]
2.02.1 match motion stereo: prepare	   4537	00:00:01.381110	(00:00:00.000304 +- 00:00:00.000120)	[00:00:00.000001,00:00:00.001300]
2.10 match stereo                  	   1291	00:00:00.047020	(00:00:00.000036 +- 00:00:00.000041)	[00:00:00.000001,00:00:00.000370]
3 Optimise                         	   4537	00:01:10.114076	(00:00:00.015454 +- 00:00:00.005985)	[00:00:00.001096,00:00:00.034739]
4 Prepare publishing               	   4537	00:00:03.858582	(00:00:00.000850 +- 00:00:00.000342)	[00:00:00.000031,00:00:00.003110]
6 Visualising                      	   4537	00:00:00.001090	(00:00:00.000000 +- 00:00:00.000000)	[00:00:00.000000,00:00:00.000009]
7 Marginalise                      	   4537	00:00:08.238795	(00:00:00.001816 +- 00:00:00.000783)	[00:00:00.000003,00:00:00.007928]
7.1 check/handle lost              	   4537	00:00:00.136376	(00:00:00.000030 +- 00:00:00.000019)	[00:00:00.000000,00:00:00.000278]
7.2 eliminate IMU frames           	   4537	00:00:03.469327	(00:00:00.000765 +- 00:00:00.000564)	[00:00:00.000000,00:00:00.002428]
7.3 convert to posegraph           	   1568	00:00:01.378032	(00:00:00.000879 +- 00:00:00.000514)	[00:00:00.000104,00:00:00.005075]
7.4 freezing                       	   4536	00:00:00.005371	(00:00:00.000001 +- 00:00:00.000002)	[00:00:00.000000,00:00:00.000020]
7.6 expand                         	   4478	00:00:01.052197	(00:00:00.000235 +- 00:00:00.000134)	[00:00:00.000022,00:00:00.002037]
7.7 prune place recognition frames 	   4536	00:00:01.051594	(00:00:00.000232 +- 00:00:00.000118)	[00:00:00.000002,00:00:00.000844]
I20250111 19:39:49.811659 1694375 okvis_app_synchronous.cpp:219] Progress: 84% (1 [1%/s], ETA: 16s)
I20250111 19:39:50.287959 1694375 Frontend.cpp:2274] RANSAC FAIL: 50 inliers, ratio = 0.526316
I20250111 19:39:50.324126 1694375 Frontend.cpp:2274] RANSAC FAIL: 61 inliers, ratio = 0.655914
W20250111 19:39:51.186350 1694375 ImuError.cpp:650] gyr saturation
W20250111 19:39:51.186403 1694375 ImuError.cpp:650] gyr saturation
W20250111 19:39:51.186411 1694375 ImuError.cpp:650] gyr saturation
W20250111 19:39:51.186419 1694375 ImuError.cpp:650] gyr saturation
W20250111 19:39:51.186425 1694375 ImuError.cpp:650] gyr saturation
W20250111 19:39:51.186434 1694375 ImuError.cpp:650] gyr saturation
W20250111 19:39:51.186439 1694375 ImuError.cpp:650] gyr saturation
W20250111 19:39:51.186448 1694375 ImuError.cpp:650] gyr saturation
W20250111 19:39:51.186453 1694375 ImuError.cpp:650] gyr saturation
W20250111 19:39:51.186458 1694375 ImuError.cpp:650] gyr saturation
W20250111 19:39:51.186463 1694375 ImuError.cpp:650] gyr saturation
W20250111 19:39:51.186468 1694375 ImuError.cpp:650] gyr saturation
W20250111 19:39:51.186475 1694375 ImuError.cpp:650] gyr saturation
W20250111 19:39:51.186479 1694375 ImuError.cpp:650] gyr saturation
W20250111 19:39:51.186484 1694375 ImuError.cpp:650] gyr saturation
W20250111 19:39:51.213033 1694375 ImuError.cpp:650] gyr saturation
W20250111 19:39:51.213064 1694375 ImuError.cpp:650] gyr saturation
W20250111 19:39:51.213068 1694375 ImuError.cpp:650] gyr saturation
W20250111 19:39:51.213070 1694375 ImuError.cpp:650] gyr saturation
W20250111 19:39:51.213073 1694375 ImuError.cpp:650] gyr saturation
W20250111 19:39:51.213078 1694375 ImuError.cpp:650] gyr saturation
W20250111 19:39:51.213080 1694375 ImuError.cpp:650] gyr saturation
W20250111 19:39:51.213083 1694375 ImuError.cpp:650] gyr saturation
W20250111 19:39:51.213088 1694375 ImuError.cpp:650] gyr saturation
W20250111 19:39:51.213090 1694375 ImuError.cpp:650] gyr saturation
W20250111 19:39:51.213099 1694375 ImuError.cpp:650] gyr saturation
W20250111 19:39:51.213104 1694375 ImuError.cpp:650] gyr saturation
W20250111 19:39:51.213107 1694375 ImuError.cpp:650] gyr saturation
W20250111 19:39:51.213111 1694375 ImuError.cpp:650] gyr saturation
W20250111 19:39:51.213114 1694375 ImuError.cpp:650] gyr saturation
W20250111 19:39:51.213477 1694375 ImuError.cpp:650] gyr saturation
W20250111 19:39:51.213486 1694375 ImuError.cpp:650] gyr saturation
W20250111 19:39:51.213490 1694375 ImuError.cpp:650] gyr saturation
W20250111 19:39:51.213503 1694375 ImuError.cpp:650] gyr saturation
W20250111 19:39:51.213507 1694375 ImuError.cpp:650] gyr saturation
W20250111 19:39:51.213511 1694375 ImuError.cpp:650] gyr saturation
W20250111 19:39:51.213514 1694375 ImuError.cpp:650] gyr saturation
W20250111 19:39:51.213519 1694375 ImuError.cpp:650] gyr saturation
W20250111 19:39:51.213522 1694375 ImuError.cpp:650] gyr saturation
W20250111 19:39:51.213526 1694375 ImuError.cpp:650] gyr saturation
W20250111 19:39:51.213531 1694375 ImuError.cpp:650] gyr saturation
W20250111 19:39:51.213536 1694375 ImuError.cpp:650] gyr saturation
W20250111 19:39:51.213539 1694375 ImuError.cpp:650] gyr saturation
W20250111 19:39:51.213544 1694375 ImuError.cpp:650] gyr saturation
W20250111 19:39:51.213547 1694375 ImuError.cpp:650] gyr saturation
W20250111 19:39:51.216197 1694375 ImuError.cpp:368] gyr saturation
W20250111 19:39:51.216228 1694375 ImuError.cpp:368] gyr saturation
W20250111 19:39:51.216235 1694375 ImuError.cpp:368] gyr saturation
W20250111 19:39:51.216243 1694375 ImuError.cpp:368] gyr saturation
W20250111 19:39:51.216252 1694375 ImuError.cpp:368] gyr saturation
W20250111 19:39:51.216260 1694375 ImuError.cpp:368] gyr saturation
W20250111 19:39:51.216270 1694375 ImuError.cpp:368] gyr saturation
W20250111 19:39:51.216279 1694375 ImuError.cpp:368] gyr saturation
W20250111 19:39:51.216286 1694375 ImuError.cpp:368] gyr saturation
W20250111 19:39:51.216296 1694375 ImuError.cpp:368] gyr saturation
W20250111 19:39:51.216305 1694375 ImuError.cpp:368] gyr saturation
W20250111 19:39:51.216313 1694375 ImuError.cpp:368] gyr saturation
W20250111 19:39:51.216322 1694375 ImuError.cpp:368] gyr saturation
W20250111 19:39:51.216331 1694375 ImuError.cpp:368] gyr saturation
W20250111 19:39:51.216338 1694375 ImuError.cpp:368] gyr saturation
W20250111 19:39:51.220595 1694375 ImuError.cpp:650] gyr saturation
W20250111 19:39:51.220624 1694375 ImuError.cpp:650] gyr saturation
W20250111 19:39:51.220638 1694375 ImuError.cpp:650] gyr saturation
W20250111 19:39:51.220643 1694375 ImuError.cpp:650] gyr saturation
W20250111 19:39:51.220647 1694375 ImuError.cpp:650] gyr saturation
W20250111 19:39:51.220651 1694375 ImuError.cpp:650] gyr saturation
W20250111 19:39:51.220659 1694375 ImuError.cpp:650] gyr saturation
W20250111 19:39:51.220669 1694375 ImuError.cpp:650] gyr saturation
W20250111 19:39:51.220674 1694375 ImuError.cpp:650] gyr saturation
W20250111 19:39:51.220676 1694375 ImuError.cpp:650] gyr saturation
W20250111 19:39:51.220682 1694375 ImuError.cpp:650] gyr saturation
W20250111 19:39:51.220685 1694375 ImuError.cpp:650] gyr saturation
W20250111 19:39:51.220690 1694375 ImuError.cpp:650] gyr saturation
W20250111 19:39:51.220696 1694375 ImuError.cpp:650] gyr saturation
W20250111 19:39:51.220700 1694375 ImuError.cpp:650] gyr saturation
W20250111 19:39:51.220705 1694375 ImuError.cpp:650] gyr saturation
W20250111 19:39:51.220710 1694375 ImuError.cpp:650] gyr saturation
W20250111 19:39:51.220713 1694375 ImuError.cpp:650] gyr saturation
W20250111 19:39:51.220717 1694375 ImuError.cpp:650] gyr saturation
W20250111 19:39:51.220721 1694375 ImuError.cpp:650] gyr saturation
W20250111 19:39:51.220726 1694375 ImuError.cpp:650] gyr saturation
W20250111 19:39:51.220731 1694375 ImuError.cpp:650] gyr saturation
W20250111 19:39:51.220736 1694375 ImuError.cpp:650] gyr saturation
W20250111 19:39:51.220741 1694375 ImuError.cpp:650] gyr saturation
W20250111 19:39:51.220746 1694375 ImuError.cpp:650] gyr saturation
W20250111 19:39:51.220752 1694375 ImuError.cpp:650] gyr saturation
W20250111 19:39:51.220755 1694375 ImuError.cpp:650] gyr saturation
W20250111 19:39:51.220760 1694375 ImuError.cpp:650] gyr saturation
W20250111 19:39:51.220767 1694375 ImuError.cpp:650] gyr saturation
W20250111 19:39:51.220772 1694375 ImuError.cpp:650] gyr saturation
W20250111 19:39:51.243109 1694375 ImuError.cpp:650] gyr saturation
W20250111 19:39:51.243129 1694375 ImuError.cpp:650] gyr saturation
W20250111 19:39:51.243131 1694375 ImuError.cpp:650] gyr saturation
W20250111 19:39:51.243134 1694375 ImuError.cpp:650] gyr saturation
W20250111 19:39:51.243148 1694375 ImuError.cpp:650] gyr saturation
W20250111 19:39:51.243151 1694375 ImuError.cpp:650] gyr saturation
W20250111 19:39:51.243155 1694375 ImuError.cpp:650] gyr saturation
W20250111 19:39:51.243162 1694375 ImuError.cpp:650] gyr saturation
W20250111 19:39:51.243165 1694375 ImuError.cpp:650] gyr saturation
W20250111 19:39:51.243168 1694375 ImuError.cpp:650] gyr saturation
W20250111 19:39:51.243171 1694375 ImuError.cpp:650] gyr saturation
W20250111 19:39:51.243175 1694375 ImuError.cpp:650] gyr saturation
W20250111 19:39:51.243178 1694375 ImuError.cpp:650] gyr saturation
W20250111 19:39:51.243181 1694375 ImuError.cpp:650] gyr saturation
W20250111 19:39:51.243185 1694375 ImuError.cpp:650] gyr saturation
W20250111 19:39:51.243189 1694375 ImuError.cpp:650] gyr saturation
W20250111 19:39:51.243312 1694375 ImuError.cpp:650] gyr saturation
W20250111 19:39:51.243319 1694375 ImuError.cpp:650] gyr saturation
W20250111 19:39:51.243323 1694375 ImuError.cpp:650] gyr saturation
W20250111 19:39:51.243326 1694375 ImuError.cpp:650] gyr saturation
W20250111 19:39:51.243330 1694375 ImuError.cpp:650] gyr saturation
W20250111 19:39:51.243335 1694375 ImuError.cpp:650] gyr saturation
W20250111 19:39:51.243340 1694375 ImuError.cpp:650] gyr saturation
W20250111 19:39:51.243345 1694375 ImuError.cpp:650] gyr saturation
W20250111 19:39:51.243348 1694375 ImuError.cpp:650] gyr saturation
W20250111 19:39:51.243353 1694375 ImuError.cpp:650] gyr saturation
W20250111 19:39:51.243358 1694375 ImuError.cpp:650] gyr saturation
W20250111 19:39:51.243366 1694375 ImuError.cpp:650] gyr saturation
W20250111 19:39:51.243369 1694375 ImuError.cpp:650] gyr saturation
W20250111 19:39:51.243372 1694375 ImuError.cpp:650] gyr saturation
W20250111 19:39:51.243376 1694375 ImuError.cpp:650] gyr saturation
W20250111 19:39:51.243381 1694375 ImuError.cpp:650] gyr saturation
W20250111 19:39:51.245950 1694375 ImuError.cpp:368] gyr saturation
W20250111 19:39:51.245990 1694375 ImuError.cpp:368] gyr saturation
W20250111 19:39:51.246001 1694375 ImuError.cpp:368] gyr saturation
W20250111 19:39:51.246009 1694375 ImuError.cpp:368] gyr saturation
W20250111 19:39:51.246018 1694375 ImuError.cpp:368] gyr saturation
W20250111 19:39:51.246026 1694375 ImuError.cpp:368] gyr saturation
W20250111 19:39:51.246034 1694375 ImuError.cpp:368] gyr saturation
W20250111 19:39:51.246044 1694375 ImuError.cpp:368] gyr saturation
W20250111 19:39:51.246052 1694375 ImuError.cpp:368] gyr saturation
W20250111 19:39:51.246059 1694375 ImuError.cpp:368] gyr saturation
W20250111 19:39:51.246066 1694375 ImuError.cpp:368] gyr saturation
W20250111 19:39:51.246076 1694375 ImuError.cpp:368] gyr saturation
W20250111 19:39:51.246083 1694375 ImuError.cpp:368] gyr saturation
W20250111 19:39:51.246091 1694375 ImuError.cpp:368] gyr saturation
W20250111 19:39:51.246099 1694375 ImuError.cpp:368] gyr saturation
W20250111 19:39:51.246106 1694375 ImuError.cpp:368] gyr saturation
W20250111 19:39:51.250211 1694375 ImuError.cpp:650] gyr saturation
W20250111 19:39:51.250241 1694375 ImuError.cpp:650] gyr saturation
W20250111 19:39:51.250244 1694375 ImuError.cpp:650] gyr saturation
W20250111 19:39:51.250249 1694375 ImuError.cpp:650] gyr saturation
W20250111 19:39:51.250253 1694375 ImuError.cpp:650] gyr saturation
W20250111 19:39:51.250258 1694375 ImuError.cpp:650] gyr saturation
W20250111 19:39:51.250262 1694375 ImuError.cpp:650] gyr saturation
W20250111 19:39:51.250267 1694375 ImuError.cpp:650] gyr saturation
W20250111 19:39:51.250269 1694375 ImuError.cpp:650] gyr saturation
W20250111 19:39:51.250273 1694375 ImuError.cpp:650] gyr saturation
W20250111 19:39:51.250276 1694375 ImuError.cpp:650] gyr saturation
W20250111 19:39:51.250280 1694375 ImuError.cpp:650] gyr saturation
W20250111 19:39:51.250284 1694375 ImuError.cpp:650] gyr saturation
W20250111 19:39:51.250288 1694375 ImuError.cpp:650] gyr saturation
W20250111 19:39:51.250293 1694375 ImuError.cpp:650] gyr saturation
W20250111 19:39:51.250298 1694375 ImuError.cpp:650] gyr saturation
W20250111 19:39:51.318964 1694375 Frontend.cpp:612] 3d2d tracking weak: quality=0. Number of 3d2d-matches: 7
W20250111 19:39:51.335896 1981342 ViSlamBackend.cpp:466] TRACKING FAILURE: quality=0
W20250111 19:39:51.337839 1694375 Frontend.cpp:615] 3d2d tracking lost. Number of 3d2d-matches: 2
W20250111 19:39:51.354162 1981416 ViSlamBackend.cpp:466] TRACKING FAILURE: quality=0
W20250111 19:39:51.359779 1694375 Frontend.cpp:612] 3d2d tracking weak: quality=0. Number of 3d2d-matches: 4
W20250111 19:39:51.379391 1694375 Frontend.cpp:612] 3d2d tracking weak: quality=0. Number of 3d2d-matches: 9
I20250111 19:39:51.413753 1694375 Frontend.cpp:2274] RANSAC FAIL: 9 inliers, ratio = 0.9
I20250111 19:39:51.496526 1694375 okvis_app_synchronous.cpp:210] OKVIS Timing
-----------
1 DetectAndDescribe                	   4592	00:00:08.756817	(00:00:00.001907 +- 00:00:00.000383)	[00:00:00.000922,00:00:00.004225]
2 Match                            	   4592	00:00:35.383650	(00:00:00.007705 +- 00:00:00.003615)	[00:00:00.000194,00:00:00.022069]
2.01 match to map                  	   4591	00:00:26.660190	(00:00:00.005807 +- 00:00:00.003215)	[00:00:00.000047,00:00:00.018555]
2.02 match motion stereo           	   4591	00:00:06.162849	(00:00:00.001342 +- 00:00:00.000448)	[00:00:00.000047,00:00:00.005286]
2.02.1 match motion stereo: prepare	   4591	00:00:01.400671	(00:00:00.000305 +- 00:00:00.000120)	[00:00:00.000001,00:00:00.001300]
2.10 match stereo                  	   1313	00:00:00.048152	(00:00:00.000037 +- 00:00:00.000042)	[00:00:00.000001,00:00:00.000370]
3 Optimise                         	   4591	00:01:11.020519	(00:00:00.015470 +- 00:00:00.005966)	[00:00:00.001096,00:00:00.034739]
4 Prepare publishing               	   4591	00:00:03.916752	(00:00:00.000853 +- 00:00:00.000344)	[00:00:00.000031,00:00:00.003110]
6 Visualising                      	   4591	00:00:00.001103	(00:00:00.000000 +- 00:00:00.000000)	[00:00:00.000000,00:00:00.000009]
7 Marginalise                      	   4591	00:00:08.360600	(00:00:00.001821 +- 00:00:00.000787)	[00:00:00.000003,00:00:00.007928]
7.1 check/handle lost              	   4591	00:00:00.138340	(00:00:00.000030 +- 00:00:00.000019)	[00:00:00.000000,00:00:00.000278]
7.2 eliminate IMU frames           	   4591	00:00:03.514374	(00:00:00.000765 +- 00:00:00.000567)	[00:00:00.000000,00:00:00.002428]
7.3 convert to posegraph           	   1592	00:00:01.401980	(00:00:00.000881 +- 00:00:00.000513)	[00:00:00.000104,00:00:00.005075]
7.4 freezing                       	   4590	00:00:00.005448	(00:00:00.000001 +- 00:00:00.000002)	[00:00:00.000000,00:00:00.000020]
7.6 expand                         	   4532	00:00:01.068295	(00:00:00.000236 +- 00:00:00.000134)	[00:00:00.000022,00:00:00.002037]
7.7 prune place recognition frames 	   4590	00:00:01.069017	(00:00:00.000233 +- 00:00:00.000119)	[00:00:00.000002,00:00:00.000844]
I20250111 19:39:51.496600 1694375 okvis_app_synchronous.cpp:219] Progress: 85% (1 [1%/s], ETA: 15s)
W20250111 19:39:51.997949 1694375 ImuError.cpp:650] gyr saturation
W20250111 19:39:51.997988 1694375 ImuError.cpp:650] gyr saturation
W20250111 19:39:51.997994 1694375 ImuError.cpp:650] gyr saturation
W20250111 19:39:51.997998 1694375 ImuError.cpp:650] gyr saturation
W20250111 19:39:51.998003 1694375 ImuError.cpp:650] gyr saturation
W20250111 19:39:51.998008 1694375 ImuError.cpp:650] gyr saturation
W20250111 19:39:51.998013 1694375 ImuError.cpp:650] gyr saturation
W20250111 19:39:51.998018 1694375 ImuError.cpp:650] gyr saturation
W20250111 19:39:51.998024 1694375 ImuError.cpp:650] gyr saturation
W20250111 19:39:51.998028 1694375 ImuError.cpp:650] gyr saturation
W20250111 19:39:51.998031 1694375 ImuError.cpp:650] gyr saturation
W20250111 19:39:51.998035 1694375 ImuError.cpp:650] gyr saturation
W20250111 19:39:51.998039 1694375 ImuError.cpp:650] gyr saturation
W20250111 19:39:51.998044 1694375 ImuError.cpp:650] gyr saturation
W20250111 19:39:51.998046 1694375 ImuError.cpp:650] gyr saturation
W20250111 19:39:51.998050 1694375 ImuError.cpp:650] gyr saturation
W20250111 19:39:51.998054 1694375 ImuError.cpp:650] gyr saturation
W20250111 19:39:51.998059 1694375 ImuError.cpp:650] gyr saturation
W20250111 19:39:51.998070 1694375 ImuError.cpp:650] gyr saturation
W20250111 19:39:51.998075 1694375 ImuError.cpp:650] gyr saturation
W20250111 19:39:51.998080 1694375 ImuError.cpp:650] gyr saturation
W20250111 19:39:51.998085 1694375 ImuError.cpp:650] gyr saturation
W20250111 19:39:51.998088 1694375 ImuError.cpp:650] gyr saturation
W20250111 19:39:51.998092 1694375 ImuError.cpp:650] gyr saturation
W20250111 19:39:51.998095 1694375 ImuError.cpp:650] gyr saturation
W20250111 19:39:51.998099 1694375 ImuError.cpp:650] gyr saturation
W20250111 19:39:51.998102 1694375 ImuError.cpp:650] gyr saturation
W20250111 19:39:51.998106 1694375 ImuError.cpp:650] gyr saturation
W20250111 19:39:51.998111 1694375 ImuError.cpp:650] gyr saturation
W20250111 19:39:51.998113 1694375 ImuError.cpp:650] gyr saturation
W20250111 19:39:52.021153 1694375 ImuError.cpp:650] gyr saturation
W20250111 19:39:52.021189 1694375 ImuError.cpp:650] gyr saturation
W20250111 19:39:52.021193 1694375 ImuError.cpp:650] gyr saturation
W20250111 19:39:52.021196 1694375 ImuError.cpp:650] gyr saturation
W20250111 19:39:52.021199 1694375 ImuError.cpp:650] gyr saturation
W20250111 19:39:52.021205 1694375 ImuError.cpp:650] gyr saturation
W20250111 19:39:52.021209 1694375 ImuError.cpp:650] gyr saturation
W20250111 19:39:52.021214 1694375 ImuError.cpp:650] gyr saturation
W20250111 19:39:52.021219 1694375 ImuError.cpp:650] gyr saturation
W20250111 19:39:52.021222 1694375 ImuError.cpp:650] gyr saturation
W20250111 19:39:52.021226 1694375 ImuError.cpp:650] gyr saturation
W20250111 19:39:52.021229 1694375 ImuError.cpp:650] gyr saturation
W20250111 19:39:52.021232 1694375 ImuError.cpp:650] gyr saturation
W20250111 19:39:52.021236 1694375 ImuError.cpp:650] gyr saturation
W20250111 19:39:52.021243 1694375 ImuError.cpp:650] gyr saturation
W20250111 19:39:52.021246 1694375 ImuError.cpp:650] gyr saturation
W20250111 19:39:52.021251 1694375 ImuError.cpp:650] gyr saturation
W20250111 19:39:52.021255 1694375 ImuError.cpp:650] gyr saturation
W20250111 19:39:52.021260 1694375 ImuError.cpp:650] gyr saturation
W20250111 19:39:52.021262 1694375 ImuError.cpp:650] gyr saturation
W20250111 19:39:52.021265 1694375 ImuError.cpp:650] gyr saturation
W20250111 19:39:52.021270 1694375 ImuError.cpp:650] gyr saturation
W20250111 19:39:52.021273 1694375 ImuError.cpp:650] gyr saturation
W20250111 19:39:52.021276 1694375 ImuError.cpp:650] gyr saturation
W20250111 19:39:52.021281 1694375 ImuError.cpp:650] gyr saturation
W20250111 19:39:52.021283 1694375 ImuError.cpp:650] gyr saturation
W20250111 19:39:52.021287 1694375 ImuError.cpp:650] gyr saturation
W20250111 19:39:52.021291 1694375 ImuError.cpp:650] gyr saturation
W20250111 19:39:52.021296 1694375 ImuError.cpp:650] gyr saturation
W20250111 19:39:52.021298 1694375 ImuError.cpp:650] gyr saturation
W20250111 19:39:52.021481 1694375 ImuError.cpp:650] gyr saturation
W20250111 19:39:52.021487 1694375 ImuError.cpp:650] gyr saturation
W20250111 19:39:52.021490 1694375 ImuError.cpp:650] gyr saturation
W20250111 19:39:52.021495 1694375 ImuError.cpp:650] gyr saturation
W20250111 19:39:52.021498 1694375 ImuError.cpp:650] gyr saturation
W20250111 19:39:52.021502 1694375 ImuError.cpp:650] gyr saturation
W20250111 19:39:52.021505 1694375 ImuError.cpp:650] gyr saturation
W20250111 19:39:52.021509 1694375 ImuError.cpp:650] gyr saturation
W20250111 19:39:52.021513 1694375 ImuError.cpp:650] gyr saturation
W20250111 19:39:52.021517 1694375 ImuError.cpp:650] gyr saturation
W20250111 19:39:52.021520 1694375 ImuError.cpp:650] gyr saturation
W20250111 19:39:52.021523 1694375 ImuError.cpp:650] gyr saturation
W20250111 19:39:52.021526 1694375 ImuError.cpp:650] gyr saturation
W20250111 19:39:52.021533 1694375 ImuError.cpp:650] gyr saturation
W20250111 19:39:52.021536 1694375 ImuError.cpp:650] gyr saturation
W20250111 19:39:52.021539 1694375 ImuError.cpp:650] gyr saturation
W20250111 19:39:52.021543 1694375 ImuError.cpp:650] gyr saturation
W20250111 19:39:52.021546 1694375 ImuError.cpp:650] gyr saturation
W20250111 19:39:52.021551 1694375 ImuError.cpp:650] gyr saturation
W20250111 19:39:52.021562 1694375 ImuError.cpp:650] gyr saturation
W20250111 19:39:52.021566 1694375 ImuError.cpp:650] gyr saturation
W20250111 19:39:52.021569 1694375 ImuError.cpp:650] gyr saturation
W20250111 19:39:52.021574 1694375 ImuError.cpp:650] gyr saturation
W20250111 19:39:52.021577 1694375 ImuError.cpp:650] gyr saturation
W20250111 19:39:52.021581 1694375 ImuError.cpp:650] gyr saturation
W20250111 19:39:52.021585 1694375 ImuError.cpp:650] gyr saturation
W20250111 19:39:52.021589 1694375 ImuError.cpp:650] gyr saturation
W20250111 19:39:52.021592 1694375 ImuError.cpp:650] gyr saturation
W20250111 19:39:52.021596 1694375 ImuError.cpp:650] gyr saturation
W20250111 19:39:52.021600 1694375 ImuError.cpp:650] gyr saturation
W20250111 19:39:52.024267 1694375 ImuError.cpp:368] gyr saturation
W20250111 19:39:52.024300 1694375 ImuError.cpp:368] gyr saturation
W20250111 19:39:52.024308 1694375 ImuError.cpp:368] gyr saturation
W20250111 19:39:52.024317 1694375 ImuError.cpp:368] gyr saturation
W20250111 19:39:52.024323 1694375 ImuError.cpp:368] gyr saturation
W20250111 19:39:52.024333 1694375 ImuError.cpp:368] gyr saturation
W20250111 19:39:52.024343 1694375 ImuError.cpp:368] gyr saturation
W20250111 19:39:52.024349 1694375 ImuError.cpp:368] gyr saturation
W20250111 19:39:52.024358 1694375 ImuError.cpp:368] gyr saturation
W20250111 19:39:52.024364 1694375 ImuError.cpp:368] gyr saturation
W20250111 19:39:52.024372 1694375 ImuError.cpp:368] gyr saturation
W20250111 19:39:52.024379 1694375 ImuError.cpp:368] gyr saturation
W20250111 19:39:52.024389 1694375 ImuError.cpp:368] gyr saturation
W20250111 19:39:52.024396 1694375 ImuError.cpp:368] gyr saturation
W20250111 19:39:52.024403 1694375 ImuError.cpp:368] gyr saturation
W20250111 19:39:52.024411 1694375 ImuError.cpp:368] gyr saturation
W20250111 19:39:52.024420 1694375 ImuError.cpp:368] gyr saturation
W20250111 19:39:52.024426 1694375 ImuError.cpp:368] gyr saturation
W20250111 19:39:52.024437 1694375 ImuError.cpp:368] gyr saturation
W20250111 19:39:52.024446 1694375 ImuError.cpp:368] gyr saturation
W20250111 19:39:52.024452 1694375 ImuError.cpp:368] gyr saturation
W20250111 19:39:52.024461 1694375 ImuError.cpp:368] gyr saturation
W20250111 19:39:52.024467 1694375 ImuError.cpp:368] gyr saturation
W20250111 19:39:52.024475 1694375 ImuError.cpp:368] gyr saturation
W20250111 19:39:52.024482 1694375 ImuError.cpp:368] gyr saturation
W20250111 19:39:52.024490 1694375 ImuError.cpp:368] gyr saturation
W20250111 19:39:52.024498 1694375 ImuError.cpp:368] gyr saturation
W20250111 19:39:52.024506 1694375 ImuError.cpp:368] gyr saturation
W20250111 19:39:52.024513 1694375 ImuError.cpp:368] gyr saturation
W20250111 19:39:52.024521 1694375 ImuError.cpp:368] gyr saturation
W20250111 19:39:52.028537 1694375 ImuError.cpp:650] gyr saturation
W20250111 19:39:52.028564 1694375 ImuError.cpp:650] gyr saturation
W20250111 19:39:52.028569 1694375 ImuError.cpp:650] gyr saturation
W20250111 19:39:52.028573 1694375 ImuError.cpp:650] gyr saturation
W20250111 19:39:52.028580 1694375 ImuError.cpp:650] gyr saturation
W20250111 19:39:52.028586 1694375 ImuError.cpp:650] gyr saturation
W20250111 19:39:52.028594 1694375 ImuError.cpp:650] gyr saturation
W20250111 19:39:52.028597 1694375 ImuError.cpp:650] gyr saturation
W20250111 19:39:52.028600 1694375 ImuError.cpp:650] gyr saturation
W20250111 19:39:52.028606 1694375 ImuError.cpp:650] gyr saturation
W20250111 19:39:52.028610 1694375 ImuError.cpp:650] gyr saturation
W20250111 19:39:52.028614 1694375 ImuError.cpp:650] gyr saturation
W20250111 19:39:52.028618 1694375 ImuError.cpp:650] gyr saturation
W20250111 19:39:52.028622 1694375 ImuError.cpp:650] gyr saturation
W20250111 19:39:52.028625 1694375 ImuError.cpp:650] gyr saturation
W20250111 19:39:52.028635 1694375 ImuError.cpp:650] gyr saturation
W20250111 19:39:52.028641 1694375 ImuError.cpp:650] gyr saturation
W20250111 19:39:52.028646 1694375 ImuError.cpp:650] gyr saturation
W20250111 19:39:52.028651 1694375 ImuError.cpp:650] gyr saturation
W20250111 19:39:52.028657 1694375 ImuError.cpp:650] gyr saturation
W20250111 19:39:52.028661 1694375 ImuError.cpp:650] gyr saturation
W20250111 19:39:52.028674 1694375 ImuError.cpp:650] gyr saturation
W20250111 19:39:52.028681 1694375 ImuError.cpp:650] gyr saturation
W20250111 19:39:52.028685 1694375 ImuError.cpp:650] gyr saturation
W20250111 19:39:52.028690 1694375 ImuError.cpp:650] gyr saturation
W20250111 19:39:52.028694 1694375 ImuError.cpp:650] gyr saturation
W20250111 19:39:52.028699 1694375 ImuError.cpp:650] gyr saturation
W20250111 19:39:52.028705 1694375 ImuError.cpp:650] gyr saturation
W20250111 19:39:52.028708 1694375 ImuError.cpp:650] gyr saturation
W20250111 19:39:52.028712 1694375 ImuError.cpp:650] gyr saturation
W20250111 19:39:52.028717 1694375 ImuError.cpp:650] gyr saturation
W20250111 19:39:52.028721 1694375 ImuError.cpp:650] gyr saturation
W20250111 19:39:52.028724 1694375 ImuError.cpp:650] gyr saturation
W20250111 19:39:52.028729 1694375 ImuError.cpp:650] gyr saturation
W20250111 19:39:52.028734 1694375 ImuError.cpp:650] gyr saturation
W20250111 19:39:52.028739 1694375 ImuError.cpp:650] gyr saturation
W20250111 19:39:52.028744 1694375 ImuError.cpp:650] gyr saturation
W20250111 19:39:52.028749 1694375 ImuError.cpp:650] gyr saturation
W20250111 19:39:52.043365 1694375 ImuError.cpp:650] gyr saturation
W20250111 19:39:52.043406 1694375 ImuError.cpp:650] gyr saturation
W20250111 19:39:52.043413 1694375 ImuError.cpp:650] gyr saturation
W20250111 19:39:52.043417 1694375 ImuError.cpp:650] gyr saturation
W20250111 19:39:52.043422 1694375 ImuError.cpp:650] gyr saturation
W20250111 19:39:52.043426 1694375 ImuError.cpp:650] gyr saturation
W20250111 19:39:52.043430 1694375 ImuError.cpp:650] gyr saturation
W20250111 19:39:52.043435 1694375 ImuError.cpp:650] gyr saturation
W20250111 19:39:52.043438 1694375 ImuError.cpp:650] gyr saturation
W20250111 19:39:52.043490 1694375 ImuError.cpp:650] gyr saturation
W20250111 19:39:52.043494 1694375 ImuError.cpp:650] gyr saturation
W20250111 19:39:52.043499 1694375 ImuError.cpp:650] gyr saturation
W20250111 19:39:52.043502 1694375 ImuError.cpp:650] gyr saturation
W20250111 19:39:52.043506 1694375 ImuError.cpp:650] gyr saturation
W20250111 19:39:52.043510 1694375 ImuError.cpp:650] gyr saturation
W20250111 19:39:52.043514 1694375 ImuError.cpp:650] gyr saturation
W20250111 19:39:52.043519 1694375 ImuError.cpp:650] gyr saturation
W20250111 19:39:52.043521 1694375 ImuError.cpp:650] gyr saturation
I20250111 19:39:52.044710 1694375 Frontend.cpp:2274] RANSAC FAIL: 30 inliers, ratio = 0.638298
W20250111 19:39:52.046327 1694375 ImuError.cpp:368] gyr saturation
W20250111 19:39:52.046358 1694375 ImuError.cpp:368] gyr saturation
W20250111 19:39:52.046370 1694375 ImuError.cpp:368] gyr saturation
W20250111 19:39:52.046383 1694375 ImuError.cpp:368] gyr saturation
W20250111 19:39:52.046391 1694375 ImuError.cpp:368] gyr saturation
W20250111 19:39:52.046406 1694375 ImuError.cpp:368] gyr saturation
W20250111 19:39:52.046413 1694375 ImuError.cpp:368] gyr saturation
W20250111 19:39:52.046422 1694375 ImuError.cpp:368] gyr saturation
W20250111 19:39:52.046429 1694375 ImuError.cpp:368] gyr saturation
W20250111 19:39:52.050367 1694375 ImuError.cpp:650] gyr saturation
W20250111 19:39:52.050397 1694375 ImuError.cpp:650] gyr saturation
W20250111 19:39:52.050402 1694375 ImuError.cpp:650] gyr saturation
W20250111 19:39:52.050410 1694375 ImuError.cpp:650] gyr saturation
W20250111 19:39:52.050412 1694375 ImuError.cpp:650] gyr saturation
W20250111 19:39:52.050417 1694375 ImuError.cpp:650] gyr saturation
W20250111 19:39:52.050421 1694375 ImuError.cpp:650] gyr saturation
W20250111 19:39:52.050424 1694375 ImuError.cpp:650] gyr saturation
W20250111 19:39:52.050428 1694375 ImuError.cpp:650] gyr saturation
I20250111 19:39:52.071974 1694375 Frontend.cpp:2274] RANSAC FAIL: 41 inliers, ratio = 0.630769
W20250111 19:39:52.126190 1983608 ImuError.cpp:165] gyr saturation
W20250111 19:39:52.126241 1983608 ImuError.cpp:165] gyr saturation
W20250111 19:39:52.126250 1983608 ImuError.cpp:165] gyr saturation
W20250111 19:39:52.126256 1983608 ImuError.cpp:165] gyr saturation
W20250111 19:39:52.126262 1983608 ImuError.cpp:165] gyr saturation
W20250111 19:39:52.126276 1983608 ImuError.cpp:165] gyr saturation
W20250111 19:39:52.126283 1983608 ImuError.cpp:165] gyr saturation
W20250111 19:39:52.126289 1983608 ImuError.cpp:165] gyr saturation
W20250111 19:39:52.126296 1983608 ImuError.cpp:165] gyr saturation
W20250111 19:39:52.126541 1983608 ImuError.cpp:165] gyr saturation
W20250111 19:39:52.126554 1983608 ImuError.cpp:165] gyr saturation
W20250111 19:39:52.126562 1983608 ImuError.cpp:165] gyr saturation
W20250111 19:39:52.126570 1983608 ImuError.cpp:165] gyr saturation
W20250111 19:39:52.126578 1983608 ImuError.cpp:165] gyr saturation
W20250111 19:39:52.126585 1983608 ImuError.cpp:165] gyr saturation
W20250111 19:39:52.126593 1983608 ImuError.cpp:165] gyr saturation
W20250111 19:39:52.126600 1983608 ImuError.cpp:165] gyr saturation
W20250111 19:39:52.126607 1983608 ImuError.cpp:165] gyr saturation
I20250111 19:39:53.172995 1694375 okvis_app_synchronous.cpp:210] OKVIS Timing
-----------
1 DetectAndDescribe                	   4646	00:00:08.863822	(00:00:00.001908 +- 00:00:00.000383)	[00:00:00.000922,00:00:00.004225]
2 Match                            	   4646	00:00:36.000623	(00:00:00.007749 +- 00:00:00.003658)	[00:00:00.000194,00:00:00.022069]
2.01 match to map                  	   4645	00:00:27.182065	(00:00:00.005852 +- 00:00:00.003263)	[00:00:00.000047,00:00:00.018555]
2.02 match motion stereo           	   4645	00:00:06.230939	(00:00:00.001341 +- 00:00:00.000447)	[00:00:00.000047,00:00:00.005286]
2.02.1 match motion stereo: prepare	   4645	00:00:01.415157	(00:00:00.000305 +- 00:00:00.000120)	[00:00:00.000001,00:00:00.001300]
2.10 match stereo                  	   1326	00:00:00.048903	(00:00:00.000037 +- 00:00:00.000042)	[00:00:00.000001,00:00:00.000370]
3 Optimise                         	   4645	00:01:11.939176	(00:00:00.015487 +- 00:00:00.005939)	[00:00:00.001096,00:00:00.034739]
4 Prepare publishing               	   4645	00:00:03.960596	(00:00:00.000853 +- 00:00:00.000343)	[00:00:00.000031,00:00:00.003110]
6 Visualising                      	   4645	00:00:00.001118	(00:00:00.000000 +- 00:00:00.000000)	[00:00:00.000000,00:00:00.000009]
7 Marginalise                      	   4645	00:00:08.450043	(00:00:00.001819 +- 00:00:00.000785)	[00:00:00.000003,00:00:00.007928]
7.1 check/handle lost              	   4645	00:00:00.139737	(00:00:00.000030 +- 00:00:00.000019)	[00:00:00.000000,00:00:00.000278]
7.2 eliminate IMU frames           	   4645	00:00:03.559058	(00:00:00.000766 +- 00:00:00.000566)	[00:00:00.000000,00:00:00.002428]
7.3 convert to posegraph           	   1608	00:00:01.412396	(00:00:00.000878 +- 00:00:00.000512)	[00:00:00.000104,00:00:00.005075]
7.4 freezing                       	   4644	00:00:00.005520	(00:00:00.000001 +- 00:00:00.000002)	[00:00:00.000000,00:00:00.000020]
7.6 expand                         	   4585	00:00:01.079041	(00:00:00.000235 +- 00:00:00.000134)	[00:00:00.000022,00:00:00.002037]
7.7 prune place recognition frames 	   4644	00:00:01.079036	(00:00:00.000232 +- 00:00:00.000119)	[00:00:00.000002,00:00:00.000844]
I20250111 19:39:53.173089 1694375 okvis_app_synchronous.cpp:219] Progress: 86% (1 [1%/s], ETA: 14s)
I20250111 19:39:53.278714 1694375 Frontend.cpp:2274] RANSAC FAIL: 21 inliers, ratio = 0.7
I20250111 19:39:53.304840 1694375 Frontend.cpp:2274] RANSAC FAIL: 37 inliers, ratio = 0.660714
I20250111 19:39:53.352342 1694375 Frontend.cpp:2274] RANSAC FAIL: 47 inliers, ratio = 0.681159
I20250111 19:39:53.376880 1694375 Frontend.cpp:2274] RANSAC FAIL: 60 inliers, ratio = 0.689655
I20250111 19:39:54.702168 1694375 okvis_app_synchronous.cpp:210] OKVIS Timing
-----------
1 DetectAndDescribe                	   4700	00:00:08.966965	(00:00:00.001908 +- 00:00:00.000381)	[00:00:00.000922,00:00:00.004225]
2 Match                            	   4700	00:00:36.598246	(00:00:00.007787 +- 00:00:00.003682)	[00:00:00.000194,00:00:00.022069]
2.01 match to map                  	   4699	00:00:27.683930	(00:00:00.005891 +- 00:00:00.003293)	[00:00:00.000047,00:00:00.018555]
2.02 match motion stereo           	   4699	00:00:06.298812	(00:00:00.001340 +- 00:00:00.000446)	[00:00:00.000047,00:00:00.005286]
2.02.1 match motion stereo: prepare	   4699	00:00:01.430964	(00:00:00.000305 +- 00:00:00.000120)	[00:00:00.000001,00:00:00.001300]
2.10 match stereo                  	   1335	00:00:00.049419	(00:00:00.000037 +- 00:00:00.000042)	[00:00:00.000001,00:00:00.000370]
3 Optimise                         	   4699	00:01:12.709943	(00:00:00.015473 +- 00:00:00.005917)	[00:00:00.001096,00:00:00.034739]
4 Prepare publishing               	   4699	00:00:04.009322	(00:00:00.000853 +- 00:00:00.000342)	[00:00:00.000031,00:00:00.003110]
6 Visualising                      	   4699	00:00:00.001133	(00:00:00.000000 +- 00:00:00.000000)	[00:00:00.000000,00:00:00.000009]
7 Marginalise                      	   4699	00:00:08.554816	(00:00:00.001821 +- 00:00:00.000785)	[00:00:00.000003,00:00:00.007928]
7.1 check/handle lost              	   4699	00:00:00.141178	(00:00:00.000030 +- 00:00:00.000019)	[00:00:00.000000,00:00:00.000278]
7.2 eliminate IMU frames           	   4699	00:00:03.604884	(00:00:00.000767 +- 00:00:00.000566)	[00:00:00.000000,00:00:00.002428]
7.3 convert to posegraph           	   1621	00:00:01.427731	(00:00:00.000881 +- 00:00:00.000515)	[00:00:00.000104,00:00:00.005075]
7.4 freezing                       	   4698	00:00:00.005568	(00:00:00.000001 +- 00:00:00.000002)	[00:00:00.000000,00:00:00.000020]
7.6 expand                         	   4637	00:00:01.092250	(00:00:00.000236 +- 00:00:00.000136)	[00:00:00.000022,00:00:00.002140]
7.7 prune place recognition frames 	   4698	00:00:01.094305	(00:00:00.000233 +- 00:00:00.000119)	[00:00:00.000002,00:00:00.000844]
I20250111 19:39:54.702299 1694375 okvis_app_synchronous.cpp:219] Progress: 87% (1 [1%/s], ETA: 13s)
I20250111 19:39:55.792665 1694375 Frontend.cpp:2274] RANSAC FAIL: 42 inliers, ratio = 0.617647
I20250111 19:39:55.815071 1694375 Frontend.cpp:2274] RANSAC FAIL: 45 inliers, ratio = 0.692308
W20250111 19:39:55.941243 1694375 ImuError.cpp:650] gyr saturation
W20250111 19:39:55.941309 1694375 ImuError.cpp:650] gyr saturation
W20250111 19:39:55.941318 1694375 ImuError.cpp:650] gyr saturation
W20250111 19:39:55.941323 1694375 ImuError.cpp:650] gyr saturation
W20250111 19:39:55.941329 1694375 ImuError.cpp:650] gyr saturation
W20250111 19:39:55.941334 1694375 ImuError.cpp:650] gyr saturation
W20250111 19:39:55.941340 1694375 ImuError.cpp:650] gyr saturation
W20250111 19:39:55.941345 1694375 ImuError.cpp:650] gyr saturation
W20250111 19:39:55.941350 1694375 ImuError.cpp:650] gyr saturation
W20250111 19:39:55.941355 1694375 ImuError.cpp:650] gyr saturation
W20250111 19:39:55.941360 1694375 ImuError.cpp:650] gyr saturation
W20250111 19:39:55.941366 1694375 ImuError.cpp:650] gyr saturation
W20250111 19:39:55.941371 1694375 ImuError.cpp:650] gyr saturation
W20250111 19:39:55.941376 1694375 ImuError.cpp:650] gyr saturation
W20250111 19:39:55.941382 1694375 ImuError.cpp:650] gyr saturation
W20250111 19:39:55.953832 1694375 ImuError.cpp:650] gyr saturation
W20250111 19:39:55.953879 1694375 ImuError.cpp:650] gyr saturation
W20250111 19:39:55.953886 1694375 ImuError.cpp:650] gyr saturation
W20250111 19:39:55.953891 1694375 ImuError.cpp:650] gyr saturation
W20250111 19:39:55.953896 1694375 ImuError.cpp:650] gyr saturation
W20250111 19:39:55.953902 1694375 ImuError.cpp:650] gyr saturation
W20250111 19:39:55.953908 1694375 ImuError.cpp:650] gyr saturation
W20250111 19:39:55.953912 1694375 ImuError.cpp:650] gyr saturation
W20250111 19:39:55.953918 1694375 ImuError.cpp:650] gyr saturation
W20250111 19:39:55.953923 1694375 ImuError.cpp:650] gyr saturation
W20250111 19:39:55.953928 1694375 ImuError.cpp:650] gyr saturation
W20250111 19:39:55.953933 1694375 ImuError.cpp:650] gyr saturation
W20250111 19:39:55.953939 1694375 ImuError.cpp:650] gyr saturation
W20250111 19:39:55.953944 1694375 ImuError.cpp:650] gyr saturation
W20250111 19:39:55.953950 1694375 ImuError.cpp:650] gyr saturation
W20250111 19:39:55.954177 1694375 ImuError.cpp:650] gyr saturation
W20250111 19:39:55.954186 1694375 ImuError.cpp:650] gyr saturation
W20250111 19:39:55.954209 1694375 ImuError.cpp:650] gyr saturation
W20250111 19:39:55.954216 1694375 ImuError.cpp:650] gyr saturation
W20250111 19:39:55.954222 1694375 ImuError.cpp:650] gyr saturation
W20250111 19:39:55.954231 1694375 ImuError.cpp:650] gyr saturation
W20250111 19:39:55.954236 1694375 ImuError.cpp:650] gyr saturation
W20250111 19:39:55.954241 1694375 ImuError.cpp:650] gyr saturation
W20250111 19:39:55.954246 1694375 ImuError.cpp:650] gyr saturation
W20250111 19:39:55.954252 1694375 ImuError.cpp:650] gyr saturation
W20250111 19:39:55.954258 1694375 ImuError.cpp:650] gyr saturation
W20250111 19:39:55.954263 1694375 ImuError.cpp:650] gyr saturation
W20250111 19:39:55.954268 1694375 ImuError.cpp:650] gyr saturation
W20250111 19:39:55.954275 1694375 ImuError.cpp:650] gyr saturation
W20250111 19:39:55.954281 1694375 ImuError.cpp:650] gyr saturation
W20250111 19:39:55.960464 1694375 ImuError.cpp:368] gyr saturation
W20250111 19:39:55.960534 1694375 ImuError.cpp:368] gyr saturation
W20250111 19:39:55.960546 1694375 ImuError.cpp:368] gyr saturation
W20250111 19:39:55.960561 1694375 ImuError.cpp:368] gyr saturation
W20250111 19:39:55.960572 1694375 ImuError.cpp:368] gyr saturation
W20250111 19:39:55.960583 1694375 ImuError.cpp:368] gyr saturation
W20250111 19:39:55.960593 1694375 ImuError.cpp:368] gyr saturation
W20250111 19:39:55.960604 1694375 ImuError.cpp:368] gyr saturation
W20250111 19:39:55.960614 1694375 ImuError.cpp:368] gyr saturation
W20250111 19:39:55.960641 1694375 ImuError.cpp:368] gyr saturation
W20250111 19:39:55.960654 1694375 ImuError.cpp:368] gyr saturation
W20250111 19:39:55.960664 1694375 ImuError.cpp:368] gyr saturation
W20250111 19:39:55.960675 1694375 ImuError.cpp:368] gyr saturation
W20250111 19:39:55.960685 1694375 ImuError.cpp:368] gyr saturation
W20250111 19:39:55.960696 1694375 ImuError.cpp:368] gyr saturation
W20250111 19:39:55.968734 1694375 ImuError.cpp:650] gyr saturation
W20250111 19:39:55.968793 1694375 ImuError.cpp:650] gyr saturation
W20250111 19:39:55.968803 1694375 ImuError.cpp:650] gyr saturation
W20250111 19:39:55.968813 1694375 ImuError.cpp:650] gyr saturation
W20250111 19:39:55.968818 1694375 ImuError.cpp:650] gyr saturation
W20250111 19:39:55.968824 1694375 ImuError.cpp:650] gyr saturation
W20250111 19:39:55.968830 1694375 ImuError.cpp:650] gyr saturation
W20250111 19:39:55.968835 1694375 ImuError.cpp:650] gyr saturation
W20250111 19:39:55.968842 1694375 ImuError.cpp:650] gyr saturation
W20250111 19:39:55.968849 1694375 ImuError.cpp:650] gyr saturation
W20250111 19:39:55.968854 1694375 ImuError.cpp:650] gyr saturation
W20250111 19:39:55.968860 1694375 ImuError.cpp:650] gyr saturation
W20250111 19:39:55.968866 1694375 ImuError.cpp:650] gyr saturation
W20250111 19:39:55.968871 1694375 ImuError.cpp:650] gyr saturation
W20250111 19:39:55.968878 1694375 ImuError.cpp:650] gyr saturation
W20250111 19:39:55.968883 1694375 ImuError.cpp:650] gyr saturation
W20250111 19:39:55.968889 1694375 ImuError.cpp:650] gyr saturation
W20250111 19:39:55.968896 1694375 ImuError.cpp:650] gyr saturation
W20250111 19:39:55.968901 1694375 ImuError.cpp:650] gyr saturation
W20250111 19:39:55.968907 1694375 ImuError.cpp:650] gyr saturation
W20250111 19:39:55.968914 1694375 ImuError.cpp:650] gyr saturation
W20250111 19:39:55.968919 1694375 ImuError.cpp:650] gyr saturation
W20250111 19:39:55.968925 1694375 ImuError.cpp:650] gyr saturation
W20250111 19:39:55.968931 1694375 ImuError.cpp:650] gyr saturation
W20250111 19:39:55.968937 1694375 ImuError.cpp:650] gyr saturation
W20250111 19:39:55.968943 1694375 ImuError.cpp:650] gyr saturation
W20250111 19:39:55.968950 1694375 ImuError.cpp:650] gyr saturation
W20250111 19:39:55.968956 1694375 ImuError.cpp:650] gyr saturation
W20250111 19:39:55.968962 1694375 ImuError.cpp:650] gyr saturation
W20250111 19:39:55.968968 1694375 ImuError.cpp:650] gyr saturation
W20250111 19:39:55.968976 1694375 ImuError.cpp:650] gyr saturation
W20250111 19:39:55.968981 1694375 ImuError.cpp:650] gyr saturation
W20250111 19:39:55.968987 1694375 ImuError.cpp:650] gyr saturation
W20250111 19:39:55.968994 1694375 ImuError.cpp:650] gyr saturation
W20250111 19:39:55.969017 1694375 ImuError.cpp:650] gyr saturation
W20250111 19:39:55.969026 1694375 ImuError.cpp:650] gyr saturation
W20250111 19:39:55.969034 1694375 ImuError.cpp:650] gyr saturation
W20250111 19:39:55.969041 1694375 ImuError.cpp:650] gyr saturation
W20250111 19:39:55.969048 1694375 ImuError.cpp:650] gyr saturation
W20250111 19:39:55.969055 1694375 ImuError.cpp:650] gyr saturation
W20250111 19:39:55.969062 1694375 ImuError.cpp:650] gyr saturation
W20250111 19:39:55.969069 1694375 ImuError.cpp:650] gyr saturation
W20250111 19:39:55.969076 1694375 ImuError.cpp:650] gyr saturation
W20250111 19:39:55.969082 1694375 ImuError.cpp:650] gyr saturation
W20250111 19:39:55.969090 1694375 ImuError.cpp:650] gyr saturation
W20250111 19:39:55.969097 1694375 ImuError.cpp:650] gyr saturation
W20250111 19:39:55.969103 1694375 ImuError.cpp:650] gyr saturation
W20250111 19:39:55.969110 1694375 ImuError.cpp:650] gyr saturation
W20250111 19:39:55.969117 1694375 ImuError.cpp:650] gyr saturation
W20250111 19:39:55.986619 1694375 ImuError.cpp:650] gyr saturation
W20250111 19:39:55.986688 1694375 ImuError.cpp:650] gyr saturation
W20250111 19:39:55.986698 1694375 ImuError.cpp:650] gyr saturation
W20250111 19:39:55.986706 1694375 ImuError.cpp:650] gyr saturation
W20250111 19:39:55.986712 1694375 ImuError.cpp:650] gyr saturation
W20250111 19:39:55.986721 1694375 ImuError.cpp:650] gyr saturation
W20250111 19:39:55.986734 1694375 ImuError.cpp:650] gyr saturation
W20250111 19:39:55.986739 1694375 ImuError.cpp:650] gyr saturation
W20250111 19:39:55.986744 1694375 ImuError.cpp:650] gyr saturation
W20250111 19:39:55.986749 1694375 ImuError.cpp:650] gyr saturation
W20250111 19:39:55.986755 1694375 ImuError.cpp:650] gyr saturation
W20250111 19:39:55.986760 1694375 ImuError.cpp:650] gyr saturation
W20250111 19:39:55.986765 1694375 ImuError.cpp:650] gyr saturation
W20250111 19:39:55.986771 1694375 ImuError.cpp:650] gyr saturation
W20250111 19:39:55.986778 1694375 ImuError.cpp:650] gyr saturation
W20250111 19:39:55.986783 1694375 ImuError.cpp:650] gyr saturation
W20250111 19:39:55.986788 1694375 ImuError.cpp:650] gyr saturation
W20250111 19:39:55.986794 1694375 ImuError.cpp:650] gyr saturation
W20250111 19:39:55.986800 1694375 ImuError.cpp:650] gyr saturation
W20250111 19:39:55.986806 1694375 ImuError.cpp:650] gyr saturation
W20250111 19:39:55.986811 1694375 ImuError.cpp:650] gyr saturation
W20250111 19:39:55.986817 1694375 ImuError.cpp:650] gyr saturation
W20250111 19:39:55.986824 1694375 ImuError.cpp:650] gyr saturation
W20250111 19:39:55.986829 1694375 ImuError.cpp:650] gyr saturation
W20250111 19:39:55.986835 1694375 ImuError.cpp:650] gyr saturation
W20250111 19:39:55.986840 1694375 ImuError.cpp:650] gyr saturation
W20250111 19:39:55.986846 1694375 ImuError.cpp:650] gyr saturation
W20250111 19:39:55.986851 1694375 ImuError.cpp:650] gyr saturation
W20250111 19:39:55.986856 1694375 ImuError.cpp:650] gyr saturation
W20250111 19:39:55.986863 1694375 ImuError.cpp:650] gyr saturation
W20250111 19:39:55.986869 1694375 ImuError.cpp:650] gyr saturation
W20250111 19:39:55.986874 1694375 ImuError.cpp:650] gyr saturation
W20250111 19:39:55.986881 1694375 ImuError.cpp:650] gyr saturation
W20250111 19:39:55.986886 1694375 ImuError.cpp:650] gyr saturation
W20250111 19:39:55.986892 1694375 ImuError.cpp:650] gyr saturation
W20250111 19:39:55.986981 1694375 ImuError.cpp:650] gyr saturation
W20250111 19:39:55.986989 1694375 ImuError.cpp:650] gyr saturation
W20250111 19:39:55.986994 1694375 ImuError.cpp:650] gyr saturation
W20250111 19:39:55.986999 1694375 ImuError.cpp:650] gyr saturation
W20250111 19:39:55.987005 1694375 ImuError.cpp:650] gyr saturation
W20250111 19:39:55.987011 1694375 ImuError.cpp:650] gyr saturation
W20250111 19:39:55.987017 1694375 ImuError.cpp:650] gyr saturation
W20250111 19:39:55.987022 1694375 ImuError.cpp:650] gyr saturation
W20250111 19:39:55.987027 1694375 ImuError.cpp:650] gyr saturation
W20250111 19:39:55.987032 1694375 ImuError.cpp:650] gyr saturation
W20250111 19:39:55.987038 1694375 ImuError.cpp:650] gyr saturation
W20250111 19:39:55.987048 1694375 ImuError.cpp:650] gyr saturation
W20250111 19:39:55.987056 1694375 ImuError.cpp:650] gyr saturation
W20250111 19:39:55.987061 1694375 ImuError.cpp:650] gyr saturation
W20250111 19:39:55.987067 1694375 ImuError.cpp:650] gyr saturation
W20250111 19:39:55.987072 1694375 ImuError.cpp:650] gyr saturation
W20250111 19:39:55.987078 1694375 ImuError.cpp:650] gyr saturation
W20250111 19:39:55.987084 1694375 ImuError.cpp:650] gyr saturation
W20250111 19:39:55.987090 1694375 ImuError.cpp:650] gyr saturation
W20250111 19:39:55.987097 1694375 ImuError.cpp:650] gyr saturation
W20250111 19:39:55.987102 1694375 ImuError.cpp:650] gyr saturation
W20250111 19:39:55.987107 1694375 ImuError.cpp:650] gyr saturation
W20250111 19:39:55.987112 1694375 ImuError.cpp:650] gyr saturation
W20250111 19:39:55.987118 1694375 ImuError.cpp:650] gyr saturation
W20250111 19:39:55.987125 1694375 ImuError.cpp:650] gyr saturation
W20250111 19:39:55.987130 1694375 ImuError.cpp:650] gyr saturation
W20250111 19:39:55.987136 1694375 ImuError.cpp:650] gyr saturation
W20250111 19:39:55.987143 1694375 ImuError.cpp:650] gyr saturation
W20250111 19:39:55.987149 1694375 ImuError.cpp:650] gyr saturation
W20250111 19:39:55.987154 1694375 ImuError.cpp:650] gyr saturation
W20250111 19:39:55.987160 1694375 ImuError.cpp:650] gyr saturation
W20250111 19:39:55.987165 1694375 ImuError.cpp:650] gyr saturation
W20250111 19:39:55.987174 1694375 ImuError.cpp:650] gyr saturation
W20250111 19:39:55.987180 1694375 ImuError.cpp:650] gyr saturation
W20250111 19:39:55.987185 1694375 ImuError.cpp:650] gyr saturation
W20250111 19:39:55.993278 1694375 ImuError.cpp:368] gyr saturation
W20250111 19:39:55.993357 1694375 ImuError.cpp:368] gyr saturation
W20250111 19:39:55.993371 1694375 ImuError.cpp:368] gyr saturation
W20250111 19:39:55.993382 1694375 ImuError.cpp:368] gyr saturation
W20250111 19:39:55.993394 1694375 ImuError.cpp:368] gyr saturation
W20250111 19:39:55.993405 1694375 ImuError.cpp:368] gyr saturation
W20250111 19:39:55.993417 1694375 ImuError.cpp:368] gyr saturation
W20250111 19:39:55.993427 1694375 ImuError.cpp:368] gyr saturation
W20250111 19:39:55.993439 1694375 ImuError.cpp:368] gyr saturation
W20250111 19:39:55.993450 1694375 ImuError.cpp:368] gyr saturation
W20250111 19:39:55.993461 1694375 ImuError.cpp:368] gyr saturation
W20250111 19:39:55.993472 1694375 ImuError.cpp:368] gyr saturation
W20250111 19:39:55.993484 1694375 ImuError.cpp:368] gyr saturation
W20250111 19:39:55.993494 1694375 ImuError.cpp:368] gyr saturation
W20250111 19:39:55.993505 1694375 ImuError.cpp:368] gyr saturation
W20250111 19:39:55.993516 1694375 ImuError.cpp:368] gyr saturation
W20250111 19:39:55.993528 1694375 ImuError.cpp:368] gyr saturation
W20250111 19:39:55.993539 1694375 ImuError.cpp:368] gyr saturation
W20250111 19:39:55.993551 1694375 ImuError.cpp:368] gyr saturation
W20250111 19:39:55.993561 1694375 ImuError.cpp:368] gyr saturation
W20250111 19:39:55.993572 1694375 ImuError.cpp:368] gyr saturation
W20250111 19:39:55.993583 1694375 ImuError.cpp:368] gyr saturation
W20250111 19:39:55.993594 1694375 ImuError.cpp:368] gyr saturation
W20250111 19:39:55.993605 1694375 ImuError.cpp:368] gyr saturation
W20250111 19:39:55.993618 1694375 ImuError.cpp:368] gyr saturation
W20250111 19:39:55.993640 1694375 ImuError.cpp:368] gyr saturation
W20250111 19:39:55.993652 1694375 ImuError.cpp:368] gyr saturation
W20250111 19:39:55.993664 1694375 ImuError.cpp:368] gyr saturation
W20250111 19:39:55.993674 1694375 ImuError.cpp:368] gyr saturation
W20250111 19:39:55.993685 1694375 ImuError.cpp:368] gyr saturation
W20250111 19:39:55.993696 1694375 ImuError.cpp:368] gyr saturation
W20250111 19:39:55.993707 1694375 ImuError.cpp:368] gyr saturation
W20250111 19:39:55.993718 1694375 ImuError.cpp:368] gyr saturation
W20250111 19:39:55.993731 1694375 ImuError.cpp:368] gyr saturation
W20250111 19:39:55.993741 1694375 ImuError.cpp:368] gyr saturation
W20250111 19:39:56.001369 1694375 ImuError.cpp:650] gyr saturation
W20250111 19:39:56.001433 1694375 ImuError.cpp:650] gyr saturation
W20250111 19:39:56.001459 1694375 ImuError.cpp:650] gyr saturation
W20250111 19:39:56.001468 1694375 ImuError.cpp:650] gyr saturation
W20250111 19:39:56.001474 1694375 ImuError.cpp:650] gyr saturation
W20250111 19:39:56.001480 1694375 ImuError.cpp:650] gyr saturation
W20250111 19:39:56.001487 1694375 ImuError.cpp:650] gyr saturation
W20250111 19:39:56.001492 1694375 ImuError.cpp:650] gyr saturation
W20250111 19:39:56.001497 1694375 ImuError.cpp:650] gyr saturation
W20250111 19:39:56.001502 1694375 ImuError.cpp:650] gyr saturation
W20250111 19:39:56.001509 1694375 ImuError.cpp:650] gyr saturation
W20250111 19:39:56.001515 1694375 ImuError.cpp:650] gyr saturation
W20250111 19:39:56.001521 1694375 ImuError.cpp:650] gyr saturation
W20250111 19:39:56.001528 1694375 ImuError.cpp:650] gyr saturation
W20250111 19:39:56.001535 1694375 ImuError.cpp:650] gyr saturation
W20250111 19:39:56.001540 1694375 ImuError.cpp:650] gyr saturation
W20250111 19:39:56.001547 1694375 ImuError.cpp:650] gyr saturation
W20250111 19:39:56.001554 1694375 ImuError.cpp:650] gyr saturation
W20250111 19:39:56.001559 1694375 ImuError.cpp:650] gyr saturation
W20250111 19:39:56.001564 1694375 ImuError.cpp:650] gyr saturation
W20250111 19:39:56.001569 1694375 ImuError.cpp:650] gyr saturation
W20250111 19:39:56.001576 1694375 ImuError.cpp:650] gyr saturation
W20250111 19:39:56.001582 1694375 ImuError.cpp:650] gyr saturation
W20250111 19:39:56.001586 1694375 ImuError.cpp:650] gyr saturation
W20250111 19:39:56.001595 1694375 ImuError.cpp:650] gyr saturation
W20250111 19:39:56.001602 1694375 ImuError.cpp:650] gyr saturation
W20250111 19:39:56.001607 1694375 ImuError.cpp:650] gyr saturation
W20250111 19:39:56.001613 1694375 ImuError.cpp:650] gyr saturation
W20250111 19:39:56.001621 1694375 ImuError.cpp:650] gyr saturation
W20250111 19:39:56.001626 1694375 ImuError.cpp:650] gyr saturation
W20250111 19:39:56.001642 1694375 ImuError.cpp:650] gyr saturation
W20250111 19:39:56.001648 1694375 ImuError.cpp:650] gyr saturation
W20250111 19:39:56.001655 1694375 ImuError.cpp:650] gyr saturation
W20250111 19:39:56.001662 1694375 ImuError.cpp:650] gyr saturation
W20250111 19:39:56.001667 1694375 ImuError.cpp:650] gyr saturation
W20250111 19:39:56.001672 1694375 ImuError.cpp:650] gyr saturation
W20250111 19:39:56.001677 1694375 ImuError.cpp:650] gyr saturation
W20250111 19:39:56.001683 1694375 ImuError.cpp:650] gyr saturation
W20250111 19:39:56.001688 1694375 ImuError.cpp:650] gyr saturation
W20250111 19:39:56.001694 1694375 ImuError.cpp:650] gyr saturation
W20250111 19:39:56.001700 1694375 ImuError.cpp:650] gyr saturation
W20250111 19:39:56.001708 1694375 ImuError.cpp:650] gyr saturation
W20250111 19:39:56.001714 1694375 ImuError.cpp:650] gyr saturation
W20250111 19:39:56.001721 1694375 ImuError.cpp:650] gyr saturation
W20250111 19:39:56.001729 1694375 ImuError.cpp:650] gyr saturation
W20250111 19:39:56.001735 1694375 ImuError.cpp:650] gyr saturation
W20250111 19:39:56.001742 1694375 ImuError.cpp:650] gyr saturation
W20250111 19:39:56.001750 1694375 ImuError.cpp:650] gyr saturation
W20250111 19:39:56.001755 1694375 ImuError.cpp:650] gyr saturation
W20250111 19:39:56.001763 1694375 ImuError.cpp:650] gyr saturation
W20250111 19:39:56.001770 1694375 ImuError.cpp:650] gyr saturation
W20250111 19:39:56.001777 1694375 ImuError.cpp:650] gyr saturation
W20250111 19:39:56.001783 1694375 ImuError.cpp:650] gyr saturation
W20250111 19:39:56.001791 1694375 ImuError.cpp:650] gyr saturation
W20250111 19:39:56.001796 1694375 ImuError.cpp:650] gyr saturation
W20250111 19:39:56.001802 1694375 ImuError.cpp:650] gyr saturation
W20250111 19:39:56.001809 1694375 ImuError.cpp:650] gyr saturation
W20250111 19:39:56.001817 1694375 ImuError.cpp:650] gyr saturation
W20250111 19:39:56.001824 1694375 ImuError.cpp:650] gyr saturation
W20250111 19:39:56.001830 1694375 ImuError.cpp:650] gyr saturation
W20250111 19:39:56.001838 1694375 ImuError.cpp:650] gyr saturation
W20250111 19:39:56.001845 1694375 ImuError.cpp:650] gyr saturation
W20250111 19:39:56.001852 1694375 ImuError.cpp:650] gyr saturation
W20250111 19:39:56.001866 1694375 ImuError.cpp:650] gyr saturation
W20250111 19:39:56.001873 1694375 ImuError.cpp:650] gyr saturation
W20250111 19:39:56.001879 1694375 ImuError.cpp:650] gyr saturation
W20250111 19:39:56.001888 1694375 ImuError.cpp:650] gyr saturation
W20250111 19:39:56.001893 1694375 ImuError.cpp:650] gyr saturation
W20250111 19:39:56.021286 1694375 ImuError.cpp:650] gyr saturation
W20250111 19:39:56.021333 1694375 ImuError.cpp:650] gyr saturation
W20250111 19:39:56.021342 1694375 ImuError.cpp:650] gyr saturation
W20250111 19:39:56.021347 1694375 ImuError.cpp:650] gyr saturation
W20250111 19:39:56.021353 1694375 ImuError.cpp:650] gyr saturation
W20250111 19:39:56.021358 1694375 ImuError.cpp:650] gyr saturation
W20250111 19:39:56.021363 1694375 ImuError.cpp:650] gyr saturation
W20250111 19:39:56.021368 1694375 ImuError.cpp:650] gyr saturation
W20250111 19:39:56.021373 1694375 ImuError.cpp:650] gyr saturation
W20250111 19:39:56.021378 1694375 ImuError.cpp:650] gyr saturation
W20250111 19:39:56.021382 1694375 ImuError.cpp:650] gyr saturation
W20250111 19:39:56.021389 1694375 ImuError.cpp:650] gyr saturation
W20250111 19:39:56.021394 1694375 ImuError.cpp:650] gyr saturation
W20250111 19:39:56.021399 1694375 ImuError.cpp:650] gyr saturation
W20250111 19:39:56.021402 1694375 ImuError.cpp:650] gyr saturation
W20250111 19:39:56.021407 1694375 ImuError.cpp:650] gyr saturation
W20250111 19:39:56.021412 1694375 ImuError.cpp:650] gyr saturation
W20250111 19:39:56.021425 1694375 ImuError.cpp:650] gyr saturation
W20250111 19:39:56.021430 1694375 ImuError.cpp:650] gyr saturation
W20250111 19:39:56.021436 1694375 ImuError.cpp:650] gyr saturation
W20250111 19:39:56.021443 1694375 ImuError.cpp:650] gyr saturation
W20250111 19:39:56.021448 1694375 ImuError.cpp:650] gyr saturation
W20250111 19:39:56.021454 1694375 ImuError.cpp:650] gyr saturation
W20250111 19:39:56.021458 1694375 ImuError.cpp:650] gyr saturation
W20250111 19:39:56.021464 1694375 ImuError.cpp:650] gyr saturation
W20250111 19:39:56.021471 1694375 ImuError.cpp:650] gyr saturation
W20250111 19:39:56.021476 1694375 ImuError.cpp:650] gyr saturation
W20250111 19:39:56.021481 1694375 ImuError.cpp:650] gyr saturation
W20250111 19:39:56.021486 1694375 ImuError.cpp:650] gyr saturation
W20250111 19:39:56.021492 1694375 ImuError.cpp:650] gyr saturation
W20250111 19:39:56.021497 1694375 ImuError.cpp:650] gyr saturation
W20250111 19:39:56.021503 1694375 ImuError.cpp:650] gyr saturation
W20250111 19:39:56.021508 1694375 ImuError.cpp:650] gyr saturation
W20250111 19:39:56.021514 1694375 ImuError.cpp:650] gyr saturation
W20250111 19:39:56.021617 1694375 ImuError.cpp:650] gyr saturation
W20250111 19:39:56.021624 1694375 ImuError.cpp:650] gyr saturation
W20250111 19:39:56.021636 1694375 ImuError.cpp:650] gyr saturation
W20250111 19:39:56.021641 1694375 ImuError.cpp:650] gyr saturation
W20250111 19:39:56.021647 1694375 ImuError.cpp:650] gyr saturation
W20250111 19:39:56.021653 1694375 ImuError.cpp:650] gyr saturation
W20250111 19:39:56.021658 1694375 ImuError.cpp:650] gyr saturation
W20250111 19:39:56.021664 1694375 ImuError.cpp:650] gyr saturation
W20250111 19:39:56.021670 1694375 ImuError.cpp:650] gyr saturation
W20250111 19:39:56.021675 1694375 ImuError.cpp:650] gyr saturation
W20250111 19:39:56.021682 1694375 ImuError.cpp:650] gyr saturation
W20250111 19:39:56.021687 1694375 ImuError.cpp:650] gyr saturation
W20250111 19:39:56.021692 1694375 ImuError.cpp:650] gyr saturation
W20250111 19:39:56.021697 1694375 ImuError.cpp:650] gyr saturation
W20250111 19:39:56.021703 1694375 ImuError.cpp:650] gyr saturation
W20250111 19:39:56.021709 1694375 ImuError.cpp:650] gyr saturation
W20250111 19:39:56.021715 1694375 ImuError.cpp:650] gyr saturation
W20250111 19:39:56.021721 1694375 ImuError.cpp:650] gyr saturation
W20250111 19:39:56.021728 1694375 ImuError.cpp:650] gyr saturation
W20250111 19:39:56.021732 1694375 ImuError.cpp:650] gyr saturation
W20250111 19:39:56.021739 1694375 ImuError.cpp:650] gyr saturation
W20250111 19:39:56.021744 1694375 ImuError.cpp:650] gyr saturation
W20250111 19:39:56.021755 1694375 ImuError.cpp:650] gyr saturation
W20250111 19:39:56.021764 1694375 ImuError.cpp:650] gyr saturation
W20250111 19:39:56.021770 1694375 ImuError.cpp:650] gyr saturation
W20250111 19:39:56.021775 1694375 ImuError.cpp:650] gyr saturation
W20250111 19:39:56.021781 1694375 ImuError.cpp:650] gyr saturation
W20250111 19:39:56.021787 1694375 ImuError.cpp:650] gyr saturation
W20250111 19:39:56.021793 1694375 ImuError.cpp:650] gyr saturation
W20250111 19:39:56.021799 1694375 ImuError.cpp:650] gyr saturation
W20250111 19:39:56.021806 1694375 ImuError.cpp:650] gyr saturation
W20250111 19:39:56.021811 1694375 ImuError.cpp:650] gyr saturation
W20250111 19:39:56.021817 1694375 ImuError.cpp:650] gyr saturation
W20250111 19:39:56.021822 1694375 ImuError.cpp:650] gyr saturation
W20250111 19:39:56.027467 1694387 ImuError.cpp:368] gyr saturation
W20250111 19:39:56.027549 1694387 ImuError.cpp:368] gyr saturation
W20250111 19:39:56.027562 1694387 ImuError.cpp:368] gyr saturation
W20250111 19:39:56.027575 1694387 ImuError.cpp:368] gyr saturation
W20250111 19:39:56.027587 1694387 ImuError.cpp:368] gyr saturation
W20250111 19:39:56.027598 1694387 ImuError.cpp:368] gyr saturation
W20250111 19:39:56.027609 1694387 ImuError.cpp:368] gyr saturation
W20250111 19:39:56.027622 1694387 ImuError.cpp:368] gyr saturation
W20250111 19:39:56.027638 1694387 ImuError.cpp:368] gyr saturation
W20250111 19:39:56.027650 1694387 ImuError.cpp:368] gyr saturation
W20250111 19:39:56.027671 1694387 ImuError.cpp:368] gyr saturation
W20250111 19:39:56.027684 1694387 ImuError.cpp:368] gyr saturation
W20250111 19:39:56.027695 1694387 ImuError.cpp:368] gyr saturation
W20250111 19:39:56.027707 1694387 ImuError.cpp:368] gyr saturation
W20250111 19:39:56.027719 1694387 ImuError.cpp:368] gyr saturation
W20250111 19:39:56.027731 1694387 ImuError.cpp:368] gyr saturation
W20250111 19:39:56.027743 1694387 ImuError.cpp:368] gyr saturation
W20250111 19:39:56.027755 1694387 ImuError.cpp:368] gyr saturation
W20250111 19:39:56.027766 1694387 ImuError.cpp:368] gyr saturation
W20250111 19:39:56.027776 1694387 ImuError.cpp:368] gyr saturation
W20250111 19:39:56.027788 1694387 ImuError.cpp:368] gyr saturation
W20250111 19:39:56.027799 1694387 ImuError.cpp:368] gyr saturation
W20250111 19:39:56.027810 1694387 ImuError.cpp:368] gyr saturation
W20250111 19:39:56.027822 1694387 ImuError.cpp:368] gyr saturation
W20250111 19:39:56.027832 1694387 ImuError.cpp:368] gyr saturation
W20250111 19:39:56.027842 1694387 ImuError.cpp:368] gyr saturation
W20250111 19:39:56.027853 1694387 ImuError.cpp:368] gyr saturation
W20250111 19:39:56.027863 1694387 ImuError.cpp:368] gyr saturation
W20250111 19:39:56.027874 1694387 ImuError.cpp:368] gyr saturation
W20250111 19:39:56.027884 1694387 ImuError.cpp:368] gyr saturation
W20250111 19:39:56.027896 1694387 ImuError.cpp:368] gyr saturation
W20250111 19:39:56.027906 1694387 ImuError.cpp:368] gyr saturation
W20250111 19:39:56.027917 1694387 ImuError.cpp:368] gyr saturation
W20250111 19:39:56.027928 1694387 ImuError.cpp:368] gyr saturation
W20250111 19:39:56.035722 1694375 ImuError.cpp:650] gyr saturation
W20250111 19:39:56.035785 1694375 ImuError.cpp:650] gyr saturation
W20250111 19:39:56.035794 1694375 ImuError.cpp:650] gyr saturation
W20250111 19:39:56.035801 1694375 ImuError.cpp:650] gyr saturation
W20250111 19:39:56.035809 1694375 ImuError.cpp:650] gyr saturation
W20250111 19:39:56.035815 1694375 ImuError.cpp:650] gyr saturation
W20250111 19:39:56.035821 1694375 ImuError.cpp:650] gyr saturation
W20250111 19:39:56.035828 1694375 ImuError.cpp:650] gyr saturation
W20250111 19:39:56.035835 1694375 ImuError.cpp:650] gyr saturation
W20250111 19:39:56.035840 1694375 ImuError.cpp:650] gyr saturation
W20250111 19:39:56.035845 1694375 ImuError.cpp:650] gyr saturation
W20250111 19:39:56.035851 1694375 ImuError.cpp:650] gyr saturation
W20250111 19:39:56.035858 1694375 ImuError.cpp:650] gyr saturation
W20250111 19:39:56.035864 1694375 ImuError.cpp:650] gyr saturation
W20250111 19:39:56.035871 1694375 ImuError.cpp:650] gyr saturation
W20250111 19:39:56.035889 1694375 ImuError.cpp:650] gyr saturation
W20250111 19:39:56.035895 1694375 ImuError.cpp:650] gyr saturation
W20250111 19:39:56.035902 1694375 ImuError.cpp:650] gyr saturation
W20250111 19:39:56.035907 1694375 ImuError.cpp:650] gyr saturation
W20250111 19:39:56.035913 1694375 ImuError.cpp:650] gyr saturation
W20250111 19:39:56.035918 1694375 ImuError.cpp:650] gyr saturation
W20250111 19:39:56.035923 1694375 ImuError.cpp:650] gyr saturation
W20250111 19:39:56.035928 1694375 ImuError.cpp:650] gyr saturation
W20250111 19:39:56.035934 1694375 ImuError.cpp:650] gyr saturation
W20250111 19:39:56.035940 1694375 ImuError.cpp:650] gyr saturation
W20250111 19:39:56.035946 1694375 ImuError.cpp:650] gyr saturation
W20250111 19:39:56.035951 1694375 ImuError.cpp:650] gyr saturation
W20250111 19:39:56.035957 1694375 ImuError.cpp:650] gyr saturation
W20250111 19:39:56.035964 1694375 ImuError.cpp:650] gyr saturation
W20250111 19:39:56.035969 1694375 ImuError.cpp:650] gyr saturation
W20250111 19:39:56.035976 1694375 ImuError.cpp:650] gyr saturation
W20250111 19:39:56.035984 1694375 ImuError.cpp:650] gyr saturation
W20250111 19:39:56.035991 1694375 ImuError.cpp:650] gyr saturation
W20250111 19:39:56.035997 1694375 ImuError.cpp:650] gyr saturation
W20250111 19:39:56.036003 1694375 ImuError.cpp:650] gyr saturation
W20250111 19:39:56.036008 1694375 ImuError.cpp:650] gyr saturation
W20250111 19:39:56.036015 1694375 ImuError.cpp:650] gyr saturation
W20250111 19:39:56.036022 1694375 ImuError.cpp:650] gyr saturation
W20250111 19:39:56.036028 1694375 ImuError.cpp:650] gyr saturation
W20250111 19:39:56.036034 1694375 ImuError.cpp:650] gyr saturation
W20250111 19:39:56.036039 1694375 ImuError.cpp:650] gyr saturation
W20250111 19:39:56.036046 1694375 ImuError.cpp:650] gyr saturation
W20250111 19:39:56.036051 1694375 ImuError.cpp:650] gyr saturation
W20250111 19:39:56.036057 1694375 ImuError.cpp:650] gyr saturation
W20250111 19:39:56.036063 1694375 ImuError.cpp:650] gyr saturation
W20250111 19:39:56.036068 1694375 ImuError.cpp:650] gyr saturation
W20250111 19:39:56.036074 1694375 ImuError.cpp:650] gyr saturation
W20250111 19:39:56.036080 1694375 ImuError.cpp:650] gyr saturation
W20250111 19:39:56.036087 1694375 ImuError.cpp:650] gyr saturation
W20250111 19:39:56.036091 1694375 ImuError.cpp:650] gyr saturation
W20250111 19:39:56.036098 1694375 ImuError.cpp:650] gyr saturation
W20250111 19:39:56.036103 1694375 ImuError.cpp:650] gyr saturation
W20250111 19:39:56.036110 1694375 ImuError.cpp:650] gyr saturation
W20250111 19:39:56.036115 1694375 ImuError.cpp:650] gyr saturation
W20250111 19:39:56.036121 1694375 ImuError.cpp:650] gyr saturation
W20250111 19:39:56.036128 1694375 ImuError.cpp:650] gyr saturation
W20250111 19:39:56.036134 1694375 ImuError.cpp:650] gyr saturation
W20250111 19:39:56.036139 1694375 ImuError.cpp:650] gyr saturation
W20250111 19:39:56.036145 1694375 ImuError.cpp:650] gyr saturation
W20250111 19:39:56.036151 1694375 ImuError.cpp:650] gyr saturation
W20250111 19:39:56.036159 1694375 ImuError.cpp:650] gyr saturation
W20250111 19:39:56.036163 1694375 ImuError.cpp:650] gyr saturation
W20250111 19:39:56.036170 1694375 ImuError.cpp:650] gyr saturation
W20250111 19:39:56.036176 1694375 ImuError.cpp:650] gyr saturation
W20250111 19:39:56.036181 1694375 ImuError.cpp:650] gyr saturation
W20250111 19:39:56.036188 1694375 ImuError.cpp:650] gyr saturation
W20250111 19:39:56.036195 1694375 ImuError.cpp:650] gyr saturation
W20250111 19:39:56.036201 1694375 ImuError.cpp:650] gyr saturation
W20250111 19:39:56.047114 1991738 ImuError.cpp:165] gyr saturation
W20250111 19:39:56.047161 1991738 ImuError.cpp:165] gyr saturation
W20250111 19:39:56.047171 1991738 ImuError.cpp:165] gyr saturation
W20250111 19:39:56.047179 1991738 ImuError.cpp:165] gyr saturation
W20250111 19:39:56.047189 1991738 ImuError.cpp:165] gyr saturation
W20250111 19:39:56.047199 1991738 ImuError.cpp:165] gyr saturation
W20250111 19:39:56.047206 1991738 ImuError.cpp:165] gyr saturation
W20250111 19:39:56.047214 1991738 ImuError.cpp:165] gyr saturation
W20250111 19:39:56.047228 1991738 ImuError.cpp:165] gyr saturation
W20250111 19:39:56.047236 1991738 ImuError.cpp:165] gyr saturation
W20250111 19:39:56.047245 1991738 ImuError.cpp:165] gyr saturation
W20250111 19:39:56.047251 1991738 ImuError.cpp:165] gyr saturation
W20250111 19:39:56.047259 1991738 ImuError.cpp:165] gyr saturation
W20250111 19:39:56.047266 1991738 ImuError.cpp:165] gyr saturation
W20250111 19:39:56.047274 1991738 ImuError.cpp:165] gyr saturation
W20250111 19:39:56.047487 1991738 ImuError.cpp:165] gyr saturation
W20250111 19:39:56.047497 1991738 ImuError.cpp:165] gyr saturation
W20250111 19:39:56.047503 1991738 ImuError.cpp:165] gyr saturation
W20250111 19:39:56.047511 1991738 ImuError.cpp:165] gyr saturation
W20250111 19:39:56.047519 1991738 ImuError.cpp:165] gyr saturation
W20250111 19:39:56.047526 1991738 ImuError.cpp:165] gyr saturation
W20250111 19:39:56.047534 1991738 ImuError.cpp:165] gyr saturation
W20250111 19:39:56.047542 1991738 ImuError.cpp:165] gyr saturation
W20250111 19:39:56.047549 1991738 ImuError.cpp:165] gyr saturation
W20250111 19:39:56.047557 1991738 ImuError.cpp:165] gyr saturation
W20250111 19:39:56.047565 1991738 ImuError.cpp:165] gyr saturation
W20250111 19:39:56.047572 1991738 ImuError.cpp:165] gyr saturation
W20250111 19:39:56.047580 1991738 ImuError.cpp:165] gyr saturation
W20250111 19:39:56.047588 1991738 ImuError.cpp:165] gyr saturation
W20250111 19:39:56.047595 1991738 ImuError.cpp:165] gyr saturation
W20250111 19:39:56.048238 1694375 ImuError.cpp:650] gyr saturation
W20250111 19:39:56.048287 1694375 ImuError.cpp:650] gyr saturation
W20250111 19:39:56.048293 1694375 ImuError.cpp:650] gyr saturation
W20250111 19:39:56.048298 1694375 ImuError.cpp:650] gyr saturation
W20250111 19:39:56.048305 1694375 ImuError.cpp:650] gyr saturation
W20250111 19:39:56.048311 1694375 ImuError.cpp:650] gyr saturation
W20250111 19:39:56.048316 1694375 ImuError.cpp:650] gyr saturation
W20250111 19:39:56.048322 1694375 ImuError.cpp:650] gyr saturation
W20250111 19:39:56.048328 1694375 ImuError.cpp:650] gyr saturation
W20250111 19:39:56.048334 1694375 ImuError.cpp:650] gyr saturation
W20250111 19:39:56.048341 1694375 ImuError.cpp:650] gyr saturation
W20250111 19:39:56.048346 1694375 ImuError.cpp:650] gyr saturation
W20250111 19:39:56.048352 1694375 ImuError.cpp:650] gyr saturation
W20250111 19:39:56.048357 1694375 ImuError.cpp:650] gyr saturation
W20250111 19:39:56.048362 1694375 ImuError.cpp:650] gyr saturation
W20250111 19:39:56.048368 1694375 ImuError.cpp:650] gyr saturation
W20250111 19:39:56.048374 1694375 ImuError.cpp:650] gyr saturation
W20250111 19:39:56.048379 1694375 ImuError.cpp:650] gyr saturation
W20250111 19:39:56.048386 1694375 ImuError.cpp:650] gyr saturation
W20250111 19:39:56.048393 1694375 ImuError.cpp:650] gyr saturation
W20250111 19:39:56.048398 1694375 ImuError.cpp:650] gyr saturation
W20250111 19:39:56.048403 1694375 ImuError.cpp:650] gyr saturation
W20250111 19:39:56.048408 1694375 ImuError.cpp:650] gyr saturation
W20250111 19:39:56.048414 1694375 ImuError.cpp:650] gyr saturation
W20250111 19:39:56.048420 1694375 ImuError.cpp:650] gyr saturation
W20250111 19:39:56.048425 1694375 ImuError.cpp:650] gyr saturation
W20250111 19:39:56.048431 1694375 ImuError.cpp:650] gyr saturation
W20250111 19:39:56.048437 1694375 ImuError.cpp:650] gyr saturation
W20250111 19:39:56.048444 1694375 ImuError.cpp:650] gyr saturation
W20250111 19:39:56.048450 1694375 ImuError.cpp:650] gyr saturation
W20250111 19:39:56.048455 1694375 ImuError.cpp:650] gyr saturation
W20250111 19:39:56.048461 1694375 ImuError.cpp:650] gyr saturation
W20250111 19:39:56.048467 1694375 ImuError.cpp:650] gyr saturation
W20250111 19:39:56.048473 1694375 ImuError.cpp:650] gyr saturation
W20250111 19:39:56.048480 1694375 ImuError.cpp:650] gyr saturation
W20250111 19:39:56.048668 1694375 ImuError.cpp:650] gyr saturation
W20250111 19:39:56.048677 1694375 ImuError.cpp:650] gyr saturation
W20250111 19:39:56.048682 1694375 ImuError.cpp:650] gyr saturation
W20250111 19:39:56.048687 1694375 ImuError.cpp:650] gyr saturation
W20250111 19:39:56.048693 1694375 ImuError.cpp:650] gyr saturation
W20250111 19:39:56.048712 1694375 ImuError.cpp:650] gyr saturation
W20250111 19:39:56.048719 1694375 ImuError.cpp:650] gyr saturation
W20250111 19:39:56.048725 1694375 ImuError.cpp:650] gyr saturation
W20250111 19:39:56.048730 1694375 ImuError.cpp:650] gyr saturation
W20250111 19:39:56.048736 1694375 ImuError.cpp:650] gyr saturation
W20250111 19:39:56.048741 1694375 ImuError.cpp:650] gyr saturation
W20250111 19:39:56.048748 1694375 ImuError.cpp:650] gyr saturation
W20250111 19:39:56.048753 1694375 ImuError.cpp:650] gyr saturation
W20250111 19:39:56.048758 1694375 ImuError.cpp:650] gyr saturation
W20250111 19:39:56.048763 1694375 ImuError.cpp:650] gyr saturation
W20250111 19:39:56.048769 1694375 ImuError.cpp:650] gyr saturation
W20250111 19:39:56.048774 1694375 ImuError.cpp:650] gyr saturation
W20250111 19:39:56.048780 1694375 ImuError.cpp:650] gyr saturation
W20250111 19:39:56.048785 1694375 ImuError.cpp:650] gyr saturation
W20250111 19:39:56.048791 1694375 ImuError.cpp:650] gyr saturation
W20250111 19:39:56.048799 1694375 ImuError.cpp:650] gyr saturation
W20250111 19:39:56.048803 1694375 ImuError.cpp:650] gyr saturation
W20250111 19:39:56.048808 1694375 ImuError.cpp:650] gyr saturation
W20250111 19:39:56.048813 1694375 ImuError.cpp:650] gyr saturation
W20250111 19:39:56.048820 1694375 ImuError.cpp:650] gyr saturation
W20250111 19:39:56.048825 1694375 ImuError.cpp:650] gyr saturation
W20250111 19:39:56.048832 1694375 ImuError.cpp:650] gyr saturation
W20250111 19:39:56.048839 1694375 ImuError.cpp:650] gyr saturation
W20250111 19:39:56.048844 1694375 ImuError.cpp:650] gyr saturation
W20250111 19:39:56.048851 1694375 ImuError.cpp:650] gyr saturation
W20250111 19:39:56.048856 1694375 ImuError.cpp:650] gyr saturation
W20250111 19:39:56.048861 1694375 ImuError.cpp:650] gyr saturation
W20250111 19:39:56.048867 1694375 ImuError.cpp:650] gyr saturation
W20250111 19:39:56.048872 1694375 ImuError.cpp:650] gyr saturation
W20250111 19:39:56.048877 1694375 ImuError.cpp:650] gyr saturation
W20250111 19:39:56.054774 1694387 ImuError.cpp:368] gyr saturation
W20250111 19:39:56.054811 1694387 ImuError.cpp:368] gyr saturation
W20250111 19:39:56.054822 1694387 ImuError.cpp:368] gyr saturation
W20250111 19:39:56.054832 1694387 ImuError.cpp:368] gyr saturation
W20250111 19:39:56.054842 1694387 ImuError.cpp:368] gyr saturation
W20250111 19:39:56.054852 1694387 ImuError.cpp:368] gyr saturation
W20250111 19:39:56.054862 1694387 ImuError.cpp:368] gyr saturation
W20250111 19:39:56.054872 1694387 ImuError.cpp:368] gyr saturation
W20250111 19:39:56.054883 1694387 ImuError.cpp:368] gyr saturation
W20250111 19:39:56.054893 1694387 ImuError.cpp:368] gyr saturation
W20250111 19:39:56.054900 1694387 ImuError.cpp:368] gyr saturation
W20250111 19:39:56.054908 1694387 ImuError.cpp:368] gyr saturation
W20250111 19:39:56.054915 1694387 ImuError.cpp:368] gyr saturation
W20250111 19:39:56.054924 1694387 ImuError.cpp:368] gyr saturation
W20250111 19:39:56.054931 1694387 ImuError.cpp:368] gyr saturation
W20250111 19:39:56.054939 1694387 ImuError.cpp:368] gyr saturation
W20250111 19:39:56.054946 1694387 ImuError.cpp:368] gyr saturation
W20250111 19:39:56.054955 1694387 ImuError.cpp:368] gyr saturation
W20250111 19:39:56.054961 1694387 ImuError.cpp:368] gyr saturation
W20250111 19:39:56.054970 1694387 ImuError.cpp:368] gyr saturation
W20250111 19:39:56.054977 1694387 ImuError.cpp:368] gyr saturation
W20250111 19:39:56.054984 1694387 ImuError.cpp:368] gyr saturation
W20250111 19:39:56.054992 1694387 ImuError.cpp:368] gyr saturation
W20250111 19:39:56.055001 1694387 ImuError.cpp:368] gyr saturation
W20250111 19:39:56.055007 1694387 ImuError.cpp:368] gyr saturation
W20250111 19:39:56.055015 1694387 ImuError.cpp:368] gyr saturation
W20250111 19:39:56.055022 1694387 ImuError.cpp:368] gyr saturation
W20250111 19:39:56.055030 1694387 ImuError.cpp:368] gyr saturation
W20250111 19:39:56.055038 1694387 ImuError.cpp:368] gyr saturation
W20250111 19:39:56.055045 1694387 ImuError.cpp:368] gyr saturation
W20250111 19:39:56.055053 1694387 ImuError.cpp:368] gyr saturation
W20250111 19:39:56.055068 1694387 ImuError.cpp:368] gyr saturation
W20250111 19:39:56.055078 1694387 ImuError.cpp:368] gyr saturation
W20250111 19:39:56.055085 1694387 ImuError.cpp:368] gyr saturation
W20250111 19:39:56.055094 1694387 ImuError.cpp:368] gyr saturation
W20250111 19:39:56.063504 1694375 ImuError.cpp:650] gyr saturation
W20250111 19:39:56.063570 1694375 ImuError.cpp:650] gyr saturation
W20250111 19:39:56.063576 1694375 ImuError.cpp:650] gyr saturation
W20250111 19:39:56.063582 1694375 ImuError.cpp:650] gyr saturation
W20250111 19:39:56.063587 1694375 ImuError.cpp:650] gyr saturation
W20250111 19:39:56.063593 1694375 ImuError.cpp:650] gyr saturation
W20250111 19:39:56.063599 1694375 ImuError.cpp:650] gyr saturation
W20250111 19:39:56.063604 1694375 ImuError.cpp:650] gyr saturation
W20250111 19:39:56.063611 1694375 ImuError.cpp:650] gyr saturation
W20250111 19:39:56.063616 1694375 ImuError.cpp:650] gyr saturation
W20250111 19:39:56.063620 1694375 ImuError.cpp:650] gyr saturation
W20250111 19:39:56.063627 1694375 ImuError.cpp:650] gyr saturation
W20250111 19:39:56.063637 1694375 ImuError.cpp:650] gyr saturation
W20250111 19:39:56.063644 1694375 ImuError.cpp:650] gyr saturation
W20250111 19:39:56.063649 1694375 ImuError.cpp:650] gyr saturation
W20250111 19:39:56.063655 1694375 ImuError.cpp:650] gyr saturation
W20250111 19:39:56.063661 1694375 ImuError.cpp:650] gyr saturation
W20250111 19:39:56.063678 1694375 ImuError.cpp:650] gyr saturation
W20250111 19:39:56.063683 1694375 ImuError.cpp:650] gyr saturation
W20250111 19:39:56.063689 1694375 ImuError.cpp:650] gyr saturation
W20250111 19:39:56.063695 1694375 ImuError.cpp:650] gyr saturation
W20250111 19:39:56.063700 1694375 ImuError.cpp:650] gyr saturation
W20250111 19:39:56.063705 1694375 ImuError.cpp:650] gyr saturation
W20250111 19:39:56.063712 1694375 ImuError.cpp:650] gyr saturation
W20250111 19:39:56.063719 1694375 ImuError.cpp:650] gyr saturation
W20250111 19:39:56.063724 1694375 ImuError.cpp:650] gyr saturation
W20250111 19:39:56.063730 1694375 ImuError.cpp:650] gyr saturation
W20250111 19:39:56.063737 1694375 ImuError.cpp:650] gyr saturation
W20250111 19:39:56.063742 1694375 ImuError.cpp:650] gyr saturation
W20250111 19:39:56.063748 1694375 ImuError.cpp:650] gyr saturation
W20250111 19:39:56.063755 1694375 ImuError.cpp:650] gyr saturation
W20250111 19:39:56.063762 1694375 ImuError.cpp:650] gyr saturation
W20250111 19:39:56.063768 1694375 ImuError.cpp:650] gyr saturation
W20250111 19:39:56.063774 1694375 ImuError.cpp:650] gyr saturation
W20250111 19:39:56.063781 1694375 ImuError.cpp:650] gyr saturation
W20250111 19:39:56.063786 1694375 ImuError.cpp:650] gyr saturation
W20250111 19:39:56.063791 1694375 ImuError.cpp:650] gyr saturation
W20250111 19:39:56.063797 1694375 ImuError.cpp:650] gyr saturation
W20250111 19:39:56.063803 1694375 ImuError.cpp:650] gyr saturation
W20250111 19:39:56.063812 1694375 ImuError.cpp:650] gyr saturation
W20250111 19:39:56.063818 1694375 ImuError.cpp:650] gyr saturation
W20250111 19:39:56.063824 1694375 ImuError.cpp:650] gyr saturation
W20250111 19:39:56.063830 1694375 ImuError.cpp:650] gyr saturation
W20250111 19:39:56.063836 1694375 ImuError.cpp:650] gyr saturation
W20250111 19:39:56.063841 1694375 ImuError.cpp:650] gyr saturation
W20250111 19:39:56.063848 1694375 ImuError.cpp:650] gyr saturation
W20250111 19:39:56.063853 1694375 ImuError.cpp:650] gyr saturation
W20250111 19:39:56.063859 1694375 ImuError.cpp:650] gyr saturation
W20250111 19:39:56.063864 1694375 ImuError.cpp:650] gyr saturation
W20250111 19:39:56.063870 1694375 ImuError.cpp:650] gyr saturation
W20250111 19:39:56.063876 1694375 ImuError.cpp:650] gyr saturation
W20250111 19:39:56.063882 1694375 ImuError.cpp:650] gyr saturation
W20250111 19:39:56.063889 1694375 ImuError.cpp:650] gyr saturation
W20250111 19:39:56.063894 1694375 ImuError.cpp:650] gyr saturation
W20250111 19:39:56.063899 1694375 ImuError.cpp:650] gyr saturation
W20250111 19:39:56.075627 1991796 ImuError.cpp:165] gyr saturation
W20250111 19:39:56.075678 1991796 ImuError.cpp:165] gyr saturation
W20250111 19:39:56.075696 1991796 ImuError.cpp:165] gyr saturation
W20250111 19:39:56.075704 1991796 ImuError.cpp:165] gyr saturation
W20250111 19:39:56.075712 1991796 ImuError.cpp:165] gyr saturation
W20250111 19:39:56.075721 1991796 ImuError.cpp:165] gyr saturation
W20250111 19:39:56.075732 1991796 ImuError.cpp:165] gyr saturation
W20250111 19:39:56.075740 1991796 ImuError.cpp:165] gyr saturation
W20250111 19:39:56.075749 1991796 ImuError.cpp:165] gyr saturation
W20250111 19:39:56.075759 1991796 ImuError.cpp:165] gyr saturation
W20250111 19:39:56.075767 1991796 ImuError.cpp:165] gyr saturation
W20250111 19:39:56.075776 1991796 ImuError.cpp:165] gyr saturation
W20250111 19:39:56.075786 1991796 ImuError.cpp:165] gyr saturation
W20250111 19:39:56.075794 1991796 ImuError.cpp:165] gyr saturation
W20250111 19:39:56.075802 1991796 ImuError.cpp:165] gyr saturation
W20250111 19:39:56.075811 1991796 ImuError.cpp:165] gyr saturation
W20250111 19:39:56.075820 1991796 ImuError.cpp:165] gyr saturation
W20250111 19:39:56.075829 1991796 ImuError.cpp:165] gyr saturation
W20250111 19:39:56.075838 1991796 ImuError.cpp:165] gyr saturation
W20250111 19:39:56.075846 1991796 ImuError.cpp:165] gyr saturation
W20250111 19:39:56.075855 1991796 ImuError.cpp:165] gyr saturation
W20250111 19:39:56.075862 1991796 ImuError.cpp:165] gyr saturation
W20250111 19:39:56.075870 1991796 ImuError.cpp:165] gyr saturation
W20250111 19:39:56.075881 1991796 ImuError.cpp:165] gyr saturation
W20250111 19:39:56.075888 1991796 ImuError.cpp:165] gyr saturation
W20250111 19:39:56.075896 1991796 ImuError.cpp:165] gyr saturation
W20250111 19:39:56.075904 1991796 ImuError.cpp:165] gyr saturation
W20250111 19:39:56.075912 1991796 ImuError.cpp:165] gyr saturation
W20250111 19:39:56.075922 1991796 ImuError.cpp:165] gyr saturation
W20250111 19:39:56.075929 1991796 ImuError.cpp:165] gyr saturation
W20250111 19:39:56.075939 1991796 ImuError.cpp:165] gyr saturation
W20250111 19:39:56.075947 1991796 ImuError.cpp:165] gyr saturation
W20250111 19:39:56.075955 1991796 ImuError.cpp:165] gyr saturation
W20250111 19:39:56.075963 1991796 ImuError.cpp:165] gyr saturation
W20250111 19:39:56.075973 1991796 ImuError.cpp:165] gyr saturation
W20250111 19:39:56.076124 1991796 ImuError.cpp:165] gyr saturation
W20250111 19:39:56.076134 1991796 ImuError.cpp:165] gyr saturation
W20250111 19:39:56.076143 1991796 ImuError.cpp:165] gyr saturation
W20250111 19:39:56.076151 1991796 ImuError.cpp:165] gyr saturation
W20250111 19:39:56.076159 1991796 ImuError.cpp:165] gyr saturation
W20250111 19:39:56.076165 1991796 ImuError.cpp:165] gyr saturation
W20250111 19:39:56.076174 1991796 ImuError.cpp:165] gyr saturation
W20250111 19:39:56.076182 1991796 ImuError.cpp:165] gyr saturation
W20250111 19:39:56.076189 1991796 ImuError.cpp:165] gyr saturation
W20250111 19:39:56.076196 1991796 ImuError.cpp:165] gyr saturation
W20250111 19:39:56.076205 1991796 ImuError.cpp:165] gyr saturation
W20250111 19:39:56.076211 1991796 ImuError.cpp:165] gyr saturation
W20250111 19:39:56.076220 1991796 ImuError.cpp:165] gyr saturation
W20250111 19:39:56.076227 1991796 ImuError.cpp:165] gyr saturation
W20250111 19:39:56.076234 1991796 ImuError.cpp:165] gyr saturation
W20250111 19:39:56.076244 1991796 ImuError.cpp:165] gyr saturation
W20250111 19:39:56.076251 1991796 ImuError.cpp:165] gyr saturation
W20250111 19:39:56.076259 1991796 ImuError.cpp:165] gyr saturation
W20250111 19:39:56.076268 1991796 ImuError.cpp:165] gyr saturation
W20250111 19:39:56.076275 1991796 ImuError.cpp:165] gyr saturation
W20250111 19:39:56.076284 1991796 ImuError.cpp:165] gyr saturation
W20250111 19:39:56.076292 1991796 ImuError.cpp:165] gyr saturation
W20250111 19:39:56.076299 1991796 ImuError.cpp:165] gyr saturation
W20250111 19:39:56.076308 1991796 ImuError.cpp:165] gyr saturation
W20250111 19:39:56.076314 1991796 ImuError.cpp:165] gyr saturation
W20250111 19:39:56.076323 1991796 ImuError.cpp:165] gyr saturation
W20250111 19:39:56.076330 1991796 ImuError.cpp:165] gyr saturation
W20250111 19:39:56.076337 1991796 ImuError.cpp:165] gyr saturation
W20250111 19:39:56.076347 1991796 ImuError.cpp:165] gyr saturation
W20250111 19:39:56.076355 1991796 ImuError.cpp:165] gyr saturation
W20250111 19:39:56.076365 1991796 ImuError.cpp:165] gyr saturation
W20250111 19:39:56.076373 1991796 ImuError.cpp:165] gyr saturation
W20250111 19:39:56.076380 1991796 ImuError.cpp:165] gyr saturation
W20250111 19:39:56.076390 1991796 ImuError.cpp:165] gyr saturation
W20250111 19:39:56.076397 1991796 ImuError.cpp:165] gyr saturation
W20250111 19:39:56.077042 1694375 ImuError.cpp:650] gyr saturation
W20250111 19:39:56.077096 1694375 ImuError.cpp:650] gyr saturation
W20250111 19:39:56.077105 1694375 ImuError.cpp:650] gyr saturation
W20250111 19:39:56.077111 1694375 ImuError.cpp:650] gyr saturation
W20250111 19:39:56.077116 1694375 ImuError.cpp:650] gyr saturation
W20250111 19:39:56.077121 1694375 ImuError.cpp:650] gyr saturation
W20250111 19:39:56.077127 1694375 ImuError.cpp:650] gyr saturation
W20250111 19:39:56.077132 1694375 ImuError.cpp:650] gyr saturation
W20250111 19:39:56.077137 1694375 ImuError.cpp:650] gyr saturation
W20250111 19:39:56.077143 1694375 ImuError.cpp:650] gyr saturation
W20250111 19:39:56.077148 1694375 ImuError.cpp:650] gyr saturation
W20250111 19:39:56.077153 1694375 ImuError.cpp:650] gyr saturation
W20250111 19:39:56.077158 1694375 ImuError.cpp:650] gyr saturation
W20250111 19:39:56.077162 1694375 ImuError.cpp:650] gyr saturation
W20250111 19:39:56.077168 1694375 ImuError.cpp:650] gyr saturation
W20250111 19:39:56.077188 1694375 ImuError.cpp:650] gyr saturation
W20250111 19:39:56.077194 1694375 ImuError.cpp:650] gyr saturation
W20250111 19:39:56.077199 1694375 ImuError.cpp:650] gyr saturation
W20250111 19:39:56.077204 1694375 ImuError.cpp:650] gyr saturation
W20250111 19:39:56.077209 1694375 ImuError.cpp:650] gyr saturation
W20250111 19:39:56.077215 1694375 ImuError.cpp:650] gyr saturation
W20250111 19:39:56.077433 1694375 ImuError.cpp:650] gyr saturation
W20250111 19:39:56.077443 1694375 ImuError.cpp:650] gyr saturation
W20250111 19:39:56.077448 1694375 ImuError.cpp:650] gyr saturation
W20250111 19:39:56.077453 1694375 ImuError.cpp:650] gyr saturation
W20250111 19:39:56.077458 1694375 ImuError.cpp:650] gyr saturation
W20250111 19:39:56.077463 1694375 ImuError.cpp:650] gyr saturation
W20250111 19:39:56.077469 1694375 ImuError.cpp:650] gyr saturation
W20250111 19:39:56.077474 1694375 ImuError.cpp:650] gyr saturation
W20250111 19:39:56.077479 1694375 ImuError.cpp:650] gyr saturation
W20250111 19:39:56.077484 1694375 ImuError.cpp:650] gyr saturation
W20250111 19:39:56.077489 1694375 ImuError.cpp:650] gyr saturation
W20250111 19:39:56.077494 1694375 ImuError.cpp:650] gyr saturation
W20250111 19:39:56.077499 1694375 ImuError.cpp:650] gyr saturation
W20250111 19:39:56.077504 1694375 ImuError.cpp:650] gyr saturation
W20250111 19:39:56.077509 1694375 ImuError.cpp:650] gyr saturation
W20250111 19:39:56.077514 1694375 ImuError.cpp:650] gyr saturation
W20250111 19:39:56.077519 1694375 ImuError.cpp:650] gyr saturation
W20250111 19:39:56.077524 1694375 ImuError.cpp:650] gyr saturation
W20250111 19:39:56.077530 1694375 ImuError.cpp:650] gyr saturation
W20250111 19:39:56.077535 1694375 ImuError.cpp:650] gyr saturation
W20250111 19:39:56.077540 1694375 ImuError.cpp:650] gyr saturation
W20250111 19:39:56.083009 1694375 ImuError.cpp:368] gyr saturation
W20250111 19:39:56.083093 1694375 ImuError.cpp:368] gyr saturation
W20250111 19:39:56.083107 1694375 ImuError.cpp:368] gyr saturation
W20250111 19:39:56.083119 1694375 ImuError.cpp:368] gyr saturation
W20250111 19:39:56.083132 1694375 ImuError.cpp:368] gyr saturation
W20250111 19:39:56.083143 1694375 ImuError.cpp:368] gyr saturation
W20250111 19:39:56.083153 1694375 ImuError.cpp:368] gyr saturation
W20250111 19:39:56.083164 1694375 ImuError.cpp:368] gyr saturation
W20250111 19:39:56.083175 1694375 ImuError.cpp:368] gyr saturation
W20250111 19:39:56.083185 1694375 ImuError.cpp:368] gyr saturation
W20250111 19:39:56.083196 1694375 ImuError.cpp:368] gyr saturation
W20250111 19:39:56.083206 1694375 ImuError.cpp:368] gyr saturation
W20250111 19:39:56.083235 1694375 ImuError.cpp:368] gyr saturation
W20250111 19:39:56.083247 1694375 ImuError.cpp:368] gyr saturation
W20250111 19:39:56.083258 1694375 ImuError.cpp:368] gyr saturation
W20250111 19:39:56.083269 1694375 ImuError.cpp:368] gyr saturation
W20250111 19:39:56.083281 1694375 ImuError.cpp:368] gyr saturation
W20250111 19:39:56.083290 1694375 ImuError.cpp:368] gyr saturation
W20250111 19:39:56.083302 1694375 ImuError.cpp:368] gyr saturation
W20250111 19:39:56.083312 1694375 ImuError.cpp:368] gyr saturation
W20250111 19:39:56.083323 1694375 ImuError.cpp:368] gyr saturation
W20250111 19:39:56.091681 1694375 ImuError.cpp:650] gyr saturation
W20250111 19:39:56.091742 1694375 ImuError.cpp:650] gyr saturation
W20250111 19:39:56.091749 1694375 ImuError.cpp:650] gyr saturation
W20250111 19:39:56.091755 1694375 ImuError.cpp:650] gyr saturation
W20250111 19:39:56.091760 1694375 ImuError.cpp:650] gyr saturation
W20250111 19:39:56.091765 1694375 ImuError.cpp:650] gyr saturation
W20250111 19:39:56.091771 1694375 ImuError.cpp:650] gyr saturation
W20250111 19:39:56.091776 1694375 ImuError.cpp:650] gyr saturation
W20250111 19:39:56.091782 1694375 ImuError.cpp:650] gyr saturation
W20250111 19:39:56.091786 1694375 ImuError.cpp:650] gyr saturation
W20250111 19:39:56.091792 1694375 ImuError.cpp:650] gyr saturation
W20250111 19:39:56.091799 1694375 ImuError.cpp:650] gyr saturation
W20250111 19:39:56.091804 1694375 ImuError.cpp:650] gyr saturation
W20250111 19:39:56.091820 1694375 ImuError.cpp:650] gyr saturation
W20250111 19:39:56.091826 1694375 ImuError.cpp:650] gyr saturation
W20250111 19:39:56.091832 1694375 ImuError.cpp:650] gyr saturation
W20250111 19:39:56.091838 1694375 ImuError.cpp:650] gyr saturation
W20250111 19:39:56.091843 1694375 ImuError.cpp:650] gyr saturation
W20250111 19:39:56.091848 1694375 ImuError.cpp:650] gyr saturation
W20250111 19:39:56.091854 1694375 ImuError.cpp:650] gyr saturation
W20250111 19:39:56.091859 1694375 ImuError.cpp:650] gyr saturation
W20250111 19:39:56.105867 1991862 ImuError.cpp:165] gyr saturation
W20250111 19:39:56.105943 1991862 ImuError.cpp:165] gyr saturation
W20250111 19:39:56.105957 1991862 ImuError.cpp:165] gyr saturation
W20250111 19:39:56.105968 1991862 ImuError.cpp:165] gyr saturation
W20250111 19:39:56.105980 1991862 ImuError.cpp:165] gyr saturation
W20250111 19:39:56.105991 1991862 ImuError.cpp:165] gyr saturation
W20250111 19:39:56.106002 1991862 ImuError.cpp:165] gyr saturation
W20250111 19:39:56.106014 1991862 ImuError.cpp:165] gyr saturation
W20250111 19:39:56.106024 1991862 ImuError.cpp:165] gyr saturation
W20250111 19:39:56.106035 1991862 ImuError.cpp:165] gyr saturation
W20250111 19:39:56.106046 1991862 ImuError.cpp:165] gyr saturation
W20250111 19:39:56.106057 1991862 ImuError.cpp:165] gyr saturation
W20250111 19:39:56.106068 1991862 ImuError.cpp:165] gyr saturation
W20250111 19:39:56.106081 1991862 ImuError.cpp:165] gyr saturation
W20250111 19:39:56.106091 1991862 ImuError.cpp:165] gyr saturation
W20250111 19:39:56.106103 1991862 ImuError.cpp:165] gyr saturation
W20250111 19:39:56.106114 1991862 ImuError.cpp:165] gyr saturation
W20250111 19:39:56.106125 1991862 ImuError.cpp:165] gyr saturation
W20250111 19:39:56.106137 1991862 ImuError.cpp:165] gyr saturation
W20250111 19:39:56.106148 1991862 ImuError.cpp:165] gyr saturation
W20250111 19:39:56.106158 1991862 ImuError.cpp:165] gyr saturation
W20250111 19:39:56.106168 1991862 ImuError.cpp:165] gyr saturation
W20250111 19:39:56.106179 1991862 ImuError.cpp:165] gyr saturation
W20250111 19:39:56.106190 1991862 ImuError.cpp:165] gyr saturation
W20250111 19:39:56.106201 1991862 ImuError.cpp:165] gyr saturation
W20250111 19:39:56.106212 1991862 ImuError.cpp:165] gyr saturation
W20250111 19:39:56.106223 1991862 ImuError.cpp:165] gyr saturation
W20250111 19:39:56.106235 1991862 ImuError.cpp:165] gyr saturation
W20250111 19:39:56.106245 1991862 ImuError.cpp:165] gyr saturation
W20250111 19:39:56.106257 1991862 ImuError.cpp:165] gyr saturation
W20250111 19:39:56.106268 1991862 ImuError.cpp:165] gyr saturation
W20250111 19:39:56.106293 1991862 ImuError.cpp:165] gyr saturation
W20250111 19:39:56.106305 1991862 ImuError.cpp:165] gyr saturation
W20250111 19:39:56.106316 1991862 ImuError.cpp:165] gyr saturation
W20250111 19:39:56.106607 1991862 ImuError.cpp:165] gyr saturation
W20250111 19:39:56.106623 1991862 ImuError.cpp:165] gyr saturation
W20250111 19:39:56.106638 1991862 ImuError.cpp:165] gyr saturation
W20250111 19:39:56.106652 1991862 ImuError.cpp:165] gyr saturation
W20250111 19:39:56.106662 1991862 ImuError.cpp:165] gyr saturation
W20250111 19:39:56.106673 1991862 ImuError.cpp:165] gyr saturation
W20250111 19:39:56.106684 1991862 ImuError.cpp:165] gyr saturation
W20250111 19:39:56.106695 1991862 ImuError.cpp:165] gyr saturation
W20250111 19:39:56.106706 1991862 ImuError.cpp:165] gyr saturation
W20250111 19:39:56.106717 1991862 ImuError.cpp:165] gyr saturation
W20250111 19:39:56.106729 1991862 ImuError.cpp:165] gyr saturation
W20250111 19:39:56.106740 1991862 ImuError.cpp:165] gyr saturation
W20250111 19:39:56.106751 1991862 ImuError.cpp:165] gyr saturation
W20250111 19:39:56.106762 1991862 ImuError.cpp:165] gyr saturation
W20250111 19:39:56.106773 1991862 ImuError.cpp:165] gyr saturation
W20250111 19:39:56.106784 1991862 ImuError.cpp:165] gyr saturation
W20250111 19:39:56.106796 1991862 ImuError.cpp:165] gyr saturation
W20250111 19:39:56.106806 1991862 ImuError.cpp:165] gyr saturation
W20250111 19:39:56.106817 1991862 ImuError.cpp:165] gyr saturation
W20250111 19:39:56.106829 1991862 ImuError.cpp:165] gyr saturation
W20250111 19:39:56.106840 1991862 ImuError.cpp:165] gyr saturation
W20250111 19:39:56.106851 1991862 ImuError.cpp:165] gyr saturation
W20250111 19:39:56.106863 1991862 ImuError.cpp:165] gyr saturation
W20250111 19:39:56.106873 1991862 ImuError.cpp:165] gyr saturation
W20250111 19:39:56.106884 1991862 ImuError.cpp:165] gyr saturation
W20250111 19:39:56.106895 1991862 ImuError.cpp:165] gyr saturation
W20250111 19:39:56.106906 1991862 ImuError.cpp:165] gyr saturation
W20250111 19:39:56.106917 1991862 ImuError.cpp:165] gyr saturation
W20250111 19:39:56.106928 1991862 ImuError.cpp:165] gyr saturation
W20250111 19:39:56.106940 1991862 ImuError.cpp:165] gyr saturation
W20250111 19:39:56.106950 1991862 ImuError.cpp:165] gyr saturation
W20250111 19:39:56.106961 1991862 ImuError.cpp:165] gyr saturation
W20250111 19:39:56.106971 1991862 ImuError.cpp:165] gyr saturation
W20250111 19:39:56.106982 1991862 ImuError.cpp:165] gyr saturation
W20250111 19:39:56.131999 1991928 ImuError.cpp:165] gyr saturation
W20250111 19:39:56.132098 1991928 ImuError.cpp:165] gyr saturation
W20250111 19:39:56.132107 1991928 ImuError.cpp:165] gyr saturation
W20250111 19:39:56.132115 1991928 ImuError.cpp:165] gyr saturation
W20250111 19:39:56.132123 1991928 ImuError.cpp:165] gyr saturation
W20250111 19:39:56.132131 1991928 ImuError.cpp:165] gyr saturation
W20250111 19:39:56.132143 1991928 ImuError.cpp:165] gyr saturation
W20250111 19:39:56.132151 1991928 ImuError.cpp:165] gyr saturation
W20250111 19:39:56.132160 1991928 ImuError.cpp:165] gyr saturation
W20250111 19:39:56.132169 1991928 ImuError.cpp:165] gyr saturation
W20250111 19:39:56.132179 1991928 ImuError.cpp:165] gyr saturation
W20250111 19:39:56.132186 1991928 ImuError.cpp:165] gyr saturation
W20250111 19:39:56.132195 1991928 ImuError.cpp:165] gyr saturation
W20250111 19:39:56.132205 1991928 ImuError.cpp:165] gyr saturation
W20250111 19:39:56.132213 1991928 ImuError.cpp:165] gyr saturation
W20250111 19:39:56.132222 1991928 ImuError.cpp:165] gyr saturation
W20250111 19:39:56.132231 1991928 ImuError.cpp:165] gyr saturation
W20250111 19:39:56.132241 1991928 ImuError.cpp:165] gyr saturation
W20250111 19:39:56.132249 1991928 ImuError.cpp:165] gyr saturation
W20250111 19:39:56.132259 1991928 ImuError.cpp:165] gyr saturation
W20250111 19:39:56.132267 1991928 ImuError.cpp:165] gyr saturation
W20250111 19:39:56.132277 1991928 ImuError.cpp:165] gyr saturation
W20250111 19:39:56.132285 1991928 ImuError.cpp:165] gyr saturation
W20250111 19:39:56.132294 1991928 ImuError.cpp:165] gyr saturation
W20250111 19:39:56.132313 1991928 ImuError.cpp:165] gyr saturation
W20250111 19:39:56.132321 1991928 ImuError.cpp:165] gyr saturation
W20250111 19:39:56.132331 1991928 ImuError.cpp:165] gyr saturation
W20250111 19:39:56.132339 1991928 ImuError.cpp:165] gyr saturation
W20250111 19:39:56.132349 1991928 ImuError.cpp:165] gyr saturation
W20250111 19:39:56.132359 1991928 ImuError.cpp:165] gyr saturation
W20250111 19:39:56.132367 1991928 ImuError.cpp:165] gyr saturation
W20250111 19:39:56.132376 1991928 ImuError.cpp:165] gyr saturation
W20250111 19:39:56.132385 1991928 ImuError.cpp:165] gyr saturation
W20250111 19:39:56.132395 1991928 ImuError.cpp:165] gyr saturation
W20250111 19:39:56.132403 1991928 ImuError.cpp:165] gyr saturation
W20250111 19:39:56.132578 1991928 ImuError.cpp:165] gyr saturation
W20250111 19:39:56.132588 1991928 ImuError.cpp:165] gyr saturation
W20250111 19:39:56.132596 1991928 ImuError.cpp:165] gyr saturation
W20250111 19:39:56.132604 1991928 ImuError.cpp:165] gyr saturation
W20250111 19:39:56.132611 1991928 ImuError.cpp:165] gyr saturation
W20250111 19:39:56.132619 1991928 ImuError.cpp:165] gyr saturation
W20250111 19:39:56.132627 1991928 ImuError.cpp:165] gyr saturation
W20250111 19:39:56.132639 1991928 ImuError.cpp:165] gyr saturation
W20250111 19:39:56.132647 1991928 ImuError.cpp:165] gyr saturation
W20250111 19:39:56.132655 1991928 ImuError.cpp:165] gyr saturation
W20250111 19:39:56.132663 1991928 ImuError.cpp:165] gyr saturation
W20250111 19:39:56.132671 1991928 ImuError.cpp:165] gyr saturation
W20250111 19:39:56.132679 1991928 ImuError.cpp:165] gyr saturation
W20250111 19:39:56.132687 1991928 ImuError.cpp:165] gyr saturation
W20250111 19:39:56.132694 1991928 ImuError.cpp:165] gyr saturation
W20250111 19:39:56.132702 1991928 ImuError.cpp:165] gyr saturation
W20250111 19:39:56.132710 1991928 ImuError.cpp:165] gyr saturation
W20250111 19:39:56.132717 1991928 ImuError.cpp:165] gyr saturation
W20250111 19:39:56.132725 1991928 ImuError.cpp:165] gyr saturation
W20250111 19:39:56.132733 1991928 ImuError.cpp:165] gyr saturation
W20250111 19:39:56.132740 1991928 ImuError.cpp:165] gyr saturation
W20250111 19:39:56.132748 1991928 ImuError.cpp:165] gyr saturation
W20250111 19:39:56.132756 1991928 ImuError.cpp:165] gyr saturation
W20250111 19:39:56.132763 1991928 ImuError.cpp:165] gyr saturation
W20250111 19:39:56.132771 1991928 ImuError.cpp:165] gyr saturation
W20250111 19:39:56.132779 1991928 ImuError.cpp:165] gyr saturation
W20250111 19:39:56.132786 1991928 ImuError.cpp:165] gyr saturation
W20250111 19:39:56.132794 1991928 ImuError.cpp:165] gyr saturation
W20250111 19:39:56.132802 1991928 ImuError.cpp:165] gyr saturation
W20250111 19:39:56.132809 1991928 ImuError.cpp:165] gyr saturation
W20250111 19:39:56.132817 1991928 ImuError.cpp:165] gyr saturation
W20250111 19:39:56.132825 1991928 ImuError.cpp:165] gyr saturation
W20250111 19:39:56.132833 1991928 ImuError.cpp:165] gyr saturation
W20250111 19:39:56.132840 1991928 ImuError.cpp:165] gyr saturation
W20250111 19:39:56.132848 1991928 ImuError.cpp:165] gyr saturation
I20250111 19:39:56.273681 1694375 okvis_app_synchronous.cpp:210] OKVIS Timing
-----------
1 DetectAndDescribe                	   4754	00:00:09.070097	(00:00:00.001908 +- 00:00:00.000380)	[00:00:00.000922,00:00:00.004225]
2 Match                            	   4754	00:00:37.118919	(00:00:00.007808 +- 00:00:00.003682)	[00:00:00.000194,00:00:00.022069]
2.01 match to map                  	   4753	00:00:28.106883	(00:00:00.005914 +- 00:00:00.003296)	[00:00:00.000047,00:00:00.018555]
2.02 match motion stereo           	   4753	00:00:06.368342	(00:00:00.001340 +- 00:00:00.000445)	[00:00:00.000047,00:00:00.005286]
2.02.1 match motion stereo: prepare	   4753	00:00:01.447107	(00:00:00.000304 +- 00:00:00.000119)	[00:00:00.000001,00:00:00.001300]
2.10 match stereo                  	   1344	00:00:00.049696	(00:00:00.000037 +- 00:00:00.000042)	[00:00:00.000001,00:00:00.000370]
3 Optimise                         	   4753	00:01:13.581443	(00:00:00.015481 +- 00:00:00.005898)	[00:00:00.001096,00:00:00.034739]
4 Prepare publishing               	   4753	00:00:04.058877	(00:00:00.000854 +- 00:00:00.000342)	[00:00:00.000031,00:00:00.003110]
6 Visualising                      	   4753	00:00:00.001151	(00:00:00.000000 +- 00:00:00.000000)	[00:00:00.000000,00:00:00.000009]
7 Marginalise                      	   4753	00:00:08.677187	(00:00:00.001826 +- 00:00:00.000792)	[00:00:00.000003,00:00:00.007928]
7.1 check/handle lost              	   4753	00:00:00.142632	(00:00:00.000030 +- 00:00:00.000019)	[00:00:00.000000,00:00:00.000278]
7.2 eliminate IMU frames           	   4753	00:00:03.660323	(00:00:00.000770 +- 00:00:00.000565)	[00:00:00.000000,00:00:00.002428]
7.3 convert to posegraph           	   1637	00:00:01.450509	(00:00:00.000886 +- 00:00:00.000524)	[00:00:00.000104,00:00:00.005075]
7.4 freezing                       	   4752	00:00:00.005625	(00:00:00.000001 +- 00:00:00.000002)	[00:00:00.000000,00:00:00.000020]
7.6 expand                         	   4688	00:00:01.105971	(00:00:00.000236 +- 00:00:00.000138)	[00:00:00.000022,00:00:00.002140]
7.7 prune place recognition frames 	   4752	00:00:01.109868	(00:00:00.000234 +- 00:00:00.000119)	[00:00:00.000002,00:00:00.000844]
I20250111 19:39:56.273850 1694375 okvis_app_synchronous.cpp:219] Progress: 88% (1 [1%/s], ETA: 12s)
I20250111 19:39:56.329895 1694375 Frontend.cpp:2274] RANSAC FAIL: 9 inliers, ratio = 0.9
W20250111 19:39:56.361032 1694375 Frontend.cpp:612] 3d2d tracking weak: quality=0. Number of 3d2d-matches: 4
W20250111 19:39:56.373837 1992580 ViSlamBackend.cpp:466] TRACKING FAILURE: quality=0
W20250111 19:39:56.384852 1694375 Frontend.cpp:612] 3d2d tracking weak: quality=0. Number of 3d2d-matches: 3
W20250111 19:39:56.395311 1992630 ViSlamBackend.cpp:466] TRACKING FAILURE: quality=0
W20250111 19:39:56.396916 1694375 Frontend.cpp:615] 3d2d tracking lost. Number of 3d2d-matches: 2
W20250111 19:39:56.417658 1694375 Frontend.cpp:612] 3d2d tracking weak: quality=0. Number of 3d2d-matches: 5
W20250111 19:39:56.432300 1992682 ViSlamBackend.cpp:466] TRACKING FAILURE: quality=0
W20250111 19:39:56.653342 1694375 Frontend.cpp:612] 3d2d tracking weak: quality=0. Number of 3d2d-matches: 7
W20250111 19:39:56.671445 1694375 Frontend.cpp:612] 3d2d tracking weak: quality=0. Number of 3d2d-matches: 9
I20250111 19:39:56.683739 1694375 Frontend.cpp:2274] RANSAC FAIL: 13 inliers, ratio = 0.619048
I20250111 19:39:57.118877 1694375 Frontend.cpp:2274] RANSAC FAIL: 35 inliers, ratio = 0.7
W20250111 19:39:57.238636 1694375 Frontend.cpp:615] 3d2d tracking lost. Number of 3d2d-matches: 2
W20250111 19:39:57.254343 1994987 ViSlamBackend.cpp:466] TRACKING FAILURE: quality=0
W20250111 19:39:57.255911 1694375 Frontend.cpp:615] 3d2d tracking lost. Number of 3d2d-matches: 0
W20250111 19:39:57.270717 1995037 ViSlamBackend.cpp:466] TRACKING FAILURE: quality=0
W20250111 19:39:57.272365 1694375 Frontend.cpp:615] 3d2d tracking lost. Number of 3d2d-matches: 0
W20250111 19:39:57.282946 1995055 ViSlamBackend.cpp:466] TRACKING FAILURE: quality=0
W20250111 19:39:57.284188 1694375 Frontend.cpp:615] 3d2d tracking lost. Number of 3d2d-matches: 1
W20250111 19:39:57.296904 1995065 ViSlamBackend.cpp:466] TRACKING FAILURE: quality=0
W20250111 19:39:57.298722 1694375 Frontend.cpp:612] 3d2d tracking weak: quality=0. Number of 3d2d-matches: 5
W20250111 19:39:57.310534 1995115 ViSlamBackend.cpp:466] TRACKING FAILURE: quality=0
W20250111 19:39:57.322372 1694375 Frontend.cpp:612] 3d2d tracking weak: quality=0. Number of 3d2d-matches: 5
W20250111 19:39:57.339462 1995165 ViSlamBackend.cpp:466] TRACKING FAILURE: quality=0
W20250111 19:39:57.350042 1694375 Frontend.cpp:612] 3d2d tracking weak: quality=0. Number of 3d2d-matches: 4
W20250111 19:39:57.362968 1995223 ViSlamBackend.cpp:466] TRACKING FAILURE: quality=0
W20250111 19:39:57.374361 1694375 Frontend.cpp:612] 3d2d tracking weak: quality=0. Number of 3d2d-matches: 7
I20250111 19:39:57.488404 1694375 okvis_app_synchronous.cpp:210] OKVIS Timing
-----------
1 DetectAndDescribe                	   4808	00:00:09.159967	(00:00:00.001905 +- 00:00:00.000379)	[00:00:00.000922,00:00:00.004225]
2 Match                            	   4808	00:00:37.737327	(00:00:00.007849 +- 00:00:00.003702)	[00:00:00.000194,00:00:00.022069]
2.01 match to map                  	   4807	00:00:28.644864	(00:00:00.005959 +- 00:00:00.003325)	[00:00:00.000047,00:00:00.018555]
2.02 match motion stereo           	   4807	00:00:06.428630	(00:00:00.001337 +- 00:00:00.000445)	[00:00:00.000047,00:00:00.005286]
2.02.1 match motion stereo: prepare	   4807	00:00:01.456566	(00:00:00.000303 +- 00:00:00.000120)	[00:00:00.000001,00:00:00.001300]
2.10 match stereo                  	   1364	00:00:00.049916	(00:00:00.000037 +- 00:00:00.000042)	[00:00:00.000001,00:00:00.000370]
3 Optimise                         	   4807	00:01:14.102657	(00:00:00.015416 +- 00:00:00.005904)	[00:00:00.001096,00:00:00.034739]
4 Prepare publishing               	   4807	00:00:04.080079	(00:00:00.000849 +- 00:00:00.000343)	[00:00:00.000031,00:00:00.003110]
6 Visualising                      	   4807	00:00:00.001160	(00:00:00.000000 +- 00:00:00.000000)	[00:00:00.000000,00:00:00.000009]
7 Marginalise                      	   4807	00:00:08.724437	(00:00:00.001815 +- 00:00:00.000794)	[00:00:00.000003,00:00:00.007928]
7.1 check/handle lost              	   4807	00:00:00.143900	(00:00:00.000030 +- 00:00:00.000019)	[00:00:00.000000,00:00:00.000278]
7.2 eliminate IMU frames           	   4807	00:00:03.681141	(00:00:00.000766 +- 00:00:00.000565)	[00:00:00.000000,00:00:00.002428]
7.3 convert to posegraph           	   1664	00:00:01.461147	(00:00:00.000878 +- 00:00:00.000524)	[00:00:00.000104,00:00:00.005075]
7.4 freezing                       	   4806	00:00:00.005693	(00:00:00.000001 +- 00:00:00.000002)	[00:00:00.000000,00:00:00.000020]
7.6 expand                         	   4740	00:00:01.111152	(00:00:00.000234 +- 00:00:00.000138)	[00:00:00.000022,00:00:00.002140]
7.7 prune place recognition frames 	   4806	00:00:01.113863	(00:00:00.000232 +- 00:00:00.000120)	[00:00:00.000002,00:00:00.000844]
I20250111 19:39:57.488557 1694375 okvis_app_synchronous.cpp:219] Progress: 89% (1 [1%/s], ETA: 11s)
I20250111 19:39:59.134794 1694375 okvis_app_synchronous.cpp:210] OKVIS Timing
-----------
1 DetectAndDescribe                	   4862	00:00:09.278021	(00:00:00.001908 +- 00:00:00.000378)	[00:00:00.000922,00:00:00.004225]
2 Match                            	   4862	00:00:38.581425	(00:00:00.007935 +- 00:00:00.003772)	[00:00:00.000194,00:00:00.022069]
2.01 match to map                  	   4861	00:00:29.383673	(00:00:00.006045 +- 00:00:00.003405)	[00:00:00.000047,00:00:00.018555]
2.02 match motion stereo           	   4861	00:00:06.503218	(00:00:00.001338 +- 00:00:00.000443)	[00:00:00.000047,00:00:00.005286]
2.02.1 match motion stereo: prepare	   4861	00:00:01.473057	(00:00:00.000303 +- 00:00:00.000119)	[00:00:00.000001,00:00:00.001300]
2.10 match stereo                  	   1368	00:00:00.050030	(00:00:00.000037 +- 00:00:00.000042)	[00:00:00.000001,00:00:00.000370]
3 Optimise                         	   4861	00:01:14.766576	(00:00:00.015381 +- 00:00:00.005887)	[00:00:00.001096,00:00:00.034739]
4 Prepare publishing               	   4861	00:00:04.120283	(00:00:00.000848 +- 00:00:00.000342)	[00:00:00.000031,00:00:00.003110]
6 Visualising                      	   4861	00:00:00.001168	(00:00:00.000000 +- 00:00:00.000000)	[00:00:00.000000,00:00:00.000009]
7 Marginalise                      	   4861	00:00:08.815396	(00:00:00.001813 +- 00:00:00.000791)	[00:00:00.000003,00:00:00.007928]
7.1 check/handle lost              	   4861	00:00:00.145313	(00:00:00.000030 +- 00:00:00.000019)	[00:00:00.000000,00:00:00.000278]
7.2 eliminate IMU frames           	   4861	00:00:03.727045	(00:00:00.000767 +- 00:00:00.000563)	[00:00:00.000000,00:00:00.002428]
7.3 convert to posegraph           	   1678	00:00:01.470967	(00:00:00.000877 +- 00:00:00.000522)	[00:00:00.000104,00:00:00.005075]
7.4 freezing                       	   4860	00:00:00.005737	(00:00:00.000001 +- 00:00:00.000002)	[00:00:00.000000,00:00:00.000020]
7.6 expand                         	   4794	00:00:01.122657	(00:00:00.000234 +- 00:00:00.000138)	[00:00:00.000022,00:00:00.002140]
7.7 prune place recognition frames 	   4860	00:00:01.124698	(00:00:00.000231 +- 00:00:00.000119)	[00:00:00.000002,00:00:00.000844]
I20250111 19:39:59.134951 1694375 okvis_app_synchronous.cpp:219] Progress: 90% (1 [1%/s], ETA: 10s)
I20250111 19:40:00.965870 1694375 okvis_app_synchronous.cpp:210] OKVIS Timing
-----------
1 DetectAndDescribe                	   4916	00:00:09.406504	(00:00:00.001913 +- 00:00:00.000380)	[00:00:00.000922,00:00:00.004225]
2 Match                            	   4916	00:00:39.522145	(00:00:00.008039 +- 00:00:00.003880)	[00:00:00.000194,00:00:00.022069]
2.01 match to map                  	   4915	00:00:30.207639	(00:00:00.006146 +- 00:00:00.003521)	[00:00:00.000047,00:00:00.018555]
2.02 match motion stereo           	   4915	00:00:06.582178	(00:00:00.001339 +- 00:00:00.000441)	[00:00:00.000047,00:00:00.005286]
2.02.1 match motion stereo: prepare	   4915	00:00:01.494703	(00:00:00.000304 +- 00:00:00.000119)	[00:00:00.000001,00:00:00.001300]
2.10 match stereo                  	   1373	00:00:00.050540	(00:00:00.000037 +- 00:00:00.000042)	[00:00:00.000001,00:00:00.000370]
3 Optimise                         	   4915	00:01:15.482138	(00:00:00.015358 +- 00:00:00.005868)	[00:00:00.001096,00:00:00.034739]
4 Prepare publishing               	   4915	00:00:04.174174	(00:00:00.000849 +- 00:00:00.000342)	[00:00:00.000031,00:00:00.003110]
6 Visualising                      	   4915	00:00:00.001178	(00:00:00.000000 +- 00:00:00.000000)	[00:00:00.000000,00:00:00.000009]
7 Marginalise                      	   4915	00:00:08.928794	(00:00:00.001817 +- 00:00:00.000789)	[00:00:00.000003,00:00:00.007928]
7.1 check/handle lost              	   4915	00:00:00.147376	(00:00:00.000030 +- 00:00:00.000019)	[00:00:00.000000,00:00:00.000278]
7.2 eliminate IMU frames           	   4915	00:00:03.789448	(00:00:00.000771 +- 00:00:00.000562)	[00:00:00.000000,00:00:00.002428]
7.3 convert to posegraph           	   1679	00:00:01.472205	(00:00:00.000877 +- 00:00:00.000522)	[00:00:00.000104,00:00:00.005075]
7.4 freezing                       	   4914	00:00:00.005747	(00:00:00.000001 +- 00:00:00.000002)	[00:00:00.000000,00:00:00.000020]
7.6 expand                         	   4848	00:00:01.137047	(00:00:00.000235 +- 00:00:00.000137)	[00:00:00.000022,00:00:00.002140]
7.7 prune place recognition frames 	   4914	00:00:01.142146	(00:00:00.000232 +- 00:00:00.000119)	[00:00:00.000002,00:00:00.000844]
I20250111 19:40:00.966012 1694375 okvis_app_synchronous.cpp:219] Progress: 91% (1 [1%/s], ETA: 9s)
W20250111 19:40:02.099869 1694375 ImuError.cpp:650] gyr saturation
W20250111 19:40:02.099908 1694375 ImuError.cpp:650] gyr saturation
W20250111 19:40:02.099913 1694375 ImuError.cpp:650] gyr saturation
W20250111 19:40:02.099923 1694375 ImuError.cpp:650] gyr saturation
W20250111 19:40:02.122769 1694375 ImuError.cpp:650] gyr saturation
W20250111 19:40:02.122799 1694375 ImuError.cpp:650] gyr saturation
W20250111 19:40:02.122805 1694375 ImuError.cpp:650] gyr saturation
W20250111 19:40:02.122809 1694375 ImuError.cpp:650] gyr saturation
W20250111 19:40:02.123034 1694375 ImuError.cpp:650] gyr saturation
W20250111 19:40:02.123042 1694375 ImuError.cpp:650] gyr saturation
W20250111 19:40:02.123045 1694375 ImuError.cpp:650] gyr saturation
W20250111 19:40:02.123049 1694375 ImuError.cpp:650] gyr saturation
I20250111 19:40:02.124455 1694375 Frontend.cpp:2274] RANSAC FAIL: 24 inliers, ratio = 0.685714
W20250111 19:40:02.126406 1694375 ImuError.cpp:368] gyr saturation
W20250111 19:40:02.126435 1694375 ImuError.cpp:368] gyr saturation
W20250111 19:40:02.126444 1694375 ImuError.cpp:368] gyr saturation
W20250111 19:40:02.126451 1694375 ImuError.cpp:368] gyr saturation
W20250111 19:40:02.130671 1694375 ImuError.cpp:650] gyr saturation
W20250111 19:40:02.130707 1694375 ImuError.cpp:650] gyr saturation
W20250111 19:40:02.130712 1694375 ImuError.cpp:650] gyr saturation
W20250111 19:40:02.130717 1694375 ImuError.cpp:650] gyr saturation
W20250111 19:40:02.130720 1694375 ImuError.cpp:650] gyr saturation
W20250111 19:40:02.130724 1694375 ImuError.cpp:650] gyr saturation
W20250111 19:40:02.130738 1694375 ImuError.cpp:650] gyr saturation
W20250111 19:40:02.130743 1694375 ImuError.cpp:650] gyr saturation
W20250111 19:40:02.130748 1694375 ImuError.cpp:650] gyr saturation
W20250111 19:40:02.130751 1694375 ImuError.cpp:650] gyr saturation
W20250111 19:40:02.130755 1694375 ImuError.cpp:650] gyr saturation
W20250111 19:40:02.130759 1694375 ImuError.cpp:650] gyr saturation
W20250111 19:40:02.130764 1694375 ImuError.cpp:650] gyr saturation
W20250111 19:40:02.130766 1694375 ImuError.cpp:650] gyr saturation
W20250111 19:40:02.130770 1694375 ImuError.cpp:650] gyr saturation
W20250111 19:40:02.130774 1694375 ImuError.cpp:650] gyr saturation
W20250111 19:40:02.130779 1694375 ImuError.cpp:650] gyr saturation
W20250111 19:40:02.130784 1694375 ImuError.cpp:650] gyr saturation
W20250111 19:40:02.130787 1694375 ImuError.cpp:650] gyr saturation
W20250111 19:40:02.130791 1694375 ImuError.cpp:650] gyr saturation
W20250111 19:40:02.130795 1694375 ImuError.cpp:650] gyr saturation
W20250111 19:40:02.130798 1694375 ImuError.cpp:650] gyr saturation
W20250111 19:40:02.130801 1694375 ImuError.cpp:650] gyr saturation
W20250111 19:40:02.130805 1694375 ImuError.cpp:650] gyr saturation
W20250111 19:40:02.130810 1694375 ImuError.cpp:650] gyr saturation
W20250111 19:40:02.130813 1694375 ImuError.cpp:650] gyr saturation
W20250111 19:40:02.130820 1694375 ImuError.cpp:650] gyr saturation
W20250111 19:40:02.130822 1694375 ImuError.cpp:650] gyr saturation
W20250111 19:40:02.130826 1694375 ImuError.cpp:650] gyr saturation
W20250111 19:40:02.155670 1694375 ImuError.cpp:650] gyr saturation
W20250111 19:40:02.155705 1694375 ImuError.cpp:650] gyr saturation
W20250111 19:40:02.155709 1694375 ImuError.cpp:650] gyr saturation
W20250111 19:40:02.155712 1694375 ImuError.cpp:650] gyr saturation
W20250111 19:40:02.155715 1694375 ImuError.cpp:650] gyr saturation
W20250111 19:40:02.155719 1694375 ImuError.cpp:650] gyr saturation
W20250111 19:40:02.155722 1694375 ImuError.cpp:650] gyr saturation
W20250111 19:40:02.155725 1694375 ImuError.cpp:650] gyr saturation
W20250111 19:40:02.155730 1694375 ImuError.cpp:650] gyr saturation
W20250111 19:40:02.155733 1694375 ImuError.cpp:650] gyr saturation
W20250111 19:40:02.155740 1694375 ImuError.cpp:650] gyr saturation
W20250111 19:40:02.155743 1694375 ImuError.cpp:650] gyr saturation
W20250111 19:40:02.155746 1694375 ImuError.cpp:650] gyr saturation
W20250111 19:40:02.155750 1694375 ImuError.cpp:650] gyr saturation
W20250111 19:40:02.155753 1694375 ImuError.cpp:650] gyr saturation
W20250111 19:40:02.155756 1694375 ImuError.cpp:650] gyr saturation
W20250111 19:40:02.155761 1694375 ImuError.cpp:650] gyr saturation
W20250111 19:40:02.155764 1694375 ImuError.cpp:650] gyr saturation
W20250111 19:40:02.155768 1694375 ImuError.cpp:650] gyr saturation
W20250111 19:40:02.155776 1694375 ImuError.cpp:650] gyr saturation
W20250111 19:40:02.155779 1694375 ImuError.cpp:650] gyr saturation
W20250111 19:40:02.155783 1694375 ImuError.cpp:650] gyr saturation
W20250111 19:40:02.155786 1694375 ImuError.cpp:650] gyr saturation
W20250111 19:40:02.155790 1694375 ImuError.cpp:650] gyr saturation
W20250111 19:40:02.155793 1694375 ImuError.cpp:650] gyr saturation
W20250111 19:40:02.155797 1694375 ImuError.cpp:650] gyr saturation
W20250111 19:40:02.156030 1694375 ImuError.cpp:650] gyr saturation
W20250111 19:40:02.156036 1694375 ImuError.cpp:650] gyr saturation
W20250111 19:40:02.156042 1694375 ImuError.cpp:650] gyr saturation
W20250111 19:40:02.156047 1694375 ImuError.cpp:650] gyr saturation
W20250111 19:40:02.156050 1694375 ImuError.cpp:650] gyr saturation
W20250111 19:40:02.156057 1694375 ImuError.cpp:650] gyr saturation
W20250111 19:40:02.156060 1694375 ImuError.cpp:650] gyr saturation
W20250111 19:40:02.156064 1694375 ImuError.cpp:650] gyr saturation
W20250111 19:40:02.156066 1694375 ImuError.cpp:650] gyr saturation
W20250111 19:40:02.156070 1694375 ImuError.cpp:650] gyr saturation
W20250111 19:40:02.156073 1694375 ImuError.cpp:650] gyr saturation
W20250111 19:40:02.156077 1694375 ImuError.cpp:650] gyr saturation
W20250111 19:40:02.156087 1694375 ImuError.cpp:650] gyr saturation
W20250111 19:40:02.156092 1694375 ImuError.cpp:650] gyr saturation
W20250111 19:40:02.156095 1694375 ImuError.cpp:650] gyr saturation
W20250111 19:40:02.156098 1694375 ImuError.cpp:650] gyr saturation
W20250111 19:40:02.156103 1694375 ImuError.cpp:650] gyr saturation
W20250111 19:40:02.156106 1694375 ImuError.cpp:650] gyr saturation
W20250111 19:40:02.156111 1694375 ImuError.cpp:650] gyr saturation
W20250111 19:40:02.156113 1694375 ImuError.cpp:650] gyr saturation
W20250111 19:40:02.156117 1694375 ImuError.cpp:650] gyr saturation
W20250111 19:40:02.156121 1694375 ImuError.cpp:650] gyr saturation
W20250111 19:40:02.156126 1694375 ImuError.cpp:650] gyr saturation
W20250111 19:40:02.156131 1694375 ImuError.cpp:650] gyr saturation
W20250111 19:40:02.156133 1694375 ImuError.cpp:650] gyr saturation
W20250111 19:40:02.156138 1694375 ImuError.cpp:650] gyr saturation
W20250111 19:40:02.159138 1694375 ImuError.cpp:368] gyr saturation
W20250111 19:40:02.159176 1694375 ImuError.cpp:368] gyr saturation
W20250111 19:40:02.159186 1694375 ImuError.cpp:368] gyr saturation
W20250111 19:40:02.159196 1694375 ImuError.cpp:368] gyr saturation
W20250111 19:40:02.159205 1694375 ImuError.cpp:368] gyr saturation
W20250111 19:40:02.159212 1694375 ImuError.cpp:368] gyr saturation
W20250111 19:40:02.159220 1694375 ImuError.cpp:368] gyr saturation
W20250111 19:40:02.159227 1694375 ImuError.cpp:368] gyr saturation
W20250111 19:40:02.159235 1694375 ImuError.cpp:368] gyr saturation
W20250111 19:40:02.159242 1694375 ImuError.cpp:368] gyr saturation
W20250111 19:40:02.159250 1694375 ImuError.cpp:368] gyr saturation
W20250111 19:40:02.159256 1694375 ImuError.cpp:368] gyr saturation
W20250111 19:40:02.159264 1694375 ImuError.cpp:368] gyr saturation
W20250111 19:40:02.159271 1694375 ImuError.cpp:368] gyr saturation
W20250111 19:40:02.159278 1694375 ImuError.cpp:368] gyr saturation
W20250111 19:40:02.159286 1694375 ImuError.cpp:368] gyr saturation
W20250111 19:40:02.159293 1694375 ImuError.cpp:368] gyr saturation
W20250111 19:40:02.159300 1694375 ImuError.cpp:368] gyr saturation
W20250111 19:40:02.159307 1694375 ImuError.cpp:368] gyr saturation
W20250111 19:40:02.159314 1694375 ImuError.cpp:368] gyr saturation
W20250111 19:40:02.159322 1694375 ImuError.cpp:368] gyr saturation
W20250111 19:40:02.159328 1694375 ImuError.cpp:368] gyr saturation
W20250111 19:40:02.159335 1694375 ImuError.cpp:368] gyr saturation
W20250111 19:40:02.159343 1694375 ImuError.cpp:368] gyr saturation
W20250111 19:40:02.159350 1694375 ImuError.cpp:368] gyr saturation
W20250111 19:40:02.159358 1694375 ImuError.cpp:368] gyr saturation
W20250111 19:40:02.163658 1694375 ImuError.cpp:650] gyr saturation
W20250111 19:40:02.163690 1694375 ImuError.cpp:650] gyr saturation
W20250111 19:40:02.163700 1694375 ImuError.cpp:650] gyr saturation
W20250111 19:40:02.163707 1694375 ImuError.cpp:650] gyr saturation
W20250111 19:40:02.163712 1694375 ImuError.cpp:650] gyr saturation
W20250111 19:40:02.163715 1694375 ImuError.cpp:650] gyr saturation
W20250111 19:40:02.163718 1694375 ImuError.cpp:650] gyr saturation
W20250111 19:40:02.163722 1694375 ImuError.cpp:650] gyr saturation
W20250111 19:40:02.163725 1694375 ImuError.cpp:650] gyr saturation
W20250111 19:40:02.163729 1694375 ImuError.cpp:650] gyr saturation
W20250111 19:40:02.163733 1694375 ImuError.cpp:650] gyr saturation
W20250111 19:40:02.163736 1694375 ImuError.cpp:650] gyr saturation
W20250111 19:40:02.163743 1694375 ImuError.cpp:650] gyr saturation
W20250111 19:40:02.163746 1694375 ImuError.cpp:650] gyr saturation
W20250111 19:40:02.163749 1694375 ImuError.cpp:650] gyr saturation
W20250111 19:40:02.163754 1694375 ImuError.cpp:650] gyr saturation
W20250111 19:40:02.163758 1694375 ImuError.cpp:650] gyr saturation
W20250111 19:40:02.163762 1694375 ImuError.cpp:650] gyr saturation
W20250111 19:40:02.163766 1694375 ImuError.cpp:650] gyr saturation
W20250111 19:40:02.163770 1694375 ImuError.cpp:650] gyr saturation
W20250111 19:40:02.163774 1694375 ImuError.cpp:650] gyr saturation
W20250111 19:40:02.163779 1694375 ImuError.cpp:650] gyr saturation
W20250111 19:40:02.163786 1694375 ImuError.cpp:650] gyr saturation
W20250111 19:40:02.163792 1694375 ImuError.cpp:650] gyr saturation
W20250111 19:40:02.163796 1694375 ImuError.cpp:650] gyr saturation
W20250111 19:40:02.163800 1694375 ImuError.cpp:650] gyr saturation
W20250111 19:40:02.204187 2004557 ImuError.cpp:165] gyr saturation
W20250111 19:40:02.204277 2004557 ImuError.cpp:165] gyr saturation
W20250111 19:40:02.204285 2004557 ImuError.cpp:165] gyr saturation
W20250111 19:40:02.204293 2004557 ImuError.cpp:165] gyr saturation
W20250111 19:40:02.204537 2004557 ImuError.cpp:165] gyr saturation
W20250111 19:40:02.204548 2004557 ImuError.cpp:165] gyr saturation
W20250111 19:40:02.204556 2004557 ImuError.cpp:165] gyr saturation
W20250111 19:40:02.204563 2004557 ImuError.cpp:165] gyr saturation
I20250111 19:40:02.616207 1694375 okvis_app_synchronous.cpp:210] OKVIS Timing
-----------
1 DetectAndDescribe                	   4970	00:00:09.517302	(00:00:00.001915 +- 00:00:00.000378)	[00:00:00.000922,00:00:00.004225]
2 Match                            	   4970	00:00:39.962863	(00:00:00.008041 +- 00:00:00.003861)	[00:00:00.000194,00:00:00.022069]
2.01 match to map                  	   4969	00:00:30.551896	(00:00:00.006148 +- 00:00:00.003503)	[00:00:00.000047,00:00:00.018555]
2.02 match motion stereo           	   4969	00:00:06.649512	(00:00:00.001338 +- 00:00:00.000440)	[00:00:00.000047,00:00:00.005286]
2.02.1 match motion stereo: prepare	   4969	00:00:01.511125	(00:00:00.000304 +- 00:00:00.000119)	[00:00:00.000001,00:00:00.001300]
2.10 match stereo                  	   1387	00:00:00.051260	(00:00:00.000037 +- 00:00:00.000042)	[00:00:00.000001,00:00:00.000370]
3 Optimise                         	   4969	00:01:16.484988	(00:00:00.015392 +- 00:00:00.005854)	[00:00:00.001096,00:00:00.034739]
4 Prepare publishing               	   4969	00:00:04.237524	(00:00:00.000853 +- 00:00:00.000342)	[00:00:00.000031,00:00:00.003110]
6 Visualising                      	   4969	00:00:00.001197	(00:00:00.000000 +- 00:00:00.000000)	[00:00:00.000000,00:00:00.000009]
7 Marginalise                      	   4969	00:00:09.062758	(00:00:00.001824 +- 00:00:00.000792)	[00:00:00.000003,00:00:00.007928]
7.1 check/handle lost              	   4969	00:00:00.149536	(00:00:00.000030 +- 00:00:00.000019)	[00:00:00.000000,00:00:00.000278]
7.2 eliminate IMU frames           	   4969	00:00:03.842763	(00:00:00.000773 +- 00:00:00.000564)	[00:00:00.000000,00:00:00.002428]
7.3 convert to posegraph           	   1699	00:00:01.497823	(00:00:00.000882 +- 00:00:00.000524)	[00:00:00.000104,00:00:00.005075]
7.4 freezing                       	   4968	00:00:00.005839	(00:00:00.000001 +- 00:00:00.000002)	[00:00:00.000000,00:00:00.000020]
7.6 expand                         	   4902	00:00:01.154512	(00:00:00.000236 +- 00:00:00.000138)	[00:00:00.000022,00:00:00.002140]
7.7 prune place recognition frames 	   4968	00:00:01.159915	(00:00:00.000233 +- 00:00:00.000119)	[00:00:00.000002,00:00:00.000844]
I20250111 19:40:02.616295 1694375 okvis_app_synchronous.cpp:219] Progress: 92% (1 [1%/s], ETA: 8s)
I20250111 19:40:04.433727 1694375 okvis_app_synchronous.cpp:210] OKVIS Timing
-----------
1 DetectAndDescribe                	   5024	00:00:09.647650	(00:00:00.001920 +- 00:00:00.000380)	[00:00:00.000922,00:00:00.004225]
2 Match                            	   5024	00:00:40.420384	(00:00:00.008045 +- 00:00:00.003842)	[00:00:00.000194,00:00:00.022069]
2.01 match to map                  	   5023	00:00:30.916846	(00:00:00.006155 +- 00:00:00.003486)	[00:00:00.000047,00:00:00.018555]
2.02 match motion stereo           	   5023	00:00:06.713807	(00:00:00.001337 +- 00:00:00.000438)	[00:00:00.000047,00:00:00.005286]
2.02.1 match motion stereo: prepare	   5023	00:00:01.528870	(00:00:00.000304 +- 00:00:00.000118)	[00:00:00.000001,00:00:00.001300]
2.10 match stereo                  	   1393	00:00:00.051629	(00:00:00.000037 +- 00:00:00.000042)	[00:00:00.000001,00:00:00.000370]
3 Optimise                         	   5023	00:01:17.627378	(00:00:00.015454 +- 00:00:00.005858)	[00:00:00.001096,00:00:00.034739]
4 Prepare publishing               	   5023	00:00:04.306352	(00:00:00.000857 +- 00:00:00.000344)	[00:00:00.000031,00:00:00.003110]
6 Visualising                      	   5023	00:00:00.001218	(00:00:00.000000 +- 00:00:00.000000)	[00:00:00.000000,00:00:00.000009]
7 Marginalise                      	   5023	00:00:09.202409	(00:00:00.001832 +- 00:00:00.000793)	[00:00:00.000003,00:00:00.007928]
7.1 check/handle lost              	   5023	00:00:00.151942	(00:00:00.000030 +- 00:00:00.000019)	[00:00:00.000000,00:00:00.000278]
7.2 eliminate IMU frames           	   5023	00:00:03.917127	(00:00:00.000780 +- 00:00:00.000568)	[00:00:00.000000,00:00:00.002428]
7.3 convert to posegraph           	   1705	00:00:01.504643	(00:00:00.000882 +- 00:00:00.000524)	[00:00:00.000104,00:00:00.005075]
7.4 freezing                       	   5022	00:00:00.005871	(00:00:00.000001 +- 00:00:00.000002)	[00:00:00.000000,00:00:00.000020]
7.6 expand                         	   4956	00:00:01.171045	(00:00:00.000236 +- 00:00:00.000138)	[00:00:00.000022,00:00:00.002140]
7.7 prune place recognition frames 	   5022	00:00:01.180389	(00:00:00.000235 +- 00:00:00.000120)	[00:00:00.000002,00:00:00.000844]
I20250111 19:40:04.433858 1694375 okvis_app_synchronous.cpp:219] Progress: 93% (1 [1%/s], ETA: 7s)
I20250111 19:40:05.786896 1694375 Frontend.cpp:2274] RANSAC FAIL: 7 inliers, ratio = 0.7
W20250111 19:40:05.791462 1694375 Frontend.cpp:612] 3d2d tracking weak: quality=0. Number of 3d2d-matches: 10
W20250111 19:40:05.810854 2011473 ViSlamBackend.cpp:466] TRACKING FAILURE: quality=0
W20250111 19:40:05.812953 1694375 Frontend.cpp:615] 3d2d tracking lost. Number of 3d2d-matches: 0
W20250111 19:40:05.830333 2011539 ViSlamBackend.cpp:466] TRACKING FAILURE: quality=0
W20250111 19:40:05.832449 1694375 Frontend.cpp:615] 3d2d tracking lost. Number of 3d2d-matches: 1
W20250111 19:40:05.849637 2011557 ViSlamBackend.cpp:466] TRACKING FAILURE: quality=0
W20250111 19:40:05.851120 1694375 Frontend.cpp:615] 3d2d tracking lost. Number of 3d2d-matches: 0
W20250111 19:40:05.862505 2011567 ViSlamBackend.cpp:466] TRACKING FAILURE: quality=0
W20250111 19:40:05.863325 1694375 Frontend.cpp:615] 3d2d tracking lost. Number of 3d2d-matches: 0
W20250111 19:40:05.877777 2011569 ViSlamBackend.cpp:466] TRACKING FAILURE: quality=0
W20250111 19:40:05.879894 1694375 Frontend.cpp:615] 3d2d tracking lost. Number of 3d2d-matches: 0
W20250111 19:40:05.893508 2011571 ViSlamBackend.cpp:466] TRACKING FAILURE: quality=0
W20250111 19:40:05.894500 1694375 Frontend.cpp:615] 3d2d tracking lost. Number of 3d2d-matches: 0
W20250111 19:40:05.908596 2011573 ViSlamBackend.cpp:466] TRACKING FAILURE: quality=0
W20250111 19:40:05.909799 1694375 Frontend.cpp:615] 3d2d tracking lost. Number of 3d2d-matches: 0
W20250111 19:40:05.919585 2011583 ViSlamBackend.cpp:466] TRACKING FAILURE: quality=0
W20250111 19:40:05.920781 1694375 Frontend.cpp:615] 3d2d tracking lost. Number of 3d2d-matches: 0
W20250111 19:40:05.931073 2011593 ViSlamBackend.cpp:466] TRACKING FAILURE: quality=0
W20250111 19:40:05.931969 1694375 Frontend.cpp:615] 3d2d tracking lost. Number of 3d2d-matches: 0
W20250111 19:40:05.944694 2011603 ViSlamBackend.cpp:466] TRACKING FAILURE: quality=0
W20250111 19:40:05.945612 1694375 Frontend.cpp:615] 3d2d tracking lost. Number of 3d2d-matches: 0
I20250111 19:40:05.946153 1694375 okvis_app_synchronous.cpp:210] OKVIS Timing
-----------
1 DetectAndDescribe                	   5078	00:00:09.754096	(00:00:00.001921 +- 00:00:00.000379)	[00:00:00.000922,00:00:00.004225]
2 Match                            	   5078	00:00:40.778004	(00:00:00.008030 +- 00:00:00.003836)	[00:00:00.000194,00:00:00.022069]
2.01 match to map                  	   5077	00:00:31.197755	(00:00:00.006145 +- 00:00:00.003478)	[00:00:00.000047,00:00:00.018555]
2.02 match motion stereo           	   5077	00:00:06.766462	(00:00:00.001333 +- 00:00:00.000440)	[00:00:00.000047,00:00:00.005286]
2.02.1 match motion stereo: prepare	   5077	00:00:01.543126	(00:00:00.000304 +- 00:00:00.000118)	[00:00:00.000001,00:00:00.001300]
2.10 match stereo                  	   1399	00:00:00.051812	(00:00:00.000037 +- 00:00:00.000042)	[00:00:00.000001,00:00:00.000370]
3 Optimise                         	   5077	00:01:18.605936	(00:00:00.015483 +- 00:00:00.005848)	[00:00:00.001096,00:00:00.034739]
4 Prepare publishing               	   5077	00:00:04.361482	(00:00:00.000859 +- 00:00:00.000344)	[00:00:00.000031,00:00:00.003110]
6 Visualising                      	   5077	00:00:00.001239	(00:00:00.000000 +- 00:00:00.000000)	[00:00:00.000000,00:00:00.000009]
7 Marginalise                      	   5077	00:00:09.314504	(00:00:00.001835 +- 00:00:00.000792)	[00:00:00.000003,00:00:00.007928]
7.1 check/handle lost              	   5077	00:00:00.154559	(00:00:00.000030 +- 00:00:00.000019)	[00:00:00.000000,00:00:00.000278]
7.2 eliminate IMU frames           	   5077	00:00:03.976974	(00:00:00.000783 +- 00:00:00.000568)	[00:00:00.000000,00:00:00.002428]
7.3 convert to posegraph           	   1712	00:00:01.511936	(00:00:00.000883 +- 00:00:00.000523)	[00:00:00.000104,00:00:00.005075]
7.4 freezing                       	   5076	00:00:00.005911	(00:00:00.000001 +- 00:00:00.000002)	[00:00:00.000000,00:00:00.000020]
7.6 expand                         	   5010	00:00:01.182908	(00:00:00.000236 +- 00:00:00.000137)	[00:00:00.000022,00:00:00.002140]
7.7 prune place recognition frames 	   5076	00:00:01.197231	(00:00:00.000236 +- 00:00:00.000120)	[00:00:00.000002,00:00:00.000844]
I20250111 19:40:05.946210 1694375 okvis_app_synchronous.cpp:219] Progress: 94% (1 [1%/s], ETA: 6s)
I20250111 19:40:06.788355 1694375 Frontend.cpp:2274] RANSAC FAIL: 55 inliers, ratio = 0.670732
I20250111 19:40:07.454100 1694375 okvis_app_synchronous.cpp:210] OKVIS Timing
-----------
1 DetectAndDescribe                	   5132	00:00:09.853678	(00:00:00.001920 +- 00:00:00.000378)	[00:00:00.000922,00:00:00.004225]
2 Match                            	   5132	00:00:41.575933	(00:00:00.008101 +- 00:00:00.003889)	[00:00:00.000194,00:00:00.022069]
2.01 match to map                  	   5131	00:00:31.884140	(00:00:00.006214 +- 00:00:00.003531)	[00:00:00.000047,00:00:00.018555]
2.02 match motion stereo           	   5131	00:00:06.846481	(00:00:00.001334 +- 00:00:00.000442)	[00:00:00.000047,00:00:00.005286]
2.02.1 match motion stereo: prepare	   5131	00:00:01.558537	(00:00:00.000304 +- 00:00:00.000118)	[00:00:00.000001,00:00:00.001300]
2.10 match stereo                  	   1418	00:00:00.052692	(00:00:00.000037 +- 00:00:00.000042)	[00:00:00.000001,00:00:00.000370]
3 Optimise                         	   5131	00:01:19.201874	(00:00:00.015436 +- 00:00:00.005842)	[00:00:00.001096,00:00:00.034739]
4 Prepare publishing               	   5131	00:00:04.397256	(00:00:00.000857 +- 00:00:00.000345)	[00:00:00.000031,00:00:00.003110]
6 Visualising                      	   5131	00:00:00.001249	(00:00:00.000000 +- 00:00:00.000000)	[00:00:00.000000,00:00:00.000009]
7 Marginalise                      	   5131	00:00:09.385941	(00:00:00.001829 +- 00:00:00.000793)	[00:00:00.000003,00:00:00.007928]
7.1 check/handle lost              	   5131	00:00:00.155590	(00:00:00.000030 +- 00:00:00.000019)	[00:00:00.000000,00:00:00.000278]
7.2 eliminate IMU frames           	   5131	00:00:04.005460	(00:00:00.000781 +- 00:00:00.000568)	[00:00:00.000000,00:00:00.002428]
7.3 convert to posegraph           	   1731	00:00:01.524513	(00:00:00.000881 +- 00:00:00.000523)	[00:00:00.000104,00:00:00.005075]
7.4 freezing                       	   5130	00:00:00.005967	(00:00:00.000001 +- 00:00:00.000002)	[00:00:00.000000,00:00:00.000020]
7.6 expand                         	   5064	00:00:01.192444	(00:00:00.000235 +- 00:00:00.000137)	[00:00:00.000022,00:00:00.002140]
7.7 prune place recognition frames 	   5130	00:00:01.205874	(00:00:00.000235 +- 00:00:00.000121)	[00:00:00.000002,00:00:00.000844]
I20250111 19:40:07.454298 1694375 okvis_app_synchronous.cpp:219] Progress: 95% (1 [1%/s], ETA: 5s)
I20250111 19:40:09.340479 1694375 okvis_app_synchronous.cpp:210] OKVIS Timing
-----------
1 DetectAndDescribe                	   5186	00:00:09.964944	(00:00:00.001922 +- 00:00:00.000378)	[00:00:00.000922,00:00:00.004225]
2 Match                            	   5186	00:00:42.554541	(00:00:00.008206 +- 00:00:00.004001)	[00:00:00.000194,00:00:00.022284]
2.01 match to map                  	   5185	00:00:32.713370	(00:00:00.006309 +- 00:00:00.003635)	[00:00:00.000047,00:00:00.019237]
2.02 match motion stereo           	   5185	00:00:06.948349	(00:00:00.001340 +- 00:00:00.000444)	[00:00:00.000047,00:00:00.005286]
2.02.1 match motion stereo: prepare	   5185	00:00:01.583652	(00:00:00.000305 +- 00:00:00.000119)	[00:00:00.000001,00:00:00.001300]
2.10 match stereo                  	   1434	00:00:00.053906	(00:00:00.000038 +- 00:00:00.000042)	[00:00:00.000001,00:00:00.000370]
3 Optimise                         	   5185	00:01:19.935211	(00:00:00.015417 +- 00:00:00.005822)	[00:00:00.001096,00:00:00.034739]
4 Prepare publishing               	   5185	00:00:04.452470	(00:00:00.000859 +- 00:00:00.000345)	[00:00:00.000031,00:00:00.003110]
6 Visualising                      	   5185	00:00:00.001259	(00:00:00.000000 +- 00:00:00.000000)	[00:00:00.000000,00:00:00.000009]
7 Marginalise                      	   5185	00:00:09.497835	(00:00:00.001832 +- 00:00:00.000791)	[00:00:00.000003,00:00:00.007928]
7.1 check/handle lost              	   5185	00:00:00.157366	(00:00:00.000030 +- 00:00:00.000019)	[00:00:00.000000,00:00:00.000278]
7.2 eliminate IMU frames           	   5185	00:00:04.046225	(00:00:00.000780 +- 00:00:00.000568)	[00:00:00.000000,00:00:00.002428]
7.3 convert to posegraph           	   1748	00:00:01.542873	(00:00:00.000883 +- 00:00:00.000522)	[00:00:00.000104,00:00:00.005075]
7.4 freezing                       	   5184	00:00:00.006020	(00:00:00.000001 +- 00:00:00.000002)	[00:00:00.000000,00:00:00.000020]
7.6 expand                         	   5118	00:00:01.208855	(00:00:00.000236 +- 00:00:00.000137)	[00:00:00.000022,00:00:00.002140]
7.7 prune place recognition frames 	   5184	00:00:01.222172	(00:00:00.000236 +- 00:00:00.000120)	[00:00:00.000002,00:00:00.000844]
I20250111 19:40:09.340668 1694375 okvis_app_synchronous.cpp:219] Progress: 96% (1 [1%/s], ETA: 4s)
I20250111 19:40:11.380358 1694375 okvis_app_synchronous.cpp:210] OKVIS Timing
-----------
1 DetectAndDescribe                	   5240	00:00:10.088910	(00:00:00.001925 +- 00:00:00.000378)	[00:00:00.000922,00:00:00.004225]
2 Match                            	   5240	00:00:43.601430	(00:00:00.008321 +- 00:00:00.004138)	[00:00:00.000194,00:00:00.022284]
2.01 match to map                  	   5239	00:00:33.622848	(00:00:00.006418 +- 00:00:00.003770)	[00:00:00.000047,00:00:00.019237]
2.02 match motion stereo           	   5239	00:00:07.036024	(00:00:00.001343 +- 00:00:00.000443)	[00:00:00.000047,00:00:00.005286]
2.02.1 match motion stereo: prepare	   5239	00:00:01.609997	(00:00:00.000307 +- 00:00:00.000120)	[00:00:00.000001,00:00:00.001300]
2.10 match stereo                  	   1435	00:00:00.054034	(00:00:00.000038 +- 00:00:00.000042)	[00:00:00.000001,00:00:00.000370]
3 Optimise                         	   5239	00:01:20.728256	(00:00:00.015409 +- 00:00:00.005798)	[00:00:00.001096,00:00:00.034739]
4 Prepare publishing               	   5239	00:00:04.514956	(00:00:00.000862 +- 00:00:00.000345)	[00:00:00.000031,00:00:00.003110]
6 Visualising                      	   5239	00:00:00.001269	(00:00:00.000000 +- 00:00:00.000000)	[00:00:00.000000,00:00:00.000009]
7 Marginalise                      	   5239	00:00:09.627822	(00:00:00.001838 +- 00:00:00.000791)	[00:00:00.000003,00:00:00.007928]
7.1 check/handle lost              	   5239	00:00:00.159692	(00:00:00.000030 +- 00:00:00.000019)	[00:00:00.000000,00:00:00.000278]
7.2 eliminate IMU frames           	   5239	00:00:04.114971	(00:00:00.000785 +- 00:00:00.000568)	[00:00:00.000000,00:00:00.002428]
7.3 convert to posegraph           	   1749	00:00:01.544107	(00:00:00.000883 +- 00:00:00.000522)	[00:00:00.000104,00:00:00.005075]
7.4 freezing                       	   5238	00:00:00.006029	(00:00:00.000001 +- 00:00:00.000002)	[00:00:00.000000,00:00:00.000020]
7.6 expand                         	   5172	00:00:01.226894	(00:00:00.000237 +- 00:00:00.000137)	[00:00:00.000022,00:00:00.002140]
7.7 prune place recognition frames 	   5238	00:00:01.242141	(00:00:00.000237 +- 00:00:00.000121)	[00:00:00.000002,00:00:00.000844]
I20250111 19:40:11.380519 1694375 okvis_app_synchronous.cpp:219] Progress: 97% (0.5 [1%/s], ETA: 6s)
I20250111 19:40:13.327318 1694375 okvis_app_synchronous.cpp:210] OKVIS Timing
-----------
1 DetectAndDescribe                	   5294	00:00:10.204785	(00:00:00.001928 +- 00:00:00.000376)	[00:00:00.000922,00:00:00.004225]
2 Match                            	   5294	00:00:44.633230	(00:00:00.008431 +- 00:00:00.004258)	[00:00:00.000194,00:00:00.022284]
2.01 match to map                  	   5293	00:00:34.522124	(00:00:00.006522 +- 00:00:00.003890)	[00:00:00.000047,00:00:00.019237]
2.02 match motion stereo           	   5293	00:00:07.120600	(00:00:00.001345 +- 00:00:00.000442)	[00:00:00.000047,00:00:00.005286]
2.02.1 match motion stereo: prepare	   5293	00:00:01.635003	(00:00:00.000309 +- 00:00:00.000120)	[00:00:00.000001,00:00:00.001300]
2.10 match stereo                  	   1435	00:00:00.054034	(00:00:00.000038 +- 00:00:00.000042)	[00:00:00.000001,00:00:00.000370]
3 Optimise                         	   5293	00:01:21.453124	(00:00:00.015389 +- 00:00:00.005779)	[00:00:00.001096,00:00:00.034739]
4 Prepare publishing               	   5293	00:00:04.575007	(00:00:00.000864 +- 00:00:00.000345)	[00:00:00.000031,00:00:00.003110]
6 Visualising                      	   5293	00:00:00.001279	(00:00:00.000000 +- 00:00:00.000000)	[00:00:00.000000,00:00:00.000009]
7 Marginalise                      	   5293	00:00:09.750826	(00:00:00.001842 +- 00:00:00.000789)	[00:00:00.000003,00:00:00.007928]
7.1 check/handle lost              	   5293	00:00:00.162037	(00:00:00.000031 +- 00:00:00.000019)	[00:00:00.000000,00:00:00.000278]
7.2 eliminate IMU frames           	   5293	00:00:04.181605	(00:00:00.000790 +- 00:00:00.000568)	[00:00:00.000000,00:00:00.002428]
7.3 convert to posegraph           	   1749	00:00:01.544107	(00:00:00.000883 +- 00:00:00.000522)	[00:00:00.000104,00:00:00.005075]
7.4 freezing                       	   5292	00:00:00.006033	(00:00:00.000001 +- 00:00:00.000002)	[00:00:00.000000,00:00:00.000020]
7.6 expand                         	   5226	00:00:01.243461	(00:00:00.000238 +- 00:00:00.000137)	[00:00:00.000022,00:00:00.002140]
7.7 prune place recognition frames 	   5292	00:00:01.261408	(00:00:00.000238 +- 00:00:00.000121)	[00:00:00.000002,00:00:00.000844]
I20250111 19:40:13.327456 1694375 okvis_app_synchronous.cpp:219] Progress: 98% (1 [1%/s], ETA: 2s)
I20250111 19:40:15.245589 1694375 okvis_app_synchronous.cpp:210] OKVIS Timing
-----------
1 DetectAndDescribe                	   5348	00:00:10.313927	(00:00:00.001929 +- 00:00:00.000375)	[00:00:00.000922,00:00:00.004225]
2 Match                            	   5348	00:00:45.636495	(00:00:00.008533 +- 00:00:00.004357)	[00:00:00.000194,00:00:00.022284]
2.01 match to map                  	   5347	00:00:35.397302	(00:00:00.006620 +- 00:00:00.003990)	[00:00:00.000047,00:00:00.019237]
2.02 match motion stereo           	   5347	00:00:07.204127	(00:00:00.001347 +- 00:00:00.000440)	[00:00:00.000047,00:00:00.005286]
2.02.1 match motion stereo: prepare	   5347	00:00:01.659330	(00:00:00.000310 +- 00:00:00.000121)	[00:00:00.000001,00:00:00.001300]
2.10 match stereo                  	   1435	00:00:00.054034	(00:00:00.000038 +- 00:00:00.000042)	[00:00:00.000001,00:00:00.000370]
3 Optimise                         	   5347	00:01:22.187063	(00:00:00.015371 +- 00:00:00.005761)	[00:00:00.001096,00:00:00.034739]
4 Prepare publishing               	   5347	00:00:04.631829	(00:00:00.000866 +- 00:00:00.000344)	[00:00:00.000031,00:00:00.003110]
6 Visualising                      	   5347	00:00:00.001288	(00:00:00.000000 +- 00:00:00.000000)	[00:00:00.000000,00:00:00.000009]
7 Marginalise                      	   5347	00:00:09.867502	(00:00:00.001845 +- 00:00:00.000787)	[00:00:00.000003,00:00:00.007928]
7.1 check/handle lost              	   5347	00:00:00.164067	(00:00:00.000031 +- 00:00:00.000019)	[00:00:00.000000,00:00:00.000278]
7.2 eliminate IMU frames           	   5347	00:00:04.244665	(00:00:00.000794 +- 00:00:00.000567)	[00:00:00.000000,00:00:00.002428]
7.3 convert to posegraph           	   1749	00:00:01.544107	(00:00:00.000883 +- 00:00:00.000522)	[00:00:00.000104,00:00:00.005075]
7.4 freezing                       	   5346	00:00:00.006038	(00:00:00.000001 +- 00:00:00.000002)	[00:00:00.000000,00:00:00.000020]
7.6 expand                         	   5280	00:00:01.259131	(00:00:00.000238 +- 00:00:00.000136)	[00:00:00.000022,00:00:00.002140]
7.7 prune place recognition frames 	   5346	00:00:01.280252	(00:00:00.000239 +- 00:00:00.000121)	[00:00:00.000002,00:00:00.000844]
I20250111 19:40:15.245759 1694375 okvis_app_synchronous.cpp:219] Progress: 99% (1 [1%/s], ETA: 1s)
I20250111 19:40:17.178449 1694375 okvis_app_synchronous.cpp:180] Finished!
I20250111 19:40:17.202394 1694375 okvis_app_synchronous.cpp:202] total processing time 145.101744215 s
>>> Close in.csv
>>> Close out.csv

________________________________________________________
Executed in  146.20 secs    fish           external
   usr time  211.44 secs    0.00 millis  211.44 secs
   sys time   18.11 secs    1.64 millis   18.11 secs
