W20250111 19:31:52.148289 1022177 ImuError.cpp:650] gyr saturation
W20250111 19:31:52.148294 1022177 ImuError.cpp:650] gyr saturation
W20250111 19:31:52.151249 1022177 ImuError.cpp:368] gyr saturation
W20250111 19:31:52.151316 1022177 ImuError.cpp:368] gyr saturation
W20250111 19:31:52.151330 1022177 ImuError.cpp:368] gyr saturation
W20250111 19:31:52.151341 1022177 ImuError.cpp:368] gyr saturation
W20250111 19:31:52.151353 1022177 ImuError.cpp:368] gyr saturation
W20250111 19:31:52.151363 1022177 ImuError.cpp:368] gyr saturation
W20250111 19:31:52.151376 1022177 ImuError.cpp:368] gyr saturation
W20250111 19:31:52.151386 1022177 ImuError.cpp:368] gyr saturation
W20250111 19:31:52.151397 1022177 ImuError.cpp:368] gyr saturation
W20250111 19:31:52.151408 1022177 ImuError.cpp:368] gyr saturation
W20250111 19:31:52.151419 1022177 ImuError.cpp:368] gyr saturation
W20250111 19:31:52.151430 1022177 ImuError.cpp:368] gyr saturation
W20250111 19:31:52.151443 1022177 ImuError.cpp:368] gyr saturation
W20250111 19:31:52.151453 1022177 ImuError.cpp:368] gyr saturation
W20250111 19:31:52.151465 1022177 ImuError.cpp:368] gyr saturation
W20250111 19:31:52.151476 1022177 ImuError.cpp:368] gyr saturation
W20250111 19:31:52.151489 1022177 ImuError.cpp:368] gyr saturation
W20250111 19:31:52.151499 1022177 ImuError.cpp:368] gyr saturation
W20250111 19:31:52.151510 1022177 ImuError.cpp:368] gyr saturation
W20250111 19:31:52.151521 1022177 ImuError.cpp:368] gyr saturation
W20250111 19:31:52.151532 1022177 ImuError.cpp:368] gyr saturation
W20250111 19:31:52.151542 1022177 ImuError.cpp:368] gyr saturation
W20250111 19:31:52.151554 1022177 ImuError.cpp:368] gyr saturation
W20250111 19:31:52.151564 1022177 ImuError.cpp:368] gyr saturation
W20250111 19:31:52.151575 1022177 ImuError.cpp:368] gyr saturation
W20250111 19:31:52.151587 1022177 ImuError.cpp:368] gyr saturation
W20250111 19:31:52.151597 1022177 ImuError.cpp:368] gyr saturation
W20250111 19:31:52.151608 1022177 ImuError.cpp:368] gyr saturation
W20250111 19:31:52.151618 1022177 ImuError.cpp:368] gyr saturation
W20250111 19:31:52.151634 1022177 ImuError.cpp:368] gyr saturation
W20250111 19:31:52.151647 1022177 ImuError.cpp:368] gyr saturation
W20250111 19:31:52.151659 1022177 ImuError.cpp:368] gyr saturation
W20250111 19:31:52.151669 1022177 ImuError.cpp:368] gyr saturation
W20250111 19:31:52.151680 1022177 ImuError.cpp:368] gyr saturation
W20250111 19:31:52.155223 1022177 Frontend.cpp:612] 3d2d tracking weak: quality=0. Number of 3d2d-matches: 5
W20250111 19:31:52.157449 1022177 ImuError.cpp:650] gyr saturation
W20250111 19:31:52.157495 1022177 ImuError.cpp:650] gyr saturation
W20250111 19:31:52.157502 1022177 ImuError.cpp:650] gyr saturation
W20250111 19:31:52.157508 1022177 ImuError.cpp:650] gyr saturation
W20250111 19:31:52.157516 1022177 ImuError.cpp:650] gyr saturation
W20250111 19:31:52.157521 1022177 ImuError.cpp:650] gyr saturation
W20250111 19:31:52.157527 1022177 ImuError.cpp:650] gyr saturation
W20250111 19:31:52.157533 1022177 ImuError.cpp:650] gyr saturation
W20250111 19:31:52.157539 1022177 ImuError.cpp:650] gyr saturation
W20250111 19:31:52.157558 1022177 ImuError.cpp:650] gyr saturation
W20250111 19:31:52.157569 1022177 ImuError.cpp:650] gyr saturation
W20250111 19:31:52.157577 1022177 ImuError.cpp:650] gyr saturation
W20250111 19:31:52.157585 1022177 ImuError.cpp:650] gyr saturation
W20250111 19:31:52.157593 1022177 ImuError.cpp:650] gyr saturation
W20250111 19:31:52.157600 1022177 ImuError.cpp:650] gyr saturation
W20250111 19:31:52.157606 1022177 ImuError.cpp:650] gyr saturation
W20250111 19:31:52.157613 1022177 ImuError.cpp:650] gyr saturation
W20250111 19:31:52.157619 1022177 ImuError.cpp:650] gyr saturation
W20250111 19:31:52.157624 1022177 ImuError.cpp:650] gyr saturation
W20250111 19:31:52.157639 1022177 ImuError.cpp:650] gyr saturation
W20250111 19:31:52.157645 1022177 ImuError.cpp:650] gyr saturation
W20250111 19:31:52.157651 1022177 ImuError.cpp:650] gyr saturation
W20250111 19:31:52.157657 1022177 ImuError.cpp:650] gyr saturation
W20250111 19:31:52.157663 1022177 ImuError.cpp:650] gyr saturation
W20250111 19:31:52.157670 1022177 ImuError.cpp:650] gyr saturation
W20250111 19:31:52.157677 1022177 ImuError.cpp:650] gyr saturation
W20250111 19:31:52.157683 1022177 ImuError.cpp:650] gyr saturation
W20250111 19:31:52.157689 1022177 ImuError.cpp:650] gyr saturation
W20250111 19:31:52.157696 1022177 ImuError.cpp:650] gyr saturation
W20250111 19:31:52.157701 1022177 ImuError.cpp:650] gyr saturation
W20250111 19:31:52.157706 1022177 ImuError.cpp:650] gyr saturation
W20250111 19:31:52.157712 1022177 ImuError.cpp:650] gyr saturation
W20250111 19:31:52.157718 1022177 ImuError.cpp:650] gyr saturation
W20250111 19:31:52.157724 1022177 ImuError.cpp:650] gyr saturation
W20250111 19:31:52.157730 1022177 ImuError.cpp:650] gyr saturation
W20250111 19:31:52.157735 1022177 ImuError.cpp:650] gyr saturation
W20250111 19:31:52.157742 1022177 ImuError.cpp:650] gyr saturation
W20250111 19:31:52.157748 1022177 ImuError.cpp:650] gyr saturation
W20250111 19:31:52.157754 1022177 ImuError.cpp:650] gyr saturation
W20250111 19:31:52.157760 1022177 ImuError.cpp:650] gyr saturation
W20250111 19:31:52.157765 1022177 ImuError.cpp:650] gyr saturation
W20250111 19:31:52.157771 1022177 ImuError.cpp:650] gyr saturation
W20250111 19:31:52.157778 1022177 ImuError.cpp:650] gyr saturation
W20250111 19:31:52.157783 1022177 ImuError.cpp:650] gyr saturation
W20250111 19:31:52.157788 1022177 ImuError.cpp:650] gyr saturation
W20250111 19:31:52.157794 1022177 ImuError.cpp:650] gyr saturation
W20250111 19:31:52.157800 1022177 ImuError.cpp:650] gyr saturation
W20250111 19:31:52.157806 1022177 ImuError.cpp:650] gyr saturation
W20250111 19:31:52.157812 1022177 ImuError.cpp:650] gyr saturation
W20250111 19:31:52.157819 1022177 ImuError.cpp:650] gyr saturation
W20250111 19:31:52.157824 1022177 ImuError.cpp:650] gyr saturation
W20250111 19:31:52.157830 1022177 ImuError.cpp:650] gyr saturation
W20250111 19:31:52.157835 1022177 ImuError.cpp:650] gyr saturation
W20250111 19:31:52.157841 1022177 ImuError.cpp:650] gyr saturation
W20250111 19:31:52.157847 1022177 ImuError.cpp:650] gyr saturation
W20250111 19:31:52.157853 1022177 ImuError.cpp:650] gyr saturation
W20250111 19:31:52.157858 1022177 ImuError.cpp:650] gyr saturation
W20250111 19:31:52.157866 1022177 ImuError.cpp:650] gyr saturation
W20250111 19:31:52.157871 1022177 ImuError.cpp:650] gyr saturation
W20250111 19:31:52.157877 1022177 ImuError.cpp:650] gyr saturation
W20250111 19:31:52.157882 1022177 ImuError.cpp:650] gyr saturation
W20250111 19:31:52.157888 1022177 ImuError.cpp:650] gyr saturation
W20250111 19:31:52.157893 1022177 ImuError.cpp:650] gyr saturation
W20250111 19:31:52.157898 1022177 ImuError.cpp:650] gyr saturation
W20250111 19:31:52.157904 1022177 ImuError.cpp:650] gyr saturation
W20250111 19:31:52.157910 1022177 ImuError.cpp:650] gyr saturation
W20250111 19:31:52.157917 1022177 ImuError.cpp:650] gyr saturation
W20250111 19:31:52.181710 1218497 ViSlamBackend.cpp:466] TRACKING FAILURE: quality=0
W20250111 19:31:52.182720 1022177 ImuError.cpp:650] gyr saturation
W20250111 19:31:52.182771 1022177 ImuError.cpp:650] gyr saturation
W20250111 19:31:52.182789 1022177 ImuError.cpp:650] gyr saturation
W20250111 19:31:52.182797 1022177 ImuError.cpp:650] gyr saturation
W20250111 19:31:52.182803 1022177 ImuError.cpp:650] gyr saturation
W20250111 19:31:52.182809 1022177 ImuError.cpp:650] gyr saturation
W20250111 19:31:52.182816 1022177 ImuError.cpp:650] gyr saturation
W20250111 19:31:52.182821 1022177 ImuError.cpp:650] gyr saturation
W20250111 19:31:52.182827 1022177 ImuError.cpp:650] gyr saturation
W20250111 19:31:52.182833 1022177 ImuError.cpp:650] gyr saturation
W20250111 19:31:52.182838 1022177 ImuError.cpp:650] gyr saturation
W20250111 19:31:52.182843 1022177 ImuError.cpp:650] gyr saturation
W20250111 19:31:52.182849 1022177 ImuError.cpp:650] gyr saturation
W20250111 19:31:52.182854 1022177 ImuError.cpp:650] gyr saturation
W20250111 19:31:52.182860 1022177 ImuError.cpp:650] gyr saturation
W20250111 19:31:52.182868 1022177 ImuError.cpp:650] gyr saturation
W20250111 19:31:52.182875 1022177 ImuError.cpp:650] gyr saturation
W20250111 19:31:52.182880 1022177 ImuError.cpp:650] gyr saturation
W20250111 19:31:52.182886 1022177 ImuError.cpp:650] gyr saturation
W20250111 19:31:52.182893 1022177 ImuError.cpp:650] gyr saturation
W20250111 19:31:52.182898 1022177 ImuError.cpp:650] gyr saturation
W20250111 19:31:52.182904 1022177 ImuError.cpp:650] gyr saturation
W20250111 19:31:52.182911 1022177 ImuError.cpp:650] gyr saturation
W20250111 19:31:52.182916 1022177 ImuError.cpp:650] gyr saturation
W20250111 19:31:52.182921 1022177 ImuError.cpp:650] gyr saturation
W20250111 19:31:52.182926 1022177 ImuError.cpp:650] gyr saturation
W20250111 19:31:52.182931 1022177 ImuError.cpp:650] gyr saturation
W20250111 19:31:52.182937 1022177 ImuError.cpp:650] gyr saturation
W20250111 19:31:52.182943 1022177 ImuError.cpp:650] gyr saturation
W20250111 19:31:52.182948 1022177 ImuError.cpp:650] gyr saturation
W20250111 19:31:52.182955 1022177 ImuError.cpp:650] gyr saturation
W20250111 19:31:52.182960 1022177 ImuError.cpp:650] gyr saturation
W20250111 19:31:52.182965 1022177 ImuError.cpp:650] gyr saturation
W20250111 19:31:52.182971 1022177 ImuError.cpp:650] gyr saturation
W20250111 19:31:52.183104 1022177 ImuError.cpp:650] gyr saturation
W20250111 19:31:52.183111 1022177 ImuError.cpp:650] gyr saturation
W20250111 19:31:52.183117 1022177 ImuError.cpp:650] gyr saturation
W20250111 19:31:52.183122 1022177 ImuError.cpp:650] gyr saturation
W20250111 19:31:52.183128 1022177 ImuError.cpp:650] gyr saturation
W20250111 19:31:52.183135 1022177 ImuError.cpp:650] gyr saturation
W20250111 19:31:52.183140 1022177 ImuError.cpp:650] gyr saturation
W20250111 19:31:52.183145 1022177 ImuError.cpp:650] gyr saturation
W20250111 19:31:52.183151 1022177 ImuError.cpp:650] gyr saturation
W20250111 19:31:52.183156 1022177 ImuError.cpp:650] gyr saturation
W20250111 19:31:52.183161 1022177 ImuError.cpp:650] gyr saturation
W20250111 19:31:52.183167 1022177 ImuError.cpp:650] gyr saturation
W20250111 19:31:52.183173 1022177 ImuError.cpp:650] gyr saturation
W20250111 19:31:52.183178 1022177 ImuError.cpp:650] gyr saturation
W20250111 19:31:52.183183 1022177 ImuError.cpp:650] gyr saturation
W20250111 19:31:52.183189 1022177 ImuError.cpp:650] gyr saturation
W20250111 19:31:52.183194 1022177 ImuError.cpp:650] gyr saturation
W20250111 19:31:52.183199 1022177 ImuError.cpp:650] gyr saturation
W20250111 19:31:52.183204 1022177 ImuError.cpp:650] gyr saturation
W20250111 19:31:52.183210 1022177 ImuError.cpp:650] gyr saturation
W20250111 19:31:52.183215 1022177 ImuError.cpp:650] gyr saturation
W20250111 19:31:52.183220 1022177 ImuError.cpp:650] gyr saturation
W20250111 19:31:52.183225 1022177 ImuError.cpp:650] gyr saturation
W20250111 19:31:52.183231 1022177 ImuError.cpp:650] gyr saturation
W20250111 19:31:52.183236 1022177 ImuError.cpp:650] gyr saturation
W20250111 19:31:52.183241 1022177 ImuError.cpp:650] gyr saturation
W20250111 19:31:52.183247 1022177 ImuError.cpp:650] gyr saturation
W20250111 19:31:52.183252 1022177 ImuError.cpp:650] gyr saturation
W20250111 19:31:52.183257 1022177 ImuError.cpp:650] gyr saturation
W20250111 19:31:52.183266 1022177 ImuError.cpp:650] gyr saturation
W20250111 19:31:52.183274 1022177 ImuError.cpp:650] gyr saturation
W20250111 19:31:52.183279 1022177 ImuError.cpp:650] gyr saturation
W20250111 19:31:52.183285 1022177 ImuError.cpp:650] gyr saturation
W20250111 19:31:52.183291 1022177 ImuError.cpp:650] gyr saturation
W20250111 19:31:52.184068 1022177 Frontend.cpp:615] 3d2d tracking lost. Number of 3d2d-matches: 0
W20250111 19:31:52.186164 1022177 ImuError.cpp:650] gyr saturation
W20250111 19:31:52.186218 1022177 ImuError.cpp:650] gyr saturation
W20250111 19:31:52.186225 1022177 ImuError.cpp:650] gyr saturation
W20250111 19:31:52.186230 1022177 ImuError.cpp:650] gyr saturation
W20250111 19:31:52.186236 1022177 ImuError.cpp:650] gyr saturation
W20250111 19:31:52.186242 1022177 ImuError.cpp:650] gyr saturation
W20250111 19:31:52.186249 1022177 ImuError.cpp:650] gyr saturation
W20250111 19:31:52.186254 1022177 ImuError.cpp:650] gyr saturation
W20250111 19:31:52.186260 1022177 ImuError.cpp:650] gyr saturation
W20250111 19:31:52.186265 1022177 ImuError.cpp:650] gyr saturation
W20250111 19:31:52.186271 1022177 ImuError.cpp:650] gyr saturation
W20250111 19:31:52.186278 1022177 ImuError.cpp:650] gyr saturation
W20250111 19:31:52.186283 1022177 ImuError.cpp:650] gyr saturation
W20250111 19:31:52.186291 1022177 ImuError.cpp:650] gyr saturation
W20250111 19:31:52.186296 1022177 ImuError.cpp:650] gyr saturation
W20250111 19:31:52.186302 1022177 ImuError.cpp:650] gyr saturation
W20250111 19:31:52.186308 1022177 ImuError.cpp:650] gyr saturation
W20250111 19:31:52.186316 1022177 ImuError.cpp:650] gyr saturation
W20250111 19:31:52.186321 1022177 ImuError.cpp:650] gyr saturation
W20250111 19:31:52.186326 1022177 ImuError.cpp:650] gyr saturation
W20250111 19:31:52.186331 1022177 ImuError.cpp:650] gyr saturation
W20250111 19:31:52.186337 1022177 ImuError.cpp:650] gyr saturation
W20250111 19:31:52.186344 1022177 ImuError.cpp:650] gyr saturation
W20250111 19:31:52.186352 1022177 ImuError.cpp:650] gyr saturation
W20250111 19:31:52.186357 1022177 ImuError.cpp:650] gyr saturation
W20250111 19:31:52.186364 1022177 ImuError.cpp:650] gyr saturation
W20250111 19:31:52.186369 1022177 ImuError.cpp:650] gyr saturation
W20250111 19:31:52.186375 1022177 ImuError.cpp:650] gyr saturation
W20250111 19:31:52.186381 1022177 ImuError.cpp:650] gyr saturation
W20250111 19:31:52.186386 1022177 ImuError.cpp:650] gyr saturation
W20250111 19:31:52.186393 1022177 ImuError.cpp:650] gyr saturation
W20250111 19:31:52.186398 1022177 ImuError.cpp:650] gyr saturation
W20250111 19:31:52.186404 1022177 ImuError.cpp:650] gyr saturation
W20250111 19:31:52.186410 1022177 ImuError.cpp:650] gyr saturation
W20250111 19:31:52.186415 1022177 ImuError.cpp:650] gyr saturation
W20250111 19:31:52.186421 1022177 ImuError.cpp:650] gyr saturation
W20250111 19:31:52.186429 1022177 ImuError.cpp:650] gyr saturation
W20250111 19:31:52.186434 1022177 ImuError.cpp:650] gyr saturation
W20250111 19:31:52.186439 1022177 ImuError.cpp:650] gyr saturation
W20250111 19:31:52.186444 1022177 ImuError.cpp:650] gyr saturation
W20250111 19:31:52.186450 1022177 ImuError.cpp:650] gyr saturation
W20250111 19:31:52.186455 1022177 ImuError.cpp:650] gyr saturation
W20250111 19:31:52.186461 1022177 ImuError.cpp:650] gyr saturation
W20250111 19:31:52.186467 1022177 ImuError.cpp:650] gyr saturation
W20250111 19:31:52.186473 1022177 ImuError.cpp:650] gyr saturation
W20250111 19:31:52.186479 1022177 ImuError.cpp:650] gyr saturation
W20250111 19:31:52.186484 1022177 ImuError.cpp:650] gyr saturation
W20250111 19:31:52.186491 1022177 ImuError.cpp:650] gyr saturation
W20250111 19:31:52.186496 1022177 ImuError.cpp:650] gyr saturation
W20250111 19:31:52.186501 1022177 ImuError.cpp:650] gyr saturation
W20250111 19:31:52.186507 1022177 ImuError.cpp:650] gyr saturation
W20250111 19:31:52.186512 1022177 ImuError.cpp:650] gyr saturation
W20250111 19:31:52.186519 1022177 ImuError.cpp:650] gyr saturation
W20250111 19:31:52.186525 1022177 ImuError.cpp:650] gyr saturation
W20250111 19:31:52.186532 1022177 ImuError.cpp:650] gyr saturation
W20250111 19:31:52.186549 1022177 ImuError.cpp:650] gyr saturation
W20250111 19:31:52.186556 1022177 ImuError.cpp:650] gyr saturation
W20250111 19:31:52.186563 1022177 ImuError.cpp:650] gyr saturation
W20250111 19:31:52.186570 1022177 ImuError.cpp:650] gyr saturation
W20250111 19:31:52.186576 1022177 ImuError.cpp:650] gyr saturation
W20250111 19:31:52.186582 1022177 ImuError.cpp:650] gyr saturation
W20250111 19:31:52.186589 1022177 ImuError.cpp:650] gyr saturation
W20250111 19:31:52.186594 1022177 ImuError.cpp:650] gyr saturation
W20250111 19:31:52.186599 1022177 ImuError.cpp:650] gyr saturation
W20250111 19:31:52.186605 1022177 ImuError.cpp:650] gyr saturation
W20250111 19:31:52.186611 1022177 ImuError.cpp:650] gyr saturation
W20250111 19:31:52.186617 1022177 ImuError.cpp:650] gyr saturation
W20250111 19:31:52.186625 1022177 ImuError.cpp:650] gyr saturation
W20250111 19:31:52.187284 1218571 ImuError.cpp:368] gyr saturation
W20250111 19:31:52.187330 1218571 ImuError.cpp:368] gyr saturation
W20250111 19:31:52.187342 1218571 ImuError.cpp:368] gyr saturation
W20250111 19:31:52.187352 1218571 ImuError.cpp:368] gyr saturation
W20250111 19:31:52.187371 1218571 ImuError.cpp:368] gyr saturation
W20250111 19:31:52.187386 1218571 ImuError.cpp:368] gyr saturation
W20250111 19:31:52.187397 1218571 ImuError.cpp:368] gyr saturation
W20250111 19:31:52.187407 1218571 ImuError.cpp:368] gyr saturation
W20250111 19:31:52.187415 1218571 ImuError.cpp:368] gyr saturation
W20250111 19:31:52.187428 1218571 ImuError.cpp:368] gyr saturation
W20250111 19:31:52.187439 1218571 ImuError.cpp:368] gyr saturation
W20250111 19:31:52.187449 1218571 ImuError.cpp:368] gyr saturation
W20250111 19:31:52.187459 1218571 ImuError.cpp:368] gyr saturation
W20250111 19:31:52.187469 1218571 ImuError.cpp:368] gyr saturation
W20250111 19:31:52.187482 1218571 ImuError.cpp:368] gyr saturation
W20250111 19:31:52.187491 1218571 ImuError.cpp:368] gyr saturation
W20250111 19:31:52.187502 1218571 ImuError.cpp:368] gyr saturation
W20250111 19:31:52.187512 1218571 ImuError.cpp:368] gyr saturation
W20250111 19:31:52.187521 1218571 ImuError.cpp:368] gyr saturation
W20250111 19:31:52.187531 1218571 ImuError.cpp:368] gyr saturation
W20250111 19:31:52.187541 1218571 ImuError.cpp:368] gyr saturation
W20250111 19:31:52.187551 1218571 ImuError.cpp:368] gyr saturation
W20250111 19:31:52.187561 1218571 ImuError.cpp:368] gyr saturation
W20250111 19:31:52.187572 1218571 ImuError.cpp:368] gyr saturation
W20250111 19:31:52.187582 1218571 ImuError.cpp:368] gyr saturation
W20250111 19:31:52.187592 1218571 ImuError.cpp:368] gyr saturation
W20250111 19:31:52.187601 1218571 ImuError.cpp:368] gyr saturation
W20250111 19:31:52.187611 1218571 ImuError.cpp:368] gyr saturation
W20250111 19:31:52.187619 1218571 ImuError.cpp:368] gyr saturation
W20250111 19:31:52.187628 1218571 ImuError.cpp:368] gyr saturation
W20250111 19:31:52.187641 1218571 ImuError.cpp:368] gyr saturation
W20250111 19:31:52.187650 1218571 ImuError.cpp:368] gyr saturation
W20250111 19:31:52.187659 1218571 ImuError.cpp:368] gyr saturation
W20250111 19:31:52.187669 1218571 ImuError.cpp:368] gyr saturation
W20250111 19:31:52.214730 1218571 ViSlamBackend.cpp:466] TRACKING FAILURE: quality=0
W20250111 19:31:52.215335 1022177 ImuError.cpp:650] gyr saturation
W20250111 19:31:52.215376 1022177 ImuError.cpp:650] gyr saturation
W20250111 19:31:52.215381 1022177 ImuError.cpp:650] gyr saturation
W20250111 19:31:52.215386 1022177 ImuError.cpp:650] gyr saturation
W20250111 19:31:52.215394 1022177 ImuError.cpp:650] gyr saturation
W20250111 19:31:52.215399 1022177 ImuError.cpp:650] gyr saturation
W20250111 19:31:52.215405 1022177 ImuError.cpp:650] gyr saturation
W20250111 19:31:52.215409 1022177 ImuError.cpp:650] gyr saturation
W20250111 19:31:52.215415 1022177 ImuError.cpp:650] gyr saturation
W20250111 19:31:52.215421 1022177 ImuError.cpp:650] gyr saturation
W20250111 19:31:52.215426 1022177 ImuError.cpp:650] gyr saturation
W20250111 19:31:52.215431 1022177 ImuError.cpp:650] gyr saturation
W20250111 19:31:52.215447 1022177 ImuError.cpp:650] gyr saturation
W20250111 19:31:52.215454 1022177 ImuError.cpp:650] gyr saturation
W20250111 19:31:52.215459 1022177 ImuError.cpp:650] gyr saturation
W20250111 19:31:52.215464 1022177 ImuError.cpp:650] gyr saturation
W20250111 19:31:52.215472 1022177 ImuError.cpp:650] gyr saturation
W20250111 19:31:52.215478 1022177 ImuError.cpp:650] gyr saturation
W20250111 19:31:52.215484 1022177 ImuError.cpp:650] gyr saturation
W20250111 19:31:52.215490 1022177 ImuError.cpp:650] gyr saturation
W20250111 19:31:52.215495 1022177 ImuError.cpp:650] gyr saturation
W20250111 19:31:52.215502 1022177 ImuError.cpp:650] gyr saturation
W20250111 19:31:52.215507 1022177 ImuError.cpp:650] gyr saturation
W20250111 19:31:52.215513 1022177 ImuError.cpp:650] gyr saturation
W20250111 19:31:52.215519 1022177 ImuError.cpp:650] gyr saturation
W20250111 19:31:52.215525 1022177 ImuError.cpp:650] gyr saturation
W20250111 19:31:52.215530 1022177 ImuError.cpp:650] gyr saturation
W20250111 19:31:52.215536 1022177 ImuError.cpp:650] gyr saturation
W20250111 19:31:52.215541 1022177 ImuError.cpp:650] gyr saturation
W20250111 19:31:52.215548 1022177 ImuError.cpp:650] gyr saturation
W20250111 19:31:52.215553 1022177 ImuError.cpp:650] gyr saturation
W20250111 19:31:52.215559 1022177 ImuError.cpp:650] gyr saturation
W20250111 19:31:52.215565 1022177 ImuError.cpp:650] gyr saturation
W20250111 19:31:52.215570 1022177 ImuError.cpp:650] gyr saturation
W20250111 19:31:52.215576 1022177 ImuError.cpp:650] gyr saturation
W20250111 19:31:52.215700 1022177 ImuError.cpp:650] gyr saturation
W20250111 19:31:52.215708 1022177 ImuError.cpp:650] gyr saturation
W20250111 19:31:52.215714 1022177 ImuError.cpp:650] gyr saturation
W20250111 19:31:52.215720 1022177 ImuError.cpp:650] gyr saturation
W20250111 19:31:52.215725 1022177 ImuError.cpp:650] gyr saturation
W20250111 19:31:52.215731 1022177 ImuError.cpp:650] gyr saturation
W20250111 19:31:52.215737 1022177 ImuError.cpp:650] gyr saturation
W20250111 19:31:52.215744 1022177 ImuError.cpp:650] gyr saturation
W20250111 19:31:52.215749 1022177 ImuError.cpp:650] gyr saturation
W20250111 19:31:52.215755 1022177 ImuError.cpp:650] gyr saturation
W20250111 19:31:52.215761 1022177 ImuError.cpp:650] gyr saturation
W20250111 19:31:52.215766 1022177 ImuError.cpp:650] gyr saturation
W20250111 19:31:52.215775 1022177 ImuError.cpp:650] gyr saturation
W20250111 19:31:52.215780 1022177 ImuError.cpp:650] gyr saturation
W20250111 19:31:52.215785 1022177 ImuError.cpp:650] gyr saturation
W20250111 19:31:52.215790 1022177 ImuError.cpp:650] gyr saturation
W20250111 19:31:52.215795 1022177 ImuError.cpp:650] gyr saturation
W20250111 19:31:52.215801 1022177 ImuError.cpp:650] gyr saturation
W20250111 19:31:52.215806 1022177 ImuError.cpp:650] gyr saturation
W20250111 19:31:52.215812 1022177 ImuError.cpp:650] gyr saturation
W20250111 19:31:52.215817 1022177 ImuError.cpp:650] gyr saturation
W20250111 19:31:52.215822 1022177 ImuError.cpp:650] gyr saturation
W20250111 19:31:52.215828 1022177 ImuError.cpp:650] gyr saturation
W20250111 19:31:52.215833 1022177 ImuError.cpp:650] gyr saturation
W20250111 19:31:52.215839 1022177 ImuError.cpp:650] gyr saturation
W20250111 19:31:52.215844 1022177 ImuError.cpp:650] gyr saturation
W20250111 19:31:52.215850 1022177 ImuError.cpp:650] gyr saturation
W20250111 19:31:52.215855 1022177 ImuError.cpp:650] gyr saturation
W20250111 19:31:52.215860 1022177 ImuError.cpp:650] gyr saturation
W20250111 19:31:52.215866 1022177 ImuError.cpp:650] gyr saturation
W20250111 19:31:52.215871 1022177 ImuError.cpp:650] gyr saturation
W20250111 19:31:52.215876 1022177 ImuError.cpp:650] gyr saturation
W20250111 19:31:52.215883 1022177 ImuError.cpp:650] gyr saturation
W20250111 19:31:52.215888 1022177 ImuError.cpp:650] gyr saturation
W20250111 19:31:52.215893 1022177 ImuError.cpp:650] gyr saturation
W20250111 19:31:52.216414 1022177 Frontend.cpp:615] 3d2d tracking lost. Number of 3d2d-matches: 0
W20250111 19:31:52.217062 1022177 ImuError.cpp:650] gyr saturation
W20250111 19:31:52.217089 1022177 ImuError.cpp:650] gyr saturation
W20250111 19:31:52.217108 1022177 ImuError.cpp:650] gyr saturation
W20250111 19:31:52.217114 1022177 ImuError.cpp:650] gyr saturation
W20250111 19:31:52.217121 1022177 ImuError.cpp:650] gyr saturation
W20250111 19:31:52.217128 1022177 ImuError.cpp:650] gyr saturation
W20250111 19:31:52.217135 1022177 ImuError.cpp:650] gyr saturation
W20250111 19:31:52.217141 1022177 ImuError.cpp:650] gyr saturation
W20250111 19:31:52.217146 1022177 ImuError.cpp:650] gyr saturation
W20250111 19:31:52.217152 1022177 ImuError.cpp:650] gyr saturation
W20250111 19:31:52.217159 1022177 ImuError.cpp:650] gyr saturation
W20250111 19:31:52.217164 1022177 ImuError.cpp:650] gyr saturation
W20250111 19:31:52.217170 1022177 ImuError.cpp:650] gyr saturation
W20250111 19:31:52.217175 1022177 ImuError.cpp:650] gyr saturation
W20250111 19:31:52.217180 1022177 ImuError.cpp:650] gyr saturation
W20250111 19:31:52.217186 1022177 ImuError.cpp:650] gyr saturation
W20250111 19:31:52.217192 1022177 ImuError.cpp:650] gyr saturation
W20250111 19:31:52.217197 1022177 ImuError.cpp:650] gyr saturation
W20250111 19:31:52.217203 1022177 ImuError.cpp:650] gyr saturation
W20250111 19:31:52.217208 1022177 ImuError.cpp:650] gyr saturation
W20250111 19:31:52.217214 1022177 ImuError.cpp:650] gyr saturation
W20250111 19:31:52.217219 1022177 ImuError.cpp:650] gyr saturation
W20250111 19:31:52.217224 1022177 ImuError.cpp:650] gyr saturation
W20250111 19:31:52.217231 1022177 ImuError.cpp:650] gyr saturation
W20250111 19:31:52.217235 1022177 ImuError.cpp:650] gyr saturation
W20250111 19:31:52.217242 1022177 ImuError.cpp:650] gyr saturation
W20250111 19:31:52.217247 1022177 ImuError.cpp:650] gyr saturation
W20250111 19:31:52.217252 1022177 ImuError.cpp:650] gyr saturation
W20250111 19:31:52.217257 1022177 ImuError.cpp:650] gyr saturation
W20250111 19:31:52.217262 1022177 ImuError.cpp:650] gyr saturation
W20250111 19:31:52.217268 1022177 ImuError.cpp:650] gyr saturation
W20250111 19:31:52.217273 1022177 ImuError.cpp:650] gyr saturation
W20250111 19:31:52.217279 1022177 ImuError.cpp:650] gyr saturation
W20250111 19:31:52.217284 1022177 ImuError.cpp:650] gyr saturation
W20250111 19:31:52.217290 1022177 ImuError.cpp:650] gyr saturation
W20250111 19:31:52.217295 1022177 ImuError.cpp:650] gyr saturation
W20250111 19:31:52.217300 1022177 ImuError.cpp:650] gyr saturation
W20250111 19:31:52.217306 1022177 ImuError.cpp:650] gyr saturation
W20250111 19:31:52.217311 1022177 ImuError.cpp:650] gyr saturation
W20250111 19:31:52.217316 1022177 ImuError.cpp:650] gyr saturation
W20250111 19:31:52.217322 1022177 ImuError.cpp:650] gyr saturation
W20250111 19:31:52.217329 1022177 ImuError.cpp:650] gyr saturation
W20250111 19:31:52.217334 1022177 ImuError.cpp:650] gyr saturation
W20250111 19:31:52.217339 1022177 ImuError.cpp:650] gyr saturation
W20250111 19:31:52.217345 1022177 ImuError.cpp:650] gyr saturation
W20250111 19:31:52.217350 1022177 ImuError.cpp:650] gyr saturation
W20250111 19:31:52.217355 1022177 ImuError.cpp:650] gyr saturation
W20250111 19:31:52.217360 1022177 ImuError.cpp:650] gyr saturation
W20250111 19:31:52.217367 1022177 ImuError.cpp:650] gyr saturation
W20250111 19:31:52.217372 1022177 ImuError.cpp:650] gyr saturation
W20250111 19:31:52.217377 1022177 ImuError.cpp:650] gyr saturation
W20250111 19:31:52.217383 1022177 ImuError.cpp:650] gyr saturation
W20250111 19:31:52.217388 1022177 ImuError.cpp:650] gyr saturation
W20250111 19:31:52.217394 1022177 ImuError.cpp:650] gyr saturation
W20250111 19:31:52.217399 1022177 ImuError.cpp:650] gyr saturation
W20250111 19:31:52.217404 1022177 ImuError.cpp:650] gyr saturation
W20250111 19:31:52.217409 1022177 ImuError.cpp:650] gyr saturation
W20250111 19:31:52.217415 1022177 ImuError.cpp:650] gyr saturation
W20250111 19:31:52.217420 1022177 ImuError.cpp:650] gyr saturation
W20250111 19:31:52.217425 1022177 ImuError.cpp:650] gyr saturation
W20250111 19:31:52.217432 1022177 ImuError.cpp:650] gyr saturation
W20250111 19:31:52.217437 1022177 ImuError.cpp:650] gyr saturation
W20250111 19:31:52.217442 1022177 ImuError.cpp:650] gyr saturation
W20250111 19:31:52.217453 1022177 ImuError.cpp:650] gyr saturation
W20250111 19:31:52.217459 1022177 ImuError.cpp:650] gyr saturation
W20250111 19:31:52.217464 1022177 ImuError.cpp:650] gyr saturation
W20250111 19:31:52.217470 1022177 ImuError.cpp:650] gyr saturation
W20250111 19:31:52.217478 1022177 ImuError.cpp:650] gyr saturation
W20250111 19:31:52.218132 1218581 ImuError.cpp:368] gyr saturation
W20250111 19:31:52.218183 1218581 ImuError.cpp:368] gyr saturation
W20250111 19:31:52.218191 1218581 ImuError.cpp:368] gyr saturation
W20250111 19:31:52.218204 1218581 ImuError.cpp:368] gyr saturation
W20250111 19:31:52.218214 1218581 ImuError.cpp:368] gyr saturation
W20250111 19:31:52.218225 1218581 ImuError.cpp:368] gyr saturation
W20250111 19:31:52.218235 1218581 ImuError.cpp:368] gyr saturation
W20250111 19:31:52.218245 1218581 ImuError.cpp:368] gyr saturation
W20250111 19:31:52.218253 1218581 ImuError.cpp:368] gyr saturation
W20250111 19:31:52.218264 1218581 ImuError.cpp:368] gyr saturation
W20250111 19:31:52.218274 1218581 ImuError.cpp:368] gyr saturation
W20250111 19:31:52.218284 1218581 ImuError.cpp:368] gyr saturation
W20250111 19:31:52.218293 1218581 ImuError.cpp:368] gyr saturation
W20250111 19:31:52.218302 1218581 ImuError.cpp:368] gyr saturation
W20250111 19:31:52.218312 1218581 ImuError.cpp:368] gyr saturation
W20250111 19:31:52.218320 1218581 ImuError.cpp:368] gyr saturation
W20250111 19:31:52.218330 1218581 ImuError.cpp:368] gyr saturation
W20250111 19:31:52.218339 1218581 ImuError.cpp:368] gyr saturation
W20250111 19:31:52.218348 1218581 ImuError.cpp:368] gyr saturation
W20250111 19:31:52.218358 1218581 ImuError.cpp:368] gyr saturation
W20250111 19:31:52.218366 1218581 ImuError.cpp:368] gyr saturation
W20250111 19:31:52.218375 1218581 ImuError.cpp:368] gyr saturation
W20250111 19:31:52.218384 1218581 ImuError.cpp:368] gyr saturation
W20250111 19:31:52.218394 1218581 ImuError.cpp:368] gyr saturation
W20250111 19:31:52.218403 1218581 ImuError.cpp:368] gyr saturation
W20250111 19:31:52.218412 1218581 ImuError.cpp:368] gyr saturation
W20250111 19:31:52.218421 1218581 ImuError.cpp:368] gyr saturation
W20250111 19:31:52.218430 1218581 ImuError.cpp:368] gyr saturation
W20250111 19:31:52.218438 1218581 ImuError.cpp:368] gyr saturation
W20250111 19:31:52.218447 1218581 ImuError.cpp:368] gyr saturation
W20250111 19:31:52.218456 1218581 ImuError.cpp:368] gyr saturation
W20250111 19:31:52.218465 1218581 ImuError.cpp:368] gyr saturation
W20250111 19:31:52.218474 1218581 ImuError.cpp:368] gyr saturation
W20250111 19:31:52.218483 1218581 ImuError.cpp:368] gyr saturation
W20250111 19:31:52.218492 1218581 ImuError.cpp:368] gyr saturation
W20250111 19:31:52.246500 1218581 ViSlamBackend.cpp:466] TRACKING FAILURE: quality=0
W20250111 19:31:52.247223 1022177 ImuError.cpp:650] gyr saturation
W20250111 19:31:52.247265 1022177 ImuError.cpp:650] gyr saturation
W20250111 19:31:52.247270 1022177 ImuError.cpp:650] gyr saturation
W20250111 19:31:52.247277 1022177 ImuError.cpp:650] gyr saturation
W20250111 19:31:52.247284 1022177 ImuError.cpp:650] gyr saturation
W20250111 19:31:52.247290 1022177 ImuError.cpp:650] gyr saturation
W20250111 19:31:52.247296 1022177 ImuError.cpp:650] gyr saturation
W20250111 19:31:52.247301 1022177 ImuError.cpp:650] gyr saturation
W20250111 19:31:52.247308 1022177 ImuError.cpp:650] gyr saturation
W20250111 19:31:52.247313 1022177 ImuError.cpp:650] gyr saturation
W20250111 19:31:52.247319 1022177 ImuError.cpp:650] gyr saturation
W20250111 19:31:52.247326 1022177 ImuError.cpp:650] gyr saturation
W20250111 19:31:52.247331 1022177 ImuError.cpp:650] gyr saturation
W20250111 19:31:52.247337 1022177 ImuError.cpp:650] gyr saturation
W20250111 19:31:52.247344 1022177 ImuError.cpp:650] gyr saturation
W20250111 19:31:52.247350 1022177 ImuError.cpp:650] gyr saturation
W20250111 19:31:52.247356 1022177 ImuError.cpp:650] gyr saturation
W20250111 19:31:52.247362 1022177 ImuError.cpp:650] gyr saturation
W20250111 19:31:52.247368 1022177 ImuError.cpp:650] gyr saturation
W20250111 19:31:52.247375 1022177 ImuError.cpp:650] gyr saturation
W20250111 19:31:52.247390 1022177 ImuError.cpp:650] gyr saturation
W20250111 19:31:52.247396 1022177 ImuError.cpp:650] gyr saturation
W20250111 19:31:52.247402 1022177 ImuError.cpp:650] gyr saturation
W20250111 19:31:52.247411 1022177 ImuError.cpp:650] gyr saturation
W20250111 19:31:52.247417 1022177 ImuError.cpp:650] gyr saturation
W20250111 19:31:52.247424 1022177 ImuError.cpp:650] gyr saturation
W20250111 19:31:52.247431 1022177 ImuError.cpp:650] gyr saturation
W20250111 19:31:52.247437 1022177 ImuError.cpp:650] gyr saturation
W20250111 19:31:52.247442 1022177 ImuError.cpp:650] gyr saturation
W20250111 19:31:52.247447 1022177 ImuError.cpp:650] gyr saturation
W20250111 19:31:52.247453 1022177 ImuError.cpp:650] gyr saturation
W20250111 19:31:52.247459 1022177 ImuError.cpp:650] gyr saturation
W20250111 19:31:52.247465 1022177 ImuError.cpp:650] gyr saturation
W20250111 19:31:52.247471 1022177 ImuError.cpp:650] gyr saturation
W20250111 19:31:52.247557 1022177 ImuError.cpp:650] gyr saturation
W20250111 19:31:52.247565 1022177 ImuError.cpp:650] gyr saturation
W20250111 19:31:52.247570 1022177 ImuError.cpp:650] gyr saturation
W20250111 19:31:52.247576 1022177 ImuError.cpp:650] gyr saturation
W20250111 19:31:52.247582 1022177 ImuError.cpp:650] gyr saturation
W20250111 19:31:52.247588 1022177 ImuError.cpp:650] gyr saturation
W20250111 19:31:52.247594 1022177 ImuError.cpp:650] gyr saturation
W20250111 19:31:52.247601 1022177 ImuError.cpp:650] gyr saturation
W20250111 19:31:52.247606 1022177 ImuError.cpp:650] gyr saturation
W20250111 19:31:52.247612 1022177 ImuError.cpp:650] gyr saturation
W20250111 19:31:52.247618 1022177 ImuError.cpp:650] gyr saturation
W20250111 19:31:52.247623 1022177 ImuError.cpp:650] gyr saturation
W20250111 19:31:52.247637 1022177 ImuError.cpp:650] gyr saturation
W20250111 19:31:52.247642 1022177 ImuError.cpp:650] gyr saturation
W20250111 19:31:52.247648 1022177 ImuError.cpp:650] gyr saturation
W20250111 19:31:52.247653 1022177 ImuError.cpp:650] gyr saturation
W20250111 19:31:52.247658 1022177 ImuError.cpp:650] gyr saturation
W20250111 19:31:52.247664 1022177 ImuError.cpp:650] gyr saturation
W20250111 19:31:52.247670 1022177 ImuError.cpp:650] gyr saturation
W20250111 19:31:52.247676 1022177 ImuError.cpp:650] gyr saturation
W20250111 19:31:52.247682 1022177 ImuError.cpp:650] gyr saturation
W20250111 19:31:52.247689 1022177 ImuError.cpp:650] gyr saturation
W20250111 19:31:52.247694 1022177 ImuError.cpp:650] gyr saturation
W20250111 19:31:52.247699 1022177 ImuError.cpp:650] gyr saturation
W20250111 19:31:52.247705 1022177 ImuError.cpp:650] gyr saturation
W20250111 19:31:52.247711 1022177 ImuError.cpp:650] gyr saturation
W20250111 19:31:52.247717 1022177 ImuError.cpp:650] gyr saturation
W20250111 19:31:52.247723 1022177 ImuError.cpp:650] gyr saturation
W20250111 19:31:52.247730 1022177 ImuError.cpp:650] gyr saturation
W20250111 19:31:52.247735 1022177 ImuError.cpp:650] gyr saturation
W20250111 19:31:52.247741 1022177 ImuError.cpp:650] gyr saturation
W20250111 19:31:52.247747 1022177 ImuError.cpp:650] gyr saturation
W20250111 19:31:52.247753 1022177 ImuError.cpp:650] gyr saturation
W20250111 19:31:52.247759 1022177 ImuError.cpp:650] gyr saturation
W20250111 19:31:52.248271 1022177 Frontend.cpp:615] 3d2d tracking lost. Number of 3d2d-matches: 0
W20250111 19:31:52.248837 1022177 ImuError.cpp:650] gyr saturation
W20250111 19:31:52.248863 1022177 ImuError.cpp:650] gyr saturation
W20250111 19:31:52.248870 1022177 ImuError.cpp:650] gyr saturation
W20250111 19:31:52.248876 1022177 ImuError.cpp:650] gyr saturation
W20250111 19:31:52.248883 1022177 ImuError.cpp:650] gyr saturation
W20250111 19:31:52.248889 1022177 ImuError.cpp:650] gyr saturation
W20250111 19:31:52.248895 1022177 ImuError.cpp:650] gyr saturation
W20250111 19:31:52.248903 1022177 ImuError.cpp:650] gyr saturation
W20250111 19:31:52.248909 1022177 ImuError.cpp:650] gyr saturation
W20250111 19:31:52.248916 1022177 ImuError.cpp:650] gyr saturation
W20250111 19:31:52.248922 1022177 ImuError.cpp:650] gyr saturation
W20250111 19:31:52.248929 1022177 ImuError.cpp:650] gyr saturation
W20250111 19:31:52.248943 1022177 ImuError.cpp:650] gyr saturation
W20250111 19:31:52.248952 1022177 ImuError.cpp:650] gyr saturation
W20250111 19:31:52.248957 1022177 ImuError.cpp:650] gyr saturation
W20250111 19:31:52.248963 1022177 ImuError.cpp:650] gyr saturation
W20250111 19:31:52.248970 1022177 ImuError.cpp:650] gyr saturation
W20250111 19:31:52.248975 1022177 ImuError.cpp:650] gyr saturation
W20250111 19:31:52.248984 1022177 ImuError.cpp:650] gyr saturation
W20250111 19:31:52.248992 1022177 ImuError.cpp:650] gyr saturation
W20250111 19:31:52.248998 1022177 ImuError.cpp:650] gyr saturation
W20250111 19:31:52.249006 1022177 ImuError.cpp:650] gyr saturation
W20250111 19:31:52.249012 1022177 ImuError.cpp:650] gyr saturation
W20250111 19:31:52.249019 1022177 ImuError.cpp:650] gyr saturation
W20250111 19:31:52.249025 1022177 ImuError.cpp:650] gyr saturation
W20250111 19:31:52.249032 1022177 ImuError.cpp:650] gyr saturation
W20250111 19:31:52.249038 1022177 ImuError.cpp:650] gyr saturation
W20250111 19:31:52.249046 1022177 ImuError.cpp:650] gyr saturation
W20250111 19:31:52.249053 1022177 ImuError.cpp:650] gyr saturation
W20250111 19:31:52.249058 1022177 ImuError.cpp:650] gyr saturation
W20250111 19:31:52.249064 1022177 ImuError.cpp:650] gyr saturation
W20250111 19:31:52.249070 1022177 ImuError.cpp:650] gyr saturation
W20250111 19:31:52.249076 1022177 ImuError.cpp:650] gyr saturation
W20250111 19:31:52.249082 1022177 ImuError.cpp:650] gyr saturation
W20250111 19:31:52.249087 1022177 ImuError.cpp:650] gyr saturation
W20250111 19:31:52.249094 1022177 ImuError.cpp:650] gyr saturation
W20250111 19:31:52.249099 1022177 ImuError.cpp:650] gyr saturation
W20250111 19:31:52.249106 1022177 ImuError.cpp:650] gyr saturation
W20250111 19:31:52.249112 1022177 ImuError.cpp:650] gyr saturation
W20250111 19:31:52.249118 1022177 ImuError.cpp:650] gyr saturation
W20250111 19:31:52.249125 1022177 ImuError.cpp:650] gyr saturation
W20250111 19:31:52.249130 1022177 ImuError.cpp:650] gyr saturation
W20250111 19:31:52.249136 1022177 ImuError.cpp:650] gyr saturation
W20250111 19:31:52.249142 1022177 ImuError.cpp:650] gyr saturation
W20250111 19:31:52.249150 1022177 ImuError.cpp:650] gyr saturation
W20250111 19:31:52.249156 1022177 ImuError.cpp:650] gyr saturation
W20250111 19:31:52.249161 1022177 ImuError.cpp:650] gyr saturation
W20250111 19:31:52.249167 1022177 ImuError.cpp:650] gyr saturation
W20250111 19:31:52.249173 1022177 ImuError.cpp:650] gyr saturation
W20250111 19:31:52.249179 1022177 ImuError.cpp:650] gyr saturation
W20250111 19:31:52.249186 1022177 ImuError.cpp:650] gyr saturation
W20250111 19:31:52.249191 1022177 ImuError.cpp:650] gyr saturation
W20250111 19:31:52.249197 1022177 ImuError.cpp:650] gyr saturation
W20250111 19:31:52.249203 1022177 ImuError.cpp:650] gyr saturation
W20250111 19:31:52.249209 1022177 ImuError.cpp:650] gyr saturation
W20250111 19:31:52.249215 1022177 ImuError.cpp:650] gyr saturation
W20250111 19:31:52.249220 1022177 ImuError.cpp:650] gyr saturation
W20250111 19:31:52.249226 1022177 ImuError.cpp:650] gyr saturation
W20250111 19:31:52.249233 1022177 ImuError.cpp:650] gyr saturation
W20250111 19:31:52.249238 1022177 ImuError.cpp:650] gyr saturation
W20250111 19:31:52.249243 1022177 ImuError.cpp:650] gyr saturation
W20250111 19:31:52.249248 1022177 ImuError.cpp:650] gyr saturation
W20250111 19:31:52.249254 1022177 ImuError.cpp:650] gyr saturation
W20250111 19:31:52.249259 1022177 ImuError.cpp:650] gyr saturation
W20250111 19:31:52.249265 1022177 ImuError.cpp:650] gyr saturation
W20250111 19:31:52.249271 1022177 ImuError.cpp:650] gyr saturation
W20250111 19:31:52.249277 1022177 ImuError.cpp:650] gyr saturation
W20250111 19:31:52.249931 1218591 ImuError.cpp:368] gyr saturation
W20250111 19:31:52.249972 1218591 ImuError.cpp:368] gyr saturation
W20250111 19:31:52.249984 1218591 ImuError.cpp:368] gyr saturation
W20250111 19:31:52.249995 1218591 ImuError.cpp:368] gyr saturation
W20250111 19:31:52.250005 1218591 ImuError.cpp:368] gyr saturation
W20250111 19:31:52.250015 1218591 ImuError.cpp:368] gyr saturation
W20250111 19:31:52.250032 1218591 ImuError.cpp:368] gyr saturation
W20250111 19:31:52.250046 1218591 ImuError.cpp:368] gyr saturation
W20250111 19:31:52.250056 1218591 ImuError.cpp:368] gyr saturation
W20250111 19:31:52.250067 1218591 ImuError.cpp:368] gyr saturation
W20250111 19:31:52.250077 1218591 ImuError.cpp:368] gyr saturation
W20250111 19:31:52.250087 1218591 ImuError.cpp:368] gyr saturation
W20250111 19:31:52.250097 1218591 ImuError.cpp:368] gyr saturation
W20250111 19:31:52.250106 1218591 ImuError.cpp:368] gyr saturation
W20250111 19:31:52.250115 1218591 ImuError.cpp:368] gyr saturation
W20250111 19:31:52.250124 1218591 ImuError.cpp:368] gyr saturation
W20250111 19:31:52.250133 1218591 ImuError.cpp:368] gyr saturation
W20250111 19:31:52.250144 1218591 ImuError.cpp:368] gyr saturation
W20250111 19:31:52.250154 1218591 ImuError.cpp:368] gyr saturation
W20250111 19:31:52.250162 1218591 ImuError.cpp:368] gyr saturation
W20250111 19:31:52.250171 1218591 ImuError.cpp:368] gyr saturation
W20250111 19:31:52.250180 1218591 ImuError.cpp:368] gyr saturation
W20250111 19:31:52.250190 1218591 ImuError.cpp:368] gyr saturation
W20250111 19:31:52.250198 1218591 ImuError.cpp:368] gyr saturation
W20250111 19:31:52.250208 1218591 ImuError.cpp:368] gyr saturation
W20250111 19:31:52.250217 1218591 ImuError.cpp:368] gyr saturation
W20250111 19:31:52.250226 1218591 ImuError.cpp:368] gyr saturation
W20250111 19:31:52.250236 1218591 ImuError.cpp:368] gyr saturation
W20250111 19:31:52.250244 1218591 ImuError.cpp:368] gyr saturation
W20250111 19:31:52.250253 1218591 ImuError.cpp:368] gyr saturation
W20250111 19:31:52.250262 1218591 ImuError.cpp:368] gyr saturation
W20250111 19:31:52.250272 1218591 ImuError.cpp:368] gyr saturation
W20250111 19:31:52.250279 1218591 ImuError.cpp:368] gyr saturation
W20250111 19:31:52.250288 1218591 ImuError.cpp:368] gyr saturation
W20250111 19:31:52.258227 1218591 ViSlamBackend.cpp:466] TRACKING FAILURE: quality=0
W20250111 19:31:52.258745 1022177 ImuError.cpp:650] gyr saturation
W20250111 19:31:52.258786 1022177 ImuError.cpp:650] gyr saturation
W20250111 19:31:52.258793 1022177 ImuError.cpp:650] gyr saturation
W20250111 19:31:52.258800 1022177 ImuError.cpp:650] gyr saturation
W20250111 19:31:52.258806 1022177 ImuError.cpp:650] gyr saturation
W20250111 19:31:52.258811 1022177 ImuError.cpp:650] gyr saturation
W20250111 19:31:52.258817 1022177 ImuError.cpp:650] gyr saturation
W20250111 19:31:52.258824 1022177 ImuError.cpp:650] gyr saturation
W20250111 19:31:52.258831 1022177 ImuError.cpp:650] gyr saturation
W20250111 19:31:52.258836 1022177 ImuError.cpp:650] gyr saturation
W20250111 19:31:52.258842 1022177 ImuError.cpp:650] gyr saturation
W20250111 19:31:52.258847 1022177 ImuError.cpp:650] gyr saturation
W20250111 19:31:52.258853 1022177 ImuError.cpp:650] gyr saturation
W20250111 19:31:52.258859 1022177 ImuError.cpp:650] gyr saturation
W20250111 19:31:52.258864 1022177 ImuError.cpp:650] gyr saturation
W20250111 19:31:52.258869 1022177 ImuError.cpp:650] gyr saturation
W20250111 19:31:52.258875 1022177 ImuError.cpp:650] gyr saturation
W20250111 19:31:52.258880 1022177 ImuError.cpp:650] gyr saturation
W20250111 19:31:52.258886 1022177 ImuError.cpp:650] gyr saturation
W20250111 19:31:52.258893 1022177 ImuError.cpp:650] gyr saturation
W20250111 19:31:52.258898 1022177 ImuError.cpp:650] gyr saturation
W20250111 19:31:52.258904 1022177 ImuError.cpp:650] gyr saturation
W20250111 19:31:52.258910 1022177 ImuError.cpp:650] gyr saturation
W20250111 19:31:52.258915 1022177 ImuError.cpp:650] gyr saturation
W20250111 19:31:52.258921 1022177 ImuError.cpp:650] gyr saturation
W20250111 19:31:52.258926 1022177 ImuError.cpp:650] gyr saturation
W20250111 19:31:52.258932 1022177 ImuError.cpp:650] gyr saturation
W20250111 19:31:52.258937 1022177 ImuError.cpp:650] gyr saturation
W20250111 19:31:52.258944 1022177 ImuError.cpp:650] gyr saturation
W20250111 19:31:52.258950 1022177 ImuError.cpp:650] gyr saturation
W20250111 19:31:52.258955 1022177 ImuError.cpp:650] gyr saturation
W20250111 19:31:52.258960 1022177 ImuError.cpp:650] gyr saturation
W20250111 19:31:52.258975 1022177 ImuError.cpp:650] gyr saturation
W20250111 19:31:52.258982 1022177 ImuError.cpp:650] gyr saturation
W20250111 19:31:52.259029 1022177 ImuError.cpp:650] gyr saturation
W20250111 19:31:52.259038 1022177 ImuError.cpp:650] gyr saturation
W20250111 19:31:52.259043 1022177 ImuError.cpp:650] gyr saturation
W20250111 19:31:52.259049 1022177 ImuError.cpp:650] gyr saturation
W20250111 19:31:52.259055 1022177 ImuError.cpp:650] gyr saturation
W20250111 19:31:52.259061 1022177 ImuError.cpp:650] gyr saturation
W20250111 19:31:52.259066 1022177 ImuError.cpp:650] gyr saturation
W20250111 19:31:52.259073 1022177 ImuError.cpp:650] gyr saturation
W20250111 19:31:52.259078 1022177 ImuError.cpp:650] gyr saturation
W20250111 19:31:52.259084 1022177 ImuError.cpp:650] gyr saturation
W20250111 19:31:52.259089 1022177 ImuError.cpp:650] gyr saturation
W20250111 19:31:52.259095 1022177 ImuError.cpp:650] gyr saturation
W20250111 19:31:52.259101 1022177 ImuError.cpp:650] gyr saturation
W20250111 19:31:52.259106 1022177 ImuError.cpp:650] gyr saturation
W20250111 19:31:52.259112 1022177 ImuError.cpp:650] gyr saturation
W20250111 19:31:52.259119 1022177 ImuError.cpp:650] gyr saturation
W20250111 19:31:52.259124 1022177 ImuError.cpp:650] gyr saturation
W20250111 19:31:52.259130 1022177 ImuError.cpp:650] gyr saturation
W20250111 19:31:52.259135 1022177 ImuError.cpp:650] gyr saturation
W20250111 19:31:52.259140 1022177 ImuError.cpp:650] gyr saturation
W20250111 19:31:52.259146 1022177 ImuError.cpp:650] gyr saturation
W20250111 19:31:52.259152 1022177 ImuError.cpp:650] gyr saturation
W20250111 19:31:52.259157 1022177 ImuError.cpp:650] gyr saturation
W20250111 19:31:52.259163 1022177 ImuError.cpp:650] gyr saturation
W20250111 19:31:52.259169 1022177 ImuError.cpp:650] gyr saturation
W20250111 19:31:52.259176 1022177 ImuError.cpp:650] gyr saturation
W20250111 19:31:52.259181 1022177 ImuError.cpp:650] gyr saturation
W20250111 19:31:52.259186 1022177 ImuError.cpp:650] gyr saturation
W20250111 19:31:52.259192 1022177 ImuError.cpp:650] gyr saturation
W20250111 19:31:52.259198 1022177 ImuError.cpp:650] gyr saturation
W20250111 19:31:52.259203 1022177 ImuError.cpp:650] gyr saturation
W20250111 19:31:52.259209 1022177 ImuError.cpp:650] gyr saturation
W20250111 19:31:52.259215 1022177 ImuError.cpp:650] gyr saturation
W20250111 19:31:52.259222 1022177 ImuError.cpp:650] gyr saturation
W20250111 19:31:52.259769 1022177 Frontend.cpp:615] 3d2d tracking lost. Number of 3d2d-matches: 0
W20250111 19:31:52.260308 1022177 ImuError.cpp:650] gyr saturation
W20250111 19:31:52.260329 1022177 ImuError.cpp:650] gyr saturation
W20250111 19:31:52.260335 1022177 ImuError.cpp:650] gyr saturation
W20250111 19:31:52.260342 1022177 ImuError.cpp:650] gyr saturation
W20250111 19:31:52.260349 1022177 ImuError.cpp:650] gyr saturation
W20250111 19:31:52.260355 1022177 ImuError.cpp:650] gyr saturation
W20250111 19:31:52.260361 1022177 ImuError.cpp:650] gyr saturation
W20250111 19:31:52.260368 1022177 ImuError.cpp:650] gyr saturation
W20250111 19:31:52.260373 1022177 ImuError.cpp:650] gyr saturation
W20250111 19:31:52.260380 1022177 ImuError.cpp:650] gyr saturation
W20250111 19:31:52.260385 1022177 ImuError.cpp:650] gyr saturation
W20250111 19:31:52.260392 1022177 ImuError.cpp:650] gyr saturation
W20250111 19:31:52.260396 1022177 ImuError.cpp:650] gyr saturation
W20250111 19:31:52.260402 1022177 ImuError.cpp:650] gyr saturation
W20250111 19:31:52.260408 1022177 ImuError.cpp:650] gyr saturation
W20250111 19:31:52.260416 1022177 ImuError.cpp:650] gyr saturation
W20250111 19:31:52.260421 1022177 ImuError.cpp:650] gyr saturation
W20250111 19:31:52.260426 1022177 ImuError.cpp:650] gyr saturation
W20250111 19:31:52.260432 1022177 ImuError.cpp:650] gyr saturation
W20250111 19:31:52.260438 1022177 ImuError.cpp:650] gyr saturation
W20250111 19:31:52.260444 1022177 ImuError.cpp:650] gyr saturation
W20250111 19:31:52.260449 1022177 ImuError.cpp:650] gyr saturation
W20250111 19:31:52.260455 1022177 ImuError.cpp:650] gyr saturation
W20250111 19:31:52.260470 1022177 ImuError.cpp:650] gyr saturation
W20250111 19:31:52.260479 1022177 ImuError.cpp:650] gyr saturation
W20250111 19:31:52.260485 1022177 ImuError.cpp:650] gyr saturation
W20250111 19:31:52.260491 1022177 ImuError.cpp:650] gyr saturation
W20250111 19:31:52.260499 1022177 ImuError.cpp:650] gyr saturation
W20250111 19:31:52.260505 1022177 ImuError.cpp:650] gyr saturation
W20250111 19:31:52.260510 1022177 ImuError.cpp:650] gyr saturation
W20250111 19:31:52.260516 1022177 ImuError.cpp:650] gyr saturation
W20250111 19:31:52.260522 1022177 ImuError.cpp:650] gyr saturation
W20250111 19:31:52.260528 1022177 ImuError.cpp:650] gyr saturation
W20250111 19:31:52.260535 1022177 ImuError.cpp:650] gyr saturation
W20250111 19:31:52.260540 1022177 ImuError.cpp:650] gyr saturation
W20250111 19:31:52.260545 1022177 ImuError.cpp:650] gyr saturation
W20250111 19:31:52.260552 1022177 ImuError.cpp:650] gyr saturation
W20250111 19:31:52.260557 1022177 ImuError.cpp:650] gyr saturation
W20250111 19:31:52.260563 1022177 ImuError.cpp:650] gyr saturation
W20250111 19:31:52.260568 1022177 ImuError.cpp:650] gyr saturation
W20250111 19:31:52.260574 1022177 ImuError.cpp:650] gyr saturation
W20250111 19:31:52.260581 1022177 ImuError.cpp:650] gyr saturation
W20250111 19:31:52.260586 1022177 ImuError.cpp:650] gyr saturation
W20250111 19:31:52.260592 1022177 ImuError.cpp:650] gyr saturation
W20250111 19:31:52.260598 1022177 ImuError.cpp:650] gyr saturation
W20250111 19:31:52.260603 1022177 ImuError.cpp:650] gyr saturation
W20250111 19:31:52.260610 1022177 ImuError.cpp:650] gyr saturation
W20250111 19:31:52.260615 1022177 ImuError.cpp:650] gyr saturation
W20250111 19:31:52.260622 1022177 ImuError.cpp:650] gyr saturation
W20250111 19:31:52.260627 1022177 ImuError.cpp:650] gyr saturation
W20250111 19:31:52.260638 1022177 ImuError.cpp:650] gyr saturation
W20250111 19:31:52.260644 1022177 ImuError.cpp:650] gyr saturation
W20250111 19:31:52.260651 1022177 ImuError.cpp:650] gyr saturation
W20250111 19:31:52.260658 1022177 ImuError.cpp:650] gyr saturation
W20250111 19:31:52.260663 1022177 ImuError.cpp:650] gyr saturation
W20250111 19:31:52.260669 1022177 ImuError.cpp:650] gyr saturation
W20250111 19:31:52.260674 1022177 ImuError.cpp:650] gyr saturation
W20250111 19:31:52.260681 1022177 ImuError.cpp:650] gyr saturation
W20250111 19:31:52.260689 1022177 ImuError.cpp:650] gyr saturation
W20250111 19:31:52.260694 1022177 ImuError.cpp:650] gyr saturation
W20250111 19:31:52.260699 1022177 ImuError.cpp:650] gyr saturation
W20250111 19:31:52.260704 1022177 ImuError.cpp:650] gyr saturation
W20250111 19:31:52.260710 1022177 ImuError.cpp:650] gyr saturation
W20250111 19:31:52.260715 1022177 ImuError.cpp:650] gyr saturation
W20250111 19:31:52.260721 1022177 ImuError.cpp:650] gyr saturation
W20250111 19:31:52.260727 1022177 ImuError.cpp:650] gyr saturation
W20250111 19:31:52.260733 1022177 ImuError.cpp:650] gyr saturation
W20250111 19:31:52.260739 1022177 ImuError.cpp:650] gyr saturation
W20250111 19:31:52.261406 1218601 ImuError.cpp:368] gyr saturation
W20250111 19:31:52.261446 1218601 ImuError.cpp:368] gyr saturation
W20250111 19:31:52.261456 1218601 ImuError.cpp:368] gyr saturation
W20250111 19:31:52.261466 1218601 ImuError.cpp:368] gyr saturation
W20250111 19:31:52.261473 1218601 ImuError.cpp:368] gyr saturation
W20250111 19:31:52.261482 1218601 ImuError.cpp:368] gyr saturation
W20250111 19:31:52.261490 1218601 ImuError.cpp:368] gyr saturation
W20250111 19:31:52.261499 1218601 ImuError.cpp:368] gyr saturation
W20250111 19:31:52.261508 1218601 ImuError.cpp:368] gyr saturation
W20250111 19:31:52.261516 1218601 ImuError.cpp:368] gyr saturation
W20250111 19:31:52.261526 1218601 ImuError.cpp:368] gyr saturation
W20250111 19:31:52.261534 1218601 ImuError.cpp:368] gyr saturation
W20250111 19:31:52.261543 1218601 ImuError.cpp:368] gyr saturation
W20250111 19:31:52.261550 1218601 ImuError.cpp:368] gyr saturation
W20250111 19:31:52.261560 1218601 ImuError.cpp:368] gyr saturation
W20250111 19:31:52.261569 1218601 ImuError.cpp:368] gyr saturation
W20250111 19:31:52.261576 1218601 ImuError.cpp:368] gyr saturation
W20250111 19:31:52.261591 1218601 ImuError.cpp:368] gyr saturation
W20250111 19:31:52.261600 1218601 ImuError.cpp:368] gyr saturation
W20250111 19:31:52.261607 1218601 ImuError.cpp:368] gyr saturation
W20250111 19:31:52.261616 1218601 ImuError.cpp:368] gyr saturation
W20250111 19:31:52.261624 1218601 ImuError.cpp:368] gyr saturation
W20250111 19:31:52.261634 1218601 ImuError.cpp:368] gyr saturation
W20250111 19:31:52.261642 1218601 ImuError.cpp:368] gyr saturation
W20250111 19:31:52.261651 1218601 ImuError.cpp:368] gyr saturation
W20250111 19:31:52.261658 1218601 ImuError.cpp:368] gyr saturation
W20250111 19:31:52.261667 1218601 ImuError.cpp:368] gyr saturation
W20250111 19:31:52.261674 1218601 ImuError.cpp:368] gyr saturation
W20250111 19:31:52.261682 1218601 ImuError.cpp:368] gyr saturation
W20250111 19:31:52.261690 1218601 ImuError.cpp:368] gyr saturation
W20250111 19:31:52.261698 1218601 ImuError.cpp:368] gyr saturation
W20250111 19:31:52.261706 1218601 ImuError.cpp:368] gyr saturation
W20250111 19:31:52.261715 1218601 ImuError.cpp:368] gyr saturation
W20250111 19:31:52.261723 1218601 ImuError.cpp:368] gyr saturation
W20250111 19:31:52.269687 1218601 ViSlamBackend.cpp:466] TRACKING FAILURE: quality=0
W20250111 19:31:52.269847 1218601 ImuError.cpp:165] gyr saturation
W20250111 19:31:52.269866 1218601 ImuError.cpp:165] gyr saturation
W20250111 19:31:52.269876 1218601 ImuError.cpp:165] gyr saturation
W20250111 19:31:52.269886 1218601 ImuError.cpp:165] gyr saturation
W20250111 19:31:52.269893 1218601 ImuError.cpp:165] gyr saturation
W20250111 19:31:52.269903 1218601 ImuError.cpp:165] gyr saturation
W20250111 19:31:52.269912 1218601 ImuError.cpp:165] gyr saturation
W20250111 19:31:52.269919 1218601 ImuError.cpp:165] gyr saturation
W20250111 19:31:52.269933 1218601 ImuError.cpp:165] gyr saturation
W20250111 19:31:52.269944 1218601 ImuError.cpp:165] gyr saturation
W20250111 19:31:52.269953 1218601 ImuError.cpp:165] gyr saturation
W20250111 19:31:52.269963 1218601 ImuError.cpp:165] gyr saturation
W20250111 19:31:52.269970 1218601 ImuError.cpp:165] gyr saturation
W20250111 19:31:52.269979 1218601 ImuError.cpp:165] gyr saturation
W20250111 19:31:52.269987 1218601 ImuError.cpp:165] gyr saturation
W20250111 19:31:52.269999 1218601 ImuError.cpp:165] gyr saturation
W20250111 19:31:52.270007 1218601 ImuError.cpp:165] gyr saturation
W20250111 19:31:52.270015 1218601 ImuError.cpp:165] gyr saturation
W20250111 19:31:52.270027 1218601 ImuError.cpp:165] gyr saturation
W20250111 19:31:52.270035 1218601 ImuError.cpp:165] gyr saturation
W20250111 19:31:52.270047 1218601 ImuError.cpp:165] gyr saturation
W20250111 19:31:52.270057 1218601 ImuError.cpp:165] gyr saturation
W20250111 19:31:52.270064 1218601 ImuError.cpp:165] gyr saturation
W20250111 19:31:52.270073 1218601 ImuError.cpp:165] gyr saturation
W20250111 19:31:52.270082 1218601 ImuError.cpp:165] gyr saturation
W20250111 19:31:52.270093 1218601 ImuError.cpp:165] gyr saturation
W20250111 19:31:52.270103 1218601 ImuError.cpp:165] gyr saturation
W20250111 19:31:52.270113 1218601 ImuError.cpp:165] gyr saturation
W20250111 19:31:52.270123 1218601 ImuError.cpp:165] gyr saturation
W20250111 19:31:52.270130 1218601 ImuError.cpp:165] gyr saturation
W20250111 19:31:52.270138 1218601 ImuError.cpp:165] gyr saturation
W20250111 19:31:52.270146 1218601 ImuError.cpp:165] gyr saturation
W20250111 19:31:52.270155 1218601 ImuError.cpp:165] gyr saturation
W20250111 19:31:52.270164 1218601 ImuError.cpp:165] gyr saturation
W20250111 19:31:52.270172 1218601 ImuError.cpp:165] gyr saturation
W20250111 19:31:52.270215 1218601 ImuError.cpp:165] gyr saturation
W20250111 19:31:52.270222 1218601 ImuError.cpp:165] gyr saturation
W20250111 19:31:52.270231 1218601 ImuError.cpp:165] gyr saturation
W20250111 19:31:52.270241 1218601 ImuError.cpp:165] gyr saturation
W20250111 19:31:52.270249 1218601 ImuError.cpp:165] gyr saturation
W20250111 19:31:52.270257 1218601 ImuError.cpp:165] gyr saturation
W20250111 19:31:52.270265 1218601 ImuError.cpp:165] gyr saturation
W20250111 19:31:52.270280 1218601 ImuError.cpp:165] gyr saturation
W20250111 19:31:52.270288 1218601 ImuError.cpp:165] gyr saturation
W20250111 19:31:52.270296 1218601 ImuError.cpp:165] gyr saturation
W20250111 19:31:52.270308 1218601 ImuError.cpp:165] gyr saturation
W20250111 19:31:52.270316 1218601 ImuError.cpp:165] gyr saturation
W20250111 19:31:52.270324 1218601 ImuError.cpp:165] gyr saturation
W20250111 19:31:52.270332 1218601 ImuError.cpp:165] gyr saturation
W20250111 19:31:52.270340 1218601 ImuError.cpp:165] gyr saturation
W20250111 19:31:52.270349 1218601 ImuError.cpp:165] gyr saturation
W20250111 19:31:52.270356 1218601 ImuError.cpp:165] gyr saturation
W20250111 19:31:52.270365 1218601 ImuError.cpp:165] gyr saturation
W20250111 19:31:52.270373 1218601 ImuError.cpp:165] gyr saturation
W20250111 19:31:52.270381 1218601 ImuError.cpp:165] gyr saturation
W20250111 19:31:52.270390 1218601 ImuError.cpp:165] gyr saturation
W20250111 19:31:52.270397 1218601 ImuError.cpp:165] gyr saturation
W20250111 19:31:52.270406 1218601 ImuError.cpp:165] gyr saturation
W20250111 19:31:52.270413 1218601 ImuError.cpp:165] gyr saturation
W20250111 19:31:52.270421 1218601 ImuError.cpp:165] gyr saturation
W20250111 19:31:52.270429 1218601 ImuError.cpp:165] gyr saturation
W20250111 19:31:52.270437 1218601 ImuError.cpp:165] gyr saturation
W20250111 19:31:52.270445 1218601 ImuError.cpp:165] gyr saturation
W20250111 19:31:52.270454 1218601 ImuError.cpp:165] gyr saturation
W20250111 19:31:52.270462 1218601 ImuError.cpp:165] gyr saturation
W20250111 19:31:52.270470 1218601 ImuError.cpp:165] gyr saturation
W20250111 19:31:52.270479 1218601 ImuError.cpp:165] gyr saturation
W20250111 19:31:52.270488 1218601 ImuError.cpp:165] gyr saturation
W20250111 19:31:52.270495 1218601 ImuError.cpp:165] gyr saturation
W20250111 19:31:52.270503 1218601 ImuError.cpp:165] gyr saturation
W20250111 19:31:52.271075 1022177 ImuError.cpp:650] gyr saturation
W20250111 19:31:52.271118 1022177 ImuError.cpp:650] gyr saturation
W20250111 19:31:52.271126 1022177 ImuError.cpp:650] gyr saturation
W20250111 19:31:52.271131 1022177 ImuError.cpp:650] gyr saturation
W20250111 19:31:52.271136 1022177 ImuError.cpp:650] gyr saturation
W20250111 19:31:52.271142 1022177 ImuError.cpp:650] gyr saturation
W20250111 19:31:52.271147 1022177 ImuError.cpp:650] gyr saturation
W20250111 19:31:52.271152 1022177 ImuError.cpp:650] gyr saturation
W20250111 19:31:52.271157 1022177 ImuError.cpp:650] gyr saturation
W20250111 19:31:52.271162 1022177 ImuError.cpp:650] gyr saturation
W20250111 19:31:52.271168 1022177 ImuError.cpp:650] gyr saturation
W20250111 19:31:52.271173 1022177 ImuError.cpp:650] gyr saturation
W20250111 19:31:52.271178 1022177 ImuError.cpp:650] gyr saturation
W20250111 19:31:52.271183 1022177 ImuError.cpp:650] gyr saturation
W20250111 19:31:52.271188 1022177 ImuError.cpp:650] gyr saturation
W20250111 19:31:52.271194 1022177 ImuError.cpp:650] gyr saturation
W20250111 19:31:52.271199 1022177 ImuError.cpp:650] gyr saturation
W20250111 19:31:52.271204 1022177 ImuError.cpp:650] gyr saturation
W20250111 19:31:52.271209 1022177 ImuError.cpp:650] gyr saturation
W20250111 19:31:52.271214 1022177 ImuError.cpp:650] gyr saturation
W20250111 19:31:52.271219 1022177 ImuError.cpp:650] gyr saturation
W20250111 19:31:52.271224 1022177 ImuError.cpp:650] gyr saturation
W20250111 19:31:52.271229 1022177 ImuError.cpp:650] gyr saturation
W20250111 19:31:52.271235 1022177 ImuError.cpp:650] gyr saturation
W20250111 19:31:52.271240 1022177 ImuError.cpp:650] gyr saturation
W20250111 19:31:52.271245 1022177 ImuError.cpp:650] gyr saturation
W20250111 19:31:52.271250 1022177 ImuError.cpp:650] gyr saturation
W20250111 19:31:52.271255 1022177 ImuError.cpp:650] gyr saturation
W20250111 19:31:52.271260 1022177 ImuError.cpp:650] gyr saturation
W20250111 19:31:52.271265 1022177 ImuError.cpp:650] gyr saturation
W20250111 19:31:52.271270 1022177 ImuError.cpp:650] gyr saturation
W20250111 19:31:52.271275 1022177 ImuError.cpp:650] gyr saturation
W20250111 19:31:52.271281 1022177 ImuError.cpp:650] gyr saturation
W20250111 19:31:52.271286 1022177 ImuError.cpp:650] gyr saturation
W20250111 19:31:52.271301 1022177 ImuError.cpp:650] gyr saturation
W20250111 19:31:52.271378 1022177 ImuError.cpp:650] gyr saturation
W20250111 19:31:52.271384 1022177 ImuError.cpp:650] gyr saturation
W20250111 19:31:52.271391 1022177 ImuError.cpp:650] gyr saturation
W20250111 19:31:52.271396 1022177 ImuError.cpp:650] gyr saturation
W20250111 19:31:52.271401 1022177 ImuError.cpp:650] gyr saturation
W20250111 19:31:52.271406 1022177 ImuError.cpp:650] gyr saturation
W20250111 19:31:52.271411 1022177 ImuError.cpp:650] gyr saturation
W20250111 19:31:52.271417 1022177 ImuError.cpp:650] gyr saturation
W20250111 19:31:52.271422 1022177 ImuError.cpp:650] gyr saturation
W20250111 19:31:52.271427 1022177 ImuError.cpp:650] gyr saturation
W20250111 19:31:52.271432 1022177 ImuError.cpp:650] gyr saturation
W20250111 19:31:52.271437 1022177 ImuError.cpp:650] gyr saturation
W20250111 19:31:52.271442 1022177 ImuError.cpp:650] gyr saturation
W20250111 19:31:52.271448 1022177 ImuError.cpp:650] gyr saturation
W20250111 19:31:52.271453 1022177 ImuError.cpp:650] gyr saturation
W20250111 19:31:52.271458 1022177 ImuError.cpp:650] gyr saturation
W20250111 19:31:52.271463 1022177 ImuError.cpp:650] gyr saturation
W20250111 19:31:52.271468 1022177 ImuError.cpp:650] gyr saturation
W20250111 19:31:52.271473 1022177 ImuError.cpp:650] gyr saturation
W20250111 19:31:52.271478 1022177 ImuError.cpp:650] gyr saturation
W20250111 19:31:52.271483 1022177 ImuError.cpp:650] gyr saturation
W20250111 19:31:52.271488 1022177 ImuError.cpp:650] gyr saturation
W20250111 19:31:52.271493 1022177 ImuError.cpp:650] gyr saturation
W20250111 19:31:52.271498 1022177 ImuError.cpp:650] gyr saturation
W20250111 19:31:52.271503 1022177 ImuError.cpp:650] gyr saturation
W20250111 19:31:52.271508 1022177 ImuError.cpp:650] gyr saturation
W20250111 19:31:52.271513 1022177 ImuError.cpp:650] gyr saturation
W20250111 19:31:52.271518 1022177 ImuError.cpp:650] gyr saturation
W20250111 19:31:52.271523 1022177 ImuError.cpp:650] gyr saturation
W20250111 19:31:52.271528 1022177 ImuError.cpp:650] gyr saturation
W20250111 19:31:52.271534 1022177 ImuError.cpp:650] gyr saturation
W20250111 19:31:52.271539 1022177 ImuError.cpp:650] gyr saturation
W20250111 19:31:52.271544 1022177 ImuError.cpp:650] gyr saturation
W20250111 19:31:52.271549 1022177 ImuError.cpp:650] gyr saturation
W20250111 19:31:52.271554 1022177 ImuError.cpp:650] gyr saturation
W20250111 19:31:52.272192 1022177 Frontend.cpp:615] 3d2d tracking lost. Number of 3d2d-matches: 0
W20250111 19:31:52.272753 1022177 ImuError.cpp:650] gyr saturation
W20250111 19:31:52.272776 1022177 ImuError.cpp:650] gyr saturation
W20250111 19:31:52.272784 1022177 ImuError.cpp:650] gyr saturation
W20250111 19:31:52.272792 1022177 ImuError.cpp:650] gyr saturation
W20250111 19:31:52.272799 1022177 ImuError.cpp:650] gyr saturation
W20250111 19:31:52.272806 1022177 ImuError.cpp:650] gyr saturation
W20250111 19:31:52.272812 1022177 ImuError.cpp:650] gyr saturation
W20250111 19:31:52.272818 1022177 ImuError.cpp:650] gyr saturation
W20250111 19:31:52.272825 1022177 ImuError.cpp:650] gyr saturation
W20250111 19:31:52.272831 1022177 ImuError.cpp:650] gyr saturation
W20250111 19:31:52.272840 1022177 ImuError.cpp:650] gyr saturation
W20250111 19:31:52.272846 1022177 ImuError.cpp:650] gyr saturation
W20250111 19:31:52.272853 1022177 ImuError.cpp:650] gyr saturation
W20250111 19:31:52.272861 1022177 ImuError.cpp:650] gyr saturation
W20250111 19:31:52.272867 1022177 ImuError.cpp:650] gyr saturation
W20250111 19:31:52.272873 1022177 ImuError.cpp:650] gyr saturation
W20250111 19:31:52.272881 1022177 ImuError.cpp:650] gyr saturation
W20250111 19:31:52.272887 1022177 ImuError.cpp:650] gyr saturation
W20250111 19:31:52.272894 1022177 ImuError.cpp:650] gyr saturation
W20250111 19:31:52.272902 1022177 ImuError.cpp:650] gyr saturation
W20250111 19:31:52.272908 1022177 ImuError.cpp:650] gyr saturation
W20250111 19:31:52.272914 1022177 ImuError.cpp:650] gyr saturation
W20250111 19:31:52.272922 1022177 ImuError.cpp:650] gyr saturation
W20250111 19:31:52.272936 1022177 ImuError.cpp:650] gyr saturation
W20250111 19:31:52.272944 1022177 ImuError.cpp:650] gyr saturation
W20250111 19:31:52.272951 1022177 ImuError.cpp:650] gyr saturation
W20250111 19:31:52.272959 1022177 ImuError.cpp:650] gyr saturation
W20250111 19:31:52.272967 1022177 ImuError.cpp:650] gyr saturation
W20250111 19:31:52.272974 1022177 ImuError.cpp:650] gyr saturation
W20250111 19:31:52.272980 1022177 ImuError.cpp:650] gyr saturation
W20250111 19:31:52.272987 1022177 ImuError.cpp:650] gyr saturation
W20250111 19:31:52.272995 1022177 ImuError.cpp:650] gyr saturation
W20250111 19:31:52.273002 1022177 ImuError.cpp:650] gyr saturation
W20250111 19:31:52.273008 1022177 ImuError.cpp:650] gyr saturation
W20250111 19:31:52.273015 1022177 ImuError.cpp:650] gyr saturation
W20250111 19:31:52.273021 1022177 ImuError.cpp:650] gyr saturation
W20250111 19:31:52.273029 1022177 ImuError.cpp:650] gyr saturation
W20250111 19:31:52.273036 1022177 ImuError.cpp:650] gyr saturation
W20250111 19:31:52.273042 1022177 ImuError.cpp:650] gyr saturation
W20250111 19:31:52.273048 1022177 ImuError.cpp:650] gyr saturation
W20250111 19:31:52.273056 1022177 ImuError.cpp:650] gyr saturation
W20250111 19:31:52.273062 1022177 ImuError.cpp:650] gyr saturation
W20250111 19:31:52.273069 1022177 ImuError.cpp:650] gyr saturation
W20250111 19:31:52.273077 1022177 ImuError.cpp:650] gyr saturation
W20250111 19:31:52.273082 1022177 ImuError.cpp:650] gyr saturation
W20250111 19:31:52.273089 1022177 ImuError.cpp:650] gyr saturation
W20250111 19:31:52.273095 1022177 ImuError.cpp:650] gyr saturation
W20250111 19:31:52.273101 1022177 ImuError.cpp:650] gyr saturation
W20250111 19:31:52.273108 1022177 ImuError.cpp:650] gyr saturation
W20250111 19:31:52.273114 1022177 ImuError.cpp:650] gyr saturation
W20250111 19:31:52.273121 1022177 ImuError.cpp:650] gyr saturation
W20250111 19:31:52.273126 1022177 ImuError.cpp:650] gyr saturation
W20250111 19:31:52.273133 1022177 ImuError.cpp:650] gyr saturation
W20250111 19:31:52.273139 1022177 ImuError.cpp:650] gyr saturation
W20250111 19:31:52.273145 1022177 ImuError.cpp:650] gyr saturation
W20250111 19:31:52.273152 1022177 ImuError.cpp:650] gyr saturation
W20250111 19:31:52.273159 1022177 ImuError.cpp:650] gyr saturation
W20250111 19:31:52.273166 1022177 ImuError.cpp:650] gyr saturation
W20250111 19:31:52.273172 1022177 ImuError.cpp:650] gyr saturation
W20250111 19:31:52.273180 1022177 ImuError.cpp:650] gyr saturation
W20250111 19:31:52.273186 1022177 ImuError.cpp:650] gyr saturation
W20250111 19:31:52.273193 1022177 ImuError.cpp:650] gyr saturation
W20250111 19:31:52.273200 1022177 ImuError.cpp:650] gyr saturation
W20250111 19:31:52.273207 1022177 ImuError.cpp:650] gyr saturation
W20250111 19:31:52.273214 1022177 ImuError.cpp:650] gyr saturation
W20250111 19:31:52.273221 1022177 ImuError.cpp:650] gyr saturation
W20250111 19:31:52.273226 1022177 ImuError.cpp:650] gyr saturation
W20250111 19:31:52.273234 1022177 ImuError.cpp:650] gyr saturation
W20250111 19:31:52.273916 1218619 ImuError.cpp:368] gyr saturation
W20250111 19:31:52.273950 1218619 ImuError.cpp:368] gyr saturation
W20250111 19:31:52.273958 1218619 ImuError.cpp:368] gyr saturation
W20250111 19:31:52.273967 1218619 ImuError.cpp:368] gyr saturation
W20250111 19:31:52.273974 1218619 ImuError.cpp:368] gyr saturation
W20250111 19:31:52.273983 1218619 ImuError.cpp:368] gyr saturation
W20250111 19:31:52.273989 1218619 ImuError.cpp:368] gyr saturation
W20250111 19:31:52.274000 1218619 ImuError.cpp:368] gyr saturation
W20250111 19:31:52.274008 1218619 ImuError.cpp:368] gyr saturation
W20250111 19:31:52.274016 1218619 ImuError.cpp:368] gyr saturation
W20250111 19:31:52.274024 1218619 ImuError.cpp:368] gyr saturation
W20250111 19:31:52.274032 1218619 ImuError.cpp:368] gyr saturation
W20250111 19:31:52.274039 1218619 ImuError.cpp:368] gyr saturation
W20250111 19:31:52.274047 1218619 ImuError.cpp:368] gyr saturation
W20250111 19:31:52.274055 1218619 ImuError.cpp:368] gyr saturation
W20250111 19:31:52.274062 1218619 ImuError.cpp:368] gyr saturation
W20250111 19:31:52.274075 1218619 ImuError.cpp:368] gyr saturation
W20250111 19:31:52.274084 1218619 ImuError.cpp:368] gyr saturation
W20250111 19:31:52.274092 1218619 ImuError.cpp:368] gyr saturation
W20250111 19:31:52.274101 1218619 ImuError.cpp:368] gyr saturation
W20250111 19:31:52.274108 1218619 ImuError.cpp:368] gyr saturation
W20250111 19:31:52.274117 1218619 ImuError.cpp:368] gyr saturation
W20250111 19:31:52.274124 1218619 ImuError.cpp:368] gyr saturation
W20250111 19:31:52.274132 1218619 ImuError.cpp:368] gyr saturation
W20250111 19:31:52.274140 1218619 ImuError.cpp:368] gyr saturation
W20250111 19:31:52.274148 1218619 ImuError.cpp:368] gyr saturation
W20250111 19:31:52.274155 1218619 ImuError.cpp:368] gyr saturation
W20250111 19:31:52.274163 1218619 ImuError.cpp:368] gyr saturation
W20250111 19:31:52.274171 1218619 ImuError.cpp:368] gyr saturation
W20250111 19:31:52.274179 1218619 ImuError.cpp:368] gyr saturation
W20250111 19:31:52.274186 1218619 ImuError.cpp:368] gyr saturation
W20250111 19:31:52.274195 1218619 ImuError.cpp:368] gyr saturation
W20250111 19:31:52.274202 1218619 ImuError.cpp:368] gyr saturation
W20250111 19:31:52.274210 1218619 ImuError.cpp:368] gyr saturation
W20250111 19:31:52.274219 1218619 ImuError.cpp:368] gyr saturation
W20250111 19:31:52.296993 1218619 ViSlamBackend.cpp:466] TRACKING FAILURE: quality=0
W20250111 19:31:52.297133 1218619 ImuError.cpp:165] gyr saturation
W20250111 19:31:52.297149 1218619 ImuError.cpp:165] gyr saturation
W20250111 19:31:52.297158 1218619 ImuError.cpp:165] gyr saturation
W20250111 19:31:52.297166 1218619 ImuError.cpp:165] gyr saturation
W20250111 19:31:52.297175 1218619 ImuError.cpp:165] gyr saturation
W20250111 19:31:52.297183 1218619 ImuError.cpp:165] gyr saturation
W20250111 19:31:52.297191 1218619 ImuError.cpp:165] gyr saturation
W20250111 19:31:52.297200 1218619 ImuError.cpp:165] gyr saturation
W20250111 19:31:52.297209 1218619 ImuError.cpp:165] gyr saturation
W20250111 19:31:52.297216 1218619 ImuError.cpp:165] gyr saturation
W20250111 19:31:52.297224 1218619 ImuError.cpp:165] gyr saturation
W20250111 19:31:52.297232 1218619 ImuError.cpp:165] gyr saturation
W20250111 19:31:52.297240 1218619 ImuError.cpp:165] gyr saturation
W20250111 19:31:52.297250 1218619 ImuError.cpp:165] gyr saturation
W20250111 19:31:52.297258 1218619 ImuError.cpp:165] gyr saturation
W20250111 19:31:52.297266 1218619 ImuError.cpp:165] gyr saturation
W20250111 19:31:52.297276 1218619 ImuError.cpp:165] gyr saturation
W20250111 19:31:52.297282 1218619 ImuError.cpp:165] gyr saturation
W20250111 19:31:52.297292 1218619 ImuError.cpp:165] gyr saturation
W20250111 19:31:52.297300 1218619 ImuError.cpp:165] gyr saturation
W20250111 19:31:52.297308 1218619 ImuError.cpp:165] gyr saturation
W20250111 19:31:52.297317 1218619 ImuError.cpp:165] gyr saturation
W20250111 19:31:52.297327 1218619 ImuError.cpp:165] gyr saturation
W20250111 19:31:52.297336 1218619 ImuError.cpp:165] gyr saturation
W20250111 19:31:52.297344 1218619 ImuError.cpp:165] gyr saturation
W20250111 19:31:52.297358 1218619 ImuError.cpp:165] gyr saturation
W20250111 19:31:52.297366 1218619 ImuError.cpp:165] gyr saturation
W20250111 19:31:52.297376 1218619 ImuError.cpp:165] gyr saturation
W20250111 19:31:52.297384 1218619 ImuError.cpp:165] gyr saturation
W20250111 19:31:52.297394 1218619 ImuError.cpp:165] gyr saturation
W20250111 19:31:52.297402 1218619 ImuError.cpp:165] gyr saturation
W20250111 19:31:52.297411 1218619 ImuError.cpp:165] gyr saturation
W20250111 19:31:52.297418 1218619 ImuError.cpp:165] gyr saturation
W20250111 19:31:52.297426 1218619 ImuError.cpp:165] gyr saturation
W20250111 19:31:52.297487 1218619 ImuError.cpp:165] gyr saturation
W20250111 19:31:52.297497 1218619 ImuError.cpp:165] gyr saturation
W20250111 19:31:52.297506 1218619 ImuError.cpp:165] gyr saturation
W20250111 19:31:52.297515 1218619 ImuError.cpp:165] gyr saturation
W20250111 19:31:52.297524 1218619 ImuError.cpp:165] gyr saturation
W20250111 19:31:52.297533 1218619 ImuError.cpp:165] gyr saturation
W20250111 19:31:52.297541 1218619 ImuError.cpp:165] gyr saturation
W20250111 19:31:52.297564 1218619 ImuError.cpp:165] gyr saturation
W20250111 19:31:52.297572 1218619 ImuError.cpp:165] gyr saturation
W20250111 19:31:52.297581 1218619 ImuError.cpp:165] gyr saturation
W20250111 19:31:52.297590 1218619 ImuError.cpp:165] gyr saturation
W20250111 19:31:52.297600 1218619 ImuError.cpp:165] gyr saturation
W20250111 19:31:52.297608 1218619 ImuError.cpp:165] gyr saturation
W20250111 19:31:52.297617 1218619 ImuError.cpp:165] gyr saturation
W20250111 19:31:52.297626 1218619 ImuError.cpp:165] gyr saturation
W20250111 19:31:52.297643 1218619 ImuError.cpp:165] gyr saturation
W20250111 19:31:52.297653 1218619 ImuError.cpp:165] gyr saturation
W20250111 19:31:52.297667 1218619 ImuError.cpp:165] gyr saturation
W20250111 19:31:52.297675 1218619 ImuError.cpp:165] gyr saturation
W20250111 19:31:52.297686 1218619 ImuError.cpp:165] gyr saturation
W20250111 19:31:52.297695 1218619 ImuError.cpp:165] gyr saturation
W20250111 19:31:52.297703 1218619 ImuError.cpp:165] gyr saturation
W20250111 19:31:52.297711 1218619 ImuError.cpp:165] gyr saturation
W20250111 19:31:52.297719 1218619 ImuError.cpp:165] gyr saturation
W20250111 19:31:52.297729 1218619 ImuError.cpp:165] gyr saturation
W20250111 19:31:52.297737 1218619 ImuError.cpp:165] gyr saturation
W20250111 19:31:52.297745 1218619 ImuError.cpp:165] gyr saturation
W20250111 19:31:52.297753 1218619 ImuError.cpp:165] gyr saturation
W20250111 19:31:52.297762 1218619 ImuError.cpp:165] gyr saturation
W20250111 19:31:52.297771 1218619 ImuError.cpp:165] gyr saturation
W20250111 19:31:52.297780 1218619 ImuError.cpp:165] gyr saturation
W20250111 19:31:52.297788 1218619 ImuError.cpp:165] gyr saturation
W20250111 19:31:52.297797 1218619 ImuError.cpp:165] gyr saturation
W20250111 19:31:52.297806 1218619 ImuError.cpp:165] gyr saturation
W20250111 19:31:52.298321 1022177 ImuError.cpp:650] gyr saturation
W20250111 19:31:52.298362 1022177 ImuError.cpp:650] gyr saturation
W20250111 19:31:52.298369 1022177 ImuError.cpp:650] gyr saturation
W20250111 19:31:52.298374 1022177 ImuError.cpp:650] gyr saturation
W20250111 19:31:52.298380 1022177 ImuError.cpp:650] gyr saturation
W20250111 19:31:52.298386 1022177 ImuError.cpp:650] gyr saturation
W20250111 19:31:52.298391 1022177 ImuError.cpp:650] gyr saturation
W20250111 19:31:52.298398 1022177 ImuError.cpp:650] gyr saturation
W20250111 19:31:52.298403 1022177 ImuError.cpp:650] gyr saturation
W20250111 19:31:52.298409 1022177 ImuError.cpp:650] gyr saturation
W20250111 19:31:52.298415 1022177 ImuError.cpp:650] gyr saturation
W20250111 19:31:52.298420 1022177 ImuError.cpp:650] gyr saturation
W20250111 19:31:52.298426 1022177 ImuError.cpp:650] gyr saturation
W20250111 19:31:52.298432 1022177 ImuError.cpp:650] gyr saturation
W20250111 19:31:52.298437 1022177 ImuError.cpp:650] gyr saturation
W20250111 19:31:52.298444 1022177 ImuError.cpp:650] gyr saturation
W20250111 19:31:52.298449 1022177 ImuError.cpp:650] gyr saturation
W20250111 19:31:52.298453 1022177 ImuError.cpp:650] gyr saturation
W20250111 19:31:52.298460 1022177 ImuError.cpp:650] gyr saturation
W20250111 19:31:52.298465 1022177 ImuError.cpp:650] gyr saturation
W20250111 19:31:52.298470 1022177 ImuError.cpp:650] gyr saturation
W20250111 19:31:52.298475 1022177 ImuError.cpp:650] gyr saturation
W20250111 19:31:52.298480 1022177 ImuError.cpp:650] gyr saturation
W20250111 19:31:52.298485 1022177 ImuError.cpp:650] gyr saturation
W20250111 19:31:52.298491 1022177 ImuError.cpp:650] gyr saturation
W20250111 19:31:52.298496 1022177 ImuError.cpp:650] gyr saturation
W20250111 19:31:52.298502 1022177 ImuError.cpp:650] gyr saturation
W20250111 19:31:52.298507 1022177 ImuError.cpp:650] gyr saturation
W20250111 19:31:52.298512 1022177 ImuError.cpp:650] gyr saturation
W20250111 19:31:52.298518 1022177 ImuError.cpp:650] gyr saturation
W20250111 19:31:52.298523 1022177 ImuError.cpp:650] gyr saturation
W20250111 19:31:52.298529 1022177 ImuError.cpp:650] gyr saturation
W20250111 19:31:52.298534 1022177 ImuError.cpp:650] gyr saturation
W20250111 19:31:52.298539 1022177 ImuError.cpp:650] gyr saturation
W20250111 19:31:52.298601 1022177 ImuError.cpp:650] gyr saturation
W20250111 19:31:52.298609 1022177 ImuError.cpp:650] gyr saturation
W20250111 19:31:52.298615 1022177 ImuError.cpp:650] gyr saturation
W20250111 19:31:52.298621 1022177 ImuError.cpp:650] gyr saturation
W20250111 19:31:52.298633 1022177 ImuError.cpp:650] gyr saturation
W20250111 19:31:52.298640 1022177 ImuError.cpp:650] gyr saturation
W20250111 19:31:52.298646 1022177 ImuError.cpp:650] gyr saturation
W20250111 19:31:52.298652 1022177 ImuError.cpp:650] gyr saturation
W20250111 19:31:52.298658 1022177 ImuError.cpp:650] gyr saturation
W20250111 19:31:52.298664 1022177 ImuError.cpp:650] gyr saturation
W20250111 19:31:52.298671 1022177 ImuError.cpp:650] gyr saturation
W20250111 19:31:52.298677 1022177 ImuError.cpp:650] gyr saturation
W20250111 19:31:52.298682 1022177 ImuError.cpp:650] gyr saturation
W20250111 19:31:52.298687 1022177 ImuError.cpp:650] gyr saturation
W20250111 19:31:52.298693 1022177 ImuError.cpp:650] gyr saturation
W20250111 19:31:52.298698 1022177 ImuError.cpp:650] gyr saturation
W20250111 19:31:52.298703 1022177 ImuError.cpp:650] gyr saturation
W20250111 19:31:52.298709 1022177 ImuError.cpp:650] gyr saturation
W20250111 19:31:52.298715 1022177 ImuError.cpp:650] gyr saturation
W20250111 19:31:52.298720 1022177 ImuError.cpp:650] gyr saturation
W20250111 19:31:52.298727 1022177 ImuError.cpp:650] gyr saturation
W20250111 19:31:52.298731 1022177 ImuError.cpp:650] gyr saturation
W20250111 19:31:52.298738 1022177 ImuError.cpp:650] gyr saturation
W20250111 19:31:52.298743 1022177 ImuError.cpp:650] gyr saturation
W20250111 19:31:52.298748 1022177 ImuError.cpp:650] gyr saturation
W20250111 19:31:52.298754 1022177 ImuError.cpp:650] gyr saturation
W20250111 19:31:52.298760 1022177 ImuError.cpp:650] gyr saturation
W20250111 19:31:52.298765 1022177 ImuError.cpp:650] gyr saturation
W20250111 19:31:52.298770 1022177 ImuError.cpp:650] gyr saturation
W20250111 19:31:52.298776 1022177 ImuError.cpp:650] gyr saturation
W20250111 19:31:52.298781 1022177 ImuError.cpp:650] gyr saturation
W20250111 19:31:52.298787 1022177 ImuError.cpp:650] gyr saturation
W20250111 19:31:52.298792 1022177 ImuError.cpp:650] gyr saturation
W20250111 19:31:52.298797 1022177 ImuError.cpp:650] gyr saturation
W20250111 19:31:52.299443 1022177 Frontend.cpp:615] 3d2d tracking lost. Number of 3d2d-matches: 0
W20250111 19:31:52.300154 1022177 ImuError.cpp:650] gyr saturation
W20250111 19:31:52.300192 1022177 ImuError.cpp:650] gyr saturation
W20250111 19:31:52.300199 1022177 ImuError.cpp:650] gyr saturation
W20250111 19:31:52.300206 1022177 ImuError.cpp:650] gyr saturation
W20250111 19:31:52.300212 1022177 ImuError.cpp:650] gyr saturation
W20250111 19:31:52.300218 1022177 ImuError.cpp:650] gyr saturation
W20250111 19:31:52.300225 1022177 ImuError.cpp:650] gyr saturation
W20250111 19:31:52.300231 1022177 ImuError.cpp:650] gyr saturation
W20250111 19:31:52.300237 1022177 ImuError.cpp:650] gyr saturation
W20250111 19:31:52.300243 1022177 ImuError.cpp:650] gyr saturation
W20250111 19:31:52.300248 1022177 ImuError.cpp:650] gyr saturation
W20250111 19:31:52.300254 1022177 ImuError.cpp:650] gyr saturation
W20250111 19:31:52.300261 1022177 ImuError.cpp:650] gyr saturation
W20250111 19:31:52.300266 1022177 ImuError.cpp:650] gyr saturation
W20250111 19:31:52.300271 1022177 ImuError.cpp:650] gyr saturation
W20250111 19:31:52.300276 1022177 ImuError.cpp:650] gyr saturation
W20250111 19:31:52.300282 1022177 ImuError.cpp:650] gyr saturation
W20250111 19:31:52.300287 1022177 ImuError.cpp:650] gyr saturation
W20250111 19:31:52.300292 1022177 ImuError.cpp:650] gyr saturation
W20250111 19:31:52.300298 1022177 ImuError.cpp:650] gyr saturation
W20250111 19:31:52.300304 1022177 ImuError.cpp:650] gyr saturation
W20250111 19:31:52.300310 1022177 ImuError.cpp:650] gyr saturation
W20250111 19:31:52.300316 1022177 ImuError.cpp:650] gyr saturation
W20250111 19:31:52.300323 1022177 ImuError.cpp:650] gyr saturation
W20250111 19:31:52.300328 1022177 ImuError.cpp:650] gyr saturation
W20250111 19:31:52.300334 1022177 ImuError.cpp:650] gyr saturation
W20250111 19:31:52.300354 1022177 ImuError.cpp:650] gyr saturation
W20250111 19:31:52.300361 1022177 ImuError.cpp:650] gyr saturation
W20250111 19:31:52.300367 1022177 ImuError.cpp:650] gyr saturation
W20250111 19:31:52.300379 1022177 ImuError.cpp:650] gyr saturation
W20250111 19:31:52.300383 1022177 ImuError.cpp:650] gyr saturation
W20250111 19:31:52.300390 1022177 ImuError.cpp:650] gyr saturation
W20250111 19:31:52.300395 1022177 ImuError.cpp:650] gyr saturation
W20250111 19:31:52.300400 1022177 ImuError.cpp:650] gyr saturation
W20250111 19:31:52.300406 1022177 ImuError.cpp:650] gyr saturation
W20250111 19:31:52.300412 1022177 ImuError.cpp:650] gyr saturation
W20250111 19:31:52.300417 1022177 ImuError.cpp:650] gyr saturation
W20250111 19:31:52.300423 1022177 ImuError.cpp:650] gyr saturation
W20250111 19:31:52.300429 1022177 ImuError.cpp:650] gyr saturation
W20250111 19:31:52.300434 1022177 ImuError.cpp:650] gyr saturation
W20250111 19:31:52.300441 1022177 ImuError.cpp:650] gyr saturation
W20250111 19:31:52.300446 1022177 ImuError.cpp:650] gyr saturation
W20250111 19:31:52.300451 1022177 ImuError.cpp:650] gyr saturation
W20250111 19:31:52.300457 1022177 ImuError.cpp:650] gyr saturation
W20250111 19:31:52.300462 1022177 ImuError.cpp:650] gyr saturation
W20250111 19:31:52.300468 1022177 ImuError.cpp:650] gyr saturation
W20250111 19:31:52.300473 1022177 ImuError.cpp:650] gyr saturation
W20250111 19:31:52.300479 1022177 ImuError.cpp:650] gyr saturation
W20250111 19:31:52.300484 1022177 ImuError.cpp:650] gyr saturation
W20250111 19:31:52.300489 1022177 ImuError.cpp:650] gyr saturation
W20250111 19:31:52.300494 1022177 ImuError.cpp:650] gyr saturation
W20250111 19:31:52.300500 1022177 ImuError.cpp:650] gyr saturation
W20250111 19:31:52.300505 1022177 ImuError.cpp:650] gyr saturation
W20250111 19:31:52.300513 1022177 ImuError.cpp:650] gyr saturation
W20250111 19:31:52.300518 1022177 ImuError.cpp:650] gyr saturation
W20250111 19:31:52.300525 1022177 ImuError.cpp:650] gyr saturation
W20250111 19:31:52.300534 1022177 ImuError.cpp:650] gyr saturation
W20250111 19:31:52.300540 1022177 ImuError.cpp:650] gyr saturation
W20250111 19:31:52.300549 1022177 ImuError.cpp:650] gyr saturation
W20250111 19:31:52.300555 1022177 ImuError.cpp:650] gyr saturation
W20250111 19:31:52.300563 1022177 ImuError.cpp:650] gyr saturation
W20250111 19:31:52.300570 1022177 ImuError.cpp:650] gyr saturation
W20250111 19:31:52.300576 1022177 ImuError.cpp:650] gyr saturation
W20250111 19:31:52.300583 1022177 ImuError.cpp:650] gyr saturation
W20250111 19:31:52.300590 1022177 ImuError.cpp:650] gyr saturation
W20250111 19:31:52.300596 1022177 ImuError.cpp:650] gyr saturation
W20250111 19:31:52.300603 1022177 ImuError.cpp:650] gyr saturation
W20250111 19:31:52.300609 1022177 ImuError.cpp:650] gyr saturation
W20250111 19:31:52.302970 1218645 ImuError.cpp:368] gyr saturation
W20250111 19:31:52.303058 1218645 ImuError.cpp:368] gyr saturation
W20250111 19:31:52.303074 1218645 ImuError.cpp:368] gyr saturation
W20250111 19:31:52.303086 1218645 ImuError.cpp:368] gyr saturation
W20250111 19:31:52.303098 1218645 ImuError.cpp:368] gyr saturation
W20250111 19:31:52.303109 1218645 ImuError.cpp:368] gyr saturation
W20250111 19:31:52.303139 1218645 ImuError.cpp:368] gyr saturation
W20250111 19:31:52.303150 1218645 ImuError.cpp:368] gyr saturation
W20250111 19:31:52.303161 1218645 ImuError.cpp:368] gyr saturation
W20250111 19:31:52.303174 1218645 ImuError.cpp:368] gyr saturation
W20250111 19:31:52.303185 1218645 ImuError.cpp:368] gyr saturation
W20250111 19:31:52.303196 1218645 ImuError.cpp:368] gyr saturation
W20250111 19:31:52.303207 1218645 ImuError.cpp:368] gyr saturation
W20250111 19:31:52.303220 1218645 ImuError.cpp:368] gyr saturation
W20250111 19:31:52.303231 1218645 ImuError.cpp:368] gyr saturation
W20250111 19:31:52.303242 1218645 ImuError.cpp:368] gyr saturation
W20250111 19:31:52.303252 1218645 ImuError.cpp:368] gyr saturation
W20250111 19:31:52.303264 1218645 ImuError.cpp:368] gyr saturation
W20250111 19:31:52.303275 1218645 ImuError.cpp:368] gyr saturation
W20250111 19:31:52.303298 1218645 ImuError.cpp:368] gyr saturation
W20250111 19:31:52.303311 1218645 ImuError.cpp:368] gyr saturation
W20250111 19:31:52.303323 1218645 ImuError.cpp:368] gyr saturation
W20250111 19:31:52.303334 1218645 ImuError.cpp:368] gyr saturation
W20250111 19:31:52.303346 1218645 ImuError.cpp:368] gyr saturation
W20250111 19:31:52.303359 1218645 ImuError.cpp:368] gyr saturation
W20250111 19:31:52.303369 1218645 ImuError.cpp:368] gyr saturation
W20250111 19:31:52.303380 1218645 ImuError.cpp:368] gyr saturation
W20250111 19:31:52.303391 1218645 ImuError.cpp:368] gyr saturation
W20250111 19:31:52.303402 1218645 ImuError.cpp:368] gyr saturation
W20250111 19:31:52.303413 1218645 ImuError.cpp:368] gyr saturation
W20250111 19:31:52.303424 1218645 ImuError.cpp:368] gyr saturation
W20250111 19:31:52.303435 1218645 ImuError.cpp:368] gyr saturation
W20250111 19:31:52.303447 1218645 ImuError.cpp:368] gyr saturation
W20250111 19:31:52.303457 1218645 ImuError.cpp:368] gyr saturation
W20250111 19:31:52.320369 1218645 ViSlamBackend.cpp:466] TRACKING FAILURE: quality=0
W20250111 19:31:52.320539 1218645 ImuError.cpp:165] gyr saturation
W20250111 19:31:52.320569 1218645 ImuError.cpp:165] gyr saturation
W20250111 19:31:52.320583 1218645 ImuError.cpp:165] gyr saturation
W20250111 19:31:52.320595 1218645 ImuError.cpp:165] gyr saturation
W20250111 19:31:52.320607 1218645 ImuError.cpp:165] gyr saturation
W20250111 19:31:52.320618 1218645 ImuError.cpp:165] gyr saturation
W20250111 19:31:52.320636 1218645 ImuError.cpp:165] gyr saturation
W20250111 19:31:52.320648 1218645 ImuError.cpp:165] gyr saturation
W20250111 19:31:52.320659 1218645 ImuError.cpp:165] gyr saturation
W20250111 19:31:52.320672 1218645 ImuError.cpp:165] gyr saturation
W20250111 19:31:52.320683 1218645 ImuError.cpp:165] gyr saturation
W20250111 19:31:52.320694 1218645 ImuError.cpp:165] gyr saturation
W20250111 19:31:52.320705 1218645 ImuError.cpp:165] gyr saturation
W20250111 19:31:52.320716 1218645 ImuError.cpp:165] gyr saturation
W20250111 19:31:52.320727 1218645 ImuError.cpp:165] gyr saturation
W20250111 19:31:52.320739 1218645 ImuError.cpp:165] gyr saturation
W20250111 19:31:52.320750 1218645 ImuError.cpp:165] gyr saturation
W20250111 19:31:52.320761 1218645 ImuError.cpp:165] gyr saturation
W20250111 19:31:52.320773 1218645 ImuError.cpp:165] gyr saturation
W20250111 19:31:52.320784 1218645 ImuError.cpp:165] gyr saturation
W20250111 19:31:52.320796 1218645 ImuError.cpp:165] gyr saturation
W20250111 19:31:52.320806 1218645 ImuError.cpp:165] gyr saturation
W20250111 19:31:52.320818 1218645 ImuError.cpp:165] gyr saturation
W20250111 19:31:52.320829 1218645 ImuError.cpp:165] gyr saturation
W20250111 19:31:52.320840 1218645 ImuError.cpp:165] gyr saturation
W20250111 19:31:52.320852 1218645 ImuError.cpp:165] gyr saturation
W20250111 19:31:52.320863 1218645 ImuError.cpp:165] gyr saturation
W20250111 19:31:52.320874 1218645 ImuError.cpp:165] gyr saturation
W20250111 19:31:52.320885 1218645 ImuError.cpp:165] gyr saturation
W20250111 19:31:52.320897 1218645 ImuError.cpp:165] gyr saturation
W20250111 19:31:52.320909 1218645 ImuError.cpp:165] gyr saturation
W20250111 19:31:52.320919 1218645 ImuError.cpp:165] gyr saturation
W20250111 19:31:52.320930 1218645 ImuError.cpp:165] gyr saturation
W20250111 19:31:52.320941 1218645 ImuError.cpp:165] gyr saturation
W20250111 19:31:52.321004 1218645 ImuError.cpp:165] gyr saturation
W20250111 19:31:52.321018 1218645 ImuError.cpp:165] gyr saturation
W20250111 19:31:52.321029 1218645 ImuError.cpp:165] gyr saturation
W20250111 19:31:52.321041 1218645 ImuError.cpp:165] gyr saturation
W20250111 19:31:52.321053 1218645 ImuError.cpp:165] gyr saturation
W20250111 19:31:52.321063 1218645 ImuError.cpp:165] gyr saturation
W20250111 19:31:52.321075 1218645 ImuError.cpp:165] gyr saturation
W20250111 19:31:52.321086 1218645 ImuError.cpp:165] gyr saturation
W20250111 19:31:52.321097 1218645 ImuError.cpp:165] gyr saturation
W20250111 19:31:52.321108 1218645 ImuError.cpp:165] gyr saturation
W20250111 19:31:52.321120 1218645 ImuError.cpp:165] gyr saturation
W20250111 19:31:52.321146 1218645 ImuError.cpp:165] gyr saturation
W20250111 19:31:52.321159 1218645 ImuError.cpp:165] gyr saturation
W20250111 19:31:52.321170 1218645 ImuError.cpp:165] gyr saturation
W20250111 19:31:52.321183 1218645 ImuError.cpp:165] gyr saturation
W20250111 19:31:52.321194 1218645 ImuError.cpp:165] gyr saturation
W20250111 19:31:52.321205 1218645 ImuError.cpp:165] gyr saturation
W20250111 19:31:52.321216 1218645 ImuError.cpp:165] gyr saturation
W20250111 19:31:52.321228 1218645 ImuError.cpp:165] gyr saturation
W20250111 19:31:52.321239 1218645 ImuError.cpp:165] gyr saturation
W20250111 19:31:52.321250 1218645 ImuError.cpp:165] gyr saturation
W20250111 19:31:52.321262 1218645 ImuError.cpp:165] gyr saturation
W20250111 19:31:52.321273 1218645 ImuError.cpp:165] gyr saturation
W20250111 19:31:52.321285 1218645 ImuError.cpp:165] gyr saturation
W20250111 19:31:52.321295 1218645 ImuError.cpp:165] gyr saturation
W20250111 19:31:52.321306 1218645 ImuError.cpp:165] gyr saturation
W20250111 19:31:52.321318 1218645 ImuError.cpp:165] gyr saturation
W20250111 19:31:52.321329 1218645 ImuError.cpp:165] gyr saturation
W20250111 19:31:52.321341 1218645 ImuError.cpp:165] gyr saturation
W20250111 19:31:52.321352 1218645 ImuError.cpp:165] gyr saturation
W20250111 19:31:52.321363 1218645 ImuError.cpp:165] gyr saturation
W20250111 19:31:52.321374 1218645 ImuError.cpp:165] gyr saturation
W20250111 19:31:52.321385 1218645 ImuError.cpp:165] gyr saturation
W20250111 19:31:52.321396 1218645 ImuError.cpp:165] gyr saturation
W20250111 19:31:52.322887 1022177 ImuError.cpp:650] gyr saturation
W20250111 19:31:52.322914 1022177 ImuError.cpp:650] gyr saturation
W20250111 19:31:52.322921 1022177 ImuError.cpp:650] gyr saturation
W20250111 19:31:52.322927 1022177 ImuError.cpp:650] gyr saturation
W20250111 19:31:52.322932 1022177 ImuError.cpp:650] gyr saturation
W20250111 19:31:52.322937 1022177 ImuError.cpp:650] gyr saturation
W20250111 19:31:52.322942 1022177 ImuError.cpp:650] gyr saturation
W20250111 19:31:52.322947 1022177 ImuError.cpp:650] gyr saturation
W20250111 19:31:52.322953 1022177 ImuError.cpp:650] gyr saturation
W20250111 19:31:52.322958 1022177 ImuError.cpp:650] gyr saturation
W20250111 19:31:52.322963 1022177 ImuError.cpp:650] gyr saturation
W20250111 19:31:52.322968 1022177 ImuError.cpp:650] gyr saturation
W20250111 19:31:52.322973 1022177 ImuError.cpp:650] gyr saturation
W20250111 19:31:52.322978 1022177 ImuError.cpp:650] gyr saturation
W20250111 19:31:52.322984 1022177 ImuError.cpp:650] gyr saturation
W20250111 19:31:52.322989 1022177 ImuError.cpp:650] gyr saturation
W20250111 19:31:52.322994 1022177 ImuError.cpp:650] gyr saturation
W20250111 19:31:52.322999 1022177 ImuError.cpp:650] gyr saturation
W20250111 19:31:52.323004 1022177 ImuError.cpp:650] gyr saturation
W20250111 19:31:52.323009 1022177 ImuError.cpp:650] gyr saturation
W20250111 19:31:52.323014 1022177 ImuError.cpp:650] gyr saturation
W20250111 19:31:52.323020 1022177 ImuError.cpp:650] gyr saturation
W20250111 19:31:52.323025 1022177 ImuError.cpp:650] gyr saturation
W20250111 19:31:52.323030 1022177 ImuError.cpp:650] gyr saturation
W20250111 19:31:52.323035 1022177 ImuError.cpp:650] gyr saturation
W20250111 19:31:52.323040 1022177 ImuError.cpp:650] gyr saturation
W20250111 19:31:52.323045 1022177 ImuError.cpp:650] gyr saturation
W20250111 19:31:52.323050 1022177 ImuError.cpp:650] gyr saturation
W20250111 19:31:52.323056 1022177 ImuError.cpp:650] gyr saturation
W20250111 19:31:52.323061 1022177 ImuError.cpp:650] gyr saturation
W20250111 19:31:52.323066 1022177 ImuError.cpp:650] gyr saturation
W20250111 19:31:52.323071 1022177 ImuError.cpp:650] gyr saturation
W20250111 19:31:52.323076 1022177 ImuError.cpp:650] gyr saturation
W20250111 19:31:52.323082 1022177 ImuError.cpp:650] gyr saturation
W20250111 19:31:52.323087 1022177 ImuError.cpp:650] gyr saturation
W20250111 19:31:52.323179 1022177 ImuError.cpp:650] gyr saturation
W20250111 19:31:52.323189 1022177 ImuError.cpp:650] gyr saturation
W20250111 19:31:52.323194 1022177 ImuError.cpp:650] gyr saturation
W20250111 19:31:52.323207 1022177 ImuError.cpp:650] gyr saturation
W20250111 19:31:52.323213 1022177 ImuError.cpp:650] gyr saturation
W20250111 19:31:52.323218 1022177 ImuError.cpp:650] gyr saturation
W20250111 19:31:52.323223 1022177 ImuError.cpp:650] gyr saturation
W20250111 19:31:52.323230 1022177 ImuError.cpp:650] gyr saturation
W20250111 19:31:52.323235 1022177 ImuError.cpp:650] gyr saturation
W20250111 19:31:52.323240 1022177 ImuError.cpp:650] gyr saturation
W20250111 19:31:52.323246 1022177 ImuError.cpp:650] gyr saturation
W20250111 19:31:52.323251 1022177 ImuError.cpp:650] gyr saturation
W20250111 19:31:52.323256 1022177 ImuError.cpp:650] gyr saturation
W20250111 19:31:52.323261 1022177 ImuError.cpp:650] gyr saturation
W20250111 19:31:52.323266 1022177 ImuError.cpp:650] gyr saturation
W20250111 19:31:52.323271 1022177 ImuError.cpp:650] gyr saturation
W20250111 19:31:52.323277 1022177 ImuError.cpp:650] gyr saturation
W20250111 19:31:52.323282 1022177 ImuError.cpp:650] gyr saturation
W20250111 19:31:52.323287 1022177 ImuError.cpp:650] gyr saturation
W20250111 19:31:52.323292 1022177 ImuError.cpp:650] gyr saturation
W20250111 19:31:52.323297 1022177 ImuError.cpp:650] gyr saturation
W20250111 19:31:52.323302 1022177 ImuError.cpp:650] gyr saturation
W20250111 19:31:52.323307 1022177 ImuError.cpp:650] gyr saturation
W20250111 19:31:52.323311 1022177 ImuError.cpp:650] gyr saturation
W20250111 19:31:52.323316 1022177 ImuError.cpp:650] gyr saturation
W20250111 19:31:52.323321 1022177 ImuError.cpp:650] gyr saturation
W20250111 19:31:52.323326 1022177 ImuError.cpp:650] gyr saturation
W20250111 19:31:52.323331 1022177 ImuError.cpp:650] gyr saturation
W20250111 19:31:52.323336 1022177 ImuError.cpp:650] gyr saturation
W20250111 19:31:52.323341 1022177 ImuError.cpp:650] gyr saturation
W20250111 19:31:52.323345 1022177 ImuError.cpp:650] gyr saturation
W20250111 19:31:52.323350 1022177 ImuError.cpp:650] gyr saturation
W20250111 19:31:52.323355 1022177 ImuError.cpp:650] gyr saturation
W20250111 19:31:52.323361 1022177 ImuError.cpp:650] gyr saturation
W20250111 19:31:52.323366 1022177 ImuError.cpp:650] gyr saturation
W20250111 19:31:52.324010 1022177 Frontend.cpp:615] 3d2d tracking lost. Number of 3d2d-matches: 0
W20250111 19:31:52.324980 1022177 ImuError.cpp:650] gyr saturation
W20250111 19:31:52.325014 1022177 ImuError.cpp:650] gyr saturation
W20250111 19:31:52.325023 1022177 ImuError.cpp:650] gyr saturation
W20250111 19:31:52.325031 1022177 ImuError.cpp:650] gyr saturation
W20250111 19:31:52.325037 1022177 ImuError.cpp:650] gyr saturation
W20250111 19:31:52.325044 1022177 ImuError.cpp:650] gyr saturation
W20250111 19:31:52.325050 1022177 ImuError.cpp:650] gyr saturation
W20250111 19:31:52.325057 1022177 ImuError.cpp:650] gyr saturation
W20250111 19:31:52.325063 1022177 ImuError.cpp:650] gyr saturation
W20250111 19:31:52.325069 1022177 ImuError.cpp:650] gyr saturation
W20250111 19:31:52.325076 1022177 ImuError.cpp:650] gyr saturation
W20250111 19:31:52.325083 1022177 ImuError.cpp:650] gyr saturation
W20250111 19:31:52.325089 1022177 ImuError.cpp:650] gyr saturation
W20250111 19:31:52.325094 1022177 ImuError.cpp:650] gyr saturation
W20250111 19:31:52.325101 1022177 ImuError.cpp:650] gyr saturation
W20250111 19:31:52.325106 1022177 ImuError.cpp:650] gyr saturation
W20250111 19:31:52.325112 1022177 ImuError.cpp:650] gyr saturation
W20250111 19:31:52.325119 1022177 ImuError.cpp:650] gyr saturation
W20250111 19:31:52.325125 1022177 ImuError.cpp:650] gyr saturation
W20250111 19:31:52.325130 1022177 ImuError.cpp:650] gyr saturation
W20250111 19:31:52.325136 1022177 ImuError.cpp:650] gyr saturation
W20250111 19:31:52.325142 1022177 ImuError.cpp:650] gyr saturation
W20250111 19:31:52.325147 1022177 ImuError.cpp:650] gyr saturation
W20250111 19:31:52.325153 1022177 ImuError.cpp:650] gyr saturation
W20250111 19:31:52.325160 1022177 ImuError.cpp:650] gyr saturation
W20250111 19:31:52.325165 1022177 ImuError.cpp:650] gyr saturation
W20250111 19:31:52.325170 1022177 ImuError.cpp:650] gyr saturation
W20250111 19:31:52.325176 1022177 ImuError.cpp:650] gyr saturation
W20250111 19:31:52.325193 1022177 ImuError.cpp:650] gyr saturation
W20250111 19:31:52.325203 1022177 ImuError.cpp:650] gyr saturation
W20250111 19:31:52.325208 1022177 ImuError.cpp:650] gyr saturation
W20250111 19:31:52.325215 1022177 ImuError.cpp:650] gyr saturation
W20250111 19:31:52.325220 1022177 ImuError.cpp:650] gyr saturation
W20250111 19:31:52.325227 1022177 ImuError.cpp:650] gyr saturation
W20250111 19:31:52.325232 1022177 ImuError.cpp:650] gyr saturation
W20250111 19:31:52.325239 1022177 ImuError.cpp:650] gyr saturation
W20250111 19:31:52.325244 1022177 ImuError.cpp:650] gyr saturation
W20250111 19:31:52.325250 1022177 ImuError.cpp:650] gyr saturation
W20250111 19:31:52.325256 1022177 ImuError.cpp:650] gyr saturation
W20250111 19:31:52.325261 1022177 ImuError.cpp:650] gyr saturation
W20250111 19:31:52.325268 1022177 ImuError.cpp:650] gyr saturation
W20250111 19:31:52.325273 1022177 ImuError.cpp:650] gyr saturation
W20250111 19:31:52.325279 1022177 ImuError.cpp:650] gyr saturation
W20250111 19:31:52.325285 1022177 ImuError.cpp:650] gyr saturation
W20250111 19:31:52.325290 1022177 ImuError.cpp:650] gyr saturation
W20250111 19:31:52.325296 1022177 ImuError.cpp:650] gyr saturation
W20250111 19:31:52.325302 1022177 ImuError.cpp:650] gyr saturation
W20250111 19:31:52.325309 1022177 ImuError.cpp:650] gyr saturation
W20250111 19:31:52.325314 1022177 ImuError.cpp:650] gyr saturation
W20250111 19:31:52.325320 1022177 ImuError.cpp:650] gyr saturation
W20250111 19:31:52.325325 1022177 ImuError.cpp:650] gyr saturation
W20250111 19:31:52.325330 1022177 ImuError.cpp:650] gyr saturation
W20250111 19:31:52.325336 1022177 ImuError.cpp:650] gyr saturation
W20250111 19:31:52.325343 1022177 ImuError.cpp:650] gyr saturation
W20250111 19:31:52.325349 1022177 ImuError.cpp:650] gyr saturation
W20250111 19:31:52.325354 1022177 ImuError.cpp:650] gyr saturation
W20250111 19:31:52.325361 1022177 ImuError.cpp:650] gyr saturation
W20250111 19:31:52.325366 1022177 ImuError.cpp:650] gyr saturation
W20250111 19:31:52.325371 1022177 ImuError.cpp:650] gyr saturation
W20250111 19:31:52.325377 1022177 ImuError.cpp:650] gyr saturation
W20250111 19:31:52.325382 1022177 ImuError.cpp:650] gyr saturation
W20250111 19:31:52.325389 1022177 ImuError.cpp:650] gyr saturation
W20250111 19:31:52.325394 1022177 ImuError.cpp:650] gyr saturation
W20250111 19:31:52.325402 1022177 ImuError.cpp:650] gyr saturation
W20250111 19:31:52.325407 1022177 ImuError.cpp:650] gyr saturation
W20250111 19:31:52.325414 1022177 ImuError.cpp:650] gyr saturation
W20250111 19:31:52.325420 1022177 ImuError.cpp:650] gyr saturation
W20250111 19:31:52.325428 1022177 ImuError.cpp:650] gyr saturation
W20250111 19:31:52.326074 1218671 ImuError.cpp:368] gyr saturation
W20250111 19:31:52.326118 1218671 ImuError.cpp:368] gyr saturation
W20250111 19:31:52.326140 1218671 ImuError.cpp:368] gyr saturation
W20250111 19:31:52.326149 1218671 ImuError.cpp:368] gyr saturation
W20250111 19:31:52.326159 1218671 ImuError.cpp:368] gyr saturation
W20250111 19:31:52.326167 1218671 ImuError.cpp:368] gyr saturation
W20250111 19:31:52.326176 1218671 ImuError.cpp:368] gyr saturation
W20250111 19:31:52.326186 1218671 ImuError.cpp:368] gyr saturation
W20250111 19:31:52.326195 1218671 ImuError.cpp:368] gyr saturation
W20250111 19:31:52.326203 1218671 ImuError.cpp:368] gyr saturation
W20250111 19:31:52.326211 1218671 ImuError.cpp:368] gyr saturation
W20250111 19:31:52.326220 1218671 ImuError.cpp:368] gyr saturation
W20250111 19:31:52.326228 1218671 ImuError.cpp:368] gyr saturation
W20250111 19:31:52.326241 1218671 ImuError.cpp:368] gyr saturation
W20250111 19:31:52.326249 1218671 ImuError.cpp:368] gyr saturation
W20250111 19:31:52.326258 1218671 ImuError.cpp:368] gyr saturation
W20250111 19:31:52.326267 1218671 ImuError.cpp:368] gyr saturation
W20250111 19:31:52.326274 1218671 ImuError.cpp:368] gyr saturation
W20250111 19:31:52.326283 1218671 ImuError.cpp:368] gyr saturation
W20250111 19:31:52.326292 1218671 ImuError.cpp:368] gyr saturation
W20250111 19:31:52.326300 1218671 ImuError.cpp:368] gyr saturation
W20250111 19:31:52.326315 1218671 ImuError.cpp:368] gyr saturation
W20250111 19:31:52.326324 1218671 ImuError.cpp:368] gyr saturation
W20250111 19:31:52.326334 1218671 ImuError.cpp:368] gyr saturation
W20250111 19:31:52.326344 1218671 ImuError.cpp:368] gyr saturation
W20250111 19:31:52.326354 1218671 ImuError.cpp:368] gyr saturation
W20250111 19:31:52.326361 1218671 ImuError.cpp:368] gyr saturation
W20250111 19:31:52.326370 1218671 ImuError.cpp:368] gyr saturation
W20250111 19:31:52.326378 1218671 ImuError.cpp:368] gyr saturation
W20250111 19:31:52.326386 1218671 ImuError.cpp:368] gyr saturation
W20250111 19:31:52.326395 1218671 ImuError.cpp:368] gyr saturation
W20250111 19:31:52.326404 1218671 ImuError.cpp:368] gyr saturation
W20250111 19:31:52.326413 1218671 ImuError.cpp:368] gyr saturation
W20250111 19:31:52.326422 1218671 ImuError.cpp:368] gyr saturation
W20250111 19:31:52.326432 1218671 ImuError.cpp:368] gyr saturation
W20250111 19:31:52.352872 1218671 ViSlamBackend.cpp:466] TRACKING FAILURE: quality=0
W20250111 19:31:52.352982 1218671 ImuError.cpp:165] gyr saturation
W20250111 19:31:52.352996 1218671 ImuError.cpp:165] gyr saturation
W20250111 19:31:52.353005 1218671 ImuError.cpp:165] gyr saturation
W20250111 19:31:52.353013 1218671 ImuError.cpp:165] gyr saturation
W20250111 19:31:52.353020 1218671 ImuError.cpp:165] gyr saturation
W20250111 19:31:52.353029 1218671 ImuError.cpp:165] gyr saturation
W20250111 19:31:52.353036 1218671 ImuError.cpp:165] gyr saturation
W20250111 19:31:52.353044 1218671 ImuError.cpp:165] gyr saturation
W20250111 19:31:52.353052 1218671 ImuError.cpp:165] gyr saturation
W20250111 19:31:52.353060 1218671 ImuError.cpp:165] gyr saturation
W20250111 19:31:52.353068 1218671 ImuError.cpp:165] gyr saturation
W20250111 19:31:52.353076 1218671 ImuError.cpp:165] gyr saturation
W20250111 19:31:52.353083 1218671 ImuError.cpp:165] gyr saturation
W20250111 19:31:52.353091 1218671 ImuError.cpp:165] gyr saturation
W20250111 19:31:52.353099 1218671 ImuError.cpp:165] gyr saturation
W20250111 19:31:52.353107 1218671 ImuError.cpp:165] gyr saturation
W20250111 19:31:52.353116 1218671 ImuError.cpp:165] gyr saturation
W20250111 19:31:52.353123 1218671 ImuError.cpp:165] gyr saturation
W20250111 19:31:52.353132 1218671 ImuError.cpp:165] gyr saturation
W20250111 19:31:52.353139 1218671 ImuError.cpp:165] gyr saturation
W20250111 19:31:52.353147 1218671 ImuError.cpp:165] gyr saturation
W20250111 19:31:52.353155 1218671 ImuError.cpp:165] gyr saturation
W20250111 19:31:52.353163 1218671 ImuError.cpp:165] gyr saturation
W20250111 19:31:52.353171 1218671 ImuError.cpp:165] gyr saturation
W20250111 19:31:52.353178 1218671 ImuError.cpp:165] gyr saturation
W20250111 19:31:52.353186 1218671 ImuError.cpp:165] gyr saturation
W20250111 19:31:52.353194 1218671 ImuError.cpp:165] gyr saturation
W20250111 19:31:52.353202 1218671 ImuError.cpp:165] gyr saturation
W20250111 19:31:52.353210 1218671 ImuError.cpp:165] gyr saturation
W20250111 19:31:52.353219 1218671 ImuError.cpp:165] gyr saturation
W20250111 19:31:52.353226 1218671 ImuError.cpp:165] gyr saturation
W20250111 19:31:52.353235 1218671 ImuError.cpp:165] gyr saturation
W20250111 19:31:52.353241 1218671 ImuError.cpp:165] gyr saturation
W20250111 19:31:52.353250 1218671 ImuError.cpp:165] gyr saturation
W20250111 19:31:52.353257 1218671 ImuError.cpp:165] gyr saturation
W20250111 19:31:52.353304 1218671 ImuError.cpp:165] gyr saturation
W20250111 19:31:52.353312 1218671 ImuError.cpp:165] gyr saturation
W20250111 19:31:52.353320 1218671 ImuError.cpp:165] gyr saturation
W20250111 19:31:52.353327 1218671 ImuError.cpp:165] gyr saturation
W20250111 19:31:52.353334 1218671 ImuError.cpp:165] gyr saturation
W20250111 19:31:52.353341 1218671 ImuError.cpp:165] gyr saturation
W20250111 19:31:52.353350 1218671 ImuError.cpp:165] gyr saturation
W20250111 19:31:52.353358 1218671 ImuError.cpp:165] gyr saturation
W20250111 19:31:52.353370 1218671 ImuError.cpp:165] gyr saturation
W20250111 19:31:52.353379 1218671 ImuError.cpp:165] gyr saturation
W20250111 19:31:52.353387 1218671 ImuError.cpp:165] gyr saturation
W20250111 19:31:52.353403 1218671 ImuError.cpp:165] gyr saturation
W20250111 19:31:52.353411 1218671 ImuError.cpp:165] gyr saturation
W20250111 19:31:52.353420 1218671 ImuError.cpp:165] gyr saturation
W20250111 19:31:52.353427 1218671 ImuError.cpp:165] gyr saturation
W20250111 19:31:52.353435 1218671 ImuError.cpp:165] gyr saturation
W20250111 19:31:52.353443 1218671 ImuError.cpp:165] gyr saturation
W20250111 19:31:52.353451 1218671 ImuError.cpp:165] gyr saturation
W20250111 19:31:52.353458 1218671 ImuError.cpp:165] gyr saturation
W20250111 19:31:52.353466 1218671 ImuError.cpp:165] gyr saturation
W20250111 19:31:52.353473 1218671 ImuError.cpp:165] gyr saturation
W20250111 19:31:52.353482 1218671 ImuError.cpp:165] gyr saturation
W20250111 19:31:52.353488 1218671 ImuError.cpp:165] gyr saturation
W20250111 19:31:52.353497 1218671 ImuError.cpp:165] gyr saturation
W20250111 19:31:52.353504 1218671 ImuError.cpp:165] gyr saturation
W20250111 19:31:52.353511 1218671 ImuError.cpp:165] gyr saturation
W20250111 19:31:52.353519 1218671 ImuError.cpp:165] gyr saturation
W20250111 19:31:52.353528 1218671 ImuError.cpp:165] gyr saturation
W20250111 19:31:52.353534 1218671 ImuError.cpp:165] gyr saturation
W20250111 19:31:52.353542 1218671 ImuError.cpp:165] gyr saturation
W20250111 19:31:52.353550 1218671 ImuError.cpp:165] gyr saturation
W20250111 19:31:52.353557 1218671 ImuError.cpp:165] gyr saturation
W20250111 19:31:52.353565 1218671 ImuError.cpp:165] gyr saturation
W20250111 19:31:52.353572 1218671 ImuError.cpp:165] gyr saturation
W20250111 19:31:52.353580 1218671 ImuError.cpp:165] gyr saturation
W20250111 19:31:52.353832 1022177 ImuError.cpp:650] gyr saturation
W20250111 19:31:52.353889 1022177 ImuError.cpp:650] gyr saturation
W20250111 19:31:52.353895 1022177 ImuError.cpp:650] gyr saturation
W20250111 19:31:52.353902 1022177 ImuError.cpp:650] gyr saturation
W20250111 19:31:52.353909 1022177 ImuError.cpp:650] gyr saturation
W20250111 19:31:52.353914 1022177 ImuError.cpp:650] gyr saturation
W20250111 19:31:52.353919 1022177 ImuError.cpp:650] gyr saturation
W20250111 19:31:52.353924 1022177 ImuError.cpp:650] gyr saturation
W20250111 19:31:52.353930 1022177 ImuError.cpp:650] gyr saturation
W20250111 19:31:52.353936 1022177 ImuError.cpp:650] gyr saturation
W20250111 19:31:52.353943 1022177 ImuError.cpp:650] gyr saturation
W20250111 19:31:52.353948 1022177 ImuError.cpp:650] gyr saturation
W20250111 19:31:52.353955 1022177 ImuError.cpp:650] gyr saturation
W20250111 19:31:52.353960 1022177 ImuError.cpp:650] gyr saturation
W20250111 19:31:52.353965 1022177 ImuError.cpp:650] gyr saturation
W20250111 19:31:52.353971 1022177 ImuError.cpp:650] gyr saturation
W20250111 19:31:52.353977 1022177 ImuError.cpp:650] gyr saturation
W20250111 19:31:52.353982 1022177 ImuError.cpp:650] gyr saturation
W20250111 19:31:52.353988 1022177 ImuError.cpp:650] gyr saturation
W20250111 19:31:52.353993 1022177 ImuError.cpp:650] gyr saturation
W20250111 19:31:52.353999 1022177 ImuError.cpp:650] gyr saturation
W20250111 19:31:52.354004 1022177 ImuError.cpp:650] gyr saturation
W20250111 19:31:52.354012 1022177 ImuError.cpp:650] gyr saturation
W20250111 19:31:52.354017 1022177 ImuError.cpp:650] gyr saturation
W20250111 19:31:52.354023 1022177 ImuError.cpp:650] gyr saturation
W20250111 19:31:52.354029 1022177 ImuError.cpp:650] gyr saturation
W20250111 19:31:52.354035 1022177 ImuError.cpp:650] gyr saturation
W20250111 19:31:52.354040 1022177 ImuError.cpp:650] gyr saturation
W20250111 19:31:52.354045 1022177 ImuError.cpp:650] gyr saturation
W20250111 19:31:52.354051 1022177 ImuError.cpp:650] gyr saturation
W20250111 19:31:52.354056 1022177 ImuError.cpp:650] gyr saturation
W20250111 19:31:52.354063 1022177 ImuError.cpp:650] gyr saturation
W20250111 19:31:52.354071 1022177 ImuError.cpp:650] gyr saturation
W20250111 19:31:52.354077 1022177 ImuError.cpp:650] gyr saturation
W20250111 19:31:52.354126 1022177 ImuError.cpp:650] gyr saturation
W20250111 19:31:52.354132 1022177 ImuError.cpp:650] gyr saturation
W20250111 19:31:52.354137 1022177 ImuError.cpp:650] gyr saturation
W20250111 19:31:52.354152 1022177 ImuError.cpp:650] gyr saturation
W20250111 19:31:52.354159 1022177 ImuError.cpp:650] gyr saturation
W20250111 19:31:52.354166 1022177 ImuError.cpp:650] gyr saturation
W20250111 19:31:52.354172 1022177 ImuError.cpp:650] gyr saturation
W20250111 19:31:52.354178 1022177 ImuError.cpp:650] gyr saturation
W20250111 19:31:52.354183 1022177 ImuError.cpp:650] gyr saturation
W20250111 19:31:52.354189 1022177 ImuError.cpp:650] gyr saturation
W20250111 19:31:52.354195 1022177 ImuError.cpp:650] gyr saturation
W20250111 19:31:52.354200 1022177 ImuError.cpp:650] gyr saturation
W20250111 19:31:52.354205 1022177 ImuError.cpp:650] gyr saturation
W20250111 19:31:52.354211 1022177 ImuError.cpp:650] gyr saturation
W20250111 19:31:52.354216 1022177 ImuError.cpp:650] gyr saturation
W20250111 19:31:52.354223 1022177 ImuError.cpp:650] gyr saturation
W20250111 19:31:52.354228 1022177 ImuError.cpp:650] gyr saturation
W20250111 19:31:52.354234 1022177 ImuError.cpp:650] gyr saturation
W20250111 19:31:52.354239 1022177 ImuError.cpp:650] gyr saturation
W20250111 19:31:52.354244 1022177 ImuError.cpp:650] gyr saturation
W20250111 19:31:52.354250 1022177 ImuError.cpp:650] gyr saturation
W20250111 19:31:52.354256 1022177 ImuError.cpp:650] gyr saturation
W20250111 19:31:52.354261 1022177 ImuError.cpp:650] gyr saturation
W20250111 19:31:52.354266 1022177 ImuError.cpp:650] gyr saturation
W20250111 19:31:52.354272 1022177 ImuError.cpp:650] gyr saturation
W20250111 19:31:52.354277 1022177 ImuError.cpp:650] gyr saturation
W20250111 19:31:52.354282 1022177 ImuError.cpp:650] gyr saturation
W20250111 19:31:52.354288 1022177 ImuError.cpp:650] gyr saturation
W20250111 19:31:52.354293 1022177 ImuError.cpp:650] gyr saturation
W20250111 19:31:52.354300 1022177 ImuError.cpp:650] gyr saturation
W20250111 19:31:52.354305 1022177 ImuError.cpp:650] gyr saturation
W20250111 19:31:52.354310 1022177 ImuError.cpp:650] gyr saturation
W20250111 19:31:52.354315 1022177 ImuError.cpp:650] gyr saturation
W20250111 19:31:52.354321 1022177 ImuError.cpp:650] gyr saturation
W20250111 19:31:52.354939 1022177 Frontend.cpp:615] 3d2d tracking lost. Number of 3d2d-matches: 0
W20250111 19:31:52.355669 1022177 ImuError.cpp:650] gyr saturation
W20250111 19:31:52.355700 1022177 ImuError.cpp:650] gyr saturation
W20250111 19:31:52.355708 1022177 ImuError.cpp:650] gyr saturation
W20250111 19:31:52.355715 1022177 ImuError.cpp:650] gyr saturation
W20250111 19:31:52.355722 1022177 ImuError.cpp:650] gyr saturation
W20250111 19:31:52.355729 1022177 ImuError.cpp:650] gyr saturation
W20250111 19:31:52.355737 1022177 ImuError.cpp:650] gyr saturation
W20250111 19:31:52.355744 1022177 ImuError.cpp:650] gyr saturation
W20250111 19:31:52.355752 1022177 ImuError.cpp:650] gyr saturation
W20250111 19:31:52.355760 1022177 ImuError.cpp:650] gyr saturation
W20250111 19:31:52.355767 1022177 ImuError.cpp:650] gyr saturation
W20250111 19:31:52.355777 1022177 ImuError.cpp:650] gyr saturation
W20250111 19:31:52.355783 1022177 ImuError.cpp:650] gyr saturation
W20250111 19:31:52.355790 1022177 ImuError.cpp:650] gyr saturation
W20250111 19:31:52.355798 1022177 ImuError.cpp:650] gyr saturation
W20250111 19:31:52.355804 1022177 ImuError.cpp:650] gyr saturation
W20250111 19:31:52.355810 1022177 ImuError.cpp:650] gyr saturation
W20250111 19:31:52.355816 1022177 ImuError.cpp:650] gyr saturation
W20250111 19:31:52.355823 1022177 ImuError.cpp:650] gyr saturation
W20250111 19:31:52.355829 1022177 ImuError.cpp:650] gyr saturation
W20250111 19:31:52.355834 1022177 ImuError.cpp:650] gyr saturation
W20250111 19:31:52.355840 1022177 ImuError.cpp:650] gyr saturation
W20250111 19:31:52.355846 1022177 ImuError.cpp:650] gyr saturation
W20250111 19:31:52.355852 1022177 ImuError.cpp:650] gyr saturation
W20250111 19:31:52.355858 1022177 ImuError.cpp:650] gyr saturation
W20250111 19:31:52.355865 1022177 ImuError.cpp:650] gyr saturation
W20250111 19:31:52.355870 1022177 ImuError.cpp:650] gyr saturation
W20250111 19:31:52.355876 1022177 ImuError.cpp:650] gyr saturation
W20250111 19:31:52.355882 1022177 ImuError.cpp:650] gyr saturation
W20250111 19:31:52.355898 1022177 ImuError.cpp:650] gyr saturation
W20250111 19:31:52.355906 1022177 ImuError.cpp:650] gyr saturation
W20250111 19:31:52.355912 1022177 ImuError.cpp:650] gyr saturation
W20250111 19:31:52.355919 1022177 ImuError.cpp:650] gyr saturation
W20250111 19:31:52.355926 1022177 ImuError.cpp:650] gyr saturation
W20250111 19:31:52.355932 1022177 ImuError.cpp:650] gyr saturation
W20250111 19:31:52.355938 1022177 ImuError.cpp:650] gyr saturation
W20250111 19:31:52.355944 1022177 ImuError.cpp:650] gyr saturation
W20250111 19:31:52.355950 1022177 ImuError.cpp:650] gyr saturation
W20250111 19:31:52.355957 1022177 ImuError.cpp:650] gyr saturation
W20250111 19:31:52.355962 1022177 ImuError.cpp:650] gyr saturation
W20250111 19:31:52.355968 1022177 ImuError.cpp:650] gyr saturation
W20250111 19:31:52.355974 1022177 ImuError.cpp:650] gyr saturation
W20250111 19:31:52.355981 1022177 ImuError.cpp:650] gyr saturation
W20250111 19:31:52.355988 1022177 ImuError.cpp:650] gyr saturation
W20250111 19:31:52.355994 1022177 ImuError.cpp:650] gyr saturation
W20250111 19:31:52.356000 1022177 ImuError.cpp:650] gyr saturation
W20250111 19:31:52.356006 1022177 ImuError.cpp:650] gyr saturation
W20250111 19:31:52.356012 1022177 ImuError.cpp:650] gyr saturation
W20250111 19:31:52.356019 1022177 ImuError.cpp:650] gyr saturation
W20250111 19:31:52.356715 1218697 ImuError.cpp:368] gyr saturation
W20250111 19:31:52.356750 1218697 ImuError.cpp:368] gyr saturation
W20250111 19:31:52.356758 1218697 ImuError.cpp:368] gyr saturation
W20250111 19:31:52.356766 1218697 ImuError.cpp:368] gyr saturation
W20250111 19:31:52.356774 1218697 ImuError.cpp:368] gyr saturation
W20250111 19:31:52.356782 1218697 ImuError.cpp:368] gyr saturation
W20250111 19:31:52.356789 1218697 ImuError.cpp:368] gyr saturation
W20250111 19:31:52.356797 1218697 ImuError.cpp:368] gyr saturation
W20250111 19:31:52.356806 1218697 ImuError.cpp:368] gyr saturation
W20250111 19:31:52.356817 1218697 ImuError.cpp:368] gyr saturation
W20250111 19:31:52.356829 1218697 ImuError.cpp:368] gyr saturation
W20250111 19:31:52.356837 1218697 ImuError.cpp:368] gyr saturation
W20250111 19:31:52.356845 1218697 ImuError.cpp:368] gyr saturation
W20250111 19:31:52.356853 1218697 ImuError.cpp:368] gyr saturation
W20250111 19:31:52.356860 1218697 ImuError.cpp:368] gyr saturation
W20250111 19:31:52.356868 1218697 ImuError.cpp:368] gyr saturation
W20250111 19:31:52.356875 1218697 ImuError.cpp:368] gyr saturation
W20250111 19:31:52.356882 1218697 ImuError.cpp:368] gyr saturation
W20250111 19:31:52.356890 1218697 ImuError.cpp:368] gyr saturation
W20250111 19:31:52.356897 1218697 ImuError.cpp:368] gyr saturation
W20250111 19:31:52.356905 1218697 ImuError.cpp:368] gyr saturation
W20250111 19:31:52.356912 1218697 ImuError.cpp:368] gyr saturation
W20250111 19:31:52.356920 1218697 ImuError.cpp:368] gyr saturation
W20250111 19:31:52.356927 1218697 ImuError.cpp:368] gyr saturation
W20250111 19:31:52.356935 1218697 ImuError.cpp:368] gyr saturation
W20250111 19:31:52.356942 1218697 ImuError.cpp:368] gyr saturation
W20250111 19:31:52.356949 1218697 ImuError.cpp:368] gyr saturation
W20250111 19:31:52.356957 1218697 ImuError.cpp:368] gyr saturation
W20250111 19:31:52.356964 1218697 ImuError.cpp:368] gyr saturation
W20250111 19:31:52.356972 1218697 ImuError.cpp:368] gyr saturation
W20250111 19:31:52.356979 1218697 ImuError.cpp:368] gyr saturation
W20250111 19:31:52.356986 1218697 ImuError.cpp:368] gyr saturation
W20250111 19:31:52.356994 1218697 ImuError.cpp:368] gyr saturation
W20250111 19:31:52.357002 1218697 ImuError.cpp:368] gyr saturation
W20250111 19:31:52.367964 1218697 ViSlamBackend.cpp:466] TRACKING FAILURE: quality=0
W20250111 19:31:52.368693 1022177 ImuError.cpp:650] gyr saturation
W20250111 19:31:52.368716 1022177 ImuError.cpp:650] gyr saturation
W20250111 19:31:52.368721 1022177 ImuError.cpp:650] gyr saturation
W20250111 19:31:52.368726 1022177 ImuError.cpp:650] gyr saturation
W20250111 19:31:52.368731 1022177 ImuError.cpp:650] gyr saturation
W20250111 19:31:52.368742 1022177 ImuError.cpp:650] gyr saturation
W20250111 19:31:52.368748 1022177 ImuError.cpp:650] gyr saturation
W20250111 19:31:52.368754 1022177 ImuError.cpp:650] gyr saturation
W20250111 19:31:52.368757 1022177 ImuError.cpp:650] gyr saturation
W20250111 19:31:52.368763 1022177 ImuError.cpp:650] gyr saturation
W20250111 19:31:52.368767 1022177 ImuError.cpp:650] gyr saturation
W20250111 19:31:52.368772 1022177 ImuError.cpp:650] gyr saturation
W20250111 19:31:52.368775 1022177 ImuError.cpp:650] gyr saturation
W20250111 19:31:52.368780 1022177 ImuError.cpp:650] gyr saturation
W20250111 19:31:52.368784 1022177 ImuError.cpp:650] gyr saturation
W20250111 19:31:52.368788 1022177 ImuError.cpp:650] gyr saturation
W20250111 19:31:52.368870 1022177 ImuError.cpp:650] gyr saturation
W20250111 19:31:52.368876 1022177 ImuError.cpp:650] gyr saturation
W20250111 19:31:52.368881 1022177 ImuError.cpp:650] gyr saturation
W20250111 19:31:52.368886 1022177 ImuError.cpp:650] gyr saturation
W20250111 19:31:52.368891 1022177 ImuError.cpp:650] gyr saturation
W20250111 19:31:52.368894 1022177 ImuError.cpp:650] gyr saturation
W20250111 19:31:52.368898 1022177 ImuError.cpp:650] gyr saturation
W20250111 19:31:52.368901 1022177 ImuError.cpp:650] gyr saturation
W20250111 19:31:52.368907 1022177 ImuError.cpp:650] gyr saturation
W20250111 19:31:52.368912 1022177 ImuError.cpp:650] gyr saturation
W20250111 19:31:52.368916 1022177 ImuError.cpp:650] gyr saturation
W20250111 19:31:52.368921 1022177 ImuError.cpp:650] gyr saturation
W20250111 19:31:52.368925 1022177 ImuError.cpp:650] gyr saturation
W20250111 19:31:52.368929 1022177 ImuError.cpp:650] gyr saturation
W20250111 19:31:52.368933 1022177 ImuError.cpp:650] gyr saturation
W20250111 19:31:52.368938 1022177 ImuError.cpp:650] gyr saturation
W20250111 19:31:52.369349 1022177 Frontend.cpp:615] 3d2d tracking lost. Number of 3d2d-matches: 1
W20250111 19:31:52.370095 1022177 ImuError.cpp:650] gyr saturation
W20250111 19:31:52.370105 1022177 ImuError.cpp:650] gyr saturation
W20250111 19:31:52.370108 1022177 ImuError.cpp:650] gyr saturation
W20250111 19:31:52.370113 1022177 ImuError.cpp:650] gyr saturation
W20250111 19:31:52.370117 1022177 ImuError.cpp:650] gyr saturation
W20250111 19:31:52.370121 1022177 ImuError.cpp:650] gyr saturation
W20250111 19:31:52.370124 1022177 ImuError.cpp:650] gyr saturation
W20250111 19:31:52.370127 1022177 ImuError.cpp:650] gyr saturation
W20250111 19:31:52.370131 1022177 ImuError.cpp:650] gyr saturation
W20250111 19:31:52.370136 1022177 ImuError.cpp:650] gyr saturation
W20250111 19:31:52.370139 1022177 ImuError.cpp:650] gyr saturation
W20250111 19:31:52.370143 1022177 ImuError.cpp:650] gyr saturation
W20250111 19:31:52.370149 1022177 ImuError.cpp:650] gyr saturation
W20250111 19:31:52.370155 1022177 ImuError.cpp:650] gyr saturation
W20250111 19:31:52.370159 1022177 ImuError.cpp:650] gyr saturation
W20250111 19:31:52.370162 1022177 ImuError.cpp:650] gyr saturation
W20250111 19:31:52.372687 1022191 ImuError.cpp:368] gyr saturation
W20250111 19:31:52.372709 1022191 ImuError.cpp:368] gyr saturation
W20250111 19:31:52.372718 1022191 ImuError.cpp:368] gyr saturation
W20250111 19:31:52.372728 1022191 ImuError.cpp:368] gyr saturation
W20250111 19:31:52.372738 1022191 ImuError.cpp:368] gyr saturation
W20250111 19:31:52.372748 1022191 ImuError.cpp:368] gyr saturation
W20250111 19:31:52.372758 1022191 ImuError.cpp:368] gyr saturation
W20250111 19:31:52.372767 1022191 ImuError.cpp:368] gyr saturation
W20250111 19:31:52.372778 1022191 ImuError.cpp:368] gyr saturation
W20250111 19:31:52.372788 1022191 ImuError.cpp:368] gyr saturation
W20250111 19:31:52.372797 1022191 ImuError.cpp:368] gyr saturation
W20250111 19:31:52.372807 1022191 ImuError.cpp:368] gyr saturation
W20250111 19:31:52.372815 1022191 ImuError.cpp:368] gyr saturation
W20250111 19:31:52.372825 1022191 ImuError.cpp:368] gyr saturation
W20250111 19:31:52.372833 1022191 ImuError.cpp:368] gyr saturation
W20250111 19:31:52.372841 1022191 ImuError.cpp:368] gyr saturation
W20250111 19:31:52.403053 1218731 ViSlamBackend.cpp:466] TRACKING FAILURE: quality=0
W20250111 19:31:52.407042 1022177 Frontend.cpp:612] 3d2d tracking weak: quality=0. Number of 3d2d-matches: 4
I20250111 19:31:52.760672 1022177 okvis_app_synchronous.cpp:210] OKVIS Timing
-----------
1 DetectAndDescribe                	   3241	00:00:06.338297	(00:00:00.001956 +- 00:00:00.000364)	[00:00:00.000948,00:00:00.004747]
2 Match                            	   3241	00:00:20.581283	(00:00:00.006350 +- 00:00:00.002436)	[00:00:00.000235,00:00:00.014775]
2.01 match to map                  	   3240	00:00:14.670766	(00:00:00.004528 +- 00:00:00.002033)	[00:00:00.000051,00:00:00.012514]
2.02 match motion stereo           	   3240	00:00:04.178375	(00:00:00.001290 +- 00:00:00.000416)	[00:00:00.000054,00:00:00.003440]
2.02.1 match motion stereo: prepare	   3240	00:00:00.929671	(00:00:00.000287 +- 00:00:00.000112)	[00:00:00.000001,00:00:00.000954]
2.10 match stereo                  	    867	00:00:00.032194	(00:00:00.000037 +- 00:00:00.000045)	[00:00:00.000001,00:00:00.000431]
3 Optimise                         	   3240	00:00:47.043842	(00:00:00.014520 +- 00:00:00.005541)	[00:00:00.001233,00:00:00.035484]
4 Prepare publishing               	   3240	00:00:02.564492	(00:00:00.000792 +- 00:00:00.000316)	[00:00:00.000065,00:00:00.002774]
6 Visualising                      	   3240	00:00:00.000761	(00:00:00.000000 +- 00:00:00.000000)	[00:00:00.000000,00:00:00.000012]
7 Marginalise                      	   3240	00:00:05.458595	(00:00:00.001685 +- 00:00:00.000696)	[00:00:00.000006,00:00:00.005454]
7.1 check/handle lost              	   3240	00:00:00.093978	(00:00:00.000029 +- 00:00:00.000020)	[00:00:00.000000,00:00:00.000399]
7.2 eliminate IMU frames           	   3240	00:00:02.429775	(00:00:00.000750 +- 00:00:00.000535)	[00:00:00.000000,00:00:00.002678]
7.3 convert to posegraph           	   1046	00:00:00.796071	(00:00:00.000761 +- 00:00:00.000388)	[00:00:00.000095,00:00:00.002866]
7.4 freezing                       	   3239	00:00:00.003452	(00:00:00.000001 +- 00:00:00.000002)	[00:00:00.000000,00:00:00.000029]
7.6 expand                         	   3223	00:00:00.686016	(00:00:00.000213 +- 00:00:00.000107)	[00:00:00.000022,00:00:00.001112]
7.7 prune place recognition frames 	   3239	00:00:00.690913	(00:00:00.000213 +- 00:00:00.000111)	[00:00:00.000005,00:00:00.000825]
I20250111 19:31:52.760766 1022177 okvis_app_synchronous.cpp:219] Progress: 60% (1 [1%/s], ETA: 40s)
I20250111 19:31:53.957264 1022177 Frontend.cpp:2274] RANSAC FAIL: 74 inliers, ratio = 0.672727
I20250111 19:31:54.746131 1022177 okvis_app_synchronous.cpp:210] OKVIS Timing
-----------
1 DetectAndDescribe                	   3295	00:00:06.446368	(00:00:00.001956 +- 00:00:00.000364)	[00:00:00.000948,00:00:00.004747]
2 Match                            	   3295	00:00:20.963019	(00:00:00.006362 +- 00:00:00.002441)	[00:00:00.000235,00:00:00.014775]
2.01 match to map                  	   3294	00:00:14.958521	(00:00:00.004541 +- 00:00:00.002041)	[00:00:00.000051,00:00:00.012514]
2.02 match motion stereo           	   3294	00:00:04.246922	(00:00:00.001289 +- 00:00:00.000414)	[00:00:00.000054,00:00:00.003440]
2.02.1 match motion stereo: prepare	   3294	00:00:00.944817	(00:00:00.000287 +- 00:00:00.000112)	[00:00:00.000001,00:00:00.000954]
2.10 match stereo                  	    885	00:00:00.032870	(00:00:00.000037 +- 00:00:00.000045)	[00:00:00.000001,00:00:00.000431]
3 Optimise                         	   3294	00:00:48.464209	(00:00:00.014713 +- 00:00:00.005719)	[00:00:00.001233,00:00:00.035484]
4 Prepare publishing               	   3294	00:00:02.623734	(00:00:00.000797 +- 00:00:00.000317)	[00:00:00.000065,00:00:00.002774]
6 Visualising                      	   3294	00:00:00.000778	(00:00:00.000000 +- 00:00:00.000000)	[00:00:00.000000,00:00:00.000012]
7 Marginalise                      	   3294	00:00:05.574380	(00:00:00.001692 +- 00:00:00.000696)	[00:00:00.000006,00:00:00.005454]
7.1 check/handle lost              	   3294	00:00:00.095690	(00:00:00.000029 +- 00:00:00.000020)	[00:00:00.000000,00:00:00.000399]
7.2 eliminate IMU frames           	   3294	00:00:02.476048	(00:00:00.000752 +- 00:00:00.000538)	[00:00:00.000000,00:00:00.002678]
7.3 convert to posegraph           	   1067	00:00:00.817307	(00:00:00.000766 +- 00:00:00.000388)	[00:00:00.000095,00:00:00.002866]
7.4 freezing                       	   3293	00:00:00.003609	(00:00:00.000001 +- 00:00:00.000002)	[00:00:00.000000,00:00:00.000029]
7.6 expand                         	   3277	00:00:00.700622	(00:00:00.000214 +- 00:00:00.000107)	[00:00:00.000022,00:00:00.001112]
7.7 prune place recognition frames 	   3293	00:00:00.706496	(00:00:00.000215 +- 00:00:00.000111)	[00:00:00.000005,00:00:00.000825]
I20250111 19:31:54.746309 1022177 okvis_app_synchronous.cpp:219] Progress: 61% (1 [1%/s], ETA: 39s)
I20250111 19:31:56.451175 1022177 okvis_app_synchronous.cpp:210] OKVIS Timing
-----------
1 DetectAndDescribe                	   3349	00:00:06.563202	(00:00:00.001960 +- 00:00:00.000363)	[00:00:00.000948,00:00:00.004747]
2 Match                            	   3349	00:00:21.700129	(00:00:00.006480 +- 00:00:00.002592)	[00:00:00.000235,00:00:00.015566]
2.01 match to map                  	   3348	00:00:15.571185	(00:00:00.004651 +- 00:00:00.002200)	[00:00:00.000051,00:00:00.012625]
2.02 match motion stereo           	   3348	00:00:04.330984	(00:00:00.001294 +- 00:00:00.000413)	[00:00:00.000054,00:00:00.003440]
2.02.1 match motion stereo: prepare	   3348	00:00:00.967709	(00:00:00.000289 +- 00:00:00.000113)	[00:00:00.000001,00:00:00.000954]
2.10 match stereo                  	    889	00:00:00.033461	(00:00:00.000038 +- 00:00:00.000045)	[00:00:00.000001,00:00:00.000431]
3 Optimise                         	   3348	00:00:49.256425	(00:00:00.014712 +- 00:00:00.005681)	[00:00:00.001233,00:00:00.035484]
4 Prepare publishing               	   3348	00:00:02.675481	(00:00:00.000799 +- 00:00:00.000316)	[00:00:00.000065,00:00:00.002774]
6 Visualising                      	   3348	00:00:00.000786	(00:00:00.000000 +- 00:00:00.000000)	[00:00:00.000000,00:00:00.000012]
7 Marginalise                      	   3348	00:00:05.691019	(00:00:00.001700 +- 00:00:00.000698)	[00:00:00.000006,00:00:00.005454]
7.1 check/handle lost              	   3348	00:00:00.097632	(00:00:00.000029 +- 00:00:00.000020)	[00:00:00.000000,00:00:00.000399]
7.2 eliminate IMU frames           	   3348	00:00:02.531367	(00:00:00.000756 +- 00:00:00.000537)	[00:00:00.000000,00:00:00.002678]
7.3 convert to posegraph           	   1074	00:00:00.826098	(00:00:00.000769 +- 00:00:00.000391)	[00:00:00.000095,00:00:00.002866]
7.4 freezing                       	   3347	00:00:00.003628	(00:00:00.000001 +- 00:00:00.000002)	[00:00:00.000000,00:00:00.000029]
7.6 expand                         	   3331	00:00:00.716731	(00:00:00.000215 +- 00:00:00.000107)	[00:00:00.000022,00:00:00.001112]
7.7 prune place recognition frames 	   3347	00:00:00.724584	(00:00:00.000216 +- 00:00:00.000112)	[00:00:00.000005,00:00:00.000825]
I20250111 19:31:56.451310 1022177 okvis_app_synchronous.cpp:219] Progress: 62% (1 [1%/s], ETA: 38s)
I20250111 19:31:57.018754 1022177 Frontend.cpp:2274] RANSAC FAIL: 65 inliers, ratio = 0.677083
I20250111 19:31:57.991911 1022177 okvis_app_synchronous.cpp:210] OKVIS Timing
-----------
1 DetectAndDescribe                	   3403	00:00:06.664980	(00:00:00.001959 +- 00:00:00.000361)	[00:00:00.000948,00:00:00.004747]
2 Match                            	   3403	00:00:22.347370	(00:00:00.006567 +- 00:00:00.002667)	[00:00:00.000235,00:00:00.015566]
2.01 match to map                  	   3402	00:00:16.089466	(00:00:00.004729 +- 00:00:00.002271)	[00:00:00.000051,00:00:00.012625]
2.02 match motion stereo           	   3402	00:00:04.424135	(00:00:00.001300 +- 00:00:00.000416)	[00:00:00.000054,00:00:00.003440]
2.02.1 match motion stereo: prepare	   3402	00:00:00.987687	(00:00:00.000290 +- 00:00:00.000113)	[00:00:00.000001,00:00:00.000954]
2.10 match stereo                  	    916	00:00:00.034273	(00:00:00.000037 +- 00:00:00.000045)	[00:00:00.000001,00:00:00.000431]
3 Optimise                         	   3402	00:00:50.008628	(00:00:00.014700 +- 00:00:00.005647)	[00:00:00.001233,00:00:00.035484]
4 Prepare publishing               	   3402	00:00:02.719050	(00:00:00.000799 +- 00:00:00.000315)	[00:00:00.000065,00:00:00.002774]
6 Visualising                      	   3402	00:00:00.000795	(00:00:00.000000 +- 00:00:00.000000)	[00:00:00.000000,00:00:00.000012]
7 Marginalise                      	   3402	00:00:05.781708	(00:00:00.001700 +- 00:00:00.000695)	[00:00:00.000006,00:00:00.005454]
7.1 check/handle lost              	   3402	00:00:00.098917	(00:00:00.000029 +- 00:00:00.000020)	[00:00:00.000000,00:00:00.000399]
7.2 eliminate IMU frames           	   3402	00:00:02.557837	(00:00:00.000752 +- 00:00:00.000538)	[00:00:00.000000,00:00:00.002678]
7.3 convert to posegraph           	   1100	00:00:00.850219	(00:00:00.000773 +- 00:00:00.000390)	[00:00:00.000095,00:00:00.002866]
7.4 freezing                       	   3401	00:00:00.003688	(00:00:00.000001 +- 00:00:00.000002)	[00:00:00.000000,00:00:00.000029]
7.6 expand                         	   3385	00:00:00.729084	(00:00:00.000215 +- 00:00:00.000107)	[00:00:00.000022,00:00:00.001112]
7.7 prune place recognition frames 	   3401	00:00:00.736516	(00:00:00.000217 +- 00:00:00.000112)	[00:00:00.000005,00:00:00.000825]
I20250111 19:31:57.992065 1022177 okvis_app_synchronous.cpp:219] Progress: 63% (1 [1%/s], ETA: 37s)
W20250111 19:31:58.050556 1022177 ImuError.cpp:650] gyr saturation
W20250111 19:31:58.050621 1022177 ImuError.cpp:650] gyr saturation
W20250111 19:31:58.050648 1022177 ImuError.cpp:650] gyr saturation
W20250111 19:31:58.050655 1022177 ImuError.cpp:650] gyr saturation
W20250111 19:31:58.050662 1022177 ImuError.cpp:650] gyr saturation
W20250111 19:31:58.050668 1022177 ImuError.cpp:650] gyr saturation
W20250111 19:31:58.050673 1022177 ImuError.cpp:650] gyr saturation
W20250111 19:31:58.050679 1022177 ImuError.cpp:650] gyr saturation
W20250111 19:31:58.050684 1022177 ImuError.cpp:650] gyr saturation
W20250111 19:31:58.050689 1022177 ImuError.cpp:650] gyr saturation
W20250111 19:31:58.050695 1022177 ImuError.cpp:650] gyr saturation
W20250111 19:31:58.050700 1022177 ImuError.cpp:650] gyr saturation
W20250111 19:31:58.050705 1022177 ImuError.cpp:650] gyr saturation
W20250111 19:31:58.050710 1022177 ImuError.cpp:650] gyr saturation
W20250111 19:31:58.050716 1022177 ImuError.cpp:650] gyr saturation
W20250111 19:31:58.050721 1022177 ImuError.cpp:650] gyr saturation
W20250111 19:31:58.050727 1022177 ImuError.cpp:650] gyr saturation
W20250111 19:31:58.050732 1022177 ImuError.cpp:650] gyr saturation
W20250111 19:31:58.050737 1022177 ImuError.cpp:650] gyr saturation
W20250111 19:31:58.050742 1022177 ImuError.cpp:650] gyr saturation
W20250111 19:31:58.050748 1022177 ImuError.cpp:650] gyr saturation
W20250111 19:31:58.050753 1022177 ImuError.cpp:650] gyr saturation
W20250111 19:31:58.050758 1022177 ImuError.cpp:650] gyr saturation
W20250111 19:31:58.050765 1022177 ImuError.cpp:650] gyr saturation
W20250111 19:31:58.050771 1022177 ImuError.cpp:650] gyr saturation
W20250111 19:31:58.050777 1022177 ImuError.cpp:650] gyr saturation
W20250111 19:31:58.050783 1022177 ImuError.cpp:650] gyr saturation
W20250111 19:31:58.050788 1022177 ImuError.cpp:650] gyr saturation
W20250111 19:31:58.050793 1022177 ImuError.cpp:650] gyr saturation
W20250111 19:31:58.050798 1022177 ImuError.cpp:650] gyr saturation
W20250111 19:31:58.050805 1022177 ImuError.cpp:650] gyr saturation
W20250111 19:31:58.050812 1022177 ImuError.cpp:650] gyr saturation
W20250111 19:31:58.050817 1022177 ImuError.cpp:650] gyr saturation
W20250111 19:31:58.069586 1022177 ImuError.cpp:650] gyr saturation
W20250111 19:31:58.069635 1022177 ImuError.cpp:650] gyr saturation
W20250111 19:31:58.069643 1022177 ImuError.cpp:650] gyr saturation
W20250111 19:31:58.069648 1022177 ImuError.cpp:650] gyr saturation
W20250111 19:31:58.069653 1022177 ImuError.cpp:650] gyr saturation
W20250111 19:31:58.069660 1022177 ImuError.cpp:650] gyr saturation
W20250111 19:31:58.069665 1022177 ImuError.cpp:650] gyr saturation
W20250111 19:31:58.069671 1022177 ImuError.cpp:650] gyr saturation
W20250111 19:31:58.069677 1022177 ImuError.cpp:650] gyr saturation
W20250111 19:31:58.069694 1022177 ImuError.cpp:650] gyr saturation
W20250111 19:31:58.069701 1022177 ImuError.cpp:650] gyr saturation
W20250111 19:31:58.069708 1022177 ImuError.cpp:650] gyr saturation
W20250111 19:31:58.069713 1022177 ImuError.cpp:650] gyr saturation
W20250111 19:31:58.069720 1022177 ImuError.cpp:650] gyr saturation
W20250111 19:31:58.069725 1022177 ImuError.cpp:650] gyr saturation
W20250111 19:31:58.069729 1022177 ImuError.cpp:650] gyr saturation
W20250111 19:31:58.069734 1022177 ImuError.cpp:650] gyr saturation
W20250111 19:31:58.069741 1022177 ImuError.cpp:650] gyr saturation
W20250111 19:31:58.069746 1022177 ImuError.cpp:650] gyr saturation
W20250111 19:31:58.069751 1022177 ImuError.cpp:650] gyr saturation
W20250111 19:31:58.069756 1022177 ImuError.cpp:650] gyr saturation
W20250111 19:31:58.069761 1022177 ImuError.cpp:650] gyr saturation
W20250111 19:31:58.069767 1022177 ImuError.cpp:650] gyr saturation
W20250111 19:31:58.069772 1022177 ImuError.cpp:650] gyr saturation
W20250111 19:31:58.069778 1022177 ImuError.cpp:650] gyr saturation
W20250111 19:31:58.069783 1022177 ImuError.cpp:650] gyr saturation
W20250111 19:31:58.069788 1022177 ImuError.cpp:650] gyr saturation
W20250111 19:31:58.069795 1022177 ImuError.cpp:650] gyr saturation
W20250111 19:31:58.069802 1022177 ImuError.cpp:650] gyr saturation
W20250111 19:31:58.069808 1022177 ImuError.cpp:650] gyr saturation
W20250111 19:31:58.069814 1022177 ImuError.cpp:650] gyr saturation
W20250111 19:31:58.069820 1022177 ImuError.cpp:650] gyr saturation
W20250111 19:31:58.069826 1022177 ImuError.cpp:650] gyr saturation
W20250111 19:31:58.070102 1022177 ImuError.cpp:650] gyr saturation
W20250111 19:31:58.070112 1022177 ImuError.cpp:650] gyr saturation
W20250111 19:31:58.070118 1022177 ImuError.cpp:650] gyr saturation
W20250111 19:31:58.070124 1022177 ImuError.cpp:650] gyr saturation
W20250111 19:31:58.070129 1022177 ImuError.cpp:650] gyr saturation
W20250111 19:31:58.070134 1022177 ImuError.cpp:650] gyr saturation
W20250111 19:31:58.070140 1022177 ImuError.cpp:650] gyr saturation
W20250111 19:31:58.070147 1022177 ImuError.cpp:650] gyr saturation
W20250111 19:31:58.070152 1022177 ImuError.cpp:650] gyr saturation
W20250111 19:31:58.070158 1022177 ImuError.cpp:650] gyr saturation
W20250111 19:31:58.070164 1022177 ImuError.cpp:650] gyr saturation
W20250111 19:31:58.070170 1022177 ImuError.cpp:650] gyr saturation
W20250111 19:31:58.070178 1022177 ImuError.cpp:650] gyr saturation
W20250111 19:31:58.070183 1022177 ImuError.cpp:650] gyr saturation
W20250111 19:31:58.070188 1022177 ImuError.cpp:650] gyr saturation
W20250111 19:31:58.070194 1022177 ImuError.cpp:650] gyr saturation
W20250111 19:31:58.070199 1022177 ImuError.cpp:650] gyr saturation
W20250111 19:31:58.070204 1022177 ImuError.cpp:650] gyr saturation
W20250111 19:31:58.070210 1022177 ImuError.cpp:650] gyr saturation
W20250111 19:31:58.070216 1022177 ImuError.cpp:650] gyr saturation
W20250111 19:31:58.070221 1022177 ImuError.cpp:650] gyr saturation
W20250111 19:31:58.070227 1022177 ImuError.cpp:650] gyr saturation
W20250111 19:31:58.070233 1022177 ImuError.cpp:650] gyr saturation
W20250111 19:31:58.070240 1022177 ImuError.cpp:650] gyr saturation
W20250111 19:31:58.070245 1022177 ImuError.cpp:650] gyr saturation
W20250111 19:31:58.070250 1022177 ImuError.cpp:650] gyr saturation
W20250111 19:31:58.070256 1022177 ImuError.cpp:650] gyr saturation
W20250111 19:31:58.070261 1022177 ImuError.cpp:650] gyr saturation
W20250111 19:31:58.070267 1022177 ImuError.cpp:650] gyr saturation
W20250111 19:31:58.070272 1022177 ImuError.cpp:650] gyr saturation
W20250111 19:31:58.070277 1022177 ImuError.cpp:650] gyr saturation
W20250111 19:31:58.070283 1022177 ImuError.cpp:650] gyr saturation
W20250111 19:31:58.070289 1022177 ImuError.cpp:650] gyr saturation
W20250111 19:31:58.074082 1022177 ImuError.cpp:368] gyr saturation
W20250111 19:31:58.074175 1022177 ImuError.cpp:368] gyr saturation
W20250111 19:31:58.074188 1022177 ImuError.cpp:368] gyr saturation
W20250111 19:31:58.074200 1022177 ImuError.cpp:368] gyr saturation
W20250111 19:31:58.074227 1022177 ImuError.cpp:368] gyr saturation
W20250111 19:31:58.074247 1022177 ImuError.cpp:368] gyr saturation
W20250111 19:31:58.074258 1022177 ImuError.cpp:368] gyr saturation
W20250111 19:31:58.074270 1022177 ImuError.cpp:368] gyr saturation
W20250111 19:31:58.074280 1022177 ImuError.cpp:368] gyr saturation
W20250111 19:31:58.074290 1022177 ImuError.cpp:368] gyr saturation
W20250111 19:31:58.074301 1022177 ImuError.cpp:368] gyr saturation
W20250111 19:31:58.074311 1022177 ImuError.cpp:368] gyr saturation
W20250111 19:31:58.074322 1022177 ImuError.cpp:368] gyr saturation
W20250111 19:31:58.074333 1022177 ImuError.cpp:368] gyr saturation
W20250111 19:31:58.074343 1022177 ImuError.cpp:368] gyr saturation
W20250111 19:31:58.074354 1022177 ImuError.cpp:368] gyr saturation
W20250111 19:31:58.074365 1022177 ImuError.cpp:368] gyr saturation
W20250111 19:31:58.074375 1022177 ImuError.cpp:368] gyr saturation
W20250111 19:31:58.074386 1022177 ImuError.cpp:368] gyr saturation
W20250111 19:31:58.074397 1022177 ImuError.cpp:368] gyr saturation
W20250111 19:31:58.074407 1022177 ImuError.cpp:368] gyr saturation
W20250111 19:31:58.074419 1022177 ImuError.cpp:368] gyr saturation
W20250111 19:31:58.074429 1022177 ImuError.cpp:368] gyr saturation
W20250111 19:31:58.074440 1022177 ImuError.cpp:368] gyr saturation
W20250111 19:31:58.074450 1022177 ImuError.cpp:368] gyr saturation
W20250111 19:31:58.074462 1022177 ImuError.cpp:368] gyr saturation
W20250111 19:31:58.074472 1022177 ImuError.cpp:368] gyr saturation
W20250111 19:31:58.074483 1022177 ImuError.cpp:368] gyr saturation
W20250111 19:31:58.074494 1022177 ImuError.cpp:368] gyr saturation
W20250111 19:31:58.074505 1022177 ImuError.cpp:368] gyr saturation
W20250111 19:31:58.074515 1022177 ImuError.cpp:368] gyr saturation
W20250111 19:31:58.074527 1022177 ImuError.cpp:368] gyr saturation
W20250111 19:31:58.074537 1022177 ImuError.cpp:368] gyr saturation
W20250111 19:31:58.080619 1022177 ImuError.cpp:650] gyr saturation
W20250111 19:31:58.080682 1022177 ImuError.cpp:650] gyr saturation
W20250111 19:31:58.080691 1022177 ImuError.cpp:650] gyr saturation
W20250111 19:31:58.080701 1022177 ImuError.cpp:650] gyr saturation
W20250111 19:31:58.080708 1022177 ImuError.cpp:650] gyr saturation
W20250111 19:31:58.080713 1022177 ImuError.cpp:650] gyr saturation
W20250111 19:31:58.080719 1022177 ImuError.cpp:650] gyr saturation
W20250111 19:31:58.080727 1022177 ImuError.cpp:650] gyr saturation
W20250111 19:31:58.080734 1022177 ImuError.cpp:650] gyr saturation
W20250111 19:31:58.080741 1022177 ImuError.cpp:650] gyr saturation
W20250111 19:31:58.080747 1022177 ImuError.cpp:650] gyr saturation
W20250111 19:31:58.080753 1022177 ImuError.cpp:650] gyr saturation
W20250111 19:31:58.080760 1022177 ImuError.cpp:650] gyr saturation
W20250111 19:31:58.080767 1022177 ImuError.cpp:650] gyr saturation
W20250111 19:31:58.080773 1022177 ImuError.cpp:650] gyr saturation
W20250111 19:31:58.080780 1022177 ImuError.cpp:650] gyr saturation
W20250111 19:31:58.080785 1022177 ImuError.cpp:650] gyr saturation
W20250111 19:31:58.080792 1022177 ImuError.cpp:650] gyr saturation
W20250111 19:31:58.080799 1022177 ImuError.cpp:650] gyr saturation
W20250111 19:31:58.080806 1022177 ImuError.cpp:650] gyr saturation
W20250111 19:31:58.080811 1022177 ImuError.cpp:650] gyr saturation
W20250111 19:31:58.080817 1022177 ImuError.cpp:650] gyr saturation
W20250111 19:31:58.080823 1022177 ImuError.cpp:650] gyr saturation
W20250111 19:31:58.080829 1022177 ImuError.cpp:650] gyr saturation
W20250111 19:31:58.080835 1022177 ImuError.cpp:650] gyr saturation
W20250111 19:31:58.080842 1022177 ImuError.cpp:650] gyr saturation
W20250111 19:31:58.080848 1022177 ImuError.cpp:650] gyr saturation
W20250111 19:31:58.080854 1022177 ImuError.cpp:650] gyr saturation
W20250111 19:31:58.080859 1022177 ImuError.cpp:650] gyr saturation
W20250111 19:31:58.080868 1022177 ImuError.cpp:650] gyr saturation
W20250111 19:31:58.080873 1022177 ImuError.cpp:650] gyr saturation
W20250111 19:31:58.080879 1022177 ImuError.cpp:650] gyr saturation
W20250111 19:31:58.080885 1022177 ImuError.cpp:650] gyr saturation
W20250111 19:31:58.080909 1022177 ImuError.cpp:650] gyr saturation
W20250111 19:31:58.080916 1022177 ImuError.cpp:650] gyr saturation
W20250111 19:31:58.080922 1022177 ImuError.cpp:650] gyr saturation
W20250111 19:31:58.080928 1022177 ImuError.cpp:650] gyr saturation
W20250111 19:31:58.080936 1022177 ImuError.cpp:650] gyr saturation
W20250111 19:31:58.080942 1022177 ImuError.cpp:650] gyr saturation
W20250111 19:31:58.080948 1022177 ImuError.cpp:650] gyr saturation
W20250111 19:31:58.080953 1022177 ImuError.cpp:650] gyr saturation
W20250111 19:31:58.080961 1022177 ImuError.cpp:650] gyr saturation
W20250111 19:31:58.080967 1022177 ImuError.cpp:650] gyr saturation
W20250111 19:31:58.080972 1022177 ImuError.cpp:650] gyr saturation
W20250111 19:31:58.080979 1022177 ImuError.cpp:650] gyr saturation
W20250111 19:31:58.080986 1022177 ImuError.cpp:650] gyr saturation
W20250111 19:31:58.080991 1022177 ImuError.cpp:650] gyr saturation
W20250111 19:31:58.080997 1022177 ImuError.cpp:650] gyr saturation
W20250111 19:31:58.081003 1022177 ImuError.cpp:650] gyr saturation
W20250111 19:31:58.081012 1022177 ImuError.cpp:650] gyr saturation
W20250111 19:31:58.081017 1022177 ImuError.cpp:650] gyr saturation
W20250111 19:31:58.081023 1022177 ImuError.cpp:650] gyr saturation
W20250111 19:31:58.081030 1022177 ImuError.cpp:650] gyr saturation
W20250111 19:31:58.081037 1022177 ImuError.cpp:650] gyr saturation
W20250111 19:31:58.081043 1022177 ImuError.cpp:650] gyr saturation
W20250111 19:31:58.081051 1022177 ImuError.cpp:650] gyr saturation
W20250111 19:31:58.081058 1022177 ImuError.cpp:650] gyr saturation
W20250111 19:31:58.081064 1022177 ImuError.cpp:650] gyr saturation
W20250111 19:31:58.081069 1022177 ImuError.cpp:650] gyr saturation
W20250111 19:31:58.081076 1022177 ImuError.cpp:650] gyr saturation
W20250111 19:31:58.081082 1022177 ImuError.cpp:650] gyr saturation
W20250111 19:31:58.081087 1022177 ImuError.cpp:650] gyr saturation
W20250111 19:31:58.081094 1022177 ImuError.cpp:650] gyr saturation
W20250111 19:31:58.081100 1022177 ImuError.cpp:650] gyr saturation
W20250111 19:31:58.081107 1022177 ImuError.cpp:650] gyr saturation
W20250111 19:31:58.081115 1022177 ImuError.cpp:650] gyr saturation
W20250111 19:31:58.103454 1022177 ImuError.cpp:650] gyr saturation
W20250111 19:31:58.103516 1022177 ImuError.cpp:650] gyr saturation
W20250111 19:31:58.103528 1022177 ImuError.cpp:650] gyr saturation
W20250111 19:31:58.103533 1022177 ImuError.cpp:650] gyr saturation
W20250111 19:31:58.103538 1022177 ImuError.cpp:650] gyr saturation
W20250111 19:31:58.103543 1022177 ImuError.cpp:650] gyr saturation
W20250111 19:31:58.103549 1022177 ImuError.cpp:650] gyr saturation
W20250111 19:31:58.103555 1022177 ImuError.cpp:650] gyr saturation
W20250111 19:31:58.103560 1022177 ImuError.cpp:650] gyr saturation
W20250111 19:31:58.103565 1022177 ImuError.cpp:650] gyr saturation
W20250111 19:31:58.103571 1022177 ImuError.cpp:650] gyr saturation
W20250111 19:31:58.103576 1022177 ImuError.cpp:650] gyr saturation
W20250111 19:31:58.103581 1022177 ImuError.cpp:650] gyr saturation
W20250111 19:31:58.103587 1022177 ImuError.cpp:650] gyr saturation
W20250111 19:31:58.103595 1022177 ImuError.cpp:650] gyr saturation
W20250111 19:31:58.103600 1022177 ImuError.cpp:650] gyr saturation
W20250111 19:31:58.103606 1022177 ImuError.cpp:650] gyr saturation
W20250111 19:31:58.103613 1022177 ImuError.cpp:650] gyr saturation
W20250111 19:31:58.103619 1022177 ImuError.cpp:650] gyr saturation
W20250111 19:31:58.103626 1022177 ImuError.cpp:650] gyr saturation
W20250111 19:31:58.103636 1022177 ImuError.cpp:650] gyr saturation
W20250111 19:31:58.103643 1022177 ImuError.cpp:650] gyr saturation
W20250111 19:31:58.103648 1022177 ImuError.cpp:650] gyr saturation
W20250111 19:31:58.103653 1022177 ImuError.cpp:650] gyr saturation
W20250111 19:31:58.103659 1022177 ImuError.cpp:650] gyr saturation
W20250111 19:31:58.103665 1022177 ImuError.cpp:650] gyr saturation
W20250111 19:31:58.103670 1022177 ImuError.cpp:650] gyr saturation
W20250111 19:31:58.103677 1022177 ImuError.cpp:650] gyr saturation
W20250111 19:31:58.103696 1022177 ImuError.cpp:650] gyr saturation
W20250111 19:31:58.103703 1022177 ImuError.cpp:650] gyr saturation
W20250111 19:31:58.103708 1022177 ImuError.cpp:650] gyr saturation
W20250111 19:31:58.103714 1022177 ImuError.cpp:650] gyr saturation
W20250111 19:31:58.103720 1022177 ImuError.cpp:650] gyr saturation
W20250111 19:31:58.103726 1022177 ImuError.cpp:650] gyr saturation
W20250111 19:31:58.103825 1022177 ImuError.cpp:650] gyr saturation
W20250111 19:31:58.103834 1022177 ImuError.cpp:650] gyr saturation
W20250111 19:31:58.103840 1022177 ImuError.cpp:650] gyr saturation
W20250111 19:31:58.103845 1022177 ImuError.cpp:650] gyr saturation
W20250111 19:31:58.103852 1022177 ImuError.cpp:650] gyr saturation
W20250111 19:31:58.103857 1022177 ImuError.cpp:650] gyr saturation
W20250111 19:31:58.103863 1022177 ImuError.cpp:650] gyr saturation
W20250111 19:31:58.103868 1022177 ImuError.cpp:650] gyr saturation
W20250111 19:31:58.103874 1022177 ImuError.cpp:650] gyr saturation
W20250111 19:31:58.103880 1022177 ImuError.cpp:650] gyr saturation
W20250111 19:31:58.103886 1022177 ImuError.cpp:650] gyr saturation
W20250111 19:31:58.103891 1022177 ImuError.cpp:650] gyr saturation
W20250111 19:31:58.103896 1022177 ImuError.cpp:650] gyr saturation
W20250111 19:31:58.103904 1022177 ImuError.cpp:650] gyr saturation
W20250111 19:31:58.103910 1022177 ImuError.cpp:650] gyr saturation
W20250111 19:31:58.103916 1022177 ImuError.cpp:650] gyr saturation
W20250111 19:31:58.103924 1022177 ImuError.cpp:650] gyr saturation
W20250111 19:31:58.103929 1022177 ImuError.cpp:650] gyr saturation
W20250111 19:31:58.103935 1022177 ImuError.cpp:650] gyr saturation
W20250111 19:31:58.103941 1022177 ImuError.cpp:650] gyr saturation
W20250111 19:31:58.103946 1022177 ImuError.cpp:650] gyr saturation
W20250111 19:31:58.103952 1022177 ImuError.cpp:650] gyr saturation
W20250111 19:31:58.103958 1022177 ImuError.cpp:650] gyr saturation
W20250111 19:31:58.103963 1022177 ImuError.cpp:650] gyr saturation
W20250111 19:31:58.103969 1022177 ImuError.cpp:650] gyr saturation
W20250111 19:31:58.103974 1022177 ImuError.cpp:650] gyr saturation
W20250111 19:31:58.103981 1022177 ImuError.cpp:650] gyr saturation
W20250111 19:31:58.103986 1022177 ImuError.cpp:650] gyr saturation
W20250111 19:31:58.103991 1022177 ImuError.cpp:650] gyr saturation
W20250111 19:31:58.103998 1022177 ImuError.cpp:650] gyr saturation
W20250111 19:31:58.104003 1022177 ImuError.cpp:650] gyr saturation
W20250111 19:31:58.104008 1022177 ImuError.cpp:650] gyr saturation
W20250111 19:31:58.104014 1022177 ImuError.cpp:650] gyr saturation
W20250111 19:31:58.104020 1022177 ImuError.cpp:650] gyr saturation
I20250111 19:31:58.105499 1022177 Frontend.cpp:2274] RANSAC FAIL: 20 inliers, ratio = 0.666667
W20250111 19:31:58.107913 1022177 ImuError.cpp:368] gyr saturation
W20250111 19:31:58.107985 1022177 ImuError.cpp:368] gyr saturation
W20250111 19:31:58.107997 1022177 ImuError.cpp:368] gyr saturation
W20250111 19:31:58.108008 1022177 ImuError.cpp:368] gyr saturation
W20250111 19:31:58.108019 1022177 ImuError.cpp:368] gyr saturation
W20250111 19:31:58.108031 1022177 ImuError.cpp:368] gyr saturation
W20250111 19:31:58.108042 1022177 ImuError.cpp:368] gyr saturation
W20250111 19:31:58.108052 1022177 ImuError.cpp:368] gyr saturation
W20250111 19:31:58.108062 1022177 ImuError.cpp:368] gyr saturation
W20250111 19:31:58.108073 1022177 ImuError.cpp:368] gyr saturation
W20250111 19:31:58.108084 1022177 ImuError.cpp:368] gyr saturation
W20250111 19:31:58.108094 1022177 ImuError.cpp:368] gyr saturation
W20250111 19:31:58.108105 1022177 ImuError.cpp:368] gyr saturation
W20250111 19:31:58.108116 1022177 ImuError.cpp:368] gyr saturation
W20250111 19:31:58.108126 1022177 ImuError.cpp:368] gyr saturation
W20250111 19:31:58.108137 1022177 ImuError.cpp:368] gyr saturation
W20250111 19:31:58.108147 1022177 ImuError.cpp:368] gyr saturation
W20250111 19:31:58.108158 1022177 ImuError.cpp:368] gyr saturation
W20250111 19:31:58.108170 1022177 ImuError.cpp:368] gyr saturation
W20250111 19:31:58.108196 1022177 ImuError.cpp:368] gyr saturation
W20250111 19:31:58.108207 1022177 ImuError.cpp:368] gyr saturation
W20250111 19:31:58.108218 1022177 ImuError.cpp:368] gyr saturation
W20250111 19:31:58.108228 1022177 ImuError.cpp:368] gyr saturation
W20250111 19:31:58.108239 1022177 ImuError.cpp:368] gyr saturation
W20250111 19:31:58.108250 1022177 ImuError.cpp:368] gyr saturation
W20250111 19:31:58.108260 1022177 ImuError.cpp:368] gyr saturation
W20250111 19:31:58.108271 1022177 ImuError.cpp:368] gyr saturation
W20250111 19:31:58.108281 1022177 ImuError.cpp:368] gyr saturation
W20250111 19:31:58.108292 1022177 ImuError.cpp:368] gyr saturation
W20250111 19:31:58.108302 1022177 ImuError.cpp:368] gyr saturation
W20250111 19:31:58.108332 1022177 ImuError.cpp:368] gyr saturation
W20250111 19:31:58.108342 1022177 ImuError.cpp:368] gyr saturation
W20250111 19:31:58.108353 1022177 ImuError.cpp:368] gyr saturation
W20250111 19:31:58.108364 1022177 ImuError.cpp:368] gyr saturation
W20250111 19:31:58.114657 1022177 ImuError.cpp:650] gyr saturation
W20250111 19:31:58.114717 1022177 ImuError.cpp:650] gyr saturation
W20250111 19:31:58.114723 1022177 ImuError.cpp:650] gyr saturation
W20250111 19:31:58.114729 1022177 ImuError.cpp:650] gyr saturation
W20250111 19:31:58.114735 1022177 ImuError.cpp:650] gyr saturation
W20250111 19:31:58.114741 1022177 ImuError.cpp:650] gyr saturation
W20250111 19:31:58.114746 1022177 ImuError.cpp:650] gyr saturation
W20250111 19:31:58.114760 1022177 ImuError.cpp:650] gyr saturation
W20250111 19:31:58.114766 1022177 ImuError.cpp:650] gyr saturation
W20250111 19:31:58.114773 1022177 ImuError.cpp:650] gyr saturation
W20250111 19:31:58.114777 1022177 ImuError.cpp:650] gyr saturation
W20250111 19:31:58.114782 1022177 ImuError.cpp:650] gyr saturation
W20250111 19:31:58.114789 1022177 ImuError.cpp:650] gyr saturation
W20250111 19:31:58.114794 1022177 ImuError.cpp:650] gyr saturation
W20250111 19:31:58.114799 1022177 ImuError.cpp:650] gyr saturation
W20250111 19:31:58.114804 1022177 ImuError.cpp:650] gyr saturation
W20250111 19:31:58.114810 1022177 ImuError.cpp:650] gyr saturation
W20250111 19:31:58.114816 1022177 ImuError.cpp:650] gyr saturation
W20250111 19:31:58.114822 1022177 ImuError.cpp:650] gyr saturation
W20250111 19:31:58.114828 1022177 ImuError.cpp:650] gyr saturation
W20250111 19:31:58.114833 1022177 ImuError.cpp:650] gyr saturation
W20250111 19:31:58.114840 1022177 ImuError.cpp:650] gyr saturation
W20250111 19:31:58.114845 1022177 ImuError.cpp:650] gyr saturation
W20250111 19:31:58.114850 1022177 ImuError.cpp:650] gyr saturation
W20250111 19:31:58.114856 1022177 ImuError.cpp:650] gyr saturation
W20250111 19:31:58.114862 1022177 ImuError.cpp:650] gyr saturation
W20250111 19:31:58.114867 1022177 ImuError.cpp:650] gyr saturation
W20250111 19:31:58.114873 1022177 ImuError.cpp:650] gyr saturation
W20250111 19:31:58.114878 1022177 ImuError.cpp:650] gyr saturation
W20250111 19:31:58.114885 1022177 ImuError.cpp:650] gyr saturation
W20250111 19:31:58.114890 1022177 ImuError.cpp:650] gyr saturation
W20250111 19:31:58.114897 1022177 ImuError.cpp:650] gyr saturation
W20250111 19:31:58.114902 1022177 ImuError.cpp:650] gyr saturation
W20250111 19:31:58.114907 1022177 ImuError.cpp:650] gyr saturation
W20250111 19:31:58.114913 1022177 ImuError.cpp:650] gyr saturation
W20250111 19:31:58.114918 1022177 ImuError.cpp:650] gyr saturation
W20250111 19:31:58.114923 1022177 ImuError.cpp:650] gyr saturation
W20250111 19:31:58.114929 1022177 ImuError.cpp:650] gyr saturation
W20250111 19:31:58.114934 1022177 ImuError.cpp:650] gyr saturation
W20250111 19:31:58.114939 1022177 ImuError.cpp:650] gyr saturation
W20250111 19:31:58.114944 1022177 ImuError.cpp:650] gyr saturation
W20250111 19:31:58.114950 1022177 ImuError.cpp:650] gyr saturation
W20250111 19:31:58.114955 1022177 ImuError.cpp:650] gyr saturation
W20250111 19:31:58.114962 1022177 ImuError.cpp:650] gyr saturation
W20250111 19:31:58.114967 1022177 ImuError.cpp:650] gyr saturation
W20250111 19:31:58.114972 1022177 ImuError.cpp:650] gyr saturation
W20250111 19:31:58.114979 1022177 ImuError.cpp:650] gyr saturation
W20250111 19:31:58.114990 1022177 ImuError.cpp:650] gyr saturation
W20250111 19:31:58.114995 1022177 ImuError.cpp:650] gyr saturation
W20250111 19:31:58.115002 1022177 ImuError.cpp:650] gyr saturation
W20250111 19:31:58.115008 1022177 ImuError.cpp:650] gyr saturation
W20250111 19:31:58.115015 1022177 ImuError.cpp:650] gyr saturation
W20250111 19:31:58.115020 1022177 ImuError.cpp:650] gyr saturation
W20250111 19:31:58.115025 1022177 ImuError.cpp:650] gyr saturation
W20250111 19:31:58.115031 1022177 ImuError.cpp:650] gyr saturation
W20250111 19:31:58.115036 1022177 ImuError.cpp:650] gyr saturation
W20250111 19:31:58.115041 1022177 ImuError.cpp:650] gyr saturation
W20250111 19:31:58.115047 1022177 ImuError.cpp:650] gyr saturation
W20250111 19:31:58.115053 1022177 ImuError.cpp:650] gyr saturation
W20250111 19:31:58.115059 1022177 ImuError.cpp:650] gyr saturation
W20250111 19:31:58.115065 1022177 ImuError.cpp:650] gyr saturation
W20250111 19:31:58.115072 1022177 ImuError.cpp:650] gyr saturation
W20250111 19:31:58.115077 1022177 ImuError.cpp:650] gyr saturation
W20250111 19:31:58.115083 1022177 ImuError.cpp:650] gyr saturation
W20250111 19:31:58.115089 1022177 ImuError.cpp:650] gyr saturation
W20250111 19:31:58.115095 1022177 ImuError.cpp:650] gyr saturation
W20250111 19:31:58.115101 1022177 ImuError.cpp:650] gyr saturation
W20250111 19:31:58.115109 1022177 ImuError.cpp:650] gyr saturation
W20250111 19:31:58.134426 1022177 ImuError.cpp:650] gyr saturation
W20250111 19:31:58.134485 1022177 ImuError.cpp:650] gyr saturation
W20250111 19:31:58.134491 1022177 ImuError.cpp:650] gyr saturation
W20250111 19:31:58.134496 1022177 ImuError.cpp:650] gyr saturation
W20250111 19:31:58.134501 1022177 ImuError.cpp:650] gyr saturation
W20250111 19:31:58.134510 1022177 ImuError.cpp:650] gyr saturation
W20250111 19:31:58.134514 1022177 ImuError.cpp:650] gyr saturation
W20250111 19:31:58.134519 1022177 ImuError.cpp:650] gyr saturation
W20250111 19:31:58.134529 1022177 ImuError.cpp:650] gyr saturation
W20250111 19:31:58.134534 1022177 ImuError.cpp:650] gyr saturation
W20250111 19:31:58.134541 1022177 ImuError.cpp:650] gyr saturation
W20250111 19:31:58.134546 1022177 ImuError.cpp:650] gyr saturation
W20250111 19:31:58.134552 1022177 ImuError.cpp:650] gyr saturation
W20250111 19:31:58.134557 1022177 ImuError.cpp:650] gyr saturation
W20250111 19:31:58.134562 1022177 ImuError.cpp:650] gyr saturation
W20250111 19:31:58.134567 1022177 ImuError.cpp:650] gyr saturation
W20250111 19:31:58.134572 1022177 ImuError.cpp:650] gyr saturation
W20250111 19:31:58.134578 1022177 ImuError.cpp:650] gyr saturation
W20250111 19:31:58.134583 1022177 ImuError.cpp:650] gyr saturation
W20250111 19:31:58.134588 1022177 ImuError.cpp:650] gyr saturation
W20250111 19:31:58.134593 1022177 ImuError.cpp:650] gyr saturation
W20250111 19:31:58.134598 1022177 ImuError.cpp:650] gyr saturation
W20250111 19:31:58.134603 1022177 ImuError.cpp:650] gyr saturation
W20250111 19:31:58.134608 1022177 ImuError.cpp:650] gyr saturation
W20250111 19:31:58.134614 1022177 ImuError.cpp:650] gyr saturation
W20250111 19:31:58.134619 1022177 ImuError.cpp:650] gyr saturation
W20250111 19:31:58.134624 1022177 ImuError.cpp:650] gyr saturation
W20250111 19:31:58.134634 1022177 ImuError.cpp:650] gyr saturation
W20250111 19:31:58.134639 1022177 ImuError.cpp:650] gyr saturation
W20250111 19:31:58.134645 1022177 ImuError.cpp:650] gyr saturation
W20250111 19:31:58.134650 1022177 ImuError.cpp:650] gyr saturation
W20250111 19:31:58.134655 1022177 ImuError.cpp:650] gyr saturation
W20250111 19:31:58.134661 1022177 ImuError.cpp:650] gyr saturation
W20250111 19:31:58.134666 1022177 ImuError.cpp:650] gyr saturation
W20250111 19:31:58.134671 1022177 ImuError.cpp:650] gyr saturation
W20250111 19:31:58.134822 1022177 ImuError.cpp:650] gyr saturation
W20250111 19:31:58.134832 1022177 ImuError.cpp:650] gyr saturation
W20250111 19:31:58.134837 1022177 ImuError.cpp:650] gyr saturation
W20250111 19:31:58.134843 1022177 ImuError.cpp:650] gyr saturation
W20250111 19:31:58.134848 1022177 ImuError.cpp:650] gyr saturation
W20250111 19:31:58.134860 1022177 ImuError.cpp:650] gyr saturation
W20250111 19:31:58.134867 1022177 ImuError.cpp:650] gyr saturation
W20250111 19:31:58.134873 1022177 ImuError.cpp:650] gyr saturation
W20250111 19:31:58.134879 1022177 ImuError.cpp:650] gyr saturation
W20250111 19:31:58.134884 1022177 ImuError.cpp:650] gyr saturation
W20250111 19:31:58.134888 1022177 ImuError.cpp:650] gyr saturation
W20250111 19:31:58.134893 1022177 ImuError.cpp:650] gyr saturation
W20250111 19:31:58.134899 1022177 ImuError.cpp:650] gyr saturation
W20250111 19:31:58.134904 1022177 ImuError.cpp:650] gyr saturation
W20250111 19:31:58.134909 1022177 ImuError.cpp:650] gyr saturation
W20250111 19:31:58.134914 1022177 ImuError.cpp:650] gyr saturation
W20250111 19:31:58.134919 1022177 ImuError.cpp:650] gyr saturation
W20250111 19:31:58.134924 1022177 ImuError.cpp:650] gyr saturation
W20250111 19:31:58.134929 1022177 ImuError.cpp:650] gyr saturation
W20250111 19:31:58.134934 1022177 ImuError.cpp:650] gyr saturation
W20250111 19:31:58.134939 1022177 ImuError.cpp:650] gyr saturation
W20250111 19:31:58.134944 1022177 ImuError.cpp:650] gyr saturation
W20250111 19:31:58.134949 1022177 ImuError.cpp:650] gyr saturation
W20250111 19:31:58.134954 1022177 ImuError.cpp:650] gyr saturation
W20250111 19:31:58.134960 1022177 ImuError.cpp:650] gyr saturation
W20250111 19:31:58.134965 1022177 ImuError.cpp:650] gyr saturation
W20250111 19:31:58.134970 1022177 ImuError.cpp:650] gyr saturation
W20250111 19:31:58.134977 1022177 ImuError.cpp:650] gyr saturation
W20250111 19:31:58.134982 1022177 ImuError.cpp:650] gyr saturation
W20250111 19:31:58.134987 1022177 ImuError.cpp:650] gyr saturation
W20250111 19:31:58.134992 1022177 ImuError.cpp:650] gyr saturation
W20250111 19:31:58.134997 1022177 ImuError.cpp:650] gyr saturation
W20250111 19:31:58.135002 1022177 ImuError.cpp:650] gyr saturation
W20250111 19:31:58.135007 1022177 ImuError.cpp:650] gyr saturation
W20250111 19:31:58.135012 1022177 ImuError.cpp:650] gyr saturation
I20250111 19:31:58.137303 1022177 Frontend.cpp:2274] RANSAC FAIL: 35 inliers, ratio = 0.625
W20250111 19:31:58.140084 1022177 ImuError.cpp:368] gyr saturation
W20250111 19:31:58.140179 1022177 ImuError.cpp:368] gyr saturation
W20250111 19:31:58.140192 1022177 ImuError.cpp:368] gyr saturation
W20250111 19:31:58.140203 1022177 ImuError.cpp:368] gyr saturation
W20250111 19:31:58.140214 1022177 ImuError.cpp:368] gyr saturation
W20250111 19:31:58.140224 1022177 ImuError.cpp:368] gyr saturation
W20250111 19:31:58.140235 1022177 ImuError.cpp:368] gyr saturation
W20250111 19:31:58.140246 1022177 ImuError.cpp:368] gyr saturation
W20250111 19:31:58.140256 1022177 ImuError.cpp:368] gyr saturation
W20250111 19:31:58.140267 1022177 ImuError.cpp:368] gyr saturation
W20250111 19:31:58.140277 1022177 ImuError.cpp:368] gyr saturation
W20250111 19:31:58.140288 1022177 ImuError.cpp:368] gyr saturation
W20250111 19:31:58.140298 1022177 ImuError.cpp:368] gyr saturation
W20250111 19:31:58.140309 1022177 ImuError.cpp:368] gyr saturation
W20250111 19:31:58.140319 1022177 ImuError.cpp:368] gyr saturation
W20250111 19:31:58.140331 1022177 ImuError.cpp:368] gyr saturation
W20250111 19:31:58.140340 1022177 ImuError.cpp:368] gyr saturation
W20250111 19:31:58.140352 1022177 ImuError.cpp:368] gyr saturation
W20250111 19:31:58.140362 1022177 ImuError.cpp:368] gyr saturation
W20250111 19:31:58.140373 1022177 ImuError.cpp:368] gyr saturation
W20250111 19:31:58.140384 1022177 ImuError.cpp:368] gyr saturation
W20250111 19:31:58.140394 1022177 ImuError.cpp:368] gyr saturation
W20250111 19:31:58.140404 1022177 ImuError.cpp:368] gyr saturation
W20250111 19:31:58.140415 1022177 ImuError.cpp:368] gyr saturation
W20250111 19:31:58.140427 1022177 ImuError.cpp:368] gyr saturation
W20250111 19:31:58.140437 1022177 ImuError.cpp:368] gyr saturation
W20250111 19:31:58.140448 1022177 ImuError.cpp:368] gyr saturation
W20250111 19:31:58.140458 1022177 ImuError.cpp:368] gyr saturation
W20250111 19:31:58.140468 1022177 ImuError.cpp:368] gyr saturation
W20250111 19:31:58.140497 1022177 ImuError.cpp:368] gyr saturation
W20250111 19:31:58.140511 1022177 ImuError.cpp:368] gyr saturation
W20250111 19:31:58.140523 1022177 ImuError.cpp:368] gyr saturation
W20250111 19:31:58.140534 1022177 ImuError.cpp:368] gyr saturation
W20250111 19:31:58.140545 1022177 ImuError.cpp:368] gyr saturation
W20250111 19:31:58.140555 1022177 ImuError.cpp:368] gyr saturation
W20250111 19:31:58.147217 1022177 ImuError.cpp:650] gyr saturation
W20250111 19:31:58.147274 1022177 ImuError.cpp:650] gyr saturation
W20250111 19:31:58.147284 1022177 ImuError.cpp:650] gyr saturation
W20250111 19:31:58.147290 1022177 ImuError.cpp:650] gyr saturation
W20250111 19:31:58.147295 1022177 ImuError.cpp:650] gyr saturation
W20250111 19:31:58.147300 1022177 ImuError.cpp:650] gyr saturation
W20250111 19:31:58.147306 1022177 ImuError.cpp:650] gyr saturation
W20250111 19:31:58.147315 1022177 ImuError.cpp:650] gyr saturation
W20250111 19:31:58.147320 1022177 ImuError.cpp:650] gyr saturation
W20250111 19:31:58.147325 1022177 ImuError.cpp:650] gyr saturation
W20250111 19:31:58.147330 1022177 ImuError.cpp:650] gyr saturation
W20250111 19:31:58.147336 1022177 ImuError.cpp:650] gyr saturation
W20250111 19:31:58.147341 1022177 ImuError.cpp:650] gyr saturation
W20250111 19:31:58.147346 1022177 ImuError.cpp:650] gyr saturation
W20250111 19:31:58.147352 1022177 ImuError.cpp:650] gyr saturation
W20250111 19:31:58.147357 1022177 ImuError.cpp:650] gyr saturation
W20250111 19:31:58.147362 1022177 ImuError.cpp:650] gyr saturation
W20250111 19:31:58.147368 1022177 ImuError.cpp:650] gyr saturation
W20250111 19:31:58.147385 1022177 ImuError.cpp:650] gyr saturation
W20250111 19:31:58.147392 1022177 ImuError.cpp:650] gyr saturation
W20250111 19:31:58.147398 1022177 ImuError.cpp:650] gyr saturation
W20250111 19:31:58.147404 1022177 ImuError.cpp:650] gyr saturation
W20250111 19:31:58.147409 1022177 ImuError.cpp:650] gyr saturation
W20250111 19:31:58.147415 1022177 ImuError.cpp:650] gyr saturation
W20250111 19:31:58.147421 1022177 ImuError.cpp:650] gyr saturation
W20250111 19:31:58.147428 1022177 ImuError.cpp:650] gyr saturation
W20250111 19:31:58.147433 1022177 ImuError.cpp:650] gyr saturation
W20250111 19:31:58.147440 1022177 ImuError.cpp:650] gyr saturation
W20250111 19:31:58.147447 1022177 ImuError.cpp:650] gyr saturation
W20250111 19:31:58.147454 1022177 ImuError.cpp:650] gyr saturation
W20250111 19:31:58.147459 1022177 ImuError.cpp:650] gyr saturation
W20250111 19:31:58.147466 1022177 ImuError.cpp:650] gyr saturation
W20250111 19:31:58.147472 1022177 ImuError.cpp:650] gyr saturation
W20250111 19:31:58.147478 1022177 ImuError.cpp:650] gyr saturation
W20250111 19:31:58.147483 1022177 ImuError.cpp:650] gyr saturation
W20250111 19:31:58.147490 1022177 ImuError.cpp:650] gyr saturation
W20250111 19:31:58.147495 1022177 ImuError.cpp:650] gyr saturation
W20250111 19:31:58.147503 1022177 ImuError.cpp:650] gyr saturation
W20250111 19:31:58.147508 1022177 ImuError.cpp:650] gyr saturation
W20250111 19:31:58.147514 1022177 ImuError.cpp:650] gyr saturation
W20250111 19:31:58.147521 1022177 ImuError.cpp:650] gyr saturation
W20250111 19:31:58.147527 1022177 ImuError.cpp:650] gyr saturation
W20250111 19:31:58.147533 1022177 ImuError.cpp:650] gyr saturation
W20250111 19:31:58.147540 1022177 ImuError.cpp:650] gyr saturation
W20250111 19:31:58.147545 1022177 ImuError.cpp:650] gyr saturation
W20250111 19:31:58.147552 1022177 ImuError.cpp:650] gyr saturation
W20250111 19:31:58.147558 1022177 ImuError.cpp:650] gyr saturation
W20250111 19:31:58.147564 1022177 ImuError.cpp:650] gyr saturation
W20250111 19:31:58.147572 1022177 ImuError.cpp:650] gyr saturation
W20250111 19:31:58.147578 1022177 ImuError.cpp:650] gyr saturation
W20250111 19:31:58.147583 1022177 ImuError.cpp:650] gyr saturation
W20250111 19:31:58.147588 1022177 ImuError.cpp:650] gyr saturation
W20250111 19:31:58.147594 1022177 ImuError.cpp:650] gyr saturation
W20250111 19:31:58.147600 1022177 ImuError.cpp:650] gyr saturation
W20250111 19:31:58.147606 1022177 ImuError.cpp:650] gyr saturation
W20250111 19:31:58.147612 1022177 ImuError.cpp:650] gyr saturation
W20250111 19:31:58.147625 1022177 ImuError.cpp:650] gyr saturation
W20250111 19:31:58.147642 1022177 ImuError.cpp:650] gyr saturation
W20250111 19:31:58.147650 1022177 ImuError.cpp:650] gyr saturation
W20250111 19:31:58.147656 1022177 ImuError.cpp:650] gyr saturation
W20250111 19:31:58.147662 1022177 ImuError.cpp:650] gyr saturation
W20250111 19:31:58.147667 1022177 ImuError.cpp:650] gyr saturation
W20250111 19:31:58.147673 1022177 ImuError.cpp:650] gyr saturation
W20250111 19:31:58.147680 1022177 ImuError.cpp:650] gyr saturation
W20250111 19:31:58.147686 1022177 ImuError.cpp:650] gyr saturation
W20250111 19:31:58.147693 1022177 ImuError.cpp:650] gyr saturation
W20250111 19:31:58.147698 1022177 ImuError.cpp:650] gyr saturation
W20250111 19:31:58.147704 1022177 ImuError.cpp:650] gyr saturation
W20250111 19:31:58.172780 1022177 ImuError.cpp:650] gyr saturation
W20250111 19:31:58.172842 1022177 ImuError.cpp:650] gyr saturation
W20250111 19:31:58.172848 1022177 ImuError.cpp:650] gyr saturation
W20250111 19:31:58.172855 1022177 ImuError.cpp:650] gyr saturation
W20250111 19:31:58.172860 1022177 ImuError.cpp:650] gyr saturation
W20250111 19:31:58.172865 1022177 ImuError.cpp:650] gyr saturation
W20250111 19:31:58.172871 1022177 ImuError.cpp:650] gyr saturation
W20250111 19:31:58.172875 1022177 ImuError.cpp:650] gyr saturation
W20250111 19:31:58.172881 1022177 ImuError.cpp:650] gyr saturation
W20250111 19:31:58.172888 1022177 ImuError.cpp:650] gyr saturation
W20250111 19:31:58.172894 1022177 ImuError.cpp:650] gyr saturation
W20250111 19:31:58.172909 1022177 ImuError.cpp:650] gyr saturation
W20250111 19:31:58.172914 1022177 ImuError.cpp:650] gyr saturation
W20250111 19:31:58.172920 1022177 ImuError.cpp:650] gyr saturation
W20250111 19:31:58.172927 1022177 ImuError.cpp:650] gyr saturation
W20250111 19:31:58.172932 1022177 ImuError.cpp:650] gyr saturation
W20250111 19:31:58.172937 1022177 ImuError.cpp:650] gyr saturation
W20250111 19:31:58.172942 1022177 ImuError.cpp:650] gyr saturation
W20250111 19:31:58.172948 1022177 ImuError.cpp:650] gyr saturation
W20250111 19:31:58.172955 1022177 ImuError.cpp:650] gyr saturation
W20250111 19:31:58.172961 1022177 ImuError.cpp:650] gyr saturation
W20250111 19:31:58.172966 1022177 ImuError.cpp:650] gyr saturation
W20250111 19:31:58.172971 1022177 ImuError.cpp:650] gyr saturation
W20250111 19:31:58.172977 1022177 ImuError.cpp:650] gyr saturation
W20250111 19:31:58.172982 1022177 ImuError.cpp:650] gyr saturation
W20250111 19:31:58.172987 1022177 ImuError.cpp:650] gyr saturation
W20250111 19:31:58.172993 1022177 ImuError.cpp:650] gyr saturation
W20250111 19:31:58.172999 1022177 ImuError.cpp:650] gyr saturation
W20250111 19:31:58.173005 1022177 ImuError.cpp:650] gyr saturation
W20250111 19:31:58.173012 1022177 ImuError.cpp:650] gyr saturation
W20250111 19:31:58.173017 1022177 ImuError.cpp:650] gyr saturation
W20250111 19:31:58.173022 1022177 ImuError.cpp:650] gyr saturation
W20250111 19:31:58.173027 1022177 ImuError.cpp:650] gyr saturation
W20250111 19:31:58.173033 1022177 ImuError.cpp:650] gyr saturation
W20250111 19:31:58.173110 1022177 ImuError.cpp:650] gyr saturation
W20250111 19:31:58.173116 1022177 ImuError.cpp:650] gyr saturation
W20250111 19:31:58.173122 1022177 ImuError.cpp:650] gyr saturation
W20250111 19:31:58.173128 1022177 ImuError.cpp:650] gyr saturation
W20250111 19:31:58.173133 1022177 ImuError.cpp:650] gyr saturation
W20250111 19:31:58.173139 1022177 ImuError.cpp:650] gyr saturation
W20250111 19:31:58.173144 1022177 ImuError.cpp:650] gyr saturation
W20250111 19:31:58.173149 1022177 ImuError.cpp:650] gyr saturation
W20250111 19:31:58.173154 1022177 ImuError.cpp:650] gyr saturation
W20250111 19:31:58.173161 1022177 ImuError.cpp:650] gyr saturation
W20250111 19:31:58.173166 1022177 ImuError.cpp:650] gyr saturation
W20250111 19:31:58.173170 1022177 ImuError.cpp:650] gyr saturation
W20250111 19:31:58.173175 1022177 ImuError.cpp:650] gyr saturation
W20250111 19:31:58.173182 1022177 ImuError.cpp:650] gyr saturation
W20250111 19:31:58.173187 1022177 ImuError.cpp:650] gyr saturation
W20250111 19:31:58.173197 1022177 ImuError.cpp:650] gyr saturation
W20250111 19:31:58.173203 1022177 ImuError.cpp:650] gyr saturation
W20250111 19:31:58.173209 1022177 ImuError.cpp:650] gyr saturation
W20250111 19:31:58.173215 1022177 ImuError.cpp:650] gyr saturation
W20250111 19:31:58.173221 1022177 ImuError.cpp:650] gyr saturation
W20250111 19:31:58.173226 1022177 ImuError.cpp:650] gyr saturation
W20250111 19:31:58.173233 1022177 ImuError.cpp:650] gyr saturation
W20250111 19:31:58.173239 1022177 ImuError.cpp:650] gyr saturation
W20250111 19:31:58.173244 1022177 ImuError.cpp:650] gyr saturation
W20250111 19:31:58.173250 1022177 ImuError.cpp:650] gyr saturation
W20250111 19:31:58.173256 1022177 ImuError.cpp:650] gyr saturation
W20250111 19:31:58.173262 1022177 ImuError.cpp:650] gyr saturation
W20250111 19:31:58.173269 1022177 ImuError.cpp:650] gyr saturation
W20250111 19:31:58.173274 1022177 ImuError.cpp:650] gyr saturation
W20250111 19:31:58.173280 1022177 ImuError.cpp:650] gyr saturation
W20250111 19:31:58.173285 1022177 ImuError.cpp:650] gyr saturation
W20250111 19:31:58.173290 1022177 ImuError.cpp:650] gyr saturation
W20250111 19:31:58.173296 1022177 ImuError.cpp:650] gyr saturation
W20250111 19:31:58.173301 1022177 ImuError.cpp:650] gyr saturation
I20250111 19:31:58.174865 1022177 Frontend.cpp:2274] RANSAC FAIL: 48 inliers, ratio = 0.676056
W20250111 19:31:58.177471 1022177 ImuError.cpp:368] gyr saturation
W20250111 19:31:58.177543 1022177 ImuError.cpp:368] gyr saturation
W20250111 19:31:58.177556 1022177 ImuError.cpp:368] gyr saturation
W20250111 19:31:58.177567 1022177 ImuError.cpp:368] gyr saturation
W20250111 19:31:58.177587 1022177 ImuError.cpp:368] gyr saturation
W20250111 19:31:58.177600 1022177 ImuError.cpp:368] gyr saturation
W20250111 19:31:58.177613 1022177 ImuError.cpp:368] gyr saturation
W20250111 19:31:58.177623 1022177 ImuError.cpp:368] gyr saturation
W20250111 19:31:58.177641 1022177 ImuError.cpp:368] gyr saturation
W20250111 19:31:58.177654 1022177 ImuError.cpp:368] gyr saturation
W20250111 19:31:58.177664 1022177 ImuError.cpp:368] gyr saturation
W20250111 19:31:58.177675 1022177 ImuError.cpp:368] gyr saturation
W20250111 19:31:58.177686 1022177 ImuError.cpp:368] gyr saturation
W20250111 19:31:58.177697 1022177 ImuError.cpp:368] gyr saturation
W20250111 19:31:58.177708 1022177 ImuError.cpp:368] gyr saturation
W20250111 19:31:58.177719 1022177 ImuError.cpp:368] gyr saturation
W20250111 19:31:58.177731 1022177 ImuError.cpp:368] gyr saturation
W20250111 19:31:58.177742 1022177 ImuError.cpp:368] gyr saturation
W20250111 19:31:58.177752 1022177 ImuError.cpp:368] gyr saturation
W20250111 19:31:58.177762 1022177 ImuError.cpp:368] gyr saturation
W20250111 19:31:58.177773 1022177 ImuError.cpp:368] gyr saturation
W20250111 19:31:58.177784 1022177 ImuError.cpp:368] gyr saturation
W20250111 19:31:58.177795 1022177 ImuError.cpp:368] gyr saturation
W20250111 19:31:58.177806 1022177 ImuError.cpp:368] gyr saturation
W20250111 19:31:58.177819 1022177 ImuError.cpp:368] gyr saturation
W20250111 19:31:58.177829 1022177 ImuError.cpp:368] gyr saturation
W20250111 19:31:58.177840 1022177 ImuError.cpp:368] gyr saturation
W20250111 19:31:58.177850 1022177 ImuError.cpp:368] gyr saturation
W20250111 19:31:58.177862 1022177 ImuError.cpp:368] gyr saturation
W20250111 19:31:58.177872 1022177 ImuError.cpp:368] gyr saturation
W20250111 19:31:58.177884 1022177 ImuError.cpp:368] gyr saturation
W20250111 19:31:58.177896 1022177 ImuError.cpp:368] gyr saturation
W20250111 19:31:58.177906 1022177 ImuError.cpp:368] gyr saturation
W20250111 19:31:58.177917 1022177 ImuError.cpp:368] gyr saturation
W20250111 19:31:58.184686 1022177 ImuError.cpp:650] gyr saturation
W20250111 19:31:58.184744 1022177 ImuError.cpp:650] gyr saturation
W20250111 19:31:58.184751 1022177 ImuError.cpp:650] gyr saturation
W20250111 19:31:58.184759 1022177 ImuError.cpp:650] gyr saturation
W20250111 19:31:58.184767 1022177 ImuError.cpp:650] gyr saturation
W20250111 19:31:58.184772 1022177 ImuError.cpp:650] gyr saturation
W20250111 19:31:58.184793 1022177 ImuError.cpp:650] gyr saturation
W20250111 19:31:58.184800 1022177 ImuError.cpp:650] gyr saturation
W20250111 19:31:58.184805 1022177 ImuError.cpp:650] gyr saturation
W20250111 19:31:58.184818 1022177 ImuError.cpp:650] gyr saturation
W20250111 19:31:58.184823 1022177 ImuError.cpp:650] gyr saturation
W20250111 19:31:58.184840 1022177 ImuError.cpp:650] gyr saturation
W20250111 19:31:58.184846 1022177 ImuError.cpp:650] gyr saturation
W20250111 19:31:58.184852 1022177 ImuError.cpp:650] gyr saturation
W20250111 19:31:58.184859 1022177 ImuError.cpp:650] gyr saturation
W20250111 19:31:58.184863 1022177 ImuError.cpp:650] gyr saturation
W20250111 19:31:58.184868 1022177 ImuError.cpp:650] gyr saturation
W20250111 19:31:58.184875 1022177 ImuError.cpp:650] gyr saturation
W20250111 19:31:58.184880 1022177 ImuError.cpp:650] gyr saturation
W20250111 19:31:58.184885 1022177 ImuError.cpp:650] gyr saturation
W20250111 19:31:58.184890 1022177 ImuError.cpp:650] gyr saturation
W20250111 19:31:58.184896 1022177 ImuError.cpp:650] gyr saturation
W20250111 19:31:58.184901 1022177 ImuError.cpp:650] gyr saturation
W20250111 19:31:58.184907 1022177 ImuError.cpp:650] gyr saturation
W20250111 19:31:58.184913 1022177 ImuError.cpp:650] gyr saturation
W20250111 19:31:58.184918 1022177 ImuError.cpp:650] gyr saturation
W20250111 19:31:58.184923 1022177 ImuError.cpp:650] gyr saturation
W20250111 19:31:58.184928 1022177 ImuError.cpp:650] gyr saturation
W20250111 19:31:58.184933 1022177 ImuError.cpp:650] gyr saturation
W20250111 19:31:58.184940 1022177 ImuError.cpp:650] gyr saturation
W20250111 19:31:58.184947 1022177 ImuError.cpp:650] gyr saturation
W20250111 19:31:58.184954 1022177 ImuError.cpp:650] gyr saturation
W20250111 19:31:58.184959 1022177 ImuError.cpp:650] gyr saturation
W20250111 19:31:58.184965 1022177 ImuError.cpp:650] gyr saturation
W20250111 19:31:58.184970 1022177 ImuError.cpp:650] gyr saturation
W20250111 19:31:58.184976 1022177 ImuError.cpp:650] gyr saturation
W20250111 19:31:58.184981 1022177 ImuError.cpp:650] gyr saturation
W20250111 19:31:58.184988 1022177 ImuError.cpp:650] gyr saturation
W20250111 19:31:58.184991 1022177 ImuError.cpp:650] gyr saturation
W20250111 19:31:58.184998 1022177 ImuError.cpp:650] gyr saturation
W20250111 19:31:58.185004 1022177 ImuError.cpp:650] gyr saturation
W20250111 19:31:58.185010 1022177 ImuError.cpp:650] gyr saturation
W20250111 19:31:58.185016 1022177 ImuError.cpp:650] gyr saturation
W20250111 19:31:58.185022 1022177 ImuError.cpp:650] gyr saturation
W20250111 19:31:58.185029 1022177 ImuError.cpp:650] gyr saturation
W20250111 19:31:58.185035 1022177 ImuError.cpp:650] gyr saturation
W20250111 19:31:58.185041 1022177 ImuError.cpp:650] gyr saturation
W20250111 19:31:58.185047 1022177 ImuError.cpp:650] gyr saturation
W20250111 19:31:58.185053 1022177 ImuError.cpp:650] gyr saturation
W20250111 19:31:58.185060 1022177 ImuError.cpp:650] gyr saturation
W20250111 19:31:58.185065 1022177 ImuError.cpp:650] gyr saturation
W20250111 19:31:58.185072 1022177 ImuError.cpp:650] gyr saturation
W20250111 19:31:58.185078 1022177 ImuError.cpp:650] gyr saturation
W20250111 19:31:58.185084 1022177 ImuError.cpp:650] gyr saturation
W20250111 19:31:58.185091 1022177 ImuError.cpp:650] gyr saturation
W20250111 19:31:58.185097 1022177 ImuError.cpp:650] gyr saturation
W20250111 19:31:58.185102 1022177 ImuError.cpp:650] gyr saturation
W20250111 19:31:58.185108 1022177 ImuError.cpp:650] gyr saturation
W20250111 19:31:58.185115 1022177 ImuError.cpp:650] gyr saturation
W20250111 19:31:58.185122 1022177 ImuError.cpp:650] gyr saturation
W20250111 19:31:58.185127 1022177 ImuError.cpp:650] gyr saturation
W20250111 19:31:58.185133 1022177 ImuError.cpp:650] gyr saturation
W20250111 19:31:58.185139 1022177 ImuError.cpp:650] gyr saturation
W20250111 19:31:58.185145 1022177 ImuError.cpp:650] gyr saturation
W20250111 19:31:58.185151 1022177 ImuError.cpp:650] gyr saturation
W20250111 19:31:58.185156 1022177 ImuError.cpp:650] gyr saturation
W20250111 19:31:58.185164 1022177 ImuError.cpp:650] gyr saturation
W20250111 19:31:58.185170 1022177 ImuError.cpp:650] gyr saturation
W20250111 19:31:58.211300 1022177 ImuError.cpp:650] gyr saturation
W20250111 19:31:58.211361 1022177 ImuError.cpp:650] gyr saturation
W20250111 19:31:58.211370 1022177 ImuError.cpp:650] gyr saturation
W20250111 19:31:58.211375 1022177 ImuError.cpp:650] gyr saturation
W20250111 19:31:58.211381 1022177 ImuError.cpp:650] gyr saturation
W20250111 19:31:58.211387 1022177 ImuError.cpp:650] gyr saturation
W20250111 19:31:58.211392 1022177 ImuError.cpp:650] gyr saturation
W20250111 19:31:58.211397 1022177 ImuError.cpp:650] gyr saturation
W20250111 19:31:58.211405 1022177 ImuError.cpp:650] gyr saturation
W20250111 19:31:58.211412 1022177 ImuError.cpp:650] gyr saturation
W20250111 19:31:58.211419 1022177 ImuError.cpp:650] gyr saturation
W20250111 19:31:58.211426 1022177 ImuError.cpp:650] gyr saturation
W20250111 19:31:58.211431 1022177 ImuError.cpp:650] gyr saturation
W20250111 19:31:58.211436 1022177 ImuError.cpp:650] gyr saturation
W20250111 19:31:58.211441 1022177 ImuError.cpp:650] gyr saturation
W20250111 19:31:58.211445 1022177 ImuError.cpp:650] gyr saturation
W20250111 19:31:58.211450 1022177 ImuError.cpp:650] gyr saturation
W20250111 19:31:58.211455 1022177 ImuError.cpp:650] gyr saturation
W20250111 19:31:58.211460 1022177 ImuError.cpp:650] gyr saturation
W20250111 19:31:58.211465 1022177 ImuError.cpp:650] gyr saturation
W20250111 19:31:58.211472 1022177 ImuError.cpp:650] gyr saturation
W20250111 19:31:58.211476 1022177 ImuError.cpp:650] gyr saturation
W20250111 19:31:58.211481 1022177 ImuError.cpp:650] gyr saturation
W20250111 19:31:58.211486 1022177 ImuError.cpp:650] gyr saturation
W20250111 19:31:58.211498 1022177 ImuError.cpp:650] gyr saturation
W20250111 19:31:58.211504 1022177 ImuError.cpp:650] gyr saturation
W20250111 19:31:58.211510 1022177 ImuError.cpp:650] gyr saturation
W20250111 19:31:58.211515 1022177 ImuError.cpp:650] gyr saturation
W20250111 19:31:58.211520 1022177 ImuError.cpp:650] gyr saturation
W20250111 19:31:58.211525 1022177 ImuError.cpp:650] gyr saturation
W20250111 19:31:58.211530 1022177 ImuError.cpp:650] gyr saturation
W20250111 19:31:58.211535 1022177 ImuError.cpp:650] gyr saturation
W20250111 19:31:58.211540 1022177 ImuError.cpp:650] gyr saturation
W20250111 19:31:58.211545 1022177 ImuError.cpp:650] gyr saturation
W20250111 19:31:58.211551 1022177 ImuError.cpp:650] gyr saturation
W20250111 19:31:58.211639 1022177 ImuError.cpp:650] gyr saturation
W20250111 19:31:58.211647 1022177 ImuError.cpp:650] gyr saturation
W20250111 19:31:58.211652 1022177 ImuError.cpp:650] gyr saturation
W20250111 19:31:58.211656 1022177 ImuError.cpp:650] gyr saturation
W20250111 19:31:58.211663 1022177 ImuError.cpp:650] gyr saturation
W20250111 19:31:58.211668 1022177 ImuError.cpp:650] gyr saturation
W20250111 19:31:58.211673 1022177 ImuError.cpp:650] gyr saturation
W20250111 19:31:58.211678 1022177 ImuError.cpp:650] gyr saturation
W20250111 19:31:58.211683 1022177 ImuError.cpp:650] gyr saturation
W20250111 19:31:58.211687 1022177 ImuError.cpp:650] gyr saturation
W20250111 19:31:58.211692 1022177 ImuError.cpp:650] gyr saturation
W20250111 19:31:58.211699 1022177 ImuError.cpp:650] gyr saturation
W20250111 19:31:58.211704 1022177 ImuError.cpp:650] gyr saturation
W20250111 19:31:58.211709 1022177 ImuError.cpp:650] gyr saturation
W20250111 19:31:58.211714 1022177 ImuError.cpp:650] gyr saturation
W20250111 19:31:58.211719 1022177 ImuError.cpp:650] gyr saturation
W20250111 19:31:58.211723 1022177 ImuError.cpp:650] gyr saturation
W20250111 19:31:58.211728 1022177 ImuError.cpp:650] gyr saturation
W20250111 19:31:58.211735 1022177 ImuError.cpp:650] gyr saturation
W20250111 19:31:58.211740 1022177 ImuError.cpp:650] gyr saturation
W20250111 19:31:58.211745 1022177 ImuError.cpp:650] gyr saturation
W20250111 19:31:58.211750 1022177 ImuError.cpp:650] gyr saturation
W20250111 19:31:58.211755 1022177 ImuError.cpp:650] gyr saturation
W20250111 19:31:58.211759 1022177 ImuError.cpp:650] gyr saturation
W20250111 19:31:58.211764 1022177 ImuError.cpp:650] gyr saturation
W20250111 19:31:58.211769 1022177 ImuError.cpp:650] gyr saturation
W20250111 19:31:58.211781 1022177 ImuError.cpp:650] gyr saturation
W20250111 19:31:58.211786 1022177 ImuError.cpp:650] gyr saturation
W20250111 19:31:58.211791 1022177 ImuError.cpp:650] gyr saturation
W20250111 19:31:58.211795 1022177 ImuError.cpp:650] gyr saturation
W20250111 19:31:58.211802 1022177 ImuError.cpp:650] gyr saturation
W20250111 19:31:58.211807 1022177 ImuError.cpp:650] gyr saturation
W20250111 19:31:58.211812 1022177 ImuError.cpp:650] gyr saturation
W20250111 19:31:58.211817 1022177 ImuError.cpp:650] gyr saturation
W20250111 19:31:58.211822 1022177 ImuError.cpp:650] gyr saturation
I20250111 19:31:58.213521 1022177 Frontend.cpp:2274] RANSAC FAIL: 56 inliers, ratio = 0.691358
W20250111 19:31:58.216123 1022177 ImuError.cpp:368] gyr saturation
W20250111 19:31:58.216198 1022177 ImuError.cpp:368] gyr saturation
W20250111 19:31:58.216210 1022177 ImuError.cpp:368] gyr saturation
W20250111 19:31:58.216223 1022177 ImuError.cpp:368] gyr saturation
W20250111 19:31:58.216233 1022177 ImuError.cpp:368] gyr saturation
W20250111 19:31:58.216243 1022177 ImuError.cpp:368] gyr saturation
W20250111 19:31:58.216254 1022177 ImuError.cpp:368] gyr saturation
W20250111 19:31:58.216264 1022177 ImuError.cpp:368] gyr saturation
W20250111 19:31:58.216275 1022177 ImuError.cpp:368] gyr saturation
W20250111 19:31:58.216285 1022177 ImuError.cpp:368] gyr saturation
W20250111 19:31:58.216295 1022177 ImuError.cpp:368] gyr saturation
W20250111 19:31:58.216306 1022177 ImuError.cpp:368] gyr saturation
W20250111 19:31:58.216316 1022177 ImuError.cpp:368] gyr saturation
W20250111 19:31:58.216327 1022177 ImuError.cpp:368] gyr saturation
W20250111 19:31:58.216337 1022177 ImuError.cpp:368] gyr saturation
W20250111 19:31:58.216357 1022177 ImuError.cpp:368] gyr saturation
W20250111 19:31:58.216368 1022177 ImuError.cpp:368] gyr saturation
W20250111 19:31:58.216379 1022177 ImuError.cpp:368] gyr saturation
W20250111 19:31:58.216389 1022177 ImuError.cpp:368] gyr saturation
W20250111 19:31:58.216399 1022177 ImuError.cpp:368] gyr saturation
W20250111 19:31:58.216410 1022177 ImuError.cpp:368] gyr saturation
W20250111 19:31:58.216420 1022177 ImuError.cpp:368] gyr saturation
W20250111 19:31:58.216431 1022177 ImuError.cpp:368] gyr saturation
W20250111 19:31:58.216441 1022177 ImuError.cpp:368] gyr saturation
W20250111 19:31:58.216452 1022177 ImuError.cpp:368] gyr saturation
W20250111 19:31:58.216462 1022177 ImuError.cpp:368] gyr saturation
W20250111 19:31:58.216472 1022177 ImuError.cpp:368] gyr saturation
W20250111 19:31:58.216483 1022177 ImuError.cpp:368] gyr saturation
W20250111 19:31:58.216493 1022177 ImuError.cpp:368] gyr saturation
W20250111 19:31:58.216504 1022177 ImuError.cpp:368] gyr saturation
W20250111 19:31:58.216514 1022177 ImuError.cpp:368] gyr saturation
W20250111 19:31:58.216526 1022177 ImuError.cpp:368] gyr saturation
W20250111 19:31:58.216535 1022177 ImuError.cpp:368] gyr saturation
W20250111 19:31:58.216545 1022177 ImuError.cpp:368] gyr saturation
W20250111 19:31:58.216557 1022177 ImuError.cpp:368] gyr saturation
W20250111 19:31:58.223726 1022177 ImuError.cpp:650] gyr saturation
W20250111 19:31:58.223788 1022177 ImuError.cpp:650] gyr saturation
W20250111 19:31:58.223796 1022177 ImuError.cpp:650] gyr saturation
W20250111 19:31:58.223801 1022177 ImuError.cpp:650] gyr saturation
W20250111 19:31:58.223809 1022177 ImuError.cpp:650] gyr saturation
W20250111 19:31:58.223815 1022177 ImuError.cpp:650] gyr saturation
W20250111 19:31:58.223821 1022177 ImuError.cpp:650] gyr saturation
W20250111 19:31:58.223826 1022177 ImuError.cpp:650] gyr saturation
W20250111 19:31:58.223831 1022177 ImuError.cpp:650] gyr saturation
W20250111 19:31:58.223837 1022177 ImuError.cpp:650] gyr saturation
W20250111 19:31:58.223842 1022177 ImuError.cpp:650] gyr saturation
W20250111 19:31:58.223847 1022177 ImuError.cpp:650] gyr saturation
W20250111 19:31:58.223853 1022177 ImuError.cpp:650] gyr saturation
W20250111 19:31:58.223858 1022177 ImuError.cpp:650] gyr saturation
W20250111 19:31:58.223865 1022177 ImuError.cpp:650] gyr saturation
W20250111 19:31:58.223881 1022177 ImuError.cpp:650] gyr saturation
W20250111 19:31:58.223888 1022177 ImuError.cpp:650] gyr saturation
W20250111 19:31:58.223894 1022177 ImuError.cpp:650] gyr saturation
W20250111 19:31:58.223899 1022177 ImuError.cpp:650] gyr saturation
W20250111 19:31:58.223906 1022177 ImuError.cpp:650] gyr saturation
W20250111 19:31:58.223912 1022177 ImuError.cpp:650] gyr saturation
W20250111 19:31:58.223917 1022177 ImuError.cpp:650] gyr saturation
W20250111 19:31:58.223923 1022177 ImuError.cpp:650] gyr saturation
W20250111 19:31:58.223928 1022177 ImuError.cpp:650] gyr saturation
W20250111 19:31:58.223934 1022177 ImuError.cpp:650] gyr saturation
W20250111 19:31:58.223939 1022177 ImuError.cpp:650] gyr saturation
W20250111 19:31:58.223945 1022177 ImuError.cpp:650] gyr saturation
W20250111 19:31:58.223951 1022177 ImuError.cpp:650] gyr saturation
W20250111 19:31:58.223956 1022177 ImuError.cpp:650] gyr saturation
W20250111 19:31:58.223963 1022177 ImuError.cpp:650] gyr saturation
W20250111 19:31:58.223968 1022177 ImuError.cpp:650] gyr saturation
W20250111 19:31:58.223974 1022177 ImuError.cpp:650] gyr saturation
W20250111 19:31:58.223979 1022177 ImuError.cpp:650] gyr saturation
W20250111 19:31:58.223984 1022177 ImuError.cpp:650] gyr saturation
W20250111 19:31:58.223990 1022177 ImuError.cpp:650] gyr saturation
W20250111 19:31:58.223995 1022177 ImuError.cpp:650] gyr saturation
W20250111 19:31:58.224000 1022177 ImuError.cpp:650] gyr saturation
W20250111 19:31:58.224006 1022177 ImuError.cpp:650] gyr saturation
W20250111 19:31:58.224011 1022177 ImuError.cpp:650] gyr saturation
W20250111 19:31:58.224017 1022177 ImuError.cpp:650] gyr saturation
W20250111 19:31:58.224022 1022177 ImuError.cpp:650] gyr saturation
W20250111 19:31:58.224027 1022177 ImuError.cpp:650] gyr saturation
W20250111 19:31:58.224035 1022177 ImuError.cpp:650] gyr saturation
W20250111 19:31:58.224040 1022177 ImuError.cpp:650] gyr saturation
W20250111 19:31:58.224045 1022177 ImuError.cpp:650] gyr saturation
W20250111 19:31:58.224050 1022177 ImuError.cpp:650] gyr saturation
W20250111 19:31:58.224056 1022177 ImuError.cpp:650] gyr saturation
W20250111 19:31:58.224061 1022177 ImuError.cpp:650] gyr saturation
W20250111 19:31:58.224066 1022177 ImuError.cpp:650] gyr saturation
W20250111 19:31:58.224072 1022177 ImuError.cpp:650] gyr saturation
W20250111 19:31:58.224077 1022177 ImuError.cpp:650] gyr saturation
W20250111 19:31:58.224083 1022177 ImuError.cpp:650] gyr saturation
W20250111 19:31:58.224088 1022177 ImuError.cpp:650] gyr saturation
W20250111 19:31:58.224094 1022177 ImuError.cpp:650] gyr saturation
W20250111 19:31:58.224099 1022177 ImuError.cpp:650] gyr saturation
W20250111 19:31:58.224104 1022177 ImuError.cpp:650] gyr saturation
W20250111 19:31:58.224110 1022177 ImuError.cpp:650] gyr saturation
W20250111 19:31:58.224115 1022177 ImuError.cpp:650] gyr saturation
W20250111 19:31:58.224121 1022177 ImuError.cpp:650] gyr saturation
W20250111 19:31:58.224126 1022177 ImuError.cpp:650] gyr saturation
W20250111 19:31:58.224131 1022177 ImuError.cpp:650] gyr saturation
W20250111 19:31:58.224136 1022177 ImuError.cpp:650] gyr saturation
W20250111 19:31:58.224141 1022177 ImuError.cpp:650] gyr saturation
W20250111 19:31:58.224148 1022177 ImuError.cpp:650] gyr saturation
W20250111 19:31:58.224152 1022177 ImuError.cpp:650] gyr saturation
W20250111 19:31:58.224159 1022177 ImuError.cpp:650] gyr saturation
W20250111 19:31:58.224164 1022177 ImuError.cpp:650] gyr saturation
W20250111 19:31:58.248145 1022177 ImuError.cpp:650] gyr saturation
W20250111 19:31:58.248206 1022177 ImuError.cpp:650] gyr saturation
W20250111 19:31:58.248214 1022177 ImuError.cpp:650] gyr saturation
W20250111 19:31:58.248222 1022177 ImuError.cpp:650] gyr saturation
W20250111 19:31:58.248227 1022177 ImuError.cpp:650] gyr saturation
W20250111 19:31:58.248232 1022177 ImuError.cpp:650] gyr saturation
W20250111 19:31:58.248239 1022177 ImuError.cpp:650] gyr saturation
W20250111 19:31:58.248243 1022177 ImuError.cpp:650] gyr saturation
W20250111 19:31:58.248248 1022177 ImuError.cpp:650] gyr saturation
W20250111 19:31:58.248255 1022177 ImuError.cpp:650] gyr saturation
W20250111 19:31:58.248271 1022177 ImuError.cpp:650] gyr saturation
W20250111 19:31:58.248278 1022177 ImuError.cpp:650] gyr saturation
W20250111 19:31:58.248283 1022177 ImuError.cpp:650] gyr saturation
W20250111 19:31:58.248288 1022177 ImuError.cpp:650] gyr saturation
W20250111 19:31:58.248294 1022177 ImuError.cpp:650] gyr saturation
W20250111 19:31:58.248299 1022177 ImuError.cpp:650] gyr saturation
W20250111 19:31:58.248304 1022177 ImuError.cpp:650] gyr saturation
W20250111 19:31:58.248310 1022177 ImuError.cpp:650] gyr saturation
W20250111 19:31:58.248315 1022177 ImuError.cpp:650] gyr saturation
W20250111 19:31:58.248320 1022177 ImuError.cpp:650] gyr saturation
W20250111 19:31:58.248325 1022177 ImuError.cpp:650] gyr saturation
W20250111 19:31:58.248330 1022177 ImuError.cpp:650] gyr saturation
W20250111 19:31:58.248337 1022177 ImuError.cpp:650] gyr saturation
W20250111 19:31:58.248342 1022177 ImuError.cpp:650] gyr saturation
W20250111 19:31:58.248346 1022177 ImuError.cpp:650] gyr saturation
W20250111 19:31:58.248351 1022177 ImuError.cpp:650] gyr saturation
W20250111 19:31:58.248356 1022177 ImuError.cpp:650] gyr saturation
W20250111 19:31:58.248363 1022177 ImuError.cpp:650] gyr saturation
W20250111 19:31:58.248368 1022177 ImuError.cpp:650] gyr saturation
W20250111 19:31:58.248373 1022177 ImuError.cpp:650] gyr saturation
W20250111 19:31:58.248378 1022177 ImuError.cpp:650] gyr saturation
W20250111 19:31:58.248383 1022177 ImuError.cpp:650] gyr saturation
W20250111 19:31:58.248389 1022177 ImuError.cpp:650] gyr saturation
W20250111 19:31:58.248454 1022177 ImuError.cpp:650] gyr saturation
W20250111 19:31:58.248461 1022177 ImuError.cpp:650] gyr saturation
W20250111 19:31:58.248466 1022177 ImuError.cpp:650] gyr saturation
W20250111 19:31:58.248472 1022177 ImuError.cpp:650] gyr saturation
W20250111 19:31:58.248477 1022177 ImuError.cpp:650] gyr saturation
W20250111 19:31:58.248482 1022177 ImuError.cpp:650] gyr saturation
W20250111 19:31:58.248488 1022177 ImuError.cpp:650] gyr saturation
W20250111 19:31:58.248493 1022177 ImuError.cpp:650] gyr saturation
W20250111 19:31:58.248498 1022177 ImuError.cpp:650] gyr saturation
W20250111 19:31:58.248503 1022177 ImuError.cpp:650] gyr saturation
W20250111 19:31:58.248508 1022177 ImuError.cpp:650] gyr saturation
W20250111 19:31:58.248513 1022177 ImuError.cpp:650] gyr saturation
W20250111 19:31:58.248519 1022177 ImuError.cpp:650] gyr saturation
W20250111 19:31:58.248524 1022177 ImuError.cpp:650] gyr saturation
W20250111 19:31:58.248529 1022177 ImuError.cpp:650] gyr saturation
W20250111 19:31:58.248534 1022177 ImuError.cpp:650] gyr saturation
W20250111 19:31:58.248539 1022177 ImuError.cpp:650] gyr saturation
W20250111 19:31:58.248544 1022177 ImuError.cpp:650] gyr saturation
W20250111 19:31:58.248549 1022177 ImuError.cpp:650] gyr saturation
W20250111 19:31:58.248555 1022177 ImuError.cpp:650] gyr saturation
W20250111 19:31:58.248560 1022177 ImuError.cpp:650] gyr saturation
W20250111 19:31:58.248565 1022177 ImuError.cpp:650] gyr saturation
W20250111 19:31:58.248570 1022177 ImuError.cpp:650] gyr saturation
W20250111 19:31:58.248575 1022177 ImuError.cpp:650] gyr saturation
W20250111 19:31:58.248580 1022177 ImuError.cpp:650] gyr saturation
W20250111 19:31:58.248585 1022177 ImuError.cpp:650] gyr saturation
W20250111 19:31:58.248591 1022177 ImuError.cpp:650] gyr saturation
W20250111 19:31:58.248595 1022177 ImuError.cpp:650] gyr saturation
W20250111 19:31:58.248600 1022177 ImuError.cpp:650] gyr saturation
W20250111 19:31:58.248605 1022177 ImuError.cpp:650] gyr saturation
W20250111 19:31:58.248610 1022177 ImuError.cpp:650] gyr saturation
W20250111 19:31:58.248615 1022177 ImuError.cpp:650] gyr saturation
W20250111 19:31:58.248620 1022177 ImuError.cpp:650] gyr saturation
W20250111 19:31:58.252799 1022191 ImuError.cpp:368] gyr saturation
W20250111 19:31:58.252882 1022191 ImuError.cpp:368] gyr saturation
W20250111 19:31:58.252897 1022191 ImuError.cpp:368] gyr saturation
W20250111 19:31:58.252908 1022191 ImuError.cpp:368] gyr saturation
W20250111 19:31:58.252919 1022191 ImuError.cpp:368] gyr saturation
W20250111 19:31:58.252946 1022191 ImuError.cpp:368] gyr saturation
W20250111 19:31:58.252959 1022191 ImuError.cpp:368] gyr saturation
W20250111 19:31:58.252969 1022191 ImuError.cpp:368] gyr saturation
W20250111 19:31:58.252980 1022191 ImuError.cpp:368] gyr saturation
W20250111 19:31:58.252993 1022191 ImuError.cpp:368] gyr saturation
W20250111 19:31:58.253005 1022191 ImuError.cpp:368] gyr saturation
W20250111 19:31:58.253016 1022191 ImuError.cpp:368] gyr saturation
W20250111 19:31:58.253028 1022191 ImuError.cpp:368] gyr saturation
W20250111 19:31:58.253039 1022191 ImuError.cpp:368] gyr saturation
W20250111 19:31:58.253050 1022191 ImuError.cpp:368] gyr saturation
W20250111 19:31:58.253062 1022191 ImuError.cpp:368] gyr saturation
W20250111 19:31:58.253072 1022191 ImuError.cpp:368] gyr saturation
W20250111 19:31:58.253082 1022191 ImuError.cpp:368] gyr saturation
W20250111 19:31:58.253093 1022191 ImuError.cpp:368] gyr saturation
W20250111 19:31:58.253104 1022191 ImuError.cpp:368] gyr saturation
W20250111 19:31:58.253115 1022191 ImuError.cpp:368] gyr saturation
W20250111 19:31:58.253126 1022191 ImuError.cpp:368] gyr saturation
W20250111 19:31:58.253137 1022191 ImuError.cpp:368] gyr saturation
W20250111 19:31:58.253149 1022191 ImuError.cpp:368] gyr saturation
W20250111 19:31:58.253159 1022191 ImuError.cpp:368] gyr saturation
W20250111 19:31:58.253170 1022191 ImuError.cpp:368] gyr saturation
W20250111 19:31:58.253181 1022191 ImuError.cpp:368] gyr saturation
W20250111 19:31:58.253192 1022191 ImuError.cpp:368] gyr saturation
W20250111 19:31:58.253203 1022191 ImuError.cpp:368] gyr saturation
W20250111 19:31:58.253214 1022191 ImuError.cpp:368] gyr saturation
W20250111 19:31:58.253224 1022191 ImuError.cpp:368] gyr saturation
W20250111 19:31:58.253237 1022191 ImuError.cpp:368] gyr saturation
W20250111 19:31:58.253248 1022191 ImuError.cpp:368] gyr saturation
W20250111 19:31:58.260079 1022177 ImuError.cpp:650] gyr saturation
W20250111 19:31:58.260142 1022177 ImuError.cpp:650] gyr saturation
W20250111 19:31:58.260149 1022177 ImuError.cpp:650] gyr saturation
W20250111 19:31:58.260154 1022177 ImuError.cpp:650] gyr saturation
W20250111 19:31:58.260159 1022177 ImuError.cpp:650] gyr saturation
W20250111 19:31:58.260164 1022177 ImuError.cpp:650] gyr saturation
W20250111 19:31:58.260170 1022177 ImuError.cpp:650] gyr saturation
W20250111 19:31:58.260181 1022177 ImuError.cpp:650] gyr saturation
W20250111 19:31:58.260188 1022177 ImuError.cpp:650] gyr saturation
W20250111 19:31:58.260193 1022177 ImuError.cpp:650] gyr saturation
W20250111 19:31:58.260198 1022177 ImuError.cpp:650] gyr saturation
W20250111 19:31:58.260205 1022177 ImuError.cpp:650] gyr saturation
W20250111 19:31:58.260211 1022177 ImuError.cpp:650] gyr saturation
W20250111 19:31:58.260217 1022177 ImuError.cpp:650] gyr saturation
W20250111 19:31:58.260222 1022177 ImuError.cpp:650] gyr saturation
W20250111 19:31:58.260228 1022177 ImuError.cpp:650] gyr saturation
W20250111 19:31:58.260234 1022177 ImuError.cpp:650] gyr saturation
W20250111 19:31:58.260239 1022177 ImuError.cpp:650] gyr saturation
W20250111 19:31:58.260246 1022177 ImuError.cpp:650] gyr saturation
W20250111 19:31:58.260253 1022177 ImuError.cpp:650] gyr saturation
W20250111 19:31:58.260258 1022177 ImuError.cpp:650] gyr saturation
W20250111 19:31:58.260264 1022177 ImuError.cpp:650] gyr saturation
W20250111 19:31:58.260270 1022177 ImuError.cpp:650] gyr saturation
W20250111 19:31:58.260277 1022177 ImuError.cpp:650] gyr saturation
W20250111 19:31:58.260285 1022177 ImuError.cpp:650] gyr saturation
W20250111 19:31:58.260291 1022177 ImuError.cpp:650] gyr saturation
W20250111 19:31:58.260298 1022177 ImuError.cpp:650] gyr saturation
W20250111 19:31:58.260303 1022177 ImuError.cpp:650] gyr saturation
W20250111 19:31:58.260309 1022177 ImuError.cpp:650] gyr saturation
W20250111 19:31:58.260314 1022177 ImuError.cpp:650] gyr saturation
W20250111 19:31:58.260320 1022177 ImuError.cpp:650] gyr saturation
W20250111 19:31:58.260327 1022177 ImuError.cpp:650] gyr saturation
W20250111 19:31:58.260332 1022177 ImuError.cpp:650] gyr saturation
W20250111 19:31:58.311887 1230744 ImuError.cpp:165] gyr saturation
W20250111 19:31:58.311944 1230744 ImuError.cpp:165] gyr saturation
W20250111 19:31:58.311954 1230744 ImuError.cpp:165] gyr saturation
W20250111 19:31:58.311960 1230744 ImuError.cpp:165] gyr saturation
W20250111 19:31:58.311967 1230744 ImuError.cpp:165] gyr saturation
W20250111 19:31:58.311975 1230744 ImuError.cpp:165] gyr saturation
W20250111 19:31:58.311981 1230744 ImuError.cpp:165] gyr saturation
W20250111 19:31:58.311987 1230744 ImuError.cpp:165] gyr saturation
W20250111 19:31:58.311995 1230744 ImuError.cpp:165] gyr saturation
W20250111 19:31:58.312001 1230744 ImuError.cpp:165] gyr saturation
W20250111 19:31:58.312007 1230744 ImuError.cpp:165] gyr saturation
W20250111 19:31:58.312014 1230744 ImuError.cpp:165] gyr saturation
W20250111 19:31:58.312021 1230744 ImuError.cpp:165] gyr saturation
W20250111 19:31:58.312027 1230744 ImuError.cpp:165] gyr saturation
W20250111 19:31:58.312034 1230744 ImuError.cpp:165] gyr saturation
W20250111 19:31:58.312041 1230744 ImuError.cpp:165] gyr saturation
W20250111 19:31:58.312052 1230744 ImuError.cpp:165] gyr saturation
W20250111 19:31:58.312060 1230744 ImuError.cpp:165] gyr saturation
W20250111 19:31:58.312067 1230744 ImuError.cpp:165] gyr saturation
W20250111 19:31:58.312075 1230744 ImuError.cpp:165] gyr saturation
W20250111 19:31:58.312083 1230744 ImuError.cpp:165] gyr saturation
W20250111 19:31:58.312089 1230744 ImuError.cpp:165] gyr saturation
W20250111 19:31:58.312096 1230744 ImuError.cpp:165] gyr saturation
W20250111 19:31:58.312104 1230744 ImuError.cpp:165] gyr saturation
W20250111 19:31:58.312114 1230744 ImuError.cpp:165] gyr saturation
W20250111 19:31:58.312122 1230744 ImuError.cpp:165] gyr saturation
W20250111 19:31:58.312136 1230744 ImuError.cpp:165] gyr saturation
W20250111 19:31:58.312143 1230744 ImuError.cpp:165] gyr saturation
W20250111 19:31:58.312151 1230744 ImuError.cpp:165] gyr saturation
W20250111 19:31:58.312158 1230744 ImuError.cpp:165] gyr saturation
W20250111 19:31:58.312165 1230744 ImuError.cpp:165] gyr saturation
W20250111 19:31:58.312172 1230744 ImuError.cpp:165] gyr saturation
W20250111 19:31:58.312179 1230744 ImuError.cpp:165] gyr saturation
W20250111 19:31:58.312187 1230744 ImuError.cpp:165] gyr saturation
W20250111 19:31:58.312194 1230744 ImuError.cpp:165] gyr saturation
W20250111 19:31:58.312363 1230744 ImuError.cpp:165] gyr saturation
W20250111 19:31:58.312372 1230744 ImuError.cpp:165] gyr saturation
W20250111 19:31:58.312381 1230744 ImuError.cpp:165] gyr saturation
W20250111 19:31:58.312387 1230744 ImuError.cpp:165] gyr saturation
W20250111 19:31:58.312394 1230744 ImuError.cpp:165] gyr saturation
W20250111 19:31:58.312402 1230744 ImuError.cpp:165] gyr saturation
W20250111 19:31:58.312409 1230744 ImuError.cpp:165] gyr saturation
W20250111 19:31:58.312417 1230744 ImuError.cpp:165] gyr saturation
W20250111 19:31:58.312423 1230744 ImuError.cpp:165] gyr saturation
W20250111 19:31:58.312430 1230744 ImuError.cpp:165] gyr saturation
W20250111 19:31:58.312438 1230744 ImuError.cpp:165] gyr saturation
W20250111 19:31:58.312445 1230744 ImuError.cpp:165] gyr saturation
W20250111 19:31:58.312453 1230744 ImuError.cpp:165] gyr saturation
W20250111 19:31:58.312459 1230744 ImuError.cpp:165] gyr saturation
W20250111 19:31:58.312466 1230744 ImuError.cpp:165] gyr saturation
W20250111 19:31:58.312474 1230744 ImuError.cpp:165] gyr saturation
W20250111 19:31:58.312481 1230744 ImuError.cpp:165] gyr saturation
W20250111 19:31:58.312489 1230744 ImuError.cpp:165] gyr saturation
W20250111 19:31:58.312495 1230744 ImuError.cpp:165] gyr saturation
W20250111 19:31:58.312503 1230744 ImuError.cpp:165] gyr saturation
W20250111 19:31:58.312510 1230744 ImuError.cpp:165] gyr saturation
W20250111 19:31:58.312517 1230744 ImuError.cpp:165] gyr saturation
W20250111 19:31:58.312525 1230744 ImuError.cpp:165] gyr saturation
W20250111 19:31:58.312531 1230744 ImuError.cpp:165] gyr saturation
W20250111 19:31:58.312538 1230744 ImuError.cpp:165] gyr saturation
W20250111 19:31:58.312546 1230744 ImuError.cpp:165] gyr saturation
W20250111 19:31:58.312556 1230744 ImuError.cpp:165] gyr saturation
W20250111 19:31:58.312564 1230744 ImuError.cpp:165] gyr saturation
W20250111 19:31:58.312572 1230744 ImuError.cpp:165] gyr saturation
W20250111 19:31:58.312578 1230744 ImuError.cpp:165] gyr saturation
W20250111 19:31:58.312585 1230744 ImuError.cpp:165] gyr saturation
W20250111 19:31:58.312592 1230744 ImuError.cpp:165] gyr saturation
W20250111 19:31:58.312599 1230744 ImuError.cpp:165] gyr saturation
W20250111 19:31:58.312606 1230744 ImuError.cpp:165] gyr saturation
W20250111 19:31:58.312613 1230744 ImuError.cpp:165] gyr saturation
I20250111 19:31:58.795027 1022177 Frontend.cpp:2274] RANSAC FAIL: 27 inliers, ratio = 0.658537
I20250111 19:31:59.397193 1022177 Frontend.cpp:2274] RANSAC FAIL: 62 inliers, ratio = 0.639175
W20250111 19:31:59.769042 1022177 ImuError.cpp:650] gyr saturation
W20250111 19:31:59.769105 1022177 ImuError.cpp:650] gyr saturation
W20250111 19:31:59.769114 1022177 ImuError.cpp:650] gyr saturation
W20250111 19:31:59.769122 1022177 ImuError.cpp:650] gyr saturation
W20250111 19:31:59.769129 1022177 ImuError.cpp:650] gyr saturation
W20250111 19:31:59.769134 1022177 ImuError.cpp:650] gyr saturation
W20250111 19:31:59.769145 1022177 ImuError.cpp:650] gyr saturation
W20250111 19:31:59.769151 1022177 ImuError.cpp:650] gyr saturation
W20250111 19:31:59.769157 1022177 ImuError.cpp:650] gyr saturation
W20250111 19:31:59.769165 1022177 ImuError.cpp:650] gyr saturation
W20250111 19:31:59.769171 1022177 ImuError.cpp:650] gyr saturation
W20250111 19:31:59.769177 1022177 ImuError.cpp:650] gyr saturation
W20250111 19:31:59.769183 1022177 ImuError.cpp:650] gyr saturation
W20250111 19:31:59.769189 1022177 ImuError.cpp:650] gyr saturation
W20250111 19:31:59.769196 1022177 ImuError.cpp:650] gyr saturation
W20250111 19:31:59.769201 1022177 ImuError.cpp:650] gyr saturation
W20250111 19:31:59.769207 1022177 ImuError.cpp:650] gyr saturation
W20250111 19:31:59.769222 1022177 ImuError.cpp:650] gyr saturation
W20250111 19:31:59.769227 1022177 ImuError.cpp:650] gyr saturation
W20250111 19:31:59.769233 1022177 ImuError.cpp:650] gyr saturation
W20250111 19:31:59.769238 1022177 ImuError.cpp:650] gyr saturation
W20250111 19:31:59.786464 1022177 ImuError.cpp:650] gyr saturation
W20250111 19:31:59.786520 1022177 ImuError.cpp:650] gyr saturation
W20250111 19:31:59.786527 1022177 ImuError.cpp:650] gyr saturation
W20250111 19:31:59.786532 1022177 ImuError.cpp:650] gyr saturation
W20250111 19:31:59.786538 1022177 ImuError.cpp:650] gyr saturation
W20250111 19:31:59.786543 1022177 ImuError.cpp:650] gyr saturation
W20250111 19:31:59.786548 1022177 ImuError.cpp:650] gyr saturation
W20250111 19:31:59.786553 1022177 ImuError.cpp:650] gyr saturation
W20250111 19:31:59.786558 1022177 ImuError.cpp:650] gyr saturation
W20250111 19:31:59.786564 1022177 ImuError.cpp:650] gyr saturation
W20250111 19:31:59.786569 1022177 ImuError.cpp:650] gyr saturation
W20250111 19:31:59.786574 1022177 ImuError.cpp:650] gyr saturation
W20250111 19:31:59.786579 1022177 ImuError.cpp:650] gyr saturation
W20250111 19:31:59.786585 1022177 ImuError.cpp:650] gyr saturation
W20250111 19:31:59.786590 1022177 ImuError.cpp:650] gyr saturation
W20250111 19:31:59.786595 1022177 ImuError.cpp:650] gyr saturation
W20250111 19:31:59.786600 1022177 ImuError.cpp:650] gyr saturation
W20250111 19:31:59.786607 1022177 ImuError.cpp:650] gyr saturation
W20250111 19:31:59.786612 1022177 ImuError.cpp:650] gyr saturation
W20250111 19:31:59.786616 1022177 ImuError.cpp:650] gyr saturation
W20250111 19:31:59.786621 1022177 ImuError.cpp:650] gyr saturation
W20250111 19:31:59.786983 1022177 ImuError.cpp:650] gyr saturation
W20250111 19:31:59.786996 1022177 ImuError.cpp:650] gyr saturation
W20250111 19:31:59.787003 1022177 ImuError.cpp:650] gyr saturation
W20250111 19:31:59.787009 1022177 ImuError.cpp:650] gyr saturation
W20250111 19:31:59.787014 1022177 ImuError.cpp:650] gyr saturation
W20250111 19:31:59.787019 1022177 ImuError.cpp:650] gyr saturation
W20250111 19:31:59.787024 1022177 ImuError.cpp:650] gyr saturation
W20250111 19:31:59.787043 1022177 ImuError.cpp:650] gyr saturation
W20250111 19:31:59.787050 1022177 ImuError.cpp:650] gyr saturation
W20250111 19:31:59.787055 1022177 ImuError.cpp:650] gyr saturation
W20250111 19:31:59.787061 1022177 ImuError.cpp:650] gyr saturation
W20250111 19:31:59.787066 1022177 ImuError.cpp:650] gyr saturation
W20250111 19:31:59.787072 1022177 ImuError.cpp:650] gyr saturation
W20250111 19:31:59.787077 1022177 ImuError.cpp:650] gyr saturation
W20250111 19:31:59.787082 1022177 ImuError.cpp:650] gyr saturation
W20250111 19:31:59.787088 1022177 ImuError.cpp:650] gyr saturation
W20250111 19:31:59.787093 1022177 ImuError.cpp:650] gyr saturation
W20250111 19:31:59.787098 1022177 ImuError.cpp:650] gyr saturation
W20250111 19:31:59.787103 1022177 ImuError.cpp:650] gyr saturation
W20250111 19:31:59.787109 1022177 ImuError.cpp:650] gyr saturation
W20250111 19:31:59.787114 1022177 ImuError.cpp:650] gyr saturation
W20250111 19:31:59.792655 1022177 ImuError.cpp:368] gyr saturation
W20250111 19:31:59.792729 1022177 ImuError.cpp:368] gyr saturation
W20250111 19:31:59.792742 1022177 ImuError.cpp:368] gyr saturation
W20250111 19:31:59.792754 1022177 ImuError.cpp:368] gyr saturation
W20250111 19:31:59.792765 1022177 ImuError.cpp:368] gyr saturation
W20250111 19:31:59.792776 1022177 ImuError.cpp:368] gyr saturation
W20250111 19:31:59.792786 1022177 ImuError.cpp:368] gyr saturation
W20250111 19:31:59.792797 1022177 ImuError.cpp:368] gyr saturation
W20250111 19:31:59.792809 1022177 ImuError.cpp:368] gyr saturation
W20250111 19:31:59.792819 1022177 ImuError.cpp:368] gyr saturation
W20250111 19:31:59.792829 1022177 ImuError.cpp:368] gyr saturation
W20250111 19:31:59.792840 1022177 ImuError.cpp:368] gyr saturation
W20250111 19:31:59.792850 1022177 ImuError.cpp:368] gyr saturation
W20250111 19:31:59.792860 1022177 ImuError.cpp:368] gyr saturation
W20250111 19:31:59.792871 1022177 ImuError.cpp:368] gyr saturation
W20250111 19:31:59.792891 1022177 ImuError.cpp:368] gyr saturation
W20250111 19:31:59.792901 1022177 ImuError.cpp:368] gyr saturation
W20250111 19:31:59.792912 1022177 ImuError.cpp:368] gyr saturation
W20250111 19:31:59.792922 1022177 ImuError.cpp:368] gyr saturation
W20250111 19:31:59.792933 1022177 ImuError.cpp:368] gyr saturation
W20250111 19:31:59.792943 1022177 ImuError.cpp:368] gyr saturation
I20250111 19:31:59.800150 1022177 okvis_app_synchronous.cpp:210] OKVIS Timing
-----------
1 DetectAndDescribe                	   3457	00:00:06.777873	(00:00:00.001961 +- 00:00:00.000360)	[00:00:00.000948,00:00:00.004747]
2 Match                            	   3457	00:00:22.850151	(00:00:00.006610 +- 00:00:00.002696)	[00:00:00.000235,00:00:00.015566]
2.01 match to map                  	   3456	00:00:16.482120	(00:00:00.004769 +- 00:00:00.002300)	[00:00:00.000051,00:00:00.012625]
2.02 match motion stereo           	   3456	00:00:04.500767	(00:00:00.001302 +- 00:00:00.000415)	[00:00:00.000054,00:00:00.003440]
2.02.1 match motion stereo: prepare	   3456	00:00:01.003862	(00:00:00.000290 +- 00:00:00.000113)	[00:00:00.000001,00:00:00.000954]
2.10 match stereo                  	    934	00:00:00.035384	(00:00:00.000038 +- 00:00:00.000045)	[00:00:00.000001,00:00:00.000431]
3 Optimise                         	   3456	00:00:51.155025	(00:00:00.014802 +- 00:00:00.005699)	[00:00:00.001233,00:00:00.035484]
4 Prepare publishing               	   3456	00:00:02.769713	(00:00:00.000801 +- 00:00:00.000315)	[00:00:00.000065,00:00:00.002774]
6 Visualising                      	   3456	00:00:00.000808	(00:00:00.000000 +- 00:00:00.000000)	[00:00:00.000000,00:00:00.000012]
7 Marginalise                      	   3456	00:00:05.882553	(00:00:00.001702 +- 00:00:00.000692)	[00:00:00.000006,00:00:00.005454]
7.1 check/handle lost              	   3456	00:00:00.100556	(00:00:00.000029 +- 00:00:00.000019)	[00:00:00.000000,00:00:00.000399]
7.2 eliminate IMU frames           	   3456	00:00:02.602492	(00:00:00.000753 +- 00:00:00.000539)	[00:00:00.000000,00:00:00.002678]
7.3 convert to posegraph           	   1117	00:00:00.865306	(00:00:00.000775 +- 00:00:00.000388)	[00:00:00.000095,00:00:00.002866]
7.4 freezing                       	   3455	00:00:00.003760	(00:00:00.000001 +- 00:00:00.000002)	[00:00:00.000000,00:00:00.000029]
7.6 expand                         	   3439	00:00:00.741642	(00:00:00.000216 +- 00:00:00.000106)	[00:00:00.000022,00:00:00.001112]
7.7 prune place recognition frames 	   3455	00:00:00.748882	(00:00:00.000217 +- 00:00:00.000111)	[00:00:00.000005,00:00:00.000825]
I20250111 19:31:59.800318 1022177 okvis_app_synchronous.cpp:219] Progress: 64% (1 [1%/s], ETA: 36s)
W20250111 19:31:59.800372 1022177 ImuError.cpp:650] gyr saturation
W20250111 19:31:59.800385 1022177 ImuError.cpp:650] gyr saturation
W20250111 19:31:59.800395 1022177 ImuError.cpp:650] gyr saturation
W20250111 19:31:59.800403 1022177 ImuError.cpp:650] gyr saturation
W20250111 19:31:59.800410 1022177 ImuError.cpp:650] gyr saturation
W20250111 19:31:59.800416 1022177 ImuError.cpp:650] gyr saturation
W20250111 19:31:59.800423 1022177 ImuError.cpp:650] gyr saturation
W20250111 19:31:59.800431 1022177 ImuError.cpp:650] gyr saturation
W20250111 19:31:59.800436 1022177 ImuError.cpp:650] gyr saturation
W20250111 19:31:59.800442 1022177 ImuError.cpp:650] gyr saturation
W20250111 19:31:59.800451 1022177 ImuError.cpp:650] gyr saturation
W20250111 19:31:59.800457 1022177 ImuError.cpp:650] gyr saturation
W20250111 19:31:59.800462 1022177 ImuError.cpp:650] gyr saturation
W20250111 19:31:59.800468 1022177 ImuError.cpp:650] gyr saturation
W20250111 19:31:59.800475 1022177 ImuError.cpp:650] gyr saturation
W20250111 19:31:59.800482 1022177 ImuError.cpp:650] gyr saturation
W20250111 19:31:59.800486 1022177 ImuError.cpp:650] gyr saturation
W20250111 19:31:59.800494 1022177 ImuError.cpp:650] gyr saturation
W20250111 19:31:59.800500 1022177 ImuError.cpp:650] gyr saturation
W20250111 19:31:59.800508 1022177 ImuError.cpp:650] gyr saturation
W20250111 19:31:59.800513 1022177 ImuError.cpp:650] gyr saturation
W20250111 19:31:59.800520 1022177 ImuError.cpp:650] gyr saturation
W20250111 19:31:59.800525 1022177 ImuError.cpp:650] gyr saturation
W20250111 19:31:59.800532 1022177 ImuError.cpp:650] gyr saturation
W20250111 19:31:59.800540 1022177 ImuError.cpp:650] gyr saturation
W20250111 19:31:59.800546 1022177 ImuError.cpp:650] gyr saturation
W20250111 19:31:59.800552 1022177 ImuError.cpp:650] gyr saturation
W20250111 19:31:59.800558 1022177 ImuError.cpp:650] gyr saturation
W20250111 19:31:59.800566 1022177 ImuError.cpp:650] gyr saturation
W20250111 19:31:59.800572 1022177 ImuError.cpp:650] gyr saturation
W20250111 19:31:59.800578 1022177 ImuError.cpp:650] gyr saturation
W20250111 19:31:59.800585 1022177 ImuError.cpp:650] gyr saturation
W20250111 19:31:59.800591 1022177 ImuError.cpp:650] gyr saturation
W20250111 19:31:59.800601 1022177 ImuError.cpp:650] gyr saturation
W20250111 19:31:59.800606 1022177 ImuError.cpp:650] gyr saturation
W20250111 19:31:59.800612 1022177 ImuError.cpp:650] gyr saturation
W20250111 19:31:59.800617 1022177 ImuError.cpp:650] gyr saturation
W20250111 19:31:59.800624 1022177 ImuError.cpp:650] gyr saturation
W20250111 19:31:59.800637 1022177 ImuError.cpp:650] gyr saturation
W20250111 19:31:59.800647 1022177 ImuError.cpp:650] gyr saturation
W20250111 19:31:59.800652 1022177 ImuError.cpp:650] gyr saturation
W20250111 19:31:59.800658 1022177 ImuError.cpp:650] gyr saturation
W20250111 19:31:59.800663 1022177 ImuError.cpp:650] gyr saturation
W20250111 19:31:59.800668 1022177 ImuError.cpp:650] gyr saturation
W20250111 19:31:59.800676 1022177 ImuError.cpp:650] gyr saturation
W20250111 19:31:59.800683 1022177 ImuError.cpp:650] gyr saturation
W20250111 19:31:59.800688 1022177 ImuError.cpp:650] gyr saturation
W20250111 19:31:59.800693 1022177 ImuError.cpp:650] gyr saturation
W20250111 19:31:59.800699 1022177 ImuError.cpp:650] gyr saturation
W20250111 19:31:59.800706 1022177 ImuError.cpp:650] gyr saturation
W20250111 19:31:59.800712 1022177 ImuError.cpp:650] gyr saturation
W20250111 19:31:59.800719 1022177 ImuError.cpp:650] gyr saturation
W20250111 19:31:59.800725 1022177 ImuError.cpp:650] gyr saturation
W20250111 19:31:59.800740 1022177 ImuError.cpp:650] gyr saturation
W20250111 19:31:59.820469 1022177 ImuError.cpp:650] gyr saturation
W20250111 19:31:59.820530 1022177 ImuError.cpp:650] gyr saturation
W20250111 19:31:59.820537 1022177 ImuError.cpp:650] gyr saturation
W20250111 19:31:59.820542 1022177 ImuError.cpp:650] gyr saturation
W20250111 19:31:59.820546 1022177 ImuError.cpp:650] gyr saturation
W20250111 19:31:59.820554 1022177 ImuError.cpp:650] gyr saturation
W20250111 19:31:59.820560 1022177 ImuError.cpp:650] gyr saturation
W20250111 19:31:59.820565 1022177 ImuError.cpp:650] gyr saturation
W20250111 19:31:59.820574 1022177 ImuError.cpp:650] gyr saturation
W20250111 19:31:59.820583 1022177 ImuError.cpp:650] gyr saturation
W20250111 19:31:59.820588 1022177 ImuError.cpp:650] gyr saturation
W20250111 19:31:59.820595 1022177 ImuError.cpp:650] gyr saturation
W20250111 19:31:59.820600 1022177 ImuError.cpp:650] gyr saturation
W20250111 19:31:59.820606 1022177 ImuError.cpp:650] gyr saturation
W20250111 19:31:59.820612 1022177 ImuError.cpp:650] gyr saturation
W20250111 19:31:59.820617 1022177 ImuError.cpp:650] gyr saturation
W20250111 19:31:59.820622 1022177 ImuError.cpp:650] gyr saturation
W20250111 19:31:59.820628 1022177 ImuError.cpp:650] gyr saturation
W20250111 19:31:59.820640 1022177 ImuError.cpp:650] gyr saturation
W20250111 19:31:59.820647 1022177 ImuError.cpp:650] gyr saturation
W20250111 19:31:59.820653 1022177 ImuError.cpp:650] gyr saturation
W20250111 19:31:59.820659 1022177 ImuError.cpp:650] gyr saturation
W20250111 19:31:59.820664 1022177 ImuError.cpp:650] gyr saturation
W20250111 19:31:59.820670 1022177 ImuError.cpp:650] gyr saturation
W20250111 19:31:59.820675 1022177 ImuError.cpp:650] gyr saturation
W20250111 19:31:59.820681 1022177 ImuError.cpp:650] gyr saturation
W20250111 19:31:59.820688 1022177 ImuError.cpp:650] gyr saturation
W20250111 19:31:59.820694 1022177 ImuError.cpp:650] gyr saturation
W20250111 19:31:59.820700 1022177 ImuError.cpp:650] gyr saturation
W20250111 19:31:59.820706 1022177 ImuError.cpp:650] gyr saturation
W20250111 19:31:59.820713 1022177 ImuError.cpp:650] gyr saturation
W20250111 19:31:59.820719 1022177 ImuError.cpp:650] gyr saturation
W20250111 19:31:59.820726 1022177 ImuError.cpp:650] gyr saturation
W20250111 19:31:59.820734 1022177 ImuError.cpp:650] gyr saturation
W20250111 19:31:59.820890 1022177 ImuError.cpp:650] gyr saturation
W20250111 19:31:59.820899 1022177 ImuError.cpp:650] gyr saturation
W20250111 19:31:59.820906 1022177 ImuError.cpp:650] gyr saturation
W20250111 19:31:59.820912 1022177 ImuError.cpp:650] gyr saturation
W20250111 19:31:59.820917 1022177 ImuError.cpp:650] gyr saturation
W20250111 19:31:59.820923 1022177 ImuError.cpp:650] gyr saturation
W20250111 19:31:59.820930 1022177 ImuError.cpp:650] gyr saturation
W20250111 19:31:59.820935 1022177 ImuError.cpp:650] gyr saturation
W20250111 19:31:59.820942 1022177 ImuError.cpp:650] gyr saturation
W20250111 19:31:59.820948 1022177 ImuError.cpp:650] gyr saturation
W20250111 19:31:59.820955 1022177 ImuError.cpp:650] gyr saturation
W20250111 19:31:59.820959 1022177 ImuError.cpp:650] gyr saturation
W20250111 19:31:59.820966 1022177 ImuError.cpp:650] gyr saturation
W20250111 19:31:59.820972 1022177 ImuError.cpp:650] gyr saturation
W20250111 19:31:59.820978 1022177 ImuError.cpp:650] gyr saturation
W20250111 19:31:59.820983 1022177 ImuError.cpp:650] gyr saturation
W20250111 19:31:59.820989 1022177 ImuError.cpp:650] gyr saturation
W20250111 19:31:59.820994 1022177 ImuError.cpp:650] gyr saturation
W20250111 19:31:59.820999 1022177 ImuError.cpp:650] gyr saturation
W20250111 19:31:59.821005 1022177 ImuError.cpp:650] gyr saturation
W20250111 19:31:59.821012 1022177 ImuError.cpp:650] gyr saturation
W20250111 19:31:59.821017 1022177 ImuError.cpp:650] gyr saturation
W20250111 19:31:59.821022 1022177 ImuError.cpp:650] gyr saturation
W20250111 19:31:59.821028 1022177 ImuError.cpp:650] gyr saturation
W20250111 19:31:59.821034 1022177 ImuError.cpp:650] gyr saturation
W20250111 19:31:59.821040 1022177 ImuError.cpp:650] gyr saturation
W20250111 19:31:59.821045 1022177 ImuError.cpp:650] gyr saturation
W20250111 19:31:59.821058 1022177 ImuError.cpp:650] gyr saturation
W20250111 19:31:59.821065 1022177 ImuError.cpp:650] gyr saturation
W20250111 19:31:59.821074 1022177 ImuError.cpp:650] gyr saturation
W20250111 19:31:59.821079 1022177 ImuError.cpp:650] gyr saturation
W20250111 19:31:59.821084 1022177 ImuError.cpp:650] gyr saturation
W20250111 19:31:59.821089 1022177 ImuError.cpp:650] gyr saturation
W20250111 19:31:59.821094 1022177 ImuError.cpp:650] gyr saturation
W20250111 19:31:59.825799 1022177 ImuError.cpp:368] gyr saturation
W20250111 19:31:59.825877 1022177 ImuError.cpp:368] gyr saturation
W20250111 19:31:59.825891 1022177 ImuError.cpp:368] gyr saturation
W20250111 19:31:59.825903 1022177 ImuError.cpp:368] gyr saturation
W20250111 19:31:59.825914 1022177 ImuError.cpp:368] gyr saturation
W20250111 19:31:59.825925 1022177 ImuError.cpp:368] gyr saturation
W20250111 19:31:59.825937 1022177 ImuError.cpp:368] gyr saturation
W20250111 19:31:59.825947 1022177 ImuError.cpp:368] gyr saturation
W20250111 19:31:59.825959 1022177 ImuError.cpp:368] gyr saturation
W20250111 19:31:59.825970 1022177 ImuError.cpp:368] gyr saturation
W20250111 19:31:59.825981 1022177 ImuError.cpp:368] gyr saturation
W20250111 19:31:59.825992 1022177 ImuError.cpp:368] gyr saturation
W20250111 19:31:59.826004 1022177 ImuError.cpp:368] gyr saturation
W20250111 19:31:59.826014 1022177 ImuError.cpp:368] gyr saturation
W20250111 19:31:59.826025 1022177 ImuError.cpp:368] gyr saturation
W20250111 19:31:59.826036 1022177 ImuError.cpp:368] gyr saturation
W20250111 19:31:59.826047 1022177 ImuError.cpp:368] gyr saturation
W20250111 19:31:59.826057 1022177 ImuError.cpp:368] gyr saturation
W20250111 19:31:59.826068 1022177 ImuError.cpp:368] gyr saturation
W20250111 19:31:59.826079 1022177 ImuError.cpp:368] gyr saturation
W20250111 19:31:59.826089 1022177 ImuError.cpp:368] gyr saturation
W20250111 19:31:59.826102 1022177 ImuError.cpp:368] gyr saturation
W20250111 19:31:59.826112 1022177 ImuError.cpp:368] gyr saturation
W20250111 19:31:59.826123 1022177 ImuError.cpp:368] gyr saturation
W20250111 19:31:59.826133 1022177 ImuError.cpp:368] gyr saturation
W20250111 19:31:59.826144 1022177 ImuError.cpp:368] gyr saturation
W20250111 19:31:59.826155 1022177 ImuError.cpp:368] gyr saturation
W20250111 19:31:59.826166 1022177 ImuError.cpp:368] gyr saturation
W20250111 19:31:59.826176 1022177 ImuError.cpp:368] gyr saturation
W20250111 19:31:59.826187 1022177 ImuError.cpp:368] gyr saturation
W20250111 19:31:59.826198 1022177 ImuError.cpp:368] gyr saturation
W20250111 19:31:59.826210 1022177 ImuError.cpp:368] gyr saturation
W20250111 19:31:59.826220 1022177 ImuError.cpp:368] gyr saturation
W20250111 19:31:59.826231 1022177 ImuError.cpp:368] gyr saturation
W20250111 19:31:59.832947 1022177 ImuError.cpp:650] gyr saturation
W20250111 19:31:59.833007 1022177 ImuError.cpp:650] gyr saturation
W20250111 19:31:59.833015 1022177 ImuError.cpp:650] gyr saturation
W20250111 19:31:59.833021 1022177 ImuError.cpp:650] gyr saturation
W20250111 19:31:59.833026 1022177 ImuError.cpp:650] gyr saturation
W20250111 19:31:59.833034 1022177 ImuError.cpp:650] gyr saturation
W20250111 19:31:59.833038 1022177 ImuError.cpp:650] gyr saturation
W20250111 19:31:59.833045 1022177 ImuError.cpp:650] gyr saturation
W20250111 19:31:59.833050 1022177 ImuError.cpp:650] gyr saturation
W20250111 19:31:59.833055 1022177 ImuError.cpp:650] gyr saturation
W20250111 19:31:59.833060 1022177 ImuError.cpp:650] gyr saturation
W20250111 19:31:59.833066 1022177 ImuError.cpp:650] gyr saturation
W20250111 19:31:59.833072 1022177 ImuError.cpp:650] gyr saturation
W20250111 19:31:59.833077 1022177 ImuError.cpp:650] gyr saturation
W20250111 19:31:59.833082 1022177 ImuError.cpp:650] gyr saturation
W20250111 19:31:59.833088 1022177 ImuError.cpp:650] gyr saturation
W20250111 19:31:59.833093 1022177 ImuError.cpp:650] gyr saturation
W20250111 19:31:59.833101 1022177 ImuError.cpp:650] gyr saturation
W20250111 19:31:59.833105 1022177 ImuError.cpp:650] gyr saturation
W20250111 19:31:59.833110 1022177 ImuError.cpp:650] gyr saturation
W20250111 19:31:59.833129 1022177 ImuError.cpp:650] gyr saturation
W20250111 19:31:59.833135 1022177 ImuError.cpp:650] gyr saturation
W20250111 19:31:59.833142 1022177 ImuError.cpp:650] gyr saturation
W20250111 19:31:59.833148 1022177 ImuError.cpp:650] gyr saturation
W20250111 19:31:59.833154 1022177 ImuError.cpp:650] gyr saturation
W20250111 19:31:59.833160 1022177 ImuError.cpp:650] gyr saturation
W20250111 19:31:59.833166 1022177 ImuError.cpp:650] gyr saturation
W20250111 19:31:59.833173 1022177 ImuError.cpp:650] gyr saturation
W20250111 19:31:59.833178 1022177 ImuError.cpp:650] gyr saturation
W20250111 19:31:59.833185 1022177 ImuError.cpp:650] gyr saturation
W20250111 19:31:59.833190 1022177 ImuError.cpp:650] gyr saturation
W20250111 19:31:59.833196 1022177 ImuError.cpp:650] gyr saturation
W20250111 19:31:59.833202 1022177 ImuError.cpp:650] gyr saturation
W20250111 19:31:59.833209 1022177 ImuError.cpp:650] gyr saturation
W20250111 19:31:59.833214 1022177 ImuError.cpp:650] gyr saturation
W20250111 19:31:59.833220 1022177 ImuError.cpp:650] gyr saturation
W20250111 19:31:59.833225 1022177 ImuError.cpp:650] gyr saturation
W20250111 19:31:59.833231 1022177 ImuError.cpp:650] gyr saturation
W20250111 19:31:59.833237 1022177 ImuError.cpp:650] gyr saturation
W20250111 19:31:59.833243 1022177 ImuError.cpp:650] gyr saturation
W20250111 19:31:59.833249 1022177 ImuError.cpp:650] gyr saturation
W20250111 19:31:59.833256 1022177 ImuError.cpp:650] gyr saturation
W20250111 19:31:59.833262 1022177 ImuError.cpp:650] gyr saturation
W20250111 19:31:59.833268 1022177 ImuError.cpp:650] gyr saturation
W20250111 19:31:59.833273 1022177 ImuError.cpp:650] gyr saturation
W20250111 19:31:59.833279 1022177 ImuError.cpp:650] gyr saturation
W20250111 19:31:59.833285 1022177 ImuError.cpp:650] gyr saturation
W20250111 19:31:59.833292 1022177 ImuError.cpp:650] gyr saturation
W20250111 19:31:59.833297 1022177 ImuError.cpp:650] gyr saturation
W20250111 19:31:59.833303 1022177 ImuError.cpp:650] gyr saturation
W20250111 19:31:59.833309 1022177 ImuError.cpp:650] gyr saturation
W20250111 19:31:59.833315 1022177 ImuError.cpp:650] gyr saturation
W20250111 19:31:59.833320 1022177 ImuError.cpp:650] gyr saturation
W20250111 19:31:59.833328 1022177 ImuError.cpp:650] gyr saturation
W20250111 19:31:59.833333 1022177 ImuError.cpp:650] gyr saturation
W20250111 19:31:59.833338 1022177 ImuError.cpp:650] gyr saturation
W20250111 19:31:59.833343 1022177 ImuError.cpp:650] gyr saturation
W20250111 19:31:59.833349 1022177 ImuError.cpp:650] gyr saturation
W20250111 19:31:59.833355 1022177 ImuError.cpp:650] gyr saturation
W20250111 19:31:59.833362 1022177 ImuError.cpp:650] gyr saturation
W20250111 19:31:59.833367 1022177 ImuError.cpp:650] gyr saturation
W20250111 19:31:59.833374 1022177 ImuError.cpp:650] gyr saturation
W20250111 19:31:59.833379 1022177 ImuError.cpp:650] gyr saturation
W20250111 19:31:59.833384 1022177 ImuError.cpp:650] gyr saturation
W20250111 19:31:59.833389 1022177 ImuError.cpp:650] gyr saturation
W20250111 19:31:59.833395 1022177 ImuError.cpp:650] gyr saturation
W20250111 19:31:59.833401 1022177 ImuError.cpp:650] gyr saturation
W20250111 19:31:59.833407 1022177 ImuError.cpp:650] gyr saturation
W20250111 19:31:59.849017 1022177 ImuError.cpp:650] gyr saturation
W20250111 19:31:59.849071 1022177 ImuError.cpp:650] gyr saturation
W20250111 19:31:59.849077 1022177 ImuError.cpp:650] gyr saturation
W20250111 19:31:59.849084 1022177 ImuError.cpp:650] gyr saturation
W20250111 19:31:59.849090 1022177 ImuError.cpp:650] gyr saturation
W20250111 19:31:59.849095 1022177 ImuError.cpp:650] gyr saturation
W20250111 19:31:59.849099 1022177 ImuError.cpp:650] gyr saturation
W20250111 19:31:59.849104 1022177 ImuError.cpp:650] gyr saturation
W20250111 19:31:59.849109 1022177 ImuError.cpp:650] gyr saturation
W20250111 19:31:59.849115 1022177 ImuError.cpp:650] gyr saturation
W20250111 19:31:59.849120 1022177 ImuError.cpp:650] gyr saturation
W20250111 19:31:59.849126 1022177 ImuError.cpp:650] gyr saturation
W20250111 19:31:59.849133 1022177 ImuError.cpp:650] gyr saturation
W20250111 19:31:59.849151 1022177 ImuError.cpp:650] gyr saturation
W20250111 19:31:59.849157 1022177 ImuError.cpp:650] gyr saturation
W20250111 19:31:59.849164 1022177 ImuError.cpp:650] gyr saturation
W20250111 19:31:59.849169 1022177 ImuError.cpp:650] gyr saturation
W20250111 19:31:59.849175 1022177 ImuError.cpp:650] gyr saturation
W20250111 19:31:59.849180 1022177 ImuError.cpp:650] gyr saturation
W20250111 19:31:59.849186 1022177 ImuError.cpp:650] gyr saturation
W20250111 19:31:59.849191 1022177 ImuError.cpp:650] gyr saturation
W20250111 19:31:59.849197 1022177 ImuError.cpp:650] gyr saturation
W20250111 19:31:59.849202 1022177 ImuError.cpp:650] gyr saturation
W20250111 19:31:59.849207 1022177 ImuError.cpp:650] gyr saturation
W20250111 19:31:59.849215 1022177 ImuError.cpp:650] gyr saturation
W20250111 19:31:59.849220 1022177 ImuError.cpp:650] gyr saturation
W20250111 19:31:59.849224 1022177 ImuError.cpp:650] gyr saturation
W20250111 19:31:59.849231 1022177 ImuError.cpp:650] gyr saturation
W20250111 19:31:59.849236 1022177 ImuError.cpp:650] gyr saturation
W20250111 19:31:59.849241 1022177 ImuError.cpp:650] gyr saturation
W20250111 19:31:59.849246 1022177 ImuError.cpp:650] gyr saturation
W20250111 19:31:59.849252 1022177 ImuError.cpp:650] gyr saturation
W20250111 19:31:59.849258 1022177 ImuError.cpp:650] gyr saturation
W20250111 19:31:59.849263 1022177 ImuError.cpp:650] gyr saturation
W20250111 19:31:59.849270 1022177 ImuError.cpp:650] gyr saturation
W20250111 19:31:59.849550 1022177 ImuError.cpp:650] gyr saturation
W20250111 19:31:59.849560 1022177 ImuError.cpp:650] gyr saturation
W20250111 19:31:59.849567 1022177 ImuError.cpp:650] gyr saturation
W20250111 19:31:59.849573 1022177 ImuError.cpp:650] gyr saturation
W20250111 19:31:59.849579 1022177 ImuError.cpp:650] gyr saturation
W20250111 19:31:59.849584 1022177 ImuError.cpp:650] gyr saturation
W20250111 19:31:59.849591 1022177 ImuError.cpp:650] gyr saturation
W20250111 19:31:59.849596 1022177 ImuError.cpp:650] gyr saturation
W20250111 19:31:59.849601 1022177 ImuError.cpp:650] gyr saturation
W20250111 19:31:59.849606 1022177 ImuError.cpp:650] gyr saturation
W20250111 19:31:59.849611 1022177 ImuError.cpp:650] gyr saturation
W20250111 19:31:59.849617 1022177 ImuError.cpp:650] gyr saturation
W20250111 19:31:59.849622 1022177 ImuError.cpp:650] gyr saturation
W20250111 19:31:59.849634 1022177 ImuError.cpp:650] gyr saturation
W20250111 19:31:59.849642 1022177 ImuError.cpp:650] gyr saturation
W20250111 19:31:59.849648 1022177 ImuError.cpp:650] gyr saturation
W20250111 19:31:59.849653 1022177 ImuError.cpp:650] gyr saturation
W20250111 19:31:59.849659 1022177 ImuError.cpp:650] gyr saturation
W20250111 19:31:59.849664 1022177 ImuError.cpp:650] gyr saturation
W20250111 19:31:59.849669 1022177 ImuError.cpp:650] gyr saturation
W20250111 19:31:59.849674 1022177 ImuError.cpp:650] gyr saturation
W20250111 19:31:59.849680 1022177 ImuError.cpp:650] gyr saturation
W20250111 19:31:59.849685 1022177 ImuError.cpp:650] gyr saturation
W20250111 19:31:59.849690 1022177 ImuError.cpp:650] gyr saturation
W20250111 19:31:59.849696 1022177 ImuError.cpp:650] gyr saturation
W20250111 19:31:59.849702 1022177 ImuError.cpp:650] gyr saturation
W20250111 19:31:59.849709 1022177 ImuError.cpp:650] gyr saturation
W20250111 19:31:59.849714 1022177 ImuError.cpp:650] gyr saturation
W20250111 19:31:59.849720 1022177 ImuError.cpp:650] gyr saturation
W20250111 19:31:59.849725 1022177 ImuError.cpp:650] gyr saturation
W20250111 19:31:59.849730 1022177 ImuError.cpp:650] gyr saturation
W20250111 19:31:59.849735 1022177 ImuError.cpp:650] gyr saturation
W20250111 19:31:59.849741 1022177 ImuError.cpp:650] gyr saturation
W20250111 19:31:59.849746 1022177 ImuError.cpp:650] gyr saturation
W20250111 19:31:59.849751 1022177 ImuError.cpp:650] gyr saturation
W20250111 19:31:59.854219 1022177 ImuError.cpp:368] gyr saturation
W20250111 19:31:59.854329 1022177 ImuError.cpp:368] gyr saturation
W20250111 19:31:59.854342 1022177 ImuError.cpp:368] gyr saturation
W20250111 19:31:59.854353 1022177 ImuError.cpp:368] gyr saturation
W20250111 19:31:59.854382 1022177 ImuError.cpp:368] gyr saturation
W20250111 19:31:59.854394 1022177 ImuError.cpp:368] gyr saturation
W20250111 19:31:59.854408 1022177 ImuError.cpp:368] gyr saturation
W20250111 19:31:59.854420 1022177 ImuError.cpp:368] gyr saturation
W20250111 19:31:59.854431 1022177 ImuError.cpp:368] gyr saturation
W20250111 19:31:59.854442 1022177 ImuError.cpp:368] gyr saturation
W20250111 19:31:59.854454 1022177 ImuError.cpp:368] gyr saturation
W20250111 19:31:59.854463 1022177 ImuError.cpp:368] gyr saturation
W20250111 19:31:59.854475 1022177 ImuError.cpp:368] gyr saturation
W20250111 19:31:59.854485 1022177 ImuError.cpp:368] gyr saturation
W20250111 19:31:59.854496 1022177 ImuError.cpp:368] gyr saturation
W20250111 19:31:59.854506 1022177 ImuError.cpp:368] gyr saturation
W20250111 19:31:59.854517 1022177 ImuError.cpp:368] gyr saturation
W20250111 19:31:59.854528 1022177 ImuError.cpp:368] gyr saturation
W20250111 19:31:59.854538 1022177 ImuError.cpp:368] gyr saturation
W20250111 19:31:59.854549 1022177 ImuError.cpp:368] gyr saturation
W20250111 19:31:59.854560 1022177 ImuError.cpp:368] gyr saturation
W20250111 19:31:59.854570 1022177 ImuError.cpp:368] gyr saturation
W20250111 19:31:59.854581 1022177 ImuError.cpp:368] gyr saturation
W20250111 19:31:59.854593 1022177 ImuError.cpp:368] gyr saturation
W20250111 19:31:59.854604 1022177 ImuError.cpp:368] gyr saturation
W20250111 19:31:59.854614 1022177 ImuError.cpp:368] gyr saturation
W20250111 19:31:59.854624 1022177 ImuError.cpp:368] gyr saturation
W20250111 19:31:59.854640 1022177 ImuError.cpp:368] gyr saturation
W20250111 19:31:59.854652 1022177 ImuError.cpp:368] gyr saturation
W20250111 19:31:59.854662 1022177 ImuError.cpp:368] gyr saturation
W20250111 19:31:59.854673 1022177 ImuError.cpp:368] gyr saturation
W20250111 19:31:59.854684 1022177 ImuError.cpp:368] gyr saturation
W20250111 19:31:59.854696 1022177 ImuError.cpp:368] gyr saturation
W20250111 19:31:59.854707 1022177 ImuError.cpp:368] gyr saturation
W20250111 19:31:59.854717 1022177 ImuError.cpp:368] gyr saturation
W20250111 19:31:59.861800 1022177 ImuError.cpp:650] gyr saturation
W20250111 19:31:59.861860 1022177 ImuError.cpp:650] gyr saturation
W20250111 19:31:59.861868 1022177 ImuError.cpp:650] gyr saturation
W20250111 19:31:59.861874 1022177 ImuError.cpp:650] gyr saturation
W20250111 19:31:59.861882 1022177 ImuError.cpp:650] gyr saturation
W20250111 19:31:59.861887 1022177 ImuError.cpp:650] gyr saturation
W20250111 19:31:59.861893 1022177 ImuError.cpp:650] gyr saturation
W20250111 19:31:59.861902 1022177 ImuError.cpp:650] gyr saturation
W20250111 19:31:59.861910 1022177 ImuError.cpp:650] gyr saturation
W20250111 19:31:59.861915 1022177 ImuError.cpp:650] gyr saturation
W20250111 19:31:59.861925 1022177 ImuError.cpp:650] gyr saturation
W20250111 19:31:59.861932 1022177 ImuError.cpp:650] gyr saturation
W20250111 19:31:59.861937 1022177 ImuError.cpp:650] gyr saturation
W20250111 19:31:59.861944 1022177 ImuError.cpp:650] gyr saturation
W20250111 19:31:59.861949 1022177 ImuError.cpp:650] gyr saturation
W20250111 19:31:59.861956 1022177 ImuError.cpp:650] gyr saturation
W20250111 19:31:59.861963 1022177 ImuError.cpp:650] gyr saturation
W20250111 19:31:59.861968 1022177 ImuError.cpp:650] gyr saturation
W20250111 19:31:59.861974 1022177 ImuError.cpp:650] gyr saturation
W20250111 19:31:59.861980 1022177 ImuError.cpp:650] gyr saturation
W20250111 19:31:59.861986 1022177 ImuError.cpp:650] gyr saturation
W20250111 19:31:59.861992 1022177 ImuError.cpp:650] gyr saturation
W20250111 19:31:59.861999 1022177 ImuError.cpp:650] gyr saturation
W20250111 19:31:59.862004 1022177 ImuError.cpp:650] gyr saturation
W20250111 19:31:59.862011 1022177 ImuError.cpp:650] gyr saturation
W20250111 19:31:59.862017 1022177 ImuError.cpp:650] gyr saturation
W20250111 19:31:59.862022 1022177 ImuError.cpp:650] gyr saturation
W20250111 19:31:59.862030 1022177 ImuError.cpp:650] gyr saturation
W20250111 19:31:59.862035 1022177 ImuError.cpp:650] gyr saturation
W20250111 19:31:59.862040 1022177 ImuError.cpp:650] gyr saturation
W20250111 19:31:59.862061 1022177 ImuError.cpp:650] gyr saturation
W20250111 19:31:59.862068 1022177 ImuError.cpp:650] gyr saturation
W20250111 19:31:59.862075 1022177 ImuError.cpp:650] gyr saturation
W20250111 19:31:59.862082 1022177 ImuError.cpp:650] gyr saturation
W20250111 19:31:59.862087 1022177 ImuError.cpp:650] gyr saturation
W20250111 19:31:59.862093 1022177 ImuError.cpp:650] gyr saturation
W20250111 19:31:59.862099 1022177 ImuError.cpp:650] gyr saturation
W20250111 19:31:59.862105 1022177 ImuError.cpp:650] gyr saturation
W20250111 19:31:59.862112 1022177 ImuError.cpp:650] gyr saturation
W20250111 19:31:59.862118 1022177 ImuError.cpp:650] gyr saturation
W20250111 19:31:59.862124 1022177 ImuError.cpp:650] gyr saturation
W20250111 19:31:59.862129 1022177 ImuError.cpp:650] gyr saturation
W20250111 19:31:59.862136 1022177 ImuError.cpp:650] gyr saturation
W20250111 19:31:59.862141 1022177 ImuError.cpp:650] gyr saturation
W20250111 19:31:59.862147 1022177 ImuError.cpp:650] gyr saturation
W20250111 19:31:59.862154 1022177 ImuError.cpp:650] gyr saturation
W20250111 19:31:59.862159 1022177 ImuError.cpp:650] gyr saturation
W20250111 19:31:59.862165 1022177 ImuError.cpp:650] gyr saturation
W20250111 19:31:59.862171 1022177 ImuError.cpp:650] gyr saturation
W20250111 19:31:59.862177 1022177 ImuError.cpp:650] gyr saturation
W20250111 19:31:59.862182 1022177 ImuError.cpp:650] gyr saturation
W20250111 19:31:59.862187 1022177 ImuError.cpp:650] gyr saturation
W20250111 19:31:59.862193 1022177 ImuError.cpp:650] gyr saturation
W20250111 19:31:59.862198 1022177 ImuError.cpp:650] gyr saturation
W20250111 19:31:59.862205 1022177 ImuError.cpp:650] gyr saturation
W20250111 19:31:59.862210 1022177 ImuError.cpp:650] gyr saturation
W20250111 19:31:59.862215 1022177 ImuError.cpp:650] gyr saturation
W20250111 19:31:59.862221 1022177 ImuError.cpp:650] gyr saturation
W20250111 19:31:59.862227 1022177 ImuError.cpp:650] gyr saturation
W20250111 19:31:59.862233 1022177 ImuError.cpp:650] gyr saturation
W20250111 19:31:59.862238 1022177 ImuError.cpp:650] gyr saturation
W20250111 19:31:59.862246 1022177 ImuError.cpp:650] gyr saturation
W20250111 19:31:59.862251 1022177 ImuError.cpp:650] gyr saturation
W20250111 19:31:59.862257 1022177 ImuError.cpp:650] gyr saturation
W20250111 19:31:59.862262 1022177 ImuError.cpp:650] gyr saturation
W20250111 19:31:59.862268 1022177 ImuError.cpp:650] gyr saturation
W20250111 19:31:59.862274 1022177 ImuError.cpp:650] gyr saturation
W20250111 19:31:59.862280 1022177 ImuError.cpp:650] gyr saturation
W20250111 19:31:59.876268 1022177 ImuError.cpp:650] gyr saturation
W20250111 19:31:59.876319 1022177 ImuError.cpp:650] gyr saturation
W20250111 19:31:59.876327 1022177 ImuError.cpp:650] gyr saturation
W20250111 19:31:59.876331 1022177 ImuError.cpp:650] gyr saturation
W20250111 19:31:59.876339 1022177 ImuError.cpp:650] gyr saturation
W20250111 19:31:59.876344 1022177 ImuError.cpp:650] gyr saturation
W20250111 19:31:59.876353 1022177 ImuError.cpp:650] gyr saturation
W20250111 19:31:59.876358 1022177 ImuError.cpp:650] gyr saturation
W20250111 19:31:59.876365 1022177 ImuError.cpp:650] gyr saturation
W20250111 19:31:59.876372 1022177 ImuError.cpp:650] gyr saturation
W20250111 19:31:59.876379 1022177 ImuError.cpp:650] gyr saturation
W20250111 19:31:59.876384 1022177 ImuError.cpp:650] gyr saturation
W20250111 19:31:59.876389 1022177 ImuError.cpp:650] gyr saturation
W20250111 19:31:59.876396 1022177 ImuError.cpp:650] gyr saturation
W20250111 19:31:59.876401 1022177 ImuError.cpp:650] gyr saturation
W20250111 19:31:59.876407 1022177 ImuError.cpp:650] gyr saturation
W20250111 19:31:59.876413 1022177 ImuError.cpp:650] gyr saturation
W20250111 19:31:59.876420 1022177 ImuError.cpp:650] gyr saturation
W20250111 19:31:59.876425 1022177 ImuError.cpp:650] gyr saturation
W20250111 19:31:59.876431 1022177 ImuError.cpp:650] gyr saturation
W20250111 19:31:59.876437 1022177 ImuError.cpp:650] gyr saturation
W20250111 19:31:59.876443 1022177 ImuError.cpp:650] gyr saturation
W20250111 19:31:59.876449 1022177 ImuError.cpp:650] gyr saturation
W20250111 19:31:59.876466 1022177 ImuError.cpp:650] gyr saturation
W20250111 19:31:59.876473 1022177 ImuError.cpp:650] gyr saturation
W20250111 19:31:59.876482 1022177 ImuError.cpp:650] gyr saturation
W20250111 19:31:59.876487 1022177 ImuError.cpp:650] gyr saturation
W20250111 19:31:59.876492 1022177 ImuError.cpp:650] gyr saturation
W20250111 19:31:59.876498 1022177 ImuError.cpp:650] gyr saturation
W20250111 19:31:59.876505 1022177 ImuError.cpp:650] gyr saturation
W20250111 19:31:59.876510 1022177 ImuError.cpp:650] gyr saturation
W20250111 19:31:59.876515 1022177 ImuError.cpp:650] gyr saturation
W20250111 19:31:59.876521 1022177 ImuError.cpp:650] gyr saturation
W20250111 19:31:59.876528 1022177 ImuError.cpp:650] gyr saturation
W20250111 19:31:59.876758 1022177 ImuError.cpp:650] gyr saturation
W20250111 19:31:59.876768 1022177 ImuError.cpp:650] gyr saturation
W20250111 19:31:59.876773 1022177 ImuError.cpp:650] gyr saturation
W20250111 19:31:59.876780 1022177 ImuError.cpp:650] gyr saturation
W20250111 19:31:59.876786 1022177 ImuError.cpp:650] gyr saturation
W20250111 19:31:59.876792 1022177 ImuError.cpp:650] gyr saturation
W20250111 19:31:59.876798 1022177 ImuError.cpp:650] gyr saturation
W20250111 19:31:59.876803 1022177 ImuError.cpp:650] gyr saturation
W20250111 19:31:59.876809 1022177 ImuError.cpp:650] gyr saturation
W20250111 19:31:59.876816 1022177 ImuError.cpp:650] gyr saturation
W20250111 19:31:59.876820 1022177 ImuError.cpp:650] gyr saturation
W20250111 19:31:59.876825 1022177 ImuError.cpp:650] gyr saturation
W20250111 19:31:59.876832 1022177 ImuError.cpp:650] gyr saturation
W20250111 19:31:59.876837 1022177 ImuError.cpp:650] gyr saturation
W20250111 19:31:59.876842 1022177 ImuError.cpp:650] gyr saturation
W20250111 19:31:59.876847 1022177 ImuError.cpp:650] gyr saturation
W20250111 19:31:59.876853 1022177 ImuError.cpp:650] gyr saturation
W20250111 19:31:59.876859 1022177 ImuError.cpp:650] gyr saturation
W20250111 19:31:59.876865 1022177 ImuError.cpp:650] gyr saturation
W20250111 19:31:59.876870 1022177 ImuError.cpp:650] gyr saturation
W20250111 19:31:59.876876 1022177 ImuError.cpp:650] gyr saturation
W20250111 19:31:59.876883 1022177 ImuError.cpp:650] gyr saturation
W20250111 19:31:59.876888 1022177 ImuError.cpp:650] gyr saturation
W20250111 19:31:59.876894 1022177 ImuError.cpp:650] gyr saturation
W20250111 19:31:59.876900 1022177 ImuError.cpp:650] gyr saturation
W20250111 19:31:59.876905 1022177 ImuError.cpp:650] gyr saturation
W20250111 19:31:59.876911 1022177 ImuError.cpp:650] gyr saturation
W20250111 19:31:59.876917 1022177 ImuError.cpp:650] gyr saturation
W20250111 19:31:59.876922 1022177 ImuError.cpp:650] gyr saturation
W20250111 19:31:59.876929 1022177 ImuError.cpp:650] gyr saturation
W20250111 19:31:59.876935 1022177 ImuError.cpp:650] gyr saturation
W20250111 19:31:59.876941 1022177 ImuError.cpp:650] gyr saturation
W20250111 19:31:59.876947 1022177 ImuError.cpp:650] gyr saturation
W20250111 19:31:59.876952 1022177 ImuError.cpp:650] gyr saturation
W20250111 19:31:59.880693 1022177 ImuError.cpp:368] gyr saturation
W20250111 19:31:59.880764 1022177 ImuError.cpp:368] gyr saturation
W20250111 19:31:59.880777 1022177 ImuError.cpp:368] gyr saturation
W20250111 19:31:59.880789 1022177 ImuError.cpp:368] gyr saturation
W20250111 19:31:59.880801 1022177 ImuError.cpp:368] gyr saturation
W20250111 19:31:59.880812 1022177 ImuError.cpp:368] gyr saturation
W20250111 19:31:59.880824 1022177 ImuError.cpp:368] gyr saturation
W20250111 19:31:59.880836 1022177 ImuError.cpp:368] gyr saturation
W20250111 19:31:59.880847 1022177 ImuError.cpp:368] gyr saturation
W20250111 19:31:59.880860 1022177 ImuError.cpp:368] gyr saturation
W20250111 19:31:59.880872 1022177 ImuError.cpp:368] gyr saturation
W20250111 19:31:59.880882 1022177 ImuError.cpp:368] gyr saturation
W20250111 19:31:59.880894 1022177 ImuError.cpp:368] gyr saturation
W20250111 19:31:59.880905 1022177 ImuError.cpp:368] gyr saturation
W20250111 19:31:59.880918 1022177 ImuError.cpp:368] gyr saturation
W20250111 19:31:59.880928 1022177 ImuError.cpp:368] gyr saturation
W20250111 19:31:59.880954 1022177 ImuError.cpp:368] gyr saturation
W20250111 19:31:59.880966 1022177 ImuError.cpp:368] gyr saturation
W20250111 19:31:59.880980 1022177 ImuError.cpp:368] gyr saturation
W20250111 19:31:59.880990 1022177 ImuError.cpp:368] gyr saturation
W20250111 19:31:59.881002 1022177 ImuError.cpp:368] gyr saturation
W20250111 19:31:59.881013 1022177 ImuError.cpp:368] gyr saturation
W20250111 19:31:59.881026 1022177 ImuError.cpp:368] gyr saturation
W20250111 19:31:59.881036 1022177 ImuError.cpp:368] gyr saturation
W20250111 19:31:59.881047 1022177 ImuError.cpp:368] gyr saturation
W20250111 19:31:59.881058 1022177 ImuError.cpp:368] gyr saturation
W20250111 19:31:59.881069 1022177 ImuError.cpp:368] gyr saturation
W20250111 19:31:59.881080 1022177 ImuError.cpp:368] gyr saturation
W20250111 19:31:59.881093 1022177 ImuError.cpp:368] gyr saturation
W20250111 19:31:59.881103 1022177 ImuError.cpp:368] gyr saturation
W20250111 19:31:59.881114 1022177 ImuError.cpp:368] gyr saturation
W20250111 19:31:59.881125 1022177 ImuError.cpp:368] gyr saturation
W20250111 19:31:59.881137 1022177 ImuError.cpp:368] gyr saturation
W20250111 19:31:59.881148 1022177 ImuError.cpp:368] gyr saturation
W20250111 19:31:59.885526 1022177 Frontend.cpp:612] 3d2d tracking weak: quality=0. Number of 3d2d-matches: 7
W20250111 19:31:59.887768 1022177 ImuError.cpp:650] gyr saturation
W20250111 19:31:59.887817 1022177 ImuError.cpp:650] gyr saturation
W20250111 19:31:59.887825 1022177 ImuError.cpp:650] gyr saturation
W20250111 19:31:59.887831 1022177 ImuError.cpp:650] gyr saturation
W20250111 19:31:59.887836 1022177 ImuError.cpp:650] gyr saturation
W20250111 19:31:59.887842 1022177 ImuError.cpp:650] gyr saturation
W20250111 19:31:59.887848 1022177 ImuError.cpp:650] gyr saturation
W20250111 19:31:59.887854 1022177 ImuError.cpp:650] gyr saturation
W20250111 19:31:59.887861 1022177 ImuError.cpp:650] gyr saturation
W20250111 19:31:59.887866 1022177 ImuError.cpp:650] gyr saturation
W20250111 19:31:59.887871 1022177 ImuError.cpp:650] gyr saturation
W20250111 19:31:59.887876 1022177 ImuError.cpp:650] gyr saturation
W20250111 19:31:59.887881 1022177 ImuError.cpp:650] gyr saturation
W20250111 19:31:59.887887 1022177 ImuError.cpp:650] gyr saturation
W20250111 19:31:59.887892 1022177 ImuError.cpp:650] gyr saturation
W20250111 19:31:59.887897 1022177 ImuError.cpp:650] gyr saturation
W20250111 19:31:59.887902 1022177 ImuError.cpp:650] gyr saturation
W20250111 19:31:59.887907 1022177 ImuError.cpp:650] gyr saturation
W20250111 19:31:59.887912 1022177 ImuError.cpp:650] gyr saturation
W20250111 19:31:59.887917 1022177 ImuError.cpp:650] gyr saturation
W20250111 19:31:59.887923 1022177 ImuError.cpp:650] gyr saturation
W20250111 19:31:59.887928 1022177 ImuError.cpp:650] gyr saturation
W20250111 19:31:59.887933 1022177 ImuError.cpp:650] gyr saturation
W20250111 19:31:59.887938 1022177 ImuError.cpp:650] gyr saturation
W20250111 19:31:59.887943 1022177 ImuError.cpp:650] gyr saturation
W20250111 19:31:59.887946 1022177 ImuError.cpp:650] gyr saturation
W20250111 19:31:59.887952 1022177 ImuError.cpp:650] gyr saturation
W20250111 19:31:59.887957 1022177 ImuError.cpp:650] gyr saturation
W20250111 19:31:59.887962 1022177 ImuError.cpp:650] gyr saturation
W20250111 19:31:59.887967 1022177 ImuError.cpp:650] gyr saturation
W20250111 19:31:59.887972 1022177 ImuError.cpp:650] gyr saturation
W20250111 19:31:59.887977 1022177 ImuError.cpp:650] gyr saturation
W20250111 19:31:59.887982 1022177 ImuError.cpp:650] gyr saturation
W20250111 19:31:59.887987 1022177 ImuError.cpp:650] gyr saturation
W20250111 19:31:59.887992 1022177 ImuError.cpp:650] gyr saturation
W20250111 19:31:59.887998 1022177 ImuError.cpp:650] gyr saturation
W20250111 19:31:59.888002 1022177 ImuError.cpp:650] gyr saturation
W20250111 19:31:59.888008 1022177 ImuError.cpp:650] gyr saturation
W20250111 19:31:59.888012 1022177 ImuError.cpp:650] gyr saturation
W20250111 19:31:59.888018 1022177 ImuError.cpp:650] gyr saturation
W20250111 19:31:59.888023 1022177 ImuError.cpp:650] gyr saturation
W20250111 19:31:59.888028 1022177 ImuError.cpp:650] gyr saturation
W20250111 19:31:59.888046 1022177 ImuError.cpp:650] gyr saturation
W20250111 19:31:59.888054 1022177 ImuError.cpp:650] gyr saturation
W20250111 19:31:59.888067 1022177 ImuError.cpp:650] gyr saturation
W20250111 19:31:59.888073 1022177 ImuError.cpp:650] gyr saturation
W20250111 19:31:59.888078 1022177 ImuError.cpp:650] gyr saturation
W20250111 19:31:59.888083 1022177 ImuError.cpp:650] gyr saturation
W20250111 19:31:59.888089 1022177 ImuError.cpp:650] gyr saturation
W20250111 19:31:59.888095 1022177 ImuError.cpp:650] gyr saturation
W20250111 19:31:59.888100 1022177 ImuError.cpp:650] gyr saturation
W20250111 19:31:59.888105 1022177 ImuError.cpp:650] gyr saturation
W20250111 19:31:59.888111 1022177 ImuError.cpp:650] gyr saturation
W20250111 19:31:59.888116 1022177 ImuError.cpp:650] gyr saturation
W20250111 19:31:59.888123 1022177 ImuError.cpp:650] gyr saturation
W20250111 19:31:59.888127 1022177 ImuError.cpp:650] gyr saturation
W20250111 19:31:59.888132 1022177 ImuError.cpp:650] gyr saturation
W20250111 19:31:59.888137 1022177 ImuError.cpp:650] gyr saturation
W20250111 19:31:59.888144 1022177 ImuError.cpp:650] gyr saturation
W20250111 19:31:59.888149 1022177 ImuError.cpp:650] gyr saturation
W20250111 19:31:59.888154 1022177 ImuError.cpp:650] gyr saturation
W20250111 19:31:59.888159 1022177 ImuError.cpp:650] gyr saturation
W20250111 19:31:59.888164 1022177 ImuError.cpp:650] gyr saturation
W20250111 19:31:59.888170 1022177 ImuError.cpp:650] gyr saturation
W20250111 19:31:59.888176 1022177 ImuError.cpp:650] gyr saturation
W20250111 19:31:59.888181 1022177 ImuError.cpp:650] gyr saturation
W20250111 19:31:59.888186 1022177 ImuError.cpp:650] gyr saturation
W20250111 19:31:59.888191 1022177 ImuError.cpp:650] gyr saturation
W20250111 19:31:59.899709 1233824 ViSlamBackend.cpp:466] TRACKING FAILURE: quality=0
W20250111 19:31:59.900866 1022177 ImuError.cpp:650] gyr saturation
W20250111 19:31:59.900918 1022177 ImuError.cpp:650] gyr saturation
W20250111 19:31:59.900925 1022177 ImuError.cpp:650] gyr saturation
W20250111 19:31:59.900930 1022177 ImuError.cpp:650] gyr saturation
W20250111 19:31:59.900938 1022177 ImuError.cpp:650] gyr saturation
W20250111 19:31:59.900943 1022177 ImuError.cpp:650] gyr saturation
W20250111 19:31:59.900949 1022177 ImuError.cpp:650] gyr saturation
W20250111 19:31:59.900955 1022177 ImuError.cpp:650] gyr saturation
W20250111 19:31:59.900961 1022177 ImuError.cpp:650] gyr saturation
W20250111 19:31:59.900966 1022177 ImuError.cpp:650] gyr saturation
W20250111 19:31:59.900972 1022177 ImuError.cpp:650] gyr saturation
W20250111 19:31:59.900980 1022177 ImuError.cpp:650] gyr saturation
W20250111 19:31:59.900986 1022177 ImuError.cpp:650] gyr saturation
W20250111 19:31:59.900992 1022177 ImuError.cpp:650] gyr saturation
W20250111 19:31:59.900998 1022177 ImuError.cpp:650] gyr saturation
W20250111 19:31:59.901005 1022177 ImuError.cpp:650] gyr saturation
W20250111 19:31:59.901011 1022177 ImuError.cpp:650] gyr saturation
W20250111 19:31:59.901019 1022177 ImuError.cpp:650] gyr saturation
W20250111 19:31:59.901024 1022177 ImuError.cpp:650] gyr saturation
W20250111 19:31:59.901031 1022177 ImuError.cpp:650] gyr saturation
W20250111 19:31:59.901037 1022177 ImuError.cpp:650] gyr saturation
W20250111 19:31:59.901042 1022177 ImuError.cpp:650] gyr saturation
W20250111 19:31:59.901048 1022177 ImuError.cpp:650] gyr saturation
W20250111 19:31:59.901054 1022177 ImuError.cpp:650] gyr saturation
W20250111 19:31:59.901062 1022177 ImuError.cpp:650] gyr saturation
W20250111 19:31:59.901067 1022177 ImuError.cpp:650] gyr saturation
W20250111 19:31:59.901073 1022177 ImuError.cpp:650] gyr saturation
W20250111 19:31:59.901079 1022177 ImuError.cpp:650] gyr saturation
W20250111 19:31:59.901085 1022177 ImuError.cpp:650] gyr saturation
W20250111 19:31:59.901091 1022177 ImuError.cpp:650] gyr saturation
W20250111 19:31:59.901098 1022177 ImuError.cpp:650] gyr saturation
W20250111 19:31:59.901104 1022177 ImuError.cpp:650] gyr saturation
W20250111 19:31:59.901110 1022177 ImuError.cpp:650] gyr saturation
W20250111 19:31:59.901116 1022177 ImuError.cpp:650] gyr saturation
W20250111 19:31:59.901137 1022177 ImuError.cpp:650] gyr saturation
W20250111 19:31:59.901368 1022177 ImuError.cpp:650] gyr saturation
W20250111 19:31:59.901383 1022177 ImuError.cpp:650] gyr saturation
W20250111 19:31:59.901391 1022177 ImuError.cpp:650] gyr saturation
W20250111 19:31:59.901397 1022177 ImuError.cpp:650] gyr saturation
W20250111 19:31:59.901403 1022177 ImuError.cpp:650] gyr saturation
W20250111 19:31:59.901408 1022177 ImuError.cpp:650] gyr saturation
W20250111 19:31:59.901414 1022177 ImuError.cpp:650] gyr saturation
W20250111 19:31:59.901420 1022177 ImuError.cpp:650] gyr saturation
W20250111 19:31:59.901427 1022177 ImuError.cpp:650] gyr saturation
W20250111 19:31:59.901433 1022177 ImuError.cpp:650] gyr saturation
W20250111 19:31:59.901439 1022177 ImuError.cpp:650] gyr saturation
W20250111 19:31:59.901445 1022177 ImuError.cpp:650] gyr saturation
W20250111 19:31:59.901451 1022177 ImuError.cpp:650] gyr saturation
W20250111 19:31:59.901458 1022177 ImuError.cpp:650] gyr saturation
W20250111 19:31:59.901461 1022177 ImuError.cpp:650] gyr saturation
W20250111 19:31:59.901466 1022177 ImuError.cpp:650] gyr saturation
W20250111 19:31:59.901470 1022177 ImuError.cpp:650] gyr saturation
W20250111 19:31:59.901474 1022177 ImuError.cpp:650] gyr saturation
W20250111 19:31:59.901479 1022177 ImuError.cpp:650] gyr saturation
W20250111 19:31:59.901484 1022177 ImuError.cpp:650] gyr saturation
W20250111 19:31:59.901487 1022177 ImuError.cpp:650] gyr saturation
W20250111 19:31:59.901491 1022177 ImuError.cpp:650] gyr saturation
W20250111 19:31:59.901496 1022177 ImuError.cpp:650] gyr saturation
W20250111 19:31:59.901500 1022177 ImuError.cpp:650] gyr saturation
W20250111 19:31:59.901504 1022177 ImuError.cpp:650] gyr saturation
W20250111 19:31:59.901510 1022177 ImuError.cpp:650] gyr saturation
W20250111 19:31:59.901513 1022177 ImuError.cpp:650] gyr saturation
W20250111 19:31:59.901517 1022177 ImuError.cpp:650] gyr saturation
W20250111 19:31:59.901521 1022177 ImuError.cpp:650] gyr saturation
W20250111 19:31:59.901526 1022177 ImuError.cpp:650] gyr saturation
W20250111 19:31:59.901530 1022177 ImuError.cpp:650] gyr saturation
W20250111 19:31:59.901535 1022177 ImuError.cpp:650] gyr saturation
W20250111 19:31:59.901539 1022177 ImuError.cpp:650] gyr saturation
W20250111 19:31:59.901543 1022177 ImuError.cpp:650] gyr saturation
W20250111 19:31:59.901547 1022177 ImuError.cpp:650] gyr saturation
W20250111 19:31:59.902237 1022177 Frontend.cpp:615] 3d2d tracking lost. Number of 3d2d-matches: 1
W20250111 19:31:59.903764 1022177 ImuError.cpp:650] gyr saturation
W20250111 19:31:59.903805 1022177 ImuError.cpp:650] gyr saturation
W20250111 19:31:59.903813 1022177 ImuError.cpp:650] gyr saturation
W20250111 19:31:59.903821 1022177 ImuError.cpp:650] gyr saturation
W20250111 19:31:59.903827 1022177 ImuError.cpp:650] gyr saturation
W20250111 19:31:59.903833 1022177 ImuError.cpp:650] gyr saturation
W20250111 19:31:59.903838 1022177 ImuError.cpp:650] gyr saturation
W20250111 19:31:59.903844 1022177 ImuError.cpp:650] gyr saturation
W20250111 19:31:59.903851 1022177 ImuError.cpp:650] gyr saturation
W20250111 19:31:59.903858 1022177 ImuError.cpp:650] gyr saturation
W20250111 19:31:59.903864 1022177 ImuError.cpp:650] gyr saturation
W20250111 19:31:59.903870 1022177 ImuError.cpp:650] gyr saturation
W20250111 19:31:59.903877 1022177 ImuError.cpp:650] gyr saturation
W20250111 19:31:59.903883 1022177 ImuError.cpp:650] gyr saturation
W20250111 19:31:59.903888 1022177 ImuError.cpp:650] gyr saturation
W20250111 19:31:59.903894 1022177 ImuError.cpp:650] gyr saturation
W20250111 19:31:59.903901 1022177 ImuError.cpp:650] gyr saturation
W20250111 19:31:59.903906 1022177 ImuError.cpp:650] gyr saturation
W20250111 19:31:59.903913 1022177 ImuError.cpp:650] gyr saturation
W20250111 19:31:59.903919 1022177 ImuError.cpp:650] gyr saturation
W20250111 19:31:59.903925 1022177 ImuError.cpp:650] gyr saturation
W20250111 19:31:59.903932 1022177 ImuError.cpp:650] gyr saturation
W20250111 19:31:59.903939 1022177 ImuError.cpp:650] gyr saturation
W20250111 19:31:59.903956 1022177 ImuError.cpp:650] gyr saturation
W20250111 19:31:59.903964 1022177 ImuError.cpp:650] gyr saturation
W20250111 19:31:59.903972 1022177 ImuError.cpp:650] gyr saturation
W20250111 19:31:59.903982 1022177 ImuError.cpp:650] gyr saturation
W20250111 19:31:59.903986 1022177 ImuError.cpp:650] gyr saturation
W20250111 19:31:59.903993 1022177 ImuError.cpp:650] gyr saturation
W20250111 19:31:59.903998 1022177 ImuError.cpp:650] gyr saturation
W20250111 19:31:59.904004 1022177 ImuError.cpp:650] gyr saturation
W20250111 19:31:59.904011 1022177 ImuError.cpp:650] gyr saturation
W20250111 19:31:59.904016 1022177 ImuError.cpp:650] gyr saturation
W20250111 19:31:59.904022 1022177 ImuError.cpp:650] gyr saturation
W20250111 19:31:59.904028 1022177 ImuError.cpp:650] gyr saturation
W20250111 19:31:59.904034 1022177 ImuError.cpp:650] gyr saturation
W20250111 19:31:59.904040 1022177 ImuError.cpp:650] gyr saturation
W20250111 19:31:59.904045 1022177 ImuError.cpp:650] gyr saturation
W20250111 19:31:59.904052 1022177 ImuError.cpp:650] gyr saturation
W20250111 19:31:59.904057 1022177 ImuError.cpp:650] gyr saturation
W20250111 19:31:59.904063 1022177 ImuError.cpp:650] gyr saturation
W20250111 19:31:59.904069 1022177 ImuError.cpp:650] gyr saturation
W20250111 19:31:59.904074 1022177 ImuError.cpp:650] gyr saturation
W20250111 19:31:59.904081 1022177 ImuError.cpp:650] gyr saturation
W20250111 19:31:59.904086 1022177 ImuError.cpp:650] gyr saturation
W20250111 19:31:59.904093 1022177 ImuError.cpp:650] gyr saturation
W20250111 19:31:59.904098 1022177 ImuError.cpp:650] gyr saturation
W20250111 19:31:59.904102 1022177 ImuError.cpp:650] gyr saturation
W20250111 19:31:59.904999 1233866 ImuError.cpp:368] gyr saturation
W20250111 19:31:59.905040 1233866 ImuError.cpp:368] gyr saturation
W20250111 19:31:59.905050 1233866 ImuError.cpp:368] gyr saturation
W20250111 19:31:59.905057 1233866 ImuError.cpp:368] gyr saturation
W20250111 19:31:59.905066 1233866 ImuError.cpp:368] gyr saturation
W20250111 19:31:59.905072 1233866 ImuError.cpp:368] gyr saturation
W20250111 19:31:59.905081 1233866 ImuError.cpp:368] gyr saturation
W20250111 19:31:59.905088 1233866 ImuError.cpp:368] gyr saturation
W20250111 19:31:59.905095 1233866 ImuError.cpp:368] gyr saturation
W20250111 19:31:59.905103 1233866 ImuError.cpp:368] gyr saturation
W20250111 19:31:59.905112 1233866 ImuError.cpp:368] gyr saturation
W20250111 19:31:59.905118 1233866 ImuError.cpp:368] gyr saturation
W20250111 19:31:59.905128 1233866 ImuError.cpp:368] gyr saturation
W20250111 19:31:59.905135 1233866 ImuError.cpp:368] gyr saturation
W20250111 19:31:59.905143 1233866 ImuError.cpp:368] gyr saturation
W20250111 19:31:59.905150 1233866 ImuError.cpp:368] gyr saturation
W20250111 19:31:59.905158 1233866 ImuError.cpp:368] gyr saturation
W20250111 19:31:59.905165 1233866 ImuError.cpp:368] gyr saturation
W20250111 19:31:59.905172 1233866 ImuError.cpp:368] gyr saturation
W20250111 19:31:59.905180 1233866 ImuError.cpp:368] gyr saturation
W20250111 19:31:59.905189 1233866 ImuError.cpp:368] gyr saturation
W20250111 19:31:59.905195 1233866 ImuError.cpp:368] gyr saturation
W20250111 19:31:59.905203 1233866 ImuError.cpp:368] gyr saturation
W20250111 19:31:59.905210 1233866 ImuError.cpp:368] gyr saturation
W20250111 19:31:59.905218 1233866 ImuError.cpp:368] gyr saturation
W20250111 19:31:59.905225 1233866 ImuError.cpp:368] gyr saturation
W20250111 19:31:59.905233 1233866 ImuError.cpp:368] gyr saturation
W20250111 19:31:59.905241 1233866 ImuError.cpp:368] gyr saturation
W20250111 19:31:59.905248 1233866 ImuError.cpp:368] gyr saturation
W20250111 19:31:59.905256 1233866 ImuError.cpp:368] gyr saturation
W20250111 19:31:59.905263 1233866 ImuError.cpp:368] gyr saturation
W20250111 19:31:59.905272 1233866 ImuError.cpp:368] gyr saturation
W20250111 19:31:59.905278 1233866 ImuError.cpp:368] gyr saturation
W20250111 19:31:59.905285 1233866 ImuError.cpp:368] gyr saturation
W20250111 19:31:59.905293 1233866 ImuError.cpp:368] gyr saturation
W20250111 19:31:59.916515 1233866 ViSlamBackend.cpp:466] TRACKING FAILURE: quality=0
W20250111 19:31:59.916846 1233866 ImuError.cpp:165] gyr saturation
W20250111 19:31:59.916862 1233866 ImuError.cpp:165] gyr saturation
W20250111 19:31:59.916872 1233866 ImuError.cpp:165] gyr saturation
W20250111 19:31:59.916879 1233866 ImuError.cpp:165] gyr saturation
W20250111 19:31:59.916887 1233866 ImuError.cpp:165] gyr saturation
W20250111 19:31:59.916894 1233866 ImuError.cpp:165] gyr saturation
W20250111 19:31:59.916903 1233866 ImuError.cpp:165] gyr saturation
W20250111 19:31:59.916909 1233866 ImuError.cpp:165] gyr saturation
W20250111 19:31:59.916918 1233866 ImuError.cpp:165] gyr saturation
W20250111 19:31:59.916925 1233866 ImuError.cpp:165] gyr saturation
W20250111 19:31:59.916932 1233866 ImuError.cpp:165] gyr saturation
W20250111 19:31:59.916939 1233866 ImuError.cpp:165] gyr saturation
W20250111 19:31:59.916947 1233866 ImuError.cpp:165] gyr saturation
W20250111 19:31:59.916954 1233866 ImuError.cpp:165] gyr saturation
W20250111 19:31:59.916962 1233866 ImuError.cpp:165] gyr saturation
W20250111 19:31:59.916970 1233866 ImuError.cpp:165] gyr saturation
W20250111 19:31:59.916977 1233866 ImuError.cpp:165] gyr saturation
W20250111 19:31:59.916985 1233866 ImuError.cpp:165] gyr saturation
W20250111 19:31:59.916992 1233866 ImuError.cpp:165] gyr saturation
W20250111 19:31:59.916999 1233866 ImuError.cpp:165] gyr saturation
W20250111 19:31:59.917007 1233866 ImuError.cpp:165] gyr saturation
W20250111 19:31:59.917014 1233866 ImuError.cpp:165] gyr saturation
W20250111 19:31:59.917022 1233866 ImuError.cpp:165] gyr saturation
W20250111 19:31:59.917029 1233866 ImuError.cpp:165] gyr saturation
W20250111 19:31:59.917037 1233866 ImuError.cpp:165] gyr saturation
W20250111 19:31:59.917044 1233866 ImuError.cpp:165] gyr saturation
W20250111 19:31:59.917052 1233866 ImuError.cpp:165] gyr saturation
W20250111 19:31:59.917059 1233866 ImuError.cpp:165] gyr saturation
W20250111 19:31:59.917066 1233866 ImuError.cpp:165] gyr saturation
W20250111 19:31:59.917074 1233866 ImuError.cpp:165] gyr saturation
W20250111 19:31:59.917081 1233866 ImuError.cpp:165] gyr saturation
W20250111 19:31:59.917089 1233866 ImuError.cpp:165] gyr saturation
W20250111 19:31:59.917096 1233866 ImuError.cpp:165] gyr saturation
W20250111 19:31:59.917104 1233866 ImuError.cpp:165] gyr saturation
W20250111 19:31:59.917111 1233866 ImuError.cpp:165] gyr saturation
W20250111 19:31:59.917277 1233866 ImuError.cpp:165] gyr saturation
W20250111 19:31:59.917286 1233866 ImuError.cpp:165] gyr saturation
W20250111 19:31:59.917294 1233866 ImuError.cpp:165] gyr saturation
W20250111 19:31:59.917304 1233866 ImuError.cpp:165] gyr saturation
W20250111 19:31:59.917312 1233866 ImuError.cpp:165] gyr saturation
W20250111 19:31:59.917321 1233866 ImuError.cpp:165] gyr saturation
W20250111 19:31:59.917330 1233866 ImuError.cpp:165] gyr saturation
W20250111 19:31:59.917340 1233866 ImuError.cpp:165] gyr saturation
W20250111 19:31:59.917348 1233866 ImuError.cpp:165] gyr saturation
W20250111 19:31:59.917357 1233866 ImuError.cpp:165] gyr saturation
W20250111 19:31:59.917366 1233866 ImuError.cpp:165] gyr saturation
W20250111 19:31:59.917375 1233866 ImuError.cpp:165] gyr saturation
W20250111 19:31:59.917383 1233866 ImuError.cpp:165] gyr saturation
W20250111 19:31:59.917392 1233866 ImuError.cpp:165] gyr saturation
W20250111 19:31:59.917402 1233866 ImuError.cpp:165] gyr saturation
W20250111 19:31:59.917410 1233866 ImuError.cpp:165] gyr saturation
W20250111 19:31:59.917419 1233866 ImuError.cpp:165] gyr saturation
W20250111 19:31:59.917428 1233866 ImuError.cpp:165] gyr saturation
W20250111 19:31:59.917436 1233866 ImuError.cpp:165] gyr saturation
W20250111 19:31:59.917445 1233866 ImuError.cpp:165] gyr saturation
W20250111 19:31:59.917454 1233866 ImuError.cpp:165] gyr saturation
W20250111 19:31:59.917464 1233866 ImuError.cpp:165] gyr saturation
W20250111 19:31:59.917472 1233866 ImuError.cpp:165] gyr saturation
W20250111 19:31:59.917481 1233866 ImuError.cpp:165] gyr saturation
W20250111 19:31:59.917490 1233866 ImuError.cpp:165] gyr saturation
W20250111 19:31:59.917498 1233866 ImuError.cpp:165] gyr saturation
W20250111 19:31:59.917511 1233866 ImuError.cpp:165] gyr saturation
W20250111 19:31:59.917520 1233866 ImuError.cpp:165] gyr saturation
W20250111 19:31:59.917531 1233866 ImuError.cpp:165] gyr saturation
W20250111 19:31:59.917539 1233866 ImuError.cpp:165] gyr saturation
W20250111 19:31:59.917548 1233866 ImuError.cpp:165] gyr saturation
W20250111 19:31:59.917557 1233866 ImuError.cpp:165] gyr saturation
W20250111 19:31:59.917567 1233866 ImuError.cpp:165] gyr saturation
W20250111 19:31:59.917575 1233866 ImuError.cpp:165] gyr saturation
W20250111 19:31:59.917584 1233866 ImuError.cpp:165] gyr saturation
W20250111 19:31:59.918203 1022177 ImuError.cpp:650] gyr saturation
W20250111 19:31:59.918268 1022177 ImuError.cpp:650] gyr saturation
W20250111 19:31:59.918274 1022177 ImuError.cpp:650] gyr saturation
W20250111 19:31:59.918287 1022177 ImuError.cpp:650] gyr saturation
W20250111 19:31:59.918291 1022177 ImuError.cpp:650] gyr saturation
W20250111 19:31:59.918298 1022177 ImuError.cpp:650] gyr saturation
W20250111 19:31:59.918303 1022177 ImuError.cpp:650] gyr saturation
W20250111 19:31:59.918309 1022177 ImuError.cpp:650] gyr saturation
W20250111 19:31:59.918315 1022177 ImuError.cpp:650] gyr saturation
W20250111 19:31:59.918321 1022177 ImuError.cpp:650] gyr saturation
W20250111 19:31:59.918329 1022177 ImuError.cpp:650] gyr saturation
W20250111 19:31:59.918334 1022177 ImuError.cpp:650] gyr saturation
W20250111 19:31:59.918340 1022177 ImuError.cpp:650] gyr saturation
W20250111 19:31:59.918346 1022177 ImuError.cpp:650] gyr saturation
W20250111 19:31:59.918510 1022177 ImuError.cpp:650] gyr saturation
W20250111 19:31:59.918519 1022177 ImuError.cpp:650] gyr saturation
W20250111 19:31:59.918525 1022177 ImuError.cpp:650] gyr saturation
W20250111 19:31:59.918532 1022177 ImuError.cpp:650] gyr saturation
W20250111 19:31:59.918540 1022177 ImuError.cpp:650] gyr saturation
W20250111 19:31:59.918545 1022177 ImuError.cpp:650] gyr saturation
W20250111 19:31:59.918551 1022177 ImuError.cpp:650] gyr saturation
W20250111 19:31:59.918558 1022177 ImuError.cpp:650] gyr saturation
W20250111 19:31:59.918565 1022177 ImuError.cpp:650] gyr saturation
W20250111 19:31:59.918571 1022177 ImuError.cpp:650] gyr saturation
W20250111 19:31:59.918576 1022177 ImuError.cpp:650] gyr saturation
W20250111 19:31:59.918582 1022177 ImuError.cpp:650] gyr saturation
W20250111 19:31:59.918588 1022177 ImuError.cpp:650] gyr saturation
W20250111 19:31:59.918594 1022177 ImuError.cpp:650] gyr saturation
W20250111 19:31:59.919420 1022177 Frontend.cpp:615] 3d2d tracking lost. Number of 3d2d-matches: 1
W20250111 19:31:59.920222 1022177 ImuError.cpp:650] gyr saturation
W20250111 19:31:59.920251 1022177 ImuError.cpp:650] gyr saturation
W20250111 19:31:59.920259 1022177 ImuError.cpp:650] gyr saturation
W20250111 19:31:59.920267 1022177 ImuError.cpp:650] gyr saturation
W20250111 19:31:59.920275 1022177 ImuError.cpp:650] gyr saturation
W20250111 19:31:59.920285 1022177 ImuError.cpp:650] gyr saturation
W20250111 19:31:59.920290 1022177 ImuError.cpp:650] gyr saturation
W20250111 19:31:59.920296 1022177 ImuError.cpp:650] gyr saturation
W20250111 19:31:59.920303 1022177 ImuError.cpp:650] gyr saturation
W20250111 19:31:59.920311 1022177 ImuError.cpp:650] gyr saturation
W20250111 19:31:59.920317 1022177 ImuError.cpp:650] gyr saturation
W20250111 19:31:59.920323 1022177 ImuError.cpp:650] gyr saturation
W20250111 19:31:59.920329 1022177 ImuError.cpp:650] gyr saturation
W20250111 19:31:59.920336 1022177 ImuError.cpp:650] gyr saturation
W20250111 19:31:59.921487 1233892 ImuError.cpp:368] gyr saturation
W20250111 19:31:59.921533 1233892 ImuError.cpp:368] gyr saturation
W20250111 19:31:59.921550 1233892 ImuError.cpp:368] gyr saturation
W20250111 19:31:59.921563 1233892 ImuError.cpp:368] gyr saturation
W20250111 19:31:59.921576 1233892 ImuError.cpp:368] gyr saturation
W20250111 19:31:59.921589 1233892 ImuError.cpp:368] gyr saturation
W20250111 19:31:59.921613 1233892 ImuError.cpp:368] gyr saturation
W20250111 19:31:59.921625 1233892 ImuError.cpp:368] gyr saturation
W20250111 19:31:59.921643 1233892 ImuError.cpp:368] gyr saturation
W20250111 19:31:59.921661 1233892 ImuError.cpp:368] gyr saturation
W20250111 19:31:59.921675 1233892 ImuError.cpp:368] gyr saturation
W20250111 19:31:59.921689 1233892 ImuError.cpp:368] gyr saturation
W20250111 19:31:59.921702 1233892 ImuError.cpp:368] gyr saturation
W20250111 19:31:59.921715 1233892 ImuError.cpp:368] gyr saturation
W20250111 19:31:59.934340 1233892 ViSlamBackend.cpp:466] TRACKING FAILURE: quality=0
W20250111 19:31:59.936625 1022177 Frontend.cpp:615] 3d2d tracking lost. Number of 3d2d-matches: 1
W20250111 19:31:59.950299 1233926 ImuError.cpp:165] gyr saturation
W20250111 19:31:59.950341 1233926 ImuError.cpp:165] gyr saturation
W20250111 19:31:59.950350 1233926 ImuError.cpp:165] gyr saturation
W20250111 19:31:59.950358 1233926 ImuError.cpp:165] gyr saturation
W20250111 19:31:59.950367 1233926 ImuError.cpp:165] gyr saturation
W20250111 19:31:59.950376 1233926 ImuError.cpp:165] gyr saturation
W20250111 19:31:59.950384 1233926 ImuError.cpp:165] gyr saturation
W20250111 19:31:59.950392 1233926 ImuError.cpp:165] gyr saturation
W20250111 19:31:59.950402 1233926 ImuError.cpp:165] gyr saturation
W20250111 19:31:59.950409 1233926 ImuError.cpp:165] gyr saturation
W20250111 19:31:59.950416 1233926 ImuError.cpp:165] gyr saturation
W20250111 19:31:59.950424 1233926 ImuError.cpp:165] gyr saturation
W20250111 19:31:59.950434 1233926 ImuError.cpp:165] gyr saturation
W20250111 19:31:59.950441 1233926 ImuError.cpp:165] gyr saturation
W20250111 19:31:59.950451 1233926 ImuError.cpp:165] gyr saturation
W20250111 19:31:59.950459 1233926 ImuError.cpp:165] gyr saturation
W20250111 19:31:59.950466 1233926 ImuError.cpp:165] gyr saturation
W20250111 19:31:59.950474 1233926 ImuError.cpp:165] gyr saturation
W20250111 19:31:59.950481 1233926 ImuError.cpp:165] gyr saturation
W20250111 19:31:59.950491 1233926 ImuError.cpp:165] gyr saturation
W20250111 19:31:59.950498 1233926 ImuError.cpp:165] gyr saturation
W20250111 19:31:59.950505 1233926 ImuError.cpp:165] gyr saturation
W20250111 19:31:59.950515 1233926 ImuError.cpp:165] gyr saturation
W20250111 19:31:59.950521 1233926 ImuError.cpp:165] gyr saturation
W20250111 19:31:59.950531 1233926 ImuError.cpp:165] gyr saturation
W20250111 19:31:59.950537 1233926 ImuError.cpp:165] gyr saturation
W20250111 19:31:59.950546 1233926 ImuError.cpp:165] gyr saturation
W20250111 19:31:59.950552 1233926 ImuError.cpp:165] gyr saturation
W20250111 19:31:59.950562 1233926 ImuError.cpp:165] gyr saturation
W20250111 19:31:59.950569 1233926 ImuError.cpp:165] gyr saturation
W20250111 19:31:59.950577 1233926 ImuError.cpp:165] gyr saturation
W20250111 19:31:59.950585 1233926 ImuError.cpp:165] gyr saturation
W20250111 19:31:59.950592 1233926 ImuError.cpp:165] gyr saturation
W20250111 19:31:59.950600 1233926 ImuError.cpp:165] gyr saturation
W20250111 19:31:59.950608 1233926 ImuError.cpp:165] gyr saturation
W20250111 19:31:59.950659 1233926 ImuError.cpp:165] gyr saturation
W20250111 19:31:59.950667 1233926 ImuError.cpp:165] gyr saturation
W20250111 19:31:59.950677 1233926 ImuError.cpp:165] gyr saturation
W20250111 19:31:59.950685 1233926 ImuError.cpp:165] gyr saturation
W20250111 19:31:59.950692 1233926 ImuError.cpp:165] gyr saturation
W20250111 19:31:59.950701 1233926 ImuError.cpp:165] gyr saturation
W20250111 19:31:59.950709 1233926 ImuError.cpp:165] gyr saturation
W20250111 19:31:59.950717 1233926 ImuError.cpp:165] gyr saturation
W20250111 19:31:59.950726 1233926 ImuError.cpp:165] gyr saturation
W20250111 19:31:59.950734 1233926 ImuError.cpp:165] gyr saturation
W20250111 19:31:59.950742 1233926 ImuError.cpp:165] gyr saturation
W20250111 19:31:59.950750 1233926 ImuError.cpp:165] gyr saturation
W20250111 19:31:59.950758 1233926 ImuError.cpp:165] gyr saturation
W20250111 19:31:59.950767 1233926 ImuError.cpp:165] gyr saturation
W20250111 19:31:59.950773 1233926 ImuError.cpp:165] gyr saturation
W20250111 19:31:59.950783 1233926 ImuError.cpp:165] gyr saturation
W20250111 19:31:59.950791 1233926 ImuError.cpp:165] gyr saturation
W20250111 19:31:59.950799 1233926 ImuError.cpp:165] gyr saturation
W20250111 19:31:59.950806 1233926 ImuError.cpp:165] gyr saturation
W20250111 19:31:59.950822 1233926 ImuError.cpp:165] gyr saturation
W20250111 19:31:59.950831 1233926 ImuError.cpp:165] gyr saturation
W20250111 19:31:59.950839 1233926 ImuError.cpp:165] gyr saturation
W20250111 19:31:59.950850 1233926 ImuError.cpp:165] gyr saturation
W20250111 19:31:59.950857 1233926 ImuError.cpp:165] gyr saturation
W20250111 19:31:59.950865 1233926 ImuError.cpp:165] gyr saturation
W20250111 19:31:59.950873 1233926 ImuError.cpp:165] gyr saturation
W20250111 19:31:59.950881 1233926 ImuError.cpp:165] gyr saturation
W20250111 19:31:59.950889 1233926 ImuError.cpp:165] gyr saturation
W20250111 19:31:59.950897 1233926 ImuError.cpp:165] gyr saturation
W20250111 19:31:59.950906 1233926 ImuError.cpp:165] gyr saturation
W20250111 19:31:59.950913 1233926 ImuError.cpp:165] gyr saturation
W20250111 19:31:59.950922 1233926 ImuError.cpp:165] gyr saturation
W20250111 19:31:59.950929 1233926 ImuError.cpp:165] gyr saturation
W20250111 19:31:59.950937 1233926 ImuError.cpp:165] gyr saturation
W20250111 19:31:59.950947 1233926 ImuError.cpp:165] gyr saturation
W20250111 19:31:59.972590 1233960 ImuError.cpp:165] gyr saturation
W20250111 19:31:59.972646 1233960 ImuError.cpp:165] gyr saturation
W20250111 19:31:59.972657 1233960 ImuError.cpp:165] gyr saturation
W20250111 19:31:59.972666 1233960 ImuError.cpp:165] gyr saturation
W20250111 19:31:59.972673 1233960 ImuError.cpp:165] gyr saturation
W20250111 19:31:59.972681 1233960 ImuError.cpp:165] gyr saturation
W20250111 19:31:59.972690 1233960 ImuError.cpp:165] gyr saturation
W20250111 19:31:59.972699 1233960 ImuError.cpp:165] gyr saturation
W20250111 19:31:59.972707 1233960 ImuError.cpp:165] gyr saturation
W20250111 19:31:59.972715 1233960 ImuError.cpp:165] gyr saturation
W20250111 19:31:59.972723 1233960 ImuError.cpp:165] gyr saturation
W20250111 19:31:59.972731 1233960 ImuError.cpp:165] gyr saturation
W20250111 19:31:59.972739 1233960 ImuError.cpp:165] gyr saturation
W20250111 19:31:59.972747 1233960 ImuError.cpp:165] gyr saturation
W20250111 19:31:59.972874 1233960 ImuError.cpp:165] gyr saturation
W20250111 19:31:59.972883 1233960 ImuError.cpp:165] gyr saturation
W20250111 19:31:59.972891 1233960 ImuError.cpp:165] gyr saturation
W20250111 19:31:59.972899 1233960 ImuError.cpp:165] gyr saturation
W20250111 19:31:59.972908 1233960 ImuError.cpp:165] gyr saturation
W20250111 19:31:59.972915 1233960 ImuError.cpp:165] gyr saturation
W20250111 19:31:59.972923 1233960 ImuError.cpp:165] gyr saturation
W20250111 19:31:59.972930 1233960 ImuError.cpp:165] gyr saturation
W20250111 19:31:59.972939 1233960 ImuError.cpp:165] gyr saturation
W20250111 19:31:59.972945 1233960 ImuError.cpp:165] gyr saturation
W20250111 19:31:59.972952 1233960 ImuError.cpp:165] gyr saturation
W20250111 19:31:59.972960 1233960 ImuError.cpp:165] gyr saturation
W20250111 19:31:59.972967 1233960 ImuError.cpp:165] gyr saturation
W20250111 19:31:59.972975 1233960 ImuError.cpp:165] gyr saturation
W20250111 19:32:00.061228 1022177 Frontend.cpp:612] 3d2d tracking weak: quality=0. Number of 3d2d-matches: 7
W20250111 19:32:00.075974 1234154 ViSlamBackend.cpp:466] TRACKING FAILURE: quality=0
W20250111 19:32:00.077811 1022177 Frontend.cpp:615] 3d2d tracking lost. Number of 3d2d-matches: 2
W20250111 19:32:00.078641 1022177 ImuError.cpp:650] gyr saturation
W20250111 19:32:00.078656 1022177 ImuError.cpp:650] gyr saturation
W20250111 19:32:00.078665 1022177 ImuError.cpp:650] gyr saturation
W20250111 19:32:00.078672 1022177 ImuError.cpp:650] gyr saturation
W20250111 19:32:00.078677 1022177 ImuError.cpp:650] gyr saturation
W20250111 19:32:00.078682 1022177 ImuError.cpp:650] gyr saturation
W20250111 19:32:00.078686 1022177 ImuError.cpp:650] gyr saturation
W20250111 19:32:00.078691 1022177 ImuError.cpp:650] gyr saturation
W20250111 19:32:00.078696 1022177 ImuError.cpp:650] gyr saturation
W20250111 19:32:00.078701 1022177 ImuError.cpp:650] gyr saturation
W20250111 19:32:00.078706 1022177 ImuError.cpp:650] gyr saturation
W20250111 19:32:00.078712 1022177 ImuError.cpp:650] gyr saturation
W20250111 19:32:00.078725 1022177 ImuError.cpp:650] gyr saturation
W20250111 19:32:00.078730 1022177 ImuError.cpp:650] gyr saturation
W20250111 19:32:00.078737 1022177 ImuError.cpp:650] gyr saturation
W20250111 19:32:00.090798 1234196 ViSlamBackend.cpp:466] TRACKING FAILURE: quality=0
W20250111 19:32:00.091842 1022177 ImuError.cpp:650] gyr saturation
W20250111 19:32:00.091861 1022177 ImuError.cpp:650] gyr saturation
W20250111 19:32:00.091864 1022177 ImuError.cpp:650] gyr saturation
W20250111 19:32:00.091868 1022177 ImuError.cpp:650] gyr saturation
W20250111 19:32:00.091871 1022177 ImuError.cpp:650] gyr saturation
W20250111 19:32:00.091876 1022177 ImuError.cpp:650] gyr saturation
W20250111 19:32:00.091881 1022177 ImuError.cpp:650] gyr saturation
W20250111 19:32:00.091884 1022177 ImuError.cpp:650] gyr saturation
W20250111 19:32:00.091888 1022177 ImuError.cpp:650] gyr saturation
W20250111 19:32:00.091892 1022177 ImuError.cpp:650] gyr saturation
W20250111 19:32:00.091894 1022177 ImuError.cpp:650] gyr saturation
W20250111 19:32:00.091905 1022177 ImuError.cpp:650] gyr saturation
W20250111 19:32:00.091908 1022177 ImuError.cpp:650] gyr saturation
W20250111 19:32:00.091912 1022177 ImuError.cpp:650] gyr saturation
W20250111 19:32:00.091917 1022177 ImuError.cpp:650] gyr saturation
W20250111 19:32:00.092010 1022177 ImuError.cpp:650] gyr saturation
W20250111 19:32:00.092016 1022177 ImuError.cpp:650] gyr saturation
W20250111 19:32:00.092018 1022177 ImuError.cpp:650] gyr saturation
W20250111 19:32:00.092023 1022177 ImuError.cpp:650] gyr saturation
W20250111 19:32:00.092027 1022177 ImuError.cpp:650] gyr saturation
W20250111 19:32:00.092031 1022177 ImuError.cpp:650] gyr saturation
W20250111 19:32:00.092036 1022177 ImuError.cpp:650] gyr saturation
W20250111 19:32:00.092041 1022177 ImuError.cpp:650] gyr saturation
W20250111 19:32:00.092043 1022177 ImuError.cpp:650] gyr saturation
W20250111 19:32:00.092048 1022177 ImuError.cpp:650] gyr saturation
W20250111 19:32:00.092051 1022177 ImuError.cpp:650] gyr saturation
W20250111 19:32:00.092054 1022177 ImuError.cpp:650] gyr saturation
W20250111 19:32:00.092058 1022177 ImuError.cpp:650] gyr saturation
W20250111 19:32:00.092062 1022177 ImuError.cpp:650] gyr saturation
W20250111 19:32:00.092065 1022177 ImuError.cpp:650] gyr saturation
W20250111 19:32:00.092149 1022177 Frontend.cpp:615] 3d2d tracking lost. Number of 3d2d-matches: 0
W20250111 19:32:00.092873 1022177 ImuError.cpp:650] gyr saturation
W20250111 19:32:00.092882 1022177 ImuError.cpp:650] gyr saturation
W20250111 19:32:00.092886 1022177 ImuError.cpp:650] gyr saturation
W20250111 19:32:00.092891 1022177 ImuError.cpp:650] gyr saturation
W20250111 19:32:00.092895 1022177 ImuError.cpp:650] gyr saturation
W20250111 19:32:00.092900 1022177 ImuError.cpp:650] gyr saturation
W20250111 19:32:00.092903 1022177 ImuError.cpp:650] gyr saturation
W20250111 19:32:00.092908 1022177 ImuError.cpp:650] gyr saturation
W20250111 19:32:00.092912 1022177 ImuError.cpp:650] gyr saturation
W20250111 19:32:00.092916 1022177 ImuError.cpp:650] gyr saturation
W20250111 19:32:00.092919 1022177 ImuError.cpp:650] gyr saturation
W20250111 19:32:00.092923 1022177 ImuError.cpp:650] gyr saturation
W20250111 19:32:00.092927 1022177 ImuError.cpp:650] gyr saturation
W20250111 19:32:00.092931 1022177 ImuError.cpp:650] gyr saturation
W20250111 19:32:00.092934 1022177 ImuError.cpp:650] gyr saturation
W20250111 19:32:00.092938 1022177 ImuError.cpp:650] gyr saturation
W20250111 19:32:00.092942 1022177 ImuError.cpp:650] gyr saturation
W20250111 19:32:00.092947 1022177 ImuError.cpp:650] gyr saturation
W20250111 19:32:00.092952 1022177 ImuError.cpp:650] gyr saturation
W20250111 19:32:00.092957 1022177 ImuError.cpp:650] gyr saturation
W20250111 19:32:00.092959 1022177 ImuError.cpp:650] gyr saturation
W20250111 19:32:00.092964 1022177 ImuError.cpp:650] gyr saturation
W20250111 19:32:00.092968 1022177 ImuError.cpp:650] gyr saturation
W20250111 19:32:00.092972 1022177 ImuError.cpp:650] gyr saturation
W20250111 19:32:00.092978 1022177 ImuError.cpp:650] gyr saturation
W20250111 19:32:00.092981 1022177 ImuError.cpp:650] gyr saturation
W20250111 19:32:00.092991 1022177 ImuError.cpp:650] gyr saturation
W20250111 19:32:00.092995 1022177 ImuError.cpp:650] gyr saturation
W20250111 19:32:00.093001 1022177 ImuError.cpp:650] gyr saturation
W20250111 19:32:00.093005 1022177 ImuError.cpp:650] gyr saturation
W20250111 19:32:00.093009 1022177 ImuError.cpp:650] gyr saturation
W20250111 19:32:00.093014 1022177 ImuError.cpp:650] gyr saturation
W20250111 19:32:00.093019 1022177 ImuError.cpp:650] gyr saturation
W20250111 19:32:00.093021 1022177 ImuError.cpp:650] gyr saturation
W20250111 19:32:00.093026 1022177 ImuError.cpp:650] gyr saturation
W20250111 19:32:00.093029 1022177 ImuError.cpp:650] gyr saturation
W20250111 19:32:00.093034 1022177 ImuError.cpp:650] gyr saturation
W20250111 19:32:00.093037 1022177 ImuError.cpp:650] gyr saturation
W20250111 19:32:00.093041 1022177 ImuError.cpp:650] gyr saturation
W20250111 19:32:00.093046 1022177 ImuError.cpp:650] gyr saturation
W20250111 19:32:00.093051 1022177 ImuError.cpp:650] gyr saturation
W20250111 19:32:00.093055 1022177 ImuError.cpp:650] gyr saturation
W20250111 19:32:00.093060 1022177 ImuError.cpp:650] gyr saturation
W20250111 19:32:00.093063 1022177 ImuError.cpp:650] gyr saturation
W20250111 19:32:00.093068 1022177 ImuError.cpp:650] gyr saturation
W20250111 19:32:00.093071 1022177 ImuError.cpp:650] gyr saturation
W20250111 19:32:00.093075 1022177 ImuError.cpp:650] gyr saturation
W20250111 19:32:00.093080 1022177 ImuError.cpp:650] gyr saturation
W20250111 19:32:00.093083 1022177 ImuError.cpp:650] gyr saturation
W20250111 19:32:00.095386 1022190 ImuError.cpp:368] gyr saturation
W20250111 19:32:00.095463 1022190 ImuError.cpp:368] gyr saturation
W20250111 19:32:00.095475 1022190 ImuError.cpp:368] gyr saturation
W20250111 19:32:00.095487 1022190 ImuError.cpp:368] gyr saturation
W20250111 19:32:00.095499 1022190 ImuError.cpp:368] gyr saturation
W20250111 19:32:00.095510 1022190 ImuError.cpp:368] gyr saturation
W20250111 19:32:00.095521 1022190 ImuError.cpp:368] gyr saturation
W20250111 19:32:00.095532 1022190 ImuError.cpp:368] gyr saturation
W20250111 19:32:00.095543 1022190 ImuError.cpp:368] gyr saturation
W20250111 19:32:00.095553 1022190 ImuError.cpp:368] gyr saturation
W20250111 19:32:00.095564 1022190 ImuError.cpp:368] gyr saturation
W20250111 19:32:00.095575 1022190 ImuError.cpp:368] gyr saturation
W20250111 19:32:00.095587 1022190 ImuError.cpp:368] gyr saturation
W20250111 19:32:00.095597 1022190 ImuError.cpp:368] gyr saturation
W20250111 19:32:00.095607 1022190 ImuError.cpp:368] gyr saturation
W20250111 19:32:00.099907 1234222 ViSlamBackend.cpp:466] TRACKING FAILURE: quality=0
W20250111 19:32:00.100855 1022177 ImuError.cpp:650] gyr saturation
W20250111 19:32:00.100878 1022177 ImuError.cpp:650] gyr saturation
W20250111 19:32:00.100883 1022177 ImuError.cpp:650] gyr saturation
W20250111 19:32:00.100888 1022177 ImuError.cpp:650] gyr saturation
W20250111 19:32:00.100893 1022177 ImuError.cpp:650] gyr saturation
W20250111 19:32:00.100898 1022177 ImuError.cpp:650] gyr saturation
W20250111 19:32:00.100901 1022177 ImuError.cpp:650] gyr saturation
W20250111 19:32:00.100905 1022177 ImuError.cpp:650] gyr saturation
W20250111 19:32:00.100910 1022177 ImuError.cpp:650] gyr saturation
W20250111 19:32:00.100916 1022177 ImuError.cpp:650] gyr saturation
W20250111 19:32:00.100922 1022177 ImuError.cpp:650] gyr saturation
W20250111 19:32:00.100927 1022177 ImuError.cpp:650] gyr saturation
W20250111 19:32:00.100931 1022177 ImuError.cpp:650] gyr saturation
W20250111 19:32:00.100936 1022177 ImuError.cpp:650] gyr saturation
W20250111 19:32:00.100939 1022177 ImuError.cpp:650] gyr saturation
W20250111 19:32:00.100943 1022177 ImuError.cpp:650] gyr saturation
W20250111 19:32:00.100948 1022177 ImuError.cpp:650] gyr saturation
W20250111 19:32:00.100952 1022177 ImuError.cpp:650] gyr saturation
W20250111 19:32:00.100958 1022177 ImuError.cpp:650] gyr saturation
W20250111 19:32:00.100963 1022177 ImuError.cpp:650] gyr saturation
W20250111 19:32:00.100967 1022177 ImuError.cpp:650] gyr saturation
W20250111 19:32:00.100971 1022177 ImuError.cpp:650] gyr saturation
W20250111 19:32:00.100980 1022177 ImuError.cpp:650] gyr saturation
W20250111 19:32:00.100986 1022177 ImuError.cpp:650] gyr saturation
W20250111 19:32:00.100989 1022177 ImuError.cpp:650] gyr saturation
W20250111 19:32:00.100993 1022177 ImuError.cpp:650] gyr saturation
W20250111 19:32:00.100996 1022177 ImuError.cpp:650] gyr saturation
W20250111 19:32:00.101001 1022177 ImuError.cpp:650] gyr saturation
W20250111 19:32:00.101004 1022177 ImuError.cpp:650] gyr saturation
W20250111 19:32:00.101008 1022177 ImuError.cpp:650] gyr saturation
W20250111 19:32:00.101013 1022177 ImuError.cpp:650] gyr saturation
W20250111 19:32:00.101017 1022177 ImuError.cpp:650] gyr saturation
W20250111 19:32:00.101020 1022177 ImuError.cpp:650] gyr saturation
W20250111 19:32:00.101024 1022177 ImuError.cpp:650] gyr saturation
W20250111 19:32:00.101028 1022177 ImuError.cpp:650] gyr saturation
W20250111 19:32:00.101105 1022177 ImuError.cpp:650] gyr saturation
W20250111 19:32:00.101109 1022177 ImuError.cpp:650] gyr saturation
W20250111 19:32:00.101114 1022177 ImuError.cpp:650] gyr saturation
W20250111 19:32:00.101117 1022177 ImuError.cpp:650] gyr saturation
W20250111 19:32:00.101120 1022177 ImuError.cpp:650] gyr saturation
W20250111 19:32:00.101125 1022177 ImuError.cpp:650] gyr saturation
W20250111 19:32:00.101128 1022177 ImuError.cpp:650] gyr saturation
W20250111 19:32:00.101132 1022177 ImuError.cpp:650] gyr saturation
W20250111 19:32:00.101136 1022177 ImuError.cpp:650] gyr saturation
W20250111 19:32:00.101140 1022177 ImuError.cpp:650] gyr saturation
W20250111 19:32:00.101145 1022177 ImuError.cpp:650] gyr saturation
W20250111 19:32:00.101148 1022177 ImuError.cpp:650] gyr saturation
W20250111 19:32:00.101152 1022177 ImuError.cpp:650] gyr saturation
W20250111 19:32:00.101157 1022177 ImuError.cpp:650] gyr saturation
W20250111 19:32:00.101163 1022177 ImuError.cpp:650] gyr saturation
W20250111 19:32:00.101166 1022177 ImuError.cpp:650] gyr saturation
W20250111 19:32:00.101169 1022177 ImuError.cpp:650] gyr saturation
W20250111 19:32:00.101174 1022177 ImuError.cpp:650] gyr saturation
W20250111 19:32:00.101177 1022177 ImuError.cpp:650] gyr saturation
W20250111 19:32:00.101181 1022177 ImuError.cpp:650] gyr saturation
W20250111 19:32:00.101186 1022177 ImuError.cpp:650] gyr saturation
W20250111 19:32:00.101190 1022177 ImuError.cpp:650] gyr saturation
W20250111 19:32:00.101193 1022177 ImuError.cpp:650] gyr saturation
W20250111 19:32:00.101197 1022177 ImuError.cpp:650] gyr saturation
W20250111 19:32:00.101202 1022177 ImuError.cpp:650] gyr saturation
W20250111 19:32:00.101207 1022177 ImuError.cpp:650] gyr saturation
W20250111 19:32:00.101209 1022177 ImuError.cpp:650] gyr saturation
W20250111 19:32:00.101215 1022177 ImuError.cpp:650] gyr saturation
W20250111 19:32:00.101219 1022177 ImuError.cpp:650] gyr saturation
W20250111 19:32:00.101223 1022177 ImuError.cpp:650] gyr saturation
W20250111 19:32:00.101227 1022177 ImuError.cpp:650] gyr saturation
W20250111 19:32:00.101231 1022177 ImuError.cpp:650] gyr saturation
W20250111 19:32:00.101236 1022177 ImuError.cpp:650] gyr saturation
W20250111 19:32:00.101239 1022177 ImuError.cpp:650] gyr saturation
W20250111 19:32:00.101244 1022177 ImuError.cpp:650] gyr saturation
W20250111 19:32:00.101496 1022177 Frontend.cpp:615] 3d2d tracking lost. Number of 3d2d-matches: 0
W20250111 19:32:00.101781 1022177 ImuError.cpp:650] gyr saturation
W20250111 19:32:00.101788 1022177 ImuError.cpp:650] gyr saturation
W20250111 19:32:00.101792 1022177 ImuError.cpp:650] gyr saturation
W20250111 19:32:00.101796 1022177 ImuError.cpp:650] gyr saturation
W20250111 19:32:00.101800 1022177 ImuError.cpp:650] gyr saturation
W20250111 19:32:00.101805 1022177 ImuError.cpp:650] gyr saturation
W20250111 19:32:00.101809 1022177 ImuError.cpp:650] gyr saturation
W20250111 19:32:00.101814 1022177 ImuError.cpp:650] gyr saturation
W20250111 19:32:00.101819 1022177 ImuError.cpp:650] gyr saturation
W20250111 19:32:00.101821 1022177 ImuError.cpp:650] gyr saturation
W20250111 19:32:00.101826 1022177 ImuError.cpp:650] gyr saturation
W20250111 19:32:00.101835 1022177 ImuError.cpp:650] gyr saturation
W20250111 19:32:00.101838 1022177 ImuError.cpp:650] gyr saturation
W20250111 19:32:00.101842 1022177 ImuError.cpp:650] gyr saturation
W20250111 19:32:00.101850 1022177 ImuError.cpp:650] gyr saturation
W20250111 19:32:00.101855 1022177 ImuError.cpp:650] gyr saturation
W20250111 19:32:00.101859 1022177 ImuError.cpp:650] gyr saturation
W20250111 19:32:00.101863 1022177 ImuError.cpp:650] gyr saturation
W20250111 19:32:00.101866 1022177 ImuError.cpp:650] gyr saturation
W20250111 19:32:00.101871 1022177 ImuError.cpp:650] gyr saturation
W20250111 19:32:00.101876 1022177 ImuError.cpp:650] gyr saturation
W20250111 19:32:00.101878 1022177 ImuError.cpp:650] gyr saturation
W20250111 19:32:00.101883 1022177 ImuError.cpp:650] gyr saturation
W20250111 19:32:00.101887 1022177 ImuError.cpp:650] gyr saturation
W20250111 19:32:00.101891 1022177 ImuError.cpp:650] gyr saturation
W20250111 19:32:00.101894 1022177 ImuError.cpp:650] gyr saturation
W20250111 19:32:00.101898 1022177 ImuError.cpp:650] gyr saturation
W20250111 19:32:00.101903 1022177 ImuError.cpp:650] gyr saturation
W20250111 19:32:00.101907 1022177 ImuError.cpp:650] gyr saturation
W20250111 19:32:00.101912 1022177 ImuError.cpp:650] gyr saturation
W20250111 19:32:00.101917 1022177 ImuError.cpp:650] gyr saturation
W20250111 19:32:00.101922 1022177 ImuError.cpp:650] gyr saturation
W20250111 19:32:00.101925 1022177 ImuError.cpp:650] gyr saturation
W20250111 19:32:00.101929 1022177 ImuError.cpp:650] gyr saturation
W20250111 19:32:00.101933 1022177 ImuError.cpp:650] gyr saturation
W20250111 19:32:00.101938 1022177 ImuError.cpp:650] gyr saturation
W20250111 19:32:00.101943 1022177 ImuError.cpp:650] gyr saturation
W20250111 19:32:00.101948 1022177 ImuError.cpp:650] gyr saturation
W20250111 19:32:00.101951 1022177 ImuError.cpp:650] gyr saturation
W20250111 19:32:00.101958 1022177 ImuError.cpp:650] gyr saturation
W20250111 19:32:00.101961 1022177 ImuError.cpp:650] gyr saturation
W20250111 19:32:00.101966 1022177 ImuError.cpp:650] gyr saturation
W20250111 19:32:00.101971 1022177 ImuError.cpp:650] gyr saturation
W20250111 19:32:00.101975 1022177 ImuError.cpp:650] gyr saturation
W20250111 19:32:00.101980 1022177 ImuError.cpp:650] gyr saturation
W20250111 19:32:00.101984 1022177 ImuError.cpp:650] gyr saturation
W20250111 19:32:00.101990 1022177 ImuError.cpp:650] gyr saturation
W20250111 19:32:00.101996 1022177 ImuError.cpp:650] gyr saturation
W20250111 19:32:00.102000 1022177 ImuError.cpp:650] gyr saturation
W20250111 19:32:00.102005 1022177 ImuError.cpp:650] gyr saturation
W20250111 19:32:00.102010 1022177 ImuError.cpp:650] gyr saturation
W20250111 19:32:00.102015 1022177 ImuError.cpp:650] gyr saturation
W20250111 19:32:00.102020 1022177 ImuError.cpp:650] gyr saturation
W20250111 19:32:00.102023 1022177 ImuError.cpp:650] gyr saturation
W20250111 19:32:00.102028 1022177 ImuError.cpp:650] gyr saturation
W20250111 19:32:00.102033 1022177 ImuError.cpp:650] gyr saturation
W20250111 19:32:00.102037 1022177 ImuError.cpp:650] gyr saturation
W20250111 19:32:00.102042 1022177 ImuError.cpp:650] gyr saturation
W20250111 19:32:00.102046 1022177 ImuError.cpp:650] gyr saturation
W20250111 19:32:00.102051 1022177 ImuError.cpp:650] gyr saturation
W20250111 19:32:00.102056 1022177 ImuError.cpp:650] gyr saturation
W20250111 19:32:00.102061 1022177 ImuError.cpp:650] gyr saturation
W20250111 19:32:00.102066 1022177 ImuError.cpp:650] gyr saturation
W20250111 19:32:00.102070 1022177 ImuError.cpp:650] gyr saturation
W20250111 19:32:00.102075 1022177 ImuError.cpp:650] gyr saturation
W20250111 19:32:00.102080 1022177 ImuError.cpp:650] gyr saturation
W20250111 19:32:00.102085 1022177 ImuError.cpp:650] gyr saturation
W20250111 19:32:00.102092 1022177 ImuError.cpp:650] gyr saturation
W20250111 19:32:00.104326 1234232 ImuError.cpp:368] gyr saturation
W20250111 19:32:00.104393 1234232 ImuError.cpp:368] gyr saturation
W20250111 19:32:00.104408 1234232 ImuError.cpp:368] gyr saturation
W20250111 19:32:00.104419 1234232 ImuError.cpp:368] gyr saturation
W20250111 19:32:00.104442 1234232 ImuError.cpp:368] gyr saturation
W20250111 19:32:00.104455 1234232 ImuError.cpp:368] gyr saturation
W20250111 19:32:00.104470 1234232 ImuError.cpp:368] gyr saturation
W20250111 19:32:00.104481 1234232 ImuError.cpp:368] gyr saturation
W20250111 19:32:00.104492 1234232 ImuError.cpp:368] gyr saturation
W20250111 19:32:00.104503 1234232 ImuError.cpp:368] gyr saturation
W20250111 19:32:00.104514 1234232 ImuError.cpp:368] gyr saturation
W20250111 19:32:00.104525 1234232 ImuError.cpp:368] gyr saturation
W20250111 19:32:00.104537 1234232 ImuError.cpp:368] gyr saturation
W20250111 19:32:00.104547 1234232 ImuError.cpp:368] gyr saturation
W20250111 19:32:00.104558 1234232 ImuError.cpp:368] gyr saturation
W20250111 19:32:00.104569 1234232 ImuError.cpp:368] gyr saturation
W20250111 19:32:00.104580 1234232 ImuError.cpp:368] gyr saturation
W20250111 19:32:00.104591 1234232 ImuError.cpp:368] gyr saturation
W20250111 19:32:00.104604 1234232 ImuError.cpp:368] gyr saturation
W20250111 19:32:00.104614 1234232 ImuError.cpp:368] gyr saturation
W20250111 19:32:00.104624 1234232 ImuError.cpp:368] gyr saturation
W20250111 19:32:00.104645 1234232 ImuError.cpp:368] gyr saturation
W20250111 19:32:00.104656 1234232 ImuError.cpp:368] gyr saturation
W20250111 19:32:00.104667 1234232 ImuError.cpp:368] gyr saturation
W20250111 19:32:00.104678 1234232 ImuError.cpp:368] gyr saturation
W20250111 19:32:00.104689 1234232 ImuError.cpp:368] gyr saturation
W20250111 19:32:00.104700 1234232 ImuError.cpp:368] gyr saturation
W20250111 19:32:00.104712 1234232 ImuError.cpp:368] gyr saturation
W20250111 19:32:00.104722 1234232 ImuError.cpp:368] gyr saturation
W20250111 19:32:00.104733 1234232 ImuError.cpp:368] gyr saturation
W20250111 19:32:00.104743 1234232 ImuError.cpp:368] gyr saturation
W20250111 19:32:00.104754 1234232 ImuError.cpp:368] gyr saturation
W20250111 19:32:00.104765 1234232 ImuError.cpp:368] gyr saturation
W20250111 19:32:00.104776 1234232 ImuError.cpp:368] gyr saturation
W20250111 19:32:00.104787 1234232 ImuError.cpp:368] gyr saturation
W20250111 19:32:00.113030 1234232 ViSlamBackend.cpp:466] TRACKING FAILURE: quality=0
W20250111 19:32:00.113958 1022177 ImuError.cpp:650] gyr saturation
W20250111 19:32:00.113986 1022177 ImuError.cpp:650] gyr saturation
W20250111 19:32:00.113988 1022177 ImuError.cpp:650] gyr saturation
W20250111 19:32:00.113991 1022177 ImuError.cpp:650] gyr saturation
W20250111 19:32:00.113996 1022177 ImuError.cpp:650] gyr saturation
W20250111 19:32:00.114002 1022177 ImuError.cpp:650] gyr saturation
W20250111 19:32:00.114008 1022177 ImuError.cpp:650] gyr saturation
W20250111 19:32:00.114012 1022177 ImuError.cpp:650] gyr saturation
W20250111 19:32:00.114015 1022177 ImuError.cpp:650] gyr saturation
W20250111 19:32:00.114022 1022177 ImuError.cpp:650] gyr saturation
W20250111 19:32:00.114027 1022177 ImuError.cpp:650] gyr saturation
W20250111 19:32:00.114030 1022177 ImuError.cpp:650] gyr saturation
W20250111 19:32:00.114034 1022177 ImuError.cpp:650] gyr saturation
W20250111 19:32:00.114037 1022177 ImuError.cpp:650] gyr saturation
W20250111 19:32:00.114041 1022177 ImuError.cpp:650] gyr saturation
W20250111 19:32:00.114048 1022177 ImuError.cpp:650] gyr saturation
W20250111 19:32:00.114051 1022177 ImuError.cpp:650] gyr saturation
W20250111 19:32:00.114056 1022177 ImuError.cpp:650] gyr saturation
W20250111 19:32:00.114060 1022177 ImuError.cpp:650] gyr saturation
W20250111 19:32:00.114064 1022177 ImuError.cpp:650] gyr saturation
W20250111 19:32:00.114068 1022177 ImuError.cpp:650] gyr saturation
W20250111 19:32:00.114071 1022177 ImuError.cpp:650] gyr saturation
W20250111 19:32:00.114074 1022177 ImuError.cpp:650] gyr saturation
W20250111 19:32:00.114078 1022177 ImuError.cpp:650] gyr saturation
W20250111 19:32:00.114082 1022177 ImuError.cpp:650] gyr saturation
W20250111 19:32:00.114086 1022177 ImuError.cpp:650] gyr saturation
W20250111 19:32:00.114092 1022177 ImuError.cpp:650] gyr saturation
W20250111 19:32:00.114096 1022177 ImuError.cpp:650] gyr saturation
W20250111 19:32:00.114100 1022177 ImuError.cpp:650] gyr saturation
W20250111 19:32:00.114110 1022177 ImuError.cpp:650] gyr saturation
W20250111 19:32:00.114114 1022177 ImuError.cpp:650] gyr saturation
W20250111 19:32:00.114121 1022177 ImuError.cpp:650] gyr saturation
W20250111 19:32:00.114125 1022177 ImuError.cpp:650] gyr saturation
W20250111 19:32:00.114128 1022177 ImuError.cpp:650] gyr saturation
W20250111 19:32:00.114188 1022177 ImuError.cpp:650] gyr saturation
W20250111 19:32:00.114193 1022177 ImuError.cpp:650] gyr saturation
W20250111 19:32:00.114197 1022177 ImuError.cpp:650] gyr saturation
W20250111 19:32:00.114203 1022177 ImuError.cpp:650] gyr saturation
W20250111 19:32:00.114208 1022177 ImuError.cpp:650] gyr saturation
W20250111 19:32:00.114212 1022177 ImuError.cpp:650] gyr saturation
W20250111 19:32:00.114215 1022177 ImuError.cpp:650] gyr saturation
W20250111 19:32:00.114218 1022177 ImuError.cpp:650] gyr saturation
W20250111 19:32:00.114224 1022177 ImuError.cpp:650] gyr saturation
W20250111 19:32:00.114228 1022177 ImuError.cpp:650] gyr saturation
W20250111 19:32:00.114231 1022177 ImuError.cpp:650] gyr saturation
W20250111 19:32:00.114235 1022177 ImuError.cpp:650] gyr saturation
W20250111 19:32:00.114238 1022177 ImuError.cpp:650] gyr saturation
W20250111 19:32:00.114241 1022177 ImuError.cpp:650] gyr saturation
W20250111 19:32:00.114248 1022177 ImuError.cpp:650] gyr saturation
W20250111 19:32:00.114250 1022177 ImuError.cpp:650] gyr saturation
W20250111 19:32:00.114254 1022177 ImuError.cpp:650] gyr saturation
W20250111 19:32:00.114259 1022177 ImuError.cpp:650] gyr saturation
W20250111 19:32:00.114262 1022177 ImuError.cpp:650] gyr saturation
W20250111 19:32:00.114265 1022177 ImuError.cpp:650] gyr saturation
W20250111 19:32:00.114271 1022177 ImuError.cpp:650] gyr saturation
W20250111 19:32:00.114276 1022177 ImuError.cpp:650] gyr saturation
W20250111 19:32:00.114280 1022177 ImuError.cpp:650] gyr saturation
W20250111 19:32:00.114284 1022177 ImuError.cpp:650] gyr saturation
W20250111 19:32:00.114289 1022177 ImuError.cpp:650] gyr saturation
W20250111 19:32:00.114293 1022177 ImuError.cpp:650] gyr saturation
W20250111 19:32:00.114296 1022177 ImuError.cpp:650] gyr saturation
W20250111 19:32:00.114301 1022177 ImuError.cpp:650] gyr saturation
W20250111 19:32:00.114305 1022177 ImuError.cpp:650] gyr saturation
W20250111 19:32:00.114308 1022177 ImuError.cpp:650] gyr saturation
W20250111 19:32:00.114312 1022177 ImuError.cpp:650] gyr saturation
W20250111 19:32:00.114316 1022177 ImuError.cpp:650] gyr saturation
W20250111 19:32:00.114321 1022177 ImuError.cpp:650] gyr saturation
W20250111 19:32:00.114326 1022177 ImuError.cpp:650] gyr saturation
W20250111 19:32:00.114764 1022177 Frontend.cpp:615] 3d2d tracking lost. Number of 3d2d-matches: 0
W20250111 19:32:00.115038 1022177 ImuError.cpp:650] gyr saturation
W20250111 19:32:00.115046 1022177 ImuError.cpp:650] gyr saturation
W20250111 19:32:00.115051 1022177 ImuError.cpp:650] gyr saturation
W20250111 19:32:00.115056 1022177 ImuError.cpp:650] gyr saturation
W20250111 19:32:00.115059 1022177 ImuError.cpp:650] gyr saturation
W20250111 19:32:00.115065 1022177 ImuError.cpp:650] gyr saturation
W20250111 19:32:00.115068 1022177 ImuError.cpp:650] gyr saturation
W20250111 19:32:00.115072 1022177 ImuError.cpp:650] gyr saturation
W20250111 19:32:00.115077 1022177 ImuError.cpp:650] gyr saturation
W20250111 19:32:00.115080 1022177 ImuError.cpp:650] gyr saturation
W20250111 19:32:00.115085 1022177 ImuError.cpp:650] gyr saturation
W20250111 19:32:00.115089 1022177 ImuError.cpp:650] gyr saturation
W20250111 19:32:00.115093 1022177 ImuError.cpp:650] gyr saturation
W20250111 19:32:00.115097 1022177 ImuError.cpp:650] gyr saturation
W20250111 19:32:00.115103 1022177 ImuError.cpp:650] gyr saturation
W20250111 19:32:00.115108 1022177 ImuError.cpp:650] gyr saturation
W20250111 19:32:00.115114 1022177 ImuError.cpp:650] gyr saturation
W20250111 19:32:00.115118 1022177 ImuError.cpp:650] gyr saturation
W20250111 19:32:00.115123 1022177 ImuError.cpp:650] gyr saturation
W20250111 19:32:00.115128 1022177 ImuError.cpp:650] gyr saturation
W20250111 19:32:00.115132 1022177 ImuError.cpp:650] gyr saturation
W20250111 19:32:00.115141 1022177 ImuError.cpp:650] gyr saturation
W20250111 19:32:00.115146 1022177 ImuError.cpp:650] gyr saturation
W20250111 19:32:00.115151 1022177 ImuError.cpp:650] gyr saturation
W20250111 19:32:00.115155 1022177 ImuError.cpp:650] gyr saturation
W20250111 19:32:00.115160 1022177 ImuError.cpp:650] gyr saturation
W20250111 19:32:00.115164 1022177 ImuError.cpp:650] gyr saturation
W20250111 19:32:00.115170 1022177 ImuError.cpp:650] gyr saturation
W20250111 19:32:00.115175 1022177 ImuError.cpp:650] gyr saturation
W20250111 19:32:00.115180 1022177 ImuError.cpp:650] gyr saturation
W20250111 19:32:00.115185 1022177 ImuError.cpp:650] gyr saturation
W20250111 19:32:00.115188 1022177 ImuError.cpp:650] gyr saturation
W20250111 19:32:00.115195 1022177 ImuError.cpp:650] gyr saturation
W20250111 19:32:00.115199 1022177 ImuError.cpp:650] gyr saturation
W20250111 19:32:00.115203 1022177 ImuError.cpp:650] gyr saturation
W20250111 19:32:00.115207 1022177 ImuError.cpp:650] gyr saturation
W20250111 19:32:00.115211 1022177 ImuError.cpp:650] gyr saturation
W20250111 19:32:00.115216 1022177 ImuError.cpp:650] gyr saturation
W20250111 19:32:00.115221 1022177 ImuError.cpp:650] gyr saturation
W20250111 19:32:00.115226 1022177 ImuError.cpp:650] gyr saturation
W20250111 19:32:00.115231 1022177 ImuError.cpp:650] gyr saturation
W20250111 19:32:00.115235 1022177 ImuError.cpp:650] gyr saturation
W20250111 19:32:00.115240 1022177 ImuError.cpp:650] gyr saturation
W20250111 19:32:00.115245 1022177 ImuError.cpp:650] gyr saturation
W20250111 19:32:00.115249 1022177 ImuError.cpp:650] gyr saturation
W20250111 19:32:00.115253 1022177 ImuError.cpp:650] gyr saturation
W20250111 19:32:00.115258 1022177 ImuError.cpp:650] gyr saturation
W20250111 19:32:00.115262 1022177 ImuError.cpp:650] gyr saturation
W20250111 19:32:00.115268 1022177 ImuError.cpp:650] gyr saturation
W20250111 19:32:00.115272 1022177 ImuError.cpp:650] gyr saturation
W20250111 19:32:00.115278 1022177 ImuError.cpp:650] gyr saturation
W20250111 19:32:00.117444 1234250 ImuError.cpp:368] gyr saturation
W20250111 19:32:00.117513 1234250 ImuError.cpp:368] gyr saturation
W20250111 19:32:00.117529 1234250 ImuError.cpp:368] gyr saturation
W20250111 19:32:00.117539 1234250 ImuError.cpp:368] gyr saturation
W20250111 19:32:00.117550 1234250 ImuError.cpp:368] gyr saturation
W20250111 19:32:00.117561 1234250 ImuError.cpp:368] gyr saturation
W20250111 19:32:00.117573 1234250 ImuError.cpp:368] gyr saturation
W20250111 19:32:00.117584 1234250 ImuError.cpp:368] gyr saturation
W20250111 19:32:00.117595 1234250 ImuError.cpp:368] gyr saturation
W20250111 19:32:00.117607 1234250 ImuError.cpp:368] gyr saturation
W20250111 19:32:00.117619 1234250 ImuError.cpp:368] gyr saturation
W20250111 19:32:00.117636 1234250 ImuError.cpp:368] gyr saturation
W20250111 19:32:00.117648 1234250 ImuError.cpp:368] gyr saturation
W20250111 19:32:00.117659 1234250 ImuError.cpp:368] gyr saturation
W20250111 19:32:00.117671 1234250 ImuError.cpp:368] gyr saturation
W20250111 19:32:00.117681 1234250 ImuError.cpp:368] gyr saturation
W20250111 19:32:00.117692 1234250 ImuError.cpp:368] gyr saturation
W20250111 19:32:00.117703 1234250 ImuError.cpp:368] gyr saturation
W20250111 19:32:00.117714 1234250 ImuError.cpp:368] gyr saturation
W20250111 19:32:00.117725 1234250 ImuError.cpp:368] gyr saturation
W20250111 19:32:00.117735 1234250 ImuError.cpp:368] gyr saturation
W20250111 19:32:00.117746 1234250 ImuError.cpp:368] gyr saturation
W20250111 19:32:00.117758 1234250 ImuError.cpp:368] gyr saturation
W20250111 19:32:00.117769 1234250 ImuError.cpp:368] gyr saturation
W20250111 19:32:00.117779 1234250 ImuError.cpp:368] gyr saturation
W20250111 19:32:00.117790 1234250 ImuError.cpp:368] gyr saturation
W20250111 19:32:00.117801 1234250 ImuError.cpp:368] gyr saturation
W20250111 19:32:00.117812 1234250 ImuError.cpp:368] gyr saturation
W20250111 19:32:00.117823 1234250 ImuError.cpp:368] gyr saturation
W20250111 19:32:00.117834 1234250 ImuError.cpp:368] gyr saturation
W20250111 19:32:00.117846 1234250 ImuError.cpp:368] gyr saturation
W20250111 19:32:00.117867 1234250 ImuError.cpp:368] gyr saturation
W20250111 19:32:00.117879 1234250 ImuError.cpp:368] gyr saturation
W20250111 19:32:00.117892 1234250 ImuError.cpp:368] gyr saturation
W20250111 19:32:00.125470 1234250 ViSlamBackend.cpp:466] TRACKING FAILURE: quality=0
W20250111 19:32:00.125851 1234250 ImuError.cpp:165] gyr saturation
W20250111 19:32:00.125874 1234250 ImuError.cpp:165] gyr saturation
W20250111 19:32:00.125886 1234250 ImuError.cpp:165] gyr saturation
W20250111 19:32:00.125897 1234250 ImuError.cpp:165] gyr saturation
W20250111 19:32:00.125910 1234250 ImuError.cpp:165] gyr saturation
W20250111 19:32:00.125921 1234250 ImuError.cpp:165] gyr saturation
W20250111 19:32:00.125932 1234250 ImuError.cpp:165] gyr saturation
W20250111 19:32:00.125943 1234250 ImuError.cpp:165] gyr saturation
W20250111 19:32:00.125955 1234250 ImuError.cpp:165] gyr saturation
W20250111 19:32:00.125967 1234250 ImuError.cpp:165] gyr saturation
W20250111 19:32:00.125978 1234250 ImuError.cpp:165] gyr saturation
W20250111 19:32:00.125989 1234250 ImuError.cpp:165] gyr saturation
W20250111 19:32:00.126001 1234250 ImuError.cpp:165] gyr saturation
W20250111 19:32:00.126013 1234250 ImuError.cpp:165] gyr saturation
W20250111 19:32:00.126024 1234250 ImuError.cpp:165] gyr saturation
W20250111 19:32:00.126205 1234250 ImuError.cpp:165] gyr saturation
W20250111 19:32:00.126217 1234250 ImuError.cpp:165] gyr saturation
W20250111 19:32:00.126230 1234250 ImuError.cpp:165] gyr saturation
W20250111 19:32:00.126241 1234250 ImuError.cpp:165] gyr saturation
W20250111 19:32:00.126252 1234250 ImuError.cpp:165] gyr saturation
W20250111 19:32:00.126263 1234250 ImuError.cpp:165] gyr saturation
W20250111 19:32:00.126276 1234250 ImuError.cpp:165] gyr saturation
W20250111 19:32:00.126286 1234250 ImuError.cpp:165] gyr saturation
W20250111 19:32:00.126296 1234250 ImuError.cpp:165] gyr saturation
W20250111 19:32:00.126307 1234250 ImuError.cpp:165] gyr saturation
W20250111 19:32:00.126318 1234250 ImuError.cpp:165] gyr saturation
W20250111 19:32:00.126328 1234250 ImuError.cpp:165] gyr saturation
W20250111 19:32:00.126340 1234250 ImuError.cpp:165] gyr saturation
W20250111 19:32:00.126353 1234250 ImuError.cpp:165] gyr saturation
W20250111 19:32:00.126363 1234250 ImuError.cpp:165] gyr saturation
W20250111 19:32:00.126660 1022177 ImuError.cpp:650] gyr saturation
W20250111 19:32:00.126675 1022177 ImuError.cpp:650] gyr saturation
W20250111 19:32:00.126678 1022177 ImuError.cpp:650] gyr saturation
W20250111 19:32:00.126681 1022177 ImuError.cpp:650] gyr saturation
W20250111 19:32:00.126684 1022177 ImuError.cpp:650] gyr saturation
W20250111 19:32:00.126689 1022177 ImuError.cpp:650] gyr saturation
W20250111 19:32:00.126698 1022177 ImuError.cpp:650] gyr saturation
W20250111 19:32:00.126709 1022177 ImuError.cpp:650] gyr saturation
W20250111 19:32:00.126717 1022177 ImuError.cpp:650] gyr saturation
W20250111 19:32:00.126725 1022177 ImuError.cpp:650] gyr saturation
W20250111 19:32:00.126729 1022177 ImuError.cpp:650] gyr saturation
W20250111 19:32:00.126734 1022177 ImuError.cpp:650] gyr saturation
W20250111 19:32:00.126739 1022177 ImuError.cpp:650] gyr saturation
W20250111 19:32:00.126745 1022177 ImuError.cpp:650] gyr saturation
W20250111 19:32:00.126749 1022177 ImuError.cpp:650] gyr saturation
W20250111 19:32:00.126756 1022177 ImuError.cpp:650] gyr saturation
W20250111 19:32:00.126760 1022177 ImuError.cpp:650] gyr saturation
W20250111 19:32:00.126765 1022177 ImuError.cpp:650] gyr saturation
W20250111 19:32:00.126808 1022177 ImuError.cpp:650] gyr saturation
W20250111 19:32:00.126814 1022177 ImuError.cpp:650] gyr saturation
W20250111 19:32:00.126817 1022177 ImuError.cpp:650] gyr saturation
W20250111 19:32:00.126820 1022177 ImuError.cpp:650] gyr saturation
W20250111 19:32:00.126824 1022177 ImuError.cpp:650] gyr saturation
W20250111 19:32:00.126828 1022177 ImuError.cpp:650] gyr saturation
W20250111 19:32:00.126832 1022177 ImuError.cpp:650] gyr saturation
W20250111 19:32:00.126835 1022177 ImuError.cpp:650] gyr saturation
W20250111 19:32:00.126838 1022177 ImuError.cpp:650] gyr saturation
W20250111 19:32:00.126847 1022177 ImuError.cpp:650] gyr saturation
W20250111 19:32:00.126853 1022177 ImuError.cpp:650] gyr saturation
W20250111 19:32:00.126860 1022177 ImuError.cpp:650] gyr saturation
W20250111 19:32:00.126865 1022177 ImuError.cpp:650] gyr saturation
W20250111 19:32:00.126873 1022177 ImuError.cpp:650] gyr saturation
W20250111 19:32:00.126878 1022177 ImuError.cpp:650] gyr saturation
W20250111 19:32:00.126880 1022177 ImuError.cpp:650] gyr saturation
W20250111 19:32:00.126885 1022177 ImuError.cpp:650] gyr saturation
W20250111 19:32:00.126890 1022177 ImuError.cpp:650] gyr saturation
W20250111 19:32:00.127197 1022177 Frontend.cpp:615] 3d2d tracking lost. Number of 3d2d-matches: 0
W20250111 19:32:00.127393 1022177 ImuError.cpp:650] gyr saturation
W20250111 19:32:00.127398 1022177 ImuError.cpp:650] gyr saturation
W20250111 19:32:00.127401 1022177 ImuError.cpp:650] gyr saturation
W20250111 19:32:00.127405 1022177 ImuError.cpp:650] gyr saturation
W20250111 19:32:00.127409 1022177 ImuError.cpp:650] gyr saturation
W20250111 19:32:00.127413 1022177 ImuError.cpp:650] gyr saturation
W20250111 19:32:00.127417 1022177 ImuError.cpp:650] gyr saturation
W20250111 19:32:00.127422 1022177 ImuError.cpp:650] gyr saturation
W20250111 19:32:00.127426 1022177 ImuError.cpp:650] gyr saturation
W20250111 19:32:00.127430 1022177 ImuError.cpp:650] gyr saturation
W20250111 19:32:00.127434 1022177 ImuError.cpp:650] gyr saturation
W20250111 19:32:00.127439 1022177 ImuError.cpp:650] gyr saturation
W20250111 19:32:00.127442 1022177 ImuError.cpp:650] gyr saturation
W20250111 19:32:00.127445 1022177 ImuError.cpp:650] gyr saturation
W20250111 19:32:00.127449 1022177 ImuError.cpp:650] gyr saturation
W20250111 19:32:00.127454 1022177 ImuError.cpp:650] gyr saturation
W20250111 19:32:00.127460 1022177 ImuError.cpp:650] gyr saturation
W20250111 19:32:00.127465 1022177 ImuError.cpp:650] gyr saturation
W20250111 19:32:00.129832 1234260 ImuError.cpp:368] gyr saturation
W20250111 19:32:00.129905 1234260 ImuError.cpp:368] gyr saturation
W20250111 19:32:00.129918 1234260 ImuError.cpp:368] gyr saturation
W20250111 19:32:00.129930 1234260 ImuError.cpp:368] gyr saturation
W20250111 19:32:00.129940 1234260 ImuError.cpp:368] gyr saturation
W20250111 19:32:00.129949 1234260 ImuError.cpp:368] gyr saturation
W20250111 19:32:00.129963 1234260 ImuError.cpp:368] gyr saturation
W20250111 19:32:00.129976 1234260 ImuError.cpp:368] gyr saturation
W20250111 19:32:00.129987 1234260 ImuError.cpp:368] gyr saturation
W20250111 19:32:00.129997 1234260 ImuError.cpp:368] gyr saturation
W20250111 19:32:00.130009 1234260 ImuError.cpp:368] gyr saturation
W20250111 19:32:00.130020 1234260 ImuError.cpp:368] gyr saturation
W20250111 19:32:00.130031 1234260 ImuError.cpp:368] gyr saturation
W20250111 19:32:00.130043 1234260 ImuError.cpp:368] gyr saturation
W20250111 19:32:00.130052 1234260 ImuError.cpp:368] gyr saturation
W20250111 19:32:00.130064 1234260 ImuError.cpp:368] gyr saturation
W20250111 19:32:00.130074 1234260 ImuError.cpp:368] gyr saturation
W20250111 19:32:00.130084 1234260 ImuError.cpp:368] gyr saturation
W20250111 19:32:00.138516 1234260 ViSlamBackend.cpp:466] TRACKING FAILURE: quality=0
W20250111 19:32:00.138674 1234260 ImuError.cpp:165] gyr saturation
W20250111 19:32:00.138705 1234260 ImuError.cpp:165] gyr saturation
W20250111 19:32:00.138717 1234260 ImuError.cpp:165] gyr saturation
W20250111 19:32:00.138728 1234260 ImuError.cpp:165] gyr saturation
W20250111 19:32:00.138738 1234260 ImuError.cpp:165] gyr saturation
W20250111 19:32:00.138751 1234260 ImuError.cpp:165] gyr saturation
W20250111 19:32:00.138761 1234260 ImuError.cpp:165] gyr saturation
W20250111 19:32:00.138772 1234260 ImuError.cpp:165] gyr saturation
W20250111 19:32:00.138782 1234260 ImuError.cpp:165] gyr saturation
W20250111 19:32:00.138793 1234260 ImuError.cpp:165] gyr saturation
W20250111 19:32:00.138803 1234260 ImuError.cpp:165] gyr saturation
W20250111 19:32:00.138814 1234260 ImuError.cpp:165] gyr saturation
W20250111 19:32:00.138825 1234260 ImuError.cpp:165] gyr saturation
W20250111 19:32:00.138855 1234260 ImuError.cpp:165] gyr saturation
W20250111 19:32:00.138870 1234260 ImuError.cpp:165] gyr saturation
W20250111 19:32:00.138882 1234260 ImuError.cpp:165] gyr saturation
W20250111 19:32:00.138892 1234260 ImuError.cpp:165] gyr saturation
W20250111 19:32:00.138903 1234260 ImuError.cpp:165] gyr saturation
W20250111 19:32:00.138914 1234260 ImuError.cpp:165] gyr saturation
W20250111 19:32:00.138924 1234260 ImuError.cpp:165] gyr saturation
W20250111 19:32:00.138935 1234260 ImuError.cpp:165] gyr saturation
W20250111 19:32:00.138945 1234260 ImuError.cpp:165] gyr saturation
W20250111 19:32:00.138957 1234260 ImuError.cpp:165] gyr saturation
W20250111 19:32:00.138967 1234260 ImuError.cpp:165] gyr saturation
W20250111 19:32:00.138978 1234260 ImuError.cpp:165] gyr saturation
W20250111 19:32:00.138988 1234260 ImuError.cpp:165] gyr saturation
W20250111 19:32:00.138998 1234260 ImuError.cpp:165] gyr saturation
W20250111 19:32:00.139008 1234260 ImuError.cpp:165] gyr saturation
W20250111 19:32:00.139019 1234260 ImuError.cpp:165] gyr saturation
W20250111 19:32:00.139030 1234260 ImuError.cpp:165] gyr saturation
W20250111 19:32:00.139040 1234260 ImuError.cpp:165] gyr saturation
W20250111 19:32:00.139051 1234260 ImuError.cpp:165] gyr saturation
W20250111 19:32:00.139061 1234260 ImuError.cpp:165] gyr saturation
W20250111 19:32:00.139072 1234260 ImuError.cpp:165] gyr saturation
W20250111 19:32:00.139082 1234260 ImuError.cpp:165] gyr saturation
W20250111 19:32:00.139153 1234260 ImuError.cpp:165] gyr saturation
W20250111 19:32:00.139168 1234260 ImuError.cpp:165] gyr saturation
W20250111 19:32:00.139178 1234260 ImuError.cpp:165] gyr saturation
W20250111 19:32:00.139189 1234260 ImuError.cpp:165] gyr saturation
W20250111 19:32:00.139199 1234260 ImuError.cpp:165] gyr saturation
W20250111 19:32:00.139209 1234260 ImuError.cpp:165] gyr saturation
W20250111 19:32:00.139220 1234260 ImuError.cpp:165] gyr saturation
W20250111 19:32:00.139230 1234260 ImuError.cpp:165] gyr saturation
W20250111 19:32:00.139241 1234260 ImuError.cpp:165] gyr saturation
W20250111 19:32:00.139252 1234260 ImuError.cpp:165] gyr saturation
W20250111 19:32:00.139262 1234260 ImuError.cpp:165] gyr saturation
W20250111 19:32:00.139273 1234260 ImuError.cpp:165] gyr saturation
W20250111 19:32:00.139283 1234260 ImuError.cpp:165] gyr saturation
W20250111 19:32:00.139294 1234260 ImuError.cpp:165] gyr saturation
W20250111 19:32:00.139304 1234260 ImuError.cpp:165] gyr saturation
W20250111 19:32:00.139315 1234260 ImuError.cpp:165] gyr saturation
W20250111 19:32:00.139325 1234260 ImuError.cpp:165] gyr saturation
W20250111 19:32:00.139336 1234260 ImuError.cpp:165] gyr saturation
W20250111 19:32:00.139346 1234260 ImuError.cpp:165] gyr saturation
W20250111 19:32:00.139357 1234260 ImuError.cpp:165] gyr saturation
W20250111 19:32:00.139367 1234260 ImuError.cpp:165] gyr saturation
W20250111 19:32:00.139379 1234260 ImuError.cpp:165] gyr saturation
W20250111 19:32:00.139389 1234260 ImuError.cpp:165] gyr saturation
W20250111 19:32:00.139400 1234260 ImuError.cpp:165] gyr saturation
W20250111 19:32:00.139410 1234260 ImuError.cpp:165] gyr saturation
W20250111 19:32:00.139420 1234260 ImuError.cpp:165] gyr saturation
W20250111 19:32:00.139431 1234260 ImuError.cpp:165] gyr saturation
W20250111 19:32:00.139442 1234260 ImuError.cpp:165] gyr saturation
W20250111 19:32:00.139452 1234260 ImuError.cpp:165] gyr saturation
W20250111 19:32:00.139463 1234260 ImuError.cpp:165] gyr saturation
W20250111 19:32:00.139474 1234260 ImuError.cpp:165] gyr saturation
W20250111 19:32:00.139484 1234260 ImuError.cpp:165] gyr saturation
W20250111 19:32:00.139495 1234260 ImuError.cpp:165] gyr saturation
W20250111 19:32:00.139505 1234260 ImuError.cpp:165] gyr saturation
W20250111 19:32:00.139516 1234260 ImuError.cpp:165] gyr saturation
W20250111 19:32:00.140432 1022177 Frontend.cpp:615] 3d2d tracking lost. Number of 3d2d-matches: 0
W20250111 19:32:00.152433 1234278 ViSlamBackend.cpp:466] TRACKING FAILURE: quality=0
W20250111 19:32:00.152570 1234278 ImuError.cpp:165] gyr saturation
W20250111 19:32:00.152595 1234278 ImuError.cpp:165] gyr saturation
W20250111 19:32:00.152621 1234278 ImuError.cpp:165] gyr saturation
W20250111 19:32:00.152637 1234278 ImuError.cpp:165] gyr saturation
W20250111 19:32:00.152652 1234278 ImuError.cpp:165] gyr saturation
W20250111 19:32:00.152665 1234278 ImuError.cpp:165] gyr saturation
W20250111 19:32:00.152675 1234278 ImuError.cpp:165] gyr saturation
W20250111 19:32:00.152686 1234278 ImuError.cpp:165] gyr saturation
W20250111 19:32:00.152698 1234278 ImuError.cpp:165] gyr saturation
W20250111 19:32:00.152709 1234278 ImuError.cpp:165] gyr saturation
W20250111 19:32:00.152721 1234278 ImuError.cpp:165] gyr saturation
W20250111 19:32:00.152732 1234278 ImuError.cpp:165] gyr saturation
W20250111 19:32:00.152743 1234278 ImuError.cpp:165] gyr saturation
W20250111 19:32:00.152755 1234278 ImuError.cpp:165] gyr saturation
W20250111 19:32:00.152765 1234278 ImuError.cpp:165] gyr saturation
W20250111 19:32:00.152776 1234278 ImuError.cpp:165] gyr saturation
W20250111 19:32:00.152788 1234278 ImuError.cpp:165] gyr saturation
W20250111 19:32:00.152799 1234278 ImuError.cpp:165] gyr saturation
W20250111 19:32:00.152810 1234278 ImuError.cpp:165] gyr saturation
W20250111 19:32:00.152822 1234278 ImuError.cpp:165] gyr saturation
W20250111 19:32:00.152832 1234278 ImuError.cpp:165] gyr saturation
W20250111 19:32:00.152843 1234278 ImuError.cpp:165] gyr saturation
W20250111 19:32:00.152855 1234278 ImuError.cpp:165] gyr saturation
W20250111 19:32:00.152868 1234278 ImuError.cpp:165] gyr saturation
W20250111 19:32:00.152878 1234278 ImuError.cpp:165] gyr saturation
W20250111 19:32:00.152889 1234278 ImuError.cpp:165] gyr saturation
W20250111 19:32:00.152899 1234278 ImuError.cpp:165] gyr saturation
W20250111 19:32:00.152911 1234278 ImuError.cpp:165] gyr saturation
W20250111 19:32:00.152922 1234278 ImuError.cpp:165] gyr saturation
W20250111 19:32:00.152935 1234278 ImuError.cpp:165] gyr saturation
W20250111 19:32:00.152944 1234278 ImuError.cpp:165] gyr saturation
W20250111 19:32:00.152956 1234278 ImuError.cpp:165] gyr saturation
W20250111 19:32:00.152966 1234278 ImuError.cpp:165] gyr saturation
W20250111 19:32:00.152977 1234278 ImuError.cpp:165] gyr saturation
W20250111 19:32:00.153041 1234278 ImuError.cpp:165] gyr saturation
W20250111 19:32:00.153055 1234278 ImuError.cpp:165] gyr saturation
W20250111 19:32:00.153066 1234278 ImuError.cpp:165] gyr saturation
W20250111 19:32:00.153077 1234278 ImuError.cpp:165] gyr saturation
W20250111 19:32:00.153088 1234278 ImuError.cpp:165] gyr saturation
W20250111 19:32:00.153098 1234278 ImuError.cpp:165] gyr saturation
W20250111 19:32:00.153110 1234278 ImuError.cpp:165] gyr saturation
W20250111 19:32:00.153120 1234278 ImuError.cpp:165] gyr saturation
W20250111 19:32:00.153132 1234278 ImuError.cpp:165] gyr saturation
W20250111 19:32:00.153143 1234278 ImuError.cpp:165] gyr saturation
W20250111 19:32:00.153154 1234278 ImuError.cpp:165] gyr saturation
W20250111 19:32:00.153165 1234278 ImuError.cpp:165] gyr saturation
W20250111 19:32:00.153177 1234278 ImuError.cpp:165] gyr saturation
W20250111 19:32:00.153187 1234278 ImuError.cpp:165] gyr saturation
W20250111 19:32:00.153199 1234278 ImuError.cpp:165] gyr saturation
W20250111 19:32:00.153210 1234278 ImuError.cpp:165] gyr saturation
W20250111 19:32:00.153221 1234278 ImuError.cpp:165] gyr saturation
W20250111 19:32:00.153232 1234278 ImuError.cpp:165] gyr saturation
W20250111 19:32:00.153244 1234278 ImuError.cpp:165] gyr saturation
W20250111 19:32:00.153254 1234278 ImuError.cpp:165] gyr saturation
W20250111 19:32:00.153265 1234278 ImuError.cpp:165] gyr saturation
W20250111 19:32:00.153276 1234278 ImuError.cpp:165] gyr saturation
W20250111 19:32:00.153287 1234278 ImuError.cpp:165] gyr saturation
W20250111 19:32:00.153298 1234278 ImuError.cpp:165] gyr saturation
W20250111 19:32:00.153309 1234278 ImuError.cpp:165] gyr saturation
W20250111 19:32:00.153321 1234278 ImuError.cpp:165] gyr saturation
W20250111 19:32:00.153331 1234278 ImuError.cpp:165] gyr saturation
W20250111 19:32:00.153342 1234278 ImuError.cpp:165] gyr saturation
W20250111 19:32:00.153352 1234278 ImuError.cpp:165] gyr saturation
W20250111 19:32:00.153368 1234278 ImuError.cpp:165] gyr saturation
W20250111 19:32:00.153380 1234278 ImuError.cpp:165] gyr saturation
W20250111 19:32:00.153393 1234278 ImuError.cpp:165] gyr saturation
W20250111 19:32:00.153404 1234278 ImuError.cpp:165] gyr saturation
W20250111 19:32:00.153416 1234278 ImuError.cpp:165] gyr saturation
W20250111 19:32:00.154093 1022177 Frontend.cpp:615] 3d2d tracking lost. Number of 3d2d-matches: 1
W20250111 19:32:00.166718 1234304 ImuError.cpp:165] gyr saturation
W20250111 19:32:00.166803 1234304 ImuError.cpp:165] gyr saturation
W20250111 19:32:00.166818 1234304 ImuError.cpp:165] gyr saturation
W20250111 19:32:00.166831 1234304 ImuError.cpp:165] gyr saturation
W20250111 19:32:00.166842 1234304 ImuError.cpp:165] gyr saturation
W20250111 19:32:00.166854 1234304 ImuError.cpp:165] gyr saturation
W20250111 19:32:00.166865 1234304 ImuError.cpp:165] gyr saturation
W20250111 19:32:00.166877 1234304 ImuError.cpp:165] gyr saturation
W20250111 19:32:00.166887 1234304 ImuError.cpp:165] gyr saturation
W20250111 19:32:00.166898 1234304 ImuError.cpp:165] gyr saturation
W20250111 19:32:00.166909 1234304 ImuError.cpp:165] gyr saturation
W20250111 19:32:00.166920 1234304 ImuError.cpp:165] gyr saturation
W20250111 19:32:00.166931 1234304 ImuError.cpp:165] gyr saturation
W20250111 19:32:00.166942 1234304 ImuError.cpp:165] gyr saturation
W20250111 19:32:00.166954 1234304 ImuError.cpp:165] gyr saturation
W20250111 19:32:00.166965 1234304 ImuError.cpp:165] gyr saturation
W20250111 19:32:00.166975 1234304 ImuError.cpp:165] gyr saturation
W20250111 19:32:00.166985 1234304 ImuError.cpp:165] gyr saturation
W20250111 19:32:00.167129 1234304 ImuError.cpp:165] gyr saturation
W20250111 19:32:00.167142 1234304 ImuError.cpp:165] gyr saturation
W20250111 19:32:00.167153 1234304 ImuError.cpp:165] gyr saturation
W20250111 19:32:00.167164 1234304 ImuError.cpp:165] gyr saturation
W20250111 19:32:00.167176 1234304 ImuError.cpp:165] gyr saturation
W20250111 19:32:00.167186 1234304 ImuError.cpp:165] gyr saturation
W20250111 19:32:00.167197 1234304 ImuError.cpp:165] gyr saturation
W20250111 19:32:00.167208 1234304 ImuError.cpp:165] gyr saturation
W20250111 19:32:00.167219 1234304 ImuError.cpp:165] gyr saturation
W20250111 19:32:00.167229 1234304 ImuError.cpp:165] gyr saturation
W20250111 19:32:00.167240 1234304 ImuError.cpp:165] gyr saturation
W20250111 19:32:00.167251 1234304 ImuError.cpp:165] gyr saturation
W20250111 19:32:00.167263 1234304 ImuError.cpp:165] gyr saturation
W20250111 19:32:00.167273 1234304 ImuError.cpp:165] gyr saturation
W20250111 19:32:00.167284 1234304 ImuError.cpp:165] gyr saturation
W20250111 19:32:00.167295 1234304 ImuError.cpp:165] gyr saturation
W20250111 19:32:00.167306 1234304 ImuError.cpp:165] gyr saturation
W20250111 19:32:00.167317 1234304 ImuError.cpp:165] gyr saturation
I20250111 19:32:00.169025 1022177 Frontend.cpp:2274] RANSAC FAIL: 15 inliers, ratio = 0.652174
I20250111 19:32:00.200110 1022177 Frontend.cpp:2274] RANSAC FAIL: 23 inliers, ratio = 0.676471
I20250111 19:32:00.217509 1022177 Frontend.cpp:2274] RANSAC FAIL: 25 inliers, ratio = 0.675676
I20250111 19:32:00.233726 1022177 Frontend.cpp:2274] RANSAC FAIL: 30 inliers, ratio = 0.681818
I20250111 19:32:00.957492 1022177 okvis_app_synchronous.cpp:210] OKVIS Timing
-----------
1 DetectAndDescribe                	   3511	00:00:06.862009	(00:00:00.001954 +- 00:00:00.000363)	[00:00:00.000948,00:00:00.004747]
2 Match                            	   3511	00:00:23.138717	(00:00:00.006590 +- 00:00:00.002700)	[00:00:00.000235,00:00:00.015566]
2.01 match to map                  	   3510	00:00:16.708805	(00:00:00.004760 +- 00:00:00.002301)	[00:00:00.000051,00:00:00.012625]
2.02 match motion stereo           	   3510	00:00:04.540017	(00:00:00.001293 +- 00:00:00.000420)	[00:00:00.000054,00:00:00.003440]
2.02.1 match motion stereo: prepare	   3510	00:00:01.013597	(00:00:00.000289 +- 00:00:00.000113)	[00:00:00.000001,00:00:00.000954]
2.10 match stereo                  	    944	00:00:00.035743	(00:00:00.000038 +- 00:00:00.000045)	[00:00:00.000001,00:00:00.000431]
3 Optimise                         	   3510	00:00:51.901573	(00:00:00.014787 +- 00:00:00.005667)	[00:00:00.001233,00:00:00.035484]
4 Prepare publishing               	   3510	00:00:02.804627	(00:00:00.000799 +- 00:00:00.000314)	[00:00:00.000065,00:00:00.002774]
6 Visualising                      	   3510	00:00:00.000824	(00:00:00.000000 +- 00:00:00.000000)	[00:00:00.000000,00:00:00.000012]
7 Marginalise                      	   3510	00:00:05.961508	(00:00:00.001698 +- 00:00:00.000690)	[00:00:00.000006,00:00:00.005454]
7.1 check/handle lost              	   3510	00:00:00.102637	(00:00:00.000029 +- 00:00:00.000020)	[00:00:00.000000,00:00:00.000399]
7.2 eliminate IMU frames           	   3510	00:00:02.649033	(00:00:00.000755 +- 00:00:00.000539)	[00:00:00.000000,00:00:00.002678]
7.3 convert to posegraph           	   1129	00:00:00.871525	(00:00:00.000772 +- 00:00:00.000388)	[00:00:00.000095,00:00:00.002866]
7.4 freezing                       	   3509	00:00:00.003814	(00:00:00.000001 +- 00:00:00.000002)	[00:00:00.000000,00:00:00.000029]
7.6 expand                         	   3493	00:00:00.749230	(00:00:00.000214 +- 00:00:00.000106)	[00:00:00.000022,00:00:00.001112]
7.7 prune place recognition frames 	   3509	00:00:00.756503	(00:00:00.000216 +- 00:00:00.000111)	[00:00:00.000005,00:00:00.000825]
I20250111 19:32:00.957597 1022177 okvis_app_synchronous.cpp:219] Progress: 65% (1 [1%/s], ETA: 35s)
W20250111 19:32:01.110471 1022177 ImuError.cpp:650] gyr saturation
W20250111 19:32:01.129997 1022177 ImuError.cpp:650] gyr saturation
W20250111 19:32:01.130146 1022177 ImuError.cpp:650] gyr saturation
W20250111 19:32:01.132419 1022177 ImuError.cpp:368] gyr saturation
W20250111 19:32:01.135228 1022177 ImuError.cpp:650] gyr saturation
W20250111 19:32:01.135254 1022177 ImuError.cpp:650] gyr saturation
W20250111 19:32:01.135258 1022177 ImuError.cpp:650] gyr saturation
W20250111 19:32:01.135262 1022177 ImuError.cpp:650] gyr saturation
W20250111 19:32:01.135267 1022177 ImuError.cpp:650] gyr saturation
W20250111 19:32:01.135272 1022177 ImuError.cpp:650] gyr saturation
W20250111 19:32:01.135277 1022177 ImuError.cpp:650] gyr saturation
W20250111 19:32:01.135286 1022177 ImuError.cpp:650] gyr saturation
W20250111 19:32:01.135290 1022177 ImuError.cpp:650] gyr saturation
W20250111 19:32:01.135294 1022177 ImuError.cpp:650] gyr saturation
W20250111 19:32:01.135298 1022177 ImuError.cpp:650] gyr saturation
W20250111 19:32:01.135304 1022177 ImuError.cpp:650] gyr saturation
W20250111 19:32:01.135309 1022177 ImuError.cpp:650] gyr saturation
W20250111 19:32:01.135315 1022177 ImuError.cpp:650] gyr saturation
W20250111 19:32:01.135319 1022177 ImuError.cpp:650] gyr saturation
W20250111 19:32:01.135324 1022177 ImuError.cpp:650] gyr saturation
W20250111 19:32:01.135332 1022177 ImuError.cpp:650] gyr saturation
W20250111 19:32:01.135336 1022177 ImuError.cpp:650] gyr saturation
W20250111 19:32:01.135340 1022177 ImuError.cpp:650] gyr saturation
W20250111 19:32:01.135346 1022177 ImuError.cpp:650] gyr saturation
W20250111 19:32:01.135351 1022177 ImuError.cpp:650] gyr saturation
W20250111 19:32:01.135356 1022177 ImuError.cpp:650] gyr saturation
W20250111 19:32:01.135360 1022177 ImuError.cpp:650] gyr saturation
W20250111 19:32:01.135365 1022177 ImuError.cpp:650] gyr saturation
W20250111 19:32:01.135370 1022177 ImuError.cpp:650] gyr saturation
W20250111 19:32:01.135375 1022177 ImuError.cpp:650] gyr saturation
W20250111 19:32:01.135378 1022177 ImuError.cpp:650] gyr saturation
W20250111 19:32:01.135385 1022177 ImuError.cpp:650] gyr saturation
W20250111 19:32:01.135387 1022177 ImuError.cpp:650] gyr saturation
W20250111 19:32:01.135393 1022177 ImuError.cpp:650] gyr saturation
W20250111 19:32:01.135397 1022177 ImuError.cpp:650] gyr saturation
W20250111 19:32:01.135401 1022177 ImuError.cpp:650] gyr saturation
W20250111 19:32:01.135407 1022177 ImuError.cpp:650] gyr saturation
W20250111 19:32:01.135411 1022177 ImuError.cpp:650] gyr saturation
W20250111 19:32:01.135416 1022177 ImuError.cpp:650] gyr saturation
W20250111 19:32:01.152498 1022177 ImuError.cpp:650] gyr saturation
W20250111 19:32:01.152526 1022177 ImuError.cpp:650] gyr saturation
W20250111 19:32:01.152529 1022177 ImuError.cpp:650] gyr saturation
W20250111 19:32:01.152532 1022177 ImuError.cpp:650] gyr saturation
W20250111 19:32:01.152536 1022177 ImuError.cpp:650] gyr saturation
W20250111 19:32:01.152540 1022177 ImuError.cpp:650] gyr saturation
W20250111 19:32:01.152545 1022177 ImuError.cpp:650] gyr saturation
W20250111 19:32:01.152549 1022177 ImuError.cpp:650] gyr saturation
W20250111 19:32:01.152556 1022177 ImuError.cpp:650] gyr saturation
W20250111 19:32:01.152560 1022177 ImuError.cpp:650] gyr saturation
W20250111 19:32:01.152563 1022177 ImuError.cpp:650] gyr saturation
W20250111 19:32:01.152567 1022177 ImuError.cpp:650] gyr saturation
W20250111 19:32:01.152570 1022177 ImuError.cpp:650] gyr saturation
W20250111 19:32:01.152575 1022177 ImuError.cpp:650] gyr saturation
W20250111 19:32:01.152577 1022177 ImuError.cpp:650] gyr saturation
W20250111 19:32:01.152581 1022177 ImuError.cpp:650] gyr saturation
W20250111 19:32:01.152585 1022177 ImuError.cpp:650] gyr saturation
W20250111 19:32:01.152590 1022177 ImuError.cpp:650] gyr saturation
W20250111 19:32:01.152592 1022177 ImuError.cpp:650] gyr saturation
W20250111 19:32:01.152596 1022177 ImuError.cpp:650] gyr saturation
W20250111 19:32:01.152599 1022177 ImuError.cpp:650] gyr saturation
W20250111 19:32:01.152603 1022177 ImuError.cpp:650] gyr saturation
W20250111 19:32:01.152607 1022177 ImuError.cpp:650] gyr saturation
W20250111 19:32:01.152611 1022177 ImuError.cpp:650] gyr saturation
W20250111 19:32:01.152614 1022177 ImuError.cpp:650] gyr saturation
W20250111 19:32:01.152617 1022177 ImuError.cpp:650] gyr saturation
W20250111 19:32:01.152621 1022177 ImuError.cpp:650] gyr saturation
W20250111 19:32:01.152624 1022177 ImuError.cpp:650] gyr saturation
W20250111 19:32:01.152628 1022177 ImuError.cpp:650] gyr saturation
W20250111 19:32:01.152635 1022177 ImuError.cpp:650] gyr saturation
W20250111 19:32:01.152639 1022177 ImuError.cpp:650] gyr saturation
W20250111 19:32:01.152642 1022177 ImuError.cpp:650] gyr saturation
W20250111 19:32:01.152647 1022177 ImuError.cpp:650] gyr saturation
W20250111 19:32:01.152649 1022177 ImuError.cpp:650] gyr saturation
W20250111 19:32:01.152653 1022177 ImuError.cpp:650] gyr saturation
W20250111 19:32:01.152834 1022177 ImuError.cpp:650] gyr saturation
W20250111 19:32:01.152840 1022177 ImuError.cpp:650] gyr saturation
W20250111 19:32:01.152844 1022177 ImuError.cpp:650] gyr saturation
W20250111 19:32:01.152848 1022177 ImuError.cpp:650] gyr saturation
W20250111 19:32:01.152853 1022177 ImuError.cpp:650] gyr saturation
W20250111 19:32:01.152858 1022177 ImuError.cpp:650] gyr saturation
W20250111 19:32:01.152863 1022177 ImuError.cpp:650] gyr saturation
W20250111 19:32:01.152868 1022177 ImuError.cpp:650] gyr saturation
W20250111 19:32:01.152873 1022177 ImuError.cpp:650] gyr saturation
W20250111 19:32:01.152877 1022177 ImuError.cpp:650] gyr saturation
W20250111 19:32:01.152881 1022177 ImuError.cpp:650] gyr saturation
W20250111 19:32:01.152885 1022177 ImuError.cpp:650] gyr saturation
W20250111 19:32:01.152890 1022177 ImuError.cpp:650] gyr saturation
W20250111 19:32:01.152894 1022177 ImuError.cpp:650] gyr saturation
W20250111 19:32:01.152897 1022177 ImuError.cpp:650] gyr saturation
W20250111 19:32:01.152902 1022177 ImuError.cpp:650] gyr saturation
W20250111 19:32:01.152906 1022177 ImuError.cpp:650] gyr saturation
W20250111 19:32:01.152909 1022177 ImuError.cpp:650] gyr saturation
W20250111 19:32:01.152915 1022177 ImuError.cpp:650] gyr saturation
W20250111 19:32:01.152920 1022177 ImuError.cpp:650] gyr saturation
W20250111 19:32:01.152922 1022177 ImuError.cpp:650] gyr saturation
W20250111 19:32:01.152928 1022177 ImuError.cpp:650] gyr saturation
W20250111 19:32:01.152933 1022177 ImuError.cpp:650] gyr saturation
W20250111 19:32:01.152937 1022177 ImuError.cpp:650] gyr saturation
W20250111 19:32:01.152940 1022177 ImuError.cpp:650] gyr saturation
W20250111 19:32:01.152944 1022177 ImuError.cpp:650] gyr saturation
W20250111 19:32:01.152948 1022177 ImuError.cpp:650] gyr saturation
W20250111 19:32:01.152954 1022177 ImuError.cpp:650] gyr saturation
W20250111 19:32:01.152959 1022177 ImuError.cpp:650] gyr saturation
W20250111 19:32:01.152963 1022177 ImuError.cpp:650] gyr saturation
W20250111 19:32:01.152966 1022177 ImuError.cpp:650] gyr saturation
W20250111 19:32:01.152971 1022177 ImuError.cpp:650] gyr saturation
W20250111 19:32:01.152973 1022177 ImuError.cpp:650] gyr saturation
W20250111 19:32:01.152978 1022177 ImuError.cpp:650] gyr saturation
W20250111 19:32:01.152983 1022177 ImuError.cpp:650] gyr saturation
W20250111 19:32:01.154737 1022177 ImuError.cpp:368] gyr saturation
W20250111 19:32:01.154769 1022177 ImuError.cpp:368] gyr saturation
W20250111 19:32:01.154779 1022177 ImuError.cpp:368] gyr saturation
W20250111 19:32:01.154788 1022177 ImuError.cpp:368] gyr saturation
W20250111 19:32:01.154798 1022177 ImuError.cpp:368] gyr saturation
W20250111 19:32:01.154807 1022177 ImuError.cpp:368] gyr saturation
W20250111 19:32:01.154817 1022177 ImuError.cpp:368] gyr saturation
W20250111 19:32:01.154825 1022177 ImuError.cpp:368] gyr saturation
W20250111 19:32:01.154834 1022177 ImuError.cpp:368] gyr saturation
W20250111 19:32:01.154842 1022177 ImuError.cpp:368] gyr saturation
W20250111 19:32:01.154850 1022177 ImuError.cpp:368] gyr saturation
W20250111 19:32:01.154860 1022177 ImuError.cpp:368] gyr saturation
W20250111 19:32:01.154868 1022177 ImuError.cpp:368] gyr saturation
W20250111 19:32:01.154877 1022177 ImuError.cpp:368] gyr saturation
W20250111 19:32:01.154886 1022177 ImuError.cpp:368] gyr saturation
W20250111 19:32:01.154892 1022177 ImuError.cpp:368] gyr saturation
W20250111 19:32:01.154901 1022177 ImuError.cpp:368] gyr saturation
W20250111 19:32:01.154910 1022177 ImuError.cpp:368] gyr saturation
W20250111 19:32:01.154918 1022177 ImuError.cpp:368] gyr saturation
W20250111 19:32:01.154927 1022177 ImuError.cpp:368] gyr saturation
W20250111 19:32:01.154934 1022177 ImuError.cpp:368] gyr saturation
W20250111 19:32:01.154942 1022177 ImuError.cpp:368] gyr saturation
W20250111 19:32:01.154949 1022177 ImuError.cpp:368] gyr saturation
W20250111 19:32:01.154958 1022177 ImuError.cpp:368] gyr saturation
W20250111 19:32:01.154966 1022177 ImuError.cpp:368] gyr saturation
W20250111 19:32:01.154974 1022177 ImuError.cpp:368] gyr saturation
W20250111 19:32:01.154981 1022177 ImuError.cpp:368] gyr saturation
W20250111 19:32:01.154990 1022177 ImuError.cpp:368] gyr saturation
W20250111 19:32:01.154997 1022177 ImuError.cpp:368] gyr saturation
W20250111 19:32:01.155006 1022177 ImuError.cpp:368] gyr saturation
W20250111 19:32:01.155014 1022177 ImuError.cpp:368] gyr saturation
W20250111 19:32:01.155022 1022177 ImuError.cpp:368] gyr saturation
W20250111 19:32:01.155030 1022177 ImuError.cpp:368] gyr saturation
W20250111 19:32:01.155038 1022177 ImuError.cpp:368] gyr saturation
W20250111 19:32:01.155050 1022177 ImuError.cpp:368] gyr saturation
W20250111 19:32:01.156721 1022177 Frontend.cpp:612] 3d2d tracking weak: quality=0. Number of 3d2d-matches: 3
W20250111 19:32:01.157840 1022177 ImuError.cpp:650] gyr saturation
W20250111 19:32:01.157852 1022177 ImuError.cpp:650] gyr saturation
W20250111 19:32:01.157856 1022177 ImuError.cpp:650] gyr saturation
W20250111 19:32:01.157860 1022177 ImuError.cpp:650] gyr saturation
W20250111 19:32:01.157864 1022177 ImuError.cpp:650] gyr saturation
W20250111 19:32:01.157867 1022177 ImuError.cpp:650] gyr saturation
W20250111 19:32:01.157871 1022177 ImuError.cpp:650] gyr saturation
W20250111 19:32:01.157876 1022177 ImuError.cpp:650] gyr saturation
W20250111 19:32:01.157879 1022177 ImuError.cpp:650] gyr saturation
W20250111 19:32:01.157883 1022177 ImuError.cpp:650] gyr saturation
W20250111 19:32:01.157886 1022177 ImuError.cpp:650] gyr saturation
W20250111 19:32:01.157891 1022177 ImuError.cpp:650] gyr saturation
W20250111 19:32:01.157895 1022177 ImuError.cpp:650] gyr saturation
W20250111 19:32:01.157899 1022177 ImuError.cpp:650] gyr saturation
W20250111 19:32:01.157903 1022177 ImuError.cpp:650] gyr saturation
W20250111 19:32:01.157907 1022177 ImuError.cpp:650] gyr saturation
W20250111 19:32:01.157917 1022177 ImuError.cpp:650] gyr saturation
W20250111 19:32:01.157922 1022177 ImuError.cpp:650] gyr saturation
W20250111 19:32:01.157927 1022177 ImuError.cpp:650] gyr saturation
W20250111 19:32:01.157932 1022177 ImuError.cpp:650] gyr saturation
W20250111 19:32:01.157936 1022177 ImuError.cpp:650] gyr saturation
W20250111 19:32:01.157941 1022177 ImuError.cpp:650] gyr saturation
W20250111 19:32:01.157944 1022177 ImuError.cpp:650] gyr saturation
W20250111 19:32:01.157948 1022177 ImuError.cpp:650] gyr saturation
W20250111 19:32:01.157953 1022177 ImuError.cpp:650] gyr saturation
W20250111 19:32:01.157955 1022177 ImuError.cpp:650] gyr saturation
W20250111 19:32:01.157964 1022177 ImuError.cpp:650] gyr saturation
W20250111 19:32:01.157967 1022177 ImuError.cpp:650] gyr saturation
W20250111 19:32:01.157971 1022177 ImuError.cpp:650] gyr saturation
W20250111 19:32:01.157975 1022177 ImuError.cpp:650] gyr saturation
W20250111 19:32:01.157979 1022177 ImuError.cpp:650] gyr saturation
W20250111 19:32:01.157984 1022177 ImuError.cpp:650] gyr saturation
W20250111 19:32:01.157986 1022177 ImuError.cpp:650] gyr saturation
W20250111 19:32:01.157990 1022177 ImuError.cpp:650] gyr saturation
W20250111 19:32:01.157994 1022177 ImuError.cpp:650] gyr saturation
W20250111 19:32:01.157999 1022177 ImuError.cpp:650] gyr saturation
W20250111 19:32:01.158002 1022177 ImuError.cpp:650] gyr saturation
W20250111 19:32:01.158006 1022177 ImuError.cpp:650] gyr saturation
W20250111 19:32:01.158010 1022177 ImuError.cpp:650] gyr saturation
W20250111 19:32:01.158015 1022177 ImuError.cpp:650] gyr saturation
W20250111 19:32:01.158018 1022177 ImuError.cpp:650] gyr saturation
W20250111 19:32:01.158022 1022177 ImuError.cpp:650] gyr saturation
W20250111 19:32:01.158026 1022177 ImuError.cpp:650] gyr saturation
W20250111 19:32:01.158030 1022177 ImuError.cpp:650] gyr saturation
W20250111 19:32:01.158035 1022177 ImuError.cpp:650] gyr saturation
W20250111 19:32:01.158039 1022177 ImuError.cpp:650] gyr saturation
W20250111 19:32:01.158044 1022177 ImuError.cpp:650] gyr saturation
W20250111 19:32:01.158047 1022177 ImuError.cpp:650] gyr saturation
W20250111 19:32:01.158052 1022177 ImuError.cpp:650] gyr saturation
W20250111 19:32:01.158056 1022177 ImuError.cpp:650] gyr saturation
W20250111 19:32:01.158061 1022177 ImuError.cpp:650] gyr saturation
W20250111 19:32:01.158063 1022177 ImuError.cpp:650] gyr saturation
W20250111 19:32:01.158067 1022177 ImuError.cpp:650] gyr saturation
W20250111 19:32:01.158071 1022177 ImuError.cpp:650] gyr saturation
W20250111 19:32:01.158075 1022177 ImuError.cpp:650] gyr saturation
W20250111 19:32:01.158079 1022177 ImuError.cpp:650] gyr saturation
W20250111 19:32:01.158083 1022177 ImuError.cpp:650] gyr saturation
W20250111 19:32:01.158088 1022177 ImuError.cpp:650] gyr saturation
W20250111 19:32:01.158092 1022177 ImuError.cpp:650] gyr saturation
W20250111 19:32:01.158097 1022177 ImuError.cpp:650] gyr saturation
W20250111 19:32:01.158102 1022177 ImuError.cpp:650] gyr saturation
W20250111 19:32:01.158106 1022177 ImuError.cpp:650] gyr saturation
W20250111 19:32:01.158110 1022177 ImuError.cpp:650] gyr saturation
W20250111 19:32:01.158113 1022177 ImuError.cpp:650] gyr saturation
W20250111 19:32:01.158119 1022177 ImuError.cpp:650] gyr saturation
W20250111 19:32:01.158123 1022177 ImuError.cpp:650] gyr saturation
W20250111 19:32:01.158128 1022177 ImuError.cpp:650] gyr saturation
W20250111 19:32:01.158131 1022177 ImuError.cpp:650] gyr saturation
W20250111 19:32:01.172719 1236358 ViSlamBackend.cpp:466] TRACKING FAILURE: quality=0
W20250111 19:32:01.173913 1022177 ImuError.cpp:650] gyr saturation
W20250111 19:32:01.173928 1022177 ImuError.cpp:650] gyr saturation
W20250111 19:32:01.173933 1022177 ImuError.cpp:650] gyr saturation
W20250111 19:32:01.173936 1022177 ImuError.cpp:650] gyr saturation
W20250111 19:32:01.173940 1022177 ImuError.cpp:650] gyr saturation
W20250111 19:32:01.173949 1022177 ImuError.cpp:650] gyr saturation
W20250111 19:32:01.173952 1022177 ImuError.cpp:650] gyr saturation
W20250111 19:32:01.173955 1022177 ImuError.cpp:650] gyr saturation
W20250111 19:32:01.173969 1022177 ImuError.cpp:650] gyr saturation
W20250111 19:32:01.173974 1022177 ImuError.cpp:650] gyr saturation
W20250111 19:32:01.173978 1022177 ImuError.cpp:650] gyr saturation
W20250111 19:32:01.173981 1022177 ImuError.cpp:650] gyr saturation
W20250111 19:32:01.173985 1022177 ImuError.cpp:650] gyr saturation
W20250111 19:32:01.173990 1022177 ImuError.cpp:650] gyr saturation
W20250111 19:32:01.173997 1022177 ImuError.cpp:650] gyr saturation
W20250111 19:32:01.174001 1022177 ImuError.cpp:650] gyr saturation
W20250111 19:32:01.174005 1022177 ImuError.cpp:650] gyr saturation
W20250111 19:32:01.174010 1022177 ImuError.cpp:650] gyr saturation
W20250111 19:32:01.174014 1022177 ImuError.cpp:650] gyr saturation
W20250111 19:32:01.174018 1022177 ImuError.cpp:650] gyr saturation
W20250111 19:32:01.174023 1022177 ImuError.cpp:650] gyr saturation
W20250111 19:32:01.174027 1022177 ImuError.cpp:650] gyr saturation
W20250111 19:32:01.174031 1022177 ImuError.cpp:650] gyr saturation
W20250111 19:32:01.174036 1022177 ImuError.cpp:650] gyr saturation
W20250111 19:32:01.174041 1022177 ImuError.cpp:650] gyr saturation
W20250111 19:32:01.174046 1022177 ImuError.cpp:650] gyr saturation
W20250111 19:32:01.174049 1022177 ImuError.cpp:650] gyr saturation
W20250111 19:32:01.174053 1022177 ImuError.cpp:650] gyr saturation
W20250111 19:32:01.174057 1022177 ImuError.cpp:650] gyr saturation
W20250111 19:32:01.174062 1022177 ImuError.cpp:650] gyr saturation
W20250111 19:32:01.174067 1022177 ImuError.cpp:650] gyr saturation
W20250111 19:32:01.174070 1022177 ImuError.cpp:650] gyr saturation
W20250111 19:32:01.174074 1022177 ImuError.cpp:650] gyr saturation
W20250111 19:32:01.174079 1022177 ImuError.cpp:650] gyr saturation
W20250111 19:32:01.174168 1022177 ImuError.cpp:650] gyr saturation
W20250111 19:32:01.174173 1022177 ImuError.cpp:650] gyr saturation
W20250111 19:32:01.174176 1022177 ImuError.cpp:650] gyr saturation
W20250111 19:32:01.174181 1022177 ImuError.cpp:650] gyr saturation
W20250111 19:32:01.174186 1022177 ImuError.cpp:650] gyr saturation
W20250111 19:32:01.174190 1022177 ImuError.cpp:650] gyr saturation
W20250111 19:32:01.174193 1022177 ImuError.cpp:650] gyr saturation
W20250111 19:32:01.174198 1022177 ImuError.cpp:650] gyr saturation
W20250111 19:32:01.174201 1022177 ImuError.cpp:650] gyr saturation
W20250111 19:32:01.174204 1022177 ImuError.cpp:650] gyr saturation
W20250111 19:32:01.174209 1022177 ImuError.cpp:650] gyr saturation
W20250111 19:32:01.174213 1022177 ImuError.cpp:650] gyr saturation
W20250111 19:32:01.174217 1022177 ImuError.cpp:650] gyr saturation
W20250111 19:32:01.174221 1022177 ImuError.cpp:650] gyr saturation
W20250111 19:32:01.174224 1022177 ImuError.cpp:650] gyr saturation
W20250111 19:32:01.174228 1022177 ImuError.cpp:650] gyr saturation
W20250111 19:32:01.174232 1022177 ImuError.cpp:650] gyr saturation
W20250111 19:32:01.174237 1022177 ImuError.cpp:650] gyr saturation
W20250111 19:32:01.174242 1022177 ImuError.cpp:650] gyr saturation
W20250111 19:32:01.174247 1022177 ImuError.cpp:650] gyr saturation
W20250111 19:32:01.174249 1022177 ImuError.cpp:650] gyr saturation
W20250111 19:32:01.174254 1022177 ImuError.cpp:650] gyr saturation
W20250111 19:32:01.174259 1022177 ImuError.cpp:650] gyr saturation
W20250111 19:32:01.174263 1022177 ImuError.cpp:650] gyr saturation
W20250111 19:32:01.174266 1022177 ImuError.cpp:650] gyr saturation
W20250111 19:32:01.174270 1022177 ImuError.cpp:650] gyr saturation
W20250111 19:32:01.174273 1022177 ImuError.cpp:650] gyr saturation
W20250111 19:32:01.174278 1022177 ImuError.cpp:650] gyr saturation
W20250111 19:32:01.174281 1022177 ImuError.cpp:650] gyr saturation
W20250111 19:32:01.174285 1022177 ImuError.cpp:650] gyr saturation
W20250111 19:32:01.174289 1022177 ImuError.cpp:650] gyr saturation
W20250111 19:32:01.174293 1022177 ImuError.cpp:650] gyr saturation
W20250111 19:32:01.174299 1022177 ImuError.cpp:650] gyr saturation
W20250111 19:32:01.174302 1022177 ImuError.cpp:650] gyr saturation
W20250111 19:32:01.175864 1022177 ImuError.cpp:368] gyr saturation
W20250111 19:32:01.175902 1022177 ImuError.cpp:368] gyr saturation
W20250111 19:32:01.175912 1022177 ImuError.cpp:368] gyr saturation
W20250111 19:32:01.175920 1022177 ImuError.cpp:368] gyr saturation
W20250111 19:32:01.175927 1022177 ImuError.cpp:368] gyr saturation
W20250111 19:32:01.175935 1022177 ImuError.cpp:368] gyr saturation
W20250111 19:32:01.175943 1022177 ImuError.cpp:368] gyr saturation
W20250111 19:32:01.175951 1022177 ImuError.cpp:368] gyr saturation
W20250111 19:32:01.175958 1022177 ImuError.cpp:368] gyr saturation
W20250111 19:32:01.175968 1022177 ImuError.cpp:368] gyr saturation
W20250111 19:32:01.175981 1022177 ImuError.cpp:368] gyr saturation
W20250111 19:32:01.175989 1022177 ImuError.cpp:368] gyr saturation
W20250111 19:32:01.175998 1022177 ImuError.cpp:368] gyr saturation
W20250111 19:32:01.176007 1022177 ImuError.cpp:368] gyr saturation
W20250111 19:32:01.176014 1022177 ImuError.cpp:368] gyr saturation
W20250111 19:32:01.176023 1022177 ImuError.cpp:368] gyr saturation
W20250111 19:32:01.176030 1022177 ImuError.cpp:368] gyr saturation
W20250111 19:32:01.176039 1022177 ImuError.cpp:368] gyr saturation
W20250111 19:32:01.176048 1022177 ImuError.cpp:368] gyr saturation
W20250111 19:32:01.176056 1022177 ImuError.cpp:368] gyr saturation
W20250111 19:32:01.176064 1022177 ImuError.cpp:368] gyr saturation
W20250111 19:32:01.176074 1022177 ImuError.cpp:368] gyr saturation
W20250111 19:32:01.176081 1022177 ImuError.cpp:368] gyr saturation
W20250111 19:32:01.176090 1022177 ImuError.cpp:368] gyr saturation
W20250111 19:32:01.176100 1022177 ImuError.cpp:368] gyr saturation
W20250111 19:32:01.176108 1022177 ImuError.cpp:368] gyr saturation
W20250111 19:32:01.176117 1022177 ImuError.cpp:368] gyr saturation
W20250111 19:32:01.176126 1022177 ImuError.cpp:368] gyr saturation
W20250111 19:32:01.176134 1022177 ImuError.cpp:368] gyr saturation
W20250111 19:32:01.176142 1022177 ImuError.cpp:368] gyr saturation
W20250111 19:32:01.176151 1022177 ImuError.cpp:368] gyr saturation
W20250111 19:32:01.176159 1022177 ImuError.cpp:368] gyr saturation
W20250111 19:32:01.176167 1022177 ImuError.cpp:368] gyr saturation
W20250111 19:32:01.176177 1022177 ImuError.cpp:368] gyr saturation
W20250111 19:32:01.177723 1022177 Frontend.cpp:612] 3d2d tracking weak: quality=0. Number of 3d2d-matches: 3
W20250111 19:32:01.178732 1022177 ImuError.cpp:650] gyr saturation
W20250111 19:32:01.178747 1022177 ImuError.cpp:650] gyr saturation
W20250111 19:32:01.178752 1022177 ImuError.cpp:650] gyr saturation
W20250111 19:32:01.178756 1022177 ImuError.cpp:650] gyr saturation
W20250111 19:32:01.178761 1022177 ImuError.cpp:650] gyr saturation
W20250111 19:32:01.178764 1022177 ImuError.cpp:650] gyr saturation
W20250111 19:32:01.178768 1022177 ImuError.cpp:650] gyr saturation
W20250111 19:32:01.178772 1022177 ImuError.cpp:650] gyr saturation
W20250111 19:32:01.178781 1022177 ImuError.cpp:650] gyr saturation
W20250111 19:32:01.178786 1022177 ImuError.cpp:650] gyr saturation
W20250111 19:32:01.178792 1022177 ImuError.cpp:650] gyr saturation
W20250111 19:32:01.178797 1022177 ImuError.cpp:650] gyr saturation
W20250111 19:32:01.178800 1022177 ImuError.cpp:650] gyr saturation
W20250111 19:32:01.178805 1022177 ImuError.cpp:650] gyr saturation
W20250111 19:32:01.178809 1022177 ImuError.cpp:650] gyr saturation
W20250111 19:32:01.178814 1022177 ImuError.cpp:650] gyr saturation
W20250111 19:32:01.178819 1022177 ImuError.cpp:650] gyr saturation
W20250111 19:32:01.178823 1022177 ImuError.cpp:650] gyr saturation
W20250111 19:32:01.178828 1022177 ImuError.cpp:650] gyr saturation
W20250111 19:32:01.178833 1022177 ImuError.cpp:650] gyr saturation
W20250111 19:32:01.178838 1022177 ImuError.cpp:650] gyr saturation
W20250111 19:32:01.178841 1022177 ImuError.cpp:650] gyr saturation
W20250111 19:32:01.178846 1022177 ImuError.cpp:650] gyr saturation
W20250111 19:32:01.178850 1022177 ImuError.cpp:650] gyr saturation
W20250111 19:32:01.178855 1022177 ImuError.cpp:650] gyr saturation
W20250111 19:32:01.178858 1022177 ImuError.cpp:650] gyr saturation
W20250111 19:32:01.178862 1022177 ImuError.cpp:650] gyr saturation
W20250111 19:32:01.178870 1022177 ImuError.cpp:650] gyr saturation
W20250111 19:32:01.178875 1022177 ImuError.cpp:650] gyr saturation
W20250111 19:32:01.178881 1022177 ImuError.cpp:650] gyr saturation
W20250111 19:32:01.178884 1022177 ImuError.cpp:650] gyr saturation
W20250111 19:32:01.178889 1022177 ImuError.cpp:650] gyr saturation
W20250111 19:32:01.178892 1022177 ImuError.cpp:650] gyr saturation
W20250111 19:32:01.178895 1022177 ImuError.cpp:650] gyr saturation
W20250111 19:32:01.178901 1022177 ImuError.cpp:650] gyr saturation
W20250111 19:32:01.178905 1022177 ImuError.cpp:650] gyr saturation
W20250111 19:32:01.178910 1022177 ImuError.cpp:650] gyr saturation
W20250111 19:32:01.178912 1022177 ImuError.cpp:650] gyr saturation
W20250111 19:32:01.178918 1022177 ImuError.cpp:650] gyr saturation
W20250111 19:32:01.178921 1022177 ImuError.cpp:650] gyr saturation
W20250111 19:32:01.178925 1022177 ImuError.cpp:650] gyr saturation
W20250111 19:32:01.178929 1022177 ImuError.cpp:650] gyr saturation
W20250111 19:32:01.178933 1022177 ImuError.cpp:650] gyr saturation
W20250111 19:32:01.178938 1022177 ImuError.cpp:650] gyr saturation
W20250111 19:32:01.178942 1022177 ImuError.cpp:650] gyr saturation
W20250111 19:32:01.178946 1022177 ImuError.cpp:650] gyr saturation
W20250111 19:32:01.178951 1022177 ImuError.cpp:650] gyr saturation
W20250111 19:32:01.178956 1022177 ImuError.cpp:650] gyr saturation
W20250111 19:32:01.178961 1022177 ImuError.cpp:650] gyr saturation
W20250111 19:32:01.178963 1022177 ImuError.cpp:650] gyr saturation
W20250111 19:32:01.178967 1022177 ImuError.cpp:650] gyr saturation
W20250111 19:32:01.178972 1022177 ImuError.cpp:650] gyr saturation
W20250111 19:32:01.178977 1022177 ImuError.cpp:650] gyr saturation
W20250111 19:32:01.178980 1022177 ImuError.cpp:650] gyr saturation
W20250111 19:32:01.178983 1022177 ImuError.cpp:650] gyr saturation
W20250111 19:32:01.178987 1022177 ImuError.cpp:650] gyr saturation
W20250111 19:32:01.178992 1022177 ImuError.cpp:650] gyr saturation
W20250111 19:32:01.178997 1022177 ImuError.cpp:650] gyr saturation
W20250111 19:32:01.178999 1022177 ImuError.cpp:650] gyr saturation
W20250111 19:32:01.179003 1022177 ImuError.cpp:650] gyr saturation
W20250111 19:32:01.179008 1022177 ImuError.cpp:650] gyr saturation
W20250111 19:32:01.179010 1022177 ImuError.cpp:650] gyr saturation
W20250111 19:32:01.179014 1022177 ImuError.cpp:650] gyr saturation
W20250111 19:32:01.179018 1022177 ImuError.cpp:650] gyr saturation
W20250111 19:32:01.179023 1022177 ImuError.cpp:650] gyr saturation
W20250111 19:32:01.179026 1022177 ImuError.cpp:650] gyr saturation
W20250111 19:32:01.179030 1022177 ImuError.cpp:650] gyr saturation
W20250111 19:32:01.179035 1022177 ImuError.cpp:650] gyr saturation
W20250111 19:32:01.192354 1236416 ViSlamBackend.cpp:466] TRACKING FAILURE: quality=0
W20250111 19:32:01.193493 1022177 ImuError.cpp:650] gyr saturation
W20250111 19:32:01.193506 1022177 ImuError.cpp:650] gyr saturation
W20250111 19:32:01.193511 1022177 ImuError.cpp:650] gyr saturation
W20250111 19:32:01.193512 1022177 ImuError.cpp:650] gyr saturation
W20250111 19:32:01.193516 1022177 ImuError.cpp:650] gyr saturation
W20250111 19:32:01.193521 1022177 ImuError.cpp:650] gyr saturation
W20250111 19:32:01.193531 1022177 ImuError.cpp:650] gyr saturation
W20250111 19:32:01.193536 1022177 ImuError.cpp:650] gyr saturation
W20250111 19:32:01.193540 1022177 ImuError.cpp:650] gyr saturation
W20250111 19:32:01.193544 1022177 ImuError.cpp:650] gyr saturation
W20250111 19:32:01.193552 1022177 ImuError.cpp:650] gyr saturation
W20250111 19:32:01.193557 1022177 ImuError.cpp:650] gyr saturation
W20250111 19:32:01.193560 1022177 ImuError.cpp:650] gyr saturation
W20250111 19:32:01.193564 1022177 ImuError.cpp:650] gyr saturation
W20250111 19:32:01.193569 1022177 ImuError.cpp:650] gyr saturation
W20250111 19:32:01.193573 1022177 ImuError.cpp:650] gyr saturation
W20250111 19:32:01.193578 1022177 ImuError.cpp:650] gyr saturation
W20250111 19:32:01.193581 1022177 ImuError.cpp:650] gyr saturation
W20250111 19:32:01.193584 1022177 ImuError.cpp:650] gyr saturation
W20250111 19:32:01.193593 1022177 ImuError.cpp:650] gyr saturation
W20250111 19:32:01.193598 1022177 ImuError.cpp:650] gyr saturation
W20250111 19:32:01.193603 1022177 ImuError.cpp:650] gyr saturation
W20250111 19:32:01.193605 1022177 ImuError.cpp:650] gyr saturation
W20250111 19:32:01.193609 1022177 ImuError.cpp:650] gyr saturation
W20250111 19:32:01.193614 1022177 ImuError.cpp:650] gyr saturation
W20250111 19:32:01.193617 1022177 ImuError.cpp:650] gyr saturation
W20250111 19:32:01.193620 1022177 ImuError.cpp:650] gyr saturation
W20250111 19:32:01.193624 1022177 ImuError.cpp:650] gyr saturation
W20250111 19:32:01.193631 1022177 ImuError.cpp:650] gyr saturation
W20250111 19:32:01.193634 1022177 ImuError.cpp:650] gyr saturation
W20250111 19:32:01.193639 1022177 ImuError.cpp:650] gyr saturation
W20250111 19:32:01.193642 1022177 ImuError.cpp:650] gyr saturation
W20250111 19:32:01.193645 1022177 ImuError.cpp:650] gyr saturation
W20250111 19:32:01.193650 1022177 ImuError.cpp:650] gyr saturation
W20250111 19:32:01.193653 1022177 ImuError.cpp:650] gyr saturation
W20250111 19:32:01.193729 1022177 ImuError.cpp:650] gyr saturation
W20250111 19:32:01.193733 1022177 ImuError.cpp:650] gyr saturation
W20250111 19:32:01.193738 1022177 ImuError.cpp:650] gyr saturation
W20250111 19:32:01.193742 1022177 ImuError.cpp:650] gyr saturation
W20250111 19:32:01.193746 1022177 ImuError.cpp:650] gyr saturation
W20250111 19:32:01.193749 1022177 ImuError.cpp:650] gyr saturation
W20250111 19:32:01.193753 1022177 ImuError.cpp:650] gyr saturation
W20250111 19:32:01.193756 1022177 ImuError.cpp:650] gyr saturation
W20250111 19:32:01.193760 1022177 ImuError.cpp:650] gyr saturation
W20250111 19:32:01.193765 1022177 ImuError.cpp:650] gyr saturation
W20250111 19:32:01.193769 1022177 ImuError.cpp:650] gyr saturation
W20250111 19:32:01.193773 1022177 ImuError.cpp:650] gyr saturation
W20250111 19:32:01.193778 1022177 ImuError.cpp:650] gyr saturation
W20250111 19:32:01.193781 1022177 ImuError.cpp:650] gyr saturation
W20250111 19:32:01.193785 1022177 ImuError.cpp:650] gyr saturation
W20250111 19:32:01.193789 1022177 ImuError.cpp:650] gyr saturation
W20250111 19:32:01.193794 1022177 ImuError.cpp:650] gyr saturation
W20250111 19:32:01.193799 1022177 ImuError.cpp:650] gyr saturation
W20250111 19:32:01.193801 1022177 ImuError.cpp:650] gyr saturation
W20250111 19:32:01.193806 1022177 ImuError.cpp:650] gyr saturation
W20250111 19:32:01.193811 1022177 ImuError.cpp:650] gyr saturation
W20250111 19:32:01.193816 1022177 ImuError.cpp:650] gyr saturation
W20250111 19:32:01.193819 1022177 ImuError.cpp:650] gyr saturation
W20250111 19:32:01.193823 1022177 ImuError.cpp:650] gyr saturation
W20250111 19:32:01.193827 1022177 ImuError.cpp:650] gyr saturation
W20250111 19:32:01.193830 1022177 ImuError.cpp:650] gyr saturation
W20250111 19:32:01.193836 1022177 ImuError.cpp:650] gyr saturation
W20250111 19:32:01.193840 1022177 ImuError.cpp:650] gyr saturation
W20250111 19:32:01.193843 1022177 ImuError.cpp:650] gyr saturation
W20250111 19:32:01.193850 1022177 ImuError.cpp:650] gyr saturation
W20250111 19:32:01.193852 1022177 ImuError.cpp:650] gyr saturation
W20250111 19:32:01.193856 1022177 ImuError.cpp:650] gyr saturation
W20250111 19:32:01.193861 1022177 ImuError.cpp:650] gyr saturation
W20250111 19:32:01.193863 1022177 ImuError.cpp:650] gyr saturation
W20250111 19:32:01.193867 1022177 ImuError.cpp:650] gyr saturation
W20250111 19:32:01.195422 1022177 ImuError.cpp:368] gyr saturation
W20250111 19:32:01.195451 1022177 ImuError.cpp:368] gyr saturation
W20250111 19:32:01.195459 1022177 ImuError.cpp:368] gyr saturation
W20250111 19:32:01.195467 1022177 ImuError.cpp:368] gyr saturation
W20250111 19:32:01.195474 1022177 ImuError.cpp:368] gyr saturation
W20250111 19:32:01.195482 1022177 ImuError.cpp:368] gyr saturation
W20250111 19:32:01.195492 1022177 ImuError.cpp:368] gyr saturation
W20250111 19:32:01.195499 1022177 ImuError.cpp:368] gyr saturation
W20250111 19:32:01.195508 1022177 ImuError.cpp:368] gyr saturation
W20250111 19:32:01.195514 1022177 ImuError.cpp:368] gyr saturation
W20250111 19:32:01.195529 1022177 ImuError.cpp:368] gyr saturation
W20250111 19:32:01.195538 1022177 ImuError.cpp:368] gyr saturation
W20250111 19:32:01.195547 1022177 ImuError.cpp:368] gyr saturation
W20250111 19:32:01.195556 1022177 ImuError.cpp:368] gyr saturation
W20250111 19:32:01.195564 1022177 ImuError.cpp:368] gyr saturation
W20250111 19:32:01.195572 1022177 ImuError.cpp:368] gyr saturation
W20250111 19:32:01.195580 1022177 ImuError.cpp:368] gyr saturation
W20250111 19:32:01.195587 1022177 ImuError.cpp:368] gyr saturation
W20250111 19:32:01.195595 1022177 ImuError.cpp:368] gyr saturation
W20250111 19:32:01.195603 1022177 ImuError.cpp:368] gyr saturation
W20250111 19:32:01.195611 1022177 ImuError.cpp:368] gyr saturation
W20250111 19:32:01.195618 1022177 ImuError.cpp:368] gyr saturation
W20250111 19:32:01.195626 1022177 ImuError.cpp:368] gyr saturation
W20250111 19:32:01.195637 1022177 ImuError.cpp:368] gyr saturation
W20250111 19:32:01.195645 1022177 ImuError.cpp:368] gyr saturation
W20250111 19:32:01.195652 1022177 ImuError.cpp:368] gyr saturation
W20250111 19:32:01.195660 1022177 ImuError.cpp:368] gyr saturation
W20250111 19:32:01.195669 1022177 ImuError.cpp:368] gyr saturation
W20250111 19:32:01.195678 1022177 ImuError.cpp:368] gyr saturation
W20250111 19:32:01.195686 1022177 ImuError.cpp:368] gyr saturation
W20250111 19:32:01.195695 1022177 ImuError.cpp:368] gyr saturation
W20250111 19:32:01.195703 1022177 ImuError.cpp:368] gyr saturation
W20250111 19:32:01.195711 1022177 ImuError.cpp:368] gyr saturation
W20250111 19:32:01.195721 1022177 ImuError.cpp:368] gyr saturation
W20250111 19:32:01.195729 1022177 ImuError.cpp:368] gyr saturation
W20250111 19:32:01.197214 1022177 Frontend.cpp:612] 3d2d tracking weak: quality=0. Number of 3d2d-matches: 4
W20250111 19:32:01.198277 1022177 ImuError.cpp:650] gyr saturation
W20250111 19:32:01.198288 1022177 ImuError.cpp:650] gyr saturation
W20250111 19:32:01.198292 1022177 ImuError.cpp:650] gyr saturation
W20250111 19:32:01.198297 1022177 ImuError.cpp:650] gyr saturation
W20250111 19:32:01.198302 1022177 ImuError.cpp:650] gyr saturation
W20250111 19:32:01.198305 1022177 ImuError.cpp:650] gyr saturation
W20250111 19:32:01.198309 1022177 ImuError.cpp:650] gyr saturation
W20250111 19:32:01.198313 1022177 ImuError.cpp:650] gyr saturation
W20250111 19:32:01.198318 1022177 ImuError.cpp:650] gyr saturation
W20250111 19:32:01.198320 1022177 ImuError.cpp:650] gyr saturation
W20250111 19:32:01.198324 1022177 ImuError.cpp:650] gyr saturation
W20250111 19:32:01.198328 1022177 ImuError.cpp:650] gyr saturation
W20250111 19:32:01.198333 1022177 ImuError.cpp:650] gyr saturation
W20250111 19:32:01.198336 1022177 ImuError.cpp:650] gyr saturation
W20250111 19:32:01.198340 1022177 ImuError.cpp:650] gyr saturation
W20250111 19:32:01.198348 1022177 ImuError.cpp:650] gyr saturation
W20250111 19:32:01.198355 1022177 ImuError.cpp:650] gyr saturation
W20250111 19:32:01.198359 1022177 ImuError.cpp:650] gyr saturation
W20250111 19:32:01.198364 1022177 ImuError.cpp:650] gyr saturation
W20250111 19:32:01.198369 1022177 ImuError.cpp:650] gyr saturation
W20250111 19:32:01.198374 1022177 ImuError.cpp:650] gyr saturation
W20250111 19:32:01.198377 1022177 ImuError.cpp:650] gyr saturation
W20250111 19:32:01.198381 1022177 ImuError.cpp:650] gyr saturation
W20250111 19:32:01.198385 1022177 ImuError.cpp:650] gyr saturation
W20250111 19:32:01.198390 1022177 ImuError.cpp:650] gyr saturation
W20250111 19:32:01.198395 1022177 ImuError.cpp:650] gyr saturation
W20250111 19:32:01.198398 1022177 ImuError.cpp:650] gyr saturation
W20250111 19:32:01.198402 1022177 ImuError.cpp:650] gyr saturation
W20250111 19:32:01.198405 1022177 ImuError.cpp:650] gyr saturation
W20250111 19:32:01.198410 1022177 ImuError.cpp:650] gyr saturation
W20250111 19:32:01.198417 1022177 ImuError.cpp:650] gyr saturation
W20250111 19:32:01.198423 1022177 ImuError.cpp:650] gyr saturation
W20250111 19:32:01.198427 1022177 ImuError.cpp:650] gyr saturation
W20250111 19:32:01.198431 1022177 ImuError.cpp:650] gyr saturation
W20250111 19:32:01.198436 1022177 ImuError.cpp:650] gyr saturation
W20250111 19:32:01.198442 1022177 ImuError.cpp:650] gyr saturation
W20250111 19:32:01.198448 1022177 ImuError.cpp:650] gyr saturation
W20250111 19:32:01.198452 1022177 ImuError.cpp:650] gyr saturation
W20250111 19:32:01.198457 1022177 ImuError.cpp:650] gyr saturation
W20250111 19:32:01.198460 1022177 ImuError.cpp:650] gyr saturation
W20250111 19:32:01.198463 1022177 ImuError.cpp:650] gyr saturation
W20250111 19:32:01.198469 1022177 ImuError.cpp:650] gyr saturation
W20250111 19:32:01.198475 1022177 ImuError.cpp:650] gyr saturation
W20250111 19:32:01.198478 1022177 ImuError.cpp:650] gyr saturation
W20250111 19:32:01.198482 1022177 ImuError.cpp:650] gyr saturation
W20250111 19:32:01.198486 1022177 ImuError.cpp:650] gyr saturation
W20250111 19:32:01.198490 1022177 ImuError.cpp:650] gyr saturation
W20250111 19:32:01.198495 1022177 ImuError.cpp:650] gyr saturation
W20250111 19:32:01.198500 1022177 ImuError.cpp:650] gyr saturation
W20250111 19:32:01.198504 1022177 ImuError.cpp:650] gyr saturation
W20250111 19:32:01.198508 1022177 ImuError.cpp:650] gyr saturation
W20250111 19:32:01.198511 1022177 ImuError.cpp:650] gyr saturation
W20250111 19:32:01.198515 1022177 ImuError.cpp:650] gyr saturation
W20250111 19:32:01.198518 1022177 ImuError.cpp:650] gyr saturation
W20250111 19:32:01.198524 1022177 ImuError.cpp:650] gyr saturation
W20250111 19:32:01.198527 1022177 ImuError.cpp:650] gyr saturation
W20250111 19:32:01.198531 1022177 ImuError.cpp:650] gyr saturation
W20250111 19:32:01.198535 1022177 ImuError.cpp:650] gyr saturation
W20250111 19:32:01.198539 1022177 ImuError.cpp:650] gyr saturation
W20250111 19:32:01.198544 1022177 ImuError.cpp:650] gyr saturation
W20250111 19:32:01.198546 1022177 ImuError.cpp:650] gyr saturation
W20250111 19:32:01.198550 1022177 ImuError.cpp:650] gyr saturation
W20250111 19:32:01.198556 1022177 ImuError.cpp:650] gyr saturation
W20250111 19:32:01.198559 1022177 ImuError.cpp:650] gyr saturation
W20250111 19:32:01.198563 1022177 ImuError.cpp:650] gyr saturation
W20250111 19:32:01.214221 1236466 ViSlamBackend.cpp:466] TRACKING FAILURE: quality=0
W20250111 19:32:01.215358 1022177 ImuError.cpp:650] gyr saturation
W20250111 19:32:01.215375 1022177 ImuError.cpp:650] gyr saturation
W20250111 19:32:01.215378 1022177 ImuError.cpp:650] gyr saturation
W20250111 19:32:01.215381 1022177 ImuError.cpp:650] gyr saturation
W20250111 19:32:01.215384 1022177 ImuError.cpp:650] gyr saturation
W20250111 19:32:01.215389 1022177 ImuError.cpp:650] gyr saturation
W20250111 19:32:01.215392 1022177 ImuError.cpp:650] gyr saturation
W20250111 19:32:01.215396 1022177 ImuError.cpp:650] gyr saturation
W20250111 19:32:01.215399 1022177 ImuError.cpp:650] gyr saturation
W20250111 19:32:01.215404 1022177 ImuError.cpp:650] gyr saturation
W20250111 19:32:01.215415 1022177 ImuError.cpp:650] gyr saturation
W20250111 19:32:01.215418 1022177 ImuError.cpp:650] gyr saturation
W20250111 19:32:01.215423 1022177 ImuError.cpp:650] gyr saturation
W20250111 19:32:01.215427 1022177 ImuError.cpp:650] gyr saturation
W20250111 19:32:01.215435 1022177 ImuError.cpp:650] gyr saturation
W20250111 19:32:01.215438 1022177 ImuError.cpp:650] gyr saturation
W20250111 19:32:01.215441 1022177 ImuError.cpp:650] gyr saturation
W20250111 19:32:01.215448 1022177 ImuError.cpp:650] gyr saturation
W20250111 19:32:01.215456 1022177 ImuError.cpp:650] gyr saturation
W20250111 19:32:01.215461 1022177 ImuError.cpp:650] gyr saturation
W20250111 19:32:01.215464 1022177 ImuError.cpp:650] gyr saturation
W20250111 19:32:01.215469 1022177 ImuError.cpp:650] gyr saturation
W20250111 19:32:01.215473 1022177 ImuError.cpp:650] gyr saturation
W20250111 19:32:01.215477 1022177 ImuError.cpp:650] gyr saturation
W20250111 19:32:01.215481 1022177 ImuError.cpp:650] gyr saturation
W20250111 19:32:01.215485 1022177 ImuError.cpp:650] gyr saturation
W20250111 19:32:01.215489 1022177 ImuError.cpp:650] gyr saturation
W20250111 19:32:01.215494 1022177 ImuError.cpp:650] gyr saturation
W20250111 19:32:01.215498 1022177 ImuError.cpp:650] gyr saturation
W20250111 19:32:01.215507 1022177 ImuError.cpp:650] gyr saturation
W20250111 19:32:01.215512 1022177 ImuError.cpp:650] gyr saturation
W20250111 19:32:01.215636 1022177 ImuError.cpp:650] gyr saturation
W20250111 19:32:01.215641 1022177 ImuError.cpp:650] gyr saturation
W20250111 19:32:01.215644 1022177 ImuError.cpp:650] gyr saturation
W20250111 19:32:01.215648 1022177 ImuError.cpp:650] gyr saturation
W20250111 19:32:01.215652 1022177 ImuError.cpp:650] gyr saturation
W20250111 19:32:01.215656 1022177 ImuError.cpp:650] gyr saturation
W20250111 19:32:01.215662 1022177 ImuError.cpp:650] gyr saturation
W20250111 19:32:01.215665 1022177 ImuError.cpp:650] gyr saturation
W20250111 19:32:01.215668 1022177 ImuError.cpp:650] gyr saturation
W20250111 19:32:01.215673 1022177 ImuError.cpp:650] gyr saturation
W20250111 19:32:01.215677 1022177 ImuError.cpp:650] gyr saturation
W20250111 19:32:01.215682 1022177 ImuError.cpp:650] gyr saturation
W20250111 19:32:01.215687 1022177 ImuError.cpp:650] gyr saturation
W20250111 19:32:01.215690 1022177 ImuError.cpp:650] gyr saturation
W20250111 19:32:01.215694 1022177 ImuError.cpp:650] gyr saturation
W20250111 19:32:01.215699 1022177 ImuError.cpp:650] gyr saturation
W20250111 19:32:01.215703 1022177 ImuError.cpp:650] gyr saturation
W20250111 19:32:01.215706 1022177 ImuError.cpp:650] gyr saturation
W20250111 19:32:01.215713 1022177 ImuError.cpp:650] gyr saturation
W20250111 19:32:01.215718 1022177 ImuError.cpp:650] gyr saturation
W20250111 19:32:01.215720 1022177 ImuError.cpp:650] gyr saturation
W20250111 19:32:01.215724 1022177 ImuError.cpp:650] gyr saturation
W20250111 19:32:01.215728 1022177 ImuError.cpp:650] gyr saturation
W20250111 19:32:01.215731 1022177 ImuError.cpp:650] gyr saturation
W20250111 19:32:01.215735 1022177 ImuError.cpp:650] gyr saturation
W20250111 19:32:01.215739 1022177 ImuError.cpp:650] gyr saturation
W20250111 19:32:01.215744 1022177 ImuError.cpp:650] gyr saturation
W20250111 19:32:01.215747 1022177 ImuError.cpp:650] gyr saturation
W20250111 19:32:01.215750 1022177 ImuError.cpp:650] gyr saturation
W20250111 19:32:01.215756 1022177 ImuError.cpp:650] gyr saturation
W20250111 19:32:01.215760 1022177 ImuError.cpp:650] gyr saturation
W20250111 19:32:01.216261 1022177 Frontend.cpp:615] 3d2d tracking lost. Number of 3d2d-matches: 2
W20250111 19:32:01.216938 1022177 ImuError.cpp:650] gyr saturation
W20250111 19:32:01.216948 1022177 ImuError.cpp:650] gyr saturation
W20250111 19:32:01.216953 1022177 ImuError.cpp:650] gyr saturation
W20250111 19:32:01.216955 1022177 ImuError.cpp:650] gyr saturation
W20250111 19:32:01.216961 1022177 ImuError.cpp:650] gyr saturation
W20250111 19:32:01.216965 1022177 ImuError.cpp:650] gyr saturation
W20250111 19:32:01.216971 1022177 ImuError.cpp:650] gyr saturation
W20250111 19:32:01.216975 1022177 ImuError.cpp:650] gyr saturation
W20250111 19:32:01.216981 1022177 ImuError.cpp:650] gyr saturation
W20250111 19:32:01.216989 1022177 ImuError.cpp:650] gyr saturation
W20250111 19:32:01.216992 1022177 ImuError.cpp:650] gyr saturation
W20250111 19:32:01.216997 1022177 ImuError.cpp:650] gyr saturation
W20250111 19:32:01.217000 1022177 ImuError.cpp:650] gyr saturation
W20250111 19:32:01.217005 1022177 ImuError.cpp:650] gyr saturation
W20250111 19:32:01.217008 1022177 ImuError.cpp:650] gyr saturation
W20250111 19:32:01.217013 1022177 ImuError.cpp:650] gyr saturation
W20250111 19:32:01.217017 1022177 ImuError.cpp:650] gyr saturation
W20250111 19:32:01.217021 1022177 ImuError.cpp:650] gyr saturation
W20250111 19:32:01.217025 1022177 ImuError.cpp:650] gyr saturation
W20250111 19:32:01.217029 1022177 ImuError.cpp:650] gyr saturation
W20250111 19:32:01.217034 1022177 ImuError.cpp:650] gyr saturation
W20250111 19:32:01.217041 1022177 ImuError.cpp:650] gyr saturation
W20250111 19:32:01.217046 1022177 ImuError.cpp:650] gyr saturation
W20250111 19:32:01.217051 1022177 ImuError.cpp:650] gyr saturation
W20250111 19:32:01.217056 1022177 ImuError.cpp:650] gyr saturation
W20250111 19:32:01.217061 1022177 ImuError.cpp:650] gyr saturation
W20250111 19:32:01.217065 1022177 ImuError.cpp:650] gyr saturation
W20250111 19:32:01.217075 1022177 ImuError.cpp:650] gyr saturation
W20250111 19:32:01.217080 1022177 ImuError.cpp:650] gyr saturation
W20250111 19:32:01.217084 1022177 ImuError.cpp:650] gyr saturation
W20250111 19:32:01.217089 1022177 ImuError.cpp:650] gyr saturation
W20250111 19:32:01.218343 1236500 ImuError.cpp:368] gyr saturation
W20250111 19:32:01.218405 1236500 ImuError.cpp:368] gyr saturation
W20250111 19:32:01.218428 1236500 ImuError.cpp:368] gyr saturation
W20250111 19:32:01.218446 1236500 ImuError.cpp:368] gyr saturation
W20250111 19:32:01.218461 1236500 ImuError.cpp:368] gyr saturation
W20250111 19:32:01.218475 1236500 ImuError.cpp:368] gyr saturation
W20250111 19:32:01.218490 1236500 ImuError.cpp:368] gyr saturation
W20250111 19:32:01.218505 1236500 ImuError.cpp:368] gyr saturation
W20250111 19:32:01.218519 1236500 ImuError.cpp:368] gyr saturation
W20250111 19:32:01.218535 1236500 ImuError.cpp:368] gyr saturation
W20250111 19:32:01.218550 1236500 ImuError.cpp:368] gyr saturation
W20250111 19:32:01.218564 1236500 ImuError.cpp:368] gyr saturation
W20250111 19:32:01.218580 1236500 ImuError.cpp:368] gyr saturation
W20250111 19:32:01.218593 1236500 ImuError.cpp:368] gyr saturation
W20250111 19:32:01.218608 1236500 ImuError.cpp:368] gyr saturation
W20250111 19:32:01.218622 1236500 ImuError.cpp:368] gyr saturation
W20250111 19:32:01.218647 1236500 ImuError.cpp:368] gyr saturation
W20250111 19:32:01.218662 1236500 ImuError.cpp:368] gyr saturation
W20250111 19:32:01.218675 1236500 ImuError.cpp:368] gyr saturation
W20250111 19:32:01.218689 1236500 ImuError.cpp:368] gyr saturation
W20250111 19:32:01.218704 1236500 ImuError.cpp:368] gyr saturation
W20250111 19:32:01.218719 1236500 ImuError.cpp:368] gyr saturation
W20250111 19:32:01.218732 1236500 ImuError.cpp:368] gyr saturation
W20250111 19:32:01.218746 1236500 ImuError.cpp:368] gyr saturation
W20250111 19:32:01.218760 1236500 ImuError.cpp:368] gyr saturation
W20250111 19:32:01.218775 1236500 ImuError.cpp:368] gyr saturation
W20250111 19:32:01.218789 1236500 ImuError.cpp:368] gyr saturation
W20250111 19:32:01.218803 1236500 ImuError.cpp:368] gyr saturation
W20250111 19:32:01.218817 1236500 ImuError.cpp:368] gyr saturation
W20250111 19:32:01.218832 1236500 ImuError.cpp:368] gyr saturation
W20250111 19:32:01.218845 1236500 ImuError.cpp:368] gyr saturation
W20250111 19:32:01.228102 1236500 ViSlamBackend.cpp:466] TRACKING FAILURE: quality=0
W20250111 19:32:01.229413 1022177 Frontend.cpp:615] 3d2d tracking lost. Number of 3d2d-matches: 1
W20250111 19:32:01.240164 1236534 ViSlamBackend.cpp:466] TRACKING FAILURE: quality=0
W20250111 19:32:01.240304 1236534 ImuError.cpp:165] gyr saturation
W20250111 19:32:01.240321 1236534 ImuError.cpp:165] gyr saturation
W20250111 19:32:01.240334 1236534 ImuError.cpp:165] gyr saturation
W20250111 19:32:01.240350 1236534 ImuError.cpp:165] gyr saturation
W20250111 19:32:01.240360 1236534 ImuError.cpp:165] gyr saturation
W20250111 19:32:01.240368 1236534 ImuError.cpp:165] gyr saturation
W20250111 19:32:01.240378 1236534 ImuError.cpp:165] gyr saturation
W20250111 19:32:01.240387 1236534 ImuError.cpp:165] gyr saturation
W20250111 19:32:01.240397 1236534 ImuError.cpp:165] gyr saturation
W20250111 19:32:01.240406 1236534 ImuError.cpp:165] gyr saturation
W20250111 19:32:01.240417 1236534 ImuError.cpp:165] gyr saturation
W20250111 19:32:01.240425 1236534 ImuError.cpp:165] gyr saturation
W20250111 19:32:01.240434 1236534 ImuError.cpp:165] gyr saturation
W20250111 19:32:01.240444 1236534 ImuError.cpp:165] gyr saturation
W20250111 19:32:01.240454 1236534 ImuError.cpp:165] gyr saturation
W20250111 19:32:01.240463 1236534 ImuError.cpp:165] gyr saturation
W20250111 19:32:01.240473 1236534 ImuError.cpp:165] gyr saturation
W20250111 19:32:01.240482 1236534 ImuError.cpp:165] gyr saturation
W20250111 19:32:01.240491 1236534 ImuError.cpp:165] gyr saturation
W20250111 19:32:01.240501 1236534 ImuError.cpp:165] gyr saturation
W20250111 19:32:01.240510 1236534 ImuError.cpp:165] gyr saturation
W20250111 19:32:01.240520 1236534 ImuError.cpp:165] gyr saturation
W20250111 19:32:01.240533 1236534 ImuError.cpp:165] gyr saturation
W20250111 19:32:01.240545 1236534 ImuError.cpp:165] gyr saturation
W20250111 19:32:01.240553 1236534 ImuError.cpp:165] gyr saturation
W20250111 19:32:01.240562 1236534 ImuError.cpp:165] gyr saturation
W20250111 19:32:01.240572 1236534 ImuError.cpp:165] gyr saturation
W20250111 19:32:01.240582 1236534 ImuError.cpp:165] gyr saturation
W20250111 19:32:01.240592 1236534 ImuError.cpp:165] gyr saturation
W20250111 19:32:01.240600 1236534 ImuError.cpp:165] gyr saturation
W20250111 19:32:01.240609 1236534 ImuError.cpp:165] gyr saturation
W20250111 19:32:01.240619 1236534 ImuError.cpp:165] gyr saturation
W20250111 19:32:01.240633 1236534 ImuError.cpp:165] gyr saturation
W20250111 19:32:01.240643 1236534 ImuError.cpp:165] gyr saturation
W20250111 19:32:01.240653 1236534 ImuError.cpp:165] gyr saturation
W20250111 19:32:01.240708 1236534 ImuError.cpp:165] gyr saturation
W20250111 19:32:01.240717 1236534 ImuError.cpp:165] gyr saturation
W20250111 19:32:01.240729 1236534 ImuError.cpp:165] gyr saturation
W20250111 19:32:01.240738 1236534 ImuError.cpp:165] gyr saturation
W20250111 19:32:01.240747 1236534 ImuError.cpp:165] gyr saturation
W20250111 19:32:01.240756 1236534 ImuError.cpp:165] gyr saturation
W20250111 19:32:01.240767 1236534 ImuError.cpp:165] gyr saturation
W20250111 19:32:01.240775 1236534 ImuError.cpp:165] gyr saturation
W20250111 19:32:01.240784 1236534 ImuError.cpp:165] gyr saturation
W20250111 19:32:01.240793 1236534 ImuError.cpp:165] gyr saturation
W20250111 19:32:01.240803 1236534 ImuError.cpp:165] gyr saturation
W20250111 19:32:01.240811 1236534 ImuError.cpp:165] gyr saturation
W20250111 19:32:01.240820 1236534 ImuError.cpp:165] gyr saturation
W20250111 19:32:01.240830 1236534 ImuError.cpp:165] gyr saturation
W20250111 19:32:01.240839 1236534 ImuError.cpp:165] gyr saturation
W20250111 19:32:01.240849 1236534 ImuError.cpp:165] gyr saturation
W20250111 19:32:01.240859 1236534 ImuError.cpp:165] gyr saturation
W20250111 19:32:01.240868 1236534 ImuError.cpp:165] gyr saturation
W20250111 19:32:01.240876 1236534 ImuError.cpp:165] gyr saturation
W20250111 19:32:01.240885 1236534 ImuError.cpp:165] gyr saturation
W20250111 19:32:01.240895 1236534 ImuError.cpp:165] gyr saturation
W20250111 19:32:01.240901 1236534 ImuError.cpp:165] gyr saturation
W20250111 19:32:01.240911 1236534 ImuError.cpp:165] gyr saturation
W20250111 19:32:01.240919 1236534 ImuError.cpp:165] gyr saturation
W20250111 19:32:01.240927 1236534 ImuError.cpp:165] gyr saturation
W20250111 19:32:01.240936 1236534 ImuError.cpp:165] gyr saturation
W20250111 19:32:01.240944 1236534 ImuError.cpp:165] gyr saturation
W20250111 19:32:01.240952 1236534 ImuError.cpp:165] gyr saturation
W20250111 19:32:01.240962 1236534 ImuError.cpp:165] gyr saturation
W20250111 19:32:01.240973 1236534 ImuError.cpp:165] gyr saturation
W20250111 19:32:01.240983 1236534 ImuError.cpp:165] gyr saturation
W20250111 19:32:01.240990 1236534 ImuError.cpp:165] gyr saturation
W20250111 19:32:01.240998 1236534 ImuError.cpp:165] gyr saturation
W20250111 19:32:01.241006 1236534 ImuError.cpp:165] gyr saturation
W20250111 19:32:01.241015 1236534 ImuError.cpp:165] gyr saturation
W20250111 19:32:01.241647 1022177 Frontend.cpp:615] 3d2d tracking lost. Number of 3d2d-matches: 1
W20250111 19:32:01.249179 1236576 ImuError.cpp:165] gyr saturation
W20250111 19:32:01.249222 1236576 ImuError.cpp:165] gyr saturation
W20250111 19:32:01.249233 1236576 ImuError.cpp:165] gyr saturation
W20250111 19:32:01.249243 1236576 ImuError.cpp:165] gyr saturation
W20250111 19:32:01.249253 1236576 ImuError.cpp:165] gyr saturation
W20250111 19:32:01.249264 1236576 ImuError.cpp:165] gyr saturation
W20250111 19:32:01.249274 1236576 ImuError.cpp:165] gyr saturation
W20250111 19:32:01.249282 1236576 ImuError.cpp:165] gyr saturation
W20250111 19:32:01.249292 1236576 ImuError.cpp:165] gyr saturation
W20250111 19:32:01.249301 1236576 ImuError.cpp:165] gyr saturation
W20250111 19:32:01.249312 1236576 ImuError.cpp:165] gyr saturation
W20250111 19:32:01.249321 1236576 ImuError.cpp:165] gyr saturation
W20250111 19:32:01.249341 1236576 ImuError.cpp:165] gyr saturation
W20250111 19:32:01.249351 1236576 ImuError.cpp:165] gyr saturation
W20250111 19:32:01.249361 1236576 ImuError.cpp:165] gyr saturation
W20250111 19:32:01.249369 1236576 ImuError.cpp:165] gyr saturation
W20250111 19:32:01.249379 1236576 ImuError.cpp:165] gyr saturation
W20250111 19:32:01.249388 1236576 ImuError.cpp:165] gyr saturation
W20250111 19:32:01.249399 1236576 ImuError.cpp:165] gyr saturation
W20250111 19:32:01.249409 1236576 ImuError.cpp:165] gyr saturation
W20250111 19:32:01.249418 1236576 ImuError.cpp:165] gyr saturation
W20250111 19:32:01.249428 1236576 ImuError.cpp:165] gyr saturation
W20250111 19:32:01.249439 1236576 ImuError.cpp:165] gyr saturation
W20250111 19:32:01.249447 1236576 ImuError.cpp:165] gyr saturation
W20250111 19:32:01.249456 1236576 ImuError.cpp:165] gyr saturation
W20250111 19:32:01.249465 1236576 ImuError.cpp:165] gyr saturation
W20250111 19:32:01.249475 1236576 ImuError.cpp:165] gyr saturation
W20250111 19:32:01.249485 1236576 ImuError.cpp:165] gyr saturation
W20250111 19:32:01.249495 1236576 ImuError.cpp:165] gyr saturation
W20250111 19:32:01.249503 1236576 ImuError.cpp:165] gyr saturation
W20250111 19:32:01.249513 1236576 ImuError.cpp:165] gyr saturation
W20250111 19:32:01.249576 1236576 ImuError.cpp:165] gyr saturation
W20250111 19:32:01.249586 1236576 ImuError.cpp:165] gyr saturation
W20250111 19:32:01.249595 1236576 ImuError.cpp:165] gyr saturation
W20250111 19:32:01.249604 1236576 ImuError.cpp:165] gyr saturation
W20250111 19:32:01.249614 1236576 ImuError.cpp:165] gyr saturation
W20250111 19:32:01.249621 1236576 ImuError.cpp:165] gyr saturation
W20250111 19:32:01.249634 1236576 ImuError.cpp:165] gyr saturation
W20250111 19:32:01.249642 1236576 ImuError.cpp:165] gyr saturation
W20250111 19:32:01.249651 1236576 ImuError.cpp:165] gyr saturation
W20250111 19:32:01.249660 1236576 ImuError.cpp:165] gyr saturation
W20250111 19:32:01.249668 1236576 ImuError.cpp:165] gyr saturation
W20250111 19:32:01.249677 1236576 ImuError.cpp:165] gyr saturation
W20250111 19:32:01.249686 1236576 ImuError.cpp:165] gyr saturation
W20250111 19:32:01.249696 1236576 ImuError.cpp:165] gyr saturation
W20250111 19:32:01.249703 1236576 ImuError.cpp:165] gyr saturation
W20250111 19:32:01.249711 1236576 ImuError.cpp:165] gyr saturation
W20250111 19:32:01.249718 1236576 ImuError.cpp:165] gyr saturation
W20250111 19:32:01.249727 1236576 ImuError.cpp:165] gyr saturation
W20250111 19:32:01.249733 1236576 ImuError.cpp:165] gyr saturation
W20250111 19:32:01.249742 1236576 ImuError.cpp:165] gyr saturation
W20250111 19:32:01.249748 1236576 ImuError.cpp:165] gyr saturation
W20250111 19:32:01.249756 1236576 ImuError.cpp:165] gyr saturation
W20250111 19:32:01.249764 1236576 ImuError.cpp:165] gyr saturation
W20250111 19:32:01.249773 1236576 ImuError.cpp:165] gyr saturation
W20250111 19:32:01.249783 1236576 ImuError.cpp:165] gyr saturation
W20250111 19:32:01.249792 1236576 ImuError.cpp:165] gyr saturation
W20250111 19:32:01.249800 1236576 ImuError.cpp:165] gyr saturation
W20250111 19:32:01.249809 1236576 ImuError.cpp:165] gyr saturation
W20250111 19:32:01.249816 1236576 ImuError.cpp:165] gyr saturation
W20250111 19:32:01.249825 1236576 ImuError.cpp:165] gyr saturation
W20250111 19:32:01.249833 1236576 ImuError.cpp:165] gyr saturation
I20250111 19:32:01.250841 1022177 Frontend.cpp:2274] RANSAC FAIL: 8 inliers, ratio = 0.8
I20250111 19:32:01.824985 1022177 Frontend.cpp:2274] RANSAC FAIL: 42 inliers, ratio = 0.666667
I20250111 19:32:02.156702 1022177 okvis_app_synchronous.cpp:210] OKVIS Timing
-----------
1 DetectAndDescribe                	   3565	00:00:06.959895	(00:00:00.001952 +- 00:00:00.000363)	[00:00:00.000948,00:00:00.004747]
2 Match                            	   3565	00:00:23.434618	(00:00:00.006574 +- 00:00:00.002690)	[00:00:00.000235,00:00:00.015566]
2.01 match to map                  	   3564	00:00:16.939403	(00:00:00.004753 +- 00:00:00.002291)	[00:00:00.000051,00:00:00.012625]
2.02 match motion stereo           	   3564	00:00:04.585248	(00:00:00.001287 +- 00:00:00.000422)	[00:00:00.000054,00:00:00.003440]
2.02.1 match motion stereo: prepare	   3564	00:00:01.024013	(00:00:00.000287 +- 00:00:00.000113)	[00:00:00.000001,00:00:00.000954]
2.10 match stereo                  	    954	00:00:00.035961	(00:00:00.000038 +- 00:00:00.000045)	[00:00:00.000001,00:00:00.000431]
3 Optimise                         	   3564	00:00:52.665200	(00:00:00.014777 +- 00:00:00.005633)	[00:00:00.001233,00:00:00.035484]
4 Prepare publishing               	   3564	00:00:02.847192	(00:00:00.000799 +- 00:00:00.000313)	[00:00:00.000065,00:00:00.002774]
6 Visualising                      	   3564	00:00:00.000843	(00:00:00.000000 +- 00:00:00.000000)	[00:00:00.000000,00:00:00.000012]
7 Marginalise                      	   3564	00:00:06.049632	(00:00:00.001697 +- 00:00:00.000688)	[00:00:00.000006,00:00:00.005454]
7.1 check/handle lost              	   3564	00:00:00.104401	(00:00:00.000029 +- 00:00:00.000020)	[00:00:00.000000,00:00:00.000399]
7.2 eliminate IMU frames           	   3564	00:00:02.698123	(00:00:00.000757 +- 00:00:00.000538)	[00:00:00.000000,00:00:00.002678]
7.3 convert to posegraph           	   1143	00:00:00.880233	(00:00:00.000770 +- 00:00:00.000387)	[00:00:00.000095,00:00:00.002866]
7.4 freezing                       	   3563	00:00:00.003872	(00:00:00.000001 +- 00:00:00.000002)	[00:00:00.000000,00:00:00.000029]
7.6 expand                         	   3547	00:00:00.758700	(00:00:00.000214 +- 00:00:00.000106)	[00:00:00.000022,00:00:00.001112]
7.7 prune place recognition frames 	   3563	00:00:00.764639	(00:00:00.000215 +- 00:00:00.000111)	[00:00:00.000005,00:00:00.000825]
I20250111 19:32:02.156816 1022177 okvis_app_synchronous.cpp:219] Progress: 66% (1 [1%/s], ETA: 34s)
I20250111 19:32:03.346097 1022177 Frontend.cpp:2274] RANSAC FAIL: 36 inliers, ratio = 0.692308
I20250111 19:32:03.532346 1022177 okvis_app_synchronous.cpp:210] OKVIS Timing
-----------
1 DetectAndDescribe                	   3619	00:00:07.061553	(00:00:00.001951 +- 00:00:00.000360)	[00:00:00.000948,00:00:00.004747]
2 Match                            	   3619	00:00:23.933340	(00:00:00.006613 +- 00:00:00.002711)	[00:00:00.000235,00:00:00.015566]
2.01 match to map                  	   3618	00:00:17.339453	(00:00:00.004793 +- 00:00:00.002316)	[00:00:00.000051,00:00:00.012625]
2.02 match motion stereo           	   3618	00:00:04.657121	(00:00:00.001287 +- 00:00:00.000421)	[00:00:00.000054,00:00:00.003440]
2.02.1 match motion stereo: prepare	   3618	00:00:01.038684	(00:00:00.000287 +- 00:00:00.000113)	[00:00:00.000001,00:00:00.000954]
2.10 match stereo                  	    965	00:00:00.036337	(00:00:00.000038 +- 00:00:00.000045)	[00:00:00.000001,00:00:00.000431]
3 Optimise                         	   3618	00:00:53.392032	(00:00:00.014757 +- 00:00:00.005601)	[00:00:00.001233,00:00:00.035484]
4 Prepare publishing               	   3618	00:00:02.889935	(00:00:00.000799 +- 00:00:00.000311)	[00:00:00.000065,00:00:00.002774]
6 Visualising                      	   3618	00:00:00.000857	(00:00:00.000000 +- 00:00:00.000000)	[00:00:00.000000,00:00:00.000012]
7 Marginalise                      	   3618	00:00:06.148683	(00:00:00.001699 +- 00:00:00.000685)	[00:00:00.000006,00:00:00.005454]
7.1 check/handle lost              	   3618	00:00:00.105884	(00:00:00.000029 +- 00:00:00.000019)	[00:00:00.000000,00:00:00.000399]
7.2 eliminate IMU frames           	   3618	00:00:02.745938	(00:00:00.000759 +- 00:00:00.000538)	[00:00:00.000000,00:00:00.002678]
7.3 convert to posegraph           	   1160	00:00:00.893235	(00:00:00.000770 +- 00:00:00.000385)	[00:00:00.000095,00:00:00.002866]
7.4 freezing                       	   3617	00:00:00.003916	(00:00:00.000001 +- 00:00:00.000002)	[00:00:00.000000,00:00:00.000029]
7.6 expand                         	   3601	00:00:00.770772	(00:00:00.000214 +- 00:00:00.000106)	[00:00:00.000022,00:00:00.001112]
7.7 prune place recognition frames 	   3617	00:00:00.777137	(00:00:00.000215 +- 00:00:00.000110)	[00:00:00.000005,00:00:00.000825]
I20250111 19:32:03.532480 1022177 okvis_app_synchronous.cpp:219] Progress: 67% (1 [1%/s], ETA: 33s)
I20250111 19:32:04.265551 1022177 Frontend.cpp:2274] RANSAC FAIL: 35 inliers, ratio = 0.7
I20250111 19:32:05.009227 1022177 okvis_app_synchronous.cpp:210] OKVIS Timing
-----------
1 DetectAndDescribe                	   3673	00:00:07.166747	(00:00:00.001951 +- 00:00:00.000358)	[00:00:00.000948,00:00:00.004747]
2 Match                            	   3673	00:00:24.597977	(00:00:00.006697 +- 00:00:00.002777)	[00:00:00.000235,00:00:00.015566]
2.01 match to map                  	   3672	00:00:17.883730	(00:00:00.004870 +- 00:00:00.002386)	[00:00:00.000051,00:00:00.012625]
2.02 match motion stereo           	   3672	00:00:04.744797	(00:00:00.001292 +- 00:00:00.000421)	[00:00:00.000054,00:00:00.003440]
2.02.1 match motion stereo: prepare	   3672	00:00:01.056173	(00:00:00.000288 +- 00:00:00.000112)	[00:00:00.000001,00:00:00.000954]
2.10 match stereo                  	    985	00:00:00.036944	(00:00:00.000038 +- 00:00:00.000044)	[00:00:00.000001,00:00:00.000431]
3 Optimise                         	   3672	00:00:54.072086	(00:00:00.014726 +- 00:00:00.005569)	[00:00:00.001233,00:00:00.035484]
4 Prepare publishing               	   3672	00:00:02.927530	(00:00:00.000797 +- 00:00:00.000310)	[00:00:00.000065,00:00:00.002774]
6 Visualising                      	   3672	00:00:00.000863	(00:00:00.000000 +- 00:00:00.000000)	[00:00:00.000000,00:00:00.000012]
7 Marginalise                      	   3672	00:00:06.236504	(00:00:00.001698 +- 00:00:00.000683)	[00:00:00.000006,00:00:00.005454]
7.1 check/handle lost              	   3672	00:00:00.107031	(00:00:00.000029 +- 00:00:00.000019)	[00:00:00.000000,00:00:00.000399]
7.2 eliminate IMU frames           	   3672	00:00:02.778833	(00:00:00.000757 +- 00:00:00.000538)	[00:00:00.000000,00:00:00.002678]
7.3 convert to posegraph           	   1188	00:00:00.911410	(00:00:00.000767 +- 00:00:00.000382)	[00:00:00.000095,00:00:00.002866]
7.4 freezing                       	   3671	00:00:00.003977	(00:00:00.000001 +- 00:00:00.000002)	[00:00:00.000000,00:00:00.000029]
7.6 expand                         	   3655	00:00:00.782485	(00:00:00.000214 +- 00:00:00.000106)	[00:00:00.000022,00:00:00.001112]
7.7 prune place recognition frames 	   3671	00:00:00.788318	(00:00:00.000215 +- 00:00:00.000110)	[00:00:00.000005,00:00:00.000825]
I20250111 19:32:05.009349 1022177 okvis_app_synchronous.cpp:219] Progress: 68% (1 [1%/s], ETA: 32s)
I20250111 19:32:06.336024 1022177 Frontend.cpp:2274] RANSAC FAIL: 36 inliers, ratio = 0.692308
I20250111 19:32:06.621873 1022177 okvis_app_synchronous.cpp:210] OKVIS Timing
-----------
1 DetectAndDescribe                	   3727	00:00:07.274876	(00:00:00.001952 +- 00:00:00.000356)	[00:00:00.000948,00:00:00.004747]
2 Match                            	   3727	00:00:25.270809	(00:00:00.006780 +- 00:00:00.002842)	[00:00:00.000235,00:00:00.015566]
2.01 match to map                  	   3726	00:00:18.433165	(00:00:00.004947 +- 00:00:00.002453)	[00:00:00.000051,00:00:00.012625]
2.02 match motion stereo           	   3726	00:00:04.833756	(00:00:00.001297 +- 00:00:00.000422)	[00:00:00.000054,00:00:00.003440]
2.02.1 match motion stereo: prepare	   3726	00:00:01.074888	(00:00:00.000288 +- 00:00:00.000111)	[00:00:00.000001,00:00:00.000954]
2.10 match stereo                  	   1004	00:00:00.037640	(00:00:00.000037 +- 00:00:00.000044)	[00:00:00.000001,00:00:00.000431]
3 Optimise                         	   3726	00:00:54.872525	(00:00:00.014727 +- 00:00:00.005535)	[00:00:00.001233,00:00:00.035484]
4 Prepare publishing               	   3726	00:00:02.968649	(00:00:00.000797 +- 00:00:00.000308)	[00:00:00.000065,00:00:00.002774]
6 Visualising                      	   3726	00:00:00.000873	(00:00:00.000000 +- 00:00:00.000000)	[00:00:00.000000,00:00:00.000012]
7 Marginalise                      	   3726	00:00:06.327490	(00:00:00.001698 +- 00:00:00.000679)	[00:00:00.000006,00:00:00.005454]
7.1 check/handle lost              	   3726	00:00:00.108301	(00:00:00.000029 +- 00:00:00.000019)	[00:00:00.000000,00:00:00.000399]
7.2 eliminate IMU frames           	   3726	00:00:02.809480	(00:00:00.000754 +- 00:00:00.000537)	[00:00:00.000000,00:00:00.002678]
7.3 convert to posegraph           	   1216	00:00:00.933126	(00:00:00.000767 +- 00:00:00.000379)	[00:00:00.000095,00:00:00.002866]
7.4 freezing                       	   3725	00:00:00.004042	(00:00:00.000001 +- 00:00:00.000002)	[00:00:00.000000,00:00:00.000029]
7.6 expand                         	   3709	00:00:00.795142	(00:00:00.000214 +- 00:00:00.000105)	[00:00:00.000022,00:00:00.001112]
7.7 prune place recognition frames 	   3725	00:00:00.799721	(00:00:00.000215 +- 00:00:00.000109)	[00:00:00.000005,00:00:00.000825]
I20250111 19:32:06.622022 1022177 okvis_app_synchronous.cpp:219] Progress: 69% (1 [1%/s], ETA: 31s)
W20250111 19:32:07.852566 1022177 Frontend.cpp:612] 3d2d tracking weak: quality=0. Number of 3d2d-matches: 8
W20250111 19:32:07.874527 1022177 Frontend.cpp:612] 3d2d tracking weak: quality=0. Number of 3d2d-matches: 4
W20250111 19:32:07.886531 1251960 ViSlamBackend.cpp:466] TRACKING FAILURE: quality=0
W20250111 19:32:07.895167 1022177 Frontend.cpp:612] 3d2d tracking weak: quality=0. Number of 3d2d-matches: 5
W20250111 19:32:07.912712 1252010 ViSlamBackend.cpp:466] TRACKING FAILURE: quality=0
I20250111 19:32:07.914594 1022177 Frontend.cpp:2274] RANSAC FAIL: 9 inliers, ratio = 0.9
W20250111 19:32:07.941599 1022177 Frontend.cpp:612] 3d2d tracking weak: quality=0. Number of 3d2d-matches: 6
I20250111 19:32:08.145836 1022177 okvis_app_synchronous.cpp:210] OKVIS Timing
-----------
1 DetectAndDescribe                	   3781	00:00:07.376426	(00:00:00.001951 +- 00:00:00.000356)	[00:00:00.000948,00:00:00.004747]
2 Match                            	   3781	00:00:25.884004	(00:00:00.006846 +- 00:00:00.002903)	[00:00:00.000235,00:00:00.015566]
2.01 match to map                  	   3780	00:00:18.938388	(00:00:00.005010 +- 00:00:00.002519)	[00:00:00.000051,00:00:00.012665]
2.02 match motion stereo           	   3780	00:00:04.909496	(00:00:00.001299 +- 00:00:00.000420)	[00:00:00.000054,00:00:00.003440]
2.02.1 match motion stereo: prepare	   3780	00:00:01.091827	(00:00:00.000289 +- 00:00:00.000111)	[00:00:00.000001,00:00:00.000954]
2.10 match stereo                  	   1017	00:00:00.037848	(00:00:00.000037 +- 00:00:00.000044)	[00:00:00.000001,00:00:00.000431]
3 Optimise                         	   3780	00:00:55.638754	(00:00:00.014719 +- 00:00:00.005507)	[00:00:00.001233,00:00:00.035484]
4 Prepare publishing               	   3780	00:00:03.011575	(00:00:00.000797 +- 00:00:00.000308)	[00:00:00.000065,00:00:00.002774]
6 Visualising                      	   3780	00:00:00.000884	(00:00:00.000000 +- 00:00:00.000000)	[00:00:00.000000,00:00:00.000012]
7 Marginalise                      	   3780	00:00:06.421588	(00:00:00.001699 +- 00:00:00.000679)	[00:00:00.000006,00:00:00.005454]
7.1 check/handle lost              	   3780	00:00:00.109927	(00:00:00.000029 +- 00:00:00.000019)	[00:00:00.000000,00:00:00.000399]
7.2 eliminate IMU frames           	   3780	00:00:02.854376	(00:00:00.000755 +- 00:00:00.000537)	[00:00:00.000000,00:00:00.002678]
7.3 convert to posegraph           	   1234	00:00:00.944327	(00:00:00.000765 +- 00:00:00.000378)	[00:00:00.000095,00:00:00.002866]
7.4 freezing                       	   3779	00:00:00.004100	(00:00:00.000001 +- 00:00:00.000002)	[00:00:00.000000,00:00:00.000029]
7.6 expand                         	   3763	00:00:00.807370	(00:00:00.000215 +- 00:00:00.000105)	[00:00:00.000022,00:00:00.001112]
7.7 prune place recognition frames 	   3779	00:00:00.811568	(00:00:00.000215 +- 00:00:00.000109)	[00:00:00.000005,00:00:00.000825]
I20250111 19:32:08.145931 1022177 okvis_app_synchronous.cpp:219] Progress: 70% (1 [1%/s], ETA: 30s)
I20250111 19:32:08.720839 1022177 Frontend.cpp:2274] RANSAC FAIL: 9 inliers, ratio = 0.9
W20250111 19:32:08.742305 1022177 Frontend.cpp:612] 3d2d tracking weak: quality=0. Number of 3d2d-matches: 6
I20250111 19:32:08.757375 1022177 Frontend.cpp:2274] RANSAC FAIL: 8 inliers, ratio = 0.8
I20250111 19:32:09.384517 1022177 okvis_app_synchronous.cpp:210] OKVIS Timing
-----------
1 DetectAndDescribe                	   3835	00:00:07.469878	(00:00:00.001948 +- 00:00:00.000356)	[00:00:00.000948,00:00:00.004747]
2 Match                            	   3835	00:00:26.323887	(00:00:00.006864 +- 00:00:00.002909)	[00:00:00.000235,00:00:00.015566]
2.01 match to map                  	   3834	00:00:19.291488	(00:00:00.005032 +- 00:00:00.002528)	[00:00:00.000051,00:00:00.012665]
2.02 match motion stereo           	   3834	00:00:04.975569	(00:00:00.001298 +- 00:00:00.000419)	[00:00:00.000054,00:00:00.003440]
2.02.1 match motion stereo: prepare	   3834	00:00:01.103426	(00:00:00.000288 +- 00:00:00.000111)	[00:00:00.000001,00:00:00.000954]
2.10 match stereo                  	   1032	00:00:00.038023	(00:00:00.000037 +- 00:00:00.000044)	[00:00:00.000001,00:00:00.000431]
3 Optimise                         	   3834	00:00:56.325531	(00:00:00.014691 +- 00:00:00.005483)	[00:00:00.001233,00:00:00.035484]
4 Prepare publishing               	   3834	00:00:03.042897	(00:00:00.000794 +- 00:00:00.000307)	[00:00:00.000065,00:00:00.002774]
6 Visualising                      	   3834	00:00:00.000897	(00:00:00.000000 +- 00:00:00.000000)	[00:00:00.000000,00:00:00.000012]
7 Marginalise                      	   3834	00:00:06.494940	(00:00:00.001694 +- 00:00:00.000677)	[00:00:00.000006,00:00:00.005454]
7.1 check/handle lost              	   3834	00:00:00.110931	(00:00:00.000029 +- 00:00:00.000019)	[00:00:00.000000,00:00:00.000399]
7.2 eliminate IMU frames           	   3834	00:00:02.889735	(00:00:00.000754 +- 00:00:00.000535)	[00:00:00.000000,00:00:00.002678]
7.3 convert to posegraph           	   1253	00:00:00.956905	(00:00:00.000764 +- 00:00:00.000377)	[00:00:00.000095,00:00:00.002866]
7.4 freezing                       	   3833	00:00:00.004154	(00:00:00.000001 +- 00:00:00.000002)	[00:00:00.000000,00:00:00.000029]
7.6 expand                         	   3813	00:00:00.815638	(00:00:00.000214 +- 00:00:00.000106)	[00:00:00.000022,00:00:00.001112]
7.7 prune place recognition frames 	   3833	00:00:00.819154	(00:00:00.000214 +- 00:00:00.000109)	[00:00:00.000005,00:00:00.000825]
I20250111 19:32:09.384670 1022177 okvis_app_synchronous.cpp:219] Progress: 71% (1 [1%/s], ETA: 29s)
W20250111 19:32:09.476105 1022177 ImuError.cpp:650] gyr saturation
W20250111 19:32:09.476168 1022177 ImuError.cpp:650] gyr saturation
W20250111 19:32:09.476179 1022177 ImuError.cpp:650] gyr saturation
W20250111 19:32:09.476186 1022177 ImuError.cpp:650] gyr saturation
W20250111 19:32:09.476191 1022177 ImuError.cpp:650] gyr saturation
W20250111 19:32:09.476197 1022177 ImuError.cpp:650] gyr saturation
W20250111 19:32:09.476202 1022177 ImuError.cpp:650] gyr saturation
W20250111 19:32:09.476209 1022177 ImuError.cpp:650] gyr saturation
W20250111 19:32:09.476215 1022177 ImuError.cpp:650] gyr saturation
W20250111 19:32:09.476222 1022177 ImuError.cpp:650] gyr saturation
W20250111 19:32:09.476226 1022177 ImuError.cpp:650] gyr saturation
W20250111 19:32:09.476231 1022177 ImuError.cpp:650] gyr saturation
W20250111 19:32:09.476238 1022177 ImuError.cpp:650] gyr saturation
W20250111 19:32:09.487334 1022177 ImuError.cpp:650] gyr saturation
W20250111 19:32:09.487389 1022177 ImuError.cpp:650] gyr saturation
W20250111 19:32:09.487396 1022177 ImuError.cpp:650] gyr saturation
W20250111 19:32:09.487401 1022177 ImuError.cpp:650] gyr saturation
W20250111 19:32:09.487406 1022177 ImuError.cpp:650] gyr saturation
W20250111 19:32:09.487412 1022177 ImuError.cpp:650] gyr saturation
W20250111 19:32:09.487417 1022177 ImuError.cpp:650] gyr saturation
W20250111 19:32:09.487422 1022177 ImuError.cpp:650] gyr saturation
W20250111 19:32:09.487428 1022177 ImuError.cpp:650] gyr saturation
W20250111 19:32:09.487433 1022177 ImuError.cpp:650] gyr saturation
W20250111 19:32:09.487438 1022177 ImuError.cpp:650] gyr saturation
W20250111 19:32:09.487443 1022177 ImuError.cpp:650] gyr saturation
W20250111 19:32:09.487448 1022177 ImuError.cpp:650] gyr saturation
W20250111 19:32:09.487556 1022177 ImuError.cpp:650] gyr saturation
W20250111 19:32:09.487563 1022177 ImuError.cpp:650] gyr saturation
W20250111 19:32:09.487569 1022177 ImuError.cpp:650] gyr saturation
W20250111 19:32:09.487588 1022177 ImuError.cpp:650] gyr saturation
W20250111 19:32:09.487596 1022177 ImuError.cpp:650] gyr saturation
W20250111 19:32:09.487602 1022177 ImuError.cpp:650] gyr saturation
W20250111 19:32:09.487607 1022177 ImuError.cpp:650] gyr saturation
W20250111 19:32:09.487612 1022177 ImuError.cpp:650] gyr saturation
W20250111 19:32:09.487617 1022177 ImuError.cpp:650] gyr saturation
W20250111 19:32:09.487622 1022177 ImuError.cpp:650] gyr saturation
W20250111 19:32:09.487628 1022177 ImuError.cpp:650] gyr saturation
W20250111 19:32:09.487638 1022177 ImuError.cpp:650] gyr saturation
W20250111 19:32:09.487643 1022177 ImuError.cpp:650] gyr saturation
W20250111 19:32:09.491977 1022177 ImuError.cpp:368] gyr saturation
W20250111 19:32:09.492053 1022177 ImuError.cpp:368] gyr saturation
W20250111 19:32:09.492066 1022177 ImuError.cpp:368] gyr saturation
W20250111 19:32:09.492087 1022177 ImuError.cpp:368] gyr saturation
W20250111 19:32:09.492098 1022177 ImuError.cpp:368] gyr saturation
W20250111 19:32:09.492110 1022177 ImuError.cpp:368] gyr saturation
W20250111 19:32:09.492121 1022177 ImuError.cpp:368] gyr saturation
W20250111 19:32:09.492131 1022177 ImuError.cpp:368] gyr saturation
W20250111 19:32:09.492142 1022177 ImuError.cpp:368] gyr saturation
W20250111 19:32:09.492153 1022177 ImuError.cpp:368] gyr saturation
W20250111 19:32:09.492163 1022177 ImuError.cpp:368] gyr saturation
W20250111 19:32:09.492174 1022177 ImuError.cpp:368] gyr saturation
W20250111 19:32:09.492184 1022177 ImuError.cpp:368] gyr saturation
W20250111 19:32:09.498871 1022177 ImuError.cpp:650] gyr saturation
W20250111 19:32:09.498927 1022177 ImuError.cpp:650] gyr saturation
W20250111 19:32:09.498934 1022177 ImuError.cpp:650] gyr saturation
W20250111 19:32:09.498940 1022177 ImuError.cpp:650] gyr saturation
W20250111 19:32:09.498947 1022177 ImuError.cpp:650] gyr saturation
W20250111 19:32:09.498953 1022177 ImuError.cpp:650] gyr saturation
W20250111 19:32:09.498960 1022177 ImuError.cpp:650] gyr saturation
W20250111 19:32:09.498965 1022177 ImuError.cpp:650] gyr saturation
W20250111 19:32:09.498970 1022177 ImuError.cpp:650] gyr saturation
W20250111 19:32:09.498975 1022177 ImuError.cpp:650] gyr saturation
W20250111 19:32:09.498980 1022177 ImuError.cpp:650] gyr saturation
W20250111 19:32:09.498986 1022177 ImuError.cpp:650] gyr saturation
W20250111 19:32:09.498991 1022177 ImuError.cpp:650] gyr saturation
W20250111 19:32:09.498996 1022177 ImuError.cpp:650] gyr saturation
W20250111 19:32:09.499002 1022177 ImuError.cpp:650] gyr saturation
W20250111 19:32:09.499007 1022177 ImuError.cpp:650] gyr saturation
W20250111 19:32:09.499013 1022177 ImuError.cpp:650] gyr saturation
W20250111 19:32:09.499018 1022177 ImuError.cpp:650] gyr saturation
W20250111 19:32:09.499023 1022177 ImuError.cpp:650] gyr saturation
W20250111 19:32:09.499028 1022177 ImuError.cpp:650] gyr saturation
W20250111 19:32:09.499034 1022177 ImuError.cpp:650] gyr saturation
W20250111 19:32:09.499039 1022177 ImuError.cpp:650] gyr saturation
W20250111 19:32:09.499044 1022177 ImuError.cpp:650] gyr saturation
W20250111 19:32:09.499050 1022177 ImuError.cpp:650] gyr saturation
W20250111 19:32:09.499055 1022177 ImuError.cpp:650] gyr saturation
W20250111 19:32:09.499060 1022177 ImuError.cpp:650] gyr saturation
W20250111 19:32:09.499066 1022177 ImuError.cpp:650] gyr saturation
W20250111 19:32:09.499071 1022177 ImuError.cpp:650] gyr saturation
W20250111 19:32:09.499078 1022177 ImuError.cpp:650] gyr saturation
W20250111 19:32:09.499083 1022177 ImuError.cpp:650] gyr saturation
W20250111 19:32:09.499089 1022177 ImuError.cpp:650] gyr saturation
W20250111 19:32:09.499095 1022177 ImuError.cpp:650] gyr saturation
W20250111 19:32:09.499101 1022177 ImuError.cpp:650] gyr saturation
W20250111 19:32:09.499107 1022177 ImuError.cpp:650] gyr saturation
W20250111 19:32:09.499114 1022177 ImuError.cpp:650] gyr saturation
W20250111 19:32:09.499119 1022177 ImuError.cpp:650] gyr saturation
W20250111 19:32:09.499125 1022177 ImuError.cpp:650] gyr saturation
W20250111 19:32:09.499130 1022177 ImuError.cpp:650] gyr saturation
W20250111 19:32:09.499148 1022177 ImuError.cpp:650] gyr saturation
W20250111 19:32:09.499155 1022177 ImuError.cpp:650] gyr saturation
W20250111 19:32:09.499161 1022177 ImuError.cpp:650] gyr saturation
W20250111 19:32:09.499167 1022177 ImuError.cpp:650] gyr saturation
W20250111 19:32:09.499173 1022177 ImuError.cpp:650] gyr saturation
W20250111 19:32:09.499178 1022177 ImuError.cpp:650] gyr saturation
W20250111 19:32:09.499184 1022177 ImuError.cpp:650] gyr saturation
W20250111 19:32:09.499189 1022177 ImuError.cpp:650] gyr saturation
W20250111 19:32:09.499195 1022177 ImuError.cpp:650] gyr saturation
W20250111 19:32:09.510520 1022177 ImuError.cpp:650] gyr saturation
W20250111 19:32:09.510581 1022177 ImuError.cpp:650] gyr saturation
W20250111 19:32:09.510588 1022177 ImuError.cpp:650] gyr saturation
W20250111 19:32:09.510596 1022177 ImuError.cpp:650] gyr saturation
W20250111 19:32:09.510607 1022177 ImuError.cpp:650] gyr saturation
W20250111 19:32:09.510613 1022177 ImuError.cpp:650] gyr saturation
W20250111 19:32:09.510619 1022177 ImuError.cpp:650] gyr saturation
W20250111 19:32:09.510624 1022177 ImuError.cpp:650] gyr saturation
W20250111 19:32:09.510635 1022177 ImuError.cpp:650] gyr saturation
W20250111 19:32:09.510641 1022177 ImuError.cpp:650] gyr saturation
W20250111 19:32:09.510646 1022177 ImuError.cpp:650] gyr saturation
W20250111 19:32:09.510651 1022177 ImuError.cpp:650] gyr saturation
W20250111 19:32:09.510656 1022177 ImuError.cpp:650] gyr saturation
W20250111 19:32:09.510663 1022177 ImuError.cpp:650] gyr saturation
W20250111 19:32:09.510668 1022177 ImuError.cpp:650] gyr saturation
W20250111 19:32:09.510673 1022177 ImuError.cpp:650] gyr saturation
W20250111 19:32:09.510679 1022177 ImuError.cpp:650] gyr saturation
W20250111 19:32:09.510684 1022177 ImuError.cpp:650] gyr saturation
W20250111 19:32:09.510689 1022177 ImuError.cpp:650] gyr saturation
W20250111 19:32:09.510694 1022177 ImuError.cpp:650] gyr saturation
W20250111 19:32:09.510699 1022177 ImuError.cpp:650] gyr saturation
W20250111 19:32:09.510704 1022177 ImuError.cpp:650] gyr saturation
W20250111 19:32:09.510710 1022177 ImuError.cpp:650] gyr saturation
W20250111 19:32:09.510715 1022177 ImuError.cpp:650] gyr saturation
W20250111 19:32:09.510720 1022177 ImuError.cpp:650] gyr saturation
W20250111 19:32:09.510725 1022177 ImuError.cpp:650] gyr saturation
W20250111 19:32:09.510731 1022177 ImuError.cpp:650] gyr saturation
W20250111 19:32:09.510736 1022177 ImuError.cpp:650] gyr saturation
W20250111 19:32:09.510741 1022177 ImuError.cpp:650] gyr saturation
W20250111 19:32:09.510746 1022177 ImuError.cpp:650] gyr saturation
W20250111 19:32:09.510751 1022177 ImuError.cpp:650] gyr saturation
W20250111 19:32:09.510756 1022177 ImuError.cpp:650] gyr saturation
W20250111 19:32:09.510762 1022177 ImuError.cpp:650] gyr saturation
W20250111 19:32:09.510767 1022177 ImuError.cpp:650] gyr saturation
W20250111 19:32:09.510772 1022177 ImuError.cpp:650] gyr saturation
W20250111 19:32:09.510818 1022177 ImuError.cpp:650] gyr saturation
W20250111 19:32:09.510823 1022177 ImuError.cpp:650] gyr saturation
W20250111 19:32:09.510829 1022177 ImuError.cpp:650] gyr saturation
W20250111 19:32:09.510834 1022177 ImuError.cpp:650] gyr saturation
W20250111 19:32:09.510839 1022177 ImuError.cpp:650] gyr saturation
W20250111 19:32:09.510844 1022177 ImuError.cpp:650] gyr saturation
W20250111 19:32:09.510850 1022177 ImuError.cpp:650] gyr saturation
W20250111 19:32:09.510855 1022177 ImuError.cpp:650] gyr saturation
W20250111 19:32:09.510860 1022177 ImuError.cpp:650] gyr saturation
W20250111 19:32:09.510865 1022177 ImuError.cpp:650] gyr saturation
W20250111 19:32:09.510870 1022177 ImuError.cpp:650] gyr saturation
W20250111 19:32:09.510876 1022177 ImuError.cpp:650] gyr saturation
W20250111 19:32:09.510881 1022177 ImuError.cpp:650] gyr saturation
W20250111 19:32:09.510886 1022177 ImuError.cpp:650] gyr saturation
W20250111 19:32:09.510892 1022177 ImuError.cpp:650] gyr saturation
W20250111 19:32:09.510897 1022177 ImuError.cpp:650] gyr saturation
W20250111 19:32:09.510902 1022177 ImuError.cpp:650] gyr saturation
W20250111 19:32:09.510913 1022177 ImuError.cpp:650] gyr saturation
W20250111 19:32:09.510919 1022177 ImuError.cpp:650] gyr saturation
W20250111 19:32:09.510926 1022177 ImuError.cpp:650] gyr saturation
W20250111 19:32:09.510931 1022177 ImuError.cpp:650] gyr saturation
W20250111 19:32:09.510937 1022177 ImuError.cpp:650] gyr saturation
W20250111 19:32:09.510942 1022177 ImuError.cpp:650] gyr saturation
W20250111 19:32:09.510947 1022177 ImuError.cpp:650] gyr saturation
W20250111 19:32:09.510952 1022177 ImuError.cpp:650] gyr saturation
W20250111 19:32:09.510958 1022177 ImuError.cpp:650] gyr saturation
W20250111 19:32:09.510963 1022177 ImuError.cpp:650] gyr saturation
W20250111 19:32:09.510969 1022177 ImuError.cpp:650] gyr saturation
W20250111 19:32:09.510974 1022177 ImuError.cpp:650] gyr saturation
W20250111 19:32:09.510979 1022177 ImuError.cpp:650] gyr saturation
W20250111 19:32:09.510986 1022177 ImuError.cpp:650] gyr saturation
W20250111 19:32:09.510993 1022177 ImuError.cpp:650] gyr saturation
W20250111 19:32:09.510998 1022177 ImuError.cpp:650] gyr saturation
W20250111 19:32:09.511003 1022177 ImuError.cpp:650] gyr saturation
W20250111 19:32:09.511008 1022177 ImuError.cpp:650] gyr saturation
W20250111 19:32:09.514866 1022177 ImuError.cpp:368] gyr saturation
W20250111 19:32:09.514950 1022177 ImuError.cpp:368] gyr saturation
W20250111 19:32:09.514962 1022177 ImuError.cpp:368] gyr saturation
W20250111 19:32:09.514973 1022177 ImuError.cpp:368] gyr saturation
W20250111 19:32:09.514984 1022177 ImuError.cpp:368] gyr saturation
W20250111 19:32:09.514994 1022177 ImuError.cpp:368] gyr saturation
W20250111 19:32:09.515005 1022177 ImuError.cpp:368] gyr saturation
W20250111 19:32:09.515017 1022177 ImuError.cpp:368] gyr saturation
W20250111 19:32:09.515026 1022177 ImuError.cpp:368] gyr saturation
W20250111 19:32:09.515038 1022177 ImuError.cpp:368] gyr saturation
W20250111 19:32:09.515048 1022177 ImuError.cpp:368] gyr saturation
W20250111 19:32:09.515058 1022177 ImuError.cpp:368] gyr saturation
W20250111 19:32:09.515069 1022177 ImuError.cpp:368] gyr saturation
W20250111 19:32:09.515080 1022177 ImuError.cpp:368] gyr saturation
W20250111 19:32:09.515090 1022177 ImuError.cpp:368] gyr saturation
W20250111 19:32:09.515101 1022177 ImuError.cpp:368] gyr saturation
W20250111 19:32:09.515112 1022177 ImuError.cpp:368] gyr saturation
W20250111 19:32:09.515122 1022177 ImuError.cpp:368] gyr saturation
W20250111 19:32:09.515133 1022177 ImuError.cpp:368] gyr saturation
W20250111 19:32:09.515144 1022177 ImuError.cpp:368] gyr saturation
W20250111 19:32:09.515156 1022177 ImuError.cpp:368] gyr saturation
W20250111 19:32:09.515165 1022177 ImuError.cpp:368] gyr saturation
W20250111 19:32:09.515177 1022177 ImuError.cpp:368] gyr saturation
W20250111 19:32:09.515187 1022177 ImuError.cpp:368] gyr saturation
W20250111 19:32:09.515197 1022177 ImuError.cpp:368] gyr saturation
W20250111 19:32:09.515208 1022177 ImuError.cpp:368] gyr saturation
W20250111 19:32:09.515218 1022177 ImuError.cpp:368] gyr saturation
W20250111 19:32:09.515229 1022177 ImuError.cpp:368] gyr saturation
W20250111 19:32:09.515240 1022177 ImuError.cpp:368] gyr saturation
W20250111 19:32:09.515250 1022177 ImuError.cpp:368] gyr saturation
W20250111 19:32:09.515261 1022177 ImuError.cpp:368] gyr saturation
W20250111 19:32:09.515271 1022177 ImuError.cpp:368] gyr saturation
W20250111 19:32:09.515282 1022177 ImuError.cpp:368] gyr saturation
W20250111 19:32:09.515293 1022177 ImuError.cpp:368] gyr saturation
W20250111 19:32:09.515303 1022177 ImuError.cpp:368] gyr saturation
W20250111 19:32:09.521921 1022177 ImuError.cpp:650] gyr saturation
W20250111 19:32:09.521976 1022177 ImuError.cpp:650] gyr saturation
W20250111 19:32:09.521983 1022177 ImuError.cpp:650] gyr saturation
W20250111 19:32:09.521992 1022177 ImuError.cpp:650] gyr saturation
W20250111 19:32:09.521998 1022177 ImuError.cpp:650] gyr saturation
W20250111 19:32:09.522003 1022177 ImuError.cpp:650] gyr saturation
W20250111 19:32:09.522018 1022177 ImuError.cpp:650] gyr saturation
W20250111 19:32:09.522023 1022177 ImuError.cpp:650] gyr saturation
W20250111 19:32:09.522029 1022177 ImuError.cpp:650] gyr saturation
W20250111 19:32:09.522053 1022177 ImuError.cpp:650] gyr saturation
W20250111 19:32:09.522060 1022177 ImuError.cpp:650] gyr saturation
W20250111 19:32:09.522065 1022177 ImuError.cpp:650] gyr saturation
W20250111 19:32:09.522070 1022177 ImuError.cpp:650] gyr saturation
W20250111 19:32:09.522078 1022177 ImuError.cpp:650] gyr saturation
W20250111 19:32:09.522084 1022177 ImuError.cpp:650] gyr saturation
W20250111 19:32:09.522089 1022177 ImuError.cpp:650] gyr saturation
W20250111 19:32:09.522095 1022177 ImuError.cpp:650] gyr saturation
W20250111 19:32:09.522102 1022177 ImuError.cpp:650] gyr saturation
W20250111 19:32:09.522109 1022177 ImuError.cpp:650] gyr saturation
W20250111 19:32:09.522114 1022177 ImuError.cpp:650] gyr saturation
W20250111 19:32:09.522121 1022177 ImuError.cpp:650] gyr saturation
W20250111 19:32:09.522135 1022177 ImuError.cpp:650] gyr saturation
W20250111 19:32:09.522140 1022177 ImuError.cpp:650] gyr saturation
W20250111 19:32:09.522147 1022177 ImuError.cpp:650] gyr saturation
W20250111 19:32:09.522153 1022177 ImuError.cpp:650] gyr saturation
W20250111 19:32:09.522159 1022177 ImuError.cpp:650] gyr saturation
W20250111 19:32:09.522164 1022177 ImuError.cpp:650] gyr saturation
W20250111 19:32:09.522171 1022177 ImuError.cpp:650] gyr saturation
W20250111 19:32:09.522176 1022177 ImuError.cpp:650] gyr saturation
W20250111 19:32:09.522183 1022177 ImuError.cpp:650] gyr saturation
W20250111 19:32:09.522189 1022177 ImuError.cpp:650] gyr saturation
W20250111 19:32:09.522195 1022177 ImuError.cpp:650] gyr saturation
W20250111 19:32:09.522202 1022177 ImuError.cpp:650] gyr saturation
W20250111 19:32:09.522207 1022177 ImuError.cpp:650] gyr saturation
W20250111 19:32:09.522212 1022177 ImuError.cpp:650] gyr saturation
W20250111 19:32:09.522218 1022177 ImuError.cpp:650] gyr saturation
W20250111 19:32:09.522224 1022177 ImuError.cpp:650] gyr saturation
W20250111 19:32:09.522231 1022177 ImuError.cpp:650] gyr saturation
W20250111 19:32:09.522238 1022177 ImuError.cpp:650] gyr saturation
W20250111 19:32:09.522244 1022177 ImuError.cpp:650] gyr saturation
W20250111 19:32:09.522250 1022177 ImuError.cpp:650] gyr saturation
W20250111 19:32:09.522257 1022177 ImuError.cpp:650] gyr saturation
W20250111 19:32:09.522264 1022177 ImuError.cpp:650] gyr saturation
W20250111 19:32:09.522270 1022177 ImuError.cpp:650] gyr saturation
W20250111 19:32:09.522277 1022177 ImuError.cpp:650] gyr saturation
W20250111 19:32:09.522284 1022177 ImuError.cpp:650] gyr saturation
W20250111 19:32:09.522290 1022177 ImuError.cpp:650] gyr saturation
W20250111 19:32:09.522295 1022177 ImuError.cpp:650] gyr saturation
W20250111 19:32:09.522302 1022177 ImuError.cpp:650] gyr saturation
W20250111 19:32:09.522308 1022177 ImuError.cpp:650] gyr saturation
W20250111 19:32:09.522316 1022177 ImuError.cpp:650] gyr saturation
W20250111 19:32:09.522322 1022177 ImuError.cpp:650] gyr saturation
W20250111 19:32:09.522328 1022177 ImuError.cpp:650] gyr saturation
W20250111 19:32:09.522336 1022177 ImuError.cpp:650] gyr saturation
W20250111 19:32:09.522341 1022177 ImuError.cpp:650] gyr saturation
W20250111 19:32:09.522347 1022177 ImuError.cpp:650] gyr saturation
W20250111 19:32:09.522353 1022177 ImuError.cpp:650] gyr saturation
W20250111 19:32:09.522361 1022177 ImuError.cpp:650] gyr saturation
W20250111 19:32:09.522367 1022177 ImuError.cpp:650] gyr saturation
W20250111 19:32:09.522373 1022177 ImuError.cpp:650] gyr saturation
W20250111 19:32:09.522379 1022177 ImuError.cpp:650] gyr saturation
W20250111 19:32:09.522387 1022177 ImuError.cpp:650] gyr saturation
W20250111 19:32:09.522393 1022177 ImuError.cpp:650] gyr saturation
W20250111 19:32:09.522400 1022177 ImuError.cpp:650] gyr saturation
W20250111 19:32:09.522408 1022177 ImuError.cpp:650] gyr saturation
W20250111 19:32:09.522415 1022177 ImuError.cpp:650] gyr saturation
W20250111 19:32:09.522421 1022177 ImuError.cpp:650] gyr saturation
W20250111 19:32:09.522428 1022177 ImuError.cpp:650] gyr saturation
W20250111 19:32:09.537276 1022177 ImuError.cpp:650] gyr saturation
W20250111 19:32:09.537335 1022177 ImuError.cpp:650] gyr saturation
W20250111 19:32:09.537359 1022177 ImuError.cpp:650] gyr saturation
W20250111 19:32:09.537366 1022177 ImuError.cpp:650] gyr saturation
W20250111 19:32:09.537372 1022177 ImuError.cpp:650] gyr saturation
W20250111 19:32:09.537379 1022177 ImuError.cpp:650] gyr saturation
W20250111 19:32:09.537385 1022177 ImuError.cpp:650] gyr saturation
W20250111 19:32:09.537390 1022177 ImuError.cpp:650] gyr saturation
W20250111 19:32:09.537397 1022177 ImuError.cpp:650] gyr saturation
W20250111 19:32:09.537405 1022177 ImuError.cpp:650] gyr saturation
W20250111 19:32:09.537410 1022177 ImuError.cpp:650] gyr saturation
W20250111 19:32:09.537415 1022177 ImuError.cpp:650] gyr saturation
W20250111 19:32:09.537421 1022177 ImuError.cpp:650] gyr saturation
W20250111 19:32:09.537426 1022177 ImuError.cpp:650] gyr saturation
W20250111 19:32:09.537432 1022177 ImuError.cpp:650] gyr saturation
W20250111 19:32:09.537439 1022177 ImuError.cpp:650] gyr saturation
W20250111 19:32:09.537446 1022177 ImuError.cpp:650] gyr saturation
W20250111 19:32:09.537451 1022177 ImuError.cpp:650] gyr saturation
W20250111 19:32:09.537458 1022177 ImuError.cpp:650] gyr saturation
W20250111 19:32:09.537463 1022177 ImuError.cpp:650] gyr saturation
W20250111 19:32:09.537469 1022177 ImuError.cpp:650] gyr saturation
W20250111 19:32:09.537474 1022177 ImuError.cpp:650] gyr saturation
W20250111 19:32:09.537479 1022177 ImuError.cpp:650] gyr saturation
W20250111 19:32:09.537485 1022177 ImuError.cpp:650] gyr saturation
W20250111 19:32:09.537492 1022177 ImuError.cpp:650] gyr saturation
W20250111 19:32:09.537497 1022177 ImuError.cpp:650] gyr saturation
W20250111 19:32:09.537503 1022177 ImuError.cpp:650] gyr saturation
W20250111 19:32:09.537509 1022177 ImuError.cpp:650] gyr saturation
W20250111 19:32:09.537515 1022177 ImuError.cpp:650] gyr saturation
W20250111 19:32:09.537520 1022177 ImuError.cpp:650] gyr saturation
W20250111 19:32:09.537526 1022177 ImuError.cpp:650] gyr saturation
W20250111 19:32:09.537533 1022177 ImuError.cpp:650] gyr saturation
W20250111 19:32:09.537539 1022177 ImuError.cpp:650] gyr saturation
W20250111 19:32:09.537544 1022177 ImuError.cpp:650] gyr saturation
W20250111 19:32:09.537618 1022177 ImuError.cpp:650] gyr saturation
W20250111 19:32:09.537626 1022177 ImuError.cpp:650] gyr saturation
W20250111 19:32:09.537637 1022177 ImuError.cpp:650] gyr saturation
W20250111 19:32:09.537644 1022177 ImuError.cpp:650] gyr saturation
W20250111 19:32:09.537649 1022177 ImuError.cpp:650] gyr saturation
W20250111 19:32:09.537655 1022177 ImuError.cpp:650] gyr saturation
W20250111 19:32:09.537662 1022177 ImuError.cpp:650] gyr saturation
W20250111 19:32:09.537667 1022177 ImuError.cpp:650] gyr saturation
W20250111 19:32:09.537672 1022177 ImuError.cpp:650] gyr saturation
W20250111 19:32:09.537679 1022177 ImuError.cpp:650] gyr saturation
W20250111 19:32:09.537684 1022177 ImuError.cpp:650] gyr saturation
W20250111 19:32:09.537690 1022177 ImuError.cpp:650] gyr saturation
W20250111 19:32:09.537696 1022177 ImuError.cpp:650] gyr saturation
W20250111 19:32:09.537703 1022177 ImuError.cpp:650] gyr saturation
W20250111 19:32:09.537708 1022177 ImuError.cpp:650] gyr saturation
W20250111 19:32:09.537714 1022177 ImuError.cpp:650] gyr saturation
W20250111 19:32:09.537719 1022177 ImuError.cpp:650] gyr saturation
W20250111 19:32:09.537726 1022177 ImuError.cpp:650] gyr saturation
W20250111 19:32:09.537731 1022177 ImuError.cpp:650] gyr saturation
W20250111 19:32:09.537737 1022177 ImuError.cpp:650] gyr saturation
W20250111 19:32:09.537742 1022177 ImuError.cpp:650] gyr saturation
W20250111 19:32:09.537748 1022177 ImuError.cpp:650] gyr saturation
W20250111 19:32:09.537753 1022177 ImuError.cpp:650] gyr saturation
W20250111 19:32:09.537760 1022177 ImuError.cpp:650] gyr saturation
W20250111 19:32:09.537766 1022177 ImuError.cpp:650] gyr saturation
W20250111 19:32:09.537773 1022177 ImuError.cpp:650] gyr saturation
W20250111 19:32:09.537778 1022177 ImuError.cpp:650] gyr saturation
W20250111 19:32:09.537784 1022177 ImuError.cpp:650] gyr saturation
W20250111 19:32:09.537791 1022177 ImuError.cpp:650] gyr saturation
W20250111 19:32:09.537799 1022177 ImuError.cpp:650] gyr saturation
W20250111 19:32:09.537806 1022177 ImuError.cpp:650] gyr saturation
W20250111 19:32:09.537811 1022177 ImuError.cpp:650] gyr saturation
W20250111 19:32:09.537817 1022177 ImuError.cpp:650] gyr saturation
W20250111 19:32:09.537822 1022177 ImuError.cpp:650] gyr saturation
I20250111 19:32:09.539592 1022177 Frontend.cpp:2274] RANSAC FAIL: 35 inliers, ratio = 0.7
W20250111 19:32:09.542225 1022177 ImuError.cpp:368] gyr saturation
W20250111 19:32:09.542301 1022177 ImuError.cpp:368] gyr saturation
W20250111 19:32:09.542316 1022177 ImuError.cpp:368] gyr saturation
W20250111 19:32:09.542327 1022177 ImuError.cpp:368] gyr saturation
W20250111 19:32:09.542340 1022177 ImuError.cpp:368] gyr saturation
W20250111 19:32:09.542351 1022177 ImuError.cpp:368] gyr saturation
W20250111 19:32:09.542363 1022177 ImuError.cpp:368] gyr saturation
W20250111 19:32:09.542374 1022177 ImuError.cpp:368] gyr saturation
W20250111 19:32:09.542398 1022177 ImuError.cpp:368] gyr saturation
W20250111 19:32:09.542409 1022177 ImuError.cpp:368] gyr saturation
W20250111 19:32:09.542421 1022177 ImuError.cpp:368] gyr saturation
W20250111 19:32:09.542431 1022177 ImuError.cpp:368] gyr saturation
W20250111 19:32:09.542443 1022177 ImuError.cpp:368] gyr saturation
W20250111 19:32:09.542454 1022177 ImuError.cpp:368] gyr saturation
W20250111 19:32:09.542464 1022177 ImuError.cpp:368] gyr saturation
W20250111 19:32:09.542475 1022177 ImuError.cpp:368] gyr saturation
W20250111 19:32:09.542486 1022177 ImuError.cpp:368] gyr saturation
W20250111 19:32:09.542497 1022177 ImuError.cpp:368] gyr saturation
W20250111 19:32:09.542508 1022177 ImuError.cpp:368] gyr saturation
W20250111 19:32:09.542519 1022177 ImuError.cpp:368] gyr saturation
W20250111 19:32:09.542531 1022177 ImuError.cpp:368] gyr saturation
W20250111 19:32:09.542541 1022177 ImuError.cpp:368] gyr saturation
W20250111 19:32:09.542552 1022177 ImuError.cpp:368] gyr saturation
W20250111 19:32:09.542563 1022177 ImuError.cpp:368] gyr saturation
W20250111 19:32:09.542574 1022177 ImuError.cpp:368] gyr saturation
W20250111 19:32:09.542585 1022177 ImuError.cpp:368] gyr saturation
W20250111 19:32:09.542596 1022177 ImuError.cpp:368] gyr saturation
W20250111 19:32:09.542608 1022177 ImuError.cpp:368] gyr saturation
W20250111 19:32:09.542618 1022177 ImuError.cpp:368] gyr saturation
W20250111 19:32:09.542634 1022177 ImuError.cpp:368] gyr saturation
W20250111 19:32:09.542646 1022177 ImuError.cpp:368] gyr saturation
W20250111 19:32:09.542657 1022177 ImuError.cpp:368] gyr saturation
W20250111 19:32:09.542668 1022177 ImuError.cpp:368] gyr saturation
W20250111 19:32:09.542680 1022177 ImuError.cpp:368] gyr saturation
W20250111 19:32:09.549165 1022177 ImuError.cpp:650] gyr saturation
W20250111 19:32:09.549226 1022177 ImuError.cpp:650] gyr saturation
W20250111 19:32:09.549234 1022177 ImuError.cpp:650] gyr saturation
W20250111 19:32:09.549240 1022177 ImuError.cpp:650] gyr saturation
W20250111 19:32:09.549247 1022177 ImuError.cpp:650] gyr saturation
W20250111 19:32:09.549253 1022177 ImuError.cpp:650] gyr saturation
W20250111 19:32:09.549258 1022177 ImuError.cpp:650] gyr saturation
W20250111 19:32:09.549264 1022177 ImuError.cpp:650] gyr saturation
W20250111 19:32:09.549269 1022177 ImuError.cpp:650] gyr saturation
W20250111 19:32:09.549276 1022177 ImuError.cpp:650] gyr saturation
W20250111 19:32:09.549281 1022177 ImuError.cpp:650] gyr saturation
W20250111 19:32:09.549288 1022177 ImuError.cpp:650] gyr saturation
W20250111 19:32:09.549293 1022177 ImuError.cpp:650] gyr saturation
W20250111 19:32:09.549299 1022177 ImuError.cpp:650] gyr saturation
W20250111 19:32:09.549305 1022177 ImuError.cpp:650] gyr saturation
W20250111 19:32:09.549310 1022177 ImuError.cpp:650] gyr saturation
W20250111 19:32:09.549315 1022177 ImuError.cpp:650] gyr saturation
W20250111 19:32:09.549322 1022177 ImuError.cpp:650] gyr saturation
W20250111 19:32:09.549329 1022177 ImuError.cpp:650] gyr saturation
W20250111 19:32:09.549335 1022177 ImuError.cpp:650] gyr saturation
W20250111 19:32:09.549340 1022177 ImuError.cpp:650] gyr saturation
W20250111 19:32:09.549358 1022177 ImuError.cpp:650] gyr saturation
W20250111 19:32:09.549364 1022177 ImuError.cpp:650] gyr saturation
W20250111 19:32:09.549371 1022177 ImuError.cpp:650] gyr saturation
W20250111 19:32:09.549376 1022177 ImuError.cpp:650] gyr saturation
W20250111 19:32:09.549383 1022177 ImuError.cpp:650] gyr saturation
W20250111 19:32:09.549388 1022177 ImuError.cpp:650] gyr saturation
W20250111 19:32:09.549394 1022177 ImuError.cpp:650] gyr saturation
W20250111 19:32:09.549400 1022177 ImuError.cpp:650] gyr saturation
W20250111 19:32:09.549407 1022177 ImuError.cpp:650] gyr saturation
W20250111 19:32:09.549412 1022177 ImuError.cpp:650] gyr saturation
W20250111 19:32:09.549417 1022177 ImuError.cpp:650] gyr saturation
W20250111 19:32:09.549423 1022177 ImuError.cpp:650] gyr saturation
W20250111 19:32:09.549428 1022177 ImuError.cpp:650] gyr saturation
W20250111 19:32:09.549434 1022177 ImuError.cpp:650] gyr saturation
W20250111 19:32:09.549441 1022177 ImuError.cpp:650] gyr saturation
W20250111 19:32:09.549448 1022177 ImuError.cpp:650] gyr saturation
W20250111 19:32:09.549455 1022177 ImuError.cpp:650] gyr saturation
W20250111 19:32:09.549461 1022177 ImuError.cpp:650] gyr saturation
W20250111 19:32:09.549468 1022177 ImuError.cpp:650] gyr saturation
W20250111 19:32:09.549474 1022177 ImuError.cpp:650] gyr saturation
W20250111 19:32:09.549479 1022177 ImuError.cpp:650] gyr saturation
W20250111 19:32:09.549485 1022177 ImuError.cpp:650] gyr saturation
W20250111 19:32:09.549491 1022177 ImuError.cpp:650] gyr saturation
W20250111 19:32:09.549496 1022177 ImuError.cpp:650] gyr saturation
W20250111 19:32:09.549502 1022177 ImuError.cpp:650] gyr saturation
W20250111 19:32:09.549508 1022177 ImuError.cpp:650] gyr saturation
W20250111 19:32:09.549515 1022177 ImuError.cpp:650] gyr saturation
W20250111 19:32:09.549520 1022177 ImuError.cpp:650] gyr saturation
W20250111 19:32:09.549526 1022177 ImuError.cpp:650] gyr saturation
W20250111 19:32:09.549531 1022177 ImuError.cpp:650] gyr saturation
W20250111 19:32:09.549537 1022177 ImuError.cpp:650] gyr saturation
W20250111 19:32:09.549543 1022177 ImuError.cpp:650] gyr saturation
W20250111 19:32:09.549549 1022177 ImuError.cpp:650] gyr saturation
W20250111 19:32:09.549556 1022177 ImuError.cpp:650] gyr saturation
W20250111 19:32:09.549561 1022177 ImuError.cpp:650] gyr saturation
W20250111 19:32:09.549567 1022177 ImuError.cpp:650] gyr saturation
W20250111 19:32:09.549572 1022177 ImuError.cpp:650] gyr saturation
W20250111 19:32:09.549577 1022177 ImuError.cpp:650] gyr saturation
W20250111 19:32:09.549583 1022177 ImuError.cpp:650] gyr saturation
W20250111 19:32:09.549589 1022177 ImuError.cpp:650] gyr saturation
W20250111 19:32:09.549597 1022177 ImuError.cpp:650] gyr saturation
W20250111 19:32:09.549602 1022177 ImuError.cpp:650] gyr saturation
W20250111 19:32:09.549607 1022177 ImuError.cpp:650] gyr saturation
W20250111 19:32:09.549613 1022177 ImuError.cpp:650] gyr saturation
W20250111 19:32:09.549619 1022177 ImuError.cpp:650] gyr saturation
W20250111 19:32:09.560815 1022177 ImuError.cpp:650] gyr saturation
W20250111 19:32:09.560866 1022177 ImuError.cpp:650] gyr saturation
W20250111 19:32:09.560873 1022177 ImuError.cpp:650] gyr saturation
W20250111 19:32:09.560878 1022177 ImuError.cpp:650] gyr saturation
W20250111 19:32:09.560883 1022177 ImuError.cpp:650] gyr saturation
W20250111 19:32:09.560889 1022177 ImuError.cpp:650] gyr saturation
W20250111 19:32:09.560894 1022177 ImuError.cpp:650] gyr saturation
W20250111 19:32:09.560899 1022177 ImuError.cpp:650] gyr saturation
W20250111 19:32:09.560904 1022177 ImuError.cpp:650] gyr saturation
W20250111 19:32:09.560909 1022177 ImuError.cpp:650] gyr saturation
W20250111 19:32:09.560914 1022177 ImuError.cpp:650] gyr saturation
W20250111 19:32:09.560918 1022177 ImuError.cpp:650] gyr saturation
W20250111 19:32:09.560922 1022177 ImuError.cpp:650] gyr saturation
W20250111 19:32:09.560927 1022177 ImuError.cpp:650] gyr saturation
W20250111 19:32:09.560932 1022177 ImuError.cpp:650] gyr saturation
W20250111 19:32:09.560937 1022177 ImuError.cpp:650] gyr saturation
W20250111 19:32:09.560953 1022177 ImuError.cpp:650] gyr saturation
W20250111 19:32:09.560959 1022177 ImuError.cpp:650] gyr saturation
W20250111 19:32:09.560966 1022177 ImuError.cpp:650] gyr saturation
W20250111 19:32:09.560971 1022177 ImuError.cpp:650] gyr saturation
W20250111 19:32:09.560976 1022177 ImuError.cpp:650] gyr saturation
W20250111 19:32:09.560981 1022177 ImuError.cpp:650] gyr saturation
W20250111 19:32:09.560985 1022177 ImuError.cpp:650] gyr saturation
W20250111 19:32:09.560990 1022177 ImuError.cpp:650] gyr saturation
W20250111 19:32:09.560995 1022177 ImuError.cpp:650] gyr saturation
W20250111 19:32:09.561002 1022177 ImuError.cpp:650] gyr saturation
W20250111 19:32:09.561007 1022177 ImuError.cpp:650] gyr saturation
W20250111 19:32:09.561012 1022177 ImuError.cpp:650] gyr saturation
W20250111 19:32:09.561017 1022177 ImuError.cpp:650] gyr saturation
W20250111 19:32:09.561022 1022177 ImuError.cpp:650] gyr saturation
W20250111 19:32:09.561029 1022177 ImuError.cpp:650] gyr saturation
W20250111 19:32:09.561036 1022177 ImuError.cpp:650] gyr saturation
W20250111 19:32:09.561041 1022177 ImuError.cpp:650] gyr saturation
W20250111 19:32:09.561090 1022177 ImuError.cpp:650] gyr saturation
W20250111 19:32:09.561098 1022177 ImuError.cpp:650] gyr saturation
W20250111 19:32:09.561102 1022177 ImuError.cpp:650] gyr saturation
W20250111 19:32:09.561108 1022177 ImuError.cpp:650] gyr saturation
W20250111 19:32:09.561113 1022177 ImuError.cpp:650] gyr saturation
W20250111 19:32:09.561120 1022177 ImuError.cpp:650] gyr saturation
W20250111 19:32:09.561125 1022177 ImuError.cpp:650] gyr saturation
W20250111 19:32:09.561131 1022177 ImuError.cpp:650] gyr saturation
W20250111 19:32:09.561136 1022177 ImuError.cpp:650] gyr saturation
W20250111 19:32:09.561141 1022177 ImuError.cpp:650] gyr saturation
W20250111 19:32:09.561146 1022177 ImuError.cpp:650] gyr saturation
W20250111 19:32:09.561153 1022177 ImuError.cpp:650] gyr saturation
W20250111 19:32:09.561158 1022177 ImuError.cpp:650] gyr saturation
W20250111 19:32:09.561164 1022177 ImuError.cpp:650] gyr saturation
W20250111 19:32:09.561169 1022177 ImuError.cpp:650] gyr saturation
W20250111 19:32:09.561174 1022177 ImuError.cpp:650] gyr saturation
W20250111 19:32:09.561180 1022177 ImuError.cpp:650] gyr saturation
W20250111 19:32:09.561185 1022177 ImuError.cpp:650] gyr saturation
W20250111 19:32:09.561190 1022177 ImuError.cpp:650] gyr saturation
W20250111 19:32:09.561195 1022177 ImuError.cpp:650] gyr saturation
W20250111 19:32:09.561201 1022177 ImuError.cpp:650] gyr saturation
W20250111 19:32:09.561208 1022177 ImuError.cpp:650] gyr saturation
W20250111 19:32:09.561213 1022177 ImuError.cpp:650] gyr saturation
W20250111 19:32:09.561218 1022177 ImuError.cpp:650] gyr saturation
W20250111 19:32:09.561223 1022177 ImuError.cpp:650] gyr saturation
W20250111 19:32:09.561228 1022177 ImuError.cpp:650] gyr saturation
W20250111 19:32:09.561233 1022177 ImuError.cpp:650] gyr saturation
W20250111 19:32:09.561239 1022177 ImuError.cpp:650] gyr saturation
W20250111 19:32:09.561244 1022177 ImuError.cpp:650] gyr saturation
W20250111 19:32:09.561249 1022177 ImuError.cpp:650] gyr saturation
W20250111 19:32:09.561255 1022177 ImuError.cpp:650] gyr saturation
W20250111 19:32:09.561261 1022177 ImuError.cpp:650] gyr saturation
W20250111 19:32:09.561267 1022177 ImuError.cpp:650] gyr saturation
W20250111 19:32:09.565714 1022177 ImuError.cpp:368] gyr saturation
W20250111 19:32:09.565791 1022177 ImuError.cpp:368] gyr saturation
W20250111 19:32:09.565804 1022177 ImuError.cpp:368] gyr saturation
W20250111 19:32:09.565815 1022177 ImuError.cpp:368] gyr saturation
W20250111 19:32:09.565826 1022177 ImuError.cpp:368] gyr saturation
W20250111 19:32:09.565838 1022177 ImuError.cpp:368] gyr saturation
W20250111 19:32:09.565850 1022177 ImuError.cpp:368] gyr saturation
W20250111 19:32:09.565860 1022177 ImuError.cpp:368] gyr saturation
W20250111 19:32:09.565871 1022177 ImuError.cpp:368] gyr saturation
W20250111 19:32:09.565881 1022177 ImuError.cpp:368] gyr saturation
W20250111 19:32:09.565892 1022177 ImuError.cpp:368] gyr saturation
W20250111 19:32:09.565918 1022177 ImuError.cpp:368] gyr saturation
W20250111 19:32:09.565930 1022177 ImuError.cpp:368] gyr saturation
W20250111 19:32:09.565941 1022177 ImuError.cpp:368] gyr saturation
W20250111 19:32:09.565953 1022177 ImuError.cpp:368] gyr saturation
W20250111 19:32:09.565963 1022177 ImuError.cpp:368] gyr saturation
W20250111 19:32:09.565974 1022177 ImuError.cpp:368] gyr saturation
W20250111 19:32:09.565984 1022177 ImuError.cpp:368] gyr saturation
W20250111 19:32:09.565995 1022177 ImuError.cpp:368] gyr saturation
W20250111 19:32:09.566006 1022177 ImuError.cpp:368] gyr saturation
W20250111 19:32:09.566017 1022177 ImuError.cpp:368] gyr saturation
W20250111 19:32:09.566028 1022177 ImuError.cpp:368] gyr saturation
W20250111 19:32:09.566040 1022177 ImuError.cpp:368] gyr saturation
W20250111 19:32:09.566051 1022177 ImuError.cpp:368] gyr saturation
W20250111 19:32:09.566061 1022177 ImuError.cpp:368] gyr saturation
W20250111 19:32:09.566073 1022177 ImuError.cpp:368] gyr saturation
W20250111 19:32:09.566084 1022177 ImuError.cpp:368] gyr saturation
W20250111 19:32:09.566095 1022177 ImuError.cpp:368] gyr saturation
W20250111 19:32:09.566105 1022177 ImuError.cpp:368] gyr saturation
W20250111 19:32:09.566116 1022177 ImuError.cpp:368] gyr saturation
W20250111 19:32:09.566128 1022177 ImuError.cpp:368] gyr saturation
W20250111 19:32:09.566138 1022177 ImuError.cpp:368] gyr saturation
W20250111 19:32:09.566149 1022177 ImuError.cpp:368] gyr saturation
W20250111 19:32:09.573215 1022177 ImuError.cpp:650] gyr saturation
W20250111 19:32:09.573271 1022177 ImuError.cpp:650] gyr saturation
W20250111 19:32:09.573279 1022177 ImuError.cpp:650] gyr saturation
W20250111 19:32:09.573287 1022177 ImuError.cpp:650] gyr saturation
W20250111 19:32:09.573292 1022177 ImuError.cpp:650] gyr saturation
W20250111 19:32:09.573297 1022177 ImuError.cpp:650] gyr saturation
W20250111 19:32:09.573303 1022177 ImuError.cpp:650] gyr saturation
W20250111 19:32:09.573308 1022177 ImuError.cpp:650] gyr saturation
W20250111 19:32:09.573314 1022177 ImuError.cpp:650] gyr saturation
W20250111 19:32:09.573319 1022177 ImuError.cpp:650] gyr saturation
W20250111 19:32:09.573325 1022177 ImuError.cpp:650] gyr saturation
W20250111 19:32:09.573331 1022177 ImuError.cpp:650] gyr saturation
W20250111 19:32:09.573338 1022177 ImuError.cpp:650] gyr saturation
W20250111 19:32:09.573343 1022177 ImuError.cpp:650] gyr saturation
W20250111 19:32:09.573350 1022177 ImuError.cpp:650] gyr saturation
W20250111 19:32:09.573356 1022177 ImuError.cpp:650] gyr saturation
W20250111 19:32:09.573362 1022177 ImuError.cpp:650] gyr saturation
W20250111 19:32:09.573369 1022177 ImuError.cpp:650] gyr saturation
W20250111 19:32:09.573374 1022177 ImuError.cpp:650] gyr saturation
W20250111 19:32:09.573381 1022177 ImuError.cpp:650] gyr saturation
W20250111 19:32:09.573386 1022177 ImuError.cpp:650] gyr saturation
W20250111 19:32:09.573392 1022177 ImuError.cpp:650] gyr saturation
W20250111 19:32:09.573397 1022177 ImuError.cpp:650] gyr saturation
W20250111 19:32:09.573403 1022177 ImuError.cpp:650] gyr saturation
W20250111 19:32:09.573410 1022177 ImuError.cpp:650] gyr saturation
W20250111 19:32:09.573415 1022177 ImuError.cpp:650] gyr saturation
W20250111 19:32:09.573421 1022177 ImuError.cpp:650] gyr saturation
W20250111 19:32:09.573428 1022177 ImuError.cpp:650] gyr saturation
W20250111 19:32:09.573433 1022177 ImuError.cpp:650] gyr saturation
W20250111 19:32:09.573441 1022177 ImuError.cpp:650] gyr saturation
W20250111 19:32:09.573447 1022177 ImuError.cpp:650] gyr saturation
W20250111 19:32:09.573452 1022177 ImuError.cpp:650] gyr saturation
W20250111 19:32:09.573458 1022177 ImuError.cpp:650] gyr saturation
I20250111 19:32:10.970059 1022177 okvis_app_synchronous.cpp:210] OKVIS Timing
-----------
1 DetectAndDescribe                	   3889	00:00:07.579987	(00:00:00.001949 +- 00:00:00.000354)	[00:00:00.000948,00:00:00.004747]
2 Match                            	   3889	00:00:27.057667	(00:00:00.006957 +- 00:00:00.002998)	[00:00:00.000235,00:00:00.016531]
2.01 match to map                  	   3888	00:00:19.902238	(00:00:00.005119 +- 00:00:00.002621)	[00:00:00.000051,00:00:00.014102]
2.02 match motion stereo           	   3888	00:00:05.062241	(00:00:00.001302 +- 00:00:00.000419)	[00:00:00.000054,00:00:00.003440]
2.02.1 match motion stereo: prepare	   3888	00:00:01.122710	(00:00:00.000289 +- 00:00:00.000111)	[00:00:00.000001,00:00:00.000954]
2.10 match stereo                  	   1045	00:00:00.038520	(00:00:00.000037 +- 00:00:00.000044)	[00:00:00.000001,00:00:00.000431]
3 Optimise                         	   3888	00:00:57.013919	(00:00:00.014664 +- 00:00:00.005462)	[00:00:00.001233,00:00:00.035484]
4 Prepare publishing               	   3888	00:00:03.093460	(00:00:00.000796 +- 00:00:00.000307)	[00:00:00.000065,00:00:00.002774]
6 Visualising                      	   3888	00:00:00.000909	(00:00:00.000000 +- 00:00:00.000000)	[00:00:00.000000,00:00:00.000012]
7 Marginalise                      	   3888	00:00:06.600299	(00:00:00.001698 +- 00:00:00.000678)	[00:00:00.000006,00:00:00.005454]
7.1 check/handle lost              	   3888	00:00:00.112731	(00:00:00.000029 +- 00:00:00.000019)	[00:00:00.000000,00:00:00.000399]
7.2 eliminate IMU frames           	   3888	00:00:02.935878	(00:00:00.000755 +- 00:00:00.000536)	[00:00:00.000000,00:00:00.002678]
7.3 convert to posegraph           	   1269	00:00:00.970288	(00:00:00.000765 +- 00:00:00.000377)	[00:00:00.000095,00:00:00.002866]
7.4 freezing                       	   3887	00:00:00.004201	(00:00:00.000001 +- 00:00:00.000002)	[00:00:00.000000,00:00:00.000029]
7.6 expand                         	   3864	00:00:00.829883	(00:00:00.000215 +- 00:00:00.000106)	[00:00:00.000022,00:00:00.001112]
7.7 prune place recognition frames 	   3887	00:00:00.833233	(00:00:00.000214 +- 00:00:00.000109)	[00:00:00.000005,00:00:00.000825]
I20250111 19:32:10.970227 1022177 okvis_app_synchronous.cpp:219] Progress: 72% (1 [1%/s], ETA: 28s)
I20250111 19:32:11.220247 1022177 Frontend.cpp:2274] RANSAC FAIL: 27 inliers, ratio = 0.6
I20250111 19:32:12.698948 1022177 okvis_app_synchronous.cpp:210] OKVIS Timing
-----------
1 DetectAndDescribe                	   3943	00:00:07.688847	(00:00:00.001950 +- 00:00:00.000352)	[00:00:00.000948,00:00:00.004747]
2 Match                            	   3943	00:00:27.860998	(00:00:00.007066 +- 00:00:00.003119)	[00:00:00.000235,00:00:00.019996]
2.01 match to map                  	   3942	00:00:20.571039	(00:00:00.005218 +- 00:00:00.002738)	[00:00:00.000051,00:00:00.017195]
2.02 match motion stereo           	   3942	00:00:05.154180	(00:00:00.001308 +- 00:00:00.000420)	[00:00:00.000054,00:00:00.003440]
2.02.1 match motion stereo: prepare	   3942	00:00:01.146573	(00:00:00.000291 +- 00:00:00.000112)	[00:00:00.000001,00:00:00.000954]
2.10 match stereo                  	   1053	00:00:00.039110	(00:00:00.000037 +- 00:00:00.000044)	[00:00:00.000001,00:00:00.000431]
3 Optimise                         	   3942	00:00:57.729090	(00:00:00.014645 +- 00:00:00.005437)	[00:00:00.001233,00:00:00.035484]
4 Prepare publishing               	   3942	00:00:03.151768	(00:00:00.000800 +- 00:00:00.000309)	[00:00:00.000065,00:00:00.002774]
6 Visualising                      	   3942	00:00:00.000919	(00:00:00.000000 +- 00:00:00.000000)	[00:00:00.000000,00:00:00.000012]
7 Marginalise                      	   3942	00:00:06.744849	(00:00:00.001711 +- 00:00:00.000693)	[00:00:00.000006,00:00:00.006146]
7.1 check/handle lost              	   3942	00:00:00.114822	(00:00:00.000029 +- 00:00:00.000019)	[00:00:00.000000,00:00:00.000399]
7.2 eliminate IMU frames           	   3942	00:00:02.992412	(00:00:00.000759 +- 00:00:00.000537)	[00:00:00.000000,00:00:00.002678]
7.3 convert to posegraph           	   1294	00:00:00.997091	(00:00:00.000771 +- 00:00:00.000379)	[00:00:00.000095,00:00:00.002866]
7.4 freezing                       	   3941	00:00:00.004254	(00:00:00.000001 +- 00:00:00.000002)	[00:00:00.000000,00:00:00.000029]
7.6 expand                         	   3917	00:00:00.850896	(00:00:00.000217 +- 00:00:00.000110)	[00:00:00.000022,00:00:00.001232]
7.7 prune place recognition frames 	   3941	00:00:00.852569	(00:00:00.000216 +- 00:00:00.000110)	[00:00:00.000005,00:00:00.000825]
I20250111 19:32:12.699105 1022177 okvis_app_synchronous.cpp:219] Progress: 73% (1 [1%/s], ETA: 27s)
I20250111 19:32:14.504971 1022177 okvis_app_synchronous.cpp:210] OKVIS Timing
-----------
1 DetectAndDescribe                	   3997	00:00:07.803382	(00:00:00.001952 +- 00:00:00.000351)	[00:00:00.000948,00:00:00.004747]
2 Match                            	   3997	00:00:28.682118	(00:00:00.007176 +- 00:00:00.003239)	[00:00:00.000235,00:00:00.019996]
2.01 match to map                  	   3996	00:00:21.249585	(00:00:00.005318 +- 00:00:00.002850)	[00:00:00.000051,00:00:00.017195]
2.02 match motion stereo           	   3996	00:00:05.252198	(00:00:00.001314 +- 00:00:00.000423)	[00:00:00.000054,00:00:00.003440]
2.02.1 match motion stereo: prepare	   3996	00:00:01.172509	(00:00:00.000293 +- 00:00:00.000114)	[00:00:00.000001,00:00:00.000954]
2.10 match stereo                  	   1055	00:00:00.039244	(00:00:00.000037 +- 00:00:00.000044)	[00:00:00.000001,00:00:00.000431]
3 Optimise                         	   3996	00:00:58.455292	(00:00:00.014628 +- 00:00:00.005409)	[00:00:00.001233,00:00:00.035484]
4 Prepare publishing               	   3996	00:00:03.213883	(00:00:00.000804 +- 00:00:00.000310)	[00:00:00.000065,00:00:00.002774]
6 Visualising                      	   3996	00:00:00.000931	(00:00:00.000000 +- 00:00:00.000000)	[00:00:00.000000,00:00:00.000012]
7 Marginalise                      	   3996	00:00:06.933654	(00:00:00.001735 +- 00:00:00.000734)	[00:00:00.000006,00:00:00.006907]
7.1 check/handle lost              	   3996	00:00:00.116860	(00:00:00.000029 +- 00:00:00.000019)	[00:00:00.000000,00:00:00.000399]
7.2 eliminate IMU frames           	   3996	00:00:03.052542	(00:00:00.000764 +- 00:00:00.000536)	[00:00:00.000000,00:00:00.002678]
7.3 convert to posegraph           	   1327	00:00:01.053970	(00:00:00.000794 +- 00:00:00.000408)	[00:00:00.000095,00:00:00.002866]
7.4 freezing                       	   3995	00:00:00.004306	(00:00:00.000001 +- 00:00:00.000002)	[00:00:00.000000,00:00:00.000029]
7.6 expand                         	   3968	00:00:00.879850	(00:00:00.000222 +- 00:00:00.000121)	[00:00:00.000022,00:00:00.001737]
7.7 prune place recognition frames 	   3995	00:00:00.873910	(00:00:00.000219 +- 00:00:00.000112)	[00:00:00.000005,00:00:00.000825]
I20250111 19:32:14.505110 1022177 okvis_app_synchronous.cpp:219] Progress: 74% (1 [1%/s], ETA: 26s)
I20250111 19:32:16.131973 1022177 Frontend.cpp:2274] RANSAC FAIL: 81 inliers, ratio = 0.632812
I20250111 19:32:16.298187 1022177 okvis_app_synchronous.cpp:210] OKVIS Timing
-----------
1 DetectAndDescribe                	   4051	00:00:07.915770	(00:00:00.001954 +- 00:00:00.000349)	[00:00:00.000948,00:00:00.004747]
2 Match                            	   4051	00:00:29.515537	(00:00:00.007286 +- 00:00:00.003355)	[00:00:00.000235,00:00:00.019996]
2.01 match to map                  	   4050	00:00:21.938325	(00:00:00.005417 +- 00:00:00.002958)	[00:00:00.000051,00:00:00.017195]
2.02 match motion stereo           	   4050	00:00:05.350144	(00:00:00.001321 +- 00:00:00.000426)	[00:00:00.000054,00:00:00.003440]
2.02.1 match motion stereo: prepare	   4050	00:00:01.197904	(00:00:00.000296 +- 00:00:00.000115)	[00:00:00.000001,00:00:00.000954]
2.10 match stereo                  	   1065	00:00:00.040201	(00:00:00.000038 +- 00:00:00.000044)	[00:00:00.000001,00:00:00.000431]
3 Optimise                         	   4050	00:00:59.201285	(00:00:00.014618 +- 00:00:00.005381)	[00:00:00.001233,00:00:00.035484]
4 Prepare publishing               	   4050	00:00:03.274990	(00:00:00.000809 +- 00:00:00.000312)	[00:00:00.000065,00:00:00.002774]
6 Visualising                      	   4050	00:00:00.000943	(00:00:00.000000 +- 00:00:00.000000)	[00:00:00.000000,00:00:00.000012]
7 Marginalise                      	   4050	00:00:07.078273	(00:00:00.001748 +- 00:00:00.000747)	[00:00:00.000006,00:00:00.006907]
7.1 check/handle lost              	   4050	00:00:00.118930	(00:00:00.000029 +- 00:00:00.000019)	[00:00:00.000000,00:00:00.000399]
7.2 eliminate IMU frames           	   4050	00:00:03.107461	(00:00:00.000767 +- 00:00:00.000537)	[00:00:00.000000,00:00:00.002678]
7.3 convert to posegraph           	   1349	00:00:01.083496	(00:00:00.000803 +- 00:00:00.000415)	[00:00:00.000095,00:00:00.002866]
7.4 freezing                       	   4049	00:00:00.004353	(00:00:00.000001 +- 00:00:00.000002)	[00:00:00.000000,00:00:00.000029]
7.6 expand                         	   4022	00:00:00.900092	(00:00:00.000224 +- 00:00:00.000123)	[00:00:00.000022,00:00:00.001737]
7.7 prune place recognition frames 	   4049	00:00:00.893070	(00:00:00.000221 +- 00:00:00.000113)	[00:00:00.000005,00:00:00.000825]
I20250111 19:32:16.298368 1022177 okvis_app_synchronous.cpp:219] Progress: 75% (1 [1%/s], ETA: 25s)
I20250111 19:32:16.786123 1022177 Frontend.cpp:2274] RANSAC FAIL: 12 inliers, ratio = 0.6
I20250111 19:32:16.944046 1022177 Frontend.cpp:2274] RANSAC FAIL: 62 inliers, ratio = 0.673913
I20250111 19:32:18.065805 1022177 okvis_app_synchronous.cpp:210] OKVIS Timing
-----------
1 DetectAndDescribe                	   4106	00:00:08.024210	(00:00:00.001954 +- 00:00:00.000348)	[00:00:00.000948,00:00:00.004747]
2 Match                            	   4106	00:00:30.278009	(00:00:00.007374 +- 00:00:00.003420)	[00:00:00.000235,00:00:00.019996]
2.01 match to map                  	   4105	00:00:22.545082	(00:00:00.005492 +- 00:00:00.003010)	[00:00:00.000051,00:00:00.017195]
2.02 match motion stereo           	   4105	00:00:05.463249	(00:00:00.001331 +- 00:00:00.000432)	[00:00:00.000054,00:00:00.003440]
2.02.1 match motion stereo: prepare	   4105	00:00:01.220981	(00:00:00.000297 +- 00:00:00.000115)	[00:00:00.000001,00:00:00.000954]
2.10 match stereo                  	   1108	00:00:00.041766	(00:00:00.000038 +- 00:00:00.000044)	[00:00:00.000001,00:00:00.000431]
3 Optimise                         	   4105	00:01:00.048374	(00:00:00.014628 +- 00:00:00.005374)	[00:00:00.001233,00:00:00.035484]
4 Prepare publishing               	   4105	00:00:03.327950	(00:00:00.000811 +- 00:00:00.000313)	[00:00:00.000065,00:00:00.002774]
6 Visualising                      	   4105	00:00:00.000955	(00:00:00.000000 +- 00:00:00.000000)	[00:00:00.000000,00:00:00.000012]
7 Marginalise                      	   4105	00:00:07.175028	(00:00:00.001748 +- 00:00:00.000745)	[00:00:00.000006,00:00:00.006907]
7.1 check/handle lost              	   4105	00:00:00.120252	(00:00:00.000029 +- 00:00:00.000019)	[00:00:00.000000,00:00:00.000399]
7.2 eliminate IMU frames           	   4105	00:00:03.121882	(00:00:00.000761 +- 00:00:00.000539)	[00:00:00.000000,00:00:00.002678]
7.3 convert to posegraph           	   1390	00:00:01.120609	(00:00:00.000806 +- 00:00:00.000412)	[00:00:00.000095,00:00:00.002866]
7.4 freezing                       	   4104	00:00:00.004447	(00:00:00.000001 +- 00:00:00.000002)	[00:00:00.000000,00:00:00.000029]
7.6 expand                         	   4077	00:00:00.914437	(00:00:00.000224 +- 00:00:00.000123)	[00:00:00.000022,00:00:00.001737]
7.7 prune place recognition frames 	   4104	00:00:00.905384	(00:00:00.000221 +- 00:00:00.000113)	[00:00:00.000005,00:00:00.000825]
I20250111 19:32:18.065976 1022177 okvis_app_synchronous.cpp:219] Progress: 76% (1 [1%/s], ETA: 24s)
W20250111 19:32:19.650983 1022177 ImuError.cpp:650] gyr saturation
W20250111 19:32:19.651046 1022177 ImuError.cpp:650] gyr saturation
W20250111 19:32:19.651055 1022177 ImuError.cpp:650] gyr saturation
W20250111 19:32:19.651062 1022177 ImuError.cpp:650] gyr saturation
W20250111 19:32:19.651067 1022177 ImuError.cpp:650] gyr saturation
W20250111 19:32:19.651075 1022177 ImuError.cpp:650] gyr saturation
W20250111 19:32:19.651082 1022177 ImuError.cpp:650] gyr saturation
W20250111 19:32:19.651087 1022177 ImuError.cpp:650] gyr saturation
W20250111 19:32:19.651093 1022177 ImuError.cpp:650] gyr saturation
W20250111 19:32:19.651100 1022177 ImuError.cpp:650] gyr saturation
W20250111 19:32:19.651106 1022177 ImuError.cpp:650] gyr saturation
W20250111 19:32:19.651111 1022177 ImuError.cpp:650] gyr saturation
W20250111 19:32:19.651116 1022177 ImuError.cpp:650] gyr saturation
W20250111 19:32:19.651154 1022177 ImuError.cpp:650] gyr saturation
W20250111 19:32:19.651161 1022177 ImuError.cpp:650] gyr saturation
W20250111 19:32:19.651166 1022177 ImuError.cpp:650] gyr saturation
W20250111 19:32:19.651172 1022177 ImuError.cpp:650] gyr saturation
W20250111 19:32:19.673233 1022177 ImuError.cpp:650] gyr saturation
W20250111 19:32:19.673291 1022177 ImuError.cpp:650] gyr saturation
W20250111 19:32:19.673300 1022177 ImuError.cpp:650] gyr saturation
W20250111 19:32:19.673313 1022177 ImuError.cpp:650] gyr saturation
W20250111 19:32:19.673318 1022177 ImuError.cpp:650] gyr saturation
W20250111 19:32:19.673323 1022177 ImuError.cpp:650] gyr saturation
W20250111 19:32:19.673329 1022177 ImuError.cpp:650] gyr saturation
W20250111 19:32:19.673334 1022177 ImuError.cpp:650] gyr saturation
W20250111 19:32:19.673339 1022177 ImuError.cpp:650] gyr saturation
W20250111 19:32:19.673344 1022177 ImuError.cpp:650] gyr saturation
W20250111 19:32:19.673349 1022177 ImuError.cpp:650] gyr saturation
W20250111 19:32:19.673355 1022177 ImuError.cpp:650] gyr saturation
W20250111 19:32:19.673360 1022177 ImuError.cpp:650] gyr saturation
W20250111 19:32:19.673365 1022177 ImuError.cpp:650] gyr saturation
W20250111 19:32:19.673370 1022177 ImuError.cpp:650] gyr saturation
W20250111 19:32:19.673375 1022177 ImuError.cpp:650] gyr saturation
W20250111 19:32:19.673381 1022177 ImuError.cpp:650] gyr saturation
W20250111 19:32:19.673698 1022177 ImuError.cpp:650] gyr saturation
W20250111 19:32:19.673709 1022177 ImuError.cpp:650] gyr saturation
W20250111 19:32:19.673715 1022177 ImuError.cpp:650] gyr saturation
W20250111 19:32:19.673720 1022177 ImuError.cpp:650] gyr saturation
W20250111 19:32:19.673727 1022177 ImuError.cpp:650] gyr saturation
W20250111 19:32:19.673731 1022177 ImuError.cpp:650] gyr saturation
W20250111 19:32:19.673736 1022177 ImuError.cpp:650] gyr saturation
W20250111 19:32:19.673741 1022177 ImuError.cpp:650] gyr saturation
W20250111 19:32:19.673748 1022177 ImuError.cpp:650] gyr saturation
W20250111 19:32:19.673753 1022177 ImuError.cpp:650] gyr saturation
W20250111 19:32:19.673758 1022177 ImuError.cpp:650] gyr saturation
W20250111 19:32:19.673763 1022177 ImuError.cpp:650] gyr saturation
W20250111 19:32:19.673767 1022177 ImuError.cpp:650] gyr saturation
W20250111 19:32:19.673774 1022177 ImuError.cpp:650] gyr saturation
W20250111 19:32:19.673779 1022177 ImuError.cpp:650] gyr saturation
W20250111 19:32:19.673784 1022177 ImuError.cpp:650] gyr saturation
W20250111 19:32:19.673789 1022177 ImuError.cpp:650] gyr saturation
W20250111 19:32:19.679388 1022177 ImuError.cpp:368] gyr saturation
W20250111 19:32:19.679457 1022177 ImuError.cpp:368] gyr saturation
W20250111 19:32:19.679471 1022177 ImuError.cpp:368] gyr saturation
W20250111 19:32:19.679483 1022177 ImuError.cpp:368] gyr saturation
W20250111 19:32:19.679494 1022177 ImuError.cpp:368] gyr saturation
W20250111 19:32:19.679505 1022177 ImuError.cpp:368] gyr saturation
W20250111 19:32:19.679517 1022177 ImuError.cpp:368] gyr saturation
W20250111 19:32:19.679528 1022177 ImuError.cpp:368] gyr saturation
W20250111 19:32:19.679541 1022177 ImuError.cpp:368] gyr saturation
W20250111 19:32:19.679553 1022177 ImuError.cpp:368] gyr saturation
W20250111 19:32:19.679563 1022177 ImuError.cpp:368] gyr saturation
W20250111 19:32:19.679574 1022177 ImuError.cpp:368] gyr saturation
W20250111 19:32:19.679585 1022177 ImuError.cpp:368] gyr saturation
W20250111 19:32:19.679598 1022177 ImuError.cpp:368] gyr saturation
W20250111 19:32:19.679610 1022177 ImuError.cpp:368] gyr saturation
W20250111 19:32:19.679621 1022177 ImuError.cpp:368] gyr saturation
W20250111 19:32:19.679636 1022177 ImuError.cpp:368] gyr saturation
W20250111 19:32:19.687637 1022177 ImuError.cpp:650] gyr saturation
W20250111 19:32:19.687693 1022177 ImuError.cpp:650] gyr saturation
W20250111 19:32:19.687702 1022177 ImuError.cpp:650] gyr saturation
W20250111 19:32:19.687711 1022177 ImuError.cpp:650] gyr saturation
W20250111 19:32:19.687716 1022177 ImuError.cpp:650] gyr saturation
W20250111 19:32:19.687724 1022177 ImuError.cpp:650] gyr saturation
W20250111 19:32:19.687731 1022177 ImuError.cpp:650] gyr saturation
W20250111 19:32:19.687752 1022177 ImuError.cpp:650] gyr saturation
W20250111 19:32:19.687762 1022177 ImuError.cpp:650] gyr saturation
W20250111 19:32:19.687769 1022177 ImuError.cpp:650] gyr saturation
W20250111 19:32:19.687775 1022177 ImuError.cpp:650] gyr saturation
W20250111 19:32:19.687781 1022177 ImuError.cpp:650] gyr saturation
W20250111 19:32:19.687788 1022177 ImuError.cpp:650] gyr saturation
W20250111 19:32:19.687795 1022177 ImuError.cpp:650] gyr saturation
W20250111 19:32:19.687803 1022177 ImuError.cpp:650] gyr saturation
W20250111 19:32:19.687809 1022177 ImuError.cpp:650] gyr saturation
W20250111 19:32:19.687815 1022177 ImuError.cpp:650] gyr saturation
W20250111 19:32:19.687821 1022177 ImuError.cpp:650] gyr saturation
W20250111 19:32:19.687829 1022177 ImuError.cpp:650] gyr saturation
W20250111 19:32:19.687834 1022177 ImuError.cpp:650] gyr saturation
W20250111 19:32:19.687840 1022177 ImuError.cpp:650] gyr saturation
W20250111 19:32:19.687845 1022177 ImuError.cpp:650] gyr saturation
W20250111 19:32:19.687851 1022177 ImuError.cpp:650] gyr saturation
W20250111 19:32:19.687858 1022177 ImuError.cpp:650] gyr saturation
W20250111 19:32:19.687865 1022177 ImuError.cpp:650] gyr saturation
W20250111 19:32:19.687871 1022177 ImuError.cpp:650] gyr saturation
W20250111 19:32:19.687877 1022177 ImuError.cpp:650] gyr saturation
W20250111 19:32:19.687883 1022177 ImuError.cpp:650] gyr saturation
W20250111 19:32:19.687889 1022177 ImuError.cpp:650] gyr saturation
W20250111 19:32:19.687896 1022177 ImuError.cpp:650] gyr saturation
W20250111 19:32:19.687901 1022177 ImuError.cpp:650] gyr saturation
W20250111 19:32:19.687906 1022177 ImuError.cpp:650] gyr saturation
W20250111 19:32:19.687912 1022177 ImuError.cpp:650] gyr saturation
W20250111 19:32:19.687918 1022177 ImuError.cpp:650] gyr saturation
W20250111 19:32:19.687924 1022177 ImuError.cpp:650] gyr saturation
W20250111 19:32:19.687932 1022177 ImuError.cpp:650] gyr saturation
W20250111 19:32:19.687937 1022177 ImuError.cpp:650] gyr saturation
W20250111 19:32:19.687943 1022177 ImuError.cpp:650] gyr saturation
W20250111 19:32:19.687948 1022177 ImuError.cpp:650] gyr saturation
W20250111 19:32:19.687954 1022177 ImuError.cpp:650] gyr saturation
W20250111 19:32:19.687959 1022177 ImuError.cpp:650] gyr saturation
W20250111 19:32:19.687966 1022177 ImuError.cpp:650] gyr saturation
W20250111 19:32:19.687971 1022177 ImuError.cpp:650] gyr saturation
W20250111 19:32:19.687976 1022177 ImuError.cpp:650] gyr saturation
W20250111 19:32:19.687980 1022177 ImuError.cpp:650] gyr saturation
W20250111 19:32:19.687985 1022177 ImuError.cpp:650] gyr saturation
W20250111 19:32:19.687989 1022177 ImuError.cpp:650] gyr saturation
W20250111 19:32:19.687994 1022177 ImuError.cpp:650] gyr saturation
W20250111 19:32:19.687999 1022177 ImuError.cpp:650] gyr saturation
W20250111 19:32:19.688002 1022177 ImuError.cpp:650] gyr saturation
W20250111 19:32:19.688007 1022177 ImuError.cpp:650] gyr saturation
W20250111 19:32:19.709885 1022177 ImuError.cpp:650] gyr saturation
W20250111 19:32:19.709947 1022177 ImuError.cpp:650] gyr saturation
W20250111 19:32:19.709954 1022177 ImuError.cpp:650] gyr saturation
W20250111 19:32:19.709960 1022177 ImuError.cpp:650] gyr saturation
W20250111 19:32:19.709965 1022177 ImuError.cpp:650] gyr saturation
W20250111 19:32:19.709970 1022177 ImuError.cpp:650] gyr saturation
W20250111 19:32:19.709976 1022177 ImuError.cpp:650] gyr saturation
W20250111 19:32:19.709981 1022177 ImuError.cpp:650] gyr saturation
W20250111 19:32:19.709987 1022177 ImuError.cpp:650] gyr saturation
W20250111 19:32:19.709991 1022177 ImuError.cpp:650] gyr saturation
W20250111 19:32:19.709996 1022177 ImuError.cpp:650] gyr saturation
W20250111 19:32:19.710001 1022177 ImuError.cpp:650] gyr saturation
W20250111 19:32:19.710006 1022177 ImuError.cpp:650] gyr saturation
W20250111 19:32:19.710011 1022177 ImuError.cpp:650] gyr saturation
W20250111 19:32:19.710016 1022177 ImuError.cpp:650] gyr saturation
W20250111 19:32:19.710022 1022177 ImuError.cpp:650] gyr saturation
W20250111 19:32:19.710027 1022177 ImuError.cpp:650] gyr saturation
W20250111 19:32:19.710044 1022177 ImuError.cpp:650] gyr saturation
W20250111 19:32:19.710052 1022177 ImuError.cpp:650] gyr saturation
W20250111 19:32:19.710058 1022177 ImuError.cpp:650] gyr saturation
W20250111 19:32:19.710063 1022177 ImuError.cpp:650] gyr saturation
W20250111 19:32:19.710075 1022177 ImuError.cpp:650] gyr saturation
W20250111 19:32:19.710080 1022177 ImuError.cpp:650] gyr saturation
W20250111 19:32:19.710086 1022177 ImuError.cpp:650] gyr saturation
W20250111 19:32:19.710093 1022177 ImuError.cpp:650] gyr saturation
W20250111 19:32:19.710098 1022177 ImuError.cpp:650] gyr saturation
W20250111 19:32:19.710103 1022177 ImuError.cpp:650] gyr saturation
W20250111 19:32:19.710108 1022177 ImuError.cpp:650] gyr saturation
W20250111 19:32:19.710114 1022177 ImuError.cpp:650] gyr saturation
W20250111 19:32:19.710119 1022177 ImuError.cpp:650] gyr saturation
W20250111 19:32:19.710124 1022177 ImuError.cpp:650] gyr saturation
W20250111 19:32:19.710130 1022177 ImuError.cpp:650] gyr saturation
W20250111 19:32:19.710135 1022177 ImuError.cpp:650] gyr saturation
W20250111 19:32:19.710140 1022177 ImuError.cpp:650] gyr saturation
W20250111 19:32:19.710145 1022177 ImuError.cpp:650] gyr saturation
W20250111 19:32:19.710471 1022177 ImuError.cpp:650] gyr saturation
W20250111 19:32:19.710484 1022177 ImuError.cpp:650] gyr saturation
W20250111 19:32:19.710489 1022177 ImuError.cpp:650] gyr saturation
W20250111 19:32:19.710495 1022177 ImuError.cpp:650] gyr saturation
W20250111 19:32:19.710500 1022177 ImuError.cpp:650] gyr saturation
W20250111 19:32:19.710505 1022177 ImuError.cpp:650] gyr saturation
W20250111 19:32:19.710511 1022177 ImuError.cpp:650] gyr saturation
W20250111 19:32:19.710516 1022177 ImuError.cpp:650] gyr saturation
W20250111 19:32:19.710522 1022177 ImuError.cpp:650] gyr saturation
W20250111 19:32:19.710527 1022177 ImuError.cpp:650] gyr saturation
W20250111 19:32:19.710532 1022177 ImuError.cpp:650] gyr saturation
W20250111 19:32:19.710538 1022177 ImuError.cpp:650] gyr saturation
W20250111 19:32:19.710543 1022177 ImuError.cpp:650] gyr saturation
W20250111 19:32:19.710548 1022177 ImuError.cpp:650] gyr saturation
W20250111 19:32:19.710553 1022177 ImuError.cpp:650] gyr saturation
W20250111 19:32:19.710559 1022177 ImuError.cpp:650] gyr saturation
W20250111 19:32:19.710564 1022177 ImuError.cpp:650] gyr saturation
W20250111 19:32:19.710569 1022177 ImuError.cpp:650] gyr saturation
W20250111 19:32:19.710574 1022177 ImuError.cpp:650] gyr saturation
W20250111 19:32:19.710580 1022177 ImuError.cpp:650] gyr saturation
W20250111 19:32:19.710585 1022177 ImuError.cpp:650] gyr saturation
W20250111 19:32:19.710590 1022177 ImuError.cpp:650] gyr saturation
W20250111 19:32:19.710595 1022177 ImuError.cpp:650] gyr saturation
W20250111 19:32:19.710600 1022177 ImuError.cpp:650] gyr saturation
W20250111 19:32:19.710605 1022177 ImuError.cpp:650] gyr saturation
W20250111 19:32:19.710610 1022177 ImuError.cpp:650] gyr saturation
W20250111 19:32:19.710616 1022177 ImuError.cpp:650] gyr saturation
W20250111 19:32:19.710621 1022177 ImuError.cpp:650] gyr saturation
W20250111 19:32:19.710626 1022177 ImuError.cpp:650] gyr saturation
W20250111 19:32:19.710636 1022177 ImuError.cpp:650] gyr saturation
W20250111 19:32:19.710644 1022177 ImuError.cpp:650] gyr saturation
W20250111 19:32:19.710649 1022177 ImuError.cpp:650] gyr saturation
W20250111 19:32:19.710654 1022177 ImuError.cpp:650] gyr saturation
W20250111 19:32:19.710659 1022177 ImuError.cpp:650] gyr saturation
W20250111 19:32:19.710664 1022177 ImuError.cpp:650] gyr saturation
I20250111 19:32:19.713313 1022177 Frontend.cpp:2274] RANSAC FAIL: 6 inliers, ratio = 0.6
W20250111 19:32:19.716974 1022177 ImuError.cpp:368] gyr saturation
W20250111 19:32:19.717070 1022177 ImuError.cpp:368] gyr saturation
W20250111 19:32:19.717083 1022177 ImuError.cpp:368] gyr saturation
W20250111 19:32:19.717093 1022177 ImuError.cpp:368] gyr saturation
W20250111 19:32:19.717109 1022177 ImuError.cpp:368] gyr saturation
W20250111 19:32:19.717120 1022177 ImuError.cpp:368] gyr saturation
W20250111 19:32:19.717145 1022177 ImuError.cpp:368] gyr saturation
W20250111 19:32:19.717160 1022177 ImuError.cpp:368] gyr saturation
W20250111 19:32:19.717171 1022177 ImuError.cpp:368] gyr saturation
W20250111 19:32:19.717182 1022177 ImuError.cpp:368] gyr saturation
W20250111 19:32:19.717195 1022177 ImuError.cpp:368] gyr saturation
W20250111 19:32:19.717206 1022177 ImuError.cpp:368] gyr saturation
W20250111 19:32:19.717217 1022177 ImuError.cpp:368] gyr saturation
W20250111 19:32:19.717228 1022177 ImuError.cpp:368] gyr saturation
W20250111 19:32:19.717238 1022177 ImuError.cpp:368] gyr saturation
W20250111 19:32:19.717250 1022177 ImuError.cpp:368] gyr saturation
W20250111 19:32:19.717262 1022177 ImuError.cpp:368] gyr saturation
W20250111 19:32:19.717272 1022177 ImuError.cpp:368] gyr saturation
W20250111 19:32:19.717283 1022177 ImuError.cpp:368] gyr saturation
W20250111 19:32:19.717293 1022177 ImuError.cpp:368] gyr saturation
W20250111 19:32:19.717304 1022177 ImuError.cpp:368] gyr saturation
W20250111 19:32:19.717314 1022177 ImuError.cpp:368] gyr saturation
W20250111 19:32:19.717325 1022177 ImuError.cpp:368] gyr saturation
W20250111 19:32:19.717335 1022177 ImuError.cpp:368] gyr saturation
W20250111 19:32:19.717346 1022177 ImuError.cpp:368] gyr saturation
W20250111 19:32:19.717357 1022177 ImuError.cpp:368] gyr saturation
W20250111 19:32:19.717367 1022177 ImuError.cpp:368] gyr saturation
W20250111 19:32:19.717377 1022177 ImuError.cpp:368] gyr saturation
W20250111 19:32:19.717389 1022177 ImuError.cpp:368] gyr saturation
W20250111 19:32:19.717399 1022177 ImuError.cpp:368] gyr saturation
W20250111 19:32:19.717410 1022177 ImuError.cpp:368] gyr saturation
W20250111 19:32:19.717420 1022177 ImuError.cpp:368] gyr saturation
W20250111 19:32:19.717432 1022177 ImuError.cpp:368] gyr saturation
W20250111 19:32:19.717442 1022177 ImuError.cpp:368] gyr saturation
W20250111 19:32:19.717453 1022177 ImuError.cpp:368] gyr saturation
W20250111 19:32:19.723109 1022177 Frontend.cpp:612] 3d2d tracking weak: quality=0. Number of 3d2d-matches: 10
W20250111 19:32:19.726740 1022177 ImuError.cpp:650] gyr saturation
W20250111 19:32:19.726799 1022177 ImuError.cpp:650] gyr saturation
W20250111 19:32:19.726804 1022177 ImuError.cpp:650] gyr saturation
W20250111 19:32:19.726812 1022177 ImuError.cpp:650] gyr saturation
W20250111 19:32:19.726819 1022177 ImuError.cpp:650] gyr saturation
W20250111 19:32:19.726824 1022177 ImuError.cpp:650] gyr saturation
W20250111 19:32:19.726831 1022177 ImuError.cpp:650] gyr saturation
W20250111 19:32:19.726836 1022177 ImuError.cpp:650] gyr saturation
W20250111 19:32:19.726841 1022177 ImuError.cpp:650] gyr saturation
W20250111 19:32:19.726846 1022177 ImuError.cpp:650] gyr saturation
W20250111 19:32:19.726851 1022177 ImuError.cpp:650] gyr saturation
W20250111 19:32:19.726857 1022177 ImuError.cpp:650] gyr saturation
W20250111 19:32:19.726862 1022177 ImuError.cpp:650] gyr saturation
W20250111 19:32:19.726867 1022177 ImuError.cpp:650] gyr saturation
W20250111 19:32:19.726872 1022177 ImuError.cpp:650] gyr saturation
W20250111 19:32:19.726877 1022177 ImuError.cpp:650] gyr saturation
W20250111 19:32:19.726882 1022177 ImuError.cpp:650] gyr saturation
W20250111 19:32:19.726888 1022177 ImuError.cpp:650] gyr saturation
W20250111 19:32:19.726893 1022177 ImuError.cpp:650] gyr saturation
W20250111 19:32:19.726898 1022177 ImuError.cpp:650] gyr saturation
W20250111 19:32:19.726903 1022177 ImuError.cpp:650] gyr saturation
W20250111 19:32:19.726909 1022177 ImuError.cpp:650] gyr saturation
W20250111 19:32:19.726914 1022177 ImuError.cpp:650] gyr saturation
W20250111 19:32:19.726920 1022177 ImuError.cpp:650] gyr saturation
W20250111 19:32:19.726925 1022177 ImuError.cpp:650] gyr saturation
W20250111 19:32:19.726931 1022177 ImuError.cpp:650] gyr saturation
W20250111 19:32:19.726936 1022177 ImuError.cpp:650] gyr saturation
W20250111 19:32:19.726941 1022177 ImuError.cpp:650] gyr saturation
W20250111 19:32:19.726946 1022177 ImuError.cpp:650] gyr saturation
W20250111 19:32:19.726951 1022177 ImuError.cpp:650] gyr saturation
W20250111 19:32:19.726956 1022177 ImuError.cpp:650] gyr saturation
W20250111 19:32:19.726976 1022177 ImuError.cpp:650] gyr saturation
W20250111 19:32:19.726982 1022177 ImuError.cpp:650] gyr saturation
W20250111 19:32:19.726989 1022177 ImuError.cpp:650] gyr saturation
W20250111 19:32:19.726994 1022177 ImuError.cpp:650] gyr saturation
W20250111 19:32:19.726999 1022177 ImuError.cpp:650] gyr saturation
W20250111 19:32:19.727005 1022177 ImuError.cpp:650] gyr saturation
W20250111 19:32:19.727015 1022177 ImuError.cpp:650] gyr saturation
W20250111 19:32:19.727020 1022177 ImuError.cpp:650] gyr saturation
W20250111 19:32:19.727027 1022177 ImuError.cpp:650] gyr saturation
W20250111 19:32:19.727033 1022177 ImuError.cpp:650] gyr saturation
W20250111 19:32:19.727039 1022177 ImuError.cpp:650] gyr saturation
W20250111 19:32:19.727046 1022177 ImuError.cpp:650] gyr saturation
W20250111 19:32:19.727051 1022177 ImuError.cpp:650] gyr saturation
W20250111 19:32:19.727057 1022177 ImuError.cpp:650] gyr saturation
W20250111 19:32:19.727063 1022177 ImuError.cpp:650] gyr saturation
W20250111 19:32:19.727069 1022177 ImuError.cpp:650] gyr saturation
W20250111 19:32:19.727075 1022177 ImuError.cpp:650] gyr saturation
W20250111 19:32:19.727082 1022177 ImuError.cpp:650] gyr saturation
W20250111 19:32:19.727087 1022177 ImuError.cpp:650] gyr saturation
W20250111 19:32:19.727093 1022177 ImuError.cpp:650] gyr saturation
W20250111 19:32:19.727098 1022177 ImuError.cpp:650] gyr saturation
W20250111 19:32:19.727104 1022177 ImuError.cpp:650] gyr saturation
W20250111 19:32:19.727110 1022177 ImuError.cpp:650] gyr saturation
W20250111 19:32:19.727115 1022177 ImuError.cpp:650] gyr saturation
W20250111 19:32:19.727123 1022177 ImuError.cpp:650] gyr saturation
W20250111 19:32:19.727128 1022177 ImuError.cpp:650] gyr saturation
W20250111 19:32:19.727133 1022177 ImuError.cpp:650] gyr saturation
W20250111 19:32:19.727139 1022177 ImuError.cpp:650] gyr saturation
W20250111 19:32:19.727145 1022177 ImuError.cpp:650] gyr saturation
W20250111 19:32:19.727150 1022177 ImuError.cpp:650] gyr saturation
W20250111 19:32:19.727157 1022177 ImuError.cpp:650] gyr saturation
W20250111 19:32:19.727164 1022177 ImuError.cpp:650] gyr saturation
W20250111 19:32:19.727169 1022177 ImuError.cpp:650] gyr saturation
W20250111 19:32:19.727174 1022177 ImuError.cpp:650] gyr saturation
W20250111 19:32:19.727180 1022177 ImuError.cpp:650] gyr saturation
W20250111 19:32:19.727186 1022177 ImuError.cpp:650] gyr saturation
W20250111 19:32:19.727192 1022177 ImuError.cpp:650] gyr saturation
W20250111 19:32:19.746172 1022177 ImuError.cpp:650] gyr saturation
W20250111 19:32:19.746230 1022177 ImuError.cpp:650] gyr saturation
W20250111 19:32:19.746237 1022177 ImuError.cpp:650] gyr saturation
W20250111 19:32:19.746243 1022177 ImuError.cpp:650] gyr saturation
W20250111 19:32:19.746248 1022177 ImuError.cpp:650] gyr saturation
W20250111 19:32:19.746254 1022177 ImuError.cpp:650] gyr saturation
W20250111 19:32:19.746260 1022177 ImuError.cpp:650] gyr saturation
W20250111 19:32:19.746268 1022177 ImuError.cpp:650] gyr saturation
W20250111 19:32:19.746273 1022177 ImuError.cpp:650] gyr saturation
W20250111 19:32:19.746279 1022177 ImuError.cpp:650] gyr saturation
W20250111 19:32:19.746285 1022177 ImuError.cpp:650] gyr saturation
W20250111 19:32:19.746291 1022177 ImuError.cpp:650] gyr saturation
W20250111 19:32:19.746296 1022177 ImuError.cpp:650] gyr saturation
W20250111 19:32:19.746300 1022177 ImuError.cpp:650] gyr saturation
W20250111 19:32:19.746306 1022177 ImuError.cpp:650] gyr saturation
W20250111 19:32:19.746310 1022177 ImuError.cpp:650] gyr saturation
W20250111 19:32:19.746316 1022177 ImuError.cpp:650] gyr saturation
W20250111 19:32:19.746322 1022177 ImuError.cpp:650] gyr saturation
W20250111 19:32:19.746327 1022177 ImuError.cpp:650] gyr saturation
W20250111 19:32:19.746332 1022177 ImuError.cpp:650] gyr saturation
W20250111 19:32:19.746338 1022177 ImuError.cpp:650] gyr saturation
W20250111 19:32:19.746344 1022177 ImuError.cpp:650] gyr saturation
W20250111 19:32:19.746349 1022177 ImuError.cpp:650] gyr saturation
W20250111 19:32:19.746356 1022177 ImuError.cpp:650] gyr saturation
W20250111 19:32:19.746372 1022177 ImuError.cpp:650] gyr saturation
W20250111 19:32:19.746378 1022177 ImuError.cpp:650] gyr saturation
W20250111 19:32:19.746383 1022177 ImuError.cpp:650] gyr saturation
W20250111 19:32:19.746389 1022177 ImuError.cpp:650] gyr saturation
W20250111 19:32:19.746394 1022177 ImuError.cpp:650] gyr saturation
W20250111 19:32:19.746400 1022177 ImuError.cpp:650] gyr saturation
W20250111 19:32:19.746407 1022177 ImuError.cpp:650] gyr saturation
W20250111 19:32:19.746412 1022177 ImuError.cpp:650] gyr saturation
W20250111 19:32:19.746418 1022177 ImuError.cpp:650] gyr saturation
W20250111 19:32:19.746425 1022177 ImuError.cpp:650] gyr saturation
W20250111 19:32:19.746520 1022177 ImuError.cpp:650] gyr saturation
W20250111 19:32:19.746527 1022177 ImuError.cpp:650] gyr saturation
W20250111 19:32:19.746534 1022177 ImuError.cpp:650] gyr saturation
W20250111 19:32:19.746539 1022177 ImuError.cpp:650] gyr saturation
W20250111 19:32:19.746544 1022177 ImuError.cpp:650] gyr saturation
W20250111 19:32:19.746549 1022177 ImuError.cpp:650] gyr saturation
W20250111 19:32:19.746555 1022177 ImuError.cpp:650] gyr saturation
W20250111 19:32:19.746562 1022177 ImuError.cpp:650] gyr saturation
W20250111 19:32:19.746567 1022177 ImuError.cpp:650] gyr saturation
W20250111 19:32:19.746572 1022177 ImuError.cpp:650] gyr saturation
W20250111 19:32:19.746578 1022177 ImuError.cpp:650] gyr saturation
W20250111 19:32:19.746584 1022177 ImuError.cpp:650] gyr saturation
W20250111 19:32:19.746590 1022177 ImuError.cpp:650] gyr saturation
W20250111 19:32:19.746596 1022177 ImuError.cpp:650] gyr saturation
W20250111 19:32:19.746603 1022177 ImuError.cpp:650] gyr saturation
W20250111 19:32:19.746608 1022177 ImuError.cpp:650] gyr saturation
W20250111 19:32:19.746614 1022177 ImuError.cpp:650] gyr saturation
W20250111 19:32:19.746619 1022177 ImuError.cpp:650] gyr saturation
W20250111 19:32:19.746626 1022177 ImuError.cpp:650] gyr saturation
W20250111 19:32:19.746637 1022177 ImuError.cpp:650] gyr saturation
W20250111 19:32:19.746644 1022177 ImuError.cpp:650] gyr saturation
W20250111 19:32:19.746649 1022177 ImuError.cpp:650] gyr saturation
W20250111 19:32:19.746654 1022177 ImuError.cpp:650] gyr saturation
W20250111 19:32:19.746660 1022177 ImuError.cpp:650] gyr saturation
W20250111 19:32:19.746666 1022177 ImuError.cpp:650] gyr saturation
W20250111 19:32:19.746672 1022177 ImuError.cpp:650] gyr saturation
W20250111 19:32:19.746677 1022177 ImuError.cpp:650] gyr saturation
W20250111 19:32:19.746682 1022177 ImuError.cpp:650] gyr saturation
W20250111 19:32:19.746690 1022177 ImuError.cpp:650] gyr saturation
W20250111 19:32:19.746694 1022177 ImuError.cpp:650] gyr saturation
W20250111 19:32:19.746699 1022177 ImuError.cpp:650] gyr saturation
W20250111 19:32:19.746706 1022177 ImuError.cpp:650] gyr saturation
W20250111 19:32:19.746711 1022177 ImuError.cpp:650] gyr saturation
W20250111 19:32:19.746717 1022177 ImuError.cpp:650] gyr saturation
I20250111 19:32:19.748582 1022177 Frontend.cpp:2274] RANSAC FAIL: 10 inliers, ratio = 0.666667
W20250111 19:32:19.752315 1022177 ImuError.cpp:368] gyr saturation
W20250111 19:32:19.752411 1022177 ImuError.cpp:368] gyr saturation
W20250111 19:32:19.752427 1022177 ImuError.cpp:368] gyr saturation
W20250111 19:32:19.752439 1022177 ImuError.cpp:368] gyr saturation
W20250111 19:32:19.752450 1022177 ImuError.cpp:368] gyr saturation
W20250111 19:32:19.752461 1022177 ImuError.cpp:368] gyr saturation
W20250111 19:32:19.752473 1022177 ImuError.cpp:368] gyr saturation
W20250111 19:32:19.752485 1022177 ImuError.cpp:368] gyr saturation
W20250111 19:32:19.752496 1022177 ImuError.cpp:368] gyr saturation
W20250111 19:32:19.752507 1022177 ImuError.cpp:368] gyr saturation
W20250111 19:32:19.752519 1022177 ImuError.cpp:368] gyr saturation
W20250111 19:32:19.752530 1022177 ImuError.cpp:368] gyr saturation
W20250111 19:32:19.752542 1022177 ImuError.cpp:368] gyr saturation
W20250111 19:32:19.752553 1022177 ImuError.cpp:368] gyr saturation
W20250111 19:32:19.752565 1022177 ImuError.cpp:368] gyr saturation
W20250111 19:32:19.752578 1022177 ImuError.cpp:368] gyr saturation
W20250111 19:32:19.752601 1022177 ImuError.cpp:368] gyr saturation
W20250111 19:32:19.752614 1022177 ImuError.cpp:368] gyr saturation
W20250111 19:32:19.752625 1022177 ImuError.cpp:368] gyr saturation
W20250111 19:32:19.752642 1022177 ImuError.cpp:368] gyr saturation
W20250111 19:32:19.752655 1022177 ImuError.cpp:368] gyr saturation
W20250111 19:32:19.752665 1022177 ImuError.cpp:368] gyr saturation
W20250111 19:32:19.752677 1022177 ImuError.cpp:368] gyr saturation
W20250111 19:32:19.752688 1022177 ImuError.cpp:368] gyr saturation
W20250111 19:32:19.752699 1022177 ImuError.cpp:368] gyr saturation
W20250111 19:32:19.752712 1022177 ImuError.cpp:368] gyr saturation
W20250111 19:32:19.752724 1022177 ImuError.cpp:368] gyr saturation
W20250111 19:32:19.752735 1022177 ImuError.cpp:368] gyr saturation
W20250111 19:32:19.752748 1022177 ImuError.cpp:368] gyr saturation
W20250111 19:32:19.752758 1022177 ImuError.cpp:368] gyr saturation
W20250111 19:32:19.752769 1022177 ImuError.cpp:368] gyr saturation
W20250111 19:32:19.752781 1022177 ImuError.cpp:368] gyr saturation
W20250111 19:32:19.752792 1022177 ImuError.cpp:368] gyr saturation
W20250111 19:32:19.752804 1022177 ImuError.cpp:368] gyr saturation
W20250111 19:32:19.760560 1022177 ImuError.cpp:650] gyr saturation
W20250111 19:32:19.760623 1022177 ImuError.cpp:650] gyr saturation
W20250111 19:32:19.760639 1022177 ImuError.cpp:650] gyr saturation
W20250111 19:32:19.760646 1022177 ImuError.cpp:650] gyr saturation
W20250111 19:32:19.760653 1022177 ImuError.cpp:650] gyr saturation
W20250111 19:32:19.760658 1022177 ImuError.cpp:650] gyr saturation
W20250111 19:32:19.760663 1022177 ImuError.cpp:650] gyr saturation
W20250111 19:32:19.760668 1022177 ImuError.cpp:650] gyr saturation
W20250111 19:32:19.760673 1022177 ImuError.cpp:650] gyr saturation
W20250111 19:32:19.760679 1022177 ImuError.cpp:650] gyr saturation
W20250111 19:32:19.760685 1022177 ImuError.cpp:650] gyr saturation
W20250111 19:32:19.760692 1022177 ImuError.cpp:650] gyr saturation
W20250111 19:32:19.760697 1022177 ImuError.cpp:650] gyr saturation
W20250111 19:32:19.760704 1022177 ImuError.cpp:650] gyr saturation
W20250111 19:32:19.760708 1022177 ImuError.cpp:650] gyr saturation
W20250111 19:32:19.760715 1022177 ImuError.cpp:650] gyr saturation
W20250111 19:32:19.760720 1022177 ImuError.cpp:650] gyr saturation
W20250111 19:32:19.760725 1022177 ImuError.cpp:650] gyr saturation
W20250111 19:32:19.760731 1022177 ImuError.cpp:650] gyr saturation
W20250111 19:32:19.760737 1022177 ImuError.cpp:650] gyr saturation
W20250111 19:32:19.760743 1022177 ImuError.cpp:650] gyr saturation
W20250111 19:32:19.760748 1022177 ImuError.cpp:650] gyr saturation
W20250111 19:32:19.760756 1022177 ImuError.cpp:650] gyr saturation
W20250111 19:32:19.760761 1022177 ImuError.cpp:650] gyr saturation
W20250111 19:32:19.760766 1022177 ImuError.cpp:650] gyr saturation
W20250111 19:32:19.760772 1022177 ImuError.cpp:650] gyr saturation
W20250111 19:32:19.760778 1022177 ImuError.cpp:650] gyr saturation
W20250111 19:32:19.760784 1022177 ImuError.cpp:650] gyr saturation
W20250111 19:32:19.760790 1022177 ImuError.cpp:650] gyr saturation
W20250111 19:32:19.760797 1022177 ImuError.cpp:650] gyr saturation
W20250111 19:32:19.760802 1022177 ImuError.cpp:650] gyr saturation
W20250111 19:32:19.760809 1022177 ImuError.cpp:650] gyr saturation
W20250111 19:32:19.760815 1022177 ImuError.cpp:650] gyr saturation
W20250111 19:32:19.760821 1022177 ImuError.cpp:650] gyr saturation
W20250111 19:32:19.760828 1022177 ImuError.cpp:650] gyr saturation
W20250111 19:32:19.760833 1022177 ImuError.cpp:650] gyr saturation
W20250111 19:32:19.760839 1022177 ImuError.cpp:650] gyr saturation
W20250111 19:32:19.760845 1022177 ImuError.cpp:650] gyr saturation
W20250111 19:32:19.760851 1022177 ImuError.cpp:650] gyr saturation
W20250111 19:32:19.760859 1022177 ImuError.cpp:650] gyr saturation
W20250111 19:32:19.760865 1022177 ImuError.cpp:650] gyr saturation
W20250111 19:32:19.760871 1022177 ImuError.cpp:650] gyr saturation
W20250111 19:32:19.760877 1022177 ImuError.cpp:650] gyr saturation
W20250111 19:32:19.760897 1022177 ImuError.cpp:650] gyr saturation
W20250111 19:32:19.760905 1022177 ImuError.cpp:650] gyr saturation
W20250111 19:32:19.760912 1022177 ImuError.cpp:650] gyr saturation
W20250111 19:32:19.760918 1022177 ImuError.cpp:650] gyr saturation
W20250111 19:32:19.760924 1022177 ImuError.cpp:650] gyr saturation
W20250111 19:32:19.760931 1022177 ImuError.cpp:650] gyr saturation
W20250111 19:32:19.760937 1022177 ImuError.cpp:650] gyr saturation
W20250111 19:32:19.760943 1022177 ImuError.cpp:650] gyr saturation
W20250111 19:32:19.760950 1022177 ImuError.cpp:650] gyr saturation
W20250111 19:32:19.760957 1022177 ImuError.cpp:650] gyr saturation
W20250111 19:32:19.760964 1022177 ImuError.cpp:650] gyr saturation
W20250111 19:32:19.760970 1022177 ImuError.cpp:650] gyr saturation
W20250111 19:32:19.760977 1022177 ImuError.cpp:650] gyr saturation
W20250111 19:32:19.760982 1022177 ImuError.cpp:650] gyr saturation
W20250111 19:32:19.760987 1022177 ImuError.cpp:650] gyr saturation
W20250111 19:32:19.760993 1022177 ImuError.cpp:650] gyr saturation
W20250111 19:32:19.760999 1022177 ImuError.cpp:650] gyr saturation
W20250111 19:32:19.761005 1022177 ImuError.cpp:650] gyr saturation
W20250111 19:32:19.761011 1022177 ImuError.cpp:650] gyr saturation
W20250111 19:32:19.761016 1022177 ImuError.cpp:650] gyr saturation
W20250111 19:32:19.761022 1022177 ImuError.cpp:650] gyr saturation
W20250111 19:32:19.761029 1022177 ImuError.cpp:650] gyr saturation
W20250111 19:32:19.761034 1022177 ImuError.cpp:650] gyr saturation
W20250111 19:32:19.761040 1022177 ImuError.cpp:650] gyr saturation
W20250111 19:32:19.783149 1022177 ImuError.cpp:650] gyr saturation
W20250111 19:32:19.783215 1022177 ImuError.cpp:650] gyr saturation
W20250111 19:32:19.783222 1022177 ImuError.cpp:650] gyr saturation
W20250111 19:32:19.783228 1022177 ImuError.cpp:650] gyr saturation
W20250111 19:32:19.783233 1022177 ImuError.cpp:650] gyr saturation
W20250111 19:32:19.783238 1022177 ImuError.cpp:650] gyr saturation
W20250111 19:32:19.783243 1022177 ImuError.cpp:650] gyr saturation
W20250111 19:32:19.783248 1022177 ImuError.cpp:650] gyr saturation
W20250111 19:32:19.783254 1022177 ImuError.cpp:650] gyr saturation
W20250111 19:32:19.783259 1022177 ImuError.cpp:650] gyr saturation
W20250111 19:32:19.783265 1022177 ImuError.cpp:650] gyr saturation
W20250111 19:32:19.783272 1022177 ImuError.cpp:650] gyr saturation
W20250111 19:32:19.783277 1022177 ImuError.cpp:650] gyr saturation
W20250111 19:32:19.783281 1022177 ImuError.cpp:650] gyr saturation
W20250111 19:32:19.783286 1022177 ImuError.cpp:650] gyr saturation
W20250111 19:32:19.783293 1022177 ImuError.cpp:650] gyr saturation
W20250111 19:32:19.783298 1022177 ImuError.cpp:650] gyr saturation
W20250111 19:32:19.783303 1022177 ImuError.cpp:650] gyr saturation
W20250111 19:32:19.783308 1022177 ImuError.cpp:650] gyr saturation
W20250111 19:32:19.783314 1022177 ImuError.cpp:650] gyr saturation
W20250111 19:32:19.783319 1022177 ImuError.cpp:650] gyr saturation
W20250111 19:32:19.783325 1022177 ImuError.cpp:650] gyr saturation
W20250111 19:32:19.783330 1022177 ImuError.cpp:650] gyr saturation
W20250111 19:32:19.783336 1022177 ImuError.cpp:650] gyr saturation
W20250111 19:32:19.783341 1022177 ImuError.cpp:650] gyr saturation
W20250111 19:32:19.783346 1022177 ImuError.cpp:650] gyr saturation
W20250111 19:32:19.783353 1022177 ImuError.cpp:650] gyr saturation
W20250111 19:32:19.783360 1022177 ImuError.cpp:650] gyr saturation
W20250111 19:32:19.783365 1022177 ImuError.cpp:650] gyr saturation
W20250111 19:32:19.783371 1022177 ImuError.cpp:650] gyr saturation
W20250111 19:32:19.783376 1022177 ImuError.cpp:650] gyr saturation
W20250111 19:32:19.783382 1022177 ImuError.cpp:650] gyr saturation
W20250111 19:32:19.783388 1022177 ImuError.cpp:650] gyr saturation
W20250111 19:32:19.783393 1022177 ImuError.cpp:650] gyr saturation
W20250111 19:32:19.783720 1022177 ImuError.cpp:650] gyr saturation
W20250111 19:32:19.783732 1022177 ImuError.cpp:650] gyr saturation
W20250111 19:32:19.783739 1022177 ImuError.cpp:650] gyr saturation
W20250111 19:32:19.783762 1022177 ImuError.cpp:650] gyr saturation
W20250111 19:32:19.783768 1022177 ImuError.cpp:650] gyr saturation
W20250111 19:32:19.783774 1022177 ImuError.cpp:650] gyr saturation
W20250111 19:32:19.783780 1022177 ImuError.cpp:650] gyr saturation
W20250111 19:32:19.783787 1022177 ImuError.cpp:650] gyr saturation
W20250111 19:32:19.783792 1022177 ImuError.cpp:650] gyr saturation
W20250111 19:32:19.783798 1022177 ImuError.cpp:650] gyr saturation
W20250111 19:32:19.783803 1022177 ImuError.cpp:650] gyr saturation
W20250111 19:32:19.783808 1022177 ImuError.cpp:650] gyr saturation
W20250111 19:32:19.783814 1022177 ImuError.cpp:650] gyr saturation
W20250111 19:32:19.783823 1022177 ImuError.cpp:650] gyr saturation
W20250111 19:32:19.783828 1022177 ImuError.cpp:650] gyr saturation
W20250111 19:32:19.783833 1022177 ImuError.cpp:650] gyr saturation
W20250111 19:32:19.783838 1022177 ImuError.cpp:650] gyr saturation
W20250111 19:32:19.783844 1022177 ImuError.cpp:650] gyr saturation
W20250111 19:32:19.783849 1022177 ImuError.cpp:650] gyr saturation
W20250111 19:32:19.783855 1022177 ImuError.cpp:650] gyr saturation
W20250111 19:32:19.783861 1022177 ImuError.cpp:650] gyr saturation
W20250111 19:32:19.783866 1022177 ImuError.cpp:650] gyr saturation
W20250111 19:32:19.783872 1022177 ImuError.cpp:650] gyr saturation
W20250111 19:32:19.783879 1022177 ImuError.cpp:650] gyr saturation
W20250111 19:32:19.783885 1022177 ImuError.cpp:650] gyr saturation
W20250111 19:32:19.783890 1022177 ImuError.cpp:650] gyr saturation
W20250111 19:32:19.783896 1022177 ImuError.cpp:650] gyr saturation
W20250111 19:32:19.783902 1022177 ImuError.cpp:650] gyr saturation
W20250111 19:32:19.783908 1022177 ImuError.cpp:650] gyr saturation
W20250111 19:32:19.783914 1022177 ImuError.cpp:650] gyr saturation
W20250111 19:32:19.783921 1022177 ImuError.cpp:650] gyr saturation
W20250111 19:32:19.783926 1022177 ImuError.cpp:650] gyr saturation
W20250111 19:32:19.783931 1022177 ImuError.cpp:650] gyr saturation
W20250111 19:32:19.783937 1022177 ImuError.cpp:650] gyr saturation
I20250111 19:32:19.785403 1022177 Frontend.cpp:2274] RANSAC FAIL: 7 inliers, ratio = 0.636364
W20250111 19:32:19.788661 1022177 ImuError.cpp:368] gyr saturation
W20250111 19:32:19.788734 1022177 ImuError.cpp:368] gyr saturation
W20250111 19:32:19.788748 1022177 ImuError.cpp:368] gyr saturation
W20250111 19:32:19.788758 1022177 ImuError.cpp:368] gyr saturation
W20250111 19:32:19.788769 1022177 ImuError.cpp:368] gyr saturation
W20250111 19:32:19.788779 1022177 ImuError.cpp:368] gyr saturation
W20250111 19:32:19.788791 1022177 ImuError.cpp:368] gyr saturation
W20250111 19:32:19.788801 1022177 ImuError.cpp:368] gyr saturation
W20250111 19:32:19.788812 1022177 ImuError.cpp:368] gyr saturation
W20250111 19:32:19.788823 1022177 ImuError.cpp:368] gyr saturation
W20250111 19:32:19.788834 1022177 ImuError.cpp:368] gyr saturation
W20250111 19:32:19.788846 1022177 ImuError.cpp:368] gyr saturation
W20250111 19:32:19.788856 1022177 ImuError.cpp:368] gyr saturation
W20250111 19:32:19.788866 1022177 ImuError.cpp:368] gyr saturation
W20250111 19:32:19.788877 1022177 ImuError.cpp:368] gyr saturation
W20250111 19:32:19.788888 1022177 ImuError.cpp:368] gyr saturation
W20250111 19:32:19.788898 1022177 ImuError.cpp:368] gyr saturation
W20250111 19:32:19.788909 1022177 ImuError.cpp:368] gyr saturation
W20250111 19:32:19.788920 1022177 ImuError.cpp:368] gyr saturation
W20250111 19:32:19.788930 1022177 ImuError.cpp:368] gyr saturation
W20250111 19:32:19.788941 1022177 ImuError.cpp:368] gyr saturation
W20250111 19:32:19.788951 1022177 ImuError.cpp:368] gyr saturation
W20250111 19:32:19.788962 1022177 ImuError.cpp:368] gyr saturation
W20250111 19:32:19.788973 1022177 ImuError.cpp:368] gyr saturation
W20250111 19:32:19.788985 1022177 ImuError.cpp:368] gyr saturation
W20250111 19:32:19.788995 1022177 ImuError.cpp:368] gyr saturation
W20250111 19:32:19.789005 1022177 ImuError.cpp:368] gyr saturation
W20250111 19:32:19.789016 1022177 ImuError.cpp:368] gyr saturation
W20250111 19:32:19.789026 1022177 ImuError.cpp:368] gyr saturation
W20250111 19:32:19.789050 1022177 ImuError.cpp:368] gyr saturation
W20250111 19:32:19.789063 1022177 ImuError.cpp:368] gyr saturation
W20250111 19:32:19.789074 1022177 ImuError.cpp:368] gyr saturation
W20250111 19:32:19.789085 1022177 ImuError.cpp:368] gyr saturation
W20250111 19:32:19.789096 1022177 ImuError.cpp:368] gyr saturation
W20250111 19:32:19.794504 1022177 Frontend.cpp:612] 3d2d tracking weak: quality=0. Number of 3d2d-matches: 11
W20250111 19:32:19.797245 1022177 ImuError.cpp:650] gyr saturation
W20250111 19:32:19.797302 1022177 ImuError.cpp:650] gyr saturation
W20250111 19:32:19.797310 1022177 ImuError.cpp:650] gyr saturation
W20250111 19:32:19.797315 1022177 ImuError.cpp:650] gyr saturation
W20250111 19:32:19.797333 1022177 ImuError.cpp:650] gyr saturation
W20250111 19:32:19.797340 1022177 ImuError.cpp:650] gyr saturation
W20250111 19:32:19.797346 1022177 ImuError.cpp:650] gyr saturation
W20250111 19:32:19.797353 1022177 ImuError.cpp:650] gyr saturation
W20250111 19:32:19.797358 1022177 ImuError.cpp:650] gyr saturation
W20250111 19:32:19.797367 1022177 ImuError.cpp:650] gyr saturation
W20250111 19:32:19.797372 1022177 ImuError.cpp:650] gyr saturation
W20250111 19:32:19.797379 1022177 ImuError.cpp:650] gyr saturation
W20250111 19:32:19.797384 1022177 ImuError.cpp:650] gyr saturation
W20250111 19:32:19.797391 1022177 ImuError.cpp:650] gyr saturation
W20250111 19:32:19.797398 1022177 ImuError.cpp:650] gyr saturation
W20250111 19:32:19.797405 1022177 ImuError.cpp:650] gyr saturation
W20250111 19:32:19.797412 1022177 ImuError.cpp:650] gyr saturation
W20250111 19:32:19.797420 1022177 ImuError.cpp:650] gyr saturation
W20250111 19:32:19.797425 1022177 ImuError.cpp:650] gyr saturation
W20250111 19:32:19.797432 1022177 ImuError.cpp:650] gyr saturation
W20250111 19:32:19.797438 1022177 ImuError.cpp:650] gyr saturation
W20250111 19:32:19.797446 1022177 ImuError.cpp:650] gyr saturation
W20250111 19:32:19.797451 1022177 ImuError.cpp:650] gyr saturation
W20250111 19:32:19.797457 1022177 ImuError.cpp:650] gyr saturation
W20250111 19:32:19.797463 1022177 ImuError.cpp:650] gyr saturation
W20250111 19:32:19.797470 1022177 ImuError.cpp:650] gyr saturation
W20250111 19:32:19.797477 1022177 ImuError.cpp:650] gyr saturation
W20250111 19:32:19.797482 1022177 ImuError.cpp:650] gyr saturation
W20250111 19:32:19.797488 1022177 ImuError.cpp:650] gyr saturation
W20250111 19:32:19.797494 1022177 ImuError.cpp:650] gyr saturation
W20250111 19:32:19.797500 1022177 ImuError.cpp:650] gyr saturation
W20250111 19:32:19.797506 1022177 ImuError.cpp:650] gyr saturation
W20250111 19:32:19.797513 1022177 ImuError.cpp:650] gyr saturation
W20250111 19:32:19.797518 1022177 ImuError.cpp:650] gyr saturation
W20250111 19:32:19.797523 1022177 ImuError.cpp:650] gyr saturation
W20250111 19:32:19.797530 1022177 ImuError.cpp:650] gyr saturation
W20250111 19:32:19.797538 1022177 ImuError.cpp:650] gyr saturation
W20250111 19:32:19.797544 1022177 ImuError.cpp:650] gyr saturation
W20250111 19:32:19.797551 1022177 ImuError.cpp:650] gyr saturation
W20250111 19:32:19.797557 1022177 ImuError.cpp:650] gyr saturation
W20250111 19:32:19.797564 1022177 ImuError.cpp:650] gyr saturation
W20250111 19:32:19.797569 1022177 ImuError.cpp:650] gyr saturation
W20250111 19:32:19.797575 1022177 ImuError.cpp:650] gyr saturation
W20250111 19:32:19.797580 1022177 ImuError.cpp:650] gyr saturation
W20250111 19:32:19.797585 1022177 ImuError.cpp:650] gyr saturation
W20250111 19:32:19.797591 1022177 ImuError.cpp:650] gyr saturation
W20250111 19:32:19.797596 1022177 ImuError.cpp:650] gyr saturation
W20250111 19:32:19.797602 1022177 ImuError.cpp:650] gyr saturation
W20250111 19:32:19.797609 1022177 ImuError.cpp:650] gyr saturation
W20250111 19:32:19.797616 1022177 ImuError.cpp:650] gyr saturation
W20250111 19:32:19.797621 1022177 ImuError.cpp:650] gyr saturation
W20250111 19:32:19.797627 1022177 ImuError.cpp:650] gyr saturation
W20250111 19:32:19.797641 1022177 ImuError.cpp:650] gyr saturation
W20250111 19:32:19.797648 1022177 ImuError.cpp:650] gyr saturation
W20250111 19:32:19.797664 1022177 ImuError.cpp:650] gyr saturation
W20250111 19:32:19.797672 1022177 ImuError.cpp:650] gyr saturation
W20250111 19:32:19.797678 1022177 ImuError.cpp:650] gyr saturation
W20250111 19:32:19.797684 1022177 ImuError.cpp:650] gyr saturation
W20250111 19:32:19.797690 1022177 ImuError.cpp:650] gyr saturation
W20250111 19:32:19.797696 1022177 ImuError.cpp:650] gyr saturation
W20250111 19:32:19.797701 1022177 ImuError.cpp:650] gyr saturation
W20250111 19:32:19.797708 1022177 ImuError.cpp:650] gyr saturation
W20250111 19:32:19.797714 1022177 ImuError.cpp:650] gyr saturation
W20250111 19:32:19.797721 1022177 ImuError.cpp:650] gyr saturation
W20250111 19:32:19.797727 1022177 ImuError.cpp:650] gyr saturation
W20250111 19:32:19.797734 1022177 ImuError.cpp:650] gyr saturation
W20250111 19:32:19.821930 1022177 ImuError.cpp:650] gyr saturation
W20250111 19:32:19.821985 1022177 ImuError.cpp:650] gyr saturation
W20250111 19:32:19.821991 1022177 ImuError.cpp:650] gyr saturation
W20250111 19:32:19.821997 1022177 ImuError.cpp:650] gyr saturation
W20250111 19:32:19.822002 1022177 ImuError.cpp:650] gyr saturation
W20250111 19:32:19.822008 1022177 ImuError.cpp:650] gyr saturation
W20250111 19:32:19.822014 1022177 ImuError.cpp:650] gyr saturation
W20250111 19:32:19.822021 1022177 ImuError.cpp:650] gyr saturation
W20250111 19:32:19.822026 1022177 ImuError.cpp:650] gyr saturation
W20250111 19:32:19.822033 1022177 ImuError.cpp:650] gyr saturation
W20250111 19:32:19.822039 1022177 ImuError.cpp:650] gyr saturation
W20250111 19:32:19.822044 1022177 ImuError.cpp:650] gyr saturation
W20250111 19:32:19.822049 1022177 ImuError.cpp:650] gyr saturation
W20250111 19:32:19.822055 1022177 ImuError.cpp:650] gyr saturation
W20250111 19:32:19.822060 1022177 ImuError.cpp:650] gyr saturation
W20250111 19:32:19.822067 1022177 ImuError.cpp:650] gyr saturation
W20250111 19:32:19.822072 1022177 ImuError.cpp:650] gyr saturation
W20250111 19:32:19.822078 1022177 ImuError.cpp:650] gyr saturation
W20250111 19:32:19.822083 1022177 ImuError.cpp:650] gyr saturation
W20250111 19:32:19.822089 1022177 ImuError.cpp:650] gyr saturation
W20250111 19:32:19.822094 1022177 ImuError.cpp:650] gyr saturation
W20250111 19:32:19.822100 1022177 ImuError.cpp:650] gyr saturation
W20250111 19:32:19.822106 1022177 ImuError.cpp:650] gyr saturation
W20250111 19:32:19.822111 1022177 ImuError.cpp:650] gyr saturation
W20250111 19:32:19.822118 1022177 ImuError.cpp:650] gyr saturation
W20250111 19:32:19.822124 1022177 ImuError.cpp:650] gyr saturation
W20250111 19:32:19.822129 1022177 ImuError.cpp:650] gyr saturation
W20250111 19:32:19.822134 1022177 ImuError.cpp:650] gyr saturation
W20250111 19:32:19.822139 1022177 ImuError.cpp:650] gyr saturation
W20250111 19:32:19.822145 1022177 ImuError.cpp:650] gyr saturation
W20250111 19:32:19.822150 1022177 ImuError.cpp:650] gyr saturation
W20250111 19:32:19.822155 1022177 ImuError.cpp:650] gyr saturation
W20250111 19:32:19.822161 1022177 ImuError.cpp:650] gyr saturation
W20250111 19:32:19.822199 1022177 ImuError.cpp:650] gyr saturation
W20250111 19:32:19.822206 1022177 ImuError.cpp:650] gyr saturation
W20250111 19:32:19.822212 1022177 ImuError.cpp:650] gyr saturation
W20250111 19:32:19.822217 1022177 ImuError.cpp:650] gyr saturation
W20250111 19:32:19.822223 1022177 ImuError.cpp:650] gyr saturation
W20250111 19:32:19.822228 1022177 ImuError.cpp:650] gyr saturation
W20250111 19:32:19.822235 1022177 ImuError.cpp:650] gyr saturation
W20250111 19:32:19.822240 1022177 ImuError.cpp:650] gyr saturation
W20250111 19:32:19.822245 1022177 ImuError.cpp:650] gyr saturation
W20250111 19:32:19.822252 1022177 ImuError.cpp:650] gyr saturation
W20250111 19:32:19.822258 1022177 ImuError.cpp:650] gyr saturation
W20250111 19:32:19.822263 1022177 ImuError.cpp:650] gyr saturation
W20250111 19:32:19.822268 1022177 ImuError.cpp:650] gyr saturation
W20250111 19:32:19.822273 1022177 ImuError.cpp:650] gyr saturation
W20250111 19:32:19.822279 1022177 ImuError.cpp:650] gyr saturation
W20250111 19:32:19.822285 1022177 ImuError.cpp:650] gyr saturation
W20250111 19:32:19.822301 1022177 ImuError.cpp:650] gyr saturation
W20250111 19:32:19.822310 1022177 ImuError.cpp:650] gyr saturation
W20250111 19:32:19.822316 1022177 ImuError.cpp:650] gyr saturation
W20250111 19:32:19.822324 1022177 ImuError.cpp:650] gyr saturation
W20250111 19:32:19.822329 1022177 ImuError.cpp:650] gyr saturation
W20250111 19:32:19.822337 1022177 ImuError.cpp:650] gyr saturation
W20250111 19:32:19.822343 1022177 ImuError.cpp:650] gyr saturation
W20250111 19:32:19.822350 1022177 ImuError.cpp:650] gyr saturation
W20250111 19:32:19.822355 1022177 ImuError.cpp:650] gyr saturation
W20250111 19:32:19.822361 1022177 ImuError.cpp:650] gyr saturation
W20250111 19:32:19.822366 1022177 ImuError.cpp:650] gyr saturation
W20250111 19:32:19.822374 1022177 ImuError.cpp:650] gyr saturation
W20250111 19:32:19.822381 1022177 ImuError.cpp:650] gyr saturation
W20250111 19:32:19.822386 1022177 ImuError.cpp:650] gyr saturation
W20250111 19:32:19.822392 1022177 ImuError.cpp:650] gyr saturation
W20250111 19:32:19.822397 1022177 ImuError.cpp:650] gyr saturation
W20250111 19:32:19.822403 1022177 ImuError.cpp:650] gyr saturation
W20250111 19:32:19.826593 1022177 ImuError.cpp:368] gyr saturation
W20250111 19:32:19.826676 1022177 ImuError.cpp:368] gyr saturation
W20250111 19:32:19.826689 1022177 ImuError.cpp:368] gyr saturation
W20250111 19:32:19.826701 1022177 ImuError.cpp:368] gyr saturation
W20250111 19:32:19.826712 1022177 ImuError.cpp:368] gyr saturation
W20250111 19:32:19.826723 1022177 ImuError.cpp:368] gyr saturation
W20250111 19:32:19.826735 1022177 ImuError.cpp:368] gyr saturation
W20250111 19:32:19.826745 1022177 ImuError.cpp:368] gyr saturation
W20250111 19:32:19.826756 1022177 ImuError.cpp:368] gyr saturation
W20250111 19:32:19.826766 1022177 ImuError.cpp:368] gyr saturation
W20250111 19:32:19.826777 1022177 ImuError.cpp:368] gyr saturation
W20250111 19:32:19.826788 1022177 ImuError.cpp:368] gyr saturation
W20250111 19:32:19.826798 1022177 ImuError.cpp:368] gyr saturation
W20250111 19:32:19.826809 1022177 ImuError.cpp:368] gyr saturation
W20250111 19:32:19.826820 1022177 ImuError.cpp:368] gyr saturation
W20250111 19:32:19.826831 1022177 ImuError.cpp:368] gyr saturation
W20250111 19:32:19.826843 1022177 ImuError.cpp:368] gyr saturation
W20250111 19:32:19.826853 1022177 ImuError.cpp:368] gyr saturation
W20250111 19:32:19.826864 1022177 ImuError.cpp:368] gyr saturation
W20250111 19:32:19.826875 1022177 ImuError.cpp:368] gyr saturation
W20250111 19:32:19.826886 1022177 ImuError.cpp:368] gyr saturation
W20250111 19:32:19.826897 1022177 ImuError.cpp:368] gyr saturation
W20250111 19:32:19.826907 1022177 ImuError.cpp:368] gyr saturation
W20250111 19:32:19.826918 1022177 ImuError.cpp:368] gyr saturation
W20250111 19:32:19.826929 1022177 ImuError.cpp:368] gyr saturation
W20250111 19:32:19.826941 1022177 ImuError.cpp:368] gyr saturation
W20250111 19:32:19.826951 1022177 ImuError.cpp:368] gyr saturation
W20250111 19:32:19.826962 1022177 ImuError.cpp:368] gyr saturation
W20250111 19:32:19.826973 1022177 ImuError.cpp:368] gyr saturation
W20250111 19:32:19.826983 1022177 ImuError.cpp:368] gyr saturation
W20250111 19:32:19.826994 1022177 ImuError.cpp:368] gyr saturation
W20250111 19:32:19.827005 1022177 ImuError.cpp:368] gyr saturation
W20250111 19:32:19.827016 1022177 ImuError.cpp:368] gyr saturation
W20250111 19:32:19.831442 1022177 Frontend.cpp:612] 3d2d tracking weak: quality=0. Number of 3d2d-matches: 8
W20250111 19:32:19.833627 1022177 ImuError.cpp:650] gyr saturation
W20250111 19:32:19.833689 1022177 ImuError.cpp:650] gyr saturation
W20250111 19:32:19.833698 1022177 ImuError.cpp:650] gyr saturation
W20250111 19:32:19.833706 1022177 ImuError.cpp:650] gyr saturation
W20250111 19:32:19.833712 1022177 ImuError.cpp:650] gyr saturation
W20250111 19:32:19.833719 1022177 ImuError.cpp:650] gyr saturation
W20250111 19:32:19.833724 1022177 ImuError.cpp:650] gyr saturation
W20250111 19:32:19.833730 1022177 ImuError.cpp:650] gyr saturation
W20250111 19:32:19.833736 1022177 ImuError.cpp:650] gyr saturation
W20250111 19:32:19.833743 1022177 ImuError.cpp:650] gyr saturation
W20250111 19:32:19.833765 1022177 ImuError.cpp:650] gyr saturation
W20250111 19:32:19.833775 1022177 ImuError.cpp:650] gyr saturation
W20250111 19:32:19.833781 1022177 ImuError.cpp:650] gyr saturation
W20250111 19:32:19.833787 1022177 ImuError.cpp:650] gyr saturation
W20250111 19:32:19.833796 1022177 ImuError.cpp:650] gyr saturation
W20250111 19:32:19.833802 1022177 ImuError.cpp:650] gyr saturation
W20250111 19:32:19.833807 1022177 ImuError.cpp:650] gyr saturation
W20250111 19:32:19.833814 1022177 ImuError.cpp:650] gyr saturation
W20250111 19:32:19.833820 1022177 ImuError.cpp:650] gyr saturation
W20250111 19:32:19.833825 1022177 ImuError.cpp:650] gyr saturation
W20250111 19:32:19.833832 1022177 ImuError.cpp:650] gyr saturation
W20250111 19:32:19.833842 1022177 ImuError.cpp:650] gyr saturation
W20250111 19:32:19.833849 1022177 ImuError.cpp:650] gyr saturation
W20250111 19:32:19.833855 1022177 ImuError.cpp:650] gyr saturation
W20250111 19:32:19.833863 1022177 ImuError.cpp:650] gyr saturation
W20250111 19:32:19.833869 1022177 ImuError.cpp:650] gyr saturation
W20250111 19:32:19.833875 1022177 ImuError.cpp:650] gyr saturation
W20250111 19:32:19.833881 1022177 ImuError.cpp:650] gyr saturation
W20250111 19:32:19.833890 1022177 ImuError.cpp:650] gyr saturation
W20250111 19:32:19.833896 1022177 ImuError.cpp:650] gyr saturation
W20250111 19:32:19.833904 1022177 ImuError.cpp:650] gyr saturation
W20250111 19:32:19.833909 1022177 ImuError.cpp:650] gyr saturation
W20250111 19:32:19.833916 1022177 ImuError.cpp:650] gyr saturation
W20250111 19:32:19.868322 1022177 Frontend.cpp:612] 3d2d tracking weak: quality=0. Number of 3d2d-matches: 5
W20250111 19:32:19.903805 1022177 Frontend.cpp:612] 3d2d tracking weak: quality=0. Number of 3d2d-matches: 7
I20250111 19:32:20.089417 1022177 okvis_app_synchronous.cpp:210] OKVIS Timing
-----------
1 DetectAndDescribe                	   4160	00:00:08.133375	(00:00:00.001955 +- 00:00:00.000346)	[00:00:00.000948,00:00:00.004747]
2 Match                            	   4160	00:00:31.092977	(00:00:00.007474 +- 00:00:00.003513)	[00:00:00.000235,00:00:00.019996]
2.01 match to map                  	   4159	00:00:23.205367	(00:00:00.005580 +- 00:00:00.003090)	[00:00:00.000051,00:00:00.017195]
2.02 match motion stereo           	   4159	00:00:05.570025	(00:00:00.001339 +- 00:00:00.000438)	[00:00:00.000054,00:00:00.003440]
2.02.1 match motion stereo: prepare	   4159	00:00:01.244711	(00:00:00.000299 +- 00:00:00.000116)	[00:00:00.000001,00:00:00.000954]
2.10 match stereo                  	   1142	00:00:00.043280	(00:00:00.000038 +- 00:00:00.000044)	[00:00:00.000001,00:00:00.000431]
3 Optimise                         	   4159	00:01:01.092333	(00:00:00.014689 +- 00:00:00.005371)	[00:00:00.001233,00:00:00.035484]
4 Prepare publishing               	   4159	00:00:03.382476	(00:00:00.000813 +- 00:00:00.000313)	[00:00:00.000065,00:00:00.002774]
6 Visualising                      	   4159	00:00:00.000965	(00:00:00.000000 +- 00:00:00.000000)	[00:00:00.000000,00:00:00.000012]
7 Marginalise                      	   4159	00:00:07.277157	(00:00:00.001750 +- 00:00:00.000742)	[00:00:00.000006,00:00:00.006907]
7.1 check/handle lost              	   4159	00:00:00.121673	(00:00:00.000029 +- 00:00:00.000019)	[00:00:00.000000,00:00:00.000399]
7.2 eliminate IMU frames           	   4159	00:00:03.143986	(00:00:00.000756 +- 00:00:00.000541)	[00:00:00.000000,00:00:00.002678]
7.3 convert to posegraph           	   1424	00:00:01.154196	(00:00:00.000811 +- 00:00:00.000411)	[00:00:00.000095,00:00:00.002866]
7.4 freezing                       	   4158	00:00:00.004580	(00:00:00.000001 +- 00:00:00.000002)	[00:00:00.000000,00:00:00.000029]
7.6 expand                         	   4130	00:00:00.929395	(00:00:00.000225 +- 00:00:00.000123)	[00:00:00.000022,00:00:00.001737]
7.7 prune place recognition frames 	   4158	00:00:00.918405	(00:00:00.000221 +- 00:00:00.000112)	[00:00:00.000005,00:00:00.000825]
I20250111 19:32:20.089538 1022177 okvis_app_synchronous.cpp:219] Progress: 77% (0.5 [1%/s], ETA: 46s)
I20250111 19:32:20.289491 1022177 Frontend.cpp:2274] RANSAC FAIL: 18 inliers, ratio = 0.580645
I20250111 19:32:20.326279 1022177 Frontend.cpp:2274] RANSAC FAIL: 14 inliers, ratio = 0.666667
W20250111 19:32:20.365388 1022177 Frontend.cpp:612] 3d2d tracking weak: quality=0. Number of 3d2d-matches: 7
W20250111 19:32:20.397505 1022177 Frontend.cpp:612] 3d2d tracking weak: quality=0. Number of 3d2d-matches: 7
W20250111 19:32:20.399333 1022177 ImuError.cpp:650] gyr saturation
W20250111 19:32:20.399349 1022177 ImuError.cpp:650] gyr saturation
W20250111 19:32:20.399353 1022177 ImuError.cpp:650] gyr saturation
W20250111 19:32:20.399358 1022177 ImuError.cpp:650] gyr saturation
W20250111 19:32:20.399361 1022177 ImuError.cpp:650] gyr saturation
W20250111 19:32:20.399364 1022177 ImuError.cpp:650] gyr saturation
W20250111 19:32:20.399369 1022177 ImuError.cpp:650] gyr saturation
W20250111 19:32:20.399371 1022177 ImuError.cpp:650] gyr saturation
W20250111 19:32:20.399375 1022177 ImuError.cpp:650] gyr saturation
W20250111 19:32:20.433157 1022177 ImuError.cpp:650] gyr saturation
W20250111 19:32:20.433187 1022177 ImuError.cpp:650] gyr saturation
W20250111 19:32:20.433190 1022177 ImuError.cpp:650] gyr saturation
W20250111 19:32:20.433193 1022177 ImuError.cpp:650] gyr saturation
W20250111 19:32:20.433197 1022177 ImuError.cpp:650] gyr saturation
W20250111 19:32:20.433200 1022177 ImuError.cpp:650] gyr saturation
W20250111 19:32:20.433203 1022177 ImuError.cpp:650] gyr saturation
W20250111 19:32:20.433208 1022177 ImuError.cpp:650] gyr saturation
W20250111 19:32:20.433211 1022177 ImuError.cpp:650] gyr saturation
W20250111 19:32:20.433337 1022177 ImuError.cpp:650] gyr saturation
W20250111 19:32:20.433343 1022177 ImuError.cpp:650] gyr saturation
W20250111 19:32:20.433346 1022177 ImuError.cpp:650] gyr saturation
W20250111 19:32:20.433351 1022177 ImuError.cpp:650] gyr saturation
W20250111 19:32:20.433353 1022177 ImuError.cpp:650] gyr saturation
W20250111 19:32:20.433357 1022177 ImuError.cpp:650] gyr saturation
W20250111 19:32:20.433360 1022177 ImuError.cpp:650] gyr saturation
W20250111 19:32:20.433363 1022177 ImuError.cpp:650] gyr saturation
W20250111 19:32:20.433367 1022177 ImuError.cpp:650] gyr saturation
W20250111 19:32:20.435727 1022177 ImuError.cpp:368] gyr saturation
W20250111 19:32:20.435761 1022177 ImuError.cpp:368] gyr saturation
W20250111 19:32:20.435770 1022177 ImuError.cpp:368] gyr saturation
W20250111 19:32:20.435779 1022177 ImuError.cpp:368] gyr saturation
W20250111 19:32:20.435788 1022177 ImuError.cpp:368] gyr saturation
W20250111 19:32:20.435797 1022177 ImuError.cpp:368] gyr saturation
W20250111 19:32:20.435806 1022177 ImuError.cpp:368] gyr saturation
W20250111 19:32:20.435814 1022177 ImuError.cpp:368] gyr saturation
W20250111 19:32:20.435823 1022177 ImuError.cpp:368] gyr saturation
W20250111 19:32:20.439488 1022177 ImuError.cpp:650] gyr saturation
W20250111 19:32:20.439518 1022177 ImuError.cpp:650] gyr saturation
W20250111 19:32:20.439523 1022177 ImuError.cpp:650] gyr saturation
W20250111 19:32:20.439529 1022177 ImuError.cpp:650] gyr saturation
W20250111 19:32:20.439533 1022177 ImuError.cpp:650] gyr saturation
W20250111 19:32:20.439544 1022177 ImuError.cpp:650] gyr saturation
W20250111 19:32:20.439550 1022177 ImuError.cpp:650] gyr saturation
W20250111 19:32:20.439563 1022177 ImuError.cpp:650] gyr saturation
W20250111 19:32:20.439567 1022177 ImuError.cpp:650] gyr saturation
W20250111 19:32:20.439571 1022177 ImuError.cpp:650] gyr saturation
W20250111 19:32:20.439575 1022177 ImuError.cpp:650] gyr saturation
W20250111 19:32:20.439579 1022177 ImuError.cpp:650] gyr saturation
W20250111 19:32:20.439584 1022177 ImuError.cpp:650] gyr saturation
W20250111 19:32:20.439587 1022177 ImuError.cpp:650] gyr saturation
W20250111 19:32:20.439591 1022177 ImuError.cpp:650] gyr saturation
W20250111 19:32:20.439594 1022177 ImuError.cpp:650] gyr saturation
W20250111 19:32:20.439599 1022177 ImuError.cpp:650] gyr saturation
W20250111 19:32:20.439601 1022177 ImuError.cpp:650] gyr saturation
W20250111 19:32:20.439606 1022177 ImuError.cpp:650] gyr saturation
W20250111 19:32:20.439610 1022177 ImuError.cpp:650] gyr saturation
W20250111 19:32:20.439618 1022177 ImuError.cpp:650] gyr saturation
W20250111 19:32:20.439622 1022177 ImuError.cpp:650] gyr saturation
W20250111 19:32:20.439626 1022177 ImuError.cpp:650] gyr saturation
W20250111 19:32:20.439633 1022177 ImuError.cpp:650] gyr saturation
W20250111 19:32:20.439639 1022177 ImuError.cpp:650] gyr saturation
W20250111 19:32:20.439643 1022177 ImuError.cpp:650] gyr saturation
W20250111 19:32:20.439647 1022177 ImuError.cpp:650] gyr saturation
W20250111 19:32:20.439651 1022177 ImuError.cpp:650] gyr saturation
W20250111 19:32:20.439656 1022177 ImuError.cpp:650] gyr saturation
W20250111 19:32:20.439658 1022177 ImuError.cpp:650] gyr saturation
W20250111 19:32:20.439663 1022177 ImuError.cpp:650] gyr saturation
W20250111 19:32:20.439666 1022177 ImuError.cpp:650] gyr saturation
W20250111 19:32:20.439671 1022177 ImuError.cpp:650] gyr saturation
W20250111 19:32:20.439677 1022177 ImuError.cpp:650] gyr saturation
W20250111 19:32:20.439682 1022177 ImuError.cpp:650] gyr saturation
W20250111 19:32:20.439685 1022177 ImuError.cpp:650] gyr saturation
W20250111 19:32:20.439689 1022177 ImuError.cpp:650] gyr saturation
W20250111 19:32:20.439692 1022177 ImuError.cpp:650] gyr saturation
W20250111 19:32:20.439697 1022177 ImuError.cpp:650] gyr saturation
W20250111 19:32:20.439700 1022177 ImuError.cpp:650] gyr saturation
W20250111 19:32:20.439704 1022177 ImuError.cpp:650] gyr saturation
W20250111 19:32:20.439709 1022177 ImuError.cpp:650] gyr saturation
W20250111 19:32:20.470209 1022177 ImuError.cpp:650] gyr saturation
W20250111 19:32:20.470254 1022177 ImuError.cpp:650] gyr saturation
W20250111 19:32:20.470258 1022177 ImuError.cpp:650] gyr saturation
W20250111 19:32:20.470261 1022177 ImuError.cpp:650] gyr saturation
W20250111 19:32:20.470264 1022177 ImuError.cpp:650] gyr saturation
W20250111 19:32:20.470268 1022177 ImuError.cpp:650] gyr saturation
W20250111 19:32:20.470273 1022177 ImuError.cpp:650] gyr saturation
W20250111 19:32:20.470275 1022177 ImuError.cpp:650] gyr saturation
W20250111 19:32:20.470279 1022177 ImuError.cpp:650] gyr saturation
W20250111 19:32:20.470284 1022177 ImuError.cpp:650] gyr saturation
W20250111 19:32:20.470288 1022177 ImuError.cpp:650] gyr saturation
W20250111 19:32:20.470290 1022177 ImuError.cpp:650] gyr saturation
W20250111 19:32:20.470294 1022177 ImuError.cpp:650] gyr saturation
W20250111 19:32:20.470299 1022177 ImuError.cpp:650] gyr saturation
W20250111 19:32:20.470301 1022177 ImuError.cpp:650] gyr saturation
W20250111 19:32:20.470304 1022177 ImuError.cpp:650] gyr saturation
W20250111 19:32:20.470309 1022177 ImuError.cpp:650] gyr saturation
W20250111 19:32:20.470311 1022177 ImuError.cpp:650] gyr saturation
W20250111 19:32:20.470315 1022177 ImuError.cpp:650] gyr saturation
W20250111 19:32:20.470319 1022177 ImuError.cpp:650] gyr saturation
W20250111 19:32:20.470322 1022177 ImuError.cpp:650] gyr saturation
W20250111 19:32:20.470326 1022177 ImuError.cpp:650] gyr saturation
W20250111 19:32:20.470330 1022177 ImuError.cpp:650] gyr saturation
W20250111 19:32:20.470335 1022177 ImuError.cpp:650] gyr saturation
W20250111 19:32:20.470337 1022177 ImuError.cpp:650] gyr saturation
W20250111 19:32:20.470341 1022177 ImuError.cpp:650] gyr saturation
W20250111 19:32:20.470348 1022177 ImuError.cpp:650] gyr saturation
W20250111 19:32:20.470352 1022177 ImuError.cpp:650] gyr saturation
W20250111 19:32:20.470356 1022177 ImuError.cpp:650] gyr saturation
W20250111 19:32:20.470360 1022177 ImuError.cpp:650] gyr saturation
W20250111 19:32:20.470363 1022177 ImuError.cpp:650] gyr saturation
W20250111 19:32:20.470367 1022177 ImuError.cpp:650] gyr saturation
W20250111 19:32:20.470371 1022177 ImuError.cpp:650] gyr saturation
W20250111 19:32:20.470376 1022177 ImuError.cpp:650] gyr saturation
W20250111 19:32:20.470435 1022177 ImuError.cpp:650] gyr saturation
W20250111 19:32:20.470439 1022177 ImuError.cpp:650] gyr saturation
W20250111 19:32:20.470443 1022177 ImuError.cpp:650] gyr saturation
W20250111 19:32:20.470448 1022177 ImuError.cpp:650] gyr saturation
W20250111 19:32:20.470450 1022177 ImuError.cpp:650] gyr saturation
W20250111 19:32:20.470458 1022177 ImuError.cpp:650] gyr saturation
W20250111 19:32:20.470463 1022177 ImuError.cpp:650] gyr saturation
W20250111 19:32:20.470465 1022177 ImuError.cpp:650] gyr saturation
W20250111 19:32:20.470469 1022177 ImuError.cpp:650] gyr saturation
W20250111 19:32:20.470474 1022177 ImuError.cpp:650] gyr saturation
W20250111 19:32:20.470476 1022177 ImuError.cpp:650] gyr saturation
W20250111 19:32:20.470480 1022177 ImuError.cpp:650] gyr saturation
W20250111 19:32:20.470484 1022177 ImuError.cpp:650] gyr saturation
W20250111 19:32:20.470487 1022177 ImuError.cpp:650] gyr saturation
W20250111 19:32:20.470490 1022177 ImuError.cpp:650] gyr saturation
W20250111 19:32:20.470494 1022177 ImuError.cpp:650] gyr saturation
W20250111 19:32:20.470499 1022177 ImuError.cpp:650] gyr saturation
W20250111 19:32:20.470501 1022177 ImuError.cpp:650] gyr saturation
W20250111 19:32:20.470505 1022177 ImuError.cpp:650] gyr saturation
W20250111 19:32:20.470511 1022177 ImuError.cpp:650] gyr saturation
W20250111 19:32:20.470515 1022177 ImuError.cpp:650] gyr saturation
W20250111 19:32:20.470520 1022177 ImuError.cpp:650] gyr saturation
W20250111 19:32:20.470522 1022177 ImuError.cpp:650] gyr saturation
W20250111 19:32:20.470526 1022177 ImuError.cpp:650] gyr saturation
W20250111 19:32:20.470530 1022177 ImuError.cpp:650] gyr saturation
W20250111 19:32:20.470532 1022177 ImuError.cpp:650] gyr saturation
W20250111 19:32:20.470536 1022177 ImuError.cpp:650] gyr saturation
W20250111 19:32:20.470541 1022177 ImuError.cpp:650] gyr saturation
W20250111 19:32:20.470546 1022177 ImuError.cpp:650] gyr saturation
W20250111 19:32:20.470551 1022177 ImuError.cpp:650] gyr saturation
W20250111 19:32:20.470554 1022177 ImuError.cpp:650] gyr saturation
W20250111 19:32:20.470557 1022177 ImuError.cpp:650] gyr saturation
W20250111 19:32:20.470561 1022177 ImuError.cpp:650] gyr saturation
W20250111 19:32:20.470567 1022177 ImuError.cpp:650] gyr saturation
I20250111 19:32:20.472151 1022177 Frontend.cpp:2274] RANSAC FAIL: 15 inliers, ratio = 0.555556
W20250111 19:32:20.473593 1022177 ImuError.cpp:368] gyr saturation
W20250111 19:32:20.473621 1022177 ImuError.cpp:368] gyr saturation
W20250111 19:32:20.473636 1022177 ImuError.cpp:368] gyr saturation
W20250111 19:32:20.473644 1022177 ImuError.cpp:368] gyr saturation
W20250111 19:32:20.473659 1022177 ImuError.cpp:368] gyr saturation
W20250111 19:32:20.473667 1022177 ImuError.cpp:368] gyr saturation
W20250111 19:32:20.473682 1022177 ImuError.cpp:368] gyr saturation
W20250111 19:32:20.473692 1022177 ImuError.cpp:368] gyr saturation
W20250111 19:32:20.473701 1022177 ImuError.cpp:368] gyr saturation
W20250111 19:32:20.473709 1022177 ImuError.cpp:368] gyr saturation
W20250111 19:32:20.473717 1022177 ImuError.cpp:368] gyr saturation
W20250111 19:32:20.473726 1022177 ImuError.cpp:368] gyr saturation
W20250111 19:32:20.473735 1022177 ImuError.cpp:368] gyr saturation
W20250111 19:32:20.473742 1022177 ImuError.cpp:368] gyr saturation
W20250111 19:32:20.473750 1022177 ImuError.cpp:368] gyr saturation
W20250111 19:32:20.473759 1022177 ImuError.cpp:368] gyr saturation
W20250111 19:32:20.473766 1022177 ImuError.cpp:368] gyr saturation
W20250111 19:32:20.473775 1022177 ImuError.cpp:368] gyr saturation
W20250111 19:32:20.473783 1022177 ImuError.cpp:368] gyr saturation
W20250111 19:32:20.473799 1022177 ImuError.cpp:368] gyr saturation
W20250111 19:32:20.473806 1022177 ImuError.cpp:368] gyr saturation
W20250111 19:32:20.473817 1022177 ImuError.cpp:368] gyr saturation
W20250111 19:32:20.473824 1022177 ImuError.cpp:368] gyr saturation
W20250111 19:32:20.473834 1022177 ImuError.cpp:368] gyr saturation
W20250111 19:32:20.473840 1022177 ImuError.cpp:368] gyr saturation
W20250111 19:32:20.473848 1022177 ImuError.cpp:368] gyr saturation
W20250111 19:32:20.473856 1022177 ImuError.cpp:368] gyr saturation
W20250111 19:32:20.473865 1022177 ImuError.cpp:368] gyr saturation
W20250111 19:32:20.473872 1022177 ImuError.cpp:368] gyr saturation
W20250111 19:32:20.473881 1022177 ImuError.cpp:368] gyr saturation
W20250111 19:32:20.473888 1022177 ImuError.cpp:368] gyr saturation
W20250111 19:32:20.473901 1022177 ImuError.cpp:368] gyr saturation
W20250111 19:32:20.473908 1022177 ImuError.cpp:368] gyr saturation
W20250111 19:32:20.473917 1022177 ImuError.cpp:368] gyr saturation
W20250111 19:32:20.477757 1022177 ImuError.cpp:650] gyr saturation
W20250111 19:32:20.477789 1022177 ImuError.cpp:650] gyr saturation
W20250111 19:32:20.477793 1022177 ImuError.cpp:650] gyr saturation
W20250111 19:32:20.477797 1022177 ImuError.cpp:650] gyr saturation
W20250111 19:32:20.477802 1022177 ImuError.cpp:650] gyr saturation
W20250111 19:32:20.477804 1022177 ImuError.cpp:650] gyr saturation
W20250111 19:32:20.477808 1022177 ImuError.cpp:650] gyr saturation
W20250111 19:32:20.477813 1022177 ImuError.cpp:650] gyr saturation
W20250111 19:32:20.477818 1022177 ImuError.cpp:650] gyr saturation
W20250111 19:32:20.477821 1022177 ImuError.cpp:650] gyr saturation
W20250111 19:32:20.477824 1022177 ImuError.cpp:650] gyr saturation
W20250111 19:32:20.477828 1022177 ImuError.cpp:650] gyr saturation
W20250111 19:32:20.477833 1022177 ImuError.cpp:650] gyr saturation
W20250111 19:32:20.477838 1022177 ImuError.cpp:650] gyr saturation
W20250111 19:32:20.477842 1022177 ImuError.cpp:650] gyr saturation
W20250111 19:32:20.477845 1022177 ImuError.cpp:650] gyr saturation
W20250111 19:32:20.477849 1022177 ImuError.cpp:650] gyr saturation
W20250111 19:32:20.477855 1022177 ImuError.cpp:650] gyr saturation
W20250111 19:32:20.477859 1022177 ImuError.cpp:650] gyr saturation
W20250111 19:32:20.477862 1022177 ImuError.cpp:650] gyr saturation
W20250111 19:32:20.477867 1022177 ImuError.cpp:650] gyr saturation
W20250111 19:32:20.477871 1022177 ImuError.cpp:650] gyr saturation
W20250111 19:32:20.477875 1022177 ImuError.cpp:650] gyr saturation
W20250111 19:32:20.477882 1022177 ImuError.cpp:650] gyr saturation
W20250111 19:32:20.477886 1022177 ImuError.cpp:650] gyr saturation
W20250111 19:32:20.477892 1022177 ImuError.cpp:650] gyr saturation
W20250111 19:32:20.477895 1022177 ImuError.cpp:650] gyr saturation
W20250111 19:32:20.477900 1022177 ImuError.cpp:650] gyr saturation
W20250111 19:32:20.477905 1022177 ImuError.cpp:650] gyr saturation
W20250111 19:32:20.477910 1022177 ImuError.cpp:650] gyr saturation
W20250111 19:32:20.477913 1022177 ImuError.cpp:650] gyr saturation
W20250111 19:32:20.477918 1022177 ImuError.cpp:650] gyr saturation
W20250111 19:32:20.477923 1022177 ImuError.cpp:650] gyr saturation
W20250111 19:32:20.477928 1022177 ImuError.cpp:650] gyr saturation
W20250111 19:32:20.477931 1022177 ImuError.cpp:650] gyr saturation
W20250111 19:32:20.477937 1022177 ImuError.cpp:650] gyr saturation
W20250111 19:32:20.477941 1022177 ImuError.cpp:650] gyr saturation
W20250111 19:32:20.477943 1022177 ImuError.cpp:650] gyr saturation
W20250111 19:32:20.477948 1022177 ImuError.cpp:650] gyr saturation
W20250111 19:32:20.477952 1022177 ImuError.cpp:650] gyr saturation
W20250111 19:32:20.477955 1022177 ImuError.cpp:650] gyr saturation
W20250111 19:32:20.477959 1022177 ImuError.cpp:650] gyr saturation
W20250111 19:32:20.477962 1022177 ImuError.cpp:650] gyr saturation
W20250111 19:32:20.477967 1022177 ImuError.cpp:650] gyr saturation
W20250111 19:32:20.477972 1022177 ImuError.cpp:650] gyr saturation
W20250111 19:32:20.477974 1022177 ImuError.cpp:650] gyr saturation
W20250111 19:32:20.477983 1022177 ImuError.cpp:650] gyr saturation
W20250111 19:32:20.477986 1022177 ImuError.cpp:650] gyr saturation
W20250111 19:32:20.477990 1022177 ImuError.cpp:650] gyr saturation
W20250111 19:32:20.477994 1022177 ImuError.cpp:650] gyr saturation
W20250111 19:32:20.477998 1022177 ImuError.cpp:650] gyr saturation
W20250111 19:32:20.478003 1022177 ImuError.cpp:650] gyr saturation
W20250111 19:32:20.478005 1022177 ImuError.cpp:650] gyr saturation
W20250111 19:32:20.478010 1022177 ImuError.cpp:650] gyr saturation
W20250111 19:32:20.478014 1022177 ImuError.cpp:650] gyr saturation
W20250111 19:32:20.478018 1022177 ImuError.cpp:650] gyr saturation
W20250111 19:32:20.478021 1022177 ImuError.cpp:650] gyr saturation
W20250111 19:32:20.478027 1022177 ImuError.cpp:650] gyr saturation
W20250111 19:32:20.478035 1022177 ImuError.cpp:650] gyr saturation
W20250111 19:32:20.478039 1022177 ImuError.cpp:650] gyr saturation
W20250111 19:32:20.478042 1022177 ImuError.cpp:650] gyr saturation
W20250111 19:32:20.478046 1022177 ImuError.cpp:650] gyr saturation
W20250111 19:32:20.478049 1022177 ImuError.cpp:650] gyr saturation
W20250111 19:32:20.478053 1022177 ImuError.cpp:650] gyr saturation
W20250111 19:32:20.478057 1022177 ImuError.cpp:650] gyr saturation
W20250111 19:32:20.478061 1022177 ImuError.cpp:650] gyr saturation
W20250111 19:32:20.478066 1022177 ImuError.cpp:650] gyr saturation
W20250111 19:32:20.506855 1022177 ImuError.cpp:650] gyr saturation
W20250111 19:32:20.506884 1022177 ImuError.cpp:650] gyr saturation
W20250111 19:32:20.506888 1022177 ImuError.cpp:650] gyr saturation
W20250111 19:32:20.506891 1022177 ImuError.cpp:650] gyr saturation
W20250111 19:32:20.506896 1022177 ImuError.cpp:650] gyr saturation
W20250111 19:32:20.506898 1022177 ImuError.cpp:650] gyr saturation
W20250111 19:32:20.506902 1022177 ImuError.cpp:650] gyr saturation
W20250111 19:32:20.506906 1022177 ImuError.cpp:650] gyr saturation
W20250111 19:32:20.506909 1022177 ImuError.cpp:650] gyr saturation
W20250111 19:32:20.506912 1022177 ImuError.cpp:650] gyr saturation
W20250111 19:32:20.506915 1022177 ImuError.cpp:650] gyr saturation
W20250111 19:32:20.506919 1022177 ImuError.cpp:650] gyr saturation
W20250111 19:32:20.506922 1022177 ImuError.cpp:650] gyr saturation
W20250111 19:32:20.506927 1022177 ImuError.cpp:650] gyr saturation
W20250111 19:32:20.506932 1022177 ImuError.cpp:650] gyr saturation
W20250111 19:32:20.506937 1022177 ImuError.cpp:650] gyr saturation
W20250111 19:32:20.506940 1022177 ImuError.cpp:650] gyr saturation
W20250111 19:32:20.506943 1022177 ImuError.cpp:650] gyr saturation
W20250111 19:32:20.506947 1022177 ImuError.cpp:650] gyr saturation
W20250111 19:32:20.506950 1022177 ImuError.cpp:650] gyr saturation
W20250111 19:32:20.506953 1022177 ImuError.cpp:650] gyr saturation
W20250111 19:32:20.506958 1022177 ImuError.cpp:650] gyr saturation
W20250111 19:32:20.506960 1022177 ImuError.cpp:650] gyr saturation
W20250111 19:32:20.506964 1022177 ImuError.cpp:650] gyr saturation
W20250111 19:32:20.506968 1022177 ImuError.cpp:650] gyr saturation
W20250111 19:32:20.506971 1022177 ImuError.cpp:650] gyr saturation
W20250111 19:32:20.506975 1022177 ImuError.cpp:650] gyr saturation
W20250111 19:32:20.506979 1022177 ImuError.cpp:650] gyr saturation
W20250111 19:32:20.506982 1022177 ImuError.cpp:650] gyr saturation
W20250111 19:32:20.506986 1022177 ImuError.cpp:650] gyr saturation
W20250111 19:32:20.506989 1022177 ImuError.cpp:650] gyr saturation
W20250111 19:32:20.506994 1022177 ImuError.cpp:650] gyr saturation
W20250111 19:32:20.506997 1022177 ImuError.cpp:650] gyr saturation
W20250111 19:32:20.507001 1022177 ImuError.cpp:650] gyr saturation
W20250111 19:32:20.507180 1022177 ImuError.cpp:650] gyr saturation
W20250111 19:32:20.507186 1022177 ImuError.cpp:650] gyr saturation
W20250111 19:32:20.507190 1022177 ImuError.cpp:650] gyr saturation
W20250111 19:32:20.507194 1022177 ImuError.cpp:650] gyr saturation
W20250111 19:32:20.507197 1022177 ImuError.cpp:650] gyr saturation
W20250111 19:32:20.507201 1022177 ImuError.cpp:650] gyr saturation
W20250111 19:32:20.507207 1022177 ImuError.cpp:650] gyr saturation
W20250111 19:32:20.507213 1022177 ImuError.cpp:650] gyr saturation
W20250111 19:32:20.507216 1022177 ImuError.cpp:650] gyr saturation
W20250111 19:32:20.507222 1022177 ImuError.cpp:650] gyr saturation
W20250111 19:32:20.507226 1022177 ImuError.cpp:650] gyr saturation
W20250111 19:32:20.507229 1022177 ImuError.cpp:650] gyr saturation
W20250111 19:32:20.507234 1022177 ImuError.cpp:650] gyr saturation
W20250111 19:32:20.507239 1022177 ImuError.cpp:650] gyr saturation
W20250111 19:32:20.507243 1022177 ImuError.cpp:650] gyr saturation
W20250111 19:32:20.507247 1022177 ImuError.cpp:650] gyr saturation
W20250111 19:32:20.507251 1022177 ImuError.cpp:650] gyr saturation
W20250111 19:32:20.507254 1022177 ImuError.cpp:650] gyr saturation
W20250111 19:32:20.507262 1022177 ImuError.cpp:650] gyr saturation
W20250111 19:32:20.507266 1022177 ImuError.cpp:650] gyr saturation
W20250111 19:32:20.507272 1022177 ImuError.cpp:650] gyr saturation
W20250111 19:32:20.507275 1022177 ImuError.cpp:650] gyr saturation
W20250111 19:32:20.507279 1022177 ImuError.cpp:650] gyr saturation
W20250111 19:32:20.507285 1022177 ImuError.cpp:650] gyr saturation
W20250111 19:32:20.507290 1022177 ImuError.cpp:650] gyr saturation
W20250111 19:32:20.507294 1022177 ImuError.cpp:650] gyr saturation
W20250111 19:32:20.507298 1022177 ImuError.cpp:650] gyr saturation
W20250111 19:32:20.507303 1022177 ImuError.cpp:650] gyr saturation
W20250111 19:32:20.507308 1022177 ImuError.cpp:650] gyr saturation
W20250111 19:32:20.507313 1022177 ImuError.cpp:650] gyr saturation
W20250111 19:32:20.507316 1022177 ImuError.cpp:650] gyr saturation
W20250111 19:32:20.507320 1022177 ImuError.cpp:650] gyr saturation
W20250111 19:32:20.507326 1022177 ImuError.cpp:650] gyr saturation
W20250111 19:32:20.507331 1022177 ImuError.cpp:650] gyr saturation
I20250111 19:32:20.508679 1022177 Frontend.cpp:2274] RANSAC FAIL: 12 inliers, ratio = 0.631579
W20250111 19:32:20.510135 1022177 ImuError.cpp:368] gyr saturation
W20250111 19:32:20.510164 1022177 ImuError.cpp:368] gyr saturation
W20250111 19:32:20.510174 1022177 ImuError.cpp:368] gyr saturation
W20250111 19:32:20.510183 1022177 ImuError.cpp:368] gyr saturation
W20250111 19:32:20.510192 1022177 ImuError.cpp:368] gyr saturation
W20250111 19:32:20.510200 1022177 ImuError.cpp:368] gyr saturation
W20250111 19:32:20.510208 1022177 ImuError.cpp:368] gyr saturation
W20250111 19:32:20.510217 1022177 ImuError.cpp:368] gyr saturation
W20250111 19:32:20.510226 1022177 ImuError.cpp:368] gyr saturation
W20250111 19:32:20.510236 1022177 ImuError.cpp:368] gyr saturation
W20250111 19:32:20.510243 1022177 ImuError.cpp:368] gyr saturation
W20250111 19:32:20.510251 1022177 ImuError.cpp:368] gyr saturation
W20250111 19:32:20.510259 1022177 ImuError.cpp:368] gyr saturation
W20250111 19:32:20.510268 1022177 ImuError.cpp:368] gyr saturation
W20250111 19:32:20.510277 1022177 ImuError.cpp:368] gyr saturation
W20250111 19:32:20.510288 1022177 ImuError.cpp:368] gyr saturation
W20250111 19:32:20.510295 1022177 ImuError.cpp:368] gyr saturation
W20250111 19:32:20.510303 1022177 ImuError.cpp:368] gyr saturation
W20250111 19:32:20.510311 1022177 ImuError.cpp:368] gyr saturation
W20250111 19:32:20.510319 1022177 ImuError.cpp:368] gyr saturation
W20250111 19:32:20.510327 1022177 ImuError.cpp:368] gyr saturation
W20250111 19:32:20.510336 1022177 ImuError.cpp:368] gyr saturation
W20250111 19:32:20.510346 1022177 ImuError.cpp:368] gyr saturation
W20250111 19:32:20.510354 1022177 ImuError.cpp:368] gyr saturation
W20250111 19:32:20.510362 1022177 ImuError.cpp:368] gyr saturation
W20250111 19:32:20.510370 1022177 ImuError.cpp:368] gyr saturation
W20250111 19:32:20.510380 1022177 ImuError.cpp:368] gyr saturation
W20250111 19:32:20.510387 1022177 ImuError.cpp:368] gyr saturation
W20250111 19:32:20.510396 1022177 ImuError.cpp:368] gyr saturation
W20250111 19:32:20.510404 1022177 ImuError.cpp:368] gyr saturation
W20250111 19:32:20.510412 1022177 ImuError.cpp:368] gyr saturation
W20250111 19:32:20.510421 1022177 ImuError.cpp:368] gyr saturation
W20250111 19:32:20.510429 1022177 ImuError.cpp:368] gyr saturation
W20250111 19:32:20.510443 1022177 ImuError.cpp:368] gyr saturation
W20250111 19:32:20.514456 1022177 ImuError.cpp:650] gyr saturation
W20250111 19:32:20.514487 1022177 ImuError.cpp:650] gyr saturation
W20250111 19:32:20.514492 1022177 ImuError.cpp:650] gyr saturation
W20250111 19:32:20.514497 1022177 ImuError.cpp:650] gyr saturation
W20250111 19:32:20.514503 1022177 ImuError.cpp:650] gyr saturation
W20250111 19:32:20.514506 1022177 ImuError.cpp:650] gyr saturation
W20250111 19:32:20.514509 1022177 ImuError.cpp:650] gyr saturation
W20250111 19:32:20.514513 1022177 ImuError.cpp:650] gyr saturation
W20250111 19:32:20.514518 1022177 ImuError.cpp:650] gyr saturation
W20250111 19:32:20.514520 1022177 ImuError.cpp:650] gyr saturation
W20250111 19:32:20.514539 1022177 ImuError.cpp:650] gyr saturation
W20250111 19:32:20.514545 1022177 ImuError.cpp:650] gyr saturation
W20250111 19:32:20.514549 1022177 ImuError.cpp:650] gyr saturation
W20250111 19:32:20.514554 1022177 ImuError.cpp:650] gyr saturation
W20250111 19:32:20.514559 1022177 ImuError.cpp:650] gyr saturation
W20250111 19:32:20.514564 1022177 ImuError.cpp:650] gyr saturation
W20250111 19:32:20.514569 1022177 ImuError.cpp:650] gyr saturation
W20250111 19:32:20.514575 1022177 ImuError.cpp:650] gyr saturation
W20250111 19:32:20.514578 1022177 ImuError.cpp:650] gyr saturation
W20250111 19:32:20.514582 1022177 ImuError.cpp:650] gyr saturation
W20250111 19:32:20.514586 1022177 ImuError.cpp:650] gyr saturation
W20250111 19:32:20.514592 1022177 ImuError.cpp:650] gyr saturation
W20250111 19:32:20.514597 1022177 ImuError.cpp:650] gyr saturation
W20250111 19:32:20.514600 1022177 ImuError.cpp:650] gyr saturation
W20250111 19:32:20.514605 1022177 ImuError.cpp:650] gyr saturation
W20250111 19:32:20.514609 1022177 ImuError.cpp:650] gyr saturation
W20250111 19:32:20.514614 1022177 ImuError.cpp:650] gyr saturation
W20250111 19:32:20.514621 1022177 ImuError.cpp:650] gyr saturation
W20250111 19:32:20.514626 1022177 ImuError.cpp:650] gyr saturation
W20250111 19:32:20.514633 1022177 ImuError.cpp:650] gyr saturation
W20250111 19:32:20.514638 1022177 ImuError.cpp:650] gyr saturation
W20250111 19:32:20.514642 1022177 ImuError.cpp:650] gyr saturation
W20250111 19:32:20.514647 1022177 ImuError.cpp:650] gyr saturation
W20250111 19:32:20.514653 1022177 ImuError.cpp:650] gyr saturation
W20250111 19:32:20.514658 1022177 ImuError.cpp:650] gyr saturation
W20250111 19:32:20.514662 1022177 ImuError.cpp:650] gyr saturation
W20250111 19:32:20.514667 1022177 ImuError.cpp:650] gyr saturation
W20250111 19:32:20.514670 1022177 ImuError.cpp:650] gyr saturation
W20250111 19:32:20.514675 1022177 ImuError.cpp:650] gyr saturation
W20250111 19:32:20.514679 1022177 ImuError.cpp:650] gyr saturation
W20250111 19:32:20.514683 1022177 ImuError.cpp:650] gyr saturation
W20250111 19:32:20.514686 1022177 ImuError.cpp:650] gyr saturation
W20250111 19:32:20.514691 1022177 ImuError.cpp:650] gyr saturation
W20250111 19:32:20.514695 1022177 ImuError.cpp:650] gyr saturation
W20250111 19:32:20.514699 1022177 ImuError.cpp:650] gyr saturation
W20250111 19:32:20.514703 1022177 ImuError.cpp:650] gyr saturation
W20250111 19:32:20.514707 1022177 ImuError.cpp:650] gyr saturation
W20250111 19:32:20.514711 1022177 ImuError.cpp:650] gyr saturation
W20250111 19:32:20.514714 1022177 ImuError.cpp:650] gyr saturation
W20250111 19:32:20.514719 1022177 ImuError.cpp:650] gyr saturation
W20250111 19:32:20.514724 1022177 ImuError.cpp:650] gyr saturation
W20250111 19:32:20.514729 1022177 ImuError.cpp:650] gyr saturation
W20250111 19:32:20.514732 1022177 ImuError.cpp:650] gyr saturation
W20250111 19:32:20.514737 1022177 ImuError.cpp:650] gyr saturation
W20250111 19:32:20.514741 1022177 ImuError.cpp:650] gyr saturation
W20250111 19:32:20.514745 1022177 ImuError.cpp:650] gyr saturation
W20250111 19:32:20.514750 1022177 ImuError.cpp:650] gyr saturation
W20250111 19:32:20.514755 1022177 ImuError.cpp:650] gyr saturation
W20250111 19:32:20.514758 1022177 ImuError.cpp:650] gyr saturation
W20250111 19:32:20.514762 1022177 ImuError.cpp:650] gyr saturation
W20250111 19:32:20.514768 1022177 ImuError.cpp:650] gyr saturation
W20250111 19:32:20.514772 1022177 ImuError.cpp:650] gyr saturation
W20250111 19:32:20.514776 1022177 ImuError.cpp:650] gyr saturation
W20250111 19:32:20.514781 1022177 ImuError.cpp:650] gyr saturation
W20250111 19:32:20.514784 1022177 ImuError.cpp:650] gyr saturation
W20250111 19:32:20.514789 1022177 ImuError.cpp:650] gyr saturation
W20250111 19:32:20.514794 1022177 ImuError.cpp:650] gyr saturation
W20250111 19:32:20.514798 1022177 ImuError.cpp:650] gyr saturation
W20250111 19:32:20.542160 1022177 ImuError.cpp:650] gyr saturation
W20250111 19:32:20.542212 1022177 ImuError.cpp:650] gyr saturation
W20250111 19:32:20.542215 1022177 ImuError.cpp:650] gyr saturation
W20250111 19:32:20.542235 1022177 ImuError.cpp:650] gyr saturation
W20250111 19:32:20.542239 1022177 ImuError.cpp:650] gyr saturation
W20250111 19:32:20.542243 1022177 ImuError.cpp:650] gyr saturation
W20250111 19:32:20.542248 1022177 ImuError.cpp:650] gyr saturation
W20250111 19:32:20.542251 1022177 ImuError.cpp:650] gyr saturation
W20250111 19:32:20.542254 1022177 ImuError.cpp:650] gyr saturation
W20250111 19:32:20.542259 1022177 ImuError.cpp:650] gyr saturation
W20250111 19:32:20.542263 1022177 ImuError.cpp:650] gyr saturation
W20250111 19:32:20.542266 1022177 ImuError.cpp:650] gyr saturation
W20250111 19:32:20.542270 1022177 ImuError.cpp:650] gyr saturation
W20250111 19:32:20.542274 1022177 ImuError.cpp:650] gyr saturation
W20250111 19:32:20.542277 1022177 ImuError.cpp:650] gyr saturation
W20250111 19:32:20.542281 1022177 ImuError.cpp:650] gyr saturation
W20250111 19:32:20.542285 1022177 ImuError.cpp:650] gyr saturation
W20250111 19:32:20.542289 1022177 ImuError.cpp:650] gyr saturation
W20250111 19:32:20.542294 1022177 ImuError.cpp:650] gyr saturation
W20250111 19:32:20.542299 1022177 ImuError.cpp:650] gyr saturation
W20250111 19:32:20.542302 1022177 ImuError.cpp:650] gyr saturation
W20250111 19:32:20.542306 1022177 ImuError.cpp:650] gyr saturation
W20250111 19:32:20.542310 1022177 ImuError.cpp:650] gyr saturation
W20250111 19:32:20.542315 1022177 ImuError.cpp:650] gyr saturation
W20250111 19:32:20.542318 1022177 ImuError.cpp:650] gyr saturation
W20250111 19:32:20.542322 1022177 ImuError.cpp:650] gyr saturation
W20250111 19:32:20.542326 1022177 ImuError.cpp:650] gyr saturation
W20250111 19:32:20.542330 1022177 ImuError.cpp:650] gyr saturation
W20250111 19:32:20.542335 1022177 ImuError.cpp:650] gyr saturation
W20250111 19:32:20.542340 1022177 ImuError.cpp:650] gyr saturation
W20250111 19:32:20.542343 1022177 ImuError.cpp:650] gyr saturation
W20250111 19:32:20.542348 1022177 ImuError.cpp:650] gyr saturation
W20250111 19:32:20.542352 1022177 ImuError.cpp:650] gyr saturation
W20250111 19:32:20.542356 1022177 ImuError.cpp:650] gyr saturation
W20250111 19:32:20.542361 1022177 ImuError.cpp:650] gyr saturation
W20250111 19:32:20.542447 1022177 ImuError.cpp:650] gyr saturation
W20250111 19:32:20.542451 1022177 ImuError.cpp:650] gyr saturation
W20250111 19:32:20.542455 1022177 ImuError.cpp:650] gyr saturation
W20250111 19:32:20.542459 1022177 ImuError.cpp:650] gyr saturation
W20250111 19:32:20.542464 1022177 ImuError.cpp:650] gyr saturation
W20250111 19:32:20.542466 1022177 ImuError.cpp:650] gyr saturation
W20250111 19:32:20.542470 1022177 ImuError.cpp:650] gyr saturation
W20250111 19:32:20.542474 1022177 ImuError.cpp:650] gyr saturation
W20250111 19:32:20.542479 1022177 ImuError.cpp:650] gyr saturation
W20250111 19:32:20.542482 1022177 ImuError.cpp:650] gyr saturation
W20250111 19:32:20.542486 1022177 ImuError.cpp:650] gyr saturation
W20250111 19:32:20.542490 1022177 ImuError.cpp:650] gyr saturation
W20250111 19:32:20.542493 1022177 ImuError.cpp:650] gyr saturation
W20250111 19:32:20.542497 1022177 ImuError.cpp:650] gyr saturation
W20250111 19:32:20.542500 1022177 ImuError.cpp:650] gyr saturation
W20250111 19:32:20.542505 1022177 ImuError.cpp:650] gyr saturation
W20250111 19:32:20.542508 1022177 ImuError.cpp:650] gyr saturation
W20250111 19:32:20.542511 1022177 ImuError.cpp:650] gyr saturation
W20250111 19:32:20.542515 1022177 ImuError.cpp:650] gyr saturation
W20250111 19:32:20.542520 1022177 ImuError.cpp:650] gyr saturation
W20250111 19:32:20.542523 1022177 ImuError.cpp:650] gyr saturation
W20250111 19:32:20.542527 1022177 ImuError.cpp:650] gyr saturation
W20250111 19:32:20.542531 1022177 ImuError.cpp:650] gyr saturation
W20250111 19:32:20.542534 1022177 ImuError.cpp:650] gyr saturation
W20250111 19:32:20.542537 1022177 ImuError.cpp:650] gyr saturation
W20250111 19:32:20.542541 1022177 ImuError.cpp:650] gyr saturation
W20250111 19:32:20.542546 1022177 ImuError.cpp:650] gyr saturation
W20250111 19:32:20.542549 1022177 ImuError.cpp:650] gyr saturation
W20250111 19:32:20.542552 1022177 ImuError.cpp:650] gyr saturation
W20250111 19:32:20.542557 1022177 ImuError.cpp:650] gyr saturation
W20250111 19:32:20.542562 1022177 ImuError.cpp:650] gyr saturation
W20250111 19:32:20.542565 1022177 ImuError.cpp:650] gyr saturation
W20250111 19:32:20.542569 1022177 ImuError.cpp:650] gyr saturation
W20250111 19:32:20.542572 1022177 ImuError.cpp:650] gyr saturation
W20250111 19:32:20.542577 1022177 ImuError.cpp:650] gyr saturation
I20250111 19:32:20.543299 1022177 Frontend.cpp:2274] RANSAC FAIL: 9 inliers, ratio = 0.818182
W20250111 19:32:20.544692 1022177 ImuError.cpp:368] gyr saturation
W20250111 19:32:20.544719 1022177 ImuError.cpp:368] gyr saturation
W20250111 19:32:20.544729 1022177 ImuError.cpp:368] gyr saturation
W20250111 19:32:20.544736 1022177 ImuError.cpp:368] gyr saturation
W20250111 19:32:20.544745 1022177 ImuError.cpp:368] gyr saturation
W20250111 19:32:20.544754 1022177 ImuError.cpp:368] gyr saturation
W20250111 19:32:20.544762 1022177 ImuError.cpp:368] gyr saturation
W20250111 19:32:20.544770 1022177 ImuError.cpp:368] gyr saturation
W20250111 19:32:20.544778 1022177 ImuError.cpp:368] gyr saturation
W20250111 19:32:20.544786 1022177 ImuError.cpp:368] gyr saturation
W20250111 19:32:20.544795 1022177 ImuError.cpp:368] gyr saturation
W20250111 19:32:20.544802 1022177 ImuError.cpp:368] gyr saturation
W20250111 19:32:20.544811 1022177 ImuError.cpp:368] gyr saturation
W20250111 19:32:20.544817 1022177 ImuError.cpp:368] gyr saturation
W20250111 19:32:20.544826 1022177 ImuError.cpp:368] gyr saturation
W20250111 19:32:20.544833 1022177 ImuError.cpp:368] gyr saturation
W20250111 19:32:20.544842 1022177 ImuError.cpp:368] gyr saturation
W20250111 19:32:20.544849 1022177 ImuError.cpp:368] gyr saturation
W20250111 19:32:20.544857 1022177 ImuError.cpp:368] gyr saturation
W20250111 19:32:20.544865 1022177 ImuError.cpp:368] gyr saturation
W20250111 19:32:20.544873 1022177 ImuError.cpp:368] gyr saturation
W20250111 19:32:20.544881 1022177 ImuError.cpp:368] gyr saturation
W20250111 19:32:20.544889 1022177 ImuError.cpp:368] gyr saturation
W20250111 19:32:20.544898 1022177 ImuError.cpp:368] gyr saturation
W20250111 19:32:20.544905 1022177 ImuError.cpp:368] gyr saturation
W20250111 19:32:20.544914 1022177 ImuError.cpp:368] gyr saturation
W20250111 19:32:20.544921 1022177 ImuError.cpp:368] gyr saturation
W20250111 19:32:20.544929 1022177 ImuError.cpp:368] gyr saturation
W20250111 19:32:20.544937 1022177 ImuError.cpp:368] gyr saturation
W20250111 19:32:20.544945 1022177 ImuError.cpp:368] gyr saturation
W20250111 19:32:20.544953 1022177 ImuError.cpp:368] gyr saturation
W20250111 19:32:20.544961 1022177 ImuError.cpp:368] gyr saturation
W20250111 19:32:20.544970 1022177 ImuError.cpp:368] gyr saturation
W20250111 19:32:20.544976 1022177 ImuError.cpp:368] gyr saturation
W20250111 19:32:20.544984 1022177 ImuError.cpp:368] gyr saturation
W20250111 19:32:20.546865 1022177 Frontend.cpp:612] 3d2d tracking weak: quality=0. Number of 3d2d-matches: 11
W20250111 19:32:20.548557 1022177 ImuError.cpp:650] gyr saturation
W20250111 19:32:20.548573 1022177 ImuError.cpp:650] gyr saturation
W20250111 19:32:20.548578 1022177 ImuError.cpp:650] gyr saturation
W20250111 19:32:20.548581 1022177 ImuError.cpp:650] gyr saturation
W20250111 19:32:20.548585 1022177 ImuError.cpp:650] gyr saturation
W20250111 19:32:20.548588 1022177 ImuError.cpp:650] gyr saturation
W20250111 19:32:20.548592 1022177 ImuError.cpp:650] gyr saturation
W20250111 19:32:20.548597 1022177 ImuError.cpp:650] gyr saturation
W20250111 19:32:20.548607 1022177 ImuError.cpp:650] gyr saturation
W20250111 19:32:20.548612 1022177 ImuError.cpp:650] gyr saturation
W20250111 19:32:20.548616 1022177 ImuError.cpp:650] gyr saturation
W20250111 19:32:20.548620 1022177 ImuError.cpp:650] gyr saturation
W20250111 19:32:20.548625 1022177 ImuError.cpp:650] gyr saturation
W20250111 19:32:20.548633 1022177 ImuError.cpp:650] gyr saturation
W20250111 19:32:20.548638 1022177 ImuError.cpp:650] gyr saturation
W20250111 19:32:20.548642 1022177 ImuError.cpp:650] gyr saturation
W20250111 19:32:20.548648 1022177 ImuError.cpp:650] gyr saturation
W20250111 19:32:20.548656 1022177 ImuError.cpp:650] gyr saturation
W20250111 19:32:20.548662 1022177 ImuError.cpp:650] gyr saturation
W20250111 19:32:20.548666 1022177 ImuError.cpp:650] gyr saturation
W20250111 19:32:20.548672 1022177 ImuError.cpp:650] gyr saturation
W20250111 19:32:20.548676 1022177 ImuError.cpp:650] gyr saturation
W20250111 19:32:20.548679 1022177 ImuError.cpp:650] gyr saturation
W20250111 19:32:20.548686 1022177 ImuError.cpp:650] gyr saturation
W20250111 19:32:20.548689 1022177 ImuError.cpp:650] gyr saturation
W20250111 19:32:20.548694 1022177 ImuError.cpp:650] gyr saturation
W20250111 19:32:20.548698 1022177 ImuError.cpp:650] gyr saturation
W20250111 19:32:20.548702 1022177 ImuError.cpp:650] gyr saturation
W20250111 19:32:20.548705 1022177 ImuError.cpp:650] gyr saturation
W20250111 19:32:20.548709 1022177 ImuError.cpp:650] gyr saturation
W20250111 19:32:20.548714 1022177 ImuError.cpp:650] gyr saturation
W20250111 19:32:20.548717 1022177 ImuError.cpp:650] gyr saturation
W20250111 19:32:20.548722 1022177 ImuError.cpp:650] gyr saturation
W20250111 19:32:20.548725 1022177 ImuError.cpp:650] gyr saturation
W20250111 19:32:20.548730 1022177 ImuError.cpp:650] gyr saturation
W20250111 19:32:20.548734 1022177 ImuError.cpp:650] gyr saturation
W20250111 19:32:20.548738 1022177 ImuError.cpp:650] gyr saturation
W20250111 19:32:20.548743 1022177 ImuError.cpp:650] gyr saturation
W20250111 19:32:20.548745 1022177 ImuError.cpp:650] gyr saturation
W20250111 19:32:20.548749 1022177 ImuError.cpp:650] gyr saturation
W20250111 19:32:20.548753 1022177 ImuError.cpp:650] gyr saturation
W20250111 19:32:20.548758 1022177 ImuError.cpp:650] gyr saturation
W20250111 19:32:20.548763 1022177 ImuError.cpp:650] gyr saturation
W20250111 19:32:20.548767 1022177 ImuError.cpp:650] gyr saturation
W20250111 19:32:20.548771 1022177 ImuError.cpp:650] gyr saturation
W20250111 19:32:20.548776 1022177 ImuError.cpp:650] gyr saturation
W20250111 19:32:20.548781 1022177 ImuError.cpp:650] gyr saturation
W20250111 19:32:20.548785 1022177 ImuError.cpp:650] gyr saturation
W20250111 19:32:20.548789 1022177 ImuError.cpp:650] gyr saturation
W20250111 19:32:20.548794 1022177 ImuError.cpp:650] gyr saturation
W20250111 19:32:20.548796 1022177 ImuError.cpp:650] gyr saturation
W20250111 19:32:20.548800 1022177 ImuError.cpp:650] gyr saturation
W20250111 19:32:20.548804 1022177 ImuError.cpp:650] gyr saturation
W20250111 19:32:20.548808 1022177 ImuError.cpp:650] gyr saturation
W20250111 19:32:20.548815 1022177 ImuError.cpp:650] gyr saturation
W20250111 19:32:20.548820 1022177 ImuError.cpp:650] gyr saturation
W20250111 19:32:20.548823 1022177 ImuError.cpp:650] gyr saturation
W20250111 19:32:20.548830 1022177 ImuError.cpp:650] gyr saturation
W20250111 19:32:20.548832 1022177 ImuError.cpp:650] gyr saturation
W20250111 19:32:20.548836 1022177 ImuError.cpp:650] gyr saturation
W20250111 19:32:20.548842 1022177 ImuError.cpp:650] gyr saturation
W20250111 19:32:20.548846 1022177 ImuError.cpp:650] gyr saturation
W20250111 19:32:20.548851 1022177 ImuError.cpp:650] gyr saturation
W20250111 19:32:20.548856 1022177 ImuError.cpp:650] gyr saturation
W20250111 19:32:20.548861 1022177 ImuError.cpp:650] gyr saturation
W20250111 19:32:20.548864 1022177 ImuError.cpp:650] gyr saturation
W20250111 19:32:20.548868 1022177 ImuError.cpp:650] gyr saturation
W20250111 19:32:20.548873 1022177 ImuError.cpp:650] gyr saturation
W20250111 19:32:20.579373 1022177 ImuError.cpp:650] gyr saturation
W20250111 19:32:20.579407 1022177 ImuError.cpp:650] gyr saturation
W20250111 19:32:20.579411 1022177 ImuError.cpp:650] gyr saturation
W20250111 19:32:20.579416 1022177 ImuError.cpp:650] gyr saturation
W20250111 19:32:20.579419 1022177 ImuError.cpp:650] gyr saturation
W20250111 19:32:20.579423 1022177 ImuError.cpp:650] gyr saturation
W20250111 19:32:20.579429 1022177 ImuError.cpp:650] gyr saturation
W20250111 19:32:20.579437 1022177 ImuError.cpp:650] gyr saturation
W20250111 19:32:20.579442 1022177 ImuError.cpp:650] gyr saturation
W20250111 19:32:20.579445 1022177 ImuError.cpp:650] gyr saturation
W20250111 19:32:20.579453 1022177 ImuError.cpp:650] gyr saturation
W20250111 19:32:20.579459 1022177 ImuError.cpp:650] gyr saturation
W20250111 19:32:20.579466 1022177 ImuError.cpp:650] gyr saturation
W20250111 19:32:20.579470 1022177 ImuError.cpp:650] gyr saturation
W20250111 19:32:20.579476 1022177 ImuError.cpp:650] gyr saturation
W20250111 19:32:20.579479 1022177 ImuError.cpp:650] gyr saturation
W20250111 19:32:20.579484 1022177 ImuError.cpp:650] gyr saturation
W20250111 19:32:20.579488 1022177 ImuError.cpp:650] gyr saturation
W20250111 19:32:20.579491 1022177 ImuError.cpp:650] gyr saturation
W20250111 19:32:20.579496 1022177 ImuError.cpp:650] gyr saturation
W20250111 19:32:20.579500 1022177 ImuError.cpp:650] gyr saturation
W20250111 19:32:20.579504 1022177 ImuError.cpp:650] gyr saturation
W20250111 19:32:20.579509 1022177 ImuError.cpp:650] gyr saturation
W20250111 19:32:20.579512 1022177 ImuError.cpp:650] gyr saturation
W20250111 19:32:20.579516 1022177 ImuError.cpp:650] gyr saturation
W20250111 19:32:20.579520 1022177 ImuError.cpp:650] gyr saturation
W20250111 19:32:20.579524 1022177 ImuError.cpp:650] gyr saturation
W20250111 19:32:20.579528 1022177 ImuError.cpp:650] gyr saturation
W20250111 19:32:20.579532 1022177 ImuError.cpp:650] gyr saturation
W20250111 19:32:20.579536 1022177 ImuError.cpp:650] gyr saturation
W20250111 19:32:20.579540 1022177 ImuError.cpp:650] gyr saturation
W20250111 19:32:20.579543 1022177 ImuError.cpp:650] gyr saturation
W20250111 19:32:20.579547 1022177 ImuError.cpp:650] gyr saturation
W20250111 19:32:20.579550 1022177 ImuError.cpp:650] gyr saturation
W20250111 19:32:20.579624 1022177 ImuError.cpp:650] gyr saturation
W20250111 19:32:20.579632 1022177 ImuError.cpp:650] gyr saturation
W20250111 19:32:20.579635 1022177 ImuError.cpp:650] gyr saturation
W20250111 19:32:20.579639 1022177 ImuError.cpp:650] gyr saturation
W20250111 19:32:20.579643 1022177 ImuError.cpp:650] gyr saturation
W20250111 19:32:20.579648 1022177 ImuError.cpp:650] gyr saturation
W20250111 19:32:20.579653 1022177 ImuError.cpp:650] gyr saturation
W20250111 19:32:20.579655 1022177 ImuError.cpp:650] gyr saturation
W20250111 19:32:20.579659 1022177 ImuError.cpp:650] gyr saturation
W20250111 19:32:20.579663 1022177 ImuError.cpp:650] gyr saturation
W20250111 19:32:20.579668 1022177 ImuError.cpp:650] gyr saturation
W20250111 19:32:20.579672 1022177 ImuError.cpp:650] gyr saturation
W20250111 19:32:20.579675 1022177 ImuError.cpp:650] gyr saturation
W20250111 19:32:20.579680 1022177 ImuError.cpp:650] gyr saturation
W20250111 19:32:20.579685 1022177 ImuError.cpp:650] gyr saturation
W20250111 19:32:20.579692 1022177 ImuError.cpp:650] gyr saturation
W20250111 19:32:20.579695 1022177 ImuError.cpp:650] gyr saturation
W20250111 19:32:20.579699 1022177 ImuError.cpp:650] gyr saturation
W20250111 19:32:20.579703 1022177 ImuError.cpp:650] gyr saturation
W20250111 19:32:20.579707 1022177 ImuError.cpp:650] gyr saturation
W20250111 19:32:20.579710 1022177 ImuError.cpp:650] gyr saturation
W20250111 19:32:20.579715 1022177 ImuError.cpp:650] gyr saturation
W20250111 19:32:20.579720 1022177 ImuError.cpp:650] gyr saturation
W20250111 19:32:20.579725 1022177 ImuError.cpp:650] gyr saturation
W20250111 19:32:20.579727 1022177 ImuError.cpp:650] gyr saturation
W20250111 19:32:20.579732 1022177 ImuError.cpp:650] gyr saturation
W20250111 19:32:20.579737 1022177 ImuError.cpp:650] gyr saturation
W20250111 19:32:20.579741 1022177 ImuError.cpp:650] gyr saturation
W20250111 19:32:20.579748 1022177 ImuError.cpp:650] gyr saturation
W20250111 19:32:20.579752 1022177 ImuError.cpp:650] gyr saturation
W20250111 19:32:20.579756 1022177 ImuError.cpp:650] gyr saturation
W20250111 19:32:20.579761 1022177 ImuError.cpp:650] gyr saturation
W20250111 19:32:20.579764 1022177 ImuError.cpp:650] gyr saturation
W20250111 19:32:20.579769 1022177 ImuError.cpp:650] gyr saturation
W20250111 19:32:20.581609 1022177 ImuError.cpp:368] gyr saturation
W20250111 19:32:20.581642 1022177 ImuError.cpp:368] gyr saturation
W20250111 19:32:20.581652 1022177 ImuError.cpp:368] gyr saturation
W20250111 19:32:20.581670 1022177 ImuError.cpp:368] gyr saturation
W20250111 19:32:20.581679 1022177 ImuError.cpp:368] gyr saturation
W20250111 19:32:20.581688 1022177 ImuError.cpp:368] gyr saturation
W20250111 19:32:20.581696 1022177 ImuError.cpp:368] gyr saturation
W20250111 19:32:20.581704 1022177 ImuError.cpp:368] gyr saturation
W20250111 19:32:20.581712 1022177 ImuError.cpp:368] gyr saturation
W20250111 19:32:20.581720 1022177 ImuError.cpp:368] gyr saturation
W20250111 19:32:20.581732 1022177 ImuError.cpp:368] gyr saturation
W20250111 19:32:20.581739 1022177 ImuError.cpp:368] gyr saturation
W20250111 19:32:20.581748 1022177 ImuError.cpp:368] gyr saturation
W20250111 19:32:20.581755 1022177 ImuError.cpp:368] gyr saturation
W20250111 19:32:20.581764 1022177 ImuError.cpp:368] gyr saturation
W20250111 19:32:20.581772 1022177 ImuError.cpp:368] gyr saturation
W20250111 19:32:20.581780 1022177 ImuError.cpp:368] gyr saturation
W20250111 19:32:20.581789 1022177 ImuError.cpp:368] gyr saturation
W20250111 19:32:20.581796 1022177 ImuError.cpp:368] gyr saturation
W20250111 19:32:20.581805 1022177 ImuError.cpp:368] gyr saturation
W20250111 19:32:20.581813 1022177 ImuError.cpp:368] gyr saturation
W20250111 19:32:20.581820 1022177 ImuError.cpp:368] gyr saturation
W20250111 19:32:20.581830 1022177 ImuError.cpp:368] gyr saturation
W20250111 19:32:20.581837 1022177 ImuError.cpp:368] gyr saturation
W20250111 19:32:20.581845 1022177 ImuError.cpp:368] gyr saturation
W20250111 19:32:20.581854 1022177 ImuError.cpp:368] gyr saturation
W20250111 19:32:20.581862 1022177 ImuError.cpp:368] gyr saturation
W20250111 19:32:20.581871 1022177 ImuError.cpp:368] gyr saturation
W20250111 19:32:20.581879 1022177 ImuError.cpp:368] gyr saturation
W20250111 19:32:20.581887 1022177 ImuError.cpp:368] gyr saturation
W20250111 19:32:20.581895 1022177 ImuError.cpp:368] gyr saturation
W20250111 19:32:20.581904 1022177 ImuError.cpp:368] gyr saturation
W20250111 19:32:20.581912 1022177 ImuError.cpp:368] gyr saturation
W20250111 19:32:20.581919 1022177 ImuError.cpp:368] gyr saturation
W20250111 19:32:20.583853 1022177 Frontend.cpp:612] 3d2d tracking weak: quality=0. Number of 3d2d-matches: 5
W20250111 19:32:20.585486 1022177 ImuError.cpp:650] gyr saturation
W20250111 19:32:20.585502 1022177 ImuError.cpp:650] gyr saturation
W20250111 19:32:20.585507 1022177 ImuError.cpp:650] gyr saturation
W20250111 19:32:20.585515 1022177 ImuError.cpp:650] gyr saturation
W20250111 19:32:20.585523 1022177 ImuError.cpp:650] gyr saturation
W20250111 19:32:20.585529 1022177 ImuError.cpp:650] gyr saturation
W20250111 19:32:20.585536 1022177 ImuError.cpp:650] gyr saturation
W20250111 19:32:20.585544 1022177 ImuError.cpp:650] gyr saturation
W20250111 19:32:20.585551 1022177 ImuError.cpp:650] gyr saturation
W20250111 19:32:20.585557 1022177 ImuError.cpp:650] gyr saturation
W20250111 19:32:20.585562 1022177 ImuError.cpp:650] gyr saturation
W20250111 19:32:20.585567 1022177 ImuError.cpp:650] gyr saturation
W20250111 19:32:20.585573 1022177 ImuError.cpp:650] gyr saturation
W20250111 19:32:20.585579 1022177 ImuError.cpp:650] gyr saturation
W20250111 19:32:20.585587 1022177 ImuError.cpp:650] gyr saturation
W20250111 19:32:20.585592 1022177 ImuError.cpp:650] gyr saturation
W20250111 19:32:20.585598 1022177 ImuError.cpp:650] gyr saturation
W20250111 19:32:20.585604 1022177 ImuError.cpp:650] gyr saturation
W20250111 19:32:20.585610 1022177 ImuError.cpp:650] gyr saturation
W20250111 19:32:20.585615 1022177 ImuError.cpp:650] gyr saturation
W20250111 19:32:20.585625 1022177 ImuError.cpp:650] gyr saturation
W20250111 19:32:20.585636 1022177 ImuError.cpp:650] gyr saturation
W20250111 19:32:20.585641 1022177 ImuError.cpp:650] gyr saturation
W20250111 19:32:20.585647 1022177 ImuError.cpp:650] gyr saturation
W20250111 19:32:20.585655 1022177 ImuError.cpp:650] gyr saturation
W20250111 19:32:20.585660 1022177 ImuError.cpp:650] gyr saturation
W20250111 19:32:20.585665 1022177 ImuError.cpp:650] gyr saturation
W20250111 19:32:20.585670 1022177 ImuError.cpp:650] gyr saturation
W20250111 19:32:20.585675 1022177 ImuError.cpp:650] gyr saturation
W20250111 19:32:20.585685 1022177 ImuError.cpp:650] gyr saturation
W20250111 19:32:20.585690 1022177 ImuError.cpp:650] gyr saturation
W20250111 19:32:20.585696 1022177 ImuError.cpp:650] gyr saturation
W20250111 19:32:20.585703 1022177 ImuError.cpp:650] gyr saturation
W20250111 19:32:20.585709 1022177 ImuError.cpp:650] gyr saturation
W20250111 19:32:20.585716 1022177 ImuError.cpp:650] gyr saturation
W20250111 19:32:20.585721 1022177 ImuError.cpp:650] gyr saturation
W20250111 19:32:20.585726 1022177 ImuError.cpp:650] gyr saturation
W20250111 19:32:20.585731 1022177 ImuError.cpp:650] gyr saturation
W20250111 19:32:20.585737 1022177 ImuError.cpp:650] gyr saturation
W20250111 19:32:20.585744 1022177 ImuError.cpp:650] gyr saturation
W20250111 19:32:20.585752 1022177 ImuError.cpp:650] gyr saturation
W20250111 19:32:20.585758 1022177 ImuError.cpp:650] gyr saturation
W20250111 19:32:20.614729 1279951 ViSlamBackend.cpp:466] TRACKING FAILURE: quality=0
W20250111 19:32:20.615697 1022177 ImuError.cpp:650] gyr saturation
W20250111 19:32:20.615720 1022177 ImuError.cpp:650] gyr saturation
W20250111 19:32:20.615725 1022177 ImuError.cpp:650] gyr saturation
W20250111 19:32:20.615727 1022177 ImuError.cpp:650] gyr saturation
W20250111 19:32:20.615731 1022177 ImuError.cpp:650] gyr saturation
W20250111 19:32:20.615736 1022177 ImuError.cpp:650] gyr saturation
W20250111 19:32:20.615738 1022177 ImuError.cpp:650] gyr saturation
W20250111 19:32:20.615743 1022177 ImuError.cpp:650] gyr saturation
W20250111 19:32:20.615746 1022177 ImuError.cpp:650] gyr saturation
W20250111 19:32:20.615798 1022177 ImuError.cpp:650] gyr saturation
W20250111 19:32:20.615804 1022177 ImuError.cpp:650] gyr saturation
W20250111 19:32:20.615808 1022177 ImuError.cpp:650] gyr saturation
W20250111 19:32:20.615810 1022177 ImuError.cpp:650] gyr saturation
W20250111 19:32:20.615814 1022177 ImuError.cpp:650] gyr saturation
W20250111 19:32:20.615818 1022177 ImuError.cpp:650] gyr saturation
W20250111 19:32:20.615820 1022177 ImuError.cpp:650] gyr saturation
W20250111 19:32:20.615824 1022177 ImuError.cpp:650] gyr saturation
W20250111 19:32:20.615828 1022177 ImuError.cpp:650] gyr saturation
W20250111 19:32:20.617676 1022177 ImuError.cpp:368] gyr saturation
W20250111 19:32:20.617708 1022177 ImuError.cpp:368] gyr saturation
W20250111 19:32:20.617717 1022177 ImuError.cpp:368] gyr saturation
W20250111 19:32:20.617725 1022177 ImuError.cpp:368] gyr saturation
W20250111 19:32:20.617734 1022177 ImuError.cpp:368] gyr saturation
W20250111 19:32:20.617743 1022177 ImuError.cpp:368] gyr saturation
W20250111 19:32:20.617750 1022177 ImuError.cpp:368] gyr saturation
W20250111 19:32:20.617760 1022177 ImuError.cpp:368] gyr saturation
W20250111 19:32:20.617769 1022177 ImuError.cpp:368] gyr saturation
W20250111 19:32:20.619621 1022177 Frontend.cpp:612] 3d2d tracking weak: quality=0. Number of 3d2d-matches: 4
W20250111 19:32:20.621096 1022177 ImuError.cpp:650] gyr saturation
W20250111 19:32:20.621111 1022177 ImuError.cpp:650] gyr saturation
W20250111 19:32:20.621114 1022177 ImuError.cpp:650] gyr saturation
W20250111 19:32:20.621119 1022177 ImuError.cpp:650] gyr saturation
W20250111 19:32:20.621124 1022177 ImuError.cpp:650] gyr saturation
W20250111 19:32:20.621136 1022177 ImuError.cpp:650] gyr saturation
W20250111 19:32:20.621140 1022177 ImuError.cpp:650] gyr saturation
W20250111 19:32:20.621147 1022177 ImuError.cpp:650] gyr saturation
W20250111 19:32:20.621150 1022177 ImuError.cpp:650] gyr saturation
W20250111 19:32:20.642859 1280025 ViSlamBackend.cpp:466] TRACKING FAILURE: quality=0
W20250111 19:32:20.647313 1022177 Frontend.cpp:612] 3d2d tracking weak: quality=0. Number of 3d2d-matches: 7
W20250111 19:32:20.684201 1022177 Frontend.cpp:612] 3d2d tracking weak: quality=0. Number of 3d2d-matches: 8
I20250111 19:32:22.038386 1022177 okvis_app_synchronous.cpp:210] OKVIS Timing
-----------
1 DetectAndDescribe                	   4214	00:00:08.231756	(00:00:00.001953 +- 00:00:00.000346)	[00:00:00.000948,00:00:00.004747]
2 Match                            	   4214	00:00:31.426648	(00:00:00.007458 +- 00:00:00.003494)	[00:00:00.000235,00:00:00.019996]
2.01 match to map                  	   4213	00:00:23.459084	(00:00:00.005568 +- 00:00:00.003072)	[00:00:00.000051,00:00:00.017195]
2.02 match motion stereo           	   4213	00:00:05.628903	(00:00:00.001336 +- 00:00:00.000437)	[00:00:00.000054,00:00:00.003440]
2.02.1 match motion stereo: prepare	   4213	00:00:01.255726	(00:00:00.000298 +- 00:00:00.000116)	[00:00:00.000001,00:00:00.000954]
2.10 match stereo                  	   1168	00:00:00.043531	(00:00:00.000037 +- 00:00:00.000043)	[00:00:00.000001,00:00:00.000431]
3 Optimise                         	   4213	00:01:02.564621	(00:00:00.014850 +- 00:00:00.005530)	[00:00:00.001233,00:00:00.035484]
4 Prepare publishing               	   4213	00:00:03.431058	(00:00:00.000814 +- 00:00:00.000313)	[00:00:00.000065,00:00:00.002774]
6 Visualising                      	   4213	00:00:00.000982	(00:00:00.000000 +- 00:00:00.000000)	[00:00:00.000000,00:00:00.000012]
7 Marginalise                      	   4213	00:00:07.361676	(00:00:00.001747 +- 00:00:00.000741)	[00:00:00.000006,00:00:00.006907]
7.1 check/handle lost              	   4213	00:00:00.123193	(00:00:00.000029 +- 00:00:00.000019)	[00:00:00.000000,00:00:00.000399]
7.2 eliminate IMU frames           	   4213	00:00:03.175699	(00:00:00.000754 +- 00:00:00.000543)	[00:00:00.000000,00:00:00.002678]
7.3 convert to posegraph           	   1453	00:00:01.172733	(00:00:00.000807 +- 00:00:00.000409)	[00:00:00.000095,00:00:00.002866]
7.4 freezing                       	   4212	00:00:00.004716	(00:00:00.000001 +- 00:00:00.000002)	[00:00:00.000000,00:00:00.000029]
7.6 expand                         	   4184	00:00:00.939695	(00:00:00.000225 +- 00:00:00.000122)	[00:00:00.000022,00:00:00.001737]
7.7 prune place recognition frames 	   4212	00:00:00.928560	(00:00:00.000220 +- 00:00:00.000112)	[00:00:00.000005,00:00:00.000825]
I20250111 19:32:22.038488 1022177 okvis_app_synchronous.cpp:219] Progress: 78% (1 [1%/s], ETA: 22s)
I20250111 19:32:22.866264 1022177 Frontend.cpp:2274] RANSAC FAIL: 19 inliers, ratio = 0.678571
I20250111 19:32:22.893345 1022177 Frontend.cpp:2274] RANSAC FAIL: 11 inliers, ratio = 0.647059
I20250111 19:32:23.121390 1022177 Frontend.cpp:2274] RANSAC FAIL: 54 inliers, ratio = 0.692308
I20250111 19:32:23.336856 1022177 Frontend.cpp:2274] RANSAC FAIL: 33 inliers, ratio = 0.6875
I20250111 19:32:23.754894 1022177 Frontend.cpp:2274] RANSAC FAIL: 19 inliers, ratio = 0.678571
I20250111 19:32:23.802872 1022177 okvis_app_synchronous.cpp:210] OKVIS Timing
-----------
1 DetectAndDescribe                	   4268	00:00:08.341281	(00:00:00.001954 +- 00:00:00.000344)	[00:00:00.000948,00:00:00.004747]
2 Match                            	   4268	00:00:32.036175	(00:00:00.007506 +- 00:00:00.003525)	[00:00:00.000235,00:00:00.019996]
2.01 match to map                  	   4267	00:00:23.939747	(00:00:00.005610 +- 00:00:00.003097)	[00:00:00.000051,00:00:00.017195]
2.02 match motion stereo           	   4267	00:00:05.722039	(00:00:00.001341 +- 00:00:00.000440)	[00:00:00.000054,00:00:00.003440]
2.02.1 match motion stereo: prepare	   4267	00:00:01.274683	(00:00:00.000299 +- 00:00:00.000116)	[00:00:00.000001,00:00:00.000954]
2.10 match stereo                  	   1205	00:00:00.045069	(00:00:00.000037 +- 00:00:00.000043)	[00:00:00.000001,00:00:00.000431]
3 Optimise                         	   4267	00:01:03.547571	(00:00:00.014893 +- 00:00:00.005567)	[00:00:00.001233,00:00:00.035484]
4 Prepare publishing               	   4267	00:00:03.486103	(00:00:00.000817 +- 00:00:00.000312)	[00:00:00.000065,00:00:00.002774]
6 Visualising                      	   4267	00:00:00.000996	(00:00:00.000000 +- 00:00:00.000000)	[00:00:00.000000,00:00:00.000012]
7 Marginalise                      	   4267	00:00:07.469506	(00:00:00.001751 +- 00:00:00.000738)	[00:00:00.000006,00:00:00.006907]
7.1 check/handle lost              	   4267	00:00:00.124786	(00:00:00.000029 +- 00:00:00.000019)	[00:00:00.000000,00:00:00.000399]
7.2 eliminate IMU frames           	   4267	00:00:03.204733	(00:00:00.000751 +- 00:00:00.000545)	[00:00:00.000000,00:00:00.002678]
7.3 convert to posegraph           	   1486	00:00:01.204314	(00:00:00.000810 +- 00:00:00.000407)	[00:00:00.000095,00:00:00.002866]
7.4 freezing                       	   4266	00:00:00.004845	(00:00:00.000001 +- 00:00:00.000002)	[00:00:00.000000,00:00:00.000031]
7.6 expand                         	   4238	00:00:00.954121	(00:00:00.000225 +- 00:00:00.000122)	[00:00:00.000022,00:00:00.001737]
7.7 prune place recognition frames 	   4266	00:00:00.942568	(00:00:00.000221 +- 00:00:00.000112)	[00:00:00.000005,00:00:00.000825]
I20250111 19:32:23.803012 1022177 okvis_app_synchronous.cpp:219] Progress: 79% (1 [1%/s], ETA: 21s)
I20250111 19:32:23.866947 1022177 Frontend.cpp:2274] RANSAC FAIL: 64 inliers, ratio = 0.688172
I20250111 19:32:23.905100 1022177 Frontend.cpp:2274] RANSAC FAIL: 62 inliers, ratio = 0.645833
I20250111 19:32:23.942420 1022177 Frontend.cpp:2274] RANSAC FAIL: 44 inliers, ratio = 0.586667
I20250111 19:32:24.021168 1022177 Frontend.cpp:2274] RANSAC FAIL: 52 inliers, ratio = 0.693333
I20250111 19:32:24.057566 1022177 Frontend.cpp:2274] RANSAC FAIL: 67 inliers, ratio = 0.67
I20250111 19:32:24.209169 1022177 Frontend.cpp:2274] RANSAC FAIL: 58 inliers, ratio = 0.698795
W20250111 19:32:25.189424 1022177 Frontend.cpp:612] 3d2d tracking weak: quality=0. Number of 3d2d-matches: 6
I20250111 19:32:25.646421 1022177 Frontend.cpp:2274] RANSAC FAIL: 10 inliers, ratio = 0.555556
I20250111 19:32:25.683038 1022177 Frontend.cpp:2274] RANSAC FAIL: 14 inliers, ratio = 0.4
I20250111 19:32:25.757344 1022177 Frontend.cpp:2274] RANSAC FAIL: 40 inliers, ratio = 0.606061
I20250111 19:32:25.793447 1022177 Frontend.cpp:2274] RANSAC FAIL: 34 inliers, ratio = 0.596491
I20250111 19:32:25.805984 1022177 okvis_app_synchronous.cpp:210] OKVIS Timing
-----------
1 DetectAndDescribe                	   4322	00:00:08.446207	(00:00:00.001954 +- 00:00:00.000344)	[00:00:00.000948,00:00:00.004747]
2 Match                            	   4322	00:00:32.837847	(00:00:00.007598 +- 00:00:00.003601)	[00:00:00.000235,00:00:00.019996]
2.01 match to map                  	   4321	00:00:24.593828	(00:00:00.005692 +- 00:00:00.003164)	[00:00:00.000051,00:00:00.017195]
2.02 match motion stereo           	   4321	00:00:05.829886	(00:00:00.001349 +- 00:00:00.000445)	[00:00:00.000054,00:00:00.003440]
2.02.1 match motion stereo: prepare	   4321	00:00:01.296207	(00:00:00.000300 +- 00:00:00.000116)	[00:00:00.000001,00:00:00.000954]
2.10 match stereo                  	   1244	00:00:00.046690	(00:00:00.000038 +- 00:00:00.000043)	[00:00:00.000001,00:00:00.000431]
3 Optimise                         	   4321	00:01:04.595584	(00:00:00.014949 +- 00:00:00.005557)	[00:00:00.001233,00:00:00.035484]
4 Prepare publishing               	   4321	00:00:03.537558	(00:00:00.000819 +- 00:00:00.000313)	[00:00:00.000065,00:00:00.002774]
6 Visualising                      	   4321	00:00:00.001008	(00:00:00.000000 +- 00:00:00.000000)	[00:00:00.000000,00:00:00.000012]
7 Marginalise                      	   4321	00:00:07.563856	(00:00:00.001750 +- 00:00:00.000738)	[00:00:00.000006,00:00:00.006907]
7.1 check/handle lost              	   4321	00:00:00.126082	(00:00:00.000029 +- 00:00:00.000019)	[00:00:00.000000,00:00:00.000399]
7.2 eliminate IMU frames           	   4321	00:00:03.221714	(00:00:00.000746 +- 00:00:00.000547)	[00:00:00.000000,00:00:00.002678]
7.3 convert to posegraph           	   1528	00:00:01.237367	(00:00:00.000810 +- 00:00:00.000405)	[00:00:00.000095,00:00:00.002866]
7.4 freezing                       	   4320	00:00:00.004984	(00:00:00.000001 +- 00:00:00.000002)	[00:00:00.000000,00:00:00.000031]
7.6 expand                         	   4292	00:00:00.968866	(00:00:00.000226 +- 00:00:00.000122)	[00:00:00.000022,00:00:00.001737]
7.7 prune place recognition frames 	   4320	00:00:00.954540	(00:00:00.000221 +- 00:00:00.000112)	[00:00:00.000005,00:00:00.000825]
I20250111 19:32:25.806161 1022177 okvis_app_synchronous.cpp:219] Progress: 80% (0.5 [1%/s], ETA: 40s)
I20250111 19:32:25.831532 1022177 Frontend.cpp:2274] RANSAC FAIL: 29 inliers, ratio = 0.517857
I20250111 19:32:26.014899 1022177 Frontend.cpp:2274] RANSAC FAIL: 11 inliers, ratio = 0.6875
W20250111 19:32:26.059947 1022177 Frontend.cpp:612] 3d2d tracking weak: quality=0. Number of 3d2d-matches: 14
I20250111 19:32:26.087347 1022177 Frontend.cpp:2274] RANSAC FAIL: 7 inliers, ratio = 0.7
W20250111 19:32:26.096290 1022177 Frontend.cpp:612] 3d2d tracking weak: quality=0. Number of 3d2d-matches: 10
I20250111 19:32:26.161000 1022177 Frontend.cpp:2274] RANSAC FAIL: 20 inliers, ratio = 0.666667
I20250111 19:32:26.345728 1022177 Frontend.cpp:2274] RANSAC FAIL: 39 inliers, ratio = 0.696429
I20250111 19:32:26.538692 1022177 Frontend.cpp:2274] RANSAC FAIL: 54 inliers, ratio = 0.683544
I20250111 19:32:26.745101 1022177 Frontend.cpp:2274] RANSAC FAIL: 49 inliers, ratio = 0.671233
I20250111 19:32:28.052388 1022177 okvis_app_synchronous.cpp:210] OKVIS Timing
-----------
1 DetectAndDescribe                	   4376	00:00:08.587751	(00:00:00.001962 +- 00:00:00.000354)	[00:00:00.000948,00:00:00.004747]
2 Match                            	   4376	00:00:33.715866	(00:00:00.007705 +- 00:00:00.003717)	[00:00:00.000235,00:00:00.020543]
2.01 match to map                  	   4375	00:00:25.302804	(00:00:00.005783 +- 00:00:00.003262)	[00:00:00.000051,00:00:00.017442]
2.02 match motion stereo           	   4375	00:00:05.950619	(00:00:00.001360 +- 00:00:00.000455)	[00:00:00.000054,00:00:00.003440]
2.02.1 match motion stereo: prepare	   4375	00:00:01.323110	(00:00:00.000302 +- 00:00:00.000118)	[00:00:00.000001,00:00:00.000954]
2.10 match stereo                  	   1277	00:00:00.048924	(00:00:00.000038 +- 00:00:00.000043)	[00:00:00.000001,00:00:00.000431]
3 Optimise                         	   4375	00:01:05.779192	(00:00:00.015035 +- 00:00:00.005592)	[00:00:00.001233,00:00:00.036321]
4 Prepare publishing               	   4375	00:00:03.600058	(00:00:00.000823 +- 00:00:00.000316)	[00:00:00.000065,00:00:00.002774]
6 Visualising                      	   4375	00:00:00.001018	(00:00:00.000000 +- 00:00:00.000000)	[00:00:00.000000,00:00:00.000012]
7 Marginalise                      	   4375	00:00:07.677767	(00:00:00.001755 +- 00:00:00.000739)	[00:00:00.000006,00:00:00.006907]
7.1 check/handle lost              	   4375	00:00:00.127787	(00:00:00.000029 +- 00:00:00.000019)	[00:00:00.000000,00:00:00.000399]
7.2 eliminate IMU frames           	   4375	00:00:03.247351	(00:00:00.000742 +- 00:00:00.000550)	[00:00:00.000000,00:00:00.002678]
7.3 convert to posegraph           	   1564	00:00:01.269687	(00:00:00.000812 +- 00:00:00.000403)	[00:00:00.000095,00:00:00.002866]
7.4 freezing                       	   4374	00:00:00.005115	(00:00:00.000001 +- 00:00:00.000002)	[00:00:00.000000,00:00:00.000031]
7.6 expand                         	   4346	00:00:00.986887	(00:00:00.000227 +- 00:00:00.000122)	[00:00:00.000022,00:00:00.001737]
7.7 prune place recognition frames 	   4374	00:00:00.969639	(00:00:00.000222 +- 00:00:00.000112)	[00:00:00.000005,00:00:00.000825]
I20250111 19:32:28.052505 1022177 okvis_app_synchronous.cpp:219] Progress: 81% (0.5 [1%/s], ETA: 38s)
I20250111 19:32:30.103448 1022177 okvis_app_synchronous.cpp:210] OKVIS Timing
-----------
1 DetectAndDescribe                	   4430	00:00:08.731943	(00:00:00.001971 +- 00:00:00.000362)	[00:00:00.000948,00:00:00.004747]
2 Match                            	   4430	00:00:34.198237	(00:00:00.007720 +- 00:00:00.003697)	[00:00:00.000235,00:00:00.020543]
2.01 match to map                  	   4429	00:00:25.664939	(00:00:00.005795 +- 00:00:00.003244)	[00:00:00.000051,00:00:00.017442]
2.02 match motion stereo           	   4429	00:00:06.032265	(00:00:00.001362 +- 00:00:00.000454)	[00:00:00.000054,00:00:00.003440]
2.02.1 match motion stereo: prepare	   4429	00:00:01.346184	(00:00:00.000304 +- 00:00:00.000118)	[00:00:00.000001,00:00:00.000954]
2.10 match stereo                  	   1289	00:00:00.049543	(00:00:00.000038 +- 00:00:00.000043)	[00:00:00.000001,00:00:00.000431]
3 Optimise                         	   4429	00:01:07.044259	(00:00:00.015138 +- 00:00:00.005641)	[00:00:00.001233,00:00:00.036321]
4 Prepare publishing               	   4429	00:00:03.690447	(00:00:00.000833 +- 00:00:00.000330)	[00:00:00.000065,00:00:00.002774]
6 Visualising                      	   4429	00:00:00.001037	(00:00:00.000000 +- 00:00:00.000000)	[00:00:00.000000,00:00:00.000012]
7 Marginalise                      	   4429	00:00:07.880301	(00:00:00.001779 +- 00:00:00.000772)	[00:00:00.000006,00:00:00.007275]
7.1 check/handle lost              	   4429	00:00:00.130898	(00:00:00.000030 +- 00:00:00.000019)	[00:00:00.000000,00:00:00.000399]
7.2 eliminate IMU frames           	   4429	00:00:03.325096	(00:00:00.000751 +- 00:00:00.000559)	[00:00:00.000000,00:00:00.002678]
7.3 convert to posegraph           	   1583	00:00:01.306474	(00:00:00.000825 +- 00:00:00.000424)	[00:00:00.000095,00:00:00.003337]
7.4 freezing                       	   4428	00:00:00.005238	(00:00:00.000001 +- 00:00:00.000002)	[00:00:00.000000,00:00:00.000031]
7.6 expand                         	   4398	00:00:01.015897	(00:00:00.000231 +- 00:00:00.000132)	[00:00:00.000022,00:00:00.002070]
7.7 prune place recognition frames 	   4428	00:00:00.998515	(00:00:00.000226 +- 00:00:00.000118)	[00:00:00.000005,00:00:00.000825]
I20250111 19:32:30.103547 1022177 okvis_app_synchronous.cpp:219] Progress: 82% (0.5 [1%/s], ETA: 36s)
I20250111 19:32:31.863713 1022177 okvis_app_synchronous.cpp:210] OKVIS Timing
-----------
1 DetectAndDescribe                	   4484	00:00:08.847457	(00:00:00.001973 +- 00:00:00.000361)	[00:00:00.000948,00:00:00.004747]
2 Match                            	   4484	00:00:34.643453	(00:00:00.007726 +- 00:00:00.003677)	[00:00:00.000235,00:00:00.020543]
2.01 match to map                  	   4483	00:00:26.012350	(00:00:00.005802 +- 00:00:00.003227)	[00:00:00.000051,00:00:00.017442]
2.02 match motion stereo           	   4483	00:00:06.100390	(00:00:00.001361 +- 00:00:00.000452)	[00:00:00.000054,00:00:00.003440]
2.02.1 match motion stereo: prepare	   4483	00:00:01.365385	(00:00:00.000305 +- 00:00:00.000118)	[00:00:00.000001,00:00:00.000954]
2.10 match stereo                  	   1298	00:00:00.049801	(00:00:00.000038 +- 00:00:00.000042)	[00:00:00.000001,00:00:00.000431]
3 Optimise                         	   4483	00:01:08.120330	(00:00:00.015195 +- 00:00:00.005643)	[00:00:00.001233,00:00:00.036321]
4 Prepare publishing               	   4483	00:00:03.763189	(00:00:00.000839 +- 00:00:00.000334)	[00:00:00.000065,00:00:00.002774]
6 Visualising                      	   4483	00:00:00.001054	(00:00:00.000000 +- 00:00:00.000000)	[00:00:00.000000,00:00:00.000012]
7 Marginalise                      	   4483	00:00:08.036848	(00:00:00.001793 +- 00:00:00.000780)	[00:00:00.000006,00:00:00.007275]
7.1 check/handle lost              	   4483	00:00:00.133784	(00:00:00.000030 +- 00:00:00.000019)	[00:00:00.000000,00:00:00.000399]
7.2 eliminate IMU frames           	   4483	00:00:03.397773	(00:00:00.000758 +- 00:00:00.000565)	[00:00:00.000000,00:00:00.002678]
7.3 convert to posegraph           	   1593	00:00:01.323173	(00:00:00.000831 +- 00:00:00.000437)	[00:00:00.000095,00:00:00.004546]
7.4 freezing                       	   4482	00:00:00.005291	(00:00:00.000001 +- 00:00:00.000002)	[00:00:00.000000,00:00:00.000031]
7.6 expand                         	   4451	00:00:01.035887	(00:00:00.000233 +- 00:00:00.000133)	[00:00:00.000022,00:00:00.002070]
7.7 prune place recognition frames 	   4482	00:00:01.020614	(00:00:00.000228 +- 00:00:00.000119)	[00:00:00.000005,00:00:00.000825]
I20250111 19:32:31.863838 1022177 okvis_app_synchronous.cpp:219] Progress: 83% (1 [1%/s], ETA: 17s)
I20250111 19:32:33.535754 1022177 okvis_app_synchronous.cpp:210] OKVIS Timing
-----------
1 DetectAndDescribe                	   4538	00:00:08.946279	(00:00:00.001971 +- 00:00:00.000360)	[00:00:00.000948,00:00:00.004747]
2 Match                            	   4538	00:00:35.066569	(00:00:00.007727 +- 00:00:00.003657)	[00:00:00.000235,00:00:00.020543]
2.01 match to map                  	   4537	00:00:26.345999	(00:00:00.005807 +- 00:00:00.003209)	[00:00:00.000051,00:00:00.017442]
2.02 match motion stereo           	   4537	00:00:06.163278	(00:00:00.001358 +- 00:00:00.000450)	[00:00:00.000054,00:00:00.003440]
2.02.1 match motion stereo: prepare	   4537	00:00:01.382469	(00:00:00.000305 +- 00:00:00.000117)	[00:00:00.000001,00:00:00.000954]
2.10 match stereo                  	   1307	00:00:00.050146	(00:00:00.000038 +- 00:00:00.000042)	[00:00:00.000001,00:00:00.000431]
3 Optimise                         	   4537	00:01:09.163047	(00:00:00.015244 +- 00:00:00.005634)	[00:00:00.001233,00:00:00.036321]
4 Prepare publishing               	   4537	00:00:03.828302	(00:00:00.000844 +- 00:00:00.000335)	[00:00:00.000065,00:00:00.002774]
6 Visualising                      	   4537	00:00:00.001071	(00:00:00.000000 +- 00:00:00.000000)	[00:00:00.000000,00:00:00.000012]
7 Marginalise                      	   4537	00:00:08.169060	(00:00:00.001801 +- 00:00:00.000781)	[00:00:00.000006,00:00:00.007275]
7.1 check/handle lost              	   4537	00:00:00.135916	(00:00:00.000030 +- 00:00:00.000019)	[00:00:00.000000,00:00:00.000399]
7.2 eliminate IMU frames           	   4537	00:00:03.464872	(00:00:00.000764 +- 00:00:00.000567)	[00:00:00.000000,00:00:00.002678]
7.3 convert to posegraph           	   1600	00:00:01.332458	(00:00:00.000833 +- 00:00:00.000438)	[00:00:00.000095,00:00:00.004546]
7.4 freezing                       	   4536	00:00:00.005325	(00:00:00.000001 +- 00:00:00.000002)	[00:00:00.000000,00:00:00.000031]
7.6 expand                         	   4505	00:00:01.051590	(00:00:00.000233 +- 00:00:00.000132)	[00:00:00.000022,00:00:00.002070]
7.7 prune place recognition frames 	   4536	00:00:01.040612	(00:00:00.000229 +- 00:00:00.000120)	[00:00:00.000005,00:00:00.000825]
I20250111 19:32:33.535885 1022177 okvis_app_synchronous.cpp:219] Progress: 84% (1 [1%/s], ETA: 16s)
W20250111 19:32:34.935340 1022177 ImuError.cpp:650] gyr saturation
W20250111 19:32:34.935403 1022177 ImuError.cpp:650] gyr saturation
W20250111 19:32:34.935415 1022177 ImuError.cpp:650] gyr saturation
W20250111 19:32:34.935461 1022177 ImuError.cpp:650] gyr saturation
W20250111 19:32:34.935467 1022177 ImuError.cpp:650] gyr saturation
W20250111 19:32:34.935473 1022177 ImuError.cpp:650] gyr saturation
W20250111 19:32:34.935479 1022177 ImuError.cpp:650] gyr saturation
W20250111 19:32:34.935484 1022177 ImuError.cpp:650] gyr saturation
W20250111 19:32:34.935489 1022177 ImuError.cpp:650] gyr saturation
W20250111 19:32:34.935494 1022177 ImuError.cpp:650] gyr saturation
W20250111 19:32:34.935500 1022177 ImuError.cpp:650] gyr saturation
W20250111 19:32:34.935505 1022177 ImuError.cpp:650] gyr saturation
W20250111 19:32:34.935510 1022177 ImuError.cpp:650] gyr saturation
W20250111 19:32:34.935515 1022177 ImuError.cpp:650] gyr saturation
W20250111 19:32:34.935521 1022177 ImuError.cpp:650] gyr saturation
W20250111 19:32:34.948135 1022177 ImuError.cpp:650] gyr saturation
W20250111 19:32:34.948194 1022177 ImuError.cpp:650] gyr saturation
W20250111 19:32:34.948201 1022177 ImuError.cpp:650] gyr saturation
W20250111 19:32:34.948210 1022177 ImuError.cpp:650] gyr saturation
W20250111 19:32:34.948217 1022177 ImuError.cpp:650] gyr saturation
W20250111 19:32:34.948226 1022177 ImuError.cpp:650] gyr saturation
W20250111 19:32:34.948233 1022177 ImuError.cpp:650] gyr saturation
W20250111 19:32:34.948239 1022177 ImuError.cpp:650] gyr saturation
W20250111 19:32:34.948246 1022177 ImuError.cpp:650] gyr saturation
W20250111 19:32:34.948251 1022177 ImuError.cpp:650] gyr saturation
W20250111 19:32:34.948256 1022177 ImuError.cpp:650] gyr saturation
W20250111 19:32:34.948262 1022177 ImuError.cpp:650] gyr saturation
W20250111 19:32:34.948267 1022177 ImuError.cpp:650] gyr saturation
W20250111 19:32:34.948273 1022177 ImuError.cpp:650] gyr saturation
W20250111 19:32:34.948279 1022177 ImuError.cpp:650] gyr saturation
W20250111 19:32:34.948513 1022177 ImuError.cpp:650] gyr saturation
W20250111 19:32:34.948524 1022177 ImuError.cpp:650] gyr saturation
W20250111 19:32:34.948529 1022177 ImuError.cpp:650] gyr saturation
W20250111 19:32:34.948534 1022177 ImuError.cpp:650] gyr saturation
W20250111 19:32:34.948542 1022177 ImuError.cpp:650] gyr saturation
W20250111 19:32:34.948547 1022177 ImuError.cpp:650] gyr saturation
W20250111 19:32:34.948554 1022177 ImuError.cpp:650] gyr saturation
W20250111 19:32:34.948559 1022177 ImuError.cpp:650] gyr saturation
W20250111 19:32:34.948565 1022177 ImuError.cpp:650] gyr saturation
W20250111 19:32:34.948570 1022177 ImuError.cpp:650] gyr saturation
W20250111 19:32:34.948575 1022177 ImuError.cpp:650] gyr saturation
W20250111 19:32:34.948581 1022177 ImuError.cpp:650] gyr saturation
W20250111 19:32:34.948587 1022177 ImuError.cpp:650] gyr saturation
W20250111 19:32:34.948592 1022177 ImuError.cpp:650] gyr saturation
W20250111 19:32:34.948598 1022177 ImuError.cpp:650] gyr saturation
W20250111 19:32:34.954545 1022177 ImuError.cpp:368] gyr saturation
W20250111 19:32:34.954653 1022177 ImuError.cpp:368] gyr saturation
W20250111 19:32:34.954665 1022177 ImuError.cpp:368] gyr saturation
W20250111 19:32:34.954676 1022177 ImuError.cpp:368] gyr saturation
W20250111 19:32:34.954686 1022177 ImuError.cpp:368] gyr saturation
W20250111 19:32:34.954696 1022177 ImuError.cpp:368] gyr saturation
W20250111 19:32:34.954705 1022177 ImuError.cpp:368] gyr saturation
W20250111 19:32:34.954726 1022177 ImuError.cpp:368] gyr saturation
W20250111 19:32:34.954737 1022177 ImuError.cpp:368] gyr saturation
W20250111 19:32:34.954747 1022177 ImuError.cpp:368] gyr saturation
W20250111 19:32:34.954756 1022177 ImuError.cpp:368] gyr saturation
W20250111 19:32:34.954766 1022177 ImuError.cpp:368] gyr saturation
W20250111 19:32:34.954777 1022177 ImuError.cpp:368] gyr saturation
W20250111 19:32:34.954787 1022177 ImuError.cpp:368] gyr saturation
W20250111 19:32:34.954797 1022177 ImuError.cpp:368] gyr saturation
W20250111 19:32:34.963436 1022177 ImuError.cpp:650] gyr saturation
W20250111 19:32:34.963492 1022177 ImuError.cpp:650] gyr saturation
W20250111 19:32:34.963500 1022177 ImuError.cpp:650] gyr saturation
W20250111 19:32:34.963506 1022177 ImuError.cpp:650] gyr saturation
W20250111 19:32:34.963526 1022177 ImuError.cpp:650] gyr saturation
W20250111 19:32:34.963532 1022177 ImuError.cpp:650] gyr saturation
W20250111 19:32:34.963538 1022177 ImuError.cpp:650] gyr saturation
W20250111 19:32:34.963543 1022177 ImuError.cpp:650] gyr saturation
W20250111 19:32:34.963549 1022177 ImuError.cpp:650] gyr saturation
W20250111 19:32:34.963554 1022177 ImuError.cpp:650] gyr saturation
W20250111 19:32:34.963559 1022177 ImuError.cpp:650] gyr saturation
W20250111 19:32:34.963564 1022177 ImuError.cpp:650] gyr saturation
W20250111 19:32:34.963570 1022177 ImuError.cpp:650] gyr saturation
W20250111 19:32:34.963575 1022177 ImuError.cpp:650] gyr saturation
W20250111 19:32:34.963580 1022177 ImuError.cpp:650] gyr saturation
W20250111 19:32:34.963585 1022177 ImuError.cpp:650] gyr saturation
W20250111 19:32:34.963591 1022177 ImuError.cpp:650] gyr saturation
W20250111 19:32:34.963596 1022177 ImuError.cpp:650] gyr saturation
W20250111 19:32:34.963601 1022177 ImuError.cpp:650] gyr saturation
W20250111 19:32:34.963606 1022177 ImuError.cpp:650] gyr saturation
W20250111 19:32:34.963613 1022177 ImuError.cpp:650] gyr saturation
W20250111 19:32:34.963618 1022177 ImuError.cpp:650] gyr saturation
W20250111 19:32:34.963622 1022177 ImuError.cpp:650] gyr saturation
W20250111 19:32:34.963634 1022177 ImuError.cpp:650] gyr saturation
W20250111 19:32:34.963640 1022177 ImuError.cpp:650] gyr saturation
W20250111 19:32:34.963646 1022177 ImuError.cpp:650] gyr saturation
W20250111 19:32:34.963651 1022177 ImuError.cpp:650] gyr saturation
W20250111 19:32:34.963656 1022177 ImuError.cpp:650] gyr saturation
W20250111 19:32:34.963662 1022177 ImuError.cpp:650] gyr saturation
W20250111 19:32:34.963667 1022177 ImuError.cpp:650] gyr saturation
W20250111 19:32:34.979040 1022177 ImuError.cpp:650] gyr saturation
W20250111 19:32:34.979102 1022177 ImuError.cpp:650] gyr saturation
W20250111 19:32:34.979110 1022177 ImuError.cpp:650] gyr saturation
W20250111 19:32:34.979115 1022177 ImuError.cpp:650] gyr saturation
W20250111 19:32:34.979120 1022177 ImuError.cpp:650] gyr saturation
W20250111 19:32:34.979125 1022177 ImuError.cpp:650] gyr saturation
W20250111 19:32:34.979131 1022177 ImuError.cpp:650] gyr saturation
W20250111 19:32:34.979136 1022177 ImuError.cpp:650] gyr saturation
W20250111 19:32:34.979141 1022177 ImuError.cpp:650] gyr saturation
W20250111 19:32:34.979147 1022177 ImuError.cpp:650] gyr saturation
W20250111 19:32:34.979152 1022177 ImuError.cpp:650] gyr saturation
W20250111 19:32:34.979157 1022177 ImuError.cpp:650] gyr saturation
W20250111 19:32:34.979162 1022177 ImuError.cpp:650] gyr saturation
W20250111 19:32:34.979167 1022177 ImuError.cpp:650] gyr saturation
W20250111 19:32:34.979173 1022177 ImuError.cpp:650] gyr saturation
W20250111 19:32:34.979178 1022177 ImuError.cpp:650] gyr saturation
W20250111 19:32:34.979650 1022177 ImuError.cpp:650] gyr saturation
W20250111 19:32:34.979666 1022177 ImuError.cpp:650] gyr saturation
W20250111 19:32:34.979672 1022177 ImuError.cpp:650] gyr saturation
W20250111 19:32:34.979677 1022177 ImuError.cpp:650] gyr saturation
W20250111 19:32:34.979683 1022177 ImuError.cpp:650] gyr saturation
W20250111 19:32:34.979689 1022177 ImuError.cpp:650] gyr saturation
W20250111 19:32:34.979694 1022177 ImuError.cpp:650] gyr saturation
W20250111 19:32:34.979709 1022177 ImuError.cpp:650] gyr saturation
W20250111 19:32:34.979717 1022177 ImuError.cpp:650] gyr saturation
W20250111 19:32:34.979722 1022177 ImuError.cpp:650] gyr saturation
W20250111 19:32:34.979727 1022177 ImuError.cpp:650] gyr saturation
W20250111 19:32:34.979732 1022177 ImuError.cpp:650] gyr saturation
W20250111 19:32:34.979737 1022177 ImuError.cpp:650] gyr saturation
W20250111 19:32:34.979743 1022177 ImuError.cpp:650] gyr saturation
W20250111 19:32:34.979748 1022177 ImuError.cpp:650] gyr saturation
W20250111 19:32:34.979753 1022177 ImuError.cpp:650] gyr saturation
W20250111 19:32:34.984941 1022177 ImuError.cpp:368] gyr saturation
W20250111 19:32:34.985028 1022177 ImuError.cpp:368] gyr saturation
W20250111 19:32:34.985039 1022177 ImuError.cpp:368] gyr saturation
W20250111 19:32:34.985064 1022177 ImuError.cpp:368] gyr saturation
W20250111 19:32:34.985075 1022177 ImuError.cpp:368] gyr saturation
W20250111 19:32:34.985085 1022177 ImuError.cpp:368] gyr saturation
W20250111 19:32:34.985096 1022177 ImuError.cpp:368] gyr saturation
W20250111 19:32:34.985106 1022177 ImuError.cpp:368] gyr saturation
W20250111 19:32:34.985116 1022177 ImuError.cpp:368] gyr saturation
W20250111 19:32:34.985126 1022177 ImuError.cpp:368] gyr saturation
W20250111 19:32:34.985137 1022177 ImuError.cpp:368] gyr saturation
W20250111 19:32:34.985148 1022177 ImuError.cpp:368] gyr saturation
W20250111 19:32:34.985160 1022177 ImuError.cpp:368] gyr saturation
W20250111 19:32:34.985172 1022177 ImuError.cpp:368] gyr saturation
W20250111 19:32:34.985181 1022177 ImuError.cpp:368] gyr saturation
W20250111 19:32:34.985193 1022177 ImuError.cpp:368] gyr saturation
W20250111 19:32:34.993882 1022177 ImuError.cpp:650] gyr saturation
W20250111 19:32:34.993944 1022177 ImuError.cpp:650] gyr saturation
W20250111 19:32:34.993952 1022177 ImuError.cpp:650] gyr saturation
W20250111 19:32:34.993958 1022177 ImuError.cpp:650] gyr saturation
W20250111 19:32:34.993963 1022177 ImuError.cpp:650] gyr saturation
W20250111 19:32:34.993968 1022177 ImuError.cpp:650] gyr saturation
W20250111 19:32:34.993973 1022177 ImuError.cpp:650] gyr saturation
W20250111 19:32:34.993978 1022177 ImuError.cpp:650] gyr saturation
W20250111 19:32:34.993984 1022177 ImuError.cpp:650] gyr saturation
W20250111 19:32:34.993990 1022177 ImuError.cpp:650] gyr saturation
W20250111 19:32:34.993995 1022177 ImuError.cpp:650] gyr saturation
W20250111 19:32:34.994001 1022177 ImuError.cpp:650] gyr saturation
W20250111 19:32:34.994006 1022177 ImuError.cpp:650] gyr saturation
W20250111 19:32:34.994011 1022177 ImuError.cpp:650] gyr saturation
W20250111 19:32:34.994016 1022177 ImuError.cpp:650] gyr saturation
W20250111 19:32:34.994024 1022177 ImuError.cpp:650] gyr saturation
W20250111 19:32:35.047488 1022177 Frontend.cpp:612] 3d2d tracking weak: quality=0. Number of 3d2d-matches: 9
W20250111 19:32:35.074244 1022177 Frontend.cpp:612] 3d2d tracking weak: quality=0. Number of 3d2d-matches: 6
W20250111 19:32:35.088925 1307715 ViSlamBackend.cpp:466] TRACKING FAILURE: quality=0
W20250111 19:32:35.091390 1022177 Frontend.cpp:615] 3d2d tracking lost. Number of 3d2d-matches: 2
W20250111 19:32:35.108986 1307789 ViSlamBackend.cpp:466] TRACKING FAILURE: quality=0
W20250111 19:32:35.120651 1022177 Frontend.cpp:612] 3d2d tracking weak: quality=0. Number of 3d2d-matches: 4
W20250111 19:32:35.136166 1022177 Frontend.cpp:612] 3d2d tracking weak: quality=0. Number of 3d2d-matches: 8
I20250111 19:32:35.267459 1022177 okvis_app_synchronous.cpp:210] OKVIS Timing
-----------
1 DetectAndDescribe                	   4592	00:00:09.054367	(00:00:00.001972 +- 00:00:00.000360)	[00:00:00.000948,00:00:00.004747]
2 Match                            	   4592	00:00:35.635754	(00:00:00.007760 +- 00:00:00.003678)	[00:00:00.000235,00:00:00.020543]
2.01 match to map                  	   4591	00:00:26.800081	(00:00:00.005838 +- 00:00:00.003231)	[00:00:00.000051,00:00:00.017507]
2.02 match motion stereo           	   4591	00:00:06.242949	(00:00:00.001360 +- 00:00:00.000450)	[00:00:00.000054,00:00:00.003440]
2.02.1 match motion stereo: prepare	   4591	00:00:01.402121	(00:00:00.000305 +- 00:00:00.000118)	[00:00:00.000001,00:00:00.000954]
2.10 match stereo                  	   1330	00:00:00.051048	(00:00:00.000038 +- 00:00:00.000042)	[00:00:00.000001,00:00:00.000431]
3 Optimise                         	   4591	00:01:10.115855	(00:00:00.015272 +- 00:00:00.005627)	[00:00:00.001233,00:00:00.036321]
4 Prepare publishing               	   4591	00:00:03.892939	(00:00:00.000848 +- 00:00:00.000339)	[00:00:00.000065,00:00:00.002774]
6 Visualising                      	   4591	00:00:00.001085	(00:00:00.000000 +- 00:00:00.000000)	[00:00:00.000000,00:00:00.000012]
7 Marginalise                      	   4591	00:00:08.304636	(00:00:00.001809 +- 00:00:00.000788)	[00:00:00.000006,00:00:00.007275]
7.1 check/handle lost              	   4591	00:00:00.138227	(00:00:00.000030 +- 00:00:00.000019)	[00:00:00.000000,00:00:00.000399]
7.2 eliminate IMU frames           	   4591	00:00:03.511561	(00:00:00.000765 +- 00:00:00.000571)	[00:00:00.000000,00:00:00.002678]
7.3 convert to posegraph           	   1626	00:00:01.362351	(00:00:00.000838 +- 00:00:00.000443)	[00:00:00.000095,00:00:00.004546]
7.4 freezing                       	   4590	00:00:00.005417	(00:00:00.000001 +- 00:00:00.000002)	[00:00:00.000000,00:00:00.000031]
7.6 expand                         	   4559	00:00:01.069641	(00:00:00.000235 +- 00:00:00.000133)	[00:00:00.000022,00:00:00.002070]
7.7 prune place recognition frames 	   4590	00:00:01.059931	(00:00:00.000231 +- 00:00:00.000121)	[00:00:00.000005,00:00:00.000825]
I20250111 19:32:35.267575 1022177 okvis_app_synchronous.cpp:219] Progress: 85% (1 [1%/s], ETA: 15s)
W20250111 19:32:35.827029 1022177 ImuError.cpp:650] gyr saturation
W20250111 19:32:35.827067 1022177 ImuError.cpp:650] gyr saturation
W20250111 19:32:35.827072 1022177 ImuError.cpp:650] gyr saturation
W20250111 19:32:35.827075 1022177 ImuError.cpp:650] gyr saturation
W20250111 19:32:35.827078 1022177 ImuError.cpp:650] gyr saturation
W20250111 19:32:35.827083 1022177 ImuError.cpp:650] gyr saturation
W20250111 19:32:35.827086 1022177 ImuError.cpp:650] gyr saturation
W20250111 19:32:35.827090 1022177 ImuError.cpp:650] gyr saturation
W20250111 19:32:35.827095 1022177 ImuError.cpp:650] gyr saturation
W20250111 19:32:35.827104 1022177 ImuError.cpp:650] gyr saturation
W20250111 19:32:35.827111 1022177 ImuError.cpp:650] gyr saturation
W20250111 19:32:35.827113 1022177 ImuError.cpp:650] gyr saturation
W20250111 19:32:35.827117 1022177 ImuError.cpp:650] gyr saturation
W20250111 19:32:35.827121 1022177 ImuError.cpp:650] gyr saturation
W20250111 19:32:35.827124 1022177 ImuError.cpp:650] gyr saturation
W20250111 19:32:35.827127 1022177 ImuError.cpp:650] gyr saturation
W20250111 19:32:35.827131 1022177 ImuError.cpp:650] gyr saturation
W20250111 19:32:35.827134 1022177 ImuError.cpp:650] gyr saturation
W20250111 19:32:35.827138 1022177 ImuError.cpp:650] gyr saturation
W20250111 19:32:35.827142 1022177 ImuError.cpp:650] gyr saturation
W20250111 19:32:35.827145 1022177 ImuError.cpp:650] gyr saturation
W20250111 19:32:35.827149 1022177 ImuError.cpp:650] gyr saturation
W20250111 19:32:35.827153 1022177 ImuError.cpp:650] gyr saturation
W20250111 19:32:35.827157 1022177 ImuError.cpp:650] gyr saturation
W20250111 19:32:35.827160 1022177 ImuError.cpp:650] gyr saturation
W20250111 19:32:35.827164 1022177 ImuError.cpp:650] gyr saturation
W20250111 19:32:35.827167 1022177 ImuError.cpp:650] gyr saturation
W20250111 19:32:35.827170 1022177 ImuError.cpp:650] gyr saturation
W20250111 19:32:35.827174 1022177 ImuError.cpp:650] gyr saturation
W20250111 19:32:35.827178 1022177 ImuError.cpp:650] gyr saturation
W20250111 19:32:35.847298 1022177 ImuError.cpp:650] gyr saturation
W20250111 19:32:35.847322 1022177 ImuError.cpp:650] gyr saturation
W20250111 19:32:35.847326 1022177 ImuError.cpp:650] gyr saturation
W20250111 19:32:35.847329 1022177 ImuError.cpp:650] gyr saturation
W20250111 19:32:35.847334 1022177 ImuError.cpp:650] gyr saturation
W20250111 19:32:35.847337 1022177 ImuError.cpp:650] gyr saturation
W20250111 19:32:35.847340 1022177 ImuError.cpp:650] gyr saturation
W20250111 19:32:35.847344 1022177 ImuError.cpp:650] gyr saturation
W20250111 19:32:35.847347 1022177 ImuError.cpp:650] gyr saturation
W20250111 19:32:35.847352 1022177 ImuError.cpp:650] gyr saturation
W20250111 19:32:35.847355 1022177 ImuError.cpp:650] gyr saturation
W20250111 19:32:35.847360 1022177 ImuError.cpp:650] gyr saturation
W20250111 19:32:35.847366 1022177 ImuError.cpp:650] gyr saturation
W20250111 19:32:35.847370 1022177 ImuError.cpp:650] gyr saturation
W20250111 19:32:35.847374 1022177 ImuError.cpp:650] gyr saturation
W20250111 19:32:35.847379 1022177 ImuError.cpp:650] gyr saturation
W20250111 19:32:35.847383 1022177 ImuError.cpp:650] gyr saturation
W20250111 19:32:35.847388 1022177 ImuError.cpp:650] gyr saturation
W20250111 19:32:35.847390 1022177 ImuError.cpp:650] gyr saturation
W20250111 19:32:35.847401 1022177 ImuError.cpp:650] gyr saturation
W20250111 19:32:35.847405 1022177 ImuError.cpp:650] gyr saturation
W20250111 19:32:35.847411 1022177 ImuError.cpp:650] gyr saturation
W20250111 19:32:35.847417 1022177 ImuError.cpp:650] gyr saturation
W20250111 19:32:35.847421 1022177 ImuError.cpp:650] gyr saturation
W20250111 19:32:35.847425 1022177 ImuError.cpp:650] gyr saturation
W20250111 19:32:35.847430 1022177 ImuError.cpp:650] gyr saturation
W20250111 19:32:35.847434 1022177 ImuError.cpp:650] gyr saturation
W20250111 19:32:35.847440 1022177 ImuError.cpp:650] gyr saturation
W20250111 19:32:35.847443 1022177 ImuError.cpp:650] gyr saturation
W20250111 19:32:35.847448 1022177 ImuError.cpp:650] gyr saturation
W20250111 19:32:35.847512 1022177 ImuError.cpp:650] gyr saturation
W20250111 19:32:35.847517 1022177 ImuError.cpp:650] gyr saturation
W20250111 19:32:35.847522 1022177 ImuError.cpp:650] gyr saturation
W20250111 19:32:35.847527 1022177 ImuError.cpp:650] gyr saturation
W20250111 19:32:35.847532 1022177 ImuError.cpp:650] gyr saturation
W20250111 19:32:35.847536 1022177 ImuError.cpp:650] gyr saturation
W20250111 19:32:35.847540 1022177 ImuError.cpp:650] gyr saturation
W20250111 19:32:35.847545 1022177 ImuError.cpp:650] gyr saturation
W20250111 19:32:35.847549 1022177 ImuError.cpp:650] gyr saturation
W20250111 19:32:35.847555 1022177 ImuError.cpp:650] gyr saturation
W20250111 19:32:35.847560 1022177 ImuError.cpp:650] gyr saturation
W20250111 19:32:35.847566 1022177 ImuError.cpp:650] gyr saturation
W20250111 19:32:35.847570 1022177 ImuError.cpp:650] gyr saturation
W20250111 19:32:35.847574 1022177 ImuError.cpp:650] gyr saturation
W20250111 19:32:35.847579 1022177 ImuError.cpp:650] gyr saturation
W20250111 19:32:35.847582 1022177 ImuError.cpp:650] gyr saturation
W20250111 19:32:35.847586 1022177 ImuError.cpp:650] gyr saturation
W20250111 19:32:35.847590 1022177 ImuError.cpp:650] gyr saturation
W20250111 19:32:35.847594 1022177 ImuError.cpp:650] gyr saturation
W20250111 19:32:35.847599 1022177 ImuError.cpp:650] gyr saturation
W20250111 19:32:35.847604 1022177 ImuError.cpp:650] gyr saturation
W20250111 19:32:35.847607 1022177 ImuError.cpp:650] gyr saturation
W20250111 19:32:35.847612 1022177 ImuError.cpp:650] gyr saturation
W20250111 19:32:35.847618 1022177 ImuError.cpp:650] gyr saturation
W20250111 19:32:35.847622 1022177 ImuError.cpp:650] gyr saturation
W20250111 19:32:35.847627 1022177 ImuError.cpp:650] gyr saturation
W20250111 19:32:35.847633 1022177 ImuError.cpp:650] gyr saturation
W20250111 19:32:35.847638 1022177 ImuError.cpp:650] gyr saturation
W20250111 19:32:35.847642 1022177 ImuError.cpp:650] gyr saturation
W20250111 19:32:35.847647 1022177 ImuError.cpp:650] gyr saturation
W20250111 19:32:35.850315 1022177 ImuError.cpp:368] gyr saturation
W20250111 19:32:35.850349 1022177 ImuError.cpp:368] gyr saturation
W20250111 19:32:35.850358 1022177 ImuError.cpp:368] gyr saturation
W20250111 19:32:35.850366 1022177 ImuError.cpp:368] gyr saturation
W20250111 19:32:35.850374 1022177 ImuError.cpp:368] gyr saturation
W20250111 19:32:35.850382 1022177 ImuError.cpp:368] gyr saturation
W20250111 19:32:35.850389 1022177 ImuError.cpp:368] gyr saturation
W20250111 19:32:35.850396 1022177 ImuError.cpp:368] gyr saturation
W20250111 19:32:35.850404 1022177 ImuError.cpp:368] gyr saturation
W20250111 19:32:35.850411 1022177 ImuError.cpp:368] gyr saturation
W20250111 19:32:35.850419 1022177 ImuError.cpp:368] gyr saturation
W20250111 19:32:35.850428 1022177 ImuError.cpp:368] gyr saturation
W20250111 19:32:35.850435 1022177 ImuError.cpp:368] gyr saturation
W20250111 19:32:35.850445 1022177 ImuError.cpp:368] gyr saturation
W20250111 19:32:35.850452 1022177 ImuError.cpp:368] gyr saturation
W20250111 19:32:35.850461 1022177 ImuError.cpp:368] gyr saturation
W20250111 19:32:35.850469 1022177 ImuError.cpp:368] gyr saturation
W20250111 19:32:35.850477 1022177 ImuError.cpp:368] gyr saturation
W20250111 19:32:35.850486 1022177 ImuError.cpp:368] gyr saturation
W20250111 19:32:35.850493 1022177 ImuError.cpp:368] gyr saturation
W20250111 19:32:35.850508 1022177 ImuError.cpp:368] gyr saturation
W20250111 19:32:35.850517 1022177 ImuError.cpp:368] gyr saturation
W20250111 19:32:35.850524 1022177 ImuError.cpp:368] gyr saturation
W20250111 19:32:35.850533 1022177 ImuError.cpp:368] gyr saturation
W20250111 19:32:35.850543 1022177 ImuError.cpp:368] gyr saturation
W20250111 19:32:35.850549 1022177 ImuError.cpp:368] gyr saturation
W20250111 19:32:35.850558 1022177 ImuError.cpp:368] gyr saturation
W20250111 19:32:35.850566 1022177 ImuError.cpp:368] gyr saturation
W20250111 19:32:35.850575 1022177 ImuError.cpp:368] gyr saturation
W20250111 19:32:35.850584 1022177 ImuError.cpp:368] gyr saturation
W20250111 19:32:35.854207 1022177 ImuError.cpp:650] gyr saturation
W20250111 19:32:35.854235 1022177 ImuError.cpp:650] gyr saturation
W20250111 19:32:35.854239 1022177 ImuError.cpp:650] gyr saturation
W20250111 19:32:35.854243 1022177 ImuError.cpp:650] gyr saturation
W20250111 19:32:35.854246 1022177 ImuError.cpp:650] gyr saturation
W20250111 19:32:35.854251 1022177 ImuError.cpp:650] gyr saturation
W20250111 19:32:35.854254 1022177 ImuError.cpp:650] gyr saturation
W20250111 19:32:35.854259 1022177 ImuError.cpp:650] gyr saturation
W20250111 19:32:35.854262 1022177 ImuError.cpp:650] gyr saturation
W20250111 19:32:35.854270 1022177 ImuError.cpp:650] gyr saturation
W20250111 19:32:35.854274 1022177 ImuError.cpp:650] gyr saturation
W20250111 19:32:35.854278 1022177 ImuError.cpp:650] gyr saturation
W20250111 19:32:35.854287 1022177 ImuError.cpp:650] gyr saturation
W20250111 19:32:35.854290 1022177 ImuError.cpp:650] gyr saturation
W20250111 19:32:35.854295 1022177 ImuError.cpp:650] gyr saturation
W20250111 19:32:35.854297 1022177 ImuError.cpp:650] gyr saturation
W20250111 19:32:35.854300 1022177 ImuError.cpp:650] gyr saturation
W20250111 19:32:35.854305 1022177 ImuError.cpp:650] gyr saturation
W20250111 19:32:35.854307 1022177 ImuError.cpp:650] gyr saturation
W20250111 19:32:35.854310 1022177 ImuError.cpp:650] gyr saturation
W20250111 19:32:35.854314 1022177 ImuError.cpp:650] gyr saturation
W20250111 19:32:35.854317 1022177 ImuError.cpp:650] gyr saturation
W20250111 19:32:35.854321 1022177 ImuError.cpp:650] gyr saturation
W20250111 19:32:35.854324 1022177 ImuError.cpp:650] gyr saturation
W20250111 19:32:35.854328 1022177 ImuError.cpp:650] gyr saturation
W20250111 19:32:35.854331 1022177 ImuError.cpp:650] gyr saturation
W20250111 19:32:35.854336 1022177 ImuError.cpp:650] gyr saturation
W20250111 19:32:35.854338 1022177 ImuError.cpp:650] gyr saturation
W20250111 19:32:35.854341 1022177 ImuError.cpp:650] gyr saturation
W20250111 19:32:35.854346 1022177 ImuError.cpp:650] gyr saturation
W20250111 19:32:35.854349 1022177 ImuError.cpp:650] gyr saturation
W20250111 19:32:35.854353 1022177 ImuError.cpp:650] gyr saturation
W20250111 19:32:35.854357 1022177 ImuError.cpp:650] gyr saturation
W20250111 19:32:35.854360 1022177 ImuError.cpp:650] gyr saturation
W20250111 19:32:35.854363 1022177 ImuError.cpp:650] gyr saturation
W20250111 19:32:35.854369 1022177 ImuError.cpp:650] gyr saturation
W20250111 19:32:35.854373 1022177 ImuError.cpp:650] gyr saturation
W20250111 19:32:35.854377 1022177 ImuError.cpp:650] gyr saturation
W20250111 19:32:35.869334 1022177 ImuError.cpp:650] gyr saturation
W20250111 19:32:35.869367 1022177 ImuError.cpp:650] gyr saturation
W20250111 19:32:35.869372 1022177 ImuError.cpp:650] gyr saturation
W20250111 19:32:35.869376 1022177 ImuError.cpp:650] gyr saturation
W20250111 19:32:35.869380 1022177 ImuError.cpp:650] gyr saturation
W20250111 19:32:35.869383 1022177 ImuError.cpp:650] gyr saturation
W20250111 19:32:35.869386 1022177 ImuError.cpp:650] gyr saturation
W20250111 19:32:35.869390 1022177 ImuError.cpp:650] gyr saturation
W20250111 19:32:35.869392 1022177 ImuError.cpp:650] gyr saturation
W20250111 19:32:35.869455 1022177 ImuError.cpp:650] gyr saturation
W20250111 19:32:35.869460 1022177 ImuError.cpp:650] gyr saturation
W20250111 19:32:35.869463 1022177 ImuError.cpp:650] gyr saturation
W20250111 19:32:35.869468 1022177 ImuError.cpp:650] gyr saturation
W20250111 19:32:35.869480 1022177 ImuError.cpp:650] gyr saturation
W20250111 19:32:35.869484 1022177 ImuError.cpp:650] gyr saturation
W20250111 19:32:35.869490 1022177 ImuError.cpp:650] gyr saturation
W20250111 19:32:35.869493 1022177 ImuError.cpp:650] gyr saturation
W20250111 19:32:35.869498 1022177 ImuError.cpp:650] gyr saturation
W20250111 19:32:35.872051 1022177 ImuError.cpp:368] gyr saturation
W20250111 19:32:35.872087 1022177 ImuError.cpp:368] gyr saturation
W20250111 19:32:35.872097 1022177 ImuError.cpp:368] gyr saturation
W20250111 19:32:35.872107 1022177 ImuError.cpp:368] gyr saturation
W20250111 19:32:35.872121 1022177 ImuError.cpp:368] gyr saturation
W20250111 19:32:35.872129 1022177 ImuError.cpp:368] gyr saturation
W20250111 19:32:35.872136 1022177 ImuError.cpp:368] gyr saturation
W20250111 19:32:35.872144 1022177 ImuError.cpp:368] gyr saturation
W20250111 19:32:35.872152 1022177 ImuError.cpp:368] gyr saturation
W20250111 19:32:35.875736 1022177 ImuError.cpp:650] gyr saturation
W20250111 19:32:35.875764 1022177 ImuError.cpp:650] gyr saturation
W20250111 19:32:35.875771 1022177 ImuError.cpp:650] gyr saturation
W20250111 19:32:35.875775 1022177 ImuError.cpp:650] gyr saturation
W20250111 19:32:35.875780 1022177 ImuError.cpp:650] gyr saturation
W20250111 19:32:35.875785 1022177 ImuError.cpp:650] gyr saturation
W20250111 19:32:35.875789 1022177 ImuError.cpp:650] gyr saturation
W20250111 19:32:35.875793 1022177 ImuError.cpp:650] gyr saturation
W20250111 19:32:35.875804 1022177 ImuError.cpp:650] gyr saturation
I20250111 19:32:35.917519 1022177 Frontend.cpp:2274] RANSAC FAIL: 59 inliers, ratio = 0.694118
W20250111 19:32:35.949579 1309909 ImuError.cpp:165] gyr saturation
W20250111 19:32:35.949680 1309909 ImuError.cpp:165] gyr saturation
W20250111 19:32:35.949697 1309909 ImuError.cpp:165] gyr saturation
W20250111 19:32:35.949707 1309909 ImuError.cpp:165] gyr saturation
W20250111 19:32:35.949717 1309909 ImuError.cpp:165] gyr saturation
W20250111 19:32:35.949728 1309909 ImuError.cpp:165] gyr saturation
W20250111 19:32:35.949738 1309909 ImuError.cpp:165] gyr saturation
W20250111 19:32:35.949749 1309909 ImuError.cpp:165] gyr saturation
W20250111 19:32:35.949760 1309909 ImuError.cpp:165] gyr saturation
W20250111 19:32:35.950102 1309909 ImuError.cpp:165] gyr saturation
W20250111 19:32:35.950117 1309909 ImuError.cpp:165] gyr saturation
W20250111 19:32:35.950129 1309909 ImuError.cpp:165] gyr saturation
W20250111 19:32:35.950138 1309909 ImuError.cpp:165] gyr saturation
W20250111 19:32:35.950150 1309909 ImuError.cpp:165] gyr saturation
W20250111 19:32:35.950160 1309909 ImuError.cpp:165] gyr saturation
W20250111 19:32:35.950172 1309909 ImuError.cpp:165] gyr saturation
W20250111 19:32:35.950183 1309909 ImuError.cpp:165] gyr saturation
W20250111 19:32:35.950194 1309909 ImuError.cpp:165] gyr saturation
I20250111 19:32:36.959363 1022177 okvis_app_synchronous.cpp:210] OKVIS Timing
-----------
1 DetectAndDescribe                	   4646	00:00:09.152371	(00:00:00.001970 +- 00:00:00.000361)	[00:00:00.000948,00:00:00.004747]
2 Match                            	   4646	00:00:36.210599	(00:00:00.007794 +- 00:00:00.003706)	[00:00:00.000235,00:00:00.020543]
2.01 match to map                  	   4645	00:00:27.285618	(00:00:00.005874 +- 00:00:00.003266)	[00:00:00.000051,00:00:00.017507]
2.02 match motion stereo           	   4645	00:00:06.306497	(00:00:00.001358 +- 00:00:00.000449)	[00:00:00.000054,00:00:00.003440]
2.02.1 match motion stereo: prepare	   4645	00:00:01.416312	(00:00:00.000305 +- 00:00:00.000118)	[00:00:00.000001,00:00:00.000954]
2.10 match stereo                  	   1343	00:00:00.051774	(00:00:00.000039 +- 00:00:00.000043)	[00:00:00.000001,00:00:00.000431]
3 Optimise                         	   4645	00:01:11.095535	(00:00:00.015306 +- 00:00:00.005619)	[00:00:00.001233,00:00:00.036321]
4 Prepare publishing               	   4645	00:00:03.936050	(00:00:00.000847 +- 00:00:00.000338)	[00:00:00.000065,00:00:00.002774]
6 Visualising                      	   4645	00:00:00.001102	(00:00:00.000000 +- 00:00:00.000000)	[00:00:00.000000,00:00:00.000012]
7 Marginalise                      	   4645	00:00:08.390566	(00:00:00.001806 +- 00:00:00.000786)	[00:00:00.000006,00:00:00.007275]
7.1 check/handle lost              	   4645	00:00:00.139687	(00:00:00.000030 +- 00:00:00.000019)	[00:00:00.000000,00:00:00.000399]
7.2 eliminate IMU frames           	   4645	00:00:03.556123	(00:00:00.000766 +- 00:00:00.000570)	[00:00:00.000000,00:00:00.002678]
7.3 convert to posegraph           	   1639	00:00:01.369615	(00:00:00.000836 +- 00:00:00.000442)	[00:00:00.000095,00:00:00.004546]
7.4 freezing                       	   4644	00:00:00.005489	(00:00:00.000001 +- 00:00:00.000002)	[00:00:00.000000,00:00:00.000031]
7.6 expand                         	   4613	00:00:01.079960	(00:00:00.000234 +- 00:00:00.000133)	[00:00:00.000022,00:00:00.002070]
7.7 prune place recognition frames 	   4644	00:00:01.070211	(00:00:00.000230 +- 00:00:00.000121)	[00:00:00.000005,00:00:00.000825]
I20250111 19:32:36.959488 1022177 okvis_app_synchronous.cpp:219] Progress: 86% (1 [1%/s], ETA: 14s)
I20250111 19:32:37.070202 1022177 Frontend.cpp:2274] RANSAC FAIL: 25 inliers, ratio = 0.675676
I20250111 19:32:38.589195 1022177 okvis_app_synchronous.cpp:210] OKVIS Timing
-----------
1 DetectAndDescribe                	   4700	00:00:09.229757	(00:00:00.001964 +- 00:00:00.000364)	[00:00:00.000948,00:00:00.004747]
2 Match                            	   4700	00:00:36.623768	(00:00:00.007792 +- 00:00:00.003686)	[00:00:00.000235,00:00:00.020543]
2.01 match to map                  	   4699	00:00:27.608773	(00:00:00.005875 +- 00:00:00.003248)	[00:00:00.000051,00:00:00.017507]
2.02 match motion stereo           	   4699	00:00:06.371427	(00:00:00.001356 +- 00:00:00.000447)	[00:00:00.000054,00:00:00.003440]
2.02.1 match motion stereo: prepare	   4699	00:00:01.432097	(00:00:00.000305 +- 00:00:00.000117)	[00:00:00.000001,00:00:00.000954]
2.10 match stereo                  	   1351	00:00:00.052104	(00:00:00.000039 +- 00:00:00.000043)	[00:00:00.000001,00:00:00.000431]
3 Optimise                         	   4699	00:01:12.100841	(00:00:00.015344 +- 00:00:00.005607)	[00:00:00.001233,00:00:00.036321]
4 Prepare publishing               	   4699	00:00:03.995402	(00:00:00.000850 +- 00:00:00.000338)	[00:00:00.000065,00:00:00.002774]
6 Visualising                      	   4699	00:00:00.001122	(00:00:00.000000 +- 00:00:00.000000)	[00:00:00.000000,00:00:00.000012]
7 Marginalise                      	   4699	00:00:08.533148	(00:00:00.001816 +- 00:00:00.000794)	[00:00:00.000006,00:00:00.007275]
7.1 check/handle lost              	   4699	00:00:00.141561	(00:00:00.000030 +- 00:00:00.000019)	[00:00:00.000000,00:00:00.000399]
7.2 eliminate IMU frames           	   4699	00:00:03.612679	(00:00:00.000769 +- 00:00:00.000571)	[00:00:00.000000,00:00:00.002678]
7.3 convert to posegraph           	   1663	00:00:01.401854	(00:00:00.000843 +- 00:00:00.000449)	[00:00:00.000095,00:00:00.004546]
7.4 freezing                       	   4698	00:00:00.005563	(00:00:00.000001 +- 00:00:00.000002)	[00:00:00.000000,00:00:00.000031]
7.6 expand                         	   4664	00:00:01.099107	(00:00:00.000236 +- 00:00:00.000137)	[00:00:00.000022,00:00:00.002070]
7.7 prune place recognition frames 	   4698	00:00:01.087020	(00:00:00.000231 +- 00:00:00.000121)	[00:00:00.000005,00:00:00.000825]
I20250111 19:32:38.589285 1022177 okvis_app_synchronous.cpp:219] Progress: 87% (1 [1%/s], ETA: 13s)
I20250111 19:32:39.663492 1022177 Frontend.cpp:2274] RANSAC FAIL: 49 inliers, ratio = 0.7
I20250111 19:32:39.692425 1022177 Frontend.cpp:2274] RANSAC FAIL: 47 inliers, ratio = 0.671429
W20250111 19:32:39.756075 1022177 ImuError.cpp:650] gyr saturation
W20250111 19:32:39.756119 1022177 ImuError.cpp:650] gyr saturation
W20250111 19:32:39.756127 1022177 ImuError.cpp:650] gyr saturation
W20250111 19:32:39.756132 1022177 ImuError.cpp:650] gyr saturation
W20250111 19:32:39.756137 1022177 ImuError.cpp:650] gyr saturation
W20250111 19:32:39.756145 1022177 ImuError.cpp:650] gyr saturation
W20250111 19:32:39.756150 1022177 ImuError.cpp:650] gyr saturation
W20250111 19:32:39.756155 1022177 ImuError.cpp:650] gyr saturation
W20250111 19:32:39.756172 1022177 ImuError.cpp:650] gyr saturation
W20250111 19:32:39.756177 1022177 ImuError.cpp:650] gyr saturation
W20250111 19:32:39.756182 1022177 ImuError.cpp:650] gyr saturation
W20250111 19:32:39.756188 1022177 ImuError.cpp:650] gyr saturation
W20250111 19:32:39.756193 1022177 ImuError.cpp:650] gyr saturation
W20250111 19:32:39.756198 1022177 ImuError.cpp:650] gyr saturation
W20250111 19:32:39.756202 1022177 ImuError.cpp:650] gyr saturation
W20250111 19:32:39.775537 1022177 ImuError.cpp:650] gyr saturation
W20250111 19:32:39.775566 1022177 ImuError.cpp:650] gyr saturation
W20250111 19:32:39.775570 1022177 ImuError.cpp:650] gyr saturation
W20250111 19:32:39.775573 1022177 ImuError.cpp:650] gyr saturation
W20250111 19:32:39.775576 1022177 ImuError.cpp:650] gyr saturation
W20250111 19:32:39.775579 1022177 ImuError.cpp:650] gyr saturation
W20250111 19:32:39.775583 1022177 ImuError.cpp:650] gyr saturation
W20250111 19:32:39.775586 1022177 ImuError.cpp:650] gyr saturation
W20250111 19:32:39.775591 1022177 ImuError.cpp:650] gyr saturation
W20250111 19:32:39.775596 1022177 ImuError.cpp:650] gyr saturation
W20250111 19:32:39.775601 1022177 ImuError.cpp:650] gyr saturation
W20250111 19:32:39.775606 1022177 ImuError.cpp:650] gyr saturation
W20250111 19:32:39.775609 1022177 ImuError.cpp:650] gyr saturation
W20250111 19:32:39.775614 1022177 ImuError.cpp:650] gyr saturation
W20250111 19:32:39.775617 1022177 ImuError.cpp:650] gyr saturation
W20250111 19:32:39.775703 1022177 ImuError.cpp:650] gyr saturation
W20250111 19:32:39.775710 1022177 ImuError.cpp:650] gyr saturation
W20250111 19:32:39.775714 1022177 ImuError.cpp:650] gyr saturation
W20250111 19:32:39.775718 1022177 ImuError.cpp:650] gyr saturation
W20250111 19:32:39.775727 1022177 ImuError.cpp:650] gyr saturation
W20250111 19:32:39.775732 1022177 ImuError.cpp:650] gyr saturation
W20250111 19:32:39.775736 1022177 ImuError.cpp:650] gyr saturation
W20250111 19:32:39.775740 1022177 ImuError.cpp:650] gyr saturation
W20250111 19:32:39.775746 1022177 ImuError.cpp:650] gyr saturation
W20250111 19:32:39.775753 1022177 ImuError.cpp:650] gyr saturation
W20250111 19:32:39.775756 1022177 ImuError.cpp:650] gyr saturation
W20250111 19:32:39.775760 1022177 ImuError.cpp:650] gyr saturation
W20250111 19:32:39.775769 1022177 ImuError.cpp:650] gyr saturation
W20250111 19:32:39.775774 1022177 ImuError.cpp:650] gyr saturation
W20250111 19:32:39.775779 1022177 ImuError.cpp:650] gyr saturation
W20250111 19:32:39.778824 1022177 ImuError.cpp:368] gyr saturation
W20250111 19:32:39.778858 1022177 ImuError.cpp:368] gyr saturation
W20250111 19:32:39.778869 1022177 ImuError.cpp:368] gyr saturation
W20250111 19:32:39.778879 1022177 ImuError.cpp:368] gyr saturation
W20250111 19:32:39.778887 1022177 ImuError.cpp:368] gyr saturation
W20250111 19:32:39.778898 1022177 ImuError.cpp:368] gyr saturation
W20250111 19:32:39.778906 1022177 ImuError.cpp:368] gyr saturation
W20250111 19:32:39.778915 1022177 ImuError.cpp:368] gyr saturation
W20250111 19:32:39.778924 1022177 ImuError.cpp:368] gyr saturation
W20250111 19:32:39.778934 1022177 ImuError.cpp:368] gyr saturation
W20250111 19:32:39.778941 1022177 ImuError.cpp:368] gyr saturation
W20250111 19:32:39.778950 1022177 ImuError.cpp:368] gyr saturation
W20250111 19:32:39.778959 1022177 ImuError.cpp:368] gyr saturation
W20250111 19:32:39.778966 1022177 ImuError.cpp:368] gyr saturation
W20250111 19:32:39.778976 1022177 ImuError.cpp:368] gyr saturation
W20250111 19:32:39.783257 1022177 ImuError.cpp:650] gyr saturation
W20250111 19:32:39.783285 1022177 ImuError.cpp:650] gyr saturation
W20250111 19:32:39.783289 1022177 ImuError.cpp:650] gyr saturation
W20250111 19:32:39.783293 1022177 ImuError.cpp:650] gyr saturation
W20250111 19:32:39.783298 1022177 ImuError.cpp:650] gyr saturation
W20250111 19:32:39.783301 1022177 ImuError.cpp:650] gyr saturation
W20250111 19:32:39.783305 1022177 ImuError.cpp:650] gyr saturation
W20250111 19:32:39.783309 1022177 ImuError.cpp:650] gyr saturation
W20250111 19:32:39.783314 1022177 ImuError.cpp:650] gyr saturation
W20250111 19:32:39.783327 1022177 ImuError.cpp:650] gyr saturation
W20250111 19:32:39.783332 1022177 ImuError.cpp:650] gyr saturation
W20250111 19:32:39.783336 1022177 ImuError.cpp:650] gyr saturation
W20250111 19:32:39.783340 1022177 ImuError.cpp:650] gyr saturation
W20250111 19:32:39.783344 1022177 ImuError.cpp:650] gyr saturation
W20250111 19:32:39.783349 1022177 ImuError.cpp:650] gyr saturation
W20250111 19:32:39.783354 1022177 ImuError.cpp:650] gyr saturation
W20250111 19:32:39.783358 1022177 ImuError.cpp:650] gyr saturation
W20250111 19:32:39.783361 1022177 ImuError.cpp:650] gyr saturation
W20250111 19:32:39.783366 1022177 ImuError.cpp:650] gyr saturation
W20250111 19:32:39.783370 1022177 ImuError.cpp:650] gyr saturation
W20250111 19:32:39.783375 1022177 ImuError.cpp:650] gyr saturation
W20250111 19:32:39.783380 1022177 ImuError.cpp:650] gyr saturation
W20250111 19:32:39.783383 1022177 ImuError.cpp:650] gyr saturation
W20250111 19:32:39.783387 1022177 ImuError.cpp:650] gyr saturation
W20250111 19:32:39.783392 1022177 ImuError.cpp:650] gyr saturation
W20250111 19:32:39.783396 1022177 ImuError.cpp:650] gyr saturation
W20250111 19:32:39.783399 1022177 ImuError.cpp:650] gyr saturation
W20250111 19:32:39.783404 1022177 ImuError.cpp:650] gyr saturation
W20250111 19:32:39.783407 1022177 ImuError.cpp:650] gyr saturation
W20250111 19:32:39.783412 1022177 ImuError.cpp:650] gyr saturation
W20250111 19:32:39.783417 1022177 ImuError.cpp:650] gyr saturation
W20250111 19:32:39.783421 1022177 ImuError.cpp:650] gyr saturation
W20250111 19:32:39.783425 1022177 ImuError.cpp:650] gyr saturation
W20250111 19:32:39.783430 1022177 ImuError.cpp:650] gyr saturation
W20250111 19:32:39.783434 1022177 ImuError.cpp:650] gyr saturation
W20250111 19:32:39.783439 1022177 ImuError.cpp:650] gyr saturation
W20250111 19:32:39.783442 1022177 ImuError.cpp:650] gyr saturation
W20250111 19:32:39.783447 1022177 ImuError.cpp:650] gyr saturation
W20250111 19:32:39.783449 1022177 ImuError.cpp:650] gyr saturation
W20250111 19:32:39.783454 1022177 ImuError.cpp:650] gyr saturation
W20250111 19:32:39.783458 1022177 ImuError.cpp:650] gyr saturation
W20250111 19:32:39.783463 1022177 ImuError.cpp:650] gyr saturation
W20250111 19:32:39.783466 1022177 ImuError.cpp:650] gyr saturation
W20250111 19:32:39.783473 1022177 ImuError.cpp:650] gyr saturation
W20250111 19:32:39.783476 1022177 ImuError.cpp:650] gyr saturation
W20250111 19:32:39.783480 1022177 ImuError.cpp:650] gyr saturation
W20250111 19:32:39.783485 1022177 ImuError.cpp:650] gyr saturation
W20250111 19:32:39.783489 1022177 ImuError.cpp:650] gyr saturation
W20250111 19:32:39.783493 1022177 ImuError.cpp:650] gyr saturation
W20250111 19:32:39.802762 1022177 ImuError.cpp:650] gyr saturation
W20250111 19:32:39.802783 1022177 ImuError.cpp:650] gyr saturation
W20250111 19:32:39.802786 1022177 ImuError.cpp:650] gyr saturation
W20250111 19:32:39.802791 1022177 ImuError.cpp:650] gyr saturation
W20250111 19:32:39.802796 1022177 ImuError.cpp:650] gyr saturation
W20250111 19:32:39.802799 1022177 ImuError.cpp:650] gyr saturation
W20250111 19:32:39.802805 1022177 ImuError.cpp:650] gyr saturation
W20250111 19:32:39.802809 1022177 ImuError.cpp:650] gyr saturation
W20250111 19:32:39.802812 1022177 ImuError.cpp:650] gyr saturation
W20250111 19:32:39.802816 1022177 ImuError.cpp:650] gyr saturation
W20250111 19:32:39.802820 1022177 ImuError.cpp:650] gyr saturation
W20250111 19:32:39.802824 1022177 ImuError.cpp:650] gyr saturation
W20250111 19:32:39.802827 1022177 ImuError.cpp:650] gyr saturation
W20250111 19:32:39.802830 1022177 ImuError.cpp:650] gyr saturation
W20250111 19:32:39.802836 1022177 ImuError.cpp:650] gyr saturation
W20250111 19:32:39.802840 1022177 ImuError.cpp:650] gyr saturation
W20250111 19:32:39.802843 1022177 ImuError.cpp:650] gyr saturation
W20250111 19:32:39.802847 1022177 ImuError.cpp:650] gyr saturation
W20250111 19:32:39.802850 1022177 ImuError.cpp:650] gyr saturation
W20250111 19:32:39.802856 1022177 ImuError.cpp:650] gyr saturation
W20250111 19:32:39.802860 1022177 ImuError.cpp:650] gyr saturation
W20250111 19:32:39.802868 1022177 ImuError.cpp:650] gyr saturation
W20250111 19:32:39.802874 1022177 ImuError.cpp:650] gyr saturation
W20250111 19:32:39.802878 1022177 ImuError.cpp:650] gyr saturation
W20250111 19:32:39.802886 1022177 ImuError.cpp:650] gyr saturation
W20250111 19:32:39.802891 1022177 ImuError.cpp:650] gyr saturation
W20250111 19:32:39.802896 1022177 ImuError.cpp:650] gyr saturation
W20250111 19:32:39.802898 1022177 ImuError.cpp:650] gyr saturation
W20250111 19:32:39.802902 1022177 ImuError.cpp:650] gyr saturation
W20250111 19:32:39.802906 1022177 ImuError.cpp:650] gyr saturation
W20250111 19:32:39.802910 1022177 ImuError.cpp:650] gyr saturation
W20250111 19:32:39.802915 1022177 ImuError.cpp:650] gyr saturation
W20250111 19:32:39.802919 1022177 ImuError.cpp:650] gyr saturation
W20250111 19:32:39.802923 1022177 ImuError.cpp:650] gyr saturation
W20250111 19:32:39.802927 1022177 ImuError.cpp:650] gyr saturation
W20250111 19:32:39.803064 1022177 ImuError.cpp:650] gyr saturation
W20250111 19:32:39.803071 1022177 ImuError.cpp:650] gyr saturation
W20250111 19:32:39.803073 1022177 ImuError.cpp:650] gyr saturation
W20250111 19:32:39.803079 1022177 ImuError.cpp:650] gyr saturation
W20250111 19:32:39.803083 1022177 ImuError.cpp:650] gyr saturation
W20250111 19:32:39.803087 1022177 ImuError.cpp:650] gyr saturation
W20250111 19:32:39.803092 1022177 ImuError.cpp:650] gyr saturation
W20250111 19:32:39.803095 1022177 ImuError.cpp:650] gyr saturation
W20250111 19:32:39.803099 1022177 ImuError.cpp:650] gyr saturation
W20250111 19:32:39.803104 1022177 ImuError.cpp:650] gyr saturation
W20250111 19:32:39.803108 1022177 ImuError.cpp:650] gyr saturation
W20250111 19:32:39.803113 1022177 ImuError.cpp:650] gyr saturation
W20250111 19:32:39.803118 1022177 ImuError.cpp:650] gyr saturation
W20250111 19:32:39.803121 1022177 ImuError.cpp:650] gyr saturation
W20250111 19:32:39.803125 1022177 ImuError.cpp:650] gyr saturation
W20250111 19:32:39.803130 1022177 ImuError.cpp:650] gyr saturation
W20250111 19:32:39.803133 1022177 ImuError.cpp:650] gyr saturation
W20250111 19:32:39.803138 1022177 ImuError.cpp:650] gyr saturation
W20250111 19:32:39.803141 1022177 ImuError.cpp:650] gyr saturation
W20250111 19:32:39.803148 1022177 ImuError.cpp:650] gyr saturation
W20250111 19:32:39.803153 1022177 ImuError.cpp:650] gyr saturation
W20250111 19:32:39.803157 1022177 ImuError.cpp:650] gyr saturation
W20250111 19:32:39.803161 1022177 ImuError.cpp:650] gyr saturation
W20250111 19:32:39.803164 1022177 ImuError.cpp:650] gyr saturation
W20250111 19:32:39.803169 1022177 ImuError.cpp:650] gyr saturation
W20250111 19:32:39.803174 1022177 ImuError.cpp:650] gyr saturation
W20250111 19:32:39.803179 1022177 ImuError.cpp:650] gyr saturation
W20250111 19:32:39.803182 1022177 ImuError.cpp:650] gyr saturation
W20250111 19:32:39.803187 1022177 ImuError.cpp:650] gyr saturation
W20250111 19:32:39.803190 1022177 ImuError.cpp:650] gyr saturation
W20250111 19:32:39.803195 1022177 ImuError.cpp:650] gyr saturation
W20250111 19:32:39.803200 1022177 ImuError.cpp:650] gyr saturation
W20250111 19:32:39.803203 1022177 ImuError.cpp:650] gyr saturation
W20250111 19:32:39.803206 1022177 ImuError.cpp:650] gyr saturation
W20250111 19:32:39.803210 1022177 ImuError.cpp:650] gyr saturation
W20250111 19:32:39.806620 1022177 ImuError.cpp:368] gyr saturation
W20250111 19:32:39.806661 1022177 ImuError.cpp:368] gyr saturation
W20250111 19:32:39.806671 1022177 ImuError.cpp:368] gyr saturation
W20250111 19:32:39.806679 1022177 ImuError.cpp:368] gyr saturation
W20250111 19:32:39.806687 1022177 ImuError.cpp:368] gyr saturation
W20250111 19:32:39.806695 1022177 ImuError.cpp:368] gyr saturation
W20250111 19:32:39.806703 1022177 ImuError.cpp:368] gyr saturation
W20250111 19:32:39.806711 1022177 ImuError.cpp:368] gyr saturation
W20250111 19:32:39.806718 1022177 ImuError.cpp:368] gyr saturation
W20250111 19:32:39.806727 1022177 ImuError.cpp:368] gyr saturation
W20250111 19:32:39.806735 1022177 ImuError.cpp:368] gyr saturation
W20250111 19:32:39.806744 1022177 ImuError.cpp:368] gyr saturation
W20250111 19:32:39.806759 1022177 ImuError.cpp:368] gyr saturation
W20250111 19:32:39.806768 1022177 ImuError.cpp:368] gyr saturation
W20250111 19:32:39.806777 1022177 ImuError.cpp:368] gyr saturation
W20250111 19:32:39.806785 1022177 ImuError.cpp:368] gyr saturation
W20250111 19:32:39.806794 1022177 ImuError.cpp:368] gyr saturation
W20250111 19:32:39.806802 1022177 ImuError.cpp:368] gyr saturation
W20250111 19:32:39.806810 1022177 ImuError.cpp:368] gyr saturation
W20250111 19:32:39.806818 1022177 ImuError.cpp:368] gyr saturation
W20250111 19:32:39.806828 1022177 ImuError.cpp:368] gyr saturation
W20250111 19:32:39.806835 1022177 ImuError.cpp:368] gyr saturation
W20250111 19:32:39.806846 1022177 ImuError.cpp:368] gyr saturation
W20250111 19:32:39.806854 1022177 ImuError.cpp:368] gyr saturation
W20250111 19:32:39.806862 1022177 ImuError.cpp:368] gyr saturation
W20250111 19:32:39.806870 1022177 ImuError.cpp:368] gyr saturation
W20250111 19:32:39.806879 1022177 ImuError.cpp:368] gyr saturation
W20250111 19:32:39.806887 1022177 ImuError.cpp:368] gyr saturation
W20250111 19:32:39.806897 1022177 ImuError.cpp:368] gyr saturation
W20250111 19:32:39.806905 1022177 ImuError.cpp:368] gyr saturation
W20250111 19:32:39.806913 1022177 ImuError.cpp:368] gyr saturation
W20250111 19:32:39.806922 1022177 ImuError.cpp:368] gyr saturation
W20250111 19:32:39.806931 1022177 ImuError.cpp:368] gyr saturation
W20250111 19:32:39.806939 1022177 ImuError.cpp:368] gyr saturation
W20250111 19:32:39.806947 1022177 ImuError.cpp:368] gyr saturation
W20250111 19:32:39.811020 1022177 ImuError.cpp:650] gyr saturation
W20250111 19:32:39.811051 1022177 ImuError.cpp:650] gyr saturation
W20250111 19:32:39.811055 1022177 ImuError.cpp:650] gyr saturation
W20250111 19:32:39.811058 1022177 ImuError.cpp:650] gyr saturation
W20250111 19:32:39.811061 1022177 ImuError.cpp:650] gyr saturation
W20250111 19:32:39.811066 1022177 ImuError.cpp:650] gyr saturation
W20250111 19:32:39.811069 1022177 ImuError.cpp:650] gyr saturation
W20250111 19:32:39.811074 1022177 ImuError.cpp:650] gyr saturation
W20250111 19:32:39.811076 1022177 ImuError.cpp:650] gyr saturation
W20250111 19:32:39.811080 1022177 ImuError.cpp:650] gyr saturation
W20250111 19:32:39.811084 1022177 ImuError.cpp:650] gyr saturation
W20250111 19:32:39.811093 1022177 ImuError.cpp:650] gyr saturation
W20250111 19:32:39.811097 1022177 ImuError.cpp:650] gyr saturation
W20250111 19:32:39.811101 1022177 ImuError.cpp:650] gyr saturation
W20250111 19:32:39.811105 1022177 ImuError.cpp:650] gyr saturation
W20250111 19:32:39.811107 1022177 ImuError.cpp:650] gyr saturation
W20250111 19:32:39.811111 1022177 ImuError.cpp:650] gyr saturation
W20250111 19:32:39.811115 1022177 ImuError.cpp:650] gyr saturation
W20250111 19:32:39.811118 1022177 ImuError.cpp:650] gyr saturation
W20250111 19:32:39.811122 1022177 ImuError.cpp:650] gyr saturation
W20250111 19:32:39.811125 1022177 ImuError.cpp:650] gyr saturation
W20250111 19:32:39.811129 1022177 ImuError.cpp:650] gyr saturation
W20250111 19:32:39.811134 1022177 ImuError.cpp:650] gyr saturation
W20250111 19:32:39.811137 1022177 ImuError.cpp:650] gyr saturation
W20250111 19:32:39.811141 1022177 ImuError.cpp:650] gyr saturation
W20250111 19:32:39.811144 1022177 ImuError.cpp:650] gyr saturation
W20250111 19:32:39.811148 1022177 ImuError.cpp:650] gyr saturation
W20250111 19:32:39.811153 1022177 ImuError.cpp:650] gyr saturation
W20250111 19:32:39.811156 1022177 ImuError.cpp:650] gyr saturation
W20250111 19:32:39.811161 1022177 ImuError.cpp:650] gyr saturation
W20250111 19:32:39.811164 1022177 ImuError.cpp:650] gyr saturation
W20250111 19:32:39.811168 1022177 ImuError.cpp:650] gyr saturation
W20250111 19:32:39.811172 1022177 ImuError.cpp:650] gyr saturation
W20250111 19:32:39.811175 1022177 ImuError.cpp:650] gyr saturation
W20250111 19:32:39.811179 1022177 ImuError.cpp:650] gyr saturation
W20250111 19:32:39.811183 1022177 ImuError.cpp:650] gyr saturation
W20250111 19:32:39.811187 1022177 ImuError.cpp:650] gyr saturation
W20250111 19:32:39.811192 1022177 ImuError.cpp:650] gyr saturation
W20250111 19:32:39.811198 1022177 ImuError.cpp:650] gyr saturation
W20250111 19:32:39.811203 1022177 ImuError.cpp:650] gyr saturation
W20250111 19:32:39.811210 1022177 ImuError.cpp:650] gyr saturation
W20250111 19:32:39.811215 1022177 ImuError.cpp:650] gyr saturation
W20250111 19:32:39.811228 1022177 ImuError.cpp:650] gyr saturation
W20250111 19:32:39.811232 1022177 ImuError.cpp:650] gyr saturation
W20250111 19:32:39.811237 1022177 ImuError.cpp:650] gyr saturation
W20250111 19:32:39.811241 1022177 ImuError.cpp:650] gyr saturation
W20250111 19:32:39.811245 1022177 ImuError.cpp:650] gyr saturation
W20250111 19:32:39.811252 1022177 ImuError.cpp:650] gyr saturation
W20250111 19:32:39.811255 1022177 ImuError.cpp:650] gyr saturation
W20250111 19:32:39.811259 1022177 ImuError.cpp:650] gyr saturation
W20250111 19:32:39.811262 1022177 ImuError.cpp:650] gyr saturation
W20250111 19:32:39.811266 1022177 ImuError.cpp:650] gyr saturation
W20250111 19:32:39.811269 1022177 ImuError.cpp:650] gyr saturation
W20250111 19:32:39.811275 1022177 ImuError.cpp:650] gyr saturation
W20250111 19:32:39.811278 1022177 ImuError.cpp:650] gyr saturation
W20250111 19:32:39.811283 1022177 ImuError.cpp:650] gyr saturation
W20250111 19:32:39.811290 1022177 ImuError.cpp:650] gyr saturation
W20250111 19:32:39.811292 1022177 ImuError.cpp:650] gyr saturation
W20250111 19:32:39.811296 1022177 ImuError.cpp:650] gyr saturation
W20250111 19:32:39.811300 1022177 ImuError.cpp:650] gyr saturation
W20250111 19:32:39.811304 1022177 ImuError.cpp:650] gyr saturation
W20250111 19:32:39.811307 1022177 ImuError.cpp:650] gyr saturation
W20250111 19:32:39.811311 1022177 ImuError.cpp:650] gyr saturation
W20250111 19:32:39.811317 1022177 ImuError.cpp:650] gyr saturation
W20250111 19:32:39.811321 1022177 ImuError.cpp:650] gyr saturation
W20250111 19:32:39.811326 1022177 ImuError.cpp:650] gyr saturation
W20250111 19:32:39.811331 1022177 ImuError.cpp:650] gyr saturation
W20250111 19:32:39.811334 1022177 ImuError.cpp:650] gyr saturation
W20250111 19:32:39.828388 1022177 ImuError.cpp:650] gyr saturation
W20250111 19:32:39.828405 1022177 ImuError.cpp:650] gyr saturation
W20250111 19:32:39.828408 1022177 ImuError.cpp:650] gyr saturation
W20250111 19:32:39.828411 1022177 ImuError.cpp:650] gyr saturation
W20250111 19:32:39.828414 1022177 ImuError.cpp:650] gyr saturation
W20250111 19:32:39.828423 1022177 ImuError.cpp:650] gyr saturation
W20250111 19:32:39.828428 1022177 ImuError.cpp:650] gyr saturation
W20250111 19:32:39.828438 1022177 ImuError.cpp:650] gyr saturation
W20250111 19:32:39.828445 1022177 ImuError.cpp:650] gyr saturation
W20250111 19:32:39.828454 1022177 ImuError.cpp:650] gyr saturation
W20250111 19:32:39.828457 1022177 ImuError.cpp:650] gyr saturation
W20250111 19:32:39.828462 1022177 ImuError.cpp:650] gyr saturation
W20250111 19:32:39.828466 1022177 ImuError.cpp:650] gyr saturation
W20250111 19:32:39.828470 1022177 ImuError.cpp:650] gyr saturation
W20250111 19:32:39.828475 1022177 ImuError.cpp:650] gyr saturation
W20250111 19:32:39.828480 1022177 ImuError.cpp:650] gyr saturation
W20250111 19:32:39.828485 1022177 ImuError.cpp:650] gyr saturation
W20250111 19:32:39.828488 1022177 ImuError.cpp:650] gyr saturation
W20250111 19:32:39.828492 1022177 ImuError.cpp:650] gyr saturation
W20250111 19:32:39.828496 1022177 ImuError.cpp:650] gyr saturation
W20250111 19:32:39.828500 1022177 ImuError.cpp:650] gyr saturation
W20250111 19:32:39.828505 1022177 ImuError.cpp:650] gyr saturation
W20250111 19:32:39.828508 1022177 ImuError.cpp:650] gyr saturation
W20250111 19:32:39.828513 1022177 ImuError.cpp:650] gyr saturation
W20250111 19:32:39.828519 1022177 ImuError.cpp:650] gyr saturation
W20250111 19:32:39.828523 1022177 ImuError.cpp:650] gyr saturation
W20250111 19:32:39.828527 1022177 ImuError.cpp:650] gyr saturation
W20250111 19:32:39.828532 1022177 ImuError.cpp:650] gyr saturation
W20250111 19:32:39.828536 1022177 ImuError.cpp:650] gyr saturation
W20250111 19:32:39.828539 1022177 ImuError.cpp:650] gyr saturation
W20250111 19:32:39.828544 1022177 ImuError.cpp:650] gyr saturation
W20250111 19:32:39.828552 1022177 ImuError.cpp:650] gyr saturation
W20250111 19:32:39.828555 1022177 ImuError.cpp:650] gyr saturation
W20250111 19:32:39.828559 1022177 ImuError.cpp:650] gyr saturation
W20250111 19:32:39.828716 1022177 ImuError.cpp:650] gyr saturation
W20250111 19:32:39.828722 1022177 ImuError.cpp:650] gyr saturation
W20250111 19:32:39.828725 1022177 ImuError.cpp:650] gyr saturation
W20250111 19:32:39.828730 1022177 ImuError.cpp:650] gyr saturation
W20250111 19:32:39.828734 1022177 ImuError.cpp:650] gyr saturation
W20250111 19:32:39.828738 1022177 ImuError.cpp:650] gyr saturation
W20250111 19:32:39.828743 1022177 ImuError.cpp:650] gyr saturation
W20250111 19:32:39.828747 1022177 ImuError.cpp:650] gyr saturation
W20250111 19:32:39.828750 1022177 ImuError.cpp:650] gyr saturation
W20250111 19:32:39.828754 1022177 ImuError.cpp:650] gyr saturation
W20250111 19:32:39.828758 1022177 ImuError.cpp:650] gyr saturation
W20250111 19:32:39.828763 1022177 ImuError.cpp:650] gyr saturation
W20250111 19:32:39.828766 1022177 ImuError.cpp:650] gyr saturation
W20250111 19:32:39.828769 1022177 ImuError.cpp:650] gyr saturation
W20250111 19:32:39.828774 1022177 ImuError.cpp:650] gyr saturation
W20250111 19:32:39.828778 1022177 ImuError.cpp:650] gyr saturation
W20250111 19:32:39.828781 1022177 ImuError.cpp:650] gyr saturation
W20250111 19:32:39.828784 1022177 ImuError.cpp:650] gyr saturation
W20250111 19:32:39.828788 1022177 ImuError.cpp:650] gyr saturation
W20250111 19:32:39.828792 1022177 ImuError.cpp:650] gyr saturation
W20250111 19:32:39.828795 1022177 ImuError.cpp:650] gyr saturation
W20250111 19:32:39.828800 1022177 ImuError.cpp:650] gyr saturation
W20250111 19:32:39.828806 1022177 ImuError.cpp:650] gyr saturation
W20250111 19:32:39.828810 1022177 ImuError.cpp:650] gyr saturation
W20250111 19:32:39.828814 1022177 ImuError.cpp:650] gyr saturation
W20250111 19:32:39.828819 1022177 ImuError.cpp:650] gyr saturation
W20250111 19:32:39.828822 1022177 ImuError.cpp:650] gyr saturation
W20250111 19:32:39.828826 1022177 ImuError.cpp:650] gyr saturation
W20250111 19:32:39.828830 1022177 ImuError.cpp:650] gyr saturation
W20250111 19:32:39.828835 1022177 ImuError.cpp:650] gyr saturation
W20250111 19:32:39.828838 1022177 ImuError.cpp:650] gyr saturation
W20250111 19:32:39.828842 1022177 ImuError.cpp:650] gyr saturation
W20250111 19:32:39.828847 1022177 ImuError.cpp:650] gyr saturation
W20250111 19:32:39.828851 1022177 ImuError.cpp:650] gyr saturation
I20250111 19:32:39.830583 1022177 Frontend.cpp:2274] RANSAC FAIL: 54 inliers, ratio = 0.675
W20250111 19:32:39.832402 1022177 ImuError.cpp:368] gyr saturation
W20250111 19:32:39.832434 1022177 ImuError.cpp:368] gyr saturation
W20250111 19:32:39.832446 1022177 ImuError.cpp:368] gyr saturation
W20250111 19:32:39.832459 1022177 ImuError.cpp:368] gyr saturation
W20250111 19:32:39.832466 1022177 ImuError.cpp:368] gyr saturation
W20250111 19:32:39.832477 1022177 ImuError.cpp:368] gyr saturation
W20250111 19:32:39.832485 1022177 ImuError.cpp:368] gyr saturation
W20250111 19:32:39.832494 1022177 ImuError.cpp:368] gyr saturation
W20250111 19:32:39.832501 1022177 ImuError.cpp:368] gyr saturation
W20250111 19:32:39.832509 1022177 ImuError.cpp:368] gyr saturation
W20250111 19:32:39.832517 1022177 ImuError.cpp:368] gyr saturation
W20250111 19:32:39.832525 1022177 ImuError.cpp:368] gyr saturation
W20250111 19:32:39.832532 1022177 ImuError.cpp:368] gyr saturation
W20250111 19:32:39.832542 1022177 ImuError.cpp:368] gyr saturation
W20250111 19:32:39.832551 1022177 ImuError.cpp:368] gyr saturation
W20250111 19:32:39.832559 1022177 ImuError.cpp:368] gyr saturation
W20250111 19:32:39.832567 1022177 ImuError.cpp:368] gyr saturation
W20250111 19:32:39.832576 1022177 ImuError.cpp:368] gyr saturation
W20250111 19:32:39.832584 1022177 ImuError.cpp:368] gyr saturation
W20250111 19:32:39.832592 1022177 ImuError.cpp:368] gyr saturation
W20250111 19:32:39.832599 1022177 ImuError.cpp:368] gyr saturation
W20250111 19:32:39.832607 1022177 ImuError.cpp:368] gyr saturation
W20250111 19:32:39.832613 1022177 ImuError.cpp:368] gyr saturation
W20250111 19:32:39.832633 1022177 ImuError.cpp:368] gyr saturation
W20250111 19:32:39.832640 1022177 ImuError.cpp:368] gyr saturation
W20250111 19:32:39.832648 1022177 ImuError.cpp:368] gyr saturation
W20250111 19:32:39.832656 1022177 ImuError.cpp:368] gyr saturation
W20250111 19:32:39.832664 1022177 ImuError.cpp:368] gyr saturation
W20250111 19:32:39.832672 1022177 ImuError.cpp:368] gyr saturation
W20250111 19:32:39.832680 1022177 ImuError.cpp:368] gyr saturation
W20250111 19:32:39.832690 1022177 ImuError.cpp:368] gyr saturation
W20250111 19:32:39.832697 1022177 ImuError.cpp:368] gyr saturation
W20250111 19:32:39.832705 1022177 ImuError.cpp:368] gyr saturation
W20250111 19:32:39.832713 1022177 ImuError.cpp:368] gyr saturation
W20250111 19:32:39.836974 1022177 ImuError.cpp:650] gyr saturation
W20250111 19:32:39.837004 1022177 ImuError.cpp:650] gyr saturation
W20250111 19:32:39.837009 1022177 ImuError.cpp:650] gyr saturation
W20250111 19:32:39.837013 1022177 ImuError.cpp:650] gyr saturation
W20250111 19:32:39.837018 1022177 ImuError.cpp:650] gyr saturation
W20250111 19:32:39.837023 1022177 ImuError.cpp:650] gyr saturation
W20250111 19:32:39.837026 1022177 ImuError.cpp:650] gyr saturation
W20250111 19:32:39.837030 1022177 ImuError.cpp:650] gyr saturation
W20250111 19:32:39.837035 1022177 ImuError.cpp:650] gyr saturation
W20250111 19:32:39.837040 1022177 ImuError.cpp:650] gyr saturation
W20250111 19:32:39.837044 1022177 ImuError.cpp:650] gyr saturation
W20250111 19:32:39.837049 1022177 ImuError.cpp:650] gyr saturation
W20250111 19:32:39.837057 1022177 ImuError.cpp:650] gyr saturation
W20250111 19:32:39.837062 1022177 ImuError.cpp:650] gyr saturation
W20250111 19:32:39.837067 1022177 ImuError.cpp:650] gyr saturation
W20250111 19:32:39.837075 1022177 ImuError.cpp:650] gyr saturation
W20250111 19:32:39.837080 1022177 ImuError.cpp:650] gyr saturation
W20250111 19:32:39.837085 1022177 ImuError.cpp:650] gyr saturation
W20250111 19:32:39.837087 1022177 ImuError.cpp:650] gyr saturation
W20250111 19:32:39.837091 1022177 ImuError.cpp:650] gyr saturation
W20250111 19:32:39.837095 1022177 ImuError.cpp:650] gyr saturation
W20250111 19:32:39.837100 1022177 ImuError.cpp:650] gyr saturation
W20250111 19:32:39.837108 1022177 ImuError.cpp:650] gyr saturation
W20250111 19:32:39.837112 1022177 ImuError.cpp:650] gyr saturation
W20250111 19:32:39.837116 1022177 ImuError.cpp:650] gyr saturation
W20250111 19:32:39.837126 1022177 ImuError.cpp:650] gyr saturation
W20250111 19:32:39.837131 1022177 ImuError.cpp:650] gyr saturation
W20250111 19:32:39.837134 1022177 ImuError.cpp:650] gyr saturation
W20250111 19:32:39.837138 1022177 ImuError.cpp:650] gyr saturation
W20250111 19:32:39.837143 1022177 ImuError.cpp:650] gyr saturation
W20250111 19:32:39.837146 1022177 ImuError.cpp:650] gyr saturation
W20250111 19:32:39.837150 1022177 ImuError.cpp:650] gyr saturation
W20250111 19:32:39.837154 1022177 ImuError.cpp:650] gyr saturation
W20250111 19:32:39.837158 1022177 ImuError.cpp:650] gyr saturation
W20250111 19:32:39.837162 1022177 ImuError.cpp:650] gyr saturation
W20250111 19:32:39.837167 1022177 ImuError.cpp:650] gyr saturation
W20250111 19:32:39.837170 1022177 ImuError.cpp:650] gyr saturation
W20250111 19:32:39.837173 1022177 ImuError.cpp:650] gyr saturation
W20250111 19:32:39.837177 1022177 ImuError.cpp:650] gyr saturation
W20250111 19:32:39.837182 1022177 ImuError.cpp:650] gyr saturation
W20250111 19:32:39.837185 1022177 ImuError.cpp:650] gyr saturation
W20250111 19:32:39.837189 1022177 ImuError.cpp:650] gyr saturation
W20250111 19:32:39.837194 1022177 ImuError.cpp:650] gyr saturation
W20250111 19:32:39.837198 1022177 ImuError.cpp:650] gyr saturation
W20250111 19:32:39.837203 1022177 ImuError.cpp:650] gyr saturation
W20250111 19:32:39.837206 1022177 ImuError.cpp:650] gyr saturation
W20250111 19:32:39.837209 1022177 ImuError.cpp:650] gyr saturation
W20250111 19:32:39.837213 1022177 ImuError.cpp:650] gyr saturation
W20250111 19:32:39.837216 1022177 ImuError.cpp:650] gyr saturation
W20250111 19:32:39.837221 1022177 ImuError.cpp:650] gyr saturation
W20250111 19:32:39.837230 1022177 ImuError.cpp:650] gyr saturation
W20250111 19:32:39.837234 1022177 ImuError.cpp:650] gyr saturation
W20250111 19:32:39.837239 1022177 ImuError.cpp:650] gyr saturation
W20250111 19:32:39.837244 1022177 ImuError.cpp:650] gyr saturation
W20250111 19:32:39.837249 1022177 ImuError.cpp:650] gyr saturation
W20250111 19:32:39.837252 1022177 ImuError.cpp:650] gyr saturation
W20250111 19:32:39.837256 1022177 ImuError.cpp:650] gyr saturation
W20250111 19:32:39.837260 1022177 ImuError.cpp:650] gyr saturation
W20250111 19:32:39.837265 1022177 ImuError.cpp:650] gyr saturation
W20250111 19:32:39.837268 1022177 ImuError.cpp:650] gyr saturation
W20250111 19:32:39.837273 1022177 ImuError.cpp:650] gyr saturation
W20250111 19:32:39.837277 1022177 ImuError.cpp:650] gyr saturation
W20250111 19:32:39.837281 1022177 ImuError.cpp:650] gyr saturation
W20250111 19:32:39.837286 1022177 ImuError.cpp:650] gyr saturation
W20250111 19:32:39.837289 1022177 ImuError.cpp:650] gyr saturation
W20250111 19:32:39.837293 1022177 ImuError.cpp:650] gyr saturation
W20250111 19:32:39.837297 1022177 ImuError.cpp:650] gyr saturation
W20250111 19:32:39.837301 1022177 ImuError.cpp:650] gyr saturation
W20250111 19:32:39.853129 1318055 ImuError.cpp:165] gyr saturation
W20250111 19:32:39.853212 1318055 ImuError.cpp:165] gyr saturation
W20250111 19:32:39.853225 1318055 ImuError.cpp:165] gyr saturation
W20250111 19:32:39.853238 1318055 ImuError.cpp:165] gyr saturation
W20250111 19:32:39.853248 1318055 ImuError.cpp:165] gyr saturation
W20250111 19:32:39.853260 1318055 ImuError.cpp:165] gyr saturation
W20250111 19:32:39.853271 1318055 ImuError.cpp:165] gyr saturation
W20250111 19:32:39.853282 1318055 ImuError.cpp:165] gyr saturation
W20250111 19:32:39.853292 1318055 ImuError.cpp:165] gyr saturation
W20250111 19:32:39.853303 1318055 ImuError.cpp:165] gyr saturation
W20250111 19:32:39.853313 1318055 ImuError.cpp:165] gyr saturation
W20250111 19:32:39.853324 1318055 ImuError.cpp:165] gyr saturation
W20250111 19:32:39.853335 1318055 ImuError.cpp:165] gyr saturation
W20250111 19:32:39.853345 1318055 ImuError.cpp:165] gyr saturation
W20250111 19:32:39.853356 1318055 ImuError.cpp:165] gyr saturation
W20250111 19:32:39.853672 1318055 ImuError.cpp:165] gyr saturation
W20250111 19:32:39.853685 1318055 ImuError.cpp:165] gyr saturation
W20250111 19:32:39.853696 1318055 ImuError.cpp:165] gyr saturation
W20250111 19:32:39.853716 1318055 ImuError.cpp:165] gyr saturation
W20250111 19:32:39.853727 1318055 ImuError.cpp:165] gyr saturation
W20250111 19:32:39.853739 1318055 ImuError.cpp:165] gyr saturation
W20250111 19:32:39.853749 1318055 ImuError.cpp:165] gyr saturation
W20250111 19:32:39.853760 1318055 ImuError.cpp:165] gyr saturation
W20250111 19:32:39.853770 1318055 ImuError.cpp:165] gyr saturation
W20250111 19:32:39.853780 1318055 ImuError.cpp:165] gyr saturation
W20250111 19:32:39.853790 1318055 ImuError.cpp:165] gyr saturation
W20250111 19:32:39.853801 1318055 ImuError.cpp:165] gyr saturation
W20250111 19:32:39.853812 1318055 ImuError.cpp:165] gyr saturation
W20250111 19:32:39.853822 1318055 ImuError.cpp:165] gyr saturation
W20250111 19:32:39.853833 1318055 ImuError.cpp:165] gyr saturation
W20250111 19:32:39.854732 1022177 ImuError.cpp:650] gyr saturation
W20250111 19:32:39.854748 1022177 ImuError.cpp:650] gyr saturation
W20250111 19:32:39.854751 1022177 ImuError.cpp:650] gyr saturation
W20250111 19:32:39.854755 1022177 ImuError.cpp:650] gyr saturation
W20250111 19:32:39.854759 1022177 ImuError.cpp:650] gyr saturation
W20250111 19:32:39.854763 1022177 ImuError.cpp:650] gyr saturation
W20250111 19:32:39.854768 1022177 ImuError.cpp:650] gyr saturation
W20250111 19:32:39.854772 1022177 ImuError.cpp:650] gyr saturation
W20250111 19:32:39.854777 1022177 ImuError.cpp:650] gyr saturation
W20250111 19:32:39.854782 1022177 ImuError.cpp:650] gyr saturation
W20250111 19:32:39.854786 1022177 ImuError.cpp:650] gyr saturation
W20250111 19:32:39.854792 1022177 ImuError.cpp:650] gyr saturation
W20250111 19:32:39.854799 1022177 ImuError.cpp:650] gyr saturation
W20250111 19:32:39.854806 1022177 ImuError.cpp:650] gyr saturation
W20250111 19:32:39.854810 1022177 ImuError.cpp:650] gyr saturation
W20250111 19:32:39.854816 1022177 ImuError.cpp:650] gyr saturation
W20250111 19:32:39.854820 1022177 ImuError.cpp:650] gyr saturation
W20250111 19:32:39.854826 1022177 ImuError.cpp:650] gyr saturation
W20250111 19:32:39.854830 1022177 ImuError.cpp:650] gyr saturation
W20250111 19:32:39.854835 1022177 ImuError.cpp:650] gyr saturation
W20250111 19:32:39.854840 1022177 ImuError.cpp:650] gyr saturation
W20250111 19:32:39.854846 1022177 ImuError.cpp:650] gyr saturation
W20250111 19:32:39.854851 1022177 ImuError.cpp:650] gyr saturation
W20250111 19:32:39.854854 1022177 ImuError.cpp:650] gyr saturation
W20250111 19:32:39.854859 1022177 ImuError.cpp:650] gyr saturation
W20250111 19:32:39.854863 1022177 ImuError.cpp:650] gyr saturation
W20250111 19:32:39.854868 1022177 ImuError.cpp:650] gyr saturation
W20250111 19:32:39.854873 1022177 ImuError.cpp:650] gyr saturation
W20250111 19:32:39.854878 1022177 ImuError.cpp:650] gyr saturation
W20250111 19:32:39.854883 1022177 ImuError.cpp:650] gyr saturation
W20250111 19:32:39.854888 1022177 ImuError.cpp:650] gyr saturation
W20250111 19:32:39.854892 1022177 ImuError.cpp:650] gyr saturation
W20250111 19:32:39.854895 1022177 ImuError.cpp:650] gyr saturation
W20250111 19:32:39.854899 1022177 ImuError.cpp:650] gyr saturation
W20250111 19:32:39.854907 1022177 ImuError.cpp:650] gyr saturation
W20250111 19:32:39.855057 1022177 ImuError.cpp:650] gyr saturation
W20250111 19:32:39.855064 1022177 ImuError.cpp:650] gyr saturation
W20250111 19:32:39.855067 1022177 ImuError.cpp:650] gyr saturation
W20250111 19:32:39.855072 1022177 ImuError.cpp:650] gyr saturation
W20250111 19:32:39.855075 1022177 ImuError.cpp:650] gyr saturation
W20250111 19:32:39.855079 1022177 ImuError.cpp:650] gyr saturation
W20250111 19:32:39.855083 1022177 ImuError.cpp:650] gyr saturation
W20250111 19:32:39.855088 1022177 ImuError.cpp:650] gyr saturation
W20250111 19:32:39.855093 1022177 ImuError.cpp:650] gyr saturation
W20250111 19:32:39.855099 1022177 ImuError.cpp:650] gyr saturation
W20250111 19:32:39.855103 1022177 ImuError.cpp:650] gyr saturation
W20250111 19:32:39.855106 1022177 ImuError.cpp:650] gyr saturation
W20250111 19:32:39.855111 1022177 ImuError.cpp:650] gyr saturation
W20250111 19:32:39.855118 1022177 ImuError.cpp:650] gyr saturation
W20250111 19:32:39.855122 1022177 ImuError.cpp:650] gyr saturation
W20250111 19:32:39.855126 1022177 ImuError.cpp:650] gyr saturation
W20250111 19:32:39.855131 1022177 ImuError.cpp:650] gyr saturation
W20250111 19:32:39.855139 1022177 ImuError.cpp:650] gyr saturation
W20250111 19:32:39.855142 1022177 ImuError.cpp:650] gyr saturation
W20250111 19:32:39.855146 1022177 ImuError.cpp:650] gyr saturation
W20250111 19:32:39.855150 1022177 ImuError.cpp:650] gyr saturation
W20250111 19:32:39.855154 1022177 ImuError.cpp:650] gyr saturation
W20250111 19:32:39.855158 1022177 ImuError.cpp:650] gyr saturation
W20250111 19:32:39.855163 1022177 ImuError.cpp:650] gyr saturation
W20250111 19:32:39.855168 1022177 ImuError.cpp:650] gyr saturation
W20250111 19:32:39.855172 1022177 ImuError.cpp:650] gyr saturation
W20250111 19:32:39.855178 1022177 ImuError.cpp:650] gyr saturation
W20250111 19:32:39.855182 1022177 ImuError.cpp:650] gyr saturation
W20250111 19:32:39.855190 1022177 ImuError.cpp:650] gyr saturation
W20250111 19:32:39.855194 1022177 ImuError.cpp:650] gyr saturation
W20250111 19:32:39.855197 1022177 ImuError.cpp:650] gyr saturation
W20250111 19:32:39.855201 1022177 ImuError.cpp:650] gyr saturation
W20250111 19:32:39.855206 1022177 ImuError.cpp:650] gyr saturation
W20250111 19:32:39.855209 1022177 ImuError.cpp:650] gyr saturation
W20250111 19:32:39.855213 1022177 ImuError.cpp:650] gyr saturation
W20250111 19:32:39.858461 1022177 ImuError.cpp:368] gyr saturation
W20250111 19:32:39.858500 1022177 ImuError.cpp:368] gyr saturation
W20250111 19:32:39.858511 1022177 ImuError.cpp:368] gyr saturation
W20250111 19:32:39.858518 1022177 ImuError.cpp:368] gyr saturation
W20250111 19:32:39.858537 1022177 ImuError.cpp:368] gyr saturation
W20250111 19:32:39.858546 1022177 ImuError.cpp:368] gyr saturation
W20250111 19:32:39.858553 1022177 ImuError.cpp:368] gyr saturation
W20250111 19:32:39.858562 1022177 ImuError.cpp:368] gyr saturation
W20250111 19:32:39.858570 1022177 ImuError.cpp:368] gyr saturation
W20250111 19:32:39.858577 1022177 ImuError.cpp:368] gyr saturation
W20250111 19:32:39.858584 1022177 ImuError.cpp:368] gyr saturation
W20250111 19:32:39.858592 1022177 ImuError.cpp:368] gyr saturation
W20250111 19:32:39.858603 1022177 ImuError.cpp:368] gyr saturation
W20250111 19:32:39.858610 1022177 ImuError.cpp:368] gyr saturation
W20250111 19:32:39.858618 1022177 ImuError.cpp:368] gyr saturation
W20250111 19:32:39.858625 1022177 ImuError.cpp:368] gyr saturation
W20250111 19:32:39.858637 1022177 ImuError.cpp:368] gyr saturation
W20250111 19:32:39.858644 1022177 ImuError.cpp:368] gyr saturation
W20250111 19:32:39.858652 1022177 ImuError.cpp:368] gyr saturation
W20250111 19:32:39.858660 1022177 ImuError.cpp:368] gyr saturation
W20250111 19:32:39.858668 1022177 ImuError.cpp:368] gyr saturation
W20250111 19:32:39.858676 1022177 ImuError.cpp:368] gyr saturation
W20250111 19:32:39.858685 1022177 ImuError.cpp:368] gyr saturation
W20250111 19:32:39.858692 1022177 ImuError.cpp:368] gyr saturation
W20250111 19:32:39.858700 1022177 ImuError.cpp:368] gyr saturation
W20250111 19:32:39.858708 1022177 ImuError.cpp:368] gyr saturation
W20250111 19:32:39.858716 1022177 ImuError.cpp:368] gyr saturation
W20250111 19:32:39.858724 1022177 ImuError.cpp:368] gyr saturation
W20250111 19:32:39.858731 1022177 ImuError.cpp:368] gyr saturation
W20250111 19:32:39.858740 1022177 ImuError.cpp:368] gyr saturation
W20250111 19:32:39.858748 1022177 ImuError.cpp:368] gyr saturation
W20250111 19:32:39.858757 1022177 ImuError.cpp:368] gyr saturation
W20250111 19:32:39.858765 1022177 ImuError.cpp:368] gyr saturation
W20250111 19:32:39.858773 1022177 ImuError.cpp:368] gyr saturation
W20250111 19:32:39.858781 1022177 ImuError.cpp:368] gyr saturation
W20250111 19:32:39.862680 1022177 ImuError.cpp:650] gyr saturation
W20250111 19:32:39.862718 1022177 ImuError.cpp:650] gyr saturation
W20250111 19:32:39.862725 1022177 ImuError.cpp:650] gyr saturation
W20250111 19:32:39.862728 1022177 ImuError.cpp:650] gyr saturation
W20250111 19:32:39.862732 1022177 ImuError.cpp:650] gyr saturation
W20250111 19:32:39.862741 1022177 ImuError.cpp:650] gyr saturation
W20250111 19:32:39.862746 1022177 ImuError.cpp:650] gyr saturation
W20250111 19:32:39.862749 1022177 ImuError.cpp:650] gyr saturation
W20250111 19:32:39.862753 1022177 ImuError.cpp:650] gyr saturation
W20250111 19:32:39.862757 1022177 ImuError.cpp:650] gyr saturation
W20250111 19:32:39.862761 1022177 ImuError.cpp:650] gyr saturation
W20250111 19:32:39.862767 1022177 ImuError.cpp:650] gyr saturation
W20250111 19:32:39.862771 1022177 ImuError.cpp:650] gyr saturation
W20250111 19:32:39.862775 1022177 ImuError.cpp:650] gyr saturation
W20250111 19:32:39.862779 1022177 ImuError.cpp:650] gyr saturation
W20250111 19:32:39.862783 1022177 ImuError.cpp:650] gyr saturation
W20250111 19:32:39.862787 1022177 ImuError.cpp:650] gyr saturation
W20250111 19:32:39.862790 1022177 ImuError.cpp:650] gyr saturation
W20250111 19:32:39.862794 1022177 ImuError.cpp:650] gyr saturation
W20250111 19:32:39.862800 1022177 ImuError.cpp:650] gyr saturation
W20250111 19:32:39.862804 1022177 ImuError.cpp:650] gyr saturation
W20250111 19:32:39.862809 1022177 ImuError.cpp:650] gyr saturation
W20250111 19:32:39.862813 1022177 ImuError.cpp:650] gyr saturation
W20250111 19:32:39.862818 1022177 ImuError.cpp:650] gyr saturation
W20250111 19:32:39.862823 1022177 ImuError.cpp:650] gyr saturation
W20250111 19:32:39.862826 1022177 ImuError.cpp:650] gyr saturation
W20250111 19:32:39.862831 1022177 ImuError.cpp:650] gyr saturation
W20250111 19:32:39.862835 1022177 ImuError.cpp:650] gyr saturation
W20250111 19:32:39.862839 1022177 ImuError.cpp:650] gyr saturation
W20250111 19:32:39.862843 1022177 ImuError.cpp:650] gyr saturation
W20250111 19:32:39.862846 1022177 ImuError.cpp:650] gyr saturation
W20250111 19:32:39.862854 1022177 ImuError.cpp:650] gyr saturation
W20250111 19:32:39.862857 1022177 ImuError.cpp:650] gyr saturation
W20250111 19:32:39.862861 1022177 ImuError.cpp:650] gyr saturation
W20250111 19:32:39.862866 1022177 ImuError.cpp:650] gyr saturation
W20250111 19:32:39.862870 1022177 ImuError.cpp:650] gyr saturation
W20250111 19:32:39.862875 1022177 ImuError.cpp:650] gyr saturation
W20250111 19:32:39.862879 1022177 ImuError.cpp:650] gyr saturation
W20250111 19:32:39.862883 1022177 ImuError.cpp:650] gyr saturation
W20250111 19:32:39.862890 1022177 ImuError.cpp:650] gyr saturation
W20250111 19:32:39.862893 1022177 ImuError.cpp:650] gyr saturation
W20250111 19:32:39.862897 1022177 ImuError.cpp:650] gyr saturation
W20250111 19:32:39.862903 1022177 ImuError.cpp:650] gyr saturation
W20250111 19:32:39.862907 1022177 ImuError.cpp:650] gyr saturation
W20250111 19:32:39.862915 1022177 ImuError.cpp:650] gyr saturation
W20250111 19:32:39.862919 1022177 ImuError.cpp:650] gyr saturation
W20250111 19:32:39.862926 1022177 ImuError.cpp:650] gyr saturation
W20250111 19:32:39.862929 1022177 ImuError.cpp:650] gyr saturation
W20250111 19:32:39.862932 1022177 ImuError.cpp:650] gyr saturation
W20250111 19:32:39.862936 1022177 ImuError.cpp:650] gyr saturation
W20250111 19:32:39.862941 1022177 ImuError.cpp:650] gyr saturation
W20250111 19:32:39.862946 1022177 ImuError.cpp:650] gyr saturation
W20250111 19:32:39.862949 1022177 ImuError.cpp:650] gyr saturation
W20250111 19:32:39.862954 1022177 ImuError.cpp:650] gyr saturation
W20250111 19:32:39.862958 1022177 ImuError.cpp:650] gyr saturation
W20250111 19:32:39.877311 1318113 ImuError.cpp:165] gyr saturation
W20250111 19:32:39.877365 1318113 ImuError.cpp:165] gyr saturation
W20250111 19:32:39.877374 1318113 ImuError.cpp:165] gyr saturation
W20250111 19:32:39.877383 1318113 ImuError.cpp:165] gyr saturation
W20250111 19:32:39.877390 1318113 ImuError.cpp:165] gyr saturation
W20250111 19:32:39.877398 1318113 ImuError.cpp:165] gyr saturation
W20250111 19:32:39.877409 1318113 ImuError.cpp:165] gyr saturation
W20250111 19:32:39.877419 1318113 ImuError.cpp:165] gyr saturation
W20250111 19:32:39.877426 1318113 ImuError.cpp:165] gyr saturation
W20250111 19:32:39.877434 1318113 ImuError.cpp:165] gyr saturation
W20250111 19:32:39.877442 1318113 ImuError.cpp:165] gyr saturation
W20250111 19:32:39.877457 1318113 ImuError.cpp:165] gyr saturation
W20250111 19:32:39.877466 1318113 ImuError.cpp:165] gyr saturation
W20250111 19:32:39.877476 1318113 ImuError.cpp:165] gyr saturation
W20250111 19:32:39.877485 1318113 ImuError.cpp:165] gyr saturation
W20250111 19:32:39.877493 1318113 ImuError.cpp:165] gyr saturation
W20250111 19:32:39.877501 1318113 ImuError.cpp:165] gyr saturation
W20250111 19:32:39.877508 1318113 ImuError.cpp:165] gyr saturation
W20250111 19:32:39.877516 1318113 ImuError.cpp:165] gyr saturation
W20250111 19:32:39.877523 1318113 ImuError.cpp:165] gyr saturation
W20250111 19:32:39.877532 1318113 ImuError.cpp:165] gyr saturation
W20250111 19:32:39.877539 1318113 ImuError.cpp:165] gyr saturation
W20250111 19:32:39.877547 1318113 ImuError.cpp:165] gyr saturation
W20250111 19:32:39.877555 1318113 ImuError.cpp:165] gyr saturation
W20250111 19:32:39.877563 1318113 ImuError.cpp:165] gyr saturation
W20250111 19:32:39.877570 1318113 ImuError.cpp:165] gyr saturation
W20250111 19:32:39.877578 1318113 ImuError.cpp:165] gyr saturation
W20250111 19:32:39.877585 1318113 ImuError.cpp:165] gyr saturation
W20250111 19:32:39.877593 1318113 ImuError.cpp:165] gyr saturation
W20250111 19:32:39.877600 1318113 ImuError.cpp:165] gyr saturation
W20250111 19:32:39.877607 1318113 ImuError.cpp:165] gyr saturation
W20250111 19:32:39.877615 1318113 ImuError.cpp:165] gyr saturation
W20250111 19:32:39.877624 1318113 ImuError.cpp:165] gyr saturation
W20250111 19:32:39.877633 1318113 ImuError.cpp:165] gyr saturation
W20250111 19:32:39.877641 1318113 ImuError.cpp:165] gyr saturation
W20250111 19:32:39.877789 1318113 ImuError.cpp:165] gyr saturation
W20250111 19:32:39.877799 1318113 ImuError.cpp:165] gyr saturation
W20250111 19:32:39.877810 1318113 ImuError.cpp:165] gyr saturation
W20250111 19:32:39.877821 1318113 ImuError.cpp:165] gyr saturation
W20250111 19:32:39.877830 1318113 ImuError.cpp:165] gyr saturation
W20250111 19:32:39.877837 1318113 ImuError.cpp:165] gyr saturation
W20250111 19:32:39.877846 1318113 ImuError.cpp:165] gyr saturation
W20250111 19:32:39.877853 1318113 ImuError.cpp:165] gyr saturation
W20250111 19:32:39.877861 1318113 ImuError.cpp:165] gyr saturation
W20250111 19:32:39.877868 1318113 ImuError.cpp:165] gyr saturation
W20250111 19:32:39.877877 1318113 ImuError.cpp:165] gyr saturation
W20250111 19:32:39.877887 1318113 ImuError.cpp:165] gyr saturation
W20250111 19:32:39.877893 1318113 ImuError.cpp:165] gyr saturation
W20250111 19:32:39.877902 1318113 ImuError.cpp:165] gyr saturation
W20250111 19:32:39.877909 1318113 ImuError.cpp:165] gyr saturation
W20250111 19:32:39.877916 1318113 ImuError.cpp:165] gyr saturation
W20250111 19:32:39.877924 1318113 ImuError.cpp:165] gyr saturation
W20250111 19:32:39.877931 1318113 ImuError.cpp:165] gyr saturation
W20250111 19:32:39.877938 1318113 ImuError.cpp:165] gyr saturation
W20250111 19:32:39.877946 1318113 ImuError.cpp:165] gyr saturation
W20250111 19:32:39.877954 1318113 ImuError.cpp:165] gyr saturation
W20250111 19:32:39.877964 1318113 ImuError.cpp:165] gyr saturation
W20250111 19:32:39.877972 1318113 ImuError.cpp:165] gyr saturation
W20250111 19:32:39.877980 1318113 ImuError.cpp:165] gyr saturation
W20250111 19:32:39.877990 1318113 ImuError.cpp:165] gyr saturation
W20250111 19:32:39.877997 1318113 ImuError.cpp:165] gyr saturation
W20250111 19:32:39.878005 1318113 ImuError.cpp:165] gyr saturation
W20250111 19:32:39.878015 1318113 ImuError.cpp:165] gyr saturation
W20250111 19:32:39.878024 1318113 ImuError.cpp:165] gyr saturation
W20250111 19:32:39.878032 1318113 ImuError.cpp:165] gyr saturation
W20250111 19:32:39.878042 1318113 ImuError.cpp:165] gyr saturation
W20250111 19:32:39.878052 1318113 ImuError.cpp:165] gyr saturation
W20250111 19:32:39.878060 1318113 ImuError.cpp:165] gyr saturation
W20250111 19:32:39.878070 1318113 ImuError.cpp:165] gyr saturation
W20250111 19:32:39.878080 1318113 ImuError.cpp:165] gyr saturation
W20250111 19:32:39.878746 1022177 ImuError.cpp:650] gyr saturation
W20250111 19:32:39.878767 1022177 ImuError.cpp:650] gyr saturation
W20250111 19:32:39.878772 1022177 ImuError.cpp:650] gyr saturation
W20250111 19:32:39.878777 1022177 ImuError.cpp:650] gyr saturation
W20250111 19:32:39.878780 1022177 ImuError.cpp:650] gyr saturation
W20250111 19:32:39.878784 1022177 ImuError.cpp:650] gyr saturation
W20250111 19:32:39.878789 1022177 ImuError.cpp:650] gyr saturation
W20250111 19:32:39.878793 1022177 ImuError.cpp:650] gyr saturation
W20250111 19:32:39.878798 1022177 ImuError.cpp:650] gyr saturation
W20250111 19:32:39.878801 1022177 ImuError.cpp:650] gyr saturation
W20250111 19:32:39.878808 1022177 ImuError.cpp:650] gyr saturation
W20250111 19:32:39.878814 1022177 ImuError.cpp:650] gyr saturation
W20250111 19:32:39.878818 1022177 ImuError.cpp:650] gyr saturation
W20250111 19:32:39.878822 1022177 ImuError.cpp:650] gyr saturation
W20250111 19:32:39.878826 1022177 ImuError.cpp:650] gyr saturation
W20250111 19:32:39.878832 1022177 ImuError.cpp:650] gyr saturation
W20250111 19:32:39.878836 1022177 ImuError.cpp:650] gyr saturation
W20250111 19:32:39.878841 1022177 ImuError.cpp:650] gyr saturation
W20250111 19:32:39.878846 1022177 ImuError.cpp:650] gyr saturation
W20250111 19:32:39.878851 1022177 ImuError.cpp:650] gyr saturation
W20250111 19:32:39.878856 1022177 ImuError.cpp:650] gyr saturation
W20250111 19:32:39.878950 1022177 ImuError.cpp:650] gyr saturation
W20250111 19:32:39.878957 1022177 ImuError.cpp:650] gyr saturation
W20250111 19:32:39.878960 1022177 ImuError.cpp:650] gyr saturation
W20250111 19:32:39.878965 1022177 ImuError.cpp:650] gyr saturation
W20250111 19:32:39.878968 1022177 ImuError.cpp:650] gyr saturation
W20250111 19:32:39.878974 1022177 ImuError.cpp:650] gyr saturation
W20250111 19:32:39.878980 1022177 ImuError.cpp:650] gyr saturation
W20250111 19:32:39.878988 1022177 ImuError.cpp:650] gyr saturation
W20250111 19:32:39.878993 1022177 ImuError.cpp:650] gyr saturation
W20250111 19:32:39.878997 1022177 ImuError.cpp:650] gyr saturation
W20250111 19:32:39.879001 1022177 ImuError.cpp:650] gyr saturation
W20250111 19:32:39.879005 1022177 ImuError.cpp:650] gyr saturation
W20250111 19:32:39.879009 1022177 ImuError.cpp:650] gyr saturation
W20250111 19:32:39.879014 1022177 ImuError.cpp:650] gyr saturation
W20250111 19:32:39.879019 1022177 ImuError.cpp:650] gyr saturation
W20250111 19:32:39.879022 1022177 ImuError.cpp:650] gyr saturation
W20250111 19:32:39.879027 1022177 ImuError.cpp:650] gyr saturation
W20250111 19:32:39.879031 1022177 ImuError.cpp:650] gyr saturation
W20250111 19:32:39.879035 1022177 ImuError.cpp:650] gyr saturation
W20250111 19:32:39.879040 1022177 ImuError.cpp:650] gyr saturation
W20250111 19:32:39.879043 1022177 ImuError.cpp:650] gyr saturation
W20250111 19:32:39.881893 1022177 ImuError.cpp:368] gyr saturation
W20250111 19:32:39.881933 1022177 ImuError.cpp:368] gyr saturation
W20250111 19:32:39.881942 1022177 ImuError.cpp:368] gyr saturation
W20250111 19:32:39.881951 1022177 ImuError.cpp:368] gyr saturation
W20250111 19:32:39.881959 1022177 ImuError.cpp:368] gyr saturation
W20250111 19:32:39.881975 1022177 ImuError.cpp:368] gyr saturation
W20250111 19:32:39.881981 1022177 ImuError.cpp:368] gyr saturation
W20250111 19:32:39.881991 1022177 ImuError.cpp:368] gyr saturation
W20250111 19:32:39.881999 1022177 ImuError.cpp:368] gyr saturation
W20250111 19:32:39.882009 1022177 ImuError.cpp:368] gyr saturation
W20250111 19:32:39.882017 1022177 ImuError.cpp:368] gyr saturation
W20250111 19:32:39.882026 1022177 ImuError.cpp:368] gyr saturation
W20250111 19:32:39.882035 1022177 ImuError.cpp:368] gyr saturation
W20250111 19:32:39.882042 1022177 ImuError.cpp:368] gyr saturation
W20250111 19:32:39.882053 1022177 ImuError.cpp:368] gyr saturation
W20250111 19:32:39.882061 1022177 ImuError.cpp:368] gyr saturation
W20250111 19:32:39.882069 1022177 ImuError.cpp:368] gyr saturation
W20250111 19:32:39.882077 1022177 ImuError.cpp:368] gyr saturation
W20250111 19:32:39.882086 1022177 ImuError.cpp:368] gyr saturation
W20250111 19:32:39.882095 1022177 ImuError.cpp:368] gyr saturation
W20250111 19:32:39.882103 1022177 ImuError.cpp:368] gyr saturation
W20250111 19:32:39.886582 1022177 ImuError.cpp:650] gyr saturation
W20250111 19:32:39.886618 1022177 ImuError.cpp:650] gyr saturation
W20250111 19:32:39.886622 1022177 ImuError.cpp:650] gyr saturation
W20250111 19:32:39.886626 1022177 ImuError.cpp:650] gyr saturation
W20250111 19:32:39.886636 1022177 ImuError.cpp:650] gyr saturation
W20250111 19:32:39.886638 1022177 ImuError.cpp:650] gyr saturation
W20250111 19:32:39.886642 1022177 ImuError.cpp:650] gyr saturation
W20250111 19:32:39.886646 1022177 ImuError.cpp:650] gyr saturation
W20250111 19:32:39.886651 1022177 ImuError.cpp:650] gyr saturation
W20250111 19:32:39.886655 1022177 ImuError.cpp:650] gyr saturation
W20250111 19:32:39.886659 1022177 ImuError.cpp:650] gyr saturation
W20250111 19:32:39.886662 1022177 ImuError.cpp:650] gyr saturation
W20250111 19:32:39.886667 1022177 ImuError.cpp:650] gyr saturation
W20250111 19:32:39.886672 1022177 ImuError.cpp:650] gyr saturation
W20250111 19:32:39.886677 1022177 ImuError.cpp:650] gyr saturation
W20250111 19:32:39.886680 1022177 ImuError.cpp:650] gyr saturation
W20250111 19:32:39.886684 1022177 ImuError.cpp:650] gyr saturation
W20250111 19:32:39.886689 1022177 ImuError.cpp:650] gyr saturation
W20250111 19:32:39.886695 1022177 ImuError.cpp:650] gyr saturation
W20250111 19:32:39.886703 1022177 ImuError.cpp:650] gyr saturation
W20250111 19:32:39.886708 1022177 ImuError.cpp:650] gyr saturation
W20250111 19:32:39.904353 1318179 ImuError.cpp:165] gyr saturation
W20250111 19:32:39.904450 1318179 ImuError.cpp:165] gyr saturation
W20250111 19:32:39.904466 1318179 ImuError.cpp:165] gyr saturation
W20250111 19:32:39.904479 1318179 ImuError.cpp:165] gyr saturation
W20250111 19:32:39.904491 1318179 ImuError.cpp:165] gyr saturation
W20250111 19:32:39.904518 1318179 ImuError.cpp:165] gyr saturation
W20250111 19:32:39.904531 1318179 ImuError.cpp:165] gyr saturation
W20250111 19:32:39.904541 1318179 ImuError.cpp:165] gyr saturation
W20250111 19:32:39.904552 1318179 ImuError.cpp:165] gyr saturation
W20250111 19:32:39.904563 1318179 ImuError.cpp:165] gyr saturation
W20250111 19:32:39.904573 1318179 ImuError.cpp:165] gyr saturation
W20250111 19:32:39.904584 1318179 ImuError.cpp:165] gyr saturation
W20250111 19:32:39.904594 1318179 ImuError.cpp:165] gyr saturation
W20250111 19:32:39.904605 1318179 ImuError.cpp:165] gyr saturation
W20250111 19:32:39.904616 1318179 ImuError.cpp:165] gyr saturation
W20250111 19:32:39.904626 1318179 ImuError.cpp:165] gyr saturation
W20250111 19:32:39.904642 1318179 ImuError.cpp:165] gyr saturation
W20250111 19:32:39.904654 1318179 ImuError.cpp:165] gyr saturation
W20250111 19:32:39.904664 1318179 ImuError.cpp:165] gyr saturation
W20250111 19:32:39.904675 1318179 ImuError.cpp:165] gyr saturation
W20250111 19:32:39.904685 1318179 ImuError.cpp:165] gyr saturation
W20250111 19:32:39.904695 1318179 ImuError.cpp:165] gyr saturation
W20250111 19:32:39.904706 1318179 ImuError.cpp:165] gyr saturation
W20250111 19:32:39.904716 1318179 ImuError.cpp:165] gyr saturation
W20250111 19:32:39.904727 1318179 ImuError.cpp:165] gyr saturation
W20250111 19:32:39.904737 1318179 ImuError.cpp:165] gyr saturation
W20250111 19:32:39.904748 1318179 ImuError.cpp:165] gyr saturation
W20250111 19:32:39.904759 1318179 ImuError.cpp:165] gyr saturation
W20250111 19:32:39.904769 1318179 ImuError.cpp:165] gyr saturation
W20250111 19:32:39.904780 1318179 ImuError.cpp:165] gyr saturation
W20250111 19:32:39.904790 1318179 ImuError.cpp:165] gyr saturation
W20250111 19:32:39.904801 1318179 ImuError.cpp:165] gyr saturation
W20250111 19:32:39.904811 1318179 ImuError.cpp:165] gyr saturation
W20250111 19:32:39.904822 1318179 ImuError.cpp:165] gyr saturation
W20250111 19:32:39.905093 1318179 ImuError.cpp:165] gyr saturation
W20250111 19:32:39.905109 1318179 ImuError.cpp:165] gyr saturation
W20250111 19:32:39.905120 1318179 ImuError.cpp:165] gyr saturation
W20250111 19:32:39.905130 1318179 ImuError.cpp:165] gyr saturation
W20250111 19:32:39.905141 1318179 ImuError.cpp:165] gyr saturation
W20250111 19:32:39.905151 1318179 ImuError.cpp:165] gyr saturation
W20250111 19:32:39.905162 1318179 ImuError.cpp:165] gyr saturation
W20250111 19:32:39.905175 1318179 ImuError.cpp:165] gyr saturation
W20250111 19:32:39.905186 1318179 ImuError.cpp:165] gyr saturation
W20250111 19:32:39.905197 1318179 ImuError.cpp:165] gyr saturation
W20250111 19:32:39.905207 1318179 ImuError.cpp:165] gyr saturation
W20250111 19:32:39.905218 1318179 ImuError.cpp:165] gyr saturation
W20250111 19:32:39.905228 1318179 ImuError.cpp:165] gyr saturation
W20250111 19:32:39.905239 1318179 ImuError.cpp:165] gyr saturation
W20250111 19:32:39.905249 1318179 ImuError.cpp:165] gyr saturation
W20250111 19:32:39.905261 1318179 ImuError.cpp:165] gyr saturation
W20250111 19:32:39.905270 1318179 ImuError.cpp:165] gyr saturation
W20250111 19:32:39.905282 1318179 ImuError.cpp:165] gyr saturation
W20250111 19:32:39.905292 1318179 ImuError.cpp:165] gyr saturation
W20250111 19:32:39.905303 1318179 ImuError.cpp:165] gyr saturation
W20250111 19:32:39.905313 1318179 ImuError.cpp:165] gyr saturation
W20250111 19:32:39.905323 1318179 ImuError.cpp:165] gyr saturation
W20250111 19:32:39.905334 1318179 ImuError.cpp:165] gyr saturation
W20250111 19:32:39.905344 1318179 ImuError.cpp:165] gyr saturation
W20250111 19:32:39.905355 1318179 ImuError.cpp:165] gyr saturation
W20250111 19:32:39.905366 1318179 ImuError.cpp:165] gyr saturation
W20250111 19:32:39.905376 1318179 ImuError.cpp:165] gyr saturation
W20250111 19:32:39.905387 1318179 ImuError.cpp:165] gyr saturation
W20250111 19:32:39.905400 1318179 ImuError.cpp:165] gyr saturation
W20250111 19:32:39.905411 1318179 ImuError.cpp:165] gyr saturation
W20250111 19:32:39.905421 1318179 ImuError.cpp:165] gyr saturation
W20250111 19:32:39.905432 1318179 ImuError.cpp:165] gyr saturation
W20250111 19:32:39.905447 1318179 ImuError.cpp:165] gyr saturation
W20250111 19:32:39.905458 1318179 ImuError.cpp:165] gyr saturation
W20250111 19:32:39.943717 1318317 ImuError.cpp:165] gyr saturation
W20250111 19:32:39.943806 1318317 ImuError.cpp:165] gyr saturation
W20250111 19:32:39.943819 1318317 ImuError.cpp:165] gyr saturation
W20250111 19:32:39.943831 1318317 ImuError.cpp:165] gyr saturation
W20250111 19:32:39.943842 1318317 ImuError.cpp:165] gyr saturation
W20250111 19:32:39.943852 1318317 ImuError.cpp:165] gyr saturation
W20250111 19:32:39.943862 1318317 ImuError.cpp:165] gyr saturation
W20250111 19:32:39.943873 1318317 ImuError.cpp:165] gyr saturation
W20250111 19:32:39.943884 1318317 ImuError.cpp:165] gyr saturation
W20250111 19:32:39.943895 1318317 ImuError.cpp:165] gyr saturation
W20250111 19:32:39.943905 1318317 ImuError.cpp:165] gyr saturation
W20250111 19:32:39.943917 1318317 ImuError.cpp:165] gyr saturation
W20250111 19:32:39.943926 1318317 ImuError.cpp:165] gyr saturation
W20250111 19:32:39.943938 1318317 ImuError.cpp:165] gyr saturation
W20250111 19:32:39.943948 1318317 ImuError.cpp:165] gyr saturation
W20250111 19:32:39.943958 1318317 ImuError.cpp:165] gyr saturation
W20250111 19:32:39.943969 1318317 ImuError.cpp:165] gyr saturation
W20250111 19:32:39.943979 1318317 ImuError.cpp:165] gyr saturation
W20250111 19:32:39.943989 1318317 ImuError.cpp:165] gyr saturation
W20250111 19:32:39.944000 1318317 ImuError.cpp:165] gyr saturation
W20250111 19:32:39.944010 1318317 ImuError.cpp:165] gyr saturation
W20250111 19:32:39.944021 1318317 ImuError.cpp:165] gyr saturation
W20250111 19:32:39.944031 1318317 ImuError.cpp:165] gyr saturation
W20250111 19:32:39.944042 1318317 ImuError.cpp:165] gyr saturation
W20250111 19:32:39.944052 1318317 ImuError.cpp:165] gyr saturation
W20250111 19:32:39.944063 1318317 ImuError.cpp:165] gyr saturation
W20250111 19:32:39.944073 1318317 ImuError.cpp:165] gyr saturation
W20250111 19:32:39.944084 1318317 ImuError.cpp:165] gyr saturation
W20250111 19:32:39.944094 1318317 ImuError.cpp:165] gyr saturation
W20250111 19:32:39.944105 1318317 ImuError.cpp:165] gyr saturation
W20250111 19:32:39.944115 1318317 ImuError.cpp:165] gyr saturation
W20250111 19:32:39.944126 1318317 ImuError.cpp:165] gyr saturation
W20250111 19:32:39.944136 1318317 ImuError.cpp:165] gyr saturation
W20250111 19:32:39.944147 1318317 ImuError.cpp:165] gyr saturation
W20250111 19:32:39.944170 1318317 ImuError.cpp:165] gyr saturation
W20250111 19:32:39.944535 1318317 ImuError.cpp:165] gyr saturation
W20250111 19:32:39.944553 1318317 ImuError.cpp:165] gyr saturation
W20250111 19:32:39.944564 1318317 ImuError.cpp:165] gyr saturation
W20250111 19:32:39.944576 1318317 ImuError.cpp:165] gyr saturation
W20250111 19:32:39.944586 1318317 ImuError.cpp:165] gyr saturation
W20250111 19:32:39.944597 1318317 ImuError.cpp:165] gyr saturation
W20250111 19:32:39.944607 1318317 ImuError.cpp:165] gyr saturation
W20250111 19:32:39.944617 1318317 ImuError.cpp:165] gyr saturation
W20250111 19:32:39.944628 1318317 ImuError.cpp:165] gyr saturation
W20250111 19:32:39.944679 1318317 ImuError.cpp:165] gyr saturation
W20250111 19:32:39.944691 1318317 ImuError.cpp:165] gyr saturation
W20250111 19:32:39.944702 1318317 ImuError.cpp:165] gyr saturation
W20250111 19:32:39.944713 1318317 ImuError.cpp:165] gyr saturation
W20250111 19:32:39.944725 1318317 ImuError.cpp:165] gyr saturation
W20250111 19:32:39.944734 1318317 ImuError.cpp:165] gyr saturation
W20250111 19:32:39.944746 1318317 ImuError.cpp:165] gyr saturation
W20250111 19:32:39.944756 1318317 ImuError.cpp:165] gyr saturation
W20250111 19:32:39.944767 1318317 ImuError.cpp:165] gyr saturation
W20250111 19:32:39.944778 1318317 ImuError.cpp:165] gyr saturation
W20250111 19:32:39.944790 1318317 ImuError.cpp:165] gyr saturation
W20250111 19:32:39.944801 1318317 ImuError.cpp:165] gyr saturation
W20250111 19:32:39.944813 1318317 ImuError.cpp:165] gyr saturation
W20250111 19:32:39.944823 1318317 ImuError.cpp:165] gyr saturation
W20250111 19:32:39.944834 1318317 ImuError.cpp:165] gyr saturation
W20250111 19:32:39.944851 1318317 ImuError.cpp:165] gyr saturation
W20250111 19:32:39.944864 1318317 ImuError.cpp:165] gyr saturation
W20250111 19:32:39.944875 1318317 ImuError.cpp:165] gyr saturation
W20250111 19:32:39.944885 1318317 ImuError.cpp:165] gyr saturation
W20250111 19:32:39.944896 1318317 ImuError.cpp:165] gyr saturation
W20250111 19:32:39.944906 1318317 ImuError.cpp:165] gyr saturation
W20250111 19:32:39.944917 1318317 ImuError.cpp:165] gyr saturation
W20250111 19:32:39.944928 1318317 ImuError.cpp:165] gyr saturation
W20250111 19:32:39.944940 1318317 ImuError.cpp:165] gyr saturation
W20250111 19:32:39.944950 1318317 ImuError.cpp:165] gyr saturation
W20250111 19:32:39.944962 1318317 ImuError.cpp:165] gyr saturation
I20250111 19:32:40.097601 1022177 okvis_app_synchronous.cpp:210] OKVIS Timing
-----------
1 DetectAndDescribe                	   4754	00:00:09.310701	(00:00:00.001958 +- 00:00:00.000366)	[00:00:00.000948,00:00:00.004747]
2 Match                            	   4754	00:00:37.040867	(00:00:00.007792 +- 00:00:00.003666)	[00:00:00.000235,00:00:00.020543]
2.01 match to map                  	   4753	00:00:27.931778	(00:00:00.005877 +- 00:00:00.003230)	[00:00:00.000051,00:00:00.017507]
2.02 match motion stereo           	   4753	00:00:06.439240	(00:00:00.001355 +- 00:00:00.000446)	[00:00:00.000054,00:00:00.003440]
2.02.1 match motion stereo: prepare	   4753	00:00:01.447116	(00:00:00.000304 +- 00:00:00.000117)	[00:00:00.000001,00:00:00.000954]
2.10 match stereo                  	   1366	00:00:00.052653	(00:00:00.000039 +- 00:00:00.000043)	[00:00:00.000001,00:00:00.000431]
3 Optimise                         	   4753	00:01:13.002058	(00:00:00.015359 +- 00:00:00.005579)	[00:00:00.001233,00:00:00.036321]
4 Prepare publishing               	   4753	00:00:04.047568	(00:00:00.000852 +- 00:00:00.000337)	[00:00:00.000065,00:00:00.002774]
6 Visualising                      	   4753	00:00:00.001142	(00:00:00.000000 +- 00:00:00.000000)	[00:00:00.000000,00:00:00.000012]
7 Marginalise                      	   4753	00:00:08.662521	(00:00:00.001823 +- 00:00:00.000801)	[00:00:00.000006,00:00:00.007275]
7.1 check/handle lost              	   4753	00:00:00.143209	(00:00:00.000030 +- 00:00:00.000019)	[00:00:00.000000,00:00:00.000399]
7.2 eliminate IMU frames           	   4753	00:00:03.663083	(00:00:00.000771 +- 00:00:00.000571)	[00:00:00.000000,00:00:00.002678]
7.3 convert to posegraph           	   1680	00:00:01.431597	(00:00:00.000852 +- 00:00:00.000465)	[00:00:00.000095,00:00:00.004546]
7.4 freezing                       	   4752	00:00:00.005629	(00:00:00.000001 +- 00:00:00.000002)	[00:00:00.000000,00:00:00.000031]
7.6 expand                         	   4713	00:00:01.114885	(00:00:00.000237 +- 00:00:00.000144)	[00:00:00.000022,00:00:00.003215]
7.7 prune place recognition frames 	   4752	00:00:01.103859	(00:00:00.000232 +- 00:00:00.000122)	[00:00:00.000005,00:00:00.001016]
I20250111 19:32:40.097721 1022177 okvis_app_synchronous.cpp:219] Progress: 88% (1 [1%/s], ETA: 12s)
I20250111 19:32:40.159137 1022177 Frontend.cpp:2274] RANSAC FAIL: 9 inliers, ratio = 0.9
W20250111 19:32:40.179145 1022177 Frontend.cpp:612] 3d2d tracking weak: quality=0. Number of 3d2d-matches: 4
W20250111 19:32:40.189685 1319161 ViSlamBackend.cpp:466] TRACKING FAILURE: quality=0
W20250111 19:32:40.194430 1022177 Frontend.cpp:612] 3d2d tracking weak: quality=0. Number of 3d2d-matches: 3
W20250111 19:32:40.203491 1319219 ViSlamBackend.cpp:466] TRACKING FAILURE: quality=0
W20250111 19:32:40.204635 1022177 Frontend.cpp:615] 3d2d tracking lost. Number of 3d2d-matches: 2
W20250111 19:32:40.216517 1022177 Frontend.cpp:612] 3d2d tracking weak: quality=0. Number of 3d2d-matches: 5
W20250111 19:32:40.223344 1319271 ViSlamBackend.cpp:466] TRACKING FAILURE: quality=0
W20250111 19:32:40.415419 1022177 Frontend.cpp:612] 3d2d tracking weak: quality=0. Number of 3d2d-matches: 6
I20250111 19:32:40.430143 1022177 Frontend.cpp:2274] RANSAC FAIL: 9 inliers, ratio = 0.818182
I20250111 19:32:40.453116 1022177 Frontend.cpp:2274] RANSAC FAIL: 14 inliers, ratio = 0.7
I20250111 19:32:40.494562 1022177 Frontend.cpp:2274] RANSAC FAIL: 31 inliers, ratio = 0.688889
I20250111 19:32:40.507544 1022177 Frontend.cpp:2274] RANSAC FAIL: 31 inliers, ratio = 0.673913
I20250111 19:32:40.978467 1022177 Frontend.cpp:2274] RANSAC FAIL: 20 inliers, ratio = 0.689655
W20250111 19:32:41.016887 1022177 Frontend.cpp:612] 3d2d tracking weak: quality=0. Number of 3d2d-matches: 9
W20250111 19:32:41.036168 1321461 ViSlamBackend.cpp:466] TRACKING FAILURE: quality=0
W20250111 19:32:41.038079 1022177 Frontend.cpp:615] 3d2d tracking lost. Number of 3d2d-matches: 2
W20250111 19:32:41.049175 1321559 ViSlamBackend.cpp:466] TRACKING FAILURE: quality=0
W20250111 19:32:41.051468 1022177 Frontend.cpp:615] 3d2d tracking lost. Number of 3d2d-matches: 0
W20250111 19:32:41.071184 1321633 ViSlamBackend.cpp:466] TRACKING FAILURE: quality=0
W20250111 19:32:41.074265 1022177 Frontend.cpp:615] 3d2d tracking lost. Number of 3d2d-matches: 0
W20250111 19:32:41.083889 1321651 ViSlamBackend.cpp:466] TRACKING FAILURE: quality=0
W20250111 19:32:41.086215 1022177 Frontend.cpp:615] 3d2d tracking lost. Number of 3d2d-matches: 0
W20250111 19:32:41.096275 1321661 ViSlamBackend.cpp:466] TRACKING FAILURE: quality=0
W20250111 19:32:41.099033 1022177 Frontend.cpp:615] 3d2d tracking lost. Number of 3d2d-matches: 0
W20250111 19:32:41.112960 1321679 ViSlamBackend.cpp:466] TRACKING FAILURE: quality=0
W20250111 19:32:41.115028 1022177 Frontend.cpp:615] 3d2d tracking lost. Number of 3d2d-matches: 0
W20250111 19:32:41.130743 1321697 ViSlamBackend.cpp:466] TRACKING FAILURE: quality=0
W20250111 19:32:41.133131 1022177 Frontend.cpp:615] 3d2d tracking lost. Number of 3d2d-matches: 0
W20250111 19:32:41.144496 1321715 ViSlamBackend.cpp:466] TRACKING FAILURE: quality=0
W20250111 19:32:41.147264 1022177 Frontend.cpp:615] 3d2d tracking lost. Number of 3d2d-matches: 1
I20250111 19:32:41.251981 1022177 okvis_app_synchronous.cpp:210] OKVIS Timing
-----------
1 DetectAndDescribe                	   4808	00:00:09.401123	(00:00:00.001955 +- 00:00:00.000366)	[00:00:00.000948,00:00:00.004747]
2 Match                            	   4808	00:00:37.352995	(00:00:00.007769 +- 00:00:00.003664)	[00:00:00.000235,00:00:00.020543]
2.01 match to map                  	   4807	00:00:28.185462	(00:00:00.005863 +- 00:00:00.003226)	[00:00:00.000051,00:00:00.017507]
2.02 match motion stereo           	   4807	00:00:06.484087	(00:00:00.001349 +- 00:00:00.000449)	[00:00:00.000054,00:00:00.003440]
2.02.1 match motion stereo: prepare	   4807	00:00:01.454830	(00:00:00.000303 +- 00:00:00.000118)	[00:00:00.000001,00:00:00.000954]
2.10 match stereo                  	   1385	00:00:00.052836	(00:00:00.000038 +- 00:00:00.000042)	[00:00:00.000001,00:00:00.000431]
3 Optimise                         	   4807	00:01:13.749588	(00:00:00.015342 +- 00:00:00.005572)	[00:00:00.001233,00:00:00.036321]
4 Prepare publishing               	   4807	00:00:04.074389	(00:00:00.000848 +- 00:00:00.000338)	[00:00:00.000065,00:00:00.002774]
6 Visualising                      	   4807	00:00:00.001156	(00:00:00.000000 +- 00:00:00.000000)	[00:00:00.000000,00:00:00.000012]
7 Marginalise                      	   4807	00:00:08.722375	(00:00:00.001815 +- 00:00:00.000801)	[00:00:00.000006,00:00:00.007275]
7.1 check/handle lost              	   4807	00:00:00.144506	(00:00:00.000030 +- 00:00:00.000019)	[00:00:00.000000,00:00:00.000399]
7.2 eliminate IMU frames           	   4807	00:00:03.687536	(00:00:00.000767 +- 00:00:00.000570)	[00:00:00.000000,00:00:00.002678]
7.3 convert to posegraph           	   1711	00:00:01.446451	(00:00:00.000845 +- 00:00:00.000464)	[00:00:00.000095,00:00:00.004546]
7.4 freezing                       	   4806	00:00:00.005723	(00:00:00.000001 +- 00:00:00.000002)	[00:00:00.000000,00:00:00.000031]
7.6 expand                         	   4766	00:00:01.122042	(00:00:00.000235 +- 00:00:00.000144)	[00:00:00.000022,00:00:00.003215]
7.7 prune place recognition frames 	   4806	00:00:01.109547	(00:00:00.000231 +- 00:00:00.000122)	[00:00:00.000005,00:00:00.001016]
I20250111 19:32:41.252099 1022177 okvis_app_synchronous.cpp:219] Progress: 89% (1 [1%/s], ETA: 11s)
I20250111 19:32:42.885353 1022177 okvis_app_synchronous.cpp:210] OKVIS Timing
-----------
1 DetectAndDescribe                	   4862	00:00:09.517750	(00:00:00.001958 +- 00:00:00.000365)	[00:00:00.000948,00:00:00.004747]
2 Match                            	   4862	00:00:38.194600	(00:00:00.007856 +- 00:00:00.003736)	[00:00:00.000235,00:00:00.020543]
2.01 match to map                  	   4861	00:00:28.927796	(00:00:00.005951 +- 00:00:00.003314)	[00:00:00.000051,00:00:00.017507]
2.02 match motion stereo           	   4861	00:00:06.553033	(00:00:00.001348 +- 00:00:00.000447)	[00:00:00.000054,00:00:00.003440]
2.02.1 match motion stereo: prepare	   4861	00:00:01.470575	(00:00:00.000303 +- 00:00:00.000117)	[00:00:00.000001,00:00:00.000954]
2.10 match stereo                  	   1388	00:00:00.052955	(00:00:00.000038 +- 00:00:00.000042)	[00:00:00.000001,00:00:00.000431]
3 Optimise                         	   4861	00:01:14.408751	(00:00:00.015307 +- 00:00:00.005554)	[00:00:00.001233,00:00:00.036321]
4 Prepare publishing               	   4861	00:00:04.116251	(00:00:00.000847 +- 00:00:00.000336)	[00:00:00.000065,00:00:00.002774]
6 Visualising                      	   4861	00:00:00.001169	(00:00:00.000000 +- 00:00:00.000000)	[00:00:00.000000,00:00:00.000012]
7 Marginalise                      	   4861	00:00:08.806105	(00:00:00.001812 +- 00:00:00.000798)	[00:00:00.000006,00:00:00.007275]
7.1 check/handle lost              	   4861	00:00:00.145854	(00:00:00.000030 +- 00:00:00.000019)	[00:00:00.000000,00:00:00.000399]
7.2 eliminate IMU frames           	   4861	00:00:03.734682	(00:00:00.000768 +- 00:00:00.000568)	[00:00:00.000000,00:00:00.002678]
7.3 convert to posegraph           	   1716	00:00:01.449241	(00:00:00.000845 +- 00:00:00.000464)	[00:00:00.000095,00:00:00.004546]
7.4 freezing                       	   4860	00:00:00.005755	(00:00:00.000001 +- 00:00:00.000002)	[00:00:00.000000,00:00:00.000031]
7.6 expand                         	   4820	00:00:01.132018	(00:00:00.000235 +- 00:00:00.000143)	[00:00:00.000022,00:00:00.003215]
7.7 prune place recognition frames 	   4860	00:00:01.120550	(00:00:00.000231 +- 00:00:00.000121)	[00:00:00.000005,00:00:00.001016]
I20250111 19:32:42.885478 1022177 okvis_app_synchronous.cpp:219] Progress: 90% (1 [1%/s], ETA: 10s)
I20250111 19:32:44.807557 1022177 okvis_app_synchronous.cpp:210] OKVIS Timing
-----------
1 DetectAndDescribe                	   4916	00:00:09.627959	(00:00:00.001958 +- 00:00:00.000364)	[00:00:00.000948,00:00:00.004747]
2 Match                            	   4916	00:00:39.166530	(00:00:00.007967 +- 00:00:00.003865)	[00:00:00.000235,00:00:00.020543]
2.01 match to map                  	   4915	00:00:29.775468	(00:00:00.006058 +- 00:00:00.003451)	[00:00:00.000051,00:00:00.017549]
2.02 match motion stereo           	   4915	00:00:06.637351	(00:00:00.001350 +- 00:00:00.000446)	[00:00:00.000054,00:00:00.003440]
2.02.1 match motion stereo: prepare	   4915	00:00:01.493698	(00:00:00.000304 +- 00:00:00.000117)	[00:00:00.000001,00:00:00.000954]
2.10 match stereo                  	   1394	00:00:00.053592	(00:00:00.000038 +- 00:00:00.000043)	[00:00:00.000001,00:00:00.000431]
3 Optimise                         	   4915	00:01:15.184303	(00:00:00.015297 +- 00:00:00.005529)	[00:00:00.001233,00:00:00.036321]
4 Prepare publishing               	   4915	00:00:04.170389	(00:00:00.000849 +- 00:00:00.000336)	[00:00:00.000065,00:00:00.002774]
6 Visualising                      	   4915	00:00:00.001180	(00:00:00.000000 +- 00:00:00.000000)	[00:00:00.000000,00:00:00.000012]
7 Marginalise                      	   4915	00:00:08.919684	(00:00:00.001815 +- 00:00:00.000796)	[00:00:00.000006,00:00:00.007275]
7.1 check/handle lost              	   4915	00:00:00.147923	(00:00:00.000030 +- 00:00:00.000019)	[00:00:00.000000,00:00:00.000399]
7.2 eliminate IMU frames           	   4915	00:00:03.795451	(00:00:00.000772 +- 00:00:00.000567)	[00:00:00.000000,00:00:00.002678]
7.3 convert to posegraph           	   1718	00:00:01.451136	(00:00:00.000845 +- 00:00:00.000464)	[00:00:00.000095,00:00:00.004546]
7.4 freezing                       	   4914	00:00:00.005765	(00:00:00.000001 +- 00:00:00.000002)	[00:00:00.000000,00:00:00.000031]
7.6 expand                         	   4874	00:00:01.147090	(00:00:00.000235 +- 00:00:00.000143)	[00:00:00.000022,00:00:00.003215]
7.7 prune place recognition frames 	   4914	00:00:01.137667	(00:00:00.000232 +- 00:00:00.000121)	[00:00:00.000005,00:00:00.001016]
I20250111 19:32:44.807736 1022177 okvis_app_synchronous.cpp:219] Progress: 91% (1 [1%/s], ETA: 9s)
I20250111 19:32:45.993683 1022177 Frontend.cpp:2274] RANSAC FAIL: 46 inliers, ratio = 0.647887
W20250111 19:32:46.046506 1022177 ImuError.cpp:650] gyr saturation
W20250111 19:32:46.046566 1022177 ImuError.cpp:650] gyr saturation
W20250111 19:32:46.046574 1022177 ImuError.cpp:650] gyr saturation
W20250111 19:32:46.046582 1022177 ImuError.cpp:650] gyr saturation
W20250111 19:32:46.066140 1022177 ImuError.cpp:650] gyr saturation
W20250111 19:32:46.066222 1022177 ImuError.cpp:650] gyr saturation
W20250111 19:32:46.066232 1022177 ImuError.cpp:650] gyr saturation
W20250111 19:32:46.066238 1022177 ImuError.cpp:650] gyr saturation
W20250111 19:32:46.066494 1022177 ImuError.cpp:650] gyr saturation
W20250111 19:32:46.066504 1022177 ImuError.cpp:650] gyr saturation
W20250111 19:32:46.066510 1022177 ImuError.cpp:650] gyr saturation
W20250111 19:32:46.066515 1022177 ImuError.cpp:650] gyr saturation
W20250111 19:32:46.073042 1022177 ImuError.cpp:368] gyr saturation
W20250111 19:32:46.073112 1022177 ImuError.cpp:368] gyr saturation
W20250111 19:32:46.073127 1022177 ImuError.cpp:368] gyr saturation
W20250111 19:32:46.073137 1022177 ImuError.cpp:368] gyr saturation
W20250111 19:32:46.082288 1022177 ImuError.cpp:650] gyr saturation
W20250111 19:32:46.082345 1022177 ImuError.cpp:650] gyr saturation
W20250111 19:32:46.082353 1022177 ImuError.cpp:650] gyr saturation
W20250111 19:32:46.082360 1022177 ImuError.cpp:650] gyr saturation
W20250111 19:32:46.082365 1022177 ImuError.cpp:650] gyr saturation
W20250111 19:32:46.082371 1022177 ImuError.cpp:650] gyr saturation
W20250111 19:32:46.082376 1022177 ImuError.cpp:650] gyr saturation
W20250111 19:32:46.082381 1022177 ImuError.cpp:650] gyr saturation
W20250111 19:32:46.082386 1022177 ImuError.cpp:650] gyr saturation
W20250111 19:32:46.082391 1022177 ImuError.cpp:650] gyr saturation
W20250111 19:32:46.082396 1022177 ImuError.cpp:650] gyr saturation
W20250111 19:32:46.082401 1022177 ImuError.cpp:650] gyr saturation
W20250111 19:32:46.082407 1022177 ImuError.cpp:650] gyr saturation
W20250111 19:32:46.082412 1022177 ImuError.cpp:650] gyr saturation
W20250111 19:32:46.082418 1022177 ImuError.cpp:650] gyr saturation
W20250111 19:32:46.082423 1022177 ImuError.cpp:650] gyr saturation
W20250111 19:32:46.082428 1022177 ImuError.cpp:650] gyr saturation
W20250111 19:32:46.082433 1022177 ImuError.cpp:650] gyr saturation
W20250111 19:32:46.082439 1022177 ImuError.cpp:650] gyr saturation
W20250111 19:32:46.082444 1022177 ImuError.cpp:650] gyr saturation
W20250111 19:32:46.082449 1022177 ImuError.cpp:650] gyr saturation
W20250111 19:32:46.082454 1022177 ImuError.cpp:650] gyr saturation
W20250111 19:32:46.082460 1022177 ImuError.cpp:650] gyr saturation
W20250111 19:32:46.082465 1022177 ImuError.cpp:650] gyr saturation
W20250111 19:32:46.082470 1022177 ImuError.cpp:650] gyr saturation
W20250111 19:32:46.082475 1022177 ImuError.cpp:650] gyr saturation
W20250111 19:32:46.082481 1022177 ImuError.cpp:650] gyr saturation
W20250111 19:32:46.082486 1022177 ImuError.cpp:650] gyr saturation
W20250111 19:32:46.082491 1022177 ImuError.cpp:650] gyr saturation
W20250111 19:32:46.098886 1022177 ImuError.cpp:650] gyr saturation
W20250111 19:32:46.098934 1022177 ImuError.cpp:650] gyr saturation
W20250111 19:32:46.098940 1022177 ImuError.cpp:650] gyr saturation
W20250111 19:32:46.098948 1022177 ImuError.cpp:650] gyr saturation
W20250111 19:32:46.098953 1022177 ImuError.cpp:650] gyr saturation
W20250111 19:32:46.098958 1022177 ImuError.cpp:650] gyr saturation
W20250111 19:32:46.098971 1022177 ImuError.cpp:650] gyr saturation
W20250111 19:32:46.098984 1022177 ImuError.cpp:650] gyr saturation
W20250111 19:32:46.098990 1022177 ImuError.cpp:650] gyr saturation
W20250111 19:32:46.098995 1022177 ImuError.cpp:650] gyr saturation
W20250111 19:32:46.099001 1022177 ImuError.cpp:650] gyr saturation
W20250111 19:32:46.099006 1022177 ImuError.cpp:650] gyr saturation
W20250111 19:32:46.099012 1022177 ImuError.cpp:650] gyr saturation
W20250111 19:32:46.099017 1022177 ImuError.cpp:650] gyr saturation
W20250111 19:32:46.099022 1022177 ImuError.cpp:650] gyr saturation
W20250111 19:32:46.099028 1022177 ImuError.cpp:650] gyr saturation
W20250111 19:32:46.099033 1022177 ImuError.cpp:650] gyr saturation
W20250111 19:32:46.099038 1022177 ImuError.cpp:650] gyr saturation
W20250111 19:32:46.099045 1022177 ImuError.cpp:650] gyr saturation
W20250111 19:32:46.099049 1022177 ImuError.cpp:650] gyr saturation
W20250111 19:32:46.099054 1022177 ImuError.cpp:650] gyr saturation
W20250111 19:32:46.099059 1022177 ImuError.cpp:650] gyr saturation
W20250111 19:32:46.099064 1022177 ImuError.cpp:650] gyr saturation
W20250111 19:32:46.099071 1022177 ImuError.cpp:650] gyr saturation
W20250111 19:32:46.099076 1022177 ImuError.cpp:650] gyr saturation
W20250111 19:32:46.099081 1022177 ImuError.cpp:650] gyr saturation
W20250111 19:32:46.099328 1022177 ImuError.cpp:650] gyr saturation
W20250111 19:32:46.099339 1022177 ImuError.cpp:650] gyr saturation
W20250111 19:32:46.099344 1022177 ImuError.cpp:650] gyr saturation
W20250111 19:32:46.099349 1022177 ImuError.cpp:650] gyr saturation
W20250111 19:32:46.099354 1022177 ImuError.cpp:650] gyr saturation
W20250111 19:32:46.099359 1022177 ImuError.cpp:650] gyr saturation
W20250111 19:32:46.099364 1022177 ImuError.cpp:650] gyr saturation
W20250111 19:32:46.099370 1022177 ImuError.cpp:650] gyr saturation
W20250111 19:32:46.099375 1022177 ImuError.cpp:650] gyr saturation
W20250111 19:32:46.099380 1022177 ImuError.cpp:650] gyr saturation
W20250111 19:32:46.099385 1022177 ImuError.cpp:650] gyr saturation
W20250111 19:32:46.099390 1022177 ImuError.cpp:650] gyr saturation
W20250111 19:32:46.099395 1022177 ImuError.cpp:650] gyr saturation
W20250111 19:32:46.099401 1022177 ImuError.cpp:650] gyr saturation
W20250111 19:32:46.099406 1022177 ImuError.cpp:650] gyr saturation
W20250111 19:32:46.099411 1022177 ImuError.cpp:650] gyr saturation
W20250111 19:32:46.099416 1022177 ImuError.cpp:650] gyr saturation
W20250111 19:32:46.099421 1022177 ImuError.cpp:650] gyr saturation
W20250111 19:32:46.099426 1022177 ImuError.cpp:650] gyr saturation
W20250111 19:32:46.099432 1022177 ImuError.cpp:650] gyr saturation
W20250111 19:32:46.099437 1022177 ImuError.cpp:650] gyr saturation
W20250111 19:32:46.099442 1022177 ImuError.cpp:650] gyr saturation
W20250111 19:32:46.099447 1022177 ImuError.cpp:650] gyr saturation
W20250111 19:32:46.099452 1022177 ImuError.cpp:650] gyr saturation
W20250111 19:32:46.099457 1022177 ImuError.cpp:650] gyr saturation
W20250111 19:32:46.099463 1022177 ImuError.cpp:650] gyr saturation
W20250111 19:32:46.105471 1022177 ImuError.cpp:368] gyr saturation
W20250111 19:32:46.105553 1022177 ImuError.cpp:368] gyr saturation
W20250111 19:32:46.105566 1022177 ImuError.cpp:368] gyr saturation
W20250111 19:32:46.105577 1022177 ImuError.cpp:368] gyr saturation
W20250111 19:32:46.105589 1022177 ImuError.cpp:368] gyr saturation
W20250111 19:32:46.105600 1022177 ImuError.cpp:368] gyr saturation
W20250111 19:32:46.105612 1022177 ImuError.cpp:368] gyr saturation
W20250111 19:32:46.105621 1022177 ImuError.cpp:368] gyr saturation
W20250111 19:32:46.105638 1022177 ImuError.cpp:368] gyr saturation
W20250111 19:32:46.105648 1022177 ImuError.cpp:368] gyr saturation
W20250111 19:32:46.105659 1022177 ImuError.cpp:368] gyr saturation
W20250111 19:32:46.105670 1022177 ImuError.cpp:368] gyr saturation
W20250111 19:32:46.105680 1022177 ImuError.cpp:368] gyr saturation
W20250111 19:32:46.105691 1022177 ImuError.cpp:368] gyr saturation
W20250111 19:32:46.105701 1022177 ImuError.cpp:368] gyr saturation
W20250111 19:32:46.105721 1022177 ImuError.cpp:368] gyr saturation
W20250111 19:32:46.105741 1022177 ImuError.cpp:368] gyr saturation
W20250111 19:32:46.105752 1022177 ImuError.cpp:368] gyr saturation
W20250111 19:32:46.105764 1022177 ImuError.cpp:368] gyr saturation
W20250111 19:32:46.105774 1022177 ImuError.cpp:368] gyr saturation
W20250111 19:32:46.105785 1022177 ImuError.cpp:368] gyr saturation
W20250111 19:32:46.105795 1022177 ImuError.cpp:368] gyr saturation
W20250111 19:32:46.105806 1022177 ImuError.cpp:368] gyr saturation
W20250111 19:32:46.105816 1022177 ImuError.cpp:368] gyr saturation
W20250111 19:32:46.105827 1022177 ImuError.cpp:368] gyr saturation
W20250111 19:32:46.105837 1022177 ImuError.cpp:368] gyr saturation
W20250111 19:32:46.114758 1022177 ImuError.cpp:650] gyr saturation
W20250111 19:32:46.114820 1022177 ImuError.cpp:650] gyr saturation
W20250111 19:32:46.114827 1022177 ImuError.cpp:650] gyr saturation
W20250111 19:32:46.114833 1022177 ImuError.cpp:650] gyr saturation
W20250111 19:32:46.114838 1022177 ImuError.cpp:650] gyr saturation
W20250111 19:32:46.114843 1022177 ImuError.cpp:650] gyr saturation
W20250111 19:32:46.114848 1022177 ImuError.cpp:650] gyr saturation
W20250111 19:32:46.114854 1022177 ImuError.cpp:650] gyr saturation
W20250111 19:32:46.114861 1022177 ImuError.cpp:650] gyr saturation
W20250111 19:32:46.114866 1022177 ImuError.cpp:650] gyr saturation
W20250111 19:32:46.114871 1022177 ImuError.cpp:650] gyr saturation
W20250111 19:32:46.114876 1022177 ImuError.cpp:650] gyr saturation
W20250111 19:32:46.114881 1022177 ImuError.cpp:650] gyr saturation
W20250111 19:32:46.114886 1022177 ImuError.cpp:650] gyr saturation
W20250111 19:32:46.114892 1022177 ImuError.cpp:650] gyr saturation
W20250111 19:32:46.114897 1022177 ImuError.cpp:650] gyr saturation
W20250111 19:32:46.114902 1022177 ImuError.cpp:650] gyr saturation
W20250111 19:32:46.114907 1022177 ImuError.cpp:650] gyr saturation
W20250111 19:32:46.114912 1022177 ImuError.cpp:650] gyr saturation
W20250111 19:32:46.114917 1022177 ImuError.cpp:650] gyr saturation
W20250111 19:32:46.114921 1022177 ImuError.cpp:650] gyr saturation
W20250111 19:32:46.114926 1022177 ImuError.cpp:650] gyr saturation
W20250111 19:32:46.114931 1022177 ImuError.cpp:650] gyr saturation
W20250111 19:32:46.114938 1022177 ImuError.cpp:650] gyr saturation
W20250111 19:32:46.114943 1022177 ImuError.cpp:650] gyr saturation
W20250111 19:32:46.114948 1022177 ImuError.cpp:650] gyr saturation
I20250111 19:32:46.151176 1022177 Frontend.cpp:2274] RANSAC FAIL: 17 inliers, ratio = 0.62963
W20250111 19:32:46.168802 1330691 ImuError.cpp:165] gyr saturation
W20250111 19:32:46.168859 1330691 ImuError.cpp:165] gyr saturation
W20250111 19:32:46.168871 1330691 ImuError.cpp:165] gyr saturation
W20250111 19:32:46.168879 1330691 ImuError.cpp:165] gyr saturation
W20250111 19:32:46.168887 1330691 ImuError.cpp:165] gyr saturation
W20250111 19:32:46.168896 1330691 ImuError.cpp:165] gyr saturation
W20250111 19:32:46.168906 1330691 ImuError.cpp:165] gyr saturation
W20250111 19:32:46.168915 1330691 ImuError.cpp:165] gyr saturation
W20250111 19:32:46.168922 1330691 ImuError.cpp:165] gyr saturation
W20250111 19:32:46.168931 1330691 ImuError.cpp:165] gyr saturation
W20250111 19:32:46.168938 1330691 ImuError.cpp:165] gyr saturation
W20250111 19:32:46.168947 1330691 ImuError.cpp:165] gyr saturation
W20250111 19:32:46.168955 1330691 ImuError.cpp:165] gyr saturation
W20250111 19:32:46.168963 1330691 ImuError.cpp:165] gyr saturation
W20250111 19:32:46.168972 1330691 ImuError.cpp:165] gyr saturation
W20250111 19:32:46.168980 1330691 ImuError.cpp:165] gyr saturation
W20250111 19:32:46.168987 1330691 ImuError.cpp:165] gyr saturation
W20250111 19:32:46.168995 1330691 ImuError.cpp:165] gyr saturation
W20250111 19:32:46.169003 1330691 ImuError.cpp:165] gyr saturation
W20250111 19:32:46.169013 1330691 ImuError.cpp:165] gyr saturation
W20250111 19:32:46.169020 1330691 ImuError.cpp:165] gyr saturation
W20250111 19:32:46.169027 1330691 ImuError.cpp:165] gyr saturation
W20250111 19:32:46.169035 1330691 ImuError.cpp:165] gyr saturation
W20250111 19:32:46.169042 1330691 ImuError.cpp:165] gyr saturation
W20250111 19:32:46.169059 1330691 ImuError.cpp:165] gyr saturation
W20250111 19:32:46.169067 1330691 ImuError.cpp:165] gyr saturation
W20250111 19:32:46.169224 1330691 ImuError.cpp:165] gyr saturation
W20250111 19:32:46.169234 1330691 ImuError.cpp:165] gyr saturation
W20250111 19:32:46.169241 1330691 ImuError.cpp:165] gyr saturation
W20250111 19:32:46.169248 1330691 ImuError.cpp:165] gyr saturation
W20250111 19:32:46.169256 1330691 ImuError.cpp:165] gyr saturation
W20250111 19:32:46.169265 1330691 ImuError.cpp:165] gyr saturation
W20250111 19:32:46.169272 1330691 ImuError.cpp:165] gyr saturation
W20250111 19:32:46.169281 1330691 ImuError.cpp:165] gyr saturation
W20250111 19:32:46.169288 1330691 ImuError.cpp:165] gyr saturation
W20250111 19:32:46.169296 1330691 ImuError.cpp:165] gyr saturation
W20250111 19:32:46.169303 1330691 ImuError.cpp:165] gyr saturation
W20250111 19:32:46.169312 1330691 ImuError.cpp:165] gyr saturation
W20250111 19:32:46.169319 1330691 ImuError.cpp:165] gyr saturation
W20250111 19:32:46.169327 1330691 ImuError.cpp:165] gyr saturation
W20250111 19:32:46.169335 1330691 ImuError.cpp:165] gyr saturation
W20250111 19:32:46.169343 1330691 ImuError.cpp:165] gyr saturation
W20250111 19:32:46.169351 1330691 ImuError.cpp:165] gyr saturation
W20250111 19:32:46.169359 1330691 ImuError.cpp:165] gyr saturation
W20250111 19:32:46.169368 1330691 ImuError.cpp:165] gyr saturation
W20250111 19:32:46.169375 1330691 ImuError.cpp:165] gyr saturation
W20250111 19:32:46.169384 1330691 ImuError.cpp:165] gyr saturation
W20250111 19:32:46.169390 1330691 ImuError.cpp:165] gyr saturation
W20250111 19:32:46.169399 1330691 ImuError.cpp:165] gyr saturation
W20250111 19:32:46.169406 1330691 ImuError.cpp:165] gyr saturation
W20250111 19:32:46.169414 1330691 ImuError.cpp:165] gyr saturation
W20250111 19:32:46.169423 1330691 ImuError.cpp:165] gyr saturation
I20250111 19:32:46.587154 1022177 okvis_app_synchronous.cpp:210] OKVIS Timing
-----------
1 DetectAndDescribe                	   4970	00:00:09.734855	(00:00:00.001959 +- 00:00:00.000362)	[00:00:00.000948,00:00:00.004747]
2 Match                            	   4970	00:00:40.065120	(00:00:00.008061 +- 00:00:00.003955)	[00:00:00.000235,00:00:00.020543]
2.01 match to map                  	   4969	00:00:30.544859	(00:00:00.006147 +- 00:00:00.003541)	[00:00:00.000051,00:00:00.017549]
2.02 match motion stereo           	   4969	00:00:06.725740	(00:00:00.001354 +- 00:00:00.000446)	[00:00:00.000054,00:00:00.003440]
2.02.1 match motion stereo: prepare	   4969	00:00:01.514989	(00:00:00.000305 +- 00:00:00.000117)	[00:00:00.000001,00:00:00.000954]
2.10 match stereo                  	   1407	00:00:00.054728	(00:00:00.000039 +- 00:00:00.000043)	[00:00:00.000001,00:00:00.000431]
3 Optimise                         	   4969	00:01:15.900888	(00:00:00.015275 +- 00:00:00.005512)	[00:00:00.001233,00:00:00.036321]
4 Prepare publishing               	   4969	00:00:04.220266	(00:00:00.000849 +- 00:00:00.000335)	[00:00:00.000065,00:00:00.002774]
6 Visualising                      	   4969	00:00:00.001191	(00:00:00.000000 +- 00:00:00.000000)	[00:00:00.000000,00:00:00.000012]
7 Marginalise                      	   4969	00:00:09.027077	(00:00:00.001817 +- 00:00:00.000795)	[00:00:00.000006,00:00:00.007275]
7.1 check/handle lost              	   4969	00:00:00.149596	(00:00:00.000030 +- 00:00:00.000019)	[00:00:00.000000,00:00:00.000399]
7.2 eliminate IMU frames           	   4969	00:00:03.834695	(00:00:00.000772 +- 00:00:00.000567)	[00:00:00.000000,00:00:00.002678]
7.3 convert to posegraph           	   1737	00:00:01.472312	(00:00:00.000848 +- 00:00:00.000464)	[00:00:00.000095,00:00:00.004546]
7.4 freezing                       	   4968	00:00:00.005827	(00:00:00.000001 +- 00:00:00.000002)	[00:00:00.000000,00:00:00.000031]
7.6 expand                         	   4928	00:00:01.162061	(00:00:00.000236 +- 00:00:00.000142)	[00:00:00.000022,00:00:00.003215]
7.7 prune place recognition frames 	   4968	00:00:01.152428	(00:00:00.000232 +- 00:00:00.000121)	[00:00:00.000005,00:00:00.001016]
I20250111 19:32:46.587280 1022177 okvis_app_synchronous.cpp:219] Progress: 92% (1 [1%/s], ETA: 8s)
I20250111 19:32:48.444885 1022177 okvis_app_synchronous.cpp:210] OKVIS Timing
-----------
1 DetectAndDescribe                	   5024	00:00:09.857213	(00:00:00.001962 +- 00:00:00.000362)	[00:00:00.000948,00:00:00.004747]
2 Match                            	   5024	00:00:41.010761	(00:00:00.008163 +- 00:00:00.004053)	[00:00:00.000235,00:00:00.020543]
2.01 match to map                  	   5023	00:00:31.367756	(00:00:00.006245 +- 00:00:00.003646)	[00:00:00.000051,00:00:00.017549]
2.02 match motion stereo           	   5023	00:00:06.808266	(00:00:00.001355 +- 00:00:00.000444)	[00:00:00.000054,00:00:00.003440]
2.02.1 match motion stereo: prepare	   5023	00:00:01.536145	(00:00:00.000306 +- 00:00:00.000117)	[00:00:00.000001,00:00:00.000954]
2.10 match stereo                  	   1412	00:00:00.055166	(00:00:00.000039 +- 00:00:00.000043)	[00:00:00.000001,00:00:00.000431]
3 Optimise                         	   5023	00:01:16.646422	(00:00:00.015259 +- 00:00:00.005490)	[00:00:00.001233,00:00:00.036321]
4 Prepare publishing               	   5023	00:00:04.274439	(00:00:00.000851 +- 00:00:00.000335)	[00:00:00.000065,00:00:00.002774]
6 Visualising                      	   5023	00:00:00.001199	(00:00:00.000000 +- 00:00:00.000000)	[00:00:00.000000,00:00:00.000012]
7 Marginalise                      	   5023	00:00:09.132469	(00:00:00.001818 +- 00:00:00.000793)	[00:00:00.000006,00:00:00.007275]
7.1 check/handle lost              	   5023	00:00:00.151410	(00:00:00.000030 +- 00:00:00.000019)	[00:00:00.000000,00:00:00.000399]
7.2 eliminate IMU frames           	   5023	00:00:03.889560	(00:00:00.000774 +- 00:00:00.000566)	[00:00:00.000000,00:00:00.002678]
7.3 convert to posegraph           	   1743	00:00:01.476818	(00:00:00.000847 +- 00:00:00.000463)	[00:00:00.000095,00:00:00.004546]
7.4 freezing                       	   5022	00:00:00.005846	(00:00:00.000001 +- 00:00:00.000002)	[00:00:00.000000,00:00:00.000031]
7.6 expand                         	   4982	00:00:01.175444	(00:00:00.000236 +- 00:00:00.000142)	[00:00:00.000022,00:00:00.003215]
7.7 prune place recognition frames 	   5022	00:00:01.168162	(00:00:00.000233 +- 00:00:00.000121)	[00:00:00.000005,00:00:00.001016]
I20250111 19:32:48.445021 1022177 okvis_app_synchronous.cpp:219] Progress: 93% (1 [1%/s], ETA: 7s)
W20250111 19:32:49.779392 1022177 Frontend.cpp:612] 3d2d tracking weak: quality=0. Number of 3d2d-matches: 7
W20250111 19:32:49.797708 1337533 ViSlamBackend.cpp:466] TRACKING FAILURE: quality=0
W20250111 19:32:49.800237 1022177 Frontend.cpp:615] 3d2d tracking lost. Number of 3d2d-matches: 2
W20250111 19:32:49.816808 1337583 ViSlamBackend.cpp:466] TRACKING FAILURE: quality=0
W20250111 19:32:49.818145 1022177 Frontend.cpp:615] 3d2d tracking lost. Number of 3d2d-matches: 1
W20250111 19:32:49.829377 1337609 ViSlamBackend.cpp:466] TRACKING FAILURE: quality=0
W20250111 19:32:49.830400 1022177 Frontend.cpp:615] 3d2d tracking lost. Number of 3d2d-matches: 0
W20250111 19:32:49.845963 1337619 ViSlamBackend.cpp:466] TRACKING FAILURE: quality=0
W20250111 19:32:49.847644 1022177 Frontend.cpp:615] 3d2d tracking lost. Number of 3d2d-matches: 0
W20250111 19:32:49.856940 1337621 ViSlamBackend.cpp:466] TRACKING FAILURE: quality=0
W20250111 19:32:49.857645 1022177 Frontend.cpp:615] 3d2d tracking lost. Number of 3d2d-matches: 0
W20250111 19:32:49.867406 1337623 ViSlamBackend.cpp:466] TRACKING FAILURE: quality=0
W20250111 19:32:49.868283 1022177 Frontend.cpp:615] 3d2d tracking lost. Number of 3d2d-matches: 0
W20250111 19:32:49.882561 1337625 ViSlamBackend.cpp:466] TRACKING FAILURE: quality=0
W20250111 19:32:49.883703 1022177 Frontend.cpp:615] 3d2d tracking lost. Number of 3d2d-matches: 0
W20250111 19:32:49.897383 1337635 ViSlamBackend.cpp:466] TRACKING FAILURE: quality=0
W20250111 19:32:49.898650 1022177 Frontend.cpp:615] 3d2d tracking lost. Number of 3d2d-matches: 0
W20250111 19:32:49.906013 1337645 ViSlamBackend.cpp:466] TRACKING FAILURE: quality=0
W20250111 19:32:49.907058 1022177 Frontend.cpp:615] 3d2d tracking lost. Number of 3d2d-matches: 0
W20250111 19:32:49.920861 1337655 ViSlamBackend.cpp:466] TRACKING FAILURE: quality=0
W20250111 19:32:49.922696 1022177 Frontend.cpp:615] 3d2d tracking lost. Number of 3d2d-matches: 0
I20250111 19:32:49.923308 1022177 okvis_app_synchronous.cpp:210] OKVIS Timing
-----------
1 DetectAndDescribe                	   5078	00:00:09.955634	(00:00:00.001961 +- 00:00:00.000361)	[00:00:00.000948,00:00:00.004747]
2 Match                            	   5078	00:00:41.361622	(00:00:00.008145 +- 00:00:00.004046)	[00:00:00.000233,00:00:00.020543]
2.01 match to map                  	   5077	00:00:31.647506	(00:00:00.006234 +- 00:00:00.003637)	[00:00:00.000051,00:00:00.017549]
2.02 match motion stereo           	   5077	00:00:06.856898	(00:00:00.001351 +- 00:00:00.000446)	[00:00:00.000054,00:00:00.003440]
2.02.1 match motion stereo: prepare	   5077	00:00:01.549411	(00:00:00.000305 +- 00:00:00.000117)	[00:00:00.000001,00:00:00.000954]
2.10 match stereo                  	   1418	00:00:00.055342	(00:00:00.000039 +- 00:00:00.000043)	[00:00:00.000001,00:00:00.000431]
3 Optimise                         	   5077	00:01:17.605203	(00:00:00.015286 +- 00:00:00.005479)	[00:00:00.001233,00:00:00.036321]
4 Prepare publishing               	   5077	00:00:04.326455	(00:00:00.000852 +- 00:00:00.000335)	[00:00:00.000065,00:00:00.002774]
6 Visualising                      	   5077	00:00:00.001221	(00:00:00.000000 +- 00:00:00.000000)	[00:00:00.000000,00:00:00.000012]
7 Marginalise                      	   5077	00:00:09.241487	(00:00:00.001820 +- 00:00:00.000792)	[00:00:00.000006,00:00:00.007275]
7.1 check/handle lost              	   5077	00:00:00.153731	(00:00:00.000030 +- 00:00:00.000019)	[00:00:00.000000,00:00:00.000399]
7.2 eliminate IMU frames           	   5077	00:00:03.949757	(00:00:00.000778 +- 00:00:00.000567)	[00:00:00.000000,00:00:00.002678]
7.3 convert to posegraph           	   1748	00:00:01.482291	(00:00:00.000848 +- 00:00:00.000463)	[00:00:00.000095,00:00:00.004546]
7.4 freezing                       	   5076	00:00:00.005878	(00:00:00.000001 +- 00:00:00.000002)	[00:00:00.000000,00:00:00.000031]
7.6 expand                         	   5036	00:00:01.186800	(00:00:00.000236 +- 00:00:00.000141)	[00:00:00.000022,00:00:00.003215]
7.7 prune place recognition frames 	   5076	00:00:01.184582	(00:00:00.000233 +- 00:00:00.000121)	[00:00:00.000003,00:00:00.001016]
I20250111 19:32:49.923359 1022177 okvis_app_synchronous.cpp:219] Progress: 94% (1 [1%/s], ETA: 6s)
W20250111 19:32:50.043802 1022177 Frontend.cpp:612] 3d2d tracking weak: quality=0. Number of 3d2d-matches: 13
W20250111 19:32:50.054723 1337781 ViSlamBackend.cpp:466] TRACKING FAILURE: quality=0
I20250111 19:32:51.503237 1022177 okvis_app_synchronous.cpp:210] OKVIS Timing
-----------
1 DetectAndDescribe                	   5132	00:00:10.067115	(00:00:00.001962 +- 00:00:00.000361)	[00:00:00.000948,00:00:00.004747]
2 Match                            	   5132	00:00:42.180571	(00:00:00.008219 +- 00:00:00.004096)	[00:00:00.000233,00:00:00.020543]
2.01 match to map                  	   5131	00:00:32.352862	(00:00:00.006305 +- 00:00:00.003688)	[00:00:00.000051,00:00:00.017549]
2.02 match motion stereo           	   5131	00:00:06.938193	(00:00:00.001352 +- 00:00:00.000449)	[00:00:00.000054,00:00:00.003440]
2.02.1 match motion stereo: prepare	   5131	00:00:01.565267	(00:00:00.000305 +- 00:00:00.000117)	[00:00:00.000001,00:00:00.000954]
2.10 match stereo                  	   1439	00:00:00.056214	(00:00:00.000039 +- 00:00:00.000043)	[00:00:00.000001,00:00:00.000431]
3 Optimise                         	   5131	00:01:18.249151	(00:00:00.015250 +- 00:00:00.005472)	[00:00:00.001233,00:00:00.036321]
4 Prepare publishing               	   5131	00:00:04.363569	(00:00:00.000850 +- 00:00:00.000335)	[00:00:00.000065,00:00:00.002774]
6 Visualising                      	   5131	00:00:00.001230	(00:00:00.000000 +- 00:00:00.000000)	[00:00:00.000000,00:00:00.000012]
7 Marginalise                      	   5131	00:00:09.314199	(00:00:00.001815 +- 00:00:00.000792)	[00:00:00.000006,00:00:00.007275]
7.1 check/handle lost              	   5131	00:00:00.154892	(00:00:00.000030 +- 00:00:00.000019)	[00:00:00.000000,00:00:00.000399]
7.2 eliminate IMU frames           	   5131	00:00:03.977143	(00:00:00.000775 +- 00:00:00.000566)	[00:00:00.000000,00:00:00.002678]
7.3 convert to posegraph           	   1769	00:00:01.496422	(00:00:00.000846 +- 00:00:00.000462)	[00:00:00.000095,00:00:00.004546]
7.4 freezing                       	   5130	00:00:00.005941	(00:00:00.000001 +- 00:00:00.000002)	[00:00:00.000000,00:00:00.000031]
7.6 expand                         	   5090	00:00:01.196537	(00:00:00.000235 +- 00:00:00.000141)	[00:00:00.000022,00:00:00.003215]
7.7 prune place recognition frames 	   5130	00:00:01.193521	(00:00:00.000233 +- 00:00:00.000121)	[00:00:00.000003,00:00:00.001016]
I20250111 19:32:51.503428 1022177 okvis_app_synchronous.cpp:219] Progress: 95% (1 [1%/s], ETA: 5s)
I20250111 19:32:53.417873 1022177 okvis_app_synchronous.cpp:210] OKVIS Timing
-----------
1 DetectAndDescribe                	   5186	00:00:10.196085	(00:00:00.001966 +- 00:00:00.000362)	[00:00:00.000948,00:00:00.004747]
2 Match                            	   5186	00:00:42.650403	(00:00:00.008224 +- 00:00:00.004076)	[00:00:00.000233,00:00:00.020543]
2.01 match to map                  	   5185	00:00:32.713079	(00:00:00.006309 +- 00:00:00.003670)	[00:00:00.000051,00:00:00.017549]
2.02 match motion stereo           	   5185	00:00:07.014646	(00:00:00.001353 +- 00:00:00.000447)	[00:00:00.000054,00:00:00.003440]
2.02.1 match motion stereo: prepare	   5185	00:00:01.585404	(00:00:00.000306 +- 00:00:00.000117)	[00:00:00.000001,00:00:00.000954]
2.10 match stereo                  	   1453	00:00:00.056894	(00:00:00.000039 +- 00:00:00.000043)	[00:00:00.000001,00:00:00.000431]
3 Optimise                         	   5185	00:01:19.470748	(00:00:00.015327 +- 00:00:00.005509)	[00:00:00.001233,00:00:00.036321]
4 Prepare publishing               	   5185	00:00:04.435143	(00:00:00.000855 +- 00:00:00.000338)	[00:00:00.000065,00:00:00.002774]
6 Visualising                      	   5185	00:00:00.001248	(00:00:00.000000 +- 00:00:00.000000)	[00:00:00.000000,00:00:00.000012]
7 Marginalise                      	   5185	00:00:09.456890	(00:00:00.001824 +- 00:00:00.000794)	[00:00:00.000006,00:00:00.007275]
7.1 check/handle lost              	   5185	00:00:00.156943	(00:00:00.000030 +- 00:00:00.000019)	[00:00:00.000000,00:00:00.000399]
7.2 eliminate IMU frames           	   5185	00:00:04.037615	(00:00:00.000779 +- 00:00:00.000569)	[00:00:00.000000,00:00:00.002678]
7.3 convert to posegraph           	   1784	00:00:01.516759	(00:00:00.000850 +- 00:00:00.000463)	[00:00:00.000095,00:00:00.004546]
7.4 freezing                       	   5184	00:00:00.006023	(00:00:00.000001 +- 00:00:00.000002)	[00:00:00.000000,00:00:00.000031]
7.6 expand                         	   5144	00:00:01.214864	(00:00:00.000236 +- 00:00:00.000141)	[00:00:00.000022,00:00:00.003215]
7.7 prune place recognition frames 	   5184	00:00:01.213846	(00:00:00.000234 +- 00:00:00.000122)	[00:00:00.000003,00:00:00.001016]
I20250111 19:32:53.417997 1022177 okvis_app_synchronous.cpp:219] Progress: 96% (1 [1%/s], ETA: 4s)
I20250111 19:32:55.406697 1022177 okvis_app_synchronous.cpp:210] OKVIS Timing
-----------
1 DetectAndDescribe                	   5240	00:00:10.321283	(00:00:00.001970 +- 00:00:00.000362)	[00:00:00.000948,00:00:00.004747]
2 Match                            	   5240	00:00:43.509845	(00:00:00.008303 +- 00:00:00.004161)	[00:00:00.000233,00:00:00.021508]
2.01 match to map                  	   5239	00:00:33.449199	(00:00:00.006385 +- 00:00:00.003756)	[00:00:00.000051,00:00:00.018470]
2.02 match motion stereo           	   5239	00:00:07.095074	(00:00:00.001354 +- 00:00:00.000446)	[00:00:00.000054,00:00:00.003440]
2.02.1 match motion stereo: prepare	   5239	00:00:01.609981	(00:00:00.000307 +- 00:00:00.000118)	[00:00:00.000001,00:00:00.000954]
2.10 match stereo                  	   1454	00:00:00.057087	(00:00:00.000039 +- 00:00:00.000043)	[00:00:00.000001,00:00:00.000431]
3 Optimise                         	   5239	00:01:20.384785	(00:00:00.015344 +- 00:00:00.005504)	[00:00:00.001233,00:00:00.036321]
4 Prepare publishing               	   5239	00:00:04.503177	(00:00:00.000860 +- 00:00:00.000340)	[00:00:00.000065,00:00:00.002774]
6 Visualising                      	   5239	00:00:00.001260	(00:00:00.000000 +- 00:00:00.000000)	[00:00:00.000000,00:00:00.000012]
7 Marginalise                      	   5239	00:00:09.596522	(00:00:00.001832 +- 00:00:00.000796)	[00:00:00.000006,00:00:00.007275]
7.1 check/handle lost              	   5239	00:00:00.159228	(00:00:00.000030 +- 00:00:00.000019)	[00:00:00.000000,00:00:00.000399]
7.2 eliminate IMU frames           	   5239	00:00:04.111156	(00:00:00.000785 +- 00:00:00.000571)	[00:00:00.000000,00:00:00.002678]
7.3 convert to posegraph           	   1785	00:00:01.518274	(00:00:00.000851 +- 00:00:00.000464)	[00:00:00.000095,00:00:00.004546]
7.4 freezing                       	   5238	00:00:00.006034	(00:00:00.000001 +- 00:00:00.000002)	[00:00:00.000000,00:00:00.000031]
7.6 expand                         	   5198	00:00:01.233002	(00:00:00.000237 +- 00:00:00.000141)	[00:00:00.000022,00:00:00.003215]
7.7 prune place recognition frames 	   5238	00:00:01.237784	(00:00:00.000236 +- 00:00:00.000124)	[00:00:00.000003,00:00:00.001016]
I20250111 19:32:55.406785 1022177 okvis_app_synchronous.cpp:219] Progress: 97% (1 [1%/s], ETA: 3s)
I20250111 19:32:57.375512 1022177 okvis_app_synchronous.cpp:210] OKVIS Timing
-----------
1 DetectAndDescribe                	   5294	00:00:10.431935	(00:00:00.001971 +- 00:00:00.000361)	[00:00:00.000948,00:00:00.004747]
2 Match                            	   5294	00:00:44.019962	(00:00:00.008315 +- 00:00:00.004146)	[00:00:00.000233,00:00:00.021508]
2.01 match to map                  	   5293	00:00:33.860819	(00:00:00.006397 +- 00:00:00.003743)	[00:00:00.000051,00:00:00.018470]
2.02 match motion stereo           	   5293	00:00:07.160826	(00:00:00.001353 +- 00:00:00.000444)	[00:00:00.000054,00:00:00.003440]
2.02.1 match motion stereo: prepare	   5293	00:00:01.630485	(00:00:00.000308 +- 00:00:00.000117)	[00:00:00.000001,00:00:00.000954]
2.10 match stereo                  	   1454	00:00:00.057087	(00:00:00.000039 +- 00:00:00.000043)	[00:00:00.000001,00:00:00.000431]
3 Optimise                         	   5293	00:01:21.590554	(00:00:00.015415 +- 00:00:00.005528)	[00:00:00.001233,00:00:00.036321]
4 Prepare publishing               	   5293	00:00:04.582771	(00:00:00.000866 +- 00:00:00.000345)	[00:00:00.000065,00:00:00.002774]
6 Visualising                      	   5293	00:00:00.001280	(00:00:00.000000 +- 00:00:00.000000)	[00:00:00.000000,00:00:00.000012]
7 Marginalise                      	   5293	00:00:09.760975	(00:00:00.001844 +- 00:00:00.000803)	[00:00:00.000006,00:00:00.007275]
7.1 check/handle lost              	   5293	00:00:00.161801	(00:00:00.000031 +- 00:00:00.000019)	[00:00:00.000000,00:00:00.000399]
7.2 eliminate IMU frames           	   5293	00:00:04.200735	(00:00:00.000794 +- 00:00:00.000576)	[00:00:00.000000,00:00:00.002858]
7.3 convert to posegraph           	   1785	00:00:01.518274	(00:00:00.000851 +- 00:00:00.000464)	[00:00:00.000095,00:00:00.004546]
7.4 freezing                       	   5292	00:00:00.006044	(00:00:00.000001 +- 00:00:00.000002)	[00:00:00.000000,00:00:00.000031]
7.6 expand                         	   5252	00:00:01.252928	(00:00:00.000239 +- 00:00:00.000141)	[00:00:00.000022,00:00:00.003215]
7.7 prune place recognition frames 	   5292	00:00:01.267697	(00:00:00.000240 +- 00:00:00.000128)	[00:00:00.000003,00:00:00.001034]
I20250111 19:32:57.375607 1022177 okvis_app_synchronous.cpp:219] Progress: 98% (1 [1%/s], ETA: 2s)
I20250111 19:32:59.282941 1022177 okvis_app_synchronous.cpp:210] OKVIS Timing
-----------
1 DetectAndDescribe                	   5348	00:00:10.540211	(00:00:00.001971 +- 00:00:00.000359)	[00:00:00.000948,00:00:00.004747]
2 Match                            	   5348	00:00:44.501671	(00:00:00.008321 +- 00:00:00.004126)	[00:00:00.000233,00:00:00.021508]
2.01 match to map                  	   5347	00:00:34.247504	(00:00:00.006405 +- 00:00:00.003726)	[00:00:00.000051,00:00:00.018470]
2.02 match motion stereo           	   5347	00:00:07.224004	(00:00:00.001351 +- 00:00:00.000443)	[00:00:00.000054,00:00:00.003440]
2.02.1 match motion stereo: prepare	   5347	00:00:01.649855	(00:00:00.000309 +- 00:00:00.000117)	[00:00:00.000001,00:00:00.000954]
2.10 match stereo                  	   1454	00:00:00.057087	(00:00:00.000039 +- 00:00:00.000043)	[00:00:00.000001,00:00:00.000431]
3 Optimise                         	   5347	00:01:22.770767	(00:00:00.015480 +- 00:00:00.005546)	[00:00:00.001233,00:00:00.036321]
4 Prepare publishing               	   5347	00:00:04.662498	(00:00:00.000872 +- 00:00:00.000349)	[00:00:00.000065,00:00:00.002774]
6 Visualising                      	   5347	00:00:00.001301	(00:00:00.000000 +- 00:00:00.000000)	[00:00:00.000000,00:00:00.000012]
7 Marginalise                      	   5347	00:00:09.917990	(00:00:00.001855 +- 00:00:00.000807)	[00:00:00.000006,00:00:00.007275]
7.1 check/handle lost              	   5347	00:00:00.164291	(00:00:00.000031 +- 00:00:00.000019)	[00:00:00.000000,00:00:00.000399]
7.2 eliminate IMU frames           	   5347	00:00:04.287504	(00:00:00.000802 +- 00:00:00.000579)	[00:00:00.000000,00:00:00.002858]
7.3 convert to posegraph           	   1785	00:00:01.518274	(00:00:00.000851 +- 00:00:00.000464)	[00:00:00.000095,00:00:00.004546]
7.4 freezing                       	   5346	00:00:00.006056	(00:00:00.000001 +- 00:00:00.000002)	[00:00:00.000000,00:00:00.000031]
7.6 expand                         	   5306	00:00:01.271237	(00:00:00.000240 +- 00:00:00.000141)	[00:00:00.000022,00:00:00.003215]
7.7 prune place recognition frames 	   5346	00:00:01.296065	(00:00:00.000242 +- 00:00:00.000130)	[00:00:00.000003,00:00:00.001034]
I20250111 19:32:59.283030 1022177 okvis_app_synchronous.cpp:219] Progress: 99% (1 [1%/s], ETA: 1s)
I20250111 19:33:01.206250 1022177 okvis_app_synchronous.cpp:180] Finished!
I20250111 19:33:01.224340 1022177 okvis_app_synchronous.cpp:202] total processing time 144.614159634 s
>>> Close in.csv
>>> Close out.csv

________________________________________________________
Executed in  145.70 secs    fish           external
   usr time  211.34 secs  400.00 micros  211.34 secs
   sys time   18.22 secs  209.00 micros   18.22 secs

~/D/a/b/okvis2 (mateosss|✚5) $

