#t_ns,in_ts
9901891573408,12440441598744
9901910079408,12440466405917
9901928586408,12440490451359
9901947094408,12440517260891
9901965601408,12440541831216
9901984107408,12440555681529
9902002614408,12440570705633
9902021121408,12440583754628
9902039629408,12440597479452
9902058135408,12440613788492
9902076642408,12440626188475
9902095151408,12440642189431
9902113658408,12440655571367
9902132163408,12440672298078
9902150671408,12440690297539
9902169177408,12440704452051
9902187684408,12440728064203
9902206191408,12440741008705
9902224698408,12440754886853
9902243205408,12440767752599
9902261712408,12440789459627
9902280218408,12440803372930
9902298728408,12440822231701
9902317235408,12440836836742
9902335740408,12440851844697
9902354247408,12440864777892
9902372755408,12440878241649
9902391261408,12440894229781
9902409768408,12440905780177
9902428276408,12440920174393
9902446784408,12440933615554
9902465290408,12440946484260
9902483797408,12440959768209
9902502302408,12440972552993
9902520809408,12440984458837
9902539316408,12440997961672
9902557825408,12441012194903
9902576333408,12441025876993
9902594840408,12441041588865
9902613345408,12441058321978
9902631852408,12441072538578
9902650365408,12441086240648
9902668868408,12441099943854
9902687372408,12441114369911
9902705880408,12441129172451
9902724386408,12441142045254
9902742894408,12441156685863
9902761402408,12441170881750
9902779909408,12441184528807
9902798416408,12441198927116
9902816924408,12441213883325
9902835429408,12441226421826
9902853936408,12441241045469
9902872443408,12441256526125
9902890949408,12441271509564
9902909457408,12441283400387
9902927966408,12441302389515
9902946473408,12441316279678
9902964977408,12441329865835
9902983488408,12441345572605
9903001994408,12441359704329
9903020501408,12441373891957
9903039005408,12441386307814
9903057513408,12441398529814
9903076019408,12441413125301
9903094527408,12441427883653
9903113035408,12441441321731
9903131541408,12441455408874
9903150049408,12441471364301
9903168555408,12441486023763
9903187062408,12441502439273
9903205568408,12441518420058
9903224075408,12441533471873
9903242582408,12441547232316
9903261091408,12441561508587
9903279598408,12441573303668
9903298105408,12441584810467
9903316610408,12441598785392
9903335116408,12441613877277
9903353627408,12441627491059
9903372132408,12441641870971
9903390640408,12441657049829
9903409145408,12441670901893
9903427653408,12441684284757
9903446160408,12441697160349
9903464667408,12441712135572
9903483174408,12441724640357
9903501682408,12441737672095
9903520188408,12441750528516
9903538695408,12441764278444
9903557202408,12441777093382
9903575708408,12441789710682
9903594216408,12441805012417
9903612723408,12441819738538
9903631230408,12441833885722
9903649739408,12441847901248
9903668242408,12441862606715
9903686750408,12441877832618
9903705259408,12441892326855
9903723765408,12441908296114
9903742271408,12441922791534
9903760779408,12441937050742
9903779286408,12441953406958
9903797793408,12441968611895
9903816300408,12441985426769
9903834808408,12441999417648
9903853316408,12442018029138
9903871820408,12442032916841
9903890327408,12442048396432
9903908834408,12442064998728
9903927342408,12442079693272
9903945850408,12442094382139
9903964355408,12442109122290
9903982865408,12442125871211
9904001371408,12442142077791
9904019876408,12442156982002
9904038382408,12442174539884
9904056893408,12442192922041
9904075403408,12442208940731
9904093905408,12442224105312
9904112412408,12442239903212
9904130918408,12442261442021
9904149425408,12442277614386
9904167933408,12442290077418
9904186441408,12442300976136
9904204949408,12442313726866
9904223454408,12442324436303
9904241962408,12442338963700
9904260467408,12442353864652
9904278975408,12442368086655
9904297482408,12442383344669
9904315989408,12442401909357
9904334497408,12442415297523
9904353002408,12442427244737
9904371508408,12442443118493
9904390015408,12442458022233
9904408525408,12442471587819
9904427030408,12442483321364
9904445538408,12442497376568
9904464044408,12442511860205
9904482552408,12442525717953
9904501059408,12442540494630
9904519567408,12442554549014
9904538073408,12442566898925
9904556579408,12442580960425
9904575087408,12442595174215
9904593594408,12442606484077
9904612101408,12442620426116
9904630607408,12442634623524
9904649115408,12442648412873
9904667622408,12442659599667
9904686130408,12442670824457
9904704635408,12442684292712
9904723141408,12442695111307
9904741648408,12442707595398
9904760156408,12442722126512
9904778665408,12442737075318
9904797169408,12442750640403
9904815677408,12442763512413
9904834186408,12442775802303
9904852691408,12442789807787
9904871198408,12442802504194
9904889707408,12442818165914
9904908212408,12442832540985
9904926719408,12442845835156
9904945226408,12442859772272
9904963734408,12442873529558
9904982240408,12442887392238
9905000747408,12442899592843
9905019255408,12442913443968
9905037765408,12442927211386
9905056268408,12442939987655
9905074774408,12442950402841
9905093282408,12442963243251
9905111789408,12442977750473
9905130295408,12442989865677
9905148804408,12443004364321
9905167310408,12443017926156
9905185817408,12443030438005
9905204325408,12443041797710
9905222833408,12443053521233
9905241340408,12443066212218
9905259846408,12443076962252
9905278352408,12443090728096
9905296860408,12443102666542
9905315365408,12443115201018
9905333873408,12443125173122
9905352380408,12443137621953
9905370889408,12443149458129
9905389394408,12443161798624
9905407901408,12443172322027
9905426406408,12443184133732
9905444915408,12443196116262
9905463430408,12443205756546
9905481931408,12443215653697
9905500452408,12443226927561
9905518944408,12443238266996
9905537450408,12443249136040
9905555957408,12443261296640
9905574465408,12443273445308
9905592972408,12443285747141
9905611482408,12443297503752
9905629984408,12443307503201
9905648491408,12443317760968
9905666999408,12443332497606
9905685506408,12443346561913
9905704013408,12443361220100
9905722522408,12443375210923
9905741026408,12443389216865
9905759534408,12443401219976
9905778041408,12443414404219
9905796548408,12443429797522
9905815054408,12443444101251
9905833561408,12443457387603
9905852070408,12443473437861
9905870577408,12443486558117
9905889083408,12443499870160
9905907591408,12443513019955
9905926100408,12443528032140
9905944604408,12443541545762
9905963112408,12443554167277
9905981617408,12443568023033
9906000125408,12443577890777
9906018632408,12443589640388
9906037138408,12443601303918
9906055646408,12443616511266
9906074155408,12443629756937
9906092661408,12443643274655
9906111166408,12443656182561
9906129672408,12443668910958
9906148181408,12443681895442
9906166687408,12443694524625
9906185194408,12443709177667
9906203702408,12443721246528
9906222208408,12443734801636
9906240716408,12443745800818
9906259224408,12443758701650
9906277732408,12443770992871
9906296236408,12443782976329
9906314743408,12443798345567
9906333251408,12443811996155
9906351757408,12443826024394
9906370265408,12443840548066
9906388772408,12443855217024
9906407280408,12443871130768
9906425787408,12443884437611
9906444293408,12443901568422
9906462800408,12443916933535
9906481306408,12443930232227
9906499813408,12443942740632
9906518319408,12443956456862
9906536829408,12443969530428
9906555333408,12443982873966
9906573843408,12443994639403
9906592348408,12444008199703
9906610857408,12444020393747
9906629364408,12444033513767
9906647869408,12444044105081
9906666376408,12444056885393
9906684884408,12444067766605
9906703392408,12444080468116
9906721897408,12444093815495
9906740405408,12444104778750
9906758913408,12444116021186
9906777418408,12444128686045
9906795925408,12444140168986
9906814432408,12444152249705
9906832939408,12444163854171
9906851447408,12444176259347
9906869954408,12444189799185
9906888468408,12444200687513
9906906967408,12444213649459
9906925474408,12444225070770
9906943982408,12444238237440
9906962490408,12444252874008
9906980996408,12444265952673
9906999503408,12444280294808
9907018009408,12444294172879
9907036516408,12444309019102
9907055022408,12444321788404
9907073531408,12444334642371
9907092038408,12444348421182
9907110546408,12444363205462
9907129051408,12444377543936
9907147558408,12444391392377
9907166066408,12444404512576
9907184571408,12444417534301
9907203079408,12444430060512
9907221585408,12444444692707
9907240093408,12444458311079
9907258601408,12444471365168
9907277106408,12444485591425
9907295615408,12444498037218
9907314123408,12444510721714
9907332629408,12444522652298
9907351135408,12444537495515
9907369644408,12444549564584
9907388149408,12444562259395
9907406656408,12444573333799
9907425163408,12444586604603
9907443672408,12444599234003
9907462179408,12444612842630
9907480684408,12444627065858
9907499191408,12444640769709
9907517698408,12444652963950
9907536206408,12444664343176
9907554712408,12444677421495
9907573217408,12444691408529
9907591726408,12444704162191
9907610233408,12444720011106
9907628740408,12444733999389
9907647249408,12444748491931
9907665756408,12444760465860
9907684262408,12444773751531
9907702769408,12444788124750
9907721274408,12444802075257
9907739783408,12444818619483
9907758288408,12444833177046
9907776797408,12444848658526
9907795305408,12444861597624
9907813813408,12444876964033
9907832316408,12444891869034
9907850824408,12444905963738
9907869331408,12444923214036
9907887837408,12444937283189
9907906343408,12444950017790
9907924852408,12444961065231
9907943360408,12444975281301
9907961865408,12444988200407
9907980373408,12445000811137
9907998881408,12445016566912
9908017388408,12445030401440
9908035895408,12445043614398
9908054399408,12445054788958
9908072909408,12445065028588
9908091414408,12445077888242
9908109922408,12445090619149
9908128431408,12445106108660
9908146939408,12445120164521
9908165442408,12445132814529
9908183950408,12445144822531
9908202457408,12445157423340
9908220963408,12445169256691
9908239470408,12445179479996
9908257977408,12445195727935
9908276483408,12445209585727
9908294992408,12445223900539
9908313504408,12445236981943
9908332007408,12445250040821
9908350514408,12445263363887
9908369020408,12445274506751
9908387526408,12445286257505
9908406034408,12445297633192
9908424542408,12445309970527
9908443048408,12445321371991
9908461554408,12445332596118
9908480062408,12445343568478
9908498572408,12445354194619
9908517075408,12445364485422
9908535583408,12445376563067
9908554090408,12445389306098
9908572596408,12445401548124
9908591102408,12445413046481
9908609611408,12445422709851
9908628116408,12445433684105
9908646624408,12445447121646
9908665131408,12445460014955
9908683639408,12445472487453
9908702148408,12445484140803
9908720653408,12445497875625
9908739159408,12445511148632
9908757667408,12445524435288
9908776173408,12445538855987
9908794681408,12445551053771
9908813188408,12445562991499
9908831696408,12445576024626
9908850203408,12445586756037
9908868709408,12445599386335
9908887217408,12445611576703
9908905722408,12445625727010
9908924229408,12445639018734
9908942736408,12445650918665
9908961245408,12445664760647
9908979749408,12445676484575
9908998258408,12445696783082
9909016765408,12445710403982
9909035273408,12445722647056
9909053780408,12445734331241
9909072285408,12445747709220
9909090792408,12445758951125
9909109299408,12445771464116
9909127806408,12445784233123
9909146313408,12445797395331
9909164822408,12445811384201
9909183372408,12445822742990
9909201837408,12445835350497
9909220343408,12445848613155
9909238849408,12445860981301
9909257354408,12445874129919
9909275862408,12445886283417
9909294370408,12445898298970
9909312876408,12445909689180
9909331382408,12445922402289
9909349891408,12445933685473
9909368399408,12445943414321
9909386906408,12445955883008
9909405413408,12445967837560
9909423919408,12445981031930
9909442425408,12445993952543
9909460932408,12446006664462
9909479439408,12446016902841
9909497949408,12446028550117
9909516454408,12446040137780
9909534962408,12446052797187
9909553468408,12446064533068
9909571974408,12446075986296
9909590480408,12446088372365
9909608988408,12446098472002
9909627496408,12446110480368
9909646002408,12446121585313
9909664509408,12446130970050
9909683016408,12446143979946
9909701533408,12446156417946
9909720034408,12446168974215
9909738539408,12446180673454
9909757043408,12446193179628
9909775551408,12446204011272
9909794058408,12446214562550
9909812564408,12446226598568
9909831073408,12446237788522
9909849578408,12446249251545
9909868087408,12446260452408
9909886601408,12446270787474
9909905101408,12446281516644
9909923607408,12446292475930
9909942114408,12446304536291
9909960621408,12446315481554
9909979127408,12446326607847
9909997636408,12446338295435
9910016141408,12446349536113
9910034649408,12446360281103
9910053156408,12446370810605
9910071665408,12446381805673
9910090171408,12446392369545
9910108677408,12446403819710
9910127183408,12446413100734
9910145691408,12446423981399
9910164198408,12446434504287
9910182705408,12446452017452
9910238227408,12446465010667
9910256733408,12446476388854
9910275239408,12446487549560
9910293748408,12446497168709
9910312254408,12446508271390
9910330761408,12446518879135
9910349268408,12446530411670
9910367774408,12446544331122
9910386282408,12446556703358
9910404789408,12446569035538
9910423296408,12446579586930
9910441806408,12446591560122
9910460309408,12446604125905
9910478817408,12446616134811
9910497324408,12446628301792
9910515830408,12446647557470
9910534338408,12446662653156
9910552846408,12446677437777
9910571355408,12446696362273
9910589862408,12446712197835
9910608367408,12446725931871
9910626873408,12446742538108
9910645379408,12446758338573
9910663888408,12446773452730
9910682394408,12446789216064
9910700902408,12446804828367
9910719407408,12446821826215
9910737915408,12446837929269
9910756422408,12446855620491
9910774930408,12446871819146
9910793439408,12446886947759
9910811944408,12446902798822
9910830449408,12446918032146
9910848957408,12446934598649
9910867463408,12446950104422
9910885971408,12446967133856
9910904478408,12446982118058
9910922987408,12446998822257
9910941491408,12447016538164
9910960000408,12447032746776
9910978507408,12447047682739
9910997012408,12447061345221
9911015520408,12447075874347
9911034026408,12447091244080
9911052535408,12447108431046
9911071040408,12447123583321
9911089546408,12447137394097
9911108057408,12447153391793
9911126568408,12447169379594
9911145069408,12447187601400
9911163576408,12447205287915
9911182082408,12447223550754
9911200590408,12447240630255
9911219096408,12447256643097
9911237603408,12447271947067
9911256113408,12447287877048
9911274620408,12447305157298
9911293129408,12447320790309
9911311631408,12447336381480
9911330138408,12447354093697
9911348646408,12447369886070
9911367152408,12447386511178
9911385659408,12447402483315
9911404168408,12447419575753
9911422673408,12447435367568
9911441180408,12447448930901
9911459688408,12447460444693
9911478196408,12447471432183
9911496702408,12447482876233
9911515209408,12447494331991
9911533715408,12447506413928
9911552222408,12447517144087
9911570729408,12447528671885
9911589236408,12447540783859
9911607744408,12447552771627
9911626252408,12447564342445
9911644760408,12447576679030
9911663264408,12447589840688
9911681771408,12447601991753
9911700278408,12447613950021
9911718785408,12447626030214
9911737292408,12447637862128
9911755800408,12447649591685
9911774305408,12447661367045
9911792812408,12447677539909
9911811322408,12447692055361
9911829830408,12447707557005
9911848335408,12447723184634
9911866841408,12447738422256
9911885347408,12447753482550
9911903855408,12447768916907
9911922361408,12447786676945
9911940869408,12447803715324
9911959377408,12447819900327
9911977886408,12447837351972
9911996390408,12447854138993
9912014897408,12447870354286
9912033404408,12447887368101
9912051911408,12447903164185
9912070417408,12447917573648
9912088925408,12447930511832
9912107433408,12447947638385
9912125939408,12447964466241
9912144445408,12447982027123
9912162954408,12448000108315
9912181462408,12448018257735
9912199968408,12448032847069
9912218474408,12448049484567
9912236981408,12448066816422
9912255488408,12448084199285
9912273995408,12448100950031
9912292502408,12448115686304
9912311012408,12448131571078
9912329516408,12448146901983
9912348024408,12448161451858
9912366530408,12448179733206
9912385038408,12448193142771
9912403544408,12448206634238
9912422051408,12448222702586
9912440560408,12448237196363
9912459066408,12448252588992
9912477571408,12448267299539
9912496080408,12448285375026
9912514592408,12448299241957
9912533096408,12448313232919
9912551600408,12448326148223
9912570106408,12448345311177
9912588613408,12448364860409
9912607121408,12448384583324
9912625627408,12448405417152
9912644136408,12448425909902
9912662643408,12448443978265
9912681149408,12448459068521
9912699656408,12448477905689
9912718162408,12448492162002
9912736670408,12448507759097
9912755176408,12448522775857
9912773684408,12448540270965
9912792192408,12448557892959
9912810699408,12448572504492
9912829204408,12448589944277
9912847711408,12448605168787
9912866220408,12448622068120
9912884725408,12448639708391
9912903232408,12448653392567
9912921740408,12448666920276
9912940246408,12448684267442
9912958753408,12448703767953
9912977260408,12448727134912
9912995768408,12448745558253
9913014277408,12448763872692
9913032782408,12448780121459
9913051289408,12448798028273
9913069797408,12448813091068
9913088303408,12448832059282
9913106809408,12448853735508
9913125317408,12448872829752
9913143825408,12448890859570
9913162333408,12448905542616
9913180837408,12448922589908
9913199343408,12448935967807
9913217854408,12448954241213
9913236359408,12448972138917
9913254865408,12448990637703
9913273372408,12449005519335
9913291880408,12449021566944
9913310390408,12449037407343
9913328894408,12449054740570
9913347402408,12449074183079
9913365910408,12449097979586
9913384415408,12449121984597
9913402921408,12449136758443
9913421428408,12449150365731
9913439938408,12449165553351
9913458443408,12449184419876
9913476951408,12449203778365
9913495457408,12449221729077
9913513963408,12449240573502
9913532469408,12449257769916
9913550977408,12449273957768
9913569487408,12449290810172
9913587993408,12449304757276
9913606498408,12449320635383
9913625006408,12449335656827
9913643513408,12449354376474
9913662020408,12449372179044
9913680527408,12449390401778
9913699036408,12449404138194
9913717540408,12449418203320
9913736047408,12449437438104
9913754554408,12449451859059
9913773062408,12449468407598
9913791568408,12449484787036
9913810075408,12449499561357
9913828583408,12449514436355
9913847092408,12449531833071
9913865596408,12449551154950
9913884105408,12449572290448
9913902610408,12449588615293
9913921117408,12449607248379
9913939634408,12449621371190
9913958132408,12449635090232
9913976640408,12449652082142
9913995145408,12449671873704
9914013651408,12449690370416
9914032160408,12449707352322
9914050667408,12449725570834
9914069175408,12449743653337
9914087679408,12449760170036
9914106187408,12449777048706
9914124694408,12449796414374
9914143200408,12449812979772
9914161708408,12449830203294
9914180217408,12449847009168
9914198724408,12449863149024
9914217230408,12449879979007
9914235736408,12449897378436
9914254242408,12449914509408
9914272749408,12449932576250
9914291256408,12449949170705
9914309764408,12449965011702
9914328270408,12449982560850
9914346778408,12449999467520
9914365284408,12450015833984
9914383793408,12450033691954
9914402302408,12450048095922
9914420805408,12450062697220
9914439312408,12450079340047
9914457820408,12450091167987
9914476327408,12450102677313
9914494833408,12450114237423
9914513341408,12450132422934
9914531849408,12450145285582
9914550357408,12450158602439
9914568863408,12450174832334
9914587367408,12450189218675
9914605875408,12450205924796
9914624383408,12450220221749
9914642889408,12450237167768
9914661396408,12450250696145
9914679904408,12450263969015
9914698412408,12450282329136
9914716918408,12450302890498
9914735426408,12450320939403
9914753934408,12450334525708
9914772438408,12450351501436
9914790945408,12450366532788
9914809452408,12450384265276
9914827959408,12450400946158
9914846466408,12450413557879
9914864975408,12450430093933
9914883488408,12450442832020
9914901988408,12450461171797
9914920495408,12450474320458
9914939000408,12450492552790
9914957507408,12450510868649
9914976015408,12450524766968
9914994522408,12450538125608
9915013029408,12450553551936
9915031537408,12450571718977
9915050044408,12450588589115
9915068551408,12450602506877
9915087058408,12450616229324
9915105565408,12450634285045
9915124073408,12450647208829
9915142578408,12450660341576
9915161087408,12450677530610
9915179593408,12450691382589
9915198099408,12450706684810
9915216608408,12450720194886
9915235116408,12450733180301
9915253619408,12450749566057
9915272128408,12450763617112
9915290633408,12450782494879
9915309140408,12450795473356
9915327657408,12450811110587
9915346156408,12450828189796
9915364663408,12450844611376
9915383171408,12450858534548
9915401677408,12450873425705
9915420185408,12450894453866
9915438693408,12450909135878
9915457199408,12450924695274
9915475704408,12450937821418
9915494212408,12450953822902
9915512718408,12450971700161
9915531226408,12450990499094
9915549732408,12451011663929
9915568240408,12451031688541
9915586749408,12451053033890
9915605252408,12451067536635
9915623760408,12451085655801
9915642266408,12451103767591
9915660776408,12451120237169
9915679280408,12451139787393
9915697788408,12451158981766
9915716294408,12451178512316
9915734802408,12451193929840
9915753309408,12451213046203
9915771817408,12451230227373
9915790326408,12451247338424
9915808830408,12451268023558
9915827337408,12451283629906
9915845844408,12451303706294
9915864351408,12451318470219
9915882858408,12451333637619
9915901365408,12451347716118
9915919874408,12451361280510
9915938381408,12451379536173
9915956886408,12451394029985
9915975394408,12451408952094
9915993900408,12451424202410
9916012405408,12451438536935
9916030914408,12451457326206
9916049421408,12451472916037
9916067930408,12451489464573
9916086434408,12451503976884
9916104943408,12451518157796
9916123450408,12451537867622
9916141958408,12451552629175
9916160463408,12451565252611
9916178969408,12451577965994
9916197476408,12451597610666
9916215984408,12451612216818
9916234491408,12451632607548
9916252999408,12451646919253
9916271507408,12451660584145
9916290013408,12451678195071
9916308520408,12451694524344
9916327026408,12451714252680
9916345532408,12451729165128
9916364039408,12451744482569
9916382545408,12451762252355
9916401054408,12451776980425
9916419561408,12451792665544
9916438068408,12451809006205
9916456576408,12451826565201
9916475084408,12451839848946
9916493590408,12451855252208
9916512097408,12451869243325
9916530602408,12451883519905
9916549109408,12451898605448
9916567616408,12451913369713
9916586124408,12451929022908
9916604631408,12451945304637
9916623139408,12451960070086
9916641645408,12451976213062
9916660153408,12451991455292
9916678657408,12452003879064
9916697165408,12452019136033
9916715671408,12452033509297
9916734179408,12452050043821
9916752692408,12452062688721
9916771193408,12452075576934
9916789700408,12452088440130
9916808208408,12452100260197
9916826717408,12452116313680
9916845222408,12452133402960
9916863728408,12452147012242
9916882236408,12452160078700
9916900743408,12452173896177
9916919249408,12452187736779
9916937757408,12452203145021
9916956265408,12452216113950
9916974772408,12452233043604
9916993278408,12452246821725
9917011785408,12452260319308
9917030291408,12452273973633
9917048798408,12452290943026
9917067304408,12452305044655
9917085812408,12452318021776
9917104318408,12452336111364
9917122826408,12452354533859
9917141333408,12452373853406
9917159843408,12452390891178
9917178349408,12452407345783
9917196855408,12452421386321
9917215362408,12452438874006
9917233868408,12452454909655
9917252375408,12452470368960
9917270883408,12452483723022
9917289389408,12452497318541
9917307898408,12452515683306
9917326406408,12452541131800
9917344911408,12452558131453
9917363417408,12452578525525
9917381924408,12452593274314
9917400430408,12452607644226
9917418937408,12452621022022
9917437444408,12452633771854
9917455953408,12452647628416
9917474460408,12452660150330
9917492966408,12452674527248
9917511475408,12452688638092
9917529983408,12452704970726
9917548486408,12452719551381
9917566994408,12452733336641
9917585501408,12452746210779
9917604008408,12452759257220
9917622515408,12452780364078
9917641023408,12452796399734
9917659531408,12452815562524
9917678038408,12452834576803
9917696544408,12452848595385
9917715050408,12452862273094
9917733557408,12452876187783
9917752065408,12452897119646
9917770571408,12452910570603
9917789079408,12452923772947
9917807585408,12452943565787
9917826093408,12452959411756
9917844601408,12452973417842
9917863107408,12452987142423
9917881615408,12453002736946
9917900121408,12453015817687
9917918628408,12453029905036
9917937134408,12453045589139
9917955642408,12453059586593
9917974149408,12453072566529
9917992657408,12453088243681
9918011164408,12453103764772
9918029669408,12453119841587
9918048176408,12453133235856
9918066683408,12453148787203
9918085190408,12453161838099
9918103697408,12453177537247
9918122203408,12453190727976
9918140710408,12453207448685
9918159219408,12453221635688
9918177735408,12453237991876
9918196233408,12453252381253
9918214740408,12453269071502
9918233247408,12453282906914
9918251753408,12453298530730
9918270260408,12453313063555
9918288766408,12453327372316
9918307274408,12453350642003
9918325781408,12453367486528
9918344290408,12453380332488
9918362797408,12453393366483
9918381301408,12453406045372
9918399809408,12453424182408
9918418315408,12453438781813
9918436823408,12453453160329
9918455329408,12453466703869
9918473836408,12453480613723
9918492343408,12453494182124
9918510854408,12453519103961
9918529357408,12453541013718
9918547869408,12453555016509
9918566373408,12453569163908
9918584878408,12453585105282
9918603386408,12453601526223
9918621893408,12453615420890
9918640399408,12453631208116
9918658906408,12453648485607
9918677415408,12453666231825
9918695922408,12453680543316
9918714430408,12453693399193
9918732935408,12453706697623
9918751443408,12453720575714
9918769948408,12453734368568
9918788455408,12453749137575
9918806962408,12453762512635
9918825469408,12453775972242
9918843976408,12453788768601
9918862484408,12453801566371
9918880990408,12453814686105
9918899499408,12453827134557
9918918006408,12453846125887
9918936513408,12453863946291
9918955020408,12453882638215
9918973525408,12453897427031
9918992033408,12453912948255
9919010539408,12453928346701
9919029048408,12453945793767
9919047556408,12453965325387
9919066065408,12453982574244
9919084566408,12454000702109
9919103074408,12454026086679
9919121582408,12454045178414
9919140089408,12454062935203
9919158596408,12454079322250
9919177102408,12454097781609
9919195609408,12454112860708
9919214117408,12454131143249
9919232623408,12454146046987
9919251132408,12454163457620
9919269639408,12454178182390
9919288144408,12454192159535
9919306651408,12454210293302
9919325158408,12454225350733
9919343666408,12454242046737
9919362172408,12454256971586
9919380680408,12454271214446
9919399189408,12454287355041
9919417692408,12454301714724
9919436201408,12454316051808
9919454708408,12454332793863
9919473215408,12454346411179
9919491721408,12454360762343
9919510229408,12454375252448
9919528734408,12454390505235
9919547241408,12454405451743
9919565761408,12454421484051
9919584257408,12454436821019
9919602765408,12454449613974
9919621270408,12454462201703
9919639776408,12454475440550
9919658284408,12454487619229
9919676791408,12454500260326
9919695299408,12454526702606
9919713806408,12454540266565
9919732314408,12454553104232
9919750821408,12454565864593
9919769327408,12454578184938
9919787834408,12454590537160
9919806340408,12454605550805
9919824849408,12454623362610
9919843354408,12454639966656
9919861862408,12454656284393
9919880367408,12454673929501
9919898875408,12454691388149
9919917382408,12454708066562
9919935891408,12454724510348
9919954397408,12454742112636
9919972903408,12454756854026
9919991411408,12454771630283
9920009917408,12454785781765
9920028425408,12454801479073
9920046931408,12454815517353
9920065438408,12454830337033
9920083947408,12454847853799
9920102454408,12454862756111
9920120959408,12454878072185
9920139466408,12454894537762
9920157973408,12454908653503
9920176480408,12454921457397
9920194987408,12454938061873
9920213494408,12454952707322
9920232000408,12454965179397
9920250507408,12454979266988
9920269016408,12454993220330
9920287523408,12455009078773
9920306031408,12455023855518
9920324536408,12455040355256
9920343044408,12455054536559
9920361549408,12455070344756
9920380056408,12455084231585
9920398563408,12455101384200
9920417071408,12455115238160
9920435578408,12455127440315
9920454088408,12455148335002
9920472592408,12455164348021
9920491099408,12455178014187
9920509605408,12455191807969
9920528113408,12455204507435
9920546619408,12455219629486
9920565128408,12455232876649
9920583632408,12455245371444
9920602140408,12455259962200
9920620648408,12455272642182
9920639156408,12455286149815
9920657663408,12455299729832
9920676170408,12455313270235
9920694675408,12455331262039
9920713183408,12455344157072
9920731689408,12455358341653
9920750197408,12455372627441
9920768704408,12455387587915
9920787213408,12455401874343
9920805717408,12455415436929
9920824225408,12455428563615
9920842732408,12455442941738
9920861239408,12455457968396
9920879745408,12455471993572
9920898252408,12455485191330
9920916760408,12455499812034
9920935266408,12455515652611
9920953772408,12455528601061
9920972282408,12455542148103
9920990788408,12455556131817
9921009294408,12455569130680
9921027801408,12455584601518
9921046309408,12455600490421
9921064816408,12455612757633
9921083324408,12455624982669
9921101829408,12455637999248
9921120338408,12455652011539
9921138845408,12455665770713
9921157350408,12455679180674
9921175858408,12455694537807
9921194367408,12455707999378
9921212871408,12455720690507
9921231377408,12455733338361
9921249885408,12455757140398
9921268393408,12455771565170
9921286899408,12455783976133
9921305406408,12455796572675
9921323914408,12455812150503
9921342423408,12455826148925
9921360927408,12455837896121
9921379434408,12455850388482
9921397941408,12455865062638
9921416448408,12455877944732
9921434955408,12455892141647
9921453462408,12455904723607
9921471971408,12455915865370
9921490480408,12455926609032
9921508984408,12455939300690
9921527490408,12455951642280
9921545997408,12455969273399
9921564503408,12455982208604
9921583010408,12455994121122
9921601518408,12456008832733
9921620026408,12456020602534
9921638532408,12456037195690
9921657038408,12456050435910
9921675546408,12456062848068
9921694056408,12456077955830
9921712559408,12456090482775
9921731066408,12456105474374
9921749573408,12456117098465
9921768081408,12456131648962
9921786589408,12456142620659
9921805096408,12456154566236
9921823603408,12456166867835
9921842111408,12456178799345
9921860615408,12456192829660
9921879123408,12456204986726
9921897629408,12456220123771
9921916139408,12456232027123
9921934643408,12456244393094
9921953153408,12456258883923
9921971659408,12456270799445
9921990164408,12456284916726
9922008672408,12456296698323
9922027181408,12456313104953
9922045690408,12456325487854
9922064193408,12456340620093
9922082699408,12456354582635
9922101207408,12456367287457
9922119714408,12456380744770
9922138220408,12456392290760
9922156727408,12456406175835
9922175237408,12456417895029
9922193741408,12456429424460
9922212248408,12456441892633
9922230755408,12456452960431
9922249262408,12456464156848
9922267769408,12456475298314
9922286276408,12456491021529
9922304784408,12456503561826
9922323293408,12456515472180
9922341798408,12456530187133
9922360304408,12456543676761
9922378827408,12456559133715
9922397318408,12456570968013
9922415829408,12456583665708
9922434332408,12456599119117
9922452839408,12456610737682
9922471346408,12456623164606
9922489853408,12456638931990
9922508362408,12456651191534
9922526871408,12456663630987
9922545374408,12456680575981
9922563883408,12456694742992
9922582389408,12456708282094
9922600895408,12456720832822
9922619402408,12456733606900
9922656418408,12456746502079
9922674925408,12456763917467
9922693429408,12456780479691
9922711937408,12456797185013
9922730445408,12456811098960
9922748951408,12456827452749
9922767459408,12456840854509
9922785966408,12456858152823
9922804473408,12456871692282
9922822979408,12456888101140
9922841487408,12456900319262
9922859995408,12456912074247
9922878503408,12456924240504
9922897008408,12456935662130
9922915514408,12456946804316
9922934021408,12456957309137
9922952529408,12456971202491
9922971036408,12456984733099
9922989542408,12456997589174
9923008052408,12457009311343
9923026559408,12457021320959
9923045063408,12457036802510
9923063569408,12457051934947
9923082081408,12457068575367
9923100583408,12457084021263
9923119091408,12457097435976
9923137598408,12457110071329
9923156105408,12457125648998
9923174612408,12457138114500
9923193119408,12457150264791
9923211627408,12457167821126
9923230135408,12457182230006
9923248640408,12457195202775
9923267147408,12457211504427
9923285654408,12457225742726
9923304161408,12457242268228
9923322668408,12457257969526
9923341176408,12457275514687
9923359685408,12457292502909
9923378189408,12457308669859
9923396695408,12457325518210
9923415202408,12457341975919
9923433712408,12457358435433
9923452217408,12457372861862
9923470723408,12457391176933
9923489232408,12457405852065
9923507739408,12457422879112
9923526246408,12457439840369
9923544752408,12457457631698
9923563260408,12457475387492
9923581769408,12457490514721
9923600273408,12457507552505
9923618781408,12457524558293
9923637287408,12457541810657
9923655793408,12457559055037
9923674303408,12457574906774
9923692808408,12457591139691
9923711317408,12457607576307
9923729821408,12457626918559
9923748328408,12457644684226
9923766836408,12457658956517
9923785343408,12457673426123
9923803852408,12457686291658
9923822356408,12457699605198
9923840863408,12457716040733
9923859370408,12457733830622
9923877878408,12457748910351
9923896386408,12457762746896
9923914893408,12457780956386
9923933399408,12457798119440
9923951905408,12457814879832
9923970413408,12457832777388
9923988919408,12457850770811
9924007425408,12457864813996
9924025934408,12457882335096
9924044442408,12457899634341
9924062949408,12457913926833
9924081455408,12457929136178
9924099960408,12457942027616
9924118468408,12457959604078
9924136977408,12457972724095
9924155491408,12457989880206
9924173989408,12458003734652
9924192495408,12458017169194
9924211003408,12458031829021
9924229510408,12458044413819
9924248018408,12458057762108
9924266527408,12458070103772
9924285031408,12458082739354
9924303538408,12458099051344
9924322045408,12458112870305
9924340553408,12458128926581
9924359059408,12458143552465
9924377566408,12458160966451
9924396075408,12458174803513
9924414582408,12458187863070
9924433088408,12458201153522
9924451594408,12458216518519
9924470101408,12458228697785
9924488607408,12458245096771
9924507115408,12458258141802
9924525624408,12458271302931
9924544129408,12458286339191
9924562637408,12458299397426
9924581144408,12458311792144
9924599651408,12458323946249
9924618161408,12458337752105
9924636664408,12458353136765
9924655171408,12458373194895
9924673677408,12458387836676
9924692185408,12458400946627
9924710693408,12458414143131
9924729200408,12458425978797
9924747708408,12458437452584
9924766213408,12458449622391
9924784721408,12458460436911
9924803228408,12458472232586
9924821734408,12458483443986
9924840241408,12458494909166
9924858748408,12458506391904
9924877256408,12458517690177
9924895763408,12458529536876
9924914269408,12458541532468
9924932777408,12458553781807
9924951285408,12458565503964
9924969790408,12458576397020
9924988297408,12458587425687
9925006803408,12458598588326
9925025311408,12458619717501
9925043819408,12458632235748
9925062325408,12458647361132
9925080833408,12458660734229
9925099341408,12458675440528
9925117845408,12458687975397
9925136353408,12458700062196
9925154859408,12458715332189
9925173366408,12458728991740
9925191880408,12458742534519
9925210381408,12458754764021
9925228899408,12458769389980
9925247395408,12458780831657
9925265902408,12458794936993
9925284411408,12458807261828
9925302917408,12458819145186
9925321422408,12458830590326
9925339929408,12458842777261
9925358437408,12458854923882
9925376944408,12458867519992
9925395452408,12458879048218
9925413959408,12458896494963
9925432467408,12458909832417
9925450975408,12458921631841
9925469478408,12458933868251
9925487985408,12458946992300
9925506491408,12458959137947
9925524998408,12458971289321
9925543506408,12458984298956
9925562014408,12458996508812
9925580520408,12459009214121
9925599027408,12459022317258
9925617535408,12459033685782
9925636043408,12459045866620
9925654550408,12459057262702
9925673055408,12459077108791
9925691563408,12459092012482
9925710069408,12459104450606
9925728576408,12459121676803
9925747083408,12459135180195
9925765591408,12459146481748
9925784101408,12459158566320
9925802607408,12459176317753
9925821112408,12459192902755
9925839618408,12459208938396
9925858125408,12459226947588
9925876631408,12459241261217
9925895140408,12459255461952
9925913647408,12459268408256
9925932154408,12459283393859
9925950661408,12459301370467
9925969167408,12459315514870
9925987676408,12459329693252
9926006184408,12459343974414
9926024688408,12459361807463
9926043195408,12459375759330
9926061703408,12459390639603
9926080210408,12459403528883
9926098716408,12459418194329
9926117225408,12459431295307
9926135733408,12459443750403
9926154237408,12459455989499
9926172743408,12459468118737
9926191252408,12459481939858
9926209757408,12459495811955
9926228265408,12459509325968
9926246772408,12459525605688
9926265280408,12459538772717
9926283786408,12459551389123
9926302294408,12459564242373
9926320801408,12459581129689
9926339309408,12459594670032
9926357813408,12459608439113
9926376321408,12459622788698
9926394828408,12459635573503
9926413335408,12459649318368
9926431841408,12459661636779
9926450350408,12459675605230
9926468857408,12459689109076
9926487365408,12459701500420
9926505870408,12459714794048
9926524378408,12459727120659
9926542883408,12459740473194
9926561390408,12459754094189
9926579897408,12459771204494
9926598404408,12459785558445
9926616917408,12459798960363
9926635419408,12459812154641
9926653925408,12459824523588
9926672433408,12459836769384
9926690941408,12459849564852
9926709447408,12459863190575
9926727954408,12459879896706
9926746461408,12459893192233
9926764967408,12459906753536
9926783475408,12459922811288
9926801982408,12459936366387
9926820489408,12459952717755
9926838997408,12459971142156
9926857501408,12459989076884
9926876009408,12460003376763
9926894517408,12460016941178
9926913023408,12460031255250
9926931530408,12460044996949
9926950038408,12460057839873
9926968545408,12460072460201
9926987051408,12460086958021
9927005558408,12460104751501
9927024066408,12460118164637
9927042576408,12460136203612
9927061080408,12460149613443
9927079586408,12460165722759
9927098093408,12460181048913
9927116601408,12460194153509
9927135108408,12460210290946
9927153614408,12460224224973
9927172123408,12460238976166
9927190631408,12460251642840
9927209136408,12460265465841
9927227643408,12460282308073
9927246150408,12460295346562
9927264655408,12460307814762
9927283163408,12460319762731
9927301669408,12460333919691
9927320178408,12460347240819
9927338685408,12460358803689
9927357191408,12460372697555
9927375699408,12460385573540
9927394209408,12460401506134
9927412711408,12460414113024
9927431219408,12460426711636
9927449727408,12460438180184
9927468234408,12460449495988
9927486740408,12460463038415
9927505248408,12460477209942
9927523755408,12460490614901
9927542261408,12460503571364
9927560769408,12460516394962
9927579275408,12460529143787
9927597782408,12460546369848
9927616290408,12460561948480
9927634796408,12460577782351
9927653303408,12460590851751
9927671811408,12460604861437
9927690317408,12460618625928
9927708825408,12460631575799
9927727334408,12460644843592
9927745841408,12460660184532
9927764347408,12460674445231
9927782854408,12460688145170
9927801360408,12460702893942
9927819866408,12460716146823
9927838373408,12460729743965
9927856880408,12460742800400
9927875389408,12460761110328
9927893893408,12460775023076
9927912401408,12460790111889
9927930909408,12460803378479
9927949415408,12460820882596
9927967922408,12460835555770
9927986428408,12460848116662
9928004934408,12460866491181
9928023444408,12460881449614
9928041949408,12460896832498
9928060459408,12460913309213
9928078965408,12460927378642
9928097471408,12460943881859
9928115978408,12460958690866
9928134484408,12460976280033
9928152992408,12460989029714
9928171498408,12461002132391
9928190006408,12461014877820
9928208513408,12461030032428
9928227022408,12461042026922
9928245527408,12461054813772
9928264034408,12461068373906
9928282541408,12461080994520
9928301049408,12461093030865
9928319554408,12461105746956
9928338062408,12461117241081
9928356568408,12461128607006
9928375075408,12461139643949
9928393583408,12461159103996
9928412090408,12461174018250
9928430598408,12461187374390
9928449105408,12461199680271
9928467610408,12461211978016
9928486117408,12461225132378
9928504624408,12461237097537
9928523131408,12461250112189
9928541638408,12461263758813
9928560148408,12461277276072
9928578654408,12461290017406
9928597159408,12461303008879
9928615667408,12461315695650
9928634174408,12461329101937
9928652680408,12461346882255
9928671188408,12461360900608
9928689693408,12461373908676
9928708201408,12461389306332
9928726709408,12461403957461
9928745216408,12461419566533
9928763723408,12461432570156
9928782233408,12461449031240
9928800737408,12461462865307
9928819243408,12461477948693
9928837749408,12461491019709
9928856258408,12461503121249
9928874765408,12461514956870
9928893272408,12461526743084
9928911779408,12461542357297
9928930288408,12461555244719
9928948792408,12461568432138
9928967300408,12461580943331
9928985807408,12461592092424
9929004313408,12461603709042
9929022820408,12461616447578
9929041327408,12461632448060
9929059833408,12461645898195
9929078341408,12461659022711
9929096848408,12461671065322
9929115357408,12461682662961
9929133866408,12461695254537
9929152369408,12461707571134
9929170877408,12461720680884
9929189383408,12461733697894
9929207890408,12461746046110
9929226397408,12461759455376
9929244905408,12461772622610
9929263413408,12461784948211
9929281917408,12461796869748
9929300425408,12461814501715
9929318932408,12461827968515
9929337440408,12461840088457
9929355945408,12461852524875
9929374454408,12461865263486
9929392959408,12461877491637
9929411466408,12461889460503
9929429973408,12461903071246
9929448482408,12461916069904
9929466990408,12461932036461
9929485498408,12461944866374
9929504001408,12461957332731
9929522509408,12461969890485
9929541015408,12461982293600
9929559523408,12461998122191
9929578030408,12462011077763
9929596539408,12462025076363
9929615046408,12462037188361
9929633550408,12462052161252
9929652057408,12462065518311
9929670565408,12462078111147
9929689072408,12462092864481
9929707578408,12462108069317
9929726086408,12462122552542
9929744593408,12462135685895
9929763099408,12462152084694
9929781606408,12462165356074
9929800116408,12462178575798
9929818624408,12462195088414
9929837127408,12462209047251
9929855635408,12462221784515
9929874142408,12462236818017
9929892647408,12462248793721
9929911157408,12462261299826
9929929662408,12462272940526
9929948170408,12462287023445
9929966679408,12462301522819
9929985184408,12462314505788
9930003691408,12462328010697
9930022197408,12462341670838
9930040704408,12462356066561
9930059211408,12462371426085
9930077719408,12462389527742
9930096225408,12462403956261
9930114731408,12462417875240
9930133241408,12462435081036
9930151748408,12462448667662
9930170255408,12462465124643
9930188762408,12462479497890
9930207267408,12462494691335
9930225773408,12462512478183
9930244282408,12462526099830
9930262789408,12462542924273
9930281296408,12462559479620
9930299805408,12462575933856
9930318312408,12462591994299
9930336816408,12462606569488
9930355323408,12462620865774
9930373830408,12462635378990
9930392338408,12462651481345
9930410845408,12462667329310
9930429352408,12462682810161
9930447858408,12462695617484
9930466365408,12462708560707
9930484872408,12462721613840
9930503381408,12462734708335
9930521888408,12462748723795
9930540393408,12462759556523
9930558900408,12462773130264
9930577407408,12462784547585
9930595914408,12462799455824
9930614421408,12462813991928
9930632929408,12462829223826
9930651438408,12462844206587
9930669942408,12462859250513
9930688449408,12462872961577
9930706955408,12462884721664
9930725463408,12462901779184
9930743972408,12462915508580
9930762477408,12462931402703
9930780984408,12462947359103
9930799502408,12462962451143
9930817997408,12462974580875
9930836506408,12462986409319
9930855015408,12463004012641
9930873522408,12463017750378
9930892026408,12463030922016
9930910535408,12463043914521
9930929040408,12463060520372
9930947547408,12463073959420
9930966054408,12463089266231
9930984562408,12463106613264
9931003070408,12463123176679
9931021575408,12463140033856
9931040081408,12463154653345
9931058588408,12463167864301
9931077097408,12463182908866
9931095602408,12463195786942
9931114110408,12463208333027
9931132619408,12463221577916
9931151123408,12463233383760
9931169630408,12463244625928
9931188138408,12463257990621
9931206646408,12463269629840
9931225151408,12463279995511
9931243659408,12463293773602
9931262166408,12463305995161
9931280672408,12463318373098
9931299180408,12463329760419
9931317687408,12463341114621
9931336194408,12463353179179
9931354703408,12463363827158
9931373208408,12463377174983
9931391714408,12463389203362
9931410222408,12463403464353
9931428728408,12463416089526
9931447236408,12463430678970
9931465744408,12463442780004
9931484251408,12463456669102
9931502755408,12463470576558
9931521263408,12463483031383
9931539771408,12463495050954
9931558279408,12463510132266
9931576784408,12463522805997
9931595291408,12463535209080
9931613797408,12463546828564
9931632312408,12463562187586
9931650813408,12463576760708
9931669321408,12463591299487
9931687828408,12463603984921
9931706337408,12463618970356
9931724840408,12463631343809
9931743347408,12463644953579
9931761854408,12463657691863
9931780363408,12463672365960
9931798869408,12463685151275
9931817376408,12463698462665
9931835883408,12463710017034
9931854389408,12463724693298
9931872896408,12463737813516
9931891404408,12463752475898
9931909913408,12463765707826
9931928418408,12463778676793
9931946924408,12463793164701
9931965431408,12463806298477
9931983938408,12463819969447
9932002448408,12463833331609
9932020952408,12463849551743
9932039463408,12463864152592
9932057965408,12463877942228
9932076474408,12463892520387
9932094980408,12463906303513
9932113488408,12463918878758
9932131995408,12463931541612
9932150501408,12463944581726
9932169010408,12463955644975
9932187519408,12463967596469
9932206021408,12463977936760
9932224528408,12463989326850
9932243041408,12464000287628
9932261545408,12464010317201
9932280053408,12464023316165
9932298558408,12464034879891
9932317063408,12464046612773
9932335571408,12464058742000
9932354078408,12464071452033
9932372586408,12464083446297
9932391094408,12464095734142
9932409599408,12464108426476
9932428106408,12464121701161
9932446613408,12464134209718
9932465119408,12464146727078
9932483627408,12464158569552
9932502134408,12464170662920
9932520641408,12464183331330
9932539150408,12464197984529
9932557653408,12464211720689
9932576161408,12464224028118
9932594670408,12464237929139
9932613176408,12464251532872
9932631683408,12464265711422
9932650189408,12464279973180
9932668696408,12464295167738
9932687204408,12464309707191
9932705710408,12464323487323
9932724220408,12464336551862
9932742726408,12464350893803
9932761232408,12464363373891
9932779738408,12464374611503
9932798246408,12464386947529
9932816753408,12464400619946
9932835260408,12464414107234
9932853767408,12464426139659
9932872275408,12464438408839
9932890783408,12464449789014
9932909287408,12464460536001
9932927795408,12464474637063
9932946304408,12464487109722
9932964809408,12464498268256
9932983316408,12464511619032
9933001822408,12464523756655
9933020330408,12464534633897
9933038836408,12464545698445
9933057344408,12464558718172
9933075851408,12464570481758
9933094361408,12464582656596
9933112863408,12464596124574
9933131371408,12464607419602
9933149878408,12464619339713
9933168388408,12464630897241
9933186892408,12464644969071
9933205400408,12464657361451
9933223909408,12464670471505
9933242413408,12464685113888
9933260919408,12464696488427
9933279426408,12464708747261
9933297936408,12464720996040
9933316441408,12464740972072
9933334950408,12464753480625
9933353455408,12464766014829
9933371962408,12464778397690
9933390470408,12464790384026
9933408976408,12464801923487
9933427489408,12464814316946
9933445992408,12464829634584
9933464497408,12464844552151
9933483005408,12464858818425
9933501512408,12464872226132
9933520017408,12464884527342
9933538525408,12464898589070
9933557033408,12464911198212
9933575541408,12464926560953
9933594046408,12464939616145
9933612552408,12464954732412
9933631059408,12464969612620
9933649571408,12464983878379
9933668075408,12464996425993
9933686581408,12465009785554
9933705088408,12465023166069
9933723596408,12465035164975
9933742102408,12465046698504
9933760612408,12465057897166
9933779117408,12465068764391
9933797624408,12465079312911
9933816130408,12465090679908
9933834636408,12465104792665
9933853143408,12465117909297
9933871649408,12465131198016
9933890158408,12465144046452
9933908666408,12465155559556
9933927174408,12465166834055
9933945677408,12465178869322
9933964186408,12465192835406
9933982692408,12465205350261
9934001203408,12465216733695
9934019707408,12465229565211
9934038215408,12465242413804
9934056720408,12465253771843
9934075227408,12465266186081
9934093735408,12465279467337
9934112242408,12465291153732
9934130750408,12465303553935
9934149257408,12465316154425
9934167763408,12465328565815
9934186269408,12465340532448
9934204776408,12465352632761
9934223283408,12465366436841
9934241791408,12465378363457
9934260299408,12465389930720
9934278807408,12465401848950
9934297312408,12465414393784
9934315817408,12465426828344
9934334324408,12465439750345
9934352831408,12465452377624
9934371339408,12465464017474
9934389846408,12465475822504
9934408354408,12465486961670
9934426860408,12465498598101
9934445368408,12465510273837
9934463879408,12465521934994
9934482383408,12465535572447
9934500888408,12465556604304
9934519395408,12465570741636
9934537902408,12465583669937
9934556409408,12465596234384
9934574915408,12465613077449
9934593423408,12465629640154
9934611931408,12465648658420
9934630439408,12465661582839
9934648944408,12465674372412
9934667452408,12465687017035
9934685958408,12465698917189
9934704464408,12465711011888
9934722972408,12465723895276
9934741479408,12465736856928
9934759986408,12465751682131
9934778493408,12465765267709
9934797000408,12465778885247
9934815509408,12465790109038
9934834017408,12465802043652
9934852521408,12465813872889
9934871028408,12465827745874
9934889535408,12465841978281
9934908043408,12465854188612
9934926550408,12465867580248
9934945057408,12465881567784
9934963566408,12465893445549
9934982070408,12465903990647
9935000577408,12465917964202
9935019084408,12465930067831
9935037591408,12465942829248
9935056104408,12465955501358
9935074605408,12465966233690
9935093112408,12465977200883
9935111621408,12465995020631
9935130126408,12466010724464
9935148635408,12466025678584
9935167142408,12466038085952
9935185647408,12466050882462
9935204153408,12466061991461
9935222662408,12466078992021
9935241168408,12466089841175
9935259676408,12466101642007
9935278182408,12466113943062
9935296689408,12466125365561
9935315198408,12466136139739
9935333703408,12466147369982
9935352210408,12466158994001
9935370717408,12466169709664
9935389223408,12466181045215
9935407730408,12466193760608
9935426238408,12466206223193
9935444744408,12466218150771
9935463251408,12466230227911
9935481758408,12466240559679
9935500266408,12466251395000
9935518775408,12466263184478
9935537280408,12466275528949
9935555786408,12466286421141
9935574293408,12466296895028
9935592801408,12466306987826
9935611308408,12466316620561
9935629816408,12466326042269
9935648323408,12466338281346
9935666831408,12466350044795
9935685336408,12466364798217
9935703842408,12466379720583
9935722348408,12466392460551
9935740855408,12466404501741
9935759362408,12466416421333
9935777870408,12466430504938
9935796377408,12466443862883
9935814885408,12466456503107
9935833393408,12466468085614
9935851898408,12466480218586
9935870407408,12466492770809
9935888912408,12466505269406
9935907419408,12466518924221
9935925926408,12466530700404
9935944433408,12466542684276
9935962939408,12466554100608
9935981449408,12466565498442
9935999956408,12466577901409
9936018463408,12466588800214
9936036968408,12466602726518
9936055475408,12466615835452
9936073981408,12466628398877
9936092488408,12466641705093
9936110996408,12466653279315
9936129502408,12466664728567
9936148010408,12466678181820
9936166519408,12466691693487
9936185024408,12466705593371
9936203533408,12466717875561
9936222041408,12466731743626
9936240545408,12466742950891
9936259051408,12466753905877
9936277560408,12466766683773
9936296066408,12466789701543
9936314574408,12466807079732
9936333081408,12466821943770
9936351589408,12466836779509
9936370093408,12466851913700
9936388600408,12466866151019
9936407107408,12466878651532
9936425614408,12466896147718
9936444121408,12466911040726
9936462629408,12466925354581
9936481140408,12466938034511
9936499644408,12466953335229
9936518149408,12466965992872
9936536657408,12466978553508
9936555165408,12466992225017
9936573671408,12467007896699
9936592177408,12467019615632
9936610685408,12467033322517
9936629192408,12467048139627
9936647699408,12467063882789
9936666206408,12467077514661
9936684715408,12467098028460
9936703221408,12467112562200
9936721726408,12467125101823
9936740234408,12467138082845
9936758740408,12467154450314
9936777247408,12467166481043
9936795754408,12467179030321
9936814261408,12467196719914
9936832770408,12467211167647
9936851276408,12467228840318
9936869782408,12467241776751
9936888291408,12467254781113
9936906798408,12467270347446
9936925302408,12467282940011
9936943810408,12467297061057
9936962318408,12467309971577
9936980824408,12467323547957
9936999332408,12467336590206
9937017839408,12467348790163
9937036347408,12467360589521
9937054854408,12467371999072
9937073359408,12467387456692
9937091867408,12467399891860
9937110374408,12467411396470
9937128880408,12467423560115
9937147386408,12467435346204
9937165893408,12467447280854
9937184401408,12467458856573
9937202907408,12467471708718
9937221415408,12467483917321
9937239923408,12467495773704
9937258431408,12467508463729
9937276936408,12467520934029
9937295443408,12467532582161
9937313950408,12467544796149
9937332457408,12467558519892
9937350963408,12467571673612
9937369472408,12467587028686
9937387979408,12467599819320
9937406487408,12467611833349
9937424992408,12467626159088
9937443499408,12467638558069
9937462005408,12467651706571
9937480513408,12467664724465
9937499019408,12467676971205
9937517528408,12467692152493
9937536034408,12467707137079
9937554540408,12467720649477
9937573049408,12467733169834
9937591557408,12467748903320
9937610065408,12467761637506
9937628568408,12467774335175
9937647081408,12467787536859
9937665583408,12467799314893
9937684090408,12467815149197
9937702597408,12467829753406
9937721103408,12467846129651
9937739612408,12467860242920
9937758120408,12467874362822
9937776625408,12467887316462
9937795132408,12467898474271
9937813640408,12467908938649
9937832146408,12467919322600
9937850652408,12467931610908
9937869162408,12467943569480
9937887667408,12467954538403
9937906179408,12467976123407
9937924681408,12467988179539
9937943189408,12467999649643
9937961699408,12468015813928
9937980201408,12468033239065
9937998708408,12468044633419
9938017216408,12468055307072
9938035723408,12468071436011
9938054229408,12468082194283
9938072737408,12468092687939
9938091245408,12468102885167
9938109750408,12468114206247
9938128257408,12468130204546
9938146764408,12468141385010
9938165271408,12468152718302
9938183777408,12468168188207
9938202284408,12468179313161
9938220791408,12468190646930
9938239299408,12468207649150
9938257807408,12468219287131
9938276315408,12468231048895
9938294823408,12468242261092
9938313328408,12468258377916
9938331835408,12468279496756
9938350341408,12468297346484
9938368848408,12468310809473
9938387355408,12468324435306
9938405862408,12468335850731
9938424370408,12468357467985
9938442879408,12468369380484
9938461383408,12468381605092
9938479890408,12468393296253
9938498397408,12468409842452
9938516905408,12468428412357
9938535410408,12468442311109
9938553916408,12468453653733
9938572424408,12468464252942
9938590932408,12468481139189
9938609439408,12468497872469
9938627947408,12468511658412
9938646455408,12468524633643
9938664962408,12468538432977
9938683467408,12468551422840
9938701974408,12468563964816
9938720481408,12468574761266
9938738987408,12468586233634
9938757495408,12468599155282
9938776005408,12468611400350
9938794511408,12468624230948
9938813015408,12468636329625
9938831524408,12468648627464
9938850029408,12468661327389
9938868537408,12468673686843
9938887043408,12468686664941
9938905550408,12468700111950
9938924057408,12468712863795
9938942565408,12468723900179
9938961072408,12468735582676
9938979580408,12468746731109
9938998088408,12468756918989
9939016593408,12468769801136
9939035098408,12468780339306
9939053606408,12468791936232
9939072113408,12468803304407
9939090621408,12468813915797
9939109128408,12468824058028
9939127637408,12468834953046
9939146143408,12468848487957
9939164668408,12468861417526
9939183156408,12468872922279
9939201662408,12468883834664
9939220169408,12468894764673
9939238677408,12468907289131
9939257185408,12468918395869
9939275691408,12468929630106
9939294202408,12468940244348
9939312705408,12468950980955
9939331213408,12468962380057
9939349722408,12468973077838
9939368226408,12468985700467
9939386733408,12468996735875
9939405240408,12469008768404
9939423746408,12469020308792
9939442254408,12469031199710
9939460763408,12469043433462
9939479270408,12469055151508
9939497775408,12469067061087
9939516281408,12469077308758
9939534788408,12469089011156
9939553296408,12469101397410
9939571803408,12469114278026
9939590309408,12469124999354
9939608815408,12469136599038
9939627322408,12469147769199
9939645830408,12469158601459
9939664338408,12469171679642
9939682847408,12469184984183
9939701351408,12469196255249
9939719858408,12469207425081
9939738365408,12469217990461
9939756871408,12469228284963
9939775379408,12469240451939
9939793887408,12469253693920
9939812395408,12469266911757
9939830903408,12469280753870
9939849408408,12469300419432
9939867914408,12469315787406
9939886421408,12469329080573
9939904928408,12469341149959
9939923435408,12469354546345
9939941942408,12469368565311
9939960448408,12469381062534
9939978956408,12469392525211
9939997464408,12469404939773
9940015971408,12469417525014
9940034480408,12469429929554
9940052983408,12469445394653
9940071499408,12469461023820
9940089997408,12469472822491
9940108505408,12469485862798
9940127012408,12469497899868
9940145519408,12469509638717
9940164027408,12469526389968
9940182536408,12469541021283
9940201039408,12469554210879
9940219546408,12469568607497
9940238053408,12469580977878
9940256561408,12469591690219
9940275066408,12469602884418
9940293576408,12469614872492
9940312081408,12469628380563
9940330589408,12469640919941
9940349097408,12469652882426
9940367604408,12469664986265
9940386111408,12469678712300
9940404617408,12469690633252
9940423123408,12469702692196
9940441631408,12469716063175
9940460138408,12469729351092
9940478646408,12469741478937
9940497152408,12469757705863
9940515661408,12469769258492
9940534167408,12469781184490
9940552672408,12469797048025
9940571179408,12469813847637
9940589686408,12469826709837
9940608193408,12469839419079
9940626701408,12469850937192
9940645208408,12469862181853
9940663715408,12469878024318
9940682221408,12469889344342
9940700729408,12469903103632
9940719236408,12469916250446
9940737746408,12469928137683
9940756250408,12469938866765
9940774756408,12469948916675
9940793263408,12469959840102
9940811771408,12469971350418
9940830277408,12469983717386
9940848785408,12469994650829
9940867294408,12470006721130
9940885798408,12470018099147
9940904305408,12470029486264
9940922812408,12470040948806
9940941319408,12470057406032
9940959827408,12470069194802
9940978333408,12470080696247
9940996842408,12470091912586
9941015346408,12470103771143
9941033853408,12470122071773
9941052362408,12470134309403
9941070869408,12470146392122
9941089375408,12470163262064
9941107881408,12470179917696
9941126390408,12470191406577
9941144895408,12470207119231
9941163403408,12470218045916
9941181910408,12470233419694
9941200418408,12470249316292
9941218926408,12470268369454
9941237431408,12470280755859
9941255938408,12470292846265
9941274445408,12470303913627
9941292951408,12470319330793
9941348475408,12470330243633
9941366979408,12470341198588
9941385486408,12470360169897
9941403995408,12470374628465
9941422502408,12470386906639
9941441007408,12470398788878
9941459515408,12470411280854
9941478022408,12470424346359
9941496529408,12470436681457
9941515036408,12470450353147
9941533543408,12470465551000
9941552050408,12470480651106
9941570560408,12470494519173
9941589063408,12470507681673
9941607571408,12470520427574
9941626077408,12470533432604
9941644585408,12470548432342
9941663091408,12470562934791
9941681601408,12470585462817
9941700107408,12470600519416
9941718612408,12470614187310
9941737118408,12470627915060
9941755629408,12470643724718
9941774134408,12470658214451
9941792641408,12470671902760
9941811148408,12470686109007
9941829655408,12470697582898
9941848163408,12470708661353
9941866669408,12470728517119
9941885175408,12470739930917
9941903684408,12470754887755
9941922191408,12470772494979
9941940696408,12470787547776
9941959205408,12470802907561
9941977710408,12470817346619
9941996218408,12470829809889
9942014726408,12470841158789
9942033232408,12470855539067
9942051740408,12470868208011
9942070244408,12470879750403
9942088751408,12470890928121
9942107272408,12470901098369
9942125768408,12470914395455
9942144278408,12470925726848
9942162781408,12470939238682
9942181287408,12470954124778
9942199796408,12470966652427
9942218301408,12470978721234
9942236808408,12470991570258
9942255316408,12471003573075
9942273825408,12471015947913
9942292330408,12471032149790
9942310837408,12471045803045
9942329343408,12471062691431
9942347850408,12471078805293
9942366358408,12471093689793
9942384865408,12471105136820
9942403372408,12471118234269
9942421877408,12471132525187
9942440385408,12471148166215
9942458893408,12471162779920
9942477399408,12471175345883
9942495905408,12471187201071
9942514413408,12471199327748
9942532920408,12471211681677
9942551427408,12471225387092
9942569933408,12471238346767
9942588442408,12471251453168
9942606949408,12471268354930
9942625455408,12471281838985
9942643961408,12471298901640
9942662470408,12471315960043
9942680976408,12471333340288
9942699500408,12471347988918
9942717989408,12471364393251
9942736498408,12471381395857
9942755005408,12471394476930
9942773510408,12471407347758
9942792016408,12471419147867
9942810526408,12471431309167
9942829031408,12471445236168
9942847538408,12471458241832
9942866046408,12471471561270
9942884552408,12471484195460
9942903059408,12471496199065
9942921568408,12471508505307
9942940074408,12471519926476
9942958583408,12471532260465
9942977088408,12471543563794
9942995596408,12471555044036
9943014101408,12471566660901
9943032608408,12471580469792
9943051115408,12471594554190
9943069622408,12471609626037
9943088130408,12471624187803
9943106639408,12471639219869
9943125142408,12471654781882
9943143650408,12471668407561
9943162158408,12471680210735
9943180680408,12471691569590
9943199170408,12471703012103
9943217678408,12471713986434
9943236184408,12471724679920
9943254692408,12471737872001
9943273199408,12471748746472
9943291708408,12471760808433
9943310217408,12471772742101
9943328721408,12471787606511
9943347227408,12471808300161
9943365736408,12471820299657
9943384241408,12471833066075
9943402749408,12471845534512
9943421255408,12471858516011
9943439764408,12471872219101
9943458269408,12471887305909
9943476775408,12471901201834
9943495282408,12471915222187
9943513793408,12471930141122
9943532303408,12471943736052
9943550804408,12471957020813
9943569311408,12471969622949
9943587818408,12471983915140
9943606324408,12471997838028
9943624834408,12472010729846
9943643340408,12472022845682
9943661849408,12472033355987
9943680353408,12472045114863
9943698861408,12472055926073
9943717366408,12472072321428
9943735874408,12472085495644
9943754381408,12472102295546
9943772888408,12472113610559
9943791396408,12472126133704
9943809902408,12472138607210
9943828408408,12472150151846
9943846915408,12472162044132
9943865426408,12472174392908
9943883930408,12472189410987
9943902437408,12472203103713
9943920942408,12472218264504
9943939450408,12472233842574
9943957956408,12472246514533
9943976466408,12472259687385
9943994973408,12472272856419
9944013478408,12472286250237
9944031985408,12472300348461
9944050492408,12472313944963
9944069000408,12472330128532
9944087507408,12472342662054
9944106014408,12472355918092
9944124522408,12472369905612
9944143029408,12472385953441
9944161534408,12472403034504
9944180041408,12472418073276
9944198549408,12472433064727
9944217054408,12472449281921
9944235563408,12472465903571
9944254070408,12472480361642
9944272576408,12472494080840
9944291083408,12472509830345
9944309591408,12472525767045
9944328098408,12472540701518
9944346607408,12472554822978
9944365111408,12472572174390
9944383619408,12472594673355
9944402124408,12472609341075
9944420632408,12472623045946
9944439138408,12472636072426
9944457646408,12472648665336
9944476154408,12472664528816
9944494662408,12472681835833
9944513166408,12472699736993
9944531675408,12472716446270
9944550179408,12472734038826
9944568688408,12472751590412
9944587195408,12472768513124
9944605702408,12472785723269
9944624208408,12472805672270
9944642715408,12472829216494
9944661222408,12472844776327
9944679732408,12472860062404
9944698239408,12472873766847
9944716744408,12472885916115
9944735250408,12472897387374
9944753758408,12472910584372
9944772266408,12472922633677
9944790772408,12472935501406
9944809279408,12472949133784
9944827788408,12472962153202
9944846322408,12472974360468
9944864801408,12472988038135
9944883306408,12473002420670
9944901813408,12473015146154
9944920321408,12473027525415
9944938827408,12473039863569
9944957338408,12473054992751
9944975842408,12473067569589
9944994348408,12473080127541
9945012857408,12473093355089
9945031365408,12473106371613
9945049872408,12473118982203
9945068376408,12473131099423
9945086884408,12473142987561
9945105390408,12473154638445
9945123898408,12473166368380
9945142404408,12473179335073
9945160911408,12473196949774
9945179420408,12473209803215
9945197926408,12473226561012
9945216433408,12473239947324
9945234938408,12473251974318
9945253446408,12473264090051
9945271952408,12473280342450
9945290461408,12473293435650
9945308967408,12473304821802
9945327474408,12473317123034
9945345981408,12473329375664
9945364489408,12473341364539
9945382996408,12473354238524
9945401505408,12473367416614
9945420008408,12473380674446
9945438516408,12473393460393
9945457023408,12473407524452
9945475530408,12473419411586
9945494037408,12473431733723
9945512545408,12473444215217
9945531053408,12473459958052
9945549559408,12473475591628
9945568065408,12473489611710
9945586571408,12473502984109
9945605078408,12473515432780
9945623586408,12473526241480
9945642093408,12473537359131
9945660599408,12473550129769
9945679107408,12473562760462
9945697614408,12473575331047
9945716122408,12473591295292
9945734630408,12473603853375
9945753134408,12473615722617
9945771643408,12473629211866
9945790148408,12473642880929
9945808656408,12473656028111
9945827163408,12473667488788
9945845670408,12473678726379
9945864179408,12473690539356
9945882686408,12473703632647
9945901190408,12473714621928
9945919697408,12473728065968
9945938204408,12473742637688
9945956711408,12473754991048
9945975218408,12473766337679
9945993727408,12473777936644
9946012232408,12473789318436
9946030740408,12473799861457
9946049248408,12473813147274
9946067755408,12473823774260
9946086262408,12473834044370
9946104767408,12473846085114
9946123274408,12473858017840
9946141781408,12473868872215
9946160289408,12473880982114
9946178795408,12473895700139
9946197304408,12473907647970
9946215812408,12473920246205
9946234319408,12473930936560
9946252823408,12473941999539
9946271330408,12473953788973
9946289837408,12473965308901
9946308344408,12473980648790
9946326851408,12473992738463
9946345363408,12474006481194
9946363867408,12474017903103
9946382373408,12474027994168
9946400880408,12474039670272
9946419387408,12474050572166
9946437895408,12474063019962
9946474965408,12474074961981
9946493414408,12474090426650
9946511923408,12474102271390
9946530429408,12474113818034
9946548937408,12474125292955
9946567444408,12474135594275
9946585948408,12474147571686
9946604457408,12474160049393
9946622963408,12474170865329
9946641469408,12474190752035
9946659976408,12474207299952
9946678483408,12474219082345
9946696995408,12474233287293
9946715498408,12474246530701
9946734006408,12474261633469
9946752513408,12474275531931
9946771020408,12474292557956
9946789526408,12474303193158
9946808033408,12474314607611
9946826541408,12474327727761
9946845047408,12474340208064
9946863554408,12474352528710
9946882062408,12474365814719
9946900570408,12474379025191
9946919077408,12474392711041
9946937581408,12474404060367
9946956089408,12474417090063
9946974596408,12474433025304
9946993102408,12474445737643
9947011609408,12474457119453
9947030116408,12474468584668
9947048624408,12474480175895
9947067130408,12474491836669
9947085638408,12474505588687
9947104145408,12474519600380
9947122653408,12474534264913
9947141158408,12474553470730
9947159666408,12474565467860
9947178172408,12474578935476
9947196680408,12474593231047
9947215185408,12474606201753
9947233695408,12474621919584
9947252202408,12474638394978
9947270709408,12474650720658
9947289214408,12474665598523
9947307723408,12474677954235
9947326229408,12474693462198
9947344735408,12474706097428
9947363243408,12474722027732
9947381749408,12474737063614
9947400258408,12474751882003
9947418764408,12474767671405
9947437270408,12474783784445
9947455779408,12474799796314
9947474286408,12474815646032
9947492791408,12474832613404
9947511298408,12474859856908
9947529806408,12474877984129
9947548313408,12474892547249
9947566819408,12474905171204
9947585326408,12474921250977
9947603835408,12474935324852
9947622341408,12474950796990
9947640847408,12474966570773
9947659353408,12474985139138
9947677862408,12475000624931
9947696369408,12475016105256
9947714874408,12475030984044
9947733381408,12475046165645
9947751889408,12475062869883
9947770408408,12475077888499
9947788904408,12475094426509
9947807412408,12475108435657
9947825920408,12475122554486
9947844424408,12475137684556
9947862932408,12475152126911
9947881437408,12475170555205
9947899946408,12475186816467
9947918453408,12475202866967
9947936960408,12475217738162
9947955468408,12475231963052
9947973975408,12475244229233
9947992480408,12475255228511
9948010986408,12475268015694
9948029494408,12475280802375
9948048000408,12475292121385
9948066508408,12475302042007
9948085014408,12475311990573
9948103522408,12475322846370
9948122028408,12475332830291
9948140536408,12475343934597
9948159044408,12475355279448
9948177553408,12475365643996
9948196057408,12475375235624
9948214563408,12475385395813
9948233070408,12475395605576
9948251577408,12475416989116
9948270085408,12475428655089
9948288593408,12475440408295
9948307100408,12475451503197
9948325605408,12475462659165
9948344113408,12475473749854
9948362619408,12475485482639
9948381126408,12475495297159
9948399633408,12475507367792
9948418139408,12475519323033
9948436648408,12475529368548
9948455154408,12475539509008
9948473661408,12475555709210
9948492170408,12475566771093
9948510677408,12475575926559
9948529183408,12475586987918
9948547690408,12475597778257
9948566197408,12475607848162
9948584703408,12475618550442
9948603210408,12475628307808
9948621717408,12475639552684
9948640224408,12475650557216
9948658733408,12475663414920
9948677239408,12475675848784
9948695747408,12475688140430
9948714252408,12475703637539
9948732760408,12475715157962
9948751265408,12475726962955
9948769772408,12475739601006
9948788279408,12475752371371
9948806787408,12475763398287
9948825293408,12475774395382
9948843803408,12475790485484
9948862310408,12475802268120
9948880816408,12475816285147
9948899322408,12475830291059
9948917829408,12475843095708
9948936335408,12475855124721
9948954843408,12475867265462
9948973350408,12475882872019
9948991859408,12475893655778
9949010366408,12475904534045
9949028871408,12475915246159
9949047379408,12475926389074
9949065886408,12475938354438
9949084391408,12475950808012
9949102899408,12475961307116
9949121405408,12475977788738
9949139912408,12475989074544
9949158422408,12476000352881
9949176927408,12476014945320
9949195435408,12476027359207
9949213944408,12476038692531
9949232448408,12476051225352
9949250955408,12476063278061
9949269461408,12476073608643
9949287970408,12476083960850
9949306475408,12476097279221
9949324983408,12476109353571
9949343491408,12476119942403
9949361999408,12476136248759
9949380504408,12476147368987
9949399012408,12476157206343
9949417517408,12476173389143
9949436024408,12476188256826
9949454532408,12476210145778
9949473037408,12476225865466
9949491545408,12476239375654
9949510052408,12476253500209
9949528560408,12476265774743
9949547069408,12476279359762
9949565577408,12476292656154
9949584080408,12476313826721
9949602588408,12476328522909
9949621094408,12476342817248
9949639601408,12476355187065
9949658108408,12476368839654
9949676616408,12476380885716
9949695123408,12476395138734
9949713630408,12476416913757
9949732138408,12476430014741
9949750643408,12476443291038
9949769149408,12476456304641
9949787657408,12476467802943
9949806165408,12476480303876
9949824670408,12476494578474
9949843177408,12476507767106
9949861686408,12476519839352
9949880193408,12476531487384
9949898700408,12476542815352
9949917208408,12476553953274
9949935713408,12476565039923
9949954220408,12476576634004
9949972726408,12476587807280
9949991233408,12476598655820
9950009741408,12476610947840
9950028249408,12476623556198
9950046757408,12476641042414
9950065262408,12476653491151
9950083769408,12476672605766
9950102275408,12476685190576
9950120783408,12476696871426
9950139289408,12476713677141
9950157798408,12476726024232
9950176303408,12476743799343
9950194811408,12476756688207
9950213318408,12476772042562
9950231826408,12476784160143
9950250333408,12476797402104
9950268839408,12476810026097
9950287347408,12476822374608
9950305853408,12476834921534
9950324361408,12476847085822
9950342867408,12476860746950
9950361373408,12476871975773
9950379882408,12476885544984
9950398389408,12476898007727
9950416894408,12476910701930
9950435401408,12476923397756
9950453908408,12476935864327
9950472416408,12476949351293
9950490923408,12476961818595
9950509429408,12476973514234
9950527937408,12476986251075
9950546445408,12476998243205
9950564951408,12477011306035
9950583463408,12477022742360
9950601966408,12477035763011
9950620471408,12477046955160
9950638978408,12477060374514
9950657485408,12477072539963
9950675993408,12477083491023
9950694499408,12477095612182
9950713008408,12477106234301
9950731515408,12477120132460
9950750022408,12477130498450
9950768528408,12477142935514
9950787036408,12477154987827
9950805541408,12477166692052
9950824048408,12477177964967
9950842555408,12477191110865
9950861063408,12477203864537
9950879568408,12477215979525
9950898077408,12477227961413
9950916583408,12477240359215
9950935091408,12477250947744
9950953599408,12477262813263
9950972104408,12477273358354
9950990610408,12477284949504
9951009119408,12477296770419
9951027626408,12477307542626
9951046132408,12477321137095
9951064639408,12477331874305
9951083147408,12477342846354
9951101653408,12477354845502
9951120160408,12477367117717
9951138666408,12477379020181
9951157173408,12477390288004
9951175682408,12477401942553
9951194188408,12477412523459
9951212696408,12477423469203
9951231201408,12477435198388
9951249708408,12477448755329
9951268216408,12477460502484
9951286724408,12477471680289
9951305231408,12477483379881
9951323737408,12477494405850
9951342245408,12477507232095
9951360750408,12477518699460
9951379257408,12477531610851
9951397764408,12477543895417
9951416271408,12477556345368
9951434781408,12477568531084
9951453285408,12477581508607
9951471793408,12477594643793
9951490300408,12477607255024
9951508807408,12477618800773
9951527314408,12477630125817
9951545821408,12477641263285
9951564329408,12477659842949
9951582835408,12477674588551
9951601342408,12477689908288
9951619850408,12477701924444
9951638356408,12477723953904
9951656862408,12477738118810
9951675369408,12477752962004
9951693875408,12477767534978
9951712382408,12477782149980
9951730890408,12477796510889
9951749396408,12477810677867
9951767905408,12477829010940
9951786413408,12477844510112
9951804918408,12477858701807
9951823425408,12477874925758
9951841933408,12477889236422
9951860439408,12477903683996
9951878947408,12477917078762
9951897454408,12477933428124
9951915961408,12477946617026
9951934468408,12477960930151
9951952974408,12477975647953
9951971492408,12477991627668
9951989990408,12478006713534
9952008505408,12478019199945
9952027003408,12478033474653
9952045509408,12478047812570
9952064017408,12478063146064
9952082523408,12478075499078
9952101030408,12478089006888
9952119539408,12478101953091
9952138047408,12478116153765
9952156551408,12478129752939
9952175057408,12478143414246
9952193565408,12478157785401
9952212072408,12478168535465
9952230579408,12478179599611
9952249086408,12478196279879
9952267595408,12478209404561
9952286100408,12478223127656
9952304606408,12478235287058
9952323114408,12478251794635
9952341622408,12478263115304
9952360128408,12478274201792
9952378636408,12478285282872
9952397142408,12478302364294
9952415648408,12478319913685
9952434155408,12478335742419
9952452663408,12478350302181
9952471170408,12478363470421
9952489677408,12478379410314
9952508183408,12478394724233
9952526692408,12478407863145
9952545196408,12478420717705
9952563705408,12478434550304
9952582211408,12478446662776
9952600719408,12478461238607
9952619227408,12478477394870
9952637732408,12478490589102
9952656238408,12478503169633
9952674748408,12478517946274
9952693256408,12478531507678
9952711761408,12478547859564
9952730266408,12478566370111
9952748774408,12478578478480
9952767280408,12478592975945
9952785788408,12478604074705
9952804296408,12478617729034
9952822805408,12478632394619
9952841309408,12478643835837
9952859816408,12478655835686
9952878323408,12478672048601
9952896830408,12478683592297
9952915337408,12478693925308
9952933844408,12478707270836
9952952353408,12478729030107
9952970861408,12478743215755
9952989365408,12478755129334
9953007872408,12478766939369
9953026380408,12478779505761
9953044886408,12478792278436
9953063394408,12478805888518
9953081900408,12478817688687
9953100406408,12478830006856
9953118913408,12478844750796
9953137422408,12478856084268
9953155930408,12478870869052
9953174439408,12478883606611
9953192942408,12478898010521
9953211449408,12478910270868
9953229957408,12478925337301
9953248462408,12478939088433
9953266969408,12478960349126
9953285476408,12478973390312
9953303986408,12478988470641
9953322492408,12479005697311
9953340998408,12479027882569
9953359504408,12479042569917
9953378014408,12479057376116
9953396522408,12479069070720
9953415026408,12479081423046
9953433532408,12479095540766
9953452039408,12479108489864
9953470546408,12479121689076
9953489054408,12479134442438
9953507561408,12479146548903
9953526071408,12479158696526
9953544575408,12479170845793
9953563084408,12479183521937
9953581588408,12479198822435
9953600094408,12479212917520
9953618602408,12479228508826
9953637109408,12479243672840
9953655618408,12479260745696
9953674125408,12479276841358
9953692630408,12479290380165
9953711136408,12479305495593
9953729648408,12479319643023
9953748153408,12479333357489
9953766658408,12479346715191
9953785166408,12479359980064
9953803673408,12479372276497
9953822179408,12479385254615
9953840686408,12479403392043
9953859195408,12479418626471
9953877703408,12479433546132
9953896207408,12479446727979
9953914714408,12479459877569
9953933220408,12479470693890
9953951729408,12479482368147
9953970234408,12479496846225
9953988743408,12479518040586
9954007251408,12479532707953
9954025758408,12479544291886
9954044262408,12479558535361
9954062770408,12479570682199
9954081278408,12479583493419
9954099783408,12479599349286
9954118291408,12479612295796
9954136798408,12479623732172
9954155304408,12479634771108
9954173812408,12479646458188
9954192319408,12479657625601
9954210828408,12479668476194
9954229332408,12479685278551
9954247839408,12479696605013
9954266346408,12479708669940
9954284855408,12479721784944
9954303360408,12479737754214
9954321868408,12479751267266
9954340377408,12479762195255
9954358883408,12479773903683
9954377387408,12479788322551
9954395895408,12479799682718
9954414402408,12479813141894
9954432913408,12479827751156
9954451416408,12479843308724
9954469923408,12479856485118
9954488430408,12479868505298
9954506937408,12479883617396
9954525445408,12479897262486
9954543952408,12479910345705
9954562460408,12479923612759
9954580966408,12479934992326
9954599472408,12479948240671
9954617979408,12479961461945
9954636486408,12479973251492
9954654993408,12479986218492
9954673501408,12479999240946
9954692009408,12480012873242
9954710518408,12480023657179
9954729023408,12480037875842
9954747528408,12480051973753
9954766036408,12480065355692
9954784552408,12480076718905
9954803049408,12480093519640
9954821557408,12480106941802
9954840064408,12480118165987
9954858570408,12480130085829
9954877078408,12480145594919
9954895585408,12480160144349
9954914093408,12480173585340
9954932598408,12480186885661
9954951108408,12480197957634
9954969612408,12480210708013
9954988119408,12480222506251
9955006629408,12480237194656
9955025134408,12480249550193
9955043641408,12480260567718
9955062149408,12480270115130
9955080654408,12480281518636
9955099159408,12480292220866
9955117667408,12480302979727
9955154682408,12480315031585
9955173188408,12480331651608
9955191696408,12480348171958
9955210202408,12480358248489
9955228710408,12480369366166
9955247220408,12480385787941
9955265726408,12480402914469
9955284231408,12480415512507
9955302737408,12480427757303
9955321244408,12480439530374
9955339752408,12480451059252
9955358258408,12480462725562
9955376766408,12480474649660
9955395275408,12480487334184
9955413780408,12480499037631
9955432287408,12480511728097
9955450793408,12480533966902
9955469299408,12480547589668
9955487807408,12480561015096
9955506313408,12480574799179
9955524821408,12480587170984
9955543328408,12480606077829
9955561835408,12480619659225
9955580345408,12480633066956
9955598852408,12480647393833
9955617358408,12480658501056
9955635863408,12480670555549
9955654369408,12480681515751
9955672879408,12480700371082
9955691383408,12480722933201
9955709891408,12480736853145
9955728398408,12480749167847
9955746906408,12480761402655
9955765411408,12480778120581
9955783919408,12480796154993
9955802425408,12480811261708
9955820933408,12480823191751
9955839438408,12480835921523
9955857947408,12480848064832
9955876454408,12480861194064
9955894961408,12480872541965
9955913467408,12480884571965
9955931976408,12480899033215
9955950484408,12480911884911
9955968989408,12480924417783
9955987498408,12480937669002
9956006003408,12480950014504
9956024510408,12480964027074
9956043018408,12480976288125
9956061524408,12480989490862
9956080032408,12481002064491
9956098540408,12481013889104
9956117045408,12481026246685
9956135552408,12481040463891
9956154058408,12481054276777
9956172566408,12481068281042
9956191073408,12481083811992
9956209593408,12481099226773
9956228086408,12481110033094
9956246593408,12481121299294
9956265101408,12481133155053
9956283609408,12481149567179
9956302116408,12481167163502
9956320621408,12481185113405
9956339128408,12481199064655
9956357637408,12481212970907
9956376142408,12481229164352
9956394649408,12481240967694
9956413157408,12481255818953
9956431665408,12481267345670
9956450173408,12481279977777
9956468679408,12481296232042
9956487186408,12481312148680
9956505690408,12481326573280
9956524197408,12481339764602
9956542705408,12481353808657
9956561212408,12481367191913
9956579720408,12481381228251
9956598226408,12481394229995
9956616734408,12481409073627
9956635241408,12481422316754
9956653749408,12481432970203
9956672254408,12481443464153
9956690762408,12481454012428
9956709268408,12481464938163
9956727776408,12481481628641
9956746281408,12481493442759
9956764790408,12481503765029
9956783298408,12481513463227
9956801806408,12481523758072
9956820310408,12481533949221
9956838818408,12481550872776
9956857324408,12481562229944
9956875831408,12481578919609
9956894337408,12481592103328
9956912845408,12481604808298
9956931352408,12481617363740
9956949859408,12481634427896
9956968366408,12481652715797
9956986874408,12481664013220
9957005382408,12481677330478
9957023887408,12481698586612
9957042393408,12481712588958
9957060902408,12481723102431
9957079409408,12481733390713
9957097915408,12481752732924
9957116422408,12481763929580
9957134931408,12481775758754
9957153435408,12481787343939
9957171943408,12481797886008
9957190449408,12481809007238
9957208956408,12481820145788
9957227464408,12481839805037
9957245971408,12481851341289
9957264479408,12481866283559
9957282984408,12481877841994
9957301492408,12481890573343
9957320000408,12481901989182
9957338508408,12481914175113
9957357012408,12481927915489
9957375519408,12481941395876
9957394027408,12481952077747
9957412534408,12481963340288
9957431042408,12481973897638
9957449547408,12481986444880
9957468055408,12481996734207
9957486562408,12482010329109
9957505068408,12482023022358
9957523575408,12482035348553
9957542082408,12482048284319
9957560589408,12482060288551
9957579095408,12482072882276
9957597605408,12482085832204
9957616110408,12482105715063
9957634623408,12482128352410
9957653124408,12482151913699
9957671631408,12482166089875
9957690141408,12482180101307
9957708646408,12482191897613
9957727153408,12482204867841
9957745659408,12482218617852
9957764166408,12482232117920
9957782673408,12482245148036
9957801181408,12482258912375
9957819689408,12482271748029
9957838196408,12482284833823
9957856701408,12482297898181
9957875207408,12482311657051
9957893717408,12482326355240
9957912222408,12482339229909
9957930728408,12482357839879
9957949234408,12482370733414
9957967743408,12482382587839
9957986250408,12482394650174
9958004757408,12482408519956
9958023264408,12482421930031
9958041774408,12482435671246
9958060277408,12482449646106
9958078787408,12482462777549
9958097292408,12482475157424
9958115799408,12482485621377
9958134305408,12482500536917
9958152813408,12482515114513
9958171321408,12482529978985
9958189831408,12482543767277
9958208333408,12482556863541
9958226840408,12482568241396
9958245347408,12482581581500
9958263854408,12482595097980
9958282360408,12482607571827
9958300867408,12482621777255
9958319376408,12482634204673
9958337883408,12482645943727
9958356389408,12482656709311
9958374899408,12482668235502
9958393407408,12482681141434
9958411911408,12482692960850
9958430417408,12482704420255
9958448925408,12482714132618
9958467431408,12482724526042
9958485938408,12482734864495
9958504446408,12482746553315
9958522955408,12482761076649
9958541460408,12482773792001
9958559966408,12482791995179
9958578472408,12482803251465
9958596980408,12482814883976
9958615489408,12482827286085
9958633993408,12482838707438
9958652500408,12482858552060
9958671008408,12482872346605
9958689514408,12482884555234
9958708022408,12482896053648
9958726530408,12482907559133
9958745036408,12482918873333
9958763542408,12482929592332
9958782050408,12482944604757
9958800556408,12482957411580
9958819064408,12482969369958
9958837571408,12482990793608
9958856078408,12483001605138
9958874588408,12483012608941
9958893093408,12483024202973
9958911599408,12483038283504
9958930106408,12483056012797
9958948613408,12483069250518
9958967119408,12483081769429
9958985626408,12483094170210
9959004133408,12483105122185
9959022649408,12483117062235
9959041147408,12483132587599
9959059657408,12483147231508
9959078164408,12483159838157
9959096668408,12483172663809
9959115175408,12483186530460
9959133682408,12483198682563
9959152189408,12483211287758
9959170696408,12483225493162
9959189203408,12483238487322
9959207711408,12483264248521
9959226219408,12483282048913
9959244724408,12483298099897
9959263231408,12483311689731
9959281739408,12483325929901
9959300244408,12483339355450
9959318751408,12483352593994
9959337258408,12483366968971
9959355766408,12483379852143
9959374273408,12483392666993
9959392781408,12483406044448
9959411288408,12483421798125
9959429797408,12483433241161
9959448301408,12483443386192
9959466808408,12483454139120
9959485314408,12483465131734
9959503822408,12483477832444
9959522329408,12483494338081
9959540836408,12483512486160
9959559345408,12483525977769
9959577852408,12483544242255
9959596357408,12483562897417
9959614864408,12483575447906
9959633373408,12483587631483
9959651878408,12483599069365
9959670383408,12483611068445
9959688892408,12483624190041
9959707399408,12483640790549
9959725906408,12483659369025
9959744413408,12483672055064
9959762921408,12483689661238
9959781428408,12483701435726
9959799933408,12483714397026
9959818440408,12483725559155
9959836949408,12483737931232
9959855454408,12483749163082
9959873961408,12483761475982
9959892469408,12483773080469
9959910977408,12483784224563
9959929485408,12483796412594
9959947989408,12483815497391
9959966497408,12483828338863
9959985002408,12483840420034
9960003510408,12483852939627
9960022019408,12483864582227
9960040524408,12483877102609
9960059033408,12483888429553
9960077538408,12483905317821
9960096047408,12483919571823
9960114553408,12483931807582
9960133062408,12483945505191
9960151567408,12483962244014
9960170073408,12483973870656
9960188580408,12483985006147
9960207088408,12483999454999
9960225593408,12484013434390
9960244103408,12484035032941
9960262611408,12484049571415
9960281116408,12484062319362
9960299622408,12484074872310
9960318130408,12484087494295
9960336635408,12484102570241
9960355143408,12484116852729
9960373650408,12484133362507
9960392157408,12484148625328
9960410663408,12484163179706
9960429172408,12484175901060
9960447679408,12484189550953
9960466188408,12484203344867
9960484692408,12484217592957
9960503200408,12484232935320
9960521706408,12484247548899
9960540213408,12484262711812
9960558720408,12484275128654
9960577228408,12484287714363
9960595735408,12484301991454
9960614243408,12484316400621
9960632748408,12484331953793
9960651254408,12484348684860
9960669762408,12484364635957
9960688268408,12484377940126
9960706777408,12484391359501
9960725283408,12484407843669
9960743789408,12484423833181
9960762296408,12484438732362
9960780804408,12484453355283
9960799312408,12484468354919
9960817820408,12484484090143
9960836327408,12484498431703
9960854831408,12484513723491
9960873338408,12484528807140
9960891845408,12484545270295
9960910352408,12484562439402
9960928860408,12484579105302
9960947368408,12484596418892
9960965876408,12484612535970
9960984381408,12484629526790
9961002888408,12484649277567
9961021395408,12484665454956
9961039902408,12484682214248
9961058409408,12484699305604
9961076915408,12484716941992
9961095422408,12484733586115
9961113930408,12484753049014
9961132436408,12484770698308
9961150945408,12484792148847
9961169452408,12484812439989
9961187958408,12484830899299
9961206464408,12484847460008
9961224971408,12484863075250
9961243481408,12484880995374
9961261985408,12484897406246
9961280493408,12484915114082
9961299001408,12484932177083
9961317508408,12484949145246
9961336013408,12484966939544
9961354520408,12484983567611
9961373027408,12485000459108
9961391534408,12485017573500
9961410041408,12485033919952
9961428549408,12485048770820
9961447054408,12485062017776
9961465561408,12485073795283
9961484070408,12485086148412
9961502577408,12485098893099
9961521085408,12485112104603
9961539590408,12485125068730
9961558097408,12485137281314
9961576605408,12485148300297
9961595111408,12485159717565
9961613617408,12485171697330
9961632125408,12485191244947
9961650633408,12485205609149
9961669140408,12485219541234
9961687645408,12485238299975
9961706153408,12485256817878
9961724660408,12485269667209
9961743167408,12485281685108
9961761674408,12485296816061
9961780183408,12485311422870
9961798688408,12485324393761
9961817195408,12485337226697
9961835724408,12485351035341
9961854210408,12485364867503
9961872716408,12485378442965
9961891222408,12485393110682
9961909729408,12485406603539
9961928236408,12485418814383
9961946744408,12485430604312
9961965251408,12485441624596
9961983758408,12485452756899
9962002266408,12485464610041
9962020773408,12485479319780
9962039278408,12485493573672
9962057785408,12485506943243
9962076293408,12485521134403
9962094799408,12485532917219
9962113305408,12485545450824
9962131815408,12485557400287
9962150318408,12485571053134
9962168827408,12485585743417
9962187337408,12485599059103
9962205843408,12485613966472
9962224349408,12485624610454
9962242855408,12485635236822
9962261361408,12485649762742
9962279869408,12485666087976
9962298376408,12485682830740
9962316883408,12485703578914
9962335395408,12485717997577
9962353899408,12485732175991
9962372404408,12485744660224
9962390911408,12485756922296
9962409418408,12485770415117
9962427924408,12485783860560
9962446431408,12485796355180
9962464940408,12485810349520
9962483447408,12485820892514
9962501954408,12485833242459
9962520460408,12485845634391
9962538968408,12485860696650
9962557475408,12485872749936
9962575981408,12485886922877
9962594488408,12485898649210
9962612995408,12485909374020
9962631502408,12485926232152
9962650009408,12485938356609
9962668516408,12485957950872
9962687025408,12485970911072
9962705532408,12485983103212
9962724037408,12485996543595
9962742543408,12486008479251
9962761050408,12486021981352
9962779556408,12486034022791
9962798064408,12486049440544
9962816573408,12486069777917
9962835080408,12486081605818
9962853585408,12486094175916
9962872091408,12486107336744
9962890601408,12486120377217
9962909109408,12486133616396
9962927614408,12486149304176
9962946120408,12486162886033
9962964628408,12486181953524
9962983134408,12486195085052
9963001641408,12486206785323
9963020149408,12486218840357
9963038656408,12486230225276
9963057164408,12486243607465
9963075670408,12486256473533
9963094177408,12486270606699
9963112683408,12486281937938
9963131191408,12486292310857
9963149696408,12486302472943
9963168205408,12486312623636
9963186714408,12486326097185
9963205221408,12486341499983
9963223723408,12486354523349
9963242235408,12486367715865
9963260749408,12486381253119
9963279246408,12486392498080
9963297753408,12486401861655
9963316261408,12486415377708
9963334767408,12486430321708
9963353275408,12486444361040
9963371781408,12486457222970
9963390289408,12486468474606
9963408794408,12486481206307
9963427303408,12486493460274
9963445808408,12486513248582
9963464317408,12486526504294
9963482822408,12486539626351
9963501330408,12486551805223
9963519839408,12486563745827
9963538345408,12486574834219
9963556850408,12486586945068
9963575357408,12486601068806
9963593866408,12486613248845
9963612371408,12486625489847
9963630878408,12486637625046
9963649385408,12486651112929
9963667893408,12486665008053
9963686399408,12486677343631
9963704906408,12486693151817
9963723415408,12486708730827
9963741922408,12486723082158
9963760427408,12486734738915
9963778934408,12486746378236
9963797441408,12486758249666
9963815948408,12486770350438
9963834456408,12486784064929
9963852963408,12486797538763
9963871470408,12486808659662
9963889980408,12486818751730
9963908482408,12486830702199
9963926989408,12486847104287
9963945498408,12486863727085
9963964004408,12486881309726
9963982512408,12486892500569
9964001018408,12486903009459
9964019525408,12486913961591
9964038032408,12486926019397
9964056539408,12486942589490
9964075048408,12486954274585
9964093554408,12486973378787
9964112059408,12486985883181
9964130567408,12486998011692
9964149074408,12487009351491
9964167580408,12487020669816
9964186088408,12487037325820
9964204596408,12487048851162
9964223103408,12487063071621
9964241608408,12487076758797
9964260116408,12487088656315
9964278622408,12487100852031
9964297133408,12487117667168
9964315637408,12487129787688
9964334143408,12487146674727
9964352650408,12487162586572
9964371159408,12487177014942
9964389664408,12487190488023
9964408172408,12487207845823
9964426681408,12487221170872
9964445188408,12487231740533
9964463692408,12487249893215
9964482199408,12487266800305
9964500707408,12487289234699
9964519213408,12487312264394
9964537721408,12487327623419
9964556228408,12487342295834
9964574736408,12487354555914
9964593242408,12487367405692
9964611749408,12487381954813
9964630255408,12487394557809
9964648773408,12487404820826
9964667270408,12487417289331
9964685777408,12487429581032
9964704283408,12487442072225
9964722790408,12487454492479
9964741298408,12487474042279
9964759805408,12487487999916
9964778313408,12487501306776
9964796819408,12487513608088
9964815325408,12487525568170
9964833832408,12487541546890
9964852340408,12487553110161
9964870846408,12487566065898
9964889353408,12487580363073
9964907861408,12487594553087
9964926370408,12487607512680
9964944873408,12487619686265
9964963381408,12487631418994
9964981887408,12487643959216
9965000399408,12487657920374
9965018903408,12487670284288
9965037409408,12487682323423
9965055915408,12487695739027
9965074423408,12487708877224
9965092930408,12487720911512
9965111438408,12487732328255
9965129945408,12487745325154
9965148451408,12487760885322
9965166958408,12487772544203
9965185465408,12487785434055
9965203972408,12487796878881
9965222479408,12487809583277
9965240986408,12487820974841
9965259493408,12487834947276
9965278001408,12487847893071
9965296506408,12487862582603
9965315013408,12487876998773
9965333519408,12487889719506
9965352028408,12487901937168
9965370535408,12487913972096
9965389041408,12487929322459
9965407548408,12487943094075
9965426056408,12487960092064
9965444563408,12487975080993
9965463070408,12487988454736
9965481578408,12488001561391
9965500084408,12488014121231
9965518590408,12488027512941
9965537098408,12488041340201
9965555604408,12488053853730
9965574112408,12488065932762
9965592619408,12488079146482
9965611127408,12488091203350
9965629638408,12488102610636
9965648140408,12488115790119
9965666645408,12488139072199
9965685153408,12488153029863
9965703659408,12488171484902
9965722167408,12488183149981
9965740673408,12488195845067
9965759181408,12488208370469
9965777687408,12488222408807
9965796196408,12488237912365
9965814703408,12488256956111
9965833212408,12488269581841
9965851716408,12488281498773
9965870224408,12488293551687
9965888729408,12488310832196
9965907238408,12488331781212
9965925744408,12488347060858
9965944252408,12488360778235
9965962759408,12488373499872
9965981265408,12488390728067
9965999771408,12488402836227
9966018278408,12488413922482
9966036785408,12488428154901
9966055293408,12488450882203
9966073807408,12488469500399
9966092307408,12488483073018
9966110814408,12488495478539
9966129321408,12488508568274
9966147829408,12488521554259
9966166336408,12488536363122
9966184844408,12488550991072
9966203349408,12488566584100
9966221855408,12488580869052
9966240363408,12488598170024
9966258869408,12488612588306
9966277378408,12488626692881
9966295885408,12488641339348
9966314392408,12488656508879
9966332897408,12488671097461
9966351404408,12488693929643
9966369911408,12488710672615
9966388418408,12488724371311
9966406925408,12488737816424
9966425431408,12488755237420
9966443941408,12488770077146
9966462446408,12488787156080
9966480954408,12488802175074
9966499461408,12488818967497
9966517970408,12488835472048
9966536474408,12488851467679
9966554981408,12488872302233
9966573488408,12488888696645
9966591995408,12488904861346
9966610501408,12488920465406
9966629010408,12488936723950
9966647517408,12488954501241
9966666025408,12488969204417
9966684530408,12488988495190
9966703037408,12489003883004
9966721544408,12489020832160
9966740050408,12489038133686
9966758557408,12489055358753
9966777065408,12489070759245
9966795571408,12489087565541
9966814079408,12489104895217
9966832585408,12489125230055
9966851094408,12489142934812
9966869601408,12489158867899
9966888106408,12489176378670
9966906613408,12489194180973
9966925122408,12489209920341
9966943628408,12489227115113
9966962136408,12489242057191
9966980643408,12489256218064
9966999150408,12489269075240
9967017658408,12489284705933
9967036164408,12489297621234
9967054670408,12489310365893
9967073176408,12489325615475
9967091683408,12489340436017
9967110190408,12489353924130
9967128697408,12489366232794
9967147204408,12489378624351
9967165710408,12489391074235
9967184219408,12489407055762
9967202726408,12489422240819
9967221236408,12489437329064
9967239739408,12489452342864
9967258246408,12489464974362
9967276754408,12489483483340
9967295261408,12489496977598
9967313766408,12489512481865
9967332275408,12489529256151
9967350782408,12489543640711
9967369288408,12489556736336
9967387795408,12489572187650
9967406302408,12489587345672
9967424808408,12489601757024
9967443315408,12489614244375
9967461825408,12489629605790
9967480332408,12489644305129
9967498845408,12489658436051
9967517344408,12489676616836
9967535851408,12489691867574
9967554360408,12489706374958
9967572868408,12489720235466
9967591371408,12489735434505
9967609879408,12489751639429
9967628386408,12489764971544
9967646893408,12489780510735
9967665399408,12489795150203
9967683907408,12489807473896
9967702415408,12489820669835
9967720921408,12489838962899
9967739427408,12489853953632
9967757935408,12489869773441
9967776441408,12489886773445
9967794950408,12489900716409
9967813455408,12489915880256
9967831962408,12489929970152
9967850469408,12489946009288
9967868978408,12489962337424
9967887485408,12489976230132
9967905992408,12489991008096
9967924497408,12490004154289
9967943005408,12490016512147
9967961512408,12490028891588
9967980019408,12490043711729
9967998526408,12490060511068
9968017032408,12490075979632
9968035539408,12490095675523
9968054048408,12490111550886
9968072552408,12490126860614
9968091060408,12490139780559
9968109567408,12490154357126
9968128074408,12490169760695
9968146581408,12490189028621
9968165088408,12490201926601
9968183595408,12490214736166
9968202102408,12490229400360
9968220609408,12490245090842
9968239117408,12490260156523
9968257624408,12490274268767
9968276131408,12490289954261
9968294637408,12490304005055
9968313144408,12490318422848
9968331650408,12490330793070
9968350159408,12490347151504
9968368666408,12490361373072
9968387173408,12490375463275
9968405681408,12490391880921
9968424185408,12490406414554
9968442692408,12490419952840
9968461201408,12490435575136
9968479706408,12490449448614
9968498213408,12490466748524
9968516721408,12490482093703
9968535228408,12490497621347
9968553735408,12490514331559
9968572242408,12490530732885
9968590750408,12490547214014
9968609258408,12490561325339
9968627763408,12490578987115
9968646270408,12490595867340
9968664777408,12490610685118
9968683283408,12490632719036
9968701791408,12490649283634
9968720298408,12490664746083
9968738805408,12490680454750
9968757314408,12490698464894
9968775818408,12490716412612
9968794327408,12490732808323
9968812833408,12490747035883
9968831340408,12490763014746
9968849845408,12490779023138
9968868353408,12490796639441
9968886867408,12490820392031
9968905367408,12490837555819
9968923874408,12490853655687
9968942383408,12490871885334
9968960890408,12490890403839
9968979395408,12490906321602
9968997902408,12490923699632
9969016410408,12490942222502
9969034916408,12490960518430
9969053423408,12490979180947
9969071930408,12490997769022
9969090440408,12491018731356
9969108944408,12491035550241
9969127452408,12491053756170
9969145958408,12491073453846
9969164465408,12491090478263
9969182971408,12491108030109
9969201478408,12491121057632
9969219985408,12491137459113
9969238493408,12491154240010
9969257000408,12491169166059
9969275507408,12491189137486
9969294017408,12491206774113
9969312522408,12491224140571
9969331028408,12491242537829
9969349534408,12491259419901
9969368042408,12491274634134
9969386549408,12491288977222
9969405055408,12491305541309
9969423563408,12491320921398
9969442073408,12491335364719
9969460578408,12491349849613
9969479084408,12491364611784
9969497591408,12491376165175
9969516099408,12491389017330
9969534604408,12491402723839
9969553111408,12491414827311
9969571618408,12491428882665
9969590125408,12491440137997
9969608632408,12491451347412
9969627141408,12491462968060
9969645649408,12491473808564
9969664153408,12491486311685
9969682660408,12491501678809
9969701167408,12491513883117
9969719673408,12491524459116
9969738182408,12491536333511
9969756689408,12491557058525
9969775196408,12491568725618
9969793705408,12491582050347
9969812209408,12491594778940
9969830716408,12491610447311
9969849223408,12491621343767
9969867729408,12491632031540
9969886236408,12491643565060
9969904743408,12491659840966
9969923251408,12491673511858
9969941758408,12491685884638
9969960267408,12491699485476
9969978773408,12491713394785
9969997281408,12491727798503
9970015786408,12491740406057
9970034293408,12491753080970
9970052799408,12491768156628
9970071308408,12491782729585
9970089814408,12491799563337
9970108322408,12491817050867
9970126829408,12491833572966
9970145338408,12491848160761
9970163842408,12491864007300
9970182349408,12491880426968
9970200855408,12491895963492
9970219364408,12491917732849
9970237870408,12491934986895
9970256376408,12491952163681
9970274882408,12491970243655
9970293391408,12491982886504
9970311897408,12491995756726
9970330406408,12492009348712
9970348914408,12492023219308
9970367419408,12492032676461
9970385925408,12492042958295
9970404433408,12492053661973
9970422939408,12492064473372
9970441450408,12492079022610
9970459956408,12492094579951
9970478462408,12492107600395
9970496969408,12492119959040
9970515474408,12492133640579
9970533982408,12492146568399
9970552487408,12492160068825
9970570996408,12492175584962
9970589502408,12492190334944
9970608008408,12492202862079
9970626517408,12492215085272
9970645024408,12492230511309
9970663530408,12492241322227
9970682039408,12492251897814
9970700546408,12492266399654
9970719052408,12492278716451
9970737558408,12492294316147
9970756066408,12492305203972
9970774572408,12492318595123
9970793079408,12492334011617
9970811587408,12492345386215
9970830096408,12492361174535
9970848600408,12492375593655
9970867108408,12492391060232
9970885613408,12492405267492
9970904121408,12492417797861
9970922627408,12492430458164
9970941135408,12492443900931
9970959643408,12492458795649
9970978148408,12492472986974
9970996655408,12492486235316
9971015164408,12492499632176
9971033670408,12492515060269
9971052176408,12492526422116
9971070684408,12492537794628
9971089192408,12492554070492
9971107698408,12492570445273
9971126205408,12492584408567
9971144712408,12492596363064
9971163219408,12492610232114
9971181726408,12492622289429
9971200232408,12492638403752
9971218739408,12492650830849
9971237248408,12492663950647
9971255753408,12492680015198
9971274262408,12492692156593
9971292768408,12492703939435
9971311274408,12492719964085
9971329780408,12492731963929
9971348288408,12492746801294
9971366796408,12492761717729
9971385305408,12492774898919
9971403808408,12492788473387
9971422317408,12492801924373
9971440823408,12492817536386
9971459330408,12492830084548
9971477838408,12492842185098
9971496345408,12492853906682
9971514852408,12492870117151
9971533360408,12492882871710
9971551865408,12492895702577
9971570373408,12492908271730
9971588878408,12492921823249
9971607386408,12492935823807
9971625892408,12492948783817
9971644403408,12492963324007
9971662907408,12492976617803
9971681413408,12492995348871
9971699927408,12493008984498
9971718430408,12493021371689
9971736937408,12493037442138
9971755443408,12493050243566
9971773949408,12493063971508
9971792457408,12493075148399
9971810962408,12493088621331
9971829470408,12493102502835
9971847976408,12493113808667
9971866486408,12493128764944
9971884993408,12493143896628
9971903497408,12493159190712
9971922006408,12493173101253
9971940511408,12493187159790
9971959019408,12493202383772
9971977528408,12493216324157
9971996033408,12493230163869
9972014540408,12493244393989
9972033046408,12493255528677
9972051555408,12493271798021
9972070063408,12493283012597
9972088569408,12493294177104
9972107074408,12493304686935
9972125580408,12493319821721
9972144088408,12493333737217
9972162595408,12493348264092
9972181103408,12493361513729
9972199609408,12493377254819
9972218117408,12493389933332
9972236623408,12493401710252
9972255134408,12493415823509
9972273637408,12493430367312
9972292144408,12493445443522
9972310651408,12493457452058
9972329158408,12493471344573
9972347665408,12493483509488
9972366172408,12493497759346
9972384679408,12493512303098
9972403187408,12493526051080
9972421694408,12493542972864
9972440202408,12493562488167
9972458708408,12493575238791
9972477214408,12493587436711
9972495721408,12493601256107
9972514228408,12493614853969
9972532733408,12493628053993
9972551243408,12493641483734
9972569750408,12493655750577
9972588255408,12493669466388
9972606763408,12493682542554
9972625270408,12493698316504
9972643776408,12493714558872
9972662284408,12493726958520
9972680791408,12493739328597
9972699299408,12493753798356
9972717807408,12493767428750
9972736312408,12493782050882
9972754819408,12493795426449
9972773327408,12493813552838
9972791834408,12493828176376
9972810340408,12493844273839
9972828847408,12493864501033
9972847354408,12493881663146
9972865860408,12493900496547
9972884368408,12493916048511
9972902875408,12493931516381
9972921383408,12493946863748
9972939888408,12493959210678
9972958395408,12493981749816
9972976901408,12493995442279
9972995409408,12494008610687
9973013916408,12494022671537
9973032424408,12494042488039
9973050932408,12494057028257
9973069438408,12494074871496
9973087942408,12494093355543
9973106452408,12494110112744
9973124966408,12494123369267
9973143465408,12494136755649
9973161972408,12494154576041
9973180480408,12494171690190
9973198985408,12494185822752
9973217493408,12494198415840
9973236002408,12494210860617
9973254508408,12494225208509
9973273016408,12494242374698
9973291520408,12494260835670
9973310028408,12494275692176
9973328534408,12494289030069
9973347042408,12494302936375
9973365548408,12494316478344
9973384056408,12494327550627
9973402565408,12494338468621
9973421069408,12494352120543
9973439575408,12494366797055
9973458085408,12494381710916
9973476592408,12494393762115
9973495098408,12494405903129
9973513605408,12494416888102
9973532111408,12494433645442
9973550619408,12494447993400
9973569126408,12494462264995
9973587632408,12494475213297
9973606141408,12494491204585
9973624650408,12494502841088
9973643153408,12494514671618
9973661659408,12494527180573
9973680168408,12494543125159
9973698674408,12494556811221
9973717181408,12494568908262
9973735690408,12494580980105
9973754198408,12494593828687
9973772701408,12494604410683
9973791209408,12494616328561
9973809717408,12494628384563
9973828225408,12494640071737
9973846729408,12494656091989
9973865239408,12494669017398
9973883744408,12494682069004
9973902251408,12494694613081
9973920757408,12494705412281
9973939267408,12494717832893
9973957773408,12494733871610
9973976280408,12494744897933
9973994786408,12494759045993
9974013293408,12494775802128
9974031799408,12494787079636
9974050308408,12494803657396
9974068814408,12494820496817
9974087323408,12494835084246
9974105829408,12494848428035
9974124334408,12494863642120
9974142841408,12494876228605
9974161350408,12494888974973
9974179857408,12494902358898
9974198363408,12494918870550
9974216870408,12494934122229
9974235377408,12494952660593
9974253884408,12494965714129
9974272391408,12494979386227
9974290899408,12494993908887
9974309407408,12495007924971
9974327911408,12495023516529
9974346419408,12495038196198
9974364924408,12495055488986
9974383434408,12495067693832
9974401940408,12495082606238
9974420447408,12495096131392
9974438954408,12495111366449
9974457463408,12495127884415
9974475966408,12495144990181
9974494478408,12495158040450
9974512988408,12495170934187
9974531499408,12495189204173
9974550001408,12495208359772
9974568503408,12495242464817
9974587009408,12495269850218
9974605516408,12495284686313
9974624024408,12495299720431
9974642533408,12495316991870
9974661039408,12495329648085
9974679545408,12495342993777
9974698051408,12495359873332
9974716558408,12495376855312
9974735065408,12495392109562
9974753572408,12495408444305
9974772079408,12495431681275
9974790587408,12495458964342
9974809095408,12495487344133
9974827599408,12495513876433
9974846107408,12495532399971
9974864617408,12495545484847
9974883121408,12495559378802
9974901627408,12495581298712
9974920136408,12495597876944
9974938641408,12495616613354
9974957149408,12495646925967
9974975656408,12495666540312
9974994164408,12495683870905
9975012673408,12495699283082
9975031178408,12495718854021
9975049683408,12495739291850
9975068191408,12495762789479
9975086698408,12495781415840
9975105204408,12495795640067
9975123711408,12495806979018
9975142221408,12495818827638
9975160725408,12495836151368
9975179232408,12495851056244
9975197739408,12495867602292
9975216248408,12495883957056
9975234754408,12495903264469
9975253260408,12495921593493
9975271767408,12495938122605
9975290274408,12495952129611
9975308781408,12495967948460
9975327289408,12495982947109
9975345796408,12496018510453
9975364303408,12496049756953
9975382809408,12496063503595
9975401316408,12496074870875
9975419823408,12496093639925
9975438332408,12496117034686
9975456836408,12496138025545
9975475344408,12496156575235
9975493853408,12496169864545
9975512357408,12496182375672
9975530865408,12496197783100
9975549371408,12496210601271
9975567881408,12496222525730
9975586386408,12496238204885
9975604894408,12496252862622
9975623400408,12496269616726
9975641907408,12496285581741
9975660414408,12496299138970
9975678921408,12496313605605
9975697431408,12496339683363
9975715935408,12496365862583
9975734442408,12496389259067
9975752949408,12496400983279
9975771458408,12496411478727
9975789962408,12496422311913
9975808470408,12496432798233
9975826977408,12496443557460
9975845486408,12496454142355
9975863990408,12496465251538
9975882496408,12496475722687
9975901004408,12496486663605
9975919512408,12496499114092
9975938023408,12496511896685
9975956525408,12496524604619
9975975032408,12496541655957
9975993539408,12496553251117
9976012046408,12496565807153
9976030555408,12496582918804
9976049062408,12496598366366
9976067567408,12496616654034
9976086075408,12496642265571
9976104582408,12496674456406
9976123088408,12496698391416
9976141595408,12496717037182
9976160103408,12496734026145
9976178610408,12496747896182
9976197119408,12496758165255
9976215623408,12496769263615
9976234130408,12496779599254
9976252636408,12496790392058
9976271144408,12496800546645
9976289651408,12496816406423
9976308159408,12496829017098
9976326665408,12496839808091
9976345173408,12496850606168
9976363680408,12496861362007
9976382187408,12496872073080
9976400695408,12496885447331
9976419200408,12496898758951
9976437707408,12496912981806
9976456215408,12496925555416
9976474720408,12496937756710
9976493228408,12496954275263
9976511736408,12496966661921
9976530244408,12496978943758
9976548751408,12496995683741
9976567257408,12497006894639
9976585763408,12497018596114
9976604269408,12497040412154
9976622775408,12497058024704
9976641284408,12497069233810
9976659790408,12497081933429
9976678298408,12497097918609
9976696804408,12497109028325
9976715311408,12497120128712
9976733820408,12497131596313
9976752328408,12497142511695
9976770831408,12497153261266
9976789340408,12497169346093
9976807846408,12497182787474
9976826353408,12497195994472
9976844860408,12497211092261
9976863369408,12497223865569
9976881876408,12497245024282
9976900381408,12497257037910
9976918889408,12497271193006
9976937395408,12497282896879
9976955901408,12497295292138
9976974409408,12497306939385
9976992915408,12497318090883
9977011423408,12497329570383
9977029930408,12497346050808
9977048437408,12497359574687
9977066945408,12497373323428
9977085452408,12497385837048
9977103958408,12497397495658
9977122466408,12497413703292
9977140971408,12497430814340
9977159483408,12497443448691
9977177987408,12497457029469
9977196494408,12497472526742
9977215000408,12497486662447
9977233509408,12497499935282
9977252014408,12497513671141
9977270521408,12497525599583
9977289027408,12497537898175
9977307534408,12497552113151
9977326053408,12497563517525
9977344550408,12497574737566
9977363067408,12497587865925
9977381563408,12497601025188
9977400070408,12497612044604
9977418578408,12497625633352
9977437086408,12497637401461
9977455591408,12497650901247
9977474098408,12497666321981
9977492605408,12497678352169
9977511113408,12497690437505
9977529619408,12497703670932
9977548126408,12497714925644
9977566633408,12497726853242
9977585141408,12497738643508
9977603646408,12497750873813
9977622153408,12497762716375
9977640659408,12497778929578
9977659168408,12497790254893
9977677673408,12497802135632
9977696182408,12497818244887
9977714687408,12497829845029
9977733196408,12497841329788
9977751702408,12497853449309
9977770210408,12497866089208
9977788719408,12497877559979
9977807222408,12497895188526
9977825730408,12497908655687
9977844239408,12497924181931
9977862744408,12497944821154
9977881251408,12497965338719
9977899759408,12497978342055
9977918267408,12497991073234
9977936773408,12498004341996
9977955280408,12498017723148
9977973786408,12498029722670
9977992292408,12498042023142
9978010799408,12498058590960
9978029308408,12498071626810
9978047814408,12498083451171
9978066321408,12498095146103
9978084828408,12498111020792
9978103336408,12498123852716
9978121843408,12498136120533
9978140351408,12498148328479
9978158856408,12498160598978
9978177363408,12498177410222
9978195869408,12498189386739
9978214376408,12498202326478
9978232884408,12498215546478
9978251392408,12498232651411
9978269899408,12498244796795
9978288405408,12498257856552
9978306911408,12498274124651
9978325419408,12498287714632
9978343926408,12498304223962
9978362433408,12498319197325
9978380938408,12498333699571
9978399447408,12498348128362
9978417952408,12498360689788
9978436461408,12498372454171
9978454968408,12498385365114
9978473476408,12498401147116
9978491985408,12498412941919
9978510488408,12498429330823
9978528995408,12498443547000
9978547503408,12498457579062
9978566010408,12498470441488
9978584517408,12498482939310
9978603024408,12498499873455
9978621532408,12498515268324
9978640037408,12498528801679
9978658544408,12498541938426
9978677051408,12498557795951
9978695558408,12498570827613
9978714064408,12498583573280
9978732571408,12498598992619
9978751086408,12498614695218
9978769586408,12498628349569
9978788099408,12498639587755
9978806601408,12498651246333
9978825109408,12498661195429
9978862120408,12498671634669
9978880628408,12498682318292
9978899134408,12498693137380
9978917641408,12498703760834
9978936149408,12498714453192
9978954656408,12498725312195
9978973165408,12498736199337
9978991670408,12498747042961
9979010177408,12498757762381
9979028685408,12498768723217
9979047189408,12498779559082
9979065696408,12498791478095
9979121218408,12498802319371
9979139725408,12498813160101
9979158234408,12498824768396
9979176740408,12498837436442
9979195245408,12498848617319
9979213752408,12498865993959
9979232260408,12498882041888
9979250768408,12498894449754
9979269273408,12498906789036
9979287780408,12498921087208
9979306288408,12498939125596
9979324796408,12498950852991
9979343301408,12498963827156
9979361808408,12498984711458
9979380315408,12499005332609
9979398822408,12499025906685
9979417329408,12499050799490
9979435837408,12499073524448
9979454343408,12499096046805
9979472849408,12499117869234
9979491357408,12499137414891
9979509864408,12499153070569
9979528373408,12499169083857
9979546877408,12499186966009
9979565385408,12499203754383
9979583893408,12499221873405
9979602400408,12499238623699
9979620905408,12499255656579
9979639414408,12499270833285
9979657921408,12499287175042
9979676429408,12499301839998
9979694934408,12499320324374
9979713442408,12499336574908
9979731949408,12499352948935
9979750455408,12499367347969
9979768960408,12499382780787
9979787468408,12499397953983
9979805975408,12499414800921
9979824482408,12499431823502
9979842989408,12499447674799
9979861498408,12499460006662
9979880005408,12499471057579
9979898510408,12499487745634
9979917017408,12499500170718
9979935524408,12499511062293
9979954031408,12499523518564
9979972539408,12499538052876
9979991045408,12499549143042
9980009554408,12499559802357
9980028059408,12499569720842
9980046566408,12499581791316
9980065073408,12499592241016
9980083581408,12499603522413
9980102086408,12499614987350
9980120594408,12499626709399
9980139100408,12499642865123
9980157608408,12499654413098
9980176115408,12499666651965
9980194623408,12499680657410
9980213132408,12499696787063
9980231637408,12499710606975
9980250144408,12499722271496
9980268650408,12499733622918
9980287157408,12499747839062
9980305664408,12499759952389
9980324171408,12499776164165
9980342679408,12499790762301
9980361187408,12499807654769
9980379691408,12499820801955
9980398199408,12499833654533
9980416705408,12499847502254
9980435214408,12499860861841
9980453718408,12499873827220
9980472226408,12499891709214
9980490732408,12499904887878
9980509241408,12499920440370
9980527750408,12499933292017
9980546256408,12499945128499
9980564765408,12499960330440
9980583270408,12499972641424
9980601775408,12499985356194
9980620282408,12500001556851
9980638789408,12500015710679
9980657296408,12500027985942
9980675803408,12500041710760
9980694312408,12500057295684
9980712819408,12500069830632
9980731324408,12500086383339
9980749831408,12500101475534
9980768339408,12500116715619
9980786845408,12500131193652
9980805352408,12500146486734
9980823858408,12500159792588
9980842365408,12500173806343
9980860874408,12500190911492
9980879380408,12500208441985
9980897888408,12500221313313
9980916397408,12500235801661
9980934901408,12500248666719
9980953408408,12500262383893
9980971914408,12500277651921
9980990422408,12500294282433
9981008928408,12500309718421
9981027437408,12500323941452
9981045945408,12500339540557
9981064452408,12500365066185
9981082957408,12500383504689
9981101465408,12500401496189
9981119971408,12500422338041
9981138477408,12500435676630
9981156985408,12500446623185
9981175491408,12500459398454
9981193997408,12500471133032
9981212506408,12500484311669
9981231012408,12500500715739
9981249521408,12500518632159
9981268030408,12500534907953
9981286533408,12500550867870
9981305040408,12500566645596
9981323547408,12500584041989
9981342055408,12500603368641
9981360562408,12500621137623
9981379070408,12500637541042
9981397577408,12500655145891
9981416082408,12500671361920
9981434590408,12500684435141
9981453096408,12500700723272
9981471603408,12500718721456
9981490109408,12500732765427
9981508617408,12500750589606
9981527123408,12500770115387
9981545631408,12500788993621
9981564143408,12500810839931
9981582646408,12500824214744
9981601154408,12500842923240
9981619662408,12500873018885
9981638166408,12500908845203
9981656674408,12500927780586
9981675180408,12500945372390
9981693687408,12500962689933
9981712194408,12500980896858
9981730703408,12500995252616
9981749211408,12501015196390
9981767716408,12501035261232
9981786222408,12501054541411
9981804728408,12501071561079
9981823236408,12501090496781
9981841742408,12501108935243
9981860250408,12501126914719
9981878756408,12501143216297
9981897263408,12501163050144
9981915770408,12501182739399
9981934280408,12501201277750
9981952787408,12501218328532
9981971294408,12501234069460
9981989798408,12501249359526
9982008306408,12501264598449
9982026812408,12501281544208
9982045320408,12501298371154
9982063826408,12501312525528
9982082335408,12501329241525
9982100844408,12501346515915
9982119347408,12501361139482
9982137854408,12501376843245
9982156362408,12501392417693
9982174868408,12501407168635
9982193375408,12501421457133
9982211883408,12501436895631
9982230389408,12501451701386
9982248895408,12501465328477
9982267404408,12501480497143
9982304420408,12501495511330
9982322924408,12501513077513
9982341431408,12501528649603
9982359937408,12501541771845
9982378445408,12501556928348
9982396952408,12501569123348
9982415459408,12501581103456
9982433968408,12501597120931
9982452475408,12501611243107
9982470979408,12501625163979
9982489487408,12501640788171
9982507993408,12501657992678
9982526501408,12501672707127
9982545008408,12501687364427
9982563515408,12501700951844
9982582020408,12501714443749
9982600529408,12501731598951
9982619036408,12501746822289
9982637546408,12501769752445
9982656051408,12501786149033
9982674557408,12501800995922
9982693064408,12501818160872
9982711572408,12501837461545
9982730077408,12501853208319
9982748586408,12501867651313
9982767092408,12501881400543
9982785600408,12501897575224
9982804109408,12501910684077
9982822612408,12501928936839
9982841119408,12501944465539
9982859627408,12501959559902
9982878133408,12501973187874
9982896641408,12501986548866
9982915148408,12502001906166
9982933654408,12502016376722
9982952160408,12502033433746
9982970669408,12502052418197
9982989181408,12502070481395
9983007684408,12502087602420
9983026189408,12502101221443
9983044697408,12502114715776
9983063203408,12502128215763
9983081710408,12502143180242
9983100218408,12502156795787
9983118725408,12502172551496
9983137233408,12502187332780
9983155738408,12502201303782
9983174245408,12502216866589
9983192752408,12502232266839
9983211259408,12502248107851
9983229765408,12502263060412
9983248274408,12502279259707
9983266781408,12502296750062
9983285286408,12502312784727
9983303793408,12502329333160
9983322301408,12502346670895
9983340809408,12502363787498
9983359315408,12502380374838
9983377823408,12502399270502
9983396329408,12502414886938
9983414835408,12502430471360
9983433344408,12502445348196
9983451849408,12502464522003
9983470358408,12502483654128
9983488865408,12502502708569
9983507371408,12502519589256
9983525877408,12502533535900
9983544385408,12502548353171
9983562892408,12502567316984
9983581400408,12502585505959
9983599906408,12502604841465
9983618414408,12502622994982
9983636919408,12502638689442
9983655426408,12502654638097
9983673934408,12502668171263
9983692443408,12502683919467
9983710947408,12502699727288
9983729455408,12502717041167
9983747963408,12502733880773
9983766469408,12502750152905
9983784976408,12502765773484
9983803487408,12502779135548
9983821990408,12502797209528
9983840500408,12502810074265
9983859002408,12502826301907
9983877510408,12502842874895
9983896016408,12502859703723
9983914524408,12502876558460
9983933031408,12502889979484
9983951540408,12502905547863
9983970047408,12502918361989
9983988552408,12502938778144
9984007058408,12502952965282
9984025568408,12502967029980
9984044075408,12502980025880
9984062580408,12502995985706
9984081087408,12503011676550
9984099595408,12503024626398
9984155115408,12503042611474
9984173623408,12503059481555
9984192132408,12503074611747
9984210635408,12503090581589
9984229142408,12503106463388
9984247649408,12503121014865
9984266156408,12503136643893
9984284664408,12503151362507
9984303170408,12503166710881
9984321679408,12503180605022
9984340185408,12503193854386
9984358691408,12503207746106
9984377204408,12503225961482
9984395709408,12503242312670
9984414212408,12503261969941
9984432721408,12503281877633
9984451226408,12503298532325
9984469733408,12503316684177
9984488240408,12503331832809
9984506749408,12503349646922
9984525256408,12503365051790
9984543761408,12503383637879
9984562269408,12503399608418
9984580775408,12503414851821
9984599282408,12503429666416
9984617790408,12503446327941
9984636296408,12503461498644
9984654803408,12503475783630
9984673312408,12503492216085
9984691816408,12503507719418
9984710323408,12503523773902
9984728833408,12503544022188
9984747340408,12503559029669
9984765845408,12503573627800
9984784352408,12503588498264
9984802859408,12503608380628
9984821366408,12503624197619
9984839872408,12503642571039
9984858380408,12503666373257
9984876888408,12503693468184
9984895393408,12503717182902
9984913900408,12503741045758
9984932407408,12503755171641
9984950914408,12503768296368
9984969422408,12503782009547
9984987928408,12503797879225
9985006436408,12503809855575
9985024944408,12503834064123
9985043449408,12503862756947
9985061955408,12503876490246
9985080466408,12503888114016
9985098970408,12503899665478
9985117478408,12503916405786
9985135984408,12503928862608
9985154491408,12503940821531
9985172997408,12503959465967
9985191505408,12503974421453
9985210013408,12503986975880
9985228521408,12504000841434
9985247025408,12504013359075
9985265533408,12504025054356
9985284041408,12504037539715
9985302547408,12504048928008
9985321053408,12504061496195
9985339561408,12504073734517
9985358069408,12504088540480
9985376577408,12504101250340
9985395081408,12504113705131
9985413588408,12504126026723
9985432097408,12504137268204
9985450604408,12504152509926
9985469109408,12504163681629
9985487616408,12504178359292
9985506123408,12504191469203
9985524631408,12504203783731
9985543137408,12504215681581
9985561646408,12504228108944
9985580154408,12504244538278
9985598658408,12504259561804
9985617166408,12504275400084
9985635673408,12504289790135
9985654179408,12504305381362
9985672687408,12504319332597
9985691193408,12504330735476
9985709702408,12504343007991
9985728209408,12504354913043
9985746714408,12504366290529
9985765220408,12504377511025
9985783732408,12504399377379
9985802237408,12504420371530
9985820742408,12504439048882
9985839249408,12504452113843
9985857756408,12504465668631
9985876263408,12504484709496
9985894771408,12504498357118
9985913279408,12504512062864
9985931787408,12504526241423
9985950292408,12504540221720
9985968800408,12504556459557
9985987305408,12504569861384
9986005812408,12504582724944
9986024319408,12504593643233
9986042827408,12504610197556
9986061336408,12504622066444
9986079839408,12504632542882
9986098347408,12504642884114
9986116854408,12504653851938
9986135363408,12504665586103
9986153868408,12504676914931
9986172375408,12504688497383
9986190881408,12504699449394
9986209389408,12504713464958
9986227897408,12504727821449
9986246404408,12504738774882
9986264911408,12504749848602
9986283418408,12504766040310
9986301924408,12504783267776
9986320430408,12504794887259
9986338937408,12504811618017
9986357444408,12504826546188
9986375951408,12504842347238
9986394460408,12504857626487
9986412967408,12504878684337
9986431472408,12504894220693
9986449980408,12504909242658
9986468486408,12504924568469
9986486992408,12504941950707
9986505501408,12504957165360
9986524007408,12504969785440
9986542514408,12504983078354
9986561021408,12504999196021
9986579529408,12505011645961
9986598037408,12505022657776
9986616546408,12505039558689
9986635050408,12505053895416
9986653556408,12505068806695
9986672063408,12505088676558
9986690570408,12505102732107
9986709076408,12505118963620
9986727584408,12505133568345
9986746093408,12505149733759
9986764600408,12505165628912
9986783105408,12505182918473
9986801611408,12505197396706
9986820117408,12505209775842
9986838625408,12505223824416
9986857133408,12505235506086
9986875640408,12505252107607
9986894147408,12505265423019
9986912654408,12505278051898
9986931161408,12505295676713
9986949669408,12505309852163
9986968177408,12505325130877
9986986681408,12505337277184
9987005188408,12505350290181
9987023695408,12505366361302
9987042202408,12505384723294
9987060709408,12505395831272
9987079217408,12505412396867
9987097726408,12505425452964
9987116234408,12505438924576
9987134738408,12505454715114
9987153244408,12505467219688
9987171751408,12505480250347
9987190264408,12505497753245
9987208765408,12505512752736
9987227272408,12505524538889
9987245780408,12505535272422
9987264286408,12505552129813
9987282795408,12505565008573
9987301302408,12505577217956
9987319810408,12505589450961
9987338314408,12505600522831
9987356821408,12505617015414
9987375328408,12505631315606
9987393835408,12505643536421
9987412343408,12505659973825
9987430851408,12505671483276
9987449358408,12505685705144
9987467866408,12505698690612
9987486370408,12505711378257
9987504876408,12505727481536
9987523384408,12505744139309
9987541891408,12505757857888
9987560398408,12505773353716
9987578905408,12505784358028
9987597413408,12505801124577
9987615919408,12505813364633
9987634428408,12505825576778
9987652934408,12505837589480
9987671442408,12505854520914
9987689948408,12505868435306
9987708455408,12505882699939
9987726960408,12505898071996
9987745468408,12505909944994
9987763975408,12505922420396
9987782484408,12505938369149
9987800991408,12505950642000
9987819496408,12505962182247
9987838003408,12505978816741
9987856511408,12505990672290
9987875017408,12506005909911
9987893524408,12506016925917
9987912031408,12506033155071
9987930538408,12506047220152
9987949046408,12506058710335
9987967552408,12506069668409
9987986059408,12506081698217
9988004568408,12506092439683
9988023072408,12506109101460
9988041580408,12506122095018
9988060087408,12506144172706
9988078595408,12506159948058
9988097100408,12506172876913
9988115609408,12506183940092
9988134116408,12506196235576
9988152624408,12506206802940
9988171129408,12506219785700
9988189636408,12506234113022
9988208142408,12506249121072
9988226649408,12506264406326
9988245156408,12506275114493
9988263663408,12506285836546
9988282172408,12506296510434
9988300678408,12506309351321
9988319184408,12506321357888
9988337692408,12506333154515
9988356200408,12506354801154
9988374707408,12506367974363
9988393211408,12506384020878
9988411720408,12506398628751
9988430226408,12506410737254
9988448734408,12506426993104
9988467242408,12506438663778
9988485749408,12506451954541
9988504257408,12506462354307
9988522761408,12506474741776
9988541268408,12506491615455
9988559775408,12506504697470
9988578281408,12506517556545
9988596790408,12506533264140
9988615300408,12506545548827
9988633805408,12506557526037
9988652309408,12506573694553
9988670818408,12506586119055
9988689325408,12506602325383
9988707834408,12506615541124
9988726337408,12506629367603
9988744845408,12506640656311
9988763352408,12506651471712
9988781858408,12506668170834
9988800366408,12506679388086
9988818873408,12506692562276
9988837381408,12506703649442
9988855889408,12506716439153
9988874394408,12506729191541
9988892900408,12506741123552
9988911407408,12506752185696
9988929913408,12506762926460
9988948421408,12506777688212
9988966928408,12506791421400
9988985435408,12506807466676
9989003942408,12506820187697
9989022451408,12506831963150
9989040958408,12506844938544
9989059466408,12506856717088
9989077970408,12506871026289
9989096477408,12506885865990
9989114984408,12506899621926
9989133491408,12506912742642
9989151997408,12506924535325
9989170506408,12506941065405
9989189013408,12506954407106
9989207519408,12506969259364
