#t_ns,out_ts
9901891573408,12440466305001
9901910079408,12440490337480
9901928586408,12440517129792
9901947094408,12440541738316
9901965601408,12440555656505
9901984107408,12440570592625
9902002614408,12440583653719
9902021121408,12440597387402
9902039629408,12440613698296
9902058135408,12440626050459
9902076642408,12440642071829
9902095151408,12440655496588
9902113658408,12440672273573
9902132163408,12440690233038
9902150671408,12440704411237
9902169177408,12440728048562
9902187684408,12440740933998
9902206191408,12440754814919
9902224698408,12440767655507
9902243205408,12440789396737
9902261712408,12440803297697
9902280218408,12440822043049
9902298728408,12440836770460
9902317235408,12440851742863
9902335740408,12440864695631
9902354247408,12440878191246
9902372755408,12440894220694
9902391261408,12440905770159
9902409768408,12440920159295
9902428276408,12440933598159
9902446784408,12440946462318
9902465290408,12440959748921
9902483797408,12440972531120
9902502302408,12440984442325
9902520809408,12440997948072
9902539316408,12441012166357
9902557825408,12441025860584
9902576333408,12441041573991
9902594840408,12441058308236
9902613345408,12441072525276
9902631852408,12441086227991
9902650365408,12441099929651
9902668868408,12441114352104
9902687372408,12441129095959
9902705880408,12441142031049
9902724386408,12441156669674
9902742894408,12441170869669
9902761402408,12441184514959
9902779909408,12441198912309
9902798416408,12441213864039
9902816924408,12441226408319
9902835429408,12441241028832
9902853936408,12441256506299
9902872443408,12441271493453
9902890949408,12441283385302
9902909457408,12441302370754
9902927966408,12441316252567
9902946473408,12441329845256
9902964977408,12441345551282
9902983488408,12441359688673
9903001994408,12441373876288
9903020501408,12441386294659
9903039005408,12441398513983
9903057513408,12441413105810
9903076019408,12441427863498
9903094527408,12441441305913
9903113035408,12441455308672
9903131541408,12441471348491
9903150049408,12441485996473
9903168555408,12441502422358
9903187062408,12441518391128
9903205568408,12441533457702
9903224075408,12441547218323
9903242582408,12441561494394
9903261091408,12441573286243
9903279598408,12441584794389
9903298105408,12441598775742
9903316610408,12441613859982
9903335116408,12441627477634
9903353627408,12441641856339
9903372132408,12441657035288
9903390640408,12441670883763
9903409145408,12441684270249
9903427653408,12441697142448
9903446160408,12441711998309
9903464667408,12441724626883
9903483174408,12441737656775
9903501682408,12441750512051
9903520188408,12441764260612
9903538695408,12441777032430
9903557202408,12441789697996
9903575708408,12441804986657
9903594216408,12441819722957
9903612723408,12441833871208
9903631230408,12441847884916
9903649739408,12441862592671
9903668242408,12441877819085
9903686750408,12441892312264
9903705259408,12441908271349
9903723765408,12441922774179
9903742271408,12441937033243
9903760779408,12441953391035
9903779286408,12441968590861
9903797793408,12441985405903
9903816300408,12441999401193
9903834808408,12442018006277
9903853316408,12442032901515
9903871820408,12442048387682
9903890327408,12442064986304
9903908834408,12442079678552
9903927342408,12442094366763
9903945850408,12442109105448
9903964355408,12442125771661
9903982865408,12442142069991
9904001371408,12442156972992
9904019876408,12442174524179
9904038382408,12442192904014
9904056893408,12442208921956
9904075403408,12442224092093
9904093905408,12442239887067
9904112412408,12442261428854
9904130918408,12442277504568
9904149425408,12442289908405
9904167933408,12442300808530
9904186441408,12442313715645
9904204949408,12442324425683
9904223454408,12442338949593
9904241962408,12442353698192
9904260467408,12442367869746
9904278975408,12442383201396
9904297482408,12442401764534
9904315989408,12442415146075
9904334497408,12442427072700
9904353002408,12442443074169
9904371508408,12442457888107
9904390015408,12442471514172
9904408525408,12442483312419
9904427030408,12442497368155
9904445538408,12442511707408
9904464044408,12442525709547
9904482552408,12442540481847
9904501059408,12442554539897
9904519567408,12442566887485
9904538073408,12442580803801
9904556579408,12442595019778
9904575087408,12442606344702
9904593594408,12442620173479
9904612101408,12442634485348
9904630607408,12442648400951
9904649115408,12442659587522
9904667622408,12442670654897
9904686130408,12442684146010
9904704635408,12442695059216
9904723141408,12442707450774
9904741648408,12442722015765
9904760156408,12442736912044
9904778665408,12442750628657
9904797169408,12442763355435
9904815677408,12442775724553
9904834186408,12442789645893
9904852691408,12442802494914
9904871198408,12442817950355
9904889707408,12442832380219
9904908212408,12442845824418
9904926719408,12442859597607
9904945226408,12442873511710
9904963734408,12442887247015
9904982240408,12442899433937
9905000747408,12442913426785
9905019255408,12442927041125
9905037765408,12442939841811
9905056268408,12442950392949
9905074774408,12442963077043
9905093282408,12442977601566
9905111789408,12442989854844
9905130295408,12443004342993
9905148804408,12443017915087
9905167310408,12443030282837
9905185817408,12443041627818
9905204325408,12443053352407
9905222833408,12443065991446
9905241340408,12443076951603
9905259846408,12443090653974
9905278352408,12443102654187
9905296860408,12443115185138
9905315365408,12443125044542
9905333873408,12443137601287
9905352380408,12443149302934
9905370889408,12443161639000
9905389394408,12443172301372
9905407901408,12443183965013
9905426406408,12443195918492
9905444915408,12443205745041
9905463430408,12443215524883
9905481931408,12443226767572
9905500452408,12443238101795
9905518944408,12443248952290
9905537450408,12443261135972
9905555957408,12443273282233
9905574465408,12443285572664
9905592972408,12443297336850
9905611482408,12443307354922
9905629984408,12443317743090
9905648491408,12443332324344
9905666999408,12443346446577
9905685506408,12443361087695
9905704013408,12443375035621
9905722522408,12443389085285
9905741026408,12443401206230
9905759534408,12443414391352
9905778041408,12443429650639
9905796548408,12443444089924
9905815054408,12443457377094
9905833561408,12443473296478
9905852070408,12443486547740
9905870577408,12443499861711
9905889083408,12443512839443
9905907591408,12443527912731
9905926100408,12443541525373
9905944604408,12443553985010
9905963112408,12443568005439
9905981617408,12443577871144
9906000125408,12443589627642
9906018632408,12443601176198
9906037138408,12443616368554
9906055646408,12443629629920
9906074155408,12443643196229
9906092661408,12443656027408
9906111166408,12443668739654
9906129672408,12443681884880
9906148181408,12443694375214
9906166687408,12443709160991
9906185194408,12443721128220
9906203702408,12443734650196
9906222208408,12443745654979
9906240716408,12443758683849
9906259224408,12443770867005
9906277732408,12443782966214
9906296236408,12443798327589
9906314743408,12443811985253
9906333251408,12443826010932
9906351757408,12443840384167
9906370265408,12443855203549
9906388772408,12443870985338
9906407280408,12443884256081
9906425787408,12443901544469
9906444293408,12443916924590
9906462800408,12443930222098
9906481306408,12443942730427
9906499813408,12443956277786
9906518319408,12443969388404
9906536829408,12443982862901
9906555333408,12443994622748
9906573843408,12444008179957
9906592348408,12444020214755
9906610857408,12444033502647
9906629364408,12444044082796
9906647869408,12444056766235
9906666376408,12444067756855
9906684884408,12444080342841
9906703392408,12444093784357
9906721897408,12444104629450
9906740405408,12444116008724
9906758913408,12444128676545
9906777418408,12444140118425
9906795925408,12444152238509
9906814432408,12444163692882
9906832939408,12444176246123
9906851447408,12444189632617
9906869954408,12444200510315
9906888468408,12444213636714
9906906967408,12444225058637
9906925474408,12444238038802
9906943982408,12444252663617
9906962490408,12444265942044
9906980996408,12444280152892
9906999503408,12444294133752
9907018009408,12444309008102
9907036516408,12444321780386
9907055022408,12444334492777
9907073531408,12444348353080
9907092038408,12444363049068
9907110546408,12444377386517
9907129051408,12444391381051
9907147558408,12444404499993
9907166066408,12444417524147
9907184571408,12444429895150
9907203079408,12444444676415
9907221585408,12444458172815
9907240093408,12444471244960
9907258601408,12444485467348
9907277106408,12444498026845
9907295615408,12444510590144
9907314123408,12444522641919
9907332629408,12444537344743
9907351135408,12444549491468
9907369644408,12444562250093
9907388149408,12444573324620
9907406656408,12444586487359
9907425163408,12444599071697
9907443672408,12444612696107
9907462179408,12444627052474
9907480684408,12444640626746
9907499191408,12444652950458
9907517698408,12444664185906
9907536206408,12444677292363
9907554712408,12444691252232
9907573217408,12444704152069
9907591726408,12444719803201
9907610233408,12444733824170
9907628740408,12444748482043
9907647249408,12444760325017
9907665756408,12444773742695
9907684262408,12444787991541
9907702769408,12444801864661
9907721274408,12444818388599
9907739783408,12444833148456
9907758288408,12444848484971
9907776797408,12444861587273
9907795305408,12444876954192
9907813813408,12444891856836
9907832316408,12444905945244
9907850824408,12444923103658
9907869331408,12444937273350
9907887837408,12444950008315
9907906343408,12444960903271
9907924852408,12444975147138
9907943360408,12444988190113
9907961865408,12445000801390
9907980373408,12445016548852
9907998881408,12445030391696
9908017388408,12445043602776
9908035895408,12445054581519
9908054399408,12445064864948
9908072909408,12445077741814
9908091414408,12445090457502
9908109922408,12445105898041
9908128431408,12445120018866
9908146939408,12445132673602
9908165442408,12445144810110
9908183950408,12445157130888
9908202457408,12445169245523
9908220963408,12445179321520
9908239470408,12445195545475
9908257977408,12445209574829
9908276483408,12445223760423
9908294992408,12445236839895
9908313504408,12445249878137
9908332007408,12445263212647
9908350514408,12445274375826
9908369020408,12445286237009
9908387526408,12445297464073
9908406034408,12445309957752
9908424542408,12445321216246
9908443048408,12445332457279
9908461554408,12445343416070
9908480062408,12445354180179
9908498572408,12445364470161
9908517075408,12445376551704
9908535583408,12445389292647
9908554090408,12445401536537
9908572596408,12445412890848
9908591102408,12445422557103
9908609611408,12445433602110
9908628116408,12445446936353
9908646624408,12445459997532
9908665131408,12445472344650
9908683639408,12445484030701
9908702148408,12445497862587
9908720653408,12445511136106
9908739159408,12445524283722
9908757667408,12445538712756
9908776173408,12445550891410
9908794681408,12445562979607
9908813188408,12445575825177
9908831696408,12445586737073
9908850203408,12445599243984
9908868709408,12445611565548
9908887217408,12445625535960
9908905722408,12445638847285
9908924229408,12445650746514
9908942736408,12445664578179
9908961245408,12445676329046
9908979749408,12445696766086
9908998258408,12445710287616
9909016765408,12445722479841
9909035273408,12445734240620
9909053780408,12445747557103
9909072285408,12445758939327
9909090792408,12445771330294
9909109299408,12445784088543
9909127806408,12445797239510
9909146313408,12445811171604
9909164822408,12445822614447
9909183372408,12445835192937
9909201837408,12445848430064
9909220343408,12445860971875
9909238849408,12445874034441
9909257354408,12445886139135
9909275862408,12445898280674
9909294370408,12445909548992
9909312876408,12445922389593
9909331382408,12445933672561
9909349891408,12445943402183
9909368399408,12445955698717
9909386906408,12445967703347
9909405413408,12445980887765
9909423919408,12445993933673
9909442425408,12446006500723
9909460932408,12446016693499
9909479439408,12446028426769
9909497949408,12446039987479
9909516454408,12446052787195
9909534962408,12446064395446
9909553468408,12446075805951
9909571974408,12446088361103
9909590480408,12446098461977
9909608988408,12446110470789
9909627496408,12446121573177
9909646002408,12446130840545
9909664509408,12446143805992
9909683016408,12446156295226
9909701533408,12446168839234
9909720034408,12446180662616
9909738539408,12446193168029
9909757043408,12446203994882
9909775551408,12446214552063
9909794058408,12446226444762
9909812564408,12446237777862
9909831073408,12446249111889
9909849578408,12446260442033
9909868087408,12446270767562
9909886601408,12446281438525
9909905101408,12446292342614
9909923607408,12446304518766
9909942114408,12446315462303
9909960621408,12446326595539
9909979127408,12446338160175
9909997636408,12446349524949
9910016141408,12446360260706
9910034649408,12446370650736
9910053156408,12446381785645
9910071665408,12446392356029
9910090171408,12446403805696
9910108677408,12446412938829
9910127183408,12446423965345
9910145691408,12446434345854
9910164198408,12446451873954
9910182705408,12446464983211
9910238227408,12446476302792
9910256733408,12446487457654
9910275239408,12446497051683
9910293748408,12446508140376
9910312254408,12446518779708
9910330761408,12446530225207
9910349268408,12446544207510
9910367774408,12446556590628
9910386282408,12446569006221
9910404789408,12446579487498
9910423296408,12446591397542
9910441806408,12446604113825
9910460309408,12446615972202
9910478817408,12446628289335
9910497324408,12446647424310
9910515830408,12446662553956
9910534338408,12446677239590
9910552846408,12446696331109
9910571355408,12446712180260
9910589862408,12446725834942
9910608367408,12446742304581
9910626873408,12446758208135
9910645379408,12446773439982
9910663888408,12446789116211
9910682394408,12446804731413
9910700902408,12446821680755
9910719407408,12446837907396
9910737915408,12446855543269
9910756422408,12446871762791
9910774930408,12446886838645
9910793439408,12446902669276
9910811944408,12446918023746
9910830449408,12446934440440
9910848957408,12446949867244
9910867463408,12446966909176
9910885971408,12446981992176
9910904478408,12446998799503
9910922987408,12447016407447
9910941491408,12447032727505
9910960000408,12447047539636
9910978507408,12447061220366
9910997012408,12447075657321
9911015520408,12447091148989
9911034026408,12447108299855
9911052535408,12447123449394
9911071040408,12447137214117
9911089546408,12447153184541
9911108057408,12447169240504
9911126568408,12447187450019
9911145069408,12447205155858
9911163576408,12447223524041
9911182082408,12447240457110
9911200590408,12447256456043
9911219096408,12447271931818
9911237603408,12447287867120
9911256113408,12447305031984
9911274620408,12447320781336
9911293129408,12447336161814
9911311631408,12447354078490
9911330138408,12447369775255
9911348646408,12447386496518
9911367152408,12447402348009
9911385659408,12447419551166
9911404168408,12447435190836
9911422673408,12447448783362
9911441180408,12447460280610
9911459688408,12447471300416
9911478196408,12447482737487
9911496702408,12447494212369
9911515209408,12447506277343
9911533715408,12447517031375
9911552222408,12447528662742
9911570729408,12447540655401
9911589236408,12447552764048
9911607744408,12447564166919
9911626252408,12447576543481
9911644760408,12447589730655
9911663264408,12447601982503
9911681771408,12447613812060
9911700278408,12447626021278
9911718785408,12447637852977
9911737292408,12447649575117
9911755800408,12447661360130
9911774305408,12447677518229
9911792812408,12447692048183
9911811322408,12447707404823
9911829830408,12447723090416
9911848335408,12447738403486
9911866841408,12447753333568
9911885347408,12447768700732
9911903855408,12447786651394
9911922361408,12447803615501
9911940869408,12447819812535
9911959377408,12447837330132
9911977886408,12447854130535
9911996390408,12447870195517
9912014897408,12447887151596
9912033404408,12447903100419
9912051911408,12447917373585
9912070417408,12447930358580
9912088925408,12447947482739
9912107433408,12447964367107
9912125939408,12447981861757
9912144445408,12448000026556
9912162954408,12448018241153
9912181462408,12448032830128
9912199968408,12448049366239
9912218474408,12448066676018
9912236981408,12448084074209
9912255488408,12448100821972
9912273995408,12448115540392
9912292502408,12448131341051
9912311012408,12448146740869
9912329516408,12448161306086
9912348024408,12448179725273
9912366530408,12448192921803
9912385038408,12448206614773
9912403544408,12448222430623
9912422051408,12448237130696
9912440560408,12448252572574
9912459066408,12448267022906
9912477571408,12448285357446
9912496080408,12448299110486
9912514592408,12448313012014
9912533096408,12448325918178
9912551600408,12448345066309
9912570106408,12448364757740
9912588613408,12448384554757
9912607121408,12448405390290
9912625627408,12448425759871
9912644136408,12448443878132
9912662643408,12448459051430
9912681149408,12448477874890
9912699656408,12448491943861
9912718162408,12448507521586
9912736670408,12448522630566
9912755176408,12448540030447
9912773684408,12448557867043
9912792192408,12448572339602
9912810699408,12448589932138
9912829204408,12448605013942
9912847711408,12448621918819
9912866220408,12448639647762
9912884725408,12448653164223
9912903232408,12448666783067
9912921740408,12448684247605
9912940246408,12448703667625
9912958753408,12448726914118
9912977260408,12448745550055
9912995768408,12448763725323
9913014277408,12448779877160
9913032782408,12448797884096
9913051289408,12448812887100
9913069797408,12448831921206
9913088303408,12448853608327
9913106809408,12448872804800
9913125317408,12448890850941
9913143825408,12448905354469
9913162333408,12448922489040
9913180837408,12448935820898
9913199343408,12448954060775
9913217854408,12448972033519
9913236359408,12448990615371
9913254865408,12449005304264
9913273372408,12449021333996
9913291880408,12449037230508
9913310390408,12449054721406
9913328894408,12449074059933
9913347402408,12449097818999
9913365910408,12449121957920
9913384415408,12449136619819
9913402921408,12449150245128
9913421428408,12449165313545
9913439938408,12449184395104
9913458443408,12449203676603
9913476951408,12449221516935
9913495457408,12449240550910
9913513963408,12449257761252
9913532469408,12449273775201
9913550977408,12449290725691
9913569487408,12449304642146
9913587993408,12449320479122
9913606498408,12449335438595
9913625006408,12449354348404
9913643513408,12449372160730
9913662020408,12449390385999
9913680527408,12449404096278
9913699036408,12449417942148
9913717540408,12449437247890
9913736047408,12449451851169
9913754554408,12449468140678
9913773062408,12449484763298
9913791568408,12449499423132
9913810075408,12449514182244
9913828583408,12449531689893
9913847092408,12449551030428
9913865596408,12449572219591
9913884105408,12449588380090
9913902610408,12449607222645
9913921117408,12449621352512
9913939634408,12449634962790
9913958132408,12449652074588
9913976640408,12449671668920
9913995145408,12449690349984
9914013651408,12449707334483
9914032160408,12449725555707
9914050667408,12449743454023
9914069175408,12449760151773
9914087679408,12449777031434
9914106187408,12449796393319
9914124694408,12449812966957
9914143200408,12449830111167
9914161708408,12449846999441
9914180217408,12449863133727
9914198724408,12449879855500
9914217230408,12449897291432
9914235736408,12449914399612
9914254242408,12449932550606
9914272749408,12449949156315
9914291256408,12449964981574
9914309764408,12449982454195
9914328270408,12449999336987
9914346778408,12450015825690
9914365284408,12450033630317
9914383793408,12450047871812
9914402302408,12450062564380
9914420805408,12450079234317
9914439312408,12450090995438
9914457820408,12450102549421
9914476327408,12450114219725
9914494833408,12450132157211
9914513341408,12450145067132
9914531849408,12450158347321
9914550357408,12450174815419
9914568863408,12450189049939
9914587367408,12450205771873
9914605875408,12450220132595
9914624383408,12450237149249
9914642889408,12450250539496
9914661396408,12450263944380
9914679904408,12450282296188
9914698412408,12450302797801
9914716918408,12450320915547
9914735426408,12450334376665
9914753934408,12450351491316
9914772438408,12450366394420
9914790945408,12450384240981
9914809452408,12450400929067
9914827959408,12450413414456
9914846466408,12450430066115
9914864975408,12450442813933
9914883488408,12450461114438
9914901988408,12450474191837
9914920495408,12450492371626
9914939000408,12450510705493
9914957507408,12450524647164
9914976015408,12450537861197
9914994522408,12450553483050
9915013029408,12450571585051
9915031537408,12450588473330
9915050044408,12450602367226
9915068551408,12450615985409
9915087058408,12450634109754
9915105565408,12450647173495
9915124073408,12450660162010
9915142578408,12450677362033
9915161087408,12450691285668
9915179593408,12450706547549
9915198099408,12450720037911
9915216608408,12450732950203
9915235116408,12450749409269
9915253619408,12450763493649
9915272128408,12450782380064
9915290633408,12450795458549
9915309140408,12450810892525
9915327657408,12450828089040
9915346156408,12450844591315
9915364663408,12450858431140
9915383171408,12450873264686
9915401677408,12450894366761
9915420185408,12450908868124
9915438693408,12450924488985
9915457199408,12450937656957
9915475704408,12450953672279
9915494212408,12450971565913
9915512718408,12450990478593
9915531226408,12451011502768
9915549732408,12451031598954
9915568240408,12451052988756
9915586749408,12451067515928
9915605252408,12451085514076
9915623760408,12451103747297
9915642266408,12451120136301
9915660776408,12451139527307
9915679280408,12451158770870
9915697788408,12451178497041
9915716294408,12451193762773
9915734802408,12451212778323
9915753309408,12451230084282
9915771817408,12451247095425
9915790326408,12451267796699
9915808830408,12451283508360
9915827337408,12451303540190
9915845844408,12451318445127
9915864351408,12451333520850
9915882858408,12451347695571
9915901365408,12451361139874
9915919874408,12451379400082
9915938381408,12451393800355
9915956886408,12451408733808
9915975394408,12451423965167
9915993900408,12451438352949
9916012405408,12451457152775
9916030914408,12451472787161
9916049421408,12451489215701
9916067930408,12451503825116
9916086434408,12451517945320
9916104943408,12451537740734
9916123450408,12451552429440
9916141958408,12451565145597
9916160463408,12451577938183
9916178969408,12451597378800
9916197476408,12451612023747
9916215984408,12451632476036
9916234491408,12451646749103
9916252999408,12451660328937
9916271507408,12451678178780
9916290013408,12451694515075
9916308520408,12451714223408
9916327026408,12451729038821
9916345532408,12451744346501
9916364039408,12451762120979
9916382545408,12451776753643
9916401054408,12451792642347
9916419561408,12451808989142
9916438068408,12451826423642
9916456576408,12451839723372
9916475084408,12451855234907
9916493590408,12451869235565
9916512097408,12451883499078
9916530602408,12451898451432
9916549109408,12451913225368
9916567616408,12451928796962
9916586124408,12451945201281
9916604631408,12451960050849
9916623139408,12451976107612
9916641645408,12451991447106
9916660153408,12452003727843
9916678657408,12452019071141
9916697165408,12452033499081
9916715671408,12452050024841
9916734179408,12452062670370
9916752692408,12452075436102
9916771193408,12452088422149
9916789700408,12452100035866
9916808208408,12452116150546
9916826717408,12452133383058
9916845222408,12452146903435
9916863728408,12452160050934
9916882236408,12452173734128
9916900743408,12452187595907
9916919249408,12452203127401
9916937757408,12452216074787
9916956265408,12452233026589
9916974772408,12452246657890
9916993278408,12452260164042
9917011785408,12452273832194
9917030291408,12452290934440
9917048798408,12452304819557
9917067304408,12452317850144
9917085812408,12452335895070
9917104318408,12452354286708
9917122826408,12452373658935
9917141333408,12452390861805
9917159843408,12452407326898
9917178349408,12452421136084
9917196855408,12452438769380
9917215362408,12452454647589
9917233868408,12452470202306
9917252375408,12452483566817
9917270883408,12452497179221
9917289389408,12452515419070
9917307898408,12452540916470
9917326406408,12452558033513
9917344911408,12452578379684
9917363417408,12452593163603
9917381924408,12452607481417
9917400430408,12452620789424
9917418937408,12452633613026
9917437444408,12452647400731
9917455953408,12452659990636
9917474460408,12452674497726
9917492966408,12452688502641
9917511475408,12452704691107
9917529983408,12452719396392
9917548486408,12452733168676
9917566994408,12452746081261
9917585501408,12452759144496
9917604008408,12452780216628
9917622515408,12452796163801
9917641023408,12452815405715
9917659531408,12452834550297
9917678038408,12452848414671
9917696544408,12452862137900
9917715050408,12452875909607
9917733557408,12452896916280
9917752065408,12452910352428
9917770571408,12452923634274
9917789079408,12452943395833
9917807585408,12452959395273
9917826093408,12452973258662
9917844601408,12452986977478
9917863107408,12453002584721
9917881615408,12453015699613
9917900121408,12453029740795
9917918628408,12453045481382
9917937134408,12453059515688
9917955642408,12453072418176
9917974149408,12453088086293
9917992657408,12453103477572
9918011164408,12453119677410
9918029669408,12453133135454
9918048176408,12453148620074
9918066683408,12453161686170
9918085190408,12453177286656
9918103697408,12453190606800
9918122203408,12453207426619
9918140710408,12453221618410
9918159219408,12453237908106
9918177735408,12453252258245
9918196233408,12453268915292
9918214740408,12453282811183
9918233247408,12453298408922
9918251753408,12453312802464
9918270260408,12453327129756
9918288766408,12453350520814
9918307274408,12453367330789
9918325781408,12453380172539
9918344290408,12453393146469
9918362797408,12453405891369
9918381301408,12453424068564
9918399809408,12453438603462
9918418315408,12453452938567
9918436823408,12453466565864
9918455329408,12453480523409
9918473836408,12453494034823
9918492343408,12453519034207
9918510854408,12453540975069
9918529357408,12453554910232
9918547869408,12453568983872
9918566373408,12453585003219
9918584878408,12453601423531
9918603386408,12453615121502
9918621893408,12453631192575
9918640399408,12453648455241
9918658906408,12453666114486
9918677415408,12453680525425
9918695922408,12453693380511
9918714430408,12453706571913
9918732935408,12453720435022
9918751443408,12453734119802
9918769948408,12453748886217
9918788455408,12453762335294
9918806962408,12453775821189
9918825469408,12453788655863
9918843976408,12453801355601
9918862484408,12453814534024
9918880990408,12453827030026
9918899499408,12453846008855
9918918006408,12453863920283
9918936513408,12453882468894
9918955020408,12453897319971
9918973525408,12453912778603
9918992033408,12453928165296
9919010539408,12453945589406
9919029048408,12453965315853
9919047556408,12453982554590
9919066065408,12454000676132
9919084566408,12454025981754
9919103074408,12454045159845
9919121582408,12454062725060
9919140089408,12454079283307
9919158596408,12454097749839
9919177102408,12454112666360
9919195609408,12454131121822
9919214117408,12454145831139
9919232623408,12454163450410
9919251132408,12454177964823
9919269639408,12454191928602
9919288144408,12454210055273
9919306651408,12454225334792
9919325158408,12454242037163
9919343666408,12454256833298
9919362172408,12454271179977
9919380680408,12454287254020
9919399189408,12454301550104
9919417692408,12454315952229
9919436201408,12454332705980
9919454708408,12454346171548
9919473215408,12454360754612
9919491721408,12454375109562
9919510229408,12454390498656
9919528734408,12454405445051
9919547241408,12454421475523
9919565761408,12454436720716
9919584257408,12454449475849
9919602765408,12454462151010
9919621270408,12454475311554
9919639776408,12454487439667
9919658284408,12454500145502
9919676791408,12454526600096
9919695299408,12454540247922
9919713806408,12454552983623
9919732314408,12454565743070
9919750821408,12454578114374
9919769327408,12454590443494
9919787834408,12454605400103
9919806340408,12454623132403
9919824849408,12454639959442
9919843354408,12454656122137
9919861862408,12454673915702
9919880367408,12454691367958
9919898875408,12454708059561
9919917382408,12454724502460
9919935891408,12454741880013
9919954397408,12454756845973
9919972903408,12454771487018
9919991411408,12454785629243
9920009917408,12454801470206
9920028425408,12454815498519
9920046931408,12454830209798
9920065438408,12454847657581
9920083947408,12454862620076
9920102454408,12454877821476
9920120959408,12454894517680
9920139466408,12454908633502
9920157973408,12454921437666
9920176480408,12454938045253
9920194987408,12454952690380
9920213494408,12454965036930
9920232000408,12454979131570
9920250507408,12454993046694
9920269016408,12455009070544
9920287523408,12455023844834
9920306031408,12455040254983
9920324536408,12455054306463
9920343044408,12455070215923
9920361549408,12455084101888
9920380056408,12455101122473
9920398563408,12455115097073
9920417071408,12455127297825
9920435578408,12455148205373
9920454088408,12455164107112
9920472592408,12455177843454
9920491099408,12455191681527
9920509605408,12455204391657
9920528113408,12455219611891
9920546619408,12455232743154
9920565128408,12455245245748
9920583632408,12455259753672
9920602140408,12455272503826
9920620648408,12455286049517
9920639156408,12455299592580
9920657663408,12455313175249
9920676170408,12455331140091
9920694675408,12455344043222
9920713183408,12455358197167
9920731689408,12455372510239
9920750197408,12455387455854
9920768704408,12455401740355
9920787213408,12455415294358
9920805717408,12455428415975
9920824225408,12455442815111
9920842732408,12455457808410
9920861239408,12455471874981
9920879745408,12455485052178
9920898252408,12455499648242
9920916760408,12455515553692
9920935266408,12455528475909
9920953772408,12455541928506
9920972282408,12455555977855
9920990788408,12455568978861
9921009294408,12455584460591
9921027801408,12455600402543
9921046309408,12455612591783
9921064816408,12455624706911
9921083324408,12455637831457
9921101829408,12455651870851
9921120338408,12455665636488
9921138845408,12455679165793
9921157350408,12455694372425
9921175858408,12455707771246
9921194367408,12455720672624
9921212871408,12455733308858
9921231377408,12455757110998
9921249885408,12455771441258
9921268393408,12455783955164
9921286899408,12455796419743
9921305406408,12455811972938
9921323914408,12455826056590
9921342423408,12455837888543
9921360927408,12455850249557
9921379434408,12455864935301
9921397941408,12455877794860
9921416448408,12455892121550
9921434955408,12455904530079
9921453462408,12455915848002
9921471971408,12455926472967
9921490480408,12455939201515
9921508984408,12455951505283
9921527490408,12455969127956
9921545997408,12455982030934
9921564503408,12455993947865
9921583010408,12456008814403
9921601518408,12456020469005
9921620026408,12456036883443
9921638532408,12456050291009
9921657038408,12456062736752
9921675546408,12456077936560
9921694056408,12456090286325
9921712559408,12456105298421
9921731066408,12456116942441
9921749573408,12456131585424
9921768081408,12456142458173
9921786589408,12456154404903
9921805096408,12456166745767
9921823603408,12456178624348
9921842111408,12456192813105
9921860615408,12456204978525
9921879123408,12456220083470
9921897629408,12456231904497
9921916139408,12456244373817
9921934643408,12456258876833
9921953153408,12456270669304
9921971659408,12456284766886
9921990164408,12456296580255
9922008672408,12456312982215
9922027181408,12456325320279
9922045690408,12456340509958
9922064193408,12456354573922
9922082699408,12456367161821
9922101207408,12456380571479
9922119714408,12456392187071
9922138220408,12456406165592
9922156727408,12456417766627
9922175237408,12456429351531
9922193741408,12456441757849
9922212248408,12456452814073
9922230755408,12456464018563
9922249262408,12456475173017
9922267769408,12456490796818
9922286276408,12456503327221
9922304784408,12456515452262
9922323293408,12456530077290
9922341798408,12456543505156
9922360304408,12456559125466
9922378827408,12456570958885
9922397318408,12456583568095
9922415829408,12456599108829
9922434332408,12456610588730
9922452839408,12456622932784
9922471346408,12456638910061
9922489853408,12456651151421
9922508362408,12456663458507
9922526871408,12456680566583
9922545374408,12456694628268
9922563883408,12456708156194
9922582389408,12456720824092
9922600895408,12456733442819
9922619402408,12456746371391
9922656418408,12456763759610
9922674925408,12456780329872
9922693429408,12456797081490
9922711937408,12456810995538
9922730445408,12456827426262
9922748951408,12456840829563
9922767459408,12456858132918
9922785966408,12456871551251
9922804473408,12456888092357
9922822979408,12456900185226
9922841487408,12456911926013
9922859995408,12456924124307
9922878503408,12456935486522
9922897008408,12456946697839
9922915514408,12456957301810
9922934021408,12456970948755
9922952529408,12456984590660
9922971036408,12456997455239
9922989542408,12457009182834
9923008052408,12457021199547
9923026559408,12457036749159
9923045063408,12457051814775
9923063569408,12457068544780
9923082081408,12457083912860
9923100583408,12457097292380
9923119091408,12457109960295
9923137598408,12457125630400
9923156105408,12457138098106
9923174612408,12457150141306
9923193119408,12457167681145
9923211627408,12457182082030
9923230135408,12457195174003
9923248640408,12457211481697
9923267147408,12457225732270
9923285654408,12457242034429
9923304161408,12457257730040
9923322668408,12457275485721
9923341176408,12457292334642
9923359685408,12457308489406
9923378189408,12457325498503
9923396695408,12457341894350
9923415202408,12457358412746
9923433712408,12457372758352
9923452217408,12457390916541
9923470723408,12457405711592
9923489232408,12457422861818
9923507739408,12457439832029
9923526246408,12457457605091
9923544752408,12457475245185
9923563260408,12457490383110
9923581769408,12457507443161
9923600273408,12457524427003
9923618781408,12457541800271
9923637287408,12457558929481
9923655793408,12457574888590
9923674303408,12457591132244
9923692808408,12457607569562
9923711317408,12457626790606
9923729821408,12457644561518
9923748328408,12457658860091
9923766836408,12457673180795
9923785343408,12457686134989
9923803852408,12457699464179
9923822356408,12457715955651
9923840863408,12457733730367
9923859370408,12457748777395
9923877878408,12457762578737
9923896386408,12457780690107
9923914893408,12457797993196
9923933399408,12457814859395
9923951905408,12457832699156
9923970413408,12457850643290
9923988919408,12457864648937
9924007425408,12457882237229
9924025934408,12457899531040
9924044442408,12457913766768
9924062949408,12457929125863
9924081455408,12457941998548
9924099960408,12457959453614
9924118468408,12457972618703
9924136977408,12457989745720
9924155491408,12458003717797
9924173989408,12458017155067
9924192495408,12458031811034
9924211003408,12458044304399
9924229510408,12458057735381
9924248018408,12458069967127
9924266527408,12458082560433
9924285031408,12458099034215
9924303538408,12458112708570
9924322045408,12458128713907
9924340553408,12458143545734
9924359059408,12458160956305
9924377566408,12458174641673
9924396075408,12458187653505
9924414582408,12458200927853
9924433088408,12458216510943
9924451594408,12458228560785
9924470101408,12458245031547
9924488607408,12458258035070
9924507115408,12458271143751
9924525624408,12458286205431
9924544129408,12458299228009
9924562637408,12458311697498
9924581144408,12458323928466
9924599651408,12458337745205
9924618161408,12458353021971
9924636664408,12458373111154
9924655171408,12458387634815
9924673677408,12458400804828
9924692185408,12458413976188
9924710693408,12458425960411
9924729200408,12458437386069
9924747708408,12458449401084
9924766213408,12458460419968
9924784721408,12458472031438
9924803228408,12458483306142
9924821734408,12458494894209
9924840241408,12458506260175
9924858748408,12458517559609
9924877256408,12458529403803
9924895763408,12458541433335
9924914269408,12458553624701
9924932777408,12458565363743
9924951285408,12458576249627
9924969790408,12458587293025
9924988297408,12458598482534
9925006803408,12458619572660
9925025311408,12458632052447
9925043819408,12458647191001
9925062325408,12458660575531
9925080833408,12458675268890
9925099341408,12458687959800
9925117845408,12458699833047
9925136353408,12458715229926
9925154859408,12458728818639
9925173366408,12458742516301
9925191880408,12458754553934
9925210381408,12458769382117
9925228899408,12458780585853
9925247395408,12458794922375
9925265902408,12458807038942
9925284411408,12458819111214
9925302917408,12458830453409
9925321422408,12458842632293
9925339929408,12458854768275
9925358437408,12458867355134
9925376944408,12458878898382
9925395452408,12458896485458
9925413959408,12458909678789
9925432467408,12458921396584
9925450975408,12458933733688
9925469478408,12458946833393
9925487985408,12458959084531
9925506491408,12458971036177
9925524998408,12458984064841
9925543506408,12458996316463
9925562014408,12459008975749
9925580520408,12459022111211
9925599027408,12459033537729
9925617535408,12459045849063
9925636043408,12459057082863
9925654550408,12459077001633
9925673055408,12459091843417
9925691563408,12459104323730
9925710069408,12459121524353
9925728576408,12459135026580
9925747083408,12459146328151
9925765591408,12459158423379
9925784101408,12459176085009
9925802607408,12459192893794
9925821112408,12459208912208
9925839618408,12459226730674
9925858125408,12459241099315
9925876631408,12459255211201
9925895140408,12459268312304
9925913647408,12459283176634
9925932154408,12459301151762
9925950661408,12459315380875
9925969167408,12459329675623
9925987676408,12459343804002
9926006184408,12459361631955
9926024688408,12459375624590
9926043195408,12459390542953
9926061703408,12459403313182
9926080210408,12459417952445
9926098716408,12459431118784
9926117225408,12459443533837
9926135733408,12459455981226
9926154237408,12459468038771
9926172743408,12459481679164
9926191252408,12459495665372
9926209757408,12459509089519
9926228265408,12459525495068
9926246772408,12459538528945
9926265280408,12459551273111
9926283786408,12459563991445
9926302294408,12459581118804
9926320801408,12459594487279
9926339309408,12459608412452
9926357813408,12459622651578
9926376321408,12459635453095
9926394828408,12459649185426
9926413335408,12459661463416
9926431841408,12459675317609
9926450350408,12459689094120
9926468857408,12459701474098
9926487365408,12459714663026
9926505870408,12459726961358
9926524378408,12459740199949
9926542883408,12459753988585
9926561390408,12459771190011
9926579897408,12459785424985
9926598404408,12459798735606
9926616917408,12459811994445
9926635419408,12459824305720
9926653925408,12459836550369
9926672433408,12459849373674
9926690941408,12459862969238
9926709447408,12459879888777
9926727954408,12459892954685
9926746461408,12459906600904
9926764967408,12459922690559
9926783475408,12459936348126
9926801982408,12459952698032
9926820489408,12459971118875
9926838997408,12459989028413
9926857501408,12460003145076
9926876009408,12460016803234
9926894517408,12460031044628
9926913023408,12460044859571
9926931530408,12460057822222
9926950038408,12460072333204
9926968545408,12460086814572
9926987051408,12460104730993
9927005558408,12460118069716
9927024066408,12460136073831
9927042576408,12460149460435
9927061080408,12460165707024
9927079586408,12460180807467
9927098093408,12460193908239
9927116601408,12460210283416
9927135108408,12460224100350
9927153614408,12460238876592
9927172123408,12460251479187
9927190631408,12460265451956
9927209136408,12460282284933
9927227643408,12460295198946
9927246150408,12460307681202
9927264655408,12460319608117
9927283163408,12460333910895
9927301669408,12460347230474
9927320178408,12460358716795
9927338685408,12460372564518
9927357191408,12460385459729
9927375699408,12460401498124
9927394209408,12460413951974
9927412711408,12460426554681
9927431219408,12460438066925
9927449727408,12460449481017
9927468234408,12460463016758
9927486740408,12460476976095
9927505248408,12460490471001
9927523755408,12460503435860
9927542261408,12460516377709
9927560769408,12460529020774
9927579275408,12460546095410
9927597782408,12460561925080
9927616290408,12460577769047
9927634796408,12460590690948
9927653303408,12460604764248
9927671811408,12460618600331
9927690317408,12460631409663
9927708825408,12460644689917
9927727334408,12460659943407
9927745841408,12460674318209
9927764347408,12460687974420
9927782854408,12460702620871
9927801360408,12460715989445
9927819866408,12460729606971
9927838373408,12460742635352
9927856880408,12460761052940
9927875389408,12460774856333
9927893893408,12460789856740
9927912401408,12460803138252
9927930909408,12460820855085
9927949415408,12460835447456
9927967922408,12460848100072
9927986428408,12460866255567
9928004934408,12460881302052
9928023444408,12460896667247
9928041949408,12460913300655
9928060459408,12460927264319
9928078965408,12460943610242
9928097471408,12460958533069
9928115978408,12460976256988
9928134484408,12460988899647
9928152992408,12461002053447
9928171498408,12461014706573
9928190006408,12461029882628
9928208513408,12461041874380
9928227022408,12461054621151
9928245527408,12461068231807
9928264034408,12461080857104
9928282541408,12461092884309
9928301049408,12461105622328
9928319554408,12461116994379
9928338062408,12461128588947
9928356568408,12461139613270
9928375075408,12461158841347
9928393583408,12461173861574
9928412090408,12461187152527
9928430598408,12461199526897
9928449105408,12461211873283
9928467610408,12461225026706
9928486117408,12461236934467
9928504624408,12461249867617
9928523131408,12461263593943
9928541638408,12461277042182
9928560148408,12461289877123
9928578654408,12461302838837
9928597159408,12461315548172
9928615667408,12461328946565
9928634174408,12461346872351
9928652680408,12461360666156
9928671188408,12461373888867
9928689693408,12461389289664
9928708201408,12461403820998
9928726709408,12461419549477
9928745216408,12461432528368
9928763723408,12461448917526
9928782233408,12461462703614
9928800737408,12461477926018
9928819243408,12461490767314
9928837749408,12461503061519
9928856258408,12461514741336
9928874765408,12461526593299
9928893272408,12461542297936
9928911779408,12461555203197
9928930288408,12461568192917
9928948792408,12461580871583
9928967300408,12461591910575
9928985807408,12461603559428
9929004313408,12461616301529
9929022820408,12461632439319
9929041327408,12461645738690
9929059833408,12461658873579
9929078341408,12461671046927
9929096848408,12461682511027
9929115357408,12461695127194
9929133866408,12461707555585
9929152369408,12461720435253
9929170877408,12461733594772
9929189383408,12461745889858
9929207890408,12461759186670
9929226397408,12461772475247
9929244905408,12461784804837
9929263413408,12461796716981
9929281917408,12461814366856
9929300425408,12461827698714
9929318932408,12461839962437
9929337440408,12461852502824
9929355945408,12461865081379
9929374454408,12461877298464
9929392959408,12461889306814
9929411466408,12461902931654
9929429973408,12461915911596
9929448482408,12461931929336
9929466990408,12461944734741
9929485498408,12461957132129
9929504001408,12461969717796
9929522509408,12461982275021
9929541015408,12461997942990
9929559523408,12462010865751
9929578030408,12462024917803
9929596539408,12462037169933
9929615046408,12462051873859
9929633550408,12462065499605
9929652057408,12462077918172
9929670565408,12462092620355
9929689072408,12462107935240
9929707578408,12462122404466
9929726086408,12462135566173
9929744593408,12462151839662
9929763099408,12462165237863
9929781606408,12462178425008
9929800116408,12462195029136
9929818624408,12462209023809
9929837127408,12462221633197
9929855635408,12462236667643
9929874142408,12462248646670
9929892647408,12462261040946
9929911157408,12462272703937
9929929662408,12462286801983
9929948170408,12462301340267
9929966679408,12462314484827
9929985184408,12462327857720
9930003691408,12462341564330
9930022197408,12462355848104
9930040704408,12462371304906
9930059211408,12462389442573
9930077719408,12462403831648
9930096225408,12462417647847
9930114731408,12462435060703
9930133241408,12462448644297
9930151748408,12462464987133
9930170255408,12462479346874
9930188762408,12462494435234
9930207267408,12462512466828
9930225773408,12462525869053
9930244282408,12462542900803
9930262789408,12462559313531
9930281296408,12462575839181
9930299805408,12462591984635
9930318312408,12462606543978
9930336816408,12462620713998
9930355323408,12462635212052
9930373830408,12462651471993
9930392338408,12462667227694
9930410845408,12462682672604
9930429352408,12462695476529
9930447858408,12462708367430
9930466365408,12462721459019
9930484872408,12462734558119
9930503381408,12462748614197
9930521888408,12462759427218
9930540393408,12462772972951
9930558900408,12462784451223
9930577407408,12462799434625
9930595914408,12462813855659
9930614421408,12462829028033
9930632929408,12462844138417
9930651438408,12462859051110
9930669942408,12462872953894
9930688449408,12462884628034
9930706955408,12462901530610
9930725463408,12462915343871
9930743972408,12462931268220
9930762477408,12462947351378
9930780984408,12462962434269
9930799502408,12462974563957
9930817997408,12462986146537
9930836506408,12463003999201
9930855015408,12463017613861
9930873522408,12463030794132
9930892026408,12463043758294
9930910535408,12463060395754
9930929040408,12463073786390
9930947547408,12463089105774
9930966054408,12463106587244
9930984562408,12463123086745
9931003070408,12463139778422
9931021575408,12463154635583
9931040081408,12463167731114
9931058588408,12463182728371
9931077097408,12463195639671
9931095602408,12463208194045
9931114110408,12463221559735
9931132619408,12463233236582
9931151123408,12463244506972
9931169630408,12463257983531
9931188138408,12463269473456
9931206646408,12463279987682
9931225151408,12463293748178
9931243659408,12463305849884
9931262166408,12463318257227
9931280672408,12463329625486
9931299180408,12463340943984
9931317687408,12463353043894
9931336194408,12463363664571
9931354703408,12463376918247
9931373208408,12463389009395
9931391714408,12463403363602
9931410222408,12463415987132
9931428728408,12463430585034
9931447236408,12463442615946
9931465744408,12463456571436
9931484251408,12463470290150
9931502755408,12463482999346
9931521263408,12463494882721
9931539771408,12463510112126
9931558279408,12463522668487
9931576784408,12463535031187
9931595291408,12463546652108
9931613797408,12463562060151
9931632312408,12463576591164
9931650813408,12463591282993
9931669321408,12463603866049
9931687828408,12463618952706
9931706337408,12463631232884
9931724840408,12463644946286
9931743347408,12463657518844
9931761854408,12463672233048
9931780363408,12463684969616
9931798869408,12463698442620
9931817376408,12463709891609
9931835883408,12463724549583
9931854389408,12463737714444
9931872896408,12463752317968
9931891404408,12463765620226
9931909913408,12463778614761
9931928418408,12463793157367
9931946924408,12463806187947
9931965431408,12463819961975
9931983938408,12463833230666
9932002448408,12463849381269
9932020952408,12463864017148
9932039463408,12463877932664
9932057965408,12463892513322
9932076474408,12463906192184
9932094980408,12463918770446
9932113488408,12463931527449
9932131995408,12463944567291
9932150501408,12463955626750
9932169010408,12463967425593
9932187519408,12463977808262
9932206021408,12463989148542
9932224528408,12464000138580
9932243041408,12464010081348
9932261545408,12464023169979
9932280053408,12464034744351
9932298558408,12464046478907
9932317063408,12464058550626
9932335571408,12464071256484
9932354078408,12464083303133
9932372586408,12464095727713
9932391094408,12464108283191
9932409599408,12464121691713
9932428106408,12464134201304
9932446613408,12464146720150
9932465119408,12464158562735
9932483627408,12464170549086
9932502134408,12464183183028
9932520641408,12464197935433
9932539150408,12464211713478
9932557653408,12464223846254
9932576161408,12464237921047
9932594670408,12464251521680
9932613176408,12464265547134
9932631683408,12464279888377
9932650189408,12464294919972
9932668696408,12464309690420
9932687204408,12464323378912
9932705710408,12464336400449
9932724220408,12464350883982
9932742726408,12464363232596
9932761232408,12464374527654
9932779738408,12464386798422
9932798246408,12464400611960
9932816753408,12464414095974
9932835260408,12464426068923
9932853767408,12464438244713
9932872275408,12464449643552
9932890783408,12464460350817
9932909287408,12464474614096
9932927795408,12464486997494
9932946304408,12464498253497
9932964809408,12464511444265
9932983316408,12464523628925
9933001822408,12464534496499
9933020330408,12464545530817
9933038836408,12464558585549
9933057344408,12464570265317
9933075851408,12464582502906
9933094361408,12464596114205
9933112863408,12464607219402
9933131371408,12464619168729
9933149878408,12464630763377
9933168388408,12464644898127
9933186892408,12464657201818
9933205400408,12464670326180
9933223909408,12464685105621
9933242413408,12464696328731
9933260919408,12464708616432
9933279426408,12464720868752
9933297936408,12464740852199
9933316441408,12464753471600
9933334950408,12464765999020
9933353455408,12464778264271
9933371962408,12464790244598
9933390470408,12464801771217
9933408976408,12464814185394
9933427489408,12464829625475
9933445992408,12464844544605
9933464497408,12464858805573
9933483005408,12464872085152
9933501512408,12464884404690
9933520017408,12464898580295
9933538525408,12464911080107
9933557033408,12464926542692
9933575541408,12464939432483
9933594046408,12464954662024
9933612552408,12464969594264
9933631059408,12464983722307
9933649571408,12464996315730
9933668075408,12465009639985
9933686581408,12465023018401
9933705088408,12465035040682
9933723596408,12465046526556
9933742102408,12465057763091
9933760612408,12465068612750
9933779117408,12465079186543
9933797624408,12465090524000
9933816130408,12465104771635
9933834636408,12465117894152
9933853143408,12465131179944
9933871649408,12465143897442
9933890158408,12465155428780
9933908666408,12465166673793
9933927174408,12465178682891
9933945677408,12465192290586
9933964186408,12465205340890
9933982692408,12465216605017
9934001203408,12465229474397
9934019707408,12465242360527
9934038215408,12465253624038
9934056720408,12465266016274
9934075227408,12465279458529
9934093735408,12465291020104
9934112242408,12465303413132
9934130750408,12465315996391
9934149257408,12465328557893
9934167763408,12465340515221
9934186269408,12465352475679
9934204776408,12465366294327
9934223283408,12465378348418
9934241791408,12465389906599
9934260299408,12465401702536
9934278807408,12465414234777
9934297312408,12465426690874
9934315817408,12465439647301
9934334324408,12465452229142
9934352831408,12465464007508
9934371339408,12465475553682
9934389846408,12465486680668
9934408354408,12465498500605
9934426860408,12465510123214
9934445368408,12465521771239
9934463879408,12465535554879
9934482383408,12465556504806
9934500888408,12465570724012
9934519395408,12465583519535
9934537902408,12465596095533
9934556409408,12465612880335
9934574915408,12465629509184
9934593423408,12465648553973
9934611931408,12465661333764
9934630439408,12465674248373
9934648944408,12465686854629
9934667452408,12465698788239
9934685958408,12465710870125
9934704464408,12465723772206
9934722972408,12465736703611
9934741479408,12465751508096
9934759986408,12465765108157
9934778493408,12465778863054
9934797000408,12465790005755
9934815509408,12465802023955
9934834017408,12465813858032
9934852521408,12465827585579
9934871028408,12465841906034
9934889535408,12465854027834
9934908043408,12465867449877
9934926550408,12465881405672
9934945057408,12465893319569
9934963566408,12465903889868
9934982070408,12465917954170
9935000577408,12465929907729
9935019084408,12465942814520
9935037591408,12465955369250
9935056104408,12465966073147
9935074605408,12465977125464
9935093112408,12465994778016
9935111621408,12466010577160
9935130126408,12466025484783
9935148635408,12466037937095
9935167142408,12466050733820
9935185647408,12466061856372
9935204153408,12466078983966
9935222662408,12466089747704
9935241168408,12466101496466
9935259676408,12466113804775
9935278182408,12466125209640
9935296689408,12466135942771
9935315198408,12466147230452
9935333703408,12466158873818
9935352210408,12466169574457
9935370717408,12466180892664
9935389223408,12466193742229
9935407730408,12466206026243
9935426238408,12466217960443
9935444744408,12466230096895
9935463251408,12466240407926
9935481758408,12466251259712
9935500266408,12466263175570
9935518775408,12466275387292
9935537280408,12466286236469
9935555786408,12466296746861
9935574293408,12466306850170
9935592801408,12466316454316
9935611308408,12466325943059
9935629816408,12466338166071
9935648323408,12466349937629
9935666831408,12466364639303
9935685336408,12466379560195
9935703842408,12466392266255
9935722348408,12466404496446
9935740855408,12466416306116
9935759362408,12466430360812
9935777870408,12466443843839
9935796377408,12466456485340
9935814885408,12466467888770
9935833393408,12466480190966
9935851898408,12466492761780
9935870407408,12466505253957
9935888912408,12466518904138
9935907419408,12466530589341
9935925926408,12466542521145
9935944433408,12466553985644
9935962939408,12466565481530
9935981449408,12466577883959
9935999956408,12466588703077
9936018463408,12466602633175
9936036968408,12466615807991
9936055475408,12466628234443
9936073981408,12466641600637
9936092488408,12466653138627
9936110996408,12466664705677
9936129502408,12466677982030
9936148010408,12466691653163
9936166519408,12466705457526
9936185024408,12466717746285
9936203533408,12466731726893
9936222041408,12466742943174
9936240545408,12466753745208
9936259051408,12466766663165
9936277560408,12466789525552
9936296066408,12466807070210
9936314574408,12466821934844
9936333081408,12466836770083
9936351589408,12466851900569
9936370093408,12466866143277
9936388600408,12466878529135
9936407107408,12466895974183
9936425614408,12466911032684
9936444121408,12466925198838
9936462629408,12466937895460
9936481140408,12466953318714
9936499644408,12466965966709
9936518149408,12466978526962
9936536657408,12466991943440
9936555165408,12467007844629
9936573671408,12467019595011
9936592177408,12467033165124
9936610685408,12467048129485
9936629192408,12467063874066
9936647699408,12467077407376
9936666206408,12467097920130
9936684715408,12467112536233
9936703221408,12467124929765
9936721726408,12467137961738
9936740234408,12467154314687
9936758740408,12467166456431
9936777247408,12467178879166
9936795754408,12467196697222
9936814261408,12467211049582
9936832770408,12467228712452
9936851276408,12467241758784
9936869782408,12467254627298
9936888291408,12467270200329
9936906798408,12467282787078
9936925302408,12467296841947
9936943810408,12467309956729
9936962318408,12467323527919
9936980824408,12467336325890
9936999332408,12467348765276
9937017839408,12467360448877
9937036347408,12467371990550
9937054854408,12467387345206
9937073359408,12467399734928
9937091867408,12467411241130
9937110374408,12467423384436
9937128880408,12467435196783
9937147386408,12467447112045
9937165893408,12467458717514
9937184401408,12467471606029
9937202907408,12467483779693
9937221415408,12467495632548
9937239923408,12467508305086
9937258431408,12467520758296
9937276936408,12467532426766
9937295443408,12467544629660
9937313950408,12467558419769
9937332457408,12467571511869
9937350963408,12467586895142
9937369472408,12467599801527
9937387979408,12467611697945
9937406487408,12467625870778
9937424992408,12467638389828
9937443499408,12467651575064
9937462005408,12467664631961
9937480513408,12467676857676
9937499019408,12467692019885
9937517528408,12467707018744
9937536034408,12467720641891
9937554540408,12467732931663
9937573049408,12467748894013
9937591557408,12467761627938
9937610065408,12467774120734
9937628568408,12467787526671
9937647081408,12467799140103
9937665583408,12467815052171
9937684090408,12467829613511
9937702597408,12467846120944
9937721103408,12467860146960
9937739612408,12467874119808
9937758120408,12467887143240
9937776625408,12467898356182
9937795132408,12467908772590
9937813640408,12467919053917
9937832146408,12467931434521
9937850652408,12467943435101
9937869162408,12467954434911
9937887667408,12467975992112
9937906179408,12467988044491
9937924681408,12467999520822
9937943189408,12468015593448
9937961699408,12468032954264
9937980201408,12468044400132
9937998708408,12468055030432
9938017216408,12468071195022
9938035723408,12468081968366
9938054229408,12468092578538
9938072737408,12468102762524
9938091245408,12468114074978
9938109750408,12468129932038
9938128257408,12468141156334
9938146764408,12468152519561
9938165271408,12468168025420
9938183777408,12468179082854
9938202284408,12468190421662
9938220791408,12468207538952
9938239299408,12468219104969
9938257807408,12468230816018
9938276315408,12468242062406
9938294823408,12468258245871
9938313328408,12468279390455
9938331835408,12468297131479
9938350341408,12468310706075
9938368848408,12468324295991
9938387355408,12468335704763
9938405862408,12468357361512
9938424370408,12468369251019
9938442879408,12468381383856
9938461383408,12468393114699
9938479890408,12468409819731
9938498397408,12468428268411
9938516905408,12468442287910
9938535410408,12468453449241
9938553916408,12468464019362
9938572424408,12468480884575
9938590932408,12468497744235
9938609439408,12468511526680
9938627947408,12468524509522
9938646455408,12468538419678
9938664962408,12468551255444
9938683467408,12468563793606
9938701974408,12468574639926
9938720481408,12468586227224
9938738987408,12468599145801
9938757495408,12468611380686
9938776005408,12468624224619
9938794511408,12468636193121
9938813015408,12468648614170
9938831524408,12468661320311
9938850029408,12468673520240
9938868537408,12468686559822
9938887043408,12468700100855
9938905550408,12468712854747
9938924057408,12468723770099
9938942565408,12468735430626
9938961072408,12468746589068
9938979580408,12468756771128
9938998088408,12468769778448
9939016593408,12468780184616
9939035098408,12468791786632
9939053606408,12468803136386
9939072113408,12468813904226
9939090621408,12468823989379
9939109128408,12468834821518
9939127637408,12468848343240
9939146143408,12468861404965
9939164668408,12468872677315
9939183156408,12468883679088
9939201662408,12468894613277
9939220169408,12468907164890
9939238677408,12468918257051
9939257185408,12468929500992
9939275691408,12468940226217
9939294202408,12468950828528
9939312705408,12468962247003
9939331213408,12468972940146
9939349722408,12468985605215
9939368226408,12468996615745
9939386733408,12469008653232
9939405240408,12469020170266
9939423746408,12469031038802
9939442254408,12469043268290
9939460763408,12469054977934
9939479270408,12469067042790
9939497775408,12469077197359
9939516281408,12469088849905
9939534788408,12469101391065
9939553296408,12469114127840
9939571803408,12469124880760
9939590309408,12469136470177
9939608815408,12469147650701
9939627322408,12469158441970
9939645830408,12469171508800
9939664338408,12469184975955
9939682847408,12469196082400
9939701351408,12469207250768
9939719858408,12469217972758
9939738365408,12469228174937
9939756871408,12469240338415
9939775379408,12469253640988
9939793887408,12469266903862
9939812395408,12469280746260
9939830903408,12469300286627
9939849408408,12469315662689
9939867914408,12469328909957
9939886421408,12469341046005
9939904928408,12469354535709
9939923435408,12469368553932
9939941942408,12469380886004
9939960448408,12469392391812
9939978956408,12469404912415
9939997464408,12469417383312
9940015971408,12469429920643
9940034480408,12469445227458
9940052983408,12469460867056
9940071499408,12469472675920
9940089997408,12469485771216
9940108505408,12469497727565
9940127012408,12469509480411
9940145519408,12469526238847
9940164027408,12469540864610
9940182536408,12469554202343
9940201039408,12469568439591
9940219546408,12469580960453
9940238053408,12469591533779
9940256561408,12469602738257
9940275066408,12469614854569
9940293576408,12469628205292
9940312081408,12469640779041
9940330589408,12469652712543
9940349097408,12469664851180
9940367604408,12469678543593
9940386111408,12469690459632
9940404617408,12469702536131
9940423123408,12469715916890
9940441631408,12469729222456
9940460138408,12469741459068
9940478646408,12469757692032
9940497152408,12469769138804
9940515661408,12469780919280
9940534167408,12469796829161
9940552672408,12469813679629
9940571179408,12469826553986
9940589686408,12469839297575
9940608193408,12469850670024
9940626701408,12469861963251
9940645208408,12469877831615
9940663715408,12469889161797
9940682221408,12469902966103
9940700729408,12469916075938
9940719236408,12469927930675
9940737746408,12469938733170
9940756250408,12469948904771
9940774756408,12469959645582
9940793263408,12469971134717
9940811771408,12469983501105
9940830277408,12469994519459
9940848785408,12470006593239
9940867294408,12470017859418
9940885798408,12470029300551
9940904305408,12470040826980
9940922812408,12470057380147
9940941319408,12470068987558
9940959827408,12470080465683
9940978333408,12470091689987
9940996842408,12470103652356
9941015346408,12470121858503
9941033853408,12470134192008
9941052362408,12470146146448
9941070869408,12470163027643
9941089375408,12470179735262
9941107881408,12470191178200
9941126390408,12470206889221
9941144895408,12470217867822
9941163403408,12470233217724
9941181910408,12470249077729
9941200418408,12470268202322
9941218926408,12470280607354
9941237431408,12470292741329
9941255938408,12470303763110
9941274445408,12470319126899
9941292951408,12470330032315
9941348475408,12470341056576
9941366979408,12470360033431
9941385486408,12470374500085
9941403995408,12470386888745
9941422502408,12470398769275
9941441007408,12470411272019
9941459515408,12470424338112
9941478022408,12470436675210
9941496529408,12470450342784
9941515036408,12470465541607
9941533543408,12470480504186
9941552050408,12470494510512
9941570560408,12470507673475
9941589063408,12470520420590
9941607571408,12470533424948
9941626077408,12470548224274
9941644585408,12470562924122
9941663091408,12470585412926
9941681601408,12470600424372
9941700107408,12470614176982
9941718612408,12470627899840
9941737118408,12470643707750
9941755629408,12470658028983
9941774134408,12470671746482
9941792641408,12470686019764
9941811148408,12470697475944
9941829655408,12470708526413
9941848163408,12470728407586
9941866669408,12470739804615
9941885175408,12470754753761
9941903684408,12470772348696
9941922191408,12470787424937
9941940696408,12470802801477
9941959205408,12470817338716
9941977710408,12470829785549
9941996218408,12470841092134
9942014726408,12470855521720
9942033232408,12470868097796
9942051740408,12470879623648
9942070244408,12470890649415
9942088751408,12470900996266
9942107272408,12470914378612
9942125768408,12470925581096
9942144278408,12470939011091
9942162781408,12470954019051
9942181287408,12470966534599
9942199796408,12470978605672
9942218301408,12470991463309
9942236808408,12471003555064
9942255316408,12471015847116
9942273825408,12471032061342
9942292330408,12471045549535
9942310837408,12471062586706
9942329343408,12471078783022
9942347850408,12471093680668
9942366358408,12471105022980
9942384865408,12471118140810
9942403372408,12471132375031
9942421877408,12471148156264
9942440385408,12471162691105
9942458893408,12471175337688
9942477399408,12471186916614
9942495905408,12471199227384
9942514413408,12471211625618
9942532920408,12471225366910
9942551427408,12471238211097
9942569933408,12471251271679
9942588442408,12471268190183
9942606949408,12471281750427
9942625455408,12471298730658
9942643961408,12471315930692
9942662470408,12471333080168
9942680976408,12471347807042
9942699500408,12471364147342
9942717989408,12471381242812
9942736498408,12471394303362
9942755005408,12471407323827
9942773510408,12471419018319
9942792016408,12471431203273
9942810526408,12471445216352
9942829031408,12471458231773
9942847538408,12471471551832
9942866046408,12471484178290
9942884552408,12471496072206
9942903059408,12471508368465
9942921568408,12471519807401
9942940074408,12471532057812
9942958583408,12471543417927
9942977088408,12471554931924
9942995596408,12471566516769
9943014101408,12471580365882
9943032608408,12471594546389
9943051115408,12471609602515
9943069622408,12471624178400
9943088130408,12471639200347
9943106639408,12471654767834
9943125142408,12471668270931
9943143650408,12471680205227
9943162158408,12471691405433
9943180680408,12471702847079
9943199170408,12471713855390
9943217678408,12471724523517
9943236184408,12471737863097
9943254692408,12471748583594
9943273199408,12471760800749
9943291708408,12471772589794
9943310217408,12471787486573
9943328721408,12471808199310
9943347227408,12471820118575
9943365736408,12471833048714
9943384241408,12471845378819
9943402749408,12471858508451
9943421255408,12471872201351
9943439764408,12471887247007
9943458269408,12471901026368
9943476775408,12471915109444
9943495282408,12471929963524
9943513793408,12471943546315
9943532303408,12471956828794
9943550804408,12471969455483
9943569311408,12471983885903
9943587818408,12471997818030
9943606324408,12472010598314
9943624834408,12472022691559
9943643340408,12472033099569
9943661849408,12472045098276
9943680353408,12472055760146
9943698861408,12472072193502
9943717366408,12472085342874
9943735874408,12472102210509
9943754381408,12472113449280
9943772888408,12472125875991
9943791396408,12472138505836
9943809902408,12472149999720
9943828408408,12472161946798
9943846915408,12472174254315
9943865426408,12472189272856
9943883930408,12472202969074
9943902437408,12472218098910
9943920942408,12472233675478
9943939450408,12472246494628
9943957956408,12472259537053
9943976466408,12472272701877
9943994973408,12472286147744
9944013478408,12472300245718
9944031985408,12472313789423
9944050492408,12472329901018
9944069000408,12472342574323
9944087507408,12472355886483
9944106014408,12472369655516
9944124522408,12472385928885
9944143029408,12472402937944
9944161534408,12472418056668
9944180041408,12472432968713
9944198549408,12472449110189
9944217054408,12472465889720
9944235563408,12472480235658
9944254070408,12472493966109
9944272576408,12472509811402
9944291083408,12472525665641
9944309591408,12472540600357
9944328098408,12472554657557
9944346607408,12472572161586
9944365111408,12472594500452
9944383619408,12472609321137
9944402124408,12472622964994
9944420632408,12472635932553
9944439138408,12472648526049
9944457646408,12472664438213
9944476154408,12472681808386
9944494662408,12472699718312
9944513166408,12472716316360
9944531675408,12472734021762
9944550179408,12472751428646
9944568688408,12472768504636
9944587195408,12472785699422
9944605702408,12472805438474
9944624208408,12472829059123
9944642715408,12472844634167
9944661222408,12472859910363
9944679732408,12472873676240
9944698239408,12472885783663
9944716744408,12472897379876
9944735250408,12472910457176
9944753758408,12472922465907
9944772266408,12472935327283
9944790772408,12472949125521
9944809279408,12472962104850
9944827788408,12472974212049
9944846322408,12472987951942
9944864801408,12473002397504
9944883306408,12473015019877
9944901813408,12473027369782
9944920321408,12473039705534
9944938827408,12473054985202
9944957338408,12473067432979
9944975842408,12473079986744
9944994348408,12473093073127
9945012857408,12473106273066
9945031365408,12473118964793
9945049872408,12473130924401
9945068376408,12473142840277
9945086884408,12473154510564
9945105390408,12473166231145
9945123898408,12473179187261
9945142404408,12473196784705
9945160911408,12473209715028
9945179420408,12473226383411
9945197926408,12473239790155
9945216433408,12473251798663
9945234938408,12473263930995
9945253446408,12473280159960
9945271952408,12473293420306
9945290461408,12473304687382
9945308967408,12473316936739
9945327474408,12473329231447
9945345981408,12473341109396
9945364489408,12473354045560
9945382996408,12473367193699
9945401505408,12473380492208
9945420008408,12473393359039
9945438516408,12473407410344
9945457023408,12473419172438
9945475530408,12473431454666
9945494037408,12473444051704
9945512545408,12473459933035
9945531053408,12473475426514
9945549559408,12473489506735
9945568065408,12473502745252
9945586571408,12473515181181
9945605078408,12473526128623
9945623586408,12473537187592
9945642093408,12473549979954
9945660599408,12473562612490
9945679107408,12473575240301
9945697614408,12473591159033
9945716122408,12473603618633
9945734630408,12473615552968
9945753134408,12473629193747
9945771643408,12473642733329
9945790148408,12473655901738
9945808656408,12473667468142
9945827163408,12473678620834
9945845670408,12473690524455
9945864179408,12473703625109
9945882686408,12473714478078
9945901190408,12473727952299
9945919697408,12473742628549
9945938204408,12473754838691
9945956711408,12473766192001
9945975218408,12473777773086
9945993727408,12473789192588
9946012232408,12473799719626
9946030740408,12473812970858
9946049248408,12473823629860
9946067755408,12473833931746
9946086262408,12473845984371
9946104767408,12473857857311
9946123274408,12473868775552
9946141781408,12473880811672
9946160289408,12473895689873
9946178795408,12473907543767
9946197304408,12473920236701
9946215812408,12473930928850
9946234319408,12473941827540
9946252823408,12473953660557
9946271330408,12473965212850
9946289837408,12473980637343
9946308344408,12473992543211
9946326851408,12474006474126
9946345363408,12474017885722
9946363867408,12474027901994
9946382373408,12474039662525
9946400880408,12474050431343
9946419387408,12474062869760
9946437895408,12474074823231
9946474965408,12474090410845
9946493414408,12474102120296
9946511923408,12474113694394
9946530429408,12474125160876
9946548937408,12474135471518
9946567444408,12474147334241
9946585948408,12474159934915
9946604457408,12474170747919
9946622963408,12474190655185
9946641469408,12474207162263
9946659976408,12474218936977
9946678483408,12474233186366
9946696995408,12474246375209
9946715498408,12474261607652
9946734006408,12474275383104
9946752513408,12474292506792
9946771020408,12474303028110
9946789526408,12474314467575
9946808033408,12474327710667
9946826541408,12474340069333
9946845047408,12474352386260
9946863554408,12474365794454
9946882062408,12474378854476
9946900570408,12474392602513
9946919077408,12474403934527
9946937581408,12474417074044
9946956089408,12474433014882
9946974596408,12474445591099
9946993102408,12474457005426
9947011609408,12474468566553
9947030116408,12474479987817
9947048624408,12474491712960
9947067130408,12474505405345
9947085638408,12474519544116
9947104145408,12474534252511
9947122653408,12474553451040
9947141158408,12474565299090
9947159666408,12474578928130
9947178172408,12474593055441
9947196680408,12474606192520
9947215185408,12474621909111
9947233695408,12474638155665
9947252202408,12474650574111
9947270709408,12474665493762
9947289214408,12474677929189
9947307723408,12474693454085
9947326229408,12474705850188
9947344735408,12474721929888
9947363243408,12474736837460
9947381749408,12474751732859
9947400258408,12474767649909
9947418764408,12474783681666
9947437270408,12474799558631
9947455779408,12474815621234
9947474286408,12474832603641
9947492791408,12474859829010
9947511298408,12474877956915
9947529806408,12474892531705
9947548313408,12474905146278
9947566819408,12474921224170
9947585326408,12474935298276
9947603835408,12474950716036
9947622341408,12474966540984
9947640847408,12474985122448
9947659353408,12475000600493
9947677862408,12475016086936
9947696369408,12475030956978
9947714874408,12475046144343
9947733381408,12475062837115
9947751889408,12475077870369
9947770408408,12475094400300
9947788904408,12475108418085
9947807412408,12475122529032
9947825920408,12475137657848
9947844424408,12475152100368
9947862932408,12475170520528
9947881437408,12475186788727
9947899946408,12475202853404
9947918453408,12475217720683
9947936960408,12475231948418
9947955468408,12475244204591
9947973975408,12475255206038
9947992480408,12475267995119
9948010986408,12475280787738
9948029494408,12475292043289
9948048000408,12475302019235
9948066508408,12475311967199
9948085014408,12475322822647
9948103522408,12475332817358
9948122028408,12475343905554
9948140536408,12475355263635
9948159044408,12475365618112
9948177553408,12475375213568
9948196057408,12475385378554
9948214563408,12475395581033
9948233070408,12475416895097
9948251577408,12475428520785
9948270085408,12475440264762
9948288593408,12475451369181
9948307100408,12475462632804
9948325605408,12475473734577
9948344113408,12475485462909
9948362619408,12475495281847
9948381126408,12475507332088
9948399633408,12475519296321
9948418139408,12475529345322
9948436648408,12475539424051
9948455154408,12475555695148
9948473661408,12475566757548
9948492170408,12475575911485
9948510677408,12475586863680
9948529183408,12475597649108
9948547690408,12475607737478
9948566197408,12475618439557
9948584703408,12475628204024
9948603210408,12475639425076
9948621717408,12475650429012
9948640224408,12475663281255
9948658733408,12475675829602
9948677239408,12475687994039
9948695747408,12475703504916
9948714252408,12475714996194
9948732760408,12475726947439
9948751265408,12475739587148
9948769772408,12475752193939
9948788279408,12475763240258
9948806787408,12475774298934
9948825293408,12475790342826
9948843803408,12475802125541
9948862310408,12475816073127
9948880816408,12475830276569
9948899322408,12475842922542
9948917829408,12475855030845
9948936335408,12475867173997
9948954843408,12475882711574
9948973350408,12475893560232
9948991859408,12475904416225
9949010366408,12475915067768
9949028871408,12475926237680
9949047379408,12475938236854
9949065886408,12475950690039
9949084391408,12475961179549
9949102899408,12475977647083
9949121405408,12475988975310
9949139912408,12476000237388
9949158422408,12476014929137
9949176927408,12476027248773
9949195435408,12476038591954
9949213944408,12476051198683
9949232448408,12476063197020
9949250955408,12476073476686
9949269461408,12476083834221
9949287970408,12476097069076
9949306475408,12476109234429
9949324983408,12476119828241
9949343491408,12476136086630
9949361999408,12476147229332
9949380504408,12476157083829
9949399012408,12476173219407
9949417517408,12476188158170
9949436024408,12476210063511
9949454532408,12476225721092
9949473037408,12476239273314
9949491545408,12476253374886
9949510052408,12476265690873
9949528560408,12476279245790
9949547069408,12476292562478
9949565577408,12476313750701
9949584080408,12476328379884
9949602588408,12476342678335
9949621094408,12476355168983
9949639601408,12476368811240
9949658108408,12476380860165
9949676616408,12476395108241
9949695123408,12476416898216
9949713630408,12476429919339
9949732138408,12476443265090
9949750643408,12476456279648
9949769149408,12476467780636
9949787657408,12476480281278
9949806165408,12476494546234
9949824670408,12476507749362
9949843177408,12476519815654
9949861686408,12476531463964
9949880193408,12476542790247
9949898700408,12476553940143
9949917208408,12476565015713
9949935713408,12476576618486
9949954220408,12476587793194
9949972726408,12476598632775
9949991233408,12476610708158
9950009741408,12476623293617
9950028249408,12476640810728
9950046757408,12476653242311
9950065262408,12476672472886
9950083769408,12476685161332
9950102275408,12476696633832
9950120783408,12476713447898
9950139289408,12476725801957
9950157798408,12476743543890
9950176303408,12476756526996
9950194811408,12476771905370
9950213318408,12476783923743
9950231826408,12476797264703
9950250333408,12476809883545
9950268839408,12476822240477
9950287347408,12476834794414
9950305853408,12476847033686
9950324361408,12476860627433
9950342867408,12476871868005
9950361373408,12476885404219
9950379882408,12476897883022
9950398389408,12476910577584
9950416894408,12476923272217
9950435401408,12476935847928
9950453908408,12476949316395
9950472416408,12476961802854
9950490923408,12476973499132
9950509429408,12476986228112
9950527937408,12476998219736
9950546445408,12477011281348
9950564951408,12477022685394
9950583463408,12477035734715
9950601966408,12477046930845
9950620471408,12477060351609
9950638978408,12477072527864
9950657485408,12477083467887
9950675993408,12477095599119
9950694499408,12477106208582
9950713008408,12477120052882
9950731515408,12477130475941
9950750022408,12477142911203
9950768528408,12477154971858
9950787036408,12477166669470
9950805541408,12477177948406
9950824048408,12477191082979
9950842555408,12477203847730
9950861063408,12477215955103
9950879568408,12477227944275
9950898077408,12477240335318
9950916583408,12477250924781
9950935091408,12477262788551
9950953599408,12477273329900
9950972104408,12477284860478
9950990610408,12477296743474
9951009119408,12477307437061
9951027626408,12477320989815
9951046132408,12477331728966
9951064639408,12477342700810
9951083147408,12477354722234
9951101653408,12477367053025
9951120160408,12477378890801
9951138666408,12477390177637
9951157173408,12477401794555
9951175682408,12477412441251
9951194188408,12477423327671
9951212696408,12477435083110
9951231201408,12477448591554
9951249708408,12477460366393
9951268216408,12477471663352
9951286724408,12477483356302
9951305231408,12477494277291
9951323737408,12477507205088
9951342245408,12477518674338
9951360750408,12477531580816
9951379257408,12477543880169
9951397764408,12477556256499
9951416271408,12477568508239
9951434781408,12477581490001
9951453285408,12477594620531
9951471793408,12477607231031
9951490300408,12477618786943
9951508807408,12477630100884
9951527314408,12477641244535
9951545821408,12477659818849
9951564329408,12477674561116
9951582835408,12477689881906
9951601342408,12477701814000
9951619850408,12477723840424
9951638356408,12477737953388
9951656862408,12477752829880
9951675369408,12477767418796
9951693875408,12477782017846
9951712382408,12477796396194
9951730890408,12477810524844
9951749396408,12477828847102
9951767905408,12477844375230
9951786413408,12477858552293
9951804918408,12477874806682
9951823425408,12477889072280
9951841933408,12477903580189
9951860439408,12477916896173
9951878947408,12477933269873
9951897454408,12477946467271
9951915961408,12477960830319
9951934468408,12477975502018
9951952974408,12477991503887
9951971492408,12478006574562
9951989990408,12478019049949
9952008505408,12478033317438
9952027003408,12478047658483
9952045509408,12478062962151
9952064017408,12478075382100
9952082523408,12478088862967
9952101030408,12478101828812
9952119539408,12478116018419
9952138047408,12478129615324
9952156551408,12478143295143
9952175057408,12478157649145
9952193565408,12478168408252
9952212072408,12478179476652
9952230579408,12478196155203
9952249086408,12478209220828
9952267595408,12478223065503
9952286100408,12478235195399
9952304606408,12478251655374
9952323114408,12478262968119
9952341622408,12478274090318
9952360128408,12478285195203
9952378636408,12478302279396
9952397142408,12478319684021
9952415648408,12478335712495
9952434155408,12478350285148
9952452663408,12478363442713
9952471170408,12478379391373
9952489677408,12478394703738
9952508183408,12478407838645
9952526692408,12478420624767
9952545196408,12478434526643
9952563705408,12478446641000
9952582211408,12478461214629
9952600719408,12478477377995
9952619227408,12478490565755
9952637732408,12478503145497
9952656238408,12478517915616
9952674748408,12478531420859
9952693256408,12478547840308
9952711761408,12478566340276
9952730266408,12478578337609
9952748774408,12478592959941
9952767280408,12478603962676
9952785788408,12478617581276
9952804296408,12478632366939
9952822805408,12478643745497
9952841309408,12478655694172
9952859816408,12478671910361
9952878323408,12478683514354
9952896830408,12478693795156
9952915337408,12478707161317
9952933844408,12478728932784
9952952353408,12478743031869
9952970861408,12478755032385
9952989365408,12478766820110
9953007872408,12478779377578
9953026380408,12478792153337
9953044886408,12478805751029
9953063394408,12478817607247
9953081900408,12478829871825
9953100406408,12478844612265
9953118913408,12478856032313
9953137422408,12478870850558
9953155930408,12478883521582
9953174439408,12478897791727
9953192942408,12478910188918
9953211449408,12478925200617
9953229957408,12478938850408
9953248462408,12478960261333
9953266969408,12478973310197
9953285476408,12478988451042
9953303986408,12479005556971
9953322492408,12479027859400
9953340998408,12479042441264
9953359504408,12479057205383
9953378014408,12479068907200
9953396522408,12479081213082
9953415026408,12479095510911
9953433532408,12479108452436
9953452039408,12479121530423
9953470546408,12479134297257
9953489054408,12479146397854
9953507561408,12479158536459
9953526071408,12479170674911
9953544575408,12479183492325
9953563084408,12479198787537
9953581588408,12479212888574
9953600094408,12479228481308
9953618602408,12479243654147
9953637109408,12479260729559
9953655618408,12479276815224
9953674125408,12479290354072
9953692630408,12479305462747
9953711136408,12479319616045
9953729648408,12479333333632
9953748153408,12479346689670
9953766658408,12479359964346
9953785166408,12479372249514
9953803673408,12479385228137
9953822179408,12479403360009
9953840686408,12479418598367
9953859195408,12479433529072
9953877703408,12479446712949
9953896207408,12479459850477
9953914714408,12479470679161
9953933220408,12479482286218
9953951729408,12479496833291
9953970234408,12479518017498
9953988743408,12479532683501
9954007251408,12479544266947
9954025758408,12479558519080
9954044262408,12479570656904
9954062770408,12479583469254
9954081278408,12479599330522
9954099783408,12479612269931
9954118291408,12479623704126
9954136798408,12479634742745
9954155304408,12479646428810
9954173812408,12479657596682
9954192319408,12479668365743
9954210828408,12479685136652
9954229332408,12479696523887
9954247839408,12479708543528
9954266346408,12479721685936
9954284855408,12479737621743
9954303360408,12479751127677
9954321868408,12479762046669
9954340377408,12479773748931
9954358883408,12479788185875
9954377387408,12479799517446
9954395895408,12479812997351
9954414402408,12479827730189
9954432913408,12479843177602
9954451416408,12479856348869
9954469923408,12479868383089
9954488430408,12479883457364
9954506937408,12479897231963
9954525445408,12479910315463
9954543952408,12479923589446
9954562460408,12479934977249
9954580966408,12479948213772
9954599472408,12479961431369
9954617979408,12479973227170
9954636486408,12479986189747
9954654993408,12479999213849
9954673501408,12480012848125
9954692009408,12480023641868
9954710518408,12480037863417
9954729023408,12480051957745
9954747528408,12480065329211
9954766036408,12480076695374
9954784552408,12480093456987
9954803049408,12480106927757
9954821557408,12480118144954
9954840064408,12480130061988
9954858570408,12480145577669
9954877078408,12480160119070
9954895585408,12480173560647
9954914093408,12480186868033
9954932598408,12480197935620
9954951108408,12480210682242
9954969612408,12480222479391
9954988119408,12480237179261
9955006629408,12480249526919
9955025134408,12480260542134
9955043641408,12480270090163
9955062149408,12480281244254
9955080654408,12480291997752
9955099159408,12480302707942
9955117667408,12480314963576
9955154682408,12480331514297
9955173188408,12480348070477
9955191696408,12480358061104
9955210202408,12480369102722
9955228710408,12480385567116
9955247220408,12480402686499
9955265726408,12480415357680
9955284231408,12480427645019
9955302737408,12480439436977
9955321244408,12480450876284
9955339752408,12480462440213
9955358258408,12480474453681
9955376766408,12480487097373
9955395275408,12480498871833
9955413780408,12480511607477
9955432287408,12480533886245
9955450793408,12480547506985
9955469299408,12480560976833
9955487807408,12480574678662
9955506313408,12480586952372
9955524821408,12480606014678
9955543328408,12480619544312
9955561835408,12480632948555
9955580345408,12480647268890
9955598852408,12480658414136
9955617358408,12480670415467
9955635863408,12480681405039
9955654369408,12480700182052
9955672879408,12480722848978
9955691383408,12480736736726
9955709891408,12480748962851
9955728398408,12480761156970
9955746906408,12480777904849
9955765411408,12480795900879
9955783919408,12480811137812
9955802425408,12480823025269
9955820933408,12480835810543
9955839438408,12480848047770
9955857947408,12480861167611
9955876454408,12480872523428
9955894961408,12480884558196
9955913467408,12480898986549
9955931976408,12480911870030
9955950484408,12480924393557
9955968989408,12480937655678
9955987498408,12480949984426
9956006003408,12480963992961
9956024510408,12480976263279
9956043018408,12480989457613
9956061524408,12481001972834
9956080032408,12481013876405
9956098540408,12481026220862
9956117045408,12481040439915
9956135552408,12481054252822
9956154058408,12481068254254
9956172566408,12481083743087
9956191073408,12481099201631
9956209593408,12481109998122
9956228086408,12481121273043
9956246593408,12481133127776
9956265101408,12481149550907
9956283609408,12481167048945
9956302116408,12481184892009
9956320621408,12481198950770
9956339128408,12481212837214
9956357637408,12481229063432
9956376142408,12481240827192
9956394649408,12481255795128
9956413157408,12481267316790
9956431665408,12481279953313
9956450173408,12481296213161
9956468679408,12481312126885
9956487186408,12481326492001
9956505690408,12481339734586
9956524197408,12481353793126
9956542705408,12481367165662
9956561212408,12481381192821
9956579720408,12481394202487
9956598226408,12481409045037
9956616734408,12481422299071
9956635241408,12481432945557
9956653749408,12481443439832
9956672254408,12481453978932
9956690762408,12481464904936
9956709268408,12481481611710
9956727776408,12481493282743
9956746281408,12481503647998
9956764790408,12481513326825
9956783298408,12481523579112
9956801806408,12481533921123
9956820310408,12481550701269
9956838818408,12481562116776
9956857324408,12481578819423
9956875831408,12481591959326
9956894337408,12481604677364
9956912845408,12481617205077
9956931352408,12481634298094
9956949859408,12481652611025
9956968366408,12481663853305
9956986874408,12481677281215
9957005382408,12481698474911
9957023887408,12481712473112
9957042393408,12481722962517
9957060902408,12481733124417
9957079409408,12481752655364
9957097915408,12481763807294
9957116422408,12481775625355
9957134931408,12481787260637
9957153435408,12481797770971
9957171943408,12481808820553
9957190449408,12481819992405
9957208956408,12481839698389
9957227464408,12481851209215
9957245971408,12481866167440
9957264479408,12481877685031
9957282984408,12481890548926
9957301492408,12481901974187
9957320000408,12481914027769
9957338508408,12481927738338
9957357012408,12481941281144
9957375519408,12481951988484
9957394027408,12481963226288
9957412534408,12481973785314
9957431042408,12481986420780
9957449547408,12481996583775
9957468055408,12482010224780
9957486562408,12482022885915
9957505068408,12482035324672
9957523575408,12482048269410
9957542082408,12482059997538
9957560589408,12482072611648
9957579095408,12482085606620
9957597605408,12482105534857
9957616110408,12482128287658
9957634623408,12482151805560
9957653124408,12482165937340
9957671631408,12482179926442
9957690141408,12482191738322
9957708646408,12482204851547
9957727153408,12482218514995
9957745659408,12482232093596
9957764166408,12482245057360
9957782673408,12482258895405
9957801181408,12482271725079
9957819689408,12482284808286
9957838196408,12482297885795
9957856701408,12482311639600
9957875207408,12482326334847
9957893717408,12482339206133
9957912222408,12482357815724
9957930728408,12482370721243
9957949234408,12482382564649
9957967743408,12482394624590
9957986250408,12482408484297
9958004757408,12482421916555
9958023264408,12482435650749
9958041774408,12482449628838
9958060277408,12482462760609
9958078787408,12482475131426
9958097292408,12482485597607
9958115799408,12482500458486
9958134305408,12482515100613
9958152813408,12482529950733
9958171321408,12482543741124
9958189831408,12482556778013
9958208333408,12482568216884
9958226840408,12482581540993
9958245347408,12482595064998
9958263854408,12482607553858
9958282360408,12482621762395
9958300867408,12482634190346
9958319376408,12482645929955
9958337883408,12482656685101
9958356389408,12482668210384
9958374899408,12482681129007
9958393407408,12482692947125
9958411911408,12482704406648
9958430417408,12482714108779
9958448925408,12482724502002
9958467431408,12482734757707
9958485938408,12482746427571
9958504446408,12482760938442
9958522955408,12482773778544
9958541460408,12482791856755
9958559966408,12482803063294
9958578472408,12482814744904
9958596980408,12482827091583
9958615489408,12482838571596
9958633993408,12482858442460
9958652500408,12482872187886
9958671008408,12482884421960
9958689514408,12482895973081
9958708022408,12482907403530
9958726530408,12482918711320
9958745036408,12482929379276
9958763542408,12482944464344
9958782050408,12482957272578
9958800556408,12482969261963
9958819064408,12482990689567
9958837571408,12483001481848
9958856078408,12483012417072
9958874588408,12483023986953
9958893093408,12483038143014
9958911599408,12483055980738
9958930106408,12483069035571
9958948613408,12483081545410
9958967119408,12483093908081
9958985626408,12483104882478
9959004133408,12483116796676
9959022649408,12483132399041
9959041147408,12483147199493
9959059657408,12483159821612
9959078164408,12483172648556
9959096668408,12483186513072
9959115175408,12483198662825
9959133682408,12483211274132
9959152189408,12483225458809
9959170696408,12483238468814
9959189203408,12483264221685
9959207711408,12483282018244
9959226219408,12483298076410
9959244724408,12483311674558
9959263231408,12483325902437
9959281739408,12483339337573
9959300244408,12483352580454
9959318751408,12483366944598
9959337258408,12483379828425
9959355766408,12483392652995
9959374273408,12483406021818
9959392781408,12483421780872
9959411288408,12483433216435
9959429797408,12483443361863
9959448301408,12483454049053
9959466808408,12483464914907
9959485314408,12483477621587
9959503822408,12483494206084
9959522329408,12483512250362
9959540836408,12483525746864
9959559345408,12483543985492
9959577852408,12483562667738
9959596357408,12483575199916
9959614864408,12483587426054
9959633373408,12483598849992
9959651878408,12483610868952
9959670383408,12483623985002
9959688892408,12483640648522
9959707399408,12483659128898
9959725906408,12483671828291
9959744413408,12483689440350
9959762921408,12483701243353
9959781428408,12483714213557
9959799933408,12483725275994
9959818440408,12483737669524
9959836949408,12483748934313
9959855454408,12483761233271
9959873961408,12483772861014
9959892469408,12483784009760
9959910977408,12483796166071
9959929485408,12483815337655
9959947989408,12483828210826
9959966497408,12483840164070
9959985002408,12483852806617
9960003510408,12483864339545
9960022019408,12483876895332
9960040524408,12483888338717
9960059033408,12483905180794
9960077538408,12483919545689
9960096047408,12483931786882
9960114553408,12483945359842
9960133062408,12483962217224
9960151567408,12483973855855
9960170073408,12483984985358
9960188580408,12483999424292
9960207088408,12484013413811
9960225593408,12484035018310
9960244103408,12484049553764
9960262611408,12484062295956
9960281116408,12484074849729
9960299622408,12484087406248
9960318130408,12484102460660
9960336635408,12484116826589
9960355143408,12484133235421
9960373650408,12484148478907
9960392157408,12484163161591
9960410663408,12484175870325
9960429172408,12484189520098
9960447679408,12484203311829
9960466188408,12484217574577
9960484692408,12484232922866
9960503200408,12484247531587
9960521706408,12484262683166
9960540213408,12484275113447
9960558720408,12484287692062
9960577228408,12484301978547
9960595735408,12484316382598
9960614243408,12484331936829
9960632748408,12484348661690
9960651254408,12484364609970
9960669762408,12484377924604
9960688268408,12484391336233
9960706777408,12484407813071
9960725283408,12484423778878
9960743789408,12484438717226
9960762296408,12484453328833
9960780804408,12484468335653
9960799312408,12484484071866
9960817820408,12484498415273
9960836327408,12484513706889
9960854831408,12484528789326
9960873338408,12484545241926
9960891845408,12484562409370
9960910352408,12484579078136
9960928860408,12484596390262
9960947368408,12484612522123
9960965876408,12484629493464
9960984381408,12484649267006
9961002888408,12484665420852
9961021395408,12484682196983
9961039902408,12484699279458
9961058409408,12484716915356
9961076915408,12484733559799
9961095422408,12484753033733
9961113930408,12484770681328
9961132436408,12484792081443
9961150945408,12484812419351
9961169452408,12484830872001
9961187958408,12484847432531
9961206464408,12484863046269
9961224971408,12484880963613
9961243481408,12484897394356
9961261985408,12484915085481
9961280493408,12484932146102
9961299001408,12484949114992
9961317508408,12484966907509
9961336013408,12484983539533
9961354520408,12485000445463
9961373027408,12485017554488
9961391534408,12485033890329
9961410041408,12485048744155
9961428549408,12485061995959
9961447054408,12485073772328
9961465561408,12485086135214
9961484070408,12485098879069
9961502577408,12485112079703
9961521085408,12485125053949
9961539590408,12485137269528
9961558097408,12485148214828
9961576605408,12485159592829
9961595111408,12485171571146
9961613617408,12485191109561
9961632125408,12485205496497
9961650633408,12485219424166
9961669140408,12485238082268
9961687645408,12485256700661
9961706153408,12485269525401
9961724660408,12485281576500
9961743167408,12485296665975
9961761674408,12485311293355
9961780183408,12485324275035
9961798688408,12485337152545
9961817195408,12485350899751
9961835724408,12485364713532
9961854210408,12485378306576
9961872716408,12485392969097
9961891222408,12485406456105
9961909729408,12485418798004
9961928236408,12485430589915
9961946744408,12485441598969
9961965251408,12485452734603
9961983758408,12485464536044
9962002266408,12485479286648
9962020773408,12485493550007
9962039278408,12485506930816
9962057785408,12485521115672
9962076293408,12485532894050
9962094799408,12485545426292
9962113305408,12485557378440
9962131815408,12485571041229
9962150318408,12485585730608
9962168827408,12485599034402
9962187337408,12485613944311
9962205843408,12485624588468
9962224349408,12485635046059
9962242855408,12485649594611
9962261361408,12485665981858
9962279869408,12485682700398
9962298376408,12485703442498
9962316883408,12485717826120
9962335395408,12485732062675
9962353899408,12485744638859
9962372404408,12485756906129
9962390911408,12485770381948
9962409418408,12485783782384
9962427924408,12485796331753
9962446431408,12485810324298
9962464940408,12485820867189
9962483447408,12485833057555
9962501954408,12485845513522
9962520460408,12485860579634
9962538968408,12485872613315
9962557475408,12485886805895
9962575981408,12485898539299
9962594488408,12485909195141
9962612995408,12485926028751
9962631502408,12485938157772
9962650009408,12485957921013
9962668516408,12485970892496
9962687025408,12485982932511
9962705532408,12485996420567
9962724037408,12486008207942
9962742543408,12486021718567
9962761050408,12486033790913
9962779556408,12486049371111
9962798064408,12486069642076
9962816573408,12486081499627
9962835080408,12486094017236
9962853585408,12486107084038
9962872091408,12486120156244
9962890601408,12486133397002
9962909109408,12486149177719
9962927614408,12486162742995
9962946120408,12486181851959
9962964628408,12486194906126
9962983134408,12486206679080
9963001641408,12486218700238
9963020149408,12486230061937
9963038656408,12486243574706
9963057164408,12486256459116
9963075670408,12486270466982
9963094177408,12486281921919
9963112683408,12486292231228
9963131191408,12486302338585
9963149696408,12486312529998
9963168205408,12486326009702
9963186714408,12486341480724
9963205221408,12486354386470
9963223723408,12486367690136
9963242235408,12486381225118
9963260749408,12486392412440
9963279246408,12486401773970
9963297753408,12486415362582
9963316261408,12486430311699
9963334767408,12486444350872
9963353275408,12486457199994
9963371781408,12486468448639
9963390289408,12486481186297
9963408794408,12486493191600
9963427303408,12486513131517
9963445808408,12486526472750
9963464317408,12486539598249
9963482822408,12486551790293
9963501330408,12486563719372
9963519839408,12486574811018
9963538345408,12486586931454
9963556850408,12486600971645
9963575357408,12486613224025
9963593866408,12486625461935
9963612371408,12486637391864
9963630878408,12486650829102
9963649385408,12486664762429
9963667893408,12486677056448
9963686399408,12486693116598
9963704906408,12486708610263
9963723415408,12486722952659
9963741922408,12486734598987
9963760427408,12486746156787
9963778934408,12486757994639
9963797441408,12486770140438
9963815948408,12486783986125
9963834456408,12486797435507
9963852963408,12486808516532
9963871470408,12486818626503
9963889980408,12486830518784
9963908482408,12486846937299
9963926989408,12486863620202
9963945498408,12486881178793
9963964004408,12486892393749
9963982512408,12486902773803
9964001018408,12486913831024
9964019525408,12486925797720
9964038032408,12486942477032
9964056539408,12486954086433
9964075048408,12486973257962
9964093554408,12486985738577
9964112059408,12486997762242
9964130567408,12487009159935
9964149074408,12487020567306
9964167580408,12487037126468
9964186088408,12487048685994
9964204596408,12487062922846
9964223103408,12487076626371
9964241608408,12487088441378
9964260116408,12487100747099
9964278622408,12487117562537
9964297133408,12487129664076
9964315637408,12487146547423
9964334143408,12487162484205
9964352650408,12487176868190
9964371159408,12487190368720
9964389664408,12487207673623
9964408172408,12487220897476
9964426681408,12487231642752
9964445188408,12487249660554
9964463692408,12487266677691
9964482199408,12487289082988
9964500707408,12487312150172
9964519213408,12487327478970
9964537721408,12487342167204
9964556228408,12487354422555
9964574736408,12487367307721
9964593242408,12487381802760
9964611749408,12487394449282
9964630255408,12487404687312
9964648773408,12487417044629
9964667270408,12487429371807
9964685777408,12487441976400
9964704283408,12487454391474
9964722790408,12487473955601
9964741298408,12487487859714
9964759805408,12487501173682
9964778313408,12487513479200
9964796819408,12487525346550
9964815325408,12487541323150
9964833832408,12487552903941
9964852340408,12487565973189
9964870846408,12487580243327
9964889353408,12487594418533
9964907861408,12487607373361
9964926370408,12487619556970
9964944873408,12487631272900
9964963381408,12487643943290
9964981887408,12487657785028
9965000399408,12487670258147
9965018903408,12487682297128
9965037409408,12487695715819
9965055915408,12487708851742
9965074423408,12487720886005
9965092930408,12487732303978
9965111438408,12487745303208
9965129945408,12487760868148
9965148451408,12487772517870
9965166958408,12487785409695
9965185465408,12487796866787
9965203972408,12487809561436
9965222479408,12487820955835
9965240986408,12487834917789
9965259493408,12487847877828
9965278001408,12487862558720
9965296506408,12487876985508
9965315013408,12487889695449
9965333519408,12487901923751
9965352028408,12487913960064
9965370535408,12487929222855
9965389041408,12487943077643
9965407548408,12487960076527
9965426056408,12487975057550
9965444563408,12487988440828
9965463070408,12488001537043
9965481578408,12488014108365
9965500084408,12488027484096
9965518590408,12488041315130
9965537098408,12488053830121
9965555604408,12488065919868
9965574112408,12488079131128
9965592619408,12488091191327
9965611127408,12488102586013
9965629638408,12488115773357
9965648140408,12488139055108
9965666645408,12488152989842
9965685153408,12488171472319
9965703659408,12488183126072
9965722167408,12488195731194
9965740673408,12488208117866
9965759181408,12488222283732
9965777687408,12488237889033
9965796196408,12488256811949
9965814703408,12488269429386
9965833212408,12488281407745
9965851716408,12488293291670
9965870224408,12488310705368
9965888729408,12488331583047
9965907238408,12488346963081
9965925744408,12488360647962
9965944252408,12488373345210
9965962759408,12488390622316
9965981265408,12488402818634
9965999771408,12488413907297
9966018278408,12488428140542
9966036785408,12488450865219
9966055293408,12488469482030
9966073807408,12488483043153
9966092307408,12488495462715
9966110814408,12488508553102
9966129321408,12488521537122
9966147829408,12488536329009
9966166336408,12488550963431
9966184844408,12488566557325
9966203349408,12488580788436
9966221855408,12488598141906
9966240363408,12488612573111
9966258869408,12488626677143
9966277378408,12488641321066
9966295885408,12488656482185
9966314392408,12488671084088
9966332897408,12488693910838
9966351404408,12488710657852
9966369911408,12488724344219
9966388418408,12488737792185
9966406925408,12488755222533
9966425431408,12488770058345
9966443941408,12488787128936
9966462446408,12488802157669
9966480954408,12488818939344
9966499461408,12488835444820
9966517970408,12488851442583
9966536474408,12488872285470
9966554981408,12488888684539
9966573488408,12488904840887
9966591995408,12488920447744
9966610501408,12488936692733
9966629010408,12488954440998
9966647517408,12488969175455
9966666025408,12488988455381
9966684530408,12489003869998
9966703037408,12489020803947
9966721544408,12489038103199
9966740050408,12489055334554
9966758557408,12489070738328
9966777065408,12489087546884
9966795571408,12489104883416
9966814079408,12489125212231
9966832585408,12489142916740
9966851094408,12489158845904
9966869601408,12489176351951
9966888106408,12489194165399
9966906613408,12489209894088
9966925122408,12489227081862
9966943628408,12489242039317
9966962136408,12489256203153
9966980643408,12489269048514
9966999150408,12489284687822
9967017658408,12489297605966
9967036164408,12489310341637
9967054670408,12489325554096
9967073176408,12489340416147
9967091683408,12489353901614
9967110190408,12489366208653
9967128697408,12489378600360
9967147204408,12489391047068
9967165710408,12489407039434
9967184219408,12489422180408
9967202726408,12489437305446
9967221236408,12489452326753
9967239739408,12489464951035
9967258246408,12489483460903
9967276754408,12489496955681
9967295261408,12489512464898
9967313766408,12489529225186
9967332275408,12489543617848
9967350782408,12489556709812
9967369288408,12489572167154
9967387795408,12489587322204
9967406302408,12489601729501
9967424808408,12489614219874
9967443315408,12489629577554
9967461825408,12489644288671
9967480332408,12489658353171
9967498845408,12489676590336
9967517344408,12489691845359
9967535851408,12489706347000
9967554360408,12489720212525
9967572868408,12489735419343
9967591371408,12489751611014
9967609879408,12489764942490
9967628386408,12489780484752
9967646893408,12489795131738
9967665399408,12489807451284
9967683907408,12489820640317
9967702415408,12489838934992
9967720921408,12489853940311
9967739427408,12489869749843
9967757935408,12489886745726
9967776441408,12489900694015
9967794950408,12489915858594
9967813455408,12489929946338
9967831962408,12489945966098
9967850469408,12489962319768
9967868978408,12489976205012
9967887485408,12489990979387
9967905992408,12490004090366
9967924497408,12490016488841
9967943005408,12490028879182
9967961512408,12490043692064
9967980019408,12490060481422
9967998526408,12490075962645
9968017032408,12490095660078
9968035539408,12490111525554
9968054048408,12490126845479
9968072552408,12490139756596
9968091060408,12490154325936
9968109567408,12490169746149
9968128074408,12490189010560
9968146581408,12490201904013
9968165088408,12490214721951
9968183595408,12490229381582
9968202102408,12490245073002
9968220609408,12490260123412
9968239117408,12490274247394
9968257624408,12490289933012
9968276131408,12490303987798
9968294637408,12490318398497
9968313144408,12490330773885
9968331650408,12490347091430
9968350159408,12490361358345
9968368666408,12490375434555
9968387173408,12490391856952
9968405681408,12490406384114
9968424185408,12490419920939
9968442692408,12490435554964
9968461201408,12490449419100
9968479706408,12490466714107
9968498213408,12490482074198
9968516721408,12490497610693
9968535228408,12490514312750
9968553735408,12490530704927
9968572242408,12490547184735
9968590750408,12490561309817
9968609258408,12490578966614
9968627763408,12490595843712
9968646270408,12490610663586
9968664777408,12490632702188
9968683283408,12490649264870
9968701791408,12490664719017
9968720298408,12490680427659
9968738805408,12490698380643
9968757314408,12490716381267
9968775818408,12490732781114
9968794327408,12490747012226
9968812833408,12490762996339
9968831340408,12490778993850
9968849845408,12490796622949
9968868353408,12490820359285
9968886867408,12490837536119
9968905367408,12490853636831
9968923874408,12490871860124
9968942383408,12490890374063
9968960890408,12490906295176
9968979395408,12490923677814
9968997902408,12490942120185
9969016410408,12490960494188
9969034916408,12490979151119
9969053423408,12490997743096
9969071930408,12491018705278
9969090440408,12491035523143
9969108944408,12491053730643
9969127452408,12491073419423
9969145958408,12491090448397
9969164465408,12491107942402
9969182971408,12491121029474
9969201478408,12491137432326
9969219985408,12491154214207
9969238493408,12491169152026
9969257000408,12491189103860
9969275507408,12491206742104
9969294017408,12491224120711
9969312522408,12491242507865
9969331028408,12491259391394
9969349534408,12491274615906
9969368042408,12491288957741
9969386549408,12491305522855
9969405055408,12491320894016
9969423563408,12491335349100
9969442073408,12491349821478
9969460578408,12491364586300
9969479084408,12491376141024
9969497591408,12491389003990
9969516099408,12491402692696
9969534604408,12491414814925
9969553111408,12491428855883
9969571618408,12491440112142
9969590125408,12491451264149
9969608632408,12491462955968
9969627141408,12491473785931
9969645649408,12491486282025
9969664153408,12491501662950
9969682660408,12491513858209
9969701167408,12491524433599
9969719673408,12491536308586
9969738182408,12491557043992
9969756689408,12491568708317
9969775196408,12491582019527
9969793705408,12491594753714
9969812209408,12491610429836
9969830716408,12491621330501
9969849223408,12491632018708
9969867729408,12491643542469
9969886236408,12491659826751
9969904743408,12491673494915
9969923251408,12491685869224
9969941758408,12491699469604
9969960267408,12491713379196
9969978773408,12491727774996
9969997281408,12491740390119
9970015786408,12491752993981
9970034293408,12491768129737
9970052799408,12491782704660
9970071308408,12491799538223
9970089814408,12491817031954
9970108322408,12491833545524
9970126829408,12491848144470
9970145338408,12491863982504
9970163842408,12491880393761
9970182349408,12491895932876
9970200855408,12491917704048
9970219364408,12491934959085
9970237870408,12491952136478
9970256376408,12491970218006
9970274882408,12491982863321
9970293391408,12491995743460
9970311897408,12492009320972
9970330406408,12492023192878
9970348914408,12492032653148
9970367419408,12492042935553
9970385925408,12492053469722
9970404433408,12492064249515
9970422939408,12492078918478
9970441450408,12492094408574
9970459956408,12492107463571
9970478462408,12492119940580
9970496969408,12492133512758
9970515474408,12492146537921
9970533982408,12492160037885
9970552487408,12492175562035
9970570996408,12492190306408
9970589502408,12492202848297
9970608008408,12492215060855
9970626517408,12492230493746
9970645024408,12492241306724
9970663530408,12492251761039
9970682039408,12492266223282
9970700546408,12492278589118
9970719052408,12492294156453
9970737558408,12492305120416
9970756066408,12492318492075
9970774572408,12492333882981
9970793079408,12492345252981
9970811587408,12492360979678
9970830096408,12492375566492
9970848600408,12492391038587
9970867108408,12492405201824
9970885613408,12492417771271
9970904121408,12492430438742
9970922627408,12492443874426
9970941135408,12492458782022
9970959643408,12492472958802
9970978148408,12492486209004
9970996655408,12492499607656
9971015164408,12492515043779
9971033670408,12492526398351
9971052176408,12492537771728
9971070684408,12492554039913
9971089192408,12492570419544
9971107698408,12492584393480
9971126205408,12492596338602
9971144712408,12492610209093
9971163219408,12492622272391
9971181726408,12492638387813
9971200232408,12492650801955
9971218739408,12492663930840
9971237248408,12492679993108
9971255753408,12492692142447
9971274262408,12492703861615
9971292768408,12492719948371
9971311274408,12492731938627
9971329780408,12492746768344
9971348288408,12492761704402
9971366796408,12492774876509
9971385305408,12492788449527
9971403808408,12492801907275
9971422317408,12492817519179
9971440823408,12492830066805
9971459330408,12492842154823
9971477838408,12492853880181
9971496345408,12492870098249
9971514852408,12492882858107
9971533360408,12492895688189
9971551865408,12492908245426
9971570373408,12492921809100
9971588878408,12492935787107
9971607386408,12492948770109
9971625892408,12492963308088
9971644403408,12492976604847
9971662907408,12492995322953
9971681413408,12493008967897
9971699927408,12493021262530
9971718430408,12493037422764
9971736937408,12493050219203
9971755443408,12493063953080
9971773949408,12493075121761
9971792457408,12493088593601
9971810962408,12493102477168
9971829470408,12493113783509
9971847976408,12493128743287
9971866486408,12493143879702
9971884993408,12493159176011
9971903497408,12493173086416
9971922006408,12493187142241
9971940511408,12493202366862
9971959019408,12493216296129
9971977528408,12493230152633
9971996033408,12493244369671
9972014540408,12493255505463
9972033046408,12493271783099
9972051555408,12493282996250
9972070063408,12493294152520
9972088569408,12493304663083
9972107074408,12493319784372
9972125580408,12493333652220
9972144088408,12493348237448
9972162595408,12493361487709
9972181103408,12493377238353
9972199609408,12493389919232
9972218117408,12493401686338
9972236623408,12493415788038
9972255134408,12493430339523
9972273637408,12493445424313
9972292144408,12493457437049
9972310651408,12493471318434
9972329158408,12493483487166
9972347665408,12493497735239
9972366172408,12493512287312
9972384679408,12493526034448
9972403187408,12493542954325
9972421694408,12493562463495
9972440202408,12493575214830
9972458708408,12493587414158
9972477214408,12493601231201
9972495721408,12493614822507
9972514228408,12493628036965
9972532733408,12493641468176
9972551243408,12493655675110
9972569750408,12493669440550
9972588255408,12493682525829
9972606763408,12493698299102
9972625270408,12493714466148
9972643776408,12493726948168
9972662284408,12493739301963
9972680791408,12493753772945
9972699299408,12493767405082
9972717807408,12493782027745
9972736312408,12493795403792
9972754819408,12493813518998
9972773327408,12493828148812
9972791834408,12493844259458
9972810340408,12493864483044
9972828847408,12493881632580
9972847354408,12493900478229
9972865860408,12493916020045
9972884368408,12493931482951
9972902875408,12493946847522
9972921383408,12493959190837
9972939888408,12493981732831
9972958395408,12493995413865
9972976901408,12494008548862
9972995409408,12494022644676
9973013916408,12494042470321
9973032424408,12494056992222
9973050932408,12494074858357
9973069438408,12494093329348
9973087942408,12494110076977
9973106452408,12494123338387
9973124966408,12494136725875
9973143465408,12494154543433
9973161972408,12494171663046
9973180480408,12494185803454
9973198985408,12494198403408
9973217493408,12494210839613
9973236002408,12494225185246
9973254508408,12494242346020
9973273016408,12494260802826
9973291520408,12494275669852
9973310028408,12494288993837
9973328534408,12494302924176
9973347042408,12494316465253
9973365548408,12494327526331
9973384056408,12494338445903
9973402565408,12494352032670
9973421069408,12494366777179
9973439575408,12494381694437
9973458085408,12494393739109
9973476592408,12494405890440
9973495098408,12494416863414
9973513605408,12494433629977
9973532111408,12494447963245
9973550619408,12494462241464
9973569126408,12494475191883
9973587632408,12494491188936
9973606141408,12494502817986
9973624650408,12494514648762
9973643153408,12494527157815
9973661659408,12494542973867
9973680168408,12494556672978
9973698674408,12494568891734
9973717181408,12494580852708
9973735690408,12494593701690
9973754198408,12494604332117
9973772701408,12494616199327
9973791209408,12494628274446
9973809717408,12494639981850
9973828225408,12494655953774
9973846729408,12494668891753
9973865239408,12494682040866
9973883744408,12494694495044
9973902251408,12494705333758
9973920757408,12494717717962
9973939267408,12494733732183
9973957773408,12494744799603
9973976280408,12494758867959
9973994786408,12494775691517
9974013293408,12494786952764
9974031799408,12494803487327
9974050308408,12494820396229
9974068814408,12494835046579
9974087323408,12494848406347
9974105829408,12494863617645
9974124334408,12494876204935
9974142841408,12494888960703
9974161350408,12494902333948
9974179857408,12494918854873
9974198363408,12494934106768
9974216870408,12494952637999
9974235377408,12494965631222
9974253884408,12494979371607
9974272391408,12494993894511
9974290899408,12495007909116
9974309407408,12495023483515
9974327911408,12495038173294
9974346419408,12495055464076
9974364924408,12495067667789
9974383434408,12495082586617
9974401940408,12495096105257
9974420447408,12495111353082
9974438954408,12495127805496
9974457463408,12495144973312
9974475966408,12495158025838
9974494478408,12495170914214
9974512988408,12495189082058
9974531499408,12495208201392
9974550001408,12495242299346
9974568503408,12495269714267
9974587009408,12495284328972
9974605516408,12495299563742
9974624024408,12495316956667
9974642533408,12495329614359
9974661039408,12495342810111
9974679545408,12495359731870
9974698051408,12495376738261
9974716558408,12495392069770
9974735065408,12495408430749
9974753572408,12495431606218
9974772079408,12495458920494
9974790587408,12495487108425
9974809095408,12495513851487
9974827599408,12495532282685
9974846107408,12495545456041
9974864617408,12495559356637
9974883121408,12495581266569
9974901627408,12495597838633
9974920136408,12495616453921
9974938641408,12495646867746
9974957149408,12495666500421
9974975656408,12495683841380
9974994164408,12495699168636
9975012673408,12495718812819
9975031178408,12495739158285
9975049683408,12495762760309
9975068191408,12495781395312
9975086698408,12495795548645
9975105204408,12495806964644
9975123711408,12495818811149
9975142221408,12495836132181
9975160725408,12495851035521
9975179232408,12495867583235
9975197739408,12495883937078
9975216248408,12495903233901
9975234754408,12495921570909
9975253260408,12495938104104
9975271767408,12495952106759
9975290274408,12495967913447
9975308781408,12495982811334
9975327289408,12496018416857
9975345796408,12496049645978
9975364303408,12496063363569
9975382809408,12496074833348
9975401316408,12496093423535
9975419823408,12496114969988
9975438332408,12496134675457
9975456836408,12496155397615
9975475344408,12496169696522
9975493853408,12496182346416
9975512357408,12496197704178
9975530865408,12496210569396
9975549371408,12496222369186
9975567881408,12496238092888
9975586386408,12496252637259
9975604894408,12496269589534
9975623400408,12496285554789
9975641907408,12496299027816
9975660414408,12496313578302
9975678921408,12496339599908
9975697431408,12496365826354
9975715935408,12496389226028
9975734442408,12496400966814
9975752949408,12496411449954
9975771458408,12496422150601
9975789962408,12496432788132
9975808470408,12496443541920
9975826977408,12496454129025
9975845486408,12496464918539
9975863990408,12496475711100
9975882496408,12496486654647
9975901004408,12496499031550
9975919512408,12496511886349
9975938023408,12496524422986
9975956525408,12496541569802
9975975032408,12496553147680
9975993539408,12496565789734
9976012046408,12496582813347
9976030555408,12496598356014
9976049062408,12496616627481
9976067567408,12496641879533
9976086075408,12496674417971
9976104582408,12496698274965
9976123088408,12496716889762
9976141595408,12496733991806
9976160103408,12496747885719
9976178610408,12496758142583
9976197119408,12496768466905
9976215623408,12496779583196
9976234130408,12496790069454
9976252636408,12496800489583
9976271144408,12496816218106
9976289651408,12496828914716
9976308159408,12496839710289
9976326665408,12496850507608
9976345173408,12496861201706
9976363680408,12496871966458
9976382187408,12496885426723
9976400695408,12496898609567
9976419200408,12496912964457
9976437707408,12496925403311
9976456215408,12496937746263
9976474720408,12496954192798
9976493228408,12496966643866
9976511736408,12496978925032
9976530244408,12496995587096
9976548751408,12497006793991
9976567257408,12497018452479
9976585763408,12497040332349
9976604269408,12497057808639
9976622775408,12497069225925
9976641284408,12497081903809
9976659790408,12497097815538
9976678298408,12497108924464
9976696804408,12497119878331
9976715311408,12497131377745
9976733820408,12497142393357
9976752328408,12497153137918
9976770831408,12497169178577
9976789340408,12497182659311
9976807846408,12497195815572
9976826353408,12497210933292
9976844860408,12497223650999
9976863369408,12497244913136
9976881876408,12497256848788
9976900381408,12497271110177
9976918889408,12497282885225
9976937395408,12497295197860
9976955901408,12497306822752
9976974409408,12497317950391
9976992915408,12497329416611
9977011423408,12497345951101
9977029930408,12497359453222
9977048437408,12497373308945
9977066945408,12497385822886
9977085452408,12497397402649
9977103958408,12497413600079
9977122466408,12497430675978
9977140971408,12497443288695
9977159483408,12497456863286
9977177987408,12497472384527
9977196494408,12497486604333
9977215000408,12497499925291
9977233509408,12497513536677
9977252014408,12497525591342
9977270521408,12497537890766
9977289027408,12497552090733
9977307534408,12497563355726
9977326053408,12497574603618
9977344550408,12497587855735
9977363067408,12497600880767
9977381563408,12497612026339
9977400070408,12497625619411
9977418578408,12497637378295
9977437086408,12497650889673
9977455591408,12497666205890
9977474098408,12497678168240
9977492605408,12497690315972
9977511113408,12497703663874
9977529619408,12497714813372
9977548126408,12497726731209
9977566633408,12497738475928
9977585141408,12497750760237
9977603646408,12497762578036
9977622153408,12497778783497
9977640659408,12497790238837
9977659168408,12497801983451
9977677673408,12497818132962
9977696182408,12497829684308
9977714687408,12497841199422
9977733196408,12497853429992
9977751702408,12497865928064
9977770210408,12497877327741
9977788719408,12497895041404
9977807222408,12497908506515
9977825730408,12497923986650
9977844239408,12497944729081
9977862744408,12497965210255
9977881251408,12497978209728
9977899759408,12497990835411
9977918267408,12498004326808
9977936773408,12498017567716
9977955280408,12498029557213
9977973786408,12498041909759
9977992292408,12498058463906
9978010799408,12498071478319
9978029308408,12498083270147
9978047814408,12498094921340
9978066321408,12498110764327
9978084828408,12498123714769
9978103336408,12498136102165
9978121843408,12498148201798
9978140351408,12498160493378
9978158856408,12498177388989
9978177363408,12498189360847
9978195869408,12498202177287
9978214376408,12498215412210
9978232884408,12498232520640
9978251392408,12498244660512
9978269899408,12498257735039
9978288405408,12498274029495
9978306911408,12498287561542
9978325419408,12498304204505
9978343926408,12498319091175
9978362433408,12498333678892
9978380938408,12498347929804
9978399447408,12498360478846
9978417952408,12498372303305
9978436461408,12498385356217
9978454968408,12498401124626
9978473476408,12498412871596
9978491985408,12498429314876
9978510488408,12498443400987
9978528995408,12498457553566
9978547503408,12498470433122
9978566010408,12498482928774
9978584517408,12498499853458
9978603024408,12498515259894
9978621532408,12498528680257
9978640037408,12498541921277
9978658544408,12498557787069
9978677051408,12498570810603
9978695558408,12498583565769
9978714064408,12498598983232
9978732571408,12498614676633
9978751086408,12498628332096
9978769586408,12498639577771
9978788099408,12498651236207
9978806601408,12498661185856
9978825109408,12498671627166
9978862120408,12498682309741
9978880628408,12498693129840
9978899134408,12498703703318
9978917641408,12498714446195
9978936149408,12498725304704
9978954656408,12498736191684
9978973165408,12498747034266
9978991670408,12498757751424
9979010177408,12498768715370
9979028685408,12498779549262
9979047189408,12498791467745
9979065696408,12498802309316
9979121218408,12498813152705
9979139725408,12498824744825
9979158234408,12498837425069
9979176740408,12498848515414
9979195245408,12498865983561
9979213752408,12498882034021
9979232260408,12498894437884
9979250768408,12498906779219
9979269273408,12498921049383
9979287780408,12498939099337
9979306288408,12498950734160
9979324796408,12498963702650
9979343301408,12498984612728
9979361808408,12499005159561
9979380315408,12499025892598
9979398822408,12499050672359
9979417329408,12499073387800
9979435837408,12499096023993
9979454343408,12499117743367
9979472849408,12499137264136
9979491357408,12499152947307
9979509864408,12499168967754
9979528373408,12499186803680
9979546877408,12499203731250
9979565385408,12499221860358
9979583893408,12499238614997
9979602400408,12499255642490
9979620905408,12499270736805
9979639414408,12499287034245
9979657921408,12499301743825
9979676429408,12499320314765
9979694934408,12499336558522
9979713442408,12499352937960
9979731949408,12499367332477
9979750455408,12499382663594
9979768960408,12499397940284
9979787468408,12499414745353
9979805975408,12499431801913
9979824482408,12499447664699
9979842989408,12499459987933
9979861498408,12499470934372
9979880005408,12499487665678
9979898510408,12499500153406
9979917017408,12499510948633
9979935524408,12499523445914
9979954031408,12499537956833
9979972539408,12499548971025
9979991045408,12499559789067
9980009554408,12499569593445
9980028059408,12499581727064
9980046566408,12499592229314
9980065073408,12499603493818
9980083581408,12499614977884
9980102086408,12499626598866
9980120594408,12499642756143
9980139100408,12499654243886
9980157608408,12499666565086
9980176115408,12499680514572
9980194623408,12499696601750
9980213132408,12499710534037
9980231637408,12499722256060
9980250144408,12499733531121
9980268650408,12499747829576
9980287157408,12499759850509
9980305664408,12499776023492
9980324171408,12499790737204
9980342679408,12499807492962
9980361187408,12499820784990
9980379691408,12499833538344
9980398199408,12499847370789
9980416705408,12499860846302
9980435214408,12499873809001
9980453718408,12499891597573
9980472226408,12499904764854
9980490732408,12499920344507
9980509241408,12499933167273
9980527750408,12499944976519
9980546256408,12499960315093
9980564765408,12499972626682
9980583270408,12499985327458
9980601775408,12500001546155
9980620282408,12500015693630
9980638789408,12500027928552
9980657296408,12500041700415
9980675803408,12500057158222
9980694312408,12500069822952
9980712819408,12500086363789
9980731324408,12500101459955
9980749831408,12500116707229
9980768339408,12500131066614
9980786845408,12500146479957
9980805352408,12500159622316
9980823858408,12500173792792
9980842365408,12500190796517
9980860874408,12500208433683
9980879380408,12500221177009
9980897888408,12500235700951
9980916397408,12500248645101
9980934901408,12500262374377
9980953408408,12500277642941
9980971914408,12500294258658
9980990422408,12500309699266
9981008928408,12500323933688
9981027437408,12500339513902
9981045945408,12500364873382
9981064452408,12500383393694
9981082957408,12500401452915
9981101465408,12500421865971
9981119971408,12500435535313
9981138477408,12500446442958
9981156985408,12500459389080
9981175491408,12500470963667
9981193997408,12500484303383
9981212506408,12500500554006
9981231012408,12500518622078
9981249521408,12500534895920
9981268030408,12500550850523
9981286533408,12500566629873
9981305040408,12500583906491
9981323547408,12500603359941
9981342055408,12500620886502
9981360562408,12500637423249
9981379070408,12500655127138
9981397577408,12500671351823
9981416082408,12500684412708
9981434590408,12500700267378
9981453096408,12500718689215
9981471603408,12500732695016
9981490109408,12500750556132
9981508617408,12500770094790
9981527123408,12500788978810
9981545631408,12500810825987
9981564143408,12500824199644
9981582646408,12500842811402
9981601154408,12500872964632
9981619662408,12500908677945
9981638166408,12500927625118
9981656674408,12500945216547
9981675180408,12500962555739
9981693687408,12500980859951
9981712194408,12500995121040
9981730703408,12501015092645
9981749211408,12501035078206
9981767716408,12501054312865
9981786222408,12501071528437
9981804728408,12501090339163
9981823236408,12501108920924
9981841742408,12501126681147
9981860250408,12501143200024
9981878756408,12501162819627
9981897263408,12501182544419
9981915770408,12501201022359
9981934280408,12501218304080
9981952787408,12501233919849
9981971294408,12501249137037
9981989798408,12501264475962
9982008306408,12501281478116
9982026812408,12501298237500
9982045320408,12501312392375
9982063826408,12501329071521
9982082335408,12501346486965
9982100844408,12501361111108
9982119347408,12501376818367
9982137854408,12501392284764
9982156362408,12501406990314
9982174868408,12501421247613
9982193375408,12501436734333
9982211883408,12501451682681
9982230389408,12501465302328
9982248895408,12501480370758
9982267404408,12501495372776
9982304420408,12501512824952
9982322924408,12501528518193
9982341431408,12501541590846
9982359937408,12501556682417
9982378445408,12501568980345
9982396952408,12501580976434
9982415459408,12501596991198
9982433968408,12501611128802
9982452475408,12501624926257
9982470979408,12501640579354
9982489487408,12501657966213
9982507993408,12501672593065
9982526501408,12501687119814
9982545008408,12501700728206
9982563515408,12501714302825
9982582020408,12501731439812
9982600529408,12501746694625
9982619036408,12501769603181
9982637546408,12501785957656
9982656051408,12501800973433
9982674557408,12501817965285
9982693064408,12501837318070
9982711572408,12501852982131
9982730077408,12501867530150
9982748586408,12501881371038
9982767092408,12501897401139
9982785600408,12501910518530
9982804109408,12501928779481
9982822612408,12501944307367
9982841119408,12501959444324
9982859627408,12501972957569
9982878133408,12501986428080
9982896641408,12502001883122
9982915148408,12502016224916
9982933654408,12502033293391
9982952160408,12502052231726
9982970669408,12502070283249
9982989181408,12502087577439
9983007684408,12502101079282
9983026189408,12502114682306
9983044697408,12502128188151
9983063203408,12502143147046
9983081710408,12502156603205
9983100218408,12502172440525
9983118725408,12502187117923
9983137233408,12502201284556
9983155738408,12502216653788
9983174245408,12502232036245
9983192752408,12502247917707
9983211259408,12502262955377
9983229765408,12502279123169
9983248274408,12502296718122
9983266781408,12502312668744
9983285286408,12502329212399
9983303793408,12502346553793
9983322301408,12502363543258
9983340809408,12502380253544
9983359315408,12502399058808
9983377823408,12502414703117
9983396329408,12502430332816
9983414835408,12502445106074
9983433344408,12502464322606
9983451849408,12502483415187
9983470358408,12502502681050
9983488865408,12502519467373
9983507371408,12502533417072
9983525877408,12502548157800
9983544385408,12502567154525
9983562892408,12502585360337
9983581400408,12502604721217
9983599906408,12502622769613
9983618414408,12502638502187
9983636919408,12502654613188
9983655426408,12502668026077
9983673934408,12502683799994
9983692443408,12502699698332
9983710947408,12502716863551
9983729455408,12502733857607
9983747963408,12502750132889
9983766469408,12502765762766
9983784976408,12502779048859
9983803487408,12502797087619
9983821990408,12502810037950
9983840500408,12502826281228
9983859002408,12502842858689
9983877510408,12502859675347
9983896016408,12502876307879
9983914524408,12502889860419
9983933031408,12502905432478
9983951540408,12502918127720
9983970047408,12502938639310
9983988552408,12502952946426
9984007058408,12502966815232
9984025568408,12502979828238
9984044075408,12502995879788
9984062580408,12503011520950
9984081087408,12503024496184
9984099595408,12503042493204
9984155115408,12503059454088
9984173623408,12503074503967
9984192132408,12503090437946
9984210635408,12503106255356
9984229142408,12503120885400
9984247649408,12503136611316
9984266156408,12503151246721
9984284664408,12503166573332
9984303170408,12503180390656
9984321679408,12503193721735
9984340185408,12503207641487
9984358691408,12503225824392
9984377204408,12503242183558
9984395709408,12503261785469
9984414212408,12503281634598
9984432721408,12503298501560
9984451226408,12503316531880
9984469733408,12503331805405
9984488240408,12503349472753
9984506749408,12503364899681
9984525256408,12503383602899
9984543761408,12503399488864
9984562269408,12503414812002
9984580775408,12503429422922
9984599282408,12503446210490
9984617790408,12503461378199
9984636296408,12503475651815
9984654803408,12503492091648
9984673312408,12503507682688
9984691816408,12503523521516
9984710323408,12503543866112
9984728833408,12503558791443
9984747340408,12503573413750
9984765845408,12503588297100
9984784352408,12503608208140
9984802859408,12503624058681
9984821366408,12503642538271
9984839872408,12503666339154
9984858380408,12503693355567
9984876888408,12503717141470
9984895393408,12503740992246
9984913900408,12503755047776
9984932407408,12503768272541
9984950914408,12503779154511
9984969422408,12503797596603
9984987928408,12503809836795
9985006436408,12503834034261
9985024944408,12503862722307
9985043449408,12503876379505
9985061955408,12503887990420
9985080466408,12503899559335
9985098970408,12503916240128
9985117478408,12503928696104
9985135984408,12503940730680
9985154491408,12503959381150
9985172997408,12503974213350
9985191505408,12503986769107
9985210013408,12504000764002
9985228521408,12504013330080
9985247025408,12504025025784
9985265533408,12504037314145
9985284041408,12504048641126
9985302547408,12504061363259
9985321053408,12504073606587
9985339561408,12504088470361
9985358069408,12504101223160
9985376577408,12504113470825
9985395081408,12504125898152
9985413588408,12504137043209
9985432097408,12504152420288
9985450604408,12504163599338
9985469109408,12504178330783
9985487616408,12504191442472
9985506123408,12504203755963
9985524631408,12504215653566
9985543137408,12504227862119
9985561646408,12504244387176
9985580154408,12504259534254
9985598658408,12504275386532
9985617166408,12504289776442
9985635673408,12504305365387
9985654179408,12504319324284
9985672687408,12504330725026
9985691193408,12504342990045
9985709702408,12504354493028
9985728209408,12504365226975
9985746714408,12504377394722
9985765220408,12504399256826
9985783732408,12504420262992
9985802237408,12504438950809
9985820742408,12504451939554
9985839249408,12504465542721
9985857756408,12504484567850
9985876263408,12504498171878
9985894771408,12504511932675
9985913279408,12504526019593
9985931787408,12504540195334
9985950292408,12504556440274
9985968800408,12504569642695
9985987305408,12504582534994
9986005812408,12504593627974
9986024319408,12504610187476
9986042827408,12504622057222
9986061336408,12504632534673
9986079839408,12504642873901
9986098347408,12504653451341
9986116854408,12504665038175
9986135363408,12504676532281
9986153868408,12504688390171
9986172375408,12504699322986
9986190881408,12504713326500
9986209389408,12504727685326
9986227897408,12504738744962
9986246404408,12504749657273
9986264911408,12504765929155
9986283418408,12504783191351
9986301924408,12504794773921
9986320430408,12504811486202
9986338937408,12504826415677
9986357444408,12504842248975
9986375951408,12504857485205
9986394460408,12504878554113
9986412967408,12504894189416
9986431472408,12504909215952
9986449980408,12504924547866
9986468486408,12504941920706
9986486992408,12504957148938
9986505501408,12504969756565
9986524007408,12504983035651
9986542514408,12504999173812
9986561021408,12505011621112
9986579529408,12505022630084
9986598037408,12505039479958
9986616546408,12505053873006
9986635050408,12505068587616
9986653556408,12505088650141
9986672063408,12505102718654
9986690570408,12505118939888
9986709076408,12505133550747
9986727584408,12505149707276
9986746093408,12505165610092
9986764600408,12505182889278
9986783105408,12505197382573
9986801611408,12505209758542
9986820117408,12505223808128
9986838625408,12505235478397
9986857133408,12505252084451
9986875640408,12505265398294
9986894147408,12505278020152
9986912654408,12505295656354
9986931161408,12505309825553
9986949669408,12505325110147
9986968177408,12505337252449
9986986681408,12505350257389
9987005188408,12505366339608
9987023695408,12505384629932
9987042202408,12505395804495
9987060709408,12505412375209
9987079217408,12505425308728
9987097726408,12505438833248
9987116234408,12505454568680
9987134738408,12505467021066
9987153244408,12505480036459
9987171751408,12505497728180
9987190264408,12505512734118
9987208765408,12505524414621
9987227272408,12505535160502
9987245780408,12505551922571
9987264286408,12505564846361
9987282795408,12505576984287
9987301302408,12505589421580
9987319810408,12505600366548
9987338314408,12505616985630
9987356821408,12505631163662
9987375328408,12505643320321
9987393835408,12505659833302
9987412343408,12505671290277
9987430851408,12505685678129
9987449358408,12505698518622
9987467866408,12505711274493
9987486370408,12505727338032
9987504876408,12505744107629
9987523384408,12505757831734
9987541891408,12505773131559
9987560398408,12505784189880
9987578905408,12505800996384
9987597413408,12505813257940
9987615919408,12505825462870
9987634428408,12505837413910
9987652934408,12505854402349
9987671442408,12505868272872
9987689948408,12505882592182
9987708455408,12505897939734
9987726960408,12505909823567
9987745468408,12505922303690
9987763975408,12505938233700
9987782484408,12505950510502
9987800991408,12505962054893
9987819496408,12505978676980
9987838003408,12505990512826
9987856511408,12506005793875
9987875017408,12506016676428
9987893524408,12506033134769
9987912031408,12506047054925
9987930538408,12506058560391
9987949046408,12506069525716
9987967552408,12506081614620
9987986059408,12506092332314
9988004568408,12506108963505
9988023072408,12506122047680
9988041580408,12506144085169
9988060087408,12506159824088
9988078595408,12506172739109
9988097100408,12506183805791
9988115609408,12506196043640
9988134116408,12506206719943
9988152624408,12506219667400
9988171129408,12506234088845
9988189636408,12506249094860
9988208142408,12506264379690
9988226649408,12506275086804
9988245156408,12506285810132
9988263663408,12506296484922
9988282172408,12506309317924
9988300678408,12506321277879
9988319184408,12506333126244
9988337692408,12506354783935
9988356200408,12506367764072
9988374707408,12506383882139
9988393211408,12506398539357
9988411720408,12506410531717
9988430226408,12506426838202
9988448734408,12506438538915
9988467242408,12506451939567
9988485749408,12506462194231
9988504257408,12506474650696
9988522761408,12506491474219
9988541268408,12506504490551
9988559775408,12506517409079
9988578281408,12506533128793
9988596790408,12506545400606
9988615300408,12506557422145
9988633805408,12506573552039
9988652309408,12506585971328
9988670818408,12506602230138
9988689325408,12506615457409
9988707834408,12506629176636
9988726337408,12506640512968
9988744845408,12506651339810
9988763352408,12506668029966
9988781858408,12506679300069
9988800366408,12506692411988
9988818873408,12506703516909
9988837381408,12506716311750
9988855889408,12506729097087
9988874394408,12506741060571
9988892900408,12506751968543
9988911407408,12506762909830
9988929913408,12506777655526
9988948421408,12506791397317
9988966928408,12506807448226
9988985435408,12506820160279
9989003942408,12506831933981
9989022451408,12506844910097
9989040958408,12506856693271
9989059466408,12506870917356
9989077970408,12506885843061
9989096477408,12506899595000
9989114984408,12506912726534
9989133491408,12506924427612
9989151997408,12506941042028
9989170506408,12506954382221
9989189013408,12506969228648
9989207519408,12506980791552
